{"type":"FeatureCollection","name":"PC_FVG","features":[{"type":"Feature","geometry":{"type":"Point","coordinates":[12.808347,46.142589]},"properties":{"scode":"FVG5","name":"Arba","variables":["CDD","DVENTO","ET0","GDD","HDD","LIVIDRO","PREC","PREC24","PREC48","PRESS","QSPEC","RADSOL","TAPP","TDEW","TEMP","UMID","UWND","VPD","VVENTO","VVENTOMAX","VWND"],"latest":{"CDD":0.0,"DVENTO":334.0,"ET0":1.07,"GDD":2.3,"HDD":5.7,"LIVIDRO":3.51,"PREC":0.0,"PREC24":0.0,"PREC48":0.0,"PRESS":1003.5,"QSPEC":5.68,"RADSOL":4.5,"TAPP":9.8,"TDEW":5.7,"TEMP":11.6,"UMID":67.0,"UWND":0.53,"VPD":0.451,"VVENTO":1.2,"VVENTOMAX":2.8,"VWND":-1.08},"latest_time":"2026-10-04T05:15","series":"series/FVG5.csv"}},{"type":"Feature","geometry":{"type":"Point","coordinates":[12.563615,46.192811]},"properties":{"scode":"FVG10","name":"Barcis","variables":["CDD","DVENTO","ET0","GDD","HDD","PREC","PREC24","PREC48","RADSOL","TAPP","TDEW","TEMP","UMID","UWND","VPD","VVENTO","VVENTOMAX","VWND"],"latest":{"CDD":0.0,"DVENTO":177.8,"ET0":0.42,"GDD":0.0,"HDD":13.0,"PREC":0.0,"PREC24":0.0,"PREC48":0.0,"RADSOL":2.54666666666667,"TAPP":2.8,"TDEW":3.8,"TEMP":4.29333333333333,"UMID":96.7866666666667,"UWND":-0.01,"VPD":0.027,"VVENTO":0.266666666666667,"VVENTOMAX":0.5,"VWND":0.27},"latest_time":"2026-10-04T05:15","series":"series/FVG10.csv"}},{"type":"Feature","geometry":{"type":"Point","coordinates":[12.563928,46.256859]},"properties":{"scode":"FVG21","name":"Casera Pradut","variables":["CDD","DVENTO","ET0","GDD","HDD","LIVNEVE","PREC","PREC24","PREC48","TAPP","TDEW","TEMP","UMID","UWND","VPD","VVENTO","VVENTOMAX","VWND"],"latest":{"CDD":0.0,"DVENTO":203.0,"ET0":0.5,"GDD":1.3,"HDD":6.6,"LIVNEVE":2.0,"PREC":0.0,"PREC24":0.0,"PREC48":0.0,"TAPP":8.3,"TDEW":-3.7,"TEMP":11.4,"UMID":34.5,"UWND":0.35,"VPD":0.883,"VVENTO":0.9,"VVENTOMAX":1.1,"VWND":0.83},"latest_time":"2026-10-04T05:15","series":"series/FVG21.csv"}},{"type":"Feature","geometry":{"type":"Point","coordinates":[12.983371,46.557692]},"properties":{"scode":"FVG22","name":"Casera Zoufplan bassa","variables":["CDD","DVENTO","ET0","GDD","HDD","LIVNEVE","PREC","PREC24","PREC48","TAPP","TDEW","TEMP","UMID","UWND","VPD","VVENTO","VVENTOMAX","VWND"],"latest":{"CDD":0.0,"DVENTO":308.0,"ET0":0.65,"GDD":1.2,"HDD":6.9,"LIVNEVE":2.0,"PREC":0.0,"PREC24":0.0,"PREC48":0.0,"TAPP":7.1,"TDEW":-4.5,"TEMP":10.8,"UMID":34.0,"UWND":1.34,"VPD":0.855,"VVENTO":1.7,"VVENTOMAX":2.8,"VWND":-1.05},"latest_time":"2026-10-04T05:15","series":"series/FVG22.csv"}},{"type":"Feature","geometry":{"type":"Point","coordinates":[13.168694,46.567936]},"properties":{"scode":"FVG23","name":"Cason di Lanza","variables":["CDD","DVENTO","ET0","GDD","HDD","LIVNEVE","PREC","PREC24","PREC48","TAPP","TDEW","TEMP","UMID","UWND","VPD","VVENTO","VVENTOMAX","VWND"],"latest":{"CDD":0.0,"DVENTO":91.0,"ET0":0.4,"GDD":0.0,"HDD":12.1,"LIVNEVE":1.0,"PREC":0.0,"PREC24":0.0,"PREC48":0.0,"TAPP":3.2,"TDEW":-3.0,"TEMP":5.6,"UMID":53.8,"UWND":-0.0,"VPD":0.42,"VVENTO":0.0,"VVENTOMAX":0.6,"VWND":0.0},"latest_time":"2026-10-04T05:15","series":"series/FVG23.csv"}},{"type":"Feature","geometry":{"type":"Point","coordinates":[12.795091,46.225803]},"properties":{"scode":"FVG33","name":"Cilia","variables":["CDD","DVENTO","ET0","GDD","HDD","PREC","PREC24","PREC48","TAPP","TDEW","TEMP","UMID","UWND","VPD","VVENTO","VVENTOMAX","VWND"],"latest":{"CDD":0.0,"DVENTO":7.0,"ET0":0.61,"GDD":3.6,"HDD":4.5,"PREC":0.0,"PREC24":0.0,"PREC48":0.0,"TAPP":11.4,"TDEW":4.2,"TEMP":13.2,"UMID":54.3,"UWND":-0.09,"VPD":0.693,"VVENTO":0.7,"VVENTOMAX":1.0,"VWND":-0.69},"latest_time":"2026-10-04T05:15","series":"series/FVG33.csv"}},{"type":"Feature","geometry":{"type":"Point","coordinates":[13.41823,46.096666]},"properties":{"scode":"FVG36","name":"Cividale T. P.","variables":["CDD","DVENTO","ET0","GDD","HDD","PREC","PREC24","PREC48","PRESS","QSPEC","RADSOL","TAPP","TDEW","TEMP","UMID","UWND","VPD","VVENTO","VVENTOMAX","VWND"],"latest":{"CDD":0.0,"DVENTO":79.0,"ET0":1.48,"GDD":2.1,"HDD":6.0,"PREC":0.0,"PREC24":0.0,"PREC48":0.0,"PRESS":1011.4,"QSPEC":5.87,"RADSOL":5.5,"TAPP":7.0,"TDEW":6.2,"TEMP":11.3,"UMID":71.1,"UWND":-4.81,"VPD":0.387,"VVENTO":4.9,"VVENTOMAX":5.8,"VWND":-0.93},"latest_time":"2026-10-04T05:15","series":"series/FVG36.csv"}},{"type":"Feature","geometry":{"type":"Point","coordinates":[12.462044,46.055336]},"properties":{"scode":"FVG40","name":"Col della Gallina meteo","variables":["CDD","DVENTO","ET0","GDD","HDD","TEMP","UWND","VVENTO","VVENTOMAX","VWND"],"latest":{"CDD":0.0,"DVENTO":276.0,"ET0":0.52,"GDD":2.3,"HDD":5.7,"TEMP":12.2,"UWND":0.0,"VVENTO":0.0,"VVENTOMAX":1.0,"VWND":-0.0},"latest_time":"2026-10-04T05:15","series":"series/FVG40.csv"}},{"type":"Feature","geometry":{"type":"Point","coordinates":[13.453358,45.976776]},"properties":{"scode":"FVG48","name":"Cormons","variables":["CDD","DVENTO","ET0","GDD","HDD","PREC","PREC24","PREC48","PRESS","QSPEC","RADSOL","TAPP","TDEW","TEMP","UMID","UWND","VPD","VVENTO","VVENTOMAX","VWND"],"latest":{"CDD":0.0,"DVENTO":34.0,"ET0":1.07,"GDD":2.2,"HDD":6.1,"PREC":0.0,"PREC24":0.0,"PREC48":0.0,"PRESS":1019.7,"QSPEC":5.29,"RADSOL":4.3,"TAPP":11.4,"TDEW":4.9,"TEMP":14.2,"UMID":53.5,"UWND":-1.29,"VPD":0.753,"VVENTO":2.3,"VVENTOMAX":4.4,"VWND":-1.91},"latest_time":"2026-10-04T05:15","series":"series/FVG48.csv"}},{"type":"Feature","geometry":{"type":"Point","coordinates":[13.547246,45.842959]},"properties":{"scode":"FVG52","name":"Doberdò","variables":["CDD","DVENTO","ET0","GDD","HDD","PREC","PREC24","PREC48","TAPP","TDEW","TEMP","UMID","UWND","VPD","VVENTO","VVENTOMAX","VWND"],"latest":{"CDD":0.0,"DVENTO":40.0,"ET0":0.73,"GDD":2.1,"HDD":6.0,"PREC":0.0,"PREC24":0.0,"PREC48":0.0,"TAPP":8.6,"TDEW":4.2,"TEMP":11.4,"UMID":61.1,"UWND":-1.41,"VPD":0.524,"VVENTO":2.2,"VVENTOMAX":4.0,"VWND":-1.69},"latest_time":"2026-10-04T05:15","series":"series/FVG52.csv"}},{"type":"Feature","geometry":{"type":"Point","coordinates":[12.370662,46.277792]},"properties":{"scode":"FVG54","name":"Erto e Casso","variables":["CDD","DVENTO","ET0","GDD","HDD","LIVNEVE","PREC","PREC24","PREC48","PRESS","QSPEC","RADSOL","TAPP","TDEW","TEMP","UMID","UWND","VPD","VVENTO","VVENTOMAX","VWND"],"latest":{"CDD":0.0,"DVENTO":356.0,"ET0":0.63,"GDD":0.0,"HDD":9.4,"LIVNEVE":19.0,"PREC":0.0,"PREC24":0.0,"PREC48":0.0,"PRESS":924.4,"QSPEC":5.57,"RADSOL":3.9,"TAPP":6.3,"TDEW":4.2,"TEMP":8.1,"UMID":76.5,"UWND":0.06,"VPD":0.254,"VVENTO":0.8,"VVENTOMAX":1.0,"VWND":-0.8},"latest_time":"2026-10-04T05:15","series":"series/FVG54.csv"}},{"type":"Feature","geometry":{"type":"Point","coordinates":[13.595503,45.910395]},"properties":{"scode":"FVG65","name":"Gorizia aeroporto","variables":["CDD","DVENTO","ET0","GDD","HDD","PREC","PREC24","PREC48","PRESS","QSPEC","RADSOL","TAPP","TDEW","TEMP","UMID","UWND","VPD","VVENTO","VVENTOMAX","VWND"],"latest":{"CDD":0.0,"DVENTO":128.0,"ET0":0.46,"GDD":0.0,"HDD":12.0,"PREC":0.0,"PREC24":0.0,"PREC48":0.0,"PRESS":1020.3,"QSPEC":5.2,"RADSOL":6.2,"TAPP":3.1,"TDEW":4.6,"TEMP":5.3,"UMID":95.5,"UWND":-1.1,"VPD":0.04,"VVENTO":1.4,"VVENTOMAX":1.6,"VWND":0.86},"latest_time":"2026-10-04T05:15","series":"series/FVG65.csv"}},{"type":"Feature","geometry":{"type":"Point","coordinates":[13.373272,45.680255]},"properties":{"scode":"FVG69","name":"Grado Meteo","variables":["CDD","DVENTO","ET0","GDD","HDD","PRESS","QSPEC","TAPP","TDEW","TEMP","UMID","UWND","VPD","VVENTO","VVENTOMAX","VWND"],"latest":{"CDD":0.0,"DVENTO":22.4,"ET0":0.78,"GDD":5.8,"HDD":2.3,"PRESS":1027.04,"QSPEC":7.02,"TAPP":12.5,"TDEW":9.1,"TEMP":15.1666666666667,"UMID":67.1133333333333,"UWND":-1.34,"VPD":0.567,"VVENTO":3.50666666666667,"VVENTOMAX":4.5,"VWND":-3.24},"latest_time":"2026-10-04T05:15","series":"series/FVG69.csv"}},{"type":"Feature","geometry":{"type":"Point","coordinates":[13.512472,45.946833]},"properties":{"scode":"FVG72","name":"La Baita Meteo","variables":["CDD","DVENTO","ET0","GDD","HDD","PREC","PREC24","PREC48","PRESS","QSPEC","RADSOL","TAPP","TDEW","TEMP","UMID","UWND","VPD","VVENTO","VVENTOMAX","VWND"],"latest":{"CDD":0.0,"DVENTO":15.0,"ET0":0.43,"GDD":0.0,"HDD":11.4,"PREC":0.0,"PREC24":0.0,"PREC48":0.0,"PRESS":1022.6,"QSPEC":5.52,"RADSOL":4.6,"TAPP":4.6,"TDEW":5.5,"TEMP":5.8,"UMID":98.1,"UWND":-0.08,"VPD":0.018,"VVENTO":0.3,"VVENTOMAX":0.9,"VWND":-0.29},"latest_time":"2026-10-04T05:15","series":"series/FVG72.csv"}},{"type":"Feature","geometry":{"type":"Point","coordinates":[12.996778,45.772858]},"properties":{"scode":"FVG74","name":"Latisana 1","variables":["CDD","DVENTO","ET0","GDD","HDD","PREC","PREC24","PREC48","TAPP","TDEW","TEMP","UMID","UWND","VPD","VVENTO","VVENTOMAX","VWND"],"latest":{"CDD":0.0,"DVENTO":335.0,"ET0":0.9,"GDD":2.8,"HDD":5.2,"PREC":0.0,"PREC24":0.0,"PREC48":0.0,"TAPP":10.5,"TDEW":7.3,"TEMP":12.0,"UMID":73.2,"UWND":0.51,"VPD":0.376,"VVENTO":1.2,"VVENTOMAX":2.2,"VWND":-1.09},"latest_time":"2026-10-04T05:15","series":"series/FVG74.csv"}},{"type":"Feature","geometry":{"type":"Point","coordinates":[13.135254,45.951091]},"properties":{"scode":"FVG76","name":"Lestizza","variables":["CDD","DVENTO","ET0","GDD","HDD","LIVIDRO","PREC","PREC24","PREC48","PRESS","QSPEC","RADSOL","TAPP","TDEW","TEMP","UMID","UWND","VPD","VVENTO","VVENTOMAX","VWND"],"latest":{"CDD":0.0,"DVENTO":345.0,"ET0":1.05,"GDD":2.2,"HDD":5.7,"LIVIDRO":9.26,"PREC":0.0,"PREC24":0.0,"PREC48":0.0,"PRESS":1022.9,"QSPEC":5.99,"RADSOL":5.8,"TAPP":9.3,"TDEW":6.7,"TEMP":11.5,"UMID":72.4,"UWND":0.54,"VPD":0.375,"VVENTO":2.1,"VVENTOMAX":2.6,"VWND":-2.03},"latest_time":"2026-10-04T05:15","series":"series/FVG76.csv"}},{"type":"Feature","geometry":{"type":"Point","coordinates":[13.515642,46.547986]},"properties":{"scode":"FVG82","name":"Malga Acomizza","variables":["CDD","DVENTO","ET0","GDD","HDD","LIVNEVE","PREC","PREC24","PREC48","TAPP","TDEW","TEMP","UMID","UWND","VPD","VVENTO","VVENTOMAX","VWND"],"latest":{"CDD":0.0,"DVENTO":44.0,"ET0":0.36,"GDD":0.0,"HDD":8.2,"LIVNEVE":1.0,"PREC":0.0,"PREC24":0.0,"PREC48":0.0,"TAPP":7.2,"TDEW":-0.7,"TEMP":10.0,"UMID":47.5,"UWND":-0.69,"VPD":0.645,"VVENTO":1.0,"VVENTOMAX":1.4,"VWND":-0.72},"latest_time":"2026-10-04T05:15","series":"series/FVG82.csv"}},{"type":"Feature","geometry":{"type":"Point","coordinates":[12.8996,46.594863]},"properties":{"scode":"FVG84","name":"Malga Plotta","variables":["CDD","DVENTO","ET0","GDD","HDD","LIVNEVE","PREC","PREC24","PREC48","TAPP","TDEW","TEMP","UMID","UWND","VPD","VVENTO","VVENTOMAX","VWND"],"latest":{"CDD":0.0,"DVENTO":251.0,"ET0":0.53,"GDD":0.0,"HDD":8.4,"LIVNEVE":1.0,"PREC":0.0,"PREC24":0.0,"PREC48":0.0,"TAPP":6.5,"TDEW":-8.0,"TEMP":9.4,"UMID":28.6,"UWND":0.0,"VPD":0.842,"VVENTO":0.0,"VVENTOMAX":0.7,"VWND":0.0},"latest_time":"2026-10-04T05:15","series":"series/FVG84.csv"}},{"type":"Feature","geometry":{"type":"Point","coordinates":[13.54963,45.780302]},"properties":{"scode":"FVG92","name":"Monfalcone","variables":["CDD","DVENTO","ET0","GDD","HDD","LIVIDRO","PRESS","QSPEC","RADSOL","TAPP","TDEW","TEMP","UMID","UWND","VPD","VVENTO","VVENTOMAX","VWND"],"latest":{"CDD":0.0,"DVENTO":259.533333333333,"ET0":2.01,"GDD":4.5,"HDD":3.8,"LIVIDRO":0.593333333333333,"PRESS":1027.53333333333,"QSPEC":5.46,"RADSOL":1.71333333333333,"TAPP":10.5,"TDEW":5.4,"TEMP":13.4666666666667,"UMID":58.3533333333333,"UWND":2.65,"VPD":0.643,"VVENTO":2.69333333333333,"VVENTOMAX":3.6,"VWND":0.49},"latest_time":"2026-10-04T05:15","series":"series/FVG92.csv"}},{"type":"Feature","geometry":{"type":"Point","coordinates":[12.993028,46.241361]},"properties":{"scode":"FVG94","name":"Monte Prat","variables":["CDD","DVENTO","ET0","GDD","HDD","LIVNEVE","PREC","PREC24","PREC48","PRESS","QSPEC","RADSOL","TAPP","TDEW","TEMP","UMID","UWND","VPD","VVENTO","VVENTOMAX","VWND"],"latest":{"CDD":0.0,"DVENTO":265.0,"ET0":1.13,"GDD":2.0,"HDD":6.1,"LIVNEVE":7.0,"PREC":0.0,"PREC24":0.0,"PREC48":0.0,"PRESS":937.9,"QSPEC":5.27,"RADSOL":2.5,"TAPP":9.6,"TDEW":3.6,"TEMP":11.5,"UMID":58.5,"UWND":0.8,"VPD":0.563,"VVENTO":0.8,"VVENTOMAX":1.3,"VWND":0.07},"latest_time":"2026-10-04T05:15","series":"series/FVG94.csv"}},{"type":"Feature","geometry":{"type":"Point","coordinates":[13.357942,46.06176]},"properties":{"scode":"FVG101","name":"Orzano","variables":["CDD","DVENTO","ET0","GDD","HDD","PREC","PREC24","PREC48","PRESS","QSPEC","TAPP","TDEW","TEMP","UMID","UWND","VPD","VVENTO","VVENTOMAX","VWND"],"latest":{"CDD":0.0,"DVENTO":319.0,"ET0":0.99,"GDD":0.0,"HDD":8.5,"PREC":0.0,"PREC24":0.0,"PREC48":0.0,"PRESS":1015.6,"QSPEC":5.45,"TAPP":5.2,"TDEW":5.3,"TEMP":8.0,"UMID":82.8,"UWND":1.57,"VPD":0.185,"VVENTO":2.4,"VVENTOMAX":2.8,"VWND":-1.81},"latest_time":"2026-10-04T05:15","series":"series/FVG101.csv"}},{"type":"Feature","geometry":{"type":"Point","coordinates":[13.071473,46.236426]},"properties":{"scode":"FVG102","name":"Osoppo","variables":["CDD","DVENTO","ET0","GDD","HDD","PREC","PREC24","PREC48","PRESS","QSPEC","RADSOL","TAPP","TDEW","TEMP","UMID","UWND","VPD","VVENTO","VVENTOMAX","VWND"],"latest":{"CDD":0.0,"DVENTO":5.0,"ET0":1.97,"GDD":4.1,"HDD":4.2,"PREC":0.0,"PREC24":0.0,"PREC48":0.0,"PRESS":1007.3,"QSPEC":5.89,"RADSOL":5.3,"TAPP":9.8,"TDEW":6.2,"TEMP":13.5,"UMID":61.5,"UWND":-0.35,"VPD":0.596,"VVENTO":4.0,"VVENTOMAX":6.3,"VWND":-3.98},"latest_time":"2026-10-04T05:15","series":"series/FVG102.csv"}},{"type":"Feature","geometry":{"type":"Point","coordinates":[13.039319,46.014152]},"properties":{"scode":"FVG107","name":"Pantianicco","variables":["CDD","DVENTO","ET0","GDD","HDD","PREC","PREC24","PREC48","PRESS","QSPEC","TAPP","TDEW","TEMP","UMID","UWND","VPD","VVENTO","VVENTOMAX","VWND"],"latest":{"CDD":0.0,"DVENTO":48.0,"ET0":0.62,"GDD":2.2,"HDD":5.7,"PREC":0.0,"PREC24":0.0,"PREC48":0.0,"PRESS":1013.4,"QSPEC":6.05,"TAPP":9.0,"TDEW":6.7,"TEMP":11.7,"UMID":71.6,"UWND":-2.08,"VPD":0.391,"VVENTO":2.8,"VVENTOMAX":4.3,"VWND":-1.87},"latest_time":"2026-10-04T05:15","series":"series/FVG107.csv"}},{"type":"Feature","geometry":{"type":"Point","coordinates":[12.649633,45.958694]},"properties":{"scode":"FVG131","name":"Pordenone meteo","variables":["CDD","DVENTO","ET0","GDD","HDD","PREC","PREC24","PREC48","PRESS","QSPEC","RADSOL","TAPP","TDEW","TEMP","UMID","UWND","VPD","VVENTO","VVENTOMAX","VWND"],"latest":{"CDD":0.0,"DVENTO":290.0,"ET0":0.71,"GDD":1.8,"HDD":5.9,"PREC":0.0,"PREC24":0.0,"PREC48":0.0,"PRESS":1024.8,"QSPEC":5.51,"RADSOL":0.0,"TAPP":9.8,"TDEW":5.5,"TEMP":11.0,"UMID":69.0,"UWND":0.19,"VPD":0.407,"VVENTO":0.2,"VVENTOMAX":0.4,"VWND":-0.07},"latest_time":"2026-10-04T05:15","series":"series/FVG131.csv"}},{"type":"Feature","geometry":{"type":"Point","coordinates":[13.02948474884,46.587240514442]},"properties":{"scode":"FVG136","name":"Pramosio","variables":["CDD","DVENTO","ET0","GDD","HDD","LIVNEVE","PREC","PREC24","PREC48","TAPP","TDEW","TEMP","UMID","UWND","VPD","VVENTO","VVENTOMAX","VWND"],"latest":{"CDD":0.0,"DVENTO":12.0,"ET0":0.68,"GDD":1.2,"HDD":6.7,"LIVNEVE":7.0,"PREC":0.0,"PREC24":0.0,"PREC48":0.0,"TAPP":7.1,"TDEW":-1.3,"TEMP":10.7,"UMID":43.4,"UWND":-0.44,"VPD":0.728,"VVENTO":2.1,"VVENTOMAX":3.9,"VWND":-2.05},"latest_time":"2026-10-04T05:15","series":"series/FVG136.csv"}},{"type":"Feature","geometry":{"type":"Point","coordinates":[13.756735,45.703935]},"properties":{"scode":"FVG143","name":"Prosecco","variables":["CDD","DVENTO","ET0","GDD","HDD","PREC","PREC24","PREC48","TAPP","TDEW","TEMP","UMID","UWND","VPD","VVENTO","VVENTOMAX","VWND"],"latest":{"CDD":0.0,"DVENTO":89.0,"ET0":1.08,"GDD":0.6,"HDD":6.8,"PREC":0.0,"PREC24":0.0,"PREC48":0.0,"TAPP":5.8,"TDEW":4.2,"TEMP":10.0,"UMID":67.1,"UWND":-2.7,"VPD":0.404,"VVENTO":2.7,"VVENTOMAX":3.3,"VWND":-0.05},"latest_time":"2026-10-04T05:15","series":"series/FVG143.csv"}},{"type":"Feature","geometry":{"type":"Point","coordinates":[12.802418,46.35198]},"properties":{"scode":"FVG148","name":"Rest","variables":["CDD","DVENTO","ET0","GDD","HDD","TAPP","TDEW","TEMP","UMID","UWND","VPD","VVENTO","VVENTOMAX","VWND"],"latest":{"CDD":0.0,"DVENTO":56.0,"ET0":0.65,"GDD":0.2,"HDD":7.9,"TAPP":6.8,"TDEW":-15.4,"TEMP":10.7,"UMID":14.5,"UWND":-0.66,"VPD":1.1,"VVENTO":0.8,"VVENTOMAX":1.0,"VWND":-0.45},"latest_time":"2026-10-04T05:15","series":"series/FVG148.csv"}},{"type":"Feature","geometry":{"type":"Point","coordinates":[12.894828,46.595027]},"properties":{"scode":"FVG150","name":"Rifugio Marinelli","variables":["CDD","DVENTO","ET0","GDD","HDD","TEMP","UWND","VVENTO","VVENTOMAX","VWND"],"latest":{"CDD":0.0,"DVENTO":47.0,"ET0":0.62,"GDD":0.0,"HDD":9.2,"TEMP":9.5,"UWND":-0.88,"VVENTO":1.2,"VVENTOMAX":1.5,"VWND":-0.82},"latest_time":"2026-10-04T05:15","series":"series/FVG150.csv"}},{"type":"Feature","geometry":{"type":"Point","coordinates":[12.489489,46.378862]},"properties":{"scode":"FVG151","name":"Rifugio Pordenone","variables":["CDD","DVENTO","ET0","GDD","HDD","LIVNEVE","PREC","PREC24","PREC48","PRESS","QSPEC","RADSOL","TAPP","TDEW","TEMP","UMID","UWND","VPD","VVENTO","VVENTOMAX","VWND"],"latest":{"CDD":0.0,"DVENTO":48.0,"ET0":1.26,"GDD":0.0,"HDD":10.1,"LIVNEVE":0.0,"PREC":0.0,"PREC24":0.0,"PREC48":0.0,"PRESS":894.2,"QSPEC":3.85,"RADSOL":0.0,"TAPP":4.2,"TDEW":-1.4,"TEMP":8.0,"UMID":51.6,"UWND":-1.71,"VPD":0.519,"VVENTO":2.3,"VVENTOMAX":3.3,"VWND":-1.54},"latest_time":"2026-10-04T05:15","series":"series/FVG151.csv"}},{"type":"Feature","geometry":{"type":"Point","coordinates":[13.10502,46.344524]},"properties":{"scode":"FVG163","name":"San Simeone Meteo","variables":["CDD","DVENTO","ET0","GDD","HDD","PRESS","QSPEC","RADSOL","TAPP","TDEW","TEMP","UMID","UWND","VPD","VVENTO","VVENTOMAX","VWND"],"latest":{"CDD":0.0,"DVENTO":34.0,"ET0":1.72,"GDD":0.3,"HDD":7.9,"PRESS":860.0,"QSPEC":4.78,"RADSOL":0.0,"TAPP":6.7,"TDEW":1.0,"TEMP":10.0,"UMID":53.7,"UWND":-1.17,"VPD":0.569,"VVENTO":2.1,"VVENTOMAX":3.4,"VWND":-1.74},"latest_time":"2026-10-04T05:15","series":"series/FVG163.csv"}},{"type":"Feature","geometry":{"type":"Point","coordinates":[13.448507,46.462104]},"properties":{"scode":"FVG167","name":"Sella di Sompdogna","variables":["CDD","DVENTO","ET0","GDD","HDD","LIVNEVE","PREC","PREC24","PREC48","TEMP","UWND","VVENTO","VVENTOMAX","VWND"],"latest":{"CDD":0.0,"DVENTO":119.0,"ET0":0.57,"GDD":0.0,"HDD":10.6,"LIVNEVE":2.0,"PREC":0.0,"PREC24":0.0,"PREC48":0.0,"TEMP":7.6,"UWND":-1.05,"VVENTO":1.2,"VVENTOMAX":1.3,"VWND":0.58},"latest_time":"2026-10-04T05:15","series":"series/FVG167.csv"}},{"type":"Feature","geometry":{"type":"Point","coordinates":[13.021855,46.421783]},"properties":{"scode":"FVG180","name":"Tolmezzo meteo","variables":["CDD","DVENTO","ET0","GDD","HDD","PREC","PREC24","PREC48","PRESS","QSPEC","RADSOL","TAPP","TDEW","TEMP","UMID","UWND","VPD","VVENTO","VVENTOMAX","VWND"],"latest":{"CDD":0.0,"DVENTO":330.0,"ET0":0.67,"GDD":0.0,"HDD":8.9,"PREC":0.0,"PREC24":0.0,"PREC48":0.0,"PRESS":988.3,"QSPEC":5.95,"RADSOL":0.2,"TAPP":6.9,"TDEW":6.1,"TEMP":8.8,"UMID":83.3,"UWND":0.75,"VPD":0.189,"VVENTO":1.5,"VVENTOMAX":3.5,"VWND":-1.3},"latest_time":"2026-10-04T05:15","series":"series/FVG180.csv"}},{"type":"Feature","geometry":{"type":"Point","coordinates":[13.275533,45.818806]},"properties":{"scode":"FVG183","name":"Torviscosa","variables":["CDD","DVENTO","ET0","GDD","HDD","PREC","PREC24","PREC48","TAPP","TDEW","TEMP","UMID","UWND","VPD","VVENTO","VVENTOMAX","VWND"],"latest":{"CDD":0.0,"DVENTO":358.0,"ET0":0.62,"GDD":0.0,"HDD":8.5,"PREC":0.0,"PREC24":0.0,"PREC48":0.0,"TAPP":6.3,"TDEW":6.6,"TEMP":9.0,"UMID":85.2,"UWND":0.09,"VPD":0.17,"VVENTO":2.7,"VVENTOMAX":3.1,"VWND":-2.7},"latest_time":"2026-10-04T05:15","series":"series/FVG183.csv"}},{"type":"Feature","geometry":{"type":"Point","coordinates":[13.83295,45.635369]},"properties":{"scode":"FVG191","name":"Trieste Cattinara","variables":["CDD","DVENTO","ET0","GDD","HDD","PREC","PREC24","PREC48","PRESS","QSPEC","RADSOL","TAPP","TDEW","TEMP","UMID","UWND","VPD","VVENTO","VVENTOMAX","VWND"],"latest":{"CDD":0.0,"DVENTO":81.0,"ET0":3.64,"GDD":5.8,"HDD":2.3,"PREC":0.0,"PREC24":0.0,"PREC48":0.0,"PRESS":996.5,"QSPEC":4.84,"RADSOL":2.5,"TAPP":9.3,"TDEW":3.3,"TEMP":14.9,"UMID":45.7,"UWND":-5.83,"VPD":0.92,"VVENTO":5.9,"VVENTOMAX":8.0,"VWND":-0.92},"latest_time":"2026-10-04T05:15","series":"series/FVG191.csv"}},{"type":"Feature","geometry":{"type":"Point","coordinates":[12.492302,46.114392]},"properties":{"scode":"FVG197","name":"Val dei Sass","variables":["CDD","DVENTO","ET0","GDD","HDD","PREC","PREC24","PREC48","PRESS","QSPEC","RADSOL","TAPP","TDEW","TEMP","UMID","UWND","VPD","VVENTO","VVENTOMAX","VWND"],"latest":{"CDD":0.0,"DVENTO":319.0,"ET0":1.66,"GDD":0.1,"HDD":7.7,"PREC":0.0,"PREC24":0.0,"PREC48":0.0,"PRESS":828.9,"QSPEC":2.26,"RADSOL":0.0,"TAPP":6.3,"TDEW":-9.4,"TEMP":10.5,"UMID":23.7,"UWND":1.12,"VPD":0.969,"VVENTO":1.7,"VVENTOMAX":2.1,"VWND":-1.28},"latest_time":"2026-10-04T05:15","series":"series/FVG197.csv"}},{"type":"Feature","geometry":{"type":"Point","coordinates":[13.25473,46.171431]},"properties":{"scode":"FVG208","name":"Zompitta meteo","variables":["CDD","DVENTO","ET0","GDD","HDD","PREC","PREC24","PREC48","PRESS","QSPEC","RADSOL","TAPP","TDEW","TEMP","UMID","UWND","VPD","VVENTO","VVENTOMAX","VWND"],"latest":{"CDD":0.0,"DVENTO":319.0,"ET0":0.58,"GDD":0.0,"HDD":9.9,"PREC":0.0,"PREC24":0.0,"PREC48":0.0,"PRESS":1009.1,"QSPEC":5.7,"RADSOL":3.5,"TAPP":5.3,"TDEW":5.8,"TEMP":7.3,"UMID":90.2,"UWND":0.98,"VPD":0.1,"VVENTO":1.5,"VVENTOMAX":2.9,"VWND":-1.13},"latest_time":"2026-10-04T05:15","series":"series/FVG208.csv"}},{"type":"Feature","geometry":{"type":"Point","coordinates":[13.51241,45.958076]},"properties":{"scode":"FVG210","name":"Capriva","variables":["CDD","DVENTO","ET0","GDD","HDD","PREC","PREC24","PREC48","PRESS","QSPEC","RADSOL","TAPP","TDEW","TEMP","UMID","UWND","VPD","VVENTO","VVENTOMAX","VWND"],"latest":{"CDD":0.0,"DVENTO":347.4,"ET0":1.15,"GDD":3.4,"HDD":4.7,"PREC":0.0,"PREC24":0.0,"PREC48":0.0,"PRESS":1017.64666666667,"QSPEC":5.77,"RADSOL":5.57333333333333,"TAPP":11.0,"TDEW":6.1,"TEMP":12.7666666666667,"UMID":63.8666666666667,"UWND":0.28,"VPD":0.533,"VVENTO":1.28666666666667,"VVENTOMAX":2.2,"VWND":-1.26},"latest_time":"2026-10-04T05:15","series":"series/FVG210.csv"}},{"type":"Feature","geometry":{"type":"Point","coordinates":[13.337006,45.849444]},"properties":{"scode":"FVG211","name":"Cervignano","variables":["CDD","DVENTO","ET0","GDD","HDD","PREC","PREC24","PREC48","PRESS","QSPEC","RADSOL","TAPP","TDEW","TEMP","UMID","UWND","VPD","VVENTO","VVENTOMAX","VWND"],"latest":{"CDD":0.0,"DVENTO":107.066666666667,"ET0":0.55,"GDD":0.0,"HDD":11.2,"PREC":0.0,"PREC24":0.0,"PREC48":0.0,"PRESS":1026.96666666667,"QSPEC":5.03,"RADSOL":4.50666666666667,"TAPP":4.6,"TDEW":4.2,"TEMP":6.44,"UMID":85.9,"UWND":-0.81,"VPD":0.136,"VVENTO":0.846666666666667,"VVENTOMAX":2.1,"VWND":0.25},"latest_time":"2026-10-04T05:15","series":"series/FVG211.csv"}},{"type":"Feature","geometry":{"type":"Point","coordinates":[13.752239,45.649981]},"properties":{"scode":"FVG212","name":"Trieste","variables":["CDD","DVENTO","ET0","GDD","HDD","PREC","PREC24","PREC48","PRESS","QSPEC","RADSOL","TAPP","TDEW","TEMP","UMID","UWND","VPD","VVENTO","VVENTOMAX","VWND"],"latest":{"CDD":0.0,"DVENTO":129.133333333333,"ET0":3.19,"GDD":8.0,"HDD":0.0,"PREC":0.0,"PREC24":0.0,"PREC48":0.0,"PRESS":1027.36,"QSPEC":5.48,"RADSOL":1.76666666666667,"TAPP":14.0,"TDEW":5.5,"TEMP":17.1266666666667,"UMID":46.32,"UWND":-2.32,"VPD":1.049,"VVENTO":2.98666666666667,"VVENTOMAX":4.7,"VWND":1.88},"latest_time":"2026-10-04T05:15","series":"series/FVG212.csv"}},{"type":"Feature","geometry":{"type":"Point","coordinates":[13.147102,45.701878]},"properties":{"scode":"FVG213","name":"Lignano","variables":["CDD","DVENTO","ET0","GDD","HDD","PRESS","QSPEC","TAPP","TDEW","TEMP","UMID","UWND","VPD","VVENTO","VVENTOMAX","VWND"],"latest":{"CDD":0.0,"DVENTO":17.1333333333333,"ET0":0.85,"GDD":5.5,"HDD":2.6,"PRESS":1026.98,"QSPEC":7.16,"TAPP":11.8,"TDEW":9.4,"TEMP":14.9733333333333,"UMID":69.2466666666667,"UWND":-1.3,"VPD":0.524,"VVENTO":4.41333333333333,"VVENTOMAX":5.3,"VWND":-4.22},"latest_time":"2026-10-04T05:15","series":"series/FVG213.csv"}},{"type":"Feature","geometry":{"type":"Point","coordinates":[12.926352,46.502413]},"properties":{"scode":"FVG214","name":"Monte Zoncolan","variables":["CDD","DVENTO","ET0","GDD","HDD","PRESS","QSPEC","RADSOL","TAPP","TDEW","TEMP","UMID","UWND","VPD","VVENTO","VVENTOMAX","VWND"],"latest":{"CDD":0.0,"DVENTO":85.0666666666667,"ET0":1.53,"GDD":0.4,"HDD":7.7,"PRESS":834.9,"QSPEC":3.11,"RADSOL":1.10666666666667,"TAPP":5.9,"TDEW":-5.2,"TEMP":10.7666666666667,"UMID":32.32,"UWND":-3.17,"VPD":0.875,"VVENTO":3.18666666666667,"VVENTOMAX":3.4,"VWND":-0.27},"latest_time":"2026-10-04T05:15","series":"series/FVG214.csv"}},{"type":"Feature","geometry":{"type":"Point","coordinates":[13.272524,45.981902]},"properties":{"scode":"FVG216","name":"Lauzacco","variables":["CDD","DVENTO","ET0","GDD","HDD","PREC","PREC24","PREC48","TAPP","TDEW","TEMP","UMID","UWND","VPD","VVENTO","VVENTOMAX","VWND"],"latest":{"CDD":0.0,"DVENTO":18.0666666666667,"ET0":0.98,"GDD":1.4,"HDD":6.8,"PREC":0.0,"PREC24":0.0,"PREC48":0.0,"TAPP":8.1,"TDEW":5.9,"TEMP":10.2066666666667,"UMID":74.56,"UWND":-0.54,"VPD":0.317,"VVENTO":1.73333333333333,"VVENTOMAX":2.5,"VWND":-1.65},"latest_time":"2026-10-04T05:15","series":"series/FVG216.csv"}},{"type":"Feature","geometry":{"type":"Point","coordinates":[13.752571,45.610448]},"properties":{"scode":"FVG500","name":"Muggia S+M","variables":["DVENTO","RADSOL","UWND","VVENTO","VVENTOMAX","VWND"],"latest":{"DVENTO":121.533333333333,"RADSOL":5.1,"UWND":-4.2,"VVENTO":4.92666666666667,"VVENTOMAX":6.3,"VWND":2.58},"latest_time":"2026-10-04T05:15","series":"series/FVG500.csv"}},{"type":"Feature","geometry":{"type":"Point","coordinates":[13.76463,45.709423]},"properties":{"scode":"FVG511","name":"Borgo Grotta Gigante","variables":["CDD","DVENTO","ET0","GDD","HDD","PREC","PREC24","PREC48","PRESS","QSPEC","RADSOL","TAPP","TDEW","TEMP","UMID","UWND","VPD","VVENTO","VVENTOMAX","VWND"],"latest":{"CDD":0.0,"DVENTO":88.0666666666667,"ET0":1.36,"GDD":0.3,"HDD":8.1,"PREC":0.0,"PREC24":0.0,"PREC48":0.0,"PRESS":995.133333333333,"QSPEC":5.21,"RADSOL":5.08,"TAPP":6.0,"TDEW":4.3,"TEMP":9.14,"UMID":71.7466666666667,"UWND":-2.65,"VPD":0.327,"VVENTO":2.64666666666667,"VVENTOMAX":4.0,"VWND":-0.09},"latest_time":"2026-10-04T05:15","series":"series/FVG511.csv"}},{"type":"Feature","geometry":{"type":"Point","coordinates":[12.443082,46.064067]},"properties":{"scode":"FVG514","name":"Candaglia","variables":["CDD","DVENTO","ET0","GDD","HDD","LIVNEVE","PREC","PREC24","PREC48","TAPP","TDEW","TEMP","UMID","UWND","VPD","VVENTO","VVENTOMAX","VWND"],"latest":{"CDD":0.0,"DVENTO":124.0,"ET0":0.24,"GDD":0.0,"HDD":14.7,"LIVNEVE":7.0,"PREC":0.0,"PREC24":0.0,"PREC48":0.0,"TAPP":1.4,"TDEW":2.6,"TEMP":3.1,"UMID":96.7,"UWND":-0.17,"VPD":0.025,"VVENTO":0.2,"VVENTOMAX":0.4,"VWND":0.11},"latest_time":"2026-10-04T05:15","series":"series/FVG514.csv"}},{"type":"Feature","geometry":{"type":"Point","coordinates":[13.529182,46.211698]},"properties":{"scode":"FVG519","name":"Matajur","variables":["CDD","DVENTO","ET0","GDD","HDD","PRESS","QSPEC","RADSOL","TAPP","TDEW","TEMP","UMID","UWND","VPD","VVENTO","VVENTOMAX","VWND"],"latest":{"CDD":0.0,"DVENTO":90.9333333333333,"ET0":2.97,"GDD":2.4,"HDD":5.5,"PRESS":846.866666666667,"QSPEC":0.79,"RADSOL":3.82,"TAPP":7.5,"TDEW":-21.9,"TEMP":12.5866666666667,"UMID":7.36666666666667,"UWND":-2.11,"VPD":1.35,"VVENTO":2.10666666666667,"VVENTOMAX":2.5,"VWND":0.03},"latest_time":"2026-10-04T05:15","series":"series/FVG519.csv"}},{"type":"Feature","geometry":{"type":"Point","coordinates":[13.68666,46.495869]},"properties":{"scode":"FVG521","name":"Fusine Valico","variables":["CDD","DVENTO","ET0","GDD","HDD","LIVNEVE","PREC","PREC24","PREC48","RADSOL","TAPP","TDEW","TEMP","UMID","UWND","VPD","VVENTO","VVENTOMAX","VWND"],"latest":{"CDD":0.0,"DVENTO":60.0,"ET0":0.35,"GDD":0.0,"HDD":18.7,"LIVNEVE":62.0,"PREC":0.0,"PREC24":0.0,"PREC48":0.0,"RADSOL":0.4,"TAPP":-3.8,"TDEW":-1.6,"TEMP":-1.2,"UMID":97.2,"UWND":-0.52,"VPD":0.016,"VVENTO":0.6,"VVENTOMAX":1.5,"VWND":-0.3},"latest_time":"2026-10-04T05:15","series":"series/FVG521.csv"}},{"type":"Feature","geometry":{"type":"Point","coordinates":[12.675633,46.236487]},"properties":{"scode":"FVG523","name":"Malga Valine","variables":["CDD","DVENTO","ET0","GDD","HDD","LIVNEVE","PREC","PREC24","PREC48","TAPP","TDEW","TEMP","UMID","UWND","VPD","VVENTO","VVENTOMAX","VWND"],"latest":{"CDD":0.0,"DVENTO":241.0,"ET0":0.47,"GDD":0.0,"HDD":8.3,"LIVNEVE":2.0,"PREC":0.0,"PREC24":0.0,"PREC48":0.0,"TAPP":6.8,"TDEW":1.4,"TEMP":9.6,"UMID":56.6,"UWND":1.31,"VPD":0.519,"VVENTO":1.5,"VVENTOMAX":2.1,"VWND":0.73},"latest_time":"2026-10-04T05:15","series":"series/FVG523.csv"}},{"type":"Feature","geometry":{"type":"Point","coordinates":[12.656364,46.171862]},"properties":{"scode":"FVG524","name":"Ravedis invaso","variables":["CDD","DVENTO","ET0","GDD","HDD","LIVLAGO","PREC","PREC24","PREC48","PRESS","QSPEC","RADSOL","TAPP","TDEW","TEMP","UMID","UWND","VPD","VVENTO","VVENTOMAX","VWND"],"latest":{"CDD":0.0,"DVENTO":203.0,"ET0":2.14,"GDD":1.8,"HDD":6.3,"LIVLAGO":307.31,"PREC":0.0,"PREC24":0.0,"PREC48":0.0,"PRESS":988.4,"QSPEC":5.69,"RADSOL":1.5,"TAPP":5.2,"TDEW":5.5,"TEMP":11.1,"UMID":68.3,"UWND":2.7,"VPD":0.419,"VVENTO":6.9,"VVENTOMAX":10.3,"VWND":6.35},"latest_time":"2026-10-04T05:15","series":"series/FVG524.csv"}},{"type":"Feature","geometry":{"type":"Point","coordinates":[12.593751,46.409755]},"properties":{"scode":"FVG530","name":"Forni di sopra","variables":["CDD","DVENTO","ET0","GDD","HDD","LIVNEVE","PREC","PREC24","PREC48","PRESS","QSPEC","RADSOL","TAPP","TDEW","TEMP","UMID","UWND","VPD","VVENTO","VVENTOMAX","VWND"],"latest":{"CDD":0.0,"DVENTO":318.266666666667,"ET0":1.02,"GDD":0.0,"HDD":8.8,"LIVNEVE":24.0,"PREC":0.0,"PREC24":0.0,"PREC48":0.0,"PRESS":922.226666666667,"QSPEC":5.36,"RADSOL":0.206666666666667,"TAPP":5.5,"TDEW":3.6,"TEMP":8.70666666666667,"UMID":70.4733333333333,"UWND":1.75,"VPD":0.332,"VVENTO":2.62666666666667,"VVENTOMAX":3.1,"VWND":-1.96},"latest_time":"2026-10-04T05:15","series":"series/FVG530.csv"}},{"type":"Feature","geometry":{"type":"Point","coordinates":[12.72301,46.484141]},"properties":{"scode":"FVG534","name":"Casera Pieltinis","variables":["CDD","DVENTO","ET0","GDD","HDD","LIVNEVE","PREC","PREC24","PREC48","TAPP","TDEW","TEMP","UMID","UWND","VPD","VVENTO","VVENTOMAX","VWND"],"latest":{"CDD":0.0,"DVENTO":285.0,"ET0":0.7,"GDD":0.8,"HDD":7.1,"LIVNEVE":4.0,"PREC":0.0,"PREC24":0.0,"PREC48":0.0,"TAPP":7.5,"TDEW":-13.1,"TEMP":11.3,"UMID":16.8,"UWND":-0.04,"VPD":1.114,"VVENTO":0.8,"VVENTOMAX":1.3,"VWND":-0.19},"latest_time":"2026-10-04T05:15","series":"series/FVG534.csv"}},{"type":"Feature","geometry":{"type":"Point","coordinates":[12.626534,46.451796]},"properties":{"scode":"FVG535","name":"Chiansaveit","variables":["CDD","DVENTO","ET0","GDD","HDD","LIVNEVE","PREC","PREC24","PREC48","TAPP","TDEW","TEMP","UMID","UWND","VPD","VVENTO","VVENTOMAX","VWND"],"latest":{"CDD":0.0,"DVENTO":222.0,"ET0":0.66,"GDD":0.0,"HDD":8.6,"LIVNEVE":4.0,"PREC":0.0,"PREC24":0.0,"PREC48":0.0,"TAPP":5.3,"TDEW":-15.2,"TEMP":9.8,"UMID":15.6,"UWND":1.07,"VPD":1.023,"VVENTO":1.6,"VVENTOMAX":1.9,"VWND":1.19},"latest_time":"2026-10-04T05:15","series":"series/FVG535.csv"}},{"type":"Feature","geometry":{"type":"Point","coordinates":[12.67754,46.352878]},"properties":{"scode":"FVG536","name":"Malga Chiampiuz","variables":["CDD","DVENTO","ET0","GDD","HDD","LIVNEVE","PREC","PREC24","PREC48","TAPP","TDEW","TEMP","UMID","UWND","VPD","VVENTO","VVENTOMAX","VWND"],"latest":{"CDD":0.0,"DVENTO":244.0,"ET0":0.6,"GDD":0.0,"HDD":8.0,"LIVNEVE":2.0,"PREC":0.0,"PREC24":0.0,"PREC48":0.0,"TAPP":7.6,"TDEW":-0.4,"TEMP":9.9,"UMID":48.6,"UWND":0.27,"VPD":0.627,"VVENTO":0.3,"VVENTOMAX":1.0,"VWND":0.13},"latest_time":"2026-10-04T05:15","series":"series/FVG536.csv"}},{"type":"Feature","geometry":{"type":"Point","coordinates":[12.79841,46.348537]},"properties":{"scode":"FVG537","name":"Malga Rest","variables":["CDD","DVENTO","ET0","GDD","HDD","LIVNEVE","PREC","PREC24","PREC48","TAPP","TDEW","TEMP","UMID","UWND","VPD","VVENTO","VVENTOMAX","VWND"],"latest":{"CDD":0.0,"DVENTO":118.0,"ET0":0.91,"GDD":2.2,"HDD":5.8,"LIVNEVE":0.0,"PREC":0.0,"PREC24":0.0,"PREC48":0.0,"TAPP":9.1,"TDEW":-0.2,"TEMP":11.1,"UMID":45.7,"UWND":-0.0,"VPD":0.718,"VVENTO":0.0,"VVENTOMAX":0.6,"VWND":0.0},"latest_time":"2026-10-04T05:15","series":"series/FVG537.csv"}},{"type":"Feature","geometry":{"type":"Point","coordinates":[13.140573,46.48154]},"properties":{"scode":"FVG547","name":"Casera del Mestri","variables":["CDD","DVENTO","ET0","GDD","HDD","LIVNEVE","PREC","PREC24","PREC48","TAPP","TDEW","TEMP","UMID","UWND","VPD","VVENTO","VVENTOMAX","VWND"],"latest":{"CDD":0.0,"DVENTO":272.0,"ET0":0.74,"GDD":0.0,"HDD":9.0,"LIVNEVE":0.0,"PREC":0.0,"PREC24":0.0,"PREC48":0.0,"TAPP":5.9,"TDEW":-7.7,"TEMP":10.0,"UMID":28.0,"UWND":1.8,"VPD":0.884,"VVENTO":1.8,"VVENTOMAX":2.2,"VWND":-0.06},"latest_time":"2026-10-04T05:15","series":"series/FVG547.csv"}},{"type":"Feature","geometry":{"type":"Point","coordinates":[13.350665,46.290642]},"properties":{"scode":"FVG548","name":"Gran Monte","variables":["CDD","DVENTO","ET0","GDD","HDD","LIVNEVE","PREC","PREC24","PREC48","TAPP","TDEW","TEMP","UMID","UWND","VPD","VVENTO","VVENTOMAX","VWND"],"latest":{"CDD":0.0,"DVENTO":166.0,"ET0":0.7,"GDD":0.9,"HDD":7.1,"LIVNEVE":2.0,"PREC":0.0,"PREC24":0.0,"PREC48":0.0,"TAPP":7.7,"TDEW":-7.1,"TEMP":11.4,"UMID":26.7,"UWND":-0.29,"VPD":0.988,"VVENTO":1.2,"VVENTOMAX":1.8,"VWND":1.16},"latest_time":"2026-10-04T05:15","series":"series/FVG548.csv"}},{"type":"Feature","geometry":{"type":"Point","coordinates":[12.862513,46.410423]},"properties":{"scode":"FVG549","name":"Enemonzo","variables":["CDD","DVENTO","ET0","GDD","HDD","LIVNEVE","PREC","PREC24","PREC48","PRESS","QSPEC","RADSOL","TAPP","TDEW","TEMP","UMID","UWND","VPD","VVENTO","VVENTOMAX","VWND"],"latest":{"CDD":0.0,"DVENTO":286.466666666667,"ET0":0.41,"GDD":0.0,"HDD":12.0,"LIVNEVE":13.0,"PREC":0.0,"PREC24":0.0,"PREC48":0.0,"PRESS":979.273333333333,"QSPEC":5.61,"RADSOL":0.0,"TAPP":3.9,"TDEW":5.1,"TEMP":5.48,"UMID":97.6266666666667,"UWND":0.63,"VPD":0.021,"VVENTO":0.653333333333333,"VVENTOMAX":1.3,"VWND":-0.19},"latest_time":"2026-10-04T05:15","series":"series/FVG549.csv"}},{"type":"Feature","geometry":{"type":"Point","coordinates":[12.768772,46.076489]},"properties":{"scode":"FVG551","name":"Vivaro","variables":["CDD","DVENTO","ET0","GDD","HDD","PREC","PREC24","PREC48","PRESS","QSPEC","RADSOL","TAPP","TDEW","TEMP","UMID","UWND","VPD","VVENTO","VVENTOMAX","VWND"],"latest":{"CDD":0.0,"DVENTO":348.866666666667,"ET0":0.58,"GDD":0.0,"HDD":9.9,"PREC":0.0,"PREC24":0.0,"PREC48":0.0,"PRESS":1011.39333333333,"QSPEC":6.1,"RADSOL":2.64,"TAPP":6.4,"TDEW":6.8,"TEMP":9.04666666666667,"UMID":85.9266666666667,"UWND":0.53,"VPD":0.162,"VVENTO":2.72,"VVENTOMAX":3.6,"VWND":-2.67},"latest_time":"2026-10-04T05:15","series":"series/FVG551.csv"}},{"type":"Feature","geometry":{"type":"Point","coordinates":[12.815004,45.895674]},"properties":{"scode":"FVG552","name":"San Vito al Tagliamento","variables":["CDD","DVENTO","ET0","GDD","HDD","PREC","PREC24","PREC48","PRESS","QSPEC","RADSOL","TAPP","TDEW","TEMP","UMID","UWND","VPD","VVENTO","VVENTOMAX","VWND"],"latest":{"CDD":0.0,"DVENTO":81.2666666666667,"ET0":0.5,"GDD":0.0,"HDD":9.6,"PREC":0.0,"PREC24":0.0,"PREC48":0.0,"PRESS":1025.59333333333,"QSPEC":5.51,"RADSOL":5.34,"TAPP":4.6,"TDEW":5.5,"TEMP":6.30666666666667,"UMID":94.88,"UWND":-1.0,"VPD":0.049,"VVENTO":1.01333333333333,"VVENTOMAX":1.4,"VWND":-0.15},"latest_time":"2026-10-04T05:15","series":"series/FVG552.csv"}},{"type":"Feature","geometry":{"type":"Point","coordinates":[12.544995,45.917922]},"properties":{"scode":"FVG553","name":"Brugnera","variables":["CDD","DVENTO","ET0","GDD","HDD","PREC","PREC24","PREC48","PRESS","QSPEC","RADSOL","TAPP","TDEW","TEMP","UMID","UWND","VPD","VVENTO","VVENTOMAX","VWND"],"latest":{"CDD":0.0,"DVENTO":167.266666666667,"ET0":0.47,"GDD":0.0,"HDD":10.5,"PREC":0.0,"PREC24":0.0,"PREC48":0.0,"PRESS":1024.6,"QSPEC":5.89,"RADSOL":0.506666666666667,"TAPP":5.7,"TDEW":6.5,"TEMP":6.78,"UMID":98.1466666666667,"UWND":-0.09,"VPD":0.018,"VVENTO":0.413333333333333,"VVENTOMAX":0.7,"VWND":0.4},"latest_time":"2026-10-04T05:15","series":"series/FVG553.csv"}},{"type":"Feature","geometry":{"type":"Point","coordinates":[13.48185,45.889803]},"properties":{"scode":"FVG554","name":"Gradisca S+M","variables":["CDD","DVENTO","ET0","GDD","HDD","PREC","PREC24","PREC48","PRESS","QSPEC","RADSOL","TAPP","TDEW","TEMP","UMID","UWND","VPD","VVENTO","VVENTOMAX","VWND"],"latest":{"CDD":0.0,"DVENTO":2.26666666666667,"ET0":0.68,"GDD":0.0,"HDD":9.9,"PREC":0.0,"PREC24":0.0,"PREC48":0.0,"PRESS":1026.49333333333,"QSPEC":5.8,"RADSOL":4.59333333333333,"TAPP":4.8,"TDEW":6.3,"TEMP":8.76666666666667,"UMID":84.5266666666667,"UWND":-0.18,"VPD":0.175,"VVENTO":4.44,"VVENTOMAX":7.9,"VWND":-4.44},"latest_time":"2026-10-04T05:15","series":"series/FVG554.csv"}},{"type":"Feature","geometry":{"type":"Point","coordinates":[13.741996,45.737831]},"properties":{"scode":"FVG555","name":"Sgonico","variables":["CDD","DVENTO","ET0","GDD","HDD","PREC","PREC24","PREC48","PRESS","QSPEC","RADSOL","TAPP","TDEW","TEMP","UMID","UWND","VPD","VVENTO","VVENTOMAX","VWND"],"latest":{"CDD":0.0,"DVENTO":110.4,"ET0":1.68,"GDD":3.4,"HDD":4.2,"PREC":0.0,"PREC24":0.0,"PREC48":0.0,"PRESS":997.3,"QSPEC":5.49,"RADSOL":1.48,"TAPP":10.4,"TDEW":5.1,"TEMP":13.32,"UMID":57.4666666666667,"UWND":-2.45,"VPD":0.651,"VVENTO":2.61333333333333,"VVENTOMAX":4.9,"VWND":0.91},"latest_time":"2026-10-04T05:15","series":"series/FVG555.csv"}},{"type":"Feature","geometry":{"type":"Point","coordinates":[13.002779,45.952356]},"properties":{"scode":"FVG556","name":"Codroipo S+M","variables":["CDD","DVENTO","ET0","GDD","HDD","PREC","PREC24","PREC48","PRESS","QSPEC","RADSOL","TAPP","TDEW","TEMP","UMID","UWND","VPD","VVENTO","VVENTOMAX","VWND"],"latest":{"CDD":0.0,"DVENTO":16.0,"ET0":0.63,"GDD":0.0,"HDD":8.5,"PREC":0.0,"PREC24":0.0,"PREC48":0.0,"PRESS":1025.54666666667,"QSPEC":5.86,"RADSOL":0.0,"TAPP":6.8,"TDEW":6.4,"TEMP":8.40666666666667,"UMID":87.4466666666667,"UWND":-0.32,"VPD":0.138,"VVENTO":1.15333333333333,"VVENTOMAX":1.5,"VWND":-1.11},"latest_time":"2026-10-04T05:15","series":"series/FVG556.csv"}},{"type":"Feature","geometry":{"type":"Point","coordinates":[13.226687,46.035204]},"properties":{"scode":"FVG558","name":"Udine S+M","variables":["CDD","DVENTO","ET0","GDD","HDD","PREC","PREC24","PREC48","PRESS","QSPEC","RADSOL","TAPP","TDEW","TEMP","UMID","UWND","VPD","VVENTO","VVENTOMAX","VWND"],"latest":{"CDD":0.0,"DVENTO":345.2,"ET0":0.74,"GDD":0.0,"HDD":8.3,"PREC":0.0,"PREC24":0.0,"PREC48":0.0,"PRESS":1017.21333333333,"QSPEC":6.07,"RADSOL":0.206666666666667,"TAPP":9.1,"TDEW":6.8,"TEMP":11.1,"UMID":74.9133333333333,"UWND":0.45,"VPD":0.332,"VVENTO":1.78,"VVENTOMAX":2.5,"VWND":-1.72},"latest_time":"2026-10-04T05:15","series":"series/FVG558.csv"}},{"type":"Feature","geometry":{"type":"Point","coordinates":[13.155793,45.882299]},"properties":{"scode":"FVG559","name":"Talmassons","variables":["CDD","DVENTO","ET0","GDD","HDD","PREC","PREC24","PREC48","PRESS","QSPEC","RADSOL","TAPP","TDEW","TEMP","UMID","UWND","VPD","VVENTO","VVENTOMAX","VWND"],"latest":{"CDD":0.0,"DVENTO":313.666666666667,"ET0":0.45,"GDD":0.0,"HDD":11.2,"PREC":0.0,"PREC24":0.0,"PREC48":0.0,"PRESS":1024.68,"QSPEC":5.65,"RADSOL":3.59333333333333,"TAPP":4.2,"TDEW":5.9,"TEMP":6.23333333333333,"UMID":97.62,"UWND":1.09,"VPD":0.023,"VVENTO":1.50666666666667,"VVENTOMAX":2.8,"VWND":-1.04},"latest_time":"2026-10-04T05:15","series":"series/FVG559.csv"}},{"type":"Feature","geometry":{"type":"Point","coordinates":[13.052581,45.805698]},"properties":{"scode":"FVG560","name":"Palazzolo S+M","variables":["CDD","DVENTO","ET0","GDD","HDD","PREC","PREC24","PREC48","PRESS","QSPEC","RADSOL","TAPP","TDEW","TEMP","UMID","UWND","VPD","VVENTO","VVENTOMAX","VWND"],"latest":{"CDD":0.0,"DVENTO":278.866666666667,"ET0":0.36,"GDD":0.0,"HDD":12.0,"PREC":0.0,"PREC24":0.0,"PREC48":0.0,"PRESS":1027.42666666667,"QSPEC":5.4,"RADSOL":0.0,"TAPP":3.3,"TDEW":5.3,"TEMP":5.48,"UMID":98.7133333333333,"UWND":1.53,"VPD":0.012,"VVENTO":1.54666666666667,"VVENTOMAX":1.9,"VWND":-0.24},"latest_time":"2026-10-04T05:15","series":"series/FVG560.csv"}},{"type":"Feature","geometry":{"type":"Point","coordinates":[13.45882,45.714761]},"properties":{"scode":"FVG561","name":"Fossalon","variables":["CDD","DVENTO","ET0","GDD","HDD","PREC","PREC24","PREC48","PRESS","QSPEC","RADSOL","TAPP","TDEW","TEMP","UMID","UWND","VPD","VVENTO","VVENTOMAX","VWND"],"latest":{"CDD":0.0,"DVENTO":18.7333333333333,"ET0":1.07,"GDD":0.8,"HDD":7.2,"PREC":0.0,"PREC24":0.0,"PREC48":0.0,"PRESS":1028.9,"QSPEC":5.94,"RADSOL":0.0,"TAPP":7.5,"TDEW":6.7,"TEMP":10.74,"UMID":75.9733333333333,"UWND":-1.12,"VPD":0.31,"VVENTO":3.47333333333333,"VVENTOMAX":4.6,"VWND":-3.29},"latest_time":"2026-10-04T05:15","series":"series/FVG561.csv"}},{"type":"Feature","geometry":{"type":"Point","coordinates":[13.12209,46.261279]},"properties":{"scode":"FVG562","name":"Gemona S+M","variables":["CDD","DVENTO","ET0","GDD","HDD","PREC","PREC24","PREC48","PRESS","QSPEC","RADSOL","TAPP","TDEW","TEMP","UMID","UWND","VPD","VVENTO","VVENTOMAX","VWND"],"latest":{"CDD":0.0,"DVENTO":30.1333333333333,"ET0":1.8,"GDD":3.4,"HDD":4.6,"PREC":0.0,"PREC24":0.0,"PREC48":0.0,"PRESS":1006.7,"QSPEC":6.12,"RADSOL":0.0,"TAPP":8.9,"TDEW":6.8,"TEMP":12.6733333333333,"UMID":67.46,"UWND":-2.14,"VPD":0.477,"VVENTO":4.26666666666667,"VVENTOMAX":7.2,"VWND":-3.69},"latest_time":"2026-10-04T05:15","series":"series/FVG562.csv"}},{"type":"Feature","geometry":{"type":"Point","coordinates":[13.420006,46.080373]},"properties":{"scode":"FVG563","name":"Cividale S+M","variables":["CDD","DVENTO","ET0","GDD","HDD","PREC","PREC24","PREC48","PRESS","QSPEC","RADSOL","TAPP","TDEW","TEMP","UMID","UWND","VPD","VVENTO","VVENTOMAX","VWND"],"latest":{"CDD":0.0,"DVENTO":48.4,"ET0":1.71,"GDD":3.6,"HDD":4.4,"PREC":0.0,"PREC24":0.0,"PREC48":0.0,"PRESS":1012.47333333333,"QSPEC":6.84,"RADSOL":4.8,"TAPP":8.9,"TDEW":8.5,"TEMP":13.02,"UMID":74.0466666666667,"UWND":-4.04,"VPD":0.389,"VVENTO":5.4,"VVENTOMAX":7.7,"VWND":-3.59},"latest_time":"2026-10-04T05:15","series":"series/FVG563.csv"}},{"type":"Feature","geometry":{"type":"Point","coordinates":[12.601825,46.297487]},"properties":{"scode":"FVG566","name":"Casera Podestine","variables":["CDD","DVENTO","ET0","GDD","HDD","LIVNEVE","PREC","PREC24","PREC48","TAPP","TDEW","TEMP","UMID","UWND","VPD","VVENTO","VVENTOMAX","VWND"],"latest":{"CDD":0.0,"DVENTO":56.0,"ET0":0.61,"GDD":0.0,"HDD":10.7,"LIVNEVE":6.0,"PREC":0.0,"PREC24":0.0,"PREC48":0.0,"TAPP":4.3,"TDEW":-0.5,"TEMP":6.7,"UMID":60.3,"UWND":-0.41,"VPD":0.39,"VVENTO":0.5,"VVENTOMAX":1.0,"VWND":-0.28},"latest_time":"2026-10-04T05:15","series":"series/FVG566.csv"}},{"type":"Feature","geometry":{"type":"Point","coordinates":[12.597008,46.157276]},"properties":{"scode":"FVG568","name":"Pala d'Altei","variables":["CDD","DVENTO","ET0","GDD","HDD","PRESS","QSPEC","RADSOL","TAPP","TDEW","TEMP","UMID","UWND","VPD","VVENTO","VVENTOMAX","VWND"],"latest":{"CDD":0.0,"DVENTO":291.133333333333,"ET0":1.37,"GDD":1.0,"HDD":7.0,"PRESS":861.4,"QSPEC":4.12,"RADSOL":1.15333333333333,"TAPP":8.5,"TDEW":-1.0,"TEMP":11.0466666666667,"UMID":43.32,"UWND":0.61,"VPD":0.746,"VVENTO":0.653333333333333,"VVENTOMAX":1.1,"VWND":-0.24},"latest_time":"2026-10-04T05:15","series":"series/FVG568.csv"}},{"type":"Feature","geometry":{"type":"Point","coordinates":[13.0739,46.101703]},"properties":{"scode":"FVG569","name":"Fagagna S+M","variables":["CDD","DVENTO","ET0","GDD","HDD","PREC","PREC24","PREC48","PRESS","QSPEC","RADSOL","TAPP","TDEW","TEMP","UMID","UWND","VPD","VVENTO","VVENTOMAX","VWND"],"latest":{"CDD":0.0,"DVENTO":5.06666666666667,"ET0":1.96,"GDD":3.4,"HDD":4.7,"PREC":0.0,"PREC24":0.0,"PREC48":0.0,"PRESS":1009.90666666667,"QSPEC":6.32,"RADSOL":4.01333333333333,"TAPP":8.5,"TDEW":7.3,"TEMP":12.7733333333333,"UMID":69.3733333333333,"UWND":-0.46,"VPD":0.452,"VVENTO":5.2,"VVENTOMAX":7.1,"VWND":-5.18},"latest_time":"2026-10-04T05:15","series":"series/FVG569.csv"}},{"type":"Feature","geometry":{"type":"Point","coordinates":[13.552011,46.510736]},"properties":{"scode":"FVG570","name":"Tarvisio S+M","variables":["CDD","DVENTO","ET0","GDD","HDD","LIVNEVE","PREC","PREC24","PREC48","PRESS","QSPEC","RADSOL","TAPP","TDEW","TEMP","UMID","UWND","VPD","VVENTO","VVENTOMAX","VWND"],"latest":{"CDD":0.0,"DVENTO":51.4,"ET0":0.41,"GDD":0.0,"HDD":15.3,"LIVNEVE":5.0,"PREC":0.0,"PREC24":0.0,"PREC48":0.0,"PRESS":937.266666666667,"QSPEC":4.47,"RADSOL":0.0,"TAPP":-0.2,"TDEW":1.3,"TEMP":1.96666666666667,"UMID":95.5133333333333,"UWND":-0.38,"VPD":0.032,"VVENTO":0.486666666666667,"VVENTOMAX":0.7,"VWND":-0.3},"latest_time":"2026-10-04T05:15","series":"series/FVG570.csv"}},{"type":"Feature","geometry":{"type":"Point","coordinates":[13.5653,45.61858]},"properties":{"scode":"FVG574","name":"Boa Paloma","variables":["CDD","DVENTO","ET0","GDD","HDD","PRESS","QSPEC","RADSOL","TAPP","TDEW","TEMP","UMID","UWND","VPD","VVENTO","VVENTOMAX","VWND"],"latest":{"CDD":0.0,"DVENTO":81.8666666666667,"ET0":3.09,"GDD":9.3,"HDD":0.0,"PRESS":1026.18666666667,"QSPEC":7.46,"RADSOL":2.06,"TAPP":15.8,"TDEW":10.0,"TEMP":18.94,"UMID":56.1,"UWND":-4.5,"VPD":0.961,"VVENTO":4.54666666666667,"VVENTOMAX":5.5,"VWND":-0.64},"latest_time":"2026-10-04T05:15","series":"series/FVG574.csv"}},{"type":"Feature","geometry":{"type":"Point","coordinates":[13.34381,45.59447]},"properties":{"scode":"FVG578","name":"Grado Boa Meteo","variables":["CDD","DVENTO","ET0","GDD","HDD","TEMP","UWND","VVENTO","VVENTOMAX","VWND"],"latest":{"CDD":0.0,"DVENTO":38.0,"ET0":1.07,"GDD":9.4,"HDD":0.0,"TEMP":18.8,"UWND":-3.69,"VVENTO":6.0,"VVENTOMAX":7.1,"VWND":-4.73},"latest_time":"2026-10-04T05:15","series":"series/FVG578.csv"}},{"type":"Feature","geometry":{"type":"Point","coordinates":[13.352652,46.1315]},"properties":{"scode":"FVG601","name":"Faedis","variables":["CDD","DVENTO","ET0","GDD","HDD","PREC","PREC24","PREC48","PRESS","QSPEC","RADSOL","TAPP","TDEW","TEMP","UMID","UWND","VPD","VVENTO","VVENTOMAX","VWND"],"latest":{"CDD":0.0,"DVENTO":265.6,"ET0":0.79,"GDD":0.8,"HDD":7.7,"PREC":0.0,"PREC24":0.0,"PREC48":0.0,"PRESS":1011.64666666667,"QSPEC":5.86,"RADSOL":4.46666666666667,"TAPP":6.8,"TDEW":6.2,"TEMP":8.13333333333333,"UMID":87.7933333333333,"UWND":0.63,"VPD":0.132,"VVENTO":0.633333333333333,"VVENTOMAX":1.4,"VWND":0.05},"latest_time":"2026-10-04T05:15","series":"series/FVG601.csv"}},{"type":"Feature","geometry":{"type":"Point","coordinates":[13.071209,46.371503]},"properties":{"scode":"FVG627","name":"Amaro","variables":["CDD","DVENTO","ET0","GDD","HDD","PREC","PREC24","PREC48","RADSOL","TAPP","TDEW","TEMP","UMID","UWND","VPD","VVENTO","VVENTOMAX","VWND"],"latest":{"CDD":0.0,"DVENTO":148.666666666667,"ET0":0.44,"GDD":0.0,"HDD":10.5,"PREC":0.0,"PREC24":0.0,"PREC48":0.0,"RADSOL":1.24,"TAPP":5.3,"TDEW":6.3,"TEMP":6.62,"UMID":97.82,"UWND":-0.33,"VPD":0.021,"VVENTO":0.626666666666667,"VVENTOMAX":1.2,"VWND":0.54},"latest_time":"2026-10-04T05:15","series":"series/FVG627.csv"}},{"type":"Feature","geometry":{"type":"Point","coordinates":[12.65388,45.98689]},"properties":{"scode":"FVG629","name":"Pordenone Comina","variables":["CDD","DVENTO","ET0","GDD","HDD","PREC","PREC24","PREC48","PRESS","QSPEC","RADSOL","TAPP","TDEW","TEMP","UMID","UWND","VPD","VVENTO","VVENTOMAX","VWND"],"latest":{"CDD":0.0,"DVENTO":341.466666666667,"ET0":0.62,"GDD":0.0,"HDD":10.8,"PREC":0.0,"PREC24":0.0,"PREC48":0.0,"PRESS":1019.74666666667,"QSPEC":5.17,"RADSOL":1.39333333333333,"TAPP":2.5,"TDEW":4.5,"TEMP":5.57333333333333,"UMID":93.06,"UWND":0.83,"VPD":0.063,"VVENTO":2.60666666666667,"VVENTOMAX":2.8,"VWND":-2.47},"latest_time":"2026-10-04T05:15","series":"series/FVG629.csv"}},{"type":"Feature","geometry":{"type":"Point","coordinates":[12.700403,46.009192]},"properties":{"scode":"FVG47","name":"Cordenons","variables":["CDD","DVENTO","ET0","GDD","HDD","PREC","PREC24","PREC48","PRESS","QSPEC","RADSOL","TAPP","TDEW","TEMP","UMID","UWND","VPD","VVENTO","VVENTOMAX","VWND"],"latest":{"CDD":0.0,"DVENTO":357.0,"ET0":0.61,"GDD":0.0,"HDD":8.6,"PREC":0.0,"PREC24":0.0,"PREC48":0.0,"PRESS":1018.3,"QSPEC":6.04,"RADSOL":5.6,"TAPP":8.0,"TDEW":6.8,"TEMP":9.3,"UMID":84.2,"UWND":0.04,"VPD":0.185,"VVENTO":0.8,"VVENTOMAX":1.1,"VWND":-0.8},"latest_time":"2026-10-04T05:15","series":"series/FVG47.csv"}},{"type":"Feature","geometry":{"type":"Point","coordinates":[12.486019,46.349772]},"properties":{"scode":"FVG60","name":"Forcella Savalons","variables":["CDD","DVENTO","ET0","GDD","HDD","LIVNEVE","PREC","PREC24","PREC48","TAPP","TDEW","TEMP","UMID","UWND","VPD","VVENTO","VVENTOMAX","VWND"],"latest":{"CDD":0.0,"DVENTO":79.0,"ET0":0.55,"GDD":0.0,"HDD":10.2,"LIVNEVE":9.0,"PREC":0.0,"PREC24":0.0,"PREC48":0.0,"TAPP":4.3,"TDEW":-7.2,"TEMP":7.5,"UMID":34.4,"UWND":-0.59,"VPD":0.68,"VVENTO":0.6,"VVENTOMAX":1.1,"VWND":-0.11},"latest_time":"2026-10-04T05:15","series":"series/FVG60.csv"}},{"type":"Feature","geometry":{"type":"Point","coordinates":[13.663756,46.467944]},"properties":{"scode":"FVG63","name":"Fusine Alpe del lago","variables":["CDD","DVENTO","ET0","GDD","HDD","LIVNEVE","PREC","PREC24","PREC48","TAPP","TDEW","TEMP","UMID","UWND","VPD","VVENTO","VVENTOMAX","VWND"],"latest":{"CDD":0.0,"DVENTO":221.0,"ET0":0.58,"GDD":0.0,"HDD":10.9,"LIVNEVE":10.0,"PREC":0.0,"PREC24":0.0,"PREC48":0.0,"TAPP":4.7,"TDEW":3.5,"TEMP":6.9,"UMID":79.1,"UWND":0.79,"VPD":0.208,"VVENTO":1.2,"VVENTOMAX":1.3,"VWND":0.91},"latest_time":"2026-10-04T05:15","series":"series/FVG63.csv"}},{"type":"Feature","geometry":{"type":"Point","coordinates":[13.121167,45.686555]},"properties":{"scode":"FVG78","name":"Lignano Sabbiadoro","variables":["CDD","DVENTO","ET0","GDD","HDD","PREC","PREC24","PREC48","PRESS","QSPEC","RADSOL","TAPP","TDEW","TEMP","UMID","UWND","VPD","VVENTO","VVENTOMAX","VWND"],"latest":{"CDD":0.0,"DVENTO":323.0,"ET0":1.21,"GDD":4.9,"HDD":2.7,"PREC":0.0,"PREC24":0.0,"PREC48":0.0,"PRESS":1027.2,"QSPEC":7.28,"RADSOL":5.2,"TAPP":12.4,"TDEW":9.6,"TEMP":14.2,"UMID":74.1,"UWND":1.5,"VPD":0.419,"VVENTO":2.5,"VVENTOMAX":3.4,"VWND":-2.0},"latest_time":"2026-10-04T05:15","series":"series/FVG78.csv"}},{"type":"Feature","geometry":{"type":"Point","coordinates":[13.187742,46.360224]},"properties":{"scode":"FVG83","name":"Malga Cjariguart","variables":["CDD","DVENTO","ET0","GDD","HDD","LIVNEVE","PREC","PREC24","PREC48","TAPP","TDEW","TEMP","UMID","UWND","VPD","VVENTO","VVENTOMAX","VWND"],"latest":{"CDD":0.0,"DVENTO":145.0,"ET0":0.86,"GDD":2.4,"HDD":5.6,"LIVNEVE":1.0,"PREC":0.0,"PREC24":0.0,"PREC48":0.0,"TAPP":8.1,"TDEW":-26.3,"TEMP":13.1,"UMID":4.8,"UWND":-0.98,"VPD":1.435,"VVENTO":1.7,"VVENTOMAX":1.8,"VWND":1.39},"latest_time":"2026-10-04T05:15","series":"series/FVG83.csv"}},{"type":"Feature","geometry":{"type":"Point","coordinates":[13.275248,46.559887]},"properties":{"scode":"FVG108","name":"Passo Pramollo","variables":["CDD","DVENTO","ET0","GDD","HDD","LIVNEVE","PREC","PREC24","PREC48","TAPP","TDEW","TEMP","UMID","UWND","VPD","VVENTO","VVENTOMAX","VWND"],"latest":{"CDD":0.0,"DVENTO":336.0,"ET0":0.67,"GDD":0.0,"HDD":9.8,"LIVNEVE":5.0,"PREC":0.0,"PREC24":0.0,"PREC48":0.0,"TAPP":5.7,"TDEW":1.8,"TEMP":8.5,"UMID":62.8,"UWND":0.65,"VPD":0.413,"VVENTO":1.6,"VVENTOMAX":2.7,"VWND":-1.46},"latest_time":"2026-10-04T05:15","series":"series/FVG108.csv"}},{"type":"Feature","geometry":{"type":"Point","coordinates":[13.573856,46.419232]},"properties":{"scode":"FVG109","name":"Passo Predil","variables":["CDD","DVENTO","ET0","GDD","HDD","LIVNEVE","PREC","PREC24","PREC48","TAPP","TDEW","TEMP","UMID","UWND","VPD","VVENTO","VVENTOMAX","VWND"],"latest":{"CDD":0.0,"DVENTO":242.0,"ET0":0.57,"GDD":0.0,"HDD":11.5,"LIVNEVE":36.0,"PREC":0.0,"PREC24":0.0,"PREC48":0.0,"TAPP":4.5,"TDEW":3.8,"TEMP":6.1,"UMID":85.4,"UWND":0.26,"VPD":0.137,"VVENTO":0.3,"VVENTOMAX":2.3,"VWND":0.14},"latest_time":"2026-10-04T05:15","series":"series/FVG109.csv"}},{"type":"Feature","geometry":{"type":"Point","coordinates":[12.489222,46.192728]},"properties":{"scode":"FVG142","name":"Prescudin","variables":["CDD","DVENTO","ET0","GDD","HDD","LIVNEVE","PREC","PREC24","PREC48","TAPP","TDEW","TEMP","UMID","UWND","VPD","VVENTO","VVENTOMAX","VWND"],"latest":{"CDD":0.0,"DVENTO":167.0,"ET0":0.59,"GDD":0.0,"HDD":12.6,"LIVNEVE":3.0,"PREC":0.0,"PREC24":0.0,"PREC48":0.0,"TAPP":2.8,"TDEW":3.7,"TEMP":4.9,"UMID":92.2,"UWND":-0.22,"VPD":0.068,"VVENTO":1.0,"VVENTOMAX":1.2,"VWND":0.97},"latest_time":"2026-10-04T05:15","series":"series/FVG142.csv"}},{"type":"Feature","geometry":{"type":"Point","coordinates":[12.394367,46.321547]},"properties":{"scode":"FVG149","name":"Rifugio Maniago","variables":["CDD","DVENTO","ET0","GDD","HDD","LIVNEVE","PREC","PREC24","PREC48","TAPP","TDEW","TEMP","UMID","UWND","VPD","VVENTO","VVENTOMAX","VWND"],"latest":{"CDD":0.0,"DVENTO":29.0,"ET0":0.55,"GDD":0.6,"HDD":7.4,"LIVNEVE":2.0,"PREC":0.0,"PREC24":0.0,"PREC48":0.0,"TAPP":7.1,"TDEW":-4.2,"TEMP":10.2,"UMID":36.1,"UWND":-0.39,"VPD":0.795,"VVENTO":0.8,"VVENTOMAX":1.8,"VWND":-0.7},"latest_time":"2026-10-04T05:15","series":"series/FVG149.csv"}},{"type":"Feature","geometry":{"type":"Point","coordinates":[13.161958,45.914405]},"properties":{"scode":"FVG154","name":"Sant'Andrat del Cormor","variables":["CDD","DVENTO","ET0","GDD","HDD","LIVIDRO","PREC","PREC24","PREC48","PRESS","QSPEC","TAPP","TDEW","TEMP","UMID","UWND","VPD","VVENTO","VVENTOMAX","VWND"],"latest":{"CDD":0.0,"DVENTO":321.0,"ET0":0.83,"GDD":2.0,"HDD":5.9,"LIVIDRO":0.28,"PREC":0.0,"PREC24":0.0,"PREC48":0.0,"PRESS":1025.5,"QSPEC":5.95,"TAPP":9.3,"TDEW":6.7,"TEMP":11.1,"UMID":74.1,"UWND":0.88,"VPD":0.342,"VVENTO":1.4,"VVENTOMAX":1.9,"VWND":-1.09},"latest_time":"2026-10-04T05:15","series":"series/FVG154.csv"}},{"type":"Feature","geometry":{"type":"Point","coordinates":[13.302889,46.04425]},"properties":{"scode":"FVG215","name":"Pradamano","variables":["CDD","DVENTO","ET0","GDD","HDD","PREC","PREC24","PREC48","TAPP","TDEW","TEMP","UMID","UWND","VPD","VVENTO","VVENTOMAX","VWND"],"latest":{"CDD":0.0,"DVENTO":295.0,"ET0":0.76,"GDD":0.0,"HDD":12.4,"PREC":0.0,"PREC24":0.0,"PREC48":0.0,"TAPP":2.2,"TDEW":4.0,"TEMP":4.30666666666667,"UMID":98.02,"UWND":1.09,"VPD":0.016,"VVENTO":1.2,"VVENTOMAX":1.9,"VWND":-0.51},"latest_time":"2026-10-04T05:15","series":"series/FVG215.csv"}},{"type":"Feature","geometry":{"type":"Point","coordinates":[13.021434,45.736014]},"properties":{"scode":"FVG218","name":"Gorgo","variables":["CDD","DVENTO","ET0","GDD","HDD","PREC","PREC24","PREC48","RADSOL","TAPP","TDEW","TEMP","UMID","UWND","VPD","VVENTO","VVENTOMAX","VWND"],"latest":{"CDD":0.0,"DVENTO":16.9333333333333,"ET0":0.51,"GDD":0.0,"HDD":8.6,"PREC":0.0,"PREC24":0.0,"PREC48":0.0,"RADSOL":0.906666666666667,"TAPP":8.0,"TDEW":8.4,"TEMP":9.22,"UMID":94.62,"UWND":-0.35,"VPD":0.063,"VVENTO":1.2,"VVENTOMAX":2.0,"VWND":-1.15},"latest_time":"2026-10-04T05:15","series":"series/FVG218.csv"}},{"type":"Feature","geometry":{"type":"Point","coordinates":[13.486846,46.114254]},"properties":{"scode":"FVG223","name":"San Pietro al Natisone","variables":["CDD","DVENTO","ET0","GDD","HDD","PREC","PREC24","PREC48","PRESS","QSPEC","RADSOL","TAPP","TDEW","TEMP","UMID","UWND","VPD","VVENTO","VVENTOMAX","VWND"],"latest":{"CDD":0.0,"DVENTO":79.0666666666667,"ET0":0.73,"GDD":0.0,"HDD":9.2,"PREC":0.0,"PREC24":0.0,"PREC48":0.0,"PRESS":1010.2,"QSPEC":5.95,"RADSOL":4.18,"TAPP":5.4,"TDEW":6.4,"TEMP":8.35333333333333,"UMID":87.7866666666667,"UWND":-3.04,"VPD":0.134,"VVENTO":3.1,"VVENTOMAX":4.4,"VWND":-0.59},"latest_time":"2026-10-04T05:15","series":"series/FVG223.csv"}},{"type":"Feature","geometry":{"type":"Point","coordinates":[13.565849,45.946762]},"properties":{"scode":"FVG228","name":"Fornace Lucinico","variables":["CDD","DVENTO","ET0","GDD","HDD","PREC","PREC24","PREC48","TAPP","TDEW","TEMP","UMID","UWND","VPD","VVENTO","VVENTOMAX","VWND"],"latest":{"CDD":0.0,"DVENTO":244.0,"ET0":0.84,"GDD":0.7,"HDD":7.3,"PREC":0.0,"PREC24":0.0,"PREC48":0.0,"TAPP":8.5,"TDEW":6.4,"TEMP":9.73333333333333,"UMID":79.6,"UWND":0.51,"VPD":0.246,"VVENTO":0.566666666666667,"VVENTOMAX":1.2,"VWND":0.25},"latest_time":"2026-10-04T05:15","series":"series/FVG228.csv"}},{"type":"Feature","geometry":{"type":"Point","coordinates":[13.453118,45.906572]},"properties":{"scode":"FVG232","name":"Mariano del Friuli","variables":["CDD","DVENTO","ET0","GDD","HDD","PREC","PREC24","PREC48","TAPP","TDEW","TEMP","UMID","UWND","VPD","VVENTO","VVENTOMAX","VWND"],"latest":{"CDD":0.0,"DVENTO":15.0,"ET0":0.66,"GDD":0.0,"HDD":9.1,"PREC":0.0,"PREC24":0.0,"PREC48":0.0,"TAPP":7.0,"TDEW":5.5,"TEMP":8.66666666666667,"UMID":80.4,"UWND":-0.25,"VPD":0.22,"VVENTO":0.966666666666667,"VVENTOMAX":1.3,"VWND":-0.93},"latest_time":"2026-10-04T05:15","series":"series/FVG232.csv"}},{"type":"Feature","geometry":{"type":"Point","coordinates":[13.47545,45.86692]},"properties":{"scode":"FVG237","name":"Fogliano Redipuglia","variables":["CDD","DVENTO","ET0","GDD","HDD","PREC","PREC24","PREC48","TAPP","TDEW","TEMP","UMID","UWND","VPD","VVENTO","VVENTOMAX","VWND"],"latest":{"CDD":0.0,"DVENTO":255.666666666667,"ET0":0.59,"GDD":0.0,"HDD":11.7,"PREC":0.0,"PREC24":0.0,"PREC48":0.0,"TAPP":4.3,"TDEW":5.1,"TEMP":5.96666666666667,"UMID":93.8666666666667,"UWND":0.71,"VPD":0.057,"VVENTO":0.733333333333333,"VVENTOMAX":1.4,"VWND":0.18},"latest_time":"2026-10-04T05:15","series":"series/FVG237.csv"}},{"type":"Feature","geometry":{"type":"Point","coordinates":[12.505972,46.118707]},"properties":{"scode":"FVG503","name":"Val Sughet","variables":["CDD","DVENTO","ET0","GDD","HDD","LIVNEVE","PREC","PREC24","PREC48","TAPP","TDEW","TEMP","UMID","UWND","VPD","VVENTO","VVENTOMAX","VWND"],"latest":{"CDD":0.0,"DVENTO":315.0,"ET0":0.58,"GDD":0.0,"HDD":9.1,"LIVNEVE":3.0,"PREC":0.0,"PREC24":0.0,"PREC48":0.0,"TAPP":4.7,"TDEW":-7.3,"TEMP":8.8,"UMID":31.4,"UWND":1.27,"VPD":0.777,"VVENTO":1.8,"VVENTOMAX":2.7,"VWND":-1.27},"latest_time":"2026-10-04T05:15","series":"series/FVG503.csv"}},{"type":"Feature","geometry":{"type":"Point","coordinates":[13.764613,45.647373]},"properties":{"scode":"FVG504","name":"Trieste Nautico","variables":["CDD","DVENTO","ET0","GDD","HDD","PREC","PREC24","PREC48","PRESS","QSPEC","TAPP","TDEW","TEMP","UMID","UWND","VPD","VVENTO","VVENTOMAX","VWND"],"latest":{"CDD":0.0,"DVENTO":118.066666666667,"ET0":1.0,"GDD":7.9,"HDD":0.0,"PREC":0.0,"PREC24":0.0,"PREC48":0.0,"PRESS":1023.91333333333,"QSPEC":5.17,"TAPP":14.3,"TDEW":4.6,"TEMP":16.9866666666667,"UMID":43.9066666666667,"UWND":-1.89,"VPD":1.086,"VVENTO":2.14,"VVENTOMAX":4.5,"VWND":1.01},"latest_time":"2026-10-04T05:15","series":"series/FVG504.csv"}},{"type":"Feature","geometry":{"type":"Point","coordinates":[12.524263,46.114924]},"properties":{"scode":"FVG505","name":"Piancavallo","variables":["CDD","DVENTO","ET0","GDD","HDD","LIVNEVE","PREC","PREC24","PREC48","PRESS","QSPEC","RADSOL","TAPP","TDEW","TEMP","UMID","UWND","VPD","VVENTO","VVENTOMAX","VWND"],"latest":{"CDD":0.0,"DVENTO":119.6,"ET0":0.6,"GDD":0.0,"HDD":12.0,"LIVNEVE":3.0,"PREC":0.0,"PREC24":0.0,"PREC48":0.0,"PRESS":885.353333333333,"QSPEC":4.85,"RADSOL":0.653333333333333,"TAPP":3.9,"TDEW":1.6,"TEMP":5.98,"UMID":73.7266666666667,"UWND":-0.48,"VPD":0.245,"VVENTO":0.553333333333333,"VVENTOMAX":1.4,"VWND":0.27},"latest_time":"2026-10-04T05:15","series":"series/FVG505.csv"}},{"type":"Feature","geometry":{"type":"Point","coordinates":[13.333072,45.91118]},"properties":{"scode":"FVG517","name":"Palmanova","variables":["CDD","DVENTO","ET0","GDD","HDD","PREC","PREC24","PREC48","PRESS","QSPEC","RADSOL","TAPP","TDEW","TEMP","UMID","UWND","VPD","VVENTO","VVENTOMAX","VWND"],"latest":{"CDD":0.0,"DVENTO":8.0,"ET0":0.7,"GDD":0.0,"HDD":8.7,"PREC":0.0,"PREC24":0.0,"PREC48":0.0,"PRESS":1024.1,"QSPEC":5.66,"RADSOL":0.4,"TAPP":6.6,"TDEW":5.9,"TEMP":8.7,"UMID":82.7,"UWND":-0.24,"VPD":0.195,"VVENTO":1.7,"VVENTOMAX":2.1,"VWND":-1.68},"latest_time":"2026-10-04T05:15","series":"series/FVG517.csv"}},{"type":"Feature","geometry":{"type":"Point","coordinates":[13.520179,46.482062]},"properties":{"scode":"FVG527","name":"Monte Lussari","variables":["CDD","DVENTO","ET0","GDD","HDD","PREC","PREC24","PREC48","PRESS","QSPEC","RADSOL","TAPP","TDEW","TEMP","UMID","UWND","VPD","VVENTO","VVENTOMAX","VWND"],"latest":{"CDD":0.0,"DVENTO":76.2666666666667,"ET0":1.22,"GDD":0.0,"HDD":8.8,"PREC":0.0,"PREC24":0.0,"PREC48":0.0,"PRESS":833.78,"QSPEC":4.69,"RADSOL":5.3,"TAPP":6.2,"TDEW":0.3,"TEMP":9.15333333333333,"UMID":54.0866666666667,"UWND":-1.47,"VPD":0.533,"VVENTO":1.51333333333333,"VVENTOMAX":1.8,"VWND":-0.36},"latest_time":"2026-10-04T05:15","series":"series/FVG527.csv"}},{"type":"Feature","geometry":{"type":"Point","coordinates":[12.590436,46.345945]},"properties":{"scode":"FVG538","name":"Rifugio Pussa","variables":["CDD","DVENTO","ET0","GDD","HDD","LIVNEVE","PREC","PREC24","PREC48","PRESS","QSPEC","RADSOL","TAPP","TDEW","TEMP","UMID","UWND","VPD","VVENTO","VVENTOMAX","VWND"],"latest":{"CDD":0.0,"DVENTO":66.0,"ET0":0.61,"GDD":0.0,"HDD":12.7,"LIVNEVE":0.0,"PREC":0.0,"PREC24":0.0,"PREC48":0.0,"PRESS":921.9,"QSPEC":4.42,"RADSOL":0.0,"TAPP":2.2,"TDEW":0.9,"TEMP":4.7,"UMID":76.5,"UWND":-0.91,"VPD":0.201,"VVENTO":1.0,"VVENTOMAX":1.4,"VWND":-0.41},"latest_time":"2026-10-04T05:15","series":"series/FVG538.csv"}},{"type":"Feature","geometry":{"type":"Point","coordinates":[12.559611,46.45473]},"properties":{"scode":"FVG539","name":"Varmost M.te Simone","variables":["CDD","DVENTO","ET0","GDD","HDD","LIVNEVE","PREC","PREC24","PREC48","TAPP","TDEW","TEMP","UMID","UWND","VPD","VVENTO","VVENTOMAX","VWND"],"latest":{"CDD":0.0,"DVENTO":31.0,"ET0":0.66,"GDD":0.0,"HDD":8.6,"LIVNEVE":0.0,"PREC":0.0,"PREC24":0.0,"PREC48":0.0,"TAPP":5.3,"TDEW":-12.9,"TEMP":9.3,"UMID":19.4,"UWND":-0.57,"VPD":0.944,"VVENTO":1.1,"VVENTOMAX":2.3,"VWND":-0.94},"latest_time":"2026-10-04T05:15","series":"series/FVG539.csv"}},{"type":"Feature","geometry":{"type":"Point","coordinates":[13.47033,46.37434]},"properties":{"scode":"FVG541","name":"Livinal Lunc","variables":["CDD","DVENTO","ET0","GDD","HDD","LIVNEVE","PREC","PREC24","PREC48","RADSOL","TAPP","TDEW","TEMP","UMID","UWND","VPD","VVENTO","VVENTOMAX","VWND"],"latest":{"CDD":0.0,"DVENTO":160.0,"ET0":1.25,"GDD":1.4,"HDD":6.8,"LIVNEVE":5.0,"PREC":0.0,"PREC24":0.0,"PREC48":0.0,"RADSOL":0.0,"TAPP":7.3,"TDEW":-22.5,"TEMP":11.3,"UMID":7.6,"UWND":-0.17,"VPD":1.237,"VVENTO":0.5,"VVENTOMAX":1.5,"VWND":0.47},"latest_time":"2026-10-04T05:15","series":"series/FVG541.csv"}},{"type":"Feature","geometry":{"type":"Point","coordinates":[12.572656,46.243419]},"properties":{"scode":"FVG565","name":"Baldass","variables":["CDD","DVENTO","ET0","GDD","HDD","LIVNEVE","PREC","PREC24","PREC48","PRESS","QSPEC","RADSOL","TAPP","TDEW","TEMP","UMID","UWND","VPD","VVENTO","VVENTOMAX","VWND"],"latest":{"CDD":0.0,"DVENTO":170.0,"ET0":0.8,"GDD":0.4,"HDD":7.7,"LIVNEVE":1.0,"PREC":0.0,"PREC24":0.0,"PREC48":0.0,"PRESS":828.1,"QSPEC":1.67,"RADSOL":1.2,"TAPP":6.6,"TDEW":-13.2,"TEMP":9.9,"UMID":18.2,"UWND":-0.0,"VPD":0.998,"VVENTO":0.0,"VVENTOMAX":0.1,"VWND":0.0},"latest_time":"2026-10-04T05:15","series":"series/FVG565.csv"}},{"type":"Feature","geometry":{"type":"Point","coordinates":[13.248559,46.456698]},"properties":{"scode":"FVG546","name":"Bivacco Bianchi","variables":["CDD","DVENTO","ET0","GDD","HDD","LIVNEVE","PREC","PREC24","PREC48","TAPP","TDEW","TEMP","UMID","UWND","VPD","VVENTO","VVENTOMAX","VWND"],"latest":{"CDD":0.0,"DVENTO":129.0,"ET0":0.66,"GDD":1.6,"HDD":6.5,"LIVNEVE":5.0,"PREC":0.0,"PREC24":0.0,"PREC48":0.0,"TAPP":7.7,"TDEW":-20.9,"TEMP":11.3,"UMID":8.7,"UWND":-0.0,"VPD":1.223,"VVENTO":0.0,"VVENTOMAX":0.4,"VWND":0.0},"latest_time":"2026-10-04T05:15","series":"series/FVG546.csv"}},{"type":"Feature","geometry":{"type":"Point","coordinates":[12.745465,46.571172]},"properties":{"scode":"FVG518","name":"Stadio Biathlon Piani di Luzza","variables":["CDD","DVENTO","ET0","GDD","HDD","LIVNEVE","PREC","PREC24","PREC48","TAPP","TDEW","TEMP","UMID","UWND","VPD","VVENTO","VVENTOMAX","VWND"],"latest":{"CDD":0.0,"DVENTO":317.0,"ET0":0.72,"GDD":0.0,"HDD":10.9,"LIVNEVE":8.0,"PREC":0.0,"PREC24":0.0,"PREC48":0.0,"TAPP":5.1,"TDEW":3.1,"TEMP":7.1,"UMID":75.8,"UWND":0.48,"VPD":0.244,"VVENTO":0.7,"VVENTOMAX":2.3,"VWND":-0.51},"latest_time":"2026-10-04T05:00","series":"series/FVG518.csv"}},{"type":"Feature","geometry":{"type":"Point","coordinates":[13.299785,46.482524]},"properties":{"scode":"FVG528","name":"Pietratagliata","variables":["CDD","DVENTO","ET0","GDD","HDD","PREC","PREC24","PREC48","TAPP","TDEW","TEMP","UMID","UWND","VPD","VVENTO","VVENTOMAX","VWND"],"latest":{"CDD":0.0,"DVENTO":10.0,"ET0":0.67,"GDD":0.0,"HDD":9.8,"PREC":0.0,"PREC24":0.0,"PREC48":0.0,"TAPP":5.2,"TDEW":5.3,"TEMP":7.4,"UMID":86.7,"UWND":-0.3,"VPD":0.137,"VVENTO":1.7,"VVENTOMAX":3.0,"VWND":-1.67},"latest_time":"2026-10-04T05:15","series":"series/FVG528.csv"}},{"type":"Feature","geometry":{"type":"Point","coordinates":[13.30582,46.188316]},"properties":{"scode":"FVG7","name":"Attimis","variables":["LIVIDRO"],"latest":{"LIVIDRO":0.37},"latest_time":"2026-10-04T05:15","series":"series/FVG7.csv"}},{"type":"Feature","geometry":{"type":"Point","coordinates":[13.494746,46.118391]},"properties":{"scode":"FVG9","name":"Azzida","variables":["CDD","ET0","GDD","HDD","LIVIDRO","PREC","PREC24","PREC48","TDEW","TEMP","UMID","VPD"],"latest":{"CDD":0.0,"ET0":0.62,"GDD":0.0,"HDD":11.5,"LIVIDRO":0.32,"PREC":0.0,"PREC24":0.0,"PREC48":0.0,"TDEW":5.2,"TEMP":5.7,"UMID":96.4,"VPD":0.033},"latest_time":"2026-10-04T05:15","series":"series/FVG9.csv"}},{"type":"Feature","geometry":{"type":"Point","coordinates":[13.207894,46.028068]},"properties":{"scode":"FVG12","name":"Basaldella","variables":["LIVIDRO"],"latest":{"LIVIDRO":-0.04},"latest_time":"2026-10-04T05:15","series":"series/FVG12.csv"}},{"type":"Feature","geometry":{"type":"Point","coordinates":[12.539739,46.15263]},"properties":{"scode":"FVG18","name":"Caltea","variables":["LIVIDRO"],"latest":{"LIVIDRO":-0.48},"latest_time":"2026-10-04T05:15","series":"series/FVG18.csv"}},{"type":"Feature","geometry":{"type":"Point","coordinates":[13.035886,46.456389]},"properties":{"scode":"FVG25","name":"Cedarchis","variables":["CDD","ET0","GDD","HDD","LIVIDRO","PREC","PREC24","PREC48","TDEW","TEMP","UMID","VPD"],"latest":{"CDD":0.0,"ET0":0.66,"GDD":0.0,"HDD":9.6,"LIVIDRO":0.71,"PREC":0.0,"PREC24":0.0,"PREC48":0.0,"TDEW":6.1,"TEMP":7.8,"UMID":89.3,"VPD":0.113},"latest_time":"2026-10-04T05:15","series":"series/FVG25.csv"}},{"type":"Feature","geometry":{"type":"Point","coordinates":[12.681553,46.147997]},"properties":{"scode":"FVG27","name":"Cellina Vajont","variables":["LIVIDRO"],"latest":{"LIVIDRO":0.55},"latest_time":"2026-10-04T05:15","series":"series/FVG27.csv"}},{"type":"Feature","geometry":{"type":"Point","coordinates":[13.317992,46.055799]},"properties":{"scode":"FVG29","name":"Cerneglons","variables":["LIVIDRO","PREC","PREC24","PREC48"],"latest":{"LIVIDRO":6.5,"PREC":0.0,"PREC24":0.0,"PREC48":0.0},"latest_time":"2026-10-04T05:15","series":"series/FVG29.csv"}},{"type":"Feature","geometry":{"type":"Point","coordinates":[13.310481,46.042519]},"properties":{"scode":"FVG30","name":"Cerneglons T.Torre","variables":["LIVIDRO"],"latest":{"LIVIDRO":0.22},"latest_time":"2026-10-04T05:15","series":"series/FVG30.csv"}},{"type":"Feature","geometry":{"type":"Point","coordinates":[13.317505,46.40467]},"properties":{"scode":"FVG32","name":"Chiusaforte","variables":["CDD","ET0","GDD","HDD","LIVIDRO","PREC","PREC24","PREC48","TDEW","TEMP","UMID","VPD"],"latest":{"CDD":0.0,"ET0":0.59,"GDD":0.0,"HDD":9.6,"LIVIDRO":-0.09,"PREC":0.0,"PREC24":0.7,"PREC48":0.9,"TDEW":5.5,"TEMP":7.9,"UMID":84.7,"VPD":0.163},"latest_time":"2026-10-04T05:15","series":"series/FVG32.csv"}},{"type":"Feature","geometry":{"type":"Point","coordinates":[13.430171,46.091179]},"properties":{"scode":"FVG35","name":"Cividale idro","variables":["LIVIDRO"],"latest":{"LIVIDRO":0.03},"latest_time":"2026-10-04T05:15","series":"series/FVG35.csv"}},{"type":"Feature","geometry":{"type":"Point","coordinates":[12.992555,45.956636]},"properties":{"scode":"FVG39","name":"Codroipo","variables":["LIVIDRO"],"latest":{"LIVIDRO":0.62},"latest_time":"2026-10-04T05:15","series":"series/FVG39.csv"}},{"type":"Feature","geometry":{"type":"Point","coordinates":[13.192559,46.09271]},"properties":{"scode":"FVG45","name":"Colugna","variables":["LIVIDRO"],"latest":{"LIVIDRO":0.71},"latest_time":"2026-10-04T05:15","series":"series/FVG45.csv"}},{"type":"Feature","geometry":{"type":"Point","coordinates":[13.44556,46.01576]},"properties":{"scode":"FVG49","name":"Corno di Rosazzo","variables":["LIVIDRO"],"latest":{"LIVIDRO":0.04},"latest_time":"2026-10-04T05:15","series":"series/FVG49.csv"}},{"type":"Feature","geometry":{"type":"Point","coordinates":[13.026109,46.085097]},"properties":{"scode":"FVG50","name":"Coseano","variables":["LIVIDRO"],"latest":{"LIVIDRO":0.09},"latest_time":"2026-10-04T05:15","series":"series/FVG50.csv"}},{"type":"Feature","geometry":{"type":"Point","coordinates":[12.930306,46.084672]},"properties":{"scode":"FVG51","name":"Dignano","variables":["LIVIDRO"],"latest":{"LIVIDRO":1.79},"latest_time":"2026-10-04T05:15","series":"series/FVG51.csv"}},{"type":"Feature","geometry":{"type":"Point","coordinates":[13.312559,46.442496]},"properties":{"scode":"FVG53","name":"Dogna","variables":["LIVIDRO"],"latest":{"LIVIDRO":-1.47},"latest_time":"2026-10-04T05:15","series":"series/FVG53.csv"}},{"type":"Feature","geometry":{"type":"Point","coordinates":[13.345018,46.148137]},"properties":{"scode":"FVG55","name":"Faedis T. Grivò","variables":["LIVIDRO"],"latest":{"LIVIDRO":-0.32},"latest_time":"2026-10-04T05:15","series":"series/FVG55.csv"}},{"type":"Feature","geometry":{"type":"Point","coordinates":[12.483269,45.985306]},"properties":{"scode":"FVG58","name":"Fiaschetti","variables":["LIVIDRO"],"latest":{"LIVIDRO":1.83},"latest_time":"2026-10-04T05:15","series":"series/FVG58.csv"}},{"type":"Feature","geometry":{"type":"Point","coordinates":[12.588671,45.998401]},"properties":{"scode":"FVG59","name":"Forcate","variables":["CDD","ET0","GDD","HDD","LIVIDRO","PREC","PREC24","PREC48","TEMP"],"latest":{"CDD":0.0,"ET0":1.2,"GDD":0.0,"HDD":7.8,"LIVIDRO":7.33,"PREC":0.0,"PREC24":0.0,"PREC48":0.0,"TEMP":8.1},"latest_time":"2026-10-04T05:15","series":"series/FVG59.csv"}},{"type":"Feature","geometry":{"type":"Point","coordinates":[13.614325,45.956288]},"properties":{"scode":"FVG66","name":"Gorizia idro","variables":["LIVIDRO"],"latest":{"LIVIDRO":-0.02},"latest_time":"2026-10-04T05:15","series":"series/FVG66.csv"}},{"type":"Feature","geometry":{"type":"Point","coordinates":[13.504433,45.886131]},"properties":{"scode":"FVG67","name":"Gradisca","variables":["LIVIDRO"],"latest":{"LIVIDRO":3.97},"latest_time":"2026-10-04T05:15","series":"series/FVG67.csv"}},{"type":"Feature","geometry":{"type":"Point","coordinates":[13.38345,45.683121]},"properties":{"scode":"FVG68","name":"Grado Marea","variables":["LIVIDRO","PREC","PREC24","PREC48"],"latest":{"LIVIDRO":0.5,"PREC":0.0,"PREC24":0.0,"PREC48":0.0},"latest_time":"2026-10-04T05:15","series":"series/FVG68.csv"}},{"type":"Feature","geometry":{"type":"Point","coordinates":[13.511061,45.946661]},"properties":{"scode":"FVG71","name":"La Baita Idro","variables":["LIVIDRO"],"latest":{"LIVIDRO":-1.15},"latest_time":"2026-10-04T05:15","series":"series/FVG71.csv"}},{"type":"Feature","geometry":{"type":"Point","coordinates":[12.5446,46.272132]},"properties":{"scode":"FVG75","name":"Lesis (ex Claut)","variables":["CDD","ET0","GDD","HDD","LIVIDRO","PREC","PREC24","PREC48","TDEW","TEMP","UMID","VPD"],"latest":{"CDD":0.0,"ET0":0.52,"GDD":0.0,"HDD":13.7,"LIVIDRO":-0.53,"PREC":0.0,"PREC24":0.0,"PREC48":0.0,"TDEW":3.4,"TEMP":3.7,"UMID":98.0,"VPD":0.016},"latest_time":"2026-10-04T05:15","series":"series/FVG75.csv"}},{"type":"Feature","geometry":{"type":"Point","coordinates":[13.143481,45.697699]},"properties":{"scode":"FVG77","name":"Lignano marea","variables":["LIVIDRO"],"latest":{"LIVIDRO":0.25},"latest_time":"2026-10-04T05:15","series":"series/FVG77.csv"}},{"type":"Feature","geometry":{"type":"Point","coordinates":[12.975227,45.860782]},"properties":{"scode":"FVG79","name":"Madrisio","variables":["LIVIDRO"],"latest":{"LIVIDRO":0.76},"latest_time":"2026-10-04T05:15","series":"series/FVG79.csv"}},{"type":"Feature","geometry":{"type":"Point","coordinates":[13.440331,46.505812]},"properties":{"scode":"FVG81","name":"Malborghetto F. Fella","variables":["CDD","ET0","GDD","HDD","LIVIDRO","PREC","PREC24","PREC48","TEMP"],"latest":{"CDD":0.0,"ET0":0.5,"GDD":0.0,"HDD":12.3,"LIVIDRO":-2.4,"PREC":0.0,"PREC24":0.0,"PREC48":0.0,"TEMP":5.4},"latest_time":"2026-10-04T05:15","series":"series/FVG81.csv"}},{"type":"Feature","geometry":{"type":"Point","coordinates":[12.718688,46.173929]},"properties":{"scode":"FVG85","name":"Maniago","variables":["CDD","ET0","GDD","HDD","LIVIDRO","PREC","PREC24","PREC48","TDEW","TEMP","UMID","VPD"],"latest":{"CDD":0.0,"ET0":0.62,"GDD":0.6,"HDD":7.3,"LIVIDRO":1.91,"PREC":0.0,"PREC24":0.0,"PREC48":0.0,"TDEW":6.5,"TEMP":10.2,"UMID":78.0,"VPD":0.274},"latest_time":"2026-10-04T05:15","series":"series/FVG85.csv"}},{"type":"Feature","geometry":{"type":"Point","coordinates":[13.390948,45.99165]},"properties":{"scode":"FVG86","name":"Manzano","variables":["LIVIDRO","PREC","PREC24","PREC48"],"latest":{"LIVIDRO":0.1,"PREC":0.0,"PREC24":0.0,"PREC48":0.0},"latest_time":"2026-10-04T05:15","series":"series/FVG86.csv"}},{"type":"Feature","geometry":{"type":"Point","coordinates":[13.166840672493,45.762016242642]},"properties":{"scode":"FVG87","name":"Marano Lagunare","variables":["LIVIDRO"],"latest":{"LIVIDRO":0.16},"latest_time":"2026-10-04T05:15","series":"series/FVG87.csv"}},{"type":"Feature","geometry":{"type":"Point","coordinates":[13.456102,45.921081]},"properties":{"scode":"FVG88","name":"Mariano del Friuli (IDRO)","variables":["LIVIDRO"],"latest":{"LIVIDRO":0.42},"latest_time":"2026-10-04T05:15","series":"series/FVG88.csv"}},{"type":"Feature","geometry":{"type":"Point","coordinates":[12.77291,46.217903]},"properties":{"scode":"FVG89","name":"Meduno","variables":["CDD","ET0","GDD","HDD","LIVIDRO","PREC","PREC24","PREC48","TDEW","TEMP","UMID","VPD"],"latest":{"CDD":0.0,"ET0":0.6,"GDD":0.1,"HDD":8.0,"LIVIDRO":2.5,"PREC":0.0,"PREC24":0.0,"PREC48":0.0,"TDEW":6.3,"TEMP":9.6,"UMID":79.9,"VPD":0.24},"latest_time":"2026-10-04T05:15","series":"series/FVG89.csv"}},{"type":"Feature","geometry":{"type":"Point","coordinates":[13.186236,46.399703]},"properties":{"scode":"FVG90","name":"Moggio Udinese","variables":["CDD","ET0","GDD","HDD","LIVIDRO","LIVNEVE","PREC","PREC24","PREC48","TDEW","TEMP","UMID","VPD"],"latest":{"CDD":0.0,"ET0":0.59,"GDD":0.0,"HDD":9.5,"LIVIDRO":0.42,"LIVNEVE":-2.0,"PREC":0.0,"PREC24":0.0,"PREC48":0.0,"TDEW":6.2,"TEMP":7.8,"UMID":89.4,"VPD":0.112},"latest_time":"2026-10-04T05:15","series":"series/FVG90.csv"}},{"type":"Feature","geometry":{"type":"Point","coordinates":[13.266738,46.189847]},"properties":{"scode":"FVG91","name":"Molmentet","variables":["LIVIDRO"],"latest":{"LIVIDRO":0.23},"latest_time":"2026-10-04T05:15","series":"series/FVG91.csv"}},{"type":"Feature","geometry":{"type":"Point","coordinates":[12.80522,45.840301]},"properties":{"scode":"FVG96","name":"Mure","variables":["CDD","ET0","GDD","HDD","LIVIDRO","PREC","PREC24","PREC48","TDEW","TEMP","UMID","VPD"],"latest":{"CDD":0.0,"ET0":0.59,"GDD":0.4,"HDD":7.5,"LIVIDRO":1.45,"PREC":0.0,"PREC24":0.0,"PREC48":0.0,"TDEW":8.0,"TEMP":10.5,"UMID":84.4,"VPD":0.198},"latest_time":"2026-10-04T05:15","series":"series/FVG96.csv"}},{"type":"Feature","geometry":{"type":"Point","coordinates":[13.340433,45.835787]},"properties":{"scode":"FVG97","name":"Muscoli","variables":["LIVIDRO"],"latest":{"LIVIDRO":0.14},"latest_time":"2026-10-04T05:15","series":"series/FVG97.csv"}},{"type":"Feature","geometry":{"type":"Point","coordinates":[13.129493,45.818172]},"properties":{"scode":"FVG99","name":"Muzzana Rio Revonchio","variables":["LIVIDRO"],"latest":{"LIVIDRO":0.05},"latest_time":"2026-10-04T05:15","series":"series/FVG99.csv"}},{"type":"Feature","geometry":{"type":"Point","coordinates":[13.519722,45.953886]},"properties":{"scode":"FVG100","name":"Oblino","variables":["LIVIDRO"],"latest":{"LIVIDRO":-0.03},"latest_time":"2026-10-04T05:15","series":"series/FVG100.csv"}},{"type":"Feature","geometry":{"type":"Point","coordinates":[13.074126,45.803232]},"properties":{"scode":"FVG104","name":"Palazzolo dello Stella","variables":["LIVIDRO"],"latest":{"LIVIDRO":-1.36},"latest_time":"2026-10-04T05:15","series":"series/FVG104.csv"}},{"type":"Feature","geometry":{"type":"Point","coordinates":[12.675565,45.829405]},"properties":{"scode":"FVG106","name":"Panigai","variables":["LIVIDRO"],"latest":{"LIVIDRO":1.52},"latest_time":"2026-10-04T05:15","series":"series/FVG106.csv"}},{"type":"Feature","geometry":{"type":"Point","coordinates":[12.537651,46.187209]},"properties":{"scode":"FVG112","name":"Pentina","variables":["LIVIDRO"],"latest":{"LIVIDRO":0.35},"latest_time":"2026-10-04T05:15","series":"series/FVG112.csv"}},{"type":"Feature","geometry":{"type":"Point","coordinates":[12.749362,45.942808]},"properties":{"scode":"FVG114","name":"Pescincanna","variables":["LIVIDRO"],"latest":{"LIVIDRO":1.19},"latest_time":"2026-10-04T05:15","series":"series/FVG114.csv"}},{"type":"Feature","geometry":{"type":"Point","coordinates":[13.429548,45.805573]},"properties":{"scode":"FVG115","name":"Pieris","variables":["LIVIDRO"],"latest":{"LIVIDRO":0.39},"latest_time":"2026-10-04T05:15","series":"series/FVG115.csv"}},{"type":"Feature","geometry":{"type":"Point","coordinates":[13.086272,45.836288]},"properties":{"scode":"FVG117","name":"Pocenia","variables":["LIVIDRO"],"latest":{"LIVIDRO":1.26},"latest_time":"2026-10-04T05:15","series":"series/FVG117.csv"}},{"type":"Feature","geometry":{"type":"Point","coordinates":[12.956284,46.211487]},"properties":{"scode":"FVG118","name":"Ponte armistizio","variables":["LIVIDRO"],"latest":{"LIVIDRO":0.48},"latest_time":"2026-10-04T05:15","series":"series/FVG118.csv"}},{"type":"Feature","geometry":{"type":"Point","coordinates":[13.013347,46.391172]},"properties":{"scode":"FVG119","name":"Ponte Avons","variables":["LIVIDRO"],"latest":{"LIVIDRO":0.2},"latest_time":"2026-10-04T05:15","series":"series/FVG119.csv"}},{"type":"Feature","geometry":{"type":"Point","coordinates":[12.901054,45.965073]},"properties":{"scode":"FVG120","name":"Ponte Delizia","variables":["LIVIDRO","PREC","PREC24","PREC48"],"latest":{"LIVIDRO":0.76,"PREC":0.0,"PREC24":0.0,"PREC48":0.0},"latest_time":"2026-10-04T05:15","series":"series/FVG120.csv"}},{"type":"Feature","geometry":{"type":"Point","coordinates":[12.439315640873,45.946083305714]},"properties":{"scode":"FVG121","name":"Ponte della Muda","variables":["LIVIDRO"],"latest":{"LIVIDRO":0.33},"latest_time":"2026-10-04T05:15","series":"series/FVG121.csv"}},{"type":"Feature","geometry":{"type":"Point","coordinates":[13.251327,46.189187]},"properties":{"scode":"FVG122","name":"Ponte di Nimis","variables":["LIVIDRO"],"latest":{"LIVIDRO":0.3},"latest_time":"2026-10-04T05:15","series":"series/FVG122.csv"}},{"type":"Feature","geometry":{"type":"Point","coordinates":[13.074808,46.47322]},"properties":{"scode":"FVG123","name":"Ponte Lovea","variables":["LIVIDRO"],"latest":{"LIVIDRO":0.84},"latest_time":"2026-10-04T05:15","series":"series/FVG123.csv"}},{"type":"Feature","geometry":{"type":"Point","coordinates":[13.329246,46.267018]},"properties":{"scode":"FVG124","name":"Ponte Sambo","variables":["CDD","ET0","GDD","HDD","LIVIDRO","PREC","PREC24","PREC48","TDEW","TEMP","UMID","VPD"],"latest":{"CDD":0.0,"ET0":0.57,"GDD":0.0,"HDD":11.5,"LIVIDRO":0.62,"PREC":0.0,"PREC24":0.2,"PREC48":0.2,"TDEW":5.9,"TEMP":6.0,"UMID":99.4,"VPD":0.006},"latest_time":"2026-10-04T05:15","series":"series/FVG124.csv"}},{"type":"Feature","geometry":{"type":"Point","coordinates":[13.421991,45.897875]},"properties":{"scode":"FVG125","name":"Ponte di Versa","variables":["LIVIDRO"],"latest":{"LIVIDRO":-0.89},"latest_time":"2026-10-04T05:15","series":"series/FVG125.csv"}},{"type":"Feature","geometry":{"type":"Point","coordinates":[13.30019,46.510575]},"properties":{"scode":"FVG128","name":"Pontebba T. Pontebbana","variables":["LIVIDRO"],"latest":{"LIVIDRO":-1.26},"latest_time":"2026-10-04T05:15","series":"series/FVG128.csv"}},{"type":"Feature","geometry":{"type":"Point","coordinates":[12.699206,45.945969]},"properties":{"scode":"FVG130","name":"Pordenone Meduna","variables":["LIVIDRO"],"latest":{"LIVIDRO":16.39},"latest_time":"2026-10-04T05:15","series":"series/FVG130.csv"}},{"type":"Feature","geometry":{"type":"Point","coordinates":[12.658982,45.951845]},"properties":{"scode":"FVG132","name":"Pordenone Noncello","variables":["LIVIDRO"],"latest":{"LIVIDRO":1.65},"latest_time":"2026-10-04T05:15","series":"series/FVG132.csv"}},{"type":"Feature","geometry":{"type":"Point","coordinates":[13.201284,46.423037]},"properties":{"scode":"FVG134","name":"Pradis T. Aupa","variables":["LIVIDRO"],"latest":{"LIVIDRO":0.39},"latest_time":"2026-10-04T05:15","series":"series/FVG134.csv"}},{"type":"Feature","geometry":{"type":"Point","coordinates":[12.602451,45.903393]},"properties":{"scode":"FVG138","name":"Prata di Sopra","variables":["LIVIDRO"],"latest":{"LIVIDRO":0.47},"latest_time":"2026-10-04T05:15","series":"series/FVG138.csv"}},{"type":"Feature","geometry":{"type":"Point","coordinates":[12.80572,46.51879]},"properties":{"scode":"FVG139","name":"Prato Carnico","variables":["CDD","ET0","GDD","HDD","LIVIDRO","PREC","PREC24","PREC48","TDEW","TEMP","UMID","VPD"],"latest":{"CDD":0.0,"ET0":0.52,"GDD":0.0,"HDD":12.7,"LIVIDRO":0.45,"PREC":0.0,"PREC24":0.0,"PREC48":0.0,"TDEW":4.6,"TEMP":4.7,"UMID":99.2,"VPD":0.007},"latest_time":"2026-10-04T05:15","series":"series/FVG139.csv"}},{"type":"Feature","geometry":{"type":"Point","coordinates":[13.489992,46.048288]},"properties":{"scode":"FVG141","name":"Prepotto","variables":["CDD","ET0","GDD","HDD","LIVIDRO","PREC","PREC24","PREC48","TDEW","TEMP","UMID","VPD"],"latest":{"CDD":0.0,"ET0":0.99,"GDD":5.8,"HDD":2.0,"LIVIDRO":-0.02,"PREC":0.0,"PREC24":0.0,"PREC48":0.0,"TDEW":4.4,"TEMP":15.6,"UMID":47.3,"VPD":0.934},"latest_time":"2026-10-04T05:15","series":"series/FVG141.csv"}},{"type":"Feature","geometry":{"type":"Point","coordinates":[13.483116,46.173298]},"properties":{"scode":"FVG144","name":"Pulfero","variables":["CDD","ET0","GDD","HDD","LIVIDRO","PREC","PREC24","PREC48","TDEW","TEMP","UMID","VPD"],"latest":{"CDD":0.0,"ET0":0.64,"GDD":0.5,"HDD":7.6,"LIVIDRO":0.19,"PREC":0.0,"PREC24":0.0,"PREC48":0.0,"TDEW":6.6,"TEMP":9.9,"UMID":79.8,"VPD":0.246},"latest_time":"2026-10-04T05:15","series":"series/FVG144.csv"}},{"type":"Feature","geometry":{"type":"Point","coordinates":[13.221205,46.388879]},"properties":{"scode":"FVG147","name":"Resiutta","variables":["CDD","ET0","GDD","HDD","LIVIDRO","PREC","PREC24","PREC48","TDEW","TEMP","UMID","VPD"],"latest":{"CDD":0.0,"ET0":0.57,"GDD":0.0,"HDD":11.5,"LIVIDRO":0.65,"PREC":0.0,"PREC24":0.0,"PREC48":0.0,"TDEW":5.3,"TEMP":5.9,"UMID":95.9,"VPD":0.038},"latest_time":"2026-10-04T05:15","series":"series/FVG147.csv"}},{"type":"Feature","geometry":{"type":"Point","coordinates":[12.535115,45.876824]},"properties":{"scode":"FVG155","name":"San Cassiano","variables":["LIVIDRO"],"latest":{"LIVIDRO":0.01},"latest_time":"2026-10-04T05:15","series":"series/FVG155.csv"}},{"type":"Feature","geometry":{"type":"Point","coordinates":[12.933999,46.313412]},"properties":{"scode":"FVG156","name":"San Francesco idro","variables":["LIVIDRO"],"latest":{"LIVIDRO":0.57},"latest_time":"2026-10-04T05:15","series":"series/FVG156.csv"}},{"type":"Feature","geometry":{"type":"Point","coordinates":[13.568542,45.900513]},"properties":{"scode":"FVG165","name":"Savogna d'Isonzo","variables":["LIVIDRO"],"latest":{"LIVIDRO":0.81},"latest_time":"2026-10-04T05:15","series":"series/FVG165.csv"}},{"type":"Feature","geometry":{"type":"Point","coordinates":[13.333655,46.069532]},"properties":{"scode":"FVG168","name":"Selvis","variables":["LIVIDRO"],"latest":{"LIVIDRO":-0.07},"latest_time":"2026-10-04T05:15","series":"series/FVG168.csv"}},{"type":"Feature","geometry":{"type":"Point","coordinates":[12.500402,46.282569]},"properties":{"scode":"FVG169","name":"Settimana Briglia","variables":["LIVIDRO"],"latest":{"LIVIDRO":-0.05},"latest_time":"2026-10-04T05:15","series":"series/FVG169.csv"}},{"type":"Feature","geometry":{"type":"Point","coordinates":[12.617717,45.843915]},"properties":{"scode":"FVG171","name":"Squarzare","variables":["LIVIDRO","PREC","PREC24","PREC48"],"latest":{"LIVIDRO":1.2,"PREC":0.0,"PREC24":0.0,"PREC48":0.0},"latest_time":"2026-10-04T05:15","series":"series/FVG171.csv"}},{"type":"Feature","geometry":{"type":"Point","coordinates":[12.86196,45.850925]},"properties":{"scode":"FVG172","name":"Stalis","variables":["LIVIDRO"],"latest":{"LIVIDRO":0.77},"latest_time":"2026-10-04T05:15","series":"series/FVG172.csv"}},{"type":"Feature","geometry":{"type":"Point","coordinates":[13.593889,46.504294]},"properties":{"scode":"FVG174","name":"Tarvisio","variables":["CDD","ET0","GDD","HDD","LIVIDRO","LIVNEVE","PREC","PREC24","PREC48","PRESS","QSPEC","RADSOL","TDEW","TEMP","UMID","VPD"],"latest":{"CDD":0.0,"ET0":0.5,"GDD":0.0,"HDD":15.2,"LIVIDRO":0.48,"LIVNEVE":39.0,"PREC":0.0,"PREC24":0.2,"PREC48":0.2,"PRESS":948.2,"QSPEC":4.6,"RADSOL":4.0,"TDEW":1.9,"TEMP":2.2,"UMID":97.6,"VPD":0.017},"latest_time":"2026-10-04T05:15","series":"series/FVG174.csv"}},{"type":"Feature","geometry":{"type":"Point","coordinates":[13.204853,46.128436]},"properties":{"scode":"FVG175","name":"Tavagnacco","variables":["LIVIDRO"],"latest":{"LIVIDRO":-0.02},"latest_time":"2026-10-04T05:15","series":"series/FVG175.csv"}},{"type":"Feature","geometry":{"type":"Point","coordinates":[12.789011,46.125101]},"properties":{"scode":"FVG177","name":"Tesis T. Colvera","variables":["LIVIDRO"],"latest":{"LIVIDRO":-0.49},"latest_time":"2026-10-04T05:15","series":"series/FVG177.csv"}},{"type":"Feature","geometry":{"type":"Point","coordinates":[12.603741,46.195369]},"properties":{"scode":"FVG182","name":"Torrente Alba","variables":["LIVIDRO"],"latest":{"LIVIDRO":0.17},"latest_time":"2026-10-04T05:15","series":"series/FVG182.csv"}},{"type":"Feature","geometry":{"type":"Point","coordinates":[12.57035,45.828229]},"properties":{"scode":"FVG188","name":"Tremeacque Meduna","variables":["LIVIDRO"],"latest":{"LIVIDRO":2.33},"latest_time":"2026-10-04T05:15","series":"series/FVG188.csv"}},{"type":"Feature","geometry":{"type":"Point","coordinates":[13.43132,45.81648]},"properties":{"scode":"FVG192","name":"Turriaco","variables":["LIVIDRO"],"latest":{"LIVIDRO":0.49},"latest_time":"2026-10-04T05:15","series":"series/FVG192.csv"}},{"type":"Feature","geometry":{"type":"Point","coordinates":[12.887664,46.144543]},"properties":{"scode":"FVG196","name":"Vacile","variables":["CDD","ET0","GDD","HDD","LIVIDRO","PREC","PREC24","PREC48","TDEW","TEMP","UMID","VPD"],"latest":{"CDD":0.0,"ET0":0.84,"GDD":0.0,"HDD":8.4,"LIVIDRO":7.07,"PREC":0.0,"PREC24":0.0,"PREC48":0.0,"TDEW":6.3,"TEMP":8.6,"UMID":85.4,"VPD":0.163},"latest_time":"2026-10-04T05:15","series":"series/FVG196.csv"}},{"type":"Feature","geometry":{"type":"Point","coordinates":[12.906771,46.411276]},"properties":{"scode":"FVG199","name":"Villa Santina T. Degano","variables":["LIVIDRO","PREC","PREC24","PREC48"],"latest":{"LIVIDRO":-0.75,"PREC":0.0,"PREC24":0.0,"PREC48":0.0},"latest_time":"2026-10-04T05:15","series":"series/FVG199.csv"}},{"type":"Feature","geometry":{"type":"Point","coordinates":[13.419959,45.851242]},"properties":{"scode":"FVG200","name":"Villesse","variables":["LIVIDRO"],"latest":{"LIVIDRO":0.16},"latest_time":"2026-10-04T05:15","series":"series/FVG200.csv"}},{"type":"Feature","geometry":{"type":"Point","coordinates":[13.378875,45.925195]},"properties":{"scode":"FVG203","name":"Viscone","variables":["LIVIDRO"],"latest":{"LIVIDRO":0.71},"latest_time":"2026-10-04T05:15","series":"series/FVG203.csv"}},{"type":"Feature","geometry":{"type":"Point","coordinates":[13.257275,46.163771]},"properties":{"scode":"FVG207","name":"Zompitta idro","variables":["LIVIDRO"],"latest":{"LIVIDRO":-0.37},"latest_time":"2026-10-04T05:15","series":"series/FVG207.csv"}},{"type":"Feature","geometry":{"type":"Point","coordinates":[12.713078,45.874009]},"properties":{"scode":"FVG209","name":"Zuiano","variables":["CDD","ET0","GDD","HDD","LIVIDRO","PREC","PREC24","PREC48","TDEW","TEMP","UMID","VPD"],"latest":{"CDD":0.0,"ET0":0.78,"GDD":0.0,"HDD":8.5,"LIVIDRO":0.91,"PREC":0.0,"PREC24":0.0,"PREC48":0.0,"TDEW":7.3,"TEMP":8.2,"UMID":94.3,"VPD":0.062},"latest_time":"2026-10-04T05:15","series":"series/FVG209.csv"}},{"type":"Feature","geometry":{"type":"Point","coordinates":[12.996944,45.770261]},"properties":{"scode":"FVG239","name":"Latisana 2 ss14 idro","variables":["LIVIDRO"],"latest":{"LIVIDRO":0.76},"latest_time":"2026-10-04T05:15","series":"series/FVG239.csv"}},{"type":"Feature","geometry":{"type":"Point","coordinates":[12.996125,45.772131]},"properties":{"scode":"FVG240","name":"Latisana 1 idro","variables":["LIVIDRO"],"latest":{"LIVIDRO":0.24},"latest_time":"2026-10-04T05:15","series":"series/FVG240.csv"}},{"type":"Feature","geometry":{"type":"Point","coordinates":[13.759398,45.64735]},"properties":{"scode":"FVG502","name":"Trieste Marea","variables":["LIVIDRO"],"latest":{"LIVIDRO":1.79033333333333},"latest_time":"2026-10-04T05:15","series":"series/FVG502.csv"}},{"type":"Feature","geometry":{"type":"Point","coordinates":[13.024471,46.144039]},"properties":{"scode":"FVG513","name":"Scolmatore Corno Tag.","variables":["LIVIDRO"],"latest":{"LIVIDRO":2.0},"latest_time":"2026-10-04T05:15","series":"series/FVG513.csv"}},{"type":"Feature","geometry":{"type":"Point","coordinates":[12.58673,46.405906]},"properties":{"scode":"FVG529","name":"Forni di sopra idro","variables":["LIVIDRO"],"latest":{"LIVIDRO":-0.41},"latest_time":"2026-10-04T05:15","series":"series/FVG529.csv"}},{"type":"Feature","geometry":{"type":"Point","coordinates":[12.929658,46.404051]},"properties":{"scode":"FVG540","name":"Invillino F. Tagliamento","variables":["LIVIDRO"],"latest":{"LIVIDRO":1.49},"latest_time":"2026-10-04T05:15","series":"series/FVG540.csv"}},{"type":"Feature","geometry":{"type":"Point","coordinates":[13.63821,46.52803]},"properties":{"scode":"FVG571","name":"Tarvisio Coccau","variables":["LIVIDRO","PREC","PREC24","PREC48"],"latest":{"LIVIDRO":0.43,"PREC":0.0,"PREC24":0.0,"PREC48":0.0},"latest_time":"2026-10-04T05:15","series":"series/FVG571.csv"}},{"type":"Feature","geometry":{"type":"Point","coordinates":[13.214675,45.83388]},"properties":{"scode":"FVG573","name":"Chiarisacco F. Corno","variables":["LIVIDRO"],"latest":{"LIVIDRO":1.09},"latest_time":"2026-10-04T05:15","series":"series/FVG573.csv"}},{"type":"Feature","geometry":{"type":"Point","coordinates":[12.66018,45.91679]},"properties":{"scode":"FVG579","name":"Ponte di Corva sul fiume Meduna","variables":["LIVIDRO"],"latest":{"LIVIDRO":6.71},"latest_time":"2026-10-04T05:15","series":"series/FVG579.csv"}},{"type":"Feature","geometry":{"type":"Point","coordinates":[12.49664247036,46.038706616508]},"properties":{"scode":"FVG587","name":"Gorgazzo Idro","variables":["LIVIDRO"],"latest":{"LIVIDRO":0.07},"latest_time":"2026-10-04T05:15","series":"series/FVG587.csv"}},{"type":"Feature","geometry":{"type":"Point","coordinates":[12.87169,46.45983]},"properties":{"scode":"FVG596","name":"Ovaro Muina","variables":["LIVIDRO","PREC","PREC24","PREC48"],"latest":{"LIVIDRO":0.24,"PREC":0.0,"PREC24":0.0,"PREC48":0.0},"latest_time":"2026-10-04T05:15","series":"series/FVG596.csv"}},{"type":"Feature","geometry":{"type":"Point","coordinates":[13.08393,45.871958]},"properties":{"scode":"FVG597","name":"Ariis Idro","variables":["LIVIDRO"],"latest":{"LIVIDRO":0.26},"latest_time":"2026-10-04T05:15","series":"series/FVG597.csv"}},{"type":"Feature","geometry":{"type":"Point","coordinates":[13.820138,45.607263]},"properties":{"scode":"FVG602","name":"Francovez Rosandra","variables":["LIVIDRO"],"latest":{"LIVIDRO":0.05},"latest_time":"2026-10-04T05:15","series":"series/FVG602.csv"}},{"type":"Feature","geometry":{"type":"Point","coordinates":[13.411914,45.917333]},"properties":{"scode":"FVG630","name":"Medea F.Judrio","variables":["LIVIDRO"],"latest":{"LIVIDRO":0.28},"latest_time":"2026-10-04T05:15","series":"series/FVG630.csv"}},{"type":"Feature","geometry":{"type":"Point","coordinates":[13.448392,45.977777]},"properties":{"scode":"FVG631","name":"Visinale F.Judrio","variables":["LIVIDRO"],"latest":{"LIVIDRO":1.69},"latest_time":"2026-10-04T05:15","series":"series/FVG631.csv"}},{"type":"Feature","geometry":{"type":"Point","coordinates":[12.870542,46.016584]},"properties":{"scode":"FVG6","name":"Arzenutto","variables":["CDD","ET0","GDD","HDD","LIVIDRO","PREC","PREC24","PREC48","TEMP"],"latest":{"CDD":0.0,"ET0":0.58,"GDD":0.2,"HDD":7.8,"LIVIDRO":0.0,"PREC":0.0,"PREC24":0.0,"PREC48":0.0,"TEMP":10.1},"latest_time":"2026-10-04T05:15","series":"series/FVG6.csv"}},{"type":"Feature","geometry":{"type":"Point","coordinates":[13.57064626968,46.442183745955]},"properties":{"scode":"FVG24","name":"Cave del Predil Idro","variables":["LIVIDRO"],"latest":{"LIVIDRO":-0.13},"latest_time":"2026-10-04T05:15","series":"series/FVG24.csv"}},{"type":"Feature","geometry":{"type":"Point","coordinates":[12.440843,46.285646]},"properties":{"scode":"FVG34","name":"Cimolais","variables":["CDD","ET0","GDD","HDD","LIVIDRO","LIVNEVE","PREC","PREC24","PREC48","TEMP"],"latest":{"CDD":0.0,"ET0":0.58,"GDD":0.0,"HDD":11.8,"LIVIDRO":0.13,"LIVNEVE":0.0,"PREC":0.0,"PREC24":0.0,"PREC48":0.0,"TEMP":5.9},"latest_time":"2026-10-04T05:15","series":"series/FVG34.csv"}},{"type":"Feature","geometry":{"type":"Point","coordinates":[13.27273,46.307212]},"properties":{"scode":"FVG98","name":"Musi (nivometrica)","variables":["CDD","ET0","GDD","HDD","LIVIDRO","LIVNEVE","PREC","PREC24","PREC48","TDEW","TEMP","UMID","VPD"],"latest":{"CDD":0.0,"ET0":0.57,"GDD":0.0,"HDD":10.7,"LIVIDRO":-0.67,"LIVNEVE":14.0,"PREC":0.0,"PREC24":0.0,"PREC48":0.0,"TDEW":4.6,"TEMP":6.8,"UMID":85.6,"VPD":0.142},"latest_time":"2026-10-04T05:15","series":"series/FVG98.csv"}},{"type":"Feature","geometry":{"type":"Point","coordinates":[13.325619,46.509136]},"properties":{"scode":"FVG126","name":"Pontebba Idro Fella","variables":["LIVIDRO"],"latest":{"LIVIDRO":0.18},"latest_time":"2026-10-04T05:15","series":"series/FVG126.csv"}},{"type":"Feature","geometry":{"type":"Point","coordinates":[12.60359,45.898483]},"properties":{"scode":"FVG137","name":"Prata di Pordenone F. Meduna","variables":["LIVIDRO"],"latest":{"LIVIDRO":0.64},"latest_time":"2026-10-04T05:15","series":"series/FVG137.csv"}},{"type":"Feature","geometry":{"type":"Point","coordinates":[13.018276,46.477142]},"properties":{"scode":"FVG176","name":"Terme di Arta","variables":["LIVIDRO"],"latest":{"LIVIDRO":0.41},"latest_time":"2026-10-04T05:15","series":"series/FVG176.csv"}},{"type":"Feature","geometry":{"type":"Point","coordinates":[13.005266,46.409726]},"properties":{"scode":"FVG179","name":"Tolmezzo Idro","variables":["LIVIDRO"],"latest":{"LIVIDRO":-0.3},"latest_time":"2026-10-04T05:15","series":"series/FVG179.csv"}},{"type":"Feature","geometry":{"type":"Point","coordinates":[13.430038,46.125494]},"properties":{"scode":"FVG181","name":"Torreano T. Chiarò","variables":["LIVIDRO","PREC","PREC24","PREC48"],"latest":{"LIVIDRO":0.38,"PREC":0.0,"PREC24":0.0,"PREC48":0.0},"latest_time":"2026-10-04T05:15","series":"series/FVG181.csv"}},{"type":"Feature","geometry":{"type":"Point","coordinates":[12.871441,46.196551]},"properties":{"scode":"FVG186","name":"Travesio","variables":["LIVIDRO"],"latest":{"LIVIDRO":0.69},"latest_time":"2026-10-04T05:15","series":"series/FVG186.csv"}},{"type":"Feature","geometry":{"type":"Point","coordinates":[12.568554,45.828388]},"properties":{"scode":"FVG187","name":"Tremeacque Livenza","variables":["LIVIDRO"],"latest":{"LIVIDRO":1.79},"latest_time":"2026-10-04T05:15","series":"series/FVG187.csv"}},{"type":"Feature","geometry":{"type":"Point","coordinates":[12.757509,45.855064]},"properties":{"scode":"FVG201","name":"Villotta di Chions","variables":["CDD","ET0","GDD","HDD","LIVIDRO","PREC","PREC24","PREC48","TDEW","TEMP","UMID","VPD"],"latest":{"CDD":0.0,"ET0":0.95,"GDD":0.4,"HDD":7.6,"LIVIDRO":0.22,"PREC":0.0,"PREC24":0.0,"PREC48":0.0,"TDEW":7.1,"TEMP":9.7,"UMID":83.6,"VPD":0.197},"latest_time":"2026-10-04T05:15","series":"series/FVG201.csv"}},{"type":"Feature","geometry":{"type":"Point","coordinates":[12.614448,45.902859]},"properties":{"scode":"FVG204","name":"Visinale di Sopra","variables":["LIVIDRO"],"latest":{"LIVIDRO":-0.5},"latest_time":"2026-10-04T05:15","series":"series/FVG204.csv"}},{"type":"Feature","geometry":{"type":"Point","coordinates":[13.159947,45.833708]},"properties":{"scode":"FVG205","name":"Zavattina T. Cormor","variables":["LIVIDRO","PREC","PREC24","PREC48"],"latest":{"LIVIDRO":1.06,"PREC":0.0,"PREC24":0.0,"PREC48":0.0},"latest_time":"2026-10-04T05:15","series":"series/FVG205.csv"}},{"type":"Feature","geometry":{"type":"Point","coordinates":[12.514495,46.203754]},"properties":{"scode":"FVG241","name":"Cellina Prescudin idro","variables":["LIVIDRO"],"latest":{"LIVIDRO":0.27},"latest_time":"2026-10-04T05:15","series":"series/FVG241.csv"}},{"type":"Feature","geometry":{"type":"Point","coordinates":[13.134807,46.335267]},"properties":{"scode":"FVG526","name":"Venzone Tagliamento","variables":["LIVIDRO","PREC","PREC24","PREC48"],"latest":{"LIVIDRO":-0.51,"PREC":0.0,"PREC24":0.0,"PREC48":0.0},"latest_time":"2026-10-04T05:15","series":"series/FVG526.csv"}},{"type":"Feature","geometry":{"type":"Point","coordinates":[12.502155,45.950911]},"properties":{"scode":"FVG543","name":"Sacile","variables":["CDD","ET0","GDD","HDD","LIVIDRO","TDEW","TEMP","UMID","VPD"],"latest":{"CDD":0.0,"ET0":0.8,"GDD":0.4,"HDD":7.8,"LIVIDRO":2.5,"TDEW":7.2,"TEMP":9.4,"UMID":86.0,"VPD":0.165},"latest_time":"2026-10-04T05:15","series":"series/FVG543.csv"}},{"type":"Feature","geometry":{"type":"Point","coordinates":[13.223274350166,46.217139108931]},"properties":{"scode":"FVG550","name":"Tarcento Idro","variables":["LIVIDRO"],"latest":{"LIVIDRO":-0.04},"latest_time":"2026-10-04T05:15","series":"series/FVG550.csv"}},{"type":"Feature","geometry":{"type":"Point","coordinates":[13.57348,46.46133]},"properties":{"scode":"FVG572","name":"Tarvisio Cave","variables":["LIVIDRO","PREC","PREC24","PREC48"],"latest":{"LIVIDRO":0.29,"PREC":0.0,"PREC24":0.0,"PREC48":0.0},"latest_time":"2026-10-04T05:00","series":"series/FVG572.csv"}},{"type":"Feature","geometry":{"type":"Point","coordinates":[13.06851,45.671484]},"properties":{"scode":"FVG583","name":"Bevazzana","variables":["LIVIDRO"],"latest":{"LIVIDRO":0.36},"latest_time":"2026-10-04T05:00","series":"series/FVG583.csv"}},{"type":"Feature","geometry":{"type":"Point","coordinates":[13.496333,45.761667]},"properties":{"scode":"FVG589","name":"Foce Isonzo","variables":["LIVIDRO"],"latest":{"LIVIDRO":0.345},"latest_time":"2026-10-04T05:00","series":"series/FVG589.csv"}},{"type":"Feature","geometry":{"type":"Point","coordinates":[13.228165,45.800062]},"properties":{"scode":"FVG626","name":"Porto Nogaro Marea","variables":["LIVIDRO"],"latest":{"LIVIDRO":0.25},"latest_time":"2026-10-04T05:15","series":"series/FVG626.csv"}},{"type":"Feature","geometry":{"type":"Point","coordinates":[13.323348,46.365819]},"properties":{"scode":"FVG628","name":"Resia idro","variables":["LIVIDRO"],"latest":{"LIVIDRO":0.1},"latest_time":"2026-10-04T05:15","series":"series/FVG628.csv"}},{"type":"Feature","geometry":{"type":"Point","coordinates":[13.471761,46.510304]},"properties":{"scode":"FVG195","name":"Ugovizza Uque","variables":["LIVIDRO"],"latest":{"LIVIDRO":-0.1},"latest_time":"2026-10-04T05:15","series":"series/FVG195.csv"}},{"type":"Feature","geometry":{"type":"Point","coordinates":[12.902326583862,46.221333268011]},"properties":{"scode":"FVG592","name":"Clauzetto frana","variables":["LIVIDRO"],"latest":{"LIVIDRO":0.0},"latest_time":"2026-10-01T14:45","series":"series/FVG592.csv"}},{"type":"Feature","geometry":{"type":"Point","coordinates":[13.303484,46.529829]},"properties":{"scode":"FVG135","name":"Pramollo","variables":["CDD","ET0","GDD","HDD","LIVIDRO","PREC","PREC24","PREC48","TDEW","TEMP","UMID","VPD"],"latest":{"CDD":0.0,"ET0":0.54,"GDD":0.0,"HDD":9.5,"LIVIDRO":-0.98,"PREC":0.0,"PREC24":0.0,"PREC48":0.0,"TDEW":3.9,"TEMP":8.0,"UMID":75.2,"VPD":0.266},"latest_time":"2026-10-04T05:15","series":"series/FVG135.csv"}},{"type":"Feature","geometry":{"type":"Point","coordinates":[12.864919432694,46.516967210607]},"properties":{"scode":"FVG612","name":"Comeglians (new)","variables":["CDD","ET0","GDD","HDD","LIVIDRO","PREC","PREC24","PREC48","TDEW","TEMP","UMID","VPD"],"latest":{"CDD":0.0,"ET0":0.5,"GDD":0.0,"HDD":11.5,"LIVIDRO":1.08,"PREC":0.0,"PREC24":0.0,"PREC48":0.0,"TDEW":5.7,"TEMP":6.0,"UMID":97.8,"VPD":0.021},"latest_time":"2026-10-04T05:00","series":"series/FVG612.csv"}},{"type":"Feature","geometry":{"type":"Point","coordinates":[12.958073,46.1814]},"properties":{"scode":"FVG202","name":"Villuzza","variables":["LIVIDRO"],"latest":{"LIVIDRO":-0.14},"latest_time":"2026-10-04T05:15","series":"series/FVG202.csv"}},{"type":"Feature","geometry":{"type":"Point","coordinates":[12.575168,46.187855]},"properties":{"scode":"FVG11","name":"Barcis invaso","variables":["LIVLAGO"],"latest":{"LIVLAGO":385.64},"latest_time":"2026-10-04T05:15","series":"series/FVG11.csv"}},{"type":"Feature","geometry":{"type":"Point","coordinates":[12.700746,46.258478]},"properties":{"scode":"FVG16","name":"Cà Selva invaso","variables":["CDD","ET0","GDD","HDD","LIVLAGO","PREC","PREC24","PREC48","TEMP"],"latest":{"CDD":0.0,"ET0":0.64,"GDD":0.8,"HDD":7.3,"LIVLAGO":449.79,"PREC":0.0,"PREC24":0.0,"PREC48":0.0,"TEMP":10.2},"latest_time":"2026-10-04T05:15","series":"series/FVG16.csv"}},{"type":"Feature","geometry":{"type":"Point","coordinates":[12.716113,46.292178]},"properties":{"scode":"FVG17","name":"Cà Zul invaso","variables":["CDD","ET0","GDD","HDD","LIVLAGO","PREC","PREC24","PREC48","TEMP"],"latest":{"CDD":0.0,"ET0":0.51,"GDD":0.0,"HDD":8.1,"LIVLAGO":561.41,"PREC":0.0,"PREC24":0.0,"PREC48":0.0,"TEMP":9.6},"latest_time":"2026-10-04T05:15","series":"series/FVG17.csv"}},{"type":"Feature","geometry":{"type":"Point","coordinates":[12.750119,46.240651]},"properties":{"scode":"FVG185","name":"Tramonti invaso","variables":["CDD","ET0","GDD","HDD","LIVLAGO","PREC","PREC24","PREC48","TEMP"],"latest":{"CDD":0.0,"ET0":0.63,"GDD":0.0,"HDD":10.0,"LIVLAGO":294.59,"PREC":0.0,"PREC24":0.0,"PREC48":0.0,"TEMP":7.2},"latest_time":"2026-10-04T05:15","series":"series/FVG185.csv"}},{"type":"Feature","geometry":{"type":"Point","coordinates":[12.611949,46.198832]},"properties":{"scode":"FVG4","name":"Andreis","variables":["CDD","ET0","GDD","HDD","LIVNEVE","PREC","PREC24","PREC48","PRESS","QSPEC","TDEW","TEMP","UMID","VPD"],"latest":{"CDD":0.0,"ET0":0.56,"GDD":0.0,"HDD":14.9,"LIVNEVE":3.0,"PREC":0.0,"PREC24":0.0,"PREC48":0.0,"PRESS":982.3,"QSPEC":4.43,"TDEW":1.8,"TEMP":2.3,"UMID":96.8,"VPD":0.023},"latest_time":"2026-10-04T05:15","series":"series/FVG4.csv"}},{"type":"Feature","geometry":{"type":"Point","coordinates":[12.831403,46.259451]},"properties":{"scode":"FVG19","name":"Campone","variables":["CDD","ET0","GDD","HDD","LIVNEVE","PREC","PREC24","PREC48","TDEW","TEMP","UMID","VPD"],"latest":{"CDD":0.0,"ET0":0.48,"GDD":0.0,"HDD":13.7,"LIVNEVE":4.0,"PREC":0.0,"PREC24":0.0,"PREC48":0.0,"TDEW":3.5,"TEMP":3.8,"UMID":97.8,"VPD":0.018},"latest_time":"2026-10-04T05:15","series":"series/FVG19.csv"}},{"type":"Feature","geometry":{"type":"Point","coordinates":[12.839013,46.585563]},"properties":{"scode":"FVG42","name":"Collina","variables":["CDD","ET0","GDD","HDD","LIVNEVE","PREC","PREC24","PREC48","TDEW","TEMP","UMID","VPD"],"latest":{"CDD":0.0,"ET0":0.58,"GDD":0.5,"HDD":7.5,"LIVNEVE":7.0,"PREC":0.0,"PREC24":0.0,"PREC48":0.0,"TDEW":-3.8,"TEMP":10.0,"UMID":37.8,"VPD":0.764},"latest_time":"2026-10-04T05:15","series":"series/FVG42.csv"}},{"type":"Feature","geometry":{"type":"Point","coordinates":[12.773752,46.586742]},"properties":{"scode":"FVG61","name":"Forni Avoltri","variables":["CDD","ET0","GDD","HDD","LIVNEVE","PREC","PREC24","PREC48","TEMP"],"latest":{"CDD":0.0,"ET0":0.7,"GDD":0.0,"HDD":10.3,"LIVNEVE":1.0,"PREC":0.0,"PREC24":0.0,"PREC48":0.0,"TEMP":6.8},"latest_time":"2026-10-04T05:15","series":"series/FVG61.csv"}},{"type":"Feature","geometry":{"type":"Point","coordinates":[12.659225,46.196015]},"properties":{"scode":"FVG103","name":"Pala Barzana","variables":["CDD","ET0","GDD","HDD","LIVNEVE","PREC","PREC24","PREC48","TDEW","TEMP","UMID","VPD"],"latest":{"CDD":0.0,"ET0":0.91,"GDD":0.0,"HDD":8.5,"LIVNEVE":13.0,"PREC":0.0,"PREC24":0.0,"PREC48":0.0,"TDEW":3.6,"TEMP":9.2,"UMID":67.8,"VPD":0.375},"latest_time":"2026-10-04T05:15","series":"series/FVG103.csv"}},{"type":"Feature","geometry":{"type":"Point","coordinates":[13.012166,46.527965]},"properties":{"scode":"FVG105","name":"Paluzza","variables":["CDD","ET0","GDD","HDD","LIVNEVE","PREC","PREC24","PREC48","TDEW","TEMP","UMID","VPD"],"latest":{"CDD":0.0,"ET0":0.59,"GDD":0.0,"HDD":12.2,"LIVNEVE":0.0,"PREC":0.0,"PREC24":0.0,"PREC48":0.0,"TDEW":4.6,"TEMP":5.2,"UMID":95.9,"VPD":0.036},"latest_time":"2026-10-04T05:15","series":"series/FVG105.csv"}},{"type":"Feature","geometry":{"type":"Point","coordinates":[13.378085,46.242752]},"properties":{"scode":"FVG116","name":"Platischis","variables":["CDD","ET0","GDD","HDD","LIVNEVE","PREC","PREC24","PREC48","TDEW","TEMP","UMID","VPD"],"latest":{"CDD":0.0,"ET0":0.5,"GDD":0.0,"HDD":8.5,"LIVNEVE":5.0,"PREC":0.0,"PREC24":0.0,"PREC48":0.0,"TDEW":4.4,"TEMP":9.1,"UMID":72.2,"VPD":0.321},"latest_time":"2026-10-04T05:15","series":"series/FVG116.csv"}},{"type":"Feature","geometry":{"type":"Point","coordinates":[13.307569,46.506062]},"properties":{"scode":"FVG127","name":"Pontebba T. P.","variables":["CDD","ET0","GDD","HDD","LIVNEVE","PREC","PREC24","PREC48","PRESS","QSPEC","RADSOL","TDEW","TEMP","UMID","VPD"],"latest":{"CDD":0.0,"ET0":0.52,"GDD":0.0,"HDD":11.4,"LIVNEVE":9.0,"PREC":0.0,"PREC24":0.0,"PREC48":0.0,"PRESS":964.1,"QSPEC":5.53,"RADSOL":0.0,"TDEW":4.7,"TEMP":6.2,"UMID":90.2,"VPD":0.093},"latest_time":"2026-10-04T05:15","series":"series/FVG127.csv"}},{"type":"Feature","geometry":{"type":"Point","coordinates":[12.917373,46.519455]},"properties":{"scode":"FVG145","name":"Ravascletto","variables":["CDD","ET0","GDD","HDD","LIVNEVE","PREC","PREC24","PREC48","TDEW","TEMP","UMID","VPD"],"latest":{"CDD":0.0,"ET0":0.66,"GDD":0.0,"HDD":9.6,"LIVNEVE":3.0,"PREC":0.0,"PREC24":0.0,"PREC48":0.0,"TDEW":3.7,"TEMP":8.3,"UMID":72.6,"VPD":0.3},"latest_time":"2026-10-04T05:15","series":"series/FVG145.csv"}},{"type":"Feature","geometry":{"type":"Point","coordinates":[12.681982,46.467221]},"properties":{"scode":"FVG164","name":"Sauris di sopra","variables":["CDD","ET0","GDD","HDD","LIVNEVE","PREC","PREC24","PREC48","TDEW","TEMP","UMID","VPD"],"latest":{"CDD":0.0,"ET0":0.62,"GDD":0.0,"HDD":8.1,"LIVNEVE":25.0,"PREC":0.0,"PREC24":0.0,"PREC48":0.0,"TDEW":-2.3,"TEMP":10.0,"UMID":42.0,"VPD":0.712},"latest_time":"2026-10-04T05:15","series":"series/FVG164.csv"}},{"type":"Feature","geometry":{"type":"Point","coordinates":[12.940325,46.358906]},"properties":{"scode":"FVG166","name":"Sella Chianzutan","variables":["CDD","ET0","GDD","HDD","LIVNEVE","PREC","PREC24","PREC48","TDEW","TEMP","UMID","VPD"],"latest":{"CDD":0.0,"ET0":0.96,"GDD":0.0,"HDD":10.5,"LIVNEVE":15.0,"PREC":0.0,"PREC24":0.0,"PREC48":0.0,"TDEW":3.8,"TEMP":6.3,"UMID":83.9,"VPD":0.154},"latest_time":"2026-10-04T05:15","series":"series/FVG166.csv"}},{"type":"Feature","geometry":{"type":"Point","coordinates":[13.400202,46.306483]},"properties":{"scode":"FVG193","name":"Uccea","variables":["CDD","ET0","GDD","HDD","LIVNEVE","PREC","PREC24","PREC48","TEMP"],"latest":{"CDD":0.0,"ET0":0.51,"GDD":0.0,"HDD":11.1,"LIVNEVE":15.0,"PREC":0.0,"PREC24":0.0,"PREC48":0.0,"TEMP":6.5},"latest_time":"2026-10-04T05:15","series":"series/FVG193.csv"}},{"type":"Feature","geometry":{"type":"Point","coordinates":[13.474891,46.542897]},"properties":{"scode":"FVG198","name":"Val Ugovizza","variables":["CDD","ET0","GDD","HDD","LIVNEVE","PREC","PREC24","PREC48","TDEW","TEMP","UMID","VPD"],"latest":{"CDD":0.0,"ET0":0.39,"GDD":0.0,"HDD":12.8,"LIVNEVE":7.0,"PREC":0.0,"PREC24":0.0,"PREC48":0.0,"TDEW":2.9,"TEMP":4.9,"UMID":86.7,"VPD":0.115},"latest_time":"2026-10-04T05:15","series":"series/FVG198.csv"}},{"type":"Feature","geometry":{"type":"Point","coordinates":[13.524168,46.212423]},"properties":{"scode":"FVG515","name":"Malghe Mersino","variables":["CDD","ET0","GDD","HDD","LIVNEVE","PREC","PREC24","PREC48","TDEW","TEMP","UMID","VPD"],"latest":{"CDD":0.0,"ET0":1.02,"GDD":1.4,"HDD":6.7,"LIVNEVE":47.0,"PREC":0.0,"PREC24":0.0,"PREC48":0.0,"TDEW":-16.5,"TEMP":11.3,"UMID":12.7,"VPD":1.169},"latest_time":"2026-10-04T05:15","series":"series/FVG515.csv"}},{"type":"Feature","geometry":{"type":"Point","coordinates":[12.500334,46.263452]},"properties":{"scode":"FVG522","name":"Claut tre pini","variables":["CDD","ET0","GDD","HDD","LIVNEVE","PREC","PREC24","PREC48","TDEW","TEMP","UMID","VPD"],"latest":{"CDD":0.0,"ET0":0.58,"GDD":0.0,"HDD":13.7,"LIVNEVE":6.0,"PREC":0.0,"PREC24":0.2,"PREC48":0.2,"TDEW":3.5,"TEMP":3.8,"UMID":97.6,"VPD":0.019},"latest_time":"2026-10-04T05:15","series":"series/FVG522.csv"}},{"type":"Feature","geometry":{"type":"Point","coordinates":[13.392928,46.347423]},"properties":{"scode":"FVG532","name":"Coritis","variables":["CDD","ET0","GDD","HDD","LIVNEVE","PREC","PREC24","PREC48","TDEW","TEMP","UMID","VPD"],"latest":{"CDD":0.0,"ET0":0.65,"GDD":0.0,"HDD":9.2,"LIVNEVE":11.0,"PREC":0.0,"PREC24":0.0,"PREC48":0.0,"TDEW":3.6,"TEMP":8.2,"UMID":73.0,"VPD":0.294},"latest_time":"2026-10-04T05:15","series":"series/FVG532.csv"}},{"type":"Feature","geometry":{"type":"Point","coordinates":[13.47604,46.3906]},"properties":{"scode":"FVG542","name":"Sella Nevea","variables":["CDD","ET0","GDD","HDD","LIVNEVE","PREC","PREC24","PREC48","TDEW","TEMP","UMID","VPD"],"latest":{"CDD":0.0,"ET0":0.57,"GDD":0.0,"HDD":12.3,"LIVNEVE":3.0,"PREC":0.0,"PREC24":0.0,"PREC48":0.0,"TDEW":2.9,"TEMP":6.0,"UMID":80.4,"VPD":0.183},"latest_time":"2026-10-04T05:15","series":"series/FVG542.csv"}},{"type":"Feature","geometry":{"type":"Point","coordinates":[12.775128,46.521834]},"properties":{"scode":"FVG113","name":"Pesariis","variables":["CDD","ET0","GDD","HDD","LIVNEVE","PREC","PREC24","PREC48","TDEW","TEMP","UMID","VPD"],"latest":{"CDD":0.0,"ET0":0.61,"GDD":0.0,"HDD":10.5,"LIVNEVE":23.0,"PREC":0.0,"PREC24":0.0,"PREC48":0.0,"TDEW":4.4,"TEMP":6.9,"UMID":84.0,"VPD":0.159},"latest_time":"2026-10-04T05:15","series":"series/FVG113.csv"}},{"type":"Feature","geometry":{"type":"Point","coordinates":[13.567822,46.437058]},"properties":{"scode":"FVG219","name":"Cave del Predil","variables":["CDD","ET0","GDD","HDD","LIVNEVE","PREC","PREC24","PREC48","PRESS","QSPEC","TDEW","TEMP","UMID","VPD"],"latest":{"CDD":0.0,"ET0":0.42,"GDD":0.0,"HDD":14.5,"LIVNEVE":2.0,"PREC":0.0,"PREC24":0.2,"PREC48":0.2,"PRESS":924.26,"QSPEC":5.13,"TDEW":3.0,"TEMP":3.04,"UMID":100.0,"VPD":0.0},"latest_time":"2026-10-04T05:15","series":"series/FVG219.csv"}},{"type":"Feature","geometry":{"type":"Point","coordinates":[12.804309,46.414287]},"properties":{"scode":"FVG598","name":"Ampezzo","variables":["CDD","ET0","GDD","HDD","LIVNEVE","PREC","PREC24","PREC48","TDEW","TEMP","UMID","VPD"],"latest":{"CDD":0.0,"ET0":0.72,"GDD":0.0,"HDD":8.9,"LIVNEVE":40.0,"PREC":0.0,"PREC24":0.0,"PREC48":0.0,"TDEW":5.6,"TEMP":8.5,"UMID":82.0,"VPD":0.2},"latest_time":"2026-10-04T05:15","series":"series/FVG598.csv"}},{"type":"Feature","geometry":{"type":"Point","coordinates":[12.793013,46.298232]},"properties":{"scode":"FVG184","name":"Tramonti di Sotto","variables":["CDD","ET0","GDD","HDD","LIVNEVE","PREC","PREC24","PREC48","TEMP"],"latest":{"CDD":0.0,"ET0":0.51,"GDD":0.0,"HDD":15.5,"LIVNEVE":0.0,"PREC":0.0,"PREC24":0.0,"PREC48":0.0,"TEMP":1.9},"latest_time":"2026-10-04T05:15","series":"series/FVG184.csv"}},{"type":"Feature","geometry":{"type":"Point","coordinates":[13.49666,46.46771]},"properties":{"scode":"FVG609","name":"Val Saisera","variables":["CDD","ET0","GDD","HDD","LIVNEVE","PREC","PREC24","PREC48","TDEW","TEMP","UMID","VPD"],"latest":{"CDD":0.0,"ET0":0.79,"GDD":0.0,"HDD":11.4,"LIVNEVE":4.0,"PREC":0.0,"PREC24":0.0,"PREC48":0.0,"TDEW":3.4,"TEMP":5.4,"UMID":87.1,"VPD":0.116},"latest_time":"2026-10-04T05:15","series":"series/FVG609.csv"}},{"type":"Feature","geometry":{"type":"Point","coordinates":[13.121217,46.526109]},"properties":{"scode":"FVG110","name":"Paularo","variables":["CDD","ET0","GDD","HDD","LIVNEVE","PREC","PREC24","PREC48","TEMP"],"latest":{"CDD":0.0,"ET0":0.59,"GDD":0.0,"HDD":11.6,"LIVNEVE":0.0,"PREC":0.0,"PREC24":0.0,"PREC48":0.0,"TEMP":5.7},"latest_time":"2026-10-04T05:15","series":"series/FVG110.csv"}},{"type":"Feature","geometry":{"type":"Point","coordinates":[12.514507,46.454024]},"properties":{"scode":"FVG604","name":"Passo della Mauria","variables":["CDD","ET0","GDD","HDD","LIVNEVE","PREC","PREC24","PREC48","TDEW","TEMP","UMID","VPD"],"latest":{"CDD":0.0,"ET0":0.45,"GDD":0.0,"HDD":11.4,"LIVNEVE":2.0,"PREC":0.0,"PREC24":0.0,"PREC48":0.0,"TDEW":3.6,"TEMP":6.1,"UMID":84.1,"VPD":0.15},"latest_time":"2026-10-04T05:15","series":"series/FVG604.csv"}},{"type":"Feature","geometry":{"type":"Point","coordinates":[12.492347,46.114911]},"properties":{"scode":"FVG611","name":"Val dei Sass NIVO","variables":["LIVNEVE"],"latest":{"LIVNEVE":7.0},"latest_time":"2026-10-04T04:30","series":"series/FVG611.csv"}},{"type":"Feature","geometry":{"type":"Point","coordinates":[13.229024,46.115211]},"properties":{"scode":"FVG1","name":"Adegliacco","variables":["PREC","PREC24","PREC48"],"latest":{"PREC":0.0,"PREC24":0.0,"PREC48":0.0},"latest_time":"2026-10-04T05:00","series":"series/FVG1.csv"}},{"type":"Feature","geometry":{"type":"Point","coordinates":[13.055607,46.309217]},"properties":{"scode":"FVG2","name":"Alesso","variables":["CDD","ET0","GDD","HDD","PREC","PREC24","PREC48","TEMP"],"latest":{"CDD":0.0,"ET0":0.87,"GDD":2.2,"HDD":5.9,"PREC":0.0,"PREC24":0.0,"PREC48":0.0,"TEMP":11.2},"latest_time":"2026-10-04T05:15","series":"series/FVG2.csv"}},{"type":"Feature","geometry":{"type":"Point","coordinates":[13.165936,46.117875]},"properties":{"scode":"FVG3","name":"Alnicco","variables":["CDD","ET0","GDD","HDD","PREC","PREC24","PREC48","TDEW","TEMP","UMID","VPD"],"latest":{"CDD":0.0,"ET0":0.65,"GDD":3.7,"HDD":4.3,"PREC":0.0,"PREC24":0.0,"PREC48":0.0,"TDEW":6.1,"TEMP":13.2,"UMID":62.1,"VPD":0.575},"latest_time":"2026-10-04T05:15","series":"series/FVG3.csv"}},{"type":"Feature","geometry":{"type":"Point","coordinates":[12.790575,46.088296]},"properties":{"scode":"FVG13","name":"Basaldella di Vivaro","variables":["CDD","ET0","GDD","HDD","PREC","PREC24","PREC48","TDEW","TEMP","UMID","VPD"],"latest":{"CDD":0.0,"ET0":0.61,"GDD":0.1,"HDD":7.9,"PREC":0.0,"PREC24":0.0,"PREC48":0.0,"TDEW":6.1,"TEMP":9.9,"UMID":77.4,"VPD":0.276},"latest_time":"2026-10-04T05:15","series":"series/FVG13.csv"}},{"type":"Feature","geometry":{"type":"Point","coordinates":[13.189084,46.485876]},"properties":{"scode":"FVG14","name":"Bevorchians","variables":["CDD","ET0","GDD","HDD","PREC","PREC24","PREC48","TDEW","TEMP","UMID","VPD"],"latest":{"CDD":0.0,"ET0":0.96,"GDD":1.4,"HDD":6.2,"PREC":0.0,"PREC24":0.0,"PREC48":0.0,"TDEW":4.6,"TEMP":10.2,"UMID":68.0,"VPD":0.398},"latest_time":"2026-10-04T05:15","series":"series/FVG14.csv"}},{"type":"Feature","geometry":{"type":"Point","coordinates":[12.471192,46.246394]},"properties":{"scode":"FVG28","name":"Cellino","variables":["CDD","ET0","GDD","HDD","PREC","PREC24","PREC48","TDEW","TEMP","UMID","VPD"],"latest":{"CDD":0.0,"ET0":0.65,"GDD":0.0,"HDD":13.4,"PREC":0.0,"PREC24":0.0,"PREC48":0.0,"TDEW":3.6,"TEMP":3.8,"UMID":98.5,"VPD":0.012},"latest_time":"2026-10-04T05:15","series":"series/FVG28.csv"}},{"type":"Feature","geometry":{"type":"Point","coordinates":[13.371963,46.45213]},"properties":{"scode":"FVG31","name":"Chiout","variables":["CDD","ET0","GDD","HDD","PREC","PREC24","PREC48","TDEW","TEMP","UMID","VPD"],"latest":{"CDD":0.0,"ET0":0.6,"GDD":0.0,"HDD":9.2,"PREC":0.0,"PREC24":0.0,"PREC48":0.0,"TDEW":3.2,"TEMP":8.4,"UMID":70.0,"VPD":0.331},"latest_time":"2026-10-04T05:15","series":"series/FVG31.csv"}},{"type":"Feature","geometry":{"type":"Point","coordinates":[12.917954,46.229907]},"properties":{"scode":"FVG37","name":"Clauzetto","variables":["CDD","ET0","GDD","HDD","PREC","PREC24","PREC48","TDEW","TEMP","UMID","VPD"],"latest":{"CDD":0.0,"ET0":0.77,"GDD":4.0,"HDD":4.1,"PREC":0.0,"PREC24":0.0,"PREC48":0.0,"TDEW":3.8,"TEMP":13.4,"UMID":52.3,"VPD":0.733},"latest_time":"2026-10-04T05:15","series":"series/FVG37.csv"}},{"type":"Feature","geometry":{"type":"Point","coordinates":[13.203442,46.19208]},"properties":{"scode":"FVG41","name":"Collalto borgo di sotto","variables":["CDD","ET0","GDD","HDD","PREC","PREC24","PREC48","TDEW","TEMP","UMID","VPD"],"latest":{"CDD":0.0,"ET0":0.61,"GDD":0.0,"HDD":10.0,"PREC":0.0,"PREC24":0.0,"PREC48":0.0,"TDEW":6.1,"TEMP":7.3,"UMID":92.2,"VPD":0.08},"latest_time":"2026-10-04T05:15","series":"series/FVG41.csv"}},{"type":"Feature","geometry":{"type":"Point","coordinates":[13.139608,46.057162]},"properties":{"scode":"FVG43","name":"Colloredo di Prato","variables":["CDD","ET0","GDD","HDD","PREC","PREC24","PREC48","TDEW","TEMP","UMID","VPD"],"latest":{"CDD":0.0,"ET0":0.7,"GDD":0.0,"HDD":9.7,"PREC":0.0,"PREC24":0.0,"PREC48":0.0,"TDEW":6.3,"TEMP":9.3,"UMID":81.4,"VPD":0.218},"latest_time":"2026-10-04T05:15","series":"series/FVG43.csv"}},{"type":"Feature","geometry":{"type":"Point","coordinates":[13.146103,46.166856]},"properties":{"scode":"FVG44","name":"Colloredo M. A.","variables":["PREC","PREC24","PREC48"],"latest":{"PREC":0.0,"PREC24":0.0,"PREC48":0.0},"latest_time":"2026-10-04T05:00","series":"series/FVG44.csv"}},{"type":"Feature","geometry":{"type":"Point","coordinates":[13.09823,46.1143]},"properties":{"scode":"FVG56","name":"Fagagna","variables":["CDD","ET0","GDD","HDD","PREC","PREC24","PREC48","TDEW","TEMP","UMID","VPD"],"latest":{"CDD":0.0,"ET0":0.77,"GDD":3.5,"HDD":4.5,"PREC":0.0,"PREC24":0.0,"PREC48":0.0,"TDEW":6.2,"TEMP":13.0,"UMID":63.4,"VPD":0.548},"latest_time":"2026-10-04T05:15","series":"series/FVG56.csv"}},{"type":"Feature","geometry":{"type":"Point","coordinates":[13.5343,45.908252]},"properties":{"scode":"FVG57","name":"Farra d'Isonzo","variables":["PREC","PREC24","PREC48"],"latest":{"PREC":0.0,"PREC24":0.0,"PREC48":0.0},"latest_time":"2026-10-04T05:00","series":"series/FVG57.csv"}},{"type":"Feature","geometry":{"type":"Point","coordinates":[13.141196,46.278771]},"properties":{"scode":"FVG64","name":"Gemona del Friuli","variables":["CDD","ET0","GDD","HDD","PREC","PREC24","PREC48","TDEW","TEMP","UMID","VPD"],"latest":{"CDD":0.0,"ET0":0.88,"GDD":4.3,"HDD":3.8,"PREC":0.0,"PREC24":0.0,"PREC48":0.0,"TDEW":5.2,"TEMP":13.5,"UMID":57.4,"VPD":0.659},"latest_time":"2026-10-04T05:15","series":"series/FVG64.csv"}},{"type":"Feature","geometry":{"type":"Point","coordinates":[12.981692,46.047548]},"properties":{"scode":"FVG70","name":"Grions","variables":["CDD","ET0","GDD","HDD","PREC","PREC24","PREC48","TDEW","TEMP","UMID","VPD"],"latest":{"CDD":0.0,"ET0":1.04,"GDD":2.6,"HDD":5.2,"PREC":0.0,"PREC24":0.0,"PREC48":0.0,"TDEW":7.0,"TEMP":11.2,"UMID":75.2,"VPD":0.33},"latest_time":"2026-10-04T05:15","series":"series/FVG70.csv"}},{"type":"Feature","geometry":{"type":"Point","coordinates":[13.161542,46.228391]},"properties":{"scode":"FVG80","name":"Magnano in Riviera","variables":["CDD","ET0","GDD","HDD","PREC","PREC24","PREC48","TDEW","TEMP","UMID","VPD"],"latest":{"CDD":0.0,"ET0":0.7,"GDD":0.0,"HDD":10.7,"PREC":0.0,"PREC24":0.0,"PREC48":0.0,"TDEW":6.1,"TEMP":6.7,"UMID":96.1,"VPD":0.038},"latest_time":"2026-10-04T05:15","series":"series/FVG80.csv"}},{"type":"Feature","geometry":{"type":"Point","coordinates":[13.511528,45.796465]},"properties":{"scode":"FVG93","name":"Monfalcone pluvio","variables":["CDD","ET0","GDD","HDD","PREC","PREC24","PREC48","TDEW","TEMP","UMID","VPD"],"latest":{"CDD":0.0,"ET0":1.03,"GDD":2.4,"HDD":5.6,"PREC":0.0,"PREC24":0.0,"PREC48":0.0,"TDEW":5.0,"TEMP":11.2,"UMID":65.5,"VPD":0.459},"latest_time":"2026-10-04T05:15","series":"series/FVG93.csv"}},{"type":"Feature","geometry":{"type":"Point","coordinates":[13.775738,45.600676]},"properties":{"scode":"FVG95","name":"Muggia","variables":["CDD","ET0","GDD","HDD","PREC","PREC24","PREC48","TDEW","TEMP","UMID","VPD"],"latest":{"CDD":0.0,"ET0":1.04,"GDD":5.2,"HDD":3.0,"PREC":0.0,"PREC24":0.0,"PREC48":0.0,"TDEW":4.2,"TEMP":14.2,"UMID":51.0,"VPD":0.794},"latest_time":"2026-10-04T05:15","series":"series/FVG95.csv"}},{"type":"Feature","geometry":{"type":"Point","coordinates":[13.295932,45.992595]},"properties":{"scode":"FVG111","name":"Pavia di Udine","variables":["CDD","ET0","GDD","HDD","PREC","PREC24","PREC48","TDEW","TEMP","UMID","VPD"],"latest":{"CDD":0.0,"ET0":1.1,"GDD":1.0,"HDD":6.9,"PREC":0.0,"PREC24":0.0,"PREC48":0.0,"TDEW":5.5,"TEMP":9.3,"UMID":77.3,"VPD":0.266},"latest_time":"2026-10-04T05:15","series":"series/FVG111.csv"}},{"type":"Feature","geometry":{"type":"Point","coordinates":[12.614163,45.921867]},"properties":{"scode":"FVG129","name":"Porcia","variables":["CDD","ET0","GDD","HDD","PREC","PREC24","PREC48","TDEW","TEMP","UMID","VPD"],"latest":{"CDD":0.0,"ET0":0.66,"GDD":0.0,"HDD":10.0,"PREC":0.0,"PREC24":0.0,"PREC48":0.0,"TDEW":5.9,"TEMP":7.0,"UMID":92.7,"VPD":0.073},"latest_time":"2026-10-04T05:15","series":"series/FVG129.csv"}},{"type":"Feature","geometry":{"type":"Point","coordinates":[13.309328,46.122873]},"properties":{"scode":"FVG133","name":"Povoletto","variables":["CDD","ET0","GDD","HDD","PREC","PREC24","PREC48","TDEW","TEMP","UMID","VPD"],"latest":{"CDD":0.0,"ET0":1.07,"GDD":0.0,"HDD":8.4,"PREC":0.0,"PREC24":0.0,"PREC48":0.0,"TDEW":6.6,"TEMP":8.7,"UMID":86.7,"VPD":0.15},"latest_time":"2026-10-04T05:15","series":"series/FVG133.csv"}},{"type":"Feature","geometry":{"type":"Point","coordinates":[13.295677,46.375891]},"properties":{"scode":"FVG146","name":"Resia","variables":["CDD","ET0","GDD","HDD","PREC","PREC24","PREC48","TDEW","TEMP","UMID","VPD"],"latest":{"CDD":0.0,"ET0":0.63,"GDD":0.0,"HDD":11.7,"PREC":0.0,"PREC24":0.0,"PREC48":0.0,"TDEW":4.9,"TEMP":5.7,"UMID":94.5,"VPD":0.05},"latest_time":"2026-10-04T05:15","series":"series/FVG146.csv"}},{"type":"Feature","geometry":{"type":"Point","coordinates":[13.404023,45.832037]},"properties":{"scode":"FVG153","name":"Ruda","variables":["CDD","ET0","GDD","HDD","PREC","PREC24","PREC48","TDEW","TEMP","UMID","VPD"],"latest":{"CDD":0.0,"ET0":0.86,"GDD":0.0,"HDD":9.8,"PREC":0.0,"PREC24":0.0,"PREC48":0.0,"TDEW":5.9,"TEMP":8.2,"UMID":85.2,"VPD":0.161},"latest_time":"2026-10-04T05:15","series":"series/FVG153.csv"}},{"type":"Feature","geometry":{"type":"Point","coordinates":[12.9365,46.312548]},"properties":{"scode":"FVG157","name":"San Francesco T. P.","variables":["CDD","ET0","GDD","HDD","PREC","PREC24","PREC48","TDEW","TEMP","UMID","VPD"],"latest":{"CDD":0.0,"ET0":0.57,"GDD":0.0,"HDD":12.4,"PREC":0.0,"PREC24":0.0,"PREC48":0.0,"TDEW":4.0,"TEMP":5.0,"UMID":93.0,"VPD":0.061},"latest_time":"2026-10-04T05:15","series":"series/FVG157.csv"}},{"type":"Feature","geometry":{"type":"Point","coordinates":[13.642786,46.165041]},"properties":{"scode":"FVG158","name":"San Volfango","variables":["CDD","ET0","GDD","HDD","PREC","PREC24","PREC48","TDEW","TEMP","UMID","VPD"],"latest":{"CDD":0.0,"ET0":0.47,"GDD":1.3,"HDD":6.7,"PREC":0.0,"PREC24":0.0,"PREC48":0.0,"TDEW":2.5,"TEMP":11.2,"UMID":55.0,"VPD":0.599},"latest_time":"2026-10-04T05:15","series":"series/FVG158.csv"}},{"type":"Feature","geometry":{"type":"Point","coordinates":[13.014047,46.15697]},"properties":{"scode":"FVG160","name":"San Daniele del Friuli","variables":["CDD","ET0","GDD","HDD","PREC","PREC24","PREC48","TEMP"],"latest":{"CDD":0.0,"ET0":0.75,"GDD":0.2,"HDD":7.8,"PREC":0.0,"PREC24":0.0,"PREC48":0.0,"TEMP":9.5},"latest_time":"2026-10-04T05:15","series":"series/FVG160.csv"}},{"type":"Feature","geometry":{"type":"Point","coordinates":[13.404773,45.766023]},"properties":{"scode":"FVG161","name":"San Lorenzo","variables":["CDD","ET0","GDD","HDD","PREC","PREC24","PREC48","TDEW","TEMP","UMID","VPD"],"latest":{"CDD":0.0,"ET0":0.96,"GDD":0.2,"HDD":7.7,"PREC":0.0,"PREC24":0.0,"PREC48":0.0,"TDEW":5.4,"TEMP":10.4,"UMID":71.2,"VPD":0.363},"latest_time":"2026-10-04T05:15","series":"series/FVG161.csv"}},{"type":"Feature","geometry":{"type":"Point","coordinates":[12.882468,46.108589]},"properties":{"scode":"FVG170","name":"Spilimbergo","variables":["CDD","ET0","GDD","HDD","PREC","PREC24","PREC48","TDEW","TEMP","UMID","VPD"],"latest":{"CDD":0.0,"ET0":0.77,"GDD":0.0,"HDD":8.0,"PREC":0.0,"PREC24":0.0,"PREC48":0.0,"TDEW":6.2,"TEMP":9.5,"UMID":79.9,"VPD":0.239},"latest_time":"2026-10-04T05:15","series":"series/FVG170.csv"}},{"type":"Feature","geometry":{"type":"Point","coordinates":[13.213877,46.151582]},"properties":{"scode":"FVG190","name":"Tricesimo","variables":["CDD","ET0","GDD","HDD","PREC","PREC24","PREC48","TDEW","TEMP","UMID","VPD"],"latest":{"CDD":0.0,"ET0":0.88,"GDD":2.2,"HDD":5.8,"PREC":0.0,"PREC24":0.0,"PREC48":0.0,"TDEW":6.0,"TEMP":11.2,"UMID":70.4,"VPD":0.394},"latest_time":"2026-10-04T05:15","series":"series/FVG190.csv"}},{"type":"Feature","geometry":{"type":"Point","coordinates":[13.236595,46.064985]},"properties":{"scode":"FVG194","name":"Udine","variables":["CDD","ET0","GDD","HDD","PREC","PREC24","PREC48","PRESS","QSPEC","TDEW","TEMP","UMID","VPD"],"latest":{"CDD":0.0,"ET0":0.92,"GDD":4.2,"HDD":3.7,"PREC":0.0,"PREC24":0.0,"PREC48":0.0,"PRESS":1010.5,"QSPEC":5.85,"TDEW":6.2,"TEMP":13.3,"UMID":62.1,"VPD":0.579},"latest_time":"2026-10-04T05:15","series":"series/FVG194.csv"}},{"type":"Feature","geometry":{"type":"Point","coordinates":[13.153527,46.195981]},"properties":{"scode":"FVG206","name":"Zeglianutto","variables":["CDD","ET0","GDD","HDD","PREC","PREC24","PREC48","TDEW","TEMP","UMID","VPD"],"latest":{"CDD":0.0,"ET0":0.64,"GDD":3.1,"HDD":5.0,"PREC":0.0,"PREC24":0.0,"PREC48":0.0,"TDEW":5.9,"TEMP":13.0,"UMID":62.2,"VPD":0.566},"latest_time":"2026-10-04T05:15","series":"series/FVG206.csv"}},{"type":"Feature","geometry":{"type":"Point","coordinates":[13.240113,45.928831]},"properties":{"scode":"FVG217","name":"Bicinicco","variables":["CDD","ET0","GDD","HDD","PREC","PREC24","PREC48","TDEW","TEMP","UMID","VPD"],"latest":{"CDD":0.0,"ET0":1.12,"GDD":1.1,"HDD":7.1,"PREC":0.0,"PREC24":0.0,"PREC48":0.0,"TDEW":6.3,"TEMP":10.5466666666667,"UMID":75.26,"VPD":0.315},"latest_time":"2026-10-04T05:15","series":"series/FVG217.csv"}},{"type":"Feature","geometry":{"type":"Point","coordinates":[13.274721,46.312676]},"properties":{"scode":"FVG221","name":"Musi","variables":["CDD","ET0","GDD","HDD","PREC","PREC24","PREC48","RADSOL","TDEW","TEMP","UMID","VPD"],"latest":{"CDD":0.0,"ET0":0.51,"GDD":0.0,"HDD":8.8,"PREC":0.0,"PREC24":0.0,"PREC48":0.0,"RADSOL":1.13333333333333,"TDEW":5.0,"TEMP":8.82666666666667,"UMID":76.8666666666667,"VPD":0.262},"latest_time":"2026-10-04T05:15","series":"series/FVG221.csv"}},{"type":"Feature","geometry":{"type":"Point","coordinates":[12.945618,46.009008]},"properties":{"scode":"FVG224","name":"Rivis","variables":["CDD","ET0","GDD","HDD","PREC","PREC24","PREC48","TDEW","TEMP","UMID","VPD"],"latest":{"CDD":0.0,"ET0":0.51,"GDD":0.0,"HDD":8.7,"PREC":0.0,"PREC24":0.0,"PREC48":0.0,"TDEW":7.0,"TEMP":9.23333333333333,"UMID":85.7733333333333,"VPD":0.166},"latest_time":"2026-10-04T05:15","series":"series/FVG224.csv"}},{"type":"Feature","geometry":{"type":"Point","coordinates":[12.937408,45.919409]},"properties":{"scode":"FVG225","name":"Camino","variables":["CDD","ET0","GDD","HDD","PREC","PREC24","PREC48","TDEW","TEMP","UMID","VPD"],"latest":{"CDD":0.0,"ET0":0.72,"GDD":0.0,"HDD":9.7,"PREC":0.0,"PREC24":0.0,"PREC48":0.0,"TDEW":5.9,"TEMP":7.33333333333333,"UMID":90.8,"VPD":0.094},"latest_time":"2026-10-04T05:15","series":"series/FVG225.csv"}},{"type":"Feature","geometry":{"type":"Point","coordinates":[13.532769,46.194466]},"properties":{"scode":"FVG516","name":"Montemaggiore","variables":["CDD","ET0","GDD","HDD","PREC","PREC24","PREC48","TDEW","TEMP","UMID","VPD"],"latest":{"CDD":0.0,"ET0":0.47,"GDD":0.0,"HDD":8.5,"PREC":0.0,"PREC24":0.0,"PREC48":0.0,"TDEW":1.9,"TEMP":9.2,"UMID":60.5,"VPD":0.46},"latest_time":"2026-10-04T05:15","series":"series/FVG516.csv"}},{"type":"Feature","geometry":{"type":"Point","coordinates":[13.083567,45.871692]},"properties":{"scode":"FVG564","name":"Ariis","variables":["CDD","ET0","GDD","HDD","PREC","PREC24","PREC48","TDEW","TEMP","UMID","VPD"],"latest":{"CDD":0.0,"ET0":0.7,"GDD":0.0,"HDD":9.2,"PREC":0.0,"PREC24":0.0,"PREC48":0.0,"TDEW":7.6,"TEMP":8.11333333333333,"UMID":96.6666666666667,"VPD":0.036},"latest_time":"2026-10-04T05:15","series":"series/FVG564.csv"}},{"type":"Feature","geometry":{"type":"Point","coordinates":[13.317904,46.173115]},"properties":{"scode":"FVG580","name":"Attimis B.go Faris","variables":["CDD","ET0","GDD","HDD","PREC","PREC24","PREC48","TDEW","TEMP","UMID","VPD"],"latest":{"CDD":0.0,"ET0":0.55,"GDD":0.0,"HDD":12.6,"PREC":0.0,"PREC24":0.0,"PREC48":0.2,"TDEW":4.4,"TEMP":4.8,"UMID":97.0,"VPD":0.026},"latest_time":"2026-10-04T05:15","series":"series/FVG580.csv"}},{"type":"Feature","geometry":{"type":"Point","coordinates":[13.592415,46.155714]},"properties":{"scode":"FVG581","name":"Clodig","variables":["CDD","ET0","GDD","HDD","PREC","PREC24","PREC48","TDEW","TEMP","UMID","VPD"],"latest":{"CDD":0.0,"ET0":0.6,"GDD":0.0,"HDD":10.5,"PREC":0.0,"PREC24":0.0,"PREC48":0.0,"TDEW":6.9,"TEMP":6.9,"UMID":99.9,"VPD":0.001},"latest_time":"2026-10-04T05:15","series":"series/FVG581.csv"}},{"type":"Feature","geometry":{"type":"Point","coordinates":[13.527176678181,46.155630081339]},"properties":{"scode":"FVG582","name":"Savogna","variables":["CDD","ET0","GDD","HDD","PREC","PREC24","PREC48","TDEW","TEMP","UMID","VPD"],"latest":{"CDD":0.0,"ET0":0.84,"GDD":0.2,"HDD":8.2,"PREC":0.0,"PREC24":0.0,"PREC48":0.0,"TDEW":6.6,"TEMP":9.1,"UMID":84.1,"VPD":0.184},"latest_time":"2026-10-04T05:15","series":"series/FVG582.csv"}},{"type":"Feature","geometry":{"type":"Point","coordinates":[12.496647834778,46.036896805409]},"properties":{"scode":"FVG584","name":"Gorgazzo","variables":["CDD","ET0","GDD","HDD","PREC","PREC24","PREC48","TDEW","TEMP","UMID","VPD"],"latest":{"CDD":0.0,"ET0":0.5,"GDD":0.0,"HDD":10.6,"PREC":0.0,"PREC24":0.0,"PREC48":0.0,"TDEW":6.5,"TEMP":6.9,"UMID":97.3,"VPD":0.027},"latest_time":"2026-10-04T05:15","series":"series/FVG584.csv"}},{"type":"Feature","geometry":{"type":"Point","coordinates":[13.62839,45.93043]},"properties":{"scode":"FVG585","name":"Gorizia ARPA","variables":["CDD","ET0","GDD","HDD","PREC","PREC24","PREC48","TDEW","TEMP","UMID","VPD"],"latest":{"CDD":0.0,"ET0":0.96,"GDD":0.0,"HDD":9.1,"PREC":0.0,"PREC24":0.0,"PREC48":0.0,"TDEW":5.0,"TEMP":8.2,"UMID":80.0,"VPD":0.217},"latest_time":"2026-10-04T05:15","series":"series/FVG585.csv"}},{"type":"Feature","geometry":{"type":"Point","coordinates":[13.224266767502,46.21651923701]},"properties":{"scode":"FVG588","name":"Tarcento Meteo","variables":["CDD","ET0","GDD","HDD","PREC","PREC24","PREC48","TDEW","TEMP","UMID","VPD"],"latest":{"CDD":0.0,"ET0":0.78,"GDD":2.0,"HDD":5.9,"PREC":0.0,"PREC24":0.0,"PREC48":0.0,"TDEW":5.9,"TEMP":11.2,"UMID":70.1,"VPD":0.398},"latest_time":"2026-10-04T05:15","series":"series/FVG588.csv"}},{"type":"Feature","geometry":{"type":"Point","coordinates":[13.59649,45.93393]},"properties":{"scode":"FVG594","name":"Gorizia Consorzio di Bonifica","variables":["CDD","ET0","GDD","HDD","PREC","PREC24","PREC48","TDEW","TEMP","UMID","VPD"],"latest":{"CDD":0.0,"ET0":0.71,"GDD":0.0,"HDD":9.6,"PREC":0.0,"PREC24":0.0,"PREC48":0.0,"TDEW":6.4,"TEMP":7.6,"UMID":92.3,"VPD":0.08},"latest_time":"2026-10-04T05:15","series":"series/FVG594.csv"}},{"type":"Feature","geometry":{"type":"Point","coordinates":[13.393231,46.181545]},"properties":{"scode":"FVG600","name":"Canebola","variables":["CDD","ET0","GDD","HDD","PREC","PREC24","PREC48","TDEW","TEMP","UMID","VPD"],"latest":{"CDD":0.0,"ET0":0.4,"GDD":0.0,"HDD":10.5,"PREC":0.0,"PREC24":0.0,"PREC48":0.0,"TDEW":4.8,"TEMP":7.7,"UMID":81.7,"VPD":0.192},"latest_time":"2026-10-04T05:15","series":"series/FVG600.csv"}},{"type":"Feature","geometry":{"type":"Point","coordinates":[13.469899,46.201317]},"properties":{"scode":"FVG605","name":"Stupizza","variables":["CDD","ET0","GDD","HDD","PREC","PREC24","PREC48","TDEW","TEMP","UMID","VPD"],"latest":{"CDD":0.0,"ET0":2.52,"GDD":5.6,"HDD":5.3,"PREC":0.0,"PREC24":0.0,"PREC48":0.0,"TDEW":6.9,"TEMP":7.2,"UMID":97.9,"VPD":0.021},"latest_time":"2026-10-04T05:15","series":"series/FVG605.csv"}},{"type":"Feature","geometry":{"type":"Point","coordinates":[12.950781,46.181142]},"properties":{"scode":"FVG607","name":"Pinzano","variables":["CDD","ET0","GDD","HDD","PREC","PREC24","PREC48","TDEW","TEMP","UMID","VPD"],"latest":{"CDD":0.0,"ET0":0.73,"GDD":4.3,"HDD":3.6,"PREC":0.0,"PREC24":0.0,"PREC48":0.0,"TDEW":6.1,"TEMP":14.8,"UMID":56.1,"VPD":0.739},"latest_time":"2026-10-04T05:15","series":"series/FVG607.csv"}},{"type":"Feature","geometry":{"type":"Point","coordinates":[12.707587,46.215047]},"properties":{"scode":"FVG608","name":"Poffabro","variables":["CDD","ET0","GDD","HDD","PREC","PREC24","PREC48","TDEW","TEMP","UMID","VPD"],"latest":{"CDD":0.0,"ET0":0.68,"GDD":2.2,"HDD":5.8,"PREC":0.0,"PREC24":0.0,"PREC48":0.0,"TDEW":5.2,"TEMP":12.0,"UMID":63.2,"VPD":0.516},"latest_time":"2026-10-04T05:15","series":"series/FVG608.csv"}},{"type":"Feature","geometry":{"type":"Point","coordinates":[12.775264,46.194425]},"properties":{"scode":"FVG615","name":"Cavasso Nuovo","variables":["CDD","ET0","GDD","HDD","PREC","PREC24","PREC48","TDEW","TEMP","UMID","VPD"],"latest":{"CDD":0.0,"ET0":0.99,"GDD":2.7,"HDD":5.4,"PREC":0.0,"PREC24":0.0,"PREC48":0.0,"TDEW":7.0,"TEMP":11.7,"UMID":72.8,"VPD":0.374},"latest_time":"2026-10-04T05:15","series":"series/FVG615.csv"}},{"type":"Feature","geometry":{"type":"Point","coordinates":[12.714826,46.392896]},"properties":{"scode":"FVG62","name":"Forni di sotto","variables":["CDD","ET0","GDD","HDD","PREC","PREC24","PREC48","TDEW","TEMP","UMID","VPD"],"latest":{"CDD":0.0,"ET0":0.54,"GDD":0.0,"HDD":11.8,"PREC":0.0,"PREC24":0.0,"PREC48":0.0,"TDEW":4.6,"TEMP":5.7,"UMID":92.9,"VPD":0.065},"latest_time":"2026-10-04T05:15","series":"series/FVG62.csv"}},{"type":"Feature","geometry":{"type":"Point","coordinates":[13.375257,46.40277]},"properties":{"scode":"FVG159","name":"Saletto","variables":["CDD","ET0","GDD","HDD","PREC","PREC24","PREC48","TEMP"],"latest":{"CDD":0.0,"ET0":0.52,"GDD":0.0,"HDD":13.6,"PREC":0.0,"PREC24":0.2,"PREC48":0.2,"TEMP":3.8},"latest_time":"2026-10-04T05:15","series":"series/FVG159.csv"}},{"type":"Feature","geometry":{"type":"Point","coordinates":[13.686825,45.765502]},"properties":{"scode":"FVG162","name":"San Pelagio","variables":["CDD","ET0","GDD","HDD","PREC","PREC24","PREC48","TDEW","TEMP","UMID","VPD"],"latest":{"CDD":0.0,"ET0":0.94,"GDD":4.0,"HDD":4.0,"PREC":0.0,"PREC24":0.0,"PREC48":0.0,"TDEW":3.9,"TEMP":13.2,"UMID":53.4,"VPD":0.707},"latest_time":"2026-10-04T05:15","series":"series/FVG162.csv"}},{"type":"Feature","geometry":{"type":"Point","coordinates":[13.351728,46.204826]},"properties":{"scode":"FVG173","name":"Subit di Attimis","variables":["CDD","ET0","GDD","HDD","PREC","PREC24","PREC48","TDEW","TEMP","UMID","VPD"],"latest":{"CDD":0.0,"ET0":0.44,"GDD":0.0,"HDD":8.5,"PREC":0.0,"PREC24":0.0,"PREC48":0.0,"TDEW":4.4,"TEMP":9.5,"UMID":70.6,"VPD":0.349},"latest_time":"2026-10-04T05:15","series":"series/FVG173.csv"}},{"type":"Feature","geometry":{"type":"Point","coordinates":[13.585106728836,46.119376554462]},"properties":{"scode":"FVG189","name":"Tribil inferiore","variables":["CDD","ET0","GDD","HDD","PREC","PREC24","PREC48","TDEW","TEMP","UMID","VPD"],"latest":{"CDD":0.0,"ET0":0.58,"GDD":3.4,"HDD":4.6,"PREC":0.0,"PREC24":0.0,"PREC48":0.0,"TDEW":2.9,"TEMP":13.0,"UMID":50.5,"VPD":0.741},"latest_time":"2026-10-04T05:15","series":"series/FVG189.csv"}},{"type":"Feature","geometry":{"type":"Point","coordinates":[12.734103,46.254593]},"properties":{"scode":"FVG222","name":"Chievolis","variables":["CDD","ET0","GDD","HDD","PREC","PREC24","PREC48","TDEW","TEMP","UMID","VPD"],"latest":{"CDD":0.0,"ET0":0.49,"GDD":0.0,"HDD":10.7,"PREC":0.0,"PREC24":0.0,"PREC48":0.0,"TDEW":6.2,"TEMP":6.9,"UMID":95.2266666666667,"VPD":0.047},"latest_time":"2026-10-04T05:15","series":"series/FVG222.csv"}},{"type":"Feature","geometry":{"type":"Point","coordinates":[13.311248,45.769887]},"properties":{"scode":"FVG226","name":"Ca' Vescovo","variables":["CDD","ET0","GDD","HDD","PREC","PREC24","PREC48","TDEW","TEMP","UMID","VPD"],"latest":{"CDD":0.0,"ET0":0.87,"GDD":0.0,"HDD":10.3,"PREC":0.0,"PREC24":0.0,"PREC48":0.0,"TDEW":5.0,"TEMP":6.30666666666667,"UMID":91.4733333333333,"VPD":0.081},"latest_time":"2026-10-04T05:15","series":"series/FVG226.csv"}},{"type":"Feature","geometry":{"type":"Point","coordinates":[13.59432,45.97707]},"properties":{"scode":"FVG227","name":"Scedina San Floriano","variables":["CDD","ET0","GDD","HDD","PREC","PREC24","PREC48","TDEW","TEMP","UMID","VPD"],"latest":{"CDD":0.0,"ET0":0.93,"GDD":4.8,"HDD":3.3,"PREC":0.0,"PREC24":0.0,"PREC48":0.0,"TDEW":5.2,"TEMP":13.8666666666667,"UMID":55.7666666666667,"VPD":0.701},"latest_time":"2026-10-04T05:15","series":"series/FVG227.csv"}},{"type":"Feature","geometry":{"type":"Point","coordinates":[13.263235,46.219088]},"properties":{"scode":"FVG229","name":"Nimis Ramandolo","variables":["CDD","ET0","GDD","HDD","PREC","PREC24","PREC48","TDEW","TEMP","UMID","VPD"],"latest":{"CDD":0.0,"ET0":1.0,"GDD":4.3,"HDD":3.9,"PREC":0.0,"PREC24":0.0,"PREC48":0.0,"TDEW":4.5,"TEMP":13.6,"UMID":54.2666666666667,"VPD":0.712},"latest_time":"2026-10-04T05:15","series":"series/FVG229.csv"}},{"type":"Feature","geometry":{"type":"Point","coordinates":[13.27627,46.163634]},"properties":{"scode":"FVG230","name":"Savorgnano","variables":["CDD","ET0","GDD","HDD","PREC","PREC24","PREC48","RADSOL","TDEW","TEMP","UMID","VPD"],"latest":{"CDD":0.0,"ET0":1.31,"GDD":1.2,"HDD":7.8,"PREC":0.0,"PREC24":0.0,"PREC48":0.0,"RADSOL":1.76666666666667,"TDEW":6.9,"TEMP":8.96666666666667,"UMID":86.9,"VPD":0.15},"latest_time":"2026-10-04T05:15","series":"series/FVG230.csv"}},{"type":"Feature","geometry":{"type":"Point","coordinates":[13.442843,46.033379]},"properties":{"scode":"FVG231","name":"Spessa di Cividale","variables":["CDD","ET0","GDD","HDD","PREC","PREC24","PREC48","TDEW","TEMP","UMID","VPD"],"latest":{"CDD":0.0,"ET0":1.04,"GDD":0.0,"HDD":9.4,"PREC":0.0,"PREC24":0.0,"PREC48":0.0,"TDEW":4.7,"TEMP":6.83333333333333,"UMID":86.3666666666667,"VPD":0.135},"latest_time":"2026-10-04T05:15","series":"series/FVG231.csv"}},{"type":"Feature","geometry":{"type":"Point","coordinates":[13.478387,45.961144]},"properties":{"scode":"FVG233","name":"Cormons Monte","variables":["CDD","ET0","GDD","HDD","PREC","PREC24","PREC48","RADSOL","TDEW","TEMP","UMID","VPD"],"latest":{"CDD":0.0,"ET0":1.32,"GDD":3.0,"HDD":5.9,"PREC":0.0,"PREC24":0.0,"PREC48":0.0,"RADSOL":0.0,"TDEW":6.2,"TEMP":10.7333333333333,"UMID":73.3333333333333,"VPD":0.344},"latest_time":"2026-10-04T05:15","series":"series/FVG233.csv"}},{"type":"Feature","geometry":{"type":"Point","coordinates":[13.35599,46.00439]},"properties":{"scode":"FVG234","name":"Buttrio","variables":["CDD","ET0","GDD","HDD","PREC","PREC24","PREC48","TDEW","TEMP","UMID","VPD"],"latest":{"CDD":0.0,"ET0":0.97,"GDD":1.1,"HDD":7.1,"PREC":0.0,"PREC24":0.0,"PREC48":0.0,"TDEW":6.5,"TEMP":10.1333333333333,"UMID":78.3666666666667,"VPD":0.268},"latest_time":"2026-10-04T05:15","series":"series/FVG234.csv"}},{"type":"Feature","geometry":{"type":"Point","coordinates":[13.41224,45.99164]},"properties":{"scode":"FVG235","name":"Dolegnano","variables":["CDD","ET0","GDD","HDD","PREC","PREC24","PREC48","TDEW","TEMP","UMID","VPD"],"latest":{"CDD":0.0,"ET0":0.69,"GDD":0.0,"HDD":11.0,"PREC":0.0,"PREC24":0.0,"PREC48":0.0,"TDEW":5.3,"TEMP":6.66666666666667,"UMID":90.9666666666667,"VPD":0.088},"latest_time":"2026-10-04T05:15","series":"series/FVG235.csv"}},{"type":"Feature","geometry":{"type":"Point","coordinates":[13.42421,46.03814]},"properties":{"scode":"FVG236","name":"Premariacco Ipplis","variables":["CDD","ET0","GDD","HDD","PREC","PREC24","PREC48","TDEW","TEMP","UMID","VPD"],"latest":{"CDD":0.0,"ET0":0.77,"GDD":3.3,"HDD":4.7,"PREC":0.0,"PREC24":0.0,"PREC48":2.0,"TDEW":4.7,"TEMP":12.6,"UMID":58.6666666666667,"VPD":0.603},"latest_time":"2026-10-04T05:15","series":"series/FVG236.csv"}},{"type":"Feature","geometry":{"type":"Point","coordinates":[12.46588,45.98485]},"properties":{"scode":"FVG238","name":"Caneva","variables":["CDD","ET0","GDD","HDD","PREC","PREC24","PREC48","TDEW","TEMP","UMID","VPD"],"latest":{"CDD":0.0,"ET0":1.6,"GDD":5.0,"HDD":2.3,"PREC":0.0,"PREC24":0.0,"PREC48":0.0,"TDEW":5.6,"TEMP":12.3333333333333,"UMID":63.5333333333333,"VPD":0.523},"latest_time":"2026-10-04T05:15","series":"series/FVG238.csv"}},{"type":"Feature","geometry":{"type":"Point","coordinates":[12.99673,46.43068]},"properties":{"scode":"FVG520","name":"Cazzaso","variables":["CDD","ET0","GDD","HDD","PREC","PREC24","PREC48","TDEW","TEMP","UMID","VPD"],"latest":{"CDD":0.0,"ET0":0.59,"GDD":0.0,"HDD":8.2,"PREC":0.0,"PREC24":0.0,"PREC48":0.0,"TDEW":5.4,"TEMP":9.3,"UMID":76.7,"VPD":0.273},"latest_time":"2026-10-04T05:15","series":"series/FVG520.csv"}},{"type":"Feature","geometry":{"type":"Point","coordinates":[13.692423,45.760264]},"properties":{"scode":"FVG544","name":"Prepotto_TS","variables":["CDD","ET0","GDD","HDD","PREC","PREC24","PREC48","TDEW","TEMP","UMID","VPD"],"latest":{"CDD":0.0,"ET0":0.94,"GDD":4.4,"HDD":4.0,"PREC":0.0,"PREC24":0.0,"PREC48":0.0,"TDEW":3.8,"TEMP":14.5,"UMID":48.7,"VPD":0.847},"latest_time":"2026-10-04T05:15","series":"series/FVG544.csv"}},{"type":"Feature","geometry":{"type":"Point","coordinates":[13.729317,45.702031]},"properties":{"scode":"FVG545","name":"Contovello","variables":["CDD","ET0","GDD","HDD","PREC","PREC24","PREC48","RADSOL","TDEW","TEMP","UMID","VPD"],"latest":{"CDD":0.0,"ET0":0.78,"GDD":3.6,"HDD":4.2,"PREC":0.0,"PREC24":0.0,"PREC48":0.0,"RADSOL":2.4,"TDEW":4.2,"TEMP":13.2,"UMID":54.3,"VPD":0.693},"latest_time":"2026-10-04T05:15","series":"series/FVG545.csv"}},{"type":"Feature","geometry":{"type":"Point","coordinates":[12.853858,46.554586]},"properties":{"scode":"FVG586","name":"Rigolato","variables":["CDD","ET0","GDD","HDD","PREC","PREC24","PREC48","TDEW","TEMP","UMID","VPD"],"latest":{"CDD":0.0,"ET0":0.83,"GDD":0.0,"HDD":8.9,"PREC":0.0,"PREC24":0.0,"PREC48":0.0,"TDEW":4.0,"TEMP":8.0,"UMID":75.8,"VPD":0.26},"latest_time":"2026-10-04T05:15","series":"series/FVG586.csv"}},{"type":"Feature","geometry":{"type":"Point","coordinates":[13.017616,46.475051]},"properties":{"scode":"FVG599","name":"Avosacco","variables":["PREC","PREC24","PREC48"],"latest":{"PREC":0.0,"PREC24":0.0,"PREC48":0.0},"latest_time":"2026-10-04T05:00","series":"series/FVG599.csv"}},{"type":"Feature","geometry":{"type":"Point","coordinates":[13.313233,46.363551]},"properties":{"scode":"FVG603","name":"Oseacco","variables":["CDD","ET0","GDD","HDD","PREC","PREC24","PREC48","TDEW","TEMP","UMID","VPD"],"latest":{"CDD":0.0,"ET0":0.6,"GDD":0.0,"HDD":14.2,"PREC":0.0,"PREC24":0.0,"PREC48":0.0,"TDEW":1.7,"TEMP":3.3,"UMID":89.5,"VPD":0.081},"latest_time":"2026-10-04T05:15","series":"series/FVG603.csv"}},{"type":"Feature","geometry":{"type":"Point","coordinates":[13.876164,45.644008]},"properties":{"scode":"FVG606","name":"Basovizza","variables":["CDD","ET0","GDD","HDD","PREC","PREC24","PREC48","TDEW","TEMP","UMID","VPD"],"latest":{"CDD":0.0,"ET0":0.8,"GDD":5.7,"HDD":2.3,"PREC":0.0,"PREC24":0.0,"PREC48":0.0,"TDEW":3.3,"TEMP":15.0,"UMID":45.6,"VPD":0.928},"latest_time":"2026-10-04T05:15","series":"series/FVG606.csv"}},{"type":"Feature","geometry":{"type":"Point","coordinates":[13.256179,46.261776]},"properties":{"scode":"FVG610","name":"Vedronza","variables":["CDD","ET0","GDD","HDD","PREC","PREC24","PREC48","TDEW","TEMP","UMID","VPD"],"latest":{"CDD":0.0,"ET0":0.54,"GDD":0.0,"HDD":14.5,"PREC":0.0,"PREC24":0.0,"PREC48":0.2,"TDEW":2.1,"TEMP":2.7,"UMID":95.8,"VPD":0.031},"latest_time":"2026-10-04T05:15","series":"series/FVG610.csv"}},{"type":"Feature","geometry":{"type":"Point","coordinates":[13.844509,45.65504]},"properties":{"scode":"FVG613","name":"Padriciano","variables":["CDD","ET0","GDD","HDD","PREC","PREC24","PREC48","TDEW","TEMP","UMID","VPD"],"latest":{"CDD":0.0,"ET0":0.5,"GDD":3.3,"HDD":4.7,"PREC":0.0,"PREC24":0.0,"PREC48":0.0,"TDEW":4.4,"TEMP":13.0,"UMID":55.8,"VPD":0.662},"latest_time":"2026-10-04T05:15","series":"series/FVG613.csv"}},{"type":"Feature","geometry":{"type":"Point","coordinates":[13.336865901947,45.912182733614]},"properties":{"scode":"FVG618","name":"Mobile sperimentale (Palmanova)","variables":["CDD","ET0","GDD","HDD","PREC","PREC24","PREC48","PRESS","QSPEC","RADSOL","TDEW","TEMP","UMID","VPD"],"latest":{"CDD":0.0,"ET0":0.69,"GDD":0.0,"HDD":8.6,"PREC":0.0,"PREC24":0.0,"PREC48":0.0,"PRESS":1024.66,"QSPEC":5.73,"RADSOL":261.286666666667,"TDEW":6.1,"TEMP":8.78666666666667,"UMID":83.3066666666667,"VPD":0.189},"latest_time":"2026-10-04T05:15","series":"series/FVG618.csv"}},{"type":"Feature","geometry":{"type":"Point","coordinates":[12.50068,45.95106]},"properties":{"scode":"FVG632","name":"Sacile Pluvio","variables":["PREC","PREC24","PREC48"],"latest":{"PREC":0.0,"PREC24":0.0,"PREC48":0.0},"latest_time":"2026-10-04T05:00","series":"series/FVG632.csv"}},{"type":"Feature","geometry":{"type":"Point","coordinates":[13.006825447083,46.576328649824]},"properties":{"scode":"FVG178","name":"Timau","variables":["CDD","ET0","GDD","HDD","PREC","PREC24","PREC48","TEMP"],"latest":{"CDD":0.0,"ET0":0.59,"GDD":0.0,"HDD":12.9,"PREC":0.0,"PREC24":0.0,"PREC48":0.0,"TEMP":4.5},"latest_time":"2026-10-04T05:00","series":"series/FVG178.csv"}},{"type":"Feature","geometry":{"type":"Point","coordinates":[13.026494,46.14688]},"properties":{"scode":"FVG512","name":"San Mauro","variables":["PREC","PREC24","PREC48"],"latest":{"PREC":0.0,"PREC24":0.0,"PREC48":0.0},"latest_time":"2026-10-04T05:00","series":"series/FVG512.csv"}}]}