datetime,DVENTO,PREC,RADSOL,TEMP,UMID,VVENTO
2026-08-08T03:00,236,0.00,0,23.40,84,1.40
2026-08-08T03:10,237,0.00,0,23.40,82,1.50
2026-08-08T03:20,266,0.00,0,23.50,81,1.30
2026-08-08T03:30,293,0.00,0,23.10,83,1.20
2026-08-08T03:40,300,0.00,0,23.00,84,1.30
2026-08-08T03:50,301,0.00,0,23.00,84,1.80
2026-08-08T04:00,288,0.00,0,23.10,83,1.90
2026-08-08T04:10,287,0.00,0,22.80,85,1.20
2026-08-08T04:20,308,0.00,0,22.80,84,1.20
2026-08-08T04:30,356,0.00,0,22.50,86,1.30
2026-08-08T04:40,354,0.00,0,22.10,89,1.60
2026-08-08T04:50,14,0.00,0,22.20,89,0.90
2026-08-08T05:00,132,0.00,0,22.10,89,0.40
2026-08-08T05:10,126,0.00,0,22.50,88,2.20
2026-08-08T05:20,131,0.00,0,22.80,88,2.20
2026-08-08T05:30,166,0.00,0,22.70,87,1.30
2026-08-08T05:40,178,0.00,0,22.60,87,1.00
2026-08-08T05:50,190,0.00,0,22.40,88,1.20
2026-08-08T06:00,184,0.00,0,22.40,89,0.40
2026-08-08T06:10,232,0.00,0,22.40,89,0.60
2026-08-08T06:20,269,0.00,0,22.30,89,0.60
2026-08-08T06:30,338,0.00,0,22.00,91,0.70
2026-08-08T06:40,345,0.00,0,21.90,92,0.60
2026-08-08T06:50,346,0.00,14,22.00,92,0.30
2026-08-08T07:00,58,0.00,43,22.10,92,1.00
2026-08-08T07:10,49,0.00,64,22.40,91,1.20
2026-08-08T07:20,64,0.00,89,22.90,89,1.50
2026-08-08T07:30,66,0.00,111,23.30,87,2.00
2026-08-08T07:40,63,0.00,137,23.90,83,1.80
2026-08-08T07:50,62,0.00,158,24.20,82,1.70
2026-08-08T08:00,51,0.00,193,24.70,79,1.80
2026-08-08T08:10,58,0.00,224,25.70,74,1.80
2026-08-08T08:20,83,0.00,250,26.00,67,1.70
2026-08-08T08:30,95,0.00,289,26.30,66,2.00
2026-08-08T08:40,93,0.00,327,26.60,64,2.00
2026-08-08T08:50,99,0.00,350,26.80,60,2.00
2026-08-08T09:00,109,0.00,422,27.50,58,3.70
2026-08-08T09:10,118,0.00,416,27.50,54,3.70
2026-08-08T09:20,113,0.00,441,27.90,54,3.50
2026-08-08T09:30,111,0.00,473,27.70,54,3.80
2026-08-08T09:40,122,0.00,511,27.80,52,4.10
2026-08-08T09:50,112,0.00,542,28.30,51,4.20
2026-08-08T10:00,117,0.00,576,28.60,50,4.50
2026-08-08T10:10,122,0.00,610,28.60,49,3.50
2026-08-08T10:20,121,0.00,647,29.20,48,3.60
2026-08-08T10:30,116,0.00,617,29.10,47,4.20
2026-08-08T10:40,121,0.00,389,28.70,49,4.40
2026-08-08T10:50,116,0.00,560,29.50,46,4.30
2026-08-08T11:00,116,0.00,739,30.10,44,4.10
2026-08-08T11:10,117,0.00,757,29.90,45,3.70
2026-08-08T11:20,130,0.00,813,30.10,45,3.70
2026-08-08T11:30,127,0.00,698,30.20,43,3.60
2026-08-08T11:40,116,0.00,646,30.30,43,3.30
2026-08-08T11:50,109,0.00,766,31.00,43,3.70
2026-08-08T12:00,97,0.00,858,30.80,46,2.40
2026-08-08T12:10,100,0.00,731,30.80,43,3.40
2026-08-08T12:20,113,0.00,462,30.70,45,3.10
2026-08-08T12:30,,0.00,,30.40,44,
2026-08-08T12:40,96,0.00,666,31.10,44,3.30
2026-08-08T12:50,111,0.00,644,31.30,44,2.50
2026-08-08T13:00,119,0.00,856,31.40,43,2.60
2026-08-08T13:10,127,0.00,822,31.70,42,2.90
2026-08-08T13:20,85,0.00,677,31.80,43,2.80
2026-08-08T13:30,100,0.00,799,31.70,42,2.20
2026-08-08T13:40,83,0.00,540,31.60,44,2.10
2026-08-08T13:50,94,0.00,893,33.10,41,1.60
2026-08-08T14:00,123,0.00,865,32.40,41,2.30
2026-08-08T14:10,90,0.00,831,32.70,40,2.30
2026-08-08T14:20,78,0.00,830,34.00,38,2.20
2026-08-08T14:30,100,0.00,825,33.20,39,2.60
2026-08-08T14:40,73,0.00,812,33.10,38,1.60
2026-08-08T14:50,122,0.00,804,33.60,37,2.30
2026-08-08T15:00,85,0.00,795,33.40,39,2.10
2026-08-08T15:10,81,0.00,777,34.00,38,2.20
2026-08-08T15:20,117,0.00,763,33.90,38,2.30
2026-08-08T15:30,53,0.00,742,34.30,38,2.00
2026-08-08T15:40,104,0.00,725,34.00,38,1.40
2026-08-08T15:50,128,0.00,698,34.50,36,0.80
2026-08-08T16:00,65,0.00,687,34.50,35,1.90
2026-08-08T16:10,92,0.00,672,34.10,37,2.70
2026-08-08T16:20,107,0.00,643,34.30,38,1.70
2026-08-08T16:30,112,0.00,623,34.40,36,1.60
2026-08-08T16:40,94,0.00,598,34.60,36,1.50
2026-08-08T16:50,61,0.00,570,34.90,35,1.30
2026-08-08T17:00,88,0.00,543,34.70,36,1.10
2026-08-08T17:10,159,0.00,517,34.20,37,1.80
2026-08-08T17:20,170,0.00,491,34.90,34,1.60
2026-08-08T17:30,139,0.00,465,34.20,36,2.30
2026-08-08T17:40,135,0.00,436,34.50,37,1.60
2026-08-08T17:50,147,0.00,407,34.70,36,1.80
2026-08-08T18:00,157,0.00,381,34.10,37,2.20
2026-08-08T18:10,154,0.00,354,34.00,37,2.10
2026-08-08T18:20,142,0.00,328,33.70,39,2.80
2026-08-08T18:30,140,0.00,300,33.80,39,2.70
2026-08-08T18:40,129,0.00,271,33.90,39,2.70
2026-08-08T18:50,125,0.00,241,33.70,39,2.90
2026-08-08T19:00,116,0.00,213,33.50,39,2.90
2026-08-08T19:10,111,0.00,183,33.00,41,3.10
2026-08-08T19:20,114,0.00,155,32.80,42,3.20
2026-08-08T19:30,115,0.00,128,32.60,43,3.20
2026-08-08T19:40,116,0.00,101,32.20,44,3.00
2026-08-08T19:50,111,0.00,77,31.80,44,2.70
2026-08-08T20:00,96,0.00,55,31.60,45,2.30
2026-08-08T20:10,88,0.00,36,31.20,46,2.20
2026-08-08T20:20,83,0.00,5,30.90,46,2.10
2026-08-08T20:30,87,0.00,0,30.70,48,2.20
2026-08-08T20:40,86,0.00,0,30.10,50,2.10
2026-08-08T20:50,84,0.00,0,29.90,50,2.40
2026-08-08T21:00,85,0.00,0,29.70,50,2.30
2026-08-08T21:10,86,0.00,0,29.60,51,2.60
2026-08-08T21:20,89,0.00,0,29.80,49,2.40
2026-08-08T21:30,95,0.00,0,29.80,49,2.20
2026-08-08T21:40,96,0.00,0,29.50,50,2.70
2026-08-08T21:50,102,0.00,0,29.20,52,2.60
2026-08-08T22:00,106,0.00,0,29.00,52,2.80
2026-08-08T22:10,109,0.00,0,28.80,53,3.30
2026-08-08T22:20,109,0.00,0,28.60,53,3.10
2026-08-08T22:30,116,0.00,0,28.40,53,3.60
2026-08-08T22:40,119,0.00,0,28.40,53,3.20
2026-08-08T22:50,119,0.00,0,28.10,53,3.10
2026-08-08T23:00,123,0.00,0,27.90,54,2.80
2026-08-08T23:10,121,0.00,0,27.60,55,2.50
2026-08-08T23:20,126,0.00,0,27.30,56,2.50
2026-08-08T23:30,124,0.00,0,26.80,58,2.20
2026-08-08T23:40,132,0.00,0,26.50,59,2.10
2026-08-08T23:50,119,0.00,0,26.40,60,2.20
2026-08-09T00:00,111,0.00,0,26.20,61,2.30
2026-08-09T00:10,103,0.00,0,26.10,61,2.30
2026-08-09T00:20,103,0.00,0,25.60,63,2.10
2026-08-09T00:30,108,0.00,0,25.60,63,2.10
2026-08-09T00:40,102,0.00,0,25.60,63,2.20
2026-08-09T00:50,97,0.00,0,25.70,62,1.80
2026-08-09T01:00,85,0.00,0,25.90,62,2.10
2026-08-09T01:10,68,0.00,0,25.10,66,1.90
2026-08-09T01:20,71,0.00,0,24.80,68,2.10
2026-08-09T01:30,85,0.00,0,25.60,63,2.40
2026-08-09T01:40,80,0.00,0,25.30,65,2.30
2026-08-09T01:50,77,0.00,0,24.80,67,2.30
2026-08-09T02:00,73,0.00,0,24.80,67,2.30
2026-08-09T02:10,78,0.00,0,24.90,66,2.10
2026-08-09T02:20,75,0.00,0,24.40,69,2.00
2026-08-09T02:30,79,0.00,0,24.20,70,2.00
2026-08-09T02:40,81,0.00,0,24.20,70,1.80
2026-08-09T02:50,86,0.00,0,24.50,67,2.20
2026-08-09T03:00,95,0.00,0,24.70,66,2.00
2026-08-09T03:10,102,0.00,0,24.30,68,2.30
2026-08-09T03:20,92,0.00,0,24.30,67,1.90
2026-08-09T03:30,78,0.00,0,24.20,68,1.70
2026-08-09T03:40,81,0.00,0,23.90,70,1.60
2026-08-09T03:50,82,0.00,0,24.10,68,1.70
2026-08-09T04:00,91,0.00,0,24.20,67,1.80
2026-08-09T04:10,104,0.00,0,23.90,68,1.90
2026-08-09T04:20,112,0.00,0,23.70,69,2.20
2026-08-09T04:30,123,0.00,0,23.20,72,2.40
2026-08-09T04:40,130,0.00,0,23.10,73,1.90
2026-08-09T04:50,129,0.00,0,23.00,73,1.90
2026-08-09T05:00,127,0.00,0,22.90,73,1.90
2026-08-09T05:10,124,0.00,0,22.70,75,1.80
2026-08-09T05:20,110,0.00,0,22.90,73,1.20
2026-08-09T05:30,73,0.00,0,22.60,76,1.40
2026-08-09T05:40,66,0.00,0,22.70,74,1.60
2026-08-09T05:50,55,0.00,0,22.50,74,1.80
2026-08-09T06:00,61,0.00,0,22.50,75,2.00
2026-08-09T06:10,65,0.00,0,22.40,76,1.80
2026-08-09T06:20,70,0.00,0,22.40,76,1.60
2026-08-09T06:30,51,0.00,0,22.20,77,1.60
2026-08-09T06:40,46,0.00,3,21.90,79,1.80
2026-08-09T06:50,46,0.00,34,22.00,80,1.60
2026-08-09T07:00,36,0.00,51,22.30,78,1.50
2026-08-09T07:10,47,0.00,72,22.70,78,1.40
2026-08-09T07:20,44,0.00,95,23.20,76,1.30
2026-08-09T07:30,39,0.00,121,24.00,72,1.40
2026-08-09T07:40,71,0.00,147,24.50,68,1.50
2026-08-09T07:50,92,0.00,176,25.20,65,1.70
2026-08-09T08:00,105,0.00,204,25.40,63,1.80
2026-08-09T08:10,113,0.00,235,26.00,62,2.40
2026-08-09T08:20,122,0.00,265,26.40,60,2.40
2026-08-09T08:30,123,0.00,294,26.50,59,2.30
2026-08-09T08:40,134,0.00,313,26.70,59,1.90
2026-08-09T08:50,134,0.00,353,27.40,57,1.50
2026-08-09T09:00,132,0.00,382,28.00,54,1.70
2026-08-09T09:10,131,0.00,410,27.90,55,1.80
2026-08-09T09:20,127,0.00,441,28.10,51,1.70
2026-08-09T09:30,127,0.00,470,28.70,49,1.70
2026-08-09T09:40,101,0.00,495,29.00,49,1.50
2026-08-09T09:50,101,0.00,535,29.40,45,2.00
2026-08-09T10:00,136,0.00,560,29.90,45,2.00
2026-08-09T10:10,122,0.00,554,29.60,44,2.20
2026-08-09T10:20,135,0.00,587,29.30,44,2.30
2026-08-09T10:30,126,0.00,560,29.80,43,2.10
2026-08-09T10:40,122,0.00,637,30.50,42,2.20
2026-08-09T10:50,124,0.00,656,30.60,41,2.60
2026-08-09T11:00,114,0.00,681,30.70,41,2.90
2026-08-09T11:10,131,0.00,703,30.70,42,2.30
2026-08-09T11:20,133,0.00,717,30.60,40,2.20
2026-08-09T11:30,126,0.00,678,31.20,41,2.60
2026-08-09T11:40,114,0.00,754,31.70,41,2.20
2026-08-09T11:50,106,0.00,779,32.20,40,2.10
2026-08-09T12:00,95,0.00,796,32.70,39,1.50
2026-08-09T12:10,94,0.00,806,33.50,38,1.80
2026-08-09T12:20,102,0.00,814,32.50,39,1.70
2026-08-09T12:30,114,0.00,825,32.10,38,1.10
2026-08-09T12:40,108,0.00,838,32.40,39,1.50
2026-08-09T12:50,105,0.00,842,33.50,36,1.30
2026-08-09T13:00,124,0.00,849,33.50,37,1.40
2026-08-09T13:10,155,0.00,852,33.80,35,1.10
2026-08-09T13:20,197,0.00,855,33.50,35,1.80
2026-08-09T13:30,171,0.00,854,33.80,35,1.20
2026-08-09T13:40,99,0.00,851,34.40,33,1.40
2026-08-09T13:50,89,0.00,847,34.50,33,0.90
2026-08-09T14:00,229,0.00,846,35.00,33,1.20
2026-08-09T14:10,256,0.00,820,34.60,33,0.90
2026-08-09T14:20,200,0.00,829,35.10,33,1.00
2026-08-09T14:30,100,0.00,822,34.60,33,1.30
2026-08-09T14:40,65,0.00,812,35.20,32,1.40
2026-08-09T14:50,47,0.00,803,34.70,32,0.80
2026-08-09T15:00,10,0.00,789,34.60,33,0.70
2026-08-09T15:10,102,0.00,775,35.50,32,0.80
2026-08-09T15:20,74,0.00,763,34.90,33,1.30
2026-08-09T15:30,102,0.00,745,35.60,33,1.20
2026-08-09T15:40,87,0.00,727,35.20,33,0.70
2026-08-09T15:50,159,0.00,708,35.70,31,1.20
2026-08-09T16:00,163,0.00,688,35.90,31,1.40
2026-08-09T16:10,162,0.00,669,35.80,33,1.70
2026-08-09T16:20,145,0.00,648,35.70,32,1.40
2026-08-09T16:30,72,0.00,624,35.80,31,1.10
2026-08-09T16:40,113,0.00,597,35.90,33,0.70
2026-08-09T16:50,171,0.00,580,35.50,32,1.70
2026-08-09T17:00,134,0.00,556,35.60,31,1.80
2026-08-09T17:10,140,0.00,466,35.10,34,1.50
2026-08-09T17:20,167,0.00,425,34.90,34,1.30
2026-08-09T17:30,162,0.00,356,34.40,38,2.20
2026-08-09T17:40,173,0.00,192,33.80,37,2.50
2026-08-09T17:50,171,0.00,194,33.50,40,2.10
2026-08-09T18:00,176,0.00,222,33.90,39,1.70
2026-08-09T18:10,172,0.00,199,33.50,42,1.70
2026-08-09T18:20,160,0.00,165,33.20,43,2.00
2026-08-09T18:30,144,0.00,150,33.40,41,1.40
2026-08-09T18:40,151,0.00,134,33.50,41,0.90
2026-08-09T18:50,191,0.00,107,33.50,40,0.40
2026-08-09T19:00,158,0.00,82,33.30,39,0.60
2026-08-09T19:10,97,0.00,61,33.10,42,0.40
2026-08-09T19:20,32,0.00,45,32.40,44,0.90
2026-08-09T19:30,14,0.00,36,32.00,47,1.30
2026-08-09T19:40,21,0.00,28,31.80,47,1.60
2026-08-09T19:50,9,0.00,0,31.60,46,1.40
2026-08-09T20:00,357,0.00,0,31.30,47,1.50
2026-08-09T20:10,356,0.00,0,31.10,46,1.60
2026-08-09T20:20,355,0.00,0,30.80,49,1.40
2026-08-09T20:30,346,0.00,0,30.30,56,1.10
2026-08-09T20:40,326,0.00,0,29.90,56,0.80
2026-08-09T20:50,310,0.00,0,29.70,57,0.90
2026-08-09T21:00,262,0.00,0,28.80,60,1.20
2026-08-09T21:10,272,0.00,0,29.70,56,2.40
2026-08-09T21:20,306,0.00,0,29.50,54,5.60
2026-08-09T21:30,305,0.00,0,28.90,57,5.50
2026-08-09T21:40,293,0.00,0,28.30,59,5.10
2026-08-09T21:50,285,0.00,0,27.90,60,4.80
2026-08-09T22:00,290,0.00,0,27.60,62,3.90
2026-08-09T22:10,284,0.00,0,27.30,63,4.00
2026-08-09T22:20,288,0.00,0,27.00,65,3.90
2026-08-09T22:30,300,0.00,0,26.80,66,3.00
2026-08-09T22:40,280,0.00,0,26.60,66,3.40
2026-08-09T22:50,274,0.00,0,26.10,69,4.00
2026-08-09T23:00,275,0.00,0,26.00,69,4.40
2026-08-09T23:10,267,0.00,0,25.70,71,4.10
2026-08-09T23:20,266,0.00,0,25.70,71,3.60
2026-08-09T23:30,261,0.00,0,25.40,72,2.90
2026-08-09T23:40,259,0.00,0,25.40,72,3.40
2026-08-09T23:50,255,0.00,0,25.30,71,3.50
2026-08-10T00:00,260,0.00,0,25.30,71,3.00
2026-08-10T00:10,257,0.00,0,25.30,72,3.20
2026-08-10T00:20,255,0.00,0,25.40,73,3.50
2026-08-10T00:30,253,0.00,0,25.20,73,2.90
2026-08-10T00:40,248,0.00,0,25.30,73,2.60
2026-08-10T00:50,236,0.00,0,25.10,72,2.70
2026-08-10T01:00,235,0.00,0,25.00,72,3.10
2026-08-10T01:10,231,0.00,0,25.00,72,2.80
2026-08-10T01:20,227,0.00,0,24.50,74,1.90
2026-08-10T01:30,226,0.00,0,24.30,74,1.30
2026-08-10T01:40,234,0.00,0,24.20,76,1.60
2026-08-10T01:50,229,0.00,0,24.00,77,1.70
2026-08-10T02:00,218,0.00,0,23.50,78,1.30
2026-08-10T02:10,242,0.00,0,23.80,77,0.80
2026-08-10T02:20,25,0.00,0,22.70,83,1.90
2026-08-10T02:30,3,0.00,0,23.00,81,2.70
2026-08-10T02:40,345,0.00,0,22.90,80,3.20
2026-08-10T02:50,334,0.00,0,23.40,76,3.70
2026-08-10T03:00,330,0.00,0,23.60,75,3.90
2026-08-10T03:10,333,0.00,0,23.50,74,3.30
2026-08-10T03:20,326,0.00,0,23.40,74,3.20
2026-08-10T03:30,331,0.00,0,23.10,76,2.70
2026-08-10T03:40,346,0.00,0,23.10,76,2.20
2026-08-10T03:50,358,0.00,0,22.90,77,2.50
2026-08-10T04:00,357,0.00,0,22.60,78,2.00
2026-08-10T04:10,348,0.00,0,22.50,79,1.70
2026-08-10T04:20,339,0.00,0,22.60,78,1.70
2026-08-10T04:30,341,0.00,0,22.60,77,1.80
2026-08-10T04:40,336,0.00,0,22.70,77,1.70
2026-08-10T04:50,320,0.00,0,22.50,78,1.70
2026-08-10T05:00,331,0.00,0,22.10,80,1.30
2026-08-10T05:10,323,0.00,0,22.00,80,1.50
2026-08-10T05:20,324,0.00,0,21.90,81,1.70
2026-08-10T05:30,304,0.00,0,22.10,80,1.40
2026-08-10T05:40,269,0.00,0,21.70,82,0.90
2026-08-10T05:50,269,0.00,0,21.90,81,1.10
2026-08-10T06:00,273,0.00,0,22.10,81,1.60
2026-08-10T06:10,286,0.00,0,21.80,82,1.10
2026-08-10T06:20,250,0.00,0,21.30,85,0.90
2026-08-10T06:30,238,0.00,0,21.00,87,0.60
2026-08-10T06:40,210,0.00,0,20.60,89,0.80
2026-08-10T06:50,237,0.00,18,20.80,89,0.80
2026-08-10T07:00,241,0.00,51,21.90,84,1.00
2026-08-10T07:10,259,0.00,73,22.30,82,1.00
2026-08-10T07:20,241,0.00,96,22.50,81,1.90
2026-08-10T07:30,250,0.00,121,22.70,80,1.80
2026-08-10T07:40,268,0.00,148,22.90,79,2.10
2026-08-10T07:50,270,0.00,176,23.20,77,2.30
2026-08-10T08:00,264,0.00,197,23.70,76,2.40
2026-08-10T08:10,261,0.00,235,24.10,74,2.60
2026-08-10T08:20,267,0.00,266,24.40,71,2.70
2026-08-10T08:30,266,0.00,297,24.70,72,3.40
2026-08-10T08:40,262,0.00,327,24.90,68,3.50
2026-08-10T08:50,260,0.00,354,25.40,66,2.50
2026-08-10T09:00,269,0.00,383,25.90,66,2.10
2026-08-10T09:10,280,0.00,416,26.20,62,3.10
2026-08-10T09:20,291,0.00,447,26.40,61,3.00
2026-08-10T09:30,286,0.00,476,27.20,59,2.50
2026-08-10T09:40,281,0.00,503,27.00,60,2.20
2026-08-10T09:50,272,0.00,534,27.70,57,2.70
2026-08-10T10:00,280,0.00,563,27.60,58,3.20
2026-08-10T10:10,272,0.00,592,27.70,58,3.20
2026-08-10T10:20,278,0.00,617,28.20,56,3.30
2026-08-10T10:30,280,0.00,641,28.80,53,3.00
2026-08-10T10:40,267,0.00,663,28.70,53,2.90
2026-08-10T10:50,266,0.00,683,29.50,53,2.60
2026-08-10T11:00,288,0.00,702,29.70,51,2.30
2026-08-10T11:10,298,0.00,720,30.10,50,2.60
2026-08-10T11:20,305,0.00,732,30.50,49,2.10
2026-08-10T11:30,297,0.00,745,30.60,49,2.30
2026-08-10T11:40,286,0.00,761,31.20,47,2.60
2026-08-10T11:50,272,0.00,772,31.60,46,2.70
2026-08-10T12:00,280,0.00,783,31.50,47,2.70
2026-08-10T12:10,296,0.00,800,31.80,46,3.40
2026-08-10T12:20,286,0.00,808,32.60,44,3.20
2026-08-10T12:30,268,0.00,816,32.80,44,2.40
2026-08-10T12:40,270,0.00,827,33.00,42,2.90
2026-08-10T12:50,286,0.00,835,33.30,41,2.60
2026-08-10T13:00,292,0.00,839,33.40,39,2.70
2026-08-10T13:10,302,0.00,842,34.10,39,2.40
2026-08-10T13:20,282,0.00,843,34.00,39,2.00
2026-08-10T13:30,288,0.00,850,34.10,38,2.30
2026-08-10T13:40,244,0.00,869,34.90,37,2.50
2026-08-10T13:50,264,0.00,752,34.20,38,1.90
2026-08-10T14:00,230,0.00,830,34.80,34,2.50
2026-08-10T14:10,237,0.00,778,34.80,34,2.00
2026-08-10T14:20,225,0.00,828,35.60,33,1.80
2026-08-10T14:30,242,0.00,761,35.50,32,2.70
2026-08-10T14:40,245,0.00,472,34.30,35,2.30
2026-08-10T14:50,266,0.00,296,34.30,37,2.00
2026-08-10T15:00,278,0.00,324,33.90,37,1.70
2026-08-10T15:10,273,0.00,532,34.60,38,1.70
2026-08-10T15:20,328,0.00,522,34.80,35,2.10
2026-08-10T15:30,299,0.00,827,35.70,35,2.20
2026-08-10T15:40,305,0.00,737,35.50,37,1.70
2026-08-10T15:50,295,0.00,745,35.40,37,1.80
2026-08-10T16:00,309,0.00,464,35.30,37,2.10
2026-08-10T16:10,294,0.00,682,35.90,35,2.30
2026-08-10T16:20,304,0.00,682,35.90,33,2.10
2026-08-10T16:30,329,0.00,621,35.80,32,2.20
2026-08-10T16:40,304,0.00,597,36.20,32,2.30
2026-08-10T16:50,328,0.00,572,36.40,33,1.70
2026-08-10T17:00,291,0.00,544,36.00,32,1.80
2026-08-10T17:10,296,0.00,518,35.90,33,2.00
2026-08-10T17:20,328,0.00,489,35.90,34,1.70
2026-08-10T17:30,310,0.00,459,36.10,32,1.60
2026-08-10T17:40,5,0.00,424,36.40,33,1.10
2026-08-10T17:50,7,0.00,394,36.50,33,1.70
2026-08-10T18:00,7,0.00,366,36.10,34,1.70
2026-08-10T18:10,9,0.00,338,35.90,36,1.40
2026-08-10T18:20,20,0.00,310,35.30,36,1.20
2026-08-10T18:30,18,0.00,278,35.40,34,1.10
2026-08-10T18:40,348,0.00,248,35.40,34,1.00
2026-08-10T18:50,335,0.00,148,35.10,37,0.90
2026-08-10T19:00,293,0.00,101,34.10,43,0.90
2026-08-10T19:10,264,0.00,96,33.10,47,2.00
2026-08-10T19:20,280,0.00,100,32.80,47,1.90
2026-08-10T19:30,272,0.00,94,32.50,49,2.00
2026-08-10T19:40,268,0.00,107,32.00,52,1.60
2026-08-10T19:50,263,0.00,88,31.90,53,1.80
2026-08-10T20:00,245,0.00,56,31.80,53,1.40
2026-08-10T20:10,242,0.00,36,31.30,55,1.20
2026-08-10T20:20,233,0.00,4,30.20,61,1.10
2026-08-10T20:30,228,0.00,0,29.10,65,1.40
2026-08-10T20:40,221,0.00,0,28.40,68,1.30
2026-08-10T20:50,218,0.00,0,28.10,68,1.00
2026-08-10T21:00,218,0.00,0,27.60,69,1.20
2026-08-10T21:10,228,0.00,0,28.10,67,1.90
2026-08-10T21:20,238,0.00,0,28.10,66,1.80
2026-08-10T21:30,230,0.00,0,27.90,66,1.40
2026-08-10T21:40,225,0.00,0,27.60,68,1.40
2026-08-10T21:50,236,0.00,0,27.70,67,1.50
2026-08-10T22:00,242,0.00,0,27.50,67,1.40
2026-08-10T22:10,245,0.00,0,27.60,66,1.30
2026-08-10T22:20,251,0.00,0,27.70,65,1.60
2026-08-10T22:30,262,0.00,0,27.50,67,2.00
2026-08-10T22:40,271,0.00,0,27.70,66,1.90
2026-08-10T22:50,271,0.00,0,27.50,66,1.80
2026-08-10T23:00,273,0.00,0,27.20,66,1.60
2026-08-10T23:10,267,0.00,0,27.20,65,1.70
2026-08-10T23:20,281,0.00,0,26.80,66,0.80
2026-08-10T23:30,207,0.00,0,25.40,75,0.80
2026-08-10T23:40,215,0.00,0,25.40,72,0.90
2026-08-10T23:50,227,0.00,0,25.00,76,1.00
2026-08-11T00:00,237,0.00,0,24.90,73,0.90
2026-08-11T00:10,247,0.00,0,25.20,71,1.40
2026-08-11T00:20,250,0.00,0,25.50,68,1.20
2026-08-11T00:30,287,0.00,0,25.20,72,1.20
2026-08-11T00:40,273,0.00,0,24.60,74,1.20
2026-08-11T00:50,234,0.00,0,24.60,73,0.80
2026-08-11T01:00,278,0.00,0,24.60,78,0.60
2026-08-11T01:10,250,0.00,0,24.10,77,1.10
2026-08-11T01:20,253,0.00,0,23.90,79,1.10
2026-08-11T01:30,258,0.00,0,24.10,78,0.50
2026-08-11T01:40,307,0.00,0,24.00,79,0.40
2026-08-11T01:50,27,0.00,0,23.30,81,1.40
2026-08-11T02:00,54,0.00,0,23.20,80,1.50
2026-08-11T02:10,68,0.00,0,23.40,81,1.60
2026-08-11T02:20,63,0.00,0,23.50,80,1.20
2026-08-11T02:30,40,0.00,0,23.30,81,1.20
2026-08-11T02:40,36,0.00,0,23.00,81,0.80
2026-08-11T02:50,39,0.00,0,22.90,81,0.40
2026-08-11T03:00,320,0.00,0,23.20,80,0.60
2026-08-11T03:10,6,0.00,0,22.90,82,0.50
2026-08-11T03:20,91,0.00,0,23.10,80,1.10
2026-08-11T03:30,86,0.00,0,22.80,83,1.40
2026-08-11T03:40,87,0.00,0,22.50,85,1.10
2026-08-11T03:50,134,0.00,0,22.70,83,0.20
2026-08-11T04:00,196,0.00,0,22.20,88,0.50
2026-08-11T04:10,262,0.00,0,22.20,88,0.40
2026-08-11T04:20,172,0.00,0,22.00,88,0.80
2026-08-11T04:30,189,0.00,0,21.90,88,0.50
2026-08-11T04:40,248,0.00,0,22.40,86,0.50
2026-08-11T04:50,322,0.00,0,22.40,84,0.50
2026-08-11T05:00,321,0.00,0,22.30,84,1.00
2026-08-11T05:10,359,0.00,0,21.90,87,0.80
2026-08-11T05:20,26,0.00,0,21.60,89,0.80
2026-08-11T05:30,227,0.00,0,21.60,88,0.10
2026-08-11T05:40,168,0.00,0,21.20,92,0.70
2026-08-11T05:50,130,0.00,0,21.70,88,1.20
2026-08-11T06:00,130,0.00,0,21.90,87,1.20
2026-08-11T06:10,154,0.00,0,21.80,88,0.60
2026-08-11T06:20,173,0.00,0,22.00,87,0.30
2026-08-11T06:30,258,0.00,0,22.00,87,0.50
2026-08-11T06:40,275,0.00,0,21.90,86,0.90
2026-08-11T06:50,225,0.00,17,21.90,88,0.30
2026-08-11T07:00,197,0.00,43,21.70,90,1.00
2026-08-11T07:10,215,0.00,63,22.20,88,1.10
2026-08-11T07:20,230,0.00,84,22.90,84,1.00
2026-08-11T07:30,235,0.00,103,23.90,80,1.40
2026-08-11T07:40,253,0.00,121,24.60,75,0.60
2026-08-11T07:50,358,0.00,143,24.80,78,1.20
2026-08-11T08:00,5,0.00,176,25.00,76,1.70
2026-08-11T08:10,20,0.00,205,25.40,74,0.90
2026-08-11T08:20,26,0.00,230,26.20,70,0.80
2026-08-11T08:30,20,0.00,257,26.70,70,1.10
2026-08-11T08:40,356,0.00,289,27.20,64,1.10
2026-08-11T08:50,20,0.00,319,27.60,60,1.20
2026-08-11T09:00,19,0.00,350,28.10,59,0.70
2026-08-11T09:10,51,0.00,380,28.40,57,0.50
2026-08-11T09:20,114,0.00,414,28.60,53,0.80
2026-08-11T09:30,143,0.00,444,29.10,52,1.10
2026-08-11T09:40,157,0.00,475,29.40,53,0.90
2026-08-11T09:50,142,0.00,503,29.70,52,0.70
2026-08-11T10:00,99,0.00,531,30.30,48,0.80
2026-08-11T10:10,24,0.00,552,30.10,48,1.30
2026-08-11T10:20,53,0.00,584,30.80,47,1.30
2026-08-11T10:30,65,0.00,606,31.00,45,1.00
2026-08-11T10:40,74,0.00,627,31.50,44,1.20
2026-08-11T10:50,24,0.00,651,31.60,45,1.40
2026-08-11T11:00,33,0.00,671,32.30,44,1.30
2026-08-11T11:10,27,0.00,689,32.20,43,1.80
2026-08-11T11:20,50,0.00,707,32.00,42,1.40
2026-08-11T11:30,63,0.00,722,32.30,43,1.50
2026-08-11T11:40,23,0.00,731,32.30,43,1.70
2026-08-11T11:50,20,0.00,745,33.80,40,1.60
2026-08-11T12:00,19,0.00,762,33.70,40,1.70
2026-08-11T12:10,20,0.00,777,34.50,38,1.30
2026-08-11T12:20,304,0.00,781,34.40,39,0.50
2026-08-11T12:30,358,0.00,796,34.30,39,1.10
2026-08-11T12:40,59,0.00,803,34.50,39,1.20
2026-08-11T12:50,22,0.00,804,34.60,38,1.00
2026-08-11T13:00,21,0.00,792,34.40,38,1.30
2026-08-11T13:10,9,0.00,822,34.80,37,0.60
2026-08-11T13:20,39,0.00,825,35.10,35,1.00
2026-08-11T13:30,338,0.00,820,35.80,36,1.70
2026-08-11T13:40,356,0.00,823,35.90,35,0.80
2026-08-11T13:50,6,0.00,817,35.90,34,0.70
2026-08-11T14:00,36,0.00,811,35.30,36,0.60
2026-08-11T14:10,342,0.00,812,36.00,34,1.40
2026-08-11T14:20,20,0.00,801,36.80,31,1.50
2026-08-11T14:30,103,0.00,802,35.90,32,0.70
2026-08-11T14:40,32,0.00,779,37.10,33,1.40
2026-08-11T14:50,60,0.00,776,36.10,35,0.60
2026-08-11T15:00,86,0.00,751,36.20,33,1.00
2026-08-11T15:10,358,0.00,730,37.30,31,1.40
2026-08-11T15:20,50,0.00,737,36.60,31,1.60
2026-08-11T15:30,55,0.00,712,37.50,30,1.20
2026-08-11T15:40,29,0.00,650,36.90,30,0.90
2026-08-11T15:50,1,0.00,643,37.20,31,1.50
2026-08-11T16:00,335,0.00,609,37.40,31,1.30
2026-08-11T16:10,288,0.00,573,37.30,30,0.80
2026-08-11T16:20,3,0.00,526,36.90,30,1.00
2026-08-11T16:30,12,0.00,534,37.40,28,0.80
2026-08-11T16:40,340,0.00,555,37.90,27,0.50
2026-08-11T16:50,184,0.00,530,37.20,32,1.00
2026-08-11T17:00,182,0.00,497,37.00,30,1.80
2026-08-11T17:10,184,0.00,446,37.00,30,1.70
2026-08-11T17:20,171,0.00,446,37.20,30,1.70
2026-08-11T17:30,200,0.00,440,37.50,29,1.40
2026-08-11T17:40,181,0.00,338,37.00,31,1.30
2026-08-11T17:50,186,0.00,317,36.80,31,1.50
2026-08-11T18:00,209,0.00,326,36.80,31,1.50
2026-08-11T18:10,237,0.00,312,37.00,32,1.90
2026-08-11T18:20,239,0.00,307,37.50,31,1.70
2026-08-11T18:30,242,0.00,240,36.60,35,1.20
2026-08-11T18:40,248,0.00,177,36.00,37,1.30
2026-08-11T18:50,247,0.00,188,36.10,35,1.10
2026-08-11T19:00,262,0.00,192,36.00,38,1.30
2026-08-11T19:10,298,0.00,176,35.70,38,1.80
2026-08-11T19:20,314,0.00,148,35.60,38,2.10
2026-08-11T19:30,295,0.00,137,35.00,44,1.50
2026-08-11T19:40,244,0.00,107,34.00,46,1.10
2026-08-11T19:50,255,0.00,63,33.90,42,1.20
2026-08-11T20:00,279,0.00,50,33.50,45,1.30
2026-08-11T20:10,282,0.00,39,33.00,47,1.10
2026-08-11T20:20,296,0.00,11,32.30,49,0.90
2026-08-11T20:30,328,0.00,0,31.70,54,1.40
2026-08-11T20:40,340,0.00,0,30.60,58,1.90
2026-08-11T20:50,351,0.00,0,30.20,56,1.80
2026-08-11T21:00,8,0.00,0,30.30,53,1.50
2026-08-11T21:10,38,0.00,0,30.20,56,1.30
2026-08-11T21:20,77,0.00,0,29.20,59,1.20
2026-08-11T21:30,161,0.00,0,27.90,66,1.90
2026-08-11T21:40,183,0.00,0,28.40,62,2.20
2026-08-11T21:50,194,0.00,0,29.20,57,2.30
2026-08-11T22:00,200,0.00,0,28.80,58,1.60
2026-08-11T22:10,224,0.00,0,29.10,57,1.70
2026-08-11T22:20,247,0.00,0,29.40,54,2.10
2026-08-11T22:30,247,0.00,0,29.40,55,2.30
2026-08-11T22:40,244,0.00,0,29.30,55,1.90
2026-08-11T22:50,245,0.00,0,29.20,55,1.50
2026-08-11T23:00,254,0.00,0,28.50,54,1.40
2026-08-11T23:10,278,0.00,0,28.60,53,1.30
2026-08-11T23:20,262,0.00,0,27.70,59,1.30
2026-08-11T23:30,241,0.00,0,27.70,58,1.40
2026-08-11T23:40,255,0.00,0,28.80,51,1.70
2026-08-11T23:50,279,0.00,0,28.30,53,2.40
2026-08-12T00:00,282,0.00,0,28.10,54,2.50
2026-08-12T00:10,290,0.00,0,27.90,55,2.20
2026-08-12T00:20,309,0.00,0,27.60,56,1.60
2026-08-12T00:30,299,0.00,0,26.80,60,2.00
2026-08-12T00:40,295,0.00,0,26.70,60,2.40
2026-08-12T00:50,281,0.00,0,27.00,60,2.20
2026-08-12T01:00,285,0.00,0,26.80,59,1.70
2026-08-12T01:10,302,0.00,0,26.60,60,1.10
2026-08-12T01:20,359,0.00,0,25.50,67,0.70
2026-08-12T01:30,322,0.00,0,25.50,68,1.10
2026-08-12T01:40,317,0.00,0,25.50,65,1.10
2026-08-12T01:50,51,0.00,0,24.70,70,2.40
2026-08-12T02:00,47,0.00,0,24.60,72,1.70
2026-08-12T02:10,37,0.00,0,24.40,72,2.30
2026-08-12T02:20,35,0.00,0,24.20,72,2.80
2026-08-12T02:30,54,0.00,0,24.20,73,3.00
2026-08-12T02:40,89,0.00,0,25.60,65,2.10
2026-08-12T02:50,110,0.00,0,24.90,69,0.40
2026-08-12T03:00,297,0.00,0,24.70,70,0.40
2026-08-12T03:10,249,0.00,0,23.80,76,0.80
2026-08-12T03:20,221,0.00,0,24.00,75,0.50
2026-08-12T03:30,257,0.00,0,23.70,77,0.90
2026-08-12T03:40,250,0.00,0,23.60,77,0.90
2026-08-12T03:50,213,0.00,0,23.70,77,0.40
2026-08-12T04:00,256,0.00,0,23.50,79,0.60
2026-08-12T04:10,205,0.00,0,23.20,79,0.40
2026-08-12T04:20,151,0.00,0,23.60,78,0.20
2026-08-12T04:30,199,0.00,0,23.00,84,0.40
2026-08-12T04:40,279,0.00,0,23.00,83,0.40
2026-08-12T04:50,321,0.00,0,23.00,84,0.50
2026-08-12T05:00,19,0.00,0,22.90,82,0.50
2026-08-12T05:10,328,0.00,0,23.00,82,0.90
2026-08-12T05:20,303,0.00,0,23.00,80,1.00
2026-08-12T05:30,353,0.00,0,22.70,83,1.10
2026-08-12T05:40,5,0.00,0,22.70,83,2.10
2026-08-12T05:50,357,0.00,0,22.90,81,1.70
2026-08-12T06:00,1,0.00,0,23.20,79,1.10
2026-08-12T06:10,358,0.00,0,23.20,80,1.00
2026-08-12T06:20,340,0.00,0,23.10,81,0.80
2026-08-12T06:30,58,0.00,0,23.20,80,0.70
2026-08-12T06:40,49,0.00,0,23.20,81,0.90
2026-08-12T06:50,53,0.00,17,23.30,81,1.10
2026-08-12T07:00,53,0.00,41,23.50,80,1.70
2026-08-12T07:10,50,0.00,61,23.70,80,1.60
2026-08-12T07:20,47,0.00,81,24.30,75,0.90
2026-08-12T07:30,12,0.00,103,25.20,72,0.30
2026-08-12T07:40,55,0.00,127,25.70,70,0.50
2026-08-12T07:50,48,0.00,152,26.10,71,0.60
2026-08-12T08:00,73,0.00,178,27.10,63,1.00
2026-08-12T08:10,89,0.00,206,27.40,62,0.80
2026-08-12T08:20,125,0.00,235,28.00,60,1.20
2026-08-12T08:30,128,0.00,267,28.00,59,1.80
2026-08-12T08:40,138,0.00,297,28.60,58,2.00
2026-08-12T08:50,130,0.00,324,29.10,56,2.00
2026-08-12T09:00,125,0.00,353,29.40,55,1.40
2026-08-12T09:10,110,0.00,382,29.70,56,1.50
2026-08-12T09:20,120,0.00,413,29.50,54,1.50
2026-08-12T09:30,106,0.00,444,30.20,53,1.20
2026-08-12T09:40,109,0.00,473,30.70,52,1.60
2026-08-12T09:50,109,0.00,504,30.90,50,2.00
2026-08-12T10:00,104,0.00,531,30.90,51,1.60
2026-08-12T10:10,95,0.00,556,31.80,47,1.70
2026-08-12T10:20,123,0.00,586,31.20,46,2.20
2026-08-12T10:30,126,0.00,610,31.90,45,2.30
2026-08-12T10:40,140,0.00,634,31.90,43,3.00
2026-08-12T10:50,120,0.00,660,31.80,44,3.40
2026-08-12T11:00,130,0.00,682,32.20,43,3.50
2026-08-12T11:10,114,0.00,700,31.80,44,3.90
2026-08-12T11:20,118,0.00,715,31.90,45,3.40
2026-08-12T11:30,108,0.00,734,32.50,42,4.30
2026-08-12T11:40,114,0.00,746,32.60,42,3.60
2026-08-12T11:50,118,0.00,762,32.30,43,3.70
2026-08-12T12:00,128,0.00,775,33.30,40,2.90
2026-08-12T12:10,139,0.00,786,33.70,40,2.60
2026-08-12T12:20,115,0.00,795,33.80,40,1.60
2026-08-12T12:30,114,0.00,810,34.00,39,2.80
2026-08-12T12:40,,0.00,,33.80,40,
2026-08-12T12:50,135,0.00,826,33.70,39,2.80
2026-08-12T13:00,115,0.00,835,34.60,38,2.00
2026-08-12T13:10,129,0.00,839,34.60,37,2.60
2026-08-12T13:20,135,0.00,838,35.10,37,1.70
2026-08-12T13:30,146,0.00,838,34.90,38,1.90
2026-08-12T13:40,139,0.00,832,35.30,36,1.40
2026-08-12T13:50,126,0.00,837,35.60,38,2.40
2026-08-12T14:00,108,0.00,830,35.40,39,2.00
2026-08-12T14:10,119,0.00,826,35.00,37,2.30
2026-08-12T14:20,114,0.00,815,35.30,38,1.50
2026-08-12T14:30,117,0.00,807,35.60,35,2.30
2026-08-12T14:40,112,0.00,797,35.80,37,1.60
2026-08-12T14:50,135,0.00,790,35.70,35,2.30
2026-08-12T15:00,159,0.00,778,35.60,34,2.10
2026-08-12T15:10,146,0.00,763,35.70,35,2.20
2026-08-12T15:20,180,0.00,744,36.40,35,1.40
2026-08-12T15:30,127,0.00,729,36.40,36,1.90
2026-08-12T15:40,128,0.00,710,36.30,32,1.90
2026-08-12T15:50,141,0.00,693,35.80,34,1.20
2026-08-12T16:00,178,0.00,666,36.30,32,1.00
2026-08-12T16:10,151,0.00,645,36.50,32,1.70
2026-08-12T16:20,80,0.00,624,36.60,31,0.80
2026-08-12T16:30,176,0.00,604,37.00,30,0.70
2026-08-12T16:40,103,0.00,580,36.70,31,1.20
2026-08-12T16:50,144,0.00,559,36.90,31,2.40
2026-08-12T17:00,177,0.00,523,37.00,30,1.00
2026-08-12T17:10,115,0.00,501,36.90,31,1.20
2026-08-12T17:20,140,0.00,475,36.70,31,1.70
2026-08-12T17:30,110,0.00,442,36.30,33,1.00
2026-08-12T17:40,103,0.00,419,36.00,33,2.00
2026-08-12T17:50,60,0.00,390,36.30,33,1.60
2026-08-12T18:00,57,0.00,367,36.00,34,2.00
2026-08-12T18:10,101,0.00,340,36.00,33,2.30
2026-08-12T18:20,93,0.00,311,35.80,34,2.00
2026-08-12T18:30,116,0.00,299,35.90,34,1.60
2026-08-12T18:40,98,0.00,304,36.30,33,1.40
2026-08-12T18:50,104,0.00,307,36.20,32,1.80
2026-08-12T19:00,94,0.00,274,35.80,33,2.10
2026-08-12T19:10,80,0.00,222,35.70,33,2.00
2026-08-12T19:20,88,0.00,130,34.80,35,2.10
2026-08-12T19:30,86,0.00,101,34.70,35,2.20
2026-08-12T19:40,95,0.00,100,34.50,36,2.00
2026-08-12T19:50,111,0.00,66,34.00,39,1.80
2026-08-12T20:00,125,0.00,32,33.20,41,1.90
2026-08-12T20:10,110,0.00,0,32.90,42,1.90
2026-08-12T20:20,100,0.00,0,32.60,43,1.60
2026-08-12T20:30,100,0.00,0,30.90,53,0.80
2026-08-12T20:40,181,0.00,0,30.40,50,0.80
2026-08-12T20:50,151,0.00,0,30.60,47,1.40
2026-08-12T21:00,141,0.00,0,31.00,50,1.60
2026-08-12T21:10,138,0.00,0,31.30,49,1.90
2026-08-12T21:20,83,0.00,0,30.50,53,1.60
2026-08-12T21:30,34,0.00,0,29.20,54,3.50
2026-08-12T21:40,45,0.00,0,29.30,52,3.40
2026-08-12T21:50,56,0.00,0,29.10,51,2.90
2026-08-12T22:00,58,0.00,0,28.60,54,2.40
2026-08-12T22:10,49,0.00,0,28.00,56,2.20
2026-08-12T22:20,57,0.00,0,27.80,57,2.90
2026-08-12T22:30,63,0.00,0,27.90,56,2.50
2026-08-12T22:40,70,0.00,0,28.20,55,2.40
2026-08-12T22:50,32,0.00,0,27.90,56,2.60
2026-08-12T23:00,33,0.00,0,27.60,58,2.50
2026-08-12T23:10,43,0.00,0,27.00,61,2.70
2026-08-12T23:20,57,0.00,0,27.00,61,2.60
2026-08-12T23:30,60,0.00,0,27.00,61,2.10
2026-08-12T23:40,65,0.00,0,26.40,63,2.20
2026-08-12T23:50,82,0.00,0,27.10,60,2.20
2026-08-13T00:00,68,0.00,0,26.80,62,2.40
2026-08-13T00:10,49,0.00,0,26.20,65,2.40
2026-08-13T00:20,42,0.00,0,25.80,67,2.10
2026-08-13T00:30,48,0.00,0,25.40,69,2.50
2026-08-13T00:40,51,0.00,0,25.40,69,2.30
2026-08-13T00:50,35,0.00,0,25.20,70,2.20
2026-08-13T01:00,28,0.00,0,25.00,71,2.00
2026-08-13T01:10,36,0.00,0,24.60,72,1.90
2026-08-13T01:20,37,0.00,0,24.40,73,2.00
2026-08-13T01:30,58,0.00,0,24.30,74,1.60
2026-08-13T01:40,69,0.00,0,24.90,71,1.70
2026-08-13T01:50,63,0.00,0,25.00,71,1.60
2026-08-13T02:00,54,0.00,0,24.70,73,1.80
2026-08-13T02:10,51,0.00,0,24.50,72,2.20
2026-08-13T02:20,60,0.00,0,24.70,71,2.20
2026-08-13T02:30,60,0.00,0,24.80,70,2.00
2026-08-13T02:40,55,0.00,0,24.80,70,2.00
2026-08-13T02:50,61,0.00,0,24.60,71,1.90
2026-08-13T03:00,64,0.00,0,24.60,71,1.90
2026-08-13T03:10,57,0.00,0,24.50,72,2.00
2026-08-13T03:20,66,0.00,0,24.40,71,1.90
2026-08-13T03:30,53,0.00,0,24.50,72,1.60
2026-08-13T03:40,37,0.00,0,24.40,73,1.10
2026-08-13T03:50,52,0.00,0,24.10,74,1.30
2026-08-13T04:00,48,0.00,0,23.70,76,1.70
2026-08-13T04:10,52,0.00,0,23.60,77,1.50
2026-08-13T04:20,81,0.00,0,23.60,76,1.00
2026-08-13T04:30,108,0.00,0,22.90,82,0.90
2026-08-13T04:40,151,0.00,0,22.60,82,1.00
2026-08-13T04:50,158,0.00,0,22.70,82,1.10
2026-08-13T05:00,158,0.00,0,22.80,81,1.00
2026-08-13T05:10,160,0.00,0,22.60,83,1.10
2026-08-13T05:20,155,0.00,0,22.60,83,1.50
2026-08-13T05:30,144,0.00,0,22.70,81,1.50
2026-08-13T05:40,141,0.00,0,22.90,80,1.50
2026-08-13T05:50,135,0.00,0,23.00,78,1.50
2026-08-13T06:00,119,0.00,0,23.00,79,1.60
2026-08-13T06:10,123,0.00,0,23.10,79,1.90
2026-08-13T06:20,89,0.00,0,23.00,78,1.20
2026-08-13T06:30,,0.00,,22.50,82,
2026-08-13T06:40,56,0.00,0,22.80,81,0.70
2026-08-13T06:50,24,0.00,13,22.90,80,1.00
2026-08-13T07:00,18,0.00,38,23.00,80,1.00
2026-08-13T07:10,11,0.00,56,23.20,81,1.30
2026-08-13T07:20,8,0.00,79,23.60,79,1.50
2026-08-13T07:30,11,0.00,103,23.90,79,1.50
2026-08-13T07:40,9,0.00,127,24.40,76,1.40
2026-08-13T07:50,32,0.00,153,25.30,72,1.30
2026-08-13T08:00,33,0.00,180,26.00,68,1.30
2026-08-13T08:10,40,0.00,208,26.40,66,1.40
2026-08-13T08:20,61,0.00,238,26.70,65,1.50
2026-08-13T08:30,94,0.00,269,27.50,59,1.10
2026-08-13T08:40,121,0.00,299,28.20,54,1.60
2026-08-13T08:50,116,0.00,330,28.60,49,2.00
2026-08-13T09:00,118,0.00,362,28.60,50,3.00
2026-08-13T09:10,116,0.00,392,28.60,49,2.60
2026-08-13T09:20,120,0.00,424,28.70,48,3.10
2026-08-13T09:30,124,0.00,454,29.40,45,3.30
2026-08-13T09:40,119,0.00,485,29.60,44,3.60
2026-08-13T09:50,114,0.00,514,30.00,44,2.80
2026-08-13T10:00,122,0.00,541,30.10,43,2.70
2026-08-13T10:10,119,0.00,568,30.30,43,3.00
2026-08-13T10:20,123,0.00,594,30.40,43,2.70
2026-08-13T10:30,108,0.00,618,30.80,42,2.40
2026-08-13T10:40,115,0.00,643,31.00,41,2.80
2026-08-13T10:50,126,0.00,666,30.90,39,2.80
2026-08-13T11:00,113,0.00,686,31.50,37,3.30
2026-08-13T11:10,125,0.00,704,32.10,37,3.10
2026-08-13T11:20,111,0.00,719,32.10,36,3.00
2026-08-13T11:30,126,0.00,735,32.40,36,3.40
2026-08-13T11:40,131,0.00,750,32.50,35,2.60
2026-08-13T11:50,139,0.00,762,32.60,35,2.80
2026-08-13T12:00,116,0.00,771,33.90,34,2.30
2026-08-13T12:10,94,0.00,778,33.20,34,1.30
2026-08-13T12:20,119,0.00,790,33.40,34,1.70
2026-08-13T12:30,122,0.00,798,33.70,34,1.40
2026-08-13T12:40,111,0.00,809,33.90,34,1.90
2026-08-13T12:50,117,0.00,814,33.90,33,1.10
2026-08-13T13:00,158,0.00,822,34.20,33,2.00
2026-08-13T13:10,92,0.00,821,33.90,33,0.90
2026-08-13T13:20,117,0.00,812,34.60,33,1.30
2026-08-13T13:30,97,0.00,817,35.00,31,1.10
2026-08-13T13:40,150,0.00,818,34.70,32,1.50
2026-08-13T13:50,140,0.00,812,35.60,30,0.80
2026-08-13T14:00,226,0.00,815,35.80,31,1.20
2026-08-13T14:10,156,0.00,802,35.50,30,1.50
2026-08-13T14:20,216,0.00,802,35.60,30,1.80
2026-08-13T14:30,175,0.00,796,36.00,30,1.80
2026-08-13T14:40,181,0.00,782,35.70,31,0.90
2026-08-13T14:50,130,0.00,770,36.40,31,0.90
2026-08-13T15:00,132,0.00,763,36.10,31,1.30
2026-08-13T15:10,249,0.00,755,36.90,30,1.90
2026-08-13T15:20,248,0.00,745,36.50,30,1.50
2026-08-13T15:30,231,0.00,726,36.90,30,1.20
2026-08-13T15:40,193,0.00,707,36.50,30,0.90
2026-08-13T15:50,277,0.00,682,36.80,32,0.40
2026-08-13T16:00,113,0.00,659,36.30,31,0.40
2026-08-13T16:10,36,0.00,642,36.80,31,0.70
2026-08-13T16:20,68,0.00,609,36.70,31,0.40
2026-08-13T16:30,90,0.00,588,37.00,32,0.90
2026-08-13T16:40,145,0.00,562,36.50,31,1.00
2026-08-13T16:50,86,0.00,542,36.20,32,1.30
2026-08-13T17:00,330,0.00,520,36.40,32,0.30
2026-08-13T17:10,99,0.00,501,36.80,32,1.80
2026-08-13T17:20,102,0.00,475,35.90,32,1.10
2026-08-13T17:30,140,0.00,450,36.10,32,1.20
2026-08-13T17:40,162,0.00,411,36.50,30,1.10
2026-08-13T17:50,126,0.00,376,35.80,33,1.40
2026-08-13T18:00,108,0.00,347,36.00,33,1.50
2026-08-13T18:10,122,0.00,328,36.00,33,2.30
2026-08-13T18:20,121,0.00,299,35.60,33,1.60
2026-08-13T18:30,115,0.00,270,35.80,34,1.50
2026-08-13T18:40,93,0.00,242,35.30,34,1.50
2026-08-13T18:50,83,0.00,214,35.10,37,1.80
2026-08-13T19:00,77,0.00,188,34.40,37,2.60
2026-08-13T19:10,79,0.00,160,34.30,38,2.40
2026-08-13T19:20,77,0.00,134,34.00,39,2.90
2026-08-13T19:30,81,0.00,107,33.50,39,2.30
2026-08-13T19:40,80,0.00,82,33.70,39,2.50
2026-08-13T19:50,77,0.00,59,33.00,41,2.10
2026-08-13T20:00,76,0.00,33,32.60,43,2.00
2026-08-13T20:10,69,0.00,0,31.30,48,2.10
2026-08-13T20:20,77,0.00,0,31.20,47,2.00
2026-08-13T20:30,71,0.00,0,30.70,49,1.80
2026-08-13T20:40,61,0.00,0,30.30,49,1.80
2026-08-13T20:50,61,0.00,0,30.00,50,1.90
2026-08-13T21:00,67,0.00,0,30.00,51,1.90
2026-08-13T21:10,78,0.00,0,29.00,55,2.20
2026-08-13T21:20,95,0.00,0,29.00,54,2.30
2026-08-13T21:30,104,0.00,0,28.80,55,2.00
2026-08-13T21:40,103,0.00,0,28.90,54,1.70
2026-08-13T21:50,107,0.00,0,28.40,57,1.10
2026-08-13T22:00,123,0.00,0,27.80,59,1.80
2026-08-13T22:10,114,0.00,0,28.00,59,1.90
2026-08-13T22:20,110,0.00,0,28.40,58,1.90
2026-08-13T22:30,99,0.00,0,28.50,56,1.80
2026-08-13T22:40,99,0.00,0,28.40,57,1.50
2026-08-13T22:50,114,0.00,0,27.60,60,1.50
2026-08-13T23:00,113,0.00,0,27.40,60,1.70
2026-08-13T23:10,115,0.00,0,27.50,60,2.40
2026-08-13T23:20,118,0.00,0,27.90,59,3.40
2026-08-13T23:30,117,0.00,0,27.90,60,3.20
2026-08-13T23:40,126,0.00,0,27.50,61,2.70
2026-08-13T23:50,133,0.00,0,27.50,61,2.50
2026-08-14T00:00,124,0.00,0,27.50,60,2.90
2026-08-14T00:10,119,0.00,0,27.40,61,2.90
2026-08-14T00:20,122,0.00,0,27.50,59,3.00
2026-08-14T00:30,118,0.00,0,27.40,60,2.90
2026-08-14T00:40,117,0.00,0,27.20,61,2.60
2026-08-14T00:50,104,0.00,0,27.20,60,2.20
2026-08-14T01:00,96,0.00,0,27.10,61,2.10
2026-08-14T01:10,103,0.00,0,26.90,62,2.40
2026-08-14T01:20,97,0.00,0,26.90,62,2.00
2026-08-14T01:30,94,0.00,0,26.80,62,2.60
2026-08-14T01:40,84,0.00,0,26.60,62,2.30
2026-08-14T01:50,84,0.00,0,26.80,60,2.50
2026-08-14T02:00,84,0.00,0,26.90,59,2.40
2026-08-14T02:10,76,0.00,0,26.50,60,1.80
2026-08-14T02:20,69,0.00,0,25.80,63,2.00
2026-08-14T02:30,59,0.00,0,25.40,65,2.10
2026-08-14T02:40,66,0.00,0,25.10,66,2.10
2026-08-14T02:50,74,0.00,0,24.90,66,2.40
2026-08-14T03:00,79,0.00,0,25.60,63,2.60
2026-08-14T03:10,83,0.00,0,26.00,60,2.80
2026-08-14T03:20,82,0.00,0,25.90,60,3.10
2026-08-14T03:30,81,0.00,0,25.70,59,2.80
2026-08-14T03:40,85,0.00,0,26.00,58,2.90
2026-08-14T03:50,87,0.00,0,26.10,55,2.70
2026-08-14T04:00,86,0.00,0,26.10,54,2.60
2026-08-14T04:10,84,0.00,0,25.90,55,2.70
2026-08-14T04:20,86,0.00,0,26.10,54,2.60
2026-08-14T04:30,91,0.00,0,26.20,53,2.60
2026-08-14T04:40,97,0.00,0,26.00,53,2.90
2026-08-14T04:50,96,0.00,0,26.10,53,3.10
2026-08-14T05:00,95,0.00,0,26.10,53,2.70
2026-08-14T05:10,91,0.00,0,25.80,54,2.40
2026-08-14T05:20,82,0.00,0,25.80,54,2.50
2026-08-14T05:30,82,0.00,0,25.60,54,2.10
2026-08-14T05:40,92,0.00,0,25.50,55,2.00
2026-08-14T05:50,106,0.00,0,25.00,57,2.40
2026-08-14T06:00,112,0.00,0,24.70,57,2.90
2026-08-14T06:10,117,0.00,0,24.60,57,2.40
2026-08-14T06:20,117,0.00,0,24.40,57,2.10
2026-08-14T06:30,119,0.00,0,24.20,58,2.00
2026-08-14T06:40,126,0.00,0,24.10,59,2.10
2026-08-14T06:50,130,0.00,11,24.20,58,2.20
2026-08-14T07:00,129,0.00,40,24.50,57,2.60
2026-08-14T07:10,129,0.00,59,24.60,57,2.50
2026-08-14T07:20,125,0.00,81,24.90,57,2.40
2026-08-14T07:30,129,0.00,105,25.00,58,2.20
2026-08-14T07:40,126,0.00,132,25.50,57,2.10
2026-08-14T07:50,120,0.00,156,25.70,56,2.00
2026-08-14T08:00,113,0.00,181,25.80,56,1.90
2026-08-14T08:10,123,0.00,204,26.30,54,2.30
2026-08-14T08:20,119,0.00,233,26.60,53,2.50
2026-08-14T08:30,117,0.00,267,26.40,54,2.50
2026-08-14T08:40,122,0.00,295,27.00,51,2.20
2026-08-14T08:50,126,0.00,325,27.50,49,2.50
2026-08-14T09:00,122,0.00,350,27.60,48,1.90
2026-08-14T09:10,117,0.00,382,27.30,48,2.70
2026-08-14T09:20,121,0.00,413,27.90,47,2.60
2026-08-14T09:30,111,0.00,448,28.20,46,3.00
2026-08-14T09:40,123,0.00,475,28.40,46,2.80
2026-08-14T09:50,122,0.00,498,29.00,45,2.60
2026-08-14T10:00,111,0.00,524,29.00,45,2.60
2026-08-14T10:10,122,0.00,550,29.30,46,2.50
2026-08-14T10:20,124,0.00,574,29.20,47,2.70
2026-08-14T10:30,114,0.00,605,29.20,48,3.30
2026-08-14T10:40,109,0.00,629,29.50,46,2.50
2026-08-14T10:50,111,0.00,653,29.70,45,2.30
2026-08-14T11:00,107,0.00,671,30.50,44,1.60
2026-08-14T11:10,94,0.00,687,30.10,44,1.90
2026-08-14T11:20,103,0.00,707,30.70,42,2.50
2026-08-14T11:30,95,0.00,722,31.70,39,1.80
2026-08-14T11:40,152,0.00,738,31.70,40,1.80
2026-08-14T11:50,96,0.00,747,31.90,40,1.60
2026-08-14T12:00,116,0.00,763,31.90,39,1.70
2026-08-14T12:10,115,0.00,777,31.20,40,2.60
2026-08-14T12:20,149,0.00,786,32.50,38,1.50
2026-08-14T12:30,131,0.00,800,32.40,36,1.90
2026-08-14T12:40,131,0.00,805,32.70,36,1.60
2026-08-14T12:50,113,0.00,821,33.20,34,1.90
2026-08-14T13:00,169,0.00,828,33.50,33,1.80
2026-08-14T13:10,105,0.00,828,33.50,33,1.90
2026-08-14T13:20,106,0.00,828,33.30,34,1.60
2026-08-14T13:30,102,0.00,831,33.60,32,1.50
2026-08-14T13:40,114,0.00,833,34.10,30,2.40
2026-08-14T13:50,110,0.00,830,33.80,33,2.50
2026-08-14T14:00,83,0.00,829,33.90,33,1.30
2026-08-14T14:10,93,0.00,822,34.60,32,1.80
2026-08-14T14:20,120,0.00,811,34.50,34,2.00
2026-08-14T14:30,104,0.00,803,34.90,31,1.70
2026-08-14T14:40,111,0.00,799,34.70,33,2.20
2026-08-14T14:50,116,0.00,784,34.10,32,2.10
2026-08-14T15:00,113,0.00,776,35.20,31,2.20
2026-08-14T15:10,148,0.00,751,35.10,31,2.30
2026-08-14T15:20,124,0.00,732,34.90,31,2.50
2026-08-14T15:30,95,0.00,728,35.10,31,2.00
2026-08-14T15:40,113,0.00,713,34.90,31,1.80
2026-08-14T15:50,74,0.00,679,35.30,31,1.60
2026-08-14T16:00,120,0.00,649,35.40,31,1.70
2026-08-14T16:10,90,0.00,638,35.40,31,1.40
2026-08-14T16:20,137,0.00,609,35.20,31,1.50
2026-08-14T16:30,106,0.00,605,35.20,31,1.90
2026-08-14T16:40,93,0.00,582,35.20,32,1.70
2026-08-14T16:50,95,0.00,549,35.30,31,1.90
2026-08-14T17:00,107,0.00,523,35.20,32,1.70
2026-08-14T17:10,163,0.00,497,35.30,32,1.80
2026-08-14T17:20,173,0.00,467,35.40,30,1.50
2026-08-14T17:30,120,0.00,431,35.30,31,1.60
2026-08-14T17:40,108,0.00,409,34.90,32,2.20
2026-08-14T17:50,127,0.00,381,34.80,32,1.30
2026-08-14T18:00,96,0.00,350,34.90,31,1.40
2026-08-14T18:10,108,0.00,311,34.70,32,1.90
2026-08-14T18:20,80,0.00,291,34.60,33,1.30
2026-08-14T18:30,94,0.00,255,34.30,32,1.60
2026-08-14T18:40,86,0.00,228,34.50,33,1.10
2026-08-14T18:50,109,0.00,206,34.40,33,1.70
2026-08-14T19:00,94,0.00,180,34.20,34,1.80
2026-08-14T19:10,81,0.00,144,34.00,34,1.60
2026-08-14T19:20,73,0.00,119,33.70,34,1.50
2026-08-14T19:30,73,0.00,93,32.80,39,1.70
2026-08-14T19:40,70,0.00,70,32.70,38,1.70
2026-08-14T19:50,85,0.00,52,32.50,38,1.90
2026-08-14T20:00,99,0.00,34,32.10,39,1.90
2026-08-14T20:10,96,0.00,0,31.70,40,1.70
2026-08-14T20:20,97,0.00,0,31.40,41,2.00
2026-08-14T20:30,102,0.00,0,30.30,46,2.30
2026-08-14T20:40,109,0.00,0,29.60,49,2.60
2026-08-14T20:50,103,0.00,0,29.60,48,2.10
2026-08-14T21:00,101,0.00,0,29.60,48,2.00
2026-08-14T21:10,109,0.00,0,29.20,50,2.00
2026-08-14T21:20,113,0.00,0,28.80,51,2.10
2026-08-14T21:30,121,0.00,0,28.40,52,2.20
2026-08-14T21:40,119,0.00,0,28.00,54,2.20
2026-08-14T21:50,125,0.00,0,27.70,55,2.10
2026-08-14T22:00,121,0.00,0,27.70,54,2.30
2026-08-14T22:10,110,0.00,0,27.80,53,1.90
2026-08-14T22:20,110,0.00,0,27.80,53,1.80
2026-08-14T22:30,113,0.00,0,27.40,55,2.10
2026-08-14T22:40,110,0.00,0,27.40,54,1.90
2026-08-14T22:50,121,0.00,0,27.00,56,2.20
2026-08-14T23:00,121,0.00,0,26.90,56,2.10
2026-08-14T23:10,115,0.00,0,26.90,56,2.40
2026-08-14T23:20,115,0.00,0,26.70,56,2.20
2026-08-14T23:30,120,0.00,0,26.40,58,2.20
2026-08-14T23:40,141,0.00,0,25.80,60,2.00
2026-08-14T23:50,121,0.00,0,26.10,60,2.10
2026-08-15T00:00,118,0.00,0,26.20,59,2.20
2026-08-15T00:10,116,0.00,0,26.10,58,2.30
2026-08-15T00:20,103,0.00,0,26.30,57,2.20
2026-08-15T00:30,89,0.00,0,26.30,57,2.00
2026-08-15T00:40,89,0.00,0,26.00,59,1.70
2026-08-15T00:50,93,0.00,0,25.90,60,1.70
2026-08-15T01:00,88,0.00,0,25.40,61,2.10
2026-08-15T01:10,89,0.00,0,25.10,62,2.10
2026-08-15T01:20,84,0.00,0,24.80,63,2.20
2026-08-15T01:30,83,0.00,0,24.70,63,1.90
2026-08-15T01:40,82,0.00,0,24.60,63,1.90
2026-08-15T01:50,64,0.00,0,23.70,68,1.90
2026-08-15T02:00,66,0.00,0,23.70,68,2.50
2026-08-15T02:10,71,0.00,0,23.50,68,2.70
2026-08-15T02:20,72,0.00,0,23.70,68,2.90
2026-08-15T02:30,79,0.00,0,24.10,65,2.50
2026-08-15T02:40,74,0.00,0,24.00,66,2.50
2026-08-15T02:50,77,0.00,0,23.70,66,2.50
2026-08-15T03:00,83,0.00,0,24.10,65,2.60
2026-08-15T03:10,81,0.00,0,24.00,65,2.50
2026-08-15T03:20,76,0.00,0,23.70,67,2.10
2026-08-15T03:30,63,0.00,0,23.00,69,2.20
2026-08-15T03:40,51,0.00,0,22.60,71,2.20
2026-08-15T03:50,41,0.00,0,22.10,73,2.20
2026-08-15T04:00,44,0.00,0,21.80,74,2.00
2026-08-15T04:10,46,0.00,0,21.60,75,2.10
2026-08-15T04:20,46,0.00,0,21.70,74,2.10
2026-08-15T04:30,43,0.00,0,21.50,76,2.20
2026-08-15T04:40,49,0.00,0,21.50,75,2.00
2026-08-15T04:50,58,0.00,0,22.00,70,1.90
2026-08-15T05:00,73,0.00,0,22.30,69,2.00
2026-08-15T05:10,76,0.00,0,22.50,67,2.10
2026-08-15T05:20,76,0.00,0,22.80,65,2.10
2026-08-15T05:30,55,0.00,0,22.10,68,2.30
2026-08-15T05:40,57,0.00,0,21.80,69,2.30
2026-08-15T05:50,69,0.00,0,22.20,66,1.80
2026-08-15T06:00,69,0.00,0,22.10,67,1.90
2026-08-15T06:10,82,0.00,0,21.40,72,1.70
2026-08-15T06:20,199,0.00,0,21.10,73,1.20
2026-08-15T06:30,,0.00,,20.80,75,
2026-08-15T06:40,172,0.00,0,20.80,75,1.00
2026-08-15T06:50,216,0.00,10,21.00,74,0.40
2026-08-15T07:00,133,0.00,39,21.00,78,0.30
2026-08-15T07:10,81,0.00,59,21.00,77,0.70
2026-08-15T07:20,75,0.00,83,21.90,73,0.70
2026-08-15T07:30,104,0.00,109,23.20,66,0.70
2026-08-15T07:40,81,0.00,135,24.10,64,0.70
2026-08-15T07:50,60,0.00,163,24.60,62,0.80
2026-08-15T08:00,64,0.00,190,25.60,58,0.50
2026-08-15T08:10,135,0.00,215,26.20,51,0.10
2026-08-15T08:20,182,0.00,245,26.60,52,0.80
2026-08-15T08:30,161,0.00,277,27.00,50,1.00
2026-08-15T08:40,130,0.00,307,27.30,50,0.70
2026-08-15T08:50,88,0.00,339,27.30,48,1.00
2026-08-15T09:00,113,0.00,371,27.40,48,1.40
2026-08-15T09:10,121,0.00,405,27.50,47,2.10
2026-08-15T09:20,125,0.00,433,27.90,46,1.80
2026-08-15T09:30,110,0.00,463,28.70,43,1.70
2026-08-15T09:40,113,0.00,493,29.00,40,1.40
2026-08-15T09:50,140,0.00,524,29.10,40,1.90
2026-08-15T10:00,118,0.00,553,29.30,40,1.80
2026-08-15T10:10,114,0.00,579,29.50,39,1.50
2026-08-15T10:20,140,0.00,602,30.10,36,1.30
2026-08-15T10:30,105,0.00,626,30.50,35,1.40
2026-08-15T10:40,161,0.00,648,30.90,34,1.20
2026-08-15T10:50,146,0.00,669,31.20,35,1.60
2026-08-15T11:00,177,0.00,688,31.70,30,1.40
2026-08-15T11:10,180,0.00,707,32.20,31,2.20
2026-08-15T11:20,183,0.00,724,32.30,33,2.40
2026-08-15T11:30,137,0.00,739,31.90,33,1.30
2026-08-15T11:40,134,0.00,758,31.70,34,2.20
2026-08-15T11:50,109,0.00,771,33.20,30,1.20
2026-08-15T12:00,115,0.00,788,33.10,32,2.10
2026-08-15T12:10,127,0.00,799,33.30,29,1.30
2026-08-15T12:20,143,0.00,809,33.10,28,1.10
2026-08-15T12:30,114,0.00,821,33.40,28,1.50
2026-08-15T12:40,98,0.00,830,33.80,25,0.80
2026-08-15T12:50,194,0.00,841,34.50,23,1.60
2026-08-15T13:00,169,0.00,847,34.40,22,1.60
2026-08-15T13:10,190,0.00,854,33.90,24,1.90
2026-08-15T13:20,220,0.00,850,34.70,23,0.90
2026-08-15T13:30,236,0.00,850,34.40,25,1.90
2026-08-15T13:40,222,0.00,851,35.50,24,1.20
2026-08-15T13:50,159,0.00,850,34.10,23,1.90
2026-08-15T14:00,217,0.00,845,35.40,23,1.40
2026-08-15T14:10,200,0.00,843,35.70,24,1.60
2026-08-15T14:20,232,0.00,835,35.30,24,1.60
2026-08-15T14:30,211,0.00,829,35.70,25,1.10
2026-08-15T14:40,247,0.00,815,35.10,26,1.10
2026-08-15T14:50,109,0.00,806,35.60,26,1.50
2026-08-15T15:00,53,0.00,793,35.60,27,1.00
2026-08-15T15:10,57,0.00,771,35.70,27,1.00
2026-08-15T15:20,295,0.00,749,35.50,26,1.20
2026-08-15T15:30,242,0.00,738,36.00,27,2.30
2026-08-15T15:40,250,0.00,720,36.00,26,2.20
2026-08-15T15:50,263,0.00,704,35.90,27,1.80
2026-08-15T16:00,250,0.00,680,35.80,26,1.60
2026-08-15T16:10,247,0.00,656,35.90,26,1.70
2026-08-15T16:20,225,0.00,639,36.00,26,1.40
2026-08-15T16:30,221,0.00,604,35.80,26,1.20
2026-08-15T16:40,233,0.00,573,36.10,27,1.50
2026-08-15T16:50,229,0.00,551,36.70,25,1.70
2026-08-15T17:00,197,0.00,517,35.60,26,0.90
2026-08-15T17:10,193,0.00,477,36.10,26,0.60
2026-08-15T17:20,178,0.00,453,35.70,25,1.00
2026-08-15T17:30,107,0.00,438,35.80,25,1.10
2026-08-15T17:40,173,0.00,400,36.00,24,0.10
2026-08-15T17:50,129,0.00,360,35.50,24,0.90
2026-08-15T18:00,143,0.00,334,35.40,24,1.60
2026-08-15T18:10,176,0.00,326,36.10,24,1.00
2026-08-15T18:20,14,0.00,301,36.20,23,0.70
2026-08-15T18:30,47,0.00,273,35.40,24,0.70
2026-08-15T18:40,87,0.00,248,35.10,26,0.60
2026-08-15T18:50,100,0.00,226,35.20,25,0.90
2026-08-15T19:00,117,0.00,203,35.10,26,0.90
2026-08-15T19:10,107,0.00,176,35.00,25,0.80
2026-08-15T19:20,54,0.00,146,34.00,30,1.40
2026-08-15T19:30,60,0.00,113,33.50,34,1.70
2026-08-15T19:40,73,0.00,84,32.40,36,1.80
2026-08-15T19:50,73,0.00,59,32.10,35,1.80
2026-08-15T20:00,66,0.00,37,31.80,34,1.70
2026-08-15T20:10,52,0.00,5,31.40,39,1.30
2026-08-15T20:20,65,0.00,0,30.30,41,1.20
2026-08-15T20:30,71,0.00,0,29.50,43,1.20
2026-08-15T20:40,76,0.00,0,28.70,48,1.20
2026-08-15T20:50,102,0.00,0,28.20,52,0.60
2026-08-15T21:00,77,0.00,0,28.20,48,1.20
2026-08-15T21:10,60,0.00,0,27.40,54,1.20
2026-08-15T21:20,96,0.00,0,26.90,56,1.20
2026-08-15T21:30,106,0.00,0,26.80,56,1.30
2026-08-15T21:40,117,0.00,0,26.80,51,1.40
2026-08-15T21:50,125,0.00,0,26.50,56,1.50
2026-08-15T22:00,128,0.00,0,26.20,55,1.80
2026-08-15T22:10,96,0.00,0,25.90,62,0.90
2026-08-15T22:20,21,0.00,0,25.90,60,0.40
2026-08-15T22:30,333,0.00,0,25.50,58,0.20
2026-08-15T22:40,343,0.00,0,25.30,65,0.40
2026-08-15T22:50,9,0.00,0,24.80,68,0.80
2026-08-15T23:00,28,0.00,0,25.20,66,0.80
2026-08-15T23:10,77,0.00,0,24.30,68,0.80
2026-08-15T23:20,99,0.00,0,23.90,70,0.50
2026-08-15T23:30,225,0.00,0,24.10,65,0.50
2026-08-15T23:40,216,0.00,0,24.40,65,0.90
2026-08-15T23:50,263,0.00,0,24.10,69,0.70
2026-08-16T00:00,286,0.00,0,24.20,66,1.40
2026-08-16T00:10,318,0.00,0,24.10,67,0.90
2026-08-16T00:20,350,0.00,0,23.90,70,0.50
2026-08-16T00:30,43,0.00,0,23.20,72,1.20
2026-08-16T00:40,73,0.00,0,23.40,68,2.60
2026-08-16T00:50,63,0.00,0,23.20,69,2.60
2026-08-16T01:00,42,0.00,0,23.00,73,2.00
2026-08-16T01:10,337,0.00,0,23.60,70,1.20
2026-08-16T01:20,322,0.00,0,23.10,71,1.90
2026-08-16T01:30,15,0.00,0,23.00,71,1.80
2026-08-16T01:40,46,0.00,0,22.60,73,1.40
2026-08-16T01:50,54,0.00,0,22.50,74,1.90
2026-08-16T02:00,49,0.00,0,22.80,72,2.10
2026-08-16T02:10,23,0.00,0,22.80,70,2.00
2026-08-16T02:20,30,0.00,0,22.60,73,1.70
2026-08-16T02:30,44,0.00,0,22.00,77,1.70
2026-08-16T02:40,40,0.00,0,21.70,77,1.50
2026-08-16T02:50,50,0.00,0,22.00,74,2.10
2026-08-16T03:00,51,0.00,0,22.00,74,2.00
2026-08-16T03:10,58,0.00,0,22.20,71,2.00
2026-08-16T03:20,53,0.00,0,22.70,70,1.30
2026-08-16T03:30,48,0.00,0,22.30,73,1.10
2026-08-16T03:40,62,0.00,0,22.00,74,0.70
2026-08-16T03:50,100,0.00,0,21.70,78,1.00
2026-08-16T04:00,54,0.00,0,21.80,76,0.90
2026-08-16T04:10,92,0.00,0,21.70,75,1.10
2026-08-16T04:20,110,0.00,0,21.40,74,0.90
2026-08-16T04:30,102,0.00,0,21.50,71,1.00
2026-08-16T04:40,132,0.00,0,21.20,74,1.20
2026-08-16T04:50,195,0.00,0,20.90,77,0.90
2026-08-16T05:00,193,0.00,0,21.10,80,0.80
2026-08-16T05:10,260,0.00,0,20.80,79,0.40
2026-08-16T05:20,225,0.00,0,20.90,79,1.20
2026-08-16T05:30,240,0.00,0,21.10,77,0.50
2026-08-16T05:40,308,0.00,0,20.30,83,0.30
2026-08-16T05:50,351,0.00,0,20.20,83,0.90
2026-08-16T06:00,4,0.00,0,20.40,80,1.10
2026-08-16T06:10,13,0.00,0,20.50,80,0.90
2026-08-16T06:20,358,0.00,0,20.50,81,0.60
2026-08-16T06:30,337,0.00,0,20.50,80,1.20
2026-08-16T06:40,358,0.00,0,20.50,81,0.90
2026-08-16T06:50,5,0.00,3,20.60,79,1.60
2026-08-16T07:00,353,0.00,34,20.70,79,1.40
2026-08-16T07:10,3,0.00,52,21.10,77,0.90
2026-08-16T07:20,6,0.00,74,21.70,75,0.90
2026-08-16T07:30,17,0.00,97,22.30,74,1.10
2026-08-16T07:40,43,0.00,124,22.90,72,1.00
2026-08-16T07:50,15,0.00,151,23.70,68,0.50
2026-08-16T08:00,352,0.00,178,24.60,60,0.60
2026-08-16T08:10,16,0.00,205,25.40,58,0.80
2026-08-16T08:20,35,0.00,235,26.00,56,1.00
2026-08-16T08:30,45,0.00,266,26.10,51,1.30
2026-08-16T08:40,42,0.00,297,26.40,53,0.80
2026-08-16T08:50,37,0.00,319,27.00,53,0.80
2026-08-16T09:00,72,0.00,345,27.60,50,0.40
2026-08-16T09:10,0,0.00,383,27.30,51,0.70
2026-08-16T09:20,84,0.00,421,28.30,52,0.50
2026-08-16T09:30,7,0.00,419,28.20,48,0.80
2026-08-16T09:40,73,0.00,444,29.40,42,0.70
2026-08-16T09:50,53,0.00,469,29.70,41,0.50
2026-08-16T10:00,100,0.00,520,29.40,42,0.80
2026-08-16T10:10,125,0.00,561,29.70,42,0.90
2026-08-16T10:20,118,0.00,541,30.00,41,1.40
2026-08-16T10:30,97,0.00,587,30.20,39,1.80
2026-08-16T10:40,122,0.00,630,30.00,40,2.20
2026-08-16T10:50,140,0.00,622,30.40,39,1.50
2026-08-16T11:00,145,0.00,678,30.80,39,1.50
2026-08-16T11:10,74,0.00,695,31.30,37,0.90
2026-08-16T11:20,143,0.00,706,31.70,38,0.80
2026-08-16T11:30,167,0.00,715,31.70,35,2.00
2026-08-16T11:40,148,0.00,739,32.00,36,1.30
2026-08-16T11:50,163,0.00,746,31.90,36,1.30
2026-08-16T12:00,150,0.00,756,32.90,33,0.70
2026-08-16T12:10,194,0.00,770,33.10,35,1.20
2026-08-16T12:20,240,0.00,784,33.00,32,2.20
2026-08-16T12:30,253,0.00,799,33.50,28,1.50
2026-08-16T12:40,231,0.00,806,32.90,31,1.50
2026-08-16T12:50,164,0.00,809,33.90,31,0.90
2026-08-16T13:00,203,0.00,813,34.10,32,1.30
2026-08-16T13:10,283,0.00,822,33.50,32,1.30
2026-08-16T13:20,240,0.00,828,34.10,30,1.00
2026-08-16T13:30,221,0.00,830,34.40,29,1.60
2026-08-16T13:40,243,0.00,827,34.90,29,1.00
2026-08-16T13:50,225,0.00,825,35.30,29,1.50
2026-08-16T14:00,229,0.00,819,35.10,29,1.30
2026-08-16T14:10,206,0.00,818,36.10,30,1.50
2026-08-16T14:20,222,0.00,814,35.50,29,1.80
2026-08-16T14:30,243,0.00,806,35.60,28,1.90
2026-08-16T14:40,195,0.00,794,35.60,31,1.00
2026-08-16T14:50,218,0.00,780,36.40,31,0.50
2026-08-16T15:00,200,0.00,774,35.80,31,1.60
2026-08-16T15:10,207,0.00,757,36.00,30,1.40
2026-08-16T15:20,198,0.00,742,36.50,28,1.30
2026-08-16T15:30,244,0.00,719,36.70,28,0.70
2026-08-16T15:40,167,0.00,711,35.60,29,2.00
2026-08-16T15:50,178,0.00,693,36.90,28,0.80
2026-08-16T16:00,208,0.00,676,37.00,27,1.70
2026-08-16T16:10,178,0.00,659,36.80,27,1.40
2026-08-16T16:20,144,0.00,600,36.90,26,1.10
2026-08-16T16:30,231,0.00,577,36.90,26,1.40
2026-08-16T16:40,187,0.00,579,36.50,28,1.40
2026-08-16T16:50,153,0.00,544,37.00,27,1.30
2026-08-16T17:00,108,0.00,433,36.20,28,1.20
2026-08-16T17:10,121,0.00,391,36.50,30,0.50
2026-08-16T17:20,146,0.00,461,36.30,29,1.40
2026-08-16T17:30,168,0.00,422,36.60,27,1.40
2026-08-16T17:40,181,0.00,381,36.10,28,0.70
2026-08-16T17:50,130,0.00,340,36.20,27,2.30
2026-08-16T18:00,170,0.00,312,34.80,33,3.00
2026-08-16T18:10,180,0.00,212,34.20,34,3.10
2026-08-16T18:20,172,0.00,184,33.90,35,2.70
2026-08-16T18:30,172,0.00,192,33.90,35,2.20
2026-08-16T18:40,170,0.00,209,33.70,36,2.40
2026-08-16T18:50,186,0.00,108,33.40,37,2.00
2026-08-16T19:00,204,0.00,78,33.00,38,2.00
2026-08-16T19:10,200,0.00,59,32.60,39,1.50
2026-08-16T19:20,193,0.00,49,32.30,40,1.30
2026-08-16T19:30,181,0.00,40,32.00,40,1.30
2026-08-16T19:40,180,0.00,32,31.70,40,1.50
2026-08-16T19:50,156,0.00,17,31.40,44,1.60
2026-08-16T20:00,132,0.00,0,30.90,46,1.60
2026-08-16T20:10,131,0.00,0,30.60,48,1.30
2026-08-16T20:20,117,0.00,0,30.70,46,1.00
2026-08-16T20:30,19,0.00,0,30.10,48,2.80
2026-08-16T20:40,7,0.00,0,29.80,44,4.60
2026-08-16T20:50,342,0.00,0,29.50,45,3.70
2026-08-16T21:00,301,2.00,0,24.80,68,5.60
2026-08-16T21:10,327,9.20,0,21.30,86,1.00
2026-08-16T21:20,52,0.40,0,21.60,86,6.60
2026-08-16T21:30,24,0.00,0,21.30,88,4.70
2026-08-16T21:40,24,0.00,0,21.40,84,5.40
2026-08-16T21:50,341,1.20,0,21.90,85,6.20
2026-08-16T22:00,346,2.00,0,21.90,82,8.00
2026-08-16T22:10,21,0.40,0,22.00,82,9.00
2026-08-16T22:20,15,0.00,0,21.40,85,7.20
2026-08-16T22:30,352,0.00,0,21.60,84,6.20
2026-08-16T22:40,346,0.00,0,21.60,86,4.70
2026-08-16T22:50,348,0.00,0,22.00,84,5.40
2026-08-16T23:00,337,0.00,0,22.20,80,5.30
2026-08-16T23:10,348,0.00,0,22.00,79,6.00
2026-08-16T23:20,346,0.00,0,21.70,80,6.60
2026-08-16T23:30,354,0.00,0,21.40,84,5.60
2026-08-16T23:40,354,0.20,0,21.30,85,5.00
2026-08-16T23:50,351,0.20,0,21.10,85,5.60
2026-08-17T00:00,1,0.40,0,20.90,86,6.50
2026-08-17T00:10,14,0.20,0,20.80,88,6.30
2026-08-17T00:20,33,0.20,0,21.20,83,7.10
2026-08-17T00:30,37,0.20,0,20.70,88,5.40
2026-08-17T00:40,43,0.40,0,20.60,88,4.50
2026-08-17T00:50,42,0.60,0,20.60,87,3.10
2026-08-17T01:00,81,0.00,0,20.70,89,2.30
2026-08-17T01:10,176,0.20,0,20.50,89,2.20
2026-08-17T01:20,272,0.00,0,20.90,90,0.80
2026-08-17T01:30,264,0.00,0,20.90,90,2.20
2026-08-17T01:40,231,0.00,0,20.90,91,2.20
2026-08-17T01:50,228,0.00,0,20.90,91,2.20
2026-08-17T02:00,204,0.00,0,20.70,92,1.50
2026-08-17T02:10,219,0.00,0,20.90,91,1.80
2026-08-17T02:20,243,0.20,0,21.00,92,1.90
2026-08-17T02:30,281,0.00,0,20.80,94,2.00
2026-08-17T02:40,290,0.00,0,20.80,94,2.20
2026-08-17T02:50,284,0.00,0,20.90,93,2.10
2026-08-17T03:00,288,0.00,0,20.90,94,2.50
2026-08-17T03:10,288,0.00,0,20.90,93,2.20
2026-08-17T03:20,294,0.00,0,20.80,92,2.20
2026-08-17T03:30,294,0.00,0,20.80,92,2.20
2026-08-17T03:40,279,0.00,0,20.80,92,1.50
2026-08-17T03:50,263,0.00,0,21.00,91,1.30
2026-08-17T04:00,294,0.00,0,20.80,92,0.70
2026-08-17T04:10,304,0.00,0,20.60,92,0.70
2026-08-17T04:20,293,0.00,0,20.60,93,1.40
2026-08-17T04:30,277,0.00,0,20.70,91,1.20
2026-08-17T04:40,273,0.00,0,20.70,91,1.20
2026-08-17T04:50,274,0.00,0,20.90,92,1.50
2026-08-17T05:00,282,0.00,0,20.70,93,1.40
2026-08-17T05:10,268,0.00,0,20.90,93,1.40
2026-08-17T05:20,236,0.00,0,21.00,93,1.90
2026-08-17T05:30,325,0.00,0,20.60,94,1.70
2026-08-17T05:40,283,0.00,0,20.60,94,1.20
2026-08-17T05:50,260,0.00,0,20.50,96,1.30
2026-08-17T06:00,291,0.00,0,20.40,98,0.70
2026-08-17T06:10,318,0.00,0,20.20,98,0.70
2026-08-17T06:20,283,0.00,0,20.20,99,1.50
2026-08-17T06:30,264,0.00,0,20.30,99,1.90
2026-08-17T06:40,251,0.00,0,20.30,99,1.40
2026-08-17T06:50,263,0.00,0,20.20,99,1.40
2026-08-17T07:00,282,0.00,0,20.10,99,1.20
2026-08-17T07:10,288,0.00,0,20.10,99,1.20
2026-08-17T07:20,258,0.00,26,20.20,99,1.20
2026-08-17T07:30,241,0.00,38,20.30,99,1.60
2026-08-17T07:40,223,0.00,50,20.20,99,1.30
2026-08-17T07:50,238,0.00,101,20.40,99,1.40
2026-08-17T08:00,239,0.00,154,20.70,98,1.20
2026-08-17T08:10,237,0.00,206,21.00,96,1.50
2026-08-17T08:20,240,0.00,309,21.50,93,1.70
2026-08-17T08:30,266,0.00,221,21.60,91,1.50
2026-08-17T08:40,271,0.00,214,21.90,90,1.60
2026-08-17T08:50,291,0.00,167,22.10,91,1.90
2026-08-17T09:00,304,0.00,227,22.50,90,2.10
2026-08-17T09:10,297,0.00,355,22.90,85,2.50
2026-08-17T09:20,289,0.00,464,23.50,81,2.30
2026-08-17T09:30,274,0.00,472,23.80,79,1.50
2026-08-17T09:40,284,0.00,498,23.70,75,1.40
2026-08-17T09:50,280,0.00,527,24.20,76,1.40
2026-08-17T10:00,295,0.00,552,24.80,71,1.30
2026-08-17T10:10,292,0.00,577,25.20,70,1.60
2026-08-17T10:20,280,0.00,601,25.30,71,1.70
2026-08-17T10:30,305,0.00,625,25.80,64,1.80
2026-08-17T10:40,277,0.00,649,26.50,62,1.60
2026-08-17T10:50,319,0.00,673,26.80,61,1.50
2026-08-17T11:00,340,0.00,689,27.10,61,1.70
2026-08-17T11:10,338,0.00,707,27.30,59,0.80
2026-08-17T11:20,309,0.00,722,27.00,62,0.80
2026-08-17T11:30,261,0.00,737,27.50,58,1.10
2026-08-17T11:40,261,0.00,758,27.60,57,0.70
2026-08-17T11:50,280,0.00,782,28.20,59,0.90
2026-08-17T12:00,33,0.00,788,28.00,58,0.90
2026-08-17T12:10,250,0.00,753,28.30,56,0.80
2026-08-17T12:20,321,0.00,802,28.70,54,1.10
2026-08-17T12:30,285,0.00,816,28.70,52,1.30
2026-08-17T12:40,350,0.00,817,29.30,52,2.00
2026-08-17T12:50,288,0.00,823,29.20,47,0.70
2026-08-17T13:00,276,0.00,843,29.40,49,1.10
2026-08-17T13:10,315,0.00,844,30.10,50,1.50
2026-08-17T13:20,308,0.00,851,30.90,44,1.50
2026-08-17T13:30,280,0.00,850,30.10,46,1.70
2026-08-17T13:40,216,0.00,843,30.70,48,0.50
2026-08-17T13:50,273,0.00,845,30.60,46,1.20
2026-08-17T14:00,315,0.00,836,30.60,42,1.40
2026-08-17T14:10,344,0.00,826,31.20,45,0.20
2026-08-17T14:20,323,0.00,824,31.20,48,1.90
2026-08-17T14:30,304,0.00,817,31.20,43,1.70
2026-08-17T14:40,329,0.00,808,32.30,44,2.40
2026-08-17T14:50,278,0.00,799,32.30,44,2.40
2026-08-17T15:00,318,0.00,755,32.40,39,3.40
2026-08-17T15:10,316,0.00,773,32.40,41,2.30
2026-08-17T15:20,324,0.00,765,32.90,41,2.90
2026-08-17T15:30,310,0.00,718,32.60,42,4.30
2026-08-17T15:40,309,0.00,519,32.00,40,4.60
2026-08-17T15:50,333,0.00,354,31.50,43,3.80
2026-08-17T16:00,312,0.00,510,31.70,41,3.10
2026-08-17T16:10,296,0.00,373,31.30,47,2.90
2026-08-17T16:20,283,0.00,646,32.00,44,3.30
2026-08-17T16:30,290,0.00,611,32.90,42,3.60
2026-08-17T16:40,269,0.00,321,31.20,47,2.50
2026-08-17T16:50,240,0.00,349,31.30,46,3.20
2026-08-17T17:00,244,0.00,410,31.40,50,2.50
2026-08-17T17:10,240,0.00,567,31.90,45,3.00
2026-08-17T17:20,238,0.00,281,31.10,47,4.00
2026-08-17T17:30,243,0.00,272,30.90,48,3.10
2026-08-17T17:40,237,0.00,319,31.20,46,3.60
2026-08-17T17:50,252,0.00,282,30.70,51,3.10
2026-08-17T18:00,261,0.00,379,31.40,48,3.30
2026-08-17T18:10,249,0.00,351,31.10,49,3.10
2026-08-17T18:20,236,0.00,320,31.20,47,3.60
2026-08-17T18:30,237,0.00,282,31.10,49,3.70
2026-08-17T18:40,243,0.00,212,30.90,50,3.20
2026-08-17T18:50,246,0.00,188,30.70,51,3.40
2026-08-17T19:00,252,0.00,155,30.20,52,3.00
2026-08-17T19:10,250,0.00,130,29.90,53,3.00
2026-08-17T19:20,245,0.00,117,29.70,53,2.70
2026-08-17T19:30,249,0.00,111,29.40,54,2.60
2026-08-17T19:40,253,0.00,80,29.00,57,2.60
2026-08-17T19:50,251,0.00,51,28.70,57,2.70
2026-08-17T20:00,245,0.00,37,28.40,57,2.30
2026-08-17T20:10,243,0.00,0,28.10,58,2.30
2026-08-17T20:20,257,0.00,0,27.80,59,3.10
2026-08-17T20:30,261,0.00,0,27.30,61,3.40
2026-08-17T20:40,260,0.00,0,27.20,60,3.10
2026-08-17T20:50,263,0.00,0,27.10,61,2.60
2026-08-17T21:00,268,0.00,0,26.80,61,2.80
2026-08-17T21:10,264,0.00,0,26.70,62,2.90
2026-08-17T21:20,265,0.00,0,26.40,63,2.90
2026-08-17T21:30,270,0.00,0,26.10,65,2.70
2026-08-17T21:40,284,0.00,0,25.70,68,2.60
2026-08-17T21:50,303,0.00,0,25.10,72,2.90
2026-08-17T22:00,301,0.00,0,25.00,72,3.10
2026-08-17T22:10,296,0.00,0,24.70,75,3.00
2026-08-17T22:20,308,0.00,0,24.40,76,2.80
2026-08-17T22:30,308,0.00,0,24.40,77,3.20
2026-08-17T22:40,299,0.00,0,24.10,78,3.40
2026-08-17T22:50,304,0.00,0,24.30,76,4.00
2026-08-17T23:00,303,0.00,0,24.60,75,4.50
2026-08-17T23:10,303,0.00,0,24.90,73,4.90
2026-08-17T23:20,317,0.00,0,24.70,73,4.10
2026-08-17T23:30,340,0.00,0,24.40,74,2.90
2026-08-17T23:40,327,0.00,0,24.20,77,2.70
2026-08-17T23:50,331,0.00,0,23.60,78,1.30
2026-08-18T00:00,306,0.00,0,23.40,80,1.90
2026-08-18T00:10,343,0.00,0,23.40,78,1.80
2026-08-18T00:20,112,0.00,0,23.20,80,0.90
2026-08-18T00:30,133,0.00,0,22.40,84,1.70
2026-08-18T00:40,229,0.00,0,23.20,80,0.80
2026-08-18T00:50,304,0.00,0,22.90,83,1.80
2026-08-18T01:00,333,0.00,0,22.80,83,2.00
2026-08-18T01:10,302,0.00,0,22.50,85,1.30
2026-08-18T01:20,213,0.00,0,22.00,86,0.60
2026-08-18T01:30,161,0.00,0,22.20,84,2.20
2026-08-18T01:40,166,0.00,0,21.80,87,1.20
2026-08-18T01:50,18,0.00,0,21.70,87,0.30
2026-08-18T02:00,65,0.00,0,20.90,90,1.70
2026-08-18T02:10,69,0.00,0,21.20,88,1.50
2026-08-18T02:20,110,0.00,0,20.80,88,1.30
2026-08-18T02:30,151,0.00,0,20.70,89,1.50
2026-08-18T02:40,102,0.00,0,20.60,90,1.50
2026-08-18T02:50,117,0.00,0,20.60,89,1.40
2026-08-18T03:00,129,0.00,0,20.30,91,1.30
2026-08-18T03:10,170,0.00,0,20.00,93,1.10
2026-08-18T03:20,163,0.00,0,20.20,91,1.50
2026-08-18T03:30,137,0.00,0,20.70,88,1.80
2026-08-18T03:40,109,0.00,0,20.60,87,2.00
2026-08-18T03:50,124,0.00,0,20.50,87,1.90
2026-08-18T04:00,100,0.00,0,20.50,87,1.60
2026-08-18T04:10,100,0.00,0,20.60,87,1.10
2026-08-18T04:20,93,0.00,0,20.60,86,1.70
2026-08-18T04:30,232,0.00,0,20.20,89,0.90
2026-08-18T04:40,184,0.00,0,19.70,90,0.50
2026-08-18T04:50,209,0.00,0,20.00,89,1.30
2026-08-18T05:00,164,0.00,0,20.00,88,1.20
2026-08-18T05:10,119,0.00,0,19.80,89,1.40
2026-08-18T05:20,108,0.00,0,19.80,89,1.20
2026-08-18T05:30,106,0.00,0,19.80,88,1.50
2026-08-18T05:40,122,0.00,0,19.60,89,1.40
2026-08-18T05:50,120,0.00,0,19.20,91,1.50
2026-08-18T06:00,138,0.00,0,19.00,92,1.00
2026-08-18T06:10,157,0.00,0,19.10,93,1.00
2026-08-18T06:20,131,0.00,0,19.50,90,1.80
2026-08-18T06:30,127,0.00,0,19.50,89,1.80
2026-08-18T06:40,102,0.00,0,19.60,88,2.00
2026-08-18T06:50,123,0.00,14,19.40,90,1.20
2026-08-18T07:00,131,0.00,45,19.50,89,1.70
2026-08-18T07:10,128,0.00,74,19.80,89,1.50
2026-08-18T07:20,183,0.00,93,20.30,87,0.80
2026-08-18T07:30,187,0.00,115,20.70,85,0.90
2026-08-18T07:40,119,0.00,149,21.70,81,0.60
2026-08-18T07:50,111,0.00,161,22.20,77,0.30
2026-08-18T08:00,26,0.00,187,22.70,78,0.60
2026-08-18T08:10,55,0.00,214,23.10,79,1.00
2026-08-18T08:20,105,0.00,246,23.20,74,1.20
2026-08-18T08:30,103,0.00,275,23.00,75,1.80
2026-08-18T08:40,116,0.00,315,23.40,73,1.00
2026-08-18T08:50,113,0.00,318,23.30,75,1.30
2026-08-18T09:00,102,0.00,356,23.60,73,1.80
2026-08-18T09:10,138,0.00,346,23.60,72,2.30
2026-08-18T09:20,109,0.00,416,24.30,69,2.00
2026-08-18T09:30,99,0.00,463,25.00,67,2.00
2026-08-18T09:40,110,0.00,500,25.30,67,2.00
2026-08-18T09:50,124,0.00,530,24.60,68,2.00
2026-08-18T10:00,117,0.00,558,25.10,66,1.80
2026-08-18T10:10,103,0.00,587,25.90,65,1.70
2026-08-18T10:20,95,0.00,567,26.10,63,1.70
2026-08-18T10:30,108,0.00,636,26.70,61,1.50
2026-08-18T10:40,121,0.00,654,27.10,60,1.40
2026-08-18T10:50,115,0.00,679,27.00,60,1.20
2026-08-18T11:00,97,0.00,697,26.80,61,1.00
2026-08-18T11:10,106,0.00,723,27.20,59,1.60
2026-08-18T11:20,88,0.00,727,27.40,59,0.70
2026-08-18T11:30,227,0.00,717,28.00,58,1.50
2026-08-18T11:40,202,0.00,666,28.30,54,0.70
2026-08-18T11:50,239,0.00,607,28.40,51,0.80
2026-08-18T12:00,216,0.00,489,28.40,52,0.40
2026-08-18T12:10,148,0.00,708,28.90,52,1.50
2026-08-18T12:20,110,0.00,811,29.00,54,0.90
2026-08-18T12:30,179,0.00,560,28.90,52,1.00
2026-08-18T12:40,188,0.00,567,29.40,51,1.10
2026-08-18T12:50,180,0.00,860,29.80,50,0.50
2026-08-18T13:00,241,0.00,894,30.30,48,1.20
2026-08-18T13:10,261,0.00,933,30.70,45,1.00
2026-08-18T13:20,189,0.00,731,31.20,42,1.60
2026-08-18T13:30,193,0.00,686,30.90,45,1.30
2026-08-18T13:40,114,0.00,748,31.10,47,0.80
2026-08-18T13:50,170,0.00,914,31.50,46,0.60
2026-08-18T14:00,164,0.00,652,31.50,45,0.60
2026-08-18T14:10,40,0.00,401,30.40,47,1.10
2026-08-18T14:20,72,0.00,873,32.10,44,1.20
2026-08-18T14:30,27,0.00,788,31.70,44,1.40
2026-08-18T14:40,27,0.00,786,32.60,43,1.40
2026-08-18T14:50,200,0.00,732,32.80,39,1.80
2026-08-18T15:00,228,0.00,773,32.90,40,1.00
2026-08-18T15:10,215,0.00,710,33.50,39,1.40
2026-08-18T15:20,291,0.00,756,33.50,32,1.90
2026-08-18T15:30,291,0.00,551,33.30,33,2.50
2026-08-18T15:40,303,0.00,643,33.30,34,2.40
2026-08-18T15:50,283,0.00,731,33.40,34,2.40
2026-08-18T16:00,324,0.00,536,33.30,34,2.20
2026-08-18T16:10,308,0.00,542,33.60,32,2.50
2026-08-18T16:20,316,0.00,488,33.40,32,2.50
2026-08-18T16:30,316,0.00,431,33.40,33,2.90
2026-08-18T16:40,299,0.00,441,33.50,29,2.40
2026-08-18T16:50,307,0.00,595,34.30,32,2.30
2026-08-18T17:00,296,0.00,292,33.20,32,1.90
2026-08-18T17:10,311,0.00,234,32.80,32,2.30
2026-08-18T17:20,296,0.00,220,32.50,34,1.50
2026-08-18T17:30,274,0.00,305,32.80,35,1.50
2026-08-18T17:40,274,0.00,233,32.60,36,1.60
2026-08-18T17:50,294,0.00,187,32.10,36,2.10
2026-08-18T18:00,299,0.00,275,32.50,36,1.90
2026-08-18T18:10,309,0.00,358,33.50,34,2.00
2026-08-18T18:20,309,0.00,164,32.20,36,2.10
2026-08-18T18:30,339,0.00,178,32.50,38,1.70
2026-08-18T18:40,324,0.00,104,31.70,39,1.80
2026-08-18T18:50,289,0.00,107,31.30,40,1.20
2026-08-18T19:00,265,0.00,160,31.60,41,1.50
2026-08-18T19:10,263,0.00,127,31.40,43,1.30
2026-08-18T19:20,249,0.00,93,30.70,47,1.10
2026-08-18T19:30,246,0.00,89,30.30,47,1.00
2026-08-18T19:40,248,0.00,54,29.80,51,0.90
2026-08-18T19:50,246,0.00,43,28.70,60,0.80
2026-08-18T20:00,234,0.00,34,28.20,58,0.80
2026-08-18T20:10,226,0.00,0,27.40,66,1.60
2026-08-18T20:20,222,0.00,0,27.20,62,1.70
2026-08-18T20:30,231,0.00,0,26.70,66,0.80
2026-08-18T20:40,193,0.00,0,25.30,72,0.90
2026-08-18T20:50,199,0.00,0,25.00,72,1.30
2026-08-18T21:00,183,0.00,0,25.20,76,0.70
2026-08-18T21:10,206,0.00,0,24.90,72,1.10
2026-08-18T21:20,257,0.00,0,25.30,74,1.00
2026-08-18T21:30,307,0.00,0,25.20,73,1.20
2026-08-18T21:40,275,0.00,0,24.10,79,0.70
2026-08-18T21:50,235,0.00,0,24.50,76,1.00
2026-08-18T22:00,315,0.00,0,24.40,82,0.90
2026-08-18T22:10,287,0.00,0,23.60,82,0.50
2026-08-18T22:20,233,0.00,0,23.70,82,1.30
2026-08-18T22:30,299,0.00,0,23.90,81,1.00
2026-08-18T22:40,350,0.00,0,23.30,79,0.20
2026-08-18T22:50,175,0.00,0,22.90,81,2.00
2026-08-18T23:00,180,0.00,0,23.30,78,1.80
2026-08-18T23:10,179,0.00,0,23.40,78,1.40
2026-08-18T23:20,193,0.00,0,23.30,76,1.00
2026-08-18T23:30,224,0.00,0,23.20,77,0.60
2026-08-18T23:40,,0.00,0,22.90,86,0.00
2026-08-18T23:50,75,0.00,0,22.30,89,0.40
2026-08-19T00:00,29,0.00,0,22.40,87,0.30
2026-08-19T00:10,301,0.00,0,22.70,82,0.50
2026-08-19T00:20,281,0.00,0,22.60,81,0.70
2026-08-19T00:30,299,0.00,0,22.60,83,1.20
2026-08-19T00:40,314,0.00,0,22.60,81,1.20
2026-08-19T00:50,312,0.00,0,22.00,86,0.70
2026-08-19T01:00,274,0.00,0,21.80,87,0.80
2026-08-19T01:10,274,0.00,0,21.90,87,0.90
2026-08-19T01:20,181,0.00,0,21.80,88,0.60
2026-08-19T01:30,278,0.00,0,21.60,89,0.40
2026-08-19T01:40,167,0.00,0,21.50,87,0.50
2026-08-19T01:50,98,0.00,0,21.60,86,1.20
2026-08-19T02:00,88,0.00,0,21.60,87,1.10
2026-08-19T02:10,87,0.00,0,21.50,90,1.20
2026-08-19T02:20,69,0.00,0,21.20,89,1.50
2026-08-19T02:30,64,0.00,0,21.10,86,1.80
2026-08-19T02:40,82,0.00,0,21.80,83,1.50
2026-08-19T02:50,120,0.00,0,21.70,83,1.30
2026-08-19T03:00,107,0.00,0,22.00,80,1.10
2026-08-19T03:10,99,0.00,0,22.10,79,1.70
2026-08-19T03:20,119,0.00,0,21.70,82,1.50
2026-08-19T03:30,125,0.00,0,21.60,82,2.20
2026-08-19T03:40,116,0.00,0,21.80,80,1.80
2026-08-19T03:50,119,0.00,0,22.10,79,1.50
2026-08-19T04:00,128,0.00,0,21.90,79,0.90
2026-08-19T04:10,119,0.00,0,22.30,79,0.80
2026-08-19T04:20,91,0.00,0,22.40,78,1.00
2026-08-19T04:30,74,0.00,0,21.70,84,1.90
2026-08-19T04:40,78,0.00,0,22.10,77,2.70
2026-08-19T04:50,96,0.00,0,22.30,77,2.10
2026-08-19T05:00,111,0.00,0,22.00,80,2.10
2026-08-19T05:10,113,0.00,0,21.80,84,2.00
2026-08-19T05:20,115,0.00,0,21.70,86,2.20
2026-08-19T05:30,122,0.00,0,21.70,88,1.60
2026-08-19T05:40,116,0.00,0,21.60,89,1.50
2026-08-19T05:50,104,0.00,0,21.60,89,1.40
2026-08-19T06:00,96,0.00,0,21.50,90,1.60
2026-08-19T06:10,94,0.00,0,21.60,90,1.80
2026-08-19T06:20,105,0.00,0,21.60,89,2.00
2026-08-19T06:30,111,0.00,0,21.40,91,2.00
2026-08-19T06:40,117,0.00,0,21.30,92,1.80
2026-08-19T06:50,110,0.00,4,21.30,92,1.50
2026-08-19T07:00,95,0.00,32,21.60,92,1.30
2026-08-19T07:10,77,0.00,38,21.70,92,1.70
2026-08-19T07:20,79,0.00,38,21.70,93,1.30
2026-08-19T07:30,95,0.00,72,22.30,89,1.20
2026-08-19T07:40,95,0.00,55,22.30,90,1.60
2026-08-19T07:50,105,0.00,104,22.60,89,1.80
2026-08-19T08:00,101,0.00,187,23.40,86,1.80
2026-08-19T08:10,108,0.00,220,23.90,85,1.50
2026-08-19T08:20,118,0.00,266,24.40,82,2.20
2026-08-19T08:30,117,0.00,292,24.90,81,2.20
2026-08-19T08:40,119,0.00,289,25.00,80,2.60
2026-08-19T08:50,121,0.00,314,25.20,79,2.30
2026-08-19T09:00,124,0.00,368,25.60,77,2.30
2026-08-19T09:10,116,0.00,399,25.90,76,2.50
2026-08-19T09:20,117,0.00,432,26.30,74,3.20
2026-08-19T09:30,126,0.00,462,26.10,75,3.40
2026-08-19T09:40,119,0.00,489,26.60,73,3.30
2026-08-19T09:50,122,0.00,509,27.00,72,2.10
2026-08-19T10:00,116,0.00,537,27.30,70,2.80
2026-08-19T10:10,108,0.00,565,27.90,68,3.50
2026-08-19T10:20,110,0.00,593,27.60,69,3.20
2026-08-19T10:30,107,0.00,617,28.10,67,3.20
2026-08-19T10:40,107,0.00,642,28.70,64,2.40
2026-08-19T10:50,102,0.00,655,28.80,64,2.10
2026-08-19T11:00,99,0.00,471,28.10,67,2.30
2026-08-19T11:10,126,0.00,646,28.30,66,2.20
2026-08-19T11:20,116,0.00,748,29.00,64,2.10
2026-08-19T11:30,112,0.00,639,29.10,63,2.20
2026-08-19T11:40,100,0.00,636,29.30,61,2.10
2026-08-19T11:50,107,0.00,673,29.70,61,1.70
2026-08-19T12:00,80,0.00,786,30.30,60,1.70
2026-08-19T12:10,112,0.00,760,29.80,60,1.90
2026-08-19T12:20,96,0.00,786,30.90,57,1.40
2026-08-19T12:30,125,0.00,819,30.70,55,1.60
2026-08-19T12:40,103,0.00,809,31.00,53,2.30
2026-08-19T12:50,89,0.00,827,31.50,53,2.00
2026-08-19T13:00,45,0.00,825,31.40,51,2.00
2026-08-19T13:10,31,0.00,831,32.40,46,2.30
2026-08-19T13:20,15,0.00,830,32.40,45,0.30
2026-08-19T13:30,26,0.00,839,32.90,47,1.70
2026-08-19T13:40,65,0.00,827,31.80,47,1.20
2026-08-19T13:50,49,0.00,823,32.10,47,0.80
2026-08-19T14:00,55,0.00,813,32.40,46,1.10
2026-08-19T14:10,77,0.00,802,32.90,44,1.60
2026-08-19T14:20,102,0.00,799,32.60,44,1.30
2026-08-19T14:30,100,0.00,795,32.50,45,0.70
2026-08-19T14:40,340,0.00,788,33.50,43,1.10
2026-08-19T14:50,25,0.00,779,33.20,44,1.00
2026-08-19T15:00,15,0.00,770,33.50,43,1.50
2026-08-19T15:10,8,0.00,750,33.90,43,1.60
2026-08-19T15:20,350,0.00,732,33.90,43,0.80
2026-08-19T15:30,38,0.00,721,34.00,43,1.00
2026-08-19T15:40,146,0.00,705,33.50,41,0.70
2026-08-19T15:50,164,0.00,681,34.60,40,0.80
2026-08-19T16:00,55,0.00,661,34.30,42,2.30
2026-08-19T16:10,47,0.00,638,34.30,42,1.30
2026-08-19T16:20,53,0.00,612,33.50,45,1.60
2026-08-19T16:30,20,0.00,590,34.00,42,1.00
2026-08-19T16:40,79,0.00,556,33.80,41,1.00
2026-08-19T16:50,44,0.00,535,33.60,42,1.60
2026-08-19T17:00,32,0.00,512,33.40,43,1.60
2026-08-19T17:10,101,0.00,478,33.70,43,1.30
2026-08-19T17:20,36,0.00,446,34.10,40,1.00
2026-08-19T17:30,16,0.00,422,34.00,44,1.60
2026-08-19T17:40,11,0.00,394,33.60,43,1.30
2026-08-19T17:50,72,0.00,352,33.60,44,1.20
2026-08-19T18:00,17,0.00,337,33.90,42,1.30
2026-08-19T18:10,14,0.00,296,33.30,44,1.50
2026-08-19T18:20,27,0.00,236,33.10,44,1.30
2026-08-19T18:30,71,0.00,233,33.10,44,1.60
2026-08-19T18:40,69,0.00,191,32.60,46,2.00
2026-08-19T18:50,68,0.00,127,32.30,47,1.80
2026-08-19T19:00,67,0.00,132,32.40,47,1.60
2026-08-19T19:10,53,0.00,103,32.00,49,1.70
2026-08-19T19:20,49,0.00,78,31.70,52,1.50
2026-08-19T19:30,50,0.00,69,31.10,54,1.50
2026-08-19T19:40,61,0.00,35,30.60,54,1.60
2026-08-19T19:50,53,0.00,0,30.00,57,1.50
2026-08-19T20:00,43,0.00,0,29.70,61,1.50
2026-08-19T20:10,33,0.00,0,29.00,67,1.20
2026-08-19T20:20,42,0.00,0,28.90,65,1.10
2026-08-19T20:30,27,0.00,0,28.60,66,1.20
2026-08-19T20:40,46,0.00,0,27.80,71,0.60
2026-08-19T20:50,168,0.00,0,27.50,67,1.20
2026-08-19T21:00,191,0.00,0,28.10,65,1.60
2026-08-19T21:10,185,0.00,0,27.80,64,1.00
2026-08-19T21:20,198,0.00,0,27.60,66,0.40
2026-08-19T21:30,183,0.00,0,27.70,61,1.10
2026-08-19T21:40,159,0.00,0,27.30,66,0.60
2026-08-19T21:50,145,0.00,0,26.90,67,0.70
2026-08-19T22:00,209,0.00,0,26.80,68,0.40
2026-08-19T22:10,315,0.00,0,26.50,72,2.00
2026-08-19T22:20,319,0.00,0,26.50,71,1.10
2026-08-19T22:30,295,0.00,0,26.70,69,0.20
2026-08-19T22:40,344,0.00,0,26.30,71,1.30
2026-08-19T22:50,331,0.00,0,26.10,70,2.20
2026-08-19T23:00,332,0.00,0,26.30,69,2.00
2026-08-19T23:10,330,0.00,0,26.10,69,1.60
2026-08-19T23:20,305,0.00,0,25.90,69,1.50
2026-08-19T23:30,322,0.00,0,25.70,70,1.30
2026-08-19T23:40,306,0.00,0,25.40,72,0.10
2026-08-19T23:50,74,0.00,0,25.50,72,0.40
2026-08-20T00:00,34,0.00,0,25.40,73,0.40
2026-08-20T00:10,62,0.00,0,25.00,78,0.30
2026-08-20T00:20,74,0.00,0,25.30,74,1.10
2026-08-20T00:30,76,0.00,0,24.40,79,2.10
2026-08-20T00:40,73,0.00,0,24.50,77,2.10
2026-08-20T00:50,67,0.00,0,24.70,76,2.10
2026-08-20T01:00,54,0.00,0,25.00,77,1.90
2026-08-20T01:10,50,0.00,0,25.00,78,2.10
2026-08-20T01:20,66,0.00,0,25.40,73,2.20
2026-08-20T01:30,69,0.00,0,25.70,73,1.40
2026-08-20T01:40,45,0.00,0,25.80,73,0.70
2026-08-20T01:50,33,0.00,0,25.60,76,1.70
2026-08-20T02:00,27,0.00,0,25.60,77,1.80
2026-08-20T02:10,10,0.00,0,25.80,73,1.50
2026-08-20T02:20,20,0.00,0,25.70,76,1.40
2026-08-20T02:30,21,0.00,0,25.50,76,1.00
2026-08-20T02:40,59,0.00,0,25.40,76,1.30
2026-08-20T02:50,65,0.00,0,25.10,76,1.80
2026-08-20T03:00,74,0.00,0,25.10,76,1.70
2026-08-20T03:10,86,0.00,0,25.60,74,1.70
2026-08-20T03:20,113,0.00,0,25.60,74,1.40
2026-08-20T03:30,86,0.00,0,25.60,73,1.40
2026-08-20T03:40,85,0.00,0,25.80,70,1.90
2026-08-20T03:50,67,0.00,0,25.60,71,1.50
2026-08-20T04:00,73,0.00,0,25.10,72,2.40
2026-08-20T04:10,72,0.00,0,24.90,72,1.90
2026-08-20T04:20,77,0.00,0,25.30,68,2.00
2026-08-20T04:30,88,0.00,0,25.00,71,1.30
2026-08-20T04:40,97,0.00,0,24.90,71,0.90
2026-08-20T04:50,93,0.00,0,25.00,70,1.10
2026-08-20T05:00,84,0.00,0,25.00,71,1.20
2026-08-20T05:10,43,0.00,0,24.40,78,1.20
2026-08-20T05:20,45,0.00,0,23.90,78,1.80
2026-08-20T05:30,64,0.00,0,23.90,75,1.90
2026-08-20T05:40,53,0.00,0,23.90,76,1.80
2026-08-20T05:50,58,0.00,0,24.10,74,2.40
2026-08-20T06:00,71,0.00,0,24.40,72,2.40
2026-08-20T06:10,74,0.00,0,24.60,69,2.50
2026-08-20T06:20,77,0.00,0,24.70,68,2.50
2026-08-20T06:30,72,0.00,0,24.70,67,1.70
2026-08-20T06:40,70,0.00,0,24.60,68,1.50
2026-08-20T06:50,111,0.00,0,24.40,70,2.10
2026-08-20T07:00,114,0.00,0,24.40,69,2.40
2026-08-20T07:10,100,0.00,0,24.40,69,1.90
2026-08-20T07:20,79,0.00,0,24.40,69,1.50
2026-08-20T07:30,92,0.00,0,24.30,70,1.90
2026-08-20T07:40,86,0.00,24,24.40,69,2.10
2026-08-20T07:50,87,0.00,48,24.50,69,2.40
2026-08-20T08:00,72,0.00,94,24.90,67,2.60
2026-08-20T08:10,65,0.00,94,24.70,67,2.60
2026-08-20T08:20,63,0.00,144,25.00,66,2.70
2026-08-20T08:30,78,0.00,136,25.00,64,2.20
2026-08-20T08:40,101,0.00,131,25.00,66,2.60
2026-08-20T08:50,88,0.00,135,25.20,66,1.90
2026-08-20T09:00,93,0.00,148,25.30,66,2.10
2026-08-20T09:10,106,0.00,136,25.40,66,1.70
2026-08-20T09:20,112,0.00,182,25.70,66,1.90
2026-08-20T09:30,104,0.00,289,26.30,64,1.50
2026-08-20T09:40,107,0.00,352,26.80,63,1.90
2026-08-20T09:50,111,0.00,400,27.00,61,1.60
2026-08-20T10:00,121,0.00,407,27.50,60,1.90
2026-08-20T10:10,134,0.00,486,28.10,59,2.90
2026-08-20T10:20,121,0.00,562,28.60,56,2.90
2026-08-20T10:30,128,0.00,558,28.70,55,3.10
2026-08-20T10:40,112,0.00,577,29.10,54,2.60
2026-08-20T10:50,105,0.00,649,29.10,55,2.30
2026-08-20T11:00,88,0.00,636,28.90,55,2.40
2026-08-20T11:10,109,0.00,543,29.60,54,1.90
2026-08-20T11:20,71,0.00,580,29.40,54,1.30
2026-08-20T11:30,123,0.00,552,29.50,54,1.60
2026-08-20T11:40,95,0.00,485,29.60,54,1.80
2026-08-20T11:50,106,0.00,536,29.90,54,1.90
2026-08-20T12:00,116,0.00,596,30.00,56,2.10
2026-08-20T12:10,105,0.00,628,29.90,54,2.20
2026-08-20T12:20,120,0.00,332,30.10,54,2.20
2026-08-20T12:30,116,0.00,304,30.00,55,2.00
2026-08-20T12:40,136,0.00,321,30.30,52,1.50
2026-08-20T12:50,97,0.00,382,30.20,54,2.00
2026-08-20T13:00,139,0.00,638,30.60,52,3.20
2026-08-20T13:10,137,0.00,487,30.30,54,3.50
2026-08-20T13:20,131,0.00,523,30.50,55,3.10
2026-08-20T13:30,123,0.00,674,30.90,53,4.10
2026-08-20T13:40,118,0.00,679,30.80,53,3.50
2026-08-20T13:50,118,0.00,786,31.10,52,3.30
2026-08-20T14:00,108,0.00,667,31.00,51,3.50
2026-08-20T14:10,123,0.00,800,31.60,48,3.10
2026-08-20T14:20,138,0.00,708,31.90,46,3.30
2026-08-20T14:30,140,0.00,742,32.00,47,3.70
2026-08-20T14:40,154,0.00,836,31.90,45,4.20
2026-08-20T14:50,160,0.00,721,31.90,47,3.10
2026-08-20T15:00,136,0.00,756,32.20,46,3.40
2026-08-20T15:10,158,0.00,610,31.90,46,3.60
2026-08-20T15:20,156,0.00,536,31.50,47,3.80
2026-08-20T15:30,153,0.00,312,30.60,48,3.90
2026-08-20T15:40,144,0.00,261,30.50,48,3.70
2026-08-20T15:50,143,0.00,240,30.20,49,3.40
2026-08-20T16:00,142,0.00,222,30.30,50,2.60
2026-08-20T16:10,136,0.00,196,30.10,50,2.60
2026-08-20T16:20,125,0.00,142,29.80,53,3.10
2026-08-20T16:30,122,0.00,78,29.40,55,3.60
2026-08-20T16:40,115,0.00,72,29.00,56,3.20
2026-08-20T16:50,108,0.00,52,28.60,57,3.10
2026-08-20T17:00,99,0.00,37,28.60,58,2.40
2026-08-20T17:10,90,0.00,7,28.50,58,2.50
2026-08-20T17:20,99,0.00,0,28.40,57,2.60
2026-08-20T17:30,110,0.00,0,28.20,56,3.10
2026-08-20T17:40,122,0.00,0,27.60,59,3.70
2026-08-20T17:50,125,0.00,0,26.50,64,3.70
2026-08-20T18:00,131,0.00,26,26.20,64,3.30
2026-08-20T18:10,121,0.00,59,26.10,67,2.70
2026-08-20T18:20,141,0.00,65,26.00,69,3.10
2026-08-20T18:30,129,0.00,37,26.00,70,2.70
2026-08-20T18:40,130,0.00,11,26.10,68,1.70
2026-08-20T18:50,118,0.00,19,25.90,71,2.40
2026-08-20T19:00,123,0.00,39,25.90,68,2.60
2026-08-20T19:10,303,0.00,44,25.90,71,1.30
2026-08-20T19:20,337,0.00,34,25.70,74,4.50
2026-08-20T19:30,358,0.00,7,24.70,78,5.90
2026-08-20T19:40,4,0.00,0,24.30,82,5.70
2026-08-20T19:50,15,0.00,0,24.10,83,5.40
2026-08-20T20:00,21,0.00,0,24.00,82,4.10
2026-08-20T20:10,39,0.00,0,24.00,81,3.60
2026-08-20T20:20,33,0.00,0,24.10,81,3.50
2026-08-20T20:30,32,0.00,0,23.80,83,3.00
2026-08-20T20:40,351,0.00,0,23.50,85,3.50
2026-08-20T20:50,359,0.00,0,23.20,86,3.20
2026-08-20T21:00,15,0.00,0,23.10,86,3.30
2026-08-20T21:10,27,0.00,0,22.80,84,4.40
2026-08-20T21:20,42,0.00,0,22.50,84,3.90
2026-08-20T21:30,40,0.00,0,22.30,84,3.00
2026-08-20T21:40,1,0.00,0,22.30,82,1.70
2026-08-20T21:50,11,0.20,0,22.00,82,2.40
2026-08-20T22:00,333,0.00,0,22.00,86,3.60
2026-08-20T22:10,349,0.00,0,21.80,86,3.60
2026-08-20T22:20,353,0.00,0,21.70,84,3.60
2026-08-20T22:30,355,0.00,0,21.70,83,3.50
2026-08-20T22:40,14,0.00,0,21.70,82,3.50
2026-08-20T22:50,29,0.00,0,21.60,83,3.20
2026-08-20T23:00,27,0.00,0,21.50,84,2.90
2026-08-20T23:10,33,0.00,0,21.30,85,2.80
2026-08-20T23:20,45,0.00,0,21.10,86,2.10
2026-08-20T23:30,43,0.00,0,20.90,86,2.10
2026-08-20T23:40,64,0.00,0,20.90,85,1.50
2026-08-20T23:50,94,0.00,0,21.00,83,1.20
2026-08-21T00:00,167,0.00,0,20.30,88,0.90
2026-08-21T00:10,174,0.00,0,20.50,89,0.30
2026-08-21T00:20,240,0.00,0,20.90,87,1.60
2026-08-21T00:30,246,0.00,0,20.80,88,1.60
2026-08-21T00:40,324,0.00,0,20.40,89,1.60
2026-08-21T00:50,335,0.00,0,20.20,89,2.40
2026-08-21T01:00,336,0.00,0,20.20,87,2.60
2026-08-21T01:10,335,0.00,0,20.10,87,1.70
2026-08-21T01:20,340,0.00,0,20.10,87,1.10
2026-08-21T01:30,353,0.00,0,20.00,88,1.60
2026-08-21T01:40,43,0.00,0,19.50,91,1.30
2026-08-21T01:50,15,0.00,0,19.50,90,1.00
2026-08-21T02:00,15,0.00,0,19.50,91,1.30
2026-08-21T02:10,40,0.00,0,19.20,92,1.90
2026-08-21T02:20,4,0.00,0,19.50,90,1.80
2026-08-21T02:30,347,0.00,0,19.70,88,2.30
2026-08-21T02:40,359,0.00,0,19.40,89,1.70
2026-08-21T02:50,351,0.00,0,19.50,89,1.90
2026-08-21T03:00,2,0.00,0,19.40,89,2.30
2026-08-21T03:10,16,0.00,0,19.10,90,2.20
2026-08-21T03:20,20,0.00,0,19.00,91,1.30
2026-08-21T03:30,276,0.00,0,19.00,91,0.10
2026-08-21T03:40,211,0.00,0,18.90,92,0.30
2026-08-21T03:50,269,0.00,0,18.90,93,0.50
2026-08-21T04:00,246,0.00,0,18.80,92,0.70
2026-08-21T04:10,214,0.00,0,18.80,94,0.40
2026-08-21T04:20,70,0.00,0,18.80,94,0.80
2026-08-21T04:30,19,0.00,0,18.80,93,0.80
2026-08-21T04:40,358,0.00,0,18.30,93,0.60
2026-08-21T04:50,190,0.00,0,18.20,96,1.10
2026-08-21T05:00,193,0.00,0,18.20,97,1.10
2026-08-21T05:10,253,0.00,0,18.40,97,0.50
2026-08-21T05:20,321,0.00,0,18.50,97,0.90
2026-08-21T05:30,257,0.00,0,18.50,96,0.40
2026-08-21T05:40,256,0.00,0,18.80,96,1.00
2026-08-21T05:50,252,0.00,0,19.00,95,1.10
2026-08-21T06:00,214,0.00,0,19.10,96,0.80
2026-08-21T06:10,221,0.00,0,19.10,96,0.80
2026-08-21T06:20,12,0.00,0,19.20,95,0.40
2026-08-21T06:30,48,0.00,0,19.00,97,1.60
2026-08-21T06:40,50,0.00,0,18.80,97,2.20
2026-08-21T06:50,71,0.00,0,18.80,97,1.20
2026-08-21T07:00,82,0.00,0,19.00,97,1.20
2026-08-21T07:10,67,0.00,0,18.90,95,2.00
2026-08-21T07:20,65,0.00,0,19.00,94,1.50
2026-08-21T07:30,155,0.00,0,19.20,94,1.50
2026-08-21T07:40,137,0.00,0,19.30,93,1.50
2026-08-21T07:50,122,0.00,0,19.40,94,1.50
2026-08-21T08:00,141,0.00,0,19.40,94,1.60
2026-08-21T08:10,155,0.20,0,19.20,95,1.90
2026-08-21T08:20,176,0.00,0,19.30,96,1.90
2026-08-21T08:30,186,0.60,0,19.30,96,2.20
2026-08-21T08:40,198,0.80,0,19.30,97,2.30
2026-08-21T08:50,180,1.60,0,19.40,98,2.20
2026-08-21T09:00,150,1.40,0,19.40,99,1.70
2026-08-21T09:10,129,1.00,0,19.40,99,1.80
2026-08-21T09:20,116,0.80,0,19.50,99,2.60
2026-08-21T09:30,114,1.80,0,19.40,99,3.10
2026-08-21T09:40,115,1.00,0,19.30,99,3.20
2026-08-21T09:50,103,1.00,0,19.30,99,3.00
2026-08-21T10:00,99,1.00,4,19.20,99,3.30
2026-08-21T10:10,109,0.40,40,19.20,99,4.10
2026-08-21T10:20,112,0.80,33,19.30,99,4.00
2026-08-21T10:30,119,0.80,33,19.30,99,4.30
2026-08-21T10:40,110,0.60,41,19.30,99,4.00
2026-08-21T10:50,92,1.00,50,19.30,99,3.80
2026-08-21T11:00,79,1.80,16,19.30,99,2.10
2026-08-21T11:10,110,2.00,32,19.40,99,2.60
2026-08-21T11:20,111,1.80,21,19.30,99,3.30
2026-08-21T11:30,106,0.80,12,19.30,99,3.90
2026-08-21T11:40,101,0.80,5,19.40,99,4.60
2026-08-21T11:50,96,0.60,0,19.20,99,4.20
2026-08-21T12:00,98,0.20,0,18.90,99,4.50
2026-08-21T12:10,102,0.20,45,19.00,99,4.50
2026-08-21T12:20,112,0.20,164,19.10,99,4.60
2026-08-21T12:30,110,0.00,90,19.10,99,5.30
2026-08-21T12:40,108,0.00,67,19.10,99,4.60
2026-08-21T12:50,112,0.40,70,19.20,99,4.90
2026-08-21T13:00,118,0.20,61,19.30,99,4.70
2026-08-21T13:10,119,0.00,74,19.40,99,5.10
2026-08-21T13:20,117,0.00,83,19.40,99,4.70
2026-08-21T13:30,114,0.00,106,19.40,99,3.30
2026-08-21T13:40,119,1.80,133,19.50,99,3.30
2026-08-21T13:50,117,1.20,195,19.70,99,3.30
2026-08-21T14:00,115,0.20,345,20.30,99,3.20
2026-08-21T14:10,121,0.00,450,20.50,99,2.70
2026-08-21T14:20,123,0.00,437,21.20,99,3.10
2026-08-21T14:30,127,0.00,362,21.20,98,3.10
2026-08-21T14:40,131,0.00,418,21.40,97,2.70
2026-08-21T14:50,135,0.00,262,21.50,95,2.90
2026-08-21T15:00,138,0.00,402,21.80,91,1.90
2026-08-21T15:10,121,0.00,206,22.20,91,2.10
2026-08-21T15:20,109,0.00,114,22.10,90,1.50
2026-08-21T15:30,157,0.00,68,22.10,88,1.50
2026-08-21T15:40,270,0.00,111,22.20,88,1.80
2026-08-21T15:50,255,0.20,168,22.60,84,1.70
2026-08-21T16:00,244,0.00,161,22.50,84,2.40
2026-08-21T16:10,240,0.00,269,22.80,83,2.60
2026-08-21T16:20,233,0.00,316,23.10,83,3.10
2026-08-21T16:30,244,0.00,338,23.20,83,3.70
2026-08-21T16:40,255,0.00,481,24.00,78,3.40
2026-08-21T16:50,267,0.00,465,23.70,76,4.20
2026-08-21T17:00,274,0.00,547,24.00,77,3.90
2026-08-21T17:10,290,0.00,511,24.20,74,4.10
2026-08-21T17:20,276,0.00,483,24.30,72,3.60
2026-08-21T17:30,284,0.00,455,24.30,70,3.80
2026-08-21T17:40,295,0.00,425,24.40,71,3.60
2026-08-21T17:50,294,0.00,396,24.30,70,3.50
2026-08-21T18:00,295,0.00,366,24.50,71,3.60
2026-08-21T18:10,290,0.00,338,24.70,68,3.70
2026-08-21T18:20,284,0.00,307,25.00,68,2.80
2026-08-21T18:30,296,0.00,277,25.10,70,2.90
2026-08-21T18:40,300,0.00,246,25.20,66,3.00
2026-08-21T18:50,306,0.00,214,25.20,65,3.20
2026-08-21T19:00,304,0.00,183,25.30,66,2.80
2026-08-21T19:10,326,0.00,153,24.80,65,3.90
2026-08-21T19:20,336,0.00,123,24.60,67,2.90
2026-08-21T19:30,323,0.00,94,24.20,70,1.70
2026-08-21T19:40,321,0.00,68,23.60,72,1.50
2026-08-21T19:50,349,0.00,45,23.20,75,1.00
2026-08-21T20:00,12,0.00,18,22.60,78,1.80
2026-08-21T20:10,18,0.00,0,22.00,81,2.30
2026-08-21T20:20,40,0.00,0,21.40,86,2.20
2026-08-21T20:30,34,0.00,0,21.20,87,2.20
2026-08-21T20:40,29,0.00,0,21.00,89,1.30
2026-08-21T20:50,21,0.00,0,20.80,91,1.10
2026-08-21T21:00,14,0.00,0,20.70,92,1.20
2026-08-21T21:10,14,0.00,0,20.50,93,1.10
2026-08-21T21:20,26,0.00,0,20.40,93,1.20
2026-08-21T21:30,47,0.00,0,20.10,93,1.50
2026-08-21T21:40,66,0.00,0,20.20,93,1.00
2026-08-21T21:50,81,0.00,0,20.20,93,0.80
2026-08-21T22:00,91,0.00,0,19.90,93,0.90
2026-08-21T22:10,103,0.00,0,19.60,94,0.90
2026-08-21T22:20,90,0.00,0,20.00,96,0.20
2026-08-21T22:30,349,0.00,0,19.70,96,0.60
2026-08-21T22:40,321,0.00,0,19.70,96,0.70
2026-08-21T22:50,1,0.00,0,19.50,97,0.90
2026-08-21T23:00,21,0.00,0,19.40,97,1.30
2026-08-21T23:10,40,0.00,0,19.10,97,1.50
2026-08-21T23:20,35,0.00,0,19.10,98,1.70
2026-08-21T23:30,39,0.00,0,18.80,98,1.50
2026-08-21T23:40,42,0.00,0,18.90,98,1.30
2026-08-21T23:50,38,0.00,0,18.80,98,1.30
2026-08-22T00:00,47,0.00,0,18.90,98,0.80
2026-08-22T00:10,23,0.00,0,18.70,98,0.80
2026-08-22T00:20,32,0.00,0,18.70,98,1.00
2026-08-22T00:30,41,0.00,0,18.50,98,1.30
2026-08-22T00:40,52,0.00,0,18.50,98,1.80
2026-08-22T00:50,39,0.00,0,18.50,98,2.10
2026-08-22T01:00,41,0.00,0,18.40,98,1.60
2026-08-22T01:10,91,0.00,0,18.40,98,0.90
2026-08-22T01:20,28,0.00,0,18.50,98,1.10
2026-08-22T01:30,21,0.00,0,18.40,98,1.20
2026-08-22T01:40,21,0.00,0,18.40,98,0.80
2026-08-22T01:50,106,0.00,0,18.30,98,0.80
2026-08-22T02:00,41,0.00,0,18.20,98,1.30
2026-08-22T02:10,12,0.00,0,18.20,99,1.20
2026-08-22T02:20,347,0.00,0,18.20,99,1.30
2026-08-22T02:30,353,0.00,0,18.20,99,1.10
2026-08-22T02:40,360,0.00,0,18.00,99,1.40
2026-08-22T02:50,354,0.00,0,18.00,99,1.80
2026-08-22T03:00,354,0.00,0,17.90,99,2.20
2026-08-22T03:10,360,0.00,0,17.90,99,2.00
2026-08-22T03:20,356,0.00,0,17.80,99,1.60
2026-08-22T03:30,356,0.00,0,17.70,99,1.80
2026-08-22T03:40,350,0.00,0,17.70,99,1.80
2026-08-22T03:50,354,0.00,0,17.60,98,1.70
2026-08-22T04:00,358,0.00,0,17.60,98,1.20
2026-08-22T04:10,4,0.00,0,17.50,98,1.00
2026-08-22T04:20,8,0.00,0,17.40,99,1.10
2026-08-22T04:30,353,0.00,0,17.50,98,1.90
2026-08-22T04:40,360,0.00,0,17.30,98,1.60
2026-08-22T04:50,5,0.00,0,17.20,98,1.80
2026-08-22T05:00,359,0.00,0,17.20,98,1.70
2026-08-22T05:10,7,0.00,0,17.00,98,1.00
2026-08-22T05:20,344,0.00,0,17.00,98,0.70
2026-08-22T05:30,280,0.00,0,16.90,98,0.50
2026-08-22T05:40,266,0.00,0,16.70,98,0.30
2026-08-22T05:50,245,0.00,0,16.80,99,0.80
2026-08-22T06:00,259,0.00,0,16.90,99,0.70
2026-08-22T06:10,292,0.00,0,16.90,99,1.20
2026-08-22T06:20,293,0.00,0,17.00,99,1.00
2026-08-22T06:30,290,0.00,0,17.00,99,1.10
2026-08-22T06:40,283,0.00,0,17.20,99,0.90
2026-08-22T06:50,260,0.00,0,17.20,99,0.90
2026-08-22T07:00,280,0.00,28,17.30,99,0.80
2026-08-22T07:10,306,0.00,55,17.40,99,1.20
2026-08-22T07:20,275,0.00,82,17.70,99,0.80
2026-08-22T07:30,264,0.00,88,18.10,99,0.90
2026-08-22T07:40,265,0.00,111,18.30,98,0.80
2026-08-22T07:50,295,0.00,152,18.70,97,1.00
2026-08-22T08:00,302,0.00,188,19.00,94,1.10
2026-08-22T08:10,328,0.00,216,19.40,90,1.10
2026-08-22T08:20,329,0.00,246,19.80,82,1.10
2026-08-22T08:30,317,0.00,279,20.10,81,0.50
2026-08-22T08:40,5,0.00,311,20.80,79,0.50
2026-08-22T08:50,12,0.00,348,20.90,78,1.00
2026-08-22T09:00,5,0.00,381,21.30,76,0.80
2026-08-22T09:10,7,0.00,411,21.40,77,1.10
2026-08-22T09:20,23,0.00,442,21.70,75,1.30
2026-08-22T09:30,31,0.00,475,22.30,75,1.60
2026-08-22T09:40,45,0.00,503,22.40,71,1.40
2026-08-22T09:50,79,0.00,534,22.80,70,1.10
2026-08-22T10:00,81,0.00,566,22.50,69,1.20
2026-08-22T10:10,59,0.00,599,23.90,67,0.70
2026-08-22T10:20,45,0.00,624,23.40,69,0.80
2026-08-22T10:30,5,0.00,599,24.00,69,1.20
2026-08-22T10:40,14,0.00,730,24.20,66,1.00
2026-08-22T10:50,199,0.00,637,24.30,66,1.10
2026-08-22T11:00,243,0.00,783,24.40,67,1.50
2026-08-22T11:10,241,0.00,789,24.60,67,1.40
2026-08-22T11:20,203,0.00,837,24.80,65,1.50
2026-08-22T11:30,178,0.00,803,25.20,67,1.10
2026-08-22T11:40,200,0.00,860,25.00,63,1.00
2026-08-22T11:50,215,0.00,818,24.80,62,1.50
2026-08-22T12:00,222,0.00,412,25.50,62,1.10
2026-08-22T12:10,235,0.00,764,24.70,62,1.00
2026-08-22T12:20,207,0.00,872,25.40,60,1.70
2026-08-22T12:30,229,0.00,812,26.00,61,1.20
2026-08-22T12:40,237,0.00,817,26.50,59,2.00
2026-08-22T12:50,206,0.00,862,26.10,63,1.50
2026-08-22T13:00,248,0.00,869,26.80,59,0.90
2026-08-22T13:10,229,0.00,864,27.00,58,1.80
2026-08-22T13:20,341,0.00,859,26.50,56,0.70
2026-08-22T13:30,347,0.00,851,26.80,55,1.10
2026-08-22T13:40,283,0.00,846,26.80,57,1.20
2026-08-22T13:50,275,0.00,846,27.50,53,1.40
2026-08-22T14:00,335,0.00,835,27.30,54,0.90
2026-08-22T14:10,172,0.00,840,27.30,54,0.60
2026-08-22T14:20,339,0.00,829,28.10,56,1.30
2026-08-22T14:30,228,0.00,764,28.10,49,0.40
2026-08-22T14:40,19,0.00,807,28.40,48,1.00
2026-08-22T14:50,349,0.00,782,28.50,52,1.60
2026-08-22T15:00,20,0.00,774,28.40,52,0.70
2026-08-22T15:10,135,0.00,745,28.60,49,0.70
2026-08-22T15:20,30,0.00,677,29.10,50,1.60
2026-08-22T15:30,332,0.00,734,29.40,47,1.10
2026-08-22T15:40,51,0.00,713,29.00,47,1.60
2026-08-22T15:50,29,0.00,685,28.60,50,1.20
2026-08-22T16:00,337,0.00,670,29.20,47,0.90
2026-08-22T16:10,313,0.00,657,29.90,44,1.30
2026-08-22T16:20,354,0.00,626,30.10,42,0.20
2026-08-22T16:30,13,0.00,592,29.90,46,1.00
2026-08-22T16:40,52,0.00,581,30.30,43,1.40
2026-08-22T16:50,19,0.00,560,30.20,46,1.80
2026-08-22T17:00,355,0.00,534,30.00,42,1.20
2026-08-22T17:10,77,0.00,496,30.10,42,1.20
2026-08-22T17:20,248,0.00,517,30.00,43,0.80
2026-08-22T17:30,255,0.00,471,30.40,41,0.60
2026-08-22T17:40,254,0.00,426,30.50,38,1.10
2026-08-22T17:50,218,0.00,390,30.30,38,1.20
2026-08-22T18:00,198,0.00,357,30.40,38,0.70
2026-08-22T18:10,222,0.00,327,30.00,39,0.90
2026-08-22T18:20,225,0.00,299,29.80,38,1.20
2026-08-22T18:30,238,0.00,270,29.50,38,1.20
2026-08-22T18:40,180,0.00,237,29.30,36,1.10
2026-08-22T18:50,199,0.00,204,29.40,34,1.00
2026-08-22T19:00,152,0.00,171,29.50,36,0.80
2026-08-22T19:10,121,0.00,140,29.40,37,0.70
2026-08-22T19:20,106,0.00,113,29.00,41,1.10
2026-08-22T19:30,97,0.00,87,28.00,46,1.10
2026-08-22T19:40,98,0.00,63,27.30,49,1.20
2026-08-22T19:50,81,0.00,42,27.00,53,1.50
2026-08-22T20:00,82,0.00,11,26.30,55,1.40
2026-08-22T20:10,91,0.00,0,25.70,58,1.30
2026-08-22T20:20,92,0.00,0,24.90,63,1.30
2026-08-22T20:30,112,0.00,0,23.70,65,0.90
2026-08-22T20:40,124,0.00,0,23.30,69,0.90
2026-08-22T20:50,116,0.00,0,22.80,69,1.10
2026-08-22T21:00,74,0.00,0,22.30,76,1.40
2026-08-22T21:10,93,0.00,0,22.60,80,1.20
2026-08-22T21:20,108,0.00,0,22.60,71,1.60
2026-08-22T21:30,113,0.00,0,22.10,75,1.40
2026-08-22T21:40,110,0.00,0,21.70,78,1.20
2026-08-22T21:50,80,0.00,0,21.50,84,0.70
2026-08-22T22:00,81,0.00,0,21.10,82,1.10
2026-08-22T22:10,123,0.00,0,21.00,81,1.30
2026-08-22T22:20,117,0.00,0,21.10,80,1.20
2026-08-22T22:30,86,0.00,0,20.80,84,0.60
2026-08-22T22:40,309,0.00,0,20.60,85,0.30
2026-08-22T22:50,41,0.00,0,20.60,87,0.30
2026-08-22T23:00,32,0.00,0,20.50,90,0.70
2026-08-22T23:10,23,0.00,0,20.10,90,0.70
2026-08-22T23:20,303,0.00,0,19.70,93,0.10
2026-08-22T23:30,341,0.00,0,20.20,87,0.90
2026-08-22T23:40,353,0.00,0,20.30,86,1.90
2026-08-22T23:50,347,0.00,0,20.00,83,1.30
2026-08-23T00:00,49,0.00,0,19.80,86,1.30
2026-08-23T00:10,55,0.00,0,19.40,86,1.30
2026-08-23T00:20,38,0.00,0,19.60,87,1.40
2026-08-23T00:30,41,0.00,0,19.40,87,1.60
2026-08-23T00:40,33,0.00,0,19.40,87,1.80
2026-08-23T00:50,39,0.00,0,19.30,87,1.60
2026-08-23T01:00,83,0.00,0,19.60,84,0.90
2026-08-23T01:10,81,0.00,0,19.40,86,1.30
2026-08-23T01:20,72,0.00,0,19.20,86,1.40
2026-08-23T01:30,69,0.00,0,19.20,87,1.40
2026-08-23T01:40,78,0.00,0,19.00,87,1.70
2026-08-23T01:50,94,0.00,0,19.20,85,1.70
2026-08-23T02:00,74,0.00,0,19.10,85,1.90
2026-08-23T02:10,84,0.00,0,19.20,85,1.60
2026-08-23T02:20,79,0.00,0,19.30,84,1.70
2026-08-23T02:30,68,0.00,0,19.30,83,1.80
2026-08-23T02:40,70,0.00,0,19.10,85,1.90
2026-08-23T02:50,72,0.00,0,19.20,85,1.90
2026-08-23T03:00,73,0.00,0,19.30,85,1.80
2026-08-23T03:10,84,0.00,0,19.90,81,1.60
2026-08-23T03:20,82,0.00,0,19.90,83,1.60
2026-08-23T03:30,85,0.00,0,19.90,84,1.70
2026-08-23T03:40,72,0.00,0,19.60,86,1.70
2026-08-23T03:50,75,0.00,0,19.70,87,1.40
2026-08-23T04:00,70,0.00,0,19.50,88,1.60
2026-08-23T04:10,76,0.00,0,19.30,89,1.50
2026-08-23T04:20,79,0.00,0,19.20,90,0.90
2026-08-23T04:30,197,0.00,0,19.00,92,0.40
2026-08-23T04:40,146,0.00,0,19.20,92,0.70
2026-08-23T04:50,54,0.00,0,19.70,91,0.60
2026-08-23T05:00,32,0.00,0,19.60,92,1.10
2026-08-23T05:10,47,0.00,0,19.50,91,0.50
2026-08-23T05:20,36,0.00,0,19.50,92,0.90
2026-08-23T05:30,55,0.00,0,19.40,92,1.20
2026-08-23T05:40,79,0.00,0,19.60,93,1.10
2026-08-23T05:50,137,0.00,0,19.70,93,0.90
2026-08-23T06:00,156,0.00,0,19.80,93,1.60
2026-08-23T06:10,138,0.00,0,20.30,86,2.20
2026-08-23T06:20,130,0.00,0,20.20,85,2.20
2026-08-23T06:30,133,0.00,0,20.20,84,2.20
2026-08-23T06:40,140,0.00,0,20.20,84,2.00
2026-08-23T06:50,135,0.00,0,20.10,84,1.80
2026-08-23T07:00,122,0.00,0,20.20,84,1.60
2026-08-23T07:10,129,0.00,12,20.50,83,1.50
2026-08-23T07:20,138,0.00,35,20.60,83,1.50
2026-08-23T07:30,138,0.00,54,20.80,83,1.20
2026-08-23T07:40,142,0.00,68,21.00,81,1.40
2026-08-23T07:50,136,0.00,106,21.30,79,1.30
2026-08-23T08:00,123,0.00,141,21.60,77,1.30
2026-08-23T08:10,135,0.00,161,22.00,75,1.40
2026-08-23T08:20,148,0.00,214,22.30,74,2.10
2026-08-23T08:30,145,0.00,256,22.60,68,2.70
2026-08-23T08:40,135,0.00,162,22.10,70,2.00
2026-08-23T08:50,130,0.00,164,22.40,70,1.90
2026-08-23T09:00,136,0.00,286,23.30,68,2.20
2026-08-23T09:10,141,0.00,388,23.20,64,3.50
2026-08-23T09:20,144,0.00,384,23.60,64,3.40
2026-08-23T09:30,130,0.00,303,23.60,62,3.20
2026-08-23T09:40,123,0.00,517,24.50,60,3.10
2026-08-23T09:50,118,0.00,547,24.50,57,4.20
2026-08-23T10:00,115,0.00,567,24.50,57,3.50
2026-08-23T10:10,125,0.00,573,25.30,56,3.50
2026-08-23T10:20,115,0.00,608,25.20,55,4.00
2026-08-23T10:30,134,0.00,644,25.40,53,4.30
2026-08-23T10:40,138,0.00,590,24.80,57,4.10
2026-08-23T10:50,137,0.00,710,25.50,55,3.40
2026-08-23T11:00,149,0.00,674,25.60,55,3.00
2026-08-23T11:10,137,0.00,703,26.40,53,2.70
2026-08-23T11:20,114,0.00,431,25.40,52,3.20
2026-08-23T11:30,105,0.00,728,26.30,52,3.20
2026-08-23T11:40,108,0.00,728,26.60,49,2.90
2026-08-23T11:50,113,0.00,798,26.80,51,3.40
2026-08-23T12:00,125,0.00,784,26.70,50,3.30
2026-08-23T12:10,116,0.00,800,26.80,49,3.80
2026-08-23T12:20,112,0.00,802,26.80,51,4.30
2026-08-23T12:30,129,0.00,816,27.20,49,3.60
2026-08-23T12:40,132,0.00,821,26.90,50,3.50
2026-08-23T12:50,111,0.00,829,27.60,50,3.60
2026-08-23T13:00,98,0.00,835,27.90,48,2.90
2026-08-23T13:10,97,0.00,840,28.10,48,3.20
2026-08-23T13:20,121,0.00,839,27.30,51,2.70
2026-08-23T13:30,100,0.00,841,27.40,49,2.90
2026-08-23T13:40,100,0.00,839,28.30,50,3.10
2026-08-23T13:50,101,0.00,835,27.70,49,3.30
2026-08-23T14:00,100,0.00,825,28.20,48,2.20
2026-08-23T14:10,107,0.00,819,28.30,47,1.90
2026-08-23T14:20,99,0.00,811,28.50,46,2.80
2026-08-23T14:30,108,0.00,805,28.10,49,2.00
2026-08-23T14:40,90,0.00,794,28.10,47,2.60
2026-08-23T14:50,87,0.00,781,28.90,47,1.60
2026-08-23T15:00,117,0.00,770,28.50,46,2.40
2026-08-23T15:10,56,0.00,754,29.20,45,1.20
2026-08-23T15:20,131,0.00,739,29.20,45,1.90
2026-08-23T15:30,164,0.00,719,28.90,46,1.70
2026-08-23T15:40,126,0.00,706,29.20,45,2.50
2026-08-23T15:50,147,0.00,684,29.20,45,1.70
2026-08-23T16:00,134,0.00,662,29.90,45,1.30
2026-08-23T16:10,131,0.00,643,29.50,45,1.90
2026-08-23T16:20,101,0.00,618,29.40,46,1.70
2026-08-23T16:30,126,0.00,589,29.10,46,0.80
2026-08-23T16:40,60,0.00,560,29.90,45,1.10
2026-08-23T16:50,78,0.00,537,29.40,45,1.60
2026-08-23T17:00,106,0.00,509,29.80,46,1.60
2026-08-23T17:10,101,0.00,480,29.20,45,1.20
2026-08-23T17:20,82,0.00,454,29.50,46,1.20
2026-08-23T17:30,124,0.00,424,29.40,45,1.40
2026-08-23T17:40,128,0.00,395,29.60,45,1.10
2026-08-23T17:50,143,0.00,367,30.20,43,1.30
2026-08-23T18:00,109,0.00,336,29.10,46,1.60
2026-08-23T18:10,135,0.00,312,29.00,46,2.00
2026-08-23T18:20,149,0.00,280,29.10,45,1.60
2026-08-23T18:30,139,0.00,252,29.10,44,1.80
2026-08-23T18:40,121,0.00,221,28.80,46,1.80
2026-08-23T18:50,107,0.00,190,28.80,47,1.60
2026-08-23T19:00,109,0.00,159,28.70,47,1.60
2026-08-23T19:10,107,0.00,130,28.50,49,1.40
2026-08-23T19:20,94,0.00,102,28.30,49,1.10
2026-08-23T19:30,105,0.00,77,28.00,50,1.10
2026-08-23T19:40,87,0.00,54,27.70,51,1.10
2026-08-23T19:50,75,0.00,35,27.20,54,1.60
2026-08-23T20:00,75,0.00,1,26.70,55,1.20
2026-08-23T20:10,67,0.00,0,26.10,60,1.30
2026-08-23T20:20,65,0.00,0,25.10,67,1.30
2026-08-23T20:30,57,0.00,0,24.40,68,1.40
2026-08-23T20:40,65,0.00,0,24.40,68,1.50
2026-08-23T20:50,69,0.00,0,23.80,73,1.30
2026-08-23T21:00,71,0.00,0,23.20,77,1.40
2026-08-23T21:10,65,0.00,0,22.80,77,1.30
2026-08-23T21:20,70,0.00,0,23.00,76,1.30
2026-08-23T21:30,70,0.00,0,22.50,80,1.50
2026-08-23T21:40,61,0.00,0,22.30,81,1.60
2026-08-23T21:50,50,0.00,0,22.20,80,1.80
2026-08-23T22:00,53,0.00,0,22.10,82,1.80
2026-08-23T22:10,66,0.00,0,22.60,78,1.70
2026-08-23T22:20,59,0.00,0,22.10,84,1.50
2026-08-23T22:30,58,0.00,0,21.90,84,1.60
2026-08-23T22:40,53,0.00,0,21.80,83,1.60
2026-08-23T22:50,47,0.00,0,21.90,83,1.50
2026-08-23T23:00,45,0.00,0,21.80,84,1.20
2026-08-23T23:10,53,0.00,0,21.90,83,1.30
2026-08-23T23:20,50,0.00,0,21.70,86,1.10
2026-08-23T23:30,46,0.00,0,21.40,88,1.50
2026-08-23T23:40,58,0.00,0,21.20,89,1.50
2026-08-23T23:50,45,0.00,0,21.10,90,1.50
2026-08-24T00:00,46,0.00,0,21.20,89,1.50
2026-08-24T00:10,67,0.00,0,21.10,88,1.40
2026-08-24T00:20,78,0.00,0,21.20,87,1.60
2026-08-24T00:30,78,0.00,0,21.30,85,1.40
2026-08-24T00:40,62,0.00,0,21.40,84,1.80
2026-08-24T00:50,68,0.00,0,21.40,81,2.10
2026-08-24T01:00,62,0.00,0,21.10,84,2.30
2026-08-24T01:10,67,0.00,0,21.20,82,1.90
2026-08-24T01:20,54,0.00,0,21.00,85,1.80
2026-08-24T01:30,43,0.00,0,20.60,87,1.90
2026-08-24T01:40,39,0.00,0,20.50,88,1.50
2026-08-24T01:50,30,0.00,0,20.50,88,0.80
2026-08-24T02:00,37,0.00,0,20.30,90,1.20
2026-08-24T02:10,36,0.00,0,20.00,91,1.70
2026-08-24T02:20,39,0.00,0,19.70,92,1.80
2026-08-24T02:30,52,0.00,0,19.70,92,1.90
2026-08-24T02:40,51,0.00,0,19.70,92,1.70
2026-08-24T02:50,57,0.00,0,19.90,91,1.80
2026-08-24T03:00,72,0.00,0,20.10,88,1.60
2026-08-24T03:10,75,0.00,0,20.20,87,1.60
2026-08-24T03:20,70,0.00,0,20.10,89,1.10
2026-08-24T03:30,29,0.00,0,19.80,91,1.20
2026-08-24T03:40,13,0.00,0,19.80,90,2.00
2026-08-24T03:50,30,0.00,0,19.40,92,1.90
2026-08-24T04:00,37,0.00,0,19.20,93,1.30
2026-08-24T04:10,42,0.00,0,19.10,94,1.20
2026-08-24T04:20,50,0.00,0,19.00,94,1.50
2026-08-24T04:30,43,0.00,0,18.90,94,1.70
2026-08-24T04:40,40,0.00,0,18.90,95,1.60
2026-08-24T04:50,49,0.00,0,18.70,95,1.80
2026-08-24T05:00,40,0.00,0,18.70,95,1.60
2026-08-24T05:10,46,0.00,0,18.70,95,1.60
2026-08-24T05:20,40,0.00,0,18.60,95,1.70
2026-08-24T05:30,42,0.00,0,18.50,95,1.40
2026-08-24T05:40,48,0.00,0,18.40,96,1.70
2026-08-24T05:50,50,0.00,0,18.40,96,2.00
2026-08-24T06:00,48,0.00,0,18.60,96,1.80
2026-08-24T06:10,45,0.00,0,18.40,96,1.70
2026-08-24T06:20,46,0.00,0,18.50,96,1.60
2026-08-24T06:30,42,0.00,0,18.50,95,1.30
2026-08-24T06:40,40,0.00,0,18.40,95,1.20
2026-08-24T06:50,360,0.00,0,18.40,95,0.20
2026-08-24T07:00,15,0.00,11,18.80,95,0.40
2026-08-24T07:10,47,0.00,42,18.80,95,0.60
2026-08-24T07:20,46,0.00,64,19.00,94,0.80
2026-08-24T07:30,52,0.00,89,19.70,91,1.40
2026-08-24T07:40,48,0.00,115,20.40,87,0.90
2026-08-24T07:50,29,0.00,141,20.90,87,0.80
2026-08-24T08:00,46,0.00,170,21.40,83,1.00
2026-08-24T08:10,69,0.00,197,21.90,80,0.70
2026-08-24T08:20,71,0.00,227,22.20,77,0.60
2026-08-24T08:30,79,0.00,257,23.10,75,0.70
2026-08-24T08:40,77,0.00,287,23.10,73,1.00
2026-08-24T08:50,68,0.00,320,23.50,71,1.10
2026-08-24T09:00,77,0.00,352,24.00,69,1.80
2026-08-24T09:10,93,0.00,382,23.90,68,1.50
2026-08-24T09:20,98,0.00,412,24.40,67,1.70
2026-08-24T09:30,102,0.00,444,24.60,66,1.90
2026-08-24T09:40,108,0.00,474,25.00,66,2.40
2026-08-24T09:50,122,0.00,500,25.30,65,1.90
2026-08-24T10:00,140,0.00,529,25.40,64,2.30
2026-08-24T10:10,138,0.00,556,26.00,62,2.30
2026-08-24T10:20,123,0.00,582,26.50,61,1.50
2026-08-24T10:30,116,0.00,608,26.80,60,1.90
2026-08-24T10:40,125,0.00,631,26.40,61,1.50
2026-08-24T10:50,122,0.00,654,26.50,60,2.00
2026-08-24T11:00,114,0.00,674,27.20,62,1.80
2026-08-24T11:10,117,0.00,694,27.30,58,2.10
2026-08-24T11:20,116,0.00,702,26.90,59,2.00
2026-08-24T11:30,115,0.00,724,27.40,56,1.80
2026-08-24T11:40,107,0.00,746,28.20,56,2.10
2026-08-24T11:50,125,0.00,664,27.80,56,2.00
2026-08-24T12:00,112,0.00,789,27.90,54,1.80
2026-08-24T12:10,88,0.00,757,27.70,52,2.10
2026-08-24T12:20,90,0.00,762,29.00,52,1.50
2026-08-24T12:30,85,0.00,796,28.90,50,1.40
2026-08-24T12:40,102,0.00,828,28.50,49,1.60
2026-08-24T12:50,108,0.00,817,28.70,47,1.70
2026-08-24T13:00,127,0.00,835,28.90,50,1.50
2026-08-24T13:10,156,0.00,834,28.80,51,0.90
2026-08-24T13:20,135,0.00,830,29.70,48,0.90
2026-08-24T13:30,147,0.00,838,29.50,46,2.30
2026-08-24T13:40,61,0.00,827,30.10,46,1.10
2026-08-24T13:50,126,0.00,829,29.60,44,1.80
2026-08-24T14:00,111,0.00,827,29.90,45,1.40
2026-08-24T14:10,127,0.00,823,29.90,43,1.80
2026-08-24T14:20,188,0.00,813,29.60,44,1.00
2026-08-24T14:30,103,0.00,797,29.90,44,1.10
2026-08-24T14:40,107,0.00,794,30.70,43,1.60
2026-08-24T14:50,105,0.00,761,30.80,45,1.20
2026-08-24T15:00,80,0.00,752,30.50,42,2.40
2026-08-24T15:10,128,0.00,740,30.90,43,1.20
2026-08-24T15:20,121,0.00,709,31.00,43,1.40
2026-08-24T15:30,70,0.00,708,31.10,41,0.80
2026-08-24T15:40,68,0.00,660,30.90,41,1.30
2026-08-24T15:50,124,0.00,598,31.10,41,1.80
2026-08-24T16:00,140,0.00,628,31.00,40,1.20
2026-08-24T16:10,100,0.00,622,31.00,41,2.00
2026-08-24T16:20,88,0.00,479,30.90,40,1.70
2026-08-24T16:30,91,0.00,507,30.50,41,1.60
2026-08-24T16:40,127,0.00,399,30.50,41,1.40
2026-08-24T16:50,104,0.00,414,30.50,41,1.50
2026-08-24T17:00,62,0.00,490,30.60,42,2.10
2026-08-24T17:10,99,0.00,340,31.10,40,2.30
2026-08-24T17:20,86,0.00,238,30.60,42,1.80
2026-08-24T17:30,100,0.00,353,30.80,42,1.80
2026-08-24T17:40,117,0.00,329,30.40,41,2.10
2026-08-24T17:50,119,0.00,210,30.30,42,1.50
2026-08-24T18:00,99,0.00,158,30.00,44,1.70
2026-08-24T18:10,114,0.00,184,29.80,44,2.00
2026-08-24T18:20,105,0.00,255,29.90,44,1.70
2026-08-24T18:30,86,0.00,224,30.00,43,2.10
2026-08-24T18:40,103,0.00,229,29.70,45,2.50
2026-08-24T18:50,115,0.00,120,29.50,46,2.30
2026-08-24T19:00,107,0.00,84,29.20,47,1.90
2026-08-24T19:10,89,0.00,68,28.80,49,1.60
2026-08-24T19:20,114,0.00,56,28.70,51,1.80
2026-08-24T19:30,121,0.00,46,28.30,53,2.10
2026-08-24T19:40,116,0.00,31,28.00,54,2.30
2026-08-24T19:50,112,0.00,1,27.70,54,1.90
2026-08-24T20:00,93,0.00,0,27.60,54,1.50
2026-08-24T20:10,92,0.00,0,27.30,55,1.80
2026-08-24T20:20,77,0.00,0,26.80,57,2.00
2026-08-24T20:30,74,0.00,0,26.30,58,2.20
2026-08-24T20:40,79,0.00,0,26.20,59,2.40
2026-08-24T20:50,90,0.00,0,27.00,55,2.40
2026-08-24T21:00,95,0.00,0,26.80,56,2.40
2026-08-24T21:10,107,0.00,0,26.40,58,2.90
2026-08-24T21:20,109,0.00,0,26.30,58,3.00
2026-08-24T21:30,115,0.00,0,26.30,57,3.30
2026-08-24T21:40,111,0.00,0,26.10,58,2.90
2026-08-24T21:50,114,0.00,0,25.90,58,3.10
2026-08-24T22:00,113,0.00,0,25.90,58,3.20
2026-08-24T22:10,112,0.00,0,25.80,57,3.50
2026-08-24T22:20,104,0.00,0,26.20,56,3.00
2026-08-24T22:30,103,0.00,0,26.10,56,2.80
2026-08-24T22:40,111,0.00,0,26.10,56,3.60
2026-08-24T22:50,112,0.00,0,26.00,56,3.30
2026-08-24T23:00,116,0.00,0,26.10,55,3.60
2026-08-24T23:10,119,0.00,0,26.10,56,4.70
2026-08-24T23:20,126,0.00,0,25.90,57,4.30
2026-08-24T23:30,124,0.00,0,25.70,59,4.30
2026-08-24T23:40,123,0.00,0,25.30,61,4.70
2026-08-24T23:50,121,0.00,0,25.10,62,4.00
2026-08-25T00:00,124,0.00,0,25.10,62,3.70
2026-08-25T00:10,122,0.00,0,25.00,63,3.50
2026-08-25T00:20,126,0.00,0,24.90,63,3.80
2026-08-25T00:30,123,0.00,0,24.80,63,3.30
2026-08-25T00:40,120,0.00,0,24.70,64,3.30
2026-08-25T00:50,104,0.00,0,24.80,63,3.60
2026-08-25T01:00,115,0.00,0,24.30,65,3.80
2026-08-25T01:10,118,0.00,0,24.20,66,3.20
2026-08-25T01:20,121,0.00,0,24.10,66,2.60
2026-08-25T01:30,120,0.00,0,24.10,66,2.90
2026-08-25T01:40,112,0.00,0,23.90,67,3.30
2026-08-25T01:50,121,0.00,0,23.20,73,2.20
2026-08-25T02:00,90,0.00,0,22.60,76,2.00
2026-08-25T02:10,85,0.00,0,22.90,74,2.40
2026-08-25T02:20,98,0.00,0,22.70,75,1.80
2026-08-25T02:30,132,0.00,0,22.20,79,2.20
2026-08-25T02:40,119,0.00,0,22.00,79,2.40
2026-08-25T02:50,116,0.00,0,21.80,80,2.40
2026-08-25T03:00,124,0.00,0,21.80,81,2.50
2026-08-25T03:10,133,0.00,0,21.50,83,2.40
2026-08-25T03:20,138,0.00,0,21.60,83,2.90
2026-08-25T03:30,145,0.00,0,21.60,84,3.70
2026-08-25T03:40,156,0.20,0,21.00,89,4.10
2026-08-25T03:50,163,0.20,0,21.00,88,3.90
2026-08-25T04:00,185,0.20,0,20.80,85,3.80
2026-08-25T04:10,117,0.00,0,20.70,90,2.30
2026-08-25T04:20,101,0.00,0,20.90,90,2.20
2026-08-25T04:30,89,0.00,0,20.80,89,2.70
2026-08-25T04:40,92,0.00,0,20.70,89,2.80
2026-08-25T04:50,106,0.00,0,20.40,91,3.10
2026-08-25T05:00,112,0.00,0,20.40,92,3.60
2026-08-25T05:10,125,0.00,0,20.30,92,3.40
2026-08-25T05:20,121,0.00,0,20.40,92,3.60
2026-08-25T05:30,118,0.00,0,20.50,92,4.00
2026-08-25T05:40,121,0.00,0,20.60,89,3.60
2026-08-25T05:50,116,0.00,0,20.50,88,3.60
2026-08-25T06:00,125,0.00,0,20.50,84,3.90
2026-08-25T06:10,125,0.00,0,20.30,84,3.40
2026-08-25T06:20,127,0.00,0,20.30,82,3.70
2026-08-25T06:30,131,0.00,0,20.20,82,4.30
2026-08-25T06:40,134,0.00,0,20.00,81,4.00
2026-08-25T06:50,131,0.00,0,19.90,81,4.00
2026-08-25T07:00,138,0.00,15,19.70,82,4.30
2026-08-25T07:10,138,0.00,42,19.80,82,3.70
2026-08-25T07:20,139,0.20,59,19.90,81,4.10
2026-08-25T07:30,134,0.00,95,20.20,81,3.60
2026-08-25T07:40,138,0.00,121,20.30,79,3.70
2026-08-25T07:50,147,0.00,151,20.70,79,3.00
2026-08-25T08:00,152,0.00,180,20.90,80,3.20
2026-08-25T08:10,152,0.00,210,21.20,79,3.50
2026-08-25T08:20,149,0.00,242,21.60,77,3.60
2026-08-25T08:30,140,0.00,278,22.00,78,4.20
2026-08-25T08:40,146,0.00,294,21.90,78,4.40
2026-08-25T08:50,152,0.00,379,22.20,79,3.30
2026-08-25T09:00,158,0.00,345,22.30,77,4.20
2026-08-25T09:10,162,0.00,275,22.30,78,3.40
2026-08-25T09:20,168,0.00,385,22.80,77,4.20
2026-08-25T09:30,166,0.00,431,23.00,77,4.70
2026-08-25T09:40,162,0.00,505,22.80,77,4.20
2026-08-25T09:50,156,0.00,328,23.20,77,3.70
2026-08-25T10:00,151,0.00,439,23.70,74,3.80
2026-08-25T10:10,144,0.00,344,23.20,76,3.70
2026-08-25T10:20,161,0.00,204,23.20,76,3.60
2026-08-25T10:30,162,0.00,160,23.20,76,3.20
2026-08-25T10:40,157,0.00,193,23.40,76,3.20
2026-08-25T10:50,166,0.00,211,23.70,75,2.60
2026-08-25T11:00,176,0.00,532,24.90,72,3.00
2026-08-25T11:10,196,0.00,558,25.10,71,2.60
2026-08-25T11:20,212,0.00,625,25.10,70,2.00
2026-08-25T11:30,215,0.00,658,25.30,69,1.80
2026-08-25T11:40,226,0.00,782,26.00,66,2.40
2026-08-25T11:50,253,0.00,674,25.50,67,2.20
2026-08-25T12:00,312,0.00,567,25.60,68,1.50
2026-08-25T12:10,333,0.00,784,26.60,67,3.00
2026-08-25T12:20,358,0.00,511,26.00,69,4.10
2026-08-25T12:30,1,0.00,790,26.30,67,3.70
2026-08-25T12:40,23,0.00,833,26.60,66,3.80
2026-08-25T12:50,13,0.00,854,26.70,65,3.40
2026-08-25T13:00,4,0.00,801,26.80,65,2.40
2026-08-25T13:10,3,0.00,613,26.70,66,3.50
2026-08-25T13:20,25,0.00,587,26.30,65,2.40
2026-08-25T13:30,18,0.00,775,27.60,62,2.20
2026-08-25T13:40,346,0.00,485,26.60,64,1.30
2026-08-25T13:50,5,0.00,552,26.50,66,1.60
2026-08-25T14:00,5,0.00,225,26.50,64,1.80
2026-08-25T14:10,38,0.00,323,26.00,64,1.30
2026-08-25T14:20,161,0.00,812,26.80,62,0.80
2026-08-25T14:30,77,0.00,490,28.50,59,1.10
2026-08-25T14:40,294,0.00,541,28.60,51,1.90
2026-08-25T14:50,278,0.00,901,29.10,52,1.90
2026-08-25T15:00,267,0.00,848,29.10,54,2.50
2026-08-25T15:10,226,0.00,825,28.60,54,1.90
2026-08-25T15:20,205,0.00,692,29.00,52,0.90
2026-08-25T15:30,268,0.00,648,28.70,55,1.50
2026-08-25T15:40,269,0.00,725,28.90,52,2.30
2026-08-25T15:50,281,0.00,690,28.80,52,1.70
2026-08-25T16:00,327,0.00,663,29.10,51,1.60
2026-08-25T16:10,240,0.00,642,29.40,50,1.80
2026-08-25T16:20,279,0.00,612,29.20,49,1.10
2026-08-25T16:30,297,0.00,575,29.20,49,0.30
2026-08-25T16:40,252,0.00,554,29.60,51,1.20
2026-08-25T16:50,263,0.00,532,29.80,49,1.20
2026-08-25T17:00,307,0.00,508,29.30,50,1.30
2026-08-25T17:10,271,0.00,479,29.50,50,0.50
2026-08-25T17:20,39,0.00,444,29.40,50,0.70
2026-08-25T17:30,232,0.00,418,29.60,50,0.80
2026-08-25T17:40,204,0.00,390,29.50,51,1.30
2026-08-25T17:50,181,0.00,363,29.40,51,1.30
2026-08-25T18:00,198,0.00,330,29.00,49,1.00
2026-08-25T18:10,252,0.00,301,29.40,50,0.90
2026-08-25T18:20,245,0.00,269,29.50,51,0.80
2026-08-25T18:30,230,0.00,237,29.40,49,0.40
2026-08-25T18:40,257,0.00,207,29.20,52,0.70
2026-08-25T18:50,101,0.00,174,28.80,52,0.20
2026-08-25T19:00,87,0.00,146,28.70,51,0.80
2026-08-25T19:10,65,0.00,120,28.10,56,1.50
2026-08-25T19:20,62,0.00,95,27.70,58,1.80
2026-08-25T19:30,61,0.00,71,27.20,61,2.00
2026-08-25T19:40,74,0.00,48,26.70,63,1.90
2026-08-25T19:50,72,0.00,25,26.20,65,2.00
2026-08-25T20:00,72,0.00,0,25.80,67,2.30
2026-08-25T20:10,65,0.00,0,25.30,69,2.00
2026-08-25T20:20,62,0.00,0,25.00,71,2.00
2026-08-25T20:30,68,0.00,0,24.60,73,2.10
2026-08-25T20:40,72,0.00,0,24.30,74,2.20
2026-08-25T20:50,73,0.00,0,24.20,75,2.20
2026-08-25T21:00,75,0.00,0,24.10,75,2.20
2026-08-25T21:10,85,0.00,0,24.60,72,2.00
2026-08-25T21:20,82,0.00,0,24.30,73,1.60
2026-08-25T21:30,70,0.00,0,23.80,76,1.60
2026-08-25T21:40,92,0.00,0,23.50,77,1.40
2026-08-25T21:50,101,0.00,0,23.40,78,1.60
2026-08-25T22:00,96,0.00,0,23.70,77,1.70
2026-08-25T22:10,112,0.00,0,23.10,79,1.50
2026-08-25T22:20,126,0.00,0,22.90,81,1.70
2026-08-25T22:30,103,0.00,0,22.70,82,1.30
2026-08-25T22:40,118,0.00,0,22.70,81,1.40
2026-08-25T22:50,113,0.00,0,22.60,82,1.30
2026-08-25T23:00,119,0.00,0,22.60,82,1.00
2026-08-25T23:10,109,0.00,0,22.70,82,0.70
2026-08-25T23:20,81,0.00,0,22.60,83,0.90
2026-08-25T23:30,133,0.00,0,22.20,84,0.70
2026-08-25T23:40,194,0.00,0,22.00,89,0.70
2026-08-25T23:50,227,0.00,0,22.40,87,0.40
2026-08-26T00:00,219,0.00,0,22.30,87,0.40
2026-08-26T00:10,192,0.00,0,22.30,89,1.00
2026-08-26T00:20,169,0.00,0,22.70,86,0.60
2026-08-26T00:30,137,0.00,0,22.70,86,1.00
2026-08-26T00:40,127,0.00,0,22.90,84,1.00
2026-08-26T00:50,114,0.00,0,23.10,81,0.50
2026-08-26T01:00,79,0.00,0,22.80,86,1.20
2026-08-26T01:10,127,0.00,0,22.60,85,0.80
2026-08-26T01:20,154,0.00,0,22.60,85,0.90
2026-08-26T01:30,23,0.00,0,22.50,88,1.20
2026-08-26T01:40,44,0.00,0,22.40,88,0.40
2026-08-26T01:50,93,0.00,0,22.50,87,0.40
2026-08-26T02:00,157,0.00,0,22.50,88,0.40
2026-08-26T02:10,341,0.00,0,22.50,91,1.10
2026-08-26T02:20,24,0.00,0,22.10,91,1.70
2026-08-26T02:30,23,0.00,0,21.80,92,1.90
2026-08-26T02:40,23,0.00,0,21.60,91,2.10
2026-08-26T02:50,28,0.00,0,21.50,90,2.30
2026-08-26T03:00,23,0.00,0,21.60,90,2.10
2026-08-26T03:10,35,0.00,0,21.50,90,1.90
2026-08-26T03:20,48,0.00,0,21.50,91,2.00
2026-08-26T03:30,48,0.00,0,21.40,90,2.60
2026-08-26T03:40,41,0.00,0,21.40,91,1.60
2026-08-26T03:50,34,0.00,0,21.20,91,1.80
2026-08-26T04:00,34,0.00,0,21.00,92,1.90
2026-08-26T04:10,29,0.00,0,20.90,92,1.20
2026-08-26T04:20,39,0.00,0,20.70,93,1.90
2026-08-26T04:30,48,0.00,0,20.50,94,1.60
2026-08-26T04:40,62,0.00,0,20.50,94,1.40
2026-08-26T04:50,68,0.00,0,20.70,93,1.30
2026-08-26T05:00,54,0.00,0,20.80,93,1.50
2026-08-26T05:10,56,0.00,0,20.90,93,1.40
2026-08-26T05:20,69,0.00,0,20.90,93,1.30
2026-08-26T05:30,64,0.00,0,21.00,91,1.80
2026-08-26T05:40,65,0.00,0,21.10,90,1.40
2026-08-26T05:50,85,0.00,0,21.20,89,0.70
2026-08-26T06:00,83,0.00,0,21.20,90,1.20
2026-08-26T06:10,68,0.00,0,21.20,91,1.50
2026-08-26T06:20,65,0.00,0,21.20,90,1.50
2026-08-26T06:30,251,0.00,0,21.50,89,1.20
2026-08-26T06:40,264,0.00,0,21.40,90,0.90
2026-08-26T06:50,284,0.00,0,21.30,90,0.60
2026-08-26T07:00,78,0.00,0,21.40,91,0.30
2026-08-26T07:10,308,0.00,0,21.40,90,0.50
2026-08-26T07:20,286,0.00,6,21.30,91,1.20
2026-08-26T07:30,15,0.00,40,21.30,93,1.00
2026-08-26T07:40,57,0.00,117,21.60,90,1.80
2026-08-26T07:50,55,0.00,149,22.20,86,1.40
2026-08-26T08:00,55,0.00,89,22.00,85,1.80
2026-08-26T08:10,68,0.00,143,22.50,84,1.30
2026-08-26T08:20,78,0.00,221,22.60,81,1.70
2026-08-26T08:30,84,0.00,292,23.10,78,2.10
2026-08-26T08:40,101,0.00,180,22.90,80,2.40
2026-08-26T08:50,103,0.00,161,23.00,79,2.40
2026-08-26T09:00,103,0.00,430,23.80,77,2.20
2026-08-26T09:10,96,0.00,273,23.90,76,2.10
2026-08-26T09:20,107,0.00,401,24.10,75,2.60
2026-08-26T09:30,113,0.00,437,24.90,73,2.00
2026-08-26T09:40,105,0.00,425,24.60,76,2.60
2026-08-26T09:50,112,0.00,306,24.50,73,2.50
2026-08-26T10:00,122,0.00,365,24.80,73,2.70
2026-08-26T10:10,119,0.00,539,25.50,70,2.30
2026-08-26T10:20,144,0.00,284,25.00,73,1.50
2026-08-26T10:30,122,0.00,220,25.00,72,1.30
2026-08-26T10:40,108,0.00,353,25.70,72,1.40
2026-08-26T10:50,100,0.00,632,26.60,67,1.80
2026-08-26T11:00,125,0.00,667,26.70,66,1.80
2026-08-26T11:10,102,0.00,684,27.10,64,1.90
2026-08-26T11:20,121,0.00,713,27.50,62,1.40
2026-08-26T11:30,132,0.00,740,27.40,63,1.80
2026-08-26T11:40,125,0.00,731,27.60,63,1.50
2026-08-26T11:50,89,0.00,655,28.00,61,1.70
2026-08-26T12:00,74,0.00,580,28.80,60,1.30
2026-08-26T12:10,93,0.00,599,28.50,61,1.20
2026-08-26T12:20,66,0.00,536,28.50,61,1.70
2026-08-26T12:30,78,0.00,461,28.00,62,2.00
2026-08-26T12:40,81,0.00,736,28.90,62,1.30
2026-08-26T12:50,97,0.00,740,28.90,59,0.90
2026-08-26T13:00,10,0.00,788,28.90,59,0.90
2026-08-26T13:10,79,0.00,824,29.50,58,0.90
2026-08-26T13:20,121,0.00,551,28.70,60,1.00
2026-08-26T13:30,126,0.00,837,29.70,56,0.10
2026-08-26T13:40,35,0.00,736,29.80,59,1.20
2026-08-26T13:50,69,0.00,846,30.10,55,2.10
2026-08-26T14:00,56,0.00,772,30.10,53,2.30
2026-08-26T14:10,36,0.00,854,30.70,53,1.60
2026-08-26T14:20,29,0.00,829,30.80,53,1.60
2026-08-26T14:30,327,0.00,475,31.30,51,0.60
2026-08-26T14:40,248,0.00,714,31.30,51,1.30
2026-08-26T14:50,317,0.00,693,31.40,52,1.50
2026-08-26T15:00,262,0.00,757,31.40,49,1.10
2026-08-26T15:10,249,0.00,561,30.90,50,0.90
2026-08-26T15:20,262,0.00,553,31.60,50,1.30
2026-08-26T15:30,255,0.00,510,31.00,51,1.30
2026-08-26T15:40,3,0.00,752,31.80,49,0.50
2026-08-26T15:50,40,0.00,696,32.20,48,1.50
2026-08-26T16:00,334,0.00,222,31.20,51,2.10
2026-08-26T16:10,10,0.00,212,30.60,52,1.50
2026-08-26T16:20,45,0.00,190,30.50,53,1.50
2026-08-26T16:30,21,0.00,155,30.20,54,1.90
2026-08-26T16:40,45,0.00,185,30.10,54,1.60
2026-08-26T16:50,51,0.00,326,30.50,53,1.60
2026-08-26T17:00,69,0.00,169,30.10,54,1.20
2026-08-26T17:10,106,0.00,115,30.10,54,0.50
2026-08-26T17:20,19,0.00,98,29.80,54,1.10
2026-08-26T17:30,41,0.00,108,29.80,52,0.80
2026-08-26T17:40,48,0.00,298,30.50,52,0.90
2026-08-26T17:50,59,0.00,213,30.40,50,1.10
2026-08-26T18:00,108,0.00,164,30.10,52,0.40
2026-08-26T18:10,307,0.00,199,30.40,51,0.30
2026-08-26T18:20,62,0.00,194,30.40,53,1.30
2026-08-26T18:30,66,0.00,133,30.20,51,0.50
2026-08-26T18:40,49,0.00,175,30.20,51,1.00
2026-08-26T18:50,59,0.00,96,29.70,53,1.70
2026-08-26T19:00,46,0.00,59,29.30,57,1.60
2026-08-26T19:10,39,0.00,45,28.80,60,1.60
2026-08-26T19:20,20,0.00,22,28.50,62,1.40
2026-08-26T19:30,351,0.00,0,28.40,61,1.30
2026-08-26T19:40,352,0.00,0,28.30,62,1.20
2026-08-26T19:50,355,0.00,0,28.20,65,1.10
2026-08-26T20:00,15,0.00,0,27.70,69,1.20
2026-08-26T20:10,22,0.00,0,27.40,70,1.10
2026-08-26T20:20,46,0.00,0,27.10,68,1.20
2026-08-26T20:30,53,0.00,0,26.90,70,1.60
2026-08-26T20:40,45,0.00,0,26.90,71,1.50
2026-08-26T20:50,40,0.00,0,26.20,76,1.50
2026-08-26T21:00,54,0.00,0,26.10,75,1.60
2026-08-26T21:10,52,0.00,0,26.50,73,1.20
2026-08-26T21:20,20,0.00,0,26.20,76,0.90
2026-08-26T21:30,70,0.00,0,25.60,79,1.10
2026-08-26T21:40,91,0.00,0,25.30,78,0.80
2026-08-26T21:50,71,0.00,0,25.30,79,0.70
2026-08-26T22:00,55,0.00,0,25.00,80,0.70
2026-08-26T22:10,33,0.00,0,24.70,81,0.30
2026-08-26T22:20,304,0.00,0,24.60,84,0.30
2026-08-26T22:30,291,0.00,0,24.50,83,0.30
2026-08-26T22:40,293,0.00,0,24.40,84,0.80
2026-08-26T22:50,290,0.00,0,24.30,82,0.80
2026-08-26T23:00,328,0.00,0,24.40,86,0.40
2026-08-26T23:10,348,0.00,0,24.20,86,0.30
2026-08-26T23:20,269,0.00,0,23.70,89,0.20
2026-08-26T23:30,256,0.00,0,23.60,90,0.10
2026-08-26T23:40,305,0.00,0,23.80,90,0.20
2026-08-26T23:50,358,0.00,0,23.90,89,0.40
2026-08-27T00:00,329,0.00,0,23.50,90,0.50
2026-08-27T00:10,356,0.00,0,23.60,91,0.80
2026-08-27T00:20,36,0.00,0,23.10,91,1.50
2026-08-27T00:30,45,0.00,0,23.00,93,1.70
2026-08-27T00:40,33,0.00,0,22.90,94,1.70
2026-08-27T00:50,19,0.00,0,23.00,93,1.40
2026-08-27T01:00,53,0.00,0,23.20,92,0.30
2026-08-27T01:10,43,0.00,0,23.10,91,0.40
2026-08-27T01:20,36,0.00,0,23.10,91,1.30
2026-08-27T01:30,32,0.00,0,22.50,92,1.20
2026-08-27T01:40,176,0.00,0,22.50,93,0.50
2026-08-27T01:50,174,0.00,0,22.50,94,0.80
2026-08-27T02:00,225,0.00,0,22.60,95,0.40
2026-08-27T02:10,279,0.00,0,22.40,94,0.90
2026-08-27T02:20,238,0.00,0,22.70,95,0.70
2026-08-27T02:30,302,0.00,0,22.70,94,1.00
2026-08-27T02:40,359,0.00,0,22.30,95,0.70
2026-08-27T02:50,29,0.00,0,22.10,96,1.30
2026-08-27T03:00,28,0.00,0,22.20,97,1.40
2026-08-27T03:10,21,0.00,0,22.30,96,1.50
2026-08-27T03:20,23,0.00,0,22.20,96,0.90
2026-08-27T03:30,47,0.00,0,22.20,96,1.00
2026-08-27T03:40,27,0.00,0,22.10,96,1.30
2026-08-27T03:50,28,0.00,0,21.90,97,1.10
2026-08-27T04:00,39,0.00,0,21.80,98,1.60
2026-08-27T04:10,43,0.00,0,21.90,98,0.70
2026-08-27T04:20,15,0.00,0,22.00,98,0.50
2026-08-27T04:30,23,0.00,0,22.00,97,0.90
2026-08-27T04:40,54,0.00,0,21.80,98,0.90
2026-08-27T04:50,68,0.00,0,21.80,97,1.30
2026-08-27T05:00,117,0.00,0,21.30,97,0.60
2026-08-27T05:10,162,0.00,0,21.50,98,0.20
2026-08-27T05:20,95,0.00,0,21.40,99,0.10
2026-08-27T05:30,56,0.00,0,21.20,99,1.20
2026-08-27T05:40,76,0.00,0,21.20,99,1.40
2026-08-27T05:50,51,0.00,0,21.30,99,1.50
2026-08-27T06:00,59,0.00,0,21.40,99,1.20
2026-08-27T06:10,59,0.00,0,21.20,99,1.70
2026-08-27T06:20,76,0.00,0,21.40,99,2.00
2026-08-27T06:30,76,0.00,0,21.60,99,1.90
2026-08-27T06:40,72,0.00,0,21.50,99,1.90
2026-08-27T06:50,72,0.00,0,21.60,99,2.10
2026-08-27T07:00,63,0.00,4,21.50,99,1.50
2026-08-27T07:10,121,0.00,33,21.60,99,0.40
2026-08-27T07:20,155,0.00,46,21.70,99,0.80
2026-08-27T07:30,136,0.00,65,21.90,99,0.80
2026-08-27T07:40,77,0.00,68,22.10,99,0.70
2026-08-27T07:50,79,0.00,82,22.40,99,0.90
2026-08-27T08:00,75,0.00,133,22.60,99,1.50
2026-08-27T08:10,71,0.00,136,22.90,97,1.50
2026-08-27T08:20,91,0.00,161,23.10,95,1.50
2026-08-27T08:30,110,0.00,202,23.30,94,1.20
2026-08-27T08:40,125,0.00,220,23.90,92,1.90
2026-08-27T08:50,130,0.00,254,24.20,90,2.10
2026-08-27T09:00,136,0.00,281,24.50,88,1.60
2026-08-27T09:10,133,0.00,305,25.00,88,1.70
2026-08-27T09:20,137,0.00,323,25.10,86,1.90
2026-08-27T09:30,140,0.00,339,25.50,85,2.30
2026-08-27T09:40,144,0.00,343,25.60,82,2.30
2026-08-27T09:50,139,0.00,325,25.90,82,2.00
2026-08-27T10:00,132,0.00,444,26.40,79,2.60
2026-08-27T10:10,116,0.00,438,26.20,79,2.80
2026-08-27T10:20,139,0.00,435,26.40,78,2.00
2026-08-27T10:30,174,0.00,481,26.80,77,1.90
2026-08-27T10:40,168,0.00,509,27.20,76,1.90
2026-08-27T10:50,129,0.00,541,27.60,74,1.60
2026-08-27T11:00,118,0.00,562,27.20,74,2.10
2026-08-27T11:10,128,0.00,582,27.70,73,2.10
2026-08-27T11:20,129,0.00,587,27.90,71,1.90
2026-08-27T11:30,100,0.00,630,28.40,72,1.80
2026-08-27T11:40,66,0.00,640,28.70,67,2.10
2026-08-27T11:50,112,0.00,648,28.70,68,1.60
2026-08-27T12:00,118,0.00,561,29.00,66,1.80
2026-08-27T12:10,125,0.00,728,29.40,65,1.80
2026-08-27T12:20,78,0.00,499,29.00,65,1.50
2026-08-27T12:30,,0.00,,29.50,62,
2026-08-27T12:40,137,0.00,719,30.00,63,2.00
2026-08-27T12:50,144,0.00,749,30.20,60,1.40
2026-08-27T13:00,96,0.00,725,30.30,64,1.20
2026-08-27T13:10,54,0.00,701,30.70,60,1.10
2026-08-27T13:20,92,0.00,598,30.50,59,1.40
2026-08-27T13:30,68,0.00,597,30.80,58,1.50
2026-08-27T13:40,154,0.00,642,30.50,55,2.10
2026-08-27T13:50,140,0.00,671,31.10,55,0.40
2026-08-27T14:00,107,0.00,691,30.70,57,1.90
2026-08-27T14:10,121,0.00,662,31.10,55,1.40
2026-08-27T14:20,115,0.00,613,31.20,54,1.10
2026-08-27T14:30,67,0.00,650,31.30,54,0.60
2026-08-27T14:40,121,0.00,547,30.80,56,1.80
2026-08-27T14:50,128,0.00,584,31.00,56,1.70
2026-08-27T15:00,51,0.00,468,30.60,56,0.70
2026-08-27T15:10,99,0.00,483,30.90,54,1.90
2026-08-27T15:20,121,0.00,669,31.50,52,1.30
2026-08-27T15:30,90,0.00,660,31.30,54,1.60
2026-08-27T15:40,104,0.00,620,31.20,51,2.00
2026-08-27T15:50,88,0.00,584,31.80,51,1.70
2026-08-27T16:00,57,0.00,523,31.90,50,2.10
2026-08-27T16:10,64,0.00,332,31.60,51,2.30
2026-08-27T16:20,72,0.00,389,31.60,48,1.90
2026-08-27T16:30,91,0.00,455,31.80,49,1.20
2026-08-27T16:40,115,0.00,297,31.20,50,2.00
2026-08-27T16:50,109,0.00,216,31.10,49,1.30
2026-08-27T17:00,101,0.00,218,31.20,48,1.30
2026-08-27T17:10,122,0.00,271,31.20,49,1.70
2026-08-27T17:20,116,0.00,252,31.20,50,1.70
2026-08-27T17:30,78,0.00,190,31.30,49,1.10
2026-08-27T17:40,87,0.00,196,31.30,51,0.90
2026-08-27T17:50,71,0.00,193,31.30,51,1.70
2026-08-27T18:00,80,0.00,154,31.20,50,1.70
2026-08-27T18:10,114,0.00,103,31.10,50,1.50
2026-08-27T18:20,121,0.00,104,31.10,50,1.40
2026-08-27T18:30,114,0.00,128,31.20,49,1.80
2026-08-27T18:40,117,0.00,75,30.90,52,2.10
2026-08-27T18:50,105,0.00,41,30.60,54,2.00
2026-08-27T19:00,81,0.00,45,30.50,53,1.70
2026-08-27T19:10,71,0.00,39,30.20,54,1.40
2026-08-27T19:20,59,0.00,41,29.80,58,1.50
2026-08-27T19:30,63,0.00,35,29.30,59,1.50
2026-08-27T19:40,62,0.00,16,29.20,60,1.40
2026-08-27T19:50,54,0.00,0,28.80,63,1.40
2026-08-27T20:00,73,0.00,0,28.40,64,1.40
2026-08-27T20:10,59,0.00,0,28.00,65,1.60
2026-08-27T20:20,64,0.00,0,28.10,64,1.60
2026-08-27T20:30,60,0.00,0,28.00,66,1.40
2026-08-27T20:40,56,0.00,0,27.10,70,1.70
2026-08-27T20:50,79,0.00,0,27.20,69,1.60
2026-08-27T21:00,96,0.00,0,27.10,70,1.60
2026-08-27T21:10,103,0.00,0,26.90,70,1.90
2026-08-27T21:20,95,0.00,0,27.10,70,1.80
2026-08-27T21:30,92,0.00,0,26.80,72,1.40
2026-08-27T21:40,60,0.00,0,26.60,73,1.10
2026-08-27T21:50,99,0.00,0,26.70,72,0.90
2026-08-27T22:00,36,0.00,0,26.50,76,1.50
2026-08-27T22:10,73,0.00,0,26.20,77,1.40
2026-08-27T22:20,79,0.00,0,26.20,75,1.90
2026-08-27T22:30,88,0.00,0,25.90,74,1.50
2026-08-27T22:40,74,0.00,0,26.00,74,2.00
2026-08-27T22:50,55,0.00,0,25.90,76,1.80
2026-08-27T23:00,64,0.00,0,25.50,77,2.00
2026-08-27T23:10,69,0.00,0,25.70,77,1.90
2026-08-27T23:20,66,0.00,0,25.40,77,2.40
2026-08-27T23:30,78,0.00,0,26.00,73,1.80
2026-08-27T23:40,95,0.00,0,25.70,75,1.00
2026-08-27T23:50,173,0.00,0,25.10,80,0.60
2026-08-28T00:00,154,0.00,0,25.40,77,1.60
2026-08-28T00:10,110,0.00,0,25.70,76,2.20
2026-08-28T00:20,83,0.00,0,25.80,76,1.60
2026-08-28T00:30,40,0.00,0,25.40,79,0.80
2026-08-28T00:40,185,0.00,0,25.10,80,0.40
2026-08-28T00:50,120,0.00,0,25.00,83,1.40
2026-08-28T01:00,99,0.00,0,25.20,81,1.80
2026-08-28T01:10,70,0.00,0,25.30,82,2.00
2026-08-28T01:20,41,0.00,0,24.70,85,1.90
2026-08-28T01:30,19,0.00,0,24.70,85,0.90
2026-08-28T01:40,26,0.00,0,24.60,86,0.60
2026-08-28T01:50,69,0.00,0,24.50,87,2.10
2026-08-28T02:00,80,0.00,0,25.20,83,2.70
2026-08-28T02:10,78,0.00,0,25.20,83,1.70
2026-08-28T02:20,97,0.00,0,25.00,84,1.80
2026-08-28T02:30,91,0.00,0,24.80,85,1.50
2026-08-28T02:40,85,0.00,0,24.60,86,1.20
2026-08-28T02:50,49,0.00,0,24.40,88,1.20
2026-08-28T03:00,26,0.00,0,24.30,89,1.80
2026-08-28T03:10,51,0.00,0,24.10,90,1.30
2026-08-28T03:20,89,0.00,0,24.00,90,1.00
2026-08-28T03:30,104,0.00,0,24.10,91,1.10
2026-08-28T03:40,89,0.00,0,24.10,91,1.30
2026-08-28T03:50,124,0.00,0,24.10,90,1.70
2026-08-28T04:00,102,0.00,0,24.00,91,1.20
2026-08-28T04:10,130,0.00,0,24.20,91,0.70
2026-08-28T04:20,116,0.00,0,24.20,91,1.40
2026-08-28T04:30,73,0.00,0,24.00,92,1.60
2026-08-28T04:40,89,0.00,0,24.20,91,2.20
2026-08-28T04:50,73,0.00,0,24.20,91,2.00
2026-08-28T05:00,71,0.00,0,24.20,92,1.70
2026-08-28T05:10,89,0.00,0,24.40,90,2.20
2026-08-28T05:20,78,0.00,0,24.40,90,1.70
2026-08-28T05:30,104,0.00,0,24.20,90,2.10
2026-08-28T05:40,124,0.00,0,24.00,91,1.30
2026-08-28T05:50,120,0.00,0,23.90,92,1.30
2026-08-28T06:00,63,0.00,0,23.80,93,0.90
2026-08-28T06:10,43,0.00,0,23.60,94,2.40
2026-08-28T06:20,44,0.00,0,23.80,93,2.70
2026-08-28T06:30,45,0.00,0,23.80,91,3.60
2026-08-28T06:40,60,0.00,0,24.00,87,3.60
2026-08-28T06:50,84,0.00,0,24.40,83,2.70
2026-08-28T07:00,88,0.00,0,24.40,83,2.30
2026-08-28T07:10,145,0.00,0,24.00,86,1.50
2026-08-28T07:20,95,0.00,0,24.10,85,1.10
2026-08-28T07:30,59,0.00,0,24.40,84,0.80
2026-08-28T07:40,198,0.00,21,24.20,86,1.00
2026-08-28T07:50,190,0.00,21,24.30,85,1.10
2026-08-28T08:00,149,0.00,59,24.50,85,0.70
2026-08-28T08:10,164,0.00,49,24.50,86,1.50
2026-08-28T08:20,177,0.00,98,24.80,85,1.00
2026-08-28T08:30,142,0.00,60,24.90,82,0.70
2026-08-28T08:40,130,0.00,95,24.90,85,1.40
2026-08-28T08:50,95,0.00,125,25.10,83,1.20
2026-08-28T09:00,79,0.00,199,25.60,79,1.40
2026-08-28T09:10,104,0.00,367,26.20,76,1.70
2026-08-28T09:20,,0.00,,26.40,77,
2026-08-28T09:30,124,0.00,266,25.80,77,3.10
2026-08-28T09:40,127,0.00,274,26.10,76,2.60
2026-08-28T09:50,126,0.00,439,26.80,72,2.60
2026-08-28T10:00,112,0.00,197,26.30,74,2.80
2026-08-28T10:10,116,0.00,159,26.30,73,1.90
2026-08-28T10:20,115,0.00,220,26.50,73,2.40
2026-08-28T10:30,117,0.00,373,26.80,74,2.10
2026-08-28T10:40,116,0.00,513,27.70,71,3.00
2026-08-28T10:50,130,0.00,460,27.90,70,3.30
2026-08-28T11:00,110,0.00,246,27.50,72,3.10
2026-08-28T11:10,109,0.00,277,27.80,71,2.40
2026-08-28T11:20,107,0.00,567,29.30,68,2.80
2026-08-28T11:30,129,0.00,375,28.80,65,3.50
2026-08-28T11:40,126,0.00,438,29.20,65,3.80
2026-08-28T11:50,141,0.00,503,29.40,62,3.20
2026-08-28T12:00,142,0.00,617,30.10,62,3.30
2026-08-28T12:10,123,0.00,330,29.30,64,2.50
2026-08-28T12:20,119,0.00,239,28.80,65,2.70
2026-08-28T12:30,130,0.00,253,28.80,66,2.50
2026-08-28T12:40,132,0.00,420,29.10,66,3.10
2026-08-28T12:50,113,0.00,298,28.90,66,2.60
2026-08-28T13:00,103,0.00,321,28.90,67,2.60
2026-08-28T13:10,103,0.00,401,29.20,66,3.80
2026-08-28T13:20,108,0.00,412,29.10,67,3.20
2026-08-28T13:30,100,0.00,559,29.60,65,3.20
2026-08-28T13:40,101,0.00,522,29.90,64,2.70
2026-08-28T13:50,76,0.00,604,30.40,61,2.60
2026-08-28T14:00,65,0.00,688,31.50,58,2.80
2026-08-28T14:10,69,0.00,766,32.10,57,3.10
2026-08-28T14:20,85,0.00,744,32.00,55,2.50
2026-08-28T14:30,87,0.00,481,31.60,54,3.30
2026-08-28T14:40,92,0.00,298,31.50,54,3.80
2026-08-28T14:50,95,0.00,431,32.00,53,3.00
2026-08-28T15:00,83,0.00,684,33.00,49,3.00
2026-08-28T15:10,83,0.00,539,32.60,52,3.00
2026-08-28T15:20,94,0.00,180,31.80,52,2.80
2026-08-28T15:30,81,0.00,83,31.50,54,3.00
2026-08-28T15:40,80,0.00,30,31.10,54,2.70
2026-08-28T15:50,68,0.20,0,29.10,68,2.50
2026-08-28T16:00,49,1.80,61,27.60,83,1.30
2026-08-28T16:10,286,0.60,201,27.60,85,1.10
2026-08-28T16:20,221,0.00,400,27.70,80,1.70
2026-08-28T16:30,37,0.00,120,27.30,83,0.70
2026-08-28T16:40,360,0.00,77,27.50,83,1.60
2026-08-28T16:50,18,0.00,59,27.60,76,2.00
2026-08-28T17:00,281,0.00,18,26.90,82,0.30
2026-08-28T17:10,248,5.40,8,22.10,92,6.00
2026-08-28T17:20,263,5.40,81,20.30,99,3.90
2026-08-28T17:30,296,0.20,76,20.00,99,1.80
2026-08-28T17:40,112,0.00,59,20.90,99,0.50
2026-08-28T17:50,314,0.00,82,20.90,99,6.70
2026-08-28T18:00,333,0.00,76,21.00,99,3.60
2026-08-28T18:10,279,0.00,75,21.10,99,0.60
2026-08-28T18:20,199,0.00,113,21.70,99,1.00
2026-08-28T18:30,188,0.00,53,21.40,99,1.50
2026-08-28T18:40,183,0.00,31,21.50,99,2.20
2026-08-28T18:50,197,0.00,33,21.40,99,2.60
2026-08-28T19:00,246,0.00,39,21.60,99,0.60
2026-08-28T19:10,167,0.00,43,21.80,99,0.20
2026-08-28T19:20,5,0.00,47,21.60,99,1.60
2026-08-28T19:30,96,0.00,35,21.50,99,1.40
2026-08-28T19:40,146,0.00,20,21.50,99,2.40
2026-08-28T19:50,159,0.00,0,21.50,99,2.00
2026-08-28T20:00,146,0.00,0,21.50,99,2.20
2026-08-28T20:10,127,0.00,0,21.60,99,2.10
2026-08-28T20:20,84,0.00,0,21.50,99,1.00
2026-08-28T20:30,71,0.00,0,21.50,99,1.70
2026-08-28T20:40,108,0.00,0,21.40,99,2.80
2026-08-28T20:50,52,0.00,0,21.30,99,3.00
2026-08-28T21:00,109,0.00,0,21.50,99,3.50
2026-08-28T21:10,61,0.00,0,21.40,98,3.10
2026-08-28T21:20,76,0.00,0,21.90,94,3.10
2026-08-28T21:30,69,0.00,0,21.90,92,1.70
2026-08-28T21:40,53,0.00,0,21.60,93,1.90
2026-08-28T21:50,101,0.00,0,21.70,92,1.70
2026-08-28T22:00,72,0.00,0,21.50,94,1.70
2026-08-28T22:10,139,0.00,0,21.40,93,1.70
2026-08-28T22:20,136,0.00,0,21.30,93,2.40
2026-08-28T22:30,130,0.00,0,21.20,94,1.70
2026-08-28T22:40,148,0.00,0,21.10,94,1.40
2026-08-28T22:50,132,0.00,0,21.20,94,1.60
2026-08-28T23:00,104,0.00,0,21.30,92,2.10
2026-08-28T23:10,119,0.00,0,21.20,92,1.60
2026-08-28T23:20,52,0.00,0,21.10,93,1.40
2026-08-28T23:30,79,0.00,0,20.80,94,0.90
2026-08-28T23:40,133,0.00,0,20.60,96,1.30
2026-08-28T23:50,66,0.00,0,20.60,97,0.90
2026-08-29T00:00,50,0.00,0,20.60,97,1.20
2026-08-29T00:10,23,0.00,0,20.50,97,1.20
2026-08-29T00:20,51,0.00,0,20.50,97,1.10
2026-08-29T00:30,36,0.00,0,20.40,98,1.30
2026-08-29T00:40,49,0.00,0,20.30,99,1.10
2026-08-29T00:50,28,0.00,0,20.30,98,1.80
2026-08-29T01:00,51,0.00,0,20.30,98,2.00
2026-08-29T01:10,45,0.00,0,20.30,98,1.70
2026-08-29T01:20,40,0.00,0,20.10,98,1.40
2026-08-29T01:30,32,0.00,0,20.20,98,0.90
2026-08-29T01:40,17,0.00,0,20.30,98,1.10
2026-08-29T01:50,346,0.00,0,20.40,99,0.80
2026-08-29T02:00,1,0.00,0,20.10,99,1.50
2026-08-29T02:10,6,0.00,0,20.10,99,1.50
2026-08-29T02:20,9,0.00,0,20.20,99,1.70
2026-08-29T02:30,21,0.00,0,20.10,99,1.50
2026-08-29T02:40,347,0.00,0,20.20,99,1.70
2026-08-29T02:50,13,0.00,0,19.90,99,1.70
2026-08-29T03:00,19,0.00,0,19.90,99,1.00
2026-08-29T03:10,72,0.00,0,19.80,99,2.20
2026-08-29T03:20,6,0.00,0,19.70,99,1.80
2026-08-29T03:30,69,0.00,0,19.70,99,1.60
2026-08-29T03:40,84,0.00,0,19.70,99,0.80
2026-08-29T03:50,81,0.00,0,19.70,99,1.20
2026-08-29T04:00,88,0.00,0,19.80,99,1.80
2026-08-29T04:10,83,0.00,0,19.80,99,1.80
2026-08-29T04:20,84,0.00,0,20.00,99,2.00
2026-08-29T04:30,97,0.00,0,19.70,99,0.90
2026-08-29T04:40,93,0.00,0,19.70,99,0.90
2026-08-29T04:50,213,0.00,0,19.60,99,0.40
2026-08-29T05:00,178,0.00,0,19.30,99,1.00
2026-08-29T05:10,229,0.00,0,19.80,99,1.80
2026-08-29T05:20,258,0.00,0,19.90,99,1.50
2026-08-29T05:30,232,0.00,0,19.90,99,1.30
2026-08-29T05:40,191,0.00,0,19.60,99,0.70
2026-08-29T05:50,164,0.00,0,19.70,99,1.10
2026-08-29T06:00,201,0.00,0,19.60,99,1.10
2026-08-29T06:10,214,0.00,0,19.50,99,0.90
2026-08-29T06:20,237,0.00,0,19.80,99,1.60
2026-08-29T06:30,260,0.00,0,19.80,99,1.70
2026-08-29T06:40,257,0.00,0,19.80,99,1.30
2026-08-29T06:50,265,0.00,0,19.80,99,0.90
2026-08-29T07:00,267,0.00,0,19.90,99,0.80
2026-08-29T07:10,257,0.00,8,20.30,99,1.30
2026-08-29T07:20,257,0.00,38,20.60,99,2.00
2026-08-29T07:30,274,0.00,54,20.80,99,2.40
2026-08-29T07:40,281,0.00,57,20.80,99,2.30
2026-08-29T07:50,262,0.00,71,20.90,99,2.10
2026-08-29T08:00,260,0.00,69,20.90,99,1.70
2026-08-29T08:10,273,0.00,87,20.90,99,1.50
2026-08-29T08:20,284,0.00,85,21.00,99,1.50
2026-08-29T08:30,269,0.00,178,21.40,99,1.10
2026-08-29T08:40,295,0.00,200,21.80,99,1.80
2026-08-29T08:50,283,0.00,233,21.60,97,1.90
2026-08-29T09:00,280,0.00,322,22.20,95,1.40
2026-08-29T09:10,299,0.00,318,22.20,94,1.80
2026-08-29T09:20,269,0.00,402,22.50,90,2.10
2026-08-29T09:30,279,0.00,406,22.90,90,2.00
2026-08-29T09:40,281,0.00,421,23.20,87,1.80
2026-08-29T09:50,292,0.00,406,23.70,86,2.00
2026-08-29T10:00,296,0.00,357,24.00,84,2.60
2026-08-29T10:10,302,0.00,434,24.20,83,2.20
2026-08-29T10:20,298,0.00,514,24.60,80,3.00
2026-08-29T10:30,305,0.00,574,25.20,78,2.70
2026-08-29T10:40,314,0.00,612,25.00,79,2.80
2026-08-29T10:50,313,0.00,634,25.30,77,2.80
2026-08-29T11:00,292,0.00,665,25.70,80,2.30
2026-08-29T11:10,299,0.00,678,25.90,76,2.00
2026-08-29T11:20,298,0.00,696,26.10,76,2.20
2026-08-29T11:30,293,0.00,719,26.40,74,2.40
2026-08-29T11:40,308,0.00,733,27.00,71,2.40
2026-08-29T11:50,311,0.00,752,27.50,72,2.20
2026-08-29T12:00,325,0.00,763,27.60,68,2.50
2026-08-29T12:10,294,0.00,777,28.10,65,3.10
2026-08-29T12:20,303,0.00,785,28.30,65,2.40
2026-08-29T12:30,287,0.00,554,28.60,65,3.00
2026-08-29T12:40,311,0.00,818,29.00,64,2.40
2026-08-29T12:50,280,0.00,601,28.70,63,2.30
2026-08-29T13:00,301,0.00,805,29.00,65,2.80
2026-08-29T13:10,300,0.00,661,29.50,60,2.80
2026-08-29T13:20,282,0.00,874,29.10,58,2.00
2026-08-29T13:30,318,0.00,910,29.60,60,2.50
2026-08-29T13:40,306,0.00,673,29.90,57,2.40
2026-08-29T13:50,294,0.00,754,29.60,56,2.30
2026-08-29T14:00,284,0.00,824,29.60,59,2.10
2026-08-29T14:10,319,0.00,828,30.10,56,0.70
2026-08-29T14:20,294,0.00,803,30.10,59,1.70
2026-08-29T14:30,296,0.00,799,30.40,57,2.10
2026-08-29T14:40,311,0.00,787,30.50,52,2.00
2026-08-29T14:50,266,0.00,772,30.70,53,2.10
2026-08-29T15:00,274,0.00,761,30.90,49,1.90
2026-08-29T15:10,305,0.00,744,31.10,49,2.50
2026-08-29T15:20,280,0.00,730,31.20,48,2.50
2026-08-29T15:30,271,0.00,711,31.20,45,2.10
2026-08-29T15:40,262,0.00,661,31.20,47,1.90
2026-08-29T15:50,281,0.00,679,30.90,46,2.60
2026-08-29T16:00,314,0.00,638,31.40,46,2.10
2026-08-29T16:10,310,0.00,637,31.70,42,1.10
2026-08-29T16:20,289,0.00,604,31.70,44,1.20
2026-08-29T16:30,301,0.00,580,31.70,42,2.20
2026-08-29T16:40,270,0.00,505,31.60,41,1.90
2026-08-29T16:50,320,0.00,526,31.90,37,1.10
2026-08-29T17:00,295,0.00,494,31.90,41,1.70
2026-08-29T17:10,301,0.00,439,31.80,40,1.60
2026-08-29T17:20,280,0.00,448,31.90,39,1.00
2026-08-29T17:30,297,0.00,424,32.30,35,2.30
2026-08-29T17:40,279,0.00,388,32.20,27,1.40
2026-08-29T17:50,278,0.00,358,32.10,29,2.00
2026-08-29T18:00,241,0.00,324,31.90,33,1.60
2026-08-29T18:10,248,0.00,287,31.90,29,2.00
2026-08-29T18:20,266,0.00,254,32.00,31,0.90
2026-08-29T18:30,273,0.00,228,31.60,37,1.50
2026-08-29T18:40,298,0.00,221,31.90,38,1.70
2026-08-29T18:50,285,0.00,187,32.00,39,1.20
2026-08-29T19:00,319,0.00,145,31.80,39,1.40
2026-08-29T19:10,316,0.00,110,32.00,39,1.40
2026-08-29T19:20,323,0.00,81,31.20,38,1.40
2026-08-29T19:30,304,0.00,60,29.90,47,1.40
2026-08-29T19:40,312,0.00,40,28.60,52,1.80
2026-08-29T19:50,319,0.00,9,27.80,51,1.80
2026-08-29T20:00,326,0.00,0,27.40,56,1.40
2026-08-29T20:10,345,0.00,0,26.20,59,0.50
2026-08-29T20:20,69,0.00,0,25.70,64,0.40
2026-08-29T20:30,56,0.00,0,25.20,67,0.30
2026-08-29T20:40,88,0.00,0,25.10,62,0.10
2026-08-29T20:50,324,0.00,0,24.60,73,0.20
2026-08-29T21:00,278,0.00,0,24.10,70,0.30
2026-08-29T21:10,286,0.00,0,24.00,76,0.60
2026-08-29T21:20,293,0.00,0,23.80,72,0.70
2026-08-29T21:30,303,0.00,0,23.50,73,0.60
2026-08-29T21:40,282,0.00,0,23.50,74,1.60
2026-08-29T21:50,299,0.00,0,23.50,73,2.40
2026-08-29T22:00,314,0.00,0,24.00,67,2.70
2026-08-29T22:10,309,0.00,0,23.70,69,2.30
2026-08-29T22:20,314,0.00,0,23.20,71,1.60
2026-08-29T22:30,316,0.00,0,23.00,72,2.00
2026-08-29T22:40,301,0.00,0,22.80,71,1.60
2026-08-29T22:50,250,0.00,0,22.00,76,1.10
2026-08-29T23:00,236,0.00,0,23.00,71,1.70
2026-08-29T23:10,236,0.00,0,22.20,76,1.20
2026-08-29T23:20,220,0.00,0,21.60,82,0.60
2026-08-29T23:30,294,0.00,0,21.30,83,0.80
2026-08-29T23:40,233,0.00,0,20.80,84,0.80
2026-08-29T23:50,222,0.00,0,20.40,85,1.10
2026-08-30T00:00,249,0.00,0,20.60,87,0.60
2026-08-30T00:10,279,0.00,0,20.60,89,0.40
2026-08-30T00:20,22,0.00,0,20.00,89,1.10
2026-08-30T00:30,351,0.00,0,20.20,84,1.10
2026-08-30T00:40,347,0.00,0,20.30,90,1.30
2026-08-30T00:50,5,0.00,0,20.00,85,1.90
2026-08-30T01:00,359,0.00,0,20.10,86,1.80
2026-08-30T01:10,18,0.00,0,19.80,84,2.00
2026-08-30T01:20,357,0.00,0,20.10,81,2.20
2026-08-30T01:30,20,0.00,0,19.80,81,1.60
2026-08-30T01:40,15,0.00,0,19.90,81,1.60
2026-08-30T01:50,21,0.00,0,20.10,80,1.20
2026-08-30T02:00,5,0.00,0,19.60,85,1.00
2026-08-30T02:10,339,0.00,0,19.40,84,1.20
2026-08-30T02:20,49,0.00,0,19.10,85,0.40
2026-08-30T02:30,348,0.00,0,19.80,79,0.70
2026-08-30T02:40,325,0.00,0,19.70,79,1.80
2026-08-30T02:50,323,0.00,0,19.50,81,1.50
2026-08-30T03:00,303,0.00,0,19.30,80,1.30
2026-08-30T03:10,304,0.00,0,19.40,77,1.50
2026-08-30T03:20,264,0.00,0,18.70,82,0.70
2026-08-30T03:30,198,0.00,0,18.30,88,0.90
2026-08-30T03:40,182,0.00,0,18.80,84,1.30
2026-08-30T03:50,150,0.00,0,18.70,84,1.30
2026-08-30T04:00,140,0.00,0,18.50,87,1.30
2026-08-30T04:10,116,0.00,0,18.80,85,1.10
2026-08-30T04:20,114,0.00,0,18.50,87,0.70
2026-08-30T04:30,128,0.00,0,18.00,90,0.20
2026-08-30T04:40,216,0.00,0,18.20,91,1.00
2026-08-30T04:50,254,0.00,0,18.10,90,0.90
2026-08-30T05:00,228,0.00,0,18.30,93,0.70
2026-08-30T05:10,202,0.00,0,18.00,93,1.20
2026-08-30T05:20,242,0.00,0,18.20,91,1.20
2026-08-30T05:30,208,0.00,0,18.00,92,0.70
2026-08-30T05:40,232,0.00,0,18.20,91,1.10
2026-08-30T05:50,180,0.00,0,18.00,91,1.10
2026-08-30T06:00,212,0.00,0,18.20,91,1.10
2026-08-30T06:10,189,0.00,0,17.80,94,1.40
2026-08-30T06:20,211,0.00,0,17.90,93,1.50
2026-08-30T06:30,235,0.00,0,18.50,91,1.10
2026-08-30T06:40,248,0.00,0,18.20,92,1.20
2026-08-30T06:50,200,0.00,0,17.70,94,0.90
2026-08-30T07:00,217,0.00,0,18.10,93,1.30
2026-08-30T07:10,210,0.00,23,18.30,92,1.20
2026-08-30T07:20,230,0.00,51,18.60,90,1.10
2026-08-30T07:30,256,0.00,73,18.90,92,0.80
2026-08-30T07:40,312,0.00,98,19.20,90,1.20
2026-08-30T07:50,330,0.00,124,19.80,87,1.30
2026-08-30T08:00,321,0.00,154,20.50,81,1.20
2026-08-30T08:10,330,0.00,184,21.30,80,1.00
2026-08-30T08:20,335,0.00,218,21.90,78,1.40
2026-08-30T08:30,329,0.00,251,22.30,78,1.30
2026-08-30T08:40,339,0.00,282,23.20,71,1.30
2026-08-30T08:50,345,0.00,313,23.70,69,1.20
2026-08-30T09:00,324,0.00,342,23.70,67,1.00
2026-08-30T09:10,5,0.00,370,24.30,67,0.50
2026-08-30T09:20,333,0.00,402,24.80,63,1.30
2026-08-30T09:30,335,0.00,432,25.30,63,1.50
2026-08-30T09:40,338,0.00,461,25.50,61,1.90
2026-08-30T09:50,346,0.00,491,25.80,60,1.60
2026-08-30T10:00,346,0.00,515,26.40,58,1.20
2026-08-30T10:10,7,0.00,538,26.60,53,1.00
2026-08-30T10:20,327,0.00,564,26.50,52,1.00
2026-08-30T10:30,244,0.00,586,27.00,56,1.00
2026-08-30T10:40,15,0.00,610,27.40,55,0.80
2026-08-30T10:50,52,0.00,634,27.50,51,1.00
2026-08-30T11:00,94,0.00,653,27.90,51,0.70
2026-08-30T11:10,132,0.00,674,27.60,53,1.50
2026-08-30T11:20,118,0.00,692,27.50,55,1.10
2026-08-30T11:30,131,0.00,707,27.90,55,1.30
2026-08-30T11:40,92,0.00,726,28.30,51,1.10
2026-08-30T11:50,112,0.00,739,28.10,50,1.10
2026-08-30T12:00,80,0.00,755,28.60,50,1.40
2026-08-30T12:10,124,0.00,771,28.40,50,1.50
2026-08-30T12:20,140,0.00,783,28.50,50,1.40
2026-08-30T12:30,97,0.00,790,29.20,49,1.60
2026-08-30T12:40,117,0.00,799,29.10,47,1.80
2026-08-30T12:50,140,0.00,752,29.10,52,1.10
2026-08-30T13:00,51,0.00,805,29.60,46,1.00
2026-08-30T13:10,74,0.00,813,29.60,47,1.40
2026-08-30T13:20,118,0.00,809,29.20,48,2.00
2026-08-30T13:30,46,0.00,812,30.20,46,1.00
2026-08-30T13:40,62,0.00,812,29.80,45,1.50
2026-08-30T13:50,38,0.00,806,30.10,45,1.70
2026-08-30T14:00,33,0.00,801,30.90,48,1.80
2026-08-30T14:10,44,0.00,790,31.20,45,0.90
2026-08-30T14:20,228,0.00,788,30.90,46,1.50
2026-08-30T14:30,194,0.00,775,30.90,44,0.80
2026-08-30T14:40,93,0.00,768,30.60,45,1.90
2026-08-30T14:50,125,0.00,753,30.50,45,1.10
2026-08-30T15:00,120,0.00,742,30.70,44,1.20
2026-08-30T15:10,72,0.00,726,30.80,45,1.00
2026-08-30T15:20,143,0.00,708,30.80,43,0.90
2026-08-30T15:30,158,0.00,691,30.90,44,0.70
2026-08-30T15:40,147,0.00,669,30.80,43,1.00
2026-08-30T15:50,159,0.00,637,30.80,43,1.50
2026-08-30T16:00,180,0.00,616,30.80,43,1.30
2026-08-30T16:10,145,0.00,606,30.80,42,1.30
2026-08-30T16:20,147,0.00,582,31.40,40,0.90
2026-08-30T16:30,58,0.00,565,32.20,40,1.80
2026-08-30T16:40,61,0.00,540,31.50,42,1.80
2026-08-30T16:50,67,0.00,512,31.50,40,1.60
2026-08-30T17:00,42,0.00,481,31.40,40,1.00
2026-08-30T17:10,60,0.00,452,31.00,41,1.20
2026-08-30T17:20,91,0.00,426,31.30,40,1.70
2026-08-30T17:30,93,0.00,394,31.10,39,0.90
2026-08-30T17:40,134,0.00,367,31.50,39,1.60
2026-08-30T17:50,76,0.00,335,31.20,39,1.70
2026-08-30T18:00,51,0.00,305,31.00,40,1.80
2026-08-30T18:10,53,0.00,276,30.80,42,2.00
2026-08-30T18:20,63,0.00,246,30.70,40,1.80
2026-08-30T18:30,81,0.00,217,30.50,41,1.60
2026-08-30T18:40,71,0.00,186,30.40,44,1.80
2026-08-30T18:50,58,0.00,156,30.10,45,2.00
2026-08-30T19:00,63,0.00,127,29.80,46,1.80
2026-08-30T19:10,58,0.00,99,29.50,47,1.70
2026-08-30T19:20,47,0.00,74,29.10,49,1.60
2026-08-30T19:30,49,0.00,51,28.60,50,1.60
2026-08-30T19:40,62,0.00,28,28.30,49,1.70
2026-08-30T19:50,56,0.00,0,28.00,53,1.40
2026-08-30T20:00,41,0.00,0,27.00,58,1.40
2026-08-30T20:10,51,0.00,0,26.40,61,1.50
2026-08-30T20:20,52,0.00,0,25.70,62,1.60
2026-08-30T20:30,49,0.00,0,25.40,65,1.70
2026-08-30T20:40,35,0.00,0,25.10,66,1.60
2026-08-30T20:50,39,0.00,0,24.60,70,1.70
2026-08-30T21:00,43,0.00,0,24.70,69,1.50
2026-08-30T21:10,36,0.00,0,24.30,72,1.60
2026-08-30T21:20,46,0.00,0,23.90,72,1.50
2026-08-30T21:30,53,0.00,0,24.20,71,1.50
2026-08-30T21:40,47,0.00,0,23.90,76,1.60
2026-08-30T21:50,73,0.00,0,23.60,76,0.70
2026-08-30T22:00,65,0.00,0,23.30,79,0.90
2026-08-30T22:10,53,0.00,0,23.00,83,1.30
2026-08-30T22:20,55,0.00,0,22.60,82,1.20
2026-08-30T22:30,46,0.00,0,22.50,83,1.20
2026-08-30T22:40,70,0.00,0,22.60,83,0.90
2026-08-30T22:50,111,0.00,0,22.70,80,1.10
2026-08-30T23:00,127,0.00,0,22.40,82,1.00
2026-08-30T23:10,99,0.00,0,22.20,81,0.70
2026-08-30T23:20,69,0.00,0,22.40,86,0.40
2026-08-30T23:30,67,0.00,0,22.50,81,0.60
2026-08-30T23:40,72,0.00,0,22.20,83,0.60
2026-08-30T23:50,130,0.00,0,21.80,84,0.30
2026-08-31T00:00,69,0.00,0,21.70,87,0.50
2026-08-31T00:10,33,0.00,0,21.90,87,1.10
2026-08-31T00:20,22,0.00,0,21.70,87,1.80
2026-08-31T00:30,8,0.00,0,21.70,87,1.00
2026-08-31T00:40,308,0.00,0,21.30,88,0.50
2026-08-31T00:50,228,0.00,0,21.20,91,0.70
2026-08-31T01:00,234,0.00,0,21.20,91,0.70
2026-08-31T01:10,250,0.00,0,21.20,89,1.00
2026-08-31T01:20,294,0.00,0,21.20,87,1.00
2026-08-31T01:30,312,0.00,0,21.20,88,0.80
2026-08-31T01:40,308,0.00,0,21.30,89,1.30
2026-08-31T01:50,282,0.00,0,20.90,91,0.90
2026-08-31T02:00,326,0.00,0,20.80,90,0.80
2026-08-31T02:10,338,0.00,0,20.50,93,1.30
2026-08-31T02:20,330,0.00,0,20.40,90,1.40
2026-08-31T02:30,347,0.00,0,20.70,89,1.40
2026-08-31T02:40,345,0.00,0,20.50,87,0.90
2026-08-31T02:50,322,0.00,0,20.70,89,1.00
2026-08-31T03:00,307,0.00,0,20.70,87,1.60
2026-08-31T03:10,327,0.00,0,20.60,89,1.00
2026-08-31T03:20,357,0.00,0,20.40,90,1.20
2026-08-31T03:30,4,0.00,0,20.20,90,1.20
2026-08-31T03:40,352,0.00,0,20.20,92,1.30
2026-08-31T03:50,6,0.00,0,20.00,91,1.60
2026-08-31T04:00,20,0.00,0,19.90,92,1.70
2026-08-31T04:10,31,0.00,0,19.80,92,1.20
2026-08-31T04:20,61,0.00,0,20.20,89,0.70
2026-08-31T04:30,34,0.00,0,20.50,88,0.70
2026-08-31T04:40,51,0.00,0,20.30,87,0.30
2026-08-31T04:50,2,0.00,0,20.30,90,0.70
2026-08-31T05:00,3,0.00,0,19.80,93,1.60
2026-08-31T05:10,14,0.00,0,19.60,93,1.20
2026-08-31T05:20,6,0.00,0,19.90,89,1.60
2026-08-31T05:30,14,0.00,0,20.20,89,0.90
2026-08-31T05:40,290,0.00,0,19.90,90,2.10
2026-08-31T05:50,293,0.00,0,20.00,90,2.20
2026-08-31T06:00,295,0.00,0,19.70,91,2.00
2026-08-31T06:10,299,0.00,0,19.50,92,1.50
2026-08-31T06:20,310,0.00,0,19.40,92,1.40
2026-08-31T06:30,303,0.00,0,19.30,93,1.30
2026-08-31T06:40,288,0.00,0,20.00,91,1.30
2026-08-31T06:50,259,0.00,0,20.30,89,1.90
2026-08-31T07:00,266,0.00,0,20.10,89,1.70
2026-08-31T07:10,285,0.00,18,20.00,90,1.40
2026-08-31T07:20,305,0.00,43,19.90,90,1.20
2026-08-31T07:30,309,0.00,65,20.20,89,1.00
2026-08-31T07:40,310,0.00,92,20.70,87,0.90
2026-08-31T07:50,256,0.00,119,21.50,83,0.80
2026-08-31T08:00,228,0.00,147,22.00,83,1.50
2026-08-31T08:10,252,0.00,178,22.20,81,1.60
2026-08-31T08:20,309,0.00,209,22.70,80,1.80
2026-08-31T08:30,311,0.00,241,23.40,77,2.20
2026-08-31T08:40,318,0.00,273,23.80,76,2.50
2026-08-31T08:50,311,0.00,302,24.30,70,2.60
2026-08-31T09:00,288,0.00,332,24.50,70,2.30
2026-08-31T09:10,311,0.00,360,25.10,67,2.00
2026-08-31T09:20,352,0.00,391,25.30,65,2.30
2026-08-31T09:30,350,0.00,419,25.80,64,2.20
2026-08-31T09:40,326,0.00,451,26.30,63,2.50
2026-08-31T09:50,313,0.00,482,26.40,57,3.20
2026-08-31T10:00,296,0.00,511,26.80,56,3.60
2026-08-31T10:10,294,0.00,537,26.50,57,2.60
2026-08-31T10:20,288,0.00,567,26.80,54,2.30
2026-08-31T10:30,279,0.00,591,27.60,57,2.50
2026-08-31T10:40,298,0.00,616,27.50,54,2.70
2026-08-31T10:50,280,0.00,638,27.80,52,2.60
2026-08-31T11:00,287,0.00,656,27.90,55,1.90
2026-08-31T11:10,265,0.00,675,28.10,52,2.10
2026-08-31T11:20,266,0.00,694,28.60,53,2.80
2026-08-31T11:30,283,0.00,712,28.80,51,2.80
2026-08-31T11:40,279,0.00,728,28.90,53,2.60
2026-08-31T11:50,285,0.00,743,29.10,50,2.70
2026-08-31T12:00,285,0.00,755,29.40,52,2.20
2026-08-31T12:10,295,0.00,767,30.10,46,2.40
2026-08-31T12:20,308,0.00,778,30.10,46,2.50
2026-08-31T12:30,305,0.00,788,30.50,46,2.40
2026-08-31T12:40,301,0.00,795,30.70,44,2.30
2026-08-31T12:50,265,0.00,803,30.30,45,2.50
2026-08-31T13:00,300,0.00,806,31.10,44,2.40
2026-08-31T13:10,328,0.00,808,31.50,43,1.90
2026-08-31T13:20,308,0.00,811,31.50,42,1.50
2026-08-31T13:30,357,0.00,811,31.20,43,1.40
2026-08-31T13:40,267,0.00,810,31.80,43,1.70
2026-08-31T13:50,276,0.00,808,31.70,42,1.80
2026-08-31T14:00,309,0.00,801,32.00,41,1.30
2026-08-31T14:10,283,0.00,796,32.00,40,2.20
2026-08-31T14:20,296,0.00,789,32.60,39,2.00
2026-08-31T14:30,302,0.00,772,31.90,43,1.20
2026-08-31T14:40,326,0.00,767,32.20,42,2.30
2026-08-31T14:50,266,0.00,750,32.70,40,1.70
2026-08-31T15:00,291,0.00,740,32.90,42,2.40
2026-08-31T15:10,317,0.00,727,32.90,39,1.80
2026-08-31T15:20,267,0.00,705,32.70,39,0.80
2026-08-31T15:30,273,0.00,689,33.10,39,0.70
2026-08-31T15:40,196,0.00,670,32.70,42,1.00
2026-08-31T15:50,260,0.00,651,32.80,36,1.90
2026-08-31T16:00,256,0.00,629,33.30,41,1.80
2026-08-31T16:10,231,0.00,605,33.60,34,1.10
2026-08-31T16:20,265,0.00,585,33.50,36,2.40
2026-08-31T16:30,243,0.00,559,33.80,36,1.50
2026-08-31T16:40,251,0.00,533,33.40,38,2.00
2026-08-31T16:50,250,0.00,509,33.30,38,2.30
2026-08-31T17:00,314,0.00,485,33.60,37,2.60
2026-08-31T17:10,312,0.00,456,33.50,39,3.40
2026-08-31T17:20,290,0.00,432,33.30,38,2.70
2026-08-31T17:30,316,0.00,402,33.10,35,2.30
2026-08-31T17:40,327,0.00,367,33.50,39,2.30
2026-08-31T17:50,339,0.00,339,33.40,40,1.60
2026-08-31T18:00,309,0.00,309,33.20,36,1.80
2026-08-31T18:10,309,0.00,279,33.20,37,1.80
2026-08-31T18:20,309,0.00,249,33.40,37,1.70
2026-08-31T18:30,285,0.00,223,32.90,37,1.10
2026-08-31T18:40,286,0.00,185,32.90,39,1.00
2026-08-31T18:50,292,0.00,153,33.30,38,1.40
2026-08-31T19:00,298,0.00,123,32.90,41,1.30
2026-08-31T19:10,304,0.00,98,32.60,40,1.30
2026-08-31T19:20,353,0.00,71,31.40,46,1.20
2026-08-31T19:30,20,0.00,47,30.80,45,0.70
2026-08-31T19:40,17,0.00,18,29.60,51,0.90
2026-08-31T19:50,2,0.00,0,28.90,52,1.80
2026-08-31T20:00,355,0.00,0,28.30,52,2.20
2026-08-31T20:10,359,0.00,0,27.60,54,2.00
2026-08-31T20:20,353,0.00,0,27.10,59,1.70
2026-08-31T20:30,2,0.00,0,26.20,65,1.60
2026-08-31T20:40,70,0.00,0,25.90,64,0.80
2026-08-31T20:50,156,0.00,0,25.00,68,1.80
2026-08-31T21:00,157,0.00,0,24.80,67,1.70
2026-08-31T21:10,149,0.00,0,25.10,67,1.00
2026-08-31T21:20,202,0.00,0,25.10,72,0.50
2026-08-31T21:30,222,0.00,0,24.80,73,0.60
2026-08-31T21:40,294,0.00,0,24.70,74,0.70
2026-08-31T21:50,308,0.00,0,24.50,73,1.70
2026-08-31T22:00,295,0.00,0,24.60,71,3.00
2026-08-31T22:10,295,0.00,0,25.50,66,2.90
2026-08-31T22:20,306,0.00,0,25.10,68,2.60
2026-08-31T22:30,296,0.00,0,25.00,68,2.50
2026-08-31T22:40,291,0.00,0,25.00,69,2.90
2026-08-31T22:50,293,0.00,0,25.10,69,3.10
2026-08-31T23:00,307,0.00,0,24.50,72,2.40
2026-08-31T23:10,304,0.00,0,24.40,72,2.60
2026-08-31T23:20,300,0.00,0,24.70,71,2.80
2026-08-31T23:30,293,0.00,0,24.60,72,2.60
2026-08-31T23:40,295,0.00,0,24.30,73,2.40
2026-08-31T23:50,297,0.00,0,23.90,75,2.00
2026-09-01T00:00,290,0.00,0,23.80,76,1.40
2026-09-01T00:10,270,0.00,0,23.70,77,1.40
2026-09-01T00:20,344,0.00,0,23.00,79,1.50
2026-09-01T00:30,324,0.00,0,23.10,78,2.00
2026-09-01T00:40,323,0.00,0,22.80,80,1.60
2026-09-01T00:50,336,0.00,0,22.80,80,1.30
2026-09-01T01:00,317,0.00,0,23.00,80,1.60
2026-09-01T01:10,314,0.00,0,22.90,81,2.30
2026-09-01T01:20,312,0.00,0,23.10,80,2.20
2026-09-01T01:30,301,0.00,0,22.90,81,2.40
2026-09-01T01:40,300,0.00,0,22.80,82,2.40
2026-09-01T01:50,282,0.00,0,23.00,81,2.30
2026-09-01T02:00,285,0.00,0,22.80,81,2.30
2026-09-01T02:10,293,0.00,0,22.70,81,2.50
2026-09-01T02:20,292,0.00,0,22.90,80,3.10
2026-09-01T02:30,292,0.00,0,23.00,80,3.00
2026-09-01T02:40,278,0.00,0,22.90,80,2.90
2026-09-01T02:50,286,0.00,0,23.10,79,2.90
2026-09-01T03:00,292,0.00,0,23.00,79,2.90
2026-09-01T03:10,304,0.00,0,22.70,80,2.80
2026-09-01T03:20,349,0.00,0,22.30,82,1.90
2026-09-01T03:30,14,0.00,0,21.90,84,1.50
2026-09-01T03:40,6,0.00,0,21.60,85,1.20
2026-09-01T03:50,337,0.00,0,21.70,85,1.00
2026-09-01T04:00,342,0.00,0,21.60,86,1.20
2026-09-01T04:10,338,0.00,0,21.60,86,1.10
2026-09-01T04:20,343,0.00,0,21.50,86,1.00
2026-09-01T04:30,40,0.00,0,21.70,86,0.40
2026-09-01T04:40,132,0.00,0,21.50,86,1.30
2026-09-01T04:50,149,0.00,0,20.90,89,2.10
2026-09-01T05:00,142,0.00,0,21.00,88,1.70
2026-09-01T05:10,143,0.00,0,20.80,89,1.80
2026-09-01T05:20,154,0.00,0,20.80,90,1.60
2026-09-01T05:30,162,0.00,0,20.70,89,1.70
2026-09-01T05:40,173,0.00,0,20.50,91,1.60
2026-09-01T05:50,177,0.00,0,20.60,91,1.50
2026-09-01T06:00,171,0.00,0,20.20,93,1.40
2026-09-01T06:10,157,0.00,0,20.20,94,1.30
2026-09-01T06:20,138,0.00,0,20.30,93,2.20
2026-09-01T06:30,141,0.00,0,20.50,92,1.80
2026-09-01T06:40,127,0.00,0,20.60,91,1.30
2026-09-01T06:50,132,0.00,0,20.40,92,0.60
2026-09-01T07:00,344,0.00,0,20.40,93,0.20
2026-09-01T07:10,295,0.00,11,20.50,94,1.10
2026-09-01T07:20,34,0.00,41,20.40,95,1.20
2026-09-01T07:30,38,0.00,61,20.70,96,1.60
2026-09-01T07:40,42,0.00,82,21.20,94,1.50
2026-09-01T07:50,58,0.00,104,22.10,87,1.40
2026-09-01T08:00,75,0.00,137,23.00,81,1.10
2026-09-01T08:10,80,0.00,164,23.30,78,1.10
2026-09-01T08:20,91,0.00,192,23.60,78,1.20
2026-09-01T08:30,101,0.00,226,24.20,77,1.40
2026-09-01T08:40,117,0.00,256,24.60,74,2.20
2026-09-01T08:50,136,0.00,287,24.90,73,2.30
2026-09-01T09:00,137,0.00,320,25.10,72,2.20
2026-09-01T09:10,142,0.00,352,25.30,70,2.30
2026-09-01T09:20,141,0.00,370,25.50,69,3.00
2026-09-01T09:30,136,0.00,407,26.20,65,3.30
2026-09-01T09:40,133,0.00,444,26.10,62,2.70
2026-09-01T09:50,102,0.00,478,26.70,63,2.10
2026-09-01T10:00,106,0.00,459,26.40,63,3.10
2026-09-01T10:10,109,0.00,326,25.70,62,3.10
2026-09-01T10:20,119,0.00,443,26.80,58,2.90
2026-09-01T10:30,123,0.00,463,26.70,55,3.20
2026-09-01T10:40,123,0.00,451,27.60,55,4.10
2026-09-01T10:50,118,0.00,541,27.80,52,3.70
2026-09-01T11:00,112,0.00,662,28.30,51,3.90
2026-09-01T11:10,115,0.00,613,28.00,49,4.10
2026-09-01T11:20,123,0.00,716,28.10,48,4.90
2026-09-01T11:30,116,0.00,675,28.60,48,4.90
2026-09-01T11:40,116,0.00,687,28.60,46,4.50
2026-09-01T11:50,126,0.00,792,28.70,47,3.80
2026-09-01T12:00,125,0.00,783,28.90,47,4.00
2026-09-01T12:10,125,0.00,716,29.00,48,4.20
2026-09-01T12:20,132,0.00,666,28.90,50,3.90
2026-09-01T12:30,137,0.00,702,29.20,50,4.20
2026-09-01T12:40,130,0.00,734,29.70,49,3.30
2026-09-01T12:50,111,0.00,721,29.10,51,4.00
2026-09-01T13:00,132,0.00,757,29.20,50,3.60
2026-09-01T13:10,132,0.00,794,29.20,49,3.70
2026-09-01T13:20,98,0.00,789,29.60,49,2.80
2026-09-01T13:30,110,0.00,791,30.00,47,2.60
2026-09-01T13:40,149,0.00,790,30.00,48,2.10
2026-09-01T13:50,110,0.00,678,30.00,46,1.60
2026-09-01T14:00,92,0.00,739,30.40,46,2.40
2026-09-01T14:10,76,0.00,777,30.70,44,2.10
2026-09-01T14:20,118,0.00,797,30.60,46,2.70
2026-09-01T14:30,127,0.00,757,31.00,45,2.40
2026-09-01T14:40,115,0.00,755,30.60,46,3.00
2026-09-01T14:50,92,0.00,741,30.80,45,2.20
2026-09-01T15:00,99,0.00,722,30.80,46,3.10
2026-09-01T15:10,136,0.00,714,30.70,48,2.60
2026-09-01T15:20,130,0.00,711,31.10,45,3.00
2026-09-01T15:30,111,0.00,688,31.60,45,1.70
2026-09-01T15:40,105,0.00,689,31.30,46,2.40
2026-09-01T15:50,102,0.00,669,31.50,45,2.20
2026-09-01T16:00,123,0.00,643,31.00,45,1.90
2026-09-01T16:10,66,0.00,537,31.40,45,2.70
2026-09-01T16:20,130,0.00,231,31.70,47,1.70
2026-09-01T16:30,56,0.00,488,30.90,45,2.10
2026-09-01T16:40,80,0.00,528,31.20,44,1.30
2026-09-01T16:50,92,0.00,494,31.10,45,2.70
2026-09-01T17:00,90,0.00,473,31.20,44,2.50
2026-09-01T17:10,110,0.00,433,31.20,44,1.60
2026-09-01T17:20,86,0.00,411,31.60,43,2.30
2026-09-01T17:30,79,0.00,384,31.30,45,2.50
2026-09-01T17:40,70,0.00,347,31.20,45,2.30
2026-09-01T17:50,85,0.00,322,31.20,45,2.00
2026-09-01T18:00,90,0.00,291,31.00,45,2.00
2026-09-01T18:10,110,0.00,260,30.90,46,1.70
2026-09-01T18:20,86,0.00,232,30.80,45,1.70
2026-09-01T18:30,75,0.00,202,30.90,46,1.70
2026-09-01T18:40,68,0.00,170,30.80,46,1.90
2026-09-01T18:50,71,0.00,140,30.70,47,1.80
2026-09-01T19:00,73,0.00,113,30.60,47,1.60
2026-09-01T19:10,63,0.00,72,29.90,49,1.70
2026-09-01T19:20,65,0.00,37,29.40,51,1.90
2026-09-01T19:30,63,0.00,6,28.70,54,2.00
2026-09-01T19:40,58,0.00,0,28.50,54,1.70
2026-09-01T19:50,60,0.00,0,27.90,57,1.60
2026-09-01T20:00,68,0.00,0,27.50,58,1.80
2026-09-01T20:10,57,0.00,0,27.70,59,1.80
2026-09-01T20:20,50,0.00,0,26.60,65,1.70
2026-09-01T20:30,56,0.00,0,26.20,66,2.00
2026-09-01T20:40,63,0.00,0,26.80,64,2.20
2026-09-01T20:50,55,0.00,0,26.20,66,2.00
2026-09-01T21:00,63,0.00,0,26.30,65,2.00
2026-09-01T21:10,68,0.00,0,25.90,67,2.40
2026-09-01T21:20,79,0.00,0,26.30,66,2.40
2026-09-01T21:30,90,0.00,0,26.90,63,2.00
2026-09-01T21:40,96,0.00,0,26.30,66,1.60
2026-09-01T21:50,113,0.00,0,25.90,68,1.40
2026-09-01T22:00,113,0.00,0,25.60,69,2.20
2026-09-01T22:10,125,0.00,0,25.50,69,2.30
2026-09-01T22:20,125,0.00,0,25.20,70,2.20
2026-09-01T22:30,122,0.00,0,25.10,70,2.00
2026-09-01T22:40,113,0.00,0,25.10,70,2.30
2026-09-01T22:50,120,0.00,0,24.90,71,2.00
2026-09-01T23:00,121,0.00,0,24.80,71,1.70
2026-09-01T23:10,124,0.00,0,24.20,74,1.30
2026-09-01T23:20,158,0.00,0,24.30,72,1.20
2026-09-01T23:30,138,0.00,0,24.60,71,1.50
2026-09-01T23:40,130,0.00,0,24.30,72,1.90
2026-09-01T23:50,133,0.00,0,23.90,74,1.70
2026-09-02T00:00,112,0.00,0,23.80,75,1.70
2026-09-02T00:10,108,0.00,0,24.00,74,1.50
2026-09-02T00:20,104,0.00,0,23.90,75,1.40
2026-09-02T00:30,88,0.00,0,23.90,74,1.20
2026-09-02T00:40,77,0.00,0,23.10,78,1.40
2026-09-02T00:50,81,0.00,0,22.50,81,1.30
2026-09-02T01:00,67,0.00,0,22.40,81,1.60
2026-09-02T01:10,58,0.00,0,22.40,82,1.40
2026-09-02T01:20,27,0.00,0,22.20,84,1.30
2026-09-02T01:30,34,0.00,0,22.10,83,1.20
2026-09-02T01:40,27,0.00,0,21.90,85,1.80
2026-09-02T01:50,28,0.00,0,21.70,84,1.80
2026-09-02T02:00,35,0.00,0,21.50,87,1.50
2026-09-02T02:10,45,0.00,0,21.30,86,1.60
2026-09-02T02:20,19,0.00,0,21.30,87,1.20
2026-09-02T02:30,34,0.00,0,21.00,89,1.40
2026-09-02T02:40,31,0.00,0,21.10,87,0.40
2026-09-02T02:50,22,0.00,0,21.40,88,0.40
2026-09-02T03:00,38,0.00,0,21.10,88,1.10
2026-09-02T03:10,45,0.00,0,21.20,87,0.90
2026-09-02T03:20,44,0.00,0,21.10,87,1.00
2026-09-02T03:30,58,0.00,0,20.90,89,0.30
2026-09-02T03:40,65,0.00,0,20.70,90,0.40
2026-09-02T03:50,91,0.00,0,20.50,91,0.80
2026-09-02T04:00,119,0.00,0,20.60,92,0.50
2026-09-02T04:10,174,0.00,0,20.40,94,0.70
2026-09-02T04:20,173,0.00,0,20.50,92,0.30
2026-09-02T04:30,230,0.00,0,20.40,92,0.60
2026-09-02T04:40,224,0.00,0,20.50,94,0.20
2026-09-02T04:50,82,0.00,0,20.30,95,0.40
2026-09-02T05:00,108,0.00,0,20.30,95,0.50
2026-09-02T05:10,121,0.00,0,20.30,95,0.60
2026-09-02T05:20,115,0.00,0,20.50,91,1.00
2026-09-02T05:30,104,0.00,0,20.60,88,1.00
2026-09-02T05:40,95,0.00,0,20.20,89,1.30
2026-09-02T05:50,96,0.00,0,20.60,86,1.90
2026-09-02T06:00,110,0.00,0,20.70,85,2.00
2026-09-02T06:10,99,0.00,0,20.60,86,1.50
2026-09-02T06:20,271,0.00,0,20.10,91,0.60
2026-09-02T06:30,306,0.00,0,19.90,92,1.10
2026-09-02T06:40,320,0.00,0,19.80,92,0.80
2026-09-02T06:50,317,0.00,0,19.70,92,0.40
2026-09-02T07:00,6,0.00,0,19.80,93,1.00
2026-09-02T07:10,359,0.00,0,19.90,93,1.10
2026-09-02T07:20,15,0.00,25,19.90,94,1.20
2026-09-02T07:30,360,0.00,36,20.10,94,1.10
2026-09-02T07:40,46,0.00,45,20.20,95,0.70
2026-09-02T07:50,57,0.00,84,20.50,94,1.00
2026-09-02T08:00,56,0.00,132,21.20,91,0.90
2026-09-02T08:10,48,0.00,155,22.00,84,0.50
2026-09-02T08:20,80,0.00,178,22.80,76,0.40
2026-09-02T08:30,130,0.00,217,23.80,70,0.80
2026-09-02T08:40,141,0.00,249,24.30,70,1.00
2026-09-02T08:50,142,0.00,282,24.60,65,1.40
2026-09-02T09:00,140,0.00,326,24.80,65,1.20
2026-09-02T09:10,141,0.00,321,25.50,63,1.30
2026-09-02T09:20,157,0.00,358,25.40,61,1.30
2026-09-02T09:30,165,0.00,435,25.90,61,1.50
2026-09-02T09:40,176,0.00,499,26.50,59,1.40
2026-09-02T09:50,191,0.00,531,26.90,59,1.40
2026-09-02T10:00,203,0.00,408,26.70,59,1.30
2026-09-02T10:10,219,0.00,416,26.70,60,1.00
2026-09-02T10:20,215,0.00,564,27.00,59,0.80
2026-09-02T10:30,174,0.00,611,28.20,59,0.40
2026-09-02T10:40,82,0.00,647,28.40,55,1.10
2026-09-02T10:50,91,0.00,611,28.60,56,1.00
2026-09-02T11:00,119,0.00,407,27.90,57,1.20
2026-09-02T11:10,100,0.00,687,28.50,54,1.70
2026-09-02T11:20,112,0.00,446,27.90,56,1.00
2026-09-02T11:30,99,0.00,313,27.40,58,1.30
2026-09-02T11:40,86,0.00,624,27.80,56,1.40
2026-09-02T11:50,60,0.00,767,28.80,54,1.60
2026-09-02T12:00,51,0.00,705,29.20,54,0.90
2026-09-02T12:10,61,0.00,654,29.60,53,0.90
2026-09-02T12:20,188,0.00,518,29.20,52,1.10
2026-09-02T12:30,81,0.00,788,29.50,53,1.00
2026-09-02T12:40,51,0.00,789,29.90,52,1.50
2026-09-02T12:50,61,0.00,801,29.90,50,1.10
2026-09-02T13:00,169,0.00,826,30.60,47,1.60
2026-09-02T13:10,203,0.00,583,29.80,50,0.60
2026-09-02T13:20,176,0.00,752,30.60,48,0.80
2026-09-02T13:30,259,0.00,711,30.60,50,0.90
2026-09-02T13:40,273,0.00,759,31.10,50,1.60
2026-09-02T13:50,221,0.00,790,30.90,46,1.60
2026-09-02T14:00,5,0.00,778,31.20,50,0.70
2026-09-02T14:10,30,0.00,765,31.80,47,0.50
2026-09-02T14:20,239,0.00,769,31.30,47,1.30
2026-09-02T14:30,204,0.00,782,31.70,50,1.10
2026-09-02T14:40,22,0.00,809,31.70,48,1.40
2026-09-02T14:50,305,0.00,210,30.50,49,1.00
2026-09-02T15:00,264,0.00,527,31.10,48,1.20
2026-09-02T15:10,316,0.00,228,31.60,47,1.80
2026-09-02T15:20,299,0.00,436,30.60,48,0.90
2026-09-02T15:30,245,0.00,641,31.60,53,0.80
2026-09-02T15:40,295,0.00,652,32.30,44,1.40
2026-09-02T15:50,268,0.00,649,32.30,40,2.20
2026-09-02T16:00,241,0.00,560,32.40,43,1.80
2026-09-02T16:10,188,0.00,580,32.70,40,1.70
2026-09-02T16:20,302,0.00,564,32.90,41,1.70
2026-09-02T16:30,311,0.00,528,32.90,41,0.90
2026-09-02T16:40,282,0.00,519,32.50,40,2.60
2026-09-02T16:50,310,0.00,499,32.80,40,2.00
2026-09-02T17:00,315,0.00,492,32.90,41,2.60
2026-09-02T17:10,341,0.00,458,32.70,40,2.10
2026-09-02T17:20,281,0.00,411,32.60,41,2.40
2026-09-02T17:30,293,0.00,382,32.60,42,2.20
2026-09-02T17:40,301,0.00,362,32.60,40,2.10
2026-09-02T17:50,295,0.00,323,32.40,39,2.10
2026-09-02T18:00,302,0.00,299,32.30,42,2.60
2026-09-02T18:10,299,0.00,268,32.20,42,2.40
2026-09-02T18:20,290,0.00,240,32.00,40,2.60
2026-09-02T18:30,289,0.00,208,31.70,39,2.60
2026-09-02T18:40,277,0.00,176,31.30,43,2.30
2026-09-02T18:50,280,0.00,147,31.20,44,2.00
2026-09-02T19:00,285,0.00,121,30.90,45,2.50
2026-09-02T19:10,290,0.00,92,30.60,45,2.10
2026-09-02T19:20,278,0.00,66,30.00,47,1.60
2026-09-02T19:30,273,0.00,42,29.10,50,1.40
2026-09-02T19:40,278,0.00,11,28.00,54,1.20
2026-09-02T19:50,308,0.00,0,27.20,58,1.00
2026-09-02T20:00,344,0.00,0,26.90,61,0.60
2026-09-02T20:10,343,0.00,0,26.00,63,0.90
2026-09-02T20:20,326,0.00,0,25.20,67,0.80
2026-09-02T20:30,302,0.00,0,24.80,71,0.60
2026-09-02T20:40,0,0.00,0,24.20,72,0.40
2026-09-02T20:50,237,0.00,0,24.00,71,0.20
2026-09-02T21:00,193,0.00,0,23.40,77,0.30
2026-09-02T21:10,210,0.00,0,23.30,76,0.70
2026-09-02T21:20,220,0.00,0,23.80,74,1.00
2026-09-02T21:30,214,0.00,0,23.90,73,1.00
2026-09-02T21:40,217,0.00,0,23.60,74,0.90
2026-09-02T21:50,248,0.00,0,23.10,81,0.70
2026-09-02T22:00,257,0.00,0,23.00,81,0.90
2026-09-02T22:10,250,0.00,0,22.60,82,1.20
2026-09-02T22:20,260,0.00,0,22.40,82,1.00
2026-09-02T22:30,267,0.00,0,22.70,81,1.20
2026-09-02T22:40,274,0.00,0,22.60,82,1.00
2026-09-02T22:50,277,0.00,0,22.20,85,0.90
2026-09-02T23:00,262,0.00,0,22.10,86,1.20
2026-09-02T23:10,259,0.00,0,22.20,87,0.90
2026-09-02T23:20,260,0.00,0,21.80,89,0.60
2026-09-02T23:30,264,0.00,0,22.00,87,0.90
2026-09-02T23:40,262,0.00,0,21.90,87,1.00
2026-09-02T23:50,272,0.00,0,21.90,89,0.80
2026-09-03T00:00,277,0.00,0,21.70,89,0.70
2026-09-03T00:10,266,0.00,0,22.00,89,1.30
2026-09-03T00:20,250,0.00,0,22.90,83,1.70
2026-09-03T00:30,257,0.00,0,23.00,81,1.60
2026-09-03T00:40,279,0.00,0,22.80,82,1.70
2026-09-03T00:50,262,0.00,0,23.00,82,1.70
2026-09-03T01:00,260,0.00,0,22.80,82,1.50
2026-09-03T01:10,280,0.00,0,22.30,84,1.10
2026-09-03T01:20,324,0.00,0,21.90,88,0.80
2026-09-03T01:30,309,0.00,0,21.60,88,1.30
2026-09-03T01:40,304,0.00,0,21.50,88,1.60
2026-09-03T01:50,310,0.00,0,21.50,88,1.60
2026-09-03T02:00,324,0.00,0,21.50,88,1.30
2026-09-03T02:10,344,0.00,0,21.40,89,0.80
2026-09-03T02:20,311,0.00,0,21.30,89,0.80
2026-09-03T02:30,328,0.00,0,21.20,90,1.00
2026-09-03T02:40,357,0.00,0,20.70,91,0.60
2026-09-03T02:50,100,0.00,0,19.80,93,0.30
2026-09-03T03:00,31,0.00,0,20.50,95,0.10
2026-09-03T03:10,51,0.00,0,20.40,94,0.60
2026-09-03T03:20,39,0.00,0,20.50,93,0.50
2026-09-03T03:30,333,0.00,0,20.30,94,0.30
2026-09-03T03:40,306,0.00,0,20.50,94,0.60
2026-09-03T03:50,322,0.00,0,20.60,94,0.70
2026-09-03T04:00,297,0.00,0,20.40,96,0.50
2026-09-03T04:10,280,0.00,0,20.20,97,0.80
2026-09-03T04:20,319,0.00,0,19.90,97,0.80
2026-09-03T04:30,319,0.00,0,20.00,98,1.00
2026-09-03T04:40,13,0.00,0,19.60,96,0.90
2026-09-03T04:50,50,0.00,0,19.50,97,0.90
2026-09-03T05:00,60,0.00,0,19.50,97,1.10
2026-09-03T05:10,126,0.00,0,19.10,98,0.70
2026-09-03T05:20,165,0.00,0,19.20,99,1.00
2026-09-03T05:30,202,0.00,0,19.50,99,0.60
2026-09-03T05:40,158,0.00,0,19.20,99,0.60
2026-09-03T05:50,174,0.00,0,19.20,99,0.30
2026-09-03T06:00,56,0.00,0,19.10,99,0.60
2026-09-03T06:10,79,0.00,0,19.10,99,0.40
2026-09-03T06:20,90,0.00,0,19.20,99,0.50
2026-09-03T06:30,137,0.00,0,19.00,99,0.40
2026-09-03T06:40,189,0.00,0,19.10,99,0.60
2026-09-03T06:50,201,0.00,0,19.10,99,0.60
2026-09-03T07:00,211,0.00,0,18.90,99,1.00
2026-09-03T07:10,205,0.00,1,19.10,99,1.30
2026-09-03T07:20,200,0.00,36,19.40,99,0.70
2026-09-03T07:30,252,0.00,58,19.50,99,0.20
2026-09-03T07:40,14,0.00,81,19.80,99,0.50
2026-09-03T07:50,42,0.00,109,20.20,99,0.90
2026-09-03T08:00,69,0.00,138,21.00,96,0.50
2026-09-03T08:10,47,0.00,168,21.60,94,1.10
2026-09-03T08:20,32,0.00,198,22.20,93,1.30
2026-09-03T08:30,36,0.00,228,22.10,87,1.10
2026-09-03T08:40,62,0.00,258,22.40,82,1.00
2026-09-03T08:50,30,0.00,289,23.30,80,0.50
2026-09-03T09:00,310,0.00,319,23.70,77,0.30
2026-09-03T09:10,332,0.00,348,24.10,77,0.70
2026-09-03T09:20,349,0.00,378,24.10,78,0.70
2026-09-03T09:30,357,0.00,407,25.40,74,0.50
2026-09-03T09:40,269,0.00,439,25.70,72,0.50
2026-09-03T09:50,152,0.00,470,26.10,67,0.40
2026-09-03T10:00,137,0.00,503,26.10,68,2.10
2026-09-03T10:10,151,0.00,523,26.90,65,1.90
2026-09-03T10:20,148,0.00,545,27.20,64,1.30
2026-09-03T10:30,140,0.00,566,27.20,60,1.10
2026-09-03T10:40,82,0.00,590,27.70,59,1.50
2026-09-03T10:50,145,0.00,599,27.80,57,0.30
2026-09-03T11:00,162,0.00,616,28.30,54,0.90
2026-09-03T11:10,172,0.00,648,28.60,53,1.70
2026-09-03T11:20,149,0.00,661,28.70,52,1.50
2026-09-03T11:30,191,0.00,675,28.90,53,1.90
2026-09-03T11:40,195,0.00,686,29.70,52,2.00
2026-09-03T11:50,181,0.00,697,29.50,51,1.50
2026-09-03T12:00,203,0.00,710,29.60,51,1.50
2026-09-03T12:10,136,0.00,724,29.90,49,1.40
2026-09-03T12:20,234,0.00,733,30.10,49,1.20
2026-09-03T12:30,287,0.00,744,30.50,49,1.10
2026-09-03T12:40,238,0.00,753,30.90,50,1.60
2026-09-03T12:50,211,0.00,764,30.20,48,1.60
2026-09-03T13:00,232,0.00,776,30.90,46,2.00
2026-09-03T13:10,225,0.00,787,31.00,46,1.80
2026-09-03T13:20,248,0.00,800,30.90,45,1.60
2026-09-03T13:30,244,0.00,791,30.90,47,0.90
2026-09-03T13:40,289,0.00,790,31.50,47,0.60
2026-09-03T13:50,217,0.00,791,31.70,44,1.70
2026-09-03T14:00,178,0.00,790,32.40,42,0.80
2026-09-03T14:10,266,0.00,776,32.10,44,2.10
2026-09-03T14:20,269,0.00,778,32.30,42,1.70
2026-09-03T14:30,233,0.00,766,32.50,39,1.60
2026-09-03T14:40,232,0.00,748,32.40,42,0.50
2026-09-03T14:50,247,0.00,756,32.80,41,2.40
2026-09-03T15:00,210,0.00,737,32.50,41,2.20
2026-09-03T15:10,239,0.00,725,32.70,39,2.70
2026-09-03T15:20,230,0.00,710,33.00,40,2.20
2026-09-03T15:30,232,0.00,688,32.60,39,1.80
2026-09-03T15:40,263,0.00,680,32.80,39,1.00
2026-09-03T15:50,280,0.00,598,32.80,40,1.90
2026-09-03T16:00,288,0.00,652,32.90,38,1.60
2026-09-03T16:10,262,0.00,467,32.60,38,1.50
2026-09-03T16:20,264,0.00,549,33.00,38,1.30
2026-09-03T16:30,267,0.00,522,32.90,40,2.10
2026-09-03T16:40,304,0.00,535,33.00,39,1.60
2026-09-03T16:50,252,0.00,516,33.50,37,2.30
2026-09-03T17:00,248,0.00,479,33.40,39,2.10
2026-09-03T17:10,240,0.00,461,33.10,36,2.30
2026-09-03T17:20,253,0.00,419,33.20,35,2.60
2026-09-03T17:30,282,0.00,322,32.70,35,2.10
2026-09-03T17:40,257,0.00,345,32.80,35,2.30
2026-09-03T17:50,286,0.00,317,33.10,35,2.10
2026-09-03T18:00,279,0.00,315,32.80,37,1.90
2026-09-03T18:10,302,0.00,281,33.00,37,2.10
2026-09-03T18:20,297,0.00,251,33.10,36,2.00
2026-09-03T18:30,316,0.00,196,32.70,36,2.30
2026-09-03T18:40,315,0.00,168,32.50,35,2.20
2026-09-03T18:50,323,0.00,138,32.20,35,2.20
2026-09-03T19:00,324,0.00,107,32.30,35,1.70
2026-09-03T19:10,314,0.00,48,31.00,38,1.00
2026-09-03T19:20,310,0.00,35,29.90,41,0.80
2026-09-03T19:30,291,0.00,32,28.80,45,0.70
2026-09-03T19:40,277,0.00,12,28.00,51,0.50
2026-09-03T19:50,269,0.00,0,27.10,56,0.50
2026-09-03T20:00,265,0.00,0,26.20,61,0.80
2026-09-03T20:10,272,0.00,0,25.80,60,1.00
2026-09-03T20:20,280,0.00,0,25.80,61,0.90
2026-09-03T20:30,282,0.00,0,25.80,60,1.10
2026-09-03T20:40,287,0.00,0,25.40,64,1.20
2026-09-03T20:50,292,0.00,0,25.00,67,1.20
2026-09-03T21:00,298,0.00,0,24.60,68,1.80
2026-09-03T21:10,311,0.00,0,24.30,69,1.70
2026-09-03T21:20,288,0.00,0,24.00,71,1.20
2026-09-03T21:30,286,0.00,0,23.40,75,1.30
2026-09-03T21:40,252,0.00,0,23.40,73,0.90
2026-09-03T21:50,233,0.00,0,22.80,76,0.70
2026-09-03T22:00,237,0.00,0,22.40,77,1.00
2026-09-03T22:10,248,0.00,0,22.70,78,0.90
2026-09-03T22:20,248,0.00,0,21.90,81,0.50
2026-09-03T22:30,205,0.00,0,21.90,82,0.90
2026-09-03T22:40,218,0.00,0,22.00,83,1.40
2026-09-03T22:50,222,0.00,0,22.30,79,1.50
2026-09-03T23:00,231,0.00,0,22.40,83,0.70
2026-09-03T23:10,246,0.00,0,21.60,85,0.70
2026-09-03T23:20,173,0.00,0,21.60,85,0.30
2026-09-03T23:30,216,0.00,0,21.40,84,0.40
2026-09-03T23:40,295,0.00,0,21.80,86,0.60
2026-09-03T23:50,240,0.00,0,21.30,89,1.00
2026-09-04T00:00,232,0.00,0,21.30,92,1.30
2026-09-04T00:10,246,0.00,0,21.10,90,1.20
2026-09-04T00:20,257,0.00,0,21.50,87,1.30
2026-09-04T00:30,258,0.00,0,21.70,84,1.40
2026-09-04T00:40,298,0.00,0,21.60,84,1.10
2026-09-04T00:50,321,0.00,0,21.50,85,1.00
2026-09-04T01:00,348,0.00,0,21.00,88,1.40
2026-09-04T01:10,27,0.00,0,20.80,89,1.40
2026-09-04T01:20,29,0.00,0,21.00,89,1.00
2026-09-04T01:30,350,0.00,0,20.90,88,0.90
2026-09-04T01:40,65,0.00,0,20.90,88,0.50
2026-09-04T01:50,28,0.00,0,20.70,89,0.50
2026-09-04T02:00,319,0.00,0,21.10,90,1.00
2026-09-04T02:10,308,0.00,0,20.90,90,1.20
2026-09-04T02:20,356,0.00,0,20.40,92,0.90
2026-09-04T02:30,2,0.00,0,20.20,93,1.20
2026-09-04T02:40,261,0.00,0,20.10,94,1.00
2026-09-04T02:50,287,0.00,0,20.20,93,0.70
2026-09-04T03:00,240,0.00,0,19.60,94,0.40
2026-09-04T03:10,239,0.00,0,20.00,95,0.40
2026-09-04T03:20,332,0.00,0,19.70,95,0.60
2026-09-04T03:30,294,0.00,0,19.60,96,0.30
2026-09-04T03:40,25,0.00,0,19.50,95,0.80
2026-09-04T03:50,23,0.00,0,19.30,94,1.00
2026-09-04T04:00,307,0.00,0,19.60,97,0.50
2026-09-04T04:10,331,0.00,0,19.60,97,0.30
2026-09-04T04:20,190,0.00,0,18.80,98,0.40
2026-09-04T04:30,200,0.00,0,18.90,99,0.60
2026-09-04T04:40,267,0.00,0,19.10,99,0.30
2026-09-04T04:50,253,0.00,0,18.70,99,0.60
2026-09-04T05:00,216,0.00,0,18.80,99,0.20
2026-09-04T05:10,261,0.00,0,19.20,99,1.10
2026-09-04T05:20,274,0.00,0,19.20,99,1.50
2026-09-04T05:30,296,0.00,0,19.20,99,1.40
2026-09-04T05:40,295,0.00,0,19.20,99,1.10
2026-09-04T05:50,268,0.00,0,19.00,99,1.00
2026-09-04T06:00,274,0.00,0,19.10,99,1.10
2026-09-04T06:10,287,0.00,0,19.10,99,1.10
2026-09-04T06:20,312,0.00,0,18.70,99,0.90
2026-09-04T06:30,299,0.00,0,18.70,99,1.00
2026-09-04T06:40,288,0.00,0,18.80,99,1.10
2026-09-04T06:50,299,0.00,0,18.80,99,0.80
2026-09-04T07:00,271,0.00,0,18.50,99,1.00
2026-09-04T07:10,293,0.00,4,18.70,99,1.00
2026-09-04T07:20,15,0.00,38,18.50,99,0.90
2026-09-04T07:30,6,0.00,57,18.80,99,0.50
2026-09-04T07:40,3,0.00,86,19.40,99,0.70
2026-09-04T07:50,56,0.00,113,20.10,94,0.80
2026-09-04T08:00,68,0.00,140,21.20,84,0.60
2026-09-04T08:10,259,0.00,168,21.80,82,0.40
2026-09-04T08:20,283,0.00,198,21.80,81,0.40
2026-09-04T08:30,284,0.00,230,22.50,80,0.60
2026-09-04T08:40,325,0.00,262,22.60,80,0.50
2026-09-04T08:50,324,0.00,295,22.90,77,0.80
2026-09-04T09:00,24,0.00,327,23.80,73,0.70
2026-09-04T09:10,321,0.00,356,24.20,72,0.30
2026-09-04T09:20,203,0.00,386,25.00,69,0.50
2026-09-04T09:30,230,0.00,417,25.10,70,0.90
2026-09-04T09:40,231,0.00,450,25.80,67,1.40
2026-09-04T09:50,253,0.00,474,25.50,67,1.10
2026-09-04T10:00,262,0.00,497,26.50,63,0.70
2026-09-04T10:10,235,0.00,525,26.70,61,1.00
2026-09-04T10:20,198,0.00,549,27.10,62,1.20
2026-09-04T10:30,205,0.00,571,27.10,61,1.10
2026-09-04T10:40,224,0.00,586,27.60,58,0.20
2026-09-04T10:50,307,0.00,603,28.00,59,0.30
2026-09-04T11:00,257,0.00,622,28.50,57,0.70
2026-09-04T11:10,219,0.00,646,28.80,56,1.20
2026-09-04T11:20,232,0.00,658,29.30,54,1.10
2026-09-04T11:30,218,0.00,664,29.80,54,0.70
2026-09-04T11:40,219,0.00,675,29.90,55,1.20
2026-09-04T11:50,231,0.00,693,30.00,51,0.80
2026-09-04T12:00,222,0.00,707,30.30,51,1.20
2026-09-04T12:10,223,0.00,724,30.50,48,1.20
2026-09-04T12:20,234,0.00,736,30.70,47,1.00
2026-09-04T12:30,233,0.00,749,31.20,46,0.90
2026-09-04T12:40,297,0.00,754,31.70,45,1.30
2026-09-04T12:50,235,0.00,769,31.80,44,0.90
2026-09-04T13:00,259,0.00,778,31.80,43,1.40
2026-09-04T13:10,307,0.00,786,32.60,43,1.20
2026-09-04T13:20,307,0.00,787,32.70,39,1.10
2026-09-04T13:30,261,0.00,796,33.10,39,1.50
2026-09-04T13:40,279,0.00,800,33.20,39,1.10
2026-09-04T13:50,278,0.00,803,32.90,38,1.50
2026-09-04T14:00,321,0.00,780,33.90,39,1.20
2026-09-04T14:10,296,0.00,777,33.90,37,2.00
2026-09-04T14:20,328,0.00,774,33.60,38,0.70
2026-09-04T14:30,9,0.00,758,34.10,36,1.90
2026-09-04T14:40,303,0.00,760,34.70,35,1.70
2026-09-04T14:50,273,0.00,748,34.70,33,1.10
2026-09-04T15:00,260,0.00,725,34.80,32,1.50
2026-09-04T15:10,301,0.00,708,34.90,35,1.30
2026-09-04T15:20,283,0.00,700,34.60,30,1.70
2026-09-04T15:30,318,0.00,673,34.90,34,0.60
2026-09-04T15:40,300,0.00,661,35.40,32,1.70
2026-09-04T15:50,267,0.00,635,35.00,30,1.10
2026-09-04T16:00,289,0.00,609,35.30,28,1.20
2026-09-04T16:10,322,0.00,584,35.00,35,1.80
2026-09-04T16:20,310,0.00,565,34.70,33,0.80
2026-09-04T16:30,9,0.00,541,34.80,32,1.50
2026-09-04T16:40,5,0.00,514,34.50,34,2.20
2026-09-04T16:50,15,0.00,483,35.30,33,2.20
2026-09-04T17:00,324,0.00,457,35.30,32,1.80
2026-09-04T17:10,33,0.00,425,35.00,32,0.50
2026-09-04T17:20,44,0.00,390,34.50,33,0.70
2026-09-04T17:30,20,0.00,365,34.80,32,2.30
2026-09-04T17:40,10,0.00,334,34.60,32,1.40
2026-09-04T17:50,12,0.00,304,34.10,33,1.30
2026-09-04T18:00,30,0.00,275,34.00,35,1.50
2026-09-04T18:10,70,0.00,246,33.60,35,1.60
2026-09-04T18:20,66,0.00,217,33.50,34,1.70
2026-09-04T18:30,69,0.00,187,33.30,36,2.00
2026-09-04T18:40,66,0.00,157,33.00,37,2.10
2026-09-04T18:50,66,0.00,128,32.70,37,2.00
2026-09-04T19:00,89,0.00,102,32.70,37,1.50
2026-09-04T19:10,73,0.00,78,32.40,39,1.60
2026-09-04T19:20,57,0.00,55,31.90,41,1.50
2026-09-04T19:30,51,0.00,36,31.10,45,1.40
2026-09-04T19:40,49,0.00,4,30.60,45,1.20
2026-09-04T19:50,59,0.00,0,29.70,50,1.00
2026-09-04T20:00,35,0.00,0,29.00,54,1.10
2026-09-04T20:10,337,0.00,0,28.10,57,1.10
2026-09-04T20:20,359,0.00,0,27.70,62,1.50
2026-09-04T20:30,9,0.00,0,27.10,62,1.30
2026-09-04T20:40,11,0.00,0,26.80,64,1.30
2026-09-04T20:50,345,0.00,0,26.50,69,0.70
2026-09-04T21:00,115,0.00,0,25.20,72,0.50
2026-09-04T21:10,141,0.00,0,25.40,70,1.20
2026-09-04T21:20,133,0.00,0,25.40,67,1.00
2026-09-04T21:30,152,0.00,0,25.60,65,0.50
2026-09-04T21:40,173,0.00,0,25.50,65,0.90
2026-09-04T21:50,205,0.00,0,25.30,68,0.40
2026-09-04T22:00,298,0.00,0,25.00,67,2.00
2026-09-04T22:10,283,0.00,0,25.30,57,1.70
2026-09-04T22:20,228,0.00,0,25.20,60,1.70
2026-09-04T22:30,226,0.00,0,25.30,60,1.90
2026-09-04T22:40,246,0.00,0,25.20,53,1.60
2026-09-04T22:50,320,0.00,0,24.70,62,0.90
2026-09-04T23:00,326,0.00,0,24.20,66,1.20
2026-09-04T23:10,344,0.00,0,23.80,71,1.70
2026-09-04T23:20,355,0.00,0,23.30,71,2.00
2026-09-04T23:30,5,0.00,0,23.00,71,2.20
2026-09-04T23:40,3,0.00,0,23.10,68,2.30
2026-09-04T23:50,12,0.00,0,23.10,68,2.40
2026-09-05T00:00,15,0.00,0,23.20,64,2.00
2026-09-05T00:10,16,0.00,0,23.20,63,1.80
2026-09-05T00:20,353,0.00,0,23.20,64,1.30
2026-09-05T00:30,4,0.00,0,23.10,67,1.00
2026-09-05T00:40,32,0.00,0,23.10,63,1.00
2026-09-05T00:50,35,0.00,0,23.30,66,1.30
2026-09-05T01:00,33,0.00,0,22.80,72,1.40
2026-09-05T01:10,26,0.00,0,22.30,76,1.30
2026-09-05T01:20,351,0.00,0,22.70,72,1.30
2026-09-05T01:30,351,0.00,0,22.40,71,1.20
2026-09-05T01:40,355,0.00,0,22.30,72,0.80
2026-09-05T01:50,343,0.00,0,22.20,74,1.00
2026-09-05T02:00,333,0.00,0,22.00,73,1.10
2026-09-05T02:10,324,0.00,0,21.60,76,0.90
2026-09-05T02:20,323,0.00,0,21.50,76,1.40
2026-09-05T02:30,314,0.00,0,21.60,73,1.20
2026-09-05T02:40,315,0.00,0,21.20,74,1.20
2026-09-05T02:50,329,0.00,0,21.00,75,1.60
2026-09-05T03:00,320,0.00,0,21.50,75,1.70
2026-09-05T03:10,286,0.00,0,20.70,80,1.40
2026-09-05T03:20,280,0.00,0,21.60,69,2.10
2026-09-05T03:30,293,0.00,0,21.20,68,1.90
2026-09-05T03:40,301,0.00,0,21.30,67,2.20
2026-09-05T03:50,302,0.00,0,21.00,66,2.00
2026-09-05T04:00,293,0.00,0,21.30,64,1.80
2026-09-05T04:10,294,0.00,0,21.20,62,1.80
2026-09-05T04:20,312,0.00,0,20.90,66,1.60
2026-09-05T04:30,287,0.00,0,20.30,74,1.00
2026-09-05T04:40,264,0.00,0,19.90,77,0.90
2026-09-05T04:50,276,0.00,0,19.90,74,1.20
2026-09-05T05:00,294,0.00,0,20.10,74,0.60
2026-09-05T05:10,353,0.00,0,19.60,79,0.80
2026-09-05T05:20,27,0.00,0,19.30,78,1.20
2026-09-05T05:30,20,0.00,0,19.70,76,0.90
2026-09-05T05:40,16,0.00,0,19.20,74,0.20
2026-09-05T05:50,317,0.00,0,19.50,74,0.60
2026-09-05T06:00,300,0.00,0,19.30,76,0.80
2026-09-05T06:10,241,0.00,0,19.10,82,0.80
2026-09-05T06:20,241,0.00,0,19.30,79,0.90
2026-09-05T06:30,272,0.00,0,19.50,81,1.10
2026-09-05T06:40,281,0.00,0,19.30,85,1.20
2026-09-05T06:50,157,0.00,0,19.00,86,0.10
2026-09-05T07:00,151,0.00,0,19.10,83,0.70
2026-09-05T07:10,239,0.00,20,19.10,85,0.60
2026-09-05T07:20,253,0.00,47,19.20,86,0.70
2026-09-05T07:30,9,0.00,45,19.50,87,0.10
2026-09-05T07:40,0,0.00,46,19.70,85,0.60
2026-09-05T07:50,11,0.00,100,20.30,84,0.70
2026-09-05T08:00,309,0.00,110,21.30,81,1.30
2026-09-05T08:10,302,0.00,168,22.20,79,1.90
2026-09-05T08:20,293,0.00,201,22.70,79,1.60
2026-09-05T08:30,304,0.00,242,23.40,75,2.40
2026-09-05T08:40,294,0.00,273,23.80,74,2.80
2026-09-05T08:50,290,0.00,299,24.60,74,3.10
2026-09-05T09:00,283,0.00,337,24.90,72,3.40
2026-09-05T09:10,278,0.00,373,25.20,71,3.70
2026-09-05T09:20,289,0.00,412,25.90,70,3.60
2026-09-05T09:30,285,0.00,454,26.60,67,4.70
2026-09-05T09:40,278,0.00,431,26.20,67,5.20
2026-09-05T09:50,269,0.00,418,26.90,65,4.90
2026-09-05T10:00,283,0.00,498,26.90,65,4.30
2026-09-05T10:10,289,0.00,609,28.00,63,4.70
2026-09-05T10:20,298,0.00,442,27.60,63,5.00
2026-09-05T10:30,295,0.00,418,27.60,64,4.50
2026-09-05T10:40,291,0.00,512,28.10,63,4.30
2026-09-05T10:50,284,0.00,690,29.00,59,4.60
2026-09-05T11:00,275,0.00,676,29.10,61,5.30
2026-09-05T11:10,272,0.00,660,29.00,59,4.60
2026-09-05T11:20,291,0.00,678,29.50,61,4.30
2026-09-05T11:30,304,0.00,704,29.80,56,4.40
2026-09-05T11:40,309,0.00,642,30.30,55,4.90
2026-09-05T11:50,301,0.00,662,30.20,55,4.30
2026-09-05T12:00,271,0.00,652,29.80,55,3.50
2026-09-05T12:10,275,0.00,705,30.50,53,3.80
2026-09-05T12:20,295,0.00,755,30.80,50,3.60
2026-09-05T12:30,288,0.00,735,31.10,48,3.20
2026-09-05T12:40,299,0.00,735,31.30,49,3.70
2026-09-05T12:50,286,0.00,776,31.30,49,3.80
2026-09-05T13:00,291,0.00,776,31.90,49,3.20
2026-09-05T13:10,290,0.00,770,31.70,46,3.70
2026-09-05T13:20,300,0.00,804,32.00,45,3.70
2026-09-05T13:30,286,0.00,749,32.30,45,3.40
2026-09-05T13:40,275,0.00,747,32.20,44,3.40
2026-09-05T13:50,295,0.00,783,32.80,42,4.00
2026-09-05T14:00,292,0.00,789,33.20,42,3.00
2026-09-05T14:10,297,0.00,775,33.50,42,3.50
2026-09-05T14:20,284,0.00,792,33.20,43,3.30
2026-09-05T14:30,283,0.00,781,33.30,41,3.30
2026-09-05T14:40,267,0.00,770,33.20,41,3.30
2026-09-05T14:50,272,0.00,749,33.80,39,4.10
2026-09-05T15:00,282,0.00,720,34.10,40,3.20
2026-09-05T15:10,277,0.00,704,34.30,41,3.60
2026-09-05T15:20,276,0.00,698,34.00,41,2.70
2026-09-05T15:30,300,0.00,691,34.80,39,3.30
2026-09-05T15:40,301,0.00,670,34.70,39,4.10
2026-09-05T15:50,288,0.00,657,34.90,39,3.80
2026-09-05T16:00,295,0.00,623,34.80,40,3.30
2026-09-05T16:10,287,0.00,591,34.40,42,3.30
2026-09-05T16:20,276,0.00,579,34.50,37,4.10
2026-09-05T16:30,280,0.00,551,34.70,39,3.30
2026-09-05T16:40,290,0.00,528,34.70,40,3.30
2026-09-05T16:50,280,0.00,507,34.70,39,3.30
2026-09-05T17:00,282,0.00,459,34.70,40,3.30
2026-09-05T17:10,296,0.00,417,34.70,38,3.60
2026-09-05T17:20,280,0.00,304,33.90,41,3.60
2026-09-05T17:30,279,0.00,255,33.80,43,3.40
2026-09-05T17:40,287,0.00,320,33.70,43,3.90
2026-09-05T17:50,290,0.00,282,33.90,45,3.60
2026-09-05T18:00,297,0.00,219,33.60,43,3.70
2026-09-05T18:10,299,0.00,194,33.40,43,3.30
2026-09-05T18:20,302,0.00,159,32.90,44,3.50
2026-09-05T18:30,297,0.00,155,32.70,43,3.80
2026-09-05T18:40,293,0.00,129,32.40,44,3.40
2026-09-05T18:50,289,0.00,92,32.00,45,3.10
2026-09-05T19:00,287,0.00,78,31.60,48,2.80
2026-09-05T19:10,288,0.00,56,31.10,50,2.80
2026-09-05T19:20,290,0.00,39,30.70,51,2.70
2026-09-05T19:30,284,0.00,26,30.20,53,2.30
2026-09-05T19:40,291,0.00,0,29.50,55,1.40
2026-09-05T19:50,347,0.00,0,28.90,57,0.60
2026-09-05T20:00,5,0.00,0,27.80,61,1.50
2026-09-05T20:10,321,0.00,0,27.40,62,1.80
2026-09-05T20:20,312,0.00,0,27.10,64,2.10
2026-09-05T20:30,314,0.00,0,26.70,64,1.60
2026-09-05T20:40,281,0.00,0,26.50,67,0.10
2026-09-05T20:50,282,0.00,0,25.60,69,1.00
2026-09-05T21:00,287,0.00,0,26.90,62,2.20
2026-09-05T21:10,284,0.00,0,26.70,62,1.80
2026-09-05T21:20,337,0.00,0,25.60,67,0.90
2026-09-05T21:30,297,0.00,0,24.90,69,1.50
2026-09-05T21:40,268,0.00,0,24.20,75,1.20
2026-09-05T21:50,261,0.00,0,24.90,72,1.50
2026-09-05T22:00,244,0.00,0,26.10,64,2.50
2026-09-05T22:10,263,0.00,0,26.30,64,2.80
2026-09-05T22:20,267,0.00,0,26.20,64,2.70
2026-09-05T22:30,283,0.00,0,26.00,65,2.30
2026-09-05T22:40,286,0.00,0,26.10,67,2.40
2026-09-05T22:50,285,0.00,0,26.10,68,2.60
2026-09-05T23:00,307,0.00,0,25.40,71,2.30
2026-09-05T23:10,352,0.00,0,24.90,73,2.80
2026-09-05T23:20,355,0.00,0,24.80,74,2.30
2026-09-05T23:30,10,0.00,0,24.90,72,0.90
2026-09-05T23:40,209,0.00,0,24.20,78,1.60
2026-09-05T23:50,236,0.00,0,24.70,77,2.30
2026-09-06T00:00,252,0.00,0,24.20,78,1.80
2026-09-06T00:10,228,0.00,0,24.40,79,2.40
2026-09-06T00:20,249,0.00,0,24.60,78,1.80
2026-09-06T00:30,233,0.00,0,23.70,82,1.90
2026-09-06T00:40,225,0.00,0,24.10,81,2.20
2026-09-06T00:50,279,0.00,0,23.80,82,1.50
2026-09-06T01:00,166,0.00,0,23.10,84,0.40
2026-09-06T01:10,183,0.00,0,22.90,86,0.60
2026-09-06T01:20,272,0.00,0,22.70,87,1.20
2026-09-06T01:30,327,0.00,0,22.40,88,1.00
2026-09-06T01:40,213,0.00,0,21.30,92,0.70
2026-09-06T01:50,222,0.00,0,21.60,94,1.00
2026-09-06T02:00,188,0.00,0,21.20,95,1.60
2026-09-06T02:10,156,0.00,0,21.40,94,2.10
2026-09-06T02:20,141,0.00,0,21.50,93,2.10
2026-09-06T02:30,148,0.00,0,21.60,93,1.90
2026-09-06T02:40,141,0.00,0,21.70,92,1.60
2026-09-06T02:50,148,0.00,0,21.70,91,1.70
2026-09-06T03:00,124,0.00,0,21.60,92,1.90
2026-09-06T03:10,140,0.00,0,21.40,92,2.20
2026-09-06T03:20,169,0.00,0,21.70,92,2.30
2026-09-06T03:30,143,0.00,0,22.00,89,1.40
2026-09-06T03:40,132,0.00,0,21.90,90,1.40
2026-09-06T03:50,102,0.00,0,21.80,90,0.90
2026-09-06T04:00,185,0.00,0,21.60,92,0.70
2026-09-06T04:10,162,0.00,0,21.50,92,1.00
2026-09-06T04:20,161,0.00,0,21.40,93,0.70
2026-09-06T04:30,76,0.00,0,21.00,94,2.10
2026-09-06T04:40,110,0.00,0,21.00,93,1.40
2026-09-06T04:50,133,0.00,0,21.00,95,1.30
2026-09-06T05:00,91,0.00,0,21.20,91,1.50
2026-09-06T05:10,98,0.00,0,21.90,87,1.90
2026-09-06T05:20,96,0.00,0,21.70,87,1.10
2026-09-06T05:30,98,0.00,0,21.20,91,0.90
2026-09-06T05:40,79,0.00,0,21.00,92,0.70
2026-09-06T05:50,55,0.00,0,20.70,93,1.00
2026-09-06T06:00,71,0.00,0,20.60,95,1.70
2026-09-06T06:10,74,0.00,0,21.00,93,1.90
2026-09-06T06:20,91,0.00,0,21.10,91,1.60
2026-09-06T06:30,93,0.00,0,21.50,88,1.50
2026-09-06T06:40,96,0.00,0,21.10,89,1.00
2026-09-06T06:50,246,0.00,0,20.80,93,0.40
2026-09-06T07:00,3,0.00,0,20.60,94,0.30
2026-09-06T07:10,51,0.00,0,20.40,95,1.10
2026-09-06T07:20,54,0.00,24,20.80,95,1.80
2026-09-06T07:30,55,0.00,49,20.80,95,2.00
2026-09-06T07:40,59,0.00,74,21.20,95,2.30
2026-09-06T07:50,72,0.00,101,22.10,90,2.10
2026-09-06T08:00,80,0.00,129,23.00,84,1.70
2026-09-06T08:10,111,0.00,159,23.70,82,1.80
2026-09-06T08:20,112,0.00,189,24.20,81,2.00
2026-09-06T08:30,118,0.00,219,24.50,78,2.00
2026-09-06T08:40,120,0.00,248,24.90,76,1.50
2026-09-06T08:50,113,0.00,279,25.40,72,2.10
2026-09-06T09:00,118,0.00,308,25.60,70,2.20
2026-09-06T09:10,114,0.00,337,26.10,69,2.50
2026-09-06T09:20,114,0.00,369,26.40,66,2.90
2026-09-06T09:30,117,0.00,398,26.60,63,2.60
2026-09-06T09:40,121,0.00,428,27.20,61,2.90
2026-09-06T09:50,113,0.00,455,27.40,59,3.70
2026-09-06T10:00,121,0.00,480,27.70,57,3.00
2026-09-06T10:10,134,0.00,505,28.10,56,3.40
2026-09-06T10:20,132,0.00,526,28.40,55,3.00
2026-09-06T10:30,107,0.00,548,28.10,54,2.30
2026-09-06T10:40,109,0.00,569,28.70,53,3.50
2026-09-06T10:50,110,0.00,590,29.30,50,4.00
2026-09-06T11:00,104,0.00,607,29.20,50,3.80
2026-09-06T11:10,101,0.00,623,29.50,48,3.10
2026-09-06T11:20,90,0.00,634,30.30,48,3.50
2026-09-06T11:30,103,0.00,649,29.60,48,3.50
2026-09-06T11:40,114,0.00,667,29.70,47,3.60
2026-09-06T11:50,119,0.00,687,30.20,44,4.80
2026-09-06T12:00,106,0.00,696,30.40,45,4.20
2026-09-06T12:10,109,0.00,707,30.10,44,3.80
2026-09-06T12:20,119,0.00,719,31.10,43,3.90
2026-09-06T12:30,,0.00,,31.20,41,
2026-09-06T12:40,111,0.00,745,30.90,42,4.30
2026-09-06T12:50,114,0.00,753,31.90,40,3.50
2026-09-06T13:00,112,0.00,766,31.40,42,3.10
2026-09-06T13:10,120,0.00,759,31.30,42,2.90
2026-09-06T13:20,112,0.00,778,32.10,39,2.80
2026-09-06T13:30,107,0.00,770,31.70,40,3.40
2026-09-06T13:40,109,0.00,784,32.30,37,3.00
2026-09-06T13:50,114,0.00,780,32.30,37,3.70
2026-09-06T14:00,127,0.00,774,32.10,37,3.00
2026-09-06T14:10,103,0.00,771,32.20,36,3.10
2026-09-06T14:20,86,0.00,763,32.40,37,3.90
2026-09-06T14:30,95,0.00,751,32.60,37,3.40
2026-09-06T14:40,108,0.00,740,32.60,37,3.20
2026-09-06T14:50,112,0.00,728,33.30,36,3.40
2026-09-06T15:00,111,0.00,712,32.60,35,2.50
2026-09-06T15:10,102,0.00,698,33.20,37,2.90
2026-09-06T15:20,102,0.00,679,33.30,36,2.00
2026-09-06T15:30,86,0.00,659,33.30,35,2.40
2026-09-06T15:40,103,0.00,635,33.20,36,2.10
2026-09-06T15:50,126,0.00,619,33.40,35,1.90
2026-09-06T16:00,67,0.00,595,33.80,34,1.50
2026-09-06T16:10,76,0.00,578,33.80,33,2.30
2026-09-06T16:20,110,0.00,549,33.70,33,1.90
2026-09-06T16:30,117,0.00,517,33.40,35,1.70
2026-09-06T16:40,117,0.00,507,33.00,35,1.90
2026-09-06T16:50,83,0.00,479,33.30,34,3.00
2026-09-06T17:00,75,0.00,451,33.70,35,2.30
2026-09-06T17:10,110,0.00,422,33.00,35,2.10
2026-09-06T17:20,112,0.00,393,33.30,36,2.20
2026-09-06T17:30,117,0.00,361,33.20,37,2.30
2026-09-06T17:40,88,0.00,330,33.10,37,2.40
2026-09-06T17:50,77,0.00,301,33.00,38,2.40
2026-09-06T18:00,86,0.00,270,33.00,38,2.50
2026-09-06T18:10,105,0.00,238,32.80,38,1.70
2026-09-06T18:20,110,0.00,208,32.80,38,2.40
2026-09-06T18:30,110,0.00,180,32.60,38,2.10
2026-09-06T18:40,113,0.00,151,32.40,39,1.90
2026-09-06T18:50,108,0.00,123,32.10,40,2.30
2026-09-06T19:00,105,,,,,2.40
2026-09-06T19:10,102,,,,,1.40
2026-09-06T19:20,81,,,,,1.30
2026-09-06T19:30,78,,,,,1.40
2026-09-06T19:40,73,,,,,1.50
2026-09-06T22:30,,0.00,0,24.90,69,
2026-09-06T22:40,,0.00,0,25.00,69,
2026-09-06T22:50,,0.00,0,25.00,68,
2026-09-06T23:00,,0.00,0,25.10,68,
2026-09-06T23:10,,0.00,0,24.90,68,
2026-09-06T23:20,,0.00,0,25.20,66,
2026-09-06T23:30,,0.00,0,24.90,68,
2026-09-06T23:40,,0.00,0,25.60,65,
2026-09-06T23:50,,0.00,0,26.00,64,
2026-09-07T00:00,,0.00,0,25.70,65,
2026-09-07T00:10,,0.00,0,25.40,67,
2026-09-07T00:20,,0.00,0,24.90,69,
2026-09-07T00:30,,0.00,0,24.60,71,
2026-09-07T00:40,,0.00,0,24.10,74,
