datetime,DVENTO,PREC,RADSOL,TEMP,UMID,VVENTO
2026-08-27T21:00,80,0.00,0,24.60,76,1.10
2026-08-27T21:10,92,0.00,0,24.40,78,1.20
2026-08-27T21:20,76,0.00,0,24.50,76,1.40
2026-08-27T21:30,86,0.00,0,23.90,81,1.40
2026-08-27T21:40,68,0.00,0,24.20,78,1.40
2026-08-27T21:50,138,0.00,0,24.10,79,0.40
2026-08-27T22:00,58,0.00,0,24.20,77,0.90
2026-08-27T22:10,100,0.00,0,23.80,81,0.90
2026-08-27T22:20,109,0.00,0,23.60,81,0.40
2026-08-27T22:30,96,0.00,0,23.80,80,1.30
2026-08-27T22:40,82,0.00,0,23.80,80,1.10
2026-08-27T22:50,95,0.00,0,23.70,82,1.10
2026-08-27T23:00,86,0.00,0,23.70,80,1.50
2026-08-27T23:10,52,0.00,0,23.60,81,0.70
2026-08-27T23:20,83,0.00,0,23.50,81,0.60
2026-08-27T23:30,62,0.00,0,23.20,82,1.00
2026-08-27T23:40,75,0.00,0,23.20,83,0.50
2026-08-27T23:50,,0.00,0,22.80,85,0.00
2026-08-28T00:00,,0.00,0,22.80,82,0.00
2026-08-28T00:10,47,0.00,0,23.70,74,0.60
2026-08-28T00:20,58,0.00,0,22.80,83,0.90
2026-08-28T00:30,87,0.00,0,22.80,83,0.60
2026-08-28T00:40,52,0.00,0,22.70,84,1.40
2026-08-28T00:50,48,0.00,0,22.70,83,1.10
2026-08-28T01:00,91,0.00,0,22.90,82,1.10
2026-08-28T01:10,86,0.00,0,22.50,83,1.50
2026-08-28T01:20,70,0.00,0,22.90,80,2.00
2026-08-28T01:30,51,0.00,0,22.90,81,1.50
2026-08-28T01:40,103,0.00,0,22.60,83,0.60
2026-08-28T01:50,89,0.00,0,22.80,82,1.00
2026-08-28T02:00,72,0.00,0,22.60,83,2.10
2026-08-28T02:10,55,0.00,0,22.30,85,1.60
2026-08-28T02:20,68,0.00,0,22.80,81,2.10
2026-08-28T02:30,96,0.00,0,22.40,83,1.30
2026-08-28T02:40,85,0.00,0,22.00,86,1.30
2026-08-28T02:50,72,0.00,0,22.50,83,0.80
2026-08-28T03:00,65,0.00,0,21.70,87,1.90
2026-08-28T03:10,51,0.00,0,22.00,85,1.50
2026-08-28T03:20,198,0.00,0,21.80,86,1.10
2026-08-28T03:30,195,0.00,0,21.80,86,0.30
2026-08-28T03:40,323,0.00,0,22.10,84,0.50
2026-08-28T03:50,90,0.00,0,21.90,86,1.00
2026-08-28T04:00,75,0.00,0,21.50,90,0.90
2026-08-28T04:10,79,0.00,0,21.60,90,0.90
2026-08-28T04:20,58,0.00,0,21.80,88,1.70
2026-08-28T04:30,25,0.00,0,21.90,86,1.40
2026-08-28T04:40,102,0.00,0,22.00,86,1.30
2026-08-28T04:50,81,0.00,0,21.70,88,1.70
2026-08-28T05:00,53,0.00,0,21.80,87,2.30
2026-08-28T05:10,37,0.00,0,22.00,85,1.30
2026-08-28T05:20,102,0.00,0,21.50,89,1.50
2026-08-28T05:30,103,0.60,0,21.50,89,1.10
2026-08-28T05:40,52,0.00,0,21.30,92,2.00
2026-08-28T05:50,52,0.00,0,21.60,90,1.30
2026-08-28T06:00,105,0.20,0,21.30,93,0.30
2026-08-28T06:10,,0.00,0,21.20,93,0.00
2026-08-28T06:20,,0.00,0,21.40,93,0.00
2026-08-28T06:30,32,0.00,0,21.20,94,1.20
2026-08-28T06:40,50,0.00,0,21.50,93,1.70
2026-08-28T06:50,110,2.00,0,21.20,95,1.30
2026-08-28T07:00,101,2.60,0,21.00,97,1.00
2026-08-28T07:10,267,3.80,27,21.00,97,0.60
2026-08-28T07:20,314,0.20,57,20.90,98,1.10
2026-08-28T07:30,71,0.00,53,21.00,97,0.30
2026-08-28T07:40,140,0.00,44,21.30,94,0.80
2026-08-28T07:50,22,0.00,54,21.40,95,1.10
2026-08-28T08:00,104,0.00,48,21.40,96,0.50
2026-08-28T08:10,,0.00,44,21.30,97,0.00
2026-08-28T08:20,51,0.20,82,21.40,96,1.90
2026-08-28T08:30,47,0.00,70,21.50,96,1.90
2026-08-28T08:40,45,0.00,89,22.00,91,4.10
2026-08-28T08:50,38,0.00,84,22.30,89,3.80
2026-08-28T09:00,57,0.00,102,22.10,90,3.10
2026-08-28T09:10,46,0.00,105,22.20,90,2.80
2026-08-28T09:20,47,0.00,270,22.20,90,2.80
2026-08-28T09:30,,0.00,,,,
2026-08-28T09:40,,0.00,462,22.70,90,
2026-08-28T09:50,49,0.00,422,23.00,88,3.90
2026-08-28T10:00,34,0.00,399,23.20,85,3.60
2026-08-28T10:10,38,0.00,239,23.70,83,2.50
2026-08-28T10:20,50,0.00,453,24.20,82,1.20
2026-08-28T10:30,49,0.00,352,24.90,78,1.90
2026-08-28T10:40,56,0.00,318,24.90,80,1.30
2026-08-28T10:50,55,0.00,312,24.70,82,2.60
2026-08-28T11:00,60,0.00,321,24.30,83,2.20
2026-08-28T11:10,85,0.00,338,24.40,83,1.50
2026-08-28T11:20,63,0.00,544,24.60,82,2.20
2026-08-28T11:30,82,0.00,277,25.30,80,1.90
2026-08-28T11:40,79,0.00,449,25.20,79,2.20
2026-08-28T11:50,78,0.00,619,25.70,76,2.50
2026-08-28T12:00,54,0.00,388,26.00,76,3.70
2026-08-28T12:10,65,0.00,380,26.10,75,2.40
2026-08-28T12:20,45,0.00,689,26.30,72,3.40
2026-08-28T12:30,48,0.00,216,26.50,70,1.70
2026-08-28T12:40,58,0.00,115,26.90,67,2.30
2026-08-28T12:50,40,0.00,62,26.60,70,2.40
2026-08-28T13:00,224,0.00,49,26.20,75,2.70
2026-08-28T13:10,233,0.00,35,25.70,78,3.40
2026-08-28T13:20,240,4.20,88,23.20,82,5.80
2026-08-28T13:30,255,1.80,526,21.00,88,1.80
2026-08-28T13:40,337,0.00,545,21.00,89,1.90
2026-08-28T13:50,167,0.00,567,21.70,86,2.30
2026-08-28T14:00,257,0.00,836,22.60,82,1.40
2026-08-28T14:10,185,0.00,800,23.10,79,0.60
2026-08-28T14:20,191,0.00,671,23.90,75,0.90
2026-08-28T14:30,200,0.00,366,24.40,75,0.40
2026-08-28T14:40,220,0.00,266,24.40,76,2.00
2026-08-28T14:50,234,0.00,197,23.90,78,1.80
2026-08-28T15:00,236,0.00,208,23.70,76,1.80
2026-08-28T15:10,241,0.20,170,23.70,78,1.80
2026-08-28T15:20,235,0.00,272,23.60,80,0.70
2026-08-28T15:30,,0.00,319,23.90,81,0.00
2026-08-28T15:40,,0.00,267,24.20,78,0.00
2026-08-28T15:50,270,0.00,172,24.50,77,1.50
2026-08-28T16:00,192,0.00,144,24.50,77,1.00
2026-08-28T16:10,197,0.00,173,24.40,79,0.40
2026-08-28T16:20,95,0.00,209,24.40,81,1.20
2026-08-28T16:30,42,0.00,321,24.50,81,1.40
2026-08-28T16:40,81,0.00,504,24.80,81,0.50
2026-08-28T16:50,105,0.00,251,25.20,79,1.90
2026-08-28T17:00,47,0.00,376,25.40,76,3.00
2026-08-28T17:10,56,0.00,478,25.70,71,2.80
2026-08-28T17:20,53,0.00,240,26.00,67,2.90
2026-08-28T17:30,42,0.00,154,25.80,66,3.10
2026-08-28T17:40,26,0.00,135,25.70,68,3.30
2026-08-28T17:50,38,0.00,162,25.50,69,3.80
2026-08-28T18:00,2,0.00,340,25.50,68,1.50
2026-08-28T18:10,17,0.00,172,25.60,68,1.80
2026-08-28T18:20,33,0.00,261,25.80,70,1.10
2026-08-28T18:30,55,0.00,89,26.00,71,1.80
2026-08-28T18:40,63,0.00,43,25.40,69,4.30
2026-08-28T18:50,63,0.00,48,25.40,67,4.00
2026-08-28T19:00,30,0.00,51,25.40,66,2.00
2026-08-28T19:10,61,0.00,56,25.40,67,2.40
2026-08-28T19:20,88,0.00,43,25.10,68,2.00
2026-08-28T19:30,98,0.00,32,25.10,67,2.00
2026-08-28T19:40,65,0.00,27,24.50,69,1.20
2026-08-28T19:50,64,0.00,25,24.30,70,1.90
2026-08-28T20:00,34,0.00,0,24.60,67,3.30
2026-08-28T20:10,50,0.00,0,24.90,66,2.50
2026-08-28T20:20,67,0.00,0,24.30,69,1.80
2026-08-28T20:30,31,0.00,0,24.20,70,2.20
2026-08-28T20:40,62,0.00,0,24.30,69,2.10
2026-08-28T20:50,57,0.00,0,24.20,70,1.80
2026-08-28T21:00,52,0.00,0,24.60,68,2.30
2026-08-28T21:10,39,0.00,0,24.30,70,1.60
2026-08-28T21:20,11,0.00,0,23.80,72,1.70
2026-08-28T21:30,20,0.00,0,24.00,71,2.60
2026-08-28T21:40,30,0.00,0,23.90,71,2.80
2026-08-28T21:50,38,0.00,0,24.00,70,2.80
2026-08-28T22:00,49,0.00,0,23.70,72,2.10
2026-08-28T22:10,38,0.00,0,23.60,72,2.80
2026-08-28T22:20,50,0.00,0,23.30,74,2.00
2026-08-28T22:30,39,0.00,0,23.00,76,1.20
2026-08-28T22:40,,0.00,0,22.60,79,0.00
2026-08-28T22:50,13,0.00,0,22.50,79,1.00
2026-08-28T23:00,71,0.00,0,22.50,80,0.80
2026-08-28T23:10,,0.00,0,22.00,83,0.00
2026-08-28T23:20,145,0.00,0,22.00,83,0.80
2026-08-28T23:30,99,0.00,0,21.80,84,0.30
2026-08-28T23:40,53,0.00,0,22.30,81,1.40
2026-08-28T23:50,96,0.00,0,21.70,86,1.10
2026-08-29T00:00,42,0.00,0,21.90,84,1.80
2026-08-29T00:10,49,0.00,0,22.00,84,2.20
2026-08-29T00:20,48,0.00,0,21.80,84,1.70
2026-08-29T00:30,88,0.00,0,21.50,86,0.60
2026-08-29T00:40,107,0.00,0,20.90,91,1.20
2026-08-29T00:50,88,0.00,0,20.80,92,1.30
2026-08-29T01:00,44,0.00,0,20.60,94,1.40
2026-08-29T01:10,64,0.00,0,21.10,89,1.40
2026-08-29T01:20,62,0.00,0,20.90,91,1.70
2026-08-29T01:30,63,0.00,0,21.10,89,1.30
2026-08-29T01:40,105,0.00,0,20.70,91,1.20
2026-08-29T01:50,89,0.00,0,20.50,93,1.30
2026-08-29T02:00,73,0.00,0,20.70,91,0.90
2026-08-29T02:10,55,0.00,0,20.50,94,1.10
2026-08-29T02:20,63,0.00,0,20.20,94,1.10
2026-08-29T02:30,,0.00,0,20.00,95,0.00
2026-08-29T02:40,,0.00,0,19.80,96,0.00
2026-08-29T02:50,102,0.00,0,19.90,96,0.70
2026-08-29T03:00,57,0.00,0,19.80,95,0.60
2026-08-29T03:10,93,0.00,0,19.40,96,0.70
2026-08-29T03:20,73,0.00,0,19.30,97,0.80
2026-08-29T03:30,60,0.00,0,19.30,96,2.10
2026-08-29T03:40,62,0.00,0,19.40,95,2.60
2026-08-29T03:50,46,0.00,0,19.80,92,2.70
2026-08-29T04:00,10,0.00,0,20.00,83,1.70
2026-08-29T04:10,129,0.00,0,19.90,87,0.30
2026-08-29T04:20,68,0.00,0,19.30,93,0.50
2026-08-29T04:30,75,0.00,0,19.00,94,0.60
2026-08-29T04:40,,0.00,0,19.10,94,0.00
2026-08-29T04:50,91,0.00,0,19.00,94,0.60
2026-08-29T05:00,55,0.00,0,19.10,86,1.50
2026-08-29T05:10,71,0.00,0,19.20,86,1.60
2026-08-29T05:20,49,0.00,0,18.90,92,1.60
2026-08-29T05:30,132,0.00,0,18.80,91,0.80
2026-08-29T05:40,124,0.00,0,18.60,94,1.10
2026-08-29T05:50,61,0.00,0,18.60,93,1.50
2026-08-29T06:00,103,0.00,0,18.60,93,1.20
2026-08-29T06:10,69,0.00,0,18.30,95,1.30
2026-08-29T06:20,112,0.00,0,18.30,96,1.00
2026-08-29T06:30,74,0.00,0,18.30,96,1.00
2026-08-29T06:40,100,0.00,0,18.30,95,1.00
2026-08-29T06:50,73,0.00,25,18.00,97,1.40
2026-08-29T07:00,80,0.00,30,18.00,96,1.40
2026-08-29T07:10,63,0.00,38,18.00,96,1.10
2026-08-29T07:20,97,0.00,45,17.90,96,1.20
2026-08-29T07:30,88,0.00,91,18.10,94,1.80
2026-08-29T07:40,92,0.00,118,18.40,92,1.70
2026-08-29T07:50,101,0.00,142,18.60,92,1.30
2026-08-29T08:00,94,0.00,126,18.80,92,1.20
2026-08-29T08:10,105,0.00,192,18.90,92,1.10
2026-08-29T08:20,92,0.00,233,19.30,89,1.30
2026-08-29T08:30,78,0.00,264,19.60,89,1.80
2026-08-29T08:40,57,0.00,203,19.90,86,1.80
2026-08-29T08:50,62,0.00,315,20.30,82,2.10
2026-08-29T09:00,60,0.00,352,20.70,82,2.00
2026-08-29T09:10,66,0.00,395,21.00,81,1.60
2026-08-29T09:20,67,0.00,437,21.30,80,1.30
2026-08-29T09:30,97,0.00,451,22.00,77,0.50
2026-08-29T09:40,125,0.00,462,22.40,74,0.70
2026-08-29T09:50,,0.00,481,22.70,73,0.00
2026-08-29T10:00,122,0.00,504,22.90,72,1.00
2026-08-29T10:10,93,0.00,534,23.00,72,1.20
2026-08-29T10:20,86,0.00,567,23.20,70,1.60
2026-08-29T10:30,90,0.00,595,23.20,70,2.20
2026-08-29T10:40,83,0.00,619,23.30,69,2.00
2026-08-29T10:50,102,0.00,635,23.60,68,1.50
2026-08-29T11:00,106,0.00,656,23.90,66,1.50
2026-08-29T11:10,120,0.00,690,24.40,64,1.10
2026-08-29T11:20,95,0.00,171,24.60,61,0.60
2026-08-29T11:30,183,0.00,206,24.50,63,0.80
2026-08-29T11:40,213,0.00,774,24.10,65,1.40
2026-08-29T11:50,194,0.00,796,23.60,67,2.00
2026-08-29T12:00,225,0.00,194,23.10,68,2.00
2026-08-29T12:10,221,0.00,174,23.20,69,2.00
2026-08-29T12:20,229,0.00,784,23.40,69,2.20
2026-08-29T12:30,235,0.00,801,23.70,66,2.60
2026-08-29T12:40,226,0.00,809,24.00,62,2.20
2026-08-29T12:50,219,0.00,814,24.60,59,1.50
2026-08-29T13:00,197,0.00,828,25.40,55,1.40
2026-08-29T13:10,224,0.00,829,25.70,54,1.30
2026-08-29T13:20,251,0.00,830,25.90,53,1.10
2026-08-29T13:30,223,0.00,836,26.30,53,0.90
2026-08-29T13:40,257,0.00,834,26.50,51,1.40
2026-08-29T13:50,272,0.00,850,26.70,51,1.50
2026-08-29T14:00,317,0.00,826,26.80,49,0.50
2026-08-29T14:10,202,0.00,784,27.30,49,0.80
2026-08-29T14:20,236,0.00,798,27.30,49,0.40
2026-08-29T14:30,216,0.00,835,27.40,50,0.90
2026-08-29T14:40,245,0.00,778,27.70,50,0.70
2026-08-29T14:50,265,0.00,725,27.80,52,0.60
2026-08-29T15:00,169,0.00,736,27.90,52,1.30
2026-08-29T15:10,215,0.00,679,28.20,51,1.20
2026-08-29T15:20,204,0.00,712,28.30,48,2.00
2026-08-29T15:30,201,0.00,670,28.40,46,2.70
2026-08-29T15:40,187,0.00,655,28.30,46,2.40
2026-08-29T15:50,187,0.00,600,28.40,49,1.50
2026-08-29T16:00,196,0.00,655,28.50,46,1.20
2026-08-29T16:10,228,0.00,654,28.80,41,2.30
2026-08-29T16:20,229,0.00,482,28.80,40,3.00
2026-08-29T16:30,231,0.00,621,28.70,40,2.90
2026-08-29T16:40,232,0.00,515,28.90,41,2.60
2026-08-29T16:50,226,0.00,505,28.90,38,2.80
2026-08-29T17:00,235,0.00,542,28.90,39,2.80
2026-08-29T17:10,229,0.00,495,28.80,39,2.90
2026-08-29T17:20,226,0.00,389,28.90,41,2.50
2026-08-29T17:30,210,0.00,424,28.80,42,2.20
2026-08-29T17:40,211,0.00,395,28.90,40,2.90
2026-08-29T17:50,220,0.00,331,28.90,39,3.10
2026-08-29T18:00,224,0.00,238,28.80,40,2.80
2026-08-29T18:10,212,0.00,279,28.50,43,2.10
2026-08-29T18:20,307,0.00,247,27.80,48,1.10
2026-08-29T18:30,347,0.00,110,26.70,51,2.10
2026-08-29T18:40,327,0.00,87,26.50,52,2.10
2026-08-29T18:50,346,0.00,82,25.60,56,1.30
2026-08-29T19:00,358,0.00,70,25.70,54,1.60
2026-08-29T19:10,354,0.00,66,25.50,54,1.40
2026-08-29T19:20,4,0.00,60,25.10,57,1.00
2026-08-29T19:30,35,0.00,50,24.80,61,0.80
2026-08-29T19:40,53,0.00,37,24.50,61,0.60
2026-08-29T19:50,105,0.00,30,24.00,67,0.60
2026-08-29T20:00,112,0.00,23,23.40,68,0.60
2026-08-29T20:10,,0.00,0,23.80,63,0.00
2026-08-29T20:20,143,0.00,0,23.80,62,0.70
2026-08-29T20:30,243,0.00,0,23.60,61,0.40
2026-08-29T20:40,143,0.00,0,23.10,64,0.80
2026-08-29T20:50,171,0.00,0,23.00,63,0.70
2026-08-29T21:00,156,0.00,0,22.40,67,1.00
2026-08-29T21:10,306,0.00,0,22.30,66,0.40
2026-08-29T21:20,177,0.00,0,22.60,64,0.50
2026-08-29T21:30,168,0.00,0,22.10,66,0.80
2026-08-29T21:40,,0.00,0,22.20,64,0.00
2026-08-29T21:50,,0.00,0,22.10,66,0.00
2026-08-29T22:00,149,0.00,0,21.90,65,0.90
2026-08-29T22:10,,0.00,0,21.60,67,0.00
2026-08-29T22:20,142,0.00,0,21.30,69,0.40
2026-08-29T22:30,98,0.00,0,20.80,71,0.80
2026-08-29T22:40,96,0.00,0,20.60,74,0.50
2026-08-29T22:50,96,0.00,0,20.60,75,0.70
2026-08-29T23:00,77,0.00,0,20.30,79,0.90
2026-08-29T23:10,82,0.00,0,19.80,81,1.00
2026-08-29T23:20,98,0.00,0,19.60,83,0.50
2026-08-29T23:30,86,0.00,0,19.50,83,0.90
2026-08-29T23:40,100,0.00,0,19.20,85,0.80
2026-08-29T23:50,74,0.00,0,19.20,85,0.70
2026-08-30T00:00,87,0.00,0,19.20,84,1.30
2026-08-30T00:10,64,0.00,0,19.20,84,1.90
2026-08-30T00:20,89,0.00,0,19.10,82,1.20
2026-08-30T00:30,77,0.00,0,18.90,84,1.30
2026-08-30T00:40,67,0.00,0,18.90,84,0.80
2026-08-30T00:50,64,0.00,0,18.90,84,1.00
2026-08-30T01:00,54,0.00,0,18.90,85,1.70
2026-08-30T01:10,64,0.00,0,18.90,85,1.00
2026-08-30T01:20,,0.00,0,18.70,85,0.00
2026-08-30T01:30,85,0.00,0,18.50,86,0.90
2026-08-30T01:40,36,0.00,0,18.80,84,0.70
2026-08-30T01:50,42,0.00,0,18.80,85,1.20
2026-08-30T02:00,58,0.00,0,18.60,86,1.30
2026-08-30T02:10,74,0.00,0,18.50,84,1.10
2026-08-30T02:20,58,0.00,0,18.40,85,0.90
2026-08-30T02:30,51,0.00,0,18.40,87,0.80
2026-08-30T02:40,51,0.00,0,18.30,86,1.10
2026-08-30T02:50,53,0.00,0,18.30,86,1.20
2026-08-30T03:00,64,0.00,0,18.00,88,1.20
2026-08-30T03:10,58,0.00,0,18.00,89,1.00
2026-08-30T03:20,61,0.00,0,17.90,88,0.80
2026-08-30T03:30,75,0.00,0,18.00,88,1.00
2026-08-30T03:40,57,0.00,0,18.10,88,1.20
2026-08-30T03:50,68,0.00,0,17.90,89,1.70
2026-08-30T04:00,64,0.00,0,17.80,88,0.80
2026-08-30T04:10,64,0.00,0,17.90,88,1.40
2026-08-30T04:20,70,0.00,0,17.70,89,0.90
2026-08-30T04:30,74,0.00,0,17.70,88,1.10
2026-08-30T04:40,73,0.00,0,17.70,90,1.20
2026-08-30T04:50,49,0.00,0,17.70,89,1.00
2026-08-30T05:00,68,0.00,0,17.70,89,1.10
2026-08-30T05:10,59,0.00,0,17.70,90,0.90
2026-08-30T05:20,65,0.00,0,17.60,90,0.90
2026-08-30T05:30,39,0.00,0,17.70,89,1.00
2026-08-30T05:40,54,0.00,0,17.80,89,0.90
2026-08-30T05:50,49,0.00,0,17.80,89,1.20
2026-08-30T06:00,61,0.00,0,17.60,90,1.20
2026-08-30T06:10,56,0.00,0,17.50,91,1.10
2026-08-30T06:20,54,0.00,0,17.40,91,1.10
2026-08-30T06:30,71,0.00,0,17.40,91,0.80
2026-08-30T06:40,32,0.00,0,17.30,91,0.80
2026-08-30T06:50,54,0.00,24,17.70,89,0.80
2026-08-30T07:00,53,0.00,29,17.60,90,1.10
2026-08-30T07:10,78,0.00,36,17.60,89,1.30
2026-08-30T07:20,106,0.00,43,17.40,91,1.00
2026-08-30T07:30,86,0.00,89,17.70,90,1.60
2026-08-30T07:40,92,0.00,114,18.10,89,1.90
2026-08-30T07:50,94,0.00,140,18.30,88,1.80
2026-08-30T08:00,100,0.00,165,18.80,87,1.30
2026-08-30T08:10,90,0.00,195,19.10,87,1.50
2026-08-30T08:20,82,0.00,225,19.70,83,1.20
2026-08-30T08:30,97,0.00,254,20.20,83,1.10
2026-08-30T08:40,112,0.00,284,20.70,81,0.80
2026-08-30T08:50,95,0.00,313,21.00,78,0.90
2026-08-30T09:00,68,0.00,342,21.20,76,0.80
2026-08-30T09:10,76,0.00,372,21.70,73,0.80
2026-08-30T09:20,87,0.00,401,22.10,71,1.00
2026-08-30T09:30,92,0.00,431,22.40,68,1.30
2026-08-30T09:40,95,0.00,458,22.70,66,1.20
2026-08-30T09:50,80,0.00,484,23.20,66,1.00
2026-08-30T10:00,89,0.00,507,23.40,64,0.90
2026-08-30T10:10,113,0.00,529,24.00,61,0.70
2026-08-30T10:20,126,0.00,555,24.20,61,0.80
2026-08-30T10:30,83,0.00,585,24.50,60,0.70
2026-08-30T10:40,,0.00,607,24.60,60,0.00
2026-08-30T10:50,227,0.00,632,23.60,66,2.10
2026-08-30T11:00,237,0.00,649,23.60,67,1.90
2026-08-30T11:10,228,0.00,671,23.70,66,2.20
2026-08-30T11:20,227,0.00,690,23.80,65,2.00
2026-08-30T11:30,231,0.00,708,23.90,63,1.90
2026-08-30T11:40,238,0.00,727,24.30,61,1.70
2026-08-30T11:50,223,0.00,740,24.50,61,1.80
2026-08-30T12:00,229,0.00,756,24.70,61,2.10
2026-08-30T12:10,245,0.00,765,24.60,60,2.10
2026-08-30T12:20,231,0.00,769,24.70,60,2.00
2026-08-30T12:30,242,0.00,782,24.80,60,2.00
2026-08-30T12:40,241,0.00,780,25.10,59,2.20
2026-08-30T12:50,232,0.00,796,25.30,57,2.00
2026-08-30T13:00,231,0.00,810,25.60,56,1.80
2026-08-30T13:10,245,0.00,810,25.70,55,1.50
2026-08-30T13:20,259,0.00,796,26.10,55,1.20
2026-08-30T13:30,270,0.00,810,26.30,54,1.30
2026-08-30T13:40,248,0.00,808,26.80,54,1.10
2026-08-30T13:50,172,0.00,799,27.10,51,0.60
2026-08-30T14:00,245,0.00,801,27.10,51,1.30
2026-08-30T14:10,229,0.00,785,27.50,50,0.60
2026-08-30T14:20,221,0.00,782,27.90,50,0.50
2026-08-30T14:30,227,0.00,780,28.10,49,2.30
2026-08-30T14:40,224,0.00,771,28.00,48,3.20
2026-08-30T14:50,225,0.00,754,28.00,48,3.50
2026-08-30T15:00,205,0.00,740,28.10,51,3.10
2026-08-30T15:10,223,0.00,726,28.10,52,4.00
2026-08-30T15:20,226,0.00,714,28.20,49,4.60
2026-08-30T15:30,224,0.00,698,28.40,48,4.30
2026-08-30T15:40,225,0.00,654,28.30,48,5.30
2026-08-30T15:50,225,0.00,667,28.30,49,4.60
2026-08-30T16:00,219,0.00,636,28.50,51,3.90
2026-08-30T16:10,228,0.00,605,28.50,48,4.10
2026-08-30T16:20,204,0.00,594,28.70,51,3.00
2026-08-30T16:30,211,0.00,571,28.70,49,3.60
2026-08-30T16:40,226,0.00,531,28.50,48,4.40
2026-08-30T16:50,220,0.00,521,28.80,50,3.30
2026-08-30T17:00,217,0.00,493,28.90,51,2.70
2026-08-30T17:10,204,0.00,451,28.70,50,2.60
2026-08-30T17:20,210,0.00,430,28.80,49,2.60
2026-08-30T17:30,211,0.00,405,28.70,48,2.70
2026-08-30T17:40,213,0.00,379,28.60,47,3.30
2026-08-30T17:50,209,0.00,357,28.60,47,2.80
2026-08-30T18:00,207,0.00,91,28.50,48,2.90
2026-08-30T18:10,206,0.00,142,28.00,49,2.20
2026-08-30T18:20,203,0.00,128,28.00,48,1.70
2026-08-30T18:30,256,0.00,115,27.70,51,0.30
2026-08-30T18:40,6,0.00,180,26.80,55,1.20
2026-08-30T18:50,348,0.00,85,26.60,57,1.40
2026-08-30T19:00,348,0.00,57,25.80,61,1.50
2026-08-30T19:10,2,0.00,47,25.60,61,1.70
2026-08-30T19:20,354,0.00,49,25.40,62,1.60
2026-08-30T19:30,25,0.00,45,25.10,64,1.00
2026-08-30T19:40,30,0.00,35,24.70,66,0.30
2026-08-30T19:50,73,0.00,28,24.40,67,0.40
2026-08-30T20:00,79,0.00,23,24.10,66,0.40
2026-08-30T20:10,146,0.00,0,24.20,66,0.50
2026-08-30T20:20,18,0.00,0,24.20,64,0.30
2026-08-30T20:30,107,0.00,0,23.60,69,0.60
2026-08-30T20:40,100,0.00,0,23.10,71,0.70
2026-08-30T20:50,114,0.00,0,22.90,72,0.90
2026-08-30T21:00,118,0.00,0,22.40,76,0.80
2026-08-30T21:10,114,0.00,0,22.50,75,0.80
2026-08-30T21:20,141,0.00,0,22.20,74,0.70
2026-08-30T21:30,121,0.00,0,22.90,67,0.70
2026-08-30T21:40,118,0.00,0,22.60,73,0.60
2026-08-30T21:50,109,0.00,0,22.10,75,0.60
2026-08-30T22:00,170,0.00,0,22.50,69,0.40
2026-08-30T22:10,86,0.00,0,21.80,73,0.60
2026-08-30T22:20,129,0.00,0,22.00,74,0.60
2026-08-30T22:30,122,0.00,0,21.60,77,0.60
2026-08-30T22:40,124,0.00,0,21.50,76,0.80
2026-08-30T22:50,118,0.00,0,21.10,80,0.60
2026-08-30T23:00,106,0.00,0,20.90,81,1.10
2026-08-30T23:10,102,0.00,0,20.50,84,1.10
2026-08-30T23:20,105,0.00,0,20.30,84,0.90
2026-08-30T23:30,68,0.00,0,20.50,83,0.60
2026-08-30T23:40,99,0.00,0,20.50,82,1.30
2026-08-30T23:50,86,0.00,0,20.70,79,1.30
2026-08-31T00:00,91,0.00,0,21.00,78,1.60
2026-08-31T00:10,81,0.00,0,20.60,80,1.50
2026-08-31T00:20,62,0.00,0,20.70,81,1.00
2026-08-31T00:30,86,0.00,0,20.50,81,1.00
2026-08-31T00:40,52,0.00,0,20.40,81,0.80
2026-08-31T00:50,97,0.00,0,20.30,83,0.70
2026-08-31T01:00,55,0.00,0,20.20,83,0.90
2026-08-31T01:10,78,0.00,0,20.30,83,1.30
2026-08-31T01:20,92,0.00,0,20.10,83,1.40
2026-08-31T01:30,56,0.00,0,20.20,81,1.90
2026-08-31T01:40,84,0.00,0,20.00,84,1.00
2026-08-31T01:50,37,0.00,0,19.70,84,0.60
2026-08-31T02:00,50,0.00,0,19.90,81,0.60
2026-08-31T02:10,74,0.00,0,19.90,83,1.60
2026-08-31T02:20,60,0.00,0,19.90,82,2.20
2026-08-31T02:30,66,0.00,0,19.90,82,1.60
2026-08-31T02:40,74,0.00,0,19.90,80,1.10
2026-08-31T02:50,45,0.00,0,20.20,79,1.00
2026-08-31T03:00,50,0.00,0,20.00,80,1.60
2026-08-31T03:10,100,0.00,0,19.80,82,1.00
2026-08-31T03:20,57,0.00,0,19.90,82,1.40
2026-08-31T03:30,58,0.00,0,20.10,81,1.30
2026-08-31T03:40,75,0.00,0,19.80,83,1.30
2026-08-31T03:50,60,0.00,0,19.90,82,1.60
2026-08-31T04:00,99,0.00,0,19.50,85,1.60
2026-08-31T04:10,63,0.00,0,19.50,85,1.10
2026-08-31T04:20,96,0.00,0,19.30,86,0.90
2026-08-31T04:30,65,0.00,0,19.40,86,1.00
2026-08-31T04:40,,0.00,0,19.50,85,0.00
2026-08-31T04:50,110,0.00,0,19.60,85,0.40
2026-08-31T05:00,48,0.00,0,19.50,86,1.30
2026-08-31T05:10,43,0.00,0,19.80,83,1.30
2026-08-31T05:20,87,0.00,0,19.50,86,1.00
2026-08-31T05:30,58,0.00,0,19.20,87,1.10
2026-08-31T05:40,21,0.00,0,19.90,79,1.50
2026-08-31T05:50,114,0.00,0,19.80,81,1.40
2026-08-31T06:00,28,0.00,0,19.80,81,2.30
2026-08-31T06:10,84,0.00,0,19.90,81,1.00
2026-08-31T06:20,48,0.00,0,19.90,80,1.10
2026-08-31T06:30,49,0.00,0,19.50,81,0.80
2026-08-31T06:40,89,0.00,0,19.00,86,0.90
2026-08-31T06:50,62,0.00,24,18.90,87,0.70
2026-08-31T07:00,75,0.00,31,18.70,88,0.70
2026-08-31T07:10,22,0.00,42,18.80,88,0.50
2026-08-31T07:20,48,0.00,47,18.90,86,0.70
2026-08-31T07:30,73,0.00,88,18.70,89,1.40
2026-08-31T07:40,57,0.00,112,19.00,87,1.50
2026-08-31T07:50,56,0.00,136,19.20,86,1.20
2026-08-31T08:00,90,0.00,160,19.80,83,0.90
2026-08-31T08:10,70,0.00,189,19.90,84,1.10
2026-08-31T08:20,87,0.00,219,20.50,80,1.00
2026-08-31T08:30,88,0.00,250,20.90,80,0.80
2026-08-31T08:40,98,0.00,283,21.50,78,0.80
2026-08-31T08:50,94,0.00,310,22.10,74,0.60
2026-08-31T09:00,96,0.00,343,22.50,72,1.30
2026-08-31T09:10,78,0.00,370,22.50,72,1.60
2026-08-31T09:20,77,0.00,399,22.60,72,2.30
2026-08-31T09:30,77,0.00,428,22.80,72,1.80
2026-08-31T09:40,77,0.00,454,22.90,71,2.00
2026-08-31T09:50,60,0.00,478,23.00,69,2.20
2026-08-31T10:00,82,0.00,504,23.40,69,1.70
2026-08-31T10:10,80,0.00,529,23.60,66,2.20
2026-08-31T10:20,78,0.00,560,23.90,65,2.30
2026-08-31T10:30,85,0.00,588,24.20,65,1.70
2026-08-31T10:40,88,0.00,609,24.50,63,2.20
2026-08-31T10:50,93,0.00,631,24.60,63,2.50
2026-08-31T11:00,90,0.00,653,24.80,62,2.20
2026-08-31T11:10,93,0.00,672,25.10,60,1.90
2026-08-31T11:20,85,0.00,685,25.60,58,1.00
2026-08-31T11:30,146,0.00,702,26.00,57,0.50
2026-08-31T11:40,146,0.00,720,26.40,56,1.10
2026-08-31T11:50,95,0.00,738,26.60,55,1.30
2026-08-31T12:00,85,0.00,744,26.70,55,0.90
2026-08-31T12:10,202,0.00,757,26.90,54,1.50
2026-08-31T12:20,227,0.00,766,26.40,57,2.00
2026-08-31T12:30,249,0.00,779,26.40,59,2.00
2026-08-31T12:40,240,0.00,787,26.30,58,1.90
2026-08-31T12:50,241,0.00,791,26.50,56,1.50
2026-08-31T13:00,206,0.00,795,27.00,53,0.80
2026-08-31T13:10,267,0.00,803,27.30,52,1.00
2026-08-31T13:20,277,0.00,800,27.30,52,1.10
2026-08-31T13:30,103,0.00,802,28.00,50,0.50
2026-08-31T13:40,272,0.00,812,28.00,49,0.50
2026-08-31T13:50,249,0.00,804,28.10,48,0.30
2026-08-31T14:00,244,0.00,800,28.50,46,0.60
2026-08-31T14:10,247,0.00,797,28.70,48,0.60
2026-08-31T14:20,270,0.00,796,28.60,48,1.40
2026-08-31T14:30,250,0.00,783,28.60,48,1.60
2026-08-31T14:40,246,0.00,766,28.80,48,1.60
2026-08-31T14:50,228,0.00,752,28.90,48,2.20
2026-08-31T15:00,226,0.00,740,29.00,47,1.90
2026-08-31T15:10,224,0.00,728,28.90,47,2.20
2026-08-31T15:20,229,0.00,717,29.10,48,1.50
2026-08-31T15:30,229,0.00,697,29.20,46,2.90
2026-08-31T15:40,219,0.00,686,29.30,46,2.80
2026-08-31T15:50,203,0.00,654,29.60,46,1.80
2026-08-31T16:00,221,0.00,630,29.70,46,1.60
2026-08-31T16:10,211,0.00,614,29.60,46,2.10
2026-08-31T16:20,210,0.00,604,29.70,47,2.20
2026-08-31T16:30,198,0.00,588,29.70,47,2.20
2026-08-31T16:40,189,0.00,560,29.80,47,2.20
2026-08-31T16:50,225,0.00,149,29.70,46,3.10
2026-08-31T17:00,217,0.00,399,29.30,48,3.00
2026-08-31T17:10,220,0.00,287,29.50,48,2.60
2026-08-31T17:20,217,0.00,443,29.70,48,2.40
2026-08-31T17:30,214,0.00,408,29.80,48,2.00
2026-08-31T17:40,223,0.00,380,29.80,48,2.40
2026-08-31T17:50,220,0.00,343,29.70,47,1.70
2026-08-31T18:00,289,0.00,297,29.10,51,1.30
2026-08-31T18:10,305,0.00,271,29.10,51,0.70
2026-08-31T18:20,348,0.00,238,28.00,55,1.40
2026-08-31T18:30,346,0.00,209,27.80,56,1.90
2026-08-31T18:40,350,0.00,184,27.40,56,1.90
2026-08-31T18:50,353,0.00,65,27.40,56,1.60
2026-08-31T19:00,339,0.00,58,26.80,58,1.40
2026-08-31T19:10,347,0.00,51,26.60,58,1.40
2026-08-31T19:20,3,0.00,46,26.50,58,1.50
2026-08-31T19:30,6,0.00,39,26.20,60,1.80
2026-08-31T19:40,1,0.00,33,26.10,60,1.10
2026-08-31T19:50,358,0.00,27,25.80,63,0.60
2026-08-31T20:00,,0.00,23,25.40,64,0.00
2026-08-31T20:10,116,0.00,0,24.90,67,0.40
2026-08-31T20:20,126,0.00,0,24.80,66,0.40
2026-08-31T20:30,127,0.00,0,24.60,67,0.50
2026-08-31T20:40,338,0.00,0,24.80,64,1.40
2026-08-31T20:50,17,0.00,0,25.00,62,1.00
2026-08-31T21:00,133,0.00,0,24.40,66,0.40
2026-08-31T21:10,127,0.00,0,23.80,70,0.40
2026-08-31T21:20,350,0.00,0,24.10,65,0.60
2026-08-31T21:30,137,0.00,0,24.30,64,0.50
2026-08-31T21:40,,0.00,0,23.30,71,0.00
2026-08-31T21:50,201,0.00,0,23.10,70,0.40
2026-08-31T22:00,263,0.00,0,23.20,69,0.60
2026-08-31T22:10,323,0.00,0,23.90,64,0.50
2026-08-31T22:20,188,0.00,0,23.60,66,0.70
2026-08-31T22:30,288,0.00,0,23.50,66,0.30
2026-08-31T22:40,245,0.00,0,23.60,65,0.60
2026-08-31T22:50,287,0.00,0,23.30,67,0.70
2026-08-31T23:00,107,0.00,0,22.70,70,0.50
2026-08-31T23:10,80,0.00,0,21.90,76,1.10
2026-08-31T23:20,78,0.00,0,21.40,80,0.80
2026-08-31T23:30,60,0.00,0,21.50,76,0.40
2026-08-31T23:40,43,0.00,0,21.70,74,1.30
2026-08-31T23:50,68,0.00,0,20.70,83,2.00
2026-09-01T00:00,39,0.00,0,21.40,77,2.00
2026-09-01T00:10,137,0.00,0,20.70,81,0.50
2026-09-01T00:20,,0.00,0,20.60,80,0.00
2026-09-01T00:30,78,0.00,0,20.80,79,0.90
2026-09-01T00:40,63,0.00,0,20.70,81,0.80
2026-09-01T00:50,74,0.00,0,20.60,83,0.90
2026-09-01T01:00,75,0.00,0,20.30,84,0.60
2026-09-01T01:10,12,0.00,0,20.10,84,0.70
2026-09-01T01:20,,0.00,0,20.20,80,0.00
2026-09-01T01:30,90,0.00,0,19.80,84,1.40
2026-09-01T01:40,53,0.00,0,19.40,86,2.10
2026-09-01T01:50,74,0.00,0,19.50,84,0.80
2026-09-01T02:00,52,0.00,0,19.40,84,0.80
2026-09-01T02:10,34,0.00,0,19.50,83,1.00
2026-09-01T02:20,117,0.00,0,19.40,82,0.70
2026-09-01T02:30,56,0.00,0,18.80,86,2.10
2026-09-01T02:40,50,0.00,0,19.40,80,1.30
2026-09-01T02:50,90,0.00,0,19.10,82,0.70
2026-09-01T03:00,49,0.00,0,18.70,84,0.90
2026-09-01T03:10,58,0.00,0,19.00,81,0.80
2026-09-01T03:20,47,0.00,0,18.70,82,0.90
2026-09-01T03:30,70,0.00,0,18.40,84,0.80
2026-09-01T03:40,62,0.00,0,18.10,83,1.10
2026-09-01T03:50,75,0.00,0,18.30,82,1.50
2026-09-01T04:00,40,0.00,0,18.00,84,0.90
2026-09-01T04:10,84,0.00,0,18.00,83,0.70
2026-09-01T04:20,51,0.00,0,18.00,82,1.40
2026-09-01T04:30,57,0.00,0,17.80,83,0.80
2026-09-01T04:40,66,0.00,0,18.00,81,1.20
2026-09-01T04:50,72,0.00,0,17.80,82,1.10
2026-09-01T05:00,59,0.00,0,17.40,82,1.20
2026-09-01T05:10,80,0.00,0,17.50,80,1.30
2026-09-01T05:20,79,0.00,0,17.50,80,1.20
2026-09-01T05:30,,0.00,0,16.90,82,0.00
2026-09-01T05:40,97,0.00,0,16.90,80,1.00
2026-09-01T05:50,98,0.00,0,16.70,83,1.20
2026-09-01T06:00,92,0.00,0,16.80,82,1.40
2026-09-01T06:10,85,0.00,0,16.90,81,1.30
2026-09-01T06:20,94,0.00,0,16.90,80,1.20
2026-09-01T06:30,93,0.00,0,17.00,80,1.10
2026-09-01T06:40,80,0.00,0,16.70,79,1.20
2026-09-01T06:50,81,0.00,23,16.70,80,1.40
2026-09-01T07:00,66,0.00,28,17.10,75,1.50
2026-09-01T07:10,59,0.00,34,17.00,78,2.10
2026-09-01T07:20,69,0.00,39,17.30,73,1.80
2026-09-01T07:30,101,0.00,91,17.30,75,1.00
2026-09-01T07:40,97,0.00,117,17.40,77,1.60
2026-09-01T07:50,83,0.00,142,17.90,74,2.00
2026-09-01T08:00,82,0.00,167,18.30,71,1.70
2026-09-01T08:10,92,0.00,199,18.70,70,1.20
2026-09-01T08:20,96,0.00,211,19.20,72,0.80
2026-09-01T08:30,99,0.00,102,19.40,71,0.50
2026-09-01T08:40,46,0.00,81,19.80,67,0.80
2026-09-01T08:50,43,0.00,166,20.40,64,0.90
2026-09-01T09:00,120,0.00,132,20.60,67,0.40
2026-09-01T09:10,15,0.00,124,20.70,66,0.90
2026-09-01T09:20,8,0.00,405,20.70,63,0.80
2026-09-01T09:30,89,0.00,170,21.70,64,0.50
2026-09-01T09:40,122,0.00,181,21.50,70,0.80
2026-09-01T09:50,105,0.00,249,21.40,71,1.10
2026-09-01T10:00,106,0.00,185,21.60,73,1.00
2026-09-01T10:10,109,0.00,192,21.70,71,1.00
2026-09-01T10:20,108,0.00,191,21.80,70,0.40
2026-09-01T10:30,,0.00,155,22.10,68,0.00
2026-09-01T10:40,145,0.00,180,22.00,70,0.70
2026-09-01T10:50,76,0.00,251,22.10,67,0.50
2026-09-01T11:00,94,0.00,706,22.60,61,0.90
2026-09-01T11:10,89,0.00,797,23.40,57,1.40
2026-09-01T11:20,81,0.00,815,24.00,52,1.20
2026-09-01T11:30,137,0.00,762,24.70,54,0.70
2026-09-01T11:40,233,0.00,323,24.70,54,0.30
2026-09-01T11:50,44,0.00,442,24.70,51,1.60
2026-09-01T12:00,44,0.00,350,25.00,49,1.00
2026-09-01T12:10,104,0.00,461,25.20,50,1.20
2026-09-01T12:20,208,0.00,636,25.40,48,0.60
2026-09-01T12:30,240,0.00,919,25.10,52,2.40
2026-09-01T12:40,246,0.00,884,24.90,52,2.50
2026-09-01T12:50,224,0.00,692,24.80,51,3.00
2026-09-01T13:00,212,0.00,829,25.30,49,1.60
2026-09-01T13:10,241,0.00,819,25.60,49,1.10
2026-09-01T13:20,245,0.00,674,25.70,49,1.60
2026-09-01T13:30,267,0.00,855,25.90,49,1.30
2026-09-01T13:40,237,0.00,835,26.00,51,1.60
2026-09-01T13:50,215,0.00,857,26.40,53,1.10
2026-09-01T14:00,237,0.00,812,26.40,52,1.70
2026-09-01T14:10,217,0.00,819,26.60,52,2.10
2026-09-01T14:20,234,0.00,807,26.60,53,2.60
2026-09-01T14:30,218,0.00,802,26.70,53,3.00
2026-09-01T14:40,213,0.00,792,26.80,54,2.40
2026-09-01T14:50,214,0.00,776,27.10,53,2.10
2026-09-01T15:00,218,0.00,744,27.20,52,2.70
2026-09-01T15:10,236,0.00,744,27.20,51,3.10
2026-09-01T15:20,220,0.00,726,27.30,52,3.50
2026-09-01T15:30,208,0.00,663,27.40,52,3.10
2026-09-01T15:40,229,0.00,688,27.30,53,3.60
2026-09-01T15:50,225,0.00,675,27.40,53,3.00
2026-09-01T16:00,231,0.00,630,27.60,53,2.90
2026-09-01T16:10,225,0.00,608,27.50,52,3.30
2026-09-01T16:20,227,0.00,578,27.60,53,2.80
2026-09-01T16:30,226,0.00,572,27.70,53,2.30
2026-09-01T16:40,206,0.00,545,28.00,51,1.60
2026-09-01T16:50,208,0.00,517,28.20,50,2.00
2026-09-01T17:00,236,0.00,465,28.10,51,1.90
2026-09-01T17:10,225,0.00,439,28.10,51,2.00
2026-09-01T17:20,200,0.00,422,28.40,50,1.30
2026-09-01T17:30,213,0.00,392,28.50,50,1.00
2026-09-01T17:40,222,0.00,364,28.30,51,1.80
2026-09-01T17:50,233,0.00,328,28.10,52,1.90
2026-09-01T18:00,232,0.00,221,28.00,54,1.70
2026-09-01T18:10,330,0.00,269,27.10,58,0.80
2026-09-01T18:20,332,0.00,184,26.20,60,1.60
2026-09-01T18:30,348,0.00,100,25.70,62,1.40
2026-09-01T18:40,349,0.00,71,25.70,62,1.90
2026-09-01T18:50,354,0.00,70,25.40,63,1.60
2026-09-01T19:00,12,0.00,63,25.40,63,1.10
2026-09-01T19:10,9,0.00,56,25.10,64,1.50
2026-09-01T19:20,121,0.00,48,24.80,71,0.50
2026-09-01T19:30,,0.00,43,24.60,70,0.00
2026-09-01T19:40,,0.00,33,24.20,74,0.00
2026-09-01T19:50,104,0.00,26,24.20,71,0.70
2026-09-01T20:00,98,0.00,0,24.20,69,0.80
2026-09-01T20:10,103,0.00,0,23.90,73,1.10
2026-09-01T20:20,65,0.00,0,24.10,69,0.80
2026-09-01T20:30,77,0.00,0,23.90,73,1.50
2026-09-01T20:40,47,0.00,0,23.50,74,1.00
2026-09-01T20:50,105,0.00,0,23.40,75,0.80
2026-09-01T21:00,96,0.00,0,22.90,76,1.30
2026-09-01T21:10,59,0.00,0,23.80,68,0.40
2026-09-01T21:20,87,0.00,0,23.10,75,0.90
2026-09-01T21:30,85,0.00,0,22.70,77,0.80
2026-09-01T21:40,119,0.00,0,22.60,77,1.00
2026-09-01T21:50,115,0.00,0,22.20,80,0.60
2026-09-01T22:00,,0.00,0,22.10,78,0.00
2026-09-01T22:10,141,0.00,0,22.30,77,0.80
2026-09-01T22:20,153,0.00,0,22.50,74,0.50
2026-09-01T22:30,,0.00,0,22.70,73,0.00
2026-09-01T22:40,142,0.00,0,22.30,77,1.00
2026-09-01T22:50,103,0.00,0,22.00,80,0.60
2026-09-01T23:00,124,0.00,0,22.10,77,0.30
2026-09-01T23:10,128,0.00,0,22.10,79,0.60
2026-09-01T23:20,117,0.00,0,21.70,83,0.50
2026-09-01T23:30,80,0.00,0,21.40,84,0.50
2026-09-01T23:40,76,0.00,0,21.30,85,0.70
2026-09-01T23:50,102,0.00,0,21.20,86,0.70
2026-09-02T00:00,82,0.00,0,21.20,83,0.80
2026-09-02T00:10,63,0.00,0,21.60,81,1.00
2026-09-02T00:20,80,0.00,0,21.20,84,1.00
2026-09-02T00:30,62,0.00,0,21.00,84,0.80
2026-09-02T00:40,,0.00,0,20.90,84,0.00
2026-09-02T00:50,77,0.00,0,20.90,84,0.70
2026-09-02T01:00,76,0.00,0,20.70,86,1.00
2026-09-02T01:10,65,0.00,0,20.60,86,1.50
2026-09-02T01:20,55,0.00,0,20.40,87,1.50
2026-09-02T01:30,110,0.00,0,20.40,87,0.80
2026-09-02T01:40,100,0.00,0,20.10,88,0.30
2026-09-02T01:50,80,0.00,0,20.30,87,0.50
2026-09-02T02:00,55,0.00,0,20.30,87,1.30
2026-09-02T02:10,53,0.00,0,20.50,86,1.00
2026-09-02T02:20,62,0.00,0,20.30,86,1.30
2026-09-02T02:30,30,0.00,0,20.60,83,0.80
2026-09-02T02:40,112,0.00,0,20.50,85,0.70
2026-09-02T02:50,249,0.00,0,20.40,85,0.30
2026-09-02T03:00,3,0.00,0,21.00,81,0.30
2026-09-02T03:10,139,0.00,0,20.80,83,0.60
2026-09-02T03:20,357,0.00,0,21.10,82,0.70
2026-09-02T03:30,40,0.00,0,21.30,81,0.80
2026-09-02T03:40,88,0.00,0,20.60,87,1.10
2026-09-02T03:50,29,0.00,0,20.60,89,0.50
2026-09-02T04:00,73,0.00,0,20.60,87,0.80
2026-09-02T04:10,56,0.00,0,20.90,86,1.10
2026-09-02T04:20,56,0.00,0,20.50,88,0.80
2026-09-02T04:30,,0.00,0,20.60,88,0.00
2026-09-02T04:40,83,0.00,0,20.40,89,1.10
2026-09-02T04:50,39,0.00,0,20.70,85,2.30
2026-09-02T05:00,85,0.00,0,21.10,82,1.20
2026-09-02T05:10,70,0.00,0,20.50,86,1.10
2026-09-02T05:20,55,0.00,0,21.10,80,1.40
2026-09-02T05:30,105,0.00,0,20.60,84,0.90
2026-09-02T05:40,28,0.00,0,20.10,87,0.60
2026-09-02T05:50,97,0.00,0,20.00,88,0.90
2026-09-02T06:00,,0.00,0,19.60,90,0.00
2026-09-02T06:10,48,0.00,0,19.90,85,0.70
2026-09-02T06:20,92,0.00,0,19.40,90,1.00
2026-09-02T06:30,62,0.00,0,19.20,90,1.40
2026-09-02T06:40,72,0.00,0,19.40,89,1.40
2026-09-02T06:50,61,0.00,23,19.30,90,0.80
2026-09-02T07:00,,0.00,28,19.20,91,0.00
2026-09-02T07:10,118,0.00,36,19.10,91,0.80
2026-09-02T07:20,92,0.00,41,19.10,90,1.10
2026-09-02T07:30,66,0.00,55,19.50,88,1.50
2026-09-02T07:40,75,0.00,98,19.80,85,0.90
2026-09-02T07:50,90,0.00,120,19.90,86,1.10
2026-09-02T08:00,61,0.00,150,20.20,83,1.50
2026-09-02T08:10,70,0.00,186,21.00,78,1.50
2026-09-02T08:20,111,0.00,226,21.10,80,1.10
2026-09-02T08:30,88,0.00,284,21.40,80,1.10
2026-09-02T08:40,63,0.00,252,21.70,77,1.90
2026-09-02T08:50,66,0.00,347,22.10,74,1.90
2026-09-02T09:00,65,0.00,375,22.40,72,2.00
2026-09-02T09:10,62,0.00,367,22.60,72,1.90
2026-09-02T09:20,74,0.00,214,22.70,70,1.30
2026-09-02T09:30,59,0.00,235,22.70,70,1.30
2026-09-02T09:40,58,0.00,464,22.60,72,1.90
2026-09-02T09:50,40,0.00,355,22.70,70,2.60
2026-09-02T10:00,51,0.00,239,22.80,69,2.60
2026-09-02T10:10,59,0.00,562,22.80,68,2.50
2026-09-02T10:20,73,0.00,503,23.30,67,2.10
2026-09-02T10:30,83,0.00,527,23.60,67,2.00
2026-09-02T10:40,81,0.00,358,23.80,65,2.10
2026-09-02T10:50,74,0.00,666,23.80,65,1.80
2026-09-02T11:00,70,0.00,711,24.30,64,1.60
2026-09-02T11:10,86,0.00,569,24.70,63,1.60
2026-09-02T11:20,63,0.00,745,24.80,61,1.20
2026-09-02T11:30,138,0.00,681,25.70,59,0.60
2026-09-02T11:40,228,0.00,716,25.60,62,1.10
2026-09-02T11:50,181,0.00,710,25.50,61,1.30
2026-09-02T12:00,220,0.00,430,25.70,61,1.20
2026-09-02T12:10,236,0.00,341,25.50,62,1.80
2026-09-02T12:20,237,0.00,945,25.10,63,2.20
2026-09-02T12:30,232,0.00,327,25.30,63,1.50
2026-09-02T12:40,213,0.00,548,25.40,62,1.10
2026-09-02T12:50,213,0.00,725,25.60,61,1.10
2026-09-02T13:00,270,0.00,407,25.60,62,1.10
2026-09-02T13:10,243,0.00,647,25.60,62,1.50
2026-09-02T13:20,266,0.00,972,25.90,62,1.00
2026-09-02T13:30,241,0.00,698,26.50,62,1.70
2026-09-02T13:40,227,0.00,614,26.40,61,3.50
2026-09-02T13:50,232,0.00,826,26.50,60,3.40
2026-09-02T14:00,228,0.00,831,26.70,60,3.30
2026-09-02T14:10,221,0.00,805,27.20,59,3.40
2026-09-02T14:20,225,0.00,759,27.30,57,3.30
2026-09-02T14:30,233,0.00,575,27.50,57,3.10
2026-09-02T14:40,235,0.00,793,27.50,55,3.70
2026-09-02T14:50,230,0.00,719,27.60,54,3.40
2026-09-02T15:00,221,0.00,758,27.70,52,3.70
2026-09-02T15:10,213,0.00,728,28.10,51,3.10
2026-09-02T15:20,219,0.00,392,28.20,51,3.10
2026-09-02T15:30,225,0.00,461,28.00,50,3.00
2026-09-02T15:40,207,0.00,683,28.30,49,2.70
2026-09-02T15:50,202,0.00,550,28.60,48,3.10
2026-09-02T16:00,213,0.00,625,28.60,49,2.30
2026-09-02T16:10,228,0.00,534,28.40,49,2.90
2026-09-02T16:20,229,0.00,514,28.60,48,3.00
2026-09-02T16:30,227,0.00,506,28.60,46,3.00
2026-09-02T16:40,208,0.00,620,28.80,48,2.90
2026-09-02T16:50,228,0.00,550,28.60,49,3.80
2026-09-02T17:00,213,0.00,462,28.80,48,3.80
2026-09-02T17:10,224,0.00,433,28.70,51,4.00
2026-09-02T17:20,227,0.00,413,28.70,51,3.80
2026-09-02T17:30,221,0.00,386,28.80,50,4.10
2026-09-02T17:40,220,0.00,356,28.60,51,4.40
2026-09-02T17:50,221,0.00,313,28.30,55,4.00
2026-09-02T18:00,218,0.00,300,28.40,55,4.10
2026-09-02T18:10,222,0.00,264,28.30,55,4.00
2026-09-02T18:20,221,0.00,227,28.30,57,3.20
2026-09-02T18:30,224,0.00,202,28.10,58,3.30
2026-09-02T18:40,240,0.00,174,27.80,58,2.00
2026-09-02T18:50,350,0.00,71,26.60,58,1.40
2026-09-02T19:00,344,0.00,62,25.90,59,1.70
2026-09-02T19:10,329,0.00,52,25.60,60,1.70
2026-09-02T19:20,352,0.00,45,25.60,60,1.30
2026-09-02T19:30,341,0.00,38,25.60,61,1.50
2026-09-02T19:40,341,0.00,31,25.40,61,1.70
2026-09-02T19:50,3,0.00,25,25.20,62,1.60
2026-09-02T20:00,353,0.00,0,25.20,62,1.60
2026-09-02T20:10,37,0.00,0,25.00,63,1.50
2026-09-02T20:20,8,0.00,0,24.80,63,1.50
2026-09-02T20:30,14,0.00,0,24.80,62,1.90
2026-09-02T20:40,26,0.00,0,24.50,64,1.40
2026-09-02T20:50,41,0.00,0,24.10,67,1.30
2026-09-02T21:00,79,0.00,0,23.70,70,1.10
2026-09-02T21:10,36,0.00,0,23.70,68,0.80
2026-09-02T21:20,351,0.00,0,23.90,65,0.90
2026-09-02T21:30,349,0.00,0,24.10,64,0.90
2026-09-02T21:40,23,0.00,0,23.70,65,0.60
2026-09-02T21:50,97,0.00,0,23.60,65,0.50
2026-09-02T22:00,86,0.00,0,23.50,66,0.70
2026-09-02T22:10,146,0.00,0,22.60,71,0.30
2026-09-02T22:20,344,0.00,0,22.70,70,0.50
2026-09-02T22:30,99,0.00,0,22.30,73,0.60
2026-09-02T22:40,124,0.00,0,21.40,80,0.70
2026-09-02T22:50,93,0.00,0,21.00,81,1.40
2026-09-02T23:00,77,0.00,0,21.20,81,1.50
2026-09-02T23:10,87,0.00,0,21.40,79,1.30
2026-09-02T23:20,92,0.00,0,20.70,82,1.40
2026-09-02T23:30,93,0.00,0,20.70,83,1.30
2026-09-02T23:40,77,0.00,0,21.00,79,1.10
2026-09-02T23:50,103,0.00,0,20.30,83,1.20
2026-09-03T00:00,83,0.00,0,20.30,82,0.80
2026-09-03T00:10,63,0.00,0,20.20,82,1.20
2026-09-03T00:20,92,0.00,0,20.00,82,1.20
2026-09-03T00:30,,0.00,0,19.60,84,0.00
2026-09-03T00:40,232,0.00,0,19.60,84,0.30
2026-09-03T00:50,101,0.00,0,19.80,83,0.70
2026-09-03T01:00,65,0.00,0,19.40,87,1.30
2026-09-03T01:10,23,0.00,0,19.90,81,1.50
2026-09-03T01:20,84,0.00,0,20.00,79,0.70
2026-09-03T01:30,59,0.00,0,19.40,85,1.30
2026-09-03T01:40,60,0.00,0,19.30,84,1.20
2026-09-03T01:50,67,0.00,0,19.10,84,1.00
2026-09-03T02:00,41,0.00,0,19.20,84,0.80
2026-09-03T02:10,92,0.00,0,19.30,83,1.00
2026-09-03T02:20,96,0.00,0,18.90,85,1.20
2026-09-03T02:30,99,0.00,0,18.60,85,1.10
2026-09-03T02:40,105,0.00,0,18.60,86,1.30
2026-09-03T02:50,80,0.00,0,18.40,87,0.70
2026-09-03T03:00,110,0.00,0,18.50,86,1.00
2026-09-03T03:10,70,0.00,0,18.50,85,1.20
2026-09-03T03:20,70,0.00,0,18.60,84,0.40
2026-09-03T03:30,,0.00,0,18.40,86,
2026-09-03T03:40,95,0.00,0,18.20,87,0.90
2026-09-03T03:50,84,0.00,0,18.00,87,0.70
2026-09-03T04:00,75,0.00,0,18.10,85,0.60
2026-09-03T04:10,95,0.00,0,18.00,87,0.90
2026-09-03T04:20,70,0.00,0,17.70,87,1.30
2026-09-03T04:30,60,0.00,0,18.10,85,1.10
2026-09-03T04:40,97,0.00,0,17.70,87,1.20
2026-09-03T04:50,63,0.00,0,17.70,85,1.30
2026-09-03T05:00,92,0.00,0,17.90,83,1.40
2026-09-03T05:10,63,0.00,0,17.80,83,1.40
2026-09-03T05:20,109,0.00,0,17.60,85,1.00
2026-09-03T05:30,76,0.00,0,17.50,83,1.70
2026-09-03T05:40,87,0.00,0,17.50,83,0.90
2026-09-03T05:50,77,0.00,0,17.30,83,0.60
2026-09-03T06:00,94,0.00,0,17.20,83,1.10
2026-09-03T06:10,82,0.00,0,17.70,79,1.50
2026-09-03T06:20,96,0.00,0,17.20,82,1.40
2026-09-03T06:30,78,0.00,0,17.20,82,1.50
2026-09-03T06:40,69,0.00,0,17.00,82,1.60
2026-09-03T06:50,82,0.00,23,17.20,79,1.70
2026-09-03T07:00,94,0.00,26,16.90,82,1.20
2026-09-03T07:10,69,0.00,31,17.20,77,2.00
2026-09-03T07:20,90,0.00,37,17.20,79,1.50
2026-09-03T07:30,85,0.00,88,17.40,76,1.40
2026-09-03T07:40,97,0.00,114,17.90,75,1.40
2026-09-03T07:50,67,0.00,138,18.00,72,2.40
2026-09-03T08:00,92,0.00,165,18.60,72,1.50
2026-09-03T08:10,99,0.00,194,18.80,74,1.30
2026-09-03T08:20,100,0.00,224,19.30,72,1.00
2026-09-03T08:30,91,0.00,254,19.90,72,1.00
2026-09-03T08:40,94,0.00,285,20.40,70,1.10
2026-09-03T08:50,79,0.00,314,20.80,68,1.00
2026-09-03T09:00,72,0.00,344,21.20,66,1.30
2026-09-03T09:10,81,0.00,375,21.90,64,1.10
2026-09-03T09:20,57,0.00,407,22.40,58,1.50
2026-09-03T09:30,86,0.00,376,22.80,61,1.00
2026-09-03T09:40,66,0.00,444,22.90,59,2.00
2026-09-03T09:50,60,0.00,453,23.10,56,2.20
2026-09-03T10:00,45,0.00,511,23.20,55,2.30
2026-09-03T10:10,60,0.00,536,23.30,55,2.10
2026-09-03T10:20,61,0.00,564,23.60,55,2.30
2026-09-03T10:30,75,0.00,592,23.90,54,2.30
2026-09-03T10:40,85,0.00,616,24.20,52,2.40
2026-09-03T10:50,90,0.00,636,24.30,51,2.40
2026-09-03T11:00,93,0.00,657,24.60,49,2.10
2026-09-03T11:10,69,0.00,677,24.90,49,1.90
2026-09-03T11:20,83,0.00,692,25.20,48,1.50
2026-09-03T11:30,83,0.00,715,25.60,47,1.50
2026-09-03T11:40,111,0.00,726,26.00,46,1.00
2026-09-03T11:50,99,0.00,735,26.40,43,0.80
2026-09-03T12:00,43,0.00,747,26.40,43,0.70
2026-09-03T12:10,141,0.00,755,26.80,45,0.80
2026-09-03T12:20,116,0.00,770,27.10,44,0.90
2026-09-03T12:30,80,0.00,776,27.10,41,0.80
2026-09-03T12:40,108,0.00,790,27.40,41,1.10
2026-09-03T12:50,239,0.00,794,27.30,43,0.90
2026-09-03T13:00,251,0.00,805,26.70,49,1.90
2026-09-03T13:10,230,0.00,800,26.90,46,2.10
2026-09-03T13:20,237,0.00,810,26.90,45,2.20
2026-09-03T13:30,231,0.00,806,26.60,48,2.60
2026-09-03T13:40,247,0.00,804,26.90,49,2.00
2026-09-03T13:50,256,0.00,803,27.30,42,1.50
2026-09-03T14:00,257,0.00,802,27.50,41,1.50
2026-09-03T14:10,237,0.00,794,27.80,42,1.30
2026-09-03T14:20,240,0.00,785,28.10,43,1.60
2026-09-03T14:30,240,0.00,775,28.20,42,1.30
2026-09-03T14:40,251,0.00,758,28.30,41,2.00
2026-09-03T14:50,213,0.00,743,28.70,41,1.60
2026-09-03T15:00,264,0.00,456,28.90,42,1.70
2026-09-03T15:10,255,0.00,692,28.90,42,1.40
2026-09-03T15:20,254,0.00,740,29.00,41,1.00
2026-09-03T15:30,331,0.00,635,29.30,40,0.60
2026-09-03T15:40,252,0.00,663,29.50,39,1.20
2026-09-03T15:50,221,0.00,635,29.80,39,1.90
2026-09-03T16:00,214,0.00,627,29.90,39,2.50
2026-09-03T16:10,221,0.00,598,29.70,39,3.30
2026-09-03T16:20,219,0.00,580,29.80,37,3.00
2026-09-03T16:30,219,0.00,560,30.00,36,3.40
2026-09-03T16:40,215,0.00,559,30.10,35,3.10
2026-09-03T16:50,222,0.00,513,30.20,35,3.30
2026-09-03T17:00,220,0.00,365,30.00,38,3.10
2026-09-03T17:10,213,0.00,460,29.90,40,3.00
2026-09-03T17:20,208,0.00,447,30.00,39,3.50
2026-09-03T17:30,212,0.00,417,29.90,40,3.20
2026-09-03T17:40,216,0.00,373,29.90,41,3.00
2026-09-03T17:50,200,0.00,345,29.90,40,2.80
2026-09-03T18:00,207,0.00,250,29.80,40,2.50
2026-09-03T18:10,223,0.00,274,29.50,42,0.80
2026-09-03T18:20,321,0.00,179,28.00,46,1.60
2026-09-03T18:30,323,0.00,158,26.80,50,1.50
2026-09-03T18:40,341,0.00,123,27.00,48,2.30
2026-09-03T18:50,338,0.00,81,26.70,49,1.60
2026-09-03T19:00,357,0.00,81,26.90,48,1.60
2026-09-03T19:10,2,0.00,67,26.60,49,1.60
2026-09-03T19:20,355,0.00,59,26.50,49,1.40
2026-09-03T19:30,97,0.00,47,26.00,54,0.80
2026-09-03T19:40,95,0.00,39,25.30,59,0.80
2026-09-03T19:50,74,0.00,29,24.50,64,0.50
2026-09-03T20:00,119,0.00,26,24.20,63,0.80
2026-09-03T20:10,123,0.00,24,24.30,61,0.70
2026-09-03T20:20,40,0.00,0,24.60,57,0.80
2026-09-03T20:30,103,0.00,0,23.90,65,0.80
2026-09-03T20:40,125,0.00,0,22.80,68,1.10
2026-09-03T20:50,102,0.00,0,22.80,67,1.00
2026-09-03T21:00,94,0.00,0,22.90,66,0.70
2026-09-03T21:10,133,0.00,0,22.30,70,0.90
2026-09-03T21:20,96,0.00,0,22.50,66,0.70
2026-09-03T21:30,152,0.00,0,22.30,68,0.60
2026-09-03T21:40,156,0.00,0,22.40,65,0.70
2026-09-03T21:50,94,0.00,0,22.30,67,0.90
2026-09-03T22:00,98,0.00,0,21.40,73,1.10
2026-09-03T22:10,105,0.00,0,21.30,74,0.90
2026-09-03T22:20,56,0.00,0,20.90,75,1.00
2026-09-03T22:30,108,0.00,0,21.00,75,0.90
2026-09-03T22:40,102,0.00,0,20.30,78,0.90
2026-09-03T22:50,69,0.00,0,20.40,77,1.70
2026-09-03T23:00,60,0.00,0,20.60,75,1.30
2026-09-03T23:10,70,0.00,0,20.40,75,0.90
2026-09-03T23:20,71,0.00,0,20.70,72,0.80
2026-09-03T23:30,82,0.00,0,20.20,75,1.40
2026-09-03T23:40,64,0.00,0,20.30,73,0.80
2026-09-03T23:50,67,0.00,0,20.10,73,1.00
2026-09-04T00:00,68,0.00,0,20.00,73,1.50
2026-09-04T00:10,77,0.00,0,19.70,75,0.90
2026-09-04T00:20,76,0.00,0,19.30,79,0.80
2026-09-04T00:30,84,0.00,0,19.60,77,0.40
2026-09-04T00:40,60,0.00,0,19.40,76,1.30
2026-09-04T00:50,72,0.00,0,19.60,76,1.00
2026-09-04T01:00,67,0.00,0,19.20,79,1.20
2026-09-04T01:10,58,0.00,0,19.50,76,0.90
2026-09-04T01:20,59,0.00,0,19.60,74,1.40
2026-09-04T01:30,77,0.00,0,19.50,74,0.90
2026-09-04T01:40,70,0.00,0,19.20,76,0.80
2026-09-04T01:50,58,0.00,0,19.00,76,0.80
2026-09-04T02:00,83,0.00,0,19.10,75,1.20
2026-09-04T02:10,76,0.00,0,18.80,76,1.60
2026-09-04T02:20,78,0.00,0,19.00,76,1.70
2026-09-04T02:30,110,0.00,0,18.60,79,1.00
2026-09-04T02:40,79,0.00,0,18.40,80,1.00
2026-09-04T02:50,34,0.00,0,18.60,80,0.60
2026-09-04T03:00,70,0.00,0,18.90,78,1.10
2026-09-04T03:10,89,0.00,0,18.60,79,1.20
2026-09-04T03:20,60,0.00,0,18.50,78,1.10
2026-09-04T03:30,80,0.00,0,18.70,79,2.10
2026-09-04T03:40,99,0.00,0,18.40,80,1.70
2026-09-04T03:50,69,0.00,0,18.10,82,0.70
2026-09-04T04:00,73,0.00,0,18.00,82,1.00
2026-09-04T04:10,66,0.00,0,18.30,80,1.70
2026-09-04T04:20,84,0.00,0,18.50,79,1.70
2026-09-04T04:30,85,0.00,0,18.40,79,1.20
2026-09-04T04:40,94,0.00,0,18.10,80,1.60
2026-09-04T04:50,87,0.00,0,18.20,79,1.40
2026-09-04T05:00,93,0.00,0,18.10,80,0.40
2026-09-04T05:10,82,0.00,0,18.30,78,2.00
2026-09-04T05:20,81,0.00,0,18.60,75,1.80
2026-09-04T05:30,101,0.00,0,18.50,77,0.90
2026-09-04T05:40,81,0.00,0,18.10,80,1.20
2026-09-04T05:50,70,0.00,0,18.40,77,1.50
2026-09-04T06:00,47,0.00,0,18.30,78,1.60
2026-09-04T06:10,53,0.00,0,17.80,80,1.10
2026-09-04T06:20,66,0.00,0,17.80,80,0.60
2026-09-04T06:30,71,0.00,0,17.70,81,1.10
2026-09-04T06:40,72,0.00,0,17.70,81,1.20
2026-09-04T06:50,73,0.00,0,17.90,79,1.30
2026-09-04T07:00,90,0.00,25,17.80,80,1.10
2026-09-04T07:10,68,0.00,30,17.40,83,1.10
2026-09-04T07:20,84,0.00,35,17.90,79,1.10
2026-09-04T07:30,96,0.00,85,17.60,82,0.50
2026-09-04T07:40,99,0.00,111,18.20,79,0.90
2026-09-04T07:50,61,0.00,137,18.50,77,1.70
2026-09-04T08:00,76,0.00,164,19.20,73,1.90
2026-09-04T08:10,86,0.00,194,20.10,70,1.20
2026-09-04T08:20,97,0.00,222,20.40,72,0.80
2026-09-04T08:30,104,0.00,251,20.80,72,0.60
2026-09-04T08:40,54,0.00,283,21.40,67,1.30
2026-09-04T08:50,58,0.00,314,22.10,60,3.10
2026-09-04T09:00,80,0.00,344,22.40,60,2.30
2026-09-04T09:10,89,0.00,371,22.70,62,1.60
2026-09-04T09:20,84,0.00,401,22.90,61,2.10
2026-09-04T09:30,72,0.00,427,23.30,59,1.90
2026-09-04T09:40,67,0.00,455,23.50,58,2.00
2026-09-04T09:50,63,0.00,481,23.60,57,2.50
2026-09-04T10:00,64,0.00,503,23.80,56,2.40
2026-09-04T10:10,60,0.00,532,24.10,55,2.00
2026-09-04T10:20,62,0.00,560,24.50,54,2.10
2026-09-04T10:30,70,0.00,588,25.00,51,1.90
2026-09-04T10:40,80,0.00,613,25.20,50,2.20
2026-09-04T10:50,91,0.00,632,25.70,48,2.00
2026-09-04T11:00,55,0.00,651,26.00,49,1.70
2026-09-04T11:10,83,0.00,671,26.30,49,1.80
2026-09-04T11:20,103,0.00,689,26.70,47,1.30
2026-09-04T11:30,127,0.00,700,27.10,45,0.90
2026-09-04T11:40,238,0.00,721,26.50,49,2.00
2026-09-04T11:50,239,0.00,733,25.70,54,2.50
2026-09-04T12:00,244,0.00,740,25.70,54,2.10
2026-09-04T12:10,230,0.00,748,25.90,51,1.70
2026-09-04T12:20,235,0.00,760,26.30,50,1.90
2026-09-04T12:30,237,0.00,772,26.50,48,2.20
2026-09-04T12:40,236,0.00,782,26.40,48,2.70
2026-09-04T12:50,225,0.00,790,26.20,49,2.80
2026-09-04T13:00,227,0.00,792,26.70,47,1.60
2026-09-04T13:10,207,0.00,793,27.40,42,1.20
2026-09-04T13:20,253,0.00,792,27.50,42,1.20
2026-09-04T13:30,250,0.00,789,27.80,43,1.20
2026-09-04T13:40,227,0.00,788,28.20,42,1.70
2026-09-04T13:50,224,0.00,783,28.40,42,1.60
2026-09-04T14:00,245,0.00,781,28.50,42,1.60
2026-09-04T14:10,233,0.00,774,28.70,42,1.50
2026-09-04T14:20,205,0.00,763,29.20,42,0.60
2026-09-04T14:30,225,0.00,755,29.30,41,1.50
2026-09-04T14:40,248,0.00,740,29.40,41,0.90
2026-09-04T14:50,266,0.00,725,29.60,41,0.90
2026-09-04T15:00,243,0.00,707,29.90,41,0.50
2026-09-04T15:10,186,0.00,693,30.20,40,1.40
2026-09-04T15:20,220,0.00,679,30.30,40,1.50
2026-09-04T15:30,219,0.00,657,30.10,40,1.90
2026-09-04T15:40,208,0.00,640,30.60,41,1.40
2026-09-04T15:50,231,0.00,621,30.40,41,1.80
2026-09-04T16:00,214,0.00,601,30.40,42,2.20
2026-09-04T16:10,219,0.00,584,30.50,41,2.50
2026-09-04T16:20,234,0.00,561,30.60,42,1.90
2026-09-04T16:30,254,0.00,537,30.40,42,2.20
2026-09-04T16:40,257,0.00,512,30.50,43,2.50
2026-09-04T16:50,225,0.00,488,30.70,42,3.20
2026-09-04T17:00,218,0.00,457,30.70,42,3.60
2026-09-04T17:10,200,0.00,429,30.60,42,3.40
2026-09-04T17:20,208,0.00,401,30.60,43,4.30
2026-09-04T17:30,209,0.00,368,30.40,45,3.90
2026-09-04T17:40,219,0.00,342,30.40,44,3.60
2026-09-04T17:50,214,0.00,309,30.50,44,3.20
2026-09-04T18:00,216,0.00,281,30.60,42,2.90
2026-09-04T18:10,253,0.00,251,30.60,43,1.30
2026-09-04T18:20,329,0.00,225,29.10,50,1.20
2026-09-04T18:30,346,0.00,200,28.60,51,1.70
2026-09-04T18:40,340,0.00,63,27.90,53,1.50
2026-09-04T18:50,340,0.00,55,27.50,54,1.40
2026-09-04T19:00,3,0.00,50,27.10,55,0.90
2026-09-04T19:10,13,0.00,44,27.20,55,1.40
2026-09-04T19:20,12,0.00,39,26.90,58,0.60
2026-09-04T19:30,40,0.00,34,26.90,56,0.70
2026-09-04T19:40,,0.00,28,26.60,57,0.00
2026-09-04T19:50,8,0.00,24,27.00,54,1.40
2026-09-04T20:00,30,0.00,0,26.10,60,0.60
2026-09-04T20:10,9,0.00,0,26.20,57,0.40
2026-09-04T20:20,243,0.00,0,25.90,59,0.40
2026-09-04T20:30,,0.00,0,25.20,63,0.00
2026-09-04T20:40,174,0.00,0,24.90,65,0.60
2026-09-04T20:50,118,0.00,0,24.80,64,0.70
2026-09-04T21:00,,0.00,0,24.60,64,0.00
2026-09-04T21:10,306,0.00,0,24.90,62,1.00
2026-09-04T21:20,,0.00,0,25.00,61,0.00
2026-09-04T21:30,81,0.00,0,23.30,70,1.10
2026-09-04T21:40,48,0.00,0,23.40,70,0.50
2026-09-04T21:50,192,0.00,0,23.10,70,0.30
2026-09-04T22:00,,0.00,0,23.30,67,0.00
2026-09-04T22:10,85,0.00,0,23.40,69,0.50
2026-09-04T22:20,98,0.00,0,22.40,75,0.90
2026-09-04T22:30,111,0.00,0,22.30,73,0.90
2026-09-04T22:40,126,0.00,0,22.60,71,0.90
2026-09-04T22:50,120,0.00,0,21.70,75,1.10
2026-09-04T23:00,110,0.00,0,21.60,74,0.90
2026-09-04T23:10,105,0.00,0,21.50,76,0.60
2026-09-04T23:20,98,0.00,0,21.20,78,1.20
2026-09-04T23:30,84,0.00,0,21.20,76,1.10
2026-09-04T23:40,90,0.00,0,21.00,79,1.50
2026-09-04T23:50,,0.00,0,21.10,78,0.00
2026-09-05T00:00,100,0.00,0,21.20,78,1.10
2026-09-05T00:10,37,0.00,0,21.10,78,1.00
2026-09-05T00:20,79,0.00,0,21.40,76,1.00
2026-09-05T00:30,53,0.00,0,20.80,78,1.30
2026-09-05T00:40,91,0.00,0,20.70,80,0.80
2026-09-05T00:50,318,0.00,0,20.70,79,0.30
2026-09-05T01:00,26,0.00,0,21.40,73,1.10
2026-09-05T01:10,95,0.00,0,20.90,77,0.70
2026-09-05T01:20,62,0.00,0,20.10,82,1.00
2026-09-05T01:30,71,0.00,0,20.30,80,1.10
2026-09-05T01:40,52,0.00,0,20.20,80,1.00
2026-09-05T01:50,60,0.00,0,20.40,79,1.20
2026-09-05T02:00,53,0.00,0,20.20,80,1.00
2026-09-05T02:10,63,0.00,0,20.70,77,1.30
2026-09-05T02:20,72,0.00,0,20.10,79,0.70
2026-09-05T02:30,49,0.00,0,20.00,81,1.20
2026-09-05T02:40,50,0.00,0,19.90,81,1.40
2026-09-05T02:50,61,0.00,0,19.80,81,1.20
2026-09-05T03:00,61,0.00,0,19.60,81,1.10
2026-09-05T03:10,67,0.00,0,19.50,83,1.90
2026-09-05T03:20,79,0.00,0,19.40,82,0.60
2026-09-05T03:30,93,0.00,0,19.80,80,1.10
2026-09-05T03:40,82,0.00,0,19.40,83,1.00
2026-09-05T03:50,45,0.00,0,19.40,83,0.90
2026-09-05T04:00,63,0.00,0,19.50,82,1.70
2026-09-05T04:10,56,0.00,0,19.40,82,1.20
2026-09-05T04:20,66,0.00,0,19.60,81,1.40
2026-09-05T04:30,97,0.00,0,19.00,86,0.80
2026-09-05T04:40,51,0.00,0,19.10,85,0.90
2026-09-05T04:50,88,0.00,0,19.20,84,0.80
2026-09-05T05:00,46,0.00,0,19.30,84,1.40
2026-09-05T05:10,67,0.00,0,19.20,84,1.30
2026-09-05T05:20,102,0.00,0,19.00,85,1.10
2026-09-05T05:30,41,0.00,0,19.00,85,1.40
2026-09-05T05:40,67,0.00,0,19.00,84,1.30
2026-09-05T05:50,44,0.00,0,19.50,80,1.50
2026-09-05T06:00,52,0.00,0,18.90,84,0.40
2026-09-05T06:10,66,0.00,0,19.00,84,0.90
2026-09-05T06:20,77,0.00,0,19.00,83,1.30
2026-09-05T06:30,86,0.00,0,18.80,85,1.30
2026-09-05T06:40,59,0.00,0,18.90,83,1.00
2026-09-05T06:50,107,0.00,0,18.80,84,1.10
2026-09-05T07:00,37,0.00,33,18.80,84,1.60
2026-09-05T07:10,90,0.00,50,19.40,81,1.00
2026-09-05T07:20,63,0.00,55,19.20,82,1.20
2026-09-05T07:30,96,0.00,69,19.10,84,0.60
2026-09-05T07:40,35,0.00,56,19.60,81,1.50
2026-09-05T07:50,89,0.00,78,19.60,82,1.00
2026-09-05T08:00,63,0.00,102,19.60,82,0.90
2026-09-05T08:10,61,0.00,116,20.00,80,1.30
2026-09-05T08:20,84,0.00,117,20.30,80,1.00
2026-09-05T08:30,96,0.00,116,20.30,82,1.40
2026-09-05T08:40,44,0.00,146,20.80,78,1.30
2026-09-05T08:50,92,0.00,173,20.90,81,0.90
2026-09-05T09:00,51,0.00,367,21.10,79,1.70
2026-09-05T09:10,68,0.00,153,22.10,72,1.70
2026-09-05T09:20,103,0.00,205,22.30,72,0.70
2026-09-05T09:30,56,0.00,230,22.50,70,1.60
2026-09-05T09:40,84,0.00,252,22.70,70,1.40
2026-09-05T09:50,67,0.00,231,22.90,69,1.60
2026-09-05T10:00,83,0.00,405,23.10,71,1.30
2026-09-05T10:10,78,0.00,572,23.70,67,1.90
2026-09-05T10:20,88,0.00,621,24.10,64,2.00
2026-09-05T10:30,65,0.00,600,24.70,61,1.50
2026-09-05T10:40,91,0.00,497,25.10,61,1.20
2026-09-05T10:50,120,0.00,524,25.50,56,1.00
2026-09-05T11:00,164,0.00,548,26.00,55,0.70
2026-09-05T11:10,299,0.00,571,26.40,51,0.40
2026-09-05T11:20,233,0.00,481,26.00,56,1.20
2026-09-05T11:30,195,0.00,682,25.90,61,1.30
2026-09-05T11:40,246,0.00,622,26.10,60,0.80
2026-09-05T11:50,233,0.00,556,26.10,61,1.70
2026-09-05T12:00,217,0.00,676,26.10,61,1.80
2026-09-05T12:10,237,0.00,620,26.10,60,1.70
2026-09-05T12:20,232,0.00,738,26.40,59,1.60
2026-09-05T12:30,239,0.00,666,26.50,59,1.60
2026-09-05T12:40,232,0.00,665,26.90,57,1.80
2026-09-05T12:50,237,0.00,678,26.60,57,2.00
2026-09-05T13:00,235,0.00,737,26.90,53,1.70
2026-09-05T13:10,230,0.00,679,27.10,53,1.40
2026-09-05T13:20,210,0.00,751,27.80,49,1.10
2026-09-05T13:30,230,0.00,751,28.20,48,1.40
2026-09-05T13:40,226,0.00,784,28.40,48,1.30
2026-09-05T13:50,218,0.00,793,28.90,46,1.30
2026-09-05T14:00,245,0.00,764,28.90,46,2.20
2026-09-05T14:10,226,0.00,773,28.70,48,2.10
2026-09-05T14:20,253,0.00,737,28.90,48,1.60
2026-09-05T14:30,215,0.00,732,29.50,46,0.80
2026-09-05T14:40,248,0.00,748,29.70,46,1.70
2026-09-05T14:50,241,0.00,668,29.90,45,0.80
2026-09-05T15:00,186,0.00,724,30.30,46,1.00
2026-09-05T15:10,226,0.00,687,30.40,45,1.40
2026-09-05T15:20,249,0.00,658,30.40,44,1.70
2026-09-05T15:30,232,0.00,661,30.30,44,2.40
2026-09-05T15:40,249,0.00,608,30.40,44,2.50
2026-09-05T15:50,252,0.00,644,30.50,44,2.50
2026-09-05T16:00,244,0.00,584,30.50,45,2.00
2026-09-05T16:10,250,0.00,552,30.90,43,1.20
2026-09-05T16:20,,0.00,558,31.20,44,0.00
2026-09-05T16:30,161,0.00,515,31.20,43,1.00
2026-09-05T16:40,314,0.00,507,31.20,42,0.80
2026-09-05T16:50,284,0.00,492,31.70,40,0.40
2026-09-05T17:00,100,0.00,448,31.60,44,0.50
2026-09-05T17:10,106,0.00,405,31.10,46,0.50
2026-09-05T17:20,,0.00,339,31.50,43,0.00
2026-09-05T17:30,,0.00,373,31.20,45,0.00
2026-09-05T17:40,321,0.00,278,30.50,45,1.10
2026-09-05T17:50,347,0.00,283,29.70,45,1.40
2026-09-05T18:00,4,0.00,214,29.90,43,0.90
2026-09-05T18:10,331,0.00,242,30.10,42,0.60
2026-09-05T18:20,346,0.00,237,29.50,41,1.50
2026-09-05T18:30,14,0.00,190,28.80,44,1.40
2026-09-05T18:40,8,0.00,75,28.20,48,1.00
2026-09-05T18:50,15,0.00,68,28.30,44,0.80
2026-09-05T19:00,356,0.00,60,27.90,44,0.70
2026-09-05T19:10,346,0.00,50,28.10,43,1.30
2026-09-05T19:20,13,0.00,42,27.30,43,0.90
2026-09-05T19:30,47,0.00,36,26.50,48,0.70
2026-09-05T19:40,82,0.00,29,25.30,58,1.40
2026-09-05T19:50,78,0.00,22,25.30,59,1.00
2026-09-05T20:00,77,0.00,0,25.10,57,0.50
2026-09-05T20:10,82,0.00,0,25.00,56,1.40
2026-09-05T20:20,84,0.00,0,24.80,56,1.90
2026-09-05T20:30,82,0.00,0,24.30,60,0.80
2026-09-05T20:40,97,0.00,0,23.90,60,0.90
2026-09-05T20:50,65,0.00,0,23.80,58,0.60
2026-09-05T21:00,62,0.00,0,23.30,59,0.80
2026-09-05T21:10,70,0.00,0,23.80,57,1.10
2026-09-05T21:20,62,0.00,0,22.70,64,1.00
2026-09-05T21:30,50,0.00,0,22.20,65,1.20
2026-09-05T21:40,101,0.00,0,22.40,63,0.50
2026-09-05T21:50,41,0.00,0,22.80,59,1.90
2026-09-05T22:00,41,0.00,0,22.70,60,0.90
2026-09-05T22:10,84,0.00,0,22.60,59,0.50
2026-09-05T22:20,32,0.00,0,22.50,58,1.60
2026-09-05T22:30,93,0.00,0,21.90,62,1.00
2026-09-05T22:40,79,0.00,0,23.00,53,1.10
2026-09-05T22:50,65,0.00,0,22.50,57,0.30
2026-09-05T23:00,24,0.00,0,22.60,56,0.70
2026-09-05T23:10,120,0.00,0,21.70,62,0.90
2026-09-05T23:20,71,0.00,0,21.90,60,0.60
2026-09-05T23:30,42,0.00,0,20.80,67,1.20
2026-09-05T23:40,71,0.00,0,20.90,67,1.70
2026-09-05T23:50,24,0.00,0,21.60,61,1.60
2026-09-06T00:00,80,0.00,0,21.60,61,1.00
2026-09-06T00:10,54,0.00,0,21.50,60,1.20
2026-09-06T00:20,67,0.00,0,20.90,63,1.60
2026-09-06T00:30,44,0.00,0,20.50,67,1.30
2026-09-06T00:40,71,0.00,0,20.40,66,1.40
2026-09-06T00:50,60,0.00,0,20.60,62,1.50
2026-09-06T01:00,37,0.00,0,21.30,59,2.00
2026-09-06T01:10,141,0.00,0,20.90,61,0.60
2026-09-06T01:20,,0.00,0,20.70,61,0.00
2026-09-06T01:30,58,0.00,0,21.00,59,1.50
2026-09-06T01:40,60,0.00,0,20.10,66,1.30
2026-09-06T01:50,72,0.00,0,19.80,67,1.00
2026-09-06T02:00,83,0.00,0,19.70,69,1.00
2026-09-06T02:10,62,0.00,0,19.30,72,1.50
2026-09-06T02:20,61,0.00,0,19.40,70,0.90
2026-09-06T02:30,88,0.00,0,19.30,69,0.60
2026-09-06T02:40,62,0.00,0,19.70,67,1.20
2026-09-06T02:50,45,0.00,0,20.00,63,1.20
2026-09-06T03:00,96,0.00,0,20.10,63,0.90
2026-09-06T03:10,85,0.00,0,19.20,69,1.20
2026-09-06T03:20,43,0.00,0,19.40,68,1.80
2026-09-06T03:30,89,0.00,0,19.20,71,1.30
2026-09-06T03:40,44,0.00,0,19.40,69,0.50
2026-09-06T03:50,154,0.00,0,19.90,61,0.70
2026-09-06T04:00,46,0.00,0,21.30,54,0.50
2026-09-06T04:10,357,0.00,0,21.10,55,0.50
2026-09-06T04:20,96,0.00,0,20.30,59,0.50
2026-09-06T04:30,111,0.00,0,18.90,71,1.10
2026-09-06T04:40,78,0.00,0,19.60,67,1.00
2026-09-06T04:50,91,0.00,0,19.10,70,1.50
2026-09-06T05:00,61,0.00,0,19.10,70,1.10
2026-09-06T05:10,83,0.00,0,19.60,67,0.70
2026-09-06T05:20,97,0.00,0,18.80,75,1.50
2026-09-06T05:30,68,0.00,0,18.80,71,2.20
2026-09-06T05:40,75,0.00,0,20.50,57,2.30
2026-09-06T05:50,103,0.00,0,19.30,67,1.90
2026-09-06T06:00,80,0.00,0,19.20,68,2.00
2026-09-06T06:10,82,0.00,0,19.60,63,1.60
2026-09-06T06:20,71,0.00,0,19.00,67,1.40
2026-09-06T06:30,90,0.00,0,18.90,67,1.50
2026-09-06T06:40,80,0.00,0,18.30,72,1.70
2026-09-06T06:50,73,0.00,0,18.10,72,0.70
2026-09-06T07:00,66,0.00,24,17.90,74,1.30
2026-09-06T07:10,79,0.00,30,18.10,73,1.40
2026-09-06T07:20,89,0.00,35,17.90,75,1.70
2026-09-06T07:30,93,0.00,79,18.70,70,1.80
2026-09-06T07:40,87,0.00,102,19.10,68,2.00
2026-09-06T07:50,92,0.00,128,19.40,68,1.30
2026-09-06T08:00,94,0.00,153,19.30,71,2.00
2026-09-06T08:10,80,0.00,184,19.60,68,1.90
2026-09-06T08:20,76,0.00,210,20.10,67,0.80
2026-09-06T08:30,71,0.00,243,20.80,66,0.60
2026-09-06T08:40,94,0.00,274,21.00,65,1.30
2026-09-06T08:50,96,0.00,305,21.50,62,1.60
2026-09-06T09:00,96,0.00,333,22.10,61,1.40
2026-09-06T09:10,89,0.00,360,22.50,61,1.00
2026-09-06T09:20,107,0.00,407,23.20,60,1.10
2026-09-06T09:30,88,0.00,470,23.30,57,1.50
2026-09-06T09:40,65,0.00,486,23.80,51,2.20
2026-09-06T09:50,61,0.00,513,24.20,50,2.20
2026-09-06T10:00,54,0.00,477,24.40,50,2.10
2026-09-06T10:10,57,0.00,526,24.60,49,1.90
2026-09-06T10:20,59,0.00,603,25.00,48,1.90
2026-09-06T10:30,98,0.00,262,25.50,48,1.20
2026-09-06T10:40,104,0.00,620,25.70,48,1.10
2026-09-06T10:50,87,0.00,609,25.70,48,1.20
2026-09-06T11:00,130,0.00,627,26.30,48,0.70
2026-09-06T11:10,203,0.00,642,26.60,43,0.70
2026-09-06T11:20,226,0.00,663,26.20,48,1.10
2026-09-06T11:30,221,0.00,685,26.10,48,1.70
2026-09-06T11:40,229,0.00,695,26.10,48,1.70
2026-09-06T11:50,246,0.00,709,25.90,48,2.10
2026-09-06T12:00,230,0.00,717,25.90,48,2.20
2026-09-06T12:10,233,0.00,717,26.20,45,1.80
2026-09-06T12:20,220,0.00,722,26.40,44,1.70
2026-09-06T12:30,226,0.00,728,26.70,45,1.10
2026-09-06T12:40,235,0.00,737,27.20,42,0.70
2026-09-06T12:50,103,0.00,753,27.90,38,0.30
2026-09-06T13:00,207,0.00,757,27.90,40,0.90
2026-09-06T13:10,193,0.00,761,27.90,42,0.70
2026-09-06T13:20,288,0.00,766,28.10,42,0.30
2026-09-06T13:30,255,0.00,758,28.00,43,1.20
2026-09-06T13:40,248,0.00,756,28.20,44,1.40
2026-09-06T13:50,248,0.00,756,28.40,44,1.00
2026-09-06T14:00,213,0.00,753,28.40,45,1.70
2026-09-06T14:10,232,0.00,753,28.20,46,1.80
2026-09-06T14:20,273,0.00,747,28.40,48,1.90
2026-09-06T14:30,220,0.00,735,28.70,48,1.80
2026-09-06T14:40,268,0.00,721,28.50,48,1.90
2026-09-06T14:50,243,0.00,711,28.90,49,1.90
2026-09-06T15:00,223,0.00,695,29.20,49,2.70
2026-09-06T15:10,236,0.00,678,29.20,49,3.10
2026-09-06T15:20,234,0.00,661,29.20,49,4.00
2026-09-06T15:30,221,0.00,646,29.40,49,3.10
2026-09-06T15:40,211,0.00,629,29.80,48,3.00
2026-09-06T15:50,211,0.00,602,29.80,49,3.00
2026-09-06T16:00,214,0.00,588,29.70,49,4.10
2026-09-06T16:10,213,0.00,570,29.70,50,3.70
2026-09-06T16:20,211,0.00,549,29.80,50,3.40
2026-09-06T16:30,216,0.00,526,29.80,49,3.60
2026-09-06T16:40,218,0.00,503,29.90,49,3.50
2026-09-06T16:50,215,0.00,477,29.90,48,3.20
2026-09-06T17:00,215,0.00,443,29.90,48,2.90
2026-09-06T17:10,202,0.00,419,30.10,47,2.60
2026-09-06T17:20,193,0.00,390,30.20,47,2.10
2026-09-06T17:30,214,0.00,361,30.20,47,2.50
2026-09-06T17:40,206,0.00,334,30.00,48,2.30
2026-09-06T17:50,220,0.00,303,29.90,48,2.70
2026-09-06T18:00,220,0.00,271,29.90,49,2.50
2026-09-06T18:10,204,0.00,239,29.80,50,3.00
2026-09-06T18:20,220,0.00,206,29.50,52,1.50
2026-09-06T18:30,351,0.00,162,28.10,57,1.20
2026-09-06T18:40,343,0.00,71,27.80,58,2.10
2026-09-06T18:50,343,0.00,64,26.70,61,1.80
2026-09-06T19:00,339,0.00,56,26.70,61,1.80
2026-09-06T19:10,353,0.00,48,26.70,60,1.50
2026-09-06T19:20,353,0.00,43,26.80,59,1.40
2026-09-06T19:30,359,0.00,36,26.70,59,1.50
2026-09-06T19:40,27,0.00,29,26.50,61,1.30
2026-09-06T19:50,,0.00,23,25.90,67,0.00
2026-09-06T20:00,95,0.00,0,25.70,66,0.60
2026-09-06T20:10,78,0.00,0,25.60,65,0.60
2026-09-06T20:20,38,0.00,0,26.00,62,1.10
2026-09-06T20:30,117,0.00,0,25.00,71,0.40
2026-09-06T20:40,165,0.00,0,24.60,70,0.50
2026-09-06T20:50,118,0.00,0,24.70,69,0.60
2026-09-06T21:00,168,0.00,0,25.00,65,0.60
2026-09-06T21:10,,0.00,0,25.10,64,0.00
2026-09-06T21:20,120,0.00,0,25.00,65,0.50
2026-09-06T21:30,119,0.00,0,24.30,69,0.60
2026-09-06T21:40,155,0.00,0,24.40,68,0.60
2026-09-06T21:50,120,0.00,0,24.10,69,0.50
2026-09-06T22:00,107,0.00,0,23.70,72,0.40
2026-09-06T22:10,,0.00,0,23.40,73,0.00
2026-09-06T22:20,137,0.00,0,23.60,72,0.50
2026-09-06T22:30,108,0.00,0,23.30,74,0.70
2026-09-06T22:40,114,0.00,0,22.60,78,0.60
2026-09-06T22:50,94,0.00,0,22.50,78,0.30
2026-09-06T23:00,115,0.00,0,22.20,80,0.70
2026-09-06T23:10,93,0.00,0,22.30,79,1.00
2026-09-06T23:20,118,0.00,0,21.90,80,0.80
2026-09-06T23:30,102,0.00,0,21.90,80,1.10
2026-09-06T23:40,91,0.00,0,22.30,77,1.20
2026-09-06T23:50,102,0.00,0,21.60,80,1.20
2026-09-07T00:00,95,0.00,0,21.50,81,1.00
2026-09-07T00:10,94,0.00,0,21.60,81,1.10
2026-09-07T00:20,85,0.00,0,21.30,83,0.60
2026-09-07T00:30,51,0.00,0,21.40,84,0.80
2026-09-07T00:40,78,0.00,0,21.40,83,0.70
2026-09-07T00:50,70,0.00,0,21.40,81,1.20
2026-09-07T01:00,58,0.00,0,21.30,83,1.00
2026-09-07T01:10,67,0.00,0,21.20,82,0.70
2026-09-07T01:20,65,0.00,0,21.20,82,1.30
2026-09-07T01:30,65,0.00,0,21.20,83,1.20
2026-09-07T01:40,69,0.00,0,20.80,84,0.90
2026-09-07T01:50,70,0.00,0,20.70,84,0.70
2026-09-07T02:00,75,0.00,0,20.60,84,1.20
2026-09-07T02:10,74,0.00,0,20.40,85,0.80
2026-09-07T02:20,60,0.00,0,20.50,84,0.70
2026-09-07T02:30,99,0.00,0,20.90,82,0.60
2026-09-07T02:40,76,0.00,0,21.00,81,0.80
2026-09-07T02:50,79,0.00,0,20.50,85,0.90
2026-09-07T03:00,51,0.00,0,20.40,86,1.40
2026-09-07T03:10,74,0.00,0,20.20,87,1.10
2026-09-07T03:20,44,0.00,0,20.40,85,1.20
2026-09-07T03:30,83,0.00,0,20.20,86,1.20
2026-09-07T03:40,68,0.00,0,19.90,88,1.00
2026-09-07T03:50,89,0.00,0,20.00,87,0.50
2026-09-07T04:00,71,0.00,0,20.00,87,0.70
2026-09-07T04:10,60,0.00,0,20.20,86,0.80
2026-09-07T04:20,67,0.00,0,20.20,86,0.70
2026-09-07T04:30,66,0.00,0,20.40,86,1.20
2026-09-07T04:40,58,0.00,0,20.50,85,0.80
2026-09-07T04:50,60,0.00,0,20.50,84,1.10
2026-09-07T05:00,66,0.00,0,20.50,84,0.90
2026-09-07T05:10,66,0.00,0,20.50,84,0.70
2026-09-07T05:20,80,0.00,0,20.40,86,0.70
2026-09-07T05:30,85,0.00,0,20.50,87,0.90
2026-09-07T05:40,41,0.00,0,20.40,86,1.10
2026-09-07T05:50,54,0.00,0,20.40,86,0.90
2026-09-07T06:00,,0.00,0,20.20,87,0.00
2026-09-07T06:10,,0.00,0,20.20,88,0.00
2026-09-07T06:20,,0.00,0,20.10,88,0.00
2026-09-07T06:30,62,0.00,0,20.10,88,0.80
2026-09-07T06:40,36,0.00,0,20.20,86,1.30
2026-09-07T06:50,76,0.00,0,19.90,88,0.90
2026-09-07T07:00,52,0.00,25,19.50,90,1.00
2026-09-07T07:10,65,0.00,33,19.60,89,1.10
2026-09-07T07:20,81,0.00,43,19.50,89,0.70
2026-09-07T07:30,55,0.00,64,19.30,90,1.20
2026-09-07T07:40,78,0.00,82,19.80,88,1.00
2026-09-07T07:50,63,0.00,101,19.90,87,0.80
2026-09-07T08:00,61,0.00,90,20.20,86,0.70
2026-09-07T08:10,56,0.00,94,20.50,84,0.70
2026-09-07T08:20,84,0.00,127,20.50,86,0.90
2026-09-07T08:30,60,0.00,127,20.60,86,1.40
2026-09-07T08:40,72,0.00,167,21.10,85,1.10
2026-09-07T08:50,107,0.00,184,21.50,83,0.40
2026-09-07T09:00,,0.00,164,21.80,81,0.00
2026-09-07T09:10,,0.00,296,22.30,78,0.00
2026-09-07T09:20,,0.00,333,23.10,75,0.00
2026-09-07T09:30,82,0.00,369,23.40,73,0.90
2026-09-07T09:40,101,0.00,394,24.00,71,0.90
2026-09-07T09:50,78,0.00,425,24.30,68,1.40
2026-09-07T10:00,45,0.00,451,24.40,66,1.40
2026-09-07T10:10,35,0.00,493,24.80,64,2.00
2026-09-07T10:20,56,0.00,576,25.30,63,2.00
2026-09-07T10:30,40,0.00,336,25.50,61,2.70
2026-09-07T10:40,39,0.00,666,25.70,60,3.20
2026-09-07T10:50,44,0.00,630,25.60,62,3.40
2026-09-07T11:00,56,0.00,277,25.40,62,3.20
2026-09-07T11:10,57,0.00,273,25.10,63,2.70
2026-09-07T11:20,58,0.00,352,25.10,64,2.30
2026-09-07T11:30,48,0.00,373,25.20,63,2.40
2026-09-07T11:40,52,0.00,504,25.10,63,3.00
2026-09-07T11:50,43,0.00,361,25.20,62,2.80
2026-09-07T12:00,54,0.00,429,25.30,62,2.00
2026-09-07T12:10,66,0.00,316,25.60,63,0.80
2026-09-07T12:20,,0.00,795,25.90,62,0.00
2026-09-07T12:30,211,0.00,730,26.30,62,1.10
2026-09-07T12:40,227,0.00,737,26.20,61,2.00
2026-09-07T12:50,229,0.00,737,26.40,61,1.50
2026-09-07T13:00,177,0.00,749,26.90,60,1.30
2026-09-07T13:10,229,0.00,699,26.90,61,0.60
2026-09-07T13:20,107,0.00,761,27.30,60,0.30
2026-09-07T13:30,175,0.00,383,27.50,58,1.30
2026-09-07T13:40,268,0.00,517,27.30,58,1.40
2026-09-07T13:50,255,0.00,682,27.30,59,1.60
2026-09-07T14:00,315,0.00,746,27.50,58,0.50
2026-09-07T14:10,56,0.00,734,27.70,57,1.00
2026-09-07T14:20,247,0.00,710,28.20,56,0.90
2026-09-07T14:30,229,0.00,724,28.70,55,0.60
2026-09-07T14:40,243,0.00,704,28.80,54,1.30
2026-09-07T14:50,215,0.00,694,28.70,53,1.10
2026-09-07T15:00,235,0.00,465,28.60,54,1.60
2026-09-07T15:10,244,0.00,485,28.60,54,1.10
2026-09-07T15:20,282,0.00,393,28.50,54,1.40
2026-09-07T15:30,271,0.00,610,28.60,54,1.40
2026-09-07T15:40,234,0.00,587,28.80,54,1.90
2026-09-07T15:50,251,0.00,604,28.90,55,1.50
2026-09-07T16:00,232,0.00,551,29.20,55,2.40
2026-09-07T16:10,238,0.00,566,29.10,54,2.60
2026-09-07T16:20,233,0.00,522,29.30,54,2.60
2026-09-07T16:30,230,0.00,503,29.20,55,3.20
2026-09-07T16:40,234,0.00,492,29.30,55,3.00
2026-09-07T16:50,225,0.00,457,29.30,54,2.90
2026-09-07T17:00,226,0.00,429,29.50,54,3.30
2026-09-07T17:10,220,0.00,427,29.50,55,3.20
2026-09-07T17:20,220,0.00,335,29.50,55,3.20
2026-09-07T17:30,225,0.00,132,29.50,54,3.60
2026-09-07T17:40,218,0.00,286,29.30,55,2.90
2026-09-07T17:50,211,0.00,293,29.40,56,2.40
2026-09-07T18:00,215,0.00,96,29.40,55,3.00
2026-09-07T18:10,226,0.00,259,29.20,55,2.90
2026-09-07T18:20,242,0.00,239,29.10,56,1.90
2026-09-07T18:30,263,0.00,184,29.20,56,2.00
2026-09-07T18:40,268,0.00,74,29.10,56,1.50
2026-09-07T18:50,299,0.00,57,28.50,59,1.20
2026-09-07T19:00,325,0.00,52,27.80,63,1.60
2026-09-07T19:10,314,0.00,44,27.70,63,1.30
2026-09-07T19:20,339,0.00,40,26.80,67,1.40
2026-09-07T19:30,1,0.00,33,26.70,67,1.40
2026-09-07T19:40,13,0.00,27,26.50,68,1.60
2026-09-07T19:50,39,0.00,22,25.70,72,0.60
2026-09-07T20:00,9,0.00,0,26.00,69,1.40
2026-09-07T20:10,98,0.00,0,25.40,74,0.70
2026-09-07T20:20,94,0.00,0,24.80,78,1.10
2026-09-07T20:30,101,0.00,0,24.30,81,1.40
2026-09-07T20:40,84,0.00,0,23.90,81,1.50
2026-09-07T20:50,54,0.00,0,25.00,74,1.60
2026-09-07T21:00,77,0.00,0,24.40,78,1.50
2026-09-07T21:10,71,0.00,0,24.00,79,1.70
2026-09-07T21:20,63,0.00,0,24.00,78,2.10
2026-09-07T21:30,66,0.00,0,23.80,80,1.90
2026-09-07T21:40,,0.00,0,24.00,79,0.00
2026-09-07T21:50,80,0.00,0,23.80,78,0.50
2026-09-07T22:00,103,0.00,0,23.10,82,0.80
2026-09-07T22:10,74,0.00,0,23.00,82,1.50
2026-09-07T22:20,92,0.00,0,22.60,85,1.40
2026-09-07T22:30,90,0.00,0,22.10,87,1.30
2026-09-07T22:40,82,0.00,0,22.00,87,1.10
2026-09-07T22:50,85,0.00,0,22.00,86,1.80
2026-09-07T23:00,61,0.00,0,22.80,81,2.30
2026-09-07T23:10,94,0.00,0,22.20,83,1.20
2026-09-07T23:20,62,0.00,0,22.10,84,1.90
2026-09-07T23:30,67,0.00,0,22.30,83,1.90
2026-09-07T23:40,86,0.00,0,22.00,84,0.80
2026-09-07T23:50,161,0.00,0,21.90,85,0.60
2026-09-08T00:00,354,0.00,0,22.20,83,0.70
2026-09-08T00:10,100,0.00,0,22.20,83,0.60
2026-09-08T00:20,65,0.00,0,21.80,86,1.20
2026-09-08T00:30,53,0.00,0,21.90,86,1.20
2026-09-08T00:40,102,0.00,0,21.50,88,0.90
2026-09-08T00:50,53,0.00,0,21.50,87,1.10
2026-09-08T01:00,55,0.00,0,22.10,83,1.90
2026-09-08T01:10,81,0.00,0,22.20,82,1.40
2026-09-08T01:20,89,0.00,0,21.50,86,1.10
2026-09-08T01:30,99,0.00,0,21.70,86,1.10
2026-09-08T01:40,56,0.00,0,22.00,84,1.30
2026-09-08T01:50,86,0.00,0,22.10,82,0.70
2026-09-08T02:00,120,0.00,0,21.40,88,1.00
2026-09-08T02:10,67,0.00,0,21.30,88,1.50
2026-09-08T02:20,88,0.00,0,21.20,88,1.00
2026-09-08T02:30,53,0.00,0,21.30,87,0.80
2026-09-08T02:40,92,0.00,0,21.10,89,0.80
2026-09-08T02:50,72,0.00,0,21.00,89,0.90
2026-09-08T03:00,81,0.00,0,20.90,90,0.80
2026-09-08T03:10,51,0.00,0,21.00,88,1.40
2026-09-08T03:20,52,0.00,0,21.10,87,0.80
2026-09-08T03:30,89,0.00,0,20.80,89,0.50
2026-09-08T03:40,54,0.00,0,20.90,88,1.20
2026-09-08T03:50,54,0.00,0,20.80,90,1.40
2026-09-08T04:00,68,0.00,0,20.80,88,0.90
2026-09-08T04:10,49,0.00,0,20.80,88,1.30
2026-09-08T04:20,75,0.00,0,20.70,89,0.60
2026-09-08T04:30,68,0.00,0,20.60,89,0.70
2026-09-08T04:40,56,0.00,0,20.70,88,1.60
2026-09-08T04:50,87,0.00,0,20.50,90,1.40
2026-09-08T05:00,80,0.00,0,20.30,91,0.90
2026-09-08T05:10,80,0.00,0,20.40,90,1.60
2026-09-08T05:20,72,0.00,0,20.60,88,1.40
2026-09-08T05:30,93,0.00,0,20.30,91,1.30
2026-09-08T05:40,58,0.00,0,20.50,89,1.20
2026-09-08T05:50,59,0.00,0,21.20,84,1.70
2026-09-08T06:00,59,0.00,0,21.50,83,2.20
2026-09-08T06:10,54,0.00,0,21.70,82,2.80
2026-09-08T06:20,47,0.00,0,21.90,80,2.80
2026-09-08T06:30,53,0.00,0,21.80,81,3.00
2026-09-08T06:40,66,0.00,0,21.60,82,1.80
2026-09-08T06:50,86,0.00,0,21.10,85,1.40
2026-09-08T07:00,81,0.00,25,21.30,84,1.40
2026-09-08T07:10,52,0.00,34,21.20,83,0.90
2026-09-08T07:20,109,0.00,46,20.90,86,0.70
2026-09-08T07:30,44,0.00,60,20.80,87,0.80
2026-09-08T07:40,73,0.00,65,21.10,85,1.10
2026-09-08T07:50,46,0.00,67,21.30,84,1.40
2026-09-08T08:00,55,0.00,87,21.90,80,2.20
2026-09-08T08:10,68,0.00,85,21.80,81,2.10
2026-09-08T08:20,83,0.00,95,21.80,82,1.60
2026-09-08T08:30,45,0.00,109,22.20,80,1.90
2026-09-08T08:40,39,0.00,125,22.60,77,2.50
2026-09-08T08:50,41,0.00,167,22.70,76,2.60
2026-09-08T09:00,51,0.00,176,22.80,76,2.90
2026-09-08T09:10,54,0.00,186,22.90,76,2.20
2026-09-08T09:20,53,0.00,220,23.00,77,2.00
2026-09-08T09:30,60,0.00,223,23.20,75,1.90
2026-09-08T09:40,95,0.00,285,23.50,75,0.90
2026-09-08T09:50,62,0.00,242,23.70,74,1.70
2026-09-08T10:00,63,0.00,300,23.80,74,2.40
2026-09-08T10:10,61,0.00,275,23.90,72,2.50
2026-09-08T10:20,55,0.00,211,24.00,70,3.30
2026-09-08T10:30,62,0.00,186,24.20,68,2.40
2026-09-08T10:40,75,0.00,169,24.50,68,1.40
2026-09-08T10:50,61,0.00,162,24.50,67,1.70
2026-09-08T11:00,67,0.00,211,24.50,68,1.60
2026-09-08T11:10,56,0.00,561,24.80,68,1.90
2026-09-08T11:20,66,0.00,653,25.40,65,2.20
2026-09-08T11:30,69,0.00,654,25.80,63,1.70
2026-09-08T11:40,80,0.00,656,26.50,62,1.30
2026-09-08T11:50,78,0.00,685,26.80,61,1.30
2026-09-08T12:00,58,0.00,695,27.00,59,1.30
2026-09-08T12:10,91,0.00,710,27.30,61,1.40
2026-09-08T12:20,103,0.00,710,27.70,60,1.30
2026-09-08T12:30,83,0.00,720,27.70,58,0.60
2026-09-08T12:40,230,0.00,733,27.70,60,1.30
2026-09-08T12:50,256,0.00,732,27.40,60,1.20
2026-09-08T13:00,188,0.00,743,27.90,59,0.70
2026-09-08T13:10,144,0.00,740,28.40,58,0.70
2026-09-08T13:20,236,0.00,732,28.30,57,1.30
2026-09-08T13:30,191,0.00,704,28.60,57,1.30
2026-09-08T13:40,247,0.00,747,28.20,57,2.10
2026-09-08T13:50,248,0.00,255,28.20,57,2.20
2026-09-08T14:00,234,0.00,369,28.00,58,2.60
2026-09-08T14:10,249,0.00,743,27.90,58,2.40
2026-09-08T14:20,225,0.00,372,28.30,58,1.80
2026-09-08T14:30,180,0.00,749,28.50,57,1.30
2026-09-08T14:40,232,0.00,434,29.00,55,1.20
2026-09-08T14:50,236,0.00,728,29.40,54,1.10
2026-09-08T15:00,218,0.00,684,29.40,55,1.20
2026-09-08T15:10,195,0.00,671,29.50,55,1.30
2026-09-08T15:20,237,0.00,652,29.80,53,1.20
2026-09-08T15:30,229,0.00,647,29.40,55,2.30
2026-09-08T15:40,235,0.00,608,29.50,56,2.00
2026-09-08T15:50,222,0.00,585,29.50,54,2.60
2026-09-08T16:00,226,0.00,335,29.40,54,2.60
2026-09-08T16:10,237,0.00,602,29.60,53,2.60
2026-09-08T16:20,244,0.00,597,29.80,53,2.20
2026-09-08T16:30,244,0.00,539,29.90,52,2.40
2026-09-08T16:40,232,0.00,502,29.70,52,2.70
2026-09-08T16:50,228,0.00,527,29.70,53,3.10
2026-09-08T17:00,236,0.00,441,29.80,53,2.50
2026-09-08T17:10,240,0.00,419,30.00,53,2.40
2026-09-08T17:20,238,0.00,403,29.90,52,2.40
2026-09-08T17:30,239,0.00,182,29.60,53,2.40
2026-09-08T17:40,251,0.00,134,29.40,55,2.30
2026-09-08T17:50,232,0.00,296,29.10,58,2.20
2026-09-08T18:00,209,0.00,165,29.20,58,2.30
2026-09-08T18:10,214,0.00,95,29.00,58,2.40
2026-09-08T18:20,215,0.00,70,28.70,59,2.90
2026-09-08T18:30,211,0.00,60,28.60,59,2.50
2026-09-08T18:40,,0.00,57,28.10,61,0.00
2026-09-08T18:50,351,0.00,52,27.10,67,1.50
2026-09-08T19:00,312,0.00,38,27.20,66,1.00
2026-09-08T19:10,284,0.00,31,27.80,62,1.60
2026-09-08T19:20,304,0.00,29,27.60,64,1.20
2026-09-08T19:30,344,0.00,25,26.80,66,1.10
2026-09-08T19:40,77,0.00,23,26.10,70,0.60
2026-09-08T19:50,27,0.00,0,26.10,68,1.10
2026-09-08T20:00,53,0.00,0,26.00,70,1.90
2026-09-08T20:10,42,0.00,0,26.00,69,1.30
2026-09-08T20:20,11,0.00,0,26.00,67,1.40
2026-09-08T20:30,29,0.00,0,26.20,65,1.80
2026-09-08T20:40,29,0.00,0,26.30,64,2.10
2026-09-08T20:50,9,0.00,0,25.90,67,0.80
2026-09-08T21:00,353,0.00,0,26.00,66,1.20
2026-09-08T21:10,305,0.00,0,25.90,67,0.40
2026-09-08T21:20,52,0.00,0,25.50,70,0.40
2026-09-08T21:30,89,0.00,0,24.80,75,1.00
2026-09-08T21:40,79,0.00,0,24.30,79,1.20
2026-09-08T21:50,2,1.40,27,24.20,80,0.60
2026-09-08T22:00,29,2.20,0,22.10,81,2.80
2026-09-08T22:10,45,0.00,0,22.60,73,1.70
2026-09-08T22:20,34,0.00,0,23.40,70,5.90
2026-09-08T22:30,33,0.40,22,23.50,67,3.40
2026-09-08T22:40,14,0.80,0,22.40,75,2.90
2026-09-08T22:50,41,0.00,0,21.90,80,4.80
2026-09-08T23:00,32,0.00,0,21.90,82,3.10
2026-09-08T23:10,88,1.20,0,21.90,82,1.20
2026-09-08T23:20,25,4.00,22,20.90,89,2.00
2026-09-08T23:30,36,0.20,0,20.80,86,4.50
2026-09-08T23:40,31,0.00,0,21.30,77,5.80
2026-09-08T23:50,42,0.00,0,21.30,77,3.80
2026-09-09T00:00,55,0.00,0,20.90,89,2.50
2026-09-09T00:10,55,0.00,0,21.20,83,3.10
2026-09-09T00:20,63,0.00,0,21.30,84,3.70
2026-09-09T00:30,31,0.00,0,20.90,90,2.40
2026-09-09T00:40,358,0.00,0,20.90,88,0.60
2026-09-09T00:50,130,0.00,0,20.80,92,0.80
2026-09-09T01:00,19,0.00,0,20.90,89,0.80
2026-09-09T01:10,39,0.00,0,21.00,86,0.40
2026-09-09T01:20,103,0.00,0,21.00,89,0.30
2026-09-09T01:30,57,0.00,0,20.80,94,0.60
2026-09-09T01:40,49,0.00,0,20.50,95,0.80
2026-09-09T01:50,40,0.00,0,20.60,95,0.80
2026-09-09T02:00,70,0.00,0,20.60,95,0.60
2026-09-09T02:10,49,0.00,0,21.10,89,1.90
2026-09-09T02:20,89,0.00,0,21.30,89,1.20
2026-09-09T02:30,70,0.00,0,20.80,93,0.90
2026-09-09T02:40,39,0.00,0,21.00,91,1.60
2026-09-09T02:50,18,0.00,0,21.10,90,1.10
2026-09-09T03:00,213,0.00,0,21.00,92,2.10
2026-09-09T03:10,92,0.00,0,20.80,94,0.80
2026-09-09T03:20,15,0.00,0,20.90,92,2.10
2026-09-09T03:30,129,0.60,0,21.10,91,1.20
2026-09-09T03:40,54,3.20,0,20.60,92,2.10
2026-09-09T03:50,19,0.00,0,20.30,93,1.90
2026-09-09T04:00,47,5.40,0,20.10,90,1.10
2026-09-09T04:10,40,3.00,0,19.30,94,1.60
2026-09-09T04:20,25,0.00,0,19.40,94,3.80
2026-09-09T04:30,37,0.40,0,19.70,92,4.40
2026-09-09T04:40,30,0.40,0,19.60,90,5.00
2026-09-09T04:50,32,0.60,0,19.60,86,6.10
2026-09-09T05:00,31,0.00,0,19.50,86,5.80
2026-09-09T05:10,41,0.00,0,19.70,85,4.50
2026-09-09T05:20,30,0.20,0,19.50,88,3.60
2026-09-09T05:30,40,0.20,0,19.70,86,3.40
2026-09-09T05:40,37,0.00,0,19.50,88,3.10
2026-09-09T05:50,38,0.00,0,19.40,89,2.50
2026-09-09T06:00,,0.00,0,19.30,90,0.00
2026-09-09T06:10,206,0.00,0,19.00,93,1.80
2026-09-09T06:20,295,0.00,0,18.90,94,1.00
2026-09-09T06:30,40,0.00,0,18.80,94,0.50
2026-09-09T06:40,9,0.00,0,18.90,92,0.60
2026-09-09T06:50,124,0.00,0,18.80,94,0.40
2026-09-09T07:00,12,0.00,0,18.60,95,1.10
2026-09-09T07:10,39,0.00,25,18.50,94,0.70
2026-09-09T07:20,129,0.00,30,18.40,96,0.50
2026-09-09T07:30,348,0.00,35,18.60,95,1.00
2026-09-09T07:40,27,0.00,37,18.60,93,0.50
2026-09-09T07:50,114,0.00,41,18.30,95,0.70
2026-09-09T08:00,121,0.00,52,18.30,96,0.60
2026-09-09T08:10,53,0.00,52,18.20,97,0.90
2026-09-09T08:20,60,0.00,49,18.30,97,2.10
2026-09-09T08:30,36,0.00,53,18.80,93,2.50
2026-09-09T08:40,20,0.00,61,19.40,87,1.90
2026-09-09T08:50,103,0.00,71,19.20,91,0.90
2026-09-09T09:00,95,0.00,74,18.90,94,0.70
2026-09-09T09:10,327,0.00,81,19.10,91,1.00
2026-09-09T09:20,340,0.00,106,19.30,89,1.40
2026-09-09T09:30,25,0.00,130,19.30,91,1.20
2026-09-09T09:40,195,0.00,180,19.40,91,0.90
2026-09-09T09:50,96,0.00,189,19.80,89,0.70
2026-09-09T10:00,83,0.00,203,20.00,89,1.10
2026-09-09T10:10,74,0.00,472,20.30,86,1.10
2026-09-09T10:20,62,0.00,283,20.70,85,1.30
2026-09-09T10:30,53,0.00,245,20.60,84,1.80
2026-09-09T10:40,44,0.00,259,20.60,83,2.10
2026-09-09T10:50,72,0.00,328,20.80,83,1.40
2026-09-09T11:00,77,0.00,616,21.00,83,1.70
2026-09-09T11:10,86,0.00,608,21.60,79,1.80
2026-09-09T11:20,126,0.00,559,22.40,77,0.70
2026-09-09T11:30,70,0.00,374,22.50,72,1.90
2026-09-09T11:40,55,0.00,295,22.50,71,2.60
2026-09-09T11:50,57,0.00,172,22.50,70,2.70
2026-09-09T12:00,58,0.00,131,22.20,72,2.90
2026-09-09T12:10,55,0.00,127,21.80,73,3.10
2026-09-09T12:20,55,0.00,122,21.60,74,2.70
2026-09-09T12:30,50,0.00,156,21.50,75,2.50
2026-09-09T12:40,42,0.00,205,21.50,76,2.10
2026-09-09T12:50,61,0.00,179,21.60,75,1.90
2026-09-09T13:00,61,0.00,140,21.50,77,1.60
2026-09-09T13:10,60,0.00,162,21.30,79,2.10
2026-09-09T13:20,52,0.00,107,20.90,82,2.70
2026-09-09T13:30,37,0.00,100,20.80,83,2.40
2026-09-09T13:40,54,0.00,58,20.70,84,2.20
2026-09-09T13:50,24,0.20,93,20.60,85,1.90
2026-09-09T14:00,84,0.20,85,20.50,85,2.90
2026-09-09T14:10,76,0.00,49,19.30,87,4.10
2026-09-09T14:20,35,0.00,46,19.30,87,3.70
2026-09-09T14:30,21,0.20,85,19.50,85,4.10
2026-09-09T14:40,23,0.20,117,19.70,83,2.50
2026-09-09T14:50,40,0.00,127,20.00,83,2.20
2026-09-09T15:00,45,0.00,139,20.00,84,2.00
2026-09-09T15:10,40,0.00,124,19.80,85,3.20
2026-09-09T15:20,40,0.20,107,19.80,86,2.60
2026-09-09T15:30,28,0.20,170,19.60,89,3.50
2026-09-09T15:40,25,0.00,168,19.90,88,2.70
2026-09-09T15:50,35,0.20,123,20.30,85,2.20
2026-09-09T16:00,29,0.00,58,20.40,84,2.90
2026-09-09T16:10,24,0.00,64,20.50,84,2.10
2026-09-09T16:20,31,0.80,38,20.20,87,1.90
2026-09-09T16:30,86,0.40,31,19.80,89,1.10
2026-09-09T16:40,66,1.40,32,19.30,87,1.80
2026-09-09T16:50,163,2.20,42,18.40,84,1.40
2026-09-09T17:00,353,2.20,56,17.50,89,1.10
2026-09-09T17:10,,0.80,118,17.50,91,0.00
2026-09-09T17:20,59,0.20,179,17.50,93,1.00
2026-09-09T17:30,150,0.40,120,17.40,95,1.40
2026-09-09T17:40,70,0.00,98,17.50,94,0.90
2026-09-09T17:50,51,0.00,81,17.70,92,0.80
2026-09-09T18:00,74,0.00,99,17.70,92,1.00
2026-09-09T18:10,72,0.00,75,17.70,93,1.60
2026-09-09T18:20,71,0.00,61,17.90,93,1.40
2026-09-09T18:30,65,0.00,62,17.80,93,1.70
2026-09-09T18:40,55,0.00,43,17.90,93,2.30
2026-09-09T18:50,104,0.00,46,18.00,92,1.00
2026-09-09T19:00,222,0.00,43,17.90,93,0.90
2026-09-09T19:10,268,0.00,36,18.20,90,1.30
2026-09-09T19:20,293,0.00,27,18.20,92,1.00
2026-09-09T19:30,327,0.00,24,18.20,90,1.10
2026-09-09T19:40,7,0.00,23,17.70,91,1.30
2026-09-09T19:50,18,0.00,0,17.70,91,1.10
2026-09-09T20:00,42,0.00,0,17.70,94,1.00
2026-09-09T20:10,46,0.00,0,17.60,95,0.80
2026-09-09T20:20,67,0.00,0,17.50,95,0.80
2026-09-09T20:30,54,0.00,0,17.40,95,0.90
2026-09-09T20:40,132,0.00,0,17.30,95,0.70
2026-09-09T20:50,81,0.00,0,17.10,96,0.60
2026-09-09T21:00,37,0.00,0,17.20,96,1.10
2026-09-09T21:10,63,0.00,0,17.20,96,1.50
2026-09-09T21:20,80,0.00,0,17.10,95,1.80
2026-09-09T21:30,72,0.00,0,17.10,94,0.80
2026-09-09T21:40,213,0.00,0,17.10,95,0.40
2026-09-09T21:50,10,0.00,0,17.20,92,0.90
2026-09-09T22:00,110,0.00,0,17.00,93,0.70
2026-09-09T22:10,59,0.00,0,16.60,95,0.40
2026-09-09T22:20,294,0.00,0,16.70,96,0.70
2026-09-09T22:30,216,0.00,0,17.00,91,0.60
2026-09-09T22:40,,0.00,0,17.00,91,0.00
2026-09-09T22:50,109,0.00,0,16.90,91,0.80
2026-09-09T23:00,64,0.00,0,16.70,94,0.90
2026-09-09T23:10,,0.00,0,16.70,95,0.00
2026-09-09T23:20,156,0.00,0,16.60,96,0.50
2026-09-09T23:30,253,0.00,0,16.60,95,0.40
2026-09-09T23:40,325,0.00,0,17.00,89,0.60
2026-09-09T23:50,298,0.00,0,17.10,85,0.50
2026-09-10T00:00,92,0.00,0,16.80,89,1.00
2026-09-10T00:10,112,0.00,0,16.20,95,0.60
2026-09-10T00:20,88,0.20,0,16.50,95,1.00
2026-09-10T00:30,87,0.20,0,16.50,96,0.80
2026-09-10T00:40,100,0.40,0,16.40,96,0.60
2026-09-10T00:50,72,0.40,0,16.20,95,0.70
2026-09-10T01:00,123,0.20,0,16.20,95,0.70
2026-09-10T01:10,,0.20,0,16.00,97,0.00
2026-09-10T01:20,,0.60,0,16.00,97,0.00
2026-09-10T01:30,349,0.60,0,16.10,93,0.50
2026-09-10T01:40,114,0.40,0,15.90,95,0.90
2026-09-10T01:50,76,0.40,0,15.90,97,0.80
2026-09-10T02:00,176,0.20,0,15.70,97,0.70
2026-09-10T02:10,137,0.40,0,15.70,97,0.40
2026-09-10T02:20,69,0.40,0,15.90,96,1.30
2026-09-10T02:30,60,0.60,0,15.90,97,1.80
2026-09-10T02:40,60,0.80,0,15.80,97,2.20
2026-09-10T02:50,47,0.40,0,15.80,96,2.20
2026-09-10T03:00,26,0.00,0,16.20,88,3.30
2026-09-10T03:10,27,0.20,0,17.00,80,2.90
2026-09-10T03:20,21,0.00,0,16.90,80,2.60
2026-09-10T03:30,38,0.00,0,16.90,79,2.10
2026-09-10T03:40,12,0.00,0,17.50,74,2.70
2026-09-10T03:50,,0.00,0,17.50,75,0.00
2026-09-10T04:00,267,0.00,0,16.90,80,0.90
2026-09-10T04:10,348,0.00,0,16.40,84,1.00
2026-09-10T04:20,280,0.00,0,16.20,87,0.90
2026-09-10T04:30,331,0.00,0,16.10,87,0.80
2026-09-10T04:40,342,0.00,0,16.20,87,1.30
2026-09-10T04:50,36,0.00,0,15.90,89,0.40
2026-09-10T05:00,81,0.00,0,15.50,93,0.60
2026-09-10T05:10,307,0.00,0,15.60,92,0.90
2026-09-10T05:20,271,0.00,0,15.90,90,1.40
2026-09-10T05:30,270,0.00,0,15.60,93,0.40
2026-09-10T05:40,1,0.00,0,15.80,90,1.20
2026-09-10T05:50,88,0.00,0,16.00,88,0.90
2026-09-10T06:00,59,0.00,0,15.80,89,0.90
2026-09-10T06:10,27,0.00,0,16.20,85,1.00
2026-09-10T06:20,82,0.00,0,15.60,92,0.90
2026-09-10T06:30,69,0.00,0,15.60,94,1.00
2026-09-10T06:40,52,0.00,0,15.70,93,1.70
2026-09-10T06:50,56,0.00,0,16.00,91,1.90
2026-09-10T07:00,64,0.00,0,15.90,91,1.00
2026-09-10T07:10,40,0.00,25,16.30,86,0.80
2026-09-10T07:20,98,0.00,30,15.80,92,0.90
2026-09-10T07:30,64,0.00,38,16.10,87,1.60
2026-09-10T07:40,,0.00,40,15.90,90,0.00
2026-09-10T07:50,,0.00,57,16.00,89,0.00
2026-09-10T08:00,86,0.00,103,15.90,91,0.60
2026-09-10T08:10,116,0.00,118,15.80,94,1.10
2026-09-10T08:20,110,0.00,94,16.10,94,0.50
2026-09-10T08:30,92,0.00,97,16.50,91,0.70
2026-09-10T08:40,120,0.00,114,16.70,89,0.30
2026-09-10T08:50,103,0.00,99,16.90,85,0.50
2026-09-10T09:00,102,0.00,88,17.00,87,0.70
2026-09-10T09:10,42,0.00,82,17.10,88,0.70
2026-09-10T09:20,70,0.00,84,17.10,89,1.50
2026-09-10T09:30,66,0.00,91,17.20,85,1.50
2026-09-10T09:40,,0.00,122,17.30,86,0.00
2026-09-10T09:50,101,0.00,133,17.50,85,0.60
2026-09-10T10:00,98,0.00,123,17.70,83,0.80
2026-09-10T10:10,99,0.00,177,17.70,86,0.80
2026-09-10T10:20,110,0.00,165,17.80,86,0.80
2026-09-10T10:30,117,0.00,167,17.80,85,0.90
2026-09-10T10:40,109,0.00,134,18.00,82,1.20
2026-09-10T10:50,60,0.00,114,18.10,80,1.40
2026-09-10T11:00,57,0.00,120,18.00,78,3.30
2026-09-10T11:10,50,0.00,151,17.70,79,3.90
2026-09-10T11:20,47,0.00,164,17.40,82,4.60
2026-09-10T11:30,39,0.00,202,17.40,81,4.20
2026-09-10T11:40,32,0.00,211,17.90,76,3.60
2026-09-10T11:50,40,0.00,142,18.30,72,4.00
2026-09-10T12:00,36,0.00,142,18.30,72,4.30
2026-09-10T12:10,32,0.00,139,18.10,75,4.10
2026-09-10T12:20,28,0.00,109,18.30,73,3.20
2026-09-10T12:30,33,0.00,111,18.50,72,1.20
2026-09-10T12:40,179,0.00,125,18.20,76,1.50
2026-09-10T12:50,151,0.00,254,18.00,76,0.70
2026-09-10T13:00,107,0.00,407,18.20,75,0.70
2026-09-10T13:10,126,0.00,279,18.50,73,1.10
2026-09-10T13:20,330,0.00,392,18.80,73,1.80
2026-09-10T13:30,307,0.00,548,19.20,72,0.50
2026-09-10T13:40,75,0.00,478,19.70,71,0.60
2026-09-10T13:50,82,0.00,534,20.10,69,1.30
2026-09-10T14:00,93,0.00,840,20.00,67,1.10
2026-09-10T14:10,82,0.00,448,20.40,64,1.00
2026-09-10T14:20,158,0.00,345,20.70,65,0.40
2026-09-10T14:30,203,0.00,242,20.70,63,1.40
2026-09-10T14:40,213,0.00,146,20.40,64,2.20
2026-09-10T14:50,243,0.00,159,20.20,66,2.00
2026-09-10T15:00,229,0.00,186,20.20,66,1.20
2026-09-10T15:10,201,0.00,227,20.30,67,1.20
2026-09-10T15:20,175,0.00,289,20.40,67,1.00
2026-09-10T15:30,226,0.00,266,20.60,68,1.40
2026-09-10T15:40,237,0.00,291,20.60,67,2.30
2026-09-10T15:50,238,0.00,299,20.50,68,2.90
2026-09-10T16:00,232,0.00,348,20.60,67,2.30
2026-09-10T16:10,226,0.00,348,20.80,67,2.70
2026-09-10T16:20,233,0.00,294,20.90,67,2.30
2026-09-10T16:30,236,0.00,187,20.90,67,2.90
2026-09-10T16:40,228,0.00,152,20.80,67,2.70
2026-09-10T16:50,231,0.00,282,20.70,67,2.20
2026-09-10T17:00,222,0.00,315,20.90,66,1.60
2026-09-10T17:10,93,0.00,288,20.90,66,0.50
2026-09-10T17:20,69,0.00,441,20.10,70,2.50
2026-09-10T17:30,66,0.00,393,20.30,70,2.60
2026-09-10T17:40,49,0.00,343,20.40,70,2.30
2026-09-10T17:50,47,0.00,318,20.70,69,2.10
2026-09-10T18:00,73,0.00,284,20.80,69,1.70
2026-09-10T18:10,66,0.00,255,20.60,69,2.40
2026-09-10T18:20,69,0.00,230,20.40,70,2.50
2026-09-10T18:30,64,0.00,96,20.40,70,1.50
2026-09-10T18:40,72,0.00,66,20.20,67,1.50
2026-09-10T18:50,47,0.00,68,19.80,69,1.60
2026-09-10T19:00,54,0.00,54,19.70,69,2.30
2026-09-10T19:10,11,0.00,45,19.30,75,1.60
2026-09-10T19:20,14,0.00,35,19.00,78,1.00
2026-09-10T19:30,2,0.00,30,18.90,78,1.50
2026-09-10T19:40,32,0.00,22,18.60,81,0.40
2026-09-10T19:50,,0.00,0,18.40,82,0.00
2026-09-10T20:00,49,0.00,0,18.30,82,0.50
2026-09-10T20:10,82,0.00,0,18.20,84,0.90
2026-09-10T20:20,102,0.00,0,17.90,86,0.50
2026-09-10T20:30,102,0.00,0,17.90,87,0.40
2026-09-10T20:40,114,0.00,0,17.80,88,0.50
2026-09-10T20:50,69,0.00,0,17.90,87,1.30
2026-09-10T21:00,80,0.00,0,18.00,86,1.10
2026-09-10T21:10,94,0.00,0,17.90,87,1.10
2026-09-10T21:20,66,0.00,0,18.10,85,1.30
2026-09-10T21:30,113,0.00,0,18.00,87,0.90
2026-09-10T21:40,128,0.00,0,17.80,88,0.40
2026-09-10T21:50,131,0.00,0,17.70,88,0.30
2026-09-10T22:00,126,0.00,0,17.50,89,0.50
2026-09-10T22:10,27,0.00,0,17.60,89,0.70
2026-09-10T22:20,107,0.00,0,17.50,91,1.00
2026-09-10T22:30,78,0.00,0,17.30,92,0.90
2026-09-10T22:40,68,0.00,0,17.50,90,1.20
2026-09-10T22:50,90,0.00,0,17.40,91,0.90
2026-09-10T23:00,74,0.00,0,17.40,91,1.30
2026-09-10T23:10,91,0.00,0,17.40,91,0.90
2026-09-10T23:20,103,0.00,0,17.40,93,0.60
2026-09-10T23:30,98,0.00,0,17.30,93,0.30
2026-09-10T23:40,,0.00,0,17.40,92,0.00
2026-09-10T23:50,,0.00,0,17.50,91,0.00
2026-09-11T00:00,76,0.00,0,17.30,93,0.90
2026-09-11T00:10,57,0.00,0,17.30,92,1.10
2026-09-11T00:20,73,0.00,0,17.40,91,0.70
2026-09-11T00:30,78,0.00,0,17.20,92,1.40
2026-09-11T00:40,38,0.00,0,17.40,91,2.20
2026-09-11T00:50,43,0.00,0,17.40,91,2.10
2026-09-11T01:00,40,0.00,0,17.40,90,2.60
2026-09-11T01:10,50,0.00,0,17.40,90,2.20
2026-09-11T01:20,54,0.80,0,17.30,91,2.10
2026-09-11T01:30,62,1.00,0,17.00,94,1.40
2026-09-11T01:40,85,0.00,0,16.80,96,1.30
2026-09-11T01:50,53,0.20,0,16.70,97,1.80
2026-09-11T02:00,35,0.00,0,16.80,97,1.70
2026-09-11T02:10,45,0.00,0,16.80,96,0.80
2026-09-11T02:20,,0.00,0,16.70,96,0.00
2026-09-11T02:30,55,0.00,0,16.50,97,0.90
2026-09-11T02:40,264,0.00,0,16.40,97,0.70
2026-09-11T02:50,,0.00,0,16.30,97,0.00
2026-09-11T03:00,349,0.00,0,16.40,95,1.00
2026-09-11T03:10,69,0.00,0,16.00,96,0.50
2026-09-11T03:20,72,0.20,0,15.70,97,0.70
2026-09-11T03:30,44,0.00,0,15.80,98,1.10
2026-09-11T03:40,46,0.00,0,15.90,98,1.80
2026-09-11T03:50,85,0.00,0,15.70,98,1.10
2026-09-11T04:00,79,0.00,0,15.90,97,1.60
2026-09-11T04:10,72,0.00,0,16.00,97,1.30
2026-09-11T04:20,80,0.00,0,15.90,97,1.30
2026-09-11T04:30,68,0.00,0,15.80,98,1.80
2026-09-11T04:40,33,0.00,0,16.20,94,2.70
2026-09-11T04:50,41,0.00,0,16.60,91,2.70
2026-09-11T05:00,40,0.00,0,16.70,91,1.90
2026-09-11T05:10,69,0.00,0,16.50,93,1.20
2026-09-11T05:20,57,0.00,0,16.40,93,1.30
2026-09-11T05:30,50,0.00,0,16.30,95,0.80
2026-09-11T05:40,,0.00,0,16.10,95,0.00
2026-09-11T05:50,83,0.00,0,15.90,97,0.70
2026-09-11T06:00,29,0.00,0,15.90,96,1.50
2026-09-11T06:10,12,0.00,0,16.00,93,0.90
2026-09-11T06:20,116,0.00,0,15.90,95,0.70
2026-09-11T06:30,52,0.00,0,15.70,96,1.70
2026-09-11T06:40,59,0.00,0,15.80,93,1.40
2026-09-11T06:50,73,0.00,0,15.60,93,1.30
2026-09-11T07:00,75,0.00,23,15.90,90,1.30
2026-09-11T07:10,89,0.00,26,15.40,97,1.10
2026-09-11T07:20,78,0.00,46,15.30,97,1.70
2026-09-11T07:30,71,0.00,81,15.50,95,1.40
2026-09-11T07:40,92,0.00,117,16.00,94,1.10
2026-09-11T07:50,95,0.00,80,16.20,94,1.20
2026-09-11T08:00,116,0.00,153,16.20,93,1.20
2026-09-11T08:10,86,0.00,175,16.60,89,1.00
2026-09-11T08:20,106,0.00,205,16.80,91,0.90
2026-09-11T08:30,98,0.00,238,17.00,90,1.20
2026-09-11T08:40,104,0.00,274,17.30,89,0.90
2026-09-11T08:50,98,0.00,315,17.80,86,0.80
2026-09-11T09:00,92,0.00,384,17.40,86,1.90
2026-09-11T09:10,82,0.00,409,17.60,86,1.80
2026-09-11T09:20,74,0.00,179,17.70,84,1.90
2026-09-11T09:30,61,0.00,430,17.70,83,1.90
2026-09-11T09:40,64,0.00,470,18.20,82,1.30
2026-09-11T09:50,63,0.00,544,18.70,81,1.10
2026-09-11T10:00,3,0.00,483,18.70,80,1.10
2026-09-11T10:10,14,0.00,593,18.90,77,0.50
2026-09-11T10:20,124,0.00,420,19.80,76,0.90
2026-09-11T10:30,145,0.00,611,19.80,76,1.00
2026-09-11T10:40,154,0.00,775,19.90,75,1.40
2026-09-11T10:50,173,0.00,260,20.20,72,1.20
2026-09-11T11:00,174,0.00,317,19.90,70,0.60
2026-09-11T11:10,249,0.00,672,20.00,68,1.20
2026-09-11T11:20,192,0.00,289,20.30,67,0.80
2026-09-11T11:30,183,0.00,250,20.30,69,0.90
2026-09-11T11:40,188,0.00,320,20.40,70,0.80
2026-09-11T11:50,230,0.00,525,20.30,67,1.50
2026-09-11T12:00,211,0.00,435,20.60,64,1.10
2026-09-11T12:10,196,0.00,366,20.60,61,1.20
2026-09-11T12:20,211,0.00,606,20.80,62,0.80
2026-09-11T12:30,234,0.00,396,21.10,62,1.20
2026-09-11T12:40,243,0.00,447,21.10,63,1.40
2026-09-11T12:50,200,0.00,418,21.20,64,0.70
2026-09-11T13:00,222,0.00,449,21.30,60,1.30
2026-09-11T13:10,227,0.00,859,21.90,60,0.40
2026-09-11T13:20,145,0.00,831,21.90,58,1.10
2026-09-11T13:30,164,0.00,703,22.30,60,0.40
2026-09-11T13:40,229,0.00,805,22.40,58,1.10
2026-09-11T13:50,246,0.00,785,22.60,58,1.00
2026-09-11T14:00,205,0.00,777,22.90,57,1.10
2026-09-11T14:10,249,0.00,770,22.80,57,1.40
2026-09-11T14:20,234,0.00,755,23.10,57,1.00
2026-09-11T14:30,127,0.00,740,23.30,56,0.60
2026-09-11T14:40,178,0.00,729,23.30,57,1.40
2026-09-11T14:50,191,0.00,716,23.40,58,1.00
2026-09-11T15:00,221,0.00,701,23.70,57,1.10
2026-09-11T15:10,229,0.00,688,23.60,58,1.60
2026-09-11T15:20,259,0.00,670,23.50,58,1.60
2026-09-11T15:30,211,0.00,649,23.80,57,1.00
2026-09-11T15:40,188,0.00,636,24.30,55,0.50
2026-09-11T15:50,194,0.00,522,24.20,54,1.20
2026-09-11T16:00,240,0.00,606,24.40,54,1.20
2026-09-11T16:10,233,0.00,575,24.40,55,1.20
2026-09-11T16:20,221,0.00,484,24.30,55,2.20
2026-09-11T16:30,244,0.00,527,24.50,55,2.00
2026-09-11T16:40,222,0.00,494,24.50,56,2.40
2026-09-11T16:50,198,0.00,462,24.60,56,1.80
2026-09-11T17:00,217,0.00,436,24.70,57,2.60
2026-09-11T17:10,220,0.00,405,24.50,57,4.50
2026-09-11T17:20,222,0.00,377,24.50,58,4.30
2026-09-11T17:30,217,0.00,345,24.60,58,3.40
2026-09-11T17:40,218,0.00,314,24.60,59,3.70
2026-09-11T17:50,221,0.00,283,24.50,59,4.10
2026-09-11T18:00,227,0.00,252,24.50,58,4.00
2026-09-11T18:10,233,0.00,224,24.40,58,4.40
2026-09-11T18:20,233,0.00,194,24.50,59,2.80
2026-09-11T18:30,346,0.00,69,23.50,63,1.00
2026-09-11T18:40,2,0.00,56,22.30,68,1.50
2026-09-11T18:50,12,0.00,52,22.00,69,1.60
2026-09-11T19:00,10,0.00,46,22.10,69,1.80
2026-09-11T19:10,8,0.00,41,21.50,71,1.60
2026-09-11T19:20,47,0.00,35,21.40,74,0.50
2026-09-11T19:30,140,0.00,29,21.10,77,0.70
2026-09-11T19:40,109,0.00,23,20.60,79,0.60
2026-09-11T19:50,85,0.00,0,20.30,80,0.60
2026-09-11T20:00,98,0.00,0,19.80,84,1.00
2026-09-11T20:10,86,0.00,0,19.80,82,1.00
2026-09-11T20:20,109,0.00,0,19.20,87,0.70
2026-09-11T20:30,99,0.00,0,19.00,87,1.30
2026-09-11T20:40,105,0.00,0,18.90,88,1.50
2026-09-11T20:50,88,0.00,0,19.10,86,0.90
2026-09-11T21:00,113,0.00,0,18.80,89,0.80
2026-09-11T21:10,114,0.00,0,18.80,88,1.00
2026-09-11T21:20,81,0.00,0,19.10,84,1.00
2026-09-11T21:30,54,0.00,0,19.70,78,1.80
2026-09-11T21:40,72,0.00,0,19.20,85,1.00
2026-09-11T21:50,115,0.00,0,19.00,84,0.40
2026-09-11T22:00,142,0.00,0,18.80,85,0.80
2026-09-11T22:10,127,0.00,0,18.90,84,0.70
2026-09-11T22:20,121,0.00,0,18.70,88,0.60
2026-09-11T22:30,82,0.00,0,18.50,90,0.70
2026-09-11T22:40,92,0.00,0,18.40,91,0.40
2026-09-11T22:50,101,0.00,0,18.00,93,1.10
2026-09-11T23:00,67,0.00,0,18.20,90,1.90
2026-09-11T23:10,86,0.00,0,18.10,90,1.50
2026-09-11T23:20,99,0.00,0,17.70,92,1.20
2026-09-11T23:30,100,0.00,0,17.60,93,1.20
2026-09-11T23:40,108,0.00,0,17.50,93,1.40
2026-09-11T23:50,70,0.00,0,17.50,92,1.60
2026-09-12T00:00,81,0.00,0,17.40,93,1.20
2026-09-12T00:10,97,0.00,0,17.30,93,1.10
2026-09-12T00:20,78,0.00,0,17.20,93,1.50
2026-09-12T00:30,88,0.00,0,17.30,92,1.00
2026-09-12T00:40,94,0.00,0,17.00,94,1.30
2026-09-12T00:50,89,0.00,0,17.10,92,1.60
2026-09-12T01:00,84,0.00,0,17.40,91,1.50
2026-09-12T01:10,89,0.00,0,17.50,91,1.40
2026-09-12T01:20,64,0.00,0,17.50,90,1.50
2026-09-12T01:30,76,0.00,0,17.50,91,1.40
2026-09-12T01:40,107,0.00,0,17.20,93,0.90
2026-09-12T01:50,112,0.00,0,17.10,94,0.70
2026-09-12T02:00,,0.00,0,17.10,94,0.00
2026-09-12T02:10,,0.00,0,17.40,92,0.00
2026-09-12T02:20,54,0.00,0,17.40,92,1.00
2026-09-12T02:30,72,0.00,0,17.50,91,0.90
2026-09-12T02:40,,0.00,0,17.20,92,0.00
2026-09-12T02:50,38,0.00,0,17.10,93,1.40
2026-09-12T03:00,71,0.00,0,17.60,87,1.00
2026-09-12T03:10,79,0.00,0,17.20,91,1.20
2026-09-12T03:20,96,0.00,0,17.10,92,1.20
2026-09-12T03:30,88,0.00,0,17.00,92,1.30
2026-09-12T03:40,82,0.00,0,16.90,90,1.50
2026-09-12T03:50,88,0.00,0,16.80,91,1.40
2026-09-12T04:00,82,0.00,0,16.60,93,1.70
2026-09-12T04:10,96,0.00,0,16.90,89,1.30
2026-09-12T04:20,98,0.00,0,16.60,92,0.90
2026-09-12T04:30,83,0.00,0,16.30,94,0.90
2026-09-12T04:40,74,0.00,0,16.70,87,1.50
2026-09-12T04:50,78,0.00,0,16.90,85,1.60
2026-09-12T05:00,86,0.00,0,16.90,89,1.70
2026-09-12T05:10,75,0.00,0,16.50,90,1.80
2026-09-12T05:20,79,0.00,0,16.20,93,1.30
2026-09-12T05:30,89,0.00,0,16.20,92,1.40
2026-09-12T05:40,85,0.00,0,16.00,94,1.00
2026-09-12T05:50,89,0.00,0,16.30,90,1.40
2026-09-12T06:00,88,0.00,0,16.10,92,1.30
2026-09-12T06:10,85,0.00,0,15.60,94,1.70
2026-09-12T06:20,65,0.00,0,15.90,92,1.70
2026-09-12T06:30,89,0.00,0,15.90,93,1.40
2026-09-12T06:40,59,0.00,0,16.00,92,1.50
2026-09-12T06:50,78,0.00,0,16.00,91,1.40
2026-09-12T07:00,79,0.00,22,16.10,87,1.60
2026-09-12T07:10,55,0.00,33,16.50,82,1.90
2026-09-12T07:20,83,0.00,50,16.10,90,1.60
2026-09-12T07:30,65,0.00,78,16.00,89,2.10
2026-09-12T07:40,58,0.00,93,16.00,90,1.70
2026-09-12T07:50,82,0.00,112,16.30,89,1.30
2026-09-12T08:00,87,0.00,137,16.40,88,1.40
2026-09-12T08:10,57,0.00,163,16.70,85,1.70
2026-09-12T08:20,48,0.00,195,17.20,79,2.10
2026-09-12T08:30,58,0.00,227,17.50,76,2.40
2026-09-12T08:40,67,0.00,259,17.70,74,2.30
2026-09-12T08:50,64,0.00,291,17.90,74,1.90
2026-09-12T09:00,63,0.00,296,18.10,72,1.90
2026-09-12T09:10,58,0.00,339,18.30,71,2.20
2026-09-12T09:20,57,0.00,351,18.30,69,2.90
2026-09-12T09:30,57,0.00,208,18.50,71,2.20
2026-09-12T09:40,61,0.00,405,18.60,69,2.40
2026-09-12T09:50,78,0.00,433,19.00,67,1.70
2026-09-12T10:00,69,0.00,458,19.20,65,2.00
2026-09-12T10:10,70,0.00,500,19.40,65,2.00
2026-09-12T10:20,83,0.00,536,19.60,64,2.00
2026-09-12T10:30,78,0.00,563,20.00,62,1.40
2026-09-12T10:40,91,0.00,581,20.30,61,1.50
2026-09-12T10:50,87,0.00,608,20.50,61,1.40
2026-09-12T11:00,86,0.00,628,20.70,60,1.30
2026-09-12T11:10,89,0.00,649,20.90,59,1.40
2026-09-12T11:20,115,0.00,668,21.30,59,0.80
2026-09-12T11:30,71,0.00,687,21.30,58,1.40
2026-09-12T11:40,84,0.00,705,21.50,58,1.10
2026-09-12T11:50,89,0.00,718,21.70,57,0.90
2026-09-12T12:00,,0.00,728,22.00,58,0.00
2026-09-12T12:10,232,0.00,739,21.50,62,2.20
2026-09-12T12:20,237,0.00,750,21.50,62,2.30
2026-09-12T12:30,219,0.00,759,21.60,60,1.90
2026-09-12T12:40,224,0.00,770,21.80,58,1.90
2026-09-12T12:50,229,0.00,772,22.00,56,0.90
2026-09-12T13:00,257,0.00,778,22.20,56,1.10
2026-09-12T13:10,265,0.00,776,22.20,58,1.00
2026-09-12T13:20,313,0.00,777,22.40,59,0.40
2026-09-12T13:30,235,0.00,782,22.60,60,2.30
2026-09-12T13:40,214,0.00,779,22.80,58,1.30
2026-09-12T13:50,234,0.00,778,23.20,58,1.80
2026-09-12T14:00,208,0.00,771,23.10,60,2.40
2026-09-12T14:10,224,0.00,770,23.50,60,3.30
2026-09-12T14:20,216,0.00,759,23.60,59,3.30
2026-09-12T14:30,224,0.00,745,23.50,57,3.70
2026-09-12T14:40,227,0.00,734,23.70,57,3.80
2026-09-12T14:50,212,0.00,718,23.80,56,3.00
2026-09-12T15:00,216,0.00,704,24.30,56,3.20
2026-09-12T15:10,223,0.00,688,24.00,56,4.90
2026-09-12T15:20,224,0.00,674,24.10,56,4.90
2026-09-12T15:30,221,0.00,664,24.20,57,4.80
2026-09-12T15:40,222,0.00,644,24.50,55,4.60
2026-09-12T15:50,221,0.00,639,24.50,54,4.50
2026-09-12T16:00,226,0.00,631,24.80,52,3.80
2026-09-12T16:10,222,0.00,246,24.80,53,3.90
2026-09-12T16:20,216,0.00,485,24.80,53,3.70
2026-09-12T16:30,218,0.00,527,24.80,54,4.20
2026-09-12T16:40,219,0.00,491,24.70,54,4.40
2026-09-12T16:50,219,0.00,467,24.90,55,3.80
2026-09-12T17:00,231,0.00,429,25.00,53,3.40
2026-09-12T17:10,225,0.00,407,24.90,55,4.00
2026-09-12T17:20,220,0.00,310,24.90,55,4.20
2026-09-12T17:30,224,0.00,366,24.80,55,4.80
2026-09-12T17:40,234,0.00,132,24.80,56,4.10
2026-09-12T17:50,235,0.00,111,24.60,57,3.70
2026-09-12T18:00,234,0.00,121,24.30,55,4.20
2026-09-12T18:10,235,0.00,121,24.40,55,3.70
2026-09-12T18:20,240,0.00,180,24.50,55,3.30
2026-09-12T18:30,264,0.00,72,24.40,56,2.10
2026-09-12T18:40,284,0.00,65,23.80,58,0.80
2026-09-12T18:50,340,0.00,62,23.00,62,0.80
2026-09-12T19:00,347,0.00,57,22.40,65,1.40
2026-09-12T19:10,346,0.00,44,22.30,66,1.30
2026-09-12T19:20,340,0.00,33,22.30,65,2.00
2026-09-12T19:30,345,0.00,26,22.00,67,1.80
2026-09-12T19:40,347,0.00,22,21.60,69,1.40
2026-09-12T19:50,59,0.00,0,21.00,75,0.70
2026-09-12T20:00,35,0.00,0,20.80,76,0.50
2026-09-12T20:10,66,0.00,0,20.60,76,0.70
2026-09-12T20:20,72,0.00,0,20.30,76,0.40
2026-09-12T20:30,90,0.00,0,19.90,77,0.40
2026-09-12T20:40,107,0.00,0,19.80,79,1.10
2026-09-12T20:50,119,0.00,0,19.70,78,0.50
2026-09-12T21:00,115,0.00,0,19.70,77,0.80
2026-09-12T21:10,118,0.00,0,19.30,80,1.00
2026-09-12T21:20,111,0.00,0,18.90,84,1.00
2026-09-12T21:30,102,0.00,0,19.00,82,1.20
2026-09-12T21:40,106,0.00,0,18.80,83,1.50
2026-09-12T21:50,111,0.00,0,18.90,81,1.20
2026-09-12T22:00,77,0.00,0,18.80,82,2.00
2026-09-12T22:10,71,0.00,0,18.70,82,1.60
2026-09-12T22:20,73,0.00,0,18.70,81,1.20
2026-09-12T22:30,108,0.00,0,18.50,82,1.10
2026-09-12T22:40,86,0.00,0,18.40,83,1.40
2026-09-12T22:50,78,0.00,0,17.90,87,1.90
2026-09-12T23:00,67,0.00,0,17.90,88,2.20
2026-09-12T23:10,61,0.00,0,17.60,90,1.30
2026-09-12T23:20,107,0.00,0,17.30,90,1.20
2026-09-12T23:30,98,0.00,0,17.10,91,1.30
2026-09-12T23:40,90,0.00,0,17.20,91,1.40
2026-09-12T23:50,105,0.00,0,17.10,92,1.10
2026-09-13T00:00,78,0.00,0,17.00,90,1.20
2026-09-13T00:10,80,0.00,0,17.50,87,1.70
2026-09-13T00:20,79,0.00,0,17.10,90,1.50
2026-09-13T00:30,85,0.00,0,16.90,90,1.30
2026-09-13T00:40,73,0.00,0,17.00,89,1.60
2026-09-13T00:50,83,0.00,0,17.00,90,1.60
2026-09-13T01:00,73,0.00,0,17.00,90,1.40
2026-09-13T01:10,73,0.00,0,17.10,90,1.60
2026-09-13T01:20,63,0.00,0,17.20,90,1.90
2026-09-13T01:30,88,0.00,0,17.20,90,1.50
2026-09-13T01:40,95,0.00,0,17.20,90,1.30
2026-09-13T01:50,83,0.00,0,17.20,91,1.00
2026-09-13T02:00,111,0.00,0,17.10,92,0.70
2026-09-13T02:10,69,0.00,0,17.00,92,0.70
2026-09-13T02:20,109,0.00,0,17.10,92,0.60
2026-09-13T02:30,79,0.00,0,17.00,92,0.60
2026-09-13T02:40,62,0.00,0,17.00,91,0.90
2026-09-13T02:50,51,0.00,0,17.20,90,1.20
2026-09-13T03:00,64,0.00,0,17.10,90,1.00
2026-09-13T03:10,96,0.00,0,16.80,92,1.10
2026-09-13T03:20,46,0.00,0,16.70,92,1.00
2026-09-13T03:30,78,0.00,0,16.90,91,0.70
2026-09-13T03:40,74,0.00,0,16.70,92,1.20
2026-09-13T03:50,52,0.00,0,16.90,91,1.20
2026-09-13T04:00,97,0.00,0,16.70,92,0.80
2026-09-13T04:10,84,0.00,0,16.60,93,1.20
2026-09-13T04:20,86,0.00,0,16.80,91,1.30
2026-09-13T04:30,93,0.00,0,16.60,93,1.30
2026-09-13T04:40,89,0.00,0,16.80,92,1.70
2026-09-13T04:50,92,0.00,0,16.90,91,1.00
2026-09-13T05:00,88,0.00,0,16.70,93,0.60
2026-09-13T05:10,55,0.00,0,16.90,91,1.30
2026-09-13T05:20,42,0.00,0,17.10,89,1.40
2026-09-13T05:30,65,0.00,0,17.20,88,0.90
2026-09-13T05:40,52,0.00,0,17.20,88,1.00
2026-09-13T05:50,60,0.00,0,17.40,86,1.30
2026-09-13T06:00,54,0.00,0,17.20,87,1.30
2026-09-13T06:10,57,0.00,0,17.60,85,1.20
2026-09-13T06:20,66,0.00,0,17.60,86,1.20
2026-09-13T06:30,53,0.00,0,17.40,87,1.10
2026-09-13T06:40,50,0.00,0,17.50,86,1.20
2026-09-13T06:50,68,0.00,0,17.30,87,0.70
2026-09-13T07:00,38,0.00,0,17.40,86,1.20
2026-09-13T07:10,37,0.00,24,17.50,85,1.30
2026-09-13T07:20,89,0.00,28,17.30,87,0.80
2026-09-13T07:30,118,0.00,33,16.90,90,0.40
2026-09-13T07:40,100,0.00,47,16.80,91,0.90
2026-09-13T07:50,59,0.00,74,17.20,87,1.60
2026-09-13T08:00,45,0.00,73,17.50,85,1.80
2026-09-13T08:10,97,0.00,100,17.70,84,1.00
2026-09-13T08:20,56,0.00,154,17.60,85,1.30
2026-09-13T08:30,52,0.00,126,18.10,81,1.90
2026-09-13T08:40,60,0.00,155,18.40,78,2.00
2026-09-13T08:50,61,0.00,118,18.60,75,2.50
2026-09-13T09:00,64,0.00,182,18.60,77,2.40
2026-09-13T09:10,58,0.00,187,18.70,77,1.70
2026-09-13T09:20,70,0.00,205,19.00,78,1.50
2026-09-13T09:30,78,0.00,339,19.20,77,1.90
2026-09-13T09:40,54,0.00,274,19.40,74,2.10
2026-09-13T09:50,61,0.00,523,19.70,72,2.20
2026-09-13T10:00,59,0.00,352,20.00,71,2.20
2026-09-13T10:10,63,0.00,303,20.20,70,2.00
2026-09-13T10:20,78,0.00,568,20.20,70,1.60
2026-09-13T10:30,87,0.00,579,20.60,69,1.60
2026-09-13T10:40,57,0.00,581,20.60,67,2.00
2026-09-13T10:50,79,0.00,603,21.00,66,0.60
2026-09-13T11:00,143,0.00,612,21.60,64,0.80
2026-09-13T11:10,89,0.00,630,21.70,64,0.90
2026-09-13T11:20,83,0.00,648,22.10,64,0.70
2026-09-13T11:30,92,0.00,666,22.30,62,0.80
2026-09-13T11:40,11,0.00,680,22.70,61,0.50
2026-09-13T11:50,192,0.00,704,22.50,62,1.60
2026-09-13T12:00,191,0.00,738,22.70,61,1.10
2026-09-13T12:10,196,0.00,736,22.60,61,1.20
2026-09-13T12:20,203,0.00,357,22.80,62,1.50
2026-09-13T12:30,253,0.00,769,22.50,62,1.80
2026-09-13T12:40,205,0.00,792,22.80,62,2.20
2026-09-13T12:50,231,0.00,782,22.80,61,2.50
2026-09-13T13:00,223,0.00,798,23.10,61,1.90
2026-09-13T13:10,230,0.00,787,23.10,61,1.90
2026-09-13T13:20,221,0.00,766,23.30,61,2.20
2026-09-13T13:30,207,0.00,776,23.20,61,2.40
2026-09-13T13:40,209,0.00,789,23.50,60,2.50
2026-09-13T13:50,216,0.00,724,23.80,59,2.40
2026-09-13T14:00,219,0.00,745,23.90,58,2.90
2026-09-13T14:10,221,0.00,780,23.80,58,2.90
2026-09-13T14:20,234,0.00,731,24.10,58,2.40
2026-09-13T14:30,237,0.00,589,24.40,57,2.70
2026-09-13T14:40,225,0.00,592,24.30,55,2.70
2026-09-13T14:50,231,0.00,670,24.20,55,3.10
2026-09-13T15:00,230,0.00,699,24.50,54,3.30
2026-09-13T15:10,230,0.00,567,24.70,52,3.50
2026-09-13T15:20,225,0.00,596,24.70,53,3.40
2026-09-13T15:30,227,0.00,551,24.70,53,4.00
2026-09-13T15:40,227,0.00,521,24.70,54,4.20
2026-09-13T15:50,222,0.00,521,24.80,54,3.80
2026-09-13T16:00,232,0.00,581,24.80,54,3.90
2026-09-13T16:10,222,0.00,496,25.00,54,2.70
2026-09-13T16:20,229,0.00,641,25.20,54,3.20
2026-09-13T16:30,215,0.00,465,25.30,54,3.10
2026-09-13T16:40,218,0.00,247,25.10,53,3.40
2026-09-13T16:50,210,0.00,399,24.90,54,2.60
2026-09-13T17:00,222,0.00,376,25.00,55,3.10
2026-09-13T17:10,222,0.00,406,25.00,54,4.20
2026-09-13T17:20,218,0.00,338,25.10,54,3.60
2026-09-13T17:30,225,0.00,307,25.10,55,3.50
2026-09-13T17:40,229,0.00,295,25.10,55,3.10
2026-09-13T17:50,227,0.00,262,25.10,55,3.40
2026-09-13T18:00,224,0.00,154,25.00,56,3.50
2026-09-13T18:10,230,0.00,139,24.80,57,3.50
2026-09-13T18:20,223,0.00,121,24.60,59,3.10
2026-09-13T18:30,210,0.00,103,24.40,60,2.20
2026-09-13T18:40,217,0.00,85,24.30,59,2.30
2026-09-13T18:50,231,0.00,74,24.20,59,2.30
2026-09-13T19:00,284,0.00,59,23.90,62,1.30
2026-09-13T19:10,24,0.00,39,22.80,70,0.90
2026-09-13T19:20,82,0.00,29,22.40,74,0.50
2026-09-13T19:30,56,0.00,23,22.00,74,0.50
2026-09-13T19:40,,0.00,0,21.70,77,0.00
2026-09-13T19:50,51,0.00,0,21.40,76,0.40
2026-09-13T20:00,124,0.00,0,21.20,78,0.50
2026-09-13T20:10,97,0.00,0,21.00,76,0.90
2026-09-13T20:20,99,0.00,0,21.00,78,0.80
2026-09-13T20:30,84,0.00,0,20.20,83,0.90
2026-09-13T20:40,108,0.00,0,20.30,81,1.00
2026-09-13T20:50,111,0.00,0,20.10,83,0.90
2026-09-13T21:00,114,0.00,0,20.00,83,0.80
2026-09-13T21:10,96,0.00,0,19.80,84,1.30
2026-09-13T21:20,107,0.00,0,19.70,85,1.10
2026-09-13T21:30,108,0.00,0,19.40,87,0.60
2026-09-13T21:40,,0.00,0,19.40,85,0.00
2026-09-13T21:50,,0.00,0,19.80,81,0.00
2026-09-13T22:00,114,0.00,0,19.30,86,1.20
2026-09-13T22:10,89,0.00,0,18.70,90,0.90
2026-09-13T22:20,73,0.00,0,18.90,88,0.70
2026-09-13T22:30,86,0.00,0,18.80,88,1.10
2026-09-13T22:40,90,0.00,0,18.90,87,1.00
2026-09-13T22:50,74,0.00,0,18.90,87,1.50
2026-09-13T23:00,74,0.00,0,18.90,87,1.80
2026-09-13T23:10,101,0.00,0,18.60,89,1.20
2026-09-13T23:20,79,0.00,0,18.90,85,1.60
2026-09-13T23:30,87,0.00,0,18.90,86,0.80
2026-09-13T23:40,121,0.00,0,18.60,89,0.50
2026-09-13T23:50,66,0.00,0,19.10,84,0.40
2026-09-14T00:00,96,0.00,0,19.20,83,0.70
2026-09-14T00:10,93,0.00,0,18.90,86,0.80
2026-09-14T00:20,84,0.00,0,18.70,89,1.00
2026-09-14T00:30,102,0.00,0,18.60,89,0.80
2026-09-14T00:40,71,0.00,0,18.60,89,2.30
2026-09-14T00:50,33,0.00,0,18.90,86,2.40
2026-09-14T01:00,30,0.00,0,19.90,78,1.90
2026-09-14T01:10,111,0.00,0,19.20,82,0.40
2026-09-14T01:20,104,0.00,0,18.40,88,0.30
2026-09-14T01:30,31,0.00,0,18.40,88,0.60
2026-09-14T01:40,,0.00,0,18.10,89,0.00
2026-09-14T01:50,48,0.00,0,18.30,88,0.60
2026-09-14T02:00,67,0.00,0,18.20,89,1.20
2026-09-14T02:10,58,0.00,0,17.80,91,1.70
2026-09-14T02:20,143,0.00,0,17.50,91,0.60
2026-09-14T02:30,66,0.00,0,17.40,92,1.30
2026-09-14T02:40,77,0.00,0,17.30,92,1.20
2026-09-14T02:50,25,0.00,0,17.40,91,1.10
2026-09-14T03:00,112,0.00,0,17.40,91,0.40
2026-09-14T03:10,74,0.00,0,17.20,93,1.10
2026-09-14T03:20,63,0.00,0,17.10,92,1.10
2026-09-14T03:30,64,0.00,0,17.00,91,0.90
2026-09-14T03:40,55,0.00,0,16.80,92,1.50
2026-09-14T03:50,80,0.00,0,16.70,92,0.70
2026-09-14T04:00,67,0.00,0,16.70,94,0.90
2026-09-14T04:10,53,0.00,0,16.70,93,0.90
2026-09-14T04:20,91,0.00,0,16.70,93,1.20
2026-09-14T04:30,37,0.00,0,16.60,93,1.30
2026-09-14T04:40,26,0.00,0,16.70,91,1.00
2026-09-14T04:50,40,0.00,0,16.80,87,0.70
2026-09-14T05:00,69,0.00,0,16.20,92,1.00
2026-09-14T05:10,46,0.00,0,16.10,93,0.40
2026-09-14T05:20,25,0.00,0,16.40,91,1.20
2026-09-14T05:30,97,0.00,0,16.40,90,0.60
2026-09-14T05:40,53,0.00,0,16.30,93,1.30
2026-09-14T05:50,59,0.00,0,16.10,93,1.30
2026-09-14T06:00,23,0.00,0,16.10,93,0.80
2026-09-14T06:10,57,0.00,0,16.30,92,1.40
2026-09-14T06:20,34,0.00,0,16.00,93,1.10
2026-09-14T06:30,59,0.00,0,16.10,93,1.40
2026-09-14T06:40,33,0.00,0,16.00,92,1.00
2026-09-14T06:50,62,0.00,0,15.90,93,0.80
2026-09-14T07:00,87,0.00,0,15.80,93,0.60
2026-09-14T07:10,70,0.00,25,15.70,94,0.80
2026-09-14T07:20,93,0.00,31,15.60,94,0.60
2026-09-14T07:30,78,0.00,70,15.90,93,0.90
2026-09-14T07:40,61,0.00,76,16.70,88,1.50
2026-09-14T07:50,111,0.00,135,16.50,90,1.10
2026-09-14T08:00,100,0.00,169,16.80,90,0.40
2026-09-14T08:10,79,0.00,216,17.70,87,0.80
2026-09-14T08:20,44,0.00,248,18.60,81,2.80
2026-09-14T08:30,58,0.00,301,18.90,80,2.80
2026-09-14T08:40,65,0.00,163,19.40,77,2.20
2026-09-14T08:50,67,0.00,259,19.70,77,2.10
2026-09-14T09:00,67,0.00,320,20.20,74,2.00
2026-09-14T09:10,48,0.00,200,20.20,74,2.40
2026-09-14T09:20,55,0.00,207,20.10,75,2.70
2026-09-14T09:30,60,0.00,224,20.00,74,2.50
2026-09-14T09:40,53,0.00,277,20.20,73,2.60
2026-09-14T09:50,57,0.00,317,20.40,72,2.40
2026-09-14T10:00,60,0.00,427,20.60,72,2.00
2026-09-14T10:10,51,0.00,697,20.90,72,2.00
2026-09-14T10:20,65,0.00,717,21.00,71,2.60
2026-09-14T10:30,63,0.00,463,21.20,71,2.10
2026-09-14T10:40,90,0.00,595,21.50,70,1.60
2026-09-14T10:50,64,0.00,492,21.90,69,1.40
2026-09-14T11:00,54,0.00,549,22.40,68,1.40
2026-09-14T11:10,,0.00,569,22.60,66,0.00
2026-09-14T11:20,223,0.00,884,22.70,69,2.30
2026-09-14T11:30,236,0.00,500,22.60,68,2.00
2026-09-14T11:40,233,0.00,886,22.80,67,2.20
2026-09-14T11:50,231,0.00,824,22.80,66,2.10
2026-09-14T12:00,231,0.00,692,22.80,66,1.90
2026-09-14T12:10,228,0.00,328,22.90,65,1.90
2026-09-14T12:20,225,0.00,739,22.80,67,1.60
2026-09-14T12:30,226,0.00,537,23.10,67,1.50
2026-09-14T12:40,249,0.00,782,23.50,66,1.10
2026-09-14T12:50,196,0.00,816,23.90,65,1.90
2026-09-14T13:00,234,0.00,637,24.00,65,1.90
2026-09-14T13:10,221,0.00,827,24.20,65,1.80
2026-09-14T13:20,229,0.00,343,24.50,64,1.80
2026-09-14T13:30,237,0.00,786,24.50,63,2.60
2026-09-14T13:40,234,0.00,734,24.10,63,2.90
2026-09-14T13:50,235,0.00,756,24.40,62,2.10
2026-09-14T14:00,,0.00,685,24.70,60,
2026-09-14T14:10,235,0.00,338,25.00,59,2.30
2026-09-14T14:20,254,0.00,786,25.10,57,2.00
2026-09-14T14:30,246,0.00,209,25.10,55,2.30
2026-09-14T14:40,228,0.00,838,24.90,55,2.20
2026-09-14T14:50,255,0.00,304,25.20,55,1.20
2026-09-14T15:00,231,0.00,731,26.00,51,0.90
2026-09-14T15:10,214,0.00,694,26.60,50,1.30
2026-09-14T15:20,188,0.00,631,27.10,52,0.40
2026-09-14T15:30,177,0.00,637,27.40,51,1.00
2026-09-14T15:40,233,0.00,608,27.60,49,1.00
2026-09-14T15:50,234,0.00,565,27.70,47,1.40
2026-09-14T16:00,198,0.00,569,27.90,48,0.90
2026-09-14T16:10,162,0.00,521,28.20,48,1.50
2026-09-14T16:20,157,0.00,520,28.10,47,1.10
2026-09-14T16:30,162,0.00,495,28.00,48,1.30
2026-09-14T16:40,106,0.00,460,27.90,47,0.80
2026-09-14T16:50,120,0.00,429,28.10,49,1.10
2026-09-14T17:00,99,0.00,413,27.90,50,1.40
2026-09-14T17:10,99,0.00,358,27.50,56,1.50
2026-09-14T17:20,91,0.00,352,27.50,55,1.10
2026-09-14T17:30,70,0.00,322,27.50,51,1.50
2026-09-14T17:40,85,0.00,292,27.50,54,0.90
2026-09-14T17:50,349,0.00,229,26.90,58,0.60
2026-09-14T18:00,54,0.00,225,26.50,57,1.30
2026-09-14T18:10,33,0.00,208,25.90,59,1.40
2026-09-14T18:20,16,0.00,182,25.60,57,1.80
2026-09-14T18:30,342,0.00,55,24.40,60,1.60
2026-09-14T18:40,339,0.00,49,23.80,62,1.30
2026-09-14T18:50,23,0.00,41,23.90,63,1.20
2026-09-14T19:00,352,0.00,38,23.70,62,1.50
2026-09-14T19:10,77,0.00,35,23.70,66,1.20
2026-09-14T19:20,,0.00,32,23.40,64,0.00
2026-09-14T19:30,132,0.00,26,23.10,69,0.30
2026-09-14T19:40,136,0.00,0,22.60,72,0.50
2026-09-14T19:50,79,0.00,0,22.50,72,0.70
2026-09-14T20:00,94,0.00,0,22.30,73,0.60
2026-09-14T20:10,73,0.00,0,22.30,71,0.90
2026-09-14T20:20,124,0.00,0,21.80,76,1.00
2026-09-14T20:30,111,0.00,0,21.40,77,0.50
2026-09-14T20:40,89,0.00,0,21.20,78,0.80
2026-09-14T20:50,118,0.00,0,21.50,76,0.60
2026-09-14T21:00,98,0.00,0,21.00,80,0.70
2026-09-14T21:10,127,0.00,0,21.10,80,0.90
2026-09-14T21:20,106,0.00,0,20.60,83,0.40
2026-09-14T21:30,107,0.00,0,20.10,87,1.00
2026-09-14T21:40,106,0.00,0,20.20,84,1.20
2026-09-14T21:50,99,0.00,0,20.00,85,1.20
2026-09-14T22:00,99,0.00,0,19.90,86,1.30
2026-09-14T22:10,115,0.00,0,19.80,86,1.30
2026-09-14T22:20,107,0.00,0,19.80,86,1.10
2026-09-14T22:30,92,0.00,0,20.40,81,1.80
2026-09-14T22:40,85,0.00,0,20.10,84,1.20
2026-09-14T22:50,82,0.00,0,19.70,86,1.20
2026-09-14T23:00,76,0.00,0,19.70,84,0.60
2026-09-14T23:10,92,0.00,0,19.90,84,0.70
2026-09-14T23:20,83,0.00,0,19.20,89,1.00
2026-09-14T23:30,71,0.00,0,19.00,90,1.20
2026-09-14T23:40,66,0.00,0,19.40,86,1.20
2026-09-14T23:50,94,0.00,0,19.10,89,1.40
2026-09-15T00:00,83,0.00,0,19.40,86,1.20
2026-09-15T00:10,94,0.00,0,19.10,88,1.10
2026-09-15T00:20,84,0.00,0,19.00,89,1.10
2026-09-15T00:30,94,0.00,0,18.80,90,1.40
2026-09-15T00:40,81,0.00,0,18.80,91,0.60
2026-09-15T00:50,119,0.00,0,18.70,92,0.60
2026-09-15T01:00,83,0.00,0,18.80,92,1.00
2026-09-15T01:10,93,0.00,0,19.00,90,1.10
2026-09-15T01:20,95,0.00,0,18.90,91,1.00
2026-09-15T01:30,61,0.00,0,18.90,91,1.30
2026-09-15T01:40,62,0.00,0,19.00,89,1.00
2026-09-15T01:50,42,0.00,0,19.00,89,0.80
2026-09-15T02:00,62,0.00,0,19.20,87,0.70
2026-09-15T02:10,74,0.00,0,18.90,89,1.40
2026-09-15T02:20,44,0.00,0,18.70,90,1.30
2026-09-15T02:30,,0.00,0,18.70,91,0.00
2026-09-15T02:40,65,0.00,0,18.60,91,0.70
2026-09-15T02:50,53,0.00,0,18.70,90,0.80
2026-09-15T03:00,101,0.00,0,18.60,91,0.80
2026-09-15T03:10,93,0.00,0,18.40,92,0.70
2026-09-15T03:20,69,0.00,0,18.30,91,0.90
2026-09-15T03:30,70,0.00,0,18.20,92,1.20
2026-09-15T03:40,53,0.00,0,18.20,91,1.20
2026-09-15T03:50,69,0.00,0,18.10,92,1.00
2026-09-15T04:00,70,0.00,0,18.00,91,1.50
2026-09-15T04:10,92,0.00,0,18.00,91,1.00
2026-09-15T04:20,95,0.00,0,17.80,93,0.80
2026-09-15T04:30,88,0.00,0,17.70,94,1.30
2026-09-15T04:40,82,0.00,0,18.00,92,1.70
2026-09-15T04:50,91,0.00,0,18.10,91,1.60
2026-09-15T05:00,56,0.00,0,18.00,91,1.40
2026-09-15T05:10,90,0.00,0,18.20,90,1.30
2026-09-15T05:20,56,0.00,0,18.60,85,2.00
2026-09-15T05:30,73,0.00,0,18.90,83,1.70
2026-09-15T05:40,78,0.00,0,18.50,85,1.50
2026-09-15T05:50,74,0.00,0,18.50,85,1.20
2026-09-15T06:00,64,0.00,0,18.40,85,1.80
2026-09-15T06:10,52,0.00,0,18.80,82,2.10
2026-09-15T06:20,42,0.00,0,19.10,80,2.10
2026-09-15T06:30,71,0.00,0,18.90,81,1.30
2026-09-15T06:40,69,0.00,0,18.80,83,1.00
2026-09-15T06:50,79,0.00,0,18.60,84,0.80
2026-09-15T07:00,63,0.00,0,18.70,83,0.90
2026-09-15T07:10,81,0.00,23,18.80,83,1.20
2026-09-15T07:20,63,0.00,27,19.00,81,1.40
2026-09-15T07:30,71,0.00,38,19.00,81,1.40
2026-09-15T07:40,48,0.00,49,18.90,82,1.30
2026-09-15T07:50,49,0.00,57,19.00,82,1.30
2026-09-15T08:00,49,0.00,66,19.10,80,1.70
2026-09-15T08:10,45,0.00,75,19.10,80,1.70
2026-09-15T08:20,49,0.00,98,19.20,80,2.00
2026-09-15T08:30,47,0.00,92,19.20,79,1.90
2026-09-15T08:40,38,0.00,109,19.50,77,2.10
2026-09-15T08:50,54,0.00,128,19.60,77,1.30
2026-09-15T09:00,52,0.00,158,19.60,77,1.30
2026-09-15T09:10,59,0.00,202,19.80,77,1.60
2026-09-15T09:20,52,0.00,251,20.00,75,2.00
2026-09-15T09:30,57,0.00,358,20.30,73,2.20
2026-09-15T09:40,54,0.00,224,20.40,71,2.60
2026-09-15T09:50,60,0.00,259,20.40,71,2.30
2026-09-15T10:00,65,0.00,181,20.50,70,2.10
2026-09-15T10:10,53,0.00,205,20.50,69,2.30
2026-09-15T10:20,58,0.00,175,20.40,67,3.30
2026-09-15T10:30,55,0.00,249,20.60,67,2.50
2026-09-15T10:40,53,0.00,276,20.80,68,2.10
2026-09-15T10:50,57,0.00,304,21.00,67,1.90
2026-09-15T11:00,61,0.00,364,21.20,66,1.50
2026-09-15T11:10,77,0.00,382,21.50,64,1.20
2026-09-15T11:20,80,0.00,747,21.90,63,1.00
2026-09-15T11:30,102,0.00,514,22.60,61,0.70
2026-09-15T11:40,15,0.00,416,22.70,61,0.50
2026-09-15T11:50,306,0.00,376,22.70,63,0.50
2026-09-15T12:00,261,0.00,401,22.70,64,0.70
2026-09-15T12:10,241,0.00,439,22.80,65,1.20
2026-09-15T12:20,246,0.00,488,22.90,64,1.10
2026-09-15T12:30,228,0.00,368,22.80,65,1.60
2026-09-15T12:40,235,0.00,738,23.00,64,1.20
2026-09-15T12:50,231,0.00,845,23.50,63,1.60
2026-09-15T13:00,259,0.00,633,23.60,60,1.70
2026-09-15T13:10,262,0.00,515,23.60,60,1.90
2026-09-15T13:20,230,0.00,506,23.70,59,1.90
2026-09-15T13:30,236,0.00,606,24.00,59,1.90
2026-09-15T13:40,241,0.00,711,24.10,57,2.40
2026-09-15T13:50,225,0.00,753,24.30,57,2.60
2026-09-15T14:00,232,0.00,738,24.40,58,3.30
2026-09-15T14:10,226,0.00,725,24.60,58,3.40
2026-09-15T14:20,228,0.00,707,24.70,58,3.20
2026-09-15T14:30,239,0.00,702,24.90,57,3.20
2026-09-15T14:40,243,0.00,703,25.00,57,3.40
2026-09-15T14:50,239,0.00,702,25.00,57,3.20
2026-09-15T15:00,227,0.00,665,25.30,57,2.80
2026-09-15T15:10,228,0.00,649,25.30,57,3.30
2026-09-15T15:20,229,0.00,639,25.50,57,3.40
2026-09-15T15:30,227,0.00,610,25.40,56,4.40
2026-09-15T15:40,222,0.00,615,25.50,55,4.80
2026-09-15T15:50,223,0.00,595,25.50,55,5.00
2026-09-15T16:00,225,0.00,559,25.40,55,5.00
2026-09-15T16:10,219,0.00,515,25.60,55,4.20
2026-09-15T16:20,225,0.00,489,25.90,55,3.60
2026-09-15T16:30,225,0.00,471,25.70,55,4.40
2026-09-15T16:40,223,0.00,446,25.70,55,4.30
2026-09-15T16:50,224,0.00,414,25.70,56,4.00
2026-09-15T17:00,230,0.00,389,25.70,57,3.50
2026-09-15T17:10,233,0.00,359,25.60,58,3.60
2026-09-15T17:20,227,0.00,332,25.70,57,3.00
2026-09-15T17:30,224,0.00,305,25.80,56,3.10
2026-09-15T17:40,226,0.00,274,25.80,56,2.80
2026-09-15T17:50,203,0.00,169,25.70,57,2.20
2026-09-15T18:00,199,0.00,125,25.60,58,2.10
2026-09-15T18:10,217,0.00,134,25.40,58,2.90
2026-09-15T18:20,238,0.00,96,25.30,60,1.50
2026-09-15T18:30,245,0.00,84,25.00,62,1.40
2026-09-15T18:40,287,0.00,75,24.30,65,0.70
2026-09-15T18:50,333,0.00,57,24.10,66,1.10
2026-09-15T19:00,347,0.00,43,23.60,69,1.30
2026-09-15T19:10,38,0.00,34,23.40,72,0.80
2026-09-15T19:20,74,0.00,28,22.80,75,0.70
2026-09-15T19:30,90,0.00,23,22.20,78,0.90
2026-09-15T19:40,81,0.00,0,21.90,78,1.00
2026-09-15T19:50,77,0.00,0,21.60,78,0.70
2026-09-15T20:00,77,0.00,0,21.80,75,1.20
2026-09-15T20:10,96,0.00,0,21.50,77,0.90
2026-09-15T20:20,88,0.00,0,21.30,78,1.10
2026-09-15T20:30,66,0.00,0,21.20,79,1.10
2026-09-15T20:40,92,0.00,0,20.70,80,1.20
2026-09-15T20:50,74,0.00,0,20.60,80,1.00
2026-09-15T21:00,55,0.00,0,20.80,80,0.80
2026-09-15T21:10,66,0.00,0,20.70,81,1.10
2026-09-15T21:20,85,0.00,0,20.40,82,1.20
2026-09-15T21:30,61,0.00,0,20.70,80,1.50
2026-09-15T21:40,58,0.00,0,20.80,80,0.70
2026-09-15T21:50,53,0.00,0,20.70,80,1.30
2026-09-15T22:00,78,0.00,0,20.80,81,1.00
2026-09-15T22:10,93,0.00,0,20.30,84,1.10
2026-09-15T22:20,49,0.00,0,20.50,83,1.00
2026-09-15T22:30,88,0.00,0,20.70,83,1.00
2026-09-15T22:40,89,0.00,0,20.60,83,0.90
2026-09-15T22:50,72,0.00,0,20.60,83,0.90
2026-09-15T23:00,57,0.00,0,20.60,83,0.90
2026-09-15T23:10,94,0.00,0,20.70,83,0.80
2026-09-15T23:20,72,0.00,0,20.70,82,1.00
2026-09-15T23:30,64,0.00,0,20.80,82,1.20
2026-09-15T23:40,55,0.00,0,20.70,82,1.20
2026-09-15T23:50,95,0.00,0,20.50,85,0.60
2026-09-16T00:00,84,0.00,0,20.40,85,0.90
2026-09-16T00:10,71,0.00,0,20.60,84,0.90
2026-09-16T00:20,59,0.00,0,20.60,84,0.70
2026-09-16T00:30,91,0.00,0,20.60,84,0.80
2026-09-16T00:40,56,0.00,0,20.60,84,0.40
2026-09-16T00:50,74,0.00,0,20.70,84,1.00
2026-09-16T01:00,81,0.00,0,20.50,86,0.90
2026-09-16T01:10,79,0.00,0,20.40,86,0.80
2026-09-16T01:20,87,0.00,0,20.50,85,0.90
2026-09-16T01:30,86,0.00,0,20.40,86,0.70
2026-09-16T01:40,90,0.00,0,20.50,85,0.80
2026-09-16T01:50,101,0.00,0,20.50,85,1.00
2026-09-16T02:00,84,0.00,0,20.50,85,1.00
2026-09-16T02:10,70,0.00,0,20.50,85,0.40
2026-09-16T02:20,,0.00,0,20.50,85,0.00
2026-09-16T02:30,,0.00,0,20.40,86,0.00
2026-09-16T02:40,65,0.00,0,20.20,87,0.40
2026-09-16T02:50,65,0.00,0,20.30,86,0.70
2026-09-16T03:00,70,0.00,0,20.70,83,1.30
2026-09-16T03:10,93,0.00,0,20.60,84,0.90
2026-09-16T03:20,104,0.00,0,20.40,86,0.50
2026-09-16T03:30,,0.00,0,20.40,86,0.00
2026-09-16T03:40,,0.00,0,20.40,86,0.00
2026-09-16T03:50,,0.00,0,20.30,87,0.00
2026-09-16T04:00,58,0.00,0,20.20,87,0.30
2026-09-16T04:10,60,0.00,0,20.30,87,0.90
2026-09-16T04:20,60,0.00,0,20.50,85,0.90
2026-09-16T04:30,46,0.00,0,20.50,86,0.60
2026-09-16T04:40,35,0.00,0,20.60,85,1.10
2026-09-16T04:50,72,0.00,0,20.50,86,0.90
2026-09-16T05:00,104,0.00,0,20.20,88,0.50
2026-09-16T05:10,,0.00,0,20.00,88,0.00
2026-09-16T05:20,,0.00,0,20.00,88,0.00
2026-09-16T05:30,43,0.00,0,20.00,88,0.70
2026-09-16T05:40,,0.00,0,20.10,88,0.00
2026-09-16T05:50,,0.00,0,20.00,89,0.00
2026-09-16T06:00,42,0.00,0,20.10,88,0.60
2026-09-16T06:10,126,0.00,0,20.10,88,0.30
2026-09-16T06:20,,0.00,0,19.90,89,0.00
2026-09-16T06:30,,0.00,0,19.90,88,0.00
2026-09-16T06:40,,0.00,0,19.90,87,0.00
2026-09-16T06:50,,0.00,0,20.00,86,0.00
2026-09-16T07:00,,0.00,0,20.00,87,0.00
2026-09-16T07:10,,0.00,0,19.90,89,0.00
2026-09-16T07:20,,0.00,22,19.90,88,0.00
2026-09-16T07:30,71,0.00,24,19.90,88,0.40
2026-09-16T07:40,72,0.00,28,20.00,88,0.50
2026-09-16T07:50,93,0.00,37,19.90,90,0.60
2026-09-16T08:00,,0.00,46,19.70,91,0.00
2026-09-16T08:10,104,0.00,56,19.80,91,0.50
2026-09-16T08:20,78,0.00,68,19.90,91,0.80
2026-09-16T08:30,51,0.00,73,20.10,89,1.10
2026-09-16T08:40,57,0.00,95,20.30,88,1.00
2026-09-16T08:50,85,0.00,117,20.40,87,0.80
2026-09-16T09:00,65,0.00,187,20.50,87,0.90
2026-09-16T09:10,58,0.00,175,20.80,85,1.00
2026-09-16T09:20,97,0.00,160,21.00,83,1.00
2026-09-16T09:30,84,0.00,187,21.10,84,0.70
2026-09-16T09:40,37,0.00,258,21.40,80,0.70
2026-09-16T09:50,44,0.00,425,21.80,78,0.30
2026-09-16T10:00,124,0.00,409,22.40,76,0.50
2026-09-16T10:10,127,0.00,533,22.80,75,0.30
2026-09-16T10:20,172,0.00,306,23.10,74,0.90
2026-09-16T10:30,223,0.00,467,22.50,73,1.10
2026-09-16T10:40,,0.00,355,22.90,72,0.00
2026-09-16T10:50,182,0.00,327,23.30,70,0.30
2026-09-16T11:00,,0.00,379,23.50,68,0.00
2026-09-16T11:10,351,0.00,278,23.40,68,0.60
2026-09-16T11:20,235,0.00,249,23.30,68,0.60
2026-09-16T11:30,211,0.00,227,23.20,72,1.20
2026-09-16T11:40,222,0.00,261,22.90,74,1.30
2026-09-16T11:50,241,0.00,285,23.10,73,1.00
2026-09-16T12:00,235,0.00,268,23.10,72,1.70
2026-09-16T12:10,230,0.00,281,23.10,71,1.60
2026-09-16T12:20,258,0.00,301,23.10,71,1.20
2026-09-16T12:30,256,0.00,358,23.10,71,1.30
2026-09-16T12:40,242,0.00,371,23.30,69,0.90
2026-09-16T12:50,224,0.00,411,23.50,69,1.20
2026-09-16T13:00,221,0.00,655,23.80,68,1.10
2026-09-16T13:10,280,0.00,864,24.10,66,0.70
2026-09-16T13:20,324,0.00,785,24.40,65,0.60
2026-09-16T13:30,228,0.00,738,24.40,64,1.30
2026-09-16T13:40,234,0.00,552,24.50,64,1.50
2026-09-16T13:50,253,0.00,742,24.70,62,0.60
2026-09-16T14:00,228,0.00,725,24.70,64,1.90
2026-09-16T14:10,187,0.00,695,25.00,62,1.70
2026-09-16T14:20,85,0.00,465,24.80,61,0.70
2026-09-16T14:30,246,0.00,721,25.10,62,2.00
2026-09-16T14:40,259,0.00,672,25.10,62,1.40
2026-09-16T14:50,250,0.00,654,25.30,62,1.00
2026-09-16T15:00,215,0.00,639,25.50,60,1.90
2026-09-16T15:10,226,0.00,626,25.60,60,2.40
2026-09-16T15:20,165,0.00,628,25.50,60,1.70
2026-09-16T15:30,118,0.00,603,25.80,59,0.80
2026-09-16T15:40,,0.00,262,25.70,59,0.00
2026-09-16T15:50,165,0.00,166,25.50,60,1.10
2026-09-16T16:00,171,0.00,176,25.30,60,1.10
2026-09-16T16:10,182,0.00,112,25.30,62,1.00
2026-09-16T16:20,176,0.00,125,25.10,62,1.00
2026-09-16T16:30,210,0.00,110,25.30,60,2.10
2026-09-16T16:40,200,0.00,110,25.10,63,1.50
2026-09-16T16:50,164,0.00,126,24.70,65,1.10
2026-09-16T17:00,101,0.00,115,24.60,69,0.50
2026-09-16T17:10,83,0.00,92,23.90,76,1.00
2026-09-16T17:20,84,0.00,114,24.10,72,1.30
2026-09-16T17:30,78,0.00,141,23.60,80,1.50
2026-09-16T17:40,52,0.00,59,24.00,74,1.50
2026-09-16T17:50,47,0.00,49,24.10,73,1.50
2026-09-16T18:00,4,0.00,51,23.90,73,1.30
2026-09-16T18:10,6,0.00,43,23.50,75,1.40
2026-09-16T18:20,14,0.00,34,23.20,78,0.90
2026-09-16T18:30,16,0.00,27,22.90,79,0.70
2026-09-16T18:40,342,0.00,24,22.50,77,1.60
2026-09-16T18:50,26,0.00,23,22.30,77,2.10
2026-09-16T19:00,8,0.00,23,22.30,77,0.70
2026-09-16T19:10,4,0.00,22,22.20,77,1.50
2026-09-16T19:20,12,0.00,0,22.20,77,1.30
2026-09-16T19:30,27,0.00,0,22.50,75,1.10
2026-09-16T19:40,18,0.00,0,22.20,77,1.30
2026-09-16T19:50,28,0.00,0,22.00,79,0.80
2026-09-16T20:00,49,0.00,0,22.10,78,0.50
2026-09-16T20:10,65,0.00,0,21.70,82,0.40
2026-09-16T20:20,16,0.00,0,21.50,83,1.20
2026-09-16T20:30,128,0.00,0,21.30,84,0.60
2026-09-16T20:40,76,0.00,0,20.90,88,0.60
2026-09-16T20:50,8,0.00,0,21.00,87,1.20
2026-09-16T21:00,122,0.00,0,20.70,90,0.50
2026-09-16T21:10,,0.00,0,20.30,93,0.00
2026-09-16T21:20,,0.00,0,20.30,93,0.00
2026-09-16T21:30,88,0.20,0,20.20,93,0.70
2026-09-16T21:40,57,0.00,0,20.20,94,1.50
2026-09-16T21:50,106,0.00,0,20.00,95,0.50
2026-09-16T22:00,89,0.00,0,19.80,95,0.50
2026-09-16T22:10,60,0.00,0,19.80,95,0.40
2026-09-16T22:20,112,0.00,0,19.70,95,0.70
2026-09-16T22:30,28,0.00,0,19.80,96,1.00
2026-09-16T22:40,101,0.00,0,19.80,96,0.60
2026-09-16T22:50,55,0.00,0,19.70,97,0.90
2026-09-16T23:00,81,0.00,0,19.70,96,1.20
2026-09-16T23:10,25,0.20,0,19.80,95,1.60
2026-09-16T23:20,51,0.00,0,20.00,90,1.60
2026-09-16T23:30,68,0.00,0,19.80,89,1.60
2026-09-16T23:40,83,0.00,0,19.50,92,1.70
2026-09-16T23:50,43,0.20,0,19.40,93,1.90
2026-09-17T00:00,39,0.00,0,19.50,90,3.00
2026-09-17T00:10,49,0.00,0,19.40,90,2.50
2026-09-17T00:20,50,0.00,0,19.20,89,3.20
2026-09-17T00:30,53,0.00,0,19.20,89,4.20
2026-09-17T00:40,43,0.00,0,19.20,87,4.90
2026-09-17T00:50,38,0.00,0,19.10,88,4.30
2026-09-17T01:00,33,0.00,0,19.10,88,4.40
2026-09-17T01:10,47,0.00,0,19.10,88,3.50
2026-09-17T01:20,44,0.00,0,19.00,88,2.70
2026-09-17T01:30,46,0.00,0,19.00,87,2.70
2026-09-17T01:40,43,0.00,0,19.00,87,3.20
2026-09-17T01:50,31,0.00,0,19.00,87,3.70
2026-09-17T02:00,41,0.00,0,18.90,87,3.00
2026-09-17T02:10,39,0.00,0,18.90,87,3.80
2026-09-17T02:20,42,0.00,0,18.90,87,3.40
2026-09-17T02:30,36,0.00,0,18.90,86,3.80
2026-09-17T02:40,35,0.00,0,18.90,84,3.30
2026-09-17T02:50,40,0.00,0,19.00,83,3.10
2026-09-17T03:00,32,0.00,0,19.00,82,3.80
2026-09-17T03:10,35,0.00,0,18.80,84,3.70
2026-09-17T03:20,43,0.00,0,18.80,85,3.70
2026-09-17T03:30,39,0.00,0,18.80,84,3.80
2026-09-17T03:40,38,0.00,0,18.90,83,2.70
2026-09-17T03:50,39,0.00,0,19.00,82,2.00
2026-09-17T04:00,43,0.00,0,18.90,81,2.10
2026-09-17T04:10,35,0.00,0,18.90,82,2.90
2026-09-17T04:20,36,0.00,0,18.70,82,2.60
2026-09-17T04:30,42,0.00,0,18.70,82,1.90
2026-09-17T04:40,48,0.00,0,18.70,82,2.10
2026-09-17T04:50,67,0.00,0,18.30,84,1.90
2026-09-17T05:00,84,0.00,0,18.20,86,1.00
2026-09-17T05:10,106,0.00,0,17.90,88,1.20
2026-09-17T05:20,64,0.00,0,18.10,86,1.00
2026-09-17T05:30,34,0.00,0,18.00,88,1.00
2026-09-17T05:40,9,0.00,0,18.00,88,1.30
2026-09-17T05:50,34,0.00,0,18.10,88,1.50
2026-09-17T06:00,109,0.00,0,18.00,89,0.40
2026-09-17T06:10,232,0.00,0,17.70,91,0.30
2026-09-17T06:20,96,0.00,0,17.60,91,0.90
2026-09-17T06:30,62,0.00,0,17.40,93,0.30
2026-09-17T06:40,19,0.00,0,17.30,93,0.70
2026-09-17T06:50,80,0.00,0,16.90,94,0.80
2026-09-17T07:00,53,0.00,0,16.90,95,1.30
2026-09-17T07:10,44,0.00,0,16.90,94,1.70
2026-09-17T07:20,58,0.00,23,17.00,93,0.90
2026-09-17T07:30,106,0.00,26,17.00,93,0.80
2026-09-17T07:40,83,0.00,30,17.00,92,1.00
2026-09-17T07:50,71,0.00,32,17.10,90,1.40
2026-09-17T08:00,109,0.00,36,16.80,92,0.70
2026-09-17T08:10,126,0.00,42,16.90,88,0.80
2026-09-17T08:20,52,0.00,46,17.20,85,0.60
2026-09-17T08:30,53,0.00,89,17.30,85,1.40
2026-09-17T08:40,46,0.00,261,17.80,83,1.40
2026-09-17T08:50,10,0.00,326,18.20,82,0.80
2026-09-17T09:00,124,0.00,367,18.40,87,0.90
2026-09-17T09:10,205,0.00,350,18.70,82,0.90
2026-09-17T09:20,61,0.00,156,19.30,76,0.40
2026-09-17T09:30,75,0.00,266,19.20,77,0.80
2026-09-17T09:40,96,0.00,410,19.50,78,1.30
2026-09-17T09:50,82,0.00,427,19.60,77,1.30
2026-09-17T10:00,127,0.00,454,20.20,74,1.10
2026-09-17T10:10,149,0.00,483,20.50,72,1.20
2026-09-17T10:20,133,0.00,513,20.80,72,1.20
2026-09-17T10:30,170,0.00,536,21.00,69,1.20
2026-09-17T10:40,155,0.00,557,21.10,67,1.40
2026-09-17T10:50,130,0.00,575,21.50,62,1.20
2026-09-17T11:00,115,0.00,596,21.80,62,1.00
2026-09-17T11:10,129,0.00,617,21.80,66,0.80
2026-09-17T11:20,92,0.00,640,21.90,69,1.80
2026-09-17T11:30,96,0.00,649,21.70,67,1.80
2026-09-17T11:40,91,0.00,680,21.90,66,1.90
2026-09-17T11:50,95,0.00,694,22.00,65,1.80
2026-09-17T12:00,81,0.00,710,22.20,63,2.00
2026-09-17T12:10,89,0.00,724,22.40,61,2.30
2026-09-17T12:20,79,0.00,734,22.40,61,2.60
2026-09-17T12:30,66,0.00,740,22.60,60,2.70
2026-09-17T12:40,75,0.00,757,22.90,52,3.10
2026-09-17T12:50,90,0.00,763,23.00,56,3.00
2026-09-17T13:00,86,0.00,778,22.80,57,2.80
2026-09-17T13:10,95,0.00,796,22.90,57,2.20
2026-09-17T13:20,113,0.00,529,23.30,58,1.70
2026-09-17T13:30,116,0.00,575,23.40,56,1.50
2026-09-17T13:40,153,0.00,687,23.50,56,1.40
2026-09-17T13:50,187,0.00,437,23.80,56,1.20
2026-09-17T14:00,162,0.00,699,23.70,54,1.40
2026-09-17T14:10,148,0.00,688,23.80,52,1.50
2026-09-17T14:20,184,0.00,681,24.00,52,1.10
2026-09-17T14:30,228,0.00,626,24.50,51,0.90
2026-09-17T14:40,213,0.00,626,24.10,52,1.90
2026-09-17T14:50,199,0.00,712,24.10,51,1.90
2026-09-17T15:00,231,0.00,687,24.20,54,2.60
2026-09-17T15:10,231,0.00,673,24.10,57,2.90
2026-09-17T15:20,233,0.00,652,24.10,59,3.20
2026-09-17T15:30,221,0.00,660,24.20,61,3.00
2026-09-17T15:40,228,0.00,603,24.20,62,4.10
2026-09-17T15:50,232,0.00,624,24.10,61,4.00
2026-09-17T16:00,235,0.00,604,24.20,62,4.30
2026-09-17T16:10,233,0.00,584,24.00,62,4.40
2026-09-17T16:20,234,0.00,521,24.00,61,3.90
2026-09-17T16:30,239,0.00,511,24.10,60,3.30
2026-09-17T16:40,226,0.00,443,24.20,59,2.90
2026-09-17T16:50,217,0.00,364,24.30,60,2.80
2026-09-17T17:00,222,0.00,239,24.00,61,3.20
2026-09-17T17:10,216,0.00,255,23.80,61,3.10
2026-09-17T17:20,232,0.00,215,23.70,63,3.40
2026-09-17T17:30,223,0.00,165,23.40,64,3.60
2026-09-17T17:40,225,0.00,163,23.10,65,3.60
2026-09-17T17:50,217,0.00,176,23.10,66,2.70
2026-09-17T18:00,206,0.00,158,23.00,66,2.50
2026-09-17T18:10,206,0.00,129,22.90,67,2.00
2026-09-17T18:20,211,0.00,96,22.70,68,2.20
2026-09-17T18:30,138,0.00,57,22.60,69,0.30
2026-09-17T18:40,85,0.00,48,22.50,68,0.60
2026-09-17T18:50,230,0.00,39,22.50,67,2.40
2026-09-17T19:00,200,0.00,37,22.50,67,1.30
2026-09-17T19:10,229,0.00,32,22.40,68,2.70
2026-09-17T19:20,230,0.00,25,22.30,68,2.40
2026-09-17T19:30,203,0.00,0,22.10,69,1.70
2026-09-17T19:40,160,0.00,0,21.80,72,1.30
2026-09-17T19:50,224,0.00,0,21.90,71,3.20
2026-09-17T20:00,240,0.00,0,21.80,70,3.10
2026-09-17T20:10,240,0.00,0,21.70,70,2.50
2026-09-17T20:20,228,0.00,0,21.60,71,2.60
2026-09-17T20:30,183,0.00,0,21.50,72,1.20
2026-09-17T20:40,78,0.00,0,21.00,75,1.10
2026-09-17T20:50,77,0.00,0,20.90,76,0.80
2026-09-17T21:00,103,0.00,0,20.80,76,0.70
2026-09-17T21:10,20,0.00,0,20.70,77,0.50
2026-09-17T21:20,17,0.00,0,20.60,78,1.00
2026-09-17T21:30,75,0.00,0,20.60,78,0.70
2026-09-17T21:40,68,0.00,0,20.30,80,1.00
2026-09-17T21:50,35,0.00,0,20.40,79,1.00
2026-09-17T22:00,11,0.00,0,20.20,79,0.60
2026-09-17T22:10,83,0.00,0,20.40,78,0.80
2026-09-17T22:20,76,0.00,0,20.30,79,1.30
2026-09-17T22:30,92,0.00,0,20.20,78,1.10
2026-09-17T22:40,61,0.00,0,20.30,78,1.60
2026-09-17T22:50,62,0.00,0,20.10,80,1.00
2026-09-17T23:00,87,0.00,0,19.90,81,0.60
2026-09-17T23:10,2,0.00,0,19.70,82,0.70
2026-09-17T23:20,29,0.00,0,19.80,81,1.20
2026-09-17T23:30,93,0.00,0,19.50,84,0.30
2026-09-17T23:40,81,0.00,0,19.50,83,0.50
2026-09-17T23:50,96,0.00,0,19.50,84,0.90
2026-09-18T00:00,99,0.00,0,19.50,84,0.90
2026-09-18T00:10,82,0.00,0,19.30,86,0.80
2026-09-18T00:20,77,0.00,0,19.20,87,0.90
2026-09-18T00:30,79,0.00,0,19.60,82,1.10
2026-09-18T00:40,52,0.00,0,19.60,83,1.00
2026-09-18T00:50,81,0.00,0,19.40,84,1.10
2026-09-18T01:00,96,0.00,0,19.30,86,1.10
2026-09-18T01:10,92,0.00,0,19.40,84,1.20
2026-09-18T01:20,108,0.00,0,19.40,83,1.60
2026-09-18T01:30,71,0.00,0,19.60,81,0.80
2026-09-18T01:40,123,0.00,0,19.50,82,0.90
2026-09-18T01:50,72,0.00,0,19.30,84,0.80
2026-09-18T02:00,86,0.00,0,19.20,85,0.70
2026-09-18T02:10,69,0.00,0,19.10,86,1.00
2026-09-18T02:20,55,0.00,0,19.10,85,1.10
2026-09-18T02:30,110,0.00,0,18.90,87,0.90
2026-09-18T02:40,16,0.00,0,18.70,88,0.50
2026-09-18T02:50,309,0.00,0,18.90,86,0.50
2026-09-18T03:00,191,0.00,0,18.80,87,0.40
2026-09-18T03:10,84,0.00,0,18.40,89,1.00
2026-09-18T03:20,101,0.00,0,18.30,90,0.50
2026-09-18T03:30,88,0.00,0,18.30,90,0.90
2026-09-18T03:40,55,0.00,0,18.40,91,1.00
2026-09-18T03:50,68,0.00,0,18.40,90,0.90
2026-09-18T04:00,97,0.00,0,18.20,91,1.20
2026-09-18T04:10,61,0.00,0,18.20,90,1.10
2026-09-18T04:20,55,0.00,0,18.20,90,1.90
2026-09-18T04:30,54,0.00,0,18.20,89,1.50
2026-09-18T04:40,53,0.00,0,18.40,88,1.60
2026-09-18T04:50,76,0.00,0,18.30,88,0.70
2026-09-18T05:00,,0.00,0,18.30,89,0.00
2026-09-18T05:10,,0.00,0,18.40,87,0.00
2026-09-18T05:20,348,0.00,0,18.60,86,0.40
2026-09-18T05:30,348,0.00,0,18.70,86,0.30
2026-09-18T05:40,88,0.00,0,18.30,89,1.00
2026-09-18T05:50,65,0.00,0,18.20,89,1.60
2026-09-18T06:00,63,0.00,0,18.10,91,1.20
2026-09-18T06:10,53,0.00,0,18.20,90,1.40
2026-09-18T06:20,57,0.00,0,18.20,89,1.60
2026-09-18T06:30,50,0.00,0,18.20,88,0.70
2026-09-18T06:40,15,0.00,0,18.20,88,0.50
2026-09-18T06:50,25,0.00,0,18.20,87,0.70
2026-09-18T07:00,70,0.00,0,18.20,88,0.50
2026-09-18T07:10,73,0.00,0,18.10,89,1.10
2026-09-18T07:20,62,0.00,22,18.20,89,1.50
2026-09-18T07:30,48,0.00,24,18.30,88,1.00
2026-09-18T07:40,,0.00,29,18.30,88,0.00
2026-09-18T07:50,165,0.00,29,18.10,90,0.80
2026-09-18T08:00,,0.00,36,18.00,91,0.00
2026-09-18T08:10,85,0.00,47,18.10,91,0.50
2026-09-18T08:20,98,0.00,48,17.90,93,0.70
2026-09-18T08:30,102,0.00,31,17.90,93,0.50
2026-09-18T08:40,62,0.20,36,17.90,92,0.70
2026-09-18T08:50,61,0.00,51,18.00,92,1.30
2026-09-18T09:00,130,0.00,32,18.00,93,0.60
2026-09-18T09:10,137,0.20,37,17.80,95,0.70
2026-09-18T09:20,47,0.20,41,17.70,96,1.00
2026-09-18T09:30,30,0.80,44,17.60,96,0.50
2026-09-18T09:40,51,1.00,49,17.60,95,0.80
2026-09-18T09:50,53,0.60,55,17.60,95,0.70
2026-09-18T10:00,341,1.00,58,17.60,95,0.60
2026-09-18T10:10,252,0.60,54,17.50,95,1.00
2026-09-18T10:20,243,2.40,61,17.30,95,1.60
2026-09-18T10:30,253,2.20,66,17.10,96,1.20
2026-09-18T10:40,254,1.80,65,17.00,97,0.70
2026-09-18T10:50,,1.00,65,17.00,97,0.00
2026-09-18T11:00,177,0.60,72,17.10,96,0.40
2026-09-18T11:10,323,0.00,100,17.10,97,0.30
2026-09-18T11:20,159,0.00,127,17.20,96,0.40
2026-09-18T11:30,125,0.20,132,17.40,96,0.50
2026-09-18T11:40,63,0.00,251,17.50,96,0.70
2026-09-18T11:50,98,0.00,100,17.80,95,0.30
2026-09-18T12:00,172,0.00,138,17.90,95,0.60
2026-09-18T12:10,207,0.00,190,17.90,94,0.50
2026-09-18T12:20,162,0.00,208,18.10,93,0.30
2026-09-18T12:30,195,0.00,125,18.20,91,0.90
2026-09-18T12:40,252,0.00,114,18.30,91,0.70
2026-09-18T12:50,235,0.00,166,18.20,91,1.40
2026-09-18T13:00,230,0.00,151,18.30,91,1.90
2026-09-18T13:10,236,0.00,129,18.50,91,1.70
2026-09-18T13:20,244,0.00,178,18.60,90,1.10
2026-09-18T13:30,280,0.00,231,18.70,90,1.20
2026-09-18T13:40,233,0.00,280,18.70,90,1.50
2026-09-18T13:50,244,0.00,449,18.80,90,1.50
2026-09-18T14:00,259,0.00,462,19.00,89,1.60
2026-09-18T14:10,238,0.00,491,19.10,87,1.70
2026-09-18T14:20,239,0.00,738,19.50,84,2.10
2026-09-18T14:30,244,0.00,395,19.50,82,2.50
2026-09-18T14:40,234,0.00,354,19.50,83,2.20
2026-09-18T14:50,241,0.00,298,19.40,82,1.90
2026-09-18T15:00,229,0.00,268,19.70,81,1.70
2026-09-18T15:10,221,0.00,278,19.80,78,1.90
2026-09-18T15:20,222,0.00,301,19.90,78,0.70
2026-09-18T15:30,251,0.00,323,20.00,78,1.70
2026-09-18T15:40,254,0.00,268,20.10,76,0.80
2026-09-18T15:50,306,0.00,284,20.20,74,1.00
2026-09-18T16:00,244,0.00,272,20.40,74,0.70
2026-09-18T16:10,244,0.00,270,20.40,74,1.00
2026-09-18T16:20,254,0.00,354,20.50,73,0.40
2026-09-18T16:30,229,0.00,479,20.80,73,0.70
2026-09-18T16:40,232,0.00,325,21.30,71,0.50
2026-09-18T16:50,58,0.00,506,21.20,70,0.30
2026-09-18T17:00,163,0.00,422,22.00,69,0.50
2026-09-18T17:10,72,0.00,394,21.30,71,1.00
2026-09-18T17:20,141,0.00,372,21.30,70,0.70
2026-09-18T17:30,121,0.00,365,21.50,69,1.00
2026-09-18T17:40,95,0.00,301,21.40,71,1.20
2026-09-18T17:50,71,0.00,248,21.30,74,1.60
2026-09-18T18:00,89,0.00,234,21.20,75,1.10
2026-09-18T18:10,99,0.00,208,21.10,74,1.70
2026-09-18T18:20,78,0.00,173,21.10,73,0.80
2026-09-18T18:30,49,0.00,68,20.80,74,1.30
2026-09-18T18:40,57,0.00,56,20.60,75,1.70
2026-09-18T18:50,49,0.00,44,20.10,78,1.40
2026-09-18T19:00,33,0.00,38,20.00,78,2.40
2026-09-18T19:10,31,0.00,31,19.70,79,2.30
2026-09-18T19:20,66,0.00,25,19.40,81,0.80
2026-09-18T19:30,119,0.00,0,18.70,86,0.90
2026-09-18T19:40,103,0.00,0,18.10,88,1.10
2026-09-18T19:50,87,0.00,0,17.70,89,1.80
2026-09-18T20:00,42,0.00,0,18.00,88,1.70
2026-09-18T20:10,103,0.00,0,17.60,89,0.40
2026-09-18T20:20,119,0.00,0,16.90,91,0.80
2026-09-18T20:30,76,0.00,0,17.00,89,1.10
2026-09-18T20:40,105,0.00,0,16.90,88,1.20
2026-09-18T20:50,91,0.00,0,16.50,92,1.00
2026-09-18T21:00,80,0.00,0,16.50,94,1.00
2026-09-18T21:10,105,0.00,0,16.30,94,0.60
2026-09-18T21:20,94,0.00,0,16.30,93,0.90
2026-09-18T21:30,80,0.00,0,16.40,94,1.30
2026-09-18T21:40,81,0.00,0,16.30,95,1.60
2026-09-18T21:50,82,0.00,0,16.20,95,1.40
2026-09-18T22:00,73,0.00,0,16.30,95,1.20
2026-09-18T22:10,86,0.00,0,16.20,94,0.90
2026-09-18T22:20,90,0.00,0,16.00,95,0.50
2026-09-18T22:30,92,0.00,0,16.00,95,0.80
2026-09-18T22:40,116,0.00,0,15.90,95,0.50
2026-09-18T22:50,66,0.00,0,16.00,94,0.60
2026-09-18T23:00,49,0.00,0,16.20,94,1.20
2026-09-18T23:10,98,0.00,0,16.10,95,0.80
2026-09-18T23:20,107,0.00,0,15.80,96,0.80
2026-09-18T23:30,70,0.00,0,15.80,97,0.80
2026-09-18T23:40,99,0.00,0,15.90,97,0.70
2026-09-18T23:50,101,0.00,0,15.80,96,1.10
2026-09-19T00:00,86,0.00,0,15.90,96,1.50
2026-09-19T00:10,77,0.00,0,15.90,96,1.70
2026-09-19T00:20,82,0.00,0,15.90,95,1.60
2026-09-19T00:30,86,0.00,0,15.80,95,1.40
2026-09-19T00:40,92,0.00,0,15.70,96,1.30
2026-09-19T00:50,96,0.00,0,15.70,96,1.60
2026-09-19T01:00,84,0.00,0,15.70,96,1.60
2026-09-19T01:10,82,0.00,0,16.00,94,1.80
2026-09-19T01:20,73,0.00,0,15.90,94,2.00
2026-09-19T01:30,58,0.00,0,15.70,95,1.10
2026-09-19T01:40,122,0.00,0,15.80,95,0.50
2026-09-19T01:50,61,0.00,0,15.70,95,0.70
2026-09-19T02:00,70,0.00,0,15.60,95,0.60
2026-09-19T02:10,74,0.00,0,15.70,94,0.80
2026-09-19T02:20,69,0.00,0,15.50,96,0.80
2026-09-19T02:30,90,0.00,0,15.30,97,1.30
2026-09-19T02:40,77,0.00,0,15.20,97,1.10
2026-09-19T02:50,77,0.00,0,15.30,96,1.10
2026-09-19T03:00,92,0.00,0,15.20,96,0.80
2026-09-19T03:10,51,0.00,0,15.00,97,1.00
2026-09-19T03:20,82,0.00,0,15.20,95,1.20
2026-09-19T03:30,107,0.00,0,15.10,96,0.70
2026-09-19T03:40,127,0.00,0,14.90,97,0.50
2026-09-19T03:50,74,0.00,0,14.80,97,1.30
2026-09-19T04:00,35,0.00,0,15.70,92,2.40
2026-09-19T04:10,36,0.00,0,16.20,89,1.90
2026-09-19T04:20,62,0.00,0,16.00,89,1.50
2026-09-19T04:30,50,0.00,0,16.00,88,1.60
2026-09-19T04:40,45,0.00,0,15.80,90,2.00
2026-09-19T04:50,56,0.00,0,15.60,90,1.70
2026-09-19T05:00,39,0.00,0,15.70,90,1.70
2026-09-19T05:10,53,0.00,0,15.80,90,1.00
2026-09-19T05:20,112,0.00,0,15.20,93,0.70
2026-09-19T05:30,87,0.00,0,14.90,94,0.80
2026-09-19T05:40,82,0.00,0,14.60,95,0.90
2026-09-19T05:50,45,0.00,0,14.80,96,1.70
2026-09-19T06:00,33,0.00,0,15.20,91,1.10
2026-09-19T06:10,,0.00,0,14.90,93,0.00
2026-09-19T06:20,55,0.00,0,14.50,96,0.40
2026-09-19T06:30,35,0.00,0,14.60,94,0.90
2026-09-19T06:40,106,0.00,0,14.60,94,0.90
2026-09-19T06:50,86,0.00,0,14.30,96,0.90
2026-09-19T07:00,46,0.20,0,14.30,97,0.70
2026-09-19T07:10,,0.00,22,14.40,94,0.00
2026-09-19T07:20,83,0.00,28,14.20,96,0.60
2026-09-19T07:30,71,0.00,38,14.20,98,1.40
2026-09-19T07:40,63,0.00,72,14.30,96,1.60
2026-09-19T07:50,51,0.00,115,14.70,93,1.50
2026-09-19T08:00,56,0.00,148,15.50,90,1.70
2026-09-19T08:10,82,0.00,165,15.80,89,1.00
2026-09-19T08:20,61,0.00,192,16.10,88,1.00
2026-09-19T08:30,78,0.00,209,16.60,85,1.20
2026-09-19T08:40,64,0.00,233,16.80,84,2.00
2026-09-19T08:50,,0.00,269,16.90,82,
2026-09-19T09:00,58,0.00,299,17.10,81,2.40
2026-09-19T09:10,62,0.00,303,17.50,79,2.00
2026-09-19T09:20,76,0.00,341,17.60,78,1.80
2026-09-19T09:30,87,0.00,361,18.00,77,1.90
2026-09-19T09:40,84,0.00,402,18.00,79,2.10
2026-09-19T09:50,82,0.00,433,18.10,79,2.30
2026-09-19T10:00,79,0.00,463,18.30,77,2.50
2026-09-19T10:10,66,0.00,492,18.60,74,2.30
2026-09-19T10:20,87,0.00,532,18.80,72,2.60
2026-09-19T10:30,74,0.00,578,18.70,73,3.00
2026-09-19T10:40,60,0.00,591,18.70,73,3.60
2026-09-19T10:50,72,0.00,546,19.10,71,3.30
2026-09-19T11:00,61,0.00,610,19.10,69,3.50
2026-09-19T11:10,74,0.00,472,19.50,69,2.80
2026-09-19T11:20,67,0.00,319,19.30,69,2.60
2026-09-19T11:30,61,0.00,498,19.40,69,2.20
2026-09-19T11:40,68,0.00,597,19.70,68,2.10
2026-09-19T11:50,73,0.00,711,20.10,68,1.60
2026-09-19T12:00,83,0.00,719,20.70,66,1.30
2026-09-19T12:10,81,0.00,704,21.00,65,1.10
2026-09-19T12:20,81,0.00,722,21.20,65,1.50
2026-09-19T12:30,69,0.00,727,21.50,63,1.10
2026-09-19T12:40,95,0.00,733,21.90,61,1.40
2026-09-19T12:50,87,0.00,727,21.90,61,1.20
2026-09-19T13:00,60,0.00,737,22.10,61,1.40
2026-09-19T13:10,171,0.00,735,22.60,61,0.90
2026-09-19T13:20,,0.00,737,22.80,59,0.00
2026-09-19T13:30,191,0.00,734,23.00,58,0.90
2026-09-19T13:40,195,0.00,733,23.00,58,1.60
2026-09-19T13:50,199,0.00,731,23.00,57,1.70
2026-09-19T14:00,216,0.00,725,23.00,58,2.00
2026-09-19T14:10,231,0.00,720,22.90,59,1.90
2026-09-19T14:20,204,0.00,710,23.20,58,1.90
2026-09-19T14:30,223,0.00,699,23.20,58,2.60
2026-09-19T14:40,253,0.00,690,23.30,60,1.90
2026-09-19T14:50,280,0.00,676,23.40,60,2.10
2026-09-19T15:00,248,0.00,662,23.80,60,1.70
2026-09-19T15:10,232,0.00,643,24.00,58,2.00
2026-09-19T15:20,194,0.00,624,24.10,58,1.90
2026-09-19T15:30,208,0.00,610,24.30,58,2.30
2026-09-19T15:40,194,0.00,588,24.40,57,2.80
2026-09-19T15:50,214,0.00,568,24.50,58,2.90
2026-09-19T16:00,215,0.00,546,24.70,58,2.20
2026-09-19T16:10,229,0.00,466,24.80,57,2.10
2026-09-19T16:20,206,0.00,498,24.90,54,2.70
2026-09-19T16:30,210,0.00,472,24.90,55,2.50
2026-09-19T16:40,213,0.00,443,24.90,55,2.40
2026-09-19T16:50,209,0.00,418,25.00,55,2.10
2026-09-19T17:00,222,0.00,362,25.10,53,2.70
2026-09-19T17:10,203,0.00,357,25.10,53,2.20
2026-09-19T17:20,205,0.00,331,25.10,54,2.30
2026-09-19T17:30,201,0.00,298,25.20,54,1.10
2026-09-19T17:40,224,0.00,270,25.10,54,2.30
2026-09-19T17:50,214,0.00,240,25.00,55,1.70
2026-09-19T18:00,346,0.00,214,24.50,59,0.50
2026-09-19T18:10,341,0.00,185,23.50,63,1.50
2026-09-19T18:20,354,0.00,150,23.20,65,1.10
2026-09-19T18:30,357,0.00,68,22.70,67,1.40
2026-09-19T18:40,8,0.00,52,22.10,69,1.80
2026-09-19T18:50,353,0.00,41,22.30,68,1.40
2026-09-19T19:00,13,0.00,32,21.70,71,1.50
2026-09-19T19:10,32,0.00,29,21.60,74,0.70
2026-09-19T19:20,57,0.00,23,21.10,77,0.50
2026-09-19T19:30,122,0.00,0,20.80,79,0.50
2026-09-19T19:40,102,0.00,0,20.40,78,0.90
2026-09-19T19:50,98,0.00,0,20.00,83,0.80
2026-09-19T20:00,99,0.00,0,19.50,85,1.20
2026-09-19T20:10,59,0.00,0,19.70,82,0.90
2026-09-19T20:20,106,0.00,0,19.40,85,1.10
2026-09-19T20:30,103,0.00,0,19.30,84,1.00
2026-09-19T20:40,110,0.00,0,19.40,83,1.10
2026-09-19T20:50,103,0.00,0,19.10,86,1.20
2026-09-19T21:00,119,0.00,0,18.60,88,0.90
2026-09-19T21:10,80,0.00,0,19.00,84,0.60
2026-09-19T21:20,113,0.00,0,18.60,87,0.80
2026-09-19T21:30,118,0.00,0,18.30,87,0.40
2026-09-19T21:40,113,0.00,0,18.50,85,1.00
2026-09-19T21:50,90,0.00,0,18.30,87,0.80
2026-09-19T22:00,56,0.00,0,18.50,85,1.20
2026-09-19T22:10,113,0.00,0,18.10,88,1.20
2026-09-19T22:20,118,0.00,0,17.70,90,1.00
2026-09-19T22:30,89,0.00,0,17.80,89,1.30
2026-09-19T22:40,63,0.00,0,18.00,87,1.60
2026-09-19T22:50,102,0.00,0,17.40,91,1.70
2026-09-19T23:00,74,0.00,0,18.10,86,1.60
2026-09-19T23:10,85,0.00,0,17.80,88,1.80
2026-09-19T23:20,61,0.00,0,17.50,90,1.20
2026-09-19T23:30,62,0.00,0,17.40,90,1.20
2026-09-19T23:40,86,0.00,0,16.90,92,0.90
2026-09-19T23:50,72,0.00,0,16.90,92,1.30
2026-09-20T00:00,80,0.00,0,17.00,91,1.50
2026-09-20T00:10,84,0.00,0,17.00,91,1.40
2026-09-20T00:20,61,0.00,0,17.00,90,1.30
2026-09-20T00:30,100,0.00,0,16.90,91,1.00
2026-09-20T00:40,74,0.00,0,16.70,92,1.50
2026-09-20T00:50,79,0.00,0,16.90,90,1.40
2026-09-20T01:00,93,0.00,0,16.60,93,1.30
2026-09-20T01:10,92,0.00,0,16.70,91,1.00
2026-09-20T01:20,80,0.00,0,16.80,90,1.20
2026-09-20T01:30,88,0.00,0,16.70,92,1.60
2026-09-20T01:40,67,0.00,0,16.70,91,1.90
2026-09-20T01:50,77,0.00,0,16.60,91,1.50
2026-09-20T02:00,79,0.00,0,16.40,92,1.10
2026-09-20T02:10,70,0.00,0,16.20,94,1.90
2026-09-20T02:20,78,0.00,0,16.30,93,1.70
2026-09-20T02:30,48,0.00,0,16.50,92,0.80
2026-09-20T02:40,96,0.00,0,16.50,92,0.90
2026-09-20T02:50,70,0.00,0,16.40,93,1.20
2026-09-20T03:00,69,0.00,0,16.30,93,1.20
2026-09-20T03:10,61,0.00,0,16.10,94,1.40
2026-09-20T03:20,51,0.00,0,16.00,94,1.00
2026-09-20T03:30,85,0.00,0,15.90,95,0.50
2026-09-20T03:40,84,0.00,0,15.80,96,0.80
2026-09-20T03:50,89,0.00,0,15.80,95,0.60
2026-09-20T04:00,93,0.00,0,15.70,96,1.10
2026-09-20T04:10,77,0.00,0,15.90,96,1.10
2026-09-20T04:20,96,0.00,0,16.00,95,1.30
2026-09-20T04:30,87,0.00,0,16.00,95,1.20
2026-09-20T04:40,90,0.00,0,15.90,95,1.80
2026-09-20T04:50,75,0.00,0,16.10,94,1.50
2026-09-20T05:00,72,0.00,0,16.00,93,1.60
2026-09-20T05:10,98,0.00,0,15.60,95,1.00
2026-09-20T05:20,104,0.00,0,15.50,96,1.20
2026-09-20T05:30,90,0.00,0,15.50,96,1.50
2026-09-20T05:40,77,0.00,0,15.70,94,1.60
2026-09-20T05:50,67,0.00,0,15.60,95,2.00
2026-09-20T06:00,77,0.00,0,15.60,95,1.20
2026-09-20T06:10,111,0.00,0,15.40,95,0.70
2026-09-20T06:20,99,0.00,0,15.10,96,0.90
2026-09-20T06:30,86,0.00,0,15.30,97,1.10
2026-09-20T06:40,86,0.00,0,15.30,96,1.60
2026-09-20T06:50,69,0.00,0,15.50,93,1.80
2026-09-20T07:00,83,0.00,0,15.30,94,1.10
2026-09-20T07:10,102,0.00,24,15.20,95,0.90
2026-09-20T07:20,114,0.00,32,15.00,96,0.90
2026-09-20T07:30,94,0.00,44,15.00,97,1.00
2026-09-20T07:40,52,0.00,77,15.40,96,1.10
2026-09-20T07:50,87,0.00,80,15.90,93,0.50
2026-09-20T08:00,45,0.00,110,16.00,91,1.30
2026-09-20T08:10,51,0.00,150,16.70,87,2.00
2026-09-20T08:20,53,0.00,114,17.30,86,2.30
2026-09-20T08:30,52,0.00,184,17.40,86,2.00
2026-09-20T08:40,58,0.00,124,17.70,84,1.50
2026-09-20T08:50,65,0.00,185,17.80,84,1.50
2026-09-20T09:00,53,0.00,243,18.00,82,2.00
2026-09-20T09:10,55,0.00,270,18.20,81,2.70
2026-09-20T09:20,67,0.00,349,18.40,80,2.40
2026-09-20T09:30,73,0.00,339,18.80,78,2.20
2026-09-20T09:40,61,0.00,371,18.90,79,2.40
2026-09-20T09:50,61,0.00,399,19.10,78,2.20
2026-09-20T10:00,67,0.00,386,19.30,77,2.20
2026-09-20T10:10,75,0.00,458,19.60,76,2.40
2026-09-20T10:20,72,0.00,471,19.70,75,2.50
2026-09-20T10:30,67,0.00,531,19.90,74,2.50
2026-09-20T10:40,64,0.00,532,20.30,72,2.20
2026-09-20T10:50,78,0.00,545,20.60,70,2.20
2026-09-20T11:00,85,0.00,568,20.70,69,2.30
2026-09-20T11:10,72,0.00,588,21.10,68,1.90
2026-09-20T11:20,75,0.00,620,21.20,68,2.00
2026-09-20T11:30,93,0.00,637,21.60,65,1.30
2026-09-20T11:40,53,0.00,646,21.90,64,0.70
2026-09-20T11:50,,0.00,658,22.70,62,0.00
2026-09-20T12:00,165,0.00,673,22.90,62,0.80
2026-09-20T12:10,217,0.00,683,22.80,64,0.80
2026-09-20T12:20,230,0.00,694,23.00,63,1.30
2026-09-20T12:30,207,0.00,704,22.90,63,2.10
2026-09-20T12:40,167,0.00,706,23.30,60,0.70
2026-09-20T12:50,228,0.00,716,23.90,59,1.10
2026-09-20T13:00,208,0.00,719,23.50,61,2.10
2026-09-20T13:10,233,0.00,711,23.40,61,2.70
2026-09-20T13:20,240,0.00,727,23.10,61,2.20
2026-09-20T13:30,235,0.00,723,23.50,58,1.40
2026-09-20T13:40,206,0.00,629,23.80,56,1.60
2026-09-20T13:50,241,0.00,707,23.90,57,1.40
2026-09-20T14:00,222,0.00,622,24.20,58,1.90
2026-09-20T14:10,238,0.00,641,24.00,58,2.10
2026-09-20T14:20,251,0.00,602,24.10,59,2.20
2026-09-20T14:30,249,0.00,654,24.40,59,2.10
2026-09-20T14:40,254,0.00,653,24.70,59,1.60
2026-09-20T14:50,265,0.00,595,24.70,60,1.40
2026-09-20T15:00,282,0.00,652,24.70,59,1.10
2026-09-20T15:10,257,0.00,472,25.10,59,1.20
2026-09-20T15:20,286,0.00,576,25.40,58,0.70
2026-09-20T15:30,241,0.00,414,25.40,57,2.30
2026-09-20T15:40,248,0.00,583,25.60,57,2.50
2026-09-20T15:50,225,0.00,545,25.70,56,3.10
2026-09-20T16:00,211,0.00,424,25.70,57,2.90
2026-09-20T16:10,233,0.00,227,25.60,56,3.00
2026-09-20T16:20,224,0.00,498,25.50,56,2.80
2026-09-20T16:30,195,0.00,496,25.80,58,2.20
2026-09-20T16:40,217,0.00,203,25.90,58,2.80
2026-09-20T16:50,224,0.00,290,26.00,57,2.80
2026-09-20T17:00,227,0.00,407,25.80,58,2.40
2026-09-20T17:10,221,0.00,379,25.80,57,3.00
2026-09-20T17:20,214,0.00,297,25.80,57,3.50
2026-09-20T17:30,215,0.00,314,25.70,58,2.80
2026-09-20T17:40,213,0.00,274,25.80,58,2.40
2026-09-20T17:50,249,0.00,112,25.70,59,1.70
2026-09-20T18:00,269,0.00,114,25.20,61,1.10
2026-09-20T18:10,330,0.00,98,24.30,66,0.90
2026-09-20T18:20,320,0.00,90,24.10,66,1.40
2026-09-20T18:30,275,0.00,73,24.60,64,1.00
2026-09-20T18:40,76,0.00,67,23.70,71,0.70
2026-09-20T18:50,79,0.00,60,22.90,77,0.80
2026-09-20T19:00,103,0.00,41,22.40,79,0.90
2026-09-20T19:10,72,0.00,30,22.40,79,0.80
2026-09-20T19:20,126,0.00,23,21.90,81,0.70
2026-09-20T19:30,95,0.00,0,21.70,82,0.30
2026-09-20T19:40,123,0.00,0,21.50,82,1.00
2026-09-20T19:50,98,0.00,0,21.00,82,0.50
2026-09-20T20:00,111,0.00,0,20.70,84,0.80
2026-09-20T20:10,113,0.00,0,20.60,84,0.60
2026-09-20T20:20,88,0.00,0,20.40,86,0.90
2026-09-20T20:30,111,0.00,0,19.90,88,1.00
2026-09-20T20:40,64,0.00,0,20.00,87,1.60
2026-09-20T20:50,118,0.00,0,19.70,88,1.10
2026-09-20T21:00,98,0.00,0,19.60,87,1.10
2026-09-20T21:10,91,0.00,0,19.60,88,1.10
2026-09-20T21:20,92,0.00,0,19.40,89,1.50
2026-09-20T21:30,93,0.00,0,18.90,91,1.40
2026-09-20T21:40,36,0.00,0,19.10,89,0.60
2026-09-20T21:50,98,0.00,0,19.10,89,1.30
2026-09-20T22:00,96,0.00,0,19.00,90,1.10
2026-09-20T22:10,77,0.00,0,18.80,90,0.60
2026-09-20T22:20,69,0.00,0,18.50,93,1.30
2026-09-20T22:30,73,0.00,0,18.60,91,1.50
2026-09-20T22:40,69,0.00,0,18.30,92,1.00
2026-09-20T22:50,72,0.00,0,18.40,91,1.10
2026-09-20T23:00,84,0.00,0,18.10,92,0.90
2026-09-20T23:10,63,0.00,0,18.10,92,1.10
2026-09-20T23:20,80,0.00,0,17.80,94,1.30
2026-09-20T23:30,58,0.00,0,17.80,94,1.20
2026-09-20T23:40,81,0.00,0,17.80,93,0.70
2026-09-20T23:50,91,0.00,0,17.80,93,0.90
2026-09-21T00:00,59,0.00,0,17.60,94,1.00
2026-09-21T00:10,60,0.00,0,17.80,92,1.20
2026-09-21T00:20,57,0.00,0,17.80,92,2.00
2026-09-21T00:30,54,0.00,0,17.80,91,0.80
2026-09-21T00:40,121,0.00,0,17.80,91,0.70
2026-09-21T00:50,44,0.00,0,17.50,93,0.70
2026-09-21T01:00,62,0.00,0,17.30,93,0.50
2026-09-21T01:10,58,0.00,0,17.30,92,1.00
2026-09-21T01:20,66,0.00,0,17.30,91,1.60
2026-09-21T01:30,70,0.00,0,17.30,92,1.70
2026-09-21T01:40,76,0.00,0,17.00,92,2.00
2026-09-21T01:50,66,0.00,0,17.00,91,2.20
2026-09-21T02:00,150,0.00,0,17.30,87,0.50
2026-09-21T02:10,237,0.00,0,17.00,89,0.80
2026-09-21T02:20,219,0.00,0,17.30,87,0.30
2026-09-21T02:30,157,0.00,0,17.00,88,0.40
2026-09-21T02:40,41,0.00,0,16.80,89,1.00
2026-09-21T02:50,,0.00,0,16.70,90,0.00
2026-09-21T03:00,76,0.00,0,16.80,88,1.10
2026-09-21T03:10,51,0.00,0,16.70,89,1.50
2026-09-21T03:20,56,0.00,0,16.70,88,2.20
2026-09-21T03:30,77,0.00,0,17.10,85,1.30
2026-09-21T03:40,76,0.00,0,16.80,87,1.70
2026-09-21T03:50,73,0.00,0,18.30,75,2.20
2026-09-21T04:00,65,0.00,0,19.30,67,2.40
2026-09-21T04:10,95,0.00,0,19.00,71,1.70
2026-09-21T04:20,58,0.00,0,20.00,62,2.50
2026-09-21T04:30,45,0.00,0,20.50,58,2.70
2026-09-21T04:40,48,0.00,0,21.00,55,2.50
2026-09-21T04:50,61,0.00,0,20.80,56,3.50
2026-09-21T05:00,64,0.00,0,20.50,57,2.60
2026-09-21T05:10,50,0.00,0,19.60,61,3.20
2026-09-21T05:20,46,0.00,0,19.60,59,2.90
2026-09-21T05:30,40,0.00,0,20.00,56,2.40
2026-09-21T05:40,58,0.00,0,19.40,58,2.10
2026-09-21T05:50,57,0.00,0,19.80,55,1.30
2026-09-21T06:00,84,0.00,0,18.80,61,1.30
2026-09-21T06:10,63,0.00,0,20.00,53,2.00
2026-09-21T06:20,68,0.00,0,18.90,59,2.40
2026-09-21T06:30,79,0.00,0,18.90,60,3.10
2026-09-21T06:40,70,0.00,0,18.50,62,1.50
2026-09-21T06:50,106,0.00,0,17.20,70,1.40
2026-09-21T07:00,68,0.00,0,18.10,62,1.60
2026-09-21T07:10,87,0.00,0,18.60,62,1.90
2026-09-21T07:20,88,0.00,28,18.70,60,1.80
2026-09-21T07:30,88,0.00,39,18.10,63,1.90
2026-09-21T07:40,85,0.00,47,17.60,68,1.10
2026-09-21T07:50,103,0.00,75,18.10,65,1.30
2026-09-21T08:00,94,0.00,94,17.90,69,0.70
2026-09-21T08:10,92,0.00,138,18.20,64,0.70
2026-09-21T08:20,92,0.00,164,18.60,69,1.00
2026-09-21T08:30,72,0.00,221,19.00,65,1.60
2026-09-21T08:40,66,0.00,265,18.90,65,2.30
2026-09-21T08:50,81,0.00,266,19.50,64,1.80
2026-09-21T09:00,89,0.00,128,20.60,56,1.10
2026-09-21T09:10,106,0.00,129,20.50,58,0.50
2026-09-21T09:20,62,0.00,148,20.60,56,0.80
2026-09-21T09:30,62,0.00,175,21.50,51,2.20
2026-09-21T09:40,36,0.00,174,22.40,44,3.00
2026-09-21T09:50,22,0.00,214,22.80,40,2.40
2026-09-21T10:00,40,0.00,220,23.00,39,3.60
2026-09-21T10:10,34,0.00,521,23.50,37,3.80
2026-09-21T10:20,35,0.00,508,23.90,37,3.40
2026-09-21T10:30,46,0.00,514,24.40,35,4.30
2026-09-21T10:40,57,0.00,538,24.50,36,3.90
2026-09-21T10:50,41,0.00,546,24.60,35,4.80
2026-09-21T11:00,46,0.00,542,25.00,35,3.80
2026-09-21T11:10,42,0.00,583,25.30,34,3.90
2026-09-21T11:20,34,0.00,626,25.70,32,3.90
2026-09-21T11:30,42,0.00,544,25.80,32,4.00
2026-09-21T11:40,56,0.00,564,25.90,32,3.60
2026-09-21T11:50,56,0.00,640,26.00,33,3.20
2026-09-21T12:00,46,0.00,628,25.80,34,3.90
2026-09-21T12:10,46,0.00,570,25.50,37,3.60
2026-09-21T12:20,58,0.00,520,25.60,38,3.20
2026-09-21T12:30,57,0.00,624,25.70,40,2.90
2026-09-21T12:40,57,0.00,562,25.80,41,3.00
2026-09-21T12:50,62,0.00,779,25.60,41,3.70
2026-09-21T13:00,45,0.00,657,25.70,39,4.20
2026-09-21T13:10,61,0.00,507,25.90,39,3.10
2026-09-21T13:20,61,0.00,769,25.80,38,3.50
2026-09-21T13:30,59,0.00,832,26.30,38,2.80
2026-09-21T13:40,65,0.00,759,26.50,38,2.90
2026-09-21T13:50,65,0.00,808,26.90,36,2.80
2026-09-21T14:00,65,0.00,676,27.20,32,3.10
2026-09-21T14:10,59,0.00,586,27.40,32,3.40
2026-09-21T14:20,55,0.00,817,27.60,33,3.40
2026-09-21T14:30,68,0.00,521,27.80,30,3.90
2026-09-21T14:40,50,0.00,677,27.60,27,3.70
2026-09-21T14:50,51,0.00,712,27.80,28,3.30
2026-09-21T15:00,54,0.00,575,28.00,28,2.80
2026-09-21T15:10,63,0.00,448,27.70,28,3.50
2026-09-21T15:20,62,0.00,397,27.60,30,2.70
2026-09-21T15:30,47,0.00,596,27.60,30,2.00
2026-09-21T15:40,56,0.00,644,27.80,32,1.90
2026-09-21T15:50,66,0.00,549,28.10,30,2.30
2026-09-21T16:00,75,0.00,553,27.90,30,2.20
2026-09-21T16:10,57,0.00,180,28.00,27,2.80
2026-09-21T16:20,48,0.00,163,27.70,28,2.30
2026-09-21T16:30,60,0.00,488,26.90,33,1.60
2026-09-21T16:40,95,0.00,350,26.80,38,0.50
2026-09-21T16:50,110,0.00,367,26.90,40,1.10
2026-09-21T17:00,66,0.00,368,26.70,39,0.80
2026-09-21T17:10,76,0.00,304,26.90,38,0.80
2026-09-21T17:20,0,0.00,312,26.60,36,0.40
2026-09-21T17:30,6,0.00,299,26.40,35,1.20
2026-09-21T17:40,350,0.00,224,26.10,35,1.70
2026-09-21T17:50,2,0.00,250,25.80,35,1.30
2026-09-21T18:00,,0.00,197,25.40,45,0.00
2026-09-21T18:10,27,0.00,134,25.30,42,1.00
2026-09-21T18:20,42,0.00,105,24.80,42,1.00
2026-09-21T18:30,94,0.00,84,23.90,46,1.60
2026-09-21T18:40,66,0.00,64,24.50,39,2.20
2026-09-21T18:50,74,0.00,48,23.50,44,1.60
2026-09-21T19:00,61,0.00,37,23.20,44,1.00
2026-09-21T19:10,46,0.00,28,23.40,38,1.30
2026-09-21T19:20,74,0.00,0,22.80,43,2.00
2026-09-21T19:30,31,0.00,0,23.20,37,1.10
2026-09-21T19:40,88,0.00,0,22.30,43,1.20
2026-09-21T19:50,84,0.00,0,22.30,43,1.20
2026-09-21T20:00,93,0.00,0,20.60,52,1.70
2026-09-21T20:10,71,0.00,0,21.50,43,2.50
2026-09-21T20:20,102,0.00,0,21.00,46,2.00
2026-09-21T20:30,101,0.00,0,20.80,45,1.90
2026-09-21T20:40,104,0.00,0,20.80,43,1.30
2026-09-21T20:50,5,0.00,0,22.00,35,0.50
2026-09-21T21:00,3,0.00,0,23.60,26,1.90
2026-09-21T21:10,2,0.00,0,24.00,25,1.40
2026-09-21T21:20,15,0.00,0,23.90,25,1.70
2026-09-21T21:30,353,0.00,0,23.70,26,0.90
2026-09-21T21:40,337,0.00,0,23.70,26,1.20
2026-09-21T21:50,14,0.00,0,23.80,25,1.80
2026-09-21T22:00,16,0.00,0,23.90,25,1.90
2026-09-21T22:10,30,0.00,0,23.80,25,3.10
2026-09-21T22:20,53,0.00,0,23.40,26,4.50
2026-09-21T22:30,74,0.00,0,21.80,32,2.40
2026-09-21T22:40,85,0.00,0,20.70,34,1.60
2026-09-21T22:50,59,0.00,0,20.30,37,2.20
2026-09-21T23:00,71,0.00,0,19.80,40,1.40
2026-09-21T23:10,88,0.00,0,18.90,45,1.10
2026-09-21T23:20,48,0.00,0,18.80,44,1.80
2026-09-21T23:30,73,0.00,0,18.50,47,2.00
2026-09-21T23:40,82,0.00,0,18.20,46,1.50
2026-09-21T23:50,75,0.00,0,17.30,50,1.90
2026-09-22T00:00,91,0.00,0,18.80,41,0.70
2026-09-22T00:10,83,0.00,0,16.80,53,2.20
2026-09-22T00:20,75,0.00,0,18.50,42,3.00
2026-09-22T00:30,100,0.00,0,18.00,44,2.70
2026-09-22T00:40,90,0.00,0,18.20,43,2.70
2026-09-22T00:50,76,0.00,0,17.80,42,2.90
2026-09-22T01:00,89,0.00,0,17.20,47,2.40
2026-09-22T01:10,88,0.00,0,17.40,43,2.30
2026-09-22T01:20,86,0.00,0,17.50,39,2.40
2026-09-22T01:30,86,0.00,0,17.90,37,1.40
2026-09-22T01:40,136,0.00,0,16.20,49,0.70
2026-09-22T01:50,55,0.00,0,16.40,46,1.40
2026-09-22T02:00,68,0.00,0,16.30,50,1.10
2026-09-22T02:10,84,0.00,0,14.90,58,0.90
2026-09-22T02:20,44,0.00,0,15.40,53,1.70
2026-09-22T02:30,73,0.00,0,15.30,55,0.90
2026-09-22T02:40,68,0.00,0,16.20,45,0.90
2026-09-22T02:50,53,0.00,0,15.20,56,1.30
2026-09-22T03:00,70,0.00,0,14.50,59,1.80
2026-09-22T03:10,82,0.00,0,14.80,55,1.50
2026-09-22T03:20,74,0.00,0,14.30,61,1.30
2026-09-22T03:30,,0.00,0,14.20,58,
2026-09-22T03:40,67,0.00,0,15.90,46,2.20
2026-09-22T03:50,72,0.00,0,15.10,53,0.80
2026-09-22T04:00,56,0.00,0,15.20,53,1.00
2026-09-22T04:10,42,0.00,0,15.30,50,0.70
2026-09-22T04:20,,0.00,0,16.10,45,0.00
2026-09-22T04:30,316,0.00,0,16.10,45,1.40
2026-09-22T04:40,35,0.00,0,15.80,47,1.00
2026-09-22T04:50,58,0.00,0,14.60,56,1.10
2026-09-22T05:00,68,0.00,0,15.20,54,1.60
2026-09-22T05:10,64,0.00,0,14.20,65,1.30
2026-09-22T05:20,101,0.00,0,14.30,62,1.50
2026-09-22T05:30,80,0.00,0,14.10,67,2.10
2026-09-22T05:40,61,0.00,0,14.00,61,1.40
2026-09-22T05:50,84,0.00,0,13.30,69,1.20
2026-09-22T06:00,65,0.00,0,13.40,65,0.70
2026-09-22T06:10,89,0.00,0,13.40,66,0.70
2026-09-22T06:20,81,0.00,0,13.30,67,1.40
2026-09-22T06:30,56,0.00,0,13.00,67,1.00
2026-09-22T06:40,78,0.00,0,12.60,71,1.10
2026-09-22T06:50,46,0.00,0,12.80,67,1.40
2026-09-22T07:00,53,0.00,0,12.80,67,1.10
2026-09-22T07:10,54,0.00,0,13.00,63,1.00
2026-09-22T07:20,70,0.00,24,12.50,67,1.00
2026-09-22T07:30,68,0.00,30,12.70,65,1.40
2026-09-22T07:40,57,0.00,62,12.40,69,1.20
2026-09-22T07:50,67,0.00,86,12.80,66,1.50
2026-09-22T08:00,62,0.00,109,12.80,67,1.20
2026-09-22T08:10,99,0.00,100,13.30,63,0.80
2026-09-22T08:20,63,0.00,54,13.50,63,1.20
2026-09-22T08:30,77,0.00,200,13.30,67,1.00
2026-09-22T08:40,80,0.00,227,14.30,60,1.00
2026-09-22T08:50,93,0.00,255,14.90,62,0.90
2026-09-22T09:00,67,0.00,286,15.30,58,0.90
2026-09-22T09:10,67,0.00,315,15.90,56,1.10
2026-09-22T09:20,96,0.00,343,16.40,57,0.80
2026-09-22T09:30,120,0.00,369,16.90,49,0.60
2026-09-22T09:40,77,0.00,392,17.60,49,0.60
2026-09-22T09:50,133,0.00,422,18.00,50,0.90
2026-09-22T10:00,,0.00,445,18.30,48,0.00
2026-09-22T10:10,137,0.00,475,18.80,44,0.80
2026-09-22T10:20,132,0.00,499,19.30,42,0.70
2026-09-22T10:30,154,0.00,522,19.80,41,0.60
2026-09-22T10:40,68,0.00,540,19.90,38,0.40
2026-09-22T10:50,174,0.00,563,20.40,37,0.90
2026-09-22T11:00,88,0.00,584,20.30,38,0.50
2026-09-22T11:10,166,0.00,605,20.60,39,0.80
2026-09-22T11:20,219,0.00,623,20.80,39,1.00
2026-09-22T11:30,202,0.00,640,20.70,41,1.60
2026-09-22T11:40,209,0.00,652,20.80,41,0.90
2026-09-22T11:50,261,0.00,665,21.00,41,0.80
2026-09-22T12:00,247,0.00,682,20.80,45,1.70
2026-09-22T12:10,280,0.00,692,21.10,47,1.50
2026-09-22T12:20,228,0.00,694,21.00,50,1.20
2026-09-22T12:30,274,0.00,703,21.40,52,0.50
2026-09-22T12:40,259,0.00,702,21.40,54,0.50
2026-09-22T12:50,,0.00,704,21.70,55,0.00
2026-09-22T13:00,146,0.00,707,22.50,55,0.40
2026-09-22T13:10,202,0.00,711,22.60,57,1.10
2026-09-22T13:20,118,0.00,711,22.70,55,0.90
2026-09-22T13:30,232,0.00,713,22.80,53,1.40
2026-09-22T13:40,201,0.00,704,23.00,53,1.10
2026-09-22T13:50,221,0.00,707,23.10,53,2.00
2026-09-22T14:00,228,0.00,704,23.10,51,2.80
2026-09-22T14:10,229,0.00,696,23.20,51,3.00
2026-09-22T14:20,217,0.00,686,23.30,50,2.50
2026-09-22T14:30,220,0.00,677,23.40,50,3.60
2026-09-22T14:40,216,0.00,660,23.60,51,2.90
2026-09-22T14:50,201,0.00,649,23.60,51,2.70
2026-09-22T15:00,225,0.00,632,23.60,51,3.40
2026-09-22T15:10,206,0.00,614,23.60,51,1.90
2026-09-22T15:20,221,0.00,597,24.10,51,2.70
2026-09-22T15:30,224,0.00,580,24.00,51,3.80
2026-09-22T15:40,231,0.00,560,23.80,51,4.80
2026-09-22T15:50,227,0.00,536,23.90,51,4.80
2026-09-22T16:00,227,0.00,515,24.00,51,4.50
2026-09-22T16:10,226,0.00,491,24.10,51,4.00
2026-09-22T16:20,224,0.00,467,24.10,51,4.70
2026-09-22T16:30,217,0.00,440,24.00,52,4.50
2026-09-22T16:40,218,0.00,417,24.20,52,4.30
2026-09-22T16:50,222,0.00,390,24.10,52,4.50
2026-09-22T17:00,213,0.00,360,24.30,53,3.40
2026-09-22T17:10,212,0.00,333,24.20,53,3.80
2026-09-22T17:20,205,0.00,305,24.00,54,4.10
2026-09-22T17:30,221,0.00,275,23.90,54,4.40
2026-09-22T17:40,221,0.00,246,23.90,54,4.40
2026-09-22T17:50,225,0.00,219,23.80,53,4.20
2026-09-22T18:00,225,0.00,191,23.80,53,4.00
2026-09-22T18:10,227,0.00,162,23.70,53,3.70
2026-09-22T18:20,321,0.00,135,22.80,58,1.00
2026-09-22T18:30,349,0.00,50,21.80,61,1.20
2026-09-22T18:40,345,0.00,42,21.70,61,1.40
2026-09-22T18:50,18,0.00,37,21.40,62,1.30
2026-09-22T19:00,28,0.00,31,20.90,66,1.10
2026-09-22T19:10,82,0.00,26,20.60,68,1.00
2026-09-22T19:20,98,0.00,0,19.80,73,0.80
2026-09-22T19:30,94,0.00,0,19.60,73,0.70
2026-09-22T19:40,130,0.00,0,18.80,76,0.50
2026-09-22T19:50,112,0.00,0,18.80,76,1.30
2026-09-22T20:00,92,0.00,0,18.50,79,0.60
2026-09-22T20:10,97,0.00,0,18.20,80,0.90
2026-09-22T20:20,51,0.00,0,18.60,76,0.80
2026-09-22T20:30,89,0.00,0,18.40,78,0.80
2026-09-22T20:40,94,0.00,0,18.00,80,1.10
2026-09-22T20:50,74,0.00,0,17.80,81,1.20
2026-09-22T21:00,106,0.00,0,17.50,83,1.10
2026-09-22T21:10,88,0.00,0,17.30,84,1.30
2026-09-22T21:20,79,0.00,0,17.30,83,1.20
2026-09-22T21:30,88,0.00,0,17.50,80,1.40
2026-09-22T21:40,85,0.00,0,17.30,81,1.30
2026-09-22T21:50,96,0.00,0,17.10,81,0.90
2026-09-22T22:00,88,0.00,0,16.70,85,1.80
2026-09-22T22:10,83,0.00,0,16.90,82,0.90
2026-09-22T22:20,106,0.00,0,16.40,86,1.30
2026-09-22T22:30,95,0.00,0,16.40,85,1.40
2026-09-22T22:40,82,0.00,0,16.40,83,1.20
2026-09-22T22:50,77,0.00,0,16.20,84,1.10
2026-09-22T23:00,94,0.00,0,15.80,87,0.70
2026-09-22T23:10,103,0.00,0,15.80,89,1.30
2026-09-22T23:20,107,0.00,0,16.20,85,1.30
2026-09-22T23:30,104,0.00,0,16.90,78,0.90
2026-09-22T23:40,97,0.00,0,17.00,79,1.20
2026-09-22T23:50,72,0.00,0,16.60,83,1.00
2026-09-23T00:00,49,0.00,0,16.80,81,0.80
2026-09-23T00:10,106,0.00,0,16.80,82,0.80
2026-09-23T00:20,104,0.00,0,16.50,85,1.10
2026-09-23T00:30,78,0.00,0,16.50,86,0.90
2026-09-23T00:40,49,0.00,0,16.70,84,2.10
2026-09-23T00:50,35,0.00,0,17.30,78,1.30
2026-09-23T01:00,152,0.00,0,17.50,78,0.70
2026-09-23T01:10,234,0.00,0,17.30,80,0.60
2026-09-23T01:20,298,0.00,0,17.50,78,0.80
2026-09-23T01:30,343,0.00,0,17.70,75,0.90
2026-09-23T01:40,335,0.00,0,17.70,74,0.50
2026-09-23T01:50,339,0.00,0,17.70,73,1.00
2026-09-23T02:00,346,0.00,0,17.70,73,1.40
2026-09-23T02:10,6,0.00,0,17.60,74,1.20
2026-09-23T02:20,4,0.00,0,17.50,73,1.70
2026-09-23T02:30,3,0.00,0,17.60,72,1.50
2026-09-23T02:40,11,0.00,0,17.20,75,1.00
2026-09-23T02:50,352,0.00,0,17.20,73,0.40
2026-09-23T03:00,8,0.00,0,17.20,74,0.80
2026-09-23T03:10,33,0.00,0,17.20,74,0.80
2026-09-23T03:20,58,0.00,0,17.00,77,0.50
2026-09-23T03:30,89,0.00,0,17.00,77,0.50
2026-09-23T03:40,71,0.00,0,17.00,78,0.90
2026-09-23T03:50,62,0.00,0,16.90,79,1.00
2026-09-23T04:00,80,0.00,0,16.90,78,1.50
2026-09-23T04:10,79,0.00,0,16.80,79,1.00
2026-09-23T04:20,12,0.00,0,17.10,74,0.80
2026-09-23T04:30,39,0.00,0,17.20,75,0.50
2026-09-23T04:40,112,0.00,0,16.90,79,0.40
2026-09-23T04:50,107,0.00,0,16.70,80,0.60
2026-09-23T05:00,91,0.00,0,16.60,81,0.40
2026-09-23T05:10,,0.00,0,16.80,77,0.00
2026-09-23T05:20,18,0.00,0,17.00,76,0.50
2026-09-23T05:30,52,0.00,0,17.00,75,0.40
2026-09-23T05:40,87,0.00,0,16.70,81,0.70
2026-09-23T05:50,88,0.00,0,16.60,82,0.70
2026-09-23T06:00,79,0.00,0,16.60,81,0.80
2026-09-23T06:10,79,0.00,0,16.60,80,0.90
2026-09-23T06:20,61,0.00,0,16.60,79,0.90
2026-09-23T06:30,72,0.00,0,16.60,78,0.90
2026-09-23T06:40,64,0.00,0,16.50,78,0.70
2026-09-23T06:50,62,0.00,0,16.60,77,0.80
2026-09-23T07:00,92,0.00,0,16.50,78,0.50
2026-09-23T07:10,77,0.00,0,16.30,81,0.80
2026-09-23T07:20,71,0.00,22,16.40,79,1.00
2026-09-23T07:30,81,0.00,27,16.30,81,0.80
2026-09-23T07:40,49,0.00,33,16.30,81,1.00
2026-09-23T07:50,66,0.00,40,16.40,78,1.20
2026-09-23T08:00,74,0.00,46,16.30,79,1.00
2026-09-23T08:10,56,0.00,57,16.40,77,1.40
2026-09-23T08:20,73,0.00,69,16.40,79,1.30
2026-09-23T08:30,77,0.00,92,16.60,76,0.80
2026-09-23T08:40,66,0.00,112,16.80,74,0.80
2026-09-23T08:50,78,0.00,139,17.10,75,0.80
2026-09-23T09:00,51,0.00,151,17.40,71,1.50
2026-09-23T09:10,49,0.00,173,17.50,70,1.70
2026-09-23T09:20,49,0.00,205,17.60,69,1.70
2026-09-23T09:30,47,0.00,184,17.70,69,2.00
2026-09-23T09:40,50,0.00,206,17.70,68,2.30
2026-09-23T09:50,57,0.00,208,17.70,67,2.20
2026-09-23T10:00,62,0.00,252,17.80,67,2.00
2026-09-23T10:10,64,0.00,312,17.90,66,2.20
2026-09-23T10:20,60,0.00,334,18.10,65,2.60
2026-09-23T10:30,72,0.00,363,18.30,65,2.20
2026-09-23T10:40,78,0.00,537,18.50,64,1.90
2026-09-23T10:50,91,0.00,442,18.90,63,1.80
2026-09-23T11:00,89,0.00,682,19.30,60,1.60
2026-09-23T11:10,97,0.00,654,19.50,58,1.30
2026-09-23T11:20,159,0.00,654,19.90,56,1.60
2026-09-23T11:30,54,0.00,680,19.90,55,0.60
2026-09-23T11:40,190,0.00,795,20.20,54,0.70
2026-09-23T11:50,181,0.00,870,20.60,51,0.90
2026-09-23T12:00,201,0.00,768,20.80,49,1.30
2026-09-23T12:10,207,0.00,858,20.50,47,3.00
2026-09-23T12:20,222,0.00,791,20.70,47,3.40
2026-09-23T12:30,220,0.00,626,20.60,47,3.40
2026-09-23T12:40,221,0.00,808,20.90,47,3.20
2026-09-23T12:50,220,0.00,745,21.10,47,3.20
2026-09-23T13:00,231,0.00,973,20.90,47,3.40
2026-09-23T13:10,223,0.00,997,21.10,47,4.50
2026-09-23T13:20,225,0.00,958,21.10,48,4.00
2026-09-23T13:30,227,0.00,936,21.40,47,3.30
2026-09-23T13:40,216,0.00,939,21.70,47,3.70
2026-09-23T13:50,222,0.00,929,21.70,46,3.50
2026-09-23T14:00,232,0.00,411,21.60,48,3.40
2026-09-23T14:10,217,0.00,348,21.30,48,3.10
2026-09-23T14:20,224,0.00,334,21.30,49,3.00
2026-09-23T14:30,221,0.00,569,21.20,49,3.20
2026-09-23T14:40,223,0.00,468,21.40,50,2.90
2026-09-23T14:50,219,0.00,865,21.40,48,2.80
2026-09-23T15:00,228,0.00,379,21.60,48,2.60
2026-09-23T15:10,223,0.00,778,21.80,48,3.10
2026-09-23T15:20,228,0.00,724,21.90,47,3.80
2026-09-23T15:30,230,0.00,296,22.00,48,3.60
2026-09-23T15:40,233,0.00,259,21.80,47,3.10
2026-09-23T15:50,231,0.00,259,21.70,48,3.30
2026-09-23T16:00,231,0.00,681,21.80,48,2.60
2026-09-23T16:10,239,0.00,238,22.10,46,2.60
2026-09-23T16:20,225,0.00,542,22.20,47,3.40
2026-09-23T16:30,243,0.00,529,22.50,46,3.30
2026-09-23T16:40,223,0.00,511,22.60,46,3.60
2026-09-23T16:50,228,0.00,304,22.30,48,4.00
2026-09-23T17:00,230,0.00,434,22.20,49,4.00
2026-09-23T17:10,215,0.00,387,22.50,49,2.90
2026-09-23T17:20,220,0.00,320,22.50,48,3.60
2026-09-23T17:30,220,0.00,268,22.40,48,3.70
2026-09-23T17:40,227,0.00,242,22.40,49,3.60
2026-09-23T17:50,223,0.00,216,22.30,50,3.40
2026-09-23T18:00,221,0.00,186,22.30,50,3.50
2026-09-23T18:10,242,0.00,156,22.30,49,2.50
2026-09-23T18:20,313,0.00,115,21.70,53,1.20
2026-09-23T18:30,6,0.00,54,20.20,58,1.60
2026-09-23T18:40,350,0.00,46,19.80,59,1.50
2026-09-23T18:50,344,0.00,42,19.60,60,1.70
2026-09-23T19:00,5,0.00,32,19.50,61,1.30
2026-09-23T19:10,33,0.00,25,19.40,62,0.70
2026-09-23T19:20,44,0.00,0,19.10,64,0.70
2026-09-23T19:30,37,0.00,0,18.90,64,1.30
2026-09-23T19:40,112,0.00,0,18.60,68,1.00
2026-09-23T19:50,108,0.00,0,18.10,70,1.50
2026-09-23T20:00,39,0.00,0,18.20,68,1.40
2026-09-23T20:10,79,0.00,0,17.90,70,0.80
2026-09-23T20:20,110,0.00,0,17.40,75,1.10
2026-09-23T20:30,69,0.00,0,17.30,72,0.40
2026-09-23T20:40,80,0.00,0,17.30,73,0.40
2026-09-23T20:50,84,0.00,0,17.30,71,0.80
2026-09-23T21:00,114,0.00,0,16.90,74,1.40
2026-09-23T21:10,100,0.00,0,16.90,72,0.60
2026-09-23T21:20,114,0.00,0,16.80,74,1.20
2026-09-23T21:30,100,0.00,0,16.30,77,1.40
2026-09-23T21:40,80,0.00,0,16.40,76,1.60
2026-09-23T21:50,86,0.00,0,15.80,81,1.40
2026-09-23T22:00,71,0.00,0,15.90,79,1.40
2026-09-23T22:10,76,0.00,0,16.00,78,1.20
2026-09-23T22:20,82,0.00,0,15.80,81,1.60
2026-09-23T22:30,67,0.00,0,15.50,83,1.90
2026-09-23T22:40,95,0.00,0,15.50,83,1.50
2026-09-23T22:50,74,0.00,0,15.40,83,1.50
2026-09-23T23:00,92,0.00,0,15.50,83,1.30
2026-09-23T23:10,62,0.00,0,15.20,85,1.70
2026-09-23T23:20,76,0.00,0,15.10,85,1.30
2026-09-23T23:30,90,0.00,0,14.80,87,1.50
2026-09-23T23:40,83,0.00,0,14.90,85,1.20
2026-09-23T23:50,72,0.00,0,14.80,86,0.60
2026-09-24T00:00,90,0.00,0,14.70,86,0.70
2026-09-24T00:10,70,0.00,0,14.40,87,1.30
2026-09-24T00:20,72,0.00,0,14.50,87,1.60
2026-09-24T00:30,86,0.00,0,14.70,85,1.70
2026-09-24T00:40,108,0.00,0,14.30,87,1.50
2026-09-24T00:50,75,0.00,0,14.00,90,1.10
2026-09-24T01:00,104,0.00,0,14.00,90,1.00
2026-09-24T01:10,77,0.00,0,14.10,88,1.50
2026-09-24T01:20,65,0.00,0,14.10,88,1.50
2026-09-24T01:30,79,0.00,0,14.00,88,1.00
2026-09-24T01:40,78,0.00,0,13.70,89,1.30
2026-09-24T01:50,80,0.00,0,13.90,88,1.30
2026-09-24T02:00,93,0.00,0,13.70,90,1.10
2026-09-24T02:10,61,0.00,0,13.60,90,1.00
2026-09-24T02:20,73,0.00,0,13.70,90,0.70
2026-09-24T02:30,41,0.00,0,13.70,90,0.90
2026-09-24T02:40,85,0.00,0,13.70,89,1.10
2026-09-24T02:50,84,0.00,0,13.50,90,1.30
2026-09-24T03:00,55,0.00,0,13.40,90,1.50
2026-09-24T03:10,83,0.00,0,13.40,90,0.70
2026-09-24T03:20,51,0.00,0,13.40,91,1.70
2026-09-24T03:30,69,0.00,0,13.10,90,1.30
2026-09-24T03:40,76,0.00,0,13.50,89,1.40
2026-09-24T03:50,77,0.00,0,13.20,90,0.90
2026-09-24T04:00,49,0.00,0,13.20,90,0.40
2026-09-24T04:10,81,0.00,0,12.90,92,1.30
2026-09-24T04:20,66,0.00,0,13.00,92,1.70
2026-09-24T04:30,71,0.00,0,13.00,91,1.20
2026-09-24T04:40,71,0.00,0,13.10,90,1.30
2026-09-24T04:50,92,0.00,0,12.70,92,1.00
2026-09-24T05:00,78,0.00,0,12.60,94,1.00
2026-09-24T05:10,65,0.00,0,12.70,92,1.30
2026-09-24T05:20,65,0.00,0,12.70,92,0.70
2026-09-24T05:30,77,0.00,0,12.70,93,1.10
2026-09-24T05:40,60,0.00,0,12.70,93,1.00
2026-09-24T05:50,84,0.00,0,12.70,92,1.10
2026-09-24T06:00,75,0.00,0,12.60,94,0.90
2026-09-24T06:10,79,0.00,0,12.60,94,1.20
2026-09-24T06:20,67,0.00,0,12.70,92,0.90
2026-09-24T06:30,97,0.00,0,12.50,94,0.60
2026-09-24T06:40,76,0.00,0,12.50,94,1.10
2026-09-24T06:50,83,0.00,0,12.40,95,0.80
2026-09-24T07:00,80,0.00,0,12.40,95,1.30
2026-09-24T07:10,67,0.00,0,12.30,94,0.60
2026-09-24T07:20,57,0.00,23,12.50,93,0.90
2026-09-24T07:30,58,0.00,31,12.50,93,0.70
2026-09-24T07:40,63,0.00,46,12.40,93,1.00
2026-09-24T07:50,73,0.00,82,12.50,93,1.40
2026-09-24T08:00,58,0.00,91,12.80,91,1.50
2026-09-24T08:10,85,0.00,124,13.20,90,0.90
2026-09-24T08:20,89,0.00,77,13.40,90,0.90
2026-09-24T08:30,72,0.00,101,13.40,90,0.90
2026-09-24T08:40,102,0.00,186,13.70,90,0.40
2026-09-24T08:50,92,0.00,248,14.30,87,0.70
2026-09-24T09:00,119,0.00,263,14.70,86,1.00
2026-09-24T09:10,66,0.00,288,15.20,84,1.20
2026-09-24T09:20,85,0.00,308,15.90,81,1.00
2026-09-24T09:30,107,0.00,326,16.40,78,0.80
2026-09-24T09:40,117,0.00,341,16.70,77,0.90
2026-09-24T09:50,146,0.00,352,16.80,76,1.00
2026-09-24T10:00,116,0.00,421,17.20,74,0.80
2026-09-24T10:10,99,0.00,404,17.50,72,1.30
2026-09-24T10:20,71,0.00,443,17.70,73,0.90
2026-09-24T10:30,116,0.00,492,18.00,72,1.10
2026-09-24T10:40,61,0.00,511,18.10,71,1.20
2026-09-24T10:50,97,0.00,386,18.50,69,1.10
2026-09-24T11:00,79,0.00,459,18.50,67,1.40
2026-09-24T11:10,96,0.00,437,18.60,66,1.00
2026-09-24T11:20,110,0.00,529,19.00,65,0.90
2026-09-24T11:30,109,0.00,558,19.20,63,0.90
2026-09-24T11:40,3,0.00,575,19.20,63,0.70
2026-09-24T11:50,274,0.00,612,19.40,65,0.80
2026-09-24T12:00,236,0.00,566,19.10,65,2.30
2026-09-24T12:10,208,0.00,600,19.40,63,1.90
2026-09-24T12:20,210,0.00,524,19.40,62,1.20
2026-09-24T12:30,213,0.00,550,19.70,61,1.30
2026-09-24T12:40,233,0.00,523,19.50,61,1.90
2026-09-24T12:50,240,0.00,599,19.60,60,1.90
2026-09-24T13:00,220,0.00,616,19.80,62,1.80
2026-09-24T13:10,248,0.00,391,20.00,61,2.00
2026-09-24T13:20,263,0.00,557,20.00,62,1.80
2026-09-24T13:30,246,0.00,587,20.10,64,1.70
2026-09-24T13:40,260,0.00,631,20.60,64,1.00
2026-09-24T13:50,246,0.00,614,20.80,63,1.90
2026-09-24T14:00,237,0.00,666,21.20,63,1.00
2026-09-24T14:10,239,0.00,677,21.50,63,1.60
2026-09-24T14:20,213,0.00,617,22.00,61,2.10
2026-09-24T14:30,220,0.00,580,22.10,61,1.90
2026-09-24T14:40,232,0.00,632,22.10,60,2.70
2026-09-24T14:50,222,0.00,537,22.30,59,2.80
2026-09-24T15:00,239,0.00,651,22.70,58,2.20
2026-09-24T15:10,238,0.00,587,22.70,58,3.80
2026-09-24T15:20,237,0.00,527,22.70,58,4.50
2026-09-24T15:30,234,0.00,582,22.90,58,4.40
2026-09-24T15:40,241,0.00,576,23.10,57,4.40
2026-09-24T15:50,241,0.00,473,23.20,56,4.80
2026-09-24T16:00,234,0.00,511,23.30,57,4.10
2026-09-24T16:10,240,0.00,507,23.40,55,5.40
2026-09-24T16:20,244,0.00,457,23.50,54,5.50
2026-09-24T16:30,234,0.00,412,23.50,55,5.10
2026-09-24T16:40,239,0.00,398,23.60,55,4.50
2026-09-24T16:50,233,0.00,394,23.60,55,4.60
2026-09-24T17:00,234,0.00,373,23.60,54,5.30
2026-09-24T17:10,232,0.00,324,23.60,55,5.30
2026-09-24T17:20,226,0.00,301,23.60,56,4.80
2026-09-24T17:30,217,0.00,272,23.60,56,4.20
2026-09-24T17:40,215,0.00,243,23.60,57,3.90
2026-09-24T17:50,200,0.00,217,23.50,58,2.90
2026-09-24T18:00,214,0.00,192,23.50,57,2.60
2026-09-24T18:10,222,0.00,161,23.50,57,1.80
2026-09-24T18:20,203,0.00,132,23.30,58,2.30
2026-09-24T18:30,204,0.00,47,23.10,58,3.00
2026-09-24T18:40,270,0.00,42,22.70,60,1.50
2026-09-24T18:50,46,0.00,33,21.50,65,1.20
2026-09-24T19:00,352,0.00,27,20.70,67,1.30
2026-09-24T19:10,55,0.00,23,20.70,67,1.10
2026-09-24T19:20,35,0.00,0,20.00,70,1.50
2026-09-24T19:30,58,0.00,0,19.50,72,0.90
2026-09-24T19:40,352,0.00,0,19.30,72,1.40
2026-09-24T19:50,39,0.00,0,19.00,74,1.20
2026-09-24T20:00,45,0.00,0,18.20,78,0.90
2026-09-24T20:10,54,0.00,0,18.60,75,1.90
2026-09-24T20:20,85,0.00,0,18.30,77,1.10
2026-09-24T20:30,58,0.00,0,17.70,80,2.00
2026-09-24T20:40,29,0.00,0,18.10,78,1.60
2026-09-24T20:50,13,0.00,0,18.20,75,0.40
2026-09-24T21:00,68,0.00,0,17.20,82,1.30
2026-09-24T21:10,29,0.00,0,17.20,82,1.30
2026-09-24T21:20,136,0.00,0,17.00,83,0.80
2026-09-24T21:30,44,0.00,0,16.80,84,1.10
2026-09-24T21:40,70,0.00,0,16.90,83,0.60
2026-09-24T21:50,83,0.00,0,16.40,87,0.70
2026-09-24T22:00,79,0.00,0,16.30,88,0.70
2026-09-24T22:10,58,0.00,0,16.30,87,0.80
2026-09-24T22:20,32,0.00,0,16.30,85,1.10
2026-09-24T22:30,93,0.00,0,16.00,87,0.40
2026-09-24T22:40,74,0.00,0,15.90,88,1.00
2026-09-24T22:50,57,0.00,0,15.50,90,1.10
2026-09-24T23:00,56,0.00,0,15.60,88,1.70
2026-09-24T23:10,78,0.00,0,15.70,86,1.20
2026-09-24T23:20,100,0.00,0,15.30,90,0.30
2026-09-24T23:30,59,0.00,0,15.40,89,1.30
2026-09-24T23:40,66,0.00,0,15.30,89,1.10
2026-09-24T23:50,84,0.00,0,15.40,88,1.40
2026-09-25T00:00,77,0.00,0,14.80,90,1.00
2026-09-25T00:10,79,0.00,0,14.70,92,0.90
2026-09-25T00:20,73,0.00,0,14.80,91,1.40
2026-09-25T00:30,103,0.00,0,14.70,91,0.80
2026-09-25T00:40,97,0.00,0,14.80,91,1.20
2026-09-25T00:50,60,0.00,0,14.60,90,1.70
2026-09-25T01:00,72,0.00,0,15.00,88,1.90
2026-09-25T01:10,90,0.00,0,14.40,91,1.50
2026-09-25T01:20,98,0.00,0,14.20,92,1.00
2026-09-25T01:30,62,0.00,0,14.30,89,0.90
2026-09-25T01:40,104,0.00,0,14.60,88,1.10
2026-09-25T01:50,,0.00,0,14.40,86,0.00
2026-09-25T02:00,334,0.00,0,15.40,72,1.60
2026-09-25T02:10,,0.00,0,15.10,76,0.00
2026-09-25T02:20,54,0.00,0,14.60,80,0.80
2026-09-25T02:30,74,0.00,0,14.40,84,0.90
2026-09-25T02:40,47,0.00,0,14.00,90,1.20
2026-09-25T02:50,34,0.00,0,14.30,81,1.40
2026-09-25T03:00,52,0.00,0,14.10,80,1.00
2026-09-25T03:10,77,0.00,0,14.20,81,0.90
2026-09-25T03:20,88,0.00,0,13.80,87,0.60
2026-09-25T03:30,94,0.00,0,13.80,93,1.00
2026-09-25T03:40,75,0.00,0,14.20,84,1.20
2026-09-25T03:50,92,0.00,0,13.70,85,1.60
2026-09-25T04:00,82,0.00,0,13.60,91,1.70
2026-09-25T04:10,79,0.00,0,14.00,88,1.20
2026-09-25T04:20,110,0.00,0,13.70,92,1.00
2026-09-25T04:30,101,0.00,0,13.50,93,0.90
2026-09-25T04:40,96,0.00,0,13.80,90,1.30
2026-09-25T04:50,88,0.00,0,13.80,92,1.00
2026-09-25T05:00,80,0.00,0,14.00,89,1.10
2026-09-25T05:10,85,0.00,0,14.30,88,1.50
2026-09-25T05:20,95,0.00,0,14.50,89,1.10
2026-09-25T05:30,80,0.00,0,14.60,88,1.40
2026-09-25T05:40,88,0.00,0,14.60,88,1.00
2026-09-25T05:50,100,0.00,0,14.40,92,0.70
2026-09-25T06:00,101,0.00,0,14.40,91,0.80
2026-09-25T06:10,57,0.00,0,14.80,87,1.10
2026-09-25T06:20,87,0.00,0,14.90,87,0.70
2026-09-25T06:30,103,0.00,0,14.70,91,0.90
2026-09-25T06:40,110,0.00,0,14.80,90,0.80
2026-09-25T06:50,85,0.00,0,14.90,89,0.60
2026-09-25T07:00,98,0.00,0,15.00,88,0.70
2026-09-25T07:10,91,0.00,22,15.10,88,1.30
2026-09-25T07:20,84,0.00,24,15.20,87,1.10
2026-09-25T07:30,76,0.00,30,15.20,88,1.30
2026-09-25T07:40,76,0.00,41,15.30,86,1.20
2026-09-25T07:50,,0.00,48,15.30,88,0.00
2026-09-25T08:00,61,0.00,52,15.30,88,0.40
2026-09-25T08:10,55,0.00,57,15.60,85,0.80
2026-09-25T08:20,63,0.00,86,15.70,84,0.90
2026-09-25T08:30,81,0.00,103,15.90,85,0.70
2026-09-25T08:40,83,0.00,136,16.00,84,0.60
2026-09-25T08:50,69,0.00,163,16.10,85,0.80
2026-09-25T09:00,64,0.00,258,16.30,82,0.90
2026-09-25T09:10,62,0.00,206,16.80,79,0.70
2026-09-25T09:20,,0.00,178,17.40,76,0.00
2026-09-25T09:30,105,0.00,259,17.70,74,0.50
2026-09-25T09:40,106,0.00,164,17.60,75,0.80
2026-09-25T09:50,104,0.00,153,17.40,75,0.90
2026-09-25T10:00,125,0.00,174,17.40,75,0.50
2026-09-25T10:10,118,0.00,369,17.50,76,0.70
2026-09-25T10:20,98,0.00,522,18.00,75,1.10
2026-09-25T10:30,80,0.00,587,18.60,74,1.50
2026-09-25T10:40,96,0.00,627,19.00,72,1.80
2026-09-25T10:50,103,0.00,693,19.30,71,1.80
2026-09-25T11:00,98,0.00,628,19.70,69,1.30
2026-09-25T11:10,215,0.00,671,19.70,69,1.80
2026-09-25T11:20,221,0.00,688,19.60,69,3.50
2026-09-25T11:30,223,0.00,708,19.80,68,3.70
2026-09-25T11:40,224,0.00,670,19.90,69,4.20
2026-09-25T11:50,218,0.00,672,19.90,68,4.00
2026-09-25T12:00,208,0.00,671,19.90,68,4.20
2026-09-25T12:10,200,0.00,691,19.90,68,3.80
2026-09-25T12:20,217,0.00,758,20.00,66,4.70
2026-09-25T12:30,223,0.00,615,20.20,65,5.00
2026-09-25T12:40,223,0.00,474,20.40,64,4.60
2026-09-25T12:50,231,0.00,782,20.30,63,4.40
2026-09-25T13:00,234,0.00,797,20.40,62,4.10
2026-09-25T13:10,236,0.00,718,20.80,62,4.10
2026-09-25T13:20,232,0.00,323,20.70,62,4.70
2026-09-25T13:30,234,0.00,319,20.50,63,4.30
2026-09-25T13:40,231,0.00,382,20.60,63,4.10
2026-09-25T13:50,225,0.00,407,20.70,61,4.90
2026-09-25T14:00,223,0.00,595,20.70,62,4.80
2026-09-25T14:10,224,0.00,383,21.00,61,5.10
2026-09-25T14:20,230,0.00,695,21.00,61,5.20
2026-09-25T14:30,230,0.00,701,21.40,60,4.80
2026-09-25T14:40,222,0.00,485,21.30,60,5.00
2026-09-25T14:50,226,0.00,768,21.30,59,5.10
2026-09-25T15:00,220,0.00,279,21.20,59,5.70
2026-09-25T15:10,222,0.00,283,21.20,60,4.50
2026-09-25T15:20,226,0.00,212,21.10,61,4.80
2026-09-25T15:30,228,0.00,201,21.10,60,4.50
2026-09-25T15:40,227,0.00,248,21.20,60,4.80
2026-09-25T15:50,225,0.00,232,21.20,60,4.50
2026-09-25T16:00,236,0.00,233,21.40,58,4.10
2026-09-25T16:10,241,0.00,235,21.50,57,3.50
2026-09-25T16:20,239,0.00,217,21.60,57,3.70
2026-09-25T16:30,238,0.00,247,21.60,58,3.40
2026-09-25T16:40,236,0.00,233,21.70,57,3.50
2026-09-25T16:50,232,0.00,243,21.80,57,3.50
2026-09-25T17:00,238,0.00,367,21.90,56,3.70
2026-09-25T17:10,239,0.00,191,21.80,58,4.00
2026-09-25T17:20,243,0.00,331,21.90,57,3.90
2026-09-25T17:30,241,0.00,155,22.00,57,3.70
2026-09-25T17:40,239,0.00,135,21.70,58,4.10
2026-09-25T17:50,238,0.00,102,21.60,58,3.80
2026-09-25T18:00,243,0.00,87,21.50,59,3.70
2026-09-25T18:10,233,0.00,73,21.50,60,3.20
2026-09-25T18:20,224,0.00,52,21.40,60,3.10
2026-09-25T18:30,224,0.00,46,21.40,60,2.80
2026-09-25T18:40,230,0.00,37,21.30,61,2.40
2026-09-25T18:50,232,0.00,31,21.30,60,2.30
2026-09-25T19:00,226,0.00,26,21.20,62,1.70
2026-09-25T19:10,219,0.00,22,21.10,61,1.90
2026-09-25T19:20,211,0.00,0,20.90,62,0.50
2026-09-25T19:30,10,0.00,0,20.60,66,1.20
2026-09-25T19:40,38,0.00,0,20.20,68,1.30
2026-09-25T19:50,45,0.00,0,20.00,68,1.20
2026-09-25T20:00,11,0.00,0,20.00,68,1.60
2026-09-25T20:10,68,0.00,0,19.80,69,1.10
2026-09-25T20:20,109,0.00,0,19.70,70,1.00
2026-09-25T20:30,22,0.00,0,19.60,70,1.10
2026-09-25T20:40,41,0.00,0,19.30,71,1.10
2026-09-25T20:50,82,0.00,0,19.10,73,0.70
2026-09-25T21:00,38,0.00,0,19.00,74,0.80
2026-09-25T21:10,,0.00,0,18.70,77,0.00
2026-09-25T21:20,,0.00,0,18.60,76,0.00
2026-09-25T21:30,,0.00,0,18.60,77,0.00
2026-09-25T21:40,17,0.00,0,18.80,74,0.90
2026-09-25T21:50,53,0.00,0,18.90,73,0.60
2026-09-25T22:00,95,0.00,0,18.30,79,1.00
2026-09-25T22:10,83,0.00,0,18.30,78,1.00
2026-09-25T22:20,102,0.00,0,18.10,80,1.10
2026-09-25T22:30,95,0.00,0,17.90,81,1.20
2026-09-25T22:40,75,0.00,0,18.30,77,1.40
2026-09-25T22:50,78,0.00,0,18.20,77,1.40
2026-09-25T23:00,66,0.00,0,18.00,80,1.30
2026-09-25T23:10,107,0.00,0,17.90,81,0.40
2026-09-25T23:20,86,0.00,0,17.80,82,0.50
2026-09-25T23:30,92,0.00,0,17.70,83,0.60
2026-09-25T23:40,,0.00,0,17.80,82,0.00
2026-09-25T23:50,,0.00,0,17.90,81,0.00
2026-09-26T00:00,,0.00,0,17.90,81,0.00
2026-09-26T00:10,88,0.00,0,17.90,80,0.50
2026-09-26T00:20,,0.00,0,18.00,79,0.00
2026-09-26T00:30,12,0.00,0,18.20,77,0.50
2026-09-26T00:40,90,0.00,0,18.10,79,0.30
2026-09-26T00:50,,0.00,0,17.90,81,0.00
2026-09-26T01:00,,0.00,0,17.90,79,0.00
2026-09-26T01:10,21,0.00,0,18.10,76,0.80
2026-09-26T01:20,22,0.00,0,17.90,80,0.40
2026-09-26T01:30,19,0.00,0,17.90,79,1.00
2026-09-26T01:40,101,0.00,0,17.70,83,0.50
2026-09-26T01:50,73,0.00,0,17.50,86,0.90
2026-09-26T02:00,65,0.00,0,17.50,85,0.70
2026-09-26T02:10,90,0.00,0,17.60,84,0.80
2026-09-26T02:20,41,0.00,0,17.50,84,0.60
2026-09-26T02:30,,0.00,0,17.80,81,0.00
2026-09-26T02:40,94,0.00,0,17.60,84,0.80
2026-09-26T02:50,59,0.00,0,17.40,85,1.50
2026-09-26T03:00,57,0.00,0,17.50,84,1.70
2026-09-26T03:10,41,0.00,0,17.70,81,1.70
2026-09-26T03:20,50,0.00,0,18.00,77,2.00
2026-09-26T03:30,70,0.00,0,18.10,75,1.00
2026-09-26T03:40,,0.00,0,17.90,76,0.00
2026-09-26T03:50,337,0.00,0,17.80,77,1.40
2026-09-26T04:00,355,0.00,0,18.10,73,1.30
2026-09-26T04:10,10,0.00,0,17.90,74,1.00
2026-09-26T04:20,352,0.00,0,17.50,78,0.90
2026-09-26T04:30,22,0.00,0,17.40,77,0.70
2026-09-26T04:40,65,0.00,0,17.40,76,0.90
2026-09-26T04:50,67,0.00,0,17.30,77,0.70
2026-09-26T05:00,17,0.00,0,17.30,76,1.10
2026-09-26T05:10,105,0.00,0,17.10,79,0.60
2026-09-26T05:20,90,0.00,0,16.90,79,0.90
2026-09-26T05:30,89,0.00,0,16.70,82,1.20
2026-09-26T05:40,64,0.00,0,16.70,81,0.70
2026-09-26T05:50,100,0.00,0,16.60,82,0.90
2026-09-26T06:00,90,0.00,0,16.50,82,0.90
2026-09-26T06:10,86,0.00,0,16.80,78,0.80
2026-09-26T06:20,62,0.00,0,16.70,79,0.70
2026-09-26T06:30,91,0.00,0,16.60,81,0.50
2026-09-26T06:40,84,0.00,0,16.20,83,1.20
2026-09-26T06:50,80,0.00,0,16.20,83,1.30
2026-09-26T07:00,86,0.00,0,15.80,85,0.50
2026-09-26T07:10,109,0.00,0,15.60,87,0.60
2026-09-26T07:20,99,0.00,22,15.20,89,1.10
2026-09-26T07:30,86,0.00,26,15.20,87,1.10
2026-09-26T07:40,96,0.00,33,15.20,87,1.30
2026-09-26T07:50,75,0.00,43,15.40,85,0.70
2026-09-26T08:00,89,0.00,43,15.70,83,1.30
2026-09-26T08:10,81,0.00,56,15.30,87,1.60
2026-09-26T08:20,68,0.00,67,15.40,85,1.80
2026-09-26T08:30,70,0.00,82,15.50,83,1.70
2026-09-26T08:40,87,0.00,97,15.70,83,1.60
2026-09-26T08:50,73,0.00,103,15.80,81,1.30
2026-09-26T09:00,86,0.00,126,16.30,79,1.10
2026-09-26T09:10,102,0.00,145,16.00,86,1.10
2026-09-26T09:20,94,0.00,160,16.20,86,0.90
2026-09-26T09:30,109,0.00,153,16.50,84,0.60
2026-09-26T09:40,107,0.00,165,16.90,82,0.50
2026-09-26T09:50,107,0.00,191,17.20,80,0.70
2026-09-26T10:00,81,0.00,200,17.40,79,0.70
2026-09-26T10:10,57,0.00,221,17.80,76,0.90
2026-09-26T10:20,47,0.00,255,18.10,74,1.40
2026-09-26T10:30,37,0.00,248,18.30,73,1.30
2026-09-26T10:40,62,0.00,259,18.60,71,1.40
2026-09-26T10:50,73,0.00,274,18.60,70,1.50
2026-09-26T11:00,82,0.00,289,18.70,71,1.60
2026-09-26T11:10,62,0.00,286,18.80,71,1.50
2026-09-26T11:20,79,0.00,303,18.90,68,1.10
2026-09-26T11:30,138,0.00,291,19.10,64,0.70
2026-09-26T11:40,208,0.00,291,19.20,64,0.80
2026-09-26T11:50,223,0.00,320,19.20,65,1.50
2026-09-26T12:00,239,0.00,380,19.20,66,1.90
2026-09-26T12:10,223,0.00,378,19.30,66,2.10
2026-09-26T12:20,247,0.00,332,19.30,65,1.50
2026-09-26T12:30,246,0.00,397,19.40,62,1.20
2026-09-26T12:40,190,0.00,450,19.70,57,0.80
2026-09-26T12:50,266,0.00,512,20.00,54,1.30
2026-09-26T13:00,207,0.00,654,20.20,52,1.70
2026-09-26T13:10,206,0.00,861,20.60,52,2.10
2026-09-26T13:20,227,0.00,771,20.40,53,3.00
2026-09-26T13:30,228,,483,20.30,54,3.10
2026-09-26T13:40,240,,694,20.40,53,3.00
