datetime,DVENTO,PREC,RADSOL,TEMP,UMID,VVENTO
2026-08-08T03:00,172,0.00,0,17.40,91,0.70
2026-08-08T03:10,7,0.00,0,16.80,93,0.90
2026-08-08T03:20,5,0.00,0,16.60,94,1.40
2026-08-08T03:30,,0.00,0,16.80,90,0.00
2026-08-08T03:40,26,0.00,0,16.80,91,0.40
2026-08-08T03:50,355,0.00,0,16.40,92,0.90
2026-08-08T04:00,8,0.00,0,16.50,92,0.40
2026-08-08T04:10,5,0.00,0,16.30,93,1.10
2026-08-08T04:20,34,0.00,0,16.30,93,0.30
2026-08-08T04:30,5,0.00,0,16.20,94,1.40
2026-08-08T04:40,358,0.00,0,16.00,95,1.10
2026-08-08T04:50,357,0.00,0,16.20,94,1.10
2026-08-08T05:00,352,0.00,0,15.90,96,1.40
2026-08-08T05:10,353,0.00,0,15.90,96,1.30
2026-08-08T05:20,355,0.00,0,16.00,95,1.50
2026-08-08T05:30,341,0.00,0,16.00,95,1.20
2026-08-08T05:40,355,0.00,0,16.50,92,1.10
2026-08-08T05:50,7,0.00,0,16.40,92,1.10
2026-08-08T06:00,346,0.00,0,16.10,93,0.60
2026-08-08T06:10,4,0.00,6,16.10,94,1.00
2026-08-08T06:20,355,0.00,11,16.00,94,1.40
2026-08-08T06:30,347,0.00,17,16.30,93,1.30
2026-08-08T06:40,7,0.00,28,16.60,90,1.80
2026-08-08T06:50,0,0.00,41,17.00,89,1.10
2026-08-08T07:00,4,0.00,56,17.40,86,1.40
2026-08-08T07:10,343,0.00,60,17.50,86,1.10
2026-08-08T07:20,331,0.00,43,17.90,86,1.10
2026-08-08T07:30,346,0.00,54,17.90,88,0.60
2026-08-08T07:40,1,0.00,81,18.00,90,0.80
2026-08-08T07:50,353,0.00,99,18.30,89,0.90
2026-08-08T08:00,4,0.00,100,18.70,87,0.40
2026-08-08T08:10,,0.00,143,18.90,89,0.00
2026-08-08T08:20,12,0.00,127,19.20,89,0.80
2026-08-08T08:30,10,0.00,104,19.20,89,0.70
2026-08-08T08:40,22,0.00,100,19.20,90,1.10
2026-08-08T08:50,27,0.00,104,19.20,86,1.30
2026-08-08T09:00,,0.00,114,19.10,89,0.00
2026-08-08T09:10,21,0.00,409,19.30,87,1.60
2026-08-08T09:20,23,0.00,450,20.20,87,0.80
2026-08-08T09:30,18,0.00,453,20.50,84,1.70
2026-08-08T09:40,16,0.00,496,21.20,81,1.40
2026-08-08T09:50,16,0.00,537,21.80,76,1.60
2026-08-08T10:00,16,0.00,562,22.30,71,1.30
2026-08-08T10:10,28,0.00,589,23.40,70,0.60
2026-08-08T10:20,,0.00,628,24.40,61,0.00
2026-08-08T10:30,172,0.00,661,24.80,58,0.60
2026-08-08T10:40,162,0.00,681,24.90,61,0.80
2026-08-08T10:50,184,0.00,723,24.60,60,1.20
2026-08-08T11:00,184,0.00,764,25.40,61,1.20
2026-08-08T11:10,185,0.00,818,26.00,59,1.50
2026-08-08T11:20,196,0.00,848,26.60,58,1.50
2026-08-08T11:30,209,0.00,801,26.70,54,1.60
2026-08-08T11:40,174,0.00,812,27.20,53,1.30
2026-08-08T11:50,201,0.00,849,27.50,51,1.50
2026-08-08T12:00,186,0.00,891,27.60,51,2.00
2026-08-08T12:10,195,0.00,934,27.60,48,1.50
2026-08-08T12:20,189,0.00,956,27.80,51,1.50
2026-08-08T12:30,175,0.00,422,28.50,49,1.40
2026-08-08T12:40,193,0.00,250,27.40,50,1.80
2026-08-08T12:50,189,0.00,951,27.20,51,1.40
2026-08-08T13:00,188,0.00,935,28.50,45,1.50
2026-08-08T13:10,197,0.00,336,28.50,50,1.30
2026-08-08T13:20,174,0.00,848,28.10,49,1.30
2026-08-08T13:30,237,0.00,345,28.60,45,0.60
2026-08-08T13:40,304,0.00,921,28.90,46,1.20
2026-08-08T13:50,188,0.00,400,28.60,44,1.40
2026-08-08T14:00,225,0.00,955,28.70,45,0.90
2026-08-08T14:10,214,0.00,952,28.90,44,2.00
2026-08-08T14:20,147,0.00,954,29.40,46,1.30
2026-08-08T14:30,190,0.00,988,29.70,44,2.00
2026-08-08T14:40,178,0.00,980,29.50,47,2.60
2026-08-08T14:50,180,0.00,943,29.80,45,1.60
2026-08-08T15:00,178,0.00,936,29.20,47,2.40
2026-08-08T15:10,180,0.00,899,29.70,49,2.50
2026-08-08T15:20,168,0.00,205,29.00,48,1.70
2026-08-08T15:30,94,0.00,280,25.20,71,2.10
2026-08-08T15:40,15,0.00,189,23.90,82,2.10
2026-08-08T15:50,21,0.00,702,23.90,84,3.00
2026-08-08T16:00,17,0.00,165,24.10,83,2.50
2026-08-08T16:10,18,0.00,171,24.30,84,2.20
2026-08-08T16:20,11,0.00,259,24.40,82,1.30
2026-08-08T16:30,,0.00,698,26.40,71,0.00
2026-08-08T16:40,,0.00,649,27.90,61,0.00
2026-08-08T16:50,185,0.00,632,28.50,56,1.50
2026-08-08T17:00,192,0.00,582,28.90,51,1.70
2026-08-08T17:10,207,0.00,110,27.80,52,2.10
2026-08-08T17:20,308,0.00,486,26.00,71,0.50
2026-08-08T17:30,21,0.00,141,25.20,70,2.20
2026-08-08T17:40,32,0.00,108,25.10,73,1.80
2026-08-08T17:50,20,0.00,106,24.60,77,2.10
2026-08-08T18:00,12,0.00,156,24.60,77,1.80
2026-08-08T18:10,15,0.00,182,24.80,74,1.50
2026-08-08T18:20,,0.00,120,25.60,70,0.00
2026-08-08T18:30,221,0.00,239,25.20,66,0.30
2026-08-08T18:40,240,0.00,120,25.10,66,0.50
2026-08-08T18:50,229,0.00,66,25.00,72,0.80
2026-08-08T19:00,9,0.00,78,24.00,76,0.80
2026-08-08T19:10,354,0.00,65,23.30,79,1.20
2026-08-08T19:20,,0.00,92,23.30,80,
2026-08-08T19:30,14,0.00,46,23.10,82,1.10
2026-08-08T19:40,18,0.00,49,22.80,80,1.50
2026-08-08T19:50,7,0.00,49,22.30,83,1.70
2026-08-08T20:00,19,0.00,32,22.40,82,1.60
2026-08-08T20:10,14,0.00,20,22.00,81,1.90
2026-08-08T20:20,23,0.00,12,21.80,81,2.50
2026-08-08T20:30,22,0.00,7,21.40,83,1.90
2026-08-08T20:40,22,0.00,0,21.30,83,1.90
2026-08-08T20:50,21,0.00,0,20.80,84,1.70
2026-08-08T21:00,8,0.00,0,20.60,85,1.50
2026-08-08T21:10,3,0.00,0,20.40,84,1.20
2026-08-08T21:20,3,0.00,0,20.40,84,1.60
2026-08-08T21:30,13,0.00,0,20.50,82,1.40
2026-08-08T21:40,9,0.00,0,20.10,83,1.40
2026-08-08T21:50,22,0.00,0,20.00,83,1.50
2026-08-08T22:00,8,0.00,0,20.30,83,1.50
2026-08-08T22:10,12,0.00,0,20.50,82,1.20
2026-08-08T22:20,3,0.00,0,20.00,86,1.40
2026-08-08T22:30,21,0.00,0,20.60,79,2.00
2026-08-08T22:40,348,0.00,0,19.80,85,1.40
2026-08-08T22:50,353,0.00,0,19.90,83,1.60
2026-08-08T23:00,352,0.00,0,19.60,85,1.20
2026-08-08T23:10,351,0.00,0,18.90,90,1.30
2026-08-08T23:20,6,0.00,0,19.20,87,1.50
2026-08-08T23:30,348,0.00,0,19.30,86,1.20
2026-08-08T23:40,350,0.00,0,18.70,90,1.00
2026-08-08T23:50,351,0.00,0,19.20,87,1.20
2026-08-09T00:00,6,0.00,0,19.60,83,1.50
2026-08-09T00:10,1,0.00,0,19.30,87,0.90
2026-08-09T00:20,358,0.00,0,18.70,88,1.50
2026-08-09T00:30,18,0.00,0,18.90,88,0.70
2026-08-09T00:40,5,0.00,0,18.30,91,1.30
2026-08-09T00:50,8,0.00,0,18.20,92,1.30
2026-08-09T01:00,13,0.00,0,18.40,89,1.40
2026-08-09T01:10,355,0.00,0,18.70,87,1.10
2026-08-09T01:20,17,0.00,0,18.70,88,1.80
2026-08-09T01:30,7,0.00,0,19.50,83,1.90
2026-08-09T01:40,19,0.00,0,19.80,81,1.50
2026-08-09T01:50,5,0.00,0,19.70,83,1.60
2026-08-09T02:00,354,0.00,0,19.70,83,1.50
2026-08-09T02:10,334,0.00,0,19.60,84,0.90
2026-08-09T02:20,356,0.00,0,19.70,84,1.10
2026-08-09T02:30,340,0.00,0,19.60,85,0.90
2026-08-09T02:40,347,0.00,0,19.20,86,1.10
2026-08-09T02:50,344,0.00,0,18.70,89,1.20
2026-08-09T03:00,349,0.00,0,18.90,86,0.60
2026-08-09T03:10,8,0.00,0,18.70,87,1.00
2026-08-09T03:20,342,0.00,0,18.30,90,1.10
2026-08-09T03:30,356,0.00,0,18.10,91,1.30
2026-08-09T03:40,4,0.00,0,18.70,87,1.80
2026-08-09T03:50,19,0.00,0,19.10,83,1.70
2026-08-09T04:00,4,0.00,0,18.90,84,2.10
2026-08-09T04:10,356,0.00,0,18.50,86,1.00
2026-08-09T04:20,352,0.00,0,18.10,89,1.00
2026-08-09T04:30,,0.00,0,18.00,89,0.00
2026-08-09T04:40,,0.00,0,17.70,90,0.00
2026-08-09T04:50,2,0.00,0,17.40,92,1.10
2026-08-09T05:00,16,0.00,0,17.20,93,0.60
2026-08-09T05:10,358,0.00,0,16.90,94,1.40
2026-08-09T05:20,350,0.00,0,16.90,94,1.40
2026-08-09T05:30,350,0.00,0,17.10,92,1.10
2026-08-09T05:40,335,0.00,0,17.20,91,0.50
2026-08-09T05:50,,0.00,0,17.00,92,0.00
2026-08-09T06:00,345,0.00,0,16.90,93,0.90
2026-08-09T06:10,11,0.00,0,17.20,90,0.70
2026-08-09T06:20,344,0.00,8,16.70,93,0.70
2026-08-09T06:30,,0.00,13,17.10,91,0.00
2026-08-09T06:40,1,0.00,18,17.20,91,0.40
2026-08-09T06:50,347,0.00,24,17.00,92,1.00
2026-08-09T07:00,343,0.00,29,17.20,91,0.70
2026-08-09T07:10,,0.00,34,17.30,90,0.00
2026-08-09T07:20,344,0.00,40,17.20,92,0.40
2026-08-09T07:30,355,0.00,46,17.30,91,0.90
2026-08-09T07:40,355,0.00,51,17.40,92,0.80
2026-08-09T07:50,354,0.00,55,17.70,91,1.00
2026-08-09T08:00,8,0.00,59,17.70,91,1.70
2026-08-09T08:10,17,0.00,63,18.00,89,1.60
2026-08-09T08:20,17,0.00,65,18.30,88,1.40
2026-08-09T08:30,11,0.00,68,18.60,86,0.70
2026-08-09T08:40,218,0.00,73,18.30,88,0.30
2026-08-09T08:50,0,0.00,80,18.40,90,0.70
2026-08-09T09:00,20,0.00,88,18.70,86,1.50
2026-08-09T09:10,23,0.00,321,18.80,87,2.10
2026-08-09T09:20,24,0.00,442,19.70,82,2.90
2026-08-09T09:30,30,0.00,500,20.80,80,1.70
2026-08-09T09:40,19,0.00,533,21.10,82,1.50
2026-08-09T09:50,24,0.00,539,22.30,72,1.50
2026-08-09T10:00,32,0.00,576,23.00,71,0.90
2026-08-09T10:10,89,0.00,604,24.40,63,0.80
2026-08-09T10:20,84,0.00,637,24.60,62,0.60
2026-08-09T10:30,111,0.00,661,24.90,62,0.80
2026-08-09T10:40,87,0.00,644,25.20,66,1.20
2026-08-09T10:50,98,0.00,698,26.00,66,0.80
2026-08-09T11:00,,0.00,708,26.20,58,0.00
2026-08-09T11:10,,0.00,777,27.00,58,0.00
2026-08-09T11:20,184,0.00,810,26.60,58,1.20
2026-08-09T11:30,193,0.00,848,27.50,50,1.90
2026-08-09T11:40,190,0.00,820,27.40,51,2.30
2026-08-09T11:50,192,0.00,822,27.70,54,1.70
2026-08-09T12:00,190,0.00,813,27.60,51,2.40
2026-08-09T12:10,193,0.00,860,27.90,53,2.20
2026-08-09T12:20,197,0.00,863,28.00,50,2.50
2026-08-09T12:30,202,0.00,863,28.30,51,2.40
2026-08-09T12:40,201,0.00,891,28.50,48,1.70
2026-08-09T12:50,199,0.00,865,28.70,50,1.60
2026-08-09T13:00,192,0.00,896,29.00,51,1.60
2026-08-09T13:10,202,0.00,903,29.00,49,2.00
2026-08-09T13:20,192,0.00,896,29.10,47,2.10
2026-08-09T13:30,193,0.00,898,29.50,48,1.90
2026-08-09T13:40,160,0.00,885,29.70,44,1.80
2026-08-09T13:50,172,0.00,899,30.00,47,1.60
2026-08-09T14:00,188,0.00,905,30.20,45,1.60
2026-08-09T14:10,192,0.00,900,29.90,46,2.30
2026-08-09T14:20,195,0.00,904,29.90,45,2.10
2026-08-09T14:30,162,0.00,916,30.50,42,1.90
2026-08-09T14:40,171,0.00,889,30.50,45,1.70
2026-08-09T14:50,184,0.00,881,30.90,46,2.00
2026-08-09T15:00,183,0.00,698,30.60,45,2.20
2026-08-09T15:10,178,0.00,826,30.80,47,1.60
2026-08-09T15:20,187,0.00,819,30.70,46,2.10
2026-08-09T15:30,180,0.00,654,30.70,44,1.80
2026-08-09T15:40,185,0.00,757,30.40,44,2.20
2026-08-09T15:50,173,0.00,726,30.50,46,2.40
2026-08-09T16:00,160,0.00,710,30.60,43,2.20
2026-08-09T16:10,167,0.00,699,30.60,44,1.80
2026-08-09T16:20,190,0.00,670,30.70,45,2.00
2026-08-09T16:30,176,0.00,639,30.80,45,2.20
2026-08-09T16:40,184,0.00,612,30.30,44,3.30
2026-08-09T16:50,192,0.00,576,30.60,45,2.60
2026-08-09T17:00,173,0.00,546,30.10,45,2.70
2026-08-09T17:10,170,0.00,511,30.20,44,2.80
2026-08-09T17:20,174,0.00,478,29.70,46,3.00
2026-08-09T17:30,162,0.00,448,29.90,45,2.50
2026-08-09T17:40,185,0.00,419,29.90,48,1.80
2026-08-09T17:50,190,0.00,389,29.60,50,2.00
2026-08-09T18:00,203,0.00,355,29.40,51,1.20
2026-08-09T18:10,243,0.00,322,28.30,57,1.10
2026-08-09T18:20,315,0.00,294,27.50,60,0.60
2026-08-09T18:30,13,0.00,262,26.40,61,1.60
2026-08-09T18:40,19,0.00,135,25.30,65,1.80
2026-08-09T18:50,26,0.00,76,24.60,69,2.30
2026-08-09T19:00,19,0.00,56,24.20,71,2.30
2026-08-09T19:10,21,0.00,55,24.00,71,2.00
2026-08-09T19:20,17,0.00,50,23.80,72,2.20
2026-08-09T19:30,24,0.00,44,23.90,70,2.70
2026-08-09T19:40,20,0.00,39,23.70,70,2.30
2026-08-09T19:50,20,0.00,29,23.10,74,2.40
2026-08-09T20:00,17,0.00,22,23.30,72,1.90
2026-08-09T20:10,13,0.00,16,22.70,77,1.70
2026-08-09T20:20,11,0.00,10,22.30,76,2.00
2026-08-09T20:30,18,0.00,0,22.10,77,1.60
2026-08-09T20:40,26,0.00,0,21.80,76,1.00
2026-08-09T20:50,13,0.00,0,21.90,77,1.60
2026-08-09T21:00,3,0.00,0,21.80,76,1.10
2026-08-09T21:10,18,0.00,0,22.20,75,1.80
2026-08-09T21:20,19,0.00,0,22.20,73,2.20
2026-08-09T21:30,17,0.00,0,22.30,71,2.60
2026-08-09T21:40,19,0.00,0,22.40,71,2.60
2026-08-09T21:50,13,0.00,0,22.20,72,1.40
2026-08-09T22:00,12,0.00,0,21.90,73,1.70
2026-08-09T22:10,13,0.00,0,21.30,77,1.50
2026-08-09T22:20,18,0.00,0,21.80,73,2.70
2026-08-09T22:30,22,0.00,0,21.80,73,2.80
2026-08-09T22:40,25,0.00,0,21.70,73,2.00
2026-08-09T22:50,22,0.00,0,22.00,71,2.40
2026-08-09T23:00,22,0.00,0,21.60,73,2.10
2026-08-09T23:10,352,0.00,0,21.40,73,1.70
2026-08-09T23:20,19,0.00,0,22.00,71,2.20
2026-08-09T23:30,19,0.00,0,21.90,70,3.50
2026-08-09T23:40,26,0.00,0,21.80,70,2.90
2026-08-09T23:50,16,0.00,0,21.50,73,1.90
2026-08-10T00:00,6,0.00,0,21.20,74,1.80
2026-08-10T00:10,26,0.00,0,20.80,77,0.70
2026-08-10T00:20,330,0.00,0,20.40,77,0.60
2026-08-10T00:30,4,0.00,0,19.90,80,1.20
2026-08-10T00:40,11,0.00,0,19.90,80,1.00
2026-08-10T00:50,,0.00,0,19.80,80,0.00
2026-08-10T01:00,7,0.00,0,19.10,86,0.80
2026-08-10T01:10,11,0.00,0,19.00,87,1.40
2026-08-10T01:20,10,0.00,0,18.50,89,1.70
2026-08-10T01:30,12,0.00,0,19.10,84,1.80
2026-08-10T01:40,0,0.00,0,18.70,87,1.40
2026-08-10T01:50,341,0.00,0,19.40,81,1.70
2026-08-10T02:00,15,0.00,0,20.00,76,1.20
2026-08-10T02:10,8,0.00,0,19.90,78,0.70
2026-08-10T02:20,1,0.00,0,19.50,80,1.60
2026-08-10T02:30,359,0.00,0,19.40,79,1.60
2026-08-10T02:40,11,0.00,0,20.10,74,1.70
2026-08-10T02:50,354,0.00,0,19.90,74,1.30
2026-08-10T03:00,9,0.00,0,19.80,76,1.70
2026-08-10T03:10,355,0.00,0,19.70,76,0.90
2026-08-10T03:20,5,0.00,0,19.10,79,1.30
2026-08-10T03:30,9,0.00,0,19.20,77,1.70
2026-08-10T03:40,20,0.00,0,20.10,73,2.70
2026-08-10T03:50,8,0.00,0,20.00,72,1.60
2026-08-10T04:00,9,0.00,0,20.10,72,1.30
2026-08-10T04:10,11,0.00,0,20.60,69,1.80
2026-08-10T04:20,16,0.00,0,20.50,70,1.80
2026-08-10T04:30,349,0.00,0,21.00,69,1.80
2026-08-10T04:40,352,0.00,0,20.40,72,1.40
2026-08-10T04:50,,0.00,0,20.40,73,0.00
2026-08-10T05:00,,0.00,0,20.00,76,0.00
2026-08-10T05:10,359,0.00,0,19.70,78,0.40
2026-08-10T05:20,,0.00,0,19.70,80,0.00
2026-08-10T05:30,4,0.00,0,19.40,80,0.40
2026-08-10T05:40,12,0.00,0,19.00,85,1.60
2026-08-10T05:50,13,0.00,0,18.90,85,1.60
2026-08-10T06:00,11,0.00,0,19.00,83,1.40
2026-08-10T06:10,8,0.00,0,19.00,84,1.20
2026-08-10T06:20,354,0.00,7,18.70,86,1.20
2026-08-10T06:30,358,0.00,11,19.10,83,1.20
2026-08-10T06:40,4,0.00,15,19.20,84,0.90
2026-08-10T06:50,11,0.00,17,19.00,87,1.30
2026-08-10T07:00,10,0.00,28,19.30,81,1.50
2026-08-10T07:10,13,0.00,37,19.30,84,1.20
2026-08-10T07:20,31,0.00,47,19.60,81,0.70
2026-08-10T07:30,15,0.00,62,19.30,86,1.10
2026-08-10T07:40,15,0.00,83,19.80,86,1.60
2026-08-10T07:50,26,0.00,102,20.30,83,1.60
2026-08-10T08:00,2,0.00,120,20.40,83,1.10
2026-08-10T08:10,5,0.00,137,20.80,83,1.10
2026-08-10T08:20,15,0.00,143,21.20,78,1.30
2026-08-10T08:30,21,0.00,114,21.20,82,1.20
2026-08-10T08:40,12,0.00,125,21.00,81,1.20
2026-08-10T08:50,31,0.00,133,21.20,78,1.60
2026-08-10T09:00,25,0.00,145,21.30,76,1.40
2026-08-10T09:10,35,0.00,126,21.40,78,1.20
2026-08-10T09:20,344,0.00,204,21.00,83,0.40
2026-08-10T09:30,21,0.00,533,22.20,78,0.90
2026-08-10T09:40,354,0.00,553,22.60,75,0.90
2026-08-10T09:50,64,0.00,553,24.20,67,0.80
2026-08-10T10:00,91,0.00,572,24.90,63,0.80
2026-08-10T10:10,74,0.00,598,25.20,61,1.00
2026-08-10T10:20,84,0.00,626,25.30,60,1.10
2026-08-10T10:30,167,0.00,647,25.30,57,0.90
2026-08-10T10:40,182,0.00,668,25.40,60,1.30
2026-08-10T10:50,130,0.00,691,26.00,58,1.10
2026-08-10T11:00,85,0.00,715,26.20,55,1.20
2026-08-10T11:10,130,0.00,731,27.10,56,0.50
2026-08-10T11:20,141,0.00,751,27.10,51,0.50
2026-08-10T11:30,70,0.00,771,27.20,52,0.60
2026-08-10T11:40,96,0.00,785,27.40,50,0.70
2026-08-10T11:50,157,0.00,798,28.20,51,1.00
2026-08-10T12:00,221,0.00,817,28.00,52,1.80
2026-08-10T12:10,228,0.00,833,28.40,49,2.40
2026-08-10T12:20,221,0.00,849,28.50,49,2.50
2026-08-10T12:30,221,0.00,861,29.10,50,2.60
2026-08-10T12:40,216,0.00,869,29.50,49,2.20
2026-08-10T12:50,199,0.00,881,29.80,47,2.20
2026-08-10T13:00,210,0.00,891,29.90,43,2.40
2026-08-10T13:10,211,0.00,904,30.30,42,1.80
2026-08-10T13:20,188,0.00,927,30.70,42,1.40
2026-08-10T13:30,201,0.00,208,29.30,48,1.60
2026-08-10T13:40,201,0.00,467,29.80,40,0.90
2026-08-10T13:50,198,0.00,155,29.00,47,1.40
2026-08-10T14:00,132,0.00,162,28.30,48,1.20
2026-08-10T14:10,,0.00,202,28.10,51,0.00
2026-08-10T14:20,208,0.00,235,28.60,58,1.10
2026-08-10T14:30,234,0.00,289,29.60,43,1.30
2026-08-10T14:40,230,0.00,237,29.50,45,1.80
2026-08-10T14:50,195,0.00,183,28.20,62,1.10
2026-08-10T15:00,43,0.00,183,27.20,67,0.80
2026-08-10T15:10,18,0.00,125,26.30,67,1.90
2026-08-10T15:20,7,0.00,76,25.70,68,1.20
2026-08-10T15:30,22,0.00,43,23.90,80,2.80
2026-08-10T15:40,16,5.00,28,21.60,96,3.50
2026-08-10T15:50,337,15.40,42,18.20,94,3.40
2026-08-10T16:00,3,3.60,114,18.00,95,0.90
2026-08-10T16:10,349,0.00,90,17.90,97,2.00
2026-08-10T16:20,346,0.00,150,18.10,98,2.00
2026-08-10T16:30,5,0.40,198,18.50,97,1.90
2026-08-10T16:40,46,0.00,275,19.50,96,1.30
2026-08-10T16:50,8,0.00,198,20.10,97,1.30
2026-08-10T17:00,356,0.00,241,20.10,97,1.20
2026-08-10T17:10,127,0.00,560,21.00,98,0.40
2026-08-10T17:20,344,0.00,516,21.30,92,1.60
2026-08-10T17:30,310,0.00,193,22.00,91,0.50
2026-08-10T17:40,355,0.00,442,21.80,93,0.70
2026-08-10T17:50,332,0.00,380,22.00,93,1.10
2026-08-10T18:00,335,0.00,338,21.60,93,0.90
2026-08-10T18:10,348,0.00,197,21.20,93,1.10
2026-08-10T18:20,353,0.00,276,20.80,92,1.20
2026-08-10T18:30,344,0.00,257,20.30,91,1.30
2026-08-10T18:40,9,0.00,90,19.70,90,1.70
2026-08-10T18:50,351,0.00,92,19.40,93,1.20
2026-08-10T19:00,13,0.00,72,19.40,94,1.20
2026-08-10T19:10,356,0.00,64,19.30,95,1.30
2026-08-10T19:20,351,0.00,52,19.10,96,1.20
2026-08-10T19:30,4,0.00,48,19.00,97,1.30
2026-08-10T19:40,2,0.00,37,18.90,96,1.60
2026-08-10T19:50,353,0.00,30,18.80,96,1.70
2026-08-10T20:00,339,0.00,22,18.70,96,1.30
2026-08-10T20:10,345,0.00,18,18.50,97,2.00
2026-08-10T20:20,349,0.00,13,18.40,97,1.90
2026-08-10T20:30,331,0.00,8,18.20,97,1.50
2026-08-10T20:40,341,0.00,0,18.10,97,1.70
2026-08-10T20:50,340,0.00,0,18.00,97,1.40
2026-08-10T21:00,348,0.00,0,17.90,98,1.60
2026-08-10T21:10,344,0.00,0,18.00,97,1.40
2026-08-10T21:20,344,0.00,0,18.00,97,1.40
2026-08-10T21:30,332,0.00,0,18.10,97,0.90
2026-08-10T21:40,345,0.00,0,18.00,97,0.70
2026-08-10T21:50,,0.00,0,17.80,98,0.00
2026-08-10T22:00,359,0.00,0,17.70,99,1.00
2026-08-10T22:10,13,0.00,0,17.60,99,1.20
2026-08-10T22:20,344,0.00,0,17.50,99,1.50
2026-08-10T22:30,351,0.00,0,17.50,99,0.90
2026-08-10T22:40,351,0.00,0,17.50,99,0.90
2026-08-10T22:50,347,0.00,0,17.40,99,0.80
2026-08-10T23:00,,0.00,0,17.40,99,0.00
2026-08-10T23:10,345,0.00,0,17.20,99,0.60
2026-08-10T23:20,2,0.00,0,17.10,99,1.20
2026-08-10T23:30,12,0.00,0,16.90,99,0.80
2026-08-10T23:40,3,0.00,0,16.80,99,0.90
2026-08-10T23:50,14,0.00,0,16.70,99,0.60
2026-08-11T00:00,9,0.00,0,16.60,99,1.60
2026-08-11T00:10,6,0.00,0,16.60,99,0.90
2026-08-11T00:20,17,0.00,0,16.50,99,0.90
2026-08-11T00:30,12,0.00,0,16.40,99,1.00
2026-08-11T00:40,18,0.00,0,16.40,99,1.90
2026-08-11T00:50,17,0.00,0,16.50,98,1.40
2026-08-11T01:00,13,0.00,0,16.60,97,1.90
2026-08-11T01:10,8,0.00,0,16.50,97,1.80
2026-08-11T01:20,356,0.00,0,16.30,97,1.60
2026-08-11T01:30,11,0.00,0,16.20,97,1.60
2026-08-11T01:40,355,0.00,0,16.10,97,1.40
2026-08-11T01:50,350,0.00,0,16.10,95,1.60
2026-08-11T02:00,14,0.00,0,16.10,96,1.30
2026-08-11T02:10,358,0.00,0,16.00,96,1.20
2026-08-11T02:20,2,0.00,0,16.10,95,1.90
2026-08-11T02:30,354,0.00,0,16.00,95,1.10
2026-08-11T02:40,4,0.00,0,15.60,97,1.50
2026-08-11T02:50,353,0.00,0,15.70,95,1.40
2026-08-11T03:00,7,0.00,0,15.60,96,1.30
2026-08-11T03:10,13,0.00,0,15.90,95,1.40
2026-08-11T03:20,14,0.00,0,15.60,96,1.70
2026-08-11T03:30,1,0.00,0,15.70,96,1.50
2026-08-11T03:40,351,0.00,0,15.90,95,1.70
2026-08-11T03:50,11,0.00,0,16.20,91,1.50
2026-08-11T04:00,12,0.00,0,16.70,89,1.60
2026-08-11T04:10,16,0.00,0,16.80,86,1.50
2026-08-11T04:20,4,0.00,0,17.00,86,1.80
2026-08-11T04:30,359,0.00,0,16.70,87,1.20
2026-08-11T04:40,355,0.00,0,16.70,89,1.50
2026-08-11T04:50,341,0.00,0,16.10,93,1.60
2026-08-11T05:00,351,0.00,0,16.20,93,1.50
2026-08-11T05:10,349,0.00,0,16.30,92,1.60
2026-08-11T05:20,3,0.00,0,16.20,93,1.40
2026-08-11T05:30,357,0.00,0,16.30,90,1.60
2026-08-11T05:40,342,0.00,0,16.50,89,1.60
2026-08-11T05:50,345,0.00,0,16.70,88,1.90
2026-08-11T06:00,353,0.00,0,16.20,90,1.60
2026-08-11T06:10,349,0.00,0,16.40,87,1.40
2026-08-11T06:20,339,0.00,6,16.40,90,1.50
2026-08-11T06:30,343,0.00,9,16.10,91,1.60
2026-08-11T06:40,348,0.00,15,16.10,90,1.60
2026-08-11T06:50,350,0.00,22,16.70,87,1.70
2026-08-11T07:00,355,0.00,28,16.90,83,1.80
2026-08-11T07:10,1,0.00,32,17.30,83,1.80
2026-08-11T07:20,7,0.00,36,17.40,83,1.50
2026-08-11T07:30,8,0.00,44,17.60,79,1.80
2026-08-11T07:40,353,0.00,52,17.80,78,1.50
2026-08-11T07:50,345,0.00,57,17.40,85,1.10
2026-08-11T08:00,340,0.00,64,17.50,84,0.80
2026-08-11T08:10,7,0.00,71,17.10,90,0.90
2026-08-11T08:20,13,0.00,78,17.30,91,1.90
2026-08-11T08:30,17,0.00,85,17.50,90,2.10
2026-08-11T08:40,16,0.00,91,18.20,83,2.80
2026-08-11T08:50,20,0.00,97,18.90,79,3.10
2026-08-11T09:00,25,0.00,102,19.10,78,3.10
2026-08-11T09:10,31,0.00,185,19.50,76,3.40
2026-08-11T09:20,31,0.00,429,20.30,73,3.50
2026-08-11T09:30,36,0.00,453,21.20,70,2.50
2026-08-11T09:40,36,0.00,478,22.00,65,1.80
2026-08-11T09:50,43,0.00,504,21.90,72,1.10
2026-08-11T10:00,,0.00,532,22.40,69,0.00
2026-08-11T10:10,354,0.00,572,22.60,70,0.60
2026-08-11T10:20,27,0.00,605,23.20,70,0.60
2026-08-11T10:30,26,0.00,624,23.90,70,0.80
2026-08-11T10:40,354,0.00,646,23.90,66,0.70
2026-08-11T10:50,17,0.00,669,24.90,65,0.60
2026-08-11T11:00,10,0.00,694,25.10,58,1.20
2026-08-11T11:10,19,0.00,712,25.70,56,0.90
2026-08-11T11:20,62,0.00,727,26.30,55,0.70
2026-08-11T11:30,20,0.00,745,26.40,53,0.90
2026-08-11T11:40,69,0.00,769,27.50,52,0.80
2026-08-11T11:50,88,0.00,778,28.20,57,0.50
2026-08-11T12:00,120,0.00,786,28.40,47,0.60
2026-08-11T12:10,173,0.00,797,28.90,47,0.90
2026-08-11T12:20,188,0.00,807,28.70,50,1.10
2026-08-11T12:30,202,0.00,811,28.90,50,1.10
2026-08-11T12:40,206,0.00,830,29.00,57,1.10
2026-08-11T12:50,181,0.00,842,29.40,51,1.40
2026-08-11T13:00,223,0.00,848,29.50,49,1.10
2026-08-11T13:10,243,0.00,868,29.90,43,1.10
2026-08-11T13:20,195,0.00,875,30.70,46,0.80
2026-08-11T13:30,193,0.00,869,31.30,37,1.30
2026-08-11T13:40,209,0.00,302,30.80,35,2.20
2026-08-11T13:50,217,0.00,901,31.10,44,2.00
2026-08-11T14:00,178,0.00,872,31.30,37,1.60
2026-08-11T14:10,187,0.00,882,30.20,42,0.60
2026-08-11T14:20,191,0.00,903,30.10,51,1.10
2026-08-11T14:30,202,0.00,257,30.10,41,1.50
2026-08-11T14:40,182,0.00,871,30.50,43,1.30
2026-08-11T14:50,170,0.00,221,29.50,52,1.10
2026-08-11T15:00,,0.00,265,29.20,56,0.00
2026-08-11T15:10,350,0.00,814,30.10,53,0.50
2026-08-11T15:20,,0.00,771,31.00,46,0.00
2026-08-11T15:30,218,0.00,763,31.70,38,0.90
2026-08-11T15:40,204,0.00,746,31.50,46,1.60
2026-08-11T15:50,212,0.00,698,31.70,40,1.60
2026-08-11T16:00,187,0.00,677,31.80,39,1.60
2026-08-11T16:10,187,0.00,639,31.70,37,1.80
2026-08-11T16:20,223,0.00,615,31.60,53,1.30
2026-08-11T16:30,212,0.00,597,31.40,47,1.30
2026-08-11T16:40,220,0.00,568,31.30,40,1.40
2026-08-11T16:50,218,0.00,548,31.20,43,1.30
2026-08-11T17:00,220,0.00,520,30.80,41,1.80
2026-08-11T17:10,215,0.00,484,31.10,36,2.30
2026-08-11T17:20,217,0.00,449,30.40,47,2.00
2026-08-11T17:30,212,0.00,414,30.60,45,1.50
2026-08-11T17:40,155,0.00,387,30.30,42,1.50
2026-08-11T17:50,187,0.00,372,30.30,50,1.00
2026-08-11T18:00,221,0.00,334,29.10,50,0.60
2026-08-11T18:10,,0.00,137,27.80,55,0.00
2026-08-11T18:20,4,0.00,328,26.80,65,0.40
2026-08-11T18:30,17,0.00,321,27.70,54,0.80
2026-08-11T18:40,17,0.00,194,26.40,57,2.00
2026-08-11T18:50,35,0.00,184,27.40,51,2.00
2026-08-11T19:00,64,0.00,168,27.60,50,0.90
2026-08-11T19:10,27,0.00,165,26.20,68,1.20
2026-08-11T19:20,23,0.00,143,25.90,61,3.00
2026-08-11T19:30,25,0.00,130,25.80,57,1.40
2026-08-11T19:40,19,0.00,115,26.10,55,1.80
2026-08-11T19:50,24,0.00,79,25.80,56,2.80
2026-08-11T20:00,353,0.00,48,25.40,59,1.80
2026-08-11T20:10,349,0.00,27,25.40,58,1.70
2026-08-11T20:20,16,0.00,14,24.80,61,1.80
2026-08-11T20:30,7,0.00,0,24.80,60,1.80
2026-08-11T20:40,343,0.00,0,24.50,61,1.60
2026-08-11T20:50,340,0.00,0,24.00,65,1.60
2026-08-11T21:00,343,0.00,0,23.50,63,1.40
2026-08-11T21:10,332,0.00,0,23.90,59,2.00
2026-08-11T21:20,338,0.00,0,23.60,56,2.10
2026-08-11T21:30,346,0.00,0,24.50,46,1.20
2026-08-11T21:40,329,0.00,0,24.20,47,2.60
2026-08-11T21:50,351,0.00,0,24.00,49,4.20
2026-08-11T22:00,7,0.00,0,23.70,50,2.40
2026-08-11T22:10,14,0.00,0,23.80,50,3.40
2026-08-11T22:20,22,0.00,0,23.10,54,2.90
2026-08-11T22:30,10,0.00,0,23.00,55,2.10
2026-08-11T22:40,19,0.00,0,22.60,56,2.60
2026-08-11T22:50,5,0.00,0,22.80,56,1.60
2026-08-11T23:00,10,0.00,0,22.70,56,2.30
2026-08-11T23:10,2,0.00,0,22.20,61,1.00
2026-08-11T23:20,142,0.00,0,21.70,67,0.40
2026-08-11T23:30,30,0.00,0,21.20,70,0.70
2026-08-11T23:40,352,0.00,0,20.70,70,0.80
2026-08-11T23:50,19,0.00,0,20.40,77,1.70
2026-08-12T00:00,18,0.00,0,20.80,73,2.20
2026-08-12T00:10,15,0.00,0,20.30,77,1.80
2026-08-12T00:20,352,0.00,0,20.40,72,1.40
2026-08-12T00:30,18,0.00,0,21.50,65,1.40
2026-08-12T00:40,357,0.00,0,21.50,67,1.50
2026-08-12T00:50,347,0.00,0,21.10,71,1.00
2026-08-12T01:00,353,0.00,0,20.50,72,1.10
2026-08-12T01:10,,0.00,0,20.30,74,0.00
2026-08-12T01:20,13,0.00,0,19.60,80,1.20
2026-08-12T01:30,10,0.00,0,19.20,81,1.50
2026-08-12T01:40,356,0.00,0,19.30,81,0.50
2026-08-12T01:50,3,0.00,0,19.00,82,0.80
2026-08-12T02:00,12,0.00,0,18.60,85,1.30
2026-08-12T02:10,3,0.00,0,18.40,85,1.30
2026-08-12T02:20,353,0.00,0,18.00,89,1.60
2026-08-12T02:30,357,0.00,0,18.20,86,1.50
2026-08-12T02:40,345,0.00,0,18.90,79,1.20
2026-08-12T02:50,336,0.00,0,19.30,78,0.60
2026-08-12T03:00,,0.00,0,19.20,79,0.00
2026-08-12T03:10,27,0.00,0,19.20,80,0.40
2026-08-12T03:20,7,0.00,0,18.70,84,0.80
2026-08-12T03:30,1,0.00,0,18.40,84,1.10
2026-08-12T03:40,340,0.00,0,18.80,81,1.00
2026-08-12T03:50,357,0.00,0,19.20,78,0.50
2026-08-12T04:00,3,0.00,0,19.00,78,0.90
2026-08-12T04:10,328,0.00,0,19.00,80,0.60
2026-08-12T04:20,3,0.00,0,19.10,80,0.50
2026-08-12T04:30,329,0.00,0,19.00,81,0.80
2026-08-12T04:40,339,0.00,0,19.10,80,0.60
2026-08-12T04:50,342,0.00,0,18.90,82,1.20
2026-08-12T05:00,336,0.00,0,19.30,79,1.20
2026-08-12T05:10,338,0.00,0,19.80,77,1.30
2026-08-12T05:20,343,0.00,0,19.90,76,1.00
2026-08-12T05:30,189,0.00,0,19.60,78,0.60
2026-08-12T05:40,145,0.00,0,19.10,82,0.80
2026-08-12T05:50,355,0.00,0,18.90,84,0.40
2026-08-12T06:00,357,0.00,0,18.40,86,0.80
2026-08-12T06:10,3,0.00,0,18.40,86,1.10
2026-08-12T06:20,4,0.00,7,18.30,85,1.30
2026-08-12T06:30,8,0.00,12,18.20,88,1.00
2026-08-12T06:40,353,0.00,18,18.40,86,0.90
2026-08-12T06:50,5,0.00,24,18.60,85,0.30
2026-08-12T07:00,4,0.00,30,18.50,86,1.00
2026-08-12T07:10,358,0.00,36,18.70,85,1.10
2026-08-12T07:20,1,0.00,41,18.90,86,1.10
2026-08-12T07:30,358,0.00,46,19.30,83,0.40
2026-08-12T07:40,,0.00,54,19.30,84,0.00
2026-08-12T07:50,8,0.00,61,18.90,89,1.40
2026-08-12T08:00,12,0.00,68,18.90,89,1.30
2026-08-12T08:10,8,0.00,74,19.10,89,1.40
2026-08-12T08:20,1,0.00,82,19.30,87,1.80
2026-08-12T08:30,19,0.00,89,20.10,85,2.10
2026-08-12T08:40,23,0.00,98,20.30,82,2.00
2026-08-12T08:50,20,0.00,106,20.70,82,2.30
2026-08-12T09:00,24,0.00,115,21.30,79,2.40
2026-08-12T09:10,32,0.00,166,21.60,78,1.60
2026-08-12T09:20,24,0.00,420,21.90,78,1.70
2026-08-12T09:30,21,0.00,463,22.40,80,1.30
2026-08-12T09:40,20,0.00,508,23.00,78,1.60
2026-08-12T09:50,21,0.00,535,24.00,69,1.50
2026-08-12T10:00,11,0.00,576,24.60,73,1.00
2026-08-12T10:10,359,0.00,632,25.30,70,0.80
2026-08-12T10:20,354,0.00,655,26.10,65,0.70
2026-08-12T10:30,186,0.00,694,26.30,59,1.10
2026-08-12T10:40,177,0.00,713,26.80,56,1.00
2026-08-12T10:50,189,0.00,731,26.90,58,1.10
2026-08-12T11:00,181,0.00,761,27.60,56,0.80
2026-08-12T11:10,175,0.00,773,28.00,55,1.10
2026-08-12T11:20,161,0.00,769,28.20,55,0.80
2026-08-12T11:30,179,0.00,788,28.30,52,1.00
2026-08-12T11:40,192,0.00,816,28.40,56,1.50
2026-08-12T11:50,209,0.00,846,29.00,54,1.10
2026-08-12T12:00,190,0.00,916,29.80,46,0.50
2026-08-12T12:10,171,0.00,932,30.10,44,1.40
2026-08-12T12:20,174,0.00,911,30.20,48,1.60
2026-08-12T12:30,157,0.00,907,30.00,43,1.60
2026-08-12T12:40,170,0.00,300,30.20,43,1.50
2026-08-12T12:50,153,0.00,755,30.70,46,1.80
2026-08-12T13:00,186,0.00,938,31.10,47,1.30
2026-08-12T13:10,176,0.00,341,30.70,44,1.90
2026-08-12T13:20,198,0.00,829,31.00,45,1.50
2026-08-12T13:30,176,0.00,919,31.30,45,0.90
2026-08-12T13:40,31,0.00,391,29.60,51,0.50
2026-08-12T13:50,14,0.00,433,28.00,55,1.70
2026-08-12T14:00,188,0.00,348,29.40,51,0.50
2026-08-12T14:10,303,0.00,929,30.10,45,0.70
2026-08-12T14:20,217,0.00,914,31.00,46,0.60
2026-08-12T14:30,,0.00,861,30.60,47,0.00
2026-08-12T14:40,210,0.00,934,30.90,43,2.40
2026-08-12T14:50,140,0.00,802,31.30,49,0.60
2026-08-12T15:00,186,0.00,426,30.50,42,2.20
2026-08-12T15:10,124,0.00,104,29.20,45,1.30
2026-08-12T15:20,22,0.00,98,28.10,49,1.40
2026-08-12T15:30,25,0.00,109,27.60,56,1.20
2026-08-12T15:40,5,0.00,134,26.70,61,0.90
2026-08-12T15:50,71,0.00,188,26.20,66,0.40
2026-08-12T16:00,11,0.00,395,26.30,70,1.80
2026-08-12T16:10,33,0.00,769,27.70,63,1.20
2026-08-12T16:20,177,0.00,593,28.90,56,1.00
2026-08-12T16:30,210,0.00,116,27.90,65,1.10
2026-08-12T16:40,31,0.00,65,26.60,73,0.50
2026-08-12T16:50,26,0.00,45,25.30,72,2.20
2026-08-12T17:00,20,0.00,34,24.60,73,2.30
2026-08-12T17:10,341,0.00,26,24.70,64,2.40
2026-08-12T17:20,359,0.00,23,24.20,66,1.90
2026-08-12T17:30,0,0.00,21,24.10,65,1.40
2026-08-12T17:40,358,0.00,18,24.20,62,1.50
2026-08-12T17:50,16,0.00,21,24.10,63,2.00
2026-08-12T18:00,21,0.00,27,23.80,64,2.60
2026-08-12T18:10,7,0.00,41,23.00,72,2.20
2026-08-12T18:20,20,0.00,64,22.80,73,3.50
2026-08-12T18:30,27,0.00,74,22.80,75,0.40
2026-08-12T18:40,14,0.00,75,22.70,73,2.30
2026-08-12T18:50,26,0.00,70,22.80,72,2.60
2026-08-12T19:00,18,0.00,63,22.60,74,1.90
2026-08-12T19:10,18,0.00,58,22.70,73,2.30
2026-08-12T19:20,29,0.00,51,22.80,72,2.10
2026-08-12T19:30,13,0.00,42,22.60,77,1.60
2026-08-12T19:40,14,0.00,30,22.20,76,1.70
2026-08-12T19:50,19,0.00,17,22.20,78,1.90
2026-08-12T20:00,358,0.00,9,22.00,76,1.50
2026-08-12T20:10,346,0.00,0,21.80,79,1.20
2026-08-12T20:20,8,0.00,0,21.60,79,1.20
2026-08-12T20:30,7,0.00,0,20.90,83,1.30
2026-08-12T20:40,3,0.00,0,21.20,80,0.70
2026-08-12T20:50,17,0.00,0,20.30,86,1.60
2026-08-12T21:00,19,0.00,0,20.20,85,1.60
2026-08-12T21:10,352,0.00,0,20.00,83,1.00
2026-08-12T21:20,340,0.00,0,20.10,81,1.40
2026-08-12T21:30,9,0.00,0,20.80,75,1.40
2026-08-12T21:40,7,0.00,0,20.80,73,1.80
2026-08-12T21:50,345,0.00,0,20.70,74,0.90
2026-08-12T22:00,15,0.00,0,20.50,76,1.40
2026-08-12T22:10,356,0.00,0,20.30,74,1.70
2026-08-12T22:20,8,0.00,0,20.30,73,0.80
2026-08-12T22:30,336,0.00,0,19.60,75,1.20
2026-08-12T22:40,352,0.00,0,19.70,74,1.50
2026-08-12T22:50,14,0.00,0,20.40,71,1.60
2026-08-12T23:00,348,0.00,0,20.00,74,1.20
2026-08-12T23:10,337,0.00,0,19.60,77,0.90
2026-08-12T23:20,349,0.00,0,19.70,75,1.20
2026-08-12T23:30,329,0.00,0,19.50,78,0.40
2026-08-12T23:40,340,0.00,0,19.20,81,0.70
2026-08-12T23:50,1,0.00,0,19.20,78,1.30
2026-08-13T00:00,356,0.00,0,19.20,78,1.50
2026-08-13T00:10,352,0.00,0,19.20,79,1.60
2026-08-13T00:20,359,0.00,0,19.70,75,1.00
2026-08-13T00:30,346,0.00,0,19.40,77,1.00
2026-08-13T00:40,347,0.00,0,19.10,76,1.30
2026-08-13T00:50,349,0.00,0,19.40,76,1.70
2026-08-13T01:00,350,0.00,0,19.20,77,1.50
2026-08-13T01:10,4,0.00,0,19.90,73,1.50
2026-08-13T01:20,349,0.00,0,19.40,79,1.10
2026-08-13T01:30,355,0.00,0,19.60,76,1.60
2026-08-13T01:40,354,0.00,0,19.20,76,1.60
2026-08-13T01:50,340,0.00,0,19.20,77,1.00
2026-08-13T02:00,328,0.00,0,19.30,77,0.70
2026-08-13T02:10,170,0.00,0,19.20,78,0.90
2026-08-13T02:20,6,0.00,0,18.40,84,0.60
2026-08-13T02:30,15,0.00,0,18.10,83,1.80
2026-08-13T02:40,20,0.00,0,18.60,82,2.60
2026-08-13T02:50,2,0.00,0,18.00,86,1.60
2026-08-13T03:00,7,0.00,0,18.30,83,1.50
2026-08-13T03:10,15,0.00,0,17.90,86,1.60
2026-08-13T03:20,12,0.00,0,18.20,83,1.70
2026-08-13T03:30,13,0.00,0,19.00,76,2.10
2026-08-13T03:40,14,0.00,0,19.20,74,1.90
2026-08-13T03:50,3,0.00,0,19.30,74,1.90
2026-08-13T04:00,1,0.00,0,19.60,72,1.40
2026-08-13T04:10,346,0.00,0,19.40,76,1.70
2026-08-13T04:20,358,0.00,0,20.00,71,1.60
2026-08-13T04:30,8,0.00,0,19.30,75,1.40
2026-08-13T04:40,332,0.00,0,19.10,78,0.70
2026-08-13T04:50,,0.00,0,18.70,78,0.00
2026-08-13T05:00,40,0.00,0,18.50,80,0.40
2026-08-13T05:10,1,0.00,0,17.60,85,1.20
2026-08-13T05:20,351,0.00,0,17.50,86,1.40
2026-08-13T05:30,339,0.00,0,18.10,83,1.00
2026-08-13T05:40,313,0.00,0,18.20,82,0.90
2026-08-13T05:50,,0.00,0,18.10,82,0.00
2026-08-13T06:00,,0.00,0,18.00,83,0.00
2026-08-13T06:10,349,0.00,0,17.50,85,1.10
2026-08-13T06:20,349,0.00,6,17.30,86,1.20
2026-08-13T06:30,351,0.00,10,17.50,85,1.00
2026-08-13T06:40,348,0.00,15,17.30,86,1.20
2026-08-13T06:50,359,0.00,18,17.50,83,1.40
2026-08-13T07:00,354,0.00,23,17.40,87,1.20
2026-08-13T07:10,347,0.00,27,17.40,87,1.70
2026-08-13T07:20,349,0.00,31,17.70,86,1.30
2026-08-13T07:30,357,0.00,35,18.00,83,1.00
2026-08-13T07:40,354,0.00,39,17.70,87,1.30
2026-08-13T07:50,3,0.00,43,18.10,83,1.00
2026-08-13T08:00,,0.00,46,18.10,85,0.00
2026-08-13T08:10,7,0.00,52,17.80,87,1.40
2026-08-13T08:20,16,0.00,56,17.90,87,1.90
2026-08-13T08:30,22,0.00,61,19.00,79,2.90
2026-08-13T08:40,20,0.00,66,19.10,79,3.30
2026-08-13T08:50,24,0.00,71,19.50,77,2.90
2026-08-13T09:00,30,0.00,76,19.70,77,2.80
2026-08-13T09:10,30,0.00,83,20.00,77,3.30
2026-08-13T09:20,31,0.00,451,20.30,82,2.40
2026-08-13T09:30,20,0.00,480,20.90,77,1.40
2026-08-13T09:40,24,0.00,509,21.20,79,1.50
2026-08-13T09:50,40,0.00,537,22.60,77,0.90
2026-08-13T10:00,13,0.00,567,23.00,66,1.20
2026-08-13T10:10,14,0.00,593,23.60,70,1.40
2026-08-13T10:20,16,0.00,618,23.80,63,1.10
2026-08-13T10:30,33,0.00,643,24.30,62,1.00
2026-08-13T10:40,66,0.00,664,25.50,62,0.90
2026-08-13T10:50,95,0.00,688,26.10,66,1.10
2026-08-13T11:00,158,0.00,707,26.60,59,0.40
2026-08-13T11:10,173,0.00,728,26.60,59,1.00
2026-08-13T11:20,177,0.00,749,26.90,60,1.20
2026-08-13T11:30,166,0.00,768,27.50,57,1.10
2026-08-13T11:40,172,0.00,783,27.80,51,1.10
2026-08-13T11:50,189,0.00,801,28.40,55,1.20
2026-08-13T12:00,217,0.00,820,28.60,56,2.10
2026-08-13T12:10,203,0.00,832,28.90,49,2.20
2026-08-13T12:20,212,0.00,847,29.00,51,1.80
2026-08-13T12:30,195,0.00,847,29.30,53,1.60
2026-08-13T12:40,199,0.00,864,29.70,45,1.90
2026-08-13T12:50,190,0.00,867,29.80,48,2.00
2026-08-13T13:00,192,0.00,868,29.50,48,2.20
2026-08-13T13:10,207,0.00,870,29.50,50,2.00
2026-08-13T13:20,199,0.00,874,29.90,48,2.40
2026-08-13T13:30,198,0.00,874,30.20,47,2.20
2026-08-13T13:40,190,0.00,872,30.40,48,1.90
2026-08-13T13:50,201,0.00,861,30.20,47,2.10
2026-08-13T14:00,193,0.00,862,30.50,48,2.00
2026-08-13T14:10,187,0.00,858,30.40,47,1.80
2026-08-13T14:20,183,0.00,843,30.80,45,2.00
2026-08-13T14:30,178,0.00,835,30.70,44,1.10
2026-08-13T14:40,170,0.00,828,30.80,47,1.70
2026-08-13T14:50,187,0.00,866,31.10,48,2.30
2026-08-13T15:00,182,0.00,823,30.80,45,1.70
2026-08-13T15:10,176,0.00,791,31.00,46,2.00
2026-08-13T15:20,187,0.00,731,30.80,43,2.50
2026-08-13T15:30,187,0.00,753,30.70,43,2.20
2026-08-13T15:40,184,0.00,544,31.20,43,2.20
2026-08-13T15:50,173,0.00,699,31.30,44,1.70
2026-08-13T16:00,159,0.00,682,31.00,46,1.30
2026-08-13T16:10,172,0.00,629,31.10,42,1.60
2026-08-13T16:20,175,0.00,614,31.10,46,1.50
2026-08-13T16:30,192,0.00,611,31.10,46,2.10
2026-08-13T16:40,191,0.00,575,31.00,43,2.00
2026-08-13T16:50,184,0.00,554,31.00,42,1.90
2026-08-13T17:00,190,0.00,527,30.90,42,2.20
2026-08-13T17:10,190,0.00,500,30.90,43,1.50
2026-08-13T17:20,196,0.00,466,30.90,44,1.60
2026-08-13T17:30,195,0.00,423,30.80,48,1.00
2026-08-13T17:40,200,0.00,388,30.50,43,0.60
2026-08-13T17:50,222,0.00,356,29.90,47,1.40
2026-08-13T18:00,253,0.00,325,28.40,56,0.70
2026-08-13T18:10,326,0.00,300,27.60,55,0.90
2026-08-13T18:20,351,0.00,275,27.10,61,1.30
2026-08-13T18:30,356,0.00,253,26.90,59,1.10
2026-08-13T18:40,4,0.00,80,25.30,69,1.20
2026-08-13T18:50,9,0.00,76,25.10,66,1.40
2026-08-13T19:00,16,0.00,69,24.80,67,1.90
2026-08-13T19:10,12,0.00,67,24.30,68,1.70
2026-08-13T19:20,8,0.00,62,23.90,72,1.70
2026-08-13T19:30,24,0.00,56,24.00,69,1.70
2026-08-13T19:40,6,0.00,45,24.00,71,1.70
2026-08-13T19:50,17,0.00,34,23.50,73,1.70
2026-08-13T20:00,16,0.00,25,23.30,72,2.00
2026-08-13T20:10,13,0.00,13,22.50,77,1.30
2026-08-13T20:20,19,0.00,8,22.80,72,1.90
2026-08-13T20:30,10,0.00,0,21.90,78,1.80
2026-08-13T20:40,23,0.00,0,22.90,70,3.00
2026-08-13T20:50,23,0.00,0,22.70,70,2.50
2026-08-13T21:00,351,0.00,0,22.20,73,0.90
2026-08-13T21:10,1,0.00,0,21.20,80,1.40
2026-08-13T21:20,5,0.00,0,21.20,78,1.80
2026-08-13T21:30,20,0.00,0,21.70,77,1.70
2026-08-13T21:40,19,0.00,0,21.90,74,2.10
2026-08-13T21:50,9,0.00,0,21.20,80,1.20
2026-08-13T22:00,12,0.00,0,21.10,78,1.40
2026-08-13T22:10,3,0.00,0,21.20,78,1.60
2026-08-13T22:20,1,0.00,0,21.20,76,1.20
2026-08-13T22:30,2,0.00,0,21.10,79,1.30
2026-08-13T22:40,4,0.00,0,21.00,79,1.50
2026-08-13T22:50,13,0.00,0,21.00,79,1.40
2026-08-13T23:00,2,0.00,0,20.50,82,1.30
2026-08-13T23:10,351,0.00,0,20.40,82,1.50
2026-08-13T23:20,11,0.00,0,21.20,77,2.00
2026-08-13T23:30,7,0.00,0,20.20,81,1.50
2026-08-13T23:40,2,0.00,0,20.20,82,1.40
2026-08-13T23:50,349,0.00,0,20.80,77,1.80
2026-08-14T00:00,350,0.00,0,20.70,78,0.80
2026-08-14T00:10,354,0.00,0,20.40,81,1.00
2026-08-14T00:20,7,0.00,0,20.30,80,1.40
2026-08-14T00:30,355,0.00,0,20.00,84,1.20
2026-08-14T00:40,7,0.00,0,19.80,82,1.10
2026-08-14T00:50,1,0.00,0,19.50,85,1.30
2026-08-14T01:00,11,0.00,0,19.50,85,1.00
2026-08-14T01:10,13,0.00,0,19.10,87,1.80
2026-08-14T01:20,5,0.00,0,19.20,86,1.40
2026-08-14T01:30,5,0.00,0,19.10,86,1.20
2026-08-14T01:40,16,0.00,0,19.40,84,1.50
2026-08-14T01:50,11,0.00,0,19.20,84,1.30
2026-08-14T02:00,357,0.00,0,18.90,86,1.10
2026-08-14T02:10,10,0.00,0,18.90,86,1.20
2026-08-14T02:20,3,0.00,0,18.70,86,1.00
2026-08-14T02:30,9,0.00,0,18.40,89,1.50
2026-08-14T02:40,21,0.00,0,18.30,89,2.00
2026-08-14T02:50,3,0.00,0,18.60,87,1.40
2026-08-14T03:00,15,0.00,0,18.80,86,1.00
2026-08-14T03:10,353,0.00,0,18.30,88,1.10
2026-08-14T03:20,352,0.00,0,18.60,87,1.10
2026-08-14T03:30,1,0.00,0,18.40,88,1.10
2026-08-14T03:40,349,0.00,0,18.40,88,1.20
2026-08-14T03:50,348,0.00,0,18.30,88,1.10
2026-08-14T04:00,352,0.00,0,18.70,84,1.40
2026-08-14T04:10,352,0.00,0,19.10,83,1.40
2026-08-14T04:20,339,0.00,0,19.10,85,1.30
2026-08-14T04:30,344,0.00,0,19.70,81,1.40
2026-08-14T04:40,350,0.00,0,19.40,83,1.50
2026-08-14T04:50,347,0.00,0,19.60,81,1.70
2026-08-14T05:00,343,0.00,0,19.30,83,1.20
2026-08-14T05:10,351,0.00,0,19.10,84,1.30
2026-08-14T05:20,348,0.00,0,19.00,83,1.20
2026-08-14T05:30,344,0.00,0,19.20,82,1.10
2026-08-14T05:40,340,0.00,0,19.00,83,0.60
2026-08-14T05:50,,0.00,0,18.90,84,0.00
2026-08-14T06:00,,0.00,0,18.60,86,0.00
2026-08-14T06:10,7,0.00,0,18.60,86,0.60
2026-08-14T06:20,5,0.00,6,18.10,88,1.50
2026-08-14T06:30,8,0.00,10,18.20,87,0.90
2026-08-14T06:40,,0.00,15,17.80,90,0.00
2026-08-14T06:50,60,0.00,20,17.90,90,0.40
2026-08-14T07:00,16,0.00,25,17.80,91,0.90
2026-08-14T07:10,17,0.00,29,18.00,89,1.50
2026-08-14T07:20,14,0.00,34,17.80,90,1.50
2026-08-14T07:30,12,0.00,39,18.20,89,1.40
2026-08-14T07:40,9,0.00,43,18.00,89,1.70
2026-08-14T07:50,10,0.00,47,17.90,91,1.40
2026-08-14T08:00,9,0.00,52,18.00,90,1.10
2026-08-14T08:10,,0.00,55,18.40,89,0.00
2026-08-14T08:20,10,0.00,61,18.20,90,1.10
2026-08-14T08:30,18,0.00,65,18.50,90,1.20
2026-08-14T08:40,13,0.00,70,18.50,91,1.30
2026-08-14T08:50,22,0.00,73,18.70,89,1.70
2026-08-14T09:00,21,0.00,77,19.00,87,1.80
2026-08-14T09:10,23,0.00,81,19.10,87,1.80
2026-08-14T09:20,23,0.00,455,19.70,85,2.20
2026-08-14T09:30,22,0.00,488,20.50,80,2.00
2026-08-14T09:40,17,0.00,515,21.00,81,0.80
2026-08-14T09:50,34,0.00,541,22.40,79,0.50
2026-08-14T10:00,13,0.00,571,22.10,73,0.90
2026-08-14T10:10,54,0.00,589,23.90,67,0.80
2026-08-14T10:20,107,0.00,616,24.50,67,1.00
2026-08-14T10:30,90,0.00,641,24.90,65,0.90
2026-08-14T10:40,92,0.00,661,25.20,61,1.00
2026-08-14T10:50,72,0.00,689,25.30,65,0.90
2026-08-14T11:00,,0.00,709,25.70,58,0.00
2026-08-14T11:10,191,0.00,732,26.80,54,1.80
2026-08-14T11:20,197,0.00,748,26.60,54,2.00
2026-08-14T11:30,198,0.00,764,27.20,52,2.00
2026-08-14T11:40,197,0.00,780,27.30,51,2.10
2026-08-14T11:50,206,0.00,798,26.90,51,2.40
2026-08-14T12:00,204,0.00,812,27.40,51,2.10
2026-08-14T12:10,194,0.00,819,27.80,48,2.00
2026-08-14T12:20,196,0.00,830,28.30,50,2.00
2026-08-14T12:30,188,0.00,843,28.30,49,2.40
2026-08-14T12:40,205,0.00,845,28.30,50,2.20
2026-08-14T12:50,196,0.00,845,28.40,46,2.30
2026-08-14T13:00,184,0.00,853,29.00,49,2.00
2026-08-14T13:10,191,0.00,854,28.90,46,1.90
2026-08-14T13:20,193,0.00,849,28.60,47,2.60
2026-08-14T13:30,195,0.00,859,29.10,45,2.30
2026-08-14T13:40,192,0.00,853,29.10,47,2.70
2026-08-14T13:50,183,0.00,854,29.30,45,2.60
2026-08-14T14:00,192,0.00,850,29.40,48,2.60
2026-08-14T14:10,168,0.00,839,29.70,44,1.30
2026-08-14T14:20,168,0.00,822,30.10,46,1.90
2026-08-14T14:30,183,0.00,814,29.80,44,1.80
2026-08-14T14:40,192,0.00,806,29.80,42,2.30
2026-08-14T14:50,186,0.00,796,30.30,42,1.70
2026-08-14T15:00,195,0.00,783,30.40,43,2.00
2026-08-14T15:10,196,0.00,771,30.30,42,2.50
2026-08-14T15:20,171,0.00,753,30.60,42,1.40
2026-08-14T15:30,174,0.00,731,30.20,43,2.30
2026-08-14T15:40,158,0.00,715,30.70,49,2.40
2026-08-14T15:50,191,0.00,691,30.70,44,1.90
2026-08-14T16:00,191,0.00,674,30.10,43,2.50
2026-08-14T16:10,193,0.00,650,30.20,43,2.50
2026-08-14T16:20,189,0.00,623,30.20,42,2.30
2026-08-14T16:30,179,0.00,595,30.30,43,2.20
2026-08-14T16:40,193,0.00,573,30.50,45,2.30
2026-08-14T16:50,197,0.00,542,30.30,42,2.00
2026-08-14T17:00,210,0.00,507,30.10,48,2.00
2026-08-14T17:10,202,0.00,480,29.90,47,1.80
2026-08-14T17:20,206,0.00,449,29.80,49,1.70
2026-08-14T17:30,191,0.00,418,29.80,46,1.80
2026-08-14T17:40,225,0.00,392,29.10,53,1.60
2026-08-14T17:50,239,0.00,363,29.70,52,0.80
2026-08-14T18:00,256,0.00,343,29.00,55,0.50
2026-08-14T18:10,327,0.00,328,28.00,59,0.50
2026-08-14T18:20,330,0.00,312,27.20,62,1.00
2026-08-14T18:30,286,0.00,289,26.60,62,0.40
2026-08-14T18:40,102,0.00,113,27.50,62,0.40
2026-08-14T18:50,34,0.00,106,25.60,67,0.30
2026-08-14T19:00,5,0.00,103,25.00,71,1.10
2026-08-14T19:10,6,0.00,98,24.60,69,1.60
2026-08-14T19:20,20,0.00,91,24.70,72,1.50
2026-08-14T19:30,12,0.00,60,24.30,75,1.20
2026-08-14T19:40,15,0.00,50,23.90,76,1.80
2026-08-14T19:50,18,0.00,36,23.50,74,2.10
2026-08-14T20:00,15,0.00,26,23.60,72,2.30
2026-08-14T20:10,22,0.00,18,23.20,73,2.30
2026-08-14T20:20,18,0.00,10,22.90,76,2.10
2026-08-14T20:30,20,0.00,0,22.60,74,2.40
2026-08-14T20:40,24,0.00,0,22.50,76,2.10
2026-08-14T20:50,19,0.00,0,22.10,73,2.40
2026-08-14T21:00,14,0.00,0,21.40,79,1.80
2026-08-14T21:10,18,0.00,0,21.30,80,1.50
2026-08-14T21:20,14,0.00,0,21.10,80,1.40
2026-08-14T21:30,350,0.00,0,20.70,80,1.10
2026-08-14T21:40,4,0.00,0,20.80,81,0.90
2026-08-14T21:50,8,0.00,0,20.40,82,1.50
2026-08-14T22:00,3,0.00,0,20.40,81,1.00
2026-08-14T22:10,,0.00,0,20.40,82,0.00
2026-08-14T22:20,15,0.00,0,20.30,83,1.00
2026-08-14T22:30,18,0.00,0,20.80,78,1.90
2026-08-14T22:40,6,0.00,0,20.40,80,1.30
2026-08-14T22:50,13,0.00,0,20.50,82,1.30
2026-08-14T23:00,8,0.00,0,20.20,83,1.50
2026-08-14T23:10,10,0.00,0,20.20,83,1.50
2026-08-14T23:20,356,0.00,0,20.00,84,1.20
2026-08-14T23:30,16,0.00,0,20.20,82,1.60
2026-08-14T23:40,4,0.00,0,19.90,83,1.00
2026-08-14T23:50,24,0.00,0,20.00,82,1.10
2026-08-15T00:00,13,0.00,0,19.70,85,1.40
2026-08-15T00:10,11,0.00,0,19.60,86,1.60
2026-08-15T00:20,10,0.00,0,20.00,82,1.70
2026-08-15T00:30,7,0.00,0,19.70,85,1.40
2026-08-15T00:40,6,0.00,0,19.60,84,1.60
2026-08-15T00:50,7,0.00,0,19.70,82,1.40
2026-08-15T01:00,10,0.00,0,19.70,81,1.30
2026-08-15T01:10,15,0.00,0,19.60,84,1.60
2026-08-15T01:20,14,0.00,0,18.80,87,1.50
2026-08-15T01:30,359,0.00,0,19.10,84,1.30
2026-08-15T01:40,358,0.00,0,18.70,87,1.30
2026-08-15T01:50,5,0.00,0,18.70,86,1.40
2026-08-15T02:00,4,0.00,0,18.70,85,1.00
2026-08-15T02:10,355,0.00,0,18.50,86,0.90
2026-08-15T02:20,11,0.00,0,18.50,86,1.00
2026-08-15T02:30,9,0.00,0,18.30,85,1.80
2026-08-15T02:40,16,0.00,0,18.40,85,1.40
2026-08-15T02:50,14,0.00,0,18.10,86,0.50
2026-08-15T03:00,10,0.00,0,18.40,85,1.10
2026-08-15T03:10,359,0.00,0,18.30,84,1.30
2026-08-15T03:20,354,0.00,0,17.80,88,1.40
2026-08-15T03:30,354,0.00,0,17.90,88,1.50
2026-08-15T03:40,351,0.00,0,17.80,86,1.50
2026-08-15T03:50,348,0.00,0,17.90,85,1.30
2026-08-15T04:00,357,0.00,0,18.10,84,1.10
2026-08-15T04:10,340,0.00,0,17.80,86,1.20
2026-08-15T04:20,350,0.00,0,17.80,87,1.20
2026-08-15T04:30,343,0.00,0,17.70,86,1.00
2026-08-15T04:40,347,0.00,0,18.10,83,1.10
2026-08-15T04:50,344,0.00,0,18.40,81,0.60
2026-08-15T05:00,,0.00,0,18.30,81,0.00
2026-08-15T05:10,17,0.00,0,18.00,82,0.30
2026-08-15T05:20,356,0.00,0,17.80,84,0.50
2026-08-15T05:30,353,0.00,0,17.30,86,1.10
2026-08-15T05:40,13,0.00,0,17.20,84,1.30
2026-08-15T05:50,358,0.00,0,16.90,87,1.20
2026-08-15T06:00,340,0.00,0,17.10,84,1.30
2026-08-15T06:10,347,0.00,0,16.90,87,1.50
2026-08-15T06:20,353,0.00,0,17.10,83,1.40
2026-08-15T06:30,332,0.00,9,17.70,79,0.60
2026-08-15T06:40,,0.00,13,17.50,81,0.00
2026-08-15T06:50,313,0.00,18,17.50,81,0.60
2026-08-15T07:00,350,0.00,22,17.80,75,0.90
2026-08-15T07:10,349,0.00,26,17.30,81,0.70
2026-08-15T07:20,,0.00,29,17.60,77,0.00
2026-08-15T07:30,57,0.00,33,17.30,83,0.30
2026-08-15T07:40,359,0.00,37,17.20,82,1.10
2026-08-15T07:50,9,0.00,40,17.60,80,0.90
2026-08-15T08:00,356,0.00,43,17.50,82,0.90
2026-08-15T08:10,4,0.00,48,16.90,86,1.30
2026-08-15T08:20,15,0.00,51,17.50,81,1.80
2026-08-15T08:30,19,0.00,54,18.00,75,2.70
2026-08-15T08:40,18,0.00,59,18.20,74,2.70
2026-08-15T08:50,23,0.00,62,18.40,75,2.60
2026-08-15T09:00,28,0.00,66,18.90,70,3.00
2026-08-15T09:10,26,0.00,71,19.10,69,3.00
2026-08-15T09:20,28,0.00,461,19.40,69,2.50
2026-08-15T09:30,25,0.00,494,20.10,68,2.10
2026-08-15T09:40,14,0.00,520,20.70,71,1.10
2026-08-15T09:50,7,0.00,545,21.30,67,0.60
2026-08-15T10:00,10,0.00,575,21.80,66,0.70
2026-08-15T10:10,10,0.00,602,22.70,64,1.00
2026-08-15T10:20,17,0.00,624,23.50,57,1.00
2026-08-15T10:30,12,0.00,649,23.70,58,1.20
2026-08-15T10:40,8,0.00,670,24.30,58,1.00
2026-08-15T10:50,4,0.00,687,25.10,60,0.80
2026-08-15T11:00,166,0.00,709,25.70,51,0.50
2026-08-15T11:10,187,0.00,728,26.30,49,0.90
2026-08-15T11:20,104,0.00,750,26.80,51,0.70
2026-08-15T11:30,90,0.00,766,27.10,48,1.00
2026-08-15T11:40,,0.00,778,27.50,48,0.00
2026-08-15T11:50,201,0.00,790,28.10,46,0.90
2026-08-15T12:00,209,0.00,807,28.40,45,1.40
2026-08-15T12:10,206,0.00,821,29.10,45,1.70
2026-08-15T12:20,210,0.00,834,28.80,44,2.00
2026-08-15T12:30,199,0.00,841,29.20,46,2.10
2026-08-15T12:40,186,0.00,850,29.80,44,1.50
2026-08-15T12:50,196,0.00,856,29.40,43,1.80
2026-08-15T13:00,182,0.00,855,29.90,42,1.50
2026-08-15T13:10,173,0.00,852,30.40,44,1.30
2026-08-15T13:20,160,0.00,852,30.30,45,1.10
2026-08-15T13:30,185,0.00,853,30.40,40,1.60
2026-08-15T13:40,188,0.00,853,30.40,40,2.00
2026-08-15T13:50,151,0.00,849,30.40,37,1.70
2026-08-15T14:00,174,0.00,849,30.50,42,2.00
2026-08-15T14:10,182,0.00,841,31.10,39,1.80
2026-08-15T14:20,168,0.00,828,31.00,38,1.60
2026-08-15T14:30,176,0.00,821,31.30,39,1.90
2026-08-15T14:40,180,0.00,817,31.10,40,1.90
2026-08-15T14:50,175,0.00,801,31.10,40,2.10
2026-08-15T15:00,173,0.00,794,31.20,39,2.10
2026-08-15T15:10,175,0.00,775,30.90,41,2.80
2026-08-15T15:20,168,0.00,755,31.30,41,2.50
2026-08-15T15:30,172,0.00,741,31.10,41,2.40
2026-08-15T15:40,169,0.00,720,31.00,40,2.40
2026-08-15T15:50,170,0.00,691,31.00,39,2.10
2026-08-15T16:00,172,0.00,672,31.20,38,2.20
2026-08-15T16:10,169,0.00,652,31.00,39,2.70
2026-08-15T16:20,170,0.00,625,31.00,38,2.30
2026-08-15T16:30,173,0.00,601,31.00,38,2.50
2026-08-15T16:40,164,0.00,574,30.60,38,3.10
2026-08-15T16:50,165,0.00,556,30.80,42,2.60
2026-08-15T17:00,169,0.00,525,30.70,38,2.50
2026-08-15T17:10,169,0.00,502,30.50,38,2.60
2026-08-15T17:20,172,0.00,467,30.80,38,2.10
2026-08-15T17:30,158,0.00,439,30.30,38,2.30
2026-08-15T17:40,163,0.00,410,30.10,37,2.20
2026-08-15T17:50,159,0.00,378,29.80,40,2.40
2026-08-15T18:00,164,0.00,341,29.70,39,2.30
2026-08-15T18:10,172,0.00,308,29.50,41,2.70
2026-08-15T18:20,192,0.00,251,29.00,39,2.10
2026-08-15T18:30,192,0.00,200,28.20,41,2.00
2026-08-15T18:40,354,0.00,74,25.90,54,0.70
2026-08-15T18:50,26,0.00,71,25.10,56,3.00
2026-08-15T19:00,24,0.00,67,24.70,59,2.70
2026-08-15T19:10,18,0.00,65,24.00,62,2.60
2026-08-15T19:20,16,0.00,59,23.70,65,2.00
2026-08-15T19:30,11,0.00,51,23.50,65,1.60
2026-08-15T19:40,12,0.00,43,23.00,67,1.80
2026-08-15T19:50,9,0.00,34,22.60,69,1.80
2026-08-15T20:00,15,0.00,23,22.30,69,2.00
2026-08-15T20:10,20,0.00,15,21.90,70,1.70
2026-08-15T20:20,12,0.00,8,21.50,71,1.70
2026-08-15T20:30,15,0.00,0,21.60,70,1.50
2026-08-15T20:40,13,0.00,0,20.90,74,1.30
2026-08-15T20:50,1,0.00,0,20.70,75,1.30
2026-08-15T21:00,2,0.00,0,20.50,74,1.50
2026-08-15T21:10,350,0.00,0,20.20,74,1.40
2026-08-15T21:20,4,0.00,0,20.30,76,1.50
2026-08-15T21:30,13,0.00,0,20.50,72,1.50
2026-08-15T21:40,359,0.00,0,20.50,71,1.30
2026-08-15T21:50,4,0.00,0,19.90,76,1.30
2026-08-15T22:00,357,0.00,0,20.00,74,1.40
2026-08-15T22:10,3,0.00,0,20.30,71,1.60
2026-08-15T22:20,11,0.00,0,20.60,69,1.80
2026-08-15T22:30,349,0.00,0,19.90,73,1.30
2026-08-15T22:40,338,0.00,0,19.70,73,1.30
2026-08-15T22:50,355,0.00,0,19.70,75,1.40
2026-08-15T23:00,354,0.00,0,19.70,73,1.10
2026-08-15T23:10,347,0.00,0,19.70,73,0.90
2026-08-15T23:20,351,0.00,0,19.50,75,1.10
2026-08-15T23:30,346,0.00,0,19.50,73,0.90
2026-08-15T23:40,,0.00,0,19.50,74,0.00
2026-08-15T23:50,13,0.00,0,18.70,81,1.00
2026-08-16T00:00,8,0.00,0,18.20,82,1.30
2026-08-16T00:10,351,0.00,0,19.20,76,1.60
2026-08-16T00:20,355,0.00,0,19.90,71,1.70
2026-08-16T00:30,337,0.00,0,19.30,74,0.60
2026-08-16T00:40,343,0.00,0,18.90,77,0.60
2026-08-16T00:50,67,0.00,0,18.90,77,0.50
2026-08-16T01:00,1,0.00,0,18.80,79,0.40
2026-08-16T01:10,21,0.00,0,18.60,77,0.50
2026-08-16T01:20,11,0.00,0,18.50,79,1.10
2026-08-16T01:30,8,0.00,0,18.30,80,1.10
2026-08-16T01:40,4,0.00,0,18.10,82,0.90
2026-08-16T01:50,8,0.00,0,17.50,86,1.30
2026-08-16T02:00,20,0.00,0,17.60,86,1.40
2026-08-16T02:10,15,0.00,0,17.70,85,1.10
2026-08-16T02:20,16,0.00,0,17.60,86,1.70
2026-08-16T02:30,13,0.00,0,17.60,84,1.80
2026-08-16T02:40,9,0.00,0,17.70,84,1.60
2026-08-16T02:50,9,0.00,0,17.30,87,1.10
2026-08-16T03:00,18,0.00,0,17.40,86,0.70
2026-08-16T03:10,22,0.00,0,17.20,87,1.00
2026-08-16T03:20,7,0.00,0,16.70,90,1.60
2026-08-16T03:30,15,0.00,0,17.30,87,1.80
2026-08-16T03:40,13,0.00,0,17.50,85,2.00
2026-08-16T03:50,18,0.00,0,17.60,84,1.80
2026-08-16T04:00,19,0.00,0,17.30,86,1.80
2026-08-16T04:10,13,0.00,0,17.20,86,1.60
2026-08-16T04:20,11,0.00,0,17.10,86,1.50
2026-08-16T04:30,11,0.00,0,16.90,88,1.60
2026-08-16T04:40,354,0.00,0,16.70,89,1.60
2026-08-16T04:50,2,0.00,0,16.70,89,1.30
2026-08-16T05:00,5,0.00,0,17.00,86,1.00
2026-08-16T05:10,9,0.00,0,17.00,87,0.60
2026-08-16T05:20,7,0.00,0,16.80,89,1.50
2026-08-16T05:30,12,0.00,0,16.60,89,1.70
2026-08-16T05:40,21,0.00,0,17.00,87,0.90
2026-08-16T05:50,12,0.00,0,16.50,90,1.30
2026-08-16T06:00,13,0.00,0,16.50,90,1.60
2026-08-16T06:10,13,0.00,0,16.80,88,1.80
2026-08-16T06:20,17,0.00,6,16.60,90,1.60
2026-08-16T06:30,8,0.00,9,17.10,86,0.80
2026-08-16T06:40,13,0.00,14,16.60,90,1.80
2026-08-16T06:50,12,0.00,18,16.90,88,2.10
2026-08-16T07:00,7,0.00,23,16.90,88,1.20
2026-08-16T07:10,357,0.00,25,16.80,88,1.50
2026-08-16T07:20,353,0.00,31,16.80,89,1.60
2026-08-16T07:30,344,0.00,36,17.10,87,1.10
2026-08-16T07:40,347,0.00,39,17.30,86,0.60
2026-08-16T07:50,6,0.00,43,17.50,85,0.70
2026-08-16T08:00,1,0.00,47,17.30,87,1.10
2026-08-16T08:10,7,0.00,51,17.50,87,1.30
2026-08-16T08:20,,0.00,55,17.60,87,0.00
2026-08-16T08:30,1,0.00,61,17.40,88,1.50
2026-08-16T08:40,12,0.00,67,17.40,89,1.70
2026-08-16T08:50,19,0.00,76,18.00,86,1.90
2026-08-16T09:00,27,0.00,83,18.50,82,2.20
2026-08-16T09:10,,0.00,88,18.90,82,
2026-08-16T09:20,23,0.00,435,19.50,79,2.60
2026-08-16T09:30,31,0.00,475,20.50,77,1.80
2026-08-16T09:40,26,0.00,499,20.90,77,0.70
2026-08-16T09:50,15,0.00,524,21.50,73,0.90
2026-08-16T10:00,11,0.00,548,22.30,67,0.80
2026-08-16T10:10,15,0.00,574,22.50,66,1.00
2026-08-16T10:20,2,0.00,592,23.30,67,1.00
2026-08-16T10:30,53,0.00,622,24.60,66,0.50
2026-08-16T10:40,187,0.00,636,25.00,56,1.00
2026-08-16T10:50,153,0.00,627,25.70,57,0.70
2026-08-16T11:00,139,0.00,690,26.10,53,0.60
2026-08-16T11:10,104,0.00,688,26.30,52,0.90
2026-08-16T11:20,193,0.00,711,26.50,53,1.10
2026-08-16T11:30,166,0.00,730,26.80,53,0.80
2026-08-16T11:40,188,0.00,744,27.40,51,0.70
2026-08-16T11:50,167,0.00,778,27.60,50,0.60
2026-08-16T12:00,182,0.00,789,27.60,49,0.90
2026-08-16T12:10,176,0.00,785,28.00,46,0.70
2026-08-16T12:20,82,0.00,799,28.40,48,0.50
2026-08-16T12:30,257,0.00,846,28.50,46,1.10
2026-08-16T12:40,201,0.00,872,29.40,43,0.80
2026-08-16T12:50,179,0.00,890,30.50,44,1.30
2026-08-16T13:00,160,0.00,947,30.30,38,1.90
2026-08-16T13:10,165,0.00,929,30.70,41,1.30
2026-08-16T13:20,185,0.00,910,30.50,38,1.20
2026-08-16T13:30,164,0.00,917,30.50,42,2.30
2026-08-16T13:40,77,0.00,1021,29.00,50,0.80
2026-08-16T13:50,52,0.00,351,26.00,63,2.90
2026-08-16T14:00,31,0.00,949,26.00,64,3.40
2026-08-16T14:10,14,0.00,832,25.10,61,2.80
2026-08-16T14:20,344,0.00,278,24.10,62,4.40
2026-08-16T14:30,344,0.00,862,23.00,62,1.50
2026-08-16T14:40,10,0.00,200,21.30,65,3.20
2026-08-16T14:50,13,0.00,119,19.60,77,3.40
2026-08-16T15:00,312,0.00,85,18.40,83,2.20
2026-08-16T15:10,29,1.40,61,17.70,85,3.50
2026-08-16T15:20,347,5.00,54,16.90,93,3.70
2026-08-16T15:30,332,4.80,58,16.60,97,3.00
2026-08-16T15:40,322,0.20,89,16.90,96,3.90
2026-08-16T15:50,322,0.20,141,17.30,93,3.40
2026-08-16T16:00,331,0.00,156,17.70,94,1.90
2026-08-16T16:10,347,0.00,154,17.90,97,1.10
2026-08-16T16:20,111,0.00,160,18.30,97,0.70
2026-08-16T16:30,204,0.00,459,18.50,97,0.40
2026-08-16T16:40,330,0.20,502,18.90,94,0.40
2026-08-16T16:50,0,0.00,384,19.50,91,1.90
2026-08-16T17:00,21,0.00,144,19.10,91,2.20
2026-08-16T17:10,340,0.00,106,19.20,96,1.00
2026-08-16T17:20,13,0.00,78,19.00,95,1.30
2026-08-16T17:30,15,0.00,58,18.80,94,1.40
2026-08-16T17:40,341,0.00,53,18.70,97,1.50
2026-08-16T17:50,346,0.00,50,18.40,95,1.40
2026-08-16T18:00,354,0.00,47,18.30,96,1.20
2026-08-16T18:10,329,0.00,48,18.10,97,1.30
2026-08-16T18:20,326,0.20,67,17.90,97,1.10
2026-08-16T18:30,324,0.00,187,18.00,97,0.80
2026-08-16T18:40,302,0.00,115,18.10,97,0.70
2026-08-16T18:50,323,0.20,108,18.00,97,0.70
2026-08-16T19:00,329,0.00,76,17.90,97,0.40
2026-08-16T19:10,312,0.00,57,17.70,97,0.70
2026-08-16T19:20,350,0.00,41,17.80,98,1.10
2026-08-16T19:30,346,0.00,30,17.40,97,1.20
2026-08-16T19:40,336,0.00,24,17.10,98,1.50
2026-08-16T19:50,337,0.00,17,16.80,98,1.90
2026-08-16T20:00,329,0.00,12,16.70,98,1.10
2026-08-16T20:10,339,0.00,6,16.60,98,0.50
2026-08-16T20:20,347,0.00,0,16.60,99,1.40
2026-08-16T20:30,5,0.00,0,16.80,97,2.10
2026-08-16T20:40,338,0.00,0,16.70,98,1.60
2026-08-16T20:50,340,0.00,0,16.60,98,1.80
2026-08-16T21:00,346,0.00,0,16.80,98,1.30
2026-08-16T21:10,357,0.00,0,17.00,97,1.50
2026-08-16T21:20,333,0.00,0,16.90,97,1.10
2026-08-16T21:30,328,0.00,0,16.90,97,0.50
2026-08-16T21:40,154,0.60,0,17.00,98,0.50
2026-08-16T21:50,,3.00,0,16.90,99,0.00
2026-08-16T22:00,24,3.00,0,17.00,99,2.20
2026-08-16T22:10,10,0.80,0,17.10,99,2.10
2026-08-16T22:20,199,0.20,0,16.90,99,0.40
2026-08-16T22:30,9,0.40,0,16.70,99,0.70
2026-08-16T22:40,342,0.40,0,16.40,99,1.80
2026-08-16T22:50,348,0.20,0,16.40,99,2.00
2026-08-16T23:00,332,0.40,0,16.80,93,1.90
2026-08-16T23:10,355,0.60,0,16.20,98,2.50
2026-08-16T23:20,335,0.60,0,16.10,99,3.40
2026-08-16T23:30,336,0.80,0,16.10,98,2.30
2026-08-16T23:40,136,0.80,0,16.00,99,0.70
2026-08-16T23:50,12,0.60,0,15.90,99,0.80
2026-08-17T00:00,25,0.40,0,15.90,99,0.70
2026-08-17T00:10,6,0.40,0,15.80,99,0.70
2026-08-17T00:20,18,0.20,0,15.80,99,1.60
2026-08-17T00:30,8,0.60,0,15.80,99,1.60
2026-08-17T00:40,344,0.20,0,15.80,99,1.60
2026-08-17T00:50,337,0.40,0,15.70,99,1.40
2026-08-17T01:00,339,0.00,0,15.70,99,1.70
2026-08-17T01:10,347,0.20,0,15.70,99,0.90
2026-08-17T01:20,,0.20,0,15.70,99,0.00
2026-08-17T01:30,336,0.00,0,15.60,99,0.80
2026-08-17T01:40,336,0.20,0,15.60,99,0.90
2026-08-17T01:50,339,0.00,0,15.50,99,1.00
2026-08-17T02:00,345,0.00,0,15.50,99,0.60
2026-08-17T02:10,,0.00,0,15.50,99,0.00
2026-08-17T02:20,4,0.00,0,15.50,99,0.90
2026-08-17T02:30,3,0.00,0,15.50,99,1.10
2026-08-17T02:40,349,0.00,0,15.40,99,1.10
2026-08-17T02:50,353,0.00,0,15.40,99,0.90
2026-08-17T03:00,343,0.00,0,15.30,99,0.80
2026-08-17T03:10,288,0.00,0,15.30,99,0.40
2026-08-17T03:20,48,0.00,0,15.40,99,0.50
2026-08-17T03:30,1,0.00,0,15.30,99,0.80
2026-08-17T03:40,30,0.00,0,15.30,99,0.40
2026-08-17T03:50,2,0.00,0,15.20,99,1.10
2026-08-17T04:00,10,0.00,0,15.00,99,1.00
2026-08-17T04:10,,0.00,0,15.00,99,0.00
2026-08-17T04:20,355,0.00,0,15.00,99,1.00
2026-08-17T04:30,4,0.00,0,15.00,99,1.30
2026-08-17T04:40,3,0.00,0,14.90,99,1.50
2026-08-17T04:50,357,0.00,0,14.90,99,1.40
2026-08-17T05:00,,0.00,0,14.80,99,0.00
2026-08-17T05:10,,0.00,0,14.70,99,0.00
2026-08-17T05:20,6,0.00,0,14.50,99,0.90
2026-08-17T05:30,353,0.00,0,14.40,99,1.00
2026-08-17T05:40,355,0.00,0,14.30,99,0.50
2026-08-17T05:50,81,0.00,0,14.30,99,0.50
2026-08-17T06:00,349,0.00,0,14.20,99,0.60
2026-08-17T06:10,11,0.00,0,14.10,99,1.00
2026-08-17T06:20,,0.00,0,14.10,99,0.00
2026-08-17T06:30,,0.00,8,13.90,99,0.00
2026-08-17T06:40,,0.00,16,14.00,99,0.00
2026-08-17T06:50,,0.00,21,13.90,99,0.00
2026-08-17T07:00,19,0.00,25,13.90,99,0.70
2026-08-17T07:10,12,0.00,30,14.00,99,1.50
2026-08-17T07:20,8,0.00,34,13.90,99,1.20
2026-08-17T07:30,353,0.00,39,14.00,99,0.90
2026-08-17T07:40,7,0.00,43,14.10,99,1.00
2026-08-17T07:50,3,0.00,45,14.10,99,0.70
2026-08-17T08:00,17,0.00,44,14.20,99,0.50
2026-08-17T08:10,13,0.00,49,14.20,99,1.40
2026-08-17T08:20,23,0.00,59,14.40,99,1.40
2026-08-17T08:30,4,0.00,64,14.40,99,1.10
2026-08-17T08:40,4,0.00,65,14.50,99,1.10
2026-08-17T08:50,11,0.00,88,14.70,99,1.40
2026-08-17T09:00,30,0.20,100,14.90,99,1.60
2026-08-17T09:10,22,0.00,117,15.20,99,1.10
2026-08-17T09:20,29,0.00,519,15.50,99,1.80
2026-08-17T09:30,27,0.00,497,16.60,98,1.80
2026-08-17T09:40,22,0.00,281,16.90,97,1.10
2026-08-17T09:50,35,0.00,373,17.00,97,0.70
2026-08-17T10:00,52,0.00,449,18.00,90,0.40
2026-08-17T10:10,82,0.00,367,18.30,93,0.60
2026-08-17T10:20,1,0.00,640,18.50,93,0.60
2026-08-17T10:30,28,0.00,278,18.60,90,0.60
2026-08-17T10:40,15,0.00,358,18.40,91,1.00
2026-08-17T10:50,15,0.00,767,19.30,88,1.40
2026-08-17T11:00,9,0.00,712,19.60,83,1.10
2026-08-17T11:10,84,0.00,732,21.50,76,0.40
2026-08-17T11:20,157,0.00,746,21.80,69,0.70
2026-08-17T11:30,190,0.00,764,22.10,69,1.00
2026-08-17T11:40,175,0.00,779,22.70,63,0.90
2026-08-17T11:50,177,0.00,794,23.00,65,0.80
2026-08-17T12:00,123,0.00,810,23.60,70,0.80
2026-08-17T12:10,172,0.00,830,23.90,64,1.10
2026-08-17T12:20,175,0.00,767,24.20,61,1.10
2026-08-17T12:30,167,0.00,859,24.40,66,1.50
2026-08-17T12:40,165,0.00,772,25.20,60,1.00
2026-08-17T12:50,150,0.00,781,25.50,63,0.90
2026-08-17T13:00,150,0.00,837,25.40,56,1.20
2026-08-17T13:10,159,0.00,800,25.80,63,1.20
2026-08-17T13:20,187,0.00,898,26.20,56,1.20
2026-08-17T13:30,204,0.00,900,26.40,56,1.70
2026-08-17T13:40,207,0.00,949,27.30,50,1.10
2026-08-17T13:50,200,0.00,562,26.80,49,2.60
2026-08-17T14:00,152,0.00,554,26.50,49,1.60
2026-08-17T14:10,142,0.00,397,26.30,57,0.80
2026-08-17T14:20,53,0.00,728,25.70,65,1.00
2026-08-17T14:30,21,0.00,749,27.00,54,0.50
2026-08-17T14:40,168,0.00,869,28.00,46,1.20
2026-08-17T14:50,174,0.00,884,28.30,47,2.00
2026-08-17T15:00,182,0.00,613,28.10,47,2.40
2026-08-17T15:10,180,0.00,125,26.40,54,1.90
2026-08-17T15:20,166,0.00,53,25.10,62,1.60
2026-08-17T15:30,337,0.00,19,23.90,58,1.00
2026-08-17T15:40,335,0.00,12,22.10,63,3.80
2026-08-17T15:50,318,1.80,16,17.50,90,3.40
2026-08-17T16:00,4,0.60,27,17.00,94,0.80
2026-08-17T16:10,132,0.20,44,16.90,96,0.80
2026-08-17T16:20,8,0.20,87,17.00,98,1.30
2026-08-17T16:30,1,0.00,156,17.10,98,1.30
2026-08-17T16:40,351,0.00,264,17.50,97,1.50
2026-08-17T16:50,31,0.00,520,18.50,97,1.10
2026-08-17T17:00,29,0.00,339,19.20,96,0.90
2026-08-17T17:10,,0.00,475,19.20,92,0.00
2026-08-17T17:20,173,0.00,501,20.30,87,1.00
2026-08-17T17:30,218,0.00,307,20.50,89,1.40
2026-08-17T17:40,233,0.00,267,20.30,85,1.10
2026-08-17T17:50,232,0.00,230,20.30,86,0.50
2026-08-17T18:00,189,0.00,440,20.90,83,0.70
2026-08-17T18:10,,0.00,319,21.00,87,0.00
2026-08-17T18:20,318,0.00,314,20.50,88,0.90
2026-08-17T18:30,331,0.00,328,20.00,89,1.30
2026-08-17T18:40,306,0.00,96,19.50,88,0.80
2026-08-17T18:50,4,0.00,107,19.20,92,0.50
2026-08-17T19:00,353,0.00,54,18.60,93,1.10
2026-08-17T19:10,3,0.00,33,18.30,94,1.50
2026-08-17T19:20,347,0.00,38,17.90,96,0.90
2026-08-17T19:30,340,0.00,41,17.70,95,1.40
2026-08-17T19:40,335,0.00,32,17.40,96,1.40
2026-08-17T19:50,336,0.00,21,17.30,96,1.20
2026-08-17T20:00,346,0.00,13,17.00,96,1.10
2026-08-17T20:10,338,0.00,8,16.70,97,1.20
2026-08-17T20:20,335,0.00,5,16.40,97,1.20
2026-08-17T20:30,346,0.00,0,16.20,97,1.00
2026-08-17T20:40,338,0.00,0,16.10,97,1.10
2026-08-17T20:50,342,0.00,0,15.90,97,1.10
2026-08-17T21:00,351,0.00,0,15.60,98,1.20
2026-08-17T21:10,352,0.00,0,15.30,98,1.20
2026-08-17T21:20,345,0.00,0,15.30,98,1.50
2026-08-17T21:30,357,0.00,0,15.40,95,1.90
2026-08-17T21:40,342,0.00,0,15.30,94,1.20
2026-08-17T21:50,321,0.00,0,14.90,97,0.60
2026-08-17T22:00,353,0.00,0,14.70,97,0.80
2026-08-17T22:10,1,0.00,0,14.30,98,1.10
2026-08-17T22:20,13,0.00,0,14.30,98,0.80
2026-08-17T22:30,354,0.00,0,14.10,98,0.70
2026-08-17T22:40,14,0.00,0,14.00,98,2.10
2026-08-17T22:50,3,0.00,0,14.00,96,1.60
2026-08-17T23:00,333,0.00,0,13.90,96,1.00
2026-08-17T23:10,352,0.00,0,13.70,96,1.40
2026-08-17T23:20,344,0.00,0,13.80,92,0.90
2026-08-17T23:30,221,0.00,0,13.70,93,0.50
2026-08-17T23:40,7,0.00,0,13.30,96,1.20
2026-08-17T23:50,353,0.00,0,13.10,97,1.30
2026-08-18T00:00,3,0.00,0,13.20,96,1.00
2026-08-18T00:10,350,0.00,0,13.10,96,1.00
2026-08-18T00:20,,0.00,0,13.20,93,0.00
2026-08-18T00:30,26,0.00,0,12.90,94,0.50
2026-08-18T00:40,7,0.00,0,12.80,97,1.50
2026-08-18T00:50,347,0.00,0,13.00,95,1.80
2026-08-18T01:00,4,0.00,0,14.80,79,1.60
2026-08-18T01:10,24,0.00,0,16.50,67,2.40
2026-08-18T01:20,14,0.00,0,15.80,74,2.20
2026-08-18T01:30,240,0.00,0,14.20,84,0.80
2026-08-18T01:40,337,0.00,0,13.90,86,0.90
2026-08-18T01:50,298,0.00,0,14.20,81,0.40
2026-08-18T02:00,,0.00,0,14.20,83,0.00
2026-08-18T02:10,7,0.00,0,13.50,89,1.20
2026-08-18T02:20,359,0.00,0,13.70,89,1.80
2026-08-18T02:30,21,0.00,0,16.30,66,2.70
2026-08-18T02:40,19,0.00,0,16.00,68,1.80
2026-08-18T02:50,1,0.00,0,17.30,59,1.90
2026-08-18T03:00,4,0.00,0,17.60,57,1.80
2026-08-18T03:10,359,0.00,0,17.70,56,1.70
2026-08-18T03:20,334,0.00,0,17.70,57,1.30
2026-08-18T03:30,359,0.00,0,17.90,55,2.50
2026-08-18T03:40,15,0.00,0,17.70,56,1.50
2026-08-18T03:50,8,0.00,0,17.80,55,2.50
2026-08-18T04:00,18,0.00,0,17.90,54,2.10
2026-08-18T04:10,30,0.00,0,18.00,52,2.40
2026-08-18T04:20,28,0.00,0,17.40,57,2.60
2026-08-18T04:30,20,0.00,0,17.30,56,2.70
2026-08-18T04:40,29,0.00,0,17.30,55,2.90
2026-08-18T04:50,14,0.00,0,16.70,58,2.20
2026-08-18T05:00,14,0.00,0,16.50,62,2.10
2026-08-18T05:10,5,0.00,0,16.80,58,1.90
2026-08-18T05:20,18,0.00,0,16.80,57,1.50
2026-08-18T05:30,20,0.00,0,16.90,56,2.20
2026-08-18T05:40,7,0.00,0,16.70,57,1.60
2026-08-18T05:50,15,0.00,0,16.80,56,2.40
2026-08-18T06:00,4,0.00,0,17.00,56,1.90
2026-08-18T06:10,351,0.00,0,16.30,61,1.70
2026-08-18T06:20,327,0.00,0,15.40,68,1.30
2026-08-18T06:30,194,0.00,6,14.80,72,0.50
2026-08-18T06:40,,0.00,12,14.90,71,0.00
2026-08-18T06:50,348,0.00,21,14.50,77,1.10
2026-08-18T07:00,345,0.00,30,14.30,76,0.90
2026-08-18T07:10,166,0.00,38,14.20,78,0.40
2026-08-18T07:20,334,0.00,50,14.30,84,0.30
2026-08-18T07:30,349,0.00,56,14.40,81,0.50
2026-08-18T07:40,5,0.00,54,14.20,83,0.70
2026-08-18T07:50,17,0.00,62,14.10,85,1.60
2026-08-18T08:00,17,0.00,74,14.40,83,1.50
2026-08-18T08:10,33,0.00,87,14.40,84,0.30
2026-08-18T08:20,15,0.00,99,15.00,86,1.70
2026-08-18T08:30,14,0.00,120,15.00,87,1.50
2026-08-18T08:40,9,0.00,137,15.10,87,1.60
2026-08-18T08:50,29,0.00,88,15.60,86,0.70
2026-08-18T09:00,14,0.00,72,15.10,89,1.30
2026-08-18T09:10,22,0.00,65,15.50,85,1.60
2026-08-18T09:20,25,0.00,475,15.90,80,2.00
2026-08-18T09:30,21,0.00,507,16.60,78,2.00
2026-08-18T09:40,33,0.00,499,16.70,76,0.90
2026-08-18T09:50,26,0.00,538,17.70,72,0.70
2026-08-18T10:00,26,0.00,589,18.90,58,1.70
2026-08-18T10:10,22,0.00,611,18.70,56,1.40
2026-08-18T10:20,25,0.00,648,20.40,57,1.40
2026-08-18T10:30,91,0.00,651,21.80,47,0.70
2026-08-18T10:40,,0.00,680,22.10,57,0.00
2026-08-18T10:50,56,0.00,748,21.90,54,0.50
2026-08-18T11:00,165,0.00,734,22.90,55,0.30
2026-08-18T11:10,161,0.00,722,22.40,51,0.60
2026-08-18T11:20,,0.00,421,22.80,51,0.00
2026-08-18T11:30,87,0.00,757,22.80,61,0.50
2026-08-18T11:40,178,0.00,795,23.50,54,0.60
2026-08-18T11:50,205,0.00,843,23.90,56,1.10
2026-08-18T12:00,167,0.00,542,24.20,53,0.60
2026-08-18T12:10,211,0.00,736,23.70,55,0.90
2026-08-18T12:20,189,0.00,893,24.10,53,1.30
2026-08-18T12:30,176,0.00,454,24.60,58,0.30
2026-08-18T12:40,9,0.00,458,24.20,60,0.80
2026-08-18T12:50,15,0.00,431,24.00,60,0.80
2026-08-18T13:00,228,0.00,606,24.90,61,0.60
2026-08-18T13:10,200,0.00,566,24.50,53,1.00
2026-08-18T13:20,222,0.00,768,25.40,55,0.90
2026-08-18T13:30,224,0.00,896,25.80,52,1.00
2026-08-18T13:40,224,0.00,675,25.20,53,1.90
2026-08-18T13:50,225,0.00,906,26.20,55,1.60
2026-08-18T14:00,200,0.00,596,26.20,50,1.70
2026-08-18T14:10,215,0.00,751,26.50,48,1.70
2026-08-18T14:20,218,0.00,838,25.90,52,2.70
2026-08-18T14:30,206,0.00,823,26.70,50,2.20
2026-08-18T14:40,194,0.00,710,27.00,47,1.70
2026-08-18T14:50,193,0.00,780,26.70,41,2.00
2026-08-18T15:00,184,0.00,306,26.90,44,1.30
2026-08-18T15:10,145,0.00,625,26.70,46,0.60
2026-08-18T15:20,189,0.00,807,26.80,50,1.80
2026-08-18T15:30,191,0.00,796,27.10,48,1.50
2026-08-18T15:40,199,0.00,434,27.30,46,1.50
2026-08-18T15:50,203,0.00,303,25.70,67,1.10
2026-08-18T16:00,191,0.00,367,27.20,50,1.70
2026-08-18T16:10,185,0.00,633,27.30,46,2.40
2026-08-18T16:20,190,0.00,576,26.70,50,2.30
2026-08-18T16:30,184,0.00,322,27.00,47,1.50
2026-08-18T16:40,188,0.00,491,26.70,50,2.50
2026-08-18T16:50,178,0.00,585,26.90,47,2.40
2026-08-18T17:00,183,0.00,351,26.70,51,2.70
2026-08-18T17:10,178,0.00,363,26.20,52,2.10
2026-08-18T17:20,184,0.00,110,25.40,53,0.70
2026-08-18T17:30,20,0.00,134,23.70,64,1.00
2026-08-18T17:40,16,0.00,178,23.20,71,1.90
2026-08-18T17:50,45,0.00,133,23.50,68,1.30
2026-08-18T18:00,11,0.00,119,23.30,72,1.20
2026-08-18T18:10,23,0.00,115,23.10,62,1.20
2026-08-18T18:20,13,0.00,79,22.70,72,1.40
2026-08-18T18:30,18,0.00,71,22.40,70,1.90
2026-08-18T18:40,29,0.00,72,22.40,71,2.50
2026-08-18T18:50,19,0.00,84,22.10,74,1.90
2026-08-18T19:00,32,0.00,60,22.20,72,2.20
2026-08-18T19:10,23,0.00,41,22.10,74,2.20
2026-08-18T19:20,29,0.00,47,21.90,73,2.40
2026-08-18T19:30,28,0.00,44,21.80,74,2.50
2026-08-18T19:40,30,0.00,47,21.80,73,2.80
2026-08-18T19:50,16,0.00,34,21.40,76,2.10
2026-08-18T20:00,11,0.00,18,20.60,79,1.30
2026-08-18T20:10,18,0.00,12,20.80,77,1.90
2026-08-18T20:20,18,0.00,0,20.60,78,2.50
2026-08-18T20:30,16,0.00,0,20.70,77,2.20
2026-08-18T20:40,19,0.00,0,20.60,76,2.60
2026-08-18T20:50,18,0.00,0,20.70,75,2.10
2026-08-18T21:00,18,0.00,0,20.60,75,1.90
2026-08-18T21:10,5,0.00,0,20.80,73,1.40
2026-08-18T21:20,336,0.00,0,20.60,73,1.40
2026-08-18T21:30,330,0.00,0,20.60,73,1.90
2026-08-18T21:40,337,0.00,0,20.50,73,2.40
2026-08-18T21:50,335,0.00,0,20.30,73,2.40
2026-08-18T22:00,338,0.00,0,20.10,75,3.10
2026-08-18T22:10,327,0.00,0,19.70,77,1.90
2026-08-18T22:20,347,0.00,0,19.50,77,2.60
2026-08-18T22:30,358,0.00,0,19.50,76,1.80
2026-08-18T22:40,356,0.00,0,19.00,80,2.00
2026-08-18T22:50,356,0.00,0,18.90,80,2.00
2026-08-18T23:00,355,0.00,0,19.60,75,1.60
2026-08-18T23:10,10,0.00,0,19.20,78,1.90
2026-08-18T23:20,3,0.00,0,19.10,78,1.90
2026-08-18T23:30,12,0.00,0,18.50,81,2.00
2026-08-18T23:40,13,0.00,0,19.40,75,2.00
2026-08-18T23:50,5,0.00,0,19.20,75,1.40
2026-08-19T00:00,19,0.00,0,18.80,77,1.80
2026-08-19T00:10,3,0.00,0,19.30,74,1.10
2026-08-19T00:20,16,0.00,0,19.00,75,2.00
2026-08-19T00:30,345,0.00,0,20.40,65,2.10
2026-08-19T00:40,352,0.00,0,19.80,68,2.10
2026-08-19T00:50,340,0.00,0,19.90,67,2.30
2026-08-19T01:00,347,0.00,0,18.80,75,1.60
2026-08-19T01:10,348,0.00,0,18.60,76,1.60
2026-08-19T01:20,332,0.00,0,18.40,78,1.20
2026-08-19T01:30,,0.00,0,18.20,75,0.00
2026-08-19T01:40,178,0.00,0,17.80,78,1.20
2026-08-19T01:50,10,0.00,0,17.50,82,0.30
2026-08-19T02:00,17,0.00,0,16.90,85,0.50
2026-08-19T02:10,15,0.00,0,16.40,88,1.20
2026-08-19T02:20,9,0.00,0,16.90,85,1.50
2026-08-19T02:30,9,0.00,0,16.60,84,1.50
2026-08-19T02:40,19,0.00,0,16.50,87,1.30
2026-08-19T02:50,7,0.00,0,16.30,87,1.20
2026-08-19T03:00,18,0.00,0,16.10,89,1.30
2026-08-19T03:10,14,0.00,0,16.00,89,1.40
2026-08-19T03:20,11,0.00,0,15.50,91,1.80
2026-08-19T03:30,20,0.00,0,15.80,90,1.60
2026-08-19T03:40,11,0.00,0,15.60,91,1.70
2026-08-19T03:50,13,0.00,0,16.30,85,2.20
2026-08-19T04:00,14,0.00,0,15.90,87,1.60
2026-08-19T04:10,16,0.00,0,15.90,88,1.40
2026-08-19T04:20,5,0.00,0,15.60,90,1.50
2026-08-19T04:30,7,0.00,0,16.30,83,0.80
2026-08-19T04:40,357,0.00,0,15.70,87,0.60
2026-08-19T04:50,12,0.00,0,15.20,91,0.80
2026-08-19T05:00,12,0.00,0,15.00,92,1.40
2026-08-19T05:10,18,0.00,0,15.20,91,2.00
2026-08-19T05:20,9,0.00,0,15.30,89,1.60
2026-08-19T05:30,3,0.00,0,15.40,88,0.80
2026-08-19T05:40,,0.00,0,15.40,88,0.00
2026-08-19T05:50,9,0.00,0,14.80,92,1.40
2026-08-19T06:00,18,0.00,0,15.40,86,2.10
2026-08-19T06:10,6,0.00,0,14.60,92,1.50
2026-08-19T06:20,4,0.00,6,14.90,90,1.50
2026-08-19T06:30,17,0.00,10,15.00,90,2.10
2026-08-19T06:40,14,0.00,19,14.90,91,1.70
2026-08-19T06:50,14,0.00,28,15.30,87,1.70
2026-08-19T07:00,12,0.00,37,15.60,85,1.70
2026-08-19T07:10,13,0.00,42,15.40,89,1.60
2026-08-19T07:20,10,0.00,46,15.20,91,1.70
2026-08-19T07:30,13,0.00,52,15.10,91,1.60
2026-08-19T07:40,1,0.00,67,15.40,91,1.30
2026-08-19T07:50,10,0.00,74,16.10,87,1.50
2026-08-19T08:00,11,0.00,64,16.40,86,1.70
2026-08-19T08:10,16,0.00,72,16.60,86,1.80
2026-08-19T08:20,16,0.00,101,16.90,86,1.80
2026-08-19T08:30,12,0.00,123,16.90,84,1.50
2026-08-19T08:40,19,0.00,117,17.40,83,1.80
2026-08-19T08:50,21,0.00,106,17.50,86,1.50
2026-08-19T09:00,20,0.00,62,17.80,82,1.70
2026-08-19T09:10,,0.00,72,17.70,85,0.00
2026-08-19T09:20,22,0.00,440,17.40,86,0.90
2026-08-19T09:30,29,0.00,469,18.60,82,1.40
2026-08-19T09:40,21,0.00,482,18.70,83,1.70
2026-08-19T09:50,63,0.00,527,21.20,74,0.80
2026-08-19T10:00,2,0.00,550,20.90,77,0.30
2026-08-19T10:10,30,0.00,587,21.50,68,0.40
2026-08-19T10:20,53,0.00,607,22.10,67,0.70
2026-08-19T10:30,27,0.00,637,22.60,69,0.60
2026-08-19T10:40,200,0.00,657,23.80,63,0.40
2026-08-19T10:50,,0.00,676,24.10,63,0.00
2026-08-19T11:00,102,0.00,706,24.50,65,0.90
2026-08-19T11:10,177,0.00,723,24.50,61,0.90
2026-08-19T11:20,140,0.00,741,25.40,62,0.50
2026-08-19T11:30,63,0.00,766,24.90,68,1.00
2026-08-19T11:40,198,0.00,783,25.80,62,1.30
2026-08-19T11:50,221,0.00,806,25.60,61,2.10
2026-08-19T12:00,216,0.00,839,26.00,64,2.30
2026-08-19T12:10,187,0.00,848,26.80,58,2.50
2026-08-19T12:20,215,0.00,855,26.60,59,2.80
2026-08-19T12:30,202,0.00,815,26.80,61,2.50
2026-08-19T12:40,182,0.00,887,27.50,56,2.40
2026-08-19T12:50,164,0.00,811,27.50,57,2.10
2026-08-19T13:00,142,0.00,941,27.90,56,1.70
2026-08-19T13:10,157,0.00,906,27.70,51,2.30
2026-08-19T13:20,180,0.00,908,27.70,52,2.40
2026-08-19T13:30,171,0.00,920,28.20,52,2.40
2026-08-19T13:40,161,0.00,939,28.40,54,2.90
2026-08-19T13:50,171,0.00,911,28.50,51,2.90
2026-08-19T14:00,183,0.00,917,28.90,49,2.60
2026-08-19T14:10,180,0.00,917,28.60,52,3.10
2026-08-19T14:20,185,0.00,942,28.40,54,3.10
2026-08-19T14:30,172,0.00,966,28.80,57,3.10
2026-08-19T14:40,182,0.00,926,28.70,52,2.80
2026-08-19T14:50,178,0.00,891,28.70,53,3.30
2026-08-19T15:00,179,0.00,919,27.80,56,3.30
2026-08-19T15:10,169,0.00,874,28.50,53,2.80
2026-08-19T15:20,183,0.00,195,28.30,52,2.40
2026-08-19T15:30,179,0.00,825,27.50,59,2.50
2026-08-19T15:40,180,0.00,776,28.20,61,2.20
2026-08-19T15:50,180,0.00,772,28.40,55,2.70
2026-08-19T16:00,175,0.00,742,28.20,53,2.70
2026-08-19T16:10,147,0.00,681,28.20,52,2.20
2026-08-19T16:20,176,0.00,661,28.50,53,1.80
2026-08-19T16:30,180,0.00,230,28.10,52,1.90
2026-08-19T16:40,173,0.00,620,28.40,52,2.00
2026-08-19T16:50,162,0.00,586,28.40,49,1.70
2026-08-19T17:00,159,0.00,545,28.40,51,1.80
2026-08-19T17:10,146,0.00,528,28.50,49,2.30
2026-08-19T17:20,146,0.00,369,28.50,48,1.50
2026-08-19T17:30,183,0.00,435,28.30,52,2.30
2026-08-19T17:40,152,0.00,395,28.40,48,1.40
2026-08-19T17:50,166,0.00,357,27.60,55,1.20
2026-08-19T18:00,276,0.00,327,27.20,55,0.50
2026-08-19T18:10,359,0.00,301,25.70,64,1.50
2026-08-19T18:20,359,0.00,281,25.30,63,1.40
2026-08-19T18:30,15,0.00,251,24.30,66,1.90
2026-08-19T18:40,22,0.00,69,23.10,70,2.20
2026-08-19T18:50,10,0.00,68,22.90,70,1.80
2026-08-19T19:00,24,0.00,54,22.80,70,2.50
2026-08-19T19:10,29,0.00,49,22.50,74,1.80
2026-08-19T19:20,23,0.00,31,22.70,69,2.70
2026-08-19T19:30,26,0.00,26,22.60,69,3.00
2026-08-19T19:40,24,0.00,24,21.80,75,1.30
2026-08-19T19:50,4,0.00,13,21.30,78,1.10
2026-08-19T20:00,11,0.00,8,20.60,82,1.70
2026-08-19T20:10,20,0.00,5,21.10,74,2.30
2026-08-19T20:20,17,0.00,0,21.10,74,2.00
2026-08-19T20:30,24,0.00,0,21.20,73,2.70
2026-08-19T20:40,23,0.00,0,21.50,71,2.20
2026-08-19T20:50,17,0.00,0,21.50,70,2.30
2026-08-19T21:00,25,0.00,0,21.60,68,2.60
2026-08-19T21:10,29,0.00,0,21.70,68,3.10
2026-08-19T21:20,46,0.00,0,22.10,66,2.20
2026-08-19T21:30,3,0.00,0,22.10,65,2.70
2026-08-19T21:40,356,0.00,0,22.40,63,2.00
2026-08-19T21:50,11,0.00,0,22.10,65,2.30
2026-08-19T22:00,1,0.00,0,22.20,65,1.60
2026-08-19T22:10,355,0.00,0,22.30,64,2.90
2026-08-19T22:20,10,0.00,0,22.40,64,2.00
2026-08-19T22:30,17,0.00,0,22.50,63,1.90
2026-08-19T22:40,10,0.00,0,22.20,65,2.60
2026-08-19T22:50,10,0.00,0,22.40,67,2.00
2026-08-19T23:00,19,0.00,0,22.20,69,2.10
2026-08-19T23:10,16,0.00,0,22.30,70,3.30
2026-08-19T23:20,351,0.00,0,22.30,70,2.30
2026-08-19T23:30,3,0.00,0,22.20,71,1.80
2026-08-19T23:40,17,0.00,0,22.10,71,1.90
2026-08-19T23:50,29,0.00,0,22.20,72,0.80
2026-08-20T00:00,3,0.00,0,21.90,73,1.70
2026-08-20T00:10,336,1.40,17,18.70,84,2.90
2026-08-20T00:20,339,3.80,0,16.80,94,2.10
2026-08-20T00:30,327,2.20,0,16.20,97,3.60
2026-08-20T00:40,7,0.20,0,16.10,94,2.90
2026-08-20T00:50,4,0.00,0,16.10,94,2.30
2026-08-20T01:00,,0.20,0,15.80,96,0.00
2026-08-20T01:10,7,0.00,0,15.70,98,0.70
2026-08-20T01:20,19,0.00,0,15.50,98,2.20
2026-08-20T01:30,13,0.00,0,15.40,98,2.20
2026-08-20T01:40,344,0.00,0,15.30,99,1.60
2026-08-20T01:50,20,0.00,0,15.30,98,2.20
2026-08-20T02:00,345,0.00,0,15.30,98,1.50
2026-08-20T02:10,358,0.00,0,15.20,98,0.70
2026-08-20T02:20,31,0.00,0,15.20,99,1.40
2026-08-20T02:30,326,0.00,0,15.40,99,1.00
2026-08-20T02:40,12,0.00,0,15.50,99,1.10
2026-08-20T02:50,353,0.00,0,15.40,99,1.10
2026-08-20T03:00,42,0.00,0,15.70,98,0.70
2026-08-20T03:10,338,0.00,0,15.60,99,0.50
2026-08-20T03:20,107,0.00,0,15.60,99,0.50
2026-08-20T03:30,241,0.00,0,15.50,99,0.40
2026-08-20T03:40,24,0.00,0,15.50,99,0.50
2026-08-20T03:50,5,0.00,0,15.30,99,1.10
2026-08-20T04:00,9,0.00,0,15.30,99,1.30
2026-08-20T04:10,8,0.00,0,15.50,99,1.00
2026-08-20T04:20,,0.00,0,15.60,99,0.00
2026-08-20T04:30,359,0.00,0,15.70,99,0.80
2026-08-20T04:40,2,0.40,0,15.80,99,1.40
2026-08-20T04:50,115,0.60,0,16.00,99,0.40
2026-08-20T05:00,213,0.00,0,15.90,99,0.90
2026-08-20T05:10,16,0.00,0,16.10,99,1.90
2026-08-20T05:20,70,0.20,0,16.10,99,0.70
2026-08-20T05:30,358,0.40,0,16.20,99,0.80
2026-08-20T05:40,169,9.00,7,14.80,98,2.00
2026-08-20T05:50,103,1.80,0,14.40,99,1.40
2026-08-20T06:00,17,0.00,0,14.50,99,0.40
2026-08-20T06:10,64,0.20,0,14.70,99,1.00
2026-08-20T06:20,16,0.00,0,14.90,99,1.10
2026-08-20T06:30,96,0.00,0,15.20,99,0.60
2026-08-20T06:40,10,0.00,0,15.20,99,0.70
2026-08-20T06:50,83,0.00,5,15.30,99,0.60
2026-08-20T07:00,151,0.00,7,15.40,99,0.60
2026-08-20T07:10,183,0.20,20,15.30,99,0.40
2026-08-20T07:20,172,0.00,46,15.40,99,0.50
2026-08-20T07:30,141,0.00,34,15.40,99,0.70
2026-08-20T07:40,353,0.00,29,15.40,99,0.70
2026-08-20T07:50,62,0.00,37,15.70,99,0.50
2026-08-20T08:00,17,0.00,62,15.90,99,0.50
2026-08-20T08:10,189,0.00,45,16.00,99,0.40
2026-08-20T08:20,326,0.00,84,16.10,99,0.90
2026-08-20T08:30,90,0.00,102,16.40,99,0.70
2026-08-20T08:40,351,0.00,68,16.60,99,0.90
2026-08-20T08:50,,0.00,86,16.80,99,0.00
2026-08-20T09:00,,0.00,140,17.00,99,0.00
2026-08-20T09:10,,0.00,234,17.10,99,0.00
2026-08-20T09:20,0,0.00,214,17.40,99,0.80
2026-08-20T09:30,131,0.00,151,17.70,99,0.50
2026-08-20T09:40,231,0.00,428,18.10,99,0.60
2026-08-20T09:50,131,0.00,217,18.00,99,0.90
2026-08-20T10:00,7,0.00,205,18.40,99,0.80
2026-08-20T10:10,51,0.00,136,18.30,99,0.90
2026-08-20T10:20,212,0.00,202,18.60,99,0.60
2026-08-20T10:30,159,0.00,322,19.00,99,0.60
2026-08-20T10:40,143,0.00,178,18.80,98,0.50
2026-08-20T10:50,174,0.00,234,19.40,99,0.70
2026-08-20T11:00,262,0.00,178,19.20,97,0.40
2026-08-20T11:10,148,0.00,394,19.50,96,0.70
2026-08-20T11:20,182,0.00,563,19.90,94,1.20
2026-08-20T11:30,,0.00,184,20.10,90,0.00
2026-08-20T11:40,154,0.00,62,20.30,91,0.50
2026-08-20T11:50,4,0.00,283,20.10,97,0.80
2026-08-20T12:00,5,0.00,375,20.70,91,1.70
2026-08-20T12:10,25,0.00,247,20.80,85,2.30
2026-08-20T12:20,19,0.00,184,20.70,88,1.70
2026-08-20T12:30,31,0.00,400,21.20,89,0.80
2026-08-20T12:40,11,0.00,867,22.00,83,1.00
2026-08-20T12:50,8,0.00,397,22.60,82,0.50
2026-08-20T13:00,178,0.00,351,22.20,81,0.90
2026-08-20T13:10,209,0.00,227,22.30,79,1.10
2026-08-20T13:20,163,0.00,367,22.30,88,0.80
2026-08-20T13:30,190,0.00,58,21.60,88,1.20
2026-08-20T13:40,130,0.00,1066,22.80,90,1.10
2026-08-20T13:50,184,0.00,192,22.80,85,1.80
2026-08-20T14:00,201,0.00,167,22.50,85,1.30
2026-08-20T14:10,166,0.00,115,22.60,75,2.40
2026-08-20T14:20,171,0.00,65,22.60,75,2.20
2026-08-20T14:30,188,0.00,254,22.40,78,2.00
2026-08-20T14:40,178,0.00,353,22.90,84,1.00
2026-08-20T14:50,184,0.00,276,23.10,82,0.70
2026-08-20T15:00,233,0.00,404,23.60,79,0.50
2026-08-20T15:10,211,0.00,477,24.50,73,0.80
2026-08-20T15:20,178,0.00,456,24.40,76,0.70
2026-08-20T15:30,198,0.00,185,23.10,81,1.90
2026-08-20T15:40,213,0.00,83,22.20,85,1.40
2026-08-20T15:50,112,0.00,26,21.90,86,0.60
2026-08-20T16:00,,0.00,37,21.40,91,0.00
2026-08-20T16:10,200,0.00,60,22.00,82,1.00
2026-08-20T16:20,196,0.00,95,21.90,82,1.10
2026-08-20T16:30,167,0.00,128,22.80,72,0.70
2026-08-20T16:40,185,0.00,47,22.60,79,1.10
2026-08-20T16:50,,0.00,17,21.90,83,0.00
2026-08-20T17:00,,0.00,18,21.10,87,0.00
2026-08-20T17:10,6,0.00,64,20.40,94,1.10
2026-08-20T17:20,43,0.40,114,20.10,94,1.90
2026-08-20T17:30,14,0.00,85,19.90,94,1.20
2026-08-20T17:40,8,0.00,64,20.00,95,0.90
2026-08-20T17:50,166,0.00,39,20.20,96,0.30
2026-08-20T18:00,16,0.00,35,19.90,97,0.90
2026-08-20T18:10,,0.20,36,19.80,96,0.00
2026-08-20T18:20,30,0.00,41,19.80,97,0.70
2026-08-20T18:30,10,0.00,44,19.60,97,1.50
2026-08-20T18:40,123,0.00,21,19.60,95,0.80
2026-08-20T18:50,179,0.00,23,19.30,95,0.80
2026-08-20T19:00,157,0.00,23,19.20,93,0.60
2026-08-20T19:10,304,0.00,14,19.00,98,0.30
2026-08-20T19:20,18,0.00,18,18.90,98,0.90
2026-08-20T19:30,23,0.00,18,18.80,98,0.90
2026-08-20T19:40,199,0.00,13,18.70,99,0.40
2026-08-20T19:50,175,0.00,8,18.60,99,0.30
2026-08-20T20:00,,0.20,8,18.70,99,0.00
2026-08-20T20:10,,0.00,0,18.50,99,0.00
2026-08-20T20:20,185,0.00,0,18.30,99,0.80
2026-08-20T20:30,205,0.00,0,18.20,99,0.90
2026-08-20T20:40,165,0.00,0,17.90,99,0.80
2026-08-20T20:50,,0.20,0,17.90,99,0.00
2026-08-20T21:00,233,0.20,0,17.50,98,1.30
2026-08-20T21:10,79,0.60,0,17.50,99,0.60
2026-08-20T21:20,11,1.80,0,17.30,99,1.60
2026-08-20T21:30,,2.40,0,16.50,98,0.00
2026-08-20T21:40,91,2.60,0,15.90,99,1.20
2026-08-20T21:50,11,0.40,0,15.80,99,1.10
2026-08-20T22:00,357,0.20,0,15.90,99,1.40
2026-08-20T22:10,28,0.40,0,15.80,99,0.90
2026-08-20T22:20,110,0.00,0,15.70,99,0.80
2026-08-20T22:30,346,0.00,0,15.80,99,1.20
2026-08-20T22:40,6,0.00,0,15.70,99,1.20
2026-08-20T22:50,153,0.00,0,15.60,99,0.70
2026-08-20T23:00,37,0.00,0,15.70,99,0.60
2026-08-20T23:10,29,0.00,0,15.50,99,0.50
2026-08-20T23:20,,0.00,0,15.50,99,0.00
2026-08-20T23:30,86,0.00,0,15.40,99,0.60
2026-08-20T23:40,37,0.00,0,15.30,99,0.70
2026-08-20T23:50,9,0.00,0,15.00,99,0.90
2026-08-21T00:00,104,0.00,0,14.80,99,0.70
2026-08-21T00:10,7,0.00,0,14.60,99,1.60
2026-08-21T00:20,11,0.00,0,14.50,99,2.50
2026-08-21T00:30,18,0.00,0,14.40,99,1.70
2026-08-21T00:40,40,0.00,0,14.30,99,0.40
2026-08-21T00:50,38,0.00,0,14.20,99,1.30
2026-08-21T01:00,348,0.00,0,14.20,99,1.20
2026-08-21T01:10,6,0.00,0,14.00,99,1.30
2026-08-21T01:20,,0.00,0,14.00,99,0.00
2026-08-21T01:30,3,0.00,0,14.00,99,0.50
2026-08-21T01:40,3,0.00,0,13.90,99,1.20
2026-08-21T01:50,4,0.00,0,13.90,99,1.30
2026-08-21T02:00,353,0.00,0,13.80,99,1.10
2026-08-21T02:10,341,0.00,0,13.70,99,1.10
2026-08-21T02:20,35,0.00,0,13.70,99,0.40
2026-08-21T02:30,351,0.00,0,13.50,99,0.90
2026-08-21T02:40,2,0.00,0,13.50,99,1.10
2026-08-21T02:50,347,0.00,0,13.40,99,1.60
2026-08-21T03:00,339,0.00,0,13.40,99,1.40
2026-08-21T03:10,99,0.00,0,13.30,99,0.60
2026-08-21T03:20,,0.00,0,13.30,99,0.00
2026-08-21T03:30,18,0.00,0,13.20,99,1.60
2026-08-21T03:40,12,0.00,0,13.30,99,1.60
2026-08-21T03:50,15,0.00,0,13.40,99,1.90
2026-08-21T04:00,354,0.20,0,13.30,99,1.40
2026-08-21T04:10,10,0.00,0,13.20,99,1.50
2026-08-21T04:20,7,0.00,0,13.20,99,1.20
2026-08-21T04:30,3,0.00,0,13.20,99,1.20
2026-08-21T04:40,,0.00,0,13.10,99,0.00
2026-08-21T04:50,2,0.00,0,13.00,99,0.50
2026-08-21T05:00,7,0.00,0,12.90,99,1.60
2026-08-21T05:10,12,0.00,0,13.00,99,1.60
2026-08-21T05:20,0,0.00,0,12.90,99,1.40
2026-08-21T05:30,1,0.00,0,12.90,99,1.20
2026-08-21T05:40,353,0.00,0,12.90,99,1.30
2026-08-21T05:50,338,0.00,0,12.90,99,1.10
2026-08-21T06:00,38,0.00,0,12.90,99,0.40
2026-08-21T06:10,8,0.00,0,12.80,99,0.90
2026-08-21T06:20,356,0.00,0,12.80,99,0.40
2026-08-21T06:30,18,0.00,6,12.90,99,0.40
2026-08-21T06:40,359,0.00,11,12.80,99,0.70
2026-08-21T06:50,10,0.00,19,13.10,99,1.10
2026-08-21T07:00,346,0.00,23,13.30,99,1.20
2026-08-21T07:10,15,0.00,30,13.50,99,0.30
2026-08-21T07:20,,0.00,29,13.80,99,0.00
2026-08-21T07:30,124,0.00,31,13.80,99,0.50
2026-08-21T07:40,8,0.00,23,13.80,99,0.90
2026-08-21T07:50,12,0.00,24,14.00,99,1.00
2026-08-21T08:00,3,0.00,34,14.10,99,0.80
2026-08-21T08:10,,0.00,33,14.40,99,0.00
2026-08-21T08:20,345,0.00,27,14.30,99,0.80
2026-08-21T08:30,20,0.00,16,14.50,99,0.70
2026-08-21T08:40,346,0.00,10,14.60,99,0.70
2026-08-21T08:50,6,0.00,8,14.60,99,1.00
2026-08-21T09:00,358,0.20,9,14.60,99,0.40
2026-08-21T09:10,,0.40,9,14.60,99,0.00
2026-08-21T09:20,,0.80,8,14.60,99,0.00
2026-08-21T09:30,161,0.80,8,14.60,99,0.40
2026-08-21T09:40,,1.40,8,14.60,99,0.00
2026-08-21T09:50,,1.40,7,14.60,99,0.00
2026-08-21T10:00,33,1.80,7,14.60,99,1.00
2026-08-21T10:10,,1.60,9,14.60,99,0.00
2026-08-21T10:20,175,1.80,11,14.60,99,1.00
2026-08-21T10:30,,1.40,12,14.50,99,0.00
2026-08-21T10:40,181,1.00,13,14.60,99,0.30
2026-08-21T10:50,324,1.40,14,14.60,99,0.30
2026-08-21T11:00,121,2.60,28,14.60,99,0.60
2026-08-21T11:10,203,1.60,17,14.60,99,0.70
2026-08-21T11:20,206,0.80,14,14.50,99,1.30
2026-08-21T11:30,206,1.20,22,14.40,99,0.50
2026-08-21T11:40,316,1.00,31,14.60,99,0.50
2026-08-21T11:50,89,1.40,36,14.50,99,0.50
2026-08-21T12:00,353,2.00,35,14.50,99,1.50
2026-08-21T12:10,55,2.00,41,14.50,99,0.60
2026-08-21T12:20,,2.20,56,14.60,99,0.00
2026-08-21T12:30,106,1.60,83,14.70,99,0.90
2026-08-21T12:40,316,1.20,68,14.80,99,0.50
2026-08-21T12:50,166,0.60,44,14.80,99,0.70
2026-08-21T13:00,,0.20,36,14.80,99,0.00
2026-08-21T13:10,18,0.60,37,14.70,99,0.90
2026-08-21T13:20,175,0.80,45,14.80,99,0.70
2026-08-21T13:30,215,0.40,46,14.90,99,0.60
2026-08-21T13:40,115,0.40,100,14.80,99,0.60
2026-08-21T13:50,315,0.40,119,15.30,99,0.40
2026-08-21T14:00,,0.40,77,15.10,99,0.00
2026-08-21T14:10,,0.00,62,15.00,99,0.00
2026-08-21T14:20,65,0.40,70,15.20,99,0.40
2026-08-21T14:30,163,0.20,42,15.30,99,0.60
2026-08-21T14:40,,0.60,77,15.20,99,0.00
2026-08-21T14:50,11,0.20,127,15.20,99,0.40
2026-08-21T15:00,170,0.00,81,15.30,99,0.80
2026-08-21T15:10,,0.00,37,15.30,99,0.00
2026-08-21T15:20,221,0.00,26,15.30,99,0.60
2026-08-21T15:30,,0.00,32,15.30,99,0.00
2026-08-21T15:40,185,0.60,56,15.30,99,0.50
2026-08-21T15:50,207,0.20,52,15.20,99,0.40
2026-08-21T16:00,,1.40,103,15.30,99,0.00
2026-08-21T16:10,283,0.60,124,15.60,99,0.40
2026-08-21T16:20,,0.40,151,15.40,99,0.00
2026-08-21T16:30,6,0.20,78,15.50,99,1.00
2026-08-21T16:40,,0.20,75,15.70,99,0.00
2026-08-21T16:50,345,0.60,98,15.70,99,0.40
2026-08-21T17:00,,0.40,55,15.80,99,0.00
2026-08-21T17:10,157,0.60,44,15.60,99,0.40
2026-08-21T17:20,202,0.60,34,15.50,99,0.40
2026-08-21T17:30,189,0.60,101,15.60,99,0.40
2026-08-21T17:40,187,0.40,80,15.50,99,0.70
2026-08-21T17:50,170,0.20,72,15.60,99,0.40
2026-08-21T18:00,,0.00,97,15.60,99,0.00
2026-08-21T18:10,203,0.00,81,15.70,99,0.50
2026-08-21T18:20,195,0.00,68,15.60,99,0.90
2026-08-21T18:30,180,0.20,65,15.60,99,0.50
2026-08-21T18:40,164,0.20,37,15.60,99,0.80
2026-08-21T18:50,208,0.00,41,15.60,99,0.50
2026-08-21T19:00,,0.00,50,15.50,99,0.00
2026-08-21T19:10,,0.00,78,15.70,99,0.00
2026-08-21T19:20,339,0.00,39,15.70,99,0.60
2026-08-21T19:30,25,0.00,39,15.60,99,1.10
2026-08-21T19:40,156,0.00,25,15.60,99,0.70
2026-08-21T19:50,149,0.00,29,15.50,99,0.40
2026-08-21T20:00,166,0.00,10,15.40,99,0.50
2026-08-21T20:10,198,0.00,5,15.30,99,0.50
2026-08-21T20:20,,0.00,0,15.30,99,0.00
2026-08-21T20:30,,0.00,0,15.40,99,0.00
2026-08-21T20:40,,0.00,0,15.40,99,0.00
2026-08-21T20:50,,0.00,0,15.40,99,0.00
2026-08-21T21:00,3,0.00,0,15.20,99,1.00
2026-08-21T21:10,14,0.00,0,14.90,99,1.50
2026-08-21T21:20,4,0.00,0,14.50,99,0.60
2026-08-21T21:30,,0.00,0,14.40,99,0.00
2026-08-21T21:40,12,0.00,0,13.90,99,1.70
2026-08-21T21:50,20,0.00,0,13.80,99,1.80
2026-08-21T22:00,21,0.00,0,13.50,99,1.40
2026-08-21T22:10,14,0.00,0,13.40,99,1.70
2026-08-21T22:20,11,0.00,0,13.10,99,1.20
2026-08-21T22:30,16,0.00,0,13.00,99,1.00
2026-08-21T22:40,15,0.00,0,12.90,99,1.40
2026-08-21T22:50,6,0.20,0,12.70,99,1.60
2026-08-21T23:00,14,0.00,0,12.70,99,1.70
2026-08-21T23:10,18,0.00,0,12.80,99,2.10
2026-08-21T23:20,9,0.00,0,12.60,99,1.50
2026-08-21T23:30,1,0.00,0,12.50,99,1.40
2026-08-21T23:40,359,0.00,0,12.50,99,1.40
2026-08-21T23:50,11,0.00,0,12.40,99,1.30
2026-08-22T00:00,356,0.00,0,12.50,99,1.40
2026-08-22T00:10,344,0.00,0,12.50,99,1.90
2026-08-22T00:20,352,0.00,0,12.40,99,1.60
2026-08-22T00:30,5,0.00,0,12.40,99,2.00
2026-08-22T00:40,20,0.00,0,12.40,99,2.10
2026-08-22T00:50,18,0.00,0,12.20,99,1.70
2026-08-22T01:00,8,0.00,0,12.10,99,1.60
2026-08-22T01:10,7,0.00,0,12.20,99,1.70
2026-08-22T01:20,10,0.00,0,12.10,99,1.80
2026-08-22T01:30,2,0.00,0,12.10,99,2.00
2026-08-22T01:40,2,0.00,0,12.00,99,1.70
2026-08-22T01:50,8,0.00,0,11.90,99,1.60
2026-08-22T02:00,350,0.00,0,11.80,99,1.20
2026-08-22T02:10,356,0.00,0,11.80,99,1.10
2026-08-22T02:20,352,0.00,0,11.60,99,1.20
2026-08-22T02:30,351,0.00,0,11.60,99,1.50
2026-08-22T02:40,352,0.00,0,11.60,99,1.50
2026-08-22T02:50,346,0.00,0,11.50,99,1.20
2026-08-22T03:00,359,0.00,0,11.30,99,1.20
2026-08-22T03:10,4,0.00,0,11.30,99,0.90
2026-08-22T03:20,340,0.00,0,11.10,99,1.10
2026-08-22T03:30,349,0.00,0,11.10,99,1.20
2026-08-22T03:40,14,0.00,0,11.10,99,0.60
2026-08-22T03:50,354,0.00,0,10.90,99,0.80
2026-08-22T04:00,9,0.00,0,11.00,99,0.90
2026-08-22T04:10,5,0.00,0,10.90,99,1.00
2026-08-22T04:20,8,0.00,0,11.00,99,1.40
2026-08-22T04:30,342,0.00,0,11.10,99,1.30
2026-08-22T04:40,346,0.00,0,11.00,99,0.60
2026-08-22T04:50,,0.00,0,10.80,99,0.00
2026-08-22T05:00,359,0.00,0,10.70,99,0.90
2026-08-22T05:10,5,0.00,0,10.80,99,1.00
2026-08-22T05:20,13,0.00,0,10.60,99,1.10
2026-08-22T05:30,352,0.00,0,10.50,99,1.30
2026-08-22T05:40,356,0.00,0,10.70,99,1.10
2026-08-22T05:50,,0.00,0,10.70,99,0.00
2026-08-22T06:00,352,0.00,0,10.60,99,0.80
2026-08-22T06:10,2,0.00,0,10.50,99,1.10
2026-08-22T06:20,357,0.00,0,10.60,99,0.80
2026-08-22T06:30,0,0.00,7,10.50,99,0.80
2026-08-22T06:40,357,0.00,11,10.30,99,1.30
2026-08-22T06:50,7,0.00,16,10.50,99,1.30
2026-08-22T07:00,352,0.00,19,10.50,99,1.10
2026-08-22T07:10,11,0.20,22,10.70,99,1.20
2026-08-22T07:20,10,0.00,27,10.60,99,1.20
2026-08-22T07:30,352,0.00,30,10.60,99,0.90
2026-08-22T07:40,4,0.00,37,10.90,99,0.50
2026-08-22T07:50,346,0.00,45,10.80,99,1.20
2026-08-22T08:00,344,0.00,67,10.90,99,1.20
2026-08-22T08:10,345,0.00,63,11.20,99,1.10
2026-08-22T08:20,352,0.00,64,11.30,99,1.00
2026-08-22T08:30,355,0.00,70,11.40,99,1.00
2026-08-22T08:40,13,0.00,82,11.70,99,1.70
2026-08-22T08:50,18,0.00,88,12.00,99,1.90
2026-08-22T09:00,22,0.00,99,12.40,99,2.40
2026-08-22T09:10,30,0.00,73,12.70,99,2.00
2026-08-22T09:20,35,0.00,498,12.80,99,1.90
2026-08-22T09:30,27,0.00,517,13.40,98,1.90
2026-08-22T09:40,28,0.00,542,13.80,97,1.60
2026-08-22T09:50,45,0.00,571,14.60,98,0.50
2026-08-22T10:00,77,0.00,593,15.50,95,0.70
2026-08-22T10:10,28,0.00,620,15.40,92,0.70
2026-08-22T10:20,14,0.00,644,16.00,93,1.10
2026-08-22T10:30,10,0.00,674,16.70,86,0.70
2026-08-22T10:40,10,0.00,697,17.00,88,0.90
2026-08-22T10:50,19,0.00,718,17.70,79,1.00
2026-08-22T11:00,357,0.00,750,18.30,78,0.80
2026-08-22T11:10,,0.00,769,19.60,72,0.00
2026-08-22T11:20,171,0.00,794,19.70,74,1.10
2026-08-22T11:30,172,0.00,823,20.40,73,1.20
2026-08-22T11:40,191,0.00,835,20.20,74,1.20
2026-08-22T11:50,146,0.00,883,21.00,75,0.70
2026-08-22T12:00,206,0.00,957,21.20,70,0.40
2026-08-22T12:10,197,0.00,984,21.90,67,1.20
2026-08-22T12:20,220,0.00,406,21.80,67,2.00
2026-08-22T12:30,185,0.00,948,21.50,64,2.20
2026-08-22T12:40,175,0.00,1065,22.60,59,1.90
2026-08-22T12:50,170,0.00,260,21.60,69,1.40
2026-08-22T13:00,196,0.00,1118,21.50,71,0.80
2026-08-22T13:10,256,0.00,294,21.60,64,1.00
2026-08-22T13:20,191,0.00,349,21.50,67,1.80
2026-08-22T13:30,187,0.00,395,21.90,69,0.60
2026-08-22T13:40,197,0.00,267,21.50,65,1.50
2026-08-22T13:50,209,0.00,291,22.00,69,0.70
2026-08-22T14:00,224,0.00,388,21.20,72,1.60
2026-08-22T14:10,249,0.00,324,21.40,75,1.00
2026-08-22T14:20,195,0.00,227,21.40,76,0.50
2026-08-22T14:30,227,0.00,919,22.80,60,1.70
2026-08-22T14:40,202,0.00,217,22.60,62,2.10
2026-08-22T14:50,202,0.00,217,21.90,70,1.10
2026-08-22T15:00,248,0.00,880,22.80,64,0.50
2026-08-22T15:10,260,0.00,845,23.00,62,0.80
2026-08-22T15:20,210,0.00,846,23.40,64,2.00
2026-08-22T15:30,204,0.00,761,23.80,61,1.70
2026-08-22T15:40,203,0.00,817,23.40,60,2.30
2026-08-22T15:50,194,0.00,768,24.20,56,2.30
2026-08-22T16:00,187,0.00,729,24.30,55,2.00
2026-08-22T16:10,191,0.00,572,24.10,53,1.50
2026-08-22T16:20,180,0.00,669,24.20,56,2.10
2026-08-22T16:30,189,0.00,675,24.30,55,2.50
2026-08-22T16:40,178,0.00,172,22.80,61,2.70
2026-08-22T16:50,192,0.00,149,22.40,64,2.10
2026-08-22T17:00,177,0.00,525,22.30,61,1.90
2026-08-22T17:10,179,0.00,346,23.80,59,2.10
2026-08-22T17:20,197,0.00,160,22.80,60,1.20
2026-08-22T17:30,242,0.00,358,21.80,73,0.60
2026-08-22T17:40,,0.00,150,21.70,75,0.00
2026-08-22T17:50,18,0.00,136,20.90,76,1.50
2026-08-22T18:00,48,0.00,117,21.50,69,1.50
2026-08-22T18:10,21,0.00,87,20.30,80,2.20
2026-08-22T18:20,20,0.00,88,19.90,82,2.30
2026-08-22T18:30,10,0.00,91,19.60,85,1.10
2026-08-22T18:40,5,0.00,70,19.30,85,1.40
2026-08-22T18:50,14,0.00,73,19.00,84,1.30
2026-08-22T19:00,2,0.00,64,18.70,88,1.40
2026-08-22T19:10,345,0.00,71,18.40,88,1.30
2026-08-22T19:20,348,0.00,19,18.10,89,1.20
2026-08-22T19:30,347,0.00,27,17.70,89,1.40
2026-08-22T19:40,0,0.00,24,17.50,89,1.30
2026-08-22T19:50,5,0.00,16,17.10,90,1.60
2026-08-22T20:00,348,0.00,10,16.60,92,1.40
2026-08-22T20:10,357,0.00,6,16.30,93,1.10
2026-08-22T20:20,353,0.00,0,16.20,91,1.50
2026-08-22T20:30,4,0.00,0,15.90,92,1.30
2026-08-22T20:40,1,0.00,0,15.50,93,1.40
2026-08-22T20:50,5,0.00,0,15.50,92,0.80
2026-08-22T21:00,10,0.00,0,15.10,95,1.20
2026-08-22T21:10,359,0.00,0,14.90,94,1.10
2026-08-22T21:20,12,0.00,0,15.10,92,1.30
2026-08-22T21:30,8,0.00,0,14.50,96,1.30
2026-08-22T21:40,352,0.00,0,14.40,95,1.10
2026-08-22T21:50,5,0.00,0,14.50,94,0.60
2026-08-22T22:00,5,0.00,0,14.60,93,0.70
2026-08-22T22:10,29,0.00,0,14.30,94,0.80
2026-08-22T22:20,17,0.00,0,14.20,95,1.50
2026-08-22T22:30,354,0.00,0,13.70,97,1.50
2026-08-22T22:40,344,0.00,0,13.70,97,1.70
2026-08-22T22:50,350,0.00,0,14.10,93,1.20
2026-08-22T23:00,353,0.00,0,14.10,93,1.50
2026-08-22T23:10,348,0.00,0,14.10,91,1.50
2026-08-22T23:20,343,0.00,0,14.10,91,1.50
2026-08-22T23:30,4,0.00,0,14.20,90,1.40
2026-08-22T23:40,5,0.00,0,14.60,87,1.80
2026-08-22T23:50,347,0.00,0,14.10,89,1.50
2026-08-23T00:00,349,0.00,0,14.00,88,1.40
2026-08-23T00:10,5,0.00,0,14.60,83,1.60
2026-08-23T00:20,5,0.00,0,15.00,79,1.60
2026-08-23T00:30,345,0.00,0,15.30,77,1.80
2026-08-23T00:40,352,0.00,0,15.20,80,1.60
2026-08-23T00:50,357,0.00,0,15.80,73,1.50
2026-08-23T01:00,334,0.00,0,14.50,85,0.70
2026-08-23T01:10,343,0.00,0,13.70,88,0.90
2026-08-23T01:20,347,0.00,0,13.40,91,0.90
2026-08-23T01:30,347,0.00,0,13.20,92,1.70
2026-08-23T01:40,355,0.00,0,13.70,89,1.80
2026-08-23T01:50,341,0.00,0,13.50,90,1.20
2026-08-23T02:00,354,0.00,0,14.10,85,1.20
2026-08-23T02:10,333,0.00,0,13.70,88,1.00
2026-08-23T02:20,345,0.00,0,13.40,88,1.20
2026-08-23T02:30,339,0.00,0,13.30,91,1.00
2026-08-23T02:40,332,0.00,0,13.20,91,1.10
2026-08-23T02:50,343,0.00,0,13.10,92,1.20
2026-08-23T03:00,346,0.00,0,13.10,90,1.60
2026-08-23T03:10,351,0.00,0,13.40,89,1.20
2026-08-23T03:20,347,0.00,0,13.30,90,1.20
2026-08-23T03:30,345,0.00,0,13.40,88,1.30
2026-08-23T03:40,228,0.00,0,13.40,88,0.30
2026-08-23T03:50,172,0.00,0,13.30,89,0.40
2026-08-23T04:00,4,0.00,0,13.10,92,0.70
2026-08-23T04:10,354,0.00,0,12.70,93,1.00
2026-08-23T04:20,342,0.00,0,12.40,95,1.00
2026-08-23T04:30,323,0.00,0,12.50,94,0.80
2026-08-23T04:40,354,0.00,0,12.50,93,0.90
2026-08-23T04:50,309,0.00,0,12.50,93,0.60
2026-08-23T05:00,14,0.00,0,12.90,89,0.60
2026-08-23T05:10,354,0.00,0,12.30,93,0.90
2026-08-23T05:20,354,0.00,0,12.50,92,0.80
2026-08-23T05:30,20,0.00,0,12.40,93,0.50
2026-08-23T05:40,356,0.00,0,12.00,96,1.10
2026-08-23T05:50,3,0.00,0,11.80,96,1.10
2026-08-23T06:00,6,0.00,0,11.80,97,1.40
2026-08-23T06:10,10,0.00,0,11.60,97,1.40
2026-08-23T06:20,359,0.00,0,11.70,98,1.30
2026-08-23T06:30,2,0.00,5,11.60,97,1.30
2026-08-23T06:40,346,0.00,8,11.90,96,0.60
2026-08-23T06:50,352,0.00,12,11.80,96,0.50
2026-08-23T07:00,1,0.00,22,11.60,98,1.60
2026-08-23T07:10,13,0.00,37,12.00,96,1.60
2026-08-23T07:20,8,0.00,46,12.40,94,1.40
2026-08-23T07:30,357,0.00,62,13.30,90,1.60
2026-08-23T07:40,347,0.00,71,13.70,89,1.40
2026-08-23T07:50,341,0.00,80,14.50,85,0.30
2026-08-23T08:00,345,0.00,102,14.40,84,0.60
2026-08-23T08:10,205,0.00,102,14.60,91,0.50
2026-08-23T08:20,23,0.00,145,14.70,92,1.20
2026-08-23T08:30,10,0.00,135,14.90,93,1.00
2026-08-23T08:40,10,0.00,151,15.30,92,1.10
2026-08-23T08:50,20,0.00,158,16.10,87,0.80
2026-08-23T09:00,13,0.00,172,16.40,83,0.60
2026-08-23T09:10,1,0.00,189,16.70,86,0.90
2026-08-23T09:20,16,0.00,221,17.00,79,1.50
2026-08-23T09:30,339,0.00,240,17.40,76,0.70
2026-08-23T09:40,26,0.00,646,17.80,80,1.20
2026-08-23T09:50,30,0.00,269,18.50,75,1.40
2026-08-23T10:00,21,0.00,259,18.40,75,1.50
2026-08-23T10:10,16,0.00,168,18.50,76,1.40
2026-08-23T10:20,46,0.00,138,18.70,76,0.60
2026-08-23T10:30,175,0.00,146,18.50,80,0.50
2026-08-23T10:40,225,0.00,188,18.30,80,0.90
2026-08-23T10:50,337,0.00,264,18.70,78,0.40
2026-08-23T11:00,31,0.00,764,19.60,70,0.70
2026-08-23T11:10,177,0.00,453,20.20,66,1.10
2026-08-23T11:20,183,0.00,584,20.20,69,1.00
2026-08-23T11:30,184,0.00,262,21.00,61,1.10
2026-08-23T11:40,187,0.00,305,20.60,60,0.40
2026-08-23T11:50,56,0.00,273,20.50,66,0.60
2026-08-23T12:00,199,0.00,191,20.40,71,0.40
2026-08-23T12:10,,0.00,230,20.50,70,0.00
2026-08-23T12:20,358,0.00,274,20.20,71,0.60
2026-08-23T12:30,12,0.00,1003,21.00,73,1.00
2026-08-23T12:40,59,0.00,1022,22.20,60,0.60
2026-08-23T12:50,203,0.00,478,22.40,65,1.80
2026-08-23T13:00,227,0.00,351,22.10,65,1.30
2026-08-23T13:10,243,0.00,1032,22.50,66,1.10
2026-08-23T13:20,287,0.00,406,23.50,62,0.80
2026-08-23T13:30,359,0.00,177,22.70,62,0.40
2026-08-23T13:40,19,0.00,226,21.20,75,1.80
2026-08-23T13:50,25,0.00,245,21.10,78,2.30
2026-08-23T14:00,34,0.00,256,21.00,78,1.90
2026-08-23T14:10,13,0.00,276,21.40,77,1.20
2026-08-23T14:20,189,0.00,177,21.90,68,0.80
2026-08-23T14:30,181,0.00,203,21.70,78,0.30
2026-08-23T14:40,11,0.00,225,21.30,78,1.30
2026-08-23T14:50,12,0.00,577,21.90,82,1.20
2026-08-23T15:00,186,0.00,216,22.40,71,0.40
2026-08-23T15:10,206,0.00,321,22.30,76,0.60
2026-08-23T15:20,216,0.00,266,22.50,76,0.70
2026-08-23T15:30,191,0.00,164,22.40,70,1.10
2026-08-23T15:40,149,0.00,332,22.00,70,1.70
2026-08-23T15:50,133,0.00,269,22.30,64,1.90
2026-08-23T16:00,112,0.00,522,22.50,71,1.20
2026-08-23T16:10,165,0.00,196,22.40,69,1.30
2026-08-23T16:20,131,0.00,155,22.20,68,1.80
2026-08-23T16:30,14,0.00,242,21.50,77,0.90
2026-08-23T16:40,57,0.00,126,21.60,72,1.10
2026-08-23T16:50,91,0.00,151,21.40,76,0.40
2026-08-23T17:00,80,0.00,148,21.10,74,0.70
2026-08-23T17:10,296,0.00,134,21.60,70,0.80
2026-08-23T17:20,255,0.00,187,21.60,70,0.80
2026-08-23T17:30,313,0.00,128,21.30,74,0.60
2026-08-23T17:40,353,0.00,149,20.50,81,0.60
2026-08-23T17:50,14,0.00,146,20.50,83,1.50
2026-08-23T18:00,16,0.00,147,20.60,84,1.40
2026-08-23T18:10,8,0.00,137,20.60,84,0.70
2026-08-23T18:20,,0.00,127,20.70,85,0.00
2026-08-23T18:30,188,0.00,96,20.70,85,0.50
2026-08-23T18:40,12,0.00,82,20.10,88,0.50
2026-08-23T18:50,17,0.00,53,19.50,86,1.60
2026-08-23T19:00,19,0.00,44,19.00,87,1.80
2026-08-23T19:10,20,0.00,41,18.70,88,1.40
2026-08-23T19:20,20,0.00,37,18.30,90,1.80
2026-08-23T19:30,22,0.00,27,18.30,88,2.40
2026-08-23T19:40,9,0.00,20,17.90,90,1.90
2026-08-23T19:50,10,0.00,12,17.60,90,1.50
2026-08-23T20:00,6,0.00,9,17.40,91,1.70
2026-08-23T20:10,19,0.00,6,17.20,91,1.50
2026-08-23T20:20,0,0.00,0,16.90,93,1.60
2026-08-23T20:30,359,0.00,0,16.70,93,1.50
2026-08-23T20:40,356,0.00,0,16.70,93,1.30
2026-08-23T20:50,8,0.00,0,16.40,94,1.30
2026-08-23T21:00,3,0.00,0,16.20,94,1.60
2026-08-23T21:10,6,0.00,0,16.20,93,1.60
2026-08-23T21:20,3,0.00,0,16.20,93,1.80
2026-08-23T21:30,355,0.00,0,16.00,93,1.50
2026-08-23T21:40,355,0.00,0,16.10,93,1.60
2026-08-23T21:50,350,0.00,0,15.60,95,1.50
2026-08-23T22:00,352,0.00,0,15.50,96,1.30
2026-08-23T22:10,350,0.00,0,15.70,93,1.30
2026-08-23T22:20,358,0.00,0,15.60,94,1.20
2026-08-23T22:30,358,0.00,0,15.50,94,1.40
2026-08-23T22:40,346,0.00,0,15.40,95,1.00
2026-08-23T22:50,345,0.00,0,15.20,96,1.60
2026-08-23T23:00,,0.00,0,15.10,96,
2026-08-23T23:10,346,0.00,0,15.60,93,1.60
2026-08-23T23:20,5,0.00,0,15.20,95,1.50
2026-08-23T23:30,340,0.00,0,15.20,95,1.10
2026-08-23T23:40,10,0.00,0,15.20,95,1.10
2026-08-23T23:50,357,0.00,0,14.90,96,1.30
2026-08-24T00:00,357,0.00,0,14.80,96,1.40
2026-08-24T00:10,353,0.00,0,15.00,95,1.30
2026-08-24T00:20,346,0.00,0,14.70,97,1.10
2026-08-24T00:30,346,0.00,0,14.60,96,1.20
2026-08-24T00:40,357,0.00,0,14.60,96,1.30
2026-08-24T00:50,348,0.00,0,14.50,97,0.80
2026-08-24T01:00,349,0.00,0,14.20,98,1.30
2026-08-24T01:10,346,0.00,0,14.30,98,1.50
2026-08-24T01:20,343,0.00,0,14.50,97,0.90
2026-08-24T01:30,354,0.00,0,14.30,97,1.20
2026-08-24T01:40,339,0.00,0,14.20,97,1.20
2026-08-24T01:50,356,0.00,0,14.30,97,0.80
2026-08-24T02:00,358,0.00,0,14.00,98,1.20
2026-08-24T02:10,354,0.00,0,14.30,97,0.80
2026-08-24T02:20,1,0.00,0,14.20,96,0.80
2026-08-24T02:30,3,0.00,0,13.80,98,1.30
2026-08-24T02:40,357,0.00,0,13.80,99,1.20
2026-08-24T02:50,6,0.00,0,13.80,98,1.40
2026-08-24T03:00,352,0.00,0,13.80,98,1.60
2026-08-24T03:10,350,0.00,0,14.00,97,1.80
2026-08-24T03:20,344,0.00,0,13.90,97,1.60
2026-08-24T03:30,345,0.00,0,13.80,98,1.30
2026-08-24T03:40,3,0.00,0,14.00,96,0.40
2026-08-24T03:50,13,0.00,0,13.70,98,1.20
2026-08-24T04:00,13,0.00,0,13.70,98,1.50
2026-08-24T04:10,348,0.00,0,13.90,96,1.40
2026-08-24T04:20,10,0.00,0,14.20,94,1.40
2026-08-24T04:30,358,0.00,0,14.10,95,1.20
2026-08-24T04:40,351,0.00,0,13.90,96,0.30
2026-08-24T04:50,,0.00,0,13.70,96,0.00
2026-08-24T05:00,4,0.00,0,13.40,98,1.30
2026-08-24T05:10,11,0.00,0,13.40,98,1.20
2026-08-24T05:20,17,0.00,0,13.40,98,1.20
2026-08-24T05:30,3,0.00,0,13.00,98,1.20
2026-08-24T05:40,3,0.00,0,12.90,99,1.30
2026-08-24T05:50,357,0.00,0,12.90,99,1.60
2026-08-24T06:00,10,0.00,0,13.20,99,1.20
2026-08-24T06:10,8,0.00,0,13.10,99,1.10
2026-08-24T06:20,1,0.00,0,13.00,99,1.10
2026-08-24T06:30,356,0.00,5,12.80,99,1.70
2026-08-24T06:40,5,0.00,10,13.00,99,1.20
2026-08-24T06:50,354,0.00,13,12.90,99,1.30
2026-08-24T07:00,351,0.00,14,12.80,99,1.40
2026-08-24T07:10,359,0.00,20,13.00,99,0.90
2026-08-24T07:20,359,0.00,23,13.00,99,1.40
2026-08-24T07:30,12,0.00,28,13.40,97,1.30
2026-08-24T07:40,15,0.00,32,13.50,96,1.40
2026-08-24T07:50,351,0.00,36,13.50,97,1.40
2026-08-24T08:00,355,0.00,40,13.50,97,1.00
2026-08-24T08:10,359,0.00,45,13.60,96,1.50
2026-08-24T08:20,14,0.00,49,14.00,94,1.90
2026-08-24T08:30,20,0.00,54,14.80,90,2.30
2026-08-24T08:40,22,0.00,60,15.10,88,3.10
2026-08-24T08:50,25,0.00,66,15.30,87,2.90
2026-08-24T09:00,27,0.00,75,15.30,87,2.90
2026-08-24T09:10,28,0.00,81,15.70,86,3.00
2026-08-24T09:20,27,0.00,439,15.70,86,3.30
2026-08-24T09:30,39,0.00,477,16.70,86,2.30
2026-08-24T09:40,23,0.00,495,17.00,87,1.80
2026-08-24T09:50,17,0.00,528,17.10,88,2.40
2026-08-24T10:00,21,0.00,573,17.30,87,2.20
2026-08-24T10:10,22,0.00,536,17.60,90,1.80
2026-08-24T10:20,24,0.00,619,18.60,84,1.20
2026-08-24T10:30,79,0.00,640,19.90,82,0.70
2026-08-24T10:40,2,0.00,660,20.50,76,0.60
2026-08-24T10:50,5,0.00,252,20.90,75,0.80
2026-08-24T11:00,69,0.00,738,22.00,72,0.60
2026-08-24T11:10,133,0.00,727,22.20,70,0.40
2026-08-24T11:20,211,0.00,766,22.90,72,1.10
2026-08-24T11:30,191,0.00,783,23.10,74,1.90
2026-08-24T11:40,205,0.00,809,23.30,67,2.40
2026-08-24T11:50,190,0.00,853,23.70,65,2.20
2026-08-24T12:00,180,0.00,852,24.40,66,1.60
2026-08-24T12:10,189,0.00,891,24.10,59,2.40
2026-08-24T12:20,191,0.00,884,24.20,62,2.40
2026-08-24T12:30,195,0.00,902,24.10,64,2.60
2026-08-24T12:40,197,0.00,927,24.40,60,2.60
2026-08-24T12:50,186,0.00,852,25.10,59,1.70
2026-08-24T13:00,194,0.00,384,24.10,63,1.40
2026-08-24T13:10,162,0.00,936,25.10,61,1.70
2026-08-24T13:20,170,0.00,1004,25.00,63,1.60
2026-08-24T13:30,185,0.00,932,24.50,63,1.30
2026-08-24T13:40,174,0.00,935,24.60,62,1.90
2026-08-24T13:50,202,0.00,877,24.90,59,1.50
2026-08-24T14:00,191,0.00,818,25.50,58,2.00
2026-08-24T14:10,192,0.00,682,25.40,63,1.90
2026-08-24T14:20,178,0.00,737,25.40,60,2.10
2026-08-24T14:30,192,0.00,880,25.50,57,1.80
2026-08-24T14:40,190,0.00,264,24.50,57,2.10
2026-08-24T14:50,217,0.00,819,25.50,59,1.60
2026-08-24T15:00,181,0.00,784,25.60,58,1.20
2026-08-24T15:10,192,0.00,255,25.60,57,1.70
2026-08-24T15:20,181,0.00,752,25.50,62,1.20
2026-08-24T15:30,195,0.00,775,25.70,61,2.20
2026-08-24T15:40,184,0.00,703,26.60,57,1.90
2026-08-24T15:50,190,0.00,671,25.80,56,2.50
2026-08-24T16:00,193,0.00,692,26.30,55,1.70
2026-08-24T16:10,186,0.00,520,25.70,57,2.30
2026-08-24T16:20,195,0.00,543,25.50,63,2.10
2026-08-24T16:30,204,0.00,600,25.40,59,2.00
2026-08-24T16:40,187,0.00,587,26.30,60,2.00
2026-08-24T16:50,188,0.00,406,26.00,57,2.10
2026-08-24T17:00,176,0.00,510,26.30,59,1.80
2026-08-24T17:10,183,0.00,480,25.40,60,2.40
2026-08-24T17:20,189,0.00,420,24.70,60,2.40
2026-08-24T17:30,194,0.00,415,25.00,63,2.20
2026-08-24T17:40,188,0.00,385,25.00,60,1.90
2026-08-24T17:50,201,0.00,343,24.60,68,1.60
2026-08-24T18:00,193,0.00,312,25.00,60,1.30
2026-08-24T18:10,201,0.00,94,23.90,67,1.10
2026-08-24T18:20,,0.00,99,23.20,74,0.00
2026-08-24T18:30,351,0.00,55,21.90,81,0.80
2026-08-24T18:40,74,0.00,67,21.70,81,0.30
2026-08-24T18:50,2,0.00,105,21.70,79,1.20
2026-08-24T19:00,30,0.00,85,21.70,79,1.90
2026-08-24T19:10,21,0.00,66,21.20,81,1.60
2026-08-24T19:20,23,0.00,42,20.90,81,2.50
2026-08-24T19:30,28,0.00,42,20.50,83,2.00
2026-08-24T19:40,25,0.00,31,20.20,83,1.90
2026-08-24T19:50,12,0.00,19,19.90,84,1.60
2026-08-24T20:00,20,0.00,9,19.40,87,1.40
2026-08-24T20:10,7,0.00,0,19.10,86,1.20
2026-08-24T20:20,19,0.00,0,19.00,89,1.70
2026-08-24T20:30,27,0.00,0,18.60,89,1.90
2026-08-24T20:40,5,0.00,0,18.10,90,1.30
2026-08-24T20:50,4,0.00,0,18.30,89,1.30
2026-08-24T21:00,10,0.00,0,18.30,88,1.50
2026-08-24T21:10,18,0.00,0,18.60,87,1.90
2026-08-24T21:20,19,0.00,0,18.90,83,1.90
2026-08-24T21:30,340,0.00,0,18.60,86,0.50
2026-08-24T21:40,14,0.00,0,18.40,89,0.70
2026-08-24T21:50,17,0.00,0,18.10,91,1.90
2026-08-24T22:00,350,0.20,0,17.60,95,0.70
2026-08-24T22:10,15,0.00,0,17.50,97,0.50
2026-08-24T22:20,19,0.00,0,17.50,97,1.70
2026-08-24T22:30,8,0.00,0,17.20,98,0.90
2026-08-24T22:40,14,0.00,0,17.20,97,1.40
2026-08-24T22:50,3,0.00,0,17.00,97,1.30
2026-08-24T23:00,353,0.00,0,16.90,96,1.10
2026-08-24T23:10,13,0.00,0,16.80,97,1.00
2026-08-24T23:20,358,0.00,0,16.40,98,1.10
2026-08-24T23:30,0,0.00,0,16.40,98,1.20
2026-08-24T23:40,3,0.00,0,16.20,98,1.30
2026-08-24T23:50,3,0.00,0,16.50,95,1.30
2026-08-25T00:00,,0.00,0,16.80,93,0.00
2026-08-25T00:10,,0.00,0,16.40,96,0.00
2026-08-25T00:20,15,0.00,0,16.20,97,1.40
2026-08-25T00:30,,0.00,0,16.20,96,0.00
2026-08-25T00:40,35,0.00,0,16.50,94,0.70
2026-08-25T00:50,339,0.00,0,16.20,95,1.20
2026-08-25T01:00,21,0.00,0,16.50,93,0.60
2026-08-25T01:10,,0.00,0,16.80,92,0.00
2026-08-25T01:20,117,0.00,0,16.50,96,0.50
2026-08-25T01:30,47,0.00,0,16.80,92,0.70
2026-08-25T01:40,346,0.00,0,16.50,95,0.70
2026-08-25T01:50,40,0.00,0,16.80,95,1.20
2026-08-25T02:00,344,0.00,0,16.70,95,0.40
2026-08-25T02:10,16,2.20,0,16.30,98,1.20
2026-08-25T02:20,5,0.80,0,16.30,99,1.50
2026-08-25T02:30,359,2.00,0,16.20,99,1.80
2026-08-25T02:40,2,0.20,0,16.20,99,1.30
2026-08-25T02:50,38,0.00,0,16.20,99,1.00
2026-08-25T03:00,352,0.00,0,16.20,99,1.00
2026-08-25T03:10,354,0.00,0,16.20,99,0.90
2026-08-25T03:20,146,0.40,0,16.20,99,0.60
2026-08-25T03:30,355,1.00,0,16.20,99,0.50
2026-08-25T03:40,,0.40,0,16.20,99,0.00
2026-08-25T03:50,19,0.00,0,16.10,99,0.80
2026-08-25T04:00,5,0.00,0,16.10,99,1.10
2026-08-25T04:10,22,0.40,0,16.10,99,1.30
2026-08-25T04:20,357,0.00,0,16.00,99,1.00
2026-08-25T04:30,21,0.00,0,16.00,99,0.40
2026-08-25T04:40,,0.00,0,16.00,99,0.00
2026-08-25T04:50,4,0.00,0,16.10,99,0.50
2026-08-25T05:00,24,0.20,0,16.00,99,1.40
2026-08-25T05:10,11,0.00,0,16.00,99,0.40
2026-08-25T05:20,,0.00,0,16.00,99,0.00
2026-08-25T05:30,12,0.00,0,15.90,99,0.60
2026-08-25T05:40,13,0.00,0,15.90,99,1.30
2026-08-25T05:50,4,0.00,0,15.90,99,1.30
2026-08-25T06:00,6,0.00,0,15.90,99,0.90
2026-08-25T06:10,179,0.00,0,16.00,99,0.50
2026-08-25T06:20,318,0.00,0,16.00,99,0.40
2026-08-25T06:30,110,0.20,0,16.00,99,0.40
2026-08-25T06:40,,0.00,0,15.90,99,0.00
2026-08-25T06:50,,0.00,0,16.00,99,0.00
2026-08-25T07:00,,0.00,13,16.00,99,0.00
2026-08-25T07:10,,0.00,10,16.10,99,0.00
2026-08-25T07:20,,0.00,14,16.10,99,0.00
2026-08-25T07:30,5,0.00,11,16.10,99,0.90
2026-08-25T07:40,23,0.00,14,16.10,99,1.10
2026-08-25T07:50,28,0.00,16,16.10,99,0.70
2026-08-25T08:00,,0.00,17,16.10,99,0.00
2026-08-25T08:10,,0.00,54,16.20,99,0.00
2026-08-25T08:20,,0.00,61,16.30,99,0.00
2026-08-25T08:30,357,0.00,100,16.40,99,1.10
2026-08-25T08:40,24,0.00,104,16.60,99,1.00
2026-08-25T08:50,30,0.00,36,16.70,99,0.50
2026-08-25T09:00,155,0.00,32,16.80,99,0.60
2026-08-25T09:10,,0.00,30,16.80,99,0.00
2026-08-25T09:20,,0.00,48,16.80,99,0.00
2026-08-25T09:30,,0.00,53,16.80,99,0.00
2026-08-25T09:40,,0.00,30,16.80,99,0.00
2026-08-25T09:50,,0.00,33,16.90,99,0.00
2026-08-25T10:00,57,0.00,51,16.70,99,0.40
2026-08-25T10:10,,0.00,74,16.90,99,0.00
2026-08-25T10:20,355,0.00,68,16.80,99,1.10
2026-08-25T10:30,35,0.00,33,17.00,99,0.70
2026-08-25T10:40,130,0.60,61,16.90,99,0.30
2026-08-25T10:50,1,1.40,67,16.90,99,0.80
2026-08-25T11:00,32,0.40,75,16.70,99,1.00
2026-08-25T11:10,23,0.60,87,17.00,99,0.70
2026-08-25T11:20,,0.80,101,17.00,99,0.00
2026-08-25T11:30,,1.20,225,16.90,98,0.00
2026-08-25T11:40,184,0.40,211,17.10,97,0.60
2026-08-25T11:50,164,0.00,266,17.20,95,0.40
2026-08-25T12:00,,0.40,431,17.60,94,0.00
2026-08-25T12:10,181,0.00,444,17.70,92,0.60
2026-08-25T12:20,,0.00,868,18.40,94,0.00
2026-08-25T12:30,169,0.00,610,19.00,89,0.50
2026-08-25T12:40,,0.00,674,19.10,91,0.00
2026-08-25T12:50,,0.00,481,19.40,90,0.00
2026-08-25T13:00,210,0.00,509,19.50,80,0.60
2026-08-25T13:10,193,0.00,413,19.60,86,0.60
2026-08-25T13:20,215,0.00,416,19.30,87,1.40
2026-08-25T13:30,196,0.00,368,19.50,92,1.20
2026-08-25T13:40,184,0.00,356,19.40,87,1.30
2026-08-25T13:50,222,0.20,288,19.40,89,0.70
2026-08-25T14:00,141,0.00,446,19.90,88,1.20
2026-08-25T14:10,185,0.00,615,20.20,88,0.80
2026-08-25T14:20,179,0.00,529,20.50,86,1.30
2026-08-25T14:30,194,0.00,476,20.30,83,1.20
2026-08-25T14:40,214,0.00,1122,20.50,85,1.90
2026-08-25T14:50,224,0.00,989,20.80,80,2.50
2026-08-25T15:00,229,0.00,320,20.60,80,3.20
2026-08-25T15:10,229,0.00,955,21.00,78,2.80
2026-08-25T15:20,227,0.00,406,21.20,81,2.70
2026-08-25T15:30,224,0.00,813,21.70,79,3.00
2026-08-25T15:40,212,0.00,675,21.60,74,3.30
2026-08-25T15:50,221,0.00,801,21.90,76,2.80
2026-08-25T16:00,233,0.00,452,20.70,79,3.00
2026-08-25T16:10,228,0.00,637,20.60,79,2.30
2026-08-25T16:20,236,0.00,458,21.60,77,1.10
2026-08-25T16:30,187,0.00,714,21.90,75,1.20
2026-08-25T16:40,248,0.00,561,22.70,75,0.60
2026-08-25T16:50,210,0.00,635,22.20,74,1.50
2026-08-25T17:00,224,0.00,174,21.90,72,1.40
2026-08-25T17:10,257,0.00,557,22.60,73,1.00
2026-08-25T17:20,220,0.00,539,22.20,71,1.30
2026-08-25T17:30,255,0.00,464,22.70,80,1.10
2026-08-25T17:40,289,0.00,317,22.90,73,0.80
2026-08-25T17:50,329,0.00,339,21.60,81,1.10
2026-08-25T18:00,337,0.00,329,21.30,81,1.50
2026-08-25T18:10,340,0.00,290,20.60,86,1.40
2026-08-25T18:20,357,0.00,264,19.90,86,1.50
2026-08-25T18:30,7,0.00,55,19.20,90,1.90
2026-08-25T18:40,335,0.00,44,18.70,92,1.30
2026-08-25T18:50,359,0.00,35,18.50,93,1.20
2026-08-25T19:00,20,0.00,31,18.30,93,1.80
2026-08-25T19:10,5,0.00,26,18.20,94,1.60
2026-08-25T19:20,359,0.00,22,17.90,94,1.20
2026-08-25T19:30,3,0.00,18,17.60,96,1.10
2026-08-25T19:40,8,0.00,15,17.60,96,1.40
2026-08-25T19:50,10,0.00,11,17.30,97,1.30
2026-08-25T20:00,0,0.00,7,17.10,97,1.40
2026-08-25T20:10,351,0.00,0,16.90,98,1.10
2026-08-25T20:20,3,0.00,0,16.90,98,1.40
2026-08-25T20:30,352,0.00,0,16.70,98,1.40
2026-08-25T20:40,0,0.00,0,16.60,98,1.30
2026-08-25T20:50,7,0.00,0,16.80,96,1.40
2026-08-25T21:00,352,0.00,0,16.90,96,1.30
2026-08-25T21:10,6,0.00,0,16.80,96,1.50
2026-08-25T21:20,7,0.00,0,16.70,95,1.50
2026-08-25T21:30,349,0.00,0,16.70,96,1.50
2026-08-25T21:40,357,0.00,0,16.50,96,1.20
2026-08-25T21:50,14,0.00,0,16.90,93,2.00
2026-08-25T22:00,347,0.00,0,16.80,92,1.80
2026-08-25T22:10,354,0.00,0,16.80,92,1.60
2026-08-25T22:20,347,0.00,0,17.20,88,2.20
2026-08-25T22:30,354,0.00,0,17.50,86,1.90
2026-08-25T22:40,357,0.00,0,17.70,84,1.70
2026-08-25T22:50,349,0.00,0,16.70,92,0.60
2026-08-25T23:00,336,0.00,0,16.20,95,0.70
2026-08-25T23:10,344,0.00,0,15.80,96,0.70
2026-08-25T23:20,5,0.00,0,15.70,96,1.10
2026-08-25T23:30,352,0.00,0,15.50,97,0.90
2026-08-25T23:40,16,0.00,0,15.40,97,1.60
2026-08-25T23:50,7,0.00,0,15.70,96,1.50
2026-08-26T00:00,6,0.00,0,15.70,95,1.10
2026-08-26T00:10,340,0.00,0,15.30,97,1.30
2026-08-26T00:20,340,0.00,0,15.10,98,1.50
2026-08-26T00:30,351,0.00,0,15.30,97,1.60
2026-08-26T00:40,339,0.00,0,15.30,97,1.30
2026-08-26T00:50,321,0.00,0,15.30,98,0.50
2026-08-26T01:00,,0.00,0,15.30,98,0.00
2026-08-26T01:10,347,0.00,0,14.90,98,0.90
2026-08-26T01:20,1,0.00,0,14.80,99,1.10
2026-08-26T01:30,350,0.00,0,14.70,99,0.80
2026-08-26T01:40,2,0.00,0,14.80,99,1.10
2026-08-26T01:50,9,0.00,0,14.50,99,1.30
2026-08-26T02:00,358,0.00,0,14.70,99,1.50
2026-08-26T02:10,345,0.00,0,14.60,99,1.40
2026-08-26T02:20,330,0.00,0,14.80,99,1.00
2026-08-26T02:30,,0.00,0,14.70,98,0.00
2026-08-26T02:40,359,0.00,0,14.50,99,0.60
2026-08-26T02:50,12,0.00,0,14.20,99,1.30
2026-08-26T03:00,9,0.00,0,14.10,99,1.30
2026-08-26T03:10,14,0.00,0,14.40,99,0.40
2026-08-26T03:20,9,0.00,0,14.20,99,0.90
2026-08-26T03:30,20,0.00,0,14.40,99,1.90
2026-08-26T03:40,4,0.00,0,14.10,99,1.30
2026-08-26T03:50,357,0.00,0,14.10,99,1.50
2026-08-26T04:00,2,0.00,0,14.10,99,1.00
2026-08-26T04:10,352,0.00,0,14.30,99,0.40
2026-08-26T04:20,1,0.00,0,14.10,99,0.80
2026-08-26T04:30,16,0.00,0,14.10,99,1.70
2026-08-26T04:40,5,0.00,0,13.90,99,1.50
2026-08-26T04:50,353,0.00,0,13.80,99,1.20
2026-08-26T05:00,21,0.00,0,13.90,99,1.00
2026-08-26T05:10,359,0.00,0,13.60,99,1.30
2026-08-26T05:20,356,0.00,0,13.70,99,1.30
2026-08-26T05:30,8,0.00,0,13.80,99,1.30
2026-08-26T05:40,341,0.00,0,13.70,99,1.20
2026-08-26T05:50,358,0.00,0,13.60,99,1.10
2026-08-26T06:00,350,0.00,0,13.50,99,1.40
2026-08-26T06:10,357,0.00,0,13.60,99,1.30
2026-08-26T06:20,325,0.00,0,13.60,99,0.80
2026-08-26T06:30,8,0.00,0,13.80,99,0.60
2026-08-26T06:40,5,0.00,8,13.50,99,1.30
2026-08-26T06:50,2,0.00,12,13.40,99,1.20
2026-08-26T07:00,349,0.00,15,13.30,99,1.10
2026-08-26T07:10,4,0.00,19,13.40,99,1.10
2026-08-26T07:20,13,0.00,21,13.60,99,1.20
2026-08-26T07:30,3,0.00,24,13.60,98,1.40
2026-08-26T07:40,351,0.00,27,13.70,97,1.50
2026-08-26T07:50,10,0.00,29,13.90,96,1.20
2026-08-26T08:00,6,0.00,31,14.10,95,1.40
2026-08-26T08:10,6,0.00,33,14.40,93,1.40
2026-08-26T08:20,18,0.00,35,14.60,91,2.20
2026-08-26T08:30,22,0.00,38,14.80,90,2.20
2026-08-26T08:40,18,0.00,40,15.00,89,2.40
2026-08-26T08:50,23,0.00,42,15.20,88,2.70
2026-08-26T09:00,26,0.00,44,15.20,89,2.50
2026-08-26T09:10,30,0.00,47,15.50,88,2.90
2026-08-26T09:20,28,0.00,449,15.70,86,3.00
2026-08-26T09:30,23,0.00,479,16.20,88,2.80
2026-08-26T09:40,26,0.00,508,16.80,92,2.10
2026-08-26T09:50,80,0.00,535,17.70,91,0.60
2026-08-26T10:00,,0.00,558,18.30,86,0.00
2026-08-26T10:10,1,0.00,581,19.00,85,0.40
2026-08-26T10:20,50,0.00,607,20.20,74,0.60
2026-08-26T10:30,93,0.00,631,21.20,75,0.80
2026-08-26T10:40,171,0.00,651,21.10,74,0.70
2026-08-26T10:50,37,0.00,673,21.80,69,0.50
2026-08-26T11:00,70,0.00,694,22.20,69,0.90
2026-08-26T11:10,121,0.00,715,22.70,69,0.50
2026-08-26T11:20,175,0.00,738,22.20,71,1.30
2026-08-26T11:30,182,0.00,755,22.40,72,1.30
2026-08-26T11:40,144,0.00,773,23.60,68,0.40
2026-08-26T11:50,183,0.00,785,23.50,72,1.30
2026-08-26T12:00,255,0.00,799,23.70,73,0.70
2026-08-26T12:10,198,0.00,815,24.00,68,1.50
2026-08-26T12:20,214,0.00,832,24.00,67,2.50
2026-08-26T12:30,223,0.00,863,24.30,68,2.30
2026-08-26T12:40,198,0.00,864,24.40,69,2.40
2026-08-26T12:50,214,0.00,776,24.60,67,2.40
2026-08-26T13:00,217,0.00,821,24.60,67,2.70
2026-08-26T13:10,214,0.00,827,25.10,67,2.80
2026-08-26T13:20,189,0.00,894,25.80,67,2.70
2026-08-26T13:30,195,0.00,897,25.90,67,2.30
2026-08-26T13:40,198,0.00,896,25.90,64,2.60
2026-08-26T13:50,187,0.00,823,26.20,64,2.90
2026-08-26T14:00,178,0.00,475,26.20,64,2.20
2026-08-26T14:10,181,0.00,904,26.30,63,2.50
2026-08-26T14:20,188,0.00,774,26.80,63,1.60
2026-08-26T14:30,196,0.00,831,26.40,63,2.70
2026-08-26T14:40,193,0.00,839,26.80,62,2.50
2026-08-26T14:50,164,0.00,758,26.80,60,2.10
2026-08-26T15:00,169,0.00,808,26.60,63,2.40
2026-08-26T15:10,196,0.00,774,26.90,64,2.70
2026-08-26T15:20,196,0.00,631,26.80,64,2.90
2026-08-26T15:30,192,0.00,534,26.20,64,2.60
2026-08-26T15:40,163,0.00,720,26.80,61,1.90
2026-08-26T15:50,187,0.00,708,26.80,61,2.10
2026-08-26T16:00,194,0.00,588,26.90,65,2.30
2026-08-26T16:10,160,0.00,355,26.40,62,2.10
2026-08-26T16:20,167,0.00,381,26.20,69,0.70
2026-08-26T16:30,152,0.00,311,25.60,66,1.50
2026-08-26T16:40,144,0.00,241,25.30,67,1.10
2026-08-26T16:50,154,0.00,193,24.80,71,2.40
2026-08-26T17:00,156,0.00,247,24.50,70,2.40
2026-08-26T17:10,164,0.00,245,24.80,70,1.70
2026-08-26T17:20,178,0.00,185,24.80,69,1.40
2026-08-26T17:30,177,0.00,134,24.30,73,1.70
2026-08-26T17:40,136,0.00,125,24.10,71,1.90
2026-08-26T17:50,158,0.00,197,23.90,73,1.30
2026-08-26T18:00,204,0.00,146,23.80,76,1.60
2026-08-26T18:10,218,0.00,103,23.40,78,1.70
2026-08-26T18:20,227,0.00,64,23.10,79,0.70
2026-08-26T18:30,352,0.00,58,22.80,83,0.40
2026-08-26T18:40,1,0.00,44,22.30,87,0.80
2026-08-26T18:50,34,0.00,51,22.20,86,0.90
2026-08-26T19:00,171,0.00,55,22.10,87,0.50
2026-08-26T19:10,58,0.00,48,21.80,88,0.50
2026-08-26T19:20,15,0.00,50,21.60,88,1.40
2026-08-26T19:30,20,0.00,33,21.20,89,1.30
2026-08-26T19:40,22,0.00,19,20.90,89,2.10
2026-08-26T19:50,10,0.00,14,20.40,92,1.40
2026-08-26T20:00,21,0.00,7,20.10,92,1.60
2026-08-26T20:10,19,0.00,0,20.00,91,2.60
2026-08-26T20:20,10,0.00,0,19.60,92,1.70
2026-08-26T20:30,17,0.00,0,19.50,91,1.90
2026-08-26T20:40,24,0.00,0,19.60,88,2.90
2026-08-26T20:50,14,0.00,0,19.10,91,1.70
2026-08-26T21:00,3,0.00,0,19.20,89,1.70
2026-08-26T21:10,18,0.00,0,19.30,87,1.90
2026-08-26T21:20,3,0.00,0,18.70,91,1.40
2026-08-26T21:30,9,0.00,0,18.80,88,1.70
2026-08-26T21:40,8,0.00,0,18.50,90,1.50
2026-08-26T21:50,354,0.00,0,18.40,89,1.10
2026-08-26T22:00,,0.00,0,18.10,92,0.00
2026-08-26T22:10,14,0.00,0,17.70,94,0.60
2026-08-26T22:20,14,0.00,0,17.80,91,2.50
2026-08-26T22:30,12,0.00,0,17.80,90,1.90
2026-08-26T22:40,5,0.00,0,17.50,92,1.00
2026-08-26T22:50,349,0.00,0,17.20,95,1.50
2026-08-26T23:00,357,0.00,0,17.70,92,0.80
2026-08-26T23:10,356,0.00,0,17.50,93,1.40
2026-08-26T23:20,355,0.00,0,17.90,91,1.60
2026-08-26T23:30,7,0.00,0,18.30,87,1.50
2026-08-26T23:40,357,0.00,0,18.00,89,1.20
2026-08-26T23:50,,0.00,0,18.10,89,0.00
2026-08-27T00:00,,0.00,0,18.00,90,0.00
2026-08-27T00:10,13,0.00,0,17.80,91,0.90
2026-08-27T00:20,355,0.00,0,17.70,91,0.70
2026-08-27T00:30,,0.00,0,17.80,91,0.00
2026-08-27T00:40,,0.00,0,17.80,91,0.00
2026-08-27T00:50,20,0.00,0,17.50,93,0.60
2026-08-27T01:00,5,0.00,0,17.30,95,0.80
2026-08-27T01:10,9,0.00,0,17.40,95,1.00
2026-08-27T01:20,16,0.00,0,17.60,94,1.50
2026-08-27T01:30,14,0.00,0,17.40,94,1.70
2026-08-27T01:40,28,0.00,0,17.60,92,0.90
2026-08-27T01:50,2,0.00,0,17.10,95,1.00
2026-08-27T02:00,12,0.00,0,17.10,95,1.80
2026-08-27T02:10,14,0.00,0,17.10,94,1.80
2026-08-27T02:20,6,0.00,0,16.60,96,1.20
2026-08-27T02:30,20,0.00,0,16.60,96,1.30
2026-08-27T02:40,18,0.00,0,16.70,95,1.80
2026-08-27T02:50,14,0.00,0,16.60,95,1.30
2026-08-27T03:00,16,0.00,0,16.40,96,0.80
2026-08-27T03:10,5,0.00,0,16.20,97,1.10
2026-08-27T03:20,11,0.00,0,15.90,98,1.10
2026-08-27T03:30,7,0.00,0,15.80,99,1.20
2026-08-27T03:40,11,0.00,0,15.80,98,1.20
2026-08-27T03:50,11,0.00,0,16.00,98,0.90
2026-08-27T04:00,7,0.00,0,15.80,98,0.90
2026-08-27T04:10,15,0.00,0,15.80,98,1.30
2026-08-27T04:20,11,0.00,0,15.70,98,1.10
2026-08-27T04:30,17,0.00,0,15.70,97,1.30
2026-08-27T04:40,14,0.00,0,15.80,97,1.20
2026-08-27T04:50,12,0.00,0,15.40,98,1.50
2026-08-27T05:00,17,0.00,0,15.40,98,1.60
2026-08-27T05:10,15,0.00,0,15.60,97,1.50
2026-08-27T05:20,11,0.00,0,15.50,97,1.80
2026-08-27T05:30,24,0.00,0,16.00,95,1.90
2026-08-27T05:40,18,0.00,0,15.60,96,1.80
2026-08-27T05:50,9,0.00,0,15.60,96,1.60
2026-08-27T06:00,12,0.00,0,15.80,95,2.00
2026-08-27T06:10,7,0.00,0,15.80,95,1.50
2026-08-27T06:20,4,0.00,0,16.10,93,1.30
2026-08-27T06:30,14,0.00,0,15.60,95,1.50
2026-08-27T06:40,356,0.00,9,15.50,96,1.10
2026-08-27T06:50,19,0.00,15,15.70,95,1.50
2026-08-27T07:00,9,0.00,23,15.40,97,1.30
2026-08-27T07:10,3,0.00,35,15.70,96,1.00
2026-08-27T07:20,359,0.00,42,15.50,97,1.20
2026-08-27T07:30,6,0.00,55,15.70,97,1.40
2026-08-27T07:40,10,0.00,65,16.00,96,1.20
2026-08-27T07:50,10,0.00,87,16.60,93,1.30
2026-08-27T08:00,20,0.00,94,16.70,94,1.20
2026-08-27T08:10,14,0.00,93,16.80,93,1.20
2026-08-27T08:20,4,0.00,126,16.90,95,1.30
2026-08-27T08:30,8,0.00,96,17.60,90,1.30
2026-08-27T08:40,7,0.00,124,17.80,91,1.00
2026-08-27T08:50,14,0.00,98,18.00,91,1.20
2026-08-27T09:00,26,0.00,113,18.00,91,1.10
2026-08-27T09:10,20,0.00,130,18.00,91,1.70
2026-08-27T09:20,26,0.00,361,18.40,90,2.00
2026-08-27T09:30,32,0.00,386,19.20,87,1.50
2026-08-27T09:40,39,0.00,415,19.50,88,1.00
2026-08-27T09:50,,0.00,444,20.00,84,0.00
2026-08-27T10:00,55,0.00,470,20.40,83,0.60
2026-08-27T10:10,18,0.00,498,20.70,78,1.30
2026-08-27T10:20,0,0.00,523,21.70,79,0.80
2026-08-27T10:30,,0.00,543,22.40,73,0.00
2026-08-27T10:40,355,0.00,556,22.50,75,0.50
2026-08-27T10:50,134,0.00,589,23.30,70,0.40
2026-08-27T11:00,199,0.00,550,23.00,76,1.00
2026-08-27T11:10,127,0.00,626,24.10,73,0.30
2026-08-27T11:20,177,0.00,655,24.10,72,1.00
2026-08-27T11:30,176,0.00,655,23.80,71,1.30
2026-08-27T11:40,155,0.00,648,24.40,73,1.30
2026-08-27T11:50,164,0.00,631,24.40,71,1.00
2026-08-27T12:00,189,0.00,603,24.60,74,0.90
2026-08-27T12:10,,0.00,645,24.60,79,0.00
2026-08-27T12:20,193,0.00,668,25.10,69,0.50
2026-08-27T12:30,191,0.00,701,25.60,73,1.10
2026-08-27T12:40,220,0.00,667,25.40,70,1.90
2026-08-27T12:50,213,0.00,646,25.40,68,2.00
2026-08-27T13:00,217,0.00,661,25.60,72,1.80
2026-08-27T13:10,228,0.00,446,25.50,71,2.00
2026-08-27T13:20,218,0.00,380,25.30,74,2.00
2026-08-27T13:30,212,0.00,330,25.40,71,1.50
2026-08-27T13:40,198,0.00,740,25.90,71,1.30
2026-08-27T13:50,207,0.00,636,26.20,70,1.80
2026-08-27T14:00,185,0.00,525,26.00,69,1.90
2026-08-27T14:10,215,0.00,467,25.80,70,2.10
2026-08-27T14:20,230,0.00,728,26.20,69,2.20
2026-08-27T14:30,188,0.00,511,26.70,67,2.30
2026-08-27T14:40,195,0.00,636,27.00,64,1.20
2026-08-27T14:50,184,0.00,610,27.10,63,1.70
2026-08-27T15:00,176,0.00,572,27.10,64,1.80
2026-08-27T15:10,196,0.00,655,27.00,65,2.20
2026-08-27T15:20,190,0.00,612,27.50,63,1.60
2026-08-27T15:30,190,0.00,590,27.30,69,1.70
2026-08-27T15:40,203,0.00,584,27.00,68,2.60
2026-08-27T15:50,204,0.00,529,27.30,68,1.90
2026-08-27T16:00,205,0.00,460,27.20,69,2.00
2026-08-27T16:10,207,0.00,528,26.90,67,2.10
2026-08-27T16:20,185,0.00,432,27.30,64,1.10
2026-08-27T16:30,200,0.00,345,27.20,65,1.20
2026-08-27T16:40,202,0.00,398,27.00,68,1.60
2026-08-27T16:50,215,0.00,354,26.50,67,2.20
2026-08-27T17:00,220,0.00,317,26.60,70,1.50
2026-08-27T17:10,230,0.00,300,25.90,74,1.80
2026-08-27T17:20,219,0.00,263,26.00,75,1.60
2026-08-27T17:30,209,0.00,299,26.00,78,1.60
2026-08-27T17:40,210,0.00,280,26.00,75,1.20
2026-08-27T17:50,229,0.00,216,26.00,79,0.90
2026-08-27T18:00,213,0.00,158,25.40,76,1.10
2026-08-27T18:10,224,0.00,166,24.90,79,0.80
2026-08-27T18:20,12,0.00,123,24.30,84,0.90
2026-08-27T18:30,7,0.00,98,23.80,84,0.90
2026-08-27T18:40,13,0.00,95,23.30,85,1.50
2026-08-27T18:50,14,0.00,90,23.10,86,1.30
2026-08-27T19:00,15,0.00,69,22.80,87,1.30
2026-08-27T19:10,17,0.00,53,22.70,88,1.70
2026-08-27T19:20,15,0.00,42,22.30,90,1.70
2026-08-27T19:30,13,0.00,31,21.90,90,1.60
2026-08-27T19:40,7,0.00,26,21.60,92,1.40
2026-08-27T19:50,7,0.00,15,21.60,90,1.30
2026-08-27T20:00,8,0.00,6,21.10,91,1.40
2026-08-27T20:10,14,0.00,0,21.20,90,1.70
2026-08-27T20:20,348,0.00,0,20.70,91,1.20
2026-08-27T20:30,353,0.00,0,20.60,91,1.30
2026-08-27T20:40,11,0.00,0,20.50,91,1.50
2026-08-27T20:50,6,0.00,0,20.00,93,1.30
2026-08-27T21:00,13,0.00,0,20.40,90,1.20
2026-08-27T21:10,25,0.00,0,20.00,91,0.40
2026-08-27T21:20,1,0.00,0,19.80,90,1.00
2026-08-27T21:30,7,0.00,0,19.40,92,1.50
2026-08-27T21:40,347,0.00,0,19.40,91,0.90
2026-08-27T21:50,11,0.00,0,19.30,90,1.30
2026-08-27T22:00,4,0.00,0,19.20,89,1.10
2026-08-27T22:10,0,0.00,0,19.20,89,1.00
2026-08-27T22:20,7,0.00,0,18.60,93,1.30
2026-08-27T22:30,10,0.00,0,18.80,90,1.60
2026-08-27T22:40,4,0.00,0,18.30,93,1.30
2026-08-27T22:50,6,0.00,0,18.40,91,1.50
2026-08-27T23:00,10,0.00,0,18.60,89,1.40
2026-08-27T23:10,9,0.00,0,18.60,90,1.10
2026-08-27T23:20,359,0.00,0,17.90,92,1.30
2026-08-27T23:30,11,0.00,0,18.30,89,1.60
2026-08-27T23:40,20,0.00,0,18.90,87,2.00
2026-08-27T23:50,356,0.00,0,18.50,88,1.40
2026-08-28T00:00,7,0.00,0,18.90,87,1.20
2026-08-28T00:10,356,0.00,0,18.10,91,1.00
2026-08-28T00:20,356,0.00,0,17.90,91,0.80
2026-08-28T00:30,13,0.00,0,17.80,92,1.30
2026-08-28T00:40,7,0.00,0,17.70,93,1.50
2026-08-28T00:50,8,0.00,0,17.50,94,1.70
2026-08-28T01:00,3,0.00,0,17.90,92,1.30
2026-08-28T01:10,0,0.00,0,17.70,93,1.30
2026-08-28T01:20,18,0.00,0,18.10,90,1.80
2026-08-28T01:30,0,0.00,0,18.00,91,0.90
2026-08-28T01:40,343,0.00,0,18.00,91,0.60
2026-08-28T01:50,36,0.00,0,17.80,91,0.80
2026-08-28T02:00,3,0.00,0,18.00,90,0.60
2026-08-28T02:10,341,0.00,0,17.70,92,0.40
2026-08-28T02:20,,0.00,0,17.50,93,0.00
2026-08-28T02:30,6,0.00,0,17.20,95,0.90
2026-08-28T02:40,13,0.00,0,17.10,96,1.60
2026-08-28T02:50,6,0.00,0,17.00,96,1.30
2026-08-28T03:00,39,0.00,0,17.20,95,0.80
2026-08-28T03:10,4,0.00,0,17.00,96,1.00
2026-08-28T03:20,18,0.00,0,17.00,96,1.80
2026-08-28T03:30,20,0.00,0,17.50,93,2.20
2026-08-28T03:40,36,0.00,0,17.60,93,1.00
2026-08-28T03:50,20,0.00,0,17.20,95,0.90
2026-08-28T04:00,17,0.00,0,17.10,96,1.20
2026-08-28T04:10,12,0.00,0,17.10,96,1.20
2026-08-28T04:20,9,0.00,0,17.20,95,1.30
2026-08-28T04:30,11,0.00,0,17.40,94,1.30
2026-08-28T04:40,18,0.00,0,17.30,95,1.30
2026-08-28T04:50,8,0.00,0,17.00,96,0.70
2026-08-28T05:00,16,0.00,0,17.10,96,1.30
2026-08-28T05:10,17,0.00,0,17.00,96,1.80
2026-08-28T05:20,13,0.00,0,17.40,94,1.60
2026-08-28T05:30,9,0.00,0,17.70,92,1.60
2026-08-28T05:40,,0.00,0,17.50,94,0.00
2026-08-28T05:50,,0.00,0,17.50,94,0.00
2026-08-28T06:00,23,0.00,0,17.50,95,0.90
2026-08-28T06:10,13,0.00,0,17.50,95,1.20
2026-08-28T06:20,,0.00,0,17.50,96,0.00
2026-08-28T06:30,216,0.00,0,17.50,97,0.70
2026-08-28T06:40,24,0.00,0,17.40,98,1.50
2026-08-28T06:50,7,0.40,0,17.40,99,0.90
2026-08-28T07:00,12,0.00,9,17.40,99,0.80
2026-08-28T07:10,12,0.00,10,17.50,99,0.70
2026-08-28T07:20,4,0.00,10,17.40,99,1.50
2026-08-28T07:30,15,0.00,10,17.70,99,1.80
2026-08-28T07:40,12,0.00,35,18.00,99,1.50
2026-08-28T07:50,3,0.00,63,18.40,99,0.70
2026-08-28T08:00,349,0.00,44,18.40,99,0.40
2026-08-28T08:10,348,0.00,72,18.50,99,0.90
2026-08-28T08:20,352,0.00,98,19.20,97,1.90
2026-08-28T08:30,350,0.00,129,19.80,95,1.20
2026-08-28T08:40,27,0.00,165,20.10,93,1.20
2026-08-28T08:50,21,0.00,118,20.60,91,1.40
2026-08-28T09:00,34,0.00,146,20.20,91,1.50
2026-08-28T09:10,127,0.00,248,20.70,89,0.80
2026-08-28T09:20,184,0.00,173,20.50,93,0.70
2026-08-28T09:30,170,0.00,450,20.90,93,0.70
2026-08-28T09:40,38,0.00,195,21.20,91,1.00
2026-08-28T09:50,13,0.00,114,21.20,91,2.10
2026-08-28T10:00,357,0.00,136,20.90,92,2.20
2026-08-28T10:10,14,0.00,401,20.80,89,2.40
2026-08-28T10:20,13,0.00,281,21.70,84,2.10
2026-08-28T10:30,21,0.00,401,22.00,79,3.20
2026-08-28T10:40,283,0.00,191,24.20,78,0.60
2026-08-28T10:50,26,0.00,357,23.00,79,1.90
2026-08-28T11:00,30,0.20,140,24.10,58,1.90
2026-08-28T11:10,58,0.00,264,25.70,46,1.80
2026-08-28T11:20,27,0.00,506,24.00,63,1.10
2026-08-28T11:30,41,0.00,241,24.90,53,1.00
2026-08-28T11:40,51,0.00,125,24.80,57,1.90
2026-08-28T11:50,19,0.00,676,24.80,51,2.10
2026-08-28T12:00,79,0.00,392,26.70,45,3.80
2026-08-28T12:10,83,0.00,336,26.60,54,1.00
2026-08-28T12:20,5,0.00,670,25.50,65,1.40
2026-08-28T12:30,47,0.00,895,25.90,72,0.80
2026-08-28T12:40,24,0.00,852,26.80,59,1.50
2026-08-28T12:50,40,0.00,152,25.80,62,1.40
2026-08-28T13:00,96,0.00,129,25.50,58,0.40
2026-08-28T13:10,35,0.00,113,25.10,61,1.90
2026-08-28T13:20,69,0.00,169,26.00,50,3.70
2026-08-28T13:30,63,0.00,870,25.20,63,1.80
2026-08-28T13:40,62,0.00,524,26.70,47,2.10
2026-08-28T13:50,58,0.00,854,28.10,45,3.10
2026-08-28T14:00,99,0.00,778,27.90,47,2.30
2026-08-28T14:10,101,0.00,756,28.90,40,3.00
2026-08-28T14:20,31,0.00,799,28.40,43,3.10
2026-08-28T14:30,358,0.00,767,28.60,47,2.80
2026-08-28T14:40,30,0.00,297,28.30,43,3.10
2026-08-28T14:50,44,0.00,731,28.30,42,3.80
2026-08-28T15:00,42,0.00,490,28.30,42,3.90
2026-08-28T15:10,65,0.00,636,28.80,42,1.90
2026-08-28T15:20,89,0.00,201,27.90,46,3.10
2026-08-28T15:30,129,0.00,624,28.30,44,4.00
2026-08-28T15:40,121,0.00,642,28.30,45,3.70
2026-08-28T15:50,115,0.00,175,27.80,44,3.90
2026-08-28T16:00,97,0.00,81,27.40,45,4.10
2026-08-28T16:10,73,0.00,30,27.00,46,4.30
2026-08-28T16:20,96,0.00,17,27.20,46,4.30
2026-08-28T16:30,140,0.00,7,25.80,57,1.60
2026-08-28T16:40,3,0.00,13,22.70,73,1.50
2026-08-28T16:50,20,0.00,89,21.90,78,2.70
2026-08-28T17:00,15,0.00,82,22.30,74,1.80
2026-08-28T17:10,19,0.00,67,22.20,77,2.30
2026-08-28T17:20,349,0.00,25,22.30,74,1.80
2026-08-28T17:30,8,0.00,16,21.60,79,1.90
2026-08-28T17:40,34,0.00,24,21.60,77,2.60
2026-08-28T17:50,354,0.00,16,21.30,78,1.40
2026-08-28T18:00,18,0.00,6,21.40,77,1.90
2026-08-28T18:10,43,0.00,16,20.50,84,1.40
2026-08-28T18:20,357,0.00,22,20.00,86,1.80
2026-08-28T18:30,2,0.00,6,20.00,87,1.90
2026-08-28T18:40,17,0.20,10,19.80,88,2.50
2026-08-28T18:50,34,0.00,10,19.60,89,1.30
2026-08-28T19:00,24,0.00,5,19.60,89,1.50
2026-08-28T19:10,357,0.00,0,19.90,87,2.80
2026-08-28T19:20,330,0.40,7,19.80,87,2.40
2026-08-28T19:30,16,0.00,0,21.20,77,3.10
2026-08-28T19:40,44,0.20,0,20.90,71,2.50
2026-08-28T19:50,93,4.60,5,17.70,84,4.80
2026-08-28T20:00,53,1.40,0,16.90,91,3.00
2026-08-28T20:10,344,0.00,0,16.40,97,1.70
2026-08-28T20:20,348,0.00,0,16.70,96,2.80
2026-08-28T20:30,337,0.20,0,16.70,96,2.60
2026-08-28T20:40,5,0.00,0,16.90,96,2.10
2026-08-28T20:50,332,0.00,0,17.00,95,3.30
2026-08-28T21:00,12,0.00,0,17.30,93,2.90
2026-08-28T21:10,336,0.20,0,17.20,88,4.80
2026-08-28T21:20,331,0.00,0,16.80,90,3.30
2026-08-28T21:30,25,0.00,0,17.00,87,2.40
2026-08-28T21:40,324,0.00,0,16.90,87,4.00
2026-08-28T21:50,2,0.00,0,17.30,85,2.80
2026-08-28T22:00,351,0.00,0,17.40,86,2.30
2026-08-28T22:10,23,0.00,0,17.70,86,2.90
2026-08-28T22:20,50,0.00,0,17.30,91,0.80
2026-08-28T22:30,,0.00,0,17.10,94,0.00
2026-08-28T22:40,14,0.00,0,16.90,96,1.70
2026-08-28T22:50,7,0.00,0,16.70,98,1.40
2026-08-28T23:00,347,0.00,0,17.00,97,0.70
2026-08-28T23:10,344,0.00,0,17.00,98,0.50
2026-08-28T23:20,,0.00,0,17.10,98,0.00
2026-08-28T23:30,31,0.00,0,17.10,99,0.60
2026-08-28T23:40,,0.00,0,17.20,99,0.00
2026-08-28T23:50,190,0.00,0,17.10,99,0.70
2026-08-29T00:00,5,0.00,0,17.10,99,1.40
2026-08-29T00:10,105,0.00,0,17.10,99,0.40
2026-08-29T00:20,,0.00,0,17.20,99,0.00
2026-08-29T00:30,,0.00,0,17.10,99,0.00
2026-08-29T00:40,32,0.00,0,17.10,99,0.70
2026-08-29T00:50,80,0.00,0,17.30,99,0.40
2026-08-29T01:00,136,0.00,0,17.10,99,0.70
2026-08-29T01:10,122,0.00,0,17.10,99,0.60
2026-08-29T01:20,16,0.00,0,17.10,99,0.30
2026-08-29T01:30,15,0.00,0,17.00,99,0.80
2026-08-29T01:40,118,0.00,0,17.10,99,1.00
2026-08-29T01:50,,0.00,0,16.90,99,0.00
2026-08-29T02:00,,0.00,0,16.80,99,0.00
2026-08-29T02:10,172,0.00,0,16.70,99,0.50
2026-08-29T02:20,358,0.00,0,16.50,99,0.50
2026-08-29T02:30,18,0.00,0,16.50,99,0.90
2026-08-29T02:40,7,0.00,0,16.40,99,1.10
2026-08-29T02:50,31,0.00,0,16.50,99,0.90
2026-08-29T03:00,8,0.00,0,16.60,99,1.20
2026-08-29T03:10,,0.00,0,16.80,99,0.00
2026-08-29T03:20,,0.00,0,16.70,99,0.00
2026-08-29T03:30,359,0.00,0,16.60,99,1.60
2026-08-29T03:40,4,0.00,0,16.80,99,1.90
2026-08-29T03:50,,0.00,0,16.90,99,0.00
2026-08-29T04:00,176,0.00,0,16.70,99,0.40
2026-08-29T04:10,16,0.00,0,16.50,99,0.30
2026-08-29T04:20,,0.00,0,16.30,99,0.00
2026-08-29T04:30,,0.00,0,16.10,99,0.00
2026-08-29T04:40,,0.00,0,15.90,99,0.00
2026-08-29T04:50,10,0.00,0,15.90,99,0.90
2026-08-29T05:00,3,0.00,0,15.70,99,0.90
2026-08-29T05:10,334,0.00,0,15.80,99,1.40
2026-08-29T05:20,294,0.00,0,16.00,99,0.60
2026-08-29T05:30,62,0.00,0,15.70,99,0.40
2026-08-29T05:40,342,0.00,0,15.50,99,1.10
2026-08-29T05:50,338,0.00,0,15.50,99,1.10
2026-08-29T06:00,325,0.00,0,15.30,99,0.40
2026-08-29T06:10,356,0.00,0,15.30,99,0.90
2026-08-29T06:20,343,0.00,0,15.10,99,0.70
2026-08-29T06:30,,0.00,0,15.00,99,0.00
2026-08-29T06:40,1,0.00,5,14.90,99,0.30
2026-08-29T06:50,,0.00,10,14.90,99,0.00
2026-08-29T07:00,3,0.00,17,14.70,99,1.00
2026-08-29T07:10,11,0.00,21,14.80,99,1.20
2026-08-29T07:20,354,0.00,25,14.50,99,1.00
2026-08-29T07:30,341,0.00,29,14.70,99,1.50
2026-08-29T07:40,328,0.00,32,14.90,99,1.00
2026-08-29T07:50,336,0.00,35,14.90,99,0.50
2026-08-29T08:00,348,0.00,40,15.10,99,0.40
2026-08-29T08:10,9,0.00,45,14.90,99,1.40
2026-08-29T08:20,7,0.00,48,15.00,99,1.10
2026-08-29T08:30,353,0.00,52,15.20,99,0.60
2026-08-29T08:40,13,0.00,58,15.30,99,0.30
2026-08-29T08:50,1,0.00,66,15.20,99,1.40
2026-08-29T09:00,20,0.00,71,15.50,98,1.50
2026-08-29T09:10,25,0.00,79,15.90,96,2.00
2026-08-29T09:20,35,0.00,393,16.40,93,2.10
2026-08-29T09:30,24,0.00,456,16.80,93,2.20
2026-08-29T09:40,27,0.00,490,17.10,95,1.70
2026-08-29T09:50,,0.00,510,17.50,96,0.00
2026-08-29T10:00,46,0.00,549,17.70,94,0.90
2026-08-29T10:10,30,0.00,576,18.70,90,0.90
2026-08-29T10:20,14,0.00,607,19.70,86,0.80
2026-08-29T10:30,91,0.00,639,21.20,78,0.30
2026-08-29T10:40,184,0.00,660,22.00,75,0.70
2026-08-29T10:50,182,0.00,709,21.90,77,1.30
2026-08-29T11:00,182,0.00,742,22.40,75,1.50
2026-08-29T11:10,166,0.00,782,23.30,75,1.00
2026-08-29T11:20,157,0.00,801,23.20,76,0.60
2026-08-29T11:30,193,0.00,840,23.60,72,1.60
2026-08-29T11:40,221,0.00,843,23.30,76,2.30
2026-08-29T11:50,220,0.00,883,23.60,72,1.90
2026-08-29T12:00,224,0.00,206,23.00,72,2.40
2026-08-29T12:10,216,0.00,926,23.40,73,1.90
2026-08-29T12:20,200,0.00,311,23.70,73,1.70
2026-08-29T12:30,204,0.00,254,23.50,74,1.10
2026-08-29T12:40,,0.00,177,23.60,75,0.00
2026-08-29T12:50,142,0.00,223,23.70,73,0.40
2026-08-29T13:00,167,0.00,913,24.90,70,0.70
2026-08-29T13:10,168,0.00,924,25.70,59,1.80
2026-08-29T13:20,183,0.00,916,26.00,58,1.70
2026-08-29T13:30,165,0.00,927,25.70,60,1.90
2026-08-29T13:40,163,0.00,965,25.90,57,2.10
2026-08-29T13:50,168,0.00,923,26.20,54,2.50
2026-08-29T14:00,168,0.00,860,26.20,53,2.10
2026-08-29T14:10,184,0.00,835,26.00,53,2.90
2026-08-29T14:20,191,0.00,851,26.30,57,2.40
2026-08-29T14:30,213,0.00,815,26.00,54,2.40
2026-08-29T14:40,214,0.00,785,26.50,54,1.70
2026-08-29T14:50,179,0.00,804,26.70,53,2.00
2026-08-29T15:00,173,0.00,790,27.10,52,2.00
2026-08-29T15:10,194,0.00,796,26.70,51,2.50
2026-08-29T15:20,200,0.00,741,26.10,54,2.50
2026-08-29T15:30,185,0.00,766,27.40,52,0.90
2026-08-29T15:40,182,0.00,704,27.20,52,2.10
2026-08-29T15:50,176,0.00,685,27.20,48,1.80
2026-08-29T16:00,181,0.00,647,27.00,50,1.80
2026-08-29T16:10,182,0.00,584,26.90,50,2.10
2026-08-29T16:20,189,0.00,573,26.90,51,2.30
2026-08-29T16:30,191,0.00,553,26.60,53,1.70
2026-08-29T16:40,195,0.00,519,26.70,55,1.30
2026-08-29T16:50,197,0.00,503,26.40,52,2.10
2026-08-29T17:00,184,0.00,471,26.60,56,1.40
2026-08-29T17:10,221,0.00,436,26.50,52,1.60
2026-08-29T17:20,225,0.00,407,26.50,56,1.10
2026-08-29T17:30,229,0.00,318,25.90,62,1.00
2026-08-29T17:40,289,0.00,334,24.20,68,0.80
2026-08-29T17:50,5,0.00,107,22.80,69,1.20
2026-08-29T18:00,23,0.00,120,22.00,72,1.80
2026-08-29T18:10,26,0.00,217,21.90,73,2.20
2026-08-29T18:20,16,0.00,114,21.90,77,1.70
2026-08-29T18:30,5,0.00,79,21.50,77,1.50
2026-08-29T18:40,19,0.00,62,21.30,79,1.70
2026-08-29T18:50,15,0.00,48,20.90,82,1.80
2026-08-29T19:00,5,0.00,43,20.50,84,1.40
2026-08-29T19:10,15,0.00,25,20.00,87,1.40
2026-08-29T19:20,17,0.00,28,19.70,88,1.80
2026-08-29T19:30,9,0.00,26,19.40,88,1.50
2026-08-29T19:40,6,0.00,22,19.40,88,1.40
2026-08-29T19:50,14,0.00,10,19.20,89,1.30
2026-08-29T20:00,5,0.00,5,18.80,90,1.50
2026-08-29T20:10,8,0.00,0,18.30,92,1.50
2026-08-29T20:20,6,0.00,0,18.70,89,1.70
2026-08-29T20:30,357,0.00,0,18.20,91,1.30
2026-08-29T20:40,354,0.00,0,18.10,90,1.50
2026-08-29T20:50,6,0.00,0,18.00,89,1.70
2026-08-29T21:00,2,0.00,0,18.00,90,1.40
2026-08-29T21:10,353,0.00,0,17.80,90,1.20
2026-08-29T21:20,2,0.00,0,17.60,89,1.60
2026-08-29T21:30,18,0.00,0,18.10,85,1.90
2026-08-29T21:40,2,0.00,0,18.30,85,1.70
2026-08-29T21:50,357,0.00,0,18.10,85,1.50
2026-08-29T22:00,357,0.00,0,17.60,87,1.70
2026-08-29T22:10,357,0.00,0,17.70,86,1.60
2026-08-29T22:20,351,0.00,0,17.50,89,1.30
2026-08-29T22:30,341,0.00,0,17.10,90,1.00
2026-08-29T22:40,331,0.00,0,17.10,89,0.40
2026-08-29T22:50,352,0.00,0,16.90,90,0.80
2026-08-29T23:00,353,0.00,0,16.70,92,1.00
2026-08-29T23:10,2,0.00,0,16.40,94,1.10
2026-08-29T23:20,2,0.00,0,16.40,92,1.30
2026-08-29T23:30,358,0.00,0,16.30,93,1.30
2026-08-29T23:40,339,0.00,0,16.30,93,1.20
2026-08-29T23:50,,0.00,0,16.30,92,0.00
2026-08-30T00:00,,0.00,0,16.40,91,0.00
2026-08-30T00:10,359,0.00,0,16.00,93,0.80
2026-08-30T00:20,344,0.00,0,15.70,95,1.60
2026-08-30T00:30,352,0.00,0,15.60,95,1.20
2026-08-30T00:40,342,0.00,0,15.50,95,1.60
2026-08-30T00:50,343,0.00,0,15.60,95,1.50
2026-08-30T01:00,353,0.00,0,16.00,91,1.90
2026-08-30T01:10,354,0.00,0,16.00,89,1.20
2026-08-30T01:20,15,0.00,0,16.20,88,1.40
2026-08-30T01:30,10,0.00,0,16.80,83,1.40
2026-08-30T01:40,1,0.00,0,16.40,86,1.50
2026-08-30T01:50,5,0.00,0,16.40,87,1.70
2026-08-30T02:00,347,0.00,0,16.20,88,1.10
2026-08-30T02:10,319,0.00,0,15.80,89,0.80
2026-08-30T02:20,29,0.00,0,15.70,90,0.40
2026-08-30T02:30,,0.00,0,15.70,91,0.00
2026-08-30T02:40,11,0.00,0,15.30,93,0.70
2026-08-30T02:50,3,0.00,0,15.20,93,1.20
2026-08-30T03:00,357,0.00,0,15.00,93,1.00
2026-08-30T03:10,1,0.00,0,15.20,93,1.10
2026-08-30T03:20,353,0.00,0,14.80,95,1.00
2026-08-30T03:30,336,0.00,0,15.10,94,0.70
2026-08-30T03:40,331,0.00,0,14.90,93,0.60
2026-08-30T03:50,,0.00,0,15.10,92,0.00
2026-08-30T04:00,359,0.00,0,14.80,95,1.00
2026-08-30T04:10,356,0.00,0,14.90,94,0.90
2026-08-30T04:20,357,0.00,0,15.00,93,0.80
2026-08-30T04:30,12,0.00,0,14.40,96,1.30
2026-08-30T04:40,346,0.00,0,14.30,97,1.80
2026-08-30T04:50,340,0.00,0,14.30,97,1.40
2026-08-30T05:00,352,0.00,0,14.70,95,0.80
2026-08-30T05:10,336,0.00,0,14.90,94,0.70
2026-08-30T05:20,2,0.00,0,14.90,93,0.70
2026-08-30T05:30,11,0.00,0,14.60,95,1.30
2026-08-30T05:40,347,0.00,0,14.70,94,1.10
2026-08-30T05:50,2,0.00,0,14.70,94,1.00
2026-08-30T06:00,356,0.00,0,14.80,93,0.50
2026-08-30T06:10,355,0.00,0,14.50,95,0.70
2026-08-30T06:20,8,0.00,0,14.30,96,1.00
2026-08-30T06:30,354,0.00,0,14.10,97,1.00
2026-08-30T06:40,11,0.00,6,14.40,96,0.60
2026-08-30T06:50,352,0.00,10,14.00,97,1.30
2026-08-30T07:00,358,0.00,14,14.50,94,1.50
2026-08-30T07:10,341,0.00,18,14.50,95,1.30
2026-08-30T07:20,349,0.00,23,14.80,92,1.30
2026-08-30T07:30,343,0.00,27,14.90,92,1.40
2026-08-30T07:40,355,0.00,30,15.10,90,1.50
2026-08-30T07:50,355,0.00,34,15.20,90,1.40
2026-08-30T08:00,356,0.00,39,15.30,90,1.30
2026-08-30T08:10,341,0.00,46,15.20,92,1.20
2026-08-30T08:20,348,0.00,53,15.30,92,1.60
2026-08-30T08:30,6,0.00,56,16.20,84,1.90
2026-08-30T08:40,20,0.00,63,16.30,84,2.40
2026-08-30T08:50,22,0.00,66,16.80,80,3.10
2026-08-30T09:00,25,0.00,78,16.90,81,2.90
2026-08-30T09:10,30,0.00,86,17.00,80,3.20
2026-08-30T09:20,28,0.00,342,17.00,84,2.40
2026-08-30T09:30,31,0.00,446,17.70,82,3.10
2026-08-30T09:40,40,0.00,462,18.60,80,2.40
2026-08-30T09:50,38,0.00,513,20.10,76,1.50
2026-08-30T10:00,5,0.00,542,20.20,76,0.70
2026-08-30T10:10,355,0.00,567,20.70,77,0.80
2026-08-30T10:20,8,0.00,596,20.70,75,0.90
2026-08-30T10:30,4,0.00,617,21.30,73,1.00
2026-08-30T10:40,12,0.00,643,21.50,76,1.00
2026-08-30T10:50,2,0.00,665,22.10,68,0.50
2026-08-30T11:00,188,0.00,689,22.90,65,0.70
2026-08-30T11:10,138,0.00,715,23.40,67,1.20
2026-08-30T11:20,175,0.00,726,23.60,63,1.30
2026-08-30T11:30,178,0.00,742,24.00,64,1.30
2026-08-30T11:40,173,0.00,764,24.10,66,1.40
2026-08-30T11:50,194,0.00,782,24.50,62,1.60
2026-08-30T12:00,193,0.00,800,24.80,63,2.10
2026-08-30T12:10,209,0.00,814,25.30,59,2.10
2026-08-30T12:20,196,0.00,829,25.50,59,2.20
2026-08-30T12:30,203,0.00,837,25.50,56,2.30
2026-08-30T12:40,196,0.00,847,25.60,53,2.10
2026-08-30T12:50,199,0.00,855,26.10,53,2.00
2026-08-30T13:00,195,0.00,852,25.80,53,2.50
2026-08-30T13:10,195,0.00,872,25.90,52,2.40
2026-08-30T13:20,192,0.00,871,26.20,54,2.20
2026-08-30T13:30,192,0.00,887,26.40,53,2.10
2026-08-30T13:40,196,0.00,912,26.00,56,2.20
2026-08-30T13:50,195,0.00,957,26.10,56,2.20
2026-08-30T14:00,208,0.00,283,25.10,59,1.50
2026-08-30T14:10,194,0.00,390,25.00,57,1.90
2026-08-30T14:20,192,0.00,874,26.00,56,1.80
2026-08-30T14:30,196,0.00,864,26.50,52,1.90
2026-08-30T14:40,158,0.00,865,26.80,55,1.00
2026-08-30T14:50,181,0.00,803,26.40,55,2.00
2026-08-30T15:00,189,0.00,212,26.10,56,2.10
2026-08-30T15:10,183,0.00,808,26.10,58,1.20
2026-08-30T15:20,174,0.00,223,26.50,54,2.00
2026-08-30T15:30,184,0.00,273,26.60,55,2.20
2026-08-30T15:40,194,0.00,291,25.50,62,2.00
2026-08-30T15:50,177,0.00,233,26.60,57,1.70
2026-08-30T16:00,191,0.00,333,26.20,57,1.80
2026-08-30T16:10,194,0.00,238,26.10,56,2.70
2026-08-30T16:20,186,0.00,679,27.00,55,2.10
2026-08-30T16:30,193,0.00,597,26.80,57,2.40
2026-08-30T16:40,198,0.00,595,26.40,57,2.40
2026-08-30T16:50,191,0.00,520,26.40,56,2.50
2026-08-30T17:00,201,0.00,179,26.00,57,2.10
2026-08-30T17:10,204,0.00,435,24.60,66,2.10
2026-08-30T17:20,208,0.00,170,25.00,61,1.80
2026-08-30T17:30,204,0.00,246,24.90,62,1.40
2026-08-30T17:40,219,0.00,160,24.40,68,1.00
2026-08-30T17:50,205,0.00,163,24.20,66,1.20
2026-08-30T18:00,202,0.00,245,24.50,65,1.20
2026-08-30T18:10,250,0.00,132,23.80,71,0.60
2026-08-30T18:20,25,0.00,68,23.40,76,0.70
2026-08-30T18:30,347,0.00,63,22.40,79,0.90
2026-08-30T18:40,1,0.00,64,21.80,81,1.20
2026-08-30T18:50,19,0.00,45,21.50,82,1.90
2026-08-30T19:00,358,0.00,45,21.00,85,1.30
2026-08-30T19:10,12,0.00,43,21.10,84,1.40
2026-08-30T19:20,4,0.00,28,20.60,86,1.40
2026-08-30T19:30,11,0.00,24,20.50,85,1.00
2026-08-30T19:40,5,0.00,14,19.90,89,1.00
2026-08-30T19:50,11,0.00,8,19.80,89,0.80
2026-08-30T20:00,356,0.00,0,19.10,91,1.10
2026-08-30T20:10,0,0.00,0,18.90,91,1.60
2026-08-30T20:20,6,0.00,0,18.90,90,1.60
2026-08-30T20:30,9,0.00,0,18.90,89,1.60
2026-08-30T20:40,359,0.00,0,18.50,89,1.50
2026-08-30T20:50,10,0.00,0,18.70,89,1.60
2026-08-30T21:00,359,0.00,0,18.40,90,1.50
2026-08-30T21:10,359,0.00,0,18.20,90,1.50
2026-08-30T21:20,3,0.00,0,18.00,91,1.20
2026-08-30T21:30,6,0.00,0,17.90,90,1.40
2026-08-30T21:40,356,0.00,0,17.80,91,1.50
2026-08-30T21:50,6,0.00,0,18.00,88,1.50
2026-08-30T22:00,10,0.00,0,18.00,88,1.60
2026-08-30T22:10,5,0.00,0,18.10,86,1.50
2026-08-30T22:20,359,0.00,0,18.10,86,1.10
2026-08-30T22:30,10,0.00,0,18.80,81,2.50
2026-08-30T22:40,357,0.00,0,18.30,84,1.60
2026-08-30T22:50,354,0.00,0,18.60,81,1.50
2026-08-30T23:00,340,0.00,0,18.30,83,1.30
2026-08-30T23:10,347,0.00,0,18.30,83,1.70
2026-08-30T23:20,12,0.00,0,17.80,86,1.50
2026-08-30T23:30,7,0.00,0,17.70,86,1.50
2026-08-30T23:40,343,0.00,0,17.40,88,1.50
2026-08-30T23:50,339,0.00,0,17.30,88,1.20
2026-08-31T00:00,341,0.00,0,17.20,90,0.90
2026-08-31T00:10,335,0.00,0,17.10,89,1.10
2026-08-31T00:20,330,0.00,0,17.20,89,0.90
2026-08-31T00:30,351,0.00,0,17.00,90,0.70
2026-08-31T00:40,325,0.00,0,16.80,91,0.80
2026-08-31T00:50,327,0.00,0,16.70,91,0.60
2026-08-31T01:00,341,0.00,0,16.40,92,1.00
2026-08-31T01:10,338,0.00,0,16.50,92,0.60
2026-08-31T01:20,349,0.00,0,16.40,91,0.60
2026-08-31T01:30,,0.00,0,16.40,91,0.00
2026-08-31T01:40,,0.00,0,16.50,90,0.00
2026-08-31T01:50,,0.00,0,16.40,91,0.00
2026-08-31T02:00,346,0.00,0,16.00,93,0.40
2026-08-31T02:10,15,0.00,0,15.90,94,1.80
2026-08-31T02:20,11,0.00,0,15.90,93,1.00
2026-08-31T02:30,10,0.00,0,15.60,94,1.00
2026-08-31T02:40,7,0.00,0,15.50,95,1.00
2026-08-31T02:50,343,0.00,0,15.40,95,1.10
2026-08-31T03:00,332,0.00,0,15.60,92,0.40
2026-08-31T03:10,348,0.00,0,15.40,94,0.40
2026-08-31T03:20,,0.00,0,15.70,91,0.00
2026-08-31T03:30,,0.00,0,15.50,92,0.00
2026-08-31T03:40,,0.00,0,15.50,92,0.00
2026-08-31T03:50,359,0.00,0,15.00,95,0.80
2026-08-31T04:00,14,0.00,0,14.80,96,1.20
2026-08-31T04:10,359,0.00,0,14.70,96,1.30
2026-08-31T04:20,3,0.00,0,15.20,91,0.80
2026-08-31T04:30,,0.00,0,15.10,89,0.00
2026-08-31T04:40,358,0.00,0,14.60,94,0.90
2026-08-31T04:50,8,0.00,0,15.00,91,0.40
2026-08-31T05:00,1,0.00,0,14.70,89,0.80
2026-08-31T05:10,4,0.00,0,14.60,91,1.20
2026-08-31T05:20,3,0.00,0,14.30,92,1.60
2026-08-31T05:30,349,0.00,0,14.60,90,1.30
2026-08-31T05:40,329,0.00,0,15.00,88,0.70
2026-08-31T05:50,147,0.00,0,14.50,91,0.30
2026-08-31T06:00,,0.00,0,14.30,90,0.00
2026-08-31T06:10,,0.00,0,14.40,90,0.00
2026-08-31T06:20,10,0.00,0,14.00,93,1.70
2026-08-31T06:30,17,0.00,0,14.40,91,1.60
2026-08-31T06:40,8,0.00,5,13.70,95,1.50
2026-08-31T06:50,15,0.00,9,14.20,92,1.80
2026-08-31T07:00,339,0.00,12,13.80,94,0.90
2026-08-31T07:10,4,0.00,16,13.90,93,0.90
2026-08-31T07:20,356,0.00,19,14.30,90,0.80
2026-08-31T07:30,13,0.00,22,13.90,94,1.50
2026-08-31T07:40,10,0.00,25,14.30,91,1.60
2026-08-31T07:50,18,0.00,28,14.30,92,1.60
2026-08-31T08:00,6,0.00,31,14.20,91,1.90
2026-08-31T08:10,11,0.00,34,14.40,91,1.60
2026-08-31T08:20,5,0.00,37,14.50,92,1.50
2026-08-31T08:30,10,0.00,39,14.50,91,1.80
2026-08-31T08:40,18,0.00,43,14.90,89,2.00
2026-08-31T08:50,26,0.00,47,15.70,84,2.40
2026-08-31T09:00,23,0.00,51,16.00,82,2.90
2026-08-31T09:10,30,0.00,55,16.20,81,2.80
2026-08-31T09:20,27,0.00,375,16.40,81,3.30
2026-08-31T09:30,30,0.00,454,17.10,81,2.70
2026-08-31T09:40,25,0.00,483,17.40,80,2.00
2026-08-31T09:50,19,0.00,508,17.90,82,1.50
2026-08-31T10:00,23,0.00,536,18.20,82,1.20
2026-08-31T10:10,17,0.00,559,19.40,73,0.60
2026-08-31T10:20,19,0.00,582,19.90,74,1.20
2026-08-31T10:30,14,0.00,603,20.70,65,1.00
2026-08-31T10:40,52,0.00,630,21.80,76,0.60
2026-08-31T10:50,94,0.00,655,23.00,62,1.20
2026-08-31T11:00,89,0.00,678,23.40,61,0.70
2026-08-31T11:10,184,0.00,698,23.10,62,1.20
2026-08-31T11:20,203,0.00,714,23.20,64,1.20
2026-08-31T11:30,183,0.00,730,23.60,59,1.30
2026-08-31T11:40,189,0.00,744,24.20,64,1.00
2026-08-31T11:50,178,0.00,756,24.70,59,1.10
2026-08-31T12:00,202,0.00,779,24.80,63,0.90
2026-08-31T12:10,202,0.00,805,25.30,64,0.90
2026-08-31T12:20,198,0.00,829,25.30,63,2.20
2026-08-31T12:30,186,0.00,837,25.90,63,2.20
2026-08-31T12:40,191,0.00,865,26.00,59,2.30
2026-08-31T12:50,,0.00,757,26.40,60,
2026-08-31T13:00,193,0.00,868,26.40,58,2.10
2026-08-31T13:10,219,0.00,892,26.00,62,2.50
2026-08-31T13:20,222,0.00,906,26.40,61,2.10
2026-08-31T13:30,184,0.00,881,26.80,53,2.30
2026-08-31T13:40,155,0.00,899,27.10,51,1.30
2026-08-31T13:50,172,0.00,873,27.50,51,1.70
2026-08-31T14:00,171,0.00,856,27.40,54,1.70
2026-08-31T14:10,187,0.00,831,27.40,55,2.20
2026-08-31T14:20,196,0.00,813,27.30,51,2.10
2026-08-31T14:30,191,0.00,813,27.60,53,2.20
2026-08-31T14:40,174,0.00,814,27.70,48,2.50
2026-08-31T14:50,188,0.00,826,27.80,48,2.10
2026-08-31T15:00,183,0.00,784,27.70,48,2.50
2026-08-31T15:10,194,0.00,758,27.70,48,2.30
2026-08-31T15:20,188,0.00,734,28.10,50,2.00
2026-08-31T15:30,169,0.00,713,27.90,48,2.50
2026-08-31T15:40,188,0.00,695,28.20,47,2.30
2026-08-31T15:50,175,0.00,665,27.90,49,2.10
2026-08-31T16:00,196,0.00,647,28.00,46,2.30
2026-08-31T16:10,170,0.00,604,28.40,45,1.40
2026-08-31T16:20,180,0.00,589,28.30,46,1.70
2026-08-31T16:30,172,0.00,557,28.20,49,1.60
2026-08-31T16:40,168,0.00,536,27.80,47,1.80
2026-08-31T16:50,188,0.00,176,27.70,48,2.40
2026-08-31T17:00,214,0.00,482,27.60,59,1.40
2026-08-31T17:10,213,0.00,433,27.70,46,1.50
2026-08-31T17:20,201,0.00,405,27.60,51,1.30
2026-08-31T17:30,170,0.00,373,26.40,46,2.20
2026-08-31T17:40,,0.00,336,26.50,55,0.00
2026-08-31T17:50,107,0.00,300,26.60,46,0.70
2026-08-31T18:00,188,0.00,269,26.50,49,1.30
2026-08-31T18:10,185,0.00,249,25.60,58,0.90
2026-08-31T18:20,157,0.00,47,24.80,60,0.70
2026-08-31T18:30,18,0.00,44,22.30,69,1.80
2026-08-31T18:40,24,0.00,37,21.60,71,2.50
2026-08-31T18:50,25,0.00,32,21.60,72,2.60
2026-08-31T19:00,25,0.00,27,21.60,69,2.80
2026-08-31T19:10,18,0.00,23,21.00,73,2.20
2026-08-31T19:20,33,0.00,19,20.80,74,2.00
2026-08-31T19:30,21,0.00,15,20.90,71,3.00
2026-08-31T19:40,30,0.00,11,21.40,66,2.90
2026-08-31T19:50,14,0.00,8,20.70,69,2.40
2026-08-31T20:00,25,0.00,0,20.60,69,3.20
2026-08-31T20:10,25,0.00,0,20.30,70,2.90
2026-08-31T20:20,22,0.00,0,19.90,72,2.60
2026-08-31T20:30,13,0.00,0,19.60,74,2.30
2026-08-31T20:40,19,0.00,0,19.50,74,1.70
2026-08-31T20:50,12,0.00,0,19.60,72,3.10
2026-08-31T21:00,28,0.00,0,19.70,72,3.60
2026-08-31T21:10,24,0.00,0,19.60,72,3.50
2026-08-31T21:20,28,0.00,0,19.50,72,3.40
2026-08-31T21:30,18,0.00,0,19.30,73,3.30
2026-08-31T21:40,22,0.00,0,19.10,75,2.10
2026-08-31T21:50,20,0.00,0,19.20,74,2.80
2026-08-31T22:00,24,0.00,0,19.30,73,2.90
2026-08-31T22:10,25,0.00,0,19.20,74,2.00
2026-08-31T22:20,32,0.00,0,19.00,75,2.00
2026-08-31T22:30,19,0.00,0,19.20,73,3.00
2026-08-31T22:40,23,0.00,0,19.30,73,2.80
2026-08-31T22:50,16,0.00,0,19.20,74,2.80
2026-08-31T23:00,17,0.00,0,18.90,75,3.60
2026-08-31T23:10,10,0.00,0,18.40,78,2.00
2026-08-31T23:20,26,0.00,0,18.60,77,1.90
2026-08-31T23:30,23,0.00,0,18.90,74,2.40
2026-08-31T23:40,30,0.00,0,19.00,74,2.00
2026-08-31T23:50,19,0.00,0,19.10,73,2.20
2026-09-01T00:00,314,0.00,0,18.50,76,0.60
2026-09-01T00:10,354,0.00,0,17.70,81,0.80
2026-09-01T00:20,347,0.00,0,17.30,83,1.00
2026-09-01T00:30,64,0.00,0,17.20,83,0.30
2026-09-01T00:40,,0.00,0,17.10,83,0.00
2026-09-01T00:50,,0.00,0,16.90,86,0.00
2026-09-01T01:00,334,0.00,0,16.50,87,0.40
2026-09-01T01:10,356,0.00,0,16.20,89,0.90
2026-09-01T01:20,4,0.00,0,15.80,90,1.30
2026-09-01T01:30,12,0.00,0,15.80,91,1.50
2026-09-01T01:40,3,0.00,0,15.70,90,1.50
2026-09-01T01:50,10,0.00,0,15.80,89,1.30
2026-09-01T02:00,13,0.00,0,15.90,87,1.20
2026-09-01T02:10,11,0.00,0,15.90,85,2.30
2026-09-01T02:20,354,0.00,0,16.70,80,1.30
2026-09-01T02:30,356,0.00,0,16.00,83,1.10
2026-09-01T02:40,353,0.00,0,15.90,84,1.40
2026-09-01T02:50,359,0.00,0,15.80,80,1.10
2026-09-01T03:00,346,0.00,0,16.10,79,1.40
2026-09-01T03:10,350,0.00,0,15.70,81,1.40
2026-09-01T03:20,352,0.00,0,15.70,80,1.50
2026-09-01T03:30,2,0.00,0,16.30,73,1.80
2026-09-01T03:40,343,0.00,0,16.30,76,0.90
2026-09-01T03:50,323,0.00,0,16.10,75,0.80
2026-09-01T04:00,,0.00,0,15.70,81,0.00
2026-09-01T04:10,345,0.00,0,15.50,83,0.50
2026-09-01T04:20,5,0.00,0,15.50,80,0.80
2026-09-01T04:30,7,0.00,0,14.90,86,1.10
2026-09-01T04:40,344,0.00,0,14.70,85,1.40
2026-09-01T04:50,347,0.00,0,15.10,80,1.70
2026-09-01T05:00,353,0.00,0,15.70,77,1.60
2026-09-01T05:10,0,0.00,0,15.50,76,1.50
2026-09-01T05:20,6,0.00,0,16.10,72,1.50
2026-09-01T05:30,1,0.00,0,15.60,78,1.40
2026-09-01T05:40,355,0.00,0,15.50,75,1.60
2026-09-01T05:50,16,0.00,0,16.20,70,1.80
2026-09-01T06:00,6,0.00,0,16.30,69,1.40
2026-09-01T06:10,12,0.00,0,16.50,67,1.50
2026-09-01T06:20,7,0.00,0,17.20,65,1.60
2026-09-01T06:30,9,0.00,0,16.10,71,1.80
2026-09-01T06:40,7,0.00,0,15.80,73,1.40
2026-09-01T06:50,350,0.00,8,15.80,72,1.40
2026-09-01T07:00,358,0.00,12,15.70,75,1.30
2026-09-01T07:10,339,0.00,16,15.60,78,0.90
2026-09-01T07:20,345,0.00,21,15.20,80,1.30
2026-09-01T07:30,356,0.00,24,15.60,77,1.70
2026-09-01T07:40,3,0.00,28,15.00,83,1.40
2026-09-01T07:50,358,0.00,32,15.00,82,1.30
2026-09-01T08:00,21,0.00,36,16.20,75,2.20
2026-09-01T08:10,8,0.00,41,15.90,78,1.70
2026-09-01T08:20,22,0.00,55,16.40,76,2.00
2026-09-01T08:30,20,0.00,65,16.80,74,2.20
2026-09-01T08:40,19,0.00,66,16.80,74,2.10
2026-09-01T08:50,24,0.00,67,16.90,75,2.30
2026-09-01T09:00,25,0.00,71,17.00,75,2.80
2026-09-01T09:10,25,0.00,73,17.10,77,2.70
2026-09-01T09:20,30,0.00,226,17.30,77,2.40
2026-09-01T09:30,20,0.00,459,17.90,77,2.60
2026-09-01T09:40,25,0.00,189,18.20,77,2.20
2026-09-01T09:50,24,0.00,535,19.20,79,1.20
2026-09-01T10:00,3,0.00,635,20.50,74,0.90
2026-09-01T10:10,15,0.00,373,21.00,64,0.80
2026-09-01T10:20,335,0.00,684,21.80,69,0.50
2026-09-01T10:30,68,0.00,666,22.80,55,0.70
2026-09-01T10:40,154,0.00,651,23.00,57,0.70
2026-09-01T10:50,166,0.00,672,23.00,60,1.30
2026-09-01T11:00,155,0.00,719,23.30,64,1.30
2026-09-01T11:10,177,0.00,777,23.50,61,1.70
2026-09-01T11:20,191,0.00,252,23.60,58,1.00
2026-09-01T11:30,174,0.00,728,23.90,60,1.70
2026-09-01T11:40,166,0.00,831,25.00,60,0.80
2026-09-01T11:50,188,0.00,522,24.80,57,2.00
2026-09-01T12:00,179,0.00,872,25.00,54,1.60
2026-09-01T12:10,181,0.00,935,25.40,52,1.70
2026-09-01T12:20,182,0.00,442,25.50,53,1.30
2026-09-01T12:30,181,0.00,552,24.10,55,2.10
2026-09-01T12:40,183,0.00,803,25.50,57,1.80
2026-09-01T12:50,177,0.00,949,26.30,54,1.70
2026-09-01T13:00,180,0.00,200,24.90,55,2.20
2026-09-01T13:10,162,0.00,713,24.50,58,1.60
2026-09-01T13:20,184,0.00,482,25.10,57,1.70
2026-09-01T13:30,182,0.00,986,25.90,55,2.00
2026-09-01T13:40,173,0.00,943,24.90,55,2.50
2026-09-01T13:50,172,0.00,317,25.20,53,2.00
2026-09-01T14:00,171,0.00,971,26.10,55,2.20
2026-09-01T14:10,174,0.00,987,26.70,52,2.60
2026-09-01T14:20,171,0.00,938,27.10,48,2.60
2026-09-01T14:30,170,0.00,971,26.70,50,2.90
2026-09-01T14:40,177,0.00,345,26.20,51,2.80
2026-09-01T14:50,165,0.00,429,25.70,52,2.60
2026-09-01T15:00,167,0.00,870,25.80,55,2.40
2026-09-01T15:10,192,0.00,237,26.40,52,2.90
2026-09-01T15:20,175,0.00,263,25.80,52,2.90
2026-09-01T15:30,169,0.00,293,24.90,55,2.50
2026-09-01T15:40,158,0.00,528,26.00,51,1.60
2026-09-01T15:50,162,0.00,239,25.10,53,2.00
2026-09-01T16:00,166,0.00,312,25.00,53,2.40
2026-09-01T16:10,169,0.00,299,25.10,52,2.40
2026-09-01T16:20,186,0.00,191,24.50,56,2.20
2026-09-01T16:30,175,0.00,497,25.70,54,2.40
2026-09-01T16:40,193,0.00,137,24.90,53,2.50
2026-09-01T16:50,193,0.00,167,24.20,55,2.40
2026-09-01T17:00,192,0.00,160,24.30,58,1.80
2026-09-01T17:10,184,0.00,383,23.90,56,1.30
2026-09-01T17:20,233,0.00,263,24.50,62,0.60
2026-09-01T17:30,205,0.00,114,23.90,62,0.80
2026-09-01T17:40,226,0.00,85,23.10,63,0.80
2026-09-01T17:50,2,0.00,69,22.80,69,0.30
2026-09-01T18:00,16,0.00,62,22.00,75,1.50
2026-09-01T18:10,10,0.00,92,21.70,76,1.80
2026-09-01T18:20,23,0.00,93,21.80,74,2.00
2026-09-01T18:30,26,0.00,56,21.60,75,1.50
2026-09-01T18:40,18,0.00,46,21.20,81,1.40
2026-09-01T18:50,13,0.00,40,20.80,79,1.90
2026-09-01T19:00,18,0.00,29,20.50,80,1.90
2026-09-01T19:10,23,0.00,24,20.40,80,2.00
2026-09-01T19:20,7,0.00,18,19.80,84,1.20
2026-09-01T19:30,21,0.00,14,19.50,84,2.00
2026-09-01T19:40,14,0.00,9,19.40,83,1.80
2026-09-01T19:50,14,0.00,6,19.30,82,2.30
2026-09-01T20:00,3,0.00,0,19.20,82,1.40
2026-09-01T20:10,13,0.00,0,18.80,82,1.50
2026-09-01T20:20,16,0.00,0,18.60,84,1.90
2026-09-01T20:30,9,0.00,0,18.50,83,1.80
2026-09-01T20:40,13,0.00,0,17.90,86,2.00
2026-09-01T20:50,15,0.00,0,18.20,84,1.70
2026-09-01T21:00,17,0.00,0,18.50,80,2.20
2026-09-01T21:10,15,0.00,0,18.10,83,1.70
2026-09-01T21:20,14,0.00,0,17.90,83,2.00
2026-09-01T21:30,2,0.00,0,17.80,83,1.50
2026-09-01T21:40,13,0.00,0,18.10,81,2.00
2026-09-01T21:50,357,0.00,0,18.00,81,1.20
2026-09-01T22:00,7,0.00,0,18.30,78,2.40
2026-09-01T22:10,8,0.00,0,18.10,79,1.60
2026-09-01T22:20,26,0.00,0,18.30,77,2.00
2026-09-01T22:30,348,0.00,0,17.80,80,1.60
2026-09-01T22:40,358,0.00,0,18.60,74,1.60
2026-09-01T22:50,358,0.00,0,18.20,76,1.50
2026-09-01T23:00,20,0.00,0,18.50,74,2.60
2026-09-01T23:10,18,0.00,0,18.10,76,2.30
2026-09-01T23:20,2,0.00,0,17.50,79,1.80
2026-09-01T23:30,345,0.00,0,17.40,80,2.00
2026-09-01T23:40,3,0.00,0,17.20,80,1.50
2026-09-01T23:50,31,0.00,0,16.90,84,1.40
2026-09-02T00:00,9,0.00,0,16.30,86,1.60
2026-09-02T00:10,11,0.00,0,16.30,86,1.10
2026-09-02T00:20,4,0.00,0,15.70,90,1.40
2026-09-02T00:30,16,0.00,0,15.50,91,1.60
2026-09-02T00:40,13,0.00,0,15.70,90,1.90
2026-09-02T00:50,13,0.00,0,15.80,88,1.40
2026-09-02T01:00,24,0.00,0,15.80,88,0.80
2026-09-02T01:10,341,0.00,0,15.40,91,0.70
2026-09-02T01:20,9,0.00,0,15.60,90,1.20
2026-09-02T01:30,15,0.00,0,15.40,90,1.40
2026-09-02T01:40,17,0.00,0,15.40,88,1.30
2026-09-02T01:50,3,0.00,0,14.80,93,1.40
2026-09-02T02:00,13,0.00,0,14.70,93,2.00
2026-09-02T02:10,15,0.00,0,14.90,92,1.90
2026-09-02T02:20,12,0.00,0,14.90,91,1.70
2026-09-02T02:30,15,0.00,0,15.10,89,1.10
2026-09-02T02:40,5,0.00,0,14.70,92,1.50
2026-09-02T02:50,19,0.00,0,15.20,89,2.00
2026-09-02T03:00,13,0.00,0,14.90,90,1.60
2026-09-02T03:10,16,0.00,0,15.40,88,2.10
2026-09-02T03:20,14,0.00,0,14.90,89,1.80
2026-09-02T03:30,20,0.00,0,15.30,87,1.80
2026-09-02T03:40,11,0.00,0,15.20,85,1.90
2026-09-02T03:50,7,0.00,0,15.60,83,1.70
2026-09-02T04:00,10,0.00,0,15.90,79,1.80
2026-09-02T04:10,17,0.00,0,15.80,81,1.70
2026-09-02T04:20,24,0.00,0,15.90,79,1.80
2026-09-02T04:30,5,0.00,0,15.70,80,1.30
2026-09-02T04:40,358,0.00,0,15.10,85,1.20
2026-09-02T04:50,355,0.00,0,14.90,86,1.50
2026-09-02T05:00,349,0.00,0,14.80,87,1.60
2026-09-02T05:10,4,0.00,0,14.70,87,1.40
2026-09-02T05:20,1,0.00,0,14.90,86,1.40
2026-09-02T05:30,359,0.00,0,14.30,91,1.20
2026-09-02T05:40,353,0.00,0,14.10,92,1.20
2026-09-02T05:50,15,0.00,0,14.60,89,1.70
2026-09-02T06:00,354,0.00,0,14.20,91,1.40
2026-09-02T06:10,1,0.00,0,15.00,86,1.60
2026-09-02T06:20,14,0.00,0,15.10,84,1.70
2026-09-02T06:30,13,0.00,0,15.10,84,1.60
2026-09-02T06:40,356,0.00,0,15.10,83,1.20
2026-09-02T06:50,6,0.00,9,15.70,81,1.50
2026-09-02T07:00,14,0.00,16,15.70,80,1.80
2026-09-02T07:10,2,0.00,26,15.90,78,1.70
2026-09-02T07:20,4,0.00,38,16.70,74,2.40
2026-09-02T07:30,358,0.00,38,17.20,71,1.60
2026-09-02T07:40,356,0.00,44,17.20,71,2.00
2026-09-02T07:50,7,0.00,49,17.00,72,2.10
2026-09-02T08:00,18,0.00,47,16.70,75,2.20
2026-09-02T08:10,21,0.00,49,17.00,74,2.80
2026-09-02T08:20,12,0.00,61,16.30,80,1.50
2026-09-02T08:30,21,0.00,76,16.40,78,2.10
2026-09-02T08:40,19,0.00,74,16.80,76,2.40
2026-09-02T08:50,25,0.00,79,16.80,77,1.90
2026-09-02T09:00,15,0.00,86,16.50,81,1.50
2026-09-02T09:10,17,0.00,83,16.80,79,2.40
2026-09-02T09:20,23,0.00,190,16.90,80,2.80
2026-09-02T09:30,40,0.00,420,17.70,79,2.70
2026-09-02T09:40,20,0.00,458,17.50,80,2.00
2026-09-02T09:50,19,0.00,526,17.90,83,1.70
2026-09-02T10:00,11,0.00,420,18.70,83,1.50
2026-09-02T10:10,359,0.00,615,19.70,76,0.90
2026-09-02T10:20,353,0.00,559,20.80,69,0.70
2026-09-02T10:30,,0.00,347,21.20,67,0.00
2026-09-02T10:40,186,0.00,539,21.50,66,0.80
2026-09-02T10:50,188,0.00,364,21.60,67,0.80
2026-09-02T11:00,90,0.00,351,21.70,67,0.40
2026-09-02T11:10,106,0.00,238,22.10,68,0.80
2026-09-02T11:20,159,0.00,770,22.80,66,0.50
2026-09-02T11:30,175,0.00,787,23.10,67,0.40
2026-09-02T11:40,183,0.00,781,23.30,63,0.90
2026-09-02T11:50,319,0.00,813,23.20,63,0.50
2026-09-02T12:00,180,0.00,258,23.60,63,1.30
2026-09-02T12:10,201,0.00,331,23.30,64,1.40
2026-09-02T12:20,214,0.00,833,23.80,63,1.50
2026-09-02T12:30,200,0.00,850,24.90,61,2.30
2026-09-02T12:40,194,0.00,883,25.10,55,2.30
2026-09-02T12:50,193,0.00,899,25.60,56,2.00
2026-09-02T13:00,205,0.00,577,24.80,59,2.40
2026-09-02T13:10,206,0.00,830,25.20,56,2.00
2026-09-02T13:20,196,0.00,843,25.80,58,2.00
2026-09-02T13:30,193,0.00,848,25.60,56,2.70
2026-09-02T13:40,196,0.00,890,25.70,56,1.60
2026-09-02T13:50,172,0.00,849,25.80,56,2.40
2026-09-02T14:00,173,0.00,688,26.20,53,1.90
2026-09-02T14:10,181,0.00,905,26.60,53,2.10
2026-09-02T14:20,189,0.00,858,26.70,53,2.30
2026-09-02T14:30,170,0.00,863,26.70,50,2.60
2026-09-02T14:40,171,0.00,870,27.00,50,2.30
2026-09-02T14:50,177,0.00,820,27.30,51,1.80
2026-09-02T15:00,187,0.00,788,27.90,48,1.60
2026-09-02T15:10,148,0.00,824,27.20,50,1.80
2026-09-02T15:20,175,0.00,787,27.80,50,2.00
2026-09-02T15:30,165,0.00,744,27.20,49,2.00
2026-09-02T15:40,179,0.00,443,27.30,50,2.40
2026-09-02T15:50,192,0.00,195,26.70,50,2.70
2026-09-02T16:00,181,0.00,131,25.40,54,1.70
2026-09-02T16:10,302,0.40,134,22.70,82,0.40
2026-09-02T16:20,357,0.60,152,20.90,94,1.90
2026-09-02T16:30,338,0.60,89,20.40,93,1.40
2026-09-02T16:40,5,0.00,79,19.80,96,1.40
2026-09-02T16:50,15,0.00,96,19.40,95,1.60
2026-09-02T17:00,8,0.20,82,19.20,96,1.40
2026-09-02T17:10,314,0.00,70,18.80,96,0.40
2026-09-02T17:20,356,0.00,71,18.50,98,1.50
2026-09-02T17:30,358,0.00,69,18.30,97,1.40
2026-09-02T17:40,357,0.00,56,18.10,97,1.30
2026-09-02T17:50,354,0.00,47,18.10,96,1.30
2026-09-02T18:00,2,0.00,45,17.90,97,1.40
2026-09-02T18:10,1,0.00,42,17.80,97,1.40
2026-09-02T18:20,359,0.00,41,17.90,98,1.20
2026-09-02T18:30,349,0.00,37,17.70,98,0.80
2026-09-02T18:40,2,0.00,37,17.70,98,1.60
2026-09-02T18:50,351,0.00,31,17.60,99,1.20
2026-09-02T19:00,16,0.00,28,17.50,98,1.30
2026-09-02T19:10,349,0.00,21,17.50,98,1.10
2026-09-02T19:20,3,0.00,18,17.30,99,1.60
2026-09-02T19:30,3,0.00,14,17.20,99,1.30
2026-09-02T19:40,14,0.00,11,17.00,99,1.30
2026-09-02T19:50,7,0.00,6,16.80,99,1.30
2026-09-02T20:00,9,0.00,0,16.80,99,1.40
2026-09-02T20:10,9,0.00,0,16.60,99,1.60
2026-09-02T20:20,7,0.00,0,16.70,98,1.60
2026-09-02T20:30,5,0.00,0,16.80,96,1.30
2026-09-02T20:40,4,0.00,0,16.60,97,1.00
2026-09-02T20:50,10,0.00,0,16.40,98,0.90
2026-09-02T21:00,23,0.00,0,16.30,97,1.20
2026-09-02T21:10,14,0.00,0,16.00,99,1.30
2026-09-02T21:20,4,0.00,0,15.90,99,1.60
2026-09-02T21:30,13,0.00,0,16.10,98,1.40
2026-09-02T21:40,13,0.00,0,16.00,98,0.60
2026-09-02T21:50,4,0.00,0,15.80,99,1.40
2026-09-02T22:00,11,0.00,0,15.60,99,1.30
2026-09-02T22:10,11,0.00,0,15.40,99,1.50
2026-09-02T22:20,11,0.00,0,15.60,99,2.00
2026-09-02T22:30,13,0.00,0,15.70,97,1.80
2026-09-02T22:40,6,0.00,0,15.50,98,1.40
2026-09-02T22:50,359,0.00,0,15.30,98,1.40
2026-09-02T23:00,344,0.00,0,15.30,98,1.40
2026-09-02T23:10,348,0.00,0,15.30,96,1.60
2026-09-02T23:20,357,0.00,0,15.60,94,1.50
2026-09-02T23:30,351,0.00,0,15.40,95,1.40
2026-09-02T23:40,348,0.00,0,15.40,95,1.40
2026-09-02T23:50,346,0.00,0,15.20,95,1.30
2026-09-03T00:00,359,0.00,0,15.10,94,1.30
2026-09-03T00:10,345,0.00,0,15.50,90,1.40
2026-09-03T00:20,337,0.00,0,15.10,93,1.40
2026-09-03T00:30,349,0.00,0,15.00,93,1.30
2026-09-03T00:40,350,0.00,0,15.10,90,1.50
2026-09-03T00:50,342,0.00,0,15.20,91,1.20
2026-09-03T01:00,350,0.00,0,15.50,89,1.00
2026-09-03T01:10,347,0.00,0,14.70,92,1.60
2026-09-03T01:20,356,0.00,0,15.40,89,1.80
2026-09-03T01:30,345,0.00,0,14.80,91,1.40
2026-09-03T01:40,345,0.00,0,14.80,90,1.50
2026-09-03T01:50,346,0.00,0,14.70,91,1.60
2026-09-03T02:00,343,0.00,0,14.80,89,1.50
2026-09-03T02:10,344,0.00,0,14.80,85,1.00
2026-09-03T02:20,343,0.00,0,14.90,88,1.40
2026-09-03T02:30,350,0.00,0,14.80,87,1.80
2026-09-03T02:40,344,0.00,0,14.80,85,1.70
2026-09-03T02:50,352,0.00,0,15.20,84,1.30
2026-09-03T03:00,332,0.00,0,14.80,87,1.00
2026-09-03T03:10,343,0.00,0,14.60,85,1.20
2026-09-03T03:20,350,0.00,0,14.50,86,1.40
2026-09-03T03:30,353,0.00,0,14.60,86,1.30
2026-09-03T03:40,345,0.00,0,14.60,87,1.30
2026-09-03T03:50,338,0.00,0,14.50,84,1.40
2026-09-03T04:00,358,0.00,0,14.70,84,1.50
2026-09-03T04:10,329,0.00,0,15.00,80,0.90
2026-09-03T04:20,,0.00,0,15.10,83,0.00
2026-09-03T04:30,343,0.00,0,15.00,79,0.50
2026-09-03T04:40,359,0.00,0,14.20,88,0.80
2026-09-03T04:50,339,0.00,0,14.10,85,1.10
2026-09-03T05:00,2,0.00,0,14.00,87,1.10
2026-09-03T05:10,348,0.00,0,13.50,91,1.60
2026-09-03T05:20,347,0.00,0,14.20,84,1.20
2026-09-03T05:30,350,0.00,0,14.20,83,1.00
2026-09-03T05:40,338,0.00,0,14.00,84,0.90
2026-09-03T05:50,329,0.00,0,13.90,86,0.50
2026-09-03T06:00,330,0.00,0,13.90,84,0.70
2026-09-03T06:10,348,0.00,0,13.50,87,1.20
2026-09-03T06:20,354,0.00,0,13.70,82,0.70
2026-09-03T06:30,338,0.00,0,13.80,82,0.50
2026-09-03T06:40,330,0.00,0,13.60,83,0.80
2026-09-03T06:50,354,0.00,7,13.80,83,0.60
2026-09-03T07:00,338,0.00,11,13.70,82,0.70
2026-09-03T07:10,347,0.00,14,13.50,83,0.70
2026-09-03T07:20,1,0.00,17,13.90,82,0.50
2026-09-03T07:30,353,0.00,20,13.50,84,1.00
2026-09-03T07:40,356,0.00,23,13.20,89,1.00
2026-09-03T07:50,344,0.00,26,13.20,90,1.50
2026-09-03T08:00,347,0.00,28,13.50,87,1.70
2026-09-03T08:10,352,0.00,30,13.80,83,1.50
2026-09-03T08:20,4,0.00,32,14.00,83,1.40
2026-09-03T08:30,24,0.00,35,15.00,75,2.30
2026-09-03T08:40,14,0.00,38,15.20,73,2.30
2026-09-03T08:50,20,0.00,41,15.70,70,3.40
2026-09-03T09:00,26,0.00,44,15.80,70,2.80
2026-09-03T09:10,30,0.00,48,16.00,69,3.30
2026-09-03T09:20,26,0.00,161,16.10,71,3.10
2026-09-03T09:30,29,0.00,460,16.60,73,3.60
2026-09-03T09:40,27,0.00,484,16.60,74,2.10
2026-09-03T09:50,29,0.00,508,17.30,77,2.30
2026-09-03T10:00,42,0.00,570,18.70,74,1.10
2026-09-03T10:10,67,0.00,538,20.20,66,0.60
2026-09-03T10:20,80,0.00,576,20.00,71,0.40
2026-09-03T10:30,10,0.00,617,20.20,61,1.10
2026-09-03T10:40,48,0.00,634,21.70,59,0.70
2026-09-03T10:50,67,0.00,651,21.90,60,0.60
2026-09-03T11:00,83,0.00,668,23.10,54,0.40
2026-09-03T11:10,209,0.00,694,23.00,50,0.50
2026-09-03T11:20,184,0.00,712,23.30,53,1.20
2026-09-03T11:30,175,0.00,730,23.70,57,1.40
2026-09-03T11:40,182,0.00,747,23.90,55,1.20
2026-09-03T11:50,171,0.00,760,24.80,57,0.70
2026-09-03T12:00,201,0.00,776,24.60,56,1.70
2026-09-03T12:10,193,0.00,773,24.70,56,1.60
2026-09-03T12:20,192,0.00,805,25.50,57,1.30
2026-09-03T12:30,230,0.00,816,25.60,58,1.50
2026-09-03T12:40,201,0.00,806,26.10,56,2.00
2026-09-03T12:50,196,0.00,838,26.10,56,2.20
2026-09-03T13:00,189,0.00,832,26.20,53,2.80
2026-09-03T13:10,167,0.00,838,26.80,52,1.90
2026-09-03T13:20,194,0.00,846,26.40,51,2.20
2026-09-03T13:30,187,0.00,850,27.00,54,2.40
2026-09-03T13:40,182,0.00,839,26.50,52,2.50
2026-09-03T13:50,182,0.00,862,27.40,51,1.10
2026-09-03T14:00,207,0.00,868,27.10,50,1.80
2026-09-03T14:10,168,0.00,847,27.30,54,1.80
2026-09-03T14:20,206,0.00,859,27.20,52,1.60
2026-09-03T14:30,143,0.00,199,27.00,48,2.00
2026-09-03T14:40,192,0.00,808,27.40,50,2.20
2026-09-03T14:50,172,0.00,792,27.90,47,1.90
2026-09-03T15:00,171,0.00,769,27.60,49,2.40
2026-09-03T15:10,153,0.00,763,27.80,49,2.20
2026-09-03T15:20,175,0.00,802,28.20,50,2.10
2026-09-03T15:30,179,0.00,666,28.30,48,2.10
2026-09-03T15:40,186,0.00,591,27.70,49,1.70
2026-09-03T15:50,166,0.00,701,27.60,51,1.50
2026-09-03T16:00,183,0.00,376,27.70,49,2.10
2026-09-03T16:10,194,0.00,592,27.80,51,2.70
2026-09-03T16:20,190,0.00,585,27.70,49,2.60
2026-09-03T16:30,205,0.00,563,27.70,53,2.30
2026-09-03T16:40,190,0.00,524,27.50,49,1.70
2026-09-03T16:50,188,0.00,494,27.90,49,1.40
2026-09-03T17:00,185,0.00,493,28.20,47,1.80
2026-09-03T17:10,172,0.00,432,27.80,48,1.30
2026-09-03T17:20,190,0.00,411,26.60,57,0.60
2026-09-03T17:30,305,0.00,120,25.60,63,0.80
2026-09-03T17:40,23,0.00,116,23.90,66,1.60
2026-09-03T17:50,22,0.00,130,23.30,69,1.80
2026-09-03T18:00,20,0.00,106,22.90,71,2.20
2026-09-03T18:10,20,0.00,87,22.50,74,2.20
2026-09-03T18:20,24,0.00,89,22.30,75,2.00
2026-09-03T18:30,19,0.00,76,22.00,74,2.00
2026-09-03T18:40,23,0.00,67,21.90,74,2.00
2026-09-03T18:50,18,0.00,64,21.80,75,2.20
2026-09-03T19:00,14,0.00,46,21.40,77,2.00
2026-09-03T19:10,16,0.00,34,21.40,75,2.30
2026-09-03T19:20,12,0.00,27,21.10,77,1.50
2026-09-03T19:30,23,0.00,17,20.70,77,1.70
2026-09-03T19:40,5,0.00,10,20.70,78,1.90
2026-09-03T19:50,18,0.00,7,20.70,78,1.80
2026-09-03T20:00,15,0.00,8,20.60,77,1.60
2026-09-03T20:10,,0.00,0,20.20,77,
2026-09-03T20:20,4,0.00,0,19.70,82,1.30
2026-09-03T20:30,1,0.00,0,19.00,85,1.50
2026-09-03T20:40,9,0.00,0,18.90,85,1.30
2026-09-03T20:50,,0.00,0,18.20,89,
2026-09-03T21:00,12,0.00,0,18.80,86,2.00
2026-09-03T21:10,18,0.00,0,18.50,87,1.80
2026-09-03T21:20,18,0.00,0,18.30,87,1.80
2026-09-03T21:30,13,0.00,0,18.10,87,1.80
2026-09-03T21:40,23,0.00,0,17.90,88,1.30
2026-09-03T21:50,13,0.00,0,17.50,90,1.70
2026-09-03T22:00,7,0.00,0,18.00,87,1.70
2026-09-03T22:10,5,0.00,0,17.70,87,1.30
2026-09-03T22:20,8,0.00,0,17.70,87,1.30
2026-09-03T22:30,12,0.00,0,17.90,86,1.40
2026-09-03T22:40,5,0.00,0,16.90,90,1.30
2026-09-03T22:50,6,0.00,0,17.10,88,1.20
2026-09-03T23:00,7,0.00,0,17.10,88,1.20
2026-09-03T23:10,14,0.00,0,17.20,86,1.00
2026-09-03T23:20,7,0.00,0,16.60,89,0.80
2026-09-03T23:30,358,0.00,0,16.50,90,1.40
2026-09-03T23:40,12,0.00,0,16.20,90,2.00
2026-09-03T23:50,5,0.00,0,16.30,88,1.80
2026-09-04T00:00,13,0.00,0,16.60,83,2.20
2026-09-04T00:10,18,0.00,0,16.60,83,1.80
2026-09-04T00:20,0,0.00,0,16.20,87,1.50
2026-09-04T00:30,4,0.00,0,16.10,84,1.50
2026-09-04T00:40,13,0.00,0,16.50,82,1.60
2026-09-04T00:50,9,0.00,0,16.40,80,1.50
2026-09-04T01:00,6,0.00,0,16.10,85,1.60
2026-09-04T01:10,7,0.00,0,16.00,82,1.60
2026-09-04T01:20,359,0.00,0,16.50,79,1.50
2026-09-04T01:30,357,0.00,0,16.30,81,1.30
2026-09-04T01:40,1,0.00,0,16.50,76,1.70
2026-09-04T01:50,7,0.00,0,16.30,80,1.40
2026-09-04T02:00,355,0.00,0,16.00,83,1.30
2026-09-04T02:10,1,0.00,0,16.20,79,1.10
2026-09-04T02:20,6,0.00,0,16.10,77,0.40
2026-09-04T02:30,12,0.00,0,15.60,80,1.40
2026-09-04T02:40,16,0.00,0,14.90,88,1.20
2026-09-04T02:50,9,0.00,0,15.10,84,1.70
2026-09-04T03:00,12,0.00,0,15.30,81,1.80
2026-09-04T03:10,16,0.00,0,15.30,80,1.80
2026-09-04T03:20,11,0.00,0,15.30,80,1.70
2026-09-04T03:30,4,0.00,0,15.00,84,1.40
2026-09-04T03:40,15,0.00,0,15.60,78,2.00
2026-09-04T03:50,12,0.00,0,15.50,77,1.50
2026-09-04T04:00,15,0.00,0,15.40,80,1.70
2026-09-04T04:10,8,0.00,0,14.90,82,1.50
2026-09-04T04:20,7,0.00,0,14.80,81,1.10
2026-09-04T04:30,14,0.00,0,14.40,83,1.80
2026-09-04T04:40,8,0.00,0,13.90,90,1.90
2026-09-04T04:50,11,0.00,0,15.40,76,1.60
2026-09-04T05:00,7,0.00,0,15.00,80,1.30
2026-09-04T05:10,,0.00,0,14.90,81,0.00
2026-09-04T05:20,11,0.00,0,14.20,85,1.40
2026-09-04T05:30,20,0.00,0,14.40,82,1.90
2026-09-04T05:40,21,0.00,0,14.40,84,1.90
2026-09-04T05:50,11,0.00,0,14.10,85,1.60
2026-09-04T06:00,13,0.00,0,15.40,75,2.00
2026-09-04T06:10,6,0.00,0,14.50,83,1.60
2026-09-04T06:20,356,0.00,0,15.00,76,1.80
2026-09-04T06:30,15,0.00,0,14.80,80,1.70
2026-09-04T06:40,346,0.00,0,14.60,80,1.50
2026-09-04T06:50,350,0.00,6,14.70,79,1.10
2026-09-04T07:00,0,0.00,8,14.50,80,1.20
2026-09-04T07:10,353,0.00,12,14.10,84,1.70
2026-09-04T07:20,350,0.00,16,14.40,81,1.50
2026-09-04T07:30,8,0.00,19,14.10,85,1.40
2026-09-04T07:40,359,0.00,21,13.90,84,1.20
2026-09-04T07:50,355,0.00,24,14.20,86,1.40
2026-09-04T08:00,348,0.00,25,13.90,87,1.90
2026-09-04T08:10,9,0.00,27,14.70,83,1.70
2026-09-04T08:20,346,0.00,29,14.40,84,1.50
2026-09-04T08:30,10,0.00,31,15.00,80,1.60
2026-09-04T08:40,14,0.00,32,15.60,73,2.10
2026-09-04T08:50,20,0.00,35,16.20,71,2.50
2026-09-04T09:00,26,0.00,37,16.40,70,2.50
2026-09-04T09:10,25,0.00,39,16.50,70,2.80
2026-09-04T09:20,27,0.00,278,16.80,68,3.40
2026-09-04T09:30,30,0.00,467,17.50,67,3.20
2026-09-04T09:40,30,0.00,493,18.10,66,2.40
2026-09-04T09:50,12,0.00,519,18.20,68,1.00
2026-09-04T10:00,21,0.00,547,18.50,70,1.60
2026-09-04T10:10,18,0.00,570,19.90,64,1.50
2026-09-04T10:20,43,0.00,591,20.30,66,0.80
2026-09-04T10:30,26,0.00,616,20.70,55,1.50
2026-09-04T10:40,19,0.00,635,21.70,50,1.60
2026-09-04T10:50,26,0.00,660,22.80,53,1.10
2026-09-04T11:00,74,0.00,673,24.50,53,0.40
2026-09-04T11:10,173,0.00,690,24.50,49,0.50
2026-09-04T11:20,148,0.00,708,24.90,49,0.50
2026-09-04T11:30,165,0.00,723,25.80,50,0.80
2026-09-04T11:40,171,0.00,738,25.50,51,0.80
2026-09-04T11:50,170,0.00,751,25.60,50,1.10
2026-09-04T12:00,172,0.00,762,25.70,54,1.20
2026-09-04T12:10,170,0.00,774,26.50,52,1.00
2026-09-04T12:20,185,0.00,778,26.40,52,1.20
2026-09-04T12:30,175,0.00,789,27.10,51,0.60
2026-09-04T12:40,184,0.00,794,27.60,50,0.80
2026-09-04T12:50,195,0.00,801,27.90,49,2.30
2026-09-04T13:00,205,0.00,799,28.10,51,1.80
2026-09-04T13:10,212,0.00,799,28.30,48,2.00
2026-09-04T13:20,199,0.00,802,28.40,48,2.60
2026-09-04T13:30,204,0.00,798,28.40,47,2.50
2026-09-04T13:40,190,0.00,793,28.50,48,2.20
2026-09-04T13:50,195,0.00,784,29.10,46,2.10
2026-09-04T14:00,152,0.00,783,28.90,43,1.80
2026-09-04T14:10,188,0.00,778,29.10,46,1.10
2026-09-04T14:20,156,0.00,757,29.80,48,1.60
2026-09-04T14:30,215,0.00,754,29.10,46,2.80
2026-09-04T14:40,207,0.00,744,29.90,46,2.40
2026-09-04T14:50,171,0.00,724,29.70,46,2.10
2026-09-04T15:00,180,0.00,712,29.30,46,2.50
2026-09-04T15:10,125,0.00,689,29.70,45,2.30
2026-09-04T15:20,169,0.00,671,30.10,44,1.50
2026-09-04T15:30,210,0.00,645,29.70,45,2.50
2026-09-04T15:40,180,0.00,630,29.20,43,3.60
2026-09-04T15:50,151,0.00,611,29.40,43,1.90
2026-09-04T16:00,165,0.00,590,29.40,42,3.00
2026-09-04T16:10,164,0.00,571,29.50,41,2.80
2026-09-04T16:20,166,0.00,539,30.20,41,1.40
2026-09-04T16:30,189,0.00,508,29.40,41,1.40
2026-09-04T16:40,177,0.00,489,29.30,41,1.60
2026-09-04T16:50,165,0.00,462,29.50,42,1.80
2026-09-04T17:00,192,0.00,435,29.50,44,1.70
2026-09-04T17:10,186,0.00,407,29.30,45,1.50
2026-09-04T17:20,171,0.00,381,29.20,40,2.30
2026-09-04T17:30,164,0.00,352,29.00,44,2.80
2026-09-04T17:40,168,0.00,319,28.60,42,3.50
2026-09-04T17:50,185,0.00,282,28.40,43,1.90
2026-09-04T18:00,212,0.00,247,26.60,55,1.00
2026-09-04T18:10,355,0.00,44,24.20,61,1.20
2026-09-04T18:20,358,0.00,39,23.20,64,1.60
2026-09-04T18:30,26,0.00,34,22.80,66,1.70
2026-09-04T18:40,20,0.00,30,22.50,66,1.90
2026-09-04T18:50,17,0.00,26,22.00,67,1.90
2026-09-04T19:00,16,0.00,22,21.80,69,2.20
2026-09-04T19:10,18,0.00,19,21.70,69,2.40
2026-09-04T19:20,22,0.00,15,21.90,66,2.90
2026-09-04T19:30,21,0.00,11,21.50,68,2.50
2026-09-04T19:40,12,0.00,8,21.30,67,2.70
2026-09-04T19:50,15,0.00,5,21.10,68,3.10
2026-09-04T20:00,29,0.00,0,21.20,67,2.60
2026-09-04T20:10,32,0.00,0,21.30,67,2.80
2026-09-04T20:20,11,0.00,0,20.90,67,2.10
2026-09-04T20:30,18,0.00,0,20.80,67,2.00
2026-09-04T20:40,24,0.00,0,20.70,67,2.00
2026-09-04T20:50,28,0.00,0,20.70,66,2.40
2026-09-04T21:00,17,0.00,0,20.70,65,2.10
2026-09-04T21:10,19,0.00,0,20.30,65,2.20
2026-09-04T21:20,20,0.00,0,20.60,61,2.60
2026-09-04T21:30,7,0.00,0,19.90,64,2.00
2026-09-04T21:40,26,0.00,0,20.30,60,2.40
2026-09-04T21:50,34,0.00,0,20.40,58,1.90
2026-09-04T22:00,12,0.00,0,20.40,58,2.40
2026-09-04T22:10,15,0.00,0,20.10,57,2.10
2026-09-04T22:20,20,0.00,0,20.10,56,2.90
2026-09-04T22:30,21,0.00,0,20.20,57,2.60
2026-09-04T22:40,23,0.00,0,19.80,58,1.70
2026-09-04T22:50,24,0.00,0,19.70,59,2.00
2026-09-04T23:00,348,0.00,0,20.00,58,1.50
2026-09-04T23:10,19,0.00,0,20.70,54,2.70
2026-09-04T23:20,18,0.00,0,20.60,55,1.60
2026-09-04T23:30,14,0.00,0,20.60,55,1.90
2026-09-04T23:40,7,0.00,0,20.40,55,1.40
2026-09-04T23:50,353,0.00,0,19.80,58,1.90
2026-09-05T00:00,25,0.00,0,20.20,56,1.30
2026-09-05T00:10,25,0.00,0,20.10,56,2.30
2026-09-05T00:20,22,0.00,0,20.20,56,2.70
2026-09-05T00:30,352,0.00,0,19.60,62,1.50
2026-09-05T00:40,15,0.00,0,18.60,63,1.90
2026-09-05T00:50,4,0.00,0,18.50,65,1.60
2026-09-05T01:00,6,0.00,0,19.60,58,2.10
2026-09-05T01:10,25,0.00,0,19.90,57,2.20
2026-09-05T01:20,7,0.00,0,19.20,60,1.90
2026-09-05T01:30,1,0.00,0,18.50,63,1.70
2026-09-05T01:40,15,0.00,0,18.70,63,1.80
2026-09-05T01:50,12,0.00,0,18.70,63,1.50
2026-09-05T02:00,348,0.00,0,18.10,65,1.20
2026-09-05T02:10,341,0.00,0,17.80,67,0.70
2026-09-05T02:20,,0.00,0,17.60,67,0.00
2026-09-05T02:30,,0.00,0,17.00,74,0.00
2026-09-05T02:40,358,0.00,0,16.80,72,0.80
2026-09-05T02:50,,0.00,0,16.90,70,0.00
2026-09-05T03:00,16,0.00,0,16.40,75,0.70
2026-09-05T03:10,5,0.00,0,16.20,77,1.50
2026-09-05T03:20,356,0.00,0,16.40,74,0.60
2026-09-05T03:30,359,0.00,0,16.40,77,0.70
2026-09-05T03:40,357,0.00,0,16.60,72,0.80
2026-09-05T03:50,354,0.00,0,16.20,76,0.50
2026-09-05T04:00,,0.00,0,16.50,74,0.00
2026-09-05T04:10,341,0.00,0,16.20,75,0.80
2026-09-05T04:20,4,0.00,0,16.40,72,0.60
2026-09-05T04:30,,0.00,0,16.20,75,0.00
2026-09-05T04:40,,0.00,0,16.00,75,0.00
2026-09-05T04:50,,0.00,0,15.80,77,0.00
2026-09-05T05:00,7,0.00,0,15.50,81,1.30
2026-09-05T05:10,11,0.00,0,15.40,80,1.50
2026-09-05T05:20,18,0.00,0,15.30,83,1.70
2026-09-05T05:30,11,0.00,0,15.20,83,1.70
2026-09-05T05:40,18,0.00,0,15.10,84,1.10
2026-09-05T05:50,18,0.00,0,15.10,82,2.20
2026-09-05T06:00,19,0.00,0,15.30,81,2.60
2026-09-05T06:10,17,0.00,0,15.30,82,1.40
2026-09-05T06:20,8,0.00,0,15.00,85,1.60
2026-09-05T06:30,17,0.00,0,15.30,85,1.70
2026-09-05T06:40,16,0.00,5,15.90,80,1.70
2026-09-05T06:50,20,0.00,8,15.20,83,0.70
2026-09-05T07:00,9,0.00,16,15.20,84,1.90
2026-09-05T07:10,17,0.00,19,14.90,87,1.70
2026-09-05T07:20,20,0.00,20,15.40,85,1.80
2026-09-05T07:30,23,0.00,19,16.10,79,2.20
2026-09-05T07:40,12,0.00,20,15.40,84,1.70
2026-09-05T07:50,21,0.00,25,15.40,86,1.70
2026-09-05T08:00,29,0.00,29,15.90,83,1.20
2026-09-05T08:10,14,0.00,34,15.60,84,1.60
2026-09-05T08:20,17,0.00,51,16.00,82,2.10
2026-09-05T08:30,21,0.00,53,16.90,78,2.60
2026-09-05T08:40,24,0.00,52,16.60,79,1.90
2026-09-05T08:50,23,0.00,68,17.50,73,2.60
2026-09-05T09:00,37,0.00,123,18.00,71,2.10
2026-09-05T09:10,27,0.00,160,17.90,72,2.30
2026-09-05T09:20,25,0.00,198,18.80,70,3.20
2026-09-05T09:30,27,0.00,167,19.30,70,3.00
2026-09-05T09:40,33,0.00,564,20.80,66,2.20
2026-09-05T09:50,178,0.00,269,21.20,67,0.50
2026-09-05T10:00,186,0.00,216,21.80,67,0.50
2026-09-05T10:10,19,0.00,404,21.30,65,0.70
2026-09-05T10:20,18,0.00,312,22.50,67,0.90
2026-09-05T10:30,193,0.00,303,22.60,58,1.00
2026-09-05T10:40,164,0.00,341,22.80,60,0.70
2026-09-05T10:50,,0.00,508,23.50,61,0.00
2026-09-05T11:00,,0.00,675,24.30,61,0.00
2026-09-05T11:10,184,0.00,330,24.10,58,1.20
2026-09-05T11:20,165,0.00,638,24.40,58,0.90
2026-09-05T11:30,179,0.00,544,24.60,60,1.20
2026-09-05T11:40,155,0.00,587,25.20,53,0.40
2026-09-05T11:50,197,0.00,543,25.80,50,1.00
2026-09-05T12:00,191,0.00,662,25.50,54,0.90
2026-09-05T12:10,157,0.00,639,26.30,50,0.90
2026-09-05T12:20,171,0.00,713,26.30,49,1.10
2026-09-05T12:30,217,0.00,755,26.10,50,1.20
2026-09-05T12:40,191,0.00,771,26.70,53,1.30
2026-09-05T12:50,184,0.00,742,26.90,48,1.20
2026-09-05T13:00,205,0.00,788,26.60,48,1.50
2026-09-05T13:10,203,0.00,799,27.50,50,1.20
2026-09-05T13:20,205,0.00,772,27.10,47,1.20
2026-09-05T13:30,185,0.00,747,27.60,49,1.20
2026-09-05T13:40,191,0.00,807,27.60,49,1.80
2026-09-05T13:50,190,0.00,858,28.10,47,1.90
2026-09-05T14:00,220,0.00,776,28.60,48,1.80
2026-09-05T14:10,221,0.00,757,28.40,45,2.60
2026-09-05T14:20,224,0.00,748,28.40,46,3.00
2026-09-05T14:30,214,0.00,762,29.10,47,2.60
2026-09-05T14:40,225,0.00,727,29.30,49,2.30
2026-09-05T14:50,200,0.00,696,30.00,46,2.00
2026-09-05T15:00,210,0.00,713,30.20,42,2.00
2026-09-05T15:10,192,0.00,277,29.40,45,1.90
2026-09-05T15:20,223,0.00,478,29.70,47,2.20
2026-09-05T15:30,207,0.00,686,29.80,45,2.40
2026-09-05T15:40,212,0.00,644,30.10,46,2.00
2026-09-05T15:50,208,0.00,619,29.80,47,2.40
2026-09-05T16:00,185,0.00,601,30.40,42,1.50
2026-09-05T16:10,213,0.00,603,29.80,45,2.20
2026-09-05T16:20,210,0.00,531,30.00,47,2.20
2026-09-05T16:30,213,0.00,514,29.50,51,1.70
2026-09-05T16:40,188,0.00,464,29.40,47,1.60
2026-09-05T16:50,187,0.00,409,29.00,44,2.60
2026-09-05T17:00,160,0.00,107,28.00,48,1.70
2026-09-05T17:10,152,0.00,67,26.50,57,1.60
2026-09-05T17:20,203,0.00,262,25.90,59,0.40
2026-09-05T17:30,359,0.00,294,25.30,66,0.80
2026-09-05T17:40,24,0.00,59,24.10,57,2.00
2026-09-05T17:50,20,0.00,53,23.40,60,1.90
2026-09-05T18:00,21,0.00,181,22.80,62,2.00
2026-09-05T18:10,15,0.00,58,22.70,60,1.80
2026-09-05T18:20,32,0.00,52,22.90,57,2.20
2026-09-05T18:30,6,0.00,44,22.70,58,1.70
2026-09-05T18:40,19,0.00,36,22.40,61,1.60
2026-09-05T18:50,17,0.00,30,22.60,56,2.60
2026-09-05T19:00,19,0.00,26,22.40,59,2.60
2026-09-05T19:10,8,0.00,22,22.10,61,1.60
2026-09-05T19:20,30,0.00,16,21.40,63,1.00
2026-09-05T19:30,348,0.00,12,20.50,67,1.00
2026-09-05T19:40,8,0.00,8,20.00,69,1.50
2026-09-05T19:50,18,0.00,0,20.30,71,2.20
2026-09-05T20:00,10,0.00,0,19.50,75,2.00
2026-09-05T20:10,20,0.00,0,20.40,66,2.30
2026-09-05T20:20,17,0.00,0,20.30,65,1.90
2026-09-05T20:30,6,0.00,0,20.40,66,1.50
2026-09-05T20:40,8,0.00,0,19.80,66,1.50
2026-09-05T20:50,5,0.00,0,20.20,68,1.40
2026-09-05T21:00,14,0.00,0,19.20,74,1.80
2026-09-05T21:10,9,0.00,0,20.00,65,1.80
2026-09-05T21:20,6,0.00,0,20.00,67,1.50
2026-09-05T21:30,348,0.00,0,19.60,68,1.60
2026-09-05T21:40,15,0.00,0,19.30,67,1.60
2026-09-05T21:50,19,0.00,0,19.40,65,1.50
2026-09-05T22:00,11,0.00,0,19.60,63,2.20
2026-09-05T22:10,10,0.00,0,19.50,64,1.00
2026-09-05T22:20,15,0.00,0,20.00,58,1.80
2026-09-05T22:30,4,0.00,0,19.50,60,1.60
2026-09-05T22:40,359,0.00,0,19.40,60,1.40
2026-09-05T22:50,357,0.00,0,19.30,63,1.40
2026-09-05T23:00,353,0.00,0,19.10,66,1.10
2026-09-05T23:10,349,0.00,0,18.60,69,1.20
2026-09-05T23:20,332,0.00,0,18.10,71,1.10
2026-09-05T23:30,354,0.00,0,18.40,70,0.90
2026-09-05T23:40,341,0.00,0,18.60,69,0.90
2026-09-05T23:50,342,0.00,0,18.50,65,1.00
2026-09-06T00:00,338,0.00,0,18.30,68,0.70
2026-09-06T00:10,339,0.00,0,18.30,68,0.40
2026-09-06T00:20,342,0.00,0,18.00,71,0.80
2026-09-06T00:30,335,0.00,0,18.10,70,0.90
2026-09-06T00:40,347,0.00,0,17.80,71,1.10
2026-09-06T00:50,340,0.00,0,17.30,75,1.30
2026-09-06T01:00,333,0.00,0,17.40,75,1.30
2026-09-06T01:10,335,0.00,0,17.50,74,1.50
2026-09-06T01:20,349,0.00,0,17.70,73,1.50
2026-09-06T01:30,358,0.00,0,18.10,73,1.40
2026-09-06T01:40,348,0.00,0,17.90,72,1.30
2026-09-06T01:50,340,0.00,0,17.90,71,1.40
2026-09-06T02:00,331,0.00,0,18.30,70,0.70
2026-09-06T02:10,332,0.00,0,17.90,70,0.40
2026-09-06T02:20,357,0.00,0,17.60,70,0.80
2026-09-06T02:30,359,0.00,0,17.50,71,1.00
2026-09-06T02:40,13,0.00,0,17.50,72,0.70
2026-09-06T02:50,5,0.00,0,17.20,73,0.60
2026-09-06T03:00,7,0.00,0,16.80,76,0.80
2026-09-06T03:10,353,0.00,0,16.90,76,0.90
2026-09-06T03:20,348,0.00,0,17.00,75,0.60
2026-09-06T03:30,4,0.00,0,16.50,78,0.90
2026-09-06T03:40,6,0.00,0,16.30,80,1.50
2026-09-06T03:50,337,0.00,0,16.80,73,0.90
2026-09-06T04:00,343,0.00,0,16.40,77,1.20
2026-09-06T04:10,344,0.00,0,16.00,79,1.70
2026-09-06T04:20,349,0.00,0,16.20,75,1.70
2026-09-06T04:30,345,0.00,0,16.10,77,1.70
2026-09-06T04:40,340,0.00,0,15.90,78,1.60
2026-09-06T04:50,340,0.00,0,16.40,74,1.00
2026-09-06T05:00,343,0.00,0,16.00,73,1.10
2026-09-06T05:10,3,0.00,0,16.10,77,0.80
2026-09-06T05:20,343,0.00,0,15.60,78,1.40
2026-09-06T05:30,1,0.00,0,16.20,75,0.90
2026-09-06T05:40,354,0.00,0,15.80,75,1.10
2026-09-06T05:50,332,0.00,0,15.80,74,0.70
2026-09-06T06:00,349,0.00,0,15.90,72,0.50
2026-09-06T06:10,8,0.00,0,15.70,77,1.30
2026-09-06T06:20,340,0.00,0,15.70,76,1.30
2026-09-06T06:30,336,0.00,0,15.50,76,1.20
2026-09-06T06:40,341,0.00,0,15.30,77,1.50
2026-09-06T06:50,346,0.00,6,15.30,75,1.10
2026-09-06T07:00,335,0.00,9,15.40,75,1.10
2026-09-06T07:10,340,0.00,13,15.30,75,1.30
2026-09-06T07:20,346,0.00,17,15.70,72,1.20
2026-09-06T07:30,323,0.00,20,16.50,67,0.70
2026-09-06T07:40,326,0.00,23,16.10,72,0.60
2026-09-06T07:50,335,0.00,25,15.70,75,1.50
2026-09-06T08:00,354,0.00,29,15.40,78,1.50
2026-09-06T08:10,358,0.00,34,15.70,76,1.70
2026-09-06T08:20,353,0.00,39,16.20,72,1.90
2026-09-06T08:30,1,0.00,44,16.20,72,1.50
2026-09-06T08:40,19,0.00,49,17.10,67,2.40
2026-09-06T08:50,23,0.00,56,17.30,66,2.60
2026-09-06T09:00,20,0.00,60,17.50,65,2.40
2026-09-06T09:10,24,0.00,65,17.60,67,2.90
2026-09-06T09:20,26,0.00,90,17.80,66,3.00
2026-09-06T09:30,30,0.00,422,18.20,67,3.10
2026-09-06T09:40,25,0.00,454,18.60,67,2.60
2026-09-06T09:50,22,0.00,497,18.80,69,1.10
2026-09-06T10:00,16,0.00,527,19.30,70,1.00
2026-09-06T10:10,14,0.00,556,20.00,61,1.50
2026-09-06T10:20,32,0.00,572,21.50,59,0.90
2026-09-06T10:30,4,0.00,595,21.40,57,1.10
2026-09-06T10:40,11,0.00,612,22.40,53,1.30
2026-09-06T10:50,0,0.00,624,23.00,53,0.70
2026-09-06T11:00,180,0.00,651,24.00,52,0.90
2026-09-06T11:10,173,0.00,670,24.70,49,1.00
2026-09-06T11:20,168,0.00,688,25.20,49,1.00
2026-09-06T11:30,165,0.00,701,25.10,50,1.10
2026-09-06T11:40,179,0.00,722,25.10,50,1.30
2026-09-06T11:50,123,0.00,738,26.00,53,0.80
2026-09-06T12:00,201,0.00,749,26.30,49,0.70
2026-09-06T12:10,197,0.00,772,26.70,46,1.70
2026-09-06T12:20,191,0.00,781,27.30,44,2.20
2026-09-06T12:30,182,0.00,792,27.20,45,2.30
2026-09-06T12:40,184,0.00,807,27.20,43,1.70
2026-09-06T12:50,182,0.00,840,27.60,43,2.10
2026-09-06T13:00,153,0.00,842,27.60,46,1.50
2026-09-06T13:10,178,0.00,888,27.90,44,2.50
2026-09-06T13:20,162,0.00,245,27.50,45,2.60
2026-09-06T13:30,136,0.00,267,27.30,45,2.90
2026-09-06T13:40,159,0.00,857,27.50,48,1.60
2026-09-06T13:50,173,0.00,884,28.00,46,1.70
2026-09-06T14:00,165,0.00,229,27.80,48,1.70
2026-09-06T14:10,153,0.00,840,27.80,49,1.90
2026-09-06T14:20,173,0.00,287,27.90,45,2.50
2026-09-06T14:30,163,0.00,821,28.20,45,2.30
2026-09-06T14:40,156,0.00,811,28.00,44,2.30
2026-09-06T14:50,188,0.00,771,28.50,45,2.40
2026-09-06T15:00,167,0.00,736,28.30,43,2.30
2026-09-06T15:10,177,0.00,725,28.70,43,2.10
2026-09-06T15:20,179,0.00,693,28.30,45,2.40
2026-09-06T15:30,189,0.00,673,28.70,45,2.20
2026-09-06T15:40,177,0.00,664,28.50,45,2.50
2026-09-06T15:50,176,0.00,630,28.80,46,1.80
2026-09-06T16:00,178,0.00,611,28.70,45,2.00
2026-09-06T16:10,176,0.00,586,29.10,46,2.20
2026-09-06T16:20,201,0.00,603,28.50,46,2.70
2026-09-06T16:30,193,0.00,549,28.50,48,2.20
2026-09-06T16:40,191,0.00,530,27.90,49,2.60
2026-09-06T16:50,184,0.00,494,28.00,47,3.00
2026-09-06T17:00,192,0.00,451,28.30,48,2.40
2026-09-06T17:10,186,0.00,418,27.90,50,2.30
2026-09-06T17:20,185,0.00,367,27.70,48,1.90
2026-09-06T17:30,174,0.00,337,27.80,50,1.70
2026-09-06T17:40,194,0.00,289,27.20,53,1.70
2026-09-06T17:50,199,0.00,188,26.50,57,1.30
2026-09-06T18:00,236,0.00,64,25.40,59,0.90
2026-09-06T18:10,18,0.00,66,23.60,68,1.60
2026-09-06T18:20,27,0.00,71,23.10,70,1.80
2026-09-06T18:30,14,0.00,60,22.80,71,1.70
2026-09-06T18:40,15,0.00,46,22.40,73,1.60
2026-09-06T18:50,14,0.00,31,22.20,73,2.00
2026-09-06T19:00,24,0.00,24,21.90,74,2.20
2026-09-06T19:10,23,0.00,21,21.60,76,2.00
2026-09-06T19:20,24,0.00,15,21.40,75,1.90
2026-09-06T19:30,19,0.00,12,21.10,74,2.10
2026-09-06T19:40,27,0.00,7,21.00,75,2.00
