datetime,DVENTO,LIVNEVE,PREC,RADSOL,TEMP,UMID,VVENTO
2026-09-11T00:00,169,7,0.00,0,12.30,99,1.80
2026-09-11T00:10,159,6,0.00,0,12.10,99,2.20
2026-09-11T00:20,169,4,0.00,0,12.30,99,2.40
2026-09-11T00:30,163,5,0.00,0,12.30,99,2.30
2026-09-11T00:40,172,6,0.20,0,12.40,99,2.10
2026-09-11T00:50,161,4,0.00,0,12.30,99,1.60
2026-09-11T01:00,178,3,0.60,0,12.40,99,1.30
2026-09-11T01:10,184,-999,2.00,0,12.20,99,2.80
2026-09-11T01:20,168,-999,0.40,0,12.10,99,2.10
2026-09-11T01:30,186,4,0.20,0,12.20,99,1.70
2026-09-11T01:40,185,-999,0.00,0,12.20,99,2.40
2026-09-11T01:50,198,-999,0.00,0,11.90,99,2.70
2026-09-11T02:00,190,-999,0.00,0,11.80,99,1.80
2026-09-11T02:10,208,-999,0.20,0,11.70,99,1.60
2026-09-11T02:20,203,-999,0.00,0,11.70,99,1.80
2026-09-11T02:30,184,-999,0.00,0,11.70,99,1.40
2026-09-11T02:40,201,-999,0.00,0,11.80,99,1.90
2026-09-11T02:50,210,-999,0.00,0,11.80,99,1.90
2026-09-11T03:00,235,-999,0.00,0,11.50,99,1.60
2026-09-11T03:10,241,-999,0.00,0,11.20,99,1.40
2026-09-11T03:20,219,-999,0.00,0,11.30,99,1.10
2026-09-11T03:30,188,-999,0.00,0,11.50,99,0.70
2026-09-11T03:40,214,-999,0.00,0,11.50,99,1.00
2026-09-11T03:50,228,-999,0.00,0,11.50,99,1.00
2026-09-11T04:00,226,-999,0.00,0,11.50,99,1.30
2026-09-11T04:10,230,-999,0.00,0,11.50,99,0.80
2026-09-11T04:20,328,-999,0.00,0,11.40,99,0.90
2026-09-11T04:30,356,-999,0.00,0,11.40,99,0.60
2026-09-11T04:40,327,-999,0.00,0,11.30,99,1.10
2026-09-11T04:50,342,2,0.00,0,11.30,99,1.80
2026-09-11T05:00,339,3,0.00,0,11.50,99,2.20
2026-09-11T05:10,339,3,0.00,0,11.40,99,1.90
2026-09-11T05:20,350,2,0.00,0,11.40,99,1.80
2026-09-11T05:30,357,2,0.00,0,11.20,99,1.80
2026-09-11T05:40,2,2,0.00,0,11.10,99,1.80
2026-09-11T05:50,12,-999,0.00,0,11.00,99,2.00
2026-09-11T06:00,3,8,0.00,0,10.90,99,2.00
2026-09-11T06:10,11,9,0.00,0,10.80,99,2.80
2026-09-11T06:20,14,8,0.00,0,10.70,99,3.70
2026-09-11T06:30,11,8,0.00,0,10.90,99,3.30
2026-09-11T06:40,12,7,0.00,0,10.80,99,3.80
2026-09-11T06:50,14,7,0.00,0,10.70,99,3.90
2026-09-11T07:00,12,2,0.00,6,10.60,99,4.20
2026-09-11T07:10,11,4,0.00,10,10.60,99,2.90
2026-09-11T07:20,15,4,0.00,14,10.60,99,3.40
2026-09-11T07:30,13,5,0.00,39,10.60,99,2.80
2026-09-11T07:40,359,6,0.00,70,10.70,99,2.30
2026-09-11T07:50,23,3,0.00,99,10.80,99,2.90
2026-09-11T08:00,27,-999,0.20,128,10.80,99,2.60
2026-09-11T08:10,19,-999,0.00,158,10.80,99,2.60
2026-09-11T08:20,9,3,0.00,192,10.90,99,2.40
2026-09-11T08:30,9,-999,0.00,229,10.80,99,2.10
2026-09-11T08:40,32,3,0.00,283,10.60,99,3.60
2026-09-11T08:50,34,0,0.00,302,10.90,98,2.80
2026-09-11T09:00,24,5,0.00,243,11.10,97,2.10
2026-09-11T09:10,20,6,0.00,352,11.40,95,2.20
2026-09-11T09:20,14,3,0.00,424,11.70,90,2.60
2026-09-11T09:30,6,3,0.00,454,12.30,83,1.90
2026-09-11T09:40,19,2,0.00,417,12.60,79,2.10
2026-09-11T09:50,27,-999,0.00,501,13.00,77,1.30
2026-09-11T10:00,63,-999,0.00,246,13.40,76,0.70
2026-09-11T10:10,101,3,0.00,574,13.70,87,1.50
2026-09-11T10:20,119,2,0.00,590,14.00,84,1.50
2026-09-11T10:30,196,5,0.00,377,14.40,81,1.30
2026-09-11T10:40,163,10,0.00,476,14.20,80,0.50
2026-09-11T10:50,,6,0.00,467,14.50,82,0.00
2026-09-11T11:00,217,3,0.00,223,14.20,82,1.70
2026-09-11T11:10,205,3,0.00,302,13.60,82,1.10
2026-09-11T11:20,153,-999,0.00,458,14.20,82,2.10
2026-09-11T11:30,152,-999,0.00,377,14.40,79,2.20
2026-09-11T11:40,141,2,0.00,366,14.20,75,2.00
2026-09-11T11:50,135,3,0.00,374,14.20,72,2.30
2026-09-11T12:00,136,4,0.00,645,14.70,76,2.00
2026-09-11T12:10,163,-999,0.00,426,14.60,78,2.40
2026-09-11T12:20,179,0,0.00,463,14.20,77,3.00
2026-09-11T12:30,173,-999,0.00,479,14.00,74,3.10
2026-09-11T12:40,153,0,0.00,646,14.40,74,2.80
2026-09-11T12:50,150,3,0.00,810,14.60,74,3.00
2026-09-11T13:00,158,0,0.00,770,14.90,75,3.20
2026-09-11T13:10,147,5,0.00,820,14.60,72,3.00
2026-09-11T13:20,162,5,0.00,815,14.80,79,3.40
2026-09-11T13:30,164,5,0.00,812,14.70,79,3.50
2026-09-11T13:40,159,0,0.00,808,14.70,81,3.30
2026-09-11T13:50,149,4,0.00,806,14.80,81,3.30
2026-09-11T14:00,143,3,0.00,801,15.00,80,2.90
2026-09-11T14:10,157,1,0.00,796,15.10,80,3.20
2026-09-11T14:20,155,1,0.00,789,15.50,80,2.80
2026-09-11T14:30,169,3,0.00,776,15.50,79,3.00
2026-09-11T14:40,146,5,0.00,763,15.70,78,2.80
2026-09-11T14:50,167,4,0.00,749,16.00,79,2.90
2026-09-11T15:00,169,5,0.00,733,15.90,80,3.10
2026-09-11T15:10,166,5,0.00,716,15.90,80,3.60
2026-09-11T15:20,165,4,0.00,704,15.90,81,3.70
2026-09-11T15:30,161,4,0.00,687,15.90,78,3.10
2026-09-11T15:40,161,7,0.00,613,16.20,78,3.00
2026-09-11T15:50,158,6,0.00,596,16.20,80,3.20
2026-09-11T16:00,151,4,0.00,623,16.30,81,2.90
2026-09-11T16:10,160,5,0.00,598,16.50,81,2.90
2026-09-11T16:20,160,1,0.00,574,16.60,81,3.20
2026-09-11T16:30,167,3,0.00,547,16.30,82,3.40
2026-09-11T16:40,168,3,0.00,522,16.30,82,3.80
2026-09-11T16:50,173,5,0.00,492,16.20,84,3.90
2026-09-11T17:00,174,5,0.00,465,16.20,83,4.00
2026-09-11T17:10,166,5,0.00,436,16.10,82,3.40
2026-09-11T17:20,167,3,0.00,406,16.10,83,3.10
2026-09-11T17:30,166,2,0.00,375,16.20,82,3.30
2026-09-11T17:40,164,4,0.00,343,16.10,81,3.70
2026-09-11T17:50,165,2,0.00,312,16.00,82,3.50
2026-09-11T18:00,164,2,0.00,281,15.90,82,3.30
2026-09-11T18:10,157,7,0.00,247,15.70,83,3.50
2026-09-11T18:20,160,2,0.00,216,15.70,84,3.20
2026-09-11T18:30,160,0,0.00,188,15.60,85,3.20
2026-09-11T18:40,161,6,0.00,159,15.40,85,3.00
2026-09-11T18:50,154,7,0.00,129,15.20,85,3.00
2026-09-11T19:00,155,6,0.00,103,15.00,86,2.80
2026-09-11T19:10,155,8,0.00,77,14.70,88,3.00
2026-09-11T19:20,145,9,0.00,53,14.40,90,2.50
2026-09-11T19:30,149,10,0.00,33,14.30,90,2.10
2026-09-11T19:40,140,9,0.00,11,14.30,91,2.30
2026-09-11T19:50,148,9,0.00,6,13.80,92,2.80
2026-09-11T20:00,143,10,0.00,0,13.90,94,2.50
2026-09-11T20:10,153,11,0.00,0,13.70,94,2.40
2026-09-11T20:20,138,-999,0.00,0,13.80,95,1.80
2026-09-11T20:30,155,10,0.00,0,13.90,94,1.50
2026-09-11T20:40,163,12,0.00,0,13.80,93,0.60
2026-09-11T20:50,337,11,0.00,0,13.80,90,0.80
2026-09-11T21:00,,9,0.00,0,13.80,89,0.00
2026-09-11T21:10,336,-999,0.00,0,13.80,89,1.30
2026-09-11T21:20,329,11,0.00,0,13.90,89,1.50
2026-09-11T21:30,320,10,0.00,0,13.80,89,1.60
2026-09-11T21:40,281,8,0.00,0,13.70,90,1.40
2026-09-11T21:50,236,0,0.00,0,13.60,92,1.70
2026-09-11T22:00,249,2,0.00,0,13.60,93,1.10
2026-09-11T22:10,245,5,0.00,0,13.30,93,1.40
2026-09-11T22:20,254,-999,0.00,0,13.40,94,1.20
2026-09-11T22:30,244,6,0.00,0,13.40,94,1.10
2026-09-11T22:40,244,-999,0.00,0,13.30,95,0.80
2026-09-11T22:50,289,-999,0.00,0,13.30,95,0.70
2026-09-11T23:00,333,10,0.00,0,13.30,95,0.80
2026-09-11T23:10,358,10,0.00,0,13.30,95,1.10
2026-09-11T23:20,352,-999,0.00,0,13.30,95,1.50
2026-09-11T23:30,352,8,0.00,0,13.30,95,1.50
2026-09-11T23:40,5,9,0.00,0,13.20,95,1.00
2026-09-11T23:50,59,10,0.00,0,13.30,95,0.50
2026-09-12T00:00,164,8,0.00,0,13.20,95,0.90
2026-09-12T00:10,174,6,0.00,0,13.20,96,1.30
2026-09-12T00:20,170,10,0.00,0,13.10,96,1.40
2026-09-12T00:30,175,10,0.00,0,13.10,96,1.70
2026-09-12T00:40,188,10,0.00,0,13.10,96,2.00
2026-09-12T00:50,191,10,0.00,0,13.10,96,2.20
2026-09-12T01:00,188,11,0.00,0,13.10,96,2.10
2026-09-12T01:10,198,10,0.00,0,12.90,96,2.30
2026-09-12T01:20,198,10,0.00,0,12.80,97,2.40
2026-09-12T01:30,187,10,0.00,0,12.70,97,2.40
2026-09-12T01:40,185,9,0.00,0,12.60,97,2.60
2026-09-12T01:50,176,9,0.00,0,12.70,97,2.80
2026-09-12T02:00,168,9,0.00,0,12.70,97,2.90
2026-09-12T02:10,166,9,0.00,0,12.60,97,2.70
2026-09-12T02:20,171,10,0.00,0,12.50,97,3.00
2026-09-12T02:30,163,9,0.00,0,12.40,98,3.00
2026-09-12T02:40,153,11,0.00,0,12.20,98,2.60
2026-09-12T02:50,169,10,0.20,0,12.40,98,2.10
2026-09-12T03:00,174,10,0.00,0,12.50,98,1.80
2026-09-12T03:10,169,10,0.00,0,12.40,98,1.70
2026-09-12T03:20,175,10,0.00,0,12.40,98,1.90
2026-09-12T03:30,154,9,0.00,0,12.50,98,1.60
2026-09-12T03:40,165,10,0.00,0,12.50,98,1.10
2026-09-12T03:50,,10,0.00,0,12.40,98,0.00
2026-09-12T04:00,335,9,0.00,0,12.30,98,1.00
2026-09-12T04:10,337,11,0.00,0,11.80,98,0.90
2026-09-12T04:20,,11,0.00,0,12.00,98,0.00
2026-09-12T04:30,174,10,0.00,0,12.10,98,0.70
2026-09-12T04:40,275,9,0.00,0,12.20,98,0.40
2026-09-12T04:50,359,4,0.00,0,11.80,98,1.10
2026-09-12T05:00,14,4,0.00,0,11.80,98,1.40
2026-09-12T05:10,15,-999,0.00,0,11.70,98,1.40
2026-09-12T05:20,5,9,0.00,0,11.80,98,1.20
2026-09-12T05:30,7,2,0.00,0,11.80,97,1.40
2026-09-12T05:40,349,4,0.00,0,11.70,97,1.20
2026-09-12T05:50,330,-999,0.00,0,11.70,97,1.20
2026-09-12T06:00,341,6,0.00,0,11.40,94,1.40
2026-09-12T06:10,344,9,0.00,0,11.40,88,2.30
2026-09-12T06:20,358,10,0.00,0,11.50,87,1.40
2026-09-12T06:30,349,12,0.00,0,11.40,84,1.30
2026-09-12T06:40,347,11,0.00,0,11.60,86,1.00
2026-09-12T06:50,334,8,0.00,0,11.70,83,1.10
2026-09-12T07:00,344,6,0.00,0,11.80,85,2.00
2026-09-12T07:10,350,5,0.00,9,11.30,80,1.90
2026-09-12T07:20,352,3,0.00,19,11.20,77,1.50
2026-09-12T07:30,346,4,0.00,38,11.30,79,1.90
2026-09-12T07:40,12,7,0.00,58,11.30,80,2.20
2026-09-12T07:50,352,8,0.00,81,11.30,80,1.50
2026-09-12T08:00,10,8,0.00,106,11.70,80,1.50
2026-09-12T08:10,5,8,0.00,137,11.80,79,2.00
2026-09-12T08:20,1,-999,0.00,163,12.10,76,1.30
2026-09-12T08:30,351,-999,0.00,192,12.40,77,1.30
2026-09-12T08:40,13,6,0.00,224,12.50,77,0.50
2026-09-12T08:50,151,2,0.00,256,13.30,81,0.50
2026-09-12T09:00,147,0,0.00,292,13.80,85,1.10
2026-09-12T09:10,133,0,0.00,269,13.50,89,1.50
2026-09-12T09:20,140,4,0.00,193,13.00,91,1.30
2026-09-12T09:30,163,0,0.00,98,12.90,92,1.70
2026-09-12T09:40,166,2,0.00,128,12.50,94,1.90
2026-09-12T09:50,150,8,0.00,232,12.50,95,1.90
2026-09-12T10:00,156,0,0.00,275,12.70,95,2.00
2026-09-12T10:10,162,2,0.00,490,13.00,95,2.40
2026-09-12T10:20,157,7,0.00,510,13.40,93,2.80
2026-09-12T10:30,169,6,0.00,466,13.30,90,2.80
2026-09-12T10:40,163,7,0.00,546,13.50,89,2.70
2026-09-12T10:50,171,4,0.00,586,13.70,85,2.70
2026-09-12T11:00,191,2,0.00,510,13.80,88,3.10
2026-09-12T11:10,179,4,0.00,476,13.60,89,3.00
2026-09-12T11:20,178,1,0.00,600,14.00,88,3.30
2026-09-12T11:30,176,5,0.00,686,14.00,87,3.00
2026-09-12T11:40,170,3,0.00,701,14.50,85,3.30
2026-09-12T11:50,181,6,0.00,685,14.50,84,3.20
2026-09-12T12:00,170,5,0.00,740,14.40,83,3.40
2026-09-12T12:10,170,5,0.00,757,14.60,83,3.60
2026-09-12T12:20,168,6,0.00,784,14.80,82,3.20
2026-09-12T12:30,182,10,0.00,778,14.80,81,3.00
2026-09-12T12:40,179,5,0.00,788,15.00,80,3.10
2026-09-12T12:50,182,8,0.00,764,15.00,79,3.00
2026-09-12T13:00,167,2,0.00,720,15.10,79,3.70
2026-09-12T13:10,178,5,0.00,808,15.20,78,3.90
2026-09-12T13:20,165,6,0.00,611,15.00,80,4.10
2026-09-12T13:30,173,5,0.00,784,15.30,80,3.60
2026-09-12T13:40,180,6,0.00,766,15.40,77,3.80
2026-09-12T13:50,188,4,0.00,751,15.40,77,3.50
2026-09-12T14:00,176,2,0.00,790,15.40,76,3.90
2026-09-12T14:10,173,5,0.00,810,15.50,77,4.20
2026-09-12T14:20,179,8,0.00,793,15.60,76,4.30
2026-09-12T14:30,161,8,0.00,644,15.60,77,3.70
2026-09-12T14:40,176,7,0.00,757,15.90,78,4.20
2026-09-12T14:50,180,7,0.00,733,16.00,77,4.70
2026-09-12T15:00,177,6,0.00,726,16.20,76,4.60
2026-09-12T15:10,183,5,0.00,705,16.20,75,4.60
2026-09-12T15:20,178,5,0.00,697,16.30,76,4.30
2026-09-12T15:30,177,6,0.00,609,16.20,77,4.50
2026-09-12T15:40,172,5,0.00,608,16.20,77,4.10
2026-09-12T15:50,172,6,0.00,590,16.40,78,4.50
2026-09-12T16:00,178,4,0.00,512,16.30,78,4.50
2026-09-12T16:10,177,7,0.00,582,16.40,78,4.90
2026-09-12T16:20,177,5,0.00,567,16.80,78,4.80
2026-09-12T16:30,176,5,0.00,529,16.40,80,5.20
2026-09-12T16:40,180,4,0.00,505,16.40,81,5.00
2026-09-12T16:50,186,7,0.00,454,16.20,81,5.20
2026-09-12T17:00,185,3,0.00,455,16.30,81,5.10
2026-09-12T17:10,187,9,0.00,427,16.30,77,4.60
2026-09-12T17:20,183,9,0.00,397,16.20,78,4.70
2026-09-12T17:30,187,7,0.00,369,16.20,77,4.60
2026-09-12T17:40,181,3,0.00,337,16.10,80,4.90
2026-09-12T17:50,187,6,0.00,306,15.90,83,4.90
2026-09-12T18:00,181,3,0.00,272,15.90,84,4.90
2026-09-12T18:10,186,6,0.00,228,15.70,85,5.10
2026-09-12T18:20,186,7,0.00,201,15.60,86,5.00
2026-09-12T18:30,186,7,0.00,175,15.50,86,5.00
2026-09-12T18:40,186,5,0.00,142,15.30,86,4.60
2026-09-12T18:50,185,9,0.00,115,15.10,87,4.50
2026-09-12T19:00,187,8,0.00,89,14.90,87,4.30
2026-09-12T19:10,188,9,0.00,47,14.60,88,4.10
2026-09-12T19:20,183,10,0.00,27,14.20,90,3.70
2026-09-12T19:30,177,9,0.00,16,14.00,91,3.60
2026-09-12T19:40,178,10,0.00,7,13.90,91,3.60
2026-09-12T19:50,170,8,0.00,0,13.80,92,3.30
2026-09-12T20:00,170,8,0.00,0,13.80,92,3.30
2026-09-12T20:10,169,8,0.00,0,13.80,92,2.80
2026-09-12T20:20,170,8,0.00,0,13.80,92,2.50
2026-09-12T20:30,170,7,0.00,0,13.80,92,1.90
2026-09-12T20:40,190,8,0.00,0,13.90,92,1.60
2026-09-12T20:50,209,9,0.00,0,14.00,92,1.20
2026-09-12T21:00,201,9,0.00,0,14.10,91,1.00
2026-09-12T21:10,207,8,0.00,0,14.00,91,0.80
2026-09-12T21:20,228,8,0.00,0,13.90,92,1.00
2026-09-12T21:30,245,9,0.00,0,13.90,92,1.00
2026-09-12T21:40,295,8,0.00,0,13.90,92,1.10
2026-09-12T21:50,308,8,0.00,0,13.70,92,1.90
2026-09-12T22:00,309,9,0.00,0,13.50,93,2.00
2026-09-12T22:10,332,9,0.00,0,13.50,93,1.60
2026-09-12T22:20,344,8,0.00,0,13.60,93,2.80
2026-09-12T22:30,355,9,0.00,0,13.40,94,2.70
2026-09-12T22:40,14,8,0.00,0,13.30,95,2.80
2026-09-12T22:50,7,10,0.00,0,13.30,94,2.30
2026-09-12T23:00,349,8,0.00,0,13.40,93,2.50
2026-09-12T23:10,8,8,0.00,0,13.40,93,2.10
2026-09-12T23:20,12,10,0.00,0,13.30,95,1.80
2026-09-12T23:30,24,8,0.00,0,13.30,95,0.90
2026-09-12T23:40,347,9,0.00,0,13.20,95,2.00
2026-09-12T23:50,4,8,0.00,0,13.30,96,1.80
2026-09-13T00:00,358,11,0.00,0,13.20,96,1.30
2026-09-13T00:10,82,10,0.00,0,13.30,96,0.80
2026-09-13T00:20,,10,0.00,0,13.40,94,0.00
2026-09-13T00:30,,11,0.00,0,13.30,94,0.00
2026-09-13T00:40,259,10,0.00,0,13.60,92,0.60
2026-09-13T00:50,179,9,0.20,0,13.70,91,0.70
2026-09-13T01:00,151,7,0.00,0,13.30,92,2.00
2026-09-13T01:10,153,10,0.00,0,13.10,94,1.80
2026-09-13T01:20,157,10,0.00,0,12.80,95,2.20
2026-09-13T01:30,159,10,0.00,0,12.70,96,2.00
2026-09-13T01:40,159,10,0.00,0,12.80,97,1.80
2026-09-13T01:50,163,9,0.00,0,12.70,97,1.90
2026-09-13T02:00,171,10,0.00,0,12.80,97,1.50
2026-09-13T02:10,169,10,0.00,0,12.80,97,1.70
2026-09-13T02:20,185,10,0.00,0,13.00,97,1.70
2026-09-13T02:30,193,10,0.00,0,13.10,97,1.40
2026-09-13T02:40,170,10,0.00,0,13.10,97,1.40
2026-09-13T02:50,168,11,0.00,0,13.10,97,1.50
2026-09-13T03:00,189,10,0.00,0,13.00,96,1.60
2026-09-13T03:10,,,0.00,0,13.00,95,
2026-09-13T03:20,166,11,0.00,0,13.20,94,0.40
2026-09-13T03:30,,11,0.00,0,13.30,95,0.00
2026-09-13T03:40,176,11,0.00,0,13.30,95,0.80
2026-09-13T03:50,192,11,0.00,0,13.30,94,1.20
2026-09-13T04:00,163,11,0.00,0,13.30,94,1.00
2026-09-13T04:10,181,10,0.00,0,13.20,94,1.50
2026-09-13T04:20,171,10,0.00,0,13.30,93,1.60
2026-09-13T04:30,142,10,0.00,0,13.20,94,1.60
2026-09-13T04:40,118,10,0.00,0,13.10,94,1.80
2026-09-13T04:50,121,10,0.00,0,13.00,95,1.80
2026-09-13T05:00,136,9,0.00,0,12.80,95,1.80
2026-09-13T05:10,159,8,0.00,0,12.70,95,1.70
2026-09-13T05:20,184,9,0.00,0,12.50,96,1.90
2026-09-13T05:30,168,8,0.00,0,12.30,97,2.40
2026-09-13T05:40,173,8,0.00,0,12.30,97,3.00
2026-09-13T05:50,168,8,0.00,0,12.30,98,3.00
2026-09-13T06:00,165,8,0.00,0,12.20,98,3.30
2026-09-13T06:10,161,7,0.00,0,12.20,98,2.70
2026-09-13T06:20,168,8,0.00,0,12.20,98,2.80
2026-09-13T06:30,167,8,0.00,0,12.10,98,2.00
2026-09-13T06:40,153,8,0.00,0,12.10,98,1.60
2026-09-13T06:50,134,8,0.00,0,12.10,98,1.30
2026-09-13T07:00,134,8,0.00,0,12.10,99,1.70
2026-09-13T07:10,143,7,0.00,6,12.10,99,1.80
2026-09-13T07:20,144,7,0.00,9,12.10,99,1.70
2026-09-13T07:30,134,7,0.00,18,12.10,99,1.80
2026-09-13T07:40,140,7,0.00,33,12.10,99,1.70
2026-09-13T07:50,146,7,0.00,36,12.20,99,1.20
2026-09-13T08:00,,6,0.00,46,12.40,99,0.00
2026-09-13T08:10,,7,0.00,71,12.50,99,0.00
2026-09-13T08:20,225,3,0.00,84,12.60,99,1.00
2026-09-13T08:30,220,7,0.00,82,12.60,99,1.00
2026-09-13T08:40,210,6,0.00,95,12.50,99,1.10
2026-09-13T08:50,197,4,0.00,112,12.50,99,1.10
2026-09-13T09:00,175,8,0.00,171,12.50,99,1.20
2026-09-13T09:10,180,3,0.00,169,12.60,99,1.30
2026-09-13T09:20,189,2,0.00,142,12.70,99,1.00
2026-09-13T09:30,216,5,0.00,160,12.70,99,0.40
2026-09-13T09:40,212,7,0.00,107,12.70,99,1.10
2026-09-13T09:50,196,9,0.00,130,12.70,99,0.80
2026-09-13T10:00,195,6,0.00,248,12.80,99,1.90
2026-09-13T10:10,191,8,0.00,220,12.80,98,1.80
2026-09-13T10:20,204,6,0.00,419,12.90,98,1.60
2026-09-13T10:30,197,8,0.00,362,13.40,98,1.50
2026-09-13T10:40,190,11,0.00,192,13.20,97,1.70
2026-09-13T10:50,184,7,0.00,565,13.70,96,1.90
2026-09-13T11:00,185,7,0.00,529,13.90,94,1.80
2026-09-13T11:10,195,6,0.00,670,14.40,92,2.40
2026-09-13T11:20,182,4,0.00,623,14.60,90,2.30
2026-09-13T11:30,187,7,0.00,548,15.00,88,2.90
2026-09-13T11:40,174,7,0.00,607,14.80,88,2.40
2026-09-13T11:50,184,6,0.00,544,15.00,87,3.30
2026-09-13T12:00,180,9,0.00,683,14.90,87,3.10
2026-09-13T12:10,168,5,0.00,583,15.00,85,2.80
2026-09-13T12:20,181,9,0.00,597,15.10,85,3.30
2026-09-13T12:30,175,7,0.00,701,15.00,85,3.30
2026-09-13T12:40,177,8,0.00,642,15.40,84,3.40
2026-09-13T12:50,174,0,0.00,784,15.30,84,3.60
2026-09-13T13:00,173,4,0.00,811,15.50,83,3.90
2026-09-13T13:10,169,5,0.00,704,15.40,85,3.60
2026-09-13T13:20,170,1,0.00,803,15.50,83,3.60
2026-09-13T13:30,164,6,0.00,594,15.70,82,3.50
2026-09-13T13:40,171,3,0.00,769,15.90,83,3.90
2026-09-13T13:50,179,1,0.00,818,15.90,80,4.00
2026-09-13T14:00,172,6,0.00,766,16.20,79,4.30
2026-09-13T14:10,177,7,0.00,628,16.00,79,3.80
2026-09-13T14:20,180,4,0.00,576,15.80,78,3.70
2026-09-13T14:30,174,9,0.00,633,16.30,75,3.40
2026-09-13T14:40,169,6,0.00,675,16.40,76,3.70
2026-09-13T14:50,161,6,0.00,630,16.40,77,3.30
2026-09-13T15:00,163,6,0.00,600,16.70,77,3.30
2026-09-13T15:10,168,4,0.00,708,16.90,76,3.60
2026-09-13T15:20,166,6,0.00,671,16.70,76,3.10
2026-09-13T15:30,162,4,0.00,653,16.80,78,3.60
2026-09-13T15:40,169,4,0.00,645,16.80,78,4.00
2026-09-13T15:50,164,3,0.00,611,16.60,78,3.90
2026-09-13T16:00,167,4,0.00,572,17.00,77,3.80
2026-09-13T16:10,164,3,0.00,521,16.70,79,3.90
2026-09-13T16:20,172,3,0.00,380,16.60,79,3.50
2026-09-13T16:30,166,3,0.00,408,16.50,79,3.60
2026-09-13T16:40,163,4,0.00,403,16.70,77,3.70
2026-09-13T16:50,169,7,0.00,449,16.70,77,3.70
2026-09-13T17:00,170,6,0.00,368,16.80,77,3.80
2026-09-13T17:10,164,3,0.00,322,16.50,78,3.80
2026-09-13T17:20,163,2,0.00,300,16.30,82,3.70
2026-09-13T17:30,162,5,0.00,272,16.10,83,3.40
2026-09-13T17:40,172,3,0.00,245,16.10,83,3.70
2026-09-13T17:50,168,6,0.00,177,15.90,82,3.60
2026-09-13T18:00,165,8,0.00,181,15.70,85,3.30
2026-09-13T18:10,161,7,0.00,171,15.70,86,3.30
2026-09-13T18:20,163,8,0.00,136,15.60,86,3.40
2026-09-13T18:30,167,8,0.00,98,15.30,88,3.20
2026-09-13T18:40,165,7,0.00,78,15.10,88,3.30
2026-09-13T18:50,156,8,0.00,58,14.90,89,3.10
2026-09-13T19:00,160,8,0.00,41,14.70,90,2.90
2026-09-13T19:10,161,8,0.00,28,14.60,90,2.20
2026-09-13T19:20,160,6,0.00,20,14.50,90,2.10
2026-09-13T19:30,165,9,0.00,14,14.50,90,1.60
2026-09-13T19:40,172,9,0.00,8,14.60,90,0.70
2026-09-13T19:50,106,8,0.00,0,14.70,90,0.70
2026-09-13T20:00,57,9,0.00,0,14.80,89,1.00
2026-09-13T20:10,105,8,0.00,0,14.70,89,1.20
2026-09-13T20:20,8,8,0.00,0,14.60,90,1.10
2026-09-13T20:30,14,7,0.00,0,14.50,89,1.00
2026-09-13T20:40,5,7,0.00,0,14.50,88,1.80
2026-09-13T20:50,343,9,0.00,0,14.50,88,2.00
2026-09-13T21:00,336,9,0.00,0,14.50,87,1.10
2026-09-13T21:10,325,8,0.00,0,14.40,87,2.50
2026-09-13T21:20,311,9,0.00,0,14.30,88,2.10
2026-09-13T21:30,334,7,0.00,0,14.50,88,2.00
2026-09-13T21:40,358,4,0.00,0,14.40,88,1.90
2026-09-13T21:50,358,6,0.00,0,14.50,89,1.90
2026-09-13T22:00,13,6,0.00,0,14.40,89,1.90
2026-09-13T22:10,28,8,0.00,0,14.50,89,1.90
2026-09-13T22:20,7,2,0.00,0,14.30,89,2.10
2026-09-13T22:30,350,4,0.00,0,14.20,91,2.70
2026-09-13T22:40,13,3,0.00,0,14.00,92,3.30
2026-09-13T22:50,355,-999,0.00,0,14.10,92,3.30
2026-09-13T23:00,345,6,0.00,0,14.10,93,2.50
2026-09-13T23:10,6,7,0.00,0,13.90,95,2.40
2026-09-13T23:20,3,7,0.00,0,13.90,95,2.70
2026-09-13T23:30,27,7,0.00,0,13.90,95,3.40
2026-09-13T23:40,17,7,0.00,0,14.10,93,2.90
2026-09-13T23:50,20,7,0.00,0,14.10,92,2.80
2026-09-14T00:00,356,6,0.00,0,14.20,91,2.50
2026-09-14T00:10,351,4,0.00,0,14.10,91,2.80
2026-09-14T00:20,10,3,0.00,0,14.30,89,3.50
2026-09-14T00:30,19,6,0.00,0,14.90,80,4.30
2026-09-14T00:40,19,8,0.00,0,15.30,75,3.50
2026-09-14T00:50,358,3,0.00,0,15.50,73,2.60
2026-09-14T01:00,4,7,0.00,0,15.60,72,2.50
2026-09-14T01:10,21,8,0.00,0,15.20,74,3.00
2026-09-14T01:20,9,3,0.00,0,15.40,70,2.90
2026-09-14T01:30,358,5,0.00,0,15.80,65,1.90
2026-09-14T01:40,343,-999,0.00,0,15.80,65,2.30
2026-09-14T01:50,335,2,0.00,0,15.90,65,3.30
2026-09-14T02:00,339,6,0.00,0,15.90,65,3.30
2026-09-14T02:10,346,5,0.00,0,16.00,63,2.60
2026-09-14T02:20,343,-999,0.00,0,16.10,60,1.90
2026-09-14T02:30,357,1,0.00,0,16.20,57,2.30
2026-09-14T02:40,9,5,0.00,0,16.10,58,1.80
2026-09-14T02:50,358,-999,0.00,0,16.10,57,2.40
2026-09-14T03:00,359,4,0.00,0,16.10,56,2.30
2026-09-14T03:10,351,4,0.00,0,16.10,56,2.50
2026-09-14T03:20,5,4,0.00,0,16.10,55,2.40
2026-09-14T03:30,357,5,0.00,0,16.10,55,1.80
2026-09-14T03:40,340,4,0.00,0,16.30,54,2.60
2026-09-14T03:50,343,2,0.00,0,16.50,53,3.70
2026-09-14T04:00,348,-999,0.00,0,16.60,52,2.70
2026-09-14T04:10,344,2,0.00,0,16.70,52,2.50
2026-09-14T04:20,8,6,0.00,0,16.10,57,2.40
2026-09-14T04:30,12,5,0.00,0,16.20,54,2.40
2026-09-14T04:40,349,6,0.00,0,16.40,53,2.60
2026-09-14T04:50,343,3,0.00,0,16.60,53,4.00
2026-09-14T05:00,358,6,0.00,0,16.40,54,2.00
2026-09-14T05:10,10,6,0.00,0,16.50,53,1.60
2026-09-14T05:20,3,6,0.00,0,16.60,52,3.00
2026-09-14T05:30,343,4,0.00,0,16.90,51,3.80
2026-09-14T05:40,333,4,0.00,0,16.90,52,2.90
2026-09-14T05:50,344,2,0.00,0,16.60,54,3.60
2026-09-14T06:00,347,1,0.00,0,17.10,51,3.90
2026-09-14T06:10,341,7,0.00,0,16.90,52,4.10
2026-09-14T06:20,336,5,0.00,0,16.90,52,4.20
2026-09-14T06:30,345,3,0.00,0,17.10,51,2.90
2026-09-14T06:40,346,5,0.00,0,17.10,51,2.70
2026-09-14T06:50,357,2,0.00,0,16.70,53,2.40
2026-09-14T07:00,9,2,0.00,0,16.70,53,2.20
2026-09-14T07:10,10,2,0.00,7,16.60,53,4.10
2026-09-14T07:20,19,4,0.00,15,16.60,53,3.90
2026-09-14T07:30,14,3,0.00,43,16.90,52,4.70
2026-09-14T07:40,21,3,0.00,34,17.30,51,4.30
2026-09-14T07:50,15,0,0.00,48,17.40,50,4.40
2026-09-14T08:00,7,-999,0.00,55,17.40,51,3.50
2026-09-14T08:10,20,-999,0.00,54,17.40,51,4.20
2026-09-14T08:20,17,-999,0.00,67,17.40,51,3.50
2026-09-14T08:30,19,-999,0.00,76,17.60,51,4.10
2026-09-14T08:40,21,-999,0.00,80,17.60,51,3.50
2026-09-14T08:50,14,-999,0.00,107,17.60,51,2.30
2026-09-14T09:00,19,-999,0.00,112,17.70,51,4.30
2026-09-14T09:10,20,-999,0.00,122,17.50,52,4.10
2026-09-14T09:20,16,-999,0.00,156,17.70,52,4.10
2026-09-14T09:30,20,-999,0.00,157,17.60,53,3.80
2026-09-14T09:40,17,-999,0.00,164,17.70,53,3.60
2026-09-14T09:50,16,-999,0.00,181,17.80,53,3.90
2026-09-14T10:00,14,-999,0.00,200,17.80,53,3.70
2026-09-14T10:10,19,-999,0.00,263,18.10,52,4.50
2026-09-14T10:20,23,-999,0.00,258,18.10,53,4.20
2026-09-14T10:30,21,-999,0.00,249,18.00,54,4.10
2026-09-14T10:40,22,-999,0.00,275,18.10,54,4.50
2026-09-14T10:50,14,4,0.00,359,18.40,53,4.40
2026-09-14T11:00,17,-999,0.00,364,18.50,53,3.60
2026-09-14T11:10,17,4,0.00,405,18.60,52,3.50
2026-09-14T11:20,27,2,0.00,515,19.00,53,2.90
2026-09-14T11:30,23,5,0.00,714,19.30,53,2.90
2026-09-14T11:40,24,4,0.00,688,19.80,50,2.60
2026-09-14T11:50,33,2,0.00,704,20.10,48,2.20
2026-09-14T12:00,27,2,0.00,701,20.40,46,1.50
2026-09-14T12:10,6,1,0.00,600,20.40,47,1.80
2026-09-14T12:20,16,4,0.00,590,20.30,49,1.90
2026-09-14T12:30,345,8,0.00,802,20.40,47,1.90
2026-09-14T12:40,347,-999,0.00,754,20.80,49,1.50
2026-09-14T12:50,202,0,0.00,777,20.60,50,0.50
2026-09-14T13:00,,2,0.00,768,20.20,53,0.00
2026-09-14T13:10,195,,0.00,792,20.70,52,0.60
2026-09-14T13:20,208,9,0.00,769,20.10,51,0.80
2026-09-14T13:30,160,-999,0.00,759,20.60,52,1.30
2026-09-14T13:40,187,5,0.00,752,20.40,53,2.20
2026-09-14T13:50,168,2,0.00,753,20.60,54,2.10
2026-09-14T14:00,202,6,0.00,757,21.00,52,1.90
2026-09-14T14:10,195,2,0.00,749,20.80,53,1.90
2026-09-14T14:20,200,3,0.00,743,20.70,53,1.90
2026-09-14T14:30,191,4,0.00,736,21.00,54,2.50
2026-09-14T14:40,196,6,0.00,724,21.30,53,2.30
2026-09-14T14:50,207,3,0.00,711,21.00,52,2.60
2026-09-14T15:00,164,6,0.00,690,21.30,53,2.20
2026-09-14T15:10,173,3,0.00,679,21.50,51,2.30
2026-09-14T15:20,199,2,0.00,672,21.20,49,2.50
2026-09-14T15:30,194,6,0.00,655,21.00,49,3.00
2026-09-14T15:40,212,5,0.00,626,21.00,49,3.40
2026-09-14T15:50,204,5,0.00,607,21.00,50,3.10
2026-09-14T16:00,211,0,0.00,586,21.30,50,3.00
2026-09-14T16:10,204,6,0.00,565,21.20,52,3.10
2026-09-14T16:20,198,5,0.00,543,21.20,52,2.90
2026-09-14T16:30,183,3,0.00,517,21.20,53,2.70
2026-09-14T16:40,179,3,0.00,490,21.20,53,2.40
2026-09-14T16:50,180,6,0.00,464,21.30,53,2.60
2026-09-14T17:00,186,6,0.00,438,21.20,54,2.10
2026-09-14T17:10,159,6,0.00,377,21.20,53,1.40
2026-09-14T17:20,164,3,0.00,369,21.20,55,1.80
2026-09-14T17:30,167,4,0.00,347,21.00,54,2.00
2026-09-14T17:40,158,4,0.00,315,20.70,56,1.90
2026-09-14T17:50,162,4,0.00,297,20.60,59,1.90
2026-09-14T18:00,167,0,0.00,259,20.20,62,2.60
2026-09-14T18:10,171,2,0.00,232,20.10,65,2.70
2026-09-14T18:20,175,2,0.00,201,19.90,66,3.10
2026-09-14T18:30,175,3,0.00,167,19.60,67,3.50
2026-09-14T18:40,174,2,0.00,114,19.30,70,3.60
2026-09-14T18:50,172,5,0.00,58,18.80,72,3.70
2026-09-14T19:00,172,6,0.00,52,18.30,72,3.70
2026-09-14T19:10,171,4,0.00,55,18.20,73,3.60
2026-09-14T19:20,171,6,0.00,45,18.20,72,3.80
2026-09-14T19:30,177,4,0.00,20,17.90,73,4.10
2026-09-14T19:40,175,4,0.00,9,17.60,76,4.00
2026-09-14T19:50,177,1,0.00,0,17.40,78,4.20
2026-09-14T20:00,176,4,0.00,0,17.20,80,4.30
2026-09-14T20:10,173,4,0.00,0,17.20,80,3.80
2026-09-14T20:20,180,3,0.00,0,17.00,82,3.80
2026-09-14T20:30,179,5,0.00,0,16.80,84,3.30
2026-09-14T20:40,173,5,0.00,0,17.00,84,2.90
2026-09-14T20:50,170,5,0.00,0,16.90,84,3.40
2026-09-14T21:00,175,7,0.00,0,16.70,84,3.60
2026-09-14T21:10,176,7,0.00,0,16.60,85,3.20
2026-09-14T21:20,180,7,0.00,0,16.60,85,2.70
2026-09-14T21:30,198,7,0.00,0,16.40,85,2.80
2026-09-14T21:40,200,7,0.00,0,16.30,87,2.80
2026-09-14T21:50,204,8,0.00,0,16.30,87,2.70
2026-09-14T22:00,196,8,0.00,0,16.30,87,2.60
2026-09-14T22:10,192,8,0.00,0,16.20,87,2.50
2026-09-14T22:20,194,8,0.00,0,16.20,87,2.30
2026-09-14T22:30,193,9,0.00,0,16.00,87,2.60
2026-09-14T22:40,195,9,0.00,0,15.90,88,3.10
2026-09-14T22:50,192,9,0.00,0,15.80,88,3.60
2026-09-14T23:00,189,7,0.00,0,15.60,89,3.70
2026-09-14T23:10,189,5,0.00,0,15.50,90,3.60
2026-09-14T23:20,187,7,0.00,0,15.50,90,3.40
2026-09-14T23:30,179,7,0.00,0,15.50,90,3.30
2026-09-14T23:40,187,4,0.00,0,15.50,90,3.40
2026-09-14T23:50,172,6,0.00,0,15.50,91,3.70
2026-09-15T00:00,176,2,0.00,0,15.40,92,3.60
2026-09-15T00:10,176,-999,0.00,0,15.40,94,3.80
2026-09-15T00:20,181,7,0.00,0,15.20,94,4.00
2026-09-15T00:30,181,4,0.00,0,15.10,94,3.90
2026-09-15T00:40,174,6,0.00,0,15.10,94,4.10
2026-09-15T00:50,173,7,0.00,0,15.10,95,3.80
2026-09-15T01:00,181,6,0.00,0,15.10,95,3.90
2026-09-15T01:10,181,6,0.00,0,15.10,95,3.90
2026-09-15T01:20,181,7,0.00,0,15.00,95,3.30
2026-09-15T01:30,184,7,0.00,0,15.00,94,3.00
2026-09-15T01:40,188,5,0.00,0,15.00,95,3.10
2026-09-15T01:50,199,6,0.00,0,14.90,94,2.80
2026-09-15T02:00,195,3,0.00,0,14.90,94,3.30
2026-09-15T02:10,188,4,0.00,0,14.90,94,3.20
2026-09-15T02:20,183,2,0.00,0,14.90,95,3.20
2026-09-15T02:30,183,1,0.00,0,14.80,95,3.10
2026-09-15T02:40,178,2,0.00,0,14.70,95,3.60
2026-09-15T02:50,185,5,0.00,0,14.70,95,3.30
2026-09-15T03:00,178,4,0.00,0,14.70,95,3.30
2026-09-15T03:10,174,6,0.00,0,14.70,95,3.80
2026-09-15T03:20,173,6,0.00,0,14.50,95,3.70
2026-09-15T03:30,178,5,0.00,0,14.30,96,3.50
2026-09-15T03:40,173,5,0.00,0,14.40,96,3.60
2026-09-15T03:50,179,4,0.00,0,14.30,96,3.50
2026-09-15T04:00,180,4,0.00,0,14.30,96,3.10
2026-09-15T04:10,186,6,0.00,0,14.20,96,2.80
2026-09-15T04:20,180,1,0.00,0,14.20,96,2.90
2026-09-15T04:30,177,2,0.00,0,14.30,96,3.20
2026-09-15T04:40,178,3,0.00,0,14.30,96,2.80
2026-09-15T04:50,171,-999,0.00,0,14.30,96,2.40
2026-09-15T05:00,176,1,0.00,0,14.30,96,2.60
2026-09-15T05:10,175,-1,0.00,0,14.30,95,2.90
2026-09-15T05:20,169,0,0.00,0,14.20,96,3.10
2026-09-15T05:30,175,2,0.00,0,14.10,96,3.50
2026-09-15T05:40,185,-999,0.00,0,14.00,96,3.40
2026-09-15T05:50,191,-999,0.00,0,13.90,96,3.40
2026-09-15T06:00,199,2,0.00,0,13.90,97,3.40
2026-09-15T06:10,193,4,0.00,0,13.90,97,3.20
2026-09-15T06:20,191,3,0.00,0,13.90,97,3.10
2026-09-15T06:30,192,4,0.00,0,13.80,97,3.30
2026-09-15T06:40,191,5,0.00,0,13.70,97,3.30
2026-09-15T06:50,190,6,0.00,0,13.70,97,3.20
2026-09-15T07:00,194,6,0.00,0,13.70,97,3.20
2026-09-15T07:10,194,4,0.00,0,13.70,97,3.30
2026-09-15T07:20,195,5,0.00,8,13.70,97,3.10
2026-09-15T07:30,188,4,0.00,12,13.70,97,2.90
2026-09-15T07:40,186,3,0.00,24,13.70,97,2.70
2026-09-15T07:50,174,2,0.00,37,13.80,97,3.00
2026-09-15T08:00,175,3,0.00,48,13.80,96,3.10
2026-09-15T08:10,182,3,0.00,61,13.80,96,2.90
2026-09-15T08:20,169,5,0.00,101,13.90,96,3.00
2026-09-15T08:30,158,4,0.00,94,14.00,96,2.80
2026-09-15T08:40,157,6,0.00,129,14.10,96,2.90
2026-09-15T08:50,152,7,0.00,118,14.20,96,2.90
2026-09-15T09:00,161,6,0.00,70,14.20,96,2.60
2026-09-15T09:10,173,6,0.00,87,14.10,96,3.00
2026-09-15T09:20,187,8,0.00,141,14.20,95,3.40
2026-09-15T09:30,183,2,0.00,160,14.30,95,3.50
2026-09-15T09:40,182,2,0.00,178,14.30,94,4.00
2026-09-15T09:50,185,5,0.00,202,14.30,94,3.80
2026-09-15T10:00,191,3,0.00,223,14.10,91,4.10
2026-09-15T10:10,189,4,0.00,251,14.20,85,4.50
2026-09-15T10:20,182,2,0.00,249,14.40,83,4.40
2026-09-15T10:30,176,5,0.00,278,14.60,83,4.30
2026-09-15T10:40,179,4,0.00,360,14.70,84,4.30
2026-09-15T10:50,185,3,0.00,495,14.80,84,4.50
2026-09-15T11:00,187,4,0.00,535,15.00,82,4.60
2026-09-15T11:10,180,7,0.00,395,14.90,84,4.20
2026-09-15T11:20,169,6,0.00,417,14.90,84,3.90
2026-09-15T11:30,168,2,0.00,459,15.10,83,3.70
2026-09-15T11:40,168,7,0.00,453,15.20,82,4.00
2026-09-15T11:50,161,8,0.00,495,15.30,81,3.80
2026-09-15T12:00,177,9,0.00,693,15.60,77,3.70
2026-09-15T12:10,171,7,0.00,697,15.90,77,3.80
2026-09-15T12:20,180,6,0.00,678,15.90,76,3.50
2026-09-15T12:30,191,6,0.00,708,15.80,77,3.80
2026-09-15T12:40,171,8,0.00,735,16.00,74,3.20
2026-09-15T12:50,151,8,0.00,733,16.20,75,3.10
2026-09-15T13:00,160,7,0.00,732,16.20,77,3.20
2026-09-15T13:10,170,8,0.00,756,16.40,77,3.20
2026-09-15T13:20,167,1,0.00,757,16.50,77,3.80
2026-09-15T13:30,171,6,0.00,757,16.40,77,3.60
2026-09-15T13:40,176,8,0.00,706,16.90,79,3.20
2026-09-15T13:50,166,10,0.00,750,17.00,77,3.30
2026-09-15T14:00,176,7,0.00,751,16.80,79,3.50
2026-09-15T14:10,164,8,0.00,739,17.00,79,3.60
2026-09-15T14:20,158,7,0.00,740,17.20,81,3.90
2026-09-15T14:30,179,8,0.00,719,17.20,80,3.90
2026-09-15T14:40,166,5,0.00,712,17.20,79,3.40
2026-09-15T14:50,170,8,0.00,696,17.10,80,3.80
2026-09-15T15:00,168,3,0.00,688,17.40,80,3.80
2026-09-15T15:10,171,4,0.00,670,17.40,79,4.50
2026-09-15T15:20,168,8,0.00,652,17.30,79,4.10
2026-09-15T15:30,175,6,0.00,638,17.40,77,4.50
2026-09-15T15:40,171,4,0.00,614,17.40,77,4.10
2026-09-15T15:50,173,5,0.00,592,17.40,76,4.20
2026-09-15T16:00,173,9,0.00,573,17.40,76,4.10
2026-09-15T16:10,172,6,0.00,551,17.50,76,4.10
2026-09-15T16:20,179,6,0.00,527,17.70,74,4.10
2026-09-15T16:30,163,5,0.00,502,17.60,75,4.00
2026-09-15T16:40,169,5,0.00,476,17.50,76,4.00
2026-09-15T16:50,171,2,0.00,449,17.40,76,4.50
2026-09-15T17:00,170,5,0.00,420,17.40,76,5.00
2026-09-15T17:10,173,6,0.00,391,17.60,77,5.30
2026-09-15T17:20,180,5,0.00,363,17.50,78,5.80
2026-09-15T17:30,178,6,0.00,335,17.40,77,5.40
2026-09-15T17:40,177,8,0.00,306,17.30,79,5.30
2026-09-15T17:50,174,8,0.00,277,17.20,80,5.20
2026-09-15T18:00,173,8,0.00,245,16.80,81,4.90
2026-09-15T18:10,173,6,0.00,214,16.70,81,5.10
2026-09-15T18:20,173,7,0.00,184,16.50,82,4.60
2026-09-15T18:30,171,7,0.00,155,16.30,83,4.40
2026-09-15T18:40,171,8,0.00,125,16.20,84,4.20
2026-09-15T18:50,176,8,0.00,94,16.00,85,4.60
2026-09-15T19:00,172,8,0.00,65,15.80,85,4.60
2026-09-15T19:10,171,8,0.00,28,15.50,86,4.20
2026-09-15T19:20,166,10,0.00,18,15.20,88,4.10
2026-09-15T19:30,165,8,0.00,10,15.10,89,3.80
2026-09-15T19:40,163,10,0.00,5,15.00,89,3.60
2026-09-15T19:50,168,9,0.00,0,14.90,90,3.60
2026-09-15T20:00,168,10,0.00,0,14.90,90,3.20
2026-09-15T20:10,162,10,0.00,0,15.00,91,3.10
2026-09-15T20:20,157,10,0.00,0,14.90,91,3.10
2026-09-15T20:30,150,10,0.00,0,14.90,91,2.70
2026-09-15T20:40,150,10,0.00,0,15.00,91,2.70
2026-09-15T20:50,157,10,0.00,0,15.10,90,3.10
2026-09-15T21:00,156,11,0.00,0,15.20,90,2.90
2026-09-15T21:10,151,11,0.00,0,15.20,90,2.60
2026-09-15T21:20,157,10,0.00,0,15.20,90,2.50
2026-09-15T21:30,158,11,0.00,0,15.20,89,2.30
2026-09-15T21:40,172,10,0.00,0,15.30,88,2.50
2026-09-15T21:50,164,9,0.00,0,15.40,88,2.50
2026-09-15T22:00,158,11,0.00,0,15.30,88,2.50
2026-09-15T22:10,165,11,0.00,0,15.30,88,2.50
2026-09-15T22:20,173,10,0.00,0,15.40,88,2.40
2026-09-15T22:30,177,10,0.00,0,15.50,87,2.40
2026-09-15T22:40,177,10,0.00,0,15.50,87,2.20
2026-09-15T22:50,188,10,0.00,0,15.50,86,2.00
2026-09-15T23:00,182,10,0.00,0,15.50,86,1.80
2026-09-15T23:10,165,9,0.00,0,15.50,86,1.30
2026-09-15T23:20,167,9,0.00,0,15.40,87,1.20
2026-09-15T23:30,162,9,0.00,0,15.40,87,1.40
2026-09-15T23:40,189,9,0.00,0,15.40,86,0.50
2026-09-15T23:50,225,9,0.00,0,15.50,86,0.40
2026-09-16T00:00,,9,0.00,0,15.50,86,0.00
2026-09-16T00:10,193,9,0.00,0,15.50,86,0.50
2026-09-16T00:20,164,9,0.00,0,15.50,86,0.70
2026-09-16T00:30,,9,0.00,0,15.50,86,0.00
2026-09-16T00:40,,9,0.00,0,15.50,85,0.00
2026-09-16T00:50,167,9,0.00,0,15.50,86,1.10
2026-09-16T01:00,216,8,0.00,0,15.40,87,1.00
2026-09-16T01:10,207,10,0.00,0,15.20,88,1.00
2026-09-16T01:20,224,10,0.00,0,15.10,89,1.10
2026-09-16T01:30,216,9,0.00,0,15.10,90,0.80
2026-09-16T01:40,201,10,0.00,0,15.10,90,0.70
2026-09-16T01:50,203,10,0.00,0,15.00,90,1.20
2026-09-16T02:00,216,10,0.00,0,14.90,91,1.20
2026-09-16T02:10,224,10,0.00,0,14.90,91,1.10
2026-09-16T02:20,229,10,0.00,0,14.90,91,0.50
2026-09-16T02:30,206,9,0.00,0,14.80,91,0.50
2026-09-16T02:40,174,10,0.00,0,14.80,91,0.70
2026-09-16T02:50,165,10,0.00,0,14.90,90,1.00
2026-09-16T03:00,209,9,0.00,0,14.90,90,1.20
2026-09-16T03:10,201,8,0.00,0,14.70,92,1.90
2026-09-16T03:20,199,8,0.00,0,14.60,93,2.10
2026-09-16T03:30,204,8,0.00,0,14.60,93,2.30
2026-09-16T03:40,204,8,0.00,0,14.60,93,2.30
2026-09-16T03:50,198,8,0.00,0,14.60,94,2.30
2026-09-16T04:00,194,8,0.00,0,14.60,93,2.00
2026-09-16T04:10,186,8,0.00,0,14.60,93,2.00
2026-09-16T04:20,188,8,0.00,0,14.60,93,2.20
2026-09-16T04:30,176,8,0.00,0,14.60,93,1.90
2026-09-16T04:40,171,8,0.00,0,14.60,94,2.10
2026-09-16T04:50,177,7,0.00,0,14.50,94,2.30
2026-09-16T05:00,184,8,0.00,0,14.50,94,2.30
2026-09-16T05:10,183,8,0.00,0,14.40,94,2.90
2026-09-16T05:20,177,7,0.00,0,14.40,94,3.10
2026-09-16T05:30,182,8,0.00,0,14.40,95,3.10
2026-09-16T05:40,188,10,0.00,0,14.30,95,2.80
2026-09-16T05:50,185,9,0.00,0,14.30,95,2.60
2026-09-16T06:00,184,9,0.00,0,14.30,95,2.90
2026-09-16T06:10,185,9,0.00,0,14.30,96,3.00
2026-09-16T06:20,188,9,0.00,0,14.30,96,2.90
2026-09-16T06:30,194,9,0.00,0,14.10,96,2.90
2026-09-16T06:40,196,7,0.00,0,14.10,96,3.20
2026-09-16T06:50,189,7,0.00,0,14.10,96,3.00
2026-09-16T07:00,183,7,0.00,0,14.20,96,2.90
2026-09-16T07:10,181,6,0.00,6,14.10,97,2.80
2026-09-16T07:20,187,4,0.00,9,14.00,97,2.90
2026-09-16T07:30,186,-999,0.00,15,13.90,97,3.10
2026-09-16T07:40,182,3,0.00,23,13.80,97,2.70
2026-09-16T07:50,179,5,0.00,34,13.90,97,2.70
2026-09-16T08:00,172,-999,0.00,42,14.00,97,2.10
2026-09-16T08:10,196,-999,0.00,49,14.10,97,2.50
2026-09-16T08:20,195,-999,0.00,68,14.20,97,2.60
2026-09-16T08:30,191,-999,0.00,147,14.40,97,2.70
2026-09-16T08:40,190,-999,0.00,222,14.60,97,2.70
2026-09-16T08:50,175,-999,0.00,182,14.70,96,1.90
2026-09-16T09:00,161,-999,0.00,172,14.80,95,1.60
2026-09-16T09:10,177,-999,0.00,139,14.90,95,1.10
2026-09-16T09:20,130,-999,0.00,189,15.10,95,1.60
2026-09-16T09:30,161,5,0.00,222,15.20,94,1.00
2026-09-16T09:40,121,6,0.00,188,15.20,93,1.10
2026-09-16T09:50,150,4,0.00,177,15.30,93,1.30
2026-09-16T10:00,114,-999,0.00,250,15.40,92,1.30
2026-09-16T10:10,124,5,0.00,275,15.30,92,1.70
2026-09-16T10:20,150,5,0.00,297,15.50,92,1.30
2026-09-16T10:30,165,4,0.00,312,15.70,92,1.40
2026-09-16T10:40,177,5,0.00,239,15.70,90,1.90
2026-09-16T10:50,168,6,0.00,349,15.80,90,2.00
2026-09-16T11:00,185,5,0.00,430,15.80,88,1.60
2026-09-16T11:10,165,5,0.00,396,16.00,86,1.80
2026-09-16T11:20,151,5,0.00,408,16.10,87,2.20
2026-09-16T11:30,139,6,0.00,432,16.00,87,2.70
2026-09-16T11:40,142,7,0.00,464,15.90,88,2.80
2026-09-16T11:50,139,7,0.00,329,15.80,88,2.70
2026-09-16T12:00,143,5,0.00,618,15.90,89,2.90
2026-09-16T12:10,156,9,0.00,730,16.70,87,2.80
2026-09-16T12:20,154,7,0.00,639,16.90,84,3.10
2026-09-16T12:30,158,7,0.00,680,16.90,84,3.50
2026-09-16T12:40,161,9,0.00,635,17.00,84,3.30
2026-09-16T12:50,153,7,0.00,585,16.80,86,3.50
2026-09-16T13:00,153,8,0.00,342,16.80,88,3.70
2026-09-16T13:10,175,6,0.00,571,16.90,89,4.40
2026-09-16T13:20,182,7,0.00,610,17.10,89,4.80
2026-09-16T13:30,175,8,0.00,459,17.10,89,4.60
2026-09-16T13:40,180,9,0.00,603,16.90,89,5.20
2026-09-16T13:50,184,8,0.00,587,16.90,89,5.20
2026-09-16T14:00,180,3,0.00,698,17.40,86,5.50
2026-09-16T14:10,178,8,0.00,634,17.80,83,5.30
2026-09-16T14:20,176,7,0.00,727,17.90,84,5.90
2026-09-16T14:30,179,7,0.00,715,18.00,82,5.70
2026-09-16T14:40,181,1,0.00,711,18.60,81,5.90
2026-09-16T14:50,182,7,0.00,672,18.20,82,6.30
2026-09-16T15:00,187,8,0.00,692,18.30,82,6.10
2026-09-16T15:10,182,7,0.00,655,18.10,83,6.30
2026-09-16T15:20,177,8,0.00,631,18.20,83,6.10
2026-09-16T15:30,185,6,0.00,615,18.00,84,6.20
2026-09-16T15:40,181,7,0.00,633,17.90,84,6.60
2026-09-16T15:50,178,4,0.00,602,18.00,82,6.40
2026-09-16T16:00,182,7,0.00,612,18.60,80,6.10
2026-09-16T16:10,186,6,0.00,344,18.10,80,6.20
2026-09-16T16:20,183,6,0.00,127,16.80,85,6.90
2026-09-16T16:30,183,7,0.00,85,16.30,87,6.30
2026-09-16T16:40,190,9,0.00,65,16.00,88,6.50
2026-09-16T16:50,189,8,0.00,86,15.90,89,6.60
2026-09-16T17:00,185,4,0.00,129,16.00,89,6.60
2026-09-16T17:10,186,7,0.00,280,16.40,89,6.20
2026-09-16T17:20,188,4,0.00,215,16.40,89,6.50
2026-09-16T17:30,183,7,0.00,152,16.00,91,6.00
2026-09-16T17:40,179,5,0.00,115,15.90,90,5.40
2026-09-16T17:50,174,6,0.00,100,15.80,89,5.30
2026-09-16T18:00,191,8,0.00,95,15.90,89,5.00
2026-09-16T18:10,200,7,0.00,41,15.80,89,5.30
2026-09-16T18:20,206,7,0.00,10,15.50,90,4.60
2026-09-16T18:30,207,6,0.00,10,15.30,91,3.40
2026-09-16T18:40,231,8,0.00,9,15.30,91,2.00
2026-09-16T18:50,229,8,0.00,7,15.30,90,1.60
2026-09-16T19:00,173,5,0.20,11,15.40,89,2.10
2026-09-16T19:10,139,-999,0.20,25,15.20,91,3.80
2026-09-16T19:20,146,6,0.20,27,15.10,93,3.00
2026-09-16T19:30,152,4,0.00,16,15.00,94,2.60
2026-09-16T19:40,156,5,0.00,10,14.90,94,2.40
2026-09-16T19:50,137,4,0.00,0,14.80,94,1.40
2026-09-16T20:00,323,-999,0.00,0,14.80,94,0.90
2026-09-16T20:10,332,-999,0.00,0,14.70,95,1.90
2026-09-16T20:20,347,-999,0.00,0,14.50,96,1.00
2026-09-16T20:30,326,-999,0.00,0,14.50,96,0.60
2026-09-16T20:40,352,-999,0.00,0,14.40,96,1.40
2026-09-16T20:50,356,-999,0.40,0,14.40,96,1.60
2026-09-16T21:00,337,6,0.40,0,14.30,97,1.60
2026-09-16T21:10,346,4,0.20,0,14.20,97,1.70
2026-09-16T21:20,16,0,0.20,0,14.20,97,1.10
2026-09-16T21:30,17,2,0.00,0,14.10,98,1.20
2026-09-16T21:40,,2,0.20,0,14.20,98,0.00
2026-09-16T21:50,289,0,0.00,0,14.20,98,0.30
2026-09-16T22:00,14,-999,0.00,0,14.20,98,1.40
2026-09-16T22:10,20,-999,0.00,0,14.20,98,0.70
2026-09-16T22:20,,-999,0.00,0,14.30,98,0.00
2026-09-16T22:30,358,-999,0.00,0,14.20,98,0.70
2026-09-16T22:40,350,-999,0.20,0,14.10,98,1.90
2026-09-16T22:50,353,-999,0.00,0,13.90,98,2.20
2026-09-16T23:00,38,-999,0.00,0,13.80,99,0.50
2026-09-16T23:10,119,-999,0.00,0,13.90,99,2.00
2026-09-16T23:20,105,-999,0.00,0,13.90,98,2.60
2026-09-16T23:30,144,-999,0.00,0,13.60,98,2.70
2026-09-16T23:40,142,-999,0.00,0,13.60,97,2.10
2026-09-16T23:50,106,-999,0.00,0,13.70,95,1.10
2026-09-17T00:00,56,-999,0.00,0,13.80,95,0.80
2026-09-17T00:10,144,-999,0.00,0,13.90,96,1.20
2026-09-17T00:20,188,-999,0.00,0,13.90,95,0.90
2026-09-17T00:30,193,-999,0.00,0,13.90,94,1.20
2026-09-17T00:40,,-999,0.00,0,13.90,94,0.00
2026-09-17T00:50,28,-999,0.00,0,13.90,95,0.60
2026-09-17T01:00,134,-999,0.00,0,13.80,96,0.40
2026-09-17T01:10,53,-999,0.00,0,13.80,95,0.40
2026-09-17T01:20,17,-999,0.00,0,14.00,95,1.10
2026-09-17T01:30,25,-999,0.00,0,13.90,96,0.90
2026-09-17T01:40,30,0,0.00,0,13.90,95,1.10
2026-09-17T01:50,37,1,0.00,0,13.90,94,1.40
2026-09-17T02:00,17,1,0.00,0,14.00,92,2.10
2026-09-17T02:10,341,2,0.00,0,13.90,93,2.00
2026-09-17T02:20,355,1,0.00,0,13.50,95,1.90
2026-09-17T02:30,346,2,0.00,0,13.20,96,2.20
2026-09-17T02:40,348,3,0.00,0,13.30,96,1.60
2026-09-17T02:50,347,2,0.00,0,13.60,95,1.50
2026-09-17T03:00,6,2,0.00,0,13.50,93,1.70
2026-09-17T03:10,357,4,0.00,0,13.20,94,2.40
2026-09-17T03:20,7,6,0.00,0,12.90,96,2.20
2026-09-17T03:30,354,5,0.00,0,12.90,97,1.80
2026-09-17T03:40,348,6,0.00,0,12.80,97,1.20
2026-09-17T03:50,352,3,0.00,0,12.70,97,1.10
2026-09-17T04:00,343,6,0.00,0,12.70,97,1.80
2026-09-17T04:10,354,4,0.00,0,12.40,96,1.80
2026-09-17T04:20,13,5,0.00,0,12.10,95,2.90
2026-09-17T04:30,18,1,0.00,0,12.20,93,2.60
2026-09-17T04:40,12,3,0.00,0,12.20,93,1.90
2026-09-17T04:50,359,4,0.00,0,12.50,92,2.90
2026-09-17T05:00,8,0,0.00,0,13.10,85,2.50
2026-09-17T05:10,7,4,0.00,0,13.50,82,2.40
2026-09-17T05:20,10,3,0.00,0,13.70,82,2.60
2026-09-17T05:30,2,2,0.00,0,13.60,83,2.00
2026-09-17T05:40,4,2,0.00,0,12.90,85,2.00
2026-09-17T05:50,7,3,0.00,0,12.50,88,3.30
2026-09-17T06:00,13,7,0.00,0,12.70,85,3.70
2026-09-17T06:10,8,1,0.00,0,12.60,82,2.90
2026-09-17T06:20,346,0,0.00,0,12.40,82,3.30
2026-09-17T06:30,340,1,0.00,0,12.30,83,3.60
2026-09-17T06:40,334,0,0.00,0,12.10,83,2.50
2026-09-17T06:50,351,-999,0.00,0,12.50,77,2.20
2026-09-17T07:00,351,-999,0.00,0,12.40,75,2.00
2026-09-17T07:10,2,3,0.00,0,12.10,75,1.10
2026-09-17T07:20,10,7,0.00,8,12.10,75,1.80
2026-09-17T07:30,14,2,0.00,12,12.10,75,3.40
2026-09-17T07:40,20,2,0.00,16,12.10,73,3.80
2026-09-17T07:50,14,-999,0.00,33,12.30,71,5.20
2026-09-17T08:00,16,-999,0.00,87,12.70,68,5.40
2026-09-17T08:10,7,-999,0.00,84,12.70,68,2.70
2026-09-17T08:20,16,-999,0.00,135,12.60,68,4.80
2026-09-17T08:30,22,5,0.00,191,13.00,64,4.30
2026-09-17T08:40,24,7,0.00,239,13.20,63,4.70
2026-09-17T08:50,19,8,0.00,231,13.30,62,3.90
2026-09-17T09:00,19,5,0.00,276,13.40,61,4.10
2026-09-17T09:10,25,5,0.00,275,13.40,61,2.50
2026-09-17T09:20,18,6,0.00,337,13.50,60,2.60
2026-09-17T09:30,11,1,0.00,380,13.90,58,2.40
2026-09-17T09:40,14,4,0.00,411,14.00,58,2.70
2026-09-17T09:50,17,6,0.00,361,14.00,57,3.10
2026-09-17T10:00,358,5,0.00,354,14.10,55,2.20
2026-09-17T10:10,354,2,0.00,505,14.30,57,1.90
2026-09-17T10:20,17,4,0.00,515,14.40,57,2.90
2026-09-17T10:30,17,5,0.00,536,14.60,56,3.10
2026-09-17T10:40,20,4,0.00,561,14.80,58,3.70
2026-09-17T10:50,25,0,0.00,582,14.90,58,3.50
2026-09-17T11:00,23,-999,0.00,600,15.10,57,2.50
2026-09-17T11:10,352,2,0.00,618,15.50,57,1.40
2026-09-17T11:20,354,-999,0.00,637,15.60,55,1.60
2026-09-17T11:30,345,5,0.00,656,15.50,55,2.30
2026-09-17T11:40,8,4,0.00,671,15.80,53,1.40
2026-09-17T11:50,345,3,0.00,685,16.00,50,1.30
2026-09-17T12:00,291,0,0.00,699,16.40,55,1.20
2026-09-17T12:10,237,0,0.00,715,16.30,65,2.00
2026-09-17T12:20,193,-999,0.00,724,16.10,71,2.60
2026-09-17T12:30,176,3,0.00,737,16.40,69,2.40
2026-09-17T12:40,178,0,0.00,737,16.30,66,2.40
2026-09-17T12:50,179,1,0.00,740,16.40,63,3.10
2026-09-17T13:00,173,-999,0.00,745,16.40,60,3.80
2026-09-17T13:10,173,3,0.00,734,16.30,62,4.20
2026-09-17T13:20,169,2,0.00,701,15.90,66,4.10
2026-09-17T13:30,168,0,0.00,696,16.00,69,4.70
2026-09-17T13:40,164,4,0.00,690,16.00,69,4.90
2026-09-17T13:50,172,2,0.00,743,16.00,69,4.90
2026-09-17T14:00,179,4,0.00,731,15.90,69,5.50
2026-09-17T14:10,176,0,0.00,697,16.20,70,5.20
2026-09-17T14:20,176,2,0.00,755,16.20,72,5.90
2026-09-17T14:30,181,1,0.00,692,16.30,76,6.10
2026-09-17T14:40,188,4,0.00,691,16.20,79,6.50
2026-09-17T14:50,186,5,0.00,630,16.50,80,6.40
2026-09-17T15:00,189,7,0.00,609,16.00,83,6.20
2026-09-17T15:10,186,2,0.00,460,15.90,84,6.30
2026-09-17T15:20,190,4,0.00,455,16.00,84,6.10
2026-09-17T15:30,185,3,0.00,444,15.70,84,5.90
2026-09-17T15:40,183,3,0.00,513,15.90,84,6.00
2026-09-17T15:50,187,5,0.00,455,16.00,84,5.70
2026-09-17T16:00,187,5,0.00,513,15.60,85,5.60
2026-09-17T16:10,188,3,0.00,345,15.70,85,5.90
2026-09-17T16:20,198,5,0.00,341,15.30,87,6.40
2026-09-17T16:30,195,5,0.00,204,15.00,89,6.10
2026-09-17T16:40,196,6,0.00,243,14.80,91,6.50
2026-09-17T16:50,194,4,0.00,176,14.70,91,7.00
2026-09-17T17:00,193,1,0.00,114,14.40,93,6.90
2026-09-17T17:10,190,4,0.00,94,14.10,95,6.80
2026-09-17T17:20,191,4,0.00,131,14.00,95,5.80
2026-09-17T17:30,186,2,0.00,134,14.10,96,5.10
2026-09-17T17:40,179,3,0.00,80,14.00,95,5.20
2026-09-17T17:50,191,3,0.00,81,13.90,96,5.90
2026-09-17T18:00,188,8,0.00,129,13.90,97,5.70
2026-09-17T18:10,186,4,0.00,90,13.90,98,5.30
2026-09-17T18:20,178,4,0.00,61,13.70,98,5.10
2026-09-17T18:30,181,6,0.00,32,13.70,98,4.90
2026-09-17T18:40,187,5,0.00,35,13.70,98,5.50
2026-09-17T18:50,184,6,0.00,25,13.60,99,5.50
2026-09-17T19:00,186,0,0.00,19,13.50,99,5.60
2026-09-17T19:10,186,5,0.00,12,13.50,99,5.70
2026-09-17T19:20,184,4,0.00,9,13.50,99,5.60
2026-09-17T19:30,192,5,0.00,5,13.40,99,4.90
2026-09-17T19:40,187,8,0.00,0,13.30,99,4.00
2026-09-17T19:50,188,7,0.00,0,13.20,99,4.10
2026-09-17T20:00,185,8,0.00,0,13.10,99,3.70
2026-09-17T20:10,181,8,0.00,0,13.10,99,3.80
2026-09-17T20:20,183,7,0.00,0,13.00,99,3.50
2026-09-17T20:30,176,7,0.00,0,12.90,99,3.20
2026-09-17T20:40,192,6,0.00,0,12.90,99,3.20
2026-09-17T20:50,195,4,0.00,0,12.90,99,2.60
2026-09-17T21:00,179,6,0.00,0,12.70,99,2.10
2026-09-17T21:10,168,6,0.00,0,12.60,99,2.10
2026-09-17T21:20,164,7,0.00,0,12.70,99,2.60
2026-09-17T21:30,171,8,0.00,0,12.80,99,2.50
2026-09-17T21:40,167,5,0.00,0,12.90,99,3.10
2026-09-17T21:50,178,7,0.00,0,12.70,99,3.00
2026-09-17T22:00,178,6,0.00,0,12.70,99,3.40
2026-09-17T22:10,156,6,0.00,0,12.70,99,2.10
2026-09-17T22:20,156,7,0.00,0,12.60,99,2.70
2026-09-17T22:30,153,6,0.00,0,12.60,99,3.20
2026-09-17T22:40,160,6,0.00,0,12.40,99,3.20
2026-09-17T22:50,177,2,0.00,0,12.20,99,3.70
2026-09-17T23:00,176,4,0.00,0,12.00,99,3.90
2026-09-17T23:10,165,1,0.00,0,11.90,99,3.70
2026-09-17T23:20,155,8,0.00,0,12.00,99,4.20
2026-09-17T23:30,160,1,0.00,0,11.90,99,4.20
2026-09-17T23:40,181,0,0.00,0,11.90,99,5.10
2026-09-17T23:50,183,-999,0.00,0,11.90,99,5.20
2026-09-18T00:00,186,-999,0.00,0,12.00,99,5.50
2026-09-18T00:10,184,-999,0.00,0,12.00,99,5.20
2026-09-18T00:20,182,-999,0.00,0,11.90,99,5.70
2026-09-18T00:30,181,8,0.00,0,11.70,99,5.60
2026-09-18T00:40,173,6,0.00,0,11.70,99,4.80
2026-09-18T00:50,160,-999,0.00,0,11.70,99,5.00
2026-09-18T01:00,143,-999,0.00,0,11.70,99,5.30
2026-09-18T01:10,154,-999,0.00,0,11.70,99,5.30
2026-09-18T01:20,153,-999,0.00,0,11.60,99,5.30
2026-09-18T01:30,162,-999,0.00,0,11.60,99,5.50
2026-09-18T01:40,159,-999,0.00,0,11.50,99,5.70
2026-09-18T01:50,159,-999,0.00,0,11.60,99,6.40
2026-09-18T02:00,159,-999,0.00,0,11.50,99,6.30
2026-09-18T02:10,159,-999,0.00,0,11.50,99,5.90
2026-09-18T02:20,160,-999,0.00,0,11.60,99,4.70
2026-09-18T02:30,174,-999,0.00,0,11.60,99,5.20
2026-09-18T02:40,174,-999,0.00,0,11.60,99,5.30
2026-09-18T02:50,164,-999,0.00,0,11.50,99,4.50
2026-09-18T03:00,162,-999,0.00,0,11.30,99,4.10
2026-09-18T03:10,172,-999,0.00,0,11.40,99,5.10
2026-09-18T03:20,172,-999,0.00,0,11.40,99,6.10
2026-09-18T03:30,164,-999,0.00,0,11.40,99,5.90
2026-09-18T03:40,159,-999,0.00,0,11.50,99,5.80
2026-09-18T03:50,166,-999,0.00,0,11.40,99,5.10
2026-09-18T04:00,171,-999,0.00,0,11.50,99,3.70
2026-09-18T04:10,174,-999,0.00,0,11.40,99,3.30
2026-09-18T04:20,180,-999,0.00,0,11.40,99,3.50
2026-09-18T04:30,167,-999,0.00,0,11.40,99,3.00
2026-09-18T04:40,187,-999,0.00,0,11.50,99,2.60
2026-09-18T04:50,180,-999,0.00,0,11.50,99,1.80
2026-09-18T05:00,152,-999,0.00,0,11.40,99,2.30
2026-09-18T05:10,138,-999,0.00,0,11.40,99,2.20
2026-09-18T05:20,124,-999,0.00,0,11.30,99,2.50
2026-09-18T05:30,93,0,0.00,0,11.30,99,1.50
2026-09-18T05:40,83,-999,0.00,0,11.20,99,0.80
2026-09-18T05:50,62,-999,0.00,0,11.20,99,1.30
2026-09-18T06:00,54,0,0.00,0,11.30,99,0.50
2026-09-18T06:10,18,0,0.00,0,11.30,99,1.40
2026-09-18T06:20,,3,0.00,0,11.30,99,0.00
2026-09-18T06:30,200,2,0.00,0,11.20,99,1.60
2026-09-18T06:40,220,2,0.00,0,11.30,99,0.70
2026-09-18T06:50,220,2,0.00,0,11.30,99,0.60
2026-09-18T07:00,254,3,0.00,0,11.50,99,0.70
2026-09-18T07:10,300,2,0.00,0,11.70,99,0.80
2026-09-18T07:20,12,3,0.00,0,11.50,99,0.60
2026-09-18T07:30,30,3,0.00,5,11.40,99,0.70
2026-09-18T07:40,93,4,0.00,7,11.50,99,0.70
2026-09-18T07:50,144,4,0.00,15,11.50,99,0.60
2026-09-18T08:00,133,-999,0.00,15,11.60,99,0.90
2026-09-18T08:10,157,-999,0.00,16,11.70,99,1.00
2026-09-18T08:20,191,-999,0.00,17,11.50,99,1.00
2026-09-18T08:30,,-999,0.20,11,11.60,99,0.00
2026-09-18T08:40,123,-999,0.00,12,11.70,99,0.40
2026-09-18T08:50,,-999,0.40,10,11.70,99,0.00
2026-09-18T09:00,140,-999,1.20,16,11.70,99,0.90
2026-09-18T09:10,104,-999,1.80,25,11.60,99,0.70
2026-09-18T09:20,,-999,0.40,20,11.70,99,0.00
2026-09-18T09:30,117,-999,0.40,37,11.70,99,1.40
2026-09-18T09:40,114,-999,0.60,62,11.70,99,2.00
2026-09-18T09:50,135,2,0.40,47,11.70,99,2.10
2026-09-18T10:00,145,4,0.20,33,11.70,99,2.00
2026-09-18T10:10,145,4,0.60,39,11.70,99,1.90
2026-09-18T10:20,151,3,0.40,60,11.80,99,2.00
2026-09-18T10:30,159,2,0.40,91,11.70,99,2.30
2026-09-18T10:40,164,5,0.20,155,11.70,99,1.90
2026-09-18T10:50,154,1,0.20,146,11.80,99,1.60
2026-09-18T11:00,149,3,0.00,165,11.90,99,1.70
2026-09-18T11:10,154,0,0.20,135,12.00,99,1.60
2026-09-18T11:20,168,-999,0.20,126,11.80,99,1.80
2026-09-18T11:30,170,-999,0.20,133,11.80,99,1.90
2026-09-18T11:40,165,0,0.60,119,11.70,99,2.20
2026-09-18T11:50,163,1,0.20,125,11.80,99,2.20
2026-09-18T12:00,163,2,0.40,193,11.90,99,2.20
2026-09-18T12:10,159,1,0.00,308,12.20,99,2.30
2026-09-18T12:20,157,1,0.00,265,12.40,99,3.00
2026-09-18T12:30,162,3,0.00,192,12.20,99,2.70
2026-09-18T12:40,161,2,0.00,123,12.00,99,3.30
2026-09-18T12:50,162,-999,0.20,120,11.80,99,3.60
2026-09-18T13:00,162,-999,0.20,173,11.40,99,3.90
2026-09-18T13:10,172,-999,0.00,154,11.40,99,4.00
2026-09-18T13:20,177,-999,0.00,197,11.50,99,4.20
2026-09-18T13:30,168,-999,0.00,222,11.60,99,3.80
2026-09-18T13:40,165,-999,0.00,353,11.60,99,3.80
2026-09-18T13:50,167,3,0.00,346,11.90,99,4.10
2026-09-18T14:00,161,-999,0.00,265,11.90,99,3.90
2026-09-18T14:10,161,1,0.00,215,11.70,99,3.20
2026-09-18T14:20,165,-999,0.00,170,11.50,99,2.70
2026-09-18T14:30,161,-999,0.00,202,11.80,99,3.00
2026-09-18T14:40,148,3,0.00,246,11.90,99,3.30
2026-09-18T14:50,137,3,0.00,259,12.10,99,3.50
2026-09-18T15:00,129,2,0.00,273,12.10,99,4.10
2026-09-18T15:10,127,0,0.00,258,11.90,99,3.90
2026-09-18T15:20,127,-999,0.00,311,11.40,99,3.50
2026-09-18T15:30,132,4,0.00,308,11.10,99,2.80
2026-09-18T15:40,142,0,0.00,301,11.10,99,2.00
2026-09-18T15:50,152,5,0.00,352,11.20,99,2.10
2026-09-18T16:00,158,-999,0.00,574,12.20,99,2.80
2026-09-18T16:10,180,4,0.00,470,12.40,99,2.10
2026-09-18T16:20,170,2,0.00,429,12.70,99,1.50
2026-09-18T16:30,181,1,0.00,533,14.20,94,1.80
2026-09-18T16:40,161,1,0.00,468,14.20,86,1.30
2026-09-18T16:50,152,-999,0.00,375,14.00,84,1.40
2026-09-18T17:00,194,0,0.00,320,14.00,89,1.20
2026-09-18T17:10,227,5,0.00,484,14.40,86,1.00
2026-09-18T17:20,196,-999,0.00,176,14.40,85,1.90
2026-09-18T17:30,206,-999,0.00,142,13.50,91,1.50
2026-09-18T17:40,191,-7,0.00,165,13.40,90,1.30
2026-09-18T17:50,196,0,0.00,159,13.90,90,0.40
2026-09-18T18:00,153,6,0.00,149,13.90,90,0.60
2026-09-18T18:10,,-999,0.00,158,13.80,89,0.00
2026-09-18T18:20,175,-999,0.00,210,14.10,90,1.00
2026-09-18T18:30,150,-999,0.00,174,14.20,86,0.80
2026-09-18T18:40,112,-999,0.00,139,14.00,83,0.60
2026-09-18T18:50,,0,0.00,81,14.30,85,0.00
2026-09-18T19:00,99,7,0.00,56,14.00,89,0.40
2026-09-18T19:10,16,7,0.00,34,13.40,90,0.90
2026-09-18T19:20,16,10,0.00,12,13.00,93,1.30
2026-09-18T19:30,5,10,0.00,6,12.80,95,1.20
2026-09-18T19:40,355,10,0.00,0,12.80,97,1.70
2026-09-18T19:50,3,10,0.00,0,12.70,98,1.50
2026-09-18T20:00,349,11,0.00,0,12.40,97,1.60
2026-09-18T20:10,358,9,0.00,0,12.50,96,1.60
2026-09-18T20:20,359,9,0.00,0,12.50,97,1.50
2026-09-18T20:30,352,8,0.00,0,12.30,97,2.10
2026-09-18T20:40,6,11,0.00,0,12.20,91,1.40
2026-09-18T20:50,359,9,0.00,0,12.30,89,1.50
2026-09-18T21:00,5,8,0.00,0,12.30,86,1.50
2026-09-18T21:10,11,9,0.00,0,12.50,84,1.50
2026-09-18T21:20,343,6,0.00,0,12.50,83,2.20
2026-09-18T21:30,351,8,0.00,0,12.20,86,2.00
2026-09-18T21:40,345,7,0.00,0,12.20,87,2.10
2026-09-18T21:50,343,6,0.00,0,12.30,89,2.10
2026-09-18T22:00,2,7,0.00,0,12.40,89,0.90
2026-09-18T22:10,355,4,0.00,0,12.40,89,1.00
2026-09-18T22:20,344,8,0.00,0,12.00,91,1.90
2026-09-18T22:30,344,7,0.00,0,12.20,89,2.00
2026-09-18T22:40,351,9,0.00,0,12.20,89,1.60
2026-09-18T22:50,345,-999,0.00,0,12.00,92,2.20
2026-09-18T23:00,350,7,0.00,0,11.90,93,1.70
2026-09-18T23:10,347,-999,0.00,0,12.00,92,1.40
2026-09-18T23:20,330,-999,0.00,0,12.10,90,1.30
2026-09-18T23:30,344,-999,0.00,0,11.90,93,2.10
2026-09-18T23:40,340,-999,0.00,0,12.00,92,1.20
2026-09-18T23:50,341,-999,0.00,0,12.20,90,1.80
2026-09-19T00:00,354,-999,0.00,0,12.20,91,1.20
2026-09-19T00:10,343,-999,0.00,0,12.20,91,1.60
2026-09-19T00:20,59,-999,0.00,0,12.20,91,0.50
2026-09-19T00:30,179,-999,0.00,0,12.30,91,2.10
2026-09-19T00:40,196,-999,0.00,0,12.20,91,2.30
2026-09-19T00:50,213,-999,0.00,0,12.30,90,1.90
2026-09-19T01:00,207,-999,0.00,0,12.40,88,1.80
2026-09-19T01:10,213,0,0.00,0,12.40,88,1.90
2026-09-19T01:20,209,-999,0.00,0,12.40,88,1.60
2026-09-19T01:30,200,-999,0.00,0,12.60,86,1.20
2026-09-19T01:40,232,-999,0.00,0,12.60,86,0.90
2026-09-19T01:50,261,-999,0.00,0,12.50,87,1.00
2026-09-19T02:00,264,0,0.00,0,12.50,87,1.20
2026-09-19T02:10,270,-999,0.00,0,12.50,87,1.10
2026-09-19T02:20,248,-999,0.00,0,12.40,88,1.20
2026-09-19T02:30,266,-999,0.00,0,12.50,87,1.40
2026-09-19T02:40,334,0,0.00,0,12.20,90,1.40
2026-09-19T02:50,349,-999,0.00,0,11.60,94,0.90
2026-09-19T03:00,344,-999,0.00,0,11.80,93,0.70
2026-09-19T03:10,,-999,0.00,0,12.00,92,0.00
2026-09-19T03:20,8,-999,0.00,0,12.10,90,0.70
2026-09-19T03:30,349,4,0.00,0,12.10,90,1.00
2026-09-19T03:40,349,-999,0.00,0,12.20,89,0.80
2026-09-19T03:50,354,-999,0.00,0,12.20,89,0.90
2026-09-19T04:00,351,5,0.00,0,11.90,90,1.30
2026-09-19T04:10,356,-999,0.00,0,11.60,93,0.80
2026-09-19T04:20,13,4,0.00,0,11.80,91,1.30
2026-09-19T04:30,359,5,0.00,0,11.80,91,0.80
2026-09-19T04:40,339,-999,0.00,0,12.20,87,1.20
2026-09-19T04:50,336,-999,0.00,0,12.30,87,1.20
2026-09-19T05:00,336,-999,0.00,0,12.00,89,1.80
2026-09-19T05:10,342,8,0.00,0,11.40,92,2.60
2026-09-19T05:20,354,9,0.00,0,11.30,94,2.30
2026-09-19T05:30,2,12,0.00,0,11.30,94,1.80
2026-09-19T05:40,345,10,0.00,0,11.20,94,2.00
2026-09-19T05:50,353,10,0.00,0,11.10,93,2.20
2026-09-19T06:00,4,9,0.00,0,11.20,92,1.70
2026-09-19T06:10,12,4,0.00,0,11.30,91,2.10
2026-09-19T06:20,4,7,0.00,0,11.50,90,2.20
2026-09-19T06:30,354,8,0.00,0,11.60,89,2.10
2026-09-19T06:40,353,8,0.00,0,11.20,91,1.40
2026-09-19T06:50,3,9,0.00,0,11.10,92,1.90
2026-09-19T07:00,22,8,0.00,0,11.40,91,1.20
2026-09-19T07:10,92,6,0.00,0,11.70,89,0.90
2026-09-19T07:20,113,6,0.00,9,11.50,90,0.80
2026-09-19T07:30,231,6,0.20,26,11.60,90,0.90
2026-09-19T07:40,200,8,0.00,50,11.70,90,1.00
2026-09-19T07:50,,8,0.00,59,12.00,89,0.00
2026-09-19T08:00,3,4,0.00,61,11.80,89,1.20
2026-09-19T08:10,14,4,0.00,69,11.70,88,0.80
2026-09-19T08:20,131,10,0.00,134,12.00,88,0.70
2026-09-19T08:30,122,8,0.00,195,12.60,89,1.50
2026-09-19T08:40,144,7,0.00,179,12.70,89,1.50
2026-09-19T08:50,145,-999,0.00,99,12.60,89,0.90
2026-09-19T09:00,136,8,0.00,188,12.50,89,0.60
2026-09-19T09:10,186,3,0.00,275,13.00,87,0.70
2026-09-19T09:20,113,3,0.00,327,13.50,86,0.60
2026-09-19T09:30,127,,0.00,316,13.60,84,1.50
2026-09-19T09:40,132,6,0.00,398,13.70,85,1.90
2026-09-19T09:50,143,8,0.00,482,14.10,84,1.30
2026-09-19T10:00,208,7,0.00,581,14.60,83,0.50
2026-09-19T10:10,245,3,0.00,622,14.50,83,0.90
2026-09-19T10:20,264,4,0.00,507,14.10,83,1.20
2026-09-19T10:30,287,9,0.00,567,14.20,83,0.90
2026-09-19T10:40,262,7,0.00,425,14.30,80,1.20
2026-09-19T10:50,245,0,0.00,179,13.90,80,1.00
2026-09-19T11:00,251,-999,0.00,239,13.80,82,0.80
2026-09-19T11:10,227,-999,0.00,450,13.90,82,1.60
2026-09-19T11:20,218,7,0.00,395,14.00,80,1.40
2026-09-19T11:30,213,3,0.00,645,14.50,81,1.40
2026-09-19T11:40,211,3,0.00,696,15.30,81,1.30
2026-09-19T11:50,194,6,0.00,716,15.60,80,2.10
2026-09-19T12:00,180,1,0.00,703,15.80,80,2.30
2026-09-19T12:10,174,6,0.00,708,15.90,77,2.10
2026-09-19T12:20,169,11,0.00,719,15.30,78,2.50
2026-09-19T12:30,157,1,0.00,727,16.00,80,2.80
2026-09-19T12:40,158,6,0.00,736,15.60,79,2.70
2026-09-19T12:50,163,1,0.00,741,15.40,79,3.20
2026-09-19T13:00,166,3,0.00,746,15.40,83,3.60
2026-09-19T13:10,164,7,0.00,749,15.50,77,3.80
2026-09-19T13:20,174,6,0.00,750,15.60,75,4.00
2026-09-19T13:30,161,7,0.00,749,15.70,75,4.20
2026-09-19T13:40,178,2,0.00,748,15.60,74,4.10
2026-09-19T13:50,169,3,0.00,744,15.80,73,4.40
2026-09-19T14:00,170,5,0.00,741,16.10,72,4.10
2026-09-19T14:10,175,1,0.00,735,16.00,70,4.00
2026-09-19T14:20,180,2,0.00,727,15.90,73,3.90
2026-09-19T14:30,183,-999,0.00,719,16.40,72,4.30
2026-09-19T14:40,176,7,0.00,708,16.20,74,4.10
2026-09-19T14:50,168,3,0.00,696,16.50,70,3.30
2026-09-19T15:00,,,0.00,682,16.40,69,
2026-09-19T15:10,172,3,0.00,667,16.50,70,3.60
2026-09-19T15:20,179,4,0.00,650,16.50,75,3.60
2026-09-19T15:30,168,2,0.00,632,16.80,72,3.80
2026-09-19T15:40,166,4,0.00,613,16.60,73,3.60
2026-09-19T15:50,164,0,0.00,593,16.80,69,3.00
2026-09-19T16:00,178,2,0.00,565,17.00,67,3.60
2026-09-19T16:10,175,4,0.00,548,16.70,72,3.90
2026-09-19T16:20,176,1,0.00,524,16.70,72,4.10
2026-09-19T16:30,175,3,0.00,494,16.80,73,4.00
2026-09-19T16:40,180,4,0.00,462,16.80,73,4.40
2026-09-19T16:50,180,3,0.00,440,16.90,74,4.60
2026-09-19T17:00,180,0,0.00,411,16.60,70,5.10
2026-09-19T17:10,176,5,0.00,390,16.60,74,4.80
2026-09-19T17:20,176,5,0.00,363,16.60,73,4.60
2026-09-19T17:30,185,3,0.00,324,16.60,71,4.20
2026-09-19T17:40,186,2,0.00,286,16.50,76,4.50
2026-09-19T17:50,189,2,0.00,254,16.20,77,4.40
2026-09-19T18:00,185,-999,0.00,232,16.30,76,4.10
2026-09-19T18:10,186,3,0.00,211,16.10,78,4.00
2026-09-19T18:20,185,-999,0.00,176,15.90,79,4.00
2026-09-19T18:30,186,1,0.00,131,15.70,80,3.70
2026-09-19T18:40,177,0,0.00,85,15.50,81,3.90
2026-09-19T18:50,173,3,0.00,45,14.80,84,4.00
2026-09-19T19:00,166,3,0.00,35,14.50,85,3.80
2026-09-19T19:10,163,5,0.00,34,14.30,85,3.70
2026-09-19T19:20,158,5,0.00,15,13.90,84,3.60
2026-09-19T19:30,159,6,0.00,8,13.90,85,3.40
2026-09-19T19:40,157,7,0.00,0,13.70,85,3.10
2026-09-19T19:50,161,5,0.00,0,13.80,85,3.10
2026-09-19T20:00,163,5,0.00,0,13.80,86,2.70
2026-09-19T20:10,167,4,0.00,0,14.20,85,2.50
2026-09-19T20:20,165,7,0.00,0,14.00,85,2.50
2026-09-19T20:30,179,7,0.00,0,14.30,83,2.00
2026-09-19T20:40,185,6,0.00,0,14.40,81,1.70
2026-09-19T20:50,190,6,0.00,0,14.50,75,1.10
2026-09-19T21:00,,6,0.00,0,14.70,69,0.00
2026-09-19T21:10,347,5,0.00,0,14.40,77,1.30
2026-09-19T21:20,350,6,0.00,0,14.20,79,0.90
2026-09-19T21:30,335,5,0.00,0,14.40,78,1.80
2026-09-19T21:40,342,4,0.00,0,14.20,81,1.70
2026-09-19T21:50,344,3,0.00,0,14.20,81,1.00
2026-09-19T22:00,337,6,0.00,0,14.40,76,1.40
2026-09-19T22:10,349,-999,0.00,0,14.40,80,1.60
2026-09-19T22:20,355,5,0.00,0,14.30,82,1.40
2026-09-19T22:30,2,6,0.00,0,13.90,84,2.00
2026-09-19T22:40,358,6,0.00,0,13.70,85,2.30
2026-09-19T22:50,358,4,0.00,0,13.40,88,1.70
2026-09-19T23:00,353,6,0.00,0,13.40,88,2.40
2026-09-19T23:10,347,6,0.00,0,13.30,88,2.10
2026-09-19T23:20,355,5,0.00,0,13.40,87,2.40
2026-09-19T23:30,347,6,0.00,0,13.40,87,1.80
2026-09-19T23:40,5,3,0.00,0,13.40,87,2.00
2026-09-19T23:50,351,6,0.00,0,13.50,86,1.40
2026-09-20T00:00,344,2,0.00,0,13.60,85,1.70
2026-09-20T00:10,338,6,0.00,0,13.60,84,1.40
2026-09-20T00:20,347,7,0.00,0,13.70,83,1.30
2026-09-20T00:30,,4,0.00,0,13.70,83,0.00
2026-09-20T00:40,168,6,0.00,0,14.00,80,1.10
2026-09-20T00:50,171,7,0.00,0,14.10,81,1.10
2026-09-20T01:00,170,7,0.00,0,14.00,84,0.80
2026-09-20T01:10,163,7,0.00,0,13.90,84,1.60
2026-09-20T01:20,161,6,0.00,0,13.60,86,2.20
2026-09-20T01:30,158,6,0.00,0,13.50,87,1.90
2026-09-20T01:40,141,7,0.00,0,13.70,86,1.80
2026-09-20T01:50,147,6,0.00,0,13.90,85,1.90
2026-09-20T02:00,147,5,0.00,0,14.00,85,1.80
2026-09-20T02:10,154,8,0.00,0,14.10,84,1.20
2026-09-20T02:20,71,8,0.00,0,14.00,84,0.50
2026-09-20T02:30,129,8,0.00,0,13.80,84,0.50
2026-09-20T02:40,151,7,0.00,0,14.00,83,0.90
2026-09-20T02:50,,7,0.00,0,14.00,81,0.00
2026-09-20T03:00,344,7,0.00,0,13.70,84,0.90
2026-09-20T03:10,342,8,0.00,0,13.60,85,1.20
2026-09-20T03:20,3,8,0.00,0,13.50,86,1.10
2026-09-20T03:30,154,9,0.00,0,13.50,85,0.60
2026-09-20T03:40,,9,0.00,0,13.80,79,0.00
2026-09-20T03:50,,10,0.00,0,13.90,82,0.00
2026-09-20T04:00,,8,0.00,0,13.60,86,0.00
2026-09-20T04:10,,9,0.00,0,13.40,85,0.00
2026-09-20T04:20,,7,0.00,0,13.80,82,0.00
2026-09-20T04:30,,-999,0.00,0,13.90,81,0.00
2026-09-20T04:40,,-999,0.00,0,13.90,82,0.00
2026-09-20T04:50,,4,0.00,0,13.80,83,0.00
2026-09-20T05:00,,-999,0.00,0,13.60,84,0.00
2026-09-20T05:10,,-999,0.00,0,13.30,85,0.00
2026-09-20T05:20,,-999,0.00,0,13.30,85,0.00
2026-09-20T05:30,351,3,0.00,0,13.30,85,1.30
2026-09-20T05:40,341,2,0.00,0,12.80,88,1.70
2026-09-20T05:50,348,5,0.00,0,12.60,89,0.90
2026-09-20T06:00,339,6,0.00,0,12.70,89,0.50
2026-09-20T06:10,334,7,0.00,0,12.70,89,1.50
2026-09-20T06:20,344,8,0.00,0,12.70,88,2.00
2026-09-20T06:30,350,3,0.00,0,12.60,87,2.40
2026-09-20T06:40,2,2,0.00,0,12.60,86,1.80
2026-09-20T06:50,357,7,0.00,0,12.70,87,1.60
2026-09-20T07:00,354,4,0.00,0,12.80,86,1.70
2026-09-20T07:10,353,5,0.00,6,13.00,85,1.20
2026-09-20T07:20,341,8,0.00,9,13.10,84,2.30
2026-09-20T07:30,345,3,0.00,23,13.10,84,2.30
2026-09-20T07:40,352,4,0.00,41,12.80,85,2.40
2026-09-20T07:50,353,8,0.00,57,12.70,86,2.00
2026-09-20T08:00,355,7,0.00,78,13.00,83,1.70
2026-09-20T08:10,356,9,0.00,74,13.10,82,1.70
2026-09-20T08:20,352,4,0.00,89,13.20,82,1.60
2026-09-20T08:30,347,4,0.00,109,13.20,83,2.50
2026-09-20T08:40,357,3,0.00,185,13.40,83,1.60
2026-09-20T08:50,348,4,0.00,209,14.00,81,1.80
2026-09-20T09:00,354,0,0.00,250,14.10,81,1.30
2026-09-20T09:10,1,-999,0.00,287,14.20,80,1.40
2026-09-20T09:20,14,0,0.00,293,14.40,78,1.10
2026-09-20T09:30,347,-999,0.00,352,14.80,75,1.10
2026-09-20T09:40,0,2,0.00,369,14.90,75,1.50
2026-09-20T09:50,9,4,0.00,324,14.90,74,1.20
2026-09-20T10:00,19,5,0.00,433,15.00,72,1.20
2026-09-20T10:10,41,3,0.00,459,15.80,74,0.60
2026-09-20T10:20,,5,0.00,479,16.50,74,0.00
2026-09-20T10:30,342,3,0.00,494,16.30,76,0.60
2026-09-20T10:40,195,5,0.00,498,16.70,79,0.80
2026-09-20T10:50,159,2,0.00,538,16.80,80,1.70
2026-09-20T11:00,153,0,0.00,568,16.80,78,1.80
2026-09-20T11:10,148,-999,0.00,592,17.00,76,1.40
2026-09-20T11:20,153,7,0.00,619,17.30,77,1.40
2026-09-20T11:30,159,4,0.00,629,17.10,78,2.10
2026-09-20T11:40,158,6,0.00,653,17.20,78,2.20
2026-09-20T11:50,162,2,0.00,668,17.10,76,2.60
2026-09-20T12:00,146,6,0.00,684,16.90,78,3.30
2026-09-20T12:10,158,5,0.00,696,16.80,75,2.90
2026-09-20T12:20,152,4,0.00,709,16.70,77,3.30
2026-09-20T12:30,169,5,0.00,718,16.80,76,3.00
2026-09-20T12:40,155,4,0.00,730,17.10,75,2.90
2026-09-20T12:50,153,6,0.00,739,16.90,77,3.20
2026-09-20T13:00,158,3,0.00,743,16.90,78,3.70
2026-09-20T13:10,159,5,0.00,716,16.90,79,3.60
2026-09-20T13:20,161,3,0.00,715,17.00,80,3.60
2026-09-20T13:30,157,1,0.00,678,16.90,81,4.00
2026-09-20T13:40,156,1,0.00,740,16.90,81,3.70
2026-09-20T13:50,156,3,0.00,657,17.00,80,3.60
2026-09-20T14:00,165,0,0.00,694,17.00,82,3.90
2026-09-20T14:10,158,4,0.00,698,16.90,80,3.40
2026-09-20T14:20,159,2,0.00,652,17.10,79,3.50
2026-09-20T14:30,164,4,0.00,638,17.20,79,3.70
2026-09-20T14:40,160,1,0.00,609,17.40,79,4.30
2026-09-20T14:50,161,3,0.00,694,17.40,76,4.30
2026-09-20T15:00,162,4,0.00,708,17.60,71,4.10
2026-09-20T15:10,162,3,0.00,757,17.70,71,4.30
2026-09-20T15:20,167,0,0.00,635,17.90,72,4.20
2026-09-20T15:30,170,-999,0.00,588,17.80,74,3.90
2026-09-20T15:40,171,1,0.00,603,17.90,75,3.90
2026-09-20T15:50,163,0,0.00,546,17.80,74,4.00
2026-09-20T16:00,163,5,0.00,264,17.20,74,4.10
2026-09-20T16:10,156,3,0.00,434,17.10,76,3.80
2026-09-20T16:20,161,3,0.00,448,17.50,73,3.70
2026-09-20T16:30,153,3,0.00,403,17.40,74,3.40
2026-09-20T16:40,146,2,0.00,367,17.40,77,3.40
2026-09-20T16:50,148,4,0.00,417,17.40,77,2.70
2026-09-20T17:00,145,1,0.00,305,17.00,76,2.60
2026-09-20T17:10,138,3,0.00,316,17.20,77,2.50
2026-09-20T17:20,129,-999,0.00,260,17.10,78,2.40
2026-09-20T17:30,122,-999,0.00,127,16.70,78,2.50
2026-09-20T17:40,112,5,0.00,98,16.40,82,2.60
2026-09-20T17:50,104,5,0.00,96,16.40,82,2.40
2026-09-20T18:00,103,8,0.00,90,16.50,81,2.20
2026-09-20T18:10,102,-999,0.00,85,16.50,82,1.90
2026-09-20T18:20,31,-999,0.00,69,16.40,83,0.90
2026-09-20T18:30,348,-999,0.00,72,16.40,83,1.80
2026-09-20T18:40,1,8,0.00,65,16.30,82,1.50
2026-09-20T18:50,350,-999,0.00,62,16.20,82,2.30
2026-09-20T19:00,346,-999,0.00,55,16.10,83,2.90
2026-09-20T19:10,343,7,0.00,33,15.70,84,2.50
2026-09-20T19:20,11,10,0.00,14,15.60,85,2.20
2026-09-20T19:30,10,8,0.00,6,15.50,86,2.90
2026-09-20T19:40,12,8,0.00,0,15.40,86,3.60
2026-09-20T19:50,1,5,0.00,0,15.40,85,2.40
2026-09-20T20:00,14,8,0.00,0,15.40,86,4.20
2026-09-20T20:10,16,6,0.00,0,15.90,81,4.80
2026-09-20T20:20,13,5,0.00,0,15.90,81,2.70
2026-09-20T20:30,5,3,0.00,0,15.60,84,4.50
2026-09-20T20:40,332,4,0.00,0,15.40,86,2.70
2026-09-20T20:50,10,5,0.00,0,15.20,86,2.80
2026-09-20T21:00,11,-999,0.00,0,15.40,85,2.70
2026-09-20T21:10,3,2,0.00,0,15.60,84,2.70
2026-09-20T21:20,353,7,0.00,0,16.10,79,2.70
2026-09-20T21:30,1,7,0.00,0,16.20,79,1.50
2026-09-20T21:40,15,9,0.00,0,16.30,77,2.40
2026-09-20T21:50,10,3,0.00,0,16.40,76,2.20
2026-09-20T22:00,8,7,0.00,0,16.20,77,2.50
2026-09-20T22:10,344,7,0.00,0,16.60,74,1.20
2026-09-20T22:20,357,6,0.00,0,16.80,71,2.40
2026-09-20T22:30,358,6,0.00,0,16.70,70,1.90
2026-09-20T22:40,12,8,0.00,0,16.60,70,2.70
2026-09-20T22:50,17,7,0.00,0,16.80,67,4.30
2026-09-20T23:00,18,5,0.00,0,16.90,63,4.50
2026-09-20T23:10,22,4,0.00,0,17.00,61,2.70
2026-09-20T23:20,9,6,0.00,0,17.00,61,1.70
2026-09-20T23:30,20,4,0.00,0,16.50,64,2.90
2026-09-20T23:40,38,-999,0.00,0,17.30,55,2.90
2026-09-20T23:50,2,4,0.00,0,17.50,53,1.30
2026-09-21T00:00,30,0,0.00,0,17.50,52,1.60
2026-09-21T00:10,9,2,0.00,0,17.70,49,2.40
2026-09-21T00:20,15,3,0.00,0,17.60,48,2.30
2026-09-21T00:30,27,6,0.00,0,17.70,48,3.30
2026-09-21T00:40,24,5,0.00,0,17.80,46,4.10
2026-09-21T00:50,334,7,0.00,0,17.90,43,2.40
2026-09-21T01:00,16,5,0.00,0,17.90,42,1.70
2026-09-21T01:10,33,-999,0.00,0,17.70,42,3.80
2026-09-21T01:20,27,2,0.00,0,17.70,42,3.90
2026-09-21T01:30,34,4,0.00,0,17.80,40,4.90
2026-09-21T01:40,20,7,0.00,0,17.60,41,5.80
2026-09-21T01:50,21,1,0.00,0,17.40,41,7.90
2026-09-21T02:00,21,3,0.00,0,17.30,41,8.50
2026-09-21T02:10,23,1,0.00,0,17.50,40,7.20
2026-09-21T02:20,20,5,0.00,0,17.20,41,4.50
2026-09-21T02:30,25,1,0.00,0,16.90,42,4.40
2026-09-21T02:40,16,3,0.00,0,17.00,41,3.70
2026-09-21T02:50,26,1,0.00,0,16.80,42,4.00
2026-09-21T03:00,25,2,0.00,0,16.80,42,4.20
2026-09-21T03:10,45,2,0.00,0,16.50,43,2.20
2026-09-21T03:20,22,0,0.00,0,16.60,43,5.70
2026-09-21T03:30,18,1,0.00,0,16.40,43,6.20
2026-09-21T03:40,32,1,0.00,0,16.40,43,5.20
2026-09-21T03:50,20,2,0.00,0,16.40,43,6.60
2026-09-21T04:00,34,0,0.00,0,16.30,43,5.20
2026-09-21T04:10,21,2,0.00,0,16.20,43,7.60
2026-09-21T04:20,20,4,0.00,0,16.20,43,8.40
2026-09-21T04:30,24,-999,0.00,0,16.10,43,5.50
2026-09-21T04:40,24,2,0.00,0,15.90,44,4.70
2026-09-21T04:50,27,3,0.00,0,16.00,43,3.60
2026-09-21T05:00,350,4,0.00,0,16.00,43,2.60
2026-09-21T05:10,334,1,0.00,0,15.90,43,3.50
2026-09-21T05:20,328,4,0.00,0,16.00,43,2.50
2026-09-21T05:30,319,1,0.00,0,16.00,43,2.70
2026-09-21T05:40,29,4,0.00,0,16.00,42,5.30
2026-09-21T05:50,32,1,0.00,0,16.10,42,3.10
2026-09-21T06:00,13,4,0.00,0,16.00,42,3.60
2026-09-21T06:10,28,4,0.00,0,16.20,41,6.30
2026-09-21T06:20,20,1,0.00,0,16.20,41,3.40
2026-09-21T06:30,23,3,0.00,0,16.00,42,4.90
2026-09-21T06:40,49,3,0.00,0,15.90,42,4.90
2026-09-21T06:50,26,1,0.00,0,15.90,42,5.30
2026-09-21T07:00,29,2,0.00,0,16.00,41,6.00
2026-09-21T07:10,15,-999,0.00,0,16.10,41,4.40
2026-09-21T07:20,36,3,0.00,7,16.00,40,7.40
2026-09-21T07:30,33,0,0.00,18,16.10,39,5.80
2026-09-21T07:40,18,0,0.00,29,16.20,39,4.40
2026-09-21T07:50,44,-999,0.00,40,16.10,39,3.30
2026-09-21T08:00,32,-999,0.00,56,16.10,39,4.50
2026-09-21T08:10,25,-999,0.00,80,16.00,39,3.80
2026-09-21T08:20,34,-999,0.00,134,16.10,39,5.30
2026-09-21T08:30,34,-999,0.00,168,16.40,38,4.70
2026-09-21T08:40,13,-999,0.00,195,16.20,40,2.90
2026-09-21T08:50,32,4,0.00,224,16.10,40,4.60
2026-09-21T09:00,29,2,0.00,177,16.10,39,5.90
2026-09-21T09:10,29,-999,0.00,138,16.00,39,3.50
2026-09-21T09:20,30,3,0.00,143,16.10,38,5.60
2026-09-21T09:30,27,3,0.00,141,16.40,37,7.70
2026-09-21T09:40,26,2,0.00,157,16.40,36,6.70
2026-09-21T09:50,27,0,0.00,264,16.60,36,3.40
2026-09-21T10:00,23,4,0.00,408,17.00,35,5.70
2026-09-21T10:10,15,1,0.00,440,17.40,34,5.90
2026-09-21T10:20,24,4,0.00,429,17.50,33,7.20
2026-09-21T10:30,28,4,0.00,468,17.60,34,4.30
2026-09-21T10:40,23,0,0.00,463,17.60,35,3.00
2026-09-21T10:50,22,3,0.00,484,17.70,35,5.00
2026-09-21T11:00,20,5,0.00,522,17.90,34,3.60
2026-09-21T11:10,26,4,0.00,535,18.00,34,5.90
2026-09-21T11:20,19,6,0.00,542,18.10,34,5.00
2026-09-21T11:30,27,6,0.00,565,18.50,32,3.70
2026-09-21T11:40,24,4,0.00,553,18.50,34,3.00
2026-09-21T11:50,25,2,0.00,594,18.70,33,3.20
2026-09-21T12:00,12,5,0.00,576,18.90,32,2.80
2026-09-21T12:10,351,4,0.00,589,19.00,31,2.80
2026-09-21T12:20,341,6,0.00,565,19.30,31,2.00
2026-09-21T12:30,4,5,0.00,586,19.40,32,2.20
2026-09-21T12:40,17,4,0.00,570,19.30,32,2.10
2026-09-21T12:50,354,5,0.00,611,19.30,33,2.30
2026-09-21T13:00,355,3,0.00,760,19.70,31,2.20
2026-09-21T13:10,12,5,0.00,772,20.00,30,2.20
2026-09-21T13:20,341,1,0.00,688,20.40,29,1.80
2026-09-21T13:30,357,6,0.00,680,20.40,30,1.70
2026-09-21T13:40,307,-999,0.00,636,20.50,31,1.30
2026-09-21T13:50,340,3,0.00,698,20.40,31,1.30
2026-09-21T14:00,331,3,0.00,651,20.50,28,1.00
2026-09-21T14:10,331,6,0.00,437,20.40,27,1.10
2026-09-21T14:20,21,6,0.00,680,20.20,30,1.50
2026-09-21T14:30,340,4,0.00,649,20.50,29,1.70
2026-09-21T14:40,325,3,0.00,692,21.00,28,1.40
2026-09-21T14:50,241,6,0.00,613,20.80,43,1.50
2026-09-21T15:00,166,6,0.00,598,20.60,43,1.50
2026-09-21T15:10,190,7,0.00,572,21.00,42,1.20
2026-09-21T15:20,212,6,0.00,589,21.10,40,0.90
2026-09-21T15:30,210,7,0.00,585,21.60,39,1.10
2026-09-21T15:40,255,6,0.00,527,21.10,41,1.30
2026-09-21T15:50,345,6,0.00,542,20.70,43,0.50
2026-09-21T16:00,42,2,0.00,498,20.40,44,0.80
2026-09-21T16:10,307,6,0.00,511,20.50,40,1.10
2026-09-21T16:20,283,4,0.00,471,20.80,39,1.60
2026-09-21T16:30,8,7,0.00,443,21.00,36,0.40
2026-09-21T16:40,303,8,0.00,438,20.50,39,1.80
2026-09-21T16:50,352,7,0.00,436,20.70,32,1.20
2026-09-21T17:00,332,6,0.00,401,20.90,33,1.10
2026-09-21T17:10,341,4,0.00,364,20.50,35,1.50
2026-09-21T17:20,335,5,0.00,316,20.50,32,1.90
2026-09-21T17:30,344,7,0.00,280,20.10,33,1.70
2026-09-21T17:40,2,4,0.00,256,19.60,33,2.80
2026-09-21T17:50,18,1,0.00,222,19.40,34,3.80
2026-09-21T18:00,17,4,0.00,224,19.70,29,3.70
2026-09-21T18:10,16,5,0.00,174,19.40,31,4.20
2026-09-21T18:20,20,4,0.00,138,19.40,27,2.90
2026-09-21T18:30,19,5,0.00,104,19.30,28,4.80
2026-09-21T18:40,18,4,0.00,83,19.20,27,4.70
2026-09-21T18:50,20,1,0.00,59,18.80,26,4.70
2026-09-21T19:00,19,4,0.00,36,18.90,24,5.70
2026-09-21T19:10,20,3,0.00,22,18.60,24,5.40
2026-09-21T19:20,24,1,0.00,10,18.60,22,6.50
2026-09-21T19:30,19,8,0.00,0,18.80,21,7.60
2026-09-21T19:40,21,8,0.00,0,18.80,21,7.10
2026-09-21T19:50,26,2,0.00,0,18.80,21,8.00
2026-09-21T20:00,27,7,0.00,0,18.60,21,6.70
2026-09-21T20:10,18,3,0.00,0,18.40,21,6.00
2026-09-21T20:20,17,2,0.00,0,18.60,20,7.80
2026-09-21T20:30,18,1,0.00,0,18.40,20,5.50
2026-09-21T20:40,20,4,0.00,0,18.20,19,4.70
2026-09-21T20:50,22,3,0.00,0,18.20,19,6.00
2026-09-21T21:00,20,1,0.00,0,18.00,19,6.30
2026-09-21T21:10,19,3,0.00,0,17.80,19,7.50
2026-09-21T21:20,16,4,0.00,0,17.80,18,7.70
2026-09-21T21:30,27,4,0.00,0,17.60,19,7.30
2026-09-21T21:40,19,0,0.00,0,17.50,19,9.10
2026-09-21T21:50,15,5,0.00,0,17.60,19,9.10
2026-09-21T22:00,21,3,0.00,0,17.40,20,5.30
2026-09-21T22:10,28,3,0.00,0,17.10,20,5.20
2026-09-21T22:20,22,2,0.00,0,16.80,22,7.20
2026-09-21T22:30,24,1,0.00,0,16.70,21,8.60
2026-09-21T22:40,18,4,0.00,0,16.90,21,10.50
2026-09-21T22:50,21,3,0.00,0,16.70,21,8.60
2026-09-21T23:00,24,3,0.00,0,16.60,20,8.30
2026-09-21T23:10,19,2,0.00,0,16.50,21,10.10
2026-09-21T23:20,17,2,0.00,0,16.40,20,10.10
2026-09-21T23:30,20,3,0.00,0,16.30,21,8.30
2026-09-21T23:40,23,5,0.00,0,16.20,20,9.20
2026-09-21T23:50,28,5,0.00,0,16.20,20,7.00
2026-09-22T00:00,18,5,0.00,0,15.90,21,8.70
2026-09-22T00:10,23,4,0.00,0,15.70,21,8.80
2026-09-22T00:20,23,3,0.00,0,15.90,20,9.00
2026-09-22T00:30,30,5,0.00,0,15.80,19,8.50
2026-09-22T00:40,24,4,0.00,0,15.70,19,8.10
2026-09-22T00:50,21,5,0.00,0,15.60,20,7.60
2026-09-22T01:00,18,4,0.00,0,15.30,21,8.50
2026-09-22T01:10,19,4,0.00,0,15.00,23,8.10
2026-09-22T01:20,19,5,0.00,0,15.20,21,8.20
2026-09-22T01:30,18,2,0.00,0,15.20,21,7.00
2026-09-22T01:40,22,2,0.00,0,15.00,21,7.10
2026-09-22T01:50,20,4,0.00,0,14.90,20,7.40
2026-09-22T02:00,19,4,0.00,0,15.00,19,6.30
2026-09-22T02:10,20,3,0.00,0,14.90,19,6.80
2026-09-22T02:20,19,5,0.00,0,15.10,18,6.60
2026-09-22T02:30,20,5,0.00,0,15.20,18,6.10
2026-09-22T02:40,21,6,0.00,0,15.30,17,6.20
2026-09-22T02:50,17,5,0.00,0,15.50,16,5.80
2026-09-22T03:00,19,4,0.00,0,15.60,16,5.20
2026-09-22T03:10,19,3,0.00,0,15.30,17,6.10
2026-09-22T03:20,18,5,0.00,0,15.30,18,5.90
2026-09-22T03:30,17,4,0.00,0,14.80,19,5.80
2026-09-22T03:40,19,1,0.00,0,14.80,18,6.30
2026-09-22T03:50,19,4,0.00,0,14.50,19,6.00
2026-09-22T04:00,18,3,0.00,0,14.50,20,5.30
2026-09-22T04:10,22,4,0.00,0,14.60,18,2.90
2026-09-22T04:20,358,-999,0.00,0,14.60,18,1.60
2026-09-22T04:30,337,9,0.00,0,14.40,18,1.10
2026-09-22T04:40,277,7,0.00,0,14.10,22,1.60
2026-09-22T04:50,206,0,0.00,0,14.10,24,1.20
2026-09-22T05:00,201,3,0.00,0,14.00,26,1.50
2026-09-22T05:10,226,2,0.00,0,14.30,23,0.90
2026-09-22T05:20,214,3,0.00,0,14.50,20,0.90
2026-09-22T05:30,240,-999,0.00,0,14.60,21,1.40
2026-09-22T05:40,247,8,0.00,0,14.70,19,0.90
2026-09-22T05:50,272,9,0.00,0,14.60,19,0.90
2026-09-22T06:00,315,-999,0.00,0,14.80,17,0.90
2026-09-22T06:10,19,3,0.00,0,15.10,15,1.00
2026-09-22T06:20,,3,0.00,0,14.60,19,0.00
2026-09-22T06:30,188,4,0.00,0,14.10,22,1.40
2026-09-22T06:40,190,2,0.00,0,13.80,25,2.30
2026-09-22T06:50,173,2,0.00,0,13.70,24,2.10
2026-09-22T07:00,163,7,0.00,0,13.50,24,2.30
2026-09-22T07:10,173,-999,0.00,0,13.60,24,2.40
2026-09-22T07:20,183,5,0.00,6,13.80,23,2.00
2026-09-22T07:30,165,7,0.00,15,13.40,24,2.40
2026-09-22T07:40,172,9,0.00,33,13.80,23,2.40
2026-09-22T07:50,153,6,0.00,25,13.70,25,2.20
2026-09-22T08:00,145,-999,0.00,65,13.30,28,2.30
2026-09-22T08:10,133,-999,0.00,116,13.70,29,2.10
2026-09-22T08:20,142,-999,0.00,143,13.90,30,2.00
2026-09-22T08:30,164,7,0.00,172,13.50,32,2.20
2026-09-22T08:40,192,10,0.00,202,12.80,47,3.30
2026-09-22T08:50,198,10,0.00,231,12.40,60,3.10
2026-09-22T09:00,197,8,0.00,260,12.40,70,3.10
2026-09-22T09:10,184,8,0.00,290,12.50,75,2.80
2026-09-22T09:20,191,11,0.00,320,12.60,80,2.70
2026-09-22T09:30,180,8,0.00,348,13.00,79,2.70
2026-09-22T09:40,182,11,0.00,376,13.20,78,2.50
2026-09-22T09:50,187,5,0.00,405,13.30,76,2.30
2026-09-22T10:00,191,10,0.00,433,13.10,76,2.30
2026-09-22T10:10,181,5,0.00,460,13.70,76,2.50
2026-09-22T10:20,198,8,0.00,485,13.50,75,2.70
2026-09-22T10:30,200,,0.00,,13.20,80,2.50
2026-09-22T10:40,192,,0.00,,13.50,79,2.80
2026-09-22T10:50,187,4,0.00,553,13.60,81,2.90
2026-09-22T11:00,185,7,0.00,576,13.70,78,2.90
2026-09-22T11:10,187,3,0.00,596,13.70,80,3.20
2026-09-22T11:20,194,4,0.00,616,13.60,79,3.30
2026-09-22T11:30,184,4,0.00,632,14.10,76,2.90
2026-09-22T11:40,181,6,0.00,648,14.00,78,3.00
2026-09-22T11:50,167,8,0.00,663,14.60,74,2.80
2026-09-22T12:00,165,8,0.00,679,14.60,75,3.20
2026-09-22T12:10,164,4,0.00,691,14.50,74,3.10
2026-09-22T12:20,162,4,0.00,702,14.50,75,3.00
2026-09-22T12:30,164,4,0.00,711,14.60,74,2.70
2026-09-22T12:40,155,0,0.00,718,14.50,75,2.70
2026-09-22T12:50,146,2,0.00,723,14.50,74,2.90
2026-09-22T13:00,153,-999,0.00,727,15.00,75,3.10
2026-09-22T13:10,151,3,0.00,732,15.10,71,2.70
2026-09-22T13:20,148,2,0.00,733,15.30,71,2.90
2026-09-22T13:30,156,1,0.00,733,15.10,70,2.60
2026-09-22T13:40,154,3,0.00,729,15.50,71,2.80
2026-09-22T13:50,154,4,0.00,726,15.40,73,2.70
2026-09-22T14:00,150,4,0.00,721,15.60,72,2.30
2026-09-22T14:10,159,2,0.00,714,15.80,72,2.90
2026-09-22T14:20,154,3,0.00,707,15.60,72,3.10
2026-09-22T14:30,165,1,0.00,696,15.70,70,3.50
2026-09-22T14:40,157,3,0.00,688,15.60,70,3.40
2026-09-22T14:50,165,5,0.00,674,15.80,69,3.30
2026-09-22T15:00,163,7,0.00,660,16.10,68,3.50
2026-09-22T15:10,168,2,0.00,644,16.20,69,3.70
2026-09-22T15:20,162,3,0.00,626,16.30,65,3.40
2026-09-22T15:30,157,8,0.00,607,16.30,66,3.20
2026-09-22T15:40,160,0,0.00,587,16.20,63,3.10
2026-09-22T15:50,168,2,0.00,565,16.40,64,3.20
2026-09-22T16:00,160,4,0.00,543,16.40,65,3.40
2026-09-22T16:10,162,2,0.00,521,16.50,65,3.60
2026-09-22T16:20,165,4,0.00,497,16.10,63,4.00
2026-09-22T16:30,170,-999,0.00,472,16.30,62,4.00
2026-09-22T16:40,172,1,0.00,445,16.20,64,3.90
2026-09-22T16:50,170,-999,0.00,418,16.10,62,4.10
2026-09-22T17:00,169,1,0.00,392,15.90,67,4.40
2026-09-22T17:10,168,-999,0.00,362,15.80,70,4.10
2026-09-22T17:20,161,-999,0.00,334,15.60,71,3.70
2026-09-22T17:30,164,-999,0.00,303,15.60,71,3.90
2026-09-22T17:40,163,-999,0.00,274,15.50,72,3.80
2026-09-22T17:50,166,-999,0.00,244,15.30,72,3.80
2026-09-22T18:00,162,0,0.00,214,15.30,73,3.60
2026-09-22T18:10,161,1,0.00,185,15.10,74,3.50
2026-09-22T18:20,154,-999,0.00,155,14.70,75,3.10
2026-09-22T18:30,151,1,0.00,127,14.70,75,2.70
2026-09-22T18:40,151,-999,0.00,100,14.30,77,2.80
2026-09-22T18:50,133,-999,0.00,73,14.00,77,2.40
2026-09-22T19:00,135,-999,0.00,49,13.80,79,2.60
2026-09-22T19:10,144,-999,0.00,26,13.50,80,3.00
2026-09-22T19:20,149,3,0.00,8,13.20,80,2.60
2026-09-22T19:30,161,0,0.00,0,12.90,80,2.90
2026-09-22T19:40,168,3,0.00,0,13.10,79,3.00
2026-09-22T19:50,170,2,0.00,0,13.10,79,3.00
2026-09-22T20:00,169,0,0.00,0,13.10,80,2.80
2026-09-22T20:10,175,3,0.00,0,12.90,81,2.70
2026-09-22T20:20,172,5,0.00,0,12.90,81,2.50
2026-09-22T20:30,185,7,0.00,0,12.90,81,2.70
2026-09-22T20:40,191,6,0.00,0,12.80,81,2.70
2026-09-22T20:50,201,1,0.00,0,12.70,82,3.20
2026-09-22T21:00,203,4,0.00,0,12.60,82,3.70
2026-09-22T21:10,201,7,0.00,0,12.40,84,3.80
2026-09-22T21:20,204,2,0.00,0,12.30,85,4.30
2026-09-22T21:30,197,8,0.00,0,12.30,85,4.20
2026-09-22T21:40,192,9,0.00,0,12.30,86,4.00
2026-09-22T21:50,184,6,0.00,0,12.30,86,3.80
2026-09-22T22:00,178,9,0.00,0,12.20,87,3.40
2026-09-22T22:10,172,9,0.00,0,12.20,87,3.40
2026-09-22T22:20,178,0,0.00,0,12.00,89,4.00
2026-09-22T22:30,178,8,0.00,0,11.90,90,4.10
2026-09-22T22:40,178,9,0.00,0,11.70,92,4.40
2026-09-22T22:50,181,10,0.00,0,11.50,93,4.50
2026-09-22T23:00,182,8,0.00,0,11.40,94,4.90
2026-09-22T23:10,184,5,0.00,0,11.20,95,5.10
2026-09-22T23:20,185,8,0.00,0,11.10,96,5.50
2026-09-22T23:30,183,11,0.00,0,11.00,97,5.40
2026-09-22T23:40,179,10,0.00,0,11.00,97,5.50
2026-09-22T23:50,180,4,0.00,0,11.20,98,5.60
2026-09-23T00:00,179,6,0.00,0,11.30,98,5.70
2026-09-23T00:10,176,3,0.00,0,11.30,98,5.40
2026-09-23T00:20,173,7,0.00,0,11.20,98,5.00
2026-09-23T00:30,176,6,0.00,0,11.10,97,5.40
2026-09-23T00:40,181,0,0.00,0,11.10,97,5.20
2026-09-23T00:50,183,8,0.00,0,11.10,98,5.10
2026-09-23T01:00,184,2,0.00,0,11.10,98,5.20
2026-09-23T01:10,181,7,0.00,0,11.00,98,4.80
2026-09-23T01:20,160,6,0.00,0,10.70,98,4.80
2026-09-23T01:30,166,5,0.00,0,10.70,99,4.50
2026-09-23T01:40,183,-999,0.00,0,10.70,98,5.50
2026-09-23T01:50,182,-999,0.00,0,10.50,98,5.40
2026-09-23T02:00,187,1,0.00,0,10.20,96,5.40
2026-09-23T02:10,187,2,0.00,0,10.10,92,4.30
2026-09-23T02:20,188,1,0.00,0,10.00,88,5.30
2026-09-23T02:30,183,-999,0.00,0,9.90,87,5.90
2026-09-23T02:40,185,-999,0.00,0,9.50,84,6.30
2026-09-23T02:50,179,-999,0.00,0,9.50,82,5.40
2026-09-23T03:00,173,-999,0.00,0,9.50,80,5.00
2026-09-23T03:10,184,-999,0.00,0,9.50,82,5.30
2026-09-23T03:20,178,-999,0.00,0,9.40,79,5.60
2026-09-23T03:30,182,-999,0.00,0,9.50,80,6.00
2026-09-23T03:40,179,-999,0.00,0,9.50,78,6.30
2026-09-23T03:50,176,-999,0.00,0,9.60,79,5.80
2026-09-23T04:00,175,-999,0.00,0,9.50,81,5.70
2026-09-23T04:10,172,-999,0.00,0,9.50,81,5.50
2026-09-23T04:20,172,-999,0.00,0,9.50,81,5.20
2026-09-23T04:30,172,-999,0.00,0,9.60,78,5.30
2026-09-23T04:40,162,-999,0.00,0,9.50,80,4.20
2026-09-23T04:50,162,-999,0.00,0,9.50,79,4.40
2026-09-23T05:00,162,-999,0.00,0,9.50,79,4.30
2026-09-23T05:10,167,-999,0.00,0,9.60,76,4.90
2026-09-23T05:20,166,3,0.00,0,9.70,75,4.70
2026-09-23T05:30,175,4,0.00,0,9.70,74,5.30
2026-09-23T05:40,177,1,0.00,0,9.70,75,4.70
2026-09-23T05:50,184,3,0.00,0,9.80,74,5.10
2026-09-23T06:00,177,0,0.00,0,9.80,73,5.10
2026-09-23T06:10,180,3,0.00,0,9.80,73,4.90
2026-09-23T06:20,167,2,0.00,0,9.70,75,4.00
2026-09-23T06:30,160,1,0.00,0,9.60,77,3.70
2026-09-23T06:40,165,-999,0.00,0,9.50,79,4.00
2026-09-23T06:50,170,-999,0.00,0,9.40,80,3.90
2026-09-23T07:00,178,0,0.00,0,9.40,80,3.60
2026-09-23T07:10,182,-999,0.00,0,9.40,79,3.20
2026-09-23T07:20,186,-999,0.00,0,9.50,78,2.90
2026-09-23T07:30,185,-999,0.00,7,9.50,77,2.80
2026-09-23T07:40,185,-999,0.00,10,9.50,77,2.90
2026-09-23T07:50,185,-999,0.00,14,9.50,76,2.90
2026-09-23T08:00,178,-999,0.00,20,9.60,74,2.80
2026-09-23T08:10,170,-999,0.00,24,9.70,72,2.80
2026-09-23T08:20,161,-999,0.00,32,9.70,73,2.70
2026-09-23T08:30,150,-999,0.00,36,9.70,76,2.50
2026-09-23T08:40,159,-999,0.00,46,9.70,76,2.90
2026-09-23T08:50,156,-999,0.00,63,9.80,77,2.80
2026-09-23T09:00,158,-999,0.00,67,9.80,78,2.40
2026-09-23T09:10,173,-999,0.00,74,9.80,78,2.10
2026-09-23T09:20,175,0,0.00,89,9.90,75,2.10
2026-09-23T09:30,174,-999,0.00,99,10.00,75,2.40
2026-09-23T09:40,170,-999,0.00,125,10.00,74,2.70
2026-09-23T09:50,159,-999,0.00,150,10.10,74,2.90
2026-09-23T10:00,164,2,0.00,201,10.20,74,2.60
2026-09-23T10:10,162,-999,0.00,225,10.40,74,2.30
2026-09-23T10:20,176,-999,0.00,227,10.50,72,2.20
2026-09-23T10:30,191,2,0.00,280,10.50,71,2.40
2026-09-23T10:40,176,6,0.00,364,10.80,72,2.10
2026-09-23T10:50,184,2,0.00,385,11.10,70,2.40
2026-09-23T11:00,191,5,0.00,459,11.60,69,2.20
2026-09-23T11:10,190,2,0.00,437,11.50,68,2.40
2026-09-23T11:20,189,0,0.00,589,11.40,71,2.90
2026-09-23T11:30,180,3,0.00,581,11.50,71,2.70
2026-09-23T11:40,195,6,0.00,450,11.50,71,2.60
2026-09-23T11:50,199,4,0.00,561,11.90,71,2.70
2026-09-23T12:00,202,4,0.00,599,11.90,70,2.10
2026-09-23T12:10,183,0,0.00,647,12.50,70,1.80
2026-09-23T12:20,211,3,0.00,723,12.30,70,2.00
2026-09-23T12:30,192,2,0.00,710,12.60,70,2.40
2026-09-23T12:40,190,0,0.00,722,12.40,72,2.80
2026-09-23T12:50,186,2,0.00,727,12.80,71,2.80
2026-09-23T13:00,170,2,0.00,730,12.90,71,2.90
2026-09-23T13:10,155,5,0.00,729,13.00,70,2.60
2026-09-23T13:20,166,4,0.00,730,12.90,71,2.70
2026-09-23T13:30,174,4,0.00,728,13.10,70,3.10
2026-09-23T13:40,178,0,0.00,726,13.20,71,3.10
2026-09-23T13:50,193,-999,0.00,722,13.40,70,3.10
2026-09-23T14:00,173,3,0.00,719,13.00,71,2.90
2026-09-23T14:10,188,7,0.00,712,13.40,70,2.40
2026-09-23T14:20,179,2,0.00,705,13.50,68,2.90
2026-09-23T14:30,173,6,0.00,693,13.70,70,3.50
2026-09-23T14:40,167,9,0.00,681,13.80,69,2.90
2026-09-23T14:50,184,1,0.00,670,13.90,69,3.40
2026-09-23T15:00,184,2,0.00,655,13.90,69,3.10
2026-09-23T15:10,169,10,0.00,639,13.80,70,3.10
2026-09-23T15:20,166,3,0.00,621,13.80,70,3.40
2026-09-23T15:30,169,7,0.00,603,14.10,70,3.30
2026-09-23T15:40,171,8,0.00,583,14.00,70,3.90
2026-09-23T15:50,181,6,0.00,561,13.70,71,4.00
2026-09-23T16:00,179,7,0.00,538,13.80,70,4.00
2026-09-23T16:10,177,5,0.00,514,13.70,70,3.40
2026-09-23T16:20,165,7,0.00,489,13.80,70,3.70
2026-09-23T16:30,159,5,0.00,464,14.10,70,3.50
2026-09-23T16:40,165,3,0.00,436,13.90,70,3.30
2026-09-23T16:50,168,5,0.00,409,13.90,69,3.50
2026-09-23T17:00,165,5,0.00,382,13.80,69,3.60
2026-09-23T17:10,177,3,0.00,354,13.80,70,3.90
2026-09-23T17:20,172,3,0.00,325,13.60,71,4.20
2026-09-23T17:30,181,0,0.00,296,13.60,72,4.20
2026-09-23T17:40,181,1,0.00,265,13.50,73,3.50
2026-09-23T17:50,182,-999,0.00,236,13.40,73,3.90
2026-09-23T18:00,184,-999,0.00,204,13.30,73,3.60
2026-09-23T18:10,184,2,0.00,163,13.30,74,3.30
2026-09-23T18:20,180,6,0.00,140,13.10,75,3.30
2026-09-23T18:30,169,4,0.00,99,12.70,77,3.10
2026-09-23T18:40,172,3,0.00,90,12.60,78,2.80
2026-09-23T18:50,168,5,0.00,68,12.40,78,3.00
2026-09-23T19:00,168,5,0.00,43,12.30,77,2.90
2026-09-23T19:10,164,6,0.00,21,12.00,78,2.70
2026-09-23T19:20,158,5,0.00,7,11.60,79,2.20
2026-09-23T19:30,153,5,0.00,0,11.80,79,1.70
2026-09-23T19:40,170,5,0.00,0,11.80,79,1.40
2026-09-23T19:50,191,6,0.00,0,11.90,79,1.20
2026-09-23T20:00,203,2,0.00,0,11.90,79,0.70
2026-09-23T20:10,182,5,0.00,0,11.90,79,0.40
2026-09-23T20:20,326,3,0.00,0,11.80,79,1.00
2026-09-23T20:30,3,5,0.00,0,11.70,80,1.10
2026-09-23T20:40,338,5,0.00,0,11.70,80,1.70
2026-09-23T20:50,336,4,0.00,0,11.60,80,1.90
2026-09-23T21:00,317,0,0.00,0,11.50,80,2.40
2026-09-23T21:10,294,2,0.00,0,11.50,81,1.50
2026-09-23T21:20,270,5,0.00,0,11.50,81,0.90
2026-09-23T21:30,267,4,0.00,0,11.50,80,0.80
2026-09-23T21:40,322,-999,0.00,0,11.50,80,1.20
2026-09-23T21:50,339,4,0.00,0,11.40,81,1.10
2026-09-23T22:00,344,3,0.00,0,11.50,81,1.50
2026-09-23T22:10,21,-999,0.00,0,11.60,81,1.30
2026-09-23T22:20,345,4,0.00,0,11.60,80,1.70
2026-09-23T22:30,27,-999,0.00,0,11.60,81,0.90
2026-09-23T22:40,357,6,0.00,0,11.60,80,1.30
2026-09-23T22:50,14,5,0.00,0,11.50,81,0.40
2026-09-23T23:00,349,2,0.00,0,11.50,81,0.40
2026-09-23T23:10,104,0,0.00,0,11.40,81,0.70
2026-09-23T23:20,315,-999,0.00,0,11.30,82,1.20
2026-09-23T23:30,288,-999,0.00,0,11.20,83,0.80
2026-09-23T23:40,263,1,0.00,0,11.20,83,0.40
2026-09-23T23:50,,6,0.00,0,11.10,83,0.00
2026-09-24T00:00,113,2,0.00,0,11.10,84,0.40
2026-09-24T00:10,153,5,0.00,0,11.20,83,0.60
2026-09-24T00:20,135,7,0.00,0,11.30,83,0.40
2026-09-24T00:30,,4,0.00,0,11.20,83,0.00
2026-09-24T00:40,338,5,0.00,0,11.10,84,0.90
2026-09-24T00:50,339,8,0.00,0,11.00,84,2.10
2026-09-24T01:00,15,9,0.00,0,10.80,87,1.20
2026-09-24T01:10,359,9,0.00,0,11.00,85,1.80
2026-09-24T01:20,2,8,0.00,0,11.20,83,1.50
2026-09-24T01:30,11,8,0.00,0,10.90,85,1.20
2026-09-24T01:40,256,8,0.00,0,10.80,86,0.40
2026-09-24T01:50,321,7,0.00,0,10.80,86,0.80
2026-09-24T02:00,237,11,0.00,0,10.80,86,0.50
2026-09-24T02:10,280,9,0.00,0,11.00,85,0.80
2026-09-24T02:20,258,8,0.00,0,11.20,83,1.00
2026-09-24T02:30,239,8,0.00,0,11.30,83,1.10
2026-09-24T02:40,285,7,0.00,0,11.40,82,1.60
2026-09-24T02:50,327,9,0.00,0,11.20,84,1.40
2026-09-24T03:00,9,9,0.00,0,11.20,83,1.60
2026-09-24T03:10,35,-999,0.00,0,11.30,83,1.80
2026-09-24T03:20,10,7,0.00,0,11.50,81,1.40
2026-09-24T03:30,323,11,0.00,0,11.20,83,1.70
2026-09-24T03:40,298,9,0.00,0,11.30,82,1.50
2026-09-24T03:50,306,9,0.00,0,11.50,81,1.30
2026-09-24T04:00,329,5,0.00,0,11.90,78,2.40
2026-09-24T04:10,338,8,0.00,0,11.80,79,2.60
2026-09-24T04:20,336,0,0.00,0,11.90,77,3.30
2026-09-24T04:30,340,-999,0.00,0,11.90,76,2.90
2026-09-24T04:40,343,0,0.00,0,12.30,71,2.70
2026-09-24T04:50,5,0,0.00,0,12.20,72,2.00
2026-09-24T05:00,347,-999,0.00,0,12.20,71,1.80
2026-09-24T05:10,347,2,0.00,0,12.20,70,2.60
2026-09-24T05:20,17,7,0.00,0,12.10,70,2.90
2026-09-24T05:30,16,4,0.00,0,12.00,70,2.60
2026-09-24T05:40,12,10,0.00,0,12.10,69,3.00
2026-09-24T05:50,18,9,0.00,0,12.40,66,2.10
2026-09-24T06:00,16,5,0.00,0,12.30,66,2.90
2026-09-24T06:10,359,0,0.00,0,12.50,64,2.30
2026-09-24T06:20,8,8,0.00,0,12.30,66,2.70
2026-09-24T06:30,9,4,0.00,0,13.40,55,2.60
2026-09-24T06:40,4,5,0.00,0,12.50,65,1.90
2026-09-24T06:50,4,8,0.00,0,12.20,68,2.00
2026-09-24T07:00,9,10,0.00,0,12.20,67,1.80
2026-09-24T07:10,20,8,0.00,0,12.80,59,2.40
2026-09-24T07:20,8,3,0.00,0,12.80,61,1.70
2026-09-24T07:30,31,9,0.00,11,13.00,57,2.30
2026-09-24T07:40,20,8,0.00,33,13.10,57,2.00
2026-09-24T07:50,15,10,0.00,60,12.80,59,2.50
2026-09-24T08:00,13,-999,0.00,89,12.80,57,2.10
2026-09-24T08:10,11,-999,0.00,89,13.20,54,2.20
2026-09-24T08:20,23,-999,0.00,83,13.60,51,3.30
2026-09-24T08:30,10,-999,0.00,86,13.60,50,2.80
2026-09-24T08:40,7,-999,0.00,144,13.60,52,2.50
2026-09-24T08:50,352,-999,0.00,202,13.20,54,2.80
2026-09-24T09:00,2,-999,0.00,252,13.70,52,2.10
2026-09-24T09:10,9,-999,0.00,271,14.40,49,2.30
2026-09-24T09:20,1,-999,0.00,300,14.80,48,1.60
2026-09-24T09:30,9,-999,0.00,345,14.90,48,1.70
2026-09-24T09:40,9,-999,0.00,312,15.10,48,1.60
2026-09-24T09:50,354,-999,0.00,385,15.70,46,1.10
2026-09-24T10:00,359,-999,0.00,404,16.00,46,1.10
2026-09-24T10:10,352,-999,0.00,444,15.80,46,1.10
2026-09-24T10:20,357,-999,0.00,460,16.20,45,0.70
2026-09-24T10:30,357,-999,0.00,472,16.80,49,0.40
2026-09-24T10:40,,-999,0.00,451,17.40,51,0.00
2026-09-24T10:50,220,-999,0.00,449,17.60,50,0.70
2026-09-24T11:00,225,-999,0.00,473,17.60,43,1.30
2026-09-24T11:10,207,-999,0.00,430,17.30,47,1.70
2026-09-24T11:20,214,-999,0.00,536,17.00,49,1.40
2026-09-24T11:30,179,4,0.00,577,17.60,54,1.10
2026-09-24T11:40,176,-999,0.00,583,18.30,57,0.80
2026-09-24T11:50,146,1,0.00,617,17.80,59,1.80
2026-09-24T12:00,137,1,0.00,600,17.00,56,2.20
2026-09-24T12:10,136,2,0.00,583,16.60,58,2.60
2026-09-24T12:20,137,1,0.00,612,16.50,54,2.70
2026-09-24T12:30,139,4,0.00,589,16.50,58,3.10
2026-09-24T12:40,136,2,0.00,645,16.20,58,3.20
2026-09-24T12:50,144,-999,0.00,623,16.20,59,3.10
2026-09-24T13:00,133,2,0.00,639,16.10,61,3.30
2026-09-24T13:10,141,5,0.00,699,16.60,59,3.10
2026-09-24T13:20,131,0,0.00,670,16.60,62,2.70
2026-09-24T13:30,130,2,0.00,667,16.70,60,2.90
2026-09-24T13:40,139,0,0.00,663,16.90,59,2.90
2026-09-24T13:50,147,3,0.00,640,16.60,63,3.20
2026-09-24T14:00,137,-999,0.00,600,16.50,64,3.40
2026-09-24T14:10,131,5,0.00,588,16.40,63,3.30
2026-09-24T14:20,146,-999,0.00,675,16.70,58,2.70
2026-09-24T14:30,144,3,0.00,617,16.90,58,3.20
2026-09-24T14:40,144,6,0.00,627,17.20,60,3.30
2026-09-24T14:50,140,1,0.00,663,17.20,57,3.00
2026-09-24T15:00,148,3,0.00,646,17.40,55,2.90
2026-09-24T15:10,144,6,0.00,566,17.00,63,3.00
2026-09-24T15:20,143,6,0.00,594,16.80,69,3.20
2026-09-24T15:30,140,8,0.00,665,16.90,69,3.20
2026-09-24T15:40,141,6,0.00,635,17.10,66,2.90
2026-09-24T15:50,143,0,0.00,564,17.30,56,2.60
2026-09-24T16:00,130,5,0.00,521,17.10,56,2.50
2026-09-24T16:10,140,8,0.00,508,17.50,55,2.10
2026-09-24T16:20,125,5,0.00,490,17.50,56,2.30
2026-09-24T16:30,118,8,0.00,440,17.10,55,1.90
2026-09-24T16:40,116,-999,0.00,417,17.10,61,2.50
2026-09-24T16:50,124,-999,0.00,394,16.90,65,2.20
2026-09-24T17:00,109,2,0.00,377,16.60,64,2.80
2026-09-24T17:10,98,-999,0.00,359,16.40,68,1.90
2026-09-24T17:20,119,-999,0.00,324,16.50,69,2.30
2026-09-24T17:30,79,-999,0.00,294,16.30,72,1.50
2026-09-24T17:40,338,-999,0.00,264,17.10,65,0.40
2026-09-24T17:50,351,-999,0.00,233,17.50,57,1.40
2026-09-24T18:00,14,-999,0.00,203,16.20,68,1.30
2026-09-24T18:10,327,-999,0.00,176,16.90,56,2.10
2026-09-24T18:20,345,-999,0.00,145,17.10,61,0.60
2026-09-24T18:30,335,-999,0.00,116,16.90,51,2.90
2026-09-24T18:40,341,-999,0.00,81,16.60,56,1.10
2026-09-24T18:50,33,5,0.00,47,16.70,51,1.40
2026-09-24T19:00,339,5,0.00,16,16.20,53,0.70
2026-09-24T19:10,329,5,0.00,8,16.00,55,1.90
2026-09-24T19:20,348,0,0.00,0,16.30,50,2.10
2026-09-24T19:30,97,0,0.00,0,14.30,80,1.20
2026-09-24T19:40,26,2,0.00,0,14.30,76,1.40
2026-09-24T19:50,25,5,0.00,0,14.60,67,2.90
2026-09-24T20:00,19,5,0.00,0,14.80,64,3.20
2026-09-24T20:10,19,5,0.00,0,14.60,68,3.00
2026-09-24T20:20,21,3,0.00,0,14.80,60,3.90
2026-09-24T20:30,17,5,0.00,0,15.10,59,4.20
2026-09-24T20:40,22,2,0.00,0,15.20,52,4.60
2026-09-24T20:50,21,3,0.00,0,15.90,43,4.00
2026-09-24T21:00,18,4,0.00,0,15.90,42,4.50
2026-09-24T21:10,352,2,0.00,0,16.30,35,3.70
2026-09-24T21:20,355,2,0.00,0,16.40,34,2.60
2026-09-24T21:30,336,1,0.00,0,16.00,39,3.80
2026-09-24T21:40,341,-999,0.00,0,16.50,33,2.70
2026-09-24T21:50,16,8,0.00,0,15.90,38,2.90
2026-09-24T22:00,12,1,0.00,0,15.40,44,3.10
2026-09-24T22:10,18,5,0.00,0,15.30,43,4.70
2026-09-24T22:20,16,4,0.00,0,15.70,39,5.70
2026-09-24T22:30,10,6,0.00,0,15.30,44,3.20
2026-09-24T22:40,12,9,0.00,0,15.80,34,3.70
2026-09-24T22:50,14,5,0.00,0,15.10,48,3.10
2026-09-24T23:00,21,8,0.00,0,15.60,35,4.40
2026-09-24T23:10,36,4,0.00,0,16.30,27,3.30
2026-09-24T23:20,27,5,0.00,0,15.80,33,3.30
2026-09-24T23:30,27,6,0.00,0,16.20,29,4.10
2026-09-24T23:40,27,9,0.00,0,16.50,25,4.50
2026-09-24T23:50,24,7,0.00,0,16.50,24,3.50
2026-09-25T00:00,23,11,0.00,0,16.10,27,2.90
2026-09-25T00:10,40,10,0.00,0,16.20,28,1.90
2026-09-25T00:20,128,10,0.00,0,15.80,37,1.60
2026-09-25T00:30,145,9,0.00,0,14.80,58,1.90
2026-09-25T00:40,164,10,0.00,0,13.60,75,3.10
2026-09-25T00:50,187,7,0.00,0,13.10,82,3.20
2026-09-25T01:00,200,6,0.00,0,13.20,82,3.40
2026-09-25T01:10,210,2,0.00,0,13.50,80,2.50
2026-09-25T01:20,209,0,0.00,0,13.70,77,3.00
2026-09-25T01:30,208,4,0.00,0,13.40,79,2.50
2026-09-25T01:40,228,2,0.00,0,13.70,68,2.10
2026-09-25T01:50,235,0,0.00,0,13.90,63,1.90
2026-09-25T02:00,248,-999,0.00,0,13.80,66,2.00
2026-09-25T02:10,196,-999,0.00,0,13.00,80,1.70
2026-09-25T02:20,166,0,0.00,0,11.80,91,2.30
2026-09-25T02:30,159,2,0.00,0,11.10,95,4.00
2026-09-25T02:40,160,4,0.00,0,11.10,97,4.00
2026-09-25T02:50,159,4,0.00,0,11.40,98,4.30
2026-09-25T03:00,160,3,0.00,0,11.40,98,4.10
2026-09-25T03:10,158,4,0.00,0,11.50,99,4.10
2026-09-25T03:20,165,10,0.00,0,11.50,99,4.00
2026-09-25T03:30,168,12,0.00,0,11.60,99,4.00
2026-09-25T03:40,167,12,0.00,0,11.30,99,3.60
2026-09-25T03:50,165,4,0.00,0,11.30,99,3.60
2026-09-25T04:00,157,5,0.00,0,11.30,99,3.60
2026-09-25T04:10,154,10,0.00,0,11.20,99,4.00
2026-09-25T04:20,162,8,0.00,0,11.10,99,3.60
2026-09-25T04:30,159,4,0.00,0,11.10,99,3.00
2026-09-25T04:40,169,7,0.00,0,11.30,99,3.10
2026-09-25T04:50,164,5,0.00,0,11.30,99,3.60
2026-09-25T05:00,156,3,0.00,0,11.30,99,3.20
2026-09-25T05:10,161,9,0.00,0,11.30,99,2.30
2026-09-25T05:20,164,,0.00,0,11.20,99,1.90
2026-09-25T05:30,168,9,0.00,0,11.00,99,2.20
2026-09-25T05:40,161,10,0.00,0,10.90,99,1.30
2026-09-25T05:50,176,10,0.00,0,10.90,99,1.50
2026-09-25T06:00,205,11,0.00,0,10.90,99,2.10
2026-09-25T06:10,191,9,0.00,0,10.80,99,2.60
2026-09-25T06:20,184,11,0.00,0,10.70,99,2.30
2026-09-25T06:30,185,9,0.00,0,11.00,99,2.10
2026-09-25T06:40,182,12,0.00,0,10.50,99,2.30
2026-09-25T06:50,160,11,0.00,0,10.20,99,1.70
2026-09-25T07:00,168,13,0.00,0,10.30,99,2.20
2026-09-25T07:10,176,3,0.00,0,10.20,99,2.60
2026-09-25T07:20,177,10,0.00,6,10.00,99,2.60
2026-09-25T07:30,169,9,0.00,9,9.90,99,2.30
2026-09-25T07:40,170,-999,0.00,16,9.80,99,2.70
2026-09-25T07:50,175,-999,0.00,26,9.70,99,3.70
2026-09-25T08:00,172,1,0.00,30,9.80,99,3.50
2026-09-25T08:10,173,2,0.00,35,9.90,99,3.50
2026-09-25T08:20,172,2,0.00,30,10.00,99,3.70
2026-09-25T08:30,183,2,0.00,29,10.00,99,3.90
2026-09-25T08:40,175,0,0.00,27,9.90,99,2.70
2026-09-25T08:50,186,-999,0.00,28,10.00,99,3.00
2026-09-25T09:00,186,0,0.00,31,10.00,99,2.60
2026-09-25T09:10,183,1,0.00,41,10.00,99,2.80
2026-09-25T09:20,184,-999,0.00,46,9.90,99,3.20
2026-09-25T09:30,190,3,0.00,46,9.90,99,3.50
2026-09-25T09:40,184,4,0.00,52,9.80,99,3.70
2026-09-25T09:50,177,5,0.00,74,9.70,99,4.00
2026-09-25T10:00,172,-999,0.00,102,9.80,99,3.70
2026-09-25T10:10,171,3,0.00,113,9.90,99,3.60
2026-09-25T10:20,176,7,0.00,146,9.80,99,3.80
2026-09-25T10:30,173,7,0.00,155,9.80,99,3.80
2026-09-25T10:40,168,11,0.00,171,10.00,99,3.70
2026-09-25T10:50,164,12,0.00,175,9.90,99,4.00
2026-09-25T11:00,167,12,0.00,253,10.10,99,3.80
2026-09-25T11:10,165,13,0.00,196,10.20,99,3.10
2026-09-25T11:20,159,12,0.00,126,10.10,99,3.10
2026-09-25T11:30,155,13,0.00,346,10.20,99,3.10
2026-09-25T11:40,175,14,0.00,278,10.40,99,2.40
2026-09-25T11:50,159,12,0.00,222,10.50,99,2.70
2026-09-25T12:00,164,12,0.00,240,10.50,99,2.90
2026-09-25T12:10,184,5,0.00,374,10.40,99,3.50
2026-09-25T12:20,193,5,0.00,493,10.80,99,3.50
2026-09-25T12:30,194,8,0.00,407,11.00,99,4.00
2026-09-25T12:40,187,3,0.00,371,10.90,99,4.30
2026-09-25T12:50,188,9,0.00,336,11.00,98,3.80
2026-09-25T13:00,180,8,0.00,437,11.30,97,3.70
2026-09-25T13:10,165,5,0.00,498,11.50,96,3.80
2026-09-25T13:20,174,6,0.00,644,11.90,92,3.80
2026-09-25T13:30,180,4,0.00,723,12.20,88,3.90
2026-09-25T13:40,176,3,0.00,678,12.40,85,3.60
2026-09-25T13:50,173,9,0.00,592,12.60,86,3.80
2026-09-25T14:00,179,1,0.00,582,12.60,86,3.60
2026-09-25T14:10,172,3,0.00,557,12.70,84,3.90
2026-09-25T14:20,180,3,0.00,599,12.60,83,3.80
2026-09-25T14:30,166,7,0.00,549,12.90,80,3.50
2026-09-25T14:40,181,5,0.00,689,13.00,80,3.60
2026-09-25T14:50,189,3,0.00,601,13.10,81,3.60
2026-09-25T15:00,172,4,0.00,520,13.60,81,3.80
2026-09-25T15:10,183,3,0.00,626,13.40,77,3.60
2026-09-25T15:20,172,3,0.00,616,13.30,78,3.50
2026-09-25T15:30,169,7,0.00,571,13.50,78,3.70
2026-09-25T15:40,174,2,0.00,568,13.80,78,4.20
2026-09-25T15:50,176,2,0.00,534,13.60,77,4.10
2026-09-25T16:00,171,-999,0.00,466,13.30,79,4.40
2026-09-25T16:10,168,1,0.00,474,13.40,81,4.40
2026-09-25T16:20,168,3,0.00,453,13.20,83,4.30
2026-09-25T16:30,176,5,0.00,360,13.30,81,4.50
2026-09-25T16:40,176,3,0.00,381,13.40,81,4.40
2026-09-25T16:50,173,-999,0.00,387,13.40,81,4.30
2026-09-25T17:00,177,0,0.00,354,13.20,81,4.30
2026-09-25T17:10,176,-999,0.00,327,13.30,81,4.00
2026-09-25T17:20,177,-999,0.00,305,13.30,82,4.10
2026-09-25T17:30,178,-999,0.00,273,13.10,83,4.40
2026-09-25T17:40,172,2,0.00,233,12.90,84,4.40
2026-09-25T17:50,175,-999,0.00,207,13.00,83,4.60
2026-09-25T18:00,173,3,0.00,173,12.80,84,4.90
2026-09-25T18:10,171,5,0.00,141,12.40,85,4.50
2026-09-25T18:20,178,8,0.00,111,12.20,86,4.40
2026-09-25T18:30,180,7,0.00,64,12.00,85,4.30
2026-09-25T18:40,178,5,0.00,49,11.60,85,4.40
2026-09-25T18:50,177,8,0.00,30,11.40,86,4.30
2026-09-25T19:00,178,7,0.00,19,11.20,87,4.00
2026-09-25T19:10,177,8,0.00,12,11.30,88,3.90
2026-09-25T19:20,170,8,0.00,6,11.20,89,3.50
2026-09-25T19:30,164,4,0.00,0,11.20,89,3.50
2026-09-25T19:40,159,3,0.00,0,11.00,90,3.40
2026-09-25T19:50,161,2,0.00,0,11.10,89,3.00
2026-09-25T20:00,162,3,0.00,0,11.20,89,2.60
2026-09-25T20:10,171,0,0.00,0,11.30,89,2.20
2026-09-25T20:20,194,1,0.00,0,11.60,88,2.20
2026-09-25T20:30,197,2,0.00,0,11.60,86,2.60
2026-09-25T20:40,204,1,0.00,0,11.60,86,2.10
2026-09-25T20:50,213,2,0.00,0,11.50,86,1.70
2026-09-25T21:00,204,2,0.00,0,11.40,86,1.40
2026-09-25T21:10,206,2,0.00,0,11.40,87,1.40
2026-09-25T21:20,229,0,0.00,0,11.30,87,1.40
2026-09-25T21:30,227,5,0.00,0,11.30,88,1.20
2026-09-25T21:40,204,4,0.00,0,11.20,88,1.50
2026-09-25T21:50,209,2,0.00,0,11.30,88,1.90
2026-09-25T22:00,208,1,0.00,0,11.40,88,1.70
2026-09-25T22:10,208,-999,0.00,0,11.40,89,2.00
2026-09-25T22:20,215,1,0.00,0,11.40,89,2.60
2026-09-25T22:30,214,-999,0.00,0,11.30,90,2.40
2026-09-25T22:40,215,-999,0.00,0,11.20,90,2.20
2026-09-25T22:50,218,-999,0.00,0,11.20,91,2.20
2026-09-25T23:00,216,0,0.00,0,11.10,92,2.80
2026-09-25T23:10,213,0,0.00,0,11.00,93,2.90
2026-09-25T23:20,204,0,0.00,0,11.00,93,2.70
2026-09-25T23:30,196,0,0.00,0,11.00,94,2.60
2026-09-25T23:40,191,0,0.00,0,11.00,94,2.70
2026-09-25T23:50,189,0,0.00,0,10.90,95,2.70
2026-09-26T00:00,201,-999,0.00,0,10.80,96,2.80
2026-09-26T00:10,207,0,0.00,0,10.90,96,3.00
2026-09-26T00:20,202,0,0.00,0,10.90,96,2.50
2026-09-26T00:30,198,0,0.00,0,10.80,97,2.70
2026-09-26T00:40,204,0,0.00,0,10.80,97,2.50
2026-09-26T00:50,198,1,0.00,0,10.80,98,2.60
2026-09-26T01:00,195,0,0.00,0,10.70,98,2.50
2026-09-26T01:10,191,0,0.00,0,10.70,98,2.50
2026-09-26T01:20,182,0,0.00,0,10.70,98,2.40
2026-09-26T01:30,189,0,0.00,0,10.70,97,2.40
2026-09-26T01:40,190,0,0.00,0,10.70,97,2.30
2026-09-26T01:50,193,-999,0.00,0,10.60,97,2.50
2026-09-26T02:00,188,1,0.00,0,10.60,97,2.50
2026-09-26T02:10,194,1,0.00,0,10.60,97,2.40
2026-09-26T02:20,196,3,0.00,0,10.50,96,3.00
2026-09-26T02:30,195,1,0.00,0,10.50,96,3.10
2026-09-26T02:40,193,1,0.00,0,10.50,96,3.40
2026-09-26T02:50,,,0.00,0,10.40,95,
2026-09-26T03:00,197,1,0.00,0,10.40,95,3.00
2026-09-26T03:10,194,5,0.00,0,10.40,94,3.60
2026-09-26T03:20,196,4,0.00,0,10.30,94,3.90
2026-09-26T03:30,190,6,0.00,0,10.40,95,3.70
2026-09-26T03:40,190,5,0.00,0,10.40,98,3.70
2026-09-26T03:50,187,8,0.00,0,10.20,98,2.90
2026-09-26T04:00,191,5,0.00,0,9.90,98,3.20
2026-09-26T04:10,195,8,0.00,0,9.90,99,3.40
2026-09-26T04:20,190,7,0.00,0,9.80,99,3.50
2026-09-26T04:30,196,8,0.00,0,9.80,99,3.00
2026-09-26T04:40,198,8,0.00,0,9.80,99,3.10
2026-09-26T04:50,205,8,0.00,0,9.60,98,2.90
2026-09-26T05:00,203,8,0.00,0,9.70,96,2.70
2026-09-26T05:10,202,8,0.00,0,9.70,93,2.20
2026-09-26T05:20,215,7,0.00,0,9.70,91,1.90
2026-09-26T05:30,206,7,0.00,0,9.90,89,1.80
2026-09-26T05:40,218,7,0.00,0,9.90,88,1.60
2026-09-26T05:50,219,8,0.00,0,10.00,87,1.00
2026-09-26T06:00,192,8,0.00,0,10.10,87,0.60
2026-09-26T06:10,215,8,0.00,0,10.00,87,0.90
2026-09-26T06:20,204,8,0.00,0,10.00,88,1.10
2026-09-26T06:30,204,8,0.00,0,10.00,87,1.40
2026-09-26T06:40,215,9,0.00,0,10.00,85,1.30
2026-09-26T06:50,221,9,0.00,0,9.90,84,1.60
2026-09-26T07:00,217,8,0.00,0,9.90,83,1.60
2026-09-26T07:10,225,7,0.00,0,9.80,84,1.40
2026-09-26T07:20,226,7,0.00,0,9.80,87,1.80
2026-09-26T07:30,245,7,0.00,8,9.90,84,0.60
2026-09-26T07:40,54,8,0.00,16,10.30,90,0.50
2026-09-26T07:50,105,8,0.00,29,9.90,92,1.40
2026-09-26T08:00,102,8,0.00,42,10.00,89,1.00
2026-09-26T08:10,112,6,0.00,85,10.10,88,0.80
2026-09-26T08:20,129,5,0.00,111,10.30,80,0.70
2026-09-26T08:30,103,4,0.00,138,10.80,82,0.30
2026-09-26T08:40,34,3,0.00,166,11.50,87,0.60
2026-09-26T08:50,33,-999,0.00,195,11.20,90,1.20
2026-09-26T09:00,40,-999,0.00,233,11.40,88,1.10
2026-09-26T09:10,198,2,0.00,267,11.30,80,1.00
2026-09-26T09:20,192,5,0.00,281,11.20,75,1.70
2026-09-26T09:30,197,6,0.00,262,11.10,75,2.10
2026-09-26T09:40,193,5,0.00,137,10.80,76,2.30
2026-09-26T09:50,188,3,0.00,186,10.60,76,2.00
2026-09-26T10:00,187,6,0.00,200,10.80,75,2.20
2026-09-26T10:10,169,3,0.00,217,10.90,76,2.30
2026-09-26T10:20,161,0,0.00,205,11.00,77,2.50
2026-09-26T10:30,158,1,0.00,190,10.90,78,2.60
2026-09-26T10:40,160,7,0.00,200,10.90,78,2.60
2026-09-26T10:50,168,4,0.00,215,11.00,82,2.60
2026-09-26T11:00,151,7,0.00,227,11.10,88,2.60
2026-09-26T11:10,149,10,0.00,225,10.90,84,2.10
2026-09-26T11:20,130,4,0.00,292,10.90,86,2.40
2026-09-26T11:30,130,12,0.00,498,11.50,84,2.30
2026-09-26T11:40,132,0,0.00,446,11.80,81,1.80
2026-09-26T11:50,140,10,0.00,580,12.20,80,2.20
2026-09-26T12:00,150,10,0.00,615,12.90,80,2.60
2026-09-26T12:10,161,10,0.00,661,13.20,78,2.20
2026-09-26T12:20,177,0,0.00,685,13.20,78,2.80
2026-09-26T12:30,164,13,0.00,745,13.30,79,2.90
2026-09-26T12:40,176,11,0.00,660,13.20,79,3.20
2026-09-26T12:50,173,11,0.00,783,13.10,79,2.70
2026-09-26T13:00,173,6,0.00,711,12.80,79,3.20
2026-09-26T13:10,166,5,0.00,717,13.10,81,4.00
2026-09-26T13:20,179,7,0.00,512,12.90,82,3.70
2026-09-26T13:30,170,10,0.00,641,12.90,83,3.80
2026-09-26T13:40,175,13,0.00,494,12.70,83,4.10
2026-09-26T13:50,166,11,0.00,627,12.60,85,4.80
2026-09-26T14:00,179,7,0.00,685,12.70,84,4.40
2026-09-26T14:10,162,8,0.00,632,13.00,82,4.20
2026-09-26T14:20,162,8,0.00,604,13.40,81,4.00
2026-09-26T14:30,163,7,0.00,608,13.60,79,4.20
2026-09-26T14:40,164,8,0.00,634,13.40,80,4.40
2026-09-26T14:50,166,6,0.00,621,13.70,78,4.10
2026-09-26T15:00,179,9,0.00,606,13.80,77,4.10
2026-09-26T15:10,172,4,0.00,562,13.80,77,4.10
2026-09-26T15:20,167,3,0.00,545,13.90,78,4.30
2026-09-26T15:30,174,3,0.00,535,13.80,78,3.90
2026-09-26T15:40,181,6,0.00,505,13.80,77,4.20
2026-09-26T15:50,175,5,0.00,491,13.80,77,4.50
2026-09-26T16:00,177,4,0.00,530,14.00,76,4.10
2026-09-26T16:10,178,11,0.00,489,14.00,76,4.00
2026-09-26T16:20,170,7,0.00,462,14.10,76,3.70
2026-09-26T16:30,161,9,0.00,409,13.80,77,3.90
2026-09-26T16:40,161,-999,0.00,388,13.80,77,3.70
2026-09-26T16:50,164,2,0.00,369,13.80,78,3.40
2026-09-26T17:00,158,7,0.00,333,13.80,78,3.00
2026-09-26T17:10,156,-999,0.00,297,13.80,78,3.20
2026-09-26T17:20,156,-999,0.00,289,13.60,79,2.70
2026-09-26T17:30,165,6,0.00,275,13.70,78,3.50
2026-09-26T17:40,162,-999,0.00,252,13.60,78,3.90
2026-09-26T17:50,160,0,0.00,229,13.40,78,3.90
2026-09-26T18:00,160,5,0.00,196,13.30,79,3.60
2026-09-26T18:10,158,-999,0.00,165,13.30,79,3.40
2026-09-26T18:20,154,-999,0.00,132,13.00,80,2.90
2026-09-26T18:30,154,10,0.00,102,12.70,81,3.20
2026-09-26T18:40,155,10,0.00,75,12.40,82,3.30
2026-09-26T18:50,157,9,0.00,51,12.20,82,3.10
2026-09-26T19:00,149,8,0.00,29,11.90,83,2.50
2026-09-26T19:10,139,6,0.00,10,12.00,83,2.20
2026-09-26T19:20,145,7,0.00,0,12.10,83,2.10
2026-09-26T19:30,145,7,0.00,0,12.00,81,1.70
2026-09-26T19:40,141,7,0.00,0,12.10,80,1.50
2026-09-26T19:50,143,8,0.00,0,12.00,80,1.30
2026-09-26T20:00,142,4,0.00,0,12.10,80,0.50
2026-09-26T20:10,,5,0.00,0,12.10,81,0.00
2026-09-26T20:20,,4,0.00,0,11.80,83,0.00
2026-09-26T20:30,351,5,0.00,0,11.80,86,1.00
2026-09-26T20:40,353,6,0.00,0,11.80,87,1.40
2026-09-26T20:50,336,4,0.00,0,11.90,87,1.40
2026-09-26T21:00,343,4,0.00,0,11.90,86,1.50
2026-09-26T21:10,328,6,0.00,0,11.90,86,1.70
2026-09-26T21:20,317,0,0.00,0,11.80,85,1.60
2026-09-26T21:30,315,7,0.00,0,12.00,83,1.30
2026-09-26T21:40,313,12,0.00,0,12.00,83,1.00
2026-09-26T21:50,304,6,0.00,0,11.80,82,0.90
2026-09-26T22:00,287,2,0.00,0,11.80,82,0.80
2026-09-26T22:10,302,-999,0.00,0,11.70,82,0.50
2026-09-26T22:20,262,-999,0.00,0,11.70,82,0.70
2026-09-26T22:30,243,5,0.00,0,11.60,83,0.80
2026-09-26T22:40,226,-999,0.00,0,11.60,83,1.10
2026-09-26T22:50,220,-999,0.00,0,11.60,83,0.90
2026-09-26T23:00,230,0,0.00,0,11.60,83,1.00
2026-09-26T23:10,241,-999,0.00,0,11.50,82,1.10
2026-09-26T23:20,260,-999,0.00,0,11.50,82,1.10
2026-09-26T23:30,261,-999,0.00,0,11.50,82,1.10
2026-09-26T23:40,264,-999,0.00,0,11.50,82,1.00
2026-09-26T23:50,261,0,0.00,0,11.50,83,0.70
2026-09-27T00:00,250,0,0.00,0,11.50,83,0.60
2026-09-27T00:10,239,0,0.00,0,11.50,84,1.20
2026-09-27T00:20,237,3,0.00,0,11.50,84,1.20
2026-09-27T00:30,234,4,0.00,0,11.50,84,1.10
2026-09-27T00:40,246,1,0.00,0,11.40,84,0.80
2026-09-27T00:50,233,6,0.00,0,11.40,84,1.20
2026-09-27T01:00,224,6,0.00,0,11.40,85,1.10
2026-09-27T01:10,224,6,0.00,0,11.30,86,1.10
2026-09-27T01:20,236,6,0.00,0,11.30,86,1.00
2026-09-27T01:30,211,7,0.00,0,11.30,86,1.00
2026-09-27T01:40,197,10,0.00,0,11.20,86,0.70
2026-09-27T01:50,198,10,0.00,0,11.20,86,0.90
2026-09-27T02:00,202,9,0.00,0,11.20,87,0.90
2026-09-27T02:10,202,9,0.00,0,11.10,87,1.50
2026-09-27T02:20,197,11,0.00,0,11.00,87,1.50
2026-09-27T02:30,207,11,0.00,0,11.10,87,1.30
2026-09-27T02:40,203,12,0.00,0,11.10,86,0.90
2026-09-27T02:50,207,11,0.00,0,11.10,86,1.10
2026-09-27T03:00,210,11,0.00,0,11.10,86,0.80
2026-09-27T03:10,,11,0.00,0,11.00,86,0.00
2026-09-27T03:20,,12,0.00,0,10.90,87,0.00
2026-09-27T03:30,,12,0.00,0,10.60,88,0.00
2026-09-27T03:40,170,11,0.00,0,10.60,88,0.70
2026-09-27T03:50,190,11,0.00,0,10.90,87,1.00
2026-09-27T04:00,255,11,0.00,0,11.00,87,0.60
2026-09-27T04:10,280,10,0.00,0,10.90,88,0.40
2026-09-27T04:20,,11,0.00,0,10.70,88,0.00
2026-09-27T04:30,,10,0.00,0,10.60,89,0.00
2026-09-27T04:40,178,11,0.00,0,10.60,89,0.50
2026-09-27T04:50,196,12,0.00,0,10.80,89,0.50
2026-09-27T05:00,214,12,0.00,0,10.70,90,1.00
2026-09-27T05:10,220,12,0.00,0,10.70,91,1.10
2026-09-27T05:20,217,11,0.00,0,10.70,91,1.10
2026-09-27T05:30,209,10,0.00,0,10.70,91,0.90
2026-09-27T05:40,,11,0.00,0,10.50,91,0.00
2026-09-27T05:50,,9,0.00,0,10.40,92,0.00
2026-09-27T06:00,225,8,0.00,0,10.50,91,1.30
2026-09-27T06:10,241,11,0.00,0,10.50,87,1.10
2026-09-27T06:20,,11,0.00,0,10.40,87,0.00
2026-09-27T06:30,,12,0.00,0,10.30,89,0.00
2026-09-27T06:40,,10,0.00,0,10.30,90,0.00
2026-09-27T06:50,,10,0.00,0,10.20,90,0.00
2026-09-27T07:00,,10,0.00,0,10.20,91,0.00
2026-09-27T07:10,,8,0.00,0,10.40,91,0.00
2026-09-27T07:20,14,8,0.00,0,10.40,91,0.30
2026-09-27T07:30,13,9,0.00,9,10.40,90,0.50
2026-09-27T07:40,,8,0.00,24,10.50,91,0.00
2026-09-27T07:50,15,7,0.00,44,10.70,91,0.50
2026-09-27T08:00,344,7,0.00,66,10.80,91,0.60
2026-09-27T08:10,,5,0.00,90,10.80,91,0.00
2026-09-27T08:20,,-999,0.00,114,11.30,88,0.00
2026-09-27T08:30,14,2,0.00,140,11.60,86,0.40
2026-09-27T08:40,,2,0.00,169,12.00,85,0.00
2026-09-27T08:50,,-999,0.00,196,12.70,82,0.00
2026-09-27T09:00,,10,0.00,225,13.10,83,0.00
2026-09-27T09:10,46,11,0.00,255,12.80,84,0.60
2026-09-27T09:20,109,11,0.00,283,13.10,84,0.50
2026-09-27T09:30,79,11,0.00,312,13.40,83,0.60
2026-09-27T09:40,96,8,0.00,340,13.40,83,0.60
2026-09-27T09:50,156,4,0.00,367,13.70,83,1.00
2026-09-27T10:00,165,0,0.00,392,13.90,83,1.00
2026-09-27T10:10,173,11,0.00,419,13.80,82,1.30
2026-09-27T10:20,155,7,0.00,443,13.90,81,1.40
2026-09-27T10:30,141,5,0.00,467,14.10,81,1.50
2026-09-27T10:40,133,5,0.00,491,14.00,81,2.10
2026-09-27T10:50,135,6,0.00,511,13.90,81,2.00
2026-09-27T11:00,157,9,0.00,531,14.00,80,1.80
2026-09-27T11:10,158,12,0.00,551,14.10,80,2.40
2026-09-27T11:20,157,8,0.00,570,14.50,79,2.50
2026-09-27T11:30,152,6,0.00,587,13.90,81,3.00
2026-09-27T11:40,140,7,0.00,604,13.90,81,3.10
2026-09-27T11:50,138,8,0.00,618,14.10,79,3.00
2026-09-27T12:00,152,7,0.00,631,14.30,79,2.90
2026-09-27T12:10,153,8,0.00,641,14.50,78,3.10
2026-09-27T12:20,156,7,0.00,650,14.30,80,2.80
2026-09-27T12:30,159,9,0.00,658,14.40,80,2.70
2026-09-27T12:40,165,7,0.00,664,14.60,79,3.00
2026-09-27T12:50,144,4,0.00,668,14.60,80,3.00
2026-09-27T13:00,151,7,0.00,672,14.90,80,2.80
2026-09-27T13:10,156,6,0.00,675,14.70,81,3.10
2026-09-27T13:20,134,-999,0.00,676,14.60,82,3.00
2026-09-27T13:30,138,5,0.00,675,14.70,81,2.60
2026-09-27T13:40,144,7,0.00,673,14.90,81,2.70
2026-09-27T13:50,164,3,0.00,669,15.20,80,3.50
2026-09-27T14:00,166,2,0.00,666,14.90,81,3.80
2026-09-27T14:10,165,5,0.00,657,15.10,81,3.70
2026-09-27T14:20,161,7,0.00,651,15.10,81,3.80
2026-09-27T14:30,152,1,0.00,643,15.10,81,3.80
2026-09-27T14:40,163,0,0.00,632,15.20,80,3.90
2026-09-27T14:50,160,9,0.00,621,15.20,81,3.90
2026-09-27T15:00,165,1,0.00,607,15.40,80,3.90
2026-09-27T15:10,169,3,0.00,592,15.60,79,3.50
2026-09-27T15:20,157,8,0.00,574,15.60,79,3.40
2026-09-27T15:30,153,7,0.00,557,15.60,79,3.30
2026-09-27T15:40,164,3,0.00,538,15.70,78,3.50
2026-09-27T15:50,159,5,0.00,516,15.70,78,3.50
2026-09-27T16:00,162,1,0.00,496,15.50,79,3.90
2026-09-27T16:10,160,5,0.00,471,15.60,79,4.10
2026-09-27T16:20,162,1,0.00,447,15.80,79,4.20
2026-09-27T16:30,160,3,0.00,423,15.70,79,3.80
2026-09-27T16:40,158,5,0.00,398,15.50,80,4.10
2026-09-27T16:50,160,-999,0.00,372,15.40,80,4.20
2026-09-27T17:00,162,0,0.00,346,15.30,79,4.40
2026-09-27T17:10,162,5,0.00,320,15.30,79,4.10
2026-09-27T17:20,167,-999,0.00,294,15.20,79,4.00
2026-09-27T17:30,165,1,0.00,269,15.30,79,3.70
2026-09-27T17:40,161,-999,0.00,243,15.10,79,3.90
2026-09-27T17:50,161,5,0.00,214,15.00,80,3.80
2026-09-27T18:00,160,-999,0.00,185,14.80,80,4.00
2026-09-27T18:10,158,3,0.00,156,14.60,81,3.90
2026-09-27T18:20,149,3,0.00,127,14.10,82,3.90
2026-09-27T18:30,146,6,0.00,99,13.70,84,3.60
2026-09-27T18:40,148,6,0.00,73,13.60,84,3.50
2026-09-27T18:50,147,6,0.00,48,13.40,85,3.70
2026-09-27T19:00,146,8,0.00,25,13.10,86,3.60
2026-09-27T19:10,150,6,0.00,9,13.00,86,3.40
2026-09-27T19:20,156,7,0.00,0,12.80,87,3.20
2026-09-27T19:30,156,8,0.00,0,12.70,88,3.00
2026-09-27T19:40,156,8,0.00,0,12.70,88,2.60
2026-09-27T19:50,145,8,0.00,0,13.10,86,2.00
2026-09-27T20:00,146,9,0.00,0,13.20,85,1.60
2026-09-27T20:10,124,9,0.00,0,13.40,84,0.90
2026-09-27T20:20,62,10,0.00,0,13.40,85,0.50
2026-09-27T20:30,340,8,0.00,0,13.40,86,0.90
2026-09-27T20:40,321,9,0.00,0,13.50,87,1.40
2026-09-27T20:50,331,11,0.00,0,13.30,86,2.30
2026-09-27T21:00,337,9,0.00,0,13.20,87,2.20
2026-09-27T21:10,347,11,0.00,0,13.20,86,1.80
2026-09-27T21:20,331,9,0.00,0,13.20,86,1.90
2026-09-27T21:30,316,10,0.00,0,13.20,86,1.50
2026-09-27T21:40,318,10,0.00,0,13.20,86,1.30
2026-09-27T21:50,306,9,0.00,0,13.10,84,1.20
2026-09-27T22:00,296,9,0.00,0,13.00,85,1.10
2026-09-27T22:10,257,9,0.00,0,13.00,85,0.90
2026-09-27T22:20,285,10,0.00,0,12.90,86,0.50
2026-09-27T22:30,228,11,0.00,0,12.90,85,0.70
2026-09-27T22:40,220,11,0.00,0,12.90,85,0.90
2026-09-27T22:50,219,10,0.00,0,12.80,85,0.90
2026-09-27T23:00,220,10,0.00,0,12.80,85,0.80
2026-09-27T23:10,219,10,0.00,0,12.70,85,0.80
2026-09-27T23:20,219,9,0.00,0,12.80,85,0.60
2026-09-27T23:30,218,10,0.00,0,12.70,85,0.80
2026-09-27T23:40,209,12,0.00,0,12.70,85,1.10
2026-09-27T23:50,218,11,0.00,0,12.70,86,1.20
2026-09-28T00:00,209,11,0.00,0,12.60,86,1.10
2026-09-28T00:10,206,10,0.00,0,12.60,86,1.10
2026-09-28T00:20,203,10,0.00,0,12.60,84,1.00
2026-09-28T00:30,194,11,0.00,0,12.50,84,1.20
2026-09-28T00:40,187,11,0.00,0,12.50,83,1.10
2026-09-28T00:50,182,10,0.00,0,12.50,82,0.90
2026-09-28T01:00,191,9,0.00,0,12.50,82,0.90
2026-09-28T01:10,193,11,0.00,0,12.50,82,1.00
2026-09-28T01:20,184,10,0.00,0,12.50,83,0.90
2026-09-28T01:30,187,9,0.00,0,12.40,84,1.10
2026-09-28T01:40,191,8,0.00,0,12.40,85,0.90
2026-09-28T01:50,179,10,0.00,0,12.40,83,0.80
2026-09-28T02:00,203,-999,0.00,0,12.50,82,1.00
2026-09-28T02:10,227,-999,0.00,0,12.50,83,1.10
2026-09-28T02:20,239,-999,0.00,0,12.40,85,1.10
2026-09-28T02:30,239,-999,0.00,0,12.40,84,1.10
2026-09-28T02:40,238,-999,0.00,0,12.50,83,1.10
2026-09-28T02:50,242,-999,0.00,0,12.50,84,0.80
2026-09-28T03:00,,-999,0.00,0,12.30,85,0.00
2026-09-28T03:10,,-999,0.00,0,12.20,85,0.00
2026-09-28T03:20,,-999,0.00,0,12.00,85,0.00
2026-09-28T03:30,295,-999,0.00,0,12.20,85,0.70
2026-09-28T03:40,333,-999,0.00,0,12.30,84,1.10
2026-09-28T03:50,342,-999,0.00,0,12.20,85,1.50
2026-09-28T04:00,335,-999,0.00,0,12.10,86,1.30
2026-09-28T04:10,325,-999,0.00,0,12.10,88,1.00
2026-09-28T04:20,326,-999,0.00,0,12.00,89,0.70
2026-09-28T04:30,325,-999,0.00,0,11.90,88,0.40
2026-09-28T04:40,,-999,0.00,0,12.00,87,0.00
2026-09-28T04:50,,-999,0.00,0,12.10,86,0.00
2026-09-28T05:00,,-999,0.00,0,12.10,86,0.00
2026-09-28T05:10,334,-999,0.00,0,12.00,87,0.80
2026-09-28T05:20,359,8,0.00,0,12.00,87,1.30
2026-09-28T05:30,4,8,0.00,0,11.90,89,1.50
2026-09-28T05:40,13,10,0.00,0,11.90,90,1.10
2026-09-28T05:50,8,11,0.00,0,11.90,90,0.30
2026-09-28T06:00,348,10,0.00,0,11.80,91,0.30
2026-09-28T06:10,347,10,0.00,0,11.80,92,1.70
2026-09-28T06:20,355,9,0.00,0,11.60,93,1.90
2026-09-28T06:30,347,10,0.00,0,11.60,93,1.60
2026-09-28T06:40,352,9,0.00,0,11.80,93,1.50
2026-09-28T06:50,10,9,0.20,0,11.90,93,1.60
2026-09-28T07:00,2,9,0.00,0,11.80,93,1.20
2026-09-28T07:10,348,8,0.00,0,11.90,92,1.30
2026-09-28T07:20,349,6,0.00,0,11.90,91,1.30
2026-09-28T07:30,356,8,0.00,8,11.90,91,1.10
2026-09-28T07:40,,8,0.00,19,11.90,91,0.00
2026-09-28T07:50,,6,0.00,42,12.10,91,0.00
2026-09-28T08:00,,-999,0.00,64,12.20,90,0.00
2026-09-28T08:10,,-999,0.00,88,12.30,89,0.00
2026-09-28T08:20,,-999,0.00,113,12.90,87,0.00
2026-09-28T08:30,,1,0.00,139,13.90,83,0.00
2026-09-28T08:40,,-999,0.00,164,15.20,75,0.00
2026-09-28T08:50,,-999,0.00,192,13.90,78,0.00
2026-09-28T09:00,,-999,0.00,221,13.60,80,0.00
2026-09-28T09:10,213,-999,0.00,250,13.50,81,0.50
2026-09-28T09:20,179,8,0.00,279,13.80,83,1.00
2026-09-28T09:30,180,1,0.00,308,14.00,83,1.50
2026-09-28T09:40,193,-999,0.00,336,13.60,84,1.50
2026-09-28T09:50,171,10,0.00,363,13.90,83,1.30
2026-09-28T10:00,147,7,0.00,390,14.60,80,1.50
2026-09-28T10:10,126,6,0.00,416,14.70,79,1.40
2026-09-28T10:20,139,4,0.00,441,14.70,79,2.00
2026-09-28T10:30,139,4,0.00,464,14.70,80,2.30
2026-09-28T10:40,149,5,0.00,487,14.80,77,2.50
2026-09-28T10:50,145,7,0.00,508,14.80,77,2.50
2026-09-28T11:00,161,2,0.00,528,14.70,79,2.80
2026-09-28T11:10,152,1,0.00,546,14.60,80,3.40
2026-09-28T11:20,142,5,0.00,565,14.70,78,3.30
2026-09-28T11:30,133,5,0.00,580,14.80,76,2.60
2026-09-28T11:40,136,1,0.00,596,15.20,78,2.90
2026-09-28T11:50,138,5,0.00,610,15.20,79,2.90
2026-09-28T12:00,142,3,0.00,623,15.30,79,2.90
2026-09-28T12:10,140,2,0.00,634,15.40,80,3.00
2026-09-28T12:20,151,1,0.00,644,15.40,80,3.30
2026-09-28T12:30,151,4,0.00,652,15.30,82,3.40
2026-09-28T12:40,155,3,0.00,658,15.10,82,3.50
2026-09-28T12:50,155,3,0.00,663,15.20,81,3.40
2026-09-28T13:00,149,3,0.00,666,15.40,79,3.30
2026-09-28T13:10,144,2,0.00,668,15.70,78,3.40
2026-09-28T13:20,155,4,0.00,671,15.70,78,3.80
2026-09-28T13:30,160,3,0.00,670,15.50,78,4.00
2026-09-28T13:40,162,3,0.00,666,15.70,79,4.10
2026-09-28T13:50,164,3,0.00,663,15.60,80,4.30
2026-09-28T14:00,171,2,0.00,656,15.70,79,4.30
2026-09-28T14:10,178,-999,0.00,650,15.80,75,4.30
2026-09-28T14:20,169,2,0.00,643,16.00,72,3.80
2026-09-28T14:30,172,2,0.00,635,16.10,71,4.10
2026-09-28T14:40,171,-999,0.00,627,16.30,69,4.10
2026-09-28T14:50,171,2,0.00,590,16.50,68,4.40
2026-09-28T15:00,167,3,0.00,583,16.40,72,4.30
2026-09-28T15:10,159,4,0.00,598,16.60,72,3.70
2026-09-28T15:20,154,8,0.00,580,16.30,73,4.20
2026-09-28T15:30,148,-999,0.00,556,16.20,75,3.80
2026-09-28T15:40,143,8,0.00,521,16.20,76,3.80
2026-09-28T15:50,156,-999,0.00,507,16.20,76,3.90
2026-09-28T16:00,156,4,0.00,486,16.20,77,4.40
2026-09-28T16:10,162,0,0.00,464,16.50,76,4.50
2026-09-28T16:20,166,0,0.00,439,16.40,74,5.00
2026-09-28T16:30,164,1,0.00,415,16.30,74,4.70
2026-09-28T16:40,162,6,0.00,393,16.20,74,5.20
2026-09-28T16:50,163,6,0.00,346,16.20,74,4.90
2026-09-28T17:00,160,6,0.00,343,16.10,74,5.20
2026-09-28T17:10,162,6,0.00,270,15.70,75,4.90
2026-09-28T17:20,162,4,0.00,294,15.80,76,5.00
2026-09-28T17:30,162,7,0.00,223,15.50,77,4.80
2026-09-28T17:40,160,6,0.00,255,15.70,77,4.90
2026-09-28T17:50,154,8,0.00,205,15.20,79,4.80
2026-09-28T18:00,153,8,0.00,200,15.10,80,4.50
2026-09-28T18:10,151,9,0.00,153,14.80,81,4.20
2026-09-28T18:20,155,5,0.00,120,14.50,83,4.30
2026-09-28T18:30,156,7,0.00,66,14.10,85,4.70
2026-09-28T18:40,161,6,0.00,55,13.90,87,4.80
2026-09-28T18:50,165,5,0.00,28,13.60,86,4.60
2026-09-28T19:00,165,5,0.00,17,13.40,86,4.40
2026-09-28T19:10,175,7,0.00,8,13.30,85,4.10
2026-09-28T19:20,177,7,0.00,0,13.20,85,3.90
2026-09-28T19:30,180,9,0.00,0,13.10,84,3.20
2026-09-28T19:40,174,8,0.00,0,13.20,84,2.50
2026-09-28T19:50,154,6,0.00,0,13.50,83,2.60
2026-09-28T20:00,143,5,0.00,0,13.60,83,2.20
2026-09-28T20:10,148,5,0.00,0,13.70,83,1.80
2026-09-28T20:20,147,7,0.00,0,13.80,83,1.40
2026-09-28T20:30,140,8,0.00,0,13.90,83,1.10
2026-09-28T20:40,156,6,0.00,0,13.70,83,0.90
2026-09-28T20:50,172,5,0.00,0,13.60,83,0.50
2026-09-28T21:00,,8,0.00,0,13.50,84,0.00
2026-09-28T21:10,192,8,0.00,0,13.40,83,0.80
2026-09-28T21:20,194,9,0.00,0,13.20,83,1.70
2026-09-28T21:30,196,7,0.00,0,13.30,83,1.60
2026-09-28T21:40,200,6,0.00,0,13.30,83,1.80
2026-09-28T21:50,206,8,0.00,0,13.30,82,2.10
2026-09-28T22:00,202,9,0.00,0,13.20,82,1.70
2026-09-28T22:10,201,9,0.00,0,13.20,82,1.20
2026-09-28T22:20,200,5,0.00,0,13.30,81,0.90
2026-09-28T22:30,200,7,0.00,0,13.30,81,1.00
2026-09-28T22:40,196,7,0.00,0,13.20,81,1.50
2026-09-28T22:50,184,9,0.00,0,13.10,82,1.30
2026-09-28T23:00,178,9,0.00,0,13.20,82,1.60
2026-09-28T23:10,176,8,0.00,0,13.20,84,1.70
2026-09-28T23:20,160,9,0.00,0,13.10,85,1.30
2026-09-28T23:30,182,9,0.00,0,13.00,81,1.30
2026-09-28T23:40,186,9,0.00,0,13.10,82,1.10
2026-09-28T23:50,191,9,0.00,0,13.00,83,1.10
2026-09-29T00:00,201,10,0.00,0,13.00,82,1.20
2026-09-29T00:10,211,9,0.00,0,13.00,82,1.40
2026-09-29T00:20,223,9,0.00,0,13.00,82,1.70
2026-09-29T00:30,222,9,0.00,0,12.90,82,2.20
2026-09-29T00:40,220,8,0.00,0,12.90,83,1.80
2026-09-29T00:50,219,8,0.00,0,12.90,83,1.70
2026-09-29T01:00,222,9,0.00,0,12.90,83,1.60
2026-09-29T01:10,222,9,0.00,0,12.90,83,1.50
2026-09-29T01:20,202,11,0.00,0,12.90,83,1.20
2026-09-29T01:30,188,8,0.00,0,12.70,84,1.30
2026-09-29T01:40,192,7,0.00,0,12.70,84,1.60
2026-09-29T01:50,191,9,0.00,0,12.60,84,1.40
2026-09-29T02:00,197,8,0.00,0,12.60,84,1.60
2026-09-29T02:10,189,10,0.00,0,12.60,84,1.70
2026-09-29T02:20,183,9,0.00,0,12.50,85,1.80
2026-09-29T02:30,180,9,0.00,0,12.60,85,2.10
2026-09-29T02:40,201,9,0.00,0,12.50,85,2.40
2026-09-29T02:50,202,9,0.00,0,12.50,86,2.30
2026-09-29T03:00,198,9,0.00,0,12.50,86,2.30
2026-09-29T03:10,195,10,0.00,0,12.40,87,2.20
2026-09-29T03:20,189,9,0.00,0,12.40,87,2.20
2026-09-29T03:30,185,9,0.00,0,12.40,88,1.80
2026-09-29T03:40,189,9,0.00,0,12.50,87,1.80
2026-09-29T03:50,194,9,0.00,0,12.50,87,1.90
2026-09-29T04:00,190,9,0.00,0,12.50,87,1.80
2026-09-29T04:10,187,9,0.00,0,12.40,86,1.80
2026-09-29T04:20,193,9,0.00,0,12.40,84,1.70
2026-09-29T04:30,199,9,0.00,0,12.50,83,1.60
2026-09-29T04:40,201,9,0.00,0,12.60,82,1.60
2026-09-29T04:50,200,9,0.00,0,12.50,83,1.80
2026-09-29T05:00,196,9,0.00,0,12.40,83,1.90
2026-09-29T05:10,185,9,0.00,0,12.20,84,2.30
2026-09-29T05:20,184,10,0.00,0,12.10,86,2.40
2026-09-29T05:30,184,10,0.00,0,12.10,86,2.60
2026-09-29T05:40,189,10,0.00,0,11.80,89,2.50
2026-09-29T05:50,199,9,0.00,0,11.60,90,2.70
2026-09-29T06:00,199,9,0.00,0,11.60,87,2.90
2026-09-29T06:10,193,9,0.00,0,11.50,89,2.70
2026-09-29T06:20,185,9,0.00,0,11.40,90,2.40
2026-09-29T06:30,172,9,0.00,0,11.40,90,2.20
2026-09-29T06:40,145,9,0.00,0,11.50,90,2.20
2026-09-29T06:50,153,10,0.00,0,11.40,90,2.10
2026-09-29T07:00,156,10,0.00,0,11.40,90,2.00
2026-09-29T07:10,130,9,0.00,0,11.60,88,2.00
2026-09-29T07:20,131,10,0.00,0,11.60,87,2.10
2026-09-29T07:30,138,10,0.00,8,11.70,88,1.80
2026-09-29T07:40,142,10,0.00,15,11.70,88,1.90
2026-09-29T07:50,168,10,0.00,23,11.40,88,1.70
2026-09-29T08:00,189,10,0.00,30,11.50,88,2.20
2026-09-29T08:10,197,10,0.00,49,11.50,87,2.50
2026-09-29T08:20,203,9,0.00,59,11.60,86,2.70
2026-09-29T08:30,207,10,0.00,89,11.70,86,2.70
2026-09-29T08:40,208,9,0.00,109,11.80,85,2.50
2026-09-29T08:50,201,8,0.00,169,11.80,85,2.00
2026-09-29T09:00,208,9,0.00,146,11.90,84,1.80
2026-09-29T09:10,217,9,0.00,188,12.10,84,1.70
2026-09-29T09:20,229,7,0.00,250,12.30,83,1.40
2026-09-29T09:30,220,8,0.00,258,12.50,81,1.30
2026-09-29T09:40,213,7,0.00,316,12.80,82,1.80
2026-09-29T09:50,202,2,0.00,297,13.00,83,1.70
2026-09-29T10:00,189,8,0.00,255,13.00,84,1.70
2026-09-29T10:10,197,8,0.00,222,12.80,83,2.10
2026-09-29T10:20,189,7,0.00,267,12.60,83,2.10
2026-09-29T10:30,170,2,0.00,481,13.30,81,1.80
2026-09-29T10:40,169,8,0.00,404,13.80,79,2.00
2026-09-29T10:50,171,2,0.00,509,14.00,79,2.20
2026-09-29T11:00,179,2,0.00,500,14.00,78,2.10
2026-09-29T11:10,172,1,0.00,548,14.40,78,1.50
2026-09-29T11:20,175,6,0.00,474,14.70,77,2.00
2026-09-29T11:30,162,6,0.00,530,14.70,76,2.30
2026-09-29T11:40,155,7,0.00,579,14.70,77,2.10
2026-09-29T11:50,166,7,0.00,591,14.90,78,2.40
2026-09-29T12:00,159,1,0.00,605,14.90,78,3.10
2026-09-29T12:10,168,4,0.00,605,15.00,78,2.80
2026-09-29T12:20,176,5,0.00,642,14.70,78,2.60
2026-09-29T12:30,153,7,0.00,643,14.80,79,2.90
2026-09-29T12:40,150,7,0.00,660,14.80,79,2.80
2026-09-29T12:50,173,1,0.00,666,15.10,78,3.50
2026-09-29T13:00,162,8,0.00,685,15.20,78,2.80
2026-09-29T13:10,183,7,0.00,566,15.00,76,3.60
2026-09-29T13:20,176,6,0.00,622,14.90,77,3.60
2026-09-29T13:30,171,6,0.00,682,15.30,78,4.10
2026-09-29T13:40,175,5,0.00,666,15.00,77,4.20
2026-09-29T13:50,172,1,0.00,652,15.30,76,4.60
2026-09-29T14:00,180,6,0.00,661,15.30,77,4.90
2026-09-29T14:10,185,5,0.00,650,15.40,76,4.70
2026-09-29T14:20,166,6,0.00,611,15.70,75,4.20
2026-09-29T14:30,166,0,0.00,614,15.50,76,4.50
2026-09-29T14:40,174,5,0.00,609,15.70,76,4.40
2026-09-29T14:50,179,2,0.00,593,15.90,77,4.40
2026-09-29T15:00,175,4,0.00,532,15.70,77,4.40
2026-09-29T15:10,181,4,0.00,436,15.70,77,4.80
2026-09-29T15:20,182,3,0.00,408,15.30,79,5.00
2026-09-29T15:30,174,4,0.00,515,15.50,78,5.10
2026-09-29T15:40,175,6,0.00,494,15.60,78,5.00
2026-09-29T15:50,172,6,0.00,444,15.50,79,4.50
2026-09-29T16:00,173,4,0.00,386,15.30,79,5.00
2026-09-29T16:10,178,8,0.00,327,15.00,81,4.50
2026-09-29T16:20,176,4,0.00,309,14.90,82,4.80
2026-09-29T16:30,180,7,0.00,276,14.90,80,4.70
2026-09-29T16:40,176,8,0.00,187,14.60,81,4.80
2026-09-29T16:50,174,7,0.00,164,14.20,84,4.70
2026-09-29T17:00,173,7,0.00,153,14.00,86,4.40
2026-09-29T17:10,180,8,0.00,141,13.80,87,4.60
2026-09-29T17:20,178,8,0.00,136,13.70,87,4.70
2026-09-29T17:30,178,5,0.00,131,13.60,87,4.80
2026-09-29T17:40,178,7,0.00,130,13.50,88,4.50
2026-09-29T17:50,182,8,0.00,133,13.60,87,4.90
2026-09-29T18:00,180,7,0.00,120,13.40,87,4.90
2026-09-29T18:10,180,7,0.00,103,13.30,87,4.50
2026-09-29T18:20,175,8,0.00,73,13.10,88,4.10
2026-09-29T18:30,166,8,0.00,49,12.90,88,4.00
2026-09-29T18:40,162,8,0.00,32,12.80,88,4.00
2026-09-29T18:50,157,7,0.00,19,12.70,89,3.90
2026-09-29T19:00,159,8,0.00,10,12.70,90,4.10
2026-09-29T19:10,154,8,0.00,6,12.70,90,3.70
2026-09-29T19:20,147,8,0.00,0,12.70,90,3.80
2026-09-29T19:30,148,8,0.00,0,12.80,89,3.90
2026-09-29T19:40,144,9,0.00,0,12.80,89,3.80
2026-09-29T19:50,146,7,0.00,0,12.70,90,3.50
2026-09-29T20:00,147,7,0.00,0,12.50,90,3.40
2026-09-29T20:10,151,7,0.00,0,12.50,91,3.40
2026-09-29T20:20,157,7,0.00,0,12.60,90,3.50
2026-09-29T20:30,155,7,0.00,0,12.70,89,3.40
2026-09-29T20:40,159,8,0.00,0,12.70,89,3.40
2026-09-29T20:50,163,9,0.00,0,12.80,88,3.60
2026-09-29T21:00,164,9,0.00,0,12.80,88,3.80
2026-09-29T21:10,161,9,0.00,0,12.80,88,3.80
2026-09-29T21:20,157,9,0.00,0,12.80,87,3.70
2026-09-29T21:30,154,9,0.00,0,12.90,87,3.60
2026-09-29T21:40,156,8,0.00,0,12.90,86,3.30
2026-09-29T21:50,153,8,0.00,0,12.80,86,2.90
2026-09-29T22:00,154,8,0.00,0,12.70,87,2.90
2026-09-29T22:10,154,8,0.00,0,12.60,88,3.10
2026-09-29T22:20,154,8,0.00,0,12.60,88,3.00
2026-09-29T22:30,161,9,0.00,0,12.70,88,3.10
2026-09-29T22:40,168,8,0.00,0,12.80,87,3.50
2026-09-29T22:50,163,9,0.00,0,12.80,87,3.30
2026-09-29T23:00,160,8,0.00,0,12.70,88,3.10
2026-09-29T23:10,157,8,0.00,0,12.60,89,3.20
2026-09-29T23:20,157,9,0.00,0,12.50,89,3.40
2026-09-29T23:30,160,8,0.00,0,12.40,89,3.50
2026-09-29T23:40,166,8,0.00,0,12.40,89,3.60
2026-09-29T23:50,167,8,0.00,0,12.30,89,3.60
2026-09-30T00:00,170,8,0.00,0,12.30,90,3.70
2026-09-30T00:10,164,9,0.00,0,12.20,89,3.30
2026-09-30T00:20,160,10,0.00,0,12.10,90,3.30
2026-09-30T00:30,159,9,0.00,0,12.20,89,3.20
2026-09-30T00:40,155,8,0.00,0,12.00,90,3.20
2026-09-30T00:50,163,8,0.00,0,12.10,90,3.40
2026-09-30T01:00,166,5,0.00,0,12.10,90,3.50
2026-09-30T01:10,170,8,0.00,0,12.10,90,3.60
2026-09-30T01:20,169,7,0.00,0,12.10,90,3.60
2026-09-30T01:30,173,7,0.00,0,12.10,90,3.70
2026-09-30T01:40,177,7,0.00,0,12.00,90,3.70
2026-09-30T01:50,181,6,0.00,0,11.90,91,3.50
2026-09-30T02:00,178,7,0.00,0,12.00,90,3.60
2026-09-30T02:10,178,6,0.00,0,12.00,90,3.60
2026-09-30T02:20,172,7,0.00,0,12.00,89,3.50
2026-09-30T02:30,160,7,0.00,0,11.80,90,3.20
2026-09-30T02:40,157,8,0.00,0,11.80,91,3.20
2026-09-30T02:50,158,9,0.00,0,11.80,91,3.10
2026-09-30T03:00,166,5,0.00,0,12.00,87,3.20
2026-09-30T03:10,171,3,0.00,0,12.10,83,3.10
2026-09-30T03:20,174,0,0.00,0,12.10,82,3.20
2026-09-30T03:30,180,5,0.00,0,12.00,82,3.10
2026-09-30T03:40,184,4,0.00,0,11.80,84,2.80
2026-09-30T03:50,184,4,0.00,0,11.70,86,2.70
2026-09-30T04:00,183,6,0.00,0,11.70,86,3.00
2026-09-30T04:10,181,5,0.00,0,11.60,85,3.40
2026-09-30T04:20,183,3,0.00,0,11.50,84,3.80
2026-09-30T04:30,180,3,0.00,0,11.40,83,4.10
2026-09-30T04:40,176,7,0.00,0,11.50,81,4.20
2026-09-30T04:50,173,6,0.00,0,11.60,79,3.90
2026-09-30T05:00,174,2,0.00,0,11.60,82,3.30
2026-09-30T05:10,165,6,0.00,0,11.60,81,2.90
2026-09-30T05:20,157,7,0.00,0,11.30,79,2.50
2026-09-30T05:30,159,7,0.00,0,11.40,78,2.40
2026-09-30T05:40,158,6,0.00,0,11.30,79,2.60
2026-09-30T05:50,158,5,0.00,0,11.30,80,2.80
2026-09-30T06:00,157,9,0.00,0,11.20,81,2.80
2026-09-30T06:10,168,6,0.00,0,11.30,79,2.80
2026-09-30T06:20,174,5,0.00,0,11.50,75,3.10
2026-09-30T06:30,171,5,0.00,0,11.60,76,2.60
2026-09-30T06:40,167,7,0.00,0,11.50,76,2.10
2026-09-30T06:50,166,4,0.00,0,11.40,78,2.10
2026-09-30T07:00,159,5,0.00,0,11.30,80,1.90
2026-09-30T07:10,154,1,0.00,0,11.30,82,1.40
2026-09-30T07:20,155,6,0.00,0,11.50,78,1.40
2026-09-30T07:30,162,6,0.00,8,11.40,76,1.50
2026-09-30T07:40,142,8,0.00,16,11.60,75,1.10
2026-09-30T07:50,150,7,0.00,33,11.80,76,1.30
2026-09-30T08:00,161,6,0.00,52,11.70,76,1.20
2026-09-30T08:10,175,6,0.00,65,11.90,75,1.50
2026-09-30T08:20,173,7,0.00,80,11.90,74,1.40
2026-09-30T08:30,179,8,0.00,131,12.10,75,1.40
2026-09-30T08:40,188,8,0.00,170,12.20,75,1.60
2026-09-30T08:50,195,6,0.00,215,12.30,77,1.50
2026-09-30T09:00,196,6,0.00,265,12.60,78,1.20
2026-09-30T09:10,188,3,0.00,282,12.80,75,1.60
2026-09-30T09:20,178,7,0.00,209,12.90,73,1.70
2026-09-30T09:30,179,7,0.00,208,12.80,74,1.80
2026-09-30T09:40,191,4,0.00,254,12.50,74,1.90
2026-09-30T09:50,197,4,0.00,335,12.70,73,2.20
2026-09-30T10:00,184,3,0.00,353,13.00,73,2.10
2026-09-30T10:10,197,0,0.00,381,13.20,72,2.10
2026-09-30T10:20,199,3,0.00,410,13.20,73,2.50
2026-09-30T10:30,175,3,0.00,427,13.60,72,2.30
2026-09-30T10:40,172,1,0.00,453,13.60,70,2.20
2026-09-30T10:50,177,5,0.00,472,14.00,69,2.10
2026-09-30T11:00,177,5,0.00,489,13.90,70,2.30
2026-09-30T11:10,173,2,0.00,499,14.20,69,2.50
2026-09-30T11:20,176,4,0.00,520,14.40,69,2.10
2026-09-30T11:30,179,5,0.00,548,14.40,71,2.50
2026-09-30T11:40,169,8,0.00,563,14.50,71,2.40
2026-09-30T11:50,177,5,0.00,586,14.40,71,2.80
2026-09-30T12:00,165,6,0.00,593,14.20,71,2.40
2026-09-30T12:10,171,5,0.00,610,14.70,71,2.60
2026-09-30T12:20,151,6,0.00,627,14.70,71,2.60
2026-09-30T12:30,133,4,0.00,646,14.80,73,2.30
2026-09-30T12:40,133,0,0.00,665,14.50,77,2.90
2026-09-30T12:50,166,1,0.00,704,14.70,75,3.10
2026-09-30T13:00,176,2,0.00,625,14.80,74,3.40
2026-09-30T13:10,170,0,0.00,617,14.60,73,3.20
2026-09-30T13:20,176,3,0.00,786,15.00,72,2.70
2026-09-30T13:30,174,1,0.00,821,15.10,72,3.00
2026-09-30T13:40,176,5,0.00,750,15.20,70,2.90
2026-09-30T13:50,166,4,0.00,703,15.40,72,2.90
2026-09-30T14:00,167,-999,0.00,681,15.40,72,3.10
2026-09-30T14:10,188,1,0.00,624,15.00,75,3.40
2026-09-30T14:20,185,2,0.00,564,15.00,76,3.70
2026-09-30T14:30,170,0,0.00,635,15.20,76,3.30
2026-09-30T14:40,178,2,0.00,645,15.60,75,3.70
2026-09-30T14:50,178,-999,0.00,555,15.40,74,3.20
2026-09-30T15:00,182,-999,0.00,338,14.90,74,3.20
2026-09-30T15:10,185,-999,0.00,286,14.60,76,2.70
2026-09-30T15:20,189,-999,0.00,246,14.50,76,3.00
2026-09-30T15:30,185,2,0.00,233,14.30,77,3.20
2026-09-30T15:40,186,0,0.00,269,14.30,77,3.20
2026-09-30T15:50,181,-999,0.00,290,14.70,77,3.10
2026-09-30T16:00,183,0,0.00,318,14.50,79,3.20
2026-09-30T16:10,183,1,0.00,305,14.40,81,3.40
2026-09-30T16:20,188,4,0.00,267,14.40,81,3.70
2026-09-30T16:30,185,-999,0.00,202,14.30,81,3.20
2026-09-30T16:40,179,0,0.00,211,14.20,81,2.90
2026-09-30T16:50,172,1,0.00,181,14.20,79,2.50
2026-09-30T17:00,171,-999,0.00,134,13.80,74,2.50
2026-09-30T17:10,172,-999,0.00,116,13.60,74,3.10
2026-09-30T17:20,177,-999,0.00,97,13.50,75,3.40
2026-09-30T17:30,177,-999,0.00,71,13.30,78,3.90
2026-09-30T17:40,182,1,0.00,58,13.20,81,3.40
2026-09-30T17:50,182,3,0.00,61,13.20,82,3.50
2026-09-30T18:00,182,3,0.00,44,13.00,84,3.50
2026-09-30T18:10,184,4,0.00,30,12.90,85,3.10
2026-09-30T18:20,179,2,0.00,24,12.90,84,2.90
2026-09-30T18:30,173,4,0.00,20,12.80,83,2.70
2026-09-30T18:40,158,3,0.00,13,12.80,83,2.20
2026-09-30T18:50,108,3,0.00,9,12.80,84,2.00
2026-09-30T19:00,102,-999,0.00,5,12.90,84,1.80
2026-09-30T19:10,113,0,0.00,0,13.10,83,0.60
2026-09-30T19:20,25,-999,0.00,0,13.20,83,0.50
2026-09-30T19:30,299,-999,0.00,0,13.20,82,1.10
2026-09-30T19:40,292,-999,0.00,0,13.10,83,0.50
2026-09-30T19:50,,-999,0.00,0,13.10,84,0.00
2026-09-30T20:00,160,-999,0.00,0,13.10,83,1.50
2026-09-30T20:10,168,-999,0.00,0,13.00,83,2.10
2026-09-30T20:20,165,3,0.00,0,12.90,83,2.20
2026-09-30T20:30,163,-999,0.00,0,12.90,84,2.30
2026-09-30T20:40,168,-999,0.00,0,12.90,84,2.20
2026-09-30T20:50,167,-999,0.00,0,12.90,83,2.30
2026-09-30T21:00,157,-999,0.00,0,12.80,83,2.20
2026-09-30T21:10,143,-999,0.00,0,12.70,83,2.00
2026-09-30T21:20,155,-999,0.00,0,12.70,82,1.90
2026-09-30T21:30,166,-999,0.00,0,12.70,81,1.70
2026-09-30T21:40,168,-999,0.00,0,12.80,80,1.90
2026-09-30T21:50,165,1,0.00,0,12.90,81,1.80
2026-09-30T22:00,160,-999,0.00,0,12.80,83,1.90
2026-09-30T22:10,150,5,0.00,0,12.70,84,2.00
2026-09-30T22:20,160,-999,0.00,0,12.70,84,1.70
2026-09-30T22:30,168,-999,0.00,0,12.80,83,2.10
2026-09-30T22:40,173,-999,0.00,0,12.70,84,3.10
2026-09-30T22:50,174,-999,0.00,0,12.60,85,3.00
2026-09-30T23:00,171,-999,0.00,0,12.60,85,3.00
2026-09-30T23:10,165,2,0.00,0,12.50,85,2.80
2026-09-30T23:20,164,4,0.00,0,12.50,85,2.90
2026-09-30T23:30,161,6,0.00,0,12.50,86,2.70
2026-09-30T23:40,157,9,0.00,0,12.40,87,2.50
2026-09-30T23:50,153,6,0.00,0,12.30,87,2.20
2026-10-01T00:00,157,7,0.00,0,12.30,87,2.40
2026-10-01T00:10,148,3,0.00,0,12.20,88,2.70
2026-10-01T00:20,144,9,0.00,0,12.10,88,2.40
2026-10-01T00:30,138,5,0.00,0,12.20,87,2.10
2026-10-01T00:40,137,5,0.00,0,12.10,87,2.10
2026-10-01T00:50,158,9,0.00,0,12.10,87,2.20
2026-10-01T01:00,173,8,0.00,0,12.20,86,2.50
2026-10-01T01:10,175,8,0.00,0,12.20,87,2.50
2026-10-01T01:20,170,7,0.00,0,12.20,87,2.70
2026-10-01T01:30,171,9,0.00,0,12.10,87,2.90
2026-10-01T01:40,169,8,0.00,0,12.10,87,2.80
2026-10-01T01:50,162,8,0.00,0,12.10,86,3.20
2026-10-01T02:00,168,11,0.00,0,12.10,86,3.40
2026-10-01T02:10,179,-999,0.00,0,12.00,87,3.30
2026-10-01T02:20,178,7,0.00,0,12.00,87,3.00
2026-10-01T02:30,179,9,0.00,0,12.00,87,3.00
2026-10-01T02:40,180,11,0.00,0,12.00,87,2.90
2026-10-01T02:50,181,10,0.00,0,12.00,88,2.90
2026-10-01T03:00,174,9,0.00,0,12.00,88,2.90
2026-10-01T03:10,170,8,0.00,0,12.00,88,3.00
2026-10-01T03:20,170,6,0.00,0,12.10,88,3.20
2026-10-01T03:30,170,9,0.00,0,12.10,88,3.20
2026-10-01T03:40,171,9,0.00,0,12.10,88,3.20
2026-10-01T03:50,177,10,0.00,0,12.20,86,3.50
2026-10-01T04:00,174,2,0.00,0,12.20,86,3.30
2026-10-01T04:10,174,8,0.00,0,12.20,86,3.10
2026-10-01T04:20,167,9,0.00,0,12.20,86,2.80
2026-10-01T04:30,168,10,0.00,0,12.10,86,2.80
2026-10-01T04:40,170,10,0.00,0,12.10,86,2.70
2026-10-01T04:50,165,10,0.00,0,12.10,86,2.60
2026-10-01T05:00,156,10,0.00,0,12.00,87,2.40
2026-10-01T05:10,138,9,0.00,0,12.00,87,2.30
2026-10-01T05:20,143,11,0.00,0,12.00,87,2.20
2026-10-01T05:30,158,10,0.00,0,12.00,87,2.40
2026-10-01T05:40,159,11,0.00,0,11.90,87,2.60
2026-10-01T05:50,165,7,0.00,0,12.00,86,3.00
2026-10-01T06:00,165,5,0.00,0,12.00,87,3.00
2026-10-01T06:10,167,9,0.00,0,11.80,89,3.40
2026-10-01T06:20,170,7,0.00,0,11.60,91,3.70
2026-10-01T06:30,173,3,0.00,0,11.50,91,4.20
2026-10-01T06:40,170,8,0.00,0,11.40,91,3.80
2026-10-01T06:50,168,6,0.00,0,11.40,91,3.80
2026-10-01T07:00,168,10,0.00,0,11.40,91,3.70
2026-10-01T07:10,173,9,0.00,0,11.50,91,3.60
2026-10-01T07:20,168,8,0.00,0,11.50,91,3.30
2026-10-01T07:30,167,7,0.00,6,11.40,90,3.00
2026-10-01T07:40,158,10,0.00,7,11.40,90,2.50
2026-10-01T07:50,170,7,0.00,7,11.40,90,2.50
2026-10-01T08:00,173,-999,0.00,10,11.50,90,2.40
2026-10-01T08:10,176,9,0.00,15,11.60,91,2.30
2026-10-01T08:20,184,11,0.00,24,11.60,91,2.30
2026-10-01T08:30,194,11,0.00,34,11.70,91,2.60
2026-10-01T08:40,186,-999,0.00,48,11.80,91,2.60
2026-10-01T08:50,182,7,0.00,64,11.90,91,2.50
2026-10-01T09:00,181,10,0.00,65,11.90,90,2.50
2026-10-01T09:10,187,10,0.00,76,11.90,90,2.60
2026-10-01T09:20,185,7,0.00,89,12.00,89,2.60
2026-10-01T09:30,189,-999,0.00,109,12.10,88,2.50
2026-10-01T09:40,188,7,0.00,135,12.20,88,2.30
2026-10-01T09:50,186,-999,0.00,152,12.30,87,2.10
2026-10-01T10:00,178,9,0.00,165,12.50,87,2.00
2026-10-01T10:10,188,7,0.00,166,12.50,86,1.80
2026-10-01T10:20,167,-999,0.00,174,12.50,86,1.40
2026-10-01T10:30,167,0,0.00,197,12.70,85,1.30
2026-10-01T10:40,176,7,0.00,216,12.80,85,1.50
2026-10-01T10:50,184,7,0.00,174,12.80,84,1.40
2026-10-01T11:00,158,4,0.00,170,12.80,85,1.30
2026-10-01T11:10,172,5,0.00,218,12.90,84,1.30
2026-10-01T11:20,173,-999,0.00,225,12.90,84,1.50
2026-10-01T11:30,181,4,0.00,249,13.10,84,1.70
2026-10-01T11:40,194,3,0.00,275,13.00,83,2.10
2026-10-01T11:50,195,-999,0.00,294,12.90,84,2.70
2026-10-01T12:00,194,5,0.00,355,12.90,83,2.70
2026-10-01T12:10,177,-999,0.00,412,13.30,84,2.30
2026-10-01T12:20,180,-999,0.00,453,13.50,82,2.20
2026-10-01T12:30,184,4,0.00,522,13.90,82,2.20
2026-10-01T12:40,188,5,0.00,560,14.00,81,2.50
2026-10-01T12:50,204,1,0.00,514,14.00,81,2.10
2026-10-01T13:00,189,-999,0.00,424,14.10,80,2.00
2026-10-01T13:10,180,4,0.00,426,14.10,83,2.40
2026-10-01T13:20,173,0,0.00,446,14.00,81,2.40
2026-10-01T13:30,177,4,0.00,434,14.10,81,2.40
2026-10-01T13:40,180,4,0.00,422,14.30,81,2.80
2026-10-01T13:50,187,5,0.00,397,14.10,80,2.90
2026-10-01T14:00,187,2,0.00,379,13.90,80,2.80
2026-10-01T14:10,179,1,0.00,301,13.80,81,2.80
2026-10-01T14:20,185,-999,0.00,275,13.70,82,2.50
2026-10-01T14:30,165,-999,0.00,297,13.90,83,2.20
2026-10-01T14:40,164,1,0.00,298,13.60,82,2.40
2026-10-01T14:50,171,1,0.00,288,13.70,82,2.50
2026-10-01T15:00,179,-999,0.00,281,13.70,83,2.50
2026-10-01T15:10,167,-999,0.00,266,13.60,82,2.70
2026-10-01T15:20,164,3,0.00,233,13.50,82,2.60
2026-10-01T15:30,157,-999,0.00,207,13.40,84,2.60
2026-10-01T15:40,156,5,0.00,187,13.30,84,2.30
2026-10-01T15:50,159,3,0.00,193,13.40,84,2.40
2026-10-01T16:00,160,1,0.00,203,13.40,84,2.40
2026-10-01T16:10,161,-999,0.00,209,13.40,85,2.50
2026-10-01T16:20,168,0,0.00,214,13.40,84,2.50
2026-10-01T16:30,159,-999,0.00,225,13.40,84,2.20
2026-10-01T16:40,165,1,0.00,264,13.70,82,2.20
2026-10-01T16:50,164,-999,0.00,339,14.00,79,2.10
2026-10-01T17:00,165,0,0.00,351,14.40,77,2.10
2026-10-01T17:10,149,-999,0.00,270,14.20,76,2.20
2026-10-01T17:20,149,-999,0.00,210,13.90,81,2.00
2026-10-01T17:30,158,1,0.00,151,13.70,80,2.00
2026-10-01T17:40,137,-999,0.00,142,13.40,77,1.80
2026-10-01T17:50,121,-999,0.00,124,13.40,79,1.90
2026-10-01T18:00,111,-999,0.00,98,13.10,82,2.30
2026-10-01T18:10,128,-999,0.00,67,12.90,81,2.40
2026-10-01T18:20,140,1,0.00,53,12.60,81,2.30
2026-10-01T18:30,149,1,0.00,41,12.40,85,2.40
2026-10-01T18:40,157,-999,0.00,30,12.20,83,2.60
2026-10-01T18:50,166,2,0.00,19,12.40,82,2.60
2026-10-01T19:00,181,-999,0.00,9,12.50,89,2.30
2026-10-01T19:10,181,-999,0.00,0,12.40,91,2.20
2026-10-01T19:20,176,-999,0.00,0,12.40,91,2.10
2026-10-01T19:30,174,2,0.00,0,12.50,91,1.80
2026-10-01T19:40,177,-999,0.00,0,12.50,91,1.60
2026-10-01T19:50,179,-999,0.00,0,12.50,91,1.20
2026-10-01T20:00,145,-999,0.00,0,12.50,91,1.00
2026-10-01T20:10,162,-999,0.00,0,12.50,91,0.70
2026-10-01T20:20,200,-999,0.00,0,12.60,88,0.90
2026-10-01T20:30,217,-999,0.00,0,12.70,89,0.90
2026-10-01T20:40,222,-999,0.00,0,12.60,92,0.50
2026-10-01T20:50,,-999,0.00,0,12.50,91,0.00
2026-10-01T21:00,,3,0.00,0,12.40,91,0.00
2026-10-01T21:10,,-999,0.00,0,12.30,91,0.00
2026-10-01T21:20,,7,0.00,0,12.30,92,0.00
2026-10-01T21:30,342,6,0.00,0,12.30,92,0.50
2026-10-01T21:40,340,-999,0.00,0,12.30,93,1.50
2026-10-01T21:50,353,3,0.00,0,12.20,93,1.60
2026-10-01T22:00,346,0,0.00,0,12.10,93,1.60
2026-10-01T22:10,350,7,0.00,0,12.20,94,1.20
2026-10-01T22:20,349,9,0.00,0,12.20,95,1.40
2026-10-01T22:30,344,0,0.00,0,12.10,95,1.50
2026-10-01T22:40,350,-999,0.00,0,12.10,95,1.20
2026-10-01T22:50,355,10,0.00,0,12.10,95,1.20
2026-10-01T23:00,12,3,0.00,0,12.00,96,1.40
2026-10-01T23:10,29,10,0.00,0,12.00,96,1.40
2026-10-01T23:20,52,10,0.00,0,12.00,96,1.30
2026-10-01T23:30,78,8,0.00,0,12.30,95,1.20
2026-10-01T23:40,84,7,0.00,0,12.40,93,1.10
2026-10-01T23:50,,-999,0.00,0,12.60,90,0.00
2026-10-02T00:00,,8,0.00,0,12.60,88,0.00
2026-10-02T00:10,312,7,0.00,0,12.60,90,0.50
2026-10-02T00:20,6,5,0.00,0,12.30,93,0.90
2026-10-02T00:30,347,3,0.00,0,12.20,95,0.80
2026-10-02T00:40,339,2,0.00,0,12.20,95,0.90
2026-10-02T00:50,347,2,0.00,0,12.20,95,1.70
2026-10-02T01:00,354,3,0.00,0,12.30,93,2.20
2026-10-02T01:10,355,2,0.00,0,12.40,90,1.50
2026-10-02T01:20,348,3,0.00,0,12.40,89,1.70
2026-10-02T01:30,352,-999,0.00,0,12.50,89,1.50
2026-10-02T01:40,349,-999,0.00,0,12.50,89,1.50
2026-10-02T01:50,358,-999,0.00,0,12.60,89,1.10
2026-10-02T02:00,346,-999,0.00,0,12.60,89,1.00
2026-10-02T02:10,348,-999,0.00,0,12.50,89,1.00
2026-10-02T02:20,342,-999,0.00,0,12.50,88,1.00
2026-10-02T02:30,2,-999,0.00,0,12.50,88,0.30
2026-10-02T02:40,339,-999,0.00,0,12.50,89,0.90
2026-10-02T02:50,348,-999,0.00,0,12.40,90,1.50
2026-10-02T03:00,351,-999,0.00,0,12.10,93,1.60
2026-10-02T03:10,347,-999,0.00,0,12.00,94,1.50
2026-10-02T03:20,347,-999,0.00,0,12.10,94,1.00
2026-10-02T03:30,351,-999,0.00,0,12.20,93,1.10
2026-10-02T03:40,2,-999,0.00,0,12.40,91,0.50
2026-10-02T03:50,349,-999,0.00,0,12.50,88,0.70
2026-10-02T04:00,350,-999,0.00,0,12.70,88,1.00
2026-10-02T04:10,334,-999,0.00,0,12.70,87,1.00
2026-10-02T04:20,328,-999,0.00,0,12.90,83,0.90
2026-10-02T04:30,,-999,0.00,0,13.00,83,0.00
2026-10-02T04:40,,-999,0.00,0,12.90,83,0.00
2026-10-02T04:50,,-999,0.00,0,13.10,82,0.00
2026-10-02T05:00,132,-999,0.00,0,13.10,82,0.40
2026-10-02T05:10,163,-999,0.00,0,13.00,83,0.70
2026-10-02T05:20,,-999,0.00,0,13.00,84,0.00
2026-10-02T05:30,,6,0.00,0,12.80,85,0.00
2026-10-02T05:40,266,0,0.00,0,12.60,88,0.60
2026-10-02T05:50,199,3,0.00,0,12.50,88,0.80
2026-10-02T06:00,179,2,0.00,0,12.70,85,1.70
2026-10-02T06:10,189,7,0.00,0,12.50,86,1.90
2026-10-02T06:20,191,7,0.00,0,12.60,86,2.00
2026-10-02T06:30,195,7,0.00,0,12.60,86,2.00
2026-10-02T06:40,214,9,0.00,0,12.60,86,1.90
2026-10-02T06:50,228,9,0.00,0,12.70,86,1.50
2026-10-02T07:00,230,8,0.00,0,12.70,86,1.00
2026-10-02T07:10,245,10,0.00,0,12.70,86,0.80
2026-10-02T07:20,240,9,0.00,0,12.70,85,1.00
2026-10-02T07:30,255,8,0.00,0,12.80,85,0.60
2026-10-02T07:40,,8,0.00,11,12.80,84,0.00
2026-10-02T07:50,,7,0.00,25,12.90,84,0.00
2026-10-02T08:00,174,-999,0.00,31,12.90,83,1.00
2026-10-02T08:10,171,-999,0.00,35,12.90,84,1.60
2026-10-02T08:20,174,-999,0.00,46,12.90,84,1.50
2026-10-02T08:30,174,-999,0.00,60,12.90,84,1.40
2026-10-02T08:40,162,-999,0.00,73,13.00,86,1.30
2026-10-02T08:50,157,-999,0.00,87,13.00,87,1.60
2026-10-02T09:00,148,-999,0.00,104,13.10,87,1.90
2026-10-02T09:10,147,-999,0.00,124,13.10,87,1.90
2026-10-02T09:20,155,-999,0.00,148,13.20,87,2.00
2026-10-02T09:30,163,-999,0.00,173,13.30,86,2.00
2026-10-02T09:40,170,-999,0.00,190,13.40,86,1.80
2026-10-02T09:50,159,4,0.00,220,13.60,86,1.70
2026-10-02T10:00,169,6,0.00,232,13.70,85,1.90
2026-10-02T10:10,161,2,0.00,348,13.80,86,2.40
2026-10-02T10:20,158,5,0.00,403,14.00,84,2.50
2026-10-02T10:30,161,6,0.00,411,14.10,85,2.60
2026-10-02T10:40,161,-999,0.00,431,14.10,84,2.90
2026-10-02T10:50,157,4,0.00,446,14.00,84,2.90
2026-10-02T11:00,157,6,0.00,472,14.10,85,2.80
2026-10-02T11:10,165,3,0.00,498,14.30,84,2.80
2026-10-02T11:20,154,7,0.00,523,14.30,84,3.10
2026-10-02T11:30,162,-999,0.00,527,14.60,82,3.00
2026-10-02T11:40,169,7,0.00,521,14.30,82,3.30
2026-10-02T11:50,154,7,0.00,478,14.30,83,2.80
2026-10-02T12:00,139,2,0.00,539,14.50,83,3.20
2026-10-02T12:10,156,4,0.00,539,14.60,83,3.00
2026-10-02T12:20,165,8,0.00,393,14.60,86,3.20
2026-10-02T12:30,166,1,0.00,553,14.40,86,3.70
2026-10-02T12:40,157,2,0.00,562,14.50,86,3.60
2026-10-02T12:50,163,0,0.00,595,14.70,81,3.70
2026-10-02T13:00,163,0,0.00,594,14.80,79,3.60
2026-10-02T13:10,175,1,0.00,621,14.90,81,3.70
2026-10-02T13:20,181,1,0.00,621,14.90,77,4.00
2026-10-02T13:30,179,2,0.00,626,15.10,71,4.30
2026-10-02T13:40,180,0,0.00,625,15.00,68,3.80
2026-10-02T13:50,175,-999,0.00,615,15.00,71,3.80
2026-10-02T14:00,170,3,0.00,608,15.30,75,3.90
2026-10-02T14:10,161,-999,0.00,609,15.50,76,4.10
2026-10-02T14:20,170,2,0.00,600,15.40,76,4.00
2026-10-02T14:30,175,3,0.00,575,15.40,77,4.70
2026-10-02T14:40,,,0.00,584,15.50,76,
2026-10-02T14:50,177,2,0.00,561,15.70,76,4.80
2026-10-02T15:00,174,0,0.00,539,15.50,77,4.60
2026-10-02T15:10,173,0,0.00,514,15.90,77,4.40
2026-10-02T15:20,170,0,0.00,486,15.70,75,4.90
2026-10-02T15:30,170,-999,0.00,516,15.80,75,4.50
2026-10-02T15:40,167,-999,0.00,506,15.70,76,4.90
2026-10-02T15:50,164,-999,0.00,495,15.70,76,4.60
2026-10-02T16:00,169,1,0.00,437,15.70,76,4.30
2026-10-02T16:10,171,-999,0.00,389,15.80,76,4.10
2026-10-02T16:20,179,-999,0.00,411,15.80,77,4.50
2026-10-02T16:30,161,1,0.00,377,15.50,75,5.00
2026-10-02T16:40,166,1,0.00,340,15.50,76,4.80
2026-10-02T16:50,170,1,0.00,326,15.50,76,4.40
2026-10-02T17:00,170,-999,0.00,289,15.40,77,4.30
2026-10-02T17:10,167,-999,0.00,265,15.20,78,4.80
2026-10-02T17:20,170,5,0.00,197,15.00,78,4.40
2026-10-02T17:30,177,5,0.00,198,14.80,79,4.40
2026-10-02T17:40,176,5,0.00,177,14.60,80,4.40
2026-10-02T17:50,174,4,0.00,173,14.50,80,4.90
2026-10-02T18:00,169,2,0.00,128,14.20,81,4.60
2026-10-02T18:10,173,2,0.00,70,13.70,82,4.20
2026-10-02T18:20,173,3,0.00,41,13.30,84,4.60
2026-10-02T18:30,170,3,0.00,34,13.10,84,4.90
2026-10-02T18:40,173,2,0.00,24,12.90,84,4.80
2026-10-02T18:50,174,0,0.00,16,12.90,81,4.60
2026-10-02T19:00,182,3,0.00,8,12.70,82,4.20
2026-10-02T19:10,186,6,0.00,0,12.60,82,3.40
2026-10-02T19:20,181,3,0.00,0,12.60,82,3.30
2026-10-02T19:30,183,3,0.00,0,12.60,82,3.00
2026-10-02T19:40,179,4,0.00,0,12.60,82,2.60
2026-10-02T19:50,175,3,0.00,0,12.60,82,2.30
2026-10-02T20:00,163,3,0.00,0,12.80,81,1.60
2026-10-02T20:10,152,4,0.00,0,13.00,77,1.60
2026-10-02T20:20,121,1,0.00,0,13.30,74,1.60
2026-10-02T20:30,137,3,0.00,0,13.30,74,1.30
2026-10-02T20:40,126,4,0.00,0,13.30,75,0.90
2026-10-02T20:50,10,4,0.00,0,13.40,81,0.70
2026-10-02T21:00,12,4,0.00,0,13.20,84,0.50
2026-10-02T21:10,180,3,0.00,0,12.90,79,0.40
2026-10-02T21:20,184,3,0.00,0,12.90,74,0.80
2026-10-02T21:30,,5,0.00,0,13.00,74,0.00
2026-10-02T21:40,,5,0.00,0,12.90,74,0.00
2026-10-02T21:50,,3,0.00,0,12.80,77,0.00
2026-10-02T22:00,194,4,0.00,0,12.80,73,0.60
2026-10-02T22:10,183,3,0.00,0,12.70,75,1.00
2026-10-02T22:20,183,4,0.00,0,12.70,76,0.40
2026-10-02T22:30,,5,0.00,0,12.70,74,0.00
2026-10-02T22:40,65,5,0.00,0,12.80,80,0.50
2026-10-02T22:50,,5,0.00,0,12.70,83,0.00
2026-10-02T23:00,,5,0.00,0,12.70,81,0.00
2026-10-02T23:10,153,5,0.00,0,12.60,74,0.60
2026-10-02T23:20,164,5,0.00,0,12.70,70,0.80
2026-10-02T23:30,167,5,0.00,0,12.80,70,0.70
2026-10-02T23:40,194,6,0.00,0,12.90,70,0.70
2026-10-02T23:50,203,4,0.00,0,12.90,69,0.70
2026-10-03T00:00,217,6,0.00,0,12.80,71,0.90
2026-10-03T00:10,225,5,0.00,0,12.80,74,1.50
2026-10-03T00:20,224,5,0.00,0,12.80,77,1.50
2026-10-03T00:30,227,5,0.00,0,12.80,77,1.50
2026-10-03T00:40,222,0,0.00,0,12.80,76,1.50
2026-10-03T00:50,214,7,0.00,0,12.80,76,1.60
2026-10-03T01:00,209,5,0.00,0,12.70,77,1.70
2026-10-03T01:10,217,4,0.00,0,12.70,78,1.60
2026-10-03T01:20,212,4,0.00,0,12.60,78,2.10
2026-10-03T01:30,206,4,0.00,0,12.40,79,2.10
2026-10-03T01:40,191,5,0.00,0,12.20,80,2.00
2026-10-03T01:50,183,6,0.00,0,12.10,80,1.90
2026-10-03T02:00,176,6,0.00,0,12.10,81,1.90
2026-10-03T02:10,162,5,0.00,0,12.00,79,1.80
2026-10-03T02:20,159,6,0.00,0,11.80,80,2.20
2026-10-03T02:30,172,4,0.00,0,11.80,82,2.30
2026-10-03T02:40,190,5,0.00,0,11.70,84,2.60
2026-10-03T02:50,196,7,0.00,0,11.60,83,2.90
2026-10-03T03:00,200,5,0.00,0,11.60,79,2.90
2026-10-03T03:10,199,4,0.00,0,11.60,79,2.80
2026-10-03T03:20,199,3,0.00,0,11.60,77,2.70
2026-10-03T03:30,198,5,0.00,0,11.50,79,2.80
2026-10-03T03:40,198,4,0.00,0,11.50,78,2.70
2026-10-03T03:50,200,4,0.00,0,11.50,78,2.70
2026-10-03T04:00,203,5,0.00,0,11.60,79,2.10
2026-10-03T04:10,210,6,0.00,0,11.70,79,1.90
2026-10-03T04:20,201,3,0.00,0,11.50,79,2.00
2026-10-03T04:30,201,5,0.00,0,11.40,80,1.90
2026-10-03T04:40,186,4,0.00,0,11.30,81,1.50
2026-10-03T04:50,153,6,0.00,0,11.10,84,1.50
2026-10-03T05:00,149,3,0.00,0,10.90,85,1.80
2026-10-03T05:10,154,3,0.00,0,10.90,85,1.90
2026-10-03T05:20,170,6,0.00,0,11.00,84,1.70
2026-10-03T05:30,176,6,0.00,0,11.10,83,1.80
2026-10-03T05:40,177,5,0.00,0,10.80,75,1.80
2026-10-03T05:50,187,8,0.00,0,10.60,72,2.00
2026-10-03T06:00,183,6,0.00,0,10.60,70,2.00
2026-10-03T06:10,182,6,0.00,0,10.80,74,1.50
2026-10-03T06:20,197,5,0.00,0,10.90,84,1.40
2026-10-03T06:30,195,3,0.00,0,10.90,83,1.30
2026-10-03T06:40,191,6,0.00,0,10.90,81,1.10
2026-10-03T06:50,190,6,0.00,0,10.90,80,1.40
2026-10-03T07:00,199,5,0.00,0,11.00,78,1.40
2026-10-03T07:10,200,4,0.00,0,11.10,79,1.40
2026-10-03T07:20,211,4,0.00,0,11.10,80,1.20
2026-10-03T07:30,211,3,0.00,7,11.10,76,1.50
2026-10-03T07:40,205,5,0.00,13,11.10,75,1.20
2026-10-03T07:50,189,4,0.00,19,11.10,76,1.30
2026-10-03T08:00,184,6,0.00,28,11.10,76,1.60
2026-10-03T08:10,196,4,0.00,38,11.00,80,1.90
2026-10-03T08:20,200,4,0.00,46,11.00,69,2.20
2026-10-03T08:30,201,7,0.00,48,11.00,64,2.30
2026-10-03T08:40,198,7,0.00,45,11.00,59,2.40
2026-10-03T08:50,194,6,0.00,49,11.10,57,2.60
2026-10-03T09:00,189,6,0.00,66,11.10,60,2.50
2026-10-03T09:10,186,8,0.00,112,11.20,61,2.10
2026-10-03T09:20,184,6,0.00,133,11.40,59,2.20
2026-10-03T09:30,194,8,0.00,148,11.50,56,2.30
2026-10-03T09:40,186,3,0.00,152,11.60,56,2.30
2026-10-03T09:50,194,1,0.00,167,11.70,57,2.50
2026-10-03T10:00,192,,0.00,190,11.70,57,2.50
2026-10-03T10:10,190,-999,0.00,211,11.80,54,2.40
2026-10-03T10:20,184,-999,0.00,245,12.00,55,2.20
2026-10-03T10:30,165,-999,0.00,291,12.40,57,1.40
2026-10-03T10:40,118,1,0.00,346,12.40,65,1.80
2026-10-03T10:50,126,-999,0.00,431,12.80,66,1.70
2026-10-03T11:00,148,-999,0.00,447,13.40,66,1.60
2026-10-03T11:10,144,1,0.00,516,13.70,65,1.90
2026-10-03T11:20,163,1,0.00,542,14.00,65,1.80
2026-10-03T11:30,161,-999,0.00,545,14.30,64,1.30
2026-10-03T11:40,126,5,0.00,546,14.00,64,1.80
2026-10-03T11:50,100,5,0.00,550,14.30,65,1.60
2026-10-03T12:00,112,-999,0.00,551,14.30,66,1.20
2026-10-03T12:10,59,3,0.00,566,14.50,67,0.40
2026-10-03T12:20,58,2,0.00,581,14.80,67,0.80
2026-10-03T12:30,70,-999,0.00,598,14.80,65,0.60
2026-10-03T12:40,99,3,0.00,608,14.60,65,0.40
2026-10-03T12:50,63,2,0.00,599,14.80,63,0.40
2026-10-03T13:00,22,1,0.00,610,14.60,65,1.10
2026-10-03T13:10,86,3,0.00,599,14.70,63,0.80
2026-10-03T13:20,105,-999,0.00,582,15.20,61,0.80
2026-10-03T13:30,55,0,0.00,623,15.30,62,0.70
2026-10-03T13:40,80,1,0.00,613,15.40,62,0.70
2026-10-03T13:50,137,-999,0.00,614,15.30,59,1.10
2026-10-03T14:00,158,-999,0.00,616,15.30,61,2.50
2026-10-03T14:10,155,3,0.00,609,15.00,63,2.60
2026-10-03T14:20,173,3,0.00,590,15.00,63,2.80
2026-10-03T14:30,151,3,0.00,542,15.10,64,3.00
2026-10-03T14:40,162,0,0.00,509,14.90,64,2.90
2026-10-03T14:50,158,1,0.00,493,14.90,64,2.80
2026-10-03T15:00,150,2,0.00,461,14.60,65,2.90
2026-10-03T15:10,149,2,0.00,439,14.60,65,3.00
2026-10-03T15:20,150,-999,0.00,422,14.60,66,3.20
2026-10-03T15:30,160,1,0.00,444,14.70,66,3.40
2026-10-03T15:40,161,0,0.00,393,14.80,65,3.90
2026-10-03T15:50,160,-999,0.00,328,14.50,67,4.40
2026-10-03T16:00,162,1,0.00,283,14.00,69,4.70
2026-10-03T16:10,160,1,0.00,245,13.70,70,4.70
2026-10-03T16:20,164,-999,0.00,227,13.60,70,4.50
2026-10-03T16:30,163,5,0.00,218,13.40,71,4.50
2026-10-03T16:40,157,4,0.00,226,13.40,72,4.30
2026-10-03T16:50,147,-999,0.00,252,13.40,72,3.90
2026-10-03T17:00,145,-999,0.00,219,13.30,71,3.80
2026-10-03T17:10,147,-999,0.00,177,13.20,71,3.60
2026-10-03T17:20,159,1,0.00,199,13.30,71,3.40
2026-10-03T17:30,154,1,0.00,217,13.40,70,3.30
2026-10-03T17:40,162,-999,0.00,228,13.60,69,3.40
2026-10-03T17:50,163,-999,0.00,225,13.80,69,2.90
2026-10-03T18:00,162,-999,0.00,208,13.90,68,3.10
2026-10-03T18:10,157,-999,0.00,164,13.60,69,3.20
2026-10-03T18:20,156,-999,0.00,124,13.20,70,3.40
2026-10-03T18:30,150,-999,0.00,89,12.80,71,3.20
2026-10-03T18:40,148,-999,0.00,48,12.50,73,2.80
2026-10-03T18:50,143,1,0.00,25,12.20,73,2.80
2026-10-03T19:00,147,-999,0.00,11,12.00,73,2.90
2026-10-03T19:10,149,1,0.00,0,12.00,73,2.90
2026-10-03T19:20,156,4,0.00,0,11.90,73,2.90
2026-10-03T19:30,164,1,0.00,0,12.00,72,2.80
2026-10-03T19:40,165,1,0.00,0,12.20,72,2.50
2026-10-03T19:50,172,5,0.00,0,12.30,70,2.40
2026-10-03T20:00,150,2,0.00,0,12.20,70,2.20
2026-10-03T20:10,155,3,0.00,0,12.20,70,1.90
2026-10-03T20:20,156,5,0.00,0,12.10,70,1.80
2026-10-03T20:30,143,-999,0.00,0,12.30,69,1.40
2026-10-03T20:40,152,0,0.00,0,12.40,69,1.50
2026-10-03T20:50,150,6,0.00,0,12.30,69,1.50
2026-10-03T21:00,147,6,0.00,0,12.30,69,1.30
2026-10-03T21:10,143,3,0.00,0,12.30,70,1.40
2026-10-03T21:20,148,-999,0.00,0,12.30,69,1.10
2026-10-03T21:30,161,8,0.00,0,12.20,69,0.80
2026-10-03T21:40,,-999,0.00,0,12.10,70,0.00
2026-10-03T21:50,,-999,0.00,0,12.00,72,0.00
2026-10-03T22:00,7,4,0.00,0,11.90,74,0.50
2026-10-03T22:10,,-999,0.00,0,11.80,75,0.00
2026-10-03T22:20,1,8,0.00,0,11.70,76,0.50
2026-10-03T22:30,355,8,0.00,0,11.60,78,1.30
2026-10-03T22:40,3,4,0.00,0,11.70,78,1.30
2026-10-03T22:50,354,9,0.00,0,11.70,78,1.30
2026-10-03T23:00,12,6,0.00,0,11.80,77,1.30
2026-10-03T23:10,3,9,0.00,0,11.80,76,1.00
2026-10-03T23:20,346,9,0.00,0,11.80,76,1.30
2026-10-03T23:30,350,7,0.00,0,11.80,76,1.30
2026-10-03T23:40,357,6,0.00,0,11.80,77,1.70
2026-10-03T23:50,10,6,0.00,0,11.70,77,1.50
2026-10-04T00:00,2,6,0.00,0,11.60,78,1.70
2026-10-04T00:10,353,8,0.00,0,11.50,79,1.40
2026-10-04T00:20,353,7,0.00,0,11.50,79,1.80
2026-10-04T00:30,343,8,0.00,0,11.70,79,2.20
2026-10-04T00:40,337,5,0.00,0,11.80,79,2.00
2026-10-04T00:50,342,6,0.00,0,11.80,79,2.20
2026-10-04T01:00,346,7,0.00,0,11.60,79,2.00
2026-10-04T01:10,348,8,0.00,0,11.20,82,2.00
2026-10-04T01:20,349,10,0.00,0,11.00,83,1.60
2026-10-04T01:30,352,9,0.00,0,11.00,83,1.70
2026-10-04T01:40,341,6,0.00,0,10.90,84,2.40
2026-10-04T01:50,343,6,0.00,0,10.80,85,2.20
2026-10-04T02:00,352,9,0.00,0,11.10,83,1.50
2026-10-04T02:10,348,10,0.00,0,11.20,81,1.80
2026-10-04T02:20,349,10,0.00,0,11.20,81,2.20
2026-10-04T02:30,346,5,0.00,0,10.90,83,1.90
2026-10-04T02:40,354,7,0.00,0,10.90,84,1.70
2026-10-04T02:50,351,5,0.00,0,10.90,84,1.90
2026-10-04T03:00,8,4,0.00,0,11.00,83,1.70
2026-10-04T03:10,6,7,0.00,0,11.20,82,1.70
2026-10-04T03:20,5,10,0.00,0,11.20,81,1.00
2026-10-04T03:30,,9,0.00,0,11.10,81,0.00
2026-10-04T03:40,174,3,0.00,0,10.90,81,0.60
2026-10-04T03:50,172,8,0.00,0,11.10,79,0.80
2026-10-04T04:00,,7,0.00,0,10.80,80,0.00
2026-10-04T04:10,139,5,0.00,0,11.00,77,0.90
2026-10-04T04:20,148,1,0.00,0,11.30,75,1.20
2026-10-04T04:30,153,5,0.00,0,11.30,74,1.20
2026-10-04T04:40,139,5,0.00,0,11.40,74,1.20
2026-10-04T04:50,132,9,0.00,0,11.50,76,0.90
2026-10-04T05:00,129,4,0.00,0,11.50,78,0.90
2026-10-04T05:10,110,9,0.00,0,11.40,77,1.00
2026-10-04T05:20,112,10,0.00,0,11.40,78,0.60
2026-10-04T05:30,58,8,0.00,0,11.40,79,0.30
2026-10-04T05:40,50,9,0.00,0,11.40,79,0.70
2026-10-04T05:50,342,10,0.00,0,11.10,79,0.40
2026-10-04T06:00,4,11,0.00,0,11.00,81,0.80
2026-10-04T06:10,21,9,0.00,0,11.10,80,0.60
2026-10-04T06:20,,5,0.00,0,11.10,80,0.00
2026-10-04T06:30,,5,0.00,0,11.10,80,0.00
2026-10-04T06:40,167,8,0.00,0,11.00,80,0.40
2026-10-04T06:50,172,-999,0.00,0,10.90,80,1.30
2026-10-04T07:00,155,2,0.00,0,10.70,80,1.70
2026-10-04T07:10,155,3,0.00,0,10.60,81,2.00
2026-10-04T07:20,156,3,0.00,0,10.50,81,2.10
2026-10-04T07:30,161,2,0.00,0,10.50,82,1.90
2026-10-04T07:40,162,1,0.00,10,10.40,82,1.90
2026-10-04T07:50,191,2,0.00,22,10.60,83,1.60
2026-10-04T08:00,212,5,0.00,37,10.90,80,2.00
2026-10-04T08:10,212,6,0.00,59,10.90,78,2.00
2026-10-04T08:20,190,3,0.00,85,10.90,80,1.70
2026-10-04T08:30,167,1,0.00,111,11.30,79,1.20
2026-10-04T08:40,183,5,0.00,137,11.50,78,1.20
2026-10-04T08:50,195,6,0.00,163,11.50,76,1.10
2026-10-04T09:00,207,7,0.00,189,11.60,76,0.70
2026-10-04T09:10,158,7,0.00,217,12.40,76,0.40
2026-10-04T09:20,159,8,0.00,245,12.80,76,0.60
2026-10-04T09:30,,8,0.00,263,13.20,74,0.00
2026-10-04T09:40,150,-999,0.00,304,13.10,75,0.70
2026-10-04T09:50,204,9,0.00,332,13.00,74,1.10
2026-10-04T10:00,204,8,0.00,346,12.90,75,1.10
2026-10-04T10:10,183,10,0.00,359,12.90,79,1.40
2026-10-04T10:20,191,10,0.00,376,13.10,76,1.50
2026-10-04T10:30,190,10,0.00,424,13.10,75,1.20
2026-10-04T10:40,172,6,0.00,436,13.70,73,1.80
2026-10-04T10:50,164,3,0.00,472,13.90,71,2.20
2026-10-04T11:00,152,-999,0.00,482,13.80,72,2.40
2026-10-04T11:10,155,2,0.00,510,14.00,72,2.20
2026-10-04T11:20,178,2,0.00,493,13.90,70,2.20
2026-10-04T11:30,171,4,0.00,525,14.10,71,2.10
2026-10-04T11:40,176,1,0.00,536,14.20,70,2.30
2026-10-04T11:50,162,2,0.00,563,14.20,71,2.80
2026-10-04T12:00,165,3,0.00,579,14.00,72,3.10
2026-10-04T12:10,160,1,0.00,597,14.20,70,2.80
2026-10-04T12:20,167,3,0.00,592,14.20,69,2.60
2026-10-04T12:30,172,0,0.00,563,14.30,69,2.80
2026-10-04T12:40,168,5,0.00,616,14.10,70,3.30
2026-10-04T12:50,173,-999,0.00,631,14.20,69,3.30
2026-10-04T13:00,161,2,0.00,552,14.10,70,3.80
2026-10-04T13:10,164,0,0.00,560,14.20,71,4.00
2026-10-04T13:20,161,-999,0.00,474,14.10,73,3.80
2026-10-04T13:30,172,4,0.00,531,14.20,73,4.10
2026-10-04T13:40,172,0,0.00,575,14.20,73,4.10
2026-10-04T13:50,172,2,0.00,634,14.40,72,4.40
2026-10-04T14:00,176,4,0.00,622,14.50,72,4.70
2026-10-04T14:10,177,1,0.00,594,14.40,70,5.00
2026-10-04T14:20,175,-999,0.00,560,14.50,71,5.30
2026-10-04T14:30,174,-999,0.00,589,14.70,71,4.90
2026-10-04T14:40,171,-999,0.00,584,14.60,70,4.90
2026-10-04T14:50,176,-999,0.00,575,14.80,70,4.10
2026-10-04T15:00,169,-999,0.00,535,14.80,69,4.40
2026-10-04T15:10,175,-999,0.00,540,15.00,69,4.60
2026-10-04T15:20,173,-999,0.00,521,14.80,69,4.40
2026-10-04T15:30,158,-999,0.00,502,14.70,70,4.10
2026-10-04T15:40,171,-999,0.00,484,14.90,68,4.30
2026-10-04T15:50,164,-999,0.00,469,15.30,67,4.20
2026-10-04T16:00,167,-999,0.00,440,15.20,66,4.30
2026-10-04T16:10,169,-999,0.00,420,15.10,68,4.30
2026-10-04T16:20,164,-999,0.00,412,15.30,67,3.90
2026-10-04T16:30,172,-999,0.00,379,15.40,67,4.20
2026-10-04T16:40,171,-999,0.00,355,15.20,68,4.50
2026-10-04T16:50,167,-999,0.00,344,15.20,68,4.30
2026-10-04T17:00,162,-999,0.00,278,15.00,70,4.20
2026-10-04T17:10,167,-999,0.00,201,14.50,72,4.20
2026-10-04T17:20,163,2,0.00,229,14.50,73,4.40
2026-10-04T17:30,162,4,0.00,211,14.40,75,4.50
2026-10-04T17:40,162,3,0.00,176,14.10,76,4.70
2026-10-04T17:50,160,3,0.00,155,13.90,76,4.50
2026-10-04T18:00,157,1,0.00,121,13.50,77,4.30
2026-10-04T18:10,151,7,0.00,106,13.30,78,4.30
2026-10-04T18:20,155,8,0.00,76,13.10,79,3.60
2026-10-04T18:30,149,7,0.00,39,12.80,80,3.20
2026-10-04T18:40,142,5,0.00,26,12.60,80,3.70
2026-10-04T18:50,155,7,0.00,17,12.40,81,3.50
2026-10-04T19:00,154,4,0.00,8,12.30,82,3.40
2026-10-04T19:10,147,8,0.00,0,12.40,82,2.80
2026-10-04T19:20,138,10,0.00,0,12.60,82,2.30
2026-10-04T19:30,125,10,0.00,0,12.80,80,1.50
2026-10-04T19:40,106,9,0.00,0,12.90,79,0.70
2026-10-04T19:50,,11,0.00,0,12.80,80,0.00
2026-10-04T20:00,343,-999,0.00,0,12.80,80,1.20
2026-10-04T20:10,349,-999,0.00,0,12.70,80,1.90
2026-10-04T20:20,355,-999,0.00,0,12.50,81,1.90
2026-10-04T20:30,353,-999,0.00,0,12.50,82,1.80
2026-10-04T20:40,357,-999,0.00,0,12.40,82,1.80
2026-10-04T20:50,344,-999,0.00,0,12.30,82,1.70
2026-10-04T21:00,342,-999,0.00,0,12.20,83,2.20
2026-10-04T21:10,345,-999,0.00,0,12.10,84,1.90
2026-10-04T21:20,356,-999,0.00,0,12.00,84,1.90
2026-10-04T21:30,346,-999,0.00,0,11.90,85,2.40
2026-10-04T21:40,2,-999,0.00,0,11.90,85,2.10
2026-10-04T21:50,4,-999,0.00,0,12.00,84,1.80
2026-10-04T22:00,357,-999,0.00,0,12.00,84,2.00
2026-10-04T22:10,7,-999,0.00,0,12.00,85,2.10
2026-10-04T22:20,347,2,0.00,0,12.20,83,1.60
2026-10-04T22:30,356,1,0.00,0,12.00,84,1.30
2026-10-04T22:40,13,2,0.00,0,12.10,84,1.60
2026-10-04T22:50,5,5,0.00,0,12.00,84,1.80
2026-10-04T23:00,348,2,0.00,0,12.20,83,1.60
2026-10-04T23:10,346,1,0.00,0,12.30,82,0.80
2026-10-04T23:20,356,3,0.00,0,12.30,82,0.70
2026-10-04T23:30,149,3,0.00,0,12.20,82,0.30
2026-10-04T23:40,149,2,0.00,0,12.30,82,0.60
2026-10-04T23:50,145,4,0.00,0,12.40,82,1.00
2026-10-05T00:00,142,2,0.00,0,12.30,82,1.70
2026-10-05T00:10,142,4,0.00,0,12.20,82,2.00
2026-10-05T00:20,144,-999,0.00,0,12.20,82,2.00
2026-10-05T00:30,147,2,0.00,0,12.10,83,2.50
2026-10-05T00:40,151,3,0.00,0,11.80,85,2.60
2026-10-05T00:50,154,3,0.00,0,11.70,85,2.60
2026-10-05T01:00,163,4,0.00,0,12.00,84,2.40
2026-10-05T01:10,163,2,0.00,0,12.20,82,2.00
2026-10-05T01:20,168,3,0.00,0,12.30,82,1.50
2026-10-05T01:30,194,2,0.00,0,12.40,81,1.50
2026-10-05T01:40,194,-999,0.00,0,12.50,80,1.60
2026-10-05T01:50,202,-999,0.00,0,12.70,79,1.40
2026-10-05T02:00,194,-999,0.00,0,12.60,79,1.70
2026-10-05T02:10,193,-999,0.00,0,12.40,81,1.70
2026-10-05T02:20,205,-999,0.00,0,12.40,81,1.70
2026-10-05T02:30,236,-999,0.00,0,12.50,80,1.00
2026-10-05T02:40,,-999,0.00,0,12.30,82,0.00
2026-10-05T02:50,202,-999,0.00,0,12.10,82,1.30
2026-10-05T03:00,178,-999,0.00,0,12.00,83,2.10
2026-10-05T03:10,160,-999,0.00,0,11.70,85,2.60
2026-10-05T03:20,162,-999,0.00,0,11.60,85,2.80
2026-10-05T03:30,182,-999,0.00,0,11.60,85,2.60
2026-10-05T03:40,192,-999,0.00,0,11.50,86,2.60
2026-10-05T03:50,189,-999,0.00,0,11.40,87,2.50
2026-10-05T04:00,202,-999,0.00,0,11.40,87,2.10
2026-10-05T04:10,192,-999,0.00,0,11.40,87,2.30
2026-10-05T04:20,181,-999,0.00,0,11.40,87,2.30
2026-10-05T04:30,169,-999,0.00,0,11.40,86,2.50
2026-10-05T04:40,159,-999,0.00,0,11.30,86,1.70
2026-10-05T04:50,164,-999,0.00,0,11.30,85,2.20
2026-10-05T05:00,156,-999,0.00,0,11.30,86,1.40
2026-10-05T05:10,147,-999,0.00,0,11.60,86,1.10
2026-10-05T05:20,63,-999,0.00,0,11.60,85,1.00
2026-10-05T05:30,,4,0.00,0,11.60,84,0.00
2026-10-05T05:40,265,4,0.00,0,11.90,81,0.90
2026-10-05T05:50,278,3,0.00,0,11.80,81,0.40
2026-10-05T06:00,,4,0.00,0,11.80,81,0.00
2026-10-05T06:10,,4,0.00,0,11.80,82,0.00
2026-10-05T06:20,351,5,0.00,0,11.60,83,1.20
2026-10-05T06:30,14,7,0.00,0,11.30,86,1.00
2026-10-05T06:40,30,5,0.00,0,11.40,84,0.60
2026-10-05T06:50,128,3,0.00,0,11.80,82,0.80
2026-10-05T07:00,120,3,0.00,0,11.70,82,0.40
2026-10-05T07:10,155,3,0.00,0,11.70,81,1.00
2026-10-05T07:20,221,4,0.00,0,11.70,82,0.70
2026-10-05T07:30,329,-999,0.00,0,11.60,84,1.30
2026-10-05T07:40,0,3,0.00,6,11.30,86,1.80
2026-10-05T07:50,352,-999,0.00,11,11.30,86,1.90
2026-10-05T08:00,6,-999,0.00,23,11.50,85,1.10
2026-10-05T08:10,77,-999,0.00,35,11.60,84,0.50
2026-10-05T08:20,150,-999,0.00,37,11.80,82,1.30
2026-10-05T08:30,173,-999,0.00,45,11.80,82,1.90
2026-10-05T08:40,172,-999,0.00,82,11.60,83,1.80
2026-10-05T08:50,165,-999,0.00,131,12.00,83,2.30
2026-10-05T09:00,135,-999,0.00,92,11.80,84,1.60
2026-10-05T09:10,173,-999,0.00,214,12.20,83,1.00
2026-10-05T09:20,216,-999,0.00,235,12.50,80,0.90
2026-10-05T09:30,138,-999,0.00,262,13.10,80,1.20
2026-10-05T09:40,133,-999,0.00,288,13.50,77,1.50
2026-10-05T09:50,149,6,0.00,315,13.60,76,1.70
2026-10-05T10:00,161,5,0.00,341,13.70,72,1.90
2026-10-05T10:10,169,5,0.00,367,13.70,70,2.00
2026-10-05T10:20,167,1,0.00,391,13.70,70,2.80
2026-10-05T10:30,161,5,0.00,414,13.70,73,3.50
2026-10-05T10:40,162,-999,0.00,435,13.90,72,3.40
2026-10-05T10:50,160,8,0.00,455,14.00,69,3.20
2026-10-05T11:00,163,2,0.00,475,13.90,68,3.80
2026-10-05T11:10,155,0,0.00,495,14.20,69,4.20
2026-10-05T11:20,164,6,0.00,513,14.10,68,4.90
2026-10-05T11:30,171,2,0.00,531,14.20,65,4.60
2026-10-05T11:40,164,2,0.00,545,14.40,61,4.50
2026-10-05T11:50,175,3,0.00,559,14.20,61,4.40
2026-10-05T12:00,169,2,0.00,570,14.10,61,4.50
2026-10-05T12:10,165,4,0.00,581,14.30,65,4.30
2026-10-05T12:20,179,1,0.00,591,14.50,67,4.90
2026-10-05T12:30,170,2,0.00,600,14.30,65,5.30
2026-10-05T12:40,177,1,0.00,604,14.40,66,4.90
2026-10-05T12:50,172,0,0.00,608,14.30,68,5.30
2026-10-05T13:00,171,1,0.00,611,14.30,69,5.20
2026-10-05T13:10,173,2,0.00,615,14.60,67,5.30
2026-10-05T13:20,175,2,0.00,616,14.70,69,5.30
2026-10-05T13:30,171,2,0.00,616,14.90,69,5.40
2026-10-05T13:40,178,4,0.00,614,14.60,71,5.50
2026-10-05T13:50,174,-999,0.00,609,14.60,70,5.00
2026-10-05T14:00,168,2,0.00,598,14.90,66,5.20
2026-10-05T14:10,178,3,0.00,591,15.00,66,4.80
2026-10-05T14:20,174,1,0.00,583,14.70,65,5.30
2026-10-05T14:30,169,1,0.00,575,14.90,66,5.20
2026-10-05T14:40,181,3,0.00,572,15.20,65,5.50
2026-10-05T14:50,187,2,0.00,564,15.50,64,5.90
2026-10-05T15:00,181,3,0.00,487,15.50,67,5.30
2026-10-05T15:10,174,1,0.00,552,15.50,66,5.60
2026-10-05T15:20,174,4,0.00,372,14.90,67,6.10
2026-10-05T15:30,176,1,0.00,398,14.80,67,5.60
2026-10-05T15:40,167,4,0.00,379,15.00,68,5.30
2026-10-05T15:50,178,0,0.00,302,14.80,70,5.10
2026-10-05T16:00,175,3,0.00,215,14.40,72,5.40
2026-10-05T16:10,174,5,0.00,151,14.00,72,5.30
2026-10-05T16:20,177,7,0.00,96,13.70,73,6.00
2026-10-05T16:30,161,3,0.00,154,13.50,75,5.40
2026-10-05T16:40,181,3,0.00,317,14.10,75,5.10
2026-10-05T16:50,192,3,0.00,235,14.00,72,4.90
2026-10-05T17:00,185,2,0.00,216,13.80,72,4.60
2026-10-05T17:10,179,5,0.00,94,13.50,73,4.10
2026-10-05T17:20,190,-999,0.00,176,13.20,75,3.70
2026-10-05T17:30,197,2,0.00,153,13.50,72,3.50
2026-10-05T17:40,193,4,0.00,112,13.30,70,3.80
2026-10-05T17:50,197,4,0.00,97,13.30,70,3.40
2026-10-05T18:00,193,8,0.00,57,13.20,70,3.50
2026-10-05T18:10,188,4,0.00,36,12.90,71,3.20
2026-10-05T18:20,190,4,0.00,28,12.80,74,2.80
2026-10-05T18:30,193,4,0.00,15,12.60,75,2.40
2026-10-05T18:40,185,2,0.00,10,12.40,74,2.40
2026-10-05T18:50,183,4,0.00,8,12.30,73,2.60
2026-10-05T19:00,186,3,0.00,0,12.20,75,2.50
2026-10-05T19:10,178,2,0.00,0,12.30,75,1.90
2026-10-05T19:20,191,5,0.00,0,12.30,75,2.00
2026-10-05T19:30,173,-999,0.00,0,12.30,75,1.10
2026-10-05T19:40,,9,0.00,0,12.50,72,0.00
2026-10-05T19:50,224,6,0.00,0,12.80,71,0.80
2026-10-05T20:00,212,1,0.00,0,12.90,70,1.10
2026-10-05T20:10,214,2,0.00,0,12.60,72,1.30
2026-10-05T20:20,46,7,0.00,0,12.60,71,0.30
2026-10-05T20:30,18,0,0.00,0,12.50,72,1.20
2026-10-05T20:40,10,2,0.00,0,12.30,73,1.60
2026-10-05T20:50,12,-999,0.00,0,12.40,73,1.20
2026-10-05T21:00,12,-999,0.00,0,12.40,72,1.30
2026-10-05T21:10,7,7,0.00,0,12.40,73,0.70
2026-10-05T21:20,,3,0.00,0,12.40,72,0.00
2026-10-05T21:30,,3,0.00,0,12.50,72,0.00
2026-10-05T21:40,,3,0.00,0,12.30,73,0.00
2026-10-05T21:50,,3,0.00,0,12.30,73,0.00
2026-10-05T22:00,218,3,0.00,0,12.20,73,0.40
2026-10-05T22:10,213,2,0.00,0,12.30,73,1.50
2026-10-05T22:20,213,1,0.00,0,12.30,74,1.70
2026-10-05T22:30,211,1,0.00,0,12.20,75,1.70
2026-10-05T22:40,217,1,0.00,0,12.20,75,2.00
2026-10-05T22:50,219,3,0.00,0,12.00,75,2.20
2026-10-05T23:00,221,2,0.00,0,12.10,75,1.90
2026-10-05T23:10,223,1,0.00,0,12.20,73,1.60
2026-10-05T23:20,220,1,0.00,0,12.20,71,1.50
2026-10-05T23:30,222,1,0.00,0,12.20,72,1.40
2026-10-05T23:40,206,3,0.00,0,12.10,73,1.70
2026-10-05T23:50,198,3,0.00,0,12.00,73,1.80
2026-10-06T00:00,196,2,0.00,0,11.80,74,1.60
2026-10-06T00:10,192,3,0.00,0,11.70,75,1.70
2026-10-06T00:20,190,4,0.00,0,11.60,76,1.70
2026-10-06T00:30,176,2,0.00,0,11.70,76,1.20
2026-10-06T00:40,164,4,0.00,0,11.60,76,1.10
2026-10-06T00:50,153,5,0.00,0,11.80,76,1.10
2026-10-06T01:00,164,2,0.00,0,11.70,76,1.10
2026-10-06T01:10,165,2,0.00,0,11.60,76,1.00
2026-10-06T01:20,182,4,0.00,0,11.50,77,1.20
2026-10-06T01:30,173,1,0.00,0,11.40,78,1.20
2026-10-06T01:40,185,3,0.00,0,11.40,79,1.10
2026-10-06T01:50,227,0,0.00,0,11.30,80,1.30
2026-10-06T02:00,225,-999,0.00,0,11.10,81,1.50
2026-10-06T02:10,228,3,0.00,0,11.10,82,1.30
2026-10-06T02:20,229,-999,0.00,0,11.20,83,1.50
2026-10-06T02:30,224,-999,0.00,0,11.10,83,1.60
2026-10-06T02:40,229,1,0.00,0,11.20,81,1.40
2026-10-06T02:50,232,1,0.00,0,11.20,80,1.40
2026-10-06T03:00,220,2,0.00,0,11.20,80,1.00
2026-10-06T03:10,206,4,0.00,0,11.30,78,1.10
2026-10-06T03:20,208,4,0.00,0,11.10,81,0.90
2026-10-06T03:30,204,3,0.00,0,11.10,80,1.30
2026-10-06T03:40,211,0,0.00,0,11.10,81,1.30
2026-10-06T03:50,216,2,0.00,0,11.20,80,1.60
2026-10-06T04:00,214,3,0.00,0,11.30,79,1.40
2026-10-06T04:10,209,2,0.00,0,11.30,79,1.60
2026-10-06T04:20,202,3,0.00,0,11.10,82,1.30
2026-10-06T04:30,199,3,0.00,0,10.90,82,0.90
2026-10-06T04:40,202,5,0.00,0,11.00,81,0.90
2026-10-06T04:50,,4,0.00,0,11.00,81,0.00
2026-10-06T05:00,244,2,0.00,0,11.00,81,0.50
2026-10-06T05:10,229,3,0.00,0,11.10,80,1.00
2026-10-06T05:20,194,3,0.00,0,10.90,82,0.90
2026-10-06T05:30,187,2,0.00,0,10.80,82,1.10
2026-10-06T05:40,150,4,0.00,0,10.90,82,1.00
2026-10-06T05:50,155,5,0.00,0,10.80,84,1.20
2026-10-06T06:00,189,5,0.00,0,10.50,85,1.50
2026-10-06T06:10,187,3,0.00,0,10.50,86,1.10
2026-10-06T06:20,160,3,0.00,0,10.40,87,1.30
2026-10-06T06:30,144,0,0.00,0,10.60,86,1.30
2026-10-06T06:40,179,3,0.00,0,10.60,85,1.20
2026-10-06T06:50,187,4,0.00,0,10.40,87,1.30
2026-10-06T07:00,174,4,0.00,0,10.40,87,0.80
2026-10-06T07:10,252,3,0.00,0,10.60,85,0.70
2026-10-06T07:20,356,4,0.00,0,10.70,85,0.60
2026-10-06T07:30,,5,0.00,0,10.40,86,0.00
2026-10-06T07:40,,4,0.00,6,10.50,86,0.00
2026-10-06T07:50,,2,0.00,9,10.50,85,0.00
2026-10-06T08:00,139,-999,0.00,12,10.60,84,0.50
2026-10-06T08:10,114,-999,0.00,17,10.80,83,0.90
2026-10-06T08:20,134,-999,0.00,20,10.90,82,1.00
2026-10-06T08:30,135,-999,0.00,30,10.80,84,0.90
2026-10-06T08:40,133,-999,0.00,38,11.00,82,0.80
2026-10-06T08:50,133,-999,0.00,46,11.10,81,0.60
2026-10-06T09:00,123,-999,0.00,58,11.20,81,0.40
2026-10-06T09:10,,-999,0.00,56,11.30,83,0.00
2026-10-06T09:20,104,-999,0.00,48,11.10,84,0.90
2026-10-06T09:30,118,-999,0.00,57,11.20,83,1.10
2026-10-06T09:40,100,-999,0.00,73,11.30,83,0.70
2026-10-06T09:50,107,-999,0.00,87,11.40,82,0.60
2026-10-06T10:00,113,-999,0.00,104,11.50,83,0.50
2026-10-06T10:10,140,-999,0.00,125,11.70,83,0.70
2026-10-06T10:20,153,1,0.00,115,11.70,83,0.50
2026-10-06T10:30,154,0,0.00,101,11.60,83,0.80
2026-10-06T10:40,150,1,0.00,89,11.70,82,0.30
2026-10-06T10:50,196,1,0.00,86,11.80,84,0.30
2026-10-06T11:00,194,-999,0.00,99,11.40,86,0.50
2026-10-06T11:10,10,3,0.00,103,11.50,87,0.40
2026-10-06T11:20,137,0,0.00,117,11.40,89,0.60
2026-10-06T11:30,173,-999,0.00,137,11.20,89,1.00
2026-10-06T11:40,173,-999,0.00,191,11.20,87,2.00
2026-10-06T11:50,180,3,0.00,246,11.20,87,2.50
2026-10-06T12:00,177,5,0.00,286,11.50,86,2.70
2026-10-06T12:10,172,-999,0.00,243,11.70,84,2.70
2026-10-06T12:20,157,8,0.00,249,11.70,84,2.20
2026-10-06T12:30,148,5,0.00,264,11.90,84,2.00
2026-10-06T12:40,138,0,0.00,380,12.10,84,1.90
2026-10-06T12:50,150,8,0.00,295,12.30,83,2.10
2026-10-06T13:00,152,4,0.00,323,12.30,83,2.00
2026-10-06T13:10,176,2,0.00,362,12.60,81,2.20
2026-10-06T13:20,176,3,0.00,485,13.40,81,2.40
2026-10-06T13:30,183,3,0.00,467,13.50,77,3.50
2026-10-06T13:40,170,3,0.00,503,13.00,77,3.00
2026-10-06T13:50,174,8,0.00,613,13.90,76,2.80
2026-10-06T14:00,186,1,0.00,624,13.80,76,3.50
2026-10-06T14:10,191,6,0.00,568,13.50,72,3.30
2026-10-06T14:20,184,3,0.00,547,13.70,74,3.50
2026-10-06T14:30,182,-999,0.00,654,13.70,72,3.70
2026-10-06T14:40,179,-999,0.00,591,13.90,70,4.00
2026-10-06T14:50,176,-999,0.00,474,13.50,70,4.10
2026-10-06T15:00,175,-999,0.00,562,13.60,75,4.40
2026-10-06T15:10,175,-999,0.00,548,13.70,75,3.80
2026-10-06T15:20,172,-999,0.00,481,13.80,76,4.30
2026-10-06T15:30,172,-999,0.00,486,13.60,79,4.20
2026-10-06T15:40,175,-999,0.00,429,13.90,77,4.70
2026-10-06T15:50,170,-999,0.00,316,13.10,81,5.00
2026-10-06T16:00,178,-999,0.00,310,13.20,82,4.90
2026-10-06T16:10,172,-999,0.00,231,13.00,83,4.80
2026-10-06T16:20,173,-999,0.00,174,12.60,86,5.30
2026-10-06T16:30,171,-999,0.00,142,12.20,88,5.50
2026-10-06T16:40,164,-999,0.00,128,12.00,91,5.40
2026-10-06T16:50,162,-999,0.00,124,11.90,92,5.20
2026-10-06T17:00,161,-999,0.00,112,11.90,92,5.10
2026-10-06T17:10,158,-999,0.00,95,11.80,92,4.60
2026-10-06T17:20,151,-999,0.00,82,11.70,93,4.10
2026-10-06T17:30,154,6,0.00,72,11.60,94,4.50
2026-10-06T17:40,160,7,0.00,64,11.60,94,4.80
2026-10-06T17:50,160,7,0.00,58,11.50,94,4.70
2026-10-06T18:00,157,8,0.00,45,11.40,94,4.40
2026-10-06T18:10,155,8,0.00,31,11.30,95,4.40
2026-10-06T18:20,153,8,0.00,23,11.20,95,4.70
2026-10-06T18:30,152,10,0.00,19,11.20,95,5.00
2026-10-06T18:40,158,7,0.00,11,11.10,96,4.40
2026-10-06T18:50,158,7,0.00,5,11.00,96,4.70
2026-10-06T19:00,150,5,0.00,0,11.00,97,5.10
2026-10-06T19:10,150,2,0.00,0,11.00,97,4.80
2026-10-06T19:20,152,5,0.00,0,10.90,97,5.30
2026-10-06T19:30,159,3,0.00,0,10.90,97,5.40
2026-10-06T19:40,167,4,0.00,0,10.90,97,5.60
2026-10-06T19:50,168,6,0.00,0,10.90,98,5.60
2026-10-06T20:00,155,8,0.00,0,10.80,98,4.80
2026-10-06T20:10,151,5,0.00,0,10.70,98,4.30
2026-10-06T20:20,155,-999,0.40,0,10.60,98,3.60
2026-10-06T20:30,174,-999,0.60,0,10.50,98,4.00
2026-10-06T20:40,178,-999,0.20,0,10.50,98,4.60
2026-10-06T20:50,164,-999,0.00,0,10.50,98,4.10
2026-10-06T21:00,161,-999,0.00,0,10.40,97,4.40
2026-10-06T21:10,149,-999,0.00,0,10.40,96,4.80
2026-10-06T21:20,139,-999,0.00,0,10.30,96,3.70
2026-10-06T21:30,149,-999,0.60,0,10.20,97,4.20
2026-10-06T21:40,146,-999,2.20,0,10.00,97,4.40
2026-10-06T21:50,140,-999,1.20,0,9.80,98,4.60
2026-10-06T22:00,129,-999,0.80,0,9.70,99,5.50
2026-10-06T22:10,138,-999,0.00,0,9.70,99,3.80
2026-10-06T22:20,154,-999,3.40,0,9.70,99,4.50
2026-10-06T22:30,134,-999,1.00,0,9.60,99,5.10
2026-10-06T22:40,124,-999,0.40,0,9.50,99,4.50
2026-10-06T22:50,125,-999,0.40,0,9.40,99,3.70
2026-10-06T23:00,120,-999,0.40,0,9.10,99,3.20
2026-10-06T23:10,104,-999,1.00,0,9.00,99,3.40
2026-10-06T23:20,111,-999,0.40,0,8.90,99,3.60
2026-10-06T23:30,117,-999,0.20,0,8.80,99,3.80
2026-10-06T23:40,133,4,0.00,0,9.20,98,2.50
2026-10-06T23:50,156,3,0.00,0,9.10,96,3.70
2026-10-07T00:00,156,7,0.00,0,9.00,92,3.60
2026-10-07T00:10,154,7,0.00,0,9.00,85,4.50
2026-10-07T00:20,159,5,0.00,0,9.00,81,4.50
2026-10-07T00:30,177,0,0.00,0,8.90,83,4.30
2026-10-07T00:40,161,2,0.00,0,8.60,87,3.90
2026-10-07T00:50,138,2,0.00,0,8.50,83,4.10
2026-10-07T01:00,142,0,0.00,0,8.60,78,4.10
2026-10-07T01:10,151,3,0.00,0,8.50,77,4.20
2026-10-07T01:20,146,1,0.20,0,8.30,81,4.50
2026-10-07T01:30,141,0,0.00,0,8.10,85,3.10
2026-10-07T01:40,133,-999,0.00,0,8.20,83,3.60
2026-10-07T01:50,150,-999,0.20,0,8.30,82,3.10
2026-10-07T02:00,219,-999,0.20,0,7.90,93,2.40
2026-10-07T02:10,179,6,0.00,0,7.80,94,2.10
2026-10-07T02:20,155,-999,0.20,0,7.80,92,2.20
2026-10-07T02:30,153,-999,0.20,0,7.80,92,2.90
2026-10-07T02:40,142,-999,0.00,0,7.60,93,3.10
2026-10-07T02:50,124,-999,0.20,0,7.50,91,3.20
2026-10-07T03:00,107,-999,0.00,0,7.60,91,2.80
2026-10-07T03:10,97,-999,0.00,0,7.90,88,2.80
2026-10-07T03:20,82,-999,0.00,0,8.10,85,1.80
2026-10-07T03:30,24,-999,0.00,0,8.10,86,2.00
2026-10-07T03:40,10,-999,0.00,0,8.10,86,1.70
2026-10-07T03:50,347,-999,0.00,0,8.00,87,2.00
2026-10-07T04:00,6,-999,0.00,0,8.00,88,1.70
2026-10-07T04:10,351,-999,0.00,0,7.90,90,1.60
2026-10-07T04:20,356,-999,0.00,0,8.00,94,1.60
2026-10-07T04:30,356,-999,0.00,0,7.90,95,1.30
2026-10-07T04:40,353,-999,0.00,0,7.90,92,1.70
2026-10-07T04:50,359,-999,0.00,0,8.00,90,1.80
2026-10-07T05:00,353,-999,0.00,0,8.30,87,2.00
2026-10-07T05:10,8,-999,0.00,0,8.20,87,2.00
2026-10-07T05:20,15,-999,0.00,0,8.30,85,2.00
2026-10-07T05:30,12,3,0.00,0,8.50,83,2.70
2026-10-07T05:40,12,2,0.00,0,8.70,81,2.70
2026-10-07T05:50,10,-999,0.00,0,8.80,82,2.20
2026-10-07T06:00,7,2,0.00,0,8.80,83,2.10
2026-10-07T06:10,12,0,0.00,0,8.50,84,2.30
2026-10-07T06:20,11,1,0.00,0,8.50,84,2.10
2026-10-07T06:30,0,3,0.00,0,8.40,84,1.90
2026-10-07T06:40,340,6,0.00,0,8.20,87,1.90
2026-10-07T06:50,342,5,0.00,0,8.00,88,1.90
2026-10-07T07:00,349,6,0.00,0,8.00,88,1.00
2026-10-07T07:10,337,6,0.00,0,8.30,88,2.20
2026-10-07T07:20,333,6,0.00,0,8.30,89,1.20
2026-10-07T07:30,329,6,0.00,0,8.50,88,1.10
2026-10-07T07:40,274,5,0.00,0,8.80,86,1.20
2026-10-07T07:50,312,4,0.20,0,8.80,87,1.10
2026-10-07T08:00,15,-999,0.00,0,8.70,88,0.90
2026-10-07T08:10,161,-999,0.00,6,8.80,86,1.30
2026-10-07T08:20,153,-999,0.00,8,8.70,86,2.30
2026-10-07T08:30,155,-999,0.00,8,8.30,88,2.50
2026-10-07T08:40,133,-999,0.00,10,8.40,88,2.10
2026-10-07T08:50,,-999,0.20,13,8.50,88,0.00
2026-10-07T09:00,234,-999,0.00,18,8.40,89,0.30
2026-10-07T09:10,168,-999,0.00,17,8.60,90,1.60
2026-10-07T09:20,219,-999,0.00,14,8.40,91,1.50
2026-10-07T09:30,178,-999,0.00,19,8.50,92,0.90
2026-10-07T09:40,,-999,0.20,30,8.60,93,0.00
2026-10-07T09:50,349,-999,0.20,27,8.20,94,1.00
2026-10-07T10:00,248,-999,0.00,21,8.20,95,0.40
2026-10-07T10:10,342,-999,0.60,39,8.30,96,0.40
2026-10-07T10:20,266,-999,0.40,27,8.20,96,0.50
2026-10-07T10:30,56,-999,0.40,23,8.40,97,1.10
2026-10-07T10:40,80,-999,0.60,28,8.40,97,2.60
2026-10-07T10:50,85,-999,0.20,33,8.40,96,1.90
2026-10-07T11:00,76,-999,0.40,58,8.40,97,2.80
2026-10-07T11:10,48,-999,0.00,41,8.40,97,1.40
2026-10-07T11:20,213,-999,0.40,23,8.40,98,0.40
2026-10-07T11:30,249,-999,0.20,27,8.40,98,0.40
2026-10-07T11:40,6,-999,0.60,49,8.30,99,0.60
2026-10-07T11:50,32,-999,0.00,52,8.20,99,2.10
2026-10-07T12:00,47,-999,0.00,45,8.20,99,1.80
2026-10-07T12:10,59,-999,0.20,31,8.30,99,1.20
2026-10-07T12:20,65,-999,0.20,40,8.30,99,1.20
2026-10-07T12:30,89,-999,0.20,44,8.50,99,2.20
2026-10-07T12:40,91,-999,0.00,76,8.50,99,2.70
2026-10-07T12:50,94,-999,0.00,74,8.70,99,3.20
2026-10-07T13:00,107,-999,0.00,36,8.80,99,3.30
2026-10-07T13:10,100,-999,0.00,51,8.80,99,2.50
2026-10-07T13:20,130,-999,0.80,43,8.70,99,1.90
2026-10-07T13:30,96,-999,0.80,61,8.80,99,2.10
2026-10-07T13:40,86,-999,0.20,45,9.00,99,2.40
2026-10-07T13:50,90,1,0.20,39,9.00,99,2.40
2026-10-07T14:00,115,-999,0.00,43,8.90,99,2.20
2026-10-07T14:10,98,-999,0.00,71,9.10,99,3.00
2026-10-07T14:20,111,-999,0.00,52,9.30,99,3.50
2026-10-07T14:30,119,-999,0.20,33,9.40,99,3.40
2026-10-07T14:40,116,-999,0.00,36,9.20,99,3.40
2026-10-07T14:50,117,-999,0.00,50,9.50,99,3.80
2026-10-07T15:00,115,-999,0.20,45,9.40,99,3.40
2026-10-07T15:10,116,-999,0.00,36,9.40,99,4.20
2026-10-07T15:20,110,-999,0.40,29,9.30,99,4.20
2026-10-07T15:30,112,-999,0.80,32,9.40,99,4.20
2026-10-07T15:40,118,-999,0.20,45,9.60,99,5.10
2026-10-07T15:50,118,-999,0.00,46,9.60,99,4.80
2026-10-07T16:00,117,2,0.00,62,9.60,99,4.70
2026-10-07T16:10,125,-999,0.00,67,9.60,99,5.00
2026-10-07T16:20,131,0,0.00,35,9.60,99,5.50
2026-10-07T16:30,131,1,0.00,22,9.60,99,5.10
2026-10-07T16:40,130,2,0.00,26,9.70,99,5.00
2026-10-07T16:50,111,0,0.00,26,9.70,99,4.20
2026-10-07T17:00,107,1,0.00,18,9.70,99,3.50
2026-10-07T17:10,111,3,0.00,20,9.60,99,3.70
2026-10-07T17:20,107,2,0.00,13,9.60,99,3.30
2026-10-07T17:30,114,1,0.00,9,9.50,99,2.90
2026-10-07T17:40,127,3,0.00,11,9.60,99,3.80
2026-10-07T17:50,127,2,0.00,13,9.60,99,3.70
2026-10-07T18:00,134,1,0.00,9,9.60,99,3.70
2026-10-07T18:10,137,2,0.00,9,9.60,99,3.70
2026-10-07T18:20,154,1,0.00,6,9.60,99,2.90
2026-10-07T18:30,145,3,0.20,5,9.50,99,4.20
2026-10-07T18:40,125,4,0.00,5,9.50,99,4.00
2026-10-07T18:50,118,4,0.00,0,9.50,99,3.40
2026-10-07T19:00,115,4,0.00,0,9.50,99,3.40
2026-10-07T19:10,116,4,0.00,0,9.50,99,2.80
2026-10-07T19:20,108,-999,0.20,0,9.50,99,2.20
2026-10-07T19:30,100,-999,0.00,0,9.40,99,2.60
2026-10-07T19:40,110,-999,0.20,0,9.40,99,3.50
2026-10-07T19:50,113,-999,0.00,0,9.40,99,3.30
2026-10-07T20:00,112,5,0.20,0,9.40,99,3.30
2026-10-07T20:10,112,4,0.20,0,9.40,99,3.50
2026-10-07T20:20,111,-999,0.20,0,9.50,99,4.20
2026-10-07T20:30,105,2,0.20,0,9.60,98,3.80
2026-10-07T20:40,102,2,0.20,0,9.60,97,3.60
2026-10-07T20:50,79,-999,0.20,0,9.70,97,2.70
2026-10-07T21:00,80,0,0.40,0,9.50,98,2.40
2026-10-07T21:10,80,-999,0.20,0,9.50,99,2.00
2026-10-07T21:20,72,-999,0.20,0,9.40,99,1.40
2026-10-07T21:30,63,-999,0.40,0,9.40,99,0.70
2026-10-07T21:40,25,0,0.60,0,9.30,99,1.70
2026-10-07T21:50,19,0,0.40,0,9.30,99,1.80
2026-10-07T22:00,43,-999,0.80,0,9.30,99,1.40
2026-10-07T22:10,20,-999,0.60,0,9.30,99,1.10
2026-10-07T22:20,12,-999,0.60,0,9.20,99,2.20
2026-10-07T22:30,11,-999,0.80,0,9.20,99,1.70
2026-10-07T22:40,30,0,0.40,0,9.20,99,1.90
2026-10-07T22:50,16,-999,0.80,0,9.20,99,2.30
2026-10-07T23:00,21,-999,0.40,0,9.20,99,1.90
2026-10-07T23:10,14,-999,0.60,0,9.20,99,2.00
2026-10-07T23:20,19,1,0.40,0,9.20,99,2.50
2026-10-07T23:30,11,-999,0.20,0,9.20,99,1.90
2026-10-07T23:40,19,3,1.20,0,9.20,99,1.60
2026-10-07T23:50,19,4,0.60,0,9.20,99,2.30
2026-10-08T00:00,26,4,0.40,0,9.30,99,2.50
2026-10-08T00:10,27,8,0.60,0,9.30,99,2.00
2026-10-08T00:20,3,4,0.60,0,9.30,99,1.90
2026-10-08T00:30,15,3,0.60,0,9.30,99,2.20
2026-10-08T00:40,31,3,0.60,0,9.30,99,0.70
2026-10-08T00:50,32,0,1.20,0,9.30,99,0.90
2026-10-08T01:00,4,6,0.20,0,9.30,99,1.10
2026-10-08T01:10,42,3,0.80,0,9.30,99,0.40
2026-10-08T01:20,,8,0.20,0,9.40,99,0.00
2026-10-08T01:30,83,8,0.40,0,9.40,99,0.30
2026-10-08T01:40,152,5,0.00,0,9.50,99,2.20
2026-10-08T01:50,157,4,0.40,0,9.50,99,1.70
2026-10-08T02:00,140,4,0.40,0,9.60,99,4.00
2026-10-08T02:10,157,4,0.20,0,9.60,99,3.20
2026-10-08T02:20,155,5,0.40,0,9.60,99,3.00
2026-10-08T02:30,169,4,0.80,0,9.60,99,3.70
2026-10-08T02:40,178,4,0.40,0,9.60,99,3.30
2026-10-08T02:50,183,5,0.00,0,9.50,99,3.30
2026-10-08T03:00,158,3,0.00,0,9.70,99,4.40
2026-10-08T03:10,162,4,0.20,0,9.70,99,4.00
2026-10-08T03:20,154,3,0.00,0,9.80,99,5.30
2026-10-08T03:30,151,4,0.20,0,9.80,99,5.10
2026-10-08T03:40,152,2,0.00,0,9.80,99,4.70
2026-10-08T03:50,148,-999,0.40,0,9.90,99,5.40
2026-10-08T04:00,158,0,0.20,0,9.80,99,5.50
2026-10-08T04:10,158,-999,0.00,0,9.80,99,5.90
2026-10-08T04:20,151,2,0.00,0,9.90,99,5.90
2026-10-08T04:30,153,0,0.20,0,9.80,99,5.70
2026-10-08T04:40,150,1,0.20,0,9.90,99,5.80
2026-10-08T04:50,156,0,0.00,0,10.00,99,5.90
2026-10-08T05:00,155,2,0.00,0,10.00,99,5.80
2026-10-08T05:10,157,3,0.00,0,10.10,99,5.00
2026-10-08T05:20,156,-999,0.20,0,10.20,99,4.80
2026-10-08T05:30,155,2,0.20,0,10.20,99,4.80
2026-10-08T05:40,156,0,0.00,0,10.20,99,4.90
2026-10-08T05:50,151,0,0.20,0,10.20,99,4.90
2026-10-08T06:00,153,-999,0.20,0,10.30,99,4.40
2026-10-08T06:10,150,-999,0.40,0,10.30,99,3.50
2026-10-08T06:20,144,-999,0.00,0,10.30,99,3.60
2026-10-08T06:30,160,-999,0.60,0,10.30,99,3.50
2026-10-08T06:40,158,-999,0.20,0,10.30,99,4.50
2026-10-08T06:50,162,0,0.00,0,10.30,99,3.80
2026-10-08T07:00,165,2,0.40,0,10.20,99,3.80
2026-10-08T07:10,183,0,0.40,0,10.20,99,3.10
2026-10-08T07:20,184,3,0.20,0,10.00,99,3.80
2026-10-08T07:30,185,2,0.20,0,10.10,99,5.00
2026-10-08T07:40,185,2,0.00,0,10.10,99,6.00
2026-10-08T07:50,179,3,0.20,0,10.10,99,6.10
2026-10-08T08:00,173,-999,0.00,5,10.10,99,6.20
2026-10-08T08:10,172,-999,0.20,8,10.00,99,5.60
2026-10-08T08:20,165,-999,0.00,13,10.10,99,4.50
2026-10-08T08:30,160,-999,0.00,15,10.10,99,3.60
2026-10-08T08:40,169,-999,0.00,18,10.10,99,4.60
2026-10-08T08:50,172,-999,0.00,18,10.10,99,4.80
2026-10-08T09:00,171,-999,0.00,22,10.10,99,4.70
2026-10-08T09:10,170,-999,0.00,22,10.10,99,4.80
2026-10-08T09:20,166,-999,0.40,27,10.10,99,5.00
2026-10-08T09:30,161,3,0.00,59,10.10,99,5.10
2026-10-08T09:40,154,4,0.00,82,10.20,99,4.30
2026-10-08T09:50,156,3,0.00,63,10.20,99,3.70
2026-10-08T10:00,161,4,0.00,53,10.20,99,3.40
2026-10-08T10:10,155,3,0.00,74,10.20,99,3.00
2026-10-08T10:20,151,0,0.20,83,10.30,99,3.40
2026-10-08T10:30,149,0,0.00,90,10.20,99,3.20
2026-10-08T10:40,150,1,0.00,87,10.20,99,3.00
2026-10-08T10:50,134,4,0.00,154,10.20,99,3.00
2026-10-08T11:00,132,5,0.00,192,10.30,99,2.80
2026-10-08T11:10,131,8,0.00,153,10.20,99,2.90
2026-10-08T11:20,122,-999,0.00,241,10.30,99,3.60
2026-10-08T11:30,125,1,0.00,218,10.50,99,3.80
2026-10-08T11:40,115,5,0.00,154,10.30,99,3.90
2026-10-08T11:50,110,3,0.00,210,10.60,99,2.60
2026-10-08T12:00,125,0,0.00,213,11.00,99,2.20
2026-10-08T12:10,136,0,0.00,183,10.80,99,2.90
2026-10-08T12:20,130,2,0.00,156,10.70,99,2.10
2026-10-08T12:30,134,5,0.00,210,10.80,99,2.10
2026-10-08T12:40,124,2,0.00,279,10.80,99,2.40
2026-10-08T12:50,138,3,0.00,255,10.90,99,2.60
2026-10-08T13:00,132,-999,0.00,268,11.10,99,2.20
2026-10-08T13:10,165,-999,0.00,106,11.00,99,2.60
2026-10-08T13:20,174,1,0.00,60,10.70,99,2.80
2026-10-08T13:30,154,5,0.00,70,10.60,99,3.00
2026-10-08T13:40,102,5,0.00,68,10.40,99,1.10
2026-10-08T13:50,161,7,0.00,224,10.80,99,3.80
2026-10-08T14:00,157,2,0.00,354,11.10,99,3.40
2026-10-08T14:10,162,-999,0.00,205,11.10,99,3.00
2026-10-08T14:20,172,0,0.00,284,10.90,99,3.30
2026-10-08T14:30,176,1,0.00,255,10.80,99,3.00
2026-10-08T14:40,174,-999,0.00,410,11.20,99,2.30
2026-10-08T14:50,170,-999,0.00,423,11.30,99,2.20
2026-10-08T15:00,172,-999,0.00,255,11.20,99,2.30
2026-10-08T15:10,179,1,0.00,308,11.30,99,2.50
2026-10-08T15:20,174,1,0.00,186,11.40,99,2.40
2026-10-08T15:30,172,3,0.00,133,11.00,99,3.30
2026-10-08T15:40,164,-999,0.00,155,11.00,99,3.40
2026-10-08T15:50,168,3,0.00,148,11.00,99,3.30
2026-10-08T16:00,180,3,0.00,55,10.80,99,2.90
2026-10-08T16:10,177,-999,0.00,59,10.70,99,2.10
2026-10-08T16:20,187,1,0.00,82,10.70,99,3.00
2026-10-08T16:30,203,3,0.00,104,10.70,99,2.10
2026-10-08T16:40,229,-999,0.00,112,10.80,99,1.50
2026-10-08T16:50,275,-999,0.00,85,10.70,99,1.70
2026-10-08T17:00,278,-999,0.00,93,10.60,99,2.60
2026-10-08T17:10,303,6,0.20,26,10.70,99,2.70
2026-10-08T17:20,16,3,2.80,26,10.60,99,3.70
2026-10-08T17:30,33,6,0.60,44,9.00,99,4.90
2026-10-08T17:40,24,6,0.40,39,9.10,99,2.80
2026-10-08T17:50,19,6,0.20,30,9.00,99,4.30
2026-10-08T18:00,17,3,0.40,21,9.10,99,4.80
2026-10-08T18:10,22,2,0.40,14,9.30,99,4.50
2026-10-08T18:20,20,2,0.80,12,9.20,99,4.90
2026-10-08T18:30,20,2,0.60,9,9.40,99,5.70
2026-10-08T18:40,23,2,0.20,7,9.60,99,4.70
2026-10-08T18:50,4,4,0.20,0,9.70,99,2.70
2026-10-08T19:00,30,4,0.20,0,9.70,99,2.20
2026-10-08T19:10,35,-999,0.20,0,9.80,99,2.90
2026-10-08T19:20,25,-999,0.20,0,9.50,99,4.70
2026-10-08T19:30,22,-999,0.00,0,9.20,99,5.20
2026-10-08T19:40,27,6,0.00,0,9.00,99,4.70
2026-10-08T19:50,26,7,0.00,0,8.90,99,6.60
2026-10-08T20:00,23,8,0.00,0,8.80,99,7.90
2026-10-08T20:10,28,4,0.00,0,9.00,99,6.50
2026-10-08T20:20,26,5,0.00,0,9.40,94,7.10
2026-10-08T20:30,19,3,0.00,0,9.60,89,6.80
2026-10-08T20:40,39,2,0.20,0,9.60,87,6.30
2026-10-08T20:50,26,-999,0.00,0,9.40,88,3.20
2026-10-08T21:00,34,0,0.00,0,9.30,87,6.20
2026-10-08T21:10,50,-999,0.00,0,9.30,85,5.20
2026-10-08T21:20,20,-999,0.00,0,9.60,82,8.00
2026-10-08T21:30,25,0,0.00,0,9.70,79,8.20
2026-10-08T21:40,22,-999,0.00,0,9.90,76,7.00
2026-10-08T21:50,26,-999,0.00,0,9.90,76,5.50
2026-10-08T22:00,23,-999,0.00,0,10.00,75,7.70
2026-10-08T22:10,26,3,0.00,0,10.20,73,7.00
2026-10-08T22:20,26,-999,0.20,0,10.30,71,6.10
2026-10-08T22:30,25,0,0.00,0,10.40,69,7.90
2026-10-08T22:40,19,3,0.00,0,10.50,67,9.10
2026-10-08T22:50,39,4,0.00,0,10.60,65,3.20
2026-10-08T23:00,33,3,0.00,0,10.60,65,5.80
2026-10-08T23:10,31,2,0.00,0,10.60,64,6.70
2026-10-08T23:20,28,-999,0.00,0,10.60,64,3.60
2026-10-08T23:30,31,2,0.00,0,10.40,65,3.50
2026-10-08T23:40,35,3,0.00,0,10.70,61,3.30
2026-10-08T23:50,29,1,0.00,0,10.90,60,5.30
2026-10-09T00:00,28,0,0.00,0,10.90,60,6.10
2026-10-09T00:10,24,4,0.00,0,10.90,59,7.00
2026-10-09T00:20,26,5,0.00,0,10.90,59,5.80
2026-10-09T00:30,20,5,0.00,0,10.90,58,6.70
2026-10-09T00:40,21,-999,0.00,0,11.10,57,6.00
2026-10-09T00:50,346,3,0.00,0,11.00,57,3.40
2026-10-09T01:00,23,6,0.00,0,10.90,58,3.30
2026-10-09T01:10,359,1,0.00,0,10.90,57,2.60
2026-10-09T01:20,21,3,0.00,0,10.70,59,3.70
2026-10-09T01:30,24,2,0.00,0,10.70,58,6.00
2026-10-09T01:40,18,0,0.00,0,10.70,58,5.90
2026-10-09T01:50,21,6,0.00,0,10.90,56,5.90
2026-10-09T02:00,13,-999,0.00,0,10.80,57,4.20
2026-10-09T02:10,16,-999,0.00,0,10.70,57,5.40
2026-10-09T02:20,22,-999,0.00,0,10.70,57,5.30
2026-10-09T02:30,,,0.00,0,10.80,56,
2026-10-09T02:40,15,-999,0.00,0,10.80,56,6.10
2026-10-09T02:50,15,-999,0.00,0,10.90,56,4.10
2026-10-09T03:00,24,-999,0.00,0,10.90,55,4.10
2026-10-09T03:10,26,-999,0.00,0,10.80,56,4.00
2026-10-09T03:20,21,-999,0.00,0,10.80,55,5.80
2026-10-09T03:30,21,-999,0.00,0,10.80,55,5.80
2026-10-09T03:40,20,-999,0.00,0,10.60,57,5.80
2026-10-09T03:50,20,-999,0.00,0,10.50,57,5.80
2026-10-09T04:00,18,-999,0.00,0,10.60,57,6.10
2026-10-09T04:10,16,-999,0.00,0,10.50,57,6.00
2026-10-09T04:20,18,-999,0.00,0,10.40,58,5.30
2026-10-09T04:30,21,-999,0.00,0,10.40,58,6.60
2026-10-09T04:40,26,-999,0.00,0,10.50,57,5.70
2026-10-09T04:50,23,-999,0.00,0,10.70,55,5.00
2026-10-09T05:00,19,-999,0.00,0,10.60,56,4.90
2026-10-09T05:10,22,-999,0.00,0,10.60,55,4.90
2026-10-09T05:20,23,-999,0.00,0,10.80,55,4.70
2026-10-09T05:30,13,6,0.00,0,10.60,55,3.80
2026-10-09T05:40,15,4,0.00,0,10.40,57,3.40
2026-10-09T05:50,28,-999,0.00,0,10.80,54,3.30
2026-10-09T06:00,41,-999,0.00,0,10.90,54,2.40
2026-10-09T06:10,12,7,0.00,0,10.90,53,1.80
2026-10-09T06:20,24,3,0.00,0,10.80,54,2.10
2026-10-09T06:30,50,4,0.00,0,11.10,53,2.00
2026-10-09T06:40,77,-999,0.00,0,11.10,53,2.60
2026-10-09T06:50,82,5,0.00,0,10.90,54,2.40
2026-10-09T07:00,73,-999,0.00,0,10.90,54,1.90
2026-10-09T07:10,119,-999,0.00,0,10.90,53,1.20
2026-10-09T07:20,89,-999,0.00,0,11.00,53,1.50
2026-10-09T07:30,39,-999,0.00,0,11.00,54,0.90
2026-10-09T07:40,73,4,0.00,0,10.60,58,2.00
2026-10-09T07:50,41,2,0.00,0,9.90,70,2.60
2026-10-09T08:00,20,-999,0.00,6,9.70,73,2.30
2026-10-09T08:10,10,5,0.00,10,9.70,68,2.20
2026-10-09T08:20,353,3,0.00,20,9.80,69,2.00
2026-10-09T08:30,5,1,0.00,17,9.80,70,2.10
2026-10-09T08:40,10,5,0.00,37,9.20,76,2.50
2026-10-09T08:50,3,6,0.00,51,8.90,81,3.20
2026-10-09T09:00,359,8,0.00,63,9.20,78,2.40
2026-10-09T09:10,11,7,0.00,56,9.30,75,3.10
2026-10-09T09:20,359,4,0.00,69,9.50,72,1.60
2026-10-09T09:30,9,8,0.00,86,9.80,71,2.50
2026-10-09T09:40,12,7,0.00,134,10.00,71,2.40
2026-10-09T09:50,347,4,0.00,156,9.90,72,2.30
2026-10-09T10:00,344,6,0.00,137,9.80,72,2.10
2026-10-09T10:10,2,-999,0.00,192,9.80,72,1.60
2026-10-09T10:20,13,6,0.00,196,9.90,73,3.00
2026-10-09T10:30,7,4,0.00,251,9.80,72,1.60
2026-10-09T10:40,352,5,0.00,334,9.90,71,1.70
2026-10-09T10:50,347,2,0.00,331,10.00,72,1.70
2026-10-09T11:00,352,3,0.00,462,10.20,71,1.90
2026-10-09T11:10,2,6,0.00,422,10.50,69,2.00
2026-10-09T11:20,344,1,0.00,566,10.90,68,1.90
2026-10-09T11:30,10,-999,0.00,510,11.50,65,1.60
2026-10-09T11:40,2,3,0.00,582,11.60,66,1.70
2026-10-09T11:50,0,2,0.00,618,11.80,66,1.40
2026-10-09T12:00,350,0,0.00,255,11.80,67,1.70
2026-10-09T12:10,359,0,0.00,238,11.50,68,1.70
2026-10-09T12:20,351,0,0.00,252,11.70,67,1.70
2026-10-09T12:30,352,-999,0.00,354,11.90,68,1.70
2026-10-09T12:40,6,0,0.00,387,12.10,67,1.70
2026-10-09T12:50,17,-999,0.00,343,12.20,66,1.30
2026-10-09T13:00,352,2,0.00,384,12.60,66,1.10
2026-10-09T13:10,24,1,0.00,694,13.30,63,0.80
2026-10-09T13:20,357,1,0.00,351,13.60,63,0.70
2026-10-09T13:30,337,1,0.00,371,13.20,66,0.80
2026-10-09T13:40,214,0,0.00,548,13.50,68,1.30
2026-10-09T13:50,213,3,0.00,633,13.60,75,1.90
2026-10-09T14:00,224,5,0.00,669,13.80,74,2.30
2026-10-09T14:10,224,4,0.00,637,14.10,69,2.00
2026-10-09T14:20,230,5,0.00,639,14.40,71,2.00
2026-10-09T14:30,198,1,0.00,656,14.50,70,2.50
2026-10-09T14:40,215,2,0.00,606,14.30,70,2.70
2026-10-09T14:50,207,4,0.00,595,14.20,67,2.20
2026-10-09T15:00,189,0,0.00,592,14.40,68,2.70
2026-10-09T15:10,169,4,0.00,584,14.40,66,2.50
2026-10-09T15:20,175,-999,0.00,513,14.30,66,3.00
2026-10-09T15:30,185,3,0.00,508,14.20,66,2.80
2026-10-09T15:40,178,3,0.00,485,14.20,67,2.80
2026-10-09T15:50,163,6,0.00,465,14.00,68,2.50
2026-10-09T16:00,174,3,0.00,439,14.20,68,2.70
2026-10-09T16:10,185,4,0.00,415,14.10,68,2.40
2026-10-09T16:20,169,5,0.00,387,13.90,68,2.70
2026-10-09T16:30,156,4,0.00,360,13.60,70,2.10
2026-10-09T16:40,148,5,0.00,334,13.60,70,2.00
2026-10-09T16:50,177,4,0.00,308,14.10,69,1.70
2026-10-09T17:00,194,1,0.00,278,14.20,68,1.80
2026-10-09T17:10,202,3,0.00,247,14.10,69,1.60
2026-10-09T17:20,139,3,0.00,229,13.90,69,0.80
2026-10-09T17:30,218,-999,0.00,76,13.70,70,1.10
2026-10-09T17:40,173,0,0.00,61,12.80,74,1.50
2026-10-09T17:50,177,2,0.00,117,12.50,75,2.10
2026-10-09T18:00,172,1,0.00,117,12.90,73,2.10
2026-10-09T18:10,165,1,0.00,88,12.70,75,1.40
2026-10-09T18:20,167,0,0.00,65,12.70,73,1.10
2026-10-09T18:30,155,1,0.00,42,12.60,73,1.10
2026-10-09T18:40,142,0,0.00,14,12.40,74,0.70
2026-10-09T18:50,135,2,0.00,5,12.30,75,0.60
2026-10-09T19:00,29,0,0.00,0,12.30,75,0.60
2026-10-09T19:10,345,2,0.00,0,12.00,76,1.80
2026-10-09T19:20,320,-999,0.00,0,11.90,77,0.70
2026-10-09T19:30,,-999,0.00,0,11.80,77,0.00
2026-10-09T19:40,167,-999,0.00,0,11.60,78,0.70
2026-10-09T19:50,162,-999,0.00,0,11.60,78,0.70
2026-10-09T20:00,,-999,0.00,0,11.40,80,0.00
2026-10-09T20:10,,-999,0.00,0,11.50,74,0.00
2026-10-09T20:20,268,0,0.00,0,11.50,77,1.00
2026-10-09T20:30,279,-999,0.00,0,11.50,77,0.90
2026-10-09T20:40,224,-999,0.00,0,11.40,77,0.90
2026-10-09T20:50,234,-999,0.00,0,11.40,77,0.90
2026-10-09T21:00,212,1,0.00,0,11.40,77,0.90
2026-10-09T21:10,207,-999,0.00,0,11.40,78,1.10
2026-10-09T21:20,173,-999,0.00,0,11.10,81,1.50
2026-10-09T21:30,192,0,0.00,0,11.10,84,1.10
2026-10-09T21:40,151,3,0.00,0,11.00,82,1.30
2026-10-09T21:50,153,1,0.00,0,10.70,83,1.70
2026-10-09T22:00,156,-999,0.00,0,10.80,83,1.40
2026-10-09T22:10,155,4,0.00,0,10.80,82,1.70
2026-10-09T22:20,153,-999,0.00,0,10.80,83,1.60
2026-10-09T22:30,162,4,0.00,0,10.80,82,1.80
2026-10-09T22:40,201,0,0.00,0,10.90,82,1.80
2026-10-09T22:50,205,-999,0.00,0,10.80,85,1.90
2026-10-09T23:00,202,-999,0.00,0,10.40,87,2.50
2026-10-09T23:10,187,2,0.00,0,10.20,88,2.40
2026-10-09T23:20,188,4,0.00,0,10.00,90,2.70
2026-10-09T23:30,181,1,0.00,0,10.10,91,2.60
2026-10-09T23:40,178,0,0.00,0,10.30,90,2.10
2026-10-09T23:50,182,2,0.00,0,10.30,92,1.80
2026-10-10T00:00,201,-999,0.00,0,10.30,92,2.00
2026-10-10T00:10,197,1,0.00,0,10.10,92,1.90
2026-10-10T00:20,197,1,0.00,0,10.30,92,1.50
2026-10-10T00:30,184,2,0.00,0,10.10,92,2.30
2026-10-10T00:40,166,3,0.00,0,10.10,93,2.60
2026-10-10T00:50,156,2,0.00,0,10.00,93,2.30
2026-10-10T01:00,165,2,0.00,0,10.00,93,2.10
2026-10-10T01:10,176,1,0.00,0,10.30,94,1.90
2026-10-10T01:20,189,-999,0.00,0,10.20,94,1.40
2026-10-10T01:30,197,-999,0.00,0,10.20,94,1.50
2026-10-10T01:40,238,-999,0.00,0,10.40,93,0.90
2026-10-10T01:50,249,1,0.00,0,10.40,93,0.30
2026-10-10T02:00,197,2,0.00,0,10.30,93,1.40
2026-10-10T02:10,199,2,0.00,0,10.20,93,1.80
2026-10-10T02:20,209,2,0.00,0,10.30,93,1.60
2026-10-10T02:30,205,2,0.00,0,10.20,92,1.60
2026-10-10T02:40,213,2,0.00,0,10.30,92,1.40
2026-10-10T02:50,218,-999,0.00,0,10.30,92,1.30
2026-10-10T03:00,216,3,0.00,0,10.30,92,1.30
2026-10-10T03:10,215,5,0.00,0,10.30,92,1.20
2026-10-10T03:20,194,3,0.00,0,10.20,92,1.30
2026-10-10T03:30,194,3,0.00,0,10.10,93,1.20
2026-10-10T03:40,221,2,0.00,0,10.20,92,1.30
2026-10-10T03:50,226,3,0.00,0,10.20,92,1.00
2026-10-10T04:00,243,4,0.00,0,10.20,91,0.50
2026-10-10T04:10,269,3,0.00,0,10.20,91,0.50
2026-10-10T04:20,274,5,0.00,0,10.10,91,0.90
2026-10-10T04:30,277,5,0.00,0,10.20,91,0.70
2026-10-10T04:40,283,4,0.00,0,10.20,91,0.90
2026-10-10T04:50,273,5,0.00,0,10.20,91,0.70
2026-10-10T05:00,291,4,0.00,0,10.20,91,0.50
2026-10-10T05:10,,5,0.00,0,10.20,91,0.00
2026-10-10T05:20,,5,0.00,0,10.10,92,0.00
2026-10-10T05:30,,4,0.00,0,10.00,92,0.00
2026-10-10T05:40,170,5,0.00,0,10.00,92,0.70
2026-10-10T05:50,172,5,0.00,0,10.00,92,1.10
2026-10-10T06:00,193,6,0.00,0,10.00,92,1.00
2026-10-10T06:10,179,6,0.00,0,10.00,92,0.70
2026-10-10T06:20,115,4,0.00,0,9.80,92,0.30
2026-10-10T06:30,168,5,0.00,0,9.90,93,0.70
2026-10-10T06:40,,6,0.00,0,10.00,93,0.00
2026-10-10T06:50,325,5,0.00,0,9.80,93,0.70
2026-10-10T07:00,348,5,0.00,0,9.50,91,1.30
2026-10-10T07:10,18,5,0.00,0,9.50,89,0.90
2026-10-10T07:20,34,5,0.00,0,9.70,90,0.60
2026-10-10T07:30,,5,0.00,0,9.70,91,0.00
2026-10-10T07:40,13,6,0.00,16,9.90,92,0.60
2026-10-10T07:50,15,6,0.00,12,9.90,92,0.80
2026-10-10T08:00,113,6,0.00,14,10.00,92,0.70
2026-10-10T08:10,178,7,0.00,20,10.10,91,0.50
2026-10-10T08:20,243,7,0.00,26,10.10,92,0.70
2026-10-10T08:30,240,6,0.00,34,10.10,91,0.90
2026-10-10T08:40,271,6,0.00,45,9.90,92,0.50
2026-10-10T08:50,,6,0.00,50,9.90,92,0.00
2026-10-10T09:00,,7,0.00,68,10.20,92,0.00
2026-10-10T09:10,164,6,0.00,67,10.30,92,1.20
2026-10-10T09:20,171,7,0.00,75,10.20,92,1.20
2026-10-10T09:30,166,5,0.00,72,10.20,92,1.50
2026-10-10T09:40,156,7,0.00,57,10.10,93,1.90
2026-10-10T09:50,139,7,0.00,47,9.90,95,2.10
2026-10-10T10:00,152,6,0.00,53,9.80,96,2.80
2026-10-10T10:10,153,6,0.00,64,9.80,96,3.20
2026-10-10T10:20,161,6,0.00,74,9.80,96,3.50
2026-10-10T10:30,167,6,0.00,93,9.70,97,3.70
2026-10-10T10:40,163,5,0.00,116,9.40,97,3.80
2026-10-10T10:50,155,4,0.00,114,9.30,98,4.20
2026-10-10T11:00,159,5,0.00,112,9.20,98,4.00
2026-10-10T11:10,165,4,0.00,106,9.20,98,3.20
2026-10-10T11:20,180,5,0.00,103,9.20,98,1.90
2026-10-10T11:30,199,6,0.00,107,9.50,96,1.10
2026-10-10T11:40,206,7,0.00,137,9.80,94,0.90
2026-10-10T11:50,,6,0.00,143,10.30,92,0.00
2026-10-10T12:00,1,6,0.00,168,10.50,93,0.50
2026-10-10T12:10,352,2,0.00,265,10.60,93,1.10
2026-10-10T12:20,11,6,0.00,279,10.60,92,1.10
2026-10-10T12:30,29,2,0.00,252,10.60,91,0.80
2026-10-10T12:40,7,5,0.00,298,10.70,90,1.30
2026-10-10T12:50,1,4,0.00,278,10.60,92,1.30
2026-10-10T13:00,358,3,0.00,505,10.90,91,1.10
2026-10-10T13:10,1,7,0.00,510,11.50,89,1.30
2026-10-10T13:20,27,6,0.00,424,11.60,87,0.90
2026-10-10T13:30,20,8,,584,12.20,79,1.10
2026-10-10T13:40,15,4,,383,12.30,75,0.90
2026-10-10T13:50,13,3,,454,12.60,70,0.90
2026-10-10T17:20,196,,0.00,220,13.30,78,0.30
2026-10-10T17:30,252,2,0.00,191,14.10,73,0.60
2026-10-10T17:40,195,1,0.00,164,13.70,78,0.80
2026-10-10T17:50,100,2,0.00,135,12.80,79,0.80
2026-10-10T18:00,,1,0.00,107,12.40,82,0.00
2026-10-10T18:10,349,1,0.00,81,12.70,77,0.50
2026-10-10T18:20,77,0,0.00,58,12.40,82,0.80
2026-10-10T18:30,38,-999,0.00,38,12.00,88,0.90
2026-10-10T18:40,292,-999,0.00,11,11.90,88,0.80
2026-10-10T18:50,270,-999,0.00,5,11.20,90,0.30
2026-10-10T19:00,192,0,0.00,0,10.90,88,0.70
2026-10-10T19:10,194,-999,0.00,0,10.60,86,1.20
2026-10-10T19:20,224,8,0.00,0,10.70,86,0.30
