datetime,DVENTO,PREC,RADSOL,TEMP,UMID,VVENTO
2026-09-11T00:00,11,0.00,0,18.10,94,0.90
2026-09-11T00:10,9,0.00,0,18.10,95,0.80
2026-09-11T00:20,318,0.00,0,17.80,95,0.60
2026-09-11T00:30,18,0.00,0,17.50,96,0.60
2026-09-11T00:40,54,0.00,0,17.60,96,0.50
2026-09-11T00:50,260,0.00,0,17.40,96,0.50
2026-09-11T01:00,347,0.00,0,17.30,96,0.50
2026-09-11T01:10,126,0.00,0,17.40,97,0.90
2026-09-11T01:20,199,0.00,0,17.20,97,1.20
2026-09-11T01:30,176,0.00,0,17.10,97,0.90
2026-09-11T01:40,183,0.00,0,17.50,97,1.00
2026-09-11T01:50,208,0.00,0,17.90,96,1.30
2026-09-11T02:00,237,0.00,0,18.00,96,1.40
2026-09-11T02:10,255,0.00,0,18.00,96,0.40
2026-09-11T02:20,127,0.00,0,17.90,95,0.30
2026-09-11T02:30,107,0.00,0,18.00,95,1.00
2026-09-11T02:40,84,0.00,0,18.10,95,0.50
2026-09-11T02:50,218,0.00,0,18.00,95,0.60
2026-09-11T03:00,91,0.00,0,18.20,93,1.30
2026-09-11T03:10,74,0.00,0,18.20,93,0.60
2026-09-11T03:20,,0.00,0,18.10,93,0.00
2026-09-11T03:30,108,0.00,0,18.10,93,0.50
2026-09-11T03:40,198,0.00,0,18.10,93,0.50
2026-09-11T03:50,,0.00,0,18.10,93,0.00
2026-09-11T04:00,245,0.00,0,18.00,93,1.30
2026-09-11T04:10,,0.00,0,18.20,92,0.00
2026-09-11T04:20,,0.00,0,18.20,94,0.00
2026-09-11T04:30,216,0.00,0,18.20,93,0.40
2026-09-11T04:40,220,0.00,0,18.20,93,1.10
2026-09-11T04:50,270,0.00,0,18.20,93,0.90
2026-09-11T05:00,246,0.00,0,18.20,93,1.30
2026-09-11T05:10,265,0.00,0,18.20,93,1.40
2026-09-11T05:20,250,0.00,0,18.30,94,1.90
2026-09-11T05:30,261,0.00,0,18.30,94,2.10
2026-09-11T05:40,253,0.00,0,18.30,95,1.90
2026-09-11T05:50,271,0.00,0,18.30,95,1.60
2026-09-11T06:00,242,0.00,0,18.30,95,1.60
2026-09-11T06:10,237,0.00,0,18.20,95,1.40
2026-09-11T06:20,249,0.00,0,18.30,94,1.40
2026-09-11T06:30,263,0.00,0,18.30,94,1.60
2026-09-11T06:40,281,0.00,0,18.20,95,1.30
2026-09-11T06:50,306,0.00,0,18.20,94,1.30
2026-09-11T07:00,287,0.00,0,18.30,94,1.20
2026-09-11T07:10,305,0.00,3,18.30,94,1.30
2026-09-11T07:20,303,0.00,15,18.50,93,1.70
2026-09-11T07:30,298,0.00,20,18.50,93,1.10
2026-09-11T07:40,290,0.00,87,18.50,93,1.10
2026-09-11T07:50,280,0.00,122,19.20,90,1.30
2026-09-11T08:00,314,0.00,152,19.70,87,1.80
2026-09-11T08:10,303,0.00,181,19.90,86,1.70
2026-09-11T08:20,291,0.00,217,20.60,83,1.30
2026-09-11T08:30,276,0.00,251,20.70,79,1.70
2026-09-11T08:40,281,0.00,281,20.70,80,2.10
2026-09-11T08:50,299,0.00,311,21.50,79,1.60
2026-09-11T09:00,290,0.00,341,21.60,78,1.60
2026-09-11T09:10,269,0.00,368,21.80,77,1.90
2026-09-11T09:20,289,0.00,401,22.00,76,1.80
2026-09-11T09:30,247,0.00,431,22.00,77,2.20
2026-09-11T09:40,238,0.00,465,22.10,78,2.20
2026-09-11T09:50,240,0.00,483,21.80,79,2.00
2026-09-11T10:00,248,0.00,516,22.60,77,1.90
2026-09-11T10:10,286,0.00,550,22.40,73,2.30
2026-09-11T10:20,297,0.00,573,22.90,73,2.20
2026-09-11T10:30,304,0.00,575,22.80,72,2.40
2026-09-11T10:40,305,0.00,648,23.20,72,2.30
2026-09-11T10:50,302,0.00,702,22.70,73,2.40
2026-09-11T11:00,280,0.00,746,23.00,71,2.20
2026-09-11T11:10,274,0.00,750,23.30,71,2.40
2026-09-11T11:20,269,0.00,712,24.00,70,2.20
2026-09-11T11:30,270,0.00,775,24.00,69,2.20
2026-09-11T11:40,288,0.00,686,23.50,70,2.80
2026-09-11T11:50,306,0.00,836,23.30,70,2.80
2026-09-11T12:00,292,0.00,231,23.50,70,3.10
2026-09-11T12:10,281,0.00,154,22.60,72,3.00
2026-09-11T12:20,291,0.00,812,23.30,69,3.20
2026-09-11T12:30,296,0.00,821,24.20,66,2.80
2026-09-11T12:40,286,0.00,861,24.30,64,3.00
2026-09-11T12:50,265,0.00,250,24.50,63,3.20
2026-09-11T13:00,289,0.00,221,23.90,64,3.00
2026-09-11T13:10,288,0.00,501,24.70,61,2.50
2026-09-11T13:20,278,0.00,373,24.30,62,2.80
2026-09-11T13:30,286,0.00,575,24.60,60,2.10
2026-09-11T13:40,283,0.00,941,24.80,61,2.40
2026-09-11T13:50,293,0.00,930,25.00,62,2.70
2026-09-11T14:00,290,0.00,454,25.40,59,2.70
2026-09-11T14:10,286,0.00,589,25.20,59,2.90
2026-09-11T14:20,287,0.00,961,25.60,58,2.80
2026-09-11T14:30,280,0.00,266,25.20,60,2.50
2026-09-11T14:40,290,0.00,278,24.80,63,1.90
2026-09-11T14:50,283,0.00,759,24.70,60,2.40
2026-09-11T15:00,285,0.00,279,25.50,59,2.20
2026-09-11T15:10,270,0.00,368,25.20,60,2.10
2026-09-11T15:20,284,0.00,545,25.80,58,2.00
2026-09-11T15:30,279,0.00,653,25.90,58,1.30
2026-09-11T15:40,310,0.00,300,25.50,58,1.60
2026-09-11T15:50,318,0.00,242,25.30,59,2.00
2026-09-11T16:00,313,0.00,367,25.10,59,2.10
2026-09-11T16:10,291,0.00,409,25.70,59,1.80
2026-09-11T16:20,288,0.00,500,26.20,55,1.40
2026-09-11T16:30,301,0.00,418,26.50,56,1.30
2026-09-11T16:40,277,0.00,331,26.10,56,2.20
2026-09-11T16:50,270,0.00,249,25.70,59,1.60
2026-09-11T17:00,305,0.00,227,25.50,58,1.70
2026-09-11T17:10,294,0.00,161,25.20,61,1.70
2026-09-11T17:20,309,0.00,173,25.00,61,1.60
2026-09-11T17:30,295,0.00,226,25.20,59,1.10
2026-09-11T17:40,323,0.00,351,25.60,60,1.10
2026-09-11T17:50,322,0.00,323,26.30,58,1.10
2026-09-11T18:00,311,0.00,256,26.00,56,1.40
2026-09-11T18:10,292,0.00,213,25.80,56,0.90
2026-09-11T18:20,300,0.00,187,25.80,57,1.10
2026-09-11T18:30,317,0.00,151,25.50,56,1.70
2026-09-11T18:40,16,0.00,120,25.20,56,1.50
2026-09-11T18:50,21,0.00,45,25.20,57,1.00
2026-09-11T19:00,31,0.00,34,24.90,59,0.90
2026-09-11T19:10,56,0.00,25,24.50,61,1.00
2026-09-11T19:20,97,0.00,8,24.20,62,0.90
2026-09-11T19:30,100,0.00,1,24.00,64,0.80
2026-09-11T19:40,79,0.00,0,23.60,66,0.80
2026-09-11T19:50,,0.00,0,23.10,69,0.00
2026-09-11T20:00,,0.00,0,22.50,71,0.00
2026-09-11T20:10,187,0.00,0,22.10,73,0.80
2026-09-11T20:20,142,0.00,0,22.20,73,0.90
2026-09-11T20:30,,0.00,0,21.90,74,0.00
2026-09-11T20:40,,0.00,0,21.50,76,0.00
2026-09-11T20:50,,0.00,0,21.20,80,0.00
2026-09-11T21:00,201,0.00,0,21.10,78,1.00
2026-09-11T21:10,198,0.00,0,21.80,76,1.30
2026-09-11T21:20,134,0.00,0,21.80,76,1.10
2026-09-11T21:30,106,0.00,0,21.50,79,0.70
2026-09-11T21:40,99,0.00,0,21.00,81,0.40
2026-09-11T21:50,116,0.00,0,20.70,84,0.80
2026-09-11T22:00,97,0.00,0,21.30,81,1.40
2026-09-11T22:10,96,0.00,0,21.40,79,1.90
2026-09-11T22:20,108,0.00,0,21.20,81,2.60
2026-09-11T22:30,110,0.00,0,20.80,83,2.60
2026-09-11T22:40,113,0.00,0,20.60,84,2.40
2026-09-11T22:50,119,0.00,0,20.50,85,1.90
2026-09-11T23:00,114,0.00,0,20.40,85,1.90
2026-09-11T23:10,112,0.00,0,20.20,86,2.10
2026-09-11T23:20,103,0.00,0,20.30,85,2.30
2026-09-11T23:30,100,0.00,0,20.20,84,2.40
2026-09-11T23:40,109,0.00,0,20.10,84,2.00
2026-09-11T23:50,107,0.00,0,20.10,84,1.80
2026-09-12T00:00,104,0.00,0,20.30,83,2.10
2026-09-12T00:10,93,0.00,0,20.20,82,1.90
2026-09-12T00:20,93,0.00,0,20.10,82,1.80
2026-09-12T00:30,79,0.00,0,20.00,83,1.70
2026-09-12T00:40,91,0.00,0,19.80,83,1.60
2026-09-12T00:50,77,0.00,0,19.70,84,1.60
2026-09-12T01:00,74,0.00,0,19.60,84,1.50
2026-09-12T01:10,77,0.00,0,19.30,86,1.00
2026-09-12T01:20,64,0.00,0,19.20,87,1.10
2026-09-12T01:30,77,0.00,0,19.20,86,1.40
2026-09-12T01:40,85,0.00,0,19.20,86,1.60
2026-09-12T01:50,87,0.00,0,19.20,86,1.70
2026-09-12T02:00,84,0.00,0,19.20,85,1.80
2026-09-12T02:10,80,0.00,0,19.20,85,1.70
2026-09-12T02:20,85,0.00,0,19.10,85,1.60
2026-09-12T02:30,95,0.00,0,19.10,84,1.80
2026-09-12T02:40,79,0.00,0,19.10,85,1.90
2026-09-12T02:50,90,0.00,0,19.00,85,1.80
2026-09-12T03:00,97,0.00,0,18.90,85,1.90
2026-09-12T03:10,90,0.00,0,18.90,84,1.90
2026-09-12T03:20,92,0.00,0,18.90,84,2.10
2026-09-12T03:30,95,0.00,0,18.70,84,1.90
2026-09-12T03:40,95,0.00,0,18.60,85,1.80
2026-09-12T03:50,92,0.00,0,18.50,84,1.80
2026-09-12T04:00,89,0.00,0,18.50,85,1.80
2026-09-12T04:10,91,0.00,0,18.40,85,2.20
2026-09-12T04:20,89,0.00,0,18.20,85,2.10
2026-09-12T04:30,90,0.00,0,18.20,85,2.00
2026-09-12T04:40,86,0.00,0,18.10,85,1.90
2026-09-12T04:50,88,0.00,0,18.10,84,2.00
2026-09-12T05:00,87,0.00,0,18.00,83,1.80
2026-09-12T05:10,85,0.00,0,18.00,82,1.70
2026-09-12T05:20,78,0.00,0,17.80,82,1.30
2026-09-12T05:30,85,0.00,0,17.80,81,1.30
2026-09-12T05:40,77,0.00,0,17.80,81,1.60
2026-09-12T05:50,82,0.00,0,17.90,80,1.90
2026-09-12T06:00,84,0.00,0,17.80,80,1.80
2026-09-12T06:10,79,0.00,0,17.70,81,1.60
2026-09-12T06:20,79,0.00,0,17.70,81,1.60
2026-09-12T06:30,89,0.00,0,17.60,82,1.30
2026-09-12T06:40,90,0.00,0,17.50,82,1.60
2026-09-12T06:50,88,0.00,0,17.30,83,1.50
2026-09-12T07:00,94,0.00,7,17.30,83,1.70
2026-09-12T07:10,90,0.00,14,17.40,83,1.60
2026-09-12T07:20,89,0.00,23,17.70,82,1.70
2026-09-12T07:30,94,0.00,52,17.70,81,1.90
2026-09-12T07:40,92,0.00,99,18.30,79,2.10
2026-09-12T07:50,91,0.00,137,18.70,77,2.20
2026-09-12T08:00,101,0.00,94,19.00,76,2.20
2026-09-12T08:10,100,0.00,226,19.10,75,2.40
2026-09-12T08:20,98,0.00,287,19.80,72,2.60
2026-09-12T08:30,103,0.00,353,20.10,69,3.00
2026-09-12T08:40,94,0.00,358,20.30,69,3.50
2026-09-12T08:50,98,0.00,258,20.40,67,3.50
2026-09-12T09:00,98,0.00,198,19.80,70,2.80
2026-09-12T09:10,97,0.00,190,19.70,72,3.00
2026-09-12T09:20,103,0.00,193,19.80,71,3.20
2026-09-12T09:30,97,0.00,224,20.00,69,3.30
2026-09-12T09:40,97,0.00,229,20.20,68,3.40
2026-09-12T09:50,104,0.00,277,20.70,68,3.70
2026-09-12T10:00,98,0.00,494,21.00,64,3.90
2026-09-12T10:10,95,0.00,714,21.50,63,4.30
2026-09-12T10:20,97,0.00,508,22.30,57,3.50
2026-09-12T10:30,110,0.00,456,21.70,58,3.90
2026-09-12T10:40,111,0.00,330,22.00,58,3.50
2026-09-12T10:50,100,0.00,310,22.20,59,2.50
2026-09-12T11:00,92,0.00,329,22.20,57,2.60
2026-09-12T11:10,95,0.00,475,22.10,54,3.00
2026-09-12T11:20,97,0.00,663,23.40,56,3.00
2026-09-12T11:30,91,0.00,889,23.30,53,2.50
2026-09-12T11:40,113,0.00,848,23.70,53,3.10
2026-09-12T11:50,102,0.00,828,23.90,52,3.00
2026-09-12T12:00,89,0.00,665,23.90,51,3.20
2026-09-12T12:10,100,0.00,625,24.40,52,2.40
2026-09-12T12:20,111,0.00,556,24.30,47,3.00
2026-09-12T12:30,113,0.00,611,24.40,47,3.30
2026-09-12T12:40,112,0.00,821,24.90,49,2.90
2026-09-12T12:50,107,0.00,847,24.70,46,2.80
2026-09-12T13:00,123,0.00,784,25.00,46,2.60
2026-09-12T13:10,105,0.00,770,25.10,47,2.60
2026-09-12T13:20,136,0.00,770,25.30,45,2.50
2026-09-12T13:30,109,0.00,769,25.00,46,2.10
2026-09-12T13:40,117,0.00,757,25.20,47,1.90
2026-09-12T13:50,116,0.00,750,25.50,46,2.30
2026-09-12T14:00,99,0.00,738,25.40,47,1.40
2026-09-12T14:10,103,0.00,730,25.30,46,1.90
2026-09-12T14:20,87,0.00,730,25.70,48,1.20
2026-09-12T14:30,98,0.00,714,25.40,47,1.10
2026-09-12T14:40,43,0.00,704,25.80,46,1.60
2026-09-12T14:50,135,0.00,687,25.60,47,1.90
2026-09-12T15:00,105,0.00,674,25.30,50,2.10
2026-09-12T15:10,56,0.00,658,25.90,47,0.90
2026-09-12T15:20,183,0.00,635,26.30,46,0.70
2026-09-12T15:30,98,0.00,611,26.30,47,0.90
2026-09-12T15:40,135,0.00,618,26.20,47,0.60
2026-09-12T15:50,171,0.00,562,26.10,49,1.10
2026-09-12T16:00,89,0.00,553,26.10,48,1.20
2026-09-12T16:10,325,0.00,538,27.00,48,0.40
2026-09-12T16:20,260,0.00,517,27.30,47,1.00
2026-09-12T16:30,153,0.00,475,26.00,47,1.00
2026-09-12T16:40,193,0.00,445,26.60,47,1.10
2026-09-12T16:50,220,0.00,411,26.90,48,0.60
2026-09-12T17:00,245,0.00,385,26.70,46,1.10
2026-09-12T17:10,218,0.00,73,26.10,51,1.30
2026-09-12T17:20,250,0.00,206,26.50,47,1.30
2026-09-12T17:30,333,0.00,294,26.50,48,1.20
2026-09-12T17:40,358,0.00,262,26.00,50,0.60
2026-09-12T17:50,273,0.00,234,26.50,47,1.30
2026-09-12T18:00,282,0.00,204,26.50,47,1.10
2026-09-12T18:10,336,0.00,174,26.10,47,0.60
2026-09-12T18:20,136,0.00,143,25.70,51,0.40
2026-09-12T18:30,123,0.00,117,25.40,50,1.20
2026-09-12T18:40,105,0.00,88,25.30,50,1.10
2026-09-12T18:50,112,0.00,65,25.10,51,1.50
2026-09-12T19:00,122,0.00,41,24.90,52,1.10
2026-09-12T19:10,121,0.00,22,24.70,54,1.00
2026-09-12T19:20,121,0.00,7,24.50,53,1.00
2026-09-12T19:30,140,0.00,1,24.30,56,0.70
2026-09-12T19:40,,0.00,0,23.60,58,0.00
2026-09-12T19:50,114,0.00,0,22.90,64,0.40
2026-09-12T20:00,86,0.00,0,22.40,64,0.40
2026-09-12T20:10,81,0.00,0,21.80,67,0.30
2026-09-12T20:20,99,0.00,0,21.80,66,1.00
2026-09-12T20:30,91,0.00,0,21.90,64,1.10
2026-09-12T20:40,94,0.00,0,22.00,62,1.10
2026-09-12T20:50,95,0.00,0,22.30,61,1.30
2026-09-12T21:00,97,0.00,0,22.20,62,1.40
2026-09-12T21:10,105,0.00,0,21.70,62,1.30
2026-09-12T21:20,103,0.00,0,21.80,61,1.60
2026-09-12T21:30,104,0.00,0,21.40,63,1.50
2026-09-12T21:40,107,0.00,0,21.00,63,1.00
2026-09-12T21:50,104,0.00,0,20.80,66,1.30
2026-09-12T22:00,106,0.00,0,20.70,64,1.20
2026-09-12T22:10,105,0.00,0,20.80,63,1.80
2026-09-12T22:20,109,0.00,0,20.70,64,1.40
2026-09-12T22:30,117,0.00,0,20.50,65,1.40
2026-09-12T22:40,113,0.00,0,20.60,64,1.60
2026-09-12T22:50,110,0.00,0,20.40,65,2.10
2026-09-12T23:00,113,0.00,0,20.10,67,1.40
2026-09-12T23:10,161,0.00,0,19.90,68,0.40
2026-09-12T23:20,194,0.00,0,19.70,69,1.10
2026-09-12T23:30,149,0.00,0,20.20,66,1.80
2026-09-12T23:40,124,0.00,0,20.20,66,1.30
2026-09-12T23:50,185,0.00,0,20.00,67,0.40
2026-09-13T00:00,50,0.00,0,19.70,70,0.90
2026-09-13T00:10,,0.00,0,19.30,72,0.00
2026-09-13T00:20,106,0.00,0,18.90,73,0.30
2026-09-13T00:30,170,0.00,0,18.60,75,0.50
2026-09-13T00:40,,0.00,0,18.30,75,0.00
2026-09-13T00:50,178,0.00,0,18.20,76,0.50
2026-09-13T01:00,111,0.00,0,18.30,75,0.70
2026-09-13T01:10,104,0.00,0,18.30,75,0.50
2026-09-13T01:20,108,0.00,0,18.40,74,0.70
2026-09-13T01:30,104,0.00,0,18.40,74,1.10
2026-09-13T01:40,117,0.00,0,18.60,73,0.90
2026-09-13T01:50,110,0.00,0,18.70,73,1.60
2026-09-13T02:00,99,0.00,0,18.80,71,2.10
2026-09-13T02:10,82,0.00,0,19.00,71,1.30
2026-09-13T02:20,81,0.00,0,19.00,70,1.50
2026-09-13T02:30,94,0.00,0,19.00,69,1.20
2026-09-13T02:40,89,0.00,0,19.30,69,1.30
2026-09-13T02:50,54,0.00,0,19.10,71,1.40
2026-09-13T03:00,54,0.00,0,19.20,71,0.90
2026-09-13T03:10,67,0.00,0,19.10,71,0.70
2026-09-13T03:20,,0.00,0,19.20,73,0.00
2026-09-13T03:30,,0.00,0,19.00,75,0.00
2026-09-13T03:40,,0.00,0,19.00,77,0.00
2026-09-13T03:50,60,0.00,0,19.00,75,0.40
2026-09-13T04:00,85,0.00,0,19.50,71,1.40
2026-09-13T04:10,80,0.00,0,19.50,72,1.30
2026-09-13T04:20,75,0.00,0,19.60,73,1.40
2026-09-13T04:30,81,0.00,0,19.60,73,0.80
2026-09-13T04:40,95,0.00,0,19.40,74,1.50
2026-09-13T04:50,108,0.00,0,19.30,76,1.10
2026-09-13T05:00,92,0.00,0,19.10,77,0.60
2026-09-13T05:10,132,0.00,0,18.90,77,0.70
2026-09-13T05:20,155,0.00,0,18.80,79,0.80
2026-09-13T05:30,186,0.00,0,18.60,80,0.60
2026-09-13T05:40,168,0.00,0,18.40,80,0.70
2026-09-13T05:50,143,0.00,0,18.20,82,1.00
2026-09-13T06:00,144,0.00,0,17.90,84,0.80
2026-09-13T06:10,175,0.00,0,17.60,85,0.40
2026-09-13T06:20,,0.00,0,17.20,86,0.00
2026-09-13T06:30,3,0.00,0,17.10,88,0.60
2026-09-13T06:40,,0.00,0,16.80,90,0.00
2026-09-13T06:50,,0.00,0,16.70,90,0.00
2026-09-13T07:00,90,0.00,11,16.70,91,0.40
2026-09-13T07:10,63,0.00,22,16.70,90,0.30
2026-09-13T07:20,,0.00,49,16.80,91,0.00
2026-09-13T07:30,68,0.00,70,17.50,87,0.70
2026-09-13T07:40,94,0.00,88,18.70,81,0.80
2026-09-13T07:50,88,0.00,73,18.90,78,1.00
2026-09-13T08:00,90,0.00,128,19.30,77,1.20
2026-09-13T08:10,79,0.00,171,20.00,75,0.80
2026-09-13T08:20,58,0.00,207,21.20,69,1.10
2026-09-13T08:30,62,0.00,218,21.40,70,1.00
2026-09-13T08:40,58,0.00,217,22.30,67,1.00
2026-09-13T08:50,79,0.00,304,21.50,67,0.90
2026-09-13T09:00,65,0.00,329,23.20,64,1.00
2026-09-13T09:10,71,0.00,357,22.90,64,1.20
2026-09-13T09:20,81,0.00,388,23.20,62,0.90
2026-09-13T09:30,61,0.00,416,23.70,65,0.80
2026-09-13T09:40,97,0.00,443,23.30,61,0.90
2026-09-13T09:50,74,0.00,467,23.60,64,0.90
2026-09-13T10:00,153,0.00,495,24.00,58,0.50
2026-09-13T10:10,107,0.00,518,24.00,58,1.20
2026-09-13T10:20,116,0.00,540,24.80,55,0.50
2026-09-13T10:30,294,0.00,562,26.00,57,0.60
2026-09-13T10:40,,0.00,584,26.00,57,0.00
2026-09-13T10:50,205,0.00,608,25.40,58,1.40
2026-09-13T11:00,204,0.00,635,25.10,55,2.40
2026-09-13T11:10,222,0.00,656,25.40,52,2.10
2026-09-13T11:20,207,0.00,678,25.20,51,2.30
2026-09-13T11:30,233,0.00,693,26.20,48,1.80
2026-09-13T11:40,214,0.00,716,25.40,50,1.90
2026-09-13T11:50,221,0.00,729,26.50,49,1.80
2026-09-13T12:00,237,0.00,733,26.50,50,2.20
2026-09-13T12:10,204,0.00,750,25.20,50,2.50
2026-09-13T12:20,225,0.00,751,26.30,43,1.60
2026-09-13T12:30,230,0.00,755,26.90,45,1.50
2026-09-13T12:40,253,0.00,768,26.70,49,1.70
2026-09-13T12:50,254,0.00,765,26.40,47,1.70
2026-09-13T13:00,260,0.00,773,26.70,47,2.10
2026-09-13T13:10,277,0.00,767,27.20,46,1.50
2026-09-13T13:20,236,0.00,766,27.40,46,1.50
2026-09-13T13:30,247,0.00,768,27.30,42,1.60
2026-09-13T13:40,251,0.00,762,27.10,45,0.70
2026-09-13T13:50,260,0.00,776,27.60,42,1.60
2026-09-13T14:00,290,0.00,752,27.60,40,1.70
2026-09-13T14:10,286,0.00,758,27.60,39,1.80
2026-09-13T14:20,231,0.00,697,27.60,33,1.60
2026-09-13T14:30,265,0.00,598,27.70,32,1.00
2026-09-13T14:40,261,0.00,658,27.50,33,2.00
2026-09-13T14:50,229,0.00,719,27.40,35,1.90
2026-09-13T15:00,199,0.00,694,27.10,36,2.10
2026-09-13T15:10,227,0.00,674,27.30,36,0.50
2026-09-13T15:20,245,0.00,576,27.40,34,2.00
2026-09-13T15:30,179,0.00,640,27.50,33,1.80
2026-09-13T15:40,240,0.00,584,28.00,35,1.10
2026-09-13T15:50,204,0.00,539,27.40,36,2.00
2026-09-13T16:00,228,0.00,548,27.80,35,1.60
2026-09-13T16:10,193,0.00,475,27.50,36,1.80
2026-09-13T16:20,200,0.00,501,27.20,38,2.40
2026-09-13T16:30,208,0.00,488,27.60,37,1.80
2026-09-13T16:40,190,0.00,454,27.00,37,2.10
2026-09-13T16:50,177,0.00,401,27.30,37,1.20
2026-09-13T17:00,214,0.00,339,27.40,37,1.40
2026-09-13T17:10,212,0.00,102,27.00,39,1.50
2026-09-13T17:20,217,0.00,275,27.20,38,1.00
2026-09-13T17:30,188,0.00,179,27.10,39,1.40
2026-09-13T17:40,169,0.00,146,26.60,40,1.10
2026-09-13T17:50,185,0.00,131,26.50,40,1.80
2026-09-13T18:00,205,0.00,120,26.80,42,1.00
2026-09-13T18:10,197,0.00,142,26.50,41,1.70
2026-09-13T18:20,191,0.00,77,26.40,42,1.40
2026-09-13T18:30,190,0.00,70,26.10,41,0.80
2026-09-13T18:40,190,0.00,51,25.80,46,0.40
2026-09-13T18:50,,0.00,38,25.20,49,0.00
2026-09-13T19:00,,0.00,25,24.60,53,0.00
2026-09-13T19:10,,0.00,12,24.10,54,0.00
2026-09-13T19:20,,0.00,2,23.80,54,0.00
2026-09-13T19:30,,0.00,0,23.20,56,0.00
2026-09-13T19:40,,0.00,0,22.80,56,0.00
2026-09-13T19:50,52,0.00,0,22.40,60,0.50
2026-09-13T20:00,43,0.00,0,22.10,62,0.70
2026-09-13T20:10,40,0.00,0,21.90,62,0.70
2026-09-13T20:20,63,0.00,0,21.70,63,0.40
2026-09-13T20:30,,0.00,0,21.50,62,0.00
2026-09-13T20:40,41,0.00,0,21.40,65,0.30
2026-09-13T20:50,,0.00,0,21.00,67,0.00
2026-09-13T21:00,,0.00,0,20.90,67,0.00
2026-09-13T21:10,,0.00,0,20.90,68,0.00
2026-09-13T21:20,,0.00,0,20.60,71,0.00
2026-09-13T21:30,,0.00,0,20.50,70,0.00
2026-09-13T21:40,345,0.00,0,20.40,70,0.50
2026-09-13T21:50,343,0.00,0,20.20,71,0.50
2026-09-13T22:00,,0.00,0,20.00,75,0.00
2026-09-13T22:10,,0.00,0,20.00,75,0.00
2026-09-13T22:20,,0.00,0,19.90,76,0.00
2026-09-13T22:30,,0.00,0,19.80,78,0.00
2026-09-13T22:40,,0.00,0,19.70,77,0.00
2026-09-13T22:50,,0.00,0,19.70,75,0.00
2026-09-13T23:00,161,0.00,0,19.70,77,0.80
2026-09-13T23:10,172,0.00,0,19.90,75,0.70
2026-09-13T23:20,176,0.00,0,20.80,68,1.00
2026-09-13T23:30,125,0.00,0,20.90,66,0.40
2026-09-13T23:40,108,0.00,0,21.20,65,0.70
2026-09-13T23:50,,0.00,0,20.60,69,0.00
2026-09-14T00:00,168,0.00,0,20.00,72,0.40
2026-09-14T00:10,103,0.00,0,19.70,72,0.30
2026-09-14T00:20,,0.00,0,19.50,74,0.00
2026-09-14T00:30,356,0.00,0,19.20,76,0.50
2026-09-14T00:40,,0.00,0,19.30,77,0.00
2026-09-14T00:50,,0.00,0,19.20,77,0.00
2026-09-14T01:00,,0.00,0,19.10,79,0.00
2026-09-14T01:10,,0.00,0,19.00,79,0.00
2026-09-14T01:20,6,0.00,0,19.00,78,0.80
2026-09-14T01:30,8,0.00,0,19.00,80,0.40
2026-09-14T01:40,,0.00,0,18.90,80,0.00
2026-09-14T01:50,,0.00,0,18.80,80,0.00
2026-09-14T02:00,342,0.00,0,18.70,81,0.60
2026-09-14T02:10,107,0.00,0,18.70,82,0.50
2026-09-14T02:20,,0.00,0,18.50,83,0.00
2026-09-14T02:30,,0.00,0,18.40,83,0.00
2026-09-14T02:40,,0.00,0,18.30,84,0.00
2026-09-14T02:50,347,0.00,0,18.20,84,0.90
2026-09-14T03:00,27,0.00,0,18.70,81,0.80
2026-09-14T03:10,11,0.00,0,18.80,81,0.50
2026-09-14T03:20,20,0.00,0,18.80,81,0.80
2026-09-14T03:30,38,0.00,0,19.30,77,0.50
2026-09-14T03:40,,0.00,0,19.20,80,0.00
2026-09-14T03:50,355,0.00,0,19.00,81,0.70
2026-09-14T04:00,57,0.00,0,19.20,78,0.40
2026-09-14T04:10,75,0.00,0,19.20,78,0.50
2026-09-14T04:20,,0.00,0,19.10,80,0.00
2026-09-14T04:30,61,0.00,0,18.90,80,0.60
2026-09-14T04:40,32,0.00,0,19.10,77,0.90
2026-09-14T04:50,,0.00,0,18.80,81,0.00
2026-09-14T05:00,,0.00,0,18.40,82,0.00
2026-09-14T05:10,,0.00,0,18.10,83,0.00
2026-09-14T05:20,,0.00,0,17.90,85,0.00
2026-09-14T05:30,,0.00,0,17.70,86,0.00
2026-09-14T05:40,,0.00,0,17.50,87,0.00
2026-09-14T05:50,,0.00,0,17.50,88,0.00
2026-09-14T06:00,81,0.00,0,17.60,87,0.60
2026-09-14T06:10,66,0.00,0,17.50,87,0.40
2026-09-14T06:20,88,0.00,0,17.70,87,0.90
2026-09-14T06:30,,0.00,0,17.60,87,0.00
2026-09-14T06:40,34,0.00,0,17.50,86,0.30
2026-09-14T06:50,58,0.00,0,17.90,83,0.90
2026-09-14T07:00,,0.00,0,18.10,83,0.00
2026-09-14T07:10,254,0.00,10,17.90,85,0.40
2026-09-14T07:20,130,0.00,18,17.90,84,0.50
2026-09-14T07:30,,0.00,29,18.00,84,0.00
2026-09-14T07:40,,0.00,41,18.10,85,0.00
2026-09-14T07:50,99,0.00,57,18.70,81,0.50
2026-09-14T08:00,132,0.00,54,19.20,78,0.60
2026-09-14T08:10,,0.00,124,20.40,73,0.00
2026-09-14T08:20,152,0.00,171,20.90,70,0.40
2026-09-14T08:30,107,0.00,69,20.70,69,0.90
2026-09-14T08:40,148,0.00,128,20.70,71,0.80
2026-09-14T08:50,144,0.00,270,21.80,67,0.60
2026-09-14T09:00,117,0.00,308,22.20,67,0.80
2026-09-14T09:10,149,0.00,329,22.40,64,0.80
2026-09-14T09:20,131,0.00,364,22.70,58,0.90
2026-09-14T09:30,130,0.00,391,22.70,63,1.20
2026-09-14T09:40,112,0.00,418,22.90,58,1.20
2026-09-14T09:50,116,0.00,449,23.40,62,1.00
2026-09-14T10:00,147,0.00,471,23.70,59,1.00
2026-09-14T10:10,94,0.00,508,23.50,56,1.30
2026-09-14T10:20,105,0.00,521,23.80,57,1.20
2026-09-14T10:30,124,0.00,546,23.90,57,1.10
2026-09-14T10:40,110,0.00,572,23.90,57,1.10
2026-09-14T10:50,115,0.00,593,24.50,55,1.20
2026-09-14T11:00,79,0.00,608,24.40,55,1.10
2026-09-14T11:10,148,0.00,627,24.60,56,0.90
2026-09-14T11:20,176,0.00,653,25.30,55,0.80
2026-09-14T11:30,220,0.00,674,26.30,55,0.90
2026-09-14T11:40,135,0.00,681,25.70,52,1.20
2026-09-14T11:50,146,0.00,717,26.40,53,0.40
2026-09-14T12:00,202,0.00,629,26.90,52,1.30
2026-09-14T12:10,225,0.00,331,26.60,50,2.00
2026-09-14T12:20,234,0.00,632,26.70,51,2.30
2026-09-14T12:30,245,0.00,753,27.00,48,1.70
2026-09-14T12:40,249,0.00,740,27.00,51,1.20
2026-09-14T12:50,288,0.00,788,28.00,48,0.90
2026-09-14T13:00,249,0.00,766,28.30,48,1.50
2026-09-14T13:10,280,0.00,742,28.20,49,1.00
2026-09-14T13:20,241,0.00,737,27.70,52,1.20
2026-09-14T13:30,268,0.00,730,28.10,47,1.30
2026-09-14T13:40,,0.00,724,28.40,46,0.00
2026-09-14T13:50,204,0.00,732,27.60,49,1.50
2026-09-14T14:00,217,0.00,703,28.40,50,1.00
2026-09-14T14:10,235,0.00,719,28.60,45,1.90
2026-09-14T14:20,236,0.00,712,28.50,47,0.80
2026-09-14T14:30,271,0.00,706,29.10,46,1.30
2026-09-14T14:40,261,0.00,674,28.70,46,1.10
2026-09-14T14:50,238,0.00,651,28.70,45,1.70
2026-09-14T15:00,260,0.00,622,28.90,45,0.80
2026-09-14T15:10,290,0.00,622,28.80,48,1.60
2026-09-14T15:20,238,0.00,622,29.00,45,1.60
2026-09-14T15:30,206,0.00,480,28.70,48,1.40
2026-09-14T15:40,257,0.00,543,28.90,48,1.40
2026-09-14T15:50,193,0.00,556,28.50,48,1.90
2026-09-14T16:00,237,0.00,454,29.20,48,1.40
2026-09-14T16:10,282,0.00,465,29.00,49,1.30
2026-09-14T16:20,258,0.00,462,29.20,48,1.80
2026-09-14T16:30,257,0.00,424,29.30,47,1.10
2026-09-14T16:40,199,0.00,416,28.40,47,1.80
2026-09-14T16:50,171,0.00,381,28.40,47,1.70
2026-09-14T17:00,164,0.00,316,28.40,47,1.90
2026-09-14T17:10,131,0.00,92,27.80,48,1.50
2026-09-14T17:20,117,0.00,201,27.90,48,1.80
2026-09-14T17:30,131,0.00,263,27.90,48,1.40
2026-09-14T17:40,156,0.00,240,28.00,50,1.30
2026-09-14T17:50,152,0.00,211,27.80,52,1.40
2026-09-14T18:00,156,0.00,178,27.70,49,1.30
2026-09-14T18:10,140,0.00,150,27.50,51,1.40
2026-09-14T18:20,148,0.00,129,27.40,51,1.30
2026-09-14T18:30,154,0.00,84,27.30,51,1.70
2026-09-14T18:40,152,0.00,73,27.10,54,0.90
2026-09-14T18:50,117,0.00,60,26.80,54,1.00
2026-09-14T19:00,131,0.00,38,26.60,54,0.70
2026-09-14T19:10,110,0.00,15,26.20,56,1.20
2026-09-14T19:20,101,0.00,6,25.90,56,1.00
2026-09-14T19:30,84,0.00,0,25.70,56,1.00
2026-09-14T19:40,75,0.00,0,25.20,59,0.80
2026-09-14T19:50,76,0.00,0,24.60,61,0.90
2026-09-14T20:00,70,0.00,0,24.80,62,1.30
2026-09-14T20:10,82,0.00,0,24.30,63,1.00
2026-09-14T20:20,63,0.00,0,24.50,61,1.20
2026-09-14T20:30,64,0.00,0,24.70,62,1.10
2026-09-14T20:40,61,0.00,0,24.70,60,1.20
2026-09-14T20:50,75,0.00,0,24.70,59,1.30
2026-09-14T21:00,70,0.00,0,24.50,59,1.10
2026-09-14T21:10,77,0.00,0,24.20,60,1.20
2026-09-14T21:20,92,0.00,0,24.20,59,1.80
2026-09-14T21:30,105,0.00,0,23.80,62,2.40
2026-09-14T21:40,110,0.00,0,23.10,65,2.90
2026-09-14T21:50,107,0.00,0,22.60,67,2.20
2026-09-14T22:00,108,0.00,0,22.50,67,2.20
2026-09-14T22:10,108,0.00,0,22.10,67,1.80
2026-09-14T22:20,112,0.00,0,22.10,67,1.50
2026-09-14T22:30,131,0.00,0,21.70,70,0.60
2026-09-14T22:40,209,0.00,0,21.60,69,0.50
2026-09-14T22:50,188,0.00,0,22.00,65,1.50
2026-09-14T23:00,190,0.00,0,21.90,66,0.70
2026-09-14T23:10,333,0.00,0,21.60,68,0.50
2026-09-14T23:20,194,0.00,0,21.20,71,0.40
2026-09-14T23:30,,0.00,0,20.80,72,0.00
2026-09-14T23:40,,0.00,0,20.50,73,0.00
2026-09-14T23:50,11,0.00,0,20.50,74,0.50
2026-09-15T00:00,,0.00,0,20.20,75,0.00
2026-09-15T00:10,29,0.00,0,20.10,76,0.50
2026-09-15T00:20,4,0.00,0,19.90,77,0.40
2026-09-15T00:30,0,0.00,0,19.90,78,0.50
2026-09-15T00:40,330,0.00,0,19.80,79,0.70
2026-09-15T00:50,,0.00,0,19.50,81,0.00
2026-09-15T01:00,52,0.00,0,19.50,82,0.70
2026-09-15T01:10,68,0.00,0,19.70,82,0.70
2026-09-15T01:20,74,0.00,0,20.00,80,1.40
2026-09-15T01:30,74,0.00,0,20.20,79,1.50
2026-09-15T01:40,73,0.00,0,20.20,78,1.40
2026-09-15T01:50,84,0.00,0,20.30,77,1.70
2026-09-15T02:00,92,0.00,0,20.20,76,2.20
2026-09-15T02:10,90,0.00,0,20.20,76,2.30
2026-09-15T02:20,94,0.00,0,20.20,76,2.30
2026-09-15T02:30,92,0.00,0,20.20,76,2.10
2026-09-15T02:40,96,0.00,0,20.00,77,2.20
2026-09-15T02:50,99,0.00,0,19.90,78,2.30
2026-09-15T03:00,93,0.00,0,20.00,77,2.10
2026-09-15T03:10,89,0.00,0,19.90,78,1.90
2026-09-15T03:20,86,0.00,0,19.90,78,1.70
2026-09-15T03:30,84,0.00,0,19.90,78,1.60
2026-09-15T03:40,90,0.00,0,19.80,79,1.60
2026-09-15T03:50,86,0.00,0,19.80,79,1.70
2026-09-15T04:00,91,0.00,0,19.70,79,1.90
2026-09-15T04:10,90,0.00,0,19.60,80,1.60
2026-09-15T04:20,89,0.00,0,19.50,80,1.70
2026-09-15T04:30,90,0.00,0,19.50,80,1.80
2026-09-15T04:40,90,0.00,0,19.30,81,2.00
2026-09-15T04:50,86,0.00,0,19.50,80,1.90
2026-09-15T05:00,88,0.00,0,19.50,80,2.20
2026-09-15T05:10,97,0.00,0,19.20,81,2.00
2026-09-15T05:20,91,0.00,0,19.10,81,2.00
2026-09-15T05:30,96,0.00,0,19.10,81,1.80
2026-09-15T05:40,94,0.00,0,19.10,81,1.90
2026-09-15T05:50,87,0.00,0,19.20,81,1.90
2026-09-15T06:00,93,0.00,0,19.00,81,2.00
2026-09-15T06:10,94,0.00,0,19.00,81,2.10
2026-09-15T06:20,96,0.00,0,18.80,82,1.90
2026-09-15T06:30,80,0.00,0,18.80,82,1.50
2026-09-15T06:40,90,0.00,0,18.80,82,1.70
2026-09-15T06:50,97,0.00,0,18.90,82,1.90
2026-09-15T07:00,103,0.00,2,18.90,82,2.00
2026-09-15T07:10,96,0.00,10,19.10,81,2.20
2026-09-15T07:20,93,0.00,32,19.10,81,2.10
2026-09-15T07:30,95,0.00,55,19.30,80,2.20
2026-09-15T07:40,94,0.00,80,19.60,78,2.20
2026-09-15T07:50,90,0.00,108,20.10,77,1.90
2026-09-15T08:00,92,0.00,137,20.40,74,2.20
2026-09-15T08:10,87,0.00,167,20.80,73,2.00
2026-09-15T08:20,90,0.00,198,21.10,72,2.20
2026-09-15T08:30,85,0.00,228,21.70,71,1.80
2026-09-15T08:40,83,0.00,259,22.10,69,2.10
2026-09-15T08:50,81,0.00,290,22.20,70,2.20
2026-09-15T09:00,90,0.00,313,22.10,68,2.70
2026-09-15T09:10,93,0.00,377,22.40,69,2.90
2026-09-15T09:20,84,0.00,387,22.70,66,2.90
2026-09-15T09:30,90,0.00,402,22.90,65,3.10
2026-09-15T09:40,81,0.00,436,23.50,64,2.50
2026-09-15T09:50,84,0.00,455,23.70,64,2.80
2026-09-15T10:00,104,0.00,487,23.60,65,3.50
2026-09-15T10:10,90,0.00,507,24.40,62,2.60
2026-09-15T10:20,91,0.00,538,24.60,62,2.10
2026-09-15T10:30,104,0.00,564,24.70,61,2.10
2026-09-15T10:40,105,0.00,592,24.70,60,2.40
2026-09-15T10:50,110,0.00,613,25.00,62,2.50
2026-09-15T11:00,114,0.00,629,25.10,63,2.30
2026-09-15T11:10,119,0.00,645,25.60,61,2.40
2026-09-15T11:20,106,0.00,673,25.60,60,2.40
2026-09-15T11:30,125,0.00,689,26.30,62,1.40
2026-09-15T11:40,144,0.00,696,26.00,61,2.30
2026-09-15T11:50,125,0.00,736,26.20,60,1.80
2026-09-15T12:00,142,0.00,733,26.20,58,2.10
2026-09-15T12:10,119,0.00,767,25.60,60,2.00
2026-09-15T12:20,138,0.00,741,26.50,56,1.90
2026-09-15T12:30,148,0.00,764,26.80,56,1.90
2026-09-15T12:40,166,0.00,763,26.90,56,1.90
2026-09-15T12:50,136,0.00,779,26.60,53,1.50
2026-09-15T13:00,153,0.00,756,27.40,51,1.00
2026-09-15T13:10,139,0.00,796,27.90,49,1.10
2026-09-15T13:20,193,0.00,787,28.00,51,2.70
2026-09-15T13:30,195,0.00,799,27.60,53,1.90
2026-09-15T13:40,106,1.00,795,27.10,52,1.20
2026-09-15T13:50,175,0.00,786,27.70,50,1.30
2026-09-15T14:00,21,0.00,766,27.60,49,0.90
2026-09-15T14:10,59,0.00,710,27.60,50,0.80
2026-09-15T14:20,119,0.00,722,27.30,47,1.80
2026-09-15T14:30,59,0.00,727,28.00,47,0.70
2026-09-15T14:40,191,0.00,713,27.90,48,1.30
2026-09-15T14:50,186,0.00,684,27.90,47,2.60
2026-09-15T15:00,199,0.00,646,27.80,48,2.40
2026-09-15T15:10,181,0.00,626,27.60,50,1.70
2026-09-15T15:20,211,0.00,617,28.00,48,1.70
2026-09-15T15:30,225,0.00,596,28.60,51,1.10
2026-09-15T15:40,222,0.00,579,28.50,45,2.30
2026-09-15T15:50,230,0.00,584,28.50,45,2.20
2026-09-15T16:00,253,0.00,537,28.90,44,2.20
2026-09-15T16:10,231,0.00,495,29.10,44,1.60
2026-09-15T16:20,197,0.00,247,28.50,45,1.50
2026-09-15T16:30,198,0.00,435,28.40,46,1.40
2026-09-15T16:40,199,0.00,402,28.70,45,1.50
2026-09-15T16:50,247,0.00,364,28.80,44,1.20
2026-09-15T17:00,226,0.00,206,28.60,43,1.20
2026-09-15T17:10,254,0.00,79,28.60,43,1.40
2026-09-15T17:20,261,0.00,278,28.50,45,1.50
2026-09-15T17:30,245,0.00,258,28.20,47,1.20
2026-09-15T17:40,241,0.00,234,28.20,46,1.50
2026-09-15T17:50,233,0.00,200,28.00,46,0.90
2026-09-15T18:00,250,0.00,171,27.90,46,1.50
2026-09-15T18:10,272,0.00,143,27.70,47,1.20
2026-09-15T18:20,222,0.00,114,27.60,46,1.40
2026-09-15T18:30,197,0.00,89,27.40,47,1.30
2026-09-15T18:40,190,0.00,66,27.30,48,1.30
2026-09-15T18:50,187,0.00,44,27.10,47,1.00
2026-09-15T19:00,146,0.00,25,26.70,48,0.70
2026-09-15T19:10,158,0.00,10,26.30,51,0.80
2026-09-15T19:20,146,0.00,2,25.80,54,0.80
2026-09-15T19:30,117,0.00,0,25.20,55,0.50
2026-09-15T19:40,,0.00,0,24.60,58,0.00
2026-09-15T19:50,,0.00,0,24.10,58,0.00
2026-09-15T20:00,,0.00,0,23.60,60,0.00
2026-09-15T20:10,,0.00,0,23.40,63,0.00
2026-09-15T20:20,52,0.00,0,23.30,63,0.40
2026-09-15T20:30,69,0.00,0,23.10,64,0.80
2026-09-15T20:40,75,0.00,0,22.80,67,0.90
2026-09-15T20:50,49,0.00,0,22.50,67,0.70
2026-09-15T21:00,62,0.00,0,22.50,66,0.80
2026-09-15T21:10,58,0.00,0,22.20,70,0.90
2026-09-15T21:20,74,0.00,0,22.30,67,1.40
2026-09-15T21:30,89,0.00,0,22.50,70,1.30
2026-09-15T21:40,104,0.00,0,22.90,65,2.00
2026-09-15T21:50,103,0.00,0,23.00,65,2.10
2026-09-15T22:00,105,0.00,0,22.80,66,2.10
2026-09-15T22:10,107,0.00,0,22.40,68,2.30
2026-09-15T22:20,119,0.00,0,22.00,70,1.00
2026-09-15T22:30,200,0.00,0,21.70,71,0.50
2026-09-15T22:40,140,0.00,0,21.90,68,1.20
2026-09-15T22:50,127,0.00,0,22.10,65,1.90
2026-09-15T23:00,121,0.00,0,22.00,66,2.10
2026-09-15T23:10,112,0.00,0,21.60,68,2.00
2026-09-15T23:20,121,0.00,0,21.60,68,1.50
2026-09-15T23:30,116,0.00,0,21.50,67,0.90
2026-09-15T23:40,100,0.00,0,21.50,68,1.80
2026-09-15T23:50,100,0.00,0,21.30,68,1.50
2026-09-16T00:00,75,0.00,0,21.20,69,1.10
2026-09-16T00:10,72,0.00,0,20.90,70,0.80
2026-09-16T00:20,78,0.00,0,20.60,71,1.00
2026-09-16T00:30,84,0.00,0,20.30,73,1.00
2026-09-16T00:40,65,0.00,0,20.10,75,0.90
2026-09-16T00:50,87,0.00,0,19.90,75,1.20
2026-09-16T01:00,80,0.00,0,19.90,76,1.60
2026-09-16T01:10,79,0.00,0,19.80,76,1.30
2026-09-16T01:20,85,0.00,0,19.80,76,1.10
2026-09-16T01:30,93,0.00,0,19.70,77,1.20
2026-09-16T01:40,87,0.00,0,19.70,77,1.50
2026-09-16T01:50,93,0.00,0,19.60,77,1.60
2026-09-16T02:00,87,0.00,0,19.70,76,1.80
2026-09-16T02:10,84,0.00,0,19.80,75,1.70
2026-09-16T02:20,86,0.00,0,19.70,76,1.30
2026-09-16T02:30,87,0.00,0,19.60,75,1.50
2026-09-16T02:40,78,0.00,0,19.70,75,1.90
2026-09-16T02:50,79,0.00,0,19.80,75,1.80
2026-09-16T03:00,87,0.00,0,19.90,76,1.80
2026-09-16T03:10,86,0.00,0,19.90,76,2.10
2026-09-16T03:20,87,0.00,0,19.80,76,2.00
2026-09-16T03:30,84,0.00,0,19.70,77,1.60
2026-09-16T03:40,82,0.00,0,19.60,78,1.50
2026-09-16T03:50,87,0.00,0,19.40,78,1.40
2026-09-16T04:00,84,0.00,0,19.20,79,1.50
2026-09-16T04:10,83,0.00,0,19.10,79,1.00
2026-09-16T04:20,79,0.00,0,19.00,79,1.20
2026-09-16T04:30,74,0.00,0,19.10,79,1.30
2026-09-16T04:40,90,0.00,0,19.00,79,1.70
2026-09-16T04:50,88,0.00,0,19.00,79,1.60
2026-09-16T05:00,87,0.00,0,19.10,79,1.70
2026-09-16T05:10,87,0.00,0,19.10,78,2.10
2026-09-16T05:20,80,0.00,0,19.00,79,1.80
2026-09-16T05:30,70,0.00,0,18.80,80,1.60
2026-09-16T05:40,78,0.00,0,18.70,80,1.60
2026-09-16T05:50,78,0.00,0,18.70,80,1.70
2026-09-16T06:00,85,0.00,0,18.50,80,1.60
2026-09-16T06:10,90,0.00,0,18.50,80,1.70
2026-09-16T06:20,90,0.00,0,18.50,80,1.80
2026-09-16T06:30,89,0.00,0,18.60,80,1.90
2026-09-16T06:40,85,0.00,0,18.60,80,1.60
2026-09-16T06:50,74,0.00,0,18.40,80,1.40
2026-09-16T07:00,73,0.00,2,18.40,80,1.40
2026-09-16T07:10,88,0.00,10,18.30,80,1.50
2026-09-16T07:20,86,0.00,26,18.40,79,1.50
2026-09-16T07:30,81,0.00,45,18.60,80,1.40
2026-09-16T07:40,85,0.00,67,18.80,79,1.10
2026-09-16T07:50,83,0.00,91,19.10,78,1.20
2026-09-16T08:00,88,0.00,118,19.40,76,1.40
2026-09-16T08:10,77,0.00,146,19.60,76,1.40
2026-09-16T08:20,85,0.00,174,19.90,75,1.60
2026-09-16T08:30,94,0.00,209,20.40,74,1.20
2026-09-16T08:40,84,0.00,265,20.90,71,1.30
2026-09-16T08:50,91,0.00,319,21.30,71,1.70
2026-09-16T09:00,107,0.00,396,21.80,68,2.30
2026-09-16T09:10,108,0.00,428,21.80,66,2.20
2026-09-16T09:20,100,0.00,221,21.70,67,2.00
2026-09-16T09:30,109,0.00,234,22.00,67,1.50
2026-09-16T09:40,122,0.00,269,22.60,65,1.50
2026-09-16T09:50,109,0.00,300,22.70,63,1.80
2026-09-16T10:00,111,0.00,270,22.90,62,2.00
2026-09-16T10:10,125,0.00,324,23.30,63,1.70
2026-09-16T10:20,119,0.00,309,23.50,61,1.70
2026-09-16T10:30,106,0.00,393,23.80,60,1.70
2026-09-16T10:40,102,0.00,521,24.00,59,1.60
2026-09-16T10:50,117,0.00,551,24.30,59,1.90
2026-09-16T11:00,120,0.00,575,25.00,56,2.10
2026-09-16T11:10,108,0.00,611,24.50,56,2.20
2026-09-16T11:20,116,0.00,624,25.20,56,1.70
2026-09-16T11:30,110,0.00,643,25.60,56,1.80
2026-09-16T11:40,129,0.00,660,25.70,53,1.80
2026-09-16T11:50,168,0.00,672,26.10,53,1.80
2026-09-16T12:00,190,0.00,682,26.30,53,2.50
2026-09-16T12:10,192,0.00,695,26.50,54,2.00
2026-09-16T12:20,194,0.00,699,26.40,54,2.50
2026-09-16T12:30,185,0.00,709,26.70,52,2.40
2026-09-16T12:40,181,0.00,713,26.80,53,2.50
2026-09-16T12:50,196,0.00,720,27.30,52,3.00
2026-09-16T13:00,177,0.00,729,27.10,51,2.30
2026-09-16T13:10,191,0.00,716,27.70,52,2.20
2026-09-16T13:20,198,0.00,725,27.30,50,2.80
2026-09-16T13:30,199,0.00,717,27.30,51,2.50
2026-09-16T13:40,204,0.00,709,27.50,52,2.40
2026-09-16T13:50,218,0.00,693,28.10,49,2.10
2026-09-16T14:00,206,0.00,690,28.10,49,2.10
2026-09-16T14:10,211,0.00,695,27.80,50,2.30
2026-09-16T14:20,224,0.00,681,28.60,46,1.90
2026-09-16T14:30,194,0.00,671,28.20,52,0.90
2026-09-16T14:40,243,0.00,655,28.40,48,1.20
2026-09-16T14:50,189,0.00,680,28.50,47,1.90
2026-09-16T15:00,190,0.00,574,28.60,48,0.60
2026-09-16T15:10,234,0.00,771,29.30,46,1.70
2026-09-16T15:20,205,0.00,748,28.80,45,2.10
2026-09-16T15:30,224,0.00,739,29.40,47,1.70
2026-09-16T15:40,249,0.00,706,29.40,43,1.30
2026-09-16T15:50,196,0.00,614,29.70,45,0.90
2026-09-16T16:00,256,0.00,530,29.80,43,1.40
2026-09-16T16:10,214,0.00,483,29.50,43,0.60
2026-09-16T16:20,197,0.00,445,29.10,44,1.00
2026-09-16T16:30,208,0.00,427,29.20,44,1.30
2026-09-16T16:40,188,0.00,390,29.00,42,1.00
2026-09-16T16:50,240,0.00,365,29.20,46,0.90
2026-09-16T17:00,223,0.00,216,29.40,44,1.30
2026-09-16T17:10,178,0.00,118,28.90,44,1.20
2026-09-16T17:20,190,0.00,283,28.60,46,1.50
2026-09-16T17:30,176,0.00,264,28.40,48,1.60
2026-09-16T17:40,294,0.00,208,28.60,48,0.80
2026-09-16T17:50,127,0.00,209,28.40,46,0.30
2026-09-16T18:00,153,0.00,114,28.40,47,1.10
2026-09-16T18:10,180,0.00,170,28.20,47,1.70
2026-09-16T18:20,163,0.00,119,28.20,47,0.70
2026-09-16T18:30,147,0.00,77,28.00,49,0.80
2026-09-16T18:40,139,0.00,44,27.80,50,0.90
2026-09-16T18:50,116,0.00,26,27.40,50,1.00
2026-09-16T19:00,117,0.00,12,27.30,50,0.80
2026-09-16T19:10,149,0.00,2,27.30,53,0.70
2026-09-16T19:20,186,0.00,0,27.10,51,0.70
2026-09-16T19:30,174,0.00,0,27.00,53,0.40
2026-09-16T19:40,,0.00,0,26.50,56,0.00
2026-09-16T19:50,,0.00,0,26.30,57,0.00
2026-09-16T20:00,97,0.00,0,26.10,57,0.50
2026-09-16T20:10,105,0.00,0,25.90,60,2.80
2026-09-16T20:20,109,0.00,0,25.40,63,2.40
2026-09-16T20:30,106,0.00,0,25.20,64,2.90
2026-09-16T20:40,109,0.00,0,25.00,66,2.60
2026-09-16T20:50,101,0.00,0,24.80,66,2.70
2026-09-16T21:00,106,0.00,0,24.60,67,2.50
2026-09-16T21:10,115,0.00,0,24.70,66,1.80
2026-09-16T21:20,124,0.00,0,24.60,67,1.40
2026-09-16T21:30,160,0.00,0,24.50,67,0.70
2026-09-16T21:40,159,0.00,0,24.40,67,0.70
2026-09-16T21:50,147,0.00,0,24.50,66,0.80
2026-09-16T22:00,188,0.00,0,24.30,66,0.80
2026-09-16T22:10,192,0.00,0,24.20,65,1.00
2026-09-16T22:20,153,0.00,0,24.10,66,1.00
2026-09-16T22:30,190,0.00,0,24.00,66,0.90
2026-09-16T22:40,172,0.00,0,23.90,66,0.80
2026-09-16T22:50,120,0.00,0,23.70,67,1.40
2026-09-16T23:00,140,0.00,0,23.70,67,0.70
2026-09-16T23:10,163,0.00,0,23.70,67,0.50
2026-09-16T23:20,184,0.00,0,23.60,67,0.80
2026-09-16T23:30,174,0.00,0,23.50,67,0.90
2026-09-16T23:40,228,0.00,0,23.30,68,0.50
2026-09-16T23:50,132,0.00,0,23.00,69,0.30
2026-09-17T00:00,106,0.00,0,22.70,73,1.00
2026-09-17T00:10,113,0.00,0,22.40,75,0.90
2026-09-17T00:20,101,0.00,0,22.10,77,1.80
2026-09-17T00:30,108,0.00,0,22.00,79,2.80
2026-09-17T00:40,112,0.00,0,21.90,79,2.30
2026-09-17T00:50,93,0.00,0,21.80,79,1.60
2026-09-17T01:00,97,0.00,0,21.70,80,1.40
2026-09-17T01:10,90,0.00,0,21.80,80,2.10
2026-09-17T01:20,92,0.00,0,21.80,80,2.00
2026-09-17T01:30,85,0.00,0,21.70,80,1.60
2026-09-17T01:40,98,0.00,0,21.80,80,2.30
2026-09-17T01:50,78,0.00,0,21.90,79,1.70
2026-09-17T02:00,74,0.00,0,21.70,80,1.80
2026-09-17T02:10,86,0.00,0,21.70,80,2.00
2026-09-17T02:20,89,0.00,0,21.50,80,2.10
2026-09-17T02:30,92,0.00,0,21.30,81,1.60
2026-09-17T02:40,112,0.00,0,21.20,81,1.60
2026-09-17T02:50,103,0.00,0,21.10,81,1.80
2026-09-17T03:00,110,0.00,0,21.20,81,1.70
2026-09-17T03:10,112,0.00,0,21.20,82,1.00
2026-09-17T03:20,189,0.00,0,21.10,82,0.40
2026-09-17T03:30,198,0.00,0,21.10,82,0.80
2026-09-17T03:40,201,0.00,0,21.30,81,0.70
2026-09-17T03:50,236,0.00,0,21.20,82,0.60
2026-09-17T04:00,181,0.00,0,21.20,81,0.50
2026-09-17T04:10,132,0.00,0,21.00,82,0.40
2026-09-17T04:20,,0.00,0,20.90,82,0.00
2026-09-17T04:30,290,0.00,0,20.80,83,0.50
2026-09-17T04:40,87,0.00,0,21.10,81,0.60
2026-09-17T04:50,86,0.00,0,21.20,81,1.40
2026-09-17T05:00,53,0.00,0,21.00,82,0.90
2026-09-17T05:10,25,0.00,0,20.70,83,0.50
2026-09-17T05:20,43,0.00,0,20.80,83,0.80
2026-09-17T05:30,31,0.00,0,20.70,83,0.90
2026-09-17T05:40,66,0.00,0,20.70,83,0.90
2026-09-17T05:50,61,0.00,0,20.50,84,0.90
2026-09-17T06:00,35,0.00,0,20.40,85,0.70
2026-09-17T06:10,54,0.00,0,20.50,85,1.00
2026-09-17T06:20,69,0.00,0,20.60,84,1.20
2026-09-17T06:30,82,0.00,0,20.70,84,1.30
2026-09-17T06:40,94,0.00,0,20.90,83,1.30
2026-09-17T06:50,99,0.00,0,21.00,82,1.60
2026-09-17T07:00,90,0.00,0,21.10,81,1.90
2026-09-17T07:10,71,0.00,1,21.10,82,1.30
2026-09-17T07:20,56,0.00,6,21.00,82,1.40
2026-09-17T07:30,78,0.00,7,21.00,82,1.30
2026-09-17T07:40,73,0.00,0,21.10,82,1.30
2026-09-17T07:50,61,0.00,0,21.00,83,1.60
2026-09-17T08:00,39,0.00,1,20.90,84,1.70
2026-09-17T08:10,54,0.00,1,20.80,83,1.70
2026-09-17T08:20,62,0.60,4,20.40,86,1.50
2026-09-17T08:30,291,0.20,4,19.80,90,0.70
2026-09-17T08:40,77,0.00,10,20.00,88,1.30
2026-09-17T08:50,100,0.00,15,19.90,90,2.00
2026-09-17T09:00,,0.00,39,19.70,90,
2026-09-17T09:10,326,0.00,2,19.60,92,1.50
2026-09-17T09:20,21,4.40,16,19.00,94,1.30
2026-09-17T09:30,95,0.40,32,18.60,93,0.70
2026-09-17T09:40,110,0.00,44,18.30,94,2.20
2026-09-17T09:50,92,0.00,48,18.30,94,2.40
2026-09-17T10:00,49,0.20,46,18.20,93,1.80
2026-09-17T10:10,74,0.00,31,17.90,93,2.10
2026-09-17T10:20,58,0.00,20,17.80,93,2.00
2026-09-17T10:30,69,0.00,27,17.70,92,2.10
2026-09-17T10:40,89,0.00,29,17.60,92,2.60
2026-09-17T10:50,104,0.00,24,17.40,94,4.00
2026-09-17T11:00,107,0.00,16,17.40,94,2.90
2026-09-17T11:10,108,0.00,13,17.50,93,3.10
2026-09-17T11:20,98,0.20,5,17.60,93,2.20
2026-09-17T11:30,64,0.20,18,17.70,94,0.80
2026-09-17T11:40,105,0.20,20,17.70,95,1.90
2026-09-17T11:50,106,0.00,19,17.70,96,1.70
2026-09-17T12:00,79,0.20,31,17.80,95,1.10
2026-09-17T12:10,126,0.00,123,18.00,96,1.50
2026-09-17T12:20,122,0.00,164,18.20,95,1.90
2026-09-17T12:30,128,0.00,123,18.30,95,1.60
2026-09-17T12:40,155,0.00,138,18.40,95,1.70
2026-09-17T12:50,136,0.00,157,18.50,94,1.40
2026-09-17T13:00,131,0.00,205,18.60,92,1.50
2026-09-17T13:10,149,0.00,358,18.90,92,1.70
2026-09-17T13:20,148,0.00,341,19.10,90,1.70
2026-09-17T13:30,126,0.00,475,19.50,87,2.00
2026-09-17T13:40,93,0.00,755,20.30,89,2.20
2026-09-17T13:50,94,0.00,363,19.70,86,2.90
2026-09-17T14:00,92,0.00,168,19.80,86,2.70
2026-09-17T14:10,80,0.00,235,19.70,87,2.70
2026-09-17T14:20,85,0.00,118,19.70,84,2.10
2026-09-17T14:30,81,0.20,193,19.50,87,2.00
2026-09-17T14:40,92,0.00,284,19.80,90,2.10
2026-09-17T14:50,99,0.00,267,19.60,89,3.10
2026-09-17T15:00,91,0.00,200,19.80,88,2.50
2026-09-17T15:10,104,0.00,114,19.60,87,2.90
2026-09-17T15:20,117,0.00,118,19.70,86,2.40
2026-09-17T15:30,121,0.00,184,19.80,88,2.20
2026-09-17T15:40,108,0.20,214,19.90,86,2.10
2026-09-17T15:50,96,0.00,242,20.00,88,2.30
2026-09-17T16:00,96,0.00,244,20.00,87,2.30
2026-09-17T16:10,98,0.00,142,20.00,88,2.60
2026-09-17T16:20,103,0.00,188,20.10,88,3.10
2026-09-17T16:30,107,0.00,558,20.30,87,2.80
2026-09-17T16:40,106,0.00,228,20.90,84,2.50
2026-09-17T16:50,107,0.00,220,20.70,85,2.40
2026-09-17T17:00,103,0.00,335,20.60,85,2.70
2026-09-17T17:10,101,0.00,196,20.70,86,2.70
2026-09-17T17:20,94,0.00,287,20.80,85,2.50
2026-09-17T17:30,103,0.00,297,20.80,85,2.90
2026-09-17T17:40,93,0.00,222,20.80,85,2.90
2026-09-17T17:50,83,0.00,202,20.70,83,2.60
2026-09-17T18:00,96,0.00,164,20.60,83,2.90
2026-09-17T18:10,101,0.00,142,20.40,83,3.00
2026-09-17T18:20,90,0.00,95,20.10,84,3.30
2026-09-17T18:30,92,0.00,49,20.00,84,3.00
2026-09-17T18:40,97,0.00,35,19.90,85,2.40
2026-09-17T18:50,96,0.00,28,19.90,86,2.40
2026-09-17T19:00,99,0.00,18,19.60,86,2.30
2026-09-17T19:10,101,0.00,6,19.50,86,2.30
2026-09-17T19:20,99,0.00,0,19.60,86,2.50
2026-09-17T19:30,99,0.00,0,19.50,86,2.20
2026-09-17T19:40,90,0.00,0,19.60,85,2.20
2026-09-17T19:50,97,0.00,0,19.50,86,2.40
2026-09-17T20:00,95,0.00,0,19.40,86,2.50
2026-09-17T20:10,98,0.00,0,19.50,86,2.60
2026-09-17T20:20,105,0.00,0,19.50,87,2.10
2026-09-17T20:30,103,0.00,0,19.50,86,2.10
2026-09-17T20:40,104,0.00,0,19.60,87,2.40
2026-09-17T20:50,104,0.00,0,19.70,86,2.60
2026-09-17T21:00,101,0.00,0,19.60,86,2.70
2026-09-17T21:10,105,0.00,0,19.60,86,2.30
2026-09-17T21:20,100,0.00,0,19.50,86,2.40
2026-09-17T21:30,105,0.00,0,19.50,86,2.10
2026-09-17T21:40,108,0.00,0,19.60,85,2.10
2026-09-17T21:50,104,0.00,0,19.70,84,2.30
2026-09-17T22:00,102,0.00,0,19.70,84,2.80
2026-09-17T22:10,103,0.00,0,19.70,83,2.50
2026-09-17T22:20,107,0.00,0,19.80,83,2.20
2026-09-17T22:30,104,0.00,0,19.80,83,2.10
2026-09-17T22:40,105,0.00,0,19.80,84,1.90
2026-09-17T22:50,96,0.00,0,19.80,84,2.40
2026-09-17T23:00,93,0.00,0,19.80,84,2.20
2026-09-17T23:10,93,0.00,0,19.90,85,2.50
2026-09-17T23:20,98,0.00,0,19.80,87,2.40
2026-09-17T23:30,102,0.00,0,19.80,87,2.60
2026-09-17T23:40,95,0.00,0,19.90,87,2.40
2026-09-17T23:50,93,0.00,0,19.90,87,2.60
2026-09-18T00:00,92,0.00,0,19.90,87,2.20
2026-09-18T00:10,88,0.00,0,19.90,87,1.80
2026-09-18T00:20,92,0.00,0,19.90,87,2.00
2026-09-18T00:30,96,0.00,0,19.90,86,2.50
2026-09-18T00:40,94,0.00,0,19.80,86,2.50
2026-09-18T00:50,85,0.00,0,19.90,86,2.20
2026-09-18T01:00,90,0.00,0,19.80,86,1.90
2026-09-18T01:10,81,0.00,0,19.90,86,1.70
2026-09-18T01:20,72,0.00,0,19.80,85,1.40
2026-09-18T01:30,74,0.00,0,19.90,86,1.60
2026-09-18T01:40,77,0.00,0,19.90,85,1.70
2026-09-18T01:50,91,0.00,0,19.90,85,2.10
2026-09-18T02:00,86,0.00,0,19.90,85,2.10
2026-09-18T02:10,92,0.00,0,19.90,85,2.50
2026-09-18T02:20,91,0.00,0,19.80,85,2.10
2026-09-18T02:30,94,0.00,0,19.80,85,2.70
2026-09-18T02:40,95,0.00,0,19.80,85,2.50
2026-09-18T02:50,91,0.00,0,19.70,85,2.40
2026-09-18T03:00,86,0.00,0,19.50,86,2.70
2026-09-18T03:10,91,0.00,0,19.40,88,2.70
2026-09-18T03:20,97,0.00,0,19.30,87,2.80
2026-09-18T03:30,90,0.00,0,19.20,88,2.90
2026-09-18T03:40,90,0.00,0,19.00,88,2.90
2026-09-18T03:50,89,0.00,0,18.90,88,2.90
2026-09-18T04:00,91,0.00,0,18.80,87,3.20
2026-09-18T04:10,96,0.00,0,18.80,88,2.60
2026-09-18T04:20,99,0.00,0,18.70,87,2.50
2026-09-18T04:30,103,0.00,0,18.70,84,2.80
2026-09-18T04:40,99,0.00,0,18.50,84,2.50
2026-09-18T04:50,99,0.00,0,18.50,84,2.50
2026-09-18T05:00,98,0.00,0,18.40,84,2.40
2026-09-18T05:10,102,0.00,0,18.30,84,2.50
2026-09-18T05:20,103,0.00,0,18.00,85,2.50
2026-09-18T05:30,106,0.00,0,17.80,87,2.10
2026-09-18T05:40,106,0.00,0,17.80,88,2.10
2026-09-18T05:50,108,0.00,0,17.80,85,2.50
2026-09-18T06:00,101,0.00,0,17.90,85,2.40
2026-09-18T06:10,104,0.00,0,17.60,86,2.40
2026-09-18T06:20,105,0.00,0,17.70,84,2.40
2026-09-18T06:30,97,0.00,0,17.60,84,2.40
2026-09-18T06:40,99,0.00,0,17.60,84,2.30
2026-09-18T06:50,102,0.00,0,17.50,85,2.00
2026-09-18T07:00,98,0.00,0,17.60,85,1.80
2026-09-18T07:10,102,0.00,4,17.70,84,1.80
2026-09-18T07:20,106,0.00,24,17.90,83,1.80
2026-09-18T07:30,106,0.00,27,17.80,82,2.30
2026-09-18T07:40,108,0.00,55,17.80,82,2.30
2026-09-18T07:50,104,0.00,58,18.30,80,1.90
2026-09-18T08:00,117,0.00,98,18.50,78,1.70
2026-09-18T08:10,115,0.00,90,18.60,80,1.80
2026-09-18T08:20,156,0.00,79,18.70,78,1.20
2026-09-18T08:30,165,0.00,87,18.90,78,1.30
2026-09-18T08:40,168,0.00,107,19.00,74,2.20
2026-09-18T08:50,184,0.00,342,19.40,77,1.40
2026-09-18T09:00,134,0.00,303,20.10,71,0.90
2026-09-18T09:10,110,0.00,335,19.90,72,2.10
2026-09-18T09:20,112,0.00,316,20.60,71,1.90
2026-09-18T09:30,124,0.00,399,20.60,70,2.20
2026-09-18T09:40,121,0.00,416,21.20,68,1.80
2026-09-18T09:50,103,0.00,490,21.90,67,1.00
2026-09-18T10:00,118,0.00,239,21.00,69,2.10
2026-09-18T10:10,115,0.00,253,20.80,70,2.30
2026-09-18T10:20,100,0.00,313,20.80,68,2.90
2026-09-18T10:30,110,0.00,774,21.30,67,2.30
2026-09-18T10:40,116,0.00,679,22.30,67,2.30
2026-09-18T10:50,89,0.00,594,22.20,67,2.50
2026-09-18T11:00,103,0.00,617,22.50,67,2.60
2026-09-18T11:10,113,0.00,646,22.60,66,2.90
2026-09-18T11:20,122,0.00,690,22.70,65,2.60
2026-09-18T11:30,107,0.00,486,22.60,64,2.50
2026-09-18T11:40,74,0.00,724,22.80,65,2.40
2026-09-18T11:50,109,0.00,737,23.00,66,2.50
2026-09-18T12:00,111,0.00,721,23.10,65,2.60
2026-09-18T12:10,111,0.00,715,23.40,65,2.20
2026-09-18T12:20,119,0.00,727,23.60,66,2.00
2026-09-18T12:30,137,0.00,783,24.00,65,2.50
2026-09-18T12:40,136,0.00,784,23.60,64,2.00
2026-09-18T12:50,95,0.00,782,23.50,66,2.40
2026-09-18T13:00,106,0.00,747,23.80,65,2.40
2026-09-18T13:10,117,0.00,187,24.10,63,2.10
2026-09-18T13:20,87,0.00,784,24.00,64,2.80
2026-09-18T13:30,94,0.00,204,23.80,65,2.40
2026-09-18T13:40,112,0.00,818,24.70,64,2.20
2026-09-18T13:50,134,0.00,154,24.20,62,2.20
2026-09-18T14:00,106,0.00,816,24.60,63,2.00
2026-09-18T14:10,102,0.00,229,24.20,63,2.60
2026-09-18T14:20,100,0.00,483,24.80,61,2.20
2026-09-18T14:30,98,0.00,217,24.70,60,2.00
2026-09-18T14:40,111,0.00,164,24.20,62,2.10
2026-09-18T14:50,115,0.00,667,24.90,62,1.10
2026-09-18T15:00,151,0.00,172,24.80,60,1.80
2026-09-18T15:10,119,0.00,222,25.00,59,1.50
2026-09-18T15:20,74,0.00,146,24.80,60,1.70
2026-09-18T15:30,41,0.00,450,24.50,60,1.60
2026-09-18T15:40,46,0.00,566,25.20,59,1.30
2026-09-18T15:50,101,0.00,532,25.30,56,1.70
2026-09-18T16:00,89,0.00,518,25.50,59,2.20
2026-09-18T16:10,97,0.00,486,25.30,58,1.60
2026-09-18T16:20,116,0.00,454,25.60,59,1.50
2026-09-18T16:30,109,0.00,428,25.50,58,1.80
2026-09-18T16:40,143,0.00,401,25.90,57,2.20
2026-09-18T16:50,143,0.00,370,25.60,58,1.90
2026-09-18T17:00,127,0.00,96,25.50,57,1.90
2026-09-18T17:10,116,0.00,66,24.90,59,2.00
2026-09-18T17:20,103,0.00,58,24.70,59,2.10
2026-09-18T17:30,103,0.00,88,24.70,60,2.10
2026-09-18T17:40,98,0.00,187,24.90,60,2.30
2026-09-18T17:50,98,0.00,193,25.10,60,2.50
2026-09-18T18:00,98,0.00,172,25.10,59,2.50
2026-09-18T18:10,83,0.00,79,25.00,59,1.90
2026-09-18T18:20,94,0.00,49,24.80,59,2.20
2026-09-18T18:30,92,0.00,42,24.50,62,1.90
2026-09-18T18:40,95,0.00,56,24.40,62,2.10
2026-09-18T18:50,79,0.00,33,24.30,62,1.30
2026-09-18T19:00,86,0.00,14,24.10,63,1.70
2026-09-18T19:10,98,0.00,12,23.90,64,1.70
2026-09-18T19:20,110,0.00,3,23.80,65,2.10
2026-09-18T19:30,136,0.00,0,23.20,71,2.70
2026-09-18T19:40,134,0.00,0,22.80,72,2.40
2026-09-18T19:50,119,0.00,0,22.50,73,2.00
2026-09-18T20:00,140,0.00,0,22.40,74,2.00
2026-09-18T20:10,180,0.00,0,22.20,75,2.00
2026-09-18T20:20,175,0.00,0,22.10,74,1.80
2026-09-18T20:30,171,0.00,0,21.80,75,1.40
2026-09-18T20:40,166,0.00,0,21.70,75,1.40
2026-09-18T20:50,179,0.00,0,21.60,76,2.10
2026-09-18T21:00,152,0.00,0,21.40,77,1.70
2026-09-18T21:10,154,0.00,0,21.50,77,1.50
2026-09-18T21:20,139,0.00,0,21.40,78,1.30
2026-09-18T21:30,163,0.00,0,21.30,78,1.30
2026-09-18T21:40,122,0.00,0,21.40,78,0.90
2026-09-18T21:50,81,0.00,0,21.20,79,0.80
2026-09-18T22:00,46,0.00,0,21.10,80,1.00
2026-09-18T22:10,6,0.00,0,20.70,82,0.70
2026-09-18T22:20,358,0.00,0,20.30,84,0.60
2026-09-18T22:30,,0.00,0,20.00,85,0.00
2026-09-18T22:40,56,0.00,0,20.00,85,0.90
2026-09-18T22:50,83,0.00,0,20.10,84,1.50
2026-09-18T23:00,91,0.00,0,20.20,83,1.80
2026-09-18T23:10,74,0.00,0,20.10,84,1.80
2026-09-18T23:20,46,0.00,0,20.00,85,1.00
2026-09-18T23:30,29,0.00,0,19.80,86,0.70
2026-09-18T23:40,46,0.00,0,19.60,87,1.20
2026-09-18T23:50,54,0.00,0,19.50,88,1.20
2026-09-19T00:00,136,0.00,0,19.20,89,0.60
2026-09-19T00:10,141,0.00,0,18.90,91,0.50
2026-09-19T00:20,96,0.00,0,18.60,91,0.30
2026-09-19T00:30,51,0.00,0,18.30,92,0.40
2026-09-19T00:40,69,0.00,0,18.80,92,0.90
2026-09-19T00:50,47,0.00,0,19.20,91,1.10
2026-09-19T01:00,41,0.00,0,19.30,90,1.30
2026-09-19T01:10,76,0.00,0,19.20,90,0.90
2026-09-19T01:20,54,0.00,0,19.10,90,0.50
2026-09-19T01:30,205,0.00,0,18.90,92,0.40
2026-09-19T01:40,355,0.00,0,18.90,92,0.50
2026-09-19T01:50,35,0.00,0,19.20,89,1.20
2026-09-19T02:00,33,0.00,0,19.40,89,1.20
2026-09-19T02:10,41,0.00,0,19.20,89,1.10
2026-09-19T02:20,42,0.00,0,19.10,90,1.10
2026-09-19T02:30,49,0.00,0,19.00,90,0.70
2026-09-19T02:40,,0.00,0,18.70,91,0.00
2026-09-19T02:50,,0.00,0,18.60,93,0.00
2026-09-19T03:00,131,0.00,0,18.50,92,0.30
2026-09-19T03:10,59,0.00,0,18.80,91,0.90
2026-09-19T03:20,58,0.00,0,19.00,89,1.00
2026-09-19T03:30,63,0.00,0,19.10,89,0.70
2026-09-19T03:40,69,0.00,0,19.00,88,0.80
2026-09-19T03:50,65,0.00,0,19.20,87,0.60
2026-09-19T04:00,,0.00,0,18.70,88,0.00
2026-09-19T04:10,,0.00,0,18.20,91,0.00
2026-09-19T04:20,315,0.00,0,17.80,94,0.40
2026-09-19T04:30,270,0.00,0,17.40,95,0.50
2026-09-19T04:40,,0.00,0,17.30,95,0.00
2026-09-19T04:50,345,0.00,0,17.30,96,0.60
2026-09-19T05:00,4,0.00,0,17.20,96,0.50
2026-09-19T05:10,,0.00,0,17.10,96,0.00
2026-09-19T05:20,,0.00,0,17.10,96,0.00
2026-09-19T05:30,,0.00,0,17.00,96,0.00
2026-09-19T05:40,230,0.00,0,17.00,96,0.80
2026-09-19T05:50,270,0.00,0,17.10,97,0.60
2026-09-19T06:00,270,0.00,0,17.00,97,0.70
2026-09-19T06:10,235,0.00,0,17.20,97,0.80
2026-09-19T06:20,261,0.00,0,16.90,97,1.10
2026-09-19T06:30,263,0.00,0,17.30,98,0.80
2026-09-19T06:40,286,0.00,0,17.50,98,1.30
2026-09-19T06:50,243,0.00,0,17.50,98,1.00
2026-09-19T07:00,231,0.00,0,17.70,98,1.30
2026-09-19T07:10,269,0.00,3,17.50,98,1.10
2026-09-19T07:20,275,0.00,13,17.70,98,1.20
2026-09-19T07:30,246,0.00,40,17.80,98,0.80
2026-09-19T07:40,224,0.00,69,18.00,98,0.90
2026-09-19T07:50,279,0.00,98,18.40,97,0.60
2026-09-19T08:00,275,0.00,123,19.00,95,0.70
2026-09-19T08:10,253,0.00,150,19.70,92,0.80
2026-09-19T08:20,313,0.00,184,20.00,89,1.50
2026-09-19T08:30,310,0.00,210,20.10,89,1.90
2026-09-19T08:40,323,0.00,240,19.90,88,2.00
2026-09-19T08:50,310,0.00,267,20.40,87,1.80
2026-09-19T09:00,315,0.00,290,20.90,87,1.60
2026-09-19T09:10,320,0.00,322,20.90,84,2.10
2026-09-19T09:20,318,0.00,351,21.30,82,2.20
2026-09-19T09:30,310,0.00,377,21.80,79,1.60
2026-09-19T09:40,285,0.00,398,22.60,75,1.10
2026-09-19T09:50,241,0.00,420,22.90,74,1.10
2026-09-19T10:00,281,0.00,452,22.90,74,1.20
2026-09-19T10:10,274,0.00,468,22.80,74,1.20
2026-09-19T10:20,279,0.00,498,23.20,74,1.10
2026-09-19T10:30,236,0.00,122,22.20,77,1.10
2026-09-19T10:40,289,0.00,111,22.30,75,0.60
2026-09-19T10:50,,0.00,116,22.60,73,0.00
2026-09-19T11:00,,0.00,133,22.60,74,0.00
2026-09-19T11:10,338,0.00,134,22.80,75,0.60
2026-09-19T11:20,326,0.00,157,22.80,75,1.30
2026-09-19T11:30,329,0.00,311,23.10,72,1.30
2026-09-19T11:40,249,0.00,120,23.30,72,0.90
2026-09-19T11:50,260,0.00,141,23.30,72,1.00
2026-09-19T12:00,266,0.00,166,23.40,72,0.40
2026-09-19T12:10,281,0.00,166,23.50,72,1.00
2026-09-19T12:20,286,0.00,176,23.80,71,0.80
2026-09-19T12:30,343,0.00,720,24.70,68,0.80
2026-09-19T12:40,15,0.00,179,24.50,66,0.70
2026-09-19T12:50,,0.00,160,24.80,65,0.00
2026-09-19T13:00,116,0.00,145,24.70,65,0.40
2026-09-19T13:10,,0.00,140,24.60,64,0.00
2026-09-19T13:20,240,0.00,144,24.60,65,0.60
2026-09-19T13:30,273,0.00,194,24.80,67,0.50
2026-09-19T13:40,277,0.00,764,25.80,61,0.90
2026-09-19T13:50,294,0.00,298,25.50,62,0.50
2026-09-19T14:00,,0.00,206,25.80,62,0.00
2026-09-19T14:10,48,0.00,714,26.00,59,0.70
2026-09-19T14:20,42,0.00,698,26.10,58,1.00
2026-09-19T14:30,35,0.00,688,26.30,58,0.40
2026-09-19T14:40,114,0.00,669,26.30,55,1.00
2026-09-19T14:50,123,0.00,647,26.80,52,0.80
2026-09-19T15:00,132,0.00,643,26.50,52,1.60
2026-09-19T15:10,165,0.00,613,27.00,52,1.10
2026-09-19T15:20,199,0.00,591,27.30,54,1.40
2026-09-19T15:30,216,0.00,562,27.50,51,1.10
2026-09-19T15:40,242,0.00,555,27.70,51,1.60
2026-09-19T15:50,287,0.00,533,27.50,53,1.40
2026-09-19T16:00,302,0.00,527,27.00,55,2.10
2026-09-19T16:10,290,0.00,508,27.40,54,1.70
2026-09-19T16:20,281,0.00,473,27.40,54,1.40
2026-09-19T16:30,296,0.00,428,26.90,53,1.10
2026-09-19T16:40,230,0.00,412,27.50,50,0.80
2026-09-19T16:50,253,0.00,119,27.80,51,1.30
2026-09-19T17:00,262,0.00,116,27.60,52,1.10
2026-09-19T17:10,280,0.00,302,27.20,52,1.10
2026-09-19T17:20,254,0.00,158,27.50,51,1.00
2026-09-19T17:30,327,0.00,245,27.00,50,0.90
2026-09-19T17:40,42,0.00,212,27.00,54,0.70
2026-09-19T17:50,2,0.00,184,26.80,52,1.20
2026-09-19T18:00,44,0.00,154,26.60,51,0.90
2026-09-19T18:10,67,0.00,128,26.50,53,1.20
2026-09-19T18:20,50,0.00,101,26.40,51,1.70
2026-09-19T18:30,42,0.00,76,26.20,53,0.50
2026-09-19T18:40,46,0.00,52,26.10,54,0.50
2026-09-19T18:50,40,0.00,33,25.90,55,0.90
2026-09-19T19:00,75,0.00,13,25.50,58,0.60
2026-09-19T19:10,,0.00,4,24.60,61,0.00
2026-09-19T19:20,20,0.00,0,23.80,65,0.70
2026-09-19T19:30,,0.00,0,23.00,70,0.00
2026-09-19T19:40,,0.00,0,22.80,70,0.00
2026-09-19T19:50,46,0.00,0,22.40,72,0.70
2026-09-19T20:00,64,0.00,0,22.10,74,0.40
2026-09-19T20:10,,0.00,0,21.70,73,0.00
2026-09-19T20:20,13,0.00,0,21.40,75,0.60
2026-09-19T20:30,,0.00,0,21.20,79,0.00
2026-09-19T20:40,,0.00,0,21.00,80,0.00
2026-09-19T20:50,237,0.00,0,20.90,79,0.30
2026-09-19T21:00,,0.00,0,20.70,80,0.00
2026-09-19T21:10,,0.00,0,20.40,80,0.00
2026-09-19T21:20,,0.00,0,20.40,80,0.00
2026-09-19T21:30,,0.00,0,20.30,79,0.00
2026-09-19T21:40,,0.00,0,20.20,81,0.00
2026-09-19T21:50,,0.00,0,20.20,81,0.00
2026-09-19T22:00,32,0.00,0,20.00,83,0.40
2026-09-19T22:10,,0.00,0,19.80,84,0.00
2026-09-19T22:20,,0.00,0,19.70,86,0.00
2026-09-19T22:30,,0.00,0,19.50,86,0.00
2026-09-19T22:40,,0.00,0,19.60,86,0.00
2026-09-19T22:50,,0.00,0,19.70,85,0.00
2026-09-19T23:00,125,0.00,0,19.20,87,1.10
2026-09-19T23:10,114,0.00,0,20.10,82,1.60
2026-09-19T23:20,112,0.00,0,20.00,81,1.20
2026-09-19T23:30,67,0.00,0,19.80,82,0.80
2026-09-19T23:40,53,0.00,0,19.50,84,0.80
2026-09-19T23:50,86,0.00,0,19.00,85,0.60
2026-09-20T00:00,96,0.00,0,19.00,86,0.40
2026-09-20T00:10,136,0.00,0,18.80,87,0.30
2026-09-20T00:20,,0.00,0,18.70,88,0.00
2026-09-20T00:30,39,0.00,0,18.60,89,0.50
2026-09-20T00:40,80,0.00,0,18.50,89,0.50
2026-09-20T00:50,66,0.00,0,19.00,86,1.10
2026-09-20T01:00,90,0.00,0,18.60,89,0.90
2026-09-20T01:10,104,0.00,0,18.70,89,1.00
2026-09-20T01:20,103,0.00,0,18.80,87,1.20
2026-09-20T01:30,40,0.00,0,18.30,91,0.60
2026-09-20T01:40,21,0.00,0,18.20,91,1.00
2026-09-20T01:50,8,0.00,0,18.70,90,1.20
2026-09-20T02:00,7,0.00,0,19.10,87,0.90
2026-09-20T02:10,31,0.00,0,19.00,88,0.80
2026-09-20T02:20,46,0.00,0,19.00,88,0.60
2026-09-20T02:30,59,0.00,0,18.80,88,0.90
2026-09-20T02:40,21,0.00,0,18.90,88,0.80
2026-09-20T02:50,16,0.00,0,18.70,88,0.70
2026-09-20T03:00,30,0.00,0,18.70,87,0.90
2026-09-20T03:10,33,0.00,0,18.50,87,0.50
2026-09-20T03:20,126,0.00,0,18.00,89,0.40
2026-09-20T03:30,63,0.00,0,17.90,91,0.80
2026-09-20T03:40,45,0.00,0,18.00,90,0.70
2026-09-20T03:50,20,0.00,0,17.50,91,0.70
2026-09-20T04:00,24,0.00,0,17.60,92,0.80
2026-09-20T04:10,2,0.00,0,17.50,91,0.30
2026-09-20T04:20,28,0.00,0,17.30,92,0.50
2026-09-20T04:30,342,0.00,0,17.10,93,0.40
2026-09-20T04:40,340,0.00,0,17.00,95,0.70
2026-09-20T04:50,328,0.00,0,16.90,94,0.30
2026-09-20T05:00,,0.00,0,16.80,94,0.00
2026-09-20T05:10,298,0.00,0,16.70,95,0.30
2026-09-20T05:20,345,0.00,0,16.80,96,0.30
2026-09-20T05:30,350,0.00,0,16.60,96,0.90
2026-09-20T05:40,,0.00,0,16.50,96,0.00
2026-09-20T05:50,,0.00,0,16.50,96,0.00
2026-09-20T06:00,267,0.00,0,16.30,96,0.40
2026-09-20T06:10,275,0.00,0,16.20,96,0.40
2026-09-20T06:20,,0.00,0,16.50,96,0.00
2026-09-20T06:30,303,0.00,0,16.50,97,0.60
2026-09-20T06:40,317,0.00,0,16.50,97,0.60
2026-09-20T06:50,336,0.00,0,16.60,97,0.30
2026-09-20T07:00,240,0.00,0,16.70,98,0.70
2026-09-20T07:10,205,0.00,6,16.80,98,1.20
2026-09-20T07:20,233,0.00,23,16.80,98,0.90
2026-09-20T07:30,266,0.00,45,16.90,98,0.60
2026-09-20T07:40,234,0.00,68,17.00,98,0.90
2026-09-20T07:50,239,0.00,96,17.70,97,0.90
2026-09-20T08:00,267,0.00,120,18.40,93,0.70
2026-09-20T08:10,241,0.00,148,18.90,90,0.80
2026-09-20T08:20,241,0.00,177,19.40,89,0.90
2026-09-20T08:30,242,0.00,204,20.10,86,0.90
2026-09-20T08:40,246,0.00,235,20.40,84,1.50
2026-09-20T08:50,285,0.00,255,20.80,82,1.40
2026-09-20T09:00,305,0.00,292,21.10,81,1.80
2026-09-20T09:10,311,0.00,313,21.10,82,1.90
2026-09-20T09:20,305,0.00,341,21.70,80,1.40
2026-09-20T09:30,316,0.00,364,21.90,79,1.70
2026-09-20T09:40,299,0.00,401,22.70,76,1.40
2026-09-20T09:50,309,0.00,434,22.60,76,2.10
2026-09-20T10:00,298,0.00,458,23.10,74,1.90
2026-09-20T10:10,298,0.00,488,23.80,70,1.20
2026-09-20T10:20,303,0.00,506,24.00,70,1.50
2026-09-20T10:30,303,0.00,538,24.50,68,1.50
2026-09-20T10:40,318,0.00,556,24.90,67,1.20
2026-09-20T10:50,271,0.00,576,25.70,65,1.10
2026-09-20T11:00,303,0.00,593,25.20,65,1.70
2026-09-20T11:10,316,0.00,615,25.30,62,2.20
2026-09-20T11:20,295,0.00,630,25.90,61,2.10
2026-09-20T11:30,297,0.00,644,26.20,61,2.00
2026-09-20T11:40,276,0.00,670,26.80,57,1.70
2026-09-20T11:50,291,0.00,674,26.60,62,1.60
2026-09-20T12:00,295,0.00,705,27.10,53,1.70
2026-09-20T12:10,313,0.00,713,27.20,54,2.00
2026-09-20T12:20,288,0.00,685,26.90,54,1.60
2026-09-20T12:30,272,0.00,620,27.30,55,2.10
2026-09-20T12:40,285,0.00,730,27.60,54,2.10
2026-09-20T12:50,285,0.00,733,27.40,54,1.50
2026-09-20T13:00,292,0.00,634,27.40,54,2.20
2026-09-20T13:10,287,0.00,716,27.80,53,2.00
2026-09-20T13:20,280,0.00,724,27.90,53,1.80
2026-09-20T13:30,262,0.00,713,28.10,49,1.90
2026-09-20T13:40,302,0.00,692,27.60,52,1.90
2026-09-20T13:50,320,0.00,698,27.20,52,2.60
2026-09-20T14:00,322,0.00,694,27.50,53,2.80
2026-09-20T14:10,322,0.00,684,27.30,55,2.50
2026-09-20T14:20,323,0.00,678,27.70,51,2.00
2026-09-20T14:30,321,0.00,656,27.70,53,2.20
2026-09-20T14:40,315,0.00,635,27.60,55,2.60
2026-09-20T14:50,319,0.00,637,27.60,55,2.30
2026-09-20T15:00,312,0.00,612,27.40,54,2.40
2026-09-20T15:10,314,0.00,589,27.70,53,2.60
2026-09-20T15:20,315,0.00,566,27.80,50,2.90
2026-09-20T15:30,310,0.00,560,27.80,52,3.00
2026-09-20T15:40,316,0.00,554,28.30,50,2.60
2026-09-20T15:50,313,0.00,506,27.90,51,2.60
2026-09-20T16:00,303,0.00,439,28.20,50,2.20
2026-09-20T16:10,321,0.00,463,27.90,50,2.40
2026-09-20T16:20,328,0.00,435,28.00,50,2.00
2026-09-20T16:30,286,0.00,381,28.80,48,1.70
2026-09-20T16:40,299,0.00,384,28.30,48,1.70
2026-09-20T16:50,312,0.00,355,28.00,51,1.80
2026-09-20T17:00,308,0.00,201,28.20,50,2.00
2026-09-20T17:10,301,0.00,284,28.10,50,1.50
2026-09-20T17:20,323,0.00,150,27.50,51,1.90
2026-09-20T17:30,337,0.00,185,27.60,52,1.60
2026-09-20T17:40,334,0.00,218,27.50,52,1.20
2026-09-20T17:50,315,0.00,168,27.60,52,1.40
2026-09-20T18:00,310,0.00,150,27.30,53,1.70
2026-09-20T18:10,330,0.00,121,27.40,52,1.90
2026-09-20T18:20,324,0.00,115,27.20,54,1.60
2026-09-20T18:30,315,0.00,57,26.90,55,1.80
2026-09-20T18:40,323,0.00,36,26.60,55,1.50
2026-09-20T18:50,321,0.00,20,26.30,56,1.30
2026-09-20T19:00,316,0.00,7,26.00,59,1.00
2026-09-20T19:10,327,0.00,0,25.20,61,0.90
2026-09-20T19:20,334,0.00,0,24.60,63,0.30
2026-09-20T19:30,,0.00,0,24.10,65,0.00
2026-09-20T19:40,7,0.00,0,23.60,67,0.40
2026-09-20T19:50,348,0.00,0,23.20,69,0.60
2026-09-20T20:00,,0.00,0,22.90,70,0.00
2026-09-20T20:10,,0.00,0,22.70,72,0.00
2026-09-20T20:20,,0.00,0,22.60,72,0.00
2026-09-20T20:30,,0.00,0,22.40,73,0.00
2026-09-20T20:40,,0.00,0,22.10,75,0.00
2026-09-20T20:50,,0.00,0,21.90,75,0.00
2026-09-20T21:00,,0.00,0,21.80,77,0.00
2026-09-20T21:10,349,0.00,0,21.50,78,0.70
2026-09-20T21:20,,0.00,0,21.40,79,0.00
2026-09-20T21:30,221,0.00,0,21.30,80,0.50
2026-09-20T21:40,,0.00,0,21.30,79,0.00
2026-09-20T21:50,245,0.00,0,21.00,81,0.70
2026-09-20T22:00,232,0.00,0,20.80,83,0.80
2026-09-20T22:10,288,0.00,0,20.60,86,0.30
2026-09-20T22:20,303,0.00,0,20.40,87,0.80
2026-09-20T22:30,,0.00,0,20.40,88,0.00
2026-09-20T22:40,267,0.00,0,20.20,88,0.40
2026-09-20T22:50,,0.00,0,20.20,87,0.00
2026-09-20T23:00,174,0.00,0,20.10,88,0.50
2026-09-20T23:10,,0.00,0,20.00,89,0.00
2026-09-20T23:20,322,0.00,0,19.80,89,0.40
2026-09-20T23:30,,0.00,0,19.90,90,0.00
2026-09-20T23:40,207,0.00,0,19.90,90,0.80
2026-09-20T23:50,310,0.00,0,19.70,91,0.30
2026-09-21T00:00,325,0.00,0,19.50,92,0.50
2026-09-21T00:10,,0.00,0,19.30,91,0.00
2026-09-21T00:20,209,0.00,0,19.40,91,0.70
2026-09-21T00:30,255,0.00,0,19.40,92,0.60
2026-09-21T00:40,263,0.00,0,19.20,92,0.80
2026-09-21T00:50,330,0.00,0,19.00,92,0.90
2026-09-21T01:00,344,0.00,0,19.20,90,1.00
2026-09-21T01:10,339,0.00,0,19.10,92,0.90
2026-09-21T01:20,286,0.00,0,19.20,93,0.60
2026-09-21T01:30,200,0.00,0,19.20,92,0.40
2026-09-21T01:40,313,0.00,0,19.10,91,0.60
2026-09-21T01:50,258,0.00,0,18.90,92,0.60
2026-09-21T02:00,,0.00,0,18.60,92,0.00
2026-09-21T02:10,,0.00,0,18.80,92,0.00
2026-09-21T02:20,,0.00,0,18.80,92,0.00
2026-09-21T02:30,,0.00,0,18.70,93,0.00
2026-09-21T02:40,281,0.00,0,18.50,93,0.80
2026-09-21T02:50,283,0.00,0,18.40,93,0.60
2026-09-21T03:00,289,0.00,0,18.30,93,0.70
2026-09-21T03:10,305,0.00,0,18.40,93,0.80
2026-09-21T03:20,263,0.00,0,18.20,93,1.00
2026-09-21T03:30,276,0.00,0,18.20,94,1.00
2026-09-21T03:40,269,0.00,0,18.20,93,0.80
2026-09-21T03:50,298,0.00,0,18.30,93,0.90
2026-09-21T04:00,318,0.00,0,18.60,92,1.30
2026-09-21T04:10,297,0.00,0,18.60,90,1.10
2026-09-21T04:20,283,0.00,0,18.40,91,0.70
2026-09-21T04:30,228,0.00,0,18.30,90,0.60
2026-09-21T04:40,244,0.00,0,18.40,91,1.00
2026-09-21T04:50,266,0.00,0,18.20,91,1.10
2026-09-21T05:00,261,0.00,0,18.20,92,0.80
2026-09-21T05:10,243,0.00,0,18.20,91,0.60
2026-09-21T05:20,238,0.00,0,18.30,91,1.00
2026-09-21T05:30,261,0.00,0,18.30,91,0.90
2026-09-21T05:40,281,0.00,0,18.10,92,1.00
2026-09-21T05:50,287,0.00,0,18.00,93,1.10
2026-09-21T06:00,285,0.00,0,18.30,91,1.50
2026-09-21T06:10,278,0.00,0,18.80,88,2.00
2026-09-21T06:20,301,0.00,0,18.90,87,1.60
2026-09-21T06:30,302,0.00,0,18.90,87,2.00
2026-09-21T06:40,307,0.00,0,19.10,87,2.00
2026-09-21T06:50,299,0.00,0,18.80,88,1.60
2026-09-21T07:00,287,0.00,0,18.70,89,1.50
2026-09-21T07:10,292,0.00,2,18.80,88,1.50
2026-09-21T07:20,305,0.00,8,18.90,88,1.50
2026-09-21T07:30,307,0.00,14,18.90,88,1.60
2026-09-21T07:40,314,0.00,18,19.10,87,1.40
2026-09-21T07:50,306,0.00,25,19.10,87,1.50
2026-09-21T08:00,309,0.00,40,19.10,88,1.40
2026-09-21T08:10,311,0.00,49,19.20,88,1.40
2026-09-21T08:20,306,0.00,72,19.30,88,1.60
2026-09-21T08:30,311,0.00,94,19.40,87,1.20
2026-09-21T08:40,319,0.00,107,19.70,86,1.00
2026-09-21T08:50,304,0.00,138,19.90,87,0.90
2026-09-21T09:00,6,0.00,166,20.30,84,0.50
2026-09-21T09:10,3,0.00,170,20.20,83,1.20
2026-09-21T09:20,10,0.00,184,20.30,82,1.00
2026-09-21T09:30,43,0.00,199,20.50,81,0.70
2026-09-21T09:40,88,0.00,227,20.30,84,0.90
2026-09-21T09:50,127,0.00,242,20.70,80,0.60
2026-09-21T10:00,114,0.00,262,20.90,81,0.80
2026-09-21T10:10,142,0.00,260,21.30,79,0.80
2026-09-21T10:20,,0.00,263,21.70,76,0.00
2026-09-21T10:30,292,0.00,294,22.00,76,0.30
2026-09-21T10:40,340,0.00,341,22.70,74,0.30
2026-09-21T10:50,24,0.00,438,22.70,73,0.90
2026-09-21T11:00,65,0.00,619,22.90,74,1.20
2026-09-21T11:10,109,0.00,408,23.20,73,1.70
2026-09-21T11:20,115,0.00,483,23.50,72,1.90
2026-09-21T11:30,115,0.00,488,23.80,73,1.80
2026-09-21T11:40,101,0.00,578,23.80,70,2.10
2026-09-21T11:50,92,0.00,430,24.10,71,1.90
2026-09-21T12:00,106,0.00,548,24.40,70,1.70
2026-09-21T12:10,93,0.00,568,24.20,70,2.40
2026-09-21T12:20,81,0.00,555,24.70,68,1.70
2026-09-21T12:30,93,0.00,613,24.90,67,2.20
2026-09-21T12:40,96,0.00,671,25.10,66,1.90
2026-09-21T12:50,92,0.00,807,25.10,64,2.30
2026-09-21T13:00,88,0.00,689,25.40,65,1.90
2026-09-21T13:10,84,0.00,728,26.10,63,1.20
2026-09-21T13:20,97,0.00,482,25.90,63,1.90
2026-09-21T13:30,99,0.00,621,26.30,62,1.80
2026-09-21T13:40,57,0.00,543,26.20,60,2.00
2026-09-21T13:50,63,0.00,550,26.40,61,2.10
2026-09-21T14:00,82,0.00,447,26.60,60,1.90
2026-09-21T14:10,90,0.00,432,26.80,60,1.90
2026-09-21T14:20,81,0.00,402,26.40,59,2.20
2026-09-21T14:30,75,0.00,396,26.80,56,2.10
2026-09-21T14:40,90,0.00,522,26.70,57,2.60
2026-09-21T14:50,81,0.00,409,27.00,58,1.80
2026-09-21T15:00,70,0.00,437,27.20,54,1.40
2026-09-21T15:10,103,0.00,363,27.00,57,2.40
2026-09-21T15:20,92,0.00,334,27.10,57,1.80
2026-09-21T15:30,93,0.00,326,27.10,57,1.60
2026-09-21T15:40,88,0.00,304,27.10,56,1.90
2026-09-21T15:50,99,0.00,248,27.00,55,2.00
2026-09-21T16:00,101,0.00,228,26.80,56,2.00
2026-09-21T16:10,95,0.00,360,27.00,56,1.80
2026-09-21T16:20,93,0.00,404,26.90,54,1.20
2026-09-21T16:30,92,0.00,381,27.20,54,1.90
2026-09-21T16:40,69,0.00,319,27.20,55,1.70
2026-09-21T16:50,87,0.00,292,27.30,54,1.70
2026-09-21T17:00,110,0.00,204,27.10,56,2.00
2026-09-21T17:10,103,0.00,241,27.10,55,1.60
2026-09-21T17:20,88,0.00,123,27.00,54,2.00
2026-09-21T17:30,88,0.00,178,27.10,54,1.70
2026-09-21T17:40,95,0.00,193,27.00,53,1.70
2026-09-21T17:50,107,0.00,194,27.10,54,1.90
2026-09-21T18:00,107,0.00,150,26.80,54,2.00
2026-09-21T18:10,96,0.00,93,26.90,55,1.40
2026-09-21T18:20,101,0.00,68,26.50,57,1.30
2026-09-21T18:30,81,0.00,60,26.50,57,1.20
2026-09-21T18:40,92,0.00,37,26.20,58,1.30
2026-09-21T18:50,79,0.00,22,26.10,59,1.10
2026-09-21T19:00,81,0.00,9,25.80,60,1.10
2026-09-21T19:10,92,0.00,0,25.10,63,1.10
2026-09-21T19:20,75,0.00,0,24.60,65,1.00
2026-09-21T19:30,69,0.00,0,24.70,64,1.20
2026-09-21T19:40,74,0.00,0,24.20,66,1.10
2026-09-21T19:50,83,0.00,0,23.30,70,0.80
2026-09-21T20:00,80,0.00,0,22.70,73,0.80
2026-09-21T20:10,87,0.00,0,22.20,75,1.00
2026-09-21T20:20,91,0.00,0,22.10,76,1.30
2026-09-21T20:30,80,0.00,0,22.30,74,1.20
2026-09-21T20:40,82,0.00,0,23.10,71,1.20
2026-09-21T20:50,100,0.00,0,22.10,76,1.80
2026-09-21T21:00,110,0.00,0,22.80,77,2.00
2026-09-21T21:10,117,0.00,0,22.80,78,2.30
2026-09-21T21:20,111,0.00,0,22.70,80,2.40
2026-09-21T21:30,104,0.00,0,22.40,82,2.90
2026-09-21T21:40,102,0.00,0,22.30,82,2.70
2026-09-21T21:50,101,0.00,0,22.10,82,2.80
2026-09-21T22:00,108,0.00,0,22.00,82,2.60
2026-09-21T22:10,108,0.00,0,21.80,82,2.50
2026-09-21T22:20,103,0.00,0,21.80,82,2.50
2026-09-21T22:30,103,0.00,0,21.60,82,2.40
2026-09-21T22:40,95,0.00,0,21.50,82,1.90
2026-09-21T22:50,88,0.00,0,21.40,82,1.70
2026-09-21T23:00,100,0.00,0,21.30,82,2.40
2026-09-21T23:10,105,0.00,0,21.10,83,2.50
2026-09-21T23:20,106,0.00,0,21.10,83,2.30
2026-09-21T23:30,104,0.00,0,21.20,82,2.50
2026-09-21T23:40,100,0.00,0,21.30,81,2.80
2026-09-21T23:50,97,0.00,0,21.40,80,2.20
2026-09-22T00:00,96,0.00,0,21.50,78,2.40
2026-09-22T00:10,106,0.00,0,21.50,76,2.50
2026-09-22T00:20,101,0.00,0,21.50,76,2.40
2026-09-22T00:30,90,0.00,0,21.40,76,1.90
2026-09-22T00:40,92,0.00,0,21.10,77,2.20
2026-09-22T00:50,88,0.00,0,21.10,78,2.30
2026-09-22T01:00,80,0.00,0,21.00,79,1.80
2026-09-22T01:10,86,0.00,0,20.80,80,2.40
2026-09-22T01:20,91,0.00,0,20.80,78,3.00
2026-09-22T01:30,85,0.00,0,20.60,79,2.60
2026-09-22T01:40,88,0.00,0,20.60,78,2.70
2026-09-22T01:50,94,0.00,0,20.50,78,2.80
2026-09-22T02:00,93,0.00,0,20.50,76,2.60
2026-09-22T02:10,87,0.00,0,20.40,76,2.70
2026-09-22T02:20,82,0.00,0,20.40,74,2.70
2026-09-22T02:30,89,0.00,0,20.10,73,2.80
2026-09-22T02:40,91,0.00,0,20.10,71,3.00
2026-09-22T02:50,91,0.00,0,20.10,69,3.80
2026-09-22T03:00,90,0.00,0,19.90,68,3.00
2026-09-22T03:10,92,0.00,0,19.80,68,3.50
2026-09-22T03:20,91,0.00,0,19.60,70,3.40
2026-09-22T03:30,87,0.00,0,19.60,69,3.70
2026-09-22T03:40,86,0.00,0,19.50,68,3.20
2026-09-22T03:50,90,0.00,0,19.40,67,3.50
2026-09-22T04:00,95,0.00,0,19.30,68,3.70
2026-09-22T04:10,97,0.00,0,19.20,67,3.90
2026-09-22T04:20,91,0.00,0,19.10,66,3.90
2026-09-22T04:30,94,0.00,0,19.20,64,3.70
2026-09-22T04:40,91,0.00,0,18.90,65,3.90
2026-09-22T04:50,92,0.00,0,19.00,63,3.80
2026-09-22T05:00,91,0.00,0,19.00,63,4.00
2026-09-22T05:10,90,0.00,0,19.10,62,3.70
2026-09-22T05:20,87,0.00,0,19.10,61,3.80
2026-09-22T05:30,87,0.00,0,18.90,60,3.60
2026-09-22T05:40,88,0.00,0,18.90,59,4.00
2026-09-22T05:50,88,0.00,0,18.80,59,3.40
2026-09-22T06:00,84,0.00,0,18.80,59,4.10
2026-09-22T06:10,91,0.00,0,18.80,59,3.80
2026-09-22T06:20,90,0.00,0,18.80,58,3.90
2026-09-22T06:30,94,0.00,0,18.70,58,4.20
2026-09-22T06:40,92,0.00,0,18.70,58,4.00
2026-09-22T06:50,91,0.00,0,18.60,57,4.30
2026-09-22T07:00,94,0.00,0,18.50,58,3.80
2026-09-22T07:10,97,0.00,2,18.30,59,4.20
2026-09-22T07:20,95,0.00,7,18.10,60,4.20
2026-09-22T07:30,93,0.00,14,18.00,61,4.20
2026-09-22T07:40,94,0.00,32,18.00,60,4.00
2026-09-22T07:50,95,0.00,22,18.30,59,3.20
2026-09-22T08:00,90,0.00,23,18.40,59,4.00
2026-09-22T08:10,93,0.00,65,18.40,59,4.30
2026-09-22T08:20,93,0.00,180,18.60,59,4.20
2026-09-22T08:30,94,0.00,110,18.70,58,4.20
2026-09-22T08:40,91,0.00,114,18.70,58,4.40
2026-09-22T08:50,94,0.00,173,18.90,58,4.10
2026-09-22T09:00,91,0.00,154,19.00,58,4.00
2026-09-22T09:10,94,0.00,133,18.90,58,4.00
2026-09-22T09:20,95,0.00,154,19.10,57,3.30
2026-09-22T09:30,97,0.00,195,19.30,58,4.00
2026-09-22T09:40,92,0.00,185,19.30,58,3.20
2026-09-22T09:50,93,0.00,184,19.40,56,3.90
2026-09-22T10:00,98,0.00,251,19.60,55,4.20
2026-09-22T10:10,95,0.00,352,19.80,56,4.00
2026-09-22T10:20,96,0.00,248,20.30,56,3.00
2026-09-22T10:30,90,0.00,188,20.10,55,3.60
2026-09-22T10:40,100,0.00,303,20.20,56,3.30
2026-09-22T10:50,96,0.00,679,21.20,56,3.30
2026-09-22T11:00,104,0.00,551,21.60,53,3.30
2026-09-22T11:10,94,0.00,758,21.70,53,3.80
2026-09-22T11:20,93,0.00,338,21.30,53,3.70
2026-09-22T11:30,99,0.00,250,21.20,53,2.90
2026-09-22T11:40,96,0.00,275,21.30,54,2.90
2026-09-22T11:50,112,0.00,314,21.30,54,3.10
2026-09-22T12:00,108,0.00,373,21.50,54,2.20
2026-09-22T12:10,100,0.00,832,22.10,53,2.50
2026-09-22T12:20,106,0.00,265,21.90,53,3.10
2026-09-22T12:30,109,0.00,230,21.70,54,2.80
2026-09-22T12:40,113,0.00,272,21.90,55,2.50
2026-09-22T12:50,116,0.00,223,21.90,55,1.90
2026-09-22T13:00,119,0.00,725,23.10,55,1.70
2026-09-22T13:10,128,0.00,729,23.50,52,1.80
2026-09-22T13:20,135,0.00,714,23.70,50,1.70
2026-09-22T13:30,108,0.00,711,23.50,51,2.10
2026-09-22T13:40,106,0.00,708,24.00,50,1.90
2026-09-22T13:50,130,0.00,788,24.10,49,2.10
2026-09-22T14:00,144,0.00,624,24.40,49,1.00
2026-09-22T14:10,146,0.00,379,24.50,48,2.10
2026-09-22T14:20,142,0.00,617,25.00,48,2.20
2026-09-22T14:30,153,0.00,827,24.90,49,1.40
2026-09-22T14:40,200,0.00,773,25.60,46,1.30
2026-09-22T14:50,220,0.00,727,25.60,44,2.30
2026-09-22T15:00,197,0.00,709,25.10,47,2.10
2026-09-22T15:10,193,0.00,682,25.30,46,1.60
2026-09-22T15:20,178,0.00,666,25.00,47,1.70
2026-09-22T15:30,33,0.00,658,25.30,47,0.40
2026-09-22T15:40,131,0.00,635,25.40,45,1.50
2026-09-22T15:50,108,0.00,578,25.30,44,1.40
2026-09-22T16:00,100,0.00,516,25.20,43,1.70
2026-09-22T16:10,93,0.00,473,24.90,44,2.70
2026-09-22T16:20,104,0.00,452,25.00,44,2.20
2026-09-22T16:30,87,0.00,426,25.20,43,2.30
2026-09-22T16:40,99,0.00,412,25.30,42,1.80
2026-09-22T16:50,109,0.00,356,25.10,43,2.70
2026-09-22T17:00,120,0.00,320,25.10,42,2.20
2026-09-22T17:10,135,0.00,294,25.20,42,1.40
2026-09-22T17:20,114,0.00,76,24.90,42,2.60
2026-09-22T17:30,105,0.00,248,25.00,42,2.60
2026-09-22T17:40,141,0.00,210,24.90,45,2.30
2026-09-22T17:50,114,0.00,178,24.70,42,2.30
2026-09-22T18:00,101,0.00,151,24.60,42,3.10
2026-09-22T18:10,121,0.00,123,24.40,43,2.40
2026-09-22T18:20,110,0.00,91,24.30,44,2.40
2026-09-22T18:30,111,0.00,66,23.90,44,2.40
2026-09-22T18:40,112,0.00,44,23.60,47,1.90
2026-09-22T18:50,110,0.00,25,23.20,47,2.10
2026-09-22T19:00,114,0.00,9,22.70,49,2.00
2026-09-22T19:10,112,0.00,2,22.20,51,1.50
2026-09-22T19:20,109,0.00,0,22.10,50,2.00
2026-09-22T19:30,110,0.00,0,21.80,52,2.00
2026-09-22T19:40,114,0.00,0,21.40,52,2.30
2026-09-22T19:50,120,0.00,0,21.40,51,2.50
2026-09-22T20:00,121,0.00,0,21.20,52,2.60
2026-09-22T20:10,123,0.00,0,20.90,51,2.70
2026-09-22T20:20,132,0.00,0,20.80,50,2.60
2026-09-22T20:30,122,0.00,0,20.50,50,2.70
2026-09-22T20:40,113,0.00,0,20.10,52,2.50
2026-09-22T20:50,112,0.00,0,19.70,54,2.60
2026-09-22T21:00,111,0.00,0,19.40,55,2.40
2026-09-22T21:10,110,0.00,0,19.10,55,2.10
2026-09-22T21:20,96,0.00,0,19.20,56,2.30
2026-09-22T21:30,85,0.00,0,19.10,58,1.90
2026-09-22T21:40,79,0.00,0,18.80,58,1.80
2026-09-22T21:50,73,0.00,0,18.60,59,1.70
2026-09-22T22:00,79,0.00,0,18.20,61,2.10
2026-09-22T22:10,79,0.00,0,18.10,63,2.20
2026-09-22T22:20,78,0.00,0,17.80,62,2.30
2026-09-22T22:30,81,0.00,0,17.90,59,2.20
2026-09-22T22:40,81,0.00,0,18.10,55,2.30
2026-09-22T22:50,86,0.00,0,18.20,54,2.30
2026-09-22T23:00,85,0.00,0,18.40,52,2.40
2026-09-22T23:10,96,0.00,0,18.50,53,2.90
2026-09-22T23:20,97,0.00,0,18.50,52,2.90
2026-09-22T23:30,100,0.00,0,18.70,52,2.90
2026-09-22T23:40,95,0.00,0,18.70,50,2.70
2026-09-22T23:50,95,0.00,0,18.70,50,2.90
2026-09-23T00:00,94,0.00,0,18.60,50,2.80
2026-09-23T00:10,95,0.00,0,18.50,51,2.40
2026-09-23T00:20,94,0.00,0,18.30,52,2.00
2026-09-23T00:30,99,0.00,0,18.00,53,1.90
2026-09-23T00:40,96,0.00,0,17.90,54,2.10
2026-09-23T00:50,100,0.00,0,17.80,55,1.60
2026-09-23T01:00,107,0.00,0,17.70,56,1.50
2026-09-23T01:10,99,0.00,0,17.90,55,1.80
2026-09-23T01:20,98,0.00,0,17.80,56,1.70
2026-09-23T01:30,101,0.00,0,17.80,56,2.00
2026-09-23T01:40,101,0.00,0,17.70,56,2.20
2026-09-23T01:50,104,0.00,0,17.50,57,2.10
2026-09-23T02:00,102,0.00,0,17.50,56,1.90
2026-09-23T02:10,102,0.00,0,17.50,56,2.10
2026-09-23T02:20,105,0.00,0,17.20,58,2.00
2026-09-23T02:30,104,0.00,0,16.90,60,1.90
2026-09-23T02:40,101,0.00,0,16.90,60,1.80
2026-09-23T02:50,101,0.00,0,16.90,60,1.80
2026-09-23T03:00,93,0.00,0,17.00,58,1.60
2026-09-23T03:10,92,0.00,0,17.00,59,1.60
2026-09-23T03:20,93,0.00,0,16.80,60,1.80
2026-09-23T03:30,99,0.00,0,16.60,61,2.20
2026-09-23T03:40,102,0.00,0,16.50,62,2.50
2026-09-23T03:50,99,0.00,0,16.60,62,2.40
2026-09-23T04:00,98,0.00,0,16.60,62,2.40
2026-09-23T04:10,97,0.00,0,16.60,62,2.50
2026-09-23T04:20,90,0.00,0,16.40,63,2.00
2026-09-23T04:30,89,0.00,0,16.20,64,2.00
2026-09-23T04:40,98,0.00,0,16.00,65,2.20
2026-09-23T04:50,92,0.00,0,16.20,65,1.90
2026-09-23T05:00,88,0.00,0,16.10,66,2.00
2026-09-23T05:10,88,0.00,0,16.00,66,2.00
2026-09-23T05:20,94,0.00,0,15.80,67,2.10
2026-09-23T05:30,96,0.00,0,15.90,66,2.20
2026-09-23T05:40,88,0.00,0,15.80,67,2.10
2026-09-23T05:50,87,0.00,0,15.90,67,1.90
2026-09-23T06:00,84,0.00,0,15.80,68,1.80
2026-09-23T06:10,96,0.00,0,15.20,70,2.00
2026-09-23T06:20,101,0.00,0,15.20,70,2.00
2026-09-23T06:30,93,0.00,0,15.70,68,2.30
2026-09-23T06:40,94,0.00,0,15.50,69,2.30
2026-09-23T06:50,89,0.00,0,15.70,68,2.00
2026-09-23T07:00,85,0.00,0,15.60,68,1.70
2026-09-23T07:10,95,0.00,1,15.40,68,2.00
2026-09-23T07:20,91,0.00,9,15.60,68,2.00
2026-09-23T07:30,95,0.00,24,15.30,70,1.70
2026-09-23T07:40,81,0.00,26,15.60,68,1.40
2026-09-23T07:50,109,0.00,40,15.20,71,1.30
2026-09-23T08:00,109,0.00,51,15.50,70,1.00
2026-09-23T08:10,105,0.00,65,15.70,70,1.30
2026-09-23T08:20,89,0.00,72,16.00,68,1.30
2026-09-23T08:30,90,0.00,79,16.20,68,1.50
2026-09-23T08:40,94,0.00,106,16.40,68,1.90
2026-09-23T08:50,89,0.00,126,16.70,67,1.90
2026-09-23T09:00,86,0.00,141,17.00,67,2.20
2026-09-23T09:10,90,0.00,163,17.40,66,2.20
2026-09-23T09:20,86,0.00,193,17.70,65,2.10
2026-09-23T09:30,87,0.00,197,18.10,64,1.90
2026-09-23T09:40,95,0.00,228,18.50,63,2.10
2026-09-23T09:50,90,0.00,215,18.50,62,2.90
2026-09-23T10:00,91,0.00,206,18.80,59,2.80
2026-09-23T10:10,99,0.00,201,19.00,59,2.50
2026-09-23T10:20,94,0.00,210,19.10,61,2.40
2026-09-23T10:30,98,0.00,261,19.30,57,2.40
2026-09-23T10:40,98,0.00,299,19.40,57,3.10
2026-09-23T10:50,95,0.00,323,19.50,55,2.80
2026-09-23T11:00,86,0.00,316,19.70,54,2.40
2026-09-23T11:10,99,0.00,312,19.80,54,2.30
2026-09-23T11:20,104,0.00,308,20.10,54,2.20
2026-09-23T11:30,96,0.00,306,20.10,51,2.30
2026-09-23T11:40,83,0.00,341,20.40,50,1.60
2026-09-23T11:50,90,0.00,377,20.70,50,1.90
2026-09-23T12:00,104,0.00,419,20.80,52,1.90
2026-09-23T12:10,98,0.00,447,21.20,51,1.70
2026-09-23T12:20,94,0.00,538,21.30,47,1.90
2026-09-23T12:30,99,0.00,596,21.40,47,2.40
2026-09-23T12:40,107,0.00,514,21.70,49,1.80
2026-09-23T12:50,110,0.00,497,22.20,48,1.20
2026-09-23T13:00,132,0.00,456,21.80,44,2.00
2026-09-23T13:10,115,0.00,987,22.40,49,1.40
2026-09-23T13:20,106,0.00,740,22.60,45,1.50
2026-09-23T13:30,75,0.00,712,22.90,43,1.40
2026-09-23T13:40,125,0.00,718,23.10,43,1.60
2026-09-23T13:50,58,0.00,709,23.10,41,0.90
2026-09-23T14:00,21,0.00,692,23.20,43,0.80
2026-09-23T14:10,55,0.00,696,23.20,40,1.70
2026-09-23T14:20,47,0.00,680,23.60,39,0.80
2026-09-23T14:30,17,0.00,670,23.70,40,0.30
2026-09-23T14:40,347,0.00,675,23.70,40,1.30
2026-09-23T14:50,24,0.00,664,23.00,41,1.60
2026-09-23T15:00,11,0.00,655,23.30,40,0.90
2026-09-23T15:10,251,0.00,663,24.40,41,1.10
2026-09-23T15:20,294,0.00,629,24.40,38,1.40
2026-09-23T15:30,286,0.00,620,24.20,40,0.50
2026-09-23T15:40,278,0.00,630,24.50,38,1.00
2026-09-23T15:50,278,0.00,661,24.90,39,1.50
2026-09-23T16:00,334,0.00,624,24.00,39,1.30
2026-09-23T16:10,296,0.00,571,24.80,36,1.20
2026-09-23T16:20,239,0.00,487,25.40,36,0.50
2026-09-23T16:30,98,0.00,298,23.70,39,0.40
2026-09-23T16:40,28,0.00,395,24.10,45,0.70
2026-09-23T16:50,271,0.00,360,24.20,37,1.00
2026-09-23T17:00,266,0.00,330,23.80,39,1.40
2026-09-23T17:10,329,0.00,289,23.90,39,1.20
2026-09-23T17:20,358,0.00,122,23.70,40,1.00
2026-09-23T17:30,274,0.00,228,24.00,42,0.90
2026-09-23T17:40,270,0.00,195,23.60,40,1.00
2026-09-23T17:50,242,0.00,165,23.50,42,0.40
2026-09-23T18:00,291,0.00,136,23.30,41,0.90
2026-09-23T18:10,283,0.00,108,23.20,42,0.80
2026-09-23T18:20,232,0.00,80,22.90,42,0.50
2026-09-23T18:30,331,0.00,55,22.60,45,0.80
2026-09-23T18:40,341,0.00,36,22.20,43,1.00
2026-09-23T18:50,26,0.00,18,22.20,43,1.00
2026-09-23T19:00,71,0.00,6,22.30,43,1.00
2026-09-23T19:10,96,0.00,0,21.50,49,0.80
2026-09-23T19:20,79,0.00,0,20.70,52,0.90
2026-09-23T19:30,78,0.00,0,20.00,54,0.80
2026-09-23T19:40,67,0.00,0,19.30,56,0.80
2026-09-23T19:50,48,0.00,0,18.80,58,0.80
2026-09-23T20:00,44,0.00,0,18.50,60,0.80
2026-09-23T20:10,77,0.00,0,18.10,63,1.00
2026-09-23T20:20,98,0.00,0,17.80,63,0.80
2026-09-23T20:30,111,0.00,0,17.60,65,0.70
2026-09-23T20:40,111,0.00,0,17.40,65,0.70
2026-09-23T20:50,107,0.00,0,17.20,67,0.70
2026-09-23T21:00,134,0.00,0,17.00,68,0.40
2026-09-23T21:10,169,0.00,0,16.90,68,0.60
2026-09-23T21:20,,0.00,0,16.90,67,0.00
2026-09-23T21:30,346,0.00,0,16.60,68,0.60
2026-09-23T21:40,90,0.00,0,17.10,67,1.00
2026-09-23T21:50,122,0.00,0,16.50,69,1.30
2026-09-23T22:00,108,0.00,0,16.80,69,0.60
2026-09-23T22:10,44,0.00,0,16.60,69,0.70
2026-09-23T22:20,,0.00,0,16.30,69,0.00
2026-09-23T22:30,,0.00,0,16.10,69,0.00
2026-09-23T22:40,48,0.00,0,15.80,72,0.40
2026-09-23T22:50,28,0.00,0,15.70,72,0.40
2026-09-23T23:00,105,0.00,0,15.90,73,1.00
2026-09-23T23:10,212,0.00,0,16.40,70,0.70
2026-09-23T23:20,84,0.00,0,17.40,66,1.60
2026-09-23T23:30,60,0.00,0,17.20,67,1.30
2026-09-23T23:40,48,0.00,0,16.90,69,0.60
2026-09-23T23:50,49,0.00,0,17.00,68,1.50
2026-09-24T00:00,30,0.00,0,16.80,70,0.90
2026-09-24T00:10,52,0.00,0,16.60,71,0.90
2026-09-24T00:20,52,0.00,0,16.50,71,1.00
2026-09-24T00:30,50,0.00,0,16.30,72,1.20
2026-09-24T00:40,64,0.00,0,16.30,74,0.80
2026-09-24T00:50,50,0.00,0,16.10,74,1.10
2026-09-24T01:00,57,0.00,0,16.00,75,1.00
2026-09-24T01:10,45,0.00,0,16.00,75,1.10
2026-09-24T01:20,48,0.00,0,15.90,76,0.80
2026-09-24T01:30,13,0.00,0,15.40,78,0.60
2026-09-24T01:40,18,0.00,0,15.10,79,0.60
2026-09-24T01:50,28,0.00,0,15.00,80,0.70
2026-09-24T02:00,29,0.00,0,15.00,80,0.70
2026-09-24T02:10,52,0.00,0,15.10,79,0.90
2026-09-24T02:20,55,0.00,0,15.20,78,1.20
2026-09-24T02:30,74,0.00,0,15.00,79,0.90
2026-09-24T02:40,84,0.00,0,14.60,81,1.00
2026-09-24T02:50,81,0.00,0,15.10,77,1.30
2026-09-24T03:00,63,0.00,0,15.30,75,1.30
2026-09-24T03:10,75,0.00,0,15.20,76,1.10
2026-09-24T03:20,83,0.00,0,15.00,76,1.10
2026-09-24T03:30,68,0.00,0,15.00,75,1.00
2026-09-24T03:40,80,0.00,0,14.90,76,1.00
2026-09-24T03:50,54,0.00,0,14.70,77,0.80
2026-09-24T04:00,76,0.00,0,14.60,78,1.10
2026-09-24T04:10,82,0.00,0,14.00,80,0.80
2026-09-24T04:20,71,0.00,0,14.10,81,0.80
2026-09-24T04:30,75,0.00,0,14.00,80,0.80
2026-09-24T04:40,107,0.00,0,13.70,82,0.70
2026-09-24T04:50,79,0.00,0,13.60,84,0.80
2026-09-24T05:00,89,0.00,0,13.20,84,0.70
2026-09-24T05:10,63,0.00,0,13.60,83,1.00
2026-09-24T05:20,57,0.00,0,14.00,81,1.00
2026-09-24T05:30,48,0.00,0,13.90,81,0.70
2026-09-24T05:40,61,0.00,0,13.70,82,0.60
2026-09-24T05:50,63,0.00,0,13.10,85,0.70
2026-09-24T06:00,105,0.00,0,12.70,88,1.00
2026-09-24T06:10,113,0.00,0,12.70,88,1.30
2026-09-24T06:20,107,0.00,0,12.90,86,1.10
2026-09-24T06:30,85,0.00,0,13.00,84,0.80
2026-09-24T06:40,67,0.00,0,12.80,86,0.70
2026-09-24T06:50,96,0.00,0,12.70,86,0.50
2026-09-24T07:00,113,0.00,0,12.50,89,0.60
2026-09-24T07:10,209,0.00,0,12.20,90,0.60
2026-09-24T07:20,226,0.00,9,12.10,91,0.60
2026-09-24T07:30,,0.00,22,12.00,90,0.00
2026-09-24T07:40,132,0.00,42,12.30,90,0.30
2026-09-24T07:50,175,0.00,62,12.80,88,0.70
2026-09-24T08:00,159,0.00,77,13.50,84,0.40
2026-09-24T08:10,109,0.00,87,14.40,78,0.50
2026-09-24T08:20,,0.00,116,15.10,78,0.00
2026-09-24T08:30,63,0.00,133,15.20,77,1.10
2026-09-24T08:40,90,0.00,192,15.30,75,1.40
2026-09-24T08:50,,0.00,266,15.80,73,
2026-09-24T09:00,102,0.00,215,15.80,74,2.20
2026-09-24T09:10,105,0.00,232,16.00,74,2.40
2026-09-24T09:20,107,0.00,346,16.00,74,1.90
2026-09-24T09:30,126,0.00,417,17.40,70,0.90
2026-09-24T09:40,116,0.00,411,17.40,71,1.30
2026-09-24T09:50,102,0.00,245,17.00,73,1.50
2026-09-24T10:00,97,0.00,412,17.70,72,1.20
2026-09-24T10:10,71,0.00,447,18.20,69,0.90
2026-09-24T10:20,101,0.00,476,18.00,68,1.50
2026-09-24T10:30,117,0.00,468,19.00,65,1.20
2026-09-24T10:40,161,0.00,486,19.40,63,1.40
2026-09-24T10:50,156,0.00,436,19.90,61,1.00
2026-09-24T11:00,187,0.00,457,20.30,61,1.20
2026-09-24T11:10,202,0.00,549,20.20,58,1.60
2026-09-24T11:20,199,0.00,614,20.50,61,1.00
2026-09-24T11:30,228,0.00,672,21.00,60,1.40
2026-09-24T11:40,202,0.00,668,21.10,57,1.30
2026-09-24T11:50,199,0.00,421,21.30,58,1.20
2026-09-24T12:00,243,0.00,468,21.30,58,1.00
2026-09-24T12:10,270,0.00,610,21.40,56,1.20
2026-09-24T12:20,279,0.00,745,21.10,59,0.40
2026-09-24T12:30,295,0.00,384,22.10,56,0.80
2026-09-24T12:40,246,0.00,451,22.40,55,1.40
2026-09-24T12:50,245,0.00,518,22.40,55,1.10
2026-09-24T13:00,305,0.00,565,22.00,51,1.40
2026-09-24T13:10,288,0.00,590,22.70,52,1.00
2026-09-24T13:20,287,0.00,559,23.30,50,0.50
2026-09-24T13:30,237,0.00,506,23.00,51,0.70
2026-09-24T13:40,327,0.00,433,22.40,53,1.30
2026-09-24T13:50,258,0.00,465,22.70,53,1.20
2026-09-24T14:00,339,0.00,430,22.40,52,0.90
2026-09-24T14:10,323,0.00,367,22.70,51,1.00
2026-09-24T14:20,319,0.00,313,22.60,52,0.80
2026-09-24T14:30,295,0.00,460,23.10,50,0.90
2026-09-24T14:40,283,0.00,526,23.30,50,1.20
2026-09-24T14:50,264,0.00,522,23.60,51,0.60
2026-09-24T15:00,302,0.00,556,23.40,52,1.90
2026-09-24T15:10,311,0.00,512,23.40,52,1.90
2026-09-24T15:20,285,0.00,483,24.10,48,1.30
2026-09-24T15:30,269,0.00,437,24.50,50,1.00
2026-09-24T15:40,260,0.00,479,24.20,48,1.30
2026-09-24T15:50,291,0.00,552,24.40,47,1.30
2026-09-24T16:00,320,0.00,523,24.20,49,0.70
2026-09-24T16:10,336,0.00,460,24.50,47,1.00
2026-09-24T16:20,331,0.00,435,24.30,48,1.40
2026-09-24T16:30,258,0.00,399,24.60,47,0.70
2026-09-24T16:40,322,0.00,415,24.50,49,1.00
2026-09-24T16:50,246,0.00,380,24.60,51,1.20
2026-09-24T17:00,235,0.00,336,24.60,48,1.00
2026-09-24T17:10,241,0.00,281,25.00,48,1.10
2026-09-24T17:20,292,0.00,190,24.70,47,0.90
2026-09-24T17:30,308,0.00,248,24.50,50,0.70
2026-09-24T17:40,251,0.00,209,24.60,52,1.10
2026-09-24T17:50,129,0.00,190,24.00,51,0.90
2026-09-24T18:00,102,0.00,167,23.70,51,1.60
2026-09-24T18:10,88,0.00,110,23.80,51,1.50
2026-09-24T18:20,111,0.00,116,23.60,51,1.60
2026-09-24T18:30,98,0.00,78,23.70,51,1.80
2026-09-24T18:40,96,0.00,61,23.50,52,1.80
2026-09-24T18:50,103,0.00,32,23.40,52,1.80
2026-09-24T19:00,105,0.00,11,22.90,53,2.40
2026-09-24T19:10,105,0.00,0,22.60,55,2.10
2026-09-24T19:20,86,0.00,0,21.30,60,3.30
2026-09-24T19:30,102,0.00,0,20.70,62,3.80
2026-09-24T19:40,100,0.00,0,20.40,63,3.60
2026-09-24T19:50,99,0.00,0,20.20,63,3.30
2026-09-24T20:00,104,0.00,0,20.00,64,3.00
2026-09-24T20:10,106,0.00,0,19.90,64,3.40
2026-09-24T20:20,111,0.00,0,19.80,64,3.50
2026-09-24T20:30,107,0.00,0,19.60,64,3.50
2026-09-24T20:40,115,0.00,0,19.50,65,2.80
2026-09-24T20:50,110,0.00,0,19.40,65,2.50
2026-09-24T21:00,108,0.00,0,19.40,65,2.90
2026-09-24T21:10,106,0.00,0,19.30,66,3.10
2026-09-24T21:20,112,0.00,0,19.20,66,2.20
2026-09-24T21:30,107,0.00,0,19.00,67,1.80
2026-09-24T21:40,100,0.00,0,18.90,66,2.20
2026-09-24T21:50,99,0.00,0,18.90,66,2.60
2026-09-24T22:00,103,0.00,0,19.00,66,2.50
2026-09-24T22:10,103,0.00,0,18.90,66,2.90
2026-09-24T22:20,98,0.00,0,19.00,66,2.80
2026-09-24T22:30,99,0.00,0,19.00,66,2.50
2026-09-24T22:40,99,0.00,0,19.00,66,2.80
2026-09-24T22:50,100,0.00,0,18.90,66,2.40
2026-09-24T23:00,100,0.00,0,19.20,65,2.70
2026-09-24T23:10,98,0.00,0,19.20,64,3.00
2026-09-24T23:20,100,0.00,0,19.30,63,3.30
2026-09-24T23:30,98,0.00,0,19.30,63,3.70
2026-09-24T23:40,92,0.00,0,19.30,63,3.40
2026-09-24T23:50,92,0.00,0,19.10,64,3.00
2026-09-25T00:00,95,0.00,0,18.90,65,3.00
2026-09-25T00:10,96,0.00,0,18.90,65,2.70
2026-09-25T00:20,99,0.00,0,18.80,66,2.90
2026-09-25T00:30,100,0.00,0,18.50,67,2.60
2026-09-25T00:40,100,0.00,0,18.20,69,2.80
2026-09-25T00:50,97,0.00,0,18.00,69,2.30
2026-09-25T01:00,98,0.00,0,17.90,70,2.40
2026-09-25T01:10,93,0.00,0,17.70,70,2.20
2026-09-25T01:20,90,0.00,0,17.60,71,2.30
2026-09-25T01:30,91,0.00,0,17.40,71,2.00
2026-09-25T01:40,88,0.00,0,17.40,72,1.80
2026-09-25T01:50,92,0.00,0,17.30,72,2.30
2026-09-25T02:00,89,0.00,0,17.20,72,2.60
2026-09-25T02:10,90,0.00,0,17.20,72,2.80
2026-09-25T02:20,93,0.00,0,17.20,71,2.70
2026-09-25T02:30,93,0.00,0,17.30,71,3.00
2026-09-25T02:40,94,0.00,0,17.30,71,3.10
2026-09-25T02:50,89,0.00,0,17.40,70,2.90
2026-09-25T03:00,91,0.00,0,17.60,70,3.20
2026-09-25T03:10,91,0.00,0,17.60,69,3.20
2026-09-25T03:20,94,0.00,0,17.60,69,3.10
2026-09-25T03:30,94,0.00,0,17.50,70,2.60
2026-09-25T03:40,96,0.00,0,17.60,70,3.20
2026-09-25T03:50,97,0.00,0,17.60,70,3.20
2026-09-25T04:00,99,0.00,0,17.60,70,3.30
2026-09-25T04:10,95,0.00,0,17.70,70,3.10
2026-09-25T04:20,93,0.00,0,17.80,70,3.40
2026-09-25T04:30,92,0.00,0,17.80,70,3.10
2026-09-25T04:40,93,0.00,0,17.70,70,3.60
2026-09-25T04:50,91,0.00,0,17.80,70,4.00
2026-09-25T05:00,92,0.00,0,17.80,70,4.10
2026-09-25T05:10,93,0.00,0,17.80,69,3.90
2026-09-25T05:20,91,0.00,0,17.80,69,3.60
2026-09-25T05:30,93,0.00,0,17.70,70,3.10
2026-09-25T05:40,92,0.00,0,17.60,70,3.70
2026-09-25T05:50,92,0.00,0,17.50,70,3.40
2026-09-25T06:00,89,0.00,0,17.50,71,3.60
2026-09-25T06:10,94,0.00,0,17.30,71,3.90
2026-09-25T06:20,92,0.00,0,17.00,72,3.80
2026-09-25T06:30,89,0.00,0,17.20,72,3.20
2026-09-25T06:40,93,0.00,0,17.20,71,2.90
2026-09-25T06:50,94,0.00,0,17.50,70,3.70
2026-09-25T07:00,92,0.00,0,17.90,68,3.70
2026-09-25T07:10,93,0.00,0,17.80,69,3.80
2026-09-25T07:20,95,0.00,1,17.70,69,3.60
2026-09-25T07:30,90,0.00,18,17.70,69,3.60
2026-09-25T07:40,95,0.00,26,17.80,69,2.90
2026-09-25T07:50,101,0.00,21,17.60,70,3.50
2026-09-25T08:00,99,0.00,23,17.80,69,2.70
2026-09-25T08:10,95,0.00,29,17.80,69,3.00
2026-09-25T08:20,96,0.00,44,17.70,70,3.30
2026-09-25T08:30,93,0.00,40,17.70,70,3.00
2026-09-25T08:40,88,0.00,70,17.70,71,2.90
2026-09-25T08:50,95,0.00,61,17.90,69,2.70
2026-09-25T09:00,98,0.00,98,18.00,69,2.50
2026-09-25T09:10,95,0.00,194,18.40,67,2.60
2026-09-25T09:20,87,0.00,159,18.60,66,2.40
2026-09-25T09:30,87,0.00,407,18.70,66,2.10
2026-09-25T09:40,86,0.00,406,19.00,64,2.80
2026-09-25T09:50,90,0.00,421,19.30,61,2.80
2026-09-25T10:00,91,0.00,457,19.90,59,3.20
2026-09-25T10:10,92,0.00,488,19.90,58,2.70
2026-09-25T10:20,96,0.00,514,20.10,57,3.40
2026-09-25T10:30,92,0.00,548,20.50,56,3.30
2026-09-25T10:40,107,0.00,594,21.20,55,2.90
2026-09-25T10:50,120,0.00,444,21.00,55,3.10
2026-09-25T11:00,129,0.00,435,21.10,57,2.30
2026-09-25T11:10,122,0.00,310,20.90,55,2.70
2026-09-25T11:20,128,0.00,328,21.40,56,1.90
2026-09-25T11:30,126,0.00,345,21.20,54,2.60
2026-09-25T11:40,164,0.00,511,22.30,47,2.20
2026-09-25T11:50,163,0.00,364,22.30,48,2.00
2026-09-25T12:00,160,0.00,622,21.90,49,2.70
2026-09-25T12:10,124,0.00,838,22.50,48,2.60
2026-09-25T12:20,141,0.00,784,22.40,48,2.00
2026-09-25T12:30,144,0.00,810,23.10,39,2.40
2026-09-25T12:40,169,0.00,793,23.40,43,2.60
2026-09-25T12:50,144,0.00,814,23.40,42,2.20
2026-09-25T13:00,133,0.00,241,23.10,40,2.60
2026-09-25T13:10,176,0.00,703,23.40,39,2.50
2026-09-25T13:20,134,0.00,722,22.90,43,2.60
2026-09-25T13:30,193,0.00,713,23.50,40,2.20
2026-09-25T13:40,129,0.00,701,23.20,40,2.70
2026-09-25T13:50,120,0.00,683,23.70,40,1.90
2026-09-25T14:00,118,0.00,701,23.30,39,2.60
2026-09-25T14:10,116,0.00,653,23.30,40,2.00
2026-09-25T14:20,102,0.00,663,23.40,40,2.60
2026-09-25T14:30,73,0.00,675,23.90,38,0.90
2026-09-25T14:40,150,0.00,648,23.50,39,2.10
2026-09-25T14:50,172,0.00,636,23.80,39,2.20
2026-09-25T15:00,178,0.00,637,24.00,38,2.40
2026-09-25T15:10,114,0.00,582,23.50,38,1.50
2026-09-25T15:20,107,0.00,602,23.80,37,2.20
2026-09-25T15:30,134,0.00,595,23.70,38,1.30
2026-09-25T15:40,169,0.00,546,23.80,37,1.80
2026-09-25T15:50,167,0.00,523,24.30,39,1.90
2026-09-25T16:00,198,0.00,448,24.10,36,2.60
2026-09-25T16:10,198,0.00,438,24.70,36,1.60
2026-09-25T16:20,195,0.00,416,24.10,36,2.80
2026-09-25T16:30,161,0.00,395,24.20,39,1.20
2026-09-25T16:40,241,0.00,367,24.90,37,1.90
2026-09-25T16:50,243,0.00,335,24.90,37,1.40
2026-09-25T17:00,192,0.00,308,24.20,37,1.30
2026-09-25T17:10,178,0.00,280,24.10,36,1.80
2026-09-25T17:20,217,0.00,239,24.20,39,1.00
2026-09-25T17:30,281,0.00,226,24.10,40,0.70
2026-09-25T17:40,232,0.00,193,23.80,38,1.20
2026-09-25T17:50,175,0.00,162,23.60,38,1.40
2026-09-25T18:00,138,0.00,132,23.50,38,0.80
2026-09-25T18:10,119,0.00,93,23.20,39,0.90
2026-09-25T18:20,137,0.00,73,23.20,38,1.10
2026-09-25T18:30,165,0.00,53,22.90,39,1.10
2026-09-25T18:40,149,0.00,30,22.60,43,0.70
2026-09-25T18:50,152,0.00,10,22.30,41,0.50
2026-09-25T19:00,150,0.00,2,22.10,43,0.70
2026-09-25T19:10,111,0.00,0,21.10,48,0.60
2026-09-25T19:20,,0.00,0,20.20,50,0.00
2026-09-25T19:30,204,0.00,0,19.40,54,0.30
2026-09-25T19:40,,0.00,0,19.10,55,0.00
2026-09-25T19:50,,0.00,0,18.60,58,0.00
2026-09-25T20:00,201,0.00,0,18.40,57,0.70
2026-09-25T20:10,176,0.00,0,19.50,53,1.10
2026-09-25T20:20,118,0.00,0,19.70,53,1.10
2026-09-25T20:30,123,0.00,0,19.40,55,1.30
2026-09-25T20:40,175,0.00,0,19.30,54,1.30
2026-09-25T20:50,154,0.00,0,19.60,53,2.10
2026-09-25T21:00,172,0.00,0,19.60,53,2.40
2026-09-25T21:10,181,0.00,0,19.40,53,2.90
2026-09-25T21:20,175,0.00,0,19.40,52,3.00
2026-09-25T21:30,158,0.00,0,18.80,56,1.80
2026-09-25T21:40,163,0.00,0,18.40,57,1.60
2026-09-25T21:50,146,0.00,0,18.10,58,1.40
2026-09-25T22:00,164,0.00,0,18.00,58,1.80
2026-09-25T22:10,148,0.00,0,17.80,58,1.90
2026-09-25T22:20,175,0.00,0,17.70,59,1.80
2026-09-25T22:30,147,0.00,0,17.50,59,1.30
2026-09-25T22:40,,0.00,0,17.20,62,0.00
2026-09-25T22:50,345,0.00,0,16.70,64,0.70
2026-09-25T23:00,330,0.00,0,16.70,64,0.80
2026-09-25T23:10,,0.00,0,16.60,65,0.00
2026-09-25T23:20,42,0.00,0,16.20,68,0.50
2026-09-25T23:30,67,0.00,0,16.20,68,1.00
2026-09-25T23:40,121,0.00,0,15.90,69,0.60
2026-09-25T23:50,,0.00,0,15.60,71,0.00
2026-09-26T00:00,123,0.00,0,15.30,73,0.30
2026-09-26T00:10,94,0.00,0,15.00,74,0.40
2026-09-26T00:20,102,0.00,0,15.10,74,1.30
2026-09-26T00:30,90,0.00,0,15.40,72,1.90
2026-09-26T00:40,94,0.00,0,15.20,72,0.90
2026-09-26T00:50,84,0.00,0,15.00,73,0.90
2026-09-26T01:00,91,0.00,0,15.00,74,0.80
2026-09-26T01:10,103,0.00,0,14.80,74,0.40
2026-09-26T01:20,95,0.00,0,14.60,74,0.60
2026-09-26T01:30,79,0.00,0,15.20,71,1.30
2026-09-26T01:40,55,0.00,0,15.00,73,1.10
2026-09-26T01:50,53,0.00,0,14.90,72,1.00
2026-09-26T02:00,54,0.00,0,15.00,72,1.50
2026-09-26T02:10,59,0.00,0,15.00,72,1.30
2026-09-26T02:20,68,0.00,0,14.60,74,1.00
2026-09-26T02:30,72,0.00,0,14.80,72,1.10
2026-09-26T02:40,77,0.00,0,14.80,72,1.70
2026-09-26T02:50,71,0.00,0,14.80,72,1.50
2026-09-26T03:00,61,0.00,0,14.60,73,1.40
2026-09-26T03:10,61,0.00,0,14.70,73,1.00
2026-09-26T03:20,62,0.00,0,14.80,72,1.30
2026-09-26T03:30,51,0.00,0,14.50,73,1.10
2026-09-26T03:40,48,0.00,0,14.50,73,1.30
2026-09-26T03:50,47,0.00,0,14.30,74,1.40
2026-09-26T04:00,54,0.00,0,14.30,75,1.60
2026-09-26T04:10,44,0.00,0,14.30,75,1.30
2026-09-26T04:20,49,0.00,0,14.30,75,1.20
2026-09-26T04:30,49,0.00,0,14.30,75,1.60
2026-09-26T04:40,48,0.00,0,14.20,76,1.70
2026-09-26T04:50,40,0.00,0,14.20,75,1.50
2026-09-26T05:00,30,0.00,0,14.10,76,0.90
2026-09-26T05:10,23,0.00,0,13.80,77,0.80
2026-09-26T05:20,,0.00,0,13.10,80,0.00
2026-09-26T05:30,,0.00,0,12.70,82,0.00
2026-09-26T05:40,,0.00,0,12.40,84,0.00
2026-09-26T05:50,,0.00,0,12.10,84,0.00
2026-09-26T06:00,73,0.00,0,12.10,85,0.60
2026-09-26T06:10,58,0.00,0,12.20,86,0.70
2026-09-26T06:20,65,0.00,0,13.20,81,0.90
2026-09-26T06:30,37,0.00,0,13.00,81,0.90
2026-09-26T06:40,85,0.00,0,12.80,82,0.60
2026-09-26T06:50,71,0.00,0,12.60,83,0.70
2026-09-26T07:00,85,0.00,0,12.40,84,0.70
2026-09-26T07:10,82,0.00,0,12.30,85,0.70
2026-09-26T07:20,108,0.00,11,12.10,86,0.30
2026-09-26T07:30,103,0.00,30,12.00,87,0.80
2026-09-26T07:40,97,0.00,52,12.20,86,0.70
2026-09-26T07:50,107,0.00,75,13.00,83,1.20
2026-09-26T08:00,133,0.00,99,14.10,78,0.70
2026-09-26T08:10,123,0.00,126,15.00,74,1.00
2026-09-26T08:20,127,0.00,153,15.50,71,0.90
2026-09-26T08:30,189,0.00,177,15.90,71,1.00
2026-09-26T08:40,141,0.00,211,16.00,70,1.00
2026-09-26T08:50,163,0.00,239,17.20,67,0.60
2026-09-26T09:00,206,0.00,268,16.70,69,1.20
2026-09-26T09:10,209,0.00,298,16.90,69,0.90
2026-09-26T09:20,197,0.00,329,17.60,67,0.90
2026-09-26T09:30,195,0.00,361,17.70,66,1.30
2026-09-26T09:40,193,0.00,382,18.60,63,0.90
2026-09-26T09:50,221,0.00,411,19.00,65,1.00
2026-09-26T10:00,259,0.00,434,18.90,66,0.80
2026-09-26T10:10,217,0.00,462,19.50,63,0.90
2026-09-26T10:20,214,0.00,489,19.70,63,1.20
2026-09-26T10:30,199,0.00,515,20.30,59,1.20
2026-09-26T10:40,233,0.00,529,20.20,59,0.80
2026-09-26T10:50,216,0.00,552,21.50,53,0.90
2026-09-26T11:00,188,0.00,569,21.50,54,1.00
2026-09-26T11:10,220,0.00,589,21.20,54,1.20
2026-09-26T11:20,256,0.00,606,21.90,50,1.20
2026-09-26T11:30,220,0.00,623,22.00,47,1.70
2026-09-26T11:40,177,0.00,644,21.30,50,0.80
2026-09-26T11:50,191,0.00,654,22.00,49,1.40
2026-09-26T12:00,133,0.00,662,21.90,46,1.30
2026-09-26T12:10,84,0.00,671,21.90,47,1.30
2026-09-26T12:20,128,0.00,682,22.30,46,0.80
2026-09-26T12:30,133,0.00,684,22.70,44,1.00
2026-09-26T12:40,114,0.00,689,22.70,44,1.20
2026-09-26T12:50,119,0.00,690,23.40,43,0.50
2026-09-26T13:00,114,0.00,694,23.20,44,1.20
2026-09-26T13:10,88,0.00,695,23.20,43,1.60
2026-09-26T13:20,102,0.00,697,23.50,42,1.00
2026-09-26T13:30,166,0.00,691,24.60,43,0.70
2026-09-26T13:40,111,0.00,683,23.30,43,1.10
2026-09-26T13:50,166,0.00,682,24.10,40,1.50
2026-09-26T14:00,113,0.00,673,23.30,41,1.80
2026-09-26T14:10,104,0.00,669,23.60,42,2.20
2026-09-26T14:20,99,0.00,654,23.70,42,1.50
2026-09-26T14:30,179,0.00,636,23.70,42,1.20
2026-09-26T14:40,139,0.00,626,23.70,42,0.80
2026-09-26T14:50,91,0.00,614,23.80,41,1.70
2026-09-26T15:00,116,0.00,594,23.60,41,1.50
2026-09-26T15:10,,0.00,574,24.10,39,0.00
2026-09-26T15:20,171,0.00,557,24.10,40,2.10
2026-09-26T15:30,181,0.00,536,24.20,40,1.90
2026-09-26T15:40,162,0.00,514,24.50,38,1.10
2026-09-26T15:50,183,0.00,493,24.60,38,2.10
2026-09-26T16:00,143,0.00,468,24.20,39,2.00
2026-09-26T16:10,151,0.00,440,24.70,39,1.50
2026-09-26T16:20,193,0.00,415,24.70,38,1.90
2026-09-26T16:30,167,0.00,389,24.60,39,1.60
2026-09-26T16:40,141,0.00,361,24.30,39,1.20
2026-09-26T16:50,131,0.00,334,24.30,37,1.30
2026-09-26T17:00,101,0.00,304,24.20,38,1.40
2026-09-26T17:10,303,0.00,270,24.90,36,0.30
2026-09-26T17:20,176,0.00,245,24.40,37,1.60
2026-09-26T17:30,108,0.00,216,24.30,37,0.90
2026-09-26T17:40,113,0.00,187,24.20,37,1.30
2026-09-26T17:50,93,0.00,157,24.00,39,1.20
2026-09-26T18:00,117,0.00,126,23.90,39,0.90
2026-09-26T18:10,122,0.00,86,23.70,42,0.60
2026-09-26T18:20,,0.00,58,23.60,42,0.00
2026-09-26T18:30,127,0.00,42,23.30,40,0.60
2026-09-26T18:40,146,0.00,29,23.10,40,0.80
2026-09-26T18:50,115,0.00,8,22.40,44,0.50
2026-09-26T19:00,32,0.00,2,21.50,46,0.60
2026-09-26T19:10,41,0.00,0,20.70,51,0.40
2026-09-26T19:20,36,0.00,0,19.90,55,0.70
2026-09-26T19:30,33,0.00,0,19.60,57,0.70
2026-09-26T19:40,33,0.00,0,19.20,58,0.90
2026-09-26T19:50,46,0.00,0,19.10,59,0.90
2026-09-26T20:00,64,0.00,0,18.80,62,1.00
2026-09-26T20:10,60,0.00,0,18.50,63,0.90
2026-09-26T20:20,52,0.00,0,18.10,65,0.60
2026-09-26T20:30,,0.00,0,17.70,67,0.00
2026-09-26T20:40,,0.00,0,17.50,66,0.00
2026-09-26T20:50,64,0.00,0,17.30,68,0.60
2026-09-26T21:00,66,0.00,0,17.10,69,0.60
2026-09-26T21:10,48,0.00,0,16.90,70,0.80
2026-09-26T21:20,,0.00,0,16.50,72,0.00
2026-09-26T21:30,311,0.00,0,16.50,72,0.80
2026-09-26T21:40,352,0.00,0,16.50,71,0.40
2026-09-26T21:50,167,0.00,0,16.20,73,0.40
2026-09-26T22:00,130,0.00,0,16.60,70,0.90
2026-09-26T22:10,82,0.00,0,18.40,61,1.40
2026-09-26T22:20,215,0.00,0,17.20,65,0.70
2026-09-26T22:30,122,0.00,0,19.10,61,1.70
2026-09-26T22:40,118,0.00,0,19.20,62,1.60
2026-09-26T22:50,107,0.00,0,18.70,63,1.00
2026-09-26T23:00,124,0.00,0,18.00,66,0.50
2026-09-26T23:10,122,0.00,0,17.20,70,0.40
2026-09-26T23:20,120,0.00,0,17.00,71,0.80
2026-09-26T23:30,67,0.00,0,18.10,64,1.90
2026-09-26T23:40,56,0.00,0,17.80,66,1.40
2026-09-26T23:50,37,0.00,0,17.50,68,1.20
2026-09-27T00:00,54,0.00,0,17.00,69,1.10
2026-09-27T00:10,49,0.00,0,16.60,72,0.90
2026-09-27T00:20,36,0.00,0,16.40,72,0.60
2026-09-27T00:30,56,0.00,0,15.80,75,0.80
2026-09-27T00:40,57,0.00,0,15.60,76,1.00
2026-09-27T00:50,67,0.00,0,15.30,78,1.10
2026-09-27T01:00,69,0.00,0,15.70,76,1.00
2026-09-27T01:10,53,0.00,0,15.60,78,0.70
2026-09-27T01:20,42,0.00,0,15.30,78,0.60
2026-09-27T01:30,57,0.00,0,16.30,75,1.30
2026-09-27T01:40,59,0.00,0,15.50,77,0.70
2026-09-27T01:50,51,0.00,0,15.00,80,0.80
2026-09-27T02:00,63,0.00,0,14.70,82,1.10
2026-09-27T02:10,62,0.00,0,14.80,82,1.10
2026-09-27T02:20,67,0.00,0,14.70,82,1.10
2026-09-27T02:30,44,0.00,0,14.90,81,0.90
2026-09-27T02:40,56,0.00,0,15.10,81,0.80
2026-09-27T02:50,59,0.00,0,14.80,82,0.80
2026-09-27T03:00,46,0.00,0,14.50,84,0.70
2026-09-27T03:10,58,0.00,0,14.90,81,1.10
2026-09-27T03:20,63,0.00,0,14.90,80,1.00
2026-09-27T03:30,61,0.00,0,14.60,81,0.90
2026-09-27T03:40,58,0.00,0,14.60,81,1.10
2026-09-27T03:50,59,0.00,0,14.60,80,0.90
2026-09-27T04:00,66,0.00,0,14.40,82,0.70
2026-09-27T04:10,69,0.00,0,14.40,81,1.10
2026-09-27T04:20,52,0.00,0,14.70,79,1.10
2026-09-27T04:30,47,0.00,0,14.70,79,1.20
2026-09-27T04:40,52,0.00,0,14.70,79,1.70
2026-09-27T04:50,50,0.00,0,14.70,79,1.20
2026-09-27T05:00,50,0.00,0,14.50,80,1.10
2026-09-27T05:10,45,0.00,0,14.40,81,0.90
2026-09-27T05:20,51,0.00,0,14.50,80,1.20
2026-09-27T05:30,60,0.00,0,14.50,80,1.30
2026-09-27T05:40,51,0.00,0,14.30,80,1.30
2026-09-27T05:50,27,0.00,0,14.00,82,0.60
2026-09-27T06:00,33,0.00,0,13.60,84,0.50
2026-09-27T06:10,,0.00,0,13.00,85,0.00
2026-09-27T06:20,,0.00,0,12.80,88,0.00
2026-09-27T06:30,,0.00,0,12.50,89,0.00
2026-09-27T06:40,,0.00,0,12.30,90,0.00
2026-09-27T06:50,,0.00,0,12.20,91,0.00
2026-09-27T07:00,,0.00,0,12.00,91,0.00
2026-09-27T07:10,232,0.00,0,12.10,92,0.90
2026-09-27T07:20,228,0.00,6,12.00,92,0.80
2026-09-27T07:30,170,0.00,25,12.00,91,0.30
2026-09-27T07:40,195,0.00,47,12.10,92,0.70
2026-09-27T07:50,196,0.00,70,12.50,91,0.30
2026-09-27T08:00,,0.00,96,13.60,91,0.00
2026-09-27T08:10,230,0.00,121,15.30,83,0.30
2026-09-27T08:20,227,0.00,150,15.60,84,0.60
2026-09-27T08:30,202,0.00,178,16.50,80,0.70
2026-09-27T08:40,188,0.00,208,17.00,76,0.70
2026-09-27T08:50,183,0.00,239,17.50,73,0.70
2026-09-27T09:00,191,0.00,270,18.10,72,0.90
2026-09-27T09:10,200,0.00,300,17.80,71,1.00
2026-09-27T09:20,193,0.00,327,18.60,68,0.90
2026-09-27T09:30,215,0.00,355,18.80,67,0.60
2026-09-27T09:40,201,0.00,380,19.40,66,0.80
2026-09-27T09:50,253,0.00,404,20.40,62,0.60
2026-09-27T10:00,203,0.00,430,19.90,64,0.90
2026-09-27T10:10,188,0.00,455,20.50,65,0.90
2026-09-27T10:20,226,0.00,475,21.00,61,0.80
2026-09-27T10:30,184,0.00,507,21.10,62,0.90
2026-09-27T10:40,155,0.00,519,21.50,60,0.50
2026-09-27T10:50,,0.00,546,22.40,60,0.00
2026-09-27T11:00,261,0.00,576,22.40,61,1.30
2026-09-27T11:10,283,0.00,589,23.00,58,1.10
2026-09-27T11:20,269,0.00,602,23.00,56,0.80
2026-09-27T11:30,224,0.00,620,22.80,58,1.20
2026-09-27T11:40,239,0.00,638,23.50,54,1.10
2026-09-27T11:50,239,0.00,658,23.20,54,1.30
2026-09-27T12:00,230,0.00,666,23.30,52,1.20
2026-09-27T12:10,168,0.00,672,23.30,54,0.70
2026-09-27T12:20,262,0.00,677,24.10,50,1.20
2026-09-27T12:30,247,0.00,683,24.50,50,1.20
2026-09-27T12:40,296,0.00,680,23.80,49,1.00
2026-09-27T12:50,347,0.00,687,24.00,48,1.10
2026-09-27T13:00,274,0.00,692,24.70,49,1.60
2026-09-27T13:10,246,0.00,690,25.20,46,1.40
2026-09-27T13:20,231,0.00,688,25.50,43,1.30
2026-09-27T13:30,231,0.00,687,25.20,44,1.50
2026-09-27T13:40,263,0.00,680,25.60,43,1.10
2026-09-27T13:50,256,0.00,673,25.70,42,1.10
2026-09-27T14:00,223,0.00,670,25.20,43,1.90
2026-09-27T14:10,263,0.00,660,25.20,43,1.40
2026-09-27T14:20,200,0.00,652,25.10,46,1.20
2026-09-27T14:30,183,0.00,637,25.40,45,0.90
2026-09-27T14:40,250,0.00,627,25.80,45,2.50
2026-09-27T14:50,249,0.00,608,25.90,43,2.10
2026-09-27T15:00,236,0.00,589,25.60,41,1.20
2026-09-27T15:10,170,0.00,568,25.90,39,1.40
2026-09-27T15:20,187,0.00,549,25.60,42,0.90
2026-09-27T15:30,157,0.00,530,25.70,40,1.00
2026-09-27T15:40,171,0.00,506,26.20,40,0.90
2026-09-27T15:50,236,0.00,481,26.30,39,0.50
2026-09-27T16:00,187,0.00,464,26.20,39,1.40
2026-09-27T16:10,189,0.00,443,26.00,40,2.80
2026-09-27T16:20,103,0.00,412,25.60,41,3.40
2026-09-27T16:30,42,0.00,380,25.60,41,1.70
2026-09-27T16:40,136,0.00,352,26.30,35,1.00
2026-09-27T16:50,178,0.00,326,26.20,38,1.30
2026-09-27T17:00,181,0.00,295,26.30,37,1.80
2026-09-27T17:10,202,0.00,271,26.60,36,1.40
2026-09-27T17:20,213,0.00,238,26.80,36,1.60
2026-09-27T17:30,223,0.00,204,26.30,35,1.80
2026-09-27T17:40,198,0.00,182,25.70,37,1.70
2026-09-27T17:50,191,0.00,150,25.60,37,1.40
2026-09-27T18:00,204,0.00,121,25.40,37,1.00
2026-09-27T18:10,164,0.00,93,25.30,39,0.90
2026-09-27T18:20,166,0.00,68,25.10,38,1.30
2026-09-27T18:30,155,0.00,43,24.70,40,0.60
2026-09-27T18:40,150,0.00,22,24.20,41,0.30
2026-09-27T18:50,155,0.00,5,23.40,47,0.50
2026-09-27T19:00,,0.00,0,22.50,49,0.00
2026-09-27T19:10,52,0.00,0,21.50,50,0.40
2026-09-27T19:20,,0.00,0,20.90,55,0.00
2026-09-27T19:30,,0.00,0,20.20,56,0.00
2026-09-27T19:40,30,0.00,0,19.80,57,0.30
2026-09-27T19:50,41,0.00,0,19.50,59,0.80
2026-09-27T20:00,,0.00,0,19.10,61,0.00
2026-09-27T20:10,,0.00,0,19.10,62,0.00
2026-09-27T20:20,68,0.00,0,18.70,63,1.00
2026-09-27T20:30,62,0.00,0,18.40,66,1.20
2026-09-27T20:40,60,0.00,0,18.30,67,1.30
2026-09-27T20:50,65,0.00,0,18.10,68,1.20
2026-09-27T21:00,80,0.00,0,17.80,70,1.10
2026-09-27T21:10,96,0.00,0,17.90,70,1.40
2026-09-27T21:20,98,0.00,0,20.10,57,2.20
2026-09-27T21:30,95,0.00,0,20.30,58,2.30
2026-09-27T21:40,115,0.00,0,19.50,60,1.20
2026-09-27T21:50,132,0.00,0,19.00,63,0.40
2026-09-27T22:00,,0.00,0,18.50,65,0.00
2026-09-27T22:10,234,0.00,0,17.90,68,0.40
2026-09-27T22:20,217,0.00,0,17.70,69,0.60
2026-09-27T22:30,,0.00,0,17.40,70,0.00
2026-09-27T22:40,197,0.00,0,17.30,71,0.50
2026-09-27T22:50,1,0.00,0,17.60,70,0.50
2026-09-27T23:00,324,0.00,0,17.50,71,0.70
2026-09-27T23:10,357,0.00,0,17.30,71,0.80
2026-09-27T23:20,33,0.00,0,17.60,71,0.80
2026-09-27T23:30,,0.00,0,16.80,74,0.00
2026-09-27T23:40,,0.00,0,16.50,76,0.00
2026-09-27T23:50,40,0.00,0,16.70,76,0.80
2026-09-28T00:00,53,0.00,0,17.40,72,1.30
2026-09-28T00:10,50,0.00,0,17.40,73,1.30
2026-09-28T00:20,37,0.00,0,17.10,74,0.80
2026-09-28T00:30,46,0.00,0,16.90,75,1.00
2026-09-28T00:40,39,0.00,0,16.70,76,1.00
2026-09-28T00:50,30,0.00,0,16.40,77,0.80
2026-09-28T01:00,40,0.00,0,16.30,77,1.10
2026-09-28T01:10,51,0.00,0,16.20,78,1.10
2026-09-28T01:20,64,0.00,0,15.80,79,0.70
2026-09-28T01:30,89,0.00,0,14.90,82,1.00
2026-09-28T01:40,69,0.00,0,15.10,83,1.20
2026-09-28T01:50,58,0.00,0,14.90,84,1.10
2026-09-28T02:00,52,0.00,0,15.90,79,1.20
2026-09-28T02:10,57,0.00,0,16.00,78,1.10
2026-09-28T02:20,55,0.00,0,15.50,80,0.80
2026-09-28T02:30,51,0.00,0,14.90,82,0.80
2026-09-28T02:40,57,0.00,0,14.80,83,0.70
2026-09-28T02:50,50,0.00,0,14.50,83,0.50
2026-09-28T03:00,52,0.00,0,14.50,83,0.80
2026-09-28T03:10,57,0.00,0,15.10,80,0.80
2026-09-28T03:20,61,0.00,0,15.40,78,1.10
2026-09-28T03:30,67,0.00,0,15.20,79,0.90
2026-09-28T03:40,59,0.00,0,15.20,79,1.00
2026-09-28T03:50,60,0.00,0,15.50,78,0.90
2026-09-28T04:00,50,0.00,0,15.20,79,0.90
2026-09-28T04:10,47,0.00,0,15.40,78,1.10
2026-09-28T04:20,49,0.00,0,15.10,80,0.50
2026-09-28T04:30,59,0.00,0,14.50,82,0.60
2026-09-28T04:40,33,0.00,0,14.10,84,0.40
2026-09-28T04:50,,0.00,0,13.70,86,0.00
2026-09-28T05:00,,0.00,0,13.40,86,0.00
2026-09-28T05:10,,0.00,0,13.20,89,0.00
2026-09-28T05:20,,0.00,0,13.10,90,0.00
2026-09-28T05:30,,0.00,0,12.90,90,0.00
2026-09-28T05:40,,0.00,0,12.90,91,0.00
2026-09-28T05:50,,0.00,0,12.70,92,0.00
2026-09-28T06:00,,0.00,0,12.60,90,0.00
2026-09-28T06:10,129,0.00,0,12.60,93,0.80
2026-09-28T06:20,,0.00,0,12.60,92,0.00
2026-09-28T06:30,186,0.00,0,12.40,93,0.50
2026-09-28T06:40,,0.00,0,12.50,93,0.00
2026-09-28T06:50,,0.00,0,12.60,93,0.00
2026-09-28T07:00,,0.00,0,12.50,93,0.00
2026-09-28T07:10,113,0.00,0,12.60,94,0.60
2026-09-28T07:20,,0.00,5,12.50,93,0.00
2026-09-28T07:30,,0.00,22,12.50,93,0.00
2026-09-28T07:40,,0.00,42,12.50,92,0.00
2026-09-28T07:50,,0.00,65,12.90,91,0.00
2026-09-28T08:00,,0.00,89,13.90,89,0.00
2026-09-28T08:10,,0.00,115,15.90,82,0.00
2026-09-28T08:20,,0.00,142,16.60,80,0.00
2026-09-28T08:30,,0.00,170,16.70,79,0.00
2026-09-28T08:40,,0.00,200,18.00,76,0.00
2026-09-28T08:50,209,0.00,228,17.90,71,0.60
2026-09-28T09:00,196,0.00,258,18.20,72,1.10
2026-09-28T09:10,194,0.00,288,18.90,68,0.80
2026-09-28T09:20,187,0.00,320,19.20,64,0.80
2026-09-28T09:30,195,0.00,350,19.60,62,1.00
2026-09-28T09:40,185,0.00,374,19.70,61,1.00
2026-09-28T09:50,211,0.00,398,20.30,62,0.60
2026-09-28T10:00,211,0.00,424,20.40,60,0.90
2026-09-28T10:10,240,0.00,445,20.60,64,0.80
2026-09-28T10:20,238,0.00,466,21.50,60,0.80
2026-09-28T10:30,229,0.00,491,21.30,59,1.00
2026-09-28T10:40,219,0.00,514,21.40,59,0.60
2026-09-28T10:50,,0.00,526,21.40,60,0.00
2026-09-28T11:00,177,0.00,553,22.40,59,0.50
2026-09-28T11:10,138,0.00,563,22.30,57,0.70
2026-09-28T11:20,139,0.00,590,22.40,53,1.20
2026-09-28T11:30,97,0.00,607,23.10,53,0.80
2026-09-28T11:40,169,0.00,618,23.20,51,1.10
2026-09-28T11:50,117,0.00,641,22.60,54,1.70
2026-09-28T12:00,118,0.00,645,23.20,52,1.10
2026-09-28T12:10,66,0.00,656,23.20,52,1.50
2026-09-28T12:20,63,0.00,656,23.50,50,1.20
2026-09-28T12:30,80,0.00,656,24.50,48,0.80
2026-09-28T12:40,160,0.00,675,24.40,47,0.90
2026-09-28T12:50,144,0.00,671,24.80,46,1.00
2026-09-28T13:00,120,0.00,671,24.50,48,1.70
2026-09-28T13:10,98,0.00,670,25.00,45,0.80
2026-09-28T13:20,64,0.00,668,24.90,47,1.30
2026-09-28T13:30,170,0.00,674,25.20,45,1.60
2026-09-28T13:40,149,0.00,669,24.80,46,2.10
2026-09-28T13:50,196,0.00,660,25.90,45,2.10
2026-09-28T14:00,111,0.00,650,25.50,46,0.70
2026-09-28T14:10,113,0.00,649,24.80,47,2.10
2026-09-28T14:20,83,0.00,635,25.30,45,1.60
2026-09-28T14:30,53,0.00,619,25.60,44,0.80
2026-09-28T14:40,69,0.00,601,25.70,44,1.40
2026-09-28T14:50,97,0.00,593,25.70,44,1.60
2026-09-28T15:00,116,0.00,578,25.50,43,2.40
2026-09-28T15:10,127,0.00,552,25.80,44,1.20
2026-09-28T15:20,98,0.00,539,25.50,44,2.50
2026-09-28T15:30,99,0.00,516,25.90,42,2.00
2026-09-28T15:40,107,0.00,496,25.50,43,2.30
2026-09-28T15:50,60,0.00,473,25.80,43,1.30
2026-09-28T16:00,106,0.00,444,25.70,43,2.70
2026-09-28T16:10,107,0.00,420,26.00,43,2.00
2026-09-28T16:20,125,0.00,393,25.90,41,1.60
2026-09-28T16:30,87,0.00,364,25.80,43,1.90
2026-09-28T16:40,109,0.00,338,25.70,42,2.20
2026-09-28T16:50,105,0.00,309,25.80,42,2.30
2026-09-28T17:00,93,0.00,282,25.70,43,2.30
2026-09-28T17:10,105,0.00,254,25.60,43,2.70
2026-09-28T17:20,109,0.00,223,25.60,43,2.10
2026-09-28T17:30,95,0.00,125,25.40,43,2.70
2026-09-28T17:40,102,0.00,167,25.50,44,2.20
2026-09-28T17:50,91,0.00,139,25.40,43,2.00
2026-09-28T18:00,96,0.00,112,25.30,43,1.90
2026-09-28T18:10,98,0.00,86,25.10,44,2.40
2026-09-28T18:20,99,0.00,62,25.00,45,2.40
2026-09-28T18:30,98,0.00,39,24.70,46,2.30
2026-09-28T18:40,90,0.00,19,24.60,47,1.70
2026-09-28T18:50,94,0.00,4,24.10,48,1.80
2026-09-28T19:00,94,0.00,0,23.80,49,1.60
2026-09-28T19:10,80,0.00,0,23.70,50,1.30
2026-09-28T19:20,77,0.00,0,23.40,50,1.40
2026-09-28T19:30,69,0.00,0,23.10,52,1.30
2026-09-28T19:40,76,0.00,0,22.60,54,1.20
2026-09-28T19:50,71,0.00,0,22.30,55,1.20
2026-09-28T20:00,72,0.00,0,22.00,55,1.20
2026-09-28T20:10,63,0.00,0,21.50,58,0.80
2026-09-28T20:20,50,0.00,0,20.30,62,0.80
2026-09-28T20:30,70,0.00,0,19.40,66,0.60
2026-09-28T20:40,78,0.00,0,18.80,70,1.00
2026-09-28T20:50,83,0.00,0,19.70,64,1.40
2026-09-28T21:00,97,0.00,0,20.30,61,1.90
2026-09-28T21:10,102,0.00,0,20.70,59,1.90
2026-09-28T21:20,101,0.00,0,20.80,59,2.10
2026-09-28T21:30,101,0.00,0,20.70,60,2.10
2026-09-28T21:40,99,0.00,0,20.40,62,2.30
2026-09-28T21:50,95,0.00,0,20.30,62,2.40
2026-09-28T22:00,99,0.00,0,19.70,65,2.20
2026-09-28T22:10,97,0.00,0,19.60,65,2.10
2026-09-28T22:20,93,0.00,0,19.50,66,2.00
2026-09-28T22:30,106,0.00,0,18.90,69,1.40
2026-09-28T22:40,223,0.00,0,18.20,72,0.80
2026-09-28T22:50,214,0.00,0,17.70,73,0.50
2026-09-28T23:00,192,0.00,0,18.00,72,0.40
2026-09-28T23:10,121,0.00,0,18.20,72,0.40
2026-09-28T23:20,,0.00,0,18.20,72,0.00
2026-09-28T23:30,28,0.00,0,18.20,72,0.70
2026-09-28T23:40,34,0.00,0,18.30,72,1.10
2026-09-28T23:50,45,0.00,0,18.00,74,0.90
2026-09-29T00:00,61,0.00,0,17.50,75,0.70
2026-09-29T00:10,61,0.00,0,17.00,77,1.00
2026-09-29T00:20,44,0.00,0,17.50,75,1.30
2026-09-29T00:30,56,0.00,0,17.40,75,1.20
2026-09-29T00:40,55,0.00,0,17.40,75,1.50
2026-09-29T00:50,54,0.00,0,17.20,76,1.20
2026-09-29T01:00,33,0.00,0,16.90,78,0.80
2026-09-29T01:10,34,0.00,0,16.70,79,0.60
2026-09-29T01:20,,0.00,0,16.40,80,0.00
2026-09-29T01:30,,0.00,0,16.00,83,0.00
2026-09-29T01:40,,0.00,0,15.50,85,0.00
2026-09-29T01:50,,0.00,0,15.20,86,0.00
2026-09-29T02:00,,0.00,0,15.00,86,0.00
2026-09-29T02:10,,0.00,0,14.90,87,0.00
2026-09-29T02:20,,0.00,0,14.90,89,0.00
2026-09-29T02:30,193,0.00,0,14.70,90,0.40
2026-09-29T02:40,,0.00,0,14.80,90,0.00
2026-09-29T02:50,309,0.00,0,14.50,90,0.40
2026-09-29T03:00,,0.00,0,14.40,90,0.00
2026-09-29T03:10,68,0.00,0,14.40,91,0.80
2026-09-29T03:20,98,0.00,0,14.10,91,0.70
2026-09-29T03:30,98,0.00,0,14.50,92,1.20
2026-09-29T03:40,79,0.00,0,15.50,86,1.20
2026-09-29T03:50,62,0.00,0,15.60,85,0.90
2026-09-29T04:00,63,0.00,0,15.80,83,0.90
2026-09-29T04:10,81,0.00,0,15.10,85,0.80
2026-09-29T04:20,83,0.00,0,14.60,88,0.90
2026-09-29T04:30,85,0.00,0,14.90,88,1.20
2026-09-29T04:40,86,0.00,0,15.40,85,1.30
2026-09-29T04:50,86,0.00,0,15.50,84,1.30
2026-09-29T05:00,88,0.00,0,15.40,84,1.30
2026-09-29T05:10,86,0.00,0,15.50,84,1.20
2026-09-29T05:20,77,0.00,0,15.00,83,0.50
2026-09-29T05:30,97,0.00,0,14.40,88,0.50
2026-09-29T05:40,120,0.00,0,14.00,89,0.60
2026-09-29T05:50,,0.00,0,13.90,91,0.00
2026-09-29T06:00,,0.00,0,13.60,92,0.00
2026-09-29T06:10,,0.00,0,13.40,92,0.00
2026-09-29T06:20,,0.00,0,13.20,94,0.00
2026-09-29T06:30,,0.00,0,13.20,95,0.00
2026-09-29T06:40,37,0.00,0,12.90,95,0.40
2026-09-29T06:50,,0.00,0,12.80,95,0.00
2026-09-29T07:00,310,0.00,0,12.70,95,0.30
2026-09-29T07:10,316,0.00,0,12.50,95,0.50
2026-09-29T07:20,,0.00,4,12.50,96,0.00
2026-09-29T07:30,,0.00,23,12.60,96,0.00
2026-09-29T07:40,,0.00,42,12.70,96,0.00
2026-09-29T07:50,,0.00,64,12.80,96,0.00
2026-09-29T08:00,,0.00,87,13.50,96,0.00
2026-09-29T08:10,,0.00,112,15.00,89,0.00
2026-09-29T08:20,54,0.00,140,16.00,83,0.50
2026-09-29T08:30,70,0.00,168,16.80,79,0.80
2026-09-29T08:40,53,0.00,200,17.50,75,0.80
2026-09-29T08:50,77,0.00,231,17.80,73,0.90
2026-09-29T09:00,86,0.00,263,18.00,72,0.90
2026-09-29T09:10,93,0.00,295,18.30,72,1.50
2026-09-29T09:20,58,0.00,323,19.30,68,0.80
2026-09-29T09:30,65,0.00,351,20.40,65,0.60
2026-09-29T09:40,45,0.00,376,21.10,64,0.80
2026-09-29T09:50,57,0.00,404,21.10,65,0.80
2026-09-29T10:00,29,0.00,401,21.40,61,0.90
2026-09-29T10:10,97,0.00,456,21.40,57,1.00
2026-09-29T10:20,89,0.00,497,22.00,55,1.40
2026-09-29T10:30,118,0.00,468,22.10,52,1.60
2026-09-29T10:40,96,0.00,525,22.00,52,2.10
2026-09-29T10:50,98,0.00,560,21.90,53,2.10
2026-09-29T11:00,95,0.00,577,22.20,54,1.80
2026-09-29T11:10,117,0.00,598,22.90,53,1.60
2026-09-29T11:20,101,0.00,617,22.50,52,2.20
2026-09-29T11:30,103,0.00,620,23.50,48,1.90
2026-09-29T11:40,141,0.00,639,23.00,48,1.70
2026-09-29T11:50,133,0.00,642,23.80,48,1.20
2026-09-29T12:00,121,0.00,660,24.00,47,0.90
2026-09-29T12:10,122,0.00,664,24.30,46,1.60
2026-09-29T12:20,142,0.00,664,24.60,44,1.60
2026-09-29T12:30,156,0.00,678,24.90,41,1.90
2026-09-29T12:40,146,0.00,672,24.60,45,2.20
2026-09-29T12:50,124,0.00,679,24.60,43,1.70
2026-09-29T13:00,92,0.00,678,24.60,43,2.00
2026-09-29T13:10,88,0.00,672,24.90,41,2.10
2026-09-29T13:20,109,0.00,681,24.60,42,2.10
2026-09-29T13:30,114,0.00,671,25.20,40,2.00
2026-09-29T13:40,135,0.00,665,25.30,40,1.70
2026-09-29T13:50,142,0.00,657,26.00,38,2.20
2026-09-29T14:00,125,0.00,651,25.70,40,1.80
2026-09-29T14:10,151,0.00,643,25.90,38,1.90
2026-09-29T14:20,155,0.00,626,25.60,40,1.70
2026-09-29T14:30,128,0.00,622,26.00,38,1.10
2026-09-29T14:40,97,0.00,606,25.60,39,1.60
2026-09-29T14:50,125,0.00,588,25.60,41,1.90
2026-09-29T15:00,63,0.00,559,26.00,38,1.40
2026-09-29T15:10,68,0.00,549,25.80,36,2.00
2026-09-29T15:20,104,0.00,531,25.80,36,1.90
2026-09-29T15:30,119,0.00,501,26.10,35,1.70
2026-09-29T15:40,154,0.00,484,26.70,38,1.30
2026-09-29T15:50,93,0.00,462,26.20,38,1.80
2026-09-29T16:00,113,0.00,445,26.40,36,2.00
2026-09-29T16:10,118,0.00,413,26.20,37,2.20
2026-09-29T16:20,128,0.00,384,26.30,37,1.80
2026-09-29T16:30,96,0.00,363,26.40,36,1.70
2026-09-29T16:40,104,0.00,332,26.30,37,1.90
2026-09-29T16:50,120,0.00,300,26.40,36,1.70
2026-09-29T17:00,107,0.00,276,26.30,36,1.80
2026-09-29T17:10,110,0.00,241,26.20,37,2.00
2026-09-29T17:20,94,0.00,218,26.10,36,2.10
2026-09-29T17:30,106,0.00,64,26.20,37,2.00
2026-09-29T17:40,115,0.00,145,26.00,37,1.90
2026-09-29T17:50,101,0.00,126,25.80,37,2.20
2026-09-29T18:00,100,0.00,102,25.70,37,2.70
2026-09-29T18:10,95,0.00,72,25.60,38,1.60
2026-09-29T18:20,89,0.00,36,25.40,38,1.70
2026-09-29T18:30,96,0.00,14,25.10,39,2.00
2026-09-29T18:40,93,0.00,6,24.70,40,1.60
2026-09-29T18:50,86,0.00,2,24.40,41,1.40
2026-09-29T19:00,78,0.00,0,24.00,43,1.20
2026-09-29T19:10,77,0.00,0,23.70,45,1.50
2026-09-29T19:20,76,0.00,0,23.50,45,1.40
2026-09-29T19:30,80,0.00,0,23.30,46,1.40
2026-09-29T19:40,80,0.00,0,23.10,47,1.40
2026-09-29T19:50,83,0.00,0,22.80,48,1.50
2026-09-29T20:00,81,0.00,0,22.40,49,1.40
2026-09-29T20:10,85,0.00,0,22.20,50,1.30
2026-09-29T20:20,82,0.00,0,22.10,50,1.30
2026-09-29T20:30,78,0.00,0,22.00,50,1.30
2026-09-29T20:40,91,0.00,0,21.50,52,1.40
2026-09-29T20:50,95,0.00,0,21.30,53,1.80
2026-09-29T21:00,97,0.00,0,21.00,54,1.70
2026-09-29T21:10,99,0.00,0,20.50,56,1.80
2026-09-29T21:20,99,0.00,0,20.70,57,1.80
2026-09-29T21:30,104,0.00,0,20.40,59,1.70
2026-09-29T21:40,104,0.00,0,20.50,60,2.10
2026-09-29T21:50,103,0.00,0,20.30,62,2.00
2026-09-29T22:00,103,0.00,0,20.20,63,2.00
2026-09-29T22:10,105,0.00,0,20.10,65,2.20
2026-09-29T22:20,105,0.00,0,19.90,66,2.00
2026-09-29T22:30,98,0.00,0,19.80,67,1.80
2026-09-29T22:40,91,0.00,0,19.70,68,2.10
2026-09-29T22:50,95,0.00,0,19.50,69,2.00
2026-09-29T23:00,92,0.00,0,19.00,71,1.10
2026-09-29T23:10,78,0.00,0,18.30,74,0.70
2026-09-29T23:20,,0.00,0,17.90,76,0.00
2026-09-29T23:30,115,0.00,0,17.70,77,0.50
2026-09-29T23:40,106,0.00,0,18.00,76,0.90
2026-09-29T23:50,92,0.00,0,18.20,75,1.50
2026-09-30T00:00,92,0.00,0,18.40,74,1.90
2026-09-30T00:10,91,0.00,0,18.50,74,1.90
2026-09-30T00:20,87,0.00,0,18.60,74,1.60
2026-09-30T00:30,83,0.00,0,18.60,74,1.50
2026-09-30T00:40,71,0.00,0,18.80,73,1.40
2026-09-30T00:50,76,0.00,0,18.60,74,1.20
2026-09-30T01:00,74,0.00,0,18.60,74,1.50
2026-09-30T01:10,75,0.00,0,18.50,74,1.50
2026-09-30T01:20,78,0.00,0,18.30,75,1.50
2026-09-30T01:30,77,0.00,0,18.00,76,1.30
2026-09-30T01:40,73,0.00,0,17.80,77,1.10
2026-09-30T01:50,67,0.00,0,17.60,77,1.30
2026-09-30T02:00,68,0.00,0,17.40,78,1.10
2026-09-30T02:10,84,0.00,0,17.20,79,1.20
2026-09-30T02:20,81,0.00,0,17.10,79,1.50
2026-09-30T02:30,83,0.00,0,17.00,79,1.60
2026-09-30T02:40,78,0.00,0,16.90,80,1.50
2026-09-30T02:50,82,0.00,0,16.80,81,1.40
2026-09-30T03:00,83,0.00,0,16.60,82,1.40
2026-09-30T03:10,81,0.00,0,16.60,82,1.50
2026-09-30T03:20,84,0.00,0,16.40,82,1.50
2026-09-30T03:30,81,0.00,0,16.30,83,1.50
2026-09-30T03:40,90,0.00,0,16.20,83,1.60
2026-09-30T03:50,92,0.00,0,16.20,83,1.30
2026-09-30T04:00,82,0.00,0,16.00,84,1.10
2026-09-30T04:10,80,0.00,0,16.00,84,1.00
2026-09-30T04:20,76,0.00,0,16.10,84,1.10
2026-09-30T04:30,73,0.00,0,15.90,85,0.80
2026-09-30T04:40,67,0.00,0,15.70,85,0.80
2026-09-30T04:50,60,0.00,0,15.30,87,0.70
2026-09-30T05:00,62,0.00,0,15.10,88,0.90
2026-09-30T05:10,68,0.00,0,14.40,90,0.80
2026-09-30T05:20,68,0.00,0,14.20,91,0.70
2026-09-30T05:30,90,0.00,0,14.10,91,0.80
2026-09-30T05:40,82,0.00,0,14.10,92,0.80
2026-09-30T05:50,93,0.00,0,14.50,89,1.00
2026-09-30T06:00,89,0.00,0,14.50,88,1.00
2026-09-30T06:10,86,0.00,0,14.50,88,1.00
2026-09-30T06:20,75,0.00,0,14.20,89,0.60
2026-09-30T06:30,65,0.00,0,13.80,90,0.40
2026-09-30T06:40,51,0.00,0,13.30,90,0.60
2026-09-30T06:50,,0.00,0,13.10,91,0.00
2026-09-30T07:00,256,0.00,0,12.90,93,0.70
2026-09-30T07:10,250,0.00,0,12.90,94,0.50
2026-09-30T07:20,,0.00,4,12.90,95,0.00
2026-09-30T07:30,,0.00,17,13.00,94,0.00
2026-09-30T07:40,311,0.00,35,13.10,95,0.40
2026-09-30T07:50,315,0.00,55,13.30,94,0.70
2026-09-30T08:00,20,0.00,77,14.00,93,0.60
2026-09-30T08:10,62,0.00,101,15.70,83,0.80
2026-09-30T08:20,56,0.00,127,16.40,79,1.10
2026-09-30T08:30,56,0.00,156,16.70,76,1.20
2026-09-30T08:40,83,0.00,188,17.20,74,0.80
2026-09-30T08:50,96,0.00,218,17.30,73,1.70
2026-09-30T09:00,84,0.00,243,17.80,70,1.30
2026-09-30T09:10,75,0.00,273,18.70,67,0.80
2026-09-30T09:20,58,0.00,305,19.10,66,1.10
2026-09-30T09:30,56,0.00,355,19.00,66,1.50
2026-09-30T09:40,60,0.00,394,19.70,65,1.20
2026-09-30T09:50,49,0.00,406,20.00,64,1.20
2026-09-30T10:00,45,0.00,417,20.40,65,1.10
2026-09-30T10:10,63,0.00,460,21.00,64,1.10
2026-09-30T10:20,78,0.00,489,21.10,66,1.60
2026-09-30T10:30,77,0.00,511,21.40,66,1.60
2026-09-30T10:40,87,0.00,538,21.80,66,1.30
2026-09-30T10:50,79,0.00,566,22.30,66,1.50
2026-09-30T11:00,103,0.00,600,22.30,69,1.80
2026-09-30T11:10,115,0.00,598,22.50,68,2.30
2026-09-30T11:20,101,0.00,659,22.70,69,1.90
2026-09-30T11:30,90,0.00,712,22.80,68,1.60
2026-09-30T11:40,124,0.00,562,23.00,68,1.60
2026-09-30T11:50,126,0.00,742,23.20,66,1.90
2026-09-30T12:00,148,0.00,740,23.50,63,2.10
2026-09-30T12:10,139,0.00,639,23.70,59,2.00
2026-09-30T12:20,118,0.00,229,23.30,62,1.90
2026-09-30T12:30,144,0.00,677,23.30,65,0.90
2026-09-30T12:40,126,0.00,747,24.10,59,1.20
2026-09-30T12:50,150,0.00,686,24.20,59,2.00
2026-09-30T13:00,122,0.00,212,23.50,61,1.00
2026-09-30T13:10,129,0.00,710,24.80,56,0.80
2026-09-30T13:20,175,0.00,689,25.10,57,1.30
2026-09-30T13:30,126,0.00,693,24.80,57,1.20
2026-09-30T13:40,107,0.00,674,24.60,55,2.20
2026-09-30T13:50,146,0.00,678,24.70,57,2.30
2026-09-30T14:00,111,0.00,660,25.10,55,0.90
2026-09-30T14:10,101,0.00,453,24.70,55,1.80
2026-09-30T14:20,123,0.00,608,24.70,57,1.60
2026-09-30T14:30,85,0.00,615,24.90,54,1.70
2026-09-30T14:40,100,0.00,590,25.10,51,1.70
2026-09-30T14:50,93,0.00,564,25.30,52,2.30
2026-09-30T15:00,100,0.00,546,25.10,49,2.80
2026-09-30T15:10,118,0.00,523,25.10,51,1.80
2026-09-30T15:20,159,0.00,500,25.60,51,1.30
2026-09-30T15:30,127,0.00,490,25.70,47,1.60
2026-09-30T15:40,76,0.00,475,25.30,50,1.60
2026-09-30T15:50,112,0.00,462,25.60,48,2.00
2026-09-30T16:00,108,0.00,420,25.70,47,2.10
2026-09-30T16:10,125,0.00,394,25.90,49,1.80
2026-09-30T16:20,144,0.00,375,25.90,46,2.00
2026-09-30T16:30,112,0.00,331,26.00,46,2.20
2026-09-30T16:40,108,0.00,314,25.70,46,2.20
2026-09-30T16:50,99,0.00,286,25.60,46,2.50
2026-09-30T17:00,103,0.00,264,25.90,44,2.90
2026-09-30T17:10,95,0.00,234,25.70,46,2.30
2026-09-30T17:20,106,0.00,206,25.60,46,2.00
2026-09-30T17:30,117,0.00,67,25.70,45,2.20
2026-09-30T17:40,111,0.00,143,25.60,45,1.90
2026-09-30T17:50,103,0.00,117,25.40,45,2.80
2026-09-30T18:00,103,0.00,60,25.30,45,2.40
2026-09-30T18:10,103,0.00,36,25.00,46,2.20
2026-09-30T18:20,92,0.00,23,24.90,45,2.00
2026-09-30T18:30,91,0.00,15,24.60,46,1.80
2026-09-30T18:40,92,0.00,9,24.30,48,1.80
2026-09-30T18:50,91,0.00,2,24.00,49,1.60
2026-09-30T19:00,85,0.00,0,23.80,50,1.40
2026-09-30T19:10,88,0.00,0,23.50,52,1.50
2026-09-30T19:20,85,0.00,0,23.30,53,1.50
2026-09-30T19:30,86,0.00,0,22.90,54,1.40
2026-09-30T19:40,89,0.00,0,22.70,55,1.50
2026-09-30T19:50,93,0.00,0,22.50,55,1.40
2026-09-30T20:00,95,0.00,0,22.40,56,1.40
2026-09-30T20:10,94,0.00,0,22.30,56,1.70
2026-09-30T20:20,95,0.00,0,22.00,57,1.50
2026-09-30T20:30,96,0.00,0,22.00,57,1.70
2026-09-30T20:40,103,0.00,0,21.50,58,1.80
2026-09-30T20:50,108,0.00,0,21.40,59,2.00
2026-09-30T21:00,109,0.00,0,21.10,60,1.70
2026-09-30T21:10,110,0.00,0,20.80,62,1.70
2026-09-30T21:20,109,0.00,0,20.70,63,1.90
2026-09-30T21:30,108,0.00,0,20.50,65,1.90
2026-09-30T21:40,106,0.00,0,20.40,66,2.20
2026-09-30T21:50,109,0.00,0,20.20,67,2.20
2026-09-30T22:00,109,0.00,0,20.10,68,2.10
2026-09-30T22:10,108,0.00,0,20.00,69,2.20
2026-09-30T22:20,105,0.00,0,19.60,70,1.70
2026-09-30T22:30,97,0.00,0,19.50,71,1.30
2026-09-30T22:40,86,0.00,0,19.30,72,1.20
2026-09-30T22:50,183,0.00,0,18.90,73,0.40
2026-09-30T23:00,,0.00,0,18.50,75,0.00
2026-09-30T23:10,,0.00,0,18.40,76,0.00
2026-09-30T23:20,,0.00,0,18.60,75,0.00
2026-09-30T23:30,58,0.00,0,18.90,73,1.30
2026-09-30T23:40,63,0.00,0,18.70,74,1.10
2026-09-30T23:50,48,0.00,0,18.20,76,0.90
2026-10-01T00:00,43,0.00,0,18.20,74,1.60
2026-10-01T00:10,4,0.00,0,17.80,76,0.80
2026-10-01T00:20,28,0.00,0,17.30,78,0.60
2026-10-01T00:30,49,0.00,0,17.10,79,0.50
2026-10-01T00:40,85,0.00,0,16.90,79,0.70
2026-10-01T00:50,91,0.00,0,17.00,78,1.10
2026-10-01T01:00,90,0.00,0,17.30,77,1.10
2026-10-01T01:10,217,0.00,0,16.80,79,0.40
2026-10-01T01:20,94,0.00,0,16.70,79,0.50
2026-10-01T01:30,96,0.00,0,16.90,78,1.10
2026-10-01T01:40,111,0.00,0,16.80,79,1.00
2026-10-01T01:50,86,0.00,0,17.40,78,1.30
2026-10-01T02:00,83,0.00,0,17.80,77,1.20
2026-10-01T02:10,82,0.00,0,17.80,77,1.50
2026-10-01T02:20,91,0.00,0,17.60,78,1.60
2026-10-01T02:30,95,0.00,0,17.50,79,2.00
2026-10-01T02:40,93,0.00,0,17.60,78,1.90
2026-10-01T02:50,91,0.00,0,17.60,77,1.70
2026-10-01T03:00,82,0.00,0,17.50,76,1.50
2026-10-01T03:10,78,0.00,0,17.30,75,1.10
2026-10-01T03:20,82,0.00,0,17.10,72,1.20
2026-10-01T03:30,34,0.00,0,16.90,73,0.50
2026-10-01T03:40,,0.00,0,16.30,76,0.00
2026-10-01T03:50,74,0.00,0,15.90,78,0.50
2026-10-01T04:00,,0.00,0,15.50,81,0.00
2026-10-01T04:10,325,0.00,0,15.10,84,0.60
2026-10-01T04:20,,0.00,0,15.00,85,0.00
2026-10-01T04:30,,0.00,0,15.10,85,0.00
2026-10-01T04:40,,0.00,0,15.30,84,0.00
2026-10-01T04:50,61,0.00,0,15.70,79,0.90
2026-10-01T05:00,77,0.00,0,15.90,79,0.40
2026-10-01T05:10,58,0.00,0,15.90,78,0.50
2026-10-01T05:20,43,0.00,0,16.10,77,0.50
2026-10-01T05:30,55,0.00,0,16.50,73,0.90
2026-10-01T05:40,68,0.00,0,16.30,72,0.90
2026-10-01T05:50,66,0.00,0,16.40,72,1.10
2026-10-01T06:00,66,0.00,0,15.90,75,0.50
2026-10-01T06:10,,0.00,0,15.40,78,0.00
2026-10-01T06:20,69,0.00,0,15.10,80,0.90
2026-10-01T06:30,67,0.00,0,14.90,80,0.80
2026-10-01T06:40,63,0.00,0,15.10,78,0.90
2026-10-01T06:50,65,0.00,0,15.70,76,1.10
2026-10-01T07:00,68,0.00,0,15.70,75,1.10
2026-10-01T07:10,63,0.00,1,16.30,71,1.20
2026-10-01T07:20,56,0.00,4,16.70,70,1.10
2026-10-01T07:30,,0.00,10,16.50,72,0.00
2026-10-01T07:40,239,0.00,14,16.20,74,0.50
2026-10-01T07:50,230,0.00,18,16.20,75,0.40
2026-10-01T08:00,,0.00,33,16.10,76,0.00
2026-10-01T08:10,,0.00,56,16.10,77,0.00
2026-10-01T08:20,172,0.00,72,16.50,80,0.50
2026-10-01T08:30,115,0.00,76,17.10,71,0.40
2026-10-01T08:40,,0.00,98,17.60,68,
2026-10-01T08:50,,0.00,132,18.10,64,0.00
2026-10-01T09:00,166,0.00,145,18.50,62,0.30
2026-10-01T09:10,183,0.00,168,18.90,64,0.40
2026-10-01T09:20,312,0.00,189,19.10,63,0.50
2026-10-01T09:30,341,0.00,186,19.40,64,0.70
2026-10-01T09:40,85,0.00,176,19.60,61,0.40
2026-10-01T09:50,72,0.00,198,19.90,60,0.80
2026-10-01T10:00,107,0.00,216,20.20,57,0.80
2026-10-01T10:10,138,0.00,223,20.50,55,0.80
2026-10-01T10:20,140,0.00,260,21.00,54,0.40
2026-10-01T10:30,143,0.00,305,21.10,55,0.90
2026-10-01T10:40,179,0.00,260,21.50,54,1.00
2026-10-01T10:50,232,0.00,466,21.40,59,1.10
2026-10-01T11:00,235,0.00,581,22.40,56,0.60
2026-10-01T11:10,17,0.00,590,23.00,48,0.50
2026-10-01T11:20,39,0.00,478,23.00,49,1.00
2026-10-01T11:30,81,0.00,553,23.40,47,0.90
2026-10-01T11:40,54,0.00,597,23.50,47,1.10
2026-10-01T11:50,53,0.00,566,23.50,46,1.50
2026-10-01T12:00,97,0.00,557,24.30,46,0.90
2026-10-01T12:10,116,0.00,477,24.00,43,1.70
2026-10-01T12:20,122,0.00,485,24.30,43,0.90
2026-10-01T12:30,140,0.00,473,24.30,42,1.50
2026-10-01T12:40,169,0.00,540,24.60,43,1.50
2026-10-01T12:50,158,0.00,609,24.80,41,1.40
2026-10-01T13:00,233,0.00,594,25.60,41,0.50
2026-10-01T13:10,344,0.00,530,25.20,41,1.10
2026-10-01T13:20,264,0.00,590,26.20,42,0.70
2026-10-01T13:30,234,0.00,596,25.40,42,1.50
2026-10-01T13:40,249,0.00,583,25.60,41,0.80
2026-10-01T13:50,236,0.00,611,26.30,39,0.50
2026-10-01T14:00,328,0.00,614,26.00,39,0.40
2026-10-01T14:10,131,0.00,650,25.80,37,1.30
2026-10-01T14:20,224,0.00,602,26.40,38,1.40
2026-10-01T14:30,274,0.00,541,26.10,40,1.00
2026-10-01T14:40,222,0.00,368,26.00,37,1.70
2026-10-01T14:50,256,0.00,497,25.90,38,1.80
2026-10-01T15:00,277,0.00,338,25.90,37,2.10
2026-10-01T15:10,258,0.00,498,26.00,39,1.30
2026-10-01T15:20,284,0.00,322,25.90,36,1.80
2026-10-01T15:30,287,0.00,550,26.00,39,1.70
2026-10-01T15:40,255,0.00,478,26.80,33,1.80
2026-10-01T15:50,265,0.00,391,26.90,34,1.50
2026-10-01T16:00,299,0.00,413,25.80,35,2.30
2026-10-01T16:10,296,0.00,290,26.20,35,2.40
2026-10-01T16:20,314,0.00,320,25.90,34,2.40
2026-10-01T16:30,299,0.00,237,26.20,35,1.80
2026-10-01T16:40,310,0.00,345,26.30,32,1.60
2026-10-01T16:50,302,0.00,282,26.50,32,1.70
2026-10-01T17:00,311,0.00,268,26.30,33,2.30
2026-10-01T17:10,303,0.00,148,26.40,31,1.90
2026-10-01T17:20,294,0.00,150,26.00,34,1.10
2026-10-01T17:30,316,0.00,72,25.60,36,0.80
2026-10-01T17:40,309,0.00,120,25.50,37,1.20
2026-10-01T17:50,315,0.00,52,25.00,38,1.10
2026-10-01T18:00,346,0.00,47,24.60,37,0.70
2026-10-01T18:10,321,0.00,34,23.80,41,0.70
2026-10-01T18:20,324,0.00,27,22.80,46,1.10
2026-10-01T18:30,327,0.00,18,22.70,46,1.10
2026-10-01T18:40,308,0.00,8,21.60,53,1.10
2026-10-01T18:50,,0.00,0,21.30,52,0.00
2026-10-01T19:00,,0.00,0,21.20,51,0.00
2026-10-01T19:10,,0.00,0,20.80,50,0.00
2026-10-01T19:20,,0.00,0,20.30,49,0.00
2026-10-01T19:30,354,0.00,0,20.10,53,0.60
2026-10-01T19:40,6,0.00,0,19.80,55,0.90
2026-10-01T19:50,37,0.00,0,19.40,56,0.90
2026-10-01T20:00,26,0.00,0,19.50,55,0.80
2026-10-01T20:10,,0.00,0,19.40,56,0.00
2026-10-01T20:20,,0.00,0,19.00,59,0.00
2026-10-01T20:30,30,0.00,0,19.00,58,0.80
2026-10-01T20:40,20,0.00,0,18.80,61,0.90
2026-10-01T20:50,15,0.00,0,18.50,64,0.80
2026-10-01T21:00,13,0.00,0,18.30,65,0.60
2026-10-01T21:10,20,0.00,0,18.10,65,0.90
2026-10-01T21:20,20,0.00,0,17.90,67,1.00
2026-10-01T21:30,9,0.00,0,19.00,62,1.10
2026-10-01T21:40,34,0.00,0,20.20,56,1.20
2026-10-01T21:50,21,0.00,0,20.10,57,1.00
2026-10-01T22:00,37,0.00,0,19.90,56,1.10
2026-10-01T22:10,23,0.00,0,19.40,58,1.00
2026-10-01T22:20,15,0.00,0,19.80,57,1.30
2026-10-01T22:30,27,0.00,0,20.00,56,1.30
2026-10-01T22:40,30,0.00,0,19.90,57,1.10
2026-10-01T22:50,42,0.00,0,19.50,59,1.00
2026-10-01T23:00,50,0.00,0,19.60,59,1.00
2026-10-01T23:10,54,0.00,0,19.40,60,1.30
2026-10-01T23:20,57,0.00,0,19.10,62,1.30
2026-10-01T23:30,54,0.00,0,18.90,63,1.20
2026-10-01T23:40,55,0.00,0,18.60,64,0.90
2026-10-01T23:50,36,0.00,0,18.00,67,0.30
2026-10-02T00:00,92,0.00,0,16.70,74,0.80
2026-10-02T00:10,81,0.00,0,16.60,74,0.90
2026-10-02T00:20,54,0.00,0,16.30,76,0.70
2026-10-02T00:30,58,0.00,0,15.80,77,0.70
2026-10-02T00:40,41,0.00,0,15.60,77,0.60
2026-10-02T00:50,41,0.00,0,15.80,76,0.80
2026-10-02T01:00,46,0.00,0,15.90,76,0.70
2026-10-02T01:10,45,0.00,0,15.60,77,0.60
2026-10-02T01:20,39,0.00,0,15.40,78,0.30
2026-10-02T01:30,49,0.00,0,15.20,78,0.50
2026-10-02T01:40,,0.00,0,15.30,79,0.00
2026-10-02T01:50,,0.00,0,15.00,80,0.00
2026-10-02T02:00,86,0.00,0,15.40,78,1.10
2026-10-02T02:10,102,0.00,0,15.80,76,1.90
2026-10-02T02:20,98,0.00,0,16.60,72,2.00
2026-10-02T02:30,86,0.00,0,16.80,71,1.40
2026-10-02T02:40,60,0.00,0,17.00,69,1.40
2026-10-02T02:50,74,0.00,0,16.90,69,1.10
2026-10-02T03:00,92,0.00,0,16.40,72,0.70
2026-10-02T03:10,91,0.00,0,16.20,73,0.80
2026-10-02T03:20,107,0.00,0,15.60,75,0.70
2026-10-02T03:30,71,0.00,0,15.40,76,0.60
2026-10-02T03:40,85,0.00,0,15.30,76,1.00
2026-10-02T03:50,89,0.00,0,15.60,74,1.20
2026-10-02T04:00,88,0.00,0,16.40,70,1.10
2026-10-02T04:10,75,0.00,0,16.60,68,1.00
2026-10-02T04:20,71,0.00,0,16.60,68,0.90
2026-10-02T04:30,94,0.00,0,16.80,67,1.10
2026-10-02T04:40,83,0.00,0,16.90,66,1.10
2026-10-02T04:50,89,0.00,0,17.00,65,1.10
2026-10-02T05:00,103,0.00,0,16.30,70,0.90
2026-10-02T05:10,90,0.00,0,15.60,72,1.00
2026-10-02T05:20,96,0.00,0,15.30,74,1.20
2026-10-02T05:30,92,0.00,0,15.00,77,1.50
2026-10-02T05:40,89,0.00,0,15.80,69,1.40
2026-10-02T05:50,92,0.00,0,15.90,70,1.50
2026-10-02T06:00,96,0.00,0,15.50,73,1.60
2026-10-02T06:10,91,0.00,0,15.40,72,1.50
2026-10-02T06:20,93,0.00,0,15.50,70,1.70
2026-10-02T06:30,99,0.00,0,15.20,73,1.90
2026-10-02T06:40,98,0.00,0,15.60,69,1.60
2026-10-02T06:50,97,0.00,0,15.30,69,1.30
2026-10-02T07:00,94,0.00,0,15.90,67,1.70
2026-10-02T07:10,98,0.00,0,15.50,68,1.60
2026-10-02T07:20,101,0.00,1,15.70,66,1.50
2026-10-02T07:30,107,0.00,14,15.40,69,1.10
2026-10-02T07:40,110,0.00,17,14.70,70,0.40
2026-10-02T07:50,,0.00,26,14.40,73,0.00
2026-10-02T08:00,104,0.00,35,14.30,73,0.60
2026-10-02T08:10,95,0.00,44,14.40,74,0.30
2026-10-02T08:20,335,0.00,52,14.60,75,0.60
2026-10-02T08:30,4,0.00,58,14.80,76,0.90
2026-10-02T08:40,358,0.00,64,15.50,72,1.10
2026-10-02T08:50,334,0.00,72,15.40,72,1.20
2026-10-02T09:00,336,0.00,82,15.60,73,1.10
2026-10-02T09:10,321,0.00,158,15.80,72,1.10
2026-10-02T09:20,,0.00,147,16.90,68,0.00
2026-10-02T09:30,,0.00,316,18.90,58,0.00
2026-10-02T09:40,,0.00,383,20.40,58,0.00
2026-10-02T09:50,61,0.00,324,20.10,54,0.50
2026-10-02T10:00,49,0.00,408,20.30,51,1.00
2026-10-02T10:10,54,0.00,491,20.90,50,1.40
2026-10-02T10:20,39,0.00,330,20.90,47,1.00
2026-10-02T10:30,68,0.00,397,21.70,45,1.20
2026-10-02T10:40,82,0.00,476,21.30,43,1.90
2026-10-02T10:50,94,0.00,480,21.30,45,2.60
2026-10-02T11:00,94,0.00,545,22.10,46,2.20
2026-10-02T11:10,96,0.00,596,21.90,44,2.90
2026-10-02T11:20,96,0.00,577,22.30,45,2.60
2026-10-02T11:30,94,0.00,607,22.70,42,2.10
2026-10-02T11:40,87,0.00,644,23.00,40,2.70
2026-10-02T11:50,102,0.00,618,23.40,35,2.80
2026-10-02T12:00,114,0.00,566,23.90,36,2.70
2026-10-02T12:10,102,0.00,634,23.80,35,2.50
2026-10-02T12:20,105,0.00,642,24.80,34,1.80
2026-10-02T12:30,107,0.00,679,24.60,32,2.60
2026-10-02T12:40,109,0.00,618,24.50,33,2.70
2026-10-02T12:50,117,0.00,635,25.00,33,2.00
2026-10-02T13:00,112,0.00,651,24.80,28,3.00
2026-10-02T13:10,111,0.00,654,25.10,28,3.10
2026-10-02T13:20,121,0.00,644,25.60,28,2.50
2026-10-02T13:30,114,0.00,632,26.00,26,2.50
2026-10-02T13:40,142,0.00,652,25.80,26,2.70
2026-10-02T13:50,122,0.00,621,26.40,28,2.30
2026-10-02T14:00,128,0.00,632,25.80,26,2.90
2026-10-02T14:10,119,0.00,619,25.70,28,3.10
2026-10-02T14:20,114,0.00,620,26.20,28,2.40
2026-10-02T14:30,151,0.00,605,26.10,29,2.30
2026-10-02T14:40,108,0.00,598,26.10,28,1.80
2026-10-02T14:50,100,0.00,582,25.80,28,2.80
2026-10-02T15:00,97,0.00,566,25.90,29,2.20
2026-10-02T15:10,160,0.00,545,26.10,28,1.20
2026-10-02T15:20,158,0.00,488,26.30,30,1.40
2026-10-02T15:30,82,0.00,497,26.00,30,1.60
2026-10-02T15:40,127,0.00,472,26.50,28,1.90
2026-10-02T15:50,99,0.00,441,26.10,30,1.50
2026-10-02T16:00,75,0.00,414,26.20,31,1.50
2026-10-02T16:10,116,0.00,394,26.00,30,1.80
2026-10-02T16:20,96,0.00,369,26.30,29,2.20
2026-10-02T16:30,108,0.00,345,26.30,30,1.70
2026-10-02T16:40,101,0.00,321,26.30,30,2.10
2026-10-02T16:50,133,0.00,287,26.00,31,2.00
2026-10-02T17:00,118,0.00,262,25.80,30,2.40
2026-10-02T17:10,118,0.00,234,25.80,30,2.20
2026-10-02T17:20,126,0.00,206,25.70,30,2.20
2026-10-02T17:30,145,0.00,56,25.60,31,1.90
2026-10-02T17:40,118,0.00,152,25.30,31,2.50
2026-10-02T17:50,105,0.00,112,25.20,32,2.50
2026-10-02T18:00,102,0.00,82,24.90,32,2.70
2026-10-02T18:10,93,0.00,66,24.70,31,1.80
2026-10-02T18:20,94,0.00,46,24.60,31,2.30
2026-10-02T18:30,96,0.00,17,24.20,32,1.70
2026-10-02T18:40,96,0.00,8,23.80,32,1.70
2026-10-02T18:50,94,0.00,0,23.20,34,1.50
2026-10-02T19:00,93,0.00,0,22.50,37,1.30
2026-10-02T19:10,92,0.00,0,21.50,39,1.40
2026-10-02T19:20,97,0.00,0,22.10,36,1.80
2026-10-02T19:30,98,0.00,0,22.10,36,2.10
2026-10-02T19:40,105,0.00,0,21.20,38,1.90
2026-10-02T19:50,105,0.00,0,20.90,40,1.70
2026-10-02T20:00,103,0.00,0,20.40,42,1.50
2026-10-02T20:10,85,0.00,0,19.90,43,1.10
2026-10-02T20:20,90,0.00,0,19.50,44,0.90
2026-10-02T20:30,82,0.00,0,18.90,46,0.80
2026-10-02T20:40,84,0.00,0,18.20,50,0.80
2026-10-02T20:50,74,0.00,0,17.60,51,1.00
2026-10-02T21:00,75,0.00,0,17.40,52,0.60
2026-10-02T21:10,,0.00,0,17.00,52,0.00
2026-10-02T21:20,43,0.00,0,16.70,53,0.40
2026-10-02T21:30,,0.00,0,16.30,54,0.00
2026-10-02T21:40,81,0.00,0,16.00,59,0.90
2026-10-02T21:50,90,0.00,0,15.70,61,0.90
2026-10-02T22:00,66,0.00,0,15.50,61,1.00
2026-10-02T22:10,66,0.00,0,15.50,61,0.90
2026-10-02T22:20,87,0.00,0,15.40,61,0.80
2026-10-02T22:30,94,0.00,0,15.30,62,1.50
2026-10-02T22:40,95,0.00,0,15.80,59,1.60
2026-10-02T22:50,94,0.00,0,15.90,59,1.50
2026-10-02T23:00,94,0.00,0,16.10,58,1.60
2026-10-02T23:10,81,0.00,0,15.70,59,1.30
2026-10-02T23:20,82,0.00,0,15.50,59,1.10
2026-10-02T23:30,82,0.00,0,15.10,61,1.00
2026-10-02T23:40,86,0.00,0,14.80,63,0.90
2026-10-02T23:50,84,0.00,0,14.50,65,1.10
2026-10-03T00:00,90,0.00,0,14.90,61,1.50
2026-10-03T00:10,95,0.00,0,15.50,60,1.70
2026-10-03T00:20,100,0.00,0,15.70,57,1.70
2026-10-03T00:30,89,0.00,0,16.30,55,1.20
2026-10-03T00:40,74,0.00,0,16.40,55,1.20
2026-10-03T00:50,84,0.00,0,15.60,58,1.20
2026-10-03T01:00,70,0.00,0,15.20,61,1.10
2026-10-03T01:10,81,0.00,0,14.50,65,1.30
2026-10-03T01:20,85,0.00,0,14.90,62,1.30
2026-10-03T01:30,85,0.00,0,14.60,65,1.10
2026-10-03T01:40,79,0.00,0,14.20,66,0.90
2026-10-03T01:50,68,0.00,0,13.80,68,1.20
2026-10-03T02:00,59,0.00,0,13.60,69,1.00
2026-10-03T02:10,51,0.00,0,13.10,72,0.60
2026-10-03T02:20,6,0.00,0,12.50,73,0.70
2026-10-03T02:30,353,0.00,0,12.10,76,0.70
2026-10-03T02:40,12,0.00,0,11.90,75,1.00
2026-10-03T02:50,,0.00,0,11.80,77,0.00
2026-10-03T03:00,,0.00,0,11.60,77,0.00
2026-10-03T03:10,,0.00,0,11.50,79,0.00
2026-10-03T03:20,,0.00,0,11.30,80,0.00
2026-10-03T03:30,53,0.00,0,11.20,82,0.60
2026-10-03T03:40,41,0.00,0,11.00,83,0.60
2026-10-03T03:50,22,0.00,0,11.10,82,0.60
2026-10-03T04:00,12,0.00,0,10.90,82,0.60
2026-10-03T04:10,6,0.00,0,10.80,82,0.40
2026-10-03T04:20,,0.00,0,10.80,83,0.00
2026-10-03T04:30,,0.00,0,10.80,82,0.00
2026-10-03T04:40,,0.00,0,10.70,84,0.00
2026-10-03T04:50,315,0.00,0,10.60,86,0.30
2026-10-03T05:00,,0.00,0,10.60,85,0.00
2026-10-03T05:10,,0.00,0,10.40,86,0.00
2026-10-03T05:20,,0.00,0,10.50,87,0.00
2026-10-03T05:30,,0.00,0,10.50,86,0.00
2026-10-03T05:40,291,0.00,0,10.40,86,0.60
2026-10-03T05:50,,0.00,0,10.40,86,0.00
2026-10-03T06:00,,0.00,0,10.30,84,0.00
2026-10-03T06:10,284,0.00,0,10.40,90,0.70
2026-10-03T06:20,285,0.00,0,10.20,90,0.50
2026-10-03T06:30,221,0.00,0,10.20,90,0.40
2026-10-03T06:40,272,0.00,0,10.20,93,0.70
2026-10-03T06:50,311,0.00,0,10.50,95,0.70
2026-10-03T07:00,9,0.00,0,10.10,93,0.30
2026-10-03T07:10,,0.00,0,10.10,95,0.00
2026-10-03T07:20,310,0.00,1,10.10,96,0.60
2026-10-03T07:30,326,0.00,12,10.40,97,0.60
2026-10-03T07:40,330,0.00,37,10.30,97,1.00
2026-10-03T07:50,343,0.00,61,10.40,96,0.50
2026-10-03T08:00,326,0.00,86,11.00,96,0.50
2026-10-03T08:10,334,0.00,111,12.00,89,0.50
2026-10-03T08:20,342,0.00,137,13.30,84,0.40
2026-10-03T08:30,312,0.00,162,14.50,77,0.70
2026-10-03T08:40,306,0.00,192,15.60,73,0.80
2026-10-03T08:50,307,0.00,224,16.20,72,1.30
2026-10-03T09:00,318,0.00,256,16.70,71,1.30
2026-10-03T09:10,311,0.00,290,16.80,71,1.90
2026-10-03T09:20,306,0.00,320,17.40,69,1.60
2026-10-03T09:30,313,0.00,346,17.80,66,1.90
2026-10-03T09:40,311,0.00,377,18.20,64,1.90
2026-10-03T09:50,296,0.00,403,19.00,62,1.70
2026-10-03T10:00,302,0.00,428,18.80,64,2.30
2026-10-03T10:10,313,0.00,451,19.00,64,1.90
2026-10-03T10:20,317,0.00,477,19.60,60,1.30
2026-10-03T10:30,315,0.00,504,20.20,59,1.40
2026-10-03T10:40,256,0.00,521,20.90,56,0.60
2026-10-03T10:50,,0.00,538,22.20,52,0.00
2026-10-03T11:00,78,0.00,558,21.70,48,0.40
2026-10-03T11:10,59,0.00,575,21.90,44,1.10
2026-10-03T11:20,65,0.00,595,22.20,42,1.50
2026-10-03T11:30,53,0.00,606,22.00,42,1.70
2026-10-03T11:40,95,0.00,626,22.60,41,1.20
2026-10-03T11:50,101,0.00,637,23.00,40,1.70
2026-10-03T12:00,128,0.00,643,23.40,38,1.90
2026-10-03T12:10,82,0.00,650,23.20,39,1.60
2026-10-03T12:20,62,0.00,663,22.90,38,2.20
2026-10-03T12:30,72,0.00,668,23.30,38,1.50
2026-10-03T12:40,76,0.00,666,23.70,37,1.30
2026-10-03T12:50,109,0.00,669,23.70,35,2.00
2026-10-03T13:00,112,0.00,673,24.10,36,1.30
2026-10-03T13:10,147,0.00,674,24.50,34,2.10
2026-10-03T13:20,135,0.00,668,24.80,32,1.50
2026-10-03T13:30,85,0.00,666,24.90,28,0.60
2026-10-03T13:40,127,0.00,662,25.00,29,2.30
2026-10-03T13:50,111,0.00,657,24.90,30,1.70
2026-10-03T14:00,97,0.00,644,24.80,30,2.30
2026-10-03T14:10,134,0.00,636,25.40,28,1.40
2026-10-03T14:20,121,0.00,630,25.50,27,1.70
2026-10-03T14:30,118,0.00,608,25.10,27,1.70
2026-10-03T14:40,132,0.00,597,25.50,26,1.60
2026-10-03T14:50,134,0.00,580,25.60,26,2.00
2026-10-03T15:00,121,0.00,564,25.20,27,2.50
2026-10-03T15:10,101,0.00,549,25.20,25,2.70
2026-10-03T15:20,77,0.00,521,25.40,25,1.70
2026-10-03T15:30,110,0.00,507,25.60,24,2.90
2026-10-03T15:40,91,0.00,480,25.30,24,1.80
2026-10-03T15:50,111,0.00,459,25.80,24,2.00
2026-10-03T16:00,139,0.00,431,25.80,23,1.70
2026-10-03T16:10,126,0.00,408,25.90,22,2.10
2026-10-03T16:20,138,0.00,384,25.90,23,1.50
2026-10-03T16:30,136,0.00,357,25.90,23,2.00
2026-10-03T16:40,116,0.00,327,25.80,23,1.30
2026-10-03T16:50,69,0.00,297,25.80,22,1.00
2026-10-03T17:00,99,0.00,269,25.70,23,2.30
2026-10-03T17:10,99,0.00,240,25.50,23,2.10
2026-10-03T17:20,113,0.00,211,25.30,22,2.30
2026-10-03T17:30,104,0.00,103,25.20,23,2.20
2026-10-03T17:40,112,0.00,90,25.00,25,1.60
2026-10-03T17:50,96,0.00,72,24.60,25,1.40
2026-10-03T18:00,92,0.00,80,24.50,26,1.50
2026-10-03T18:10,91,0.00,42,24.30,26,1.30
2026-10-03T18:20,94,0.00,17,24.10,26,1.50
2026-10-03T18:30,77,0.00,14,23.70,27,1.20
2026-10-03T18:40,68,0.00,4,23.30,29,1.20
2026-10-03T18:50,65,0.00,0,22.10,33,1.20
2026-10-03T19:00,59,0.00,0,20.70,38,1.20
2026-10-03T19:10,56,0.00,0,19.60,42,1.10
2026-10-03T19:20,59,0.00,0,19.00,45,1.10
2026-10-03T19:30,65,0.00,0,18.30,47,1.10
2026-10-03T19:40,53,0.00,0,17.80,48,1.00
2026-10-03T19:50,57,0.00,0,17.30,49,0.80
2026-10-03T20:00,58,0.00,0,16.80,50,0.90
2026-10-03T20:10,124,0.00,0,16.50,52,0.30
2026-10-03T20:20,,0.00,0,16.20,52,0.00
2026-10-03T20:30,80,0.00,0,16.00,55,0.60
2026-10-03T20:40,81,0.00,0,15.80,59,0.70
2026-10-03T20:50,91,0.00,0,15.50,60,0.90
2026-10-03T21:00,74,0.00,0,15.30,61,0.90
2026-10-03T21:10,72,0.00,0,15.10,62,1.00
2026-10-03T21:20,66,0.00,0,15.00,62,1.10
2026-10-03T21:30,99,0.00,0,15.00,61,1.10
2026-10-03T21:40,72,0.00,0,15.40,55,1.10
2026-10-03T21:50,23,0.00,0,16.80,50,1.30
2026-10-03T22:00,55,0.00,0,16.80,51,0.70
2026-10-03T22:10,,0.00,0,15.40,57,0.00
2026-10-03T22:20,26,0.00,0,14.50,60,0.60
2026-10-03T22:30,37,0.00,0,14.20,62,0.40
2026-10-03T22:40,334,0.00,0,13.90,63,0.60
2026-10-03T22:50,331,0.00,0,13.90,63,0.40
2026-10-03T23:00,326,0.00,0,14.20,62,0.60
2026-10-03T23:10,343,0.00,0,14.50,61,0.70
2026-10-03T23:20,19,0.00,0,15.20,59,0.90
2026-10-03T23:30,32,0.00,0,14.70,61,0.70
2026-10-03T23:40,7,0.00,0,14.50,62,0.80
2026-10-03T23:50,41,0.00,0,14.50,62,0.80
2026-10-04T00:00,,0.00,0,14.00,65,0.00
2026-10-04T00:10,,0.00,0,14.00,66,0.00
2026-10-04T00:20,,0.00,0,13.70,66,0.00
2026-10-04T00:30,202,0.00,0,13.60,66,0.40
2026-10-04T00:40,,0.00,0,13.90,65,0.00
2026-10-04T00:50,59,0.00,0,14.50,63,1.20
2026-10-04T01:00,55,0.00,0,14.70,62,1.10
2026-10-04T01:10,12,0.00,0,14.20,63,0.80
2026-10-04T01:20,36,0.00,0,14.90,61,1.30
2026-10-04T01:30,3,0.00,0,13.70,65,0.60
2026-10-04T01:40,62,0.00,0,13.80,66,0.90
2026-10-04T01:50,67,0.00,0,13.80,65,1.10
2026-10-04T02:00,43,0.00,0,13.70,65,0.60
2026-10-04T02:10,73,0.00,0,13.60,65,1.00
2026-10-04T02:20,78,0.00,0,12.80,69,0.70
2026-10-04T02:30,58,0.00,0,12.30,71,0.50
2026-10-04T02:40,,0.00,0,12.00,73,0.00
2026-10-04T02:50,,0.00,0,11.70,75,0.00
2026-10-04T03:00,,0.00,0,11.40,76,0.00
2026-10-04T03:10,69,0.00,0,11.30,76,0.40
2026-10-04T03:20,66,0.00,0,11.20,78,0.40
2026-10-04T03:30,,0.00,0,10.90,79,0.00
2026-10-04T03:40,,0.00,0,11.10,77,0.00
2026-10-04T03:50,242,0.00,0,10.90,80,0.70
2026-10-04T04:00,,0.00,0,10.90,80,0.00
2026-10-04T04:10,,0.00,0,10.70,82,0.00
2026-10-04T04:20,,0.00,0,10.70,81,0.00
2026-10-04T04:30,23,0.00,0,10.60,81,0.50
2026-10-04T04:40,52,0.00,0,10.40,81,0.80
2026-10-04T04:50,75,0.00,0,10.30,81,0.40
2026-10-04T05:00,54,0.00,0,10.40,83,0.50
2026-10-04T05:10,,0.00,0,10.20,82,0.00
2026-10-04T05:20,168,0.00,0,10.40,83,0.70
2026-10-04T05:30,113,0.00,0,10.20,83,0.70
2026-10-04T05:40,,0.00,0,10.20,84,0.00
2026-10-04T05:50,,0.00,0,10.20,83,0.00
2026-10-04T06:00,,0.00,0,9.90,84,0.00
2026-10-04T06:10,,0.00,0,9.90,85,0.00
2026-10-04T06:20,316,0.00,0,9.80,85,0.30
2026-10-04T06:30,,0.00,0,9.60,86,0.00
2026-10-04T06:40,,0.00,0,9.60,87,0.00
2026-10-04T06:50,,0.00,0,9.70,87,0.00
2026-10-04T07:00,,0.00,0,9.50,86,0.00
2026-10-04T07:10,,0.00,0,9.50,87,0.00
2026-10-04T07:20,,0.00,0,9.40,86,0.00
2026-10-04T07:30,,0.00,7,9.40,88,0.00
2026-10-04T07:40,,0.00,29,9.60,87,0.00
2026-10-04T07:50,,0.00,52,9.80,85,0.00
2026-10-04T08:00,,0.00,75,10.30,83,0.00
2026-10-04T08:10,,0.00,100,11.90,79,0.00
2026-10-04T08:20,255,0.00,129,13.10,76,0.80
2026-10-04T08:30,249,0.00,154,14.60,75,0.70
2026-10-04T08:40,243,0.00,183,15.50,73,0.50
2026-10-04T08:50,251,0.00,212,16.50,63,0.60
2026-10-04T09:00,254,0.00,243,16.80,60,0.70
2026-10-04T09:10,232,0.00,274,16.20,58,1.00
2026-10-04T09:20,236,0.00,304,16.60,61,0.60
2026-10-04T09:30,278,0.00,332,17.70,54,0.70
2026-10-04T09:40,222,0.00,359,17.60,55,0.70
2026-10-04T09:50,254,0.00,386,18.60,54,0.90
2026-10-04T10:00,237,0.00,408,18.70,52,0.60
2026-10-04T10:10,282,0.00,437,19.00,52,0.90
2026-10-04T10:20,240,0.00,455,19.20,51,0.60
2026-10-04T10:30,218,0.00,480,20.00,50,0.70
2026-10-04T10:40,228,0.00,505,20.40,47,0.90
2026-10-04T10:50,221,0.00,528,20.40,46,1.20
2026-10-04T11:00,233,0.00,542,20.60,46,0.40
2026-10-04T11:10,254,0.00,564,21.70,45,1.20
2026-10-04T11:20,271,0.00,582,21.80,46,1.00
2026-10-04T11:30,274,0.00,600,22.30,45,1.20
2026-10-04T11:40,247,0.00,609,22.70,45,0.90
2026-10-04T11:50,225,0.00,624,21.70,44,1.30
2026-10-04T12:00,238,0.00,630,22.70,43,1.10
2026-10-04T12:10,307,0.00,639,22.50,44,1.60
2026-10-04T12:20,330,0.00,641,22.40,45,1.10
2026-10-04T12:30,247,0.00,642,23.60,43,0.80
2026-10-04T12:40,275,0.00,647,23.80,41,1.30
2026-10-04T12:50,274,0.00,648,24.80,40,0.90
2026-10-04T13:00,246,0.00,651,24.80,39,1.50
2026-10-04T13:10,,0.00,654,23.70,41,0.00
2026-10-04T13:20,196,0.00,657,24.00,41,1.50
2026-10-04T13:30,228,0.00,655,24.10,40,1.60
2026-10-04T13:40,271,0.00,634,24.80,37,1.50
2026-10-04T13:50,275,0.00,630,24.30,39,0.50
2026-10-04T14:00,359,0.00,632,24.20,39,1.10
2026-10-04T14:10,344,0.00,616,24.20,38,1.50
2026-10-04T14:20,319,0.00,606,24.70,36,1.30
2026-10-04T14:30,297,0.00,567,24.80,31,1.30
2026-10-04T14:40,318,0.00,582,24.80,32,1.80
2026-10-04T14:50,340,0.00,567,24.60,32,1.10
2026-10-04T15:00,335,0.00,537,25.00,34,1.20
2026-10-04T15:10,320,0.00,516,24.90,35,0.80
2026-10-04T15:20,282,0.00,489,25.60,35,1.20
2026-10-04T15:30,305,0.00,484,25.40,32,1.40
2026-10-04T15:40,290,0.00,461,25.50,33,0.50
2026-10-04T15:50,273,0.00,432,25.80,34,0.80
2026-10-04T16:00,237,0.00,404,25.40,33,0.90
2026-10-04T16:10,315,0.00,383,25.50,32,0.70
2026-10-04T16:20,331,0.00,367,25.10,33,1.10
2026-10-04T16:30,320,0.00,334,25.60,31,0.80
2026-10-04T16:40,277,0.00,307,26.30,30,1.10
2026-10-04T16:50,250,0.00,267,25.80,31,1.00
2026-10-04T17:00,269,0.00,249,25.90,30,0.60
2026-10-04T17:10,177,0.00,220,25.50,30,0.70
2026-10-04T17:20,186,0.00,193,25.80,33,0.60
2026-10-04T17:30,307,0.00,148,25.60,33,0.90
2026-10-04T17:40,,0.00,139,25.20,32,0.00
2026-10-04T17:50,235,0.00,113,24.90,36,0.60
2026-10-04T18:00,,0.00,82,24.40,39,0.00
2026-10-04T18:10,322,0.00,56,23.80,37,0.70
2026-10-04T18:20,346,0.00,27,23.30,39,0.70
2026-10-04T18:30,,0.00,5,22.60,41,0.00
2026-10-04T18:40,197,0.00,2,21.60,45,0.60
2026-10-04T18:50,214,0.00,0,20.60,49,0.50
2026-10-04T19:00,,0.00,0,20.10,50,0.00
2026-10-04T19:10,175,0.00,0,19.30,53,0.60
2026-10-04T19:20,144,0.00,0,18.90,53,0.50
2026-10-04T19:30,180,0.00,0,18.40,57,0.50
2026-10-04T19:40,,0.00,0,18.10,57,0.00
2026-10-04T19:50,13,0.00,0,17.60,57,0.30
2026-10-04T20:00,,0.00,0,17.50,59,0.00
2026-10-04T20:10,87,0.00,0,17.10,61,0.40
2026-10-04T20:20,,0.00,0,16.90,62,0.00
2026-10-04T20:30,,0.00,0,16.70,63,0.00
2026-10-04T20:40,140,0.00,0,16.50,64,0.60
2026-10-04T20:50,165,0.00,0,16.20,65,0.60
2026-10-04T21:00,176,0.00,0,16.20,65,0.60
2026-10-04T21:10,182,0.00,0,16.20,65,0.50
2026-10-04T21:20,173,0.00,0,15.90,65,0.70
2026-10-04T21:30,157,0.00,0,15.90,62,0.40
2026-10-04T21:40,,0.00,0,16.00,62,0.00
2026-10-04T21:50,,0.00,0,15.80,62,0.00
2026-10-04T22:00,,0.00,0,15.70,63,0.00
2026-10-04T22:10,,0.00,0,15.40,64,0.00
2026-10-04T22:20,,0.00,0,15.50,63,0.00
2026-10-04T22:30,,0.00,0,15.20,64,0.00
2026-10-04T22:40,,0.00,0,14.90,65,0.00
2026-10-04T22:50,30,0.00,0,15.00,66,0.50
2026-10-04T23:00,15,0.00,0,14.80,69,0.60
2026-10-04T23:10,44,0.00,0,15.30,67,0.90
2026-10-04T23:20,64,0.00,0,14.80,70,1.00
2026-10-04T23:30,66,0.00,0,14.40,72,1.00
2026-10-04T23:40,70,0.00,0,15.60,65,1.20
2026-10-04T23:50,72,0.00,0,16.00,64,1.10
2026-10-05T00:00,80,0.00,0,15.70,66,1.00
2026-10-05T00:10,65,0.00,0,15.40,68,1.00
2026-10-05T00:20,64,0.00,0,15.60,68,1.10
2026-10-05T00:30,38,0.00,0,15.40,68,0.50
2026-10-05T00:40,108,0.00,0,14.80,71,0.30
2026-10-05T00:50,,0.00,0,14.20,74,0.00
2026-10-05T01:00,33,0.00,0,13.80,76,0.40
2026-10-05T01:10,49,0.00,0,13.50,78,0.50
2026-10-05T01:20,40,0.00,0,13.20,80,0.40
2026-10-05T01:30,26,0.00,0,13.50,79,0.60
2026-10-05T01:40,17,0.00,0,13.70,78,0.60
2026-10-05T01:50,56,0.00,0,14.30,76,0.80
2026-10-05T02:00,24,0.00,0,14.10,76,0.50
2026-10-05T02:10,,0.00,0,14.10,77,0.00
2026-10-05T02:20,52,0.00,0,14.20,75,0.60
2026-10-05T02:30,72,0.00,0,14.40,74,0.90
2026-10-05T02:40,43,0.00,0,14.20,75,0.60
2026-10-05T02:50,68,0.00,0,14.20,75,0.80
2026-10-05T03:00,72,0.00,0,13.90,76,0.70
2026-10-05T03:10,,0.00,0,13.50,78,0.00
2026-10-05T03:20,,0.00,0,13.30,79,0.00
2026-10-05T03:30,,0.00,0,12.90,81,0.00
2026-10-05T03:40,,0.00,0,12.60,83,0.00
2026-10-05T03:50,,0.00,0,12.50,84,0.00
2026-10-05T04:00,,0.00,0,12.30,84,0.00
2026-10-05T04:10,50,0.00,0,12.30,86,0.50
2026-10-05T04:20,48,0.00,0,12.20,86,0.50
2026-10-05T04:30,69,0.00,0,12.00,87,0.70
2026-10-05T04:40,61,0.00,0,11.70,87,0.40
2026-10-05T04:50,62,0.00,0,12.10,86,0.70
2026-10-05T05:00,,0.00,0,11.90,85,0.00
2026-10-05T05:10,281,0.00,0,11.90,86,0.50
2026-10-05T05:20,29,0.00,0,11.70,86,0.40
2026-10-05T05:30,228,0.00,0,11.70,87,0.40
2026-10-05T05:40,238,0.00,0,11.70,87,0.50
2026-10-05T05:50,,0.00,0,11.70,88,0.00
2026-10-05T06:00,,0.00,0,11.50,88,0.00
2026-10-05T06:10,,0.00,0,11.40,87,0.00
2026-10-05T06:20,155,0.00,0,11.50,88,0.50
2026-10-05T06:30,166,0.00,0,11.50,87,0.50
2026-10-05T06:40,,0.00,0,11.50,88,0.00
2026-10-05T06:50,130,0.00,0,11.70,88,0.60
2026-10-05T07:00,,0.00,0,11.70,88,0.00
2026-10-05T07:10,81,0.00,0,11.60,87,0.50
2026-10-05T07:20,33,0.00,0,11.60,87,0.40
2026-10-05T07:30,90,0.00,2,11.70,87,0.50
2026-10-05T07:40,115,0.00,7,11.80,87,0.30
2026-10-05T07:50,,0.00,11,12.10,87,0.00
2026-10-05T08:00,,0.00,18,12.20,86,0.00
2026-10-05T08:10,229,0.00,25,12.30,87,0.30
2026-10-05T08:20,221,0.00,33,12.70,87,0.60
2026-10-05T08:30,,0.00,35,12.90,86,0.00
2026-10-05T08:40,144,0.00,38,13.30,86,0.60
2026-10-05T08:50,120,0.00,53,13.90,78,0.80
2026-10-05T09:00,57,0.00,69,14.30,77,0.50
2026-10-05T09:10,42,0.00,90,14.90,73,1.10
2026-10-05T09:20,67,0.00,96,15.00,74,1.00
2026-10-05T09:30,87,0.00,126,15.10,73,0.70
2026-10-05T09:40,104,0.00,280,15.40,73,1.40
2026-10-05T09:50,100,0.00,271,15.80,71,1.90
2026-10-05T10:00,102,0.00,482,16.70,72,1.90
2026-10-05T10:10,99,0.00,599,17.50,68,1.80
2026-10-05T10:20,103,0.00,397,18.10,67,2.00
2026-10-05T10:30,106,0.00,404,18.50,66,2.00
2026-10-05T10:40,110,0.00,485,19.40,63,2.70
2026-10-05T10:50,118,0.00,433,19.60,63,2.50
2026-10-05T11:00,96,0.00,291,19.40,63,2.00
2026-10-05T11:10,124,0.00,329,19.90,62,1.60
2026-10-05T11:20,121,0.00,331,19.80,61,1.50
2026-10-05T11:30,121,0.00,600,20.80,59,1.50
2026-10-05T11:40,104,0.00,573,20.00,62,2.00
2026-10-05T11:50,119,0.00,355,20.60,60,1.30
2026-10-05T12:00,116,0.00,635,21.30,55,1.60
2026-10-05T12:10,101,0.00,589,21.60,55,1.50
2026-10-05T12:20,105,0.00,308,21.10,56,2.20
2026-10-05T12:30,105,0.00,815,21.80,53,1.40
2026-10-05T12:40,78,0.00,624,22.30,51,1.50
2026-10-05T12:50,67,0.00,367,22.90,48,0.40
2026-10-05T13:00,70,0.00,373,22.70,50,0.80
2026-10-05T13:10,69,0.00,379,22.80,50,1.10
2026-10-05T13:20,353,0.00,294,23.20,50,1.00
2026-10-05T13:30,55,0.00,312,22.90,45,1.20
2026-10-05T13:40,43,0.00,382,23.00,44,1.70
2026-10-05T13:50,22,0.00,239,22.90,43,1.50
2026-10-05T14:00,37,0.00,196,22.70,46,1.60
2026-10-05T14:10,48,0.00,190,22.60,49,1.40
2026-10-05T14:20,75,0.00,163,22.50,51,0.90
2026-10-05T14:30,40,0.00,149,22.50,49,1.30
2026-10-05T14:40,55,0.00,163,22.60,49,1.70
2026-10-05T14:50,71,0.00,173,22.30,49,1.60
2026-10-05T15:00,82,0.00,184,22.30,49,1.80
2026-10-05T15:10,60,0.00,136,22.30,56,1.70
2026-10-05T15:20,57,0.00,128,21.70,57,1.00
2026-10-05T15:30,18,0.00,116,20.90,62,1.40
2026-10-05T15:40,18,0.00,118,20.80,61,1.50
2026-10-05T15:50,31,0.00,87,20.80,66,1.70
2026-10-05T16:00,47,0.00,54,20.60,64,2.30
2026-10-05T16:10,52,0.00,48,20.20,64,1.90
2026-10-05T16:20,52,0.00,70,20.00,64,2.00
2026-10-05T16:30,65,0.00,93,20.00,63,1.30
2026-10-05T16:40,60,0.00,82,20.10,63,1.40
2026-10-05T16:50,87,0.00,88,20.20,61,1.70
2026-10-05T17:00,78,0.00,87,20.20,62,1.40
2026-10-05T17:10,78,0.00,76,20.20,62,1.50
2026-10-05T17:20,93,0.00,47,20.20,62,1.40
2026-10-05T17:30,149,0.00,49,20.20,63,0.90
2026-10-05T17:40,142,0.00,66,20.20,63,0.90
2026-10-05T17:50,52,0.00,53,20.30,64,0.50
2026-10-05T18:00,88,0.00,43,20.20,63,0.80
2026-10-05T18:10,99,0.00,35,20.10,64,1.30
2026-10-05T18:20,101,0.00,27,19.90,65,1.00
2026-10-05T18:30,75,0.00,13,19.60,67,1.30
2026-10-05T18:40,87,0.00,5,19.30,69,1.00
2026-10-05T18:50,87,0.00,0,19.10,69,1.40
2026-10-05T19:00,50,0.00,0,18.80,72,0.70
2026-10-05T19:10,41,0.00,0,18.60,71,1.00
2026-10-05T19:20,60,0.00,0,18.50,71,0.80
2026-10-05T19:30,81,0.00,0,18.10,73,0.90
2026-10-05T19:40,66,0.00,0,18.30,72,1.30
2026-10-05T19:50,67,0.00,0,18.40,71,1.20
2026-10-05T20:00,57,0.00,0,18.30,70,1.40
2026-10-05T20:10,65,0.00,0,18.30,70,1.20
2026-10-05T20:20,54,0.00,0,18.00,70,1.40
2026-10-05T20:30,61,0.00,0,18.10,70,1.30
2026-10-05T20:40,68,0.00,0,17.40,74,0.70
2026-10-05T20:50,49,0.00,0,16.80,76,0.60
2026-10-05T21:00,40,0.00,0,15.90,79,0.50
2026-10-05T21:10,61,0.00,0,15.50,82,0.70
2026-10-05T21:20,74,0.00,0,15.20,84,0.50
2026-10-05T21:30,60,0.00,0,15.00,86,0.80
2026-10-05T21:40,53,0.00,0,14.80,86,0.80
2026-10-05T21:50,42,0.00,0,14.70,87,1.00
2026-10-05T22:00,47,0.00,0,14.60,87,1.00
2026-10-05T22:10,35,0.00,0,14.80,86,0.90
2026-10-05T22:20,35,0.00,0,16.10,79,1.30
2026-10-05T22:30,56,0.00,0,16.20,77,0.90
2026-10-05T22:40,83,0.00,0,15.80,79,0.50
2026-10-05T22:50,104,0.00,0,14.90,83,0.60
2026-10-05T23:00,80,0.00,0,14.40,85,0.40
2026-10-05T23:10,58,0.00,0,14.20,86,0.50
2026-10-05T23:20,81,0.00,0,14.00,85,0.50
2026-10-05T23:30,45,0.00,0,14.10,87,0.60
2026-10-05T23:40,58,0.00,0,15.40,80,0.90
2026-10-05T23:50,53,0.00,0,16.10,75,1.60
2026-10-06T00:00,48,0.00,0,16.00,74,1.20
2026-10-06T00:10,49,0.00,0,16.00,74,1.60
2026-10-06T00:20,65,0.00,0,16.00,74,1.20
2026-10-06T00:30,78,0.00,0,15.80,75,0.60
2026-10-06T00:40,69,0.00,0,15.60,76,0.70
2026-10-06T00:50,78,0.00,0,15.60,76,0.90
2026-10-06T01:00,92,0.00,0,15.40,78,0.60
2026-10-06T01:10,25,0.00,0,15.30,77,0.70
2026-10-06T01:20,25,0.00,0,15.70,76,0.90
2026-10-06T01:30,44,0.00,0,15.70,76,1.00
2026-10-06T01:40,45,0.00,0,15.80,77,1.50
2026-10-06T01:50,55,0.00,0,15.70,78,1.80
2026-10-06T02:00,55,0.00,0,15.60,78,1.10
2026-10-06T02:10,52,0.00,0,15.60,79,1.80
2026-10-06T02:20,57,0.00,0,15.70,79,1.30
2026-10-06T02:30,45,0.00,0,15.60,80,0.80
2026-10-06T02:40,64,0.00,0,15.70,80,0.80
2026-10-06T02:50,55,0.00,0,15.70,80,1.00
2026-10-06T03:00,50,0.00,0,15.70,80,0.90
2026-10-06T03:10,45,0.00,0,15.60,81,1.00
2026-10-06T03:20,58,0.00,0,15.50,81,1.10
2026-10-06T03:30,72,0.00,0,15.30,81,1.00
2026-10-06T03:40,86,0.00,0,15.10,82,1.40
2026-10-06T03:50,89,0.00,0,15.10,82,1.30
2026-10-06T04:00,70,0.00,0,15.00,83,0.90
2026-10-06T04:10,62,0.00,0,14.80,83,0.90
2026-10-06T04:20,51,0.00,0,14.70,83,0.80
2026-10-06T04:30,58,0.00,0,14.60,83,1.00
2026-10-06T04:40,58,0.00,0,14.50,84,0.90
2026-10-06T04:50,28,0.00,0,14.50,85,0.80
2026-10-06T05:00,30,0.00,0,14.10,86,0.60
2026-10-06T05:10,47,0.00,0,13.80,88,0.60
2026-10-06T05:20,32,0.00,0,14.00,88,0.90
2026-10-06T05:30,61,0.00,0,14.00,87,0.60
2026-10-06T05:40,74,0.00,0,13.70,88,0.70
2026-10-06T05:50,64,0.00,0,13.90,87,0.90
2026-10-06T06:00,66,0.00,0,13.70,88,0.90
2026-10-06T06:10,82,0.00,0,13.20,89,0.70
2026-10-06T06:20,98,0.00,0,12.90,91,0.80
2026-10-06T06:30,101,0.00,0,12.80,92,0.70
2026-10-06T06:40,153,0.00,0,12.60,92,0.50
2026-10-06T06:50,166,0.00,0,12.50,93,0.40
2026-10-06T07:00,307,0.00,0,12.40,95,0.40
2026-10-06T07:10,269,0.00,0,12.20,94,0.70
2026-10-06T07:20,,0.00,0,12.10,94,0.00
2026-10-06T07:30,317,0.00,3,12.20,95,0.70
2026-10-06T07:40,203,0.00,17,12.20,95,0.90
2026-10-06T07:50,219,0.00,29,12.50,95,0.80
2026-10-06T08:00,232,0.00,51,12.70,94,0.70
2026-10-06T08:10,,0.00,58,13.40,91,0.00
2026-10-06T08:20,285,0.00,70,13.70,90,0.50
2026-10-06T08:30,281,0.00,117,14.30,86,0.30
2026-10-06T08:40,108,0.00,147,14.90,84,0.70
2026-10-06T08:50,98,0.00,177,15.70,79,1.20
2026-10-06T09:00,131,0.00,206,16.60,70,0.90
2026-10-06T09:10,139,0.00,239,17.10,65,1.00
2026-10-06T09:20,113,0.00,269,17.10,64,1.00
2026-10-06T09:30,99,0.00,297,17.30,63,1.40
2026-10-06T09:40,110,0.00,324,17.90,56,1.20
2026-10-06T09:50,90,0.00,354,18.00,58,1.40
2026-10-06T10:00,84,0.00,381,18.30,55,1.30
2026-10-06T10:10,99,0.00,410,18.20,55,1.60
2026-10-06T10:20,107,0.00,439,19.10,55,1.10
2026-10-06T10:30,51,0.00,463,19.40,53,1.00
2026-10-06T10:40,109,0.00,467,20.60,51,0.50
2026-10-06T10:50,50,0.00,508,20.20,52,1.20
2026-10-06T11:00,96,0.00,534,20.20,51,1.50
2026-10-06T11:10,104,0.00,554,20.90,51,1.30
2026-10-06T11:20,115,0.00,559,21.20,49,1.00
2026-10-06T11:30,125,0.00,605,21.40,48,2.10
2026-10-06T11:40,116,0.00,439,21.10,50,1.50
2026-10-06T11:50,141,0.00,595,21.30,50,1.90
2026-10-06T12:00,143,0.00,620,22.10,47,1.60
2026-10-06T12:10,150,0.00,613,22.40,48,1.60
2026-10-06T12:20,120,0.00,629,21.90,48,1.60
2026-10-06T12:30,100,0.00,660,22.50,46,1.60
2026-10-06T12:40,98,0.00,621,22.60,51,1.80
2026-10-06T12:50,112,0.00,654,22.70,54,1.60
2026-10-06T13:00,96,0.00,520,22.80,51,2.00
2026-10-06T13:10,106,0.00,434,22.30,50,1.90
2026-10-06T13:20,123,0.00,645,22.80,48,1.60
2026-10-06T13:30,143,0.00,694,23.10,46,1.70
2026-10-06T13:40,121,0.00,630,22.80,48,1.90
2026-10-06T13:50,111,0.00,597,23.60,44,1.00
2026-10-06T14:00,83,0.00,634,23.30,45,1.80
2026-10-06T14:10,111,0.00,416,24.10,42,1.00
2026-10-06T14:20,77,0.00,419,23.20,43,1.30
2026-10-06T14:30,144,0.00,298,23.20,44,1.00
2026-10-06T14:40,182,0.00,223,23.20,45,1.00
2026-10-06T14:50,118,0.00,225,23.20,41,1.70
2026-10-06T15:00,121,0.00,245,23.10,45,1.50
2026-10-06T15:10,106,0.00,300,23.10,47,1.40
2026-10-06T15:20,165,0.00,298,23.30,45,1.20
2026-10-06T15:30,126,0.00,489,23.60,44,1.00
2026-10-06T15:40,153,0.00,487,24.10,45,1.20
2026-10-06T15:50,114,0.00,447,23.30,44,2.00
2026-10-06T16:00,139,0.00,418,23.80,46,1.90
2026-10-06T16:10,116,0.00,391,23.30,44,2.40
2026-10-06T16:20,132,0.00,369,23.80,39,2.60
2026-10-06T16:30,105,0.00,323,23.80,35,3.30
2026-10-06T16:40,98,0.00,296,23.90,35,2.40
2026-10-06T16:50,103,0.00,261,23.90,39,2.00
2026-10-06T17:00,111,0.00,233,23.60,41,2.70
2026-10-06T17:10,105,0.00,202,23.50,42,3.00
2026-10-06T17:20,105,0.00,174,23.50,42,2.00
2026-10-06T17:30,97,0.00,147,23.40,41,2.60
2026-10-06T17:40,96,0.00,113,23.30,41,2.30
2026-10-06T17:50,95,0.00,85,23.30,40,2.30
2026-10-06T18:00,95,0.00,63,23.10,41,2.30
2026-10-06T18:10,81,0.00,35,22.80,41,1.80
2026-10-06T18:20,85,0.00,22,22.60,41,1.70
2026-10-06T18:30,86,0.00,7,22.20,42,1.60
2026-10-06T18:40,84,0.00,1,21.90,43,1.50
2026-10-06T18:50,85,0.00,0,21.70,43,1.30
2026-10-06T19:00,80,0.00,0,21.40,43,1.30
2026-10-06T19:10,73,0.00,0,21.20,44,1.40
2026-10-06T19:20,73,0.00,0,20.90,45,1.30
2026-10-06T19:30,76,0.00,0,20.80,46,1.30
2026-10-06T19:40,82,0.00,0,20.60,47,1.60
2026-10-06T19:50,82,0.00,0,20.20,48,1.50
2026-10-06T20:00,82,0.00,0,20.30,47,1.70
2026-10-06T20:10,81,0.00,0,20.20,46,1.80
2026-10-06T20:20,92,0.00,0,20.00,47,2.00
2026-10-06T20:30,87,0.00,0,19.80,47,1.70
2026-10-06T20:40,85,0.00,0,19.80,48,2.00
2026-10-06T20:50,98,0.00,0,19.30,52,2.20
2026-10-06T21:00,93,0.00,0,19.20,55,2.20
2026-10-06T21:10,96,0.00,0,19.10,58,2.30
2026-10-06T21:20,85,0.00,0,19.00,61,1.80
2026-10-06T21:30,78,0.00,0,18.80,62,1.70
2026-10-06T21:40,88,0.00,0,18.70,65,2.00
2026-10-06T21:50,93,0.00,0,18.50,68,2.40
2026-10-06T22:00,86,0.00,0,18.20,70,1.90
2026-10-06T22:10,86,0.00,0,17.90,71,1.80
2026-10-06T22:20,96,0.00,0,17.70,71,2.10
2026-10-06T22:30,100,0.00,0,17.50,70,2.00
2026-10-06T22:40,96,0.00,0,17.40,71,2.20
2026-10-06T22:50,95,0.00,0,17.40,71,2.00
2026-10-06T23:00,88,0.00,0,17.20,72,2.00
2026-10-06T23:10,65,0.00,0,17.00,73,1.70
2026-10-06T23:20,58,0.00,0,16.90,74,1.70
2026-10-06T23:30,76,0.00,0,16.80,72,1.50
2026-10-06T23:40,78,0.00,0,16.80,72,1.30
2026-10-06T23:50,66,0.00,0,16.80,71,1.30
2026-10-07T00:00,71,0.00,0,16.70,70,1.60
2026-10-07T00:10,78,0.00,0,16.60,69,1.30
2026-10-07T00:20,84,0.00,0,16.60,67,1.90
2026-10-07T00:30,86,0.00,0,16.60,67,2.20
2026-10-07T00:40,85,0.00,0,16.50,67,1.60
2026-10-07T00:50,85,0.00,0,16.60,66,1.70
2026-10-07T01:00,86,0.00,0,16.70,64,2.10
2026-10-07T01:10,83,0.00,0,16.50,64,2.10
2026-10-07T01:20,78,0.00,0,16.40,64,1.40
2026-10-07T01:30,85,0.00,0,16.40,63,1.90
2026-10-07T01:40,81,0.00,0,16.40,63,1.60
2026-10-07T01:50,83,0.00,0,16.30,63,1.60
2026-10-07T02:00,75,0.00,0,16.30,63,1.50
2026-10-07T02:10,76,0.00,0,16.10,64,1.30
2026-10-07T02:20,71,0.00,0,16.10,65,1.50
2026-10-07T02:30,69,0.00,0,15.90,66,1.60
2026-10-07T02:40,76,0.00,0,15.80,66,1.50
2026-10-07T02:50,63,0.00,0,15.80,67,1.50
2026-10-07T03:00,73,0.00,0,15.60,67,1.60
2026-10-07T03:10,65,0.00,0,15.40,68,1.40
2026-10-07T03:20,54,0.00,0,15.30,68,1.50
2026-10-07T03:30,67,0.00,0,15.30,68,1.30
2026-10-07T03:40,59,0.00,0,15.20,68,1.30
2026-10-07T03:50,60,0.00,0,15.30,67,1.30
2026-10-07T04:00,58,0.00,0,15.20,67,1.20
2026-10-07T04:10,52,0.00,0,15.00,68,0.80
2026-10-07T04:20,58,0.00,0,15.10,67,1.40
2026-10-07T04:30,57,0.00,0,15.00,67,1.50
2026-10-07T04:40,74,0.00,0,14.80,67,1.00
2026-10-07T04:50,72,0.00,0,14.90,67,1.10
2026-10-07T05:00,87,0.00,0,14.70,68,1.40
2026-10-07T05:10,57,0.00,0,14.90,67,1.40
2026-10-07T05:20,40,0.00,0,14.70,67,1.40
2026-10-07T05:30,56,0.00,0,14.40,68,1.30
2026-10-07T05:40,70,0.00,0,14.30,68,1.10
2026-10-07T05:50,75,0.00,0,14.30,68,1.10
2026-10-07T06:00,59,0.00,0,14.40,67,0.80
2026-10-07T06:10,63,0.00,0,14.50,66,1.10
2026-10-07T06:20,52,0.00,0,14.20,66,1.20
2026-10-07T06:30,56,0.00,0,14.30,65,1.50
2026-10-07T06:40,60,0.00,0,14.40,65,1.20
2026-10-07T06:50,75,0.00,0,14.20,65,1.10
2026-10-07T07:00,123,0.00,0,13.80,68,0.80
2026-10-07T07:10,179,0.00,0,13.90,67,1.50
2026-10-07T07:20,180,0.00,0,14.10,69,1.00
2026-10-07T07:30,184,0.00,3,14.00,71,1.10
2026-10-07T07:40,186,0.00,13,14.10,75,1.90
2026-10-07T07:50,168,0.00,32,14.40,76,1.20
2026-10-07T08:00,166,0.00,70,14.80,75,0.70
2026-10-07T08:10,108,0.00,84,15.20,74,1.20
2026-10-07T08:20,111,0.00,75,15.50,73,1.20
2026-10-07T08:30,106,0.00,133,15.70,72,1.00
2026-10-07T08:40,111,0.00,175,16.00,72,1.00
2026-10-07T08:50,91,0.00,196,16.80,68,1.40
2026-10-07T09:00,96,0.00,256,16.80,67,1.40
2026-10-07T09:10,71,0.00,296,17.20,66,1.30
2026-10-07T09:20,47,0.00,298,17.40,66,1.50
2026-10-07T09:30,63,0.00,350,17.30,65,1.90
2026-10-07T09:40,76,0.00,375,17.90,64,1.80
2026-10-07T09:50,91,0.00,254,18.50,63,2.10
2026-10-07T10:00,92,0.00,317,18.20,64,2.90
2026-10-07T10:10,92,0.00,232,18.90,61,2.50
2026-10-07T10:20,92,0.00,512,19.60,59,2.90
2026-10-07T10:30,85,0.00,485,20.10,59,2.70
2026-10-07T10:40,70,0.00,236,20.70,59,2.10
2026-10-07T10:50,57,0.00,286,20.30,58,2.50
2026-10-07T11:00,72,0.00,527,20.80,57,1.80
2026-10-07T11:10,61,0.00,546,20.90,57,2.10
2026-10-07T11:20,52,0.00,364,20.90,58,2.10
2026-10-07T11:30,82,0.00,375,21.20,59,2.20
2026-10-07T11:40,75,0.00,540,21.20,59,2.30
2026-10-07T11:50,71,0.00,459,21.50,58,2.60
2026-10-07T12:00,102,0.00,377,22.20,61,2.90
2026-10-07T12:10,105,0.00,258,21.50,63,3.30
2026-10-07T12:20,94,0.00,256,21.50,63,3.00
2026-10-07T12:30,111,0.00,363,21.70,63,2.80
2026-10-07T12:40,106,0.00,268,21.70,63,3.10
2026-10-07T12:50,100,0.00,320,21.90,63,2.30
2026-10-07T13:00,107,0.00,374,22.30,62,2.30
2026-10-07T13:10,117,0.00,238,22.30,62,2.40
2026-10-07T13:20,101,0.00,184,22.00,63,2.30
2026-10-07T13:30,106,0.00,195,22.00,65,2.60
2026-10-07T13:40,107,0.00,196,22.10,64,2.70
2026-10-07T13:50,107,0.00,192,22.30,63,2.30
2026-10-07T14:00,113,0.00,200,22.40,63,2.40
2026-10-07T14:10,98,0.00,238,22.60,61,2.20
2026-10-07T14:20,90,0.00,230,22.50,62,2.70
2026-10-07T14:30,96,0.00,212,22.50,62,2.80
2026-10-07T14:40,99,0.00,258,22.70,62,2.70
2026-10-07T14:50,102,0.00,269,22.90,61,2.10
2026-10-07T15:00,97,0.00,283,23.00,60,2.30
2026-10-07T15:10,90,0.00,208,23.00,60,2.00
2026-10-07T15:20,88,0.00,193,22.80,61,2.80
2026-10-07T15:30,102,0.00,149,22.90,60,2.60
2026-10-07T15:40,104,0.00,167,22.90,60,3.30
2026-10-07T15:50,101,0.00,198,23.00,60,3.10
2026-10-07T16:00,99,0.00,154,23.10,59,3.10
2026-10-07T16:10,98,0.00,143,23.00,60,3.30
2026-10-07T16:20,103,0.00,156,23.00,59,3.60
2026-10-07T16:30,108,0.00,109,23.00,59,3.00
2026-10-07T16:40,112,0.00,117,22.90,59,3.30
2026-10-07T16:50,108,0.00,104,22.90,59,3.50
2026-10-07T17:00,106,0.00,106,22.90,59,3.30
2026-10-07T17:10,103,0.00,86,22.90,60,3.20
2026-10-07T17:20,112,0.00,48,22.90,59,2.90
2026-10-07T17:30,104,0.00,27,22.80,60,2.30
2026-10-07T17:40,109,0.00,16,22.60,61,2.50
2026-10-07T17:50,113,0.00,9,22.50,62,1.90
2026-10-07T18:00,106,0.00,6,22.40,63,2.60
2026-10-07T18:10,98,0.00,3,22.20,64,2.10
2026-10-07T18:20,99,0.00,0,22.10,64,2.40
2026-10-07T18:30,98,0.00,0,21.80,66,1.90
2026-10-07T18:40,98,0.00,0,21.70,66,2.30
2026-10-07T18:50,94,0.00,0,21.60,69,2.00
2026-10-07T19:00,89,0.00,0,21.30,69,2.20
2026-10-07T19:10,92,0.20,0,20.70,74,2.30
2026-10-07T19:20,93,0.00,0,20.30,76,2.40
2026-10-07T19:30,96,0.00,0,20.00,77,2.40
2026-10-07T19:40,100,0.00,0,19.90,78,2.30
2026-10-07T19:50,98,0.20,0,19.80,79,2.50
2026-10-07T20:00,99,0.00,0,19.60,80,2.80
2026-10-07T20:10,105,0.20,0,19.40,82,2.70
2026-10-07T20:20,98,0.00,0,19.30,84,3.10
2026-10-07T20:30,98,0.20,0,19.20,86,2.80
2026-10-07T20:40,96,0.00,0,19.10,88,2.80
2026-10-07T20:50,94,0.20,0,19.10,89,2.80
2026-10-07T21:00,93,0.00,0,19.20,89,2.90
2026-10-07T21:10,90,0.20,0,19.10,90,2.70
2026-10-07T21:20,88,0.00,0,19.00,91,2.50
2026-10-07T21:30,90,0.00,0,19.10,91,2.60
2026-10-07T21:40,95,0.20,0,19.10,92,2.70
2026-10-07T21:50,99,0.20,0,18.90,92,2.50
2026-10-07T22:00,101,0.20,0,18.90,93,2.50
2026-10-07T22:10,100,0.20,0,19.00,93,2.40
2026-10-07T22:20,98,0.20,0,18.90,94,2.00
2026-10-07T22:30,96,0.40,0,18.80,94,2.50
2026-10-07T22:40,99,0.40,0,18.70,95,2.60
2026-10-07T22:50,100,0.40,0,18.70,95,2.20
2026-10-07T23:00,97,0.40,0,18.60,96,2.30
2026-10-07T23:10,93,0.40,0,18.60,96,3.00
2026-10-07T23:20,90,0.20,0,18.60,96,2.70
2026-10-07T23:30,90,0.00,0,18.60,95,2.60
2026-10-07T23:40,93,0.00,0,18.60,95,2.80
2026-10-07T23:50,95,0.20,0,18.60,95,2.80
2026-10-08T00:00,91,0.00,0,18.60,95,2.90
2026-10-08T00:10,92,0.00,0,18.60,96,3.00
2026-10-08T00:20,91,0.00,0,18.40,96,2.40
2026-10-08T00:30,91,0.20,0,18.50,96,2.40
2026-10-08T00:40,103,1.40,0,18.30,97,2.60
2026-10-08T00:50,102,3.00,0,18.00,98,3.20
2026-10-08T01:00,98,0.00,0,18.00,98,3.20
2026-10-08T01:10,98,0.20,0,18.10,98,2.30
2026-10-08T01:20,94,0.60,0,17.90,98,3.30
2026-10-08T01:30,97,0.80,0,17.90,98,3.10
2026-10-08T01:40,89,0.60,0,17.80,98,3.20
2026-10-08T01:50,90,0.00,0,17.80,98,3.80
2026-10-08T02:00,92,0.20,0,17.80,97,3.50
2026-10-08T02:10,93,0.00,0,17.70,97,3.10
2026-10-08T02:20,88,0.00,0,17.70,97,3.10
2026-10-08T02:30,95,0.00,0,17.70,96,3.60
2026-10-08T02:40,91,0.00,0,17.70,97,2.70
2026-10-08T02:50,92,0.00,0,17.70,96,2.90
2026-10-08T03:00,86,0.00,0,17.80,96,2.20
2026-10-08T03:10,9,0.00,0,17.70,97,0.60
2026-10-08T03:20,319,0.00,0,17.70,97,1.40
2026-10-08T03:30,3,0.00,0,17.70,97,1.10
2026-10-08T03:40,84,0.00,0,17.70,95,2.10
2026-10-08T03:50,78,0.00,0,17.70,95,2.30
2026-10-08T04:00,93,0.00,0,17.70,95,2.30
2026-10-08T04:10,95,0.00,0,17.60,95,1.90
2026-10-08T04:20,84,0.00,0,17.60,95,1.70
2026-10-08T04:30,46,0.00,0,17.60,96,0.60
2026-10-08T04:40,15,0.00,0,17.60,96,0.70
2026-10-08T04:50,83,0.00,0,17.50,96,1.40
2026-10-08T05:00,65,0.00,0,17.40,96,1.00
2026-10-08T05:10,87,0.00,0,17.30,95,1.40
2026-10-08T05:20,81,0.00,0,17.40,94,1.90
2026-10-08T05:30,102,0.00,0,17.30,93,2.20
2026-10-08T05:40,100,0.00,0,17.40,92,2.60
2026-10-08T05:50,101,0.00,0,17.40,92,2.40
2026-10-08T06:00,100,0.00,0,17.30,92,2.30
2026-10-08T06:10,106,0.00,0,17.30,91,2.20
2026-10-08T06:20,107,0.00,0,17.30,91,2.10
2026-10-08T06:30,120,0.00,0,17.30,91,1.40
2026-10-08T06:40,117,0.00,0,17.40,90,1.20
2026-10-08T06:50,112,0.00,0,17.40,90,1.00
2026-10-08T07:00,99,0.00,0,17.40,90,1.40
2026-10-08T07:10,100,0.00,0,17.30,92,1.50
2026-10-08T07:20,118,0.20,0,17.20,92,0.90
2026-10-08T07:30,115,0.00,0,17.10,93,1.20
2026-10-08T07:40,104,0.00,0,17.00,93,1.70
2026-10-08T07:50,115,0.00,4,17.10,92,1.60
2026-10-08T08:00,112,0.00,6,17.10,93,1.90
2026-10-08T08:10,129,0.00,9,17.00,93,2.00
2026-10-08T08:20,117,0.00,30,17.00,93,1.90
2026-10-08T08:30,,0.00,71,17.10,92,
2026-10-08T08:40,120,0.00,67,17.20,92,1.50
2026-10-08T08:50,115,0.00,106,17.30,93,1.50
2026-10-08T09:00,114,0.00,73,17.40,92,2.10
2026-10-08T09:10,113,0.00,77,17.40,92,2.80
2026-10-08T09:20,110,0.00,64,17.50,92,2.50
2026-10-08T09:30,113,0.00,117,17.60,92,2.60
2026-10-08T09:40,106,0.00,116,17.70,91,2.40
2026-10-08T09:50,103,0.00,135,17.80,91,2.40
2026-10-08T10:00,108,0.00,203,18.10,92,2.00
2026-10-08T10:10,117,0.00,459,18.50,89,2.20
2026-10-08T10:20,111,0.00,236,18.60,89,3.20
2026-10-08T10:30,115,0.00,155,18.50,91,2.70
2026-10-08T10:40,114,0.00,128,18.50,92,2.50
2026-10-08T10:50,134,0.00,96,18.50,92,2.10
2026-10-08T11:00,128,0.00,90,18.30,93,2.60
2026-10-08T11:10,127,0.00,67,18.40,94,2.20
2026-10-08T11:20,120,0.00,70,18.30,94,2.00
2026-10-08T11:30,108,0.00,119,18.50,94,2.00
2026-10-08T11:40,103,0.00,100,18.60,93,2.30
2026-10-08T11:50,91,0.00,142,18.80,93,2.10
2026-10-08T12:00,78,0.00,162,19.00,91,2.00
2026-10-08T12:10,94,0.00,305,19.20,90,2.70
2026-10-08T12:20,101,0.00,251,19.70,88,2.50
2026-10-08T12:30,98,0.00,139,19.80,87,2.60
2026-10-08T12:40,110,0.00,298,20.00,85,3.10
2026-10-08T12:50,102,0.00,714,20.30,82,2.30
2026-10-08T13:00,101,0.00,266,20.50,82,3.00
2026-10-08T13:10,117,0.00,172,20.30,82,2.50
2026-10-08T13:20,110,0.00,234,20.20,83,2.60
2026-10-08T13:30,106,0.00,263,20.40,80,2.50
2026-10-08T13:40,110,0.00,272,20.70,80,2.50
2026-10-08T13:50,108,0.00,174,20.60,78,2.00
2026-10-08T14:00,145,0.00,194,20.90,79,1.60
2026-10-08T14:10,112,0.00,205,21.00,78,1.90
2026-10-08T14:20,117,0.00,234,21.00,76,1.70
2026-10-08T14:30,124,0.00,159,21.20,77,2.00
2026-10-08T14:40,100,0.00,413,21.30,77,1.20
2026-10-08T14:50,81,0.00,205,21.50,77,1.20
2026-10-08T15:00,90,0.00,494,21.60,76,1.20
2026-10-08T15:10,96,0.00,238,21.80,76,1.00
2026-10-08T15:20,77,0.00,730,22.50,76,0.90
2026-10-08T15:30,93,0.00,522,22.70,73,1.50
2026-10-08T15:40,107,0.00,484,22.70,72,1.50
2026-10-08T15:50,84,0.00,440,22.80,73,1.70
2026-10-08T16:00,91,0.00,121,22.40,70,1.70
2026-10-08T16:10,127,0.00,123,22.40,73,1.30
2026-10-08T16:20,110,0.00,130,22.40,72,1.60
2026-10-08T16:30,112,0.00,146,22.50,72,1.70
2026-10-08T16:40,123,0.00,399,22.80,69,1.60
2026-10-08T16:50,92,0.00,216,22.90,71,1.20
2026-10-08T17:00,76,0.00,145,22.70,70,1.10
2026-10-08T17:10,91,0.00,98,22.60,71,1.00
2026-10-08T17:20,111,0.00,112,22.90,69,0.60
2026-10-08T17:30,78,0.00,48,22.60,70,0.50
2026-10-08T17:40,,0.00,41,22.40,71,0.00
2026-10-08T17:50,61,0.00,40,22.30,71,0.80
2026-10-08T18:00,79,0.00,54,22.20,71,0.70
2026-10-08T18:10,31,0.00,45,22.10,73,0.40
2026-10-08T18:20,49,0.00,8,22.10,72,1.00
2026-10-08T18:30,36,0.00,2,21.80,73,0.80
2026-10-08T18:40,52,0.00,0,21.50,75,0.70
2026-10-08T18:50,,0.00,0,21.00,79,0.00
2026-10-08T19:00,,0.00,0,20.40,84,0.00
2026-10-08T19:10,38,0.00,0,20.20,84,0.80
2026-10-08T19:20,42,0.00,0,20.50,81,0.90
2026-10-08T19:30,38,0.00,0,20.60,81,0.90
2026-10-08T19:40,51,0.00,0,20.60,81,0.90
2026-10-08T19:50,52,0.00,0,20.40,83,0.70
2026-10-08T20:00,86,0.00,0,20.10,84,0.90
2026-10-08T20:10,42,0.00,0,19.80,85,0.70
2026-10-08T20:20,56,0.00,0,19.80,86,0.70
2026-10-08T20:30,67,0.00,0,20.00,85,1.00
2026-10-08T20:40,59,0.00,0,20.00,85,1.20
2026-10-08T20:50,64,0.00,0,19.90,85,1.10
2026-10-08T21:00,74,0.00,0,19.80,86,1.10
2026-10-08T21:10,76,0.00,0,19.70,85,1.50
2026-10-08T21:20,79,0.00,0,19.60,86,1.40
2026-10-08T21:30,62,0.00,0,19.40,86,1.20
2026-10-08T21:40,24,0.00,0,19.40,87,1.00
2026-10-08T21:50,38,0.00,0,19.10,88,0.70
2026-10-08T22:00,55,0.00,0,19.00,89,1.00
2026-10-08T22:10,81,0.00,0,18.90,89,0.80
2026-10-08T22:20,93,0.00,0,18.60,90,0.90
2026-10-08T22:30,43,0.00,0,18.60,90,0.90
2026-10-08T22:40,74,0.00,0,18.60,89,1.10
2026-10-08T22:50,100,0.00,0,18.10,91,1.30
2026-10-08T23:00,85,0.00,0,18.30,91,1.40
2026-10-08T23:10,96,0.00,0,18.20,91,1.60
2026-10-08T23:20,89,0.00,0,18.30,91,1.80
2026-10-08T23:30,94,0.00,0,18.40,90,1.90
2026-10-08T23:40,70,0.00,0,18.30,91,1.30
2026-10-08T23:50,57,0.00,0,18.30,91,1.10
2026-10-09T00:00,,0.00,0,18.10,92,0.00
2026-10-09T00:10,,0.00,0,17.90,93,0.00
2026-10-09T00:20,264,0.00,0,17.60,94,0.60
2026-10-09T00:30,293,0.00,0,17.60,94,0.60
2026-10-09T00:40,229,0.20,0,17.70,96,0.70
2026-10-09T00:50,261,0.20,0,17.80,96,1.30
2026-10-09T01:00,,0.00,0,17.80,96,0.00
2026-10-09T01:10,164,0.00,0,17.60,97,0.90
2026-10-09T01:20,272,0.00,0,17.40,97,0.90
2026-10-09T01:30,347,0.00,0,17.40,98,0.60
2026-10-09T01:40,336,0.00,0,17.50,98,1.20
2026-10-09T01:50,7,0.00,0,17.50,98,1.00
2026-10-09T02:00,31,0.00,0,17.40,98,0.90
2026-10-09T02:10,33,0.00,0,17.30,98,0.60
2026-10-09T02:20,,0.00,0,17.10,98,0.00
2026-10-09T02:30,31,0.00,0,17.20,98,0.70
2026-10-09T02:40,353,0.00,0,17.10,98,0.60
2026-10-09T02:50,89,0.00,0,17.10,98,0.80
2026-10-09T03:00,,0.00,0,16.80,98,0.00
2026-10-09T03:10,96,0.00,0,16.90,99,1.10
2026-10-09T03:20,37,0.00,0,16.60,99,0.50
2026-10-09T03:30,141,0.00,0,16.50,99,0.40
2026-10-09T03:40,134,0.00,0,16.40,99,0.30
2026-10-09T03:50,,0.00,0,16.30,99,0.00
2026-10-09T04:00,53,0.00,0,16.60,100,0.80
2026-10-09T04:10,91,0.00,0,16.30,99,0.90
2026-10-09T04:20,152,0.00,0,16.00,99,0.60
2026-10-09T04:30,153,0.00,0,16.20,100,0.80
2026-10-09T04:40,87,0.00,0,16.10,100,0.50
2026-10-09T04:50,122,0.00,0,16.00,100,0.50
2026-10-09T05:00,157,0.00,0,16.00,100,0.40
2026-10-09T05:10,111,0.00,0,15.90,100,0.80
2026-10-09T05:20,87,0.00,0,16.00,99,1.00
2026-10-09T05:30,92,0.00,0,16.00,99,1.10
2026-10-09T05:40,85,0.00,0,15.90,98,1.00
2026-10-09T05:50,90,0.00,0,15.90,98,1.20
2026-10-09T06:00,25,0.00,0,15.90,98,1.00
2026-10-09T06:10,32,0.00,0,15.80,98,1.00
2026-10-09T06:20,2,0.00,0,15.50,97,0.60
2026-10-09T06:30,37,0.00,0,15.40,98,0.50
2026-10-09T06:40,40,0.00,0,15.30,99,0.90
2026-10-09T06:50,37,0.00,0,15.20,99,0.70
2026-10-09T07:00,342,0.00,0,14.70,98,0.40
2026-10-09T07:10,224,0.00,0,14.60,99,0.40
2026-10-09T07:20,,0.00,0,14.60,100,0.00
2026-10-09T07:30,317,0.00,0,14.20,100,0.60
2026-10-09T07:40,298,0.00,5,14.20,100,0.90
2026-10-09T07:50,307,0.00,16,14.30,100,0.90
2026-10-09T08:00,312,0.00,60,14.60,100,0.90
2026-10-09T08:10,285,0.00,86,14.90,100,0.90
2026-10-09T08:20,307,0.00,42,15.70,100,2.30
2026-10-09T08:30,296,0.00,46,15.70,100,2.30
2026-10-09T08:40,309,0.00,81,15.60,100,2.20
2026-10-09T08:50,303,0.00,117,15.80,100,1.80
2026-10-09T09:00,307,0.00,114,16.10,100,1.90
2026-10-09T09:10,313,0.00,175,16.20,100,1.90
2026-10-09T09:20,312,0.00,115,16.20,100,2.40
2026-10-09T09:30,305,0.00,115,16.30,100,2.10
2026-10-09T09:40,295,0.00,127,16.60,100,2.40
2026-10-09T09:50,305,0.00,128,16.70,100,1.80
2026-10-09T10:00,303,0.00,187,16.90,100,2.10
2026-10-09T10:10,284,0.00,240,17.20,100,1.80
2026-10-09T10:20,265,0.00,233,17.70,99,1.50
2026-10-09T10:30,243,0.00,229,18.00,97,2.20
2026-10-09T10:40,228,0.00,172,17.80,97,1.80
2026-10-09T10:50,230,0.00,184,18.10,97,2.00
2026-10-09T11:00,272,0.00,315,18.40,95,1.80
2026-10-09T11:10,246,0.00,461,18.80,93,1.90
2026-10-09T11:20,243,0.00,189,19.50,88,1.60
2026-10-09T11:30,266,0.00,227,19.60,92,1.70
2026-10-09T11:40,287,0.00,310,19.80,88,1.80
2026-10-09T11:50,311,0.00,207,19.50,87,2.40
2026-10-09T12:00,314,0.00,670,20.10,88,2.50
2026-10-09T12:10,289,0.00,296,20.60,85,2.40
2026-10-09T12:20,269,0.00,281,20.60,83,2.30
2026-10-09T12:30,268,0.00,212,20.60,83,1.70
2026-10-09T12:40,249,0.00,261,20.90,82,2.10
2026-10-09T12:50,246,0.00,258,20.80,82,2.00
2026-10-09T13:00,231,0.00,284,20.80,82,1.90
2026-10-09T13:10,229,0.00,267,20.90,81,1.70
2026-10-09T13:20,228,0.00,280,21.10,81,1.40
2026-10-09T13:30,244,0.00,306,21.40,79,1.20
2026-10-09T13:40,267,0.00,880,21.90,75,1.30
2026-10-09T13:50,236,0.00,852,22.70,70,1.30
2026-10-09T14:00,224,0.00,776,23.60,68,1.80
2026-10-09T14:10,184,0.00,707,22.70,70,2.70
2026-10-09T14:20,162,0.00,671,22.90,68,1.20
2026-10-09T14:30,178,0.00,334,22.20,71,1.00
2026-10-09T14:40,159,0.00,537,22.70,69,0.60
2026-10-09T14:50,167,0.00,215,22.60,70,1.40
2026-10-09T15:00,168,0.00,246,22.40,70,1.80
2026-10-09T15:10,83,0.00,498,22.40,71,1.70
2026-10-09T15:20,80,0.00,112,22.00,71,1.90
2026-10-09T15:30,18,0.00,118,21.40,74,0.90
2026-10-09T15:40,339,0.00,122,21.20,76,1.70
2026-10-09T15:50,332,0.00,116,21.50,75,1.10
2026-10-09T16:00,318,0.00,129,20.60,83,2.40
2026-10-09T16:10,318,0.00,139,20.60,82,2.30
2026-10-09T16:20,321,0.00,140,20.60,81,2.00
2026-10-09T16:30,333,0.00,366,20.80,80,1.70
2026-10-09T16:40,300,0.00,295,22.00,73,1.20
2026-10-09T16:50,314,0.00,275,21.40,75,2.10
2026-10-09T17:00,319,0.00,303,21.80,75,1.60
2026-10-09T17:10,315,0.00,280,22.30,72,1.60
2026-10-09T17:20,336,0.00,263,22.30,72,1.10
2026-10-09T17:30,68,0.00,248,22.10,69,1.00
2026-10-09T17:40,87,0.00,146,21.50,72,2.40
2026-10-09T17:50,108,0.00,98,21.40,76,1.70
2026-10-09T18:00,130,0.00,35,20.90,80,1.20
2026-10-09T18:10,152,0.00,13,20.50,84,0.80
2026-10-09T18:20,122,0.20,7,20.20,83,0.60
2026-10-09T18:30,,0.00,1,19.80,89,0.00
2026-10-09T18:40,337,0.00,0,19.50,90,1.00
2026-10-09T18:50,18,0.00,0,19.40,90,0.60
2026-10-09T19:00,61,0.00,0,19.90,84,1.00
2026-10-09T19:10,96,0.00,0,20.00,85,1.20
2026-10-09T19:20,76,0.00,0,20.20,85,1.00
2026-10-09T19:30,85,0.00,0,20.10,86,1.00
2026-10-09T19:40,79,0.00,0,20.00,85,0.90
2026-10-09T19:50,75,0.00,0,20.00,85,1.00
2026-10-09T20:00,44,0.00,0,19.90,85,0.70
2026-10-09T20:10,27,0.00,0,19.50,87,0.60
2026-10-09T20:20,80,0.00,0,19.50,87,0.70
2026-10-09T20:30,98,0.00,0,19.50,87,1.60
2026-10-09T20:40,94,0.00,0,19.40,87,1.70
2026-10-09T20:50,78,0.00,0,19.30,88,1.50
2026-10-09T21:00,89,0.00,0,19.30,88,1.70
2026-10-09T21:10,96,0.00,0,19.20,88,2.10
2026-10-09T21:20,80,0.00,0,19.00,88,1.60
2026-10-09T21:30,72,0.00,0,19.00,89,1.30
2026-10-09T21:40,85,0.00,0,18.80,90,1.20
2026-10-09T21:50,89,0.00,0,18.70,90,1.30
2026-10-09T22:00,88,0.00,0,18.60,91,1.40
2026-10-09T22:10,105,0.00,0,18.40,92,1.50
2026-10-09T22:20,96,0.00,0,18.40,92,1.30
2026-10-09T22:30,101,0.00,0,18.40,91,1.00
2026-10-09T22:40,104,0.00,0,18.40,92,1.30
2026-10-09T22:50,101,0.00,0,18.30,92,1.90
2026-10-09T23:00,111,0.00,0,18.30,91,2.10
2026-10-09T23:10,112,0.00,0,18.20,91,2.20
2026-10-09T23:20,111,0.00,0,18.00,92,2.10
2026-10-09T23:30,99,0.00,0,17.90,92,2.40
2026-10-09T23:40,100,0.00,0,17.80,93,2.30
2026-10-09T23:50,97,0.00,0,17.70,94,2.30
2026-10-10T00:00,91,0.00,0,17.50,94,2.00
2026-10-10T00:10,97,0.00,0,17.40,94,2.00
2026-10-10T00:20,96,0.00,0,17.30,95,1.90
2026-10-10T00:30,88,0.00,0,17.10,96,1.50
2026-10-10T00:40,95,0.00,0,17.10,96,1.40
2026-10-10T00:50,90,0.00,0,17.00,96,1.50
2026-10-10T01:00,101,0.00,0,17.00,97,1.80
2026-10-10T01:10,97,0.00,0,16.90,97,1.60
2026-10-10T01:20,104,0.00,0,16.70,97,0.90
2026-10-10T01:30,99,0.00,0,16.70,97,0.50
2026-10-10T01:40,110,0.00,0,16.80,97,0.60
2026-10-10T01:50,,0.00,0,16.80,96,0.00
2026-10-10T02:00,78,0.00,0,16.90,96,0.40
2026-10-10T02:10,64,0.00,0,17.00,95,0.60
2026-10-10T02:20,90,0.00,0,16.90,94,1.10
2026-10-10T02:30,91,0.00,0,16.80,92,1.70
2026-10-10T02:40,89,0.00,0,16.70,91,1.60
2026-10-10T02:50,122,0.00,0,16.60,92,0.70
2026-10-10T03:00,189,0.00,0,16.20,93,0.50
2026-10-10T03:10,190,0.00,0,16.20,94,0.60
2026-10-10T03:20,141,0.00,0,16.10,93,0.70
2026-10-10T03:30,151,0.00,0,16.20,92,1.40
2026-10-10T03:40,161,0.00,0,16.70,89,2.00
2026-10-10T03:50,160,0.00,0,16.90,88,1.60
2026-10-10T04:00,165,0.00,0,16.90,89,1.10
2026-10-10T04:10,134,0.00,0,16.80,89,1.10
2026-10-10T04:20,63,0.00,0,16.80,90,0.80
2026-10-10T04:30,57,0.00,0,16.60,91,0.80
2026-10-10T04:40,335,0.00,0,16.60,92,0.70
2026-10-10T04:50,210,0.00,0,16.40,93,0.70
2026-10-10T05:00,145,0.00,0,16.20,93,0.30
2026-10-10T05:10,206,0.00,0,16.10,94,0.70
2026-10-10T05:20,232,0.00,0,15.90,95,0.70
2026-10-10T05:30,200,0.00,0,16.20,96,0.50
2026-10-10T05:40,288,0.00,0,16.20,96,0.40
2026-10-10T05:50,,0.00,0,16.40,96,0.00
2026-10-10T06:00,270,0.00,0,16.50,97,1.10
2026-10-10T06:10,250,0.00,0,16.50,97,0.80
2026-10-10T06:20,223,0.00,0,16.40,97,1.60
2026-10-10T06:30,248,0.00,0,16.20,97,0.90
2026-10-10T06:40,247,0.00,0,16.20,97,0.80
2026-10-10T06:50,226,0.00,0,16.30,97,0.90
2026-10-10T07:00,202,0.00,0,16.30,97,0.60
2026-10-10T07:10,127,0.00,0,16.40,96,1.10
2026-10-10T07:20,133,0.00,0,16.60,91,1.40
2026-10-10T07:30,166,0.00,0,16.70,91,0.90
2026-10-10T07:40,,0.00,3,16.80,92,0.00
2026-10-10T07:50,,0.00,12,16.70,91,0.00
2026-10-10T08:00,233,0.00,23,16.90,91,0.50
2026-10-10T08:10,312,0.00,20,16.80,91,0.40
2026-10-10T08:20,304,0.00,18,16.90,91,0.40
2026-10-10T08:30,194,0.00,33,17.10,92,0.80
2026-10-10T08:40,221,0.00,77,17.10,94,1.20
2026-10-10T08:50,223,0.00,55,17.30,93,1.70
2026-10-10T09:00,204,0.00,124,17.20,94,1.90
2026-10-10T09:10,196,0.00,118,17.40,93,1.60
2026-10-10T09:20,196,0.00,217,17.90,91,1.20
2026-10-10T09:30,229,0.00,222,18.60,88,1.30
2026-10-10T09:40,237,0.00,203,18.40,87,0.50
2026-10-10T09:50,289,0.00,195,18.80,87,0.80
2026-10-10T10:00,323,0.00,177,18.40,88,1.30
2026-10-10T10:10,342,0.00,161,18.40,88,1.30
2026-10-10T10:20,353,0.00,120,18.20,89,1.50
2026-10-10T10:30,6,0.00,170,18.30,88,1.30
2026-10-10T10:40,10,0.00,158,18.50,87,1.30
2026-10-10T10:50,342,0.00,125,18.60,85,1.30
2026-10-10T11:00,337,0.00,150,18.80,87,0.90
2026-10-10T11:10,297,0.00,161,18.70,86,1.20
2026-10-10T11:20,294,0.00,261,19.10,84,1.00
2026-10-10T11:30,303,0.00,431,19.40,84,0.90
2026-10-10T11:40,339,0.00,307,19.40,81,1.30
2026-10-10T11:50,276,0.00,266,19.80,79,1.20
2026-10-10T12:00,313,0.00,234,20.00,82,0.60
2026-10-10T12:10,299,0.00,242,19.70,82,1.60
2026-10-10T12:20,314,0.00,234,19.70,83,1.40
2026-10-10T12:30,313,0.00,283,19.50,84,2.10
2026-10-10T12:40,326,0.00,323,19.40,83,1.90
2026-10-10T12:50,314,0.00,417,20.10,81,1.70
2026-10-10T13:00,297,,458,20.20,79,1.90
2026-10-10T13:10,271,,479,20.80,76,1.30
2026-10-10T13:20,,,,,,1.90
2026-10-10T13:30,,,,,,1.90
2026-10-10T13:40,,,,,,2.50
2026-10-10T16:40,281,0.00,184,22.20,67,
2026-10-10T16:50,296,0.00,217,21.90,68,
2026-10-10T17:00,295,0.00,174,21.70,69,
2026-10-10T17:10,300,0.00,101,21.70,69,
2026-10-10T17:20,296,0.00,92,21.30,71,2.10
2026-10-10T17:30,299,0.00,73,21.10,72,1.90
2026-10-10T17:40,291,0.00,67,21.00,74,1.40
2026-10-10T17:50,300,0.00,50,20.80,74,1.70
2026-10-10T18:00,301,0.00,35,20.70,74,1.90
2026-10-10T18:10,297,0.00,19,20.50,75,1.90
2026-10-10T18:20,283,0.00,8,20.30,75,1.50
2026-10-10T18:30,280,0.00,8,20.20,75,1.20
2026-10-10T18:40,275,0.00,3,20.20,76,1.60
2026-10-10T18:50,287,0.00,0,20.10,77,1.80
2026-10-10T19:00,289,,0,19.80,78,1.50
2026-10-10T19:10,287,,0,19.70,79,1.90
2026-10-10T19:20,,,,,,1.50
