datetime,DVENTO,LIVNEVE,PREC,TEMP,UMID,VVENTO
2026-08-06T22:00,87,5,0.00,23.70,47,0.70
2026-08-06T22:10,108,3,0.00,23.10,49,1.00
2026-08-06T22:20,123,-63,0.00,23.20,47,1.00
2026-08-06T22:30,120,3,0.00,23.20,48,0.90
2026-08-06T22:40,155,3,0.00,22.90,49,1.00
2026-08-06T22:50,144,5,0.00,23.20,47,0.80
2026-08-06T23:00,136,4,0.00,23.20,47,0.60
2026-08-06T23:10,139,4,0.00,22.80,49,0.60
2026-08-06T23:20,130,-88,0.00,22.90,48,1.30
2026-08-06T23:30,114,-33,0.00,22.80,48,1.30
2026-08-06T23:40,113,2,0.00,23.00,49,1.10
2026-08-06T23:50,114,3,0.00,22.80,49,1.00
2026-08-07T00:00,115,4,0.00,22.60,48,0.90
2026-08-07T00:10,93,4,0.00,22.40,49,0.80
2026-08-07T00:20,96,5,0.00,23.40,48,1.00
2026-08-07T00:30,83,5,0.00,23.60,48,1.10
2026-08-07T00:40,82,4,0.00,23.50,48,1.00
2026-08-07T00:50,96,-42,0.00,23.50,49,1.00
2026-08-07T01:00,115,-33,0.00,23.10,51,1.80
2026-08-07T01:10,118,4,0.00,23.00,53,2.10
2026-08-07T01:20,114,4,0.00,22.70,54,1.90
2026-08-07T01:30,119,4,0.00,22.80,53,2.20
2026-08-07T01:40,118,4,0.00,22.50,54,1.50
2026-08-07T01:50,121,3,0.00,22.40,55,1.40
2026-08-07T02:00,123,3,0.00,22.30,55,1.50
2026-08-07T02:10,124,3,0.00,21.90,57,0.70
2026-08-07T02:20,136,4,0.00,21.60,57,0.60
2026-08-07T02:30,117,-47,0.00,21.90,57,1.50
2026-08-07T02:40,122,3,0.00,21.40,59,2.10
2026-08-07T02:50,112,4,0.00,21.60,58,1.90
2026-08-07T03:00,117,3,0.00,21.50,59,1.90
2026-08-07T03:10,114,2,0.00,21.20,60,1.90
2026-08-07T03:20,90,3,0.00,21.10,59,0.90
2026-08-07T03:30,75,2,0.00,21.30,58,1.40
2026-08-07T03:40,93,1,0.00,21.00,59,1.20
2026-08-07T03:50,112,1,0.00,20.90,59,1.30
2026-08-07T04:00,75,3,0.00,21.00,57,0.80
2026-08-07T04:10,87,1,0.00,21.10,57,1.10
2026-08-07T04:20,121,3,0.00,20.70,57,1.20
2026-08-07T04:30,77,2,0.00,20.70,57,0.70
2026-08-07T04:40,109,3,0.00,20.20,57,1.70
2026-08-07T04:50,102,3,0.00,20.40,56,0.90
2026-08-07T05:00,126,2,0.00,20.60,56,0.80
2026-08-07T05:10,113,3,0.00,20.60,55,0.60
2026-08-07T05:20,55,3,0.00,21.70,50,1.60
2026-08-07T05:30,49,0,0.00,21.60,50,2.00
2026-08-07T05:40,108,2,0.00,21.30,51,1.30
2026-08-07T05:50,102,1,0.00,21.40,51,0.70
2026-08-07T06:00,68,3,0.00,21.10,54,0.80
2026-08-07T06:10,72,4,0.20,19.10,64,1.90
2026-08-07T06:20,89,2,0.00,19.70,58,1.30
2026-08-07T06:30,67,1,0.00,21.00,54,1.60
2026-08-07T06:40,109,1,0.00,20.30,58,0.90
2026-08-07T06:50,226,0,0.00,20.30,59,0.80
2026-08-07T07:00,,1,0.00,19.90,61,0.00
2026-08-07T07:10,,1,0.00,19.70,61,0.00
2026-08-07T07:20,148,1,0.00,19.80,61,0.50
2026-08-07T07:30,171,1,0.00,20.10,60,0.40
2026-08-07T07:40,,0,0.00,20.10,63,0.00
2026-08-07T07:50,179,0,0.00,20.20,60,0.50
2026-08-07T08:00,,0,0.00,20.50,59,0.00
2026-08-07T08:10,127,0,0.00,20.70,61,0.60
2026-08-07T08:20,213,-1,0.00,20.60,60,1.00
2026-08-07T08:30,202,0,0.00,20.80,56,1.20
2026-08-07T08:40,304,0,0.00,20.70,59,1.00
2026-08-07T08:50,234,1,1.80,18.60,73,1.10
2026-08-07T09:00,322,1,2.20,17.70,77,0.50
2026-08-07T09:10,29,2,0.80,17.50,75,2.80
2026-08-07T09:20,22,0,0.20,17.30,77,2.90
2026-08-07T09:30,23,2,0.00,17.80,69,2.70
2026-08-07T09:40,19,0,0.20,17.60,66,2.50
2026-08-07T09:50,12,0,0.40,17.70,64,1.40
2026-08-07T10:00,28,2,1.60,17.00,64,2.00
2026-08-07T10:10,19,1,5.00,17.00,66,2.30
2026-08-07T10:20,24,1,0.20,18.20,57,2.10
2026-08-07T10:30,30,0,0.00,19.00,56,1.60
2026-08-07T10:40,71,5,0.00,19.30,67,1.50
2026-08-07T10:50,192,-1,0.00,20.70,65,0.40
2026-08-07T11:00,,0,0.00,21.90,49,0.00
2026-08-07T11:10,208,1,0.00,22.50,44,0.80
2026-08-07T11:20,260,1,0.00,22.20,47,0.80
2026-08-07T11:30,,-2,0.00,23.00,44,0.00
2026-08-07T11:40,291,-1,0.00,22.80,53,1.20
2026-08-07T11:50,294,-1,0.00,23.00,55,1.30
2026-08-07T12:00,259,-2,0.00,23.20,45,0.70
2026-08-07T12:10,295,1,0.00,23.00,49,0.50
2026-08-07T12:20,324,1,0.00,23.00,52,0.30
2026-08-07T12:30,311,1,0.00,22.80,50,0.60
2026-08-07T12:40,282,1,0.00,22.70,48,0.40
2026-08-07T12:50,247,1,0.00,22.40,55,0.70
2026-08-07T13:00,215,3,0.00,22.20,57,0.60
2026-08-07T13:10,221,1,0.00,22.60,53,0.40
2026-08-07T13:20,217,0,0.00,21.50,57,0.70
2026-08-07T13:30,251,0,0.00,20.10,60,1.20
2026-08-07T13:40,246,0,0.00,20.80,56,0.80
2026-08-07T13:50,284,1,0.00,21.70,52,0.70
2026-08-07T14:00,230,-2,0.00,22.20,56,1.10
2026-08-07T14:10,210,2,0.00,22.60,56,1.80
2026-08-07T14:20,239,1,0.00,23.30,52,1.20
2026-08-07T14:30,290,-1,0.00,23.90,50,0.90
2026-08-07T14:40,282,-2,0.00,24.30,45,1.10
2026-08-07T14:50,303,0,0.00,24.40,41,1.00
2026-08-07T15:00,307,-5,0.00,24.60,41,1.20
2026-08-07T15:10,268,-3,0.00,24.70,42,1.20
2026-08-07T15:20,209,-1,0.00,24.40,40,1.10
2026-08-07T15:30,243,-4,0.00,25.20,47,0.60
2026-08-07T15:40,261,-1,0.00,25.30,42,1.10
2026-08-07T15:50,275,-2,0.00,25.10,42,1.30
2026-08-07T16:00,253,0,0.00,25.40,44,1.10
2026-08-07T16:10,212,-1,0.00,25.50,42,0.80
2026-08-07T16:20,226,1,0.00,25.60,50,1.10
2026-08-07T16:30,203,0,0.00,25.60,53,1.00
2026-08-07T16:40,212,0,0.00,24.90,42,1.40
2026-08-07T16:50,242,1,0.00,25.20,43,0.40
2026-08-07T17:00,316,-1,0.00,25.50,44,0.70
2026-08-07T17:10,250,0,0.00,26.20,42,0.40
2026-08-07T17:20,278,0,0.00,25.50,47,1.00
2026-08-07T17:30,250,-1,0.00,25.60,41,0.90
2026-08-07T17:40,245,0,0.00,25.20,44,0.60
2026-08-07T17:50,,-1,0.00,25.10,50,0.00
2026-08-07T18:00,,0,0.00,24.90,52,0.00
2026-08-07T18:10,,-1,0.00,24.70,49,0.00
2026-08-07T18:20,279,0,0.00,24.70,51,0.40
2026-08-07T18:30,301,0,0.00,24.50,54,0.60
2026-08-07T18:40,,-1,0.00,25.00,49,0.00
2026-08-07T18:50,,-1,0.00,24.60,50,0.00
2026-08-07T19:00,228,-1,0.00,24.50,48,0.50
2026-08-07T19:10,,-2,0.00,24.00,52,0.00
2026-08-07T19:20,,-1,0.00,23.70,53,0.00
2026-08-07T19:30,172,-1,0.00,22.50,52,0.40
2026-08-07T19:40,160,0,0.00,22.40,51,1.00
2026-08-07T19:50,168,0,0.00,22.90,51,1.10
2026-08-07T20:00,195,-1,0.00,23.10,52,0.60
2026-08-07T20:10,,-1,0.00,23.00,55,0.00
2026-08-07T20:20,161,0,0.00,22.40,53,0.80
2026-08-07T20:30,151,0,0.00,21.80,55,1.10
2026-08-07T20:40,125,1,0.00,21.70,54,1.00
2026-08-07T20:50,131,0,0.00,21.20,56,0.90
2026-08-07T21:00,146,0,0.00,21.20,56,1.20
2026-08-07T21:10,167,0,0.00,21.00,56,1.00
2026-08-07T21:20,188,1,0.00,21.30,55,0.60
2026-08-07T21:30,242,0,0.00,21.40,55,0.50
2026-08-07T21:40,,0,0.00,21.30,55,0.00
2026-08-07T21:50,,0,0.00,21.30,56,0.00
2026-08-07T22:00,,0,0.00,20.80,56,0.00
2026-08-07T22:10,,1,0.00,21.00,56,0.00
2026-08-07T22:20,,1,0.00,20.90,56,0.00
2026-08-07T22:30,,1,0.00,20.80,57,0.00
2026-08-07T22:40,,2,0.00,20.90,56,0.00
2026-08-07T22:50,,0,0.00,20.70,57,0.00
2026-08-07T23:00,73,1,0.00,20.40,59,0.50
2026-08-07T23:10,97,2,0.00,20.60,58,0.40
2026-08-07T23:20,121,0,0.00,20.90,57,0.50
2026-08-07T23:30,129,0,0.00,20.20,59,1.00
2026-08-07T23:40,122,1,0.00,20.40,56,1.60
2026-08-07T23:50,110,1,0.00,20.40,57,1.30
2026-08-08T00:00,110,2,0.00,20.50,57,1.30
2026-08-08T00:10,105,1,0.00,20.00,59,0.60
2026-08-08T00:20,115,2,0.00,20.40,58,0.80
2026-08-08T00:30,121,1,0.00,20.40,58,1.20
2026-08-08T00:40,119,1,0.00,20.60,58,1.00
2026-08-08T00:50,111,1,0.00,20.80,57,1.10
2026-08-08T01:00,114,1,0.00,20.60,57,1.10
2026-08-08T01:10,114,1,0.00,20.50,59,1.10
2026-08-08T01:20,125,2,0.00,20.30,60,0.70
2026-08-08T01:30,151,2,0.00,20.70,58,0.70
2026-08-08T01:40,130,1,0.00,20.70,60,0.70
2026-08-08T01:50,127,1,0.00,20.50,59,0.90
2026-08-08T02:00,188,2,0.00,19.80,61,0.90
2026-08-08T02:10,,2,0.00,20.10,60,0.00
2026-08-08T02:20,,1,0.00,20.10,60,0.00
2026-08-08T02:30,157,1,0.00,20.40,59,0.70
2026-08-08T02:40,340,1,0.00,20.20,60,0.40
2026-08-08T02:50,114,1,0.00,19.50,63,0.70
2026-08-08T03:00,76,1,0.00,19.60,63,1.10
2026-08-08T03:10,60,2,0.00,19.40,63,0.80
2026-08-08T03:20,82,1,0.00,19.50,63,1.10
2026-08-08T03:30,127,2,0.00,18.10,69,2.10
2026-08-08T03:40,129,4,0.00,18.50,67,0.50
2026-08-08T03:50,90,3,0.00,19.30,63,0.60
2026-08-08T04:00,105,2,0.00,19.00,64,1.40
2026-08-08T04:10,90,2,0.00,19.20,63,1.00
2026-08-08T04:20,109,1,0.00,19.10,64,1.20
2026-08-08T04:30,124,1,0.00,18.50,66,0.90
2026-08-08T04:40,152,2,0.00,18.30,67,0.60
2026-08-08T04:50,113,2,0.00,18.80,63,0.50
2026-08-08T05:00,126,1,0.00,18.40,66,0.60
2026-08-08T05:10,,0,0.00,18.30,66,0.00
2026-08-08T05:20,60,1,0.00,18.00,67,0.40
2026-08-08T05:30,,-1,0.00,18.00,66,0.00
2026-08-08T05:40,132,0,0.00,17.80,67,0.40
2026-08-08T05:50,104,-1,0.00,18.00,66,0.60
2026-08-08T06:00,61,-1,0.00,17.90,67,0.50
2026-08-08T06:10,204,0,0.00,17.60,68,0.40
2026-08-08T06:20,196,1,0.00,17.90,69,0.50
2026-08-08T06:30,,0,0.00,18.10,68,0.00
2026-08-08T06:40,117,1,0.00,18.30,68,0.30
2026-08-08T06:50,120,1,0.00,18.70,66,0.80
2026-08-08T07:00,115,2,0.00,18.80,65,0.90
2026-08-08T07:10,55,2,0.00,19.20,63,0.40
2026-08-08T07:20,24,2,0.00,19.20,64,0.80
2026-08-08T07:30,,1,0.00,19.10,65,0.00
2026-08-08T07:40,,1,0.00,19.40,65,0.00
2026-08-08T07:50,,0,0.00,19.50,67,0.00
2026-08-08T08:00,,1,0.00,19.20,67,0.00
2026-08-08T08:10,217,2,0.00,19.60,66,0.40
2026-08-08T08:20,205,2,0.00,19.60,67,0.60
2026-08-08T08:30,206,2,0.00,19.70,65,0.60
2026-08-08T08:40,205,2,0.00,19.70,65,0.90
2026-08-08T08:50,211,2,0.00,19.90,62,0.40
2026-08-08T09:00,203,-1,0.00,20.00,64,0.60
2026-08-08T09:10,206,1,0.00,20.00,64,1.00
2026-08-08T09:20,198,0,0.00,20.00,62,1.10
2026-08-08T09:30,229,1,0.00,20.40,62,0.70
2026-08-08T09:40,283,1,0.00,20.90,62,0.70
2026-08-08T09:50,266,3,0.00,21.10,63,0.60
2026-08-08T10:00,228,-1,0.00,21.60,59,0.40
2026-08-08T10:10,282,0,0.00,21.50,62,0.60
2026-08-08T10:20,319,0,0.00,21.10,58,1.00
2026-08-08T10:30,322,1,0.00,21.10,65,0.80
2026-08-08T10:40,235,0,0.00,21.50,57,1.00
2026-08-08T10:50,246,0,0.00,22.00,57,0.60
2026-08-08T11:00,264,3,0.00,22.00,59,1.00
2026-08-08T11:10,262,1,0.00,21.90,59,1.10
2026-08-08T11:20,266,-1,0.00,21.80,59,0.50
2026-08-08T11:30,272,1,0.00,21.70,57,1.00
2026-08-08T11:40,,1,0.00,21.70,63,0.00
2026-08-08T11:50,0,0,0.00,21.50,57,0.50
2026-08-08T12:00,349,-1,0.00,21.70,58,1.00
2026-08-08T12:10,,0,0.00,21.70,56,0.00
2026-08-08T12:20,,0,0.00,21.90,56,0.00
2026-08-08T12:30,348,0,0.00,21.80,56,0.40
2026-08-08T12:40,295,-1,0.00,22.10,56,0.30
2026-08-08T12:50,,-1,0.00,22.00,58,0.00
2026-08-08T13:00,14,0,0.00,21.80,56,0.80
2026-08-08T13:10,102,-1,0.00,22.20,56,0.70
2026-08-08T13:20,257,0,0.00,22.30,55,0.40
2026-08-08T13:30,,0,0.00,23.30,55,0.00
2026-08-08T13:40,25,3,0.00,23.10,56,1.30
2026-08-08T13:50,19,1,0.00,23.50,52,1.00
2026-08-08T14:00,323,2,0.00,23.70,51,1.20
2026-08-08T14:10,318,0,0.00,24.00,58,0.70
2026-08-08T14:20,344,2,0.00,23.90,53,0.50
2026-08-08T14:30,346,0,0.00,24.40,57,0.90
2026-08-08T14:40,308,0,0.00,23.70,50,1.70
2026-08-08T14:50,311,-1,0.00,24.20,51,1.40
2026-08-08T15:00,289,0,0.00,24.20,50,1.10
2026-08-08T15:10,289,0,0.00,24.60,54,1.20
2026-08-08T15:20,284,0,0.00,24.50,51,1.50
2026-08-08T15:30,260,0,0.00,24.50,52,2.00
2026-08-08T15:40,312,-2,0.00,24.20,51,0.90
2026-08-08T15:50,300,-1,0.00,24.50,52,0.90
2026-08-08T16:00,295,0,0.00,23.60,57,1.90
2026-08-08T16:10,16,-3,0.00,24.10,57,0.60
2026-08-08T16:20,239,1,0.00,24.00,52,1.10
2026-08-08T16:30,263,-2,0.00,23.90,53,0.70
2026-08-08T16:40,222,-1,0.00,24.00,55,0.80
2026-08-08T16:50,243,-1,0.00,23.80,53,0.90
2026-08-08T17:00,273,1,0.00,23.80,53,1.30
2026-08-08T17:10,284,-2,0.00,24.80,54,0.60
2026-08-08T17:20,253,-1,0.00,24.00,54,0.90
2026-08-08T17:30,238,1,0.00,24.00,54,1.30
2026-08-08T17:40,280,-1,0.00,24.70,60,1.00
2026-08-08T17:50,217,1,0.00,23.40,55,1.60
2026-08-08T18:00,185,-1,0.00,23.00,57,1.70
2026-08-08T18:10,177,-1,0.00,22.50,58,1.40
2026-08-08T18:20,110,-1,0.00,22.50,57,0.90
2026-08-08T18:30,128,-1,0.00,22.20,58,0.40
2026-08-08T18:40,305,0,0.00,21.90,59,0.60
2026-08-08T18:50,45,0,0.00,22.00,59,0.90
2026-08-08T19:00,111,0,0.00,21.60,60,0.30
2026-08-08T19:10,349,-1,0.00,21.70,60,1.00
2026-08-08T19:20,20,0,0.00,21.60,60,0.40
2026-08-08T19:30,289,0,0.00,21.40,62,1.20
2026-08-08T19:40,304,1,0.00,21.30,63,1.00
2026-08-08T19:50,1,1,0.00,21.10,63,0.80
2026-08-08T20:00,69,1,0.00,21.00,62,0.60
2026-08-08T20:10,310,0,0.00,20.90,63,0.50
2026-08-08T20:20,,1,0.00,20.70,63,0.00
2026-08-08T20:30,236,1,0.00,20.60,64,0.70
2026-08-08T20:40,191,2,0.00,20.40,64,0.30
2026-08-08T20:50,218,0,0.00,19.90,66,0.60
2026-08-08T21:00,,1,0.00,19.60,67,0.00
2026-08-08T21:10,,2,0.00,19.80,66,0.00
2026-08-08T21:20,51,2,0.00,20.10,65,0.80
2026-08-08T21:30,,2,0.00,19.30,68,0.00
2026-08-08T21:40,186,1,0.00,19.70,69,1.10
2026-08-08T21:50,189,1,0.00,19.90,69,1.80
2026-08-08T22:00,182,1,0.00,19.80,69,1.40
2026-08-08T22:10,171,1,0.00,19.70,70,1.70
2026-08-08T22:20,167,1,0.00,19.40,71,0.90
2026-08-08T22:30,158,1,0.00,19.00,71,0.40
2026-08-08T22:40,162,1,0.00,19.30,71,1.00
2026-08-08T22:50,172,1,0.00,19.30,71,1.40
2026-08-08T23:00,157,1,0.00,19.30,71,1.10
2026-08-08T23:10,143,1,0.00,18.80,73,1.00
2026-08-08T23:20,77,0,0.00,19.10,73,1.10
2026-08-08T23:30,99,0,0.00,18.60,75,1.00
2026-08-08T23:40,135,0,0.00,18.70,74,0.40
2026-08-08T23:50,175,0,0.00,18.10,77,0.70
2026-08-09T00:00,238,0,0.00,18.20,76,0.30
2026-08-09T00:10,289,1,0.00,18.40,75,0.30
2026-08-09T00:20,285,1,0.00,18.50,75,0.40
2026-08-09T00:30,,1,0.00,18.70,74,0.00
2026-08-09T00:40,309,0,0.00,18.90,73,0.50
2026-08-09T00:50,309,-1,0.00,19.30,70,0.70
2026-08-09T01:00,314,0,0.00,19.40,69,0.70
2026-08-09T01:10,301,-1,0.00,19.30,70,0.50
2026-08-09T01:20,287,0,0.00,19.30,70,0.40
2026-08-09T01:30,239,0,0.00,19.40,69,0.50
2026-08-09T01:40,219,0,0.00,19.30,71,0.60
2026-08-09T01:50,234,0,0.00,19.20,72,0.60
2026-08-09T02:00,231,0,0.00,19.10,73,0.40
2026-08-09T02:10,,0,0.00,19.00,73,0.00
2026-08-09T02:20,,1,0.00,19.00,70,0.00
2026-08-09T02:30,218,0,0.00,18.70,71,0.70
2026-08-09T02:40,245,0,0.00,18.40,71,0.40
2026-08-09T02:50,,0,0.00,18.50,70,0.00
2026-08-09T03:00,,1,0.00,18.50,69,0.00
2026-08-09T03:10,,0,0.00,18.70,68,0.00
2026-08-09T03:20,273,0,0.00,18.50,68,0.50
2026-08-09T03:30,281,0,0.00,18.70,67,0.60
2026-08-09T03:40,,0,0.00,18.60,67,0.00
2026-08-09T03:50,,0,0.00,18.60,67,0.00
2026-08-09T04:00,211,1,0.00,18.50,67,0.50
2026-08-09T04:10,,1,0.00,18.50,67,0.00
2026-08-09T04:20,,-1,0.00,18.40,68,0.00
2026-08-09T04:30,,0,0.00,18.20,68,0.00
2026-08-09T04:40,228,0,0.00,18.00,69,0.40
2026-08-09T04:50,222,1,0.00,18.10,68,0.40
2026-08-09T05:00,198,0,0.00,18.10,69,0.50
2026-08-09T05:10,236,0,0.00,18.10,69,0.30
2026-08-09T05:20,216,1,0.00,17.90,70,0.30
2026-08-09T05:30,249,1,0.00,18.00,70,0.40
2026-08-09T05:40,,1,0.00,18.30,69,0.00
2026-08-09T05:50,274,1,0.00,18.20,69,0.30
2026-08-09T06:00,,1,0.00,18.20,69,0.00
2026-08-09T06:10,,2,0.00,18.40,67,0.00
2026-08-09T06:20,232,1,0.00,18.00,69,0.40
2026-08-09T06:30,,0,0.00,18.20,68,0.00
2026-08-09T06:40,261,3,0.00,18.40,67,0.40
2026-08-09T06:50,215,1,0.00,18.20,69,0.50
2026-08-09T07:00,181,1,0.00,18.30,68,0.40
2026-08-09T07:10,,3,0.00,18.60,67,0.00
2026-08-09T07:20,,1,0.00,18.70,67,0.00
2026-08-09T07:30,,2,0.00,18.60,67,0.00
2026-08-09T07:40,,1,0.00,18.60,67,0.00
2026-08-09T07:50,213,2,0.00,18.60,67,0.30
2026-08-09T08:00,207,2,0.00,19.30,65,0.50
2026-08-09T08:10,189,3,0.00,19.60,63,0.70
2026-08-09T08:20,218,1,0.00,20.10,62,0.40
2026-08-09T08:30,231,3,0.00,20.10,63,0.90
2026-08-09T08:40,221,2,0.00,19.90,63,1.30
2026-08-09T08:50,206,3,0.00,20.20,59,0.70
2026-08-09T09:00,220,1,0.00,20.60,62,0.80
2026-08-09T09:10,237,1,0.00,20.90,57,0.90
2026-08-09T09:20,237,6,0.00,21.20,58,0.50
2026-08-09T09:30,230,-1,0.00,21.50,62,0.60
2026-08-09T09:40,269,1,0.00,21.50,55,0.70
2026-08-09T09:50,282,3,0.00,21.50,55,0.70
2026-08-09T10:00,254,2,0.00,21.80,56,0.60
2026-08-09T10:10,278,1,0.00,21.80,54,0.80
2026-08-09T10:20,244,0,0.00,22.20,55,0.70
2026-08-09T10:30,259,0,0.00,21.90,56,0.80
2026-08-09T10:40,239,2,0.00,22.30,56,0.40
2026-08-09T10:50,3,-2,0.00,22.60,59,0.30
2026-08-09T11:00,266,3,0.00,22.30,54,0.80
2026-08-09T11:10,212,2,0.00,22.70,55,0.80
2026-08-09T11:20,249,3,0.00,22.80,57,0.80
2026-08-09T11:30,268,3,0.00,22.10,58,1.00
2026-08-09T11:40,255,1,0.00,22.50,57,0.40
2026-08-09T11:50,177,1,0.00,22.90,60,0.40
2026-08-09T12:00,,3,0.00,23.30,57,0.00
2026-08-09T12:10,274,0,0.00,24.10,61,0.40
2026-08-09T12:20,174,0,0.00,23.90,53,0.50
2026-08-09T12:30,257,3,0.00,23.30,56,0.60
2026-08-09T12:40,242,1,0.00,24.30,53,0.80
2026-08-09T12:50,,3,0.00,25.10,58,0.00
2026-08-09T13:00,279,1,0.00,24.70,50,0.30
2026-08-09T13:10,11,2,0.00,23.00,58,0.60
2026-08-09T13:20,54,0,0.00,23.00,55,0.50
2026-08-09T13:30,40,4,0.00,24.10,57,0.60
2026-08-09T13:40,0,2,0.00,24.40,52,1.40
2026-08-09T13:50,333,0,0.00,24.50,51,1.30
2026-08-09T14:00,,0,0.00,24.20,52,0.00
2026-08-09T14:10,10,-2,0.00,25.10,50,1.20
2026-08-09T14:20,288,-1,0.00,25.10,49,0.30
2026-08-09T14:30,22,-2,0.00,25.40,50,1.20
2026-08-09T14:40,340,1,0.00,25.00,51,1.60
2026-08-09T14:50,305,3,0.00,25.10,51,0.90
2026-08-09T15:00,33,0,0.00,24.50,51,0.70
2026-08-09T15:10,57,-1,0.00,24.40,52,1.40
2026-08-09T15:20,17,1,0.00,24.80,52,1.40
2026-08-09T15:30,318,-2,0.00,25.00,50,0.80
2026-08-09T15:40,275,-1,0.00,25.40,50,0.80
2026-08-09T15:50,245,2,0.00,25.50,51,0.90
2026-08-09T16:00,251,-1,0.00,25.50,55,0.40
2026-08-09T16:10,301,0,0.00,25.30,51,1.40
2026-08-09T16:20,285,2,0.00,25.70,49,1.10
2026-08-09T16:30,258,0,0.00,25.40,50,0.90
2026-08-09T16:40,276,-1,0.00,25.50,50,0.70
2026-08-09T16:50,256,1,0.00,25.00,52,1.70
2026-08-09T17:00,227,1,0.00,24.90,54,2.00
2026-08-09T17:10,227,4,0.00,25.00,52,1.60
2026-08-09T17:20,256,2,0.00,24.50,53,1.70
2026-08-09T17:30,202,1,0.00,24.90,51,0.70
2026-08-09T17:40,210,0,0.00,25.00,54,0.30
2026-08-09T17:50,299,0,0.00,25.20,53,0.70
2026-08-09T18:00,262,0,0.00,25.00,51,0.80
2026-08-09T18:10,195,-1,0.00,24.90,50,0.60
2026-08-09T18:20,241,-1,0.00,25.10,50,0.40
2026-08-09T18:30,296,-1,0.00,24.90,51,0.30
2026-08-09T18:40,216,-1,0.00,24.30,52,1.10
2026-08-09T18:50,209,-1,0.00,24.00,53,1.50
2026-08-09T19:00,269,-1,0.00,24.30,55,1.10
2026-08-09T19:10,259,-1,0.00,23.50,56,1.20
2026-08-09T19:20,273,-1,0.00,22.80,58,0.40
2026-08-09T19:30,339,-1,0.00,22.30,61,0.30
2026-08-09T19:40,,0,0.00,21.60,63,0.00
2026-08-09T19:50,,1,0.00,21.50,63,0.00
2026-08-09T20:00,242,2,0.00,21.40,62,0.40
2026-08-09T20:10,187,1,0.00,21.20,63,0.80
2026-08-09T20:20,185,1,0.00,21.10,63,0.50
2026-08-09T20:30,214,1,0.00,20.70,65,0.50
2026-08-09T20:40,260,1,0.00,20.60,65,0.70
2026-08-09T20:50,222,2,0.00,20.40,66,0.60
2026-08-09T21:00,204,2,0.00,20.40,66,0.50
2026-08-09T21:10,197,2,0.00,20.10,67,0.50
2026-08-09T21:20,202,2,0.00,20.10,67,1.10
2026-08-09T21:30,208,3,0.00,20.00,68,0.60
2026-08-09T21:40,188,2,0.00,20.00,68,0.90
2026-08-09T21:50,196,1,0.00,19.90,68,0.80
2026-08-09T22:00,181,2,0.00,19.70,69,0.70
2026-08-09T22:10,192,0,0.00,19.70,68,0.80
2026-08-09T22:20,195,1,0.00,19.60,68,0.80
2026-08-09T22:30,251,1,0.00,20.50,65,1.00
2026-08-09T22:40,219,2,0.00,20.00,67,1.00
2026-08-09T22:50,229,2,0.00,20.00,67,0.90
2026-08-09T23:00,237,1,0.00,20.10,67,1.00
2026-08-09T23:10,208,2,0.00,19.80,68,0.90
2026-08-09T23:20,202,1,0.00,19.90,67,1.10
2026-08-09T23:30,202,2,0.00,20.00,66,0.70
2026-08-09T23:40,221,2,0.00,20.10,66,1.10
2026-08-09T23:50,255,0,0.00,20.30,65,0.70
2026-08-10T00:00,214,1,0.00,20.10,66,0.60
2026-08-10T00:10,161,1,0.00,20.70,63,0.50
2026-08-10T00:20,73,1,0.00,21.10,62,0.50
2026-08-10T00:30,102,3,0.00,20.80,63,1.40
2026-08-10T00:40,129,3,0.00,20.20,65,1.10
2026-08-10T00:50,90,2,0.00,20.60,64,0.90
2026-08-10T01:00,97,2,0.00,20.60,64,1.60
2026-08-10T01:10,117,0,0.00,20.10,66,2.10
2026-08-10T01:20,113,2,0.00,19.70,68,1.30
2026-08-10T01:30,110,1,0.00,20.50,65,1.50
2026-08-10T01:40,113,0,0.00,19.90,67,1.40
2026-08-10T01:50,118,2,0.00,20.30,65,1.70
2026-08-10T02:00,75,-1,0.00,20.20,66,0.60
2026-08-10T02:10,123,1,0.00,19.80,68,1.00
2026-08-10T02:20,112,1,0.00,19.90,67,0.80
2026-08-10T02:30,135,2,0.00,19.90,67,1.00
2026-08-10T02:40,111,1,0.00,19.40,70,1.10
2026-08-10T02:50,84,1,0.00,19.50,69,0.80
2026-08-10T03:00,67,1,0.00,20.20,66,0.80
2026-08-10T03:10,139,0,0.00,19.90,68,0.60
2026-08-10T03:20,222,0,0.00,19.70,69,0.80
2026-08-10T03:30,187,1,0.00,19.40,70,0.50
2026-08-10T03:40,,1,0.00,19.30,70,0.00
2026-08-10T03:50,338,1,0.00,19.40,70,0.30
2026-08-10T04:00,273,0,0.00,19.40,71,0.40
2026-08-10T04:10,217,1,0.00,19.00,72,0.70
2026-08-10T04:20,228,1,0.00,19.00,72,0.60
2026-08-10T04:30,241,1,0.00,19.20,71,0.40
2026-08-10T04:40,280,1,0.00,19.40,70,0.30
2026-08-10T04:50,229,1,0.00,19.40,70,0.50
2026-08-10T05:00,216,2,0.00,19.60,69,0.30
2026-08-10T05:10,,1,0.00,19.80,68,0.00
2026-08-10T05:20,,1,0.00,19.80,68,0.00
2026-08-10T05:30,,1,0.00,19.50,69,0.00
2026-08-10T05:40,,1,0.00,19.60,69,0.00
2026-08-10T05:50,,1,0.00,19.50,69,0.00
2026-08-10T06:00,,0,0.00,19.40,70,0.00
2026-08-10T06:10,,2,0.00,19.40,69,0.00
2026-08-10T06:20,,0,0.00,19.50,69,0.00
2026-08-10T06:30,,2,0.00,19.50,69,0.00
2026-08-10T06:40,,1,0.00,19.90,68,0.00
2026-08-10T06:50,,2,0.00,19.80,69,0.00
2026-08-10T07:00,,2,0.00,19.90,68,0.00
2026-08-10T07:10,,1,0.00,20.10,69,0.00
2026-08-10T07:20,,0,0.00,20.20,67,0.00
2026-08-10T07:30,,0,0.00,20.30,69,0.00
2026-08-10T07:40,191,1,0.00,20.50,64,0.50
2026-08-10T07:50,190,0,0.00,20.80,70,0.40
2026-08-10T08:00,173,0,0.00,20.90,64,0.60
2026-08-10T08:10,,0,0.00,21.10,70,0.00
2026-08-10T08:20,,-1,0.00,21.30,69,0.00
2026-08-10T08:30,,0,0.00,21.30,65,0.00
2026-08-10T08:40,192,0,0.00,21.30,61,0.70
2026-08-10T08:50,,1,0.00,21.60,63,0.00
2026-08-10T09:00,195,-2,0.00,21.80,59,0.80
2026-08-10T09:10,207,0,0.00,21.70,59,1.40
2026-08-10T09:20,202,-2,0.00,21.80,58,1.50
2026-08-10T09:30,200,0,0.00,22.00,58,1.30
2026-08-10T09:40,205,0,0.00,22.40,62,1.60
2026-08-10T09:50,211,-1,0.00,23.00,60,1.00
2026-08-10T10:00,205,2,0.00,23.20,55,0.90
2026-08-10T10:10,201,4,0.00,22.80,55,1.50
2026-08-10T10:20,212,1,0.00,23.10,53,1.30
2026-08-10T10:30,212,3,0.00,23.70,55,0.70
2026-08-10T10:40,267,0,0.00,24.00,51,0.50
2026-08-10T10:50,221,0,0.00,23.60,46,1.10
2026-08-10T11:00,249,1,0.00,24.30,44,1.00
2026-08-10T11:10,262,0,0.00,24.50,49,1.00
2026-08-10T11:20,274,4,0.00,24.30,47,1.00
2026-08-10T11:30,182,4,0.00,24.50,48,1.00
2026-08-10T11:40,275,-3,0.00,24.90,47,0.80
2026-08-10T11:50,14,2,0.00,24.80,49,0.40
2026-08-10T12:00,,2,0.00,25.50,52,0.00
2026-08-10T12:10,243,-1,0.00,25.30,50,0.50
2026-08-10T12:20,183,0,0.00,25.60,49,0.50
2026-08-10T12:30,267,1,0.00,25.70,51,0.70
2026-08-10T12:40,212,2,0.00,25.10,52,0.90
2026-08-10T12:50,336,2,0.00,25.60,52,0.70
2026-08-10T13:00,171,1,0.00,26.10,47,0.40
2026-08-10T13:10,,2,0.00,26.40,46,0.00
2026-08-10T13:20,121,0,0.00,25.90,47,1.10
2026-08-10T13:30,251,2,0.00,25.40,47,0.40
2026-08-10T13:40,138,0,0.00,25.50,54,1.20
2026-08-10T13:50,119,3,0.00,25.90,47,0.70
2026-08-10T14:00,61,-1,0.00,26.30,47,0.50
2026-08-10T14:10,295,1,0.00,26.70,47,0.30
2026-08-10T14:20,172,1,0.00,26.20,44,0.90
2026-08-10T14:30,,2,0.00,26.50,45,0.00
2026-08-10T14:40,,1,0.00,26.90,48,0.00
2026-08-10T14:50,151,1,0.00,26.60,42,1.70
2026-08-10T15:00,37,0,0.00,26.40,42,0.60
2026-08-10T15:10,299,1,0.00,26.20,47,0.50
2026-08-10T15:20,147,-2,0.00,25.40,47,1.20
2026-08-10T15:30,107,-1,0.00,25.10,47,0.50
2026-08-10T15:40,205,0,0.00,25.10,52,1.30
2026-08-10T15:50,,1,0.00,25.00,51,0.00
2026-08-10T16:00,282,1,0.00,24.60,52,0.60
2026-08-10T16:10,,2,0.00,24.30,59,0.00
2026-08-10T16:20,227,-1,0.00,23.50,61,0.60
2026-08-10T16:30,213,1,0.40,21.60,71,1.30
2026-08-10T16:40,195,2,0.20,20.90,73,1.60
2026-08-10T16:50,269,2,0.00,20.70,62,0.40
2026-08-10T17:00,279,0,0.20,20.80,65,0.60
2026-08-10T17:10,219,2,0.20,19.30,71,0.70
2026-08-10T17:20,298,0,0.20,19.70,66,1.00
2026-08-10T17:30,310,1,0.00,20.00,55,0.40
2026-08-10T17:40,259,-3,0.20,22.40,58,0.70
2026-08-10T17:50,243,-1,0.00,23.50,42,0.40
2026-08-10T18:00,309,0,0.00,24.30,39,0.80
2026-08-10T18:10,245,-1,0.00,24.90,42,0.70
2026-08-10T18:20,238,0,0.00,24.90,37,0.70
2026-08-10T18:30,312,-1,0.00,25.30,41,1.00
2026-08-10T18:40,231,-1,0.00,25.10,42,0.70
2026-08-10T18:50,210,-1,0.00,24.70,50,0.60
2026-08-10T19:00,205,-1,0.00,24.60,50,0.30
2026-08-10T19:10,211,-1,0.00,24.60,51,0.50
2026-08-10T19:20,215,-1,0.00,24.40,51,0.60
2026-08-10T19:30,245,-2,0.00,24.40,52,0.70
2026-08-10T19:40,241,-2,0.00,24.50,53,0.80
2026-08-10T19:50,249,-1,0.00,24.30,53,0.40
2026-08-10T20:00,278,-1,0.00,23.90,54,0.50
2026-08-10T20:10,220,1,0.00,22.90,59,0.70
2026-08-10T20:20,215,-1,0.00,22.30,60,0.70
2026-08-10T20:30,203,0,0.00,21.90,63,0.80
2026-08-10T20:40,211,1,0.00,21.90,62,0.90
2026-08-10T20:50,216,0,0.00,22.30,61,0.60
2026-08-10T21:00,259,2,0.00,22.60,60,0.70
2026-08-10T21:10,219,1,0.00,22.30,61,0.70
2026-08-10T21:20,199,1,0.00,22.00,62,0.70
2026-08-10T21:30,228,1,0.00,22.30,61,0.40
2026-08-10T21:40,220,1,0.00,22.20,61,0.60
2026-08-10T21:50,174,0,0.00,21.40,64,0.50
2026-08-10T22:00,243,1,0.00,21.50,63,0.40
2026-08-10T22:10,,0,0.00,21.30,64,0.00
2026-08-10T22:20,220,0,0.00,21.90,61,1.00
2026-08-10T22:30,238,-1,0.00,22.30,57,0.90
2026-08-10T22:40,,-1,0.00,22.30,57,0.00
2026-08-10T22:50,135,0,0.00,22.00,57,0.90
2026-08-10T23:00,116,1,0.00,21.60,56,0.80
2026-08-10T23:10,178,2,0.00,21.70,54,0.80
2026-08-10T23:20,207,0,0.00,22.40,51,0.50
2026-08-10T23:30,153,1,0.00,22.10,52,0.40
2026-08-10T23:40,118,1,0.00,21.70,52,1.00
2026-08-10T23:50,110,0,0.00,22.10,57,1.70
2026-08-11T00:00,118,0,0.00,21.90,57,1.20
2026-08-11T00:10,124,0,0.00,21.80,52,0.80
2026-08-11T00:20,120,2,0.00,21.80,51,0.40
2026-08-11T00:30,111,0,0.00,21.50,59,0.60
2026-08-11T00:40,74,-2,0.00,22.10,58,1.00
2026-08-11T00:50,57,-1,0.00,21.40,55,0.80
2026-08-11T01:00,57,1,0.00,21.90,54,1.10
2026-08-11T01:10,77,-1,0.00,21.70,58,0.80
2026-08-11T01:20,68,0,0.00,21.50,52,0.70
2026-08-11T01:30,104,-1,0.00,22.20,51,0.70
2026-08-11T01:40,99,-1,0.00,22.20,56,0.90
2026-08-11T01:50,116,0,0.00,21.30,59,2.00
2026-08-11T02:00,125,-999,0.00,20.90,60,2.20
2026-08-11T02:10,126,-999,0.00,21.10,58,1.80
2026-08-11T02:20,127,-999,0.00,21.70,56,1.50
2026-08-11T02:30,105,-999,0.00,21.10,58,0.70
2026-08-11T02:40,79,-999,0.00,21.20,55,1.00
2026-08-11T02:50,84,-999,0.00,21.40,54,1.00
2026-08-11T03:00,77,-999,0.00,21.50,53,1.40
2026-08-11T03:10,78,-999,0.00,21.70,54,1.20
2026-08-11T03:20,83,-999,0.00,21.30,54,1.10
2026-08-11T03:30,,-999,0.00,21.10,54,0.00
2026-08-11T03:40,83,-999,0.00,21.40,53,0.60
2026-08-11T03:50,57,-999,0.00,21.80,51,1.60
2026-08-11T04:00,87,-999,0.00,21.60,52,0.80
2026-08-11T04:10,118,-999,0.00,21.30,53,0.70
2026-08-11T04:20,173,-999,0.00,20.50,56,0.70
2026-08-11T04:30,171,-999,0.00,20.50,58,1.00
2026-08-11T04:40,172,-999,0.00,20.40,57,0.50
2026-08-11T04:50,,-999,0.00,20.20,60,0.00
2026-08-11T05:00,176,-999,0.00,19.90,59,0.70
2026-08-11T05:10,127,-999,0.00,20.40,56,1.10
2026-08-11T05:20,124,-999,0.00,20.60,56,0.80
2026-08-11T05:30,133,-999,0.00,20.10,58,0.50
2026-08-11T05:40,140,-999,0.00,19.90,57,0.80
2026-08-11T05:50,156,-999,0.00,19.70,58,0.40
2026-08-11T06:00,114,-999,0.00,20.10,55,0.70
2026-08-11T06:10,147,-999,0.00,19.40,58,0.90
2026-08-11T06:20,125,-999,0.00,19.90,56,0.60
2026-08-11T06:30,135,-999,0.00,20.20,56,1.00
2026-08-11T06:40,137,-999,0.00,20.00,56,0.80
2026-08-11T06:50,,-999,0.00,20.30,55,0.00
2026-08-11T07:00,133,-999,0.00,20.40,56,0.40
2026-08-11T07:10,140,-999,0.00,20.20,57,0.80
2026-08-11T07:20,,-999,0.00,20.60,56,0.00
2026-08-11T07:30,136,-999,0.00,21.00,52,0.80
2026-08-11T07:40,126,-999,0.00,20.40,52,1.20
2026-08-11T07:50,115,-999,0.00,20.80,50,0.40
2026-08-11T08:00,127,-999,0.00,21.20,49,0.80
2026-08-11T08:10,130,-999,0.00,21.40,52,0.50
2026-08-11T08:20,223,-999,0.00,21.60,52,0.30
2026-08-11T08:30,215,-999,0.00,21.70,55,0.40
2026-08-11T08:40,,-999,0.00,21.60,52,0.00
2026-08-11T08:50,,-999,0.00,22.30,50,0.00
2026-08-11T09:00,,-999,0.00,23.10,48,0.00
2026-08-11T09:10,,-999,0.00,23.30,41,0.00
2026-08-11T09:20,152,-999,0.00,24.00,39,0.60
2026-08-11T09:30,78,-999,0.00,24.30,37,0.90
2026-08-11T09:40,50,-999,0.00,24.30,38,1.30
2026-08-11T09:50,243,-999,0.00,23.80,47,0.60
2026-08-11T10:00,215,-999,0.00,24.20,41,0.70
2026-08-11T10:10,224,-999,0.00,24.20,45,0.60
2026-08-11T10:20,242,-999,0.00,24.80,47,0.50
2026-08-11T10:30,197,-999,0.00,24.50,41,0.50
2026-08-11T10:40,198,-999,0.00,24.90,41,0.70
2026-08-11T10:50,212,-999,0.00,25.10,46,0.80
2026-08-11T11:00,196,-999,0.00,24.70,39,1.20
2026-08-11T11:10,229,-999,0.00,25.30,37,0.70
2026-08-11T11:20,246,-999,0.00,25.30,38,1.00
2026-08-11T11:30,261,-999,0.00,25.90,43,0.50
2026-08-11T11:40,267,-999,0.00,26.20,40,0.80
2026-08-11T11:50,259,-999,0.00,25.90,36,0.50
2026-08-11T12:00,239,-999,0.00,26.30,35,0.40
2026-08-11T12:10,208,-999,0.00,26.40,38,0.50
2026-08-11T12:20,,-999,0.00,27.00,38,0.00
2026-08-11T12:30,210,-999,0.00,26.40,37,0.80
2026-08-11T12:40,183,-999,0.00,26.60,43,0.50
2026-08-11T12:50,,-999,0.00,27.80,43,0.00
2026-08-11T13:00,315,-999,0.00,26.40,36,0.40
2026-08-11T13:10,351,-999,0.00,26.50,37,0.70
2026-08-11T13:20,30,-999,0.00,26.70,38,1.40
2026-08-11T13:30,256,-999,0.00,27.10,35,0.50
2026-08-11T13:40,32,-999,0.00,27.10,34,0.60
2026-08-11T13:50,7,-999,0.00,27.30,36,0.30
2026-08-11T14:00,3,-999,0.00,27.40,37,0.60
2026-08-11T14:10,353,-999,0.00,26.80,35,1.50
2026-08-11T14:20,36,-999,0.00,27.50,35,0.90
2026-08-11T14:30,318,-999,0.00,27.10,32,1.70
2026-08-11T14:40,320,-999,0.00,27.00,35,2.10
2026-08-11T14:50,4,-999,0.00,26.90,35,1.80
2026-08-11T15:00,26,-999,0.00,28.10,38,2.10
2026-08-11T15:10,36,-999,0.00,27.90,40,0.60
2026-08-11T15:20,85,-999,0.00,27.30,33,0.70
2026-08-11T15:30,34,-999,0.00,28.00,39,1.10
2026-08-11T15:40,314,-999,0.00,27.90,36,0.90
2026-08-11T15:50,330,-999,0.00,28.20,35,1.00
2026-08-11T16:00,346,-999,0.00,28.30,33,0.40
2026-08-11T16:10,291,-999,0.00,29.30,33,0.80
2026-08-11T16:20,293,-999,0.00,28.20,38,0.90
2026-08-11T16:30,160,-999,0.00,29.00,31,0.70
2026-08-11T16:40,41,-999,0.00,27.80,34,1.00
2026-08-11T16:50,324,-999,0.00,27.70,36,1.90
2026-08-11T17:00,280,-999,0.00,27.80,36,2.10
2026-08-11T17:10,272,-999,0.00,28.00,35,0.90
2026-08-11T17:20,238,-999,0.00,28.00,36,0.50
2026-08-11T17:30,65,-999,0.00,27.00,36,1.00
2026-08-11T17:40,27,-999,0.00,26.20,36,1.10
2026-08-11T17:50,,-999,0.00,25.60,36,0.00
2026-08-11T18:00,174,-999,0.00,25.30,37,1.30
2026-08-11T18:10,161,-999,0.00,25.20,39,1.50
2026-08-11T18:20,180,-999,0.00,25.10,40,1.60
2026-08-11T18:30,170,-999,0.00,25.00,43,1.70
2026-08-11T18:40,231,-999,0.00,25.80,42,1.00
2026-08-11T18:50,287,-999,0.00,26.20,41,1.10
2026-08-11T19:00,345,-999,0.00,26.10,43,0.60
2026-08-11T19:10,,,0.00,25.70,42,
2026-08-11T19:20,188,-999,0.00,25.60,45,1.10
2026-08-11T19:30,219,-999,0.00,25.50,45,1.50
2026-08-11T19:40,187,-999,0.00,24.90,47,1.30
2026-08-11T19:50,153,-999,0.00,24.90,48,0.70
2026-08-11T20:00,123,-999,0.00,24.60,48,0.60
2026-08-11T20:10,98,-999,0.00,24.20,49,0.50
2026-08-11T20:20,83,-999,0.00,23.80,50,1.00
2026-08-11T20:30,113,-999,0.00,23.80,50,1.10
2026-08-11T20:40,115,-999,0.00,23.80,50,1.30
2026-08-11T20:50,72,-999,0.00,23.80,50,1.00
2026-08-11T21:00,61,-999,0.00,23.60,51,0.90
2026-08-11T21:10,104,-999,0.00,23.30,52,0.90
2026-08-11T21:20,124,-999,0.00,22.80,54,0.90
2026-08-11T21:30,148,-999,0.00,22.60,53,0.60
2026-08-11T21:40,169,-999,0.00,22.70,51,0.40
2026-08-11T21:50,,-999,0.00,22.50,53,0.00
2026-08-11T22:00,,-999,0.00,22.80,52,0.00
2026-08-11T22:10,,-999,0.00,23.00,52,0.00
2026-08-11T22:20,128,-999,0.00,22.40,54,0.50
2026-08-11T22:30,172,-999,0.00,22.30,53,0.70
2026-08-11T22:40,,-999,0.00,22.60,53,0.00
2026-08-11T22:50,100,-999,0.00,23.20,51,0.50
2026-08-11T23:00,102,-999,0.00,23.10,52,1.20
2026-08-11T23:10,100,-999,0.00,22.70,52,1.00
2026-08-11T23:20,51,-999,0.00,23.20,49,0.80
2026-08-11T23:30,80,-999,0.00,23.20,49,0.80
2026-08-11T23:40,76,-999,0.00,23.10,50,0.70
2026-08-11T23:50,131,-999,0.00,22.40,52,1.30
2026-08-12T00:00,129,-999,0.00,22.30,53,1.10
2026-08-12T00:10,122,-999,0.00,22.60,52,1.10
2026-08-12T00:20,121,-999,0.00,22.40,52,0.90
2026-08-12T00:30,108,-999,0.00,22.40,53,0.90
2026-08-12T00:40,,-999,0.00,22.40,54,0.00
2026-08-12T00:50,,-999,0.00,22.10,56,0.00
2026-08-12T01:00,150,-999,0.00,22.40,56,1.00
2026-08-12T01:10,145,-999,0.00,22.70,56,1.20
2026-08-12T01:20,118,-999,0.00,22.90,55,0.70
2026-08-12T01:30,128,-999,0.00,22.10,58,0.70
2026-08-12T01:40,108,-999,0.00,22.00,58,0.60
2026-08-12T01:50,119,-999,0.00,21.70,58,1.00
2026-08-12T02:00,123,-999,0.00,21.50,57,1.00
2026-08-12T02:10,75,-999,0.00,22.20,55,0.70
2026-08-12T02:20,88,-999,0.00,22.20,56,0.70
2026-08-12T02:30,162,-999,0.00,21.20,60,0.60
2026-08-12T02:40,186,-999,0.00,21.20,59,0.80
2026-08-12T02:50,157,-999,0.00,21.20,60,0.30
2026-08-12T03:00,193,-999,0.00,21.30,60,0.60
2026-08-12T03:10,,-999,0.00,21.30,61,0.00
2026-08-12T03:20,,-999,0.00,21.00,62,0.00
2026-08-12T03:30,,-999,0.00,20.90,62,0.00
2026-08-12T03:40,,-999,0.00,21.00,61,0.00
2026-08-12T03:50,,-999,0.00,21.10,61,0.00
2026-08-12T04:00,225,-999,0.00,21.30,61,0.50
2026-08-12T04:10,256,-999,0.00,21.30,61,0.40
2026-08-12T04:20,,-999,0.00,21.30,61,0.00
2026-08-12T04:30,,-999,0.00,21.20,61,0.00
2026-08-12T04:40,265,-999,0.00,21.30,61,0.30
2026-08-12T04:50,,-999,0.00,21.30,61,0.00
2026-08-12T05:00,,-999,0.00,21.10,62,0.00
2026-08-12T05:10,,-999,0.00,20.90,62,0.00
2026-08-12T05:20,,-999,0.00,20.80,63,0.00
2026-08-12T05:30,241,-999,0.00,21.10,63,0.40
2026-08-12T05:40,248,-999,0.00,21.10,63,0.50
2026-08-12T05:50,230,-999,0.00,21.10,63,0.60
2026-08-12T06:00,212,-999,0.00,21.10,63,0.40
2026-08-12T06:10,202,-999,0.00,21.10,62,0.60
2026-08-12T06:20,188,-999,0.00,21.10,62,0.70
2026-08-12T06:30,179,-999,0.00,21.10,61,0.50
2026-08-12T06:40,,-999,0.00,21.00,61,0.00
2026-08-12T06:50,,-999,0.00,21.10,60,0.00
2026-08-12T07:00,176,-999,0.00,21.10,61,0.40
2026-08-12T07:10,,-999,0.00,21.00,61,0.00
2026-08-12T07:20,141,-999,0.00,21.20,61,0.60
2026-08-12T07:30,138,-999,0.00,21.20,62,0.70
2026-08-12T07:40,121,-999,0.00,21.30,63,0.60
2026-08-12T07:50,,-999,0.00,21.40,62,0.00
2026-08-12T08:00,,-999,0.00,21.80,61,0.00
2026-08-12T08:10,,-999,0.00,21.90,61,0.00
2026-08-12T08:20,168,-999,0.00,21.80,61,0.60
2026-08-12T08:30,152,4,0.00,22.00,60,0.50
2026-08-12T08:40,175,7,0.00,22.20,59,0.70
2026-08-12T08:50,173,5,0.00,22.50,58,0.80
2026-08-12T09:00,186,1,0.00,22.80,58,0.90
2026-08-12T09:10,181,2,0.00,23.20,54,0.90
2026-08-12T09:20,182,0,0.00,23.30,55,1.00
2026-08-12T09:30,176,1,0.00,23.50,53,0.90
2026-08-12T09:40,216,1,0.00,23.90,56,0.60
2026-08-12T09:50,270,2,0.00,23.80,54,0.70
2026-08-12T10:00,252,2,0.00,24.10,55,0.60
2026-08-12T10:10,196,2,0.00,24.10,55,1.00
2026-08-12T10:20,215,0,0.00,24.30,54,0.70
2026-08-12T10:30,271,1,0.00,24.00,55,0.80
2026-08-12T10:40,271,2,0.00,24.00,53,0.90
2026-08-12T10:50,197,1,0.00,24.70,56,1.00
2026-08-12T11:00,227,1,0.00,24.40,52,0.90
2026-08-12T11:10,173,1,0.00,25.00,50,0.70
2026-08-12T11:20,253,1,0.00,24.40,51,1.00
2026-08-12T11:30,344,1,0.00,25.10,51,0.70
2026-08-12T11:40,336,2,0.00,25.00,51,0.40
2026-08-12T11:50,346,2,0.00,25.10,51,0.80
2026-08-12T12:00,356,3,0.00,25.00,50,1.10
2026-08-12T12:10,351,3,0.00,25.10,56,1.10
2026-08-12T12:20,337,1,0.00,25.10,53,1.60
2026-08-12T12:30,346,1,0.00,25.10,48,1.50
2026-08-12T12:40,12,2,0.00,24.80,52,1.50
2026-08-12T12:50,37,0,0.00,25.40,47,1.00
2026-08-12T13:00,352,2,0.00,24.70,49,1.60
2026-08-12T13:10,352,2,0.00,25.90,47,0.60
2026-08-12T13:20,13,2,0.00,25.60,50,1.60
2026-08-12T13:30,9,-1,0.00,26.20,48,1.40
2026-08-12T13:40,333,1,0.00,25.50,49,2.00
2026-08-12T13:50,324,1,0.00,26.60,51,1.60
2026-08-12T14:00,307,1,0.00,26.50,49,2.30
2026-08-12T14:10,303,0,0.00,26.50,49,1.80
2026-08-12T14:20,311,1,0.00,26.70,45,2.00
2026-08-12T14:30,300,-1,0.00,26.30,47,1.60
2026-08-12T14:40,291,2,0.00,26.20,47,2.10
2026-08-12T14:50,309,-1,0.00,26.60,48,2.00
2026-08-12T15:00,309,2,0.00,27.10,47,1.30
2026-08-12T15:10,286,1,0.00,25.80,47,1.90
2026-08-12T15:20,299,1,0.00,25.20,48,1.10
2026-08-12T15:30,216,1,0.00,24.60,50,1.70
2026-08-12T15:40,28,0,0.00,24.60,50,0.70
2026-08-12T15:50,187,0,0.00,24.60,51,0.70
2026-08-12T16:00,150,1,0.00,24.70,49,0.60
2026-08-12T16:10,208,2,0.00,25.10,54,0.70
2026-08-12T16:20,270,1,0.00,25.40,51,0.50
2026-08-12T16:30,,1,0.00,25.10,50,0.00
2026-08-12T16:40,276,0,0.00,24.70,50,0.60
2026-08-12T16:50,,0,0.00,24.50,52,0.00
2026-08-12T17:00,,0,0.00,24.00,53,0.00
2026-08-12T17:10,235,-1,0.00,23.60,56,0.50
2026-08-12T17:20,,-1,0.00,23.40,58,0.00
2026-08-12T17:30,128,0,0.00,23.00,55,0.60
2026-08-12T17:40,117,-1,0.00,23.10,56,0.40
2026-08-12T17:50,,-1,0.00,23.00,56,0.00
2026-08-12T18:00,60,-1,0.00,23.10,56,0.50
2026-08-12T18:10,126,0,0.00,22.60,57,0.60
2026-08-12T18:20,125,-1,0.00,22.40,59,0.70
2026-08-12T18:30,,0,0.00,22.60,55,0.00
2026-08-12T18:40,,-2,0.00,22.90,58,0.00
2026-08-12T18:50,292,0,0.00,22.80,55,0.30
2026-08-12T19:00,306,-3,0.00,22.70,59,0.40
2026-08-12T19:10,,-1,0.00,22.20,58,0.00
2026-08-12T19:20,,-2,0.00,21.90,59,0.00
2026-08-12T19:30,,1,0.00,22.00,57,0.00
2026-08-12T19:40,,1,0.00,22.10,57,0.00
2026-08-12T19:50,,0,0.00,21.80,59,0.00
2026-08-12T20:00,177,0,0.00,21.90,59,0.70
2026-08-12T20:10,,0,0.00,22.00,58,0.00
2026-08-12T20:20,42,1,0.00,22.10,57,0.60
2026-08-12T20:30,,1,0.00,21.40,61,0.00
2026-08-12T20:40,55,0,0.00,22.00,59,0.50
2026-08-12T20:50,135,1,0.00,20.70,65,0.70
2026-08-12T21:00,168,1,0.00,21.50,62,0.40
2026-08-12T21:10,,1,0.00,21.10,63,0.00
2026-08-12T21:20,152,2,0.00,20.60,65,0.60
2026-08-12T21:30,163,-1,0.00,21.40,62,1.00
2026-08-12T21:40,164,0,0.00,21.50,61,0.90
2026-08-12T21:50,173,-1,0.00,21.60,59,1.20
2026-08-12T22:00,144,2,0.00,21.30,60,0.90
2026-08-12T22:10,171,2,0.00,21.60,57,0.60
2026-08-12T22:20,150,1,0.00,21.20,60,0.80
2026-08-12T22:30,179,-1,0.00,21.70,61,1.20
2026-08-12T22:40,159,0,0.00,21.50,61,1.90
2026-08-12T22:50,139,2,0.00,21.10,63,1.20
2026-08-12T23:00,168,0,0.00,21.30,63,1.80
2026-08-12T23:10,203,0,0.00,21.10,63,0.90
2026-08-12T23:20,195,1,0.00,21.10,62,1.50
2026-08-12T23:30,198,2,0.00,20.80,62,1.00
2026-08-12T23:40,183,2,0.00,20.60,63,0.80
2026-08-12T23:50,165,1,0.00,20.40,64,0.80
2026-08-13T00:00,153,3,0.00,20.40,64,0.60
2026-08-13T00:10,161,2,0.00,20.40,65,0.50
2026-08-13T00:20,147,2,0.00,20.30,65,0.50
2026-08-13T00:30,,2,0.00,20.10,66,0.00
2026-08-13T00:40,272,1,0.00,20.30,66,0.50
2026-08-13T00:50,274,1,0.00,20.70,65,0.90
2026-08-13T01:00,287,3,0.00,21.10,63,1.00
2026-08-13T01:10,300,2,0.00,20.90,65,0.60
2026-08-13T01:20,,2,0.00,20.30,67,0.00
2026-08-13T01:30,,4,0.00,20.30,67,0.00
2026-08-13T01:40,,4,0.00,20.40,67,0.00
2026-08-13T01:50,127,2,0.00,20.40,67,0.80
2026-08-13T02:00,184,2,0.00,19.80,69,0.80
2026-08-13T02:10,159,1,0.00,20.10,67,0.60
2026-08-13T02:20,177,1,0.00,20.60,62,0.60
2026-08-13T02:30,162,3,0.00,20.60,62,0.40
2026-08-13T02:40,,3,0.00,20.40,64,0.00
2026-08-13T02:50,,2,0.00,19.70,68,0.00
2026-08-13T03:00,,2,0.00,19.60,69,0.00
2026-08-13T03:10,,2,0.00,19.80,69,0.00
2026-08-13T03:20,,3,0.00,19.50,68,0.00
2026-08-13T03:30,,4,0.00,19.50,68,0.00
2026-08-13T03:40,,3,0.00,19.70,68,0.00
2026-08-13T03:50,,2,0.00,19.90,68,0.00
2026-08-13T04:00,,3,0.00,19.70,68,0.00
2026-08-13T04:10,,3,0.00,19.80,68,0.00
2026-08-13T04:20,,3,0.00,19.90,68,0.00
2026-08-13T04:30,,2,0.00,19.80,68,0.00
2026-08-13T04:40,,3,0.00,19.80,68,0.00
2026-08-13T04:50,,3,0.00,19.70,68,0.00
2026-08-13T05:00,,3,0.00,19.70,68,0.00
2026-08-13T05:10,,3,0.00,19.60,68,0.00
2026-08-13T05:20,,2,0.00,19.60,67,0.00
2026-08-13T05:30,,3,0.00,19.60,68,0.00
2026-08-13T05:40,,2,0.00,19.50,68,0.00
2026-08-13T05:50,,3,0.00,19.60,68,0.00
2026-08-13T06:00,,3,0.00,19.80,68,0.00
2026-08-13T06:10,,2,0.00,19.70,68,0.00
2026-08-13T06:20,,3,0.00,19.70,68,0.00
2026-08-13T06:30,,4,0.00,19.80,67,0.00
2026-08-13T06:40,,2,0.00,19.80,67,0.00
2026-08-13T06:50,,2,0.00,19.60,68,0.00
2026-08-13T07:00,,3,0.00,19.80,68,0.00
2026-08-13T07:10,,2,0.00,19.70,68,0.00
2026-08-13T07:20,,2,0.00,19.70,66,0.00
2026-08-13T07:30,,2,0.00,19.70,65,0.00
2026-08-13T07:40,,2,0.00,19.90,65,0.00
2026-08-13T07:50,,2,0.00,20.10,64,0.00
2026-08-13T08:00,,2,0.00,20.50,62,0.00
2026-08-13T08:10,249,3,0.00,20.80,62,0.60
2026-08-13T08:20,236,4,0.00,20.90,61,0.40
2026-08-13T08:30,,2,0.00,21.00,62,0.00
2026-08-13T08:40,265,1,0.00,21.20,62,0.60
2026-08-13T08:50,188,1,0.00,21.20,62,0.90
2026-08-13T09:00,187,1,0.00,21.50,59,0.90
2026-08-13T09:10,201,2,0.00,21.80,57,1.30
2026-08-13T09:20,193,2,0.00,22.20,59,0.70
2026-08-13T09:30,207,1,0.00,22.40,59,0.90
2026-08-13T09:40,242,3,0.00,22.60,55,0.60
2026-08-13T09:50,199,0,0.00,22.70,57,0.60
2026-08-13T10:00,193,1,0.00,22.80,56,0.90
2026-08-13T10:10,216,2,0.00,23.10,57,0.60
2026-08-13T10:20,254,1,0.00,23.20,55,0.80
2026-08-13T10:30,272,1,0.00,23.50,57,1.00
2026-08-13T10:40,273,-1,0.00,23.60,54,0.70
2026-08-13T10:50,269,0,0.00,23.80,53,0.90
2026-08-13T11:00,271,1,0.00,23.60,53,1.10
2026-08-13T11:10,252,1,0.00,23.30,53,1.00
2026-08-13T11:20,210,0,0.00,24.00,53,0.70
2026-08-13T11:30,259,0,0.00,24.50,53,0.60
2026-08-13T11:40,251,1,0.00,24.40,52,0.90
2026-08-13T11:50,221,2,0.00,24.90,52,0.70
2026-08-13T12:00,219,4,0.00,24.90,57,0.50
2026-08-13T12:10,251,-1,0.00,24.90,51,0.80
2026-08-13T12:20,258,1,0.00,25.00,55,0.60
2026-08-13T12:30,5,1,0.00,25.30,53,0.40
2026-08-13T12:40,349,-1,0.00,24.80,52,1.20
2026-08-13T12:50,27,1,0.00,24.70,55,1.00
2026-08-13T13:00,140,0,0.00,25.50,56,0.50
2026-08-13T13:10,,0,0.00,25.30,51,0.00
2026-08-13T13:20,186,3,0.00,25.60,54,1.20
2026-08-13T13:30,20,1,0.00,25.70,51,0.70
2026-08-13T13:40,21,0,0.00,25.10,53,1.40
2026-08-13T13:50,1,-1,0.00,25.80,51,1.00
2026-08-13T14:00,49,1,0.00,24.60,56,0.90
2026-08-13T14:10,116,1,0.00,24.90,54,1.10
2026-08-13T14:20,198,1,0.00,25.10,53,0.90
2026-08-13T14:30,30,0,0.00,25.70,53,0.70
2026-08-13T14:40,,2,0.00,25.40,53,0.00
2026-08-13T14:50,0,1,0.00,26.00,50,0.50
2026-08-13T15:00,,2,0.00,25.60,55,0.00
2026-08-13T15:10,6,0,0.00,26.20,50,0.60
2026-08-13T15:20,198,0,0.00,25.80,55,0.60
2026-08-13T15:30,215,2,0.00,25.90,52,0.70
2026-08-13T15:40,,1,0.00,26.40,49,0.00
2026-08-13T15:50,295,1,0.00,27.00,47,0.90
2026-08-13T16:00,276,1,0.00,26.20,48,1.60
2026-08-13T16:10,245,1,0.00,25.90,45,1.90
2026-08-13T16:20,275,0,0.00,25.80,46,1.70
2026-08-13T16:30,295,0,0.00,25.90,46,1.50
2026-08-13T16:40,215,0,0.00,25.70,45,2.40
2026-08-13T16:50,228,1,0.00,26.10,44,1.30
2026-08-13T17:00,220,-1,0.00,25.90,44,1.30
2026-08-13T17:10,239,1,0.00,25.90,47,1.60
2026-08-13T17:20,234,0,0.00,25.60,45,1.90
2026-08-13T17:30,201,0,0.00,25.70,45,1.10
2026-08-13T17:40,212,-1,0.00,25.40,45,1.40
2026-08-13T17:50,179,-3,0.00,25.20,50,1.50
2026-08-13T18:00,242,-1,0.00,25.40,45,1.30
2026-08-13T18:10,221,0,0.00,25.50,46,1.00
2026-08-13T18:20,206,-1,0.00,25.00,47,1.90
2026-08-13T18:30,265,-2,0.00,25.30,46,1.20
2026-08-13T18:40,239,-1,0.00,25.10,49,1.30
2026-08-13T18:50,302,-1,0.00,24.80,49,0.80
2026-08-13T19:00,291,-1,0.00,24.70,50,0.80
2026-08-13T19:10,277,-1,0.00,24.40,49,1.20
2026-08-13T19:20,347,-1,0.00,24.20,49,0.80
2026-08-13T19:30,321,-1,0.00,24.00,50,0.50
2026-08-13T19:40,319,-1,0.00,23.90,51,0.40
2026-08-13T19:50,335,0,0.00,23.70,52,0.50
2026-08-13T20:00,219,-1,0.00,23.30,54,0.40
2026-08-13T20:10,,0,0.00,22.90,56,0.00
2026-08-13T20:20,,0,0.00,22.00,59,0.00
2026-08-13T20:30,,1,0.00,21.70,59,0.00
2026-08-13T20:40,177,1,0.00,21.90,59,0.50
2026-08-13T20:50,202,1,0.00,21.80,60,0.80
2026-08-13T21:00,279,1,0.00,21.80,60,0.50
2026-08-13T21:10,295,1,0.00,21.60,61,0.60
2026-08-13T21:20,308,1,0.00,21.20,63,0.40
2026-08-13T21:30,182,1,0.00,21.50,62,0.50
2026-08-13T21:40,233,2,0.00,21.30,63,0.90
2026-08-13T21:50,210,1,0.00,21.30,63,0.90
2026-08-13T22:00,197,2,0.00,21.30,63,0.90
2026-08-13T22:10,205,1,0.00,21.20,64,0.70
2026-08-13T22:20,,2,0.00,21.00,65,0.00
2026-08-13T22:30,209,1,0.00,21.10,64,0.50
2026-08-13T22:40,211,2,0.00,21.00,64,0.90
2026-08-13T22:50,171,1,0.00,21.10,64,1.20
2026-08-13T23:00,138,0,0.00,20.80,66,1.40
2026-08-13T23:10,146,2,0.00,20.50,67,1.30
2026-08-13T23:20,157,0,0.00,20.40,68,1.20
2026-08-13T23:30,153,2,0.00,20.30,68,0.70
2026-08-13T23:40,,0,0.00,20.10,69,0.00
2026-08-13T23:50,,3,0.00,20.00,69,0.00
2026-08-14T00:00,,2,0.00,19.90,70,0.00
2026-08-14T00:10,,2,0.00,19.90,70,0.00
2026-08-14T00:20,,2,0.00,19.90,69,0.00
2026-08-14T00:30,100,,0.00,19.90,70,0.80
2026-08-14T00:40,107,2,0.00,19.90,69,1.10
2026-08-14T00:50,89,2,0.00,19.70,71,0.90
2026-08-14T01:00,,2,0.00,19.90,69,0.00
2026-08-14T01:10,120,2,0.00,19.80,70,0.40
2026-08-14T01:20,,3,0.00,19.80,69,0.00
2026-08-14T01:30,,1,0.00,19.80,70,0.00
2026-08-14T01:40,173,2,0.00,19.80,71,0.70
2026-08-14T01:50,150,2,0.00,19.60,71,1.00
2026-08-14T02:00,181,2,0.00,19.60,71,0.50
2026-08-14T02:10,,2,0.00,19.30,72,0.00
2026-08-14T02:20,,1,0.00,19.10,73,0.00
2026-08-14T02:30,,1,0.00,19.10,74,0.00
2026-08-14T02:40,,2,0.00,19.10,73,0.00
2026-08-14T02:50,,2,0.00,19.10,73,0.00
2026-08-14T03:00,,2,0.00,19.00,73,0.00
2026-08-14T03:10,,2,0.00,19.00,73,0.00
2026-08-14T03:20,,1,0.00,19.00,73,0.00
2026-08-14T03:30,227,2,0.00,19.10,71,0.40
2026-08-14T03:40,247,2,0.00,19.40,70,0.30
2026-08-14T03:50,208,3,0.00,19.20,71,0.40
2026-08-14T04:00,276,1,0.00,19.60,69,0.60
2026-08-14T04:10,,1,0.00,19.10,70,0.00
2026-08-14T04:20,,2,0.00,19.10,69,0.00
2026-08-14T04:30,,2,0.00,19.10,69,0.00
2026-08-14T04:40,,2,0.00,19.10,69,0.00
2026-08-14T04:50,,1,0.00,19.00,68,0.00
2026-08-14T05:00,,2,0.00,18.90,68,0.00
2026-08-14T05:10,,2,0.00,19.00,68,0.00
2026-08-14T05:20,,1,0.00,18.80,68,0.00
2026-08-14T05:30,253,3,0.00,18.60,67,0.40
2026-08-14T05:40,243,2,0.00,18.70,65,0.30
2026-08-14T05:50,,3,0.00,18.70,65,0.00
2026-08-14T06:00,,1,0.00,18.80,64,0.00
2026-08-14T06:10,,2,0.00,18.70,62,0.00
2026-08-14T06:20,,1,0.00,18.90,62,0.00
2026-08-14T06:30,,3,0.00,18.80,63,0.00
2026-08-14T06:40,,2,0.00,18.80,64,0.00
2026-08-14T06:50,,1,0.00,18.80,64,0.00
2026-08-14T07:00,,1,0.00,18.80,63,0.00
2026-08-14T07:10,138,2,0.00,18.70,63,0.40
2026-08-14T07:20,182,0,0.00,19.20,59,0.90
2026-08-14T07:30,171,2,0.00,19.30,58,0.90
2026-08-14T07:40,167,2,0.00,19.20,59,0.80
2026-08-14T07:50,,2,0.00,19.20,59,0.00
2026-08-14T08:00,,3,0.00,19.70,56,0.00
2026-08-14T08:10,143,2,0.00,20.00,55,0.30
2026-08-14T08:20,192,3,0.00,19.70,58,0.70
2026-08-14T08:30,,3,0.00,19.70,58,0.00
2026-08-14T08:40,,2,0.00,19.90,57,0.00
2026-08-14T08:50,186,3,0.00,19.90,58,0.40
2026-08-14T09:00,188,-1,0.00,20.30,56,0.30
2026-08-14T09:10,196,3,0.00,20.40,55,0.80
2026-08-14T09:20,203,2,0.00,20.90,56,0.60
2026-08-14T09:30,213,3,0.00,21.10,57,0.60
2026-08-14T09:40,210,1,0.00,21.00,56,0.90
2026-08-14T09:50,195,0,0.00,21.10,56,0.80
2026-08-14T10:00,254,1,0.00,21.20,55,0.70
2026-08-14T10:10,244,2,0.00,21.50,55,0.60
2026-08-14T10:20,255,0,0.00,21.50,54,0.70
2026-08-14T10:30,272,1,0.00,21.90,53,1.00
2026-08-14T10:40,249,0,0.00,21.90,55,0.50
2026-08-14T10:50,259,3,0.00,22.30,53,0.50
2026-08-14T11:00,229,0,0.00,22.80,50,0.40
2026-08-14T11:10,264,2,0.00,22.60,50,0.80
2026-08-14T11:20,,1,0.00,22.90,54,0.00
2026-08-14T11:30,261,1,0.00,23.10,49,1.00
2026-08-14T11:40,231,1,0.00,23.40,49,0.60
2026-08-14T11:50,118,1,0.00,22.90,50,0.50
2026-08-14T12:00,314,2,0.00,23.60,51,0.70
2026-08-14T12:10,326,-2,0.00,23.60,48,0.50
2026-08-14T12:20,5,0,0.00,23.60,50,0.30
2026-08-14T12:30,158,1,0.00,23.70,50,0.50
2026-08-14T12:40,,2,0.00,23.70,48,0.00
2026-08-14T12:50,354,0,0.00,23.70,47,0.60
2026-08-14T13:00,317,2,0.00,24.10,48,0.30
2026-08-14T13:10,,0,0.00,24.70,45,0.00
2026-08-14T13:20,264,-1,0.00,24.60,44,0.40
2026-08-14T13:30,176,0,0.00,24.70,45,0.60
2026-08-14T13:40,60,0,0.00,25.00,47,0.60
2026-08-14T13:50,0,1,0.00,24.40,45,1.80
2026-08-14T14:00,22,0,0.00,24.10,45,1.70
2026-08-14T14:10,117,0,0.00,24.60,45,1.20
2026-08-14T14:20,130,0,0.00,24.90,46,1.00
2026-08-14T14:30,292,1,0.00,25.40,49,0.70
2026-08-14T14:40,193,-1,0.00,25.90,42,0.30
2026-08-14T14:50,351,1,0.00,26.00,46,0.90
2026-08-14T15:00,97,-75,0.00,25.50,42,0.50
2026-08-14T15:10,344,1,0.00,25.30,45,0.90
2026-08-14T15:20,215,-1,0.00,25.80,44,0.70
2026-08-14T15:30,84,0,0.00,25.70,47,0.80
2026-08-14T15:40,11,1,0.00,25.40,45,1.20
2026-08-14T15:50,322,1,0.00,25.70,46,1.00
2026-08-14T16:00,335,2,0.00,25.60,46,0.50
2026-08-14T16:10,290,1,0.00,26.00,45,0.90
2026-08-14T16:20,253,-1,0.00,26.30,45,0.80
2026-08-14T16:30,276,0,0.00,26.00,44,0.70
2026-08-14T16:40,239,0,0.00,26.20,45,0.40
2026-08-14T16:50,251,-3,0.00,25.90,44,0.80
2026-08-14T17:00,257,-1,0.00,26.40,47,1.00
2026-08-14T17:10,236,1,0.00,26.00,47,0.50
2026-08-14T17:20,282,1,0.00,26.20,46,1.30
2026-08-14T17:30,226,1,0.00,25.80,47,1.20
2026-08-14T17:40,227,0,0.00,25.40,47,1.50
2026-08-14T17:50,228,0,0.00,25.00,49,1.50
2026-08-14T18:00,223,1,0.00,24.50,51,1.90
2026-08-14T18:10,265,1,0.00,24.70,49,1.50
2026-08-14T18:20,231,1,0.00,24.60,51,1.40
2026-08-14T18:30,235,-1,0.00,24.80,49,0.60
2026-08-14T18:40,282,-2,0.00,24.70,51,0.60
2026-08-14T18:50,35,0,0.00,23.50,56,1.40
2026-08-14T19:00,327,0,0.00,24.10,51,0.70
2026-08-14T19:10,21,1,0.00,24.00,54,0.40
2026-08-14T19:20,286,0,0.00,24.00,51,0.50
2026-08-14T19:30,254,-2,0.00,23.80,53,0.30
2026-08-14T19:40,288,-1,0.00,23.20,53,0.60
2026-08-14T19:50,280,-1,0.00,23.00,53,0.40
2026-08-14T20:00,244,0,0.00,22.50,56,0.40
2026-08-14T20:10,,0,0.00,21.70,59,0.00
2026-08-14T20:20,,1,0.00,20.90,61,0.00
2026-08-14T20:30,,1,0.00,20.40,62,0.00
2026-08-14T20:40,,1,0.00,20.40,62,0.00
2026-08-14T20:50,,1,0.00,20.10,63,0.00
2026-08-14T21:00,,2,0.00,19.90,64,0.00
2026-08-14T21:10,,1,0.00,19.80,64,0.00
2026-08-14T21:20,195,1,0.00,20.10,62,0.80
2026-08-14T21:30,188,2,0.00,20.30,62,0.90
2026-08-14T21:40,160,2,0.00,20.40,62,1.00
2026-08-14T21:50,154,1,0.00,20.70,61,0.70
2026-08-14T22:00,60,1,0.00,20.60,61,0.80
2026-08-14T22:10,97,1,0.00,20.50,61,0.70
2026-08-14T22:20,84,2,0.00,20.10,63,0.30
2026-08-14T22:30,97,0,0.00,20.60,62,0.60
2026-08-14T22:40,,1,0.00,20.30,62,0.00
2026-08-14T22:50,61,1,0.00,20.60,61,0.40
2026-08-14T23:00,,2,0.00,20.30,62,0.00
2026-08-14T23:10,,1,0.00,20.10,63,0.00
2026-08-14T23:20,346,1,0.00,20.40,61,0.40
2026-08-14T23:30,,1,0.00,20.30,62,0.00
2026-08-14T23:40,117,1,0.00,20.00,63,0.60
2026-08-14T23:50,146,2,0.00,19.70,64,1.10
2026-08-15T00:00,131,1,0.00,20.20,62,1.10
2026-08-15T00:10,107,1,0.00,19.90,64,0.80
2026-08-15T00:20,107,0,0.00,20.00,64,0.60
2026-08-15T00:30,113,1,0.00,19.70,65,0.50
2026-08-15T00:40,,1,0.00,19.60,65,0.00
2026-08-15T00:50,87,2,0.00,19.80,64,0.60
2026-08-15T01:00,80,1,0.00,19.90,64,0.70
2026-08-15T01:10,115,2,0.00,19.30,66,0.60
2026-08-15T01:20,74,2,0.00,19.70,65,0.40
2026-08-15T01:30,76,1,0.00,19.40,65,1.20
2026-08-15T01:40,91,2,0.00,19.40,65,0.80
2026-08-15T01:50,125,2,0.00,18.70,68,0.60
2026-08-15T02:00,92,3,0.00,19.20,66,0.60
2026-08-15T02:10,87,2,0.00,18.80,67,0.60
2026-08-15T02:20,157,4,0.00,18.40,69,0.40
2026-08-15T02:30,131,2,0.00,18.60,69,0.40
2026-08-15T02:40,104,2,0.00,18.50,69,0.40
2026-08-15T02:50,68,2,0.00,18.90,67,0.60
2026-08-15T03:00,88,2,0.00,18.80,68,0.40
2026-08-15T03:10,121,3,0.00,18.90,68,0.30
2026-08-15T03:20,128,3,0.00,19.20,66,0.40
2026-08-15T03:30,123,2,0.00,19.40,64,0.80
2026-08-15T03:40,120,2,0.00,19.10,65,0.80
2026-08-15T03:50,153,3,0.00,18.90,65,0.40
2026-08-15T04:00,114,2,0.00,19.00,65,0.70
2026-08-15T04:10,118,2,0.00,19.40,63,0.60
2026-08-15T04:20,139,3,0.00,19.50,63,0.30
2026-08-15T04:30,,2,0.00,19.30,63,0.00
2026-08-15T04:40,,3,0.00,19.00,65,0.00
2026-08-15T04:50,,3,0.00,18.70,67,0.00
2026-08-15T05:00,,2,0.00,18.60,67,0.00
2026-08-15T05:10,154,4,0.00,18.70,66,0.60
2026-08-15T05:20,57,3,0.00,18.90,66,0.40
2026-08-15T05:30,92,3,0.00,19.00,66,0.50
2026-08-15T05:40,142,1,0.00,18.50,68,0.40
2026-08-15T05:50,194,2,0.00,18.30,69,0.50
2026-08-15T06:00,193,2,0.00,18.40,69,0.50
2026-08-15T06:10,168,2,0.00,18.40,69,0.50
2026-08-15T06:20,158,2,0.00,18.40,70,0.40
2026-08-15T06:30,153,2,0.00,18.30,70,0.50
2026-08-15T06:40,156,3,0.00,18.40,70,0.50
2026-08-15T06:50,145,3,0.00,18.40,70,0.40
2026-08-15T07:00,,2,0.00,18.20,71,0.00
2026-08-15T07:10,,3,0.00,18.10,72,0.00
2026-08-15T07:20,159,3,0.00,18.30,69,0.40
2026-08-15T07:30,166,2,0.00,18.70,64,0.30
2026-08-15T07:40,,2,0.00,18.70,63,0.00
2026-08-15T07:50,181,3,0.00,18.70,62,0.40
2026-08-15T08:00,188,3,0.00,19.10,58,0.50
2026-08-15T08:10,,3,0.00,19.50,57,0.00
2026-08-15T08:20,,3,0.00,19.60,52,0.00
2026-08-15T08:30,,1,0.00,19.70,53,0.00
2026-08-15T08:40,190,3,0.00,19.60,56,0.80
2026-08-15T08:50,187,3,0.00,19.90,50,0.80
2026-08-15T09:00,,2,0.00,20.80,45,0.00
2026-08-15T09:10,,1,0.00,21.70,40,0.00
2026-08-15T09:20,254,0,0.00,21.90,41,0.40
2026-08-15T09:30,257,1,0.00,21.80,41,0.60
2026-08-15T09:40,278,2,0.00,22.10,47,0.80
2026-08-15T09:50,287,0,0.00,22.00,40,0.90
2026-08-15T10:00,282,2,0.00,22.10,39,1.00
2026-08-15T10:10,255,0,0.00,22.70,40,0.70
2026-08-15T10:20,231,1,0.00,22.90,40,0.80
2026-08-15T10:30,262,1,0.00,22.80,42,1.00
2026-08-15T10:40,279,1,0.00,23.00,41,0.80
2026-08-15T10:50,266,2,0.00,23.30,41,1.00
2026-08-15T11:00,268,2,0.00,23.30,40,1.20
2026-08-15T11:10,273,0,0.00,23.70,42,1.20
2026-08-15T11:20,272,0,0.00,23.80,40,0.80
2026-08-15T11:30,280,0,0.00,24.30,40,0.70
2026-08-15T11:40,287,1,0.00,24.00,41,1.40
2026-08-15T11:50,300,1,0.00,24.00,42,1.00
2026-08-15T12:00,305,1,0.00,24.90,42,1.00
2026-08-15T12:10,297,0,0.00,24.80,39,1.20
2026-08-15T12:20,300,1,0.00,24.80,43,0.80
2026-08-15T12:30,,,0.00,25.20,44,
2026-08-15T12:40,308,2,0.00,24.80,41,0.90
2026-08-15T12:50,304,2,0.00,25.40,45,0.80
2026-08-15T13:00,302,0,0.00,25.30,42,1.00
2026-08-15T13:10,,0,0.00,26.30,44,0.00
2026-08-15T13:20,268,0,0.00,26.10,39,0.90
2026-08-15T13:30,312,1,0.00,25.80,40,1.20
2026-08-15T13:40,302,1,0.00,25.70,42,1.00
2026-08-15T13:50,315,2,0.00,26.40,42,0.90
2026-08-15T14:00,240,0,0.00,25.80,41,0.60
2026-08-15T14:10,321,0,0.00,26.10,42,1.20
2026-08-15T14:20,268,0,0.00,26.10,39,0.60
2026-08-15T14:30,280,0,0.00,26.30,42,1.20
2026-08-15T14:40,272,2,0.00,26.40,40,1.80
2026-08-15T14:50,254,-2,0.00,26.40,37,1.30
2026-08-15T15:00,229,3,0.00,26.20,42,1.40
2026-08-15T15:10,240,1,0.00,26.40,40,1.20
2026-08-15T15:20,255,-3,0.00,26.30,41,1.10
2026-08-15T15:30,253,0,0.00,26.40,38,1.40
2026-08-15T15:40,304,0,0.00,26.80,39,0.70
2026-08-15T15:50,236,0,0.00,27.00,36,1.70
2026-08-15T16:00,239,0,0.00,26.40,37,1.20
2026-08-15T16:10,243,-1,0.00,26.50,38,1.50
2026-08-15T16:20,214,0,0.00,26.90,39,0.80
2026-08-15T16:30,234,0,0.00,26.40,36,1.40
2026-08-15T16:40,239,1,0.00,26.40,37,1.30
2026-08-15T16:50,222,-2,0.00,26.00,41,2.10
2026-08-15T17:00,214,0,0.00,25.70,37,2.10
2026-08-15T17:10,222,0,0.00,25.60,37,2.20
2026-08-15T17:20,213,0,0.00,25.60,37,2.00
2026-08-15T17:30,201,-1,0.00,25.50,36,2.20
2026-08-15T17:40,221,1,0.00,25.50,36,1.30
2026-08-15T17:50,209,-1,0.00,25.50,37,1.40
2026-08-15T18:00,196,0,0.00,25.40,35,0.70
2026-08-15T18:10,228,-1,0.00,25.40,38,1.50
2026-08-15T18:20,203,0,0.00,25.00,37,1.20
2026-08-15T18:30,213,0,0.00,25.00,37,1.30
2026-08-15T18:40,16,-1,0.00,24.20,39,0.80
2026-08-15T18:50,25,0,0.00,24.30,39,0.70
2026-08-15T19:00,327,-2,0.00,24.30,42,0.40
2026-08-15T19:10,311,-1,0.00,23.80,40,0.80
2026-08-15T19:20,218,-1,0.00,23.70,41,0.40
2026-08-15T19:30,300,-1,0.00,23.50,41,0.30
2026-08-15T19:40,329,-2,0.00,23.40,42,0.30
2026-08-15T19:50,212,-2,0.00,23.10,43,0.40
2026-08-15T20:00,212,-1,0.00,22.70,44,0.70
2026-08-15T20:10,170,-1,0.00,21.70,46,0.40
2026-08-15T20:20,119,0,0.00,21.10,49,0.60
2026-08-15T20:30,,0,0.00,20.90,49,0.00
2026-08-15T20:40,,1,0.00,21.00,48,0.00
2026-08-15T20:50,,1,0.00,20.80,48,0.00
2026-08-15T21:00,,1,0.00,20.40,50,0.00
2026-08-15T21:10,130,0,0.00,20.60,49,0.40
2026-08-15T21:20,,1,0.00,20.50,49,0.00
2026-08-15T21:30,90,1,0.00,20.10,50,0.30
2026-08-15T21:40,120,2,0.00,20.50,49,1.10
2026-08-15T21:50,148,1,0.00,20.30,50,0.80
2026-08-15T22:00,,2,0.00,20.20,50,0.00
2026-08-15T22:10,,1,0.00,20.30,50,0.00
2026-08-15T22:20,,1,0.00,20.00,50,0.00
2026-08-15T22:30,,2,0.00,20.00,50,0.00
2026-08-15T22:40,135,1,0.00,20.30,49,0.50
2026-08-15T22:50,,2,0.00,20.20,49,0.00
2026-08-15T23:00,,2,0.00,20.20,49,0.00
2026-08-15T23:10,91,2,0.00,19.80,51,0.30
2026-08-15T23:20,77,2,0.00,19.90,50,0.50
2026-08-15T23:30,93,2,0.00,20.20,49,0.60
2026-08-15T23:40,71,1,0.00,20.10,50,0.50
2026-08-15T23:50,,2,0.00,20.10,49,0.00
2026-08-16T00:00,,2,0.00,20.20,49,0.00
2026-08-16T00:10,117,2,0.00,20.20,49,0.30
2026-08-16T00:20,,1,0.00,20.20,49,0.00
2026-08-16T00:30,130,1,0.00,20.10,49,0.40
2026-08-16T00:40,,1,0.00,19.90,49,0.00
2026-08-16T00:50,,1,0.00,19.70,50,0.00
2026-08-16T01:00,,1,0.00,19.60,51,0.00
2026-08-16T01:10,,1,0.00,19.60,50,0.00
2026-08-16T01:20,,1,0.00,19.50,50,0.00
2026-08-16T01:30,,2,0.00,19.60,50,0.00
2026-08-16T01:40,132,1,0.00,19.50,50,0.40
2026-08-16T01:50,,2,0.00,19.50,50,0.00
2026-08-16T02:00,,1,0.00,19.70,49,0.00
2026-08-16T02:10,,1,0.00,19.60,49,0.00
2026-08-16T02:20,,1,0.00,19.60,49,0.00
2026-08-16T02:30,165,2,0.00,19.50,50,0.40
2026-08-16T02:40,,2,0.00,19.20,51,0.00
2026-08-16T02:50,,2,0.00,19.30,51,0.00
2026-08-16T03:00,147,2,0.00,19.20,51,0.30
2026-08-16T03:10,134,2,0.00,19.20,51,0.70
2026-08-16T03:20,139,3,0.00,18.90,52,0.40
2026-08-16T03:30,130,2,0.00,19.10,52,0.60
2026-08-16T03:40,125,2,0.00,18.80,51,0.40
2026-08-16T03:50,132,2,0.00,19.10,51,0.50
2026-08-16T04:00,147,3,0.00,19.00,53,0.60
2026-08-16T04:10,,2,0.00,18.90,54,0.00
2026-08-16T04:20,,2,0.00,18.90,56,0.00
2026-08-16T04:30,,2,0.00,18.90,54,0.00
2026-08-16T04:40,86,2,0.00,18.70,53,0.40
2026-08-16T04:50,111,1,0.00,19.10,50,0.40
2026-08-16T05:00,,2,0.00,19.10,50,0.00
2026-08-16T05:10,,2,0.00,19.10,50,0.00
2026-08-16T05:20,100,0,0.00,18.90,50,0.40
2026-08-16T05:30,109,2,0.00,19.10,50,0.40
2026-08-16T05:40,95,3,0.00,18.70,51,0.40
2026-08-16T05:50,,2,0.00,19.00,50,0.00
2026-08-16T06:00,,2,0.00,19.20,50,0.00
2026-08-16T06:10,122,3,0.00,19.00,51,0.80
2026-08-16T06:20,121,2,0.00,19.10,51,0.40
2026-08-16T06:30,,3,0.00,18.90,51,0.00
2026-08-16T06:40,,3,0.00,18.80,52,0.00
2026-08-16T06:50,,2,0.00,18.90,52,0.00
2026-08-16T07:00,,3,0.00,18.90,52,0.00
2026-08-16T07:10,,2,0.00,18.90,53,0.00
2026-08-16T07:20,,1,0.00,18.90,52,0.00
2026-08-16T07:30,,2,0.00,18.90,52,0.00
2026-08-16T07:40,,2,0.00,19.20,53,0.00
2026-08-16T07:50,,3,0.00,19.50,55,0.00
2026-08-16T08:00,221,4,0.00,20.00,54,0.60
2026-08-16T08:10,199,3,0.00,20.00,54,0.50
2026-08-16T08:20,186,2,0.00,20.00,54,0.70
2026-08-16T08:30,195,3,0.00,20.00,53,0.80
2026-08-16T08:40,176,2,0.00,20.10,51,0.40
2026-08-16T08:50,181,4,0.00,20.30,52,0.70
2026-08-16T09:00,202,2,0.00,21.00,54,0.50
2026-08-16T09:10,203,1,0.00,21.40,47,0.70
2026-08-16T09:20,201,3,0.00,21.70,48,0.80
2026-08-16T09:30,200,1,0.00,21.70,49,1.00
2026-08-16T09:40,198,0,0.00,21.90,49,1.10
2026-08-16T09:50,200,2,0.00,22.00,49,1.80
2026-08-16T10:00,198,-1,0.00,22.30,49,1.30
2026-08-16T10:10,197,0,0.00,22.40,51,1.40
2026-08-16T10:20,188,0,0.00,23.00,47,0.80
2026-08-16T10:30,184,0,0.00,23.30,47,0.80
2026-08-16T10:40,240,1,0.00,22.80,47,0.80
2026-08-16T10:50,281,4,0.00,23.20,49,1.20
2026-08-16T11:00,287,1,0.00,24.10,48,1.00
2026-08-16T11:10,275,0,0.00,24.00,47,0.60
2026-08-16T11:20,205,1,0.00,24.70,45,0.60
2026-08-16T11:30,212,2,0.00,24.20,50,1.30
2026-08-16T11:40,235,0,0.00,24.70,44,1.10
2026-08-16T11:50,242,-1,0.00,24.60,47,0.70
2026-08-16T12:00,280,1,0.00,25.00,44,0.90
2026-08-16T12:10,233,-3,0.00,24.90,42,1.10
2026-08-16T12:20,266,0,0.00,25.20,41,0.90
2026-08-16T12:30,288,3,0.00,25.40,44,0.30
2026-08-16T12:40,302,1,0.00,26.00,43,0.40
2026-08-16T12:50,328,-3,0.00,26.20,40,0.70
2026-08-16T13:00,342,0,0.00,25.70,43,1.20
2026-08-16T13:10,352,0,0.00,25.70,42,1.40
2026-08-16T13:20,321,0,0.00,25.70,43,1.20
2026-08-16T13:30,329,1,0.00,25.40,42,1.50
2026-08-16T13:40,332,0,0.00,25.50,42,0.90
2026-08-16T13:50,320,1,0.00,25.70,44,1.30
2026-08-16T14:00,305,0,0.00,26.20,41,1.80
2026-08-16T14:10,293,0,0.00,26.00,42,1.70
2026-08-16T14:20,262,2,0.00,25.60,42,1.50
2026-08-16T14:30,238,0,0.00,25.80,42,0.70
2026-08-16T14:40,,2,0.00,26.50,44,0.00
2026-08-16T14:50,266,1,0.00,26.40,41,1.00
2026-08-16T15:00,291,0,0.00,27.70,38,1.10
2026-08-16T15:10,283,-2,0.00,26.90,38,1.60
2026-08-16T15:20,311,0,0.00,27.20,39,1.00
2026-08-16T15:30,354,0,0.00,24.20,44,1.10
2026-08-16T15:40,,-1,0.00,24.00,45,0.00
2026-08-16T15:50,275,0,0.00,24.20,43,0.30
2026-08-16T16:00,162,1,0.00,24.80,46,0.70
2026-08-16T16:10,31,0,0.00,24.50,42,0.90
2026-08-16T16:20,,1,0.00,23.90,43,0.00
2026-08-16T16:30,16,1,0.00,23.50,46,0.30
2026-08-16T16:40,,1,0.00,23.50,46,0.00
2026-08-16T16:50,222,1,0.00,23.50,47,0.50
2026-08-16T17:00,214,0,0.00,23.30,44,1.00
2026-08-16T17:10,,1,0.00,23.40,45,0.00
2026-08-16T17:20,,1,0.00,23.40,45,0.00
2026-08-16T17:30,245,0,0.00,23.60,50,0.40
2026-08-16T17:40,214,0,0.00,23.10,47,0.80
2026-08-16T17:50,229,0,0.00,22.80,46,1.00
2026-08-16T18:00,202,0,0.00,22.60,48,0.80
2026-08-16T18:10,203,0,0.00,22.40,49,0.40
2026-08-16T18:20,234,-1,0.00,22.40,50,0.40
2026-08-16T18:30,,0,0.00,22.20,49,0.00
2026-08-16T18:40,,1,0.00,22.10,49,0.00
2026-08-16T18:50,134,0,0.00,21.60,60,0.70
2026-08-16T19:00,,1,0.00,21.50,52,0.00
2026-08-16T19:10,,0,0.00,21.90,49,0.00
2026-08-16T19:20,,0,0.00,21.80,48,0.00
2026-08-16T19:30,76,0,0.00,22.00,46,0.70
2026-08-16T19:40,69,0,0.00,21.20,51,0.60
2026-08-16T19:50,96,1,0.00,21.50,50,0.50
2026-08-16T20:00,109,-1,0.00,21.30,51,0.70
2026-08-16T20:10,90,-1,0.00,21.20,50,0.70
2026-08-16T20:20,77,0,0.00,21.00,51,0.50
2026-08-16T20:30,78,1,0.00,21.10,52,0.50
2026-08-16T20:40,68,0,0.00,21.00,52,0.30
2026-08-16T20:50,116,0,0.00,20.90,54,0.30
2026-08-16T21:00,142,2,0.00,20.90,53,0.80
2026-08-16T21:10,149,0,0.00,21.10,54,0.60
2026-08-16T21:20,140,0,0.00,21.10,53,0.60
2026-08-16T21:30,161,-1,0.00,21.50,51,0.70
2026-08-16T21:40,83,0,0.00,21.60,52,0.50
2026-08-16T21:50,21,0,0.00,19.30,63,1.50
2026-08-16T22:00,24,0,0.40,20.30,55,2.00
2026-08-16T22:10,259,0,6.80,18.20,73,0.70
2026-08-16T22:20,228,0,1.40,16.70,82,1.30
2026-08-16T22:30,288,3,0.80,16.60,81,1.00
2026-08-16T22:40,186,1,0.80,16.00,85,1.10
2026-08-16T22:50,127,2,0.60,15.90,85,0.80
2026-08-16T23:00,53,0,0.40,16.10,82,2.30
2026-08-16T23:10,110,-1,0.80,15.90,84,2.70
2026-08-16T23:20,128,-3,1.20,15.90,84,3.60
2026-08-16T23:30,101,-3,0.20,15.80,85,1.30
2026-08-16T23:40,127,0,1.80,15.20,89,2.00
2026-08-16T23:50,99,-1,1.20,14.90,92,2.50
2026-08-17T00:00,89,1,0.60,15.10,88,2.20
2026-08-17T00:10,156,0,0.20,15.00,89,0.30
2026-08-17T00:20,238,2,0.00,14.90,91,0.90
2026-08-17T00:30,211,-7,1.00,14.60,90,1.00
2026-08-17T00:40,220,3,0.60,14.30,92,1.20
2026-08-17T00:50,203,2,0.80,15.10,86,1.70
2026-08-17T01:00,215,2,0.60,15.20,84,1.50
2026-08-17T01:10,260,1,1.00,15.80,79,1.80
2026-08-17T01:20,253,2,0.80,15.50,80,1.20
2026-08-17T01:30,243,1,0.40,15.60,78,1.50
2026-08-17T01:40,210,0,0.40,16.20,76,1.20
2026-08-17T01:50,212,1,0.20,15.20,85,0.90
2026-08-17T02:00,190,-999,0.00,14.40,88,0.90
2026-08-17T02:10,148,-999,0.00,14.70,88,1.30
2026-08-17T02:20,75,-999,0.00,14.30,88,0.90
2026-08-17T02:30,68,-999,0.00,15.10,83,2.10
2026-08-17T02:40,86,-999,0.00,16.10,77,2.10
2026-08-17T02:50,100,-999,0.00,15.80,74,2.20
2026-08-17T03:00,109,-999,0.00,15.50,82,2.10
2026-08-17T03:10,125,-999,0.00,15.40,76,1.30
2026-08-17T03:20,193,-999,0.00,15.80,78,1.50
2026-08-17T03:30,207,-999,0.00,15.10,84,0.90
2026-08-17T03:40,234,-999,0.00,14.50,86,0.50
2026-08-17T03:50,190,-999,0.00,14.90,83,0.50
2026-08-17T04:00,229,-999,0.00,14.70,84,0.50
2026-08-17T04:10,135,-999,0.00,14.70,84,0.90
2026-08-17T04:20,138,-999,0.00,14.70,84,0.70
2026-08-17T04:30,132,-999,0.00,15.30,78,0.60
2026-08-17T04:40,122,-999,0.00,15.40,80,0.60
2026-08-17T04:50,93,-999,0.00,15.00,81,0.30
2026-08-17T05:00,138,-999,0.00,15.20,78,0.40
2026-08-17T05:10,117,-999,0.00,15.40,75,0.70
2026-08-17T05:20,165,-999,0.00,14.90,77,0.40
2026-08-17T05:30,,-999,0.00,15.60,73,0.00
2026-08-17T05:40,,-999,0.00,16.20,71,0.00
2026-08-17T05:50,,-999,0.00,15.50,75,0.00
2026-08-17T06:00,,-999,0.00,15.30,76,0.00
2026-08-17T06:10,,-999,0.00,15.40,75,0.00
2026-08-17T06:20,,-999,0.00,15.60,73,0.00
2026-08-17T06:30,51,-999,0.00,15.70,71,0.40
2026-08-17T06:40,38,-999,0.00,15.60,72,0.70
2026-08-17T06:50,121,-999,0.00,15.20,74,1.00
2026-08-17T07:00,171,-999,0.00,15.40,72,0.80
2026-08-17T07:10,,-999,0.00,15.70,72,0.00
2026-08-17T07:20,163,-999,0.00,15.50,72,0.30
2026-08-17T07:30,,-999,0.00,15.90,70,0.00
2026-08-17T07:40,,-999,0.00,16.10,69,0.00
2026-08-17T07:50,,1,0.00,16.00,70,0.00
2026-08-17T08:00,,-1,0.00,16.50,68,0.00
2026-08-17T08:10,,2,0.00,16.40,71,0.00
2026-08-17T08:20,,2,0.00,16.70,67,0.00
2026-08-17T08:30,40,2,0.00,17.20,66,0.80
2026-08-17T08:40,61,2,0.00,17.40,65,0.80
2026-08-17T08:50,52,1,0.00,17.60,68,0.30
2026-08-17T09:00,186,2,0.00,17.60,68,0.60
2026-08-17T09:10,,1,0.00,18.10,63,0.00
2026-08-17T09:20,,0,0.00,18.50,66,0.00
2026-08-17T09:30,2,-5,0.00,18.50,66,0.30
2026-08-17T09:40,,1,0.00,18.70,62,0.00
2026-08-17T09:50,,0,0.00,18.60,64,0.00
2026-08-17T10:00,51,1,0.00,19.00,62,0.90
2026-08-17T10:10,49,0,0.00,19.50,62,1.40
2026-08-17T10:20,194,0,0.00,19.50,61,0.80
2026-08-17T10:30,203,0,0.00,19.50,60,1.00
2026-08-17T10:40,197,-1,0.00,19.30,61,1.20
2026-08-17T10:50,226,1,0.00,19.80,66,1.10
2026-08-17T11:00,219,2,0.00,19.80,64,0.70
2026-08-17T11:10,239,-3,0.00,20.40,62,0.80
2026-08-17T11:20,228,0,0.00,20.60,62,0.90
2026-08-17T11:30,279,1,0.00,20.50,61,0.80
2026-08-17T11:40,200,1,0.00,20.50,62,0.60
2026-08-17T11:50,261,-1,0.00,20.80,60,0.70
2026-08-17T12:00,269,2,0.00,20.90,64,1.00
2026-08-17T12:10,273,0,0.00,21.40,56,1.00
2026-08-17T12:20,285,0,0.00,21.30,57,1.30
2026-08-17T12:30,326,0,0.00,21.90,57,0.60
2026-08-17T12:40,261,1,0.00,22.20,57,0.80
2026-08-17T12:50,304,0,0.00,22.90,52,0.60
2026-08-17T13:00,247,1,0.00,22.70,52,0.70
2026-08-17T13:10,215,-2,0.00,22.20,52,1.20
2026-08-17T13:20,219,0,0.00,22.70,51,0.30
2026-08-17T13:30,288,-1,0.00,22.70,58,0.80
2026-08-17T13:40,259,1,0.00,22.60,57,0.90
2026-08-17T13:50,292,-1,0.00,22.90,58,1.40
2026-08-17T14:00,262,-1,0.00,22.60,58,1.70
2026-08-17T14:10,292,1,0.00,22.60,55,1.50
2026-08-17T14:20,297,1,0.00,22.50,60,0.70
2026-08-17T14:30,249,-1,0.00,22.70,60,0.90
2026-08-17T14:40,281,0,0.00,22.80,58,1.00
2026-08-17T14:50,260,0,0.00,22.50,61,1.90
2026-08-17T15:00,216,-1,0.00,22.60,60,1.90
2026-08-17T15:10,232,0,0.00,22.70,62,1.60
2026-08-17T15:20,240,-1,0.00,23.10,62,0.70
2026-08-17T15:30,278,1,0.00,22.10,64,0.80
2026-08-17T15:40,263,1,0.00,21.20,69,0.80
2026-08-17T15:50,208,0,0.00,20.50,67,1.00
2026-08-17T16:00,238,-2,2.20,17.90,77,1.40
2026-08-17T16:10,220,1,1.60,14.60,88,2.00
2026-08-17T16:20,88,1,0.40,14.80,93,1.80
2026-08-17T16:30,127,0,0.00,15.00,91,2.40
2026-08-17T16:40,91,0,0.20,15.20,88,0.90
2026-08-17T16:50,89,-1,0.20,15.30,88,0.80
2026-08-17T17:00,105,1,0.00,15.80,84,1.60
2026-08-17T17:10,230,0,0.00,16.10,91,1.40
2026-08-17T17:20,262,0,0.00,16.40,85,1.00
2026-08-17T17:30,245,-2,0.00,18.00,79,0.90
2026-08-17T17:40,251,0,0.00,18.00,80,0.90
2026-08-17T17:50,,1,0.00,17.80,80,0.00
2026-08-17T18:00,112,1,0.00,16.80,80,1.20
2026-08-17T18:10,136,1,0.00,17.80,75,0.90
2026-08-17T18:20,,-2,0.00,20.00,56,0.00
2026-08-17T18:30,257,-2,0.00,20.60,61,0.40
2026-08-17T18:40,227,-2,0.00,20.20,64,0.60
2026-08-17T18:50,218,-1,0.00,19.50,60,0.50
2026-08-17T19:00,,0,0.00,19.00,65,0.00
2026-08-17T19:10,312,-1,0.00,19.50,62,0.50
2026-08-17T19:20,314,-1,0.00,19.90,60,0.40
2026-08-17T19:30,216,-1,0.00,19.60,64,0.70
2026-08-17T19:40,210,0,0.00,19.00,69,0.60
2026-08-17T19:50,148,0,0.00,17.90,69,0.40
2026-08-17T20:00,247,-1,0.00,17.90,72,0.40
2026-08-17T20:10,,-1,0.00,17.00,73,0.00
2026-08-17T20:20,156,1,0.00,17.00,72,1.00
2026-08-17T20:30,137,0,0.00,17.30,69,1.40
2026-08-17T20:40,115,0,0.00,16.70,73,1.10
2026-08-17T20:50,134,0,0.00,16.80,74,0.70
2026-08-17T21:00,183,1,0.00,16.60,75,0.50
2026-08-17T21:10,,1,0.00,16.90,73,0.00
2026-08-17T21:20,,1,0.00,16.80,75,0.00
2026-08-17T21:30,,0,0.00,16.90,74,0.00
2026-08-17T21:40,120,1,0.00,16.30,77,1.30
2026-08-17T21:50,128,0,0.00,16.80,76,1.30
2026-08-17T22:00,113,0,0.00,16.60,77,1.30
2026-08-17T22:10,129,0,0.00,16.60,75,1.50
2026-08-17T22:20,159,0,0.00,16.40,72,0.60
2026-08-17T22:30,84,-1,0.00,17.10,71,0.30
2026-08-17T22:40,50,1,0.00,17.20,70,0.80
2026-08-17T22:50,99,1,0.00,16.80,70,1.00
2026-08-17T23:00,156,1,0.00,17.10,64,1.30
2026-08-17T23:10,160,1,0.00,17.00,63,0.80
2026-08-17T23:20,127,2,0.00,16.90,70,0.80
2026-08-17T23:30,87,0,0.00,17.60,64,1.00
2026-08-17T23:40,115,0,0.00,17.20,65,1.30
2026-08-17T23:50,107,1,0.00,17.00,67,1.00
2026-08-18T00:00,119,0,0.00,16.80,66,0.60
2026-08-18T00:10,99,2,0.00,17.10,67,0.60
2026-08-18T00:20,108,0,0.00,17.60,68,2.50
2026-08-18T00:30,109,1,0.00,16.90,71,1.30
2026-08-18T00:40,131,1,0.00,16.10,75,1.10
2026-08-18T00:50,108,1,0.00,17.40,66,1.50
2026-08-18T01:00,126,0,0.00,16.30,70,1.80
2026-08-18T01:10,183,0,0.00,16.60,67,0.40
2026-08-18T01:20,133,2,0.00,16.40,64,1.40
2026-08-18T01:30,163,1,0.00,17.20,50,1.40
2026-08-18T01:40,245,0,0.00,17.40,52,0.60
2026-08-18T01:50,251,1,0.00,16.60,66,0.60
2026-08-18T02:00,217,-999,0.00,16.50,67,0.50
2026-08-18T02:10,10,-999,0.00,16.80,66,0.30
2026-08-18T02:20,,-999,0.00,16.70,55,0.00
2026-08-18T02:30,172,-999,0.00,17.00,49,1.00
2026-08-18T02:40,117,-999,0.00,17.60,46,1.00
2026-08-18T02:50,160,-999,0.00,17.60,46,1.40
2026-08-18T03:00,155,-999,0.00,18.10,43,1.40
2026-08-18T03:10,174,-999,0.00,17.70,44,1.00
2026-08-18T03:20,63,-999,0.00,18.50,39,1.70
2026-08-18T03:30,46,-999,0.00,19.20,36,1.90
2026-08-18T03:40,59,-999,0.00,18.80,37,0.40
2026-08-18T03:50,169,-999,0.00,17.80,39,1.20
2026-08-18T04:00,107,-999,0.00,17.90,43,0.90
2026-08-18T04:10,135,-999,0.00,17.70,40,1.40
2026-08-18T04:20,164,-999,0.00,17.30,42,1.60
2026-08-18T04:30,177,-999,0.00,17.50,42,0.70
2026-08-18T04:40,94,-999,0.00,17.80,43,0.40
2026-08-18T04:50,96,-999,0.00,17.50,44,1.30
2026-08-18T05:00,120,-999,0.00,16.80,45,1.20
2026-08-18T05:10,166,-999,0.00,17.00,44,1.10
2026-08-18T05:20,113,-999,0.00,17.90,43,1.00
2026-08-18T05:30,77,-999,0.00,17.70,46,1.00
2026-08-18T05:40,69,-999,0.00,17.40,47,0.90
2026-08-18T05:50,,-999,0.00,17.40,45,0.00
2026-08-18T06:00,,-999,0.00,17.00,47,0.00
2026-08-18T06:10,,-999,0.00,16.80,47,0.00
2026-08-18T06:20,,,0.00,17.20,42,
2026-08-18T06:30,230,-999,0.00,17.30,41,0.40
2026-08-18T06:40,104,-999,0.00,16.90,44,0.80
2026-08-18T06:50,142,-999,0.00,17.20,42,0.60
2026-08-18T07:00,162,-999,0.00,17.10,44,0.40
2026-08-18T07:10,206,-999,0.00,17.00,46,0.40
2026-08-18T07:20,125,-999,0.00,17.70,42,0.60
2026-08-18T07:30,59,-999,0.00,17.90,43,1.10
2026-08-18T07:40,100,-999,0.00,17.10,48,0.50
2026-08-18T07:50,,-999,0.00,17.10,46,0.00
2026-08-18T08:00,,-999,0.00,16.90,47,0.00
2026-08-18T08:10,136,-999,0.00,17.50,50,0.50
2026-08-18T08:20,125,-999,0.00,17.60,49,0.50
2026-08-18T08:30,,1,0.00,18.20,44,0.00
2026-08-18T08:40,67,1,0.00,18.30,49,0.70
2026-08-18T08:50,63,1,0.00,18.70,45,0.80
2026-08-18T09:00,82,1,0.00,18.80,49,0.70
2026-08-18T09:10,255,-4,0.00,19.00,45,0.50
2026-08-18T09:20,193,-1,0.00,19.00,45,0.40
2026-08-18T09:30,359,-3,0.00,19.60,43,0.40
2026-08-18T09:40,269,-2,0.00,20.10,41,0.50
2026-08-18T09:50,285,-4,0.00,19.90,42,0.50
2026-08-18T10:00,324,-3,0.00,19.90,44,0.70
2026-08-18T10:10,289,1,0.00,20.20,44,0.70
2026-08-18T10:20,296,-4,0.00,19.90,46,0.90
2026-08-18T10:30,308,-2,0.00,20.20,46,1.10
2026-08-18T10:40,304,0,0.00,20.20,47,1.60
2026-08-18T10:50,276,2,0.00,20.50,46,1.30
2026-08-18T11:00,211,-2,0.00,21.00,42,0.70
2026-08-18T11:10,,0,0.00,20.90,50,0.00
2026-08-18T11:20,286,0,0.00,21.10,48,1.10
2026-08-18T11:30,312,0,0.00,20.60,54,1.20
2026-08-18T11:40,320,-1,0.00,20.80,52,0.40
2026-08-18T11:50,244,-1,0.00,21.10,53,0.80
2026-08-18T12:00,300,0,0.00,21.00,56,0.70
2026-08-18T12:10,184,-1,0.00,21.20,51,0.40
2026-08-18T12:20,292,0,0.00,21.50,53,0.40
2026-08-18T12:30,214,1,0.00,21.20,55,1.00
2026-08-18T12:40,325,0,0.00,21.20,54,0.60
2026-08-18T12:50,313,-1,0.00,21.30,54,0.90
2026-08-18T13:00,327,0,0.00,20.60,53,1.20
2026-08-18T13:10,281,-1,0.00,21.10,60,0.90
2026-08-18T13:20,228,0,0.00,21.00,52,0.50
2026-08-18T13:30,255,-3,0.00,21.60,53,0.40
2026-08-18T13:40,219,1,0.00,21.10,53,0.70
2026-08-18T13:50,188,-1,0.00,21.10,59,1.30
2026-08-18T14:00,4,-1,0.00,22.30,57,0.40
2026-08-18T14:10,223,1,0.00,21.80,52,0.50
2026-08-18T14:20,285,-2,0.00,21.80,54,0.90
2026-08-18T14:30,270,-1,0.00,22.40,54,0.60
2026-08-18T14:40,296,-1,0.00,22.40,56,1.00
2026-08-18T14:50,251,0,0.00,21.80,59,1.30
2026-08-18T15:00,296,-3,0.00,22.40,55,1.00
2026-08-18T15:10,196,-1,0.00,22.70,56,0.80
2026-08-18T15:20,284,-2,0.00,22.90,54,0.80
2026-08-18T15:30,219,0,0.00,22.40,57,1.10
2026-08-18T15:40,230,0,0.00,23.00,56,1.30
2026-08-18T15:50,231,-1,0.00,22.90,57,1.20
2026-08-18T16:00,201,-1,0.00,22.60,60,1.10
2026-08-18T16:10,243,0,0.00,22.60,58,1.10
2026-08-18T16:20,265,0,0.00,23.10,56,1.00
2026-08-18T16:30,270,0,0.00,22.70,56,1.50
2026-08-18T16:40,234,0,0.00,22.30,57,1.40
2026-08-18T16:50,180,-1,0.00,22.20,57,1.40
2026-08-18T17:00,211,0,0.00,22.30,59,2.00
2026-08-18T17:10,255,1,0.00,22.50,58,1.10
2026-08-18T17:20,265,-1,0.00,22.70,57,1.60
2026-08-18T17:30,216,0,0.00,22.70,62,1.20
2026-08-18T17:40,266,0,0.00,22.90,53,1.60
2026-08-18T17:50,266,-1,0.00,22.80,55,1.00
2026-08-18T18:00,258,0,0.00,22.90,61,1.30
2026-08-18T18:10,264,-1,0.00,22.90,56,0.70
2026-08-18T18:20,237,0,0.00,22.60,57,0.90
2026-08-18T18:30,,,0.00,22.70,57,
2026-08-18T18:40,248,-1,0.00,22.30,58,1.30
2026-08-18T18:50,253,-1,0.00,21.70,63,1.00
2026-08-18T19:00,260,-1,0.00,22.00,61,0.80
2026-08-18T19:10,265,0,0.00,21.90,61,1.00
2026-08-18T19:20,268,0,0.00,21.70,62,0.50
2026-08-18T19:30,221,0,0.00,21.50,61,0.40
2026-08-18T19:40,243,0,0.00,21.30,62,0.90
2026-08-18T19:50,239,0,0.00,21.10,63,0.70
2026-08-18T20:00,234,0,0.00,20.70,64,0.70
2026-08-18T20:10,241,0,0.00,20.40,66,0.90
2026-08-18T20:20,262,1,0.00,19.90,67,0.60
2026-08-18T20:30,259,1,0.00,19.70,68,0.90
2026-08-18T20:40,271,2,0.00,19.30,70,0.90
2026-08-18T20:50,241,0,0.00,19.10,71,0.90
2026-08-18T21:00,219,1,0.00,18.80,72,1.10
2026-08-18T21:10,208,2,0.00,18.60,73,0.80
2026-08-18T21:20,252,2,0.00,19.20,69,0.80
2026-08-18T21:30,276,1,0.00,19.60,66,1.00
2026-08-18T21:40,270,2,0.00,19.80,66,1.10
2026-08-18T21:50,284,2,0.00,19.70,66,1.10
2026-08-18T22:00,259,0,0.00,19.90,64,1.10
2026-08-18T22:10,247,1,0.00,19.60,65,0.60
2026-08-18T22:20,241,1,0.00,19.30,66,0.90
2026-08-18T22:30,260,-1,0.00,19.20,66,0.30
2026-08-18T22:40,294,2,0.00,19.00,66,0.30
2026-08-18T22:50,237,2,0.00,18.90,66,0.60
2026-08-18T23:00,257,1,0.00,19.10,65,0.80
2026-08-18T23:10,242,2,0.00,19.20,64,1.00
2026-08-18T23:20,234,2,0.00,19.70,61,0.80
2026-08-18T23:30,220,1,0.00,20.00,60,1.30
2026-08-18T23:40,260,0,0.00,20.00,60,0.80
2026-08-18T23:50,212,1,0.00,19.50,61,0.60
2026-08-19T00:00,196,-1,0.00,19.40,62,1.00
2026-08-19T00:10,200,1,0.00,19.60,60,1.00
2026-08-19T00:20,201,0,0.00,19.70,60,0.70
2026-08-19T00:30,235,1,0.00,19.40,61,0.40
2026-08-19T00:40,,0,0.00,19.20,62,0.00
2026-08-19T00:50,141,-1,0.00,18.70,64,0.30
2026-08-19T01:00,151,-1,0.00,19.20,62,0.40
2026-08-19T01:10,131,-4,0.00,19.20,61,1.00
2026-08-19T01:20,130,-1,0.00,18.70,63,0.70
2026-08-19T01:30,206,-2,0.00,18.40,65,0.40
2026-08-19T01:40,146,0,0.00,18.20,67,0.40
2026-08-19T01:50,,-2,0.00,18.20,65,0.00
2026-08-19T02:00,,0,0.00,18.20,66,0.00
2026-08-19T02:10,,0,0.00,18.50,66,0.00
2026-08-19T02:20,87,-1,0.00,18.30,65,0.50
2026-08-19T02:30,62,0,0.00,18.90,63,0.80
2026-08-19T02:40,68,0,0.00,19.20,61,1.20
2026-08-19T02:50,113,-1,0.00,18.50,64,1.20
2026-08-19T03:00,112,-1,0.00,18.60,63,0.70
2026-08-19T03:10,184,-2,0.00,18.40,62,0.40
2026-08-19T03:20,,-2,0.00,18.40,62,0.00
2026-08-19T03:30,,-1,0.00,18.40,63,0.00
2026-08-19T03:40,122,-2,0.00,18.40,62,0.30
2026-08-19T03:50,141,-2,0.00,18.30,62,0.70
2026-08-19T04:00,108,-1,0.00,18.40,63,1.40
2026-08-19T04:10,120,-1,0.00,17.90,64,1.50
2026-08-19T04:20,129,-2,0.00,18.20,63,0.90
2026-08-19T04:30,206,0,0.00,17.70,66,0.30
2026-08-19T04:40,,-1,0.00,17.50,68,0.00
2026-08-19T04:50,109,-2,0.00,17.40,70,0.50
2026-08-19T05:00,148,0,0.00,16.70,72,0.70
2026-08-19T05:10,,-2,0.00,16.80,75,0.00
2026-08-19T05:20,,0,0.00,16.80,75,0.00
2026-08-19T05:30,,-2,0.00,16.40,78,0.00
2026-08-19T05:40,,-1,0.00,16.40,78,0.00
2026-08-19T05:50,,-3,0.00,16.20,79,0.00
2026-08-19T06:00,,0,0.00,16.20,81,0.00
2026-08-19T06:10,,1,0.00,16.30,83,0.00
2026-08-19T06:20,,0,0.00,16.20,85,0.00
2026-08-19T06:30,123,-1,0.00,16.30,82,0.40
2026-08-19T06:40,119,-1,0.00,16.40,83,1.20
2026-08-19T06:50,,-1,0.00,16.90,81,0.00
2026-08-19T07:00,,0,0.00,17.10,81,0.00
2026-08-19T07:10,58,-1,0.00,17.50,80,1.20
2026-08-19T07:20,67,0,0.00,17.50,80,0.40
2026-08-19T07:30,18,0,0.00,17.70,79,0.40
2026-08-19T07:40,19,0,0.00,17.70,80,0.40
2026-08-19T07:50,,-2,0.00,17.70,80,0.00
2026-08-19T08:00,328,-999,0.00,17.80,80,0.70
2026-08-19T08:10,223,-999,0.00,17.90,82,1.00
2026-08-19T08:20,,-999,0.00,18.00,81,0.00
2026-08-19T08:30,114,0,0.00,18.30,81,0.40
2026-08-19T08:40,240,-2,0.00,18.40,82,0.90
2026-08-19T08:50,358,0,0.00,18.30,81,1.00
2026-08-19T09:00,356,-1,0.00,18.40,83,0.80
2026-08-19T09:10,317,-3,0.00,18.40,82,0.80
2026-08-19T09:20,298,-1,0.00,18.30,83,0.60
2026-08-19T09:30,320,0,0.00,18.20,83,0.60
2026-08-19T09:40,279,0,0.00,18.20,83,0.60
2026-08-19T09:50,315,0,0.00,18.10,84,0.70
2026-08-19T10:00,305,0,0.00,18.10,84,1.20
2026-08-19T10:10,302,0,0.00,18.10,84,0.70
2026-08-19T10:20,,0,0.00,18.20,84,0.00
2026-08-19T10:30,,-1,0.00,18.70,83,0.00
2026-08-19T10:40,,1,0.00,19.50,80,0.00
2026-08-19T10:50,26,-1,0.00,19.60,78,0.50
2026-08-19T11:00,,0,0.00,19.80,77,0.00
2026-08-19T11:10,210,1,0.00,19.90,78,0.50
2026-08-19T11:20,135,-3,0.00,20.10,72,0.80
2026-08-19T11:30,206,-1,0.00,20.70,70,0.50
2026-08-19T11:40,203,0,0.00,20.70,72,0.90
2026-08-19T11:50,197,1,0.00,20.50,74,0.60
2026-08-19T12:00,198,-71,0.00,20.70,69,1.00
2026-08-19T12:10,202,1,0.00,21.20,73,0.70
2026-08-19T12:20,204,-1,0.00,21.20,72,1.10
2026-08-19T12:30,273,0,0.00,21.50,72,1.10
2026-08-19T12:40,208,0,0.00,21.10,71,1.00
2026-08-19T12:50,227,4,0.00,21.20,71,1.20
2026-08-19T13:00,206,-1,0.00,21.10,71,1.40
2026-08-19T13:10,196,0,0.00,22.00,71,1.00
2026-08-19T13:20,190,0,0.00,22.30,62,1.30
2026-08-19T13:30,200,0,0.00,22.40,67,1.70
2026-08-19T13:40,248,0,0.00,23.30,64,0.80
2026-08-19T13:50,265,1,0.00,23.60,68,1.30
2026-08-19T14:00,218,1,0.00,23.10,68,1.00
2026-08-19T14:10,209,2,0.00,22.90,67,1.40
2026-08-19T14:20,243,0,0.00,23.50,65,0.50
2026-08-19T14:30,224,-1,0.00,22.80,67,1.40
2026-08-19T14:40,200,3,0.00,22.40,69,1.10
2026-08-19T14:50,277,0,0.00,23.50,64,1.40
2026-08-19T15:00,223,2,0.00,23.10,66,1.30
2026-08-19T15:10,229,1,0.00,23.10,66,1.60
2026-08-19T15:20,264,1,0.00,23.50,66,1.30
2026-08-19T15:30,270,0,0.00,24.30,61,0.70
2026-08-19T15:40,220,-1,0.00,23.90,60,2.20
2026-08-19T15:50,240,0,0.00,24.10,58,1.20
2026-08-19T16:00,251,-1,0.00,24.50,58,0.60
2026-08-19T16:10,305,-1,0.00,25.10,55,1.20
2026-08-19T16:20,330,0,0.00,24.40,60,1.00
2026-08-19T16:30,305,0,0.00,23.90,59,0.70
2026-08-19T16:40,209,-1,0.00,24.10,58,1.90
2026-08-19T16:50,252,-1,0.00,24.50,61,1.20
2026-08-19T17:00,218,-1,0.00,24.20,60,1.00
2026-08-19T17:10,238,1,0.00,24.30,56,0.90
2026-08-19T17:20,288,-1,0.00,24.40,52,0.70
2026-08-19T17:30,289,0,0.00,24.70,50,0.80
2026-08-19T17:40,254,-2,0.00,24.70,55,0.80
2026-08-19T17:50,279,-1,0.00,24.70,57,0.70
2026-08-19T18:00,268,-1,0.00,24.30,56,1.40
2026-08-19T18:10,217,-2,0.00,24.40,55,1.20
2026-08-19T18:20,233,-2,0.00,23.90,57,1.20
2026-08-19T18:30,227,-2,0.00,23.70,57,1.40
2026-08-19T18:40,235,-2,0.00,23.80,61,0.70
2026-08-19T18:50,253,-2,0.00,23.40,58,1.20
2026-08-19T19:00,249,-2,0.00,23.30,61,1.20
2026-08-19T19:10,237,-1,0.00,23.00,61,1.50
2026-08-19T19:20,269,-1,0.00,22.80,61,1.20
2026-08-19T19:30,280,-1,0.00,23.00,63,0.80
2026-08-19T19:40,265,-1,0.00,22.60,64,1.00
2026-08-19T19:50,274,-1,0.00,22.30,65,0.60
2026-08-19T20:00,234,-1,0.00,21.60,66,0.60
2026-08-19T20:10,285,-1,0.00,21.10,68,0.70
2026-08-19T20:20,215,-2,0.00,20.70,69,0.40
2026-08-19T20:30,242,0,0.00,20.50,70,0.40
2026-08-19T20:40,197,0,0.00,20.70,71,0.80
2026-08-19T20:50,178,0,0.00,20.90,69,1.10
2026-08-19T21:00,179,0,0.00,20.70,70,0.70
2026-08-19T21:10,,0,0.00,20.80,70,0.00
2026-08-19T21:20,,0,0.00,20.90,70,0.00
2026-08-19T21:30,,,0.00,20.90,70,
2026-08-19T21:40,145,-1,0.00,20.80,70,0.40
2026-08-19T21:50,158,-1,0.00,20.90,71,1.50
2026-08-19T22:00,175,0,0.00,20.80,71,1.90
2026-08-19T22:10,181,-2,0.00,20.80,72,1.60
2026-08-19T22:20,197,-1,0.00,20.80,73,1.40
2026-08-19T22:30,184,-1,0.00,20.70,75,1.10
2026-08-19T22:40,171,-1,0.00,20.30,79,1.20
2026-08-19T22:50,148,-1,0.00,20.20,82,1.50
2026-08-19T23:00,80,-1,0.00,20.10,83,0.90
2026-08-19T23:10,16,0,0.00,19.80,82,0.50
2026-08-19T23:20,212,-1,0.00,19.60,90,0.30
2026-08-19T23:30,44,-1,0.00,19.10,88,1.20
2026-08-19T23:40,347,-1,0.00,19.10,93,0.80
2026-08-19T23:50,307,-1,0.00,19.10,93,1.00
2026-08-20T00:00,9,-1,0.00,18.90,94,0.90
2026-08-20T00:10,297,-1,0.00,18.80,91,0.70
2026-08-20T00:20,305,0,0.00,18.80,92,0.80
2026-08-20T00:30,278,0,0.00,18.80,93,0.90
2026-08-20T00:40,339,0,0.00,18.40,89,0.60
2026-08-20T00:50,25,1,0.00,18.00,75,2.50
2026-08-20T01:00,354,0,0.00,18.10,75,1.00
2026-08-20T01:10,,1,0.00,17.80,74,0.00
2026-08-20T01:20,,0,0.00,17.80,74,0.00
2026-08-20T01:30,197,-1,0.00,17.10,79,0.80
2026-08-20T01:40,235,3,0.00,17.10,79,0.50
2026-08-20T01:50,141,5,0.00,17.30,79,0.40
2026-08-20T02:00,104,1,0.00,17.90,77,0.40
2026-08-20T02:10,,0,0.00,17.40,78,0.00
2026-08-20T02:20,206,-2,0.00,17.10,80,0.30
2026-08-20T02:30,,2,0.00,17.50,77,0.00
2026-08-20T02:40,,2,0.00,17.80,74,0.00
2026-08-20T02:50,155,-1,0.00,17.60,76,0.90
2026-08-20T03:00,173,-1,0.00,17.90,74,0.80
2026-08-20T03:10,,1,0.00,18.00,73,0.00
2026-08-20T03:20,142,1,0.00,17.50,76,1.40
2026-08-20T03:30,167,2,0.00,17.60,76,1.00
2026-08-20T03:40,131,0,0.00,17.90,80,1.00
2026-08-20T03:50,116,-1,0.00,17.90,80,0.50
2026-08-20T04:00,,0,0.00,17.60,81,0.00
2026-08-20T04:10,91,-2,0.00,17.80,81,0.70
2026-08-20T04:20,150,0,0.00,17.30,83,0.70
2026-08-20T04:30,181,1,0.00,17.30,85,0.70
2026-08-20T04:40,184,1,0.00,17.70,83,0.80
2026-08-20T04:50,,0,0.00,17.70,84,0.00
2026-08-20T05:00,,2,0.00,17.70,85,0.00
2026-08-20T05:10,,3,0.40,18.00,84,0.00
2026-08-20T05:20,114,3,0.20,17.60,87,1.30
2026-08-20T05:30,139,3,0.00,17.30,90,0.90
2026-08-20T05:40,78,4,0.00,17.30,89,0.40
2026-08-20T05:50,229,2,0.00,16.80,94,1.20
2026-08-20T06:00,64,-2,6.40,15.10,96,1.10
2026-08-20T06:10,156,-1,0.00,15.60,95,1.60
2026-08-20T06:20,,0,0.00,15.20,96,0.00
2026-08-20T06:30,107,0,0.00,15.40,96,0.80
2026-08-20T06:40,97,0,0.00,15.30,97,0.90
2026-08-20T06:50,108,1,0.00,14.90,94,0.30
2026-08-20T07:00,,1,0.00,15.10,93,0.00
2026-08-20T07:10,,1,0.00,15.20,91,0.00
2026-08-20T07:20,203,1,0.00,15.20,91,0.80
2026-08-20T07:30,179,1,0.00,15.60,83,1.10
2026-08-20T07:40,94,0,0.00,15.90,82,1.00
2026-08-20T07:50,171,-1,0.00,16.20,76,0.60
2026-08-20T08:00,140,-999,0.00,16.50,78,0.50
2026-08-20T08:10,114,-999,0.00,16.20,78,2.10
2026-08-20T08:20,117,0,0.00,17.30,69,0.80
2026-08-20T08:30,114,0,0.00,17.40,73,1.00
2026-08-20T08:40,185,-1,0.00,18.20,75,0.70
2026-08-20T08:50,,-1,0.00,18.80,71,0.00
2026-08-20T09:00,,-1,0.00,19.30,67,0.00
2026-08-20T09:10,112,0,0.00,18.90,63,0.80
2026-08-20T09:20,154,-1,0.00,19.00,68,0.40
2026-08-20T09:30,,0,0.00,19.20,65,0.00
2026-08-20T09:40,76,-2,0.00,20.10,59,0.90
2026-08-20T09:50,60,2,0.00,20.20,59,1.40
2026-08-20T10:00,,1,0.00,20.90,63,0.00
2026-08-20T10:10,208,1,0.00,20.40,61,0.80
2026-08-20T10:20,,1,0.00,21.00,67,0.00
2026-08-20T10:30,39,0,0.00,20.50,66,1.40
2026-08-20T10:40,35,0,0.00,20.00,70,1.20
2026-08-20T10:50,349,1,0.00,19.80,69,0.70
2026-08-20T11:00,258,1,0.00,19.40,71,0.30
2026-08-20T11:10,334,1,0.00,20.00,76,0.80
2026-08-20T11:20,30,1,0.00,20.10,73,0.90
2026-08-20T11:30,220,2,0.00,19.90,74,1.00
2026-08-20T11:40,237,0,0.00,19.80,76,0.80
2026-08-20T11:50,223,1,0.00,19.30,80,0.60
2026-08-20T12:00,249,0,0.00,19.60,82,0.40
2026-08-20T12:10,,1,0.00,19.70,82,0.00
2026-08-20T12:20,321,1,0.00,19.50,83,0.50
2026-08-20T12:30,346,1,0.00,19.40,83,0.80
2026-08-20T12:40,148,1,0.00,19.60,85,0.60
2026-08-20T12:50,340,1,0.00,19.40,87,1.60
2026-08-20T13:00,347,1,0.00,19.10,87,0.60
2026-08-20T13:10,9,2,0.00,19.10,86,1.30
2026-08-20T13:20,17,2,0.00,19.10,87,0.70
2026-08-20T13:30,300,1,0.00,19.10,86,0.50
2026-08-20T13:40,336,1,0.00,19.20,86,0.70
2026-08-20T13:50,328,1,0.00,19.30,88,0.70
2026-08-20T14:00,9,1,0.00,19.20,81,0.80
2026-08-20T14:10,357,1,0.00,20.00,79,1.10
2026-08-20T14:20,26,1,0.00,19.50,83,1.70
2026-08-20T14:30,4,1,0.00,19.60,83,0.40
2026-08-20T14:40,267,1,0.00,19.90,81,0.90
2026-08-20T14:50,67,1,0.00,20.20,80,1.00
2026-08-20T15:00,17,3,0.00,20.10,81,1.90
2026-08-20T15:10,0,-2,0.00,20.10,78,0.90
2026-08-20T15:20,33,1,0.00,20.60,78,1.10
2026-08-20T15:30,29,1,0.00,20.30,84,1.40
2026-08-20T15:40,102,1,0.00,20.40,78,1.10
2026-08-20T15:50,246,1,0.00,20.40,80,0.50
2026-08-20T16:00,5,1,0.00,20.40,78,0.90
2026-08-20T16:10,,2,0.00,21.00,77,0.00
2026-08-20T16:20,322,1,0.00,20.70,77,1.50
2026-08-20T16:30,350,1,0.00,20.20,78,0.90
2026-08-20T16:40,333,1,0.00,20.00,79,0.40
2026-08-20T16:50,4,1,0.00,19.90,79,0.90
2026-08-20T17:00,24,1,0.00,19.70,78,1.30
2026-08-20T17:10,,1,0.00,19.60,79,0.00
2026-08-20T17:20,,1,0.00,19.60,81,0.00
2026-08-20T17:30,195,1,0.00,19.50,78,1.20
2026-08-20T17:40,47,1,0.00,19.50,79,0.50
2026-08-20T17:50,305,1,0.00,19.50,76,0.50
2026-08-20T18:00,312,1,0.00,19.50,77,0.70
2026-08-20T18:10,333,1,0.00,19.30,79,0.70
2026-08-20T18:20,327,1,0.00,19.20,79,0.70
2026-08-20T18:30,5,1,0.00,19.10,81,0.90
2026-08-20T18:40,62,1,0.00,19.10,81,0.50
2026-08-20T18:50,344,1,0.00,18.80,82,0.80
2026-08-20T19:00,347,1,0.00,18.80,83,0.60
2026-08-20T19:10,292,1,0.00,18.60,85,0.60
2026-08-20T19:20,,1,0.00,18.60,85,0.00
2026-08-20T19:30,338,1,0.00,18.60,85,0.70
2026-08-20T19:40,259,1,0.00,18.40,87,0.60
2026-08-20T19:50,58,1,0.20,18.10,88,0.30
2026-08-20T20:00,,1,0.00,17.90,90,0.00
2026-08-20T20:10,184,1,0.00,17.60,91,1.00
2026-08-20T20:20,299,1,0.20,17.50,91,0.50
2026-08-20T20:30,37,1,0.20,17.20,91,1.20
2026-08-20T20:40,48,0,0.00,16.90,94,1.20
2026-08-20T20:50,56,1,0.00,16.50,95,0.30
2026-08-20T21:00,295,-1,0.40,16.30,96,0.80
2026-08-20T21:10,41,1,0.40,16.00,96,0.60
2026-08-20T21:20,11,0,0.20,15.40,96,1.10
2026-08-20T21:30,137,-1,0.00,15.30,90,0.50
2026-08-20T21:40,228,0,0.40,15.00,95,0.70
2026-08-20T21:50,210,0,0.40,14.80,97,1.60
2026-08-20T22:00,203,0,0.60,14.30,95,2.20
2026-08-20T22:10,212,-2,0.80,14.00,95,2.00
2026-08-20T22:20,199,-6,0.20,13.60,94,1.50
2026-08-20T22:30,207,-3,0.00,13.70,93,0.80
2026-08-20T22:40,290,-1,0.00,13.60,92,0.90
2026-08-20T22:50,215,0,0.20,13.70,91,0.40
2026-08-20T23:00,277,1,0.00,13.80,85,0.60
2026-08-20T23:10,191,-1,0.00,14.00,85,0.60
2026-08-20T23:20,206,-1,0.00,13.60,88,0.70
2026-08-20T23:30,205,-2,0.00,13.70,88,0.50
2026-08-20T23:40,128,-1,0.00,13.40,91,1.30
2026-08-20T23:50,92,-1,0.00,13.80,88,1.50
2026-08-21T00:00,104,-2,0.00,13.20,92,1.50
2026-08-21T00:10,115,-5,0.00,13.10,90,1.70
2026-08-21T00:20,126,-3,0.00,13.40,91,1.00
2026-08-21T00:30,200,-2,0.00,13.00,92,0.90
2026-08-21T00:40,194,-3,0.00,13.30,89,0.90
2026-08-21T00:50,149,0,0.00,13.50,89,0.80
2026-08-21T01:00,152,1,0.00,13.80,89,0.80
2026-08-21T01:10,189,1,0.00,13.80,86,0.40
2026-08-21T01:20,25,0,0.00,14.50,82,0.90
2026-08-21T01:30,145,0,0.00,13.70,87,0.90
2026-08-21T01:40,192,1,0.00,14.10,83,0.70
2026-08-21T01:50,185,1,0.00,14.10,83,0.90
2026-08-21T02:00,112,1,0.00,14.00,84,0.70
2026-08-21T02:10,,0,0.00,14.20,83,0.00
2026-08-21T02:20,230,2,0.00,13.70,84,0.60
2026-08-21T02:30,212,1,0.00,14.00,83,0.50
2026-08-21T02:40,,0,0.00,13.90,83,0.00
2026-08-21T02:50,229,2,0.00,13.80,84,0.60
2026-08-21T03:00,,1,0.00,14.10,83,0.00
2026-08-21T03:10,129,1,0.00,14.10,83,0.50
2026-08-21T03:20,122,1,0.00,14.50,81,0.90
2026-08-21T03:30,72,2,0.00,14.70,80,0.70
2026-08-21T03:40,109,1,0.00,14.50,81,1.20
2026-08-21T03:50,131,2,0.00,14.70,78,0.70
2026-08-21T04:00,93,1,0.00,14.90,79,0.70
2026-08-21T04:10,108,1,0.00,14.70,80,1.10
2026-08-21T04:20,109,1,0.00,14.80,78,1.20
2026-08-21T04:30,149,0,0.00,14.90,73,0.80
2026-08-21T04:40,145,0,0.00,14.60,77,1.40
2026-08-21T04:50,123,-1,0.00,14.70,75,2.30
2026-08-21T05:00,126,-2,0.00,15.50,71,1.40
2026-08-21T05:10,117,0,0.00,15.90,70,0.90
2026-08-21T05:20,101,1,0.00,15.10,75,0.40
2026-08-21T05:30,126,1,0.00,14.40,76,0.90
2026-08-21T05:40,121,1,0.00,14.40,74,0.50
2026-08-21T05:50,50,1,0.00,15.00,71,0.60
2026-08-21T06:00,102,1,0.00,15.10,71,1.00
2026-08-21T06:10,135,1,0.00,14.60,73,1.10
2026-08-21T06:20,119,1,0.00,15.20,69,0.90
2026-08-21T06:30,133,2,0.00,15.00,70,1.10
2026-08-21T06:40,159,1,0.00,15.30,68,0.50
2026-08-21T06:50,125,1,0.00,15.30,68,0.40
2026-08-21T07:00,113,1,0.00,15.50,67,0.40
2026-08-21T07:10,126,1,0.00,15.80,68,0.70
2026-08-21T07:20,118,1,0.00,16.40,63,0.70
2026-08-21T07:30,86,1,0.00,16.40,66,0.60
2026-08-21T07:40,131,2,0.00,15.40,71,0.60
2026-08-21T07:50,83,1,0.00,15.50,71,0.40
2026-08-21T08:00,320,-999,0.00,15.50,75,0.50
2026-08-21T08:10,,-999,0.00,15.30,74,0.00
2026-08-21T08:20,36,-999,0.00,15.20,72,0.30
2026-08-21T08:30,,2,0.00,15.10,75,0.00
2026-08-21T08:40,237,1,0.00,14.70,78,0.80
2026-08-21T08:50,185,1,0.00,14.40,81,0.80
2026-08-21T09:00,205,0,0.60,14.00,85,0.40
2026-08-21T09:10,,1,0.40,13.50,86,0.00
2026-08-21T09:20,11,-1,0.80,13.90,88,0.70
2026-08-21T09:30,107,-2,1.00,13.40,92,0.50
2026-08-21T09:40,165,0,1.20,13.30,95,0.90
2026-08-21T09:50,164,0,1.40,13.40,93,0.50
2026-08-21T10:00,33,-1,2.00,13.20,95,0.40
2026-08-21T10:10,34,0,1.40,12.90,96,1.30
2026-08-21T10:20,86,-1,1.80,12.80,97,0.50
2026-08-21T10:30,45,-1,2.20,12.80,98,1.30
2026-08-21T10:40,24,-3,2.00,12.80,98,1.60
2026-08-21T10:50,42,-2,1.40,12.90,99,2.70
2026-08-21T11:00,,-2,1.80,12.90,99,0.00
2026-08-21T11:10,44,-3,0.80,13.20,98,1.70
2026-08-21T11:20,43,-3,0.80,13.20,98,2.00
2026-08-21T11:30,356,-2,0.80,13.30,99,1.20
2026-08-21T11:40,339,-2,1.40,13.50,99,0.40
2026-08-21T11:50,38,-2,1.40,13.50,99,1.50
2026-08-21T12:00,,-2,0.80,13.50,98,0.00
2026-08-21T12:10,43,-2,0.60,13.50,98,0.70
2026-08-21T12:20,36,-2,1.40,13.40,98,0.80
2026-08-21T12:30,,-3,0.60,13.50,98,0.00
2026-08-21T12:40,188,-3,0.80,13.50,99,1.20
2026-08-21T12:50,250,-2,1.20,13.30,99,0.80
2026-08-21T13:00,277,-2,0.60,13.20,99,0.40
2026-08-21T13:10,,-2,0.80,13.20,99,0.00
2026-08-21T13:20,57,-2,0.60,13.40,99,1.30
2026-08-21T13:30,37,-1,0.60,13.60,99,0.60
2026-08-21T13:40,77,-1,0.60,13.90,98,0.90
2026-08-21T13:50,41,-1,0.40,13.90,98,1.20
2026-08-21T14:00,29,-1,0.20,14.00,98,0.70
2026-08-21T14:10,71,-1,0.20,13.70,98,0.90
2026-08-21T14:20,34,0,0.20,13.60,99,1.40
2026-08-21T14:30,49,0,0.40,13.50,99,0.90
2026-08-21T14:40,212,0,0.20,13.60,99,0.30
2026-08-21T14:50,30,0,0.20,13.70,99,0.60
2026-08-21T15:00,87,1,0.20,13.80,99,0.50
2026-08-21T15:10,219,0,0.00,13.80,99,0.90
2026-08-21T15:20,320,0,0.00,14.00,99,0.50
2026-08-21T15:30,337,0,0.00,13.90,99,1.20
2026-08-21T15:40,15,0,0.00,13.70,99,1.40
2026-08-21T15:50,20,0,0.20,13.70,99,1.00
2026-08-21T16:00,51,0,0.20,13.70,99,0.70
2026-08-21T16:10,337,0,0.40,13.90,99,0.60
2026-08-21T16:20,222,0,0.20,13.90,99,0.40
2026-08-21T16:30,285,0,0.20,13.70,99,0.40
2026-08-21T16:40,51,0,0.00,13.40,99,0.40
2026-08-21T16:50,283,0,0.40,13.60,99,0.80
2026-08-21T17:00,311,-1,0.20,13.60,99,0.50
2026-08-21T17:10,224,-1,0.00,13.60,99,0.40
2026-08-21T17:20,179,-1,0.00,13.60,99,1.30
2026-08-21T17:30,200,0,0.00,13.70,99,1.20
2026-08-21T17:40,233,-1,0.00,13.70,99,1.10
2026-08-21T17:50,226,-1,0.00,13.90,99,1.00
2026-08-21T18:00,256,0,0.00,14.00,99,1.00
2026-08-21T18:10,266,-1,0.00,13.80,99,1.00
2026-08-21T18:20,242,-1,0.00,13.70,99,0.90
2026-08-21T18:30,269,-1,0.00,13.80,99,0.80
2026-08-21T18:40,251,0,0.00,13.80,99,0.80
2026-08-21T18:50,245,-1,0.00,13.70,99,0.90
2026-08-21T19:00,248,-1,0.00,13.50,99,1.10
2026-08-21T19:10,234,-1,0.20,13.60,99,0.80
2026-08-21T19:20,215,-1,0.40,13.60,99,1.20
2026-08-21T19:30,250,-1,0.40,13.60,99,0.60
2026-08-21T19:40,218,0,0.20,13.50,99,1.10
2026-08-21T19:50,227,0,0.00,13.60,99,0.40
2026-08-21T20:00,207,0,0.00,13.50,99,1.00
2026-08-21T20:10,249,0,0.00,13.60,99,0.50
2026-08-21T20:20,257,0,0.00,13.50,99,0.60
2026-08-21T20:30,,0,0.00,13.30,99,0.00
2026-08-21T20:40,,0,0.00,13.00,99,0.00
2026-08-21T20:50,,0,0.00,13.00,99,0.00
2026-08-21T21:00,,-1,0.00,13.10,99,0.00
2026-08-21T21:10,,0,0.00,12.90,99,0.00
2026-08-21T21:20,235,-1,0.00,12.90,99,0.30
2026-08-21T21:30,304,0,0.00,12.90,99,0.50
2026-08-21T21:40,,0,0.20,12.90,99,0.00
2026-08-21T21:50,,0,0.00,12.80,99,0.00
2026-08-21T22:00,145,0,0.00,12.80,99,0.40
2026-08-21T22:10,121,-1,0.00,12.90,99,1.20
2026-08-21T22:20,78,0,0.00,13.10,99,1.20
2026-08-21T22:30,93,0,0.00,12.80,99,0.90
2026-08-21T22:40,137,0,0.00,12.60,99,0.70
2026-08-21T22:50,,0,0.00,12.50,99,0.00
2026-08-21T23:00,57,0,0.00,13.00,99,0.60
2026-08-21T23:10,87,-1,0.00,12.60,99,0.70
2026-08-21T23:20,118,0,0.00,12.60,99,0.60
2026-08-21T23:30,118,-2,0.00,12.60,99,0.40
2026-08-21T23:40,,0,0.00,12.70,99,0.00
2026-08-21T23:50,,0,0.00,12.50,99,0.00
2026-08-22T00:00,,0,0.00,12.60,99,0.00
2026-08-22T00:10,117,1,0.00,12.60,99,0.70
2026-08-22T00:20,107,0,0.00,12.60,99,0.70
2026-08-22T00:30,103,0,0.00,12.80,99,1.30
2026-08-22T00:40,117,0,0.00,12.60,99,2.10
2026-08-22T00:50,133,0,0.00,12.40,99,1.30
2026-08-22T01:00,127,0,0.00,12.30,99,1.60
2026-08-22T01:10,132,0,0.00,12.40,99,1.00
2026-08-22T01:20,116,0,0.00,12.20,99,0.70
2026-08-22T01:30,88,0,0.00,12.70,98,1.10
2026-08-22T01:40,123,0,0.00,12.50,98,1.90
2026-08-22T01:50,158,0,0.00,12.30,98,1.00
2026-08-22T02:00,120,1,0.00,12.40,98,0.90
2026-08-22T02:10,,0,0.00,12.50,95,0.00
2026-08-22T02:20,117,-1,0.00,12.60,97,1.40
2026-08-22T02:30,115,-1,0.00,12.60,98,1.90
2026-08-22T02:40,111,0,0.00,12.60,98,1.70
2026-08-22T02:50,85,0,0.00,12.90,97,1.20
2026-08-22T03:00,96,0,0.00,12.80,97,1.30
2026-08-22T03:10,107,0,0.20,12.80,96,1.10
2026-08-22T03:20,141,0,0.00,13.00,91,0.60
2026-08-22T03:30,129,0,0.00,12.80,91,0.90
2026-08-22T03:40,112,0,0.00,12.80,92,0.70
2026-08-22T03:50,124,1,0.00,12.60,90,0.70
2026-08-22T04:00,119,-1,0.00,12.80,91,1.00
2026-08-22T04:10,129,0,0.00,12.40,93,1.90
2026-08-22T04:20,145,1,0.00,12.20,95,1.70
2026-08-22T04:30,126,-1,0.00,12.70,91,0.80
2026-08-22T04:40,128,0,0.00,12.50,91,1.10
2026-08-22T04:50,121,0,0.00,12.50,90,1.40
2026-08-22T05:00,130,0,0.00,12.30,90,1.50
2026-08-22T05:10,122,0,0.00,12.60,89,1.70
2026-08-22T05:20,153,1,0.00,12.50,90,0.90
2026-08-22T05:30,132,0,0.00,13.00,88,0.50
2026-08-22T05:40,,,0.00,13.00,86,0.00
2026-08-22T05:50,,0,0.00,12.70,86,0.00
2026-08-22T06:00,,0,0.00,12.90,86,0.00
2026-08-22T06:10,,-2,0.00,13.00,85,0.00
2026-08-22T06:20,,0,0.00,13.10,86,0.00
2026-08-22T06:30,,0,0.00,13.10,86,0.00
2026-08-22T06:40,,0,0.00,13.20,83,0.00
2026-08-22T06:50,122,0,0.00,12.90,85,0.90
2026-08-22T07:00,,0,0.00,13.00,84,0.00
2026-08-22T07:10,,0,0.00,13.00,84,0.00
2026-08-22T07:20,,0,0.00,12.90,86,0.00
2026-08-22T07:30,,0,0.00,13.20,85,0.00
2026-08-22T07:40,,-1,0.00,13.30,85,0.00
2026-08-22T07:50,,0,0.00,13.60,83,0.00
2026-08-22T08:00,347,1,0.00,13.70,83,0.60
2026-08-22T08:10,,0,0.00,13.80,82,0.00
2026-08-22T08:20,,0,0.00,14.10,82,0.00
2026-08-22T08:30,50,0,0.00,14.50,80,1.00
2026-08-22T08:40,56,0,0.00,14.80,80,0.80
2026-08-22T08:50,336,0,0.00,15.00,80,0.90
2026-08-22T09:00,314,2,0.00,15.40,77,0.30
2026-08-22T09:10,,0,0.00,15.70,75,0.00
2026-08-22T09:20,,-1,0.00,16.10,75,0.00
2026-08-22T09:30,194,0,0.00,15.50,75,0.90
2026-08-22T09:40,226,-4,0.00,15.70,75,0.80
2026-08-22T09:50,219,-2,0.00,15.90,76,0.80
2026-08-22T10:00,223,-1,0.00,16.50,78,0.50
2026-08-22T10:10,225,0,0.00,16.30,75,0.70
2026-08-22T10:20,200,-3,0.00,16.30,72,1.10
2026-08-22T10:30,235,0,0.00,16.60,77,0.50
2026-08-22T10:40,230,1,0.00,16.60,75,0.50
2026-08-22T10:50,241,0,0.00,16.60,75,0.80
2026-08-22T11:00,263,-1,0.00,17.20,72,0.70
2026-08-22T11:10,200,-1,0.00,17.00,75,1.30
2026-08-22T11:20,286,-2,0.00,17.30,77,1.00
2026-08-22T11:30,268,0,0.00,17.10,70,1.10
2026-08-22T11:40,320,-2,0.00,17.40,77,1.00
2026-08-22T11:50,,0,0.00,17.60,63,0.00
2026-08-22T12:00,,-4,0.00,17.80,60,0.00
2026-08-22T12:10,145,-2,0.00,17.80,61,0.90
2026-08-22T12:20,,-3,0.00,18.10,58,0.00
2026-08-22T12:30,10,-3,0.00,18.00,54,0.60
2026-08-22T12:40,,-5,0.00,18.50,58,0.00
2026-08-22T12:50,17,-5,0.00,18.60,56,0.80
2026-08-22T13:00,253,-1,0.00,19.00,58,0.30
2026-08-22T13:10,241,-3,0.00,18.60,56,0.40
2026-08-22T13:20,6,-3,0.00,18.20,52,0.90
2026-08-22T13:30,333,-2,0.00,18.40,62,0.30
2026-08-22T13:40,352,0,0.00,18.60,62,1.70
2026-08-22T13:50,351,0,0.00,19.20,63,0.30
2026-08-22T14:00,45,1,0.00,19.10,63,0.60
2026-08-22T14:10,323,0,0.00,19.60,61,1.00
2026-08-22T14:20,6,0,0.00,19.80,61,0.60
2026-08-22T14:30,343,-1,0.00,18.90,56,0.80
2026-08-22T14:40,18,-2,0.00,18.80,58,1.40
2026-08-22T14:50,322,0,0.00,19.90,64,0.90
2026-08-22T15:00,316,-1,0.00,20.00,69,0.90
2026-08-22T15:10,317,-4,0.00,18.70,58,0.60
2026-08-22T15:20,344,-2,0.00,19.40,64,1.40
2026-08-22T15:30,293,-3,0.00,19.50,60,0.30
2026-08-22T15:40,317,-2,0.00,19.20,61,0.40
2026-08-22T15:50,352,-3,0.00,19.40,63,1.30
2026-08-22T16:00,357,-2,0.00,19.00,60,1.20
2026-08-22T16:10,13,0,0.00,19.40,62,1.30
2026-08-22T16:20,12,-2,0.00,20.10,66,1.40
2026-08-22T16:30,317,-3,0.00,19.80,58,2.20
2026-08-22T16:40,281,-2,0.00,19.10,58,1.30
2026-08-22T16:50,279,-1,0.00,19.40,60,1.10
2026-08-22T17:00,335,-5,0.00,20.20,58,1.00
2026-08-22T17:10,293,-3,0.00,20.00,56,1.20
2026-08-22T17:20,210,-3,0.00,20.20,57,1.10
2026-08-22T17:30,,-5,0.00,20.70,58,0.00
2026-08-22T17:40,238,-2,0.00,20.70,50,0.70
2026-08-22T17:50,295,-2,0.00,20.80,56,0.60
2026-08-22T18:00,307,-4,0.00,20.00,55,0.60
2026-08-22T18:10,,-2,0.00,20.30,59,0.00
2026-08-22T18:20,81,-3,0.00,20.20,60,0.30
2026-08-22T18:30,359,-2,0.00,19.70,56,0.50
2026-08-22T18:40,314,-3,0.00,19.60,54,0.40
2026-08-22T18:50,311,-3,0.00,19.70,56,0.50
2026-08-22T19:00,287,-4,0.00,19.50,60,0.40
2026-08-22T19:10,,-2,0.00,19.30,57,0.00
2026-08-22T19:20,,-3,0.00,19.00,59,0.00
2026-08-22T19:30,,-2,0.00,17.90,62,0.00
2026-08-22T19:40,160,0,0.00,17.20,64,0.60
2026-08-22T19:50,232,-1,0.00,17.50,64,0.40
2026-08-22T20:00,,0,0.00,16.90,66,0.00
2026-08-22T20:10,137,-1,0.00,16.40,68,0.60
2026-08-22T20:20,119,0,0.00,16.10,69,0.30
2026-08-22T20:30,126,-1,0.00,15.90,71,0.90
2026-08-22T20:40,101,0,0.00,16.10,70,1.10
2026-08-22T20:50,82,0,0.00,15.80,71,1.00
2026-08-22T21:00,91,0,0.00,15.90,71,0.80
2026-08-22T21:10,101,0,0.00,15.40,74,1.00
2026-08-22T21:20,117,0,0.00,15.50,72,1.70
2026-08-22T21:30,124,0,0.00,15.20,74,1.30
2026-08-22T21:40,118,1,0.00,15.50,72,1.20
2026-08-22T21:50,114,-3,0.00,15.50,72,1.00
2026-08-22T22:00,,0,0.00,15.60,72,0.00
2026-08-22T22:10,135,1,0.00,15.40,73,0.60
2026-08-22T22:20,81,1,0.00,15.90,73,0.90
2026-08-22T22:30,69,0,0.00,15.50,73,0.80
2026-08-22T22:40,69,1,0.00,15.40,75,0.90
2026-08-22T22:50,78,0,0.00,15.30,74,0.70
2026-08-22T23:00,113,1,0.00,15.30,73,1.10
2026-08-22T23:10,124,1,0.00,14.90,77,1.20
2026-08-22T23:20,112,2,0.00,15.40,74,1.10
2026-08-22T23:30,68,0,0.00,15.00,72,0.60
2026-08-22T23:40,60,1,0.00,15.20,73,0.60
2026-08-22T23:50,128,1,0.00,14.80,73,1.00
2026-08-23T00:00,149,1,0.00,14.90,74,1.40
2026-08-23T00:10,163,1,0.00,15.70,74,1.40
2026-08-23T00:20,75,1,0.00,15.40,76,0.50
2026-08-23T00:30,117,0,0.00,15.90,75,1.40
2026-08-23T00:40,154,0,0.00,15.90,74,1.20
2026-08-23T00:50,161,0,0.00,15.50,77,1.40
2026-08-23T01:00,172,1,0.00,15.40,78,1.30
2026-08-23T01:10,165,0,0.00,15.40,78,1.50
2026-08-23T01:20,169,1,0.00,15.30,78,1.20
2026-08-23T01:30,179,1,0.00,15.00,80,0.90
2026-08-23T01:40,182,1,0.00,14.70,82,0.70
2026-08-23T01:50,,1,0.00,14.60,83,0.00
2026-08-23T02:00,182,1,0.00,14.40,85,0.50
2026-08-23T02:10,,2,0.00,14.10,86,0.00
2026-08-23T02:20,,1,0.00,14.20,85,0.00
2026-08-23T02:30,,1,0.00,14.20,85,0.00
2026-08-23T02:40,,1,0.00,14.10,85,0.00
2026-08-23T02:50,,2,0.00,14.10,86,0.00
2026-08-23T03:00,,1,0.00,14.00,86,0.00
2026-08-23T03:10,221,1,0.00,14.00,87,0.40
2026-08-23T03:20,,1,0.00,14.00,87,0.00
2026-08-23T03:30,,1,0.00,14.20,88,0.00
2026-08-23T03:40,,1,0.00,14.00,90,0.00
2026-08-23T03:50,,1,0.00,14.10,89,0.00
2026-08-23T04:00,,1,0.00,14.00,90,0.00
2026-08-23T04:10,,1,0.00,14.10,90,0.00
2026-08-23T04:20,,1,0.00,13.90,91,0.00
2026-08-23T04:30,,-3,0.00,14.30,90,0.00
2026-08-23T04:40,,1,0.00,14.10,90,0.00
2026-08-23T04:50,,1,0.00,13.90,90,0.00
2026-08-23T05:00,181,1,0.00,14.20,89,0.40
2026-08-23T05:10,180,0,0.00,14.10,87,0.30
2026-08-23T05:20,177,1,0.00,13.80,86,0.50
2026-08-23T05:30,164,1,0.00,13.90,87,0.60
2026-08-23T05:40,,2,0.00,14.20,88,0.00
2026-08-23T05:50,179,2,0.00,14.10,87,0.40
2026-08-23T06:00,,1,0.00,14.10,88,0.00
2026-08-23T06:10,,2,0.00,13.90,90,0.00
2026-08-23T06:20,,1,0.00,13.90,91,0.00
2026-08-23T06:30,,0,0.00,13.80,94,0.00
2026-08-23T06:40,,1,0.00,13.80,95,0.00
2026-08-23T06:50,,1,0.00,13.90,94,0.00
2026-08-23T07:00,,1,0.00,14.10,95,0.00
2026-08-23T07:10,32,1,0.00,14.40,92,0.50
2026-08-23T07:20,,1,0.00,14.30,91,0.00
2026-08-23T07:30,,1,0.00,14.20,91,0.00
2026-08-23T07:40,,1,0.00,14.30,90,0.00
2026-08-23T07:50,,1,0.00,14.60,89,0.00
2026-08-23T08:00,,1,0.00,15.20,88,0.00
2026-08-23T08:10,,1,0.00,15.60,85,0.00
2026-08-23T08:20,,1,0.00,15.60,83,0.00
2026-08-23T08:30,,1,0.00,15.90,85,0.00
2026-08-23T08:40,268,1,0.00,15.70,83,0.70
2026-08-23T08:50,260,1,0.00,15.70,84,0.80
2026-08-23T09:00,232,1,0.00,15.80,84,0.60
2026-08-23T09:10,208,0,0.00,15.80,84,0.60
2026-08-23T09:20,260,1,0.00,16.10,84,0.60
2026-08-23T09:30,211,1,0.00,16.00,84,0.80
2026-08-23T09:40,218,1,0.00,16.00,83,0.40
2026-08-23T09:50,,1,0.00,16.20,82,0.00
2026-08-23T10:00,248,1,0.00,16.50,83,0.70
2026-08-23T10:10,255,0,0.00,17.00,80,0.80
2026-08-23T10:20,247,0,0.00,16.50,82,0.70
2026-08-23T10:30,,1,0.00,16.70,82,0.00
2026-08-23T10:40,238,-3,0.00,16.70,77,1.00
2026-08-23T10:50,212,0,0.00,16.60,77,0.50
2026-08-23T11:00,273,1,0.00,16.90,81,0.60
2026-08-23T11:10,,0,0.00,17.10,80,0.00
2026-08-23T11:20,237,2,0.00,17.40,74,0.90
2026-08-23T11:30,241,1,0.00,17.60,74,0.50
2026-08-23T11:40,309,0,0.00,17.80,71,0.60
2026-08-23T11:50,,0,0.00,17.90,70,0.00
2026-08-23T12:00,331,1,0.00,17.20,69,0.90
2026-08-23T12:10,354,0,0.00,17.30,71,0.80
2026-08-23T12:20,22,1,0.00,17.20,76,0.80
2026-08-23T12:30,6,1,0.00,17.20,77,0.90
2026-08-23T12:40,333,1,0.00,17.40,76,1.00
2026-08-23T12:50,322,0,0.00,17.60,74,0.80
2026-08-23T13:00,299,1,0.00,17.90,77,0.70
2026-08-23T13:10,326,0,0.00,17.90,76,0.90
2026-08-23T13:20,315,1,0.00,17.90,79,0.90
2026-08-23T13:30,356,1,0.00,17.80,73,0.80
2026-08-23T13:40,21,0,0.00,17.60,72,1.30
2026-08-23T13:50,353,0,0.00,17.60,75,1.10
2026-08-23T14:00,330,-1,0.00,18.50,68,0.60
2026-08-23T14:10,296,-1,0.00,18.90,73,0.70
2026-08-23T14:20,339,1,0.00,18.30,73,0.50
2026-08-23T14:30,218,-1,0.00,19.40,73,0.40
2026-08-23T14:40,225,-1,0.00,19.80,66,0.70
2026-08-23T14:50,221,0,0.00,19.40,68,1.90
2026-08-23T15:00,214,0,0.00,18.10,69,2.70
2026-08-23T15:10,212,0,0.00,18.60,67,1.70
2026-08-23T15:20,219,-3,0.00,19.00,66,1.80
2026-08-23T15:30,206,0,0.00,18.20,70,1.50
2026-08-23T15:40,185,0,0.00,17.60,71,1.50
2026-08-23T15:50,196,0,0.00,17.90,72,1.50
2026-08-23T16:00,218,0,0.00,18.30,73,1.20
2026-08-23T16:10,253,-1,0.00,18.10,71,1.10
2026-08-23T16:20,285,0,0.00,17.90,71,1.50
2026-08-23T16:30,217,0,0.00,17.90,72,1.30
2026-08-23T16:40,225,1,0.00,18.20,72,0.90
2026-08-23T16:50,235,0,0.00,18.50,69,1.40
2026-08-23T17:00,245,0,0.00,19.40,68,0.90
2026-08-23T17:10,275,-2,0.00,19.10,68,0.70
2026-08-23T17:20,269,-1,0.00,18.40,72,1.20
2026-08-23T17:30,225,1,0.00,18.90,71,0.80
2026-08-23T17:40,265,-1,0.00,18.60,70,0.70
2026-08-23T17:50,253,-1,0.00,18.60,70,0.80
2026-08-23T18:00,253,-1,0.00,18.50,70,0.90
2026-08-23T18:10,271,-1,0.00,18.10,75,0.60
2026-08-23T18:20,,-1,0.00,18.30,73,0.00
2026-08-23T18:30,36,0,0.00,17.40,76,1.40
2026-08-23T18:40,49,0,0.00,17.30,78,1.00
2026-08-23T18:50,43,0,0.00,17.40,78,0.50
2026-08-23T19:00,32,-1,0.00,17.20,78,0.80
2026-08-23T19:10,107,0,0.00,17.10,79,0.50
2026-08-23T19:20,95,0,0.00,17.10,77,0.30
2026-08-23T19:30,316,0,0.00,17.30,78,0.30
2026-08-23T19:40,303,-1,0.00,17.20,79,0.60
2026-08-23T19:50,346,-1,0.00,16.90,79,0.80
2026-08-23T20:00,99,0,0.00,16.10,83,0.40
2026-08-23T20:10,150,0,0.00,16.10,82,0.60
2026-08-23T20:20,261,0,0.00,16.20,82,0.40
2026-08-23T20:30,,0,0.00,16.10,82,0.00
2026-08-23T20:40,,0,0.00,16.20,82,0.00
2026-08-23T20:50,,-2,0.00,16.40,82,0.00
2026-08-23T21:00,,1,0.00,16.10,82,0.00
2026-08-23T21:10,,1,0.00,15.30,85,0.00
2026-08-23T21:20,129,1,0.00,15.40,84,0.40
2026-08-23T21:30,,0,0.00,15.60,84,0.00
2026-08-23T21:40,,1,0.00,15.60,84,0.00
2026-08-23T21:50,,0,0.00,15.40,84,0.00
2026-08-23T22:00,169,-1,0.00,15.10,85,0.50
2026-08-23T22:10,188,1,0.00,15.20,86,0.80
2026-08-23T22:20,,1,0.00,15.30,85,0.00
2026-08-23T22:30,155,0,0.00,15.50,84,0.40
2026-08-23T22:40,157,1,0.00,15.80,83,0.50
2026-08-23T22:50,137,1,0.00,15.50,84,0.60
2026-08-23T23:00,,1,0.00,15.80,83,0.00
2026-08-23T23:10,,1,0.00,15.60,84,0.00
2026-08-23T23:20,,0,0.00,15.70,84,0.00
2026-08-23T23:30,,1,0.00,15.80,85,0.00
2026-08-23T23:40,,1,0.00,15.90,84,0.00
2026-08-23T23:50,,1,0.00,16.00,83,0.00
2026-08-24T00:00,149,0,0.00,16.00,83,0.50
2026-08-24T00:10,,1,0.00,16.10,83,0.00
2026-08-24T00:20,,1,0.00,15.90,83,0.00
2026-08-24T00:30,,1,0.00,15.80,83,0.00
2026-08-24T00:40,,1,0.00,15.60,84,0.00
2026-08-24T00:50,116,0,0.00,15.40,85,0.60
2026-08-24T01:00,,0,0.00,15.40,85,0.00
2026-08-24T01:10,,0,0.00,15.40,85,0.00
2026-08-24T01:20,,0,0.00,15.10,86,0.00
2026-08-24T01:30,69,1,0.00,15.10,87,0.80
2026-08-24T01:40,74,1,0.00,15.10,87,0.70
2026-08-24T01:50,66,0,0.00,15.10,88,0.60
2026-08-24T02:00,62,-999,0.00,15.40,86,0.80
2026-08-24T02:10,100,-999,0.00,15.10,88,1.00
2026-08-24T02:20,62,-999,0.00,15.40,87,0.80
2026-08-24T02:30,73,-999,0.00,15.00,88,0.40
2026-08-24T02:40,,-999,0.00,14.80,90,0.00
2026-08-24T02:50,226,-999,0.00,14.50,90,0.40
2026-08-24T03:00,214,-999,0.00,14.60,90,0.50
2026-08-24T03:10,,-999,0.00,14.90,89,0.00
2026-08-24T03:20,,-999,0.00,14.60,90,0.00
2026-08-24T03:30,,-999,0.00,14.60,90,0.00
2026-08-24T03:40,195,-999,0.00,14.50,91,0.70
2026-08-24T03:50,197,-999,0.00,14.60,91,0.50
2026-08-24T04:00,184,-999,0.00,14.50,91,0.40
2026-08-24T04:10,,-999,0.00,14.30,92,0.00
2026-08-24T04:20,,-999,0.00,14.40,92,0.00
2026-08-24T04:30,,-999,0.00,14.30,92,0.00
2026-08-24T04:40,227,-999,0.00,14.10,94,0.40
2026-08-24T04:50,,-999,0.00,14.10,95,0.00
2026-08-24T05:00,,-999,0.00,14.20,95,0.00
2026-08-24T05:10,,-999,0.00,14.40,94,0.00
2026-08-24T05:20,,-999,0.00,14.50,92,0.00
2026-08-24T05:30,,-999,0.00,14.30,93,0.00
2026-08-24T05:40,179,-999,0.00,14.20,94,0.40
2026-08-24T05:50,,-999,0.00,14.20,94,0.00
2026-08-24T06:00,,-999,0.00,14.20,94,0.00
2026-08-24T06:10,,-999,0.00,14.10,94,0.00
2026-08-24T06:20,,-999,0.00,14.30,94,0.00
2026-08-24T06:30,,-999,0.00,14.20,94,0.00
2026-08-24T06:40,,-999,0.00,14.40,94,0.00
2026-08-24T06:50,90,-999,0.00,14.60,92,0.70
2026-08-24T07:00,130,-999,0.00,14.30,93,0.80
2026-08-24T07:10,130,-999,0.00,14.40,93,0.30
2026-08-24T07:20,,-999,0.00,14.50,93,0.00
2026-08-24T07:30,,-999,0.00,14.50,92,0.00
2026-08-24T07:40,83,-999,0.00,14.90,91,0.50
2026-08-24T07:50,134,-999,0.00,15.00,91,0.80
2026-08-24T08:00,167,-999,0.00,15.10,89,0.80
2026-08-24T08:10,158,-999,0.00,15.30,88,0.80
2026-08-24T08:20,201,-999,0.00,15.30,88,0.70
2026-08-24T08:30,,-999,0.00,15.70,89,0.00
2026-08-24T08:40,,-999,0.00,16.00,86,0.00
2026-08-24T08:50,,-999,0.00,16.20,85,0.00
2026-08-24T09:00,178,2,0.00,16.20,83,0.80
2026-08-24T09:10,216,2,0.00,16.50,83,0.70
2026-08-24T09:20,200,1,0.00,16.50,82,0.90
2026-08-24T09:30,180,2,0.00,17.00,81,0.50
2026-08-24T09:40,254,1,0.00,16.80,81,0.40
2026-08-24T09:50,,2,0.00,17.10,84,0.00
2026-08-24T10:00,276,1,0.00,16.90,81,0.60
2026-08-24T10:10,,1,0.00,16.70,82,0.00
2026-08-24T10:20,248,1,0.00,16.60,85,0.30
2026-08-24T10:30,199,1,0.00,16.70,83,0.70
2026-08-24T10:40,209,1,0.00,16.80,84,0.90
2026-08-24T10:50,,0,0.00,18.30,82,0.00
2026-08-24T11:00,346,-1,0.00,18.10,81,0.30
2026-08-24T11:10,1,0,0.00,17.70,79,0.80
2026-08-24T11:20,351,-1,0.00,17.60,81,0.50
2026-08-24T11:30,330,1,0.00,18.30,80,0.50
2026-08-24T11:40,,0,0.00,18.80,80,0.00
2026-08-24T11:50,288,-3,0.00,19.10,79,0.30
2026-08-24T12:00,289,0,0.00,18.60,77,0.50
2026-08-24T12:10,250,-1,0.00,18.30,76,0.50
2026-08-24T12:20,225,0,0.00,18.40,78,0.70
2026-08-24T12:30,278,-1,0.00,18.60,76,0.60
2026-08-24T12:40,249,-1,0.00,18.60,77,0.50
2026-08-24T12:50,125,0,0.00,19.00,79,0.50
2026-08-24T13:00,265,0,0.00,18.80,74,0.60
2026-08-24T13:10,227,-1,0.00,18.70,78,0.70
2026-08-24T13:20,264,1,0.00,19.00,79,0.60
2026-08-24T13:30,236,0,0.00,18.90,77,1.00
2026-08-24T13:40,254,1,0.00,19.70,78,1.00
2026-08-24T13:50,288,-2,0.00,19.50,74,0.80
2026-08-24T14:00,,-999,0.00,19.80,77,0.00
2026-08-24T14:10,29,-999,0.00,19.50,75,0.90
2026-08-24T14:20,161,-999,0.00,19.50,74,0.60
2026-08-24T14:30,221,-999,0.00,19.80,70,0.50
2026-08-24T14:40,220,-999,0.00,19.10,72,1.50
2026-08-24T14:50,201,-999,0.00,19.60,70,0.50
2026-08-24T15:00,114,-999,0.00,19.40,71,0.60
2026-08-24T15:10,98,-999,0.00,19.30,73,0.60
2026-08-24T15:20,99,-999,0.00,19.50,73,0.50
2026-08-24T15:30,76,-999,0.00,19.80,74,0.80
2026-08-24T15:40,37,-999,0.00,20.10,72,1.40
2026-08-24T15:50,38,-999,0.00,20.40,74,1.30
2026-08-24T16:00,21,-999,0.00,20.70,69,1.30
2026-08-24T16:10,6,-999,0.00,21.20,66,1.20
2026-08-24T16:20,15,-999,0.00,20.40,72,0.70
2026-08-24T16:30,310,-999,0.00,20.90,70,0.50
2026-08-24T16:40,298,-999,0.00,21.10,68,0.70
2026-08-24T16:50,284,-999,0.00,21.60,69,0.50
2026-08-24T17:00,247,-999,0.00,21.70,69,0.90
2026-08-24T17:10,211,-999,0.00,21.20,67,1.10
2026-08-24T17:20,222,-3,0.00,20.90,69,1.50
2026-08-24T17:30,236,1,0.00,21.20,69,1.10
2026-08-24T17:40,218,-2,0.00,20.70,68,1.40
2026-08-24T17:50,301,0,0.00,20.70,70,0.80
2026-08-24T18:00,155,-2,0.00,20.40,69,1.00
2026-08-24T18:10,215,-2,0.00,20.30,70,1.40
2026-08-24T18:20,230,0,0.00,20.30,69,1.80
2026-08-24T18:30,203,-2,0.00,20.40,69,0.70
2026-08-24T18:40,193,-1,0.00,19.70,70,1.10
2026-08-24T18:50,185,-1,0.00,19.20,72,1.00
2026-08-24T19:00,180,-2,0.00,19.60,73,0.50
2026-08-24T19:10,344,-1,0.00,19.10,72,1.00
2026-08-24T19:20,4,-1,0.00,18.80,74,0.30
2026-08-24T19:30,,-1,0.00,18.20,78,0.00
2026-08-24T19:40,81,0,0.00,17.90,79,0.70
2026-08-24T19:50,110,-1,0.00,17.60,77,0.80
2026-08-24T20:00,141,-999,0.00,17.80,72,1.00
2026-08-24T20:10,179,-999,0.00,17.70,70,1.00
2026-08-24T20:20,175,-999,0.00,18.10,66,1.80
2026-08-24T20:30,178,-999,0.00,17.90,66,1.60
2026-08-24T20:40,194,-999,0.00,17.70,67,1.10
2026-08-24T20:50,214,-999,0.00,17.70,69,1.00
2026-08-24T21:00,222,-999,0.00,17.40,70,0.90
2026-08-24T21:10,175,-999,0.00,17.30,72,1.00
2026-08-24T21:20,,-999,0.00,17.50,71,0.00
2026-08-24T21:30,,-999,0.00,17.40,72,0.00
2026-08-24T21:40,151,-999,0.00,17.80,69,0.60
2026-08-24T21:50,175,-999,0.00,17.40,71,0.60
2026-08-24T22:00,144,-999,0.00,17.40,71,0.80
2026-08-24T22:10,101,-999,0.00,16.80,74,0.60
2026-08-24T22:20,109,-999,0.00,17.00,73,0.30
2026-08-24T22:30,,-999,0.00,17.10,73,0.00
2026-08-24T22:40,,-999,0.00,16.60,75,0.00
2026-08-24T22:50,119,-999,0.00,16.70,74,0.50
2026-08-24T23:00,,-999,0.00,16.30,76,0.00
2026-08-24T23:10,170,-999,0.00,16.20,77,0.70
2026-08-24T23:20,156,-999,0.00,16.80,76,0.40
2026-08-24T23:30,290,-999,0.00,16.90,75,0.60
2026-08-24T23:40,,-999,0.00,16.00,79,0.00
2026-08-24T23:50,,-999,0.00,16.20,79,0.00
2026-08-25T00:00,,-999,0.00,16.20,79,0.00
2026-08-25T00:10,,-999,0.00,16.30,76,0.00
2026-08-25T00:20,,-999,0.00,16.30,75,0.00
2026-08-25T00:30,,-999,0.00,16.20,75,0.00
2026-08-25T00:40,218,-999,0.00,16.10,78,0.60
2026-08-25T00:50,122,-999,0.00,16.50,76,0.40
2026-08-25T01:00,,-999,0.00,16.30,76,0.00
2026-08-25T01:10,170,-999,0.00,16.40,77,0.30
2026-08-25T01:20,200,-999,0.00,16.60,75,0.80
2026-08-25T01:30,90,-999,0.80,16.60,79,0.80
2026-08-25T01:40,103,-999,0.00,15.30,87,1.30
2026-08-25T01:50,132,-999,0.00,15.00,90,1.20
2026-08-25T02:00,117,-999,0.00,15.10,91,1.00
2026-08-25T02:10,132,-999,0.00,14.90,91,0.70
2026-08-25T02:20,194,-999,0.20,14.90,92,1.00
2026-08-25T02:30,125,-999,0.20,15.00,91,0.60
2026-08-25T02:40,178,-999,0.00,14.80,93,0.70
2026-08-25T02:50,134,-999,0.00,15.10,91,0.70
2026-08-25T03:00,86,-999,0.00,15.10,91,0.80
2026-08-25T03:10,113,-999,0.00,15.60,85,0.90
2026-08-25T03:20,77,-999,0.00,15.60,88,0.40
2026-08-25T03:30,195,-999,0.80,15.20,89,1.50
2026-08-25T03:40,89,-999,0.20,15.00,92,1.10
2026-08-25T03:50,32,-999,0.00,14.70,95,0.50
2026-08-25T04:00,33,-999,0.00,14.70,95,1.20
2026-08-25T04:10,49,-999,0.60,14.50,96,0.60
2026-08-25T04:20,62,-999,0.20,14.60,95,0.70
2026-08-25T04:30,83,-999,0.20,14.70,93,1.50
2026-08-25T04:40,54,-999,0.00,14.60,93,1.40
2026-08-25T04:50,,-999,0.20,14.40,95,0.00
2026-08-25T05:00,45,-999,0.00,14.10,97,0.60
2026-08-25T05:10,65,-999,0.00,14.10,97,0.50
2026-08-25T05:20,129,-999,0.00,14.00,98,0.60
2026-08-25T05:30,,-999,0.00,14.00,97,0.00
2026-08-25T05:40,74,-999,0.00,14.40,96,0.50
2026-08-25T05:50,100,-999,0.00,14.40,96,0.70
2026-08-25T06:00,88,-999,0.00,14.10,97,0.40
2026-08-25T06:10,143,-999,0.00,14.10,98,0.60
2026-08-25T06:20,179,-999,0.00,14.10,97,0.70
2026-08-25T06:30,134,-999,0.00,14.30,97,0.40
2026-08-25T06:40,74,-999,0.00,14.30,97,0.60
2026-08-25T06:50,25,-999,0.00,14.20,97,0.50
2026-08-25T07:00,36,-999,0.00,14.20,97,0.50
2026-08-25T07:10,,-999,0.00,14.30,96,0.00
2026-08-25T07:20,147,-999,0.00,14.50,94,0.40
2026-08-25T07:30,,-999,0.00,14.40,95,0.00
2026-08-25T07:40,236,-999,0.00,14.30,95,0.30
2026-08-25T07:50,218,-999,0.00,14.40,95,0.30
2026-08-25T08:00,102,1,0.00,14.60,92,0.40
2026-08-25T08:10,19,1,0.00,15.00,90,0.50
2026-08-25T08:20,35,1,0.00,15.20,91,0.60
2026-08-25T08:30,,1,0.00,15.50,93,0.00
2026-08-25T08:40,,,0.00,15.70,89,
2026-08-25T08:50,,1,0.00,15.90,88,0.00
2026-08-25T09:00,254,1,0.00,15.60,89,0.70
2026-08-25T09:10,259,0,0.00,15.40,92,0.50
2026-08-25T09:20,225,1,0.00,15.10,92,0.70
2026-08-25T09:30,217,1,0.00,15.20,88,0.70
2026-08-25T09:40,308,0,0.00,15.30,90,0.80
2026-08-25T09:50,348,1,0.00,15.10,93,1.00
2026-08-25T10:00,5,1,0.00,14.90,93,0.60
2026-08-25T10:10,271,1,0.00,14.90,95,0.40
2026-08-25T10:20,315,1,0.00,14.60,97,0.50
2026-08-25T10:30,277,1,0.20,14.60,98,0.70
2026-08-25T10:40,234,1,0.40,14.30,98,0.60
2026-08-25T10:50,299,2,0.20,14.30,99,0.40
2026-08-25T11:00,236,0,0.20,14.00,99,0.40
2026-08-25T11:10,248,0,0.20,14.00,99,0.60
2026-08-25T11:20,236,1,0.40,13.70,99,0.40
2026-08-25T11:30,229,1,1.00,13.60,99,0.50
2026-08-25T11:40,263,0,0.80,13.80,99,0.80
2026-08-25T11:50,294,1,0.20,14.10,99,1.00
2026-08-25T12:00,296,1,0.20,14.50,99,0.70
2026-08-25T12:10,255,2,0.20,14.30,99,0.60
2026-08-25T12:20,36,2,0.00,14.80,99,0.50
2026-08-25T12:30,242,1,0.00,15.30,99,0.60
2026-08-25T12:40,320,-2,0.00,15.70,99,0.80
2026-08-25T12:50,268,1,0.00,15.60,98,0.60
2026-08-25T13:00,206,1,0.00,15.90,97,0.90
2026-08-25T13:10,222,0,0.00,16.40,98,0.80
2026-08-25T13:20,296,0,0.00,16.10,96,0.80
2026-08-25T13:30,291,-1,0.00,16.30,98,0.70
2026-08-25T13:40,283,0,0.00,16.50,99,0.90
2026-08-25T13:50,249,0,0.00,16.30,97,0.80
2026-08-25T14:00,258,2,0.00,16.40,97,1.00
2026-08-25T14:10,221,-1,0.00,16.10,94,0.70
2026-08-25T14:20,318,2,0.00,16.20,95,0.50
2026-08-25T14:30,274,1,0.00,16.40,96,0.40
2026-08-25T14:40,261,1,0.00,16.10,96,0.80
2026-08-25T14:50,80,2,0.00,16.40,95,0.50
2026-08-25T15:00,21,0,0.00,16.60,93,0.50
2026-08-25T15:10,269,1,0.00,16.50,93,0.90
2026-08-25T15:20,277,1,0.00,16.60,93,1.00
2026-08-25T15:30,283,1,0.00,16.50,91,0.70
2026-08-25T15:40,,1,0.00,17.20,90,0.00
2026-08-25T15:50,240,-1,0.00,18.10,87,0.60
2026-08-25T16:00,240,0,0.00,18.20,83,0.40
2026-08-25T16:10,252,0,0.00,18.30,87,0.40
2026-08-25T16:20,346,0,0.00,18.50,83,0.70
2026-08-25T16:30,279,-1,0.00,18.60,82,0.30
2026-08-25T16:40,18,0,0.00,18.40,85,0.70
2026-08-25T16:50,18,-1,0.00,17.80,83,1.40
2026-08-25T17:00,323,-1,0.00,18.80,79,0.60
2026-08-25T17:10,234,-1,0.00,18.70,76,0.80
2026-08-25T17:20,215,1,0.00,18.60,83,1.10
2026-08-25T17:30,353,1,0.00,18.30,84,0.70
2026-08-25T17:40,41,-2,0.00,18.30,82,1.20
2026-08-25T17:50,22,-3,0.00,18.90,80,0.80
2026-08-25T18:00,341,0,0.00,18.30,79,0.80
2026-08-25T18:10,296,0,0.00,18.40,84,0.60
2026-08-25T18:20,255,-1,0.00,18.80,81,0.40
2026-08-25T18:30,,0,0.00,18.30,82,0.00
2026-08-25T18:40,250,-2,0.00,18.60,82,0.30
2026-08-25T18:50,249,-2,0.00,18.30,83,0.70
2026-08-25T19:00,,-1,0.00,17.90,83,0.00
2026-08-25T19:10,,-1,0.00,17.90,83,0.00
2026-08-25T19:20,205,-1,0.00,17.70,86,0.80
2026-08-25T19:30,230,0,0.00,17.30,89,0.80
2026-08-25T19:40,,0,0.00,16.90,90,0.00
2026-08-25T19:50,,0,0.00,16.90,90,0.00
2026-08-25T20:00,132,0,0.00,16.20,94,0.60
2026-08-25T20:10,195,1,0.00,15.70,96,0.60
2026-08-25T20:20,190,1,0.00,16.10,96,0.40
2026-08-25T20:30,127,1,0.00,15.80,96,0.70
2026-08-25T20:40,94,1,0.00,16.10,96,0.80
2026-08-25T20:50,101,1,0.00,15.90,97,0.70
2026-08-25T21:00,157,1,0.00,15.90,97,0.40
2026-08-25T21:10,114,1,0.00,16.20,97,0.30
2026-08-25T21:20,64,1,0.00,16.20,96,0.60
2026-08-25T21:30,65,1,0.00,16.50,94,0.90
2026-08-25T21:40,76,1,0.00,16.60,93,1.10
2026-08-25T21:50,120,1,0.00,16.20,93,0.60
2026-08-25T22:00,129,1,0.00,16.10,92,0.60
2026-08-25T22:10,137,1,0.00,15.80,92,0.60
2026-08-25T22:20,,1,0.00,15.80,93,0.00
2026-08-25T22:30,108,1,0.00,16.40,90,0.60
2026-08-25T22:40,127,1,0.00,15.80,92,1.30
2026-08-25T22:50,159,2,0.00,15.70,92,0.50
2026-08-25T23:00,190,1,0.00,15.80,93,0.70
2026-08-25T23:10,188,2,0.00,15.70,95,0.40
2026-08-25T23:20,101,2,0.00,16.10,95,0.60
2026-08-25T23:30,68,2,0.00,16.10,94,1.30
2026-08-25T23:40,66,1,0.00,15.90,96,1.00
2026-08-25T23:50,65,2,0.00,16.00,95,1.00
2026-08-26T00:00,90,2,0.00,16.00,96,0.90
2026-08-26T00:10,88,2,0.00,16.20,94,0.60
2026-08-26T00:20,50,2,0.00,16.20,92,0.50
2026-08-26T00:30,58,2,0.00,16.30,92,0.80
2026-08-26T00:40,85,2,0.00,16.10,93,0.90
2026-08-26T00:50,108,2,0.00,15.90,92,0.90
2026-08-26T01:00,114,2,0.00,15.70,92,0.90
2026-08-26T01:10,125,1,0.00,15.60,92,1.10
2026-08-26T01:20,132,2,0.00,15.70,95,1.40
2026-08-26T01:30,155,2,0.00,15.50,95,0.40
2026-08-26T01:40,,2,0.00,15.50,95,0.00
2026-08-26T01:50,,2,0.00,15.40,96,0.00
2026-08-26T02:00,,2,0.00,15.70,97,0.00
2026-08-26T02:10,300,2,0.00,15.60,96,0.40
2026-08-26T02:20,,2,0.00,15.50,97,0.00
2026-08-26T02:30,147,2,0.00,15.20,97,0.40
2026-08-26T02:40,,2,0.00,15.20,97,0.00
2026-08-26T02:50,,2,0.00,15.30,98,0.00
2026-08-26T03:00,,2,0.00,15.30,97,0.00
2026-08-26T03:10,,1,0.00,15.30,97,0.00
2026-08-26T03:20,154,2,0.00,15.10,97,0.40
2026-08-26T03:30,,1,0.00,15.20,98,0.00
2026-08-26T03:40,,2,0.00,15.40,98,0.00
2026-08-26T03:50,,2,0.00,15.50,98,0.00
2026-08-26T04:00,211,1,0.00,15.30,98,0.80
2026-08-26T04:10,183,2,0.00,15.10,98,0.50
2026-08-26T04:20,,1,0.00,15.00,98,0.00
2026-08-26T04:30,,1,0.00,14.90,99,0.00
2026-08-26T04:40,151,1,0.00,14.80,99,0.40
2026-08-26T04:50,157,2,0.00,14.60,99,0.70
2026-08-26T05:00,162,2,0.00,14.80,99,0.50
2026-08-26T05:10,,1,0.00,15.00,99,0.00
2026-08-26T05:20,171,1,0.00,14.60,99,0.60
2026-08-26T05:30,190,1,0.00,14.30,99,0.80
2026-08-26T05:40,168,1,0.00,14.60,99,0.70
2026-08-26T05:50,117,1,0.00,14.60,99,0.40
2026-08-26T06:00,112,2,0.00,14.60,99,0.50
2026-08-26T06:10,123,1,0.00,14.50,99,0.90
2026-08-26T06:20,174,1,0.00,14.50,99,0.40
2026-08-26T06:30,125,1,0.00,14.50,99,0.40
2026-08-26T06:40,,1,0.00,14.50,99,0.00
2026-08-26T06:50,,1,0.00,14.60,99,0.00
2026-08-26T07:00,,1,0.00,14.70,99,0.00
2026-08-26T07:10,,2,0.00,14.90,99,0.00
2026-08-26T07:20,,1,0.00,15.10,99,0.00
2026-08-26T07:30,,1,0.00,15.20,99,0.00
2026-08-26T07:40,,1,0.00,15.40,99,0.00
2026-08-26T07:50,193,1,0.00,15.40,99,0.50
2026-08-26T08:00,69,1,0.00,15.50,99,0.40
2026-08-26T08:10,103,1,0.00,15.60,98,0.60
2026-08-26T08:20,50,2,0.00,15.60,98,0.70
2026-08-26T08:30,,1,0.00,15.80,97,0.00
2026-08-26T08:40,4,1,0.00,16.10,97,0.30
2026-08-26T08:50,224,2,0.00,16.20,97,0.50
2026-08-26T09:00,211,2,0.00,15.90,96,0.60
2026-08-26T09:10,,1,0.00,16.60,95,0.00
2026-08-26T09:20,,2,0.00,17.10,91,0.00
2026-08-26T09:30,,-1,0.00,17.60,87,0.00
2026-08-26T09:40,212,2,0.00,17.40,88,0.90
2026-08-26T09:50,215,1,0.00,17.70,84,0.70
2026-08-26T10:00,222,1,0.00,18.30,80,1.00
2026-08-26T10:10,205,2,0.00,18.40,84,1.40
2026-08-26T10:20,206,-1,0.00,18.90,79,0.90
2026-08-26T10:30,247,1,0.00,19.30,79,0.70
2026-08-26T10:40,286,0,0.00,19.00,76,1.40
2026-08-26T10:50,234,1,0.00,19.00,78,1.20
2026-08-26T11:00,247,-2,0.00,19.40,74,0.90
2026-08-26T11:10,273,0,0.00,19.70,78,1.20
2026-08-26T11:20,250,0,0.00,20.00,78,0.90
2026-08-26T11:30,213,-1,0.00,19.90,72,0.90
2026-08-26T11:40,209,1,0.00,20.00,75,0.70
2026-08-26T11:50,238,0,0.00,19.80,75,0.80
2026-08-26T12:00,189,0,0.00,19.50,77,0.60
2026-08-26T12:10,200,0,0.00,19.10,79,0.60
2026-08-26T12:20,199,2,0.00,19.40,83,1.20
2026-08-26T12:30,200,0,0.00,20.00,80,1.40
2026-08-26T12:40,262,1,0.00,20.10,76,1.30
2026-08-26T12:50,234,1,0.00,20.60,76,0.90
2026-08-26T13:00,202,1,0.00,20.70,75,1.20
2026-08-26T13:10,272,2,0.00,20.60,73,1.20
2026-08-26T13:20,226,1,0.00,21.10,82,0.70
2026-08-26T13:30,226,-1,0.00,20.90,72,1.00
2026-08-26T13:40,242,0,0.00,21.00,71,1.00
2026-08-26T13:50,198,0,0.00,21.20,76,0.80
2026-08-26T14:00,219,-1,0.00,20.80,77,0.50
2026-08-26T14:10,244,-2,0.00,21.40,76,0.90
2026-08-26T14:20,264,-2,0.00,21.80,78,0.70
2026-08-26T14:30,329,0,0.00,21.40,81,0.80
2026-08-26T14:40,265,-1,0.00,21.90,72,1.20
2026-08-26T14:50,238,1,0.00,20.50,76,0.90
2026-08-26T15:00,185,1,0.00,20.50,80,0.40
2026-08-26T15:10,202,1,0.00,21.30,80,0.80
2026-08-26T15:20,243,-1,0.00,21.10,72,1.10
2026-08-26T15:30,181,0,0.00,21.70,77,0.80
2026-08-26T15:40,286,0,0.00,21.50,78,0.90
2026-08-26T15:50,29,-1,0.00,22.00,75,0.50
2026-08-26T16:00,230,-2,0.00,21.60,73,1.30
2026-08-26T16:10,262,0,0.00,21.60,70,0.70
2026-08-26T16:20,232,-2,0.00,21.30,75,0.80
2026-08-26T16:30,263,-1,0.00,21.40,76,0.90
2026-08-26T16:40,231,-1,0.00,21.10,76,1.60
2026-08-26T16:50,254,1,0.00,21.00,79,1.10
2026-08-26T17:00,288,0,0.00,20.90,81,0.40
2026-08-26T17:10,260,1,0.00,20.60,86,0.80
2026-08-26T17:20,274,0,0.00,20.20,86,0.80
2026-08-26T17:30,223,1,0.00,19.80,84,0.60
2026-08-26T17:40,243,0,0.00,19.40,86,0.70
2026-08-26T17:50,52,0,0.00,19.20,89,1.10
2026-08-26T18:00,171,1,0.00,19.30,90,0.80
2026-08-26T18:10,247,0,0.00,19.80,88,0.80
2026-08-26T18:20,285,0,0.00,19.60,90,0.50
2026-08-26T18:30,228,0,0.00,19.20,91,0.50
2026-08-26T18:40,218,1,0.00,19.10,92,0.40
2026-08-26T18:50,,0,0.00,19.00,92,0.00
2026-08-26T19:00,203,1,0.00,18.70,93,0.80
2026-08-26T19:10,229,1,0.00,18.80,94,0.30
2026-08-26T19:20,237,0,0.00,19.00,93,0.30
2026-08-26T19:30,269,0,0.00,18.80,92,0.40
2026-08-26T19:40,295,0,0.00,18.40,90,0.30
2026-08-26T19:50,212,0,0.00,17.80,91,0.40
2026-08-26T20:00,,1,0.00,17.60,92,0.00
2026-08-26T20:10,,1,0.00,17.70,92,0.00
2026-08-26T20:20,,0,0.00,17.50,91,0.00
2026-08-26T20:30,192,1,0.00,17.10,92,0.40
2026-08-26T20:40,221,1,0.00,16.90,95,0.40
2026-08-26T20:50,227,1,0.00,17.20,97,0.50
2026-08-26T21:00,259,1,0.00,17.20,97,0.50
2026-08-26T21:10,219,1,0.00,17.30,94,0.50
2026-08-26T21:20,188,2,0.00,17.00,93,0.90
2026-08-26T21:30,198,1,0.00,17.30,91,1.00
2026-08-26T21:40,194,1,0.00,17.60,89,0.60
2026-08-26T21:50,146,1,0.00,17.70,87,0.50
2026-08-26T22:00,,1,0.00,17.40,89,0.00
2026-08-26T22:10,128,1,0.00,17.20,90,0.40
2026-08-26T22:20,83,1,0.00,17.40,90,0.30
2026-08-26T22:30,,1,0.00,17.20,90,0.00
2026-08-26T22:40,,1,0.00,17.10,91,0.00
2026-08-26T22:50,,1,0.00,17.00,91,0.00
2026-08-26T23:00,,2,0.00,17.00,91,0.00
2026-08-26T23:10,239,1,0.00,17.10,92,0.30
2026-08-26T23:20,256,1,0.00,17.20,92,0.50
2026-08-26T23:30,,2,0.00,17.20,90,0.00
2026-08-26T23:40,196,1,0.00,17.10,88,0.60
2026-08-26T23:50,211,1,0.00,17.20,87,1.10
2026-08-27T00:00,213,1,0.00,17.30,87,1.00
2026-08-27T00:10,214,1,0.00,17.40,87,0.50
2026-08-27T00:20,62,1,0.00,17.80,86,0.60
2026-08-27T00:30,77,1,0.00,17.60,88,1.20
2026-08-27T00:40,66,1,0.00,17.60,89,0.90
2026-08-27T00:50,12,1,0.00,17.80,88,0.70
2026-08-27T01:00,39,0,0.00,17.60,90,0.90
2026-08-27T01:10,120,1,0.00,17.30,90,0.30
2026-08-27T01:20,119,1,0.00,17.20,89,0.40
2026-08-27T01:30,,1,0.00,17.20,87,0.00
2026-08-27T01:40,219,1,0.00,17.50,86,0.50
2026-08-27T01:50,,1,0.00,17.40,85,0.00
2026-08-27T02:00,213,1,0.00,17.20,87,0.80
2026-08-27T02:10,193,1,0.00,17.40,86,0.90
2026-08-27T02:20,190,1,0.00,17.40,85,0.40
2026-08-27T02:30,166,1,0.00,17.30,85,0.30
2026-08-27T02:40,,1,0.00,17.00,87,0.00
2026-08-27T02:50,106,1,0.00,16.80,89,0.30
2026-08-27T03:00,127,1,0.00,16.80,89,0.40
2026-08-27T03:10,128,1,0.00,16.80,89,0.60
2026-08-27T03:20,,1,0.00,16.70,90,0.00
2026-08-27T03:30,,1,0.00,16.80,90,0.00
2026-08-27T03:40,42,1,0.00,16.90,90,0.50
2026-08-27T03:50,64,0,0.00,16.80,90,0.50
2026-08-27T04:00,,1,0.00,17.10,89,0.00
2026-08-27T04:10,214,1,0.00,17.10,88,0.40
2026-08-27T04:20,135,1,0.00,17.00,89,0.60
2026-08-27T04:30,175,1,0.00,16.90,88,0.50
2026-08-27T04:40,177,1,0.00,17.10,87,0.50
2026-08-27T04:50,,1,0.00,16.80,88,0.00
2026-08-27T05:00,,1,0.00,16.60,91,0.00
2026-08-27T05:10,86,1,0.00,16.50,90,0.70
2026-08-27T05:20,126,1,0.00,16.50,91,0.60
2026-08-27T05:30,,1,0.00,16.40,90,0.00
2026-08-27T05:40,,0,0.00,16.70,90,0.00
2026-08-27T05:50,123,1,0.00,16.50,92,0.60
2026-08-27T06:00,,1,0.00,16.40,91,0.00
2026-08-27T06:10,,0,0.00,16.20,92,0.00
2026-08-27T06:20,,1,0.00,16.20,94,0.00
2026-08-27T06:30,,1,0.00,16.50,92,0.00
2026-08-27T06:40,,1,0.00,16.70,94,0.00
2026-08-27T06:50,70,1,0.00,16.60,93,1.20
2026-08-27T07:00,69,1,0.00,16.80,91,0.40
2026-08-27T07:10,,2,0.00,16.70,91,0.00
2026-08-27T07:20,,1,0.00,17.10,89,0.00
2026-08-27T07:30,,1,0.00,17.00,89,0.00
2026-08-27T07:40,,1,0.00,17.10,89,0.00
2026-08-27T07:50,,1,0.00,17.30,89,0.00
2026-08-27T08:00,,1,0.00,17.40,91,0.00
2026-08-27T08:10,,1,0.00,17.60,91,0.00
2026-08-27T08:20,,2,0.00,17.70,90,0.00
2026-08-27T08:30,,2,0.00,18.00,89,0.00
2026-08-27T08:40,,1,0.00,18.10,87,0.00
2026-08-27T08:50,,0,0.00,18.50,82,0.00
2026-08-27T09:00,214,1,0.00,18.80,79,0.30
2026-08-27T09:10,165,2,0.00,19.20,75,0.60
2026-08-27T09:20,146,0,0.00,19.60,74,1.00
2026-08-27T09:30,195,0,0.00,19.40,76,1.20
2026-08-27T09:40,201,0,0.00,19.50,76,1.30
2026-08-27T09:50,196,-1,0.00,19.50,76,1.20
2026-08-27T10:00,206,0,0.00,19.60,75,1.40
2026-08-27T10:10,203,1,0.00,19.70,78,1.60
2026-08-27T10:20,239,-1,0.00,20.00,75,1.10
2026-08-27T10:30,276,0,0.00,19.90,77,1.00
2026-08-27T10:40,252,0,0.00,20.20,77,0.80
2026-08-27T10:50,209,1,0.00,20.30,76,0.80
2026-08-27T11:00,239,0,0.00,21.10,76,0.70
2026-08-27T11:10,185,0,0.00,20.60,76,1.20
2026-08-27T11:20,,1,0.00,20.30,76,0.00
2026-08-27T11:30,,0,0.00,20.20,78,0.00
2026-08-27T11:40,,-1,0.00,20.20,77,0.00
2026-08-27T11:50,135,-1,0.00,20.10,81,0.40
2026-08-27T12:00,353,-1,0.00,20.40,83,0.30
2026-08-27T12:10,33,0,0.00,20.60,81,0.90
2026-08-27T12:20,7,0,0.00,20.70,80,0.60
2026-08-27T12:30,57,-1,0.00,20.60,77,1.30
2026-08-27T12:40,250,1,0.00,20.80,75,0.40
2026-08-27T12:50,198,1,0.00,20.90,78,0.80
2026-08-27T13:00,274,0,0.00,20.90,80,0.30
2026-08-27T13:10,237,-1,0.00,21.10,79,0.80
2026-08-27T13:20,,0,0.00,21.10,78,0.00
2026-08-27T13:30,356,-2,0.00,21.00,80,1.00
2026-08-27T13:40,266,0,0.00,21.60,81,0.40
2026-08-27T13:50,,0,0.00,22.30,78,0.00
2026-08-27T14:00,250,-1,0.00,22.50,79,1.00
2026-08-27T14:10,291,-3,0.00,22.10,74,1.10
2026-08-27T14:20,278,0,0.00,21.70,76,0.80
2026-08-27T14:30,323,-1,0.00,22.10,75,0.50
2026-08-27T14:40,351,-1,0.00,22.50,74,0.60
2026-08-27T14:50,27,-3,0.00,22.00,75,1.40
2026-08-27T15:00,319,0,0.00,22.80,67,0.80
2026-08-27T15:10,310,0,0.00,22.60,65,1.10
2026-08-27T15:20,277,-1,0.00,23.60,65,0.40
2026-08-27T15:30,270,0,0.00,23.00,62,1.30
2026-08-27T15:40,293,0,0.00,23.70,63,0.60
2026-08-27T15:50,275,-1,0.00,23.20,57,0.80
2026-08-27T16:00,262,-1,0.00,23.30,61,0.70
2026-08-27T16:10,277,-4,0.00,22.90,71,0.70
2026-08-27T16:20,269,-2,0.00,22.70,67,0.80
2026-08-27T16:30,261,-1,0.00,23.00,72,0.80
2026-08-27T16:40,252,-1,0.00,22.70,66,0.80
2026-08-27T16:50,258,-2,0.00,22.60,67,0.80
2026-08-27T17:00,277,-1,0.00,22.50,69,1.10
2026-08-27T17:10,261,-1,0.00,22.90,69,0.80
2026-08-27T17:20,268,0,0.00,22.90,71,0.70
2026-08-27T17:30,247,-2,0.00,22.60,71,1.10
2026-08-27T17:40,238,-1,0.00,22.40,70,0.90
2026-08-27T17:50,226,-2,0.00,22.30,74,1.10
2026-08-27T18:00,249,-1,0.00,22.00,76,0.80
2026-08-27T18:10,224,-1,0.00,21.70,76,0.50
2026-08-27T18:20,260,-1,0.00,21.80,75,0.50
2026-08-27T18:30,230,0,0.00,21.90,76,0.50
2026-08-27T18:40,290,-1,0.00,21.60,80,0.40
2026-08-27T18:50,299,0,0.00,21.10,79,0.40
2026-08-27T19:00,,0,0.00,21.20,80,0.00
2026-08-27T19:10,296,0,0.00,20.90,81,0.40
2026-08-27T19:20,290,0,0.00,20.50,83,0.50
2026-08-27T19:30,224,0,0.00,20.10,84,0.40
2026-08-27T19:40,,0,0.00,19.70,85,0.00
2026-08-27T19:50,,0,0.00,19.50,85,0.00
2026-08-27T20:00,193,1,0.00,19.20,86,0.60
2026-08-27T20:10,173,1,0.00,19.30,86,0.70
2026-08-27T20:20,306,-1,0.00,19.60,84,0.40
2026-08-27T20:30,,0,0.00,19.00,86,0.00
2026-08-27T20:40,271,1,0.00,18.90,86,0.30
2026-08-27T20:50,136,0,0.00,18.90,86,0.40
2026-08-27T21:00,,1,0.00,19.50,83,0.00
2026-08-27T21:10,,0,0.00,19.60,82,0.00
2026-08-27T21:20,,-1,0.00,19.30,84,0.00
2026-08-27T21:30,,-1,0.00,19.30,84,0.00
2026-08-27T21:40,144,1,0.00,19.30,83,0.40
2026-08-27T21:50,,1,0.00,19.30,82,0.00
2026-08-27T22:00,93,0,0.00,19.30,83,0.60
2026-08-27T22:10,70,0,0.00,19.20,84,0.70
2026-08-27T22:20,95,1,0.00,19.00,83,0.40
2026-08-27T22:30,,-1,0.00,18.80,82,0.00
2026-08-27T22:40,,0,0.00,18.60,86,0.00
2026-08-27T22:50,,1,0.00,18.40,86,0.00
2026-08-27T23:00,89,1,0.00,18.70,85,0.50
2026-08-27T23:10,94,-1,0.00,18.80,85,1.00
2026-08-27T23:20,148,1,0.00,18.60,86,0.40
2026-08-27T23:30,139,0,0.00,18.30,87,0.40
2026-08-27T23:40,182,0,0.00,18.20,84,0.50
2026-08-27T23:50,,0,0.00,18.60,86,0.00
2026-08-28T00:00,133,1,0.00,18.50,83,0.40
2026-08-28T00:10,164,1,0.00,19.70,71,1.10
2026-08-28T00:20,179,2,0.00,19.60,69,0.70
2026-08-28T00:30,,,0.00,19.30,72,
2026-08-28T00:40,179,-1,0.00,19.20,73,0.50
2026-08-28T00:50,193,1,0.00,19.00,77,0.40
2026-08-28T01:00,,0,0.00,19.00,77,0.00
2026-08-28T01:10,,1,0.00,18.80,78,0.00
2026-08-28T01:20,,0,0.00,19.00,78,0.00
2026-08-28T01:30,225,1,0.00,18.50,80,0.50
2026-08-28T01:40,252,0,0.00,18.60,81,0.40
2026-08-28T01:50,,1,0.00,18.70,81,0.00
2026-08-28T02:00,277,-1,0.00,18.80,75,0.60
2026-08-28T02:10,,0,0.00,18.80,71,0.00
2026-08-28T02:20,301,-1,0.00,19.20,66,0.40
2026-08-28T02:30,166,1,0.00,18.80,66,0.70
2026-08-28T02:40,165,1,0.00,18.90,67,0.30
2026-08-28T02:50,301,0,0.00,19.80,63,0.40
2026-08-28T03:00,67,1,0.00,18.80,70,0.40
2026-08-28T03:10,157,0,0.00,18.30,76,0.40
2026-08-28T03:20,,0,0.00,18.80,76,0.00
2026-08-28T03:30,,1,0.00,18.80,76,0.00
2026-08-28T03:40,,1,0.00,18.90,78,0.00
2026-08-28T03:50,,1,0.00,18.70,81,0.00
2026-08-28T04:00,,1,0.00,18.90,79,0.00
2026-08-28T04:10,162,1,0.00,18.80,78,0.40
2026-08-28T04:20,127,1,0.00,18.80,78,0.70
2026-08-28T04:30,167,2,0.00,18.80,80,0.30
2026-08-28T04:40,,1,0.00,19.00,79,0.00
2026-08-28T04:50,202,1,0.00,18.50,83,0.60
2026-08-28T05:00,,0,0.00,19.10,80,0.00
2026-08-28T05:10,206,0,0.00,18.60,81,0.80
2026-08-28T05:20,203,1,0.00,18.30,81,0.50
2026-08-28T05:30,22,1,0.00,19.00,76,0.60
2026-08-28T05:40,,0,0.00,18.50,81,0.00
2026-08-28T05:50,191,1,0.00,18.60,85,0.80
2026-08-28T06:00,,1,0.00,18.40,87,0.00
2026-08-28T06:10,174,0,0.00,18.40,89,0.70
2026-08-28T06:20,201,1,0.00,18.50,89,0.40
2026-08-28T06:30,236,1,0.00,18.60,89,0.60
2026-08-28T06:40,232,1,0.40,18.30,93,0.90
2026-08-28T06:50,208,2,0.20,18.30,92,1.50
2026-08-28T07:00,131,2,0.00,18.80,87,0.70
2026-08-28T07:10,191,1,0.00,18.10,91,0.80
2026-08-28T07:20,220,2,0.00,17.80,94,0.40
2026-08-28T07:30,,3,0.00,17.80,95,0.00
2026-08-28T07:40,260,1,0.00,17.80,96,0.60
2026-08-28T07:50,235,2,0.00,17.90,96,0.90
2026-08-28T08:00,251,3,0.00,18.00,94,1.10
2026-08-28T08:10,249,2,0.00,18.30,87,1.80
2026-08-28T08:20,253,1,0.00,19.20,78,1.80
2026-08-28T08:30,249,1,0.00,19.40,76,1.50
2026-08-28T08:40,238,1,0.00,19.80,72,1.90
2026-08-28T08:50,237,3,0.00,19.90,68,2.20
2026-08-28T09:00,240,2,0.00,19.90,70,2.20
2026-08-28T09:10,243,1,0.00,20.10,69,2.00
2026-08-28T09:20,227,2,0.00,20.10,70,1.70
2026-08-28T09:30,257,1,0.00,20.20,73,1.20
2026-08-28T09:40,245,0,0.00,21.00,67,1.50
2026-08-28T09:50,246,1,0.00,21.30,66,1.60
2026-08-28T10:00,238,0,0.00,21.30,65,1.40
2026-08-28T10:10,281,0,0.00,21.00,68,1.10
2026-08-28T10:20,224,1,0.00,21.10,63,1.40
2026-08-28T10:30,222,0,0.00,21.20,60,1.70
2026-08-28T10:40,231,-1,0.00,21.80,59,2.30
2026-08-28T10:50,237,0,0.00,21.70,58,1.80
2026-08-28T11:00,253,0,0.00,21.90,55,2.70
2026-08-28T11:10,249,0,0.00,22.10,53,2.50
2026-08-28T11:20,225,0,0.00,22.80,54,2.40
2026-08-28T11:30,253,0,0.00,23.20,54,2.40
2026-08-28T11:40,250,-2,0.00,23.30,47,2.60
2026-08-28T11:50,240,-1,0.00,22.40,52,3.10
2026-08-28T12:00,241,-1,0.00,22.80,52,2.70
2026-08-28T12:10,247,0,0.00,22.40,53,1.80
2026-08-28T12:20,238,0,0.00,22.30,50,2.30
2026-08-28T12:30,241,-1,0.00,23.40,47,2.10
2026-08-28T12:40,244,-1,0.00,22.80,54,1.80
2026-08-28T12:50,249,0,0.00,22.50,52,1.60
2026-08-28T13:00,246,-1,0.00,22.10,53,1.50
2026-08-28T13:10,245,-1,0.00,22.50,51,1.60
2026-08-28T13:20,231,0,0.00,22.30,53,1.90
2026-08-28T13:30,244,0,0.00,22.00,55,1.40
2026-08-28T13:40,226,0,0.00,22.40,51,1.80
2026-08-28T13:50,212,-1,0.00,23.00,57,2.00
2026-08-28T14:00,259,-1,0.00,23.50,50,2.10
2026-08-28T14:10,245,-1,0.00,23.70,50,2.00
2026-08-28T14:20,243,-2,0.00,24.40,52,2.10
2026-08-28T14:30,240,0,0.00,24.20,54,2.20
2026-08-28T14:40,238,0,0.00,24.80,51,2.10
2026-08-28T14:50,236,-1,0.00,24.50,54,1.90
2026-08-28T15:00,226,-2,0.00,24.80,53,1.70
2026-08-28T15:10,233,0,0.00,24.60,52,1.70
2026-08-28T15:20,250,-1,0.00,24.60,53,1.90
2026-08-28T15:30,250,-1,0.00,23.60,58,1.60
2026-08-28T15:40,249,-1,0.00,24.70,54,1.30
2026-08-28T15:50,232,0,0.00,25.00,54,1.30
2026-08-28T16:00,234,-1,0.00,23.60,55,1.50
2026-08-28T16:10,203,0,0.00,22.30,62,1.80
2026-08-28T16:20,206,0,0.00,21.50,66,1.40
2026-08-28T16:30,183,0,0.00,21.30,67,1.20
2026-08-28T16:40,208,0,0.00,20.90,68,1.10
2026-08-28T16:50,204,1,0.00,21.00,66,1.10
2026-08-28T17:00,190,0,0.00,21.10,67,0.90
2026-08-28T17:10,195,0,0.00,21.10,66,0.40
2026-08-28T17:20,286,1,0.00,20.90,68,0.40
2026-08-28T17:30,176,1,0.00,21.00,67,0.40
2026-08-28T17:40,,1,0.00,21.10,69,0.00
2026-08-28T17:50,163,1,0.00,21.60,63,0.80
2026-08-28T18:00,173,0,0.00,21.40,66,0.60
2026-08-28T18:10,303,1,0.00,21.00,68,0.40
2026-08-28T18:20,153,1,0.00,20.30,74,0.70
2026-08-28T18:30,159,1,0.00,20.00,72,0.60
2026-08-28T18:40,220,0,0.20,19.80,78,0.70
2026-08-28T18:50,226,0,0.60,18.20,87,1.70
2026-08-28T19:00,212,1,0.00,17.60,88,2.10
2026-08-28T19:10,219,1,0.00,17.40,88,1.70
2026-08-28T19:20,249,1,1.80,17.00,92,1.60
2026-08-28T19:30,236,0,0.80,16.10,96,2.30
2026-08-28T19:40,226,1,0.00,15.80,96,1.70
2026-08-28T19:50,237,1,0.00,15.60,97,1.20
2026-08-28T20:00,227,0,0.00,16.40,89,2.20
2026-08-28T20:10,238,1,0.00,16.40,83,1.50
2026-08-28T20:20,222,2,0.00,16.60,81,1.40
2026-08-28T20:30,244,0,0.00,16.50,84,1.20
2026-08-28T20:40,218,1,0.00,16.60,80,1.30
2026-08-28T20:50,237,-3,0.00,16.90,78,1.00
2026-08-28T21:00,253,1,0.00,17.90,71,1.40
2026-08-28T21:10,209,1,0.00,17.10,78,1.20
2026-08-28T21:20,223,2,0.00,17.60,74,1.20
2026-08-28T21:30,214,1,0.00,18.80,68,1.70
2026-08-28T21:40,232,1,0.00,18.50,69,1.10
2026-08-28T21:50,229,1,0.00,18.80,69,0.80
2026-08-28T22:00,229,0,0.00,19.30,68,0.90
2026-08-28T22:10,198,2,0.00,19.10,69,0.60
2026-08-28T22:20,230,1,0.00,19.20,69,0.40
2026-08-28T22:30,264,-1,0.00,18.80,71,0.50
2026-08-28T22:40,,2,0.00,18.60,71,0.00
2026-08-28T22:50,296,1,0.00,19.20,69,1.40
2026-08-28T23:00,,1,0.00,19.10,70,0.00
2026-08-28T23:10,199,1,0.00,19.20,74,1.30
2026-08-28T23:20,253,1,0.00,19.60,73,1.30
2026-08-28T23:30,238,1,0.00,19.40,76,1.80
2026-08-28T23:40,204,1,0.00,19.40,78,1.20
2026-08-28T23:50,191,2,0.00,19.50,76,1.80
2026-08-29T00:00,183,0,0.00,19.50,76,1.70
2026-08-29T00:10,207,2,0.00,19.00,78,1.40
2026-08-29T00:20,218,2,0.00,19.00,79,0.70
2026-08-29T00:30,210,1,0.00,18.90,80,0.30
2026-08-29T00:40,198,1,0.00,18.90,80,1.20
2026-08-29T00:50,205,1,0.00,18.70,80,1.00
2026-08-29T01:00,271,1,0.00,18.50,82,0.90
2026-08-29T01:10,170,1,0.00,18.30,81,0.40
2026-08-29T01:20,302,1,0.00,18.30,81,0.30
2026-08-29T01:30,300,2,0.00,18.20,81,0.40
2026-08-29T01:40,237,1,0.00,18.10,83,0.90
2026-08-29T01:50,242,1,0.00,17.90,84,0.70
2026-08-29T02:00,238,1,0.00,17.70,85,0.50
2026-08-29T02:10,233,1,0.00,17.70,86,0.60
2026-08-29T02:20,246,1,0.00,17.60,86,0.50
2026-08-29T02:30,196,2,0.00,17.60,86,0.40
2026-08-29T02:40,201,1,0.00,17.70,85,0.80
2026-08-29T02:50,194,1,0.00,17.60,85,0.40
2026-08-29T03:00,184,1,0.00,17.40,86,0.50
2026-08-29T03:10,204,1,0.00,17.50,86,0.50
2026-08-29T03:20,,1,0.00,17.40,87,0.00
2026-08-29T03:30,,1,0.00,17.30,87,0.00
2026-08-29T03:40,,1,0.00,17.40,86,0.00
2026-08-29T03:50,,1,0.00,17.40,87,0.00
2026-08-29T04:00,215,1,0.00,17.00,87,0.40
2026-08-29T04:10,,0,0.00,17.10,88,0.00
2026-08-29T04:20,,1,0.00,17.10,88,0.00
2026-08-29T04:30,214,1,0.00,16.90,88,0.30
2026-08-29T04:40,207,1,0.00,17.10,88,0.30
2026-08-29T04:50,,1,0.00,16.80,88,0.00
2026-08-29T05:00,302,1,0.00,17.10,87,0.70
2026-08-29T05:10,287,1,0.00,17.10,86,0.70
2026-08-29T05:20,226,0,0.00,16.60,88,0.50
2026-08-29T05:30,172,1,0.00,16.50,88,0.70
2026-08-29T05:40,87,1,0.00,16.60,88,0.60
2026-08-29T05:50,,2,0.00,16.20,91,0.00
2026-08-29T06:00,148,1,0.00,16.40,89,0.40
2026-08-29T06:10,,1,0.00,16.30,89,0.00
2026-08-29T06:20,,2,0.00,16.20,91,0.00
2026-08-29T06:30,,1,0.00,16.30,91,0.00
2026-08-29T06:40,,2,0.00,16.50,90,0.00
2026-08-29T06:50,,2,0.00,16.60,89,0.00
2026-08-29T07:00,,2,0.00,16.70,89,0.00
2026-08-29T07:10,,1,0.00,16.70,89,0.00
2026-08-29T07:20,336,2,0.00,16.70,89,0.30
2026-08-29T07:30,,1,0.00,16.70,89,0.00
2026-08-29T07:40,,2,0.00,16.80,90,0.00
2026-08-29T07:50,,1,0.00,16.70,90,0.00
2026-08-29T08:00,321,1,0.00,16.70,91,0.30
2026-08-29T08:10,,2,0.00,16.70,91,0.00
2026-08-29T08:20,,1,0.00,16.80,91,0.00
2026-08-29T08:30,200,1,0.00,16.90,90,0.50
2026-08-29T08:40,,2,0.00,17.10,90,0.00
2026-08-29T08:50,272,1,0.00,17.20,90,0.50
2026-08-29T09:00,268,1,0.00,17.20,90,0.50
2026-08-29T09:10,264,1,0.00,17.20,90,0.50
2026-08-29T09:20,211,1,0.00,16.90,92,0.80
2026-08-29T09:30,256,1,0.00,16.80,91,0.40
2026-08-29T09:40,194,1,0.00,16.90,91,0.60
2026-08-29T09:50,160,1,0.00,17.30,88,0.60
2026-08-29T10:00,200,0,0.00,17.60,83,1.20
2026-08-29T10:10,206,1,0.00,17.50,84,1.40
2026-08-29T10:20,197,1,0.00,17.50,84,0.70
2026-08-29T10:30,180,1,0.00,17.60,84,0.50
2026-08-29T10:40,57,1,0.00,17.70,86,0.50
2026-08-29T10:50,30,-4,0.00,18.00,87,0.40
2026-08-29T11:00,,1,0.00,18.20,84,0.00
2026-08-29T11:10,,1,0.00,18.30,82,0.00
2026-08-29T11:20,,1,0.00,18.50,79,0.00
2026-08-29T11:30,65,1,0.00,18.50,79,0.80
2026-08-29T11:40,,1,0.00,18.70,80,0.00
2026-08-29T11:50,,0,0.00,18.80,78,0.00
2026-08-29T12:00,20,1,0.00,18.70,77,0.30
2026-08-29T12:10,23,1,0.00,18.80,80,0.60
2026-08-29T12:20,60,1,0.00,18.70,79,1.30
2026-08-29T12:30,16,1,0.00,18.90,78,0.70
2026-08-29T12:40,21,1,0.00,18.80,74,1.20
2026-08-29T12:50,50,1,0.00,19.00,74,1.30
2026-08-29T13:00,116,-1,0.00,19.10,76,0.60
2026-08-29T13:10,89,1,0.00,19.20,74,0.80
2026-08-29T13:20,48,0,0.00,20.00,76,0.90
2026-08-29T13:30,38,-1,0.00,20.20,68,1.50
2026-08-29T13:40,197,-1,0.00,19.90,73,0.60
2026-08-29T13:50,176,0,0.00,19.80,72,0.50
2026-08-29T14:00,268,-2,0.00,21.30,66,0.80
2026-08-29T14:10,233,-3,0.00,21.50,64,1.30
2026-08-29T14:20,253,-1,0.00,21.50,61,1.30
2026-08-29T14:30,305,-1,0.00,21.20,64,1.30
2026-08-29T14:40,297,-2,0.00,21.90,65,1.60
2026-08-29T14:50,243,-3,0.00,22.10,63,0.70
2026-08-29T15:00,281,-2,0.00,22.00,65,1.00
2026-08-29T15:10,240,-1,0.00,21.80,65,1.20
2026-08-29T15:20,204,-4,0.00,21.50,69,2.10
2026-08-29T15:30,232,-2,0.00,20.90,72,1.00
2026-08-29T15:40,214,-1,0.00,20.90,69,2.30
2026-08-29T15:50,262,-1,0.00,20.80,77,1.40
2026-08-29T16:00,225,1,0.00,20.80,70,1.60
2026-08-29T16:10,246,0,0.00,21.40,71,1.00
2026-08-29T16:20,286,-1,0.00,22.20,65,0.70
2026-08-29T16:30,314,-5,0.00,21.80,61,1.30
2026-08-29T16:40,313,-2,0.00,21.90,61,1.10
2026-08-29T16:50,281,-2,0.00,22.40,62,0.80
2026-08-29T17:00,289,-2,0.00,22.60,63,0.50
2026-08-29T17:10,228,-4,0.00,21.80,65,1.30
2026-08-29T17:20,290,-4,0.00,21.70,63,0.60
2026-08-29T17:30,259,-5,0.00,21.40,66,1.50
2026-08-29T17:40,198,-2,0.00,20.90,63,1.50
2026-08-29T17:50,209,-3,0.00,21.10,64,1.10
2026-08-29T18:00,200,-2,0.00,20.20,68,1.60
2026-08-29T18:10,152,-2,0.00,20.30,70,0.50
2026-08-29T18:20,164,-2,0.00,20.40,67,0.40
2026-08-29T18:30,270,-3,0.00,20.80,66,0.40
2026-08-29T18:40,261,-3,0.00,20.70,67,0.80
2026-08-29T18:50,310,-3,0.00,20.30,72,0.70
2026-08-29T19:00,25,-4,0.00,20.20,70,0.50
2026-08-29T19:10,356,-3,0.00,19.70,70,0.70
2026-08-29T19:20,,-3,0.00,19.50,72,0.00
2026-08-29T19:30,,-2,0.00,19.00,70,0.00
2026-08-29T19:40,187,-3,0.00,18.60,71,0.40
2026-08-29T19:50,,-4,0.00,18.20,72,0.00
2026-08-29T20:00,158,-2,0.00,18.10,69,0.70
2026-08-29T20:10,156,-2,0.00,18.20,68,1.40
2026-08-29T20:20,165,-2,0.00,18.30,68,1.70
2026-08-29T20:30,155,-1,0.00,17.70,70,1.20
2026-08-29T20:40,145,0,0.00,17.60,71,0.80
2026-08-29T20:50,153,-1,0.00,17.60,71,0.70
2026-08-29T21:00,,-2,0.00,17.60,70,0.00
2026-08-29T21:10,287,-1,0.00,17.20,73,0.30
2026-08-29T21:20,,-1,0.00,17.30,74,0.00
2026-08-29T21:30,,-2,0.00,17.30,72,0.00
2026-08-29T21:40,,-3,0.00,17.40,71,0.00
2026-08-29T21:50,127,1,0.00,17.00,72,0.40
2026-08-29T22:00,92,-1,0.00,17.20,71,0.40
2026-08-29T22:10,87,-2,0.00,17.30,71,0.60
2026-08-29T22:20,107,0,0.00,17.30,68,0.30
2026-08-29T22:30,107,0,0.00,17.30,67,0.40
2026-08-29T22:40,111,-1,0.00,17.10,68,0.40
2026-08-29T22:50,81,0,0.00,17.00,66,0.60
2026-08-29T23:00,109,-2,0.00,17.30,65,0.80
2026-08-29T23:10,116,0,0.00,17.20,65,1.30
2026-08-29T23:20,102,-1,0.00,17.20,67,1.00
2026-08-29T23:30,108,-1,0.00,16.70,70,1.00
2026-08-29T23:40,128,-1,0.00,17.00,66,1.10
2026-08-29T23:50,146,-1,0.00,17.00,61,1.10
2026-08-30T00:00,137,-2,0.00,17.70,58,1.20
2026-08-30T00:10,151,0,0.00,17.10,62,1.50
2026-08-30T00:20,145,1,0.00,17.50,63,1.20
2026-08-30T00:30,138,-1,0.00,16.80,67,1.10
2026-08-30T00:40,146,-1,0.00,17.10,66,1.00
2026-08-30T00:50,152,-1,0.00,17.20,65,1.10
2026-08-30T01:00,157,-2,0.00,17.60,64,1.00
2026-08-30T01:10,151,-1,0.00,17.30,64,0.70
2026-08-30T01:20,157,-2,0.00,17.30,64,1.00
2026-08-30T01:30,126,-2,0.00,16.70,68,1.00
2026-08-30T01:40,124,-1,0.00,16.90,65,0.80
2026-08-30T01:50,137,-1,0.00,16.70,67,1.00
2026-08-30T02:00,104,-1,0.00,16.70,68,0.90
2026-08-30T02:10,,0,0.00,16.70,66,0.00
2026-08-30T02:20,53,-2,0.00,16.70,67,0.40
2026-08-30T02:30,73,-1,0.00,16.20,69,0.80
2026-08-30T02:40,63,0,0.00,15.90,71,0.70
2026-08-30T02:50,98,-2,0.00,16.00,71,0.40
2026-08-30T03:00,63,-1,0.00,16.30,70,0.50
2026-08-30T03:10,38,-1,0.00,16.40,68,0.30
2026-08-30T03:20,86,0,0.00,16.20,69,0.50
2026-08-30T03:30,108,0,0.00,16.30,68,0.70
2026-08-30T03:40,121,-1,0.00,16.40,68,1.10
2026-08-30T03:50,127,0,0.00,16.50,68,0.60
2026-08-30T04:00,127,0,0.00,16.40,69,0.80
2026-08-30T04:10,126,-2,0.00,16.40,69,0.80
2026-08-30T04:20,130,0,0.00,16.20,70,0.90
2026-08-30T04:30,123,0,0.00,16.40,69,1.10
2026-08-30T04:40,122,-1,0.00,16.30,70,0.90
2026-08-30T04:50,118,-1,0.00,16.30,70,1.10
2026-08-30T05:00,112,-1,0.00,16.20,70,0.60
2026-08-30T05:10,,-1,0.00,16.30,69,0.00
2026-08-30T05:20,117,-1,0.00,16.20,69,0.50
2026-08-30T05:30,111,0,0.00,16.20,70,0.80
2026-08-30T05:40,118,0,0.00,16.30,69,1.10
2026-08-30T05:50,111,0,0.00,16.40,70,1.20
2026-08-30T06:00,123,-1,0.00,15.90,72,1.20
2026-08-30T06:10,113,-2,0.00,16.10,72,1.20
2026-08-30T06:20,114,-1,0.00,16.20,72,1.10
2026-08-30T06:30,119,0,0.00,15.80,74,0.80
2026-08-30T06:40,146,0,0.00,16.00,74,1.10
2026-08-30T06:50,127,0,0.00,16.10,74,1.00
2026-08-30T07:00,127,0,0.00,16.30,74,1.00
2026-08-30T07:10,127,-3,0.00,16.20,75,0.90
2026-08-30T07:20,128,-1,0.00,16.30,75,0.80
2026-08-30T07:30,99,-1,0.00,16.20,76,0.40
2026-08-30T07:40,,-1,0.00,16.30,75,0.00
2026-08-30T07:50,,-1,0.00,16.50,74,0.00
2026-08-30T08:00,,-4,0.00,16.60,74,0.00
2026-08-30T08:10,,-2,0.00,16.70,73,0.00
2026-08-30T08:20,,-1,0.00,16.90,73,0.00
2026-08-30T08:30,,-2,0.00,16.90,73,0.00
2026-08-30T08:40,,-2,0.00,17.10,73,0.00
2026-08-30T08:50,188,-1,0.00,17.20,72,0.70
2026-08-30T09:00,191,0,0.00,17.50,72,0.50
2026-08-30T09:10,183,1,0.00,18.10,70,0.90
2026-08-30T09:20,189,-2,0.00,18.40,69,1.00
2026-08-30T09:30,188,-3,0.00,18.60,70,0.90
2026-08-30T09:40,199,-1,0.00,19.10,68,0.80
2026-08-30T09:50,211,-2,0.00,18.90,67,0.90
2026-08-30T10:00,202,2,0.00,19.50,67,0.90
2026-08-30T10:10,245,2,0.00,19.60,68,0.70
2026-08-30T10:20,253,-1,0.00,19.70,62,0.60
2026-08-30T10:30,210,-1,0.00,19.60,65,0.60
2026-08-30T10:40,241,1,0.00,19.70,66,0.60
2026-08-30T10:50,225,0,0.00,19.70,65,0.90
2026-08-30T11:00,191,-3,0.00,19.40,64,1.00
2026-08-30T11:10,235,-2,0.00,19.80,67,0.50
2026-08-30T11:20,230,-1,0.00,20.20,66,0.50
2026-08-30T11:30,272,-1,0.00,20.10,62,0.50
2026-08-30T11:40,246,-2,0.00,19.90,63,0.70
2026-08-30T11:50,225,-2,0.00,19.70,65,0.30
2026-08-30T12:00,200,-1,0.00,19.10,66,0.60
2026-08-30T12:10,,0,0.00,19.40,68,0.00
2026-08-30T12:20,274,-1,0.00,19.30,68,0.40
2026-08-30T12:30,187,1,0.00,19.30,66,0.50
2026-08-30T12:40,191,0,0.00,19.30,66,0.80
2026-08-30T12:50,,-1,0.00,19.60,66,0.00
2026-08-30T13:00,,-2,0.00,19.70,64,0.00
2026-08-30T13:10,26,-1,0.00,19.90,64,0.80
2026-08-30T13:20,,-2,0.00,19.90,65,0.00
2026-08-30T13:30,,-1,0.00,19.80,65,0.00
2026-08-30T13:40,,-2,0.00,19.70,66,0.00
2026-08-30T13:50,145,-1,0.00,19.70,67,0.50
2026-08-30T14:00,60,-1,0.00,19.80,63,1.40
2026-08-30T14:10,,-1,0.00,19.90,63,0.00
2026-08-30T14:20,50,-2,0.00,20.10,63,0.60
2026-08-30T14:30,126,-1,0.00,20.30,63,0.60
2026-08-30T14:40,,-2,0.00,20.40,63,0.00
2026-08-30T14:50,,-1,0.00,20.40,64,0.00
2026-08-30T15:00,16,-1,0.00,20.50,66,0.60
2026-08-30T15:10,28,-1,0.00,20.50,64,1.20
2026-08-30T15:20,58,0,0.00,20.50,67,1.20
2026-08-30T15:30,35,-1,0.00,20.80,64,1.40
2026-08-30T15:40,15,-1,0.00,21.40,66,1.30
2026-08-30T15:50,326,0,0.00,22.10,68,1.50
2026-08-30T16:00,276,-1,0.00,22.40,60,1.60
2026-08-30T16:10,253,-2,0.00,21.80,60,1.40
2026-08-30T16:20,262,-2,0.00,22.00,62,0.80
2026-08-30T16:30,254,-1,0.00,22.00,62,1.80
2026-08-30T16:40,254,-2,0.00,21.90,61,1.30
2026-08-30T16:50,246,-2,0.00,20.70,64,1.60
2026-08-30T17:00,212,-2,0.00,20.90,63,1.30
2026-08-30T17:10,221,-2,0.00,20.70,65,1.60
2026-08-30T17:20,267,-1,0.00,21.30,63,1.30
2026-08-30T17:30,259,-3,0.00,21.60,62,0.90
2026-08-30T17:40,257,-2,0.00,20.80,64,1.30
2026-08-30T17:50,225,-2,0.00,20.60,65,1.40
2026-08-30T18:00,193,-2,0.00,20.30,66,1.00
2026-08-30T18:10,,-2,0.00,21.00,66,0.00
2026-08-30T18:20,,-2,0.00,21.00,65,0.00
2026-08-30T18:30,192,-2,0.00,20.80,62,0.50
2026-08-30T18:40,313,-2,0.00,20.50,65,0.90
2026-08-30T18:50,325,-2,0.00,20.60,66,0.90
2026-08-30T19:00,290,-2,0.00,20.50,64,0.40
2026-08-30T19:10,215,-3,0.00,20.40,63,0.70
2026-08-30T19:20,314,-3,0.00,19.90,66,0.60
2026-08-30T19:30,286,-2,0.00,19.70,67,0.50
2026-08-30T19:40,,-3,0.00,18.80,69,0.00
2026-08-30T19:50,185,0,0.00,17.90,73,0.60
2026-08-30T20:00,161,-2,0.00,18.30,70,0.40
2026-08-30T20:10,167,-2,0.00,17.80,73,0.40
2026-08-30T20:20,164,0,0.00,18.10,71,0.90
2026-08-30T20:30,177,-2,0.00,17.80,72,0.70
2026-08-30T20:40,180,-1,0.00,17.80,73,0.80
2026-08-30T20:50,179,-1,0.00,17.90,73,0.70
2026-08-30T21:00,151,-2,0.00,17.50,75,0.60
2026-08-30T21:10,142,-2,0.00,17.10,76,1.10
2026-08-30T21:20,142,-1,0.00,17.60,74,0.80
2026-08-30T21:30,160,-1,0.00,17.30,75,0.40
2026-08-30T21:40,,-2,0.00,17.10,76,0.00
2026-08-30T21:50,,0,0.00,17.10,76,0.00
2026-08-30T22:00,,-1,0.00,17.30,75,0.00
2026-08-30T22:10,,-1,0.00,17.50,74,0.00
2026-08-30T22:20,,-1,0.00,17.30,75,0.00
2026-08-30T22:30,,-1,0.00,17.00,76,0.00
2026-08-30T22:40,,0,0.00,17.10,76,0.00
2026-08-30T22:50,,-1,0.00,17.30,75,0.00
2026-08-30T23:00,,-1,0.00,17.20,75,0.00
2026-08-30T23:10,,-1,0.00,17.20,76,0.00
2026-08-30T23:20,,-1,0.00,17.10,76,0.00
2026-08-30T23:30,,-2,0.00,17.30,75,0.00
2026-08-30T23:40,,-1,0.00,17.20,76,0.00
2026-08-30T23:50,,-1,0.00,17.20,75,0.00
2026-08-31T00:00,,-1,0.00,17.10,75,0.00
2026-08-31T00:10,,-1,0.00,17.30,73,0.00
2026-08-31T00:20,,0,0.00,17.00,74,0.00
2026-08-31T00:30,,-1,0.00,17.00,74,0.00
2026-08-31T00:40,,0,0.00,17.10,71,0.00
2026-08-31T00:50,,0,0.00,17.20,72,0.00
2026-08-31T01:00,,1,0.00,17.10,70,0.00
2026-08-31T01:10,,-2,0.00,17.30,66,0.00
2026-08-31T01:20,,-2,0.00,17.10,63,0.00
2026-08-31T01:30,,-1,0.00,17.30,61,0.00
2026-08-31T01:40,,0,0.00,17.00,63,0.00
2026-08-31T01:50,,0,0.00,17.10,63,0.00
2026-08-31T02:00,,-1,0.00,17.10,62,0.00
2026-08-31T02:10,,-1,0.00,17.20,62,0.00
2026-08-31T02:20,,0,0.00,16.80,66,0.00
2026-08-31T02:30,219,0,0.00,16.90,65,0.40
2026-08-31T02:40,,0,0.00,17.00,66,0.00
2026-08-31T02:50,228,0,0.00,16.90,67,0.60
2026-08-31T03:00,211,0,0.00,16.70,68,0.60
2026-08-31T03:10,210,-1,0.00,16.80,69,0.60
2026-08-31T03:20,199,-2,0.00,16.60,72,0.60
2026-08-31T03:30,183,0,0.00,16.80,78,0.70
2026-08-31T03:40,174,0,0.00,16.70,78,0.50
2026-08-31T03:50,,0,0.00,16.40,80,0.00
2026-08-31T04:00,,0,0.00,16.20,76,0.00
2026-08-31T04:10,213,0,0.00,16.40,77,0.50
2026-08-31T04:20,202,-1,0.00,16.50,78,0.40
2026-08-31T04:30,228,-4,0.00,16.60,79,0.40
2026-08-31T04:40,,0,0.00,16.80,78,0.00
2026-08-31T04:50,289,-4,0.00,16.70,78,0.60
2026-08-31T05:00,286,-1,0.00,16.40,80,0.30
2026-08-31T05:10,,-1,0.00,16.50,78,0.00
2026-08-31T05:20,,-2,0.00,16.20,79,0.00
2026-08-31T05:30,,-4,0.00,16.60,77,0.00
2026-08-31T05:40,217,0,0.00,16.70,75,0.60
2026-08-31T05:50,,0,0.00,16.50,76,0.00
2026-08-31T06:00,184,2,0.00,16.40,76,0.30
2026-08-31T06:10,170,-1,0.00,16.20,77,0.60
2026-08-31T06:20,193,-1,0.00,15.70,81,0.80
2026-08-31T06:30,175,0,0.00,16.10,79,0.50
2026-08-31T06:40,160,0,0.00,16.70,76,0.50
2026-08-31T06:50,179,-1,0.00,16.30,78,0.40
2026-08-31T07:00,192,0,0.00,16.20,79,0.50
2026-08-31T07:10,,-2,0.00,16.20,79,0.00
2026-08-31T07:20,,0,0.00,16.20,79,0.00
2026-08-31T07:30,87,0,0.00,16.80,77,0.80
2026-08-31T07:40,124,-5,0.00,16.40,80,1.00
2026-08-31T07:50,170,1,0.00,16.60,76,0.50
2026-08-31T08:00,183,1,0.00,17.00,74,1.30
2026-08-31T08:10,194,1,0.00,17.00,74,1.20
2026-08-31T08:20,188,0,0.00,17.10,73,1.10
2026-08-31T08:30,183,0,0.00,16.90,75,1.00
2026-08-31T08:40,183,1,0.00,17.40,71,1.20
2026-08-31T08:50,160,-2,0.00,17.60,70,0.40
2026-08-31T09:00,172,1,0.00,17.70,68,0.40
2026-08-31T09:10,147,-1,0.00,18.40,66,0.40
2026-08-31T09:20,215,-6,0.00,18.60,67,1.00
2026-08-31T09:30,193,0,0.00,18.70,66,1.50
2026-08-31T09:40,194,-6,0.00,18.60,66,1.70
2026-08-31T09:50,206,-1,0.00,18.80,66,1.70
2026-08-31T10:00,208,1,0.00,19.10,63,1.10
2026-08-31T10:10,209,-1,0.00,19.30,66,1.20
2026-08-31T10:20,264,0,0.00,19.70,67,1.00
2026-08-31T10:30,272,-3,0.00,19.50,62,1.30
2026-08-31T10:40,252,-2,0.00,20.20,60,0.70
2026-08-31T10:50,266,-2,0.00,20.00,62,1.00
2026-08-31T11:00,250,-3,0.00,20.50,62,1.00
2026-08-31T11:10,256,-2,0.00,20.20,61,0.40
2026-08-31T11:20,264,-2,0.00,20.40,60,0.70
2026-08-31T11:30,224,-3,0.00,20.20,63,0.70
2026-08-31T11:40,,-2,0.00,20.20,65,0.00
2026-08-31T11:50,186,-1,0.00,19.70,63,0.60
2026-08-31T12:00,180,-1,0.00,19.50,63,0.90
2026-08-31T12:10,137,0,0.00,19.30,66,1.10
2026-08-31T12:20,134,-1,0.00,19.60,64,1.20
2026-08-31T12:30,206,-1,0.00,19.50,67,0.70
2026-08-31T12:40,185,-1,0.00,20.10,66,1.40
2026-08-31T12:50,151,-1,0.00,20.30,65,1.40
2026-08-31T13:00,213,-2,0.00,21.00,63,0.80
2026-08-31T13:10,207,-1,0.00,21.00,62,0.90
2026-08-31T13:20,207,-2,0.00,20.80,61,0.80
2026-08-31T13:30,227,-1,0.00,22.40,63,0.40
2026-08-31T13:40,247,-1,0.00,21.40,59,0.60
2026-08-31T13:50,2,-1,0.00,21.50,67,0.50
2026-08-31T14:00,242,-1,0.00,21.10,61,0.30
2026-08-31T14:10,8,0,0.00,20.60,66,0.80
2026-08-31T14:20,173,0,0.00,21.20,63,0.70
2026-08-31T14:30,248,-3,0.00,22.30,62,0.80
2026-08-31T14:40,269,-1,0.00,22.80,60,1.30
2026-08-31T14:50,261,-1,0.00,23.10,64,1.00
2026-08-31T15:00,272,1,0.00,23.00,64,1.00
2026-08-31T15:10,296,0,0.00,22.90,60,0.80
2026-08-31T15:20,299,-3,0.00,23.10,61,1.00
2026-08-31T15:30,241,0,0.00,23.30,61,0.90
2026-08-31T15:40,201,1,0.00,22.90,69,1.60
2026-08-31T15:50,227,-1,0.00,23.60,55,0.50
2026-08-31T16:00,283,0,0.00,23.60,57,0.80
2026-08-31T16:10,267,-1,0.00,23.40,56,1.10
2026-08-31T16:20,204,0,0.00,23.20,60,0.90
2026-08-31T16:30,242,-2,0.00,23.70,52,1.10
2026-08-31T16:40,254,-1,0.00,23.70,57,1.00
2026-08-31T16:50,220,-1,0.00,23.20,58,1.20
2026-08-31T17:00,234,-1,0.00,23.20,56,1.70
2026-08-31T17:10,,,0.00,23.50,61,
2026-08-31T17:20,227,-1,0.00,23.00,55,1.90
2026-08-31T17:30,234,-1,0.00,23.70,63,0.60
2026-08-31T17:40,298,-1,0.00,23.50,56,0.70
2026-08-31T17:50,301,0,0.00,23.30,56,0.70
2026-08-31T18:00,264,-1,0.00,23.30,58,0.40
2026-08-31T18:10,274,-1,0.00,22.70,51,1.20
2026-08-31T18:20,317,-1,0.00,22.80,56,0.50
2026-08-31T18:30,262,-2,0.00,22.60,55,0.60
2026-08-31T18:40,280,-2,0.00,22.70,55,0.40
2026-08-31T18:50,274,-1,0.00,22.00,55,0.80
2026-08-31T19:00,283,-2,0.00,21.90,56,0.70
2026-08-31T19:10,297,-1,0.00,21.50,56,0.70
2026-08-31T19:20,275,-1,0.00,21.10,58,0.40
2026-08-31T19:30,275,-1,0.00,20.70,60,0.60
2026-08-31T19:40,,0,0.00,20.30,60,0.00
2026-08-31T19:50,65,-1,0.00,20.10,61,0.40
2026-08-31T20:00,,-1,0.00,19.40,61,0.00
2026-08-31T20:10,,-1,0.00,19.20,62,0.00
2026-08-31T20:20,212,1,0.00,19.00,62,1.10
2026-08-31T20:30,278,0,0.00,19.60,60,0.50
2026-08-31T20:40,242,0,0.00,19.40,60,0.70
2026-08-31T20:50,213,-1,0.00,19.60,59,1.60
2026-08-31T21:00,182,-3,0.00,19.10,60,1.20
2026-08-31T21:10,197,-1,0.00,18.60,62,0.60
2026-08-31T21:20,222,-3,0.00,18.90,60,1.40
2026-08-31T21:30,216,-1,0.00,18.50,61,1.00
2026-08-31T21:40,248,0,0.00,19.10,60,0.90
2026-08-31T21:50,284,-1,0.00,18.70,62,0.80
2026-08-31T22:00,239,-1,0.00,18.50,63,0.70
2026-08-31T22:10,229,-1,0.00,18.60,61,0.50
2026-08-31T22:20,224,-2,0.00,18.80,59,0.40
2026-08-31T22:30,218,0,0.00,19.30,56,0.90
2026-08-31T22:40,260,-1,0.00,19.70,55,0.70
2026-08-31T22:50,288,-1,0.00,19.00,58,0.80
2026-08-31T23:00,213,0,0.00,19.20,59,1.00
2026-08-31T23:10,212,-1,0.00,19.40,58,0.60
2026-08-31T23:20,162,-3,0.00,19.30,59,1.60
2026-08-31T23:30,184,-1,0.00,18.80,60,0.60
2026-08-31T23:40,235,-1,0.00,19.70,57,0.40
2026-08-31T23:50,306,-1,0.00,18.90,60,0.50
2026-09-01T00:00,,0,0.00,18.90,60,0.00
2026-09-01T00:10,,-1,0.00,18.50,61,0.00
2026-09-01T00:20,113,0,0.00,19.20,59,0.40
2026-09-01T00:30,117,-1,0.00,18.70,61,1.10
2026-09-01T00:40,106,-1,0.00,19.00,59,0.90
2026-09-01T00:50,81,0,0.00,18.80,60,1.00
2026-09-01T01:00,73,0,0.00,19.10,59,0.80
2026-09-01T01:10,100,0,0.00,19.00,59,1.00
2026-09-01T01:20,103,0,0.00,18.50,61,0.90
2026-09-01T01:30,100,-1,0.00,18.10,63,0.90
2026-09-01T01:40,115,0,0.00,18.00,64,0.90
2026-09-01T01:50,160,1,0.00,17.70,65,0.70
2026-09-01T02:00,78,0,0.00,18.60,61,0.90
2026-09-01T02:10,79,-1,0.00,18.40,61,1.30
2026-09-01T02:20,98,0,0.00,18.60,61,0.90
2026-09-01T02:30,80,0,0.00,18.40,62,1.00
2026-09-01T02:40,97,0,0.00,18.20,63,1.00
2026-09-01T02:50,113,0,0.00,18.20,62,1.50
2026-09-01T03:00,120,0,0.00,18.20,64,1.70
2026-09-01T03:10,115,1,0.00,18.40,63,1.30
2026-09-01T03:20,131,0,0.00,16.80,70,0.60
2026-09-01T03:30,111,0,0.00,17.40,68,1.20
2026-09-01T03:40,113,-1,0.00,17.50,66,1.30
2026-09-01T03:50,76,0,0.00,18.00,63,0.80
2026-09-01T04:00,78,0,0.00,17.50,66,0.40
2026-09-01T04:10,,0,0.00,17.50,66,0.00
2026-09-01T04:20,191,-1,0.00,17.60,66,0.50
2026-09-01T04:30,168,-1,0.00,17.20,67,0.80
2026-09-01T04:40,106,-1,0.00,17.00,68,0.70
2026-09-01T04:50,93,0,0.00,17.30,67,0.80
2026-09-01T05:00,58,0,0.00,17.50,65,0.60
2026-09-01T05:10,95,0,0.00,17.20,67,0.80
2026-09-01T05:20,25,0,0.00,17.10,67,0.70
2026-09-01T05:30,,1,0.00,16.50,70,0.00
2026-09-01T05:40,,0,0.00,16.50,70,0.00
2026-09-01T05:50,158,0,0.00,16.50,71,0.60
2026-09-01T06:00,,0,0.00,16.70,71,0.00
2026-09-01T06:10,,0,0.00,16.40,72,0.00
2026-09-01T06:20,127,0,0.00,16.60,71,0.40
2026-09-01T06:30,123,0,0.00,16.40,70,0.70
2026-09-01T06:40,140,0,0.00,15.80,71,0.60
2026-09-01T06:50,,0,0.00,16.30,71,0.00
2026-09-01T07:00,133,0,0.00,16.20,69,0.70
2026-09-01T07:10,147,0,0.00,16.10,71,0.50
2026-09-01T07:20,131,0,0.00,16.40,72,0.40
2026-09-01T07:30,,-2,0.00,16.80,70,0.00
2026-09-01T07:40,353,0,0.00,17.10,69,0.40
2026-09-01T07:50,16,0,0.00,16.80,70,0.30
2026-09-01T08:00,,-1,0.00,16.70,72,0.00
2026-09-01T08:10,,0,0.00,16.80,71,0.00
2026-09-01T08:20,,-3,0.00,16.70,72,0.00
2026-09-01T08:30,,-1,0.00,16.80,71,0.00
2026-09-01T08:40,,0,0.00,17.20,69,0.00
2026-09-01T08:50,,-1,0.00,17.50,68,0.00
2026-09-01T09:00,171,-3,0.00,17.70,65,0.30
2026-09-01T09:10,,1,0.00,18.10,68,0.00
2026-09-01T09:20,177,-2,0.00,18.40,64,0.50
2026-09-01T09:30,186,-2,0.00,18.40,61,1.10
2026-09-01T09:40,190,2,0.00,18.60,61,1.00
2026-09-01T09:50,212,-2,0.00,19.30,63,0.30
2026-09-01T10:00,274,1,0.00,19.50,60,0.50
2026-09-01T10:10,273,0,0.00,19.00,60,0.70
2026-09-01T10:20,282,0,0.00,18.80,60,0.60
2026-09-01T10:30,274,-1,0.00,19.00,63,0.40
2026-09-01T10:40,268,0,0.00,19.20,56,0.80
2026-09-01T10:50,248,-3,0.00,20.50,58,0.90
2026-09-01T11:00,223,-1,0.00,20.20,59,0.70
2026-09-01T11:10,294,-2,0.00,19.60,65,0.70
2026-09-01T11:20,257,-1,0.00,19.20,67,0.40
2026-09-01T11:30,237,-1,0.00,19.70,67,0.80
2026-09-01T11:40,314,-2,0.00,20.30,67,0.40
2026-09-01T11:50,291,0,0.00,20.50,68,0.80
2026-09-01T12:00,296,-3,0.00,19.50,63,0.90
2026-09-01T12:10,296,-1,0.00,19.80,63,0.80
2026-09-01T12:20,284,-1,0.00,19.60,66,0.40
2026-09-01T12:30,,-1,0.00,19.40,64,0.00
2026-09-01T12:40,34,-1,0.00,19.40,72,0.70
2026-09-01T12:50,,-3,0.00,19.30,70,0.00
2026-09-01T13:00,356,-1,0.00,19.60,68,0.60
2026-09-01T13:10,348,-2,0.00,20.20,69,1.60
2026-09-01T13:20,304,-1,0.00,20.40,65,1.00
2026-09-01T13:30,324,0,0.00,20.90,66,1.00
2026-09-01T13:40,274,0,0.00,21.30,61,1.00
2026-09-01T13:50,319,-1,0.00,21.20,63,1.90
2026-09-01T14:00,291,0,0.00,21.10,61,1.40
2026-09-01T14:10,281,-1,0.00,20.70,65,2.30
2026-09-01T14:20,250,-1,0.00,20.20,65,1.70
2026-09-01T14:30,258,0,0.00,20.30,64,1.70
2026-09-01T14:40,264,-1,0.00,20.70,62,1.40
2026-09-01T14:50,222,-1,0.00,20.80,62,1.90
2026-09-01T15:00,205,-1,0.00,20.00,65,2.20
2026-09-01T15:10,186,-1,0.00,20.30,64,1.70
2026-09-01T15:20,226,-2,0.00,20.70,61,0.90
2026-09-01T15:30,193,-1,0.00,19.80,62,1.20
2026-09-01T15:40,183,-1,0.00,20.40,62,0.90
2026-09-01T15:50,84,-3,0.00,20.10,61,0.40
2026-09-01T16:00,205,-1,0.00,20.60,61,1.00
2026-09-01T16:10,242,-38,0.00,20.20,65,1.30
2026-09-01T16:20,241,-2,0.00,20.80,62,1.00
2026-09-01T16:30,253,-1,0.00,20.90,62,1.40
2026-09-01T16:40,228,-1,0.00,20.00,64,2.00
2026-09-01T16:50,198,-1,0.00,20.20,66,0.60
2026-09-01T17:00,202,-2,0.00,19.60,66,1.20
2026-09-01T17:10,217,-1,0.00,19.30,68,0.80
2026-09-01T17:20,285,-1,0.00,19.00,69,0.80
2026-09-01T17:30,239,-1,0.00,19.10,71,1.60
2026-09-01T17:40,193,-1,0.00,18.90,72,2.40
2026-09-01T17:50,127,-1,0.00,19.30,70,0.30
2026-09-01T18:00,229,-1,0.00,19.70,68,0.90
2026-09-01T18:10,206,-2,0.00,19.30,70,0.40
2026-09-01T18:20,213,-1,0.00,19.40,72,1.10
2026-09-01T18:30,195,-2,0.00,19.40,73,0.90
2026-09-01T18:40,145,-1,0.00,18.80,76,0.90
2026-09-01T18:50,223,-1,0.00,18.70,77,0.70
2026-09-01T19:00,247,-1,0.00,18.80,78,0.60
2026-09-01T19:10,254,-1,0.00,18.80,78,0.70
2026-09-01T19:20,304,-1,0.00,18.70,78,0.70
2026-09-01T19:30,184,-1,0.00,18.50,79,0.50
2026-09-01T19:40,176,1,0.00,17.70,83,0.80
2026-09-01T19:50,178,0,0.00,17.70,82,0.90
2026-09-01T20:00,148,-1,0.00,17.30,84,0.50
2026-09-01T20:10,,-1,0.00,17.40,84,0.00
2026-09-01T20:20,271,0,0.00,17.00,85,0.50
2026-09-01T20:30,272,1,0.00,17.00,87,0.40
2026-09-01T20:40,229,-2,0.00,16.70,87,0.40
2026-09-01T20:50,,0,0.00,16.60,89,0.00
2026-09-01T21:00,,0,0.00,16.50,89,0.00
2026-09-01T21:10,283,-1,0.00,16.50,90,0.40
2026-09-01T21:20,235,-1,0.00,16.40,91,0.50
2026-09-01T21:30,234,-1,0.00,16.30,91,0.40
2026-09-01T21:40,278,-1,0.00,16.20,91,0.40
2026-09-01T21:50,,-1,0.00,16.10,90,0.00
2026-09-01T22:00,252,2,0.00,16.10,91,0.30
2026-09-01T22:10,195,0,0.00,16.20,90,0.60
2026-09-01T22:20,214,0,0.00,16.10,91,0.60
2026-09-01T22:30,208,-1,0.00,15.80,92,0.70
2026-09-01T22:40,211,0,0.00,15.70,93,0.80
2026-09-01T22:50,221,-1,0.00,15.50,94,0.60
2026-09-01T23:00,254,-1,0.00,15.90,92,0.80
2026-09-01T23:10,265,-1,0.00,15.70,91,0.70
2026-09-01T23:20,220,-1,0.00,15.60,92,0.70
2026-09-01T23:30,200,-2,0.00,15.40,91,0.80
2026-09-01T23:40,204,-2,0.00,15.50,91,0.70
2026-09-01T23:50,156,-2,0.00,15.20,91,0.50
2026-09-02T00:00,154,-1,0.00,15.10,92,0.70
2026-09-02T00:10,191,-3,0.00,15.30,92,0.90
2026-09-02T00:20,201,-2,0.00,15.40,90,0.80
2026-09-02T00:30,191,-3,0.00,15.50,91,1.00
2026-09-02T00:40,144,0,0.00,15.30,90,0.90
2026-09-02T00:50,134,-1,0.00,15.60,89,0.60
2026-09-02T01:00,139,0,0.00,16.10,87,1.00
2026-09-02T01:10,173,-1,0.00,15.60,88,1.00
2026-09-02T01:20,145,-1,0.00,15.80,86,0.70
2026-09-02T01:30,179,-1,0.00,15.80,85,0.70
2026-09-02T01:40,226,-1,0.00,15.50,86,0.50
2026-09-02T01:50,184,0,0.00,15.60,86,0.60
2026-09-02T02:00,179,-2,0.00,15.80,86,0.60
2026-09-02T02:10,184,-1,0.00,15.80,86,0.80
2026-09-02T02:20,138,0,0.00,15.90,87,0.50
2026-09-02T02:30,142,-1,0.00,15.60,88,1.10
2026-09-02T02:40,132,-1,0.00,16.10,86,0.90
2026-09-02T02:50,96,-2,0.00,15.50,88,0.60
2026-09-02T03:00,120,-1,0.00,15.60,88,0.80
2026-09-02T03:10,120,-1,0.00,15.60,88,0.40
2026-09-02T03:20,,0,0.00,15.60,88,0.00
2026-09-02T03:30,176,-70,0.00,15.90,88,0.30
2026-09-02T03:40,197,0,0.00,15.80,87,0.30
2026-09-02T03:50,,1,0.00,15.80,88,0.00
2026-09-02T04:00,,0,0.00,15.80,87,0.00
2026-09-02T04:10,,0,0.00,15.80,87,0.00
2026-09-02T04:20,254,1,0.00,16.00,86,0.30
2026-09-02T04:30,,-1,0.00,16.00,85,0.00
2026-09-02T04:40,,0,0.00,16.10,84,0.00
2026-09-02T04:50,,0,0.00,16.20,84,0.00
2026-09-02T05:00,,0,0.00,16.10,84,0.00
2026-09-02T05:10,,-1,0.00,15.80,85,0.00
2026-09-02T05:20,,-1,0.00,15.80,85,0.00
2026-09-02T05:30,,0,0.00,16.00,85,0.00
2026-09-02T05:40,,0,0.00,16.00,85,0.00
2026-09-02T05:50,,0,0.00,16.20,84,0.00
2026-09-02T06:00,,1,0.00,16.00,85,0.00
2026-09-02T06:10,,-1,0.00,15.90,85,0.00
2026-09-02T06:20,,-1,0.00,15.70,86,0.00
2026-09-02T06:30,,1,0.00,15.60,87,0.00
2026-09-02T06:40,,1,0.00,15.90,86,0.00
2026-09-02T06:50,,1,0.00,16.00,85,0.00
2026-09-02T07:00,,-1,0.00,15.90,85,0.00
2026-09-02T07:10,,1,0.00,15.90,85,0.00
2026-09-02T07:20,,0,0.00,15.90,85,0.00
2026-09-02T07:30,,-1,0.00,15.90,85,0.00
2026-09-02T07:40,,1,0.00,16.00,84,0.00
2026-09-02T07:50,,-1,0.00,15.80,85,0.00
2026-09-02T08:00,,1,0.00,15.80,86,0.00
2026-09-02T08:10,,-8,0.00,15.80,86,0.00
2026-09-02T08:20,,0,0.00,15.80,86,0.00
2026-09-02T08:30,,0,0.00,15.80,86,0.00
2026-09-02T08:40,,1,0.00,16.00,85,0.00
2026-09-02T08:50,,1,0.00,15.90,86,0.00
2026-09-02T09:00,186,2,0.00,16.20,83,0.60
2026-09-02T09:10,,0,0.00,17.00,79,0.00
2026-09-02T09:20,226,0,0.00,17.50,75,0.50
2026-09-02T09:30,205,1,0.00,17.60,75,1.00
2026-09-02T09:40,196,2,0.00,17.60,73,0.90
2026-09-02T09:50,209,1,0.00,17.70,75,0.80
2026-09-02T10:00,198,-1,0.00,17.80,74,1.20
2026-09-02T10:10,207,2,0.00,17.70,75,1.00
2026-09-02T10:20,,1,0.00,17.80,78,0.00
2026-09-02T10:30,198,1,0.00,18.00,74,0.50
2026-09-02T10:40,218,2,0.00,17.90,74,0.80
2026-09-02T10:50,,2,0.00,18.60,72,0.00
2026-09-02T11:00,269,0,0.00,19.10,73,0.60
2026-09-02T11:10,239,-5,0.00,18.90,76,0.40
2026-09-02T11:20,174,1,0.00,18.30,72,0.80
2026-09-02T11:30,208,1,0.00,19.40,76,0.60
2026-09-02T11:40,223,1,0.00,18.60,74,1.00
2026-09-02T11:50,229,0,0.00,18.50,71,0.60
2026-09-02T12:00,204,-1,0.00,18.90,72,0.80
2026-09-02T12:10,204,0,0.00,19.40,69,0.90
2026-09-02T12:20,,0,0.00,19.30,70,0.00
2026-09-02T12:30,250,-1,0.00,18.80,74,0.70
2026-09-02T12:40,207,0,0.00,18.80,73,0.60
2026-09-02T12:50,,-1,0.00,18.90,73,0.00
2026-09-02T13:00,,-2,0.00,19.10,72,0.00
2026-09-02T13:10,143,-1,0.00,19.40,74,0.40
2026-09-02T13:20,17,-2,0.00,19.80,70,0.40
2026-09-02T13:30,,-1,0.00,19.70,70,0.00
2026-09-02T13:40,278,-1,0.00,19.60,72,0.70
2026-09-02T13:50,39,-1,0.00,19.70,73,0.40
2026-09-02T14:00,63,-1,0.00,19.40,69,1.30
2026-09-02T14:10,,-3,0.00,19.50,69,0.00
2026-09-02T14:20,167,-1,0.00,20.00,70,0.40
2026-09-02T14:30,28,-2,0.00,19.90,68,0.60
2026-09-02T14:40,28,0,0.00,20.90,68,0.90
2026-09-02T14:50,328,-4,0.00,21.50,66,0.90
2026-09-02T15:00,285,-1,0.00,21.10,62,1.20
2026-09-02T15:10,284,-1,0.00,20.50,64,0.80
2026-09-02T15:20,284,-1,0.00,21.60,64,0.80
2026-09-02T15:30,298,0,0.00,22.10,60,1.00
2026-09-02T15:40,320,-1,0.00,22.00,61,1.20
2026-09-02T15:50,325,0,0.00,22.40,61,1.10
2026-09-02T16:00,308,1,0.00,22.00,63,2.10
2026-09-02T16:10,316,-1,0.00,22.00,64,1.80
2026-09-02T16:20,291,0,0.00,21.50,62,0.80
2026-09-02T16:30,245,-1,0.00,20.90,64,0.50
2026-09-02T16:40,339,-1,0.00,20.50,67,0.70
2026-09-02T16:50,,-1,0.00,20.20,66,0.00
2026-09-02T17:00,,-1,0.00,20.20,68,0.00
2026-09-02T17:10,247,-1,0.00,20.30,71,0.70
2026-09-02T17:20,260,-1,0.00,21.00,63,0.90
2026-09-02T17:30,215,-2,0.00,20.70,63,1.10
2026-09-02T17:40,199,-2,0.00,20.90,66,1.00
2026-09-02T17:50,246,-1,0.00,21.50,65,0.90
2026-09-02T18:00,228,-2,0.00,21.40,65,0.90
2026-09-02T18:10,233,-2,0.00,21.20,66,0.80
2026-09-02T18:20,292,-1,0.00,20.90,67,1.00
2026-09-02T18:30,255,-2,0.00,20.80,67,1.20
2026-09-02T18:40,279,-1,0.00,20.30,67,0.80
2026-09-02T18:50,298,-2,0.00,20.40,69,0.30
2026-09-02T19:00,286,-2,0.00,20.50,69,0.40
2026-09-02T19:10,279,-2,0.00,20.30,70,0.50
2026-09-02T19:20,277,-1,0.00,19.70,73,0.40
2026-09-02T19:30,,-2,0.00,18.90,76,0.00
2026-09-02T19:40,,-1,0.00,18.50,78,0.00
2026-09-02T19:50,65,0,0.00,18.20,78,0.30
2026-09-02T20:00,121,-2,0.00,18.10,75,1.00
2026-09-02T20:10,132,-2,0.00,18.30,72,1.10
2026-09-02T20:20,133,-2,0.00,18.20,72,0.70
2026-09-02T20:30,139,-4,0.00,18.00,73,0.50
2026-09-02T20:40,234,-1,0.00,18.00,73,0.40
2026-09-02T20:50,,-3,0.00,17.80,75,0.00
2026-09-02T21:00,121,0,0.00,17.70,76,0.90
2026-09-02T21:10,111,-2,0.00,17.60,76,0.60
2026-09-02T21:20,104,-4,0.00,17.70,76,0.30
2026-09-02T21:30,122,0,0.00,17.80,76,0.80
2026-09-02T21:40,126,-2,0.00,17.50,77,0.80
2026-09-02T21:50,118,1,0.00,17.70,77,1.10
2026-09-02T22:00,101,-2,0.00,17.70,76,0.90
2026-09-02T22:10,102,-2,0.00,17.40,78,0.70
2026-09-02T22:20,120,-1,0.00,17.60,77,1.20
2026-09-02T22:30,117,-1,0.00,17.50,77,1.00
2026-09-02T22:40,96,-2,0.00,17.50,77,0.60
2026-09-02T22:50,112,-3,0.00,17.30,78,0.70
2026-09-02T23:00,123,-3,0.00,17.30,79,1.00
2026-09-02T23:10,93,-2,0.00,17.50,78,0.60
2026-09-02T23:20,94,-3,0.00,17.80,76,0.70
2026-09-02T23:30,115,0,0.00,17.20,78,1.00
2026-09-02T23:40,105,-3,0.00,17.30,78,1.00
2026-09-02T23:50,107,-1,0.00,17.40,77,1.20
2026-09-03T00:00,109,-3,0.00,17.40,77,1.30
2026-09-03T00:10,123,-2,0.00,16.70,81,1.10
2026-09-03T00:20,116,-1,0.00,16.90,80,1.00
2026-09-03T00:30,111,-4,0.00,16.80,81,0.60
2026-09-03T00:40,138,-2,0.00,16.70,81,0.80
2026-09-03T00:50,123,0,0.00,16.70,81,0.80
2026-09-03T01:00,136,-4,0.00,16.60,81,0.60
2026-09-03T01:10,125,-1,0.00,16.50,81,0.70
2026-09-03T01:20,134,-2,0.00,16.50,81,0.70
2026-09-03T01:30,128,-2,0.00,16.80,80,0.90
2026-09-03T01:40,115,-3,0.00,16.90,79,1.20
2026-09-03T01:50,82,-3,0.00,16.90,79,0.80
2026-09-03T02:00,76,-1,0.00,17.50,76,1.00
2026-09-03T02:10,70,-2,0.00,17.30,77,0.80
2026-09-03T02:20,108,-4,0.00,16.70,79,0.60
2026-09-03T02:30,118,0,0.00,16.80,79,0.90
2026-09-03T02:40,163,-6,0.00,16.80,82,0.70
2026-09-03T02:50,124,-3,0.00,16.90,82,0.40
2026-09-03T03:00,119,-3,0.00,16.90,83,0.90
2026-09-03T03:10,122,-4,0.00,16.60,83,1.00
2026-09-03T03:20,126,-4,0.00,16.70,83,1.00
2026-09-03T03:30,130,-5,0.00,16.50,84,0.90
2026-09-03T03:40,109,-4,0.00,16.60,83,0.90
2026-09-03T03:50,122,-4,0.00,16.50,83,0.90
2026-09-03T04:00,128,-5,0.00,16.60,83,0.80
2026-09-03T04:10,125,-2,0.00,16.60,82,0.40
2026-09-03T04:20,79,-10,0.00,17.30,80,0.60
2026-09-03T04:30,100,-2,0.00,17.30,79,0.90
2026-09-03T04:40,106,-6,0.00,16.80,81,1.20
2026-09-03T04:50,119,-2,0.00,16.40,82,1.40
2026-09-03T05:00,103,-4,0.00,16.20,83,0.90
2026-09-03T05:10,99,-4,0.00,16.20,84,0.80
2026-09-03T05:20,118,-2,0.00,16.10,84,0.70
2026-09-03T05:30,140,-3,0.00,16.20,84,0.50
2026-09-03T05:40,126,-3,0.00,16.00,84,0.80
2026-09-03T05:50,131,-6,0.00,16.10,84,0.60
2026-09-03T06:00,133,-3,0.00,16.20,83,0.50
2026-09-03T06:10,,-4,0.00,16.20,83,0.00
2026-09-03T06:20,,-3,0.00,16.10,84,0.00
2026-09-03T06:30,120,-3,0.00,16.10,84,0.30
2026-09-03T06:40,198,-4,0.00,15.60,86,0.40
2026-09-03T06:50,202,-2,0.00,15.50,86,0.60
2026-09-03T07:00,180,-1,0.00,16.30,84,0.40
2026-09-03T07:10,,-2,0.00,16.60,82,0.00
2026-09-03T07:20,192,-4,0.00,16.00,85,0.40
2026-09-03T07:30,199,-3,0.00,16.10,84,0.50
2026-09-03T07:40,,-6,0.00,16.20,85,0.00
2026-09-03T07:50,,-3,0.00,16.50,84,0.00
2026-09-03T08:00,,,0.00,16.60,82,
2026-09-03T08:10,,-6,0.00,16.70,82,0.00
2026-09-03T08:20,,-4,0.00,16.80,82,0.00
2026-09-03T08:30,170,-4,0.00,16.70,82,0.40
2026-09-03T08:40,,-4,0.00,17.00,81,0.00
2026-09-03T08:50,,-9,0.00,17.40,80,0.00
2026-09-03T09:00,,-3,0.00,17.40,82,0.00
2026-09-03T09:10,183,-3,0.00,17.80,81,0.80
2026-09-03T09:20,179,-6,0.00,18.40,77,1.00
2026-09-03T09:30,166,-3,0.00,18.90,73,0.70
2026-09-03T09:40,195,1,0.00,19.10,76,0.90
2026-09-03T09:50,222,1,0.00,19.20,71,0.60
2026-09-03T10:00,237,1,0.00,19.50,72,0.70
2026-09-03T10:10,195,-2,0.00,19.60,70,0.60
2026-09-03T10:20,242,-2,0.00,19.70,71,0.70
2026-09-03T10:30,240,-1,0.00,19.80,74,0.80
2026-09-03T10:40,196,-3,0.00,19.40,71,0.80
2026-09-03T10:50,228,-4,0.00,19.80,68,0.70
2026-09-03T11:00,278,-2,0.00,20.10,67,0.70
2026-09-03T11:10,309,-2,0.00,20.40,64,0.60
2026-09-03T11:20,239,-1,0.00,20.90,62,0.70
2026-09-03T11:30,286,0,0.00,20.70,64,0.90
2026-09-03T11:40,225,-1,0.00,20.70,62,0.50
2026-09-03T11:50,277,-1,0.00,21.20,59,0.50
2026-09-03T12:00,109,0,0.00,21.10,59,0.40
2026-09-03T12:10,18,-2,0.00,21.00,60,1.70
2026-09-03T12:20,0,0,0.00,21.30,57,1.50
2026-09-03T12:30,349,0,0.00,21.30,56,1.60
2026-09-03T12:40,7,-1,0.00,20.40,59,0.90
2026-09-03T12:50,41,-1,0.00,20.10,56,0.80
2026-09-03T13:00,39,-1,0.00,20.10,60,0.60
2026-09-03T13:10,11,-1,0.00,20.10,61,0.90
2026-09-03T13:20,18,-1,0.00,20.80,56,1.40
2026-09-03T13:30,15,-3,0.00,20.80,58,0.80
2026-09-03T13:40,359,0,0.00,21.10,59,1.20
2026-09-03T13:50,30,-1,0.00,20.80,57,1.20
2026-09-03T14:00,356,0,0.00,21.50,62,0.80
2026-09-03T14:10,220,-1,0.00,22.20,55,0.60
2026-09-03T14:20,308,0,0.00,22.50,60,0.90
2026-09-03T14:30,246,-2,0.00,22.80,54,0.80
2026-09-03T14:40,277,-1,0.00,22.80,58,0.70
2026-09-03T14:50,293,-1,0.00,22.20,57,1.40
2026-09-03T15:00,236,0,0.00,22.50,56,1.40
2026-09-03T15:10,225,-1,0.00,23.30,61,1.80
2026-09-03T15:20,252,-1,0.00,22.40,55,1.10
2026-09-03T15:30,221,-2,0.00,22.10,55,1.40
2026-09-03T15:40,238,0,0.00,22.10,56,1.40
2026-09-03T15:50,213,-1,0.00,22.50,59,2.00
2026-09-03T16:00,173,-2,0.00,22.30,56,1.40
2026-09-03T16:10,274,-1,0.00,21.90,60,1.00
2026-09-03T16:20,314,-1,0.00,22.10,62,1.80
2026-09-03T16:30,322,-2,0.00,22.00,62,0.90
2026-09-03T16:40,237,-2,0.00,21.70,63,0.80
2026-09-03T16:50,212,-2,0.00,21.60,64,1.40
2026-09-03T17:00,213,-2,0.00,21.30,62,0.90
2026-09-03T17:10,229,-1,0.00,21.00,64,1.10
2026-09-03T17:20,240,-1,0.00,21.30,69,0.70
2026-09-03T17:30,262,-1,0.00,21.10,64,0.40
2026-09-03T17:40,258,-2,0.00,21.60,64,1.10
2026-09-03T17:50,345,-2,0.00,21.10,64,1.10
2026-09-03T18:00,326,-2,0.00,21.60,63,0.50
2026-09-03T18:10,278,-1,0.00,22.50,61,0.60
2026-09-03T18:20,270,-3,0.00,21.90,64,0.80
2026-09-03T18:30,275,-3,0.00,21.90,63,0.60
2026-09-03T18:40,285,-3,0.00,21.30,63,0.30
2026-09-03T18:50,300,-2,0.00,20.90,66,0.40
2026-09-03T19:00,,-2,0.00,21.10,65,0.00
2026-09-03T19:10,285,-2,0.00,20.70,66,0.30
2026-09-03T19:20,145,-1,0.00,19.70,69,0.50
2026-09-03T19:30,142,-2,0.00,19.60,71,0.80
2026-09-03T19:40,107,-2,0.00,19.30,71,0.90
2026-09-03T19:50,89,-2,0.00,19.10,72,1.00
2026-09-03T20:00,105,-2,0.00,19.00,74,1.20
2026-09-03T20:10,111,-3,0.00,19.50,70,1.10
2026-09-03T20:20,156,-2,0.00,19.40,70,1.50
2026-09-03T20:30,156,-2,0.00,18.90,72,1.50
2026-09-03T20:40,147,-1,0.00,18.70,73,0.70
2026-09-03T20:50,93,-2,0.00,18.90,72,1.00
2026-09-03T21:00,131,-2,0.00,18.00,76,1.10
2026-09-03T21:10,152,0,0.00,18.60,72,0.90
2026-09-03T21:20,174,-2,0.00,18.40,73,0.40
2026-09-03T21:30,,-4,0.00,18.00,75,0.00
2026-09-03T21:40,,-3,0.00,17.90,75,0.00
2026-09-03T21:50,,-2,0.00,18.20,75,0.00
2026-09-03T22:00,125,-2,0.00,18.50,73,0.70
2026-09-03T22:10,126,-3,0.00,18.60,72,0.70
2026-09-03T22:20,125,-2,0.00,18.30,73,0.80
2026-09-03T22:30,116,-3,0.00,18.50,72,0.50
2026-09-03T22:40,118,-3,0.00,18.30,72,0.80
2026-09-03T22:50,125,-1,0.00,18.50,71,0.70
2026-09-03T23:00,120,-4,0.00,18.60,71,0.80
2026-09-03T23:10,119,-3,0.00,18.20,73,0.70
2026-09-03T23:20,119,-3,0.00,18.30,72,0.70
2026-09-03T23:30,107,-2,0.00,18.40,72,0.60
2026-09-03T23:40,125,-4,0.00,18.10,73,0.40
2026-09-03T23:50,,-3,0.00,18.40,72,0.00
2026-09-04T00:00,130,-4,0.00,17.90,75,0.60
2026-09-04T00:10,109,-4,0.00,18.20,73,0.50
2026-09-04T00:20,83,-1,0.00,17.80,74,0.60
2026-09-04T00:30,86,-2,0.00,18.20,74,0.60
2026-09-04T00:40,123,-4,0.00,18.50,72,0.70
2026-09-04T00:50,113,-4,0.00,18.40,72,0.80
2026-09-04T01:00,113,-1,0.00,17.90,74,0.60
2026-09-04T01:10,97,-3,0.00,18.50,71,0.70
2026-09-04T01:20,107,-1,0.00,18.30,73,0.90
2026-09-04T01:30,108,-4,0.00,18.20,73,0.90
2026-09-04T01:40,132,-4,0.00,18.30,74,0.30
2026-09-04T01:50,,-4,0.00,18.00,74,0.00
2026-09-04T02:00,115,-4,0.00,18.20,73,0.30
2026-09-04T02:10,99,-4,0.00,18.80,71,0.80
2026-09-04T02:20,101,-4,0.00,18.60,71,1.00
2026-09-04T02:30,111,-3,0.00,18.00,73,1.00
2026-09-04T02:40,114,-4,0.00,17.90,75,1.30
2026-09-04T02:50,108,-5,0.00,18.10,74,1.40
2026-09-04T03:00,114,-5,0.00,17.90,74,1.30
2026-09-04T03:10,150,-2,0.00,18.10,74,0.40
2026-09-04T03:20,148,-8,0.00,18.50,72,0.30
2026-09-04T03:30,103,-2,0.00,18.80,70,0.80
2026-09-04T03:40,106,-6,0.00,18.10,73,1.10
2026-09-04T03:50,123,-5,0.00,18.00,74,1.00
2026-09-04T04:00,120,-4,0.00,18.00,74,1.00
2026-09-04T04:10,113,-2,0.00,18.10,73,1.40
2026-09-04T04:20,109,-5,0.00,17.80,74,1.40
2026-09-04T04:30,119,-5,0.00,17.90,74,1.00
2026-09-04T04:40,117,-4,0.00,17.40,75,0.60
2026-09-04T04:50,,-5,0.00,17.50,75,0.00
2026-09-04T05:00,,-4,0.00,17.80,74,0.00
2026-09-04T05:10,,-5,0.00,17.50,75,0.00
2026-09-04T05:20,127,-5,0.00,17.80,75,0.50
2026-09-04T05:30,122,-6,0.00,17.80,74,0.90
2026-09-04T05:40,128,-3,0.00,17.70,74,1.10
2026-09-04T05:50,118,-5,0.00,17.80,74,0.80
2026-09-04T06:00,71,-6,0.00,18.30,71,0.90
2026-09-04T06:10,111,-7,0.00,17.40,76,0.40
2026-09-04T06:20,140,-4,0.00,17.00,77,0.40
2026-09-04T06:30,127,-3,0.00,17.60,75,0.50
2026-09-04T06:40,,-4,0.00,17.30,76,0.00
2026-09-04T06:50,,-6,0.00,17.20,76,0.00
2026-09-04T07:00,,-5,0.00,17.70,75,0.00
2026-09-04T07:10,132,-5,0.00,17.70,75,0.40
2026-09-04T07:20,136,-3,0.00,17.70,75,0.40
2026-09-04T07:30,,-4,0.00,17.60,76,0.00
2026-09-04T07:40,163,-4,0.00,17.80,75,0.50
2026-09-04T07:50,187,-3,0.00,17.70,75,0.40
2026-09-04T08:00,,-3,0.00,18.00,74,0.00
2026-09-04T08:10,,-3,0.00,17.70,75,0.00
2026-09-04T08:20,,-5,0.00,18.00,74,0.00
2026-09-04T08:30,,-1,0.00,18.30,72,0.00
2026-09-04T08:40,,-2,0.00,18.40,73,0.00
2026-09-04T08:50,,-4,0.00,18.90,72,0.00
2026-09-04T09:00,,-8,0.00,18.70,72,0.00
2026-09-04T09:10,,-5,0.00,20.00,70,0.00
2026-09-04T09:20,49,-8,0.00,20.60,64,0.90
2026-09-04T09:30,,-2,0.00,21.00,63,0.00
2026-09-04T09:40,201,-2,0.00,20.30,65,0.90
2026-09-04T09:50,189,-2,0.00,20.40,65,0.90
2026-09-04T10:00,196,-1,0.00,20.50,66,0.90
2026-09-04T10:10,187,1,0.00,21.30,65,0.90
2026-09-04T10:20,200,-5,0.00,21.20,62,0.60
2026-09-04T10:30,259,-2,0.00,21.20,62,0.70
2026-09-04T10:40,247,-1,0.00,21.60,63,0.70
2026-09-04T10:50,255,-1,0.00,21.80,64,0.60
2026-09-04T11:00,247,-3,0.00,21.50,60,0.50
2026-09-04T11:10,304,0,0.00,22.00,63,0.50
2026-09-04T11:20,245,-1,0.00,22.20,61,0.60
2026-09-04T11:30,325,-1,0.00,22.50,64,0.90
2026-09-04T11:40,309,0,0.00,22.00,59,1.00
2026-09-04T11:50,313,0,0.00,22.40,64,1.10
2026-09-04T12:00,311,0,0.00,22.70,62,1.10
2026-09-04T12:10,286,-2,0.00,22.50,57,0.90
2026-09-04T12:20,283,0,0.00,22.70,57,1.00
2026-09-04T12:30,285,-6,0.00,22.80,55,1.10
2026-09-04T12:40,280,-1,0.00,22.70,59,1.10
2026-09-04T12:50,283,-2,0.00,23.00,56,0.80
2026-09-04T13:00,235,0,0.00,22.50,60,1.20
2026-09-04T13:10,251,0,0.00,23.00,56,0.90
2026-09-04T13:20,278,0,0.00,23.40,58,0.80
2026-09-04T13:30,258,0,0.00,23.60,58,0.90
2026-09-04T13:40,275,0,0.00,23.10,59,1.30
2026-09-04T13:50,278,-1,0.00,23.40,58,0.90
2026-09-04T14:00,270,0,0.00,24.00,60,0.60
2026-09-04T14:10,265,0,0.00,23.40,54,1.10
2026-09-04T14:20,233,-2,0.00,23.70,56,1.00
2026-09-04T14:30,258,-1,0.00,24.10,59,0.70
2026-09-04T14:40,319,-1,0.00,24.00,54,0.90
2026-09-04T14:50,220,-1,0.00,24.00,52,1.20
2026-09-04T15:00,234,-1,0.00,24.40,53,1.00
2026-09-04T15:10,291,-1,0.00,24.80,56,0.50
2026-09-04T15:20,221,-1,0.00,24.30,52,1.00
2026-09-04T15:30,224,-1,0.00,24.50,53,0.90
2026-09-04T15:40,281,0,0.00,24.60,56,1.30
2026-09-04T15:50,258,-2,0.00,24.00,57,1.10
2026-09-04T16:00,257,-1,0.00,24.50,51,1.10
2026-09-04T16:10,263,-1,0.00,24.30,53,1.40
2026-09-04T16:20,284,-2,0.00,24.30,57,1.10
2026-09-04T16:30,259,-1,0.00,23.90,53,1.30
2026-09-04T16:40,231,-2,0.00,24.10,50,1.10
2026-09-04T16:50,251,-2,0.00,24.20,51,1.20
2026-09-04T17:00,224,-1,0.00,24.70,53,0.80
2026-09-04T17:10,270,-1,0.00,24.40,53,0.90
2026-09-04T17:20,280,-2,0.00,24.60,50,0.80
2026-09-04T17:30,264,-2,0.00,23.90,52,1.10
2026-09-04T17:40,259,-2,0.00,24.30,50,0.70
2026-09-04T17:50,254,-1,0.00,24.20,51,0.90
2026-09-04T18:00,265,-3,0.00,24.10,52,1.10
2026-09-04T18:10,270,-2,0.00,24.00,50,0.90
2026-09-04T18:20,274,-3,0.00,24.00,51,1.30
2026-09-04T18:30,263,-3,0.00,23.60,52,1.20
2026-09-04T18:40,282,-2,0.00,23.50,52,1.00
2026-09-04T18:50,251,-2,0.00,23.30,51,1.10
2026-09-04T19:00,244,-2,0.00,22.90,52,1.10
2026-09-04T19:10,269,-3,0.00,22.70,54,0.60
2026-09-04T19:20,279,-3,0.00,21.90,55,0.60
2026-09-04T19:30,246,-2,0.00,21.70,54,0.90
2026-09-04T19:40,257,-2,0.00,21.10,56,0.80
2026-09-04T19:50,241,-2,0.00,20.30,56,1.20
2026-09-04T20:00,222,0,0.00,20.00,55,1.30
2026-09-04T20:10,229,-2,0.00,20.10,53,0.70
2026-09-04T20:20,232,-2,0.00,20.30,52,0.90
2026-09-04T20:30,241,-1,0.00,20.30,51,0.90
2026-09-04T20:40,250,-1,0.00,19.90,52,0.70
2026-09-04T20:50,226,-1,0.00,19.70,52,0.60
2026-09-04T21:00,255,-1,0.00,19.70,53,1.00
2026-09-04T21:10,250,-2,0.00,19.80,53,1.00
2026-09-04T21:20,244,-5,0.00,19.70,53,1.00
2026-09-04T21:30,219,0,0.00,20.10,51,1.20
2026-09-04T21:40,223,-3,0.00,20.20,51,0.90
2026-09-04T21:50,216,-3,0.00,20.20,52,1.00
2026-09-04T22:00,243,1,0.00,20.00,54,0.70
2026-09-04T22:10,228,-1,0.00,20.50,53,1.50
2026-09-04T22:20,227,-1,0.00,20.10,55,1.20
2026-09-04T22:30,209,-2,0.00,20.40,53,0.80
2026-09-04T22:40,218,0,0.00,20.20,53,0.90
2026-09-04T22:50,212,-3,0.00,19.70,54,0.80
2026-09-04T23:00,228,-3,0.00,19.90,54,0.90
2026-09-04T23:10,227,-4,0.00,20.00,54,1.00
2026-09-04T23:20,260,-3,0.00,20.20,52,0.90
2026-09-04T23:30,290,-2,0.00,19.90,53,0.60
2026-09-04T23:40,273,-4,0.00,19.60,54,0.60
2026-09-04T23:50,211,-2,0.00,19.30,54,1.00
2026-09-05T00:00,218,-1,0.00,19.50,54,1.30
2026-09-05T00:10,247,-2,0.00,19.80,54,1.10
2026-09-05T00:20,214,-2,0.00,19.80,55,0.90
2026-09-05T00:30,233,0,0.00,19.90,56,1.20
2026-09-05T00:40,224,-5,0.00,20.00,55,0.80
2026-09-05T00:50,238,-2,0.00,20.60,52,1.20
2026-09-05T01:00,238,-3,0.00,20.40,53,1.20
2026-09-05T01:10,238,-2,0.00,20.00,54,1.00
2026-09-05T01:20,231,-3,0.00,19.60,54,1.00
2026-09-05T01:30,223,-3,0.00,19.40,56,0.80
2026-09-05T01:40,160,-4,0.00,19.90,55,0.80
2026-09-05T01:50,209,-1,0.00,20.10,54,0.80
2026-09-05T02:00,215,-5,0.00,19.40,56,0.40
2026-09-05T02:10,189,-2,0.00,19.40,56,0.50
2026-09-05T02:20,171,-2,0.00,19.30,56,0.40
2026-09-05T02:30,,-3,0.00,19.10,57,0.00
2026-09-05T02:40,,-6,0.00,19.40,56,0.00
2026-09-05T02:50,205,-3,0.00,19.00,58,0.90
2026-09-05T03:00,,,0.00,18.60,60,
2026-09-05T03:10,224,-5,0.00,18.50,61,0.80
2026-09-05T03:20,261,-1,0.00,18.80,59,0.50
2026-09-05T03:30,286,-2,0.00,19.00,59,0.80
2026-09-05T03:40,276,-2,0.00,18.40,61,0.50
2026-09-05T03:50,223,-2,0.00,18.40,61,0.90
2026-09-05T04:00,232,-2,0.00,18.80,60,0.70
2026-09-05T04:10,216,-5,0.00,18.60,60,0.60
2026-09-05T04:20,255,-2,0.00,18.40,60,0.70
2026-09-05T04:30,214,-2,0.00,18.40,60,0.70
2026-09-05T04:40,269,-5,0.00,18.50,60,0.30
2026-09-05T04:50,189,-6,0.00,18.40,60,0.80
2026-09-05T05:00,199,-1,0.00,18.80,58,0.50
2026-09-05T05:10,199,-4,0.00,18.50,59,0.50
2026-09-05T05:20,,-3,0.00,18.80,58,0.00
2026-09-05T05:30,132,-3,0.00,19.40,56,0.70
2026-09-05T05:40,120,-5,0.00,18.90,58,0.60
2026-09-05T05:50,142,0,0.00,18.80,59,0.80
2026-09-05T06:00,154,-5,0.00,18.70,59,0.80
2026-09-05T06:10,,0,0.00,18.20,61,0.00
2026-09-05T06:20,,-1,0.00,18.10,61,0.00
2026-09-05T06:30,161,-3,0.00,18.10,61,0.30
2026-09-05T06:40,171,-5,0.00,18.00,62,0.70
2026-09-05T06:50,114,-2,0.00,18.00,62,0.80
2026-09-05T07:00,123,-3,0.00,17.80,63,1.20
2026-09-05T07:10,74,-6,0.00,18.90,59,0.60
2026-09-05T07:20,96,-4,0.00,18.20,61,1.20
2026-09-05T07:30,77,-8,0.00,17.90,63,0.70
2026-09-05T07:40,108,-11,0.00,18.00,63,0.50
2026-09-05T07:50,135,-4,0.00,17.70,64,0.40
2026-09-05T08:00,,-4,0.00,17.80,64,0.00
2026-09-05T08:10,137,-2,0.00,17.90,63,0.40
2026-09-05T08:20,62,-4,0.00,19.00,62,1.00
2026-09-05T08:30,72,-5,0.00,18.40,66,0.70
2026-09-05T08:40,90,-4,0.00,18.90,64,0.50
2026-09-05T08:50,237,-8,0.00,18.90,64,0.30
2026-09-05T09:00,182,-5,0.00,18.80,61,0.40
2026-09-05T09:10,,1,0.00,20.00,61,0.00
2026-09-05T09:20,,1,0.00,20.30,58,0.00
2026-09-05T09:30,,-2,0.00,20.80,59,0.00
2026-09-05T09:40,50,0,0.00,20.30,60,1.10
2026-09-05T09:50,49,0,0.00,20.70,60,1.20
2026-09-05T10:00,38,2,0.00,21.40,59,0.60
2026-09-05T10:10,270,-1,0.00,20.50,58,0.60
2026-09-05T10:20,261,2,0.00,20.60,58,0.50
2026-09-05T10:30,209,-1,0.00,21.00,59,0.80
2026-09-05T10:40,246,-1,0.00,21.30,59,0.60
2026-09-05T10:50,248,1,0.00,21.00,60,0.50
2026-09-05T11:00,219,0,0.00,21.60,63,0.60
2026-09-05T11:10,245,3,0.00,21.40,59,0.70
2026-09-05T11:20,223,1,0.00,21.80,58,0.80
2026-09-05T11:30,186,0,0.00,22.60,57,0.50
2026-09-05T11:40,254,0,0.00,21.90,59,1.00
2026-09-05T11:50,,0,0.00,22.30,60,0.00
2026-09-05T12:00,285,2,0.00,22.10,63,0.70
2026-09-05T12:10,270,1,0.00,22.70,65,0.40
2026-09-05T12:20,238,0,0.00,22.80,59,0.90
2026-09-05T12:30,226,0,0.00,23.10,64,0.80
2026-09-05T12:40,212,-2,0.00,23.30,59,0.40
2026-09-05T12:50,216,-2,0.00,23.90,58,0.90
2026-09-05T13:00,227,-1,0.00,23.70,57,0.50
2026-09-05T13:10,267,-1,0.00,23.50,59,0.50
2026-09-05T13:20,219,-1,0.00,24.40,55,0.50
2026-09-05T13:30,268,-2,0.00,24.30,56,0.80
2026-09-05T13:40,279,-1,0.00,24.70,57,0.70
2026-09-05T13:50,271,-1,0.00,24.80,55,1.00
2026-09-05T17:40,,-1,0.00,25.60,53,0.00
2026-09-05T17:50,232,-2,0.00,25.40,58,0.70
2026-09-05T18:00,136,-1,0.00,23.90,60,1.20
2026-09-05T18:10,102,-2,0.00,23.70,61,0.90
2026-09-05T18:20,65,-1,0.00,23.30,63,0.90
2026-09-05T18:30,351,-2,0.00,23.70,61,0.40
2026-09-05T18:40,294,-3,0.00,24.00,61,0.40
2026-09-05T18:50,199,-2,0.00,23.30,63,0.40
2026-09-05T19:00,,-2,0.00,23.10,63,0.00
2026-09-05T19:10,,-3,0.00,22.60,65,0.00
2026-09-05T19:20,133,-2,0.00,21.20,71,0.40
2026-09-05T19:30,149,-2,0.00,21.00,70,0.60
2026-09-05T19:40,,-1,0.00,20.60,72,0.00
2026-09-05T19:50,116,-4,0.00,21.00,70,0.40
2026-09-05T20:00,85,-3,0.00,21.00,72,0.80
2026-09-05T20:10,87,-1,0.00,20.60,73,0.80
