datetime,PREC,TEMP,UMID
2026-09-11T00:00,0.00,16.79,100
2026-09-11T00:10,0.00,16.90,99
2026-09-11T00:20,0.00,16.84,100
2026-09-11T00:30,0.00,16.77,100
2026-09-11T00:40,0.00,16.63,100
2026-09-11T00:50,0.00,16.60,100
2026-09-11T01:00,-999,16.59,100
2026-09-11T01:10,0.00,16.55,100
2026-09-11T01:20,0.00,16.45,100
2026-09-11T01:30,0.00,16.44,100
2026-09-11T01:40,0.00,16.43,100
2026-09-11T01:50,0.00,16.41,100
2026-09-11T02:00,0.00,16.44,100
2026-09-11T02:10,0.00,16.48,100
2026-09-11T02:20,0.00,16.42,100
2026-09-11T02:30,0.00,16.51,100
2026-09-11T02:40,0.00,16.46,100
2026-09-11T02:50,0.00,16.44,100
2026-09-11T03:00,0.00,16.19,100
2026-09-11T03:10,0.00,16.09,100
2026-09-11T03:20,0.00,16.24,100
2026-09-11T03:30,0.00,16.12,100
2026-09-11T03:40,0.00,16.10,100
2026-09-11T03:50,0.00,16.25,100
2026-09-11T04:00,0.00,16.25,100
2026-09-11T04:10,0.00,16.28,100
2026-09-11T04:20,0.00,16.27,100
2026-09-11T04:30,0.00,16.32,100
2026-09-11T04:40,0.00,16.28,100
2026-09-11T04:50,0.00,16.28,100
2026-09-11T05:00,0.00,16.13,100
2026-09-11T05:10,0.00,16.11,100
2026-09-11T05:20,0.00,16.14,100
2026-09-11T05:30,0.00,16.25,100
2026-09-11T05:40,0.00,16.30,100
2026-09-11T05:50,0.00,16.47,100
2026-09-11T06:00,0.00,16.45,100
2026-09-11T06:10,0.00,16.47,100
2026-09-11T06:20,0.00,16.44,100
2026-09-11T06:30,0.00,16.37,100
2026-09-11T06:40,0.00,16.47,100
2026-09-11T06:50,0.00,16.47,100
2026-09-11T07:00,-999,16.40,100
2026-09-11T07:10,0.00,16.34,100
2026-09-11T07:20,0.00,16.22,100
2026-09-11T07:30,0.00,16.21,100
2026-09-11T07:40,0.00,16.21,100
2026-09-11T07:50,0.00,16.26,100
2026-09-11T08:00,0.00,16.42,100
2026-09-11T08:10,0.00,16.52,100
2026-09-11T08:20,0.00,16.65,100
2026-09-11T08:30,0.00,17.24,100
2026-09-11T08:40,0.00,17.32,100
2026-09-11T08:50,0.00,17.24,100
2026-09-11T09:00,0.00,17.44,100
2026-09-11T09:10,0.00,17.71,98
2026-09-11T09:20,0.00,17.77,99
2026-09-11T09:30,0.00,18.03,98
2026-09-11T09:40,0.00,18.71,95
2026-09-11T09:50,0.00,19.48,93
2026-09-11T10:00,0.00,19.83,88
2026-09-11T10:10,0.00,19.64,86
2026-09-11T10:20,0.00,18.99,89
2026-09-11T10:30,0.00,18.97,91
2026-09-11T10:40,0.00,19.25,87
2026-09-11T10:50,0.00,19.94,80
2026-09-11T11:00,0.00,20.45,80
2026-09-11T11:10,0.00,20.00,82
2026-09-11T11:20,0.00,19.79,82
2026-09-11T11:30,0.00,20.01,79
2026-09-11T11:40,0.00,20.82,70
2026-09-11T11:50,0.00,21.50,68
2026-09-11T12:00,0.00,21.21,66
2026-09-11T12:10,0.00,21.16,64
2026-09-11T12:20,0.00,21.17,62
2026-09-11T12:30,0.00,21.24,61
2026-09-11T12:40,0.00,21.07,62
2026-09-11T12:50,0.00,20.90,63
2026-09-11T13:00,-999,20.91,65
2026-09-11T13:10,0.00,21.17,62
2026-09-11T13:20,0.00,21.36,63
2026-09-11T13:30,0.00,21.50,62
2026-09-11T13:40,0.00,21.15,63
2026-09-11T13:50,0.00,21.29,62
2026-09-11T14:00,0.00,21.47,63
2026-09-11T14:10,0.00,21.84,62
2026-09-11T14:20,0.00,22.08,61
2026-09-11T14:30,0.00,22.46,60
2026-09-11T14:40,0.00,22.88,60
2026-09-11T14:50,0.00,22.47,59
2026-09-11T15:00,0.00,21.95,63
2026-09-11T15:10,0.00,22.08,62
2026-09-11T15:20,0.00,23.19,58
2026-09-11T15:30,0.00,23.14,58
2026-09-11T15:40,0.00,22.96,57
2026-09-11T15:50,0.00,23.42,55
2026-09-11T16:00,0.00,22.97,56
2026-09-11T16:10,0.00,23.17,57
2026-09-11T16:20,0.00,23.47,55
2026-09-11T16:30,0.00,23.44,55
2026-09-11T16:40,0.00,22.91,57
2026-09-11T16:50,0.00,23.28,56
2026-09-11T17:00,0.00,23.68,53
2026-09-11T17:10,0.00,23.49,53
2026-09-11T17:20,0.00,23.42,53
2026-09-11T17:30,0.00,23.50,53
2026-09-11T17:40,0.00,23.87,51
2026-09-11T17:50,0.00,23.90,52
2026-09-11T18:00,0.00,23.66,51
2026-09-11T18:10,0.00,23.30,52
2026-09-11T18:20,0.00,23.33,52
2026-09-11T18:30,0.00,23.29,51
2026-09-11T18:40,0.00,23.31,51
2026-09-11T18:50,0.00,23.58,51
2026-09-11T19:00,0.00,22.83,54
2026-09-11T19:10,-999,22.40,54
2026-09-11T19:20,0.00,22.22,54
2026-09-11T19:30,0.00,22.09,54
2026-09-11T19:40,0.00,22.09,54
2026-09-11T19:50,0.00,21.91,55
2026-09-11T20:00,0.00,21.85,55
2026-09-11T20:10,0.00,21.69,57
2026-09-11T20:20,0.00,21.54,57
2026-09-11T20:30,0.00,21.31,59
2026-09-11T20:40,0.00,21.02,61
2026-09-11T20:50,0.00,20.53,63
2026-09-11T21:00,0.00,20.50,63
2026-09-11T21:10,0.00,20.59,63
2026-09-11T21:20,0.00,20.53,65
2026-09-11T21:30,0.00,20.48,65
2026-09-11T21:40,0.00,20.50,65
2026-09-11T21:50,0.00,20.59,64
2026-09-11T22:00,0.00,20.64,64
2026-09-11T22:10,0.00,20.45,65
2026-09-11T22:20,0.00,20.37,65
2026-09-11T22:30,0.00,20.40,64
2026-09-11T22:40,0.00,20.60,64
2026-09-11T22:50,0.00,20.57,64
2026-09-11T23:00,0.00,20.56,64
2026-09-11T23:10,0.00,20.55,64
2026-09-11T23:20,0.00,20.45,65
2026-09-11T23:30,0.00,20.36,65
2026-09-11T23:40,0.00,20.26,66
2026-09-11T23:50,0.00,20.15,66
2026-09-12T00:00,0.00,20.00,67
2026-09-12T00:10,0.00,19.79,68
2026-09-12T00:20,0.00,19.67,68
2026-09-12T00:30,0.00,19.60,68
2026-09-12T00:40,0.00,19.52,68
2026-09-12T00:50,0.00,19.59,68
2026-09-12T01:00,-999,19.63,67
2026-09-12T01:10,0.00,19.63,67
2026-09-12T01:20,0.00,19.66,67
2026-09-12T01:30,0.00,19.62,67
2026-09-12T01:40,0.00,19.58,67
2026-09-12T01:50,0.00,19.57,67
2026-09-12T02:00,0.00,19.64,67
2026-09-12T02:10,0.00,19.58,67
2026-09-12T02:20,0.00,19.48,67
2026-09-12T02:30,0.00,19.40,68
2026-09-12T02:40,0.00,19.34,68
2026-09-12T02:50,0.00,19.21,70
2026-09-12T03:00,0.00,19.04,71
2026-09-12T03:10,0.00,19.21,69
2026-09-12T03:20,0.00,19.26,69
2026-09-12T03:30,0.00,19.21,70
2026-09-12T03:40,0.00,19.06,71
2026-09-12T03:50,0.00,18.96,73
2026-09-12T04:00,0.00,18.77,76
2026-09-12T04:10,0.00,18.70,82
2026-09-12T04:20,0.00,18.64,88
2026-09-12T04:30,0.00,18.52,90
2026-09-12T04:40,0.00,18.37,93
2026-09-12T04:50,0.00,18.25,94
2026-09-12T05:00,0.00,18.21,94
2026-09-12T05:10,0.00,18.11,95
2026-09-12T05:20,0.00,18.08,95
2026-09-12T05:30,0.00,17.90,97
2026-09-12T05:40,0.00,17.84,96
2026-09-12T05:50,0.00,17.85,94
2026-09-12T06:00,0.00,17.84,93
2026-09-12T06:10,0.00,17.70,91
2026-09-12T06:20,0.00,17.61,94
2026-09-12T06:30,0.00,17.45,95
2026-09-12T06:40,0.00,17.51,92
2026-09-12T06:50,0.00,17.47,91
2026-09-12T07:00,-999,17.57,91
2026-09-12T07:10,0.00,17.69,92
2026-09-12T07:20,0.00,17.62,93
2026-09-12T07:30,0.00,17.72,88
2026-09-12T07:40,0.00,17.76,87
2026-09-12T07:50,0.00,17.68,88
2026-09-12T08:00,0.00,17.64,88
2026-09-12T08:10,0.00,17.58,88
2026-09-12T08:20,0.00,17.57,90
2026-09-12T08:30,0.00,17.53,89
2026-09-12T08:40,0.00,17.51,89
2026-09-12T08:50,0.00,17.75,87
2026-09-12T09:00,0.00,18.05,81
2026-09-12T09:10,0.00,18.41,79
2026-09-12T09:20,0.00,18.47,77
2026-09-12T09:30,0.00,18.77,69
2026-09-12T09:40,0.00,19.33,65
2026-09-12T09:50,0.00,20.22,62
2026-09-12T10:00,0.00,20.88,61
2026-09-12T10:10,0.00,20.58,62
2026-09-12T10:20,0.00,20.69,61
2026-09-12T10:30,0.00,20.55,64
2026-09-12T10:40,0.00,20.76,64
2026-09-12T10:50,0.00,20.84,63
2026-09-12T11:00,0.00,21.04,65
2026-09-12T11:10,0.00,21.71,63
2026-09-12T11:20,0.00,20.55,65
2026-09-12T11:30,0.00,21.25,65
2026-09-12T11:40,0.00,21.88,62
2026-09-12T11:50,0.00,21.47,62
2026-09-12T12:00,0.00,22.17,61
2026-09-12T12:10,0.00,22.51,59
2026-09-12T12:20,0.00,22.63,59
2026-09-12T12:30,0.00,23.06,57
2026-09-12T12:40,0.00,23.15,56
2026-09-12T12:50,0.00,22.83,57
2026-09-12T13:00,0.00,22.95,56
2026-09-12T13:10,-999,22.10,59
2026-09-12T13:20,0.00,23.07,56
2026-09-12T13:30,0.00,23.51,54
2026-09-12T13:40,0.00,23.17,56
2026-09-12T13:50,0.00,23.29,53
2026-09-12T14:00,0.00,23.51,54
2026-09-12T14:10,0.00,23.35,54
2026-09-12T14:20,0.00,23.66,53
2026-09-12T14:30,0.00,22.73,55
2026-09-12T14:40,0.00,23.58,52
2026-09-12T14:50,0.00,23.95,52
2026-09-12T15:00,0.00,24.06,51
2026-09-12T15:10,0.00,23.61,51
2026-09-12T15:20,0.00,23.58,49
2026-09-12T15:30,0.00,24.08,48
2026-09-12T15:40,0.00,24.25,50
2026-09-12T15:50,0.00,23.31,51
2026-09-12T16:00,0.00,23.36,51
2026-09-12T16:10,0.00,23.51,50
2026-09-12T16:20,0.00,23.47,51
2026-09-12T16:30,0.00,23.46,51
2026-09-12T16:40,0.00,23.60,50
2026-09-12T16:50,0.00,23.40,49
2026-09-12T17:00,0.00,23.39,49
2026-09-12T17:10,0.00,23.53,47
2026-09-12T17:20,0.00,23.42,48
2026-09-12T17:30,0.00,23.59,48
2026-09-12T17:40,0.00,23.65,48
2026-09-12T17:50,0.00,23.26,48
2026-09-12T18:00,0.00,23.13,49
2026-09-12T18:10,0.00,23.11,48
2026-09-12T18:20,0.00,23.31,47
2026-09-12T18:30,0.00,23.36,48
2026-09-12T18:40,0.00,23.41,47
2026-09-12T18:50,0.00,23.17,48
2026-09-12T19:00,0.00,22.83,50
2026-09-12T19:10,-999,22.61,51
2026-09-12T19:20,0.00,22.15,53
2026-09-12T19:30,0.00,21.89,54
2026-09-12T19:40,0.00,21.66,55
2026-09-12T19:50,0.00,21.67,55
2026-09-12T20:00,0.00,21.65,54
2026-09-12T20:10,0.00,21.66,54
2026-09-12T20:20,0.00,21.53,55
2026-09-12T20:30,0.00,21.37,56
2026-09-12T20:40,0.00,21.20,56
2026-09-12T20:50,0.00,21.07,56
2026-09-12T21:00,0.00,21.06,56
2026-09-12T21:10,0.00,20.72,59
2026-09-12T21:20,0.00,20.46,60
2026-09-12T21:30,0.00,20.47,60
2026-09-12T21:40,0.00,20.39,60
2026-09-12T21:50,0.00,20.39,60
2026-09-12T22:00,0.00,20.18,61
2026-09-12T22:10,0.00,19.96,62
2026-09-12T22:20,0.00,19.97,62
2026-09-12T22:30,0.00,19.92,61
2026-09-12T22:40,0.00,19.78,62
2026-09-12T22:50,0.00,19.74,62
2026-09-12T23:00,0.00,19.81,62
2026-09-12T23:10,0.00,19.88,61
2026-09-12T23:20,0.00,19.88,61
2026-09-12T23:30,0.00,19.78,62
2026-09-12T23:40,0.00,19.56,62
2026-09-12T23:50,0.00,19.44,62
2026-09-13T00:00,0.00,19.63,62
2026-09-13T00:10,0.00,19.74,61
2026-09-13T00:20,0.00,19.76,61
2026-09-13T00:30,0.00,19.89,60
2026-09-13T00:40,0.00,19.90,60
2026-09-13T00:50,0.00,19.34,63
2026-09-13T01:00,-999,19.28,62
2026-09-13T01:10,0.00,18.87,67
2026-09-13T01:20,0.00,18.27,70
2026-09-13T01:30,0.00,18.80,65
2026-09-13T01:40,0.00,19.05,65
2026-09-13T01:50,0.00,18.87,66
2026-09-13T02:00,0.00,19.10,65
2026-09-13T02:10,0.00,18.61,70
2026-09-13T02:20,0.00,18.40,71
2026-09-13T02:30,0.00,18.42,71
2026-09-13T02:40,0.00,18.44,71
2026-09-13T02:50,0.00,18.99,67
2026-09-13T03:00,0.00,19.32,65
2026-09-13T03:10,0.00,19.24,64
2026-09-13T03:20,0.00,19.10,64
2026-09-13T03:30,0.00,19.12,63
2026-09-13T03:40,0.00,18.97,64
2026-09-13T03:50,0.00,18.88,64
2026-09-13T04:00,0.00,18.82,64
2026-09-13T04:10,0.00,18.78,65
2026-09-13T04:20,0.00,18.75,66
2026-09-13T04:30,0.00,18.75,66
2026-09-13T04:40,0.00,18.78,65
2026-09-13T04:50,0.00,18.77,65
2026-09-13T05:00,0.00,18.62,66
2026-09-13T05:10,0.00,18.37,68
2026-09-13T05:20,0.00,18.25,69
2026-09-13T05:30,0.00,18.27,69
2026-09-13T05:40,0.00,18.39,68
2026-09-13T05:50,0.00,18.43,68
2026-09-13T06:00,0.00,18.28,70
2026-09-13T06:10,0.00,18.10,71
2026-09-13T06:20,0.00,18.06,70
2026-09-13T06:30,0.00,18.07,69
2026-09-13T06:40,0.00,18.28,67
2026-09-13T06:50,0.00,18.30,67
2026-09-13T07:00,0.00,18.16,67
2026-09-13T07:10,-999,18.27,67
2026-09-13T07:20,0.00,18.19,67
2026-09-13T07:30,0.00,18.27,66
2026-09-13T07:40,0.00,18.35,66
2026-09-13T07:50,0.00,18.16,69
2026-09-13T08:00,0.00,17.64,72
2026-09-13T08:10,0.00,17.99,69
2026-09-13T08:20,0.00,17.87,76
2026-09-13T08:30,0.00,18.02,76
2026-09-13T08:40,0.00,18.15,72
2026-09-13T08:50,0.00,18.67,67
2026-09-13T09:00,0.00,18.64,71
2026-09-13T09:10,0.00,18.76,68
2026-09-13T09:20,0.00,19.55,70
2026-09-13T09:30,0.00,19.94,70
2026-09-13T09:40,0.00,20.69,68
2026-09-13T09:50,0.00,21.23,67
2026-09-13T10:00,0.00,21.27,67
2026-09-13T10:10,0.00,21.60,65
2026-09-13T10:20,0.00,22.11,62
2026-09-13T10:30,0.00,22.82,55
2026-09-13T10:40,0.00,23.40,54
2026-09-13T10:50,0.00,23.04,51
2026-09-13T11:00,0.00,23.14,51
2026-09-13T11:10,0.00,23.13,50
2026-09-13T11:20,0.00,23.97,49
2026-09-13T11:30,0.00,24.57,47
2026-09-13T11:40,0.00,24.11,48
2026-09-13T11:50,0.00,23.43,51
2026-09-13T12:00,0.00,22.85,53
2026-09-13T12:10,0.00,23.38,52
2026-09-13T12:20,0.00,23.85,51
2026-09-13T12:30,0.00,24.14,52
2026-09-13T12:40,0.00,24.11,50
2026-09-13T12:50,0.00,24.53,50
2026-09-13T13:00,0.00,24.40,49
2026-09-13T13:10,-999,24.45,48
2026-09-13T13:20,0.00,23.86,51
2026-09-13T13:30,0.00,24.55,47
2026-09-13T13:40,0.00,23.75,47
2026-09-13T13:50,0.00,23.72,50
2026-09-13T14:00,0.00,24.23,50
2026-09-13T14:10,0.00,24.82,49
2026-09-13T14:20,0.00,25.10,48
2026-09-13T14:30,0.00,25.28,46
2026-09-13T14:40,0.00,25.32,47
2026-09-13T14:50,0.00,24.95,47
2026-09-13T15:00,0.00,25.52,45
2026-09-13T15:10,0.00,25.39,46
2026-09-13T15:20,0.00,24.95,46
2026-09-13T15:30,0.00,24.06,48
2026-09-13T15:40,0.00,24.49,49
2026-09-13T15:50,0.00,25.20,45
2026-09-13T16:00,0.00,24.74,45
2026-09-13T16:10,0.00,24.25,46
2026-09-13T16:20,0.00,24.61,45
2026-09-13T16:30,0.00,25.02,45
2026-09-13T16:40,0.00,25.28,44
2026-09-13T16:50,0.00,25.30,44
2026-09-13T17:00,0.00,25.13,44
2026-09-13T17:10,0.00,24.36,46
2026-09-13T17:20,0.00,24.26,46
2026-09-13T17:30,0.00,24.06,47
2026-09-13T17:40,0.00,24.21,47
2026-09-13T17:50,0.00,24.34,46
2026-09-13T18:00,0.00,24.18,46
2026-09-13T18:10,0.00,24.03,47
2026-09-13T18:20,0.00,23.98,47
2026-09-13T18:30,0.00,24.08,47
2026-09-13T18:40,0.00,23.93,48
2026-09-13T18:50,0.00,23.80,47
2026-09-13T19:00,0.00,23.66,48
2026-09-13T19:10,-999,23.52,48
2026-09-13T19:20,0.00,23.34,48
2026-09-13T19:30,0.00,23.11,49
2026-09-13T19:40,0.00,22.90,49
2026-09-13T19:50,0.00,22.63,49
2026-09-13T20:00,0.00,22.63,49
2026-09-13T20:10,0.00,22.72,49
2026-09-13T20:20,0.00,22.69,50
2026-09-13T20:30,0.00,22.58,50
2026-09-13T20:40,0.00,22.52,51
2026-09-13T20:50,0.00,22.45,51
2026-09-13T21:00,0.00,22.47,50
2026-09-13T21:10,0.00,21.96,53
2026-09-13T21:20,0.00,21.64,54
2026-09-13T21:30,0.00,21.44,55
2026-09-13T21:40,0.00,21.24,56
2026-09-13T21:50,0.00,20.83,58
2026-09-13T22:00,0.00,20.75,58
2026-09-13T22:10,0.00,20.76,58
2026-09-13T22:20,0.00,20.89,57
2026-09-13T22:30,0.00,20.97,57
2026-09-13T22:40,0.00,20.80,58
2026-09-13T22:50,0.00,20.61,59
2026-09-13T23:00,0.00,20.61,59
2026-09-13T23:10,0.00,20.74,59
2026-09-13T23:20,0.00,20.76,58
2026-09-13T23:30,0.00,20.88,58
2026-09-13T23:40,0.00,21.22,57
2026-09-13T23:50,0.00,20.79,59
2026-09-14T00:00,0.00,20.92,58
2026-09-14T00:10,0.00,20.28,61
2026-09-14T00:20,0.00,20.07,63
2026-09-14T00:30,0.00,19.85,65
2026-09-14T00:40,0.00,19.68,66
2026-09-14T00:50,0.00,19.54,67
2026-09-14T01:00,-999,19.53,67
2026-09-14T01:10,0.00,19.69,67
2026-09-14T01:20,0.00,19.63,67
2026-09-14T01:30,0.00,19.54,68
2026-09-14T01:40,0.00,19.42,68
2026-09-14T01:50,0.00,19.24,69
2026-09-14T02:00,0.00,19.31,69
2026-09-14T02:10,0.00,19.22,70
2026-09-14T02:20,0.00,19.15,70
2026-09-14T02:30,0.00,19.03,70
2026-09-14T02:40,0.00,18.99,70
2026-09-14T02:50,0.00,18.91,69
2026-09-14T03:00,0.00,19.28,66
2026-09-14T03:10,0.00,19.21,67
2026-09-14T03:20,0.00,19.16,66
2026-09-14T03:30,0.00,19.64,64
2026-09-14T03:40,0.00,18.72,70
2026-09-14T03:50,0.00,17.94,74
2026-09-14T04:00,0.00,17.88,73
2026-09-14T04:10,0.00,18.36,71
2026-09-14T04:20,0.00,18.78,68
2026-09-14T04:30,0.00,18.90,68
2026-09-14T04:40,0.00,18.76,68
2026-09-14T04:50,0.00,18.56,69
2026-09-14T05:00,0.00,18.25,71
2026-09-14T05:10,0.00,17.95,74
2026-09-14T05:20,0.00,17.98,76
2026-09-14T05:30,0.00,18.18,75
2026-09-14T05:40,0.00,18.45,72
2026-09-14T05:50,0.00,18.45,73
2026-09-14T06:00,0.00,18.35,73
2026-09-14T06:10,0.00,18.48,72
2026-09-14T06:20,0.00,18.76,70
2026-09-14T06:30,0.00,18.65,70
2026-09-14T06:40,0.00,18.39,71
2026-09-14T06:50,0.00,17.91,74
2026-09-14T07:00,-999,17.74,77
2026-09-14T07:10,0.00,17.69,77
2026-09-14T07:20,0.00,17.90,74
2026-09-14T07:30,0.00,18.10,74
2026-09-14T07:40,0.00,18.13,74
2026-09-14T07:50,0.00,18.33,74
2026-09-14T08:00,0.00,18.82,71
2026-09-14T08:10,0.00,19.77,68
2026-09-14T08:20,0.00,19.83,66
2026-09-14T08:30,0.00,20.07,64
2026-09-14T08:40,0.00,20.27,66
2026-09-14T08:50,0.00,20.21,67
2026-09-14T09:00,0.00,20.62,65
2026-09-14T09:10,0.00,21.57,63
2026-09-14T09:20,0.00,21.66,63
2026-09-14T09:30,0.00,21.88,62
2026-09-14T09:40,0.00,22.31,59
2026-09-14T09:50,0.00,22.43,56
2026-09-14T10:00,0.00,22.53,57
2026-09-14T10:10,0.00,22.82,57
2026-09-14T10:20,0.00,23.43,55
2026-09-14T10:30,0.00,23.26,56
2026-09-14T10:40,0.00,23.32,56
2026-09-14T10:50,0.00,23.18,57
2026-09-14T11:00,0.00,23.45,57
2026-09-14T11:10,0.00,23.42,56
2026-09-14T11:20,0.00,23.06,57
2026-09-14T11:30,0.00,23.21,58
2026-09-14T11:40,0.00,23.93,56
2026-09-14T11:50,0.00,24.25,57
2026-09-14T12:00,0.00,24.52,54
2026-09-14T12:10,0.00,24.52,52
2026-09-14T12:20,0.00,24.68,52
2026-09-14T12:30,0.00,24.94,48
2026-09-14T12:40,0.00,25.22,50
2026-09-14T12:50,0.00,25.09,48
2026-09-14T13:00,0.00,25.26,50
2026-09-14T13:10,-999,25.43,49
2026-09-14T13:20,0.00,25.61,51
2026-09-14T13:30,0.00,25.42,54
2026-09-14T13:40,0.00,25.93,51
2026-09-14T13:50,0.00,25.46,51
2026-09-14T14:00,0.00,25.71,50
2026-09-14T14:10,0.00,25.47,50
2026-09-14T14:20,0.00,25.68,50
2026-09-14T14:30,0.00,25.84,52
2026-09-14T14:40,0.00,25.98,50
2026-09-14T14:50,0.00,25.84,50
2026-09-14T15:00,0.00,25.68,50
2026-09-14T15:10,0.00,25.76,49
2026-09-14T15:20,0.00,25.93,49
2026-09-14T15:30,0.00,26.06,49
2026-09-14T15:40,0.00,25.76,49
2026-09-14T15:50,0.00,25.69,48
2026-09-14T16:00,0.00,25.79,48
2026-09-14T16:10,0.00,25.73,49
2026-09-14T16:20,0.00,25.97,49
2026-09-14T16:30,0.00,25.79,47
2026-09-14T16:40,0.00,25.64,49
2026-09-14T16:50,0.00,25.56,49
2026-09-14T17:00,0.00,25.63,47
2026-09-14T17:10,0.00,25.45,48
2026-09-14T17:20,0.00,25.49,47
2026-09-14T17:30,0.00,25.49,46
2026-09-14T17:40,0.00,25.45,46
2026-09-14T17:50,0.00,25.35,46
2026-09-14T18:00,0.00,25.24,46
2026-09-14T18:10,0.00,25.23,47
2026-09-14T18:20,0.00,25.16,48
2026-09-14T18:30,0.00,25.01,49
2026-09-14T18:40,0.00,24.82,49
2026-09-14T18:50,0.00,24.63,50
2026-09-14T19:00,0.00,24.45,51
2026-09-14T19:10,-999,24.30,51
2026-09-14T19:20,0.00,24.21,52
2026-09-14T19:30,0.00,24.03,52
2026-09-14T19:40,0.00,24.00,52
2026-09-14T19:50,0.00,23.93,53
2026-09-14T20:00,0.00,23.72,54
2026-09-14T20:10,0.00,23.63,54
2026-09-14T20:20,0.00,23.64,54
2026-09-14T20:30,0.00,23.57,54
2026-09-14T20:40,0.00,23.60,54
2026-09-14T20:50,0.00,23.46,54
2026-09-14T21:00,0.00,22.99,56
2026-09-14T21:10,0.00,22.91,56
2026-09-14T21:20,0.00,23.18,55
2026-09-14T21:30,0.00,23.24,55
2026-09-14T21:40,0.00,23.11,56
2026-09-14T21:50,0.00,22.85,57
2026-09-14T22:00,0.00,22.72,57
2026-09-14T22:10,0.00,22.93,56
2026-09-14T22:20,0.00,22.75,58
2026-09-14T22:30,0.00,22.26,60
2026-09-14T22:40,0.00,22.19,59
2026-09-14T22:50,0.00,22.53,57
2026-09-14T23:00,0.00,22.77,56
2026-09-14T23:10,0.00,22.81,56
2026-09-14T23:20,0.00,22.68,56
2026-09-14T23:30,0.00,22.60,56
2026-09-14T23:40,0.00,22.32,58
2026-09-14T23:50,0.00,22.13,58
2026-09-15T00:00,0.00,21.93,59
2026-09-15T00:10,0.00,21.54,61
2026-09-15T00:20,0.00,21.42,61
2026-09-15T00:30,0.00,21.48,61
2026-09-15T00:40,0.00,21.66,59
2026-09-15T00:50,0.00,21.95,58
2026-09-15T01:00,-999,21.87,58
2026-09-15T01:10,0.00,21.79,59
2026-09-15T01:20,0.00,21.60,60
2026-09-15T01:30,0.00,21.73,58
2026-09-15T01:40,0.00,21.64,59
2026-09-15T01:50,0.00,21.80,58
2026-09-15T02:00,0.00,21.70,58
2026-09-15T02:10,0.00,21.62,58
2026-09-15T02:20,0.00,21.54,59
2026-09-15T02:30,0.00,21.61,57
2026-09-15T02:40,0.00,21.38,59
2026-09-15T02:50,0.00,21.03,61
2026-09-15T03:00,0.00,20.66,62
2026-09-15T03:10,0.00,20.62,61
2026-09-15T03:20,0.00,20.70,60
2026-09-15T03:30,0.00,20.51,61
2026-09-15T03:40,0.00,20.42,61
2026-09-15T03:50,0.00,20.30,62
2026-09-15T04:00,0.00,20.09,63
2026-09-15T04:10,0.00,20.05,64
2026-09-15T04:20,0.00,19.69,68
2026-09-15T04:30,0.00,19.21,70
2026-09-15T04:40,0.00,19.27,67
2026-09-15T04:50,0.00,19.91,61
2026-09-15T05:00,0.00,20.54,57
2026-09-15T05:10,0.00,20.70,57
2026-09-15T05:20,0.00,20.63,59
2026-09-15T05:30,0.00,19.41,69
2026-09-15T05:40,0.00,18.79,72
2026-09-15T05:50,0.00,18.62,74
2026-09-15T06:00,0.00,18.56,74
2026-09-15T06:10,0.00,18.51,70
2026-09-15T06:20,0.00,19.40,62
2026-09-15T06:30,0.00,19.98,59
2026-09-15T06:40,0.00,20.22,59
2026-09-15T06:50,0.00,19.41,65
2026-09-15T07:00,0.00,18.72,65
2026-09-15T07:10,-999,18.50,69
2026-09-15T07:20,0.00,18.77,66
2026-09-15T07:30,0.00,18.59,71
2026-09-15T07:40,0.00,18.43,73
2026-09-15T07:50,0.00,18.29,75
2026-09-15T08:00,0.00,18.38,74
2026-09-15T08:10,0.00,18.47,75
2026-09-15T08:20,0.00,18.87,73
2026-09-15T08:30,0.00,19.08,72
2026-09-15T08:40,0.00,19.48,70
2026-09-15T08:50,0.00,20.03,64
2026-09-15T09:00,0.00,20.23,68
2026-09-15T09:10,0.00,20.50,65
2026-09-15T09:20,0.00,20.99,63
2026-09-15T09:30,0.00,20.92,62
2026-09-15T09:40,0.00,21.03,65
2026-09-15T09:50,0.00,21.13,64
2026-09-15T10:00,0.00,21.11,61
2026-09-15T10:10,0.00,21.28,62
2026-09-15T10:20,0.00,21.66,57
2026-09-15T10:30,0.00,21.77,56
2026-09-15T10:40,0.00,21.64,55
2026-09-15T10:50,0.00,22.32,56
2026-09-15T11:00,0.00,22.82,54
2026-09-15T11:10,0.00,23.02,54
2026-09-15T11:20,0.00,22.78,55
2026-09-15T11:30,0.00,23.11,54
2026-09-15T11:40,0.00,23.19,54
2026-09-15T11:50,0.00,23.34,53
2026-09-15T12:00,0.00,23.80,52
2026-09-15T12:10,0.00,23.86,52
2026-09-15T12:20,0.00,23.91,50
2026-09-15T12:30,0.00,23.73,52
2026-09-15T12:40,0.00,23.88,52
2026-09-15T12:50,0.00,24.18,50
2026-09-15T13:00,0.00,24.48,51
2026-09-15T13:10,-999,24.47,48
2026-09-15T13:20,0.00,24.68,50
2026-09-15T13:30,0.00,24.76,49
2026-09-15T13:40,0.00,24.76,50
2026-09-15T13:50,0.00,24.68,50
2026-09-15T14:00,0.00,25.39,48
2026-09-15T14:10,0.00,25.43,49
2026-09-15T14:20,0.00,25.85,48
2026-09-15T14:30,0.00,26.30,49
2026-09-15T14:40,0.00,25.49,49
2026-09-15T14:50,0.00,25.64,47
2026-09-15T15:00,0.00,24.94,49
2026-09-15T15:10,0.00,24.88,51
2026-09-15T15:20,0.00,24.94,50
2026-09-15T15:30,0.00,25.10,50
2026-09-15T15:40,0.00,25.59,49
2026-09-15T15:50,0.00,25.22,49
2026-09-15T16:00,0.00,25.20,49
2026-09-15T16:10,0.00,25.87,46
2026-09-15T16:20,0.00,25.52,46
2026-09-15T16:30,0.00,25.18,49
2026-09-15T16:40,0.00,24.85,49
2026-09-15T16:50,0.00,24.55,49
2026-09-15T17:00,0.00,24.59,49
2026-09-15T17:10,0.00,24.85,49
2026-09-15T17:20,0.00,24.90,49
2026-09-15T17:30,0.00,24.83,49
2026-09-15T17:40,0.00,25.07,47
2026-09-15T17:50,0.00,25.11,47
2026-09-15T18:00,0.00,25.52,47
2026-09-15T18:10,0.00,25.66,47
2026-09-15T18:20,-999,26.01,45
2026-09-15T18:30,0.00,24.78,50
2026-09-15T18:40,0.00,24.34,50
2026-09-15T18:50,0.00,24.18,51
2026-09-15T19:00,0.00,23.98,51
2026-09-15T19:10,0.00,23.85,51
2026-09-15T19:20,0.00,23.75,51
2026-09-15T19:30,0.00,23.55,52
2026-09-15T19:40,0.00,23.43,53
2026-09-15T19:50,0.00,23.35,53
2026-09-15T20:00,0.00,23.27,53
2026-09-15T20:10,0.00,23.16,54
2026-09-15T20:20,0.00,22.93,55
2026-09-15T20:30,0.00,22.70,56
2026-09-15T20:40,0.00,22.51,56
2026-09-15T20:50,0.00,22.56,56
2026-09-15T21:00,0.00,22.32,57
2026-09-15T21:10,0.00,22.16,57
2026-09-15T21:20,0.00,22.02,58
2026-09-15T21:30,0.00,21.90,59
2026-09-15T21:40,0.00,21.74,60
2026-09-15T21:50,0.00,21.71,60
2026-09-15T22:00,0.00,21.61,61
2026-09-15T22:10,0.00,21.53,61
2026-09-15T22:20,0.00,21.47,62
2026-09-15T22:30,0.00,21.40,62
2026-09-15T22:40,0.00,21.41,62
2026-09-15T22:50,0.00,21.50,61
2026-09-15T23:00,0.00,21.46,61
2026-09-15T23:10,0.00,21.52,60
2026-09-15T23:20,0.00,21.66,59
2026-09-15T23:30,0.00,21.68,59
2026-09-15T23:40,0.00,21.75,59
2026-09-15T23:50,0.00,21.82,58
2026-09-16T00:00,0.00,21.84,58
2026-09-16T00:10,0.00,21.65,59
2026-09-16T00:20,0.00,21.43,60
2026-09-16T00:30,-999,20.93,63
2026-09-16T00:40,0.00,20.70,63
2026-09-16T00:50,0.00,20.68,63
2026-09-16T01:00,0.00,20.88,62
2026-09-16T01:10,0.00,20.87,62
2026-09-16T01:20,0.00,20.51,64
2026-09-16T01:30,0.00,20.68,63
2026-09-16T01:40,0.00,20.99,61
2026-09-16T01:50,0.00,21.08,61
2026-09-16T02:00,0.00,21.16,60
2026-09-16T02:10,0.00,21.29,60
2026-09-16T02:20,0.00,21.49,59
2026-09-16T02:30,0.00,21.54,59
2026-09-16T02:40,0.00,21.48,59
2026-09-16T02:50,0.00,21.45,59
2026-09-16T03:00,0.00,21.37,59
2026-09-16T03:10,0.00,21.42,60
2026-09-16T03:20,0.00,21.14,62
2026-09-16T03:30,0.00,20.84,63
2026-09-16T03:40,0.00,20.50,66
2026-09-16T03:50,0.00,20.15,68
2026-09-16T04:00,0.00,20.29,66
2026-09-16T04:10,0.00,20.44,65
2026-09-16T04:20,0.00,20.44,63
2026-09-16T04:30,0.00,20.36,63
2026-09-16T04:40,0.00,20.32,63
2026-09-16T04:50,0.00,20.32,63
2026-09-16T05:00,0.00,20.33,65
2026-09-16T05:10,0.00,20.22,65
2026-09-16T05:20,0.00,20.24,66
2026-09-16T05:30,0.00,20.23,66
2026-09-16T05:40,0.00,20.22,66
2026-09-16T05:50,0.00,20.33,64
2026-09-16T06:00,0.00,20.60,63
2026-09-16T06:10,0.00,20.60,63
2026-09-16T06:20,0.00,20.55,63
2026-09-16T06:30,0.00,20.65,62
2026-09-16T06:40,0.00,20.62,62
2026-09-16T06:50,0.00,20.66,62
2026-09-16T07:00,-999,20.63,62
2026-09-16T07:10,0.00,20.58,62
2026-09-16T07:20,0.00,20.54,62
2026-09-16T07:30,0.00,20.60,62
2026-09-16T07:40,0.00,20.62,62
2026-09-16T07:50,0.00,20.70,60
2026-09-16T08:00,0.00,20.84,60
2026-09-16T08:10,0.00,20.84,60
2026-09-16T08:20,0.00,20.78,61
2026-09-16T08:30,0.00,20.77,61
2026-09-16T08:40,0.00,20.80,61
2026-09-16T08:50,0.00,20.88,61
2026-09-16T09:00,0.00,20.95,63
2026-09-16T09:10,0.00,21.01,67
2026-09-16T09:20,0.00,21.07,72
2026-09-16T09:30,0.00,21.25,70
2026-09-16T09:40,0.00,21.44,68
2026-09-16T09:50,0.00,21.84,66
2026-09-16T10:00,0.00,22.17,62
2026-09-16T10:10,0.00,22.82,60
2026-09-16T10:20,0.00,23.16,58
2026-09-16T10:30,0.00,23.26,57
2026-09-16T10:40,0.00,22.93,59
2026-09-16T10:50,0.00,23.20,57
2026-09-16T11:00,0.00,23.45,57
2026-09-16T11:10,0.00,23.84,54
2026-09-16T11:20,0.00,23.96,55
2026-09-16T11:30,0.00,24.34,53
2026-09-16T11:40,0.00,24.93,51
2026-09-16T11:50,0.00,24.97,52
2026-09-16T12:00,0.00,24.92,52
2026-09-16T12:10,0.00,24.68,52
2026-09-16T12:20,0.00,24.78,52
2026-09-16T12:30,0.00,24.76,52
2026-09-16T12:40,0.00,24.59,52
2026-09-16T12:50,0.00,24.61,51
2026-09-16T13:00,0.00,24.65,51
2026-09-16T13:10,-999,24.53,52
2026-09-16T13:20,0.00,24.47,52
2026-09-16T13:30,0.00,24.56,53
2026-09-16T13:40,0.00,24.76,52
2026-09-16T13:50,0.00,24.89,50
2026-09-16T14:00,0.00,25.26,52
2026-09-16T14:10,0.00,25.58,50
2026-09-16T14:20,0.00,25.76,50
2026-09-16T14:30,0.00,25.38,50
2026-09-16T14:40,0.00,25.69,51
2026-09-16T14:50,0.00,25.57,49
2026-09-16T15:00,0.00,25.24,50
2026-09-16T15:10,0.00,25.89,50
2026-09-16T15:20,0.00,25.59,50
2026-09-16T15:30,0.00,25.18,51
2026-09-16T15:40,0.00,25.24,51
2026-09-16T15:50,0.00,24.79,52
2026-09-16T16:00,0.00,24.84,51
2026-09-16T16:10,0.00,24.70,52
2026-09-16T16:20,0.00,24.59,52
2026-09-16T16:30,0.00,24.48,53
2026-09-16T16:40,0.00,24.43,53
2026-09-16T16:50,0.00,24.49,53
2026-09-16T17:00,0.00,24.57,53
2026-09-16T17:10,0.00,24.62,52
2026-09-16T17:20,0.00,24.51,53
2026-09-16T17:30,0.00,24.59,53
2026-09-16T17:40,0.00,24.60,52
2026-09-16T17:50,0.00,24.42,52
2026-09-16T18:00,0.00,24.31,52
2026-09-16T18:10,0.00,24.30,52
2026-09-16T18:20,0.00,24.21,53
2026-09-16T18:30,0.00,24.16,52
2026-09-16T18:40,0.00,23.93,52
2026-09-16T18:50,-999,23.90,52
2026-09-16T19:00,0.00,23.80,52
2026-09-16T19:10,0.00,23.70,53
2026-09-16T19:20,0.00,23.60,53
2026-09-16T19:30,0.00,23.53,53
2026-09-16T19:40,0.00,23.41,54
2026-09-16T19:50,0.00,23.24,55
2026-09-16T20:00,0.00,23.15,55
2026-09-16T20:10,0.00,23.04,56
2026-09-16T20:20,0.00,23.06,55
2026-09-16T20:30,0.00,22.74,57
2026-09-16T20:40,0.00,22.63,57
2026-09-16T20:50,0.00,22.92,56
2026-09-16T21:00,0.00,22.58,58
2026-09-16T21:10,0.00,22.13,60
2026-09-16T21:20,0.00,22.22,59
2026-09-16T21:30,0.00,22.22,59
2026-09-16T21:40,0.00,22.10,60
2026-09-16T21:50,0.00,22.01,61
2026-09-16T22:00,0.00,21.83,61
2026-09-16T22:10,0.00,21.93,60
2026-09-16T22:20,0.00,22.18,58
2026-09-16T22:30,0.00,22.45,57
2026-09-16T22:40,0.00,21.60,64
2026-09-16T22:50,0.00,21.69,63
2026-09-16T23:00,0.00,21.46,64
2026-09-16T23:10,0.00,21.54,63
2026-09-16T23:20,0.00,21.29,67
2026-09-16T23:30,0.00,20.89,70
2026-09-16T23:40,0.00,20.38,75
2026-09-16T23:50,0.00,19.89,85
2026-09-17T00:00,0.00,19.91,78
2026-09-17T00:10,0.20,19.82,79
2026-09-17T00:20,0.00,18.28,88
2026-09-17T00:30,0.00,17.69,89
2026-09-17T00:40,-999,17.51,80
2026-09-17T00:50,3.00,17.35,87
2026-09-17T01:00,0.20,16.67,99
2026-09-17T01:10,0.00,16.41,100
2026-09-17T01:20,0.00,16.48,100
2026-09-17T01:30,0.00,16.28,100
2026-09-17T01:40,0.00,16.21,100
2026-09-17T01:50,0.00,16.28,100
2026-09-17T02:00,0.00,16.27,100
2026-09-17T02:10,0.00,16.30,100
2026-09-17T02:20,0.00,16.33,100
2026-09-17T02:30,0.00,16.31,100
2026-09-17T02:40,0.00,16.65,100
2026-09-17T02:50,0.00,16.88,100
2026-09-17T03:00,0.00,16.96,100
2026-09-17T03:10,0.00,17.38,95
2026-09-17T03:20,0.00,17.09,100
2026-09-17T03:30,0.20,16.95,100
2026-09-17T03:40,0.00,16.72,100
2026-09-17T03:50,0.00,16.56,100
2026-09-17T04:00,0.00,16.46,100
2026-09-17T04:10,0.00,16.49,100
2026-09-17T04:20,0.00,16.48,100
2026-09-17T04:30,0.00,16.70,100
2026-09-17T04:40,0.00,16.89,98
2026-09-17T04:50,0.80,16.82,95
2026-09-17T05:00,14.40,15.68,99
2026-09-17T05:10,8.60,14.68,100
2026-09-17T05:20,8.60,14.71,100
2026-09-17T05:30,7.80,14.72,100
2026-09-17T05:40,3.00,14.68,100
2026-09-17T05:50,0.20,14.56,100
2026-09-17T06:00,1.80,14.63,100
2026-09-17T06:10,2.60,14.76,100
2026-09-17T06:20,2.40,14.83,100
2026-09-17T06:30,2.80,14.64,100
2026-09-17T06:40,2.00,14.57,100
2026-09-17T06:50,1.60,14.63,100
2026-09-17T07:00,-999,14.68,100
2026-09-17T07:10,0.20,14.68,100
2026-09-17T07:20,0.20,14.71,100
2026-09-17T07:30,0.00,14.73,100
2026-09-17T07:40,0.00,14.76,100
2026-09-17T07:50,0.00,14.82,100
2026-09-17T08:00,0.00,14.96,100
2026-09-17T08:10,0.00,14.99,100
2026-09-17T08:20,0.40,15.07,100
2026-09-17T08:30,0.00,15.04,100
2026-09-17T08:40,0.00,15.02,100
2026-09-17T08:50,0.00,15.03,100
2026-09-17T09:00,0.00,15.05,100
2026-09-17T09:10,0.00,15.12,100
2026-09-17T09:20,0.00,15.16,100
2026-09-17T09:30,0.00,15.16,100
2026-09-17T09:40,0.00,15.24,100
2026-09-17T09:50,0.00,15.93,100
2026-09-17T10:00,0.00,16.62,100
2026-09-17T10:10,0.00,17.22,100
2026-09-17T10:20,0.00,17.82,100
2026-09-17T10:30,0.00,18.30,100
2026-09-17T10:40,0.00,18.98,98
2026-09-17T10:50,0.00,19.75,94
2026-09-17T11:00,0.00,20.43,87
2026-09-17T11:10,0.00,20.49,78
2026-09-17T11:20,0.00,20.77,80
2026-09-17T11:30,0.00,20.73,76
2026-09-17T11:40,0.00,21.15,76
2026-09-17T11:50,0.00,21.22,72
2026-09-17T12:00,0.00,21.37,72
2026-09-17T12:10,0.00,21.76,67
2026-09-17T12:20,0.00,21.66,67
2026-09-17T12:30,0.00,21.05,69
2026-09-17T12:40,0.00,21.02,70
2026-09-17T12:50,0.00,21.23,69
2026-09-17T13:00,0.00,20.95,66
2026-09-17T13:10,-999,20.52,66
2026-09-17T13:20,0.00,20.40,66
2026-09-17T13:30,0.00,20.21,67
2026-09-17T13:40,0.00,20.12,64
2026-09-17T13:50,0.00,20.08,65
2026-09-17T14:00,0.00,20.23,66
2026-09-17T14:10,0.00,20.25,69
2026-09-17T14:20,0.00,19.96,71
2026-09-17T14:30,0.00,19.19,83
2026-09-17T14:40,0.00,18.98,78
2026-09-17T14:50,0.00,19.03,80
2026-09-17T15:00,0.00,19.18,76
2026-09-17T15:10,0.00,19.15,76
2026-09-17T15:20,0.00,19.35,76
2026-09-17T15:30,0.00,19.74,74
2026-09-17T15:40,0.00,19.21,73
2026-09-17T15:50,0.00,19.58,72
2026-09-17T16:00,0.00,19.96,70
2026-09-17T16:10,0.00,20.04,70
2026-09-17T16:20,0.00,20.20,69
2026-09-17T16:30,0.00,20.09,70
2026-09-17T16:40,0.00,20.08,70
2026-09-17T16:50,0.00,20.29,68
2026-09-17T17:00,0.00,20.30,68
2026-09-17T17:10,0.00,20.06,69
2026-09-17T17:20,0.00,20.10,70
2026-09-17T17:30,0.00,20.30,70
2026-09-17T17:40,0.00,20.04,71
2026-09-17T17:50,0.00,19.94,72
2026-09-17T18:00,0.00,19.93,71
2026-09-17T18:10,0.00,19.74,70
2026-09-17T18:20,0.00,19.60,71
2026-09-17T18:30,0.00,19.52,73
2026-09-17T18:40,0.00,19.24,75
2026-09-17T18:50,0.00,19.14,75
2026-09-17T19:00,0.00,19.00,76
2026-09-17T19:10,-999,18.91,76
2026-09-17T19:20,0.00,18.90,76
2026-09-17T19:30,0.00,18.90,75
2026-09-17T19:40,0.00,18.89,74
2026-09-17T19:50,0.00,18.86,74
2026-09-17T20:00,0.00,18.74,76
2026-09-17T20:10,0.00,18.51,90
2026-09-17T20:20,0.00,18.33,94
2026-09-17T20:30,0.00,18.22,94
2026-09-17T20:40,0.00,18.12,96
2026-09-17T20:50,0.00,18.07,95
2026-09-17T21:00,0.00,18.07,93
2026-09-17T21:10,0.00,18.03,90
2026-09-17T21:20,0.00,17.99,92
2026-09-17T21:30,0.00,17.98,91
2026-09-17T21:40,0.00,17.92,92
2026-09-17T21:50,0.00,17.80,89
2026-09-17T22:00,0.00,17.79,87
2026-09-17T22:10,0.00,17.77,87
2026-09-17T22:20,0.00,17.63,90
2026-09-17T22:30,0.00,17.58,93
2026-09-17T22:40,0.00,17.55,93
2026-09-17T22:50,0.00,17.50,94
2026-09-17T23:00,0.00,17.51,95
2026-09-17T23:10,0.00,17.41,98
2026-09-17T23:20,0.00,17.46,98
2026-09-17T23:30,0.00,17.51,98
2026-09-17T23:40,0.00,17.50,98
2026-09-17T23:50,0.00,17.67,96
2026-09-18T00:00,0.00,17.78,95
2026-09-18T00:10,0.00,17.80,94
2026-09-18T00:20,0.00,17.86,94
2026-09-18T00:30,0.00,17.79,94
2026-09-18T00:40,0.00,17.71,94
2026-09-18T00:50,0.00,17.88,91
2026-09-18T01:00,-999,18.01,90
2026-09-18T01:10,0.00,18.11,88
2026-09-18T01:20,0.00,18.09,88
2026-09-18T01:30,0.00,18.10,87
2026-09-18T01:40,0.00,18.07,86
2026-09-18T01:50,0.00,18.13,86
2026-09-18T02:00,0.00,18.08,86
2026-09-18T02:10,0.00,17.97,86
2026-09-18T02:20,0.00,17.91,86
2026-09-18T02:30,0.00,17.94,85
2026-09-18T02:40,0.00,17.98,84
2026-09-18T02:50,0.00,17.94,85
2026-09-18T03:00,0.00,17.86,86
2026-09-18T03:10,0.00,17.95,84
2026-09-18T03:20,0.00,18.06,78
2026-09-18T03:30,0.00,18.05,74
2026-09-18T03:40,0.00,18.11,70
2026-09-18T03:50,0.00,18.14,70
2026-09-18T04:00,0.00,18.24,69
2026-09-18T04:10,0.00,18.29,69
2026-09-18T04:20,0.00,18.16,69
2026-09-18T04:30,0.00,18.12,69
2026-09-18T04:40,0.00,17.95,71
2026-09-18T04:50,0.00,17.50,81
2026-09-18T05:00,0.00,17.20,87
2026-09-18T05:10,0.00,17.54,75
2026-09-18T05:20,0.00,17.56,74
2026-09-18T05:30,0.00,17.50,76
2026-09-18T05:40,0.00,17.45,74
2026-09-18T05:50,0.00,17.71,72
2026-09-18T06:00,0.00,17.77,72
2026-09-18T06:10,0.00,17.73,72
2026-09-18T06:20,0.00,17.62,73
2026-09-18T06:30,0.00,17.53,74
2026-09-18T06:40,0.00,17.56,73
2026-09-18T06:50,-999,17.63,74
2026-09-18T07:00,0.00,17.54,75
2026-09-18T07:10,0.00,17.26,79
2026-09-18T07:20,0.20,16.82,96
2026-09-18T07:30,0.20,16.46,100
2026-09-18T07:40,0.20,16.21,100
2026-09-18T07:50,0.20,16.21,100
2026-09-18T08:00,0.40,16.04,100
2026-09-18T08:10,0.40,15.88,100
2026-09-18T08:20,0.20,15.81,100
2026-09-18T08:30,0.40,15.79,100
2026-09-18T08:40,0.20,15.75,100
2026-09-18T08:50,0.60,15.75,100
2026-09-18T09:00,0.60,15.75,100
2026-09-18T09:10,0.40,15.81,100
2026-09-18T09:20,0.60,15.87,100
2026-09-18T09:30,0.20,15.92,100
2026-09-18T09:40,0.00,15.98,100
2026-09-18T09:50,0.00,16.12,100
2026-09-18T10:00,0.00,16.32,100
2026-09-18T10:10,0.00,16.40,100
2026-09-18T10:20,0.00,16.46,100
2026-09-18T10:30,0.00,16.60,100
2026-09-18T10:40,0.00,16.77,100
2026-09-18T10:50,0.00,17.01,100
2026-09-18T11:00,0.00,17.25,100
2026-09-18T11:10,0.00,17.78,100
2026-09-18T11:20,0.00,18.08,100
2026-09-18T11:30,0.00,18.13,100
2026-09-18T11:40,0.00,18.24,99
2026-09-18T11:50,0.00,18.81,96
2026-09-18T12:00,0.00,19.18,89
2026-09-18T12:10,0.00,19.66,90
2026-09-18T12:20,0.00,20.03,86
2026-09-18T12:30,0.00,19.66,84
2026-09-18T12:40,0.00,19.99,81
2026-09-18T12:50,0.00,20.17,77
2026-09-18T13:00,-999,20.19,79
2026-09-18T13:10,0.00,20.43,72
2026-09-18T13:20,0.00,20.61,68
2026-09-18T13:30,0.00,20.96,66
2026-09-18T13:40,0.00,21.18,64
2026-09-18T13:50,0.00,20.98,64
2026-09-18T14:00,0.00,20.87,66
2026-09-18T14:10,0.00,20.88,66
2026-09-18T14:20,0.00,20.48,67
2026-09-18T14:30,0.00,20.49,67
2026-09-18T14:40,0.00,20.48,67
2026-09-18T14:50,0.00,20.75,68
2026-09-18T15:00,0.00,20.99,65
2026-09-18T15:10,0.00,21.31,66
2026-09-18T15:20,0.00,21.18,67
2026-09-18T15:30,0.00,21.42,66
2026-09-18T15:40,0.00,21.79,66
2026-09-18T15:50,0.00,22.10,63
2026-09-18T16:00,0.00,21.53,64
2026-09-18T16:10,0.00,21.51,65
2026-09-18T16:20,0.00,21.63,65
2026-09-18T16:30,0.00,21.73,64
2026-09-18T16:40,0.00,22.13,62
2026-09-18T16:50,0.00,22.39,61
2026-09-18T17:00,0.00,22.73,60
2026-09-18T17:10,0.00,22.42,61
2026-09-18T17:20,0.00,22.25,59
2026-09-18T17:30,0.00,22.06,61
2026-09-18T17:40,0.00,21.96,60
2026-09-18T17:50,0.00,21.93,59
2026-09-18T18:00,0.00,22.48,58
2026-09-18T18:10,0.00,22.65,57
2026-09-18T18:20,0.00,22.49,58
2026-09-18T18:30,0.00,21.82,61
2026-09-18T18:40,0.00,21.37,62
2026-09-18T18:50,0.00,20.94,63
2026-09-18T19:00,0.00,20.60,65
2026-09-18T19:10,-999,20.35,66
2026-09-18T19:20,0.00,19.98,69
2026-09-18T19:30,0.00,19.47,71
2026-09-18T19:40,0.00,19.31,70
2026-09-18T19:50,0.00,19.08,72
2026-09-18T20:00,0.00,18.89,74
2026-09-18T20:10,0.00,18.94,73
2026-09-18T20:20,0.00,18.75,74
2026-09-18T20:30,0.00,18.56,75
2026-09-18T20:40,0.00,18.27,75
2026-09-18T20:50,0.00,18.04,76
2026-09-18T21:00,0.00,17.87,81
2026-09-18T21:10,0.00,17.78,80
2026-09-18T21:20,0.00,17.87,75
2026-09-18T21:30,0.00,18.03,74
2026-09-18T21:40,0.00,17.97,74
2026-09-18T21:50,0.00,17.66,78
2026-09-18T22:00,0.00,17.29,89
2026-09-18T22:10,0.00,17.22,91
2026-09-18T22:20,0.00,17.20,94
2026-09-18T22:30,0.00,17.29,94
2026-09-18T22:40,0.00,17.11,96
2026-09-18T22:50,0.00,17.01,97
2026-09-18T23:00,0.00,16.84,99
2026-09-18T23:10,0.00,16.73,99
2026-09-18T23:20,0.00,16.73,98
2026-09-18T23:30,0.00,16.69,97
2026-09-18T23:40,0.00,16.50,99
2026-09-18T23:50,0.00,16.51,100
2026-09-19T00:00,0.00,16.36,100
2026-09-19T00:10,0.00,16.45,98
2026-09-19T00:20,0.00,16.42,99
2026-09-19T00:30,0.00,16.39,100
2026-09-19T00:40,0.00,16.55,100
2026-09-19T00:50,0.00,16.77,100
2026-09-19T01:00,-999,16.79,100
2026-09-19T01:10,0.00,16.75,100
2026-09-19T01:20,0.00,16.66,100
2026-09-19T01:30,0.00,16.68,100
2026-09-19T01:40,0.00,16.64,100
2026-09-19T01:50,0.00,16.53,100
2026-09-19T02:00,0.00,16.50,100
2026-09-19T02:10,0.00,16.65,99
2026-09-19T02:20,0.00,16.75,98
2026-09-19T02:30,0.00,16.59,99
2026-09-19T02:40,0.00,16.35,100
2026-09-19T02:50,0.00,16.24,100
2026-09-19T03:00,0.00,16.10,100
2026-09-19T03:10,0.00,16.04,100
2026-09-19T03:20,0.00,15.84,100
2026-09-19T03:30,0.00,15.85,100
2026-09-19T03:40,0.00,15.86,100
2026-09-19T03:50,0.00,15.62,100
2026-09-19T04:00,0.00,15.79,100
2026-09-19T04:10,0.00,15.84,100
2026-09-19T04:20,0.00,15.89,100
2026-09-19T04:30,0.00,15.94,100
2026-09-19T04:40,0.00,15.93,100
2026-09-19T04:50,0.00,15.71,100
2026-09-19T05:00,0.00,15.56,100
2026-09-19T05:10,0.00,15.53,100
2026-09-19T05:20,0.00,15.58,100
2026-09-19T05:30,0.00,15.58,100
2026-09-19T05:40,0.00,15.69,100
2026-09-19T05:50,0.00,15.79,100
2026-09-19T06:00,0.00,15.88,100
2026-09-19T06:10,0.00,15.89,100
2026-09-19T06:20,0.00,15.91,100
2026-09-19T06:30,0.00,15.98,100
2026-09-19T06:40,0.00,15.96,99
2026-09-19T06:50,0.00,15.86,100
2026-09-19T07:00,0.00,15.84,99
2026-09-19T07:10,0.00,15.86,98
2026-09-19T07:20,-999,15.78,99
2026-09-19T07:30,0.00,15.76,100
2026-09-19T07:40,0.00,15.74,100
2026-09-19T07:50,0.00,15.93,99
2026-09-19T08:00,0.00,16.30,98
2026-09-19T08:10,0.00,16.20,100
2026-09-19T08:20,0.00,16.42,100
2026-09-19T08:30,0.00,17.04,97
2026-09-19T08:40,0.00,17.17,94
2026-09-19T08:50,0.00,16.95,96
2026-09-19T09:00,0.00,17.00,99
2026-09-19T09:10,0.00,17.69,95
2026-09-19T09:20,0.00,18.27,92
2026-09-19T09:30,0.00,18.77,93
2026-09-19T09:40,0.00,19.75,89
2026-09-19T09:50,0.00,20.43,84
2026-09-19T10:00,0.00,20.90,80
2026-09-19T10:10,0.00,21.79,73
2026-09-19T10:20,0.00,21.88,66
2026-09-19T10:30,0.00,22.17,65
2026-09-19T10:40,0.00,22.67,65
2026-09-19T10:50,0.00,22.63,64
2026-09-19T11:00,0.00,22.53,66
2026-09-19T11:10,0.00,22.30,65
2026-09-19T11:20,0.00,23.11,64
2026-09-19T11:30,0.00,22.73,63
2026-09-19T11:40,0.00,22.90,63
2026-09-19T11:50,0.00,22.45,63
2026-09-19T12:00,0.00,22.85,61
2026-09-19T12:10,0.00,22.32,63
2026-09-19T12:20,0.00,22.19,64
2026-09-19T12:30,0.00,22.25,63
2026-09-19T12:40,0.00,22.03,63
2026-09-19T12:50,0.00,22.23,61
2026-09-19T13:00,0.00,22.52,60
2026-09-19T13:10,-999,22.54,59
2026-09-19T13:20,0.00,22.87,60
2026-09-19T13:30,0.00,24.27,54
2026-09-19T13:40,0.00,24.39,54
2026-09-19T13:50,0.00,23.40,56
2026-09-19T14:00,0.00,23.46,56
2026-09-19T14:10,0.00,24.28,54
2026-09-19T14:20,0.00,24.45,54
2026-09-19T14:30,0.00,24.60,53
2026-09-19T14:40,0.00,24.62,48
2026-09-19T14:50,0.00,24.70,50
2026-09-19T15:00,0.00,25.13,50
2026-09-19T15:10,0.00,25.13,49
2026-09-19T15:20,0.00,24.91,51
2026-09-19T15:30,0.00,24.89,51
2026-09-19T15:40,0.00,24.72,51
2026-09-19T15:50,0.00,24.65,49
2026-09-19T16:00,0.00,24.46,48
2026-09-19T16:10,0.00,24.89,48
2026-09-19T16:20,0.00,25.08,46
2026-09-19T16:30,0.00,25.28,45
2026-09-19T16:40,0.00,24.87,47
2026-09-19T16:50,0.00,24.64,48
2026-09-19T17:00,0.00,24.83,47
2026-09-19T17:10,0.00,24.40,49
2026-09-19T17:20,0.00,24.32,49
2026-09-19T17:30,0.00,24.37,48
2026-09-19T17:40,0.00,24.88,46
2026-09-19T17:50,0.00,25.32,44
2026-09-19T18:00,0.00,24.89,46
2026-09-19T18:10,0.00,24.47,48
2026-09-19T18:20,0.00,24.32,50
2026-09-19T18:30,0.00,24.20,49
2026-09-19T18:40,0.00,23.93,50
2026-09-19T18:50,0.00,23.50,50
2026-09-19T19:00,0.00,23.23,52
2026-09-19T19:10,-999,23.18,51
2026-09-19T19:20,0.00,23.15,51
2026-09-19T19:30,0.00,23.09,52
2026-09-19T19:40,0.00,22.80,53
2026-09-19T19:50,0.00,22.49,55
2026-09-19T20:00,0.00,22.42,55
2026-09-19T20:10,0.00,22.33,55
2026-09-19T20:20,0.00,22.28,55
2026-09-19T20:30,0.00,22.25,56
2026-09-19T20:40,0.00,21.76,58
2026-09-19T20:50,0.00,21.23,59
2026-09-19T21:00,0.00,20.96,60
2026-09-19T21:10,0.00,20.76,61
2026-09-19T21:20,0.00,20.66,62
2026-09-19T21:30,0.00,20.60,62
2026-09-19T21:40,0.00,20.83,61
2026-09-19T21:50,0.00,21.18,60
2026-09-19T22:00,0.00,21.33,59
2026-09-19T22:10,0.00,21.25,59
2026-09-19T22:20,0.00,21.16,60
2026-09-19T22:30,0.00,21.16,59
2026-09-19T22:40,0.00,20.61,62
2026-09-19T22:50,0.00,19.84,66
2026-09-19T23:00,0.00,19.31,69
2026-09-19T23:10,0.00,19.34,69
2026-09-19T23:20,0.00,19.24,69
2026-09-19T23:30,0.00,19.10,70
2026-09-19T23:40,0.00,18.92,71
2026-09-19T23:50,0.00,18.87,70
2026-09-20T00:00,0.00,18.87,70
2026-09-20T00:10,0.00,19.41,66
2026-09-20T00:20,0.00,19.68,65
2026-09-20T00:30,0.00,19.11,69
2026-09-20T00:40,-999,18.91,68
2026-09-20T00:50,0.00,19.22,68
2026-09-20T01:00,0.00,18.50,72
2026-09-20T01:10,0.00,18.11,73
2026-09-20T01:20,0.00,18.25,74
2026-09-20T01:30,0.00,17.72,80
2026-09-20T01:40,0.00,17.80,77
2026-09-20T01:50,0.00,17.74,77
2026-09-20T02:00,0.00,17.70,77
2026-09-20T02:10,0.00,17.42,88
2026-09-20T02:20,0.00,17.24,93
2026-09-20T02:30,0.00,17.21,94
2026-09-20T02:40,0.00,17.14,95
2026-09-20T02:50,0.00,17.29,90
2026-09-20T03:00,0.00,17.49,79
2026-09-20T03:10,0.00,17.54,77
2026-09-20T03:20,0.00,17.94,73
2026-09-20T03:30,0.00,17.38,78
2026-09-20T03:40,0.00,17.19,79
2026-09-20T03:50,0.00,16.98,86
2026-09-20T04:00,0.00,16.97,94
2026-09-20T04:10,0.00,17.21,86
2026-09-20T04:20,0.00,17.82,73
2026-09-20T04:30,0.00,17.92,73
2026-09-20T04:40,0.00,18.28,69
2026-09-20T04:50,0.00,18.86,68
2026-09-20T05:00,0.00,17.53,76
2026-09-20T05:10,0.00,17.08,80
2026-09-20T05:20,0.00,16.88,92
2026-09-20T05:30,0.00,16.96,88
2026-09-20T05:40,0.00,16.85,91
2026-09-20T05:50,0.00,17.12,82
2026-09-20T06:00,0.00,17.18,80
2026-09-20T06:10,0.00,16.82,87
2026-09-20T06:20,0.00,16.84,87
2026-09-20T06:30,0.00,17.00,82
2026-09-20T06:40,0.00,16.65,93
2026-09-20T06:50,0.00,16.69,93
2026-09-20T07:00,0.00,16.70,93
2026-09-20T07:10,-999,16.88,84
2026-09-20T07:20,0.00,17.63,72
2026-09-20T07:30,0.00,18.00,71
2026-09-20T07:40,0.00,17.39,75
2026-09-20T07:50,0.00,17.59,74
2026-09-20T08:00,0.00,17.40,75
2026-09-20T08:10,0.00,17.56,74
2026-09-20T08:20,0.00,17.66,74
2026-09-20T08:30,0.00,17.83,73
2026-09-20T08:40,0.00,18.30,72
2026-09-20T08:50,0.00,18.74,71
2026-09-20T09:00,0.00,19.11,70
2026-09-20T09:10,0.00,19.57,68
2026-09-20T09:20,0.00,20.06,68
2026-09-20T09:30,0.00,20.66,66
2026-09-20T09:40,0.00,20.76,66
2026-09-20T09:50,0.00,21.40,65
2026-09-20T10:00,0.00,22.05,61
2026-09-20T10:10,0.00,22.06,61
2026-09-20T10:20,0.00,22.72,60
2026-09-20T10:30,0.00,22.84,61
2026-09-20T10:40,0.00,22.73,61
2026-09-20T10:50,0.00,23.05,60
2026-09-20T11:00,0.00,22.97,61
2026-09-20T11:10,0.00,23.14,61
2026-09-20T11:20,0.00,23.71,59
2026-09-20T11:30,0.00,23.72,59
2026-09-20T11:40,0.00,23.94,60
2026-09-20T11:50,0.00,23.73,59
2026-09-20T12:00,0.00,24.07,58
2026-09-20T12:10,0.00,24.31,58
2026-09-20T12:20,0.00,24.40,57
2026-09-20T12:30,0.00,24.34,56
2026-09-20T12:40,0.00,25.06,55
2026-09-20T12:50,0.00,25.38,55
2026-09-20T13:00,0.00,25.12,53
2026-09-20T13:10,-999,25.39,51
2026-09-20T13:20,0.00,25.19,52
2026-09-20T13:30,0.00,25.85,51
2026-09-20T13:40,0.00,25.75,51
2026-09-20T13:50,0.00,25.61,52
2026-09-20T14:00,0.00,26.15,49
2026-09-20T14:10,0.00,25.96,51
2026-09-20T14:20,0.00,26.04,51
2026-09-20T14:30,0.00,25.88,50
2026-09-20T14:40,0.00,26.00,50
2026-09-20T14:50,0.00,25.71,51
2026-09-20T15:00,0.00,25.82,50
2026-09-20T15:10,0.00,25.78,50
2026-09-20T15:20,0.00,25.91,49
2026-09-20T15:30,0.00,25.98,49
2026-09-20T15:40,0.00,25.83,50
2026-09-20T15:50,0.00,26.16,49
2026-09-20T16:00,0.00,26.19,48
2026-09-20T16:10,0.00,25.94,49
2026-09-20T16:20,0.00,26.42,47
2026-09-20T16:30,0.00,26.55,48
2026-09-20T16:40,0.00,26.38,47
2026-09-20T16:50,0.00,25.73,49
2026-09-20T17:00,0.00,25.70,50
2026-09-20T17:10,0.00,26.53,48
2026-09-20T17:20,0.00,26.73,46
2026-09-20T17:30,0.00,25.99,46
2026-09-20T17:40,0.00,25.64,48
2026-09-20T17:50,0.00,25.94,47
2026-09-20T18:00,0.00,25.54,48
2026-09-20T18:10,0.00,25.70,48
2026-09-20T18:20,0.00,25.27,49
2026-09-20T18:30,0.00,24.64,51
2026-09-20T18:40,0.00,24.37,51
2026-09-20T18:50,0.00,24.16,51
2026-09-20T19:00,0.00,23.95,51
2026-09-20T19:10,-999,23.85,51
2026-09-20T19:20,0.00,23.71,52
2026-09-20T19:30,0.00,23.47,54
2026-09-20T19:40,0.00,23.08,56
2026-09-20T19:50,0.00,22.92,56
2026-09-20T20:00,0.00,22.85,54
2026-09-20T20:10,0.00,22.82,53
2026-09-20T20:20,0.00,22.82,54
2026-09-20T20:30,0.00,22.80,56
2026-09-20T20:40,0.00,22.76,56
2026-09-20T20:50,0.00,22.86,56
2026-09-20T21:00,0.00,22.87,56
2026-09-20T21:10,0.00,22.15,59
2026-09-20T21:20,0.00,21.23,62
2026-09-20T21:30,0.00,21.16,62
2026-09-20T21:40,0.00,21.33,61
2026-09-20T21:50,0.00,21.54,60
2026-09-20T22:00,0.00,21.91,59
2026-09-20T22:10,0.00,21.19,63
2026-09-20T22:20,0.00,20.69,65
2026-09-20T22:30,0.00,20.35,67
2026-09-20T22:40,0.00,20.41,66
2026-09-20T22:50,0.00,20.74,64
2026-09-20T23:00,0.00,21.19,63
2026-09-20T23:10,0.00,21.25,62
2026-09-20T23:20,0.00,20.59,67
2026-09-20T23:30,0.00,19.81,70
2026-09-20T23:40,0.00,20.76,63
2026-09-20T23:50,0.00,20.97,65
2026-09-21T00:00,0.00,19.73,72
2026-09-21T00:10,0.00,19.55,72
2026-09-21T00:20,0.00,19.44,71
2026-09-21T00:30,0.00,19.66,71
2026-09-21T00:40,0.00,18.90,75
2026-09-21T00:50,0.00,18.98,74
2026-09-21T01:00,-999,19.08,73
2026-09-21T01:10,0.00,19.71,70
2026-09-21T01:20,0.00,19.81,69
2026-09-21T01:30,0.00,19.61,72
2026-09-21T01:40,0.00,19.03,75
2026-09-21T01:50,0.00,19.15,74
2026-09-21T02:00,0.00,19.05,75
2026-09-21T02:10,0.00,18.62,78
2026-09-21T02:20,0.00,18.93,75
2026-09-21T02:30,0.00,19.44,72
2026-09-21T02:40,0.00,19.56,72
2026-09-21T02:50,0.00,19.18,73
2026-09-21T03:00,0.00,19.22,73
2026-09-21T03:10,0.00,19.13,72
2026-09-21T03:20,0.00,19.22,69
2026-09-21T03:30,0.00,19.22,69
2026-09-21T03:40,0.00,19.09,69
2026-09-21T03:50,0.00,19.10,68
2026-09-21T04:00,0.00,19.49,66
2026-09-21T04:10,0.00,20.00,64
2026-09-21T04:20,0.00,20.27,60
2026-09-21T04:30,0.00,19.91,60
2026-09-21T04:40,0.00,19.74,60
2026-09-21T04:50,0.00,19.78,59
2026-09-21T05:00,0.00,19.86,64
2026-09-21T05:10,0.00,19.75,69
2026-09-21T05:20,0.00,19.87,64
2026-09-21T05:30,0.00,20.44,57
2026-09-21T05:40,0.00,20.36,56
2026-09-21T05:50,0.00,20.06,60
2026-09-21T06:00,0.00,19.88,65
2026-09-21T06:10,0.00,19.29,69
2026-09-21T06:20,0.00,19.70,60
2026-09-21T06:30,0.00,19.92,58
2026-09-21T06:40,0.00,19.59,63
2026-09-21T06:50,0.00,19.63,62
2026-09-21T07:00,0.00,19.09,66
2026-09-21T07:10,-999,19.64,57
2026-09-21T07:20,0.00,19.89,54
2026-09-21T07:30,0.00,19.98,55
2026-09-21T07:40,0.00,19.99,54
2026-09-21T07:50,0.00,20.05,52
2026-09-21T08:00,0.00,20.14,51
2026-09-21T08:10,0.00,20.21,49
2026-09-21T08:20,0.00,20.33,48
2026-09-21T08:30,0.00,20.46,46
2026-09-21T08:40,0.00,20.44,46
2026-09-21T08:50,0.00,20.47,47
2026-09-21T09:00,0.00,21.23,53
2026-09-21T09:10,0.00,21.53,51
2026-09-21T09:20,0.00,20.85,51
2026-09-21T09:30,0.00,21.44,54
2026-09-21T09:40,0.00,21.37,59
2026-09-21T09:50,0.00,21.18,63
2026-09-21T10:00,0.00,21.69,58
2026-09-21T10:10,0.00,21.88,52
2026-09-21T10:20,0.00,22.62,48
2026-09-21T10:30,0.00,23.75,54
2026-09-21T10:40,0.00,24.27,50
2026-09-21T10:50,0.00,24.31,51
2026-09-21T11:00,0.00,24.19,53
2026-09-21T11:10,0.00,24.51,48
2026-09-21T11:20,0.00,24.70,49
2026-09-21T11:30,0.00,24.72,50
2026-09-21T11:40,0.00,25.07,48
2026-09-21T11:50,0.00,24.84,48
2026-09-21T12:00,0.00,25.08,47
2026-09-21T12:10,0.00,25.26,48
2026-09-21T12:20,0.00,25.47,45
2026-09-21T12:30,0.00,25.56,47
2026-09-21T12:40,0.00,25.69,46
2026-09-21T12:50,0.00,25.54,52
2026-09-21T13:00,0.00,25.62,51
2026-09-21T13:10,-999,24.86,51
2026-09-21T13:20,0.00,25.21,52
2026-09-21T13:30,0.00,25.35,51
2026-09-21T13:40,0.00,25.33,51
2026-09-21T13:50,0.00,25.27,50
2026-09-21T14:00,0.00,24.96,50
2026-09-21T14:10,0.00,25.60,49
2026-09-21T14:20,0.00,25.88,44
2026-09-21T14:30,0.00,25.92,43
2026-09-21T14:40,0.00,26.09,42
2026-09-21T14:50,0.00,26.24,42
2026-09-21T15:00,0.00,26.38,41
2026-09-21T15:10,0.00,26.28,40
2026-09-21T15:20,0.00,26.38,39
2026-09-21T15:30,0.00,26.52,40
2026-09-21T15:40,0.00,26.06,39
2026-09-21T15:50,0.00,26.16,39
2026-09-21T16:00,0.00,26.79,37
2026-09-21T16:10,0.00,27.10,38
2026-09-21T16:20,0.00,26.61,39
2026-09-21T16:30,0.00,26.28,39
2026-09-21T16:40,0.00,26.23,38
2026-09-21T16:50,0.00,26.02,37
2026-09-21T17:00,0.00,25.87,37
2026-09-21T17:10,0.00,26.40,36
2026-09-21T17:20,0.00,26.59,36
2026-09-21T17:30,0.00,27.09,36
2026-09-21T17:40,0.00,27.10,36
2026-09-21T17:50,0.00,27.39,34
2026-09-21T18:00,0.00,27.23,35
2026-09-21T18:10,0.00,26.41,36
2026-09-21T18:20,0.00,25.95,38
2026-09-21T18:30,0.00,25.28,38
2026-09-21T18:40,0.00,25.38,36
2026-09-21T18:50,0.00,25.22,37
2026-09-21T19:00,0.00,24.96,37
2026-09-21T19:10,-999,24.78,38
2026-09-21T19:20,0.00,24.44,41
2026-09-21T19:30,0.00,24.28,40
2026-09-21T19:40,0.00,24.27,39
2026-09-21T19:50,0.00,24.39,38
2026-09-21T20:00,0.00,24.37,39
2026-09-21T20:10,0.00,23.04,48
2026-09-21T20:20,0.00,22.76,50
2026-09-21T20:30,0.00,23.02,47
2026-09-21T20:40,0.00,22.80,49
2026-09-21T20:50,0.00,22.97,46
2026-09-21T21:00,0.00,22.18,51
2026-09-21T21:10,0.00,21.61,53
2026-09-21T21:20,0.00,21.53,52
2026-09-21T21:30,0.00,21.63,51
2026-09-21T21:40,0.00,21.82,49
2026-09-21T21:50,0.00,22.34,48
2026-09-21T22:00,0.00,21.52,50
2026-09-21T22:10,0.00,21.91,49
2026-09-21T22:20,0.00,21.79,49
2026-09-21T22:30,0.00,21.91,47
2026-09-21T22:40,0.00,21.89,48
2026-09-21T22:50,0.00,21.62,50
2026-09-21T23:00,0.00,21.42,49
2026-09-21T23:10,0.00,21.50,47
2026-09-21T23:20,0.00,21.25,48
2026-09-21T23:30,0.00,21.03,49
2026-09-21T23:40,0.00,20.92,49
2026-09-21T23:50,0.00,21.25,47
2026-09-22T00:00,0.00,21.42,47
2026-09-22T00:10,0.00,21.63,39
2026-09-22T00:20,0.00,22.00,31
2026-09-22T00:30,0.00,21.74,29
2026-09-22T00:40,-999,21.51,33
2026-09-22T00:50,0.00,20.97,34
2026-09-22T01:00,0.00,20.74,33
2026-09-22T01:10,0.00,20.77,32
2026-09-22T01:20,0.00,21.23,33
2026-09-22T01:30,0.00,21.50,35
2026-09-22T01:40,0.00,21.00,46
2026-09-22T01:50,0.00,20.76,46
2026-09-22T02:00,0.00,20.65,52
2026-09-22T02:10,0.00,20.46,56
2026-09-22T02:20,0.00,20.16,56
2026-09-22T02:30,0.00,20.23,58
2026-09-22T02:40,0.00,20.24,61
2026-09-22T02:50,0.00,20.27,60
2026-09-22T03:00,0.00,20.00,61
2026-09-22T03:10,0.00,19.89,59
2026-09-22T03:20,0.00,19.70,59
2026-09-22T03:30,0.00,19.73,61
2026-09-22T03:40,0.00,19.63,61
2026-09-22T03:50,0.00,19.49,60
2026-09-22T04:00,0.00,19.26,57
2026-09-22T04:10,0.00,19.27,56
2026-09-22T04:20,0.00,19.36,56
2026-09-22T04:30,0.00,19.20,57
2026-09-22T04:40,0.00,19.14,60
2026-09-22T04:50,0.00,19.12,60
2026-09-22T05:00,0.00,19.02,61
2026-09-22T05:10,0.00,19.04,60
2026-09-22T05:20,0.00,19.00,60
2026-09-22T05:30,0.00,18.99,61
2026-09-22T05:40,0.00,19.06,60
2026-09-22T05:50,0.00,18.88,61
2026-09-22T06:00,0.00,18.64,62
2026-09-22T06:10,0.00,18.37,63
2026-09-22T06:20,0.00,18.66,62
2026-09-22T06:30,0.00,18.57,63
2026-09-22T06:40,0.00,17.60,63
2026-09-22T06:50,0.00,16.34,63
2026-09-22T07:00,0.00,16.22,60
2026-09-22T07:10,-999,16.04,57
2026-09-22T07:20,0.00,15.93,59
2026-09-22T07:30,0.00,15.92,57
2026-09-22T07:40,0.00,16.26,55
2026-09-22T07:50,0.00,16.45,56
2026-09-22T08:00,0.00,16.76,54
2026-09-22T08:10,0.00,17.16,53
2026-09-22T08:20,0.00,17.20,53
2026-09-22T08:30,0.00,17.76,54
2026-09-22T08:40,0.00,17.71,53
2026-09-22T08:50,0.00,17.83,55
2026-09-22T09:00,0.00,17.90,58
2026-09-22T09:10,0.00,18.09,60
2026-09-22T09:20,0.00,18.52,59
2026-09-22T09:30,0.00,19.33,57
2026-09-22T09:40,0.00,19.93,54
2026-09-22T09:50,0.00,20.56,52
2026-09-22T10:00,0.00,21.00,52
2026-09-22T10:10,0.00,21.31,50
2026-09-22T10:20,0.00,21.65,48
2026-09-22T10:30,0.00,21.47,45
2026-09-22T10:40,0.00,21.11,48
2026-09-22T10:50,0.00,20.17,47
2026-09-22T11:00,0.00,20.81,48
2026-09-22T11:10,0.00,21.26,47
2026-09-22T11:20,0.00,20.99,47
2026-09-22T11:30,0.00,21.01,47
2026-09-22T11:40,0.00,20.82,48
2026-09-22T11:50,0.00,20.59,49
2026-09-22T12:00,0.00,20.85,50
2026-09-22T12:10,0.00,21.28,49
2026-09-22T12:20,0.00,21.39,49
2026-09-22T12:30,0.00,21.15,49
2026-09-22T12:40,0.00,21.29,50
2026-09-22T12:50,0.00,21.35,49
2026-09-22T13:00,0.00,21.15,50
2026-09-22T13:10,-999,21.28,51
2026-09-22T13:20,0.00,21.48,50
2026-09-22T13:30,0.00,21.62,49
2026-09-22T13:40,0.00,21.70,48
2026-09-22T13:50,0.00,21.65,49
2026-09-22T14:00,0.00,21.84,49
2026-09-22T14:10,0.00,21.63,49
2026-09-22T14:20,0.00,21.64,50
2026-09-22T14:30,0.00,21.77,50
2026-09-22T14:40,0.00,21.53,50
2026-09-22T14:50,0.00,21.55,50
2026-09-22T15:00,0.00,21.51,51
2026-09-22T15:10,0.00,21.67,49
2026-09-22T15:20,0.00,22.00,51
2026-09-22T15:30,0.00,21.92,49
2026-09-22T15:40,0.00,21.87,49
2026-09-22T15:50,0.00,21.76,49
2026-09-22T16:00,0.00,21.67,49
2026-09-22T16:10,0.00,21.73,48
2026-09-22T16:20,0.00,21.77,49
2026-09-22T16:30,0.00,21.80,49
2026-09-22T16:40,0.00,21.63,49
2026-09-22T16:50,0.00,21.59,49
2026-09-22T17:00,0.00,21.47,50
2026-09-22T17:10,0.00,21.55,50
2026-09-22T17:20,0.00,21.43,51
2026-09-22T17:30,0.00,21.38,51
2026-09-22T17:40,0.00,21.23,53
2026-09-22T17:50,0.00,21.08,53
2026-09-22T18:00,0.00,20.92,53
2026-09-22T18:10,0.00,20.85,54
2026-09-22T18:20,0.00,20.81,53
2026-09-22T18:30,0.00,20.70,55
2026-09-22T18:40,0.00,20.47,55
2026-09-22T18:50,0.00,20.35,55
2026-09-22T19:00,0.00,20.28,54
2026-09-22T19:10,-999,20.27,55
2026-09-22T19:20,0.00,20.14,55
2026-09-22T19:30,0.00,19.98,56
2026-09-22T19:40,0.00,19.83,57
2026-09-22T19:50,0.00,19.77,57
2026-09-22T20:00,0.00,19.83,56
2026-09-22T20:10,0.00,19.74,56
2026-09-22T20:20,0.00,19.81,55
2026-09-22T20:30,0.00,19.67,55
2026-09-22T20:40,0.00,19.71,55
2026-09-22T20:50,0.00,19.70,55
2026-09-22T21:00,0.00,19.67,55
2026-09-22T21:10,0.00,19.53,56
2026-09-22T21:20,0.00,19.53,56
2026-09-22T21:30,0.00,19.30,57
2026-09-22T21:40,0.00,19.26,56
2026-09-22T21:50,0.00,19.27,56
2026-09-22T22:00,0.00,19.26,56
2026-09-22T22:10,0.00,19.22,56
2026-09-22T22:20,0.00,19.19,56
2026-09-22T22:30,0.00,19.26,55
2026-09-22T22:40,0.00,19.25,55
2026-09-22T22:50,0.00,19.25,55
2026-09-22T23:00,0.00,18.72,59
2026-09-22T23:10,0.00,17.95,56
2026-09-22T23:20,0.00,18.02,53
2026-09-22T23:30,0.00,17.79,53
2026-09-22T23:40,0.00,17.67,51
2026-09-22T23:50,-999,17.63,50
2026-09-23T00:00,0.00,17.57,48
2026-09-23T00:10,0.00,17.51,47
2026-09-23T00:20,0.00,17.50,46
2026-09-23T00:30,0.00,17.38,46
2026-09-23T00:40,0.00,17.22,45
2026-09-23T00:50,0.00,17.27,44
2026-09-23T01:00,0.00,17.28,44
2026-09-23T01:10,0.00,17.20,44
2026-09-23T01:20,0.00,17.16,44
2026-09-23T01:30,0.00,17.13,44
2026-09-23T01:40,0.00,17.04,44
2026-09-23T01:50,0.00,16.98,44
2026-09-23T02:00,0.00,16.94,44
2026-09-23T02:10,0.00,16.98,44
2026-09-23T02:20,0.00,17.00,44
2026-09-23T02:30,0.00,16.89,44
2026-09-23T02:40,0.00,16.99,44
2026-09-23T02:50,0.00,16.93,44
2026-09-23T03:00,0.00,16.90,44
2026-09-23T03:10,0.00,16.94,44
2026-09-23T03:20,0.00,16.99,44
2026-09-23T03:30,0.00,16.96,44
2026-09-23T03:40,0.00,17.05,44
2026-09-23T03:50,0.00,16.82,45
2026-09-23T04:00,0.00,16.77,45
2026-09-23T04:10,0.00,16.80,45
2026-09-23T04:20,0.00,16.85,45
2026-09-23T04:30,0.00,17.04,44
2026-09-23T04:40,0.00,16.98,44
2026-09-23T04:50,0.00,16.93,44
2026-09-23T05:00,0.00,17.08,44
2026-09-23T05:10,0.00,17.06,44
2026-09-23T05:20,0.00,16.95,45
2026-09-23T05:30,0.00,16.94,45
2026-09-23T05:40,0.00,17.03,44
2026-09-23T05:50,0.00,17.22,44
2026-09-23T06:00,0.00,17.27,44
2026-09-23T06:10,0.00,17.22,44
2026-09-23T06:20,0.00,17.17,44
2026-09-23T06:30,0.00,17.23,44
2026-09-23T06:40,0.00,17.35,43
2026-09-23T06:50,0.00,17.33,44
2026-09-23T07:00,0.00,17.23,44
2026-09-23T07:10,-999,17.30,44
2026-09-23T07:20,0.00,17.36,44
2026-09-23T07:30,0.00,17.23,45
2026-09-23T07:40,0.00,17.14,45
2026-09-23T07:50,0.00,16.96,47
2026-09-23T08:00,0.00,16.74,48
2026-09-23T08:10,0.00,16.69,49
2026-09-23T08:20,0.00,16.59,50
2026-09-23T08:30,0.00,16.46,51
2026-09-23T08:40,0.00,16.50,51
2026-09-23T08:50,0.00,16.49,51
2026-09-23T09:00,0.00,16.60,52
2026-09-23T09:10,0.00,16.66,53
2026-09-23T09:20,0.00,16.73,52
2026-09-23T09:30,0.00,16.79,53
2026-09-23T09:40,0.00,16.99,54
2026-09-23T09:50,0.00,17.13,52
2026-09-23T10:00,0.00,17.12,52
2026-09-23T10:10,0.00,17.15,53
2026-09-23T10:20,0.00,17.34,52
2026-09-23T10:30,0.00,17.43,51
2026-09-23T10:40,0.00,17.62,52
2026-09-23T10:50,0.00,17.98,50
2026-09-23T11:00,0.00,18.07,49
2026-09-23T11:10,0.00,18.59,50
2026-09-23T11:20,0.00,18.67,49
2026-09-23T11:30,0.00,18.96,49
2026-09-23T11:40,0.00,19.34,47
2026-09-23T11:50,0.00,19.27,47
2026-09-23T12:00,0.00,19.34,47
2026-09-23T12:10,0.00,20.02,46
2026-09-23T12:20,0.00,20.17,45
2026-09-23T12:30,0.00,20.33,43
2026-09-23T12:40,0.00,20.44,44
2026-09-23T12:50,0.00,20.67,44
2026-09-23T13:00,0.00,20.86,44
2026-09-23T13:10,-999,20.66,45
2026-09-23T13:20,0.00,21.09,44
2026-09-23T13:30,0.00,21.87,43
2026-09-23T13:40,0.00,21.92,41
2026-09-23T13:50,0.00,21.34,40
2026-09-23T14:00,0.00,21.00,42
2026-09-23T14:10,0.00,21.24,43
2026-09-23T14:20,0.00,20.79,43
2026-09-23T14:30,0.00,21.14,41
2026-09-23T14:40,0.00,21.65,41
2026-09-23T14:50,0.00,22.06,40
2026-09-23T15:00,0.00,21.89,42
2026-09-23T15:10,0.00,21.98,41
2026-09-23T15:20,0.00,21.99,41
2026-09-23T15:30,0.00,21.89,40
2026-09-23T15:40,0.00,22.03,40
2026-09-23T15:50,0.00,22.16,40
2026-09-23T16:00,0.00,22.08,39
2026-09-23T16:10,0.00,21.95,40
2026-09-23T16:20,0.00,21.86,40
2026-09-23T16:30,0.00,22.10,39
2026-09-23T16:40,0.00,22.08,39
2026-09-23T16:50,0.00,21.84,39
2026-09-23T17:00,0.00,21.49,39
2026-09-23T17:10,0.00,21.60,39
2026-09-23T17:20,0.00,21.66,39
2026-09-23T17:30,0.00,21.60,39
2026-09-23T17:40,0.00,21.81,39
2026-09-23T17:50,0.00,21.24,41
2026-09-23T18:00,0.00,21.41,40
2026-09-23T18:10,0.00,21.60,40
2026-09-23T18:20,0.00,20.86,41
2026-09-23T18:30,0.00,20.76,42
2026-09-23T18:40,0.00,20.67,42
2026-09-23T18:50,0.00,20.47,42
2026-09-23T19:00,0.00,20.21,43
2026-09-23T19:10,-999,20.00,43
2026-09-23T19:20,0.00,19.89,43
2026-09-23T19:30,0.00,19.80,42
2026-09-23T19:40,0.00,19.88,41
2026-09-23T19:50,0.00,19.88,42
2026-09-23T20:00,0.00,19.78,42
2026-09-23T20:10,0.00,19.36,46
2026-09-23T20:20,0.00,18.78,49
2026-09-23T20:30,0.00,18.26,50
2026-09-23T20:40,0.00,18.11,52
2026-09-23T20:50,0.00,18.10,52
2026-09-23T21:00,0.00,18.19,52
2026-09-23T21:10,0.00,18.30,51
2026-09-23T21:20,0.00,18.15,51
2026-09-23T21:30,0.00,18.21,51
2026-09-23T21:40,0.00,18.06,51
2026-09-23T21:50,0.00,17.63,52
2026-09-23T22:00,0.00,17.26,54
2026-09-23T22:10,0.00,17.26,53
2026-09-23T22:20,0.00,17.27,54
2026-09-23T22:30,0.00,17.28,55
2026-09-23T22:40,0.00,17.35,55
2026-09-23T22:50,0.00,17.54,53
2026-09-23T23:00,0.00,17.73,52
2026-09-23T23:10,0.00,17.68,52
2026-09-23T23:20,0.00,17.34,53
2026-09-23T23:30,0.00,17.24,54
2026-09-23T23:40,0.00,16.77,55
2026-09-23T23:50,0.00,17.15,52
2026-09-24T00:00,0.00,17.50,51
2026-09-24T00:10,0.00,17.35,52
2026-09-24T00:20,0.00,17.27,52
2026-09-24T00:30,0.00,17.19,52
2026-09-24T00:40,0.00,17.24,53
2026-09-24T00:50,0.00,16.97,54
2026-09-24T01:00,-999,16.17,58
2026-09-24T01:10,0.00,15.51,62
2026-09-24T01:20,0.00,15.06,65
2026-09-24T01:30,0.00,15.05,65
2026-09-24T01:40,0.00,14.79,66
2026-09-24T01:50,0.00,14.76,67
2026-09-24T02:00,0.00,14.88,67
2026-09-24T02:10,0.00,15.06,66
2026-09-24T02:20,0.00,15.08,66
2026-09-24T02:30,0.00,15.16,66
2026-09-24T02:40,0.00,15.02,66
2026-09-24T02:50,0.00,15.15,64
2026-09-24T03:00,0.00,15.70,62
2026-09-24T03:10,0.00,14.60,67
2026-09-24T03:20,0.00,14.66,64
2026-09-24T03:30,0.00,15.05,63
2026-09-24T03:40,0.00,15.03,62
2026-09-24T03:50,0.00,15.42,59
2026-09-24T04:00,0.00,15.14,62
2026-09-24T04:10,0.00,15.41,59
2026-09-24T04:20,0.00,16.38,55
2026-09-24T04:30,0.00,15.99,59
2026-09-24T04:40,0.00,14.88,63
2026-09-24T04:50,0.00,15.38,61
2026-09-24T05:00,0.00,14.58,66
2026-09-24T05:10,0.00,14.32,66
2026-09-24T05:20,0.00,14.38,68
2026-09-24T05:30,0.00,14.54,68
2026-09-24T05:40,0.00,14.70,64
2026-09-24T05:50,0.00,15.69,60
2026-09-24T06:00,0.00,15.65,60
2026-09-24T06:10,0.00,15.68,60
2026-09-24T06:20,0.00,15.25,61
2026-09-24T06:30,0.00,14.95,63
2026-09-24T06:40,0.00,14.83,63
2026-09-24T06:50,0.00,14.45,65
2026-09-24T07:00,0.00,14.46,64
2026-09-24T07:10,-999,14.95,63
2026-09-24T07:20,0.00,14.77,63
2026-09-24T07:30,0.00,14.62,65
2026-09-24T07:40,0.00,14.42,66
2026-09-24T07:50,0.00,15.16,63
2026-09-24T08:00,0.00,14.96,64
2026-09-24T08:10,0.00,15.37,63
2026-09-24T08:20,0.00,15.58,64
2026-09-24T08:30,0.00,16.10,64
2026-09-24T08:40,0.00,17.03,61
2026-09-24T08:50,0.00,17.26,62
2026-09-24T09:00,0.00,17.00,63
2026-09-24T09:10,0.00,17.15,63
2026-09-24T09:20,0.00,17.68,63
2026-09-24T09:30,0.00,18.12,60
2026-09-24T09:40,0.00,18.67,58
2026-09-24T09:50,0.00,18.62,59
2026-09-24T10:00,0.00,18.79,56
2026-09-24T10:10,0.00,18.77,57
2026-09-24T10:20,0.00,19.01,57
2026-09-24T10:30,0.00,18.94,56
2026-09-24T10:40,0.00,19.08,57
2026-09-24T10:50,0.00,19.47,54
2026-09-24T11:00,0.00,19.23,56
2026-09-24T11:10,0.00,19.54,56
2026-09-24T11:20,0.00,19.74,56
2026-09-24T11:30,0.00,19.48,57
2026-09-24T11:40,0.00,19.56,58
2026-09-24T11:50,0.00,19.90,56
2026-09-24T12:00,0.00,20.29,55
2026-09-24T12:10,0.00,20.24,55
2026-09-24T12:20,0.00,20.60,57
2026-09-24T12:30,0.00,20.89,56
2026-09-24T12:40,0.00,20.91,55
2026-09-24T12:50,0.00,20.52,55
2026-09-24T13:00,-999,20.84,55
2026-09-24T13:10,0.00,21.12,55
2026-09-24T13:20,0.00,21.23,54
2026-09-24T13:30,0.00,21.69,53
2026-09-24T13:40,0.00,21.64,52
2026-09-24T13:50,0.00,21.66,53
2026-09-24T14:00,0.00,22.05,53
2026-09-24T14:10,0.00,22.38,52
2026-09-24T14:20,0.00,22.43,51
2026-09-24T14:30,0.00,22.37,51
2026-09-24T14:40,0.00,22.63,49
2026-09-24T14:50,0.00,22.33,49
2026-09-24T15:00,0.00,22.34,50
2026-09-24T15:10,0.00,22.49,49
2026-09-24T15:20,0.00,22.38,50
2026-09-24T15:30,0.00,22.90,49
2026-09-24T15:40,0.00,23.40,48
2026-09-24T15:50,0.00,23.25,48
2026-09-24T16:00,0.00,23.40,48
2026-09-24T16:10,0.00,23.30,48
2026-09-24T16:20,0.00,23.46,48
2026-09-24T16:30,0.00,23.40,48
2026-09-24T16:40,0.00,23.14,48
2026-09-24T16:50,0.00,22.67,48
2026-09-24T17:00,0.00,22.63,48
2026-09-24T17:10,0.00,22.65,49
2026-09-24T17:20,0.00,22.66,49
2026-09-24T17:30,0.00,22.72,49
2026-09-24T17:40,0.00,22.54,50
2026-09-24T17:50,0.00,22.27,52
2026-09-24T18:00,0.00,22.30,53
2026-09-24T18:10,0.00,22.24,53
2026-09-24T18:20,0.00,22.19,53
2026-09-24T18:30,0.00,21.82,54
2026-09-24T18:40,0.00,21.52,55
2026-09-24T18:50,0.00,21.22,56
2026-09-24T19:00,0.00,20.99,57
2026-09-24T19:10,-999,20.72,58
2026-09-24T19:20,0.00,20.55,57
2026-09-24T19:30,0.00,20.48,56
2026-09-24T19:40,0.00,20.31,56
2026-09-24T19:50,0.00,20.04,57
2026-09-24T20:00,0.00,19.86,58
2026-09-24T20:10,0.00,19.59,59
2026-09-24T20:20,0.00,19.13,61
2026-09-24T20:30,0.00,19.26,60
2026-09-24T20:40,0.00,19.47,59
2026-09-24T20:50,0.00,19.00,61
2026-09-24T21:00,0.00,18.46,64
2026-09-24T21:10,0.00,18.59,62
2026-09-24T21:20,0.00,19.01,60
2026-09-24T21:30,0.00,19.33,59
2026-09-24T21:40,0.00,18.76,62
2026-09-24T21:50,0.00,18.86,61
2026-09-24T22:00,0.00,18.97,61
2026-09-24T22:10,0.00,18.67,62
2026-09-24T22:20,0.00,18.23,66
2026-09-24T22:30,0.00,18.08,66
2026-09-24T22:40,0.00,18.46,65
2026-09-24T22:50,0.00,18.36,64
2026-09-24T23:00,0.00,18.76,61
2026-09-24T23:10,0.00,18.83,61
2026-09-24T23:20,0.00,18.62,63
2026-09-24T23:30,0.00,18.90,62
2026-09-24T23:40,0.00,18.82,62
2026-09-24T23:50,0.00,18.71,64
2026-09-25T00:00,0.00,18.37,65
2026-09-25T00:10,0.00,17.75,69
2026-09-25T00:20,0.00,17.50,71
2026-09-25T00:30,0.00,17.35,73
2026-09-25T00:40,0.00,16.95,74
2026-09-25T00:50,0.00,16.76,74
2026-09-25T01:00,-999,16.65,72
2026-09-25T01:10,0.00,16.62,70
2026-09-25T01:20,0.00,16.72,69
2026-09-25T01:30,0.00,16.75,68
2026-09-25T01:40,0.00,16.85,67
2026-09-25T01:50,0.00,16.90,66
2026-09-25T02:00,0.00,17.00,65
2026-09-25T02:10,0.00,17.00,64
2026-09-25T02:20,0.00,17.00,65
2026-09-25T02:30,0.00,16.97,65
2026-09-25T02:40,0.00,16.92,64
2026-09-25T02:50,0.00,16.77,64
2026-09-25T03:00,0.00,16.68,65
2026-09-25T03:10,0.00,16.70,65
2026-09-25T03:20,0.00,16.70,65
2026-09-25T03:30,0.00,16.80,64
2026-09-25T03:40,0.00,16.86,63
2026-09-25T03:50,0.00,16.89,62
2026-09-25T04:00,0.00,16.79,62
2026-09-25T04:10,0.00,16.69,63
2026-09-25T04:20,0.00,16.75,63
2026-09-25T04:30,0.00,16.73,63
2026-09-25T04:40,0.00,16.90,62
2026-09-25T04:50,0.00,17.02,62
2026-09-25T05:00,0.00,17.05,62
2026-09-25T05:10,0.00,17.10,62
2026-09-25T05:20,0.00,17.04,62
2026-09-25T05:30,0.00,16.97,63
2026-09-25T05:40,0.00,16.97,63
2026-09-25T05:50,0.00,17.01,62
2026-09-25T06:00,0.00,17.00,63
2026-09-25T06:10,0.00,16.96,63
2026-09-25T06:20,0.00,17.01,62
2026-09-25T06:30,0.00,17.03,62
2026-09-25T06:40,0.00,16.86,63
2026-09-25T06:50,0.00,16.78,63
2026-09-25T07:00,0.00,16.77,63
2026-09-25T07:10,0.00,16.56,65
2026-09-25T07:20,0.00,15.58,71
2026-09-25T07:30,-999,15.36,72
2026-09-25T07:40,0.00,15.33,72
2026-09-25T07:50,0.00,15.38,71
2026-09-25T08:00,0.00,15.53,71
2026-09-25T08:10,0.00,15.63,72
2026-09-25T08:20,0.00,15.72,72
2026-09-25T08:30,0.00,15.86,73
2026-09-25T08:40,0.00,15.97,72
2026-09-25T08:50,0.00,16.13,70
2026-09-25T09:00,0.00,16.62,66
2026-09-25T09:10,0.00,17.13,63
2026-09-25T09:20,0.00,17.26,63
2026-09-25T09:30,0.00,17.29,64
2026-09-25T09:40,0.00,17.33,64
2026-09-25T09:50,0.00,17.71,65
2026-09-25T10:00,0.00,17.96,63
2026-09-25T10:10,0.00,18.18,61
2026-09-25T10:20,0.00,18.15,60
2026-09-25T10:30,0.00,18.41,60
2026-09-25T10:40,0.00,18.84,60
2026-09-25T10:50,0.00,19.17,59
2026-09-25T11:00,0.00,18.72,60
2026-09-25T11:10,0.00,18.47,61
2026-09-25T11:20,0.00,18.71,60
2026-09-25T11:30,0.00,18.25,62
2026-09-25T11:40,0.00,17.86,64
2026-09-25T11:50,0.00,17.62,66
2026-09-25T12:00,0.00,17.94,66
2026-09-25T12:10,0.00,18.22,64
2026-09-25T12:20,0.00,18.84,63
2026-09-25T12:30,0.00,19.54,61
2026-09-25T12:40,0.00,19.04,61
2026-09-25T12:50,0.00,19.26,62
2026-09-25T13:00,0.00,19.69,59
2026-09-25T13:10,-999,19.50,58
2026-09-25T13:20,0.00,18.96,60
2026-09-25T13:30,0.00,18.82,59
2026-09-25T13:40,0.00,18.86,59
2026-09-25T13:50,0.00,19.37,56
2026-09-25T14:00,0.00,20.07,56
2026-09-25T14:10,0.00,20.05,54
2026-09-25T14:20,0.00,19.36,55
2026-09-25T14:30,0.00,19.15,56
2026-09-25T14:40,0.00,19.26,56
2026-09-25T14:50,0.00,20.03,55
2026-09-25T15:00,0.00,20.48,54
2026-09-25T15:10,0.00,20.57,52
2026-09-25T15:20,0.00,20.69,52
2026-09-25T15:30,0.00,20.88,51
2026-09-25T15:40,0.00,20.61,51
2026-09-25T15:50,0.00,20.73,51
2026-09-25T16:00,0.00,20.49,51
2026-09-25T16:10,0.00,20.31,52
2026-09-25T16:20,0.00,20.26,52
2026-09-25T16:30,0.00,20.26,52
2026-09-25T16:40,0.00,20.12,51
2026-09-25T16:50,0.00,20.06,52
2026-09-25T17:00,0.00,19.98,52
2026-09-25T17:10,0.00,20.14,51
2026-09-25T17:20,0.00,20.09,53
2026-09-25T17:30,0.00,20.05,52
2026-09-25T17:40,0.00,19.97,52
2026-09-25T17:50,0.00,19.90,53
2026-09-25T18:00,0.00,19.76,53
2026-09-25T18:10,0.00,19.59,52
2026-09-25T18:20,0.00,19.46,53
2026-09-25T18:30,0.00,19.36,53
2026-09-25T18:40,0.00,19.34,52
2026-09-25T18:50,0.00,19.28,53
2026-09-25T19:00,0.00,19.21,53
2026-09-25T19:10,-999,19.23,53
2026-09-25T19:20,0.00,19.13,54
2026-09-25T19:30,0.00,19.00,55
2026-09-25T19:40,0.00,18.99,54
2026-09-25T19:50,0.00,18.93,55
2026-09-25T20:00,0.00,18.82,56
2026-09-25T20:10,0.00,18.70,57
2026-09-25T20:20,0.00,18.69,56
2026-09-25T20:30,0.00,18.69,55
2026-09-25T20:40,0.00,18.71,54
2026-09-25T20:50,0.00,18.75,53
2026-09-25T21:00,0.00,18.68,54
2026-09-25T21:10,0.00,18.60,57
2026-09-25T21:20,0.00,18.47,58
2026-09-25T21:30,0.00,18.49,56
2026-09-25T21:40,0.00,18.50,56
2026-09-25T21:50,0.00,18.41,56
2026-09-25T22:00,0.00,18.51,54
2026-09-25T22:10,0.00,18.53,54
2026-09-25T22:20,0.00,18.43,55
2026-09-25T22:30,0.00,18.57,52
2026-09-25T22:40,0.00,18.66,52
2026-09-25T22:50,0.00,18.61,53
2026-09-25T23:00,0.00,18.43,55
2026-09-25T23:10,0.00,18.14,56
2026-09-25T23:20,0.00,17.94,56
2026-09-25T23:30,0.00,17.88,56
2026-09-25T23:40,0.00,17.93,56
2026-09-25T23:50,0.00,18.19,54
2026-09-26T00:00,0.00,18.38,52
2026-09-26T00:10,0.00,18.46,52
2026-09-26T00:20,0.00,18.25,54
2026-09-26T00:30,0.00,18.15,55
2026-09-26T00:40,0.00,18.12,55
2026-09-26T00:50,0.00,17.87,58
2026-09-26T01:00,-999,17.20,63
2026-09-26T01:10,0.00,17.04,59
2026-09-26T01:20,0.00,16.85,58
2026-09-26T01:30,0.00,16.79,57
2026-09-26T01:40,0.00,16.64,55
2026-09-26T01:50,0.00,16.48,55
2026-09-26T02:00,0.00,16.25,56
2026-09-26T02:10,0.00,16.09,57
2026-09-26T02:20,0.00,16.04,57
2026-09-26T02:30,0.00,15.98,57
2026-09-26T02:40,0.00,15.83,57
2026-09-26T02:50,0.00,15.89,56
2026-09-26T03:00,0.00,15.86,56
2026-09-26T03:10,0.00,15.91,54
2026-09-26T03:20,0.00,15.91,54
2026-09-26T03:30,0.00,15.97,54
2026-09-26T03:40,0.00,15.89,56
2026-09-26T03:50,0.00,15.80,56
2026-09-26T04:00,0.00,15.78,56
2026-09-26T04:10,0.00,15.75,56
2026-09-26T04:20,0.00,15.82,55
2026-09-26T04:30,0.00,15.85,55
2026-09-26T04:40,0.00,15.85,54
2026-09-26T04:50,0.00,15.90,54
2026-09-26T05:00,0.00,15.94,53
2026-09-26T05:10,0.00,16.02,52
2026-09-26T05:20,0.00,16.16,51
2026-09-26T05:30,0.00,16.19,51
2026-09-26T05:40,0.00,16.20,52
2026-09-26T05:50,0.00,16.17,52
2026-09-26T06:00,0.00,16.12,52
2026-09-26T06:10,0.00,16.04,54
2026-09-26T06:20,0.00,15.93,55
2026-09-26T06:30,0.00,15.85,55
2026-09-26T06:40,0.00,15.79,54
2026-09-26T06:50,0.00,15.93,53
2026-09-26T07:00,-999,16.03,53
2026-09-26T07:10,0.00,16.07,54
2026-09-26T07:20,0.00,16.11,54
2026-09-26T07:30,0.00,16.44,50
2026-09-26T07:40,0.00,16.68,49
2026-09-26T07:50,0.00,16.81,49
2026-09-26T08:00,0.00,16.72,51
2026-09-26T08:10,0.00,16.60,52
2026-09-26T08:20,0.00,16.43,53
2026-09-26T08:30,0.00,16.37,53
2026-09-26T08:40,0.00,16.35,53
2026-09-26T08:50,0.00,16.50,54
2026-09-26T09:00,0.00,16.50,55
2026-09-26T09:10,0.00,16.54,54
2026-09-26T09:20,0.00,16.63,55
2026-09-26T09:30,0.00,16.65,56
2026-09-26T09:40,0.00,16.74,56
2026-09-26T09:50,0.00,16.88,56
2026-09-26T10:00,0.00,17.15,56
2026-09-26T10:10,0.00,17.53,55
2026-09-26T10:20,0.00,17.58,49
2026-09-26T10:30,0.00,17.64,50
2026-09-26T10:40,0.00,17.89,50
2026-09-26T10:50,0.00,18.19,50
2026-09-26T11:00,0.00,18.39,51
2026-09-26T11:10,0.00,18.80,50
2026-09-26T11:20,0.00,18.97,51
2026-09-26T11:30,0.00,19.45,49
2026-09-26T11:40,0.00,19.56,47
2026-09-26T11:50,0.00,20.06,47
2026-09-26T12:00,0.00,19.99,44
2026-09-26T12:10,0.00,20.39,43
2026-09-26T12:20,0.00,20.69,44
2026-09-26T12:30,0.00,20.66,42
2026-09-26T12:40,0.00,20.89,44
2026-09-26T12:50,0.00,20.81,43
2026-09-26T13:00,0.00,21.24,44
2026-09-26T13:10,-999,21.52,42
2026-09-26T13:20,0.00,21.76,42
2026-09-26T13:30,0.00,21.41,42
2026-09-26T13:40,0.00,21.14,42
2026-09-26T13:50,0.00,21.74,45
2026-09-26T14:00,0.00,21.41,41
2026-09-26T14:10,0.00,21.28,43
2026-09-26T14:20,0.00,21.48,43
2026-09-26T14:30,0.00,21.64,43
2026-09-26T14:40,0.00,21.23,43
2026-09-26T14:50,0.00,21.15,42
2026-09-26T15:00,0.00,21.28,44
2026-09-26T15:10,0.00,21.34,43
2026-09-26T15:20,0.00,21.58,43
2026-09-26T15:30,0.00,21.34,43
2026-09-26T15:40,0.00,21.38,43
2026-09-26T15:50,0.00,21.10,43
2026-09-26T16:00,0.00,21.35,43
2026-09-26T16:10,0.00,21.29,43
2026-09-26T16:20,0.00,21.18,43
2026-09-26T16:30,0.00,21.07,44
2026-09-26T16:40,0.00,21.09,43
2026-09-26T16:50,0.00,21.32,43
2026-09-26T17:00,0.00,21.26,43
2026-09-26T17:10,0.00,21.18,43
2026-09-26T17:20,0.00,21.16,43
2026-09-26T17:30,0.00,20.79,45
2026-09-26T17:40,0.00,20.80,43
2026-09-26T17:50,0.00,21.77,40
2026-09-26T18:00,0.00,21.11,43
2026-09-26T18:10,0.00,20.59,43
2026-09-26T18:20,0.00,20.46,44
2026-09-26T18:30,0.00,20.27,45
2026-09-26T18:40,0.00,20.04,45
2026-09-26T18:50,0.00,20.02,44
2026-09-26T19:00,0.00,19.89,45
2026-09-26T19:10,-999,19.83,45
2026-09-26T19:20,0.00,19.70,45
2026-09-26T19:30,0.00,19.59,45
2026-09-26T19:40,0.00,19.48,46
2026-09-26T19:50,0.00,19.48,46
2026-09-26T20:00,0.00,19.37,47
2026-09-26T20:10,0.00,19.09,47
2026-09-26T20:20,0.00,19.20,46
2026-09-26T20:30,0.00,18.99,48
2026-09-26T20:40,0.00,18.48,50
2026-09-26T20:50,0.00,18.20,51
2026-09-26T21:00,0.00,18.25,51
2026-09-26T21:10,0.00,18.27,52
2026-09-26T21:20,0.00,18.16,52
2026-09-26T21:30,0.00,18.13,53
2026-09-26T21:40,0.00,18.12,52
2026-09-26T21:50,0.00,17.77,53
2026-09-26T22:00,0.00,17.76,52
2026-09-26T22:10,0.00,17.74,52
2026-09-26T22:20,0.00,17.77,53
2026-09-26T22:30,0.00,17.64,53
2026-09-26T22:40,0.00,17.41,54
2026-09-26T22:50,0.00,17.44,54
2026-09-26T23:00,0.00,17.31,55
2026-09-26T23:10,0.00,16.95,55
2026-09-26T23:20,0.00,17.33,53
2026-09-26T23:30,0.00,17.16,55
2026-09-26T23:40,0.00,16.54,58
2026-09-26T23:50,0.00,16.24,60
2026-09-27T00:00,0.00,16.15,60
2026-09-27T00:10,0.00,16.27,58
2026-09-27T00:20,0.00,16.36,57
2026-09-27T00:30,0.00,16.51,57
2026-09-27T00:40,-999,16.17,60
2026-09-27T00:50,0.00,15.96,60
2026-09-27T01:00,0.00,16.02,60
2026-09-27T01:10,0.00,15.81,61
2026-09-27T01:20,0.00,15.61,61
2026-09-27T01:30,0.00,16.12,57
2026-09-27T01:40,0.00,16.07,59
2026-09-27T01:50,0.00,16.09,58
2026-09-27T02:00,0.00,16.38,57
2026-09-27T02:10,0.00,15.88,59
2026-09-27T02:20,0.00,16.89,54
2026-09-27T02:30,0.00,16.01,60
2026-09-27T02:40,0.00,14.84,67
2026-09-27T02:50,0.00,14.84,65
2026-09-27T03:00,0.00,15.35,62
2026-09-27T03:10,0.00,15.08,63
2026-09-27T03:20,0.00,16.02,57
2026-09-27T03:30,0.00,15.84,59
2026-09-27T03:40,0.00,15.89,58
2026-09-27T03:50,0.00,15.25,63
2026-09-27T04:00,0.00,14.42,68
2026-09-27T04:10,0.00,14.33,68
2026-09-27T04:20,0.00,14.54,68
2026-09-27T04:30,0.00,14.49,68
2026-09-27T04:40,0.00,14.58,67
2026-09-27T04:50,0.00,14.75,67
2026-09-27T05:00,0.00,14.87,65
2026-09-27T05:10,0.00,14.71,67
2026-09-27T05:20,0.00,14.88,64
2026-09-27T05:30,0.00,15.70,59
2026-09-27T05:40,0.00,15.77,59
2026-09-27T05:50,0.00,15.15,63
2026-09-27T06:00,0.00,14.92,66
2026-09-27T06:10,0.00,15.54,61
2026-09-27T06:20,0.00,14.85,64
2026-09-27T06:30,0.00,14.86,63
2026-09-27T06:40,0.00,14.66,65
2026-09-27T06:50,0.00,14.92,64
2026-09-27T07:00,-999,14.65,66
2026-09-27T07:10,0.00,14.34,71
2026-09-27T07:20,0.00,14.14,71
2026-09-27T07:30,0.00,14.51,68
2026-09-27T07:40,0.00,14.36,69
2026-09-27T07:50,0.00,14.33,73
2026-09-27T08:00,0.00,14.38,72
2026-09-27T08:10,0.00,14.46,71
2026-09-27T08:20,0.00,14.64,71
2026-09-27T08:30,0.00,14.92,72
2026-09-27T08:40,0.00,15.07,71
2026-09-27T08:50,0.00,15.48,69
2026-09-27T09:00,0.00,16.14,64
2026-09-27T09:10,0.00,16.68,61
2026-09-27T09:20,0.00,16.86,64
2026-09-27T09:30,0.00,17.16,65
2026-09-27T09:40,0.00,17.46,65
2026-09-27T09:50,0.00,18.02,62
2026-09-27T10:00,0.00,18.74,61
2026-09-27T10:10,0.00,19.61,62
2026-09-27T10:20,0.00,20.31,60
2026-09-27T10:30,0.00,20.56,58
2026-09-27T10:40,0.00,21.18,58
2026-09-27T10:50,0.00,21.56,55
2026-09-27T11:00,0.00,22.00,53
2026-09-27T11:10,0.00,22.10,51
2026-09-27T11:20,0.00,21.57,51
2026-09-27T11:30,0.00,21.98,51
2026-09-27T11:40,0.00,21.69,49
2026-09-27T11:50,0.00,21.87,50
2026-09-27T12:00,0.00,22.41,50
2026-09-27T12:10,0.00,22.52,49
2026-09-27T12:20,0.00,22.92,48
2026-09-27T12:30,0.00,22.76,48
2026-09-27T12:40,0.00,22.43,46
2026-09-27T12:50,0.00,22.28,48
2026-09-27T13:00,0.00,22.16,49
2026-09-27T13:10,-999,22.68,48
2026-09-27T13:20,0.00,23.11,48
2026-09-27T13:30,0.00,22.87,46
2026-09-27T13:40,0.00,22.37,48
2026-09-27T13:50,0.00,22.62,47
2026-09-27T14:00,0.00,23.24,45
2026-09-27T14:10,0.00,23.02,47
2026-09-27T14:20,0.00,22.63,46
2026-09-27T14:30,0.00,22.48,47
2026-09-27T14:40,0.00,22.95,46
2026-09-27T14:50,0.00,23.33,47
2026-09-27T15:00,0.00,23.80,44
2026-09-27T15:10,0.00,23.31,44
2026-09-27T15:20,0.00,23.03,44
2026-09-27T15:30,0.00,23.10,44
2026-09-27T15:40,0.00,22.67,44
2026-09-27T15:50,0.00,22.88,44
2026-09-27T16:00,0.00,23.57,42
2026-09-27T16:10,0.00,23.49,43
2026-09-27T16:20,0.00,23.06,43
2026-09-27T16:30,0.00,22.93,42
2026-09-27T16:40,0.00,23.73,40
2026-09-27T16:50,0.00,23.68,41
2026-09-27T17:00,0.00,22.75,43
2026-09-27T17:10,0.00,23.19,42
2026-09-27T17:20,0.00,23.29,42
2026-09-27T17:30,0.00,22.67,43
2026-09-27T17:40,0.00,22.39,43
2026-09-27T17:50,0.00,22.29,44
2026-09-27T18:00,0.00,22.11,44
2026-09-27T18:10,0.00,21.96,44
2026-09-27T18:20,0.00,21.79,45
2026-09-27T18:30,0.00,21.46,46
2026-09-27T18:40,0.00,21.30,45
2026-09-27T18:50,0.00,21.25,45
2026-09-27T19:00,0.00,21.14,46
2026-09-27T19:10,-999,21.06,46
2026-09-27T19:20,0.00,20.97,46
2026-09-27T19:30,0.00,20.90,47
2026-09-27T19:40,0.00,20.80,47
2026-09-27T19:50,0.00,20.65,47
2026-09-27T20:00,0.00,20.53,48
2026-09-27T20:10,0.00,20.47,48
2026-09-27T20:20,0.00,20.21,50
2026-09-27T20:30,0.00,19.58,52
2026-09-27T20:40,0.00,19.31,53
2026-09-27T20:50,0.00,19.26,53
2026-09-27T21:00,0.00,19.27,53
2026-09-27T21:10,0.00,19.24,53
2026-09-27T21:20,0.00,19.24,53
2026-09-27T21:30,0.00,19.31,53
2026-09-27T21:40,0.00,19.35,52
2026-09-27T21:50,0.00,19.30,53
2026-09-27T22:00,0.00,19.08,54
2026-09-27T22:10,0.00,18.61,55
2026-09-27T22:20,0.00,18.61,54
2026-09-27T22:30,0.00,18.68,54
2026-09-27T22:40,0.00,18.91,54
2026-09-27T22:50,0.00,19.00,53
2026-09-27T23:00,0.00,19.03,53
2026-09-27T23:10,0.00,19.09,52
2026-09-27T23:20,0.00,19.23,52
2026-09-27T23:30,0.00,19.28,51
2026-09-27T23:40,0.00,19.37,51
2026-09-27T23:50,0.00,18.71,55
2026-09-28T00:00,0.00,17.71,59
2026-09-28T00:10,0.00,17.13,61
2026-09-28T00:20,0.00,16.70,64
2026-09-28T00:30,0.00,17.33,59
2026-09-28T00:40,0.00,17.68,57
2026-09-28T00:50,0.00,18.23,54
2026-09-28T01:00,-999,18.01,57
2026-09-28T01:10,0.00,17.20,60
2026-09-28T01:20,0.00,16.74,63
2026-09-28T01:30,0.00,16.48,64
2026-09-28T01:40,0.00,16.03,67
2026-09-28T01:50,0.00,16.09,65
2026-09-28T02:00,0.00,15.94,67
2026-09-28T02:10,0.00,15.82,67
2026-09-28T02:20,0.00,16.72,61
2026-09-28T02:30,0.00,17.58,57
2026-09-28T02:40,0.00,16.88,62
2026-09-28T02:50,0.00,15.76,67
2026-09-28T03:00,0.00,15.46,69
2026-09-28T03:10,0.00,15.36,69
2026-09-28T03:20,0.00,15.34,69
2026-09-28T03:30,0.00,16.13,63
2026-09-28T03:40,0.00,16.53,62
2026-09-28T03:50,0.00,16.54,62
2026-09-28T04:00,0.00,15.98,67
2026-09-28T04:10,0.00,15.48,73
2026-09-28T04:20,0.00,15.22,73
2026-09-28T04:30,0.00,15.45,69
2026-09-28T04:40,0.00,15.32,70
2026-09-28T04:50,0.00,15.24,72
2026-09-28T05:00,0.00,15.66,68
2026-09-28T05:10,0.00,16.10,67
2026-09-28T05:20,0.00,15.58,75
2026-09-28T05:30,0.00,15.35,76
2026-09-28T05:40,0.00,15.39,77
2026-09-28T05:50,0.00,15.06,79
2026-09-28T06:00,0.00,14.92,79
2026-09-28T06:10,0.00,15.02,76
2026-09-28T06:20,0.00,15.40,70
2026-09-28T06:30,0.00,15.79,67
2026-09-28T06:40,0.00,15.49,68
2026-09-28T06:50,0.00,15.29,70
2026-09-28T07:00,0.00,15.03,77
2026-09-28T07:10,-999,15.13,75
2026-09-28T07:20,0.00,15.32,71
2026-09-28T07:30,0.00,14.93,77
2026-09-28T07:40,0.00,14.71,79
2026-09-28T07:50,0.00,15.26,72
2026-09-28T08:00,0.00,15.80,67
2026-09-28T08:10,0.00,16.98,60
2026-09-28T08:20,0.00,17.17,61
2026-09-28T08:30,0.00,16.85,64
2026-09-28T08:40,0.00,16.84,64
2026-09-28T08:50,0.00,17.56,62
2026-09-28T09:00,0.00,18.11,61
2026-09-28T09:10,0.00,19.26,59
2026-09-28T09:20,0.00,19.75,60
2026-09-28T09:30,0.00,19.93,61
2026-09-28T09:40,0.00,20.18,61
2026-09-28T09:50,0.00,20.27,63
2026-09-28T10:00,0.00,20.71,61
2026-09-28T10:10,0.00,21.21,59
2026-09-28T10:20,0.00,21.65,59
2026-09-28T10:30,0.00,21.63,57
2026-09-28T10:40,0.00,21.51,57
2026-09-28T10:50,0.00,21.45,57
2026-09-28T11:00,0.00,21.51,57
2026-09-28T11:10,0.00,21.36,56
2026-09-28T11:20,0.00,21.77,55
2026-09-28T11:30,0.00,21.93,55
2026-09-28T11:40,0.00,22.08,53
2026-09-28T11:50,0.00,22.15,54
2026-09-28T12:00,0.00,22.34,50
2026-09-28T12:10,0.00,22.37,50
2026-09-28T12:20,0.00,22.13,49
2026-09-28T12:30,0.00,22.30,50
2026-09-28T12:40,0.00,22.66,48
2026-09-28T12:50,0.00,22.63,49
2026-09-28T13:00,0.00,22.67,49
2026-09-28T13:10,-999,22.91,50
2026-09-28T13:20,0.00,23.30,49
2026-09-28T13:30,0.00,22.95,49
2026-09-28T13:40,0.00,23.52,48
2026-09-28T13:50,0.00,22.93,50
2026-09-28T14:00,0.00,22.99,49
2026-09-28T14:10,0.00,23.12,48
2026-09-28T14:20,0.00,23.36,48
2026-09-28T14:30,0.00,23.59,48
2026-09-28T14:40,0.00,23.36,49
2026-09-28T14:50,0.00,23.10,49
2026-09-28T15:00,0.00,23.12,49
2026-09-28T15:10,0.00,23.08,49
2026-09-28T15:20,0.00,23.20,49
2026-09-28T15:30,0.00,23.01,49
2026-09-28T15:40,0.00,23.42,47
2026-09-28T15:50,0.00,23.17,48
2026-09-28T16:00,0.00,23.44,47
2026-09-28T16:10,0.00,23.17,48
2026-09-28T16:20,0.00,23.14,47
2026-09-28T16:30,0.00,22.98,48
2026-09-28T16:40,0.00,22.94,48
2026-09-28T16:50,0.00,22.97,47
2026-09-28T17:00,0.00,22.89,48
2026-09-28T17:10,0.00,22.68,48
2026-09-28T17:20,0.00,22.67,47
2026-09-28T17:30,0.00,22.62,48
2026-09-28T17:40,0.00,22.65,47
2026-09-28T17:50,0.00,22.47,48
2026-09-28T18:00,0.00,22.39,48
2026-09-28T18:10,0.00,22.27,49
2026-09-28T18:20,0.00,22.00,49
2026-09-28T18:30,0.00,21.82,49
2026-09-28T18:40,0.00,21.70,50
2026-09-28T18:50,0.00,21.55,49
2026-09-28T19:00,0.00,21.39,50
2026-09-28T19:10,-999,21.28,50
2026-09-28T19:20,0.00,21.25,49
2026-09-28T19:30,0.00,21.12,50
2026-09-28T19:40,0.00,21.05,50
2026-09-28T19:50,0.00,20.93,50
2026-09-28T20:00,0.00,20.90,50
2026-09-28T20:10,0.00,20.60,53
2026-09-28T20:20,0.00,20.38,54
2026-09-28T20:30,0.00,20.18,54
2026-09-28T20:40,0.00,20.02,55
2026-09-28T20:50,0.00,19.93,56
2026-09-28T21:00,0.00,19.90,56
2026-09-28T21:10,0.00,19.91,57
2026-09-28T21:20,0.00,19.79,57
2026-09-28T21:30,0.00,19.71,58
2026-09-28T21:40,0.00,19.53,59
2026-09-28T21:50,0.00,19.67,57
2026-09-28T22:00,0.00,19.71,57
2026-09-28T22:10,0.00,19.71,56
2026-09-28T22:20,0.00,19.70,56
2026-09-28T22:30,0.00,19.62,54
2026-09-28T22:40,0.00,19.64,53
2026-09-28T22:50,0.00,19.63,54
2026-09-28T23:00,0.00,19.52,54
2026-09-28T23:10,0.00,19.50,54
2026-09-28T23:20,0.00,19.40,54
2026-09-28T23:30,0.00,19.28,53
2026-09-28T23:40,0.00,19.35,53
2026-09-28T23:50,0.00,19.18,53
2026-09-29T00:00,0.00,18.95,53
2026-09-29T00:10,0.00,18.90,53
2026-09-29T00:20,0.00,18.81,54
2026-09-29T00:30,0.00,18.66,55
2026-09-29T00:40,0.00,18.71,54
2026-09-29T00:50,-999,18.86,53
2026-09-29T01:00,0.00,18.97,53
2026-09-29T01:10,0.00,19.01,52
2026-09-29T01:20,0.00,19.03,52
2026-09-29T01:30,0.00,19.05,52
2026-09-29T01:40,0.00,19.01,52
2026-09-29T01:50,0.00,19.06,52
2026-09-29T02:00,0.00,19.26,51
2026-09-29T02:10,0.00,19.22,52
2026-09-29T02:20,0.00,19.21,52
2026-09-29T02:30,0.00,19.16,52
2026-09-29T02:40,0.00,19.20,52
2026-09-29T02:50,0.00,19.23,53
2026-09-29T03:00,0.00,19.17,53
2026-09-29T03:10,0.00,18.93,55
2026-09-29T03:20,0.00,18.89,55
2026-09-29T03:30,0.00,18.67,56
2026-09-29T03:40,0.00,18.53,56
2026-09-29T03:50,0.00,18.55,56
2026-09-29T04:00,0.00,18.54,56
2026-09-29T04:10,0.00,18.55,56
2026-09-29T04:20,0.00,18.57,55
2026-09-29T04:30,0.00,18.60,55
2026-09-29T04:40,0.00,18.44,56
2026-09-29T04:50,0.00,18.29,57
2026-09-29T05:00,0.00,18.08,58
2026-09-29T05:10,0.00,18.13,58
2026-09-29T05:20,0.00,18.16,57
2026-09-29T05:30,0.00,18.23,57
2026-09-29T05:40,0.00,18.27,56
2026-09-29T05:50,0.00,18.35,55
2026-09-29T06:00,0.00,18.40,55
2026-09-29T06:10,0.00,18.47,55
2026-09-29T06:20,0.00,18.50,54
2026-09-29T06:30,0.00,18.55,54
2026-09-29T06:40,0.00,18.57,54
2026-09-29T06:50,0.00,18.50,54
2026-09-29T07:00,-999,18.49,54
2026-09-29T07:10,0.00,18.52,54
2026-09-29T07:20,0.00,18.63,53
2026-09-29T07:30,0.00,18.65,53
2026-09-29T07:40,0.00,18.62,55
2026-09-29T07:50,0.00,17.74,59
2026-09-29T08:00,0.00,17.92,58
2026-09-29T08:10,0.00,17.73,59
2026-09-29T08:20,0.00,18.18,55
2026-09-29T08:30,0.00,18.58,54
2026-09-29T08:40,0.00,18.70,53
2026-09-29T08:50,0.00,19.16,52
2026-09-29T09:00,0.00,19.29,52
2026-09-29T09:10,0.00,19.47,51
2026-09-29T09:20,0.00,19.65,52
2026-09-29T09:30,0.00,20.03,58
2026-09-29T09:40,0.00,20.46,64
2026-09-29T09:50,0.00,20.67,63
2026-09-29T10:00,0.00,21.11,60
2026-09-29T10:10,0.00,21.11,56
2026-09-29T10:20,0.00,20.85,55
2026-09-29T10:30,0.00,20.95,54
2026-09-29T10:40,0.00,20.90,54
2026-09-29T10:50,0.00,21.22,52
2026-09-29T11:00,0.00,21.39,53
2026-09-29T11:10,0.00,22.07,53
2026-09-29T11:20,0.00,22.32,51
2026-09-29T11:30,0.00,22.66,51
2026-09-29T11:40,0.00,22.52,51
2026-09-29T11:50,0.00,22.79,50
2026-09-29T12:00,0.00,22.75,47
2026-09-29T12:10,0.00,23.16,48
2026-09-29T12:20,0.00,22.88,47
2026-09-29T12:30,0.00,22.69,49
2026-09-29T12:40,-999,22.63,46
2026-09-29T12:50,0.00,22.58,46
2026-09-29T13:00,0.00,23.03,47
2026-09-29T13:10,0.00,22.81,46
2026-09-29T13:20,0.00,23.06,46
2026-09-29T13:30,0.00,23.26,47
2026-09-29T13:40,0.00,23.60,46
2026-09-29T13:50,0.00,24.04,47
2026-09-29T14:00,0.00,23.73,46
2026-09-29T14:10,0.00,23.69,44
2026-09-29T14:20,0.00,23.49,45
2026-09-29T14:30,0.00,23.82,46
2026-09-29T14:40,0.00,23.58,46
2026-09-29T14:50,0.00,23.61,47
2026-09-29T15:00,0.00,23.36,46
2026-09-29T15:10,0.00,23.72,46
2026-09-29T15:20,0.00,23.64,47
2026-09-29T15:30,0.00,23.23,48
2026-09-29T15:40,0.00,23.12,47
2026-09-29T15:50,0.00,22.82,47
2026-09-29T16:00,0.00,22.64,48
2026-09-29T16:10,0.00,22.75,48
2026-09-29T16:20,0.00,22.54,48
2026-09-29T16:30,0.00,22.36,48
2026-09-29T16:40,0.00,22.43,47
2026-09-29T16:50,0.00,22.37,49
2026-09-29T17:00,0.00,22.24,48
2026-09-29T17:10,0.00,22.02,49
2026-09-29T17:20,0.00,21.83,49
2026-09-29T17:30,0.00,21.82,49
2026-09-29T17:40,0.00,21.77,50
2026-09-29T17:50,0.00,21.77,49
2026-09-29T18:00,-999,21.75,50
2026-09-29T18:10,0.00,21.66,50
2026-09-29T18:20,0.00,21.51,50
2026-09-29T18:30,0.00,21.49,49
2026-09-29T18:40,0.00,21.46,49
2026-09-29T18:50,0.00,21.36,49
2026-09-29T19:00,0.00,21.30,48
2026-09-29T19:10,0.00,21.21,48
2026-09-29T19:20,0.00,21.07,48
2026-09-29T19:30,0.00,20.88,50
2026-09-29T19:40,0.00,20.56,52
2026-09-29T19:50,0.00,20.40,55
2026-09-29T20:00,0.00,20.30,55
2026-09-29T20:10,0.00,20.12,55
2026-09-29T20:20,0.00,19.95,56
2026-09-29T20:30,0.00,19.79,57
2026-09-29T20:40,0.00,19.71,57
2026-09-29T20:50,0.00,19.68,56
2026-09-29T21:00,0.00,19.80,56
2026-09-29T21:10,0.00,19.77,56
2026-09-29T21:20,0.00,19.67,56
2026-09-29T21:30,0.00,19.73,56
2026-09-29T21:40,0.00,19.75,56
2026-09-29T21:50,0.00,19.70,55
2026-09-29T22:00,0.00,19.73,55
2026-09-29T22:10,0.00,19.74,54
2026-09-29T22:20,0.00,19.77,53
2026-09-29T22:30,0.00,19.77,53
2026-09-29T22:40,0.00,19.72,53
2026-09-29T22:50,0.00,19.56,52
2026-09-29T23:00,0.00,19.51,52
2026-09-29T23:10,0.00,19.46,52
2026-09-29T23:20,0.00,19.33,52
2026-09-29T23:30,0.00,19.29,52
2026-09-29T23:40,0.00,19.44,50
2026-09-29T23:50,0.00,19.62,48
2026-09-30T00:00,0.00,19.52,48
2026-09-30T00:10,0.00,19.65,47
2026-09-30T00:20,0.00,19.71,46
2026-09-30T00:30,0.00,19.71,46
2026-09-30T00:40,0.00,19.56,47
2026-09-30T00:50,0.00,19.53,46
2026-09-30T01:00,-999,19.61,45
2026-09-30T01:10,0.00,19.66,45
2026-09-30T01:20,0.00,19.62,45
2026-09-30T01:30,0.00,19.63,45
2026-09-30T01:40,0.00,19.52,46
2026-09-30T01:50,0.00,18.69,49
2026-09-30T02:00,0.00,19.06,47
2026-09-30T02:10,0.00,19.84,46
2026-09-30T02:20,0.00,19.32,50
2026-09-30T02:30,0.00,18.83,54
2026-09-30T02:40,0.00,18.56,54
2026-09-30T02:50,0.00,18.72,53
2026-09-30T03:00,0.00,18.39,55
2026-09-30T03:10,0.00,18.25,55
2026-09-30T03:20,0.00,17.87,57
2026-09-30T03:30,0.00,17.85,57
2026-09-30T03:40,0.00,17.98,56
2026-09-30T03:50,0.00,18.09,55
2026-09-30T04:00,0.00,18.11,54
2026-09-30T04:10,0.00,18.11,54
2026-09-30T04:20,0.00,18.11,54
2026-09-30T04:30,0.00,18.16,54
2026-09-30T04:40,0.00,18.11,54
2026-09-30T04:50,0.00,17.95,55
2026-09-30T05:00,0.00,17.54,57
2026-09-30T05:10,0.00,17.71,57
2026-09-30T05:20,0.00,17.76,59
2026-09-30T05:30,0.00,17.87,59
2026-09-30T05:40,0.00,18.05,58
2026-09-30T05:50,0.00,18.22,58
2026-09-30T06:00,0.00,18.31,59
2026-09-30T06:10,0.00,18.00,61
2026-09-30T06:20,0.00,17.19,65
2026-09-30T06:30,0.00,16.35,67
2026-09-30T06:40,0.00,16.25,68
2026-09-30T06:50,0.00,16.08,66
2026-09-30T07:00,0.00,16.06,66
2026-09-30T07:10,-999,16.02,66
2026-09-30T07:20,0.00,16.16,67
2026-09-30T07:30,0.00,16.02,68
2026-09-30T07:40,0.00,16.38,66
2026-09-30T07:50,0.00,16.46,66
2026-09-30T08:00,0.00,16.17,68
2026-09-30T08:10,0.00,16.19,68
2026-09-30T08:20,0.00,16.91,65
2026-09-30T08:30,0.00,16.69,67
2026-09-30T08:40,0.00,17.58,63
2026-09-30T08:50,0.00,18.63,60
2026-09-30T09:00,0.00,18.51,62
2026-09-30T09:10,0.00,18.78,60
2026-09-30T09:20,0.00,19.64,58
2026-09-30T09:30,0.00,20.04,56
2026-09-30T09:40,0.00,20.12,58
2026-09-30T09:50,0.00,20.33,57
2026-09-30T10:00,0.00,20.14,59
2026-09-30T10:10,0.00,20.05,59
2026-09-30T10:20,0.00,20.24,57
2026-09-30T10:30,0.00,20.53,58
2026-09-30T10:40,0.00,21.23,57
2026-09-30T10:50,0.00,20.82,57
2026-09-30T11:00,0.00,21.04,57
2026-09-30T11:10,0.00,21.21,58
2026-09-30T11:20,0.00,21.16,58
2026-09-30T11:30,0.00,21.40,58
2026-09-30T11:40,-999,21.82,56
2026-09-30T11:50,0.00,21.56,57
2026-09-30T12:00,0.00,20.89,59
2026-09-30T12:10,0.00,20.95,60
2026-09-30T12:20,0.00,21.51,57
2026-09-30T12:30,0.00,21.93,58
2026-09-30T12:40,0.00,22.19,55
2026-09-30T12:50,0.00,22.52,54
2026-09-30T13:00,0.00,22.63,53
2026-09-30T13:10,0.00,23.06,52
2026-09-30T13:20,0.00,22.55,50
2026-09-30T13:30,0.00,22.71,49
2026-09-30T13:40,0.00,22.48,49
2026-09-30T13:50,0.00,22.58,45
2026-09-30T14:00,0.00,22.49,46
2026-09-30T14:10,0.00,22.87,43
2026-09-30T14:20,0.00,22.93,43
2026-09-30T14:30,0.00,23.36,43
2026-09-30T14:40,0.00,23.40,43
2026-09-30T14:50,0.00,23.53,43
2026-09-30T15:00,0.00,23.49,43
2026-09-30T15:10,0.00,23.61,44
2026-09-30T15:20,0.00,23.32,44
2026-09-30T15:30,0.00,22.92,44
2026-09-30T15:40,0.00,23.48,43
2026-09-30T15:50,0.00,23.41,44
2026-09-30T16:00,0.00,23.08,45
2026-09-30T16:10,0.00,23.01,43
2026-09-30T16:20,0.00,23.23,43
2026-09-30T16:30,0.00,23.03,45
2026-09-30T16:40,0.00,22.62,45
2026-09-30T16:50,0.00,22.84,46
2026-09-30T17:00,0.00,22.64,47
2026-09-30T17:10,0.00,22.66,46
2026-09-30T17:20,0.00,23.08,45
2026-09-30T17:30,0.00,23.52,44
2026-09-30T17:40,0.00,23.77,44
2026-09-30T17:50,0.00,23.08,47
2026-09-30T18:00,0.00,22.90,48
2026-09-30T18:10,-999,22.38,49
2026-09-30T18:20,0.00,21.90,50
2026-09-30T18:30,0.00,21.67,51
2026-09-30T18:40,0.00,21.46,51
2026-09-30T18:50,0.00,21.35,51
2026-09-30T19:00,0.00,21.17,52
2026-09-30T19:10,0.00,21.06,52
2026-09-30T19:20,0.00,20.88,52
2026-09-30T19:30,0.00,20.75,53
2026-09-30T19:40,0.00,20.60,54
2026-09-30T19:50,0.00,20.59,53
2026-09-30T20:00,0.00,20.54,53
2026-09-30T20:10,0.00,20.42,54
2026-09-30T20:20,0.00,20.19,54
2026-09-30T20:30,0.00,19.96,55
2026-09-30T20:40,0.00,19.74,57
2026-09-30T20:50,0.00,19.43,58
2026-09-30T21:00,0.00,19.28,59
2026-09-30T21:10,0.00,19.18,60
2026-09-30T21:20,0.00,19.16,60
2026-09-30T21:30,0.00,19.44,58
2026-09-30T21:40,0.00,19.37,60
2026-09-30T21:50,0.00,19.36,59
2026-09-30T22:00,0.00,19.50,59
2026-09-30T22:10,0.00,19.49,59
2026-09-30T22:20,0.00,19.45,59
2026-09-30T22:30,0.00,19.44,58
2026-09-30T22:40,0.00,19.40,58
2026-09-30T22:50,0.00,19.30,58
2026-09-30T23:00,0.00,19.13,58
2026-09-30T23:10,0.00,19.11,58
2026-09-30T23:20,0.00,18.91,59
2026-09-30T23:30,0.00,18.68,60
2026-09-30T23:40,0.00,18.52,60
2026-09-30T23:50,0.00,18.41,60
2026-10-01T00:00,0.00,18.66,59
2026-10-01T00:10,0.00,18.56,59
2026-10-01T00:20,0.00,18.65,58
2026-10-01T00:30,0.00,18.80,57
2026-10-01T00:40,0.00,18.64,58
2026-10-01T00:50,0.00,17.59,65
2026-10-01T01:00,-999,17.32,65
2026-10-01T01:10,0.00,17.86,61
2026-10-01T01:20,0.00,18.07,60
2026-10-01T01:30,0.00,18.13,60
2026-10-01T01:40,0.00,18.48,57
2026-10-01T01:50,0.00,19.04,54
2026-10-01T02:00,0.00,19.43,51
2026-10-01T02:10,0.00,19.85,49
2026-10-01T02:20,0.00,19.19,53
2026-10-01T02:30,0.00,18.38,58
2026-10-01T02:40,0.00,18.19,60
2026-10-01T02:50,0.00,18.13,59
2026-10-01T03:00,0.00,18.22,58
2026-10-01T03:10,0.00,18.30,57
2026-10-01T03:20,0.00,18.43,56
2026-10-01T03:30,0.00,18.47,57
2026-10-01T03:40,0.00,18.37,57
2026-10-01T03:50,0.00,18.28,58
2026-10-01T04:00,0.00,18.08,59
2026-10-01T04:10,0.00,17.96,59
2026-10-01T04:20,0.00,17.01,65
2026-10-01T04:30,0.00,16.65,67
2026-10-01T04:40,0.00,16.66,66
2026-10-01T04:50,0.00,16.98,63
2026-10-01T05:00,0.00,16.93,64
2026-10-01T05:10,0.00,17.24,61
2026-10-01T05:20,0.00,17.43,61
2026-10-01T05:30,0.00,17.63,59
2026-10-01T05:40,0.00,17.91,58
2026-10-01T05:50,0.00,18.12,57
2026-10-01T06:00,0.00,18.33,56
2026-10-01T06:10,0.00,18.40,55
2026-10-01T06:20,0.00,18.52,55
2026-10-01T06:30,0.00,18.60,55
2026-10-01T06:40,0.00,18.61,55
2026-10-01T06:50,0.00,18.66,54
2026-10-01T07:00,0.00,18.06,59
2026-10-01T07:10,-999,16.72,66
2026-10-01T07:20,0.00,16.17,70
2026-10-01T07:30,0.00,16.12,68
2026-10-01T07:40,0.00,16.45,66
2026-10-01T07:50,0.00,16.89,64
2026-10-01T08:00,0.00,17.13,63
2026-10-01T08:10,0.00,17.38,61
2026-10-01T08:20,0.00,17.49,62
2026-10-01T08:30,0.00,17.85,60
2026-10-01T08:40,0.00,18.22,58
2026-10-01T08:50,0.00,18.32,60
2026-10-01T09:00,0.00,17.33,67
2026-10-01T09:10,0.00,17.47,67
2026-10-01T09:20,0.00,17.46,67
2026-10-01T09:30,0.00,17.50,67
2026-10-01T09:40,0.00,18.32,66
2026-10-01T09:50,0.00,18.99,64
2026-10-01T10:00,0.00,18.82,65
2026-10-01T10:10,0.00,19.22,63
2026-10-01T10:20,0.00,19.22,61
2026-10-01T10:30,0.00,19.73,62
2026-10-01T10:40,0.00,20.15,62
2026-10-01T10:50,-999,20.80,63
2026-10-01T11:00,0.00,21.30,57
2026-10-01T11:10,0.00,21.70,58
2026-10-01T11:20,0.00,21.57,57
2026-10-01T11:30,0.00,21.24,57
2026-10-01T11:40,0.00,21.18,58
2026-10-01T11:50,0.00,21.04,59
2026-10-01T12:00,0.00,20.75,59
2026-10-01T12:10,0.00,20.71,59
2026-10-01T12:20,0.00,20.98,58
2026-10-01T12:30,0.00,21.13,57
2026-10-01T12:40,0.00,21.13,57
2026-10-01T12:50,0.00,21.16,57
2026-10-01T13:00,0.00,21.16,56
2026-10-01T13:10,0.00,21.35,57
2026-10-01T13:20,0.00,21.67,58
2026-10-01T13:30,0.00,21.80,57
2026-10-01T13:40,0.00,21.66,56
2026-10-01T13:50,0.00,21.66,54
2026-10-01T14:00,0.00,21.77,52
2026-10-01T14:10,0.00,21.90,53
2026-10-01T14:20,0.00,21.93,51
2026-10-01T14:30,0.00,22.07,50
2026-10-01T14:40,0.00,22.07,51
2026-10-01T14:50,-999,22.24,48
2026-10-01T15:00,0.00,22.09,49
2026-10-01T15:10,0.00,21.96,47
2026-10-01T15:20,0.00,21.85,47
2026-10-01T15:30,0.00,21.96,47
2026-10-01T15:40,0.00,21.87,46
2026-10-01T15:50,0.00,21.79,47
2026-10-01T16:00,0.00,21.85,46
2026-10-01T16:10,0.00,21.89,48
2026-10-01T16:20,0.00,21.98,46
2026-10-01T16:30,0.00,21.93,47
2026-10-01T16:40,0.00,21.97,47
2026-10-01T16:50,0.00,22.13,47
2026-10-01T17:00,0.00,21.94,47
2026-10-01T17:10,0.00,21.92,46
2026-10-01T17:20,0.00,22.04,47
2026-10-01T17:30,0.00,22.02,47
2026-10-01T17:40,0.00,21.86,47
2026-10-01T17:50,0.00,21.65,48
2026-10-01T18:00,0.00,21.41,48
2026-10-01T18:10,0.00,21.34,48
2026-10-01T18:20,0.00,21.39,49
2026-10-01T18:30,0.00,21.18,49
2026-10-01T18:40,0.00,21.02,49
2026-10-01T18:50,0.00,20.76,49
2026-10-01T19:00,0.00,20.57,48
2026-10-01T19:10,0.00,20.38,48
2026-10-01T19:20,0.00,20.34,48
2026-10-01T19:30,0.00,20.39,47
2026-10-01T19:40,0.00,20.12,48
2026-10-01T19:50,0.00,20.03,49
2026-10-01T20:00,0.00,19.87,49
2026-10-01T20:10,0.00,19.84,49
2026-10-01T20:20,0.00,19.91,49
2026-10-01T20:30,0.00,19.85,48
2026-10-01T20:40,0.00,19.89,48
2026-10-01T20:50,0.00,19.84,49
2026-10-01T21:00,0.00,19.70,49
2026-10-01T21:10,0.00,19.57,50
2026-10-01T21:20,0.00,19.44,50
2026-10-01T21:30,0.00,19.38,50
2026-10-01T21:40,0.00,19.34,50
2026-10-01T21:50,0.00,19.28,50
2026-10-01T22:00,0.00,19.45,48
2026-10-01T22:10,0.00,19.43,48
2026-10-01T22:20,0.00,19.27,49
2026-10-01T22:30,0.00,19.37,48
2026-10-01T22:40,0.00,18.98,51
2026-10-01T22:50,0.00,18.46,56
2026-10-01T23:00,0.00,18.36,55
2026-10-01T23:10,0.00,18.43,55
2026-10-01T23:20,0.00,18.35,57
2026-10-01T23:30,0.00,18.15,62
2026-10-01T23:40,0.00,18.02,62
2026-10-01T23:50,0.00,18.01,60
2026-10-02T00:00,0.00,18.24,59
2026-10-02T00:10,0.00,18.68,54
2026-10-02T00:20,0.00,19.25,52
2026-10-02T00:30,0.00,19.48,51
2026-10-02T00:40,0.00,19.18,52
2026-10-02T00:50,0.00,18.04,59
2026-10-02T01:00,-999,17.55,64
2026-10-02T01:10,0.00,17.59,61
2026-10-02T01:20,0.00,18.16,56
2026-10-02T01:30,0.00,18.43,54
2026-10-02T01:40,0.00,18.61,53
2026-10-02T01:50,0.00,18.96,53
2026-10-02T02:00,0.00,18.77,54
2026-10-02T02:10,0.00,18.02,58
2026-10-02T02:20,0.00,17.13,63
2026-10-02T02:30,0.00,16.77,69
2026-10-02T02:40,0.00,16.58,71
2026-10-02T02:50,0.00,16.57,72
2026-10-02T03:00,0.00,16.65,72
2026-10-02T03:10,0.00,16.77,73
2026-10-02T03:20,0.00,16.86,72
2026-10-02T03:30,0.00,16.74,73
2026-10-02T03:40,0.00,16.51,74
2026-10-02T03:50,0.00,16.26,74
2026-10-02T04:00,0.00,16.50,71
2026-10-02T04:10,0.00,16.77,70
2026-10-02T04:20,0.00,16.46,71
2026-10-02T04:30,0.00,16.87,66
2026-10-02T04:40,0.00,17.78,60
2026-10-02T04:50,0.00,17.72,62
2026-10-02T05:00,0.00,16.41,71
2026-10-02T05:10,0.00,15.88,73
2026-10-02T05:20,0.00,16.38,67
2026-10-02T05:30,0.00,16.86,65
2026-10-02T05:40,0.00,16.41,68
2026-10-02T05:50,0.00,17.20,63
2026-10-02T06:00,0.00,17.00,65
2026-10-02T06:10,0.00,15.94,72
2026-10-02T06:20,0.00,15.77,76
2026-10-02T06:30,0.00,15.80,76
2026-10-02T06:40,0.00,15.66,77
2026-10-02T06:50,0.00,15.85,77
2026-10-02T07:00,0.00,15.85,75
2026-10-02T07:10,-999,15.91,74
2026-10-02T07:20,0.00,16.04,74
2026-10-02T07:30,0.00,16.12,74
2026-10-02T07:40,0.00,16.18,74
2026-10-02T07:50,0.00,16.32,74
2026-10-02T08:00,0.00,16.42,74
2026-10-02T08:10,0.00,16.46,73
2026-10-02T08:20,0.00,16.55,73
2026-10-02T08:30,0.00,16.58,73
2026-10-02T08:40,0.00,16.76,72
2026-10-02T08:50,0.00,17.21,70
2026-10-02T09:00,0.00,17.30,70
2026-10-02T09:10,0.00,17.58,69
2026-10-02T09:20,0.00,18.00,69
2026-10-02T09:30,0.00,18.25,68
2026-10-02T09:40,0.00,19.03,65
2026-10-02T09:50,0.00,19.60,58
2026-10-02T10:00,0.00,20.19,59
2026-10-02T10:10,0.00,20.54,56
2026-10-02T10:20,0.00,20.45,53
2026-10-02T10:30,0.00,20.45,48
2026-10-02T10:40,0.00,20.40,44
2026-10-02T10:50,0.00,20.60,43
2026-10-02T11:00,0.00,20.66,44
2026-10-02T11:10,0.00,20.93,44
2026-10-02T11:20,0.00,21.09,44
2026-10-02T11:30,0.00,21.09,44
2026-10-02T11:40,0.00,21.41,45
2026-10-02T11:50,0.00,21.48,44
2026-10-02T12:00,0.00,21.73,42
2026-10-02T12:10,0.00,21.82,41
2026-10-02T12:20,0.00,22.02,41
2026-10-02T12:30,0.00,22.39,39
2026-10-02T12:40,0.00,21.94,40
2026-10-02T12:50,0.00,22.00,40
2026-10-02T13:00,0.00,21.88,39
2026-10-02T13:10,0.00,22.18,39
2026-10-02T13:20,0.00,22.48,37
2026-10-02T13:30,-999,22.44,37
2026-10-02T13:40,0.00,22.28,37
2026-10-02T13:50,0.00,22.14,39
2026-10-02T14:00,0.00,22.49,38
2026-10-02T14:10,0.00,22.48,38
2026-10-02T14:20,0.00,22.51,39
2026-10-02T14:30,0.00,22.98,37
2026-10-02T14:40,0.00,23.28,37
2026-10-02T14:50,0.00,23.37,37
2026-10-02T15:00,0.00,23.25,36
2026-10-02T15:10,0.00,22.98,38
2026-10-02T15:20,0.00,22.64,39
2026-10-02T15:30,0.00,22.88,39
2026-10-02T15:40,0.00,23.19,39
2026-10-02T15:50,0.00,23.11,38
2026-10-02T16:00,0.00,22.78,39
2026-10-02T16:10,0.00,22.42,38
2026-10-02T16:20,0.00,22.54,40
2026-10-02T16:30,0.00,23.23,39
2026-10-02T16:40,0.00,23.31,39
2026-10-02T16:50,0.00,23.26,39
2026-10-02T17:00,0.00,23.20,39
2026-10-02T17:10,0.00,23.51,39
2026-10-02T17:20,0.00,23.49,39
2026-10-02T17:30,0.00,23.30,38
2026-10-02T17:40,0.00,24.05,36
2026-10-02T17:50,0.00,23.96,35
2026-10-02T18:00,0.00,23.43,36
2026-10-02T18:10,0.00,22.83,37
2026-10-02T18:20,0.00,22.18,38
2026-10-02T18:30,0.00,21.77,42
2026-10-02T18:40,0.00,21.47,42
2026-10-02T18:50,0.00,21.19,42
2026-10-02T19:00,0.00,20.96,43
2026-10-02T19:10,-999,20.84,44
2026-10-02T19:20,0.00,20.90,42
2026-10-02T19:30,0.00,21.00,41
2026-10-02T19:40,0.00,20.92,43
2026-10-02T19:50,0.00,20.31,45
2026-10-02T20:00,0.00,19.98,46
2026-10-02T20:10,0.00,20.02,46
2026-10-02T20:20,0.00,20.04,46
2026-10-02T20:30,0.00,20.02,45
2026-10-02T20:40,0.00,19.75,46
2026-10-02T20:50,0.00,19.33,48
2026-10-02T21:00,0.00,19.13,48
2026-10-02T21:10,0.00,19.18,47
2026-10-02T21:20,0.00,19.37,46
2026-10-02T21:30,0.00,19.72,45
2026-10-02T21:40,0.00,19.91,45
2026-10-02T21:50,0.00,19.90,45
2026-10-02T22:00,0.00,19.90,44
2026-10-02T22:10,0.00,19.80,45
2026-10-02T22:20,0.00,18.90,49
2026-10-02T22:30,0.00,18.50,49
2026-10-02T22:40,0.00,18.30,49
2026-10-02T22:50,0.00,18.60,47
2026-10-02T23:00,0.00,19.00,46
2026-10-02T23:10,0.00,19.20,44
2026-10-02T23:20,0.00,19.60,43
2026-10-02T23:30,0.00,19.20,46
2026-10-02T23:40,0.00,18.80,46
2026-10-02T23:50,0.00,19.30,43
2026-10-03T00:00,0.00,18.80,49
2026-10-03T00:10,0.00,18.20,49
2026-10-03T00:20,0.00,18.50,47
2026-10-03T00:30,0.00,18.70,47
2026-10-03T00:40,0.00,18.40,49
2026-10-03T00:50,0.00,17.90,52
2026-10-03T01:00,0.00,18.00,51
2026-10-03T01:10,0.00,17.90,53
2026-10-03T01:20,0.00,18.40,43
2026-10-03T01:30,0.00,18.80,40
2026-10-03T01:40,0.00,19.20,36
2026-10-03T01:50,0.00,19.30,35
2026-10-03T02:00,0.00,19.22,36
2026-10-03T02:10,0.00,19.16,37
2026-10-03T02:20,0.00,19.01,37
2026-10-03T02:30,0.00,18.85,38
2026-10-03T02:40,0.00,18.72,38
2026-10-03T02:50,0.00,18.51,40
2026-10-03T03:00,0.00,18.17,42
2026-10-03T03:10,0.00,18.09,42
2026-10-03T03:20,0.00,17.80,44
2026-10-03T03:30,0.00,17.43,47
2026-10-03T03:40,0.00,17.54,45
2026-10-03T03:50,0.00,17.64,42
2026-10-03T04:00,0.00,17.55,42
2026-10-03T04:10,0.00,17.41,42
2026-10-03T04:20,0.00,17.52,43
2026-10-03T04:30,0.00,17.38,43
2026-10-03T04:40,0.00,16.99,44
2026-10-03T04:50,0.00,16.23,47
2026-10-03T05:00,0.00,15.50,52
2026-10-03T05:10,0.00,15.54,49
2026-10-03T05:20,0.00,15.58,49
2026-10-03T05:30,0.00,16.16,45
2026-10-03T05:40,0.00,16.75,43
2026-10-03T05:50,0.00,16.96,43
2026-10-03T06:00,0.00,16.72,44
2026-10-03T06:10,0.00,16.30,46
2026-10-03T06:20,0.00,16.37,45
2026-10-03T06:30,0.00,15.63,49
2026-10-03T06:40,-999,15.34,49
2026-10-03T06:50,0.00,15.64,48
2026-10-03T07:00,0.00,15.50,49
2026-10-03T07:10,0.00,15.85,47
2026-10-03T07:20,0.00,15.78,47
2026-10-03T07:30,0.00,15.35,49
2026-10-03T07:40,0.00,15.13,50
2026-10-03T07:50,0.00,15.46,48
2026-10-03T08:00,0.00,15.43,48
2026-10-03T08:10,0.00,16.00,45
2026-10-03T08:20,0.00,16.36,45
2026-10-03T08:30,0.00,16.40,45
2026-10-03T08:40,0.00,16.79,41
2026-10-03T08:50,0.00,17.15,41
2026-10-03T09:00,0.00,16.83,46
2026-10-03T09:10,0.00,16.26,50
2026-10-03T09:20,0.00,16.13,51
2026-10-03T09:30,0.00,15.90,52
2026-10-03T09:40,0.00,15.91,52
2026-10-03T09:50,0.00,16.56,55
2026-10-03T10:00,0.00,17.27,53
2026-10-03T10:10,0.00,17.83,53
2026-10-03T10:20,0.00,18.29,54
2026-10-03T10:30,0.00,18.23,53
2026-10-03T10:40,0.00,18.31,52
2026-10-03T10:50,0.00,18.69,54
2026-10-03T11:00,0.00,19.86,53
2026-10-03T11:10,0.00,20.75,46
2026-10-03T11:20,0.00,21.39,44
2026-10-03T11:30,0.00,22.35,42
2026-10-03T11:40,0.00,22.56,38
2026-10-03T11:50,0.00,22.94,36
2026-10-03T12:00,0.00,23.19,34
2026-10-03T12:10,0.00,22.99,36
2026-10-03T12:20,0.00,22.67,35
2026-10-03T12:30,0.00,22.53,37
2026-10-03T12:40,0.00,22.78,34
2026-10-03T12:50,0.00,22.76,36
2026-10-03T13:00,0.00,23.74,34
2026-10-03T13:10,-999,23.51,32
2026-10-03T13:20,0.00,23.39,31
2026-10-03T13:30,0.00,23.08,31
2026-10-03T13:40,0.00,23.31,30
2026-10-03T13:50,0.00,22.95,32
2026-10-03T14:00,0.00,23.38,31
2026-10-03T14:10,0.00,23.66,31
2026-10-03T14:20,0.00,24.25,30
2026-10-03T14:30,0.00,24.16,30
2026-10-03T14:40,0.00,23.69,32
2026-10-03T14:50,0.00,23.65,31
2026-10-03T15:00,0.00,23.49,32
2026-10-03T15:10,0.00,23.26,32
2026-10-03T15:20,0.00,23.32,32
2026-10-03T15:30,0.00,23.42,32
2026-10-03T15:40,0.00,22.99,32
2026-10-03T15:50,0.00,22.78,33
2026-10-03T16:00,0.00,22.50,33
2026-10-03T16:10,0.00,22.69,33
2026-10-03T16:20,0.00,22.71,31
2026-10-03T16:30,0.00,22.71,32
2026-10-03T16:40,0.00,22.66,31
2026-10-03T16:50,0.00,23.02,30
2026-10-03T17:00,0.00,23.16,30
2026-10-03T17:10,0.00,22.85,32
2026-10-03T17:20,0.00,22.82,32
2026-10-03T17:30,0.00,22.80,31
2026-10-03T17:40,0.00,22.19,32
2026-10-03T17:50,0.00,21.76,33
2026-10-03T18:00,0.00,21.55,33
2026-10-03T18:10,0.00,21.43,32
2026-10-03T18:20,0.00,21.31,32
2026-10-03T18:30,0.00,21.07,33
2026-10-03T18:40,0.00,20.84,33
2026-10-03T18:50,0.00,20.59,35
2026-10-03T19:00,-999,20.32,37
2026-10-03T19:10,0.00,20.05,38
2026-10-03T19:20,0.00,19.99,37
2026-10-03T19:30,0.00,19.93,36
2026-10-03T19:40,0.00,19.96,36
2026-10-03T19:50,0.00,19.82,36
2026-10-03T20:00,0.00,19.73,38
2026-10-03T20:10,0.00,19.08,41
2026-10-03T20:20,0.00,18.75,42
2026-10-03T20:30,0.00,18.61,43
2026-10-03T20:40,0.00,18.62,41
2026-10-03T20:50,0.00,18.86,40
2026-10-03T21:00,0.00,18.76,40
2026-10-03T21:10,0.00,18.63,40
2026-10-03T21:20,0.00,18.49,40
2026-10-03T21:30,0.00,18.18,41
2026-10-03T21:40,0.00,18.07,41
2026-10-03T21:50,0.00,18.08,41
2026-10-03T22:00,0.00,18.37,41
2026-10-03T22:10,0.00,18.39,41
2026-10-03T22:20,0.00,18.31,40
2026-10-03T22:30,0.00,18.24,40
2026-10-03T22:40,0.00,17.81,43
2026-10-03T22:50,0.00,17.25,44
2026-10-03T23:00,0.00,17.22,43
2026-10-03T23:10,0.00,17.44,43
2026-10-03T23:20,0.00,17.41,42
2026-10-03T23:30,0.00,17.68,41
2026-10-03T23:40,0.00,17.95,40
2026-10-03T23:50,0.00,17.62,41
2026-10-04T00:00,0.00,17.06,44
2026-10-04T00:10,0.00,16.20,47
2026-10-04T00:20,0.00,15.88,48
2026-10-04T00:30,0.00,16.07,46
2026-10-04T00:40,0.00,16.40,46
2026-10-04T00:50,0.00,16.77,44
2026-10-04T01:00,-999,17.01,44
2026-10-04T01:10,0.00,16.29,47
2026-10-04T01:20,0.00,16.07,46
2026-10-04T01:30,0.00,16.37,46
2026-10-04T01:40,0.00,15.47,51
2026-10-04T01:50,0.00,15.69,48
2026-10-04T02:00,0.00,16.70,45
2026-10-04T02:10,0.00,16.52,46
2026-10-04T02:20,0.00,15.32,50
2026-10-04T02:30,0.00,14.93,51
2026-10-04T02:40,0.00,14.77,52
2026-10-04T02:50,0.00,15.05,51
2026-10-04T03:00,0.00,14.68,53
2026-10-04T03:10,0.00,14.56,55
2026-10-04T03:20,0.00,14.38,57
2026-10-04T03:30,0.00,14.40,54
2026-10-04T03:40,0.00,14.42,55
2026-10-04T03:50,0.00,14.29,58
2026-10-04T04:00,0.00,15.03,53
2026-10-04T04:10,0.00,15.59,51
2026-10-04T04:20,0.00,16.17,47
2026-10-04T04:30,0.00,16.93,44
2026-10-04T04:40,0.00,16.66,46
2026-10-04T04:50,0.00,15.75,49
2026-10-04T05:00,0.00,14.96,55
2026-10-04T05:10,0.00,14.14,63
2026-10-04T05:20,0.00,14.07,60
2026-10-04T05:30,0.00,14.27,58
2026-10-04T05:40,0.00,14.53,55
2026-10-04T05:50,0.00,14.50,56
2026-10-04T06:00,0.00,14.05,60
2026-10-04T06:10,0.00,14.31,56
2026-10-04T06:20,0.00,14.17,57
2026-10-04T06:30,0.00,14.26,57
2026-10-04T06:40,0.00,14.71,52
2026-10-04T06:50,0.00,14.71,53
2026-10-04T07:00,0.00,14.39,58
2026-10-04T07:10,-999,14.17,59
2026-10-04T07:20,0.00,13.73,63
2026-10-04T07:30,0.00,13.92,56
2026-10-04T07:40,0.00,14.09,55
2026-10-04T07:50,0.00,14.13,58
2026-10-04T08:00,0.00,13.95,59
2026-10-04T08:10,0.00,14.37,55
2026-10-04T08:20,0.00,15.23,51
2026-10-04T08:30,0.00,15.60,50
2026-10-04T08:40,0.00,15.84,51
2026-10-04T08:50,0.00,15.89,50
2026-10-04T09:00,0.00,16.70,48
2026-10-04T09:10,0.00,17.27,47
2026-10-04T09:20,0.00,17.93,48
2026-10-04T09:30,0.00,18.01,53
2026-10-04T09:40,0.00,18.19,54
2026-10-04T09:50,0.00,18.62,56
2026-10-04T10:00,0.00,18.42,59
2026-10-04T10:10,0.00,19.12,56
2026-10-04T10:20,0.00,20.17,52
2026-10-04T10:30,0.00,20.66,49
2026-10-04T10:40,0.00,20.72,49
2026-10-04T10:50,0.00,20.86,47
2026-10-04T11:00,0.00,21.01,46
2026-10-04T11:10,0.00,21.22,47
2026-10-04T11:20,0.00,21.17,48
2026-10-04T11:30,0.00,21.31,47
2026-10-04T11:40,0.00,20.99,47
2026-10-04T11:50,0.00,20.97,47
2026-10-04T12:00,0.00,21.03,47
2026-10-04T12:10,0.00,21.02,48
2026-10-04T12:20,0.00,21.40,47
2026-10-04T12:30,0.00,21.44,46
2026-10-04T12:40,0.00,21.66,46
2026-10-04T12:50,0.00,21.91,45
2026-10-04T13:00,0.00,22.02,45
2026-10-04T13:10,-999,22.17,43
2026-10-04T13:20,0.00,22.17,43
2026-10-04T13:30,0.00,22.72,44
2026-10-04T13:40,0.00,22.74,43
2026-10-04T13:50,0.00,22.54,42
2026-10-04T14:00,0.00,22.81,41
2026-10-04T14:10,0.00,22.79,40
2026-10-04T14:20,0.00,22.75,40
2026-10-04T14:30,0.00,23.00,38
2026-10-04T14:40,0.00,23.16,37
2026-10-04T14:50,0.00,22.69,37
2026-10-04T15:00,0.00,22.85,37
2026-10-04T15:10,0.00,23.07,37
2026-10-04T15:20,0.00,23.36,36
2026-10-04T15:30,0.00,23.34,37
2026-10-04T15:40,0.00,23.21,35
2026-10-04T15:50,0.00,23.37,37
2026-10-04T16:00,0.00,23.63,38
2026-10-04T16:10,0.00,23.79,35
2026-10-04T16:20,0.00,23.54,36
2026-10-04T16:30,0.00,23.43,34
2026-10-04T16:40,0.00,23.09,35
2026-10-04T16:50,0.00,23.10,36
2026-10-04T17:00,0.00,23.26,34
2026-10-04T17:10,0.00,23.19,34
2026-10-04T17:20,0.00,23.05,34
2026-10-04T17:30,0.00,22.97,33
2026-10-04T17:40,0.00,22.67,33
2026-10-04T17:50,0.00,22.34,32
2026-10-04T18:00,0.00,22.14,33
2026-10-04T18:10,0.00,21.87,33
2026-10-04T18:20,0.00,21.53,34
2026-10-04T18:30,0.00,21.22,35
2026-10-04T18:40,0.00,20.88,35
2026-10-04T18:50,0.00,20.81,35
2026-10-04T19:00,-999,20.75,35
2026-10-04T19:10,0.00,20.73,34
2026-10-04T19:20,0.00,20.76,33
2026-10-04T19:30,0.00,20.67,33
2026-10-04T19:40,0.00,20.56,34
2026-10-04T19:50,0.00,20.60,33
2026-10-04T20:00,0.00,20.73,33
2026-10-04T20:10,0.00,20.67,33
2026-10-04T20:20,0.00,20.33,35
2026-10-04T20:30,0.00,19.84,36
2026-10-04T20:40,0.00,19.59,37
2026-10-04T20:50,0.00,19.43,34
2026-10-04T21:00,0.00,19.74,33
2026-10-04T21:10,0.00,19.53,37
2026-10-04T21:20,0.00,19.21,38
2026-10-04T21:30,0.00,19.06,37
2026-10-04T21:40,0.00,18.83,38
2026-10-04T21:50,0.00,18.71,39
2026-10-04T22:00,0.00,18.24,40
2026-10-04T22:10,0.00,17.77,41
2026-10-04T22:20,0.00,17.46,45
2026-10-04T22:30,0.00,17.29,50
2026-10-04T22:40,0.00,17.15,50
2026-10-04T22:50,0.00,17.00,49
2026-10-04T23:00,0.00,17.54,45
2026-10-04T23:10,0.00,18.02,44
2026-10-04T23:20,0.00,18.50,42
2026-10-04T23:30,0.00,18.92,41
2026-10-04T23:40,0.00,18.54,43
2026-10-04T23:50,0.00,16.81,50
2026-10-05T00:00,0.00,16.49,53
2026-10-05T00:10,0.00,16.40,55
2026-10-05T00:20,0.00,16.36,56
2026-10-05T00:30,0.00,16.15,58
2026-10-05T00:40,0.00,16.05,59
2026-10-05T00:50,0.00,15.98,60
2026-10-05T01:00,-999,16.01,59
2026-10-05T01:10,0.00,16.26,57
2026-10-05T01:20,0.00,16.44,53
2026-10-05T01:30,0.00,16.21,55
2026-10-05T01:40,0.00,15.81,57
2026-10-05T01:50,0.00,16.05,55
2026-10-05T02:00,0.00,16.49,54
2026-10-05T02:10,0.00,16.48,54
2026-10-05T02:20,0.00,16.85,51
2026-10-05T02:30,0.00,17.69,48
2026-10-05T02:40,0.00,17.43,50
2026-10-05T02:50,0.00,16.62,52
2026-10-05T03:00,0.00,16.37,55
2026-10-05T03:10,0.00,15.78,60
2026-10-05T03:20,0.00,15.54,62
2026-10-05T03:30,0.00,15.58,62
2026-10-05T03:40,0.00,15.72,59
2026-10-05T03:50,0.00,16.39,56
2026-10-05T04:00,0.00,16.58,56
2026-10-05T04:10,0.00,16.62,54
2026-10-05T04:20,0.00,17.43,49
2026-10-05T04:30,0.00,16.60,55
2026-10-05T04:40,0.00,15.98,57
2026-10-05T04:50,0.00,16.42,55
2026-10-05T05:00,0.00,16.56,54
2026-10-05T05:10,0.00,17.06,52
2026-10-05T05:20,0.00,17.00,52
2026-10-05T05:30,0.00,16.98,52
2026-10-05T05:40,0.00,16.65,54
2026-10-05T05:50,0.00,15.92,58
2026-10-05T06:00,0.00,15.62,65
2026-10-05T06:10,0.00,15.61,65
2026-10-05T06:20,0.00,15.62,65
2026-10-05T06:30,0.00,15.74,64
2026-10-05T06:40,0.00,16.03,59
2026-10-05T06:50,0.00,16.31,62
2026-10-05T07:00,0.00,15.56,69
2026-10-05T07:10,-999,15.39,69
2026-10-05T07:20,0.00,15.42,66
2026-10-05T07:30,0.00,16.33,54
2026-10-05T07:40,0.00,16.64,53
2026-10-05T07:50,0.00,16.76,52
2026-10-05T08:00,0.00,16.98,52
2026-10-05T08:10,0.00,17.01,53
2026-10-05T08:20,0.00,17.00,54
2026-10-05T08:30,0.00,16.62,65
2026-10-05T08:40,0.00,16.25,69
2026-10-05T08:50,0.00,16.20,70
2026-10-05T09:00,0.00,16.20,71
2026-10-05T09:10,0.00,16.17,72
2026-10-05T09:20,0.00,16.23,71
2026-10-05T09:30,0.00,16.40,69
2026-10-05T09:40,0.00,16.59,71
2026-10-05T09:50,0.00,16.58,72
2026-10-05T10:00,0.00,16.72,73
2026-10-05T10:10,0.00,18.07,68
2026-10-05T10:20,0.00,18.78,64
2026-10-05T10:30,0.00,18.58,67
2026-10-05T10:40,0.00,19.06,64
2026-10-05T10:50,0.00,19.86,61
2026-10-05T11:00,0.00,19.70,59
2026-10-05T11:10,0.00,19.95,59
2026-10-05T11:20,0.00,20.14,56
2026-10-05T11:30,0.00,19.98,56
2026-10-05T11:40,0.00,20.13,56
2026-10-05T11:50,0.00,20.18,56
2026-10-05T12:00,0.00,20.71,53
2026-10-05T12:10,0.00,20.74,51
2026-10-05T12:20,0.00,21.13,51
2026-10-05T12:30,0.00,21.32,49
2026-10-05T12:40,0.00,21.10,50
2026-10-05T12:50,0.00,21.15,50
2026-10-05T13:00,-999,21.21,48
2026-10-05T13:10,0.00,21.37,48
2026-10-05T13:20,0.00,21.40,47
2026-10-05T13:30,0.00,21.33,48
2026-10-05T13:40,0.00,21.15,47
2026-10-05T13:50,0.00,21.13,46
2026-10-05T14:00,0.00,21.35,46
2026-10-05T14:10,0.00,21.62,44
2026-10-05T14:20,0.00,21.77,43
2026-10-05T14:30,0.00,21.78,44
2026-10-05T14:40,0.00,21.87,41
2026-10-05T14:50,0.00,21.91,41
2026-10-05T15:00,0.00,21.93,40
2026-10-05T15:10,0.00,22.00,38
2026-10-05T15:20,0.00,21.99,36
2026-10-05T15:30,0.00,21.99,38
2026-10-05T15:40,0.00,22.24,36
2026-10-05T15:50,0.00,22.55,35
2026-10-05T16:00,0.00,22.73,34
2026-10-05T16:10,0.00,22.70,34
2026-10-05T16:20,0.00,22.72,34
2026-10-05T16:30,0.00,22.52,33
2026-10-05T16:40,0.00,22.25,36
2026-10-05T16:50,0.00,21.93,36
2026-10-05T17:00,0.00,22.04,36
2026-10-05T17:10,0.00,22.22,36
2026-10-05T17:20,0.00,22.37,36
2026-10-05T17:30,0.00,22.74,35
2026-10-05T17:40,0.00,23.02,34
2026-10-05T17:50,0.00,22.90,35
2026-10-05T18:00,0.00,22.57,37
2026-10-05T18:10,0.00,22.33,38
2026-10-05T18:20,0.00,21.93,39
2026-10-05T18:30,0.00,21.23,40
2026-10-05T18:40,0.00,20.98,39
2026-10-05T18:50,0.00,20.91,41
2026-10-05T19:00,0.00,20.53,44
2026-10-05T19:10,-999,19.69,50
2026-10-05T19:20,0.00,19.17,51
2026-10-05T19:30,0.00,19.40,49
2026-10-05T19:40,0.00,19.87,45
2026-10-05T19:50,0.00,19.79,46
2026-10-05T20:00,0.00,18.88,51
2026-10-05T20:10,0.00,18.47,54
2026-10-05T20:20,0.00,18.56,56
2026-10-05T20:30,0.00,18.48,57
2026-10-05T20:40,0.00,18.22,59
2026-10-05T20:50,0.00,17.99,60
2026-10-05T21:00,0.00,17.71,62
2026-10-05T21:10,0.00,17.57,63
2026-10-05T21:20,0.00,17.55,63
2026-10-05T21:30,0.00,17.50,64
2026-10-05T21:40,0.00,17.68,63
2026-10-05T21:50,0.00,17.51,64
2026-10-05T22:00,0.00,17.37,65
2026-10-05T22:10,0.00,17.14,66
2026-10-05T22:20,0.00,16.78,68
2026-10-05T22:30,0.00,16.67,68
2026-10-05T22:40,0.00,16.82,67
2026-10-05T22:50,0.00,16.76,65
2026-10-05T23:00,0.00,16.88,64
2026-10-05T23:10,0.00,16.85,63
2026-10-05T23:20,0.00,16.67,64
2026-10-05T23:30,0.00,16.35,66
2026-10-05T23:40,0.00,15.82,70
2026-10-05T23:50,0.00,15.42,71
2026-10-06T00:00,0.00,15.29,71
2026-10-06T00:10,0.00,15.30,70
2026-10-06T00:20,0.00,15.19,71
2026-10-06T00:30,0.00,14.97,73
2026-10-06T00:40,0.00,14.97,74
2026-10-06T00:50,0.00,15.12,73
2026-10-06T01:00,-999,15.01,74
2026-10-06T01:10,0.00,14.87,73
2026-10-06T01:20,0.00,15.10,70
2026-10-06T01:30,0.00,16.27,64
2026-10-06T01:40,0.00,15.84,69
2026-10-06T01:50,0.00,15.61,70
2026-10-06T02:00,0.00,15.30,72
2026-10-06T02:10,0.00,14.93,74
2026-10-06T02:20,0.00,14.90,75
2026-10-06T02:30,0.00,14.65,77
2026-10-06T02:40,0.00,14.50,76
2026-10-06T02:50,0.00,14.83,73
2026-10-06T03:00,0.00,15.08,71
2026-10-06T03:10,0.00,15.75,66
2026-10-06T03:20,0.00,16.09,65
2026-10-06T03:30,0.00,15.68,68
2026-10-06T03:40,0.00,14.85,73
2026-10-06T03:50,0.00,14.46,75
2026-10-06T04:00,0.00,14.35,76
2026-10-06T04:10,0.00,14.24,77
2026-10-06T04:20,0.00,14.16,77
2026-10-06T04:30,0.00,14.25,76
2026-10-06T04:40,0.00,14.36,76
2026-10-06T04:50,0.00,14.40,76
2026-10-06T05:00,0.00,14.41,76
2026-10-06T05:10,0.00,14.24,76
2026-10-06T05:20,0.00,14.24,76
2026-10-06T05:30,0.00,14.14,77
2026-10-06T05:40,0.00,14.12,77
2026-10-06T05:50,0.00,14.15,76
2026-10-06T06:00,0.00,14.26,75
2026-10-06T06:10,0.00,13.87,78
2026-10-06T06:20,0.00,14.02,76
2026-10-06T06:30,0.00,13.82,78
2026-10-06T06:40,0.00,13.77,79
2026-10-06T06:50,0.00,13.82,80
2026-10-06T07:00,-999,13.82,92
2026-10-06T07:10,0.00,13.80,93
2026-10-06T07:20,0.00,13.73,94
2026-10-06T07:30,0.00,13.71,94
2026-10-06T07:40,0.00,13.99,90
2026-10-06T07:50,0.00,14.17,87
2026-10-06T08:00,0.00,14.27,86
2026-10-06T08:10,0.00,,
2026-10-06T08:20,0.00,14.47,78
2026-10-06T08:30,0.00,14.74,76
2026-10-06T08:40,0.00,14.76,76
2026-10-06T08:50,0.00,14.87,75
2026-10-06T09:00,0.00,14.95,75
2026-10-06T09:10,0.00,15.22,75
2026-10-06T09:20,0.00,15.72,73
2026-10-06T09:30,0.00,16.46,69
2026-10-06T09:40,0.00,17.11,66
2026-10-06T09:50,0.00,17.50,64
2026-10-06T10:00,0.00,17.67,65
2026-10-06T10:10,0.00,17.83,66
2026-10-06T10:20,0.00,18.33,65
2026-10-06T10:30,0.00,19.18,60
2026-10-06T10:40,0.00,19.67,56
2026-10-06T10:50,0.00,19.99,51
2026-10-06T11:00,0.00,20.12,52
2026-10-06T11:10,0.00,19.81,53
2026-10-06T11:20,0.00,20.04,53
2026-10-06T11:30,0.00,20.22,52
2026-10-06T11:40,0.00,20.37,52
2026-10-06T11:50,0.00,20.20,51
2026-10-06T12:00,0.00,20.31,52
2026-10-06T12:10,0.00,20.18,54
2026-10-06T12:20,0.00,20.41,53
2026-10-06T12:30,0.00,19.75,56
2026-10-06T12:40,0.00,19.50,58
2026-10-06T12:50,0.00,19.69,56
2026-10-06T13:00,-999,19.98,56
2026-10-06T13:10,0.00,20.53,55
2026-10-06T13:20,0.00,21.08,53
2026-10-06T13:30,0.00,20.50,54
2026-10-06T13:40,0.00,19.68,58
2026-10-06T13:50,0.00,19.09,61
2026-10-06T14:00,0.00,18.91,61
2026-10-06T14:10,0.00,18.94,59
2026-10-06T14:20,0.80,18.85,63
2026-10-06T14:30,1.20,17.73,68
2026-10-06T14:40,0.20,16.62,73
2026-10-06T14:50,0.20,16.13,76
2026-10-06T15:00,0.00,15.71,88
2026-10-06T15:10,1.40,15.56,96
2026-10-06T15:20,4.00,15.35,93
2026-10-06T15:30,1.80,15.34,94
2026-10-06T15:40,0.00,15.24,100
2026-10-06T15:50,0.00,15.81,95
2026-10-06T16:00,0.00,16.38,87
2026-10-06T16:10,0.00,16.45,88
2026-10-06T16:20,0.00,16.63,87
2026-10-06T16:30,0.00,16.77,85
2026-10-06T16:40,0.00,16.95,78
2026-10-06T16:50,0.00,16.98,83
2026-10-06T17:00,0.00,16.70,86
2026-10-06T17:10,0.00,16.88,74
2026-10-06T17:20,0.00,17.00,71
2026-10-06T17:30,0.00,17.10,69
2026-10-06T17:40,0.00,17.47,64
2026-10-06T17:50,0.00,17.75,62
2026-10-06T18:00,0.00,17.86,62
2026-10-06T18:10,0.00,17.74,62
2026-10-06T18:20,0.00,17.76,61
2026-10-06T18:30,0.00,17.71,63
2026-10-06T18:40,0.00,17.57,63
2026-10-06T18:50,0.00,17.67,63
2026-10-06T19:00,0.00,17.79,62
2026-10-06T19:10,-999,17.98,61
2026-10-06T19:20,0.00,17.61,65
2026-10-06T19:30,0.00,17.22,66
2026-10-06T19:40,0.00,17.37,65
2026-10-06T19:50,0.00,17.65,64
2026-10-06T20:00,0.00,17.55,65
2026-10-06T20:10,0.00,17.48,67
2026-10-06T20:20,0.00,17.31,69
2026-10-06T20:30,0.00,17.15,71
2026-10-06T20:40,0.00,16.87,73
2026-10-06T20:50,0.00,16.91,72
2026-10-06T21:00,0.00,17.08,70
2026-10-06T21:10,0.00,16.92,71
2026-10-06T21:20,0.00,16.95,71
2026-10-06T21:30,0.00,16.71,72
2026-10-06T21:40,0.00,16.76,71
2026-10-06T21:50,0.00,16.64,72
2026-10-06T22:00,0.00,16.44,73
2026-10-06T22:10,0.00,16.49,71
2026-10-06T22:20,0.00,16.77,67
2026-10-06T22:30,0.00,16.89,65
2026-10-06T22:40,0.00,16.73,69
2026-10-06T22:50,0.00,16.25,72
2026-10-06T23:00,0.00,16.16,72
2026-10-06T23:10,0.00,15.96,73
2026-10-06T23:20,0.00,15.74,74
2026-10-06T23:30,0.00,15.67,71
2026-10-06T23:40,0.00,15.78,70
2026-10-06T23:50,0.00,15.59,72
2026-10-07T00:00,0.00,15.64,70
2026-10-07T00:10,0.00,15.74,70
2026-10-07T00:20,0.00,15.43,72
2026-10-07T00:30,0.00,15.24,73
2026-10-07T00:40,0.00,15.17,73
2026-10-07T00:50,0.00,15.15,73
2026-10-07T01:00,-999,15.07,74
2026-10-07T01:10,0.00,15.03,75
2026-10-07T01:20,0.00,15.00,74
2026-10-07T01:30,0.00,15.01,74
2026-10-07T01:40,0.00,14.86,77
2026-10-07T01:50,0.00,14.81,83
2026-10-07T02:00,0.00,14.83,85
2026-10-07T02:10,0.00,14.80,89
2026-10-07T02:20,0.00,14.84,84
2026-10-07T02:30,0.00,14.93,81
2026-10-07T02:40,0.00,14.88,79
2026-10-07T02:50,0.00,15.12,74
2026-10-07T03:00,0.00,14.81,84
2026-10-07T03:10,0.00,14.78,81
2026-10-07T03:20,0.00,14.76,80
2026-10-07T03:30,0.00,14.61,84
2026-10-07T03:40,0.00,14.51,87
2026-10-07T03:50,0.00,14.55,81
2026-10-07T04:00,0.00,14.54,83
2026-10-07T04:10,0.00,14.49,84
2026-10-07T04:20,0.00,14.73,72
2026-10-07T04:30,0.00,15.09,66
2026-10-07T04:40,0.40,14.82,72
2026-10-07T04:50,0.00,14.04,78
2026-10-07T05:00,0.00,13.50,95
2026-10-07T05:10,0.00,13.55,93
2026-10-07T05:20,0.00,13.55,95
2026-10-07T05:30,0.00,13.34,96
2026-10-07T05:40,0.00,13.31,93
2026-10-07T05:50,0.00,13.23,90
2026-10-07T06:00,0.00,13.44,82
2026-10-07T06:10,0.00,13.93,72
2026-10-07T06:20,0.00,14.39,66
2026-10-07T06:30,0.00,14.49,66
2026-10-07T06:40,0.00,14.29,70
2026-10-07T06:50,0.00,14.00,75
2026-10-07T07:00,0.00,13.70,79
2026-10-07T07:10,-999,13.74,84
2026-10-07T07:20,0.00,14.13,82
2026-10-07T07:30,0.00,14.24,79
2026-10-07T07:40,0.00,14.29,78
2026-10-07T07:50,0.00,14.34,81
2026-10-07T08:00,0.00,14.09,87
2026-10-07T08:10,0.00,14.05,87
2026-10-07T08:20,0.00,14.24,82
2026-10-07T08:30,0.00,14.50,74
2026-10-07T08:40,0.20,14.63,73
2026-10-07T08:50,0.00,14.79,71
2026-10-07T09:00,0.00,14.89,71
2026-10-07T09:10,0.00,14.91,71
2026-10-07T09:20,0.00,14.88,73
2026-10-07T09:30,0.00,14.86,75
2026-10-07T09:40,0.00,14.79,76
2026-10-07T09:50,0.00,14.98,74
2026-10-07T10:00,0.00,15.05,73
2026-10-07T10:10,0.00,15.13,73
2026-10-07T10:20,0.80,15.08,74
2026-10-07T10:30,0.00,14.78,79
2026-10-07T10:40,0.00,14.54,82
2026-10-07T10:50,0.00,14.72,83
2026-10-07T11:00,0.00,14.74,87
2026-10-07T11:10,0.00,14.93,80
2026-10-07T11:20,0.00,15.01,76
2026-10-07T11:30,0.40,14.93,78
2026-10-07T11:40,0.00,14.64,95
2026-10-07T11:50,0.00,14.45,98
2026-10-07T12:00,0.00,14.51,99
2026-10-07T12:10,0.00,14.74,94
2026-10-07T12:20,0.00,14.89,91
2026-10-07T12:30,0.00,14.83,95
2026-10-07T12:40,0.00,14.97,97
2026-10-07T12:50,0.00,15.43,97
2026-10-07T13:00,0.00,15.96,99
2026-10-07T13:10,-999,16.25,97
2026-10-07T13:20,0.00,16.49,96
2026-10-07T13:30,0.00,16.50,92
2026-10-07T13:40,0.00,16.50,85
2026-10-07T13:50,0.00,16.75,84
2026-10-07T14:00,0.00,16.90,87
2026-10-07T14:10,0.00,16.91,89
2026-10-07T14:20,0.00,16.96,86
2026-10-07T14:30,0.00,16.93,80
2026-10-07T14:40,0.00,17.05,89
2026-10-07T14:50,0.00,16.94,91
2026-10-07T15:00,0.00,16.88,93
2026-10-07T15:10,0.00,16.79,88
2026-10-07T15:20,0.00,16.75,84
2026-10-07T15:30,0.00,16.70,81
2026-10-07T15:40,0.00,16.85,84
2026-10-07T15:50,0.00,16.87,82
2026-10-07T16:00,0.00,16.89,80
2026-10-07T16:10,0.00,16.91,78
2026-10-07T16:20,0.00,16.96,81
2026-10-07T16:30,0.00,17.00,82
2026-10-07T16:40,0.00,17.03,81
2026-10-07T16:50,0.00,16.82,77
2026-10-07T17:00,0.00,16.77,77
2026-10-07T17:10,0.00,16.55,77
2026-10-07T17:20,0.00,16.32,78
2026-10-07T17:30,0.00,16.09,87
2026-10-07T17:40,0.00,16.00,87
2026-10-07T17:50,0.00,15.89,91
2026-10-07T18:00,0.00,15.68,94
2026-10-07T18:10,0.00,15.61,95
2026-10-07T18:20,0.00,15.58,93
2026-10-07T18:30,0.00,15.47,95
2026-10-07T18:40,0.00,15.40,90
2026-10-07T18:50,0.00,15.37,91
2026-10-07T19:00,0.00,15.29,91
2026-10-07T19:10,-999,15.45,87
2026-10-07T19:20,0.00,15.63,84
2026-10-07T19:30,0.20,15.77,85
2026-10-07T19:40,0.20,15.40,96
2026-10-07T19:50,0.00,15.07,100
2026-10-07T20:00,0.20,14.97,100
2026-10-07T20:10,0.00,14.89,100
2026-10-07T20:20,0.00,15.02,100
2026-10-07T20:30,0.00,15.16,100
2026-10-07T20:40,0.00,15.34,100
2026-10-07T20:50,0.20,15.45,100
2026-10-07T21:00,0.60,15.28,100
2026-10-07T21:10,0.40,15.03,100
2026-10-07T21:20,0.20,14.75,100
2026-10-07T21:30,0.40,14.66,100
2026-10-07T21:40,0.40,14.54,100
2026-10-07T21:50,0.60,14.48,100
2026-10-07T22:00,0.20,14.37,100
2026-10-07T22:10,1.00,14.44,100
2026-10-07T22:20,0.60,14.32,100
2026-10-07T22:30,0.00,14.32,100
2026-10-07T22:40,0.40,14.27,100
2026-10-07T22:50,1.00,14.30,100
2026-10-07T23:00,0.00,14.28,100
2026-10-07T23:10,0.20,14.20,100
2026-10-07T23:20,0.00,14.27,100
2026-10-07T23:30,0.00,14.31,100
2026-10-07T23:40,1.00,14.30,100
2026-10-07T23:50,0.00,14.25,100
2026-10-08T00:00,0.20,14.32,100
2026-10-08T00:10,0.40,14.27,100
2026-10-08T00:20,2.00,14.27,100
2026-10-08T00:30,0.80,14.18,100
2026-10-08T00:40,-999,14.21,100
2026-10-08T00:50,0.20,14.46,100
2026-10-08T01:00,0.00,14.53,100
2026-10-08T01:10,0.00,14.57,100
2026-10-08T01:20,0.00,14.59,100
2026-10-08T01:30,0.00,14.59,100
2026-10-08T01:40,0.00,14.56,100
2026-10-08T01:50,0.00,14.59,100
2026-10-08T02:00,0.00,14.82,100
2026-10-08T02:10,0.20,14.85,100
2026-10-08T02:20,0.00,14.90,100
2026-10-08T02:30,0.20,14.92,100
2026-10-08T02:40,0.00,14.86,100
2026-10-08T02:50,0.00,14.79,100
2026-10-08T03:00,0.00,14.76,100
2026-10-08T03:10,0.20,14.77,100
2026-10-08T03:20,0.00,14.59,100
2026-10-08T03:30,0.00,14.54,100
2026-10-08T03:40,0.00,14.51,100
2026-10-08T03:50,0.00,14.58,100
2026-10-08T04:00,0.00,14.70,100
2026-10-08T04:10,0.00,14.78,100
2026-10-08T04:20,0.00,14.96,100
2026-10-08T04:30,0.00,15.06,100
2026-10-08T04:40,0.00,14.88,100
2026-10-08T04:50,0.00,14.82,100
2026-10-08T05:00,0.00,14.76,100
2026-10-08T05:10,0.00,14.72,100
2026-10-08T05:20,0.00,14.72,100
2026-10-08T05:30,0.20,14.85,100
2026-10-08T05:40,0.00,14.76,100
2026-10-08T05:50,0.00,14.69,100
2026-10-08T06:00,0.00,14.75,100
2026-10-08T06:10,0.00,14.64,100
2026-10-08T06:20,0.00,14.78,100
2026-10-08T06:30,0.00,14.89,100
2026-10-08T06:40,0.00,14.88,100
2026-10-08T06:50,0.00,14.95,100
2026-10-08T07:00,0.60,15.00,100
2026-10-08T07:10,0.00,15.08,100
2026-10-08T07:20,0.00,15.10,100
2026-10-08T07:30,-999,15.01,100
2026-10-08T07:40,4.80,14.87,100
2026-10-08T07:50,0.00,14.73,100
2026-10-08T08:00,0.00,14.60,100
2026-10-08T08:10,1.60,14.62,100
2026-10-08T08:20,2.20,14.60,100
2026-10-08T08:30,0.00,14.60,100
2026-10-08T08:40,0.00,14.58,100
2026-10-08T08:50,0.20,14.61,100
2026-10-08T09:00,0.00,14.62,100
2026-10-08T09:10,0.80,14.66,100
2026-10-08T09:20,0.60,14.61,100
2026-10-08T09:30,0.00,14.68,100
2026-10-08T09:40,0.00,14.71,100
2026-10-08T09:50,2.00,14.73,100
2026-10-08T10:00,0.40,14.81,100
2026-10-08T10:10,0.00,14.95,100
2026-10-08T10:20,0.00,15.00,100
2026-10-08T10:30,0.00,14.92,100
2026-10-08T10:40,0.40,14.95,100
2026-10-08T10:50,0.40,15.06,100
2026-10-08T11:00,0.40,15.13,100
2026-10-08T11:10,0.00,15.18,100
2026-10-08T11:20,0.00,15.31,100
2026-10-08T11:30,0.00,15.27,100
2026-10-08T11:40,0.00,15.34,100
2026-10-08T11:50,0.00,15.35,100
2026-10-08T12:00,0.00,15.35,100
2026-10-08T12:10,0.00,15.38,100
2026-10-08T12:20,0.00,15.45,100
2026-10-08T12:30,0.00,15.50,100
2026-10-08T12:40,-999,15.50,100
2026-10-08T12:50,0.00,15.60,100
2026-10-08T13:00,0.00,15.71,100
2026-10-08T13:10,0.00,15.71,100
2026-10-08T13:20,0.00,15.93,100
2026-10-08T13:30,0.00,15.73,100
2026-10-08T13:40,0.00,15.83,100
2026-10-08T13:50,0.00,16.14,100
2026-10-08T14:00,0.00,16.35,100
2026-10-08T14:10,0.00,16.43,100
2026-10-08T14:20,0.00,16.39,100
2026-10-08T14:30,0.00,16.80,100
2026-10-08T14:40,0.00,16.86,100
2026-10-08T14:50,0.00,17.01,100
2026-10-08T15:00,0.00,17.60,100
2026-10-08T15:10,0.00,17.86,100
2026-10-08T15:20,0.00,17.58,100
2026-10-08T15:30,0.00,17.66,100
2026-10-08T15:40,0.00,17.58,100
2026-10-08T15:50,0.00,17.60,100
2026-10-08T16:00,0.00,17.86,100
2026-10-08T16:10,0.00,17.86,100
2026-10-08T16:20,0.00,17.68,100
2026-10-08T16:30,0.00,17.58,100
2026-10-08T16:40,0.00,17.48,100
2026-10-08T16:50,0.00,17.47,100
2026-10-08T17:00,0.00,17.48,100
2026-10-08T17:10,0.00,17.43,100
2026-10-08T17:20,0.00,17.45,100
2026-10-08T17:30,0.00,17.49,100
2026-10-08T17:40,0.00,17.46,100
2026-10-08T17:50,0.00,17.60,100
2026-10-08T18:00,0.00,17.49,100
2026-10-08T18:10,0.00,17.43,100
2026-10-08T18:20,0.00,17.16,100
2026-10-08T18:30,0.00,17.02,100
2026-10-08T18:40,0.00,16.76,100
2026-10-08T18:50,0.00,16.63,100
2026-10-08T19:00,-999,16.41,100
2026-10-08T19:10,0.00,16.21,100
2026-10-08T19:20,0.00,16.09,100
2026-10-08T19:30,0.00,16.08,100
2026-10-08T19:40,0.00,15.92,100
2026-10-08T19:50,0.00,15.77,100
2026-10-08T20:00,0.00,15.82,100
2026-10-08T20:10,0.00,15.66,100
2026-10-08T20:20,0.00,15.80,100
2026-10-08T20:30,0.00,15.65,100
2026-10-08T20:40,0.00,15.64,100
2026-10-08T20:50,0.00,15.62,100
2026-10-08T21:00,0.00,15.64,100
2026-10-08T21:10,0.00,15.51,96
2026-10-08T21:20,0.00,15.50,94
2026-10-08T21:30,0.00,15.66,91
2026-10-08T21:40,0.00,15.92,88
2026-10-08T21:50,0.00,15.88,89
2026-10-08T22:00,0.00,15.79,92
2026-10-08T22:10,0.20,15.37,98
2026-10-08T22:20,0.20,15.13,100
2026-10-08T22:30,0.40,14.94,100
2026-10-08T22:40,0.20,15.02,100
2026-10-08T22:50,0.20,15.05,100
2026-10-08T23:00,0.00,14.98,100
2026-10-08T23:10,0.00,15.09,100
2026-10-08T23:20,0.00,15.00,100
2026-10-08T23:30,0.00,14.81,100
2026-10-08T23:40,0.00,14.74,100
2026-10-08T23:50,0.00,14.72,100
2026-10-09T00:00,0.00,14.93,100
2026-10-09T00:10,0.00,15.27,99
2026-10-09T00:20,0.00,15.16,100
2026-10-09T00:30,0.00,15.00,100
2026-10-09T00:40,0.00,15.01,100
2026-10-09T00:50,0.00,15.03,100
2026-10-09T01:00,-999,15.04,99
2026-10-09T01:10,0.00,15.05,100
2026-10-09T01:20,0.00,15.00,100
2026-10-09T01:30,0.00,14.85,100
2026-10-09T01:40,0.00,14.71,100
2026-10-09T01:50,0.40,14.59,100
2026-10-09T02:00,1.60,14.63,100
2026-10-09T02:10,0.20,14.52,100
2026-10-09T02:20,0.00,14.29,100
2026-10-09T02:30,0.00,14.31,100
2026-10-09T02:40,0.00,14.28,100
2026-10-09T02:50,0.00,14.15,100
2026-10-09T03:00,0.00,14.23,100
2026-10-09T03:10,0.00,14.54,100
2026-10-09T03:20,0.00,14.43,100
2026-10-09T03:30,0.00,14.41,100
2026-10-09T03:40,0.00,14.25,100
2026-10-09T03:50,0.00,14.00,100
2026-10-09T04:00,0.60,13.98,100
2026-10-09T04:10,4.40,13.97,100
2026-10-09T04:20,9.00,13.91,100
2026-10-09T04:30,2.00,13.95,100
2026-10-09T04:40,0.00,14.36,100
2026-10-09T04:50,0.00,14.60,100
2026-10-09T05:00,0.00,14.76,100
2026-10-09T05:10,0.00,14.87,97
2026-10-09T05:20,0.00,15.02,97
2026-10-09T05:30,0.00,14.74,100
2026-10-09T05:40,0.00,14.05,100
2026-10-09T05:50,0.00,13.99,100
2026-10-09T06:00,0.00,14.02,100
2026-10-09T06:10,0.00,14.27,100
2026-10-09T06:20,0.00,14.01,100
2026-10-09T06:30,0.00,13.85,100
2026-10-09T06:40,0.20,13.94,100
2026-10-09T06:50,0.00,13.83,100
2026-10-09T07:00,-999,13.91,100
2026-10-09T07:10,0.00,13.87,100
2026-10-09T07:20,0.00,13.82,100
2026-10-09T07:30,0.00,13.88,100
2026-10-09T07:40,0.00,13.86,100
2026-10-09T07:50,0.00,13.79,100
2026-10-09T08:00,0.20,13.83,100
2026-10-09T08:10,0.00,14.01,100
2026-10-09T08:20,0.00,14.19,100
2026-10-09T08:30,0.00,14.68,100
2026-10-09T08:40,0.00,15.32,99
2026-10-09T08:50,0.00,15.13,98
2026-10-09T09:00,0.00,15.40,88
2026-10-09T09:10,0.00,15.61,90
2026-10-09T09:20,0.00,16.01,93
2026-10-09T09:30,0.00,17.07,98
2026-10-09T09:40,0.00,17.72,93
2026-10-09T09:50,0.00,17.51,92
2026-10-09T10:00,0.00,17.86,98
2026-10-09T10:10,0.00,18.17,96
2026-10-09T10:20,0.00,18.55,98
2026-10-09T10:30,0.00,19.45,95
2026-10-09T10:40,0.00,20.03,78
2026-10-09T10:50,0.00,20.37,75
2026-10-09T11:00,0.00,20.59,70
2026-10-09T11:10,0.00,20.82,68
2026-10-09T11:20,0.00,20.48,69
2026-10-09T11:30,0.00,21.26,69
2026-10-09T11:40,0.00,21.26,64
2026-10-09T11:50,0.00,21.27,67
2026-10-09T12:00,0.00,20.91,67
2026-10-09T12:10,0.00,20.78,65
2026-10-09T12:20,0.00,20.88,66
2026-10-09T12:30,0.00,21.00,64
2026-10-09T12:40,0.00,20.85,64
2026-10-09T12:50,0.00,20.57,60
2026-10-09T13:00,0.00,21.05,62
2026-10-09T13:10,0.00,21.26,60
2026-10-09T13:20,-999,20.79,59
2026-10-09T13:30,0.00,20.80,61
2026-10-09T13:40,0.00,21.26,59
2026-10-09T13:50,0.00,21.07,59
2026-10-09T14:00,0.00,20.73,58
2026-10-09T14:10,0.00,21.01,60
2026-10-09T14:20,0.00,20.42,60
2026-10-09T14:30,0.00,20.70,60
2026-10-09T14:40,0.00,20.11,62
2026-10-09T14:50,0.00,20.92,59
2026-10-09T15:00,0.00,21.47,59
2026-10-09T15:10,0.00,22.08,54
2026-10-09T15:20,0.00,21.77,56
2026-10-09T15:30,0.00,21.77,54
2026-10-09T15:40,0.00,21.35,54
2026-10-09T15:50,0.00,21.03,53
2026-10-09T16:00,0.00,21.29,53
2026-10-09T16:10,0.00,21.68,53
2026-10-09T16:20,0.00,21.73,52
2026-10-09T16:30,0.00,21.13,54
2026-10-09T16:40,0.00,20.72,56
2026-10-09T16:50,0.00,20.74,56
2026-10-09T17:00,0.00,21.02,54
2026-10-09T17:10,0.00,20.59,55
2026-10-09T17:20,0.00,20.70,54
2026-10-09T17:30,0.00,21.03,53
2026-10-09T17:40,0.00,20.92,52
2026-10-09T17:50,0.00,20.59,55
2026-10-09T18:00,0.00,20.31,56
2026-10-09T18:10,0.00,20.06,57
2026-10-09T18:20,0.00,19.83,58
2026-10-09T18:30,0.00,19.62,58
2026-10-09T18:40,0.00,19.39,59
2026-10-09T18:50,0.00,19.21,59
2026-10-09T19:00,0.00,19.07,62
2026-10-09T19:10,-999,18.83,63
2026-10-09T19:20,0.00,18.64,64
2026-10-09T19:30,0.00,18.47,66
2026-10-09T19:40,0.00,18.25,68
2026-10-09T19:50,0.00,18.02,70
2026-10-09T20:00,0.00,17.87,72
2026-10-09T20:10,0.00,17.80,73
2026-10-09T20:20,0.00,17.18,73
2026-10-09T20:30,0.00,16.96,74
2026-10-09T20:40,0.00,17.17,74
2026-10-09T20:50,0.00,17.30,75
2026-10-09T21:00,0.00,17.19,75
2026-10-09T21:10,0.00,17.14,75
2026-10-09T21:20,0.00,17.01,75
2026-10-09T21:30,0.00,16.98,75
2026-10-09T21:40,0.00,16.75,76
2026-10-09T21:50,0.00,16.51,77
2026-10-09T22:00,0.00,16.72,79
2026-10-09T22:10,0.00,16.67,83
2026-10-09T22:20,0.00,16.58,91
2026-10-09T22:30,0.00,16.51,94
2026-10-09T22:40,0.00,16.36,95
2026-10-09T22:50,0.00,16.29,95
2026-10-09T23:00,0.00,16.33,95
2026-10-09T23:10,0.00,15.65,100
2026-10-09T23:20,0.00,15.67,99
2026-10-09T23:30,0.00,15.98,97
2026-10-09T23:40,0.00,15.82,99
2026-10-09T23:50,0.00,15.70,100
2026-10-10T00:00,0.00,15.75,99
2026-10-10T00:10,0.00,15.83,98
2026-10-10T00:20,0.00,15.77,99
2026-10-10T00:30,0.00,16.18,96
2026-10-10T00:40,0.00,16.02,96
2026-10-10T00:50,0.00,15.39,100
2026-10-10T01:00,-999,15.15,100
2026-10-10T01:10,0.00,15.41,100
2026-10-10T01:20,0.00,15.18,100
2026-10-10T01:30,0.00,14.74,100
2026-10-10T01:40,0.00,14.65,100
2026-10-10T01:50,0.00,14.79,100
2026-10-10T02:00,0.00,15.29,99
2026-10-10T02:10,0.00,15.41,99
2026-10-10T02:20,0.00,15.21,100
2026-10-10T02:30,0.00,15.18,100
2026-10-10T02:40,0.00,15.25,100
2026-10-10T02:50,0.00,15.20,99
2026-10-10T03:00,0.00,14.30,100
2026-10-10T03:10,0.00,14.01,100
2026-10-10T03:20,0.00,14.00,100
2026-10-10T03:30,0.00,13.97,100
2026-10-10T03:40,0.00,13.91,100
2026-10-10T03:50,0.00,13.87,100
2026-10-10T04:00,0.00,14.19,100
2026-10-10T04:10,0.00,14.15,100
2026-10-10T04:20,0.00,14.11,100
2026-10-10T04:30,0.00,13.98,100
2026-10-10T04:40,0.00,13.82,100
2026-10-10T04:50,0.00,13.72,100
2026-10-10T05:00,0.00,13.70,100
2026-10-10T05:10,0.00,13.55,100
2026-10-10T05:20,0.00,13.47,100
2026-10-10T05:30,0.00,13.45,100
2026-10-10T05:40,0.00,13.43,100
2026-10-10T05:50,0.00,13.48,100
2026-10-10T06:00,0.00,13.41,100
2026-10-10T06:10,0.00,13.37,100
2026-10-10T06:20,0.00,13.64,100
2026-10-10T06:30,0.00,13.82,100
2026-10-10T06:40,0.00,13.82,100
2026-10-10T06:50,0.00,13.92,100
2026-10-10T07:00,0.00,14.19,100
2026-10-10T07:10,-999,13.95,100
2026-10-10T07:20,0.00,13.65,100
2026-10-10T07:30,0.00,13.57,100
2026-10-10T07:40,0.00,13.49,100
2026-10-10T07:50,0.00,13.70,100
2026-10-10T08:00,0.00,13.77,100
2026-10-10T08:10,0.00,13.81,100
2026-10-10T08:20,0.00,13.66,100
2026-10-10T08:30,0.00,13.78,100
2026-10-10T08:40,0.00,14.05,99
2026-10-10T08:50,0.00,14.22,98
2026-10-10T09:00,0.00,14.27,97
2026-10-10T09:10,0.00,14.44,97
2026-10-10T09:20,0.00,14.51,97
2026-10-10T09:30,0.00,14.76,99
2026-10-10T09:40,0.00,14.89,100
2026-10-10T09:50,0.00,14.80,100
2026-10-10T10:00,0.00,14.71,100
2026-10-10T10:10,0.00,14.59,100
2026-10-10T10:20,0.00,14.81,100
2026-10-10T10:30,0.00,15.06,100
2026-10-10T10:40,0.00,15.48,100
2026-10-10T10:50,0.00,15.88,100
2026-10-10T11:00,0.00,16.26,100
2026-10-10T11:10,0.00,16.62,99
2026-10-10T11:20,0.00,16.71,97
2026-10-10T11:30,0.00,16.67,95
2026-10-10T11:40,0.00,16.69,94
2026-10-10T11:50,0.00,16.73,93
2026-10-10T12:00,0.00,16.65,96
2026-10-10T12:10,0.00,16.52,96
2026-10-10T12:20,0.00,16.47,96
2026-10-10T12:30,0.00,16.50,98
2026-10-10T12:40,0.00,16.36,99
2026-10-10T12:50,0.00,16.25,99
2026-10-10T13:00,0.00,16.36,100
2026-10-10T13:10,-999,16.56,97
2026-10-10T13:20,,16.84,96
2026-10-10T16:40,0.00,18.56,71
2026-10-10T16:50,0.00,18.60,69
2026-10-10T17:00,0.00,19.03,67
2026-10-10T17:10,0.00,19.26,66
2026-10-10T17:20,0.00,19.13,67
2026-10-10T17:30,0.00,19.03,67
2026-10-10T17:40,0.00,19.14,66
2026-10-10T17:50,0.00,19.16,66
2026-10-10T18:00,0.00,19.06,66
2026-10-10T18:10,0.00,18.38,69
2026-10-10T18:20,0.00,18.03,70
2026-10-10T18:30,0.00,17.81,70
2026-10-10T18:40,0.00,17.70,69
