datetime,DVENTO,LIVNEVE,PREC,RADSOL,TEMP,UMID,VVENTO
2026-09-11T00:00,,-999,0.00,0,6.40,84,0.00
2026-09-11T00:10,237,0,0.00,0,6.00,85,0.50
2026-09-11T00:20,236,2,0.00,0,6.00,85,0.60
2026-09-11T00:30,226,-999,0.00,0,6.00,85,0.50
2026-09-11T00:40,202,1,0.00,0,5.80,86,1.10
2026-09-11T00:50,197,1,0.00,0,6.10,85,1.10
2026-09-11T01:00,193,0,0.00,0,6.20,83,1.40
2026-09-11T01:10,190,-999,0.00,0,5.80,86,1.60
2026-09-11T01:20,212,0,0.00,0,5.60,86,1.10
2026-09-11T01:30,194,-999,0.00,0,5.50,87,1.40
2026-09-11T01:40,186,1,0.00,0,5.70,86,2.20
2026-09-11T01:50,193,0,0.00,0,5.90,86,1.90
2026-09-11T02:00,203,-999,0.00,0,5.50,87,1.80
2026-09-11T02:10,220,2,0.00,0,4.80,90,1.80
2026-09-11T02:20,239,-999,0.00,0,5.00,91,2.80
2026-09-11T02:30,228,-999,0.00,0,5.20,89,2.50
2026-09-11T02:40,263,-999,0.00,0,5.20,90,0.40
2026-09-11T02:50,38,-999,0.00,0,5.20,90,0.30
2026-09-11T03:00,225,-999,0.00,0,5.10,90,1.10
2026-09-11T03:10,,0,0.00,0,5.10,90,0.00
2026-09-11T03:20,248,-999,0.00,0,5.10,92,0.40
2026-09-11T03:30,195,0,0.00,0,5.30,90,0.60
2026-09-11T03:40,71,0,0.00,0,5.40,88,0.50
2026-09-11T03:50,,2,0.00,0,4.70,92,0.00
2026-09-11T04:00,213,1,0.00,0,4.70,93,1.60
2026-09-11T04:10,239,-999,0.00,0,4.50,93,3.00
2026-09-11T04:20,246,-999,0.00,0,4.40,94,0.50
2026-09-11T04:30,265,-999,0.00,0,4.30,93,0.50
2026-09-11T04:40,214,0,0.00,0,4.40,92,1.50
2026-09-11T04:50,208,3,0.00,0,4.10,91,1.70
2026-09-11T05:00,237,-999,0.00,0,4.40,92,0.50
2026-09-11T05:10,208,-999,0.00,0,4.30,92,0.50
2026-09-11T05:20,265,-999,0.00,0,4.70,90,2.00
2026-09-11T05:30,268,-999,0.00,0,4.90,88,2.00
2026-09-11T05:40,193,-999,0.00,0,4.70,90,2.00
2026-09-11T05:50,206,-1,0.00,0,5.10,87,1.50
2026-09-11T06:00,241,-999,0.00,0,4.80,87,1.60
2026-09-11T06:10,274,-999,0.00,0,4.60,88,3.90
2026-09-11T06:20,243,-999,0.00,0,5.00,88,4.60
2026-09-11T06:30,225,0,0.00,0,5.10,86,2.70
2026-09-11T06:40,255,0,0.00,0,4.90,86,2.30
2026-09-11T06:50,277,1,0.00,0,4.90,85,0.90
2026-09-11T07:00,261,-999,0.00,0,4.50,87,2.20
2026-09-11T07:10,260,0,0.00,7,4.80,86,3.20
2026-09-11T07:20,250,-999,0.00,19,5.10,86,5.30
2026-09-11T07:30,249,-999,0.00,39,5.10,86,4.00
2026-09-11T07:40,245,-999,0.00,39,5.30,85,3.80
2026-09-11T07:50,279,-999,0.00,40,5.30,86,3.60
2026-09-11T08:00,279,-999,0.00,48,5.50,84,3.60
2026-09-11T08:10,279,-999,0.00,94,5.40,86,3.50
2026-09-11T08:20,270,-999,0.00,143,5.40,86,3.60
2026-09-11T08:30,249,2,0.00,208,5.80,84,4.00
2026-09-11T08:40,242,0,0.00,237,5.70,83,4.80
2026-09-11T08:50,259,3,0.00,265,5.90,84,4.00
2026-09-11T09:00,271,2,0.00,297,5.80,84,3.80
2026-09-11T09:10,260,4,0.00,341,5.90,84,4.00
2026-09-11T09:20,257,2,0.00,391,6.10,83,2.90
2026-09-11T09:30,267,2,0.00,387,6.20,81,2.80
2026-09-11T09:40,304,3,0.00,437,6.40,80,2.40
2026-09-11T09:50,307,4,0.00,459,6.40,80,2.40
2026-09-11T10:00,283,6,0.00,494,6.60,80,2.70
2026-09-11T10:10,301,4,0.00,533,6.70,79,2.30
2026-09-11T10:20,317,-999,0.00,536,6.70,79,2.80
2026-09-11T10:30,318,6,0.00,614,7.00,79,2.10
2026-09-11T10:40,317,4,0.00,626,7.10,78,1.80
2026-09-11T10:50,285,2,0.00,664,7.00,76,2.20
2026-09-11T11:00,338,5,0.00,673,7.30,74,2.20
2026-09-11T11:10,358,3,0.00,710,7.60,74,1.20
2026-09-11T11:20,340,6,0.00,700,8.00,74,1.70
2026-09-11T11:30,315,6,0.00,611,8.20,72,1.50
2026-09-11T11:40,333,2,0.00,750,8.40,70,1.40
2026-09-11T11:50,320,5,0.00,753,8.60,69,1.40
2026-09-11T12:00,259,5,0.00,819,8.60,67,2.30
2026-09-11T12:10,260,-999,0.00,583,8.70,67,2.30
2026-09-11T12:20,326,5,0.00,727,8.90,66,2.10
2026-09-11T12:30,321,3,0.00,747,9.10,65,2.30
2026-09-11T12:40,234,3,0.00,612,9.20,65,1.50
2026-09-11T12:50,234,3,0.00,896,9.30,63,1.30
2026-09-11T13:00,292,3,0.00,833,9.30,61,1.90
2026-09-11T13:10,284,4,0.00,696,9.50,57,2.60
2026-09-11T13:20,284,4,0.00,814,9.60,54,2.20
2026-09-11T13:30,320,1,0.00,495,9.70,57,2.60
2026-09-11T13:40,322,4,0.00,714,9.30,56,2.80
2026-09-11T13:50,326,4,0.00,802,9.90,53,1.50
2026-09-11T14:00,333,-999,0.00,713,10.00,53,2.70
2026-09-11T14:10,336,5,0.00,527,9.90,51,2.40
2026-09-11T14:20,341,3,0.00,711,10.10,49,1.10
2026-09-11T14:30,329,4,0.00,574,10.20,48,1.90
2026-09-11T14:40,328,4,0.00,861,10.30,50,2.50
2026-09-11T14:50,319,-999,0.00,737,10.60,49,2.00
2026-09-11T15:00,328,0,0.00,826,10.40,46,2.00
2026-09-11T15:10,344,5,0.00,799,10.80,43,2.30
2026-09-11T15:20,335,4,0.00,779,10.80,47,2.40
2026-09-11T15:30,326,4,0.00,756,11.00,46,1.80
2026-09-11T15:40,330,1,0.00,736,11.20,48,2.20
2026-09-11T15:50,313,2,0.00,713,11.20,47,2.70
2026-09-11T16:00,306,1,0.00,691,11.10,46,3.20
2026-09-11T16:10,311,2,0.00,669,11.20,48,3.30
2026-09-11T16:20,315,3,0.00,642,11.00,47,2.90
2026-09-11T16:30,305,5,0.00,603,11.00,45,3.10
2026-09-11T16:40,303,0,0.00,578,10.80,46,3.10
2026-09-11T16:50,306,0,0.00,563,10.80,46,3.50
2026-09-11T17:00,306,-999,0.00,533,10.40,46,3.10
2026-09-11T17:10,307,-999,0.00,497,10.50,45,3.20
2026-09-11T17:20,304,2,0.00,464,10.50,45,3.50
2026-09-11T17:30,305,2,0.00,436,10.40,44,2.90
2026-09-11T17:40,309,-999,0.00,412,10.50,43,3.30
2026-09-11T17:50,302,-999,0.00,389,10.30,42,3.50
2026-09-11T18:00,300,4,0.00,348,10.20,42,2.60
2026-09-11T18:10,303,1,0.00,275,9.90,41,3.40
2026-09-11T18:20,298,-999,0.00,33,9.50,43,3.10
2026-09-11T18:30,294,-999,0.00,29,9.50,38,2.50
2026-09-11T18:40,296,-999,0.00,26,9.20,42,2.10
2026-09-11T18:50,276,1,0.00,23,9.00,44,2.30
2026-09-11T19:00,275,2,0.00,20,9.20,42,3.60
2026-09-11T19:10,270,-999,0.00,17,9.40,42,3.20
2026-09-11T19:20,261,-999,0.00,13,8.90,44,2.90
2026-09-11T19:30,264,0,0.00,9,8.30,46,2.70
2026-09-11T19:40,255,2,0.00,0,7.80,49,2.20
2026-09-11T19:50,242,1,0.00,0,7.40,50,3.00
2026-09-11T20:00,259,-999,0.00,0,7.60,48,3.70
2026-09-11T20:10,254,1,0.00,0,7.60,47,3.40
2026-09-11T20:20,260,1,0.00,0,7.80,47,4.40
2026-09-11T20:30,262,0,0.00,0,7.70,46,4.00
2026-09-11T20:40,247,1,0.00,0,7.20,48,3.20
2026-09-11T20:50,271,2,0.00,0,7.40,46,3.60
2026-09-11T21:00,260,2,0.00,0,6.70,49,2.90
2026-09-11T21:10,244,0,0.00,0,6.60,47,2.90
2026-09-11T21:20,252,0,0.00,0,7.00,45,3.30
2026-09-11T21:30,247,0,0.00,0,6.80,46,3.30
2026-09-11T21:40,247,2,0.00,0,6.40,47,3.30
2026-09-11T21:50,242,1,0.00,0,6.50,47,3.10
2026-09-11T22:00,247,3,0.00,0,6.50,45,2.60
2026-09-11T22:10,218,0,0.00,0,6.80,44,2.70
2026-09-11T22:20,221,-999,0.00,0,6.50,45,2.60
2026-09-11T22:30,227,1,0.00,0,6.10,45,2.70
2026-09-11T22:40,223,1,0.00,0,6.30,43,3.10
2026-09-11T22:50,218,0,0.00,0,6.90,40,2.90
2026-09-11T23:00,217,-999,0.00,0,7.00,39,2.70
2026-09-11T23:10,226,-999,0.00,0,6.60,40,2.10
2026-09-11T23:20,220,0,0.00,0,6.40,40,2.10
2026-09-11T23:30,216,-999,0.00,0,6.20,41,2.30
2026-09-11T23:40,207,-999,0.00,0,6.10,40,2.30
2026-09-11T23:50,213,0,0.00,0,5.90,40,2.40
2026-09-12T00:00,223,0,0.00,0,5.60,41,2.70
2026-09-12T00:10,224,-999,0.00,0,5.80,41,2.70
2026-09-12T00:20,219,-999,0.00,0,5.50,42,2.70
2026-09-12T00:30,221,1,0.00,0,5.80,41,2.40
2026-09-12T00:40,215,-999,0.00,0,5.90,40,2.40
2026-09-12T00:50,209,2,0.00,0,5.70,40,2.50
2026-09-12T01:00,210,-999,0.00,0,5.50,40,2.30
2026-09-12T01:10,201,-999,0.00,0,5.50,40,1.90
2026-09-12T01:20,206,-999,0.00,0,6.10,37,2.20
2026-09-12T01:30,193,2,0.00,0,6.10,36,2.00
2026-09-12T01:40,198,-999,0.00,0,6.30,35,1.50
2026-09-12T01:50,205,-999,0.00,0,6.10,35,1.60
2026-09-12T02:00,208,-999,0.00,0,6.00,36,1.70
2026-09-12T02:10,203,-999,0.00,0,5.80,36,1.90
2026-09-12T02:20,203,-999,0.00,0,5.80,36,2.40
2026-09-12T02:30,198,-999,0.00,0,6.30,34,1.90
2026-09-12T02:40,207,-999,0.00,0,5.80,36,1.70
2026-09-12T02:50,214,-999,0.00,0,5.00,38,2.30
2026-09-12T03:00,205,-999,0.00,0,5.50,35,2.00
2026-09-12T03:10,196,-999,0.00,0,5.90,34,1.80
2026-09-12T03:20,207,0,0.00,0,5.90,33,2.10
2026-09-12T03:30,201,-999,0.00,0,6.10,32,1.90
2026-09-12T03:40,196,-999,0.00,0,6.40,30,1.50
2026-09-12T03:50,196,-999,0.00,0,5.10,35,1.00
2026-09-12T04:00,220,-999,0.00,0,5.10,34,1.50
2026-09-12T04:10,216,-999,0.00,0,5.30,33,1.60
2026-09-12T04:20,214,-999,0.00,0,4.90,34,2.00
2026-09-12T04:30,223,-999,0.00,0,4.70,35,2.10
2026-09-12T04:40,217,-999,0.00,0,4.50,35,2.30
2026-09-12T04:50,222,-999,0.00,0,4.20,36,2.30
2026-09-12T05:00,209,-999,0.00,0,5.00,33,2.20
2026-09-12T05:10,212,-999,0.00,0,5.20,32,2.20
2026-09-12T05:20,216,-999,0.00,0,4.80,33,2.20
2026-09-12T05:30,215,0,0.00,0,4.80,33,2.00
2026-09-12T05:40,213,0,0.00,0,4.80,33,2.60
2026-09-12T05:50,219,0,0.00,0,4.70,33,2.20
2026-09-12T06:00,206,0,0.00,0,4.90,32,2.10
2026-09-12T06:10,207,1,0.00,0,5.20,30,2.10
2026-09-12T06:20,226,-999,0.00,0,4.70,31,2.30
2026-09-12T06:30,218,-999,0.00,0,4.50,31,2.70
2026-09-12T06:40,220,0,0.00,0,4.60,31,2.60
2026-09-12T06:50,217,0,0.00,0,5.00,28,2.60
2026-09-12T07:00,228,-999,0.00,0,5.00,27,3.00
2026-09-12T07:10,246,-999,0.00,11,4.80,29,2.60
2026-09-12T07:20,218,0,0.00,29,4.20,31,1.50
2026-09-12T07:30,229,0,0.00,44,5.40,26,2.50
2026-09-12T07:40,231,-999,0.00,66,6.20,23,2.50
2026-09-12T07:50,240,-999,0.00,84,6.80,19,2.90
2026-09-12T08:00,259,-999,0.00,109,7.60,16,3.60
2026-09-12T08:10,249,-999,0.00,139,7.90,15,3.20
2026-09-12T08:20,261,-999,0.00,170,7.90,15,2.60
2026-09-12T08:30,260,-999,0.00,203,7.80,15,3.50
2026-09-12T08:40,262,-999,0.00,236,7.90,16,3.10
2026-09-12T08:50,265,-999,0.00,271,8.00,15,3.80
2026-09-12T09:00,271,-999,0.00,305,8.20,16,2.90
2026-09-12T09:10,259,2,0.00,335,8.30,15,3.20
2026-09-12T09:20,256,2,0.00,368,8.40,16,2.70
2026-09-12T09:30,243,-999,0.00,401,8.40,17,2.70
2026-09-12T09:40,258,0,0.00,427,8.50,16,3.10
2026-09-12T09:50,256,4,0.00,461,8.70,18,2.40
2026-09-12T10:00,319,1,0.00,493,8.90,18,1.50
2026-09-12T10:10,337,-999,0.00,523,9.20,17,1.80
2026-09-12T10:20,337,3,0.00,554,9.30,15,2.00
2026-09-12T10:30,334,3,0.00,582,9.50,16,1.70
2026-09-12T10:40,329,-999,0.00,606,9.60,15,1.40
2026-09-12T10:50,336,-999,0.00,629,10.10,15,1.20
2026-09-12T11:00,11,3,0.00,658,10.00,15,1.80
2026-09-12T11:10,33,1,0.00,680,10.10,17,1.60
2026-09-12T11:20,20,0,0.00,701,10.40,18,1.50
2026-09-12T11:30,16,2,0.00,722,10.60,19,1.50
2026-09-12T11:40,9,2,0.00,741,10.50,21,0.90
2026-09-12T11:50,328,1,0.00,760,10.60,22,1.80
2026-09-12T12:00,330,3,0.00,776,10.70,23,1.00
2026-09-12T12:10,344,2,0.00,791,11.10,24,1.20
2026-09-12T12:20,342,3,0.00,805,11.10,24,1.30
2026-09-12T12:30,343,3,0.00,819,11.00,25,1.90
2026-09-12T12:40,357,3,0.00,828,11.10,25,1.80
2026-09-12T12:50,339,2,0.00,837,11.30,25,2.00
2026-09-12T13:00,322,1,0.00,843,11.40,25,1.20
2026-09-12T13:10,294,4,0.00,847,11.40,25,0.80
2026-09-12T13:20,319,-999,0.00,850,11.50,25,1.00
2026-09-12T13:30,60,2,0.00,853,11.60,26,1.50
2026-09-12T13:40,17,1,0.00,854,11.60,26,1.50
2026-09-12T13:50,64,3,0.00,855,11.80,26,0.90
2026-09-12T14:00,349,3,0.00,852,12.10,27,1.60
2026-09-12T14:10,33,-999,0.00,849,11.90,27,2.30
2026-09-12T14:20,353,5,0.00,842,12.20,31,2.20
2026-09-12T14:30,12,3,0.00,832,12.40,32,1.50
2026-09-12T14:40,66,-999,0.00,822,12.00,37,2.90
2026-09-12T14:50,65,2,0.00,809,11.90,39,2.30
2026-09-12T15:00,66,4,0.00,793,12.20,38,2.00
2026-09-12T15:10,62,0,0.00,777,12.00,42,1.90
2026-09-12T15:20,62,2,0.00,760,11.80,47,2.70
2026-09-12T15:30,56,-999,0.00,739,11.90,44,2.10
2026-09-12T15:40,69,1,0.00,717,12.40,40,1.20
2026-09-12T15:50,61,-999,0.00,696,12.20,42,2.00
2026-09-12T16:00,69,2,0.00,670,12.10,44,1.60
2026-09-12T16:10,50,1,0.00,648,11.90,46,1.80
2026-09-12T16:20,42,-999,0.00,620,12.10,46,1.40
2026-09-12T16:30,53,0,0.00,599,12.60,47,0.60
2026-09-12T16:40,61,0,0.00,574,12.10,49,1.50
2026-09-12T16:50,1,3,0.00,545,12.20,50,0.80
2026-09-12T17:00,321,-999,0.00,518,12.30,52,1.50
2026-09-12T17:10,312,-999,0.00,491,12.10,52,2.00
2026-09-12T17:20,311,-999,0.00,460,12.10,51,1.50
2026-09-12T17:30,320,1,0.00,429,12.00,52,1.40
2026-09-12T17:40,308,3,0.00,396,11.70,51,1.70
2026-09-12T17:50,287,1,0.00,363,11.30,53,1.50
2026-09-12T18:00,261,1,0.00,329,11.40,53,1.40
2026-09-12T18:10,323,2,0.00,224,10.80,54,1.40
2026-09-12T18:20,273,-999,0.00,29,10.20,55,1.40
2026-09-12T18:30,250,-999,0.00,27,10.70,49,3.10
2026-09-12T18:40,248,-999,0.00,25,11.10,45,3.80
2026-09-12T18:50,262,-999,0.00,22,11.00,45,3.40
2026-09-12T19:00,260,1,0.00,19,10.90,46,3.80
2026-09-12T19:10,265,-999,0.00,15,10.30,50,2.70
2026-09-12T19:20,275,-999,0.00,11,10.00,50,2.90
2026-09-12T19:30,273,1,0.00,6,9.70,50,3.20
2026-09-12T19:40,270,1,0.00,0,9.40,51,3.80
2026-09-12T19:50,269,-999,0.00,0,8.90,53,3.40
2026-09-12T20:00,259,-999,0.00,0,8.60,54,3.40
2026-09-12T20:10,235,-999,0.00,0,8.70,53,3.40
2026-09-12T20:20,240,-999,0.00,0,9.00,51,3.40
2026-09-12T20:30,228,0,0.00,0,8.80,52,3.30
2026-09-12T20:40,234,-999,0.00,0,8.90,51,3.40
2026-09-12T20:50,203,-999,0.00,0,9.20,50,4.00
2026-09-12T21:00,244,-999,0.00,0,8.70,52,2.10
2026-09-12T21:10,252,-999,0.00,0,8.50,53,3.80
2026-09-12T21:20,252,-999,0.00,0,8.50,54,4.10
2026-09-12T21:30,238,-999,0.00,0,8.30,54,3.90
2026-09-12T21:40,240,-999,0.00,0,8.20,54,3.40
2026-09-12T21:50,248,-999,0.00,0,8.00,56,3.70
2026-09-12T22:00,252,-999,0.00,0,8.00,57,4.30
2026-09-12T22:10,247,-999,0.00,0,8.10,56,3.40
2026-09-12T22:20,246,0,0.00,0,8.00,56,4.20
2026-09-12T22:30,265,3,0.00,0,8.20,54,3.40
2026-09-12T22:40,247,-999,0.00,0,8.30,53,4.50
2026-09-12T22:50,263,-999,0.00,0,8.20,54,3.90
2026-09-12T23:00,256,-999,0.00,0,8.30,53,3.90
2026-09-12T23:10,257,-999,0.00,0,8.50,50,4.20
2026-09-12T23:20,255,-999,0.00,0,8.40,50,4.70
2026-09-12T23:30,246,-999,0.00,0,8.20,50,4.70
2026-09-12T23:40,263,-999,0.00,0,8.00,50,4.80
2026-09-12T23:50,256,-999,0.00,0,7.80,50,3.90
2026-09-13T00:00,250,-999,0.00,0,8.00,47,4.00
2026-09-13T00:10,263,1,0.00,0,7.60,47,3.70
2026-09-13T00:20,251,-999,0.00,0,8.00,44,4.30
2026-09-13T00:30,250,-999,0.00,0,7.90,44,4.40
2026-09-13T00:40,248,-999,0.00,0,8.00,42,4.40
2026-09-13T00:50,255,-999,0.00,0,8.10,41,4.30
2026-09-13T01:00,262,-999,0.00,0,8.00,40,3.90
2026-09-13T01:10,255,-999,0.00,0,8.00,39,4.20
2026-09-13T01:20,249,-999,0.00,0,8.20,38,4.20
2026-09-13T01:30,252,-999,0.00,0,8.20,37,5.20
2026-09-13T01:40,257,-999,0.00,0,8.00,38,5.40
2026-09-13T01:50,264,3,0.00,0,7.90,37,3.30
2026-09-13T02:00,252,-999,0.00,0,7.80,37,3.90
2026-09-13T02:10,249,-999,0.00,0,8.30,35,4.40
2026-09-13T02:20,252,-999,0.00,0,8.10,35,3.90
2026-09-13T02:30,257,0,0.00,0,8.00,35,3.60
2026-09-13T02:40,249,-999,0.00,0,7.60,36,3.30
2026-09-13T02:50,239,-999,0.00,0,7.40,36,3.20
2026-09-13T03:00,236,-999,0.00,0,7.50,35,3.20
2026-09-13T03:10,228,-999,0.00,0,7.10,36,3.40
2026-09-13T03:20,247,-999,0.00,0,7.60,34,3.70
2026-09-13T03:30,240,-999,0.00,0,7.90,32,3.50
2026-09-13T03:40,253,-999,0.00,0,7.60,34,3.40
2026-09-13T03:50,241,2,0.00,0,7.30,34,3.30
2026-09-13T04:00,262,-999,0.00,0,7.40,34,3.70
2026-09-13T04:10,266,-999,0.00,0,7.80,33,4.20
2026-09-13T04:20,262,-999,0.00,0,7.70,33,4.40
2026-09-13T04:30,264,0,0.00,0,7.50,33,3.60
2026-09-13T04:40,265,-999,0.00,0,7.20,34,3.20
2026-09-13T04:50,270,-999,0.00,0,7.30,34,2.50
2026-09-13T05:00,270,-999,0.00,0,7.50,32,3.80
2026-09-13T05:10,272,-999,0.00,0,7.50,32,4.00
2026-09-13T05:20,270,-999,0.00,0,7.50,33,4.00
2026-09-13T05:30,270,-999,0.00,0,7.40,32,4.40
2026-09-13T05:40,271,-999,0.00,0,7.70,30,3.70
2026-09-13T05:50,272,-999,0.00,0,7.50,31,3.60
2026-09-13T06:00,272,-999,0.00,0,7.50,31,3.70
2026-09-13T06:10,252,-999,0.00,0,6.70,34,3.50
2026-09-13T06:20,262,-999,0.00,0,6.80,33,3.20
2026-09-13T06:30,259,-999,0.00,0,7.60,30,3.80
2026-09-13T06:40,262,-999,0.00,0,7.20,32,3.40
2026-09-13T06:50,264,-999,0.00,0,6.70,34,3.20
2026-09-13T07:00,250,-999,0.00,0,7.60,31,3.60
2026-09-13T07:10,253,-999,0.00,6,7.30,32,3.50
2026-09-13T07:20,230,-999,0.00,15,6.90,34,2.60
2026-09-13T07:30,235,-999,0.00,28,6.80,35,2.80
2026-09-13T07:40,244,-999,0.00,53,7.40,31,3.30
2026-09-13T07:50,253,-999,0.00,80,7.40,33,2.00
2026-09-13T08:00,293,-999,0.00,114,8.10,30,2.10
2026-09-13T08:10,274,-999,0.00,140,8.40,30,2.80
2026-09-13T08:20,261,-999,0.00,121,8.40,31,3.70
2026-09-13T08:30,270,-999,0.00,112,8.20,31,3.30
2026-09-13T08:40,259,-999,0.00,180,8.70,27,3.40
2026-09-13T08:50,270,-999,0.00,162,9.00,26,2.40
2026-09-13T09:00,270,-999,0.00,140,9.00,27,2.80
2026-09-13T09:10,284,-999,0.00,256,8.80,27,2.50
2026-09-13T09:20,223,-999,0.00,375,9.50,25,1.10
2026-09-13T09:30,231,-999,0.00,294,10.10,22,1.10
2026-09-13T09:40,327,2,0.00,356,9.50,27,1.40
2026-09-13T09:50,340,-999,0.00,462,9.90,27,1.60
2026-09-13T10:00,332,-999,0.00,490,10.00,28,2.30
2026-09-13T10:10,335,4,0.00,516,10.40,26,2.10
2026-09-13T10:20,333,1,0.00,541,10.70,26,2.00
2026-09-13T10:30,338,1,0.00,561,10.90,26,2.00
2026-09-13T10:40,331,3,0.00,596,11.20,26,2.40
2026-09-13T10:50,328,1,0.00,621,11.30,24,2.40
2026-09-13T11:00,337,3,0.00,644,11.60,24,2.40
2026-09-13T11:10,337,1,0.00,667,11.90,23,2.20
2026-09-13T11:20,339,1,0.00,687,12.10,22,2.20
2026-09-13T11:30,338,1,0.00,709,12.40,21,2.10
2026-09-13T11:40,332,5,0.00,732,12.60,22,1.90
2026-09-13T11:50,350,-999,0.00,754,12.90,20,1.40
2026-09-13T12:00,348,5,0.00,760,13.10,21,2.00
2026-09-13T12:10,334,2,0.00,797,13.10,22,2.40
2026-09-13T12:20,342,4,0.00,772,13.40,23,1.70
2026-09-13T12:30,347,2,0.00,783,13.50,22,1.60
2026-09-13T12:40,343,4,0.00,783,13.50,23,1.80
2026-09-13T12:50,338,3,0.00,796,13.80,23,2.00
2026-09-13T13:00,329,3,0.00,794,13.80,23,1.30
2026-09-13T13:10,308,-999,0.00,808,14.10,23,1.90
2026-09-13T13:20,2,4,0.00,794,14.10,23,1.50
2026-09-13T13:30,320,4,0.00,847,14.60,25,1.60
2026-09-13T13:40,325,2,0.00,758,14.60,25,2.00
2026-09-13T13:50,312,2,0.00,805,14.60,23,1.50
2026-09-13T14:00,297,2,0.00,790,14.80,24,1.30
2026-09-13T14:10,315,-999,0.00,803,14.60,25,2.50
2026-09-13T14:20,313,3,0.00,805,14.70,25,1.60
2026-09-13T14:30,343,2,0.00,817,15.00,26,1.60
2026-09-13T14:40,336,0,0.00,802,15.00,26,2.50
2026-09-13T14:50,338,5,0.00,778,14.90,27,1.80
2026-09-13T15:00,342,3,0.00,783,15.10,28,2.10
2026-09-13T15:10,324,0,0.00,769,15.10,32,2.30
2026-09-13T15:20,331,1,0.00,694,15.10,36,2.00
2026-09-13T15:30,309,2,0.00,626,14.50,44,2.00
2026-09-13T15:40,317,0,0.00,715,14.60,44,1.40
2026-09-13T15:50,3,0,0.00,685,14.20,57,0.90
2026-09-13T16:00,317,-999,0.00,602,14.50,53,1.10
2026-09-13T16:10,286,-999,0.00,433,14.70,40,0.80
2026-09-13T16:20,346,0,0.00,505,13.90,58,1.00
2026-09-13T16:30,335,-999,0.00,427,13.80,56,1.20
2026-09-13T16:40,326,-999,0.00,398,13.20,56,1.30
2026-09-13T16:50,306,-999,0.00,423,13.40,54,1.20
2026-09-13T17:00,315,-999,0.00,391,13.20,53,1.70
2026-09-13T17:10,297,-999,0.00,310,13.90,45,2.50
2026-09-13T17:20,305,-999,0.00,279,13.10,52,2.30
2026-09-13T17:30,314,-999,0.00,354,13.40,45,2.90
2026-09-13T17:40,312,-999,0.00,281,13.50,41,2.70
2026-09-13T17:50,318,1,0.00,223,13.40,42,2.10
2026-09-13T18:00,313,-999,0.00,220,13.20,43,2.00
2026-09-13T18:10,314,-999,0.00,146,12.70,49,1.60
2026-09-13T18:20,298,-999,0.00,106,12.70,43,2.60
2026-09-13T18:30,291,0,0.00,89,12.70,39,3.20
2026-09-13T18:40,291,-999,0.00,77,12.50,39,3.10
2026-09-13T18:50,286,1,0.00,63,12.10,40,2.90
2026-09-13T19:00,283,0,0.00,43,11.90,40,3.10
2026-09-13T19:10,286,-999,0.00,31,11.60,40,2.90
2026-09-13T19:20,274,3,0.00,24,11.40,39,2.60
2026-09-13T19:30,275,0,0.00,11,11.30,37,2.60
2026-09-13T19:40,272,0,0.00,0,11.30,36,2.90
2026-09-13T19:50,275,-999,0.00,0,11.20,36,3.20
2026-09-13T20:00,291,-999,0.00,0,11.20,38,3.80
2026-09-13T20:10,292,-999,0.00,0,11.00,42,3.90
2026-09-13T20:20,298,0,0.00,0,11.20,42,4.40
2026-09-13T20:30,286,-999,0.00,0,11.00,42,3.90
2026-09-13T20:40,276,-999,0.00,0,10.80,44,3.90
2026-09-13T20:50,259,-999,0.00,0,10.40,46,3.50
2026-09-13T21:00,255,-999,0.00,0,10.60,46,3.60
2026-09-13T21:10,235,-999,0.00,0,10.80,46,2.10
2026-09-13T21:20,274,-999,0.00,0,10.70,47,2.50
2026-09-13T21:30,263,-999,0.00,0,11.10,45,3.00
2026-09-13T21:40,245,-999,0.00,0,11.00,46,3.20
2026-09-13T21:50,277,-999,0.00,0,10.80,48,3.70
2026-09-13T22:00,270,-999,0.00,0,10.70,50,4.00
2026-09-13T22:10,271,-999,0.00,0,10.60,52,3.80
2026-09-13T22:20,279,-999,0.00,0,10.30,56,4.20
2026-09-13T22:30,280,-999,0.00,0,10.40,56,4.80
2026-09-13T22:40,265,-999,0.00,0,10.40,57,4.20
2026-09-13T22:50,276,-999,0.00,0,10.00,59,4.40
2026-09-13T23:00,274,-999,0.00,0,9.90,61,4.70
2026-09-13T23:10,295,-999,0.00,0,9.70,63,5.30
2026-09-13T23:20,302,-999,0.00,0,9.60,66,6.10
2026-09-13T23:30,297,-999,0.00,0,9.40,68,5.40
2026-09-13T23:40,283,-999,0.00,0,9.30,69,4.70
2026-09-13T23:50,290,-999,0.00,0,9.20,69,4.70
2026-09-14T00:00,276,-999,0.00,0,9.20,69,4.60
2026-09-14T00:10,257,-999,0.00,0,9.10,70,4.50
2026-09-14T00:20,277,-999,0.00,0,9.20,69,5.00
2026-09-14T00:30,269,-999,0.00,0,9.20,68,5.90
2026-09-14T00:40,284,-999,0.00,0,9.30,68,4.80
2026-09-14T00:50,267,-999,0.00,0,9.20,69,4.40
2026-09-14T01:00,283,-999,0.00,0,9.10,70,3.50
2026-09-14T01:10,258,-999,0.00,0,9.10,70,3.70
2026-09-14T01:20,269,-999,0.00,0,9.20,70,4.40
2026-09-14T01:30,258,-999,0.00,0,9.00,71,4.80
2026-09-14T01:40,282,-999,0.00,0,8.90,72,4.60
2026-09-14T01:50,277,-999,0.00,0,9.00,72,4.40
2026-09-14T02:00,276,-999,0.00,0,8.80,72,3.40
2026-09-14T02:10,273,-999,0.00,0,8.70,73,3.70
2026-09-14T02:20,259,-999,0.00,0,8.80,74,3.80
2026-09-14T02:30,265,0,0.00,0,8.80,74,3.50
2026-09-14T02:40,268,-999,0.00,0,9.10,72,4.70
2026-09-14T02:50,284,-999,0.00,0,9.00,72,4.10
2026-09-14T03:00,280,-999,0.00,0,8.90,73,4.00
2026-09-14T03:10,282,-999,0.00,0,8.90,73,3.60
2026-09-14T03:20,266,-999,0.00,0,8.90,74,3.20
2026-09-14T03:30,263,-999,0.00,0,8.90,73,3.50
2026-09-14T03:40,276,-999,0.00,0,8.90,73,3.50
2026-09-14T03:50,289,-999,0.00,0,8.70,75,4.30
2026-09-14T04:00,276,-999,0.00,0,8.60,75,3.30
2026-09-14T04:10,280,-999,0.00,0,8.60,75,3.70
2026-09-14T04:20,263,-999,0.00,0,8.40,76,4.40
2026-09-14T04:30,264,-999,0.00,0,8.30,79,4.80
2026-09-14T04:40,269,-999,0.00,0,8.00,81,4.50
2026-09-14T04:50,263,-999,0.00,0,7.60,85,4.80
2026-09-14T05:00,242,1,0.00,0,7.50,86,4.00
2026-09-14T05:10,251,0,0.00,0,7.60,84,3.40
2026-09-14T05:20,244,-999,0.00,0,7.70,82,2.50
2026-09-14T05:30,234,-999,0.00,0,7.70,81,3.10
2026-09-14T05:40,232,-999,0.00,0,7.60,79,2.80
2026-09-14T05:50,253,-999,0.00,0,7.70,80,3.40
2026-09-14T06:00,281,-999,0.00,0,7.60,80,3.50
2026-09-14T06:10,270,-999,0.00,0,7.70,80,3.50
2026-09-14T06:20,248,-999,0.00,0,7.80,78,3.30
2026-09-14T06:30,261,-999,0.00,0,7.70,78,3.10
2026-09-14T06:40,275,-999,0.00,0,7.40,80,4.20
2026-09-14T06:50,265,-999,0.00,0,7.30,81,4.00
2026-09-14T07:00,258,0,0.00,0,7.20,82,3.90
2026-09-14T07:10,239,-999,0.00,8,7.00,84,3.10
2026-09-14T07:20,241,-999,0.00,9,7.00,83,2.30
2026-09-14T07:30,209,-999,0.00,32,7.30,79,3.20
2026-09-14T07:40,230,-999,0.00,43,7.50,78,3.10
2026-09-14T07:50,257,-999,0.00,98,7.60,77,2.30
2026-09-14T08:00,239,-999,0.00,117,7.80,75,4.00
2026-09-14T08:10,278,-999,0.00,130,7.90,74,2.50
2026-09-14T08:20,294,-999,0.00,146,8.20,72,2.70
2026-09-14T08:30,284,-999,0.00,146,8.30,71,2.70
2026-09-14T08:40,270,-999,0.00,136,8.20,72,2.70
2026-09-14T08:50,308,-999,0.00,298,8.40,70,2.10
2026-09-14T09:00,320,-999,0.00,341,8.50,71,1.80
2026-09-14T09:10,311,-999,0.00,274,8.50,70,2.20
2026-09-14T09:20,343,-999,0.20,392,8.70,70,1.60
2026-09-14T09:30,321,-999,0.00,448,8.80,68,2.20
2026-09-14T09:40,332,-999,0.00,379,8.90,68,1.90
2026-09-14T09:50,337,-999,0.00,438,8.90,68,2.60
2026-09-14T10:00,333,-999,0.00,439,9.20,65,2.80
2026-09-14T10:10,324,-999,0.00,465,9.10,64,2.80
2026-09-14T10:20,308,-999,0.00,521,9.40,62,2.40
2026-09-14T10:30,338,-999,0.00,598,9.70,61,2.10
2026-09-14T10:40,311,-999,0.00,658,10.20,59,2.00
2026-09-14T10:50,320,-999,0.00,680,9.80,58,2.10
2026-09-14T11:00,321,0,0.00,702,10.30,57,1.20
2026-09-14T11:10,307,-999,0.00,659,10.20,56,1.90
2026-09-14T11:20,300,2,0.00,685,10.20,56,3.20
2026-09-14T11:30,326,1,0.00,808,10.60,55,2.60
2026-09-14T11:40,306,2,0.00,765,10.50,54,2.10
2026-09-14T11:50,320,0,0.00,710,10.80,54,1.90
2026-09-14T12:00,306,-999,0.00,721,10.90,52,2.30
2026-09-14T12:10,336,2,0.00,504,10.70,52,3.10
2026-09-14T12:20,334,1,0.00,561,10.60,53,2.30
2026-09-14T12:30,329,1,0.00,520,10.80,52,2.30
2026-09-14T12:40,326,-999,0.00,422,10.90,52,2.40
2026-09-14T12:50,310,1,0.00,484,10.90,52,2.30
2026-09-14T13:00,339,-999,0.00,308,11.10,52,2.00
2026-09-14T13:10,327,-999,0.00,307,10.90,53,2.10
2026-09-14T13:20,330,1,0.00,434,11.10,52,2.30
2026-09-14T13:30,348,-999,0.00,559,11.70,51,1.80
2026-09-14T13:40,325,2,0.00,359,11.20,51,2.20
2026-09-14T13:50,334,-999,0.00,367,11.70,51,2.50
2026-09-14T14:00,8,-999,0.00,518,11.60,50,1.60
2026-09-14T14:10,323,-999,0.00,401,11.80,50,1.40
2026-09-14T14:20,20,-999,0.00,248,11.80,52,1.40
2026-09-14T14:30,359,-999,0.00,281,11.70,51,1.40
2026-09-14T14:40,11,-999,0.00,591,12.20,49,0.90
2026-09-14T14:50,287,-999,0.00,359,12.10,50,2.70
2026-09-14T15:00,343,-999,0.00,519,12.30,49,1.30
2026-09-14T15:10,328,-999,0.00,272,12.30,49,1.70
2026-09-14T15:20,300,-999,0.00,195,12.20,49,1.70
2026-09-14T15:30,351,1,0.00,217,12.20,49,1.50
2026-09-14T15:40,346,-999,0.00,203,12.20,50,1.40
2026-09-14T15:50,319,-999,0.00,247,12.40,50,0.60
2026-09-14T16:00,252,-999,0.00,182,12.30,50,1.20
2026-09-14T16:10,246,-999,0.00,427,12.40,48,2.30
2026-09-14T16:20,294,0,0.00,349,12.80,48,1.80
2026-09-14T16:30,296,-999,0.00,564,13.00,47,1.30
2026-09-14T16:40,241,-999,0.00,642,13.40,46,1.70
2026-09-14T16:50,307,-999,0.00,423,13.20,47,2.50
2026-09-14T17:00,306,1,0.00,509,12.80,48,3.30
2026-09-14T17:10,307,-999,0.00,526,12.70,48,3.30
2026-09-14T17:20,299,-999,0.00,483,13.00,48,2.60
2026-09-14T17:30,313,-999,0.00,450,12.90,48,3.70
2026-09-14T17:40,306,-999,0.00,458,12.90,48,3.70
2026-09-14T17:50,305,-999,0.00,418,12.60,48,4.40
2026-09-14T18:00,300,-999,0.00,367,12.40,49,4.20
2026-09-14T18:10,297,-999,0.00,135,12.10,50,3.90
2026-09-14T18:20,284,-999,0.00,41,11.90,51,3.50
2026-09-14T18:30,273,-999,0.00,34,11.80,52,3.40
2026-09-14T18:40,275,-999,0.00,36,11.50,54,2.40
2026-09-14T18:50,260,-999,0.00,29,11.50,53,3.10
2026-09-14T19:00,265,-999,0.00,26,11.30,54,2.10
2026-09-14T19:10,266,-999,0.00,19,11.20,54,1.50
2026-09-14T19:20,242,0,0.00,12,10.90,56,2.90
2026-09-14T19:30,249,-999,0.00,7,10.50,57,3.10
2026-09-14T19:40,237,-999,0.00,0,10.50,57,2.40
2026-09-14T19:50,260,-999,0.00,0,10.30,58,3.60
2026-09-14T20:00,261,-999,0.00,0,10.00,59,3.90
2026-09-14T20:10,257,-999,0.00,0,9.90,59,3.70
2026-09-14T20:20,248,-999,0.00,0,9.40,62,3.00
2026-09-14T20:30,247,-999,0.00,0,9.20,63,3.80
2026-09-14T20:40,254,-999,0.00,0,9.50,61,3.70
2026-09-14T20:50,264,1,0.00,0,9.40,62,4.40
2026-09-14T21:00,263,-999,0.00,0,9.50,61,3.90
2026-09-14T21:10,255,-999,0.00,0,9.40,62,4.10
2026-09-14T21:20,252,-999,0.00,0,9.00,63,3.60
2026-09-14T21:30,245,-999,0.00,0,9.10,63,3.90
2026-09-14T21:40,229,-999,0.00,0,8.30,66,3.50
2026-09-14T21:50,249,0,0.00,0,8.80,64,4.20
2026-09-14T22:00,250,-999,0.00,0,9.70,60,4.40
2026-09-14T22:10,244,-999,0.00,0,9.40,61,3.90
2026-09-14T22:20,244,-999,0.00,0,9.10,63,3.70
2026-09-14T22:30,245,-999,0.00,0,8.90,63,3.50
2026-09-14T22:40,243,-999,0.00,0,8.50,66,3.60
2026-09-14T22:50,231,-999,0.00,0,8.80,64,3.20
2026-09-14T23:00,209,-999,0.00,0,8.70,64,2.60
2026-09-14T23:10,219,-999,0.00,0,8.50,65,2.30
2026-09-14T23:20,208,-999,0.00,0,8.20,66,2.10
2026-09-14T23:30,215,-999,0.00,0,8.60,64,1.80
2026-09-14T23:40,217,-999,0.00,0,8.30,65,2.00
2026-09-14T23:50,215,-999,0.00,0,8.70,63,1.40
2026-09-15T00:00,207,-999,0.00,0,8.50,64,1.50
2026-09-15T00:10,176,-999,0.00,0,8.40,64,0.80
2026-09-15T00:20,214,-999,0.00,0,8.60,63,0.60
2026-09-15T00:30,,-999,0.00,0,8.80,62,0.00
2026-09-15T00:40,210,-999,0.00,0,8.20,65,1.10
2026-09-15T00:50,208,0,0.00,0,8.00,66,1.60
2026-09-15T01:00,199,0,0.00,0,8.00,66,1.10
2026-09-15T01:10,209,-999,0.00,0,8.00,66,1.20
2026-09-15T01:20,208,-999,0.00,0,8.00,66,1.00
2026-09-15T01:30,203,-999,0.00,0,8.00,66,0.50
2026-09-15T01:40,213,-999,0.00,0,8.00,66,0.40
2026-09-15T01:50,205,-999,0.00,0,7.80,67,0.90
2026-09-15T02:00,202,-999,0.00,0,7.90,67,0.80
2026-09-15T02:10,212,-999,0.00,0,7.80,67,1.20
2026-09-15T02:20,211,-999,0.00,0,7.90,66,1.20
2026-09-15T02:30,219,-999,0.00,0,7.90,66,1.40
2026-09-15T02:40,215,-999,0.00,0,7.50,67,1.60
2026-09-15T02:50,203,-999,0.00,0,8.00,65,1.20
2026-09-15T03:00,210,-999,0.00,0,7.70,66,1.30
2026-09-15T03:10,203,-999,0.00,0,7.80,66,1.00
2026-09-15T03:20,190,-999,0.00,0,7.60,67,1.00
2026-09-15T03:30,195,-999,0.00,0,7.70,67,0.90
2026-09-15T03:40,207,-999,0.00,0,7.40,68,1.30
2026-09-15T03:50,204,-999,0.00,0,7.40,67,1.50
2026-09-15T04:00,200,-999,0.00,0,7.60,67,1.00
2026-09-15T04:10,207,-999,0.00,0,7.60,66,0.70
2026-09-15T04:20,174,-999,0.00,0,7.60,67,0.70
2026-09-15T04:30,,-999,0.00,0,7.50,68,0.00
2026-09-15T04:40,194,-999,0.00,0,7.40,69,0.60
2026-09-15T04:50,203,-999,0.00,0,7.30,69,0.70
2026-09-15T05:00,212,0,0.00,0,7.50,68,0.80
2026-09-15T05:10,208,-999,0.00,0,7.50,68,1.20
2026-09-15T05:20,199,0,0.00,0,7.80,66,1.50
2026-09-15T05:30,195,-999,0.00,0,8.10,64,1.00
2026-09-15T05:40,193,-999,0.00,0,7.60,67,0.60
2026-09-15T05:50,212,0,0.00,0,7.30,69,0.80
2026-09-15T06:00,207,-999,0.00,0,7.50,68,1.00
2026-09-15T06:10,215,-999,0.00,0,7.20,69,0.90
2026-09-15T06:20,188,-999,0.00,0,7.30,69,0.70
2026-09-15T06:30,182,-999,0.00,0,7.40,69,0.60
2026-09-15T06:40,199,-999,0.00,0,7.20,67,0.90
2026-09-15T06:50,194,-999,0.00,0,7.50,65,0.50
2026-09-15T07:00,210,-999,0.00,0,7.20,66,0.30
2026-09-15T07:10,211,-999,0.00,6,7.20,65,1.00
2026-09-15T07:20,202,2,0.00,17,7.40,66,1.20
2026-09-15T07:30,214,-999,0.00,32,7.90,60,1.20
2026-09-15T07:40,204,-999,0.00,53,8.30,58,0.90
2026-09-15T07:50,198,-999,0.00,73,8.60,58,0.80
2026-09-15T08:00,195,-999,0.00,96,8.70,57,1.10
2026-09-15T08:10,,-999,0.00,122,9.00,58,0.00
2026-09-15T08:20,,-999,0.00,152,9.60,59,0.00
2026-09-15T08:30,,-999,0.00,184,10.50,58,0.00
2026-09-15T08:40,,-999,0.00,215,10.40,59,0.00
2026-09-15T08:50,320,-999,0.00,248,9.70,62,0.60
2026-09-15T09:00,264,0,0.00,280,9.40,63,0.50
2026-09-15T09:10,,-999,0.00,313,9.80,64,0.00
2026-09-15T09:20,,-999,0.00,346,10.70,60,0.00
2026-09-15T09:30,342,-999,0.00,379,10.50,61,0.70
2026-09-15T09:40,336,1,0.00,411,10.50,60,0.70
2026-09-15T09:50,357,-999,0.00,442,10.80,59,0.80
2026-09-15T10:00,6,1,0.00,472,11.10,56,1.10
2026-09-15T10:10,69,5,0.00,503,11.20,65,1.20
2026-09-15T10:20,45,-999,0.00,531,11.80,61,0.50
2026-09-15T10:30,66,0,0.00,580,11.90,57,0.70
2026-09-15T10:40,51,-999,0.00,595,12.00,62,1.00
2026-09-15T10:50,52,-999,0.00,635,12.00,62,1.70
2026-09-15T11:00,73,-999,0.00,623,11.70,65,2.30
2026-09-15T11:10,57,0,0.00,655,11.40,65,2.20
2026-09-15T11:20,67,-999,0.00,681,11.40,66,2.20
2026-09-15T11:30,77,0,0.00,701,11.80,65,2.50
2026-09-15T11:40,67,-999,0.00,719,11.60,66,2.80
2026-09-15T11:50,68,-999,0.00,734,11.80,67,2.60
2026-09-15T12:00,70,4,0.00,750,11.60,67,2.70
2026-09-15T12:10,59,-999,0.00,765,11.80,64,2.70
2026-09-15T12:20,65,-999,0.00,778,11.70,64,3.20
2026-09-15T12:30,74,0,0.00,789,11.80,63,2.80
2026-09-15T12:40,68,1,0.00,796,12.10,64,2.30
2026-09-15T12:50,70,4,0.00,806,12.10,63,2.40
2026-09-15T13:00,70,2,0.00,812,12.50,64,2.20
2026-09-15T13:10,71,0,0.00,818,12.60,66,2.10
2026-09-15T13:20,68,2,0.00,820,12.70,67,2.40
2026-09-15T13:30,77,1,0.00,820,12.80,68,2.20
2026-09-15T13:40,77,2,0.00,822,12.50,68,2.40
2026-09-15T13:50,55,4,0.00,822,12.50,69,2.70
2026-09-15T14:00,74,1,0.00,816,12.80,67,2.40
2026-09-15T14:10,71,3,0.00,812,12.90,65,2.60
2026-09-15T14:20,58,3,0.00,805,13.10,64,2.40
2026-09-15T14:30,64,-999,0.00,798,13.30,64,2.60
2026-09-15T14:40,54,2,0.00,787,13.20,64,2.50
2026-09-15T14:50,65,0,0.00,775,13.70,64,2.20
2026-09-15T15:00,63,0,0.00,762,13.60,65,2.30
2026-09-15T15:10,67,0,0.00,746,13.70,65,2.20
2026-09-15T15:20,64,-999,0.00,729,13.40,66,2.40
2026-09-15T15:30,60,-999,0.00,709,13.60,66,2.20
2026-09-15T15:40,54,-999,0.00,689,13.80,65,1.90
2026-09-15T15:50,61,-999,0.00,667,13.80,66,2.00
2026-09-15T16:00,63,-999,0.00,643,13.80,65,1.90
2026-09-15T16:10,59,5,0.00,620,13.60,65,2.20
2026-09-15T16:20,51,-999,0.00,596,13.50,65,2.20
2026-09-15T16:30,51,-999,0.00,569,13.50,67,1.60
2026-09-15T16:40,66,-999,0.00,542,13.90,66,1.20
2026-09-15T16:50,22,2,0.00,513,14.00,66,1.10
2026-09-15T17:00,32,-999,0.00,483,13.80,66,1.30
2026-09-15T17:10,40,-999,0.00,454,14.00,65,0.90
2026-09-15T17:20,26,-999,0.00,425,14.00,64,0.80
2026-09-15T17:30,333,-999,0.00,394,14.20,64,0.90
2026-09-15T17:40,25,1,0.00,361,13.80,65,1.00
2026-09-15T17:50,257,2,0.00,327,14.00,66,0.80
2026-09-15T18:00,223,-999,0.00,271,13.70,68,0.70
2026-09-15T18:10,212,-999,0.00,33,12.70,72,1.30
2026-09-15T18:20,205,-999,0.00,27,12.30,73,0.50
2026-09-15T18:30,210,-999,0.00,25,12.00,76,1.00
2026-09-15T18:40,197,-999,0.00,23,11.80,78,0.40
2026-09-15T18:50,214,-999,0.00,20,11.50,79,0.90
2026-09-15T19:00,230,-999,0.00,16,11.20,82,0.30
2026-09-15T19:10,,-999,0.00,12,11.00,85,0.00
2026-09-15T19:20,,-999,0.00,8,10.90,84,0.00
2026-09-15T19:30,113,-999,0.00,0,11.00,83,0.50
2026-09-15T19:40,200,-999,0.00,0,10.90,82,1.00
2026-09-15T19:50,113,-999,0.00,0,11.00,83,0.70
2026-09-15T20:00,166,-999,0.00,0,10.60,84,0.60
2026-09-15T20:10,184,-999,0.00,0,10.30,85,1.10
2026-09-15T20:20,,-999,0.00,0,10.40,84,0.00
2026-09-15T20:30,188,-999,0.00,0,10.10,85,0.80
2026-09-15T20:40,200,-999,0.00,0,9.90,86,1.00
2026-09-15T20:50,201,-999,0.00,0,10.00,86,1.40
2026-09-15T21:00,194,-999,0.00,0,9.90,86,1.20
2026-09-15T21:10,185,-999,0.00,0,10.00,86,0.50
2026-09-15T21:20,,-999,0.00,0,9.90,88,0.00
2026-09-15T21:30,214,-999,0.00,0,9.60,89,0.40
2026-09-15T21:40,,-999,0.00,0,9.60,90,0.00
2026-09-15T21:50,202,-999,0.00,0,9.40,90,0.70
2026-09-15T22:00,202,-999,0.00,0,9.40,89,1.50
2026-09-15T22:10,193,-999,0.00,0,9.70,88,1.30
2026-09-15T22:20,164,-999,0.00,0,10.00,88,0.70
2026-09-15T22:30,198,-999,0.00,0,9.80,87,0.80
2026-09-15T22:40,210,-999,0.00,0,9.70,84,1.20
2026-09-15T22:50,210,-999,0.00,0,9.80,84,1.00
2026-09-15T23:00,247,-999,0.00,0,9.10,88,0.40
2026-09-15T23:10,313,-999,0.00,0,8.50,95,0.40
2026-09-15T23:20,,-999,0.00,0,8.20,98,0.00
2026-09-15T23:30,212,-999,0.00,0,8.30,98,0.30
2026-09-15T23:40,,-999,0.00,0,8.50,96,0.00
2026-09-15T23:50,106,-999,0.00,0,8.10,98,0.40
2026-09-16T00:00,,-999,0.00,0,7.90,99,0.00
2026-09-16T00:10,165,-999,0.00,0,8.00,98,0.60
2026-09-16T00:20,187,-999,0.00,0,7.70,99,0.90
2026-09-16T00:30,130,-999,0.00,0,7.50,99,0.50
2026-09-16T00:40,147,-999,0.00,0,7.80,99,0.70
2026-09-16T00:50,193,-999,0.00,0,7.20,99,1.30
2026-09-16T01:00,191,-999,0.00,0,7.20,99,1.50
2026-09-16T01:10,195,-999,0.00,0,7.30,99,1.20
2026-09-16T01:20,180,-999,0.00,0,7.20,99,1.60
2026-09-16T01:30,184,-999,0.00,0,7.10,99,2.00
2026-09-16T01:40,182,-999,0.00,0,7.30,99,2.00
2026-09-16T01:50,189,-999,0.00,0,7.20,99,1.90
2026-09-16T02:00,179,-999,0.00,0,7.10,99,1.80
2026-09-16T02:10,157,-999,0.00,0,7.30,99,1.20
2026-09-16T02:20,192,-999,0.00,0,7.10,99,1.50
2026-09-16T02:30,181,-999,0.00,0,7.00,99,1.40
2026-09-16T02:40,188,-999,0.00,0,7.00,99,1.10
2026-09-16T02:50,205,-999,0.00,0,6.90,99,1.30
2026-09-16T03:00,206,-999,0.00,0,6.70,99,1.70
2026-09-16T03:10,205,-999,0.00,0,6.70,99,1.30
2026-09-16T03:20,202,-999,0.00,0,6.50,99,1.70
2026-09-16T03:30,193,-999,0.00,0,6.60,99,1.00
2026-09-16T03:40,204,-999,0.00,0,6.70,99,1.30
2026-09-16T03:50,193,-999,0.00,0,6.80,99,0.70
2026-09-16T04:00,,-999,0.00,0,6.70,99,0.00
2026-09-16T04:10,,-999,0.00,0,6.50,99,0.00
2026-09-16T04:20,195,-999,0.00,0,5.90,99,1.60
2026-09-16T04:30,106,-999,0.00,0,6.20,99,1.20
2026-09-16T04:40,118,-999,0.00,0,6.60,99,0.70
2026-09-16T04:50,188,-999,0.00,0,5.70,99,1.20
2026-09-16T05:00,129,-999,0.00,0,6.30,99,0.60
2026-09-16T05:10,182,-999,0.00,0,5.80,99,0.60
2026-09-16T05:20,197,-999,0.00,0,6.00,99,0.60
2026-09-16T05:30,184,-999,0.00,0,5.80,99,1.30
2026-09-16T05:40,147,-999,0.00,0,5.80,99,0.90
2026-09-16T05:50,186,-999,0.00,0,5.50,99,1.30
2026-09-16T06:00,136,-999,0.00,0,5.80,99,0.70
2026-09-16T06:10,195,-999,0.00,0,5.40,99,1.60
2026-09-16T06:20,95,-999,0.00,0,5.90,99,0.90
2026-09-16T06:30,200,-999,0.00,0,5.60,99,1.40
2026-09-16T06:40,204,-999,0.00,0,5.30,99,0.40
2026-09-16T06:50,207,-999,0.00,0,5.60,99,0.90
2026-09-16T07:00,202,-999,0.00,0,6.00,96,1.80
2026-09-16T07:10,89,-999,0.00,6,6.10,95,0.50
2026-09-16T07:20,135,-999,0.00,17,6.30,96,0.60
2026-09-16T07:30,210,-999,0.00,40,6.70,90,1.10
2026-09-16T07:40,,-999,0.00,64,7.10,89,0.00
2026-09-16T07:50,,-999,0.00,82,7.40,87,0.00
2026-09-16T08:00,,-999,0.00,94,8.00,84,0.00
2026-09-16T08:10,75,-999,0.00,100,7.60,91,1.80
2026-09-16T08:20,108,-999,0.00,121,6.80,99,0.50
2026-09-16T08:30,108,-999,0.00,140,7.10,99,0.60
2026-09-16T08:40,,-999,0.00,208,7.60,96,0.00
2026-09-16T08:50,79,-999,0.00,248,8.60,91,1.20
2026-09-16T09:00,70,-999,0.00,270,8.20,94,2.20
2026-09-16T09:10,65,-999,0.00,201,7.60,98,1.50
2026-09-16T09:20,64,-999,0.00,307,8.00,97,1.30
2026-09-16T09:30,44,5,0.00,363,8.20,98,0.90
2026-09-16T09:40,69,-999,0.00,376,8.80,95,1.30
2026-09-16T09:50,32,1,0.00,444,9.20,94,0.50
2026-09-16T10:00,332,4,0.00,472,9.10,92,0.90
2026-09-16T10:10,351,-999,0.00,492,9.40,90,0.60
2026-09-16T10:20,29,-999,0.00,515,10.40,84,0.80
2026-09-16T10:30,250,3,0.00,539,10.60,85,0.30
2026-09-16T10:40,,2,0.00,565,11.50,79,0.00
2026-09-16T10:50,68,4,0.00,590,11.90,78,0.50
2026-09-16T11:00,239,1,0.00,615,11.80,66,1.80
2026-09-16T11:10,291,5,0.00,636,12.10,70,0.50
2026-09-16T11:20,336,4,0.00,658,12.40,65,1.30
2026-09-16T11:30,353,4,0.00,679,12.50,65,1.90
2026-09-16T11:40,,0,0.00,699,12.60,63,0.00
2026-09-16T11:50,0,3,0.00,715,12.80,64,1.70
2026-09-16T12:00,9,2,0.00,733,13.10,63,1.70
2026-09-16T12:10,40,-999,0.00,766,13.00,68,1.60
2026-09-16T12:20,120,0,0.00,750,13.20,64,1.00
2026-09-16T12:30,61,1,0.00,798,13.00,70,2.00
2026-09-16T12:40,65,0,0.00,592,13.10,68,2.10
2026-09-16T12:50,68,2,0.00,757,13.00,74,2.40
2026-09-16T13:00,74,-999,0.00,707,13.20,69,2.20
2026-09-16T13:10,73,-999,0.00,567,13.10,72,2.40
2026-09-16T13:20,77,-999,0.00,548,13.00,74,2.20
2026-09-16T13:30,71,4,0.00,745,12.60,76,2.50
2026-09-16T13:40,63,-999,0.00,842,13.10,74,2.00
2026-09-16T13:50,69,-999,0.00,499,13.60,69,2.00
2026-09-16T14:00,75,-999,0.00,389,13.10,71,1.90
2026-09-16T14:10,78,-999,0.00,503,12.80,73,1.60
2026-09-16T14:20,94,-999,0.00,454,13.50,70,1.40
2026-09-16T14:30,78,-6,0.00,558,13.20,74,1.90
2026-09-16T14:40,82,-999,0.00,553,13.10,73,2.30
2026-09-16T14:50,77,-999,0.00,357,13.00,72,2.10
2026-09-16T15:00,66,4,0.00,437,13.30,69,1.60
2026-09-16T15:10,30,3,0.00,815,14.10,64,1.40
2026-09-16T15:20,56,3,0.00,453,14.10,67,1.20
2026-09-16T15:30,334,3,0.00,651,14.20,68,2.50
2026-09-16T15:40,319,-999,0.00,416,14.00,68,2.70
2026-09-16T15:50,327,1,0.00,674,14.40,67,2.30
2026-09-16T16:00,338,1,0.00,506,14.30,66,1.30
2026-09-16T16:10,345,-999,0.00,621,14.20,67,1.90
2026-09-16T16:20,13,1,0.00,608,14.20,67,1.20
2026-09-16T16:30,30,0,0.00,640,14.10,69,1.80
2026-09-16T16:40,33,2,0.00,686,14.30,68,1.60
2026-09-16T16:50,2,1,0.00,497,14.20,70,1.60
2026-09-16T17:00,54,-999,0.00,310,13.50,71,1.30
2026-09-16T17:10,323,-999,0.00,436,13.50,74,2.40
2026-09-16T17:20,323,-999,0.00,502,13.80,74,2.40
2026-09-16T17:30,326,2,0.00,521,13.60,75,1.90
2026-09-16T17:40,349,-999,0.00,434,13.60,76,1.40
2026-09-16T17:50,336,2,0.00,458,13.40,77,2.00
2026-09-16T18:00,320,-999,0.00,255,13.00,78,2.20
2026-09-16T18:10,295,-999,0.00,159,12.20,82,2.20
2026-09-16T18:20,282,-999,0.00,84,12.20,76,2.30
2026-09-16T18:30,350,-999,0.00,74,12.10,76,1.20
2026-09-16T18:40,36,-999,0.00,52,11.50,83,2.20
2026-09-16T18:50,22,-999,0.00,37,11.10,85,1.30
2026-09-16T19:00,342,-999,0.00,13,10.60,88,1.40
2026-09-16T19:10,297,-999,0.00,7,10.30,90,1.30
2026-09-16T19:20,,-999,0.00,0,10.40,87,0.00
2026-09-16T19:30,49,-999,0.00,0,10.40,86,0.60
2026-09-16T19:40,331,-999,0.00,0,10.10,89,1.20
2026-09-16T19:50,292,-999,0.00,0,9.30,80,6.30
2026-09-16T20:00,280,0,0.80,0,7.50,88,4.60
2026-09-16T20:10,261,6,2.00,0,7.00,91,4.40
2026-09-16T20:20,224,3,3.20,0,6.80,93,4.10
2026-09-16T20:30,178,3,2.20,0,6.30,97,6.00
2026-09-16T20:40,205,2,1.00,0,6.20,98,1.70
2026-09-16T20:50,258,-999,0.20,0,6.10,98,1.00
2026-09-16T21:00,293,0,0.40,0,6.30,98,1.60
2026-09-16T21:10,311,2,1.60,0,6.30,98,1.60
2026-09-16T21:20,280,1,0.80,0,6.20,99,2.00
2026-09-16T21:30,305,1,0.80,0,6.30,98,1.60
2026-09-16T21:40,88,1,0.40,0,6.10,99,2.10
2026-09-16T21:50,78,1,0.00,0,6.00,99,2.00
2026-09-16T22:00,70,0,0.20,0,5.90,99,1.20
2026-09-16T22:10,118,0,0.00,0,5.90,99,0.40
2026-09-16T22:20,1,-999,0.00,0,5.80,99,0.70
2026-09-16T22:30,,0,0.00,0,5.80,99,0.00
2026-09-16T22:40,184,0,0.00,0,5.90,99,1.40
2026-09-16T22:50,207,-999,0.00,0,6.00,99,1.20
2026-09-16T23:00,209,-999,0.00,0,6.00,99,1.40
2026-09-16T23:10,197,0,0.00,0,5.90,99,1.80
2026-09-16T23:20,204,-999,0.00,0,6.20,98,1.30
2026-09-16T23:30,187,-999,0.00,0,6.30,97,1.20
2026-09-16T23:40,108,-999,0.00,0,6.40,96,0.60
2026-09-16T23:50,59,-999,0.00,0,6.40,96,0.90
2026-09-17T00:00,35,-999,0.00,0,6.20,97,0.50
2026-09-17T00:10,158,-999,0.00,0,6.10,97,0.80
2026-09-17T00:20,97,-999,0.00,0,6.30,97,1.70
2026-09-17T00:30,93,-999,0.00,0,6.30,96,1.10
2026-09-17T00:40,218,-999,0.20,0,6.30,95,1.40
2026-09-17T00:50,174,0,0.40,0,6.60,94,2.20
2026-09-17T01:00,76,-999,0.40,0,6.80,91,1.60
2026-09-17T01:10,88,-999,0.20,0,6.30,91,2.10
2026-09-17T01:20,75,-999,0.40,0,6.00,95,1.00
2026-09-17T01:30,144,0,0.20,0,5.80,99,0.90
2026-09-17T01:40,93,-999,0.20,0,5.80,99,0.40
2026-09-17T01:50,51,-999,0.40,0,5.70,99,0.80
2026-09-17T02:00,189,-999,0.00,0,5.70,99,0.80
2026-09-17T02:10,93,-999,0.00,0,5.70,99,0.30
2026-09-17T02:20,117,,0.00,0,5.70,99,0.60
2026-09-17T02:30,229,-999,0.00,0,5.70,99,1.00
2026-09-17T02:40,252,-999,0.00,0,5.70,99,0.50
2026-09-17T02:50,264,-999,0.00,0,5.80,99,1.40
2026-09-17T03:00,253,-999,0.00,0,6.00,99,1.60
2026-09-17T03:10,247,-999,0.00,0,6.20,99,2.10
2026-09-17T03:20,205,-999,0.00,0,6.20,99,1.80
2026-09-17T03:30,276,-999,0.00,0,6.20,99,2.40
2026-09-17T03:40,223,-999,0.00,0,6.20,98,3.50
2026-09-17T03:50,187,-999,0.00,0,6.30,98,1.70
2026-09-17T04:00,111,-999,0.00,0,6.40,98,0.70
2026-09-17T04:10,337,-999,0.00,0,6.20,98,1.60
2026-09-17T04:20,259,-999,0.00,0,6.00,99,0.60
2026-09-17T04:30,266,-999,0.00,0,6.10,99,2.60
2026-09-17T04:40,252,-999,0.00,0,6.10,98,3.40
2026-09-17T04:50,247,-999,0.00,0,6.10,97,3.90
2026-09-17T05:00,248,-999,0.00,0,6.00,97,1.90
2026-09-17T05:10,242,-999,0.20,0,6.00,97,0.60
2026-09-17T05:20,278,-999,0.00,0,5.90,96,0.60
2026-09-17T05:30,277,-999,0.00,0,5.90,95,3.20
2026-09-17T05:40,250,-999,0.00,0,6.10,92,4.70
2026-09-17T05:50,244,-999,0.00,0,6.10,87,4.30
2026-09-17T06:00,242,-999,0.00,0,6.00,85,4.50
2026-09-17T06:10,251,-999,0.00,0,6.00,85,4.10
2026-09-17T06:20,251,-999,0.00,0,6.10,84,4.50
2026-09-17T06:30,259,-999,0.00,0,6.10,83,4.00
2026-09-17T06:40,262,-999,0.00,0,5.80,84,3.90
2026-09-17T06:50,256,-999,0.00,0,5.70,84,4.00
2026-09-17T07:00,251,-999,0.00,0,5.90,83,4.20
2026-09-17T07:10,254,-999,0.00,0,5.90,81,5.00
2026-09-17T07:20,258,-999,0.00,10,5.60,82,4.80
2026-09-17T07:30,253,-999,0.00,18,5.60,80,4.80
2026-09-17T07:40,255,-999,0.00,13,5.70,80,4.60
2026-09-17T07:50,253,-999,0.00,17,5.60,80,4.20
2026-09-17T08:00,232,-999,0.00,38,5.80,78,3.90
2026-09-17T08:10,246,-999,0.00,70,5.70,79,4.20
2026-09-17T08:20,247,-999,0.00,107,5.50,80,4.90
2026-09-17T08:30,276,-999,0.00,121,5.50,81,5.70
2026-09-17T08:40,275,-999,0.00,133,5.40,81,5.80
2026-09-17T08:50,271,-999,0.00,199,5.50,81,5.50
2026-09-17T09:00,287,-999,0.00,188,5.60,81,4.10
2026-09-17T09:10,263,-999,0.00,242,5.50,81,4.50
2026-09-17T09:20,268,1,0.00,394,5.40,81,4.40
2026-09-17T09:30,247,0,0.00,237,5.50,79,4.10
2026-09-17T09:40,234,2,0.00,416,5.60,79,2.50
2026-09-17T09:50,275,4,0.00,453,6.10,76,0.80
2026-09-17T10:00,326,3,0.00,482,6.20,74,2.80
2026-09-17T10:10,298,1,0.00,508,6.40,74,2.10
2026-09-17T10:20,288,1,0.00,535,6.70,73,2.40
2026-09-17T10:30,291,4,0.00,565,6.70,73,1.90
2026-09-17T10:40,341,4,0.00,610,7.10,70,1.90
2026-09-17T10:50,346,6,0.00,621,7.30,69,1.50
2026-09-17T11:00,339,2,0.00,618,7.30,69,2.20
2026-09-17T11:10,332,5,0.00,637,7.40,69,1.70
2026-09-17T11:20,342,2,0.00,686,7.70,68,2.20
2026-09-17T11:30,338,4,0.00,710,8.10,68,1.70
2026-09-17T11:40,338,5,0.00,747,8.40,67,1.60
2026-09-17T11:50,336,4,0.00,472,8.20,67,1.80
2026-09-17T12:00,335,6,0.00,771,8.50,64,1.70
2026-09-17T12:10,307,4,0.00,703,8.60,62,1.50
2026-09-17T12:20,,1,0.00,739,9.30,63,0.00
2026-09-17T12:30,62,4,0.00,833,9.30,69,1.90
2026-09-17T12:40,51,5,0.00,885,9.10,72,1.90
2026-09-17T12:50,69,4,0.00,902,9.30,71,2.30
2026-09-17T13:00,65,0,0.00,358,9.10,72,2.20
2026-09-17T13:10,53,1,0.00,196,8.70,73,1.50
2026-09-17T13:20,80,2,0.00,494,8.90,73,1.90
2026-09-17T13:30,68,1,0.00,204,9.00,74,1.70
2026-09-17T13:40,62,2,0.00,466,9.20,75,2.00
2026-09-17T13:50,69,4,0.00,685,9.60,76,2.50
2026-09-17T14:00,81,5,0.00,911,9.90,76,2.30
2026-09-17T14:10,82,5,0.00,762,10.30,72,2.30
2026-09-17T14:20,94,5,0.00,696,10.50,69,2.40
2026-09-17T14:30,94,5,0.00,677,10.60,66,2.20
2026-09-17T14:40,75,4,0.00,864,11.10,66,2.20
2026-09-17T14:50,91,1,0.00,383,11.00,64,1.40
2026-09-17T15:00,15,4,0.00,581,10.70,64,1.20
2026-09-17T15:10,101,-999,0.00,526,10.50,66,1.30
2026-09-17T15:20,91,4,0.00,691,10.50,64,1.60
2026-09-17T15:30,39,4,0.00,607,10.70,61,1.40
2026-09-17T15:40,92,2,0.00,687,11.00,62,1.30
2026-09-17T15:50,62,5,0.00,761,10.90,62,0.90
2026-09-17T16:00,345,3,0.00,693,11.40,60,1.80
2026-09-17T16:10,327,4,0.00,557,10.90,61,2.80
2026-09-17T16:20,324,2,0.00,394,10.70,62,2.20
2026-09-17T16:30,320,2,0.00,160,10.40,62,1.80
2026-09-17T16:40,326,2,0.00,159,10.20,64,1.40
2026-09-17T16:50,271,1,0.00,179,10.10,65,1.40
2026-09-17T17:00,304,0,0.00,242,10.30,67,1.00
2026-09-17T17:10,296,1,0.00,192,10.20,66,1.70
2026-09-17T17:20,281,0,0.00,164,10.00,69,2.00
2026-09-17T17:30,298,2,0.00,153,9.90,71,1.70
2026-09-17T17:40,322,-999,0.00,146,9.80,76,1.70
2026-09-17T17:50,293,0,0.00,191,9.60,78,2.30
2026-09-17T18:00,312,1,0.00,157,9.60,80,2.10
2026-09-17T18:10,278,0,0.00,114,9.50,81,1.50
2026-09-17T18:20,296,-999,0.00,90,9.30,80,1.30
2026-09-17T18:30,16,-999,0.00,59,8.90,85,1.10
2026-09-17T18:40,254,-999,0.00,37,8.70,88,2.10
2026-09-17T18:50,263,-999,0.00,27,8.50,87,1.60
2026-09-17T19:00,252,-999,0.00,24,8.30,87,2.50
2026-09-17T19:10,221,-999,0.00,21,8.10,87,1.20
2026-09-17T19:20,,0,0.00,10,8.00,88,0.00
2026-09-17T19:30,88,-999,0.00,0,7.70,89,1.30
2026-09-17T19:40,125,-999,0.00,0,7.60,90,0.70
2026-09-17T19:50,178,-999,0.00,0,7.70,89,1.10
2026-09-17T20:00,194,-999,0.00,0,7.50,89,0.40
2026-09-17T20:10,,-999,0.00,0,7.30,91,0.00
2026-09-17T20:20,76,-999,0.00,0,7.20,93,1.00
2026-09-17T20:30,,-999,0.00,0,7.10,94,0.00
2026-09-17T20:40,,-999,0.00,0,7.10,96,0.00
2026-09-17T20:50,,-999,0.00,0,7.10,94,0.00
2026-09-17T21:00,,-999,0.00,0,7.30,94,0.00
2026-09-17T21:10,,-999,0.00,0,7.30,93,0.00
2026-09-17T21:20,252,-999,0.00,0,6.90,94,0.70
2026-09-17T21:30,241,-999,0.00,0,6.70,97,0.40
2026-09-17T21:40,322,-999,0.00,0,6.70,99,1.10
2026-09-17T21:50,324,-999,0.00,0,6.70,99,0.50
2026-09-17T22:00,,-999,0.00,0,6.30,99,0.00
2026-09-17T22:10,169,-999,0.00,0,6.40,99,0.60
2026-09-17T22:20,213,-999,0.00,0,6.30,99,0.80
2026-09-17T22:30,,-999,0.00,0,6.40,99,0.00
2026-09-17T22:40,,-999,0.00,0,6.40,99,0.00
2026-09-17T22:50,289,-999,0.00,0,6.30,99,0.30
2026-09-17T23:00,179,-999,0.00,0,6.20,99,0.40
2026-09-17T23:10,175,0,0.00,0,6.20,99,0.80
2026-09-17T23:20,220,-999,0.00,0,6.10,99,0.60
2026-09-17T23:30,206,-999,0.00,0,5.80,97,1.20
2026-09-17T23:40,216,-999,0.00,0,5.80,96,1.20
2026-09-17T23:50,191,-999,0.00,0,5.80,94,0.90
2026-09-18T00:00,218,-999,0.00,0,5.70,93,1.10
2026-09-18T00:10,203,-999,0.00,0,5.60,93,1.30
2026-09-18T00:20,224,-999,0.00,0,5.90,90,0.60
2026-09-18T00:30,231,-999,0.00,0,5.70,90,1.10
2026-09-18T00:40,238,-999,0.00,0,5.60,93,1.10
2026-09-18T00:50,208,-999,0.00,0,5.60,93,0.50
2026-09-18T01:00,198,-999,0.00,0,5.60,92,0.90
2026-09-18T01:10,189,-999,0.00,0,5.60,94,1.10
2026-09-18T01:20,188,-999,0.00,0,5.70,92,1.60
2026-09-18T01:30,208,-999,0.00,0,5.90,90,1.10
2026-09-18T01:40,196,-999,0.00,0,5.50,90,1.00
2026-09-18T01:50,234,-999,0.00,0,5.40,91,0.50
2026-09-18T02:00,203,-999,0.00,0,5.40,92,0.80
2026-09-18T02:10,182,-999,0.00,0,5.50,94,1.10
2026-09-18T02:20,213,-999,0.00,0,5.40,93,0.80
2026-09-18T02:30,199,-999,0.00,0,5.10,93,1.10
2026-09-18T02:40,203,-999,0.00,0,5.40,93,1.30
2026-09-18T02:50,175,-999,0.00,0,5.70,90,0.80
2026-09-18T03:00,166,-999,0.00,0,5.60,90,0.60
2026-09-18T03:10,206,-999,0.00,0,5.20,90,1.10
2026-09-18T03:20,205,-999,0.00,0,5.00,89,1.30
2026-09-18T03:30,211,-999,0.00,0,5.20,89,1.60
2026-09-18T03:40,223,-999,0.00,0,4.70,92,0.80
2026-09-18T03:50,167,-999,0.00,0,5.00,94,0.50
2026-09-18T04:00,218,-999,0.00,0,4.60,91,1.70
2026-09-18T04:10,255,-999,0.00,0,5.00,93,0.70
2026-09-18T04:20,92,-999,0.00,0,4.80,93,0.50
2026-09-18T04:30,197,-999,0.00,0,4.60,93,0.70
2026-09-18T04:40,192,-999,0.00,0,5.00,92,1.20
2026-09-18T04:50,207,0,0.00,0,5.20,89,1.10
2026-09-18T05:00,231,0,0.00,0,4.90,92,0.80
2026-09-18T05:10,179,-999,0.00,0,4.90,92,1.80
2026-09-18T05:20,154,0,0.00,0,5.20,93,0.40
2026-09-18T05:30,,-999,0.00,0,5.50,91,0.00
2026-09-18T05:40,185,-999,0.00,0,5.40,90,0.90
2026-09-18T05:50,220,-999,0.00,0,5.50,91,0.90
2026-09-18T06:00,201,-999,0.00,0,5.60,91,0.50
2026-09-18T06:10,338,-999,0.00,0,5.60,91,0.80
2026-09-18T06:20,119,-999,0.00,0,5.40,93,0.50
2026-09-18T06:30,313,-999,0.00,0,5.10,96,1.10
2026-09-18T06:40,187,0,0.00,0,4.80,98,0.80
2026-09-18T06:50,182,0,0.00,0,5.10,96,1.20
2026-09-18T07:00,186,-999,0.00,0,5.40,93,0.40
2026-09-18T07:10,107,-999,0.20,6,5.30,91,0.50
2026-09-18T07:20,94,-999,0.00,16,5.30,91,0.40
2026-09-18T07:30,145,-999,0.00,37,5.30,93,0.80
2026-09-18T07:40,196,-999,0.00,75,5.20,91,1.70
2026-09-18T07:50,208,-999,0.00,99,5.80,88,1.60
2026-09-18T08:00,,-999,0.00,122,6.10,86,0.00
2026-09-18T08:10,61,-999,0.00,117,6.30,91,1.70
2026-09-18T08:20,55,-999,0.00,115,5.90,98,0.90
2026-09-18T08:30,260,-999,0.00,87,6.00,97,0.30
2026-09-18T08:40,,-999,0.00,127,6.10,92,0.00
2026-09-18T08:50,,-999,0.00,144,6.20,91,0.00
2026-09-18T09:00,,-999,0.00,178,6.50,91,0.00
2026-09-18T09:10,208,-999,0.00,213,6.40,91,0.60
2026-09-18T09:20,34,-999,0.00,195,6.70,89,0.50
2026-09-18T09:30,34,-999,0.00,195,6.60,95,1.20
2026-09-18T09:40,316,-999,0.00,196,6.50,96,1.40
2026-09-18T09:50,311,1,0.00,186,6.60,92,0.70
2026-09-18T10:00,,2,0.00,121,7.00,90,0.00
2026-09-18T10:10,45,1,0.00,140,6.90,96,1.10
2026-09-18T10:20,302,1,0.00,187,7.00,95,0.50
2026-09-18T10:30,24,1,0.00,136,7.10,95,1.00
2026-09-18T10:40,68,2,0.00,146,7.10,96,1.40
2026-09-18T10:50,27,3,0.00,159,7.20,96,0.70
2026-09-18T11:00,28,1,0.00,143,7.40,93,1.30
2026-09-18T11:10,343,3,0.00,107,7.30,92,1.70
2026-09-18T11:20,344,1,0.00,73,7.00,93,1.20
2026-09-18T11:30,339,1,0.00,125,7.20,89,1.00
2026-09-18T11:40,141,2,0.00,178,7.40,87,0.70
2026-09-18T11:50,5,4,0.00,225,7.80,90,0.60
2026-09-18T12:00,14,-999,0.00,186,7.60,92,1.40
2026-09-18T12:10,352,0,0.00,72,7.30,96,1.70
2026-09-18T12:20,31,2,0.00,102,7.00,97,1.20
2026-09-18T12:30,4,2,0.00,99,7.30,95,0.40
2026-09-18T12:40,301,-999,0.00,82,7.40,95,0.40
2026-09-18T12:50,29,0,0.00,78,7.30,96,1.40
2026-09-18T13:00,23,0,0.00,48,7.00,98,1.60
2026-09-18T13:10,353,0,0.40,39,6.70,99,1.80
2026-09-18T13:20,329,0,0.00,39,6.40,99,2.70
2026-09-18T13:30,287,-999,1.80,73,6.10,98,2.70
2026-09-18T13:40,301,1,1.60,126,5.60,89,2.50
2026-09-18T13:50,319,0,0.40,135,5.20,95,1.80
2026-09-18T14:00,284,0,0.20,87,5.00,98,1.20
2026-09-18T14:10,268,-999,0.00,91,5.20,99,1.80
2026-09-18T14:20,260,0,0.00,65,5.30,99,3.90
2026-09-18T14:30,257,-999,0.00,44,5.20,97,4.90
2026-09-18T14:40,269,-999,0.40,63,5.00,98,4.20
2026-09-18T14:50,216,-999,0.80,64,4.90,98,2.60
2026-09-18T15:00,216,-999,0.80,43,4.80,98,1.00
2026-09-18T15:10,323,-999,0.20,40,4.60,98,1.50
2026-09-18T15:20,305,0,0.40,56,4.50,99,0.30
2026-09-18T15:30,248,1,0.40,83,4.60,99,0.60
2026-09-18T15:40,226,-999,0.00,79,4.70,99,0.60
2026-09-18T15:50,100,-999,0.00,56,4.70,99,1.30
2026-09-18T16:00,76,-999,0.20,95,4.90,99,0.30
2026-09-18T16:10,83,-999,0.00,149,5.00,99,1.00
2026-09-18T16:20,63,-999,0.00,180,5.00,99,2.10
2026-09-18T16:30,38,-999,0.00,169,4.90,99,2.20
2026-09-18T16:40,49,1,0.00,166,4.80,99,1.30
2026-09-18T16:50,29,-999,0.00,185,4.90,99,0.80
2026-09-18T17:00,,-999,0.00,255,5.40,99,0.00
2026-09-18T17:10,43,-999,0.00,213,5.50,99,0.80
2026-09-18T17:20,,-999,0.00,237,5.50,99,0.00
2026-09-18T17:30,227,-999,0.00,184,5.40,98,1.10
2026-09-18T17:40,209,-999,0.00,205,5.60,98,0.60
2026-09-18T17:50,350,-999,0.00,105,5.60,97,0.60
2026-09-18T18:00,,-999,0.00,79,5.50,97,0.00
2026-09-18T18:10,,-999,0.00,77,5.60,97,0.00
2026-09-18T18:20,53,-999,0.00,69,5.50,97,0.30
2026-09-18T18:30,,-999,0.00,69,5.60,97,0.00
2026-09-18T18:40,,-999,0.00,71,5.70,97,0.00
2026-09-18T18:50,53,-999,0.00,36,5.70,97,0.90
2026-09-18T19:00,,-999,0.00,19,5.30,97,0.00
2026-09-18T19:10,195,-999,0.00,9,5.40,97,0.80
2026-09-18T19:20,210,-999,0.00,0,5.60,98,0.80
2026-09-18T19:30,208,-999,0.00,0,5.80,98,0.70
2026-09-18T19:40,89,-999,0.00,0,5.80,96,1.00
2026-09-18T19:50,75,-999,0.00,0,5.90,91,0.80
2026-09-18T20:00,183,-999,0.00,0,6.10,87,1.00
2026-09-18T20:10,203,-999,0.00,0,6.20,83,1.40
2026-09-18T20:20,218,-999,0.00,0,6.30,83,0.70
2026-09-18T20:30,,-999,0.00,0,6.20,84,0.00
2026-09-18T20:40,220,-999,0.00,0,6.60,82,1.00
2026-09-18T20:50,239,-999,0.00,0,6.70,84,0.70
2026-09-18T21:00,340,-999,0.00,0,6.50,80,1.10
2026-09-18T21:10,219,-999,0.00,0,6.10,84,1.30
2026-09-18T21:20,209,-999,0.00,0,6.30,83,2.20
2026-09-18T21:30,216,-999,0.00,0,6.40,82,2.10
2026-09-18T21:40,221,-999,0.00,0,6.20,84,1.30
2026-09-18T21:50,241,-999,0.00,0,5.80,86,1.00
2026-09-18T22:00,254,-999,0.00,0,6.00,86,2.60
2026-09-18T22:10,187,-999,0.00,0,6.50,83,1.50
2026-09-18T22:20,199,-999,0.00,0,6.80,81,1.60
2026-09-18T22:30,204,-999,0.00,0,6.80,81,1.90
2026-09-18T22:40,202,-999,0.00,0,6.60,82,1.70
2026-09-18T22:50,223,-999,0.00,0,6.10,84,2.30
2026-09-18T23:00,233,-999,0.00,0,6.20,83,2.50
2026-09-18T23:10,227,-999,0.00,0,6.10,83,2.30
2026-09-18T23:20,218,-999,0.00,0,5.80,83,2.30
2026-09-18T23:30,220,0,0.00,0,5.50,84,2.50
2026-09-18T23:40,216,-999,0.00,0,5.90,82,2.40
2026-09-18T23:50,212,-999,0.00,0,5.60,82,2.40
2026-09-19T00:00,208,-999,0.00,0,5.80,81,2.30
2026-09-19T00:10,201,-999,0.00,0,6.10,79,2.20
2026-09-19T00:20,206,-999,0.00,0,6.20,77,1.90
2026-09-19T00:30,204,-999,0.00,0,6.00,77,1.90
2026-09-19T00:40,210,-999,0.00,0,6.00,77,1.50
2026-09-19T00:50,206,-999,0.00,0,5.60,79,1.10
2026-09-19T01:00,245,-999,0.00,0,5.30,84,2.20
2026-09-19T01:10,247,-999,0.00,0,5.40,83,2.90
2026-09-19T01:20,239,-999,0.00,0,5.20,83,3.40
2026-09-19T01:30,221,1,0.00,0,5.30,82,2.60
2026-09-19T01:40,216,-999,0.00,0,5.60,79,1.50
2026-09-19T01:50,220,-999,0.00,0,5.60,78,1.30
2026-09-19T02:00,211,-999,0.00,0,5.30,78,1.40
2026-09-19T02:10,207,-999,0.00,0,5.00,78,1.10
2026-09-19T02:20,,-999,0.00,0,5.60,77,0.00
2026-09-19T02:30,,-999,0.00,0,5.40,77,0.00
2026-09-19T02:40,165,-999,0.00,0,5.50,77,0.60
2026-09-19T02:50,,-999,0.00,0,5.30,77,0.00
2026-09-19T03:00,,-999,0.00,0,5.50,76,0.00
2026-09-19T03:10,208,-999,0.00,0,5.60,75,0.60
2026-09-19T03:20,202,-999,0.00,0,5.00,78,0.60
2026-09-19T03:30,211,-999,0.00,0,5.00,78,1.00
2026-09-19T03:40,225,-999,0.00,0,4.40,79,1.90
2026-09-19T03:50,201,-999,0.00,0,5.20,76,1.70
2026-09-19T04:00,190,-999,0.00,0,5.80,73,1.00
2026-09-19T04:10,224,-999,0.00,0,5.30,74,0.50
2026-09-19T04:20,218,0,0.00,0,4.90,76,1.20
2026-09-19T04:30,216,-999,0.00,0,4.80,77,1.40
2026-09-19T04:40,211,-999,0.00,0,4.80,76,1.00
2026-09-19T04:50,139,-999,0.00,0,5.20,76,0.70
2026-09-19T05:00,200,-999,0.00,0,5.20,76,0.80
2026-09-19T05:10,189,-999,0.00,0,5.20,77,0.90
2026-09-19T05:20,215,-999,0.00,0,4.80,76,0.70
2026-09-19T05:30,208,-999,0.00,0,5.00,76,1.20
2026-09-19T05:40,191,-999,0.00,0,5.50,74,1.60
2026-09-19T05:50,195,-999,0.00,0,5.10,74,1.50
2026-09-19T06:00,208,-999,0.00,0,5.30,73,1.00
2026-09-19T06:10,213,-999,0.00,0,4.90,75,1.00
2026-09-19T06:20,203,-999,0.00,0,5.30,73,0.80
2026-09-19T06:30,192,-999,0.00,0,6.10,68,1.00
2026-09-19T06:40,,-999,0.00,0,5.80,69,0.00
2026-09-19T06:50,,-999,0.00,0,5.50,72,0.00
2026-09-19T07:00,217,-999,0.00,0,4.80,74,1.40
2026-09-19T07:10,215,-999,0.00,0,5.20,72,0.70
2026-09-19T07:20,222,-999,0.00,8,4.60,73,1.90
2026-09-19T07:30,217,-999,0.00,18,4.90,73,1.30
2026-09-19T07:40,194,-999,0.00,35,5.90,68,1.00
2026-09-19T07:50,190,-999,0.00,56,6.50,65,0.80
2026-09-19T08:00,,-999,0.00,86,7.10,64,0.00
2026-09-19T08:10,90,-999,0.00,107,7.40,66,1.00
2026-09-19T08:20,51,-999,0.00,145,7.20,68,1.00
2026-09-19T08:30,,-999,0.00,175,7.10,69,0.00
2026-09-19T08:40,61,-999,0.00,206,7.50,72,0.80
2026-09-19T08:50,,-999,0.00,229,7.40,70,0.00
2026-09-19T09:00,71,0,0.00,269,7.60,74,0.50
2026-09-19T09:10,202,0,0.00,306,7.00,73,1.00
2026-09-19T09:20,193,4,0.00,320,7.00,75,0.80
2026-09-19T09:30,268,2,0.00,348,7.30,75,0.40
2026-09-19T09:40,310,4,0.00,372,7.20,74,0.70
2026-09-19T09:50,296,3,0.00,422,7.40,73,0.70
2026-09-19T10:00,287,3,0.00,480,7.80,71,0.50
2026-09-19T10:10,320,2,0.00,519,7.80,70,1.30
2026-09-19T10:20,326,0,0.00,297,7.70,70,1.40
2026-09-19T10:30,335,4,0.00,503,7.80,68,1.10
2026-09-19T10:40,306,2,0.00,584,8.30,66,0.80
2026-09-19T10:50,251,4,0.00,593,9.00,66,0.60
2026-09-19T11:00,13,1,0.00,599,9.10,69,1.00
2026-09-19T11:10,101,-999,0.00,449,9.70,71,0.90
2026-09-19T11:20,84,4,0.00,595,9.40,74,1.20
2026-09-19T11:30,74,3,0.00,590,9.70,72,0.90
2026-09-19T11:40,93,2,0.00,683,10.10,73,1.40
2026-09-19T11:50,57,3,0.00,719,9.90,70,1.50
2026-09-19T12:00,73,3,0.00,740,9.90,70,1.70
2026-09-19T12:10,79,3,0.00,753,10.20,65,1.40
2026-09-19T12:20,84,4,0.00,769,10.60,65,1.90
2026-09-19T12:30,81,2,0.00,781,10.30,65,2.00
2026-09-19T12:40,59,2,0.00,797,10.30,52,0.50
2026-09-19T12:50,71,5,0.00,810,10.40,64,2.60
2026-09-19T13:00,71,1,0.00,776,10.10,65,2.20
2026-09-19T13:10,55,4,0.00,624,10.10,66,2.50
2026-09-19T13:20,56,0,0.00,341,10.00,65,2.50
2026-09-19T13:30,54,1,0.00,823,10.10,61,2.60
2026-09-19T13:40,55,5,0.00,804,10.60,60,2.80
2026-09-19T13:50,55,3,0.00,842,10.80,58,2.70
2026-09-19T14:00,50,0,0.00,561,10.80,58,2.90
2026-09-19T14:10,46,4,0.00,224,10.30,60,2.90
2026-09-19T14:20,58,-999,0.00,406,10.60,61,1.50
2026-09-19T14:30,46,2,0.00,655,11.00,56,2.50
2026-09-19T14:40,80,-999,0.00,384,11.20,47,1.60
2026-09-19T14:50,73,-999,0.00,214,10.90,52,1.80
2026-09-19T15:00,68,3,0.00,475,10.60,51,2.00
2026-09-19T15:10,71,0,0.00,710,11.00,54,2.00
2026-09-19T15:20,59,3,0.00,711,11.00,55,1.80
2026-09-19T15:30,56,3,0.00,707,11.50,56,1.80
2026-09-19T15:40,46,2,0.00,690,11.60,58,2.40
2026-09-19T15:50,36,2,0.00,663,11.60,61,2.20
2026-09-19T16:00,48,2,0.00,642,11.80,52,2.40
2026-09-19T16:10,40,5,0.00,618,11.40,55,2.50
2026-09-19T16:20,56,2,0.00,592,11.70,58,1.60
2026-09-19T16:30,,,0.00,559,11.70,56,
2026-09-19T16:40,34,1,0.00,534,11.80,57,1.30
2026-09-19T16:50,11,2,0.00,467,11.70,58,1.20
2026-09-19T17:00,311,-999,0.00,484,11.40,59,2.20
2026-09-19T17:10,322,2,0.00,430,11.80,59,1.10
2026-09-19T17:20,19,1,0.00,418,11.80,61,0.90
2026-09-19T17:30,309,-999,0.00,381,11.40,57,1.70
2026-09-19T17:40,316,-999,0.00,328,11.20,59,1.60
2026-09-19T17:50,311,-999,0.00,230,10.90,59,1.10
2026-09-19T18:00,,-999,0.00,39,10.70,61,0.00
2026-09-19T18:10,,-999,0.00,33,10.20,67,0.00
2026-09-19T18:20,,-999,0.00,31,9.90,70,0.00
2026-09-19T18:30,220,-999,0.00,27,9.60,72,0.30
2026-09-19T18:40,,-999,0.00,21,9.20,75,0.00
2026-09-19T18:50,,-999,0.00,16,9.00,76,0.00
2026-09-19T19:00,216,0,0.00,11,8.70,77,1.10
2026-09-19T19:10,208,-999,0.00,8,8.70,76,1.30
2026-09-19T19:20,199,-999,0.00,0,8.80,73,0.90
2026-09-19T19:30,219,-999,0.00,0,8.40,74,1.10
2026-09-19T19:40,158,-999,0.00,0,8.40,75,0.40
2026-09-19T19:50,,-999,0.00,0,8.20,79,0.00
2026-09-19T20:00,213,-999,0.00,0,7.90,79,0.60
2026-09-19T20:10,194,-999,0.00,0,7.90,80,0.60
2026-09-19T20:20,211,-999,0.00,0,7.60,78,1.00
2026-09-19T20:30,104,-999,0.00,0,7.80,79,0.60
2026-09-19T20:40,38,-999,0.00,0,7.80,82,0.30
2026-09-19T20:50,,-999,0.00,0,7.30,84,0.00
2026-09-19T21:00,198,-999,0.00,0,7.40,84,1.10
2026-09-19T21:10,216,-999,0.00,0,7.30,84,0.90
2026-09-19T21:20,89,-999,0.00,0,7.40,86,0.80
2026-09-19T21:30,128,-999,0.00,0,7.50,85,0.80
2026-09-19T21:40,196,-999,0.00,0,7.40,85,1.30
2026-09-19T21:50,201,-999,0.00,0,7.40,84,1.10
2026-09-19T22:00,200,-999,0.00,0,7.20,85,1.50
2026-09-19T22:10,196,-999,0.00,0,7.40,84,0.60
2026-09-19T22:20,204,-999,0.00,0,7.20,85,0.90
2026-09-19T22:30,,-999,0.00,0,7.20,87,0.00
2026-09-19T22:40,207,-999,0.00,0,7.00,85,1.00
2026-09-19T22:50,207,-999,0.00,0,7.00,84,1.10
2026-09-19T23:00,213,-999,0.00,0,7.10,84,0.70
2026-09-19T23:10,198,-999,0.00,0,6.90,85,0.50
2026-09-19T23:20,210,-999,0.00,0,6.90,85,1.00
2026-09-19T23:30,204,-999,0.00,0,7.10,86,0.80
2026-09-19T23:40,,-999,0.00,0,7.20,86,0.00
2026-09-19T23:50,204,-999,0.00,0,7.00,84,1.40
2026-09-20T00:00,215,-999,0.00,0,7.10,85,0.60
2026-09-20T00:10,212,-999,0.00,0,6.90,85,1.20
2026-09-20T00:20,296,-999,0.00,0,7.20,83,0.40
2026-09-20T00:30,,-999,0.00,0,7.40,85,0.00
2026-09-20T00:40,156,-999,0.00,0,7.10,86,0.40
2026-09-20T00:50,215,-999,0.00,0,7.40,83,0.80
2026-09-20T01:00,206,-999,0.00,0,7.50,83,1.00
2026-09-20T01:10,230,-999,0.00,0,7.50,75,1.00
2026-09-20T01:20,283,-999,0.00,0,7.10,82,0.60
2026-09-20T01:30,219,-999,0.00,0,7.10,77,0.90
2026-09-20T01:40,213,-999,0.00,0,7.30,74,1.00
2026-09-20T01:50,236,-999,0.00,0,7.30,77,0.60
2026-09-20T02:00,233,-999,0.00,0,7.00,75,0.80
2026-09-20T02:10,234,-999,0.00,0,7.10,73,1.00
2026-09-20T02:20,228,-999,0.00,0,7.50,70,1.00
2026-09-20T02:30,237,-999,0.00,0,7.40,68,0.80
2026-09-20T02:40,226,-999,0.00,0,7.50,67,1.20
2026-09-20T02:50,225,-999,0.00,0,7.50,67,1.90
2026-09-20T03:00,218,-999,0.00,0,7.80,65,1.70
2026-09-20T03:10,215,0,0.00,0,7.40,67,1.60
2026-09-20T03:20,227,-999,0.00,0,7.00,70,1.70
2026-09-20T03:30,228,-999,0.00,0,7.30,68,2.60
2026-09-20T03:40,214,-999,0.00,0,8.10,64,2.60
2026-09-20T03:50,216,-999,0.00,0,7.80,65,2.40
2026-09-20T04:00,222,-999,0.00,0,7.10,68,2.30
2026-09-20T04:10,228,0,0.00,0,7.50,66,2.90
2026-09-20T04:20,236,-999,0.00,0,7.40,67,3.20
2026-09-20T04:30,244,-999,0.00,0,7.30,67,3.40
2026-09-20T04:40,250,-999,0.00,0,7.80,64,4.20
2026-09-20T04:50,243,-999,0.00,0,7.50,66,3.70
2026-09-20T05:00,234,-999,0.00,0,7.10,67,3.20
2026-09-20T05:10,244,-999,0.00,0,7.60,65,3.40
2026-09-20T05:20,238,2,0.00,0,8.40,61,3.80
2026-09-20T05:30,239,0,0.00,0,7.70,64,3.70
2026-09-20T05:40,249,-999,0.00,0,8.10,62,4.40
2026-09-20T05:50,236,-999,0.00,0,8.20,60,3.50
2026-09-20T06:00,223,1,0.00,0,8.30,60,3.00
2026-09-20T06:10,242,-999,0.00,0,8.50,59,2.20
2026-09-20T06:20,247,2,0.00,0,7.70,63,2.20
2026-09-20T06:30,241,-999,0.00,0,8.40,59,2.90
2026-09-20T06:40,233,0,0.00,0,8.60,58,3.20
2026-09-20T06:50,223,0,0.00,0,8.50,59,3.20
2026-09-20T07:00,224,-999,0.00,0,8.40,60,2.80
2026-09-20T07:10,232,-999,0.00,0,8.20,61,2.80
2026-09-20T07:20,213,-999,0.00,9,8.40,61,2.60
2026-09-20T07:30,218,0,0.00,17,8.40,60,2.70
2026-09-20T07:40,241,-999,0.00,43,8.70,60,3.60
2026-09-20T07:50,255,-999,0.00,67,9.40,57,4.10
2026-09-20T08:00,250,-999,0.00,88,9.50,57,2.70
2026-09-20T08:10,250,-999,0.00,92,9.60,57,2.20
2026-09-20T08:20,231,0,0.00,122,9.90,56,1.60
2026-09-20T08:30,190,0,0.00,169,10.20,55,1.30
2026-09-20T08:40,298,-999,0.00,194,10.40,55,0.40
2026-09-20T08:50,324,3,0.00,222,9.90,58,1.10
2026-09-20T09:00,269,1,0.00,252,10.00,58,1.30
2026-09-20T09:10,269,2,0.00,284,10.60,56,3.30
2026-09-20T09:20,263,0,0.00,304,10.60,56,4.10
2026-09-20T09:30,254,2,0.00,364,10.50,55,4.70
2026-09-20T09:40,262,0,0.00,390,11.00,54,3.60
2026-09-20T09:50,250,2,0.00,389,11.10,53,3.30
2026-09-20T10:00,247,2,0.00,422,11.30,54,2.00
2026-09-20T10:10,325,2,0.00,455,11.40,55,2.50
2026-09-20T10:20,276,6,0.00,510,11.50,57,2.10
2026-09-20T10:30,273,5,0.00,523,11.60,57,2.20
2026-09-20T10:40,311,4,0.00,548,11.80,56,2.30
2026-09-20T10:50,288,4,0.00,569,11.90,56,1.50
2026-09-20T11:00,251,5,0.00,602,11.80,56,2.50
2026-09-20T11:10,259,5,0.00,624,12.10,56,2.20
2026-09-20T11:20,271,5,0.00,646,12.30,55,1.80
2026-09-20T11:30,210,2,0.00,665,12.80,53,1.20
2026-09-20T11:40,303,3,0.00,683,13.30,52,1.00
2026-09-20T11:50,343,4,0.00,706,13.00,53,2.00
2026-09-20T12:00,330,3,0.00,721,13.20,54,2.40
2026-09-20T12:10,329,6,0.00,737,13.10,52,2.50
2026-09-20T12:20,267,5,0.00,748,13.60,53,1.50
2026-09-20T12:30,286,6,0.00,753,13.90,52,1.00
2026-09-20T12:40,302,1,0.00,766,14.10,51,1.40
2026-09-20T12:50,353,5,0.00,776,14.20,50,1.70
2026-09-20T13:00,334,5,0.00,787,14.00,49,1.90
2026-09-20T13:10,355,5,0.00,791,14.30,51,1.70
2026-09-20T13:20,353,5,0.00,795,14.30,49,2.40
2026-09-20T13:30,341,4,0.00,786,14.30,50,1.10
2026-09-20T13:40,341,2,0.00,789,14.90,48,2.20
2026-09-20T13:50,340,4,0.00,715,14.70,48,1.90
2026-09-20T14:00,2,6,0.00,704,14.80,49,1.50
2026-09-20T14:10,340,3,0.00,697,15.00,46,1.80
2026-09-20T14:20,345,3,0.00,730,15.10,47,2.00
2026-09-20T14:30,5,2,0.00,654,15.30,47,1.20
2026-09-20T14:40,22,5,0.00,679,15.10,49,1.80
2026-09-20T14:50,3,3,0.00,743,15.20,46,1.70
2026-09-20T15:00,330,4,0.00,731,15.30,44,2.30
2026-09-20T15:10,335,3,0.00,733,15.60,45,1.40
2026-09-20T15:20,47,5,0.00,700,15.00,56,2.00
2026-09-20T15:30,51,5,0.00,580,14.90,59,2.10
2026-09-20T15:40,38,6,0.00,468,14.30,59,1.50
2026-09-20T15:50,25,5,0.00,631,14.90,59,1.00
2026-09-20T16:00,11,4,0.00,605,15.00,59,1.40
2026-09-20T16:10,14,3,0.00,568,15.00,59,0.90
2026-09-20T16:20,338,3,0.00,551,15.00,58,1.30
2026-09-20T16:30,334,3,0.00,488,14.50,65,1.50
2026-09-20T16:40,319,3,0.00,480,14.40,66,1.70
2026-09-20T16:50,344,4,0.00,436,13.90,67,1.10
2026-09-20T17:00,326,-999,0.00,443,14.20,65,1.30
2026-09-20T17:10,320,3,0.00,396,14.10,64,1.00
2026-09-20T17:20,317,2,0.00,300,14.20,62,1.20
2026-09-20T17:30,283,3,0.00,222,13.70,62,1.70
2026-09-20T17:40,249,2,0.00,168,14.10,49,2.30
2026-09-20T17:50,285,3,0.00,168,14.00,48,2.20
2026-09-20T18:00,302,1,0.00,117,14.00,43,3.40
2026-09-20T18:10,277,1,0.00,101,13.90,43,2.80
2026-09-20T18:20,265,-999,0.00,79,13.60,46,3.20
2026-09-20T18:30,267,2,0.00,59,13.40,46,3.10
2026-09-20T18:40,270,0,0.00,57,13.20,47,2.90
2026-09-20T18:50,268,1,0.00,48,13.00,45,3.10
2026-09-20T19:00,263,2,0.00,32,12.70,46,3.00
2026-09-20T19:10,272,1,0.00,19,12.60,44,2.90
2026-09-20T19:20,282,-999,0.00,7,12.60,43,3.50
2026-09-20T19:30,277,0,0.00,0,12.30,45,3.70
2026-09-20T19:40,286,1,0.00,0,12.20,46,3.70
2026-09-20T19:50,287,1,0.00,0,12.00,48,3.20
2026-09-20T20:00,287,0,0.00,0,11.70,51,3.20
2026-09-20T20:10,288,0,0.00,0,11.50,51,3.40
2026-09-20T20:20,284,-999,0.00,0,11.30,53,2.90
2026-09-20T20:30,289,-999,0.00,0,11.40,51,3.60
2026-09-20T20:40,293,1,0.00,0,11.10,52,3.50
2026-09-20T20:50,290,-999,0.00,0,11.20,50,4.10
2026-09-20T21:00,283,0,0.00,0,10.80,53,3.20
2026-09-20T21:10,273,-999,0.00,0,10.40,55,3.60
2026-09-20T21:20,286,0,0.00,0,10.60,54,3.90
2026-09-20T21:30,284,0,0.00,0,10.60,54,4.30
2026-09-20T21:40,291,-999,0.00,0,10.60,53,4.40
2026-09-20T21:50,285,-999,0.00,0,10.30,55,3.60
2026-09-20T22:00,293,1,0.00,0,10.20,55,3.50
2026-09-20T22:10,293,-999,0.00,0,10.00,56,3.90
2026-09-20T22:20,287,-999,0.00,0,9.90,57,3.80
2026-09-20T22:30,276,0,0.00,0,9.60,58,3.50
2026-09-20T22:40,283,2,0.00,0,9.40,59,3.40
2026-09-20T22:50,279,-999,0.00,0,9.30,59,3.60
2026-09-20T23:00,267,1,0.00,0,9.30,59,3.50
2026-09-20T23:10,249,-999,0.00,0,9.20,59,2.60
2026-09-20T23:20,263,-999,0.00,0,9.10,60,2.90
2026-09-20T23:30,273,1,0.00,0,8.80,61,2.30
2026-09-20T23:40,277,-999,0.00,0,9.00,60,3.00
2026-09-20T23:50,265,-999,0.00,0,8.90,61,3.30
2026-09-21T00:00,281,-999,0.00,0,8.60,61,2.60
2026-09-21T00:10,278,-999,0.00,0,9.00,60,3.40
2026-09-21T00:20,263,0,0.00,0,8.90,61,2.50
2026-09-21T00:30,274,-999,0.00,0,8.80,61,2.70
2026-09-21T00:40,267,-999,0.00,0,8.40,62,3.80
2026-09-21T00:50,271,-999,0.00,0,8.20,59,3.60
2026-09-21T01:00,277,1,0.00,0,8.20,56,3.40
2026-09-21T01:10,280,-999,0.00,0,8.40,51,3.60
2026-09-21T01:20,277,1,0.00,0,8.20,49,3.40
2026-09-21T01:30,270,1,0.00,0,7.90,50,2.90
2026-09-21T01:40,261,-999,0.00,0,7.80,51,3.80
2026-09-21T01:50,255,3,0.00,0,7.10,56,3.80
2026-09-21T02:00,257,-999,0.00,0,7.00,57,3.80
2026-09-21T02:10,252,1,0.00,0,6.70,58,3.50
2026-09-21T02:20,263,-999,0.00,0,7.10,57,3.70
2026-09-21T02:30,267,2,0.00,0,7.20,56,3.60
2026-09-21T02:40,263,-999,0.00,0,7.00,58,3.70
2026-09-21T02:50,270,1,0.00,0,7.00,58,3.90
2026-09-21T03:00,270,1,0.00,0,6.80,59,3.70
2026-09-21T03:10,257,-999,0.00,0,6.60,59,3.50
2026-09-21T03:20,280,-999,0.00,0,6.50,60,3.70
2026-09-21T03:30,271,0,0.00,0,6.70,59,3.50
2026-09-21T03:40,273,1,0.00,0,6.80,59,3.80
2026-09-21T03:50,265,0,0.00,0,6.70,60,3.60
2026-09-21T04:00,277,-999,0.00,0,6.20,63,3.70
2026-09-21T04:10,283,1,0.00,0,6.00,64,4.20
2026-09-21T04:20,292,-999,0.00,0,6.30,62,4.50
2026-09-21T04:30,276,1,0.00,0,5.70,64,3.60
2026-09-21T04:40,277,1,0.00,0,6.30,59,4.00
2026-09-21T04:50,289,-999,0.00,0,6.30,59,4.70
2026-09-21T05:00,273,-999,0.00,0,5.90,60,3.60
2026-09-21T05:10,285,3,0.00,0,6.00,59,4.70
2026-09-21T05:20,279,-999,0.00,0,6.20,57,4.10
2026-09-21T05:30,279,2,0.00,0,6.10,57,4.70
2026-09-21T05:40,274,-999,0.00,0,6.10,58,4.40
2026-09-21T05:50,281,-999,0.00,0,6.00,58,4.40
2026-09-21T06:00,276,0,0.00,0,5.70,59,4.20
2026-09-21T06:10,276,3,0.00,0,5.80,59,3.90
2026-09-21T06:20,274,-999,0.00,0,5.80,60,3.80
2026-09-21T06:30,267,0,0.00,0,5.70,61,4.90
2026-09-21T06:40,266,-999,0.00,0,5.60,62,4.60
2026-09-21T06:50,269,0,0.00,0,5.60,63,4.00
2026-09-21T07:00,265,1,0.00,0,5.60,63,3.80
2026-09-21T07:10,266,0,0.00,0,5.60,64,4.30
2026-09-21T07:20,259,-999,0.00,7,5.70,64,4.20
2026-09-21T07:30,264,-999,0.00,15,5.80,64,4.40
2026-09-21T07:40,259,-999,0.00,22,5.60,65,3.90
2026-09-21T07:50,267,-999,0.00,54,5.70,65,3.90
2026-09-21T08:00,259,-999,0.00,69,6.00,64,3.90
2026-09-21T08:10,262,-999,0.00,93,6.10,64,3.50
2026-09-21T08:20,267,-999,0.00,136,6.40,63,4.10
2026-09-21T08:30,261,-999,0.00,159,6.50,62,3.50
2026-09-21T08:40,278,-999,0.00,164,6.60,63,2.80
2026-09-21T08:50,266,-999,0.00,170,6.40,63,3.90
2026-09-21T09:00,256,1,0.00,194,6.50,62,4.20
2026-09-21T09:10,249,-999,0.00,213,6.60,62,3.50
2026-09-21T09:20,246,-999,0.00,207,6.60,62,3.80
2026-09-21T09:30,247,-999,0.00,205,6.70,62,4.60
2026-09-21T09:40,245,0,0.00,208,6.70,62,4.40
2026-09-21T09:50,245,0,0.00,237,6.70,62,4.40
2026-09-21T10:00,249,-999,0.00,287,6.80,61,3.80
2026-09-21T10:10,249,0,0.00,430,6.90,60,3.70
2026-09-21T10:20,249,1,0.00,386,7.10,59,3.60
2026-09-21T10:30,227,-999,0.00,347,7.20,58,2.60
2026-09-21T10:40,269,1,0.00,394,7.40,57,3.40
2026-09-21T10:50,252,0,0.00,414,7.60,56,3.30
2026-09-21T11:00,267,-999,0.00,469,7.80,56,2.60
2026-09-21T11:10,304,1,0.00,506,8.20,56,2.30
2026-09-21T11:20,277,2,0.00,594,8.30,54,3.60
2026-09-21T11:30,265,3,0.00,541,8.50,53,3.00
2026-09-21T11:40,268,2,0.00,564,8.70,51,3.50
2026-09-21T11:50,266,4,0.00,568,8.70,51,4.30
2026-09-21T12:00,277,2,0.00,664,9.20,50,3.60
2026-09-21T12:10,313,3,0.00,691,9.50,48,2.90
2026-09-21T12:20,323,3,0.00,565,9.30,48,3.60
2026-09-21T12:30,282,3,0.00,556,9.50,47,2.80
2026-09-21T12:40,294,4,0.00,539,9.60,48,3.40
2026-09-21T12:50,302,5,0.00,659,9.90,46,3.00
2026-09-21T13:00,309,3,0.00,602,10.00,46,3.00
2026-09-21T13:10,314,2,0.00,665,9.90,45,3.30
2026-09-21T13:20,315,3,0.00,596,10.20,44,2.90
2026-09-21T13:30,265,3,0.00,598,10.00,43,3.50
2026-09-21T13:40,268,2,0.00,746,10.60,43,2.90
2026-09-21T13:50,302,4,0.00,718,10.70,42,2.30
2026-09-21T14:00,318,5,0.00,772,10.80,41,2.80
2026-09-21T14:10,311,3,0.00,759,11.10,38,3.20
2026-09-21T14:20,286,4,0.00,706,10.90,39,4.10
2026-09-21T14:30,280,5,0.00,780,11.10,38,4.20
2026-09-21T14:40,294,1,0.00,730,11.20,38,4.20
2026-09-21T14:50,287,1,0.00,748,11.40,38,3.30
2026-09-21T15:00,297,4,0.00,711,11.50,38,3.00
2026-09-21T15:10,277,4,0.00,682,11.70,38,4.30
2026-09-21T15:20,299,4,0.00,651,11.50,38,3.50
2026-09-21T15:30,293,2,0.00,614,11.60,36,3.50
2026-09-21T15:40,303,3,0.00,606,11.70,34,3.10
2026-09-21T15:50,300,2,0.00,581,11.60,35,4.40
2026-09-21T16:00,298,0,0.00,604,11.60,35,3.50
2026-09-21T16:10,307,2,0.00,540,11.70,29,3.50
2026-09-21T16:20,295,3,0.00,487,11.30,28,4.40
2026-09-21T16:30,286,1,0.00,441,11.20,29,3.70
2026-09-21T16:40,294,1,0.00,399,11.10,29,4.50
2026-09-21T16:50,296,2,0.00,449,11.20,28,4.30
2026-09-21T17:00,294,0,0.00,430,11.00,29,4.30
2026-09-21T17:10,293,2,0.00,413,10.90,31,4.30
2026-09-21T17:20,291,1,0.00,351,10.90,32,3.80
2026-09-21T17:30,292,1,0.00,250,10.60,34,4.10
2026-09-21T17:40,288,0,0.00,232,10.40,35,4.30
2026-09-21T17:50,291,0,0.00,139,10.10,35,4.30
2026-09-21T18:00,291,-999,0.00,91,10.00,36,5.10
2026-09-21T18:10,290,-999,0.00,84,9.80,39,4.00
2026-09-21T18:20,293,-999,0.00,72,9.70,39,4.20
2026-09-21T18:30,279,0,0.00,54,9.70,37,3.60
2026-09-21T18:40,275,-999,0.00,38,9.50,36,4.40
2026-09-21T18:50,268,1,0.00,28,9.30,35,4.70
2026-09-21T19:00,272,2,0.00,19,9.20,33,4.40
2026-09-21T19:10,267,1,0.00,10,8.90,35,4.00
2026-09-21T19:20,271,0,0.00,0,8.80,36,4.60
2026-09-21T19:30,275,-999,0.00,0,8.60,35,4.50
2026-09-21T19:40,285,-999,0.00,0,8.40,34,4.40
2026-09-21T19:50,286,0,0.00,0,8.40,34,3.80
2026-09-21T20:00,280,-999,0.00,0,8.30,33,4.60
2026-09-21T20:10,273,-999,0.00,0,8.00,34,4.70
2026-09-21T20:20,276,-999,0.00,0,7.70,34,4.00
2026-09-21T20:30,261,1,0.00,0,7.50,34,4.20
2026-09-21T20:40,266,-999,0.00,0,7.40,35,4.10
2026-09-21T20:50,261,0,0.00,0,7.20,35,4.00
2026-09-21T21:00,256,-999,0.00,0,7.00,36,5.00
2026-09-21T21:10,245,0,0.00,0,6.90,35,4.00
2026-09-21T21:20,250,0,0.00,0,7.20,33,3.80
2026-09-21T21:30,249,-999,0.00,0,7.30,31,3.90
2026-09-21T21:40,235,0,0.00,0,7.10,32,3.70
2026-09-21T21:50,230,-999,0.00,0,7.20,30,4.50
2026-09-21T22:00,212,0,0.00,0,7.60,27,4.30
2026-09-21T22:10,245,-999,0.00,0,7.20,28,2.80
2026-09-21T22:20,237,5,0.00,0,7.20,27,4.00
2026-09-21T22:30,270,1,0.00,0,6.90,25,3.80
2026-09-21T22:40,262,3,0.00,0,6.70,27,2.70
2026-09-21T22:50,254,1,0.00,0,6.70,25,3.80
2026-09-21T23:00,239,-999,0.00,0,7.30,23,3.40
2026-09-21T23:10,249,1,0.00,0,6.80,24,3.40
2026-09-21T23:20,247,2,0.00,0,6.90,23,3.00
2026-09-21T23:30,228,-999,0.00,0,6.80,23,3.60
2026-09-21T23:40,241,1,0.00,0,6.90,22,3.70
2026-09-21T23:50,229,-999,0.00,0,7.00,21,4.30
2026-09-22T00:00,211,-999,0.00,0,7.10,20,3.30
2026-09-22T00:10,212,-999,0.00,0,7.00,19,5.10
2026-09-22T00:20,209,-999,0.00,0,7.00,19,5.00
2026-09-22T00:30,227,-999,0.00,0,6.60,20,3.70
2026-09-22T00:40,241,-999,0.00,0,6.20,21,3.30
2026-09-22T00:50,233,-999,0.00,0,6.10,21,3.80
2026-09-22T01:00,230,-999,0.00,0,6.30,19,4.10
2026-09-22T01:10,239,-999,0.00,0,6.30,19,4.30
2026-09-22T01:20,231,-999,0.00,0,6.50,17,3.40
2026-09-22T01:30,246,0,0.00,0,5.10,22,3.10
2026-09-22T01:40,230,-999,0.00,0,5.90,18,3.10
2026-09-22T01:50,214,-999,0.00,0,6.30,16,3.40
2026-09-22T02:00,244,-999,0.00,0,6.50,15,3.30
2026-09-22T02:10,218,-999,0.00,0,6.70,14,3.80
2026-09-22T02:20,263,-999,0.00,0,5.90,17,3.60
2026-09-22T02:30,243,0,0.00,0,6.40,14,3.60
2026-09-22T02:40,259,-999,0.00,0,5.90,16,2.60
2026-09-22T02:50,258,-999,0.00,0,5.80,16,3.80
2026-09-22T03:00,253,-999,0.00,0,5.90,15,2.80
2026-09-22T03:10,255,1,0.00,0,6.10,14,3.20
2026-09-22T03:20,270,-999,0.00,0,5.40,17,2.80
2026-09-22T03:30,263,0,0.00,0,5.70,15,3.50
2026-09-22T03:40,253,-999,0.00,0,5.60,15,3.00
2026-09-22T03:50,248,0,0.00,0,5.50,15,3.00
2026-09-22T04:00,246,0,0.00,0,5.90,14,3.70
2026-09-22T04:10,238,-999,0.00,0,5.90,13,3.30
2026-09-22T04:20,240,-999,0.00,0,5.80,13,2.60
2026-09-22T04:30,241,-999,0.00,0,5.70,14,3.40
2026-09-22T04:40,261,-999,0.00,0,5.50,13,3.70
2026-09-22T04:50,255,-999,0.00,0,5.80,12,3.80
2026-09-22T05:00,273,-999,0.00,0,5.70,13,3.60
2026-09-22T05:10,251,-999,0.00,0,5.70,13,3.50
2026-09-22T05:20,268,0,0.00,0,5.40,13,3.70
2026-09-22T05:30,269,-999,0.00,0,5.30,13,3.70
2026-09-22T05:40,246,-999,0.00,0,5.30,13,3.70
2026-09-22T05:50,261,-999,0.00,0,5.10,13,3.50
2026-09-22T06:00,264,0,0.00,0,5.50,11,3.40
2026-09-22T06:10,226,-999,0.00,0,5.70,11,4.00
2026-09-22T06:20,239,-999,0.00,0,5.00,12,4.50
2026-09-22T06:30,256,-999,0.00,0,5.30,11,3.30
2026-09-22T06:40,250,-999,0.00,0,5.40,10,3.50
2026-09-22T06:50,230,-999,0.00,0,5.20,11,4.00
2026-09-22T07:00,247,-999,0.00,0,5.20,11,3.20
2026-09-22T07:10,243,-999,0.00,0,5.30,10,3.00
2026-09-22T07:20,233,-999,0.00,5,5.20,11,4.20
2026-09-22T07:30,256,-999,0.00,12,5.40,10,2.90
2026-09-22T07:40,260,-999,0.00,36,5.70,9,3.30
2026-09-22T07:50,265,-999,0.00,58,6.00,9,3.50
2026-09-22T08:00,243,-999,0.00,73,5.90,10,2.80
2026-09-22T08:10,248,-999,0.00,102,5.80,10,2.50
2026-09-22T08:20,248,-999,0.00,133,6.10,10,2.40
2026-09-22T08:30,268,-999,0.00,163,6.30,9,3.00
2026-09-22T08:40,258,-999,0.00,194,6.50,10,3.20
2026-09-22T08:50,270,-999,0.00,224,6.70,11,2.10
2026-09-22T09:00,253,-999,0.00,258,6.70,10,3.50
2026-09-22T09:10,299,3,0.00,291,6.80,10,2.20
2026-09-22T09:20,275,-999,0.00,324,7.10,10,2.00
2026-09-22T09:30,292,1,0.00,358,7.20,10,2.60
2026-09-22T09:40,291,-999,0.00,389,7.20,10,3.00
2026-09-22T09:50,303,-999,0.00,419,7.40,11,3.10
2026-09-22T10:00,302,0,0.00,449,7.50,11,3.10
2026-09-22T10:10,310,1,0.00,480,7.60,12,3.40
2026-09-22T10:20,315,0,0.00,509,7.70,12,3.70
2026-09-22T10:30,307,-999,0.00,535,7.70,12,3.20
2026-09-22T10:40,309,0,0.00,560,7.80,12,3.50
2026-09-22T10:50,305,0,0.00,584,7.90,13,3.40
2026-09-22T11:00,313,2,0.00,606,8.00,13,3.00
2026-09-22T11:10,321,3,0.00,627,8.00,14,2.60
2026-09-22T11:20,324,2,0.00,649,8.10,15,3.10
2026-09-22T11:30,336,3,0.00,669,8.20,16,3.20
2026-09-22T11:40,314,5,0.00,687,8.30,17,3.70
2026-09-22T11:50,312,2,0.00,705,8.30,18,4.00
2026-09-22T12:00,307,2,0.00,722,8.30,19,4.60
2026-09-22T12:10,316,1,0.00,737,8.50,19,4.50
2026-09-22T12:20,309,2,0.00,750,8.70,20,3.80
2026-09-22T12:30,322,2,0.00,762,8.70,21,4.20
2026-09-22T12:40,313,3,0.00,772,8.80,21,3.20
2026-09-22T12:50,320,4,0.00,781,8.90,21,3.80
2026-09-22T13:00,322,4,0.00,788,8.90,22,4.10
2026-09-22T13:10,316,5,0.00,793,9.20,22,3.60
2026-09-22T13:20,319,3,0.00,797,9.30,22,3.10
2026-09-22T13:30,319,2,0.00,800,9.30,21,4.20
2026-09-22T13:40,317,0,0.00,801,9.40,21,3.60
2026-09-22T13:50,308,2,0.00,800,9.50,22,3.80
2026-09-22T14:00,314,2,0.00,797,9.70,22,3.80
2026-09-22T14:10,321,1,0.00,793,9.70,22,4.00
2026-09-22T14:20,310,2,0.00,786,9.80,22,4.10
2026-09-22T14:30,308,1,0.00,778,9.70,22,4.30
2026-09-22T14:40,302,1,0.00,766,10.00,23,3.30
2026-09-22T14:50,308,2,0.00,753,9.90,23,3.60
2026-09-22T15:00,297,3,0.00,740,10.00,23,3.60
2026-09-22T15:10,298,3,0.00,725,10.00,23,4.30
2026-09-22T15:20,291,0,0.00,707,10.10,22,3.10
2026-09-22T15:30,304,2,0.00,689,10.20,22,4.20
2026-09-22T15:40,298,4,0.00,670,10.10,22,4.30
2026-09-22T15:50,290,0,0.00,650,10.20,22,4.60
2026-09-22T16:00,299,0,0.00,628,10.20,21,5.90
2026-09-22T16:10,291,2,0.00,604,10.20,21,4.80
2026-09-22T16:20,295,-999,0.00,578,10.20,22,3.90
2026-09-22T16:30,296,-999,0.00,552,10.30,21,5.10
2026-09-22T16:40,297,-999,0.00,525,10.10,22,5.10
2026-09-22T16:50,300,-999,0.00,496,10.10,22,4.50
2026-09-22T17:00,303,-999,0.00,467,10.00,22,4.40
2026-09-22T17:10,289,-999,0.00,436,10.10,23,4.10
2026-09-22T17:20,303,-999,0.00,405,10.00,23,3.70
2026-09-22T17:30,296,-999,0.00,372,9.90,23,4.60
2026-09-22T17:40,299,-999,0.00,336,9.60,23,5.30
2026-09-22T17:50,294,-999,0.00,53,9.20,25,4.50
2026-09-22T18:00,284,-999,0.00,27,9.10,25,3.70
2026-09-22T18:10,289,0,0.00,25,9.00,26,3.20
2026-09-22T18:20,277,-999,0.00,23,8.90,26,3.70
2026-09-22T18:30,270,-999,0.00,20,8.90,26,4.80
2026-09-22T18:40,260,-999,0.00,18,8.70,26,3.80
2026-09-22T18:50,256,-999,0.00,14,8.70,25,4.00
2026-09-22T19:00,265,-999,0.00,11,8.50,26,4.20
2026-09-22T19:10,254,-999,0.00,7,8.10,26,3.70
2026-09-22T19:20,250,-999,0.00,0,7.90,26,4.30
2026-09-22T19:30,250,-999,0.00,0,7.60,27,4.50
2026-09-22T19:40,250,-999,0.00,0,7.40,27,3.60
2026-09-22T19:50,259,-999,0.00,0,7.50,26,3.70
2026-09-22T20:00,253,-999,0.00,0,7.30,26,4.30
2026-09-22T20:10,250,-999,0.00,0,7.00,27,4.00
2026-09-22T20:20,261,-999,0.00,0,6.80,28,4.70
2026-09-22T20:30,255,-999,0.00,0,6.70,28,3.80
2026-09-22T20:40,256,-999,0.00,0,6.30,29,3.40
2026-09-22T20:50,257,-999,0.00,0,6.30,29,4.30
2026-09-22T21:00,257,-999,0.00,0,6.20,29,4.70
2026-09-22T21:10,254,-999,0.00,0,6.20,29,4.90
2026-09-22T21:20,251,-999,0.00,0,6.40,28,5.40
2026-09-22T21:30,254,-999,0.00,0,6.30,28,5.20
2026-09-22T21:40,241,-999,0.00,0,6.60,27,5.80
2026-09-22T21:50,247,-999,0.00,0,6.60,27,4.50
2026-09-22T22:00,247,-999,0.00,0,6.50,27,3.40
2026-09-22T22:10,240,-999,0.00,0,6.30,27,4.50
2026-09-22T22:20,226,-999,0.00,0,6.50,26,4.10
2026-09-22T22:30,255,-999,0.00,0,6.50,25,3.80
2026-09-22T22:40,254,-999,0.00,0,6.40,24,4.60
2026-09-22T22:50,261,-999,0.00,0,5.80,26,3.80
2026-09-22T23:00,264,-999,0.00,0,5.90,25,3.80
2026-09-22T23:10,251,1,0.00,0,5.30,26,3.50
2026-09-22T23:20,267,-999,0.00,0,5.40,25,4.00
2026-09-22T23:30,267,0,0.00,0,4.80,27,3.40
2026-09-22T23:40,242,-999,0.00,0,4.20,28,2.70
2026-09-22T23:50,255,-999,0.00,0,4.50,27,3.20
2026-09-23T00:00,267,-999,0.00,0,4.60,26,3.40
2026-09-23T00:10,270,-999,0.00,0,4.90,24,4.00
2026-09-23T00:20,269,-999,0.00,0,4.80,24,4.10
2026-09-23T00:30,266,-999,0.00,0,5.00,23,4.00
2026-09-23T00:40,260,-999,0.00,0,4.70,24,3.70
2026-09-23T00:50,255,-999,0.00,0,4.70,23,3.20
2026-09-23T01:00,237,-999,0.00,0,4.70,23,3.10
2026-09-23T01:10,242,-999,0.00,0,5.20,21,2.90
2026-09-23T01:20,230,-999,0.00,0,5.30,20,2.10
2026-09-23T01:30,251,-999,0.00,0,5.50,19,1.60
2026-09-23T01:40,269,-999,0.00,0,5.20,19,1.80
2026-09-23T01:50,269,-999,0.00,0,5.00,20,2.40
2026-09-23T02:00,256,-999,0.00,0,4.70,21,2.90
2026-09-23T02:10,264,-999,0.00,0,4.50,21,2.70
2026-09-23T02:20,254,-999,0.00,0,4.40,21,2.90
2026-09-23T02:30,242,-999,0.00,0,3.70,24,1.80
2026-09-23T02:40,244,-999,0.00,0,3.60,24,1.30
2026-09-23T02:50,245,-999,0.00,0,4.00,22,1.20
2026-09-23T03:00,177,-999,0.00,0,3.90,22,0.60
2026-09-23T03:10,184,-999,0.00,0,4.50,20,0.60
2026-09-23T03:20,208,-999,0.00,0,4.30,21,0.80
2026-09-23T03:30,208,-999,0.00,0,3.70,24,1.20
2026-09-23T03:40,201,-999,0.00,0,3.90,24,1.60
2026-09-23T03:50,209,-999,0.00,0,3.70,25,1.80
2026-09-23T04:00,212,-999,0.00,0,3.50,25,1.30
2026-09-23T04:10,223,-999,0.00,0,3.50,26,1.10
2026-09-23T04:20,220,-999,0.00,0,3.00,28,1.70
2026-09-23T04:30,218,-999,0.00,0,3.30,27,1.20
2026-09-23T04:40,212,1,0.00,0,3.00,28,0.90
2026-09-23T04:50,211,-999,0.00,0,3.20,29,0.70
2026-09-23T05:00,230,-999,0.00,0,3.00,30,0.50
2026-09-23T05:10,189,2,0.00,0,2.90,30,0.30
2026-09-23T05:20,260,0,0.00,0,3.20,30,0.40
2026-09-23T05:30,,-999,0.00,0,3.00,31,0.00
2026-09-23T05:40,232,0,0.00,0,2.80,32,0.50
2026-09-23T05:50,220,-999,0.00,0,2.50,33,0.50
2026-09-23T06:00,299,-999,0.00,0,2.60,33,0.30
2026-09-23T06:10,,-999,0.00,0,2.10,34,0.00
2026-09-23T06:20,204,-999,0.00,0,2.10,35,0.60
2026-09-23T06:30,195,-999,0.00,0,2.50,35,0.80
2026-09-23T06:40,211,0,0.00,0,2.80,35,0.70
2026-09-23T06:50,208,-999,0.00,0,2.70,41,1.00
2026-09-23T07:00,,-999,0.00,0,2.60,49,0.00
2026-09-23T07:10,211,-999,0.00,0,2.60,51,0.50
2026-09-23T07:20,208,-999,0.00,5,2.60,54,0.80
2026-09-23T07:30,207,-999,0.00,11,2.80,52,0.70
2026-09-23T07:40,,-999,0.00,34,2.90,53,0.00
2026-09-23T07:50,212,-999,0.00,54,3.10,54,0.40
2026-09-23T08:00,,-999,0.00,62,3.50,54,0.00
2026-09-23T08:10,,-999,0.00,100,4.00,49,0.00
2026-09-23T08:20,320,-999,0.00,128,3.80,50,0.80
2026-09-23T08:30,,0,0.00,158,3.90,53,0.00
2026-09-23T08:40,,-999,0.00,188,4.70,45,0.00
2026-09-23T08:50,308,-999,0.00,219,4.70,43,0.40
2026-09-23T09:00,8,-999,0.00,252,5.10,35,0.40
2026-09-23T09:10,276,-999,0.00,287,5.50,40,0.40
2026-09-23T09:20,,-999,0.00,320,5.70,40,0.00
2026-09-23T09:30,41,-999,0.00,353,6.40,49,1.10
2026-09-23T09:40,351,-1,0.00,385,6.20,58,0.50
2026-09-23T09:50,1,-1,0.00,415,6.50,54,0.50
2026-09-23T10:00,39,2,0.00,445,7.00,59,1.00
2026-09-23T10:10,32,3,0.00,473,7.20,57,0.70
2026-09-23T10:20,54,1,0.00,503,7.30,59,1.30
2026-09-23T10:30,57,2,0.00,530,7.50,59,1.30
2026-09-23T10:40,72,-999,0.00,557,7.20,61,1.50
2026-09-23T10:50,65,2,0.00,581,7.60,62,1.50
2026-09-23T11:00,70,3,0.00,605,7.70,63,1.50
2026-09-23T11:10,61,4,0.00,626,7.80,63,1.20
2026-09-23T11:20,53,1,0.00,647,8.00,64,1.60
2026-09-23T11:30,59,3,0.00,668,8.30,64,1.60
2026-09-23T11:40,72,3,0.00,687,8.40,64,1.50
2026-09-23T11:50,71,1,0.00,704,8.40,66,1.50
2026-09-23T12:00,80,1,0.00,721,8.60,65,1.50
2026-09-23T12:10,68,3,0.00,734,9.10,64,1.10
2026-09-23T12:20,66,4,0.00,746,9.50,63,1.40
2026-09-23T12:30,63,4,0.00,759,9.20,62,1.10
2026-09-23T12:40,299,2,0.00,770,10.20,50,1.60
2026-09-23T12:50,334,4,0.00,779,10.60,51,0.90
2026-09-23T13:00,,3,0.00,784,10.30,56,0.00
2026-09-23T13:10,325,-999,0.00,791,10.60,51,0.50
2026-09-23T13:20,305,3,0.00,793,10.60,49,1.20
2026-09-23T13:30,24,-999,0.00,794,10.90,57,1.10
2026-09-23T13:40,258,1,0.00,795,11.00,47,1.00
2026-09-23T13:50,15,2,0.00,795,11.00,57,0.60
2026-09-23T14:00,76,3,0.00,789,11.00,59,0.70
2026-09-23T14:10,48,3,0.00,784,10.50,61,0.80
2026-09-23T14:20,19,2,0.00,777,11.10,55,0.80
2026-09-23T14:30,65,1,0.00,767,10.20,63,1.30
2026-09-23T14:40,347,0,0.00,754,10.70,62,0.90
2026-09-23T14:50,22,0,0.00,740,10.90,64,1.50
2026-09-23T15:00,25,2,0.00,726,10.60,62,0.90
2026-09-23T15:10,57,5,0.00,708,10.80,62,0.50
2026-09-23T15:20,39,3,0.00,692,11.10,61,1.10
2026-09-23T15:30,344,3,0.00,673,11.50,56,0.40
2026-09-23T15:40,4,3,0.00,654,11.30,57,1.50
2026-09-23T15:50,18,1,0.00,633,11.00,62,1.30
2026-09-23T16:00,298,2,0.00,612,11.70,45,2.70
2026-09-23T16:10,310,1,0.00,589,12.20,41,2.70
2026-09-23T16:20,307,3,0.00,564,12.00,39,3.30
2026-09-23T16:30,307,0,0.00,537,12.40,38,3.00
2026-09-23T16:40,309,0,0.00,510,12.40,39,3.40
2026-09-23T16:50,312,1,0.00,482,12.00,40,3.40
2026-09-23T17:00,310,-999,0.00,453,12.30,39,3.20
2026-09-23T17:10,301,0,0.00,423,12.00,39,4.00
2026-09-23T17:20,299,0,0.00,392,12.10,39,2.90
2026-09-23T17:30,302,3,0.00,359,11.70,40,3.90
2026-09-23T17:40,299,-999,0.00,273,11.20,41,2.60
2026-09-23T17:50,271,-999,0.00,29,11.10,41,2.60
2026-09-23T18:00,291,-999,0.00,27,10.90,41,3.00
2026-09-23T18:10,283,-999,0.00,25,10.70,42,2.00
2026-09-23T18:20,281,-999,0.00,26,10.50,42,2.20
2026-09-23T18:30,272,0,0.00,28,10.40,43,2.60
2026-09-23T18:40,275,-999,0.00,27,10.30,43,3.00
2026-09-23T18:50,263,-999,0.00,28,10.10,44,3.20
2026-09-23T19:00,272,-999,0.00,24,10.00,44,3.20
2026-09-23T19:10,265,-999,0.00,14,9.80,44,3.60
2026-09-23T19:20,264,-999,0.00,6,9.70,44,4.00
2026-09-23T19:30,255,-999,0.00,0,9.10,45,3.60
2026-09-23T19:40,262,-999,0.00,0,8.70,46,3.90
2026-09-23T19:50,257,-999,0.00,0,8.70,45,4.00
2026-09-23T20:00,263,-999,0.00,0,8.20,46,3.00
2026-09-23T20:10,261,-999,0.00,0,8.00,44,2.70
2026-09-23T20:20,268,-999,0.00,0,8.30,41,2.90
2026-09-23T20:30,268,-999,0.00,0,8.30,40,3.00
2026-09-23T20:40,273,-999,0.00,0,8.60,37,3.60
2026-09-23T20:50,261,-999,0.00,0,7.80,40,3.70
2026-09-23T21:00,256,-999,0.00,0,7.80,40,3.40
2026-09-23T21:10,253,-999,0.00,0,7.60,41,2.50
2026-09-23T21:20,231,-999,0.00,0,7.50,42,2.00
2026-09-23T21:30,261,-999,0.00,0,7.80,40,2.50
2026-09-23T21:40,259,-999,0.00,0,8.10,40,2.60
2026-09-23T21:50,225,-999,0.00,0,7.80,40,2.10
2026-09-23T22:00,244,-999,0.00,0,7.40,42,2.50
2026-09-23T22:10,250,-999,0.00,0,7.60,41,2.60
2026-09-23T22:20,223,-999,0.00,0,8.00,40,2.90
2026-09-23T22:30,235,-999,0.00,0,7.70,43,2.30
2026-09-23T22:40,248,-999,0.00,0,8.20,42,3.00
2026-09-23T22:50,242,-999,0.00,0,8.00,45,2.80
2026-09-23T23:00,245,-999,0.00,0,8.10,47,3.60
2026-09-23T23:10,257,-999,0.00,0,7.90,48,2.80
2026-09-23T23:20,258,-999,0.00,0,7.80,51,3.20
2026-09-23T23:30,252,-999,0.00,0,7.70,53,3.10
2026-09-23T23:40,244,-999,0.00,0,7.70,53,3.70
2026-09-23T23:50,254,-999,0.00,0,7.70,55,3.50
2026-09-24T00:00,229,1,0.00,0,7.30,56,2.90
2026-09-24T00:10,265,-999,0.00,0,7.50,55,2.90
2026-09-24T00:20,276,-999,0.00,0,7.60,55,3.50
2026-09-24T00:30,272,-999,0.00,0,7.20,57,3.10
2026-09-24T00:40,267,-4,0.00,0,7.00,58,3.60
2026-09-24T00:50,263,-999,0.00,0,6.70,59,3.60
2026-09-24T01:00,259,-999,0.00,0,6.40,60,3.10
2026-09-24T01:10,261,-999,0.00,0,6.10,61,3.40
2026-09-24T01:20,270,1,0.00,0,6.40,59,3.20
2026-09-24T01:30,231,-999,0.00,0,5.60,62,2.50
2026-09-24T01:40,255,-999,0.00,0,5.30,63,3.00
2026-09-24T01:50,276,-999,0.00,0,6.00,59,2.90
2026-09-24T02:00,283,-999,0.00,0,6.20,58,3.50
2026-09-24T02:10,287,-999,0.00,0,6.50,57,4.60
2026-09-24T02:20,281,-999,0.00,0,6.30,57,4.40
2026-09-24T02:30,266,-999,0.00,0,6.10,57,4.40
2026-09-24T02:40,251,-999,0.00,0,5.50,60,3.80
2026-09-24T02:50,262,4,0.00,0,5.30,61,3.20
2026-09-24T03:00,266,-999,0.00,0,5.40,60,3.60
2026-09-24T03:10,271,-999,0.00,0,5.80,58,3.90
2026-09-24T03:20,276,-999,0.00,0,5.80,59,3.80
2026-09-24T03:30,251,-999,0.00,0,5.50,60,3.70
2026-09-24T03:40,251,-999,0.00,0,5.30,60,3.50
2026-09-24T03:50,244,-999,0.00,0,5.90,58,3.50
2026-09-24T04:00,275,-999,0.00,0,5.90,58,3.80
2026-09-24T04:10,254,-999,0.00,0,6.50,56,3.80
2026-09-24T04:20,256,-999,0.00,0,6.00,58,3.00
2026-09-24T04:30,246,-999,0.00,0,5.90,59,2.80
2026-09-24T04:40,260,0,0.00,0,5.70,59,2.50
2026-09-24T04:50,245,-999,0.00,0,5.90,58,2.90
2026-09-24T05:00,238,-999,0.00,0,5.40,60,2.50
2026-09-24T05:10,238,-999,0.00,0,6.00,58,3.30
2026-09-24T05:20,244,-999,0.00,0,6.30,57,3.20
2026-09-24T05:30,238,-999,0.00,0,7.10,55,3.90
2026-09-24T05:40,243,0,0.00,0,6.90,55,2.50
2026-09-24T05:50,253,-999,0.00,0,7.10,55,3.90
2026-09-24T06:00,224,-999,0.00,0,7.30,55,3.30
2026-09-24T06:10,252,-999,0.00,0,6.50,58,3.70
2026-09-24T06:20,270,-999,0.00,0,6.50,58,2.60
2026-09-24T06:30,260,-999,0.00,0,6.70,58,3.00
2026-09-24T06:40,247,-999,0.00,0,6.70,58,2.90
2026-09-24T06:50,251,-999,0.00,0,6.40,58,3.30
2026-09-24T07:00,257,-999,0.00,0,6.30,59,2.90
2026-09-24T07:10,224,-999,0.00,0,5.90,60,2.40
2026-09-24T07:20,237,-999,0.00,0,6.20,59,2.00
2026-09-24T07:30,252,-999,0.00,11,6.10,59,0.90
2026-09-24T07:40,277,-999,0.00,23,6.50,59,2.30
2026-09-24T07:50,286,-999,0.00,55,6.60,59,3.50
2026-09-24T08:00,273,-999,0.00,55,7.00,58,4.40
2026-09-24T08:10,257,-999,0.00,92,7.30,56,3.90
2026-09-24T08:20,244,-999,0.00,89,7.60,54,4.20
2026-09-24T08:30,274,-999,0.00,122,7.60,55,3.50
2026-09-24T08:40,264,-999,0.00,153,7.80,55,3.60
2026-09-24T08:50,287,-999,0.00,168,8.00,55,3.10
2026-09-24T09:00,261,-999,0.00,206,8.00,55,2.40
2026-09-24T09:10,325,-999,0.00,211,8.00,54,2.10
2026-09-24T09:20,321,-999,0.00,233,7.90,55,2.00
2026-09-24T09:30,324,-999,0.00,332,8.10,55,1.50
2026-09-24T09:40,349,-999,0.00,335,8.30,55,1.40
2026-09-24T09:50,339,-999,0.00,364,8.40,54,1.90
2026-09-24T10:00,332,-999,0.00,422,8.40,54,2.30
2026-09-24T10:10,339,-999,0.00,463,8.60,53,2.40
2026-09-24T10:20,341,-999,0.00,420,8.70,50,2.10
2026-09-24T10:30,310,-999,0.00,481,9.00,49,1.90
2026-09-24T10:40,311,-999,0.00,511,9.10,48,2.30
2026-09-24T10:50,329,-999,0.00,487,9.10,47,2.30
2026-09-24T11:00,325,-999,0.00,460,9.30,46,2.40
2026-09-24T11:10,312,-999,0.00,483,9.50,46,2.20
2026-09-24T11:20,327,-999,0.00,489,9.40,46,3.10
2026-09-24T11:30,314,1,0.00,541,9.50,45,3.40
2026-09-24T11:40,310,1,0.00,605,9.80,45,3.00
2026-09-24T11:50,306,-999,0.00,643,10.00,43,2.80
2026-09-24T12:00,274,4,0.00,618,10.30,41,3.50
2026-09-24T12:10,271,1,0.00,632,10.40,40,4.20
2026-09-24T12:20,307,-999,0.00,632,10.50,40,4.30
2026-09-24T12:30,275,-999,0.00,618,10.70,39,4.40
2026-09-24T12:40,307,4,0.00,617,10.70,39,4.10
2026-09-24T12:50,285,0,0.00,643,10.70,38,4.30
2026-09-24T13:00,255,2,0.00,713,10.80,37,5.60
2026-09-24T13:10,263,1,0.00,697,10.90,37,5.80
2026-09-24T13:20,261,2,0.00,715,11.00,36,5.90
2026-09-24T13:30,270,0,0.00,701,11.10,35,7.10
2026-09-24T13:40,269,1,0.00,740,11.20,36,6.10
2026-09-24T13:50,278,-999,0.00,741,11.50,35,5.80
2026-09-24T14:00,271,0,0.00,710,11.50,35,7.00
2026-09-24T14:10,295,2,0.00,721,11.40,34,6.20
2026-09-24T14:20,289,0,0.00,741,11.40,34,6.60
2026-09-24T14:30,288,-999,0.00,750,11.60,34,6.30
2026-09-24T14:40,295,0,0.00,737,11.60,33,6.10
2026-09-24T14:50,287,-999,0.00,703,11.60,34,6.00
2026-09-24T15:00,266,1,0.00,731,11.70,34,6.00
2026-09-24T15:10,270,-999,0.00,694,11.80,33,6.20
2026-09-24T15:20,286,2,0.00,637,11.50,33,6.00
2026-09-24T15:30,286,-999,0.00,683,11.40,33,5.70
2026-09-24T15:40,276,-999,0.00,561,11.50,33,6.30
2026-09-24T15:50,265,-999,0.00,587,11.30,33,6.10
2026-09-24T16:00,267,-999,0.00,446,11.30,32,6.40
2026-09-24T16:10,263,1,0.00,457,11.20,33,7.30
2026-09-24T16:20,280,-999,0.00,506,11.00,31,8.00
2026-09-24T16:30,263,0,0.00,225,10.70,32,8.30
2026-09-24T16:40,276,-999,0.00,244,10.50,32,7.30
2026-09-24T16:50,284,0,0.00,323,10.50,32,6.70
2026-09-24T17:00,274,2,0.00,341,10.50,32,6.80
2026-09-24T17:10,279,-999,0.00,395,10.50,31,6.50
2026-09-24T17:20,274,-999,0.00,205,10.30,29,6.40
2026-09-24T17:30,276,-999,0.00,252,10.20,29,8.00
2026-09-24T17:40,264,-999,0.00,157,10.10,28,6.70
2026-09-24T17:50,280,0,0.00,121,9.90,27,6.90
2026-09-24T18:00,290,0,0.00,130,9.80,26,7.60
2026-09-24T18:10,289,-999,0.00,117,9.60,25,8.20
2026-09-24T18:20,283,-999,0.00,110,9.40,25,5.60
2026-09-24T18:30,262,-999,0.00,87,9.10,25,5.90
2026-09-24T18:40,276,-999,0.00,83,9.00,25,6.10
2026-09-24T18:50,294,-999,0.00,53,8.90,26,4.30
2026-09-24T19:00,280,-999,0.00,21,8.60,26,6.10
2026-09-24T19:10,258,-999,0.00,9,8.70,24,6.50
2026-09-24T19:20,276,-999,0.00,0,8.40,26,5.40
2026-09-24T19:30,289,-999,0.00,0,8.20,28,6.60
2026-09-24T19:40,289,-999,0.00,0,8.00,29,6.90
2026-09-24T19:50,279,-999,0.00,0,7.70,31,6.60
2026-09-24T20:00,292,-999,0.00,0,7.40,33,8.80
2026-09-24T20:10,267,-999,0.00,0,7.00,37,10.00
2026-09-24T20:20,271,-999,0.00,0,6.50,40,8.20
2026-09-24T20:30,264,-999,0.00,0,6.30,42,9.20
2026-09-24T20:40,279,-999,0.00,0,6.40,42,5.60
2026-09-24T20:50,271,-999,0.00,0,6.40,42,5.80
2026-09-24T21:00,275,-999,0.00,0,6.40,41,4.70
2026-09-24T21:10,267,-999,0.00,0,6.10,42,4.90
2026-09-24T21:20,272,-999,0.00,0,6.00,43,4.50
2026-09-24T21:30,278,-999,0.00,0,5.90,43,4.30
2026-09-24T21:40,287,-999,0.00,0,5.50,45,3.80
2026-09-24T21:50,280,-999,0.00,0,5.50,46,3.80
2026-09-24T22:00,283,-999,0.00,0,5.50,46,3.90
2026-09-24T22:10,278,-999,0.00,0,5.50,47,4.00
2026-09-24T22:20,289,-999,0.00,0,5.60,48,4.70
2026-09-24T22:30,286,-999,0.00,0,5.70,49,5.20
2026-09-24T22:40,287,0,0.00,0,5.40,50,4.90
2026-09-24T22:50,280,-999,0.00,0,5.30,52,5.30
2026-09-24T23:00,277,-999,0.00,0,5.00,54,4.40
2026-09-24T23:10,274,-999,0.00,0,4.50,56,4.70
2026-09-24T23:20,275,-999,0.00,0,4.20,57,4.50
2026-09-24T23:30,270,-999,0.00,0,4.20,57,4.70
2026-09-24T23:40,276,-999,0.00,0,4.10,57,4.50
2026-09-24T23:50,279,-999,0.00,0,4.20,56,3.80
2026-09-25T00:00,270,-999,0.00,0,4.30,56,4.00
2026-09-25T00:10,259,-999,0.00,0,4.00,57,3.30
2026-09-25T00:20,241,-999,0.00,0,4.20,55,3.60
2026-09-25T00:30,215,-999,0.00,0,4.50,53,3.50
2026-09-25T00:40,218,-999,0.00,0,4.50,51,3.20
2026-09-25T00:50,227,-999,0.00,0,4.70,49,3.90
2026-09-25T01:00,240,-999,0.00,0,4.80,47,3.60
2026-09-25T01:10,225,-999,0.00,0,5.00,44,3.60
2026-09-25T01:20,246,-999,0.00,0,4.90,42,3.50
2026-09-25T01:30,262,-999,0.00,0,4.90,40,4.00
2026-09-25T01:40,277,-999,0.00,0,5.00,39,4.00
2026-09-25T01:50,275,-999,0.00,0,4.70,41,4.30
2026-09-25T02:00,258,-999,0.00,0,4.80,40,4.10
2026-09-25T02:10,273,-999,0.00,0,4.40,42,4.20
2026-09-25T02:20,271,-999,0.00,0,4.40,41,4.20
2026-09-25T02:30,266,-999,0.00,0,4.20,40,3.90
2026-09-25T02:40,251,-999,0.00,0,3.90,41,3.50
2026-09-25T02:50,263,-999,0.00,0,4.00,40,4.30
2026-09-25T03:00,250,-999,0.00,0,3.60,41,3.90
2026-09-25T03:10,245,-999,0.00,0,3.90,39,3.90
2026-09-25T03:20,242,-999,0.00,0,4.00,37,3.70
2026-09-25T03:30,232,-999,0.00,0,3.90,38,3.80
2026-09-25T03:40,231,-999,0.00,0,3.90,37,3.90
2026-09-25T03:50,236,-999,0.00,0,4.20,35,4.20
2026-09-25T04:00,228,-999,0.00,0,5.40,31,4.20
2026-09-25T04:10,235,-999,0.00,0,5.10,32,4.30
2026-09-25T04:20,243,-999,0.00,0,5.30,31,4.50
2026-09-25T04:30,254,-999,0.00,0,5.00,32,4.10
2026-09-25T04:40,256,-999,0.00,0,4.80,33,4.70
2026-09-25T04:50,263,-999,0.00,0,4.20,35,5.00
2026-09-25T05:00,268,0,0.00,0,4.40,34,4.80
2026-09-25T05:10,265,-999,0.00,0,4.70,33,5.10
2026-09-25T05:20,253,-999,0.00,0,4.40,33,4.70
2026-09-25T05:30,261,-999,0.00,0,4.80,32,3.70
2026-09-25T05:40,259,0,0.00,0,4.30,34,3.60
2026-09-25T05:50,250,2,0.00,0,3.60,35,3.40
2026-09-25T06:00,238,-999,0.00,0,4.10,34,2.90
2026-09-25T06:10,253,0,0.00,0,4.10,34,3.50
2026-09-25T06:20,248,-999,0.00,0,3.70,36,3.30
2026-09-25T06:30,254,0,0.00,0,3.50,37,3.60
2026-09-25T06:40,251,-999,0.00,0,3.80,36,3.50
2026-09-25T06:50,243,-999,0.00,0,3.80,36,2.90
2026-09-25T07:00,239,1,0.00,0,4.30,34,2.90
2026-09-25T07:10,246,-999,0.00,0,5.00,34,3.80
2026-09-25T07:20,264,1,0.00,5,5.00,33,2.80
2026-09-25T07:30,258,-999,0.00,11,4.20,37,3.40
2026-09-25T07:40,263,-999,0.00,32,4.40,36,3.00
2026-09-25T07:50,262,-999,0.00,48,5.10,35,3.00
2026-09-25T08:00,275,-999,0.00,55,5.10,35,2.10
2026-09-25T08:10,246,-999,0.00,100,5.30,34,1.90
2026-09-25T08:20,274,1,0.00,130,5.70,33,2.10
2026-09-25T08:30,262,-999,0.00,160,5.70,33,1.50
2026-09-25T08:40,265,-999,0.00,188,5.80,31,1.70
2026-09-25T08:50,246,-999,0.00,216,5.90,30,2.10
2026-09-25T09:00,263,-999,0.00,242,5.90,30,1.70
2026-09-25T09:10,247,2,0.00,281,6.20,28,2.20
2026-09-25T09:20,278,1,0.00,315,6.20,29,1.50
2026-09-25T09:30,264,1,0.00,348,6.30,28,1.00
2026-09-25T09:40,246,-999,0.00,380,6.80,26,1.20
2026-09-25T09:50,257,0,0.00,408,7.10,27,0.60
2026-09-25T10:00,,-999,0.00,439,7.50,25,0.00
2026-09-25T10:10,340,4,0.00,468,7.60,25,0.70
2026-09-25T10:20,348,1,0.00,497,7.90,24,0.90
2026-09-25T10:30,320,-999,0.00,524,8.10,25,0.50
2026-09-25T10:40,323,4,0.00,551,8.10,23,0.90
2026-09-25T10:50,342,1,0.00,577,8.10,23,1.50
2026-09-25T11:00,335,-999,0.00,602,8.20,22,1.50
2026-09-25T11:10,328,1,0.00,626,8.30,20,2.00
2026-09-25T11:20,318,2,0.00,638,8.50,20,1.90
2026-09-25T11:30,321,4,0.00,660,8.70,20,2.10
2026-09-25T11:40,331,-999,0.00,682,8.70,19,2.60
2026-09-25T11:50,286,2,0.00,698,9.00,19,1.40
2026-09-25T12:00,280,3,0.00,720,9.00,19,2.00
2026-09-25T12:10,328,4,0.00,729,9.20,19,1.70
2026-09-25T12:20,324,2,0.00,745,9.50,19,2.70
2026-09-25T12:30,268,2,0.00,759,9.40,19,2.10
2026-09-25T12:40,331,2,0.00,765,9.60,19,2.50
2026-09-25T12:50,317,4,0.00,773,9.70,19,2.90
2026-09-25T13:00,322,1,0.00,785,9.90,19,2.50
2026-09-25T13:10,321,2,0.00,781,10.40,19,2.20
2026-09-25T13:20,333,1,0.00,795,10.10,18,3.10
2026-09-25T13:30,285,3,0.00,782,10.30,19,2.20
2026-09-25T13:40,316,2,0.00,781,10.60,18,2.90
2026-09-25T13:50,298,-999,0.00,789,10.70,18,1.80
2026-09-25T14:00,317,1,0.00,789,11.00,19,2.40
2026-09-25T14:10,304,5,0.00,784,10.90,18,3.10
2026-09-25T14:20,311,-999,0.00,763,11.20,18,2.60
2026-09-25T14:30,307,2,0.00,757,11.40,17,2.80
2026-09-25T14:40,315,0,0.00,730,11.60,17,2.20
2026-09-25T14:50,313,-999,0.00,712,11.40,18,2.90
2026-09-25T15:00,316,2,0.00,705,11.80,18,2.40
2026-09-25T15:10,298,0,0.00,695,11.80,18,2.80
2026-09-25T15:20,299,3,0.00,678,12.10,19,2.60
2026-09-25T15:30,253,-999,0.00,644,11.80,17,3.20
2026-09-25T15:40,266,-999,0.00,630,12.00,18,2.80
2026-09-25T15:50,268,2,0.00,619,12.40,19,2.60
2026-09-25T16:00,265,0,0.00,599,12.20,20,3.00
2026-09-25T16:10,292,-999,0.00,579,12.30,18,2.50
2026-09-25T16:20,297,0,0.00,556,12.30,20,2.50
2026-09-25T16:30,283,-999,0.00,528,12.30,22,2.60
2026-09-25T16:40,253,-999,0.00,502,12.10,20,3.60
2026-09-25T16:50,276,-999,0.00,463,12.00,20,2.90
2026-09-25T17:00,273,-999,0.00,439,11.90,21,3.00
2026-09-25T17:10,264,-999,0.00,410,11.90,23,3.00
2026-09-25T17:20,259,-999,0.00,375,11.80,23,2.80
2026-09-25T17:30,260,-999,0.00,322,11.50,23,2.50
2026-09-25T17:40,272,-999,0.00,129,11.10,24,2.70
2026-09-25T17:50,281,-999,0.00,29,10.40,25,3.10
2026-09-25T18:00,,,0.00,27,10.30,23,
2026-09-25T18:10,278,-999,0.00,25,10.30,23,3.30
2026-09-25T18:20,279,-999,0.00,23,10.40,22,3.70
2026-09-25T18:30,286,-999,0.00,20,10.20,21,3.80
2026-09-25T18:40,278,-999,0.00,16,10.10,21,3.90
2026-09-25T18:50,275,-999,0.00,13,9.80,23,3.50
2026-09-25T19:00,274,-999,0.00,9,9.70,22,4.00
2026-09-25T19:10,282,-999,0.00,0,9.70,21,4.70
2026-09-25T19:20,282,-999,0.00,0,9.70,20,4.80
2026-09-25T19:30,279,-999,0.00,0,9.50,19,5.10
2026-09-25T19:40,284,-999,0.00,0,9.50,19,4.60
2026-09-25T19:50,269,-999,0.00,0,8.80,21,4.20
2026-09-25T20:00,276,-999,0.00,0,8.90,20,3.60
2026-09-25T20:10,263,-999,0.00,0,8.40,22,4.10
2026-09-25T20:20,258,-999,0.00,0,8.20,22,4.40
2026-09-25T20:30,257,-999,0.00,0,8.40,19,4.80
2026-09-25T20:40,260,-999,0.00,0,8.10,20,4.30
2026-09-25T20:50,262,-999,0.00,0,8.70,18,4.60
2026-09-25T21:00,246,-999,0.00,0,8.90,17,4.40
2026-09-25T21:10,255,-999,0.00,0,8.90,17,4.70
2026-09-25T21:20,261,-999,0.00,0,8.60,17,4.30
2026-09-25T21:30,260,-999,0.00,0,8.60,18,4.40
2026-09-25T21:40,255,-999,0.00,0,8.60,17,4.20
2026-09-25T21:50,256,-999,0.00,0,8.20,18,4.10
2026-09-25T22:00,261,-999,0.00,0,8.60,18,4.40
2026-09-25T22:10,265,-999,0.00,0,8.30,20,4.80
2026-09-25T22:20,262,-999,0.00,0,8.20,20,4.90
2026-09-25T22:30,264,-999,0.00,0,8.10,21,5.20
2026-09-25T22:40,262,-999,0.00,0,8.30,21,4.70
2026-09-25T22:50,267,-999,0.00,0,8.60,20,4.80
2026-09-25T23:00,270,-999,0.00,0,8.60,21,4.50
2026-09-25T23:10,270,-999,0.00,0,8.30,22,4.70
2026-09-25T23:20,267,-999,0.00,0,8.70,21,4.20
2026-09-25T23:30,275,-999,0.00,0,9.10,20,4.00
2026-09-25T23:40,265,-999,0.00,0,8.60,21,3.40
2026-09-25T23:50,260,-999,0.00,0,8.60,22,4.10
2026-09-26T00:00,265,-999,0.00,0,8.60,22,3.40
2026-09-26T00:10,264,-999,0.00,0,8.10,25,3.70
2026-09-26T00:20,259,-999,0.00,0,7.80,26,3.50
2026-09-26T00:30,237,-999,0.00,0,8.20,24,3.40
2026-09-26T00:40,256,-999,0.00,0,7.60,25,3.10
2026-09-26T00:50,242,-999,0.00,0,7.60,25,3.10
2026-09-26T01:00,245,1,0.00,0,7.90,24,3.40
2026-09-26T01:10,249,-3,0.00,0,8.40,23,3.70
2026-09-26T01:20,245,-999,0.00,0,8.00,24,3.00
2026-09-26T01:30,241,-999,0.00,0,7.80,24,2.90
2026-09-26T01:40,245,-999,0.00,0,7.50,25,2.50
2026-09-26T01:50,231,-999,0.00,0,7.70,24,2.40
2026-09-26T02:00,256,-999,0.00,0,7.40,26,2.00
2026-09-26T02:10,261,-999,0.00,0,7.60,26,2.70
2026-09-26T02:20,259,-999,0.00,0,8.30,24,3.50
2026-09-26T02:30,246,-999,0.00,0,8.20,25,2.50
2026-09-26T02:40,256,-999,0.00,0,7.90,26,2.10
2026-09-26T02:50,247,-999,0.00,0,8.30,24,2.40
2026-09-26T03:00,254,-999,0.00,0,8.20,25,3.00
2026-09-26T03:10,232,-999,0.00,0,7.80,26,3.20
2026-09-26T03:20,228,-999,0.00,0,7.60,27,3.60
2026-09-26T03:30,253,-999,0.00,0,7.40,27,2.60
2026-09-26T03:40,273,-999,0.00,0,7.90,26,3.10
2026-09-26T03:50,275,-999,0.00,0,7.80,26,2.40
2026-09-26T04:00,237,-999,0.00,0,8.50,24,3.40
2026-09-26T04:10,217,-999,0.00,0,9.20,22,3.70
2026-09-26T04:20,246,-999,0.00,0,8.70,24,2.80
2026-09-26T04:30,246,-1,0.00,0,8.70,24,2.80
2026-09-26T04:40,233,-999,0.00,0,8.60,25,2.80
2026-09-26T04:50,225,-999,0.00,0,8.70,26,3.30
2026-09-26T05:00,235,-999,0.00,0,8.50,27,2.70
2026-09-26T05:10,239,-999,0.00,0,8.50,28,2.90
2026-09-26T05:20,230,0,0.00,0,8.70,28,3.50
2026-09-26T05:30,227,-999,0.00,0,8.90,28,4.00
2026-09-26T05:40,233,-999,0.00,0,8.70,30,3.00
2026-09-26T05:50,239,-999,0.00,0,8.60,31,3.20
2026-09-26T06:00,251,-999,0.00,0,8.60,32,3.70
2026-09-26T06:10,249,-999,0.00,0,8.70,32,4.20
2026-09-26T06:20,253,-999,0.00,0,8.90,33,4.30
2026-09-26T06:30,262,-999,0.00,0,8.50,36,4.10
2026-09-26T06:40,253,-999,0.00,0,8.40,37,4.90
2026-09-26T06:50,251,-999,0.00,0,8.60,36,4.80
2026-09-26T07:00,250,-999,0.00,0,8.70,36,4.30
2026-09-26T07:10,249,-999,0.00,0,8.90,37,4.00
2026-09-26T07:20,254,-999,0.00,0,9.00,37,5.10
2026-09-26T07:30,255,-999,0.00,9,8.70,38,5.10
2026-09-26T07:40,255,-999,0.00,25,8.90,38,4.70
2026-09-26T07:50,257,-999,0.00,35,9.30,38,4.10
2026-09-26T08:00,264,-999,0.00,51,9.50,39,3.50
2026-09-26T08:10,251,-999,0.00,89,9.60,39,3.30
2026-09-26T08:20,241,-999,0.00,114,9.90,39,2.90
2026-09-26T08:30,252,-999,0.00,144,10.10,39,4.00
2026-09-26T08:40,257,-999,0.00,172,10.30,39,2.50
2026-09-26T08:50,197,-999,0.00,201,10.50,39,2.10
2026-09-26T09:00,203,2,0.00,232,10.80,40,1.90
2026-09-26T09:10,270,2,0.00,265,10.90,40,2.10
2026-09-26T09:20,224,0,0.00,297,11.00,41,2.60
2026-09-26T09:30,233,0,0.00,330,11.10,41,3.40
2026-09-26T09:40,249,5,0.00,361,11.20,41,2.80
2026-09-26T09:50,267,2,0.00,390,11.50,41,2.00
2026-09-26T10:00,277,1,0.00,418,11.80,42,2.70
2026-09-26T10:10,286,0,0.00,447,11.90,42,2.10
2026-09-26T10:20,298,-999,0.00,474,12.00,42,2.00
2026-09-26T10:30,278,3,0.00,500,12.10,43,1.60
2026-09-26T10:40,326,0,0.00,525,12.40,43,1.50
2026-09-26T10:50,331,2,0.00,548,12.90,42,0.50
2026-09-26T11:00,259,0,0.00,571,12.90,43,1.70
2026-09-26T11:10,308,2,0.00,593,12.90,43,1.30
2026-09-26T11:20,349,2,0.00,614,13.50,43,1.40
2026-09-26T11:30,13,4,0.00,634,13.40,43,1.80
2026-09-26T11:40,354,4,0.00,652,13.80,43,1.80
2026-09-26T11:50,356,3,0.00,669,13.90,43,1.60
2026-09-26T12:00,12,4,0.00,684,14.00,43,1.80
2026-09-26T12:10,330,2,0.00,699,14.10,43,2.20
2026-09-26T12:20,327,3,0.00,711,14.20,43,2.00
2026-09-26T12:30,341,1,0.00,721,14.50,42,1.30
2026-09-26T12:40,349,2,0.00,732,14.50,42,1.70
2026-09-26T12:50,351,3,0.00,741,14.60,43,1.90
2026-09-26T13:00,354,0,0.00,747,14.50,43,1.90
2026-09-26T13:10,20,5,0.00,752,14.70,42,1.90
2026-09-26T13:20,345,5,0.00,756,14.80,42,2.30
2026-09-26T13:30,6,4,0.00,757,15.00,42,1.80
2026-09-26T13:40,342,0,0.00,756,15.10,43,1.80
2026-09-26T13:50,341,2,0.00,756,15.30,43,1.90
2026-09-26T14:00,345,2,0.00,752,15.30,43,1.90
2026-09-26T14:10,344,3,0.00,746,15.60,42,1.60
2026-09-26T14:20,35,2,0.00,739,15.70,43,1.80
2026-09-26T14:30,65,1,0.00,731,15.30,48,2.40
2026-09-26T14:40,74,-999,0.00,721,15.00,47,2.10
2026-09-26T14:50,78,2,0.00,707,15.00,46,1.60
2026-09-26T15:00,55,1,0.00,692,15.40,46,1.30
2026-09-26T15:10,52,3,0.00,675,15.00,54,1.40
2026-09-26T15:20,51,0,0.00,660,13.90,64,1.50
2026-09-26T15:30,44,2,0.00,647,13.40,64,1.20
2026-09-26T15:40,6,4,0.00,629,13.50,64,1.40
2026-09-26T15:50,55,3,0.00,613,13.10,64,1.50
2026-09-26T16:00,48,1,0.00,592,13.20,66,1.30
2026-09-26T16:10,59,1,0.00,572,13.00,66,1.40
2026-09-26T16:20,49,0,0.00,550,12.80,67,1.30
2026-09-26T16:30,331,3,0.00,522,12.80,65,1.80
2026-09-26T16:40,15,-999,0.00,471,12.60,68,1.00
2026-09-26T16:50,4,-999,0.00,282,11.80,68,1.20
2026-09-26T17:00,320,-999,0.00,121,11.10,71,0.60
2026-09-26T17:10,,0,0.00,171,10.70,75,0.00
2026-09-26T17:20,300,-999,0.00,147,10.70,74,0.70
2026-09-26T17:30,,-999,0.00,212,10.70,73,0.00
2026-09-26T17:40,40,-999,0.00,116,11.30,71,0.50
2026-09-26T17:50,356,-999,0.00,92,10.20,76,0.70
2026-09-26T18:00,75,-999,0.00,76,9.60,80,0.90
2026-09-26T18:10,83,-999,0.00,52,9.20,83,0.70
2026-09-26T18:20,,-999,0.00,43,9.00,82,0.00
2026-09-26T18:30,221,-999,0.00,35,9.00,84,0.80
2026-09-26T18:40,,-999,0.00,28,9.10,83,0.00
2026-09-26T18:50,210,-999,0.00,21,9.00,82,0.80
2026-09-26T19:00,213,0,0.00,14,8.90,82,1.30
2026-09-26T19:10,,-999,0.00,7,9.10,82,0.00
2026-09-26T19:20,,-999,0.00,0,8.80,82,0.00
2026-09-26T19:30,206,-999,0.00,0,8.80,81,0.50
2026-09-26T19:40,94,-999,0.00,0,8.90,80,1.00
2026-09-26T19:50,77,-999,0.00,0,8.50,83,0.60
2026-09-26T20:00,202,-999,0.00,0,8.20,84,1.10
2026-09-26T20:10,203,-999,0.00,0,8.20,83,0.80
2026-09-26T20:20,,-999,0.00,0,8.20,84,0.00
2026-09-26T20:30,216,-999,0.00,0,7.80,84,1.30
2026-09-26T20:40,212,-999,0.00,0,8.00,84,0.60
2026-09-26T20:50,,-999,0.00,0,8.10,84,0.00
2026-09-26T21:00,206,-999,0.00,0,8.00,83,1.20
2026-09-26T21:10,198,-999,0.00,0,8.30,83,0.50
2026-09-26T21:20,,-999,0.00,0,8.20,83,0.00
2026-09-26T21:30,210,-999,0.00,0,8.10,83,1.50
2026-09-26T21:40,205,-999,0.00,0,8.50,81,1.30
2026-09-26T21:50,199,-999,0.00,0,9.00,78,1.00
2026-09-26T22:00,185,-999,0.00,0,9.00,77,0.70
2026-09-26T22:10,214,-999,0.00,0,8.70,76,1.40
2026-09-26T22:20,196,-999,0.00,0,8.60,78,0.70
2026-09-26T22:30,218,-999,0.00,0,8.40,77,1.30
2026-09-26T22:40,209,-999,0.00,0,8.80,76,1.20
2026-09-26T22:50,207,-999,0.00,0,8.70,75,0.90
2026-09-26T23:00,234,-999,0.00,0,8.60,75,0.80
2026-09-26T23:10,,-999,0.00,0,8.60,75,0.00
2026-09-26T23:20,205,-999,0.00,0,8.60,76,0.80
2026-09-26T23:30,208,-999,0.00,0,8.50,76,1.30
2026-09-26T23:40,214,-999,0.00,0,8.10,77,1.20
2026-09-26T23:50,206,0,0.00,0,8.50,77,1.00
2026-09-27T00:00,209,-999,0.00,0,8.60,75,1.10
2026-09-27T00:10,217,-999,0.00,0,8.60,74,0.90
2026-09-27T00:20,214,-999,0.00,0,8.80,74,0.80
2026-09-27T00:30,182,-999,0.00,0,9.00,73,0.60
2026-09-27T00:40,,-999,0.00,0,8.60,75,0.00
2026-09-27T00:50,209,-999,0.00,0,8.40,76,0.60
2026-09-27T01:00,127,-999,0.00,0,8.60,77,0.80
2026-09-27T01:10,110,-999,0.00,0,8.90,74,1.30
2026-09-27T01:20,194,-999,0.00,0,8.50,72,1.10
2026-09-27T01:30,210,-999,0.00,0,8.10,72,1.80
2026-09-27T01:40,189,-999,0.00,0,8.40,72,1.70
2026-09-27T01:50,197,-999,0.00,0,8.30,72,1.70
2026-09-27T02:00,207,-999,0.00,0,8.20,73,1.60
2026-09-27T02:10,214,0,0.00,0,8.50,71,1.40
2026-09-27T02:20,212,-999,0.00,0,8.50,70,1.00
2026-09-27T02:30,,-999,0.00,0,8.70,68,0.00
2026-09-27T02:40,,-999,0.00,0,8.70,66,0.00
2026-09-27T02:50,214,-999,0.00,0,8.50,66,0.50
2026-09-27T03:00,210,-999,0.00,0,8.50,66,1.00
2026-09-27T03:10,202,-999,0.00,0,8.60,65,1.30
2026-09-27T03:20,204,-999,0.00,0,8.60,64,1.30
2026-09-27T03:30,199,-999,0.00,0,8.90,62,0.70
2026-09-27T03:40,,-999,0.00,0,8.80,62,0.00
2026-09-27T03:50,203,-999,0.00,0,8.30,64,1.30
2026-09-27T04:00,209,-999,0.00,0,8.50,62,1.00
2026-09-27T04:10,208,-999,0.00,0,8.50,62,1.00
2026-09-27T04:20,199,-999,0.00,0,8.50,61,1.00
2026-09-27T04:30,206,-999,0.00,0,8.30,62,0.60
2026-09-27T04:40,199,-999,0.00,0,8.30,61,1.10
2026-09-27T04:50,196,-999,0.00,0,8.90,57,1.50
2026-09-27T05:00,203,-999,0.00,0,8.50,58,1.40
2026-09-27T05:10,220,0,0.00,0,7.80,61,1.60
2026-09-27T05:20,203,-999,0.00,0,7.90,59,1.10
2026-09-27T05:30,,1,0.00,0,8.10,56,0.00
2026-09-27T05:40,217,-999,0.00,0,8.10,55,0.90
2026-09-27T05:50,193,-999,0.00,0,8.70,53,1.40
2026-09-27T06:00,174,-999,0.00,0,9.40,49,0.90
2026-09-27T06:10,219,-999,0.00,0,8.40,53,0.70
2026-09-27T06:20,212,-999,0.00,0,8.50,53,0.80
2026-09-27T06:30,217,-999,0.00,0,8.20,53,1.40
2026-09-27T06:40,213,-999,0.00,0,7.80,55,1.70
2026-09-27T06:50,207,-999,0.00,0,8.30,53,1.10
2026-09-27T07:00,217,-999,0.00,0,8.30,53,0.90
2026-09-27T07:10,215,-999,0.00,0,8.10,54,0.80
2026-09-27T07:20,,-999,0.00,0,8.50,52,0.00
2026-09-27T07:30,201,-999,0.00,8,8.60,52,0.80
2026-09-27T07:40,191,-999,0.00,23,9.10,51,0.60
2026-09-27T07:50,106,-999,0.00,27,9.60,48,0.50
2026-09-27T08:00,197,-999,0.00,46,8.90,51,1.00
2026-09-27T08:10,170,-999,0.00,85,9.60,48,0.40
2026-09-27T08:20,104,-999,0.00,110,10.20,50,0.30
2026-09-27T08:30,,-999,0.00,137,9.90,50,0.00
2026-09-27T08:40,,-999,0.00,166,10.50,46,0.00
2026-09-27T08:50,,-999,0.00,196,10.60,46,0.00
2026-09-27T09:00,,-999,0.00,227,10.50,47,0.00
2026-09-27T09:10,185,-999,0.00,260,10.70,46,0.50
2026-09-27T09:20,,-999,0.00,292,10.80,47,0.00
2026-09-27T09:30,237,2,0.00,324,10.80,47,0.50
2026-09-27T09:40,198,-999,0.00,356,10.60,49,1.10
2026-09-27T09:50,298,1,0.00,385,11.10,52,0.30
2026-09-27T10:00,271,-999,0.00,413,11.50,55,0.40
2026-09-27T10:10,269,2,0.00,443,11.30,55,0.70
2026-09-27T10:20,214,1,0.00,470,12.00,55,0.60
2026-09-27T10:30,,-999,0.00,497,12.40,55,0.00
2026-09-27T10:40,40,3,0.00,525,12.40,55,1.20
2026-09-27T10:50,61,-999,0.00,552,12.40,56,1.90
2026-09-27T11:00,73,3,0.00,575,12.60,58,1.70
2026-09-27T11:10,85,4,0.00,596,13.00,54,1.30
2026-09-27T11:20,59,2,0.00,616,13.10,56,1.70
2026-09-27T11:30,59,2,0.00,637,13.10,56,2.10
2026-09-27T11:40,55,-999,0.00,655,12.90,54,2.40
2026-09-27T11:50,55,2,0.00,671,13.00,54,2.30
2026-09-27T12:00,68,2,0.00,687,13.00,55,2.20
2026-09-27T12:10,63,1,0.00,700,13.00,55,2.40
2026-09-27T12:20,66,1,0.00,713,13.10,57,2.10
2026-09-27T12:30,53,4,0.00,725,13.00,59,2.50
2026-09-27T12:40,56,0,0.00,733,12.90,61,2.50
2026-09-27T12:50,55,2,0.00,740,12.90,56,2.40
2026-09-27T13:00,63,0,0.00,747,13.10,53,2.40
2026-09-27T13:10,54,4,0.00,752,13.40,51,2.40
2026-09-27T13:20,47,-999,0.00,755,13.30,52,2.20
2026-09-27T13:30,43,2,0.00,755,13.70,52,1.90
2026-09-27T13:40,59,0,0.00,755,13.60,56,1.90
2026-09-27T13:50,61,0,0.00,755,13.60,57,1.90
2026-09-27T14:00,48,0,0.00,750,13.30,58,2.00
2026-09-27T14:10,55,1,0.00,743,13.30,59,1.70
2026-09-27T14:20,49,4,0.00,735,13.20,59,1.70
2026-09-27T14:30,48,4,0.00,724,13.50,58,1.70
2026-09-27T14:40,61,-999,0.00,713,13.70,57,1.60
2026-09-27T14:50,51,4,0.00,700,13.40,56,1.60
2026-09-27T15:00,29,0,0.00,684,13.80,55,1.30
2026-09-27T15:10,336,3,0.00,669,14.20,53,1.50
2026-09-27T15:20,21,3,0.00,652,14.20,54,1.50
2026-09-27T15:30,50,4,0.00,633,13.70,55,1.60
2026-09-27T15:40,38,3,0.00,612,13.80,55,1.40
2026-09-27T15:50,44,1,0.00,589,13.90,56,1.30
2026-09-27T16:00,47,0,0.00,566,13.70,56,1.30
2026-09-27T16:10,40,2,0.00,542,13.80,57,1.20
2026-09-27T16:20,21,1,0.00,517,13.70,59,1.40
2026-09-27T16:30,21,2,0.00,492,13.30,58,1.40
2026-09-27T16:40,57,0,0.00,465,13.10,64,1.20
2026-09-27T16:50,44,1,0.00,436,13.00,64,1.20
2026-09-27T17:00,20,1,0.00,405,12.70,65,0.90
2026-09-27T17:10,33,-999,0.00,375,12.60,64,1.10
2026-09-27T17:20,34,1,0.00,342,12.80,64,0.70
2026-09-27T17:30,298,2,0.00,204,12.70,63,0.60
2026-09-27T17:40,,2,0.00,29,11.80,67,0.00
2026-09-27T17:50,,2,0.00,26,11.40,70,0.00
2026-09-27T18:00,,0,0.00,25,11.00,70,0.00
2026-09-27T18:10,199,2,0.00,23,10.70,72,0.80
2026-09-27T18:20,184,2,0.00,21,10.60,72,0.90
2026-09-27T18:30,,1,0.00,18,10.40,73,0.00
2026-09-27T18:40,177,-999,0.00,15,10.20,74,0.60
2026-09-27T18:50,,-999,0.00,11,10.00,75,0.00
2026-09-27T19:00,,-999,0.00,7,9.90,75,0.00
2026-09-27T19:10,,-999,0.00,0,9.50,76,0.00
2026-09-27T19:20,93,-999,0.00,0,9.10,77,0.40
2026-09-27T19:30,203,1,0.00,0,9.00,78,1.10
2026-09-27T19:40,209,0,0.00,0,9.30,76,0.90
2026-09-27T19:50,206,0,0.00,0,9.30,75,0.40
2026-09-27T20:00,204,0,0.00,0,9.30,75,0.80
2026-09-27T20:10,204,-999,0.00,0,9.20,76,1.00
2026-09-27T20:20,203,-999,0.00,0,9.10,76,0.90
2026-09-27T20:30,204,0,0.00,0,9.20,75,0.80
2026-09-27T20:40,204,-999,0.00,0,9.20,75,0.50
2026-09-27T20:50,,-999,0.00,0,9.00,76,0.00
2026-09-27T21:00,209,-999,0.00,0,9.00,76,0.30
2026-09-27T21:10,200,-999,0.00,0,9.40,74,1.00
2026-09-27T21:20,198,-999,0.00,0,9.50,73,0.30
2026-09-27T21:30,,1,0.00,0,9.30,73,0.00
2026-09-27T21:40,199,-999,0.00,0,9.60,73,0.90
2026-09-27T21:50,168,-999,0.00,0,9.90,71,0.40
2026-09-27T22:00,93,0,0.00,0,9.90,71,0.50
2026-09-27T22:10,216,1,0.00,0,9.50,72,0.90
2026-09-27T22:20,208,1,0.00,0,9.50,70,1.70
2026-09-27T22:30,215,1,0.00,0,10.00,67,1.30
2026-09-27T22:40,231,0,0.00,0,9.40,70,1.60
2026-09-27T22:50,224,-999,0.00,0,9.20,70,1.20
2026-09-27T23:00,225,0,0.00,0,9.40,69,1.00
2026-09-27T23:10,226,-999,0.00,0,9.70,68,0.80
2026-09-27T23:20,206,-999,0.00,0,9.90,68,0.80
2026-09-27T23:30,100,2,0.00,0,10.20,68,1.20
2026-09-27T23:40,101,1,0.00,0,10.20,66,0.60
2026-09-27T23:50,216,2,0.00,0,9.80,66,1.20
2026-09-28T00:00,198,1,0.00,0,10.10,67,1.00
2026-09-28T00:10,213,1,0.00,0,9.70,68,1.10
2026-09-28T00:20,213,-999,0.00,0,9.50,68,0.60
2026-09-28T00:30,224,-999,0.00,0,9.00,66,1.10
2026-09-28T00:40,218,0,0.00,0,9.00,70,0.40
2026-09-28T00:50,204,1,0.00,0,9.50,66,0.90
2026-09-28T01:00,210,-999,0.00,0,9.60,65,0.90
2026-09-28T01:10,229,-999,0.00,0,9.60,64,0.30
2026-09-28T01:20,,-999,0.00,0,9.70,65,0.00
2026-09-28T01:30,205,-999,0.00,0,9.90,63,0.80
2026-09-28T01:40,203,-999,0.00,0,10.00,62,1.50
2026-09-28T01:50,205,-999,0.00,0,10.20,61,1.60
2026-09-28T02:00,200,-999,0.00,0,10.80,56,1.50
2026-09-28T02:10,201,-999,0.00,0,10.70,57,0.90
2026-09-28T02:20,210,-999,0.00,0,10.30,58,1.20
2026-09-28T02:30,202,-999,0.00,0,10.50,58,1.40
2026-09-28T02:40,201,-999,0.00,0,10.80,56,1.50
2026-09-28T02:50,200,-999,0.00,0,10.80,55,1.10
2026-09-28T03:00,196,-999,0.00,0,10.60,58,0.90
2026-09-28T03:10,208,-999,0.00,0,10.50,57,1.00
2026-09-28T03:20,224,-999,0.00,0,9.60,57,2.10
2026-09-28T03:30,203,-999,0.00,0,10.20,57,1.80
2026-09-28T03:40,212,-999,0.00,0,11.10,53,1.40
2026-09-28T03:50,218,-999,0.00,0,10.30,55,2.00
2026-09-28T04:00,227,-999,0.00,0,9.70,56,2.20
2026-09-28T04:10,223,-999,0.00,0,9.60,56,2.30
2026-09-28T04:20,220,-999,0.00,0,9.60,56,1.20
2026-09-28T04:30,220,-999,0.00,0,9.40,56,1.80
2026-09-28T04:40,216,-999,0.00,0,10.10,55,1.30
2026-09-28T04:50,221,-999,0.00,0,9.60,55,1.30
2026-09-28T05:00,214,-999,0.00,0,9.60,56,1.70
2026-09-28T05:10,196,-999,0.00,0,10.30,53,0.60
2026-09-28T05:20,,-999,0.00,0,10.40,53,0.00
2026-09-28T05:30,200,-999,0.00,0,10.20,55,1.00
2026-09-28T05:40,205,-999,0.00,0,10.50,54,1.30
2026-09-28T05:50,202,-999,0.00,0,10.50,52,1.50
2026-09-28T06:00,217,0,0.00,0,10.00,53,2.10
2026-09-28T06:10,219,-999,0.00,0,10.00,52,2.00
2026-09-28T06:20,226,-999,0.00,0,9.80,53,1.90
2026-09-28T06:30,220,-999,0.00,0,9.70,53,1.80
2026-09-28T06:40,221,-999,0.00,0,9.90,52,2.00
2026-09-28T06:50,227,1,0.00,0,9.60,53,2.20
2026-09-28T07:00,222,0,0.00,0,9.80,52,1.60
2026-09-28T07:10,229,-999,0.00,0,9.60,53,1.60
2026-09-28T07:20,218,-999,0.00,0,10.10,51,1.70
2026-09-28T07:30,216,-999,0.00,8,10.20,50,1.50
2026-09-28T07:40,189,-999,0.00,18,10.90,47,1.80
2026-09-28T07:50,,-999,0.00,23,11.40,46,0.00
2026-09-28T08:00,,-999,0.00,44,12.00,44,0.00
2026-09-28T08:10,102,-999,0.00,81,12.30,45,0.90
2026-09-28T08:20,160,-999,0.00,106,12.30,45,0.40
2026-09-28T08:30,,-999,0.00,133,12.40,45,0.00
2026-09-28T08:40,,-999,0.00,161,13.20,45,0.00
2026-09-28T08:50,,-999,0.00,190,13.50,44,0.00
2026-09-28T09:00,,-999,0.00,221,13.80,44,0.00
2026-09-28T09:10,,-999,0.00,253,14.60,41,0.00
2026-09-28T09:20,,-999,0.00,285,13.90,45,0.00
2026-09-28T09:30,219,-999,0.00,317,13.60,45,0.40
2026-09-28T09:40,209,-999,0.00,348,13.70,45,0.40
2026-09-28T09:50,,2,0.00,377,13.70,44,0.00
2026-09-28T10:00,243,4,0.00,406,13.50,44,0.50
2026-09-28T10:10,,-999,0.00,434,14.10,41,0.00
2026-09-28T10:20,302,0,0.00,462,14.30,39,0.40
2026-09-28T10:30,244,2,0.00,489,14.40,38,0.40
2026-09-28T10:40,289,4,0.00,516,14.60,36,0.90
2026-09-28T10:50,5,4,0.00,539,14.70,40,0.80
2026-09-28T11:00,25,-999,0.00,563,15.00,42,1.10
2026-09-28T11:10,20,3,0.00,584,15.10,42,0.90
2026-09-28T11:20,22,0,0.00,604,15.40,41,1.00
2026-09-28T11:30,69,1,0.00,623,15.50,39,1.00
2026-09-28T11:40,47,4,0.00,640,15.30,40,1.50
2026-09-28T11:50,56,0,0.00,656,15.70,40,1.50
2026-09-28T12:00,67,3,0.00,673,15.20,46,2.10
2026-09-28T12:10,65,3,0.00,688,15.20,46,2.40
2026-09-28T12:20,60,4,0.00,702,15.10,45,2.40
2026-09-28T12:30,43,3,0.00,713,15.50,44,2.10
2026-09-28T12:40,37,3,0.00,722,15.50,39,2.10
2026-09-28T12:50,47,5,0.00,732,15.50,39,2.30
2026-09-28T13:00,56,4,0.00,739,15.60,36,2.20
2026-09-28T13:10,57,0,0.00,744,15.80,33,2.00
2026-09-28T13:20,56,3,0.00,748,15.80,37,2.30
2026-09-28T13:30,62,2,0.00,748,15.90,36,2.40
2026-09-28T13:40,46,2,0.00,747,15.50,42,3.00
2026-09-28T13:50,62,2,0.00,747,15.30,46,2.40
2026-09-28T14:00,54,2,0.00,740,15.30,47,2.30
2026-09-28T14:10,70,3,0.00,742,15.60,46,2.10
2026-09-28T14:20,53,1,0.00,746,15.60,49,2.20
2026-09-28T14:30,61,2,0.00,742,15.80,49,1.50
2026-09-28T14:40,51,4,0.00,722,15.90,47,2.00
2026-09-28T14:50,72,2,0.00,723,16.30,43,1.70
2026-09-28T15:00,57,2,0.00,699,16.40,41,1.20
2026-09-28T15:10,77,3,0.00,680,16.40,38,1.50
2026-09-28T15:20,61,3,0.00,661,16.30,39,0.80
2026-09-28T15:30,321,1,0.00,642,16.20,46,2.00
2026-09-28T15:40,331,3,0.00,628,15.70,49,2.60
2026-09-28T15:50,321,2,0.00,603,15.70,50,2.50
2026-09-28T16:00,331,4,0.00,579,15.40,53,2.30
2026-09-28T16:10,333,2,0.00,546,15.20,55,2.30
2026-09-28T16:20,353,1,0.00,517,14.00,61,1.80
2026-09-28T16:30,322,1,0.00,489,14.50,54,1.60
2026-09-28T16:40,308,0,0.00,462,14.50,49,1.80
2026-09-28T16:50,321,1,0.00,433,14.50,51,1.60
2026-09-28T17:00,321,1,0.00,404,14.40,52,1.10
2026-09-28T17:10,260,1,0.00,374,14.10,52,1.00
2026-09-28T17:20,262,2,0.00,342,14.60,50,0.60
2026-09-28T17:30,241,1,0.00,145,14.30,50,0.60
2026-09-28T17:40,220,2,0.00,31,13.20,54,0.40
2026-09-28T17:50,221,2,0.00,28,12.50,57,0.70
2026-09-28T18:00,211,2,0.00,27,12.20,58,0.60
2026-09-28T18:10,189,2,0.00,24,12.00,60,0.80
2026-09-28T18:20,,2,0.00,23,11.90,64,0.00
2026-09-28T18:30,3,1,0.00,20,11.80,67,0.40
2026-09-28T18:40,231,1,0.00,15,11.30,66,0.70
2026-09-28T18:50,227,0,0.00,10,10.90,67,1.20
2026-09-28T19:00,228,0,0.00,5,10.60,69,1.30
2026-09-28T19:10,201,0,0.00,0,10.50,72,0.60
2026-09-28T19:20,,2,0.00,0,10.40,73,0.00
2026-09-28T19:30,81,1,0.00,0,9.90,78,0.40
2026-09-28T19:40,220,0,0.00,0,9.80,77,0.70
2026-09-28T19:50,,1,0.00,0,9.60,77,0.00
2026-09-28T20:00,231,1,0.00,0,9.60,77,0.30
2026-09-28T20:10,229,0,0.00,0,9.30,77,0.70
2026-09-28T20:20,,0,0.00,0,9.00,81,0.00
2026-09-28T20:30,227,0,0.00,0,9.00,82,0.40
2026-09-28T20:40,,0,0.00,0,9.00,82,0.00
2026-09-28T20:50,,1,0.00,0,9.10,84,0.00
2026-09-28T21:00,,1,0.00,0,9.00,84,0.00
2026-09-28T21:10,,0,0.00,0,9.00,83,0.00
2026-09-28T21:20,101,1,0.00,0,8.80,85,0.40
2026-09-28T21:30,213,0,0.00,0,8.80,83,0.70
2026-09-28T21:40,195,-999,0.00,0,9.10,82,0.50
2026-09-28T21:50,207,-999,0.00,0,8.90,82,0.40
2026-09-28T22:00,193,0,0.00,0,9.00,82,0.50
2026-09-28T22:10,211,0,0.00,0,8.90,80,0.40
2026-09-28T22:20,,3,0.00,0,8.60,84,0.00
2026-09-28T22:30,186,-999,0.00,0,8.90,85,0.70
2026-09-28T22:40,207,2,0.00,0,8.90,78,1.40
2026-09-28T22:50,202,1,0.00,0,9.20,77,1.20
2026-09-28T23:00,194,2,0.00,0,9.30,76,0.80
2026-09-28T23:10,209,0,0.00,0,9.10,77,1.10
2026-09-28T23:20,205,1,0.00,0,9.10,77,0.80
2026-09-28T23:30,,1,0.00,0,9.20,78,0.00
2026-09-28T23:40,,-999,0.00,0,9.10,80,0.00
2026-09-28T23:50,199,1,0.00,0,8.90,81,0.50
2026-09-29T00:00,198,0,0.00,0,9.00,81,0.90
2026-09-29T00:10,206,-999,0.00,0,9.20,78,1.10
2026-09-29T00:20,200,1,0.00,0,9.50,75,1.00
2026-09-29T00:30,,0,0.00,0,9.20,79,0.00
2026-09-29T00:40,,0,0.00,0,8.80,80,0.00
2026-09-29T00:50,197,-999,0.00,0,9.10,76,0.80
2026-09-29T01:00,223,-999,0.00,0,9.20,71,0.90
2026-09-29T01:10,,-999,0.00,0,8.70,75,0.00
2026-09-29T01:20,131,-999,0.00,0,8.70,79,0.40
2026-09-29T01:30,,-999,0.00,0,8.80,79,0.00
2026-09-29T01:40,181,1,0.00,0,8.80,79,0.40
2026-09-29T01:50,192,0,0.00,0,9.20,76,0.70
2026-09-29T02:00,204,-999,0.00,0,9.10,75,0.60
2026-09-29T02:10,,1,0.00,0,8.40,78,0.00
2026-09-29T02:20,212,0,0.00,0,8.40,80,0.40
2026-09-29T02:30,219,2,0.00,0,8.30,79,0.50
2026-09-29T02:40,208,0,0.00,0,8.40,76,0.90
2026-09-29T02:50,,0,0.00,0,8.40,79,0.00
2026-09-29T03:00,,-999,0.00,0,8.40,79,0.00
2026-09-29T03:10,107,-999,0.00,0,8.40,80,0.30
2026-09-29T03:20,73,1,0.00,0,8.60,80,0.70
2026-09-29T03:30,178,0,0.00,0,8.30,81,0.70
2026-09-29T03:40,187,-999,0.00,0,8.50,82,0.90
2026-09-29T03:50,202,-999,0.00,0,8.60,77,0.60
2026-09-29T04:00,202,-999,0.00,0,8.30,75,0.80
2026-09-29T04:10,,0,0.00,0,8.40,79,0.00
2026-09-29T04:20,,-999,0.00,0,8.20,83,0.00
2026-09-29T04:30,,-999,0.00,0,8.00,82,0.00
2026-09-29T04:40,274,1,0.00,0,7.80,80,0.50
2026-09-29T04:50,,0,0.00,0,7.70,81,0.00
2026-09-29T05:00,193,2,0.00,0,8.00,83,0.50
2026-09-29T05:10,201,0,0.00,0,8.20,81,0.90
2026-09-29T05:20,199,-999,0.00,0,8.30,80,1.10
2026-09-29T05:30,208,-999,0.00,0,8.30,71,0.90
2026-09-29T05:40,193,1,0.00,0,8.10,76,0.50
2026-09-29T05:50,181,0,0.00,0,8.40,76,0.80
2026-09-29T06:00,210,-999,0.00,0,8.40,69,0.80
2026-09-29T06:10,187,0,0.00,0,8.40,68,0.90
2026-09-29T06:20,,-999,0.00,0,8.40,73,0.00
2026-09-29T06:30,,0,0.00,0,8.10,71,0.00
2026-09-29T06:40,201,-999,0.00,0,8.10,72,0.80
2026-09-29T06:50,206,1,0.00,0,8.40,70,0.90
2026-09-29T07:00,217,0,0.00,0,8.20,70,0.70
2026-09-29T07:10,195,0,0.00,0,8.40,71,0.70
2026-09-29T07:20,196,2,0.00,6,8.30,74,0.50
2026-09-29T07:30,,-999,0.00,12,8.10,75,0.00
2026-09-29T07:40,,1,0.00,22,8.40,72,0.00
2026-09-29T07:50,,0,0.00,28,8.50,72,0.00
2026-09-29T08:00,110,-999,0.00,55,9.60,66,0.40
2026-09-29T08:10,,-999,0.00,92,10.40,64,0.00
2026-09-29T08:20,,-999,0.00,119,10.70,67,0.00
2026-09-29T08:30,,0,0.00,146,9.80,67,0.00
2026-09-29T08:40,,-999,0.00,173,9.90,67,0.00
2026-09-29T08:50,205,0,0.00,198,9.60,67,0.50
2026-09-29T09:00,,2,0.00,226,9.90,69,0.00
2026-09-29T09:10,,1,0.00,254,10.30,65,0.00
2026-09-29T09:20,,2,0.00,285,11.30,65,0.00
2026-09-29T09:30,46,1,0.00,321,11.00,75,0.60
2026-09-29T09:40,49,-999,0.00,356,10.80,78,1.20
2026-09-29T09:50,66,2,0.00,388,10.90,78,1.00
2026-09-29T10:00,52,-999,0.00,398,11.00,77,0.90
2026-09-29T10:10,55,-999,0.00,411,11.00,77,1.50
2026-09-29T10:20,61,-999,0.00,468,11.10,76,1.50
2026-09-29T10:30,61,-999,0.00,498,11.30,74,1.50
2026-09-29T10:40,55,0,0.00,523,11.20,73,1.70
2026-09-29T10:50,50,2,0.00,550,11.20,74,1.70
2026-09-29T11:00,46,1,0.00,573,11.40,72,1.50
2026-09-29T11:10,49,3,0.00,587,11.60,70,1.40
2026-09-29T11:20,47,3,0.00,610,11.80,67,1.40
2026-09-29T11:30,56,2,0.00,638,11.80,67,1.80
2026-09-29T11:40,61,3,0.00,649,11.90,67,1.60
2026-09-29T11:50,55,-999,0.00,630,11.80,65,1.90
2026-09-29T12:00,41,2,0.00,661,11.40,71,1.70
2026-09-29T12:10,51,5,0.00,684,11.50,73,1.50
2026-09-29T12:20,59,3,0.00,711,11.70,74,1.60
2026-09-29T12:30,41,3,0.00,688,11.40,76,1.60
2026-09-29T12:40,57,3,0.00,720,11.10,80,1.50
2026-09-29T12:50,61,4,0.00,709,11.20,78,1.30
2026-09-29T13:00,55,4,0.00,703,11.50,77,1.40
2026-09-29T13:10,49,4,0.00,712,11.90,75,1.60
2026-09-29T13:20,58,3,0.00,730,11.90,76,1.60
2026-09-29T13:30,56,0,0.00,736,12.00,77,1.50
2026-09-29T13:40,52,3,0.00,756,12.00,78,1.80
2026-09-29T13:50,63,3,0.00,748,11.80,80,1.40
2026-09-29T14:00,60,2,0.00,747,12.10,78,1.50
2026-09-29T14:10,59,2,0.00,746,12.10,79,1.50
2026-09-29T14:20,56,2,0.00,703,12.40,73,1.30
2026-09-29T14:30,36,2,0.00,685,12.00,76,1.80
2026-09-29T14:40,21,3,0.00,699,12.00,76,1.40
2026-09-29T14:50,44,1,0.00,694,12.20,73,1.40
2026-09-29T15:00,45,3,0.00,678,12.10,73,1.90
2026-09-29T15:10,46,1,0.00,636,12.10,73,1.60
2026-09-29T15:20,2,2,0.00,488,12.30,70,1.30
2026-09-29T15:30,341,3,0.00,456,11.80,79,1.70
2026-09-29T15:40,27,0,0.00,530,12.10,74,1.70
2026-09-29T15:50,46,2,0.00,491,11.90,72,1.40
2026-09-29T16:00,43,2,0.00,551,12.20,73,1.20
2026-09-29T16:10,1,0,0.00,438,12.10,78,1.30
2026-09-29T16:20,7,2,0.00,395,12.00,79,0.90
2026-09-29T16:30,358,2,0.00,224,11.70,78,1.10
2026-09-29T16:40,12,2,0.00,141,11.30,79,0.70
2026-09-29T16:50,27,3,0.00,201,11.00,82,0.90
2026-09-29T17:00,336,2,0.00,341,11.40,79,1.20
2026-09-29T17:10,344,1,0.00,316,11.70,78,1.00
2026-09-29T17:20,354,2,0.00,258,10.80,85,1.10
2026-09-29T17:30,,2,0.00,115,11.00,83,0.00
2026-09-29T17:40,,2,0.00,56,10.70,85,0.00
2026-09-29T17:50,,2,0.00,60,10.30,87,0.00
2026-09-29T18:00,92,3,0.00,39,9.90,87,1.50
2026-09-29T18:10,106,2,0.00,26,9.70,88,1.70
2026-09-29T18:20,104,2,0.00,24,9.60,87,1.50
2026-09-29T18:30,96,3,0.00,18,9.40,89,1.10
2026-09-29T18:40,160,2,0.00,14,9.20,89,0.50
2026-09-29T18:50,207,1,0.00,10,8.90,90,0.70
2026-09-29T19:00,216,0,0.00,0,8.60,91,0.90
2026-09-29T19:10,236,4,0.00,0,8.30,93,0.90
2026-09-29T19:20,217,3,0.00,0,8.10,94,0.80
2026-09-29T19:30,213,2,0.00,0,8.00,95,0.90
2026-09-29T19:40,220,2,0.00,0,7.90,96,0.60
2026-09-29T19:50,,4,0.00,0,7.70,97,0.00
2026-09-29T20:00,,4,0.00,0,7.70,98,0.00
2026-09-29T20:10,,5,0.00,0,7.70,98,0.00
2026-09-29T20:20,60,4,0.00,0,7.70,98,0.50
2026-09-29T20:30,45,5,0.00,0,7.60,99,0.30
2026-09-29T20:40,,5,0.00,0,7.60,99,0.00
2026-09-29T20:50,,5,0.00,0,7.60,99,0.00
2026-09-29T21:00,,5,0.00,0,7.60,99,0.00
2026-09-29T21:10,,5,0.00,0,7.60,99,0.00
2026-09-29T21:20,69,4,0.00,0,7.60,99,0.70
2026-09-29T21:30,88,5,0.00,0,7.60,99,0.50
2026-09-29T21:40,,4,0.00,0,7.60,99,0.00
2026-09-29T21:50,45,4,0.00,0,7.50,99,0.60
2026-09-29T22:00,92,4,0.00,0,7.60,96,1.40
2026-09-29T22:10,125,4,0.00,0,7.80,93,1.60
2026-09-29T22:20,160,4,0.00,0,7.90,92,1.30
2026-09-29T22:30,194,3,0.00,0,7.90,91,1.00
2026-09-29T22:40,168,4,0.00,0,7.90,91,1.40
2026-09-29T22:50,139,3,0.00,0,8.20,84,1.00
2026-09-29T23:00,84,3,0.00,0,7.70,88,0.50
2026-09-29T23:10,201,1,0.00,0,7.70,87,0.50
2026-09-29T23:20,161,3,0.00,0,7.90,85,0.70
2026-09-29T23:30,76,2,0.00,0,7.70,87,0.80
2026-09-29T23:40,2,2,0.00,0,7.00,94,0.40
2026-09-29T23:50,,2,0.00,0,6.80,97,0.00
2026-09-30T00:00,193,1,0.00,0,6.80,97,0.70
2026-09-30T00:10,204,1,0.00,0,7.00,92,0.90
2026-09-30T00:20,,3,0.00,0,6.70,93,0.00
2026-09-30T00:30,,2,0.00,0,6.70,98,0.00
2026-09-30T00:40,,2,0.00,0,6.60,99,0.00
2026-09-30T00:50,,3,0.00,0,6.50,99,0.00
2026-09-30T01:00,214,2,0.00,0,6.40,99,0.60
2026-09-30T01:10,200,2,0.00,0,6.30,99,1.20
2026-09-30T01:20,211,2,0.00,0,6.50,99,1.10
2026-09-30T01:30,218,3,0.00,0,6.50,99,0.90
2026-09-30T01:40,,1,0.00,0,6.50,98,0.00
2026-09-30T01:50,,1,0.00,0,6.50,97,0.00
2026-09-30T02:00,,0,0.00,0,6.50,98,0.00
2026-09-30T02:10,221,2,0.00,0,6.20,98,0.90
2026-09-30T02:20,211,3,0.00,0,6.00,99,0.70
2026-09-30T02:30,178,1,0.00,0,6.10,99,0.50
2026-09-30T02:40,,0,0.00,0,6.10,97,0.00
2026-09-30T02:50,,0,0.00,0,6.10,94,0.00
2026-09-30T03:00,,0,0.00,0,6.10,96,0.00
2026-09-30T03:10,,3,0.00,0,6.20,98,0.00
2026-09-30T03:20,,2,0.00,0,6.00,98,0.00
2026-09-30T03:30,202,2,0.00,0,5.90,97,0.90
2026-09-30T03:40,199,1,0.00,0,5.90,96,1.20
2026-09-30T03:50,203,2,0.00,0,6.20,92,1.00
2026-09-30T04:00,209,2,0.00,0,6.40,86,1.00
2026-09-30T04:10,75,1,0.00,0,6.20,88,0.50
2026-09-30T04:20,97,3,0.00,0,5.90,96,0.70
2026-09-30T04:30,209,1,0.00,0,5.40,92,1.50
2026-09-30T04:40,196,1,0.00,0,5.40,90,1.80
2026-09-30T04:50,187,1,0.00,0,5.90,86,1.40
2026-09-30T05:00,212,2,0.00,0,5.30,86,1.60
2026-09-30T05:10,197,0,0.00,0,5.70,85,1.70
2026-09-30T05:20,188,0,0.00,0,5.90,84,1.40
2026-09-30T05:30,175,2,0.00,0,5.90,85,1.40
2026-09-30T05:40,191,2,0.00,0,5.60,85,0.80
2026-09-30T05:50,217,0,0.00,0,5.10,86,1.50
2026-09-30T06:00,193,0,0.00,0,5.50,86,0.60
2026-09-30T06:10,203,3,0.00,0,5.40,87,0.50
2026-09-30T06:20,,0,0.00,0,5.30,89,0.00
2026-09-30T06:30,215,0,0.00,0,5.10,87,0.80
2026-09-30T06:40,204,0,0.00,0,5.00,89,1.00
2026-09-30T06:50,198,2,0.00,0,5.00,89,0.90
2026-09-30T07:00,195,3,0.00,0,5.20,89,0.40
2026-09-30T07:10,215,2,0.00,0,5.10,89,0.30
2026-09-30T07:20,211,2,0.00,0,4.90,86,1.10
2026-09-30T07:30,,0,0.00,6,5.10,87,0.00
2026-09-30T07:40,203,2,0.00,15,5.10,83,0.90
2026-09-30T07:50,196,3,0.00,21,5.30,86,1.10
2026-09-30T08:00,,0,0.00,45,5.90,90,0.00
2026-09-30T08:10,231,-999,0.00,82,6.40,84,0.30
2026-09-30T08:20,204,2,0.00,104,5.80,84,0.80
2026-09-30T08:30,196,-999,0.00,127,6.30,86,0.40
2026-09-30T08:40,225,-999,0.00,150,6.20,85,0.30
2026-09-30T08:50,,-999,0.00,163,6.70,85,0.00
2026-09-30T09:00,,-999,0.00,180,6.80,85,0.00
2026-09-30T09:10,302,-999,0.00,211,6.20,88,0.40
2026-09-30T09:20,65,-999,0.00,244,6.80,87,0.30
2026-09-30T09:30,57,1,0.00,242,6.90,90,0.80
2026-09-30T09:40,81,-999,0.00,291,6.40,95,1.00
2026-09-30T09:50,68,1,0.00,245,6.00,97,1.70
2026-09-30T10:00,81,2,0.00,277,5.90,98,1.50
2026-09-30T10:10,86,4,0.00,248,5.70,98,1.40
2026-09-30T10:20,37,2,0.00,212,6.00,99,1.00
2026-09-30T10:30,7,2,0.00,166,5.90,99,0.70
2026-09-30T10:40,74,5,0.00,261,6.10,99,1.10
2026-09-30T10:50,42,2,0.00,217,6.10,98,0.70
2026-09-30T11:00,33,2,0.00,258,6.20,97,1.10
2026-09-30T11:10,65,0,0.00,388,6.50,96,1.30
2026-09-30T11:20,52,2,0.00,660,7.10,93,1.10
2026-09-30T11:30,93,-999,0.00,546,7.80,90,1.30
2026-09-30T11:40,54,1,0.00,483,7.50,93,2.30
2026-09-30T11:50,59,3,0.00,324,7.20,96,2.00
2026-09-30T12:00,73,-999,0.00,226,7.00,97,2.00
2026-09-30T12:10,104,1,0.00,506,7.30,95,1.70
2026-09-30T12:20,189,6,0.00,636,8.30,89,0.40
2026-09-30T12:30,73,2,0.00,317,8.00,90,2.00
2026-09-30T12:40,70,1,0.00,446,7.90,93,2.40
2026-09-30T12:50,77,0,0.00,600,7.60,95,2.00
2026-09-30T13:00,67,-999,0.00,432,7.90,94,2.30
2026-09-30T13:10,63,2,0.00,368,8.10,93,1.70
2026-09-30T13:20,56,3,0.00,602,8.60,91,1.40
2026-09-30T13:30,61,2,0.00,677,9.30,87,1.70
2026-09-30T13:40,61,3,0.00,394,9.30,85,1.40
2026-09-30T13:50,54,4,0.00,286,9.40,83,1.60
2026-09-30T14:00,10,2,0.00,255,9.50,83,1.20
2026-09-30T14:10,331,1,0.00,309,9.60,84,2.00
2026-09-30T14:20,321,2,0.00,363,9.80,78,2.00
2026-09-30T14:30,356,2,0.00,196,9.80,78,1.80
2026-09-30T14:40,56,2,0.00,147,9.70,78,1.40
2026-09-30T14:50,62,2,0.00,149,9.80,77,1.10
2026-09-30T15:00,35,2,0.00,135,9.70,77,1.60
2026-09-30T15:10,331,2,0.00,151,9.60,81,1.50
2026-09-30T15:20,304,2,0.00,126,9.60,79,0.90
2026-09-30T15:30,,2,0.00,116,9.70,77,0.00
2026-09-30T15:40,295,2,0.00,114,9.90,78,1.00
2026-09-30T15:50,288,2,0.00,108,9.90,77,1.60
2026-09-30T16:00,9,2,0.00,104,9.70,81,0.80
2026-09-30T16:10,350,2,0.00,63,9.40,80,0.70
2026-09-30T16:20,,1,0.00,65,9.20,81,0.00
2026-09-30T16:30,,2,0.00,81,9.20,82,0.00
2026-09-30T16:40,,2,0.00,94,9.40,82,0.00
2026-09-30T16:50,283,2,0.00,88,9.50,82,1.60
2026-09-30T17:00,339,2,0.00,130,9.30,82,1.10
2026-09-30T17:10,344,3,0.00,177,9.10,82,1.10
2026-09-30T17:20,10,2,0.00,101,9.00,84,0.60
2026-09-30T17:30,,2,0.00,81,8.90,84,0.00
2026-09-30T17:40,350,2,0.00,64,8.90,85,0.90
2026-09-30T17:50,337,3,0.00,59,8.70,88,0.80
2026-09-30T18:00,319,3,0.00,50,8.50,89,0.80
2026-09-30T18:10,,3,0.00,46,8.50,89,0.00
2026-09-30T18:20,46,4,0.00,39,8.20,91,0.40
2026-09-30T18:30,,4,0.00,29,8.10,94,0.00
2026-09-30T18:40,349,3,0.00,18,7.80,95,0.30
2026-09-30T18:50,333,3,0.00,9,7.40,97,0.50
2026-09-30T19:00,,4,0.00,0,7.20,98,0.00
2026-09-30T19:10,,5,0.00,0,7.10,99,0.00
2026-09-30T19:20,,4,0.00,0,7.10,99,0.00
2026-09-30T19:30,,3,0.00,0,7.10,99,0.00
2026-09-30T19:40,336,3,0.00,0,7.10,99,0.60
2026-09-30T19:50,298,4,0.00,0,7.00,99,0.60
2026-09-30T20:00,283,4,0.00,0,7.00,99,1.40
2026-09-30T20:10,266,4,0.00,0,7.00,99,1.90
2026-09-30T20:20,281,4,0.00,0,6.90,99,1.60
2026-09-30T20:30,344,4,0.00,0,6.90,99,0.70
2026-09-30T20:40,78,3,0.00,0,6.70,99,0.80
2026-09-30T20:50,50,3,0.00,0,6.70,99,0.80
2026-09-30T21:00,301,3,0.00,0,6.70,99,0.50
2026-09-30T21:10,316,3,0.00,0,6.70,99,0.70
2026-09-30T21:20,356,3,0.00,0,6.70,99,0.40
2026-09-30T21:30,9,3,0.00,0,6.60,99,0.70
2026-09-30T21:40,30,3,0.00,0,6.50,99,0.80
2026-09-30T21:50,344,3,0.00,0,6.50,99,0.60
2026-09-30T22:00,311,3,0.00,0,6.50,99,0.40
2026-09-30T22:10,,3,0.00,0,6.50,99,0.00
2026-09-30T22:20,,3,0.00,0,6.50,99,0.00
2026-09-30T22:30,95,3,0.00,0,6.40,99,0.40
2026-09-30T22:40,68,3,0.00,0,6.30,99,0.80
2026-09-30T22:50,77,3,0.00,0,6.30,99,0.60
2026-09-30T23:00,,4,0.00,0,6.40,99,0.00
2026-09-30T23:10,,4,0.00,0,6.40,99,0.00
2026-09-30T23:20,,4,0.00,0,6.40,99,0.00
2026-09-30T23:30,96,4,0.00,0,6.40,99,0.50
2026-09-30T23:40,,3,0.00,0,6.50,99,0.00
2026-09-30T23:50,,3,0.00,0,6.40,99,0.00
2026-10-01T00:00,,3,0.00,0,6.40,99,0.00
2026-10-01T00:10,,4,0.00,0,6.40,99,0.00
2026-10-01T00:20,,3,0.00,0,6.20,99,0.00
2026-10-01T00:30,,3,0.00,0,6.20,99,0.00
2026-10-01T00:40,,4,0.00,0,6.20,99,0.00
2026-10-01T00:50,238,4,0.00,0,6.00,99,1.20
2026-10-01T01:00,309,4,0.00,0,6.10,99,1.40
2026-10-01T01:10,348,4,0.00,0,6.00,99,0.70
2026-10-01T01:20,,4,0.00,0,6.10,99,0.00
2026-10-01T01:30,211,4,0.00,0,6.00,99,0.50
2026-10-01T01:40,,4,0.00,0,6.00,99,0.00
2026-10-01T01:50,,4,0.00,0,5.90,99,0.00
2026-10-01T02:00,65,4,0.00,0,5.80,99,0.70
2026-10-01T02:10,,4,0.00,0,5.90,99,0.00
2026-10-01T02:20,185,4,0.00,0,5.70,99,1.00
2026-10-01T02:30,216,4,0.00,0,5.70,99,0.60
2026-10-01T02:40,,4,0.00,0,5.70,99,0.00
2026-10-01T02:50,221,4,0.00,0,5.70,99,0.60
2026-10-01T03:00,191,4,0.00,0,5.50,99,0.80
2026-10-01T03:10,215,4,0.00,0,5.70,99,0.90
2026-10-01T03:20,219,4,0.00,0,5.70,99,1.00
2026-10-01T03:30,188,4,0.00,0,5.70,99,1.40
2026-10-01T03:40,204,4,0.00,0,5.60,99,1.60
2026-10-01T03:50,175,4,0.00,0,5.70,98,1.00
2026-10-01T04:00,184,4,0.00,0,5.70,97,1.00
2026-10-01T04:10,202,4,0.00,0,5.90,96,1.00
2026-10-01T04:20,,4,0.00,0,5.90,96,0.00
2026-10-01T04:30,265,4,0.00,0,6.00,97,1.90
2026-10-01T04:40,,4,0.00,0,6.10,96,0.00
2026-10-01T04:50,117,4,0.00,0,6.10,95,0.60
2026-10-01T05:00,,3,0.00,0,6.10,95,0.00
2026-10-01T05:10,,2,0.00,0,6.00,95,0.00
2026-10-01T05:20,105,3,0.00,0,5.90,96,1.00
2026-10-01T05:30,171,4,0.00,0,5.70,96,0.40
2026-10-01T05:40,197,3,0.00,0,5.50,95,0.90
2026-10-01T05:50,207,4,0.00,0,5.40,95,1.30
2026-10-01T06:00,206,2,0.00,0,5.40,96,0.30
2026-10-01T06:10,203,2,0.00,0,5.30,95,1.60
2026-10-01T06:20,206,1,0.00,0,5.40,95,1.40
2026-10-01T06:30,215,0,0.00,0,5.50,94,0.50
2026-10-01T06:40,,4,0.00,0,5.30,94,0.00
2026-10-01T06:50,194,1,0.00,0,5.30,94,0.30
2026-10-01T07:00,205,2,0.00,0,5.30,94,1.00
2026-10-01T07:10,199,1,0.00,6,5.50,92,1.10
2026-10-01T07:20,210,3,0.00,14,5.10,91,1.40
2026-10-01T07:30,,1,0.00,22,5.50,93,0.00
2026-10-01T07:40,,5,0.00,36,5.50,92,0.00
2026-10-01T07:50,,5,0.00,49,5.30,93,0.00
2026-10-01T08:00,117,3,0.00,69,5.30,96,0.60
2026-10-01T08:10,,3,0.00,81,5.40,97,0.00
2026-10-01T08:20,,2,0.00,104,5.50,99,0.00
2026-10-01T08:30,209,3,0.00,108,5.40,97,0.80
2026-10-01T08:40,205,3,0.00,126,5.80,93,0.40
2026-10-01T08:50,75,0,0.00,186,6.40,93,1.00
2026-10-01T09:00,69,2,0.00,144,6.20,97,1.30
2026-10-01T09:10,78,3,0.00,149,6.00,99,1.30
2026-10-01T09:20,48,2,0.00,178,6.10,99,1.10
2026-10-01T09:30,,2,0.00,353,6.30,99,0.00
2026-10-01T09:40,,3,0.00,248,7.00,94,0.00
2026-10-01T09:50,43,5,0.00,179,7.10,93,1.40
2026-10-01T10:00,45,3,0.00,186,7.20,94,0.90
2026-10-01T10:10,54,0,0.00,200,7.20,95,1.00
2026-10-01T10:20,327,1,0.00,182,7.30,94,1.40
2026-10-01T10:30,1,4,0.00,148,7.20,93,0.90
2026-10-01T10:40,61,3,0.00,174,7.10,96,1.70
2026-10-01T10:50,75,5,0.00,201,7.20,95,1.50
2026-10-01T11:00,57,3,0.00,167,7.40,93,1.10
2026-10-01T11:10,70,4,0.00,165,7.50,95,1.60
2026-10-01T11:20,76,2,0.00,169,7.40,97,1.30
2026-10-01T11:30,69,4,0.00,198,7.50,96,1.60
2026-10-01T11:40,71,4,0.00,188,7.50,96,1.70
2026-10-01T11:50,82,4,0.00,191,7.40,97,1.80
2026-10-01T12:00,66,-999,0.00,181,7.80,96,1.40
2026-10-01T12:10,82,3,0.00,190,7.70,96,1.50
2026-10-01T12:20,67,3,0.00,188,7.70,97,1.90
2026-10-01T12:30,62,3,0.00,196,7.80,97,1.60
2026-10-01T12:40,64,3,0.00,262,7.90,96,1.80
2026-10-01T12:50,77,1,0.00,283,8.10,95,1.70
2026-10-01T13:00,70,3,0.00,256,8.10,95,1.80
2026-10-01T13:10,42,3,0.00,249,8.10,95,1.90
2026-10-01T13:20,75,2,0.00,287,8.10,94,1.60
2026-10-01T13:30,43,3,0.00,233,8.20,93,1.60
2026-10-01T13:40,40,3,0.00,170,8.30,94,1.40
2026-10-01T13:50,70,2,0.00,183,8.20,95,0.90
2026-10-01T14:00,59,4,0.00,169,8.10,95,1.20
2026-10-01T14:10,61,4,0.00,147,8.30,94,0.60
2026-10-01T14:20,49,3,0.00,212,8.50,93,1.00
2026-10-01T14:30,128,3,0.00,203,8.60,92,0.50
2026-10-01T14:40,339,3,0.00,391,9.00,90,0.70
2026-10-01T14:50,60,1,0.00,684,9.60,88,1.00
2026-10-01T15:00,76,2,0.00,481,8.40,94,2.70
2026-10-01T15:10,80,4,0.00,586,8.50,95,2.00
2026-10-01T15:20,70,2,0.00,349,9.20,90,0.50
2026-10-01T15:30,62,0,0.00,417,9.50,88,1.10
2026-10-01T15:40,56,3,0.00,295,9.40,89,1.40
2026-10-01T15:50,58,2,0.00,206,9.10,92,1.50
2026-10-01T16:00,59,2,0.00,185,8.90,94,1.00
2026-10-01T16:10,50,2,0.00,190,9.10,93,1.20
2026-10-01T16:20,44,3,0.00,324,9.20,92,1.30
2026-10-01T16:30,54,1,0.00,212,9.40,91,1.40
2026-10-01T16:40,53,0,0.00,160,9.00,94,1.00
2026-10-01T16:50,0,2,0.00,165,9.30,92,0.50
2026-10-01T17:00,338,2,0.00,140,9.20,92,1.00
2026-10-01T17:10,349,1,0.00,153,9.00,94,0.90
2026-10-01T17:20,317,3,0.00,147,8.90,93,1.00
2026-10-01T17:30,326,2,0.00,113,8.90,93,1.00
2026-10-01T17:40,336,3,0.00,88,8.50,95,1.10
2026-10-01T17:50,358,4,0.00,61,8.40,97,0.80
2026-10-01T18:00,358,4,0.00,33,8.30,97,0.60
2026-10-01T18:10,332,5,0.00,20,8.10,96,0.90
2026-10-01T18:20,,4,0.00,23,8.10,97,0.00
2026-10-01T18:30,93,4,0.00,18,8.10,97,0.50
2026-10-01T18:40,81,4,0.00,11,8.00,98,0.50
2026-10-01T18:50,70,4,0.00,6,7.60,99,1.50
2026-10-01T19:00,58,4,0.00,0,7.20,99,1.20
2026-10-01T19:10,37,4,0.00,0,7.20,99,0.80
2026-10-01T19:20,,4,0.00,0,7.20,99,0.00
2026-10-01T19:30,,,0.00,0,7.20,99,
2026-10-01T19:40,275,4,0.00,0,7.30,99,0.70
2026-10-01T19:50,347,3,0.00,0,7.10,99,0.90
2026-10-01T20:00,32,3,0.00,0,7.10,99,0.90
2026-10-01T20:10,69,3,0.00,0,7.00,99,0.70
2026-10-01T20:20,,3,0.00,0,7.00,99,0.00
2026-10-01T20:30,,3,0.00,0,6.90,99,0.00
2026-10-01T20:40,298,3,0.00,0,7.10,99,0.30
2026-10-01T20:50,305,4,0.00,0,7.10,99,0.40
2026-10-01T21:00,7,3,0.00,0,7.00,99,0.80
2026-10-01T21:10,354,4,0.00,0,6.90,99,0.70
2026-10-01T21:20,15,3,0.00,0,6.90,99,0.40
2026-10-01T21:30,60,3,0.00,0,6.80,99,0.40
2026-10-01T21:40,,4,0.00,0,6.80,99,0.00
2026-10-01T21:50,,3,0.00,0,6.90,99,0.00
2026-10-01T22:00,,4,0.00,0,6.90,99,0.00
2026-10-01T22:10,21,3,0.00,0,6.90,99,0.70
2026-10-01T22:20,57,4,0.00,0,6.70,99,0.40
2026-10-01T22:30,,3,0.00,0,6.70,99,0.00
2026-10-01T22:40,,4,0.00,0,6.80,99,0.00
2026-10-01T22:50,313,4,0.00,0,6.80,99,0.50
2026-10-01T23:00,3,4,0.00,0,6.80,99,0.60
2026-10-01T23:10,333,3,0.00,0,6.80,99,1.00
2026-10-01T23:20,,3,0.00,0,6.80,99,0.00
2026-10-01T23:30,185,3,0.00,0,6.70,99,0.40
2026-10-01T23:40,166,3,0.00,0,6.70,99,0.30
2026-10-01T23:50,181,3,0.00,0,6.80,99,0.60
2026-10-02T00:00,211,3,0.00,0,6.80,99,0.50
2026-10-02T00:10,228,3,0.00,0,6.80,99,0.30
2026-10-02T00:20,91,4,0.00,0,6.80,98,0.80
2026-10-02T00:30,,3,0.00,0,6.70,98,0.00
2026-10-02T00:40,211,3,0.00,0,6.60,98,0.90
2026-10-02T00:50,217,4,0.00,0,6.60,98,1.00
2026-10-02T01:00,208,3,0.00,0,6.60,98,0.40
2026-10-02T01:10,,3,0.00,0,6.60,98,0.00
2026-10-02T01:20,,3,0.00,0,6.60,98,0.00
2026-10-02T01:30,46,-999,0.00,0,6.50,99,0.40
2026-10-02T01:40,,-999,0.00,0,6.50,99,0.00
2026-10-02T01:50,,-999,0.00,0,6.50,99,0.00
2026-10-02T02:00,,-999,0.00,0,6.50,99,0.00
2026-10-02T02:10,,-999,0.00,0,6.60,99,0.00
2026-10-02T02:20,88,-999,0.00,0,6.70,98,0.50
2026-10-02T02:30,,-999,0.00,0,6.60,99,0.00
2026-10-02T02:40,,-999,0.00,0,6.50,99,0.00
2026-10-02T02:50,,-999,0.00,0,6.60,99,0.00
2026-10-02T03:00,,-999,0.00,0,6.50,99,0.00
2026-10-02T03:10,209,-999,0.00,0,6.60,98,0.40
2026-10-02T03:20,,-999,0.00,0,6.60,98,0.00
2026-10-02T03:30,,-999,0.00,0,6.70,98,0.00
2026-10-02T03:40,207,-999,0.00,0,6.70,97,0.40
2026-10-02T03:50,,-999,0.00,0,6.70,97,0.00
2026-10-02T04:00,,-999,0.00,0,6.80,97,0.00
2026-10-02T04:10,210,-999,0.00,0,6.80,96,1.00
2026-10-02T04:20,194,-999,0.00,0,6.90,96,1.10
2026-10-02T04:30,199,-999,0.00,0,7.10,94,0.90
2026-10-02T04:40,,3,0.00,0,7.10,94,0.00
2026-10-02T04:50,,2,0.00,0,7.00,94,0.00
2026-10-02T05:00,,3,0.00,0,6.90,95,0.00
2026-10-02T05:10,,3,0.00,0,7.00,96,0.00
2026-10-02T05:20,,3,0.00,0,6.90,96,0.00
2026-10-02T05:30,205,3,0.00,0,6.90,95,0.60
2026-10-02T05:40,203,2,0.00,0,7.10,93,0.90
2026-10-02T05:50,15,3,0.00,0,7.20,93,0.40
2026-10-02T06:00,47,3,0.00,0,6.90,95,0.50
2026-10-02T06:10,,2,0.00,0,6.80,96,0.00
2026-10-02T06:20,202,2,0.00,0,6.80,95,0.60
2026-10-02T06:30,227,2,0.00,0,6.80,96,0.70
2026-10-02T06:40,,4,0.00,0,6.90,95,0.00
2026-10-02T06:50,335,3,0.00,0,7.00,94,0.40
2026-10-02T07:00,67,2,0.00,0,6.80,95,0.70
2026-10-02T07:10,100,2,0.00,0,6.60,97,1.70
2026-10-02T07:20,183,-999,0.00,0,6.50,98,0.60
2026-10-02T07:30,187,-999,0.00,0,6.50,97,0.70
2026-10-02T07:40,198,-999,0.00,9,6.60,96,0.30
2026-10-02T07:50,,-999,0.00,17,6.80,96,0.00
2026-10-02T08:00,,-999,0.00,25,7.00,94,0.00
2026-10-02T08:10,76,-999,0.00,40,7.00,94,0.40
2026-10-02T08:20,92,-999,0.00,59,7.10,94,0.60
2026-10-02T08:30,104,-999,0.00,78,7.00,96,0.50
2026-10-02T08:40,,-999,0.00,139,7.30,95,0.00
2026-10-02T08:50,71,-999,0.00,218,7.90,93,0.90
2026-10-02T09:00,55,-999,0.00,250,8.20,91,0.70
2026-10-02T09:10,62,-999,0.00,317,8.20,93,1.20
2026-10-02T09:20,59,-999,0.00,141,7.70,95,1.50
2026-10-02T09:30,63,-999,0.00,144,7.60,97,1.10
2026-10-02T09:40,50,-999,0.00,144,7.60,97,1.10
2026-10-02T09:50,56,5,0.00,172,7.80,97,1.10
2026-10-02T10:00,49,0,0.00,198,7.90,96,1.10
2026-10-02T10:10,31,3,0.00,181,8.10,95,0.80
2026-10-02T10:20,332,2,0.00,214,8.40,95,0.90
2026-10-02T10:30,359,-999,0.00,206,8.30,94,0.60
2026-10-02T10:40,66,0,0.00,261,8.70,91,0.80
2026-10-02T10:50,48,-999,0.00,328,8.90,93,1.60
2026-10-02T11:00,66,2,0.00,350,9.10,92,1.50
2026-10-02T11:10,45,2,0.00,270,9.20,91,1.30
2026-10-02T11:20,33,2,0.00,271,9.30,91,1.50
2026-10-02T11:30,30,2,0.00,146,9.10,93,1.90
2026-10-02T11:40,49,5,0.00,151,9.00,94,1.30
2026-10-02T11:50,61,4,0.00,195,9.10,92,0.70
2026-10-02T12:00,316,-999,0.00,191,9.40,88,0.80
2026-10-02T12:10,51,3,0.00,126,9.30,91,1.40
2026-10-02T12:20,42,4,0.00,140,9.20,92,1.00
2026-10-02T12:30,48,1,0.00,171,9.30,92,0.80
2026-10-02T12:40,54,3,0.00,153,9.40,91,1.40
2026-10-02T12:50,55,3,0.00,143,9.00,93,2.10
2026-10-02T13:00,47,2,0.00,144,9.00,93,1.40
2026-10-02T13:10,51,4,0.00,168,9.30,89,0.80
2026-10-02T13:20,58,3,0.00,197,9.40,89,1.20
2026-10-02T13:30,41,3,0.00,165,9.40,88,1.00
2026-10-02T13:40,64,3,0.00,173,9.50,86,1.00
2026-10-02T13:50,46,1,0.00,205,9.40,89,1.40
2026-10-02T14:00,43,-999,0.00,227,9.50,90,1.30
2026-10-02T14:10,28,2,0.00,218,9.50,90,1.50
2026-10-02T14:20,57,4,0.00,184,9.40,90,1.00
2026-10-02T14:30,45,1,0.00,139,9.30,91,1.60
2026-10-02T14:40,33,2,0.00,131,9.10,92,1.10
2026-10-02T14:50,12,3,0.00,151,9.40,90,0.70
2026-10-02T15:00,44,2,0.00,115,9.50,92,1.20
2026-10-02T15:10,79,2,0.00,135,9.20,93,1.30
2026-10-02T15:20,48,2,0.00,118,9.20,95,1.60
2026-10-02T15:30,45,1,0.00,123,9.30,95,1.20
2026-10-02T15:40,41,2,0.00,118,9.30,95,1.30
2026-10-02T15:50,52,3,0.00,87,9.00,97,1.50
2026-10-02T16:00,44,2,0.00,79,8.80,96,1.40
2026-10-02T16:10,48,2,0.00,91,8.80,97,0.90
2026-10-02T16:20,60,1,0.00,91,9.00,96,0.80
2026-10-02T16:30,15,3,0.00,83,9.00,96,1.00
2026-10-02T16:40,23,2,0.00,62,8.80,97,1.10
2026-10-02T16:50,41,3,0.00,51,8.70,98,0.90
2026-10-02T17:00,53,2,0.00,54,8.60,98,0.70
2026-10-02T17:10,41,2,0.00,33,8.60,98,0.80
2026-10-02T17:20,,3,0.00,32,8.50,98,0.00
2026-10-02T17:30,324,3,0.00,42,8.50,98,1.10
2026-10-02T17:40,2,3,0.00,36,8.40,99,0.90
2026-10-02T17:50,36,3,0.00,28,8.30,99,0.70
2026-10-02T18:00,317,3,0.00,26,8.30,99,1.00
2026-10-02T18:10,4,3,0.00,24,8.20,99,0.40
2026-10-02T18:20,15,3,0.00,10,8.10,99,0.80
2026-10-02T18:30,337,3,0.00,9,8.10,99,1.00
2026-10-02T18:40,11,3,0.00,6,8.00,99,1.10
2026-10-02T18:50,43,3,0.00,0,7.80,99,1.40
2026-10-02T19:00,308,3,0.00,0,7.70,99,1.20
2026-10-02T19:10,,3,0.00,0,7.70,99,0.00
2026-10-02T19:20,,2,0.00,0,7.70,99,0.00
2026-10-02T19:30,,2,0.00,0,7.70,99,0.00
2026-10-02T19:40,,2,0.00,0,7.60,99,0.00
2026-10-02T19:50,33,2,0.00,0,7.60,99,0.50
2026-10-02T20:00,37,2,0.00,0,7.50,99,1.00
2026-10-02T20:10,7,2,0.00,0,7.50,99,0.60
2026-10-02T20:20,330,2,0.00,0,7.50,99,0.70
2026-10-02T20:30,,2,0.00,0,7.50,99,0.00
2026-10-02T20:40,,2,0.00,0,7.50,99,0.00
2026-10-02T20:50,245,2,0.00,0,7.40,99,0.30
2026-10-02T21:00,333,2,0.00,0,7.50,99,0.40
2026-10-02T21:10,347,2,0.00,0,7.40,99,0.70
2026-10-02T21:20,24,2,0.00,0,7.30,99,0.40
2026-10-02T21:30,,3,0.00,0,7.30,99,0.00
2026-10-02T21:40,9,2,0.00,0,7.30,99,0.30
2026-10-02T21:50,336,3,0.00,0,7.30,99,0.70
2026-10-02T22:00,333,2,0.00,0,7.30,99,0.70
2026-10-02T22:10,30,3,0.00,0,7.20,99,0.50
2026-10-02T22:20,,2,0.00,0,7.20,99,0.00
2026-10-02T22:30,,2,0.00,0,7.20,99,0.00
2026-10-02T22:40,,2,0.00,0,7.20,99,0.00
2026-10-02T22:50,,2,0.00,0,7.10,99,0.00
2026-10-02T23:00,,2,0.00,0,7.10,99,0.00
2026-10-02T23:10,,2,0.00,0,7.10,99,0.00
2026-10-02T23:20,59,2,0.00,0,7.00,99,0.60
2026-10-02T23:30,66,2,0.00,0,7.00,99,0.40
2026-10-02T23:40,62,2,0.00,0,6.90,99,0.90
2026-10-02T23:50,,3,0.00,0,6.80,99,0.00
2026-10-03T00:00,,2,0.00,0,6.80,99,0.00
2026-10-03T00:10,176,2,0.00,0,6.80,99,0.80
2026-10-03T00:20,178,4,0.00,0,6.80,99,0.80
2026-10-03T00:30,,1,0.00,0,6.80,99,0.00
2026-10-03T00:40,56,0,0.00,0,6.60,99,0.70
2026-10-03T00:50,,6,0.00,0,6.30,99,0.00
2026-10-03T01:00,200,5,0.00,0,6.00,99,1.10
2026-10-03T01:10,198,5,0.00,0,6.30,99,1.30
2026-10-03T01:20,183,3,0.00,0,6.40,99,0.70
2026-10-03T01:30,328,4,0.00,0,6.30,99,0.50
2026-10-03T01:40,,5,0.00,0,6.20,99,0.00
2026-10-03T01:50,212,5,0.00,0,6.20,99,0.40
2026-10-03T02:00,172,6,0.00,0,6.30,99,1.10
2026-10-03T02:10,188,5,0.00,0,6.50,99,0.50
2026-10-03T02:20,,6,0.00,0,6.50,99,0.00
2026-10-03T02:30,,5,0.00,0,6.40,99,0.00
2026-10-03T02:40,,6,0.00,0,6.50,99,0.00
2026-10-03T02:50,211,5,0.00,0,6.40,99,0.90
2026-10-03T03:00,,6,0.00,0,6.50,98,0.00
2026-10-03T03:10,,5,0.00,0,6.70,97,0.00
2026-10-03T03:20,227,5,0.00,0,6.70,97,1.10
2026-10-03T03:30,213,6,0.00,0,6.90,95,1.70
2026-10-03T03:40,204,4,0.00,0,6.90,93,0.80
2026-10-03T03:50,45,5,0.00,0,6.40,96,0.30
2026-10-03T04:00,,4,0.00,0,6.30,97,0.00
2026-10-03T04:10,211,4,0.00,0,6.10,97,1.20
2026-10-03T04:20,200,2,0.00,0,6.20,96,1.00
2026-10-03T04:30,,0,0.00,0,6.40,93,0.00
2026-10-03T04:40,,2,0.00,0,6.20,93,0.00
2026-10-03T04:50,206,3,0.00,0,5.90,92,1.10
2026-10-03T05:00,193,1,0.00,0,6.00,93,1.70
2026-10-03T05:10,197,4,0.00,0,6.20,92,1.30
2026-10-03T05:20,214,5,0.00,0,5.90,92,1.00
2026-10-03T05:30,209,4,0.00,0,6.00,92,1.70
2026-10-03T05:40,199,5,0.00,0,6.10,91,2.10
2026-10-03T05:50,217,2,0.00,0,6.00,91,2.00
2026-10-03T06:00,224,1,0.00,0,5.80,91,2.60
2026-10-03T06:10,206,5,0.00,0,6.10,89,2.00
2026-10-03T06:20,210,4,0.00,0,6.40,85,0.90
2026-10-03T06:30,107,3,0.00,0,5.90,88,0.50
2026-10-03T06:40,,3,0.00,0,5.70,91,0.00
2026-10-03T06:50,113,1,0.00,0,5.70,96,1.00
2026-10-03T07:00,,5,0.00,0,5.30,98,0.00
2026-10-03T07:10,107,4,0.00,0,5.00,99,1.40
2026-10-03T07:20,102,6,0.00,0,4.90,99,1.10
2026-10-03T07:30,151,5,0.00,6,4.70,99,0.50
2026-10-03T07:40,105,6,0.00,9,4.60,99,0.60
2026-10-03T07:50,,6,0.00,13,4.80,99,0.00
2026-10-03T08:00,198,7,0.00,15,4.40,99,1.80
2026-10-03T08:10,203,6,0.00,20,4.60,99,1.80
2026-10-03T08:20,197,6,0.00,28,4.70,99,1.70
2026-10-03T08:30,202,1,0.00,36,4.70,99,1.50
2026-10-03T08:40,212,7,0.00,37,4.90,99,1.60
2026-10-03T08:50,206,5,0.00,55,5.00,99,1.40
2026-10-03T09:00,219,5,0.00,67,5.10,99,1.30
2026-10-03T09:10,226,13,0.00,72,5.20,99,1.10
2026-10-03T09:20,218,6,0.00,71,5.20,99,1.10
2026-10-03T09:30,247,1,0.00,70,5.40,99,0.60
2026-10-03T09:40,215,4,0.00,75,5.40,99,0.70
2026-10-03T09:50,236,3,0.00,94,5.50,99,0.50
2026-10-03T10:00,,5,0.00,108,5.60,99,0.00
2026-10-03T10:10,337,4,0.00,99,5.80,99,0.60
2026-10-03T10:20,300,4,0.00,131,5.70,99,0.50
2026-10-03T10:30,63,0,0.00,149,5.80,99,0.90
2026-10-03T10:40,71,3,0.00,184,5.90,99,1.30
2026-10-03T10:50,83,5,0.00,230,6.00,99,0.90
2026-10-03T11:00,53,5,0.00,217,6.40,99,1.20
2026-10-03T11:10,356,1,0.00,246,6.30,99,1.10
2026-10-03T11:20,322,2,0.00,212,6.50,98,1.20
2026-10-03T11:30,49,2,0.00,237,6.70,97,1.40
2026-10-03T11:40,48,3,0.00,178,6.70,97,1.60
2026-10-03T11:50,51,4,0.00,178,6.80,96,1.70
2026-10-03T12:00,52,5,0.00,203,6.80,95,1.50
2026-10-03T12:10,,1,0.00,281,7.30,93,0.00
2026-10-03T12:20,59,2,0.00,327,7.90,89,0.80
2026-10-03T12:30,81,2,0.00,337,7.80,91,2.20
2026-10-03T12:40,95,4,0.00,228,7.80,92,1.90
2026-10-03T12:50,108,2,0.00,275,8.00,91,2.20
2026-10-03T13:00,103,0,0.00,438,8.30,90,2.20
2026-10-03T13:10,113,4,0.00,174,8.50,88,2.00
2026-10-03T13:20,119,3,0.00,336,8.70,88,1.60
2026-10-03T13:30,97,3,0.00,148,8.80,87,1.10
2026-10-03T13:40,94,2,0.00,409,9.00,87,1.00
2026-10-03T13:50,76,1,0.00,346,9.00,87,1.30
2026-10-03T14:00,88,2,0.00,611,9.20,87,1.40
2026-10-03T14:10,100,5,0.00,265,9.60,85,1.70
2026-10-03T14:20,92,-999,0.00,771,10.30,78,1.60
2026-10-03T14:30,89,2,0.00,750,9.90,80,2.30
2026-10-03T14:40,93,-999,0.00,683,10.60,75,1.70
2026-10-03T14:50,68,2,0.00,469,10.90,75,1.80
2026-10-03T15:00,45,1,0.00,444,10.70,73,2.10
2026-10-03T15:10,61,2,0.00,323,10.60,74,2.20
2026-10-03T15:20,53,2,0.00,521,10.50,73,1.90
2026-10-03T15:30,62,3,0.00,352,10.30,73,2.00
2026-10-03T15:40,61,3,0.00,618,10.80,70,1.30
2026-10-03T15:50,69,1,0.00,580,11.20,68,1.60
2026-10-03T16:00,83,3,0.00,557,11.00,61,1.70
2026-10-03T16:10,68,0,0.00,539,10.90,63,1.90
2026-10-03T16:20,88,1,0.00,521,11.20,60,1.60
2026-10-03T16:30,77,2,0.00,476,10.90,63,1.60
2026-10-03T16:40,44,0,0.00,447,11.00,64,1.30
2026-10-03T16:50,16,1,0.00,404,11.30,65,0.80
2026-10-03T17:00,326,0,0.00,370,11.00,65,1.60
2026-10-03T17:10,320,2,0.00,311,10.40,71,2.10
2026-10-03T17:20,259,2,0.00,58,10.00,73,0.50
2026-10-03T17:30,332,1,0.00,46,9.70,76,0.70
2026-10-03T17:40,301,1,0.00,41,9.40,78,0.60
2026-10-03T17:50,209,2,0.00,34,9.10,79,1.20
2026-10-03T18:00,246,2,0.00,27,9.00,80,0.80
2026-10-03T18:10,288,1,0.00,22,8.80,81,0.40
2026-10-03T18:20,348,0,0.00,19,8.50,83,0.30
2026-10-03T18:30,,0,0.00,16,8.20,84,0.00
2026-10-03T18:40,60,-999,0.00,11,8.30,83,0.50
2026-10-03T18:50,,-999,0.00,0,8.00,84,0.00
2026-10-03T19:00,206,0,0.00,0,7.70,85,0.80
2026-10-03T19:10,121,-999,0.00,0,7.70,87,0.50
2026-10-03T19:20,,-999,0.00,0,7.50,87,0.00
2026-10-03T19:30,,-999,0.00,0,6.90,90,0.00
2026-10-03T19:40,201,2,0.00,0,6.50,93,0.60
2026-10-03T19:50,202,1,0.00,0,6.50,95,0.50
2026-10-03T20:00,207,2,0.00,0,6.30,93,0.70
2026-10-03T20:10,,3,0.00,0,6.60,95,0.00
2026-10-03T20:20,,3,0.00,0,6.50,95,0.00
2026-10-03T20:30,,5,0.00,0,6.30,96,0.00
2026-10-03T20:40,,6,0.00,0,6.10,98,0.00
2026-10-03T20:50,213,7,0.00,0,6.20,98,0.70
2026-10-03T21:00,203,6,0.00,0,6.40,97,1.20
2026-10-03T21:10,194,6,0.00,0,6.20,97,1.50
2026-10-03T21:20,190,5,0.00,0,6.10,97,2.00
2026-10-03T21:30,214,3,0.00,0,6.30,97,1.10
2026-10-03T21:40,317,2,0.00,0,6.40,96,0.40
2026-10-03T21:50,,1,0.00,0,6.50,96,0.00
2026-10-03T22:00,95,2,0.00,0,6.40,97,0.30
2026-10-03T22:10,,1,0.00,0,6.30,97,0.00
2026-10-03T22:20,,2,0.00,0,6.20,97,0.00
2026-10-03T22:30,,2,0.00,0,6.40,95,0.00
2026-10-03T22:40,127,2,0.00,0,6.40,93,1.00
2026-10-03T22:50,217,2,0.00,0,6.30,93,1.50
2026-10-03T23:00,208,2,0.00,0,6.30,93,2.00
2026-10-03T23:10,198,2,0.00,0,6.30,94,2.10
2026-10-03T23:20,206,2,0.00,0,6.30,94,2.20
2026-10-03T23:30,205,1,0.00,0,6.30,94,1.80
2026-10-03T23:40,197,1,0.00,0,6.50,92,1.00
2026-10-03T23:50,182,1,0.00,0,6.70,90,0.30
2026-10-04T00:00,,1,0.00,0,6.80,89,0.00
2026-10-04T00:10,,1,0.00,0,6.80,89,0.00
2026-10-04T00:20,,1,0.00,0,6.80,89,0.00
2026-10-04T00:30,195,1,0.00,0,6.70,90,0.30
2026-10-04T00:40,216,1,0.00,0,6.60,90,0.40
2026-10-04T00:50,,0,0.00,0,6.60,90,0.00
2026-10-04T01:00,,1,0.00,0,6.50,91,0.00
2026-10-04T01:10,217,1,0.00,0,6.40,91,0.60
2026-10-04T01:20,213,1,0.00,0,6.30,91,0.80
2026-10-04T01:30,192,1,0.00,0,6.30,91,1.00
2026-10-04T01:40,207,1,0.00,0,6.00,92,1.00
2026-10-04T01:50,190,0,0.00,0,6.20,91,1.50
2026-10-04T02:00,209,2,0.00,0,5.80,91,1.30
2026-10-04T02:10,214,1,0.00,0,5.50,90,1.50
2026-10-04T02:20,204,1,0.00,0,5.70,89,1.40
2026-10-04T02:30,194,2,0.00,0,6.10,88,1.00
2026-10-04T02:40,126,1,0.00,0,6.20,90,0.50
2026-10-04T02:50,98,1,0.00,0,6.20,91,0.70
2026-10-04T03:00,212,2,0.00,0,5.60,89,1.30
2026-10-04T03:10,207,2,0.00,0,5.50,89,1.80
2026-10-04T03:20,200,1,0.00,0,6.20,85,1.80
2026-10-04T03:30,211,2,0.00,0,6.20,85,1.00
2026-10-04T03:40,216,2,0.00,0,6.00,85,0.80
2026-10-04T03:50,227,2,0.00,0,5.60,85,1.20
2026-10-04T04:00,218,1,0.00,0,5.50,86,1.00
2026-10-04T04:10,,2,0.00,0,5.70,87,0.00
2026-10-04T04:20,,3,0.00,0,5.80,89,0.00
2026-10-04T04:30,,1,0.00,0,6.10,90,0.00
2026-10-04T04:40,,1,0.00,0,6.20,89,0.00
2026-10-04T04:50,222,2,0.00,0,5.50,86,1.10
2026-10-04T05:00,220,1,0.00,0,5.40,87,1.30
2026-10-04T05:10,207,-999,0.00,0,5.80,85,1.00
2026-10-04T05:20,207,1,0.00,0,6.00,85,0.90
2026-10-04T05:30,214,2,0.00,0,5.60,86,1.60
2026-10-04T05:40,198,2,0.00,0,6.00,86,1.40
2026-10-04T05:50,205,3,0.00,0,5.90,86,1.40
2026-10-04T06:00,212,1,0.00,0,5.60,87,1.20
2026-10-04T06:10,206,2,0.00,0,5.60,86,1.70
2026-10-04T06:20,194,3,0.00,0,6.20,85,1.60
2026-10-04T06:30,200,2,0.00,0,6.10,84,1.50
2026-10-04T06:40,221,3,0.00,0,5.10,85,2.10
2026-10-04T06:50,225,2,0.00,0,5.20,85,1.80
2026-10-04T07:00,223,2,0.00,0,5.30,81,1.70
2026-10-04T07:10,221,2,0.00,0,5.10,78,2.20
2026-10-04T07:20,221,2,0.00,0,5.10,77,2.00
2026-10-04T07:30,220,3,0.00,0,5.10,75,2.00
2026-10-04T07:40,217,0,0.00,11,5.80,75,2.40
2026-10-04T07:50,220,3,0.00,20,5.60,74,2.00
2026-10-04T08:00,214,0,0.00,39,5.80,72,2.10
2026-10-04T08:10,212,3,0.00,73,6.30,70,2.00
2026-10-04T08:20,222,2,0.00,95,6.10,72,0.70
2026-10-04T08:30,86,2,0.00,115,7.20,76,0.70
2026-10-04T08:40,,-999,0.00,143,7.30,77,0.00
2026-10-04T08:50,,-999,0.00,167,7.50,76,0.00
2026-10-04T09:00,51,-999,0.00,174,7.70,76,0.50
2026-10-04T09:10,257,5,0.00,193,7.30,74,0.30
2026-10-04T09:20,,-999,0.00,242,8.20,68,0.00
2026-10-04T09:30,34,-999,0.00,287,8.30,69,0.80
2026-10-04T09:40,25,1,0.00,324,8.00,72,0.80
2026-10-04T09:50,78,2,0.00,358,8.80,73,0.60
2026-10-04T10:00,82,-999,0.00,390,8.90,74,0.80
2026-10-04T10:10,90,0,0.00,413,9.20,63,1.30
2026-10-04T10:20,81,0,0.00,442,9.10,69,1.40
2026-10-04T10:30,87,0,0.00,461,8.50,75,1.80
2026-10-04T10:40,146,3,0.00,480,9.50,58,0.80
2026-10-04T10:50,62,0,0.00,505,9.50,68,1.40
2026-10-04T11:00,72,0,0.00,542,9.10,66,2.00
2026-10-04T11:10,72,1,0.00,570,9.20,66,2.10
2026-10-04T11:20,62,-999,0.00,576,8.90,72,2.60
2026-10-04T11:30,63,0,0.00,607,9.00,71,2.00
2026-10-04T11:40,94,0,0.00,636,9.60,62,1.60
2026-10-04T11:50,79,0,0.00,659,10.00,59,1.10
2026-10-04T12:00,83,3,0.00,666,9.80,61,1.90
2026-10-04T12:10,78,2,0.00,676,9.80,65,1.60
2026-10-04T12:20,82,2,0.00,514,9.70,64,1.50
2026-10-04T12:30,107,2,0.00,403,9.60,64,1.40
2026-10-04T12:40,92,1,0.00,657,9.50,68,1.70
2026-10-04T12:50,114,1,0.00,486,9.70,68,1.70
2026-10-04T13:00,116,4,0.00,478,9.10,70,2.00
2026-10-04T13:10,112,2,0.00,686,9.60,68,1.30
2026-10-04T13:20,104,3,0.00,642,10.10,61,1.40
2026-10-04T13:30,85,5,0.00,764,10.10,63,1.70
2026-10-04T13:40,91,2,0.00,533,10.00,63,2.00
2026-10-04T13:50,70,3,0.00,779,10.10,67,1.70
2026-10-04T14:00,52,3,0.00,756,10.60,64,1.70
2026-10-04T14:10,58,1,0.00,705,10.50,64,1.90
2026-10-04T14:20,56,-999,0.00,764,10.60,63,2.00
2026-10-04T14:30,66,-999,0.00,571,10.90,61,1.70
2026-10-04T14:40,54,-999,0.00,654,10.70,64,2.10
2026-10-04T14:50,64,-999,0.00,539,10.70,62,1.50
2026-10-04T15:00,61,-999,0.00,605,10.90,61,1.70
2026-10-04T15:10,65,-999,0.00,269,10.90,58,1.40
2026-10-04T15:20,80,-999,0.00,622,10.80,60,1.50
2026-10-04T15:30,92,-999,0.00,609,10.90,57,1.60
2026-10-04T15:40,74,-999,0.00,580,11.40,55,1.40
2026-10-04T15:50,73,-999,0.00,557,11.50,49,1.30
2026-10-04T16:00,56,-999,0.00,523,11.40,55,1.70
2026-10-04T16:10,28,-999,0.00,431,11.50,56,0.60
2026-10-04T16:20,350,-999,0.00,408,11.40,56,0.90
2026-10-04T16:30,326,1,0.00,365,11.10,58,1.60
2026-10-04T16:40,337,1,0.00,325,10.90,58,1.30
2026-10-04T16:50,319,0,0.00,220,10.30,60,1.50
2026-10-04T17:00,332,-999,0.00,270,10.10,64,0.90
2026-10-04T17:10,343,2,0.00,216,9.80,64,1.40
2026-10-04T17:20,332,6,0.00,101,9.50,66,0.70
2026-10-04T17:30,290,2,0.00,88,9.20,68,1.30
2026-10-04T17:40,,3,0.00,75,9.10,69,0.00
2026-10-04T17:50,32,3,0.00,66,8.90,70,0.70
2026-10-04T18:00,38,5,0.00,61,8.50,73,0.60
2026-10-04T18:10,,1,0.00,54,8.30,75,0.00
2026-10-04T18:20,,0,0.00,41,8.20,78,0.00
2026-10-04T18:30,,0,0.00,21,8.00,77,0.00
2026-10-04T18:40,,0,0.00,10,7.70,83,0.00
2026-10-04T18:50,193,0,0.00,0,7.30,83,0.50
2026-10-04T19:00,189,1,0.00,0,7.30,80,1.40
2026-10-04T19:10,196,-999,0.00,0,7.30,80,1.30
2026-10-04T19:20,97,-999,0.00,0,7.40,80,0.70
2026-10-04T19:30,208,-999,0.00,0,6.90,81,0.60
2026-10-04T19:40,,-999,0.00,0,6.60,82,0.00
2026-10-04T19:50,196,-999,0.00,0,6.30,82,0.70
2026-10-04T20:00,208,-999,0.00,0,6.20,84,0.90
2026-10-04T20:10,194,-999,0.00,0,6.40,85,0.80
2026-10-04T20:20,195,-999,0.00,0,6.40,83,0.90
2026-10-04T20:30,199,-999,0.00,0,6.50,83,0.80
2026-10-04T20:40,206,-999,0.00,0,6.20,84,0.50
2026-10-04T20:50,,-999,0.00,0,5.90,86,0.00
2026-10-04T21:00,94,-999,0.00,0,6.00,91,0.70
2026-10-04T21:10,189,-999,0.00,0,5.90,88,0.90
2026-10-04T21:20,198,-999,0.00,0,5.80,87,1.10
2026-10-04T21:30,202,-999,0.00,0,5.90,87,1.20
2026-10-04T21:40,201,-999,0.00,0,6.00,87,1.20
2026-10-04T21:50,205,-999,0.00,0,6.10,86,1.00
2026-10-04T22:00,194,-999,0.00,0,5.80,86,1.30
2026-10-04T22:10,200,-999,0.00,0,5.90,86,1.00
2026-10-04T22:20,209,2,0.00,0,5.70,87,0.80
2026-10-04T22:30,198,1,0.00,0,5.90,85,1.80
2026-10-04T22:40,208,3,0.00,0,6.00,84,1.70
2026-10-04T22:50,209,1,0.00,0,6.10,84,1.40
2026-10-04T23:00,216,3,0.00,0,6.10,83,0.70
2026-10-04T23:10,229,1,0.00,0,5.80,81,1.90
2026-10-04T23:20,209,2,0.00,0,5.80,83,1.80
2026-10-04T23:30,207,0,0.00,0,6.70,78,1.60
2026-10-04T23:40,219,2,0.00,0,6.30,77,2.00
2026-10-04T23:50,223,2,0.00,0,6.50,76,1.70
2026-10-05T00:00,240,3,0.00,0,6.50,76,0.70
2026-10-05T00:10,203,2,0.00,0,6.80,74,1.60
2026-10-05T00:20,196,2,0.00,0,7.30,72,1.80
2026-10-05T00:30,195,2,0.00,0,7.40,72,1.30
2026-10-05T00:40,198,1,0.00,0,7.20,73,0.90
2026-10-05T00:50,219,0,0.00,0,6.90,73,1.60
2026-10-05T01:00,221,2,0.00,0,6.70,74,1.50
2026-10-05T01:10,225,0,0.00,0,6.90,72,0.90
2026-10-05T01:20,218,1,0.00,0,6.80,72,1.10
2026-10-05T01:30,216,-999,0.00,0,6.80,72,1.30
2026-10-05T01:40,,-999,0.00,0,7.10,70,0.00
2026-10-05T01:50,30,-999,0.00,0,7.10,72,0.70
2026-10-05T02:00,128,-999,0.00,0,6.80,73,0.50
2026-10-05T02:10,199,-999,0.00,0,6.70,71,1.40
2026-10-05T02:20,198,-999,0.00,0,6.90,69,1.10
2026-10-05T02:30,168,-999,0.00,0,6.80,72,0.70
2026-10-05T02:40,197,-999,0.00,0,6.70,71,1.60
2026-10-05T02:50,192,-999,0.00,0,7.00,69,1.80
2026-10-05T03:00,204,-999,0.00,0,7.20,70,1.10
2026-10-05T03:10,199,-999,0.00,0,7.00,70,0.70
2026-10-05T03:20,204,-999,0.00,0,6.80,69,1.40
2026-10-05T03:30,196,-999,0.00,0,7.00,68,1.40
2026-10-05T03:40,199,-999,0.00,0,7.30,67,0.90
2026-10-05T03:50,,-999,0.00,0,7.20,69,0.00
2026-10-05T04:00,106,-999,0.00,0,7.00,71,0.50
2026-10-05T04:10,,-999,0.00,0,6.90,71,0.00
2026-10-05T04:20,,-999,0.00,0,6.80,72,0.00
2026-10-05T04:30,212,-999,0.00,0,6.70,73,1.00
2026-10-05T04:40,207,-999,0.00,0,6.60,73,0.80
2026-10-05T04:50,215,3,0.00,0,6.60,73,1.00
2026-10-05T05:00,202,2,0.00,0,6.70,72,0.40
2026-10-05T05:10,210,3,0.00,0,6.70,72,0.90
2026-10-05T05:20,,2,0.00,0,6.80,71,0.00
2026-10-05T05:30,219,4,0.00,0,6.60,73,0.90
2026-10-05T05:40,241,3,0.00,0,6.60,73,0.60
2026-10-05T05:50,206,2,0.00,0,6.80,72,0.90
2026-10-05T06:00,203,3,0.00,0,7.00,71,1.00
2026-10-05T06:10,198,2,0.00,0,7.10,71,0.90
2026-10-05T06:20,206,3,0.00,0,7.10,71,0.70
2026-10-05T06:30,207,2,0.00,0,6.80,73,0.40
2026-10-05T06:40,96,3,0.00,0,6.80,74,1.00
2026-10-05T06:50,,3,0.00,0,6.50,76,0.00
2026-10-05T07:00,,4,0.00,0,6.40,78,0.00
2026-10-05T07:10,167,3,0.00,0,6.60,76,1.20
2026-10-05T07:20,,-999,0.00,0,6.60,76,0.00
2026-10-05T07:30,196,-999,0.00,0,6.40,78,0.90
2026-10-05T07:40,182,-999,0.00,0,6.50,76,1.20
2026-10-05T07:50,197,-999,0.00,0,6.60,77,1.30
2026-10-05T08:00,205,-999,0.20,7,6.30,81,0.60
2026-10-05T08:10,199,-999,0.00,14,6.10,83,0.40
2026-10-05T08:20,203,-999,0.00,15,5.90,85,1.10
2026-10-05T08:30,210,-999,0.00,22,5.80,86,0.80
2026-10-05T08:40,233,-999,0.40,14,5.70,87,2.00
2026-10-05T08:50,235,-999,1.20,26,5.30,89,1.60
2026-10-05T09:00,222,-999,0.80,35,5.00,88,2.00
2026-10-05T09:10,300,-999,0.20,35,5.20,87,1.80
2026-10-05T09:20,1,-999,0.00,28,5.00,92,1.40
2026-10-05T09:30,94,-999,0.00,32,4.70,96,1.70
2026-10-05T09:40,,-999,0.20,40,4.70,97,0.00
2026-10-05T09:50,201,9,0.00,64,4.70,97,0.80
2026-10-05T10:00,297,10,0.00,108,4.80,97,0.40
2026-10-05T10:10,190,11,0.00,138,5.00,97,1.30
2026-10-05T10:20,202,13,0.00,164,5.20,95,1.40
2026-10-05T10:30,216,9,0.00,202,5.40,94,1.00
2026-10-05T10:40,166,10,0.00,254,5.80,93,0.60
2026-10-05T10:50,96,8,0.00,340,6.20,91,0.60
2026-10-05T11:00,102,8,0.00,464,6.50,90,0.70
2026-10-05T11:10,55,7,0.00,460,6.90,90,0.70
2026-10-05T11:20,35,2,0.00,646,6.70,89,1.30
2026-10-05T11:30,344,3,0.00,688,7.10,90,1.50
2026-10-05T11:40,331,2,0.00,227,6.70,92,2.00
2026-10-05T11:50,333,5,0.00,375,6.70,93,2.10
2026-10-05T12:00,336,4,0.00,162,6.70,90,2.10
2026-10-05T12:10,297,6,0.00,45,5.40,88,4.40
2026-10-05T12:20,233,4,1.00,67,4.10,84,6.80
2026-10-05T12:30,215,2,0.60,56,4.00,81,5.00
2026-10-05T12:40,204,2,0.40,62,4.40,77,4.90
2026-10-05T12:50,246,4,0.00,120,4.60,77,2.80
2026-10-05T13:00,266,4,0.00,125,4.90,75,1.60
2026-10-05T13:10,190,6,0.00,107,5.10,72,2.10
2026-10-05T13:20,205,6,0.00,101,5.50,67,1.70
2026-10-05T13:30,325,8,0.00,122,5.70,66,1.30
2026-10-05T13:40,335,7,0.00,116,5.70,68,1.10
2026-10-05T13:50,25,7,0.00,106,5.60,71,1.00
2026-10-05T14:00,108,6,0.00,117,5.50,73,1.00
2026-10-05T14:10,81,6,0.00,156,5.60,76,1.10
2026-10-05T14:20,51,4,0.00,203,4.90,85,2.50
2026-10-05T14:30,61,6,0.00,230,4.60,87,1.90
2026-10-05T14:40,106,4,0.00,254,5.10,83,0.80
2026-10-05T14:50,16,1,0.00,482,5.90,80,0.90
2026-10-05T15:00,78,1,0.00,560,6.40,74,0.90
2026-10-05T15:10,59,3,0.00,506,6.50,71,1.70
2026-10-05T15:20,72,1,0.00,604,6.70,68,1.10
2026-10-05T15:30,99,2,0.00,548,7.20,65,0.90
2026-10-05T15:40,122,1,0.00,525,7.60,59,0.90
2026-10-05T15:50,130,0,0.00,500,7.80,58,0.80
2026-10-05T16:00,100,1,0.00,527,7.60,57,1.50
2026-10-05T16:10,108,-999,0.00,481,7.60,57,1.50
2026-10-05T16:20,99,0,0.00,371,7.60,58,1.20
2026-10-05T16:30,90,1,0.00,397,7.50,58,0.80
2026-10-05T16:40,,3,0.00,358,8.00,62,0.00
2026-10-05T16:50,209,-999,0.00,231,7.50,67,1.20
2026-10-05T17:00,229,1,0.00,355,7.30,73,1.50
2026-10-05T17:10,338,4,0.00,155,7.20,71,0.40
2026-10-05T17:20,59,5,0.00,36,6.10,70,1.10
2026-10-05T17:30,198,4,0.00,37,5.70,75,1.90
2026-10-05T17:40,221,6,0.00,38,6.10,74,0.60
2026-10-05T17:50,294,5,0.00,49,5.80,77,0.50
2026-10-05T18:00,193,4,0.00,43,6.00,74,1.10
2026-10-05T18:10,173,2,0.00,34,6.60,69,0.70
2026-10-05T18:20,169,0,0.00,21,6.20,70,0.50
2026-10-05T18:30,,4,0.00,13,6.30,67,0.00
2026-10-05T18:40,102,3,0.00,8,5.90,73,1.20
2026-10-05T18:50,206,4,0.00,0,5.40,72,1.40
2026-10-05T19:00,194,4,0.00,0,5.80,68,2.00
2026-10-05T19:10,223,4,0.00,0,5.70,67,1.10
2026-10-05T19:20,78,1,0.00,0,6.00,68,0.30
2026-10-05T19:30,,2,0.00,0,5.60,72,0.00
2026-10-05T19:40,209,4,0.00,0,5.70,70,1.10
2026-10-05T19:50,205,5,0.00,0,5.90,68,1.10
2026-10-05T20:00,112,5,0.00,0,5.80,71,1.00
2026-10-05T20:10,152,1,0.00,0,5.80,70,0.80
2026-10-05T20:20,209,4,0.00,0,5.80,68,0.90
2026-10-05T20:30,194,2,0.00,0,5.70,68,1.20
2026-10-05T20:40,202,2,0.00,0,5.80,67,0.70
2026-10-05T20:50,110,5,0.00,0,5.70,70,0.30
2026-10-05T21:00,205,4,0.00,0,5.50,70,0.70
2026-10-05T21:10,206,4,0.00,0,5.20,70,1.20
2026-10-05T21:20,204,4,0.00,0,5.20,70,1.40
2026-10-05T21:30,201,4,0.00,0,5.10,71,0.80
2026-10-05T21:40,,3,0.00,0,5.30,69,0.00
2026-10-05T21:50,212,3,0.00,0,5.20,70,0.60
2026-10-05T22:00,196,3,0.00,0,5.30,70,0.40
2026-10-05T22:10,205,2,0.00,0,5.00,71,1.50
2026-10-05T22:20,197,3,0.00,0,5.30,68,1.50
2026-10-05T22:30,207,3,0.00,0,5.10,69,1.00
2026-10-05T22:40,202,2,0.00,0,5.30,69,1.10
2026-10-05T22:50,200,5,0.00,0,5.30,68,1.60
2026-10-05T23:00,188,3,0.00,0,5.60,67,1.80
2026-10-05T23:10,178,2,0.00,0,5.70,67,1.80
2026-10-05T23:20,138,2,0.00,0,5.50,68,1.00
2026-10-05T23:30,150,2,0.00,0,5.60,68,0.60
2026-10-05T23:40,101,2,0.00,0,5.40,68,0.60
2026-10-05T23:50,222,3,0.00,0,5.00,70,0.30
2026-10-06T00:00,214,3,0.00,0,4.50,72,1.40
2026-10-06T00:10,227,3,0.00,0,4.00,74,1.30
2026-10-06T00:20,,3,0.00,0,4.10,75,0.00
2026-10-06T00:30,205,2,0.00,0,4.30,74,0.60
2026-10-06T00:40,211,3,0.00,0,4.40,73,1.00
2026-10-06T00:50,189,3,0.00,0,4.70,73,0.80
2026-10-06T01:00,111,2,0.00,0,5.00,72,0.60
2026-10-06T01:10,209,3,0.00,0,4.20,75,0.90
2026-10-06T01:20,212,5,0.00,0,4.20,74,1.00
2026-10-06T01:30,,1,0.00,0,4.50,75,0.00
2026-10-06T01:40,,2,0.00,0,4.30,76,0.00
2026-10-06T01:50,210,2,0.00,0,4.00,75,1.00
2026-10-06T02:00,177,3,0.00,0,4.60,73,0.90
2026-10-06T02:10,193,2,0.00,0,4.30,73,0.90
2026-10-06T02:20,192,3,0.00,0,4.20,74,0.80
2026-10-06T02:30,,3,0.00,0,4.10,75,0.00
2026-10-06T02:40,,,0.00,0,4.10,75,
2026-10-06T02:50,204,4,0.00,0,4.10,75,1.10
2026-10-06T03:00,197,3,0.00,0,4.20,73,0.90
2026-10-06T03:10,211,0,0.00,0,4.40,72,1.10
2026-10-06T03:20,220,3,0.00,0,4.40,71,1.20
2026-10-06T03:30,217,3,0.00,0,4.00,74,1.20
2026-10-06T03:40,219,2,0.00,0,4.00,73,1.40
2026-10-06T03:50,215,4,0.00,0,4.00,74,1.10
2026-10-06T04:00,210,3,0.00,0,3.90,75,1.00
2026-10-06T04:10,208,4,0.00,0,3.80,75,1.30
2026-10-06T04:20,210,4,0.00,0,4.10,73,1.00
2026-10-06T04:30,215,3,0.00,0,4.00,73,1.00
2026-10-06T04:40,122,3,0.00,0,4.10,73,0.30
2026-10-06T04:50,143,2,0.00,0,4.00,73,0.50
2026-10-06T05:00,204,3,0.00,0,4.00,73,1.50
2026-10-06T05:10,188,4,0.00,0,4.50,70,1.90
2026-10-06T05:20,213,3,0.00,0,4.30,71,1.00
2026-10-06T05:30,96,3,0.00,0,4.10,72,0.70
2026-10-06T05:40,187,3,0.00,0,4.20,72,0.80
2026-10-06T05:50,196,3,0.00,0,4.10,72,0.90
2026-10-06T06:00,198,2,0.00,0,4.20,71,1.40
2026-10-06T06:10,204,3,0.00,0,4.60,68,1.40
2026-10-06T06:20,202,3,0.00,0,4.40,69,0.90
2026-10-06T06:30,,2,0.00,0,4.10,72,0.00
2026-10-06T06:40,210,3,0.00,0,3.90,73,0.80
2026-10-06T06:50,203,3,0.00,0,4.30,71,1.00
2026-10-06T07:00,191,2,0.00,0,4.30,70,0.40
2026-10-06T07:10,,3,0.00,0,4.30,72,0.00
2026-10-06T07:20,205,-999,0.00,0,3.70,73,1.70
2026-10-06T07:30,204,-999,0.00,0,4.10,71,1.50
2026-10-06T07:40,209,-999,0.00,7,4.00,71,1.20
2026-10-06T07:50,194,-999,0.00,13,4.10,70,0.60
2026-10-06T08:00,,-999,0.00,26,4.10,71,0.00
2026-10-06T08:10,215,-999,0.00,59,4.30,70,0.80
2026-10-06T08:20,186,-999,0.00,78,4.70,68,1.10
2026-10-06T08:30,61,-999,0.00,100,5.60,66,0.50
2026-10-06T08:40,45,-999,0.00,127,5.40,68,0.90
2026-10-06T08:50,182,-999,0.00,156,5.20,69,1.00
2026-10-06T09:00,184,-999,0.00,186,5.20,70,1.20
2026-10-06T09:10,183,-999,0.00,215,5.60,68,1.00
2026-10-06T09:20,155,-999,0.00,245,6.40,66,0.30
2026-10-06T09:30,,-999,0.00,275,6.90,65,0.00
2026-10-06T09:40,106,-999,0.00,307,6.90,68,0.60
2026-10-06T09:50,87,-999,0.00,337,7.00,69,0.40
2026-10-06T10:00,209,-999,0.00,366,6.30,69,1.00
2026-10-06T10:10,,-999,0.00,392,6.50,71,0.00
2026-10-06T10:20,326,5,0.00,424,6.80,70,0.70
2026-10-06T10:30,320,6,0.00,422,6.50,71,1.30
2026-10-06T10:40,55,6,0.00,514,6.80,73,1.00
2026-10-06T10:50,47,4,0.00,591,7.10,72,1.40
2026-10-06T11:00,67,-999,0.00,506,7.20,71,2.50
2026-10-06T11:10,28,2,0.00,474,7.30,71,1.60
2026-10-06T11:20,71,4,0.00,338,7.30,69,1.60
2026-10-06T11:30,69,4,0.00,503,7.80,68,1.50
2026-10-06T11:40,70,4,0.00,345,7.70,68,2.50
2026-10-06T11:50,59,2,0.00,579,7.70,68,2.00
2026-10-06T12:00,74,0,0.00,305,7.60,66,2.30
2026-10-06T12:10,76,1,0.00,383,7.80,66,2.50
2026-10-06T12:20,81,0,0.00,333,7.80,67,2.60
2026-10-06T12:30,86,2,0.00,323,7.60,67,3.00
2026-10-06T12:40,83,2,0.00,319,7.50,67,2.70
2026-10-06T12:50,89,5,0.00,382,7.60,67,3.00
2026-10-06T13:00,70,4,0.00,315,7.70,67,1.90
2026-10-06T13:10,103,0,0.00,275,7.70,65,2.30
2026-10-06T13:20,106,2,0.00,222,7.50,65,3.00
2026-10-06T13:30,108,0,0.00,198,7.30,65,2.60
2026-10-06T13:40,104,1,0.00,173,7.30,66,1.90
2026-10-06T13:50,199,-999,0.00,165,7.40,66,0.90
2026-10-06T14:00,241,4,0.00,185,7.30,69,1.30
2026-10-06T14:10,301,2,0.00,180,7.20,71,1.50
2026-10-06T14:20,108,1,0.00,148,7.30,71,1.10
2026-10-06T14:30,127,-999,0.40,114,7.00,73,0.90
2026-10-06T14:40,348,-999,0.20,112,6.60,78,0.70
2026-10-06T14:50,356,-999,0.00,94,6.10,84,1.20
2026-10-06T15:00,334,-999,0.00,81,6.00,82,0.90
2026-10-06T15:10,,-999,0.00,66,5.80,83,0.00
2026-10-06T15:20,134,-999,0.40,48,5.50,83,1.50
2026-10-06T15:30,118,-999,0.40,34,4.90,84,2.20
2026-10-06T15:40,102,-999,0.20,29,4.90,88,2.10
2026-10-06T15:50,108,-999,0.80,26,4.80,92,1.70
2026-10-06T16:00,186,-999,1.00,14,4.70,90,1.00
2026-10-06T16:10,,-999,1.20,11,4.30,90,0.00
2026-10-06T16:20,155,-999,1.00,10,3.70,90,1.70
2026-10-06T16:30,,-999,0.40,12,3.50,91,0.00
2026-10-06T16:40,331,-999,0.40,13,3.40,95,0.40
2026-10-06T16:50,,-999,0.40,14,3.40,98,0.00
2026-10-06T17:00,57,-999,0.20,9,2.90,99,1.30
2026-10-06T17:10,135,-999,0.40,14,2.60,99,1.60
2026-10-06T17:20,125,-999,0.40,19,2.70,99,1.70
2026-10-06T17:30,161,5,0.20,24,2.70,98,0.80
2026-10-06T17:40,214,6,0.20,21,2.80,98,1.60
2026-10-06T17:50,200,5,0.40,13,2.80,97,2.30
2026-10-06T18:00,175,5,0.60,8,2.70,96,1.80
2026-10-06T18:10,147,5,0.60,8,2.80,96,1.20
2026-10-06T18:20,121,5,0.40,7,2.80,97,1.00
2026-10-06T18:30,229,5,0.20,0,2.70,97,0.60
2026-10-06T18:40,285,4,0.00,0,2.60,97,0.60
2026-10-06T18:50,269,4,0.20,0,2.50,97,1.60
2026-10-06T19:00,257,4,0.00,0,2.50,97,1.70
2026-10-06T19:10,258,4,0.00,0,2.60,97,1.60
2026-10-06T19:20,242,-999,0.00,0,2.60,97,1.80
2026-10-06T19:30,181,-999,0.00,0,2.60,97,1.20
2026-10-06T19:40,,-999,0.00,0,2.70,96,0.00
2026-10-06T19:50,94,-999,0.20,0,2.80,96,0.50
2026-10-06T20:00,76,-999,0.00,0,2.70,97,1.10
2026-10-06T20:10,77,-999,0.00,0,2.70,97,1.00
2026-10-06T20:20,67,-999,0.00,0,2.60,98,0.60
2026-10-06T20:30,234,-999,0.20,0,2.60,99,0.60
2026-10-06T20:40,198,-999,0.20,0,2.60,99,0.30
2026-10-06T20:50,,-999,0.00,0,2.60,99,0.00
2026-10-06T21:00,252,-999,0.00,0,2.60,99,0.40
2026-10-06T21:10,342,-999,0.00,0,2.50,99,0.40
2026-10-06T21:20,,-999,0.00,0,2.60,99,0.00
2026-10-06T21:30,193,-999,0.00,0,2.60,99,0.60
2026-10-06T21:40,262,-999,0.00,0,2.60,99,0.30
2026-10-06T21:50,325,-999,0.00,0,2.50,99,0.50
2026-10-06T22:00,307,-999,0.00,0,2.40,99,0.40
2026-10-06T22:10,181,-999,0.00,0,2.30,99,0.50
2026-10-06T22:20,206,-999,0.00,0,2.30,99,0.90
2026-10-06T22:30,,-999,0.00,0,2.30,99,0.00
2026-10-06T22:40,235,-999,0.00,0,2.10,99,0.60
2026-10-06T22:50,206,1,0.00,0,2.20,99,1.50
2026-10-06T23:00,200,3,0.00,0,2.40,99,1.00
2026-10-06T23:10,243,2,0.00,0,2.30,99,0.90
2026-10-06T23:20,211,3,0.00,0,2.60,99,0.90
2026-10-06T23:30,,4,0.20,0,2.50,99,0.00
2026-10-06T23:40,,3,0.00,0,2.50,99,0.00
2026-10-06T23:50,208,3,0.00,0,2.40,99,0.40
2026-10-07T00:00,203,2,0.00,0,2.30,99,1.00
2026-10-07T00:10,199,3,0.00,0,2.30,99,1.20
2026-10-07T00:20,180,2,0.00,0,2.40,99,0.80
2026-10-07T00:30,,3,0.00,0,2.50,99,0.00
2026-10-07T00:40,208,2,0.00,0,2.20,99,0.90
2026-10-07T00:50,199,5,0.00,0,2.30,98,1.30
2026-10-07T01:00,213,-999,0.00,0,2.40,98,1.40
2026-10-07T01:10,166,3,0.00,0,2.40,98,0.50
2026-10-07T01:20,,3,0.00,0,2.40,99,0.00
2026-10-07T01:30,212,-999,0.00,0,2.30,99,1.10
2026-10-07T01:40,219,-999,0.00,0,2.30,98,1.40
2026-10-07T01:50,176,-999,0.00,0,2.50,99,0.80
2026-10-07T02:00,175,-999,0.00,0,2.30,99,0.80
2026-10-07T02:10,124,-999,0.00,0,2.40,98,1.00
2026-10-07T02:20,,-999,0.00,0,2.40,98,0.00
2026-10-07T02:30,207,-999,0.00,0,2.10,98,0.40
2026-10-07T02:40,244,-999,0.00,0,1.50,99,1.40
2026-10-07T02:50,58,-999,0.00,0,1.70,99,0.40
2026-10-07T03:00,,-999,0.00,0,1.90,99,0.00
2026-10-07T03:10,,-999,0.00,0,2.30,99,0.00
2026-10-07T03:20,148,-999,0.00,0,2.10,99,0.70
2026-10-07T03:30,124,-999,0.00,0,2.30,99,0.60
2026-10-07T03:40,218,-999,0.00,0,1.80,98,1.80
2026-10-07T03:50,209,-999,0.00,0,2.00,99,0.60
2026-10-07T04:00,219,-999,0.00,0,2.00,98,0.80
2026-10-07T04:10,193,-999,0.00,0,2.10,98,1.20
2026-10-07T04:20,209,-999,0.00,0,2.40,98,1.40
2026-10-07T04:30,238,-999,0.00,0,2.30,96,1.00
2026-10-07T04:40,207,-999,0.00,0,2.40,94,1.30
2026-10-07T04:50,147,-999,0.00,0,2.90,89,1.20
2026-10-07T05:00,44,-999,0.00,0,2.50,92,0.90
2026-10-07T05:10,98,-999,0.00,0,2.20,95,0.50
2026-10-07T05:20,174,-999,0.00,0,2.20,93,1.30
2026-10-07T05:30,219,2,0.00,0,2.20,92,1.60
2026-10-07T05:40,197,3,0.00,0,2.50,90,1.60
2026-10-07T05:50,,3,0.00,0,2.50,90,0.00
2026-10-07T06:00,205,0,0.00,0,2.30,91,0.60
2026-10-07T06:10,159,4,0.00,0,2.40,91,0.80
2026-10-07T06:20,202,3,0.00,0,2.30,93,0.50
2026-10-07T06:30,204,3,0.00,0,2.10,92,0.40
2026-10-07T06:40,214,1,0.00,0,1.90,91,1.30
2026-10-07T06:50,196,2,0.00,0,2.30,89,1.60
2026-10-07T07:00,220,0,0.00,0,2.70,85,0.60
2026-10-07T07:10,86,3,0.00,0,2.40,91,0.40
2026-10-07T07:20,154,2,0.00,0,2.30,92,0.50
2026-10-07T07:30,207,-999,0.00,0,2.10,88,1.30
2026-10-07T07:40,220,-999,0.00,6,2.30,86,0.80
2026-10-07T07:50,298,-999,0.00,9,1.90,90,0.50
2026-10-07T08:00,199,-999,0.00,16,2.00,93,1.40
2026-10-07T08:10,222,-999,0.00,24,2.20,89,1.00
2026-10-07T08:20,266,-999,0.00,57,2.10,89,0.30
2026-10-07T08:30,,-999,0.00,99,2.70,92,0.00
2026-10-07T08:40,204,-999,0.00,58,2.60,91,1.00
2026-10-07T08:50,234,-999,0.00,94,2.50,93,0.50
2026-10-07T09:00,129,-999,0.00,174,3.10,90,0.40
2026-10-07T09:10,220,-999,0.00,125,3.60,86,0.40
2026-10-07T09:20,83,5,0.00,125,3.20,90,0.80
2026-10-07T09:30,,1,0.00,247,3.10,95,0.00
2026-10-07T09:40,211,7,0.00,327,3.30,91,0.90
2026-10-07T09:50,,5,0.00,340,3.80,90,0.00
2026-10-07T10:00,335,2,0.00,314,4.10,88,0.80
2026-10-07T10:10,62,3,0.00,227,3.90,95,1.00
2026-10-07T10:20,,1,0.00,194,4.00,96,0.00
2026-10-07T10:30,214,0,0.00,233,3.90,95,0.50
2026-10-07T10:40,194,2,0.00,156,4.20,91,0.70
2026-10-07T10:50,136,5,0.00,455,5.20,84,1.10
2026-10-07T11:00,53,2,0.00,353,5.40,89,1.40
2026-10-07T11:10,54,3,0.00,284,4.90,93,1.40
2026-10-07T11:20,71,2,0.00,313,4.90,93,1.90
2026-10-07T11:30,94,5,0.00,391,5.30,87,2.30
2026-10-07T11:40,,2,0.00,312,5.60,85,0.00
2026-10-07T11:50,261,1,0.00,237,5.30,87,1.90
2026-10-07T12:00,282,3,0.00,129,5.10,91,0.80
2026-10-07T12:10,105,2,0.00,147,5.50,85,0.80
2026-10-07T12:20,312,1,0.00,67,5.20,90,1.80
2026-10-07T12:30,352,2,0.00,166,4.70,96,1.40
2026-10-07T12:40,310,0,0.00,218,5.00,94,1.30
2026-10-07T12:50,358,0,0.00,155,5.30,92,1.00
2026-10-07T13:00,303,1,0.00,166,5.40,90,1.40
2026-10-07T13:10,319,1,0.00,128,5.30,92,1.00
2026-10-07T13:20,94,2,0.00,117,5.50,89,0.90
2026-10-07T13:30,119,3,0.00,89,5.40,86,0.90
2026-10-07T13:40,106,2,0.00,99,5.30,86,3.10
2026-10-07T13:50,103,4,0.00,128,5.10,87,3.40
2026-10-07T14:00,102,2,0.00,86,5.00,88,3.10
2026-10-07T14:10,111,2,0.00,93,5.10,87,3.50
2026-10-07T14:20,102,3,0.00,61,5.10,86,2.80
2026-10-07T14:30,107,4,0.00,64,5.10,86,2.90
2026-10-07T14:40,103,3,0.00,90,4.90,88,3.00
2026-10-07T14:50,113,3,0.00,97,4.90,89,3.10
2026-10-07T15:00,103,4,0.00,120,5.10,89,2.40
2026-10-07T15:10,107,3,0.00,117,5.30,87,3.00
2026-10-07T15:20,99,4,0.00,77,4.90,90,3.50
2026-10-07T15:30,100,3,0.00,58,5.00,89,3.40
2026-10-07T15:40,98,4,0.00,81,5.00,88,3.30
2026-10-07T15:50,93,1,0.00,129,4.90,90,3.90
2026-10-07T16:00,98,2,0.00,148,5.00,90,3.50
2026-10-07T16:10,88,-999,0.00,244,5.20,90,3.10
2026-10-07T16:20,96,2,0.00,102,5.40,87,3.10
2026-10-07T16:30,107,2,0.00,79,5.30,87,3.60
2026-10-07T16:40,114,1,0.00,62,5.40,86,3.00
2026-10-07T16:50,111,1,0.00,69,5.30,86,2.90
2026-10-07T17:00,101,2,0.00,41,5.20,87,2.80
2026-10-07T17:10,99,2,0.00,45,5.20,87,3.00
2026-10-07T17:20,100,3,0.00,59,5.10,88,2.20
2026-10-07T17:30,104,2,0.00,42,5.50,84,2.10
2026-10-07T17:40,97,3,0.00,28,5.20,86,2.60
2026-10-07T17:50,97,3,0.00,22,5.00,88,2.70
2026-10-07T18:00,103,3,0.00,19,4.90,89,2.40
2026-10-07T18:10,119,4,0.00,11,5.10,85,2.40
2026-10-07T18:20,116,5,0.00,6,5.20,83,3.50
2026-10-07T18:30,114,4,0.00,0,5.10,83,3.30
2026-10-07T18:40,113,4,0.00,0,5.10,83,3.30
2026-10-07T18:50,111,4,0.00,0,4.90,84,3.40
2026-10-07T19:00,109,4,0.00,0,4.80,84,3.50
2026-10-07T19:10,103,4,0.00,0,4.80,84,2.90
2026-10-07T19:20,96,4,0.00,0,4.80,82,3.40
2026-10-07T19:30,83,4,0.00,0,4.70,84,3.10
2026-10-07T19:40,92,4,0.00,0,4.70,86,3.00
2026-10-07T19:50,105,4,0.00,0,4.70,87,2.20
2026-10-07T20:00,113,5,0.00,0,4.90,86,0.70
2026-10-07T20:10,241,4,0.00,0,4.70,87,0.90
2026-10-07T20:20,,,0.00,0,4.70,87,
2026-10-07T20:30,325,4,0.00,0,4.50,89,0.70
2026-10-07T20:40,309,4,0.00,0,4.20,91,2.30
2026-10-07T20:50,282,4,0.00,0,4.20,92,1.10
2026-10-07T21:00,322,4,0.00,0,4.20,92,1.00
2026-10-07T21:10,213,4,0.00,0,4.20,93,0.70
2026-10-07T21:20,209,4,0.00,0,4.20,93,0.70
2026-10-07T21:30,17,4,0.00,0,4.20,93,0.50
2026-10-07T21:40,104,3,0.20,0,4.10,95,1.10
2026-10-07T21:50,130,4,0.00,0,4.10,95,0.90
2026-10-07T22:00,,3,0.00,0,4.20,95,0.00
2026-10-07T22:10,244,4,0.00,0,4.00,96,0.70
2026-10-07T22:20,273,4,0.00,0,4.10,95,1.50
2026-10-07T22:30,323,4,0.00,0,4.10,96,1.00
2026-10-07T22:40,,4,0.00,0,4.00,97,0.00
2026-10-07T22:50,34,4,0.00,0,4.00,97,0.30
2026-10-07T23:00,59,4,0.00,0,3.90,98,0.70
2026-10-07T23:10,,4,0.00,0,3.90,98,0.00
2026-10-07T23:20,68,5,0.00,0,3.90,98,0.50
2026-10-07T23:30,34,4,0.20,0,3.80,99,0.40
2026-10-07T23:40,312,4,0.20,0,3.80,99,0.40
2026-10-07T23:50,317,3,0.20,0,3.90,99,0.60
2026-10-08T00:00,206,3,0.60,0,3.80,99,0.70
2026-10-08T00:10,,4,0.40,0,3.90,99,0.00
2026-10-08T00:20,256,3,0.20,0,3.90,99,0.70
2026-10-08T00:30,,5,0.60,0,3.90,99,0.00
2026-10-08T00:40,295,5,0.40,0,4.00,99,0.60
2026-10-08T00:50,308,3,0.80,0,4.00,99,0.70
2026-10-08T01:00,,3,0.60,0,4.00,99,0.00
2026-10-08T01:10,220,3,0.40,0,4.00,99,0.40
2026-10-08T01:20,,3,0.20,0,4.00,99,0.00
2026-10-08T01:30,,3,0.20,0,4.00,99,0.00
2026-10-08T01:40,238,2,0.40,0,4.10,99,0.50
2026-10-08T01:50,,3,0.40,0,4.10,99,0.00
2026-10-08T02:00,219,2,0.20,0,4.20,99,0.40
2026-10-08T02:10,218,3,0.80,0,4.10,99,0.80
2026-10-08T02:20,,4,0.40,0,4.20,99,0.00
2026-10-08T02:30,,4,0.60,0,4.30,99,0.00
2026-10-08T02:40,96,3,0.40,0,4.40,99,0.60
2026-10-08T02:50,138,3,0.20,0,4.30,99,1.00
2026-10-08T03:00,122,4,0.60,0,4.40,99,1.40
2026-10-08T03:10,95,3,0.40,0,4.40,99,1.10
2026-10-08T03:20,97,3,0.40,0,4.40,99,1.00
2026-10-08T03:30,190,3,0.20,0,4.30,99,0.60
2026-10-08T03:40,194,4,0.20,0,4.40,99,0.60
2026-10-08T03:50,,4,0.00,0,4.40,99,0.00
2026-10-08T04:00,215,4,0.20,0,4.30,99,0.50
2026-10-08T04:10,,4,0.20,0,4.30,99,0.00
2026-10-08T04:20,220,4,0.20,0,4.30,99,0.60
2026-10-08T04:30,219,5,0.00,0,4.30,99,1.60
2026-10-08T04:40,141,5,0.20,0,4.50,99,1.00
2026-10-08T04:50,,5,0.20,0,4.40,99,0.00
2026-10-08T05:00,230,4,0.20,0,4.40,99,0.80
2026-10-08T05:10,252,4,0.40,0,4.40,99,0.80
2026-10-08T05:20,136,4,0.20,0,4.50,99,0.50
2026-10-08T05:30,280,3,0.20,0,4.50,99,0.30
2026-10-08T05:40,354,3,0.40,0,4.50,99,0.80
2026-10-08T05:50,155,4,0.40,0,4.50,99,0.30
2026-10-08T06:00,234,4,0.20,0,4.60,99,1.00
2026-10-08T06:10,89,4,0.20,0,4.60,99,0.50
2026-10-08T06:20,231,4,0.40,0,4.60,99,0.30
2026-10-08T06:30,228,4,0.40,0,4.50,99,0.60
2026-10-08T06:40,215,5,0.40,0,4.60,99,1.20
2026-10-08T06:50,236,5,0.20,0,4.60,99,0.80
2026-10-08T07:00,186,5,0.20,0,4.70,99,0.60
2026-10-08T07:10,46,4,0.20,0,4.70,99,1.10
2026-10-08T07:20,98,4,0.00,0,4.60,99,0.30
2026-10-08T07:30,263,-999,0.40,0,4.50,99,0.80
2026-10-08T07:40,205,-999,0.40,0,4.60,99,0.90
2026-10-08T07:50,297,-999,0.40,7,4.60,99,0.90
2026-10-08T08:00,207,-999,0.60,14,4.60,99,1.00
2026-10-08T08:10,64,-999,0.00,20,4.70,99,0.50
2026-10-08T08:20,38,-999,0.40,19,4.70,99,0.60
2026-10-08T08:30,5,-999,0.40,36,4.70,99,0.50
2026-10-08T08:40,,-999,0.00,50,4.80,99,0.00
2026-10-08T08:50,198,-999,0.00,53,4.80,99,0.30
2026-10-08T09:00,264,2,0.00,86,4.90,99,0.40
2026-10-08T09:10,187,4,0.20,101,5.00,99,0.30
2026-10-08T09:20,107,4,0.00,53,4.90,99,2.40
2026-10-08T09:30,104,4,0.40,62,4.80,99,2.40
2026-10-08T09:40,107,4,0.40,90,4.90,99,2.10
2026-10-08T09:50,26,4,0.80,42,4.90,99,0.40
2026-10-08T10:00,66,4,0.40,44,4.80,99,1.00
2026-10-08T10:10,48,3,0.80,24,4.80,99,0.60
2026-10-08T10:20,355,3,0.80,31,4.70,99,1.00
2026-10-08T10:30,318,3,1.20,20,4.50,99,1.60
2026-10-08T10:40,357,4,1.40,17,4.30,99,1.50
2026-10-08T10:50,4,4,1.20,29,4.00,99,1.30
2026-10-08T11:00,34,4,0.80,96,4.10,99,1.60
2026-10-08T11:10,68,4,0.20,106,3.90,99,1.50
2026-10-08T11:20,36,5,0.20,116,4.00,99,1.70
2026-10-08T11:30,30,4,0.00,80,3.80,99,1.80
2026-10-08T11:40,335,4,0.20,29,3.70,99,1.10
2026-10-08T11:50,,3,1.20,14,3.50,99,0.00
2026-10-08T12:00,328,3,0.60,21,3.50,99,0.80
2026-10-08T12:10,69,3,0.40,21,3.50,99,1.90
2026-10-08T12:20,81,3,0.80,24,3.40,99,3.10
2026-10-08T12:30,96,4,0.20,98,3.40,99,2.70
2026-10-08T12:40,78,3,0.00,115,3.50,99,2.90
2026-10-08T12:50,88,1,0.00,166,3.40,99,2.00
2026-10-08T13:00,127,2,0.00,114,3.50,99,1.10
2026-10-08T13:10,66,4,0.20,103,3.40,99,1.20
2026-10-08T13:20,,3,0.00,269,3.80,99,0.00
2026-10-08T13:30,231,3,0.00,303,4.10,99,1.00
2026-10-08T13:40,,3,0.00,402,3.90,99,0.00
2026-10-08T13:50,61,0,0.00,299,4.30,99,2.10
2026-10-08T14:00,71,2,0.00,238,4.40,99,1.70
2026-10-08T14:10,111,3,0.00,288,4.50,99,1.90
2026-10-08T14:20,119,3,0.00,298,4.70,99,1.00
2026-10-08T14:30,113,4,0.00,263,4.70,99,1.90
2026-10-08T14:40,112,2,0.00,194,4.60,99,2.50
2026-10-08T14:50,96,3,0.00,227,4.80,99,2.00
2026-10-08T15:00,97,2,0.00,201,4.90,99,2.30
2026-10-08T15:10,103,2,0.00,154,4.80,99,2.10
2026-10-08T15:20,119,3,0.00,134,4.80,99,2.20
2026-10-08T15:30,152,3,0.00,208,4.80,99,1.50
2026-10-08T15:40,190,3,0.00,163,5.00,99,1.00
2026-10-08T15:50,30,2,0.00,88,5.20,99,0.90
2026-10-08T16:00,,4,0.00,135,5.20,99,0.00
2026-10-08T16:10,52,2,0.00,202,5.30,99,1.00
2026-10-08T16:20,31,3,0.00,245,5.20,99,1.10
2026-10-08T16:30,14,3,0.00,164,5.30,99,0.90
2026-10-08T16:40,325,2,0.00,120,5.40,99,1.10
2026-10-08T16:50,345,3,0.00,132,5.30,99,0.40
2026-10-08T17:00,97,2,0.00,124,5.70,99,0.50
2026-10-08T17:10,24,2,0.00,50,5.40,99,2.20
2026-10-08T17:20,317,4,1.20,12,4.70,99,3.30
2026-10-08T17:30,283,3,2.40,20,3.60,99,3.50
2026-10-08T17:40,258,4,0.60,27,3.30,99,3.60
2026-10-08T17:50,219,5,0.80,32,3.10,99,3.40
2026-10-08T18:00,272,5,0.20,34,3.10,99,2.30
2026-10-08T18:10,222,4,0.00,35,3.30,99,3.10
2026-10-08T18:20,222,4,0.20,25,3.30,99,2.30
2026-10-08T18:30,279,3,0.00,14,3.50,99,1.50
2026-10-08T18:40,270,4,0.00,6,3.60,99,2.70
2026-10-08T18:50,270,3,0.00,0,3.60,99,2.80
2026-10-08T19:00,263,3,0.00,0,3.60,99,2.80
2026-10-08T19:10,269,4,0.00,0,3.60,99,3.10
2026-10-08T19:20,271,3,0.00,0,3.60,99,2.90
2026-10-08T19:30,291,3,0.00,0,3.60,99,3.60
2026-10-08T19:40,265,2,0.00,0,3.50,99,2.60
2026-10-08T19:50,267,3,0.00,0,3.60,99,3.00
2026-10-08T20:00,265,4,0.20,0,3.60,99,3.30
2026-10-08T20:10,274,3,0.20,0,3.40,99,3.00
2026-10-08T20:20,252,3,0.20,0,3.40,99,3.20
2026-10-08T20:30,247,3,0.20,0,3.40,99,2.90
2026-10-08T20:40,238,3,0.40,0,3.30,99,2.80
2026-10-08T20:50,248,2,0.40,0,3.30,99,4.30
2026-10-08T21:00,233,3,0.20,0,3.10,99,3.30
2026-10-08T21:10,211,3,0.20,0,3.00,99,4.60
2026-10-08T21:20,196,3,0.20,0,3.00,98,5.10
2026-10-08T21:30,211,2,0.00,0,3.10,97,4.00
2026-10-08T21:40,242,4,0.00,0,3.30,94,4.20
2026-10-08T21:50,247,2,0.20,0,3.30,93,4.00
2026-10-08T22:00,241,2,0.00,0,3.40,91,3.80
2026-10-08T22:10,239,2,0.00,0,3.50,87,4.00
2026-10-08T22:20,215,2,0.00,0,3.50,84,3.70
2026-10-08T22:30,235,2,0.00,0,3.30,86,3.60
2026-10-08T22:40,227,1,0.20,0,3.40,84,4.30
2026-10-08T22:50,238,2,0.00,0,3.60,82,4.00
2026-10-08T23:00,238,2,0.00,0,3.50,82,4.00
2026-10-08T23:10,248,2,0.00,0,3.40,83,3.80
2026-10-08T23:20,236,2,0.00,0,3.60,81,3.50
2026-10-08T23:30,230,2,0.00,0,3.70,80,4.50
2026-10-08T23:40,246,1,0.00,0,3.60,81,3.50
2026-10-08T23:50,248,2,0.00,0,3.50,80,4.10
2026-10-09T00:00,254,4,0.00,0,3.30,83,3.30
2026-10-09T00:10,225,2,0.00,0,3.40,81,4.80
2026-10-09T00:20,231,2,0.00,0,3.60,79,4.90
2026-10-09T00:30,249,2,0.00,0,3.60,79,4.20
2026-10-09T00:40,268,2,0.00,0,3.30,81,3.90
2026-10-09T00:50,268,2,0.00,0,3.00,83,4.00
2026-10-09T01:00,260,3,0.00,0,2.90,83,3.70
2026-10-09T01:10,259,2,0.00,0,3.00,82,3.70
2026-10-09T01:20,266,3,0.00,0,2.90,82,4.50
2026-10-09T01:30,259,-999,0.00,0,2.90,82,3.90
2026-10-09T01:40,250,-999,0.00,0,2.80,82,4.20
2026-10-09T01:50,249,-999,0.00,0,2.80,82,4.50
2026-10-09T02:00,243,-999,0.00,0,2.70,81,4.10
2026-10-09T02:10,249,-999,0.00,0,2.70,80,3.70
2026-10-09T02:20,243,-999,0.00,0,2.60,80,3.60
2026-10-09T02:30,240,-999,0.00,0,2.30,80,3.00
2026-10-09T02:40,233,-999,0.00,0,2.10,81,2.50
2026-10-09T02:50,217,-999,0.00,0,2.10,81,2.20
2026-10-09T03:00,237,-999,0.00,0,2.00,81,2.90
2026-10-09T03:10,248,-999,0.00,0,2.20,80,3.20
2026-10-09T03:20,241,-999,0.00,0,1.90,82,2.20
2026-10-09T03:30,235,-999,0.00,0,1.80,82,1.90
2026-10-09T03:40,224,-999,0.00,0,1.70,82,1.70
2026-10-09T03:50,224,-999,0.00,0,1.60,84,2.30
2026-10-09T04:00,229,-999,0.00,0,1.70,83,2.40
2026-10-09T04:10,238,-999,0.00,0,1.80,81,2.80
2026-10-09T04:20,233,-999,0.00,0,1.70,82,1.90
2026-10-09T04:30,236,-999,0.00,0,1.80,82,0.60
2026-10-09T04:40,157,-999,0.00,0,2.20,79,0.60
2026-10-09T04:50,188,-999,0.00,0,2.50,78,1.60
2026-10-09T05:00,187,-999,0.00,0,2.50,79,1.60
2026-10-09T05:10,219,-999,0.00,0,2.50,79,1.00
2026-10-09T05:20,238,-999,0.00,0,2.10,82,0.60
2026-10-09T05:30,230,1,0.00,0,2.40,79,0.30
2026-10-09T05:40,,1,0.00,0,2.10,81,0.00
2026-10-09T05:50,,2,0.00,0,2.10,80,0.00
2026-10-09T06:00,223,2,0.00,0,2.10,81,0.30
2026-10-09T06:10,202,2,0.00,0,2.20,80,0.90
2026-10-09T06:20,199,1,0.00,0,2.00,81,0.60
2026-10-09T06:30,202,3,0.00,0,1.90,81,1.40
2026-10-09T06:40,208,3,0.00,0,1.70,83,1.30
2026-10-09T06:50,211,2,0.00,0,1.80,82,1.30
2026-10-09T07:00,215,4,0.00,0,2.10,81,1.00
2026-10-09T07:10,233,2,0.00,0,2.20,79,1.00
2026-10-09T07:20,224,-999,0.00,0,2.10,80,0.40
2026-10-09T07:30,223,-999,0.00,0,2.30,80,0.70
2026-10-09T07:40,241,-999,0.00,6,2.30,81,0.60
2026-10-09T07:50,,-999,0.00,10,2.40,79,0.00
2026-10-09T08:00,212,-999,0.00,16,2.60,78,0.60
2026-10-09T08:10,,-999,0.00,24,2.80,76,0.00
2026-10-09T08:20,,-999,0.00,32,2.90,76,0.00
2026-10-09T08:30,105,-999,0.00,40,3.00,75,0.30
2026-10-09T08:40,330,-999,0.00,64,2.80,79,0.50
2026-10-09T08:50,,3,0.00,86,3.00,78,0.00
2026-10-09T09:00,,3,0.00,94,3.00,79,0.00
2026-10-09T09:10,260,3,0.00,176,3.10,78,0.40
2026-10-09T09:20,,1,0.00,186,3.80,74,0.00
2026-10-09T09:30,264,1,0.00,161,4.00,76,0.30
2026-10-09T09:40,338,2,0.00,170,4.00,75,0.60
2026-10-09T09:50,332,2,0.00,125,3.80,77,1.10
2026-10-09T10:00,,2,0.00,198,3.70,79,0.00
2026-10-09T10:10,284,6,0.00,367,4.10,77,0.40
2026-10-09T10:20,257,4,0.00,315,4.70,76,0.40
2026-10-09T10:30,209,2,0.00,248,4.90,76,0.90
2026-10-09T10:40,201,3,0.00,232,5.10,76,0.40
2026-10-09T10:50,178,1,0.00,190,5.30,75,0.40
2026-10-09T11:00,325,2,0.00,140,5.20,75,0.30
2026-10-09T11:10,329,4,0.00,231,5.20,76,0.90
2026-10-09T11:20,317,3,0.00,341,5.40,77,0.90
2026-10-09T11:30,351,2,0.00,339,5.70,78,0.70
2026-10-09T11:40,,4,0.00,203,6.10,79,0.00
2026-10-09T11:50,,2,0.00,181,6.10,79,0.00
2026-10-09T12:00,,3,0.00,194,6.00,79,0.00
2026-10-09T12:10,,2,0.00,197,6.20,82,0.00
2026-10-09T12:20,66,2,0.00,211,6.20,84,1.10
2026-10-09T12:30,85,1,0.00,225,6.00,87,1.40
2026-10-09T12:40,91,2,0.00,246,6.10,88,1.80
2026-10-09T12:50,89,2,0.00,284,6.30,87,1.80
2026-10-09T13:00,65,2,0.00,289,6.30,86,1.70
2026-10-09T13:10,78,3,0.00,317,6.40,83,1.90
2026-10-09T13:20,90,3,0.00,409,6.80,79,2.00
2026-10-09T13:30,87,2,0.00,288,7.00,79,2.00
2026-10-09T13:40,100,2,0.00,343,6.90,76,2.40
2026-10-09T13:50,101,3,0.00,256,6.90,74,2.60
2026-10-09T14:00,100,2,0.00,383,6.80,72,2.80
2026-10-09T14:10,99,2,0.00,521,7.10,70,2.70
2026-10-09T14:20,98,1,0.00,738,7.70,70,1.90
2026-10-09T14:30,95,0,0.00,404,7.50,69,2.00
2026-10-09T14:40,165,0,0.00,661,7.80,65,2.00
2026-10-09T14:50,139,-999,0.00,763,8.10,62,2.00
2026-10-09T15:00,37,2,0.00,270,8.30,63,0.70
2026-10-09T15:10,326,3,0.00,541,7.90,72,2.40
2026-10-09T15:20,8,1,0.00,279,8.00,67,1.80
2026-10-09T15:30,58,4,0.00,165,7.60,66,0.80
2026-10-09T15:40,15,3,0.00,153,7.50,67,0.90
2026-10-09T15:50,337,4,0.00,150,7.10,74,1.10
2026-10-09T16:00,304,4,0.00,251,7.30,69,1.70
2026-10-09T16:10,314,2,0.00,374,7.60,69,1.60
2026-10-09T16:20,345,3,0.00,377,7.60,69,1.20
2026-10-09T16:30,28,3,0.00,576,7.80,70,1.90
2026-10-09T16:40,34,3,0.00,370,8.10,71,1.70
2026-10-09T16:50,23,4,0.00,309,8.00,70,1.50
2026-10-09T17:00,347,5,0.00,168,7.60,71,1.20
2026-10-09T17:10,333,4,0.00,138,7.20,74,1.80
2026-10-09T17:20,313,4,0.00,141,7.00,77,1.80
2026-10-09T17:30,334,3,0.00,96,6.90,75,1.50
2026-10-09T17:40,336,3,0.00,46,6.60,78,0.90
2026-10-09T17:50,35,3,0.00,50,6.30,79,0.40
2026-10-09T18:00,,3,0.00,42,6.20,80,0.00
2026-10-09T18:10,50,3,0.00,35,5.90,84,0.80
2026-10-09T18:20,9,4,0.00,29,5.60,88,0.40
2026-10-09T18:30,211,3,0.00,19,5.30,89,1.40
2026-10-09T18:40,186,3,0.00,11,5.60,87,1.30
2026-10-09T18:50,177,3,0.00,0,5.90,82,0.70
2026-10-09T19:00,99,3,0.00,0,5.70,79,0.30
2026-10-09T19:10,,3,0.00,0,5.50,81,0.00
2026-10-09T19:20,221,3,0.00,0,5.00,84,0.40
2026-10-09T19:30,,4,0.00,0,5.10,85,0.00
2026-10-09T19:40,203,3,0.00,0,4.90,85,0.60
2026-10-09T19:50,185,3,0.00,0,5.00,85,0.60
2026-10-09T20:00,,4,0.00,0,4.80,84,0.00
2026-10-09T20:10,210,3,0.00,0,5.00,83,1.10
2026-10-09T20:20,197,3,0.00,0,5.00,84,1.40
2026-10-09T20:30,,3,0.00,0,4.80,83,0.00
2026-10-09T20:40,115,3,0.00,0,5.30,81,0.80
2026-10-09T20:50,98,1,0.00,0,5.50,79,0.70
2026-10-09T21:00,83,3,0.00,0,5.00,82,0.50
2026-10-09T21:10,182,3,0.00,0,4.50,83,0.60
2026-10-09T21:20,209,4,0.00,0,4.40,82,1.10
2026-10-09T21:30,207,3,0.00,0,4.40,82,1.40
2026-10-09T21:40,224,3,0.00,0,4.30,81,1.10
2026-10-09T21:50,216,3,0.00,0,3.90,85,1.00
2026-10-09T22:00,200,2,0.00,0,4.30,82,1.20
2026-10-09T22:10,206,3,0.00,0,4.30,82,1.10
2026-10-09T22:20,203,1,0.00,0,4.20,82,0.80
2026-10-09T22:30,205,3,0.00,0,4.30,82,1.40
2026-10-09T22:40,232,2,0.00,0,4.00,85,1.10
2026-10-09T22:50,223,3,0.00,0,3.90,84,0.90
2026-10-09T23:00,232,-999,0.00,0,4.10,83,0.30
2026-10-09T23:10,,-999,0.00,0,3.60,89,0.00
2026-10-09T23:20,,3,0.00,0,3.60,93,0.00
2026-10-09T23:30,135,4,0.00,0,3.50,88,0.60
2026-10-09T23:40,98,3,0.00,0,3.70,93,1.50
2026-10-09T23:50,202,3,0.00,0,3.20,91,1.20
2026-10-10T00:00,210,2,0.00,0,3.30,90,1.50
2026-10-10T00:10,203,,0.00,0,3.50,88,1.30
2026-10-10T00:20,212,2,0.00,0,3.70,86,0.70
2026-10-10T00:30,213,1,0.00,0,3.10,85,1.40
2026-10-10T00:40,154,-999,0.00,0,3.30,88,0.50
2026-10-10T00:50,105,1,0.00,0,3.80,88,0.90
2026-10-10T01:00,193,2,0.00,0,3.60,87,0.60
2026-10-10T01:10,219,3,0.00,0,3.20,86,0.70
2026-10-10T01:20,217,3,0.00,0,3.10,86,1.40
2026-10-10T01:30,,,0.00,0,3.20,87,
2026-10-10T01:40,138,-999,0.00,0,3.40,90,0.40
2026-10-10T01:50,210,2,0.00,0,3.30,88,1.10
2026-10-10T02:00,201,1,0.00,0,3.60,84,1.20
2026-10-10T02:10,206,2,0.00,0,3.70,83,1.00
2026-10-10T02:20,211,4,0.00,0,3.20,85,1.80
2026-10-10T02:30,204,3,0.00,0,3.70,84,1.50
2026-10-10T02:40,203,3,0.00,0,3.70,84,1.00
2026-10-10T02:50,203,3,0.00,0,3.80,84,0.40
2026-10-10T03:00,,1,0.00,0,3.90,85,0.00
2026-10-10T03:10,218,3,0.00,0,3.60,83,0.50
2026-10-10T03:20,203,2,0.00,0,3.40,85,0.40
2026-10-10T03:30,215,3,0.00,0,3.30,86,0.40
2026-10-10T03:40,210,3,0.00,0,3.10,85,1.30
2026-10-10T03:50,207,3,0.00,0,3.40,83,1.20
2026-10-10T04:00,197,2,0.00,0,3.40,84,1.00
2026-10-10T04:10,201,2,0.00,0,3.70,82,0.90
2026-10-10T04:20,207,3,0.00,0,3.60,83,1.00
2026-10-10T04:30,200,2,0.00,0,3.70,82,0.90
2026-10-10T04:40,209,3,0.00,0,3.70,82,0.80
2026-10-10T04:50,,1,0.00,0,3.50,84,0.00
2026-10-10T05:00,215,3,0.00,0,3.20,84,0.90
2026-10-10T05:10,205,4,0.00,0,3.50,84,1.00
2026-10-10T05:20,240,4,0.00,0,3.20,83,1.10
2026-10-10T05:30,307,4,0.00,0,3.10,90,1.10
2026-10-10T05:40,295,4,0.00,0,2.70,96,0.70
2026-10-10T05:50,268,3,0.00,0,2.80,92,0.30
2026-10-10T06:00,322,2,0.00,0,3.40,86,0.60
2026-10-10T06:10,305,3,0.00,0,3.40,89,1.10
2026-10-10T06:20,250,3,0.00,0,3.90,80,2.90
2026-10-10T06:30,249,4,0.00,0,4.60,75,2.80
2026-10-10T06:40,254,6,0.00,0,4.40,77,3.80
2026-10-10T06:50,248,5,0.00,0,4.30,78,3.70
2026-10-10T07:00,256,5,0.00,0,4.40,78,3.90
2026-10-10T07:10,251,5,0.00,0,4.40,79,3.40
2026-10-10T07:20,243,5,0.00,0,4.70,77,4.10
2026-10-10T07:30,243,5,0.00,0,4.60,78,3.70
2026-10-10T07:40,255,5,0.00,12,4.50,80,3.70
2026-10-10T07:50,253,5,0.00,12,4.40,81,3.40
2026-10-10T08:00,254,5,0.00,17,4.50,80,3.20
2026-10-10T08:10,255,5,0.00,25,4.70,78,2.90
2026-10-10T08:20,262,5,0.00,35,4.70,79,1.90
2026-10-10T08:30,276,5,0.00,45,4.90,78,2.40
2026-10-10T08:40,270,5,0.00,54,4.90,77,2.80
2026-10-10T08:50,268,5,0.00,62,4.90,78,2.80
2026-10-10T09:00,258,5,0.00,53,4.90,78,3.00
2026-10-10T09:10,244,5,0.00,58,5.00,77,2.80
2026-10-10T09:20,237,5,0.00,84,5.10,76,2.30
2026-10-10T09:30,244,5,0.00,95,5.10,75,3.00
2026-10-10T09:40,226,5,0.00,128,5.20,75,3.10
2026-10-10T09:50,238,5,0.00,167,5.30,75,2.20
2026-10-10T10:00,221,5,0.00,231,5.50,73,2.60
2026-10-10T10:10,210,4,0.00,180,5.90,71,2.20
2026-10-10T10:20,207,4,0.00,138,6.00,69,1.80
2026-10-10T10:30,240,3,0.00,136,5.90,74,0.40
2026-10-10T10:40,81,4,0.00,129,5.30,80,0.30
2026-10-10T10:50,70,4,0.00,105,5.30,82,1.30
2026-10-10T11:00,54,4,0.00,132,5.10,85,1.00
2026-10-10T11:10,53,4,0.00,118,5.00,85,1.60
2026-10-10T11:20,44,5,0.00,104,4.80,83,0.70
2026-10-10T11:30,,4,0.00,106,5.00,82,0.00
2026-10-10T11:40,283,4,0.00,110,5.00,83,0.80
2026-10-10T11:50,330,4,0.00,95,5.00,84,1.70
2026-10-10T12:00,320,4,0.00,99,4.80,84,2.20
2026-10-10T12:10,319,4,0.00,75,4.60,85,2.30
2026-10-10T12:20,329,3,0.20,65,4.20,87,2.10
2026-10-10T12:30,6,3,0.20,70,4.00,89,1.00
2026-10-10T12:40,,3,0.20,62,4.00,91,0.00
2026-10-10T12:50,49,4,0.20,80,4.00,96,0.90
2026-10-10T13:00,43,4,0.20,76,4.00,97,1.10
2026-10-10T13:10,63,4,0.20,91,3.90,98,1.00
2026-10-10T13:20,75,,,104,,,1.70
2026-10-10T13:30,70,,,93,,,1.40
2026-10-10T13:40,56,,,93,,,1.40
2026-10-10T16:40,,5,0.00,,4.90,82,
2026-10-10T16:50,,5,0.00,,5.10,81,
2026-10-10T17:00,,5,0.00,,5.10,80,
2026-10-10T17:10,,5,0.00,,5.10,79,
2026-10-10T17:20,234,4,0.00,121,5.20,76,2.70
2026-10-10T17:30,276,4,0.00,113,5.30,76,2.10
2026-10-10T17:40,271,4,0.00,106,5.10,80,2.80
2026-10-10T17:50,250,4,0.00,96,4.90,79,3.00
2026-10-10T18:00,252,5,0.00,78,4.80,81,3.30
2026-10-10T18:10,246,4,0.00,59,4.80,79,2.20
2026-10-10T18:20,256,3,0.00,41,4.80,79,1.60
2026-10-10T18:30,245,4,0.00,24,4.70,76,3.00
2026-10-10T18:40,260,3,0.00,13,4.70,76,3.00
2026-10-10T18:50,278,4,0.00,5,4.00,81,2.10
2026-10-10T19:00,269,4,0.00,0,3.90,80,1.90
2026-10-10T19:10,248,4,0.00,0,4.30,75,2.50
2026-10-10T19:20,264,,,0,,,2.30
