datetime,DVENTO,PREC,VVENTO
2026-08-06T22:00,44,0.00,1.10
2026-08-06T22:10,31,0.00,0.70
2026-08-06T22:20,347,0.00,0.60
2026-08-06T22:30,,0.00,0.00
2026-08-06T22:40,48,0.00,0.50
2026-08-06T22:50,16,0.00,0.40
2026-08-06T23:00,6,0.00,0.60
2026-08-06T23:10,8,0.00,0.50
2026-08-06T23:20,25,0.00,0.60
2026-08-06T23:30,37,0.00,1.10
2026-08-06T23:40,20,0.00,0.80
2026-08-06T23:50,314,0.00,0.70
2026-08-07T00:00,342,0.00,0.60
2026-08-07T00:10,3,0.00,0.50
2026-08-07T00:20,283,0.00,0.40
2026-08-07T00:30,,0.00,0.00
2026-08-07T00:40,,0.00,0.00
2026-08-07T00:50,,0.00,0.00
2026-08-07T01:00,,0.00,0.00
2026-08-07T01:10,,0.00,0.00
2026-08-07T01:20,124,0.00,0.60
2026-08-07T01:30,126,0.00,1.00
2026-08-07T01:40,169,0.00,0.30
2026-08-07T01:50,286,0.00,0.80
2026-08-07T02:00,284,0.00,0.40
2026-08-07T02:10,292,0.00,0.80
2026-08-07T02:20,280,0.00,0.50
2026-08-07T02:30,,0.00,0.00
2026-08-07T02:40,301,0.00,0.70
2026-08-07T02:50,311,0.00,0.50
2026-08-07T03:00,,0.00,0.00
2026-08-07T03:10,,0.00,0.00
2026-08-07T03:20,29,0.00,0.40
2026-08-07T03:30,21,0.00,0.30
2026-08-07T03:40,,0.00,0.00
2026-08-07T03:50,,0.00,0.00
2026-08-07T04:00,125,0.00,0.80
2026-08-07T04:10,147,0.00,0.50
2026-08-07T04:20,,0.00,0.00
2026-08-07T04:30,139,0.00,0.60
2026-08-07T04:40,137,0.00,1.00
2026-08-07T04:50,130,0.00,0.50
2026-08-07T05:00,,0.00,0.00
2026-08-07T05:10,348,0.00,0.40
2026-08-07T05:20,279,0.00,0.40
2026-08-07T05:30,310,0.00,0.30
2026-08-07T05:40,,0.00,0.00
2026-08-07T05:50,,0.00,0.00
2026-08-07T06:00,185,0.00,0.50
2026-08-07T06:10,,0.00,0.00
2026-08-07T06:20,,0.00,0.00
2026-08-07T06:30,304,0.00,0.60
2026-08-07T06:40,319,0.00,0.60
2026-08-07T06:50,294,0.00,0.70
2026-08-07T07:00,,0.00,0.00
2026-08-07T07:10,159,0.00,0.40
2026-08-07T07:20,148,0.00,1.30
2026-08-07T07:30,147,0.00,1.30
2026-08-07T07:40,143,0.00,1.40
2026-08-07T07:50,148,0.00,1.60
2026-08-07T08:00,144,0.00,1.70
2026-08-07T08:10,136,0.00,1.50
2026-08-07T08:20,131,0.00,1.80
2026-08-07T08:30,123,0.00,1.20
2026-08-07T08:40,125,0.00,0.90
2026-08-07T08:50,80,0.00,0.60
2026-08-07T09:00,67,0.00,0.70
2026-08-07T09:10,102,0.00,0.70
2026-08-07T09:20,106,0.00,0.70
2026-08-07T09:30,49,0.00,1.40
2026-08-07T09:40,32,0.00,1.90
2026-08-07T09:50,31,0.00,2.20
2026-08-07T10:00,46,0.00,2.10
2026-08-07T10:10,54,0.00,1.90
2026-08-07T10:20,72,0.00,1.10
2026-08-07T10:30,42,0.00,2.00
2026-08-07T10:40,51,0.00,1.00
2026-08-07T10:50,59,0.00,0.50
2026-08-07T11:00,63,0.00,1.00
2026-08-07T11:10,117,0.00,1.10
2026-08-07T11:20,153,0.00,0.90
2026-08-07T11:30,184,0.00,1.10
2026-08-07T11:40,152,0.00,1.50
2026-08-07T11:50,174,0.00,1.20
2026-08-07T12:00,149,0.00,0.70
2026-08-07T12:10,21,0.00,0.50
2026-08-07T12:20,27,0.00,2.30
2026-08-07T12:30,33,0.00,2.90
2026-08-07T12:40,38,0.00,1.80
2026-08-07T12:50,37,0.00,3.00
2026-08-07T13:00,33,0.00,2.80
2026-08-07T13:10,38,0.00,3.10
2026-08-07T13:20,34,0.00,2.60
2026-08-07T13:30,37,0.00,3.40
2026-08-07T13:40,37,0.00,3.50
2026-08-07T13:50,38,0.00,3.50
2026-08-07T14:00,41,0.00,3.70
2026-08-07T14:10,42,0.00,3.50
2026-08-07T14:20,40,0.00,3.30
2026-08-07T14:30,43,0.00,3.00
2026-08-07T14:40,43,0.00,3.50
2026-08-07T14:50,35,0.00,3.30
2026-08-07T15:00,38,0.00,3.30
2026-08-07T15:10,42,0.00,3.40
2026-08-07T15:20,38,0.00,3.80
2026-08-07T15:30,34,0.00,2.50
2026-08-07T15:40,29,0.00,2.70
2026-08-07T15:50,44,0.00,2.50
2026-08-07T16:00,32,0.00,3.30
2026-08-07T16:10,38,0.00,2.90
2026-08-07T16:20,35,0.00,3.20
2026-08-07T16:30,34,0.00,2.90
2026-08-07T16:40,35,0.00,2.00
2026-08-07T16:50,35,0.00,2.50
2026-08-07T17:00,32,0.00,2.40
2026-08-07T17:10,26,0.00,2.10
2026-08-07T17:20,28,0.00,1.90
2026-08-07T17:30,29,0.00,1.60
2026-08-07T17:40,29,0.00,1.70
2026-08-07T17:50,35,0.00,1.70
2026-08-07T18:00,28,0.00,1.40
2026-08-07T18:10,26,0.00,1.80
2026-08-07T18:20,32,0.00,1.60
2026-08-07T18:30,26,0.00,1.70
2026-08-07T18:40,25,0.00,1.60
2026-08-07T18:50,40,0.00,2.10
2026-08-07T19:00,34,0.00,2.00
2026-08-07T19:10,31,0.00,1.70
2026-08-07T19:20,26,0.00,1.40
2026-08-07T19:30,10,0.00,1.20
2026-08-07T19:40,24,0.00,1.40
2026-08-07T19:50,15,0.00,1.20
2026-08-07T20:00,24,0.00,1.30
2026-08-07T20:10,31,0.00,1.60
2026-08-07T20:20,33,0.00,1.70
2026-08-07T20:30,30,0.00,2.00
2026-08-07T20:40,30,0.00,1.50
2026-08-07T20:50,27,0.00,1.90
2026-08-07T21:00,23,0.00,1.60
2026-08-07T21:10,24,0.00,1.50
2026-08-07T21:20,20,0.00,1.50
2026-08-07T21:30,14,0.00,1.40
2026-08-07T21:40,15,0.00,1.50
2026-08-07T21:50,30,0.00,1.60
2026-08-07T22:00,27,0.00,1.60
2026-08-07T22:10,34,0.00,1.90
2026-08-07T22:20,38,0.00,1.80
2026-08-07T22:30,33,0.00,2.20
2026-08-07T22:40,36,0.00,1.90
2026-08-07T22:50,35,0.00,1.60
2026-08-07T23:00,20,0.00,1.30
2026-08-07T23:10,15,0.00,1.20
2026-08-07T23:20,18,0.40,1.40
2026-08-07T23:30,35,2.80,1.70
2026-08-07T23:40,54,1.20,1.80
2026-08-07T23:50,58,0.00,1.50
2026-08-08T00:00,42,0.00,1.70
2026-08-08T00:10,36,0.00,1.50
2026-08-08T00:20,15,0.00,1.10
2026-08-08T00:30,271,0.80,0.90
2026-08-08T00:40,59,1.20,0.80
2026-08-08T00:50,52,0.80,1.60
2026-08-08T01:00,59,0.00,1.40
2026-08-08T01:10,64,0.00,1.20
2026-08-08T01:20,42,0.00,1.30
2026-08-08T01:30,53,0.00,1.30
2026-08-08T01:40,147,0.00,1.10
2026-08-08T01:50,125,0.00,1.40
2026-08-08T02:00,123,0.00,0.90
2026-08-08T02:10,61,0.00,1.50
2026-08-08T02:20,77,0.00,0.80
2026-08-08T02:30,84,0.00,0.80
2026-08-08T02:40,67,0.00,1.10
2026-08-08T02:50,54,0.00,1.10
2026-08-08T03:00,47,0.00,0.80
2026-08-08T03:10,36,0.00,1.10
2026-08-08T03:20,58,0.00,0.50
2026-08-08T03:30,51,0.00,0.50
2026-08-08T03:40,26,0.00,1.10
2026-08-08T03:50,22,0.00,1.00
2026-08-08T04:00,18,0.00,0.90
2026-08-08T04:10,3,0.00,0.80
2026-08-08T04:20,27,0.00,1.10
2026-08-08T04:30,27,0.00,1.00
2026-08-08T04:40,124,0.00,0.70
2026-08-08T04:50,147,0.00,2.40
2026-08-08T05:00,149,0.00,2.60
2026-08-08T05:10,142,0.00,1.90
2026-08-08T05:20,157,0.00,0.60
2026-08-08T05:30,194,0.00,0.50
2026-08-08T05:40,175,0.00,0.60
2026-08-08T05:50,213,0.00,0.30
2026-08-08T06:00,267,0.00,0.40
2026-08-08T06:10,,0.00,0.00
2026-08-08T06:20,,0.00,0.00
2026-08-08T06:30,26,0.00,0.80
2026-08-08T06:40,357,0.00,0.70
2026-08-08T06:50,,0.00,0.00
2026-08-08T07:00,227,0.00,0.40
2026-08-08T07:10,272,0.00,0.30
2026-08-08T07:20,310,0.00,0.60
2026-08-08T07:30,331,0.00,0.30
2026-08-08T07:40,,0.00,0.00
2026-08-08T07:50,,0.00,0.00
2026-08-08T08:00,329,0.00,0.70
2026-08-08T08:10,,0.00,0.00
2026-08-08T08:20,,0.00,0.00
2026-08-08T08:30,323,0.00,0.70
2026-08-08T08:40,340,0.00,0.40
2026-08-08T08:50,82,0.00,0.60
2026-08-08T09:00,345,0.00,0.30
2026-08-08T09:10,,0.00,0.00
2026-08-08T09:20,237,0.00,0.70
2026-08-08T09:30,273,0.00,0.90
2026-08-08T09:40,273,0.00,0.40
2026-08-08T09:50,284,0.00,0.60
2026-08-08T10:00,219,0.00,0.50
2026-08-08T10:10,161,0.00,0.40
2026-08-08T10:20,183,0.00,0.50
2026-08-08T10:30,197,0.00,0.40
2026-08-08T10:40,219,0.00,0.50
2026-08-08T10:50,296,0.00,0.50
2026-08-08T11:00,276,0.00,0.60
2026-08-08T11:10,241,0.00,0.40
2026-08-08T11:20,291,0.00,1.00
2026-08-08T11:30,274,0.00,0.80
2026-08-08T11:40,276,0.00,0.90
2026-08-08T11:50,264,0.00,0.70
2026-08-08T12:00,260,0.00,0.90
2026-08-08T12:10,161,0.00,0.60
2026-08-08T12:20,115,0.00,0.90
2026-08-08T12:30,142,0.00,1.50
2026-08-08T12:40,115,0.00,0.70
2026-08-08T12:50,141,0.00,2.50
2026-08-08T13:00,127,0.00,1.20
2026-08-08T13:10,154,0.00,0.90
2026-08-08T13:20,130,0.00,2.00
2026-08-08T13:30,140,0.00,2.20
2026-08-08T13:40,136,0.00,2.30
2026-08-08T13:50,131,0.00,2.60
2026-08-08T14:00,141,0.00,1.90
2026-08-08T14:10,132,0.00,2.20
2026-08-08T14:20,145,0.00,1.70
2026-08-08T14:30,135,0.00,2.40
2026-08-08T14:40,138,0.00,2.40
2026-08-08T14:50,137,0.00,1.90
2026-08-08T15:00,148,0.00,1.90
2026-08-08T15:10,138,0.00,1.70
2026-08-08T15:20,143,0.00,1.40
2026-08-08T15:30,120,0.00,1.50
2026-08-08T15:40,142,0.00,1.60
2026-08-08T15:50,123,0.00,1.30
2026-08-08T16:00,127,0.00,1.40
2026-08-08T16:10,148,0.00,1.30
2026-08-08T16:20,132,0.00,1.50
2026-08-08T16:30,136,0.00,1.30
2026-08-08T16:40,139,0.00,1.50
2026-08-08T16:50,150,0.00,1.10
2026-08-08T17:00,135,0.00,1.40
2026-08-08T17:10,132,0.00,1.80
2026-08-08T17:20,137,0.00,1.80
2026-08-08T17:30,136,0.00,2.20
2026-08-08T17:40,132,0.00,2.40
2026-08-08T17:50,137,0.00,2.00
2026-08-08T18:00,138,0.00,2.20
2026-08-08T18:10,145,0.00,2.10
2026-08-08T18:20,133,0.00,2.10
2026-08-08T18:30,132,0.00,2.50
2026-08-08T18:40,130,0.00,2.10
2026-08-08T18:50,136,0.00,2.50
2026-08-08T19:00,142,0.00,2.50
2026-08-08T19:10,134,0.00,2.20
2026-08-08T19:20,131,0.00,2.40
2026-08-08T19:30,128,0.00,1.70
2026-08-08T19:40,125,0.00,1.40
2026-08-08T19:50,128,0.00,1.70
2026-08-08T20:00,127,0.00,1.40
2026-08-08T20:10,125,0.00,1.20
2026-08-08T20:20,103,0.00,0.50
2026-08-08T20:30,93,0.00,0.60
2026-08-08T20:40,97,0.00,0.50
2026-08-08T20:50,100,0.00,0.40
2026-08-08T21:00,113,0.00,0.50
2026-08-08T21:10,97,0.00,0.50
2026-08-08T21:20,77,0.00,0.40
2026-08-08T21:30,95,0.00,0.50
2026-08-08T21:40,110,0.00,0.50
2026-08-08T21:50,122,0.00,0.80
2026-08-08T22:00,123,0.00,0.80
2026-08-08T22:10,100,0.00,0.50
2026-08-08T22:20,66,0.00,0.60
2026-08-08T22:30,81,0.00,0.60
2026-08-08T22:40,100,0.00,0.60
2026-08-08T22:50,111,0.00,0.70
2026-08-08T23:00,95,0.00,0.50
2026-08-08T23:10,90,0.00,0.50
2026-08-08T23:20,92,0.00,0.60
2026-08-08T23:30,89,0.00,0.60
2026-08-08T23:40,94,0.00,0.60
2026-08-08T23:50,73,0.00,0.70
2026-08-09T00:00,68,0.00,0.60
2026-08-09T00:10,87,0.00,0.50
2026-08-09T00:20,85,0.00,0.50
2026-08-09T00:30,99,0.00,0.40
2026-08-09T00:40,105,0.00,0.50
2026-08-09T00:50,113,0.00,0.70
2026-08-09T01:00,113,0.00,0.60
2026-08-09T01:10,113,0.00,0.30
2026-08-09T01:20,61,0.00,0.50
2026-08-09T01:30,47,0.00,0.70
2026-08-09T01:40,49,0.00,0.50
2026-08-09T01:50,47,0.00,0.90
2026-08-09T02:00,33,0.00,0.90
2026-08-09T02:10,36,0.00,0.60
2026-08-09T02:20,30,0.00,0.50
2026-08-09T02:30,28,0.00,0.60
2026-08-09T02:40,40,0.00,0.80
2026-08-09T02:50,44,0.00,1.00
2026-08-09T03:00,24,0.00,0.60
2026-08-09T03:10,,0.00,0.00
2026-08-09T03:20,36,0.00,0.30
2026-08-09T03:30,43,0.00,0.90
2026-08-09T03:40,30,0.00,0.60
2026-08-09T03:50,36,0.00,0.50
2026-08-09T04:00,,0.00,0.00
2026-08-09T04:10,,0.00,0.00
2026-08-09T04:20,,0.00,0.00
2026-08-09T04:30,39,0.00,0.50
2026-08-09T04:40,39,0.00,0.60
2026-08-09T04:50,43,0.00,0.80
2026-08-09T05:00,47,0.00,0.80
2026-08-09T05:10,32,0.00,0.60
2026-08-09T05:20,,0.00,0.00
2026-08-09T05:30,,0.00,0.00
2026-08-09T05:40,,0.00,0.00
2026-08-09T05:50,,0.00,0.00
2026-08-09T06:00,315,0.00,0.60
2026-08-09T06:10,318,0.00,0.50
2026-08-09T06:20,320,0.00,0.80
2026-08-09T06:30,329,0.00,0.60
2026-08-09T06:40,,0.00,0.00
2026-08-09T06:50,346,0.00,0.30
2026-08-09T07:00,,0.00,0.00
2026-08-09T07:10,12,0.00,0.50
2026-08-09T07:20,339,0.00,0.40
2026-08-09T07:30,351,0.00,0.60
2026-08-09T07:40,331,0.00,0.60
2026-08-09T07:50,296,0.00,0.50
2026-08-09T08:00,,0.00,0.00
2026-08-09T08:10,40,0.00,0.80
2026-08-09T08:20,43,0.00,0.60
2026-08-09T08:30,41,0.00,0.90
2026-08-09T08:40,46,0.00,0.70
2026-08-09T08:50,30,0.00,0.60
2026-08-09T09:00,27,0.00,0.70
2026-08-09T09:10,286,0.00,0.50
2026-08-09T09:20,267,0.00,0.60
2026-08-09T09:30,,0.00,0.00
2026-08-09T09:40,223,0.00,0.40
2026-08-09T09:50,204,0.00,0.80
2026-08-09T10:00,163,0.00,1.00
2026-08-09T10:10,170,0.00,0.90
2026-08-09T10:20,157,0.00,1.30
2026-08-09T10:30,157,0.00,1.10
2026-08-09T10:40,225,0.00,0.90
2026-08-09T10:50,150,0.00,0.90
2026-08-09T11:00,194,0.00,0.60
2026-08-09T11:10,163,0.00,1.40
2026-08-09T11:20,169,0.00,0.50
2026-08-09T11:30,158,0.00,1.40
2026-08-09T11:40,174,0.00,1.40
2026-08-09T11:50,151,0.00,1.90
2026-08-09T12:00,160,0.00,1.70
2026-08-09T12:10,154,0.00,1.90
2026-08-09T12:20,129,0.00,1.70
2026-08-09T12:30,138,0.00,2.10
2026-08-09T12:40,153,0.00,1.60
2026-08-09T12:50,170,0.00,1.20
2026-08-09T13:00,170,0.00,1.40
2026-08-09T13:10,159,0.00,1.60
2026-08-09T13:20,146,0.00,1.70
2026-08-09T13:30,148,0.00,2.30
2026-08-09T13:40,161,0.00,1.10
2026-08-09T13:50,145,0.00,1.80
2026-08-09T14:00,148,0.00,2.20
2026-08-09T14:10,154,0.00,1.90
2026-08-09T14:20,143,0.00,2.10
2026-08-09T14:30,147,0.00,2.00
2026-08-09T14:40,138,0.00,2.50
2026-08-09T14:50,156,0.00,1.30
2026-08-09T15:00,175,0.00,1.20
2026-08-09T15:10,143,0.00,1.70
2026-08-09T15:20,202,0.00,0.50
2026-08-09T15:30,142,0.00,1.90
2026-08-09T15:40,147,0.00,2.00
2026-08-09T15:50,162,0.00,0.40
2026-08-09T16:00,137,0.00,2.40
2026-08-09T16:10,151,0.00,1.70
2026-08-09T16:20,147,0.00,1.00
2026-08-09T16:30,162,0.00,1.50
2026-08-09T16:40,34,0.00,0.30
2026-08-09T16:50,145,0.00,1.70
2026-08-09T17:00,172,0.00,0.90
2026-08-09T17:10,131,0.00,1.90
2026-08-09T17:20,129,0.00,1.30
2026-08-09T17:30,115,0.00,1.00
2026-08-09T17:40,136,0.00,1.80
2026-08-09T17:50,134,0.00,2.40
2026-08-09T18:00,137,0.00,2.00
2026-08-09T18:10,136,0.00,1.90
2026-08-09T18:20,146,0.00,2.20
2026-08-09T18:30,142,0.00,1.30
2026-08-09T18:40,159,0.00,1.00
2026-08-09T18:50,150,0.00,1.10
2026-08-09T19:00,146,0.00,0.90
2026-08-09T19:10,156,0.00,0.60
2026-08-09T19:20,,0.00,0.00
2026-08-09T19:30,258,0.00,0.50
2026-08-09T19:40,293,0.00,0.50
2026-08-09T19:50,244,0.00,0.30
2026-08-09T20:00,247,0.00,0.40
2026-08-09T20:10,247,0.00,0.40
2026-08-09T20:20,248,0.00,0.50
2026-08-09T20:30,241,0.00,0.50
2026-08-09T20:40,299,0.00,0.40
2026-08-09T20:50,331,0.00,0.60
2026-08-09T21:00,345,0.00,0.50
2026-08-09T21:10,320,0.00,0.40
2026-08-09T21:20,330,0.00,0.50
2026-08-09T21:30,321,0.00,0.40
2026-08-09T21:40,335,0.00,0.40
2026-08-09T21:50,36,0.00,0.30
2026-08-09T22:00,,0.00,0.00
2026-08-09T22:10,,0.00,0.00
2026-08-09T22:20,250,0.00,0.60
2026-08-09T22:30,270,0.00,1.40
2026-08-09T22:40,287,0.00,1.80
2026-08-09T22:50,296,0.00,1.80
2026-08-09T23:00,298,0.00,2.00
2026-08-09T23:10,296,0.00,2.30
2026-08-09T23:20,304,0.00,1.70
2026-08-09T23:30,308,0.00,1.60
2026-08-09T23:40,300,0.00,1.40
2026-08-09T23:50,252,0.00,0.70
2026-08-10T00:00,221,0.00,0.60
2026-08-10T00:10,223,0.00,1.00
2026-08-10T00:20,247,0.00,1.30
2026-08-10T00:30,234,0.00,1.00
2026-08-10T00:40,247,0.00,0.60
2026-08-10T00:50,252,0.00,1.00
2026-08-10T01:00,276,0.00,1.00
2026-08-10T01:10,198,0.00,0.70
2026-08-10T01:20,279,0.00,0.80
2026-08-10T01:30,294,0.00,1.10
2026-08-10T01:40,244,0.00,0.70
2026-08-10T01:50,268,0.00,1.00
2026-08-10T02:00,293,0.00,1.00
2026-08-10T02:10,303,0.00,1.10
2026-08-10T02:20,301,0.00,1.40
2026-08-10T02:30,304,0.00,1.30
2026-08-10T02:40,293,0.00,1.90
2026-08-10T02:50,294,0.00,2.10
2026-08-10T03:00,296,0.00,2.50
2026-08-10T03:10,307,0.00,2.10
2026-08-10T03:20,308,0.00,2.00
2026-08-10T03:30,323,0.00,1.50
2026-08-10T03:40,327,0.00,1.50
2026-08-10T03:50,327,0.00,1.50
2026-08-10T04:00,324,0.00,1.30
2026-08-10T04:10,309,0.00,1.70
2026-08-10T04:20,317,0.00,1.10
2026-08-10T04:30,308,0.00,0.60
2026-08-10T04:40,,0.00,0.00
2026-08-10T04:50,295,0.00,0.60
2026-08-10T05:00,324,0.00,0.80
2026-08-10T05:10,301,0.00,0.50
2026-08-10T05:20,324,0.00,0.40
2026-08-10T05:30,,0.00,0.00
2026-08-10T05:40,296,0.00,0.40
2026-08-10T05:50,,0.00,0.00
2026-08-10T06:00,310,0.00,0.50
2026-08-10T06:10,296,0.00,0.30
2026-08-10T06:20,165,0.00,0.40
2026-08-10T06:30,266,0.00,0.60
2026-08-10T06:40,265,0.00,0.30
2026-08-10T06:50,,0.00,0.00
2026-08-10T07:00,,0.00,0.00
2026-08-10T07:10,246,0.00,0.30
2026-08-10T07:20,266,0.00,0.60
2026-08-10T07:30,270,0.00,0.60
2026-08-10T07:40,291,0.00,1.10
2026-08-10T07:50,291,0.00,1.00
2026-08-10T08:00,279,0.00,1.20
2026-08-10T08:10,277,0.00,1.40
2026-08-10T08:20,268,0.00,1.20
2026-08-10T08:30,254,0.00,0.90
2026-08-10T08:40,253,0.00,0.90
2026-08-10T08:50,273,0.00,1.70
2026-08-10T09:00,282,0.00,1.40
2026-08-10T09:10,273,0.00,1.70
2026-08-10T09:20,278,0.00,1.60
2026-08-10T09:30,278,0.00,1.50
2026-08-10T09:40,233,0.00,0.70
2026-08-10T09:50,272,0.00,1.10
2026-08-10T10:00,277,0.00,1.10
2026-08-10T10:10,250,0.00,0.70
2026-08-10T10:20,278,0.00,0.60
2026-08-10T10:30,316,0.00,0.90
2026-08-10T10:40,283,0.00,1.00
2026-08-10T10:50,194,0.00,0.90
2026-08-10T11:00,217,0.00,1.30
2026-08-10T11:10,211,0.00,1.00
2026-08-10T11:20,188,0.00,1.10
2026-08-10T11:30,246,0.00,1.20
2026-08-10T11:40,219,0.00,1.00
2026-08-10T11:50,193,0.00,0.70
2026-08-10T12:00,170,0.00,1.00
2026-08-10T12:10,233,0.00,1.00
2026-08-10T12:20,229,0.00,1.10
2026-08-10T12:30,211,0.00,1.30
2026-08-10T12:40,228,0.00,1.20
2026-08-10T12:50,219,0.00,1.40
2026-08-10T13:00,217,0.00,1.60
2026-08-10T13:10,254,0.00,1.30
2026-08-10T13:20,263,0.00,1.50
2026-08-10T13:30,263,0.00,1.30
2026-08-10T13:40,238,0.00,1.20
2026-08-10T13:50,240,0.00,1.00
2026-08-10T14:00,253,0.00,1.60
2026-08-10T14:10,246,0.00,1.10
2026-08-10T14:20,268,0.00,1.80
2026-08-10T14:30,274,0.00,1.40
2026-08-10T14:40,254,0.00,1.20
2026-08-10T14:50,247,0.00,0.90
2026-08-10T15:00,288,0.00,1.50
2026-08-10T15:10,237,0.00,0.80
2026-08-10T15:20,231,0.00,0.90
2026-08-10T15:30,181,0.00,1.00
2026-08-10T15:40,217,0.00,0.80
2026-08-10T15:50,302,0.00,0.80
2026-08-10T16:00,275,0.00,1.10
2026-08-10T16:10,297,0.00,1.70
2026-08-10T16:20,291,0.00,2.20
2026-08-10T16:30,282,0.00,2.10
2026-08-10T16:40,289,0.00,1.90
2026-08-10T16:50,260,0.00,1.30
2026-08-10T17:00,264,0.00,1.10
2026-08-10T17:10,272,0.00,1.30
2026-08-10T17:20,236,0.00,0.50
2026-08-10T17:30,287,0.00,0.70
2026-08-10T17:40,296,0.00,0.90
2026-08-10T17:50,287,0.00,1.00
2026-08-10T18:00,303,0.00,0.80
2026-08-10T18:10,285,0.00,0.60
2026-08-10T18:20,279,0.00,1.20
2026-08-10T18:30,293,0.00,1.10
2026-08-10T18:40,298,0.00,0.70
2026-08-10T18:50,285,0.00,1.00
2026-08-10T19:00,278,0.00,0.50
2026-08-10T19:10,282,0.00,0.80
2026-08-10T19:20,277,0.00,0.90
2026-08-10T19:30,260,0.00,0.60
2026-08-10T19:40,260,0.00,0.70
2026-08-10T19:50,255,0.00,0.90
2026-08-10T20:00,258,0.00,0.60
2026-08-10T20:10,259,0.00,0.50
2026-08-10T20:20,249,0.00,0.50
2026-08-10T20:30,236,0.00,0.40
2026-08-10T20:40,,0.00,0.00
2026-08-10T20:50,,0.00,0.00
2026-08-10T21:00,,0.00,0.00
2026-08-10T21:10,,0.00,0.00
2026-08-10T21:20,,0.00,0.00
2026-08-10T21:30,,0.00,0.00
2026-08-10T21:40,19,0.00,0.60
2026-08-10T21:50,35,0.00,0.50
2026-08-10T22:00,38,0.00,0.70
2026-08-10T22:10,18,0.00,0.50
2026-08-10T22:20,,0.00,0.00
2026-08-10T22:30,,0.00,0.00
2026-08-10T22:40,,0.00,0.00
2026-08-10T22:50,15,0.00,0.30
2026-08-10T23:00,306,0.00,0.50
2026-08-10T23:10,287,0.00,0.40
2026-08-10T23:20,259,0.00,0.40
2026-08-10T23:30,,0.00,0.00
2026-08-10T23:40,19,0.00,0.80
2026-08-10T23:50,41,0.00,1.10
2026-08-11T00:00,16,0.00,0.40
2026-08-11T00:10,,0.00,0.00
2026-08-11T00:20,319,0.00,0.50
2026-08-11T00:30,306,0.00,0.30
2026-08-11T00:40,,0.00,0.00
2026-08-11T00:50,,0.00,0.00
2026-08-11T01:00,,0.00,0.00
2026-08-11T01:10,314,0.00,0.50
2026-08-11T01:20,307,0.00,0.50
2026-08-11T01:30,,0.00,0.00
2026-08-11T01:40,,0.00,0.00
2026-08-11T01:50,66,0.00,0.50
2026-08-11T02:00,75,0.00,0.40
2026-08-11T02:10,58,0.00,0.30
2026-08-11T02:20,,0.00,0.00
2026-08-11T02:30,89,0.00,0.50
2026-08-11T02:40,88,0.00,0.50
2026-08-11T02:50,83,0.00,0.60
2026-08-11T03:00,85,0.00,0.30
2026-08-11T03:10,,0.00,0.00
2026-08-11T03:20,,0.00,0.00
2026-08-11T03:30,,0.00,0.00
2026-08-11T03:40,,0.00,0.00
2026-08-11T03:50,,0.00,0.00
2026-08-11T04:00,,0.00,0.00
2026-08-11T04:10,,0.00,0.00
2026-08-11T04:20,271,0.00,0.30
2026-08-11T04:30,,0.00,0.00
2026-08-11T04:40,,0.00,0.00
2026-08-11T04:50,341,0.00,0.70
2026-08-11T05:00,,0.00,0.00
2026-08-11T05:10,,0.00,0.00
2026-08-11T05:20,309,0.00,0.40
2026-08-11T05:30,260,0.00,0.50
2026-08-11T05:40,,0.00,0.00
2026-08-11T05:50,299,0.00,0.50
2026-08-11T06:00,292,0.00,1.00
2026-08-11T06:10,273,0.00,0.70
2026-08-11T06:20,294,0.00,0.90
2026-08-11T06:30,309,0.00,1.00
2026-08-11T06:40,310,0.00,0.80
2026-08-11T06:50,288,0.00,0.90
2026-08-11T07:00,264,0.00,0.40
2026-08-11T07:10,192,0.00,0.40
2026-08-11T07:20,,0.00,0.00
2026-08-11T07:30,,0.00,0.00
2026-08-11T07:40,297,0.00,0.60
2026-08-11T07:50,302,0.00,0.80
2026-08-11T08:00,322,0.00,0.40
2026-08-11T08:10,,0.00,0.00
2026-08-11T08:20,206,0.00,0.40
2026-08-11T08:30,45,0.00,0.80
2026-08-11T08:40,42,0.00,0.70
2026-08-11T08:50,82,0.00,0.40
2026-08-11T09:00,45,0.00,0.80
2026-08-11T09:10,46,0.00,0.60
2026-08-11T09:20,42,0.00,0.90
2026-08-11T09:30,18,0.00,0.90
2026-08-11T09:40,42,0.00,0.70
2026-08-11T09:50,37,0.00,0.60
2026-08-11T10:00,,0.00,0.00
2026-08-11T10:10,91,0.00,0.40
2026-08-11T10:20,152,0.00,0.90
2026-08-11T10:30,144,0.00,1.10
2026-08-11T10:40,136,0.00,1.50
2026-08-11T10:50,138,0.00,1.00
2026-08-11T11:00,134,0.00,0.80
2026-08-11T11:10,152,0.00,1.30
2026-08-11T11:20,263,0.00,0.80
2026-08-11T11:30,184,0.00,0.90
2026-08-11T11:40,270,0.00,1.00
2026-08-11T11:50,143,0.00,1.10
2026-08-11T12:00,189,0.00,1.30
2026-08-11T12:10,130,0.00,1.40
2026-08-11T12:20,140,0.00,1.70
2026-08-11T12:30,158,0.00,1.30
2026-08-11T12:40,204,0.00,0.90
2026-08-11T12:50,142,0.00,2.00
2026-08-11T13:00,142,0.00,1.80
2026-08-11T13:10,150,0.00,2.10
2026-08-11T13:20,140,0.00,2.00
2026-08-11T13:30,169,0.00,1.10
2026-08-11T13:40,165,0.00,1.50
2026-08-11T13:50,146,0.00,2.10
2026-08-11T14:00,154,0.00,1.90
2026-08-11T14:10,144,0.00,1.30
2026-08-11T14:20,176,0.00,0.80
2026-08-11T14:30,155,0.00,1.40
2026-08-11T14:40,158,0.00,1.00
2026-08-11T14:50,142,0.00,2.40
2026-08-11T15:00,149,0.00,1.50
2026-08-11T15:10,148,0.00,1.70
2026-08-11T15:20,151,0.00,1.30
2026-08-11T15:30,152,0.00,1.20
2026-08-11T15:40,144,0.00,1.80
2026-08-11T15:50,139,0.00,1.30
2026-08-11T16:00,169,0.00,1.20
2026-08-11T16:10,158,0.00,1.50
2026-08-11T16:20,145,0.00,2.00
2026-08-11T16:30,161,0.00,1.10
2026-08-11T16:40,165,0.00,1.50
2026-08-11T16:50,169,0.00,1.40
2026-08-11T17:00,166,0.00,1.50
2026-08-11T17:10,150,0.00,2.00
2026-08-11T17:20,163,0.00,1.30
2026-08-11T17:30,166,0.00,1.30
2026-08-11T17:40,176,0.00,0.90
2026-08-11T17:50,207,0.00,1.10
2026-08-11T18:00,156,0.00,1.00
2026-08-11T18:10,163,0.00,1.00
2026-08-11T18:20,154,0.00,1.60
2026-08-11T18:30,175,0.00,1.00
2026-08-11T18:40,201,0.00,0.80
2026-08-11T18:50,192,0.00,0.60
2026-08-11T19:00,267,0.00,0.60
2026-08-11T19:10,270,0.00,0.60
2026-08-11T19:20,260,0.00,0.60
2026-08-11T19:30,277,0.00,0.40
2026-08-11T19:40,,0.00,0.00
2026-08-11T19:50,,0.00,0.00
2026-08-11T20:00,,0.00,0.00
2026-08-11T20:10,,0.00,0.00
2026-08-11T20:20,,0.00,0.00
2026-08-11T20:30,,0.00,0.00
2026-08-11T20:40,,0.00,0.00
2026-08-11T20:50,,0.00,0.00
2026-08-11T21:00,,0.00,0.00
2026-08-11T21:10,,0.00,0.00
2026-08-11T21:20,,0.00,0.00
2026-08-11T21:30,,0.00,0.00
2026-08-11T21:40,,0.00,0.00
2026-08-11T21:50,,0.00,0.00
2026-08-11T22:00,,0.00,0.00
2026-08-11T22:10,,0.00,0.00
2026-08-11T22:20,,0.00,0.00
2026-08-11T22:30,,0.00,0.00
2026-08-11T22:40,,0.00,0.00
2026-08-11T22:50,,0.00,0.00
2026-08-11T23:00,,0.00,0.00
2026-08-11T23:10,,0.00,0.00
2026-08-11T23:20,,0.00,0.00
2026-08-11T23:30,,0.00,0.00
2026-08-11T23:40,39,0.00,0.80
2026-08-11T23:50,33,0.00,0.80
2026-08-12T00:00,81,0.00,0.50
2026-08-12T00:10,,0.00,0.00
2026-08-12T00:20,54,0.00,0.40
2026-08-12T00:30,50,0.00,0.60
2026-08-12T00:40,31,0.00,0.60
2026-08-12T00:50,,0.00,0.00
2026-08-12T01:00,,0.00,0.00
2026-08-12T01:10,,0.00,0.00
2026-08-12T01:20,276,0.00,0.90
2026-08-12T01:30,,0.00,0.00
2026-08-12T01:40,,0.00,0.00
2026-08-12T01:50,151,0.00,0.40
2026-08-12T02:00,,0.00,0.00
2026-08-12T02:10,330,0.00,0.30
2026-08-12T02:20,324,0.00,0.70
2026-08-12T02:30,330,0.00,0.50
2026-08-12T02:40,,0.00,0.00
2026-08-12T02:50,324,0.00,0.50
2026-08-12T03:00,309,0.00,0.60
2026-08-12T03:10,317,0.00,0.60
2026-08-12T03:20,331,0.00,0.70
2026-08-12T03:30,344,0.00,0.40
2026-08-12T03:40,357,0.00,0.30
2026-08-12T03:50,22,0.00,0.50
2026-08-12T04:00,21,0.00,0.70
2026-08-12T04:10,17,0.00,0.60
2026-08-12T04:20,23,0.00,0.70
2026-08-12T04:30,25,0.00,0.90
2026-08-12T04:40,9,0.00,0.60
2026-08-12T04:50,24,0.00,0.70
2026-08-12T05:00,30,0.00,0.60
2026-08-12T05:10,19,0.00,0.40
2026-08-12T05:20,2,0.00,0.30
2026-08-12T05:30,,0.00,0.00
2026-08-12T05:40,,0.00,0.00
2026-08-12T05:50,,0.00,0.00
2026-08-12T06:00,,0.00,0.00
2026-08-12T06:10,197,0.00,0.90
2026-08-12T06:20,203,0.00,1.30
2026-08-12T06:30,209,0.00,0.30
2026-08-12T06:40,224,0.00,0.40
2026-08-12T06:50,307,0.00,0.60
2026-08-12T07:00,,0.00,0.00
2026-08-12T07:10,,0.00,0.00
2026-08-12T07:20,,0.00,0.00
2026-08-12T07:30,326,0.00,0.30
2026-08-12T07:40,295,0.00,0.60
2026-08-12T07:50,307,0.00,0.30
2026-08-12T08:00,,0.00,0.00
2026-08-12T08:10,290,0.00,0.60
2026-08-12T08:20,291,0.00,0.80
2026-08-12T08:30,322,0.00,0.60
2026-08-12T08:40,334,0.00,0.70
2026-08-12T08:50,274,0.00,0.70
2026-08-12T09:00,274,0.00,0.90
2026-08-12T09:10,269,0.00,0.80
2026-08-12T09:20,,0.00,0.00
2026-08-12T09:30,154,0.00,0.70
2026-08-12T09:40,148,0.00,1.00
2026-08-12T09:50,139,0.00,1.20
2026-08-12T10:00,149,0.00,0.60
2026-08-12T10:10,122,0.00,0.90
2026-08-12T10:20,137,0.00,1.90
2026-08-12T10:30,140,0.00,1.60
2026-08-12T10:40,139,0.00,1.80
2026-08-12T10:50,130,0.00,2.20
2026-08-12T11:00,144,0.00,2.10
2026-08-12T11:10,144,0.00,2.20
2026-08-12T11:20,153,0.00,1.90
2026-08-12T11:30,136,0.00,1.70
2026-08-12T11:40,153,0.00,1.80
2026-08-12T11:50,143,0.00,2.30
2026-08-12T12:00,151,0.00,2.60
2026-08-12T12:10,139,0.00,2.00
2026-08-12T12:20,144,0.00,2.20
2026-08-12T12:30,147,0.00,2.20
2026-08-12T12:40,135,0.00,2.40
2026-08-12T12:50,145,0.00,2.30
2026-08-12T13:00,146,0.00,1.70
2026-08-12T13:10,147,0.00,1.70
2026-08-12T13:20,138,0.00,2.20
2026-08-12T13:30,156,0.00,2.20
2026-08-12T13:40,88,0.00,1.00
2026-08-12T13:50,138,0.00,2.10
2026-08-12T14:00,144,0.00,1.60
2026-08-12T14:10,140,0.00,2.40
2026-08-12T14:20,140,0.00,1.70
2026-08-12T14:30,150,0.00,1.50
2026-08-12T14:40,136,0.00,1.60
2026-08-12T14:50,146,0.00,2.00
2026-08-12T15:00,152,0.00,1.80
2026-08-12T15:10,152,0.00,2.20
2026-08-12T15:20,142,0.00,2.40
2026-08-12T15:30,142,0.00,2.10
2026-08-12T15:40,135,0.00,1.70
2026-08-12T15:50,145,0.00,1.90
2026-08-12T16:00,160,0.00,1.40
2026-08-12T16:10,161,0.00,2.00
2026-08-12T16:20,139,0.00,1.80
2026-08-12T16:30,156,0.00,1.80
2026-08-12T16:40,226,0.00,1.00
2026-08-12T16:50,163,0.00,1.40
2026-08-12T17:00,136,0.00,1.30
2026-08-12T17:10,135,0.00,2.40
2026-08-12T17:20,134,0.00,1.90
2026-08-12T17:30,131,0.00,1.80
2026-08-12T17:40,146,0.00,1.60
2026-08-12T17:50,135,0.00,2.10
2026-08-12T18:00,120,0.00,1.00
2026-08-12T18:10,137,0.00,1.10
2026-08-12T18:20,133,0.00,0.80
2026-08-12T18:30,137,0.00,0.70
2026-08-12T18:40,,0.00,0.00
2026-08-12T18:50,,0.00,0.00
2026-08-12T19:00,,0.00,0.00
2026-08-12T19:10,,0.00,0.00
2026-08-12T19:20,,0.00,0.00
2026-08-12T19:30,,0.00,0.00
2026-08-12T19:40,40,0.00,1.80
2026-08-12T19:50,30,0.00,2.40
2026-08-12T20:00,34,0.00,2.20
2026-08-12T20:10,41,0.00,2.20
2026-08-12T20:20,33,0.00,1.70
2026-08-12T20:30,31,0.00,1.50
2026-08-12T20:40,40,0.00,1.20
2026-08-12T20:50,25,0.00,1.40
2026-08-12T21:00,329,0.00,1.10
2026-08-12T21:10,15,0.00,1.00
2026-08-12T21:20,28,0.00,1.60
2026-08-12T21:30,32,0.00,1.80
2026-08-12T21:40,41,0.00,1.50
2026-08-12T21:50,62,0.00,0.70
2026-08-12T22:00,17,0.00,1.00
2026-08-12T22:10,29,0.00,1.50
2026-08-12T22:20,22,0.00,1.40
2026-08-12T22:30,18,0.00,1.30
2026-08-12T22:40,44,0.00,0.80
2026-08-12T22:50,36,0.00,1.20
2026-08-12T23:00,34,0.00,1.20
2026-08-12T23:10,29,0.00,1.40
2026-08-12T23:20,43,0.00,1.20
2026-08-12T23:30,37,0.00,1.10
2026-08-12T23:40,32,0.00,1.30
2026-08-12T23:50,46,0.00,0.90
2026-08-13T00:00,51,0.00,0.70
2026-08-13T00:10,51,0.00,0.80
2026-08-13T00:20,46,0.00,1.10
2026-08-13T00:30,44,0.00,0.70
2026-08-13T00:40,37,0.00,1.00
2026-08-13T00:50,30,0.00,1.00
2026-08-13T01:00,38,0.00,1.00
2026-08-13T01:10,30,0.00,1.20
2026-08-13T01:20,40,0.00,1.10
2026-08-13T01:30,39,0.00,1.30
2026-08-13T01:40,31,0.00,1.20
2026-08-13T01:50,31,0.00,1.30
2026-08-13T02:00,31,0.00,1.50
2026-08-13T02:10,26,0.00,1.60
2026-08-13T02:20,27,0.00,1.40
2026-08-13T02:30,18,0.00,1.30
2026-08-13T02:40,25,0.00,1.70
2026-08-13T02:50,27,0.00,1.70
2026-08-13T03:00,25,0.00,1.70
2026-08-13T03:10,31,0.00,1.80
2026-08-13T03:20,29,0.00,2.00
2026-08-13T03:30,31,0.00,2.00
2026-08-13T03:40,24,0.00,1.70
2026-08-13T03:50,20,0.00,1.60
2026-08-13T04:00,20,0.00,1.50
2026-08-13T04:10,15,0.00,1.10
2026-08-13T04:20,13,0.00,1.30
2026-08-13T04:30,16,0.00,0.90
2026-08-13T04:40,18,0.00,1.00
2026-08-13T04:50,4,0.00,0.90
2026-08-13T05:00,1,0.00,0.90
2026-08-13T05:10,16,0.00,0.90
2026-08-13T05:20,21,0.00,1.30
2026-08-13T05:30,23,0.00,1.00
2026-08-13T05:40,19,0.00,0.80
2026-08-13T05:50,348,0.00,0.50
2026-08-13T06:00,134,0.00,1.70
2026-08-13T06:10,137,0.00,2.00
2026-08-13T06:20,140,0.00,1.00
2026-08-13T06:30,143,0.00,0.90
2026-08-13T06:40,134,0.00,0.70
2026-08-13T06:50,141,0.00,0.30
2026-08-13T07:00,138,0.00,0.60
2026-08-13T07:10,31,0.00,0.30
2026-08-13T07:20,324,0.00,0.30
2026-08-13T07:30,18,0.00,0.50
2026-08-13T07:40,37,0.00,0.40
2026-08-13T07:50,57,0.00,0.40
2026-08-13T08:00,,0.00,0.00
2026-08-13T08:10,,0.00,0.00
2026-08-13T08:20,,0.00,0.00
2026-08-13T08:30,145,0.00,0.90
2026-08-13T08:40,163,0.00,1.00
2026-08-13T08:50,175,0.00,0.50
2026-08-13T09:00,214,0.00,0.60
2026-08-13T09:10,161,0.00,1.10
2026-08-13T09:20,149,0.00,1.10
2026-08-13T09:30,142,0.00,0.80
2026-08-13T09:40,237,0.00,0.70
2026-08-13T09:50,72,0.00,0.40
2026-08-13T10:00,199,0.00,0.40
2026-08-13T10:10,165,0.00,0.70
2026-08-13T10:20,137,0.00,1.50
2026-08-13T10:30,151,0.00,0.90
2026-08-13T10:40,166,0.00,1.00
2026-08-13T10:50,137,0.00,1.50
2026-08-13T11:00,162,0.00,1.30
2026-08-13T11:10,153,0.00,1.50
2026-08-13T11:20,150,0.00,1.60
2026-08-13T11:30,168,0.00,1.00
2026-08-13T11:40,174,0.00,1.10
2026-08-13T11:50,206,0.00,0.80
2026-08-13T12:00,171,0.00,1.20
2026-08-13T12:10,173,0.00,0.90
2026-08-13T12:20,152,0.00,1.60
2026-08-13T12:30,182,0.00,0.90
2026-08-13T12:40,160,0.00,1.20
2026-08-13T12:50,147,0.00,1.90
2026-08-13T13:00,143,0.00,2.60
2026-08-13T13:10,141,0.00,2.40
2026-08-13T13:20,143,0.00,2.40
2026-08-13T13:30,150,0.00,2.40
2026-08-13T13:40,132,0.00,1.90
2026-08-13T13:50,147,0.00,2.10
2026-08-13T14:00,149,0.00,2.20
2026-08-13T14:10,146,0.00,2.40
2026-08-13T14:20,148,0.00,2.10
2026-08-13T14:30,176,0.00,1.10
2026-08-13T14:40,208,0.00,0.30
2026-08-13T14:50,150,0.00,1.20
2026-08-13T15:00,219,0.00,0.70
2026-08-13T15:10,190,0.00,1.00
2026-08-13T15:20,236,0.00,0.90
2026-08-13T15:30,255,0.00,0.70
2026-08-13T15:40,167,0.00,1.20
2026-08-13T15:50,145,0.00,1.30
2026-08-13T16:00,150,0.00,1.20
2026-08-13T16:10,108,0.00,1.10
2026-08-13T16:20,122,0.00,1.40
2026-08-13T16:30,129,0.00,0.90
2026-08-13T16:40,130,0.00,1.30
2026-08-13T16:50,135,0.00,1.00
2026-08-13T17:00,126,0.00,1.20
2026-08-13T17:10,140,0.00,1.90
2026-08-13T17:20,128,0.00,1.80
2026-08-13T17:30,148,0.00,2.20
2026-08-13T17:40,134,0.00,1.90
2026-08-13T17:50,127,0.00,1.90
2026-08-13T18:00,144,0.00,1.80
2026-08-13T18:10,146,0.00,2.00
2026-08-13T18:20,142,0.00,1.30
2026-08-13T18:30,155,0.00,1.40
2026-08-13T18:40,139,0.00,1.70
2026-08-13T18:50,138,0.00,1.60
2026-08-13T19:00,141,0.00,1.60
2026-08-13T19:10,143,0.00,1.30
2026-08-13T19:20,149,0.00,0.90
2026-08-13T19:30,143,0.00,0.70
2026-08-13T19:40,140,0.00,0.90
2026-08-13T19:50,136,0.00,1.20
2026-08-13T20:00,132,0.00,1.10
2026-08-13T20:10,134,0.00,1.00
2026-08-13T20:20,128,0.00,0.40
2026-08-13T20:30,,0.00,0.00
2026-08-13T20:40,139,0.00,0.70
2026-08-13T20:50,137,0.00,0.50
2026-08-13T21:00,,0.00,0.00
2026-08-13T21:10,81,0.00,0.40
2026-08-13T21:20,,0.00,0.00
2026-08-13T21:30,122,0.00,0.60
2026-08-13T21:40,119,0.00,0.50
2026-08-13T21:50,126,0.00,0.60
2026-08-13T22:00,73,0.00,0.40
2026-08-13T22:10,52,0.00,0.70
2026-08-13T22:20,58,0.00,0.80
2026-08-13T22:30,,0.00,0.00
2026-08-13T22:40,54,0.00,0.60
2026-08-13T22:50,56,0.00,0.70
2026-08-13T23:00,94,0.00,0.50
2026-08-13T23:10,67,0.00,0.60
2026-08-13T23:20,92,0.00,0.60
2026-08-13T23:30,116,0.00,0.80
2026-08-13T23:40,112,0.00,1.10
2026-08-13T23:50,109,0.00,0.70
2026-08-14T00:00,107,0.00,0.70
2026-08-14T00:10,108,0.00,0.80
2026-08-14T00:20,104,0.00,0.80
2026-08-14T00:30,114,0.00,1.00
2026-08-14T00:40,115,0.00,1.00
2026-08-14T00:50,102,0.00,0.70
2026-08-14T01:00,110,0.00,0.70
2026-08-14T01:10,117,0.00,0.90
2026-08-14T01:20,115,0.00,0.70
2026-08-14T01:30,101,0.00,0.60
2026-08-14T01:40,91,0.00,0.50
2026-08-14T01:50,78,0.00,0.40
2026-08-14T02:00,96,0.00,0.50
2026-08-14T02:10,49,0.00,0.70
2026-08-14T02:20,6,0.00,0.30
2026-08-14T02:30,,0.00,0.00
2026-08-14T02:40,50,0.00,0.30
2026-08-14T02:50,42,0.00,0.50
2026-08-14T03:00,29,0.00,0.60
2026-08-14T03:10,40,0.00,0.30
2026-08-14T03:20,41,0.00,0.70
2026-08-14T03:30,38,0.00,0.70
2026-08-14T03:40,34,0.00,0.60
2026-08-14T03:50,35,0.00,0.50
2026-08-14T04:00,33,0.00,0.50
2026-08-14T04:10,39,0.00,0.80
2026-08-14T04:20,14,0.00,0.30
2026-08-14T04:30,36,0.00,0.50
2026-08-14T04:40,34,0.00,0.70
2026-08-14T04:50,27,0.00,0.50
2026-08-14T05:00,33,0.00,0.50
2026-08-14T05:10,34,0.00,0.60
2026-08-14T05:20,36,0.00,0.40
2026-08-14T05:30,33,0.00,0.30
2026-08-14T05:40,,0.00,0.00
2026-08-14T05:50,,0.00,0.00
2026-08-14T06:00,,0.00,0.00
2026-08-14T06:10,25,0.00,0.50
2026-08-14T06:20,358,0.00,0.40
2026-08-14T06:30,350,0.00,0.30
2026-08-14T06:40,318,0.00,0.50
2026-08-14T06:50,311,0.00,0.50
2026-08-14T07:00,,0.00,0.00
2026-08-14T07:10,153,0.00,0.30
2026-08-14T07:20,,0.00,0.00
2026-08-14T07:30,,0.00,0.00
2026-08-14T07:40,138,0.00,0.40
2026-08-14T07:50,154,0.00,0.70
2026-08-14T08:00,153,0.00,0.60
2026-08-14T08:10,116,0.00,0.50
2026-08-14T08:20,39,0.00,0.30
2026-08-14T08:30,76,0.00,0.50
2026-08-14T08:40,91,0.00,0.50
2026-08-14T08:50,84,0.00,0.80
2026-08-14T09:00,122,0.00,1.20
2026-08-14T09:10,119,0.00,1.00
2026-08-14T09:20,136,0.00,3.30
2026-08-14T09:30,127,0.00,2.10
2026-08-14T09:40,133,0.00,2.80
2026-08-14T09:50,136,0.00,3.30
2026-08-14T10:00,133,0.00,2.90
2026-08-14T10:10,127,0.00,1.80
2026-08-14T10:20,137,0.00,2.60
2026-08-14T10:30,135,0.00,2.30
2026-08-14T10:40,130,0.00,2.10
2026-08-14T10:50,136,0.00,2.30
2026-08-14T11:00,140,0.00,2.50
2026-08-14T11:10,137,0.00,1.90
2026-08-14T11:20,146,0.00,1.60
2026-08-14T11:30,144,0.00,2.10
2026-08-14T11:40,145,0.00,2.10
2026-08-14T11:50,142,0.00,1.90
2026-08-14T12:00,135,0.00,1.80
2026-08-14T12:10,139,0.00,2.40
2026-08-14T12:20,175,0.00,1.10
2026-08-14T12:30,143,0.00,2.10
2026-08-14T12:40,153,0.00,1.60
2026-08-14T12:50,140,0.00,1.20
2026-08-14T13:00,157,0.00,1.60
2026-08-14T13:10,133,0.00,1.40
2026-08-14T13:20,151,0.00,1.20
2026-08-14T13:30,148,0.00,1.50
2026-08-14T13:40,153,0.00,2.00
2026-08-14T13:50,158,0.00,1.90
2026-08-14T14:00,179,0.00,1.30
2026-08-14T14:10,153,0.00,1.50
2026-08-14T14:20,151,0.00,1.80
2026-08-14T14:30,161,0.00,1.40
2026-08-14T14:40,148,0.00,1.80
2026-08-14T14:50,146,0.00,2.60
2026-08-14T15:00,127,0.00,2.20
2026-08-14T15:10,128,0.00,1.30
2026-08-14T15:20,129,0.00,2.00
2026-08-14T15:30,131,0.00,1.80
2026-08-14T15:40,144,0.00,2.00
2026-08-14T15:50,148,0.00,1.80
2026-08-14T16:00,136,0.00,2.20
2026-08-14T16:10,132,0.00,1.60
2026-08-14T16:20,126,0.00,1.70
2026-08-14T16:30,142,0.00,1.90
2026-08-14T16:40,152,0.00,2.20
2026-08-14T16:50,150,0.00,2.00
2026-08-14T17:00,144,0.00,1.90
2026-08-14T17:10,161,0.00,1.30
2026-08-14T17:20,164,0.00,1.40
2026-08-14T17:30,154,0.00,1.70
2026-08-14T17:40,134,0.00,2.70
2026-08-14T17:50,134,0.00,1.80
2026-08-14T18:00,143,0.00,1.60
2026-08-14T18:10,186,0.00,0.60
2026-08-14T18:20,144,0.00,2.00
2026-08-14T18:30,135,0.00,1.10
2026-08-14T18:40,133,0.00,1.10
2026-08-14T18:50,147,0.00,2.30
2026-08-14T19:00,136,0.00,1.70
2026-08-14T19:10,128,0.00,1.10
2026-08-14T19:20,130,0.00,0.90
2026-08-14T19:30,138,0.00,0.90
2026-08-14T19:40,137,0.00,1.10
2026-08-14T19:50,131,0.00,1.10
2026-08-14T20:00,137,0.00,1.00
2026-08-14T20:10,139,0.00,1.30
2026-08-14T20:20,131,0.00,1.00
2026-08-14T20:30,125,0.00,0.60
2026-08-14T20:40,122,0.00,0.30
2026-08-14T20:50,,0.00,0.00
2026-08-14T21:00,122,0.00,0.80
2026-08-14T21:10,120,0.00,0.70
2026-08-14T21:20,118,0.00,0.50
2026-08-14T21:30,114,0.00,0.30
2026-08-14T21:40,,0.00,0.00
2026-08-14T21:50,69,0.00,0.30
2026-08-14T22:00,50,0.00,0.80
2026-08-14T22:10,51,0.00,1.00
2026-08-14T22:20,43,0.00,1.10
2026-08-14T22:30,29,0.00,0.70
2026-08-14T22:40,40,0.00,0.60
2026-08-14T22:50,58,0.00,0.50
2026-08-14T23:00,49,0.00,0.80
2026-08-14T23:10,47,0.00,0.90
2026-08-14T23:20,76,0.00,0.40
2026-08-14T23:30,75,0.00,0.60
2026-08-14T23:40,76,0.00,0.40
2026-08-14T23:50,79,0.00,0.50
2026-08-15T00:00,79,0.00,0.50
2026-08-15T00:10,80,0.00,0.60
2026-08-15T00:20,82,0.00,0.50
2026-08-15T00:30,108,0.00,0.40
2026-08-15T00:40,113,0.00,0.70
2026-08-15T00:50,114,0.00,0.70
2026-08-15T01:00,114,0.00,0.60
2026-08-15T01:10,101,0.00,0.60
2026-08-15T01:20,69,0.00,0.70
2026-08-15T01:30,76,0.00,0.40
2026-08-15T01:40,94,0.00,0.40
2026-08-15T01:50,78,0.00,0.60
2026-08-15T02:00,68,0.00,0.40
2026-08-15T02:10,75,0.00,0.40
2026-08-15T02:20,61,0.00,0.60
2026-08-15T02:30,54,0.00,1.00
2026-08-15T02:40,69,0.00,0.50
2026-08-15T02:50,92,0.00,0.40
2026-08-15T03:00,55,0.00,0.60
2026-08-15T03:10,29,0.00,0.80
2026-08-15T03:20,37,0.00,0.80
2026-08-15T03:30,51,0.00,0.60
2026-08-15T03:40,32,0.00,0.70
2026-08-15T03:50,4,0.00,0.30
2026-08-15T04:00,29,0.00,0.50
2026-08-15T04:10,29,0.00,0.60
2026-08-15T04:20,35,0.00,0.50
2026-08-15T04:30,,0.00,0.00
2026-08-15T04:40,33,0.00,0.40
2026-08-15T04:50,30,0.00,0.40
2026-08-15T05:00,9,0.00,0.40
2026-08-15T05:10,340,0.00,0.40
2026-08-15T05:20,320,0.00,0.40
2026-08-15T05:30,314,0.00,0.60
2026-08-15T05:40,337,0.00,0.40
2026-08-15T05:50,3,0.00,0.30
2026-08-15T06:00,33,0.00,0.40
2026-08-15T06:10,,0.00,0.00
2026-08-15T06:20,30,0.00,0.40
2026-08-15T06:30,29,0.00,0.60
2026-08-15T06:40,32,0.00,0.40
2026-08-15T06:50,22,0.00,0.40
2026-08-15T07:00,15,0.00,0.70
2026-08-15T07:10,14,0.00,0.70
2026-08-15T07:20,,0.00,0.00
2026-08-15T07:30,,0.00,0.00
2026-08-15T07:40,,0.00,0.00
2026-08-15T07:50,42,0.00,0.50
2026-08-15T08:00,,0.00,0.00
2026-08-15T08:10,29,0.00,0.50
2026-08-15T08:20,38,0.00,0.70
2026-08-15T08:30,66,0.00,0.40
2026-08-15T08:40,77,0.00,0.30
2026-08-15T08:50,58,0.00,0.50
2026-08-15T09:00,60,0.00,0.60
2026-08-15T09:10,90,0.00,0.60
2026-08-15T09:20,133,0.00,1.20
2026-08-15T09:30,152,0.00,1.30
2026-08-15T09:40,151,0.00,1.70
2026-08-15T09:50,147,0.00,1.60
2026-08-15T10:00,143,0.00,1.10
2026-08-15T10:10,136,0.00,0.70
2026-08-15T10:20,137,0.00,1.00
2026-08-15T10:30,150,0.00,1.10
2026-08-15T10:40,189,0.00,1.00
2026-08-15T10:50,165,0.00,1.30
2026-08-15T11:00,212,0.00,0.90
2026-08-15T11:10,232,0.00,1.10
2026-08-15T11:20,223,0.00,1.00
2026-08-15T11:30,220,0.00,0.80
2026-08-15T11:40,191,0.00,1.00
2026-08-15T11:50,210,0.00,0.80
2026-08-15T12:00,231,0.00,0.60
2026-08-15T12:10,154,0.00,1.50
2026-08-15T12:20,144,0.00,1.70
2026-08-15T12:30,163,0.00,1.40
2026-08-15T12:40,135,0.00,1.40
2026-08-15T12:50,156,0.00,2.00
2026-08-15T13:00,127,0.00,1.10
2026-08-15T13:10,162,0.00,0.90
2026-08-15T13:20,128,0.00,0.60
2026-08-15T13:30,155,0.00,1.60
2026-08-15T13:40,142,0.00,1.40
2026-08-15T13:50,154,0.00,1.40
2026-08-15T14:00,178,0.00,0.80
2026-08-15T14:10,147,0.00,1.80
2026-08-15T14:20,137,0.00,1.50
2026-08-15T14:30,167,0.00,1.10
2026-08-15T14:40,158,0.00,1.70
2026-08-15T14:50,116,0.00,1.00
2026-08-15T15:00,155,0.00,1.50
2026-08-15T15:10,176,0.00,0.80
2026-08-15T15:20,192,0.00,0.80
2026-08-15T15:30,145,0.00,2.20
2026-08-15T15:40,156,0.00,0.80
2026-08-15T15:50,171,0.00,1.30
2026-08-15T16:00,154,0.00,1.50
2026-08-15T16:10,155,0.00,1.40
2026-08-15T16:20,145,0.00,2.80
2026-08-15T16:30,139,0.00,1.90
2026-08-15T16:40,157,0.00,1.90
2026-08-15T16:50,148,0.00,2.60
2026-08-15T17:00,152,0.00,2.00
2026-08-15T17:10,144,0.00,2.90
2026-08-15T17:20,148,0.00,2.00
2026-08-15T17:30,146,0.00,2.30
2026-08-15T17:40,145,0.00,2.70
2026-08-15T17:50,137,0.00,2.40
2026-08-15T18:00,143,0.00,2.40
2026-08-15T18:10,135,0.00,2.10
2026-08-15T18:20,151,0.00,1.10
2026-08-15T18:30,144,0.00,1.90
2026-08-15T18:40,135,0.00,1.80
2026-08-15T18:50,139,0.00,1.90
2026-08-15T19:00,136,0.00,1.70
2026-08-15T19:10,140,0.00,1.20
2026-08-15T19:20,125,0.00,1.20
2026-08-15T19:30,126,0.00,1.10
2026-08-15T19:40,131,0.00,1.50
2026-08-15T19:50,135,0.00,1.90
2026-08-15T20:00,136,0.00,1.70
2026-08-15T20:10,134,0.00,0.70
2026-08-15T20:20,,0.00,0.00
2026-08-15T20:30,346,0.00,0.40
2026-08-15T20:40,,0.00,0.00
2026-08-15T20:50,,0.00,0.00
2026-08-15T21:00,14,0.00,0.40
2026-08-15T21:10,,0.00,0.00
2026-08-15T21:20,,0.00,0.00
2026-08-15T21:30,9,0.00,0.50
2026-08-15T21:40,28,0.00,0.40
2026-08-15T21:50,37,0.00,0.90
2026-08-15T22:00,40,0.00,0.70
2026-08-15T22:10,28,0.00,0.80
2026-08-15T22:20,62,0.00,0.30
2026-08-15T22:30,44,0.00,0.80
2026-08-15T22:40,37,0.00,0.80
2026-08-15T22:50,43,0.00,0.90
2026-08-15T23:00,46,0.00,0.90
2026-08-15T23:10,40,0.00,0.70
2026-08-15T23:20,38,0.00,1.00
2026-08-15T23:30,40,0.00,1.00
2026-08-15T23:40,27,0.00,0.80
2026-08-15T23:50,36,0.00,0.80
2026-08-16T00:00,35,0.00,0.70
2026-08-16T00:10,40,0.00,0.70
2026-08-16T00:20,43,0.00,0.80
2026-08-16T00:30,38,0.00,0.70
2026-08-16T00:40,100,0.00,0.50
2026-08-16T00:50,120,0.00,1.00
2026-08-16T01:00,62,0.00,0.60
2026-08-16T01:10,42,0.00,1.10
2026-08-16T01:20,42,0.00,0.80
2026-08-16T01:30,52,0.00,0.80
2026-08-16T01:40,57,0.00,0.70
2026-08-16T01:50,49,0.00,0.60
2026-08-16T02:00,43,0.00,1.10
2026-08-16T02:10,23,0.00,0.60
2026-08-16T02:20,34,0.00,0.50
2026-08-16T02:30,41,0.00,0.80
2026-08-16T02:40,33,0.00,0.70
2026-08-16T02:50,30,0.00,0.60
2026-08-16T03:00,337,0.00,0.50
2026-08-16T03:10,353,0.00,0.70
2026-08-16T03:20,358,0.00,0.80
2026-08-16T03:30,9,0.00,0.70
2026-08-16T03:40,21,0.00,0.60
2026-08-16T03:50,30,0.00,0.80
2026-08-16T04:00,12,0.00,0.40
2026-08-16T04:10,8,0.00,0.50
2026-08-16T04:20,8,0.00,0.50
2026-08-16T04:30,26,0.00,0.60
2026-08-16T04:40,29,0.00,0.80
2026-08-16T04:50,,0.00,0.00
2026-08-16T05:00,,0.00,0.00
2026-08-16T05:10,,0.00,0.00
2026-08-16T05:20,,0.00,0.00
2026-08-16T05:30,129,0.00,0.30
2026-08-16T05:40,,0.00,0.00
2026-08-16T05:50,,0.00,0.00
2026-08-16T06:00,,0.00,0.00
2026-08-16T06:10,,0.00,0.00
2026-08-16T06:20,,0.00,0.00
2026-08-16T06:30,,0.00,0.00
2026-08-16T06:40,,0.00,0.00
2026-08-16T06:50,,0.00,0.00
2026-08-16T07:00,174,0.00,0.40
2026-08-16T07:10,177,0.00,0.90
2026-08-16T07:20,184,0.00,0.90
2026-08-16T07:30,192,0.00,0.80
2026-08-16T07:40,173,0.00,0.60
2026-08-16T07:50,184,0.00,0.80
2026-08-16T08:00,183,0.00,0.80
2026-08-16T08:10,157,0.00,0.50
2026-08-16T08:20,176,0.00,0.70
2026-08-16T08:30,152,0.00,1.00
2026-08-16T08:40,134,0.00,0.60
2026-08-16T08:50,137,0.00,0.60
2026-08-16T09:00,144,0.00,0.80
2026-08-16T09:10,176,0.00,0.70
2026-08-16T09:20,141,0.00,1.10
2026-08-16T09:30,148,0.00,1.20
2026-08-16T09:40,165,0.00,0.60
2026-08-16T09:50,163,0.00,0.80
2026-08-16T10:00,161,0.00,1.00
2026-08-16T10:10,150,0.00,1.20
2026-08-16T10:20,145,0.00,1.40
2026-08-16T10:30,217,0.00,0.70
2026-08-16T10:40,147,0.00,1.10
2026-08-16T10:50,161,0.00,1.00
2026-08-16T11:00,147,0.00,0.40
2026-08-16T11:10,168,0.00,0.40
2026-08-16T11:20,139,0.00,1.30
2026-08-16T11:30,158,0.00,1.10
2026-08-16T11:40,136,0.00,1.40
2026-08-16T11:50,152,0.00,1.30
2026-08-16T12:00,151,0.00,1.20
2026-08-16T12:10,154,0.00,1.20
2026-08-16T12:20,156,0.00,1.40
2026-08-16T12:30,149,0.00,1.50
2026-08-16T12:40,142,0.00,2.20
2026-08-16T12:50,154,0.00,1.60
2026-08-16T13:00,152,0.00,1.80
2026-08-16T13:10,186,0.00,1.20
2026-08-16T13:20,158,0.00,2.00
2026-08-16T13:30,182,0.00,1.30
2026-08-16T13:40,164,0.00,1.40
2026-08-16T13:50,204,0.00,1.10
2026-08-16T14:00,246,0.00,1.00
2026-08-16T14:10,233,0.00,1.00
2026-08-16T14:20,268,0.00,1.30
2026-08-16T14:30,173,0.00,1.10
2026-08-16T14:40,272,0.00,1.50
2026-08-16T14:50,280,0.00,1.50
2026-08-16T15:00,242,0.00,1.10
2026-08-16T15:10,253,0.00,1.00
2026-08-16T15:20,207,0.00,0.50
2026-08-16T15:30,152,0.00,1.30
2026-08-16T15:40,257,0.00,1.10
2026-08-16T15:50,165,0.00,1.50
2026-08-16T16:00,218,0.00,0.80
2026-08-16T16:10,165,0.00,1.40
2026-08-16T16:20,149,0.00,1.40
2026-08-16T16:30,220,0.00,0.40
2026-08-16T16:40,232,0.00,0.60
2026-08-16T16:50,144,0.00,2.10
2026-08-16T17:00,147,0.00,2.00
2026-08-16T17:10,211,0.00,0.80
2026-08-16T17:20,212,0.00,1.10
2026-08-16T17:30,192,0.00,1.10
2026-08-16T17:40,172,0.00,1.10
2026-08-16T17:50,170,0.00,1.20
2026-08-16T18:00,147,0.00,1.80
2026-08-16T18:10,145,0.00,1.50
2026-08-16T18:20,223,0.00,0.80
2026-08-16T18:30,213,0.00,0.80
2026-08-16T18:40,179,0.00,0.80
2026-08-16T18:50,181,0.00,0.40
2026-08-16T19:00,244,0.00,0.60
2026-08-16T19:10,223,0.00,0.50
2026-08-16T19:20,158,0.00,0.80
2026-08-16T19:30,151,0.00,1.10
2026-08-16T19:40,140,0.00,1.20
2026-08-16T19:50,60,0.00,0.50
2026-08-16T20:00,39,0.00,1.30
2026-08-16T20:10,38,0.00,0.70
2026-08-16T20:20,30,0.00,0.90
2026-08-16T20:30,20,0.00,1.00
2026-08-16T20:40,9,0.00,1.30
2026-08-16T20:50,20,0.00,1.40
2026-08-16T21:00,19,0.00,2.10
2026-08-16T21:10,25,0.00,1.80
2026-08-16T21:20,34,0.00,3.20
2026-08-16T21:30,32,0.00,3.30
2026-08-16T21:40,37,0.00,2.20
2026-08-16T21:50,40,0.00,2.50
2026-08-16T22:00,40,0.00,3.20
2026-08-16T22:10,37,0.00,3.90
2026-08-16T22:20,45,0.00,2.70
2026-08-16T22:30,6,0.00,2.40
2026-08-16T22:40,301,0.00,3.00
2026-08-16T22:50,319,0.60,2.80
2026-08-16T23:00,303,2.20,4.50
2026-08-16T23:10,292,0.60,4.60
2026-08-16T23:20,315,0.40,2.20
2026-08-16T23:30,307,0.40,3.40
2026-08-16T23:40,302,0.60,4.70
2026-08-16T23:50,313,0.60,3.40
2026-08-17T00:00,316,0.80,2.10
2026-08-17T00:10,343,0.60,1.30
2026-08-17T00:20,319,0.60,2.30
2026-08-17T00:30,304,0.60,3.20
2026-08-17T00:40,320,0.60,1.80
2026-08-17T00:50,343,0.40,1.50
2026-08-17T01:00,2,0.60,1.20
2026-08-17T01:10,37,0.40,2.20
2026-08-17T01:20,45,0.20,2.00
2026-08-17T01:30,46,0.00,2.70
2026-08-17T01:40,54,0.20,2.80
2026-08-17T01:50,49,0.00,2.40
2026-08-17T02:00,75,0.00,0.90
2026-08-17T02:10,143,0.00,0.70
2026-08-17T02:20,236,0.00,0.60
2026-08-17T02:30,292,0.00,1.40
2026-08-17T02:40,317,0.00,1.50
2026-08-17T02:50,276,0.00,1.30
2026-08-17T03:00,290,0.00,1.80
2026-08-17T03:10,17,0.00,0.70
2026-08-17T03:20,277,0.00,0.80
2026-08-17T03:30,252,0.00,0.50
2026-08-17T03:40,259,0.00,0.60
2026-08-17T03:50,196,0.00,0.30
2026-08-17T04:00,182,0.00,0.50
2026-08-17T04:10,175,0.00,0.70
2026-08-17T04:20,196,0.00,0.30
2026-08-17T04:30,,0.00,0.00
2026-08-17T04:40,265,0.00,0.50
2026-08-17T04:50,286,0.00,0.60
2026-08-17T05:00,292,0.00,0.90
2026-08-17T05:10,290,0.00,1.20
2026-08-17T05:20,289,0.00,0.80
2026-08-17T05:30,300,0.00,0.70
2026-08-17T05:40,296,0.00,1.10
2026-08-17T05:50,272,0.00,0.80
2026-08-17T06:00,280,0.00,0.70
2026-08-17T06:10,286,0.00,0.80
2026-08-17T06:20,282,0.00,1.20
2026-08-17T06:30,305,0.00,1.00
2026-08-17T06:40,311,0.00,0.70
2026-08-17T06:50,286,0.00,0.80
2026-08-17T07:00,299,0.00,0.70
2026-08-17T07:10,342,0.00,0.50
2026-08-17T07:20,281,0.00,0.90
2026-08-17T07:30,316,0.00,0.40
2026-08-17T07:40,,0.00,0.00
2026-08-17T07:50,28,0.00,0.40
2026-08-17T08:00,32,0.00,0.40
2026-08-17T08:10,41,0.00,1.00
2026-08-17T08:20,50,0.00,0.90
2026-08-17T08:30,45,0.00,0.40
2026-08-17T08:40,34,0.00,0.40
2026-08-17T08:50,,0.00,0.00
2026-08-17T09:00,276,0.00,0.30
2026-08-17T09:10,280,0.00,0.70
2026-08-17T09:20,255,0.00,0.40
2026-08-17T09:30,248,0.00,1.00
2026-08-17T09:40,196,0.00,1.00
2026-08-17T09:50,208,0.00,0.70
2026-08-17T10:00,243,0.00,0.80
2026-08-17T10:10,301,0.00,0.80
2026-08-17T10:20,204,0.00,0.50
2026-08-17T10:30,293,0.00,0.90
2026-08-17T10:40,295,0.00,1.20
2026-08-17T10:50,303,0.00,0.90
2026-08-17T11:00,272,0.00,0.80
2026-08-17T11:10,252,0.00,1.10
2026-08-17T11:20,266,0.00,1.10
2026-08-17T11:30,281,0.00,1.10
2026-08-17T11:40,268,0.00,1.20
2026-08-17T11:50,271,0.00,0.90
2026-08-17T12:00,285,0.00,1.40
2026-08-17T12:10,266,0.00,0.80
2026-08-17T12:20,268,0.00,1.10
2026-08-17T12:30,271,0.00,1.70
2026-08-17T12:40,293,0.00,1.30
2026-08-17T12:50,285,0.00,2.00
2026-08-17T13:00,298,0.00,1.50
2026-08-17T13:10,280,0.00,2.10
2026-08-17T13:20,286,0.00,2.20
2026-08-17T13:30,267,0.00,1.30
2026-08-17T13:40,268,0.00,1.40
2026-08-17T13:50,279,0.00,1.80
2026-08-17T14:00,270,0.00,1.30
2026-08-17T14:10,277,0.00,1.60
2026-08-17T14:20,265,0.00,1.90
2026-08-17T14:30,295,0.00,1.90
2026-08-17T14:40,274,0.00,2.00
2026-08-17T14:50,269,0.00,2.20
2026-08-17T15:00,287,0.00,2.20
2026-08-17T15:10,287,0.00,3.10
2026-08-17T15:20,292,0.00,3.50
2026-08-17T15:30,287,0.00,2.70
2026-08-17T15:40,273,0.00,1.80
2026-08-17T15:50,271,0.00,2.10
2026-08-17T16:00,269,0.00,2.10
2026-08-17T16:10,261,0.00,1.70
2026-08-17T16:20,263,0.00,1.50
2026-08-17T16:30,263,0.00,1.70
2026-08-17T16:40,251,0.00,1.20
2026-08-17T16:50,259,0.00,1.20
2026-08-17T17:00,274,0.00,1.70
2026-08-17T17:10,281,0.00,1.80
2026-08-17T17:20,270,0.00,2.20
2026-08-17T17:30,278,0.00,1.70
2026-08-17T17:40,286,0.00,2.60
2026-08-17T17:50,286,0.00,2.40
2026-08-17T18:00,323,0.00,0.90
2026-08-17T18:10,280,0.00,1.00
2026-08-17T18:20,311,0.00,0.70
2026-08-17T18:30,281,0.00,0.80
2026-08-17T18:40,26,0.00,1.00
2026-08-17T18:50,37,0.00,1.60
2026-08-17T19:00,32,0.00,1.40
2026-08-17T19:10,358,0.00,0.80
2026-08-17T19:20,34,0.00,1.40
2026-08-17T19:30,33,0.00,1.00
2026-08-17T19:40,43,0.00,0.80
2026-08-17T19:50,62,0.00,0.60
2026-08-17T20:00,111,0.00,0.40
2026-08-17T20:10,130,0.00,0.40
2026-08-17T20:20,77,0.00,0.50
2026-08-17T20:30,79,0.00,0.40
2026-08-17T20:40,90,0.00,0.60
2026-08-17T20:50,86,0.00,0.80
2026-08-17T21:00,66,0.00,0.60
2026-08-17T21:10,41,0.00,0.80
2026-08-17T21:20,36,0.00,0.50
2026-08-17T21:30,29,0.00,0.60
2026-08-17T21:40,36,0.00,0.80
2026-08-17T21:50,34,0.00,0.90
2026-08-17T22:00,31,0.00,1.00
2026-08-17T22:10,32,0.00,1.00
2026-08-17T22:20,24,0.00,0.80
2026-08-17T22:30,17,0.00,0.80
2026-08-17T22:40,,0.00,0.00
2026-08-17T22:50,,0.00,0.00
2026-08-17T23:00,40,0.00,1.20
2026-08-17T23:10,30,0.00,1.00
2026-08-17T23:20,23,0.00,1.20
2026-08-17T23:30,26,0.00,1.20
2026-08-17T23:40,24,0.00,0.80
2026-08-17T23:50,127,0.00,0.30
2026-08-18T00:00,140,0.00,0.90
2026-08-18T00:10,72,0.00,0.50
2026-08-18T00:20,149,0.00,1.60
2026-08-18T00:30,125,0.00,0.80
2026-08-18T00:40,,0.00,0.00
2026-08-18T00:50,,0.00,0.00
2026-08-18T01:00,,0.00,0.00
2026-08-18T01:10,284,0.00,0.40
2026-08-18T01:20,,0.00,0.00
2026-08-18T01:30,311,0.00,0.40
2026-08-18T01:40,352,0.00,0.30
2026-08-18T01:50,170,0.00,0.30
2026-08-18T02:00,324,0.00,0.70
2026-08-18T02:10,,0.00,0.00
2026-08-18T02:20,,0.00,0.00
2026-08-18T02:30,300,0.00,0.50
2026-08-18T02:40,323,0.00,0.70
2026-08-18T02:50,,0.00,0.00
2026-08-18T03:00,136,0.00,0.60
2026-08-18T03:10,166,0.00,0.30
2026-08-18T03:20,,0.00,0.00
2026-08-18T03:30,313,0.00,0.50
2026-08-18T03:40,342,0.00,0.30
2026-08-18T03:50,,0.00,0.00
2026-08-18T04:00,91,0.00,0.30
2026-08-18T04:10,,0.00,0.00
2026-08-18T04:20,334,0.00,0.40
2026-08-18T04:30,299,0.00,0.30
2026-08-18T04:40,206,0.00,0.50
2026-08-18T04:50,187,0.00,0.80
2026-08-18T05:00,332,0.00,0.40
2026-08-18T05:10,,0.00,0.00
2026-08-18T05:20,157,0.00,0.40
2026-08-18T05:30,193,0.00,0.50
2026-08-18T05:40,,0.00,0.00
2026-08-18T05:50,136,0.00,0.80
2026-08-18T06:00,135,0.00,0.70
2026-08-18T06:10,,0.00,0.00
2026-08-18T06:20,,0.00,0.00
2026-08-18T06:30,328,0.00,0.50
2026-08-18T06:40,,0.00,0.00
2026-08-18T06:50,,0.00,0.00
2026-08-18T07:00,330,0.00,0.50
2026-08-18T07:10,310,0.00,0.50
2026-08-18T07:20,,0.00,0.00
2026-08-18T07:30,359,0.00,0.40
2026-08-18T07:40,317,0.00,0.30
2026-08-18T07:50,,0.00,0.00
2026-08-18T08:00,134,0.00,0.60
2026-08-18T08:10,148,0.00,1.00
2026-08-18T08:20,140,0.00,1.40
2026-08-18T08:30,133,0.00,1.50
2026-08-18T08:40,131,0.00,1.50
2026-08-18T08:50,123,0.00,1.00
2026-08-18T09:00,134,0.00,1.70
2026-08-18T09:10,127,0.00,1.50
2026-08-18T09:20,114,0.00,1.10
2026-08-18T09:30,97,0.00,1.10
2026-08-18T09:40,122,0.00,1.50
2026-08-18T09:50,113,0.00,0.80
2026-08-18T10:00,121,0.00,1.30
2026-08-18T10:10,112,0.00,0.80
2026-08-18T10:20,135,0.00,1.80
2026-08-18T10:30,146,0.00,1.70
2026-08-18T10:40,146,0.00,1.70
2026-08-18T10:50,148,0.00,1.30
2026-08-18T11:00,129,0.00,0.90
2026-08-18T11:10,150,0.00,0.30
2026-08-18T11:20,143,0.00,0.90
2026-08-18T11:30,154,0.00,1.60
2026-08-18T11:40,149,0.00,0.40
2026-08-18T11:50,137,0.00,0.50
2026-08-18T12:00,146,0.00,1.00
2026-08-18T12:10,139,0.00,1.60
2026-08-18T12:20,217,0.00,0.60
2026-08-18T12:30,173,0.00,1.10
2026-08-18T12:40,274,0.00,0.70
2026-08-18T12:50,240,0.00,0.50
2026-08-18T13:00,207,0.00,0.70
2026-08-18T13:10,255,0.00,0.70
2026-08-18T13:20,164,0.00,1.30
2026-08-18T13:30,165,0.00,0.90
2026-08-18T13:40,194,0.00,0.60
2026-08-18T13:50,127,0.00,1.20
2026-08-18T14:00,147,0.00,1.10
2026-08-18T14:10,191,0.00,0.70
2026-08-18T14:20,182,0.00,1.00
2026-08-18T14:30,186,0.00,0.60
2026-08-18T14:40,281,0.00,0.90
2026-08-18T14:50,235,0.00,0.90
2026-08-18T15:00,234,0.00,0.40
2026-08-18T15:10,242,0.00,1.20
2026-08-18T15:20,269,0.00,1.60
2026-08-18T15:30,287,0.00,1.80
2026-08-18T15:40,287,0.00,1.60
2026-08-18T15:50,299,0.00,1.90
2026-08-18T16:00,278,0.00,2.00
2026-08-18T16:10,270,0.00,1.60
2026-08-18T16:20,273,0.00,1.80
2026-08-18T16:30,287,0.00,1.60
2026-08-18T16:40,277,0.00,1.30
2026-08-18T16:50,287,0.00,1.30
2026-08-18T17:00,294,0.00,1.20
2026-08-18T17:10,282,0.00,0.60
2026-08-18T17:20,281,0.00,1.20
2026-08-18T17:30,241,0.00,0.60
2026-08-18T17:40,266,0.00,1.00
2026-08-18T17:50,240,0.00,0.70
2026-08-18T18:00,276,0.00,1.30
2026-08-18T18:10,257,0.00,1.60
2026-08-18T18:20,281,0.00,1.80
2026-08-18T18:30,280,0.00,1.30
2026-08-18T18:40,277,0.00,1.10
2026-08-18T18:50,272,0.00,1.20
2026-08-18T19:00,273,0.00,1.60
2026-08-18T19:10,265,0.00,1.00
2026-08-18T19:20,264,0.00,0.80
2026-08-18T19:30,266,0.00,0.60
2026-08-18T19:40,235,0.00,0.40
2026-08-18T19:50,220,0.00,0.40
2026-08-18T20:00,,0.00,0.00
2026-08-18T20:10,133,0.00,0.50
2026-08-18T20:20,,0.00,0.00
2026-08-18T20:30,89,0.00,0.30
2026-08-18T20:40,,0.00,0.00
2026-08-18T20:50,,0.00,0.00
2026-08-18T21:00,171,0.00,0.40
2026-08-18T21:10,,0.00,0.00
2026-08-18T21:20,,0.00,0.00
2026-08-18T21:30,,0.00,0.00
2026-08-18T21:40,,0.00,0.00
2026-08-18T21:50,,0.00,0.00
2026-08-18T22:00,,0.00,0.00
2026-08-18T22:10,,0.00,0.00
2026-08-18T22:20,,0.00,0.00
2026-08-18T22:30,,0.00,0.00
2026-08-18T22:40,29,0.00,0.70
2026-08-18T22:50,47,0.00,0.70
2026-08-18T23:00,,0.00,0.00
2026-08-18T23:10,28,0.00,0.40
2026-08-18T23:20,1,0.00,0.60
2026-08-18T23:30,324,0.00,0.90
2026-08-18T23:40,302,0.00,0.90
2026-08-18T23:50,327,0.00,1.00
2026-08-19T00:00,334,0.00,0.90
2026-08-19T00:10,358,0.00,1.00
2026-08-19T00:20,0,0.00,0.90
2026-08-19T00:30,10,0.00,1.00
2026-08-19T00:40,25,0.00,1.00
2026-08-19T00:50,1,0.00,0.70
2026-08-19T01:00,345,0.00,0.80
2026-08-19T01:10,336,0.00,0.30
2026-08-19T01:20,161,0.00,0.50
2026-08-19T01:30,,0.00,0.00
2026-08-19T01:40,46,0.00,0.40
2026-08-19T01:50,343,0.00,0.50
2026-08-19T02:00,,0.00,0.00
2026-08-19T02:10,146,0.00,1.00
2026-08-19T02:20,146,0.00,1.10
2026-08-19T02:30,127,0.00,0.90
2026-08-19T02:40,97,0.00,0.60
2026-08-19T02:50,108,0.00,0.80
2026-08-19T03:00,100,0.00,0.70
2026-08-19T03:10,95,0.00,0.60
2026-08-19T03:20,92,0.00,0.60
2026-08-19T03:30,55,0.00,0.80
2026-08-19T03:40,66,0.00,0.40
2026-08-19T03:50,,0.00,0.00
2026-08-19T04:00,58,0.00,0.50
2026-08-19T04:10,80,0.00,0.40
2026-08-19T04:20,,0.00,0.00
2026-08-19T04:30,,0.00,0.00
2026-08-19T04:40,,0.00,0.00
2026-08-19T04:50,,0.00,0.00
2026-08-19T05:00,,0.00,0.00
2026-08-19T05:10,,0.00,0.00
2026-08-19T05:20,,0.00,0.00
2026-08-19T05:30,310,0.00,0.50
2026-08-19T05:40,,0.00,0.00
2026-08-19T05:50,,0.00,0.00
2026-08-19T06:00,,0.00,0.00
2026-08-19T06:10,324,0.00,0.50
2026-08-19T06:20,21,0.00,0.30
2026-08-19T06:30,29,0.00,0.60
2026-08-19T06:40,67,0.00,0.30
2026-08-19T06:50,,0.00,0.00
2026-08-19T07:00,37,0.00,0.60
2026-08-19T07:10,,0.00,0.00
2026-08-19T07:20,303,0.00,0.60
2026-08-19T07:30,308,0.00,0.30
2026-08-19T07:40,,0.00,0.00
2026-08-19T07:50,6,0.00,0.40
2026-08-19T08:00,,0.00,0.00
2026-08-19T08:10,,0.00,0.00
2026-08-19T08:20,22,0.00,0.40
2026-08-19T08:30,22,0.00,0.60
2026-08-19T08:40,15,0.00,0.70
2026-08-19T08:50,25,0.00,1.10
2026-08-19T09:00,42,0.00,0.60
2026-08-19T09:10,64,0.00,0.70
2026-08-19T09:20,98,0.00,0.80
2026-08-19T09:30,122,0.00,1.40
2026-08-19T09:40,128,0.00,1.70
2026-08-19T09:50,131,0.00,2.90
2026-08-19T10:00,128,0.00,2.60
2026-08-19T10:10,125,0.00,1.90
2026-08-19T10:20,137,0.00,3.00
2026-08-19T10:30,139,0.00,2.50
2026-08-19T10:40,122,0.00,1.40
2026-08-19T10:50,143,0.00,2.40
2026-08-19T11:00,147,0.00,2.60
2026-08-19T11:10,143,0.00,2.30
2026-08-19T11:20,147,0.00,2.00
2026-08-19T11:30,144,0.00,2.30
2026-08-19T11:40,138,0.00,2.00
2026-08-19T11:50,134,0.00,1.80
2026-08-19T12:00,189,0.00,0.80
2026-08-19T12:10,129,0.00,1.50
2026-08-19T12:20,128,0.00,1.70
2026-08-19T12:30,143,0.00,1.30
2026-08-19T12:40,143,0.00,1.80
2026-08-19T12:50,189,0.00,0.90
2026-08-19T13:00,154,0.00,1.50
2026-08-19T13:10,227,0.00,1.00
2026-08-19T13:20,300,0.00,0.60
2026-08-19T13:30,221,0.00,0.80
2026-08-19T13:40,207,0.00,0.50
2026-08-19T13:50,230,0.00,0.90
2026-08-19T14:00,152,0.00,1.80
2026-08-19T14:10,160,0.00,1.50
2026-08-19T14:20,266,0.00,0.50
2026-08-19T14:30,156,0.00,0.80
2026-08-19T14:40,150,0.00,1.00
2026-08-19T14:50,,0.00,0.00
2026-08-19T15:00,315,0.00,0.70
2026-08-19T15:10,146,0.00,1.70
2026-08-19T15:20,113,0.00,0.60
2026-08-19T15:30,189,0.00,0.90
2026-08-19T15:40,116,0.00,0.70
2026-08-19T15:50,142,0.00,1.40
2026-08-19T16:00,147,0.00,2.20
2026-08-19T16:10,138,0.00,1.80
2026-08-19T16:20,239,0.00,0.90
2026-08-19T16:30,248,0.00,1.30
2026-08-19T16:40,203,0.00,0.80
2026-08-19T16:50,247,0.00,0.80
2026-08-19T17:00,147,0.00,1.70
2026-08-19T17:10,172,0.00,1.60
2026-08-19T17:20,154,0.00,2.40
2026-08-19T17:30,166,0.00,1.50
2026-08-19T17:40,171,0.00,1.30
2026-08-19T17:50,136,0.00,0.50
2026-08-19T18:00,170,0.00,0.80
2026-08-19T18:10,214,0.00,1.00
2026-08-19T18:20,187,0.00,0.80
2026-08-19T18:30,146,0.00,1.80
2026-08-19T18:40,150,0.00,1.50
2026-08-19T18:50,168,0.00,1.00
2026-08-19T19:00,165,0.00,1.00
2026-08-19T19:10,143,0.00,1.30
2026-08-19T19:20,150,0.00,0.90
2026-08-19T19:30,152,0.00,0.80
2026-08-19T19:40,144,0.00,0.60
2026-08-19T19:50,,0.00,0.00
2026-08-19T20:00,,0.00,0.00
2026-08-19T20:10,,0.00,0.00
2026-08-19T20:20,329,0.00,0.50
2026-08-19T20:30,,0.00,0.00
2026-08-19T20:40,,0.00,0.00
2026-08-19T20:50,150,0.00,0.40
2026-08-19T21:00,,0.00,0.00
2026-08-19T21:10,140,0.00,0.70
2026-08-19T21:20,128,0.00,0.60
2026-08-19T21:30,132,0.00,1.10
2026-08-19T21:40,120,0.00,0.70
2026-08-19T21:50,,0.00,0.00
2026-08-19T22:00,,0.00,0.00
2026-08-19T22:10,,0.00,0.00
2026-08-19T22:20,133,0.00,1.70
2026-08-19T22:30,139,0.00,1.80
2026-08-19T22:40,129,0.00,1.60
2026-08-19T22:50,143,0.00,2.00
2026-08-19T23:00,157,0.00,1.30
2026-08-19T23:10,201,0.00,0.50
2026-08-19T23:20,264,0.00,0.80
2026-08-19T23:30,251,0.00,0.60
2026-08-19T23:40,294,0.00,0.40
2026-08-19T23:50,169,0.00,0.40
2026-08-20T00:00,122,0.00,0.80
2026-08-20T00:10,65,0.00,0.80
2026-08-20T00:20,78,0.00,0.70
2026-08-20T00:30,43,0.00,0.60
2026-08-20T00:40,30,0.00,1.00
2026-08-20T00:50,46,0.00,1.50
2026-08-20T01:00,46,0.00,1.60
2026-08-20T01:10,33,0.00,2.00
2026-08-20T01:20,30,0.00,1.70
2026-08-20T01:30,37,0.00,1.60
2026-08-20T01:40,24,0.00,1.10
2026-08-20T01:50,29,0.00,2.20
2026-08-20T02:00,16,0.00,1.00
2026-08-20T02:10,20,0.00,1.80
2026-08-20T02:20,34,0.00,1.80
2026-08-20T02:30,31,0.00,2.00
2026-08-20T02:40,33,0.00,2.00
2026-08-20T02:50,23,0.00,1.70
2026-08-20T03:00,27,0.00,1.50
2026-08-20T03:10,29,0.00,1.90
2026-08-20T03:20,40,0.00,1.60
2026-08-20T03:30,33,0.00,1.40
2026-08-20T03:40,25,0.00,1.30
2026-08-20T03:50,358,0.00,1.30
2026-08-20T04:00,354,0.00,1.20
2026-08-20T04:10,23,0.00,1.30
2026-08-20T04:20,37,0.00,1.60
2026-08-20T04:30,28,0.00,1.40
2026-08-20T04:40,29,0.00,1.40
2026-08-20T04:50,27,0.00,1.50
2026-08-20T05:00,24,0.00,1.70
2026-08-20T05:10,16,0.00,1.30
2026-08-20T05:20,24,0.00,1.40
2026-08-20T05:30,25,0.00,1.80
2026-08-20T05:40,30,0.00,2.60
2026-08-20T05:50,36,0.00,2.50
2026-08-20T06:00,35,0.00,3.00
2026-08-20T06:10,29,0.00,2.80
2026-08-20T06:20,32,0.00,2.00
2026-08-20T06:30,38,0.00,2.50
2026-08-20T06:40,30,0.00,2.20
2026-08-20T06:50,34,0.00,2.30
2026-08-20T07:00,39,0.00,2.20
2026-08-20T07:10,39,0.00,2.00
2026-08-20T07:20,24,0.00,1.90
2026-08-20T07:30,34,0.00,2.40
2026-08-20T07:40,37,0.00,2.20
2026-08-20T07:50,34,0.00,2.40
2026-08-20T08:00,39,0.00,2.00
2026-08-20T08:10,36,0.00,1.60
2026-08-20T08:20,33,0.00,2.00
2026-08-20T08:30,33,0.00,1.70
2026-08-20T08:40,38,0.00,1.90
2026-08-20T08:50,40,0.00,1.60
2026-08-20T09:00,50,0.00,1.70
2026-08-20T09:10,42,0.00,1.60
2026-08-20T09:20,40,0.00,1.60
2026-08-20T09:30,33,0.00,1.50
2026-08-20T09:40,53,0.00,1.50
2026-08-20T09:50,38,0.00,2.10
2026-08-20T10:00,37,0.00,1.80
2026-08-20T10:10,43,0.00,1.50
2026-08-20T10:20,96,0.00,1.10
2026-08-20T10:30,101,0.00,1.40
2026-08-20T10:40,112,0.00,1.20
2026-08-20T10:50,98,0.00,1.10
2026-08-20T11:00,117,0.00,1.40
2026-08-20T11:10,120,0.00,1.20
2026-08-20T11:20,122,0.00,1.60
2026-08-20T11:30,127,0.00,2.40
2026-08-20T11:40,135,0.00,3.80
2026-08-20T11:50,133,0.00,3.60
2026-08-20T12:00,133,0.00,3.40
2026-08-20T12:10,140,0.00,4.20
2026-08-20T12:20,134,0.00,3.70
2026-08-20T12:30,131,0.00,2.90
2026-08-20T12:40,137,0.00,2.90
2026-08-20T12:50,139,0.00,3.20
2026-08-20T13:00,139,0.00,3.30
2026-08-20T13:10,137,0.00,3.90
2026-08-20T13:20,137,0.00,4.10
2026-08-20T13:30,138,0.00,5.00
2026-08-20T13:40,133,0.00,4.30
2026-08-20T13:50,134,0.00,3.80
2026-08-20T14:00,134,0.00,3.70
2026-08-20T14:10,126,0.00,2.70
2026-08-20T14:20,134,0.00,3.20
2026-08-20T14:30,129,0.00,3.20
2026-08-20T14:40,126,0.00,2.80
2026-08-20T14:50,133,0.00,4.10
2026-08-20T15:00,141,0.00,4.30
2026-08-20T15:10,140,0.00,3.70
2026-08-20T15:20,134,0.00,4.10
2026-08-20T15:30,133,0.00,4.00
2026-08-20T15:40,140,0.00,4.40
2026-08-20T15:50,138,0.00,3.90
2026-08-20T16:00,140,0.00,4.10
2026-08-20T16:10,132,0.00,4.30
2026-08-20T16:20,139,0.00,3.90
2026-08-20T16:30,145,0.00,3.90
2026-08-20T16:40,138,0.00,4.00
2026-08-20T16:50,140,0.00,3.00
2026-08-20T17:00,139,0.00,3.60
2026-08-20T17:10,143,0.00,3.40
2026-08-20T17:20,134,0.00,3.20
2026-08-20T17:30,141,0.00,3.20
2026-08-20T17:40,133,0.00,3.90
2026-08-20T17:50,133,0.00,3.50
2026-08-20T18:00,134,0.00,3.70
2026-08-20T18:10,134,0.00,2.80
2026-08-20T18:20,127,0.00,2.40
2026-08-20T18:30,123,0.00,2.10
2026-08-20T18:40,135,0.00,2.80
2026-08-20T18:50,135,0.20,2.50
2026-08-20T19:00,132,0.00,1.90
2026-08-20T19:10,123,0.00,1.00
2026-08-20T19:20,124,0.00,0.90
2026-08-20T19:30,130,0.00,1.70
2026-08-20T19:40,108,0.00,0.70
2026-08-20T19:50,75,0.00,0.70
2026-08-20T20:00,337,0.00,1.10
2026-08-20T20:10,303,0.00,2.80
2026-08-20T20:20,319,0.00,2.00
2026-08-20T20:30,351,1.20,1.40
2026-08-20T20:40,357,0.20,1.50
2026-08-20T20:50,25,0.00,2.10
2026-08-20T21:00,32,0.00,1.10
2026-08-20T21:10,48,0.00,1.20
2026-08-20T21:20,30,0.00,2.50
2026-08-20T21:30,32,0.00,2.50
2026-08-20T21:40,40,0.00,2.50
2026-08-20T21:50,36,0.00,3.80
2026-08-20T22:00,36,0.00,3.50
2026-08-20T22:10,39,0.00,2.50
2026-08-20T22:20,45,0.00,2.30
2026-08-20T22:30,26,0.00,1.90
2026-08-20T22:40,17,0.00,1.10
2026-08-20T22:50,359,0.00,1.40
2026-08-20T23:00,29,0.00,2.40
2026-08-20T23:10,39,0.00,2.30
2026-08-20T23:20,46,0.00,2.10
2026-08-20T23:30,34,0.00,1.80
2026-08-20T23:40,36,0.00,1.70
2026-08-20T23:50,46,0.00,1.80
2026-08-21T00:00,46,0.00,0.60
2026-08-21T00:10,30,0.00,1.30
2026-08-21T00:20,26,0.00,0.90
2026-08-21T00:30,,0.00,0.00
2026-08-21T00:40,338,0.00,0.80
2026-08-21T00:50,341,0.00,1.00
2026-08-21T01:00,359,0.00,0.80
2026-08-21T01:10,,0.00,0.00
2026-08-21T01:20,44,0.00,0.50
2026-08-21T01:30,,0.00,0.00
2026-08-21T01:40,217,0.00,0.40
2026-08-21T01:50,,0.00,0.00
2026-08-21T02:00,,0.00,0.00
2026-08-21T02:10,333,0.00,0.70
2026-08-21T02:20,7,0.00,0.60
2026-08-21T02:30,353,0.00,1.10
2026-08-21T02:40,10,0.00,0.90
2026-08-21T02:50,9,0.00,1.00
2026-08-21T03:00,10,0.00,0.90
2026-08-21T03:10,15,0.00,1.30
2026-08-21T03:20,25,0.00,1.30
2026-08-21T03:30,23,0.00,1.30
2026-08-21T03:40,24,0.00,0.90
2026-08-21T03:50,22,0.00,1.30
2026-08-21T04:00,340,0.00,1.10
2026-08-21T04:10,8,0.00,1.00
2026-08-21T04:20,16,0.00,1.30
2026-08-21T04:30,25,0.00,1.30
2026-08-21T04:40,27,0.00,1.40
2026-08-21T04:50,34,0.00,1.40
2026-08-21T05:00,35,0.00,1.50
2026-08-21T05:10,36,0.00,1.30
2026-08-21T05:20,37,0.00,1.00
2026-08-21T05:30,39,0.00,1.10
2026-08-21T05:40,70,0.00,0.50
2026-08-21T05:50,58,0.00,0.50
2026-08-21T06:00,57,0.00,0.50
2026-08-21T06:10,58,0.00,0.80
2026-08-21T06:20,92,0.00,0.50
2026-08-21T06:30,61,0.00,0.70
2026-08-21T06:40,74,0.00,0.60
2026-08-21T06:50,101,0.00,0.70
2026-08-21T07:00,75,0.00,0.70
2026-08-21T07:10,85,0.00,0.80
2026-08-21T07:20,81,0.00,0.70
2026-08-21T07:30,99,0.00,0.50
2026-08-21T07:40,107,0.00,0.70
2026-08-21T07:50,115,0.00,1.10
2026-08-21T08:00,34,0.00,0.50
2026-08-21T08:10,,0.00,0.00
2026-08-21T08:20,137,0.00,0.90
2026-08-21T08:30,131,0.20,0.90
2026-08-21T08:40,123,0.40,1.10
2026-08-21T08:50,135,0.40,3.40
2026-08-21T09:00,134,1.00,3.40
2026-08-21T09:10,128,0.80,2.20
2026-08-21T09:20,129,1.80,2.50
2026-08-21T09:30,121,5.00,1.40
2026-08-21T09:40,112,1.80,1.30
2026-08-21T09:50,95,1.60,0.90
2026-08-21T10:00,97,1.80,1.10
2026-08-21T10:10,90,1.60,1.40
2026-08-21T10:20,67,1.40,1.60
2026-08-21T10:30,60,0.80,1.50
2026-08-21T10:40,57,0.60,1.30
2026-08-21T10:50,60,0.40,1.20
2026-08-21T11:00,62,0.80,0.70
2026-08-21T11:10,66,3.00,1.00
2026-08-21T11:20,74,3.80,1.00
2026-08-21T11:30,45,0.80,1.00
2026-08-21T11:40,38,3.60,1.30
2026-08-21T11:50,34,0.40,1.70
2026-08-21T12:00,56,0.60,1.50
2026-08-21T12:10,52,0.20,1.70
2026-08-21T12:20,53,0.20,2.00
2026-08-21T12:30,61,0.40,1.40
2026-08-21T12:40,74,1.00,0.70
2026-08-21T12:50,81,0.60,0.50
2026-08-21T13:00,72,0.00,0.80
2026-08-21T13:10,80,0.20,0.90
2026-08-21T13:20,112,0.20,0.50
2026-08-21T13:30,112,0.20,0.70
2026-08-21T13:40,119,0.40,0.90
2026-08-21T13:50,116,0.40,1.30
2026-08-21T14:00,112,0.20,0.80
2026-08-21T14:10,115,0.20,1.50
2026-08-21T14:20,120,0.00,1.50
2026-08-21T14:30,118,0.00,1.60
2026-08-21T14:40,125,0.00,1.80
2026-08-21T14:50,123,0.00,1.70
2026-08-21T15:00,130,0.00,2.80
2026-08-21T15:10,124,0.00,2.30
2026-08-21T15:20,125,0.00,2.90
2026-08-21T15:30,128,0.00,3.20
2026-08-21T15:40,128,0.00,3.40
2026-08-21T15:50,134,0.00,3.70
2026-08-21T16:00,136,0.00,3.60
2026-08-21T16:10,134,0.00,3.60
2026-08-21T16:20,133,0.00,3.60
2026-08-21T16:30,131,0.00,3.50
2026-08-21T16:40,133,0.00,3.10
2026-08-21T16:50,134,0.00,2.70
2026-08-21T17:00,134,0.00,3.30
2026-08-21T17:10,127,0.00,2.10
2026-08-21T17:20,132,0.00,3.10
2026-08-21T17:30,129,0.00,2.30
2026-08-21T17:40,131,0.00,2.00
2026-08-21T17:50,129,0.00,2.10
2026-08-21T18:00,130,0.00,1.70
2026-08-21T18:10,15,0.00,1.40
2026-08-21T18:20,10,0.00,1.30
2026-08-21T18:30,15,0.00,1.00
2026-08-21T18:40,359,0.00,1.30
2026-08-21T18:50,46,0.00,1.60
2026-08-21T19:00,48,0.00,0.60
2026-08-21T19:10,47,0.00,1.40
2026-08-21T19:20,64,0.00,0.80
2026-08-21T19:30,41,0.00,1.10
2026-08-21T19:40,43,0.00,1.50
2026-08-21T19:50,29,0.00,1.50
2026-08-21T20:00,15,0.00,1.20
2026-08-21T20:10,26,0.00,1.40
2026-08-21T20:20,31,0.00,1.10
2026-08-21T20:30,28,0.00,1.00
2026-08-21T20:40,27,0.00,1.20
2026-08-21T20:50,35,0.00,0.60
2026-08-21T21:00,32,0.00,0.50
2026-08-21T21:10,39,0.00,0.60
2026-08-21T21:20,29,0.00,0.60
2026-08-21T21:30,21,0.00,0.50
2026-08-21T21:40,,0.00,0.00
2026-08-21T21:50,327,0.00,0.50
2026-08-21T22:00,281,0.00,0.30
2026-08-21T22:10,345,0.00,0.50
2026-08-21T22:20,328,0.00,0.70
2026-08-21T22:30,353,0.00,0.40
2026-08-21T22:40,36,0.00,0.70
2026-08-21T22:50,50,0.00,0.40
2026-08-21T23:00,,0.00,0.00
2026-08-21T23:10,,0.00,0.00
2026-08-21T23:20,47,0.00,0.70
2026-08-21T23:30,40,0.00,0.50
2026-08-21T23:40,34,0.00,0.60
2026-08-21T23:50,,0.00,0.00
2026-08-22T00:00,,0.00,0.00
2026-08-22T00:10,,0.00,0.00
2026-08-22T00:20,46,0.00,0.40
2026-08-22T00:30,38,0.00,0.60
2026-08-22T00:40,37,0.00,1.10
2026-08-22T00:50,26,0.00,1.30
2026-08-22T01:00,26,0.00,1.10
2026-08-22T01:10,29,0.00,0.70
2026-08-22T01:20,19,0.00,0.60
2026-08-22T01:30,,0.00,0.00
2026-08-22T01:40,28,0.00,0.60
2026-08-22T01:50,,0.00,0.00
2026-08-22T02:00,20,0.00,0.60
2026-08-22T02:10,32,0.00,0.80
2026-08-22T02:20,31,0.00,0.80
2026-08-22T02:30,17,0.00,0.80
2026-08-22T02:40,20,0.00,1.10
2026-08-22T02:50,20,0.00,1.40
2026-08-22T03:00,21,0.00,1.10
2026-08-22T03:10,15,0.00,1.00
2026-08-22T03:20,10,0.00,1.00
2026-08-22T03:30,354,0.00,0.80
2026-08-22T03:40,17,0.00,0.50
2026-08-22T03:50,28,0.00,0.80
2026-08-22T04:00,17,0.00,1.00
2026-08-22T04:10,7,0.00,1.00
2026-08-22T04:20,14,0.00,1.00
2026-08-22T04:30,16,0.00,1.00
2026-08-22T04:40,14,0.00,0.80
2026-08-22T04:50,2,0.00,0.70
2026-08-22T05:00,3,0.00,0.70
2026-08-22T05:10,355,0.00,0.90
2026-08-22T05:20,11,0.00,0.90
2026-08-22T05:30,359,0.00,0.80
2026-08-22T05:40,354,0.00,0.50
2026-08-22T05:50,10,0.00,0.60
2026-08-22T06:00,15,0.00,0.40
2026-08-22T06:10,,0.00,0.00
2026-08-22T06:20,,0.00,0.00
2026-08-22T06:30,30,0.00,0.30
2026-08-22T06:40,26,0.00,0.30
2026-08-22T06:50,2,0.00,0.40
2026-08-22T07:00,24,0.00,0.60
2026-08-22T07:10,36,0.00,0.70
2026-08-22T07:20,36,0.00,0.70
2026-08-22T07:30,46,0.00,0.70
2026-08-22T07:40,50,0.00,0.70
2026-08-22T07:50,29,0.00,0.90
2026-08-22T08:00,42,0.00,1.00
2026-08-22T08:10,54,0.00,1.20
2026-08-22T08:20,44,0.00,1.10
2026-08-22T08:30,40,0.00,1.00
2026-08-22T08:40,38,0.00,0.60
2026-08-22T08:50,42,0.00,0.70
2026-08-22T09:00,48,0.00,0.90
2026-08-22T09:10,61,0.00,0.60
2026-08-22T09:20,59,0.00,0.80
2026-08-22T09:30,80,0.00,0.70
2026-08-22T09:40,142,0.00,0.30
2026-08-22T09:50,,0.00,0.00
2026-08-22T10:00,353,0.00,0.80
2026-08-22T10:10,346,0.00,0.40
2026-08-22T10:20,60,0.00,0.70
2026-08-22T10:30,169,0.00,0.40
2026-08-22T10:40,130,0.00,0.60
2026-08-22T10:50,145,0.00,0.80
2026-08-22T11:00,,0.00,0.00
2026-08-22T11:10,133,0.00,1.10
2026-08-22T11:20,138,0.00,1.50
2026-08-22T11:30,152,0.00,1.70
2026-08-22T11:40,154,0.00,1.20
2026-08-22T11:50,137,0.00,2.30
2026-08-22T12:00,165,0.00,1.30
2026-08-22T12:10,147,0.00,1.20
2026-08-22T12:20,133,0.00,1.50
2026-08-22T12:30,172,0.00,0.90
2026-08-22T12:40,150,0.00,0.90
2026-08-22T12:50,154,0.00,1.00
2026-08-22T13:00,141,0.00,1.10
2026-08-22T13:10,206,0.00,0.60
2026-08-22T13:20,216,0.00,0.40
2026-08-22T13:30,,0.00,0.00
2026-08-22T13:40,141,0.00,1.20
2026-08-22T13:50,196,0.00,0.90
2026-08-22T14:00,128,0.00,1.20
2026-08-22T14:10,159,0.00,1.10
2026-08-22T14:20,192,0.00,0.50
2026-08-22T14:30,150,0.00,1.20
2026-08-22T14:40,254,0.00,1.00
2026-08-22T14:50,348,0.00,0.50
2026-08-22T15:00,178,0.00,0.70
2026-08-22T15:10,252,0.00,0.70
2026-08-22T15:20,233,0.00,0.70
2026-08-22T15:30,259,0.00,0.80
2026-08-22T15:40,182,0.00,0.80
2026-08-22T15:50,257,0.00,0.80
2026-08-22T16:00,236,0.00,0.90
2026-08-22T16:10,152,0.00,1.40
2026-08-22T16:20,159,0.00,1.10
2026-08-22T16:30,166,0.00,0.90
2026-08-22T16:40,192,0.00,0.50
2026-08-22T16:50,149,0.00,1.00
2026-08-22T17:00,251,0.00,0.50
2026-08-22T17:10,283,0.00,1.30
2026-08-22T17:20,329,0.00,0.70
2026-08-22T17:30,263,0.00,0.80
2026-08-22T17:40,263,0.00,0.30
2026-08-22T17:50,208,0.00,0.80
2026-08-22T18:00,245,0.00,0.90
2026-08-22T18:10,237,0.00,0.70
2026-08-22T18:20,186,0.00,0.80
2026-08-22T18:30,148,0.00,1.00
2026-08-22T18:40,194,0.00,0.60
2026-08-22T18:50,149,0.00,0.90
2026-08-22T19:00,164,0.00,0.80
2026-08-22T19:10,149,0.00,0.80
2026-08-22T19:20,153,0.00,0.80
2026-08-22T19:30,172,0.00,0.60
2026-08-22T19:40,161,0.00,0.50
2026-08-22T19:50,201,0.00,0.30
2026-08-22T20:00,,0.00,0.00
2026-08-22T20:10,,0.00,0.00
2026-08-22T20:20,,0.00,0.00
2026-08-22T20:30,,0.00,0.00
2026-08-22T20:40,,0.00,0.00
2026-08-22T20:50,,0.00,0.00
2026-08-22T21:00,350,0.00,0.40
2026-08-22T21:10,341,0.00,0.40
2026-08-22T21:20,,0.00,0.00
2026-08-22T21:30,24,0.00,0.40
2026-08-22T21:40,34,0.00,0.80
2026-08-22T21:50,42,0.00,1.00
2026-08-22T22:00,30,0.00,0.60
2026-08-22T22:10,27,0.00,0.60
2026-08-22T22:20,40,0.00,0.70
2026-08-22T22:30,22,0.00,0.60
2026-08-22T22:40,25,0.00,0.40
2026-08-22T22:50,24,0.00,0.60
2026-08-22T23:00,41,0.00,0.50
2026-08-22T23:10,29,0.00,1.00
2026-08-22T23:20,22,0.00,0.90
2026-08-22T23:30,28,0.00,1.00
2026-08-22T23:40,28,0.00,0.80
2026-08-22T23:50,35,0.00,0.50
2026-08-23T00:00,94,0.00,0.30
2026-08-23T00:10,35,0.00,0.50
2026-08-23T00:20,31,0.00,0.70
2026-08-23T00:30,110,0.00,0.30
2026-08-23T00:40,143,0.00,0.70
2026-08-23T00:50,128,0.00,0.30
2026-08-23T01:00,37,0.00,0.60
2026-08-23T01:10,31,0.00,0.40
2026-08-23T01:20,,0.00,0.00
2026-08-23T01:30,,0.00,0.00
2026-08-23T01:40,72,0.00,0.50
2026-08-23T01:50,63,0.00,0.40
2026-08-23T02:00,66,0.00,0.50
2026-08-23T02:10,37,0.00,0.50
2026-08-23T02:20,31,0.00,0.60
2026-08-23T02:30,34,0.00,0.40
2026-08-23T02:40,35,0.00,0.60
2026-08-23T02:50,39,0.00,0.70
2026-08-23T03:00,35,0.00,0.80
2026-08-23T03:10,34,0.00,0.70
2026-08-23T03:20,24,0.00,0.60
2026-08-23T03:30,30,0.00,0.80
2026-08-23T03:40,16,0.00,0.50
2026-08-23T03:50,349,0.00,0.60
2026-08-23T04:00,22,0.00,0.50
2026-08-23T04:10,,0.00,0.00
2026-08-23T04:20,34,0.00,0.40
2026-08-23T04:30,,0.00,0.00
2026-08-23T04:40,200,0.00,0.70
2026-08-23T04:50,,0.00,0.00
2026-08-23T05:00,201,0.00,0.40
2026-08-23T05:10,,0.00,0.00
2026-08-23T05:20,,0.00,0.00
2026-08-23T05:30,,0.00,0.00
2026-08-23T05:40,,0.00,0.00
2026-08-23T05:50,,0.00,0.00
2026-08-23T06:00,,0.00,0.00
2026-08-23T06:10,,0.00,0.00
2026-08-23T06:20,39,0.00,0.60
2026-08-23T06:30,,0.00,0.00
2026-08-23T06:40,,0.00,0.00
2026-08-23T06:50,317,0.00,0.30
2026-08-23T07:00,,0.00,0.00
2026-08-23T07:10,303,0.00,0.90
2026-08-23T07:20,308,0.00,0.60
2026-08-23T07:30,303,0.00,0.30
2026-08-23T07:40,307,0.00,0.30
2026-08-23T07:50,,0.00,0.00
2026-08-23T08:00,,0.00,0.00
2026-08-23T08:10,,0.00,0.00
2026-08-23T08:20,277,0.00,1.00
2026-08-23T08:30,290,0.00,0.90
2026-08-23T08:40,276,0.00,1.20
2026-08-23T08:50,277,0.00,1.40
2026-08-23T09:00,279,0.00,1.20
2026-08-23T09:10,272,0.00,0.70
2026-08-23T09:20,291,0.00,0.70
2026-08-23T09:30,279,0.00,0.90
2026-08-23T09:40,270,0.00,1.00
2026-08-23T09:50,197,0.00,0.60
2026-08-23T10:00,269,0.00,0.60
2026-08-23T10:10,285,0.00,0.90
2026-08-23T10:20,277,0.00,1.20
2026-08-23T10:30,271,0.00,0.60
2026-08-23T10:40,,0.00,0.00
2026-08-23T10:50,151,0.00,0.40
2026-08-23T11:00,143,0.00,1.20
2026-08-23T11:10,146,0.00,1.10
2026-08-23T11:20,,0.00,
2026-08-23T11:30,154,0.00,0.70
2026-08-23T11:40,26,0.00,1.20
2026-08-23T11:50,298,0.00,0.60
2026-08-23T12:00,288,0.00,1.10
2026-08-23T12:10,135,0.00,1.10
2026-08-23T12:20,154,0.00,1.60
2026-08-23T12:30,182,0.00,0.80
2026-08-23T12:40,232,0.00,0.90
2026-08-23T12:50,154,0.00,1.10
2026-08-23T13:00,139,0.00,1.10
2026-08-23T13:10,138,0.00,1.80
2026-08-23T13:20,148,0.00,1.40
2026-08-23T13:30,111,0.00,1.00
2026-08-23T13:40,136,0.00,1.60
2026-08-23T13:50,154,0.00,1.60
2026-08-23T14:00,136,0.00,2.40
2026-08-23T14:10,149,0.00,0.80
2026-08-23T14:20,176,0.00,1.10
2026-08-23T14:30,165,0.00,1.60
2026-08-23T14:40,170,0.00,1.30
2026-08-23T14:50,174,0.00,1.40
2026-08-23T15:00,171,0.00,1.20
2026-08-23T15:10,151,0.00,1.70
2026-08-23T15:20,177,0.00,0.80
2026-08-23T15:30,186,0.00,0.70
2026-08-23T15:40,195,0.00,1.10
2026-08-23T15:50,147,0.00,0.90
2026-08-23T16:00,135,0.00,1.20
2026-08-23T16:10,164,0.00,0.50
2026-08-23T16:20,198,0.00,1.10
2026-08-23T16:30,257,0.00,0.30
2026-08-23T16:40,213,0.00,0.90
2026-08-23T16:50,169,0.00,0.90
2026-08-23T17:00,150,0.00,1.40
2026-08-23T17:10,154,0.00,1.00
2026-08-23T17:20,162,0.00,1.00
2026-08-23T17:30,241,0.00,0.50
2026-08-23T17:40,242,0.00,0.80
2026-08-23T17:50,221,0.00,0.40
2026-08-23T18:00,154,0.00,1.00
2026-08-23T18:10,148,0.00,1.20
2026-08-23T18:20,138,0.00,1.20
2026-08-23T18:30,131,0.00,1.50
2026-08-23T18:40,146,0.00,1.40
2026-08-23T18:50,155,0.00,0.30
2026-08-23T19:00,139,0.00,1.10
2026-08-23T19:10,133,0.00,0.80
2026-08-23T19:20,136,0.00,1.00
2026-08-23T19:30,139,0.00,0.70
2026-08-23T19:40,,0.00,0.00
2026-08-23T19:50,126,0.00,0.60
2026-08-23T20:00,,0.00,0.00
2026-08-23T20:10,,0.00,0.00
2026-08-23T20:20,,0.00,0.00
2026-08-23T20:30,,0.00,0.00
2026-08-23T20:40,,0.00,0.00
2026-08-23T20:50,,0.00,0.00
2026-08-23T21:00,,0.00,0.00
2026-08-23T21:10,,0.00,0.00
2026-08-23T21:20,,0.00,0.00
2026-08-23T21:30,,0.00,0.00
2026-08-23T21:40,,0.00,0.00
2026-08-23T21:50,,0.00,0.00
2026-08-23T22:00,,0.00,0.00
2026-08-23T22:10,,0.00,0.00
2026-08-23T22:20,,0.00,0.00
2026-08-23T22:30,,0.00,0.00
2026-08-23T22:40,,0.00,0.00
2026-08-23T22:50,,0.00,0.00
2026-08-23T23:00,,0.00,0.00
2026-08-23T23:10,,0.00,0.00
2026-08-23T23:20,,0.00,0.00
2026-08-23T23:30,,0.00,0.00
2026-08-23T23:40,,0.00,0.00
2026-08-23T23:50,,0.00,0.00
2026-08-24T00:00,,0.00,0.00
2026-08-24T00:10,,0.00,0.00
2026-08-24T00:20,,0.00,0.00
2026-08-24T00:30,,0.00,0.00
2026-08-24T00:40,,0.00,0.00
2026-08-24T00:50,,0.00,0.00
2026-08-24T01:00,,0.00,0.00
2026-08-24T01:10,,0.00,0.00
2026-08-24T01:20,,0.00,0.00
2026-08-24T01:30,,0.00,0.00
2026-08-24T01:40,,0.00,0.00
2026-08-24T01:50,37,0.00,0.40
2026-08-24T02:00,22,0.00,0.80
2026-08-24T02:10,50,0.00,0.40
2026-08-24T02:20,40,0.00,0.30
2026-08-24T02:30,37,0.00,0.50
2026-08-24T02:40,35,0.00,0.40
2026-08-24T02:50,33,0.00,0.60
2026-08-24T03:00,39,0.00,0.60
2026-08-24T03:10,42,0.00,0.70
2026-08-24T03:20,22,0.00,0.70
2026-08-24T03:30,41,0.00,0.60
2026-08-24T03:40,36,0.00,0.80
2026-08-24T03:50,33,0.00,0.60
2026-08-24T04:00,,0.00,0.00
2026-08-24T04:10,27,0.00,0.50
2026-08-24T04:20,42,0.00,0.40
2026-08-24T04:30,36,0.00,0.50
2026-08-24T04:40,41,0.00,0.50
2026-08-24T04:50,36,0.00,0.60
2026-08-24T05:00,37,0.00,0.80
2026-08-24T05:10,30,0.00,0.80
2026-08-24T05:20,23,0.00,0.70
2026-08-24T05:30,11,0.00,0.40
2026-08-24T05:40,22,0.00,0.50
2026-08-24T05:50,25,0.00,0.70
2026-08-24T06:00,7,0.00,0.40
2026-08-24T06:10,4,0.00,0.30
2026-08-24T06:20,9,0.00,0.40
2026-08-24T06:30,17,0.00,0.60
2026-08-24T06:40,19,0.00,0.60
2026-08-24T06:50,19,0.00,0.60
2026-08-24T07:00,16,0.00,0.70
2026-08-24T07:10,349,0.00,0.50
2026-08-24T07:20,5,0.00,0.60
2026-08-24T07:30,2,0.00,0.50
2026-08-24T07:40,17,0.00,0.70
2026-08-24T07:50,35,0.00,0.70
2026-08-24T08:00,31,0.00,0.70
2026-08-24T08:10,28,0.00,0.80
2026-08-24T08:20,33,0.00,0.60
2026-08-24T08:30,28,0.00,0.70
2026-08-24T08:40,25,0.00,0.70
2026-08-24T08:50,30,0.00,0.40
2026-08-24T09:00,47,0.00,0.80
2026-08-24T09:10,60,0.00,0.80
2026-08-24T09:20,45,0.00,0.70
2026-08-24T09:30,5,0.00,0.70
2026-08-24T09:40,142,0.00,0.70
2026-08-24T09:50,140,0.00,0.70
2026-08-24T10:00,109,0.00,0.50
2026-08-24T10:10,,0.00,0.00
2026-08-24T10:20,137,0.00,0.40
2026-08-24T10:30,144,0.00,1.70
2026-08-24T10:40,127,0.00,1.30
2026-08-24T10:50,,0.00,0.00
2026-08-24T11:00,142,0.00,1.70
2026-08-24T11:10,135,0.00,1.70
2026-08-24T11:20,149,0.00,0.90
2026-08-24T11:30,146,0.00,1.50
2026-08-24T11:40,135,0.00,1.40
2026-08-24T11:50,137,0.00,1.20
2026-08-24T12:00,165,0.00,0.80
2026-08-24T12:10,227,0.00,1.00
2026-08-24T12:20,175,0.00,1.00
2026-08-24T12:30,142,0.00,0.40
2026-08-24T12:40,148,0.00,1.30
2026-08-24T12:50,142,0.00,1.20
2026-08-24T13:00,149,0.00,1.70
2026-08-24T13:10,121,0.00,0.50
2026-08-24T13:20,223,0.00,0.80
2026-08-24T13:30,154,0.00,0.90
2026-08-24T13:40,,0.00,0.00
2026-08-24T13:50,173,0.00,1.00
2026-08-24T14:00,151,0.00,1.60
2026-08-24T14:10,105,0.00,1.20
2026-08-24T14:20,128,0.00,1.30
2026-08-24T14:30,132,0.00,1.10
2026-08-24T14:40,189,0.00,0.90
2026-08-24T14:50,227,0.00,0.50
2026-08-24T15:00,236,0.00,0.50
2026-08-24T15:10,286,0.00,0.50
2026-08-24T15:20,167,0.00,1.10
2026-08-24T15:30,152,0.00,1.50
2026-08-24T15:40,185,0.00,1.20
2026-08-24T15:50,158,0.00,1.20
2026-08-24T16:00,219,0.00,0.50
2026-08-24T16:10,208,0.00,0.80
2026-08-24T16:20,172,0.00,0.80
2026-08-24T16:30,132,0.00,1.90
2026-08-24T16:40,136,0.00,1.60
2026-08-24T16:50,146,0.00,1.80
2026-08-24T17:00,127,0.00,1.40
2026-08-24T17:10,116,0.00,0.90
2026-08-24T17:20,,0.00,0.00
2026-08-24T17:30,149,0.00,1.60
2026-08-24T17:40,140,0.00,2.00
2026-08-24T17:50,136,0.00,2.00
2026-08-24T18:00,134,0.00,1.60
2026-08-24T18:10,138,0.00,1.40
2026-08-24T18:20,130,0.00,1.40
2026-08-24T18:30,127,0.00,1.30
2026-08-24T18:40,133,0.00,1.50
2026-08-24T18:50,128,0.00,1.40
2026-08-24T19:00,134,0.00,2.10
2026-08-24T19:10,129,0.00,1.10
2026-08-24T19:20,126,0.00,1.10
2026-08-24T19:30,130,0.00,1.10
2026-08-24T19:40,123,0.00,1.00
2026-08-24T19:50,132,0.00,1.50
2026-08-24T20:00,132,0.00,1.30
2026-08-24T20:10,136,0.00,1.30
2026-08-24T20:20,129,0.00,1.00
2026-08-24T20:30,128,0.00,0.60
2026-08-24T20:40,129,0.00,0.90
2026-08-24T20:50,120,0.00,0.90
2026-08-24T21:00,122,0.00,1.00
2026-08-24T21:10,127,0.00,1.20
2026-08-24T21:20,122,0.00,1.20
2026-08-24T21:30,111,0.00,0.80
2026-08-24T21:40,87,0.00,0.50
2026-08-24T21:50,88,0.00,0.50
2026-08-24T22:00,90,0.00,0.50
2026-08-24T22:10,75,0.00,0.60
2026-08-24T22:20,64,0.00,0.80
2026-08-24T22:30,87,0.00,0.60
2026-08-24T22:40,78,0.00,0.70
2026-08-24T22:50,82,0.00,0.70
2026-08-24T23:00,97,0.00,0.70
2026-08-24T23:10,116,0.00,1.20
2026-08-24T23:20,117,0.00,2.10
2026-08-24T23:30,116,0.00,2.40
2026-08-24T23:40,115,0.00,2.00
2026-08-24T23:50,110,0.00,1.80
2026-08-25T00:00,99,0.00,1.60
2026-08-25T00:10,109,0.00,1.20
2026-08-25T00:20,105,0.00,1.50
2026-08-25T00:30,113,0.00,1.70
2026-08-25T00:40,118,0.00,1.90
2026-08-25T00:50,115,0.00,1.90
2026-08-25T01:00,115,0.00,2.00
2026-08-25T01:10,114,0.00,1.90
2026-08-25T01:20,112,0.00,2.10
2026-08-25T01:30,110,0.00,1.30
2026-08-25T01:40,104,0.00,1.40
2026-08-25T01:50,111,0.00,1.80
2026-08-25T02:00,113,0.00,1.40
2026-08-25T02:10,106,0.00,0.90
2026-08-25T02:20,118,0.00,1.40
2026-08-25T02:30,136,0.00,2.30
2026-08-25T02:40,134,0.00,1.90
2026-08-25T02:50,126,0.00,1.10
2026-08-25T03:00,135,0.00,1.60
2026-08-25T03:10,145,0.00,3.30
2026-08-25T03:20,133,0.00,3.00
2026-08-25T03:30,133,0.00,3.20
2026-08-25T03:40,135,0.00,3.40
2026-08-25T03:50,131,0.00,2.60
2026-08-25T04:00,130,0.00,2.20
2026-08-25T04:10,123,0.00,1.70
2026-08-25T04:20,129,0.00,2.10
2026-08-25T04:30,127,0.00,2.00
2026-08-25T04:40,138,0.00,2.50
2026-08-25T04:50,123,0.00,1.60
2026-08-25T05:00,117,0.00,1.40
2026-08-25T05:10,126,0.00,1.70
2026-08-25T05:20,119,0.00,1.20
2026-08-25T05:30,136,0.00,2.00
2026-08-25T05:40,133,0.00,1.80
2026-08-25T05:50,135,0.00,2.30
2026-08-25T06:00,131,0.00,2.10
2026-08-25T06:10,136,0.00,2.00
2026-08-25T06:20,145,0.00,1.30
2026-08-25T06:30,140,0.00,1.10
2026-08-25T06:40,135,0.00,1.70
2026-08-25T06:50,135,0.00,2.10
2026-08-25T07:00,140,0.00,1.90
2026-08-25T07:10,140,0.00,1.80
2026-08-25T07:20,135,0.00,1.80
2026-08-25T07:30,148,0.00,2.20
2026-08-25T07:40,137,0.00,2.60
2026-08-25T07:50,137,0.00,2.90
2026-08-25T08:00,141,0.00,3.30
2026-08-25T08:10,140,0.00,3.40
2026-08-25T08:20,141,0.00,2.90
2026-08-25T08:30,140,0.00,3.20
2026-08-25T08:40,144,0.00,3.20
2026-08-25T08:50,144,0.00,2.90
2026-08-25T09:00,133,0.00,3.30
2026-08-25T09:10,142,0.00,3.30
2026-08-25T09:20,133,0.00,3.40
2026-08-25T09:30,134,0.00,3.80
2026-08-25T09:40,135,0.00,3.70
2026-08-25T09:50,133,0.00,3.80
2026-08-25T10:00,135,0.00,3.50
2026-08-25T10:10,129,0.00,3.20
2026-08-25T10:20,135,0.00,4.40
2026-08-25T10:30,135,0.00,4.50
2026-08-25T10:40,137,0.00,3.80
2026-08-25T10:50,133,0.00,3.80
2026-08-25T11:00,133,0.00,3.60
2026-08-25T11:10,130,0.00,2.90
2026-08-25T11:20,135,0.00,4.70
2026-08-25T11:30,131,0.00,4.10
2026-08-25T11:40,137,0.00,2.30
2026-08-25T11:50,303,4.40,2.80
2026-08-25T12:00,314,2.40,1.90
2026-08-25T12:10,323,1.40,2.00
2026-08-25T12:20,329,1.00,1.70
2026-08-25T12:30,13,0.80,1.10
2026-08-25T12:40,36,0.40,2.10
2026-08-25T12:50,35,0.20,1.80
2026-08-25T13:00,40,0.00,1.90
2026-08-25T13:10,36,0.00,1.40
2026-08-25T13:20,51,0.00,1.50
2026-08-25T13:30,68,0.00,0.90
2026-08-25T13:40,75,0.00,0.80
2026-08-25T13:50,75,0.20,0.80
2026-08-25T14:00,96,0.00,0.80
2026-08-25T14:10,80,0.00,1.00
2026-08-25T14:20,95,0.00,1.00
2026-08-25T14:30,72,0.00,1.20
2026-08-25T14:40,60,0.00,1.20
2026-08-25T14:50,70,0.00,1.10
2026-08-25T15:00,76,0.00,0.80
2026-08-25T15:10,94,0.00,0.90
2026-08-25T15:20,53,0.00,0.60
2026-08-25T15:30,343,0.00,0.90
2026-08-25T15:40,315,0.00,0.50
2026-08-25T15:50,,0.00,0.00
2026-08-25T16:00,96,0.00,0.60
2026-08-25T16:10,301,0.00,0.50
2026-08-25T16:20,6,0.00,0.50
2026-08-25T16:30,147,0.00,1.10
2026-08-25T16:40,168,0.00,0.80
2026-08-25T16:50,156,0.00,1.00
2026-08-25T17:00,156,0.00,1.00
2026-08-25T17:10,151,0.00,0.70
2026-08-25T17:20,163,0.00,0.70
2026-08-25T17:30,,0.00,0.00
2026-08-25T17:40,332,0.00,0.70
2026-08-25T17:50,327,0.00,0.70
2026-08-25T18:00,319,0.00,1.00
2026-08-25T18:10,,0.00,0.00
2026-08-25T18:20,155,0.00,0.60
2026-08-25T18:30,,0.00,0.00
2026-08-25T18:40,50,0.00,0.60
2026-08-25T18:50,10,0.00,0.40
2026-08-25T19:00,34,0.00,0.40
2026-08-25T19:10,,0.00,0.00
2026-08-25T19:20,,0.00,0.00
2026-08-25T19:30,,0.00,0.00
2026-08-25T19:40,38,0.00,0.30
2026-08-25T19:50,,0.00,0.00
2026-08-25T20:00,,0.00,0.00
2026-08-25T20:10,77,0.00,0.30
2026-08-25T20:20,,0.00,0.00
2026-08-25T20:30,40,0.00,0.40
2026-08-25T20:40,35,0.00,0.70
2026-08-25T20:50,34,0.00,0.50
2026-08-25T21:00,42,0.00,0.30
2026-08-25T21:10,,0.00,0.00
2026-08-25T21:20,,0.00,0.00
2026-08-25T21:30,,0.00,0.00
2026-08-25T21:40,43,0.00,0.50
2026-08-25T21:50,37,0.00,0.60
2026-08-25T22:00,,0.00,0.00
2026-08-25T22:10,,0.00,0.00
2026-08-25T22:20,,0.00,0.00
2026-08-25T22:30,343,0.00,0.40
2026-08-25T22:40,336,0.00,0.50
2026-08-25T22:50,17,0.00,0.60
2026-08-25T23:00,21,0.00,0.80
2026-08-25T23:10,355,0.00,0.50
2026-08-25T23:20,25,0.00,0.50
2026-08-25T23:30,354,0.00,0.60
2026-08-25T23:40,346,0.00,0.40
2026-08-25T23:50,321,0.00,0.30
2026-08-26T00:00,16,0.00,0.40
2026-08-26T00:10,,0.00,0.00
2026-08-26T00:20,128,0.00,0.50
2026-08-26T00:30,143,0.00,0.80
2026-08-26T00:40,144,0.00,0.30
2026-08-26T00:50,,0.00,0.00
2026-08-26T01:00,,0.00,0.00
2026-08-26T01:10,44,0.00,0.80
2026-08-26T01:20,78,0.00,0.40
2026-08-26T01:30,49,0.00,0.40
2026-08-26T01:40,32,0.00,0.50
2026-08-26T01:50,,0.00,0.00
2026-08-26T02:00,,0.00,0.00
2026-08-26T02:10,,0.00,0.00
2026-08-26T02:20,,0.00,0.00
2026-08-26T02:30,307,0.00,0.40
2026-08-26T02:40,297,0.00,0.60
2026-08-26T02:50,319,0.00,0.70
2026-08-26T03:00,319,0.00,0.80
2026-08-26T03:10,335,0.00,0.70
2026-08-26T03:20,344,0.00,0.80
2026-08-26T03:30,336,0.00,0.80
2026-08-26T03:40,352,0.00,0.80
2026-08-26T03:50,11,0.00,0.90
2026-08-26T04:00,5,0.00,0.60
2026-08-26T04:10,11,0.00,0.70
2026-08-26T04:20,20,0.00,0.50
2026-08-26T04:30,19,0.00,0.70
2026-08-26T04:40,17,0.00,0.70
2026-08-26T04:50,25,0.00,0.80
2026-08-26T05:00,30,0.00,0.90
2026-08-26T05:10,29,0.00,0.70
2026-08-26T05:20,34,0.00,0.80
2026-08-26T05:30,,0.00,0.00
2026-08-26T05:40,,0.00,0.00
2026-08-26T05:50,,0.00,0.00
2026-08-26T06:00,,0.00,0.00
2026-08-26T06:10,287,0.00,0.60
2026-08-26T06:20,288,0.00,0.50
2026-08-26T06:30,,0.00,0.00
2026-08-26T06:40,129,0.00,0.40
2026-08-26T06:50,,0.00,0.00
2026-08-26T07:00,,0.00,0.00
2026-08-26T07:10,,0.00,0.00
2026-08-26T07:20,71,0.00,0.30
2026-08-26T07:30,44,0.00,0.60
2026-08-26T07:40,51,0.00,0.50
2026-08-26T07:50,40,0.00,0.50
2026-08-26T08:00,53,0.00,0.70
2026-08-26T08:10,62,0.00,0.60
2026-08-26T08:20,50,0.00,0.70
2026-08-26T08:30,102,0.00,0.50
2026-08-26T08:40,133,0.00,0.40
2026-08-26T08:50,124,0.00,0.70
2026-08-26T09:00,143,0.00,0.70
2026-08-26T09:10,142,0.00,1.10
2026-08-26T09:20,137,0.00,1.00
2026-08-26T09:30,134,0.00,1.20
2026-08-26T09:40,140,0.00,1.80
2026-08-26T09:50,135,0.00,1.70
2026-08-26T10:00,130,0.00,1.80
2026-08-26T10:10,132,0.00,1.10
2026-08-26T10:20,135,0.00,1.80
2026-08-26T10:30,146,0.00,1.30
2026-08-26T10:40,131,0.00,1.50
2026-08-26T10:50,138,0.00,1.60
2026-08-26T11:00,156,0.00,1.50
2026-08-26T11:10,124,0.00,1.20
2026-08-26T11:20,136,0.00,1.90
2026-08-26T11:30,140,0.00,1.20
2026-08-26T11:40,131,0.00,1.10
2026-08-26T11:50,126,0.00,1.00
2026-08-26T12:00,96,0.00,0.30
2026-08-26T12:10,160,0.00,0.30
2026-08-26T12:20,139,0.00,1.70
2026-08-26T12:30,204,0.00,0.40
2026-08-26T12:40,255,0.00,0.50
2026-08-26T12:50,161,0.00,1.00
2026-08-26T13:00,160,0.00,0.80
2026-08-26T13:10,172,0.00,1.00
2026-08-26T13:20,166,0.00,0.90
2026-08-26T13:30,143,0.00,1.20
2026-08-26T13:40,205,0.00,0.60
2026-08-26T13:50,264,0.00,1.00
2026-08-26T14:00,279,0.00,1.20
2026-08-26T14:10,307,0.00,1.30
2026-08-26T14:20,324,0.00,0.90
2026-08-26T14:30,317,0.00,0.60
2026-08-26T14:40,125,0.00,0.90
2026-08-26T14:50,293,0.00,1.20
2026-08-26T15:00,252,0.00,0.80
2026-08-26T15:10,,0.00,0.00
2026-08-26T15:20,257,0.00,1.10
2026-08-26T15:30,290,0.00,1.60
2026-08-26T15:40,275,0.00,1.20
2026-08-26T15:50,277,0.00,1.70
2026-08-26T16:00,289,0.00,1.10
2026-08-26T16:10,276,0.00,0.80
2026-08-26T16:20,274,0.00,1.50
2026-08-26T16:30,278,0.00,1.20
2026-08-26T16:40,294,0.00,1.50
2026-08-26T16:50,265,0.00,0.80
2026-08-26T17:00,284,0.00,0.60
2026-08-26T17:10,347,0.00,0.60
2026-08-26T17:20,,0.00,0.00
2026-08-26T17:30,251,0.00,0.60
2026-08-26T17:40,207,0.00,0.60
2026-08-26T17:50,239,0.00,0.70
2026-08-26T18:00,238,0.00,0.80
2026-08-26T18:10,228,0.00,0.50
2026-08-26T18:20,257,0.00,0.80
2026-08-26T18:30,245,0.00,0.50
2026-08-26T18:40,255,0.00,0.50
2026-08-26T18:50,257,0.00,0.70
2026-08-26T19:00,282,0.00,0.50
2026-08-26T19:10,309,0.00,0.50
2026-08-26T19:20,291,0.00,0.30
2026-08-26T19:30,296,0.00,0.50
2026-08-26T19:40,284,0.00,0.50
2026-08-26T19:50,291,0.00,0.50
2026-08-26T20:00,282,0.00,0.50
2026-08-26T20:10,290,0.00,0.70
2026-08-26T20:20,312,0.00,0.50
2026-08-26T20:30,304,0.00,0.30
2026-08-26T20:40,,0.00,0.00
2026-08-26T20:50,317,0.00,0.50
2026-08-26T21:00,334,0.00,0.50
2026-08-26T21:10,,0.00,0.00
2026-08-26T21:20,46,0.00,0.50
2026-08-26T21:30,36,0.00,0.60
2026-08-26T21:40,,0.00,0.00
2026-08-26T21:50,,0.00,0.00
2026-08-26T22:00,,0.00,0.00
2026-08-26T22:10,341,0.00,0.50
2026-08-26T22:20,,0.00,0.00
2026-08-26T22:30,42,0.00,0.50
2026-08-26T22:40,42,0.00,0.40
2026-08-26T22:50,,0.00,0.00
2026-08-26T23:00,6,0.00,0.30
2026-08-26T23:10,,0.00,0.00
2026-08-26T23:20,,0.00,0.00
2026-08-26T23:30,,0.00,0.00
2026-08-26T23:40,,0.00,0.00
2026-08-26T23:50,,0.00,0.00
2026-08-27T00:00,,0.00,0.00
2026-08-27T00:10,,0.00,0.00
2026-08-27T00:20,,0.00,0.00
2026-08-27T00:30,,0.00,0.00
2026-08-27T00:40,,0.00,0.00
2026-08-27T00:50,,0.00,0.00
2026-08-27T01:00,,0.00,0.00
2026-08-27T01:10,,0.00,0.00
2026-08-27T01:20,,0.00,0.00
2026-08-27T01:30,,0.00,0.00
2026-08-27T01:40,,0.00,0.00
2026-08-27T01:50,,0.00,0.00
2026-08-27T02:00,,0.00,0.00
2026-08-27T02:10,,0.00,0.00
2026-08-27T02:20,,0.00,0.00
2026-08-27T02:30,,0.00,0.00
2026-08-27T02:40,,0.00,0.00
2026-08-27T02:50,,0.00,0.00
2026-08-27T03:00,,0.00,0.00
2026-08-27T03:10,,0.00,0.00
2026-08-27T03:20,,0.00,0.00
2026-08-27T03:30,,0.00,0.00
2026-08-27T03:40,,0.00,0.00
2026-08-27T03:50,,0.00,0.00
2026-08-27T04:00,,0.00,0.00
2026-08-27T04:10,,0.00,0.00
2026-08-27T04:20,,0.00,0.00
2026-08-27T04:30,,0.00,0.00
2026-08-27T04:40,,0.00,0.00
2026-08-27T04:50,,0.00,0.00
2026-08-27T05:00,,0.00,0.00
2026-08-27T05:10,,0.00,0.00
2026-08-27T05:20,,0.00,0.00
2026-08-27T05:30,,0.00,0.00
2026-08-27T05:40,,0.00,0.00
2026-08-27T05:50,,0.00,0.00
2026-08-27T06:00,,0.00,0.00
2026-08-27T06:10,,0.00,0.00
2026-08-27T06:20,,0.00,0.00
2026-08-27T06:30,,0.00,0.00
2026-08-27T06:40,,0.00,0.00
2026-08-27T06:50,,0.00,0.00
2026-08-27T07:00,,0.00,0.00
2026-08-27T07:10,,0.00,0.00
2026-08-27T07:20,,0.00,0.00
2026-08-27T07:30,,0.00,0.00
2026-08-27T07:40,,0.00,0.00
2026-08-27T07:50,,0.00,0.00
2026-08-27T08:00,,0.00,0.00
2026-08-27T08:10,,0.00,0.00
2026-08-27T08:20,,0.00,0.00
2026-08-27T08:30,,0.00,0.00
2026-08-27T08:40,,0.00,0.00
2026-08-27T08:50,,0.00,0.00
2026-08-27T09:00,,0.00,0.00
2026-08-27T09:10,,0.00,0.00
2026-08-27T09:20,,0.00,0.00
2026-08-27T09:30,,0.00,0.00
2026-08-27T09:40,,0.00,0.00
2026-08-27T09:50,,0.00,0.00
2026-08-27T10:00,,0.00,0.00
2026-08-27T10:10,,0.00,0.00
2026-08-27T10:20,,0.00,
2026-08-27T10:30,,0.00,0.00
2026-08-27T10:40,,0.00,0.00
2026-08-27T10:50,,0.00,0.00
2026-08-27T11:00,,0.00,0.00
2026-08-27T11:10,126,0.00,0.40
2026-08-27T11:20,147,0.00,1.20
2026-08-27T11:30,131,0.00,0.30
2026-08-27T11:40,131,0.00,0.90
2026-08-27T11:50,132,0.00,0.90
2026-08-27T12:00,123,0.00,1.10
2026-08-27T12:10,155,0.00,0.90
2026-08-27T12:20,159,0.00,0.90
2026-08-27T12:30,160,0.00,1.30
2026-08-27T12:40,114,0.00,0.60
2026-08-27T12:50,113,0.00,0.90
2026-08-27T13:00,57,0.00,0.70
2026-08-27T13:10,123,0.00,1.10
2026-08-27T13:20,125,0.00,0.60
2026-08-27T13:30,134,0.00,0.90
2026-08-27T13:40,141,0.00,0.90
2026-08-27T13:50,201,0.00,0.60
2026-08-27T14:00,273,0.00,0.90
2026-08-27T14:10,269,0.00,0.80
2026-08-27T14:20,152,0.00,0.80
2026-08-27T14:30,241,0.00,0.60
2026-08-27T14:40,232,0.00,0.70
2026-08-27T14:50,199,0.00,0.50
2026-08-27T15:00,189,0.00,0.60
2026-08-27T15:10,257,0.00,0.80
2026-08-27T15:20,,0.00,0.00
2026-08-27T15:30,232,0.00,0.50
2026-08-27T15:40,143,0.00,0.80
2026-08-27T15:50,128,0.00,1.00
2026-08-27T16:00,114,0.00,0.60
2026-08-27T16:10,143,0.00,0.80
2026-08-27T16:20,159,0.00,0.80
2026-08-27T16:30,139,0.00,1.40
2026-08-27T16:40,129,0.00,1.10
2026-08-27T16:50,140,0.00,0.90
2026-08-27T17:00,142,0.00,0.90
2026-08-27T17:10,129,0.00,1.10
2026-08-27T17:20,132,0.00,1.00
2026-08-27T17:30,136,0.00,1.50
2026-08-27T17:40,124,0.00,1.00
2026-08-27T17:50,138,0.00,1.90
2026-08-27T18:00,141,0.00,1.10
2026-08-27T18:10,128,0.00,0.80
2026-08-27T18:20,125,0.00,0.80
2026-08-27T18:30,127,0.00,0.90
2026-08-27T18:40,135,0.00,1.60
2026-08-27T18:50,134,0.00,1.10
2026-08-27T19:00,138,0.00,1.00
2026-08-27T19:10,133,0.00,0.80
2026-08-27T19:20,,0.00,0.00
2026-08-27T19:30,,0.00,0.00
2026-08-27T19:40,,0.00,0.00
2026-08-27T19:50,,0.00,0.00
2026-08-27T20:00,43,0.00,0.40
2026-08-27T20:10,33,0.00,0.60
2026-08-27T20:20,31,0.00,0.50
2026-08-27T20:30,,0.00,0.00
2026-08-27T20:40,,0.00,0.00
2026-08-27T20:50,,0.00,0.00
2026-08-27T21:00,,0.00,0.00
2026-08-27T21:10,,0.00,0.00
2026-08-27T21:20,,0.00,0.00
2026-08-27T21:30,,0.00,0.00
2026-08-27T21:40,,0.00,0.00
2026-08-27T21:50,,0.00,0.00
2026-08-27T22:00,,0.00,0.00
2026-08-27T22:10,,0.00,0.00
2026-08-27T22:20,,0.00,0.00
2026-08-27T22:30,,0.00,0.00
2026-08-27T22:40,,0.00,0.00
2026-08-27T22:50,,0.00,0.00
2026-08-27T23:00,,0.00,0.00
2026-08-27T23:10,,0.00,0.00
2026-08-27T23:20,,0.00,0.00
2026-08-27T23:30,,0.00,0.00
2026-08-27T23:40,,0.00,0.00
2026-08-27T23:50,,0.00,0.00
2026-08-28T00:00,,0.00,0.00
2026-08-28T00:10,,0.00,0.00
2026-08-28T00:20,,0.00,0.00
2026-08-28T00:30,,0.00,0.00
2026-08-28T00:40,,0.00,0.00
2026-08-28T00:50,,0.00,0.00
2026-08-28T01:00,,0.00,0.00
2026-08-28T01:10,,0.00,0.00
2026-08-28T01:20,,0.00,0.00
2026-08-28T01:30,,0.00,0.00
2026-08-28T01:40,,0.00,0.00
2026-08-28T01:50,,0.00,0.00
2026-08-28T02:00,,0.00,0.00
2026-08-28T02:10,,0.00,0.00
2026-08-28T02:20,38,0.00,1.00
2026-08-28T02:30,62,0.00,0.80
2026-08-28T02:40,37,0.00,0.50
2026-08-28T02:50,24,0.00,0.40
2026-08-28T03:00,37,0.00,0.80
2026-08-28T03:10,31,0.00,0.50
2026-08-28T03:20,27,0.00,0.30
2026-08-28T03:30,,0.00,0.00
2026-08-28T03:40,32,0.00,0.30
2026-08-28T03:50,26,0.00,0.40
2026-08-28T04:00,,0.00,0.00
2026-08-28T04:10,,0.00,0.00
2026-08-28T04:20,,0.00,0.00
2026-08-28T04:30,,0.00,0.00
2026-08-28T04:40,326,0.00,0.70
2026-08-28T04:50,347,0.00,0.70
2026-08-28T05:00,41,0.00,0.80
2026-08-28T05:10,2,0.00,0.60
2026-08-28T05:20,56,0.00,0.40
2026-08-28T05:30,44,0.00,0.50
2026-08-28T05:40,66,0.00,0.70
2026-08-28T05:50,53,0.00,1.20
2026-08-28T06:00,80,0.00,1.60
2026-08-28T06:10,288,4.80,7.60
2026-08-28T06:20,1,4.00,1.90
2026-08-28T06:30,338,0.00,0.60
2026-08-28T06:40,48,0.00,0.50
2026-08-28T06:50,46,0.00,1.70
2026-08-28T07:00,37,0.00,0.70
2026-08-28T07:10,55,0.00,0.60
2026-08-28T07:20,23,0.00,0.80
2026-08-28T07:30,354,0.00,0.70
2026-08-28T07:40,12,0.00,0.50
2026-08-28T07:50,141,0.00,0.50
2026-08-28T08:00,162,0.00,1.10
2026-08-28T08:10,165,0.00,0.80
2026-08-28T08:20,153,0.00,0.60
2026-08-28T08:30,106,0.00,0.30
2026-08-28T08:40,,0.00,0.00
2026-08-28T08:50,,0.00,0.00
2026-08-28T09:00,116,0.00,0.50
2026-08-28T09:10,60,0.00,0.60
2026-08-28T09:20,72,0.00,0.60
2026-08-28T09:30,69,0.00,0.70
2026-08-28T09:40,82,0.00,1.00
2026-08-28T09:50,89,0.00,0.90
2026-08-28T10:00,58,0.00,0.90
2026-08-28T10:10,69,0.00,0.70
2026-08-28T10:20,82,0.00,0.40
2026-08-28T10:30,82,0.00,0.50
2026-08-28T10:40,82,0.00,0.30
2026-08-28T10:50,74,0.00,0.70
2026-08-28T11:00,85,0.00,0.70
2026-08-28T11:10,83,0.00,0.70
2026-08-28T11:20,89,0.00,0.80
2026-08-28T11:30,80,0.00,0.90
2026-08-28T11:40,13,0.00,0.70
2026-08-28T11:50,51,0.00,1.10
2026-08-28T12:00,37,0.00,0.60
2026-08-28T12:10,36,0.00,0.70
2026-08-28T12:20,100,0.00,0.40
2026-08-28T12:30,153,0.00,0.60
2026-08-28T12:40,148,0.00,1.10
2026-08-28T12:50,117,0.00,0.70
2026-08-28T13:00,133,0.00,1.60
2026-08-28T13:10,146,0.00,1.50
2026-08-28T13:20,137,0.00,1.80
2026-08-28T13:30,129,0.00,1.80
2026-08-28T13:40,131,0.00,2.00
2026-08-28T13:50,135,0.00,2.10
2026-08-28T14:00,136,0.00,1.70
2026-08-28T14:10,90,0.00,0.90
2026-08-28T14:20,136,0.00,0.80
2026-08-28T14:30,112,0.00,1.10
2026-08-28T14:40,134,0.00,1.40
2026-08-28T14:50,115,0.00,1.00
2026-08-28T15:00,118,0.00,1.00
2026-08-28T15:10,81,0.00,0.80
2026-08-28T15:20,92,0.00,0.80
2026-08-28T15:30,108,0.00,0.90
2026-08-28T15:40,122,0.00,1.00
2026-08-28T15:50,112,0.00,0.60
2026-08-28T16:00,101,0.00,0.30
2026-08-28T16:10,14,0.20,0.40
2026-08-28T16:20,,0.00,0.00
2026-08-28T16:30,258,0.00,0.80
2026-08-28T16:40,,0.00,0.00
2026-08-28T16:50,,0.00,0.00
2026-08-28T17:00,154,0.00,0.30
2026-08-28T17:10,157,0.00,0.60
2026-08-28T17:20,120,0.00,0.70
2026-08-28T17:30,201,0.00,0.50
2026-08-28T17:40,269,0.20,1.20
2026-08-28T17:50,267,0.20,1.40
2026-08-28T18:00,264,0.00,0.90
2026-08-28T18:10,230,2.80,1.60
2026-08-28T18:20,298,0.40,2.00
2026-08-28T18:30,303,0.00,0.50
2026-08-28T18:40,311,0.00,1.10
2026-08-28T18:50,282,0.20,1.60
2026-08-28T19:00,282,0.00,1.30
2026-08-28T19:10,261,0.00,1.50
2026-08-28T19:20,300,1.20,3.90
2026-08-28T19:30,294,0.20,3.00
2026-08-28T19:40,279,0.00,2.70
2026-08-28T19:50,286,0.00,1.60
2026-08-28T20:00,4,0.00,0.80
2026-08-28T20:10,10,0.00,1.20
2026-08-28T20:20,20,0.00,1.80
2026-08-28T20:30,5,0.00,1.20
2026-08-28T20:40,8,0.00,1.10
2026-08-28T20:50,12,0.00,1.20
2026-08-28T21:00,26,0.00,1.70
2026-08-28T21:10,17,0.00,1.40
2026-08-28T21:20,34,0.00,2.20
2026-08-28T21:30,28,0.00,1.80
2026-08-28T21:40,18,0.00,1.40
2026-08-28T21:50,26,0.00,1.50
2026-08-28T22:00,,0.00,0.00
2026-08-28T22:10,112,0.00,0.40
2026-08-28T22:20,191,0.00,0.40
2026-08-28T22:30,,0.00,0.00
2026-08-28T22:40,99,0.00,0.60
2026-08-28T22:50,33,0.00,0.80
2026-08-28T23:00,92,0.00,0.60
2026-08-28T23:10,62,0.00,0.80
2026-08-28T23:20,57,0.00,0.70
2026-08-28T23:30,61,0.00,0.60
2026-08-28T23:40,70,0.00,0.70
2026-08-28T23:50,58,0.00,0.80
2026-08-29T00:00,91,0.00,0.50
2026-08-29T00:10,64,0.00,0.60
2026-08-29T00:20,95,0.00,0.60
2026-08-29T00:30,116,0.00,0.60
2026-08-29T00:40,53,0.00,0.60
2026-08-29T00:50,87,0.00,0.30
2026-08-29T01:00,,0.00,0.00
2026-08-29T01:10,102,0.00,0.30
2026-08-29T01:20,50,0.00,0.70
2026-08-29T01:30,39,0.00,0.90
2026-08-29T01:40,76,0.00,0.40
2026-08-29T01:50,40,0.00,0.60
2026-08-29T02:00,44,0.00,0.70
2026-08-29T02:10,40,0.00,0.40
2026-08-29T02:20,24,0.00,0.60
2026-08-29T02:30,29,0.00,0.60
2026-08-29T02:40,12,0.00,0.50
2026-08-29T02:50,,0.00,0.00
2026-08-29T03:00,,0.00,0.00
2026-08-29T03:10,22,0.00,0.60
2026-08-29T03:20,356,0.00,0.50
2026-08-29T03:30,,0.00,0.00
2026-08-29T03:40,343,0.00,0.30
2026-08-29T03:50,336,0.00,0.40
2026-08-29T04:00,35,0.00,0.50
2026-08-29T04:10,53,0.00,0.40
2026-08-29T04:20,34,0.00,0.60
2026-08-29T04:30,33,0.00,0.40
2026-08-29T04:40,31,0.00,0.40
2026-08-29T04:50,,0.00,0.00
2026-08-29T05:00,,0.00,0.00
2026-08-29T05:10,,0.00,0.00
2026-08-29T05:20,,0.00,0.00
2026-08-29T05:30,,0.00,0.00
2026-08-29T05:40,,0.00,0.00
2026-08-29T05:50,,0.00,0.00
2026-08-29T06:00,137,0.00,0.30
2026-08-29T06:10,,0.00,0.00
2026-08-29T06:20,,0.00,0.00
2026-08-29T06:30,270,0.00,0.50
2026-08-29T06:40,246,0.00,0.40
2026-08-29T06:50,255,0.00,0.30
2026-08-29T07:00,,0.00,0.00
2026-08-29T07:10,,0.00,0.00
2026-08-29T07:20,141,0.00,0.60
2026-08-29T07:30,176,0.00,0.40
2026-08-29T07:40,71,0.00,0.50
2026-08-29T07:50,,0.00,0.00
2026-08-29T08:00,,0.00,0.00
2026-08-29T08:10,39,0.00,0.30
2026-08-29T08:20,,0.00,0.00
2026-08-29T08:30,296,0.00,0.60
2026-08-29T08:40,275,0.00,0.50
2026-08-29T08:50,143,0.00,0.50
2026-08-29T09:00,134,0.00,0.60
2026-08-29T09:10,,0.00,0.00
2026-08-29T09:20,,0.00,0.00
2026-08-29T09:30,122,0.00,0.50
2026-08-29T09:40,147,0.00,1.10
2026-08-29T09:50,136,0.00,1.00
2026-08-29T10:00,136,0.00,1.10
2026-08-29T10:10,116,0.00,0.50
2026-08-29T10:20,145,0.00,1.00
2026-08-29T10:30,145,0.00,1.10
2026-08-29T10:40,154,0.00,1.30
2026-08-29T10:50,164,0.00,1.40
2026-08-29T11:00,166,0.00,1.10
2026-08-29T11:10,167,0.00,1.20
2026-08-29T11:20,161,0.00,1.20
2026-08-29T11:30,176,0.00,0.70
2026-08-29T11:40,168,0.00,0.50
2026-08-29T11:50,215,0.00,1.10
2026-08-29T12:00,199,0.00,1.10
2026-08-29T12:10,168,0.00,1.10
2026-08-29T12:20,201,0.00,1.00
2026-08-29T12:30,175,0.00,1.20
2026-08-29T12:40,192,0.00,1.40
2026-08-29T12:50,197,0.00,1.10
2026-08-29T13:00,161,0.00,1.20
2026-08-29T13:10,149,0.00,1.90
2026-08-29T13:20,174,0.00,0.90
2026-08-29T13:30,158,0.00,1.40
2026-08-29T13:40,206,0.00,0.80
2026-08-29T13:50,185,0.00,1.40
2026-08-29T14:00,238,0.00,1.00
2026-08-29T14:10,260,0.00,1.70
2026-08-29T14:20,238,0.00,1.30
2026-08-29T14:30,244,0.00,1.20
2026-08-29T14:40,257,0.00,1.00
2026-08-29T14:50,240,0.00,1.20
2026-08-29T15:00,236,0.00,1.10
2026-08-29T15:10,190,0.00,1.10
2026-08-29T15:20,223,0.00,1.10
2026-08-29T15:30,224,0.00,0.70
2026-08-29T15:40,276,0.00,1.70
2026-08-29T15:50,286,0.00,1.70
2026-08-29T16:00,267,0.00,1.70
2026-08-29T16:10,236,0.00,1.00
2026-08-29T16:20,284,0.00,1.20
2026-08-29T16:30,282,0.00,1.00
2026-08-29T16:40,272,0.00,1.30
2026-08-29T16:50,232,0.00,0.80
2026-08-29T17:00,252,0.00,1.00
2026-08-29T17:10,260,0.00,1.10
2026-08-29T17:20,274,0.00,1.20
2026-08-29T17:30,246,0.00,1.30
2026-08-29T17:40,262,0.00,1.10
2026-08-29T17:50,242,0.00,0.80
2026-08-29T18:00,230,0.00,1.00
2026-08-29T18:10,218,0.00,0.60
2026-08-29T18:20,237,0.00,1.00
2026-08-29T18:30,263,0.00,1.00
2026-08-29T18:40,255,0.00,0.80
2026-08-29T18:50,246,0.00,0.70
2026-08-29T19:00,251,0.00,0.60
2026-08-29T19:10,240,0.00,0.70
2026-08-29T19:20,255,0.00,0.60
2026-08-29T19:30,252,0.00,0.40
2026-08-29T19:40,260,0.00,0.40
2026-08-29T19:50,,0.00,0.00
2026-08-29T20:00,,0.00,0.00
2026-08-29T20:10,,0.00,0.00
2026-08-29T20:20,,0.00,0.00
2026-08-29T20:30,,0.00,0.00
2026-08-29T20:40,,0.00,0.00
2026-08-29T20:50,,0.00,0.00
2026-08-29T21:00,,0.00,0.00
2026-08-29T21:10,,0.00,0.00
2026-08-29T21:20,,0.00,0.00
2026-08-29T21:30,,0.00,0.00
2026-08-29T21:40,,0.00,0.00
2026-08-29T21:50,,0.00,0.00
2026-08-29T22:00,,0.00,0.00
2026-08-29T22:10,,0.00,0.00
2026-08-29T22:20,,0.00,0.00
2026-08-29T22:30,,0.00,0.00
2026-08-29T22:40,,0.00,0.00
2026-08-29T22:50,,0.00,0.00
2026-08-29T23:00,,0.00,0.00
2026-08-29T23:10,,0.00,0.00
2026-08-29T23:20,,0.00,0.00
2026-08-29T23:30,,0.00,0.00
2026-08-29T23:40,,0.00,0.00
2026-08-29T23:50,,0.00,0.00
2026-08-30T00:00,,0.00,0.00
2026-08-30T00:10,,0.00,0.00
2026-08-30T00:20,,0.00,0.00
2026-08-30T00:30,,0.00,0.00
2026-08-30T00:40,,0.00,0.00
2026-08-30T00:50,,0.00,0.00
2026-08-30T01:00,,0.00,0.00
2026-08-30T01:10,,0.00,0.00
2026-08-30T01:20,,0.00,0.00
2026-08-30T01:30,,0.00,0.00
2026-08-30T01:40,,0.00,0.00
2026-08-30T01:50,,0.00,0.00
2026-08-30T02:00,,0.00,0.00
2026-08-30T02:10,,0.00,0.00
2026-08-30T02:20,,0.00,0.00
2026-08-30T02:30,,0.00,0.00
2026-08-30T02:40,,0.00,0.00
2026-08-30T02:50,,0.00,0.00
2026-08-30T03:00,,0.00,0.00
2026-08-30T03:10,,0.00,0.00
2026-08-30T03:20,,0.00,0.00
2026-08-30T03:30,,0.00,0.00
2026-08-30T03:40,,0.00,0.00
2026-08-30T03:50,,0.00,0.00
2026-08-30T04:00,,0.00,0.00
2026-08-30T04:10,,0.00,0.00
2026-08-30T04:20,,0.00,0.00
2026-08-30T04:30,,0.00,0.00
2026-08-30T04:40,,0.00,0.00
2026-08-30T04:50,,0.00,0.00
2026-08-30T05:00,,0.00,0.00
2026-08-30T05:10,,0.00,0.00
2026-08-30T05:20,,0.00,0.00
2026-08-30T05:30,,0.00,0.00
2026-08-30T05:40,,0.00,0.00
2026-08-30T05:50,,0.00,0.00
2026-08-30T06:00,,0.00,0.00
2026-08-30T06:10,,0.00,0.00
2026-08-30T06:20,,0.00,0.00
2026-08-30T06:30,,0.00,0.00
2026-08-30T06:40,,0.00,0.00
2026-08-30T06:50,,0.00,0.00
2026-08-30T07:00,,0.00,0.00
2026-08-30T07:10,,0.00,0.00
2026-08-30T07:20,,0.00,0.00
2026-08-30T07:30,,0.00,-999
2026-08-30T07:40,,0.00,-999
2026-08-30T07:50,,0.00,-999
2026-08-30T08:00,,0.00,-999
2026-08-30T08:10,,0.00,-999
2026-08-30T08:20,,0.00,-999
2026-08-30T08:30,,0.00,-999
2026-08-30T08:40,,0.00,-999
2026-08-30T08:50,,0.00,-999
2026-08-30T09:00,,0.00,-999
2026-08-30T09:10,,0.00,-999
2026-08-30T09:20,,0.00,-999
2026-08-30T09:30,,0.00,-999
2026-08-30T09:40,,0.00,-999
2026-08-30T09:50,,0.00,-999
2026-08-30T10:00,,0.00,-999
2026-08-30T10:10,,0.00,-999
2026-08-30T10:20,,0.00,0.00
2026-08-30T10:30,,0.00,0.00
2026-08-30T10:40,,0.00,0.00
2026-08-30T10:50,,0.00,0.00
2026-08-30T11:00,202,0.00,0.50
2026-08-30T11:10,238,0.00,1.20
2026-08-30T11:20,203,0.00,1.10
2026-08-30T11:30,257,0.00,1.40
2026-08-30T11:40,256,0.00,1.20
2026-08-30T11:50,264,0.00,1.50
2026-08-30T12:00,269,0.00,1.30
2026-08-30T12:10,260,0.00,1.40
2026-08-30T12:20,271,0.00,1.50
2026-08-30T12:30,266,0.00,1.30
2026-08-30T12:40,273,0.00,1.20
2026-08-30T12:50,186,0.00,1.00
2026-08-30T13:00,226,0.00,0.80
2026-08-30T13:10,189,0.00,1.10
2026-08-30T13:20,262,0.00,0.90
2026-08-30T13:30,266,0.00,1.40
2026-08-30T13:40,237,0.00,0.70
2026-08-30T13:50,250,0.00,0.90
2026-08-30T14:00,,0.00,0.00
2026-08-30T14:10,275,0.00,1.70
2026-08-30T14:20,252,0.00,1.00
2026-08-30T14:30,295,0.00,1.00
2026-08-30T14:40,241,0.00,1.10
2026-08-30T14:50,253,0.00,1.30
2026-08-30T15:00,280,0.00,1.00
2026-08-30T15:10,282,0.00,1.50
2026-08-30T15:20,284,0.00,1.30
2026-08-30T15:30,296,0.00,1.40
2026-08-30T15:40,284,0.00,1.00
2026-08-30T15:50,237,0.00,1.00
2026-08-30T16:00,206,0.00,0.90
2026-08-30T16:10,158,0.00,0.70
2026-08-30T16:20,251,0.00,1.00
2026-08-30T16:30,289,0.00,0.50
2026-08-30T16:40,150,0.00,0.70
2026-08-30T16:50,130,0.00,1.10
2026-08-30T17:00,190,0.00,0.70
2026-08-30T17:10,186,0.00,0.80
2026-08-30T17:20,269,0.00,0.90
2026-08-30T17:30,190,0.00,0.70
2026-08-30T17:40,133,0.00,0.70
2026-08-30T17:50,282,0.00,0.80
2026-08-30T18:00,276,0.00,1.00
2026-08-30T18:10,325,0.00,0.70
2026-08-30T18:20,296,0.00,0.40
2026-08-30T18:30,,0.00,0.00
2026-08-30T18:40,301,0.00,1.10
2026-08-30T18:50,322,0.00,0.60
2026-08-30T19:00,332,0.00,0.40
2026-08-30T19:10,297,0.00,0.60
2026-08-30T19:20,,0.00,0.00
2026-08-30T19:30,,0.00,0.00
2026-08-30T19:40,,0.00,0.00
2026-08-30T19:50,,0.00,0.00
2026-08-30T20:00,,0.00,0.00
2026-08-30T20:10,,0.00,0.00
2026-08-30T20:20,,0.00,0.00
2026-08-30T20:30,,0.00,0.00
2026-08-30T20:40,,0.00,0.00
2026-08-30T20:50,,0.00,0.00
2026-08-30T21:00,,0.00,0.00
2026-08-30T21:10,,0.00,0.00
2026-08-30T21:20,,0.00,0.00
2026-08-30T21:30,,0.00,0.00
2026-08-30T21:40,,0.00,0.00
2026-08-30T21:50,,0.00,0.00
2026-08-30T22:00,,0.00,0.00
2026-08-30T22:10,,0.00,0.00
2026-08-30T22:20,,0.00,0.00
2026-08-30T22:30,,0.00,0.00
2026-08-30T22:40,32,0.00,0.70
2026-08-30T22:50,343,0.00,0.30
2026-08-30T23:00,,0.00,0.00
2026-08-30T23:10,,0.00,0.00
2026-08-30T23:20,35,0.00,0.40
2026-08-30T23:30,30,0.00,0.60
2026-08-30T23:40,29,0.00,0.50
2026-08-30T23:50,39,0.00,0.80
2026-08-31T00:00,29,0.00,0.70
2026-08-31T00:10,37,0.00,0.80
2026-08-31T00:20,37,0.00,0.80
2026-08-31T00:30,29,0.00,0.90
2026-08-31T00:40,22,0.00,0.80
2026-08-31T00:50,25,0.00,0.70
2026-08-31T01:00,33,0.00,0.70
2026-08-31T01:10,30,0.00,0.70
2026-08-31T01:20,25,0.00,0.60
2026-08-31T01:30,25,0.00,0.90
2026-08-31T01:40,27,0.00,0.70
2026-08-31T01:50,23,0.00,0.80
2026-08-31T02:00,22,0.00,0.80
2026-08-31T02:10,24,0.00,0.70
2026-08-31T02:20,22,0.00,0.80
2026-08-31T02:30,15,0.00,0.60
2026-08-31T02:40,17,0.00,0.70
2026-08-31T02:50,12,0.00,0.70
2026-08-31T03:00,15,0.00,0.70
2026-08-31T03:10,8,0.00,0.90
2026-08-31T03:20,21,0.00,0.80
2026-08-31T03:30,126,0.00,0.60
2026-08-31T03:40,135,0.00,0.70
2026-08-31T03:50,,0.00,0.00
2026-08-31T04:00,165,0.00,0.70
2026-08-31T04:10,,0.00,0.00
2026-08-31T04:20,,0.00,0.00
2026-08-31T04:30,,0.00,0.00
2026-08-31T04:40,,0.00,0.00
2026-08-31T04:50,31,0.00,0.30
2026-08-31T05:00,,0.00,0.00
2026-08-31T05:10,27,0.00,0.40
2026-08-31T05:20,14,0.00,0.50
2026-08-31T05:30,5,0.00,0.50
2026-08-31T05:40,16,0.00,0.50
2026-08-31T05:50,14,0.00,0.30
2026-08-31T06:00,322,0.00,0.60
2026-08-31T06:10,302,0.00,0.90
2026-08-31T06:20,295,0.00,0.80
2026-08-31T06:30,287,0.00,0.70
2026-08-31T06:40,297,0.00,0.60
2026-08-31T06:50,,0.00,0.00
2026-08-31T07:00,306,0.00,0.50
2026-08-31T07:10,298,0.00,0.70
2026-08-31T07:20,303,0.00,0.60
2026-08-31T07:30,,0.00,0.00
2026-08-31T07:40,304,0.00,0.60
2026-08-31T07:50,308,0.00,0.50
2026-08-31T08:00,304,0.00,0.30
2026-08-31T08:10,,0.00,0.00
2026-08-31T08:20,,0.00,0.00
2026-08-31T08:30,150,0.00,0.40
2026-08-31T08:40,,0.00,0.00
2026-08-31T08:50,,0.00,0.00
2026-08-31T09:00,,0.00,0.00
2026-08-31T09:10,,0.00,0.00
2026-08-31T09:20,,0.00,0.00
2026-08-31T09:30,193,0.00,0.70
2026-08-31T09:40,156,0.00,1.10
2026-08-31T09:50,201,0.00,0.60
2026-08-31T10:00,219,0.00,0.70
2026-08-31T10:10,221,0.00,0.70
2026-08-31T10:20,170,0.00,0.80
2026-08-31T10:30,239,0.00,0.50
2026-08-31T10:40,309,0.00,0.50
2026-08-31T10:50,275,0.00,0.70
2026-08-31T11:00,254,0.00,0.70
2026-08-31T11:10,322,0.00,1.20
2026-08-31T11:20,285,0.00,1.60
2026-08-31T11:30,304,0.00,1.60
2026-08-31T11:40,281,0.00,1.40
2026-08-31T11:50,285,0.00,1.10
2026-08-31T12:00,277,0.00,1.50
2026-08-31T12:10,279,0.00,1.60
2026-08-31T12:20,289,0.00,1.70
2026-08-31T12:30,266,0.00,1.20
2026-08-31T12:40,250,0.00,1.30
2026-08-31T12:50,290,0.00,1.70
2026-08-31T13:00,283,0.00,1.40
2026-08-31T13:10,268,0.00,1.00
2026-08-31T13:20,274,0.00,0.60
2026-08-31T13:30,281,0.00,2.00
2026-08-31T13:40,285,0.00,1.60
2026-08-31T13:50,330,0.00,1.10
2026-08-31T14:00,279,0.00,0.80
2026-08-31T14:10,262,0.00,0.90
2026-08-31T14:20,283,0.00,1.00
2026-08-31T14:30,297,0.00,1.60
2026-08-31T14:40,287,0.00,2.00
2026-08-31T14:50,281,0.00,1.50
2026-08-31T15:00,264,0.00,1.70
2026-08-31T15:10,285,0.00,1.70
2026-08-31T15:20,288,0.00,2.10
2026-08-31T15:30,281,0.00,2.10
2026-08-31T15:40,246,0.00,0.80
2026-08-31T15:50,284,0.00,1.90
2026-08-31T16:00,289,0.00,1.20
2026-08-31T16:10,295,0.00,1.80
2026-08-31T16:20,279,0.00,1.50
2026-08-31T16:30,276,0.00,1.70
2026-08-31T16:40,301,0.00,1.60
2026-08-31T16:50,301,0.00,1.80
2026-08-31T17:00,289,0.00,1.20
2026-08-31T17:10,286,0.00,1.10
2026-08-31T17:20,285,0.00,1.40
2026-08-31T17:30,280,0.00,1.90
2026-08-31T17:40,274,0.00,1.80
2026-08-31T17:50,291,0.00,2.10
2026-08-31T18:00,284,0.00,2.00
2026-08-31T18:10,268,0.00,1.30
2026-08-31T18:20,279,0.00,1.20
2026-08-31T18:30,292,0.00,1.50
2026-08-31T18:40,259,0.00,1.00
2026-08-31T18:50,280,0.00,0.80
2026-08-31T19:00,295,0.00,0.90
2026-08-31T19:10,301,0.00,0.70
2026-08-31T19:20,281,0.00,0.50
2026-08-31T19:30,294,0.00,0.60
2026-08-31T19:40,317,0.00,0.50
2026-08-31T19:50,,0.00,0.00
2026-08-31T20:00,,0.00,0.00
2026-08-31T20:10,,0.00,0.00
2026-08-31T20:20,,0.00,0.00
2026-08-31T20:30,,0.00,0.00
2026-08-31T20:40,,0.00,0.00
2026-08-31T20:50,,0.00,0.00
2026-08-31T21:00,,0.00,0.00
2026-08-31T21:10,27,0.00,0.60
2026-08-31T21:20,34,0.00,0.80
2026-08-31T21:30,,0.00,0.00
2026-08-31T21:40,,0.00,0.00
2026-08-31T21:50,,0.00,0.00
2026-08-31T22:00,,0.00,0.00
2026-08-31T22:10,297,0.00,0.40
2026-08-31T22:20,,0.00,0.00
2026-08-31T22:30,338,0.00,0.50
2026-08-31T22:40,,0.00,0.00
2026-08-31T22:50,,0.00,0.00
2026-08-31T23:00,,0.00,0.00
2026-08-31T23:10,,0.00,0.00
2026-08-31T23:20,,0.00,0.00
2026-08-31T23:30,,0.00,0.00
2026-08-31T23:40,,0.00,0.00
2026-08-31T23:50,30,0.00,0.40
2026-09-01T00:00,310,0.00,0.70
2026-09-01T00:10,288,0.00,0.90
2026-09-01T00:20,283,0.00,1.40
2026-09-01T00:30,295,0.00,1.20
2026-09-01T00:40,316,0.00,1.10
2026-09-01T00:50,316,0.00,1.10
2026-09-01T01:00,318,0.00,1.50
2026-09-01T01:10,321,0.00,1.60
2026-09-01T01:20,331,0.00,0.90
2026-09-01T01:30,3,0.00,0.70
2026-09-01T01:40,1,0.00,0.90
2026-09-01T01:50,334,0.00,0.60
2026-09-01T02:00,335,0.00,0.80
2026-09-01T02:10,345,0.00,0.80
2026-09-01T02:20,358,0.00,0.80
2026-09-01T02:30,334,0.00,0.50
2026-09-01T02:40,8,0.00,0.70
2026-09-01T02:50,32,0.00,0.60
2026-09-01T03:00,,0.00,0.00
2026-09-01T03:10,161,0.00,0.50
2026-09-01T03:20,152,0.00,0.40
2026-09-01T03:30,160,0.00,0.30
2026-09-01T03:40,125,0.00,0.40
2026-09-01T03:50,,0.00,0.00
2026-09-01T04:00,138,0.00,0.50
2026-09-01T04:10,,0.00,0.00
2026-09-01T04:20,131,0.00,0.60
2026-09-01T04:30,,0.00,0.00
2026-09-01T04:40,49,0.00,0.80
2026-09-01T04:50,50,0.00,0.40
2026-09-01T05:00,,0.00,0.00
2026-09-01T05:10,,0.00,0.00
2026-09-01T05:20,,0.00,0.00
2026-09-01T05:30,34,0.00,0.60
2026-09-01T05:40,54,0.00,0.60
2026-09-01T05:50,112,0.00,0.50
2026-09-01T06:00,96,0.00,0.30
2026-09-01T06:10,107,0.00,0.40
2026-09-01T06:20,114,0.00,0.30
2026-09-01T06:30,,0.00,0.00
2026-09-01T06:40,56,0.00,0.40
2026-09-01T06:50,,0.00,0.00
2026-09-01T07:00,37,0.00,0.60
2026-09-01T07:10,36,0.00,0.60
2026-09-01T07:20,40,0.00,0.50
2026-09-01T07:30,37,0.00,0.50
2026-09-01T07:40,33,0.00,0.70
2026-09-01T07:50,32,0.00,0.90
2026-09-01T08:00,32,0.00,0.50
2026-09-01T08:10,34,0.00,0.80
2026-09-01T08:20,46,0.00,0.70
2026-09-01T08:30,29,0.00,0.60
2026-09-01T08:40,29,0.00,0.40
2026-09-01T08:50,31,0.00,0.50
2026-09-01T09:00,319,0.00,0.60
2026-09-01T09:10,344,0.00,0.90
2026-09-01T09:20,330,0.00,1.10
2026-09-01T09:30,324,0.00,1.30
2026-09-01T09:40,312,0.00,0.90
2026-09-01T09:50,281,0.00,0.80
2026-09-01T10:00,295,0.00,0.50
2026-09-01T10:10,262,0.00,1.00
2026-09-01T10:20,264,0.00,0.80
2026-09-01T10:30,259,0.00,0.80
2026-09-01T10:40,278,0.00,1.00
2026-09-01T10:50,221,0.00,0.90
2026-09-01T11:00,247,0.00,0.60
2026-09-01T11:10,255,0.00,0.50
2026-09-01T11:20,147,0.00,1.00
2026-09-01T11:30,166,0.00,1.20
2026-09-01T11:40,275,0.00,0.40
2026-09-01T11:50,53,0.00,0.40
2026-09-01T12:00,134,0.00,1.40
2026-09-01T12:10,136,0.00,2.00
2026-09-01T12:20,139,0.00,3.50
2026-09-01T12:30,121,0.00,1.50
2026-09-01T12:40,113,0.00,1.30
2026-09-01T12:50,121,0.00,1.50
2026-09-01T13:00,128,0.00,1.40
2026-09-01T13:10,135,0.00,2.40
2026-09-01T13:20,119,0.00,1.30
2026-09-01T13:30,129,0.00,2.10
2026-09-01T13:40,133,0.00,1.90
2026-09-01T13:50,127,0.00,1.20
2026-09-01T14:00,148,0.00,0.90
2026-09-01T14:10,126,0.00,1.30
2026-09-01T14:20,141,0.00,1.00
2026-09-01T14:30,137,0.00,2.10
2026-09-01T14:40,139,0.00,3.10
2026-09-01T14:50,137,0.00,3.00
2026-09-01T15:00,134,0.00,3.30
2026-09-01T15:10,125,0.00,2.10
2026-09-01T15:20,132,0.00,2.70
2026-09-01T15:30,134,0.00,2.10
2026-09-01T15:40,133,0.00,2.70
2026-09-01T15:50,132,0.00,1.50
2026-09-01T16:00,147,0.00,1.50
2026-09-01T16:10,134,0.00,2.60
2026-09-01T16:20,148,0.00,1.00
2026-09-01T16:30,130,0.00,2.70
2026-09-01T16:40,133,0.00,2.90
2026-09-01T16:50,134,0.00,2.70
2026-09-01T17:00,124,0.00,1.40
2026-09-01T17:10,132,0.00,1.00
2026-09-01T17:20,131,0.00,2.50
2026-09-01T17:30,136,0.00,1.90
2026-09-01T17:40,127,0.00,1.30
2026-09-01T17:50,130,0.00,1.30
2026-09-01T18:00,127,0.00,2.00
2026-09-01T18:10,130,0.00,1.50
2026-09-01T18:20,127,0.00,0.90
2026-09-01T18:30,130,0.00,1.60
2026-09-01T18:40,130,0.00,1.90
2026-09-01T18:50,132,0.00,1.30
2026-09-01T19:00,140,0.00,1.40
2026-09-01T19:10,123,0.00,0.60
2026-09-01T19:20,123,0.00,0.40
2026-09-01T19:30,129,0.00,0.70
2026-09-01T19:40,135,0.00,1.00
2026-09-01T19:50,133,0.00,1.00
2026-09-01T20:00,133,0.00,1.30
2026-09-01T20:10,123,0.00,0.90
2026-09-01T20:20,126,0.00,1.00
2026-09-01T20:30,124,0.00,0.40
2026-09-01T20:40,115,0.00,0.30
2026-09-01T20:50,122,0.00,0.50
2026-09-01T21:00,120,0.00,0.80
2026-09-01T21:10,122,0.00,1.00
2026-09-01T21:20,122,0.00,0.80
2026-09-01T21:30,123,0.00,0.50
2026-09-01T21:40,,0.00,0.00
2026-09-01T21:50,48,0.00,1.00
2026-09-01T22:00,63,0.00,0.40
2026-09-01T22:10,52,0.00,0.40
2026-09-01T22:20,85,0.00,0.30
2026-09-01T22:30,53,0.00,0.60
2026-09-01T22:40,,0.00,0.00
2026-09-01T22:50,51,0.00,0.70
2026-09-01T23:00,,0.00,0.00
2026-09-01T23:10,50,0.00,0.90
2026-09-01T23:20,54,0.00,0.70
2026-09-01T23:30,48,0.00,1.00
2026-09-01T23:40,42,0.00,0.50
2026-09-01T23:50,74,0.00,0.50
2026-09-02T00:00,50,0.00,0.50
2026-09-02T00:10,,0.00,0.00
2026-09-02T00:20,,0.00,0.00
2026-09-02T00:30,,0.00,0.00
2026-09-02T00:40,,0.00,0.00
2026-09-02T00:50,,0.00,0.00
2026-09-02T01:00,,0.00,0.00
2026-09-02T01:10,,0.00,0.00
2026-09-02T01:20,,0.00,0.00
2026-09-02T01:30,,0.00,0.00
2026-09-02T01:40,,0.00,0.00
2026-09-02T01:50,17,0.00,0.30
2026-09-02T02:00,42,0.00,0.70
2026-09-02T02:10,37,0.00,0.50
2026-09-02T02:20,,0.00,0.00
2026-09-02T02:30,8,0.00,0.50
2026-09-02T02:40,,0.00,0.00
2026-09-02T02:50,24,0.00,0.50
2026-09-02T03:00,30,0.00,0.60
2026-09-02T03:10,,0.00,0.00
2026-09-02T03:20,,0.00,0.00
2026-09-02T03:30,,0.00,0.00
2026-09-02T03:40,,0.00,0.00
2026-09-02T03:50,,0.00,0.00
2026-09-02T04:00,,0.00,0.00
2026-09-02T04:10,,0.00,0.00
2026-09-02T04:20,,0.00,0.00
2026-09-02T04:30,,0.00,0.00
2026-09-02T04:40,,0.00,0.00
2026-09-02T04:50,325,0.00,0.40
2026-09-02T05:00,,0.00,0.00
2026-09-02T05:10,298,0.00,0.40
2026-09-02T05:20,349,0.00,0.40
2026-09-02T05:30,,0.00,0.00
2026-09-02T05:40,,0.00,0.00
2026-09-02T05:50,337,0.00,0.40
2026-09-02T06:00,318,0.00,0.40
2026-09-02T06:10,287,0.00,0.50
2026-09-02T06:20,329,0.00,0.40
2026-09-02T06:30,309,0.00,0.50
2026-09-02T06:40,321,0.00,0.40
2026-09-02T06:50,,0.00,0.00
2026-09-02T07:00,319,0.00,0.40
2026-09-02T07:10,334,0.00,0.40
2026-09-02T07:20,330,0.00,0.50
2026-09-02T07:30,350,0.00,0.70
2026-09-02T07:40,357,0.00,0.70
2026-09-02T07:50,5,0.00,0.80
2026-09-02T08:00,29,0.00,0.80
2026-09-02T08:10,342,0.00,0.70
2026-09-02T08:20,11,0.00,0.50
2026-09-02T08:30,2,0.00,0.80
2026-09-02T08:40,35,0.00,0.90
2026-09-02T08:50,38,0.00,1.00
2026-09-02T09:00,3,0.00,0.60
2026-09-02T09:10,6,0.00,0.80
2026-09-02T09:20,17,0.00,0.90
2026-09-02T09:30,30,0.00,1.20
2026-09-02T09:40,43,0.00,0.50
2026-09-02T09:50,51,0.00,0.80
2026-09-02T10:00,60,0.00,0.70
2026-09-02T10:10,155,0.00,0.40
2026-09-02T10:20,144,0.00,0.30
2026-09-02T10:30,191,0.00,0.60
2026-09-02T10:40,,0.00,0.00
2026-09-02T10:50,305,0.00,0.50
2026-09-02T11:00,303,0.00,0.80
2026-09-02T11:10,,0.00,0.00
2026-09-02T11:20,135,0.00,1.10
2026-09-02T11:30,131,0.00,1.50
2026-09-02T11:40,188,0.00,0.40
2026-09-02T11:50,171,0.00,1.00
2026-09-02T12:00,265,0.00,0.50
2026-09-02T12:10,151,0.00,1.10
2026-09-02T12:20,231,0.00,0.60
2026-09-02T12:30,137,0.00,1.80
2026-09-02T12:40,220,0.00,0.70
2026-09-02T12:50,193,0.00,0.70
2026-09-02T13:00,113,0.00,0.60
2026-09-02T13:10,184,0.00,0.50
2026-09-02T13:20,294,0.00,1.30
2026-09-02T13:30,299,0.00,1.10
2026-09-02T13:40,281,0.00,1.30
2026-09-02T13:50,264,0.00,0.90
2026-09-02T14:00,240,0.00,0.30
2026-09-02T14:10,163,0.00,1.00
2026-09-02T14:20,237,0.00,1.10
2026-09-02T14:30,247,0.00,1.10
2026-09-02T14:40,238,0.00,1.10
2026-09-02T14:50,327,0.00,1.50
2026-09-02T15:00,281,0.00,1.80
2026-09-02T15:10,172,0.00,0.90
2026-09-02T15:20,289,0.00,1.90
2026-09-02T15:30,273,0.00,1.60
2026-09-02T15:40,280,0.00,1.20
2026-09-02T15:50,253,0.00,1.30
2026-09-02T16:00,243,0.00,0.70
2026-09-02T16:10,251,0.00,1.30
2026-09-02T16:20,281,0.00,1.50
2026-09-02T16:30,295,0.00,0.50
2026-09-02T16:40,285,0.00,1.80
2026-09-02T16:50,286,0.00,1.50
2026-09-02T17:00,291,0.00,1.30
2026-09-02T17:10,276,0.00,1.40
2026-09-02T17:20,293,0.00,1.50
2026-09-02T17:30,291,0.00,1.50
2026-09-02T17:40,269,0.00,1.40
2026-09-02T17:50,268,0.00,1.90
2026-09-02T18:00,270,0.00,1.50
2026-09-02T18:10,280,0.00,1.00
2026-09-02T18:20,268,0.00,1.60
2026-09-02T18:30,273,0.00,1.60
2026-09-02T18:40,292,0.00,1.40
2026-09-02T18:50,277,0.00,1.20
2026-09-02T19:00,276,0.00,0.90
2026-09-02T19:10,271,0.00,0.80
2026-09-02T19:20,254,0.00,0.60
2026-09-02T19:30,,0.00,0.00
2026-09-02T19:40,263,0.00,0.40
2026-09-02T19:50,,0.00,0.00
2026-09-02T20:00,267,0.00,0.40
2026-09-02T20:10,258,0.00,0.30
2026-09-02T20:20,256,0.00,0.50
2026-09-02T20:30,249,0.00,0.60
2026-09-02T20:40,,0.00,0.00
2026-09-02T20:50,,0.00,0.00
2026-09-02T21:00,,0.00,0.00
2026-09-02T21:10,,0.00,0.00
2026-09-02T21:20,38,0.00,0.40
2026-09-02T21:30,331,0.00,0.30
2026-09-02T21:40,328,0.00,0.40
2026-09-02T21:50,331,0.00,0.60
2026-09-02T22:00,6,0.00,0.40
2026-09-02T22:10,,0.00,0.00
2026-09-02T22:20,35,0.00,0.30
2026-09-02T22:30,29,0.00,0.50
2026-09-02T22:40,,0.00,0.00
2026-09-02T22:50,38,0.00,0.60
2026-09-02T23:00,43,0.00,0.80
2026-09-02T23:10,28,0.00,0.50
2026-09-02T23:20,45,0.00,0.40
2026-09-02T23:30,,0.00,0.00
2026-09-02T23:40,30,0.00,0.30
2026-09-02T23:50,,0.00,0.00
2026-09-03T00:00,,0.00,0.00
2026-09-03T00:10,,0.00,0.00
2026-09-03T00:20,335,0.00,0.30
2026-09-03T00:30,,0.00,0.00
2026-09-03T00:40,32,0.00,0.50
2026-09-03T00:50,42,0.00,0.50
2026-09-03T01:00,38,0.00,0.80
2026-09-03T01:10,24,0.00,0.70
2026-09-03T01:20,31,0.00,0.90
2026-09-03T01:30,47,0.00,0.40
2026-09-03T01:40,,0.00,0.00
2026-09-03T01:50,,0.00,0.00
2026-09-03T02:00,,0.00,0.00
2026-09-03T02:10,118,0.00,0.40
2026-09-03T02:20,117,0.00,0.50
2026-09-03T02:30,116,0.00,0.80
2026-09-03T02:40,102,0.00,0.60
2026-09-03T02:50,57,0.00,0.70
2026-09-03T03:00,23,0.00,1.00
2026-09-03T03:10,31,0.00,1.00
2026-09-03T03:20,35,0.00,0.60
2026-09-03T03:30,,0.00,0.00
2026-09-03T03:40,151,0.00,0.40
2026-09-03T03:50,138,0.00,0.50
2026-09-03T04:00,138,0.00,0.30
2026-09-03T04:10,,0.00,0.00
2026-09-03T04:20,,0.00,0.00
2026-09-03T04:30,276,0.00,0.40
2026-09-03T04:40,,0.00,0.00
2026-09-03T04:50,,0.00,0.00
2026-09-03T05:00,299,0.00,0.70
2026-09-03T05:10,309,0.00,0.80
2026-09-03T05:20,,0.00,0.00
2026-09-03T05:30,280,0.00,0.40
2026-09-03T05:40,268,0.00,0.70
2026-09-03T05:50,281,0.00,0.60
2026-09-03T06:00,,0.00,0.00
2026-09-03T06:10,317,0.00,0.70
2026-09-03T06:20,278,0.00,0.90
2026-09-03T06:30,303,0.00,0.60
2026-09-03T06:40,286,0.00,0.80
2026-09-03T06:50,275,0.00,0.70
2026-09-03T07:00,,0.00,
2026-09-03T07:10,308,0.00,0.60
2026-09-03T07:20,313,0.00,0.80
2026-09-03T07:30,295,0.00,0.70
2026-09-03T07:40,346,0.00,0.60
2026-09-03T07:50,1,0.00,0.50
2026-09-03T08:00,10,0.00,0.70
2026-09-03T08:10,15,0.00,0.80
2026-09-03T08:20,25,0.00,1.00
2026-09-03T08:30,13,0.00,0.80
2026-09-03T08:40,28,0.00,0.80
2026-09-03T08:50,38,0.00,0.80
2026-09-03T09:00,42,0.00,0.90
2026-09-03T09:10,27,0.00,1.10
2026-09-03T09:20,22,0.00,1.30
2026-09-03T09:30,26,0.00,1.40
2026-09-03T09:40,38,0.00,0.80
2026-09-03T09:50,32,0.00,0.60
2026-09-03T10:00,59,0.00,0.40
2026-09-03T10:10,106,0.00,0.50
2026-09-03T10:20,128,0.00,0.60
2026-09-03T10:30,61,0.00,0.70
2026-09-03T10:40,,0.00,0.00
2026-09-03T10:50,125,0.00,1.10
2026-09-03T11:00,142,0.00,0.90
2026-09-03T11:10,133,0.00,1.60
2026-09-03T11:20,110,0.00,0.70
2026-09-03T11:30,146,0.00,1.70
2026-09-03T11:40,131,0.00,1.80
2026-09-03T11:50,152,0.00,1.40
2026-09-03T12:00,147,0.00,1.70
2026-09-03T12:10,133,0.00,1.20
2026-09-03T12:20,193,0.00,0.70
2026-09-03T12:30,149,0.00,1.70
2026-09-03T12:40,110,0.00,0.40
2026-09-03T12:50,123,0.00,1.00
2026-09-03T13:00,,0.00,0.00
2026-09-03T13:10,161,0.00,0.80
2026-09-03T13:20,167,0.00,1.30
2026-09-03T13:30,160,0.00,1.30
2026-09-03T13:40,338,0.00,0.50
2026-09-03T13:50,222,0.00,0.70
2026-09-03T14:00,147,0.00,1.40
2026-09-03T14:10,231,0.00,0.70
2026-09-03T14:20,258,0.00,1.50
2026-09-03T14:30,261,0.00,0.90
2026-09-03T14:40,331,0.00,1.00
2026-09-03T14:50,312,0.00,0.70
2026-09-03T15:00,314,0.00,1.70
2026-09-03T15:10,291,0.00,1.50
2026-09-03T15:20,288,0.00,2.00
2026-09-03T15:30,283,0.00,1.90
2026-09-03T15:40,306,0.00,1.70
2026-09-03T15:50,301,0.00,2.00
2026-09-03T16:00,285,0.00,1.80
2026-09-03T16:10,279,0.00,2.00
2026-09-03T16:20,284,0.00,1.70
2026-09-03T16:30,283,0.00,1.60
2026-09-03T16:40,255,0.00,1.10
2026-09-03T16:50,271,0.00,1.90
2026-09-03T17:00,267,0.00,1.80
2026-09-03T17:10,284,0.00,1.70
2026-09-03T17:20,286,0.00,1.60
2026-09-03T17:30,293,0.00,1.60
2026-09-03T17:40,264,0.00,1.10
2026-09-03T17:50,289,0.00,1.50
2026-09-03T18:00,267,0.00,1.30
2026-09-03T18:10,274,0.00,1.20
2026-09-03T18:20,272,0.00,1.60
2026-09-03T18:30,266,0.00,1.10
2026-09-03T18:40,265,0.00,0.90
2026-09-03T18:50,254,0.00,0.70
2026-09-03T19:00,261,0.00,0.70
2026-09-03T19:10,255,0.00,0.60
2026-09-03T19:20,253,0.00,0.60
2026-09-03T19:30,221,0.00,0.30
2026-09-03T19:40,256,0.00,0.40
2026-09-03T19:50,264,0.00,0.50
2026-09-03T20:00,270,0.00,0.50
2026-09-03T20:10,288,0.00,0.40
2026-09-03T20:20,285,0.00,0.40
2026-09-03T20:30,,0.00,0.00
2026-09-03T20:40,302,0.00,0.30
2026-09-03T20:50,308,0.00,0.40
2026-09-03T21:00,308,0.00,0.50
2026-09-03T21:10,344,0.00,0.40
2026-09-03T21:20,50,0.00,1.20
2026-09-03T21:30,45,0.00,0.80
2026-09-03T21:40,26,0.00,0.50
2026-09-03T21:50,30,0.00,0.50
2026-09-03T22:00,40,0.00,0.70
2026-09-03T22:10,32,0.00,0.40
2026-09-03T22:20,352,0.00,0.30
2026-09-03T22:30,315,0.00,0.80
2026-09-03T22:40,324,0.00,0.40
2026-09-03T22:50,,0.00,0.00
2026-09-03T23:00,45,0.00,0.50
2026-09-03T23:10,42,0.00,0.60
2026-09-03T23:20,,0.00,0.00
2026-09-03T23:30,289,0.00,0.40
2026-09-03T23:40,357,0.00,0.40
2026-09-03T23:50,9,0.00,0.50
2026-09-04T00:00,356,0.00,0.50
2026-09-04T00:10,21,0.00,0.80
2026-09-04T00:20,24,0.00,0.50
2026-09-04T00:30,25,0.00,0.70
2026-09-04T00:40,36,0.00,0.50
2026-09-04T00:50,60,0.00,0.30
2026-09-04T01:00,,0.00,0.00
2026-09-04T01:10,29,0.00,0.60
2026-09-04T01:20,6,0.00,0.50
2026-09-04T01:30,22,0.00,0.80
2026-09-04T01:40,27,0.00,0.70
2026-09-04T01:50,,0.00,0.00
2026-09-04T02:00,,0.00,0.00
2026-09-04T02:10,,0.00,0.00
2026-09-04T02:20,,0.00,0.00
2026-09-04T02:30,206,0.00,0.40
2026-09-04T02:40,212,0.00,0.50
2026-09-04T02:50,,0.00,0.00
2026-09-04T03:00,308,0.00,0.40
2026-09-04T03:10,291,0.00,0.50
2026-09-04T03:20,,0.00,0.00
2026-09-04T03:30,,0.00,0.00
2026-09-04T03:40,,0.00,0.00
2026-09-04T03:50,,0.00,0.00
2026-09-04T04:00,,0.00,0.00
2026-09-04T04:10,,0.00,0.00
2026-09-04T04:20,,0.00,0.00
2026-09-04T04:30,353,0.00,0.30
2026-09-04T04:40,352,0.00,0.30
2026-09-04T04:50,,0.00,0.00
2026-09-04T05:00,19,0.00,0.30
2026-09-04T05:10,,0.00,0.00
2026-09-04T05:20,,0.00,0.00
2026-09-04T05:30,,0.00,0.00
2026-09-04T05:40,,0.00,0.00
2026-09-04T05:50,,0.00,0.00
2026-09-04T06:00,,0.00,0.00
2026-09-04T06:10,275,0.00,0.50
2026-09-04T06:20,264,0.00,0.50
2026-09-04T06:30,287,0.00,0.60
2026-09-04T06:40,269,0.00,0.70
2026-09-04T06:50,287,0.00,0.80
2026-09-04T07:00,322,0.00,0.40
2026-09-04T07:10,341,0.00,0.40
2026-09-04T07:20,,0.00,0.00
2026-09-04T07:30,,0.00,0.00
2026-09-04T07:40,325,0.00,0.40
2026-09-04T07:50,10,0.00,0.50
2026-09-04T08:00,,0.00,0.00
2026-09-04T08:10,,0.00,0.00
2026-09-04T08:20,,0.00,0.00
2026-09-04T08:30,,0.00,0.00
2026-09-04T08:40,40,0.00,0.60
2026-09-04T08:50,141,0.00,0.50
2026-09-04T09:00,148,0.00,1.10
2026-09-04T09:10,167,0.00,0.70
2026-09-04T09:20,139,0.00,1.00
2026-09-04T09:30,126,0.00,0.50
2026-09-04T09:40,137,0.00,1.10
2026-09-04T09:50,122,0.00,0.30
2026-09-04T10:00,160,0.00,0.40
2026-09-04T10:10,234,0.00,0.60
2026-09-04T10:20,181,0.00,0.40
2026-09-04T10:30,224,0.00,0.70
2026-09-04T10:40,193,0.00,0.50
2026-09-04T10:50,141,0.00,1.20
2026-09-04T11:00,197,0.00,0.70
2026-09-04T11:10,188,0.00,0.40
2026-09-04T11:20,201,0.00,0.70
2026-09-04T11:30,133,0.00,2.10
2026-09-04T11:40,161,0.00,1.10
2026-09-04T11:50,207,0.00,0.70
2026-09-04T12:00,164,0.00,1.00
2026-09-04T12:10,228,0.00,0.80
2026-09-04T12:20,232,0.00,0.50
2026-09-04T12:30,192,0.00,0.90
2026-09-04T12:40,244,0.00,0.60
2026-09-04T12:50,180,0.00,0.40
2026-09-04T13:00,254,0.00,1.10
2026-09-04T13:10,263,0.00,1.00
2026-09-04T13:20,187,0.00,0.70
2026-09-04T13:30,148,0.00,0.90
2026-09-04T13:40,148,0.00,1.00
2026-09-04T13:50,140,0.00,1.20
2026-09-04T14:00,125,0.00,1.20
2026-09-04T14:10,199,0.00,0.50
2026-09-04T14:20,264,0.00,1.80
2026-09-04T14:30,243,0.00,0.90
2026-09-04T14:40,,0.00,0.00
2026-09-04T14:50,122,0.00,0.60
2026-09-04T15:00,268,0.00,0.90
2026-09-04T15:10,236,0.00,0.60
2026-09-04T15:20,,0.00,0.00
2026-09-04T15:30,216,0.00,0.90
2026-09-04T15:40,303,0.00,0.80
2026-09-04T15:50,294,0.00,0.90
2026-09-04T16:00,286,0.00,1.80
2026-09-04T16:10,293,0.00,1.10
2026-09-04T16:20,303,0.00,1.50
2026-09-04T16:30,280,0.00,1.50
2026-09-04T16:40,267,0.00,0.70
2026-09-04T16:50,282,0.00,1.50
2026-09-04T17:00,305,0.00,1.50
2026-09-04T17:10,278,0.00,1.70
2026-09-04T17:20,273,0.00,1.90
2026-09-04T17:30,279,0.00,1.60
2026-09-04T17:40,270,0.00,1.50
2026-09-04T17:50,264,0.00,1.20
2026-09-04T18:00,279,0.00,1.40
2026-09-04T18:10,294,0.00,1.10
2026-09-04T18:20,280,0.00,1.40
2026-09-04T18:30,269,0.00,1.30
2026-09-04T18:40,280,0.00,0.90
2026-09-04T18:50,277,0.00,1.00
2026-09-04T19:00,265,0.00,0.60
2026-09-04T19:10,267,0.00,0.40
2026-09-04T19:20,278,0.00,0.50
2026-09-04T19:30,296,0.00,0.40
2026-09-04T19:40,293,0.00,0.40
2026-09-04T19:50,306,0.00,0.50
2026-09-04T20:00,334,0.00,0.50
2026-09-04T20:10,,0.00,0.00
2026-09-04T20:20,,0.00,0.00
2026-09-04T20:30,,0.00,0.00
2026-09-04T20:40,,0.00,0.00
2026-09-04T20:50,,0.00,0.00
2026-09-04T21:00,,0.00,0.00
2026-09-04T21:10,38,0.00,0.80
2026-09-04T21:20,343,0.00,0.30
2026-09-04T21:30,,0.00,0.00
2026-09-04T21:40,323,0.00,0.50
2026-09-04T21:50,,0.00,
2026-09-04T22:00,311,0.00,0.40
2026-09-04T22:10,,0.00,0.00
2026-09-04T22:20,29,0.00,0.30
2026-09-04T22:30,41,0.00,0.30
2026-09-04T22:40,16,0.00,0.40
2026-09-04T22:50,,0.00,0.00
2026-09-04T23:00,,0.00,0.00
2026-09-04T23:10,,0.00,0.00
2026-09-04T23:20,308,0.00,0.50
2026-09-04T23:30,,0.00,0.00
2026-09-04T23:40,286,0.00,1.00
2026-09-04T23:50,293,0.00,1.30
2026-09-05T00:00,303,0.00,1.00
2026-09-05T00:10,307,0.00,0.80
2026-09-05T00:20,310,0.00,0.70
2026-09-05T00:30,,0.00,0.00
2026-09-05T00:40,,0.00,0.00
2026-09-05T00:50,,0.00,0.00
2026-09-05T01:00,,0.00,0.00
2026-09-05T01:10,,0.00,0.00
2026-09-05T01:20,,0.00,0.00
2026-09-05T01:30,293,0.00,0.70
2026-09-05T01:40,281,0.00,0.70
2026-09-05T01:50,291,0.00,0.80
2026-09-05T02:00,,0.00,0.00
2026-09-05T02:10,314,0.00,0.50
2026-09-05T02:20,300,0.00,0.70
2026-09-05T02:30,296,0.00,0.90
2026-09-05T02:40,310,0.00,0.80
2026-09-05T02:50,307,0.00,0.90
2026-09-05T03:00,305,0.00,0.90
2026-09-05T03:10,289,0.00,0.60
2026-09-05T03:20,,0.00,0.00
2026-09-05T03:30,,0.00,0.00
2026-09-05T03:40,287,0.00,0.50
2026-09-05T03:50,,0.00,0.00
2026-09-05T04:00,278,0.00,0.30
2026-09-05T04:10,321,0.00,0.50
2026-09-05T04:20,283,0.00,0.70
2026-09-05T04:30,260,0.00,0.40
2026-09-05T04:40,,0.00,0.00
2026-09-05T04:50,,0.00,0.00
2026-09-05T05:00,,0.00,0.00
2026-09-05T05:10,,0.00,0.00
2026-09-05T05:20,28,0.00,0.40
2026-09-05T05:30,,0.00,0.00
2026-09-05T05:40,,0.00,0.00
2026-09-05T05:50,,0.00,0.00
2026-09-05T06:00,281,0.00,0.50
2026-09-05T06:10,277,0.00,0.60
2026-09-05T06:20,305,0.00,0.70
2026-09-05T06:30,290,0.00,0.80
2026-09-05T06:40,307,0.00,0.40
2026-09-05T06:50,339,0.00,0.40
2026-09-05T07:00,304,0.00,0.60
2026-09-05T07:10,298,0.00,0.50
2026-09-05T07:20,307,0.00,0.30
2026-09-05T07:30,,0.00,0.00
2026-09-05T07:40,,0.00,0.00
2026-09-05T07:50,,0.00,0.00
2026-09-05T08:00,,0.00,0.00
2026-09-05T08:10,,0.00,0.00
2026-09-05T08:20,,0.00,0.00
2026-09-05T08:30,,0.00,0.00
2026-09-05T08:40,249,0.00,0.70
2026-09-05T08:50,277,0.00,1.10
2026-09-05T09:00,277,0.00,1.50
2026-09-05T09:10,282,0.00,1.20
2026-09-05T09:20,283,0.00,2.00
2026-09-05T09:30,268,0.00,2.10
2026-09-05T09:40,264,0.00,1.40
2026-09-05T09:50,273,0.00,1.70
2026-09-05T10:00,280,0.00,2.10
2026-09-05T10:10,285,0.00,2.10
2026-09-05T10:20,281,0.00,1.90
2026-09-05T10:30,286,0.00,1.30
2026-09-05T10:40,273,0.00,1.60
2026-09-05T10:50,282,0.00,1.20
2026-09-05T11:00,284,0.00,1.20
2026-09-05T11:10,276,0.00,1.40
2026-09-05T11:20,271,0.00,1.30
2026-09-05T11:30,277,0.00,1.50
2026-09-05T11:40,255,0.00,1.00
2026-09-05T11:50,274,0.00,1.50
2026-09-05T12:00,293,0.00,1.10
2026-09-05T12:10,247,0.00,1.20
2026-09-05T12:20,272,0.00,1.20
2026-09-05T12:30,276,0.00,1.30
2026-09-05T12:40,267,0.00,1.10
2026-09-05T12:50,288,0.00,1.70
2026-09-05T13:00,269,0.00,1.20
2026-09-05T13:10,264,0.00,1.20
2026-09-05T13:20,276,,1.70
2026-09-05T13:30,,,1.60
2026-09-05T13:40,,,1.90
2026-09-05T16:50,,0.00,
2026-09-05T17:00,272,0.00,2.00
2026-09-05T17:10,257,0.00,1.30
2026-09-05T17:20,245,0.00,1.00
2026-09-05T17:30,268,0.00,1.60
2026-09-05T17:40,259,0.00,1.60
2026-09-05T17:50,270,0.00,1.60
2026-09-05T18:00,266,0.00,1.50
2026-09-05T18:10,264,0.00,1.10
2026-09-05T18:20,256,0.00,1.10
2026-09-05T18:30,263,0.00,1.70
2026-09-05T18:40,259,0.00,1.30
2026-09-05T18:50,258,0.00,0.90
2026-09-05T19:00,254,0.00,0.80
2026-09-05T19:10,260,0.00,0.70
2026-09-05T19:20,,0.00,0.00
2026-09-05T19:30,,,0.00
2026-09-05T19:40,,,0.00
