datetime,O3,PM10
2026-09-10T23:55,26.36,
2026-09-10T23:57,,7.600001
2026-09-10T23:59,26.36,7.600001
2026-09-11T00:10,31.2,10.100002
2026-09-11T00:40,31.2,
2026-09-11T00:55,31.2,
2026-09-11T00:59,31.2,
2026-09-11T01:10,28.52,
2026-09-11T01:40,28.52,10.100002
2026-09-11T01:55,28.52,10.100002
2026-09-11T01:57,,10.100002
2026-09-11T01:59,28.52,
2026-09-11T02:10,17.66,10.100002
2026-09-11T02:40,17.66,10.100002
2026-09-11T02:55,17.66,
2026-09-11T02:59,17.66,10.100002
2026-09-11T03:10,7.8,10.100002
2026-09-11T03:40,7.8,10.100002
2026-09-11T03:55,7.8,10.100002
2026-09-11T03:59,7.8,10.100002
2026-09-11T04:10,7.1,10.100002
2026-09-11T04:40,7.1,10.100002
2026-09-11T04:55,7.1,
2026-09-11T04:59,7.1,10.100002
2026-09-11T05:10,9.0,10.100002
2026-09-11T05:40,9.0,10.100002
2026-09-11T05:55,9.0,10.100002
2026-09-11T05:59,9.0,
2026-09-11T06:10,4.26,10.100002
2026-09-11T06:40,4.26,10.100002
2026-09-11T06:55,4.26,10.100002
2026-09-11T06:57,,10.100002
2026-09-11T06:59,4.26,
2026-09-11T07:10,0.04,10.100002
2026-09-11T07:40,0.04,10.100002
2026-09-11T07:55,0.04,
2026-09-11T07:57,,10.100002
2026-09-11T07:59,0.04,
2026-09-11T08:10,6.76,10.100002
2026-09-11T08:40,6.76,10.100002
2026-09-11T08:55,6.76,
2026-09-11T08:59,6.76,
2026-09-11T09:10,10.48,10.100002
2026-09-11T09:40,10.48,10.100002
2026-09-11T09:55,10.48,10.100002
2026-09-11T09:59,10.48,
2026-09-11T10:10,26.14,10.100002
2026-09-11T10:40,26.14,10.100002
2026-09-11T10:55,26.14,
2026-09-11T10:59,26.14,
2026-09-11T11:10,42.8,10.100002
2026-09-11T11:40,42.8,10.100002
2026-09-11T11:55,42.8,10.100002
2026-09-11T11:59,42.8,
2026-09-11T12:10,48.88,10.100002
2026-09-11T12:40,48.88,10.100002
2026-09-11T12:55,48.88,
2026-09-11T12:59,48.88,
2026-09-11T13:10,57.72,10.100002
2026-09-11T13:40,57.72,10.100002
2026-09-11T13:55,57.72,10.100002
2026-09-11T13:59,57.72,
2026-09-11T14:10,62.4,10.100002
2026-09-11T14:40,62.4,10.100002
2026-09-11T14:55,62.4,
2026-09-11T14:59,62.4,
2026-09-11T15:10,66.96,10.100002
2026-09-11T15:40,66.96,10.100002
2026-09-11T15:55,66.96,10.100002
2026-09-11T15:59,66.96,10.100002
2026-09-11T16:10,63.94,10.100002
2026-09-11T16:40,63.94,10.100002
2026-09-11T16:55,63.94,
2026-09-11T16:59,63.94,10.100002
2026-09-11T17:10,65.14,10.100002
2026-09-11T17:40,65.14,
2026-09-11T17:55,65.14,10.100002
2026-09-11T17:59,65.14,
2026-09-11T18:10,63.68,10.100002
2026-09-11T18:40,63.68,10.100002
2026-09-11T18:55,63.68,10.100002
2026-09-11T18:59,63.68,
2026-09-11T19:10,49.82,10.100002
2026-09-11T19:40,49.82,
2026-09-11T19:55,49.82,10.100002
2026-09-11T19:59,49.82,10.100002
2026-09-11T20:10,30.92,10.100002
2026-09-11T20:40,30.92,10.100002
2026-09-11T20:55,30.92,
2026-09-11T20:57,,10.100002
2026-09-11T20:59,30.92,
2026-09-11T21:10,18.52,10.100002
2026-09-11T21:40,18.52,10.100002
2026-09-11T21:55,18.52,10.100002
2026-09-11T21:59,18.52,10.100002
2026-09-11T22:10,11.16,
2026-09-11T22:40,11.16,10.100002
2026-09-11T22:55,11.16,10.100002
2026-09-11T22:59,11.16,
2026-09-11T23:10,7.22,10.100002
2026-09-11T23:40,7.22,10.100002
2026-09-11T23:55,7.22,
2026-09-11T23:57,,10.100002
2026-09-11T23:59,7.22,10.100002
2026-09-12T00:10,2.68,10.899998
2026-09-12T00:40,2.68,
2026-09-12T00:55,2.68,
2026-09-12T00:59,2.68,
2026-09-12T01:10,-0.6,
2026-09-12T01:40,-0.6,10.899998
2026-09-12T01:55,-0.6,10.899998
2026-09-12T01:57,,10.899998
2026-09-12T01:59,-0.6,
2026-09-12T02:10,-0.88,10.899998
2026-09-12T02:40,-0.88,10.899998
2026-09-12T02:55,-0.88,
2026-09-12T02:57,,10.899998
2026-09-12T02:59,-0.88,10.899998
2026-09-12T03:10,,10.899998
2026-09-12T03:40,,10.899998
2026-09-12T03:59,,10.899998
2026-09-12T04:10,,10.899998
2026-09-12T04:40,,10.899998
2026-09-12T04:59,,10.899998
2026-09-12T05:10,,10.899998
2026-09-12T05:40,,10.899998
2026-09-12T05:55,,10.899998
2026-09-12T06:10,-3.06,10.899998
2026-09-12T06:40,-3.06,10.899998
2026-09-12T06:55,-3.06,10.899998
2026-09-12T06:57,,10.899998
2026-09-12T06:59,-3.06,
2026-09-12T07:10,-2.72,10.899998
2026-09-12T07:40,-2.72,10.899998
2026-09-12T07:55,-2.72,
2026-09-12T07:57,-2.72,10.899998
2026-09-12T07:59,-2.72,
2026-09-12T08:10,1.78,
2026-09-12T08:40,1.78,10.899998
2026-09-12T08:55,1.78,
2026-09-12T08:57,1.78,
2026-09-12T08:59,1.78,10.899998
2026-09-12T09:10,7.22,10.899998
2026-09-12T09:40,7.22,10.899998
2026-09-12T09:55,7.22,10.899998
2026-09-12T09:57,7.22,
2026-09-12T09:59,7.22,
2026-09-12T10:10,18.72,10.899998
2026-09-12T10:40,18.72,10.899998
2026-09-12T10:55,18.72,
2026-09-12T10:57,18.72,
2026-09-12T10:59,18.72,
2026-09-12T11:10,32.44,10.899998
2026-09-12T11:40,32.44,10.899998
2026-09-12T11:55,32.44,10.899998
2026-09-12T11:57,32.44,
2026-09-12T11:59,32.44,10.899998
2026-09-12T12:10,47.14,10.899998
2026-09-12T12:40,47.14,
2026-09-12T12:55,47.14,
2026-09-12T12:57,47.14,
2026-09-12T12:59,47.14,10.899998
2026-09-12T13:10,55.38,10.899998
2026-09-12T13:40,55.38,10.899998
2026-09-12T13:55,55.38,10.899998
2026-09-12T13:57,55.38,
2026-09-12T13:59,55.38,10.899998
2026-09-12T14:10,63.68,10.899998
2026-09-12T14:40,63.68,10.899998
2026-09-12T14:55,63.68,
2026-09-12T14:57,63.68,
2026-09-12T14:59,63.68,
2026-09-12T15:10,66.68,10.899998
2026-09-12T15:40,66.68,10.899998
2026-09-12T15:55,66.68,
2026-09-12T15:57,66.68,
2026-09-12T15:59,66.68,10.899998
2026-09-12T16:10,66.52,10.899998
2026-09-12T16:40,66.52,10.899998
2026-09-12T16:55,66.52,
2026-09-12T16:57,66.52,
2026-09-12T16:59,66.52,10.899998
2026-09-12T17:10,66.62,10.899998
2026-09-12T17:40,66.62,
2026-09-12T17:55,66.62,10.899998
2026-09-12T17:57,66.62,
2026-09-12T17:59,66.62,
2026-09-12T18:10,63.44,10.899998
2026-09-12T18:40,63.44,10.899998
2026-09-12T18:55,63.44,10.899998
2026-09-12T18:57,63.44,
2026-09-12T18:59,63.44,
2026-09-12T19:10,44.96,10.899998
2026-09-12T19:40,44.96,
2026-09-12T19:55,44.96,
2026-09-12T19:57,44.96,
2026-09-12T19:59,44.96,10.899998
2026-09-12T20:10,36.94,10.899998
2026-09-12T20:40,36.94,10.899998
2026-09-12T20:55,36.94,
2026-09-12T20:57,36.94,10.899998
2026-09-12T20:59,36.94,
2026-09-12T21:10,16.54,10.899998
2026-09-12T21:40,16.54,10.899998
2026-09-12T21:55,16.54,10.899998
2026-09-12T21:57,16.54,
2026-09-12T21:59,16.54,10.899998
2026-09-12T22:10,13.66,
2026-09-12T22:40,13.66,10.899998
2026-09-12T22:55,13.66,10.899998
2026-09-12T22:57,13.66,
2026-09-12T22:59,13.66,
2026-09-12T23:10,11.82,10.899998
2026-09-12T23:40,11.82,10.899998
2026-09-12T23:55,11.82,
2026-09-12T23:57,11.82,10.899998
2026-09-12T23:59,11.82,10.899998
2026-09-13T00:10,5.56,13.399997
2026-09-13T00:40,5.56,
2026-09-13T00:55,5.56,
2026-09-13T00:57,5.56,
2026-09-13T00:59,5.56,
2026-09-13T01:10,1.46,
2026-09-13T01:40,1.46,13.399997
2026-09-13T01:55,1.46,
2026-09-13T01:57,1.46,13.399997
2026-09-13T01:59,1.46,13.399997
2026-09-13T02:10,-0.4,13.399997
2026-09-13T02:40,-0.4,13.399997
2026-09-13T02:55,-0.4,
2026-09-13T02:57,-0.4,13.399997
2026-09-13T02:59,-0.4,13.399997
2026-09-13T03:10,-3.48,13.399997
2026-09-13T03:40,-3.48,13.399997
2026-09-13T03:55,-3.48,
2026-09-13T03:57,-3.48,
2026-09-13T03:59,-3.48,13.399997
2026-09-13T04:10,-2.96,13.399997
2026-09-13T04:40,-2.96,13.399997
2026-09-13T04:55,-2.96,
2026-09-13T04:57,-2.96,
2026-09-13T04:59,-2.96,13.399997
2026-09-13T05:10,,13.399997
2026-09-13T05:40,,13.399997
2026-09-13T05:55,,13.399997
2026-09-13T05:59,,13.399997
2026-09-13T06:10,,13.399997
2026-09-13T06:40,,13.399997
2026-09-13T06:55,,13.399997
2026-09-13T06:57,,13.399997
2026-09-13T07:10,-1.46,13.399997
2026-09-13T07:40,-1.46,13.399997
2026-09-13T07:55,-1.46,
2026-09-13T07:57,-1.46,13.399997
2026-09-13T07:59,-1.46,
2026-09-13T08:10,3.38,13.399997
2026-09-13T08:40,3.38,13.399997
2026-09-13T08:55,3.38,
2026-09-13T08:57,3.38,
2026-09-13T08:59,3.38,13.399997
2026-09-13T09:10,18.52,13.399997
2026-09-13T09:40,18.52,13.399997
2026-09-13T09:55,18.52,13.399997
2026-09-13T09:57,18.52,
2026-09-13T09:59,18.52,
2026-09-13T10:10,30.98,13.399997
2026-09-13T10:40,30.98,13.399997
2026-09-13T10:55,30.98,
2026-09-13T10:57,30.98,
2026-09-13T10:59,30.98,
2026-09-13T11:10,46.5,13.399997
2026-09-13T11:40,46.5,13.399997
2026-09-13T11:55,46.5,13.399997
2026-09-13T11:57,46.5,
2026-09-13T11:59,46.5,13.399997
2026-09-13T12:10,50.96,13.399997
2026-09-13T12:40,50.96,
2026-09-13T12:55,50.96,
2026-09-13T12:57,50.96,
2026-09-13T12:59,50.96,13.399997
2026-09-13T13:10,58.96,13.399997
2026-09-13T13:40,58.96,13.399997
2026-09-13T13:55,58.96,13.399997
2026-09-13T13:57,58.96,
2026-09-13T13:59,58.96,13.399997
2026-09-13T14:10,74.04,13.399997
2026-09-13T14:40,74.04,13.399997
2026-09-13T14:55,74.04,
2026-09-13T14:57,74.04,
2026-09-13T14:59,74.04,
2026-09-13T15:10,87.92,13.399997
2026-09-13T15:40,87.92,13.399997
2026-09-13T15:55,87.92,
2026-09-13T15:57,87.92,
2026-09-13T15:59,87.92,13.399997
2026-09-13T16:10,95.24,13.399997
2026-09-13T16:40,95.24,13.399997
2026-09-13T16:55,95.24,
2026-09-13T16:57,95.24,
2026-09-13T16:59,95.24,13.399997
2026-09-13T17:10,97.42,13.399997
2026-09-13T17:40,97.42,
2026-09-13T17:55,97.42,
2026-09-13T17:57,97.42,
2026-09-13T17:59,97.42,
2026-09-13T18:10,89.92,13.399997
2026-09-13T18:40,89.92,13.399997
2026-09-13T18:55,89.92,13.399997
2026-09-13T18:57,89.92,
2026-09-13T18:59,89.92,
2026-09-13T19:10,64.64,13.399997
2026-09-13T19:40,64.64,
2026-09-13T19:55,64.64,
2026-09-13T19:57,64.64,
2026-09-13T19:59,64.64,13.399997
2026-09-13T20:10,41.9,13.399997
2026-09-13T20:40,41.9,13.399997
2026-09-13T20:55,41.9,
2026-09-13T20:57,41.9,13.399997
2026-09-13T20:59,41.9,13.399997
2026-09-13T21:10,29.82,13.399997
2026-09-13T21:40,29.82,13.399997
2026-09-13T21:55,29.82,13.399997
2026-09-13T21:57,29.82,
2026-09-13T21:59,29.82,13.399997
2026-09-13T22:10,16.44,
2026-09-13T22:40,16.44,13.399997
2026-09-13T22:55,16.44,13.399997
2026-09-13T22:57,16.44,
2026-09-13T22:59,16.44,
2026-09-13T23:10,13.58,13.399997
2026-09-13T23:40,13.58,13.399997
2026-09-13T23:55,13.58,
2026-09-13T23:57,13.58,13.399997
2026-09-13T23:59,13.58,13.399997
2026-09-14T00:10,13.46,16.700003
2026-09-14T00:40,13.46,
2026-09-14T00:55,13.46,
2026-09-14T00:57,13.46,
2026-09-14T00:59,13.46,
2026-09-14T01:10,16.14,
2026-09-14T01:40,16.14,16.700003
2026-09-14T01:55,16.14,
2026-09-14T01:57,16.14,16.700003
2026-09-14T01:59,16.14,16.700003
2026-09-14T02:10,7.3,16.700003
2026-09-14T02:40,7.3,16.700003
2026-09-14T02:55,7.3,
2026-09-14T02:57,7.3,16.700003
2026-09-14T02:59,7.3,
2026-09-14T03:10,14.06,16.700003
2026-09-14T03:40,14.06,
2026-09-14T03:55,14.06,
2026-09-14T03:57,14.06,
2026-09-14T03:59,14.06,16.700003
2026-09-14T04:10,9.66,16.700003
2026-09-14T04:40,9.66,16.700003
2026-09-14T04:55,9.66,
2026-09-14T04:57,9.66,
2026-09-14T04:59,9.66,16.700003
2026-09-14T05:10,5.72,16.700003
2026-09-14T05:40,5.72,16.700003
2026-09-14T05:55,5.72,16.700003
2026-09-14T05:57,5.72,
2026-09-14T05:59,5.72,16.700003
2026-09-14T06:10,1.16,16.700003
2026-09-14T06:40,1.16,16.700003
2026-09-14T06:55,1.16,16.700003
2026-09-14T06:57,1.16,16.700003
2026-09-14T06:59,1.16,
2026-09-14T07:10,2.04,16.700003
2026-09-14T07:40,2.04,16.700003
2026-09-14T07:55,2.04,
2026-09-14T07:57,2.04,16.700003
2026-09-14T07:59,2.04,
2026-09-14T08:10,12.48,16.700003
2026-09-14T08:40,12.48,16.700003
2026-09-14T08:55,12.48,
2026-09-14T08:57,12.48,
2026-09-14T08:59,12.48,16.700003
2026-09-14T09:10,22.94,16.700003
2026-09-14T09:40,22.94,16.700003
2026-09-14T09:55,22.94,16.700003
2026-09-14T09:57,22.94,
2026-09-14T09:59,22.94,
2026-09-14T10:10,46.2,16.700003
2026-09-14T10:40,46.2,16.700003
2026-09-14T10:55,46.2,
2026-09-14T10:57,46.2,
2026-09-14T10:59,46.2,
2026-09-14T11:10,62.04,16.700003
2026-09-14T11:40,62.04,16.700003
2026-09-14T11:55,62.04,16.700003
2026-09-14T11:57,62.04,
2026-09-14T11:59,62.04,16.700003
2026-09-14T12:10,71.44,16.700003
2026-09-14T12:40,71.44,
2026-09-14T12:55,71.44,
2026-09-14T12:57,71.44,
2026-09-14T12:59,71.44,16.700003
2026-09-14T13:10,75.98,16.700003
2026-09-14T13:40,75.98,16.700003
2026-09-14T13:55,75.98,16.700003
2026-09-14T13:57,75.98,
2026-09-14T13:59,75.98,16.700003
2026-09-14T14:10,,16.700003
2026-09-14T14:40,,16.700003
2026-09-14T15:10,93.54,16.700003
2026-09-14T15:40,93.54,16.700003
2026-09-14T15:55,93.54,
2026-09-14T15:57,93.54,
2026-09-14T15:59,93.54,16.700003
2026-09-14T16:10,90.96,16.700003
2026-09-14T16:40,90.96,16.700003
2026-09-14T16:55,90.96,
2026-09-14T16:57,90.96,
2026-09-14T16:59,90.96,16.700003
2026-09-14T17:10,92.02,16.700003
2026-09-14T17:40,92.02,
2026-09-14T17:55,92.02,16.700003
2026-09-14T17:57,92.02,
2026-09-14T17:59,92.02,
2026-09-14T18:10,80.66,16.700003
2026-09-14T18:40,80.66,16.700003
2026-09-14T18:55,80.66,16.700003
2026-09-14T18:57,80.66,
2026-09-14T18:59,80.66,
2026-09-14T19:10,52.98,16.700003
2026-09-14T19:40,52.98,
2026-09-14T19:55,52.98,
2026-09-14T19:57,52.98,
2026-09-14T19:59,52.98,
2026-09-14T20:10,33.44,16.700003
2026-09-14T20:40,33.44,16.700003
2026-09-14T20:55,33.44,16.700003
2026-09-14T20:57,33.44,16.700003
2026-09-14T20:59,33.44,16.700003
2026-09-14T21:10,28.06,16.700003
2026-09-14T21:40,28.06,16.700003
2026-09-14T21:55,28.06,16.700003
2026-09-14T21:57,28.06,
2026-09-14T21:59,28.06,16.700003
2026-09-14T22:10,21.76,
2026-09-14T22:40,21.76,16.700003
2026-09-14T22:55,21.76,16.700003
2026-09-14T22:57,21.76,
2026-09-14T22:59,21.76,
2026-09-14T23:10,18.26,16.700003
2026-09-14T23:40,18.26,16.700003
2026-09-14T23:55,18.26,
2026-09-14T23:57,18.26,16.700003
2026-09-14T23:59,18.26,16.700003
2026-09-15T00:10,12.12,13.200001
2026-09-15T00:40,12.12,
2026-09-15T00:55,12.12,
2026-09-15T00:57,12.12,
2026-09-15T00:59,12.12,
2026-09-15T01:10,13.86,
2026-09-15T01:40,13.86,13.200001
2026-09-15T01:55,13.86,13.200001
2026-09-15T01:57,13.86,13.200001
2026-09-15T01:59,13.86,13.200001
2026-09-15T02:10,10.12,13.200001
2026-09-15T02:40,10.12,13.200001
2026-09-15T02:55,10.12,
2026-09-15T02:57,10.12,13.200001
2026-09-15T02:59,10.12,
2026-09-15T03:10,4.34,13.200001
2026-09-15T03:40,4.34,
2026-09-15T03:55,4.34,
2026-09-15T03:57,4.34,
2026-09-15T03:59,4.34,13.200001
2026-09-15T04:10,4.42,13.200001
2026-09-15T04:40,4.42,13.200001
2026-09-15T04:55,4.42,
2026-09-15T04:57,4.42,
2026-09-15T04:59,4.42,
2026-09-15T05:10,2.8,13.200001
2026-09-15T05:40,2.8,13.200001
2026-09-15T05:55,2.8,13.200001
2026-09-15T05:57,2.8,
2026-09-15T05:59,2.8,13.200001
2026-09-15T06:10,1.94,
2026-09-15T06:40,1.94,13.200001
2026-09-15T06:55,1.94,13.200001
2026-09-15T06:57,1.94,13.200001
2026-09-15T06:59,1.94,
2026-09-15T07:10,1.5,13.200001
2026-09-15T07:40,1.5,13.200001
2026-09-15T07:55,1.5,
2026-09-15T07:57,1.5,13.200001
2026-09-15T07:59,1.5,
2026-09-15T08:10,10.8,13.200001
2026-09-15T08:40,10.8,13.200001
2026-09-15T08:55,10.8,
2026-09-15T08:57,10.8,
2026-09-15T08:59,10.8,13.200001
2026-09-15T09:10,18.94,13.200001
2026-09-15T09:40,18.94,13.200001
2026-09-15T09:55,18.94,13.200001
2026-09-15T09:57,18.94,
2026-09-15T09:59,18.94,
2026-09-15T10:10,33.52,13.200001
2026-09-15T10:40,33.52,13.200001
2026-09-15T10:55,33.52,
2026-09-15T10:57,33.52,
2026-09-15T10:59,33.52,
2026-09-15T11:10,41.9,13.200001
2026-09-15T11:40,41.9,13.200001
2026-09-15T11:55,41.9,
2026-09-15T11:57,41.9,
2026-09-15T11:59,41.9,13.200001
2026-09-15T12:10,62.82,13.200001
2026-09-15T12:40,62.82,
2026-09-15T12:55,62.82,
2026-09-15T12:57,62.82,
2026-09-15T12:59,62.82,13.200001
2026-09-15T13:10,74.64,13.200001
2026-09-15T13:40,74.64,13.200001
2026-09-15T13:55,74.64,13.200001
2026-09-15T13:57,74.64,
2026-09-15T13:59,74.64,13.200001
2026-09-15T14:10,84.64,13.200001
2026-09-15T14:40,84.64,13.200001
2026-09-15T14:55,84.64,
2026-09-15T14:57,84.64,
2026-09-15T14:59,84.64,
2026-09-15T15:10,83.24,13.200001
2026-09-15T15:40,83.24,13.200001
2026-09-15T15:55,83.24,
2026-09-15T15:57,83.24,
2026-09-15T15:59,83.24,13.200001
2026-09-15T16:10,84.58,13.200001
2026-09-15T16:40,84.58,13.200001
2026-09-15T16:55,84.58,
2026-09-15T16:57,84.58,
2026-09-15T16:59,84.58,13.200001
2026-09-15T17:10,87.06,13.200001
2026-09-15T17:40,87.06,13.200001
2026-09-15T17:55,87.06,13.200001
2026-09-15T17:57,87.06,
2026-09-15T17:59,87.06,
2026-09-15T18:10,75.12,13.200001
2026-09-15T18:40,75.12,13.200001
2026-09-15T18:55,75.12,13.200001
2026-09-15T18:57,75.12,
2026-09-15T18:59,75.12,
2026-09-15T19:10,53.96,13.200001
2026-09-15T19:40,53.96,
2026-09-15T19:55,53.96,
2026-09-15T19:57,53.96,
2026-09-15T19:59,53.96,
2026-09-15T20:10,41.02,13.200001
2026-09-15T20:40,41.02,13.200001
2026-09-15T20:55,41.02,13.200001
2026-09-15T20:57,41.02,13.200001
2026-09-15T20:59,41.02,13.200001
2026-09-15T21:10,26.14,13.200001
2026-09-15T21:40,26.14,13.200001
2026-09-15T21:55,26.14,13.200001
2026-09-15T21:57,26.14,
2026-09-15T21:59,26.14,13.200001
2026-09-15T22:10,20.88,13.200001
2026-09-15T22:40,20.88,13.200001
2026-09-15T22:55,20.88,13.200001
2026-09-15T22:57,20.88,
2026-09-15T22:59,20.88,
2026-09-15T23:10,19.62,13.200001
2026-09-15T23:40,19.62,13.200001
2026-09-15T23:55,19.62,
2026-09-15T23:57,19.62,13.200001
2026-09-15T23:59,19.62,13.200001
2026-09-16T00:10,34.34,15.600003
2026-09-16T00:40,34.34,
2026-09-16T00:55,34.34,
2026-09-16T00:57,34.34,
2026-09-16T00:59,34.34,
2026-09-16T01:10,29.24,
2026-09-16T01:40,29.24,15.600003
2026-09-16T01:55,29.24,15.600003
2026-09-16T01:57,29.24,15.600003
2026-09-16T01:59,29.24,15.600003
2026-09-16T02:10,24.0,15.600003
2026-09-16T02:40,24.0,15.600003
2026-09-16T02:55,24.0,
2026-09-16T02:57,24.0,15.600003
2026-09-16T02:59,24.0,
2026-09-16T03:10,10.7,15.600003
2026-09-16T03:40,10.7,
2026-09-16T03:55,10.7,
2026-09-16T03:57,10.7,15.600003
2026-09-16T03:59,10.7,15.600003
2026-09-16T04:10,7.7,15.600003
2026-09-16T04:40,7.7,15.600003
2026-09-16T04:55,7.7,
2026-09-16T04:57,7.7,
2026-09-16T04:59,7.7,
2026-09-16T05:10,5.7,15.600003
2026-09-16T05:40,5.7,15.600003
2026-09-16T05:55,5.7,15.600003
2026-09-16T05:57,5.7,15.600003
2026-09-16T05:59,5.7,15.600003
2026-09-16T06:10,1.04,
2026-09-16T06:40,1.04,15.600003
2026-09-16T06:55,1.04,15.600003
2026-09-16T06:57,1.04,
2026-09-16T06:59,1.04,
2026-09-16T07:10,0.06,15.600003
2026-09-16T07:40,0.06,15.600003
2026-09-16T07:55,0.06,15.600003
2026-09-16T07:57,0.06,
2026-09-16T07:59,0.06,
2026-09-16T08:10,11.72,15.600003
2026-09-16T08:40,11.72,15.600003
2026-09-16T08:55,11.72,
2026-09-16T08:57,11.72,
2026-09-16T08:59,11.72,15.600003
2026-09-16T09:10,28.18,15.600003
2026-09-16T09:40,28.18,15.600003
2026-09-16T09:55,28.18,15.600003
2026-09-16T09:57,28.18,
2026-09-16T09:59,28.18,
2026-09-16T10:10,43.56,15.600003
2026-09-16T10:40,43.56,15.600003
2026-09-16T10:55,43.56,
2026-09-16T10:57,43.56,
2026-09-16T10:59,43.56,
2026-09-16T11:10,55.5,15.600003
2026-09-16T11:40,55.5,15.600003
2026-09-16T11:55,55.5,
2026-09-16T11:57,55.5,
2026-09-16T11:59,55.5,15.600003
2026-09-16T12:10,68.58,15.600003
2026-09-16T12:40,68.58,
2026-09-16T12:55,68.58,15.600003
2026-09-16T12:57,68.58,
2026-09-16T12:59,68.58,15.600003
2026-09-16T13:10,80.58,15.600003
2026-09-16T13:40,80.58,15.600003
2026-09-16T13:55,80.58,15.600003
2026-09-16T13:57,80.58,
2026-09-16T13:59,80.58,15.600003
2026-09-16T14:10,90.94,15.600003
2026-09-16T14:40,90.94,15.600003
2026-09-16T14:42,,15.600003
2026-09-16T14:55,90.94,
2026-09-16T14:57,90.94,
2026-09-16T14:59,90.94,
2026-09-16T15:10,98.2,15.600003
2026-09-16T15:40,98.2,15.600003
2026-09-16T15:55,98.2,
2026-09-16T15:57,98.2,
2026-09-16T15:59,98.2,15.600003
2026-09-16T16:10,98.62,15.600003
2026-09-16T16:40,98.62,15.600003
2026-09-16T16:55,98.62,
2026-09-16T16:57,98.62,
2026-09-16T16:59,98.62,15.600003
2026-09-16T17:10,99.92,15.600003
2026-09-16T17:40,99.92,15.600003
2026-09-16T17:55,99.92,15.600003
2026-09-16T17:57,99.92,
2026-09-16T17:59,99.92,
2026-09-16T18:10,88.68,15.600003
2026-09-16T18:40,88.68,15.600003
2026-09-16T18:55,88.68,15.600003
2026-09-16T18:57,88.68,
2026-09-16T18:59,88.68,
2026-09-16T19:10,75.04,15.600003
2026-09-16T19:40,75.04,15.600003
2026-09-16T19:55,75.04,
2026-09-16T19:57,75.04,
2026-09-16T19:59,75.04,
2026-09-16T20:10,58.26,15.600003
2026-09-16T20:40,58.26,
2026-09-16T20:55,58.26,15.600003
2026-09-16T20:57,58.26,15.600003
2026-09-16T20:59,58.26,15.600003
2026-09-16T21:10,48.46,15.600003
2026-09-16T21:40,48.46,15.600003
2026-09-16T21:55,48.46,15.600003
2026-09-16T21:57,48.46,
2026-09-16T21:59,48.46,15.600003
2026-09-16T22:10,34.96,15.600003
2026-09-16T22:40,34.96,15.600003
2026-09-16T22:55,34.96,15.600003
2026-09-16T22:57,34.96,
2026-09-16T22:59,34.96,
2026-09-16T23:10,27.46,15.600003
2026-09-16T23:40,27.46,15.600003
2026-09-16T23:55,27.46,
2026-09-16T23:57,27.46,15.600003
2026-09-16T23:59,27.46,15.600003
2026-09-17T00:10,27.68,12.399998
2026-09-17T00:40,27.68,
2026-09-17T00:55,27.68,
2026-09-17T00:57,27.68,
2026-09-17T00:59,27.68,
2026-09-17T01:10,34.34,
2026-09-17T01:40,34.34,12.399998
2026-09-17T01:55,34.34,12.399998
2026-09-17T01:57,34.34,
2026-09-17T01:59,34.34,12.399998
2026-09-17T02:10,22.26,12.399998
2026-09-17T02:40,22.26,12.399998
2026-09-17T02:55,22.26,
2026-09-17T02:57,22.26,12.399998
2026-09-17T02:59,22.26,
2026-09-17T03:10,20.18,12.399998
2026-09-17T03:40,20.18,
2026-09-17T03:55,20.18,
2026-09-17T03:57,20.18,12.399998
2026-09-17T03:59,20.18,12.399998
2026-09-17T04:10,23.4,12.399998
2026-09-17T04:40,23.4,12.399998
2026-09-17T04:55,23.4,
2026-09-17T04:57,23.4,
2026-09-17T04:59,23.4,
2026-09-17T05:10,29.7,12.399998
2026-09-17T05:40,29.7,12.399998
2026-09-17T05:55,29.7,12.399998
2026-09-17T05:57,29.7,12.399998
2026-09-17T05:59,29.7,12.399998
2026-09-17T06:10,23.24,
2026-09-17T06:40,23.24,12.399998
2026-09-17T06:55,23.24,
2026-09-17T06:57,23.24,12.399998
2026-09-17T06:59,23.24,
2026-09-17T07:10,19.36,12.399998
2026-09-17T07:40,19.36,12.399998
2026-09-17T07:55,19.36,12.399998
2026-09-17T07:57,19.36,
2026-09-17T07:59,19.36,
2026-09-17T08:10,19.56,12.399998
2026-09-17T08:40,19.56,
2026-09-17T08:55,19.56,
2026-09-17T08:57,19.56,
2026-09-17T08:59,19.56,12.399998
2026-09-17T09:10,27.12,12.399998
2026-09-17T09:40,27.12,12.399998
2026-09-17T09:55,27.12,12.399998
2026-09-17T09:57,27.12,
2026-09-17T09:59,27.12,
2026-09-17T10:10,31.7,12.399998
2026-09-17T10:40,31.7,12.399998
2026-09-17T10:55,31.7,
2026-09-17T10:57,31.7,
2026-09-17T10:59,31.7,
2026-09-17T11:10,36.14,12.399998
2026-09-17T11:40,36.14,12.399998
2026-09-17T11:55,36.14,12.399998
2026-09-17T11:57,36.14,
2026-09-17T11:59,36.14,12.399998
2026-09-17T12:10,41.94,12.399998
2026-09-17T12:40,41.94,
2026-09-17T12:55,41.94,12.399998
2026-09-17T12:57,41.94,
2026-09-17T12:59,41.94,12.399998
2026-09-17T13:10,50.12,12.399998
2026-09-17T13:40,50.12,12.399998
2026-09-17T13:55,50.12,12.399998
2026-09-17T13:57,50.12,
2026-09-17T13:59,50.12,12.399998
2026-09-17T14:10,61.64,12.399998
2026-09-17T14:40,61.64,12.399998
2026-09-17T14:42,,12.399998
2026-09-17T14:55,61.64,12.399998
2026-09-17T14:57,61.64,
2026-09-17T14:59,61.64,
2026-09-17T15:10,75.1,12.399998
2026-09-17T15:40,75.1,12.399998
2026-09-17T15:55,75.1,
2026-09-17T15:57,75.1,
2026-09-17T15:59,75.1,12.399998
2026-09-17T16:10,77.14,12.399998
2026-09-17T16:40,77.14,
2026-09-17T16:55,77.14,
2026-09-17T16:57,77.14,
2026-09-17T16:59,77.14,12.399998
2026-09-17T17:10,72.84,12.399998
2026-09-17T17:40,72.84,12.399998
2026-09-17T17:55,72.84,12.399998
2026-09-17T17:57,72.84,
2026-09-17T17:59,72.84,
2026-09-17T18:10,49.78,12.399998
2026-09-17T18:40,49.78,12.399998
2026-09-17T18:55,49.78,12.399998
2026-09-17T18:57,49.78,
2026-09-17T18:59,49.78,
2026-09-17T19:10,42.28,12.399998
2026-09-17T19:40,42.28,12.399998
2026-09-17T19:55,42.28,
2026-09-17T19:57,42.28,
2026-09-17T19:59,42.28,
2026-09-17T20:10,47.18,12.399998
2026-09-17T20:40,47.18,
2026-09-17T20:55,47.18,12.399998
2026-09-17T20:57,47.18,12.399998
2026-09-17T20:59,47.18,12.399998
2026-09-17T21:10,34.4,12.399998
2026-09-17T21:40,34.4,12.399998
2026-09-17T21:55,34.4,12.399998
2026-09-17T21:57,34.4,
2026-09-17T21:59,34.4,
2026-09-17T22:10,42.78,12.399998
2026-09-17T22:40,42.78,12.399998
2026-09-17T22:55,42.78,12.399998
2026-09-17T22:57,42.78,
2026-09-17T22:59,42.78,
2026-09-17T23:10,30.28,12.399998
2026-09-17T23:40,30.28,12.399998
2026-09-17T23:55,30.28,
2026-09-17T23:57,30.28,
2026-09-17T23:59,30.28,12.399998
2026-09-18T00:10,23.62,12.100002
2026-09-18T00:40,23.62,
2026-09-18T00:55,23.62,
2026-09-18T00:57,23.62,
2026-09-18T00:59,23.62,
2026-09-18T01:10,20.12,
2026-09-18T01:40,20.12,12.100002
2026-09-18T01:55,20.12,12.100002
2026-09-18T01:57,20.12,
2026-09-18T01:59,20.12,12.100002
2026-09-18T02:10,18.14,12.100002
2026-09-18T02:40,18.14,12.100002
2026-09-18T02:55,18.14,
2026-09-18T02:57,18.14,
2026-09-18T02:59,18.14,
2026-09-18T03:10,10.18,12.100002
2026-09-18T03:40,10.18,12.100002
2026-09-18T03:55,10.18,
2026-09-18T03:57,10.18,12.100002
2026-09-18T03:59,10.18,12.100002
2026-09-18T04:10,4.48,12.100002
2026-09-18T04:40,4.48,12.100002
2026-09-18T04:55,4.48,
2026-09-18T04:57,4.48,12.100002
2026-09-18T04:59,4.48,
2026-09-18T05:10,3.62,12.100002
2026-09-18T05:40,3.62,12.100002
2026-09-18T05:55,3.62,
2026-09-18T05:57,3.62,12.100002
2026-09-18T05:59,3.62,12.100002
2026-09-18T06:10,1.94,12.100002
2026-09-18T06:40,1.94,12.100002
2026-09-18T06:55,1.94,
2026-09-18T06:57,1.94,12.100002
2026-09-18T06:59,1.94,12.100002
2026-09-18T07:10,5.78,12.100002
2026-09-18T07:40,5.78,12.100002
2026-09-18T07:55,5.78,12.100002
2026-09-18T07:57,5.78,
2026-09-18T07:59,5.78,
2026-09-18T08:10,8.84,12.100002
2026-09-18T08:40,8.84,
2026-09-18T08:55,8.84,
2026-09-18T08:57,8.84,
2026-09-18T08:59,8.84,
2026-09-18T09:10,15.46,12.100002
2026-09-18T09:40,15.46,12.100002
2026-09-18T09:55,15.46,12.100002
2026-09-18T09:57,15.46,
2026-09-18T09:59,15.46,
2026-09-18T10:10,42.92,12.100002
2026-09-18T10:40,42.92,
2026-09-18T10:55,42.92,
2026-09-18T10:57,42.92,
2026-09-18T10:59,42.92,
2026-09-18T11:10,49.14,12.100002
2026-09-18T11:40,49.14,12.100002
2026-09-18T11:55,49.14,12.100002
2026-09-18T11:57,49.14,
2026-09-18T11:59,49.14,12.100002
2026-09-18T12:10,42.3,12.100002
2026-09-18T12:40,42.3,12.100002
2026-09-18T12:55,42.3,12.100002
2026-09-18T12:57,42.3,
2026-09-18T12:59,42.3,12.100002
2026-09-18T13:10,51.3,12.100002
2026-09-18T13:40,51.3,12.100002
2026-09-18T13:55,51.3,12.100002
2026-09-18T13:57,51.3,
2026-09-18T13:59,51.3,12.100002
2026-09-18T14:10,66.08,12.100002
2026-09-18T14:40,66.08,12.100002
2026-09-18T14:42,,12.100002
2026-09-18T14:55,66.08,12.100002
2026-09-18T14:57,66.08,
2026-09-18T14:59,66.08,
2026-09-18T15:10,75.1,12.100002
2026-09-18T15:40,75.1,12.100002
2026-09-18T15:55,75.1,
2026-09-18T15:57,75.1,
2026-09-18T15:59,75.1,12.100002
2026-09-18T16:10,74.86,12.100002
2026-09-18T16:40,74.86,
2026-09-18T16:55,74.86,
2026-09-18T16:57,74.86,
2026-09-18T16:59,74.86,
2026-09-18T17:10,74.68,12.100002
2026-09-18T17:40,74.68,12.100002
2026-09-18T17:55,74.68,12.100002
2026-09-18T17:57,74.68,
2026-09-18T17:59,74.68,
2026-09-18T18:10,64.66,12.100002
2026-09-18T18:40,64.66,12.100002
2026-09-18T18:55,64.66,12.100002
2026-09-18T18:57,64.66,12.100002
2026-09-18T18:59,64.66,
2026-09-18T19:10,46.14,12.100002
2026-09-18T19:40,46.14,12.100002
2026-09-18T19:55,46.14,
2026-09-18T19:57,46.14,
2026-09-18T19:59,46.14,
2026-09-18T20:10,29.96,12.100002
2026-09-18T20:40,29.96,
2026-09-18T20:55,29.96,12.100002
2026-09-18T20:57,29.96,
2026-09-18T20:59,29.96,12.100002
2026-09-18T21:10,18.96,12.100002
2026-09-18T21:40,18.96,12.100002
2026-09-18T21:55,18.96,12.100002
2026-09-18T21:57,18.96,
2026-09-18T21:59,18.96,
2026-09-18T22:10,15.68,12.100002
2026-09-18T22:40,15.68,12.100002
2026-09-18T22:55,15.68,12.100002
2026-09-18T22:57,15.68,
2026-09-18T22:59,15.68,
2026-09-18T23:10,15.54,12.100002
2026-09-18T23:40,15.54,12.100002
2026-09-18T23:55,15.54,
2026-09-18T23:57,15.54,
2026-09-18T23:59,15.54,12.100002
2026-09-19T00:10,13.6,12.799999
2026-09-19T00:40,13.6,
2026-09-19T00:55,13.6,
2026-09-19T00:57,13.6,
2026-09-19T00:59,13.6,
2026-09-19T01:10,6.32,
2026-09-19T01:40,6.32,12.799999
2026-09-19T01:55,6.32,12.799999
2026-09-19T01:57,6.32,
2026-09-19T01:59,6.32,12.799999
2026-09-19T02:10,6.3,12.799999
2026-09-19T02:40,6.3,
2026-09-19T02:55,6.3,
2026-09-19T02:59,6.3,12.799999
2026-09-19T03:10,1.28,12.799999
2026-09-19T03:40,1.28,12.799999
2026-09-19T03:55,1.28,12.799999
2026-09-19T03:57,,12.799999
2026-09-19T03:59,1.28,12.799999
2026-09-19T04:10,-0.16,12.799999
2026-09-19T04:40,-0.16,12.799999
2026-09-19T04:55,-0.16,
2026-09-19T04:57,,12.799999
2026-09-19T04:59,-0.16,
2026-09-19T05:10,-1.14,12.799999
2026-09-19T05:40,-1.14,12.799999
2026-09-19T05:55,-1.14,
2026-09-19T05:57,,12.799999
2026-09-19T05:59,-1.14,
2026-09-19T06:10,-2.1,12.799999
2026-09-19T06:40,-2.1,12.799999
2026-09-19T06:55,-2.1,
2026-09-19T06:57,,12.799999
2026-09-19T06:59,-2.1,12.799999
2026-09-19T07:10,-0.98,12.799999
2026-09-19T07:40,-0.98,12.799999
2026-09-19T07:55,-0.98,12.799999
2026-09-19T07:59,-0.98,
2026-09-19T08:10,7.0,12.799999
2026-09-19T08:40,7.0,
2026-09-19T08:55,7.0,
2026-09-19T08:59,7.0,
2026-09-19T09:10,11.92,12.799999
2026-09-19T09:40,11.92,12.799999
2026-09-19T09:55,11.92,12.799999
2026-09-19T09:59,11.92,
2026-09-19T10:10,23.02,12.799999
2026-09-19T10:40,23.02,
2026-09-19T10:55,23.02,
2026-09-19T10:59,23.02,
2026-09-19T11:10,44.16,12.799999
2026-09-19T11:40,44.16,12.799999
2026-09-19T11:55,44.16,12.799999
2026-09-19T11:59,44.16,12.799999
2026-09-19T12:10,54.76,12.799999
2026-09-19T12:40,54.76,12.799999
2026-09-19T12:55,54.76,12.799999
2026-09-19T12:59,54.76,
2026-09-19T13:10,58.68,12.799999
2026-09-19T13:40,58.68,12.799999
2026-09-19T13:55,58.68,12.799999
2026-09-19T13:59,58.68,
2026-09-19T14:10,78.54,12.799999
2026-09-19T14:40,78.54,12.799999
2026-09-19T14:42,,12.799999
2026-09-19T14:55,78.54,12.799999
2026-09-19T14:59,78.54,
2026-09-19T15:10,83.36,12.799999
2026-09-19T15:40,83.36,12.799999
2026-09-19T15:55,83.36,
2026-09-19T15:59,83.36,12.799999
2026-09-19T16:10,84.36,12.799999
2026-09-19T16:40,84.36,12.799999
2026-09-19T16:55,84.36,
2026-09-19T16:59,84.36,
2026-09-19T17:10,84.1,12.799999
2026-09-19T17:40,84.1,12.799999
2026-09-19T17:55,84.1,12.799999
2026-09-19T17:59,84.1,
2026-09-19T18:10,68.22,12.799999
2026-09-19T18:40,68.22,12.799999
2026-09-19T18:55,68.22,12.799999
2026-09-19T18:57,,12.799999
2026-09-19T18:59,68.22,
2026-09-19T19:10,42.48,12.799999
2026-09-19T19:40,42.48,12.799999
2026-09-19T19:55,42.48,
2026-09-19T19:59,42.48,
2026-09-19T20:10,35.04,12.799999
2026-09-19T20:40,35.04,
2026-09-19T20:55,35.04,12.799999
2026-09-19T20:59,35.04,12.799999
2026-09-19T21:10,21.22,12.799999
2026-09-19T21:40,21.22,12.799999
2026-09-19T21:55,21.22,12.799999
2026-09-19T21:59,21.22,
2026-09-19T22:10,15.74,12.799999
2026-09-19T22:40,15.74,12.799999
2026-09-19T22:55,15.74,12.799999
2026-09-19T22:59,15.74,
2026-09-19T23:10,10.08,12.799999
2026-09-19T23:40,10.08,12.799999
2026-09-19T23:55,10.08,
2026-09-19T23:59,10.08,
2026-09-20T00:10,10.5,15.700002
2026-09-20T00:40,10.5,
2026-09-20T00:55,10.5,
2026-09-20T00:59,10.5,
2026-09-20T01:10,8.84,
2026-09-20T01:40,8.84,15.700002
2026-09-20T01:55,8.84,15.700002
2026-09-20T01:59,8.84,15.700002
2026-09-20T02:10,5.24,15.700002
2026-09-20T02:40,5.24,
2026-09-20T02:55,5.24,
2026-09-20T02:59,5.24,15.700002
2026-09-20T03:10,5.62,15.700002
2026-09-20T03:40,5.62,15.700002
2026-09-20T03:55,5.62,15.700002
2026-09-20T03:57,,15.700002
2026-09-20T03:59,5.62,15.700002
2026-09-20T04:10,2.32,
2026-09-20T04:40,2.32,15.700002
2026-09-20T04:55,2.32,
2026-09-20T04:57,,15.700002
2026-09-20T04:59,2.32,
2026-09-20T05:10,0.84,
2026-09-20T05:40,0.84,15.700002
2026-09-20T05:55,0.84,
2026-09-20T05:57,,15.700002
2026-09-20T05:59,0.84,
2026-09-20T06:10,-0.98,15.700002
2026-09-20T06:40,-0.98,15.700002
2026-09-20T06:55,-0.98,
2026-09-20T06:57,,15.700002
2026-09-20T06:59,-0.98,15.700002
2026-09-20T07:10,0.8,15.700002
2026-09-20T07:40,0.8,15.700002
2026-09-20T07:55,0.8,15.700002
2026-09-20T07:59,0.8,
2026-09-20T08:10,10.26,15.700002
2026-09-20T08:40,10.26,
2026-09-20T08:55,10.26,
2026-09-20T08:59,10.26,
2026-09-20T09:10,15.98,15.700002
2026-09-20T09:40,15.98,15.700002
2026-09-20T09:55,15.98,15.700002
2026-09-20T09:59,15.98,
2026-09-20T10:10,27.48,15.700002
2026-09-20T10:40,27.48,
2026-09-20T10:55,27.48,
2026-09-20T10:59,27.48,
2026-09-20T11:10,44.4,15.700002
2026-09-20T11:40,44.4,15.700002
2026-09-20T11:55,44.4,15.700002
2026-09-20T11:57,,15.700002
2026-09-20T11:59,44.4,15.700002
2026-09-20T12:10,57.7,15.700002
2026-09-20T12:40,57.7,15.700002
2026-09-20T12:55,57.7,15.700002
2026-09-20T12:59,57.7,
2026-09-20T13:10,63.42,15.700002
2026-09-20T13:40,63.42,15.700002
2026-09-20T13:55,63.42,15.700002
2026-09-20T13:57,,15.700002
2026-09-20T13:59,63.42,
2026-09-20T14:10,66.08,15.700002
2026-09-20T14:40,66.08,15.700002
2026-09-20T14:42,,15.700002
2026-09-20T14:55,66.08,15.700002
2026-09-20T14:59,66.08,
2026-09-20T15:10,71.28,15.700002
2026-09-20T15:40,71.28,15.700002
2026-09-20T15:55,71.28,
2026-09-20T15:57,,15.700002
2026-09-20T15:59,71.28,15.700002
2026-09-20T16:10,82.78,15.700002
2026-09-20T16:40,82.78,15.700002
2026-09-20T16:55,82.78,
2026-09-20T16:59,82.78,
2026-09-20T17:10,86.78,15.700002
2026-09-20T17:40,86.78,15.700002
2026-09-20T17:55,86.78,15.700002
2026-09-20T17:59,86.78,15.700002
2026-09-20T18:10,73.54,15.700002
2026-09-20T18:40,73.54,
2026-09-20T18:55,73.54,15.700002
2026-09-20T18:57,,15.700002
2026-09-20T18:59,73.54,
2026-09-20T19:10,40.18,15.700002
2026-09-20T19:40,40.18,15.700002
2026-09-20T19:55,40.18,
2026-09-20T19:59,40.18,
2026-09-20T20:10,28.36,15.700002
2026-09-20T20:40,28.36,
2026-09-20T20:55,28.36,15.700002
2026-09-20T20:59,28.36,
2026-09-20T21:10,19.18,15.700002
2026-09-20T21:40,19.18,15.700002
2026-09-20T21:55,19.18,15.700002
2026-09-20T21:59,19.18,
2026-09-20T22:10,13.42,15.700002
2026-09-20T22:40,13.42,15.700002
2026-09-20T22:55,13.42,15.700002
2026-09-20T22:59,13.42,
2026-09-20T23:10,10.92,15.700002
2026-09-20T23:40,10.92,15.700002
2026-09-20T23:55,10.92,
2026-09-20T23:57,,15.700002
2026-09-20T23:59,10.92,
2026-09-21T00:10,15.54,18.799995
2026-09-21T00:40,15.54,
2026-09-21T00:55,15.54,
2026-09-21T00:59,15.54,
2026-09-21T01:10,10.4,
2026-09-21T01:40,10.4,18.799995
2026-09-21T01:55,10.4,
2026-09-21T01:59,10.4,18.799995
2026-09-21T02:10,6.14,18.799995
2026-09-21T02:40,6.14,
2026-09-21T02:55,6.14,
2026-09-21T02:59,6.14,18.799995
2026-09-21T03:10,3.96,18.799995
2026-09-21T03:40,3.96,18.799995
2026-09-21T03:55,3.96,18.799995
2026-09-21T03:57,3.96,18.799995
2026-09-21T03:59,3.96,18.799995
2026-09-21T04:10,2.7,
2026-09-21T04:40,2.7,18.799995
2026-09-21T04:55,2.7,
2026-09-21T04:57,2.7,18.799995
2026-09-21T04:59,2.7,
2026-09-21T05:10,0.94,18.799995
2026-09-21T05:40,0.94,18.799995
2026-09-21T05:55,0.94,
2026-09-21T05:57,0.94,18.799995
2026-09-21T05:59,0.94,
2026-09-21T06:10,-1.66,18.799995
2026-09-21T06:40,-1.66,18.799995
2026-09-21T06:55,-1.66,18.799995
2026-09-21T06:57,-1.66,18.799995
2026-09-21T06:59,-1.66,18.799995
2026-09-21T07:10,0.08,18.799995
2026-09-21T07:40,0.08,18.799995
2026-09-21T07:55,0.08,18.799995
2026-09-21T07:57,0.08,
2026-09-21T07:59,0.08,
2026-09-21T08:10,3.04,18.799995
2026-09-21T08:40,3.04,
2026-09-21T08:55,3.04,
2026-09-21T08:57,3.04,
2026-09-21T08:59,3.04,
2026-09-21T09:10,5.96,18.799995
2026-09-21T09:40,5.96,18.799995
2026-09-21T09:55,5.96,18.799995
2026-09-21T09:57,5.96,
2026-09-21T09:59,5.96,
2026-09-21T10:10,13.32,18.799995
2026-09-21T10:40,13.32,
2026-09-21T10:55,13.32,
2026-09-21T10:57,13.32,
2026-09-21T10:59,13.32,
2026-09-21T11:10,25.22,18.799995
2026-09-21T11:40,25.22,18.799995
2026-09-21T11:55,25.22,18.799995
2026-09-21T11:57,25.22,18.799995
2026-09-21T11:59,25.22,18.799995
2026-09-21T12:10,43.36,18.799995
2026-09-21T12:40,43.36,18.799995
2026-09-21T12:55,43.36,18.799995
2026-09-21T12:57,43.36,
2026-09-21T12:59,43.36,
2026-09-21T13:10,44.62,18.799995
2026-09-21T13:40,44.62,18.799995
2026-09-21T13:55,44.62,18.799995
2026-09-21T13:57,44.62,18.799995
2026-09-21T13:59,44.62,
2026-09-21T14:10,52.96,18.799995
2026-09-21T14:40,52.96,18.799995
2026-09-21T14:42,52.96,18.799995
2026-09-21T14:55,52.96,18.799995
2026-09-21T14:57,52.96,
2026-09-21T14:59,52.96,
2026-09-21T15:10,61.3,18.799995
2026-09-21T15:40,61.3,18.799995
2026-09-21T15:42,61.3,
2026-09-21T15:55,61.3,
2026-09-21T15:57,61.3,18.799995
2026-09-21T15:59,61.3,18.799995
2026-09-21T16:10,71.68,18.799995
2026-09-21T16:40,71.68,18.799995
2026-09-21T16:42,71.68,
2026-09-21T16:55,71.68,
2026-09-21T16:57,71.68,
2026-09-21T16:59,71.68,
2026-09-21T17:10,86.38,18.799995
2026-09-21T17:40,86.38,18.799995
2026-09-21T17:42,86.38,
2026-09-21T17:55,86.38,
2026-09-21T17:57,86.38,
2026-09-21T17:59,86.38,18.799995
2026-09-21T18:10,67.42,18.799995
2026-09-21T18:40,67.42,18.799995
2026-09-21T18:42,67.42,
2026-09-21T18:55,67.42,18.799995
2026-09-21T18:57,67.42,18.799995
2026-09-21T18:59,67.42,
2026-09-21T19:10,45.32,18.799995
2026-09-21T19:40,45.32,18.799995
2026-09-21T19:42,45.32,
2026-09-21T19:55,45.32,
2026-09-21T19:57,45.32,
2026-09-21T19:59,45.32,
2026-09-21T20:10,35.14,18.799995
2026-09-21T20:40,35.14,
2026-09-21T20:42,35.14,
2026-09-21T20:55,35.14,18.799995
2026-09-21T20:57,35.14,
2026-09-21T20:59,35.14,
2026-09-21T21:10,27.2,18.799995
2026-09-21T21:40,27.2,18.799995
2026-09-21T21:42,27.2,
2026-09-21T21:55,27.2,18.799995
2026-09-21T21:57,27.2,
2026-09-21T21:59,27.2,
2026-09-21T22:10,17.7,18.799995
2026-09-21T22:40,17.7,18.799995
2026-09-21T22:42,17.7,
2026-09-21T22:55,17.7,18.799995
2026-09-21T22:57,17.7,
2026-09-21T22:59,17.7,
2026-09-21T23:10,17.44,18.799995
2026-09-21T23:40,17.44,18.799995
2026-09-21T23:42,17.44,
2026-09-21T23:55,17.44,
2026-09-21T23:57,17.44,18.799995
2026-09-21T23:59,17.44,
2026-09-22T00:10,14.18,14.0
2026-09-22T00:40,14.18,
2026-09-22T00:42,14.18,
2026-09-22T00:55,14.18,
2026-09-22T00:57,14.18,
2026-09-22T00:59,14.18,
2026-09-22T01:10,13.82,
2026-09-22T01:40,13.82,14.0
2026-09-22T01:42,13.82,
2026-09-22T01:55,13.82,
2026-09-22T01:57,13.82,
2026-09-22T01:59,13.82,14.0
2026-09-22T02:10,9.94,14.0
2026-09-22T02:40,9.94,14.0
2026-09-22T02:42,9.94,
2026-09-22T02:55,9.94,
2026-09-22T02:57,9.94,
2026-09-22T02:59,9.94,14.0
2026-09-22T03:10,21.62,14.0
2026-09-22T03:40,21.62,14.0
2026-09-22T03:42,21.62,
2026-09-22T03:55,21.62,14.0
2026-09-22T03:57,21.62,
2026-09-22T03:59,21.62,14.0
2026-09-22T04:10,20.78,14.0
2026-09-22T04:40,20.78,14.0
2026-09-22T04:42,20.78,
2026-09-22T04:55,20.78,
2026-09-22T04:57,20.78,14.0
2026-09-22T04:59,20.78,
2026-09-22T05:10,12.1,14.0
2026-09-22T05:40,12.1,14.0
2026-09-22T05:42,12.1,
2026-09-22T05:55,12.1,
2026-09-22T05:57,12.1,
2026-09-22T05:59,12.1,
2026-09-22T06:10,6.56,14.0
2026-09-22T06:40,6.56,
2026-09-22T06:42,6.56,
2026-09-22T06:55,6.56,14.0
2026-09-22T06:57,6.56,14.0
2026-09-22T06:59,6.56,14.0
2026-09-22T07:10,4.06,14.0
2026-09-22T07:40,4.06,14.0
2026-09-22T07:42,4.06,
2026-09-22T07:55,4.06,
2026-09-22T07:57,4.06,
2026-09-22T07:59,4.06,
2026-09-22T08:10,14.74,14.0
2026-09-22T08:40,14.74,14.0
2026-09-22T08:42,14.74,
2026-09-22T08:55,14.74,
2026-09-22T08:57,14.74,
2026-09-22T08:59,14.74,
2026-09-22T09:10,21.56,14.0
2026-09-22T09:40,21.56,14.0
2026-09-22T09:42,21.56,
2026-09-22T09:55,21.56,14.0
2026-09-22T09:57,21.56,
2026-09-22T09:59,21.56,
2026-09-22T10:10,27.64,14.0
2026-09-22T10:40,27.64,
2026-09-22T10:42,27.64,
2026-09-22T10:55,27.64,
2026-09-22T10:57,27.64,
2026-09-22T10:59,27.64,
2026-09-22T11:10,40.26,14.0
2026-09-22T11:40,40.26,14.0
2026-09-22T11:42,40.26,
2026-09-22T11:55,40.26,14.0
2026-09-22T11:57,40.26,14.0
2026-09-22T11:59,40.26,14.0
2026-09-22T12:10,63.52,14.0
2026-09-22T12:40,63.52,14.0
2026-09-22T12:42,63.52,
2026-09-22T12:55,63.52,14.0
2026-09-22T12:57,63.52,
2026-09-22T12:59,63.52,
2026-09-22T13:10,72.78,14.0
2026-09-22T13:40,72.78,14.0
2026-09-22T13:42,72.78,
2026-09-22T13:55,72.78,
2026-09-22T13:57,72.78,14.0
2026-09-22T13:59,72.78,
2026-09-22T14:10,74.62,14.0
2026-09-22T14:40,74.62,14.0
2026-09-22T14:42,74.62,14.0
2026-09-22T14:55,74.62,14.0
2026-09-22T14:57,74.62,
2026-09-22T14:59,74.62,
2026-09-22T15:10,74.66,14.0
2026-09-22T15:40,74.66,14.0
2026-09-22T15:42,74.66,
2026-09-22T15:55,74.66,
2026-09-22T15:57,74.66,14.0
2026-09-22T15:59,74.66,14.0
2026-09-22T16:10,80.74,14.0
2026-09-22T16:40,80.74,14.0
2026-09-22T16:42,80.74,
2026-09-22T16:55,80.74,
2026-09-22T16:57,80.74,14.0
2026-09-22T16:59,80.74,
2026-09-22T17:10,81.84,14.0
2026-09-22T17:40,81.84,14.0
2026-09-22T17:42,81.84,
2026-09-22T17:55,81.84,
2026-09-22T17:57,81.84,
2026-09-22T17:59,81.84,14.0
2026-09-22T18:10,72.22,14.0
2026-09-22T18:40,72.22,14.0
2026-09-22T18:42,72.22,
2026-09-22T18:55,72.22,14.0
2026-09-22T18:57,72.22,14.0
2026-09-22T18:59,72.22,
2026-09-22T19:10,52.8,14.0
2026-09-22T19:40,52.8,14.0
2026-09-22T19:42,52.8,
2026-09-22T19:55,52.8,
2026-09-22T19:57,52.8,
2026-09-22T19:59,52.8,
2026-09-22T20:10,44.02,14.0
2026-09-22T20:40,44.02,
2026-09-22T20:42,44.02,
2026-09-22T20:55,44.02,14.0
2026-09-22T20:57,44.02,
2026-09-22T20:59,44.02,
2026-09-22T21:10,32.02,14.0
2026-09-22T21:40,32.02,14.0
2026-09-22T21:42,32.02,
2026-09-22T21:55,32.02,14.0
2026-09-22T21:57,32.02,
2026-09-22T21:59,32.02,
2026-09-22T22:10,23.18,14.0
2026-09-22T22:40,23.18,14.0
2026-09-22T22:42,23.18,
2026-09-22T22:55,23.18,14.0
2026-09-22T22:57,23.18,
2026-09-22T22:59,23.18,
2026-09-22T23:10,17.08,14.0
2026-09-22T23:40,17.08,14.0
2026-09-22T23:42,17.08,
2026-09-22T23:55,17.08,
2026-09-22T23:57,17.08,14.0
2026-09-22T23:59,17.08,14.0
2026-09-23T00:10,15.28,14.299998
2026-09-23T00:40,15.28,
2026-09-23T00:42,15.28,
2026-09-23T00:55,15.28,
2026-09-23T00:57,15.28,
2026-09-23T00:59,15.28,
2026-09-23T01:10,18.22,
2026-09-23T01:40,18.22,14.299998
2026-09-23T01:42,18.22,
2026-09-23T01:55,18.22,
2026-09-23T01:57,18.22,
2026-09-23T01:59,18.22,14.299998
2026-09-23T02:10,11.9,14.299998
2026-09-23T02:40,11.9,14.299998
2026-09-23T02:42,11.9,
2026-09-23T02:55,11.9,
2026-09-23T02:57,11.9,14.299998
2026-09-23T02:59,11.9,14.299998
2026-09-23T03:10,9.9,14.299998
2026-09-23T03:40,9.9,14.299998
2026-09-23T03:42,9.9,
2026-09-23T03:55,9.9,14.299998
2026-09-23T03:57,9.9,
2026-09-23T03:59,9.9,
2026-09-23T04:10,9.42,14.299998
2026-09-23T04:40,9.42,14.299998
2026-09-23T04:42,9.42,
2026-09-23T04:55,9.42,
2026-09-23T04:57,9.42,14.299998
2026-09-23T04:59,9.42,
2026-09-23T05:10,5.1,14.299998
2026-09-23T05:40,5.1,14.299998
2026-09-23T05:42,5.1,
2026-09-23T05:55,5.1,
2026-09-23T05:57,5.1,
2026-09-23T05:59,5.1,
2026-09-23T06:10,5.18,14.299998
2026-09-23T06:40,5.18,14.299998
2026-09-23T06:42,5.18,
2026-09-23T06:55,5.18,14.299998
2026-09-23T06:57,5.18,
2026-09-23T06:59,5.18,14.299998
2026-09-23T07:10,4.18,14.299998
2026-09-23T07:40,4.18,14.299998
2026-09-23T07:42,4.18,
2026-09-23T07:55,4.18,14.299998
2026-09-23T07:57,4.18,
2026-09-23T07:59,4.18,
2026-09-23T08:10,8.86,14.299998
2026-09-23T08:40,8.86,14.299998
2026-09-23T08:42,8.86,
2026-09-23T08:55,8.86,14.299998
2026-09-23T08:57,8.86,
2026-09-23T08:59,8.86,
2026-09-23T09:10,17.84,14.299998
2026-09-23T09:40,17.84,14.299998
2026-09-23T09:42,17.84,
2026-09-23T09:55,17.84,
2026-09-23T09:57,17.84,
2026-09-23T09:59,17.84,
2026-09-23T10:10,31.44,14.299998
2026-09-23T10:40,31.44,
2026-09-23T10:42,31.44,
2026-09-23T10:55,31.44,
2026-09-23T10:57,31.44,
2026-09-23T10:59,31.44,
2026-09-23T11:10,28.76,14.299998
2026-09-23T11:40,28.76,14.299998
2026-09-23T11:42,28.76,
2026-09-23T11:55,28.76,14.299998
2026-09-23T11:57,28.76,14.299998
2026-09-23T11:59,28.76,14.299998
2026-09-23T12:10,42.22,14.299998
2026-09-23T12:40,42.22,14.299998
2026-09-23T12:42,42.22,
2026-09-23T12:55,42.22,14.299998
2026-09-23T12:57,42.22,
2026-09-23T12:59,42.22,
2026-09-23T13:10,49.0,14.299998
2026-09-23T13:40,49.0,14.299998
2026-09-23T13:42,49.0,
2026-09-23T13:55,49.0,
2026-09-23T13:57,49.0,14.299998
2026-09-23T13:59,49.0,
2026-09-23T14:10,53.28,14.299998
2026-09-23T14:40,53.28,14.299998
2026-09-23T14:55,53.28,14.299998
2026-09-23T14:57,53.28,
2026-09-23T14:59,53.28,
2026-09-23T15:10,62.18,14.299998
2026-09-23T15:40,62.18,14.299998
2026-09-23T15:55,62.18,
2026-09-23T15:57,62.18,14.299998
2026-09-23T15:59,62.18,14.299998
2026-09-23T16:10,66.06,14.299998
2026-09-23T16:40,66.06,14.299998
2026-09-23T16:55,66.06,
2026-09-23T16:57,66.06,14.299998
2026-09-23T16:59,66.06,
2026-09-23T17:10,68.4,14.299998
2026-09-23T17:40,68.4,14.299998
2026-09-23T17:55,68.4,14.299998
2026-09-23T17:57,68.4,
2026-09-23T17:59,68.4,14.299998
2026-09-23T18:10,57.6,14.299998
2026-09-23T18:40,57.6,14.299998
2026-09-23T18:55,57.6,14.299998
2026-09-23T18:57,57.6,14.299998
2026-09-23T18:59,57.6,
2026-09-23T19:10,34.34,14.299998
2026-09-23T19:40,34.34,14.299998
2026-09-23T19:55,34.34,
2026-09-23T19:57,34.34,
2026-09-23T19:59,34.34,
2026-09-23T20:10,16.2,14.299998
2026-09-23T20:40,16.2,
2026-09-23T20:55,16.2,14.299998
2026-09-23T20:57,16.2,
2026-09-23T20:59,16.2,
2026-09-23T21:10,7.9,14.299998
2026-09-23T21:40,7.9,14.299998
2026-09-23T21:55,7.9,14.299998
2026-09-23T21:57,7.9,
2026-09-23T21:59,7.9,
2026-09-23T22:10,12.0,14.299998
2026-09-23T22:40,12.0,14.299998
2026-09-23T22:55,12.0,
2026-09-23T22:57,12.0,
2026-09-23T22:59,12.0,
2026-09-23T23:10,8.64,14.299998
2026-09-23T23:40,8.64,14.299998
2026-09-23T23:55,8.64,14.299998
2026-09-23T23:57,8.64,14.299998
2026-09-23T23:59,8.64,14.299998
2026-09-24T00:10,9.58,18.5
2026-09-24T00:40,9.58,
2026-09-24T00:55,9.58,
2026-09-24T00:57,9.58,
2026-09-24T00:59,9.58,
2026-09-24T01:10,7.4,
2026-09-24T01:40,7.4,18.5
2026-09-24T01:55,7.4,
2026-09-24T01:57,7.4,18.5
2026-09-24T01:59,7.4,18.5
2026-09-24T02:10,10.44,18.5
2026-09-24T02:40,10.44,18.5
2026-09-24T02:55,10.44,18.5
2026-09-24T02:57,10.44,18.5
2026-09-24T02:59,10.44,18.5
2026-09-24T03:10,4.78,18.5
2026-09-24T03:40,4.78,18.5
2026-09-24T03:55,4.78,18.5
2026-09-24T03:57,4.78,
2026-09-24T03:59,4.78,
2026-09-24T04:10,3.4,18.5
2026-09-24T04:40,3.4,18.5
2026-09-24T04:55,3.4,
2026-09-24T04:57,3.4,18.5
2026-09-24T04:59,3.4,
2026-09-24T05:10,3.12,18.5
2026-09-24T05:40,3.12,18.5
2026-09-24T05:55,3.12,
2026-09-24T05:57,3.12,
2026-09-24T05:59,3.12,
2026-09-24T06:10,0.44,18.5
2026-09-24T06:40,0.44,18.5
2026-09-24T06:55,0.44,18.5
2026-09-24T06:57,0.44,
2026-09-24T06:59,0.44,18.5
2026-09-24T07:10,-0.34,18.5
2026-09-24T07:40,-0.34,18.5
2026-09-24T07:55,-0.34,18.5
2026-09-24T07:57,-0.34,
2026-09-24T07:59,-0.34,
2026-09-24T08:10,3.26,18.5
2026-09-24T08:40,3.26,18.5
2026-09-24T08:55,3.26,18.5
2026-09-24T08:57,3.26,
2026-09-24T08:59,3.26,
2026-09-24T09:10,14.1,18.5
2026-09-24T09:40,14.1,18.5
2026-09-24T09:55,14.1,
2026-09-24T09:57,14.1,
2026-09-24T09:59,14.1,
2026-09-24T10:10,,18.5
2026-09-24T11:10,30.76,18.5
2026-09-24T11:40,30.76,18.5
2026-09-24T11:55,30.76,
2026-09-24T11:57,30.76,18.5
2026-09-24T11:59,30.76,18.5
2026-09-24T12:10,40.18,18.5
2026-09-24T12:40,40.18,18.5
2026-09-24T12:55,40.18,18.5
2026-09-24T12:57,40.18,
2026-09-24T12:59,40.18,
2026-09-24T13:10,52.32,18.5
2026-09-24T13:40,52.32,18.5
2026-09-24T13:55,52.32,
2026-09-24T13:57,52.32,18.5
2026-09-24T13:59,52.32,
2026-09-24T14:10,67.18,18.5
2026-09-24T14:40,67.18,18.5
2026-09-24T14:55,67.18,
2026-09-24T14:57,67.18,
2026-09-24T14:59,67.18,
2026-09-24T15:10,75.94,18.5
2026-09-24T15:40,75.94,18.5
2026-09-24T15:55,75.94,
2026-09-24T15:57,75.94,18.5
2026-09-24T15:59,75.94,18.5
2026-09-24T16:10,75.68,18.5
2026-09-24T16:40,75.68,18.5
2026-09-24T16:55,75.68,
2026-09-24T16:57,75.68,18.5
2026-09-24T16:59,75.68,
2026-09-24T17:10,75.22,18.5
2026-09-24T17:40,75.22,18.5
2026-09-24T17:55,75.22,18.5
2026-09-24T17:57,75.22,
2026-09-24T17:59,75.22,18.5
2026-09-24T18:10,65.92,18.5
2026-09-24T18:40,65.92,18.5
2026-09-24T18:55,65.92,
2026-09-24T18:57,65.92,18.5
2026-09-24T18:59,65.92,
2026-09-24T19:10,48.52,18.5
2026-09-24T19:40,48.52,18.5
2026-09-24T19:55,48.52,
2026-09-24T19:57,48.52,
2026-09-24T19:59,48.52,
2026-09-24T20:10,37.34,18.5
2026-09-24T20:40,37.34,
2026-09-24T20:55,37.34,18.5
2026-09-24T20:57,37.34,
2026-09-24T20:59,37.34,
2026-09-24T21:10,26.54,18.5
2026-09-24T21:40,26.54,18.5
2026-09-24T21:55,26.54,18.5
2026-09-24T21:57,26.54,
2026-09-24T21:59,26.54,
2026-09-24T22:10,18.32,18.5
2026-09-24T22:40,18.32,18.5
2026-09-24T22:55,18.32,
2026-09-24T22:57,18.32,
2026-09-24T22:59,18.32,
2026-09-24T23:10,16.44,18.5
2026-09-24T23:40,16.44,18.5
2026-09-24T23:55,16.44,18.5
2026-09-24T23:57,16.44,18.5
2026-09-24T23:59,16.44,18.5
2026-09-25T00:10,21.16,15.299998
2026-09-25T00:40,21.16,
2026-09-25T00:55,21.16,
2026-09-25T00:57,21.16,
2026-09-25T00:59,21.16,
2026-09-25T01:10,14.16,
2026-09-25T01:40,14.16,15.299998
2026-09-25T01:55,14.16,
2026-09-25T01:57,14.16,15.299998
2026-09-25T01:59,14.16,15.299998
2026-09-25T02:10,9.6,15.299998
2026-09-25T02:40,9.6,15.299998
2026-09-25T02:55,9.6,15.299998
2026-09-25T02:57,9.6,15.299998
2026-09-25T02:59,9.6,
2026-09-25T03:10,5.8,15.299998
2026-09-25T03:40,5.8,15.299998
2026-09-25T03:55,5.8,15.299998
2026-09-25T03:57,5.8,
2026-09-25T03:59,5.8,
2026-09-25T04:10,4.46,15.299998
2026-09-25T04:40,4.46,15.299998
2026-09-25T04:55,4.46,
2026-09-25T04:57,4.46,
2026-09-25T04:59,4.46,
2026-09-25T05:10,3.36,15.299998
2026-09-25T05:40,3.36,
2026-09-25T05:55,3.36,
2026-09-25T05:57,3.36,
2026-09-25T05:59,3.36,
2026-09-25T06:10,2.42,15.299998
2026-09-25T06:40,2.42,15.299998
2026-09-25T06:55,2.42,15.299998
2026-09-25T06:57,2.42,
2026-09-25T06:59,2.42,15.299998
2026-09-25T07:10,0.96,15.299998
2026-09-25T07:40,0.96,15.299998
2026-09-25T07:55,0.96,15.299998
2026-09-25T07:57,0.96,
2026-09-25T07:59,0.96,
2026-09-25T08:10,3.86,15.299998
2026-09-25T08:40,3.86,15.299998
2026-09-25T08:55,3.86,15.299998
2026-09-25T08:57,3.86,
2026-09-25T08:59,3.86,
2026-09-25T09:10,14.42,15.299998
2026-09-25T09:40,14.42,15.299998
2026-09-25T09:55,14.42,
2026-09-25T09:57,14.42,
2026-09-25T09:59,14.42,
2026-09-25T10:10,27.14,15.299998
2026-09-25T10:40,27.14,
2026-09-25T10:55,27.14,
2026-09-25T10:57,27.14,
2026-09-25T10:59,27.14,
2026-09-25T11:10,40.6,15.299998
2026-09-25T11:40,40.6,15.299998
2026-09-25T11:55,40.6,
2026-09-25T11:57,40.6,15.299998
2026-09-25T11:59,40.6,15.299998
2026-09-25T12:10,56.32,15.299998
2026-09-25T12:40,56.32,15.299998
2026-09-25T12:55,56.32,15.299998
2026-09-25T12:57,56.32,
2026-09-25T12:59,56.32,
2026-09-25T13:10,73.12,15.299998
2026-09-25T13:40,73.12,15.299998
2026-09-25T13:55,73.12,
2026-09-25T13:57,73.12,15.299998
2026-09-25T13:59,73.12,
2026-09-25T14:10,79.26,15.299998
2026-09-25T14:40,79.26,15.299998
2026-09-25T14:55,79.26,
2026-09-25T14:57,79.26,
2026-09-25T14:59,79.26,
2026-09-25T15:10,82.46,15.299998
2026-09-25T15:40,82.46,
2026-09-25T15:55,82.46,
2026-09-25T15:57,82.46,15.299998
2026-09-25T15:59,82.46,15.299998
2026-09-25T16:10,83.42,15.299998
2026-09-25T16:40,83.42,15.299998
2026-09-25T16:55,83.42,
2026-09-25T16:57,83.42,15.299998
2026-09-25T16:59,83.42,
2026-09-25T17:10,81.72,15.299998
2026-09-25T17:40,81.72,15.299998
2026-09-25T17:55,81.72,15.299998
2026-09-25T17:57,81.72,
2026-09-25T17:59,81.72,15.299998
2026-09-25T18:10,79.66,
2026-09-25T18:40,79.66,15.299998
2026-09-25T18:55,79.66,15.299998
2026-09-25T18:57,79.66,
2026-09-25T18:59,79.66,
2026-09-25T19:10,62.26,15.299998
2026-09-25T19:40,62.26,15.299998
2026-09-25T19:55,62.26,
2026-09-25T19:57,62.26,
2026-09-25T19:59,62.26,
2026-09-25T20:10,48.32,15.299998
2026-09-25T20:40,48.32,
2026-09-25T20:55,48.32,15.299998
2026-09-25T20:57,48.32,
2026-09-25T20:59,48.32,
2026-09-25T21:10,47.24,15.299998
2026-09-25T21:40,47.24,15.299998
2026-09-25T21:55,47.24,15.299998
2026-09-25T21:57,47.24,
2026-09-25T21:59,47.24,
2026-09-25T22:10,37.02,15.299998
2026-09-25T22:40,37.02,15.299998
2026-09-25T22:55,37.02,
2026-09-25T22:57,37.02,
2026-09-25T22:59,37.02,
2026-09-25T23:10,25.88,15.299998
2026-09-25T23:40,25.88,15.299998
2026-09-25T23:55,25.88,15.299998
2026-09-25T23:57,25.88,15.299998
2026-09-25T23:59,25.88,15.299998
2026-09-26T00:10,21.56,14.299998
2026-09-26T00:40,21.56,
2026-09-26T00:55,21.56,
2026-09-26T00:57,21.56,
2026-09-26T00:59,21.56,
2026-09-26T01:10,16.32,
2026-09-26T01:40,16.32,14.299998
2026-09-26T01:55,16.32,
2026-09-26T01:57,16.32,14.299998
2026-09-26T01:59,16.32,14.299998
2026-09-26T02:10,13.66,
2026-09-26T02:40,13.66,14.299998
2026-09-26T02:55,13.66,14.299998
2026-09-26T02:57,13.66,14.299998
2026-09-26T02:59,13.66,
2026-09-26T03:10,18.38,14.299998
2026-09-26T03:40,18.38,14.299998
2026-09-26T03:55,18.38,14.299998
2026-09-26T03:57,18.38,
2026-09-26T03:59,18.38,
2026-09-26T04:10,27.82,14.299998
2026-09-26T04:40,27.82,
2026-09-26T04:55,27.82,
2026-09-26T04:57,27.82,
2026-09-26T04:59,27.82,
2026-09-26T05:10,22.74,14.299998
2026-09-26T05:40,22.74,
2026-09-26T05:55,22.74,
2026-09-26T05:57,22.74,14.299998
2026-09-26T05:59,22.74,
2026-09-26T06:10,15.36,14.299998
2026-09-26T06:40,15.36,14.299998
2026-09-26T06:55,15.36,14.299998
2026-09-26T06:57,15.36,14.299998
2026-09-26T06:59,15.36,14.299998
2026-09-26T07:10,9.24,
2026-09-26T07:40,9.24,14.299998
2026-09-26T07:55,9.24,14.299998
2026-09-26T07:57,9.24,
2026-09-26T07:59,9.24,
2026-09-26T08:10,15.8,14.299998
2026-09-26T08:40,15.8,14.299998
2026-09-26T08:55,15.8,14.299998
2026-09-26T08:57,15.8,
2026-09-26T08:59,15.8,
2026-09-26T09:10,25.6,14.299998
2026-09-26T09:40,25.6,14.299998
2026-09-26T09:55,25.6,
2026-09-26T09:57,25.6,
2026-09-26T09:59,25.6,
2026-09-26T10:10,38.94,14.299998
2026-09-26T10:40,38.94,
2026-09-26T10:55,38.94,
2026-09-26T10:57,38.94,
2026-09-26T10:59,38.94,14.299998
2026-09-26T11:10,53.44,14.299998
2026-09-26T11:40,53.44,14.299998
2026-09-26T11:55,53.44,
2026-09-26T11:57,53.44,14.299998
2026-09-26T11:59,53.44,
2026-09-26T12:10,61.8,14.299998
2026-09-26T12:40,61.8,
2026-09-26T12:55,61.8,14.299998
2026-09-26T12:57,61.8,
2026-09-26T12:59,61.8,
2026-09-26T13:10,68.92,14.299998
2026-09-26T13:40,68.92,14.299998
2026-09-26T13:55,68.92,
2026-09-26T13:57,68.92,14.299998
2026-09-26T13:59,68.92,
2026-09-26T14:10,77.42,14.299998
2026-09-26T14:40,77.42,14.299998
2026-09-26T14:55,77.42,
2026-09-26T14:57,77.42,
2026-09-26T14:59,77.42,14.299998
2026-09-26T15:10,84.74,14.299998
2026-09-26T15:40,84.74,14.299998
2026-09-26T15:55,84.74,
2026-09-26T15:57,84.74,14.299998
2026-09-26T15:59,84.74,
2026-09-26T16:10,85.74,14.299998
2026-09-26T16:40,85.74,
2026-09-26T16:55,85.74,
2026-09-26T16:57,85.74,14.299998
2026-09-26T16:59,85.74,
2026-09-26T17:10,89.22,14.299998
2026-09-26T17:40,89.22,14.299998
2026-09-26T17:55,89.22,14.299998
2026-09-26T17:57,89.22,
2026-09-26T17:59,89.22,14.299998
2026-09-26T18:10,64.58,
2026-09-26T18:40,64.58,14.299998
2026-09-26T18:55,64.58,14.299998
2026-09-26T18:57,64.58,
2026-09-26T18:59,64.58,
2026-09-26T19:10,37.18,14.299998
2026-09-26T19:40,37.18,14.299998
2026-09-26T19:55,37.18,
2026-09-26T19:57,37.18,
2026-09-26T19:59,37.18,
2026-09-26T20:10,24.6,14.299998
2026-09-26T20:40,24.6,
2026-09-26T20:55,24.6,14.299998
2026-09-26T20:57,24.6,14.299998
2026-09-26T20:59,24.6,
2026-09-26T21:10,20.02,14.299998
2026-09-26T21:40,20.02,14.299998
2026-09-26T21:55,20.02,14.299998
2026-09-26T21:57,20.02,
2026-09-26T21:59,20.02,
2026-09-26T22:10,17.82,14.299998
2026-09-26T22:40,17.82,14.299998
2026-09-26T22:55,17.82,
2026-09-26T22:57,17.82,
2026-09-26T22:59,17.82,14.299998
2026-09-26T23:10,12.8,14.299998
2026-09-26T23:40,12.8,14.299998
2026-09-26T23:55,12.8,14.299998
2026-09-26T23:57,12.8,14.299998
2026-09-26T23:59,12.8,14.299998
2026-09-27T00:10,11.78,14.399997
2026-09-27T00:40,11.78,
2026-09-27T00:55,11.78,
2026-09-27T00:57,11.78,
2026-09-27T00:59,11.78,
2026-09-27T01:10,10.16,
2026-09-27T01:40,10.16,14.399997
2026-09-27T01:55,10.16,
2026-09-27T01:57,10.16,14.399997
2026-09-27T01:59,10.16,
2026-09-27T02:10,4.22,
2026-09-27T02:40,4.22,14.399997
2026-09-27T02:55,4.22,14.399997
2026-09-27T02:57,4.22,14.399997
2026-09-27T02:59,4.22,14.399997
2026-09-27T03:10,4.3,
2026-09-27T03:40,4.3,14.399997
2026-09-27T03:55,4.3,
2026-09-27T03:57,4.3,
2026-09-27T03:59,4.3,
2026-09-27T04:10,3.24,14.399997
2026-09-27T04:40,3.24,
2026-09-27T04:55,3.24,
2026-09-27T04:57,3.24,14.399997
2026-09-27T04:59,3.24,
2026-09-27T05:10,2.34,14.399997
2026-09-27T05:40,2.34,
2026-09-27T05:55,2.34,
2026-09-27T05:57,2.34,14.399997
2026-09-27T05:59,2.34,
2026-09-27T06:10,2.52,14.399997
2026-09-27T06:40,2.52,14.399997
2026-09-27T06:55,2.52,
2026-09-27T06:57,2.52,14.399997
2026-09-27T06:59,2.52,14.399997
2026-09-27T07:10,1.22,14.399997
2026-09-27T07:40,1.22,
2026-09-27T07:55,1.22,14.399997
2026-09-27T07:57,1.22,
2026-09-27T07:59,1.22,
2026-09-27T08:10,9.06,14.399997
2026-09-27T08:40,9.06,14.399997
2026-09-27T08:55,9.06,14.399997
2026-09-27T08:57,9.06,
2026-09-27T08:59,9.06,
2026-09-27T09:10,20.14,14.399997
2026-09-27T09:40,20.14,14.399997
2026-09-27T09:55,20.14,
2026-09-27T09:57,20.14,
2026-09-27T09:59,20.14,
2026-09-27T10:10,31.22,14.399997
2026-09-27T10:40,31.22,
2026-09-27T10:55,31.22,
2026-09-27T10:57,31.22,
2026-09-27T10:59,31.22,14.399997
2026-09-27T11:10,54.08,14.399997
2026-09-27T11:40,54.08,14.399997
2026-09-27T11:55,54.08,14.399997
2026-09-27T11:57,54.08,
2026-09-27T11:59,54.08,
2026-09-27T12:10,59.28,14.399997
2026-09-27T12:40,59.28,
2026-09-27T12:55,59.28,
2026-09-27T12:57,59.28,
2026-09-27T12:59,59.28,
2026-09-27T13:10,65.04,14.399997
2026-09-27T13:40,65.04,14.399997
2026-09-27T13:55,65.04,
2026-09-27T13:57,65.04,
2026-09-27T13:59,65.04,
2026-09-27T14:10,74.82,14.399997
2026-09-27T14:40,74.82,14.399997
2026-09-27T14:55,74.82,
2026-09-27T14:57,74.82,
2026-09-27T14:59,74.82,14.399997
2026-09-27T15:10,82.5,14.399997
2026-09-27T15:40,82.5,14.399997
2026-09-27T15:55,82.5,
2026-09-27T15:57,82.5,
2026-09-27T15:59,82.5,14.399997
2026-09-27T16:10,84.58,14.399997
2026-09-27T16:40,84.58,14.399997
2026-09-27T16:55,84.58,
2026-09-27T16:57,84.58,14.399997
2026-09-27T16:59,84.58,
2026-09-27T17:10,87.84,14.399997
2026-09-27T17:40,87.84,14.399997
2026-09-27T17:55,87.84,14.399997
2026-09-27T17:57,87.84,
2026-09-27T17:59,87.84,
2026-09-27T18:10,70.38,14.399997
2026-09-27T18:40,70.38,14.399997
2026-09-27T18:55,70.38,14.399997
2026-09-27T18:57,70.38,
2026-09-27T18:59,70.38,14.399997
2026-09-27T19:10,46.54,14.399997
2026-09-27T19:40,46.54,14.399997
2026-09-27T19:55,46.54,
2026-09-27T19:57,46.54,
2026-09-27T19:59,46.54,
2026-09-27T20:10,38.24,14.399997
2026-09-27T20:40,38.24,14.399997
2026-09-27T20:55,38.24,14.399997
2026-09-27T20:57,38.24,14.399997
2026-09-27T20:59,38.24,
2026-09-27T21:10,23.26,14.399997
2026-09-27T21:40,23.26,
2026-09-27T21:55,23.26,14.399997
2026-09-27T21:57,23.26,
2026-09-27T21:59,23.26,
2026-09-27T22:10,17.84,14.399997
2026-09-27T22:40,17.84,14.399997
2026-09-27T22:55,17.84,
2026-09-27T22:57,17.84,
2026-09-27T22:59,17.84,14.399997
2026-09-27T23:10,16.18,14.399997
2026-09-27T23:40,16.18,14.399997
2026-09-27T23:55,16.18,14.399997
2026-09-27T23:57,16.18,
2026-09-27T23:59,16.18,14.399997
2026-09-28T00:10,15.96,17.700003
2026-09-28T00:40,15.96,
2026-09-28T00:55,15.96,
2026-09-28T00:57,15.96,
2026-09-28T00:59,15.96,
2026-09-28T01:10,11.68,
2026-09-28T01:40,11.68,17.700003
2026-09-28T01:55,11.68,17.700003
2026-09-28T01:57,11.68,17.700003
2026-09-28T01:59,11.68,
2026-09-28T02:10,10.76,
2026-09-28T02:40,10.76,17.700003
2026-09-28T02:55,10.76,17.700003
2026-09-28T02:57,10.76,17.700003
2026-09-28T02:59,10.76,17.700003
2026-09-28T03:10,6.5,17.700003
2026-09-28T03:40,6.5,17.700003
2026-09-28T03:55,6.5,
2026-09-28T03:57,6.5,
2026-09-28T03:59,6.5,
2026-09-28T04:10,3.48,17.700003
2026-09-28T04:40,3.48,17.700003
2026-09-28T04:55,3.48,
2026-09-28T04:57,3.48,17.700003
2026-09-28T04:59,3.48,
2026-09-28T05:10,2.88,17.700003
2026-09-28T05:40,2.88,
2026-09-28T05:55,2.88,17.700003
2026-09-28T05:57,2.88,17.700003
2026-09-28T05:59,2.88,
2026-09-28T06:10,0.88,17.700003
2026-09-28T06:40,0.88,17.700003
2026-09-28T06:55,0.88,
2026-09-28T06:57,0.88,17.700003
2026-09-28T06:59,0.88,
2026-09-28T07:10,-0.26,17.700003
2026-09-28T07:40,-0.26,
2026-09-28T07:55,-0.26,17.700003
2026-09-28T07:57,-0.26,
2026-09-28T07:59,-0.26,
2026-09-28T08:10,7.02,17.700003
2026-09-28T08:40,7.02,
2026-09-28T08:55,7.02,17.700003
2026-09-28T08:57,7.02,
2026-09-28T08:59,7.02,
2026-09-28T09:10,19.7,17.700003
2026-09-28T09:12,,17.700003
2026-09-28T09:40,19.7,17.700003
2026-09-28T09:55,19.7,
2026-09-28T09:57,19.7,
2026-09-28T09:59,19.7,
2026-09-28T10:10,30.6,17.700003
2026-09-28T10:40,30.6,
2026-09-28T10:55,30.6,
2026-09-28T10:57,30.6,
2026-09-28T10:59,30.6,17.700003
2026-09-28T11:10,49.3,17.700003
2026-09-28T11:40,49.3,
2026-09-28T11:55,49.3,17.700003
2026-09-28T11:57,49.3,
2026-09-28T11:59,49.3,
2026-09-28T12:10,61.86,17.700003
2026-09-28T12:40,61.86,
2026-09-28T12:55,61.86,
2026-09-28T12:57,61.86,
2026-09-28T12:59,61.86,
2026-09-28T13:10,69.36,17.700003
2026-09-28T13:40,69.36,17.700003
2026-09-28T13:55,69.36,
2026-09-28T13:57,69.36,
2026-09-28T13:59,69.36,
2026-09-28T14:10,82.0,17.700003
2026-09-28T14:40,82.0,17.700003
2026-09-28T14:55,82.0,
2026-09-28T14:57,82.0,
2026-09-28T14:59,82.0,17.700003
2026-09-28T15:10,90.44,17.700003
2026-09-28T15:40,90.44,17.700003
2026-09-28T15:55,90.44,
2026-09-28T15:57,90.44,
2026-09-28T15:59,90.44,17.700003
2026-09-28T16:10,96.04,17.700003
2026-09-28T16:40,96.04,17.700003
2026-09-28T16:55,96.04,
2026-09-28T16:57,96.04,17.700003
2026-09-28T16:59,96.04,
2026-09-28T17:10,93.18,17.700003
2026-09-28T17:40,93.18,17.700003
2026-09-28T17:55,93.18,17.700003
2026-09-28T17:57,93.18,
2026-09-28T17:59,93.18,
2026-09-28T18:10,76.62,17.700003
2026-09-28T18:40,76.62,17.700003
2026-09-28T18:55,76.62,17.700003
2026-09-28T18:57,76.62,
2026-09-28T18:59,76.62,17.700003
2026-09-28T19:10,49.46,17.700003
2026-09-28T19:40,49.46,17.700003
2026-09-28T19:55,49.46,
2026-09-28T19:57,49.46,
2026-09-28T19:59,49.46,
2026-09-28T20:10,35.8,17.700003
2026-09-28T20:40,35.8,17.700003
2026-09-28T20:55,35.8,17.700003
2026-09-28T20:57,35.8,17.700003
2026-09-28T20:59,35.8,
2026-09-28T21:10,28.28,17.700003
2026-09-28T21:40,28.28,
2026-09-28T21:55,28.28,17.700003
2026-09-28T21:57,28.28,
2026-09-28T21:59,28.28,
2026-09-28T22:10,24.26,17.700003
2026-09-28T22:40,24.26,17.700003
2026-09-28T22:55,24.26,
2026-09-28T22:57,24.26,
2026-09-28T22:59,24.26,17.700003
2026-09-28T23:10,21.38,17.700003
2026-09-28T23:40,21.38,17.700003
2026-09-28T23:55,21.38,17.700003
2026-09-28T23:57,21.38,
2026-09-28T23:59,21.38,17.700003
2026-09-29T00:10,15.36,19.0
2026-09-29T00:40,15.36,
2026-09-29T00:55,15.36,
2026-09-29T00:57,15.36,
2026-09-29T00:59,15.36,
2026-09-29T01:10,13.54,
2026-09-29T01:40,13.54,19.0
2026-09-29T01:55,13.54,19.0
2026-09-29T01:57,13.54,19.0
2026-09-29T01:59,13.54,
2026-09-29T02:10,11.86,19.0
2026-09-29T02:40,11.86,19.0
2026-09-29T02:55,11.86,19.0
2026-09-29T02:57,11.86,
2026-09-29T02:59,11.86,19.0
2026-09-29T03:10,8.22,19.0
2026-09-29T03:40,8.22,19.0
2026-09-29T03:55,8.22,
2026-09-29T03:57,8.22,
2026-09-29T03:59,8.22,
2026-09-29T04:10,7.8,19.0
2026-09-29T04:40,7.8,19.0
2026-09-29T04:55,7.8,19.0
2026-09-29T04:57,7.8,19.0
2026-09-29T04:59,7.8,
2026-09-29T05:10,3.92,19.0
2026-09-29T05:40,3.92,19.0
2026-09-29T05:55,3.92,19.0
2026-09-29T05:57,3.92,19.0
2026-09-29T05:59,3.92,
2026-09-29T06:10,2.36,19.0
2026-09-29T06:40,2.36,19.0
2026-09-29T06:55,2.36,
2026-09-29T06:57,2.36,19.0
2026-09-29T06:59,2.36,19.0
2026-09-29T07:10,1.12,19.0
2026-09-29T07:40,1.12,19.0
2026-09-29T07:55,1.12,19.0
2026-09-29T07:57,1.12,
2026-09-29T07:59,1.12,
2026-09-29T08:10,6.64,19.0
2026-09-29T08:40,6.64,
2026-09-29T08:55,6.64,
2026-09-29T08:57,6.64,19.0
2026-09-29T08:59,6.64,
2026-09-29T09:10,15.64,19.0
2026-09-29T09:12,,19.0
2026-09-29T09:40,15.64,19.0
2026-09-29T09:55,15.64,
2026-09-29T09:57,15.64,
2026-09-29T09:59,15.64,
2026-09-29T10:10,34.98,19.0
2026-09-29T10:40,34.98,19.0
2026-09-29T10:55,34.98,
2026-09-29T10:57,34.98,
2026-09-29T10:59,34.98,19.0
2026-09-29T11:10,50.72,19.0
2026-09-29T11:40,50.72,19.0
2026-09-29T11:55,50.72,19.0
2026-09-29T11:57,50.72,
2026-09-29T11:59,50.72,
2026-09-29T12:10,65.86,19.0
2026-09-29T12:40,65.86,
2026-09-29T12:55,65.86,
2026-09-29T12:57,65.86,
2026-09-29T12:59,65.86,
2026-09-29T13:10,73.1,19.0
2026-09-29T13:40,73.1,19.0
2026-09-29T13:55,73.1,
2026-09-29T13:57,73.1,
2026-09-29T13:59,73.1,
2026-09-29T14:10,90.14,19.0
2026-09-29T14:40,90.14,19.0
2026-09-29T14:55,90.14,
2026-09-29T14:57,90.14,
2026-09-29T14:59,90.14,19.0
2026-09-29T15:10,101.7,19.0
2026-09-29T15:40,101.7,19.0
2026-09-29T15:55,101.7,
2026-09-29T15:57,101.7,
2026-09-29T15:59,,19.0
2026-09-29T16:10,99.8,19.0
2026-09-29T16:40,99.8,19.0
2026-09-29T16:55,99.8,
2026-09-29T16:57,99.8,
2026-09-29T17:10,99.28,19.0
2026-09-29T17:40,99.28,19.0
2026-09-29T17:55,99.28,19.0
2026-09-29T17:57,99.28,
2026-09-29T18:10,77.06,19.0
2026-09-29T18:40,77.06,19.0
2026-09-29T18:55,77.06,19.0
2026-09-29T18:57,77.06,
2026-09-29T18:59,,19.0
2026-09-29T19:10,70.26,19.0
2026-09-29T19:40,70.26,19.0
2026-09-29T19:55,70.26,
2026-09-29T19:57,70.26,
2026-09-29T19:59,,19.0
2026-09-29T20:10,55.98,19.0
2026-09-29T20:40,55.98,19.0
2026-09-29T20:55,55.98,
2026-09-29T20:57,55.98,19.0
2026-09-29T21:10,48.64,19.0
2026-09-29T21:40,48.64,19.0
2026-09-29T21:55,48.64,19.0
2026-09-29T21:57,48.64,
2026-09-29T22:10,29.38,19.0
2026-09-29T22:40,29.38,19.0
2026-09-29T22:55,29.38,19.0
2026-09-29T22:57,29.38,
2026-09-29T22:59,,19.0
2026-09-29T23:10,31.84,19.0
2026-09-29T23:40,31.84,19.0
2026-09-29T23:55,31.84,19.0
2026-09-29T23:57,31.84,
2026-09-30T00:10,19.0,21.299995
2026-09-30T00:40,19.0,
2026-09-30T00:55,19.0,
2026-09-30T00:57,19.0,
2026-09-30T01:10,20.26,
2026-09-30T01:40,20.26,21.299995
2026-09-30T01:55,20.26,21.299995
2026-09-30T01:57,20.26,
2026-09-30T02:10,23.08,21.299995
2026-09-30T02:40,23.08,21.299995
2026-09-30T02:55,23.08,21.299995
2026-09-30T02:57,23.08,
2026-09-30T02:59,,21.299995
2026-09-30T03:10,11.6,21.299995
2026-09-30T03:40,11.6,21.299995
2026-09-30T03:55,11.6,
2026-09-30T03:57,11.6,
2026-09-30T04:10,15.36,21.299995
2026-09-30T04:40,15.36,21.299995
2026-09-30T04:55,15.36,21.299995
2026-09-30T04:57,15.36,21.299995
2026-09-30T05:10,11.22,21.299995
2026-09-30T05:40,11.22,21.299995
2026-09-30T05:55,11.22,21.299995
2026-09-30T05:57,11.22,21.299995
2026-09-30T05:59,,21.299995
2026-09-30T06:10,13.6,21.299995
2026-09-30T06:40,13.6,21.299995
2026-09-30T06:55,13.6,
2026-09-30T06:57,13.6,21.299995
2026-09-30T06:59,,21.299995
2026-09-30T07:10,7.1,21.299995
2026-09-30T07:40,7.1,21.299995
2026-09-30T07:55,7.1,21.299995
2026-09-30T07:57,7.1,21.299995
2026-09-30T08:10,7.08,21.299995
2026-09-30T08:40,7.08,21.299995
2026-09-30T08:55,7.08,
2026-09-30T08:57,7.08,21.299995
2026-09-30T09:10,23.92,21.299995
2026-09-30T09:12,,21.299995
2026-09-30T09:40,23.92,21.299995
2026-09-30T09:55,23.92,
2026-09-30T09:57,23.92,
2026-09-30T10:10,39.32,21.299995
2026-09-30T10:40,39.32,21.299995
2026-09-30T10:55,39.32,
2026-09-30T10:57,39.32,
2026-09-30T10:59,,21.299995
2026-09-30T11:10,54.24,21.299995
2026-09-30T11:40,54.24,21.299995
2026-09-30T11:55,54.24,21.299995
2026-09-30T11:57,54.24,
2026-09-30T12:10,69.32,21.299995
2026-09-30T12:40,69.32,
2026-09-30T12:55,69.32,
2026-09-30T12:57,69.32,
2026-09-30T13:10,81.72,21.299995
2026-09-30T13:40,81.72,21.299995
2026-09-30T13:55,81.72,
2026-09-30T13:57,81.72,
2026-09-30T14:10,88.7,21.299995
2026-09-30T14:40,88.7,21.299995
2026-09-30T14:55,88.7,
2026-09-30T14:57,88.7,
2026-09-30T14:59,,21.299995
2026-09-30T15:10,94.12,21.299995
2026-09-30T15:40,94.12,21.299995
2026-09-30T15:55,94.12,
2026-09-30T15:57,94.12,
2026-09-30T15:59,,21.299995
2026-09-30T16:10,95.86,21.299995
2026-09-30T16:40,95.86,21.299995
2026-09-30T16:55,95.86,
2026-09-30T16:57,95.86,
2026-09-30T17:10,83.34,21.299995
2026-09-30T17:40,83.34,21.299995
2026-09-30T17:55,83.34,21.299995
2026-09-30T17:57,83.34,21.299995
2026-09-30T18:10,72.76,21.299995
2026-09-30T18:40,72.76,21.299995
2026-09-30T18:55,72.76,21.299995
2026-09-30T18:57,72.76,
2026-09-30T18:59,,21.299995
2026-09-30T19:10,37.92,21.299995
2026-09-30T19:40,37.92,21.299995
2026-09-30T19:55,37.92,
2026-09-30T19:57,37.92,
2026-09-30T19:59,,21.299995
2026-09-30T20:10,35.18,21.299995
2026-09-30T20:40,35.18,21.299995
2026-09-30T20:55,35.18,
2026-09-30T20:57,35.18,21.299995
2026-09-30T21:10,31.32,21.299995
2026-09-30T21:40,31.32,21.299995
2026-09-30T21:55,31.32,21.299995
2026-09-30T21:57,31.32,
2026-09-30T22:10,27.42,21.299995
2026-09-30T22:40,27.42,21.299995
2026-09-30T22:55,27.42,21.299995
2026-09-30T22:59,,21.299995
2026-09-30T23:10,25.6,21.299995
2026-09-30T23:40,25.6,21.299995
2026-09-30T23:55,25.6,
2026-10-01T00:10,21.5,20.899996
2026-10-01T00:40,21.5,
2026-10-01T00:55,21.5,
2026-10-01T01:10,21.4,
2026-10-01T01:40,21.4,20.899996
2026-10-01T01:55,21.4,20.899996
2026-10-01T02:10,22.56,20.899996
2026-10-01T02:40,22.56,20.899996
2026-10-01T02:55,22.56,20.899996
2026-10-01T02:59,,20.899996
2026-10-01T03:10,20.88,20.899996
2026-10-01T03:40,20.88,20.899996
2026-10-01T03:55,20.88,20.899996
2026-10-01T04:10,12.9,20.899996
2026-10-01T04:40,12.9,20.899996
2026-10-01T04:55,12.9,20.899996
2026-10-01T04:57,,20.899996
2026-10-01T05:10,18.22,20.899996
2026-10-01T05:40,18.22,20.899996
2026-10-01T05:55,18.22,20.899996
2026-10-01T05:57,18.22,20.899996
2026-10-01T05:59,,20.899996
2026-10-01T06:10,18.22,20.899996
2026-10-01T06:40,18.22,20.899996
2026-10-01T06:55,18.22,
2026-10-01T06:57,18.22,20.899996
2026-10-01T06:59,,20.899996
2026-10-01T07:10,14.54,20.899996
2026-10-01T07:40,14.54,20.899996
2026-10-01T07:55,14.54,20.899996
2026-10-01T07:57,14.54,20.899996
2026-10-01T08:10,13.5,20.899996
2026-10-01T08:40,13.5,20.899996
2026-10-01T08:55,13.5,
2026-10-01T08:57,13.5,20.899996
2026-10-01T09:10,25.68,20.899996
2026-10-01T09:12,,20.899996
2026-10-01T09:40,25.68,20.899996
2026-10-01T09:55,25.68,
2026-10-01T09:57,25.68,
2026-10-01T10:10,40.58,20.899996
2026-10-01T10:40,40.58,20.899996
2026-10-01T10:55,40.58,
2026-10-01T10:57,40.58,
2026-10-01T10:59,40.58,20.899996
2026-10-01T11:10,53.44,20.899996
2026-10-01T11:40,53.44,20.899996
2026-10-01T11:55,53.44,20.899996
2026-10-01T11:57,53.44,
2026-10-01T11:59,53.44,
2026-10-01T12:10,66.3,20.899996
2026-10-01T12:40,66.3,20.899996
2026-10-01T12:55,66.3,
2026-10-01T12:57,66.3,
2026-10-01T12:59,66.3,
2026-10-01T13:10,79.34,20.899996
2026-10-01T13:40,79.34,20.899996
2026-10-01T13:55,79.34,
2026-10-01T13:57,79.34,
2026-10-01T13:59,79.34,
2026-10-01T14:10,90.32,20.899996
2026-10-01T14:40,90.32,20.899996
2026-10-01T14:55,90.32,
2026-10-01T14:57,90.32,
2026-10-01T14:59,90.32,20.899996
2026-10-01T15:10,99.84,20.899996
2026-10-01T15:40,99.84,20.899996
2026-10-01T15:55,99.84,
2026-10-01T15:57,99.84,
2026-10-01T15:59,99.84,20.899996
2026-10-01T16:10,100.06,20.899996
2026-10-01T16:40,100.06,20.899996
2026-10-01T16:55,100.06,
2026-10-01T16:57,100.06,
2026-10-01T16:59,100.06,
2026-10-01T17:10,94.34,20.899996
2026-10-01T17:40,94.34,20.899996
2026-10-01T17:55,94.34,20.899996
2026-10-01T17:57,94.34,20.899996
2026-10-01T17:59,94.34,
2026-10-01T18:10,64.94,20.899996
2026-10-01T18:40,64.94,20.899996
2026-10-01T18:55,64.94,20.899996
2026-10-01T18:57,64.94,
2026-10-01T18:59,64.94,20.899996
2026-10-01T19:10,50.1,20.899996
2026-10-01T19:40,50.1,20.899996
2026-10-01T19:55,50.1,
2026-10-01T19:57,50.1,
2026-10-01T19:59,50.1,20.899996
2026-10-01T20:10,38.1,20.899996
2026-10-01T20:40,38.1,20.899996
2026-10-01T20:55,38.1,
2026-10-01T20:57,38.1,20.899996
2026-10-01T20:59,38.1,
2026-10-01T21:10,25.08,20.899996
2026-10-01T21:40,25.08,20.899996
2026-10-01T21:55,25.08,20.899996
2026-10-01T21:57,25.08,
2026-10-01T21:59,25.08,
2026-10-01T22:10,25.18,20.899996
2026-10-01T22:40,25.18,20.899996
2026-10-01T22:55,25.18,20.899996
2026-10-01T22:57,25.18,
2026-10-01T22:59,25.18,20.899996
2026-10-01T23:10,18.32,20.899996
2026-10-01T23:40,18.32,20.899996
2026-10-01T23:55,18.32,
2026-10-01T23:57,18.32,20.899996
2026-10-01T23:59,18.32,
2026-10-02T00:10,18.22,17.899996
2026-10-02T00:40,18.22,
2026-10-02T00:55,18.22,
2026-10-02T00:57,18.22,
2026-10-02T00:59,18.22,
2026-10-02T01:10,17.02,
2026-10-02T01:40,17.02,17.899996
2026-10-02T01:55,17.02,17.899996
2026-10-02T01:57,17.02,
2026-10-02T01:59,17.02,
2026-10-02T02:10,14.44,17.899996
2026-10-02T02:40,14.44,17.899996
2026-10-02T02:55,14.44,17.899996
2026-10-02T02:57,14.44,
2026-10-02T02:59,14.44,17.899996
2026-10-02T03:10,11.68,17.899996
2026-10-02T03:40,11.68,17.899996
2026-10-02T03:55,11.68,17.899996
2026-10-02T03:57,11.68,
2026-10-02T03:59,11.68,
2026-10-02T04:10,10.42,17.899996
2026-10-02T04:40,10.42,17.899996
2026-10-02T04:55,10.42,17.899996
2026-10-02T04:57,10.42,17.899996
2026-10-02T04:59,10.42,
2026-10-02T05:10,13.0,17.899996
2026-10-02T05:40,13.0,17.899996
2026-10-02T05:55,13.0,17.899996
2026-10-02T05:57,13.0,
2026-10-02T05:59,13.0,17.899996
2026-10-02T06:10,5.38,17.899996
2026-10-02T06:40,5.38,17.899996
2026-10-02T06:55,5.38,
2026-10-02T06:57,5.38,
2026-10-02T06:59,5.38,17.899996
2026-10-02T07:10,2.04,17.899996
2026-10-02T07:40,2.04,17.899996
2026-10-02T07:55,2.04,
2026-10-02T07:57,2.04,17.899996
2026-10-02T07:59,2.04,
2026-10-02T08:10,5.36,17.899996
2026-10-02T08:40,5.36,17.899996
2026-10-02T08:55,5.36,
2026-10-02T08:57,5.36,17.899996
2026-10-02T08:59,5.36,
2026-10-02T09:10,14.72,17.899996
2026-10-02T09:12,,17.899996
2026-10-02T09:40,14.72,17.899996
2026-10-02T09:55,14.72,
2026-10-02T09:57,14.72,
2026-10-02T09:59,14.72,
2026-10-02T10:10,22.82,17.899996
2026-10-02T10:40,22.82,17.899996
2026-10-02T10:55,22.82,
2026-10-02T10:57,22.82,
2026-10-02T10:59,22.82,17.899996
2026-10-02T11:10,50.9,17.899996
2026-10-02T11:40,50.9,17.899996
2026-10-02T11:55,50.9,17.899996
2026-10-02T11:57,50.9,
2026-10-02T11:59,50.9,
2026-10-02T12:10,61.52,17.899996
2026-10-02T12:40,61.52,17.899996
2026-10-02T12:55,61.52,
2026-10-02T12:57,61.52,
2026-10-02T12:59,61.52,
2026-10-02T13:10,72.64,17.899996
2026-10-02T13:40,72.64,17.899996
2026-10-02T13:55,72.64,
2026-10-02T13:57,72.64,
2026-10-02T13:59,72.64,
2026-10-02T14:10,85.54,17.899996
2026-10-02T14:40,85.54,17.899996
2026-10-02T14:55,85.54,
2026-10-02T14:57,85.54,
2026-10-02T14:59,85.54,17.899996
2026-10-02T15:10,94.52,17.899996
2026-10-02T15:40,94.52,17.899996
2026-10-02T15:55,94.52,
2026-10-02T15:57,94.52,
2026-10-02T15:59,94.52,17.899996
2026-10-02T16:10,95.0,17.899996
2026-10-02T16:40,95.0,17.899996
2026-10-02T16:55,95.0,
2026-10-02T16:57,95.0,17.899996
2026-10-02T16:59,95.0,
2026-10-02T17:10,94.58,17.899996
2026-10-02T17:40,94.58,17.899996
2026-10-02T17:55,94.58,17.899996
2026-10-02T17:57,94.58,17.899996
2026-10-02T17:59,94.58,
2026-10-02T18:10,78.32,17.899996
2026-10-02T18:40,78.32,17.899996
2026-10-02T18:55,78.32,17.899996
2026-10-02T18:57,78.32,
2026-10-02T18:59,78.32,17.899996
2026-10-02T19:10,54.62,17.899996
2026-10-02T19:40,54.62,17.899996
2026-10-02T19:55,54.62,
2026-10-02T19:57,54.62,
2026-10-02T19:59,54.62,17.899996
2026-10-02T20:10,39.46,17.899996
2026-10-02T20:40,39.46,17.899996
2026-10-02T20:55,39.46,
2026-10-02T20:57,39.46,17.899996
2026-10-02T20:59,39.46,
2026-10-02T21:10,27.48,17.899996
2026-10-02T21:40,27.48,17.899996
2026-10-02T21:55,27.48,17.899996
2026-10-02T21:57,27.48,
2026-10-02T21:59,27.48,17.899996
2026-10-02T22:10,26.92,17.899996
2026-10-02T22:40,26.92,17.899996
2026-10-02T22:55,26.92,17.899996
2026-10-02T22:57,26.92,
2026-10-02T22:59,26.92,17.899996
2026-10-02T23:10,23.46,17.899996
2026-10-02T23:40,23.46,17.899996
2026-10-02T23:55,23.46,
2026-10-02T23:57,23.46,17.899996
2026-10-02T23:59,23.46,
2026-10-03T00:10,18.62,15.0
2026-10-03T00:40,18.62,
2026-10-03T00:55,18.62,
2026-10-03T00:57,18.62,
2026-10-03T00:59,18.62,
2026-10-03T01:10,13.52,
2026-10-03T01:40,13.52,15.0
2026-10-03T01:55,13.52,15.0
2026-10-03T01:57,13.52,
2026-10-03T01:59,13.52,
2026-10-03T02:10,13.1,15.0
2026-10-03T02:40,13.1,15.0
2026-10-03T02:55,13.1,15.0
2026-10-03T02:57,13.1,
2026-10-03T02:59,13.1,
2026-10-03T03:10,10.26,15.0
2026-10-03T03:40,10.26,15.0
2026-10-03T03:55,10.26,15.0
2026-10-03T03:57,10.26,
2026-10-03T03:59,10.26,
2026-10-03T04:10,9.84,15.0
2026-10-03T04:40,9.84,15.0
2026-10-03T04:55,9.84,15.0
2026-10-03T04:57,9.84,
2026-10-03T04:59,9.84,15.0
2026-10-03T05:10,7.8,15.0
2026-10-03T05:40,7.8,15.0
2026-10-03T05:55,7.8,15.0
2026-10-03T05:57,7.8,
2026-10-03T05:59,7.8,15.0
2026-10-03T06:10,6.02,15.0
2026-10-03T06:40,6.02,15.0
2026-10-03T06:55,6.02,
2026-10-03T06:57,6.02,
2026-10-03T06:59,6.02,15.0
2026-10-03T07:10,5.24,15.0
2026-10-03T07:40,5.24,15.0
2026-10-03T07:55,5.24,
2026-10-03T07:57,5.24,15.0
2026-10-03T07:59,5.24,15.0
2026-10-03T08:10,13.72,15.0
2026-10-03T08:40,13.72,15.0
2026-10-03T08:55,13.72,
2026-10-03T08:57,13.72,15.0
2026-10-03T08:59,13.72,
2026-10-03T09:10,20.88,15.0
2026-10-03T09:12,20.88,15.0
2026-10-03T09:40,20.88,15.0
2026-10-03T09:55,20.88,
2026-10-03T09:57,20.88,
2026-10-03T09:59,20.88,15.0
2026-10-03T10:10,31.38,15.0
2026-10-03T10:12,31.38,
2026-10-03T10:40,31.38,15.0
2026-10-03T10:55,31.38,
2026-10-03T10:57,31.38,
2026-10-03T10:59,31.38,15.0
2026-10-03T11:10,48.58,15.0
2026-10-03T11:12,48.58,
2026-10-03T11:40,48.58,15.0
2026-10-03T11:55,48.58,15.0
2026-10-03T11:57,48.58,
2026-10-03T11:59,48.58,
2026-10-03T12:10,63.98,15.0
2026-10-03T12:12,63.98,
2026-10-03T12:40,63.98,15.0
2026-10-03T12:55,63.98,
2026-10-03T12:57,63.98,
2026-10-03T12:59,63.98,
2026-10-03T13:10,67.92,15.0
2026-10-03T13:12,67.92,
2026-10-03T13:40,67.92,15.0
2026-10-03T13:55,67.92,15.0
2026-10-03T13:57,67.92,
2026-10-03T13:59,67.92,
2026-10-03T14:10,75.7,15.0
2026-10-03T14:12,75.7,
2026-10-03T14:40,75.7,15.0
2026-10-03T14:55,75.7,
2026-10-03T14:57,75.7,
2026-10-03T14:59,75.7,
2026-10-03T15:10,82.84,15.0
2026-10-03T15:12,82.84,
2026-10-03T15:40,82.84,15.0
2026-10-03T15:55,82.84,
2026-10-03T15:57,82.84,
2026-10-03T15:59,82.84,15.0
2026-10-03T16:10,88.46,15.0
2026-10-03T16:12,88.46,
2026-10-03T16:40,88.46,15.0
2026-10-03T16:55,88.46,
2026-10-03T16:57,88.46,15.0
2026-10-03T16:59,88.46,
2026-10-03T17:10,87.78,15.0
2026-10-03T17:12,87.78,
2026-10-03T17:40,87.78,15.0
2026-10-03T17:55,87.78,15.0
2026-10-03T17:57,87.78,15.0
2026-10-03T17:59,87.78,
2026-10-03T18:10,70.82,15.0
2026-10-03T18:12,70.82,
2026-10-03T18:40,70.82,15.0
2026-10-03T18:55,70.82,15.0
2026-10-03T18:57,70.82,
2026-10-03T18:59,70.82,15.0
2026-10-03T19:10,48.04,15.0
2026-10-03T19:12,48.04,
2026-10-03T19:40,48.04,15.0
2026-10-03T19:55,48.04,
2026-10-03T19:57,48.04,
2026-10-03T19:59,48.04,15.0
2026-10-03T20:10,28.06,15.0
2026-10-03T20:12,28.06,
2026-10-03T20:40,28.06,15.0
2026-10-03T20:55,28.06,
2026-10-03T20:57,28.06,
2026-10-03T20:59,28.06,15.0
2026-10-03T21:10,26.38,15.0
2026-10-03T21:12,26.38,
2026-10-03T21:40,26.38,15.0
2026-10-03T21:55,26.38,15.0
2026-10-03T21:57,26.38,
2026-10-03T21:59,26.38,15.0
2026-10-03T22:10,22.66,15.0
2026-10-03T22:12,22.66,
2026-10-03T22:40,22.66,15.0
2026-10-03T22:55,22.66,15.0
2026-10-03T22:57,22.66,
2026-10-03T22:59,22.66,
2026-10-03T23:10,24.66,15.0
2026-10-03T23:12,24.66,
2026-10-03T23:40,24.66,15.0
2026-10-03T23:55,24.66,
2026-10-03T23:57,24.66,15.0
2026-10-03T23:59,24.66,
2026-10-04T00:10,16.58,15.5
2026-10-04T00:12,16.58,
2026-10-04T00:40,16.58,
2026-10-04T00:55,16.58,
2026-10-04T00:57,16.58,
2026-10-04T00:59,16.58,
2026-10-04T01:10,13.5,
2026-10-04T01:12,13.5,
2026-10-04T01:40,13.5,15.5
2026-10-04T01:55,13.5,15.5
2026-10-04T01:57,13.5,
2026-10-04T01:59,13.5,
2026-10-04T02:10,14.78,15.5
2026-10-04T02:12,14.78,
2026-10-04T02:40,14.78,15.5
2026-10-04T02:55,14.78,15.5
2026-10-04T02:57,14.78,
2026-10-04T02:59,14.78,
2026-10-04T03:10,13.48,15.5
2026-10-04T03:12,13.48,
2026-10-04T03:40,13.48,15.5
2026-10-04T03:55,13.48,15.5
2026-10-04T03:57,13.48,
2026-10-04T03:59,13.48,
2026-10-04T04:10,11.78,15.5
2026-10-04T04:12,11.78,
2026-10-04T04:40,11.78,15.5
2026-10-04T04:55,11.78,15.5
2026-10-04T04:59,11.78,15.5
2026-10-04T05:10,9.58,15.5
2026-10-04T05:12,9.58,
2026-10-04T05:40,9.58,15.5
2026-10-04T05:55,9.58,
2026-10-04T05:59,9.58,15.5
2026-10-04T06:10,8.16,15.5
2026-10-04T06:12,8.16,
2026-10-04T06:40,8.16,15.5
2026-10-04T06:55,8.16,
2026-10-04T06:59,8.16,15.5
2026-10-04T07:10,8.18,15.5
2026-10-04T07:12,8.18,
2026-10-04T07:40,8.18,15.5
2026-10-04T07:55,8.18,
2026-10-04T07:57,,15.5
2026-10-04T07:59,8.18,15.5
2026-10-04T08:10,18.34,15.5
2026-10-04T08:12,18.34,
2026-10-04T08:40,18.34,15.5
2026-10-04T08:55,18.34,
2026-10-04T08:57,18.34,15.5
2026-10-04T08:59,18.34,
2026-10-04T09:10,27.08,15.5
2026-10-04T09:12,27.08,
2026-10-04T09:40,27.08,15.5
2026-10-04T09:55,27.08,
2026-10-04T09:57,27.08,
2026-10-04T09:59,27.08,15.5
2026-10-04T10:10,35.52,15.5
2026-10-04T10:12,35.52,
2026-10-04T10:40,35.52,15.5
2026-10-04T10:55,35.52,
2026-10-04T10:57,35.52,
2026-10-04T10:59,35.52,15.5
2026-10-04T11:10,54.2,15.5
2026-10-04T11:12,54.2,
2026-10-04T11:40,54.2,15.5
2026-10-04T11:55,54.2,
2026-10-04T11:57,54.2,
2026-10-04T11:59,54.2,
2026-10-04T12:10,67.48,15.5
2026-10-04T12:12,67.48,
2026-10-04T12:40,67.48,15.5
2026-10-04T12:55,67.48,
2026-10-04T12:57,67.48,
2026-10-04T12:59,67.48,
2026-10-04T13:10,74.3,15.5
2026-10-04T13:12,74.3,
2026-10-04T13:40,74.3,15.5
2026-10-04T13:55,74.3,15.5
2026-10-04T13:57,74.3,
2026-10-04T13:59,74.3,
2026-10-04T14:10,77.48,15.5
2026-10-04T14:12,77.48,
2026-10-04T14:40,77.48,15.5
2026-10-04T14:55,77.48,
2026-10-04T14:57,77.48,
2026-10-04T14:59,77.48,
2026-10-04T15:10,82.98,15.5
2026-10-04T15:12,82.98,
2026-10-04T15:40,82.98,15.5
2026-10-04T15:55,82.98,
2026-10-04T15:57,82.98,
2026-10-04T15:59,82.98,
2026-10-04T16:10,92.0,15.5
2026-10-04T16:12,92.0,
2026-10-04T16:40,92.0,15.5
2026-10-04T16:55,92.0,
2026-10-04T16:57,92.0,15.5
2026-10-04T16:59,92.0,
2026-10-04T17:10,87.64,15.5
2026-10-04T17:12,87.64,
2026-10-04T17:40,87.64,15.5
2026-10-04T17:55,87.64,15.5
2026-10-04T17:57,87.64,15.5
2026-10-04T17:59,87.64,
2026-10-04T18:10,61.52,15.5
2026-10-04T18:12,61.52,
2026-10-04T18:40,61.52,15.5
2026-10-04T18:55,61.52,15.5
2026-10-04T18:57,61.52,
2026-10-04T18:59,61.52,15.5
2026-10-04T19:10,38.12,15.5
2026-10-04T19:12,38.12,
2026-10-04T19:40,38.12,15.5
2026-10-04T19:55,38.12,
2026-10-04T19:57,38.12,
2026-10-04T19:59,38.12,15.5
2026-10-04T20:10,29.86,15.5
2026-10-04T20:12,29.86,
2026-10-04T20:40,29.86,15.5
2026-10-04T20:55,29.86,
2026-10-04T20:57,29.86,
2026-10-04T20:59,29.86,15.5
2026-10-04T21:10,20.32,15.5
2026-10-04T21:12,20.32,
2026-10-04T21:40,20.32,15.5
2026-10-04T21:55,20.32,15.5
2026-10-04T21:57,20.32,
2026-10-04T21:59,20.32,15.5
2026-10-04T22:10,19.72,15.5
2026-10-04T22:12,19.72,
2026-10-04T22:40,19.72,15.5
2026-10-04T22:55,19.72,15.5
2026-10-04T22:57,19.72,
2026-10-04T22:59,19.72,
2026-10-04T23:10,18.62,15.5
2026-10-04T23:12,18.62,
2026-10-04T23:40,18.62,
2026-10-04T23:55,18.62,
2026-10-04T23:57,18.62,15.5
2026-10-04T23:59,18.62,
2026-10-05T00:10,14.86,20.0
2026-10-05T00:12,14.86,
2026-10-05T00:40,14.86,
2026-10-05T00:55,14.86,
2026-10-05T00:57,14.86,
2026-10-05T00:59,14.86,
2026-10-05T01:10,13.76,
2026-10-05T01:12,13.76,
2026-10-05T01:40,13.76,20.0
2026-10-05T01:55,13.76,20.0
2026-10-05T01:57,13.76,
2026-10-05T01:59,13.76,
2026-10-05T02:10,11.96,20.0
2026-10-05T02:12,11.96,
2026-10-05T02:40,11.96,
2026-10-05T02:55,11.96,20.0
2026-10-05T02:57,11.96,
2026-10-05T02:59,11.96,
2026-10-05T03:10,11.42,20.0
2026-10-05T03:12,11.42,
2026-10-05T03:40,11.42,20.0
2026-10-05T03:55,11.42,20.0
2026-10-05T03:57,11.42,
2026-10-05T03:59,11.42,
2026-10-05T04:10,9.56,20.0
2026-10-05T04:12,9.56,
2026-10-05T04:40,9.56,20.0
2026-10-05T04:55,9.56,
2026-10-05T04:57,9.56,
2026-10-05T04:59,9.56,20.0
2026-10-05T05:10,6.64,20.0
2026-10-05T05:12,6.64,
2026-10-05T05:40,6.64,20.0
2026-10-05T05:55,6.64,
2026-10-05T05:57,6.64,
2026-10-05T05:59,6.64,20.0
2026-10-05T06:10,1.64,20.0
2026-10-05T06:12,1.64,
2026-10-05T06:40,1.64,20.0
2026-10-05T06:55,1.64,
2026-10-05T06:57,1.64,
2026-10-05T06:59,1.64,20.0
2026-10-05T07:10,3.64,20.0
2026-10-05T07:12,3.64,
2026-10-05T07:40,3.64,20.0
2026-10-05T07:55,3.64,
2026-10-05T07:57,3.64,20.0
2026-10-05T07:59,3.64,20.0
2026-10-05T08:10,1.38,20.0
2026-10-05T08:40,1.38,20.0
2026-10-05T08:55,1.38,
2026-10-05T08:57,1.38,20.0
2026-10-05T08:59,1.38,
2026-10-05T09:10,8.2,20.0
2026-10-05T09:40,8.2,20.0
2026-10-05T09:55,8.2,
2026-10-05T09:57,8.2,
2026-10-05T09:59,8.2,20.0
2026-10-05T10:10,24.32,20.0
2026-10-05T10:40,24.32,20.0
2026-10-05T10:55,24.32,
2026-10-05T10:57,24.32,
2026-10-05T10:59,24.32,20.0
2026-10-05T11:10,32.06,20.0
2026-10-05T11:40,32.06,20.0
2026-10-05T11:55,32.06,
2026-10-05T11:57,32.06,
2026-10-05T11:59,32.06,
2026-10-05T12:10,28.08,20.0
2026-10-05T12:40,28.08,20.0
2026-10-05T12:55,28.08,
2026-10-05T12:57,28.08,
2026-10-05T12:59,28.08,
2026-10-05T13:10,38.9,20.0
2026-10-05T13:40,38.9,20.0
2026-10-05T13:55,38.9,20.0
2026-10-05T13:57,38.9,
2026-10-05T13:59,38.9,
2026-10-05T14:10,46.9,20.0
2026-10-05T14:40,46.9,20.0
2026-10-05T14:55,46.9,
2026-10-05T14:57,46.9,
2026-10-05T14:59,46.9,
2026-10-05T15:10,60.82,20.0
2026-10-05T15:40,60.82,20.0
2026-10-05T15:55,60.82,
2026-10-05T15:57,60.82,
2026-10-05T15:59,60.82,
2026-10-05T16:10,59.72,20.0
2026-10-05T16:40,59.72,20.0
2026-10-05T16:55,59.72,
2026-10-05T16:57,59.72,20.0
2026-10-05T16:59,59.72,
2026-10-05T17:10,53.82,20.0
2026-10-05T17:40,53.82,20.0
2026-10-05T17:55,53.82,
2026-10-05T17:57,53.82,20.0
2026-10-05T17:59,53.82,
2026-10-05T18:10,35.88,20.0
2026-10-05T18:40,35.88,20.0
2026-10-05T18:55,35.88,20.0
2026-10-05T18:57,35.88,
2026-10-05T18:59,35.88,20.0
2026-10-05T19:10,12.5,20.0
2026-10-05T19:40,12.5,20.0
2026-10-05T19:55,12.5,
2026-10-05T19:57,12.5,
2026-10-05T19:59,12.5,20.0
2026-10-05T20:10,5.14,20.0
2026-10-05T20:40,5.14,20.0
2026-10-05T20:55,5.14,
2026-10-05T20:57,5.14,
2026-10-05T20:59,5.14,20.0
2026-10-05T21:10,7.0,20.0
2026-10-05T21:40,7.0,20.0
2026-10-05T21:55,7.0,20.0
2026-10-05T21:57,7.0,
2026-10-05T21:59,7.0,20.0
2026-10-05T22:10,6.42,
2026-10-05T22:40,6.42,20.0
2026-10-05T22:55,6.42,20.0
2026-10-05T22:57,6.42,
2026-10-05T22:59,6.42,
2026-10-05T23:10,7.3,
2026-10-05T23:40,7.3,
2026-10-05T23:55,7.3,
2026-10-05T23:57,7.3,20.0
2026-10-05T23:59,7.3,
2026-10-06T00:10,6.0,16.299997
2026-10-06T00:40,6.0,
2026-10-06T00:55,6.0,
2026-10-06T00:57,6.0,
2026-10-06T00:59,6.0,
2026-10-06T01:10,6.2,
2026-10-06T01:40,6.2,
2026-10-06T01:55,6.2,16.299997
2026-10-06T01:57,6.2,
2026-10-06T01:59,6.2,
2026-10-06T02:10,5.58,16.299997
2026-10-06T02:40,5.58,
2026-10-06T02:55,5.58,16.299997
2026-10-06T02:57,5.58,
2026-10-06T02:59,5.58,
2026-10-06T03:10,4.2,16.299997
2026-10-06T03:40,4.2,16.299997
2026-10-06T03:55,4.2,16.299997
2026-10-06T03:57,4.2,
2026-10-06T03:59,4.2,
2026-10-06T04:10,7.92,16.299997
2026-10-06T04:40,7.92,16.299997
2026-10-06T04:55,7.92,
2026-10-06T04:57,7.92,
2026-10-06T04:59,7.92,16.299997
2026-10-06T05:10,9.06,16.299997
2026-10-06T05:40,9.06,16.299997
2026-10-06T05:55,9.06,
2026-10-06T05:57,9.06,
2026-10-06T05:59,9.06,16.299997
2026-10-06T06:10,3.4,16.299997
2026-10-06T06:40,3.4,16.299997
2026-10-06T06:55,3.4,
2026-10-06T06:57,3.4,
2026-10-06T06:59,3.4,
2026-10-06T07:10,0.34,16.299997
2026-10-06T07:40,0.34,16.299997
2026-10-06T07:55,0.34,
2026-10-06T07:57,0.34,
2026-10-06T07:59,0.34,16.299997
2026-10-06T08:10,4.06,16.299997
2026-10-06T08:40,4.06,
2026-10-06T08:55,4.06,
2026-10-06T08:57,4.06,16.299997
2026-10-06T08:59,4.06,
2026-10-06T09:10,10.8,16.299997
2026-10-06T09:40,10.8,16.299997
2026-10-06T09:55,10.8,
2026-10-06T09:57,10.8,
2026-10-06T09:59,10.8,16.299997
2026-10-06T10:10,24.32,16.299997
2026-10-06T10:40,24.32,16.299997
2026-10-06T10:55,24.32,
2026-10-06T10:57,24.32,
2026-10-06T10:59,24.32,16.299997
2026-10-06T11:10,45.98,16.299997
2026-10-06T11:40,45.98,16.299997
2026-10-06T11:55,45.98,
2026-10-06T11:57,45.98,
2026-10-06T11:59,45.98,
2026-10-06T12:10,52.04,16.299997
2026-10-06T12:40,52.04,16.299997
2026-10-06T12:55,52.04,
2026-10-06T12:57,52.04,
2026-10-06T12:59,52.04,
2026-10-06T13:10,61.38,16.299997
2026-10-06T13:40,61.38,16.299997
2026-10-06T13:55,61.38,16.299997
2026-10-06T13:57,61.38,
2026-10-06T13:59,61.38,
2026-10-06T14:10,72.18,16.299997
2026-10-06T14:40,72.18,16.299997
2026-10-06T14:55,72.18,
2026-10-06T14:57,72.18,
2026-10-06T14:59,72.18,
2026-10-06T15:10,86.7,16.299997
2026-10-06T15:40,86.7,16.299997
2026-10-06T15:55,86.7,
2026-10-06T15:57,86.7,
2026-10-06T15:59,86.7,
2026-10-06T16:10,89.36,16.299997
2026-10-06T16:40,89.36,16.299997
2026-10-06T16:55,89.36,
2026-10-06T16:57,89.36,16.299997
2026-10-06T16:59,89.36,
2026-10-06T17:10,94.66,16.299997
2026-10-06T17:40,94.66,16.299997
2026-10-06T17:55,94.66,
2026-10-06T17:57,94.66,16.299997
2026-10-06T17:59,94.66,
2026-10-06T18:10,74.96,16.299997
2026-10-06T18:40,74.96,16.299997
2026-10-06T18:55,74.96,16.299997
2026-10-06T18:57,74.96,
2026-10-06T18:59,74.96,16.299997
2026-10-06T19:10,44.8,16.299997
2026-10-06T19:40,44.8,16.299997
2026-10-06T19:55,44.8,
2026-10-06T19:57,44.8,
2026-10-06T19:59,44.8,
2026-10-06T20:10,33.48,16.299997
2026-10-06T20:40,33.48,16.299997
2026-10-06T20:55,33.48,
2026-10-06T20:57,33.48,
2026-10-06T20:59,33.48,16.299997
2026-10-06T21:10,29.14,16.299997
2026-10-06T21:40,29.14,16.299997
2026-10-06T21:55,29.14,16.299997
2026-10-06T21:57,29.14,
2026-10-06T21:59,29.14,16.299997
2026-10-06T22:10,25.02,
2026-10-06T22:40,25.02,16.299997
2026-10-06T22:55,25.02,16.299997
2026-10-06T22:57,25.02,
2026-10-06T22:59,25.02,
2026-10-06T23:10,21.34,
2026-10-06T23:40,21.34,
2026-10-06T23:55,21.34,
2026-10-06T23:57,21.34,16.299997
2026-10-06T23:59,21.34,
2026-10-07T00:10,20.4,25.1
2026-10-07T00:40,20.4,
2026-10-07T00:55,20.4,
2026-10-07T00:57,20.4,
2026-10-07T00:59,20.4,
2026-10-07T01:10,18.12,
2026-10-07T01:40,18.12,
2026-10-07T01:55,18.12,25.1
2026-10-07T01:57,18.12,
2026-10-07T01:59,18.12,
2026-10-07T02:10,12.74,25.1
2026-10-07T02:40,12.74,
2026-10-07T02:55,12.74,
2026-10-07T02:57,12.74,
2026-10-07T02:59,12.74,
2026-10-07T03:10,10.14,25.1
2026-10-07T03:40,10.14,25.1
2026-10-07T03:55,10.14,
2026-10-07T03:57,10.14,
2026-10-07T03:59,10.14,
2026-10-07T04:10,12.02,25.1
2026-10-07T04:40,12.02,
2026-10-07T04:55,12.02,
2026-10-07T04:57,12.02,
2026-10-07T04:59,12.02,25.1
2026-10-07T05:10,7.76,25.1
2026-10-07T05:40,7.76,25.1
2026-10-07T05:55,7.76,
2026-10-07T05:57,7.76,
2026-10-07T05:59,7.76,
2026-10-07T06:10,8.26,25.1
2026-10-07T06:40,8.26,25.1
2026-10-07T06:55,8.26,
2026-10-07T06:57,8.26,
2026-10-07T06:59,8.26,
2026-10-07T07:10,5.5,25.1
2026-10-07T07:40,5.5,
2026-10-07T07:55,5.5,
2026-10-07T07:57,5.5,
2026-10-07T07:59,5.5,25.1
2026-10-07T08:10,8.34,25.1
2026-10-07T08:40,8.34,
2026-10-07T08:55,8.34,
2026-10-07T08:57,8.34,25.1
2026-10-07T08:59,8.34,
2026-10-07T09:10,21.82,25.1
2026-10-07T09:40,21.82,
2026-10-07T09:55,21.82,
2026-10-07T09:57,21.82,
2026-10-07T09:59,21.82,25.1
2026-10-07T10:10,34.32,25.1
2026-10-07T10:40,34.32,25.1
2026-10-07T10:55,34.32,
2026-10-07T10:57,34.32,
2026-10-07T10:59,34.32,25.1
2026-10-07T11:10,56.22,25.1
2026-10-07T11:40,56.22,25.1
2026-10-07T11:55,56.22,
2026-10-07T11:57,56.22,
2026-10-07T11:59,56.22,
2026-10-07T12:10,66.74,25.1
2026-10-07T12:40,66.74,25.1
2026-10-07T12:55,66.74,
2026-10-07T12:57,66.74,
2026-10-07T12:59,66.74,
2026-10-07T13:10,82.6,25.1
2026-10-07T13:40,82.6,25.1
2026-10-07T13:55,82.6,25.1
2026-10-07T13:57,82.6,
2026-10-07T13:59,82.6,
2026-10-07T14:10,88.04,25.1
2026-10-07T14:40,88.04,25.1
2026-10-07T14:55,88.04,
2026-10-07T14:57,88.04,
2026-10-07T14:59,88.04,
2026-10-07T15:10,88.6,25.1
2026-10-07T15:40,88.6,25.1
2026-10-07T15:55,88.6,
2026-10-07T15:57,88.6,
2026-10-07T15:59,88.6,
2026-10-07T16:10,91.72,25.1
2026-10-07T16:40,91.72,25.1
2026-10-07T16:55,91.72,
2026-10-07T16:57,91.72,25.1
2026-10-07T16:59,91.72,
2026-10-07T17:10,90.52,25.1
2026-10-07T17:40,90.52,25.1
2026-10-07T17:55,90.52,
2026-10-07T17:57,90.52,
2026-10-07T17:59,90.52,
2026-10-07T18:10,75.2,25.1
2026-10-07T18:40,75.2,25.1
2026-10-07T18:55,75.2,
2026-10-07T18:57,75.2,
2026-10-07T18:59,75.2,25.1
2026-10-07T19:10,60.46,25.1
2026-10-07T19:40,60.46,25.1
2026-10-07T19:55,60.46,
2026-10-07T19:57,60.46,
2026-10-07T19:59,60.46,
2026-10-07T20:10,53.04,25.1
2026-10-07T20:40,53.04,25.1
2026-10-07T20:55,53.04,
2026-10-07T20:57,53.04,
2026-10-07T20:59,53.04,25.1
2026-10-07T21:10,33.48,25.1
2026-10-07T21:40,33.48,25.1
2026-10-07T21:55,33.48,25.1
2026-10-07T21:57,33.48,
2026-10-07T21:59,33.48,25.1
2026-10-07T22:10,31.84,
2026-10-07T22:40,31.84,25.1
2026-10-07T22:55,31.84,25.1
2026-10-07T22:57,31.84,
2026-10-07T22:59,31.84,
2026-10-07T23:10,19.7,
2026-10-07T23:40,19.7,
2026-10-07T23:55,19.7,
2026-10-07T23:57,19.7,25.1
2026-10-07T23:59,19.7,
2026-10-08T00:10,12.34,22.700005
2026-10-08T00:40,12.34,
2026-10-08T00:55,12.34,
2026-10-08T00:57,12.34,
2026-10-08T00:59,12.34,
2026-10-08T01:10,12.06,
2026-10-08T01:40,12.06,
2026-10-08T01:55,12.06,22.700005
2026-10-08T01:57,12.06,
2026-10-08T01:59,12.06,
2026-10-08T02:10,10.52,
2026-10-08T02:40,10.52,
2026-10-08T02:55,10.52,
2026-10-08T02:57,10.52,
2026-10-08T02:59,10.52,
2026-10-08T03:10,17.34,22.700005
2026-10-08T03:40,17.34,
2026-10-08T03:55,17.34,
2026-10-08T03:57,17.34,
2026-10-08T03:59,17.34,
2026-10-08T04:10,19.6,22.700005
2026-10-08T04:40,19.6,
2026-10-08T04:55,19.6,
2026-10-08T04:57,19.6,
2026-10-08T04:59,19.6,22.700005
2026-10-08T05:10,13.9,
2026-10-08T05:40,13.9,22.700005
2026-10-08T05:55,13.9,
2026-10-08T05:57,13.9,
2026-10-08T05:59,13.9,
2026-10-08T06:10,5.84,
2026-10-08T06:40,5.84,
2026-10-08T06:55,5.84,
2026-10-08T06:57,5.84,
2026-10-08T06:59,5.84,
2026-10-08T07:10,6.28,22.700005
2026-10-08T07:40,6.28,
2026-10-08T07:55,6.28,
2026-10-08T07:57,6.28,
2026-10-08T07:59,6.28,22.700005
2026-10-08T08:10,8.04,
2026-10-08T08:40,8.04,
2026-10-08T08:55,8.04,
2026-10-08T08:57,8.04,
2026-10-08T08:59,8.04,
2026-10-08T09:10,19.36,22.700005
2026-10-08T09:40,19.36,
2026-10-08T09:55,19.36,
2026-10-08T09:57,19.36,
2026-10-08T09:59,19.36,22.700005
2026-10-08T10:10,36.4,
2026-10-08T10:40,36.4,
2026-10-08T10:55,36.4,
2026-10-08T10:57,36.4,
2026-10-08T10:59,36.4,22.700005
2026-10-08T11:10,43.92,22.700005
2026-10-08T11:40,43.92,22.700005
2026-10-08T11:55,43.92,
2026-10-08T11:57,43.92,
2026-10-08T11:59,43.92,
2026-10-08T12:10,42.04,22.700005
2026-10-08T12:40,42.04,22.700005
2026-10-08T12:55,42.04,
2026-10-08T12:57,42.04,
2026-10-08T12:59,42.04,
2026-10-08T13:10,56.72,22.700005
2026-10-08T13:40,56.72,
2026-10-08T13:55,56.72,22.700005
2026-10-08T13:57,56.72,
2026-10-08T13:59,56.72,
2026-10-08T14:10,56.0,22.700005
2026-10-08T14:40,56.0,22.700005
2026-10-08T14:55,56.0,
2026-10-08T14:57,56.0,
2026-10-08T14:59,56.0,
2026-10-08T15:10,63.28,22.700005
2026-10-08T15:40,63.28,22.700005
2026-10-08T15:55,63.28,
2026-10-08T15:57,63.28,
2026-10-08T15:59,63.28,
2026-10-08T16:10,61.1,22.700005
2026-10-08T16:40,61.1,
2026-10-08T16:55,61.1,
2026-10-08T16:57,61.1,22.700005
2026-10-08T16:59,61.1,
2026-10-08T17:10,51.22,22.700005
2026-10-08T17:40,51.22,
2026-10-08T17:55,51.22,
2026-10-08T17:57,51.22,
2026-10-08T17:59,51.22,
2026-10-08T18:10,25.2,22.700005
2026-10-08T18:40,25.2,22.700005
2026-10-08T18:55,25.2,
2026-10-08T18:57,25.2,
2026-10-08T18:59,25.2,22.700005
2026-10-08T19:10,8.0,
2026-10-08T19:40,8.0,
2026-10-08T19:55,8.0,
2026-10-08T19:57,8.0,
2026-10-08T20:10,-0.16,22.700005
2026-10-08T20:40,-0.16,22.700005
2026-10-08T20:55,-0.16,
2026-10-08T20:57,-0.16,
2026-10-08T20:59,,22.700005
2026-10-08T21:10,0.46,
2026-10-08T21:40,0.46,22.700005
2026-10-08T21:55,0.46,
2026-10-08T21:57,0.46,
2026-10-08T21:59,,22.700005
2026-10-08T22:10,0.9,
2026-10-08T22:40,0.9,22.700005
2026-10-08T23:10,1.44,
2026-10-08T23:40,1.44,
2026-10-09T00:10,-1.5,
2026-10-09T00:40,-1.5,
2026-10-09T01:10,-2.68,
2026-10-09T01:40,-2.68,
2026-10-09T01:55,-2.68,
2026-10-09T01:57,-2.68,
2026-10-09T01:59,-2.68,
2026-10-09T02:10,-2.82,
2026-10-09T02:40,-2.82,
2026-10-09T02:55,-2.82,
2026-10-09T02:57,-2.82,
2026-10-09T02:59,-2.82,
2026-10-09T03:10,-3.0,
2026-10-09T03:40,-3.0,
2026-10-09T03:55,-3.0,
2026-10-09T03:57,-3.0,
2026-10-09T03:59,-3.0,
2026-10-09T04:10,-3.22,
2026-10-09T04:40,-3.22,
2026-10-09T04:55,-3.22,
2026-10-09T04:57,-3.22,
2026-10-09T04:59,-3.22,
2026-10-09T05:10,-2.14,
2026-10-09T05:40,-2.14,
2026-10-09T05:55,-2.14,
2026-10-09T05:57,-2.14,
2026-10-09T05:59,-2.14,
2026-10-09T06:10,-3.08,
2026-10-09T06:40,-3.08,
2026-10-09T06:55,-3.08,
2026-10-09T06:57,-3.08,
2026-10-09T06:59,-3.08,
2026-10-09T07:10,-2.98,
2026-10-09T07:40,-2.98,
2026-10-09T07:55,-2.98,
2026-10-09T07:57,-2.98,
2026-10-09T07:59,-2.98,
2026-10-09T08:10,-2.38,
2026-10-09T08:40,-2.38,
2026-10-09T08:55,-2.38,
2026-10-09T08:57,-2.38,
2026-10-09T08:59,-2.38,
2026-10-09T09:10,0.36,
2026-10-09T09:40,0.36,
2026-10-09T09:55,0.36,
2026-10-09T09:57,0.36,
2026-10-09T09:59,0.36,
2026-10-09T10:10,9.08,
2026-10-09T10:40,9.08,
2026-10-09T10:55,9.08,
2026-10-09T10:57,9.08,
2026-10-09T10:59,9.08,
2026-10-09T11:10,13.86,14.600003
2026-10-09T11:40,13.86,14.600003
2026-10-09T11:55,13.86,
2026-10-09T11:57,13.86,
2026-10-09T11:59,13.86,
2026-10-09T12:10,20.14,
2026-10-09T12:40,20.14,14.600003
2026-10-09T12:55,20.14,
2026-10-09T12:57,20.14,
2026-10-09T12:59,20.14,
2026-10-09T13:55,,14.600003
2026-10-09T14:10,38.98,
2026-10-09T14:40,38.98,
2026-10-09T14:55,38.98,
2026-10-09T14:57,38.98,
2026-10-09T14:59,38.98,
2026-10-09T15:10,45.92,14.600003
2026-10-09T15:40,45.92,14.600003
2026-10-09T15:55,45.92,
2026-10-09T15:57,45.92,
2026-10-09T15:59,45.92,
2026-10-09T16:10,56.52,
2026-10-09T16:40,56.52,
2026-10-09T16:55,56.52,
2026-10-09T16:59,56.52,
2026-10-09T17:10,47.68,14.600003
2026-10-09T17:40,47.68,
2026-10-09T17:55,47.68,
2026-10-09T17:59,47.68,
2026-10-09T18:10,39.6,14.600003
2026-10-09T18:40,39.6,14.600003
2026-10-09T18:55,39.6,
2026-10-09T18:59,39.6,
2026-10-09T19:10,25.94,
2026-10-09T19:40,25.94,
2026-10-09T19:55,25.94,
2026-10-09T19:59,25.94,
2026-10-09T20:10,14.54,14.600003
2026-10-09T20:40,14.54,
2026-10-09T20:55,14.54,
2026-10-09T20:59,14.54,14.600003
2026-10-09T21:10,9.0,
2026-10-09T21:40,9.0,14.600003
2026-10-09T21:55,9.0,
2026-10-09T21:59,9.0,
2026-10-09T22:10,7.8,
2026-10-09T22:40,7.8,
2026-10-09T22:55,7.8,
2026-10-09T22:59,7.8,
2026-10-09T23:10,3.64,
2026-10-09T23:40,3.64,
2026-10-09T23:55,3.64,
2026-10-09T23:59,3.64,
2026-10-10T00:10,3.62,
2026-10-10T00:40,3.62,
2026-10-10T00:55,3.62,
2026-10-10T00:59,3.62,
2026-10-10T01:10,2.78,
2026-10-10T01:40,2.78,
2026-10-10T01:55,2.78,
2026-10-10T01:59,2.78,
2026-10-10T02:10,2.78,
2026-10-10T02:40,2.78,
2026-10-10T02:55,2.78,
2026-10-10T02:59,2.78,
2026-10-10T03:10,3.28,
2026-10-10T03:40,3.28,
2026-10-10T03:55,3.28,
2026-10-10T03:59,3.28,
2026-10-10T04:10,3.98,
2026-10-10T04:40,3.98,
2026-10-10T04:55,3.98,
2026-10-10T04:59,3.98,
2026-10-10T05:10,4.06,
2026-10-10T05:40,4.06,
2026-10-10T05:55,4.06,
2026-10-10T05:59,4.06,
2026-10-10T06:10,2.64,
2026-10-10T06:40,2.64,
2026-10-10T06:55,2.64,
2026-10-10T06:59,2.64,
2026-10-10T07:10,2.04,
2026-10-10T07:40,2.04,
2026-10-10T07:55,2.04,
2026-10-10T07:59,2.04,
2026-10-10T08:10,4.04,
2026-10-10T08:40,4.04,
2026-10-10T08:55,4.04,
2026-10-10T08:59,4.04,
2026-10-10T09:10,11.16,
2026-10-10T09:40,11.16,
2026-10-10T09:55,11.16,
2026-10-10T09:59,11.16,
2026-10-10T10:10,20.2,
2026-10-10T10:40,20.2,
2026-10-10T10:55,20.2,
2026-10-10T10:59,20.2,
2026-10-10T11:10,26.46,
2026-10-10T11:40,26.46,
2026-10-10T11:55,26.46,
2026-10-10T11:59,26.46,
2026-10-10T12:10,38.58,
2026-10-10T12:40,38.58,
2026-10-10T12:55,38.58,
2026-10-10T12:59,38.58,
2026-10-10T13:10,47.68,
2026-10-10T13:40,47.68,
2026-10-10T13:59,47.68,
2026-10-10T14:10,50.16,
2026-10-10T14:40,50.16,
2026-10-10T14:59,50.16,
2026-10-10T15:10,53.82,
2026-10-10T15:40,53.82,
2026-10-10T15:59,53.82,
2026-10-10T16:10,46.64,
2026-10-10T16:40,46.64,
2026-10-10T16:59,46.64,
2026-10-10T17:10,45.98,
2026-10-10T17:40,45.98,
2026-10-10T17:59,45.98,
2026-10-10T18:10,29.34,
2026-10-10T18:40,29.34,
2026-10-10T18:59,29.34,
2026-10-10T19:40,16.36,
2026-10-10T19:59,16.36,
2026-10-10T20:40,11.82,
