{"type":"FeatureCollection","name":"FVG","features":[{"type":"Feature","geometry":{"type":"Point","coordinates":[13.59432,45.97707]},"properties":{"scode":"101","name":"Scedina - San Floriano","variables":["BAGNATURA","CDD","CLOUDINESS","DVENTO","GDD","HDD","PREC","PREC24","PREC48","PREC_TYPE","RADSOL","TAPP","TDEW","TEMP","UMID","UWND","VPD","VVENTO","VWND"],"latest":{"BAGNATURA":"0","CDD":0.0,"CLOUDINESS":"0","DVENTO":"239","GDD":8.1,"HDD":0.3,"PREC":"0.0","PREC24":-0.0,"PREC48":1.4,"PREC_TYPE":"0","RADSOL":"0","TAPP":15.2,"TDEW":16.0,"TEMP":"16.0","UMID":"100","UWND":3.43,"VPD":0.0,"VVENTO":"4","VWND":2.06},"latest_time":"2026-10-10T22:00","series":"series/101.csv"}},{"type":"Feature","geometry":{"type":"Point","coordinates":[13.56583,45.94688]},"properties":{"scode":"102","name":"Fornace Lucinico","variables":["BAGNATURA","CDD","CLOUDINESS","DVENTO","DVENTOMAX","GDD","HDD","PREC","PREC24","PREC48","PREC_TYPE","RADSOL","TAPP","TDEW","TEMP","UMID","UWND","VPD","VVENTO","VVENTOSCAL","VWND"],"latest":{"BAGNATURA":"0","CDD":0.0,"CLOUDINESS":"0","DVENTO":"3","DVENTOMAX":"98","GDD":7.6,"HDD":0.5,"PREC":"0.0","PREC24":-0.0,"PREC48":-0.0,"PREC_TYPE":"0","RADSOL":"0","TAPP":15.5,"TDEW":14.1,"TEMP":"15.6","UMID":"91","UWND":-0.1,"VPD":0.16,"VVENTO":"2","VVENTOSCAL":"1","VWND":-2.0},"latest_time":"2026-10-10T22:00","series":"series/102.csv"}},{"type":"Feature","geometry":{"type":"Point","coordinates":[13.26323,46.21918]},"properties":{"scode":"103","name":"Nimis - Ramandolo","variables":["BAGNATURA","CDD","CLOUDINESS","GDD","HDD","PREC","PREC24","PREC48","PREC_TYPE","TDEW","TEMP","UMID","VPD"],"latest":{"BAGNATURA":"0","CDD":0.0,"CLOUDINESS":"0","GDD":8.0,"HDD":0.6,"PREC":"0.0","PREC24":-0.0,"PREC48":10.0,"PREC_TYPE":"0","TDEW":14.0,"TEMP":"15.8","UMID":"89","VPD":0.197},"latest_time":"2026-10-10T22:00","series":"series/103.csv"}},{"type":"Feature","geometry":{"type":"Point","coordinates":[13.27633,46.16378]},"properties":{"scode":"104","name":"Savorgnano","variables":["BAGNATURA","CDD","CLOUDINESS","GDD","HDD","PREC","PREC24","PREC48","PREC_TYPE","RADSOL","TDEW","TEMP","UMID","VPD"],"latest":{"BAGNATURA":"0","CDD":0.0,"CLOUDINESS":"0","GDD":7.2,"HDD":0.9,"PREC":"0.0","PREC24":0.0,"PREC48":2.7,"PREC_TYPE":"0","RADSOL":"0","TDEW":14.6,"TEMP":"14.6","UMID":"100","VPD":0.0},"latest_time":"2026-10-10T22:00","series":"series/104.csv"}},{"type":"Feature","geometry":{"type":"Point","coordinates":[13.44282,46.0334]},"properties":{"scode":"105","name":"Spessa di Cividale","variables":["BAGNATURA","CDD","CLOUDINESS","DVENTO","GDD","HDD","PREC","PREC24","PREC48","PREC_TYPE","RADSOL","TAPP","TDEW","TEMP","UMID","UWND","VPD","VVENTO","VWND"],"latest":{"BAGNATURA":"0","CDD":0.0,"CLOUDINESS":"0","DVENTO":"174","GDD":7.8,"HDD":0.0,"PREC":"0.0","PREC24":-0.0,"PREC48":4.0,"PREC_TYPE":"0","RADSOL":"0","TAPP":16.2,"TDEW":16.7,"TEMP":"16.7","UMID":"100","UWND":-0.42,"VPD":0.0,"VVENTO":"4","VWND":3.98},"latest_time":"2026-10-10T22:00","series":"series/105.csv"}},{"type":"Feature","geometry":{"type":"Point","coordinates":[13.45315,45.90666]},"properties":{"scode":"107","name":"Mariano del Friuli","variables":["BAGNATURA","CDD","CLOUDINESS","DVENTO","DVENTOMAX","GDD","HDD","PREC","PREC24","PREC48","PREC_TYPE","TAPP","TDEW","TEMP","UMID","UWND","VPD","VVENTO","VVENTOSCAL","VWND"],"latest":{"BAGNATURA":"0","CDD":0.0,"CLOUDINESS":"0","DVENTO":"97","DVENTOMAX":"96","GDD":7.9,"HDD":0.6,"PREC":"0.0","PREC24":-0.0,"PREC48":6.8,"PREC_TYPE":"0","TAPP":13.6,"TDEW":14.0,"TEMP":"15.8","UMID":"89","UWND":-4.96,"VPD":0.197,"VVENTO":"5","VVENTOSCAL":"2","VWND":0.61},"latest_time":"2026-10-10T22:00","series":"series/107.csv"}},{"type":"Feature","geometry":{"type":"Point","coordinates":[13.476072,45.959933]},"properties":{"scode":"109","name":"Cormons Monte","variables":["BAGNATURA","CDD","CLOUDINESS","GDD","HDD","PREC","PREC24","PREC48","PREC_TYPE","RADSOL","TDEW","TEMP","UMID","VPD"],"latest":{"BAGNATURA":"0","CDD":0.0,"CLOUDINESS":"0","GDD":7.8,"HDD":0.0,"PREC":"0.0","PREC24":0.0,"PREC48":2.0,"PREC_TYPE":"0","RADSOL":"0","TDEW":13.0,"TEMP":"17.9","UMID":"73","VPD":0.554},"latest_time":"2026-10-10T22:00","series":"series/109.csv"}},{"type":"Feature","geometry":{"type":"Point","coordinates":[13.35599,46.00439]},"properties":{"scode":"112","name":"Buttrio","variables":["BAGNATURA","CDD","CLOUDINESS","GDD","HDD","PREC","PREC24","PREC48","PREC_TYPE","TDEW","TEMP","UMID","VPD"],"latest":{"BAGNATURA":"0","CDD":0.0,"CLOUDINESS":"0","GDD":7.8,"HDD":0.4,"PREC":"0.0","PREC24":-0.0,"PREC48":15.2,"PREC_TYPE":"0","TDEW":14.3,"TEMP":"15.6","UMID":"92","VPD":0.142},"latest_time":"2026-10-10T22:00","series":"series/112.csv"}},{"type":"Feature","geometry":{"type":"Point","coordinates":[13.41224,45.99164]},"properties":{"scode":"113","name":"Dolegnano","variables":["BAGNATURA","CDD","CLOUDINESS","DVENTO","GDD","HDD","PREC","PREC24","PREC48","PREC_TYPE","RADSOL","TAPP","TDEW","TEMP","UMID","UWND","VPD","VVENTO","VWND"],"latest":{"BAGNATURA":"0","CDD":0.0,"CLOUDINESS":"0","DVENTO":"254","GDD":8.0,"HDD":0.0,"PREC":"0.0","PREC24":-0.0,"PREC48":1.2,"PREC_TYPE":"0","RADSOL":"0","TAPP":14.8,"TDEW":15.5,"TEMP":"15.8","UMID":"98","UWND":3.85,"VPD":0.036,"VVENTO":"4","VWND":1.1},"latest_time":"2026-10-10T22:00","series":"series/113.csv"}},{"type":"Feature","geometry":{"type":"Point","coordinates":[13.42421,46.03814]},"properties":{"scode":"114","name":"Premariacco - Ipplis","variables":["BAGNATURA","CDD","CLOUDINESS","GDD","HDD","PREC","PREC24","PREC48","PREC_TYPE","TDEW","TEMP","UMID","VPD"],"latest":{"BAGNATURA":"0","CDD":0.0,"CLOUDINESS":"0","GDD":7.6,"HDD":0.4,"PREC":"0.0","PREC24":-0.0,"PREC48":2.6,"PREC_TYPE":"0","TDEW":17.2,"TEMP":"17.2","UMID":"100","VPD":0.0},"latest_time":"2026-10-10T22:00","series":"series/114.csv"}},{"type":"Feature","geometry":{"type":"Point","coordinates":[13.47545,45.86692]},"properties":{"scode":"115","name":"Fogliano Redipuglia","variables":["BAGNATURA","CDD","CLOUDINESS","DVENTO","DVENTOMAX","GDD","HDD","PREC","PREC24","PREC48","PREC_TYPE","RADSOL","TAPP","TDEW","TEMP","UMID","UWND","VPD","VVENTO","VVENTOSCAL","VWND"],"latest":{"BAGNATURA":"0","CDD":0.0,"CLOUDINESS":"0","DVENTO":"218","DVENTOMAX":"217","GDD":7.5,"HDD":0.1,"PREC":"0.0","PREC24":0.0,"PREC48":0.0,"PREC_TYPE":"0","RADSOL":"0","TAPP":16.4,"TDEW":14.9,"TEMP":"17.6","UMID":"84","UWND":2.46,"VPD":0.322,"VVENTO":"4","VVENTOSCAL":"1","VWND":3.15},"latest_time":"2026-10-10T22:00","series":"series/115.csv"}},{"type":"Feature","geometry":{"type":"Point","coordinates":[12.46588,45.98485]},"properties":{"scode":"117","name":"Caneva","variables":["BAGNATURA","CDD","CLOUDINESS","DVENTO","GDD","HDD","PREC","PREC24","PREC48","PREC_TYPE","RADSOL","TAPP","TDEW","TEMP","UMID","UWND","VPD","VVENTO","VWND"],"latest":{"BAGNATURA":"0","CDD":0.0,"CLOUDINESS":"0","DVENTO":"227","GDD":8.4,"HDD":0.0,"PREC":"0.0","PREC24":0.0,"PREC48":0.0,"PREC_TYPE":"0","RADSOL":"0","TAPP":12.5,"TDEW":11.8,"TEMP":"16.2","UMID":"75","UWND":4.39,"VPD":0.46,"VVENTO":"6","VWND":4.09},"latest_time":"2026-10-10T22:00","series":"series/117.csv"}},{"type":"Feature","geometry":{"type":"Point","coordinates":[12.808239,46.142609]},"properties":{"scode":"A280","name":"Arba","variables":["BAGNATURA","CDD","CLOUDINESS","DVENTO","DVENTOMAX","GDD","HDD","PREC","PREC24","PREC48","PREC_TYPE","PRESS","QSPEC","RADSOL","TAPP","TDEW","TEMP","UMID","UWND","VPD","VVENTO","VVENTOSCAL","VWND"],"latest":{"BAGNATURA":"0","CDD":0.0,"CLOUDINESS":"0","DVENTO":"68","DVENTOMAX":"34","GDD":7.8,"HDD":0.2,"PREC":"0.0","PREC24":-0.0,"PREC48":3.6,"PREC_TYPE":"0","PRESS":"985.8","QSPEC":10.44,"RADSOL":"0","TAPP":17.2,"TDEW":14.5,"TEMP":"17.2","UMID":"84","UWND":-1.85,"VPD":0.314,"VVENTO":"2","VVENTOSCAL":"2","VWND":-0.75},"latest_time":"2026-10-10T22:00","series":"series/A280.csv"}},{"type":"Feature","geometry":{"type":"Point","coordinates":[13.24014,45.928808]},"properties":{"scode":"BIC","name":"Bicinicco","variables":["BAGNATURA","CDD","CLOUDINESS","GDD","HDD","PREC","PREC24","PREC48","PREC_TYPE","TDEW","TEMP","UMID","VPD"],"latest":{"BAGNATURA":"8","CDD":0.0,"CLOUDINESS":"5","GDD":7.5,"HDD":0.4,"PREC":"0.0","PREC24":-0.0,"PREC48":12.6,"PREC_TYPE":"0","TDEW":14.6,"TEMP":"15.7","UMID":"93","VPD":0.125},"latest_time":"2026-10-10T22:00","series":"series/BIC.csv"}},{"type":"Feature","geometry":{"type":"Point","coordinates":[12.545003,45.917972]},"properties":{"scode":"BRU","name":"Brugnera","variables":["BAGNATURA","CDD","CLOUDINESS","DVENTO","DVENTOMAX","GDD","HDD","PREC","PREC24","PREC48","PREC_TYPE","PRESS","QSPEC","RADSOL","TAPP","TDEW","TEMP","UMID","UWND","VPD","VVENTO","VVENTOSCAL","VWND"],"latest":{"BAGNATURA":"60","CDD":0.0,"CLOUDINESS":"2","DVENTO":"33","DVENTOMAX":"33","GDD":7.6,"HDD":0.6,"PREC":"0.0","PREC24":-0.0,"PREC48":-0.0,"PREC_TYPE":"0","PRESS":"1006.1","QSPEC":10.36,"RADSOL":"0","TAPP":10.3,"TDEW":14.7,"TEMP":"15.8","UMID":"93","UWND":-5.45,"VPD":0.126,"VVENTO":"10","VVENTOSCAL":"6","VWND":-8.39},"latest_time":"2026-10-10T22:00","series":"series/BRU.csv"}},{"type":"Feature","geometry":{"type":"Point","coordinates":[12.887793,46.144297]},"properties":{"scode":"C643","name":"Vacile","variables":["BAGNATURA","CLOUDINESS","PREC","PREC24","PREC48","UMID"],"latest":{"BAGNATURA":"0","CLOUDINESS":"0","PREC":"0.0","PREC24":-0.0,"PREC48":1.0,"UMID":"91"},"latest_time":"2026-10-10T22:00","series":"series/C643.csv"}},{"type":"Feature","geometry":{"type":"Point","coordinates":[13.512333,45.958094]},"properties":{"scode":"CAP","name":"Capriva del Friuli","variables":["BAGNATURA","CDD","CLOUDINESS","DVENTO","DVENTOMAX","GDD","HDD","PREC","PREC24","PREC48","PREC_TYPE","PRESS","QSPEC","RADSOL","TAPP","TDEW","TEMP","UMID","UWND","VPD","VVENTO","VVENTOSCAL","VWND"],"latest":{"BAGNATURA":"0","CDD":0.0,"CLOUDINESS":"5","DVENTO":"68","DVENTOMAX":"73","GDD":7.9,"HDD":0.5,"PREC":"0.0","PREC24":-0.0,"PREC48":2.2,"PREC_TYPE":"0","PRESS":"999.6","QSPEC":9.49,"RADSOL":"0","TAPP":14.5,"TDEW":13.2,"TEMP":"16.3","UMID":"82","UWND":-3.71,"VPD":0.334,"VVENTO":"4","VVENTOSCAL":"3","VWND":-1.5},"latest_time":"2026-10-10T22:00","series":"series/CAP.csv"}},{"type":"Feature","geometry":{"type":"Point","coordinates":[13.337015,45.849486]},"properties":{"scode":"CER","name":"Cervignano del Friuli","variables":["BAGNATURA","CDD","CLOUDINESS","DVENTO","DVENTOMAX","GDD","HDD","PREC","PREC24","PREC48","PREC_TYPE","PRESS","QSPEC","RADSOL","TAPP","TDEW","TEMP","UMID","UWND","VPD","VVENTO","VVENTOSCAL","VWND"],"latest":{"BAGNATURA":"60","CDD":0.0,"CLOUDINESS":"5","DVENTO":"83","DVENTOMAX":"78","GDD":7.5,"HDD":0.8,"PREC":"0.0","PREC24":-0.0,"PREC48":6.1,"PREC_TYPE":"0","PRESS":"1008.6","QSPEC":9.35,"RADSOL":"0","TAPP":15.4,"TDEW":13.1,"TEMP":"15.1","UMID":"88","UWND":-0.99,"VPD":0.206,"VVENTO":"1","VVENTOSCAL":"1","VWND":-0.12},"latest_time":"2026-10-10T22:00","series":"series/CER.csv"}},{"type":"Feature","geometry":{"type":"Point","coordinates":[12.9386,45.9203]},"properties":{"scode":"CMT","name":"Camino","variables":["BAGNATURA","CDD","CLOUDINESS","GDD","HDD","PREC","PREC24","PREC48","PREC_TYPE","TDEW","TEMP","UMID","VPD"],"latest":{"BAGNATURA":"0","CDD":0.0,"CLOUDINESS":"5","GDD":7.4,"HDD":0.4,"PREC":"0.0","PREC24":0.0,"PREC48":0.0,"PREC_TYPE":"0","TDEW":15.5,"TEMP":"16.8","UMID":"92","VPD":0.153},"latest_time":"2026-10-10T22:00","series":"series/CMT.csv"}},{"type":"Feature","geometry":{"type":"Point","coordinates":[13.073886,46.101692]},"properties":{"scode":"FAG","name":"Fagagna","variables":["BAGNATURA","CDD","CLOUDINESS","DVENTO","GDD","HDD","PREC","PREC24","PREC48","PREC_TYPE","PRESS","QSPEC","RADSOL","TDEW","TEMP","UMID","VPD","VVENTOSCAL"],"latest":{"BAGNATURA":"0","CDD":0.0,"CLOUDINESS":"5","DVENTO":"3","GDD":7.9,"HDD":0.0,"PREC":"0.0","PREC24":-0.0,"PREC48":-0.0,"PREC_TYPE":"0","PRESS":"992.2","QSPEC":10.37,"RADSOL":"2","TDEW":14.5,"TEMP":"16.1","UMID":"90","VPD":0.183,"VVENTOSCAL":"8"},"latest_time":"2026-10-10T22:00","series":"series/FAG.csv"}},{"type":"Feature","geometry":{"type":"Point","coordinates":[13.458865,45.714768]},"properties":{"scode":"FOS","name":"Fossalon","variables":["BAGNATURA","CDD","CLOUDINESS","DVENTO","DVENTOMAX","GDD","HDD","PREC","PREC24","PREC48","PREC_TYPE","PRESS","QSPEC","RADSOL","TAPP","TDEW","TEMP","UMID","UWND","VPD","VVENTO","VVENTOSCAL","VWND"],"latest":{"BAGNATURA":"0","CDD":0.0,"CLOUDINESS":"5","DVENTO":"37","DVENTOMAX":"59","GDD":7.2,"HDD":0.9,"PREC":"0.0","PREC24":-0.0,"PREC48":6.7,"PREC_TYPE":"0","PRESS":"1010.5","QSPEC":10.36,"RADSOL":"0","TAPP":13.0,"TDEW":14.7,"TEMP":"17.1","UMID":"86","UWND":-4.81,"VPD":0.273,"VVENTO":"8","VVENTOSCAL":"9","VWND":-6.39},"latest_time":"2026-10-10T22:00","series":"series/FOS.csv"}},{"type":"Feature","geometry":{"type":"Point","coordinates":[13.122088,46.261297]},"properties":{"scode":"GEM","name":"Gemona del Friuli","variables":["BAGNATURA","CDD","CLOUDINESS","DVENTO","DVENTOMAX","GDD","HDD","PREC","PREC24","PREC48","PREC_TYPE","RADSOL","TAPP","TDEW","TEMP","UMID","UWND","VPD","VVENTO","VVENTOSCAL","VWND"],"latest":{"BAGNATURA":"0","CDD":0.0,"CLOUDINESS":"5","DVENTO":"22","DVENTOMAX":"6","GDD":8.0,"HDD":0.0,"PREC":"0.0","PREC24":-0.0,"PREC48":7.4,"PREC_TYPE":"0","RADSOL":"0","TAPP":11.9,"TDEW":14.0,"TEMP":"16.3","UMID":"86","UWND":-3.0,"VPD":0.259,"VVENTO":"8","VVENTOSCAL":"8","VWND":-7.42},"latest_time":"2026-10-10T22:00","series":"series/GEM.csv"}},{"type":"Feature","geometry":{"type":"Point","coordinates":[13.481807,45.889791]},"properties":{"scode":"GRA","name":"Gradisca d'Is.","variables":["BAGNATURA","CDD","CLOUDINESS","DVENTO","DVENTOMAX","GDD","HDD","PREC","PREC24","PREC48","PREC_TYPE","PRESS","QSPEC","RADSOL","TAPP","TDEW","TEMP","UMID","UWND","VPD","VVENTO","VVENTOSCAL","VWND"],"latest":{"BAGNATURA":"0","CDD":0.0,"CLOUDINESS":"5","DVENTO":"123","DVENTOMAX":"105","GDD":7.9,"HDD":0.4,"PREC":"0.0","PREC24":-0.0,"PREC48":11.8,"PREC_TYPE":"0","PRESS":"1007.3","QSPEC":10.14,"RADSOL":"0","TAPP":13.2,"TDEW":14.4,"TEMP":"16.0","UMID":"90","UWND":-5.03,"VPD":0.182,"VVENTO":"6","VVENTOSCAL":"5","VWND":3.27},"latest_time":"2026-10-10T22:00","series":"series/GRA.csv"}},{"type":"Feature","geometry":{"type":"Point","coordinates":[13.021904,45.736227]},"properties":{"scode":"GRG","name":"Gorgo","variables":["BAGNATURA","CDD","CLOUDINESS","DVENTO","DVENTOMAX","GDD","HDD","PREC","PREC24","PREC48","PREC_TYPE","RADSOL","TAPP","TDEW","TEMP","UMID","UWND","VPD","VVENTO","VVENTOSCAL","VWND"],"latest":{"BAGNATURA":"0","CDD":0.0,"CLOUDINESS":"5","DVENTO":"40","DVENTOMAX":"34","GDD":7.4,"HDD":1.1,"PREC":"0.0","PREC24":0.0,"PREC48":10.4,"PREC_TYPE":"0","RADSOL":"0","TAPP":17.8,"TDEW":16.4,"TEMP":"16.4","UMID":"100","UWND":-0.64,"VPD":0.0,"VVENTO":"1","VVENTOSCAL":"2","VWND":-0.77},"latest_time":"2026-10-10T22:00","series":"series/GRG.csv"}},{"type":"Feature","geometry":{"type":"Point","coordinates":[13.272538,45.982046]},"properties":{"scode":"LAU","name":"Lauzacco","variables":["BAGNATURA","CDD","CLOUDINESS","DVENTO","DVENTOMAX","GDD","HDD","PREC","PREC24","PREC48","PREC_TYPE","TAPP","TDEW","TEMP","UMID","UWND","VPD","VVENTO","VVENTOSCAL","VWND"],"latest":{"BAGNATURA":"0","CDD":0.0,"CLOUDINESS":"5","DVENTO":"33","DVENTOMAX":"50","GDD":7.8,"HDD":0.4,"PREC":"0.0","PREC24":0.0,"PREC48":7.5,"PREC_TYPE":"0","TAPP":12.8,"TDEW":12.9,"TEMP":"15.4","UMID":"85","UWND":-2.72,"VPD":0.262,"VVENTO":"5","VVENTOSCAL":"3","VWND":-4.19},"latest_time":"2026-10-10T22:00","series":"series/LAU.csv"}},{"type":"Feature","geometry":{"type":"Point","coordinates":[13.404853,45.766088]},"properties":{"scode":"N042","name":"San Lorenzo","variables":["BAGNATURA","CLOUDINESS","PREC","PREC24","PREC48"],"latest":{"BAGNATURA":"0","CLOUDINESS":"0","PREC":"0.0","PREC24":0.0,"PREC48":2.8},"latest_time":"2026-10-10T22:00","series":"series/N042.csv"}},{"type":"Feature","geometry":{"type":"Point","coordinates":[13.453563,45.976674]},"properties":{"scode":"N602","name":"Cormons","variables":["BAGNATURA","CDD","CLOUDINESS","DVENTO","DVENTOMAX","GDD","HDD","PREC","PREC24","PREC48","PREC_TYPE","PRESS","QSPEC","RADSOL","TAPP","TDEW","TEMP","UMID","UWND","VPD","VVENTO","VVENTOSCAL","VWND"],"latest":{"BAGNATURA":"0","CDD":0.0,"CLOUDINESS":"0","DVENTO":"56","DVENTOMAX":"27","GDD":8.1,"HDD":0.0,"PREC":"0.0","PREC24":-0.0,"PREC48":2.6,"PREC_TYPE":"0","PRESS":"1001.7","QSPEC":9.15,"RADSOL":"0","TAPP":17.7,"TDEW":12.7,"TEMP":"17.6","UMID":"73","UWND":-0.83,"VPD":0.543,"VVENTO":"1","VVENTOSCAL":"4","VWND":-0.56},"latest_time":"2026-10-10T22:00","series":"series/N602.csv"}},{"type":"Feature","geometry":{"type":"Point","coordinates":[13.052598,45.805702]},"properties":{"scode":"PAL","name":"Palazzolo dello Stella","variables":["BAGNATURA","CDD","CLOUDINESS","DVENTO","DVENTOMAX","GDD","HDD","PREC","PREC24","PREC48","PREC_TYPE","PRESS","QSPEC","RADSOL","TAPP","TDEW","TEMP","UMID","UWND","VPD","VVENTO","VVENTOSCAL","VWND"],"latest":{"BAGNATURA":"10","CDD":0.0,"CLOUDINESS":"5","DVENTO":"75","DVENTOMAX":"43","GDD":7.1,"HDD":0.9,"PREC":"0.0","PREC24":-0.0,"PREC48":7.6,"PREC_TYPE":"0","PRESS":"1009.0","QSPEC":11.28,"RADSOL":"0","TAPP":14.3,"TDEW":16.0,"TEMP":"16.5","UMID":"97","UWND":-5.8,"VPD":0.056,"VVENTO":"6","VVENTOSCAL":"5","VWND":-1.55},"latest_time":"2026-10-10T22:00","series":"series/PAL.csv"}},{"type":"Feature","geometry":{"type":"Point","coordinates":[13.303041,46.044247]},"properties":{"scode":"PRD","name":"Pradamano","variables":["BAGNATURA","CDD","CLOUDINESS","DVENTO","DVENTOMAX","GDD","HDD","PREC","PREC24","PREC48","PREC_TYPE","TAPP","TDEW","TEMP","UMID","UWND","VPD","VVENTO","VVENTOSCAL","VWND"],"latest":{"BAGNATURA":"0","CDD":0.0,"CLOUDINESS":"5","DVENTO":"21","DVENTOMAX":"25","GDD":7.5,"HDD":0.0,"PREC":"0.0","PREC24":-0.0,"PREC48":0.2,"PREC_TYPE":"0","TAPP":14.7,"TDEW":13.3,"TEMP":"17.2","UMID":"78","UWND":-1.79,"VPD":0.432,"VVENTO":"5","VVENTOSCAL":"6","VWND":-4.67},"latest_time":"2026-10-10T22:00","series":"series/PRD.csv"}},{"type":"Feature","geometry":{"type":"Point","coordinates":[13.686795,45.765474]},"properties":{"scode":"R100","name":"San Pelagio","variables":["BAGNATURA","CDD","CLOUDINESS","GDD","HDD","PREC","PREC24","PREC48","PREC_TYPE","TEMP"],"latest":{"BAGNATURA":"0","CDD":0.0,"CLOUDINESS":"0","GDD":6.4,"HDD":2.2,"PREC":"0.0","PREC24":0.0,"PREC48":7.8,"PREC_TYPE":"0","TEMP":"15.4"},"latest_time":"2026-10-10T22:00","series":"series/R100.csv"}},{"type":"Feature","geometry":{"type":"Point","coordinates":[12.9458,46.0108]},"properties":{"scode":"RIV","name":"Rivis","variables":["BAGNATURA","CDD","CLOUDINESS","GDD","HDD","PREC","PREC24","PREC48","PREC_TYPE","TDEW","TEMP","UMID","VPD"],"latest":{"BAGNATURA":"0","CDD":0.0,"CLOUDINESS":"5","GDD":8.1,"HDD":0.0,"PREC":"0.0","PREC24":0.0,"PREC48":0.2,"PREC_TYPE":"0","TDEW":15.0,"TEMP":"16.8","UMID":"89","VPD":0.21},"latest_time":"2026-10-10T22:00","series":"series/RIV.csv"}},{"type":"Feature","geometry":{"type":"Point","coordinates":[12.814989,45.895661]},"properties":{"scode":"SAN","name":"San Vito al Tgl.","variables":["BAGNATURA","CDD","CLOUDINESS","DVENTO","DVENTOMAX","GDD","HDD","PREC","PREC24","PREC48","PREC_TYPE","PRESS","QSPEC","TAPP","TDEW","TEMP","UMID","UWND","VPD","VVENTO","VVENTOSCAL","VWND"],"latest":{"BAGNATURA":"60","CDD":0.0,"CLOUDINESS":"4","DVENTO":"79","DVENTOMAX":"96","GDD":7.1,"HDD":0.8,"PREC":"0.0","PREC24":-0.0,"PREC48":-0.0,"PREC_TYPE":"0","PRESS":"1007.3","QSPEC":10.15,"TAPP":12.2,"TDEW":14.4,"TEMP":"15.0","UMID":"96","UWND":-5.89,"VPD":0.068,"VVENTO":"6","VVENTOSCAL":"5","VWND":-1.14},"latest_time":"2026-10-10T22:00","series":"series/SAN.csv"}},{"type":"Feature","geometry":{"type":"Point","coordinates":[13.742056,45.738004]},"properties":{"scode":"SGO","name":"Sgonico-Zgonik","variables":["BAGNATURA","CDD","CLOUDINESS","DVENTO","DVENTOMAX","GDD","HDD","PREC","PREC24","PREC48","PREC_TYPE","PRESS","QSPEC","RADSOL","TAPP","TDEW","TEMP","UMID","UWND","VPD","VVENTO","VVENTOSCAL","VWND"],"latest":{"BAGNATURA":"0","CDD":0.0,"CLOUDINESS":"5","DVENTO":"175","DVENTOMAX":"99","GDD":6.8,"HDD":1.4,"PREC":"0.0","PREC24":-0.0,"PREC48":18.4,"PREC_TYPE":"0","PRESS":"979.7","QSPEC":9.55,"RADSOL":"0","TAPP":13.6,"TDEW":13.0,"TEMP":"14.8","UMID":"89","UWND":-0.26,"VPD":0.185,"VVENTO":"3","VVENTOSCAL":"5","VWND":2.99},"latest_time":"2026-10-10T22:00","series":"series/SGO.csv"}},{"type":"Feature","geometry":{"type":"Point","coordinates":[13.155779,45.882311]},"properties":{"scode":"TAL","name":"Talmassons","variables":["BAGNATURA","CDD","CLOUDINESS","DVENTO","DVENTOMAX","GDD","HDD","PREC","PREC24","PREC48","PREC_TYPE","PRESS","QSPEC","RADSOL","TAPP","TDEW","TEMP","UMID","UWND","VPD","VVENTO","VVENTOSCAL","VWND"],"latest":{"BAGNATURA":"60","CDD":0.0,"CLOUDINESS":"5","DVENTO":"83","DVENTOMAX":"75","GDD":7.8,"HDD":0.5,"PREC":"0.0","PREC24":0.0,"PREC48":4.9,"PREC_TYPE":"0","PRESS":"1006.8","QSPEC":10.9,"RADSOL":"0","TAPP":13.7,"TDEW":15.5,"TEMP":"16.1","UMID":"96","UWND":-5.96,"VPD":0.073,"VVENTO":"6","VVENTOSCAL":"4","VWND":-0.73},"latest_time":"2026-10-10T22:00","series":"series/TAL.csv"}},{"type":"Feature","geometry":{"type":"Point","coordinates":[13.31338,45.770946]},"properties":{"scode":"TRZ","name":"Terzo d'Aquileia","variables":["BAGNATURA","CDD","CLOUDINESS","GDD","HDD","PREC","PREC24","PREC48","PREC_TYPE","TDEW","TEMP","UMID","VPD"],"latest":{"BAGNATURA":"50","CDD":0.0,"CLOUDINESS":"0","GDD":7.4,"HDD":0.7,"PREC":"0.0","PREC24":0.0,"PREC48":2.6,"PREC_TYPE":"0","TDEW":14.7,"TEMP":"16.3","UMID":"90","VPD":0.185},"latest_time":"2026-10-10T22:00","series":"series/TRZ.csv"}},{"type":"Feature","geometry":{"type":"Point","coordinates":[13.226672,46.035212]},"properties":{"scode":"UDI","name":"Udine S.O.","variables":["BAGNATURA","CDD","CLOUDINESS","DVENTO","DVENTOMAX","GDD","HDD","PREC","PREC24","PREC48","PREC_TYPE","PRESS","QSPEC","RADSOL","TAPP","TDEW","TEMP","UMID","UWND","VPD","VVENTO","VVENTOSCAL","VWND"],"latest":{"BAGNATURA":"0","CDD":0.0,"CLOUDINESS":"5","DVENTO":"64","DVENTOMAX":"90","GDD":7.8,"HDD":0.1,"PREC":"0.0","PREC24":-0.0,"PREC48":1.6,"PREC_TYPE":"0","PRESS":"999.3","QSPEC":9.37,"RADSOL":"0","TAPP":15.4,"TDEW":13.0,"TEMP":"17.3","UMID":"76","UWND":-3.6,"VPD":0.474,"VVENTO":"4","VVENTOSCAL":"6","VWND":-1.75},"latest_time":"2026-10-10T22:00","series":"series/UDI.csv"}},{"type":"Feature","geometry":{"type":"Point","coordinates":[12.768814,46.076529]},"properties":{"scode":"VIV","name":"Vivaro","variables":["BAGNATURA","CDD","CLOUDINESS","DVENTO","DVENTOMAX","GDD","HDD","PREC","PREC24","PREC48","PREC_TYPE","PRESS","QSPEC","RADSOL","TAPP","TDEW","TEMP","UMID","UWND","VPD","VVENTO","VVENTOSCAL","VWND"],"latest":{"BAGNATURA":"40","CDD":0.0,"CLOUDINESS":"4","DVENTO":"20","DVENTOMAX":"12","GDD":7.4,"HDD":0.9,"PREC":"0.0","PREC24":0.0,"PREC48":4.4,"PREC_TYPE":"0","PRESS":"993.5","QSPEC":10.37,"RADSOL":"0","TAPP":12.0,"TDEW":14.5,"TEMP":"14.8","UMID":"98","UWND":-2.05,"VPD":0.034,"VVENTO":"6","VVENTOSCAL":"5","VWND":-5.64},"latest_time":"2026-10-10T22:00","series":"series/VIV.csv"}},{"type":"Feature","geometry":{"type":"Point","coordinates":[12.7083,46.57]},"properties":{"scode":"136","name":"Sappada","variables":["CDD","CLOUDINESS","GDD","HDD","PREC","PREC24","PREC48","PREC_TYPE","RADSOL","TDEW","TEMP","UMID","VPD"],"latest":{"CDD":0.0,"CLOUDINESS":"1","GDD":0.3,"HDD":8.1,"PREC":"0.0","PREC24":2.0,"PREC48":2.6,"PREC_TYPE":"0","RADSOL":"0","TDEW":8.0,"TEMP":"8.0","UMID":"100","VPD":0.0},"latest_time":"2026-10-10T22:00","series":"series/136.csv"}},{"type":"Feature","geometry":{"type":"Point","coordinates":[13.373289,45.68035]},"properties":{"scode":"178200","name":"Grado Meteo","variables":["CDD","CLOUDINESS","DVENTO","DVENTOMAX","GDD","HDD","PREC","PREC24","PREC48","PREC_TYPE","PRESS","QSPEC","RADSOL","TAPP","TDEW","TEMP","UMID","UWND","VPD","VVENTO","VVENTOSCAL","VWND"],"latest":{"CDD":0.0,"CLOUDINESS":"5","DVENTO":"13","DVENTOMAX":"41","GDD":8.3,"HDD":0.0,"PREC":"0.0","PREC24":-0.0,"PREC48":4.6,"PREC_TYPE":"0","PRESS":"1009.3","QSPEC":11.28,"RADSOL":"0","TAPP":14.3,"TDEW":16.0,"TEMP":"18.6","UMID":"85","UWND":-2.02,"VPD":0.321,"VVENTO":"9","VVENTOSCAL":"9","VWND":-8.77},"latest_time":"2026-10-10T22:00","series":"series/178200.csv"}},{"type":"Feature","geometry":{"type":"Point","coordinates":[13.167114,45.6198]},"properties":{"scode":"181300","name":"Lignano Boa Meteo","variables":["CLOUDINESS"],"latest":{"CLOUDINESS":"0"},"latest_time":"2026-10-10T03:00","series":"series/181300.csv"}},{"type":"Feature","geometry":{"type":"Point","coordinates":[13.54884,45.78141]},"properties":{"scode":"343400","name":"Monfalcone","variables":["CDD","CLOUDINESS","DVENTO","DVENTOMAX","GDD","HDD","PRESS","RADSOL","TEMP","UWND","VVENTO","VVENTOSCAL","VWND"],"latest":{"CDD":0.0,"CLOUDINESS":"0","DVENTO":"16","DVENTOMAX":"44","GDD":8.1,"HDD":0.1,"PRESS":"1009.7","RADSOL":"0","TEMP":"18.2","UWND":-1.38,"VVENTO":"5","VVENTOSCAL":"9","VWND":-4.81},"latest_time":"2026-10-10T22:00","series":"series/343400.csv"}},{"type":"Feature","geometry":{"type":"Point","coordinates":[13.360072,45.609232]},"properties":{"scode":"435000","name":"Grado Boa Meteo","variables":["CDD","CLOUDINESS","DVENTO","DVENTOMAX","GDD","HDD","TEMP","UWND","VVENTO","VVENTOSCAL","VWND"],"latest":{"CDD":0.0,"CLOUDINESS":"0","DVENTO":"29","DVENTOMAX":"29","GDD":9.0,"HDD":0.0,"TEMP":"19.8","UWND":-8.24,"VVENTO":"17","VVENTOSCAL":"16","VWND":-14.87},"latest_time":"2026-10-10T22:00","series":"series/435000.csv"}},{"type":"Feature","geometry":{"type":"Point","coordinates":[13.121131,45.686525]},"properties":{"scode":"461000","name":"Lignano Marea","variables":["CLOUDINESS","TEMPACQUA"],"latest":{"CLOUDINESS":"0","TEMPACQUA":"20.0"},"latest_time":"2026-10-10T22:00","series":"series/461000.csv"}},{"type":"Feature","geometry":{"type":"Point","coordinates":[12.89503,46.594601]},"properties":{"scode":"499800","name":"Rifugio Marinelli","variables":["CDD","CLOUDINESS","DVENTO","DVENTOMAX","GDD","HDD","TEMP","UWND","VVENTO","VVENTOSCAL","VWND"],"latest":{"CDD":0.0,"CLOUDINESS":"0","DVENTO":"231","DVENTOMAX":"311","GDD":0.0,"HDD":13.0,"TEMP":"4.6","UWND":4.66,"VVENTO":"6","VVENTOSCAL":"5","VWND":3.78},"latest_time":"2026-10-10T22:00","series":"series/499800.csv"}},{"type":"Feature","geometry":{"type":"Point","coordinates":[13.105049,46.343737]},"properties":{"scode":"499900","name":"S.Simeone Meteo","variables":["CDD","CLOUDINESS","DVENTO","DVENTOMAX","GDD","HDD","PRESS","QSPEC","RADSOL","TAPP","TDEW","TEMP","UMID","UWND","VPD","VVENTO","VVENTOSCAL","VWND"],"latest":{"CDD":0.0,"CLOUDINESS":"0","DVENTO":"30","DVENTOMAX":"46","GDD":0.0,"HDD":8.8,"PRESS":"844.7","QSPEC":8.04,"RADSOL":"0","TAPP":-5.5,"TDEW":8.2,"TEMP":"8.2","UMID":"100","UWND":-9.5,"VPD":0.0,"VVENTO":"19","VVENTOSCAL":"18","VWND":-16.45},"latest_time":"2026-10-10T22:00","series":"series/499900.csv"}},{"type":"Feature","geometry":{"type":"Point","coordinates":[12.750278,46.240556]},"properties":{"scode":"502600","name":"Tramonti Invaso","variables":["CLOUDINESS","PREC","PREC24","PREC48"],"latest":{"CLOUDINESS":"0","PREC":"0.0","PREC24":0.2,"PREC48":0.8},"latest_time":"2026-10-10T22:00","series":"series/502600.csv"}},{"type":"Feature","geometry":{"type":"Point","coordinates":[12.461944,46.055278]},"properties":{"scode":"503700","name":"Col della Gallina Meteo","variables":["CDD","CLOUDINESS","DVENTO","DVENTOMAX","GDD","HDD","TEMP","UWND","VVENTO","VVENTOSCAL","VWND"],"latest":{"CDD":0.0,"CLOUDINESS":"0","DVENTO":"79","DVENTOMAX":"72","GDD":0.2,"HDD":8.1,"TEMP":"9.7","UWND":-7.85,"VVENTO":"8","VVENTOSCAL":"8","VWND":-1.53},"latest_time":"2026-10-10T22:00","series":"series/503700.csv"}},{"type":"Feature","geometry":{"type":"Point","coordinates":[12.802559,46.351948]},"properties":{"scode":"503800","name":"Rest","variables":["CDD","CLOUDINESS","DVENTO","DVENTOMAX","GDD","HDD","TAPP","TDEW","TEMP","UMID","UWND","VPD","VVENTO","VVENTOSCAL","VWND"],"latest":{"CDD":0.0,"CLOUDINESS":"0","DVENTO":"50","DVENTOMAX":"11","GDD":0.0,"HDD":11.0,"TAPP":-3.4,"TDEW":7.1,"TEMP":"7.1","UMID":"100","UWND":-10.72,"VPD":0.0,"VVENTO":"14","VVENTOSCAL":"13","VWND":-9.0},"latest_time":"2026-10-10T22:00","series":"series/503800.csv"}},{"type":"Feature","geometry":{"type":"Point","coordinates":[12.492021,46.114603]},"properties":{"scode":"A009","name":"Val dei Sass","variables":["CDD","CLOUDINESS","DVENTO","DVENTOMAX","GDD","HDD","PREC","PREC24","PREC48","PREC_TYPE","PRESS","TEMP","UWND","VVENTO","VVENTOSCAL","VWND"],"latest":{"CDD":0.0,"CLOUDINESS":"0","DVENTO":"33","DVENTOMAX":"91","GDD":0.0,"HDD":10.3,"PREC":"0.0","PREC24":0.0,"PREC48":0.0,"PREC_TYPE":"0","PRESS":"814.1","TEMP":"7.4","UWND":-2.18,"VVENTO":"4","VVENTOSCAL":"5","VWND":-3.35},"latest_time":"2026-10-10T22:00","series":"series/A009.csv"}},{"type":"Feature","geometry":{"type":"Point","coordinates":[12.502079,45.950857]},"properties":{"scode":"A021","name":"Sacile","variables":["CDD","CLOUDINESS","GDD","HDD","TEMP"],"latest":{"CDD":0.0,"CLOUDINESS":"0","GDD":8.1,"HDD":0.3,"TEMP":"16.4"},"latest_time":"2026-10-10T22:00","series":"series/A021.csv"}},{"type":"Feature","geometry":{"type":"Point","coordinates":[12.60278,46.064354]},"properties":{"scode":"A050","name":"Aviano","variables":["CLOUDINESS"],"latest":{"CLOUDINESS":"0"},"latest_time":"2026-10-10T03:00","series":"series/A050.csv"}},{"type":"Feature","geometry":{"type":"Point","coordinates":[12.793117,46.298169]},"properties":{"scode":"A202","name":"Tramonti di Sotto","variables":["CDD","CLOUDINESS","GDD","HDD","PREC","PREC24","PREC48","PREC_TYPE","TEMP"],"latest":{"CDD":0.0,"CLOUDINESS":"0","GDD":4.8,"HDD":3.7,"PREC":"0.0","PREC24":0.4,"PREC48":0.8,"PREC_TYPE":"0","TEMP":"12.0"},"latest_time":"2026-10-10T22:00","series":"series/A202.csv"}},{"type":"Feature","geometry":{"type":"Point","coordinates":[12.798537,46.348198]},"properties":{"scode":"A204","name":"Malga Rest","variables":["CDD","CLOUDINESS","DVENTO","DVENTOMAX","GDD","HDD","PREC","PREC24","PREC48","PREC_TYPE","TAPP","TDEW","TEMP","UMID","UWND","VPD","VVENTO","VVENTOSCAL","VWND"],"latest":{"CDD":0.0,"CLOUDINESS":"0","DVENTO":"69","DVENTOMAX":"40","GDD":0.0,"HDD":8.8,"PREC":"0.0","PREC24":2.6,"PREC48":2.8,"PREC_TYPE":"0","TAPP":4.4,"TDEW":7.1,"TEMP":"10.0","UMID":"82","UWND":-6.54,"VPD":0.221,"VVENTO":"7","VVENTOSCAL":"8","VWND":-2.51},"latest_time":"2026-10-10T22:00","series":"series/A204.csv"}},{"type":"Feature","geometry":{"type":"Point","coordinates":[12.716111,46.292222]},"properties":{"scode":"A220","name":"Ca' Zul Invaso","variables":["CLOUDINESS","PREC","PREC24","PREC48"],"latest":{"CLOUDINESS":"0","PREC":"0.0","PREC24":0.4,"PREC48":1.0},"latest_time":"2026-10-10T22:00","series":"series/A220.csv"}},{"type":"Feature","geometry":{"type":"Point","coordinates":[12.700556,46.258611]},"properties":{"scode":"A221","name":"Ca' Selva Invaso","variables":["CLOUDINESS","PREC","PREC24","PREC48"],"latest":{"CLOUDINESS":"0","PREC":"0.0","PREC24":0.4,"PREC48":0.6},"latest_time":"2026-10-10T22:00","series":"series/A221.csv"}},{"type":"Feature","geometry":{"type":"Point","coordinates":[12.831351,46.259215]},"properties":{"scode":"A224","name":"Campone","variables":["CDD","CLOUDINESS","GDD","HDD","PREC","PREC24","PREC48","PREC_TYPE","TDEW","TEMP","UMID","VPD"],"latest":{"CDD":0.0,"CLOUDINESS":"0","GDD":5.2,"HDD":3.7,"PREC":"0.0","PREC24":0.0,"PREC48":0.4,"PREC_TYPE":"0","TDEW":11.7,"TEMP":"12.0","UMID":"98","VPD":0.028},"latest_time":"2026-10-10T22:00","series":"series/A224.csv"}},{"type":"Feature","geometry":{"type":"Point","coordinates":[12.676121,46.235908]},"properties":{"scode":"A226","name":"Malga Valine","variables":["CDD","CLOUDINESS","GDD","HDD","PREC","PREC24","PREC48","PREC_TYPE","TDEW","TEMP","UMID","VPD"],"latest":{"CDD":0.0,"CLOUDINESS":"0","GDD":0.0,"HDD":8.2,"PREC":"0.0","PREC24":0.2,"PREC48":0.4,"PREC_TYPE":"0","TDEW":8.1,"TEMP":"8.9","UMID":"95","VPD":0.057},"latest_time":"2026-10-10T22:00","series":"series/A226.csv"}},{"type":"Feature","geometry":{"type":"Point","coordinates":[12.773192,46.217914]},"properties":{"scode":"A241","name":"Meduno","variables":["CDD","CLOUDINESS","GDD","HDD","PREC","PREC24","PREC48","PREC_TYPE","TEMP"],"latest":{"CDD":0.0,"CLOUDINESS":"0","GDD":7.4,"HDD":1.6,"PREC":"0.0","PREC24":-0.0,"PREC48":0.2,"PREC_TYPE":"0","TEMP":"14.6"},"latest_time":"2026-10-10T22:00","series":"series/A241.csv"}},{"type":"Feature","geometry":{"type":"Point","coordinates":[12.718689,46.173933]},"properties":{"scode":"A261","name":"Maniago","variables":["CDD","CLOUDINESS","GDD","HDD","PREC","PREC24","PREC48","PREC_TYPE","TEMP"],"latest":{"CDD":0.0,"CLOUDINESS":"0","GDD":7.0,"HDD":1.1,"PREC":"0.0","PREC24":0.0,"PREC48":0.0,"PREC_TYPE":"0","TEMP":"15.4"},"latest_time":"2026-10-10T22:00","series":"series/A261.csv"}},{"type":"Feature","geometry":{"type":"Point","coordinates":[12.649689,45.958625]},"properties":{"scode":"A303","name":"Pordenone Meteo","variables":["CDD","CLOUDINESS","DVENTO","DVENTOMAX","GDD","HDD","PREC","PREC24","PREC48","PREC_TYPE","PRESS","QSPEC","RADSOL","TAPP","TDEW","TEMP","UMID","UWND","VPD","VVENTO","VVENTOSCAL","VWND"],"latest":{"CDD":0.0,"CLOUDINESS":"4","DVENTO":"18","DVENTOMAX":"15","GDD":8.1,"HDD":0.3,"PREC":"0.0","PREC24":-0.0,"PREC48":-0.0,"PREC_TYPE":"0","PRESS":"1006.4","QSPEC":10.38,"RADSOL":"0","TAPP":16.1,"TDEW":14.7,"TEMP":"16.0","UMID":"92","UWND":-0.62,"VPD":0.145,"VVENTO":"2","VVENTOSCAL":"2","VWND":-1.9},"latest_time":"2026-10-10T22:00","series":"series/A303.csv"}},{"type":"Feature","geometry":{"type":"Point","coordinates":[12.614194,45.921778]},"properties":{"scode":"A325","name":"Porcia","variables":["CLOUDINESS","PREC","PREC24","PREC48","UMID"],"latest":{"CLOUDINESS":"0","PREC":"0.0","PREC24":0.0,"PREC48":0.0,"UMID":"92"},"latest_time":"2026-10-10T22:00","series":"series/A325.csv"}},{"type":"Feature","geometry":{"type":"Point","coordinates":[12.440848,46.285648]},"properties":{"scode":"A401","name":"Cimolais","variables":["CDD","CLOUDINESS","GDD","HDD","PREC","PREC24","PREC48","PREC_TYPE","TEMP"],"latest":{"CDD":0.0,"CLOUDINESS":"0","GDD":5.4,"HDD":3.3,"PREC":"0.0","PREC24":0.2,"PREC48":0.4,"PREC_TYPE":"0","TEMP":"11.7"},"latest_time":"2026-10-10T22:00","series":"series/A401.csv"}},{"type":"Feature","geometry":{"type":"Point","coordinates":[12.573013,46.242252]},"properties":{"scode":"A409","name":"Baldass","variables":["CDD","CLOUDINESS","DVENTO","DVENTOMAX","GDD","HDD","PREC","PREC24","PREC48","PREC_TYPE","PRESS","QSPEC","RADSOL","TAPP","TDEW","TEMP","UMID","UWND","VPD","VVENTO","VVENTOSCAL","VWND"],"latest":{"CDD":0.0,"CLOUDINESS":"0","DVENTO":"171","DVENTOMAX":"75","GDD":0.0,"HDD":10.2,"PREC":"0.0","PREC24":0.6,"PREC48":1.4,"PREC_TYPE":"0","PRESS":"813.5","QSPEC":6.73,"RADSOL":"0","TAPP":6.0,"TDEW":5.1,"TEMP":"7.1","UMID":"87","UWND":-0.0,"VPD":0.131,"VVENTO":"0","VVENTOSCAL":"1","VWND":0.0},"latest_time":"2026-10-10T22:00","series":"series/A409.csv"}},{"type":"Feature","geometry":{"type":"Point","coordinates":[12.601821,46.297339]},"properties":{"scode":"A410","name":"Casera Podestine","variables":["CDD","CLOUDINESS","DVENTO","DVENTOMAX","GDD","HDD","PREC","PREC24","PREC48","PREC_TYPE","TAPP","TDEW","TEMP","UMID","UWND","VPD","VVENTO","VVENTOSCAL","VWND"],"latest":{"CDD":0.0,"CLOUDINESS":"0","DVENTO":"45","DVENTOMAX":"41","GDD":2.6,"HDD":6.5,"PREC":"0.0","PREC24":1.4,"PREC48":1.6,"PREC_TYPE":"0","TAPP":7.5,"TDEW":9.6,"TEMP":"9.7","UMID":"99","UWND":-2.12,"VPD":0.012,"VVENTO":"3","VVENTOSCAL":"3","VWND":-2.12},"latest_time":"2026-10-10T22:00","series":"series/A410.csv"}},{"type":"Feature","geometry":{"type":"Point","coordinates":[12.564044,46.255849]},"properties":{"scode":"A411","name":"Casera Pradut","variables":["CLOUDINESS","DVENTO","DVENTOMAX","PREC","PREC24","PREC48","UMID","UWND","VVENTO","VVENTOSCAL","VWND"],"latest":{"CLOUDINESS":"0","DVENTO":"19","DVENTOMAX":"51","PREC":"0.0","PREC24":0.8,"PREC48":1.0,"UMID":"97","UWND":-0.33,"VVENTO":"1","VVENTOSCAL":"0","VWND":-0.95},"latest_time":"2026-10-10T22:00","series":"series/A411.csv"}},{"type":"Feature","geometry":{"type":"Point","coordinates":[12.485796,46.349259]},"properties":{"scode":"A414","name":"Forcella Savalons","variables":["CDD","CLOUDINESS","DVENTO","DVENTOMAX","GDD","HDD","PREC","PREC24","PREC48","PREC_TYPE","TAPP","TDEW","TEMP","UMID","UWND","VPD","VVENTO","VVENTOSCAL","VWND"],"latest":{"CDD":0.0,"CLOUDINESS":"0","DVENTO":"122","DVENTOMAX":"128","GDD":0.0,"HDD":11.5,"PREC":"0.0","PREC24":2.0,"PREC48":3.4,"PREC_TYPE":"0","TAPP":2.6,"TDEW":4.7,"TEMP":"5.9","UMID":"92","UWND":-2.54,"VPD":0.074,"VVENTO":"3","VVENTOSCAL":"3","VWND":1.59},"latest_time":"2026-10-10T22:00","series":"series/A414.csv"}},{"type":"Feature","geometry":{"type":"Point","coordinates":[12.489299,46.378671]},"properties":{"scode":"A415","name":"Rifugio Pordenone","variables":["CDD","CLOUDINESS","DVENTO","DVENTOMAX","GDD","HDD","PREC","PREC24","PREC48","PREC_TYPE","PRESS","QSPEC","RADSOL","TAPP","TDEW","TEMP","UMID","UWND","VPD","VVENTO","VVENTOSCAL","VWND"],"latest":{"CDD":0.0,"CLOUDINESS":"0","DVENTO":"38","DVENTOMAX":"37","GDD":0.4,"HDD":7.9,"PREC":"0.0","PREC24":1.6,"PREC48":4.0,"PREC_TYPE":"0","PRESS":"878.5","QSPEC":7.83,"RADSOL":"0","TAPP":3.7,"TDEW":8.4,"TEMP":"9.0","UMID":"96","UWND":-4.31,"VPD":0.046,"VVENTO":"7","VVENTOSCAL":"6","VWND":-5.52},"latest_time":"2026-10-10T22:00","series":"series/A415.csv"}},{"type":"Feature","geometry":{"type":"Point","coordinates":[12.590968,46.345209]},"properties":{"scode":"A416","name":"Rifugio Pussa","variables":["CDD","CLOUDINESS","DVENTO","DVENTOMAX","GDD","HDD","PREC","PREC24","PREC48","PREC_TYPE","PRESS","QSPEC","RADSOL","TAPP","TDEW","TEMP","UMID","UWND","VPD","VVENTO","VVENTOSCAL","VWND"],"latest":{"CDD":0.0,"CLOUDINESS":"0","DVENTO":"67","DVENTOMAX":"76","GDD":2.4,"HDD":6.1,"PREC":"0.0","PREC24":0.6,"PREC48":1.8,"PREC_TYPE":"0","PRESS":"905.5","QSPEC":8.1,"RADSOL":"0","TAPP":7.3,"TDEW":9.4,"TEMP":"9.5","UMID":"99","UWND":-2.76,"VPD":0.012,"VVENTO":"3","VVENTOSCAL":"3","VWND":-1.17},"latest_time":"2026-10-10T22:00","series":"series/A416.csv"}},{"type":"Feature","geometry":{"type":"Point","coordinates":[12.500194,46.263561]},"properties":{"scode":"A417","name":"Claut Tre Pini","variables":["CDD","CLOUDINESS","GDD","HDD","PREC","PREC24","PREC48","PREC_TYPE","TDEW","TEMP","UMID","VPD"],"latest":{"CDD":0.0,"CLOUDINESS":"0","GDD":6.0,"HDD":3.3,"PREC":"0.0","PREC24":0.2,"PREC48":0.4,"PREC_TYPE":"0","TDEW":11.3,"TEMP":"11.6","UMID":"98","VPD":0.027},"latest_time":"2026-10-10T22:00","series":"series/A417.csv"}},{"type":"Feature","geometry":{"type":"Point","coordinates":[12.489006,46.192833]},"properties":{"scode":"A422","name":"Prescudin","variables":["CDD","CLOUDINESS","DVENTO","DVENTOMAX","GDD","HDD","PREC","PREC24","PREC48","PREC_TYPE","TEMP","UWND","VVENTO","VVENTOSCAL","VWND"],"latest":{"CDD":0.0,"CLOUDINESS":"0","DVENTO":"207","DVENTOMAX":"165","GDD":4.1,"HDD":4.3,"PREC":"0.0","PREC24":0.2,"PREC48":0.2,"PREC_TYPE":"0","TEMP":"12.3","UWND":0.45,"VVENTO":"1","VVENTOSCAL":"1","VWND":0.89},"latest_time":"2026-10-10T22:00","series":"series/A422.csv"}},{"type":"Feature","geometry":{"type":"Point","coordinates":[12.563592,46.192837]},"properties":{"scode":"A463","name":"Barcis","variables":["CDD","CLOUDINESS","DVENTO","DVENTOMAX","GDD","HDD","PREC","PREC24","PREC48","PREC_TYPE","RADSOL","TAPP","TDEW","TEMP","UMID","UWND","VPD","VVENTO","VVENTOSCAL","VWND"],"latest":{"CDD":0.0,"CLOUDINESS":"2","DVENTO":"304","DVENTOMAX":"281","GDD":5.9,"HDD":3.0,"PREC":"0.0","PREC24":-0.0,"PREC48":-0.0,"PREC_TYPE":"0","RADSOL":"0","TAPP":13.5,"TDEW":12.6,"TEMP":"13.4","UMID":"95","UWND":0.83,"VPD":0.077,"VVENTO":"1","VVENTOSCAL":"1","VWND":-0.56},"latest_time":"2026-10-10T22:00","series":"series/A463.csv"}},{"type":"Feature","geometry":{"type":"Point","coordinates":[12.611826,46.198877]},"properties":{"scode":"A464","name":"Andreis","variables":["CDD","CLOUDINESS","GDD","HDD","PREC","PREC24","PREC48","PREC_TYPE","PRESS","QSPEC","TDEW","TEMP","UMID","VPD"],"latest":{"CDD":0.0,"CLOUDINESS":"0","GDD":6.0,"HDD":2.9,"PREC":"0.0","PREC24":-0.0,"PREC48":0.2,"PREC_TYPE":"0","PRESS":"963.8","QSPEC":9.25,"TDEW":12.3,"TEMP":"12.9","UMID":"96","VPD":0.06},"latest_time":"2026-10-10T22:00","series":"series/A464.csv"}},{"type":"Feature","geometry":{"type":"Point","coordinates":[12.659091,46.195958]},"properties":{"scode":"A467","name":"Pala Barzana","variables":["CDD","CLOUDINESS","GDD","HDD","PREC","PREC24","PREC48","PREC_TYPE","TDEW","TEMP","UMID","VPD"],"latest":{"CDD":0.0,"CLOUDINESS":"0","GDD":3.5,"HDD":5.0,"PREC":"0.0","PREC24":0.0,"PREC48":1.2,"PREC_TYPE":"0","TDEW":11.6,"TEMP":"12.7","UMID":"93","VPD":0.103},"latest_time":"2026-10-10T22:00","series":"series/A467.csv"}},{"type":"Feature","geometry":{"type":"Point","coordinates":[12.505815,46.118073]},"properties":{"scode":"A601","name":"Val Sughet","variables":["CDD","CLOUDINESS","DVENTO","DVENTOMAX","GDD","HDD","PREC","PREC24","PREC48","PREC_TYPE","TAPP","TDEW","TEMP","UMID","UWND","VPD","VVENTO","VVENTOSCAL","VWND"],"latest":{"CDD":0.0,"CLOUDINESS":"0","DVENTO":"44","DVENTOMAX":"325","GDD":0.0,"HDD":9.9,"PREC":"0.0","PREC24":0.0,"PREC48":0.0,"PREC_TYPE":"0","TAPP":5.3,"TDEW":6.5,"TEMP":"6.8","UMID":"98","UWND":-0.69,"VPD":0.02,"VVENTO":"1","VVENTOSCAL":"4","VWND":-0.72},"latest_time":"2026-10-10T22:00","series":"series/A601.csv"}},{"type":"Feature","geometry":{"type":"Point","coordinates":[12.442887,46.064118]},"properties":{"scode":"A603","name":"Candaglia","variables":["CDD","CLOUDINESS","GDD","HDD","PREC","PREC24","PREC48","PREC_TYPE","TDEW","TEMP","UMID","VPD"],"latest":{"CDD":0.0,"CLOUDINESS":"0","GDD":0.0,"HDD":8.3,"PREC":"0.0","PREC24":0.0,"PREC48":0.2,"PREC_TYPE":"0","TDEW":8.4,"TEMP":"8.5","UMID":"99","VPD":0.011},"latest_time":"2026-10-10T22:00","series":"series/A603.csv"}},{"type":"Feature","geometry":{"type":"Point","coordinates":[12.790553,46.088194]},"properties":{"scode":"A624","name":"Basaldella di Vivaro","variables":["CLOUDINESS","PREC","PREC24","PREC48","UMID"],"latest":{"CLOUDINESS":"0","PREC":"0.0","PREC24":0.0,"PREC48":2.8,"UMID":"91"},"latest_time":"2026-10-10T22:00","series":"series/A624.csv"}},{"type":"Feature","geometry":{"type":"Point","coordinates":[12.700492,46.009227]},"properties":{"scode":"A627","name":"Cordenons","variables":["CLOUDINESS","DVENTO","DVENTOMAX","PREC","PREC24","PREC48","PRESS","RADSOL","UMID","UWND","VVENTO","VVENTOSCAL","VWND"],"latest":{"CLOUDINESS":"0","DVENTO":"28","DVENTOMAX":"78","PREC":"0.0","PREC24":0.0,"PREC48":1.5,"PRESS":"1000.0","RADSOL":"0","UMID":"89","UWND":-0.94,"VVENTO":"2","VVENTOSCAL":"3","VWND":-1.77},"latest_time":"2026-10-10T22:00","series":"series/A627.csv"}},{"type":"Feature","geometry":{"type":"Point","coordinates":[12.588596,45.998441]},"properties":{"scode":"A640","name":"Forcate","variables":["CDD","CLOUDINESS","GDD","HDD","PREC","PREC24","PREC48","PREC_TYPE","TEMP"],"latest":{"CDD":0.0,"CLOUDINESS":"0","GDD":7.4,"HDD":0.6,"PREC":"0.0","PREC24":0.0,"PREC48":0.6,"PREC_TYPE":"0","TEMP":"15.8"},"latest_time":"2026-10-10T22:00","series":"series/A640.csv"}},{"type":"Feature","geometry":{"type":"Point","coordinates":[12.370643,46.277745]},"properties":{"scode":"B001","name":"Erto e Casso","variables":["CDD","CLOUDINESS","GDD","HDD","PREC","PREC24","PREC48","PREC_TYPE","PRESS","QSPEC","RADSOL","TDEW","TEMP","UMID","VPD","VVENTOSCAL"],"latest":{"CDD":0.0,"CLOUDINESS":"0","GDD":4.2,"HDD":4.5,"PREC":"0.0","PREC24":0.0,"PREC48":0.8,"PREC_TYPE":"0","PRESS":"912.9","QSPEC":8.9,"RADSOL":"0","TDEW":10.9,"TEMP":"11.8","UMID":"94","VPD":0.083,"VVENTOSCAL":"2"},"latest_time":"2026-10-10T22:00","series":"series/B001.csv"}},{"type":"Feature","geometry":{"type":"Point","coordinates":[12.393682,46.320701]},"properties":{"scode":"B004","name":"Rifugio Maniago","variables":["CDD","CLOUDINESS","DVENTO","DVENTOMAX","GDD","HDD","PREC","PREC24","PREC48","PREC_TYPE","TAPP","TDEW","TEMP","UMID","UWND","VPD","VVENTO","VVENTOSCAL","VWND"],"latest":{"CDD":0.0,"CLOUDINESS":"0","DVENTO":"0","DVENTOMAX":"43","GDD":0.0,"HDD":9.7,"PREC":"0.0","PREC24":1.0,"PREC48":1.4,"PREC_TYPE":"0","TAPP":7.2,"TDEW":5.0,"TEMP":"8.3","UMID":"80","UWND":-0.0,"VPD":0.219,"VVENTO":"0","VVENTOSCAL":"1","VWND":-0.0},"latest_time":"2026-10-10T22:00","series":"series/B004.csv"}},{"type":"Feature","geometry":{"type":"Point","coordinates":[13.565022,45.618291]},"properties":{"scode":"BOA","name":"Boa Paloma","variables":["CDD","CLOUDINESS","DVENTO","DVENTOMAX","GDD","HDD","TAPP","TDEW","TEMP","UMID","UWND","VPD","VVENTO","VVENTOSCAL","VWND"],"latest":{"CDD":0.0,"CLOUDINESS":"5","DVENTO":"71","DVENTOMAX":"72","GDD":9.9,"HDD":0.0,"TAPP":5.5,"TDEW":15.4,"TEMP":"19.8","UMID":"76","UWND":-21.75,"VPD":0.554,"VVENTO":"23","VVENTOSCAL":"17","VWND":-7.49},"latest_time":"2026-10-10T22:00","series":"series/BOA.csv"}},{"type":"Feature","geometry":{"type":"Point","coordinates":[12.560169,46.454826]},"properties":{"scode":"C009","name":"Varmost M.te Simone","variables":["CDD","CLOUDINESS","DVENTO","DVENTOMAX","GDD","HDD","PREC","PREC24","PREC48","PREC_TYPE","TAPP","TDEW","TEMP","UMID","UWND","VPD","VVENTO","VVENTOSCAL","VWND"],"latest":{"CDD":0.0,"CLOUDINESS":"0","DVENTO":"327","DVENTOMAX":"337","GDD":0.0,"HDD":10.9,"PREC":"0.0","PREC24":1.0,"PREC48":2.0,"PREC_TYPE":"0","TAPP":4.0,"TDEW":2.9,"TEMP":"7.6","UMID":"72","UWND":1.63,"VPD":0.292,"VVENTO":"3","VVENTOSCAL":"4","VWND":-2.52},"latest_time":"2026-10-10T22:00","series":"series/C009.csv"}},{"type":"Feature","geometry":{"type":"Point","coordinates":[12.714758,46.392815]},"properties":{"scode":"C022","name":"Forni di Sotto","variables":["CLOUDINESS","PREC","PREC24","PREC48"],"latest":{"CLOUDINESS":"0","PREC":"0.0","PREC24":7.2,"PREC48":7.2},"latest_time":"2026-10-10T22:00","series":"series/C022.csv"}},{"type":"Feature","geometry":{"type":"Point","coordinates":[12.678983,46.351197]},"properties":{"scode":"C032","name":"Malga Chiampiuz","variables":["CDD","CLOUDINESS","DVENTO","DVENTOMAX","GDD","HDD","PREC","PREC24","PREC48","PREC_TYPE","TAPP","TDEW","TEMP","UMID","UWND","VPD","VVENTO","VVENTOSCAL","VWND"],"latest":{"CDD":0.0,"CLOUDINESS":"0","DVENTO":"232","DVENTOMAX":"224","GDD":0.0,"HDD":10.1,"PREC":"0.0","PREC24":1.2,"PREC48":1.6,"PREC_TYPE":"0","TAPP":2.5,"TDEW":6.6,"TEMP":"7.5","UMID":"94","UWND":4.73,"VPD":0.062,"VVENTO":"6","VVENTOSCAL":"5","VWND":3.69},"latest_time":"2026-10-10T22:00","series":"series/C032.csv"}},{"type":"Feature","geometry":{"type":"Point","coordinates":[12.940293,46.358905]},"properties":{"scode":"C052","name":"Sella Chianzutan","variables":["CDD","CLOUDINESS","GDD","HDD","PREC","PREC24","PREC48","PREC_TYPE","TEMP"],"latest":{"CDD":0.0,"CLOUDINESS":"0","GDD":2.1,"HDD":6.0,"PREC":"0.0","PREC24":0.6,"PREC48":1.8,"PREC_TYPE":"0","TEMP":"9.3"},"latest_time":"2026-10-10T22:00","series":"series/C052.csv"}},{"type":"Feature","geometry":{"type":"Point","coordinates":[12.681997,46.467271]},"properties":{"scode":"C100","name":"Sauris di Sopra","variables":["CDD","CLOUDINESS","GDD","HDD","PREC","PREC24","PREC48","PREC_TYPE","TEMP"],"latest":{"CDD":0.0,"CLOUDINESS":"0","GDD":0.2,"HDD":8.4,"PREC":"0.0","PREC24":1.0,"PREC48":2.0,"PREC_TYPE":"0","TEMP":"8.6"},"latest_time":"2026-10-10T22:00","series":"series/C100.csv"}},{"type":"Feature","geometry":{"type":"Point","coordinates":[12.626938,46.452038]},"properties":{"scode":"C103","name":"Chiansaveit","variables":["CDD","CLOUDINESS","DVENTO","DVENTOMAX","GDD","HDD","PREC","PREC24","PREC48","PREC_TYPE","TAPP","TDEW","TEMP","UMID","UWND","VPD","VVENTO","VVENTOSCAL","VWND"],"latest":{"CDD":0.0,"CLOUDINESS":"0","DVENTO":"219","DVENTOMAX":"201","GDD":0.0,"HDD":10.4,"PREC":"0.0","PREC24":4.0,"PREC48":5.0,"PREC_TYPE":"0","TAPP":1.9,"TDEW":4.6,"TEMP":"6.6","UMID":"87","UWND":3.15,"VPD":0.127,"VVENTO":"5","VVENTOSCAL":"5","VWND":3.89},"latest_time":"2026-10-10T22:00","series":"series/C103.csv"}},{"type":"Feature","geometry":{"type":"Point","coordinates":[12.722987,46.484142]},"properties":{"scode":"C104","name":"Casera Pieltinis","variables":["CDD","CLOUDINESS","DVENTO","DVENTOMAX","GDD","HDD","PREC","PREC24","PREC48","PREC_TYPE","TAPP","TDEW","TEMP","UMID","UWND","VPD","VVENTO","VVENTOSCAL","VWND"],"latest":{"CDD":0.0,"CLOUDINESS":"0","DVENTO":"9","DVENTOMAX":"37","GDD":0.0,"HDD":10.4,"PREC":"0.0","PREC24":1.6,"PREC48":2.4,"PREC_TYPE":"0","TAPP":6.1,"TDEW":5.6,"TEMP":"7.8","UMID":"86","UWND":-0.16,"VPD":0.148,"VVENTO":"1","VVENTOSCAL":"1","VWND":-0.99},"latest_time":"2026-10-10T22:00","series":"series/C104.csv"}},{"type":"Feature","geometry":{"type":"Point","coordinates":[12.773752,46.586742]},"properties":{"scode":"C150","name":"Forni Avoltri","variables":["CDD","CLOUDINESS","GDD","HDD","PREC","PREC24","PREC48","PREC_TYPE","TEMP"],"latest":{"CDD":0.0,"CLOUDINESS":"0","GDD":2.2,"HDD":6.1,"PREC":"0.0","PREC24":2.4,"PREC48":2.6,"PREC_TYPE":"0","TEMP":"8.6"},"latest_time":"2026-10-10T22:00","series":"series/C150.csv"}},{"type":"Feature","geometry":{"type":"Point","coordinates":[12.839108,46.585548]},"properties":{"scode":"C151","name":"Collina (Forni Avoltri)","variables":["CDD","CLOUDINESS","GDD","HDD","PREC","PREC24","PREC48","PREC_TYPE","TEMP"],"latest":{"CDD":0.0,"CLOUDINESS":"0","GDD":1.1,"HDD":7.7,"PREC":"0.0","PREC24":1.6,"PREC48":1.6,"PREC_TYPE":"0","TEMP":"8.3"},"latest_time":"2026-10-10T22:00","series":"series/C151.csv"}},{"type":"Feature","geometry":{"type":"Point","coordinates":[12.775179,46.52188]},"properties":{"scode":"C154","name":"Pesariis","variables":["CDD","CLOUDINESS","GDD","HDD","PREC","PREC24","PREC48","PREC_TYPE","TEMP"],"latest":{"CDD":0.0,"CLOUDINESS":"0","GDD":4.1,"HDD":4.3,"PREC":"0.0","PREC24":0.6,"PREC48":0.8,"PREC_TYPE":"0","TEMP":"10.6"},"latest_time":"2026-10-10T22:00","series":"series/C154.csv"}},{"type":"Feature","geometry":{"type":"Point","coordinates":[12.864919,46.516967]},"properties":{"scode":"C155","name":"Comeglians","variables":["CDD","CLOUDINESS","GDD","HDD","PREC","PREC24","PREC48","PREC_TYPE","TDEW","TEMP","UMID","VPD"],"latest":{"CDD":0.0,"CLOUDINESS":"0","GDD":5.4,"HDD":3.9,"PREC":"0.0","PREC24":1.0,"PREC48":1.0,"PREC_TYPE":"0","TDEW":11.4,"TEMP":"11.6","UMID":"99","VPD":0.014},"latest_time":"2026-10-10T22:00","series":"series/C155.csv"}},{"type":"Feature","geometry":{"type":"Point","coordinates":[12.917413,46.519457]},"properties":{"scode":"C156","name":"Ravascletto","variables":["CDD","CLOUDINESS","GDD","HDD","PREC","PREC24","PREC48","PREC_TYPE","TDEW","TEMP","UMID","VPD"],"latest":{"CDD":0.0,"CLOUDINESS":"0","GDD":3.0,"HDD":5.5,"PREC":"0.0","PREC24":1.2,"PREC48":1.2,"PREC_TYPE":"0","TDEW":9.7,"TEMP":"9.9","UMID":"99","VPD":0.012},"latest_time":"2026-10-10T22:00","series":"series/C156.csv"}},{"type":"Feature","geometry":{"type":"Point","coordinates":[12.746582,46.570496]},"properties":{"scode":"C164","name":"Stadio Biathlon Piani di Luzza","variables":["CLOUDINESS","DVENTO","DVENTOMAX","PREC","PREC24","PREC48","UMID","UWND","VVENTO","VVENTOSCAL","VWND"],"latest":{"CLOUDINESS":"0","DVENTO":"263","DVENTOMAX":"293","PREC":"0.0","PREC24":3.0,"PREC48":3.2,"UMID":"99","UWND":0.99,"VVENTO":"1","VVENTOSCAL":"3","VWND":0.12},"latest_time":"2026-10-10T22:00","series":"series/C164.csv"}},{"type":"Feature","geometry":{"type":"Point","coordinates":[12.906678,46.411242]},"properties":{"scode":"C183","name":"Villa Santina T.Degano","variables":["CLOUDINESS","PREC","PREC24","PREC48"],"latest":{"CLOUDINESS":"0","PREC":"0.0","PREC24":1.4,"PREC48":1.4},"latest_time":"2026-10-10T22:00","series":"series/C183.csv"}},{"type":"Feature","geometry":{"type":"Point","coordinates":[13.006879,46.576365]},"properties":{"scode":"C201","name":"Timau","variables":["CDD","CLOUDINESS","GDD","HDD","PREC","PREC24","PREC48","PREC_TYPE","TEMP"],"latest":{"CDD":0.0,"CLOUDINESS":"0","GDD":3.0,"HDD":6.2,"PREC":"0.0","PREC24":0.2,"PREC48":0.2,"PREC_TYPE":"0","TEMP":"10.5"},"latest_time":"2026-10-10T22:00","series":"series/C201.csv"}},{"type":"Feature","geometry":{"type":"Point","coordinates":[13.012036,46.528107]},"properties":{"scode":"C203","name":"Paluzza","variables":["CDD","CLOUDINESS","GDD","HDD","PREC","PREC24","PREC48","PREC_TYPE","TDEW","TEMP","UMID","VPD"],"latest":{"CDD":0.0,"CLOUDINESS":"0","GDD":4.2,"HDD":4.3,"PREC":"0.0","PREC24":1.6,"PREC48":1.6,"PREC_TYPE":"0","TDEW":11.0,"TEMP":"11.3","UMID":"98","VPD":0.027},"latest_time":"2026-10-10T22:00","series":"series/C203.csv"}},{"type":"Feature","geometry":{"type":"Point","coordinates":[12.899767,46.594328]},"properties":{"scode":"C206","name":"Malga Plotta","variables":["CDD","CLOUDINESS","DVENTO","DVENTOMAX","GDD","HDD","PREC","PREC24","PREC48","PREC_TYPE","TAPP","TDEW","TEMP","UMID","UWND","VPD","VVENTO","VVENTOSCAL","VWND"],"latest":{"CDD":0.0,"CLOUDINESS":"0","DVENTO":"278","DVENTOMAX":"243","GDD":0.0,"HDD":11.7,"PREC":"0.0","PREC24":2.8,"PREC48":3.0,"PREC_TYPE":"0","TAPP":2.8,"TDEW":3.6,"TEMP":"6.3","UMID":"83","UWND":2.97,"VPD":0.162,"VVENTO":"3","VVENTOSCAL":"2","VWND":-0.42},"latest_time":"2026-10-10T22:00","series":"series/C206.csv"}},{"type":"Feature","geometry":{"type":"Point","coordinates":[13.029349,46.587302]},"properties":{"scode":"C207","name":"Pramosio","variables":["CDD","CLOUDINESS","DVENTO","DVENTOMAX","GDD","HDD","PREC","PREC24","PREC48","PREC_TYPE","TEMP","UWND","VVENTO","VVENTOSCAL","VWND"],"latest":{"CDD":0.0,"CLOUDINESS":"0","DVENTO":"337","DVENTOMAX":"332","GDD":0.0,"HDD":9.2,"PREC":"0.0","PREC24":0.8,"PREC48":0.8,"PREC_TYPE":"0","TEMP":"8.4","UWND":6.25,"VVENTO":"16","VVENTOSCAL":"14","VWND":-14.73},"latest_time":"2026-10-10T22:00","series":"series/C207.csv"}},{"type":"Feature","geometry":{"type":"Point","coordinates":[12.983632,46.557444]},"properties":{"scode":"C208","name":"Casera Zoufplan bassa","variables":["CDD","CLOUDINESS","DVENTO","DVENTOMAX","GDD","HDD","PREC","PREC24","PREC48","PREC_TYPE","TAPP","TDEW","TEMP","UMID","UWND","VPD","VVENTO","VVENTOSCAL","VWND"],"latest":{"CDD":0.0,"CLOUDINESS":"0","DVENTO":"277","DVENTOMAX":"294","GDD":0.0,"HDD":10.0,"PREC":"0.0","PREC24":1.4,"PREC48":1.4,"PREC_TYPE":"0","TAPP":4.3,"TDEW":5.5,"TEMP":"7.4","UMID":"88","UWND":2.98,"VPD":0.124,"VVENTO":"3","VVENTOSCAL":"3","VWND":-0.37},"latest_time":"2026-10-10T22:00","series":"series/C208.csv"}},{"type":"Feature","geometry":{"type":"Point","coordinates":[12.931552,46.501434]},"properties":{"scode":"C211","name":"Rifugio Tamai - Zoncolan","variables":["CLOUDINESS"],"latest":{"CLOUDINESS":"0"},"latest_time":"2026-10-10T03:00","series":"series/C211.csv"}},{"type":"Feature","geometry":{"type":"Point","coordinates":[13.121001,46.526404]},"properties":{"scode":"C230","name":"Paularo","variables":["CDD","CLOUDINESS","GDD","HDD","PREC","PREC24","PREC48","PREC_TYPE","TDEW","TEMP","UMID","VPD"],"latest":{"CDD":0.0,"CLOUDINESS":"0","GDD":4.4,"HDD":4.2,"PREC":"0.0","PREC24":0.6,"PREC48":0.6,"PREC_TYPE":"0","TDEW":11.2,"TEMP":"11.5","UMID":"98","VPD":0.027},"latest_time":"2026-10-10T22:00","series":"series/C230.csv"}},{"type":"Feature","geometry":{"type":"Point","coordinates":[13.168633,46.567892]},"properties":{"scode":"C235","name":"Cason di Lanza","variables":["CDD","CLOUDINESS","DVENTO","DVENTOMAX","GDD","HDD","PREC","PREC24","PREC48","PREC_TYPE","TAPP","TDEW","TEMP","UMID","UWND","VPD","VVENTO","VVENTOSCAL","VWND"],"latest":{"CDD":0.0,"CLOUDINESS":"0","DVENTO":"0","DVENTOMAX":"41","GDD":0.0,"HDD":10.4,"PREC":"0.0","PREC24":2.2,"PREC48":2.6,"PREC_TYPE":"0","TAPP":6.1,"TDEW":6.8,"TEMP":"6.9","UMID":"99","UWND":-0.0,"VPD":0.01,"VVENTO":"0","VVENTOSCAL":"0","VWND":-0.0},"latest_time":"2026-10-10T22:00","series":"series/C235.csv"}},{"type":"Feature","geometry":{"type":"Point","coordinates":[13.14116,46.481274]},"properties":{"scode":"C236","name":"Casera Del Mestri","variables":["CDD","CLOUDINESS","DVENTO","DVENTOMAX","GDD","HDD","PREC","PREC24","PREC48","PREC_TYPE","TAPP","TDEW","TEMP","UMID","UWND","VPD","VVENTO","VVENTOSCAL","VWND"],"latest":{"CDD":0.0,"CLOUDINESS":"0","DVENTO":"158","DVENTOMAX":"305","GDD":0.0,"HDD":9.0,"PREC":"0.0","PREC24":1.8,"PREC48":2.6,"PREC_TYPE":"0","TAPP":5.5,"TDEW":7.1,"TEMP":"8.3","UMID":"92","UWND":-1.12,"VPD":0.088,"VVENTO":"3","VVENTOSCAL":"2","VWND":2.78},"latest_time":"2026-10-10T22:00","series":"series/C236.csv"}},{"type":"Feature","geometry":{"type":"Point","coordinates":[13.021877,46.421844]},"properties":{"scode":"C263","name":"Tolmezzo meteo","variables":["CDD","CLOUDINESS","DVENTO","GDD","HDD","PREC","PREC24","PREC48","PREC_TYPE","PRESS","QSPEC","RADSOL","TDEW","TEMP","UMID","VPD","VVENTOSCAL"],"latest":{"CDD":0.0,"CLOUDINESS":"4","DVENTO":"56","GDD":6.9,"HDD":1.9,"PREC":"0.0","PREC24":0.6,"PREC48":0.8,"PREC_TYPE":"0","PRESS":"970.7","QSPEC":9.29,"RADSOL":"0","TDEW":12.5,"TEMP":"13.9","UMID":"91","VPD":0.143,"VVENTOSCAL":"2"},"latest_time":"2026-10-10T22:00","series":"series/C263.csv"}},{"type":"Feature","geometry":{"type":"Point","coordinates":[13.474892,46.543173]},"properties":{"scode":"C301","name":"Val Ugovizza","variables":["CDD","CLOUDINESS","GDD","HDD","PREC","PREC24","PREC48","PREC_TYPE","TEMP"],"latest":{"CDD":0.0,"CLOUDINESS":"0","GDD":0.6,"HDD":8.0,"PREC":"0.0","PREC24":0.6,"PREC48":2.0,"PREC_TYPE":"0","TEMP":"8.7"},"latest_time":"2026-10-10T22:00","series":"series/C301.csv"}},{"type":"Feature","geometry":{"type":"Point","coordinates":[13.441782,46.507888]},"properties":{"scode":"C304","name":"Malborghetto F.Fella","variables":["CDD","CLOUDINESS","GDD","HDD","PREC","PREC24","PREC48","PREC_TYPE","TEMP"],"latest":{"CDD":0.0,"CLOUDINESS":"0","GDD":2.4,"HDD":6.1,"PREC":"0.0","PREC24":0.8,"PREC48":1.8,"PREC_TYPE":"0","TEMP":"11.2"},"latest_time":"2026-10-10T22:00","series":"series/C304.csv"}},{"type":"Feature","geometry":{"type":"Point","coordinates":[13.515438,46.548152]},"properties":{"scode":"C307","name":"Malga Acomizza","variables":["CDD","CLOUDINESS","DVENTO","DVENTOMAX","GDD","HDD","PREC","PREC24","PREC48","PREC_TYPE","TAPP","TDEW","TEMP","UMID","UWND","VPD","VVENTO","VVENTOSCAL","VWND"],"latest":{"CDD":0.0,"CLOUDINESS":"0","DVENTO":"30","DVENTOMAX":"9","GDD":0.0,"HDD":10.6,"PREC":"1.0","PREC24":1.4,"PREC48":3.0,"PREC_TYPE":"1","TAPP":-4.8,"TDEW":6.4,"TEMP":"6.5","UMID":"99","UWND":-7.5,"VPD":0.01,"VVENTO":"15","VVENTOSCAL":"15","VWND":-12.99},"latest_time":"2026-10-10T20:00","series":"series/C307.csv"}},{"type":"Feature","geometry":{"type":"Point","coordinates":[13.307517,46.50607]},"properties":{"scode":"C333","name":"Pontebba T.P.","variables":["CDD","CLOUDINESS","GDD","HDD","PREC","PREC24","PREC48","PREC_TYPE","PRESS","QSPEC","RADSOL","TDEW","TEMP","UMID","VPD"],"latest":{"CDD":0.0,"CLOUDINESS":"5","GDD":3.9,"HDD":4.6,"PREC":"0.0","PREC24":0.2,"PREC48":1.0,"PREC_TYPE":"0","PRESS":"946.5","QSPEC":8.81,"RADSOL":"0","TDEW":11.3,"TEMP":"12.2","UMID":"94","VPD":0.085},"latest_time":"2026-10-10T22:00","series":"series/C333.csv"}},{"type":"Feature","geometry":{"type":"Point","coordinates":[13.275149,46.559729]},"properties":{"scode":"C338","name":"Passo Pramollo","variables":["CDD","CLOUDINESS","DVENTO","DVENTOMAX","GDD","HDD","PREC","PREC24","PREC48","PREC_TYPE","TAPP","TDEW","TEMP","UMID","UWND","VPD","VVENTO","VVENTOSCAL","VWND"],"latest":{"CDD":0.0,"CLOUDINESS":"0","DVENTO":"351","DVENTOMAX":"351","GDD":0.0,"HDD":10.3,"PREC":"0.0","PREC24":1.4,"PREC48":2.8,"PREC_TYPE":"0","TAPP":4.0,"TDEW":7.3,"TEMP":"7.4","UMID":"99","UWND":0.63,"VPD":0.01,"VVENTO":"4","VVENTOSCAL":"8","VWND":-3.95},"latest_time":"2026-10-10T22:00","series":"series/C338.csv"}},{"type":"Feature","geometry":{"type":"Point","coordinates":[13.448543,46.462206]},"properties":{"scode":"C361","name":"Sella di Sompdogna","variables":["CDD","CLOUDINESS","DVENTO","DVENTOMAX","GDD","HDD","PREC","PREC24","PREC48","PREC_TYPE","TEMP","UWND","VVENTO","VVENTOSCAL","VWND"],"latest":{"CDD":0.0,"CLOUDINESS":"0","DVENTO":"83","DVENTOMAX":"103","GDD":0.0,"HDD":9.6,"PREC":"0.0","PREC24":2.2,"PREC48":4.4,"PREC_TYPE":"0","TEMP":"8.1","UWND":-7.94,"VVENTO":"8","VVENTOSCAL":"7","VWND":-0.97},"latest_time":"2026-10-10T22:00","series":"series/C361.csv"}},{"type":"Feature","geometry":{"type":"Point","coordinates":[13.371912,46.452159]},"properties":{"scode":"C362","name":"Chiout","variables":["CDD","CLOUDINESS","GDD","HDD","PREC","PREC24","PREC48","PREC_TYPE","TEMP"],"latest":{"CDD":0.0,"CLOUDINESS":"0","GDD":2.9,"HDD":5.6,"PREC":"0.0","PREC24":0.8,"PREC48":2.8,"PREC_TYPE":"0","TEMP":"11.4"},"latest_time":"2026-10-10T22:00","series":"series/C362.csv"}},{"type":"Feature","geometry":{"type":"Point","coordinates":[13.375346,46.402789]},"properties":{"scode":"C410","name":"Saletto","variables":["CDD","CLOUDINESS","GDD","HDD","PREC","PREC24","PREC48","PREC_TYPE","TEMP"],"latest":{"CDD":0.0,"CLOUDINESS":"0","GDD":2.2,"HDD":5.4,"PREC":"0.0","PREC24":0.4,"PREC48":2.4,"PREC_TYPE":"0","TEMP":"12.1"},"latest_time":"2026-10-10T22:00","series":"series/C410.csv"}},{"type":"Feature","geometry":{"type":"Point","coordinates":[13.317483,46.404778]},"properties":{"scode":"C411","name":"Chiusaforte","variables":["CDD","CLOUDINESS","GDD","HDD","PREC","PREC24","PREC48","PREC_TYPE","TEMP"],"latest":{"CDD":0.0,"CLOUDINESS":"0","GDD":4.9,"HDD":3.4,"PREC":"0.0","PREC24":0.2,"PREC48":2.8,"PREC_TYPE":"0","TEMP":"13.8"},"latest_time":"2026-10-10T22:00","series":"series/C411.csv"}},{"type":"Feature","geometry":{"type":"Point","coordinates":[13.469737,46.375066]},"properties":{"scode":"C412","name":"Livinal Lunc","variables":["CDD","CLOUDINESS","DVENTO","DVENTOMAX","GDD","HDD","PREC","PREC24","PREC48","PREC_TYPE","RADSOL","TAPP","TDEW","TEMP","UMID","UWND","VPD","VVENTO","VVENTOSCAL","VWND"],"latest":{"CDD":0.0,"CLOUDINESS":"0","DVENTO":"141","DVENTOMAX":"139","GDD":0.0,"HDD":10.5,"PREC":"0.0","PREC24":0.6,"PREC48":6.6,"PREC_TYPE":"0","RADSOL":"0","TAPP":0.5,"TDEW":3.4,"TEMP":"6.8","UMID":"79","UWND":-4.41,"VPD":0.208,"VVENTO":"7","VVENTOSCAL":"8","VWND":5.44},"latest_time":"2026-10-10T22:00","series":"series/C412.csv"}},{"type":"Feature","geometry":{"type":"Point","coordinates":[13.47604,46.3906]},"properties":{"scode":"C414","name":"Sella Nevea","variables":["CDD","CLOUDINESS","GDD","HDD","PREC","PREC24","PREC48","PREC_TYPE","TDEW","TEMP","UMID","VPD"],"latest":{"CDD":0.0,"CLOUDINESS":"0","GDD":0.0,"HDD":8.4,"PREC":"0.0","PREC24":0.6,"PREC48":3.8,"PREC_TYPE":"0","TDEW":9.2,"TEMP":"9.3","UMID":"99","VPD":0.012},"latest_time":"2026-10-10T22:00","series":"series/C414.csv"}},{"type":"Feature","geometry":{"type":"Point","coordinates":[13.392204,46.347911]},"properties":{"scode":"C420","name":"Coritis","variables":["CDD","CLOUDINESS","GDD","HDD","PREC","PREC24","PREC48","PREC_TYPE","TDEW","TEMP","UMID","VPD"],"latest":{"CDD":0.0,"CLOUDINESS":"0","GDD":5.9,"HDD":3.6,"PREC":"0.0","PREC24":-0.0,"PREC48":5.6,"PREC_TYPE":"0","TDEW":12.9,"TEMP":"13.5","UMID":"96","VPD":0.062},"latest_time":"2026-10-10T22:00","series":"series/C420.csv"}},{"type":"Feature","geometry":{"type":"Point","coordinates":[13.295674,46.376105]},"properties":{"scode":"C423","name":"Resia","variables":["CLOUDINESS","PREC","PREC24","PREC48","UMID"],"latest":{"CLOUDINESS":"0","PREC":"0.0","PREC24":0.6,"PREC48":1.6,"UMID":"99"},"latest_time":"2026-10-10T22:00","series":"series/C423.csv"}},{"type":"Feature","geometry":{"type":"Point","coordinates":[13.189593,46.486164]},"properties":{"scode":"C440","name":"Bevorchians","variables":["CLOUDINESS","PREC","PREC24","PREC48"],"latest":{"CLOUDINESS":"0","PREC":"0.0","PREC24":0.4,"PREC48":0.6},"latest_time":"2026-10-10T22:00","series":"series/C440.csv"}},{"type":"Feature","geometry":{"type":"Point","coordinates":[13.248731,46.456198]},"properties":{"scode":"C445","name":"Bivacco Bianchi","variables":["CDD","CLOUDINESS","DVENTO","DVENTOMAX","GDD","HDD","PREC","PREC24","PREC48","PREC_TYPE","TAPP","TDEW","TEMP","UMID","UWND","VPD","VVENTO","VVENTOSCAL","VWND"],"latest":{"CDD":0.0,"CLOUDINESS":"0","DVENTO":"14","DVENTOMAX":"46","GDD":0.0,"HDD":9.9,"PREC":"0.0","PREC24":0.2,"PREC48":1.8,"PREC_TYPE":"0","TAPP":0.5,"TDEW":6.3,"TEMP":"7.0","UMID":"95","UWND":-1.94,"VPD":0.05,"VVENTO":"8","VVENTOSCAL":"9","VWND":-7.76},"latest_time":"2026-10-10T22:00","series":"series/C445.csv"}},{"type":"Feature","geometry":{"type":"Point","coordinates":[13.185105,46.400134]},"properties":{"scode":"C464","name":"Moggio Udinese","variables":["CDD","CLOUDINESS","GDD","HDD","PREC","PREC24","PREC48","PREC_TYPE","TEMP"],"latest":{"CDD":0.0,"CLOUDINESS":"0","GDD":6.6,"HDD":2.1,"PREC":"0.2","PREC24":0.8,"PREC48":2.0,"PREC_TYPE":"1","TEMP":"13.7"},"latest_time":"2026-10-10T22:00","series":"series/C464.csv"}},{"type":"Feature","geometry":{"type":"Point","coordinates":[13.18774,46.360225]},"properties":{"scode":"C467","name":"Malga Cjariguart","variables":["CDD","CLOUDINESS","DVENTO","DVENTOMAX","GDD","HDD","PREC","PREC24","PREC48","PREC_TYPE","TAPP","TDEW","TEMP","UMID","UWND","VPD","VVENTO","VVENTOSCAL","VWND"],"latest":{"CDD":0.0,"CLOUDINESS":"0","DVENTO":"114","DVENTOMAX":"145","GDD":0.0,"HDD":9.7,"PREC":"0.0","PREC24":0.2,"PREC48":3.8,"PREC_TYPE":"0","TAPP":-2.1,"TDEW":5.5,"TEMP":"8.0","UMID":"84","UWND":-11.88,"VPD":0.172,"VVENTO":"13","VVENTOSCAL":"13","VWND":5.29},"latest_time":"2026-10-10T22:00","series":"series/C467.csv"}},{"type":"Feature","geometry":{"type":"Point","coordinates":[13.1348,46.33526]},"properties":{"scode":"C503","name":"Venzone Tagliamento","variables":["CLOUDINESS","PREC","PREC24","PREC48"],"latest":{"CLOUDINESS":"0","PREC":"0.0","PREC24":0.2,"PREC48":0.8},"latest_time":"2026-10-10T22:00","series":"series/C503.csv"}},{"type":"Feature","geometry":{"type":"Point","coordinates":[13.055655,46.309219]},"properties":{"scode":"C551","name":"Alesso","variables":["CDD","CLOUDINESS","GDD","HDD","PREC","PREC24","PREC48","PREC_TYPE","TEMP"],"latest":{"CDD":0.0,"CLOUDINESS":"0","GDD":8.0,"HDD":0.6,"PREC":"0.0","PREC24":0.2,"PREC48":0.4,"PREC_TYPE":"0","TEMP":"15.6"},"latest_time":"2026-10-10T22:00","series":"series/C551.csv"}},{"type":"Feature","geometry":{"type":"Point","coordinates":[13.071405,46.23644]},"properties":{"scode":"C553","name":"Osoppo","variables":["CDD","CLOUDINESS","DVENTO","DVENTOMAX","GDD","HDD","PREC","PREC24","PREC48","PREC_TYPE","PRESS","QSPEC","RADSOL","TAPP","TDEW","TEMP","UMID","UWND","VPD","VVENTO","VVENTOSCAL","VWND"],"latest":{"CDD":0.0,"CLOUDINESS":"0","DVENTO":"3","DVENTOMAX":"9","GDD":7.4,"HDD":0.0,"PREC":"0.0","PREC24":-0.0,"PREC48":4.6,"PREC_TYPE":"0","PRESS":"989.4","QSPEC":10.08,"RADSOL":"0","TAPP":12.4,"TDEW":14.0,"TEMP":"16.7","UMID":"84","UWND":-0.42,"VPD":0.304,"VVENTO":"8","VVENTOSCAL":"8","VWND":-7.99},"latest_time":"2026-10-10T22:00","series":"series/C553.csv"}},{"type":"Feature","geometry":{"type":"Point","coordinates":[13.161321,46.22849]},"properties":{"scode":"C555","name":"Magnano in Riviera","variables":["CLOUDINESS","PREC","PREC24","PREC48"],"latest":{"CLOUDINESS":"0","PREC":"0.0","PREC24":0.0,"PREC48":2.6},"latest_time":"2026-10-10T22:00","series":"series/C555.csv"}},{"type":"Feature","geometry":{"type":"Point","coordinates":[12.936359,46.312492]},"properties":{"scode":"C600","name":"S.Francesco T.P.","variables":["CDD","CLOUDINESS","GDD","HDD","PREC","PREC24","PREC48","PREC_TYPE","TEMP"],"latest":{"CDD":0.0,"CLOUDINESS":"0","GDD":6.0,"HDD":3.0,"PREC":"0.2","PREC24":0.6,"PREC48":1.2,"PREC_TYPE":"1","TEMP":"12.9"},"latest_time":"2026-10-10T22:00","series":"series/C600.csv"}},{"type":"Feature","geometry":{"type":"Point","coordinates":[12.993168,46.241105]},"properties":{"scode":"C603","name":"Monte Prat","variables":["CDD","CLOUDINESS","DVENTO","DVENTOMAX","GDD","HDD","PREC","PREC24","PREC48","PREC_TYPE","PRESS","QSPEC","RADSOL","TAPP","TDEW","TEMP","UMID","UWND","VPD","VVENTO","VVENTOSCAL","VWND"],"latest":{"CDD":0.0,"CLOUDINESS":"0","DVENTO":"311","DVENTOMAX":"83","GDD":4.8,"HDD":3.9,"PREC":"0.0","PREC24":0.2,"PREC48":1.8,"PREC_TYPE":"0","PRESS":"921.6","QSPEC":9.59,"RADSOL":"0","TAPP":12.6,"TDEW":12.1,"TEMP":"12.6","UMID":"97","UWND":0.75,"VPD":0.044,"VVENTO":"1","VVENTOSCAL":"4","VWND":-0.66},"latest_time":"2026-10-10T22:00","series":"series/C603.csv"}},{"type":"Feature","geometry":{"type":"Point","coordinates":[12.917969,46.229896]},"properties":{"scode":"C640","name":"Clauzetto","variables":["CDD","CLOUDINESS","GDD","HDD","PREC","PREC24","PREC48","PREC_TYPE","TDEW","TEMP","UMID","VPD"],"latest":{"CDD":0.0,"CLOUDINESS":"0","GDD":5.9,"HDD":1.9,"PREC":"0.0","PREC24":0.0,"PREC48":0.0,"PREC_TYPE":"0","TDEW":12.2,"TEMP":"14.0","UMID":"89","VPD":0.176},"latest_time":"2026-10-10T22:00","series":"series/C640.csv"}},{"type":"Feature","geometry":{"type":"Point","coordinates":[12.882533,46.108575]},"properties":{"scode":"C665","name":"Spilimbergo","variables":["CLOUDINESS","PREC","PREC24","PREC48","UMID"],"latest":{"CLOUDINESS":"0","PREC":"0.0","PREC24":-0.0,"PREC48":2.2,"UMID":"87"},"latest_time":"2026-10-10T22:00","series":"series/C665.csv"}},{"type":"Feature","geometry":{"type":"Point","coordinates":[12.903387,45.964923]},"properties":{"scode":"C701","name":"Ponte Delizia","variables":["CLOUDINESS","PREC","PREC24","PREC48"],"latest":{"CLOUDINESS":"0","PREC":"0.0","PREC24":0.0,"PREC48":0.0},"latest_time":"2026-10-10T22:00","series":"series/C701.csv"}},{"type":"Feature","geometry":{"type":"Point","coordinates":[13.567703,46.437067]},"properties":{"scode":"CDP","name":"Cave del Predil","variables":["CDD","CLOUDINESS","GDD","HDD","PREC","PREC24","PREC48","PREC_TYPE","PRESS","QSPEC","TDEW","TEMP","UMID","VPD"],"latest":{"CDD":0.0,"CLOUDINESS":"5","GDD":1.6,"HDD":7.1,"PREC":"0.0","PREC24":3.6,"PREC48":5.6,"PREC_TYPE":"0","PRESS":"907.7","QSPEC":8.79,"TDEW":10.6,"TEMP":"10.6","UMID":"100","VPD":0.0},"latest_time":"2026-10-10T22:00","series":"series/CDP.csv"}},{"type":"Feature","geometry":{"type":"Point","coordinates":[12.734044,46.254523]},"properties":{"scode":"CHI","name":"Chievolis","variables":["CDD","CLOUDINESS","GDD","HDD","PREC","PREC24","PREC48","PREC_TYPE","TEMP"],"latest":{"CDD":0.0,"CLOUDINESS":"3","GDD":5.9,"HDD":2.8,"PREC":"0.0","PREC24":0.2,"PREC48":0.8,"PREC_TYPE":"0","TEMP":"13.3"},"latest_time":"2026-10-10T22:00","series":"series/CHI.csv"}},{"type":"Feature","geometry":{"type":"Point","coordinates":[13.420014,46.080442]},"properties":{"scode":"CIV","name":"Cividale del Friuli","variables":["CDD","CLOUDINESS","DVENTO","DVENTOMAX","GDD","HDD","PREC","PREC24","PREC48","PREC_TYPE","PRESS","QSPEC","RADSOL","TAPP","TDEW","TEMP","UMID","UWND","VPD","VVENTO","VVENTOSCAL","VWND"],"latest":{"CDD":0.0,"CLOUDINESS":"5","DVENTO":"52","DVENTOMAX":"46","GDD":8.4,"HDD":0.3,"PREC":"0.0","PREC24":-0.0,"PREC48":18.7,"PREC_TYPE":"0","PRESS":"993.8","QSPEC":9.43,"RADSOL":"0","TAPP":6.1,"TDEW":13.0,"TEMP":"17.1","UMID":"77","UWND":-13.4,"VPD":0.449,"VVENTO":"17","VVENTOSCAL":"14","VWND":-10.47},"latest_time":"2026-10-10T22:00","series":"series/CIV.csv"}},{"type":"Feature","geometry":{"type":"Point","coordinates":[13.002742,45.952356]},"properties":{"scode":"COD","name":"Codroipo","variables":["CDD","CLOUDINESS","DVENTO","DVENTOMAX","GDD","HDD","PREC","PREC24","PREC48","PREC_TYPE","PRESS","QSPEC","RADSOL","TAPP","TDEW","TEMP","UMID","UWND","VPD","VVENTO","VVENTOSCAL","VWND"],"latest":{"CDD":0.0,"CLOUDINESS":"5","DVENTO":"96","DVENTOMAX":"98","GDD":7.7,"HDD":0.3,"PREC":"0.0","PREC24":-0.0,"PREC48":-0.0,"PREC_TYPE":"0","PRESS":"1006.0","QSPEC":11.03,"RADSOL":"0","TAPP":13.5,"TDEW":15.6,"TEMP":"16.6","UMID":"94","UWND":-6.96,"VPD":0.113,"VVENTO":"7","VVENTOSCAL":"7","VWND":0.73},"latest_time":"2026-10-10T22:00","series":"series/COD.csv"}},{"type":"Feature","geometry":{"type":"Point","coordinates":[12.870546,46.016592]},"properties":{"scode":"D002","name":"Arzenutto","variables":["CLOUDINESS","PREC","PREC24","PREC48"],"latest":{"CLOUDINESS":"0","PREC":"0.0","PREC24":0.0,"PREC48":0.0},"latest_time":"2026-10-10T22:00","series":"series/D002.csv"}},{"type":"Feature","geometry":{"type":"Point","coordinates":[12.805129,45.840324]},"properties":{"scode":"D101","name":"Mure","variables":["CDD","CLOUDINESS","GDD","HDD","PREC","PREC24","PREC48","PREC_TYPE","TEMP"],"latest":{"CDD":0.0,"CLOUDINESS":"0","GDD":7.4,"HDD":0.6,"PREC":"0.0","PREC24":-0.0,"PREC48":-0.0,"PREC_TYPE":"0","TEMP":"16.3"},"latest_time":"2026-10-10T22:00","series":"series/D101.csv"}},{"type":"Feature","geometry":{"type":"Point","coordinates":[12.757572,45.855035]},"properties":{"scode":"D200","name":"Villotta di Chions","variables":["CDD","CLOUDINESS","GDD","HDD","PREC","PREC24","PREC48","PREC_TYPE","TDEW","TEMP","UMID","VPD"],"latest":{"CDD":0.0,"CLOUDINESS":"0","GDD":8.1,"HDD":0.2,"PREC":"0.0","PREC24":0.0,"PREC48":0.0,"PREC_TYPE":"0","TDEW":15.0,"TEMP":"16.1","UMID":"93","VPD":0.128},"latest_time":"2026-10-10T22:00","series":"series/D200.csv"}},{"type":"Feature","geometry":{"type":"Point","coordinates":[12.713023,45.874034]},"properties":{"scode":"D300","name":"Zuiano","variables":["CDD","CLOUDINESS","GDD","HDD","PREC","PREC24","PREC48","PREC_TYPE","TEMP"],"latest":{"CDD":0.0,"CLOUDINESS":"0","GDD":7.6,"HDD":0.4,"PREC":"0.0","PREC24":0.0,"PREC48":0.0,"PREC_TYPE":"0","TEMP":"16.0"},"latest_time":"2026-10-10T22:00","series":"series/D300.csv"}},{"type":"Feature","geometry":{"type":"Point","coordinates":[12.617692,45.843958]},"properties":{"scode":"D401","name":"Squarzare","variables":["CLOUDINESS","PREC","PREC24","PREC48"],"latest":{"CLOUDINESS":"0","PREC":"0.0","PREC24":0.0,"PREC48":0.0},"latest_time":"2026-10-10T22:00","series":"series/D401.csv"}},{"type":"Feature","geometry":{"type":"Point","coordinates":[13.013972,46.157018]},"properties":{"scode":"E200","name":"San Daniele del Friuli","variables":["CDD","CLOUDINESS","GDD","HDD","PREC","PREC24","PREC48","PREC_TYPE","TEMP"],"latest":{"CDD":0.0,"CLOUDINESS":"0","GDD":7.1,"HDD":0.7,"PREC":"0.0","PREC24":0.0,"PREC48":5.0,"PREC_TYPE":"0","TEMP":"15.7"},"latest_time":"2026-10-10T22:00","series":"series/E200.csv"}},{"type":"Feature","geometry":{"type":"Point","coordinates":[12.981745,46.047574]},"properties":{"scode":"E501","name":"Grions","variables":["CLOUDINESS","PREC","PREC24","PREC48","UMID"],"latest":{"CLOUDINESS":"0","PREC":"0.0","PREC24":-0.0,"PREC48":-0.0,"UMID":"90"},"latest_time":"2026-10-10T22:00","series":"series/E501.csv"}},{"type":"Feature","geometry":{"type":"Point","coordinates":[13.135353,45.951195]},"properties":{"scode":"E502","name":"Lestizza","variables":["CLOUDINESS","PREC","PREC24","PREC48","RADSOL","UMID"],"latest":{"CLOUDINESS":"0","PREC":"0.0","PREC24":0.0,"PREC48":1.2,"RADSOL":"0","UMID":"84"},"latest_time":"2026-10-10T22:00","series":"series/E502.csv"}},{"type":"Feature","geometry":{"type":"Point","coordinates":[13.039309,46.014194]},"properties":{"scode":"E513","name":"Pantianicco","variables":["CDD","CLOUDINESS","DVENTO","DVENTOMAX","GDD","HDD","PREC","PREC24","PREC48","PREC_TYPE","PRESS","QSPEC","TAPP","TDEW","TEMP","UMID","UWND","VPD","VVENTO","VVENTOSCAL","VWND"],"latest":{"CDD":0.0,"CLOUDINESS":"0","DVENTO":"105","DVENTOMAX":"101","GDD":8.4,"HDD":0.0,"PREC":"0.0","PREC24":-0.0,"PREC48":-0.0,"PREC_TYPE":"0","PRESS":"995.6","QSPEC":10.06,"TAPP":11.4,"TDEW":14.1,"TEMP":"16.4","UMID":"86","UWND":-8.69,"VPD":0.261,"VVENTO":"9","VVENTOSCAL":"7","VWND":2.33},"latest_time":"2026-10-10T22:00","series":"series/E513.csv"}},{"type":"Feature","geometry":{"type":"Point","coordinates":[13.139569,46.05721]},"properties":{"scode":"E514","name":"Colloredo di Prato","variables":["CDD","CLOUDINESS","GDD","HDD","PREC","PREC24","PREC48","PREC_TYPE","TDEW","TEMP","UMID","VPD"],"latest":{"CDD":0.0,"CLOUDINESS":"0","GDD":8.1,"HDD":0.0,"PREC":"0.0","PREC24":0.0,"PREC48":0.0,"PREC_TYPE":"0","TDEW":13.3,"TEMP":"16.8","UMID":"80","VPD":0.383},"latest_time":"2026-10-10T22:00","series":"series/E514.csv"}},{"type":"Feature","geometry":{"type":"Point","coordinates":[12.862536,46.410416]},"properties":{"scode":"ENE","name":"Enemonzo","variables":["CDD","CLOUDINESS","DVENTO","DVENTOMAX","GDD","HDD","PREC","PREC24","PREC48","PREC_TYPE","PRESS","QSPEC","RADSOL","TAPP","TDEW","TEMP","UMID","UWND","VPD","VVENTO","VVENTOSCAL","VWND"],"latest":{"CDD":0.0,"CLOUDINESS":"3","DVENTO":"259","DVENTOMAX":"266","GDD":6.1,"HDD":2.8,"PREC":"0.0","PREC24":2.2,"PREC48":2.4,"PREC_TYPE":"0","PRESS":"960.1","QSPEC":8.75,"RADSOL":"0","TAPP":10.3,"TDEW":11.4,"TEMP":"12.0","UMID":"96","UWND":2.94,"VPD":0.056,"VVENTO":"3","VVENTOSCAL":"4","VWND":0.57},"latest_time":"2026-10-10T22:00","series":"series/ENE.csv"}},{"type":"Feature","geometry":{"type":"Point","coordinates":[12.59368,46.409798]},"properties":{"scode":"FSP","name":"Forni di Sopra","variables":["CDD","CLOUDINESS","DVENTO","DVENTOMAX","GDD","HDD","PREC","PREC24","PREC48","PREC_TYPE","PRESS","QSPEC","RADSOL","TAPP","TDEW","TEMP","UMID","UWND","VPD","VVENTO","VVENTOSCAL","VWND"],"latest":{"CDD":0.0,"CLOUDINESS":"1","DVENTO":"309","DVENTOMAX":"340","GDD":3.3,"HDD":5.2,"PREC":"0.0","PREC24":0.2,"PREC48":1.8,"PREC_TYPE":"0","PRESS":"906.2","QSPEC":8.23,"RADSOL":"0","TAPP":6.6,"TDEW":9.6,"TEMP":"10.2","UMID":"96","UWND":3.89,"VPD":0.05,"VVENTO":"5","VVENTOSCAL":"4","VWND":-3.15},"latest_time":"2026-10-10T22:00","series":"series/FSP.csv"}},{"type":"Feature","geometry":{"type":"Point","coordinates":[13.153396,46.196033]},"properties":{"scode":"G001","name":"Zeglianutto","variables":["CDD","CLOUDINESS","GDD","HDD","PREC","PREC24","PREC48","PREC_TYPE","TEMP"],"latest":{"CDD":0.0,"CLOUDINESS":"0","GDD":7.6,"HDD":0.5,"PREC":"0.0","PREC24":0.0,"PREC48":2.0,"PREC_TYPE":"0","TEMP":"16.5"},"latest_time":"2026-10-10T22:00","series":"series/G001.csv"}},{"type":"Feature","geometry":{"type":"Point","coordinates":[13.165783,46.11783]},"properties":{"scode":"G004","name":"Alnicco","variables":["CLOUDINESS","PREC","PREC24","PREC48"],"latest":{"CLOUDINESS":"0","PREC":"0.0","PREC24":0.0,"PREC48":3.0},"latest_time":"2026-10-10T22:00","series":"series/G004.csv"}},{"type":"Feature","geometry":{"type":"Point","coordinates":[13.236568,46.06495]},"properties":{"scode":"G010","name":"Udine","variables":["CDD","CLOUDINESS","GDD","HDD","PREC","PREC24","PREC48","PREC_TYPE","PRESS","TEMP"],"latest":{"CDD":0.0,"CLOUDINESS":"0","GDD":7.9,"HDD":0.0,"PREC":"0.0","PREC24":0.0,"PREC48":4.3,"PREC_TYPE":"0","PRESS":"992.6","TEMP":"17.4"},"latest_time":"2026-10-10T22:00","series":"series/G010.csv"}},{"type":"Feature","geometry":{"type":"Point","coordinates":[13.161898,45.914425]},"properties":{"scode":"G054","name":"S.Andrat del Cormor","variables":["CDD","CLOUDINESS","DVENTO","DVENTOMAX","GDD","HDD","PREC","PREC24","PREC48","PREC_TYPE","PRESS","QSPEC","TAPP","TDEW","TEMP","UMID","UWND","VPD","VVENTO","VVENTOSCAL","VWND"],"latest":{"CDD":0.0,"CLOUDINESS":"0","DVENTO":"148","DVENTOMAX":"30","GDD":8.4,"HDD":0.1,"PREC":"0.0","PREC24":0.0,"PREC48":2.0,"PREC_TYPE":"0","PRESS":"1007.3","QSPEC":10.35,"TAPP":18.2,"TDEW":14.7,"TEMP":"17.4","UMID":"84","UWND":-0.53,"VPD":0.318,"VVENTO":"1","VVENTOSCAL":"3","VWND":0.85},"latest_time":"2026-10-10T22:00","series":"series/G054.csv"}},{"type":"Feature","geometry":{"type":"Point","coordinates":[13.159913,45.833602]},"properties":{"scode":"G100","name":"Zavattina T.Cormor","variables":["CLOUDINESS","PREC","PREC24","PREC48"],"latest":{"CLOUDINESS":"0","PREC":"0.0","PREC24":-0.0,"PREC48":3.0},"latest_time":"2026-10-10T22:00","series":"series/G100.csv"}},{"type":"Feature","geometry":{"type":"Point","coordinates":[13.214072,46.151419]},"properties":{"scode":"G200","name":"Tricesimo","variables":["CDD","CLOUDINESS","GDD","HDD","PREC","PREC24","PREC48","PREC_TYPE","TEMP"],"latest":{"CDD":0.0,"CLOUDINESS":"0","GDD":8.0,"HDD":0.2,"PREC":"0.0","PREC24":0.0,"PREC48":1.0,"PREC_TYPE":"0","TEMP":"16.7"},"latest_time":"2026-10-10T22:00","series":"series/G200.csv"}},{"type":"Feature","geometry":{"type":"Point","coordinates":[13.228998,46.115245]},"properties":{"scode":"G201","name":"Adegliacco","variables":["CLOUDINESS","PREC","PREC24","PREC48"],"latest":{"CLOUDINESS":"0","PREC":"0.0","PREC24":0.0,"PREC48":13.6},"latest_time":"2026-10-10T22:00","series":"series/G201.csv"}},{"type":"Feature","geometry":{"type":"Point","coordinates":[13.396556,45.671362]},"properties":{"scode":"GRM","name":"Grado-mare","variables":["CLOUDINESS","TEMPACQUA"],"latest":{"CLOUDINESS":"5","TEMPACQUA":"21.5"},"latest_time":"2026-10-10T22:00","series":"series/GRM.csv"}},{"type":"Feature","geometry":{"type":"Point","coordinates":[13.275573,45.818818]},"properties":{"scode":"J209","name":"Torviscosa","variables":["CLOUDINESS","DVENTO","DVENTOMAX","PREC","PREC24","PREC48","UWND","VVENTO","VVENTOSCAL","VWND"],"latest":{"CLOUDINESS":"0","DVENTO":"88","DVENTOMAX":"118","PREC":"0.0","PREC24":0.0,"PREC48":9.2,"UWND":-4.0,"VVENTO":"4","VVENTOSCAL":"4","VWND":-0.14},"latest_time":"2026-10-10T22:00","series":"series/J209.csv"}},{"type":"Feature","geometry":{"type":"Point","coordinates":[13.333247,45.910897]},"properties":{"scode":"J405","name":"Palmanova","variables":["CDD","CLOUDINESS","GDD","HDD","PREC","PREC24","PREC48","PREC_TYPE","PRESS","QSPEC","RADSOL","TAPP","TDEW","TEMP","UMID","VPD","VVENTO","VVENTOSCAL"],"latest":{"CDD":0.0,"CLOUDINESS":"0","GDD":8.4,"HDD":0.0,"PREC":"0.0","PREC24":-0.0,"PREC48":14.5,"PREC_TYPE":"0","PRESS":"1005.6","QSPEC":10.44,"RADSOL":"0","TAPP":16.7,"TDEW":14.8,"TEMP":"16.6","UMID":"89","VPD":0.208,"VVENTO":"2","VVENTOSCAL":"3"},"latest_time":"2026-10-10T22:00","series":"series/J405.csv"}},{"type":"Feature","geometry":{"type":"Point","coordinates":[13.296516,45.992028]},"properties":{"scode":"J406","name":"Pavia di Udine","variables":["CLOUDINESS","PREC","PREC24","PREC48","UMID"],"latest":{"CLOUDINESS":"0","PREC":"0.0","PREC24":0.0,"PREC48":9.8,"UMID":"80"},"latest_time":"2026-10-10T22:00","series":"series/J406.csv"}},{"type":"Feature","geometry":{"type":"Point","coordinates":[13.147078,45.701909]},"properties":{"scode":"LIG","name":"Lignano Sabbiadoro","variables":["CDD","CLOUDINESS","DVENTO","DVENTOMAX","GDD","HDD","PREC","PREC24","PREC48","PREC_TYPE","PRESS","QSPEC","RADSOL","TAPP","TDEW","TEMP","TEMPACQUA","UMID","UWND","VPD","VVENTO","VVENTOSCAL","VWND"],"latest":{"CDD":0.0,"CLOUDINESS":"5","DVENTO":"81","DVENTOMAX":"76","GDD":8.1,"HDD":0.0,"PREC":"0.0","PREC24":-0.0,"PREC48":52.7,"PREC_TYPE":"0","PRESS":"1008.9","QSPEC":11.56,"RADSOL":"0","TAPP":12.5,"TDEW":16.4,"TEMP":"18.8","TEMPACQUA":"20.0","UMID":"86","UWND":-11.85,"VPD":0.304,"VVENTO":"12","VVENTOSCAL":"10","VWND":-1.88},"latest_time":"2026-10-10T22:00","series":"series/LIG.csv"}},{"type":"Feature","geometry":{"type":"Point","coordinates":[13.520058,46.482536]},"properties":{"scode":"LSR","name":"Monte Lussari sm","variables":["CDD","CLOUDINESS","DVENTO","DVENTOMAX","GDD","HDD","PREC","PREC24","PREC48","PREC_TYPE","PRESS","QSPEC","RADSOL","TAPP","TDEW","TEMP","UMID","UWND","VPD","VVENTO","VVENTOSCAL","VWND"],"latest":{"CDD":0.0,"CLOUDINESS":"4","DVENTO":"83","DVENTOMAX":"92","GDD":0.0,"HDD":10.5,"PREC":"0.0","PREC24":0.6,"PREC48":2.6,"PREC_TYPE":"0","PRESS":"819.0","QSPEC":6.79,"RADSOL":"0","TAPP":-3.5,"TDEW":5.3,"TEMP":"5.3","UMID":"100","UWND":-10.92,"VPD":0.0,"VVENTO":"11","VVENTOSCAL":"10","VWND":-1.34},"latest_time":"2026-10-10T22:00","series":"series/LSR.csv"}},{"type":"Feature","geometry":{"type":"Point","coordinates":[13.121131,45.686525]},"properties":{"scode":"M002","name":"Lignano Sabbiadoro PCR","variables":["CDD","CLOUDINESS","DVENTO","DVENTOMAX","GDD","HDD","PREC","PREC24","PREC48","PREC_TYPE","PRESS","QSPEC","RADSOL","TAPP","TDEW","TEMP","UMID","UWND","VPD","VVENTO","VVENTOSCAL","VWND"],"latest":{"CDD":0.0,"CLOUDINESS":"0","DVENTO":"35","DVENTOMAX":"37","GDD":8.1,"HDD":0.0,"PREC":"0.0","PREC24":-0.0,"PREC48":52.7,"PREC_TYPE":"0","PRESS":"1008.9","QSPEC":11.43,"RADSOL":"0","TAPP":18.3,"TDEW":16.2,"TEMP":"19.0","UMID":"84","UWND":-2.29,"VPD":0.352,"VVENTO":"4","VVENTOSCAL":"4","VWND":-3.28},"latest_time":"2026-10-10T22:00","series":"series/M002.csv"}},{"type":"Feature","geometry":{"type":"Point","coordinates":[13.383429,45.683158]},"properties":{"scode":"M053","name":"Grado Marea","variables":["CLOUDINESS","PREC","PREC24","PREC48"],"latest":{"CLOUDINESS":"0","PREC":"0.0","PREC24":-0.0,"PREC48":4.6},"latest_time":"2026-10-10T22:00","series":"series/M053.csv"}},{"type":"Feature","geometry":{"type":"Point","coordinates":[13.529107,46.211683]},"properties":{"scode":"MAT","name":"Monte Matajur","variables":["CDD","CLOUDINESS","DVENTO","DVENTOMAX","GDD","HDD","PRESS","QSPEC","RADSOL","TAPP","TDEW","TEMP","UMID","UWND","VPD","VVENTO","VVENTOSCAL","VWND"],"latest":{"CDD":0.0,"CLOUDINESS":"5","DVENTO":"3","DVENTOMAX":"327","GDD":0.0,"HDD":9.7,"PRESS":"831.9","QSPEC":7.65,"RADSOL":"0","TAPP":1.9,"TDEW":7.3,"TEMP":"7.4","UMID":"99","UWND":-0.37,"VPD":0.01,"VVENTO":"7","VVENTOSCAL":"8","VWND":-6.99},"latest_time":"2026-10-10T22:00","series":"series/MAT.csv"}},{"type":"Feature","geometry":{"type":"Point","coordinates":[13.752633,45.610484]},"properties":{"scode":"MGG","name":"Muggia","variables":["CDD","CLOUDINESS","DVENTO","DVENTOMAX","GDD","HDD","PREC","PREC24","PREC48","PREC_TYPE","RADSOL","TAPP","TDEW","TEMP","UMID","UWND","VPD","VVENTO","VVENTOSCAL","VWND"],"latest":{"CDD":0.0,"CLOUDINESS":"5","DVENTO":"121","DVENTOMAX":"105","GDD":8.9,"HDD":0.0,"PREC":"0.0","PREC24":-0.0,"PREC48":7.0,"PREC_TYPE":"0","RADSOL":"0","TAPP":5.4,"TDEW":13.6,"TEMP":"18.3","UMID":"74","UWND":-17.14,"VPD":0.547,"VVENTO":"20","VVENTOSCAL":"19","VWND":10.3},"latest_time":"2026-10-10T22:00","series":"series/MGG.csv"}},{"type":"Feature","geometry":{"type":"Point","coordinates":[13.274682,46.312663]},"properties":{"scode":"MUS","name":"Musi","variables":["CDD","CLOUDINESS","GDD","HDD","PREC","PREC24","PREC48","PREC_TYPE","RADSOL","TDEW","TEMP","UMID","VPD"],"latest":{"CDD":0.0,"CLOUDINESS":"4","GDD":4.8,"HDD":3.9,"PREC":"0.0","PREC24":-0.0,"PREC48":7.4,"PREC_TYPE":"0","RADSOL":"0","TDEW":12.8,"TEMP":"13.3","UMID":"97","VPD":0.046},"latest_time":"2026-10-10T22:00","series":"series/MUS.csv"}},{"type":"Feature","geometry":{"type":"Point","coordinates":[13.400352,46.306499]},"properties":{"scode":"N001","name":"Uccea","variables":["CDD","CLOUDINESS","GDD","HDD","PREC","PREC24","PREC48","PREC_TYPE","TEMP"],"latest":{"CDD":0.0,"CLOUDINESS":"0","GDD":3.2,"HDD":4.9,"PREC":"0.0","PREC24":0.0,"PREC48":3.6,"PREC_TYPE":"0","TEMP":"12.4"},"latest_time":"2026-10-10T22:00","series":"series/N001.csv"}},{"type":"Feature","geometry":{"type":"Point","coordinates":[13.272579,46.307267]},"properties":{"scode":"N101","name":"Musi ponte","variables":["CDD","CLOUDINESS","GDD","HDD","PREC","PREC24","PREC48","PREC_TYPE","TEMP"],"latest":{"CDD":0.0,"CLOUDINESS":"0","GDD":4.6,"HDD":3.5,"PREC":"0.0","PREC24":0.2,"PREC48":6.4,"PREC_TYPE":"0","TEMP":"14.2"},"latest_time":"2026-10-10T22:00","series":"series/N101.csv"}},{"type":"Feature","geometry":{"type":"Point","coordinates":[13.350829,46.290693]},"properties":{"scode":"N108","name":"Gran Monte","variables":["CDD","CLOUDINESS","DVENTO","GDD","HDD","PREC","PREC24","PREC48","PREC_TYPE","TAPP","TDEW","TEMP","UMID","UWND","VPD","VVENTO","VVENTOSCAL","VWND"],"latest":{"CDD":0.0,"CLOUDINESS":"0","DVENTO":"141","GDD":0.0,"HDD":8.2,"PREC":"0.0","PREC24":-0.0,"PREC48":7.0,"PREC_TYPE":"0","TAPP":8.2,"TDEW":8.6,"TEMP":"9.2","UMID":"96","UWND":-0.63,"VPD":0.047,"VVENTO":"1","VVENTOSCAL":"1","VWND":0.78},"latest_time":"2026-10-10T22:00","series":"series/N108.csv"}},{"type":"Feature","geometry":{"type":"Point","coordinates":[13.254918,46.171419]},"properties":{"scode":"N151","name":"Zompitta Meteo","variables":["CLOUDINESS","DVENTO","DVENTOMAX","PREC","PREC24","PREC48","PRESS","UMID","UWND","VVENTO","VVENTOSCAL","VWND"],"latest":{"CLOUDINESS":"0","DVENTO":"336","DVENTOMAX":"343","PREC":"0.0","PREC24":0.0,"PREC48":0.6,"PRESS":"990.5","UMID":"93","UWND":1.22,"VVENTO":"3","VVENTOSCAL":"4","VWND":-2.74},"latest_time":"2026-10-10T22:00","series":"series/N151.csv"}},{"type":"Feature","geometry":{"type":"Point","coordinates":[13.329354,46.266809]},"properties":{"scode":"N200","name":"Ponte Sambo","variables":["CLOUDINESS","PREC","PREC24","PREC48","UMID"],"latest":{"CLOUDINESS":"0","PREC":"0.0","PREC24":-0.0,"PREC48":7.4,"UMID":"99"},"latest_time":"2026-10-10T22:00","series":"series/N200.csv"}},{"type":"Feature","geometry":{"type":"Point","coordinates":[13.309144,46.122912]},"properties":{"scode":"N302","name":"Povoletto","variables":["CDD","CLOUDINESS","GDD","HDD","PREC","PREC24","PREC48","PREC_TYPE","TEMP"],"latest":{"CDD":0.0,"CLOUDINESS":"0","GDD":7.9,"HDD":0.4,"PREC":"0.0","PREC24":0.0,"PREC48":15.4,"PREC_TYPE":"0","TEMP":"16.3"},"latest_time":"2026-10-10T22:00","series":"series/N302.csv"}},{"type":"Feature","geometry":{"type":"Point","coordinates":[13.358023,46.061729]},"properties":{"scode":"N313","name":"Orzano","variables":["CDD","CLOUDINESS","DVENTO","DVENTOMAX","GDD","HDD","PREC","PREC24","PREC48","PREC_TYPE","PRESS","QSPEC","TAPP","TDEW","TEMP","UMID","UWND","VPD","VVENTO","VVENTOSCAL","VWND"],"latest":{"CDD":0.0,"CLOUDINESS":"0","DVENTO":"55","DVENTOMAX":"55","GDD":7.9,"HDD":0.0,"PREC":"0.0","PREC24":-0.0,"PREC48":7.0,"PREC_TYPE":"0","PRESS":"997.4","QSPEC":9.45,"TAPP":9.3,"TDEW":13.1,"TEMP":"17.4","UMID":"76","UWND":-10.65,"VPD":0.477,"VVENTO":"13","VVENTOSCAL":"11","VWND":-7.46},"latest_time":"2026-10-10T22:00","series":"series/N313.csv"}},{"type":"Feature","geometry":{"type":"Point","coordinates":[13.380049,46.242834]},"properties":{"scode":"N400","name":"Platischis","variables":["CDD","CLOUDINESS","GDD","HDD","PREC","PREC24","PREC48","PREC_TYPE","TDEW","TEMP","UMID","VPD"],"latest":{"CDD":0.0,"CLOUDINESS":"0","GDD":2.9,"HDD":5.8,"PREC":"0.0","PREC24":0.2,"PREC48":5.4,"PREC_TYPE":"0","TDEW":11.9,"TEMP":"12.1","UMID":"99","VPD":0.014},"latest_time":"2026-10-10T22:00","series":"series/N400.csv"}},{"type":"Feature","geometry":{"type":"Point","coordinates":[13.483301,46.173193]},"properties":{"scode":"N404","name":"Pulfero","variables":["CDD","CLOUDINESS","GDD","HDD","PREC","PREC24","PREC48","PREC_TYPE","TEMP"],"latest":{"CDD":0.0,"CLOUDINESS":"0","GDD":6.6,"HDD":2.1,"PREC":"0.0","PREC24":0.0,"PREC48":26.3,"PREC_TYPE":"0","TEMP":"15.8"},"latest_time":"2026-10-10T22:00","series":"series/N404.csv"}},{"type":"Feature","geometry":{"type":"Point","coordinates":[13.532923,46.194487]},"properties":{"scode":"N405","name":"Montemaggiore","variables":["CDD","CLOUDINESS","GDD","HDD","PREC","PREC24","PREC48","PREC_TYPE","TDEW","TEMP","UMID","VPD"],"latest":{"CDD":0.0,"CLOUDINESS":"0","GDD":3.7,"HDD":4.7,"PREC":"0.0","PREC24":0.2,"PREC48":29.7,"PREC_TYPE":"0","TDEW":10.6,"TEMP":"11.7","UMID":"93","VPD":0.096},"latest_time":"2026-10-10T22:00","series":"series/N405.csv"}},{"type":"Feature","geometry":{"type":"Point","coordinates":[13.642517,46.164899]},"properties":{"scode":"N406","name":"S.Volfango","variables":["CDD","CLOUDINESS","GDD","HDD","PREC","PREC24","PREC48","PREC_TYPE","TEMP"],"latest":{"CDD":0.0,"CLOUDINESS":"0","GDD":3.2,"HDD":5.3,"PREC":"0.0","PREC24":0.2,"PREC48":23.3,"PREC_TYPE":"0","TEMP":"11.7"},"latest_time":"2026-10-10T22:00","series":"series/N406.csv"}},{"type":"Feature","geometry":{"type":"Point","coordinates":[13.524321,46.212269]},"properties":{"scode":"N417","name":"Malghe Mersino - Matajur","variables":["CDD","CLOUDINESS","GDD","HDD","PREC","PREC24","PREC48","PREC_TYPE","TDEW","TEMP","UMID","VPD"],"latest":{"CDD":0.0,"CLOUDINESS":"0","GDD":0.0,"HDD":8.5,"PREC":"0.0","PREC24":0.4,"PREC48":20.6,"PREC_TYPE":"0","TDEW":7.5,"TEMP":"9.1","UMID":"90","VPD":0.116},"latest_time":"2026-10-10T22:00","series":"series/N417.csv"}},{"type":"Feature","geometry":{"type":"Point","coordinates":[13.418361,46.096646]},"properties":{"scode":"N450","name":"Cividale T.P.","variables":["CDD","CLOUDINESS","DVENTO","DVENTOMAX","GDD","HDD","PREC","PREC24","PREC48","PREC_TYPE","PRESS","QSPEC","RADSOL","TAPP","TDEW","TEMP","UMID","UWND","VPD","VVENTO","VVENTOSCAL","VWND"],"latest":{"CDD":0.0,"CLOUDINESS":"0","DVENTO":"73","DVENTOMAX":"79","GDD":7.9,"HDD":0.4,"PREC":"0.0","PREC24":0.0,"PREC48":29.2,"PREC_TYPE":"0","PRESS":"993.4","QSPEC":9.55,"RADSOL":"0","TAPP":8.5,"TDEW":13.2,"TEMP":"17.3","UMID":"77","UWND":-13.39,"VPD":0.454,"VVENTO":"14","VVENTOSCAL":"14","VWND":-4.09},"latest_time":"2026-10-10T22:00","series":"series/N450.csv"}},{"type":"Feature","geometry":{"type":"Point","coordinates":[13.595497,45.91039]},"properties":{"scode":"N701","name":"Gorizia Aeroporto","variables":["CDD","CLOUDINESS","DVENTO","DVENTOMAX","GDD","HDD","PREC","PREC24","PREC48","PREC_TYPE","PRESS","QSPEC","RADSOL","TAPP","TDEW","TEMP","UMID","UWND","VPD","VVENTO","VVENTOSCAL","VWND"],"latest":{"CDD":0.0,"CLOUDINESS":"0","DVENTO":"57","DVENTOMAX":"194","GDD":6.8,"HDD":1.4,"PREC":"0.0","PREC24":-0.0,"PREC48":1.6,"PREC_TYPE":"0","PRESS":"1002.4","QSPEC":10.06,"RADSOL":"0","TAPP":15.7,"TDEW":14.2,"TEMP":"15.8","UMID":"90","UWND":-1.68,"VPD":0.18,"VVENTO":"2","VVENTOSCAL":"3","VWND":-1.09},"latest_time":"2026-10-10T22:00","series":"series/N701.csv"}},{"type":"Feature","geometry":{"type":"Point","coordinates":[13.62839,45.93043]},"properties":{"scode":"N705","name":"Gorizia - sede ARPA FVG","variables":["CDD","CLOUDINESS","DVENTO","GDD","HDD","PREC","PREC24","PREC48","PREC_TYPE","RADSOL","TDEW","TEMP","UMID","VPD","VVENTOSCAL"],"latest":{"CDD":0.0,"CLOUDINESS":"5","DVENTO":"57","GDD":7.1,"HDD":0.8,"PREC":"0.0","PREC24":-0.0,"PREC48":1.6,"PREC_TYPE":"0","RADSOL":"0","TDEW":15.5,"TEMP":"17.2","UMID":"90","VPD":0.196,"VVENTOSCAL":"3"},"latest_time":"2026-10-10T22:00","series":"series/N705.csv"}},{"type":"Feature","geometry":{"type":"Point","coordinates":[13.511506,45.796511]},"properties":{"scode":"P005","name":"Monfalcone pluvio","variables":["CDD","CLOUDINESS","DVENTO","GDD","HDD","PREC","PREC24","PREC48","PREC_TYPE","RADSOL","TDEW","TEMP","UMID","VPD","VVENTOSCAL"],"latest":{"CDD":0.0,"CLOUDINESS":"5","DVENTO":"16","GDD":7.2,"HDD":0.9,"PREC":"0.0","PREC24":-0.0,"PREC48":0.8,"PREC_TYPE":"0","RADSOL":"0","TDEW":14.7,"TEMP":"17.1","UMID":"86","VPD":0.273,"VVENTOSCAL":"9"},"latest_time":"2026-10-10T22:00","series":"series/P005.csv"}},{"type":"Feature","geometry":{"type":"Point","coordinates":[12.597723,46.157287]},"properties":{"scode":"PDA","name":"Pala d'Altei","variables":["CDD","CLOUDINESS","DVENTO","DVENTOMAX","GDD","HDD","RADSOL","TAPP","TDEW","TEMP","UMID","UWND","VPD","VVENTO","VVENTOSCAL","VWND"],"latest":{"CDD":0.0,"CLOUDINESS":"4","DVENTO":"77","DVENTOMAX":"112","GDD":0.0,"HDD":8.6,"RADSOL":"0","TAPP":7.0,"TDEW":9.2,"TEMP":"9.3","UMID":"99","UWND":-2.92,"VPD":0.012,"VVENTO":"3","VVENTOSCAL":"7","VWND":-0.67},"latest_time":"2026-10-10T22:00","series":"series/PDA.csv"}},{"type":"Feature","geometry":{"type":"Point","coordinates":[12.524386,46.114922]},"properties":{"scode":"PIA","name":"Piancavallo","variables":["CDD","CLOUDINESS","DVENTO","DVENTOMAX","GDD","HDD","PREC","PREC24","PREC48","PREC_TYPE","PRESS","QSPEC","RADSOL","TAPP","TDEW","TEMP","UMID","UWND","VPD","VVENTO","VVENTOSCAL","VWND"],"latest":{"CDD":0.0,"CLOUDINESS":"3","DVENTO":"178","DVENTOMAX":"189","GDD":0.0,"HDD":8.3,"PREC":"0.0","PREC24":0.0,"PREC48":0.0,"PREC_TYPE":"0","PRESS":"868.7","QSPEC":7.97,"RADSOL":"0","TAPP":7.5,"TDEW":8.5,"TEMP":"8.5","UMID":"100","UWND":-0.03,"VPD":0.0,"VVENTO":"1","VVENTOSCAL":"3","VWND":1.0},"latest_time":"2026-10-10T22:00","series":"series/PIA.csv"}},{"type":"Feature","geometry":{"type":"Point","coordinates":[13.547305,45.842975]},"properties":{"scode":"R001","name":"Doberdo'","variables":["CDD","CLOUDINESS","DVENTO","DVENTOMAX","GDD","HDD","PREC","PREC24","PREC48","PREC_TYPE","TAPP","TDEW","TEMP","UMID","UWND","VPD","VVENTO","VVENTOSCAL","VWND"],"latest":{"CDD":0.0,"CLOUDINESS":"0","DVENTO":"89","DVENTOMAX":"95","GDD":7.7,"HDD":0.9,"PREC":"0.0","PREC24":-0.0,"PREC48":0.4,"PREC_TYPE":"0","TAPP":12.1,"TDEW":12.3,"TEMP":"16.3","UMID":"77","UWND":-7.0,"VPD":0.426,"VVENTO":"7","VVENTOSCAL":"7","VWND":-0.12},"latest_time":"2026-10-10T22:00","series":"series/R001.csv"}},{"type":"Feature","geometry":{"type":"Point","coordinates":[13.75672,45.703943]},"properties":{"scode":"R101","name":"Prosecco","variables":["CDD","CLOUDINESS","DVENTO","DVENTOMAX","GDD","HDD","PREC","PREC24","PREC48","PREC_TYPE","TAPP","TDEW","TEMP","UMID","UWND","VPD","VVENTO","VVENTOSCAL","VWND"],"latest":{"CDD":0.0,"CLOUDINESS":"0","DVENTO":"104","DVENTOMAX":"100","GDD":6.1,"HDD":2.3,"PREC":"0.0","PREC24":-0.0,"PREC48":32.9,"PREC_TYPE":"0","TAPP":8.6,"TDEW":12.5,"TEMP":"14.8","UMID":"86","UWND":-9.7,"VPD":0.236,"VVENTO":"10","VVENTOSCAL":"8","VWND":2.42},"latest_time":"2026-10-10T22:00","series":"series/R101.csv"}},{"type":"Feature","geometry":{"type":"Point","coordinates":[13.775776,45.600645]},"properties":{"scode":"S005","name":"Muggia TP","variables":["CLOUDINESS","PREC","PREC24","PREC48","UMID"],"latest":{"CLOUDINESS":"0","PREC":"0.0","PREC24":-0.0,"PREC48":7.0,"UMID":"78"},"latest_time":"2026-10-10T22:00","series":"series/S005.csv"}},{"type":"Feature","geometry":{"type":"Point","coordinates":[13.833167,45.635432]},"properties":{"scode":"S006","name":"Trieste Cattinara","variables":["CLOUDINESS","DVENTO","DVENTOMAX","PREC","PREC24","PREC48","PRESS","RADSOL","UWND","VVENTO","VVENTOSCAL","VWND"],"latest":{"CLOUDINESS":"0","DVENTO":"82","DVENTOMAX":"92","PREC":"0.0","PREC24":-0.0,"PREC48":16.7,"PRESS":"978.8","RADSOL":"0","UWND":-17.82,"VVENTO":"18","VVENTOSCAL":"18","VWND":-2.51},"latest_time":"2026-10-10T22:00","series":"series/S006.csv"}},{"type":"Feature","geometry":{"type":"Point","coordinates":[13.486796,46.11426]},"properties":{"scode":"SPN","name":"San Pietro al Natisone","variables":["CLOUDINESS","DVENTO","DVENTOMAX","PREC","PREC24","PREC48","RADSOL","UWND","VVENTO","VVENTOSCAL","VWND"],"latest":{"CLOUDINESS":"5","DVENTO":"80","DVENTOMAX":"97","PREC":"0.0","PREC24":0.0,"PREC48":26.0,"RADSOL":"0","UWND":-6.89,"VVENTO":"7","VVENTOSCAL":"8","VWND":-1.22},"latest_time":"2026-10-10T22:00","series":"series/SPN.csv"}},{"type":"Feature","geometry":{"type":"Point","coordinates":[13.551886,46.510775]},"properties":{"scode":"TAR","name":"Tarvisio","variables":["CDD","CLOUDINESS","DVENTO","DVENTOMAX","GDD","HDD","PREC","PREC24","PREC48","PREC_TYPE","PRESS","QSPEC","RADSOL","TAPP","TDEW","TEMP","UMID","UWND","VPD","VVENTO","VVENTOSCAL","VWND"],"latest":{"CDD":0.0,"CLOUDINESS":"4","DVENTO":"76","DVENTOMAX":"34","GDD":1.3,"HDD":6.8,"PREC":"0.0","PREC24":0.2,"PREC48":1.0,"PREC_TYPE":"0","PRESS":"920.7","QSPEC":7.84,"RADSOL":"0","TAPP":8.6,"TDEW":9.1,"TEMP":"10.2","UMID":"93","UWND":-1.94,"VPD":0.087,"VVENTO":"2","VVENTOSCAL":"3","VWND":-0.48},"latest_time":"2026-10-10T22:00","series":"series/TAR.csv"}},{"type":"Feature","geometry":{"type":"Point","coordinates":[13.752242,45.649996]},"properties":{"scode":"TRI","name":"Trieste molo F.lli Bandiera","variables":["CDD","CLOUDINESS","DVENTO","DVENTOMAX","GDD","HDD","PREC","PREC24","PREC48","PREC_TYPE","PRESS","QSPEC","RADSOL","TAPP","TDEW","TEMP","TEMPACQUA","UMID","UWND","VPD","VVENTO","VVENTOSCAL","VWND"],"latest":{"CDD":0.0,"CLOUDINESS":"5","DVENTO":"107","DVENTOMAX":"96","GDD":8.9,"HDD":0.0,"PREC":"0.0","PREC24":0.0,"PREC48":22.8,"PREC_TYPE":"0","PRESS":"1009.6","QSPEC":9.62,"RADSOL":"0","TAPP":8.2,"TDEW":13.6,"TEMP":"18.3","TEMPACQUA":"22.7","UMID":"74","UWND":-15.3,"VPD":0.547,"VVENTO":"16","VVENTOSCAL":"13","VWND":4.68},"latest_time":"2026-10-10T22:00","series":"series/TRI.csv"}},{"type":"Feature","geometry":{"type":"Point","coordinates":[13.76454,45.647393]},"properties":{"scode":"TRS","name":"Trieste Ist. Nautico","variables":["CDD","CLOUDINESS","DVENTO","DVENTOMAX","GDD","HDD","PREC","PREC24","PREC48","PREC_TYPE","PRESS","QSPEC","TAPP","TDEW","TEMP","UMID","UWND","VPD","VVENTO","VVENTOSCAL","VWND"],"latest":{"CDD":0.0,"CLOUDINESS":"0","DVENTO":"104","DVENTOMAX":"92","GDD":9.2,"HDD":0.0,"PREC":"0.0","PREC24":0.0,"PREC48":22.0,"PREC_TYPE":"0","PRESS":"1006.0","QSPEC":9.66,"TAPP":11.7,"TDEW":13.6,"TEMP":"18.3","UMID":"74","UWND":-10.67,"VPD":0.547,"VVENTO":"11","VVENTOSCAL":"10","VWND":2.66},"latest_time":"2026-10-10T22:00","series":"series/TRS.csv"}},{"type":"Feature","geometry":{"type":"Point","coordinates":[13.593907,46.504361]},"properties":{"scode":"V001","name":"Tarvisio bassa","variables":["CDD","CLOUDINESS","GDD","HDD","PREC","PREC24","PREC48","PREC_TYPE","PRESS","QSPEC","RADSOL","TDEW","TEMP","UMID","VPD"],"latest":{"CDD":0.0,"CLOUDINESS":"0","GDD":2.2,"HDD":6.1,"PREC":"0.0","PREC24":-0.0,"PREC48":1.6,"PREC_TYPE":"0","PRESS":"931.0","QSPEC":8.45,"RADSOL":"0","TDEW":10.4,"TEMP":"11.0","UMID":"96","VPD":0.053},"latest_time":"2026-10-10T22:00","series":"series/V001.csv"}},{"type":"Feature","geometry":{"type":"Point","coordinates":[13.686881,46.496034]},"properties":{"scode":"V005","name":"Fusine Valico","variables":["CDD","CLOUDINESS","DVENTO","DVENTOMAX","GDD","HDD","PREC","PREC24","PREC48","PREC_TYPE","RADSOL","TAPP","TDEW","TEMP","UMID","UWND","VPD","VVENTO","VVENTOSCAL","VWND"],"latest":{"CDD":0.0,"CLOUDINESS":"5","DVENTO":"259","DVENTOMAX":"10","GDD":2.4,"HDD":6.6,"PREC":"0.0","PREC24":0.0,"PREC48":1.4,"PREC_TYPE":"0","RADSOL":"0","TAPP":8.4,"TDEW":8.6,"TEMP":"9.4","UMID":"95","UWND":0.98,"VPD":0.059,"VVENTO":"1","VVENTOSCAL":"2","VWND":0.19},"latest_time":"2026-10-10T22:00","series":"series/V005.csv"}},{"type":"Feature","geometry":{"type":"Point","coordinates":[13.573752,46.418783]},"properties":{"scode":"V008","name":"Passo Predil","variables":["CDD","CLOUDINESS","DVENTO","DVENTOMAX","GDD","HDD","PREC","PREC24","PREC48","PREC_TYPE","TEMP","UWND","VVENTO","VVENTOSCAL","VWND"],"latest":{"CDD":0.0,"CLOUDINESS":"0","DVENTO":"240","DVENTOMAX":"286","GDD":0.0,"HDD":8.6,"PREC":"0.0","PREC24":2.4,"PREC48":6.2,"PREC_TYPE":"0","TEMP":"9.4","UWND":2.6,"VVENTO":"3","VVENTOSCAL":"4","VWND":1.5},"latest_time":"2026-10-10T22:00","series":"series/V008.csv"}},{"type":"Feature","geometry":{"type":"Point","coordinates":[13.662068,46.466821]},"properties":{"scode":"V013","name":"Fusine Alpe del Lago","variables":["CDD","CLOUDINESS","DVENTO","DVENTOMAX","GDD","HDD","PREC","PREC24","PREC48","PREC_TYPE","TAPP","TDEW","TEMP","UMID","UWND","VPD","VVENTO","VVENTOSCAL","VWND"],"latest":{"CDD":0.0,"CLOUDINESS":"0","DVENTO":"206","DVENTOMAX":"170","GDD":1.0,"HDD":7.5,"PREC":"0.2","PREC24":0.6,"PREC48":3.0,"PREC_TYPE":"1","TAPP":7.5,"TDEW":9.6,"TEMP":"9.7","UMID":"99","UWND":1.32,"VPD":0.012,"VVENTO":"3","VVENTOSCAL":"3","VWND":2.7},"latest_time":"2026-10-10T22:00","series":"series/V013.csv"}},{"type":"Feature","geometry":{"type":"Point","coordinates":[12.926251,46.502355]},"properties":{"scode":"ZON","name":"Monte Zoncolan","variables":["CDD","CLOUDINESS","DVENTO","DVENTOMAX","GDD","HDD","PREC","PREC24","PREC48","PREC_TYPE","PRESS","QSPEC","RADSOL","TAPP","TDEW","TEMP","UMID","UWND","VPD","VVENTO","VVENTOSCAL","VWND"],"latest":{"CDD":0.0,"CLOUDINESS":"4","DVENTO":"94","DVENTOMAX":"90","GDD":0.0,"HDD":10.2,"PREC":"0.0","PREC24":1.6,"PREC48":1.6,"PREC_TYPE":"0","PRESS":"820.3","QSPEC":6.99,"RADSOL":"0","TAPP":-5.4,"TDEW":5.7,"TEMP":"6.8","UMID":"93","UWND":-15.96,"VPD":0.069,"VVENTO":"16","VVENTOSCAL":"15","VWND":1.12},"latest_time":"2026-10-10T22:00","series":"series/ZON.csv"}}]}