{"type":"FeatureCollection","name":"ER","features":[{"type":"Feature","geometry":{"type":"Point","coordinates":[11.94529,44.77882]},"properties":{"scode":"53227","name":"Fiscaglia Monte","variables":["LIVIDRO"],"latest":{"LIVIDRO":1.42},"latest_time":"2026-09-05T20:30","series":"series/53227.csv"}},{"type":"Feature","geometry":{"type":"Point","coordinates":[10.05292,45.03435]},"properties":{"scode":"14029","name":"Ongina Po","variables":["LIVIDRO"],"latest":{"LIVIDRO":25.67},"latest_time":"2026-09-05T20:30","series":"series/14029.csv"}},{"type":"Feature","geometry":{"type":"Point","coordinates":[11.94541,44.77891]},"properties":{"scode":"53226","name":"Fiscaglia Valle","variables":["LIVIDRO"],"latest":{"LIVIDRO":1.42},"latest_time":"2026-09-05T20:30","series":"series/53226.csv"}},{"type":"Feature","geometry":{"type":"Point","coordinates":[12.40132,44.20645]},"properties":{"scode":"5444","name":"Cesenatico porto","variables":["CDD","ET0","GDD","HDD","LIVIDRO","TEMP"],"latest":{"CDD":5.8,"ET0":3.51,"GDD":15.7,"HDD":0.0,"LIVIDRO":0.19,"TEMP":28.8},"latest_time":"2026-09-05T20:30","series":"series/5444.csv"}},{"type":"Feature","geometry":{"type":"Point","coordinates":[11.72971,44.45019]},"properties":{"scode":"3157","name":"Correcchio canale","variables":["LIVIDRO"],"latest":{"LIVIDRO":16.02},"latest_time":"2026-09-05T20:30","series":"series/3157.csv"}},{"type":"Feature","geometry":{"type":"Point","coordinates":[12.70026,43.95818]},"properties":{"scode":"53072","name":"Conca Diga","variables":["LIVIDRO"],"latest":{"LIVIDRO":0.12},"latest_time":"2026-09-05T20:30","series":"series/53072.csv"}},{"type":"Feature","geometry":{"type":"Point","coordinates":[12.40511,43.9829]},"properties":{"scode":"5359","name":"Ponte Verucchio","variables":["LIVIDRO","PREC","PREC24","PREC48"],"latest":{"LIVIDRO":1.1,"PREC":0,"PREC24":0.0,"PREC48":0.0},"latest_time":"2026-09-05T20:30","series":"series/5359.csv"}},{"type":"Feature","geometry":{"type":"Point","coordinates":[12.39269,44.16415]},"properties":{"scode":"5445","name":"Due Tigli","variables":["LIVIDRO"],"latest":{"LIVIDRO":0.16},"latest_time":"2026-09-05T20:30","series":"series/5445.csv"}},{"type":"Feature","geometry":{"type":"Point","coordinates":[11.83866,43.87008]},"properties":{"scode":"12467","name":"Diga di Ridracoli","variables":["CDD","ET0","GDD","HDD","LIVIDRO","PRESS","QSPEC","TDEW","TEMP","UMID","VPD"],"latest":{"CDD":7.4,"ET0":4.38,"GDD":18.4,"HDD":0.0,"LIVIDRO":537.23,"PRESS":953.4,"QSPEC":11.84,"TDEW":15.9,"TEMP":25.0,"UMID":57,"VPD":1.362},"latest_time":"2026-09-05T20:30","series":"series/12467.csv"}},{"type":"Feature","geometry":{"type":"Point","coordinates":[11.94276,44.3065]},"properties":{"scode":"3204","name":"Reda","variables":["LIVIDRO"],"latest":{"LIVIDRO":0.49},"latest_time":"2026-09-05T20:30","series":"series/3204.csv"}},{"type":"Feature","geometry":{"type":"Point","coordinates":[11.86741,44.34989]},"properties":{"scode":"53229","name":"Ponte Felisio","variables":["LIVIDRO"],"latest":{"LIVIDRO":0.06},"latest_time":"2026-09-05T20:30","series":"series/53229.csv"}},{"type":"Feature","geometry":{"type":"Point","coordinates":[11.86149,44.57819]},"properties":{"scode":"5304","name":"Chiavica Bastia Sillaro","variables":["LIVIDRO"],"latest":{"LIVIDRO":3.58},"latest_time":"2026-09-05T20:30","series":"series/5304.csv"}},{"type":"Feature","geometry":{"type":"Point","coordinates":[11.7296,44.45013]},"properties":{"scode":"3156","name":"Correcchio Sillaro","variables":["LIVIDRO","PREC","PREC24","PREC48"],"latest":{"LIVIDRO":16.04,"PREC":0,"PREC24":0.0,"PREC48":0.0},"latest_time":"2026-09-05T20:30","series":"series/3156.csv"}},{"type":"Feature","geometry":{"type":"Point","coordinates":[11.52969,44.3315]},"properties":{"scode":"53224","name":"Marzocchina","variables":["LIVIDRO"],"latest":{"LIVIDRO":0.33},"latest_time":"2026-09-05T20:30","series":"series/53224.csv"}},{"type":"Feature","geometry":{"type":"Point","coordinates":[11.61491,44.53533]},"properties":{"scode":"3155","name":"Massarolo","variables":["LIVIDRO","PREC","PREC24","PREC48"],"latest":{"LIVIDRO":14.93,"PREC":0,"PREC24":0.0,"PREC48":0.0},"latest_time":"2026-09-05T20:30","series":"series/3155.csv"}},{"type":"Feature","geometry":{"type":"Point","coordinates":[11.51056,44.47195]},"properties":{"scode":"5303","name":"Centonara","variables":["LIVIDRO","PREC","PREC24","PREC48"],"latest":{"LIVIDRO":36.1,"PREC":0,"PREC24":0.0,"PREC48":0.0},"latest_time":"2026-09-05T20:30","series":"series/5303.csv"}},{"type":"Feature","geometry":{"type":"Point","coordinates":[11.41918,44.6321]},"properties":{"scode":"3166","name":"Bentivoglio","variables":["LIVIDRO"],"latest":{"LIVIDRO":14.92},"latest_time":"2026-09-05T20:30","series":"series/3166.csv"}},{"type":"Feature","geometry":{"type":"Point","coordinates":[11.32286,44.50146]},"properties":{"scode":"53223","name":"Ravone Via del Chiu","variables":["LIVIDRO"],"latest":{"LIVIDRO":-0.07},"latest_time":"2026-09-05T20:30","series":"series/53223.csv"}},{"type":"Feature","geometry":{"type":"Point","coordinates":[11.23298,44.61295]},"properties":{"scode":"5370","name":"Impianto Forcelli Lavino","variables":["LIVIDRO"],"latest":{"LIVIDRO":26.57},"latest_time":"2026-09-05T20:30","series":"series/5370.csv"}},{"type":"Feature","geometry":{"type":"Point","coordinates":[11.23027,44.58426]},"properties":{"scode":"3125","name":"Lavino di Sotto","variables":["LIVIDRO"],"latest":{"LIVIDRO":7.79},"latest_time":"2026-09-05T20:30","series":"series/3125.csv"}},{"type":"Feature","geometry":{"type":"Point","coordinates":[11.19653,44.55208]},"properties":{"scode":"3165","name":"Anzola Ghironda","variables":["LIVIDRO"],"latest":{"LIVIDRO":35.97},"latest_time":"2026-09-05T20:30","series":"series/3165.csv"}},{"type":"Feature","geometry":{"type":"Point","coordinates":[11.18259,44.57909]},"properties":{"scode":"3164","name":"Paltrone Samoggia","variables":["LIVIDRO"],"latest":{"LIVIDRO":31.75},"latest_time":"2026-09-05T20:30","series":"series/3164.csv"}},{"type":"Feature","geometry":{"type":"Point","coordinates":[11.8752,44.57745]},"properties":{"scode":"3153","name":"Ponte Bastia","variables":["LIVIDRO"],"latest":{"LIVIDRO":2.63},"latest_time":"2026-09-05T20:30","series":"series/3153.csv"}},{"type":"Feature","geometry":{"type":"Point","coordinates":[11.84727,44.59196]},"properties":{"scode":"3152","name":"Beccara Nuova Reno","variables":["LIVIDRO"],"latest":{"LIVIDRO":2.48},"latest_time":"2026-09-05T20:30","series":"series/3152.csv"}},{"type":"Feature","geometry":{"type":"Point","coordinates":[11.29579,44.72121]},"properties":{"scode":"3098","name":"Cento","variables":["LIVIDRO"],"latest":{"LIVIDRO":-1.76},"latest_time":"2026-09-05T20:30","series":"series/3098.csv"}},{"type":"Feature","geometry":{"type":"Point","coordinates":[11.27237,44.66547]},"properties":{"scode":"5314","name":"Sostegno Reno","variables":["LIVIDRO"],"latest":{"LIVIDRO":20.03},"latest_time":"2026-09-05T20:30","series":"series/5314.csv"}},{"type":"Feature","geometry":{"type":"Point","coordinates":[10.97722,44.62483]},"properties":{"scode":"53036","name":"Fossalta","variables":["LIVIDRO"],"latest":{"LIVIDRO":0.21},"latest_time":"2026-09-05T20:30","series":"series/53036.csv"}},{"type":"Feature","geometry":{"type":"Point","coordinates":[11.28766,44.82459]},"properties":{"scode":"5313","name":"Foscaglia Panaro","variables":["LIVIDRO"],"latest":{"LIVIDRO":10.17},"latest_time":"2026-09-05T20:30","series":"series/5313.csv"}},{"type":"Feature","geometry":{"type":"Point","coordinates":[11.04508,44.72716]},"properties":{"scode":"5415","name":"Bomporto","variables":["LIVIDRO"],"latest":{"LIVIDRO":0.75},"latest_time":"2026-09-05T20:30","series":"series/5415.csv"}},{"type":"Feature","geometry":{"type":"Point","coordinates":[11.00948,44.60693]},"properties":{"scode":"5339","name":"S. Cesario SIAP","variables":["LIVIDRO"],"latest":{"LIVIDRO":2},"latest_time":"2026-09-05T20:30","series":"series/5339.csv"}},{"type":"Feature","geometry":{"type":"Point","coordinates":[11.01028,44.47472]},"properties":{"scode":"53096","name":"Vignola SIAP","variables":["LIVIDRO"],"latest":{"LIVIDRO":0.43},"latest_time":"2026-09-05T20:30","series":"series/53096.csv"}},{"type":"Feature","geometry":{"type":"Point","coordinates":[10.63017,44.2153]},"properties":{"scode":"5502","name":"Pievepelago idro","variables":["LIVIDRO"],"latest":{"LIVIDRO":-0.45},"latest_time":"2026-09-05T20:30","series":"series/5502.csv"}},{"type":"Feature","geometry":{"type":"Point","coordinates":[10.955,44.96139]},"properties":{"scode":"12637","name":"Bondanello","variables":["LIVIDRO"],"latest":{"LIVIDRO":-0.43},"latest_time":"2026-09-05T20:30","series":"series/12637.csv"}},{"type":"Feature","geometry":{"type":"Point","coordinates":[10.99474,44.82117]},"properties":{"scode":"14373","name":"Ponte Motta","variables":["LIVIDRO"],"latest":{"LIVIDRO":0.22},"latest_time":"2026-09-05T20:30","series":"series/14373.csv"}},{"type":"Feature","geometry":{"type":"Point","coordinates":[10.81511,44.65863]},"properties":{"scode":"12668","name":"Rubiera casse valle","variables":["LIVIDRO"],"latest":{"LIVIDRO":-1.19},"latest_time":"2026-09-05T20:30","series":"series/12668.csv"}},{"type":"Feature","geometry":{"type":"Point","coordinates":[10.81495,44.65855]},"properties":{"scode":"3181","name":"Rubiera casse monte","variables":["LIVIDRO"],"latest":{"LIVIDRO":0.18},"latest_time":"2026-09-05T20:30","series":"series/3181.csv"}},{"type":"Feature","geometry":{"type":"Point","coordinates":[10.65413,44.44197]},"properties":{"scode":"5329","name":"Lugo SIAP","variables":["LIVIDRO"],"latest":{"LIVIDRO":-0.14},"latest_time":"2026-09-05T20:30","series":"series/5329.csv"}},{"type":"Feature","geometry":{"type":"Point","coordinates":[10.6525,44.77222]},"properties":{"scode":"14979","name":"Tassone a Bagnolo","variables":["LIVIDRO"],"latest":{"LIVIDRO":-1.3},"latest_time":"2026-09-05T20:30","series":"series/14979.csv"}},{"type":"Feature","geometry":{"type":"Point","coordinates":[10.58829,44.64304]},"properties":{"scode":"14597","name":"Cassa Crostolo SIAP","variables":["LIVIDRO"],"latest":{"LIVIDRO":6.89},"latest_time":"2026-09-05T20:30","series":"series/14597.csv"}},{"type":"Feature","geometry":{"type":"Point","coordinates":[10.42692,44.76993]},"properties":{"scode":"53075","name":"S. Ilario d'Enza","variables":["LIVIDRO"],"latest":{"LIVIDRO":-0.58},"latest_time":"2026-09-05T20:30","series":"series/53075.csv"}},{"type":"Feature","geometry":{"type":"Point","coordinates":[10.44642,44.7283]},"properties":{"scode":"5323","name":"Casse Espansione Enza SIAP","variables":["LIVIDRO"],"latest":{"LIVIDRO":0.24},"latest_time":"2026-09-05T20:30","series":"series/5323.csv"}},{"type":"Feature","geometry":{"type":"Point","coordinates":[10.44171,44.70688]},"properties":{"scode":"14596","name":"Casse Espansione Enza monte","variables":["LIVIDRO"],"latest":{"LIVIDRO":-0.64},"latest_time":"2026-09-05T20:30","series":"series/14596.csv"}},{"type":"Feature","geometry":{"type":"Point","coordinates":[10.23567,44.43999]},"properties":{"scode":"5475","name":"Selvanizza","variables":["CDD","ET0","GDD","HDD","LIVIDRO","PREC","PREC24","PREC48","TEMP"],"latest":{"CDD":4.7,"ET0":5.14,"GDD":14.8,"HDD":0.0,"LIVIDRO":1.53,"PREC":0,"PREC24":0.0,"PREC48":0.0,"TEMP":23.5},"latest_time":"2026-09-05T20:30","series":"series/5475.csv"}},{"type":"Feature","geometry":{"type":"Point","coordinates":[10.32777,44.89388]},"properties":{"scode":"53034","name":"Parma S. Siro","variables":["LIVIDRO"],"latest":{"LIVIDRO":0.82},"latest_time":"2026-09-05T20:30","series":"series/53034.csv"}},{"type":"Feature","geometry":{"type":"Point","coordinates":[10.17139,44.63485]},"properties":{"scode":"5481","name":"Marzolara","variables":["LIVIDRO"],"latest":{"LIVIDRO":0.2},"latest_time":"2026-09-05T20:30","series":"series/5481.csv"}},{"type":"Feature","geometry":{"type":"Point","coordinates":[10.04911,44.86984]},"properties":{"scode":"5327","name":"Fidenza SIAP","variables":["LIVIDRO"],"latest":{"LIVIDRO":-0.78},"latest_time":"2026-09-05T20:30","series":"series/5327.csv"}},{"type":"Feature","geometry":{"type":"Point","coordinates":[10.2543,44.91689]},"properties":{"scode":"5494","name":"S. Secondo","variables":["LIVIDRO"],"latest":{"LIVIDRO":1.13},"latest_time":"2026-09-05T20:30","series":"series/5494.csv"}},{"type":"Feature","geometry":{"type":"Point","coordinates":[10.09278,44.69725]},"properties":{"scode":"12715","name":"Ramiola","variables":["LIVIDRO","PREC","PREC24","PREC48"],"latest":{"LIVIDRO":0.27,"PREC":0,"PREC24":0.0,"PREC48":0.0},"latest_time":"2026-09-05T20:30","series":"series/12715.csv"}},{"type":"Feature","geometry":{"type":"Point","coordinates":[10.0925,44.69726]},"properties":{"scode":"5328","name":"Fornovo SIAP","variables":["LIVIDRO"],"latest":{"LIVIDRO":0.42},"latest_time":"2026-09-05T20:30","series":"series/5328.csv"}},{"type":"Feature","geometry":{"type":"Point","coordinates":[10.05284,45.03429]},"properties":{"scode":"14028","name":"Ongina","variables":["LIVIDRO","PREC","PREC24","PREC48"],"latest":{"LIVIDRO":30.59,"PREC":0,"PREC24":0.0,"PREC48":0.0},"latest_time":"2026-09-05T20:30","series":"series/14028.csv"}},{"type":"Feature","geometry":{"type":"Point","coordinates":[9.49864,44.64368]},"properties":{"scode":"3177","name":"Ferriere Idro","variables":["LIVIDRO"],"latest":{"LIVIDRO":0.03},"latest_time":"2026-09-05T20:30","series":"series/3177.csv"}},{"type":"Feature","geometry":{"type":"Point","coordinates":[11.75592,44.96062]},"properties":{"scode":"5334","name":"Polesella SIAP","variables":["LIVIDRO"],"latest":{"LIVIDRO":-0.1},"latest_time":"2026-09-05T20:30","series":"series/5334.csv"}},{"type":"Feature","geometry":{"type":"Point","coordinates":[12.15202,45.02769]},"properties":{"scode":"5325","name":"Cavanella SIAP","variables":["LIVIDRO"],"latest":{"LIVIDRO":0.5},"latest_time":"2026-09-05T20:30","series":"series/5325.csv"}},{"type":"Feature","geometry":{"type":"Point","coordinates":[11.29334,45.01486]},"properties":{"scode":"12847","name":"Sermide","variables":["CDD","ET0","GDD","HDD","LIVIDRO","TEMP"],"latest":{"CDD":6.3,"ET0":4.5,"GDD":17.8,"HDD":0.0,"LIVIDRO":0.32,"TEMP":31.0},"latest_time":"2026-09-05T20:30","series":"series/12847.csv"}},{"type":"Feature","geometry":{"type":"Point","coordinates":[10.75911,45.04561]},"properties":{"scode":"12733","name":"Borgoforte","variables":["LIVIDRO"],"latest":{"LIVIDRO":-2.14},"latest_time":"2026-09-05T20:30","series":"series/12733.csv"}},{"type":"Feature","geometry":{"type":"Point","coordinates":[10.41978,44.97661]},"properties":{"scode":"12750","name":"Casalmaggiore","variables":["LIVIDRO"],"latest":{"LIVIDRO":-3.91},"latest_time":"2026-09-05T20:30","series":"series/12750.csv"}},{"type":"Feature","geometry":{"type":"Point","coordinates":[9.99503,45.1286]},"properties":{"scode":"12765","name":"Cremona","variables":["LIVIDRO"],"latest":{"LIVIDRO":-7.02},"latest_time":"2026-09-05T20:30","series":"series/12765.csv"}},{"type":"Feature","geometry":{"type":"Point","coordinates":[9.34609,45.10179]},"properties":{"scode":"12850","name":"Spessa Po","variables":["LIVIDRO"],"latest":{"LIVIDRO":-1.8},"latest_time":"2026-09-05T20:30","series":"series/12850.csv"}},{"type":"Feature","geometry":{"type":"Point","coordinates":[9.22715,45.14158]},"properties":{"scode":"12815","name":"Ponte Becca Po","variables":["LIVIDRO"],"latest":{"LIVIDRO":-2.82},"latest_time":"2026-09-05T20:30","series":"series/12815.csv"}},{"type":"Feature","geometry":{"type":"Point","coordinates":[8.90196,45.05438]},"properties":{"scode":"12753","name":"Casei Gerola Po","variables":["LIVIDRO"],"latest":{"LIVIDRO":-2.31},"latest_time":"2026-09-05T20:30","series":"series/12753.csv"}},{"type":"Feature","geometry":{"type":"Point","coordinates":[8.82222,45.03611]},"properties":{"scode":"5386","name":"Isola S.Antonio PO","variables":["LIVIDRO"],"latest":{"LIVIDRO":0.03},"latest_time":"2026-09-05T20:30","series":"series/5386.csv"}},{"type":"Feature","geometry":{"type":"Point","coordinates":[8.63167,45.05083]},"properties":{"scode":"5421","name":"Ponte Valenza Po","variables":["LIVIDRO"],"latest":{"LIVIDRO":-0.63},"latest_time":"2026-09-05T20:30","series":"series/5421.csv"}},{"type":"Feature","geometry":{"type":"Point","coordinates":[8.4475,45.14222]},"properties":{"scode":"5403","name":"Casale Monferrato Po","variables":["LIVIDRO"],"latest":{"LIVIDRO":-2.04},"latest_time":"2026-09-05T20:30","series":"series/5403.csv"}},{"type":"Feature","geometry":{"type":"Point","coordinates":[7.68972,44.9025]},"properties":{"scode":"3959","name":"Carignano Po","variables":["LIVIDRO"],"latest":{"LIVIDRO":0.88},"latest_time":"2026-09-05T20:30","series":"series/3959.csv"}},{"type":"Feature","geometry":{"type":"Point","coordinates":[11.22257,44.22625]},"properties":{"scode":"3004","name":"Invaso","variables":["CDD","ET0","GDD","HDD","LIVIDRO","PREC","PREC24","PREC48","TDEW","TEMP","UMID","VPD"],"latest":{"CDD":4.6,"ET0":4.49,"GDD":14.7,"HDD":0.0,"LIVIDRO":5.43,"PREC":0,"PREC24":-0.0,"PREC48":-0.0,"TDEW":16.1,"TEMP":23.0,"UMID":65,"VPD":0.983},"latest_time":"2026-09-05T20:30","series":"series/3004.csv"}},{"type":"Feature","geometry":{"type":"Point","coordinates":[11.44069,44.92744]},"properties":{"scode":"53430","name":"Opera Po Mandracchio","variables":["LIVIDRO"],"latest":{"LIVIDRO":10.64},"latest_time":"2026-09-05T20:30","series":"series/53430.csv"}},{"type":"Feature","geometry":{"type":"Point","coordinates":[11.60363,44.8849]},"properties":{"scode":"53228","name":"Pontelagoscuro idrometro Boicelli","variables":["LIVIDRO"],"latest":{"LIVIDRO":4.86},"latest_time":"2026-09-05T20:30","series":"series/53228.csv"}},{"type":"Feature","geometry":{"type":"Point","coordinates":[9.87258,44.8512]},"properties":{"scode":"53130","name":"Castell'Arquato Canale","variables":["LIVIDRO"],"latest":{"LIVIDRO":0.15},"latest_time":"2026-09-05T20:30","series":"series/53130.csv"}},{"type":"Feature","geometry":{"type":"Point","coordinates":[12.10704,44.82999]},"properties":{"scode":"53225","name":"Codigoro","variables":["LIVIDRO"],"latest":{"LIVIDRO":0.31},"latest_time":"2026-09-05T20:30","series":"series/53225.csv"}},{"type":"Feature","geometry":{"type":"Point","coordinates":[11.04081,44.13444]},"properties":{"scode":"5564","name":"Suviana","variables":["LIVIDRO"],"latest":{"LIVIDRO":65.4},"latest_time":"2026-09-05T20:30","series":"series/5564.csv"}},{"type":"Feature","geometry":{"type":"Point","coordinates":[11.33462,44.52053]},"properties":{"scode":"53135","name":"Battiferro Monte","variables":["LIVIDRO"],"latest":{"LIVIDRO":0.08},"latest_time":"2026-09-05T20:30","series":"series/53135.csv"}},{"type":"Feature","geometry":{"type":"Point","coordinates":[12.64204,43.91441]},"properties":{"scode":"11100","name":"Morciano di Romagna","variables":["LIVIDRO"],"latest":{"LIVIDRO":-0.03},"latest_time":"2026-09-05T20:30","series":"series/11100.csv"}},{"type":"Feature","geometry":{"type":"Point","coordinates":[12.54549,44.05651]},"properties":{"scode":"12479","name":"Rimini Ausa","variables":["CDD","ET0","GDD","HDD","LIVIDRO","PREC","PREC24","PREC48","TEMP"],"latest":{"CDD":6.3,"ET0":5.07,"GDD":17.0,"HDD":0.0,"LIVIDRO":0.08,"PREC":0,"PREC24":0.0,"PREC48":0.0,"TEMP":27.5},"latest_time":"2026-09-05T20:30","series":"series/12479.csv"}},{"type":"Feature","geometry":{"type":"Point","coordinates":[12.54197,44.06141]},"properties":{"scode":"5358","name":"Rimini SS16","variables":["LIVIDRO"],"latest":{"LIVIDRO":0.59},"latest_time":"2026-09-05T20:30","series":"series/5358.csv"}},{"type":"Feature","geometry":{"type":"Point","coordinates":[12.25194,43.82639]},"properties":{"scode":"53082","name":"Ponte Messa","variables":["LIVIDRO"],"latest":{"LIVIDRO":0.23},"latest_time":"2026-09-05T20:30","series":"series/53082.csv"}},{"type":"Feature","geometry":{"type":"Point","coordinates":[12.43751,44.06832]},"properties":{"scode":"11099","name":"Santarcangelo di Romagna","variables":["LIVIDRO","PREC","PREC24","PREC48"],"latest":{"LIVIDRO":0.12,"PREC":0,"PREC24":0.0,"PREC48":0.0},"latest_time":"2026-09-05T20:30","series":"series/11099.csv"}},{"type":"Feature","geometry":{"type":"Point","coordinates":[12.30275,43.97765]},"properties":{"scode":"53232","name":"Ponte Uso","variables":["CDD","ET0","GDD","HDD","LIVIDRO","PREC","PREC24","PREC48","TDEW","TEMP","UMID","VPD"],"latest":{"CDD":4.8,"ET0":5.82,"GDD":15.1,"HDD":0.0,"LIVIDRO":0.92,"PREC":0,"PREC24":0.0,"PREC48":0.0,"TDEW":13.2,"TEMP":24.0,"UMID":51,"VPD":1.462},"latest_time":"2026-09-05T20:30","series":"series/53232.csv"}},{"type":"Feature","geometry":{"type":"Point","coordinates":[12.29599,44.11339]},"properties":{"scode":"3184","name":"Calisese","variables":["LIVIDRO"],"latest":{"LIVIDRO":-0.63},"latest_time":"2026-09-05T20:30","series":"series/3184.csv"}},{"type":"Feature","geometry":{"type":"Point","coordinates":[12.39636,44.09379]},"properties":{"scode":"3215","name":"Savignano","variables":["LIVIDRO"],"latest":{"LIVIDRO":-0.16},"latest_time":"2026-09-05T20:30","series":"series/3215.csv"}},{"type":"Feature","geometry":{"type":"Point","coordinates":[12.29549,44.30563]},"properties":{"scode":"3216","name":"Savio","variables":["LIVIDRO"],"latest":{"LIVIDRO":1.12},"latest_time":"2026-09-05T20:30","series":"series/3216.csv"}},{"type":"Feature","geometry":{"type":"Point","coordinates":[12.2609,44.25901]},"properties":{"scode":"3185","name":"Castiglione","variables":["LIVIDRO"],"latest":{"LIVIDRO":3.03},"latest_time":"2026-09-05T20:30","series":"series/3185.csv"}},{"type":"Feature","geometry":{"type":"Point","coordinates":[12.23401,44.23218]},"properties":{"scode":"3053","name":"Matellica","variables":["LIVIDRO","PREC","PREC24","PREC48"],"latest":{"LIVIDRO":0.25,"PREC":0,"PREC24":0.0,"PREC48":0.0},"latest_time":"2026-09-05T20:30","series":"series/3053.csv"}},{"type":"Feature","geometry":{"type":"Point","coordinates":[12.23505,44.13971]},"properties":{"scode":"3187","name":"Cesena","variables":["LIVIDRO"],"latest":{"LIVIDRO":0.72},"latest_time":"2026-09-05T20:30","series":"series/3187.csv"}},{"type":"Feature","geometry":{"type":"Point","coordinates":[12.19984,44.09098]},"properties":{"scode":"5431","name":"S. Carlo","variables":["LIVIDRO"],"latest":{"LIVIDRO":0.07},"latest_time":"2026-09-05T20:30","series":"series/5431.csv"}},{"type":"Feature","geometry":{"type":"Point","coordinates":[12.17701,44.05077]},"properties":{"scode":"3183","name":"Borello","variables":["LIVIDRO"],"latest":{"LIVIDRO":0.01},"latest_time":"2026-09-05T20:30","series":"series/3183.csv"}},{"type":"Feature","geometry":{"type":"Point","coordinates":[12.11278,44.00078]},"properties":{"scode":"53231","name":"Linaro","variables":["LIVIDRO"],"latest":{"LIVIDRO":0.06},"latest_time":"2026-09-05T20:30","series":"series/53231.csv"}},{"type":"Feature","geometry":{"type":"Point","coordinates":[12.1966,43.95814]},"properties":{"scode":"3193","name":"Mercato Saraceno","variables":["LIVIDRO"],"latest":{"LIVIDRO":-0.03},"latest_time":"2026-09-05T20:30","series":"series/3193.csv"}},{"type":"Feature","geometry":{"type":"Point","coordinates":[12.09518,43.89215]},"properties":{"scode":"3202","name":"Quarto","variables":["LIVIDRO"],"latest":{"LIVIDRO":0.05},"latest_time":"2026-09-05T20:30","series":"series/3202.csv"}},{"type":"Feature","geometry":{"type":"Point","coordinates":[12.27984,44.3245]},"properties":{"scode":"3182","name":"Bevano Adriatica","variables":["LIVIDRO"],"latest":{"LIVIDRO":0.68},"latest_time":"2026-09-05T20:30","series":"series/3182.csv"}},{"type":"Feature","geometry":{"type":"Point","coordinates":[12.21407,44.25728]},"properties":{"scode":"3213","name":"S. Zaccaria","variables":["LIVIDRO"],"latest":{"LIVIDRO":0.35},"latest_time":"2026-09-05T20:30","series":"series/3213.csv"}},{"type":"Feature","geometry":{"type":"Point","coordinates":[12.16992,44.21506]},"properties":{"scode":"3036","name":"S. Maria Nova","variables":["LIVIDRO","PREC","PREC24","PREC48"],"latest":{"LIVIDRO":0.04,"PREC":0,"PREC24":0.0,"PREC48":0.0},"latest_time":"2026-09-05T20:30","series":"series/3036.csv"}},{"type":"Feature","geometry":{"type":"Point","coordinates":[12.27311,44.39398]},"properties":{"scode":"3203","name":"Rasponi","variables":["LIVIDRO"],"latest":{"LIVIDRO":1.92},"latest_time":"2026-09-05T20:30","series":"series/3203.csv"}},{"type":"Feature","geometry":{"type":"Point","coordinates":[12.17268,44.36791]},"properties":{"scode":"3208","name":"S. Bartolo","variables":["LIVIDRO"],"latest":{"LIVIDRO":2.33},"latest_time":"2026-09-05T20:30","series":"series/3208.csv"}},{"type":"Feature","geometry":{"type":"Point","coordinates":[12.11085,44.29769]},"properties":{"scode":"3052","name":"Coccolia","variables":["LIVIDRO","PREC","PREC24","PREC48"],"latest":{"LIVIDRO":0.27,"PREC":0,"PREC24":0.0,"PREC48":0.0},"latest_time":"2026-09-05T20:30","series":"series/3052.csv"}},{"type":"Feature","geometry":{"type":"Point","coordinates":[12.08668,44.20306]},"properties":{"scode":"3207","name":"Ronco","variables":["LIVIDRO"],"latest":{"LIVIDRO":-0.19},"latest_time":"2026-09-05T20:30","series":"series/3207.csv"}},{"type":"Feature","geometry":{"type":"Point","coordinates":[12.06155,44.12146]},"properties":{"scode":"5430","name":"Meldola","variables":["LIVIDRO"],"latest":{"LIVIDRO":0.08},"latest_time":"2026-09-05T20:30","series":"series/5430.csv"}},{"type":"Feature","geometry":{"type":"Point","coordinates":[12.08492,44.09148]},"properties":{"scode":"3219","name":"Teodorano","variables":["LIVIDRO"],"latest":{"LIVIDRO":-0.64},"latest_time":"2026-09-05T20:30","series":"series/3219.csv"}},{"type":"Feature","geometry":{"type":"Point","coordinates":[12.00597,44.04414]},"properties":{"scode":"53230","name":"Cusercoli Idro","variables":["LIVIDRO"],"latest":{"LIVIDRO":0.43},"latest_time":"2026-09-05T20:30","series":"series/53230.csv"}},{"type":"Feature","geometry":{"type":"Point","coordinates":[12.16847,44.38896]},"properties":{"scode":"3210","name":"S. Marco","variables":["LIVIDRO"],"latest":{"LIVIDRO":1.08},"latest_time":"2026-09-05T20:30","series":"series/3210.csv"}},{"type":"Feature","geometry":{"type":"Point","coordinates":[12.03134,44.33002]},"properties":{"scode":"3051","name":"Ponte Vico","variables":["LIVIDRO","PREC","PREC24","PREC48"],"latest":{"LIVIDRO":0.2,"PREC":0,"PREC24":0.0,"PREC48":0.0},"latest_time":"2026-09-05T20:30","series":"series/3051.csv"}},{"type":"Feature","geometry":{"type":"Point","coordinates":[11.99295,44.26279]},"properties":{"scode":"3035","name":"Ponte Braldo","variables":["LIVIDRO","PREC","PREC24","PREC48"],"latest":{"LIVIDRO":0.35,"PREC":0,"PREC24":0.0,"PREC48":0.0},"latest_time":"2026-09-05T20:30","series":"series/3035.csv"}},{"type":"Feature","geometry":{"type":"Point","coordinates":[12.02757,44.22698]},"properties":{"scode":"3190","name":"Forli'","variables":["LIVIDRO"],"latest":{"LIVIDRO":0.34},"latest_time":"2026-09-05T20:30","series":"series/3190.csv"}},{"type":"Feature","geometry":{"type":"Point","coordinates":[11.9494,44.17012]},"properties":{"scode":"3055","name":"Castrocaro","variables":["LIVIDRO","PREC","PREC24","PREC48"],"latest":{"LIVIDRO":0.22,"PREC":0,"PREC24":0.0,"PREC48":0.0},"latest_time":"2026-09-05T20:30","series":"series/3055.csv"}},{"type":"Feature","geometry":{"type":"Point","coordinates":[11.8444,44.06079]},"properties":{"scode":"3206","name":"Rocca San Casciano","variables":["LIVIDRO"],"latest":{"LIVIDRO":-0.02},"latest_time":"2026-09-05T20:30","series":"series/3206.csv"}},{"type":"Feature","geometry":{"type":"Point","coordinates":[12.00957,44.16385]},"properties":{"scode":"3198","name":"Ponte Calanca","variables":["LIVIDRO"],"latest":{"LIVIDRO":0.06},"latest_time":"2026-09-05T20:30","series":"series/3198.csv"}},{"type":"Feature","geometry":{"type":"Point","coordinates":[11.88026,44.0211]},"properties":{"scode":"53097","name":"S. Zeno","variables":["LIVIDRO","PREC","PREC24","PREC48"],"latest":{"LIVIDRO":0.45,"PREC":0,"PREC24":0.0,"PREC48":0.0},"latest_time":"2026-09-05T20:30","series":"series/53097.csv"}},{"type":"Feature","geometry":{"type":"Point","coordinates":[12.08286,44.46959]},"properties":{"scode":"3194","name":"Mezzano","variables":["LIVIDRO"],"latest":{"LIVIDRO":0.74},"latest_time":"2026-09-05T20:30","series":"series/3194.csv"}},{"type":"Feature","geometry":{"type":"Point","coordinates":[11.9723,44.35473]},"properties":{"scode":"3200","name":"Pieve Cesato","variables":["LIVIDRO"],"latest":{"LIVIDRO":0.65},"latest_time":"2026-09-05T20:30","series":"series/3200.csv"}},{"type":"Feature","geometry":{"type":"Point","coordinates":[11.89148,44.28688]},"properties":{"scode":"3189","name":"Faenza","variables":["LIVIDRO"],"latest":{"LIVIDRO":-0.1},"latest_time":"2026-09-05T20:30","series":"series/3189.csv"}},{"type":"Feature","geometry":{"type":"Point","coordinates":[11.82135,44.24486]},"properties":{"scode":"3214","name":"Sarna","variables":["LIVIDRO"],"latest":{"LIVIDRO":0.04},"latest_time":"2026-09-05T20:30","series":"series/3214.csv"}},{"type":"Feature","geometry":{"type":"Point","coordinates":[11.70181,44.18521]},"properties":{"scode":"3217","name":"Strada Casale","variables":["LIVIDRO"],"latest":{"LIVIDRO":0.06},"latest_time":"2026-09-05T20:30","series":"series/3217.csv"}},{"type":"Feature","geometry":{"type":"Point","coordinates":[11.61388,44.07741]},"properties":{"scode":"3037","name":"Marradi","variables":["LIVIDRO","PREC","PREC24","PREC48"],"latest":{"LIVIDRO":0.01,"PREC":0,"PREC24":0.0,"PREC48":0.0},"latest_time":"2026-09-05T20:30","series":"series/3037.csv"}},{"type":"Feature","geometry":{"type":"Point","coordinates":[11.88666,44.24182]},"properties":{"scode":"3176","name":"Rivalta RA","variables":["LIVIDRO"],"latest":{"LIVIDRO":0.03},"latest_time":"2026-09-05T20:30","series":"series/3176.csv"}},{"type":"Feature","geometry":{"type":"Point","coordinates":[11.79515,44.15966]},"properties":{"scode":"3195","name":"Modigliana","variables":["LIVIDRO"],"latest":{"LIVIDRO":0.01},"latest_time":"2026-09-05T20:30","series":"series/3195.csv"}},{"type":"Feature","geometry":{"type":"Point","coordinates":[12.04777,44.50393]},"properties":{"scode":"3137","name":"Alfonsine","variables":["LIVIDRO"],"latest":{"LIVIDRO":4.41},"latest_time":"2026-09-05T20:30","series":"series/3137.csv"}},{"type":"Feature","geometry":{"type":"Point","coordinates":[11.9683,44.46538]},"properties":{"scode":"3136","name":"Fusignano","variables":["LIVIDRO"],"latest":{"LIVIDRO":3.93},"latest_time":"2026-09-05T20:30","series":"series/3136.csv"}},{"type":"Feature","geometry":{"type":"Point","coordinates":[11.94246,44.38305]},"properties":{"scode":"3135","name":"Cotignola","variables":["LIVIDRO"],"latest":{"LIVIDRO":7.72},"latest_time":"2026-09-05T20:30","series":"series/3135.csv"}},{"type":"Feature","geometry":{"type":"Point","coordinates":[11.82482,44.31006]},"properties":{"scode":"3105","name":"Castelbolognese","variables":["LIVIDRO"],"latest":{"LIVIDRO":-0.47},"latest_time":"2026-09-05T20:30","series":"series/3105.csv"}},{"type":"Feature","geometry":{"type":"Point","coordinates":[11.78295,44.29424]},"properties":{"scode":"3057","name":"Tebano","variables":["LIVIDRO","PREC","PREC24","PREC48"],"latest":{"LIVIDRO":-0.11,"PREC":0,"PREC24":-0.0,"PREC48":-0.0},"latest_time":"2026-09-05T20:30","series":"series/3057.csv"}},{"type":"Feature","geometry":{"type":"Point","coordinates":[11.63234,44.22714]},"properties":{"scode":"5563","name":"Casola Valsenio","variables":["LIVIDRO","PREC","PREC24","PREC48"],"latest":{"LIVIDRO":-2,"PREC":0,"PREC24":0.0,"PREC48":0.0},"latest_time":"2026-09-05T20:30","series":"series/5563.csv"}},{"type":"Feature","geometry":{"type":"Point","coordinates":[11.88402,44.51584]},"properties":{"scode":"3134","name":"S. Bernardino","variables":["LIVIDRO"],"latest":{"LIVIDRO":3},"latest_time":"2026-09-05T20:30","series":"series/3134.csv"}},{"type":"Feature","geometry":{"type":"Point","coordinates":[11.86575,44.4388]},"properties":{"scode":"3133","name":"S. Agata","variables":["LIVIDRO"],"latest":{"LIVIDRO":4.1},"latest_time":"2026-09-05T20:30","series":"series/3133.csv"}},{"type":"Feature","geometry":{"type":"Point","coordinates":[11.81481,44.39378]},"properties":{"scode":"3140","name":"Mordano","variables":["LIVIDRO"],"latest":{"LIVIDRO":3.27},"latest_time":"2026-09-05T20:30","series":"series/3140.csv"}},{"type":"Feature","geometry":{"type":"Point","coordinates":[11.71292,44.34535]},"properties":{"scode":"3143","name":"Imola","variables":["CDD","ET0","GDD","HDD","LIVIDRO","PREC","PREC24","PREC48","TEMP"],"latest":{"CDD":9.1,"ET0":4.99,"GDD":19.1,"HDD":0.0,"LIVIDRO":0.23,"PREC":0,"PREC24":0.0,"PREC48":0.0,"TEMP":30.5},"latest_time":"2026-09-05T20:30","series":"series/3143.csv"}},{"type":"Feature","geometry":{"type":"Point","coordinates":[11.64086,44.29826]},"properties":{"scode":"3103","name":"Codrignano","variables":["LIVIDRO"],"latest":{"LIVIDRO":0.09},"latest_time":"2026-09-05T20:30","series":"series/3103.csv"}},{"type":"Feature","geometry":{"type":"Point","coordinates":[11.57899,44.27467]},"properties":{"scode":"5439","name":"Borgo Tossignano","variables":["LIVIDRO","PREC","PREC24","PREC48"],"latest":{"LIVIDRO":0.04,"PREC":0,"PREC24":-0.0,"PREC48":-0.0},"latest_time":"2026-09-05T20:30","series":"series/5439.csv"}},{"type":"Feature","geometry":{"type":"Point","coordinates":[11.45426,44.1521]},"properties":{"scode":"13040","name":"Firenzuola idro","variables":["LIVIDRO"],"latest":{"LIVIDRO":0.33},"latest_time":"2026-09-05T20:30","series":"series/13040.csv"}},{"type":"Feature","geometry":{"type":"Point","coordinates":[11.76422,44.52811]},"properties":{"scode":"3132","name":"Portonovo","variables":["LIVIDRO"],"latest":{"LIVIDRO":5.74},"latest_time":"2026-09-05T20:30","series":"series/3132.csv"}},{"type":"Feature","geometry":{"type":"Point","coordinates":[11.73595,44.45876]},"properties":{"scode":"3131","name":"Sesto Imolese","variables":["LIVIDRO"],"latest":{"LIVIDRO":7.18},"latest_time":"2026-09-05T20:30","series":"series/3131.csv"}},{"type":"Feature","geometry":{"type":"Point","coordinates":[11.58841,44.38103]},"properties":{"scode":"3102","name":"Castel San Pietro","variables":["LIVIDRO"],"latest":{"LIVIDRO":0.12},"latest_time":"2026-09-05T20:30","series":"series/3102.csv"}},{"type":"Feature","geometry":{"type":"Point","coordinates":[11.86129,44.57933]},"properties":{"scode":"3113","name":"Chiavicone Idice","variables":["LIVIDRO"],"latest":{"LIVIDRO":1.66},"latest_time":"2026-09-05T20:30","series":"series/3113.csv"}},{"type":"Feature","geometry":{"type":"Point","coordinates":[11.71154,44.57611]},"properties":{"scode":"3107","name":"Accursi Idice","variables":["LIVIDRO"],"latest":{"LIVIDRO":9.53},"latest_time":"2026-09-05T20:30","series":"series/3107.csv"}},{"type":"Feature","geometry":{"type":"Point","coordinates":[11.70609,44.5748]},"properties":{"scode":"3130","name":"S. Antonio","variables":["LIVIDRO"],"latest":{"LIVIDRO":6.93},"latest_time":"2026-09-05T20:30","series":"series/3130.csv"}},{"type":"Feature","geometry":{"type":"Point","coordinates":[11.50303,44.40798]},"properties":{"scode":"11102","name":"Palesio","variables":["LIVIDRO"],"latest":{"LIVIDRO":0.04},"latest_time":"2026-09-05T20:30","series":"series/11102.csv"}},{"type":"Feature","geometry":{"type":"Point","coordinates":[11.52686,44.55379]},"properties":{"scode":"53253","name":"Riccardina","variables":["LIVIDRO"],"latest":{"LIVIDRO":0.13},"latest_time":"2026-09-05T20:30","series":"series/53253.csv"}},{"type":"Feature","geometry":{"type":"Point","coordinates":[11.47017,44.50748]},"properties":{"scode":"3128","name":"Castenaso","variables":["LIVIDRO"],"latest":{"LIVIDRO":5.56},"latest_time":"2026-09-05T20:30","series":"series/3128.csv"}},{"type":"Feature","geometry":{"type":"Point","coordinates":[11.43922,44.44914]},"properties":{"scode":"3100","name":"Pizzocalvo","variables":["LIVIDRO"],"latest":{"LIVIDRO":-0.45},"latest_time":"2026-09-05T20:30","series":"series/3100.csv"}},{"type":"Feature","geometry":{"type":"Point","coordinates":[11.40684,44.43615]},"properties":{"scode":"53255","name":"Farneto","variables":["LIVIDRO","PREC","PREC24","PREC48"],"latest":{"LIVIDRO":0.01,"PREC":0,"PREC24":0.0,"PREC48":0.0},"latest_time":"2026-09-05T20:30","series":"series/53255.csv"}},{"type":"Feature","geometry":{"type":"Point","coordinates":[11.36519,44.45378]},"properties":{"scode":"5524","name":"S. Ruffillo Savena","variables":["LIVIDRO","PREC","PREC24","PREC48"],"latest":{"LIVIDRO":-1.03,"PREC":0,"PREC24":0.0,"PREC48":0.0},"latest_time":"2026-09-05T20:30","series":"series/5524.csv"}},{"type":"Feature","geometry":{"type":"Point","coordinates":[11.3399,44.37101]},"properties":{"scode":"3097","name":"Pianoro","variables":["LIVIDRO","PREC","PREC24","PREC48"],"latest":{"LIVIDRO":-0.03,"PREC":0,"PREC24":0.0,"PREC48":0.0},"latest_time":"2026-09-05T20:30","series":"series/3097.csv"}},{"type":"Feature","geometry":{"type":"Point","coordinates":[11.29197,44.26821]},"properties":{"scode":"3159","name":"Loiano Ponte Savena","variables":["LIVIDRO"],"latest":{"LIVIDRO":0.03},"latest_time":"2026-09-05T20:30","series":"series/3159.csv"}},{"type":"Feature","geometry":{"type":"Point","coordinates":[11.62491,44.67293]},"properties":{"scode":"3150","name":"Gandazzolo Savena","variables":["LIVIDRO"],"latest":{"LIVIDRO":8.83},"latest_time":"2026-09-05T20:30","series":"series/3150.csv"}},{"type":"Feature","geometry":{"type":"Point","coordinates":[11.47251,44.63905]},"properties":{"scode":"3127","name":"Casoni","variables":["LIVIDRO"],"latest":{"LIVIDRO":12.08},"latest_time":"2026-09-05T20:30","series":"series/3127.csv"}},{"type":"Feature","geometry":{"type":"Point","coordinates":[11.37757,44.54504]},"properties":{"scode":"3139","name":"La Dozza","variables":["LIVIDRO"],"latest":{"LIVIDRO":9.8},"latest_time":"2026-09-05T20:30","series":"series/3139.csv"}},{"type":"Feature","geometry":{"type":"Point","coordinates":[11.44114,44.63232]},"properties":{"scode":"3148","name":"Saletto","variables":["CDD","ET0","GDD","HDD","LIVIDRO","PREC","PREC24","PREC48","TEMP"],"latest":{"CDD":7.5,"ET0":4.77,"GDD":18.2,"HDD":0.0,"LIVIDRO":0.53,"PREC":0,"PREC24":0.0,"PREC48":0.0,"TEMP":29.7},"latest_time":"2026-09-05T20:30","series":"series/3148.csv"}},{"type":"Feature","geometry":{"type":"Point","coordinates":[11.36633,44.55741]},"properties":{"scode":"3126","name":"Castelmaggiore","variables":["LIVIDRO"],"latest":{"LIVIDRO":8.54},"latest_time":"2026-09-05T20:30","series":"series/3126.csv"}},{"type":"Feature","geometry":{"type":"Point","coordinates":[11.34825,44.54028]},"properties":{"scode":"3121","name":"Arcoveggio","variables":["LIVIDRO"],"latest":{"LIVIDRO":9.31},"latest_time":"2026-09-05T20:30","series":"series/3121.csv"}},{"type":"Feature","geometry":{"type":"Point","coordinates":[11.33286,44.50636]},"properties":{"scode":"3115","name":"Bova","variables":["LIVIDRO"],"latest":{"LIVIDRO":-0.55},"latest_time":"2026-09-05T20:30","series":"series/3115.csv"}},{"type":"Feature","geometry":{"type":"Point","coordinates":[11.29004,44.48884]},"properties":{"scode":"53037","name":"Canonica Valle","variables":["LIVIDRO"],"latest":{"LIVIDRO":0.37},"latest_time":"2026-09-05T20:30","series":"series/53037.csv"}},{"type":"Feature","geometry":{"type":"Point","coordinates":[11.2811,44.47563]},"properties":{"scode":"3106","name":"Casalecchio canale","variables":["LIVIDRO","PREC","PREC24","PREC48"],"latest":{"LIVIDRO":0.18,"PREC":0,"PREC24":0.0,"PREC48":0.0},"latest_time":"2026-09-05T20:30","series":"series/3106.csv"}},{"type":"Feature","geometry":{"type":"Point","coordinates":[11.31472,44.48]},"properties":{"scode":"13023","name":"Ravone","variables":["LIVIDRO"],"latest":{"LIVIDRO":-0.19},"latest_time":"2026-09-05T20:30","series":"series/13023.csv"}},{"type":"Feature","geometry":{"type":"Point","coordinates":[11.31244,44.46783]},"properties":{"scode":"53254","name":"Ravone Torretta","variables":["LIVIDRO"],"latest":{"LIVIDRO":0},"latest_time":"2026-09-05T20:30","series":"series/53254.csv"}},{"type":"Feature","geometry":{"type":"Point","coordinates":[11.43194,44.8775]},"properties":{"scode":"3119","name":"Burana","variables":["LIVIDRO"],"latest":{"LIVIDRO":10.38},"latest_time":"2026-09-05T20:30","series":"series/3119.csv"}},{"type":"Feature","geometry":{"type":"Point","coordinates":[11.37016,44.78278]},"properties":{"scode":"3118","name":"Secondo Salto","variables":["LIVIDRO","PREC","PREC24","PREC48"],"latest":{"LIVIDRO":9.58,"PREC":0,"PREC24":0.0,"PREC48":0.0},"latest_time":"2026-09-05T20:30","series":"series/3118.csv"}},{"type":"Feature","geometry":{"type":"Point","coordinates":[11.22104,44.49076]},"properties":{"scode":"3124","name":"Lavino di Sopra","variables":["LIVIDRO","PREC","PREC24","PREC48"],"latest":{"LIVIDRO":8.3,"PREC":0,"PREC24":0.0,"PREC48":0.0},"latest_time":"2026-09-05T20:30","series":"series/3124.csv"}},{"type":"Feature","geometry":{"type":"Point","coordinates":[11.18661,44.49249]},"properties":{"scode":"13173","name":"Ponte Ronca","variables":["LIVIDRO"],"latest":{"LIVIDRO":0},"latest_time":"2026-09-05T20:30","series":"series/13173.csv"}},{"type":"Feature","geometry":{"type":"Point","coordinates":[11.23758,44.62196]},"properties":{"scode":"3123","name":"Forcelli","variables":["LIVIDRO"],"latest":{"LIVIDRO":6.4},"latest_time":"2026-09-05T20:30","series":"series/3123.csv"}},{"type":"Feature","geometry":{"type":"Point","coordinates":[11.13301,44.54736]},"properties":{"scode":"3122","name":"Calcara","variables":["LIVIDRO"],"latest":{"LIVIDRO":0.44},"latest_time":"2026-09-05T20:30","series":"series/3122.csv"}},{"type":"Feature","geometry":{"type":"Point","coordinates":[11.08392,44.50828]},"properties":{"scode":"3096","name":"Bazzano","variables":["LIVIDRO","PREC","PREC24","PREC48"],"latest":{"LIVIDRO":-0.39,"PREC":0,"PREC24":0.0,"PREC48":0.0},"latest_time":"2026-09-05T20:30","series":"series/3096.csv"}},{"type":"Feature","geometry":{"type":"Point","coordinates":[11.62513,44.67307]},"properties":{"scode":"3149","name":"Gandazzolo Reno","variables":["LIVIDRO"],"latest":{"LIVIDRO":8.83},"latest_time":"2026-09-05T20:30","series":"series/3149.csv"}},{"type":"Feature","geometry":{"type":"Point","coordinates":[11.54538,44.7241]},"properties":{"scode":"3120","name":"Gallo","variables":["LIVIDRO"],"latest":{"LIVIDRO":3.33},"latest_time":"2026-09-05T20:30","series":"series/3120.csv"}},{"type":"Feature","geometry":{"type":"Point","coordinates":[11.36893,44.77849]},"properties":{"scode":"3117","name":"Opera Reno Panfilia","variables":["LIVIDRO"],"latest":{"LIVIDRO":15.28},"latest_time":"2026-09-05T20:30","series":"series/3117.csv"}},{"type":"Feature","geometry":{"type":"Point","coordinates":[11.34978,44.76419]},"properties":{"scode":"3116","name":"Dosso","variables":["LIVIDRO"],"latest":{"LIVIDRO":2.21},"latest_time":"2026-09-05T20:30","series":"series/3116.csv"}},{"type":"Feature","geometry":{"type":"Point","coordinates":[11.31382,44.60927]},"properties":{"scode":"3141","name":"Bonconvento","variables":["LIVIDRO"],"latest":{"LIVIDRO":2.22},"latest_time":"2026-09-05T20:30","series":"series/3141.csv"}},{"type":"Feature","geometry":{"type":"Point","coordinates":[11.28208,44.48023]},"properties":{"scode":"3101","name":"Casalecchio tiro a volo","variables":["LIVIDRO"],"latest":{"LIVIDRO":-0.69},"latest_time":"2026-09-05T20:30","series":"series/3101.csv"}},{"type":"Feature","geometry":{"type":"Point","coordinates":[11.28243,44.47318]},"properties":{"scode":"3095","name":"Casalecchio chiusa","variables":["LIVIDRO"],"latest":{"LIVIDRO":-0.66},"latest_time":"2026-09-05T20:30","series":"series/3095.csv"}},{"type":"Feature","geometry":{"type":"Point","coordinates":[11.24785,44.38151]},"properties":{"scode":"3094","name":"Sasso Marconi","variables":["LIVIDRO"],"latest":{"LIVIDRO":-0.19},"latest_time":"2026-09-05T20:30","series":"series/3094.csv"}},{"type":"Feature","geometry":{"type":"Point","coordinates":[11.18632,44.24686]},"properties":{"scode":"53123","name":"Ponte Locatello","variables":["LIVIDRO"],"latest":{"LIVIDRO":0.11},"latest_time":"2026-09-05T20:30","series":"series/53123.csv"}},{"type":"Feature","geometry":{"type":"Point","coordinates":[11.11313,44.2878]},"properties":{"scode":"3104","name":"Vergato","variables":["CDD","ET0","GDD","HDD","LIVIDRO","PREC","PREC24","PREC48","TEMP","VVENTO"],"latest":{"CDD":3.7,"ET0":5.37,"GDD":14.4,"HDD":0.0,"LIVIDRO":0.11,"PREC":0,"PREC24":0.0,"PREC48":0.0,"TEMP":26.1,"VVENTO":0},"latest_time":"2026-09-05T20:30","series":"series/3104.csv"}},{"type":"Feature","geometry":{"type":"Point","coordinates":[10.97047,44.18306]},"properties":{"scode":"5342","name":"Silla","variables":["LIVIDRO"],"latest":{"LIVIDRO":-0.09},"latest_time":"2026-09-05T20:30","series":"series/5342.csv"}},{"type":"Feature","geometry":{"type":"Point","coordinates":[10.9773,44.15404]},"properties":{"scode":"3142","name":"Porretta Terme","variables":["CDD","ET0","GDD","HDD","LIVIDRO","PREC","PREC24","PREC48","TEMP"],"latest":{"CDD":2.8,"ET0":4.6,"GDD":13.3,"HDD":0.0,"LIVIDRO":8.52,"PREC":0,"PREC24":-0.0,"PREC48":-0.0,"TEMP":24.0},"latest_time":"2026-09-05T20:30","series":"series/3142.csv"}},{"type":"Feature","geometry":{"type":"Point","coordinates":[10.90557,44.05404]},"properties":{"scode":"3001","name":"Pracchia","variables":["CDD","ET0","GDD","HDD","LIVIDRO","PREC","PREC24","PREC48","TEMP"],"latest":{"CDD":0.4,"ET0":4.12,"GDD":11.4,"HDD":0.0,"LIVIDRO":0.02,"PREC":0,"PREC24":0.0,"PREC48":0.0,"TEMP":20.7},"latest_time":"2026-09-05T20:30","series":"series/3001.csv"}},{"type":"Feature","geometry":{"type":"Point","coordinates":[10.94756,44.67946]},"properties":{"scode":"5504","name":"Modena Naviglio","variables":["LIVIDRO"],"latest":{"LIVIDRO":0.14},"latest_time":"2026-09-05T20:30","series":"series/5504.csv"}},{"type":"Feature","geometry":{"type":"Point","coordinates":[10.96231,44.58855]},"properties":{"scode":"5436","name":"S. Donnino","variables":["LIVIDRO"],"latest":{"LIVIDRO":0.45},"latest_time":"2026-09-05T20:30","series":"series/5436.csv"}},{"type":"Feature","geometry":{"type":"Point","coordinates":[10.88088,44.51288]},"properties":{"scode":"5506","name":"Gorzano","variables":["LIVIDRO"],"latest":{"LIVIDRO":0.55},"latest_time":"2026-09-05T20:30","series":"series/5506.csv"}},{"type":"Feature","geometry":{"type":"Point","coordinates":[11.13509,44.7867]},"properties":{"scode":"5437","name":"Camposanto","variables":["LIVIDRO"],"latest":{"LIVIDRO":0.71},"latest_time":"2026-09-05T20:30","series":"series/5437.csv"}},{"type":"Feature","geometry":{"type":"Point","coordinates":[10.99531,44.66995]},"properties":{"scode":"5448","name":"Navicello","variables":["LIVIDRO"],"latest":{"LIVIDRO":-0.4},"latest_time":"2026-09-05T20:30","series":"series/5448.csv"}},{"type":"Feature","geometry":{"type":"Point","coordinates":[10.99703,44.62283]},"properties":{"scode":"12709","name":"Ponte Sant'Ambrogio","variables":["LIVIDRO"],"latest":{"LIVIDRO":0.44},"latest_time":"2026-09-05T20:30","series":"series/12709.csv"}},{"type":"Feature","geometry":{"type":"Point","coordinates":[11.03,44.53398]},"properties":{"scode":"5507","name":"Spilamberto","variables":["LIVIDRO"],"latest":{"LIVIDRO":0.82},"latest_time":"2026-09-05T20:30","series":"series/5507.csv"}},{"type":"Feature","geometry":{"type":"Point","coordinates":[10.92266,44.3566]},"properties":{"scode":"5414","name":"Ponte Samone","variables":["LIVIDRO","PREC","PREC24","PREC48"],"latest":{"LIVIDRO":-0.68,"PREC":0,"PREC24":0.0,"PREC48":0.0},"latest_time":"2026-09-05T20:30","series":"series/5414.csv"}},{"type":"Feature","geometry":{"type":"Point","coordinates":[10.79909,44.20386]},"properties":{"scode":"5503","name":"Fanano","variables":["LIVIDRO"],"latest":{"LIVIDRO":-0.47},"latest_time":"2026-09-05T20:30","series":"series/5503.csv"}},{"type":"Feature","geometry":{"type":"Point","coordinates":[10.81881,44.27258]},"properties":{"scode":"5434","name":"Ponte Val di Sasso","variables":["LIVIDRO"],"latest":{"LIVIDRO":0.72},"latest_time":"2026-09-05T20:30","series":"series/5434.csv"}},{"type":"Feature","geometry":{"type":"Point","coordinates":[10.64917,44.17934]},"properties":{"scode":"5508","name":"Fiumalbo","variables":["LIVIDRO"],"latest":{"LIVIDRO":1.31},"latest_time":"2026-09-05T20:30","series":"series/5508.csv"}},{"type":"Feature","geometry":{"type":"Point","coordinates":[10.98334,44.91082]},"properties":{"scode":"12639","name":"Concordia sulla Secchia","variables":["LIVIDRO"],"latest":{"LIVIDRO":1.26},"latest_time":"2026-09-05T20:30","series":"series/12639.csv"}},{"type":"Feature","geometry":{"type":"Point","coordinates":[10.9649,44.85676]},"properties":{"scode":"5438","name":"Pioppa","variables":["LIVIDRO"],"latest":{"LIVIDRO":1.28},"latest_time":"2026-09-05T20:30","series":"series/5438.csv"}},{"type":"Feature","geometry":{"type":"Point","coordinates":[10.98734,44.74755]},"properties":{"scode":"5340","name":"Ponte Bacchello","variables":["LIVIDRO","PREC","PREC24","PREC48"],"latest":{"LIVIDRO":1.44,"PREC":0,"PREC24":0.0,"PREC48":0.0},"latest_time":"2026-09-05T20:30","series":"series/5340.csv"}},{"type":"Feature","geometry":{"type":"Point","coordinates":[10.89934,44.66967]},"properties":{"scode":"5498","name":"Ponte Alto","variables":["LIVIDRO"],"latest":{"LIVIDRO":0.25},"latest_time":"2026-09-05T20:30","series":"series/5498.csv"}},{"type":"Feature","geometry":{"type":"Point","coordinates":[10.83651,44.5345]},"properties":{"scode":"53222","name":"Fiorano","variables":["LIVIDRO"],"latest":{"LIVIDRO":0.29},"latest_time":"2026-09-05T20:30","series":"series/53222.csv"}},{"type":"Feature","geometry":{"type":"Point","coordinates":[10.79,44.64804]},"properties":{"scode":"5516","name":"Rubiera Tresinaro","variables":["LIVIDRO"],"latest":{"LIVIDRO":0.68},"latest_time":"2026-09-05T20:30","series":"series/5516.csv"}},{"type":"Feature","geometry":{"type":"Point","coordinates":[10.67689,44.5955]},"properties":{"scode":"5570","name":"Ca' de Caroli","variables":["LIVIDRO","PREC","PREC24","PREC48"],"latest":{"LIVIDRO":-0.14,"PREC":0,"PREC24":0.0,"PREC48":0.0},"latest_time":"2026-09-05T20:30","series":"series/5570.csv"}},{"type":"Feature","geometry":{"type":"Point","coordinates":[10.63556,44.54575]},"properties":{"scode":"53221","name":"Borgo Visignolo","variables":["LIVIDRO"],"latest":{"LIVIDRO":-0.23},"latest_time":"2026-09-05T20:30","series":"series/53221.csv"}},{"type":"Feature","geometry":{"type":"Point","coordinates":[10.66763,44.43004]},"properties":{"scode":"5500","name":"Rossenna","variables":["LIVIDRO"],"latest":{"LIVIDRO":-0.32},"latest_time":"2026-09-05T20:30","series":"series/5500.csv"}},{"type":"Feature","geometry":{"type":"Point","coordinates":[10.61366,44.37378]},"properties":{"scode":"5435","name":"Ponte Dolo","variables":["LIVIDRO"],"latest":{"LIVIDRO":0.77},"latest_time":"2026-09-05T20:30","series":"series/5435.csv"}},{"type":"Feature","geometry":{"type":"Point","coordinates":[10.79554,44.65039]},"properties":{"scode":"5505","name":"Rubiera SS9","variables":["LIVIDRO"],"latest":{"LIVIDRO":0.34},"latest_time":"2026-09-05T20:30","series":"series/5505.csv"}},{"type":"Feature","geometry":{"type":"Point","coordinates":[10.65365,44.43329]},"properties":{"scode":"5411","name":"Lugo","variables":["LIVIDRO"],"latest":{"LIVIDRO":-0.45},"latest_time":"2026-09-05T20:30","series":"series/5411.csv"}},{"type":"Feature","geometry":{"type":"Point","coordinates":[10.52302,44.40934]},"properties":{"scode":"5422","name":"Ponte Cavola","variables":["CDD","ET0","GDD","HDD","LIVIDRO","PREC","PREC24","PREC48","TEMP"],"latest":{"CDD":3.8,"ET0":5.53,"GDD":14.6,"HDD":0.0,"LIVIDRO":-2.15,"PREC":0,"PREC24":0.0,"PREC48":0.0,"TEMP":25.4},"latest_time":"2026-09-05T20:30","series":"series/5422.csv"}},{"type":"Feature","geometry":{"type":"Point","coordinates":[10.46619,44.40299]},"properties":{"scode":"5473","name":"Gatta","variables":["LIVIDRO"],"latest":{"LIVIDRO":-0.06},"latest_time":"2026-09-05T20:30","series":"series/5473.csv"}},{"type":"Feature","geometry":{"type":"Point","coordinates":[10.63976,44.85363]},"properties":{"scode":"5523","name":"S. Vittoria","variables":["LIVIDRO"],"latest":{"LIVIDRO":0.54},"latest_time":"2026-09-05T20:30","series":"series/5523.csv"}},{"type":"Feature","geometry":{"type":"Point","coordinates":[10.58119,44.7788]},"properties":{"scode":"5511","name":"Cadelbosco","variables":["LIVIDRO"],"latest":{"LIVIDRO":0.96},"latest_time":"2026-09-05T20:30","series":"series/5511.csv"}},{"type":"Feature","geometry":{"type":"Point","coordinates":[10.59917,44.65546]},"properties":{"scode":"3205","name":"Rivalta RE","variables":["LIVIDRO"],"latest":{"LIVIDRO":-2.38},"latest_time":"2026-09-05T20:30","series":"series/3205.csv"}},{"type":"Feature","geometry":{"type":"Point","coordinates":[10.56793,44.62402]},"properties":{"scode":"5514","name":"Puianello","variables":["LIVIDRO"],"latest":{"LIVIDRO":0.6},"latest_time":"2026-09-05T20:30","series":"series/5514.csv"}},{"type":"Feature","geometry":{"type":"Point","coordinates":[10.35273,44.52437]},"properties":{"scode":"3179","name":"Compiano","variables":["LIVIDRO"],"latest":{"LIVIDRO":1.04},"latest_time":"2026-09-05T20:30","series":"series/3179.csv"}},{"type":"Feature","geometry":{"type":"Point","coordinates":[10.45405,44.84397]},"properties":{"scode":"5522","name":"Sorbolo","variables":["LIVIDRO"],"latest":{"LIVIDRO":2.25},"latest_time":"2026-09-05T20:30","series":"series/5522.csv"}},{"type":"Feature","geometry":{"type":"Point","coordinates":[10.3551,44.53261]},"properties":{"scode":"13035","name":"Cedogno","variables":["LIVIDRO"],"latest":{"LIVIDRO":0.38},"latest_time":"2026-09-05T20:30","series":"series/13035.csv"}},{"type":"Feature","geometry":{"type":"Point","coordinates":[10.32998,44.49342]},"properties":{"scode":"5519","name":"Vetto","variables":["LIVIDRO","PREC","PREC24","PREC48"],"latest":{"LIVIDRO":0.04,"PREC":0,"PREC24":-0.0,"PREC48":-0.0},"latest_time":"2026-09-05T20:30","series":"series/5519.csv"}},{"type":"Feature","geometry":{"type":"Point","coordinates":[10.32527,44.46697]},"properties":{"scode":"5518","name":"Lonza","variables":["LIVIDRO"],"latest":{"LIVIDRO":0.47},"latest_time":"2026-09-05T20:30","series":"series/5518.csv"}},{"type":"Feature","geometry":{"type":"Point","coordinates":[10.37523,44.93058]},"properties":{"scode":"12635","name":"Colorno AIPO","variables":["LIVIDRO"],"latest":{"LIVIDRO":0.61},"latest_time":"2026-09-05T20:30","series":"series/12635.csv"}},{"type":"Feature","geometry":{"type":"Point","coordinates":[10.32468,44.80548]},"properties":{"scode":"5551","name":"Parma Ponte Verdi","variables":["LIVIDRO"],"latest":{"LIVIDRO":0.19},"latest_time":"2026-09-05T20:30","series":"series/5551.csv"}},{"type":"Feature","geometry":{"type":"Point","coordinates":[10.32641,44.78472]},"properties":{"scode":"53220","name":"Ponte Dattaro","variables":["LIVIDRO"],"latest":{"LIVIDRO":0.38},"latest_time":"2026-09-05T20:30","series":"series/53220.csv"}},{"type":"Feature","geometry":{"type":"Point","coordinates":[10.3431,44.73816]},"properties":{"scode":"14595","name":"Parma cassa invaso CAE","variables":["LIVIDRO"],"latest":{"LIVIDRO":91.05},"latest_time":"2026-09-05T20:30","series":"series/14595.csv"}},{"type":"Feature","geometry":{"type":"Point","coordinates":[10.27386,44.61239]},"properties":{"scode":"5477","name":"Langhirano idro","variables":["LIVIDRO"],"latest":{"LIVIDRO":1.52},"latest_time":"2026-09-05T20:30","series":"series/5477.csv"}},{"type":"Feature","geometry":{"type":"Point","coordinates":[10.22669,44.56355]},"properties":{"scode":"53218","name":"Capoponte","variables":["LIVIDRO"],"latest":{"LIVIDRO":1.03},"latest_time":"2026-09-05T20:30","series":"series/53218.csv"}},{"type":"Feature","geometry":{"type":"Point","coordinates":[10.0995,44.48728]},"properties":{"scode":"3174","name":"Corniglio","variables":["LIVIDRO"],"latest":{"LIVIDRO":0.68},"latest_time":"2026-09-05T20:30","series":"series/3174.csv"}},{"type":"Feature","geometry":{"type":"Point","coordinates":[10.07314,44.48194]},"properties":{"scode":"53219","name":"Ponte degli Alpini","variables":["LIVIDRO"],"latest":{"LIVIDRO":0.24},"latest_time":"2026-09-05T20:30","series":"series/53219.csv"}},{"type":"Feature","geometry":{"type":"Point","coordinates":[10.31883,44.79011]},"properties":{"scode":"5478","name":"Parma Ponte Nuovo","variables":["LIVIDRO"],"latest":{"LIVIDRO":0.42},"latest_time":"2026-09-05T20:30","series":"series/5478.csv"}},{"type":"Feature","geometry":{"type":"Point","coordinates":[9.99307,44.50358]},"properties":{"scode":"3776","name":"Berceto Baganza","variables":["LIVIDRO"],"latest":{"LIVIDRO":0.03},"latest_time":"2026-09-05T20:30","series":"series/3776.csv"}},{"type":"Feature","geometry":{"type":"Point","coordinates":[10.16946,44.80862]},"properties":{"scode":"5493","name":"Noceto","variables":["LIVIDRO"],"latest":{"LIVIDRO":-0.99},"latest_time":"2026-09-05T20:30","series":"series/5493.csv"}},{"type":"Feature","geometry":{"type":"Point","coordinates":[10.10614,44.88287]},"properties":{"scode":"5533","name":"Toccalmatto","variables":["LIVIDRO"],"latest":{"LIVIDRO":0.5},"latest_time":"2026-09-05T20:30","series":"series/5533.csv"}},{"type":"Feature","geometry":{"type":"Point","coordinates":[10.11014,44.91614]},"properties":{"scode":"5532","name":"Castellina di Soragna","variables":["LIVIDRO"],"latest":{"LIVIDRO":0.6},"latest_time":"2026-09-05T20:30","series":"series/5532.csv"}},{"type":"Feature","geometry":{"type":"Point","coordinates":[9.91691,44.82072]},"properties":{"scode":"3170","name":"Vigoleno","variables":["LIVIDRO"],"latest":{"LIVIDRO":1.25},"latest_time":"2026-09-05T20:30","series":"series/3170.csv"}},{"type":"Feature","geometry":{"type":"Point","coordinates":[9.98511,44.81497]},"properties":{"scode":"5539","name":"Salsomaggiore sul Ghiara","variables":["LIVIDRO"],"latest":{"LIVIDRO":0.64},"latest_time":"2026-09-05T20:30","series":"series/5539.csv"}},{"type":"Feature","geometry":{"type":"Point","coordinates":[10.22464,44.82263]},"properties":{"scode":"5492","name":"Parma Ovest","variables":["LIVIDRO"],"latest":{"LIVIDRO":0.66},"latest_time":"2026-09-05T20:30","series":"series/5492.csv"}},{"type":"Feature","geometry":{"type":"Point","coordinates":[10.09637,44.69524]},"properties":{"scode":"5534","name":"Fornovo","variables":["LIVIDRO"],"latest":{"LIVIDRO":0.25},"latest_time":"2026-09-05T20:30","series":"series/5534.csv"}},{"type":"Feature","geometry":{"type":"Point","coordinates":[9.84219,44.51406]},"properties":{"scode":"3172","name":"Ostia Parmense","variables":["CDD","ET0","GDD","HDD","LIVIDRO","PREC","PREC24","PREC48","TEMP"],"latest":{"CDD":4.5,"ET0":4.48,"GDD":15.1,"HDD":0.0,"LIVIDRO":0.45,"PREC":0,"PREC24":0.0,"PREC48":0.0,"TEMP":24.7},"latest_time":"2026-09-05T20:30","series":"series/3172.csv"}},{"type":"Feature","geometry":{"type":"Point","coordinates":[9.73773,44.47476]},"properties":{"scode":"3798","name":"Pradella","variables":["LIVIDRO"],"latest":{"LIVIDRO":-0.5},"latest_time":"2026-09-05T20:30","series":"series/3798.csv"}},{"type":"Feature","geometry":{"type":"Point","coordinates":[9.63055,44.49151]},"properties":{"scode":"5491","name":"Tornolo","variables":["LIVIDRO"],"latest":{"LIVIDRO":0.85},"latest_time":"2026-09-05T20:30","series":"series/5491.csv"}},{"type":"Feature","geometry":{"type":"Point","coordinates":[9.8121,44.65098]},"properties":{"scode":"3795","name":"Ponte Lamberti","variables":["LIVIDRO"],"latest":{"LIVIDRO":0.38},"latest_time":"2026-09-05T20:30","series":"series/3795.csv"}},{"type":"Feature","geometry":{"type":"Point","coordinates":[9.60321,44.54027]},"properties":{"scode":"11837","name":"Ponteceno","variables":["LIVIDRO"],"latest":{"LIVIDRO":-0.5},"latest_time":"2026-09-05T20:30","series":"series/11837.csv"}},{"type":"Feature","geometry":{"type":"Point","coordinates":[9.99518,44.88517]},"properties":{"scode":"53217","name":"Alseno","variables":["LIVIDRO"],"latest":{"LIVIDRO":0.01},"latest_time":"2026-09-05T20:30","series":"series/53217.csv"}},{"type":"Feature","geometry":{"type":"Point","coordinates":[9.90647,44.93026]},"properties":{"scode":"12462","name":"Fiorenzuola d'Arda","variables":["LIVIDRO"],"latest":{"LIVIDRO":0.5},"latest_time":"2026-09-05T20:30","series":"series/12462.csv"}},{"type":"Feature","geometry":{"type":"Point","coordinates":[9.8717,44.85147]},"properties":{"scode":"53131","name":"Castell'Arquato","variables":["LIVIDRO"],"latest":{"LIVIDRO":0.33},"latest_time":"2026-09-05T20:30","series":"series/53131.csv"}},{"type":"Feature","geometry":{"type":"Point","coordinates":[9.77587,44.75198]},"properties":{"scode":"5531","name":"Case Bonini","variables":["LIVIDRO","PREC","PREC24","PREC48"],"latest":{"LIVIDRO":0.28,"PREC":0,"PREC24":0.0,"PREC48":0.0},"latest_time":"2026-09-05T20:30","series":"series/5531.csv"}},{"type":"Feature","geometry":{"type":"Point","coordinates":[9.86695,44.9921]},"properties":{"scode":"5488","name":"Saliceto","variables":["LIVIDRO"],"latest":{"LIVIDRO":0.68},"latest_time":"2026-09-05T20:30","series":"series/5488.csv"}},{"type":"Feature","geometry":{"type":"Point","coordinates":[9.84224,44.87817]},"properties":{"scode":"53088","name":"Vigolo Marchese","variables":["LIVIDRO"],"latest":{"LIVIDRO":0.21},"latest_time":"2026-09-05T20:30","series":"series/53088.csv"}},{"type":"Feature","geometry":{"type":"Point","coordinates":[9.81353,44.90883]},"properties":{"scode":"5489","name":"Ciriano","variables":["LIVIDRO"],"latest":{"LIVIDRO":0.47},"latest_time":"2026-09-05T20:30","series":"series/5489.csv"}},{"type":"Feature","geometry":{"type":"Point","coordinates":[9.79735,44.94252]},"properties":{"scode":"5530","name":"Montanaro","variables":["LIVIDRO"],"latest":{"LIVIDRO":0.24},"latest_time":"2026-09-05T20:30","series":"series/5530.csv"}},{"type":"Feature","geometry":{"type":"Point","coordinates":[9.72244,44.86971]},"properties":{"scode":"5526","name":"Veggiola","variables":["LIVIDRO"],"latest":{"LIVIDRO":0.97},"latest_time":"2026-09-05T20:30","series":"series/5526.csv"}},{"type":"Feature","geometry":{"type":"Point","coordinates":[9.64372,44.87398]},"properties":{"scode":"3794","name":"Ponte dell'Olio","variables":["LIVIDRO"],"latest":{"LIVIDRO":0.1},"latest_time":"2026-09-05T20:30","series":"series/3794.csv"}},{"type":"Feature","geometry":{"type":"Point","coordinates":[9.56966,44.71211]},"properties":{"scode":"3173","name":"Farini","variables":["LIVIDRO","PREC","PREC24","PREC48"],"latest":{"LIVIDRO":1.09,"PREC":0,"PREC24":0.0,"PREC48":0.0},"latest_time":"2026-09-05T20:30","series":"series/3173.csv"}},{"type":"Feature","geometry":{"type":"Point","coordinates":[9.58211,44.90039]},"properties":{"scode":"5490","name":"Rivergaro","variables":["LIVIDRO"],"latest":{"LIVIDRO":-0.27},"latest_time":"2026-09-05T20:30","series":"series/5490.csv"}},{"type":"Feature","geometry":{"type":"Point","coordinates":[9.38369,44.7551]},"properties":{"scode":"5301","name":"Bobbio","variables":["CDD","ET0","GDD","HDD","LIVIDRO","PREC","PREC24","PREC48","TEMP"],"latest":{"CDD":6.0,"ET0":5.2,"GDD":17.6,"HDD":0.0,"LIVIDRO":0.39,"PREC":0,"PREC24":0.0,"PREC48":0.0,"TEMP":28.4},"latest_time":"2026-09-05T20:30","series":"series/5301.csv"}},{"type":"Feature","geometry":{"type":"Point","coordinates":[9.37863,44.71112]},"properties":{"scode":"12480","name":"Marsaglia","variables":["LIVIDRO"],"latest":{"LIVIDRO":0.82},"latest_time":"2026-09-05T20:30","series":"series/12480.csv"}},{"type":"Feature","geometry":{"type":"Point","coordinates":[9.33012,44.64025]},"properties":{"scode":"5416","name":"Trebbia Valsigiara","variables":["CDD","ET0","GDD","HDD","LIVIDRO","PREC","PREC24","PREC48","TEMP"],"latest":{"CDD":2.5,"ET0":4.44,"GDD":13.6,"HDD":0.0,"LIVIDRO":-0.19,"PREC":0,"PREC24":0.0,"PREC48":0.0,"TEMP":23.8},"latest_time":"2026-09-05T20:30","series":"series/5416.csv"}},{"type":"Feature","geometry":{"type":"Point","coordinates":[9.40532,44.63271]},"properties":{"scode":"5487","name":"Salsominore","variables":["CDD","ET0","GDD","HDD","LIVIDRO","PREC","PREC24","PREC48","TEMP"],"latest":{"CDD":4.5,"ET0":4.51,"GDD":15.8,"HDD":0.0,"LIVIDRO":1.13,"PREC":0,"PREC24":0.0,"PREC48":0.0,"TEMP":26.2},"latest_time":"2026-09-05T20:30","series":"series/5487.csv"}},{"type":"Feature","geometry":{"type":"Point","coordinates":[9.34647,44.4952]},"properties":{"scode":"5561","name":"Cabanne","variables":["CDD","ET0","GDD","HDD","LIVIDRO","PREC","PREC24","PREC48","TEMP"],"latest":{"CDD":0.0,"ET0":4.0,"GDD":7.3,"HDD":0.3,"LIVIDRO":-0.38,"PREC":0,"PREC24":0.2,"PREC48":0.2,"TEMP":20.6},"latest_time":"2026-09-05T20:30","series":"series/5561.csv"}},{"type":"Feature","geometry":{"type":"Point","coordinates":[9.52977,45.05668]},"properties":{"scode":"5486","name":"Rottofreno","variables":["LIVIDRO"],"latest":{"LIVIDRO":-0.02},"latest_time":"2026-09-05T20:30","series":"series/5486.csv"}},{"type":"Feature","geometry":{"type":"Point","coordinates":[9.44062,44.96427]},"properties":{"scode":"5485","name":"Pianello Val Tidone idro","variables":["LIVIDRO"],"latest":{"LIVIDRO":-0.15},"latest_time":"2026-09-05T20:30","series":"series/5485.csv"}},{"type":"Feature","geometry":{"type":"Point","coordinates":[9.33274,44.90506]},"properties":{"scode":"5525","name":"Ponte Nibbiano","variables":["LIVIDRO"],"latest":{"LIVIDRO":-0.05},"latest_time":"2026-09-05T20:30","series":"series/5525.csv"}},{"type":"Feature","geometry":{"type":"Point","coordinates":[9.33395,44.9054]},"properties":{"scode":"13036","name":"Ponte Nibbiano Tidoncello","variables":["LIVIDRO"],"latest":{"LIVIDRO":0.48},"latest_time":"2026-09-05T20:30","series":"series/13036.csv"}},{"type":"Feature","geometry":{"type":"Point","coordinates":[9.53778,45.01694]},"properties":{"scode":"12996","name":"Luretta","variables":["LIVIDRO"],"latest":{"LIVIDRO":0.99},"latest_time":"2026-09-05T20:30","series":"series/12996.csv"}},{"type":"Feature","geometry":{"type":"Point","coordinates":[12.12215,44.9429]},"properties":{"scode":"5420","name":"Ariano","variables":["LIVIDRO"],"latest":{"LIVIDRO":-1.22},"latest_time":"2026-09-05T20:30","series":"series/5420.csv"}},{"type":"Feature","geometry":{"type":"Point","coordinates":[11.60807,44.8883]},"properties":{"scode":"5393","name":"Pontelagoscuro","variables":["CDD","ET0","GDD","HDD","LIVIDRO","PREC","PREC24","PREC48","TEMP"],"latest":{"CDD":5.2,"ET0":4.47,"GDD":16.6,"HDD":0.0,"LIVIDRO":-5.9,"PREC":0,"PREC24":0.0,"PREC48":0.0,"TEMP":26.8},"latest_time":"2026-09-05T20:30","series":"series/5393.csv"}},{"type":"Feature","geometry":{"type":"Point","coordinates":[11.44087,44.92781]},"properties":{"scode":"3099","name":"Opera Po","variables":["LIVIDRO","PREC","PREC24","PREC48"],"latest":{"LIVIDRO":5.35,"PREC":0,"PREC24":0.0,"PREC48":0.0},"latest_time":"2026-09-05T20:30","series":"series/3099.csv"}},{"type":"Feature","geometry":{"type":"Point","coordinates":[10.55893,44.90633]},"properties":{"scode":"3028","name":"Boretto","variables":["LIVIDRO","PREC","PREC24","PREC48"],"latest":{"LIVIDRO":-2.72,"PREC":0,"PREC24":0.0,"PREC48":0.0},"latest_time":"2026-09-05T20:30","series":"series/3028.csv"}},{"type":"Feature","geometry":{"type":"Point","coordinates":[9.70554,45.06052]},"properties":{"scode":"5417","name":"Piacenza","variables":["LIVIDRO"],"latest":{"LIVIDRO":-0.39},"latest_time":"2026-09-05T20:30","series":"series/5417.csv"}},{"type":"Feature","geometry":{"type":"Point","coordinates":[11.26869,44.33434]},"properties":{"scode":"53428","name":"Ponte via Allocco","variables":["LIVIDRO"],"latest":{"LIVIDRO":4.54},"latest_time":"2026-09-05T20:30","series":"series/53428.csv"}},{"type":"Feature","geometry":{"type":"Point","coordinates":[11.4218,44.63566]},"properties":{"scode":"53426","name":"Bentivoglio Navile","variables":["LIVIDRO"],"latest":{"LIVIDRO":0.52},"latest_time":"2026-09-05T20:30","series":"series/53426.csv"}},{"type":"Feature","geometry":{"type":"Point","coordinates":[11.52949,44.7179]},"properties":{"scode":"53427","name":"Malalbergo Navile","variables":["LIVIDRO"],"latest":{"LIVIDRO":0.69},"latest_time":"2026-09-05T20:30","series":"series/53427.csv"}},{"type":"Feature","geometry":{"type":"Point","coordinates":[11.55854,44.69078]},"properties":{"scode":"53429","name":"Boschi Baricella","variables":["LIVIDRO"],"latest":{"LIVIDRO":0.13},"latest_time":"2026-09-05T20:30","series":"series/53429.csv"}},{"type":"Feature","geometry":{"type":"Point","coordinates":[11.41434,44.883]},"properties":{"scode":"5367","name":"Bondeno Panaro","variables":["LIVIDRO"],"latest":{"LIVIDRO":7.39},"latest_time":"2026-09-05T09:15","series":"series/5367.csv"}},{"type":"Feature","geometry":{"type":"Point","coordinates":[9.288,44.90709]},"properties":{"scode":"53238","name":"Molato Diga Monte","variables":["LIVIDRO"],"latest":{"LIVIDRO":333.4},"latest_time":"2026-09-05T20:30","series":"series/53238.csv"}},{"type":"Feature","geometry":{"type":"Point","coordinates":[9.99531,45.02029]},"properties":{"scode":"53086","name":"Villanova","variables":["LIVIDRO"],"latest":{"LIVIDRO":36.38},"latest_time":"2026-09-05T20:30","series":"series/53086.csv"}},{"type":"Feature","geometry":{"type":"Point","coordinates":[9.80053,44.77138]},"properties":{"scode":"14023","name":"Mignano Diga","variables":["LIVIDRO"],"latest":{"LIVIDRO":312.72},"latest_time":"2026-09-05T20:30","series":"series/14023.csv"}},{"type":"Feature","geometry":{"type":"Point","coordinates":[8.09972,45.17917]},"properties":{"scode":"5387","name":"Crescentino Po","variables":["LIVIDRO"],"latest":{"LIVIDRO":0},"latest_time":"2026-09-05T03:15","series":"series/5387.csv"}},{"type":"Feature","geometry":{"type":"Point","coordinates":[11.69647,44.43479]},"properties":{"scode":"2990","name":"Molinetto","variables":["PREC","PREC24","PREC48"],"latest":{"PREC":0,"PREC24":0.0,"PREC48":0.0},"latest_time":"2026-09-05T20:30","series":"series/2990.csv"}},{"type":"Feature","geometry":{"type":"Point","coordinates":[10.40611,44.66361]},"properties":{"scode":"14030","name":"Termina","variables":["PREC","PREC24","PREC48"],"latest":{"PREC":0,"PREC24":0.0,"PREC48":0.0},"latest_time":"2026-09-05T20:30","series":"series/14030.csv"}},{"type":"Feature","geometry":{"type":"Point","coordinates":[10.40761,44.62255]},"properties":{"scode":"12712","name":"Guardasone","variables":["PREC","PREC24","PREC48"],"latest":{"PREC":0,"PREC24":0.0,"PREC48":0.0},"latest_time":"2026-09-05T20:30","series":"series/12712.csv"}},{"type":"Feature","geometry":{"type":"Point","coordinates":[10.2712,44.34476]},"properties":{"scode":"5412","name":"Collagna","variables":["CDD","ET0","GDD","HDD","PREC","PREC24","PREC48","TEMP"],"latest":{"CDD":5.3,"ET0":3.1,"GDD":16.4,"HDD":0.0,"PREC":0,"PREC24":0.0,"PREC48":0.0,"TEMP":23.8},"latest_time":"2026-09-05T20:30","series":"series/5412.csv"}},{"type":"Feature","geometry":{"type":"Point","coordinates":[10.04746,44.47342]},"properties":{"scode":"3022","name":"Marra","variables":["CDD","ET0","GDD","HDD","PREC","PREC24","PREC48","TEMP"],"latest":{"CDD":2.1,"ET0":4.56,"GDD":12.4,"HDD":0.0,"PREC":0,"PREC24":-0.0,"PREC48":0.2,"TEMP":20.4},"latest_time":"2026-09-05T20:30","series":"series/3022.csv"}},{"type":"Feature","geometry":{"type":"Point","coordinates":[10.80903,44.11918]},"properties":{"scode":"12461","name":"Lago Scaffaiolo","variables":["CDD","ET0","GDD","HDD","PREC","PREC24","PREC48","TEMP","VVENTO"],"latest":{"CDD":0.0,"ET0":1.81,"GDD":7.1,"HDD":1.0,"PREC":0,"PREC24":0.0,"PREC48":0.0,"TEMP":18.5,"VVENTO":2.7},"latest_time":"2026-09-05T20:30","series":"series/12461.csv"}},{"type":"Feature","geometry":{"type":"Point","coordinates":[12.44649,43.93753]},"properties":{"scode":"11105","name":"S. Marino","variables":["CDD","ET0","GDD","HDD","PREC","PREC24","PREC48","TEMP"],"latest":{"CDD":6.7,"ET0":3.18,"GDD":17.8,"HDD":0.0,"PREC":0,"PREC24":0.0,"PREC48":0.0,"TEMP":26.7},"latest_time":"2026-09-05T20:30","series":"series/11105.csv"}},{"type":"Feature","geometry":{"type":"Point","coordinates":[11.2686,44.6539]},"properties":{"scode":"12721","name":"Cassa Dosolo","variables":["CDD","ET0","GDD","HDD","PREC","PREC24","PREC48","TAPP","TDEW","TEMP","UMID","VPD","VVENTO"],"latest":{"CDD":7.4,"ET0":5.06,"GDD":18.0,"HDD":0.0,"PREC":0,"PREC24":0.0,"PREC48":0.0,"TAPP":32.8,"TDEW":17.4,"TEMP":31.5,"UMID":43,"VPD":2.635,"VVENTO":1.7},"latest_time":"2026-09-05T20:30","series":"series/12721.csv"}},{"type":"Feature","geometry":{"type":"Point","coordinates":[11.69139,44.14833]},"properties":{"scode":"12997","name":"S. Cassiano sul Lamone","variables":["CDD","ET0","GDD","HDD","PREC","PREC24","PREC48","TEMP"],"latest":{"CDD":6.1,"ET0":5.15,"GDD":15.9,"HDD":0.0,"PREC":0,"PREC24":0.0,"PREC48":0.0,"TEMP":25.1},"latest_time":"2026-09-05T20:30","series":"series/12997.csv"}},{"type":"Feature","geometry":{"type":"Point","coordinates":[11.65006,44.64899]},"properties":{"scode":"2985","name":"Alberino","variables":["PREC","PREC24","PREC48"],"latest":{"PREC":0,"PREC24":0.0,"PREC48":0.0},"latest_time":"2026-09-05T20:30","series":"series/2985.csv"}},{"type":"Feature","geometry":{"type":"Point","coordinates":[9.59791,44.69632]},"properties":{"scode":"11109","name":"Groppallo","variables":["PREC","PREC24","PREC48"],"latest":{"PREC":0,"PREC24":0.0,"PREC48":0.0},"latest_time":"2026-09-05T20:30","series":"series/11109.csv"}},{"type":"Feature","geometry":{"type":"Point","coordinates":[11.3671,44.67466]},"properties":{"scode":"2986","name":"S. Giorgio Deserto","variables":["PREC","PREC24","PREC48"],"latest":{"PREC":0,"PREC24":0.0,"PREC48":0.0},"latest_time":"2026-09-05T20:30","series":"series/2986.csv"}},{"type":"Feature","geometry":{"type":"Point","coordinates":[11.52265,44.71796]},"properties":{"scode":"2989","name":"Malalbergo","variables":["PREC","PREC24","PREC48"],"latest":{"PREC":0,"PREC24":0.0,"PREC48":0.0},"latest_time":"2026-09-05T20:30","series":"series/2989.csv"}},{"type":"Feature","geometry":{"type":"Point","coordinates":[10.01528,44.52611]},"properties":{"scode":"14328","name":"Fugazzolo","variables":["PREC","PREC24","PREC48"],"latest":{"PREC":0,"PREC24":0.0,"PREC48":0.0},"latest_time":"2026-09-05T20:30","series":"series/14328.csv"}},{"type":"Feature","geometry":{"type":"Point","coordinates":[10.57724,44.19428]},"properties":{"scode":"3012","name":"Pievepelago","variables":["CDD","ET0","GDD","HDD","PREC","PREC24","PREC48","TEMP"],"latest":{"CDD":2.2,"ET0":3.01,"GDD":13.6,"HDD":0.0,"PREC":0,"PREC24":0.0,"PREC48":0.0,"TEMP":20.8},"latest_time":"2026-09-05T20:30","series":"series/3012.csv"}},{"type":"Feature","geometry":{"type":"Point","coordinates":[10.82826,44.31957]},"properties":{"scode":"3013","name":"Pavullo","variables":["CDD","ET0","GDD","HDD","PREC","PREC24","PREC48","TEMP"],"latest":{"CDD":6.2,"ET0":4.18,"GDD":17.2,"HDD":0.0,"PREC":0,"PREC24":0.0,"PREC48":0.0,"TEMP":22.7},"latest_time":"2026-09-05T20:30","series":"series/3013.csv"}},{"type":"Feature","geometry":{"type":"Point","coordinates":[10.16217,44.42836]},"properties":{"scode":"3020","name":"Isola Palanzano","variables":["CDD","ET0","GDD","HDD","PREC","PREC24","PREC48","TEMP"],"latest":{"CDD":0.0,"ET0":4.56,"GDD":12.1,"HDD":0.0,"PREC":0,"PREC24":0.0,"PREC48":0.0,"TEMP":20.7},"latest_time":"2026-09-05T20:30","series":"series/3020.csv"}},{"type":"Feature","geometry":{"type":"Point","coordinates":[10.26109,44.60414]},"properties":{"scode":"3024","name":"Langhirano","variables":["PREC","PREC24","PREC48","UMID"],"latest":{"PREC":0,"PREC24":0.0,"PREC48":0.0,"UMID":51},"latest_time":"2026-09-05T20:30","series":"series/3024.csv"}},{"type":"Feature","geometry":{"type":"Point","coordinates":[11.87238,44.07186]},"properties":{"scode":"3029","name":"Monte Grosso","variables":["CDD","ET0","GDD","HDD","PREC","PREC24","PREC48","TEMP"],"latest":{"CDD":5.0,"ET0":3.57,"GDD":16.4,"HDD":0.0,"PREC":0,"PREC24":0.0,"PREC48":0.0,"TEMP":24.9},"latest_time":"2026-09-05T20:30","series":"series/3029.csv"}},{"type":"Feature","geometry":{"type":"Point","coordinates":[11.73784,44.22699]},"properties":{"scode":"3030","name":"Rontana","variables":["CDD","ET0","GDD","HDD","PREC","PREC24","PREC48","TEMP"],"latest":{"CDD":7.6,"ET0":4.37,"GDD":18.9,"HDD":0.0,"PREC":0,"PREC24":0.0,"PREC48":0.0,"TEMP":26.7},"latest_time":"2026-09-05T20:30","series":"series/3030.csv"}},{"type":"Feature","geometry":{"type":"Point","coordinates":[12.03572,43.84597]},"properties":{"scode":"3031","name":"Corsicchie","variables":["CDD","ET0","GDD","HDD","PREC","PREC24","PREC48","TEMP"],"latest":{"CDD":2.9,"ET0":3.6,"GDD":14.9,"HDD":0.0,"PREC":0,"PREC24":0.0,"PREC48":0.0,"TEMP":21.2},"latest_time":"2026-09-05T20:30","series":"series/3031.csv"}},{"type":"Feature","geometry":{"type":"Point","coordinates":[11.78709,43.98494]},"properties":{"scode":"53134","name":"Premilcuore","variables":["CDD","ET0","GDD","HDD","PREC","PREC24","PREC48","TDEW","TEMP","UMID","VPD"],"latest":{"CDD":6.9,"ET0":4.13,"GDD":17.5,"HDD":0.0,"PREC":0,"PREC24":0.0,"PREC48":0.0,"TDEW":16.4,"TEMP":24.4,"UMID":61,"VPD":1.192},"latest_time":"2026-09-05T20:30","series":"series/53134.csv"}},{"type":"Feature","geometry":{"type":"Point","coordinates":[11.19663,44.55208]},"properties":{"scode":"5316","name":"Anzola","variables":["PREC","PREC24","PREC48"],"latest":{"PREC":0,"PREC24":0.0,"PREC48":0.0},"latest_time":"2026-09-05T20:30","series":"series/5316.csv"}},{"type":"Feature","geometry":{"type":"Point","coordinates":[12.20682,44.08571]},"properties":{"scode":"3048","name":"Roversano","variables":["CDD","ET0","GDD","HDD","PREC","PREC24","PREC48","TEMP"],"latest":{"CDD":8.0,"ET0":5.54,"GDD":18.1,"HDD":0.0,"PREC":0,"PREC24":0.0,"PREC48":0.0,"TEMP":28.7},"latest_time":"2026-09-05T20:30","series":"series/3048.csv"}},{"type":"Feature","geometry":{"type":"Point","coordinates":[11.5135,44.12973]},"properties":{"scode":"3049","name":"Bibbiana","variables":["CDD","ET0","GDD","HDD","PREC","PREC24","PREC48","TEMP"],"latest":{"CDD":4.7,"ET0":3.09,"GDD":16.2,"HDD":0.0,"PREC":0,"PREC24":0.0,"PREC48":0.0,"TEMP":23.2},"latest_time":"2026-09-05T20:30","series":"series/3049.csv"}},{"type":"Feature","geometry":{"type":"Point","coordinates":[10.72977,44.34365]},"properties":{"scode":"5541","name":"Polinago","variables":["CDD","ET0","GDD","HDD","PREC","PREC24","PREC48","TEMP"],"latest":{"CDD":5.9,"ET0":3.37,"GDD":17.1,"HDD":0.0,"PREC":0,"PREC24":-0.0,"PREC48":-0.0,"TEMP":26.6},"latest_time":"2026-09-05T20:30","series":"series/5541.csv"}},{"type":"Feature","geometry":{"type":"Point","coordinates":[9.49708,44.81869]},"properties":{"scode":"5545","name":"Perino","variables":["PREC","PREC24","PREC48"],"latest":{"PREC":0,"PREC24":0.0,"PREC48":0.0},"latest_time":"2026-09-05T20:30","series":"series/5545.csv"}},{"type":"Feature","geometry":{"type":"Point","coordinates":[9.23776,44.87116]},"properties":{"scode":"5547","name":"Valverde","variables":["PREC","PREC24","PREC48"],"latest":{"PREC":0,"PREC24":0.0,"PREC48":0.0},"latest_time":"2026-09-05T20:30","series":"series/5547.csv"}},{"type":"Feature","geometry":{"type":"Point","coordinates":[9.88653,44.5688]},"properties":{"scode":"5549","name":"Mormorola","variables":["CDD","ET0","GDD","HDD","PREC","PREC24","PREC48","TEMP"],"latest":{"CDD":5.1,"ET0":3.78,"GDD":16.1,"HDD":0.0,"PREC":0,"PREC24":0.0,"PREC48":0.0,"TEMP":24.4},"latest_time":"2026-09-05T20:30","series":"series/5549.csv"}},{"type":"Feature","geometry":{"type":"Point","coordinates":[10.57014,44.34987]},"properties":{"scode":"5410","name":"Farneta","variables":["CDD","ET0","GDD","HDD","PREC","PREC24","PREC48","TEMP"],"latest":{"CDD":5.9,"ET0":4.13,"GDD":16.9,"HDD":0.0,"PREC":0,"PREC24":0.0,"PREC48":0.0,"TEMP":26.4},"latest_time":"2026-09-05T20:30","series":"series/5410.csv"}},{"type":"Feature","geometry":{"type":"Point","coordinates":[10.03353,44.43901]},"properties":{"scode":"5405","name":"Bosco di Corniglio","variables":["CDD","ET0","GDD","HDD","PREC","PREC24","PREC48","TEMP"],"latest":{"CDD":2.7,"ET0":2.68,"GDD":13.4,"HDD":0.0,"PREC":0,"PREC24":-0.0,"PREC48":-0.0,"TEMP":21.0},"latest_time":"2026-09-05T20:30","series":"series/5405.csv"}},{"type":"Feature","geometry":{"type":"Point","coordinates":[9.4807,44.43751]},"properties":{"scode":"5407","name":"Casoni di Santa Maria di Taro","variables":["CDD","ET0","GDD","HDD","PREC","PREC24","PREC48","TEMP"],"latest":{"CDD":0.0,"ET0":3.62,"GDD":11.0,"HDD":0.0,"PREC":0,"PREC24":0.0,"PREC48":0.0,"TEMP":20.2},"latest_time":"2026-09-05T20:30","series":"series/5407.csv"}},{"type":"Feature","geometry":{"type":"Point","coordinates":[10.49072,44.52991]},"properties":{"scode":"5408","name":"La Stella","variables":["CDD","ET0","GDD","HDD","PREC","PREC24","PREC48","TEMP"],"latest":{"CDD":5.7,"ET0":3.47,"GDD":17.1,"HDD":0.0,"PREC":0,"PREC24":0.0,"PREC48":0.0,"TEMP":27.8},"latest_time":"2026-09-05T20:30","series":"series/5408.csv"}},{"type":"Feature","geometry":{"type":"Point","coordinates":[10.4275,44.29792]},"properties":{"scode":"5409","name":"Febbio","variables":["CDD","ET0","GDD","HDD","PREC","PREC24","PREC48","PRESS","QSPEC","TDEW","TEMP","UMID","VPD"],"latest":{"CDD":1.5,"ET0":3.61,"GDD":12.1,"HDD":0.0,"PREC":0,"PREC24":0.0,"PREC48":0.0,"PRESS":894.8,"QSPEC":10.75,"TDEW":13.4,"TEMP":17.3,"UMID":78,"VPD":0.434},"latest_time":"2026-09-05T20:30","series":"series/5409.csv"}},{"type":"Feature","geometry":{"type":"Point","coordinates":[11.39765,44.06085]},"properties":{"scode":"5452","name":"Barco","variables":["CDD","ET0","GDD","HDD","PREC","PREC24","PREC48","TEMP"],"latest":{"CDD":2.1,"ET0":2.93,"GDD":13.4,"HDD":0.0,"PREC":0,"PREC24":0.0,"PREC48":0.0,"TEMP":21.2},"latest_time":"2026-09-05T20:30","series":"series/5452.csv"}},{"type":"Feature","geometry":{"type":"Point","coordinates":[10.6992,44.52372]},"properties":{"scode":"5463","name":"S. Valentino","variables":["CDD","ET0","GDD","HDD","PREC","PREC24","PREC48","TEMP"],"latest":{"CDD":6.9,"ET0":4.7,"GDD":18.4,"HDD":0.0,"PREC":0,"PREC24":0.0,"PREC48":0.0,"TEMP":29.3},"latest_time":"2026-09-05T20:30","series":"series/5463.csv"}},{"type":"Feature","geometry":{"type":"Point","coordinates":[10.17835,44.49854]},"properties":{"scode":"5466","name":"Musiara Superiore","variables":["CDD","ET0","GDD","HDD","PREC","PREC24","PREC48","TEMP"],"latest":{"CDD":3.9,"ET0":3.3,"GDD":14.8,"HDD":0.0,"PREC":0,"PREC24":0.0,"PREC48":0.0,"TEMP":23.3},"latest_time":"2026-09-05T20:30","series":"series/5466.csv"}},{"type":"Feature","geometry":{"type":"Point","coordinates":[10.27555,44.52122]},"properties":{"scode":"5467","name":"Campora di Sasso","variables":["CDD","ET0","GDD","HDD","PREC","PREC24","PREC48","TEMP"],"latest":{"CDD":5.7,"ET0":4.16,"GDD":16.4,"HDD":0.0,"PREC":0,"PREC24":-0.0,"PREC48":-0.0,"TEMP":25.3},"latest_time":"2026-09-05T20:30","series":"series/5467.csv"}},{"type":"Feature","geometry":{"type":"Point","coordinates":[10.88741,44.13638]},"properties":{"scode":"3062","name":"Monteacuto delle Alpi","variables":["CDD","ET0","GDD","HDD","PREC","PREC24","PREC48","TEMP"],"latest":{"CDD":4.7,"ET0":3.45,"GDD":16.1,"HDD":0.0,"PREC":0,"PREC24":0.0,"PREC48":0.0,"TEMP":22.4},"latest_time":"2026-09-05T20:30","series":"series/3062.csv"}},{"type":"Feature","geometry":{"type":"Point","coordinates":[9.93469,44.72718]},"properties":{"scode":"5536","name":"Pellegrino","variables":["PREC","PREC24","PREC48"],"latest":{"PREC":0,"PREC24":0.0,"PREC48":0.0},"latest_time":"2026-09-05T20:30","series":"series/5536.csv"}},{"type":"Feature","geometry":{"type":"Point","coordinates":[10.8178,44.1774]},"properties":{"scode":"5501","name":"Lago Pratignano","variables":["CDD","ET0","GDD","HDD","PREC","PREC24","PREC48","TEMP"],"latest":{"CDD":0.8,"ET0":3.25,"GDD":11.9,"HDD":0.0,"PREC":0,"PREC24":0.0,"PREC48":0.0,"TEMP":17.9},"latest_time":"2026-09-05T20:30","series":"series/5501.csv"}},{"type":"Feature","geometry":{"type":"Point","coordinates":[10.31667,44.29696]},"properties":{"scode":"5510","name":"Ospitaletto","variables":["CDD","ET0","GDD","HDD","PREC","PREC24","PREC48","TEMP"],"latest":{"CDD":0.4,"ET0":3.19,"GDD":11.9,"HDD":0.0,"PREC":0,"PREC24":0.0,"PREC48":0.0,"TEMP":18.0},"latest_time":"2026-09-05T20:30","series":"series/5510.csv"}},{"type":"Feature","geometry":{"type":"Point","coordinates":[10.47426,44.63327]},"properties":{"scode":"5513","name":"Quattro Castella","variables":["PREC","PREC24","PREC48"],"latest":{"PREC":0,"PREC24":-0.0,"PREC48":-0.0},"latest_time":"2026-09-05T20:30","series":"series/5513.csv"}},{"type":"Feature","geometry":{"type":"Point","coordinates":[10.94206,44.27692]},"properties":{"scode":"5413","name":"Montese","variables":["CDD","ET0","GDD","HDD","PREC","PREC24","PREC48","TEMP"],"latest":{"CDD":4.8,"ET0":3.4,"GDD":16.4,"HDD":0.0,"PREC":0,"PREC24":0.0,"PREC48":0.0,"TEMP":23.9},"latest_time":"2026-09-05T20:30","series":"series/5413.csv"}},{"type":"Feature","geometry":{"type":"Point","coordinates":[9.7883,44.71422]},"properties":{"scode":"5552","name":"Bore","variables":["PREC","PREC24","PREC48"],"latest":{"PREC":0,"PREC24":0.0,"PREC48":0.0},"latest_time":"2026-09-05T20:30","series":"series/5552.csv"}},{"type":"Feature","geometry":{"type":"Point","coordinates":[9.24207,44.48098]},"properties":{"scode":"5566","name":"Barbagelata","variables":["CDD","ET0","GDD","HDD","PREC","PREC24","PREC48","TEMP"],"latest":{"CDD":0.0,"ET0":2.53,"GDD":9.2,"HDD":0.0,"PREC":0,"PREC24":0.0,"PREC48":0.0,"TEMP":20.3},"latest_time":"2026-09-05T20:30","series":"series/5566.csv"}},{"type":"Feature","geometry":{"type":"Point","coordinates":[9.7255,44.8251]},"properties":{"scode":"5567","name":"Gropparello","variables":["CDD","ET0","GDD","HDD","PREC","PREC24","PREC48","TEMP"],"latest":{"CDD":6.3,"ET0":4.9,"GDD":16.9,"HDD":0.0,"PREC":0,"PREC24":0.0,"PREC48":0.0,"TEMP":26.2},"latest_time":"2026-09-05T20:30","series":"series/5567.csv"}},{"type":"Feature","geometry":{"type":"Point","coordinates":[9.28496,44.57337]},"properties":{"scode":"5568","name":"Rovegno","variables":["CDD","ET0","GDD","HDD","PREC","PREC24","PREC48","TEMP"],"latest":{"CDD":0.0,"ET0":4.36,"GDD":10.9,"HDD":0.0,"PREC":0,"PREC24":0.0,"PREC48":0.0,"TEMP":21.9},"latest_time":"2026-09-05T20:30","series":"series/5568.csv"}},{"type":"Feature","geometry":{"type":"Point","coordinates":[11.5875,44.24923]},"properties":{"scode":"5440","name":"Le Taverne","variables":["PREC","PREC24","PREC48"],"latest":{"PREC":0,"PREC24":0.0,"PREC48":0.0},"latest_time":"2026-09-05T20:30","series":"series/5440.csv"}},{"type":"Feature","geometry":{"type":"Point","coordinates":[11.03537,44.26117]},"properties":{"scode":"5450","name":"Riola di Labante","variables":["PREC","PREC24","PREC48"],"latest":{"PREC":0,"PREC24":0.0,"PREC48":0.0},"latest_time":"2026-09-05T20:30","series":"series/5450.csv"}},{"type":"Feature","geometry":{"type":"Point","coordinates":[11.49065,44.31916]},"properties":{"scode":"5451","name":"S. Clemente","variables":["PREC","PREC24","PREC48"],"latest":{"PREC":0,"PREC24":0.0,"PREC48":0.0},"latest_time":"2026-09-05T20:30","series":"series/5451.csv"}},{"type":"Feature","geometry":{"type":"Point","coordinates":[11.32364,44.22519]},"properties":{"scode":"5458","name":"Monghidoro","variables":["CDD","ET0","GDD","HDD","PREC","PREC24","PREC48","TEMP"],"latest":{"CDD":4.6,"ET0":3.25,"GDD":16.2,"HDD":0.0,"PREC":0,"PREC24":-0.0,"PREC48":-0.0,"TEMP":25.1},"latest_time":"2026-09-05T20:30","series":"series/5458.csv"}},{"type":"Feature","geometry":{"type":"Point","coordinates":[9.57935,44.63617]},"properties":{"scode":"5472","name":"Cassimoreno","variables":["CDD","ET0","GDD","HDD","PREC","PREC24","PREC48","TEMP"],"latest":{"CDD":3.7,"ET0":4.13,"GDD":15.1,"HDD":0.0,"PREC":0,"PREC24":0.0,"PREC48":0.0,"TEMP":23.8},"latest_time":"2026-09-05T20:30","series":"series/5472.csv"}},{"type":"Feature","geometry":{"type":"Point","coordinates":[10.02363,44.7334]},"properties":{"scode":"5484","name":"Varano Marchesi","variables":["CDD","ET0","GDD","HDD","PREC","PREC24","PREC48","TDEW","TEMP","UMID","VPD"],"latest":{"CDD":8.1,"ET0":4.94,"GDD":20.6,"HDD":0.0,"PREC":0,"PREC24":0.0,"PREC48":0.0,"TDEW":17.5,"TEMP":27.3,"UMID":55,"VPD":1.633},"latest_time":"2026-09-05T20:30","series":"series/5484.csv"}},{"type":"Feature","geometry":{"type":"Point","coordinates":[10.4658,44.24716]},"properties":{"scode":"5509","name":"Civago","variables":["CDD","ET0","GDD","HDD","PREC","PREC24","PREC48","TEMP"],"latest":{"CDD":2.2,"ET0":3.25,"GDD":13.4,"HDD":0.0,"PREC":0,"PREC24":0.0,"PREC48":0.0,"TEMP":19.9},"latest_time":"2026-09-05T20:30","series":"series/5509.csv"}},{"type":"Feature","geometry":{"type":"Point","coordinates":[9.33282,44.83903]},"properties":{"scode":"5529","name":"Romagnese","variables":["PREC","PREC24","PREC48"],"latest":{"PREC":0,"PREC24":0.0,"PREC48":0.0},"latest_time":"2026-09-05T20:30","series":"series/5529.csv"}},{"type":"Feature","geometry":{"type":"Point","coordinates":[9.76684,44.59269]},"properties":{"scode":"5535","name":"Noveglia","variables":["PREC","PREC24","PREC48"],"latest":{"PREC":0,"PREC24":0.0,"PREC48":0.0},"latest_time":"2026-09-05T20:30","series":"series/5535.csv"}},{"type":"Feature","geometry":{"type":"Point","coordinates":[9.634,44.61946]},"properties":{"scode":"5538","name":"Pione","variables":["PREC","PREC24","PREC48"],"latest":{"PREC":0,"PREC24":0.0,"PREC48":0.0},"latest_time":"2026-09-05T20:30","series":"series/5538.csv"}},{"type":"Feature","geometry":{"type":"Point","coordinates":[10.38135,44.5177]},"properties":{"scode":"5540","name":"Roncovetro","variables":["CDD","ET0","GDD","HDD","PREC","PREC24","PREC48","TEMP"],"latest":{"CDD":6.9,"ET0":3.87,"GDD":18.4,"HDD":0.0,"PREC":0,"PREC24":0.0,"PREC48":0.0,"TEMP":28.1},"latest_time":"2026-09-05T20:30","series":"series/5540.csv"}},{"type":"Feature","geometry":{"type":"Point","coordinates":[9.68512,44.69534]},"properties":{"scode":"5544","name":"Teruzzi","variables":["CDD","ET0","GDD","HDD","PREC","PREC24","PREC48","PRESS","QSPEC","TAPP","TDEW","TEMP","UMID","VPD","VVENTO"],"latest":{"CDD":2.0,"ET0":3.26,"GDD":13.1,"HDD":0.0,"PREC":0,"PREC24":0.0,"PREC48":0.0,"PRESS":898.3,"QSPEC":9.98,"TAPP":22.2,"TDEW":12.4,"TEMP":22.1,"UMID":54,"VPD":1.224,"VVENTO":0.9},"latest_time":"2026-09-05T20:30","series":"series/5544.csv"}},{"type":"Feature","geometry":{"type":"Point","coordinates":[9.23553,44.6037]},"properties":{"scode":"5565","name":"Alpe Gorreto","variables":["CDD","ET0","GDD","HDD","PREC","PREC24","PREC48","TEMP"],"latest":{"CDD":1.6,"ET0":3.68,"GDD":13.3,"HDD":0.0,"PREC":0,"PREC24":0.0,"PREC48":0.0,"TEMP":21.2},"latest_time":"2026-09-05T20:30","series":"series/5565.csv"}},{"type":"Feature","geometry":{"type":"Point","coordinates":[10.48864,44.20976]},"properties":{"scode":"5569","name":"Passo delle Radici","variables":["CDD","ET0","GDD","HDD","PREC","PREC24","PREC48","TEMP"],"latest":{"CDD":0.0,"ET0":2.49,"GDD":9.1,"HDD":0.0,"PREC":0,"PREC24":0.0,"PREC48":0.0,"TEMP":19.5},"latest_time":"2026-09-05T20:30","series":"series/5569.csv"}},{"type":"Feature","geometry":{"type":"Point","coordinates":[10.00854,44.41229]},"properties":{"scode":"3021","name":"Lagdei","variables":["CDD","ET0","GDD","HDD","PREC","PREC24","PREC48","TEMP"],"latest":{"CDD":0.3,"ET0":3.16,"GDD":11.8,"HDD":0.0,"PREC":0,"PREC24":0.0,"PREC48":0.0,"TEMP":17.9},"latest_time":"2026-09-05T20:30","series":"series/3021.csv"}},{"type":"Feature","geometry":{"type":"Point","coordinates":[10.16805,44.68913]},"properties":{"scode":"53248","name":"Cafragna","variables":["PREC","PREC24","PREC48"],"latest":{"PREC":0,"PREC24":0.0,"PREC48":0.0},"latest_time":"2026-09-05T20:30","series":"series/53248.csv"}},{"type":"Feature","geometry":{"type":"Point","coordinates":[11.95766,43.92264]},"properties":{"scode":"3056","name":"Montriolo","variables":["PREC","PREC24","PREC48"],"latest":{"PREC":0,"PREC24":0.0,"PREC48":0.0},"latest_time":"2026-09-05T20:30","series":"series/3056.csv"}},{"type":"Feature","geometry":{"type":"Point","coordinates":[9.99125,44.81901]},"properties":{"scode":"5406","name":"Salsomaggiore","variables":["CDD","ET0","GDD","HDD","PREC","PREC24","PREC48","TDEW","TEMP","UMID","VPD"],"latest":{"CDD":7.9,"ET0":5.22,"GDD":18.4,"HDD":0.0,"PREC":0,"PREC24":0.0,"PREC48":0.0,"TDEW":15.2,"TEMP":29.1,"UMID":43,"VPD":2.296},"latest_time":"2026-09-05T20:30","series":"series/5406.csv"}},{"type":"Feature","geometry":{"type":"Point","coordinates":[11.36817,44.53397]},"properties":{"scode":"2993","name":"Dozza","variables":["PREC","PREC24","PREC48"],"latest":{"PREC":0,"PREC24":0.0,"PREC48":0.0},"latest_time":"2026-09-05T20:30","series":"series/2993.csv"}},{"type":"Feature","geometry":{"type":"Point","coordinates":[10.34493,44.31699]},"properties":{"scode":"5400","name":"Ligonchio","variables":["CDD","ET0","GDD","HDD","PREC","PREC24","PREC48","TEMP"],"latest":{"CDD":4.1,"ET0":3.47,"GDD":14.6,"HDD":0.0,"PREC":0,"PREC24":0.0,"PREC48":0.0,"TEMP":20.7},"latest_time":"2026-09-05T20:30","series":"series/5400.csv"}},{"type":"Feature","geometry":{"type":"Point","coordinates":[10.46004,44.36252]},"properties":{"scode":"5424","name":"Villa Minozzo","variables":["CDD","ET0","GDD","HDD","PREC","PREC24","PREC48","TEMP"],"latest":{"CDD":5.4,"ET0":3.75,"GDD":16.5,"HDD":0.0,"PREC":0,"PREC24":0.0,"PREC48":0.0,"TEMP":26.0},"latest_time":"2026-09-05T20:30","series":"series/5424.csv"}},{"type":"Feature","geometry":{"type":"Point","coordinates":[10.27561,44.41144]},"properties":{"scode":"5464","name":"Ramiseto","variables":["CDD","ET0","GDD","HDD","PREC","PREC24","PREC48","TEMP"],"latest":{"CDD":4.0,"ET0":4.3,"GDD":14.9,"HDD":0.0,"PREC":0,"PREC24":0.0,"PREC48":0.0,"TEMP":23.4},"latest_time":"2026-09-05T20:30","series":"series/5464.csv"}},{"type":"Feature","geometry":{"type":"Point","coordinates":[10.44676,44.48442]},"properties":{"scode":"5465","name":"Predolo","variables":["CDD","ET0","GDD","HDD","PREC","PREC24","PREC48","TEMP"],"latest":{"CDD":5.8,"ET0":3.48,"GDD":17.2,"HDD":0.0,"PREC":0,"PREC24":-0.0,"PREC48":-0.0,"TEMP":26.7},"latest_time":"2026-09-05T20:30","series":"series/5465.csv"}},{"type":"Feature","geometry":{"type":"Point","coordinates":[12.7394,43.95847]},"properties":{"scode":"11104","name":"Cattolica","variables":["CDD","ET0","GDD","HDD","PREC","PREC24","PREC48","TEMP"],"latest":{"CDD":7.8,"ET0":4.86,"GDD":17.9,"HDD":0.0,"PREC":0,"PREC24":0.0,"PREC48":0.0,"TEMP":27.9},"latest_time":"2026-09-05T20:30","series":"series/11104.csv"}},{"type":"Feature","geometry":{"type":"Point","coordinates":[11.50565,44.21436]},"properties":{"scode":"12633","name":"Castel del Rio","variables":["CDD","ET0","GDD","HDD","PREC","PREC24","PREC48","TEMP"],"latest":{"CDD":7.7,"ET0":4.12,"GDD":18.2,"HDD":0.0,"PREC":0,"PREC24":-0.0,"PREC48":-0.0,"TEMP":27.9},"latest_time":"2026-09-05T20:30","series":"series/12633.csv"}},{"type":"Feature","geometry":{"type":"Point","coordinates":[10.3947,44.43487]},"properties":{"scode":"3017","name":"Castelnovo ne' Monti","variables":["CDD","ET0","GDD","HDD","PREC","PREC24","PREC48","TEMP"],"latest":{"CDD":5.0,"ET0":3.78,"GDD":16.1,"HDD":0.0,"PREC":0,"PREC24":0.0,"PREC48":0.0,"TEMP":24.9},"latest_time":"2026-09-05T20:30","series":"series/3017.csv"}},{"type":"Feature","geometry":{"type":"Point","coordinates":[11.7933,43.92426]},"properties":{"scode":"3050","name":"Corniolo","variables":["CDD","ET0","GDD","HDD","PREC","PREC24","PREC48","TEMP"],"latest":{"CDD":3.2,"ET0":3.62,"GDD":15.0,"HDD":0.0,"PREC":0,"PREC24":0.0,"PREC48":0.0,"TEMP":21.6},"latest_time":"2026-09-05T20:30","series":"series/3050.csv"}},{"type":"Feature","geometry":{"type":"Point","coordinates":[12.00404,44.11438]},"properties":{"scode":"3058","name":"Caminate","variables":["PREC","PREC24","PREC48"],"latest":{"PREC":0,"PREC24":0.0,"PREC48":0.0},"latest_time":"2026-09-05T20:30","series":"series/3058.csv"}},{"type":"Feature","geometry":{"type":"Point","coordinates":[12.28611,43.90111]},"properties":{"scode":"53128","name":"Novafeltria","variables":["CDD","ET0","GDD","HDD","PREC","PREC24","PREC48","TDEW","TEMP","UMID","VPD"],"latest":{"CDD":9.5,"ET0":4.7,"GDD":21.0,"HDD":0.0,"PREC":0,"PREC24":0.0,"PREC48":0.0,"TDEW":12.4,"TEMP":27.6,"UMID":39,"VPD":2.253},"latest_time":"2026-09-05T20:30","series":"series/53128.csv"}},{"type":"Feature","geometry":{"type":"Point","coordinates":[12.14274,43.78817]},"properties":{"scode":"5360","name":"Casteldelci","variables":["CDD","ET0","GDD","HDD","PREC","PREC24","PREC48","TEMP"],"latest":{"CDD":6.0,"ET0":3.82,"GDD":17.2,"HDD":0.0,"PREC":0,"PREC24":0.0,"PREC48":0.0,"TEMP":25.2},"latest_time":"2026-09-05T20:30","series":"series/5360.csv"}},{"type":"Feature","geometry":{"type":"Point","coordinates":[12.13623,43.69223]},"properties":{"scode":"5429","name":"Badia Tedalda","variables":["CDD","ET0","GDD","HDD","PREC","PREC24","PREC48","PRESS","TEMP","VVENTO"],"latest":{"CDD":3.9,"ET0":3.81,"GDD":15.0,"HDD":0.0,"PREC":0,"PREC24":0.0,"PREC48":0.0,"PRESS":923.0,"TEMP":23.3,"VVENTO":0.8},"latest_time":"2026-09-05T20:30","series":"series/5429.csv"}},{"type":"Feature","geometry":{"type":"Point","coordinates":[11.67342,44.22432]},"properties":{"scode":"5455","name":"Monte Albano","variables":["PREC","PREC24","PREC48"],"latest":{"PREC":0,"PREC24":0.0,"PREC48":0.0},"latest_time":"2026-09-05T20:30","series":"series/5455.csv"}},{"type":"Feature","geometry":{"type":"Point","coordinates":[12.29306,44.03806]},"properties":{"scode":"9889","name":"S. Paola","variables":["PREC","PREC24","PREC48"],"latest":{"PREC":0,"PREC24":0.0,"PREC48":0.0},"latest_time":"2026-09-05T20:30","series":"series/9889.csv"}},{"type":"Feature","geometry":{"type":"Point","coordinates":[12.66972,43.87389]},"properties":{"scode":"53129","name":"Saludecio","variables":["CDD","ET0","GDD","HDD","PREC","PREC24","PREC48","TDEW","TEMP","UMID","VPD"],"latest":{"CDD":8.0,"ET0":3.89,"GDD":19.3,"HDD":0.0,"PREC":0,"PREC24":0.0,"PREC48":0.0,"TDEW":12.2,"TEMP":27.0,"UMID":40,"VPD":2.139},"latest_time":"2026-09-05T20:30","series":"series/53129.csv"}},{"type":"Feature","geometry":{"type":"Point","coordinates":[11.54608,44.11647]},"properties":{"scode":"5348","name":"Palazzuolo sul Senio","variables":["PREC","PREC24","PREC48"],"latest":{"PREC":0,"PREC24":0.0,"PREC48":0.0},"latest_time":"2026-09-05T20:30","series":"series/5348.csv"}},{"type":"Feature","geometry":{"type":"Point","coordinates":[12.27411,43.81986]},"properties":{"scode":"11103","name":"Pennabilli","variables":["CDD","ET0","GDD","HDD","PREC","PREC24","PREC48","PRESS","TEMP","VVENTO"],"latest":{"CDD":6.9,"ET0":3.78,"GDD":18.2,"HDD":0.0,"PREC":0,"PREC24":0.0,"PREC48":0.0,"PRESS":946.0,"TEMP":26.9,"VVENTO":1.5},"latest_time":"2026-09-05T20:30","series":"series/11103.csv"}},{"type":"Feature","geometry":{"type":"Point","coordinates":[11.32556,44.47611]},"properties":{"scode":"53148","name":"Villa Ghigi","variables":["CDD","ET0","GDD","HDD","PREC","PREC24","PREC48","TDEW","TEMP","UMID","VPD"],"latest":{"CDD":7.8,"ET0":4.3,"GDD":19.2,"HDD":0.0,"PREC":0,"PREC24":0.0,"PREC48":0.0,"TDEW":16.0,"TEMP":27.7,"UMID":49,"VPD":1.894},"latest_time":"2026-09-05T20:30","series":"series/53148.csv"}},{"type":"Feature","geometry":{"type":"Point","coordinates":[11.03296,44.08158]},"properties":{"scode":"5459","name":"Treppio","variables":["CDD","ET0","GDD","HDD","PREC","PREC24","PREC48","TEMP"],"latest":{"CDD":4.8,"ET0":4.4,"GDD":14.9,"HDD":0.0,"PREC":0,"PREC24":0.0,"PREC48":0.0,"TEMP":21.1},"latest_time":"2026-09-05T20:30","series":"series/5459.csv"}},{"type":"Feature","geometry":{"type":"Point","coordinates":[10.12402,44.69776]},"properties":{"scode":"53247","name":"Rio Riccò","variables":["PREC","PREC24","PREC48"],"latest":{"PREC":0,"PREC24":0.0,"PREC48":0.0},"latest_time":"2026-09-05T20:30","series":"series/53247.csv"}},{"type":"Feature","geometry":{"type":"Point","coordinates":[11.2803,44.5342]},"properties":{"scode":"12719","name":"Canocchia Botte monte","variables":["PREC","PREC24","PREC48"],"latest":{"PREC":0,"PREC24":0.0,"PREC48":0.0},"latest_time":"2026-09-05T20:30","series":"series/12719.csv"}},{"type":"Feature","geometry":{"type":"Point","coordinates":[11.39303,44.34746]},"properties":{"scode":"2994","name":"Monte Ceresa","variables":["PREC","PREC24","PREC48"],"latest":{"PREC":0,"PREC24":0.0,"PREC48":0.0},"latest_time":"2026-09-05T20:30","series":"series/2994.csv"}},{"type":"Feature","geometry":{"type":"Point","coordinates":[11.34155,44.26352]},"properties":{"scode":"2995","name":"Loiano Renana","variables":["PREC","PREC24","PREC48"],"latest":{"PREC":0,"PREC24":0.0,"PREC48":0.0},"latest_time":"2026-09-05T20:30","series":"series/2995.csv"}},{"type":"Feature","geometry":{"type":"Point","coordinates":[11.08455,44.3468]},"properties":{"scode":"3000","name":"Ca' Bortolani","variables":["CDD","ET0","GDD","HDD","PREC","PREC24","PREC48","TEMP","VVENTO"],"latest":{"CDD":5.4,"ET0":3.61,"GDD":16.9,"HDD":0.0,"PREC":0,"PREC24":0.0,"PREC48":0.0,"TEMP":25.2,"VVENTO":2},"latest_time":"2026-09-05T20:30","series":"series/3000.csv"}},{"type":"Feature","geometry":{"type":"Point","coordinates":[11.28812,44.48787]},"properties":{"scode":"3007","name":"Casalecchio canonica","variables":["PREC","PREC24","PREC48"],"latest":{"PREC":0,"PREC24":0.0,"PREC48":0.0},"latest_time":"2026-09-05T20:30","series":"series/3007.csv"}},{"type":"Feature","geometry":{"type":"Point","coordinates":[11.52486,44.41408]},"properties":{"scode":"3008","name":"Varignana lago rio rosso","variables":["PREC","PREC24","PREC48"],"latest":{"PREC":0,"PREC24":0.0,"PREC48":0.0},"latest_time":"2026-09-05T20:30","series":"series/3008.csv"}},{"type":"Feature","geometry":{"type":"Point","coordinates":[10.76872,44.23212]},"properties":{"scode":"3011","name":"Sestola","variables":["CDD","ET0","GDD","HDD","PREC","PREC24","PREC48","TEMP"],"latest":{"CDD":3.9,"ET0":4.02,"GDD":15.3,"HDD":0.0,"PREC":0,"PREC24":0.0,"PREC48":0.0,"TEMP":23.6},"latest_time":"2026-09-05T20:30","series":"series/3011.csv"}},{"type":"Feature","geometry":{"type":"Point","coordinates":[9.62675,44.50745]},"properties":{"scode":"3016","name":"Bedonia","variables":["CDD","ET0","GDD","HDD","PREC","PREC24","PREC48","TEMP"],"latest":{"CDD":1.2,"ET0":4.66,"GDD":11.6,"HDD":0.0,"PREC":0,"PREC24":0.0,"PREC48":0.2,"TEMP":21.6},"latest_time":"2026-09-05T20:30","series":"series/3016.csv"}},{"type":"Feature","geometry":{"type":"Point","coordinates":[9.45005,44.54591]},"properties":{"scode":"5317","name":"S. Stefano d'Aveto","variables":["CDD","ET0","GDD","HDD","PREC","PREC24","PREC48","TEMP"],"latest":{"CDD":0.0,"ET0":3.89,"GDD":10.6,"HDD":0.0,"PREC":0,"PREC24":0.0,"PREC48":0.0,"TEMP":19.7},"latest_time":"2026-09-05T20:30","series":"series/5317.csv"}},{"type":"Feature","geometry":{"type":"Point","coordinates":[11.43299,44.2148]},"properties":{"scode":"5347","name":"Piancaldoli","variables":["PREC","PREC24","PREC48"],"latest":{"PREC":0,"PREC24":0.0,"PREC48":0.0},"latest_time":"2026-09-05T20:30","series":"series/5347.csv"}},{"type":"Feature","geometry":{"type":"Point","coordinates":[9.61004,44.5471]},"properties":{"scode":"5391","name":"Nociveglia","variables":["CDD","ET0","GDD","HDD","PREC","PREC24","PREC48","TEMP"],"latest":{"CDD":1.9,"ET0":3.32,"GDD":13.2,"HDD":0.0,"PREC":0,"PREC24":0.0,"PREC48":0.0,"TEMP":20.9},"latest_time":"2026-09-05T20:30","series":"series/5391.csv"}},{"type":"Feature","geometry":{"type":"Point","coordinates":[9.68641,44.41878]},"properties":{"scode":"5402","name":"Montegroppo","variables":["CDD","ET0","GDD","HDD","PREC","PREC24","PREC48","TEMP"],"latest":{"CDD":1.4,"ET0":3.85,"GDD":12.5,"HDD":0.0,"PREC":0,"PREC24":0.0,"PREC48":0.0,"TEMP":21.5},"latest_time":"2026-09-05T20:30","series":"series/5402.csv"}},{"type":"Feature","geometry":{"type":"Point","coordinates":[9.43104,44.93712]},"properties":{"scode":"5404","name":"Pianello Val Tidone","variables":["CDD","ET0","GDD","HDD","PREC","PREC24","PREC48","TEMP"],"latest":{"CDD":7.1,"ET0":4.37,"GDD":18.5,"HDD":0.0,"PREC":0,"PREC24":0.0,"PREC48":0.0,"TEMP":29.1},"latest_time":"2026-09-05T20:30","series":"series/5404.csv"}},{"type":"Feature","geometry":{"type":"Point","coordinates":[9.63362,44.79551]},"properties":{"scode":"5470","name":"Bettola","variables":["CDD","ET0","GDD","HDD","PREC","PREC24","PREC48","TEMP"],"latest":{"CDD":5.7,"ET0":4.23,"GDD":16.8,"HDD":0.0,"PREC":0,"PREC24":0.0,"PREC48":0.0,"TEMP":27.5},"latest_time":"2026-09-05T20:30","series":"series/5470.csv"}},{"type":"Feature","geometry":{"type":"Point","coordinates":[9.48245,44.58677]},"properties":{"scode":"5471","name":"Selva Ferriere","variables":["CDD","ET0","GDD","HDD","PREC","PREC24","PREC48","TEMP"],"latest":{"CDD":2.2,"ET0":3.55,"GDD":13.3,"HDD":0.0,"PREC":0,"PREC24":0.0,"PREC48":0.0,"TEMP":18.8},"latest_time":"2026-09-05T20:30","series":"series/5471.csv"}},{"type":"Feature","geometry":{"type":"Point","coordinates":[9.61803,44.44668]},"properties":{"scode":"5483","name":"Tarsogno","variables":["CDD","ET0","GDD","HDD","PREC","PREC24","PREC48","TEMP"],"latest":{"CDD":1.6,"ET0":3.46,"GDD":12.5,"HDD":0.0,"PREC":0,"PREC24":0.0,"PREC48":0.0,"TEMP":21.1},"latest_time":"2026-09-05T20:30","series":"series/5483.csv"}},{"type":"Feature","geometry":{"type":"Point","coordinates":[9.4902,44.8776]},"properties":{"scode":"5520","name":"Bobbiano","variables":["PREC","PREC24","PREC48"],"latest":{"PREC":0,"PREC24":0.0,"PREC48":0.0},"latest_time":"2026-09-05T20:30","series":"series/5520.csv"}},{"type":"Feature","geometry":{"type":"Point","coordinates":[9.86698,44.62948]},"properties":{"scode":"5537","name":"Pessola","variables":["PREC","PREC24","PREC48"],"latest":{"PREC":0,"PREC24":0.0,"PREC48":0.0},"latest_time":"2026-09-05T20:30","series":"series/5537.csv"}},{"type":"Feature","geometry":{"type":"Point","coordinates":[9.54738,44.52711]},"properties":{"scode":"5548","name":"Casalporino","variables":["CDD","ET0","GDD","HDD","PREC","PREC24","PREC48","TEMP"],"latest":{"CDD":1.2,"ET0":3.76,"GDD":12.7,"HDD":0.0,"PREC":0,"PREC24":0.0,"PREC48":0.0,"TEMP":20.7},"latest_time":"2026-09-05T20:30","series":"series/5548.csv"}},{"type":"Feature","geometry":{"type":"Point","coordinates":[9.69847,44.44686]},"properties":{"scode":"5553","name":"Albareto Parma","variables":["CDD","ET0","GDD","HDD","PREC","PREC24","PREC48","TEMP"],"latest":{"CDD":0.4,"ET0":4.75,"GDD":11.0,"HDD":0.0,"PREC":0,"PREC24":0.0,"PREC48":0.0,"TEMP":21.2},"latest_time":"2026-09-05T20:30","series":"series/5553.csv"}},{"type":"Feature","geometry":{"type":"Point","coordinates":[9.67953,44.56668]},"properties":{"scode":"5554","name":"Farfanaro","variables":["CDD","ET0","GDD","HDD","PREC","PREC24","PREC48","TEMP"],"latest":{"CDD":2.5,"ET0":3.67,"GDD":13.1,"HDD":0.0,"PREC":0,"PREC24":0.0,"PREC48":0.0,"TEMP":21.8},"latest_time":"2026-09-05T20:30","series":"series/5554.csv"}},{"type":"Feature","geometry":{"type":"Point","coordinates":[9.82106,44.64942]},"properties":{"scode":"5555","name":"Varsi","variables":["CDD","ET0","GDD","HDD","PREC","PREC24","PREC48","TEMP","VVENTO"],"latest":{"CDD":4.7,"ET0":4.67,"GDD":14.4,"HDD":0.0,"PREC":0,"PREC24":0.0,"PREC48":0.0,"TEMP":26.1,"VVENTO":3.5},"latest_time":"2026-09-05T20:30","series":"series/5555.csv"}},{"type":"Feature","geometry":{"type":"Point","coordinates":[9.78421,44.44414]},"properties":{"scode":"5556","name":"Valdena","variables":["CDD","ET0","GDD","HDD","PREC","PREC24","PREC48","TEMP"],"latest":{"CDD":1.8,"ET0":2.62,"GDD":13.3,"HDD":0.0,"PREC":0,"PREC24":0.0,"PREC48":0.0,"TEMP":22.2},"latest_time":"2026-09-05T20:30","series":"series/5556.csv"}},{"type":"Feature","geometry":{"type":"Point","coordinates":[9.58508,44.58157]},"properties":{"scode":"5558","name":"Frassineto","variables":["CDD","ET0","GDD","HDD","PREC","PREC24","PREC48","TEMP"],"latest":{"CDD":2.1,"ET0":4.3,"GDD":12.5,"HDD":0.0,"PREC":0,"PREC24":0.0,"PREC48":0.0,"TEMP":20.3},"latest_time":"2026-09-05T20:30","series":"series/5558.csv"}},{"type":"Feature","geometry":{"type":"Point","coordinates":[10.99243,44.43249]},"properties":{"scode":"5559","name":"Guiglia","variables":["CDD","ET0","GDD","HDD","PREC","PREC24","PREC48","TEMP"],"latest":{"CDD":7.1,"ET0":3.82,"GDD":18.6,"HDD":0.0,"PREC":0,"PREC24":0.0,"PREC48":0.0,"TEMP":27.4},"latest_time":"2026-09-05T20:30","series":"series/5559.csv"}},{"type":"Feature","geometry":{"type":"Point","coordinates":[10.60571,44.49907]},"properties":{"scode":"5560","name":"Baiso","variables":["CDD","ET0","GDD","HDD","PREC","PREC24","PREC48","TEMP"],"latest":{"CDD":7.3,"ET0":3.67,"GDD":18.5,"HDD":0.0,"PREC":0,"PREC24":0.0,"PREC48":0.0,"TEMP":28.2},"latest_time":"2026-09-05T20:30","series":"series/5560.csv"}},{"type":"Feature","geometry":{"type":"Point","coordinates":[11.13837,44.4403]},"properties":{"scode":"5562","name":"Monte San Pietro","variables":["PREC","PREC24","PREC48"],"latest":{"PREC":0,"PREC24":0.0,"PREC48":0.0},"latest_time":"2026-09-05T20:30","series":"series/5562.csv"}},{"type":"Feature","geometry":{"type":"Point","coordinates":[11.66536,44.00237]},"properties":{"scode":"3032","name":"Pratacci","variables":["PREC","PREC24","PREC48"],"latest":{"PREC":0,"PREC24":0.0,"PREC48":0.0},"latest_time":"2026-09-05T20:30","series":"series/3032.csv"}},{"type":"Feature","geometry":{"type":"Point","coordinates":[11.51757,44.03811]},"properties":{"scode":"3054","name":"Casaglia","variables":["PREC","PREC24","PREC48"],"latest":{"PREC":0,"PREC24":0.0,"PREC48":0.0},"latest_time":"2026-09-05T20:30","series":"series/3054.csv"}},{"type":"Feature","geometry":{"type":"Point","coordinates":[11.25681,44.21571]},"properties":{"scode":"3060","name":"Madonna dei Fornelli","variables":["CDD","ET0","GDD","HDD","PREC","PREC24","PREC48","TAPP","TDEW","TEMP","UMID","VPD","VVENTO"],"latest":{"CDD":2.5,"ET0":2.59,"GDD":14.0,"HDD":0.0,"PREC":0,"PREC24":0.0,"PREC48":0.0,"TAPP":20.5,"TDEW":7.5,"TEMP":24.4,"UMID":34,"VPD":2.017,"VVENTO":4.8},"latest_time":"2026-09-05T20:30","series":"series/3060.csv"}},{"type":"Feature","geometry":{"type":"Point","coordinates":[10.78707,44.42886]},"properties":{"scode":"5442","name":"Serramazzoni","variables":["CDD","ET0","GDD","HDD","PREC","PREC24","PREC48","TEMP"],"latest":{"CDD":5.9,"ET0":3.74,"GDD":17.3,"HDD":0.0,"PREC":0,"PREC24":0.0,"PREC48":0.0,"TEMP":25.9},"latest_time":"2026-09-05T20:30","series":"series/5442.csv"}},{"type":"Feature","geometry":{"type":"Point","coordinates":[11.49666,44.1444]},"properties":{"scode":"5454","name":"Monte Faggiola","variables":["PREC","PREC24","PREC48"],"latest":{"PREC":0,"PREC24":-0.0,"PREC48":-0.0},"latest_time":"2026-09-05T20:30","series":"series/5454.csv"}},{"type":"Feature","geometry":{"type":"Point","coordinates":[10.42669,44.73564]},"properties":{"scode":"14629","name":"S. Geminiano","variables":["PREC","PREC24","PREC48"],"latest":{"PREC":0,"PREC24":0.0,"PREC48":0.0},"latest_time":"2026-09-05T20:30","series":"series/14629.csv"}},{"type":"Feature","geometry":{"type":"Point","coordinates":[9.67559,44.81916]},"properties":{"scode":"5528","name":"Riglio","variables":["PREC","PREC24","PREC48"],"latest":{"PREC":0,"PREC24":0.0,"PREC48":0.0},"latest_time":"2026-09-05T20:30","series":"series/5528.csv"}},{"type":"Feature","geometry":{"type":"Point","coordinates":[12.04326,44.03248]},"properties":{"scode":"3042","name":"Voltre","variables":["CDD","ET0","GDD","HDD","PREC","PREC24","PREC48","TEMP"],"latest":{"CDD":8.7,"ET0":5.23,"GDD":18.3,"HDD":0.0,"PREC":0,"PREC24":0.0,"PREC48":0.0,"TEMP":28.4},"latest_time":"2026-09-05T20:30","series":"series/3042.csv"}},{"type":"Feature","geometry":{"type":"Point","coordinates":[11.9453,43.99349]},"properties":{"scode":"3033","name":"Civitella","variables":["CDD","ET0","GDD","HDD","PREC","PREC24","PREC48","TEMP"],"latest":{"CDD":8.3,"ET0":4.34,"GDD":19.9,"HDD":0.0,"PREC":0,"PREC24":0.0,"PREC48":0.0,"TEMP":26.7},"latest_time":"2026-09-05T20:30","series":"series/3033.csv"}},{"type":"Feature","geometry":{"type":"Point","coordinates":[11.71696,44.56532]},"properties":{"scode":"2997","name":"S. Antonio Renana","variables":["PREC","PREC24","PREC48"],"latest":{"PREC":0,"PREC24":0.0,"PREC48":0.0},"latest_time":"2026-09-05T20:30","series":"series/2997.csv"}},{"type":"Feature","geometry":{"type":"Point","coordinates":[9.28421,44.55421]},"properties":{"scode":"12307","name":"Loco Carchelli","variables":["CDD","ET0","GDD","HDD","PREC","PREC24","PREC48","TEMP"],"latest":{"CDD":0.0,"ET0":4.4,"GDD":9.7,"HDD":0.0,"PREC":0,"PREC24":0.0,"PREC48":0.2,"TEMP":21.0},"latest_time":"2026-09-05T20:30","series":"series/12307.csv"}},{"type":"Feature","geometry":{"type":"Point","coordinates":[10.12847,44.98553]},"properties":{"scode":"14615","name":"Cantonale","variables":["PREC","PREC24","PREC48"],"latest":{"PREC":0,"PREC24":0.0,"PREC48":0.0},"latest_time":"2026-09-05T20:30","series":"series/14615.csv"}},{"type":"Feature","geometry":{"type":"Point","coordinates":[12.16866,43.99691]},"properties":{"scode":"3045","name":"Monte Iottone","variables":["CDD","ET0","GDD","HDD","PREC","PREC24","PREC48","TEMP"],"latest":{"CDD":9.0,"ET0":4.0,"GDD":20.6,"HDD":0.0,"PREC":0,"PREC24":0.0,"PREC48":0.0,"TEMP":27.9},"latest_time":"2026-09-05T20:30","series":"series/3045.csv"}},{"type":"Feature","geometry":{"type":"Point","coordinates":[10.09289,44.43826]},"properties":{"scode":"5468","name":"Grammatica","variables":["CDD","ET0","GDD","HDD","PREC","PREC24","PREC48","TEMP"],"latest":{"CDD":3.7,"ET0":3.24,"GDD":14.2,"HDD":0.0,"PREC":0,"PREC24":0.0,"PREC48":0.0,"TEMP":23.3},"latest_time":"2026-09-05T20:30","series":"series/5468.csv"}},{"type":"Feature","geometry":{"type":"Point","coordinates":[11.29836,44.4787]},"properties":{"scode":"12411","name":"Bologna San Luca","variables":["CDD","ET0","GDD","HDD","PREC","PREC24","PREC48","TEMP"],"latest":{"CDD":7.8,"ET0":4.46,"GDD":18.8,"HDD":0.0,"PREC":0,"PREC24":0.0,"PREC48":0.0,"TEMP":29.5},"latest_time":"2026-09-05T20:30","series":"series/12411.csv"}},{"type":"Feature","geometry":{"type":"Point","coordinates":[9.98301,44.51048]},"properties":{"scode":"5423","name":"Berceto","variables":["CDD","ET0","GDD","HDD","PREC","PREC24","PREC48","TEMP"],"latest":{"CDD":3.3,"ET0":3.05,"GDD":14.8,"HDD":0.0,"PREC":0,"PREC24":0.0,"PREC48":0.0,"TEMP":23.3},"latest_time":"2026-09-05T20:30","series":"series/5423.csv"}},{"type":"Feature","geometry":{"type":"Point","coordinates":[10.03564,44.54781]},"properties":{"scode":"5469","name":"Casaselvatica","variables":["CDD","ET0","GDD","HDD","PREC","PREC24","PREC48","TEMP"],"latest":{"CDD":4.3,"ET0":3.75,"GDD":15.6,"HDD":0.0,"PREC":0,"PREC24":0.0,"PREC48":0.0,"TEMP":21.6},"latest_time":"2026-09-05T20:30","series":"series/5469.csv"}},{"type":"Feature","geometry":{"type":"Point","coordinates":[10.19778,44.8375]},"properties":{"scode":"14026","name":"La Vezza","variables":["PREC","PREC24","PREC48"],"latest":{"PREC":0,"PREC24":0.0,"PREC48":0.0},"latest_time":"2026-09-05T20:30","series":"series/14026.csv"}},{"type":"Feature","geometry":{"type":"Point","coordinates":[11.83716,44.13697]},"properties":{"scode":"3044","name":"Trebbio","variables":["CDD","ET0","GDD","HDD","PREC","PREC24","PREC48","TEMP"],"latest":{"CDD":6.6,"ET0":3.93,"GDD":18.2,"HDD":0.0,"PREC":0,"PREC24":0.0,"PREC48":0.0,"TEMP":26.1},"latest_time":"2026-09-05T20:30","series":"series/3044.csv"}},{"type":"Feature","geometry":{"type":"Point","coordinates":[12.07693,43.94648]},"properties":{"scode":"3046","name":"Rullato","variables":["PREC","PREC24","PREC48"],"latest":{"PREC":0,"PREC24":0.0,"PREC48":0.0},"latest_time":"2026-09-05T20:30","series":"series/3046.csv"}},{"type":"Feature","geometry":{"type":"Point","coordinates":[10.08306,44.89361]},"properties":{"scode":"53089","name":"FIDENZA","variables":["PREC","PREC24","PREC48"],"latest":{"PREC":0,"PREC24":0.0,"PREC48":0.0},"latest_time":"2026-09-05T20:30","series":"series/53089.csv"}},{"type":"Feature","geometry":{"type":"Point","coordinates":[11.74533,44.082]},"properties":{"scode":"53133","name":"Tredozio","variables":["CDD","ET0","GDD","HDD","PREC","PREC24","PREC48","TDEW","TEMP","UMID","VPD"],"latest":{"CDD":4.3,"ET0":4.97,"GDD":15.1,"HDD":0.0,"PREC":0,"PREC24":0.0,"PREC48":0.0,"TDEW":16.0,"TEMP":24.0,"UMID":61,"VPD":1.164},"latest_time":"2026-09-05T20:30","series":"series/53133.csv"}},{"type":"Feature","geometry":{"type":"Point","coordinates":[9.49596,44.64447]},"properties":{"scode":"3014","name":"Ferriere Pluvio","variables":["PREC","PREC24","PREC48"],"latest":{"PREC":0,"PREC24":0.0,"PREC48":0.0},"latest_time":"2026-09-05T20:30","series":"series/3014.csv"}},{"type":"Feature","geometry":{"type":"Point","coordinates":[9.2056,44.53627]},"properties":{"scode":"3077","name":"Diga del Brugneto","variables":["CDD","ET0","GDD","HDD","PREC","PREC24","PREC48","TEMP"],"latest":{"CDD":0.0,"ET0":3.82,"GDD":9.6,"HDD":0.0,"PREC":0,"PREC24":0.0,"PREC48":0.0,"TEMP":21.2},"latest_time":"2026-09-05T20:30","series":"series/3077.csv"}},{"type":"Feature","geometry":{"type":"Point","coordinates":[10.12452,44.60591]},"properties":{"scode":"3025","name":"Calestano","variables":["CDD","ET0","GDD","HDD","PREC","PREC24","PREC48","TEMP"],"latest":{"CDD":8.1,"ET0":5.23,"GDD":18.3,"HDD":0.0,"PREC":0,"PREC24":0.0,"PREC48":0.0,"TEMP":27.3},"latest_time":"2026-09-05T20:30","series":"series/3025.csv"}},{"type":"Feature","geometry":{"type":"Point","coordinates":[10.14167,44.7525]},"properties":{"scode":"14027","name":"Campanara","variables":["PREC","PREC24","PREC48"],"latest":{"PREC":0,"PREC24":0.0,"PREC48":0.0},"latest_time":"2026-09-05T20:30","series":"series/14027.csv"}},{"type":"Feature","geometry":{"type":"Point","coordinates":[10.16278,44.8225]},"properties":{"scode":"14025","name":"La Nave Russa","variables":["PREC","PREC24","PREC48"],"latest":{"PREC":0,"PREC24":0.0,"PREC48":0.0},"latest_time":"2026-09-05T20:30","series":"series/14025.csv"}},{"type":"Feature","geometry":{"type":"Point","coordinates":[10.41758,44.93909]},"properties":{"scode":"53243","name":"Chiavica Rossa","variables":["PREC","PREC24","PREC48"],"latest":{"PREC":0,"PREC24":0.0,"PREC48":0.0},"latest_time":"2026-09-05T20:30","series":"series/53243.csv"}},{"type":"Feature","geometry":{"type":"Point","coordinates":[11.15124,44.48405]},"properties":{"scode":"5384","name":"S. Martino in Casola","variables":["PREC","PREC24","PREC48"],"latest":{"PREC":0,"PREC24":0.0,"PREC48":0.0},"latest_time":"2026-09-05T20:30","series":"series/5384.csv"}},{"type":"Feature","geometry":{"type":"Point","coordinates":[9.15454,44.51485]},"properties":{"scode":"3080","name":"Torriglia","variables":["CDD","ET0","GDD","HDD","PREC","PREC24","PREC48","TEMP"],"latest":{"CDD":0.0,"ET0":3.72,"GDD":10.4,"HDD":0.0,"PREC":0,"PREC24":0.0,"PREC48":0.0,"TEMP":20.3},"latest_time":"2026-09-05T20:30","series":"series/3080.csv"}},{"type":"Feature","geometry":{"type":"Point","coordinates":[11.49457,44.38998]},"properties":{"scode":"11110","name":"Prugnolo","variables":["PREC","PREC24","PREC48"],"latest":{"PREC":0,"PREC24":0.0,"PREC48":0.0},"latest_time":"2026-09-05T20:30","series":"series/11110.csv"}},{"type":"Feature","geometry":{"type":"Point","coordinates":[10.13845,44.3458]},"properties":{"scode":"3078","name":"Lago Paduli","variables":["CDD","ET0","GDD","HDD","PREC","PREC24","PREC48","TEMP"],"latest":{"CDD":0.0,"ET0":2.79,"GDD":11.0,"HDD":0.0,"PREC":0,"PREC24":0.0,"PREC48":0.0,"TEMP":18.4},"latest_time":"2026-09-05T20:30","series":"series/3078.csv"}},{"type":"Feature","geometry":{"type":"Point","coordinates":[9.73284,44.63379]},"properties":{"scode":"3015","name":"Bardi","variables":["CDD","ET0","GDD","HDD","PREC","PREC24","PREC48","TEMP"],"latest":{"CDD":4.2,"ET0":3.86,"GDD":15.0,"HDD":0.0,"PREC":0,"PREC24":0.0,"PREC48":0.0,"TEMP":24.2},"latest_time":"2026-09-05T20:30","series":"series/3015.csv"}},{"type":"Feature","geometry":{"type":"Point","coordinates":[11.31083,44.45556]},"properties":{"scode":"12994","name":"Paderno","variables":["CDD","ET0","GDD","HDD","PREC","PREC24","PREC48","TEMP"],"latest":{"CDD":8.2,"ET0":5.09,"GDD":18.7,"HDD":0.0,"PREC":0,"PREC24":0.0,"PREC48":0.0,"TEMP":29.5},"latest_time":"2026-09-05T20:30","series":"series/12994.csv"}},{"type":"Feature","geometry":{"type":"Point","coordinates":[10.33214,44.47766]},"properties":{"scode":"13034","name":"Vetto Pluvio","variables":["PREC","PREC24","PREC48"],"latest":{"PREC":0,"PREC24":0.0,"PREC48":0.0},"latest_time":"2026-09-05T20:30","series":"series/13034.csv"}},{"type":"Feature","geometry":{"type":"Point","coordinates":[10.19253,44.36343]},"properties":{"scode":"3019","name":"Succiso","variables":["PREC","PREC24","PREC48"],"latest":{"PREC":0,"PREC24":0.0,"PREC48":0.0},"latest_time":"2026-09-05T20:30","series":"series/3019.csv"}},{"type":"Feature","geometry":{"type":"Point","coordinates":[11.1678,44.5203]},"properties":{"scode":"12720","name":"Fondo Martignone","variables":["PREC","PREC24","PREC48"],"latest":{"PREC":0,"PREC24":0.0,"PREC48":0.0},"latest_time":"2026-09-05T20:30","series":"series/12720.csv"}},{"type":"Feature","geometry":{"type":"Point","coordinates":[10.08167,44.57778]},"properties":{"scode":"14327","name":"Ravarano","variables":["PREC","PREC24","PREC48"],"latest":{"PREC":0,"PREC24":0.0,"PREC48":0.0},"latest_time":"2026-09-05T20:30","series":"series/14327.csv"}},{"type":"Feature","geometry":{"type":"Point","coordinates":[11.34611,44.49972]},"properties":{"scode":"14101","name":"Bologna idrografico","variables":["CDD","ET0","GDD","HDD","PREC","PREC24","PREC48","PRESS","QSPEC","TDEW","TEMP","UMID","VPD"],"latest":{"CDD":9.7,"ET0":4.44,"GDD":20.9,"HDD":0.0,"PREC":0,"PREC24":0.0,"PREC48":0.0,"PRESS":1006.7,"QSPEC":11.58,"TDEW":16.4,"TEMP":32.1,"UMID":39,"VPD":2.917},"latest_time":"2026-09-05T20:30","series":"series/14101.csv"}},{"type":"Feature","geometry":{"type":"Point","coordinates":[12.00472,43.79417]},"properties":{"scode":"53138","name":"Verghereto","variables":["CDD","ET0","GDD","HDD","PREC","PREC24","PREC48","TDEW","TEMP","UMID","VPD"],"latest":{"CDD":4.2,"ET0":4.26,"GDD":15.9,"HDD":0.0,"PREC":0,"PREC24":0.0,"PREC48":0.0,"TDEW":14.9,"TEMP":25.2,"UMID":53,"VPD":1.507},"latest_time":"2026-09-05T20:30","series":"series/53138.csv"}},{"type":"Feature","geometry":{"type":"Point","coordinates":[10.57472,44.29472]},"properties":{"scode":"53149","name":"Frassinoro","variables":["CDD","ET0","GDD","HDD","PREC","PREC24","PREC48","TEMP"],"latest":{"CDD":3.2,"ET0":3.19,"GDD":14.2,"HDD":0.0,"PREC":0,"PREC24":0.0,"PREC48":0.0,"TEMP":22.3},"latest_time":"2026-09-05T20:30","series":"series/53149.csv"}},{"type":"Feature","geometry":{"type":"Point","coordinates":[11.65293,44.13487]},"properties":{"scode":"3040","name":"Monte Romano","variables":["PREC","PREC24","PREC48"],"latest":{"PREC":0,"PREC24":0.0,"PREC48":0.0},"latest_time":"2026-09-05T20:30","series":"series/3040.csv"}},{"type":"Feature","geometry":{"type":"Point","coordinates":[11.90114,43.90358]},"properties":{"scode":"3043","name":"Lastra","variables":["PREC","PREC24","PREC48"],"latest":{"PREC":0,"PREC24":0.0,"PREC48":0.0},"latest_time":"2026-09-05T20:30","series":"series/3043.csv"}},{"type":"Feature","geometry":{"type":"Point","coordinates":[12.19345,43.89269]},"properties":{"scode":"3047","name":"Maiano","variables":["PREC","PREC24","PREC48"],"latest":{"PREC":0,"PREC24":0.0,"PREC48":0.0},"latest_time":"2026-09-05T20:30","series":"series/3047.csv"}},{"type":"Feature","geometry":{"type":"Point","coordinates":[9.70231,44.76274]},"properties":{"scode":"5482","name":"S. Michele","variables":["CDD","ET0","GDD","HDD","PREC","PREC24","PREC48","TEMP"],"latest":{"CDD":5.7,"ET0":4.22,"GDD":16.8,"HDD":0.0,"PREC":0,"PREC24":0.0,"PREC48":0.0,"TEMP":25.6},"latest_time":"2026-09-05T20:30","series":"series/5482.csv"}},{"type":"Feature","geometry":{"type":"Point","coordinates":[10.80601,44.63711]},"properties":{"scode":"11282","name":"Marzaglia","variables":["CDD","ET0","GDD","HDD","PREC","PREC24","PREC48","TAPP","TDEW","TEMP","UMID","VPD","VVENTO"],"latest":{"CDD":6.7,"ET0":5.68,"GDD":16.9,"HDD":0.0,"PREC":0,"PREC24":0.0,"PREC48":0.0,"TAPP":27.9,"TDEW":15.1,"TEMP":26.7,"UMID":49,"VPD":1.787,"VVENTO":0.7},"latest_time":"2026-09-05T20:30","series":"series/11282.csv"}},{"type":"Feature","geometry":{"type":"Point","coordinates":[10.32336,44.96761]},"properties":{"scode":"14619","name":"Coltaro di Sissa","variables":["PREC","PREC24","PREC48"],"latest":{"PREC":0,"PREC24":0.0,"PREC48":0.0},"latest_time":"2026-09-05T20:30","series":"series/14619.csv"}},{"type":"Feature","geometry":{"type":"Point","coordinates":[11.56957,44.67442]},"properties":{"scode":"2984","name":"Travallino","variables":["PREC","PREC24","PREC48"],"latest":{"PREC":0,"PREC24":0.0,"PREC48":0.0},"latest_time":"2026-09-05T20:30","series":"series/2984.csv"}},{"type":"Feature","geometry":{"type":"Point","coordinates":[11.56922,44.54052]},"properties":{"scode":"2991","name":"Budrio Olmo","variables":["PREC","PREC24","PREC48"],"latest":{"PREC":0,"PREC24":0.0,"PREC48":0.0},"latest_time":"2026-09-05T20:30","series":"series/2991.csv"}},{"type":"Feature","geometry":{"type":"Point","coordinates":[12.58065,43.92705]},"properties":{"scode":"53245","name":"Monte Colombo","variables":["PREC","PREC24","PREC48"],"latest":{"PREC":0,"PREC24":0.0,"PREC48":0.0},"latest_time":"2026-09-05T20:30","series":"series/53245.csv"}},{"type":"Feature","geometry":{"type":"Point","coordinates":[9.33642,44.62484]},"properties":{"scode":"53246","name":"Ottone","variables":["PREC","PREC24","PREC48"],"latest":{"PREC":0,"PREC24":0.0,"PREC48":0.2},"latest_time":"2026-09-05T20:30","series":"series/53246.csv"}},{"type":"Feature","geometry":{"type":"Point","coordinates":[11.16931,44.10962]},"properties":{"scode":"5345","name":"Cottede","variables":["CDD","ET0","GDD","HDD","PREC","PREC24","PREC48","TEMP"],"latest":{"CDD":2.1,"ET0":4.27,"GDD":13.8,"HDD":0.0,"PREC":0,"PREC24":0.0,"PREC48":0.0,"TEMP":22.3},"latest_time":"2026-09-05T20:30","series":"series/5345.csv"}},{"type":"Feature","geometry":{"type":"Point","coordinates":[11.42536,44.2536]},"properties":{"scode":"5356","name":"Casoni di Romagna","variables":["CDD","ET0","GDD","HDD","PREC","PREC24","PREC48","TEMP"],"latest":{"CDD":4.7,"ET0":3.38,"GDD":15.9,"HDD":0.0,"PREC":0,"PREC24":0.0,"PREC48":0.0,"TEMP":25.4},"latest_time":"2026-09-05T20:30","series":"series/5356.csv"}},{"type":"Feature","geometry":{"type":"Point","coordinates":[10.67408,44.2594]},"properties":{"scode":"5385","name":"Sassostorno","variables":["CDD","ET0","GDD","HDD","PREC","PREC24","PREC48","TEMP"],"latest":{"CDD":5.4,"ET0":4.09,"GDD":17.2,"HDD":0.0,"PREC":0,"PREC24":0.0,"PREC48":0.0,"TEMP":22.8},"latest_time":"2026-09-05T20:30","series":"series/5385.csv"}},{"type":"Feature","geometry":{"type":"Point","coordinates":[11.37465,44.12201]},"properties":{"scode":"5346","name":"Firenzuola","variables":["CDD","ET0","GDD","HDD","PREC","PREC24","PREC48","TEMP"],"latest":{"CDD":4.2,"ET0":4.44,"GDD":14.5,"HDD":0.0,"PREC":0,"PREC24":-0.0,"PREC48":-0.0,"TEMP":24.7},"latest_time":"2026-09-05T20:30","series":"series/5346.csv"}},{"type":"Feature","geometry":{"type":"Point","coordinates":[10.67311,44.19013]},"properties":{"scode":"5392","name":"Doccia di Fiumalbo","variables":["CDD","ET0","GDD","HDD","PREC","PREC24","PREC48","TEMP"],"latest":{"CDD":0.0,"ET0":3.42,"GDD":10.8,"HDD":0.0,"PREC":0,"PREC24":-0.0,"PREC48":-0.0,"TEMP":18.6},"latest_time":"2026-09-05T20:30","series":"series/5392.csv"}},{"type":"Feature","geometry":{"type":"Point","coordinates":[10.51634,44.23713]},"properties":{"scode":"5499","name":"Piandelagotti","variables":["CDD","ET0","GDD","HDD","PREC","PREC24","PREC48","TEMP"],"latest":{"CDD":1.0,"ET0":3.5,"GDD":12.1,"HDD":0.0,"PREC":0,"PREC24":0.0,"PREC48":0.0,"TEMP":20.0},"latest_time":"2026-09-05T20:30","series":"series/5499.csv"}},{"type":"Feature","geometry":{"type":"Point","coordinates":[10.10208,44.36949]},"properties":{"scode":"5398","name":"Lago Ballano","variables":["CDD","ET0","GDD","HDD","PREC","PREC24","PREC48","TEMP"],"latest":{"CDD":0.4,"ET0":2.84,"GDD":11.4,"HDD":0.0,"PREC":0,"PREC24":0.0,"PREC48":0.0,"TEMP":18.2},"latest_time":"2026-09-05T20:30","series":"series/5398.csv"}},{"type":"Feature","geometry":{"type":"Point","coordinates":[10.46582,44.56589]},"properties":{"scode":"5512","name":"Canossa","variables":["CDD","ET0","GDD","HDD","PREC","PREC24","PREC48","TEMP"],"latest":{"CDD":7.2,"ET0":3.93,"GDD":18.1,"HDD":0.0,"PREC":0,"PREC24":0.0,"PREC48":0.0,"TEMP":29.6},"latest_time":"2026-09-05T20:30","series":"series/5512.csv"}},{"type":"Feature","geometry":{"type":"Point","coordinates":[10.5613,44.80247]},"properties":{"scode":"53451","name":"Castelnovo di Sotto","variables":["CDD","ET0","GDD","HDD","PRESS","QSPEC","TDEW","TEMP","UMID","VPD"],"latest":{"CDD":7.0,"ET0":5.25,"GDD":17.8,"HDD":0.0,"PRESS":1012.9,"QSPEC":12.47,"TDEW":17.7,"TEMP":28.8,"UMID":51,"VPD":1.94},"latest_time":"2026-09-05T20:30","series":"series/53451.csv"}},{"type":"Feature","geometry":{"type":"Point","coordinates":[11.89186,43.92525]},"properties":{"scode":"12468","name":"Capaccio","variables":["CDD","ET0","GDD","HDD","PRESS","QSPEC","TDEW","TEMP","UMID","VPD"],"latest":{"CDD":4.1,"ET0":5.39,"GDD":14.4,"HDD":0.0,"PRESS":978.4,"QSPEC":12.1,"TDEW":16.6,"TEMP":26.1,"UMID":56,"VPD":1.488},"latest_time":"2026-09-05T20:30","series":"series/12468.csv"}},{"type":"Feature","geometry":{"type":"Point","coordinates":[10.33049,44.808]},"properties":{"scode":"6031","name":"Parma urbana","variables":["CDD","ET0","GDD","HDD","PRESS","QSPEC","TDEW","TEMP","UMID","VPD"],"latest":{"CDD":8.7,"ET0":4.65,"GDD":20.5,"HDD":0.0,"PRESS":1007.0,"QSPEC":10.1,"TDEW":14.3,"TEMP":33.2,"UMID":32,"VPD":3.459},"latest_time":"2026-09-05T20:30","series":"series/6031.csv"}},{"type":"Feature","geometry":{"type":"Point","coordinates":[12.04182,44.22039]},"properties":{"scode":"53453","name":"Forlì Urbana","variables":["CDD","ET0","GDD","HDD","PRESS","QSPEC","TAPP","TDEW","TEMP","UMID","VPD","VVENTO"],"latest":{"CDD":9.3,"ET0":4.7,"GDD":20.9,"HDD":0.0,"PRESS":1010.3,"QSPEC":8.86,"TAPP":29.4,"TDEW":12.3,"TEMP":29.9,"UMID":34,"VPD":2.784,"VVENTO":1.7},"latest_time":"2026-09-05T20:30","series":"series/53453.csv"}},{"type":"Feature","geometry":{"type":"Point","coordinates":[10.27245,44.80806]},"properties":{"scode":"53435","name":"S. Pancrazio","variables":["CDD","ET0","GDD","HDD","PRESS","QSPEC","TAPP","TDEW","TEMP","UMID","VPD","VVENTO"],"latest":{"CDD":7.3,"ET0":5.35,"GDD":18.1,"HDD":0.0,"PRESS":1009.1,"QSPEC":11.97,"TAPP":32.0,"TDEW":17.0,"TEMP":30.6,"UMID":44,"VPD":2.459,"VVENTO":1.4},"latest_time":"2026-09-05T20:30","series":"series/53435.csv"}},{"type":"Feature","geometry":{"type":"Point","coordinates":[11.00357,44.50354]},"properties":{"scode":"10","name":"Vignola","variables":["CDD","ET0","GDD","HDD","TAPP","TDEW","TEMP","UMID","VPD","VVENTO"],"latest":{"CDD":7.5,"ET0":5.24,"GDD":17.9,"HDD":0.0,"TAPP":27.6,"TDEW":16.0,"TEMP":26.4,"UMID":53,"VPD":1.618,"VVENTO":1.2},"latest_time":"2026-09-05T20:30","series":"series/10.csv"}},{"type":"Feature","geometry":{"type":"Point","coordinates":[11.00875,44.37632]},"properties":{"scode":"5343","name":"Monteombraro","variables":["CDD","ET0","GDD","HDD","TEMP"],"latest":{"CDD":4.8,"ET0":4.2,"GDD":15.6,"HDD":0.0,"TEMP":25.8},"latest_time":"2026-09-05T20:30","series":"series/5343.csv"}},{"type":"Feature","geometry":{"type":"Point","coordinates":[10.00494,45.00253]},"properties":{"scode":"6261","name":"Castellazzo Villanova d'Arda","variables":["CDD","ET0","GDD","HDD","TDEW","TEMP","UMID","VPD"],"latest":{"CDD":7.1,"ET0":5.38,"GDD":17.4,"HDD":0.0,"TDEW":17.2,"TEMP":30.1,"UMID":46,"VPD":2.304},"latest_time":"2026-09-05T20:30","series":"series/6261.csv"}},{"type":"Feature","geometry":{"type":"Point","coordinates":[11.34677,44.4942]},"properties":{"scode":"8433","name":"Bologna Torre Asinelli","variables":["CDD","ET0","GDD","HDD","TEMP","VVENTO"],"latest":{"CDD":8.8,"ET0":3.96,"GDD":20.2,"HDD":0.0,"TEMP":30.9,"VVENTO":3.3},"latest_time":"2026-09-05T20:30","series":"series/8433.csv"}},{"type":"Feature","geometry":{"type":"Point","coordinates":[12.47587,44.21458]},"properties":{"scode":"53146","name":"Nausicaa 2","variables":["CDD","ET0","GDD","HDD","TEMP"],"latest":{"CDD":6.7,"ET0":2.6,"GDD":17.4,"HDD":0.0,"TEMP":28.5},"latest_time":"2026-09-05T20:30","series":"series/53146.csv"}},{"type":"Feature","geometry":{"type":"Point","coordinates":[11.83771,43.83175]},"properties":{"scode":"12465","name":"Lama","variables":["CDD","ET0","GDD","HDD","TEMP"],"latest":{"CDD":4.7,"ET0":3.82,"GDD":15.1,"HDD":0.0,"TEMP":20.6},"latest_time":"2026-09-05T20:30","series":"series/12465.csv"}},{"type":"Feature","geometry":{"type":"Point","coordinates":[11.7472,43.87178]},"properties":{"scode":"12466","name":"Campigna","variables":["CDD","ET0","GDD","HDD","TEMP"],"latest":{"CDD":2.4,"ET0":2.63,"GDD":13.8,"HDD":0.0,"TEMP":22.1},"latest_time":"2026-09-05T20:30","series":"series/12466.csv"}},{"type":"Feature","geometry":{"type":"Point","coordinates":[11.32819,44.26086]},"properties":{"scode":"8","name":"Loiano","variables":["CDD","ET0","GDD","HDD","TDEW","TEMP","UMID","VPD"],"latest":{"CDD":4.4,"ET0":4.62,"GDD":16.5,"HDD":0.0,"TDEW":11.4,"TEMP":32.9,"UMID":27,"VPD":3.651},"latest_time":"2026-09-01T17:00","series":"series/8.csv"}},{"type":"Feature","geometry":{"type":"Point","coordinates":[11.62264,44.65378]},"properties":{"scode":"7","name":"S. Pietro Capofiume","variables":["CDD","ET0","GDD","HDD","TAPP","TDEW","TEMP","UMID","VPD","VVENTO"],"latest":{"CDD":6.6,"ET0":5.21,"GDD":17.2,"HDD":0.0,"TAPP":29.8,"TDEW":19.0,"TEMP":28.6,"UMID":56,"VPD":1.722,"VVENTO":2.9},"latest_time":"2026-09-05T20:30","series":"series/7.csv"}},{"type":"Feature","geometry":{"type":"Point","coordinates":[12.24834,44.81376]},"properties":{"scode":"53432","name":"GIRALDA meteo","variables":["CDD","ET0","GDD","HDD","TAPP","TDEW","TEMP","UMID","VPD","VVENTO"],"latest":{"CDD":5.8,"ET0":4.48,"GDD":16.9,"HDD":0.0,"TAPP":31.4,"TDEW":23.6,"TEMP":27.8,"UMID":78,"VPD":0.822,"VVENTO":2.9},"latest_time":"2026-09-05T20:30","series":"series/53432.csv"}},{"type":"Feature","geometry":{"type":"Point","coordinates":[11.62114,44.8325]},"properties":{"scode":"6035","name":"Ferrara urbana","variables":["CDD","ET0","GDD","HDD","TAPP","TDEW","TEMP","UMID","VPD","VVENTO"],"latest":{"CDD":6.7,"ET0":4.53,"GDD":18.3,"HDD":0.0,"TAPP":30.9,"TDEW":22.3,"TEMP":28.5,"UMID":69,"VPD":1.206,"VVENTO":3.5},"latest_time":"2026-09-05T20:30","series":"series/6035.csv"}},{"type":"Feature","geometry":{"type":"Point","coordinates":[11.59701,44.41112]},"properties":{"scode":"6232","name":"Castel San Pietro Arpa","variables":["CDD","ET0","GDD","HDD","TDEW","TEMP","UMID","VPD"],"latest":{"CDD":8.1,"ET0":5.16,"GDD":17.9,"HDD":0.0,"TDEW":17.7,"TEMP":29.9,"UMID":48,"VPD":2.194},"latest_time":"2026-09-05T20:30","series":"series/6232.csv"}},{"type":"Feature","geometry":{"type":"Point","coordinates":[10.90937,44.55123]},"properties":{"scode":"6233","name":"Formigine","variables":["CDD","ET0","GDD","HDD","TDEW","TEMP","UMID","VPD"],"latest":{"CDD":6.8,"ET0":5.24,"GDD":17.1,"HDD":0.0,"TDEW":15.8,"TEMP":28.9,"UMID":45,"VPD":2.19},"latest_time":"2026-09-05T20:30","series":"series/6233.csv"}},{"type":"Feature","geometry":{"type":"Point","coordinates":[10.31376,44.58338]},"properties":{"scode":"5401","name":"Neviano Arduini","variables":["CDD","ET0","GDD","HDD","TDEW","TEMP","UMID","VPD"],"latest":{"CDD":7.0,"ET0":4.09,"GDD":18.5,"HDD":0.0,"TDEW":13.5,"TEMP":28.0,"UMID":41,"VPD":2.23},"latest_time":"2026-09-05T20:30","series":"series/5401.csv"}},{"type":"Feature","geometry":{"type":"Point","coordinates":[12.21161,44.6884]},"properties":{"scode":"12459","name":"Guagnino","variables":["CDD","ET0","GDD","HDD","TEMP","VVENTO"],"latest":{"CDD":6.7,"ET0":4.69,"GDD":17.8,"HDD":0.0,"TEMP":27.9,"VVENTO":1.6},"latest_time":"2026-09-05T20:30","series":"series/12459.csv"}},{"type":"Feature","geometry":{"type":"Point","coordinates":[12.53622,43.95249]},"properties":{"scode":"6267","name":"Mulazzano","variables":["CDD","ET0","GDD","HDD","TAPP","TDEW","TEMP","UMID","VPD","VVENTO"],"latest":{"CDD":8.2,"ET0":4.34,"GDD":19.8,"HDD":0.0,"TAPP":28.8,"TDEW":14.1,"TEMP":28.6,"UMID":41,"VPD":2.309,"VVENTO":1.6},"latest_time":"2026-09-05T20:30","series":"series/6267.csv"}},{"type":"Feature","geometry":{"type":"Point","coordinates":[11.24125,44.43967]},"properties":{"scode":"2291","name":"Sasso Marconi Arpa","variables":["CDD","ET0","GDD","HDD","TAPP","TDEW","TEMP","UMID","VPD","VVENTO"],"latest":{"CDD":7.8,"ET0":4.1,"GDD":19.1,"HDD":0.0,"TAPP":28.2,"TDEW":17.0,"TEMP":28.8,"UMID":49,"VPD":2.019,"VVENTO":4.2},"latest_time":"2026-09-05T20:30","series":"series/2291.csv"}},{"type":"Feature","geometry":{"type":"Point","coordinates":[11.29056,44.62775]},"properties":{"scode":"6264","name":"Padulle Sala Bolognese","variables":["CDD","ET0","GDD","HDD","TDEW","TEMP","UMID","VPD"],"latest":{"CDD":5.9,"ET0":5.06,"GDD":17.0,"HDD":0.0,"TDEW":16.7,"TEMP":28.5,"UMID":49,"VPD":1.985},"latest_time":"2026-09-05T20:30","series":"series/6264.csv"}},{"type":"Feature","geometry":{"type":"Point","coordinates":[11.02747,44.63005]},"properties":{"scode":"2290","name":"Castelfranco Emilia","variables":["CDD","ET0","GDD","HDD","TDEW","TEMP","UMID","VPD"],"latest":{"CDD":5.7,"ET0":5.27,"GDD":16.8,"HDD":0.0,"TDEW":17.4,"TEMP":27.5,"UMID":54,"VPD":1.689},"latest_time":"2026-09-05T20:30","series":"series/2290.csv"}},{"type":"Feature","geometry":{"type":"Point","coordinates":[12.57354,44.05919]},"properties":{"scode":"6039","name":"Rimini urbana","variables":["CDD","ET0","GDD","HDD","TAPP","TDEW","TEMP","UMID","VPD","VVENTO"],"latest":{"CDD":6.8,"ET0":4.01,"GDD":17.4,"HDD":0.0,"TAPP":31.8,"TDEW":20.5,"TEMP":28.8,"UMID":61,"VPD":1.544,"VVENTO":1.3},"latest_time":"2026-09-05T20:30","series":"series/6039.csv"}},{"type":"Feature","geometry":{"type":"Point","coordinates":[10.51062,44.68953]},"properties":{"scode":"2306","name":"Cavriago","variables":["CDD","ET0","GDD","HDD","TDEW","TEMP","UMID","VPD"],"latest":{"CDD":6.3,"ET0":5.19,"GDD":17.8,"HDD":0.0,"TDEW":17.6,"TEMP":28.4,"UMID":52,"VPD":1.857},"latest_time":"2026-09-05T20:30","series":"series/2306.csv"}},{"type":"Feature","geometry":{"type":"Point","coordinates":[9.67965,45.05492]},"properties":{"scode":"6030","name":"Piacenza urbana","variables":["CDD","ET0","GDD","HDD","TAPP","TDEW","TEMP","UMID","VPD","VVENTO"],"latest":{"CDD":7.2,"ET0":4.8,"GDD":18.8,"HDD":0.0,"TAPP":33.7,"TDEW":18.6,"TEMP":31.6,"UMID":46,"VPD":2.51,"VVENTO":1.4},"latest_time":"2026-09-05T20:30","series":"series/6030.csv"}},{"type":"Feature","geometry":{"type":"Point","coordinates":[10.87451,44.88542]},"properties":{"scode":"2981","name":"Rolo","variables":["CDD","ET0","GDD","HDD","TAPP","TDEW","TEMP","UMID","VPD","VVENTO"],"latest":{"CDD":6.1,"ET0":5.12,"GDD":17.3,"HDD":0.0,"TAPP":31.9,"TDEW":19.5,"TEMP":28.9,"UMID":57,"VPD":1.713,"VVENTO":0.7},"latest_time":"2026-09-05T20:30","series":"series/2981.csv"}},{"type":"Feature","geometry":{"type":"Point","coordinates":[11.45436,44.83186]},"properties":{"scode":"6643","name":"Mirabello","variables":["CDD","ET0","GDD","HDD","TDEW","TEMP","UMID","VPD"],"latest":{"CDD":5.5,"ET0":5.11,"GDD":16.4,"HDD":0.0,"TDEW":16.7,"TEMP":28.8,"UMID":48,"VPD":2.059},"latest_time":"2026-09-05T20:30","series":"series/6643.csv"}},{"type":"Feature","geometry":{"type":"Point","coordinates":[12.1602,44.31392]},"properties":{"scode":"2295","name":"S. Pietro in Vincoli","variables":["CDD","ET0","GDD","HDD","TDEW","TEMP","UMID","VPD"],"latest":{"CDD":5.9,"ET0":5.48,"GDD":16.5,"HDD":0.0,"TDEW":16.3,"TEMP":27.3,"UMID":51,"VPD":1.778},"latest_time":"2026-09-05T20:30","series":"series/2295.csv"}},{"type":"Feature","geometry":{"type":"Point","coordinates":[11.14493,44.695]},"properties":{"scode":"2301","name":"S. Agata Bolognese","variables":["CDD","ET0","GDD","HDD","TDEW","TEMP","UMID","VPD"],"latest":{"CDD":5.8,"ET0":5.21,"GDD":16.8,"HDD":0.0,"TDEW":17.2,"TEMP":28.6,"UMID":50,"VPD":1.957},"latest_time":"2026-09-05T20:30","series":"series/2301.csv"}},{"type":"Feature","geometry":{"type":"Point","coordinates":[10.77293,44.74325]},"properties":{"scode":"2305","name":"Correggio","variables":["CDD","ET0","GDD","HDD","TDEW","TEMP","UMID","VPD"],"latest":{"CDD":5.4,"ET0":5.27,"GDD":16.8,"HDD":0.0,"TDEW":18.8,"TEMP":27.0,"UMID":61,"VPD":1.39},"latest_time":"2026-09-05T20:30","series":"series/2305.csv"}},{"type":"Feature","geometry":{"type":"Point","coordinates":[10.623,44.32841]},"properties":{"scode":"6240","name":"Montefiorino","variables":["CDD","ET0","GDD","HDD","TDEW","TEMP","UMID","VPD"],"latest":{"CDD":6.6,"ET0":4.38,"GDD":17.7,"HDD":0.0,"TDEW":14.3,"TEMP":22.5,"UMID":60,"VPD":1.09},"latest_time":"2026-09-05T20:30","series":"series/6240.csv"}},{"type":"Feature","geometry":{"type":"Point","coordinates":[12.71139,43.9261]},"properties":{"scode":"6270","name":"Morciano","variables":["CDD","ET0","GDD","HDD","TDEW","TEMP","UMID","VPD"],"latest":{"CDD":9.0,"ET0":4.07,"GDD":19.7,"HDD":0.0,"TDEW":15.0,"TEMP":29.2,"UMID":42,"VPD":2.35},"latest_time":"2026-09-05T20:30","series":"series/6270.csv"}},{"type":"Feature","geometry":{"type":"Point","coordinates":[10.03873,44.78042]},"properties":{"scode":"6242","name":"Pieve di Cusignano","variables":["CDD","ET0","GDD","HDD","TDEW","TEMP","UMID","VPD"],"latest":{"CDD":8.1,"ET0":4.58,"GDD":19.4,"HDD":0.0,"TDEW":18.0,"TEMP":29.5,"UMID":50,"VPD":2.061},"latest_time":"2026-09-05T20:30","series":"series/6242.csv"}},{"type":"Feature","geometry":{"type":"Point","coordinates":[10.50865,44.47562]},"properties":{"scode":"6239","name":"Carpineti","variables":["CDD","ET0","GDD","HDD","TDEW","TEMP","UMID","VPD"],"latest":{"CDD":6.8,"ET0":3.53,"GDD":18.1,"HDD":0.0,"TDEW":13.3,"TEMP":26.5,"UMID":44,"VPD":1.939},"latest_time":"2026-09-05T20:30","series":"series/6239.csv"}},{"type":"Feature","geometry":{"type":"Point","coordinates":[11.12578,44.82606]},"properties":{"scode":"6263","name":"S. Felice sul Panaro","variables":["CDD","ET0","GDD","HDD","TDEW","TEMP","UMID","VPD"],"latest":{"CDD":5.1,"ET0":4.97,"GDD":16.0,"HDD":0.0,"TDEW":18.2,"TEMP":28.1,"UMID":55,"VPD":1.711},"latest_time":"2026-09-05T20:30","series":"series/6263.csv"}},{"type":"Feature","geometry":{"type":"Point","coordinates":[12.27459,44.08903]},"properties":{"scode":"2307","name":"Carpineta","variables":["CDD","ET0","GDD","HDD","TDEW","TEMP","UMID","VPD"],"latest":{"CDD":9.2,"ET0":5.01,"GDD":20.3,"HDD":0.0,"TDEW":13.6,"TEMP":26.9,"UMID":44,"VPD":1.985},"latest_time":"2026-09-05T20:30","series":"series/2307.csv"}},{"type":"Feature","geometry":{"type":"Point","coordinates":[9.58959,45.04139]},"properties":{"scode":"6260","name":"S. Nicolo'","variables":["CDD","ET0","GDD","HDD","TDEW","TEMP","UMID","VPD"],"latest":{"CDD":5.6,"ET0":5.18,"GDD":16.9,"HDD":0.0,"TDEW":19.7,"TEMP":29.4,"UMID":56,"VPD":1.804},"latest_time":"2026-09-05T20:30","series":"series/6260.csv"}},{"type":"Feature","geometry":{"type":"Point","coordinates":[10.16786,45.00695]},"properties":{"scode":"6237","name":"Zibello","variables":["CDD","ET0","GDD","HDD","TDEW","TEMP","UMID","VPD"],"latest":{"CDD":5.6,"ET0":4.88,"GDD":16.5,"HDD":0.0,"TDEW":18.8,"TEMP":29.4,"UMID":53,"VPD":1.927},"latest_time":"2026-09-05T20:30","series":"series/6237.csv"}},{"type":"Feature","geometry":{"type":"Point","coordinates":[11.20006,44.49614]},"properties":{"scode":"7218","name":"Zola Predosa","variables":["CDD","ET0","GDD","HDD","TDEW","TEMP","UMID","VPD"],"latest":{"CDD":6.7,"ET0":5.28,"GDD":17.1,"HDD":0.0,"TDEW":17.1,"TEMP":28.2,"UMID":51,"VPD":1.874},"latest_time":"2026-09-05T20:30","series":"series/7218.csv"}},{"type":"Feature","geometry":{"type":"Point","coordinates":[11.86667,44.44853]},"properties":{"scode":"2292","name":"S. Agata sul Santerno","variables":["CDD","ET0","GDD","HDD","TDEW","TEMP","UMID","VPD"],"latest":{"CDD":6.5,"ET0":5.46,"GDD":16.9,"HDD":0.0,"TDEW":17.3,"TEMP":27.4,"UMID":54,"VPD":1.679},"latest_time":"2026-09-05T20:30","series":"series/2292.csv"}},{"type":"Feature","geometry":{"type":"Point","coordinates":[11.9819,44.04111]},"properties":{"scode":"6259","name":"Cusercoli","variables":["CDD","ET0","GDD","HDD","TDEW","TEMP","UMID","VPD"],"latest":{"CDD":8.9,"ET0":4.08,"GDD":19.5,"HDD":0.0,"TDEW":16.7,"TEMP":29.2,"UMID":47,"VPD":2.148},"latest_time":"2026-09-05T20:30","series":"series/6259.csv"}},{"type":"Feature","geometry":{"type":"Point","coordinates":[10.97129,44.77839]},"properties":{"scode":"10141","name":"Cortile di Carpi","variables":["CDD","ET0","GDD","HDD","TEMP"],"latest":{"CDD":4.9,"ET0":5.24,"GDD":16.4,"HDD":0.0,"TEMP":26.7},"latest_time":"2026-09-05T20:30","series":"series/10141.csv"}},{"type":"Feature","geometry":{"type":"Point","coordinates":[11.01631,44.88612]},"properties":{"scode":"6245","name":"Mirandola","variables":["CDD","ET0","GDD","HDD","TDEW","TEMP","UMID","VPD"],"latest":{"CDD":4.7,"ET0":5.24,"GDD":15.9,"HDD":0.0,"TDEW":18.9,"TEMP":27.1,"UMID":61,"VPD":1.399},"latest_time":"2026-09-05T20:30","series":"series/6245.csv"}},{"type":"Feature","geometry":{"type":"Point","coordinates":[11.69918,44.55254]},"properties":{"scode":"6228","name":"S. Antonio Arpa","variables":["CDD","ET0","GDD","HDD","TDEW","TEMP","UMID","VPD"],"latest":{"CDD":6.9,"ET0":5.44,"GDD":17.4,"HDD":0.0,"TDEW":17.5,"TEMP":30.4,"UMID":46,"VPD":2.344},"latest_time":"2026-09-05T20:30","series":"series/6228.csv"}},{"type":"Feature","geometry":{"type":"Point","coordinates":[11.26172,44.28002]},"properties":{"scode":"53433","name":"Monzuno","variables":["CDD","ET0","GDD","HDD","TDEW","TEMP","UMID","VPD"],"latest":{"CDD":6.2,"ET0":3.19,"GDD":17.5,"HDD":0.0,"TDEW":10.0,"TEMP":27.2,"UMID":34,"VPD":2.381},"latest_time":"2026-09-05T20:30","series":"series/53433.csv"}},{"type":"Feature","geometry":{"type":"Point","coordinates":[11.05908,44.23029]},"properties":{"scode":"53434","name":"Riola di Vergato","variables":["CDD","ET0","GDD","HDD","TDEW","TEMP","UMID","VPD"],"latest":{"CDD":3.8,"ET0":5.48,"GDD":14.4,"HDD":0.0,"TDEW":16.8,"TEMP":27.5,"UMID":52,"VPD":1.762},"latest_time":"2026-09-05T20:30","series":"series/53434.csv"}},{"type":"Feature","geometry":{"type":"Point","coordinates":[10.6337,44.69781]},"properties":{"scode":"6032","name":"Reggio nell'Emilia urbana","variables":["CDD","ET0","GDD","HDD","TAPP","TDEW","TEMP","UMID","VPD","VVENTO"],"latest":{"CDD":8.0,"ET0":4.65,"GDD":19.8,"HDD":0.0,"TAPP":33.5,"TDEW":15.8,"TEMP":31.9,"UMID":38,"VPD":2.931,"VVENTO":0.4},"latest_time":"2026-09-05T20:30","series":"series/6032.csv"}},{"type":"Feature","geometry":{"type":"Point","coordinates":[12.27744,44.48044]},"properties":{"scode":"53441","name":"Marina di Ravenna","variables":["CDD","ET0","GDD","HDD","TDEW","TEMP","UMID","VPD"],"latest":{"CDD":6.6,"ET0":5.01,"GDD":17.8,"HDD":0.0,"TDEW":20.6,"TEMP":27.8,"UMID":65,"VPD":1.308},"latest_time":"2026-09-05T20:30","series":"series/53441.csv"}},{"type":"Feature","geometry":{"type":"Point","coordinates":[12.26806,44.16562]},"properties":{"scode":"4","name":"Martorano","variables":["CDD","ET0","GDD","HDD","TDEW","TEMP","UMID","VPD"],"latest":{"CDD":6.4,"ET0":5.07,"GDD":18.3,"HDD":0.0,"TDEW":15.3,"TEMP":28.8,"UMID":44,"VPD":2.217},"latest_time":"2026-09-05T20:30","series":"series/4.csv"}},{"type":"Feature","geometry":{"type":"Point","coordinates":[12.20003,44.415]},"properties":{"scode":"53452","name":"Ravenna urbana","variables":["CDD","ET0","GDD","HDD","TAPP","TDEW","TEMP","UMID","VPD","VVENTO"],"latest":{"CDD":8.7,"ET0":4.81,"GDD":20.4,"HDD":0.0,"TAPP":30.2,"TDEW":18.5,"TEMP":28.7,"UMID":54,"VPD":1.811,"VVENTO":2.2},"latest_time":"2026-09-05T20:30","series":"series/53452.csv"}},{"type":"Feature","geometry":{"type":"Point","coordinates":[11.84403,44.5635]},"properties":{"scode":"2308","name":"Lavezzola","variables":["CDD","ET0","GDD","HDD","TDEW","TEMP","UMID","VPD"],"latest":{"CDD":6.5,"ET0":5.29,"GDD":17.1,"HDD":0.0,"TDEW":18.7,"TEMP":28.6,"UMID":55,"VPD":1.761},"latest_time":"2026-09-05T20:30","series":"series/2308.csv"}},{"type":"Feature","geometry":{"type":"Point","coordinates":[11.53379,44.57105]},"properties":{"scode":"6227","name":"Mezzolara","variables":["CDD","ET0","GDD","HDD","TDEW","TEMP","UMID","VPD"],"latest":{"CDD":7.1,"ET0":5.16,"GDD":18.0,"HDD":0.0,"TDEW":17.5,"TEMP":30.0,"UMID":47,"VPD":2.249},"latest_time":"2026-09-05T20:30","series":"series/6227.csv"}},{"type":"Feature","geometry":{"type":"Point","coordinates":[10.3807,44.88547]},"properties":{"scode":"53010","name":"Gainago","variables":["CDD","ET0","GDD","HDD","TDEW","TEMP","UMID","VPD"],"latest":{"CDD":6.9,"ET0":4.84,"GDD":18.1,"HDD":0.0,"TDEW":18.0,"TEMP":28.8,"UMID":52,"VPD":1.901},"latest_time":"2026-09-05T20:30","series":"series/53010.csv"}},{"type":"Feature","geometry":{"type":"Point","coordinates":[11.28402,44.83906]},"properties":{"scode":"2","name":"Finale Emilia","variables":["CDD","ET0","GDD","HDD","TEMP","VVENTO"],"latest":{"CDD":1.4,"ET0":3.8,"GDD":15.1,"HDD":0.0,"TEMP":30.5,"VVENTO":1},"latest_time":"2026-09-05T20:30","series":"series/2.csv"}},{"type":"Feature","geometry":{"type":"Point","coordinates":[12.10134,44.57337]},"properties":{"scode":"53437","name":"Umana","variables":["CDD","ET0","GDD","HDD","TAPP","TDEW","TEMP","UMID","VPD","VVENTO"],"latest":{"CDD":7.0,"ET0":5.45,"GDD":17.5,"HDD":0.0,"TAPP":29.3,"TDEW":19.5,"TEMP":27.2,"UMID":63,"VPD":1.335,"VVENTO":1.9},"latest_time":"2026-09-05T20:30","series":"series/53437.csv"}},{"type":"Feature","geometry":{"type":"Point","coordinates":[11.65625,44.85892]},"properties":{"scode":"53438","name":"Malborghetto di Boara","variables":["CDD","ET0","GDD","HDD","TAPP","TDEW","TEMP","UMID","VPD","VVENTO"],"latest":{"CDD":5.5,"ET0":5.23,"GDD":16.2,"HDD":0.0,"TAPP":29.4,"TDEW":22.1,"TEMP":26.7,"UMID":76,"VPD":0.841,"VVENTO":3},"latest_time":"2026-09-05T20:30","series":"series/53438.csv"}},{"type":"Feature","geometry":{"type":"Point","coordinates":[11.46209,44.40274]},"properties":{"scode":"53439","name":"Settefonti","variables":["CDD","ET0","GDD","HDD","TAPP","TDEW","TEMP","UMID","VPD","VVENTO"],"latest":{"CDD":8.4,"ET0":5.21,"GDD":19.5,"HDD":0.0,"TAPP":27.6,"TDEW":13.7,"TEMP":28.2,"UMID":41,"VPD":2.256,"VVENTO":2.5},"latest_time":"2026-09-05T20:30","series":"series/53439.csv"}},{"type":"Feature","geometry":{"type":"Point","coordinates":[11.36743,44.54841]},"properties":{"scode":"53440","name":"Serpieri","variables":["CDD","ET0","GDD","HDD","TAPP","TDEW","TEMP","UMID","VPD","VVENTO"],"latest":{"CDD":8.0,"ET0":5.17,"GDD":18.6,"HDD":0.0,"TAPP":31.0,"TDEW":15.5,"TEMP":29.8,"UMID":42,"VPD":2.433,"VVENTO":0.8},"latest_time":"2026-09-05T20:30","series":"series/53440.csv"}},{"type":"Feature","geometry":{"type":"Point","coordinates":[11.84312,44.05597]},"properties":{"scode":"53442","name":"Rocca San Casciano Meteo","variables":["CDD","ET0","GDD","HDD","TDEW","TEMP","UMID","VPD"],"latest":{"CDD":7.1,"ET0":5.12,"GDD":17.2,"HDD":0.0,"TDEW":16.4,"TEMP":25.8,"UMID":56,"VPD":1.462},"latest_time":"2026-09-05T20:30","series":"series/53442.csv"}},{"type":"Feature","geometry":{"type":"Point","coordinates":[11.00561,44.11827]},"properties":{"scode":"53443","name":"Diga di Pavana","variables":["CDD","ET0","GDD","HDD","TDEW","TEMP","UMID","VPD"],"latest":{"CDD":5.2,"ET0":3.97,"GDD":16.0,"HDD":0.0,"TDEW":17.7,"TEMP":24.7,"UMID":65,"VPD":1.089},"latest_time":"2026-09-05T20:30","series":"series/53443.csv"}},{"type":"Feature","geometry":{"type":"Point","coordinates":[12.09804,44.83504]},"properties":{"scode":"53449","name":"Codigoro","variables":["CDD","ET0","GDD","HDD","TDEW","TEMP","UMID","VPD"],"latest":{"CDD":6.6,"ET0":4.97,"GDD":18.0,"HDD":0.0,"TDEW":22.3,"TEMP":27.6,"UMID":73,"VPD":0.997},"latest_time":"2026-09-05T20:30","series":"series/53449.csv"}},{"type":"Feature","geometry":{"type":"Point","coordinates":[12.26505,44.35313]},"properties":{"scode":"53445","name":"Idrovora Fosso Ghiaia","variables":["CDD","ET0","GDD","HDD","TDEW","TEMP","UMID","VPD"],"latest":{"CDD":5.9,"ET0":5.4,"GDD":17.1,"HDD":0.0,"TDEW":19.0,"TEMP":26.6,"UMID":63,"VPD":1.289},"latest_time":"2026-09-05T20:30","series":"series/53445.csv"}},{"type":"Feature","geometry":{"type":"Point","coordinates":[12.08634,43.89078]},"properties":{"scode":"53446","name":"DIga di Quarto","variables":["CDD","ET0","GDD","HDD","TDEW","TEMP","UMID","VPD"],"latest":{"CDD":7.8,"ET0":5.46,"GDD":18.2,"HDD":0.0,"TDEW":14.5,"TEMP":26.0,"UMID":49,"VPD":1.714},"latest_time":"2026-09-05T20:30","series":"series/53446.csv"}},{"type":"Feature","geometry":{"type":"Point","coordinates":[11.79314,43.90708]},"properties":{"scode":"53447","name":"Corniolo","variables":["CDD","ET0","GDD","HDD","TDEW","TEMP","UMID","VPD"],"latest":{"CDD":5.1,"ET0":5.07,"GDD":16.0,"HDD":0.0,"TDEW":16.1,"TEMP":24.1,"UMID":61,"VPD":1.171},"latest_time":"2026-09-05T20:30","series":"series/53447.csv"}},{"type":"Feature","geometry":{"type":"Point","coordinates":[11.0428,44.13436]},"properties":{"scode":"53448","name":"Diga di Suviana","variables":["CDD","ET0","GDD","HDD","TDEW","TEMP","UMID","VPD"],"latest":{"CDD":5.6,"ET0":3.73,"GDD":15.6,"HDD":0.0,"TDEW":17.2,"TEMP":25.0,"UMID":62,"VPD":1.204},"latest_time":"2026-09-05T20:30","series":"series/53448.csv"}},{"type":"Feature","geometry":{"type":"Point","coordinates":[11.88483,44.71096]},"properties":{"scode":"53436","name":"Martinella","variables":["CDD","ET0","GDD","HDD","TAPP","TDEW","TEMP","UMID","VPD","VVENTO"],"latest":{"CDD":4.8,"ET0":4.86,"GDD":17.6,"HDD":0.0,"TAPP":29.1,"TDEW":21.4,"TEMP":27.4,"UMID":70,"VPD":1.095,"VVENTO":3.9},"latest_time":"2026-09-05T20:30","series":"series/53436.csv"}},{"type":"Feature","geometry":{"type":"Point","coordinates":[10.9567,44.70214]},"properties":{"scode":"2289","name":"Albareto","variables":["CDD","ET0","GDD","HDD","TDEW","TEMP","UMID","VPD"],"latest":{"CDD":5.5,"ET0":5.35,"GDD":16.4,"HDD":0.0,"TDEW":18.2,"TEMP":27.5,"UMID":57,"VPD":1.579},"latest_time":"2026-09-05T20:30","series":"series/2289.csv"}},{"type":"Feature","geometry":{"type":"Point","coordinates":[12.24944,44.67667]},"properties":{"scode":"14387","name":"Porto Garibaldi","variables":["VVENTO"],"latest":{"VVENTO":5},"latest_time":"2026-09-05T20:30","series":"series/14387.csv"}},{"type":"Feature","geometry":{"type":"Point","coordinates":[11.92193,44.36161]},"properties":{"scode":"6257","name":"Granarolo Faentino","variables":["VVENTO"],"latest":{"VVENTO":1.2},"latest_time":"2026-09-05T20:30","series":"series/6257.csv"}}]}