datetime,CDD,ET0,GDD,HDD,PREC,PREC24,PREC48,TEMP
2026-09-06T11:45,,,,,0.00,0.0,0.0,
2026-09-06T11:46,,,,,0.00,0.0,0.0,
2026-09-06T11:47,,,,,0.00,0.0,0.0,
2026-09-06T11:48,,,,,0.00,0.0,0.0,
2026-09-06T11:49,,,,,0.00,0.0,0.0,
2026-09-06T11:50,,,,,0.00,0.0,0.0,25.20
2026-09-06T11:51,,,,,0.00,0.0,0.0,
2026-09-06T11:52,,,,,0.00,0.0,0.0,
2026-09-06T11:53,,,,,0.00,0.0,0.0,
2026-09-06T11:54,,,,,0.00,0.0,0.0,
2026-09-06T11:55,,,,,0.00,0.0,0.0,
2026-09-06T11:56,,,,,0.00,0.0,0.0,
2026-09-06T11:57,,,,,0.00,0.0,0.0,
2026-09-06T11:58,,,,,0.00,0.0,0.0,
2026-09-06T11:59,,,,,0.00,0.0,0.0,
2026-09-06T12:00,,,,,0.00,0.0,0.0,25.20
2026-09-06T12:01,,,,,0.00,0.0,0.0,
2026-09-06T12:02,,,,,0.00,0.0,0.0,
2026-09-06T12:03,,,,,0.00,0.0,0.0,
2026-09-06T12:04,,,,,0.00,0.0,0.0,
2026-09-06T12:05,,,,,0.00,0.0,0.0,
2026-09-06T12:06,,,,,0.00,0.0,0.0,
2026-09-06T12:07,,,,,0.00,0.0,0.0,
2026-09-06T12:08,,,,,0.00,0.0,0.0,
2026-09-06T12:09,,,,,0.00,0.0,0.0,
2026-09-06T12:10,,,,,0.00,0.0,0.0,25.40
2026-09-06T12:11,,,,,0.00,0.0,0.0,
2026-09-06T12:12,,,,,0.00,0.0,0.0,
2026-09-06T12:13,,,,,0.00,0.0,0.0,
2026-09-06T12:14,,,,,0.00,0.0,0.0,
2026-09-06T12:15,,,,,0.00,0.0,0.0,
2026-09-06T12:16,,,,,0.00,0.0,0.0,
2026-09-06T12:17,,,,,0.00,0.0,0.0,
2026-09-06T12:18,,,,,0.00,0.0,0.0,
2026-09-06T12:19,,,,,0.00,0.0,0.0,
2026-09-06T12:20,,,,,0.00,0.0,0.0,24.90
2026-09-06T12:21,,,,,0.00,0.0,0.0,
2026-09-06T12:22,,,,,0.00,0.0,0.0,
2026-09-06T12:23,,,,,0.00,0.0,0.0,
2026-09-06T12:24,,,,,0.00,0.0,0.0,
2026-09-06T12:25,,,,,0.00,0.0,0.0,
2026-09-06T12:26,,,,,0.00,0.0,0.0,
2026-09-06T12:27,,,,,0.00,0.0,0.0,
2026-09-06T12:28,,,,,0.00,0.0,0.0,
2026-09-06T12:29,,,,,0.00,0.0,0.0,
2026-09-06T12:30,,,,,0.00,0.0,0.0,24.90
2026-09-06T12:31,,,,,0.00,0.0,0.0,
2026-09-06T12:32,,,,,0.00,0.0,0.0,
2026-09-06T12:33,,,,,0.00,0.0,0.0,
2026-09-06T12:34,,,,,0.00,0.0,0.0,
2026-09-06T12:35,,,,,0.00,0.0,0.0,
2026-09-06T12:36,,,,,0.00,0.0,0.0,
2026-09-06T12:37,,,,,0.00,0.0,0.0,
2026-09-06T12:38,,,,,0.00,0.0,0.0,
2026-09-06T12:39,,,,,0.00,0.0,0.0,
2026-09-06T12:40,,,,,0.00,0.0,0.0,25.70
2026-09-06T12:41,,,,,0.00,0.0,0.0,
2026-09-06T12:42,,,,,0.00,0.0,0.0,
2026-09-06T12:43,,,,,0.00,0.0,0.0,
2026-09-06T12:44,,,,,0.00,0.0,0.0,
2026-09-06T12:45,,,,,0.00,0.0,0.0,
2026-09-06T12:46,,,,,0.00,0.0,0.0,
2026-09-06T12:47,,,,,0.00,0.0,0.0,
2026-09-06T12:48,,,,,0.00,0.0,0.0,
2026-09-06T12:49,,,,,0.00,0.0,0.0,
2026-09-06T12:50,,,,,0.00,0.0,0.0,25.90
2026-09-06T12:51,,,,,0.00,0.0,0.0,
2026-09-06T12:52,,,,,0.00,0.0,0.0,
2026-09-06T12:53,,,,,0.00,0.0,0.0,
2026-09-06T12:54,,,,,0.00,0.0,0.0,
2026-09-06T12:55,,,,,0.00,0.0,0.0,
2026-09-06T12:56,,,,,0.00,0.0,0.0,
2026-09-06T12:57,,,,,0.00,0.0,0.0,
2026-09-06T12:58,,,,,0.00,0.0,0.0,
2026-09-06T12:59,,,,,0.00,0.0,0.0,
2026-09-06T13:00,0.0,3.25,11.4,0.0,0.00,0.0,0.0,25.10
2026-09-06T13:01,,,,,0.00,0.0,0.0,
2026-09-06T13:02,,,,,0.00,0.0,0.0,
2026-09-06T13:03,,,,,0.00,0.0,0.0,
2026-09-06T13:04,,,,,0.00,0.0,0.0,
2026-09-06T13:05,,,,,0.00,0.0,0.0,
2026-09-06T13:06,,,,,0.00,0.0,0.0,
2026-09-06T13:07,,,,,0.00,0.0,0.0,
2026-09-06T13:08,,,,,0.00,0.0,0.0,
2026-09-06T13:09,,,,,0.00,0.0,0.0,
2026-09-06T13:10,,,,,0.00,0.0,0.0,25.20
2026-09-06T13:11,,,,,0.00,0.0,0.0,
2026-09-06T13:12,,,,,0.00,0.0,0.0,
2026-09-06T13:13,,,,,0.00,0.0,0.0,
2026-09-06T13:14,,,,,0.00,0.0,0.0,
2026-09-06T13:15,,,,,0.00,0.0,0.0,
2026-09-06T13:16,,,,,0.00,0.0,0.0,
2026-09-06T13:17,,,,,0.00,0.0,0.0,
2026-09-06T13:18,,,,,0.00,0.0,0.0,
2026-09-06T13:19,,,,,0.00,0.0,0.0,
2026-09-06T13:20,,,,,0.00,0.0,0.0,25.00
2026-09-06T13:21,,,,,0.00,0.0,0.0,
2026-09-06T13:22,,,,,0.00,0.0,0.0,
2026-09-06T13:23,,,,,0.00,0.0,0.0,
2026-09-06T13:24,,,,,0.00,0.0,0.0,
2026-09-06T13:25,,,,,0.00,0.0,0.0,
2026-09-06T13:26,,,,,0.00,0.0,0.0,
2026-09-06T13:27,,,,,0.00,0.0,0.0,
2026-09-06T13:28,,,,,0.00,0.0,0.0,
2026-09-06T13:29,,,,,0.00,0.0,0.0,
2026-09-06T13:30,,,,,0.00,0.0,0.0,25.10
2026-09-06T13:31,,,,,0.00,0.0,0.0,
2026-09-06T13:32,,,,,0.00,0.0,0.0,
2026-09-06T13:33,,,,,0.00,0.0,0.0,
2026-09-06T13:34,,,,,0.00,0.0,0.0,
2026-09-06T13:35,,,,,0.00,0.0,0.0,
2026-09-06T13:36,,,,,0.00,0.0,0.0,
2026-09-06T13:37,,,,,0.00,0.0,0.0,
2026-09-06T13:38,,,,,0.00,0.0,0.0,
2026-09-06T13:39,,,,,0.00,0.0,0.0,
2026-09-06T13:40,,,,,0.00,0.0,0.0,25.20
2026-09-06T13:41,,,,,0.00,0.0,0.0,
2026-09-06T13:42,,,,,0.00,0.0,0.0,
2026-09-06T13:43,,,,,0.00,0.0,0.0,
2026-09-06T13:44,,,,,0.00,0.0,0.0,
2026-09-06T13:45,,,,,0.00,0.0,0.0,
2026-09-06T13:46,,,,,0.00,0.0,0.0,
2026-09-06T13:47,,,,,0.00,0.0,0.0,
2026-09-06T13:48,,,,,0.00,0.0,0.0,
2026-09-06T13:49,,,,,0.00,0.0,0.0,
2026-09-06T13:50,,,,,0.00,0.0,0.0,25.20
2026-09-06T13:51,,,,,0.00,0.0,0.0,
2026-09-06T13:52,,,,,0.00,0.0,0.0,
2026-09-06T13:53,,,,,0.00,0.0,0.0,
2026-09-06T13:54,,,,,0.00,0.0,0.0,
2026-09-06T13:55,,,,,0.00,0.0,0.0,
2026-09-06T13:56,,,,,0.00,0.0,0.0,
2026-09-06T13:57,,,,,0.00,0.0,0.0,
2026-09-06T13:58,,,,,0.00,0.0,0.0,
2026-09-06T13:59,,,,,0.00,0.0,0.0,
2026-09-06T14:00,,,,,0.00,0.0,0.0,25.00
2026-09-06T14:01,,,,,0.00,0.0,0.0,
2026-09-06T14:02,,,,,0.00,0.0,0.0,
2026-09-06T14:03,,,,,0.00,0.0,0.0,
2026-09-06T14:04,,,,,0.00,0.0,0.0,
2026-09-06T14:05,,,,,0.00,0.0,0.0,
2026-09-06T14:06,,,,,0.00,0.0,0.0,
2026-09-06T14:07,,,,,0.00,0.0,0.0,
2026-09-06T14:08,,,,,0.00,0.0,0.0,
2026-09-06T14:09,,,,,0.00,0.0,0.0,
2026-09-06T14:10,,,,,0.00,0.0,0.0,24.80
2026-09-06T14:11,,,,,0.00,0.0,0.0,
2026-09-06T14:12,,,,,0.00,0.0,0.0,
2026-09-06T14:13,,,,,0.00,0.0,0.0,
2026-09-06T14:14,,,,,0.00,0.0,0.0,
2026-09-06T14:15,,,,,0.00,0.0,0.0,
2026-09-06T14:16,,,,,0.00,0.0,0.0,
2026-09-06T14:17,,,,,0.00,0.0,0.0,
2026-09-06T14:18,,,,,0.00,0.0,0.0,
2026-09-06T14:19,,,,,0.00,0.0,0.0,
2026-09-06T14:20,,,,,0.00,0.0,0.0,25.00
2026-09-06T14:21,,,,,0.00,0.0,0.0,
2026-09-06T14:22,,,,,0.00,0.0,0.0,
2026-09-06T14:23,,,,,0.00,0.0,0.0,
2026-09-06T14:24,,,,,0.00,0.0,0.0,
2026-09-06T14:25,,,,,0.00,0.0,0.0,
2026-09-06T14:26,,,,,0.00,0.0,0.0,
2026-09-06T14:27,,,,,0.00,0.0,0.0,
2026-09-06T14:28,,,,,0.00,0.0,0.0,
2026-09-06T14:29,,,,,0.00,0.0,0.0,
2026-09-06T14:30,,,,,0.00,0.0,0.0,25.00
2026-09-06T14:31,,,,,0.00,0.0,0.0,
2026-09-06T14:32,,,,,0.00,0.0,0.0,
2026-09-06T14:33,,,,,0.00,0.0,0.0,
2026-09-06T14:34,,,,,0.00,0.0,0.0,
2026-09-06T14:35,,,,,0.00,0.0,0.0,
2026-09-06T14:36,,,,,0.00,0.0,0.0,
2026-09-06T14:37,,,,,0.00,0.0,0.0,
2026-09-06T14:38,,,,,0.00,0.0,0.0,
2026-09-06T14:39,,,,,0.00,0.0,0.0,
2026-09-06T14:40,,,,,0.00,0.0,0.0,24.90
2026-09-06T14:41,,,,,0.00,0.0,0.0,
2026-09-06T14:42,,,,,0.00,0.0,0.0,
2026-09-06T14:43,,,,,0.00,0.0,0.0,
2026-09-06T14:44,,,,,0.00,0.0,0.0,
2026-09-06T14:45,,,,,0.00,0.0,0.0,
2026-09-06T14:46,,,,,0.00,0.0,0.0,
2026-09-06T14:47,,,,,0.00,0.0,0.0,
2026-09-06T14:48,,,,,0.00,0.0,0.0,
2026-09-06T14:49,,,,,0.00,0.0,0.0,
2026-09-06T14:50,,,,,0.00,0.0,0.0,25.40
2026-09-06T14:51,,,,,0.00,0.0,0.0,
2026-09-06T14:52,,,,,0.00,0.0,0.0,
2026-09-06T14:53,,,,,0.00,0.0,0.0,
2026-09-06T14:54,,,,,0.00,0.0,0.0,
2026-09-06T14:55,,,,,0.00,0.0,0.0,
2026-09-06T14:56,,,,,0.00,0.0,0.0,
2026-09-06T14:57,,,,,0.00,0.0,0.0,
2026-09-06T14:58,,,,,0.00,0.0,0.0,
2026-09-06T14:59,,,,,0.00,0.0,0.0,
2026-09-06T15:00,,,,,0.00,0.0,0.0,25.40
2026-09-06T15:01,,,,,0.00,0.0,0.0,
2026-09-06T15:02,,,,,0.00,0.0,0.0,
2026-09-06T15:03,,,,,0.00,0.0,0.0,
2026-09-06T15:04,,,,,0.00,0.0,0.0,
2026-09-06T15:05,,,,,0.00,0.0,0.0,
2026-09-06T15:06,,,,,0.00,0.0,0.0,
2026-09-06T15:07,,,,,0.00,0.0,0.0,
2026-09-06T15:08,,,,,0.00,0.0,0.0,
2026-09-06T15:09,,,,,0.00,0.0,0.0,
2026-09-06T15:10,,,,,0.00,0.0,0.0,25.30
2026-09-06T15:11,,,,,0.00,0.0,0.0,
2026-09-06T15:12,,,,,0.00,0.0,0.0,
2026-09-06T15:13,,,,,0.00,0.0,0.0,
2026-09-06T15:14,,,,,0.00,0.0,0.0,
2026-09-06T15:15,,,,,0.00,0.0,0.0,
2026-09-06T15:16,,,,,0.00,0.0,0.0,
2026-09-06T15:17,,,,,0.00,0.0,0.0,
2026-09-06T15:18,,,,,0.00,0.0,0.0,
2026-09-06T15:19,,,,,0.00,0.0,0.0,
2026-09-06T15:20,,,,,0.00,0.0,0.0,25.10
2026-09-06T15:21,,,,,0.00,0.0,0.0,
2026-09-06T15:22,,,,,0.00,0.0,0.0,
2026-09-06T15:23,,,,,0.00,0.0,0.0,
2026-09-06T15:24,,,,,0.00,0.0,0.0,
2026-09-06T15:25,,,,,0.00,0.0,0.0,
2026-09-06T15:26,,,,,0.00,0.0,0.0,
2026-09-06T15:27,,,,,0.00,0.0,0.0,
2026-09-06T15:28,,,,,0.00,0.0,0.0,
2026-09-06T15:29,,,,,0.00,0.0,0.0,
2026-09-06T15:30,,,,,0.00,0.0,0.0,22.60
2026-09-06T15:31,,,,,0.00,0.0,0.0,
2026-09-06T15:32,,,,,0.00,0.0,0.0,
2026-09-06T15:33,,,,,0.00,0.0,0.0,
2026-09-06T15:34,,,,,0.00,0.0,0.0,
2026-09-06T15:35,,,,,0.00,0.0,0.0,
2026-09-06T15:36,,,,,0.00,0.0,0.0,
2026-09-06T15:37,,,,,0.00,0.0,0.0,
2026-09-06T15:38,,,,,0.00,0.0,0.0,
2026-09-06T15:39,,,,,0.00,0.0,0.0,
2026-09-06T15:40,,,,,0.00,0.0,0.0,21.70
2026-09-06T15:41,,,,,0.00,0.0,0.0,
2026-09-06T15:42,,,,,0.00,0.0,0.0,
2026-09-06T15:43,,,,,0.00,0.0,0.0,
2026-09-06T15:44,,,,,0.00,0.0,0.0,
2026-09-06T15:45,,,,,0.00,0.0,0.0,
2026-09-06T15:46,,,,,0.00,0.0,0.0,
2026-09-06T15:47,,,,,0.00,0.0,0.0,
2026-09-06T15:48,,,,,0.00,0.0,0.0,
2026-09-06T15:49,,,,,0.00,0.0,0.0,
2026-09-06T15:50,,,,,0.00,0.0,0.0,20.60
2026-09-06T15:51,,,,,0.00,0.0,0.0,
2026-09-06T15:52,,,,,0.00,0.0,0.0,
2026-09-06T15:53,,,,,0.00,0.0,0.0,
2026-09-06T15:54,,,,,0.00,0.0,0.0,
2026-09-06T15:55,,,,,0.00,0.0,0.0,
2026-09-06T15:56,,,,,0.00,0.0,0.0,
2026-09-06T15:57,,,,,0.00,0.0,0.0,
2026-09-06T15:58,,,,,0.00,0.0,0.0,
2026-09-06T15:59,,,,,0.00,0.0,0.0,
2026-09-06T16:00,,,,,0.00,0.0,0.0,20.50
2026-09-06T16:01,,,,,0.00,0.0,0.0,
2026-09-06T16:02,,,,,0.00,0.0,0.0,
2026-09-06T16:03,,,,,0.00,0.0,0.0,
2026-09-06T16:04,,,,,0.00,0.0,0.0,
2026-09-06T16:05,,,,,0.00,0.0,0.0,
2026-09-06T16:06,,,,,0.00,0.0,0.0,
2026-09-06T16:07,,,,,0.00,0.0,0.0,
2026-09-06T16:08,,,,,0.00,0.0,0.0,
2026-09-06T16:09,,,,,0.00,0.0,0.0,
2026-09-06T16:10,,,,,0.00,0.0,0.0,20.40
2026-09-06T16:11,,,,,0.00,0.0,0.0,
2026-09-06T16:12,,,,,0.00,0.0,0.0,
2026-09-06T16:13,,,,,0.00,0.0,0.0,
2026-09-06T16:14,,,,,0.00,0.0,0.0,
2026-09-06T16:15,,,,,0.00,0.0,0.0,
2026-09-06T16:16,,,,,0.00,0.0,0.0,
2026-09-06T16:17,,,,,0.00,0.0,0.0,
2026-09-06T16:18,,,,,0.00,0.0,0.0,
2026-09-06T16:19,,,,,0.00,0.0,0.0,
2026-09-06T16:20,,,,,0.00,0.0,0.0,20.20
2026-09-06T16:21,,,,,0.00,0.0,0.0,
2026-09-06T16:22,,,,,0.00,0.0,0.0,
2026-09-06T16:23,,,,,0.00,0.0,0.0,
2026-09-06T16:24,,,,,0.00,0.0,0.0,
2026-09-06T16:25,,,,,0.00,0.0,0.0,
2026-09-06T16:26,,,,,0.00,0.0,0.0,
2026-09-06T16:27,,,,,0.00,0.0,0.0,
2026-09-06T16:28,,,,,0.00,0.0,0.0,
2026-09-06T16:29,,,,,0.00,0.0,0.0,
2026-09-06T16:30,,,,,0.00,0.0,0.0,20.10
2026-09-06T16:31,,,,,0.00,0.0,0.0,
2026-09-06T16:32,,,,,0.00,0.0,0.0,
2026-09-06T16:33,,,,,0.00,0.0,0.0,
2026-09-06T16:34,,,,,0.00,0.0,0.0,
2026-09-06T16:35,,,,,0.00,0.0,0.0,
2026-09-06T16:36,,,,,0.00,0.0,0.0,
2026-09-06T16:37,,,,,0.00,0.0,0.0,
2026-09-06T16:38,,,,,0.00,0.0,0.0,
2026-09-06T16:39,,,,,0.00,0.0,0.0,
2026-09-06T16:40,,,,,0.00,0.0,0.0,19.80
2026-09-06T16:41,,,,,0.00,0.0,0.0,
2026-09-06T16:42,,,,,0.00,0.0,0.0,
2026-09-06T16:43,,,,,0.00,0.0,0.0,
2026-09-06T16:44,,,,,0.00,0.0,0.0,
2026-09-06T16:45,,,,,0.00,0.0,0.0,
2026-09-06T16:46,,,,,0.00,0.0,0.0,
2026-09-06T16:47,,,,,0.00,0.0,0.0,
2026-09-06T16:48,,,,,0.00,0.0,0.0,
2026-09-06T16:49,,,,,0.00,0.0,0.0,
2026-09-06T16:50,,,,,0.00,0.0,0.0,20.00
2026-09-06T16:51,,,,,0.00,0.0,0.0,
2026-09-06T16:52,,,,,0.00,0.0,0.0,
2026-09-06T16:53,,,,,0.00,0.0,0.0,
2026-09-06T16:54,,,,,0.00,0.0,0.0,
2026-09-06T16:55,,,,,0.00,0.0,0.0,
2026-09-06T16:56,,,,,0.00,0.0,0.0,
2026-09-06T16:57,,,,,0.00,0.0,0.0,
2026-09-06T16:58,,,,,0.00,0.0,0.0,
2026-09-06T16:59,,,,,0.00,0.0,0.0,
2026-09-06T17:00,,,,,0.00,0.0,0.0,19.90
2026-09-06T17:01,,,,,0.00,0.0,0.0,
2026-09-06T17:02,,,,,0.00,0.0,0.0,
2026-09-06T17:03,,,,,0.00,0.0,0.0,
2026-09-06T17:04,,,,,0.00,0.0,0.0,
2026-09-06T17:05,,,,,0.00,0.0,0.0,
2026-09-06T17:06,,,,,0.00,0.0,0.0,
2026-09-06T17:07,,,,,0.00,0.0,0.0,
2026-09-06T17:08,,,,,0.00,0.0,0.0,
2026-09-06T17:09,,,,,0.00,0.0,0.0,
2026-09-06T17:10,,,,,0.00,0.0,0.0,19.80
2026-09-06T17:11,,,,,0.00,0.0,0.0,
2026-09-06T17:12,,,,,0.00,0.0,0.0,
2026-09-06T17:13,,,,,0.00,0.0,0.0,
2026-09-06T17:14,,,,,0.00,0.0,0.0,
2026-09-06T17:15,,,,,0.00,0.0,0.0,
2026-09-06T17:16,,,,,0.00,0.0,0.0,
2026-09-06T17:17,,,,,0.00,0.0,0.0,
2026-09-06T17:18,,,,,0.00,0.0,0.0,
2026-09-06T17:19,,,,,0.00,0.0,0.0,
2026-09-06T17:20,,,,,0.00,0.0,0.0,19.70
2026-09-06T17:21,,,,,0.00,0.0,0.0,
2026-09-06T17:22,,,,,0.00,0.0,0.0,
2026-09-06T17:23,,,,,0.00,0.0,0.0,
2026-09-06T17:24,,,,,0.00,0.0,0.0,
2026-09-06T17:25,,,,,0.00,0.0,0.0,
2026-09-06T17:26,,,,,0.00,0.0,0.0,
2026-09-06T17:27,,,,,0.00,0.0,0.0,
2026-09-06T17:28,,,,,0.00,0.0,0.0,
2026-09-06T17:29,,,,,0.00,0.0,0.0,
2026-09-06T17:30,,,,,0.00,0.0,0.0,19.70
2026-09-06T17:31,,,,,0.00,0.0,0.0,
2026-09-06T17:32,,,,,0.00,0.0,0.0,
2026-09-06T17:33,,,,,0.00,0.0,0.0,
2026-09-06T17:34,,,,,0.00,0.0,0.0,
2026-09-06T17:35,,,,,0.00,0.0,0.0,
2026-09-06T17:36,,,,,0.00,0.0,0.0,
2026-09-06T17:37,,,,,0.00,0.0,0.0,
2026-09-06T17:38,,,,,0.00,0.0,0.0,
2026-09-06T17:39,,,,,0.00,0.0,0.0,
2026-09-06T17:40,,,,,0.00,0.0,0.0,19.50
2026-09-06T17:41,,,,,0.00,0.0,0.0,
2026-09-06T17:42,,,,,0.00,0.0,0.0,
2026-09-06T17:43,,,,,0.00,0.0,0.0,
2026-09-06T17:44,,,,,0.00,0.0,0.0,
2026-09-06T17:45,,,,,0.00,0.0,0.0,
2026-09-06T17:46,,,,,0.00,0.0,0.0,
2026-09-06T17:47,,,,,0.00,0.0,0.0,
2026-09-06T17:48,,,,,0.00,0.0,0.0,
2026-09-06T17:49,,,,,0.00,0.0,0.0,
2026-09-06T17:50,,,,,0.00,0.0,0.0,20.00
2026-09-06T17:51,,,,,0.00,0.0,0.0,
2026-09-06T17:52,,,,,0.00,0.0,0.0,
2026-09-06T17:53,,,,,0.00,0.0,0.0,
2026-09-06T17:54,,,,,0.00,0.0,0.0,
2026-09-06T17:55,,,,,0.00,0.0,0.0,
2026-09-06T17:56,,,,,0.00,0.0,0.0,
2026-09-06T17:57,,,,,0.00,0.0,0.0,
2026-09-06T17:58,,,,,0.00,0.0,0.0,
2026-09-06T17:59,,,,,0.00,0.0,0.0,
2026-09-06T18:00,,,,,0.00,0.0,0.0,19.60
2026-09-06T18:01,,,,,0.00,0.0,0.0,
2026-09-06T18:02,,,,,0.00,0.0,0.0,
2026-09-06T18:03,,,,,0.00,0.0,0.0,
2026-09-06T18:04,,,,,0.00,0.0,0.0,
2026-09-06T18:05,,,,,0.00,0.0,0.0,
2026-09-06T18:06,,,,,0.00,0.0,0.0,
2026-09-06T18:07,,,,,0.00,0.0,0.0,
2026-09-06T18:08,,,,,0.00,0.0,0.0,
2026-09-06T18:09,,,,,0.00,0.0,0.0,
2026-09-06T18:10,,,,,0.00,0.0,0.0,19.80
2026-09-06T18:11,,,,,0.00,0.0,0.0,
2026-09-06T18:12,,,,,0.00,0.0,0.0,
2026-09-06T18:13,,,,,0.00,0.0,0.0,
2026-09-06T18:14,,,,,0.00,0.0,0.0,
2026-09-06T18:15,,,,,0.00,0.0,0.0,
2026-09-06T18:16,,,,,0.00,0.0,0.0,
2026-09-06T18:17,,,,,0.00,0.0,0.0,
2026-09-06T18:18,,,,,0.00,0.0,0.0,
2026-09-06T18:19,,,,,0.00,0.0,0.0,
2026-09-06T18:20,,,,,0.00,0.0,0.0,19.30
2026-09-06T18:21,,,,,0.00,0.0,0.0,
2026-09-06T18:22,,,,,0.00,0.0,0.0,
2026-09-06T18:23,,,,,0.00,0.0,0.0,
2026-09-06T18:24,,,,,0.00,0.0,0.0,
2026-09-06T18:25,,,,,0.00,0.0,0.0,
2026-09-06T18:26,,,,,0.00,0.0,0.0,
2026-09-06T18:27,,,,,0.00,0.0,0.0,
2026-09-06T18:28,,,,,0.00,0.0,0.0,
2026-09-06T18:29,,,,,0.00,0.0,0.0,
2026-09-06T18:30,,,,,0.00,0.0,0.0,21.30
2026-09-06T18:31,,,,,0.00,0.0,0.0,
2026-09-06T18:32,,,,,0.00,0.0,0.0,
2026-09-06T18:33,,,,,0.00,0.0,0.0,
2026-09-06T18:34,,,,,0.00,0.0,0.0,
2026-09-06T18:35,,,,,0.00,0.0,0.0,
2026-09-06T18:36,,,,,0.00,0.0,0.0,
2026-09-06T18:37,,,,,0.00,0.0,0.0,
2026-09-06T18:38,,,,,0.00,0.0,0.0,
2026-09-06T18:39,,,,,0.00,0.0,0.0,
2026-09-06T18:40,,,,,0.00,0.0,0.0,22.10
2026-09-06T18:41,,,,,0.00,0.0,0.0,
2026-09-06T18:42,,,,,0.00,0.0,0.0,
2026-09-06T18:43,,,,,0.00,0.0,0.0,
2026-09-06T18:44,,,,,0.00,0.0,0.0,
2026-09-06T18:45,,,,,0.00,0.0,0.0,
2026-09-06T18:46,,,,,0.00,0.0,0.0,
2026-09-06T18:47,,,,,0.00,0.0,0.0,
2026-09-06T18:48,,,,,0.00,0.0,0.0,
2026-09-06T18:49,,,,,0.00,0.0,0.0,
2026-09-06T18:50,,,,,0.00,0.0,0.0,21.40
2026-09-06T18:51,,,,,0.00,0.0,0.0,
2026-09-06T18:52,,,,,0.00,0.0,0.0,
2026-09-06T18:53,,,,,0.00,0.0,0.0,
2026-09-06T18:54,,,,,0.00,0.0,0.0,
2026-09-06T18:55,,,,,0.00,0.0,0.0,
2026-09-06T18:56,,,,,0.00,0.0,0.0,
2026-09-06T18:57,,,,,0.00,0.0,0.0,
2026-09-06T18:58,,,,,0.00,0.0,0.0,
2026-09-06T18:59,,,,,0.00,0.0,0.0,
2026-09-06T19:00,,,,,0.00,0.0,0.0,22.00
2026-09-06T19:01,,,,,0.00,0.0,0.0,
2026-09-06T19:02,,,,,0.00,0.0,0.0,
2026-09-06T19:03,,,,,0.00,0.0,0.0,
2026-09-06T19:04,,,,,0.00,0.0,0.0,
2026-09-06T19:05,,,,,0.00,0.0,0.0,
2026-09-06T19:06,,,,,0.00,0.0,0.0,
2026-09-06T19:07,,,,,0.00,0.0,0.0,
2026-09-06T19:08,,,,,0.00,0.0,0.0,
2026-09-06T19:09,,,,,0.00,0.0,0.0,
2026-09-06T19:10,,,,,0.00,0.0,0.0,22.30
2026-09-06T19:11,,,,,0.00,0.0,0.0,
2026-09-06T19:12,,,,,0.00,0.0,0.0,
2026-09-06T19:13,,,,,0.00,0.0,0.0,
2026-09-06T19:14,,,,,0.00,0.0,0.0,
2026-09-06T19:15,,,,,0.00,0.0,0.0,
2026-09-06T19:16,,,,,0.00,0.0,0.0,
2026-09-06T19:17,,,,,0.00,0.0,0.0,
2026-09-06T19:18,,,,,0.00,0.0,0.0,
2026-09-06T19:19,,,,,0.00,0.0,0.0,
2026-09-06T19:20,,,,,0.00,0.0,0.0,21.80
2026-09-06T19:21,,,,,0.00,0.0,0.0,
2026-09-06T19:22,,,,,0.00,0.0,0.0,
2026-09-06T19:23,,,,,0.00,0.0,0.0,
2026-09-06T19:24,,,,,0.00,0.0,0.0,
2026-09-06T19:25,,,,,0.00,0.0,0.0,
2026-09-06T19:26,,,,,0.00,0.0,0.0,
2026-09-06T19:27,,,,,0.00,0.0,0.0,
2026-09-06T19:28,,,,,0.00,0.0,0.0,
2026-09-06T19:29,,,,,0.00,0.0,0.0,
2026-09-06T19:30,,,,,0.00,0.0,0.0,20.70
2026-09-06T19:31,,,,,0.00,0.0,0.0,
2026-09-06T19:32,,,,,0.00,0.0,0.0,
2026-09-06T19:33,,,,,0.00,0.0,0.0,
2026-09-06T19:34,,,,,0.00,0.0,0.0,
2026-09-06T19:35,,,,,0.00,0.0,0.0,
2026-09-06T19:36,,,,,0.00,0.0,0.0,
2026-09-06T19:37,,,,,0.00,0.0,0.0,
2026-09-06T19:38,,,,,0.00,0.0,0.0,
2026-09-06T19:39,,,,,0.00,0.0,0.0,
2026-09-06T19:40,,,,,0.00,0.0,0.0,20.10
2026-09-06T19:41,,,,,0.00,0.0,0.0,
2026-09-06T19:42,,,,,0.00,0.0,0.0,
2026-09-06T19:43,,,,,0.00,0.0,0.0,
2026-09-06T19:44,,,,,0.00,0.0,0.0,
2026-09-06T19:45,,,,,0.00,0.0,0.0,
2026-09-06T19:46,,,,,0.00,0.0,0.0,
2026-09-06T19:47,,,,,0.00,0.0,0.0,
2026-09-06T19:48,,,,,0.00,0.0,0.0,
2026-09-06T19:49,,,,,0.00,0.0,0.0,
2026-09-06T19:50,,,,,0.00,0.0,0.0,19.50
2026-09-06T19:51,,,,,0.00,0.0,0.0,
2026-09-06T19:52,,,,,0.00,0.0,0.0,
2026-09-06T19:53,,,,,0.00,0.0,0.0,
2026-09-06T19:54,,,,,0.00,0.0,0.0,
2026-09-06T19:55,,,,,0.00,0.0,0.0,
2026-09-06T19:56,,,,,0.00,0.0,0.0,
2026-09-06T19:57,,,,,0.00,0.0,0.0,
2026-09-06T19:58,,,,,0.00,0.0,0.0,
2026-09-06T19:59,,,,,0.00,0.0,0.0,
2026-09-06T20:00,,,,,0.00,0.0,0.0,19.50
2026-09-06T20:01,,,,,0.00,0.0,0.0,
2026-09-06T20:02,,,,,0.00,0.0,0.0,
2026-09-06T20:03,,,,,0.00,0.0,0.0,
2026-09-06T20:04,,,,,0.00,0.0,0.0,
2026-09-06T20:05,,,,,0.00,0.0,0.0,
2026-09-06T20:06,,,,,0.00,0.0,0.0,
2026-09-06T20:07,,,,,0.00,0.0,0.0,
2026-09-06T20:08,,,,,0.00,0.0,0.0,
2026-09-06T20:09,,,,,0.00,0.0,0.0,
2026-09-06T20:10,,,,,0.00,0.0,0.0,19.20
2026-09-06T20:11,,,,,0.00,0.0,0.0,
2026-09-06T20:12,,,,,0.00,0.0,0.0,
2026-09-06T20:13,,,,,0.00,0.0,0.0,
2026-09-06T20:14,,,,,0.00,0.0,0.0,
2026-09-06T20:15,,,,,0.00,0.0,0.0,
2026-09-06T20:16,,,,,0.00,0.0,0.0,
2026-09-06T20:17,,,,,0.00,0.0,0.0,
2026-09-06T20:18,,,,,0.00,0.0,0.0,
2026-09-06T20:19,,,,,0.00,0.0,0.0,
2026-09-06T20:20,,,,,0.00,0.0,0.0,19.10
2026-09-06T20:21,,,,,0.00,0.0,0.0,
2026-09-06T20:22,,,,,0.00,0.0,0.0,
2026-09-06T20:23,,,,,0.00,0.0,0.0,
2026-09-06T20:24,,,,,0.00,0.0,0.0,
2026-09-06T20:25,,,,,0.00,0.0,0.0,
2026-09-06T20:26,,,,,0.00,0.0,0.0,
2026-09-06T20:27,,,,,0.00,0.0,0.0,
2026-09-06T20:28,,,,,0.00,0.0,0.0,
2026-09-06T20:29,,,,,0.00,0.0,0.0,
2026-09-06T20:30,,,,,0.00,0.0,0.0,19.00
2026-09-06T20:31,,,,,0.00,0.0,0.0,
2026-09-06T20:32,,,,,0.00,0.0,0.0,
2026-09-06T20:33,,,,,0.00,0.0,0.0,
2026-09-06T20:34,,,,,0.00,0.0,0.0,
2026-09-06T20:35,,,,,0.00,0.0,0.0,
2026-09-06T20:36,,,,,0.00,0.0,0.0,
2026-09-06T20:37,,,,,0.00,0.0,0.0,
2026-09-06T20:38,,,,,0.00,0.0,0.0,
2026-09-06T20:39,,,,,0.00,0.0,0.0,
2026-09-06T20:40,,,,,0.00,0.0,0.0,19.00
2026-09-06T20:41,,,,,0.00,0.0,0.0,
2026-09-06T20:42,,,,,0.00,0.0,0.0,
2026-09-06T20:43,,,,,0.00,0.0,0.0,
2026-09-06T20:44,,,,,0.00,0.0,0.0,
2026-09-06T20:45,,,,,0.00,0.0,0.0,
2026-09-06T20:46,,,,,0.00,0.0,0.0,
2026-09-06T20:47,,,,,0.00,0.0,0.0,
2026-09-06T20:48,,,,,0.00,0.0,0.0,
2026-09-06T20:49,,,,,0.00,0.0,0.0,
2026-09-06T20:50,,,,,0.00,0.0,0.0,18.80
2026-09-06T20:51,,,,,0.00,0.0,0.0,
2026-09-06T20:52,,,,,0.00,0.0,0.0,
2026-09-06T20:53,,,,,0.00,0.0,0.0,
2026-09-06T20:54,,,,,0.00,0.0,0.0,
2026-09-06T20:55,,,,,0.00,0.0,0.0,
2026-09-06T20:56,,,,,0.00,0.0,0.0,
2026-09-06T20:57,,,,,0.00,0.0,0.0,
2026-09-06T20:58,,,,,0.00,0.0,0.0,
2026-09-06T20:59,,,,,0.00,0.0,0.0,
2026-09-06T21:00,,,,,0.00,0.0,0.0,18.50
2026-09-06T21:01,,,,,0.00,0.0,0.0,
2026-09-06T21:02,,,,,0.00,0.0,0.0,
2026-09-06T21:03,,,,,0.00,0.0,0.0,
2026-09-06T21:04,,,,,0.00,0.0,0.0,
2026-09-06T21:05,,,,,0.00,0.0,0.0,
2026-09-06T21:06,,,,,0.00,0.0,0.0,
2026-09-06T21:07,,,,,0.00,0.0,0.0,
2026-09-06T21:08,,,,,0.00,0.0,0.0,
2026-09-06T21:09,,,,,0.00,0.0,0.0,
2026-09-06T21:10,,,,,0.00,0.0,0.0,18.30
2026-09-06T21:11,,,,,0.00,0.0,0.0,
2026-09-06T21:12,,,,,0.00,0.0,0.0,
2026-09-06T21:13,,,,,0.00,0.0,0.0,
2026-09-06T21:14,,,,,0.00,0.0,0.0,
2026-09-06T21:15,,,,,0.00,0.0,0.0,
2026-09-06T21:16,,,,,0.00,0.0,0.0,
2026-09-06T21:17,,,,,0.00,0.0,0.0,
2026-09-06T21:18,,,,,0.00,0.0,0.0,
2026-09-06T21:19,,,,,0.00,0.0,0.0,
2026-09-06T21:20,,,,,0.00,0.0,0.0,18.20
2026-09-06T21:21,,,,,0.00,0.0,0.0,
2026-09-06T21:22,,,,,0.00,0.0,0.0,
2026-09-06T21:23,,,,,0.00,0.0,0.0,
2026-09-06T21:24,,,,,0.00,0.0,0.0,
2026-09-06T21:25,,,,,0.00,0.0,0.0,
2026-09-06T21:26,,,,,0.00,0.0,0.0,
2026-09-06T21:27,,,,,0.00,0.0,0.0,
2026-09-06T21:28,,,,,0.00,0.0,0.0,
2026-09-06T21:29,,,,,0.00,0.0,0.0,
2026-09-06T21:30,,,,,0.00,0.0,0.0,18.10
2026-09-06T21:31,,,,,0.00,0.0,0.0,
2026-09-06T21:32,,,,,0.00,0.0,0.0,
2026-09-06T21:33,,,,,0.00,0.0,0.0,
2026-09-06T21:34,,,,,0.00,0.0,0.0,
2026-09-06T21:35,,,,,0.00,0.0,0.0,
2026-09-06T21:36,,,,,0.00,0.0,0.0,
2026-09-06T21:37,,,,,0.00,0.0,0.0,
2026-09-06T21:38,,,,,0.00,0.0,0.0,
2026-09-06T21:39,,,,,0.00,0.0,0.0,
2026-09-06T21:40,,,,,0.00,0.0,0.0,17.90
2026-09-06T21:41,,,,,0.00,0.0,0.0,
2026-09-06T21:42,,,,,0.00,0.0,0.0,
2026-09-06T21:43,,,,,0.00,0.0,0.0,
2026-09-06T21:44,,,,,0.00,0.0,0.0,
2026-09-06T21:45,,,,,0.00,0.0,0.0,
2026-09-06T21:46,,,,,0.00,0.0,0.0,
2026-09-06T21:47,,,,,0.00,0.0,0.0,
2026-09-06T21:48,,,,,0.00,0.0,0.0,
2026-09-06T21:49,,,,,0.00,0.0,0.0,
2026-09-06T21:50,,,,,0.00,0.0,0.0,17.90
2026-09-06T21:51,,,,,0.00,0.0,0.0,
2026-09-06T21:52,,,,,0.00,0.0,0.0,
2026-09-06T21:53,,,,,0.00,0.0,0.0,
2026-09-06T21:54,,,,,0.00,0.0,0.0,
2026-09-06T21:55,,,,,0.00,0.0,0.0,
2026-09-06T21:56,,,,,0.00,0.0,0.0,
2026-09-06T21:57,,,,,0.00,0.0,0.0,
2026-09-06T21:58,,,,,0.00,0.0,0.0,
2026-09-06T21:59,,,,,0.00,0.0,0.0,
2026-09-06T22:00,,,,,0.00,0.0,0.0,17.90
2026-09-06T22:01,,,,,0.00,0.0,0.0,
2026-09-06T22:02,,,,,0.00,0.0,0.0,
2026-09-06T22:03,,,,,0.00,0.0,0.0,
2026-09-06T22:04,,,,,0.00,0.0,0.0,
2026-09-06T22:05,,,,,0.00,0.0,0.0,
2026-09-06T22:06,,,,,0.00,0.0,0.0,
2026-09-06T22:07,,,,,0.00,0.0,0.0,
2026-09-06T22:08,,,,,0.00,0.0,0.0,
2026-09-06T22:09,,,,,0.00,0.0,0.0,
2026-09-06T22:10,,,,,0.00,0.0,0.0,17.90
2026-09-06T22:11,,,,,0.00,0.0,0.0,
2026-09-06T22:12,,,,,0.00,0.0,0.0,
2026-09-06T22:13,,,,,0.00,0.0,0.0,
2026-09-06T22:14,,,,,0.00,0.0,0.0,
2026-09-06T22:15,,,,,0.00,0.0,0.0,
2026-09-06T22:16,,,,,0.00,0.0,0.0,
2026-09-06T22:17,,,,,0.00,0.0,0.0,
2026-09-06T22:18,,,,,0.00,0.0,0.0,
2026-09-06T22:19,,,,,0.00,0.0,0.0,
2026-09-06T22:20,,,,,0.00,0.0,0.0,18.10
2026-09-06T22:21,,,,,0.00,0.0,0.0,
2026-09-06T22:22,,,,,0.00,0.0,0.0,
2026-09-06T22:23,,,,,0.00,0.0,0.0,
2026-09-06T22:24,,,,,0.00,0.0,0.0,
2026-09-06T22:25,,,,,0.00,0.0,0.0,
2026-09-06T22:26,,,,,0.00,0.0,0.0,
2026-09-06T22:27,,,,,0.00,0.0,0.0,
2026-09-06T22:28,,,,,0.00,0.0,0.0,
2026-09-06T22:29,,,,,0.00,0.0,0.0,
2026-09-06T22:30,,,,,0.00,0.0,0.0,17.70
2026-09-06T22:31,,,,,0.00,0.0,0.0,
2026-09-06T22:32,,,,,0.00,0.0,0.0,
2026-09-06T22:33,,,,,0.00,0.0,0.0,
2026-09-06T22:34,,,,,0.00,0.0,0.0,
2026-09-06T22:35,,,,,0.00,0.0,0.0,
2026-09-06T22:36,,,,,0.00,0.0,0.0,
2026-09-06T22:37,,,,,0.00,0.0,0.0,
2026-09-06T22:38,,,,,0.00,0.0,0.0,
2026-09-06T22:39,,,,,0.00,0.0,0.0,
2026-09-06T22:40,,,,,0.00,0.0,0.0,17.50
2026-09-06T22:41,,,,,0.00,0.0,0.0,
2026-09-06T22:42,,,,,0.00,0.0,0.0,
2026-09-06T22:43,,,,,0.00,0.0,0.0,
2026-09-06T22:44,,,,,0.00,0.0,0.0,
2026-09-06T22:45,,,,,0.00,0.0,0.0,
2026-09-06T22:46,,,,,0.00,0.0,0.0,
2026-09-06T22:47,,,,,0.00,0.0,0.0,
2026-09-06T22:48,,,,,0.00,0.0,0.0,
2026-09-06T22:49,,,,,0.00,0.0,0.0,
2026-09-06T22:50,,,,,0.00,0.0,0.0,17.50
2026-09-06T22:51,,,,,0.00,0.0,0.0,
2026-09-06T22:52,,,,,0.00,0.0,0.0,
2026-09-06T22:53,,,,,0.00,0.0,0.0,
2026-09-06T22:54,,,,,0.00,0.0,0.0,
2026-09-06T22:55,,,,,0.00,0.0,0.0,
2026-09-06T22:56,,,,,0.00,0.0,0.0,
2026-09-06T22:57,,,,,0.00,0.0,0.0,
2026-09-06T22:58,,,,,0.00,0.0,0.0,
2026-09-06T22:59,,,,,0.00,0.0,0.0,
2026-09-06T23:00,,,,,0.00,0.0,0.0,17.50
2026-09-06T23:01,,,,,0.00,0.0,0.0,
2026-09-06T23:02,,,,,0.00,0.0,0.0,
2026-09-06T23:03,,,,,0.00,0.0,0.0,
2026-09-06T23:04,,,,,0.00,0.0,0.0,
2026-09-06T23:05,,,,,0.00,0.0,0.0,
2026-09-06T23:06,,,,,0.00,0.0,0.0,
2026-09-06T23:07,,,,,0.00,0.0,0.0,
2026-09-06T23:08,,,,,0.00,0.0,0.0,
2026-09-06T23:09,,,,,0.00,0.0,0.0,
2026-09-06T23:10,,,,,0.00,0.0,0.0,17.40
2026-09-06T23:11,,,,,0.00,0.0,0.0,
2026-09-06T23:12,,,,,0.00,0.0,0.0,
2026-09-06T23:13,,,,,0.00,0.0,0.0,
2026-09-06T23:14,,,,,0.00,0.0,0.0,
2026-09-06T23:15,,,,,0.00,0.0,0.0,
2026-09-06T23:16,,,,,0.00,0.0,0.0,
2026-09-06T23:17,,,,,0.00,0.0,0.0,
2026-09-06T23:18,,,,,0.00,0.0,0.0,
2026-09-06T23:19,,,,,0.00,0.0,0.0,
2026-09-06T23:20,,,,,0.00,0.0,0.0,17.70
2026-09-06T23:21,,,,,0.00,0.0,0.0,
2026-09-06T23:22,,,,,0.00,0.0,0.0,
2026-09-06T23:23,,,,,0.00,0.0,0.0,
2026-09-06T23:24,,,,,0.00,0.0,0.0,
2026-09-06T23:25,,,,,0.00,0.0,0.0,
2026-09-06T23:26,,,,,0.00,0.0,0.0,
2026-09-06T23:27,,,,,0.00,0.0,0.0,
2026-09-06T23:28,,,,,0.00,0.0,0.0,
2026-09-06T23:29,,,,,0.00,0.0,0.0,
2026-09-06T23:30,,,,,0.00,0.0,0.0,17.40
2026-09-06T23:31,,,,,0.00,0.0,0.0,
2026-09-06T23:32,,,,,0.00,0.0,0.0,
2026-09-06T23:33,,,,,0.00,0.0,0.0,
2026-09-06T23:34,,,,,0.00,0.0,0.0,
2026-09-06T23:35,,,,,0.00,0.0,0.0,
2026-09-06T23:36,,,,,0.00,0.0,0.0,
2026-09-06T23:37,,,,,0.00,0.0,0.0,
2026-09-06T23:38,,,,,0.00,0.0,0.0,
2026-09-06T23:39,,,,,0.00,0.0,0.0,
2026-09-06T23:40,,,,,0.00,0.0,0.0,17.40
2026-09-06T23:41,,,,,0.00,0.0,0.0,
2026-09-06T23:42,,,,,0.00,0.0,0.0,
2026-09-06T23:43,,,,,0.00,0.0,0.0,
2026-09-06T23:44,,,,,0.00,0.0,0.0,
2026-09-06T23:45,,,,,0.00,0.0,0.0,
2026-09-06T23:46,,,,,0.00,0.0,0.0,
2026-09-06T23:47,,,,,0.00,0.0,0.0,
2026-09-06T23:48,,,,,0.00,0.0,0.0,
2026-09-06T23:49,,,,,0.00,0.0,0.0,
2026-09-06T23:50,,,,,0.00,0.0,0.0,17.40
2026-09-06T23:51,,,,,0.00,0.0,0.0,
2026-09-06T23:52,,,,,0.00,0.0,0.0,
2026-09-06T23:53,,,,,0.00,0.0,0.0,
2026-09-06T23:54,,,,,0.00,0.0,0.0,
2026-09-06T23:55,,,,,0.00,0.0,0.0,
2026-09-06T23:56,,,,,0.00,0.0,0.0,
2026-09-06T23:57,,,,,0.00,0.0,0.0,
2026-09-06T23:58,,,,,0.00,0.0,0.0,
2026-09-06T23:59,,,,,0.00,0.0,0.0,
2026-09-07T00:00,,,,,0.00,0.0,0.0,17.00
2026-09-07T00:01,,,,,0.00,0.0,0.0,
2026-09-07T00:02,,,,,0.00,0.0,0.0,
2026-09-07T00:03,,,,,0.00,0.0,0.0,
2026-09-07T00:04,,,,,0.00,0.0,0.0,
2026-09-07T00:05,,,,,0.00,0.0,0.0,
2026-09-07T00:06,,,,,0.00,0.0,0.0,
2026-09-07T00:07,,,,,0.00,0.0,0.0,
2026-09-07T00:08,,,,,0.00,0.0,0.0,
2026-09-07T00:09,,,,,0.00,0.0,0.0,
2026-09-07T00:10,,,,,0.00,0.0,0.0,16.90
2026-09-07T00:11,,,,,0.00,0.0,0.0,
2026-09-07T00:12,,,,,0.00,0.0,0.0,
2026-09-07T00:13,,,,,0.00,0.0,0.0,
2026-09-07T00:14,,,,,0.00,0.0,0.0,
2026-09-07T00:15,,,,,0.00,0.0,0.0,
2026-09-07T00:16,,,,,0.00,0.0,0.0,
2026-09-07T00:17,,,,,0.00,0.0,0.0,
2026-09-07T00:18,,,,,0.00,0.0,0.0,
2026-09-07T00:19,,,,,0.00,0.0,0.0,
2026-09-07T00:20,,,,,0.00,0.0,0.0,17.00
2026-09-07T00:21,,,,,0.00,0.0,0.0,
2026-09-07T00:22,,,,,0.00,0.0,0.0,
2026-09-07T00:23,,,,,0.00,0.0,0.0,
2026-09-07T00:24,,,,,0.00,0.0,0.0,
2026-09-07T00:25,,,,,0.00,0.0,0.0,
2026-09-07T00:26,,,,,0.00,0.0,0.0,
2026-09-07T00:27,,,,,0.00,0.0,0.0,
2026-09-07T00:28,,,,,0.00,0.0,0.0,
2026-09-07T00:29,,,,,0.00,0.0,0.0,
2026-09-07T00:30,,,,,0.00,0.0,0.0,17.00
2026-09-07T00:31,,,,,0.00,0.0,0.0,
2026-09-07T00:32,,,,,0.00,0.0,0.0,
2026-09-07T00:33,,,,,0.00,0.0,0.0,
2026-09-07T00:34,,,,,0.00,0.0,0.0,
2026-09-07T00:35,,,,,0.00,0.0,0.0,
2026-09-07T00:36,,,,,0.00,0.0,0.0,
2026-09-07T00:37,,,,,0.00,0.0,0.0,
2026-09-07T00:38,,,,,0.00,0.0,0.0,
2026-09-07T00:39,,,,,0.00,0.0,0.0,
2026-09-07T00:40,,,,,0.00,0.0,0.0,16.90
2026-09-07T00:41,,,,,0.00,0.0,0.0,
2026-09-07T00:42,,,,,0.00,0.0,0.0,
2026-09-07T00:43,,,,,0.00,0.0,0.0,
2026-09-07T00:44,,,,,0.00,0.0,0.0,
2026-09-07T00:45,,,,,0.00,0.0,0.0,
2026-09-07T00:46,,,,,0.00,0.0,0.0,
2026-09-07T00:47,,,,,0.00,0.0,0.0,
2026-09-07T00:48,,,,,0.00,0.0,0.0,
2026-09-07T00:49,,,,,0.00,0.0,0.0,
2026-09-07T00:50,,,,,0.00,0.0,0.0,16.90
2026-09-07T00:51,,,,,0.00,0.0,0.0,
2026-09-07T00:52,,,,,0.00,0.0,0.0,
2026-09-07T00:53,,,,,0.00,0.0,0.0,
2026-09-07T00:54,,,,,0.00,0.0,0.0,
2026-09-07T00:55,,,,,0.00,0.0,0.0,
2026-09-07T00:56,,,,,0.00,0.0,0.0,
2026-09-07T00:57,,,,,0.00,0.0,0.0,
2026-09-07T00:58,,,,,0.00,0.0,0.0,
2026-09-07T00:59,,,,,0.00,0.0,0.0,
2026-09-07T01:00,,,,,0.00,0.0,0.0,17.00
2026-09-07T01:01,,,,,0.00,0.0,0.0,
2026-09-07T01:02,,,,,0.00,0.0,0.0,
2026-09-07T01:03,,,,,0.00,0.0,0.0,
2026-09-07T01:04,,,,,0.00,0.0,0.0,
2026-09-07T01:05,,,,,0.00,0.0,0.0,
2026-09-07T01:06,,,,,0.00,0.0,0.0,
2026-09-07T01:07,,,,,0.00,0.0,0.0,
2026-09-07T01:08,,,,,0.00,0.0,0.0,
2026-09-07T01:09,,,,,0.00,0.0,0.0,
2026-09-07T01:10,,,,,0.00,0.0,0.0,17.20
2026-09-07T01:11,,,,,0.00,0.0,0.0,
2026-09-07T01:12,,,,,0.00,0.0,0.0,
2026-09-07T01:13,,,,,0.00,0.0,0.0,
2026-09-07T01:14,,,,,0.00,0.0,0.0,
2026-09-07T01:15,,,,,0.00,0.0,0.0,
2026-09-07T01:16,,,,,0.00,0.0,0.0,
2026-09-07T01:17,,,,,0.00,0.0,0.0,
2026-09-07T01:18,,,,,0.00,0.0,0.0,
2026-09-07T01:19,,,,,0.00,0.0,0.0,
2026-09-07T01:20,,,,,0.00,0.0,0.0,17.10
2026-09-07T01:21,,,,,0.00,0.0,0.0,
2026-09-07T01:22,,,,,0.00,0.0,0.0,
2026-09-07T01:23,,,,,0.00,0.0,0.0,
2026-09-07T01:24,,,,,0.00,0.0,0.0,
2026-09-07T01:25,,,,,0.00,0.0,0.0,
2026-09-07T01:26,,,,,0.00,0.0,0.0,
2026-09-07T01:27,,,,,0.00,0.0,0.0,
2026-09-07T01:28,,,,,0.00,0.0,0.0,
2026-09-07T01:29,,,,,0.00,0.0,0.0,
2026-09-07T01:30,,,,,0.00,0.0,0.0,16.70
2026-09-07T01:31,,,,,0.00,0.0,0.0,
2026-09-07T01:32,,,,,0.00,0.0,0.0,
2026-09-07T01:33,,,,,0.00,0.0,0.0,
2026-09-07T01:34,,,,,0.00,0.0,0.0,
2026-09-07T01:35,,,,,0.00,0.0,0.0,
2026-09-07T01:36,,,,,0.00,0.0,0.0,
2026-09-07T01:37,,,,,0.00,0.0,0.0,
2026-09-07T01:38,,,,,0.00,0.0,0.0,
2026-09-07T01:39,,,,,0.00,0.0,0.0,
2026-09-07T01:40,,,,,0.00,0.0,0.0,16.70
2026-09-07T01:41,,,,,0.00,0.0,0.0,
2026-09-07T01:42,,,,,0.00,0.0,0.0,
2026-09-07T01:43,,,,,0.00,0.0,0.0,
2026-09-07T01:44,,,,,0.00,0.0,0.0,
2026-09-07T01:45,,,,,0.00,0.0,0.0,
2026-09-07T01:46,,,,,0.00,0.0,0.0,
2026-09-07T01:47,,,,,0.00,0.0,0.0,
2026-09-07T01:48,,,,,0.00,0.0,0.0,
2026-09-07T01:49,,,,,0.00,0.0,0.0,
2026-09-07T01:50,,,,,0.00,0.0,0.0,16.50
2026-09-07T01:51,,,,,0.00,0.0,0.0,
2026-09-07T01:52,,,,,0.00,0.0,0.0,
2026-09-07T01:53,,,,,0.00,0.0,0.0,
2026-09-07T01:54,,,,,0.00,0.0,0.0,
2026-09-07T01:55,,,,,0.00,0.0,0.0,
2026-09-07T01:56,,,,,0.00,0.0,0.0,
2026-09-07T01:57,,,,,0.00,0.0,0.0,
2026-09-07T01:58,,,,,0.00,0.0,0.0,
2026-09-07T01:59,,,,,0.00,0.0,0.0,
2026-09-07T02:00,,,,,0.00,0.0,0.0,16.80
2026-09-07T02:01,,,,,0.00,0.0,0.0,
2026-09-07T02:02,,,,,0.00,0.0,0.0,
2026-09-07T02:03,,,,,0.00,0.0,0.0,
2026-09-07T02:04,,,,,0.00,0.0,0.0,
2026-09-07T02:05,,,,,0.00,0.0,0.0,
2026-09-07T02:06,,,,,0.00,0.0,0.0,
2026-09-07T02:07,,,,,0.00,0.0,0.0,
2026-09-07T02:08,,,,,0.00,0.0,0.0,
2026-09-07T02:09,,,,,0.00,0.0,0.0,
2026-09-07T02:10,,,,,0.00,0.0,0.0,16.70
2026-09-07T02:11,,,,,0.00,0.0,0.0,
2026-09-07T02:12,,,,,0.00,0.0,0.0,
2026-09-07T02:13,,,,,0.00,0.0,0.0,
2026-09-07T02:14,,,,,0.00,0.0,0.0,
2026-09-07T02:15,,,,,0.00,0.0,0.0,
2026-09-07T02:16,,,,,0.00,0.0,0.0,
2026-09-07T02:17,,,,,0.00,0.0,0.0,
2026-09-07T02:18,,,,,0.00,0.0,0.0,
2026-09-07T02:19,,,,,0.00,0.0,0.0,
2026-09-07T02:20,,,,,0.00,0.0,0.0,16.50
2026-09-07T02:21,,,,,0.00,0.0,0.0,
2026-09-07T02:22,,,,,0.00,0.0,0.0,
2026-09-07T02:23,,,,,0.00,0.0,0.0,
2026-09-07T02:24,,,,,0.00,0.0,0.0,
2026-09-07T02:25,,,,,0.00,0.0,0.0,
2026-09-07T02:26,,,,,0.00,0.0,0.0,
2026-09-07T02:27,,,,,0.00,0.0,0.0,
2026-09-07T02:28,,,,,0.00,0.0,0.0,
2026-09-07T02:29,,,,,0.00,0.0,0.0,
2026-09-07T02:30,,,,,0.00,0.0,0.0,16.30
2026-09-07T02:31,,,,,0.00,0.0,0.0,
2026-09-07T02:32,,,,,0.00,0.0,0.0,
2026-09-07T02:33,,,,,0.00,0.0,0.0,
2026-09-07T02:34,,,,,0.00,0.0,0.0,
2026-09-07T02:35,,,,,0.00,0.0,0.0,
2026-09-07T02:36,,,,,0.00,0.0,0.0,
2026-09-07T02:37,,,,,0.00,0.0,0.0,
2026-09-07T02:38,,,,,0.00,0.0,0.0,
2026-09-07T02:39,,,,,0.00,0.0,0.0,
2026-09-07T02:40,,,,,0.00,0.0,0.0,16.60
2026-09-07T02:41,,,,,0.00,0.0,0.0,
2026-09-07T02:42,,,,,0.00,0.0,0.0,
2026-09-07T02:43,,,,,0.00,0.0,0.0,
2026-09-07T02:44,,,,,0.00,0.0,0.0,
2026-09-07T02:45,,,,,0.00,0.0,0.0,
2026-09-07T02:46,,,,,0.00,0.0,0.0,
2026-09-07T02:47,,,,,0.00,0.0,0.0,
2026-09-07T02:48,,,,,0.00,0.0,0.0,
2026-09-07T02:49,,,,,0.00,0.0,0.0,
2026-09-07T02:50,,,,,0.00,0.0,0.0,16.60
2026-09-07T02:51,,,,,0.00,0.0,0.0,
2026-09-07T02:52,,,,,0.00,0.0,0.0,
2026-09-07T02:53,,,,,0.00,0.0,0.0,
2026-09-07T02:54,,,,,0.00,0.0,0.0,
2026-09-07T02:55,,,,,0.00,0.0,0.0,
2026-09-07T02:56,,,,,0.00,0.0,0.0,
2026-09-07T02:57,,,,,0.00,0.0,0.0,
2026-09-07T02:58,,,,,0.00,0.0,0.0,
2026-09-07T02:59,,,,,0.00,0.0,0.0,
2026-09-07T03:00,,,,,0.00,0.0,0.0,16.60
2026-09-07T03:01,,,,,0.00,0.0,0.0,
2026-09-07T03:02,,,,,0.00,0.0,0.0,
2026-09-07T03:03,,,,,0.00,0.0,0.0,
2026-09-07T03:04,,,,,0.00,0.0,0.0,
2026-09-07T03:05,,,,,0.00,0.0,0.0,
2026-09-07T03:06,,,,,0.00,0.0,0.0,
2026-09-07T03:07,,,,,0.00,0.0,0.0,
2026-09-07T03:08,,,,,0.00,0.0,0.0,
2026-09-07T03:09,,,,,0.00,0.0,0.0,
2026-09-07T03:10,,,,,0.00,0.0,0.0,16.40
2026-09-07T03:11,,,,,0.00,0.0,0.0,
2026-09-07T03:12,,,,,0.00,0.0,0.0,
2026-09-07T03:13,,,,,0.00,0.0,0.0,
2026-09-07T03:14,,,,,0.00,0.0,0.0,
2026-09-07T03:15,,,,,0.00,0.0,0.0,
2026-09-07T03:16,,,,,0.00,0.0,0.0,
2026-09-07T03:17,,,,,0.00,0.0,0.0,
2026-09-07T03:18,,,,,0.00,0.0,0.0,
2026-09-07T03:19,,,,,0.00,0.0,0.0,
2026-09-07T03:20,,,,,0.00,0.0,0.0,16.50
2026-09-07T03:21,,,,,0.00,0.0,0.0,
2026-09-07T03:22,,,,,0.00,0.0,0.0,
2026-09-07T03:23,,,,,0.00,0.0,0.0,
2026-09-07T03:24,,,,,0.00,0.0,0.0,
2026-09-07T03:25,,,,,0.00,0.0,0.0,
2026-09-07T03:26,,,,,0.00,0.0,0.0,
2026-09-07T03:27,,,,,0.00,0.0,0.0,
2026-09-07T03:28,,,,,0.00,0.0,0.0,
2026-09-07T03:29,,,,,0.00,0.0,0.0,
2026-09-07T03:30,,,,,0.00,0.0,0.0,16.60
2026-09-07T03:31,,,,,0.00,0.0,0.0,
2026-09-07T03:32,,,,,0.00,0.0,0.0,
2026-09-07T03:33,,,,,0.00,0.0,0.0,
2026-09-07T03:34,,,,,0.00,0.0,0.0,
2026-09-07T03:35,,,,,0.00,0.0,0.0,
2026-09-07T03:36,,,,,0.00,0.0,0.0,
2026-09-07T03:37,,,,,0.00,0.0,0.0,
2026-09-07T03:38,,,,,0.00,0.0,0.0,
2026-09-07T03:39,,,,,0.00,0.0,0.0,
2026-09-07T03:40,,,,,0.00,0.0,0.0,16.50
2026-09-07T03:41,,,,,0.00,0.0,0.0,
2026-09-07T03:42,,,,,0.00,0.0,0.0,
2026-09-07T03:43,,,,,0.00,0.0,0.0,
2026-09-07T03:44,,,,,0.00,0.0,0.0,
2026-09-07T03:45,,,,,0.00,0.0,0.0,
2026-09-07T03:46,,,,,0.00,0.0,0.0,
2026-09-07T03:47,,,,,0.00,0.0,0.0,
2026-09-07T03:48,,,,,0.00,0.0,0.0,
2026-09-07T03:49,,,,,0.00,0.0,0.0,
2026-09-07T03:50,,,,,0.00,0.0,0.0,16.20
2026-09-07T03:51,,,,,0.00,0.0,0.0,
2026-09-07T03:52,,,,,0.00,0.0,0.0,
2026-09-07T03:53,,,,,0.00,0.0,0.0,
2026-09-07T03:54,,,,,0.00,0.0,0.0,
2026-09-07T03:55,,,,,0.00,0.0,0.0,
2026-09-07T03:56,,,,,0.00,0.0,0.0,
2026-09-07T03:57,,,,,0.00,0.0,0.0,
2026-09-07T03:58,,,,,0.00,0.0,0.0,
2026-09-07T03:59,,,,,0.00,0.0,0.0,
2026-09-07T04:00,,,,,0.00,0.0,0.0,16.30
2026-09-07T04:01,,,,,0.00,0.0,0.0,
2026-09-07T04:02,,,,,0.00,0.0,0.0,
2026-09-07T04:03,,,,,0.00,0.0,0.0,
2026-09-07T04:04,,,,,0.00,0.0,0.0,
2026-09-07T04:05,,,,,0.00,0.0,0.0,
2026-09-07T04:06,,,,,0.00,0.0,0.0,
2026-09-07T04:07,,,,,0.00,0.0,0.0,
2026-09-07T04:08,,,,,0.00,0.0,0.0,
2026-09-07T04:09,,,,,0.00,0.0,0.0,
2026-09-07T04:10,,,,,0.00,0.0,0.0,16.40
2026-09-07T04:11,,,,,0.00,0.0,0.0,
2026-09-07T04:12,,,,,0.00,0.0,0.0,
2026-09-07T04:13,,,,,0.00,0.0,0.0,
2026-09-07T04:14,,,,,0.00,0.0,0.0,
2026-09-07T04:15,,,,,0.00,0.0,0.0,
2026-09-07T04:16,,,,,0.00,0.0,0.0,
2026-09-07T04:17,,,,,0.00,0.0,0.0,
2026-09-07T04:18,,,,,0.00,0.0,0.0,
2026-09-07T04:19,,,,,0.00,0.0,0.0,
2026-09-07T04:20,,,,,0.00,0.0,0.0,16.40
2026-09-07T04:21,,,,,0.00,0.0,0.0,
2026-09-07T04:22,,,,,0.00,0.0,0.0,
2026-09-07T04:23,,,,,0.00,0.0,0.0,
2026-09-07T04:24,,,,,0.00,0.0,0.0,
2026-09-07T04:25,,,,,0.00,0.0,0.0,
2026-09-07T04:26,,,,,0.00,0.0,0.0,
2026-09-07T04:27,,,,,0.00,0.0,0.0,
2026-09-07T04:28,,,,,0.00,0.0,0.0,
2026-09-07T04:29,,,,,0.00,0.0,0.0,
2026-09-07T04:30,,,,,0.00,0.0,0.0,16.40
2026-09-07T04:31,,,,,0.00,0.0,0.0,
2026-09-07T04:32,,,,,0.00,0.0,0.0,
2026-09-07T04:33,,,,,0.00,0.0,0.0,
2026-09-07T04:34,,,,,0.00,0.0,0.0,
2026-09-07T04:35,,,,,0.00,0.0,0.0,
2026-09-07T04:36,,,,,0.00,0.0,0.0,
2026-09-07T04:37,,,,,0.00,0.0,0.0,
2026-09-07T04:38,,,,,0.00,0.0,0.0,
2026-09-07T04:39,,,,,0.00,0.0,0.0,
2026-09-07T04:40,,,,,0.00,0.0,0.0,16.30
2026-09-07T04:41,,,,,0.00,0.0,0.0,
2026-09-07T04:42,,,,,0.00,0.0,0.0,
2026-09-07T04:43,,,,,0.00,0.0,0.0,
2026-09-07T04:44,,,,,0.00,0.0,0.0,
2026-09-07T04:45,,,,,0.00,0.0,0.0,
2026-09-07T04:46,,,,,0.00,0.0,0.0,
2026-09-07T04:47,,,,,0.00,0.0,0.0,
2026-09-07T04:48,,,,,0.00,0.0,0.0,
2026-09-07T04:49,,,,,0.00,0.0,0.0,
2026-09-07T04:50,,,,,0.00,0.0,0.0,16.20
2026-09-07T04:51,,,,,0.00,0.0,0.0,
2026-09-07T04:52,,,,,0.00,0.0,0.0,
2026-09-07T04:53,,,,,0.00,0.0,0.0,
2026-09-07T04:54,,,,,0.00,0.0,0.0,
2026-09-07T04:55,,,,,0.00,0.0,0.0,
2026-09-07T04:56,,,,,0.00,0.0,0.0,
2026-09-07T04:57,,,,,0.00,0.0,0.0,
2026-09-07T04:58,,,,,0.00,0.0,0.0,
2026-09-07T04:59,,,,,0.00,0.0,0.0,
2026-09-07T05:00,,,,,0.00,0.0,0.0,16.40
2026-09-07T05:01,,,,,0.00,0.0,0.0,
2026-09-07T05:02,,,,,0.00,0.0,0.0,
2026-09-07T05:03,,,,,0.00,0.0,0.0,
2026-09-07T05:04,,,,,0.00,0.0,0.0,
2026-09-07T05:05,,,,,0.00,0.0,0.0,
2026-09-07T05:06,,,,,0.00,0.0,0.0,
2026-09-07T05:07,,,,,0.00,0.0,0.0,
2026-09-07T05:08,,,,,0.00,0.0,0.0,
2026-09-07T05:09,,,,,0.00,0.0,0.0,
2026-09-07T05:10,,,,,0.00,0.0,0.0,16.30
2026-09-07T05:11,,,,,0.00,0.0,0.0,
2026-09-07T05:12,,,,,0.00,0.0,0.0,
2026-09-07T05:13,,,,,0.00,0.0,0.0,
2026-09-07T05:14,,,,,0.00,0.0,0.0,
2026-09-07T05:15,,,,,0.00,0.0,0.0,
2026-09-07T05:16,,,,,0.00,0.0,0.0,
2026-09-07T05:17,,,,,0.00,0.0,0.0,
2026-09-07T05:18,,,,,0.00,0.0,0.0,
2026-09-07T05:19,,,,,0.00,0.0,0.0,
2026-09-07T05:20,,,,,0.00,0.0,0.0,16.10
2026-09-07T05:21,,,,,0.00,0.0,0.0,
2026-09-07T05:22,,,,,0.00,0.0,0.0,
2026-09-07T05:23,,,,,0.00,0.0,0.0,
2026-09-07T05:24,,,,,0.00,0.0,0.0,
2026-09-07T05:25,,,,,0.00,0.0,0.0,
2026-09-07T05:26,,,,,0.00,0.0,0.0,
2026-09-07T05:27,,,,,0.00,0.0,0.0,
2026-09-07T05:28,,,,,0.00,0.0,0.0,
2026-09-07T05:29,,,,,0.00,0.0,0.0,
2026-09-07T05:30,,,,,0.00,0.0,0.0,16.10
2026-09-07T05:31,,,,,0.00,0.0,0.0,
2026-09-07T05:32,,,,,0.00,0.0,0.0,
2026-09-07T05:33,,,,,0.00,0.0,0.0,
2026-09-07T05:34,,,,,0.00,0.0,0.0,
2026-09-07T05:35,,,,,0.00,0.0,0.0,
2026-09-07T05:36,,,,,0.00,0.0,0.0,
2026-09-07T05:37,,,,,0.00,0.0,0.0,
2026-09-07T05:38,,,,,0.00,0.0,0.0,
2026-09-07T05:39,,,,,0.00,0.0,0.0,
2026-09-07T05:40,,,,,0.00,0.0,0.0,16.10
2026-09-07T05:41,,,,,0.00,0.0,0.0,
2026-09-07T05:42,,,,,0.00,0.0,0.0,
2026-09-07T05:43,,,,,0.00,0.0,0.0,
2026-09-07T05:44,,,,,0.00,0.0,0.0,
2026-09-07T05:45,,,,,0.00,0.0,0.0,
2026-09-07T05:46,,,,,0.00,0.0,0.0,
2026-09-07T05:47,,,,,0.00,0.0,0.0,
2026-09-07T05:48,,,,,0.00,0.0,0.0,
2026-09-07T05:49,,,,,0.00,0.0,0.0,
2026-09-07T05:50,,,,,0.00,0.0,0.0,16.20
2026-09-07T05:51,,,,,0.00,0.0,0.0,
2026-09-07T05:52,,,,,0.00,0.0,0.0,
2026-09-07T05:53,,,,,0.00,0.0,0.0,
2026-09-07T05:54,,,,,0.00,0.0,0.0,
2026-09-07T05:55,,,,,0.00,0.0,0.0,
2026-09-07T05:56,,,,,0.00,0.0,0.0,
2026-09-07T05:57,,,,,0.00,0.0,0.0,
2026-09-07T05:58,,,,,0.00,0.0,0.0,
2026-09-07T05:59,,,,,0.00,0.0,0.0,
2026-09-07T06:00,,,,,0.00,0.0,0.0,16.50
2026-09-07T06:01,,,,,0.00,0.0,0.0,
2026-09-07T06:02,,,,,0.00,0.0,0.0,
2026-09-07T06:03,,,,,0.00,0.0,0.0,
2026-09-07T06:04,,,,,0.00,0.0,0.0,
2026-09-07T06:05,,,,,0.00,0.0,0.0,
2026-09-07T06:06,,,,,0.00,0.0,0.0,
2026-09-07T06:07,,,,,0.00,0.0,0.0,
2026-09-07T06:08,,,,,0.00,0.0,0.0,
2026-09-07T06:09,,,,,0.00,0.0,0.0,
2026-09-07T06:10,,,,,0.00,0.0,0.0,16.30
2026-09-07T06:11,,,,,0.00,0.0,0.0,
2026-09-07T06:12,,,,,0.00,0.0,0.0,
2026-09-07T06:13,,,,,0.00,0.0,0.0,
2026-09-07T06:14,,,,,0.00,0.0,0.0,
2026-09-07T06:15,,,,,0.00,0.0,0.0,
2026-09-07T06:16,,,,,0.00,0.0,0.0,
2026-09-07T06:17,,,,,0.00,0.0,0.0,
2026-09-07T06:18,,,,,0.00,0.0,0.0,
2026-09-07T06:19,,,,,0.00,0.0,0.0,
2026-09-07T06:20,,,,,0.00,0.0,0.0,16.20
2026-09-07T06:21,,,,,0.00,0.0,0.0,
2026-09-07T06:22,,,,,0.00,0.0,0.0,
2026-09-07T06:23,,,,,0.00,0.0,0.0,
2026-09-07T06:24,,,,,0.00,0.0,0.0,
2026-09-07T06:25,,,,,0.00,0.0,0.0,
2026-09-07T06:26,,,,,0.00,0.0,0.0,
2026-09-07T06:27,,,,,0.00,0.0,0.0,
2026-09-07T06:28,,,,,0.00,0.0,0.0,
2026-09-07T06:29,,,,,0.00,0.0,0.0,
2026-09-07T06:30,,,,,0.00,0.0,0.0,16.30
2026-09-07T06:31,,,,,0.00,0.0,0.0,
2026-09-07T06:32,,,,,0.00,0.0,0.0,
2026-09-07T06:33,,,,,0.00,0.0,0.0,
2026-09-07T06:34,,,,,0.00,0.0,0.0,
2026-09-07T06:35,,,,,0.00,0.0,0.0,
2026-09-07T06:36,,,,,0.00,0.0,0.0,
2026-09-07T06:37,,,,,0.00,0.0,0.0,
2026-09-07T06:38,,,,,0.00,0.0,0.0,
2026-09-07T06:39,,,,,0.00,0.0,0.0,
2026-09-07T06:40,,,,,0.00,0.0,0.0,16.10
2026-09-07T06:41,,,,,0.00,0.0,0.0,
2026-09-07T06:42,,,,,0.00,0.0,0.0,
2026-09-07T06:43,,,,,0.00,0.0,0.0,
2026-09-07T06:44,,,,,0.00,0.0,0.0,
2026-09-07T06:45,,,,,0.00,0.0,0.0,
2026-09-07T06:46,,,,,0.00,0.0,0.0,
2026-09-07T06:47,,,,,0.00,0.0,0.0,
2026-09-07T06:48,,,,,0.00,0.0,0.0,
2026-09-07T06:49,,,,,0.00,0.0,0.0,
2026-09-07T06:50,,,,,0.00,0.0,0.0,16.00
2026-09-07T06:51,,,,,0.00,0.0,0.0,
2026-09-07T06:52,,,,,0.00,0.0,0.0,
2026-09-07T06:53,,,,,0.00,0.0,0.0,
2026-09-07T06:54,,,,,0.00,0.0,0.0,
2026-09-07T06:55,,,,,0.00,0.0,0.0,
2026-09-07T06:56,,,,,0.00,0.0,0.0,
2026-09-07T06:57,,,,,0.00,0.0,0.0,
2026-09-07T06:58,,,,,0.00,0.0,0.0,
2026-09-07T06:59,,,,,0.00,0.0,0.0,
2026-09-07T07:00,,,,,0.00,0.0,0.0,16.00
2026-09-07T07:01,,,,,0.00,0.0,0.0,
2026-09-07T07:02,,,,,0.00,0.0,0.0,
2026-09-07T07:03,,,,,0.00,0.0,0.0,
2026-09-07T07:04,,,,,0.00,0.0,0.0,
2026-09-07T07:05,,,,,0.00,0.0,0.0,
2026-09-07T07:06,,,,,0.00,0.0,0.0,
2026-09-07T07:07,,,,,0.00,0.0,0.0,
2026-09-07T07:08,,,,,0.00,0.0,0.0,
2026-09-07T07:09,,,,,0.00,0.0,0.0,
2026-09-07T07:10,,,,,0.00,0.0,0.0,16.00
2026-09-07T07:11,,,,,0.00,0.0,0.0,
2026-09-07T07:12,,,,,0.00,0.0,0.0,
2026-09-07T07:13,,,,,0.00,0.0,0.0,
2026-09-07T07:14,,,,,0.00,0.0,0.0,
2026-09-07T07:15,,,,,0.00,0.0,0.0,
2026-09-07T07:16,,,,,0.00,0.0,0.0,
2026-09-07T07:17,,,,,0.00,0.0,0.0,
2026-09-07T07:18,,,,,0.00,0.0,0.0,
2026-09-07T07:19,,,,,0.00,0.0,0.0,
2026-09-07T07:20,,,,,0.00,0.0,0.0,16.10
2026-09-07T07:21,,,,,0.00,0.0,0.0,
2026-09-07T07:22,,,,,0.00,0.0,0.0,
2026-09-07T07:23,,,,,0.00,0.0,0.0,
2026-09-07T07:24,,,,,0.00,0.0,0.0,
2026-09-07T07:25,,,,,0.00,0.0,0.0,
2026-09-07T07:26,,,,,0.00,0.0,0.0,
2026-09-07T07:27,,,,,0.00,0.0,0.0,
2026-09-07T07:28,,,,,0.00,0.0,0.0,
2026-09-07T07:29,,,,,0.00,0.0,0.0,
2026-09-07T07:30,,,,,0.00,0.0,0.0,16.20
2026-09-07T07:31,,,,,0.00,0.0,0.0,
2026-09-07T07:32,,,,,0.00,0.0,0.0,
2026-09-07T07:33,,,,,0.00,0.0,0.0,
2026-09-07T07:34,,,,,0.00,0.0,0.0,
2026-09-07T07:35,,,,,0.00,0.0,0.0,
2026-09-07T07:36,,,,,0.00,0.0,0.0,
2026-09-07T07:37,,,,,0.00,0.0,0.0,
2026-09-07T07:38,,,,,0.00,0.0,0.0,
2026-09-07T07:39,,,,,0.00,0.0,0.0,
2026-09-07T07:40,,,,,0.00,0.0,0.0,16.80
2026-09-07T07:41,,,,,0.00,0.0,0.0,
2026-09-07T07:42,,,,,0.00,0.0,0.0,
2026-09-07T07:43,,,,,0.00,0.0,0.0,
2026-09-07T07:44,,,,,0.00,0.0,0.0,
2026-09-07T07:45,,,,,0.00,0.0,0.0,
2026-09-07T07:46,,,,,0.00,0.0,0.0,
2026-09-07T07:47,,,,,0.00,0.0,0.0,
2026-09-07T07:48,,,,,0.00,0.0,0.0,
2026-09-07T07:49,,,,,0.00,0.0,0.0,
2026-09-07T07:50,,,,,0.00,0.0,0.0,18.00
2026-09-07T07:51,,,,,0.00,0.0,0.0,
2026-09-07T07:52,,,,,0.00,0.0,0.0,
2026-09-07T07:53,,,,,0.00,0.0,0.0,
2026-09-07T07:54,,,,,0.00,0.0,0.0,
2026-09-07T07:55,,,,,0.00,0.0,0.0,
2026-09-07T07:56,,,,,0.00,0.0,0.0,
2026-09-07T07:57,,,,,0.00,0.0,0.0,
2026-09-07T07:58,,,,,0.00,0.0,0.0,
2026-09-07T07:59,,,,,0.00,0.0,0.0,
2026-09-07T08:00,,,,,0.00,0.0,0.0,18.70
2026-09-07T08:01,,,,,0.00,0.0,0.0,
2026-09-07T08:02,,,,,0.00,0.0,0.0,
2026-09-07T08:03,,,,,0.00,0.0,0.0,
2026-09-07T08:04,,,,,0.00,0.0,0.0,
2026-09-07T08:05,,,,,0.00,0.0,0.0,
2026-09-07T08:06,,,,,0.00,0.0,0.0,
2026-09-07T08:07,,,,,0.00,0.0,0.0,
2026-09-07T08:08,,,,,0.00,0.0,0.0,
2026-09-07T08:09,,,,,0.00,0.0,0.0,
2026-09-07T08:10,,,,,0.00,0.0,0.0,19.90
2026-09-07T08:11,,,,,0.00,0.0,0.0,
2026-09-07T08:12,,,,,0.00,0.0,0.0,
2026-09-07T08:13,,,,,0.00,0.0,0.0,
2026-09-07T08:14,,,,,0.00,0.0,0.0,
2026-09-07T08:15,,,,,0.00,0.0,0.0,
2026-09-07T08:16,,,,,0.00,0.0,0.0,
2026-09-07T08:17,,,,,0.00,0.0,0.0,
2026-09-07T08:18,,,,,0.00,0.0,0.0,
2026-09-07T08:19,,,,,0.00,0.0,0.0,
2026-09-07T08:20,,,,,0.00,0.0,0.0,20.50
2026-09-07T08:21,,,,,0.00,0.0,0.0,
2026-09-07T08:22,,,,,0.00,0.0,0.0,
2026-09-07T08:23,,,,,0.00,0.0,0.0,
2026-09-07T08:24,,,,,0.00,0.0,0.0,
2026-09-07T08:25,,,,,0.00,0.0,0.0,
2026-09-07T08:26,,,,,0.00,0.0,0.0,
2026-09-07T08:27,,,,,0.00,0.0,0.0,
2026-09-07T08:28,,,,,0.00,0.0,0.0,
2026-09-07T08:29,,,,,0.00,0.0,0.0,
2026-09-07T08:30,,,,,0.00,0.0,0.0,20.80
2026-09-07T08:31,,,,,0.00,0.0,0.0,
2026-09-07T08:32,,,,,0.00,0.0,0.0,
2026-09-07T08:33,,,,,0.00,0.0,0.0,
2026-09-07T08:34,,,,,0.00,0.0,0.0,
2026-09-07T08:35,,,,,0.00,0.0,0.0,
2026-09-07T08:36,,,,,0.00,0.0,0.0,
2026-09-07T08:37,,,,,0.00,0.0,0.0,
2026-09-07T08:38,,,,,0.00,0.0,0.0,
2026-09-07T08:39,,,,,0.00,0.0,0.0,
2026-09-07T08:40,,,,,0.00,0.0,0.0,20.40
2026-09-07T08:41,,,,,0.00,0.0,0.0,
2026-09-07T08:42,,,,,0.00,0.0,0.0,
2026-09-07T08:43,,,,,0.00,0.0,0.0,
2026-09-07T08:44,,,,,0.00,0.0,0.0,
2026-09-07T08:45,,,,,0.00,0.0,0.0,
2026-09-07T08:46,,,,,0.00,0.0,0.0,
2026-09-07T08:47,,,,,0.00,0.0,0.0,
2026-09-07T08:48,,,,,0.00,0.0,0.0,
2026-09-07T08:49,,,,,0.00,0.0,0.0,
2026-09-07T08:50,,,,,0.00,0.0,0.0,19.50
2026-09-07T08:51,,,,,0.00,0.0,0.0,
2026-09-07T08:52,,,,,0.00,0.0,0.0,
2026-09-07T08:53,,,,,0.00,0.0,0.0,
2026-09-07T08:54,,,,,0.00,0.0,0.0,
2026-09-07T08:55,,,,,0.00,0.0,0.0,
2026-09-07T08:56,,,,,0.00,0.0,0.0,
2026-09-07T08:57,,,,,0.00,0.0,0.0,
2026-09-07T08:58,,,,,0.00,0.0,0.0,
2026-09-07T08:59,,,,,0.00,0.0,0.0,
2026-09-07T09:00,,,,,0.00,0.0,0.0,19.50
2026-09-07T09:01,,,,,0.00,0.0,0.0,
2026-09-07T09:02,,,,,0.00,0.0,0.0,
2026-09-07T09:03,,,,,0.00,0.0,0.0,
2026-09-07T09:04,,,,,0.00,0.0,0.0,
2026-09-07T09:05,,,,,0.00,0.0,0.0,
2026-09-07T09:06,,,,,0.00,0.0,0.0,
2026-09-07T09:07,,,,,0.00,0.0,0.0,
2026-09-07T09:08,,,,,0.00,0.0,0.0,
2026-09-07T09:09,,,,,0.00,0.0,0.0,
2026-09-07T09:10,,,,,0.00,0.0,0.0,18.90
2026-09-07T09:11,,,,,0.00,0.0,0.0,
2026-09-07T09:12,,,,,0.00,0.0,0.0,
2026-09-07T09:13,,,,,0.00,0.0,0.0,
2026-09-07T09:14,,,,,0.00,0.0,0.0,
2026-09-07T09:15,,,,,0.00,0.0,0.0,
2026-09-07T09:16,,,,,0.00,0.0,0.0,
2026-09-07T09:17,,,,,0.00,0.0,0.0,
2026-09-07T09:18,,,,,0.00,0.0,0.0,
2026-09-07T09:19,,,,,0.00,0.0,0.0,
2026-09-07T09:20,,,,,0.00,0.0,0.0,20.70
2026-09-07T09:21,,,,,0.00,0.0,0.0,
2026-09-07T09:22,,,,,0.00,0.0,0.0,
2026-09-07T09:23,,,,,0.00,0.0,0.0,
2026-09-07T09:24,,,,,0.00,0.0,0.0,
2026-09-07T09:25,,,,,0.00,0.0,0.0,
2026-09-07T09:26,,,,,0.00,0.0,0.0,
2026-09-07T09:27,,,,,0.00,0.0,0.0,
2026-09-07T09:28,,,,,0.00,0.0,0.0,
2026-09-07T09:29,,,,,0.00,0.0,0.0,
2026-09-07T09:30,,,,,0.00,0.0,0.0,22.10
2026-09-07T09:31,,,,,0.00,0.0,0.0,
2026-09-07T09:32,,,,,0.00,0.0,0.0,
2026-09-07T09:33,,,,,0.00,0.0,0.0,
2026-09-07T09:34,,,,,0.00,0.0,0.0,
2026-09-07T09:35,,,,,0.00,0.0,0.0,
2026-09-07T09:36,,,,,0.00,0.0,0.0,
2026-09-07T09:37,,,,,0.00,0.0,0.0,
2026-09-07T09:38,,,,,0.00,0.0,0.0,
2026-09-07T09:39,,,,,0.00,0.0,0.0,
2026-09-07T09:40,,,,,0.00,0.0,0.0,22.60
2026-09-07T09:41,,,,,0.00,0.0,0.0,
2026-09-07T09:42,,,,,0.00,0.0,0.0,
2026-09-07T09:43,,,,,0.00,0.0,0.0,
2026-09-07T09:44,,,,,0.00,0.0,0.0,
2026-09-07T09:45,,,,,0.00,0.0,0.0,
2026-09-07T09:46,,,,,0.00,0.0,0.0,
2026-09-07T09:47,,,,,0.00,0.0,0.0,
2026-09-07T09:48,,,,,0.00,0.0,0.0,
2026-09-07T09:49,,,,,0.00,0.0,0.0,
2026-09-07T09:50,,,,,0.00,0.0,0.0,23.00
2026-09-07T09:51,,,,,0.00,0.0,0.0,
2026-09-07T09:52,,,,,0.00,0.0,0.0,
2026-09-07T09:53,,,,,0.00,0.0,0.0,
2026-09-07T09:54,,,,,0.00,0.0,0.0,
2026-09-07T09:55,,,,,0.00,0.0,0.0,
2026-09-07T09:56,,,,,0.00,0.0,0.0,
2026-09-07T09:57,,,,,0.00,0.0,0.0,
2026-09-07T09:58,,,,,0.00,0.0,0.0,
2026-09-07T09:59,,,,,0.00,0.0,0.0,
2026-09-07T10:00,,,,,0.00,0.0,0.0,22.80
2026-09-07T10:01,,,,,0.00,0.0,0.0,
2026-09-07T10:02,,,,,0.00,0.0,0.0,
2026-09-07T10:03,,,,,0.00,0.0,0.0,
2026-09-07T10:04,,,,,0.00,0.0,0.0,
2026-09-07T10:05,,,,,0.00,0.0,0.0,
2026-09-07T10:06,,,,,0.00,0.0,0.0,
2026-09-07T10:07,,,,,0.00,0.0,0.0,
2026-09-07T10:08,,,,,0.00,0.0,0.0,
2026-09-07T10:09,,,,,0.00,0.0,0.0,
2026-09-07T10:10,,,,,0.00,0.0,0.0,23.00
2026-09-07T10:11,,,,,0.00,0.0,0.0,
2026-09-07T10:12,,,,,0.00,0.0,0.0,
2026-09-07T10:13,,,,,0.00,0.0,0.0,
2026-09-07T10:14,,,,,0.00,0.0,0.0,
2026-09-07T10:15,,,,,0.00,0.0,0.0,
2026-09-07T10:16,,,,,0.00,0.0,0.0,
2026-09-07T10:17,,,,,0.00,0.0,0.0,
2026-09-07T10:18,,,,,0.00,0.0,0.0,
2026-09-07T10:19,,,,,0.00,0.0,0.0,
2026-09-07T10:20,,,,,0.00,0.0,0.0,23.50
2026-09-07T10:21,,,,,0.00,0.0,0.0,
2026-09-07T10:22,,,,,0.00,0.0,0.0,
2026-09-07T10:23,,,,,0.00,0.0,0.0,
2026-09-07T10:24,,,,,0.00,0.0,0.0,
2026-09-07T10:25,,,,,0.00,0.0,0.0,
2026-09-07T10:26,,,,,0.00,0.0,0.0,
2026-09-07T10:27,,,,,0.00,0.0,0.0,
2026-09-07T10:28,,,,,0.00,0.0,0.0,
2026-09-07T10:29,,,,,0.00,0.0,0.0,
2026-09-07T10:30,,,,,0.00,0.0,0.0,24.00
2026-09-07T10:31,,,,,0.00,0.0,0.0,
2026-09-07T10:32,,,,,0.00,0.0,0.0,
2026-09-07T10:33,,,,,0.00,0.0,0.0,
2026-09-07T10:34,,,,,0.00,0.0,0.0,
2026-09-07T10:35,,,,,0.00,0.0,0.0,
2026-09-07T10:36,,,,,0.00,0.0,0.0,
2026-09-07T10:37,,,,,0.00,0.0,0.0,
2026-09-07T10:38,,,,,0.00,0.0,0.0,
2026-09-07T10:39,,,,,0.00,0.0,0.0,
2026-09-07T10:40,,,,,0.00,0.0,0.0,23.80
2026-09-07T10:41,,,,,0.00,0.0,0.0,
2026-09-07T10:42,,,,,0.00,0.0,0.0,
2026-09-07T10:43,,,,,0.00,0.0,0.0,
2026-09-07T10:44,,,,,0.00,0.0,0.0,
2026-09-07T10:45,,,,,0.00,0.0,0.0,
2026-09-07T10:46,,,,,0.00,0.0,0.0,
2026-09-07T10:47,,,,,0.00,0.0,0.0,
2026-09-07T10:48,,,,,0.00,0.0,0.0,
2026-09-07T10:49,,,,,0.00,0.0,0.0,
2026-09-07T10:50,,,,,0.00,0.0,0.0,24.30
2026-09-07T10:51,,,,,0.00,0.0,0.0,
2026-09-07T10:52,,,,,0.00,0.0,0.0,
2026-09-07T10:53,,,,,0.00,0.0,0.0,
2026-09-07T10:54,,,,,0.00,0.0,0.0,
2026-09-07T10:55,,,,,0.00,0.0,0.0,
2026-09-07T10:56,,,,,0.00,0.0,0.0,
2026-09-07T10:57,,,,,0.00,0.0,0.0,
2026-09-07T10:58,,,,,0.00,0.0,0.0,
2026-09-07T10:59,,,,,0.00,0.0,0.0,
2026-09-07T11:00,,,,,0.00,0.0,0.0,24.60
2026-09-07T11:01,,,,,0.00,0.0,0.0,
2026-09-07T11:02,,,,,0.00,0.0,0.0,
2026-09-07T11:03,,,,,0.00,0.0,0.0,
2026-09-07T11:04,,,,,0.00,0.0,0.0,
2026-09-07T11:05,,,,,0.00,0.0,0.0,
2026-09-07T11:06,,,,,0.00,0.0,0.0,
2026-09-07T11:07,,,,,0.00,0.0,0.0,
2026-09-07T11:08,,,,,0.00,0.0,0.0,
2026-09-07T11:09,,,,,0.00,0.0,0.0,
2026-09-07T11:10,,,,,0.00,0.0,0.0,24.80
2026-09-07T11:11,,,,,0.00,0.0,0.0,
2026-09-07T11:12,,,,,0.00,0.0,0.0,
2026-09-07T11:13,,,,,0.00,0.0,0.0,
2026-09-07T11:14,,,,,0.00,0.0,0.0,
2026-09-07T11:15,,,,,0.00,0.0,0.0,
2026-09-07T11:16,,,,,0.00,0.0,0.0,
2026-09-07T11:17,,,,,0.00,0.0,0.0,
2026-09-07T11:18,,,,,0.00,0.0,0.0,
2026-09-07T11:19,,,,,0.00,0.0,0.0,
2026-09-07T11:20,,,,,0.00,0.0,0.0,24.50
2026-09-07T11:21,,,,,0.00,0.0,0.0,
2026-09-07T11:22,,,,,0.00,0.0,0.0,
2026-09-07T11:23,,,,,0.00,0.0,0.0,
2026-09-07T11:24,,,,,0.00,0.0,0.0,
2026-09-07T11:25,,,,,0.00,0.0,0.0,
2026-09-07T11:26,,,,,0.00,0.0,0.0,
2026-09-07T11:27,,,,,0.00,0.0,0.0,
2026-09-07T11:28,,,,,0.00,0.0,0.0,
2026-09-07T11:29,,,,,0.00,0.0,0.0,
2026-09-07T11:30,,,,,0.00,0.0,0.0,24.10
2026-09-07T11:31,,,,,0.00,0.0,0.0,
2026-09-07T11:32,,,,,0.00,0.0,0.0,
2026-09-07T11:33,,,,,0.00,0.0,0.0,
2026-09-07T11:34,,,,,0.00,0.0,0.0,
2026-09-07T11:35,,,,,0.00,0.0,0.0,
2026-09-07T11:36,,,,,0.00,0.0,0.0,
2026-09-07T11:37,,,,,0.00,0.0,0.0,
2026-09-07T11:38,,,,,0.00,0.0,0.0,
2026-09-07T11:39,,,,,0.00,0.0,0.0,
2026-09-07T11:40,,,,,0.00,0.0,0.0,24.10
2026-09-07T11:41,,,,,0.00,0.0,0.0,
2026-09-07T11:42,,,,,0.00,0.0,0.0,
2026-09-07T11:43,,,,,0.00,0.0,0.0,
2026-09-07T11:44,,,,,0.00,0.0,0.0,
2026-09-07T11:45,,,,,0.00,0.0,0.0,
2026-09-07T11:46,,,,,0.00,0.0,0.0,
2026-09-07T11:47,,,,,0.00,0.0,0.0,
2026-09-07T11:48,,,,,0.00,0.0,0.0,
2026-09-07T11:49,,,,,0.00,0.0,0.0,
2026-09-07T11:50,,,,,0.00,0.0,0.0,24.40
2026-09-07T11:51,,,,,0.00,0.0,0.0,
2026-09-07T11:52,,,,,0.00,0.0,0.0,
2026-09-07T11:53,,,,,0.00,0.0,0.0,
2026-09-07T11:54,,,,,0.00,0.0,0.0,
2026-09-07T11:55,,,,,0.00,0.0,0.0,
2026-09-07T11:56,,,,,0.00,0.0,0.0,
2026-09-07T11:57,,,,,0.00,0.0,0.0,
2026-09-07T11:58,,,,,0.00,0.0,0.0,
2026-09-07T11:59,,,,,0.00,0.0,0.0,
2026-09-07T12:00,,,,,0.00,0.0,0.0,24.80
2026-09-07T12:01,,,,,0.00,0.0,0.0,
2026-09-07T12:02,,,,,0.00,0.0,0.0,
2026-09-07T12:03,,,,,0.00,0.0,0.0,
2026-09-07T12:04,,,,,0.00,0.0,0.0,
2026-09-07T12:05,,,,,0.00,0.0,0.0,
2026-09-07T12:06,,,,,0.00,0.0,0.0,
2026-09-07T12:07,,,,,0.00,0.0,0.0,
2026-09-07T12:08,,,,,0.00,0.0,0.0,
2026-09-07T12:09,,,,,0.00,0.0,0.0,
2026-09-07T12:10,,,,,0.00,0.0,0.0,25.00
2026-09-07T12:11,,,,,0.00,0.0,0.0,
2026-09-07T12:12,,,,,0.00,0.0,0.0,
2026-09-07T12:13,,,,,0.00,0.0,0.0,
2026-09-07T12:14,,,,,0.00,0.0,0.0,
2026-09-07T12:15,,,,,0.00,0.0,0.0,
2026-09-07T12:16,,,,,0.00,0.0,0.0,
2026-09-07T12:17,,,,,0.00,0.0,0.0,
2026-09-07T12:18,,,,,0.00,0.0,0.0,
2026-09-07T12:19,,,,,0.00,0.0,0.0,
2026-09-07T12:20,,,,,0.00,0.0,0.0,25.30
2026-09-07T12:21,,,,,0.00,0.0,0.0,
2026-09-07T12:22,,,,,0.00,0.0,0.0,
2026-09-07T12:23,,,,,0.00,0.0,0.0,
2026-09-07T12:24,,,,,0.00,0.0,0.0,
2026-09-07T12:25,,,,,0.00,0.0,0.0,
2026-09-07T12:26,,,,,0.00,0.0,0.0,
2026-09-07T12:27,,,,,0.00,0.0,0.0,
2026-09-07T12:28,,,,,0.00,0.0,0.0,
2026-09-07T12:29,,,,,0.00,0.0,0.0,
2026-09-07T12:30,,,,,0.00,0.0,0.0,25.50
2026-09-07T12:31,,,,,0.00,0.0,0.0,
2026-09-07T12:32,,,,,0.00,0.0,0.0,
2026-09-07T12:33,,,,,0.00,0.0,0.0,
2026-09-07T12:34,,,,,0.00,0.0,0.0,
2026-09-07T12:35,,,,,0.00,0.0,0.0,
2026-09-07T12:36,,,,,0.00,0.0,0.0,
2026-09-07T12:37,,,,,0.00,0.0,0.0,
2026-09-07T12:38,,,,,0.00,0.0,0.0,
2026-09-07T12:39,,,,,0.00,0.0,0.0,
2026-09-07T12:40,,,,,0.00,0.0,0.0,24.60
2026-09-07T12:41,,,,,0.00,0.0,0.0,
2026-09-07T12:42,,,,,0.00,0.0,0.0,
2026-09-07T12:43,,,,,0.00,0.0,0.0,
2026-09-07T12:44,,,,,0.00,0.0,0.0,
2026-09-07T12:45,,,,,0.00,0.0,0.0,
2026-09-07T12:46,,,,,0.00,0.0,0.0,
2026-09-07T12:47,,,,,0.00,0.0,0.0,
2026-09-07T12:48,,,,,0.00,0.0,0.0,
2026-09-07T12:49,,,,,0.00,0.0,0.0,
2026-09-07T12:50,,,,,0.00,0.0,0.0,24.40
2026-09-07T12:51,,,,,0.00,0.0,0.0,
2026-09-07T12:52,,,,,0.00,0.0,0.0,
2026-09-07T12:53,,,,,0.00,0.0,0.0,
2026-09-07T12:54,,,,,0.00,0.0,0.0,
2026-09-07T12:55,,,,,0.00,0.0,0.0,
2026-09-07T12:56,,,,,0.00,0.0,0.0,
2026-09-07T12:57,,,,,0.00,0.0,0.0,
2026-09-07T12:58,,,,,0.00,0.0,0.0,
2026-09-07T12:59,,,,,0.00,0.0,0.0,
2026-09-07T13:00,0.0,3.31,10.9,0.0,0.00,0.0,0.0,24.90
2026-09-07T13:01,,,,,0.00,0.0,0.0,
2026-09-07T13:02,,,,,0.00,0.0,0.0,
2026-09-07T13:03,,,,,0.00,0.0,0.0,
2026-09-07T13:04,,,,,0.00,0.0,0.0,
2026-09-07T13:05,,,,,0.00,0.0,0.0,
2026-09-07T13:06,,,,,0.00,0.0,0.0,
2026-09-07T13:07,,,,,0.00,0.0,0.0,
2026-09-07T13:08,,,,,0.00,0.0,0.0,
2026-09-07T13:09,,,,,0.00,0.0,0.0,
2026-09-07T13:10,,,,,0.00,0.0,0.0,25.80
2026-09-07T13:11,,,,,0.00,0.0,0.0,
2026-09-07T13:12,,,,,0.00,0.0,0.0,
2026-09-07T13:13,,,,,0.00,0.0,0.0,
2026-09-07T13:14,,,,,0.00,0.0,0.0,
2026-09-07T13:15,,,,,0.00,0.0,0.0,
2026-09-07T13:16,,,,,0.00,0.0,0.0,
2026-09-07T13:17,,,,,0.00,0.0,0.0,
2026-09-07T13:18,,,,,0.00,0.0,0.0,
2026-09-07T13:19,,,,,0.00,0.0,0.0,
2026-09-07T13:20,,,,,0.00,0.0,0.0,24.80
2026-09-07T13:21,,,,,0.00,0.0,0.0,
2026-09-07T13:22,,,,,0.00,0.0,0.0,
2026-09-07T13:23,,,,,0.00,0.0,0.0,
2026-09-07T13:24,,,,,0.00,0.0,0.0,
2026-09-07T13:25,,,,,0.00,0.0,0.0,
2026-09-07T13:26,,,,,0.00,0.0,0.0,
2026-09-07T13:27,,,,,0.00,0.0,0.0,
2026-09-07T13:28,,,,,0.00,0.0,0.0,
2026-09-07T13:29,,,,,0.00,0.0,0.0,
2026-09-07T13:30,,,,,0.00,0.0,0.0,24.90
2026-09-07T13:31,,,,,0.00,0.0,0.0,
2026-09-07T13:32,,,,,0.00,0.0,0.0,
2026-09-07T13:33,,,,,0.00,0.0,0.0,
2026-09-07T13:34,,,,,0.00,0.0,0.0,
2026-09-07T13:35,,,,,0.00,0.0,0.0,
2026-09-07T13:36,,,,,0.00,0.0,0.0,
2026-09-07T13:37,,,,,0.00,0.0,0.0,
2026-09-07T13:38,,,,,0.00,0.0,0.0,
2026-09-07T13:39,,,,,0.00,0.0,0.0,
2026-09-07T13:40,,,,,0.00,0.0,0.0,25.00
2026-09-07T13:41,,,,,0.00,0.0,0.0,
2026-09-07T13:42,,,,,0.00,0.0,0.0,
2026-09-07T13:43,,,,,0.00,0.0,0.0,
2026-09-07T13:44,,,,,0.00,0.0,0.0,
2026-09-07T13:45,,,,,0.00,0.0,0.0,
2026-09-07T13:46,,,,,0.00,0.0,0.0,
2026-09-07T13:47,,,,,0.00,0.0,0.0,
2026-09-07T13:48,,,,,0.00,0.0,0.0,
2026-09-07T13:49,,,,,0.00,0.0,0.0,
2026-09-07T13:50,,,,,0.00,0.0,0.0,25.60
2026-09-07T13:51,,,,,0.00,0.0,0.0,
2026-09-07T13:52,,,,,0.00,0.0,0.0,
2026-09-07T13:53,,,,,0.00,0.0,0.0,
2026-09-07T13:54,,,,,0.00,0.0,0.0,
2026-09-07T13:55,,,,,0.00,0.0,0.0,
2026-09-07T13:56,,,,,0.00,0.0,0.0,
2026-09-07T13:57,,,,,0.00,0.0,0.0,
2026-09-07T13:58,,,,,0.00,0.0,0.0,
2026-09-07T13:59,,,,,0.00,0.0,0.0,
2026-09-07T14:00,,,,,0.00,0.0,0.0,25.50
2026-09-07T14:01,,,,,0.00,0.0,0.0,
2026-09-07T14:02,,,,,0.00,0.0,0.0,
2026-09-07T14:03,,,,,0.00,0.0,0.0,
2026-09-07T14:04,,,,,0.00,0.0,0.0,
2026-09-07T14:05,,,,,0.00,0.0,0.0,
2026-09-07T14:06,,,,,0.00,0.0,0.0,
2026-09-07T14:07,,,,,0.00,0.0,0.0,
2026-09-07T14:08,,,,,0.00,0.0,0.0,
2026-09-07T14:09,,,,,0.00,0.0,0.0,
2026-09-07T14:10,,,,,0.00,0.0,0.0,25.00
2026-09-07T14:11,,,,,0.00,0.0,0.0,
2026-09-07T14:12,,,,,0.00,0.0,0.0,
2026-09-07T14:13,,,,,0.00,0.0,0.0,
2026-09-07T14:14,,,,,0.00,0.0,0.0,
2026-09-07T14:15,,,,,0.00,0.0,0.0,
2026-09-07T14:16,,,,,0.00,0.0,0.0,
2026-09-07T14:17,,,,,0.00,0.0,0.0,
2026-09-07T14:18,,,,,0.00,0.0,0.0,
2026-09-07T14:19,,,,,0.00,0.0,0.0,
2026-09-07T14:20,,,,,0.00,0.0,0.0,25.00
2026-09-07T14:21,,,,,0.00,0.0,0.0,
2026-09-07T14:22,,,,,0.00,0.0,0.0,
2026-09-07T14:23,,,,,0.00,0.0,0.0,
2026-09-07T14:24,,,,,0.00,0.0,0.0,
2026-09-07T14:25,,,,,0.00,0.0,0.0,
2026-09-07T14:26,,,,,0.00,0.0,0.0,
2026-09-07T14:27,,,,,0.00,0.0,0.0,
2026-09-07T14:28,,,,,0.00,0.0,0.0,
2026-09-07T14:29,,,,,0.00,0.0,0.0,
2026-09-07T14:30,,,,,0.00,0.0,0.0,25.20
2026-09-07T14:31,,,,,0.00,0.0,0.0,
2026-09-07T14:32,,,,,0.00,0.0,0.0,
2026-09-07T14:33,,,,,0.00,0.0,0.0,
2026-09-07T14:34,,,,,0.00,0.0,0.0,
2026-09-07T14:35,,,,,0.00,0.0,0.0,
2026-09-07T14:36,,,,,0.00,0.0,0.0,
2026-09-07T14:37,,,,,0.00,0.0,0.0,
2026-09-07T14:38,,,,,0.00,0.0,0.0,
2026-09-07T14:39,,,,,0.00,0.0,0.0,
2026-09-07T14:40,,,,,0.00,0.0,0.0,25.50
2026-09-07T14:41,,,,,0.00,0.0,0.0,
2026-09-07T14:42,,,,,0.00,0.0,0.0,
2026-09-07T14:43,,,,,0.00,0.0,0.0,
2026-09-07T14:44,,,,,0.00,0.0,0.0,
2026-09-07T14:45,,,,,0.00,0.0,0.0,
2026-09-07T14:46,,,,,0.00,0.0,0.0,
2026-09-07T14:47,,,,,0.00,0.0,0.0,
2026-09-07T14:48,,,,,0.00,0.0,0.0,
2026-09-07T14:49,,,,,0.00,0.0,0.0,
2026-09-07T14:50,,,,,0.00,0.0,0.0,24.90
2026-09-07T14:51,,,,,0.00,0.0,0.0,
2026-09-07T14:52,,,,,0.00,0.0,0.0,
2026-09-07T14:53,,,,,0.00,0.0,0.0,
2026-09-07T14:54,,,,,0.00,0.0,0.0,
2026-09-07T14:55,,,,,0.00,0.0,0.0,
2026-09-07T14:56,,,,,0.00,0.0,0.0,
2026-09-07T14:57,,,,,0.00,0.0,0.0,
2026-09-07T14:58,,,,,0.00,0.0,0.0,
2026-09-07T14:59,,,,,0.00,0.0,0.0,
2026-09-07T15:00,,,,,0.00,0.0,0.0,25.20
2026-09-07T15:01,,,,,0.00,0.0,0.0,
2026-09-07T15:02,,,,,0.00,0.0,0.0,
2026-09-07T15:03,,,,,0.00,0.0,0.0,
2026-09-07T15:04,,,,,0.00,0.0,0.0,
2026-09-07T15:05,,,,,0.00,0.0,0.0,
2026-09-07T15:06,,,,,0.00,0.0,0.0,
2026-09-07T15:07,,,,,0.00,0.0,0.0,
2026-09-07T15:08,,,,,0.00,0.0,0.0,
2026-09-07T15:09,,,,,0.00,0.0,0.0,
2026-09-07T15:10,,,,,0.00,0.0,0.0,25.00
2026-09-07T15:11,,,,,0.00,0.0,0.0,
2026-09-07T15:12,,,,,0.00,0.0,0.0,
2026-09-07T15:13,,,,,0.00,0.0,0.0,
2026-09-07T15:14,,,,,0.00,0.0,0.0,
2026-09-07T15:15,,,,,0.00,0.0,0.0,
2026-09-07T15:16,,,,,0.00,0.0,0.0,
2026-09-07T15:17,,,,,0.00,0.0,0.0,
2026-09-07T15:18,,,,,0.00,0.0,0.0,
2026-09-07T15:19,,,,,0.00,0.0,0.0,
2026-09-07T15:20,,,,,0.00,0.0,0.0,25.50
2026-09-07T15:21,,,,,0.00,0.0,0.0,
2026-09-07T15:22,,,,,0.00,0.0,0.0,
2026-09-07T15:23,,,,,0.00,0.0,0.0,
2026-09-07T15:24,,,,,0.00,0.0,0.0,
2026-09-07T15:25,,,,,0.00,0.0,0.0,
2026-09-07T15:26,,,,,0.00,0.0,0.0,
2026-09-07T15:27,,,,,0.00,0.0,0.0,
2026-09-07T15:28,,,,,0.00,0.0,0.0,
2026-09-07T15:29,,,,,0.00,0.0,0.0,
2026-09-07T15:30,,,,,0.00,0.0,0.0,24.80
2026-09-07T15:31,,,,,0.00,0.0,0.0,
2026-09-07T15:32,,,,,0.00,0.0,0.0,
2026-09-07T15:33,,,,,0.00,0.0,0.0,
2026-09-07T15:34,,,,,0.00,0.0,0.0,
2026-09-07T15:35,,,,,0.00,0.0,0.0,
2026-09-07T15:36,,,,,0.00,0.0,0.0,
2026-09-07T15:37,,,,,0.00,0.0,0.0,
2026-09-07T15:38,,,,,0.00,0.0,0.0,
2026-09-07T15:39,,,,,0.00,0.0,0.0,
2026-09-07T15:40,,,,,0.00,0.0,0.0,24.00
2026-09-07T15:41,,,,,0.00,0.0,0.0,
2026-09-07T15:42,,,,,0.00,0.0,0.0,
2026-09-07T15:43,,,,,0.00,0.0,0.0,
2026-09-07T15:44,,,,,0.00,0.0,0.0,
2026-09-07T15:45,,,,,0.00,0.0,0.0,
2026-09-07T15:46,,,,,0.00,0.0,0.0,
2026-09-07T15:47,,,,,0.00,0.0,0.0,
2026-09-07T15:48,,,,,0.00,0.0,0.0,
2026-09-07T15:49,,,,,0.00,0.0,0.0,
2026-09-07T15:50,,,,,0.00,0.0,0.0,23.80
2026-09-07T15:51,,,,,0.00,0.0,0.0,
2026-09-07T15:52,,,,,0.00,0.0,0.0,
2026-09-07T15:53,,,,,0.00,0.0,0.0,
2026-09-07T15:54,,,,,0.00,0.0,0.0,
2026-09-07T15:55,,,,,0.00,0.0,0.0,
2026-09-07T15:56,,,,,0.00,0.0,0.0,
2026-09-07T15:57,,,,,0.00,0.0,0.0,
2026-09-07T15:58,,,,,0.00,0.0,0.0,
2026-09-07T15:59,,,,,0.00,0.0,0.0,
2026-09-07T16:00,,,,,0.00,0.0,0.0,22.70
2026-09-07T16:01,,,,,0.00,0.0,0.0,
2026-09-07T16:02,,,,,0.00,0.0,0.0,
2026-09-07T16:03,,,,,0.00,0.0,0.0,
2026-09-07T16:04,,,,,0.00,0.0,0.0,
2026-09-07T16:05,,,,,0.00,0.0,0.0,
2026-09-07T16:06,,,,,0.00,0.0,0.0,
2026-09-07T16:07,,,,,0.00,0.0,0.0,
2026-09-07T16:08,,,,,0.00,0.0,0.0,
2026-09-07T16:09,,,,,0.00,0.0,0.0,
2026-09-07T16:10,,,,,0.00,0.0,0.0,22.30
2026-09-07T16:11,,,,,0.00,0.0,0.0,
2026-09-07T16:12,,,,,0.00,0.0,0.0,
2026-09-07T16:13,,,,,0.00,0.0,0.0,
2026-09-07T16:14,,,,,0.00,0.0,0.0,
2026-09-07T16:15,,,,,0.00,0.0,0.0,
2026-09-07T16:16,,,,,0.00,0.0,0.0,
2026-09-07T16:17,,,,,0.00,0.0,0.0,
2026-09-07T16:18,,,,,0.00,0.0,0.0,
2026-09-07T16:19,,,,,0.00,0.0,0.0,
2026-09-07T16:20,,,,,0.00,0.0,0.0,21.80
2026-09-07T16:21,,,,,0.00,0.0,0.0,
2026-09-07T16:22,,,,,0.00,0.0,0.0,
2026-09-07T16:23,,,,,0.00,0.0,0.0,
2026-09-07T16:24,,,,,0.00,0.0,0.0,
2026-09-07T16:25,,,,,0.00,0.0,0.0,
2026-09-07T16:26,,,,,0.00,0.0,0.0,
2026-09-07T16:27,,,,,0.00,0.0,0.0,
2026-09-07T16:28,,,,,0.00,0.0,0.0,
2026-09-07T16:29,,,,,0.00,0.0,0.0,
2026-09-07T16:30,,,,,0.00,0.0,0.0,21.70
2026-09-07T16:31,,,,,0.00,0.0,0.0,
2026-09-07T16:32,,,,,0.00,0.0,0.0,
2026-09-07T16:33,,,,,0.00,0.0,0.0,
2026-09-07T16:34,,,,,0.00,0.0,0.0,
2026-09-07T16:35,,,,,0.00,0.0,0.0,
2026-09-07T16:36,,,,,0.00,0.0,0.0,
2026-09-07T16:37,,,,,0.00,0.0,0.0,
2026-09-07T16:38,,,,,0.00,0.0,0.0,
2026-09-07T16:39,,,,,0.00,0.0,0.0,
2026-09-07T16:40,,,,,0.00,0.0,0.0,21.60
2026-09-07T16:41,,,,,0.00,0.0,0.0,
2026-09-07T16:42,,,,,0.00,0.0,0.0,
2026-09-07T16:43,,,,,0.00,0.0,0.0,
2026-09-07T16:44,,,,,0.00,0.0,0.0,
2026-09-07T16:45,,,,,0.00,0.0,0.0,
2026-09-07T16:46,,,,,0.00,0.0,0.0,
2026-09-07T16:47,,,,,0.00,0.0,0.0,
2026-09-07T16:48,,,,,0.00,0.0,0.0,
2026-09-07T16:49,,,,,0.00,0.0,0.0,
2026-09-07T16:50,,,,,0.00,0.0,0.0,21.80
2026-09-07T16:51,,,,,0.00,0.0,0.0,
2026-09-07T16:52,,,,,0.00,0.0,0.0,
2026-09-07T16:53,,,,,0.00,0.0,0.0,
2026-09-07T16:54,,,,,0.00,0.0,0.0,
2026-09-07T16:55,,,,,0.00,0.0,0.0,
2026-09-07T16:56,,,,,0.00,0.0,0.0,
2026-09-07T16:57,,,,,0.00,0.0,0.0,
2026-09-07T16:58,,,,,0.00,0.0,0.0,
2026-09-07T16:59,,,,,0.00,0.0,0.0,
2026-09-07T17:00,,,,,0.00,0.0,0.0,22.10
2026-09-07T17:01,,,,,0.00,0.0,0.0,
2026-09-07T17:02,,,,,0.00,0.0,0.0,
2026-09-07T17:03,,,,,0.00,0.0,0.0,
2026-09-07T17:04,,,,,0.00,0.0,0.0,
2026-09-07T17:05,,,,,0.00,0.0,0.0,
2026-09-07T17:06,,,,,0.00,0.0,0.0,
2026-09-07T17:07,,,,,0.00,0.0,0.0,
2026-09-07T17:08,,,,,0.00,0.0,0.0,
2026-09-07T17:09,,,,,0.00,0.0,0.0,
2026-09-07T17:10,,,,,0.00,0.0,0.0,22.20
2026-09-07T17:11,,,,,0.00,0.0,0.0,
2026-09-07T17:12,,,,,0.00,0.0,0.0,
2026-09-07T17:13,,,,,0.00,0.0,0.0,
2026-09-07T17:14,,,,,0.00,0.0,0.0,
2026-09-07T17:15,,,,,0.00,0.0,0.0,
2026-09-07T17:16,,,,,0.00,0.0,0.0,
2026-09-07T17:17,,,,,0.00,0.0,0.0,
2026-09-07T17:18,,,,,0.00,0.0,0.0,
2026-09-07T17:19,,,,,0.00,0.0,0.0,
2026-09-07T17:20,,,,,0.00,0.0,0.0,22.70
2026-09-07T17:21,,,,,0.00,0.0,0.0,
2026-09-07T17:22,,,,,0.00,0.0,0.0,
2026-09-07T17:23,,,,,0.00,0.0,0.0,
2026-09-07T17:24,,,,,0.00,0.0,0.0,
2026-09-07T17:25,,,,,0.00,0.0,0.0,
2026-09-07T17:26,,,,,0.00,0.0,0.0,
2026-09-07T17:27,,,,,0.00,0.0,0.0,
2026-09-07T17:28,,,,,0.00,0.0,0.0,
2026-09-07T17:29,,,,,0.00,0.0,0.0,
2026-09-07T17:30,,,,,0.00,0.0,0.0,22.00
2026-09-07T17:31,,,,,0.00,0.0,0.0,
2026-09-07T17:32,,,,,0.00,0.0,0.0,
2026-09-07T17:33,,,,,0.00,0.0,0.0,
2026-09-07T17:34,,,,,0.00,0.0,0.0,
2026-09-07T17:35,,,,,0.00,0.0,0.0,
2026-09-07T17:36,,,,,0.00,0.0,0.0,
2026-09-07T17:37,,,,,0.00,0.0,0.0,
2026-09-07T17:38,,,,,0.00,0.0,0.0,
2026-09-07T17:39,,,,,0.00,0.0,0.0,
2026-09-07T17:40,,,,,0.00,0.0,0.0,23.10
2026-09-07T17:41,,,,,0.00,0.0,0.0,
2026-09-07T17:42,,,,,0.00,0.0,0.0,
2026-09-07T17:43,,,,,0.00,0.0,0.0,
2026-09-07T17:44,,,,,0.00,0.0,0.0,
2026-09-07T17:45,,,,,0.00,0.0,0.0,
2026-09-07T17:46,,,,,0.00,0.0,0.0,
2026-09-07T17:47,,,,,0.00,0.0,0.0,
2026-09-07T17:48,,,,,0.00,0.0,0.0,
2026-09-07T17:49,,,,,0.00,0.0,0.0,
2026-09-07T17:50,,,,,0.00,0.0,0.0,22.90
2026-09-07T17:51,,,,,0.00,0.0,0.0,
2026-09-07T17:52,,,,,0.00,0.0,0.0,
2026-09-07T17:53,,,,,0.00,0.0,0.0,
2026-09-07T17:54,,,,,0.00,0.0,0.0,
2026-09-07T17:55,,,,,0.00,0.0,0.0,
2026-09-07T17:56,,,,,0.00,0.0,0.0,
2026-09-07T17:57,,,,,0.00,0.0,0.0,
2026-09-07T17:58,,,,,0.00,0.0,0.0,
2026-09-07T17:59,,,,,0.00,0.0,0.0,
2026-09-07T18:00,,,,,0.00,0.0,0.0,22.00
2026-09-07T18:01,,,,,0.00,0.0,0.0,
2026-09-07T18:02,,,,,0.00,0.0,0.0,
2026-09-07T18:03,,,,,0.00,0.0,0.0,
2026-09-07T18:04,,,,,0.00,0.0,0.0,
2026-09-07T18:05,,,,,0.00,0.0,0.0,
2026-09-07T18:06,,,,,0.00,0.0,0.0,
2026-09-07T18:07,,,,,0.00,0.0,0.0,
2026-09-07T18:08,,,,,0.00,0.0,0.0,
2026-09-07T18:09,,,,,0.00,0.0,0.0,
2026-09-07T18:10,,,,,0.00,0.0,0.0,21.60
2026-09-07T18:11,,,,,0.00,0.0,0.0,
2026-09-07T18:12,,,,,0.00,0.0,0.0,
2026-09-07T18:13,,,,,0.00,0.0,0.0,
2026-09-07T18:14,,,,,0.00,0.0,0.0,
2026-09-07T18:15,,,,,0.00,0.0,0.0,
2026-09-07T18:16,,,,,0.00,0.0,0.0,
2026-09-07T18:17,,,,,0.00,0.0,0.0,
2026-09-07T18:18,,,,,0.00,0.0,0.0,
2026-09-07T18:19,,,,,0.00,0.0,0.0,
2026-09-07T18:20,,,,,0.00,0.0,0.0,21.50
2026-09-07T18:21,,,,,0.00,0.0,0.0,
2026-09-07T18:22,,,,,0.00,0.0,0.0,
2026-09-07T18:23,,,,,0.00,0.0,0.0,
2026-09-07T18:24,,,,,0.00,0.0,0.0,
2026-09-07T18:25,,,,,0.00,0.0,0.0,
2026-09-07T18:26,,,,,0.00,0.0,0.0,
2026-09-07T18:27,,,,,0.00,0.0,0.0,
2026-09-07T18:28,,,,,0.00,0.0,0.0,
2026-09-07T18:29,,,,,0.00,0.0,0.0,
2026-09-07T18:30,,,,,0.00,0.0,0.0,21.10
2026-09-07T18:31,,,,,0.00,0.0,0.0,
2026-09-07T18:32,,,,,0.00,0.0,0.0,
2026-09-07T18:33,,,,,0.00,0.0,0.0,
2026-09-07T18:34,,,,,0.00,0.0,0.0,
2026-09-07T18:35,,,,,0.00,0.0,0.0,
2026-09-07T18:36,,,,,0.00,0.0,0.0,
2026-09-07T18:37,,,,,0.00,0.0,0.0,
2026-09-07T18:38,,,,,0.00,0.0,0.0,
2026-09-07T18:39,,,,,0.00,0.0,0.0,
2026-09-07T18:40,,,,,0.00,0.0,0.0,20.80
2026-09-07T18:41,,,,,0.00,0.0,0.0,
2026-09-07T18:42,,,,,0.00,0.0,0.0,
2026-09-07T18:43,,,,,0.00,0.0,0.0,
2026-09-07T18:44,,,,,0.00,0.0,0.0,
2026-09-07T18:45,,,,,0.00,0.0,0.0,
2026-09-07T18:46,,,,,0.00,0.0,0.0,
2026-09-07T18:47,,,,,0.00,0.0,0.0,
2026-09-07T18:48,,,,,0.00,0.0,0.0,
2026-09-07T18:49,,,,,0.00,0.0,0.0,
2026-09-07T18:50,,,,,0.00,0.0,0.0,20.60
2026-09-07T18:51,,,,,0.00,0.0,0.0,
2026-09-07T18:52,,,,,0.00,0.0,0.0,
2026-09-07T18:53,,,,,0.00,0.0,0.0,
2026-09-07T18:54,,,,,0.00,0.0,0.0,
2026-09-07T18:55,,,,,0.00,0.0,0.0,
2026-09-07T18:56,,,,,0.00,0.0,0.0,
2026-09-07T18:57,,,,,0.00,0.0,0.0,
2026-09-07T18:58,,,,,0.00,0.0,0.0,
2026-09-07T18:59,,,,,0.00,0.0,0.0,
2026-09-07T19:00,,,,,0.00,0.0,0.0,20.30
2026-09-07T19:01,,,,,0.00,0.0,0.0,
2026-09-07T19:02,,,,,0.00,0.0,0.0,
2026-09-07T19:03,,,,,0.00,0.0,0.0,
2026-09-07T19:04,,,,,0.00,0.0,0.0,
2026-09-07T19:05,,,,,0.00,0.0,0.0,
2026-09-07T19:06,,,,,0.00,0.0,0.0,
2026-09-07T19:07,,,,,0.00,0.0,0.0,
2026-09-07T19:08,,,,,0.00,0.0,0.0,
2026-09-07T19:09,,,,,0.00,0.0,0.0,
2026-09-07T19:10,,,,,0.00,0.0,0.0,20.30
2026-09-07T19:11,,,,,0.00,0.0,0.0,
2026-09-07T19:12,,,,,0.00,0.0,0.0,
2026-09-07T19:13,,,,,0.00,0.0,0.0,
2026-09-07T19:14,,,,,0.00,0.0,0.0,
2026-09-07T19:15,,,,,0.00,0.0,0.0,
2026-09-07T19:16,,,,,0.00,0.0,0.0,
2026-09-07T19:17,,,,,0.00,0.0,0.0,
2026-09-07T19:18,,,,,0.00,0.0,0.0,
2026-09-07T19:19,,,,,0.00,0.0,0.0,
2026-09-07T19:20,,,,,0.00,0.0,0.0,20.60
2026-09-07T19:21,,,,,0.00,0.0,0.0,
2026-09-07T19:22,,,,,0.00,0.0,0.0,
2026-09-07T19:23,,,,,0.00,0.0,0.0,
2026-09-07T19:24,,,,,0.00,0.0,0.0,
2026-09-07T19:25,,,,,0.00,0.0,0.0,
2026-09-07T19:26,,,,,0.00,0.0,0.0,
2026-09-07T19:27,,,,,0.00,0.0,0.0,
2026-09-07T19:28,,,,,0.00,0.0,0.0,
2026-09-07T19:29,,,,,0.00,0.0,0.0,
2026-09-07T19:30,,,,,0.00,0.0,0.0,20.50
2026-09-07T19:31,,,,,0.00,0.0,0.0,
2026-09-07T19:32,,,,,0.00,0.0,0.0,
2026-09-07T19:33,,,,,0.00,0.0,0.0,
2026-09-07T19:34,,,,,0.00,0.0,0.0,
2026-09-07T19:35,,,,,0.00,0.0,0.0,
2026-09-07T19:36,,,,,0.00,0.0,0.0,
2026-09-07T19:37,,,,,0.00,0.0,0.0,
2026-09-07T19:38,,,,,0.00,0.0,0.0,
2026-09-07T19:39,,,,,0.00,0.0,0.0,
2026-09-07T19:40,,,,,0.00,0.0,0.0,20.40
2026-09-07T19:41,,,,,0.00,0.0,0.0,
2026-09-07T19:42,,,,,0.00,0.0,0.0,
2026-09-07T19:43,,,,,0.00,0.0,0.0,
2026-09-07T19:44,,,,,0.00,0.0,0.0,
2026-09-07T19:45,,,,,0.00,0.0,0.0,
2026-09-07T19:46,,,,,0.00,0.0,0.0,
2026-09-07T19:47,,,,,0.00,0.0,0.0,
2026-09-07T19:48,,,,,0.00,0.0,0.0,
2026-09-07T19:49,,,,,0.00,0.0,0.0,
2026-09-07T19:50,,,,,0.00,0.0,0.0,20.00
2026-09-07T19:51,,,,,0.00,0.0,0.0,
2026-09-07T19:52,,,,,0.00,0.0,0.0,
2026-09-07T19:53,,,,,0.00,0.0,0.0,
2026-09-07T19:54,,,,,0.00,0.0,0.0,
2026-09-07T19:55,,,,,0.00,0.0,0.0,
2026-09-07T19:56,,,,,0.00,0.0,0.0,
2026-09-07T19:57,,,,,0.00,0.0,0.0,
2026-09-07T19:59,,,,,-999,-999.0,-999.0,
2026-09-07T20:00,,,,,0.00,-999.0,-999.0,20.10
2026-09-07T20:01,,,,,0.00,-999.0,-999.0,
2026-09-07T20:02,,,,,0.00,-999.0,-999.0,
2026-09-07T20:03,,,,,0.00,-999.0,-999.0,
2026-09-07T20:04,,,,,0.00,-999.0,-999.0,
2026-09-07T20:05,,,,,0.00,-999.0,-999.0,
2026-09-07T20:06,,,,,0.00,-999.0,-999.0,
2026-09-07T20:07,,,,,0.00,-999.0,-999.0,
2026-09-07T20:08,,,,,0.00,-999.0,-999.0,
2026-09-07T20:09,,,,,0.00,-999.0,-999.0,
2026-09-07T20:10,,,,,0.00,-999.0,-999.0,19.90
2026-09-07T20:11,,,,,0.00,-999.0,-999.0,
2026-09-07T20:12,,,,,0.00,-999.0,-999.0,
2026-09-07T20:13,,,,,0.00,-999.0,-999.0,
2026-09-07T20:14,,,,,0.00,-999.0,-999.0,
2026-09-07T20:15,,,,,0.00,-999.0,-999.0,
2026-09-07T20:16,,,,,0.00,-999.0,-999.0,
2026-09-07T20:17,,,,,0.00,-999.0,-999.0,
2026-09-07T20:18,,,,,0.00,-999.0,-999.0,
2026-09-07T20:19,,,,,0.00,-999.0,-999.0,
2026-09-07T20:20,,,,,0.00,-999.0,-999.0,19.60
2026-09-07T20:21,,,,,0.00,-999.0,-999.0,
2026-09-07T20:22,,,,,0.00,-999.0,-999.0,
2026-09-07T20:23,,,,,0.00,-999.0,-999.0,
2026-09-07T20:24,,,,,0.00,-999.0,-999.0,
2026-09-07T20:25,,,,,0.00,-999.0,-999.0,
2026-09-07T20:26,,,,,0.00,-999.0,-999.0,
2026-09-07T20:27,,,,,0.00,-999.0,-999.0,
2026-09-07T20:28,,,,,0.00,-999.0,-999.0,
2026-09-07T20:29,,,,,0.00,-999.0,-999.0,
2026-09-07T20:30,,,,,0.00,-999.0,-999.0,19.70
2026-09-07T20:31,,,,,0.00,-999.0,-999.0,
2026-09-07T20:32,,,,,0.00,-999.0,-999.0,
2026-09-07T20:33,,,,,0.00,-999.0,-999.0,
2026-09-07T20:34,,,,,0.00,-999.0,-999.0,
2026-09-07T20:35,,,,,0.00,-999.0,-999.0,
2026-09-07T20:36,,,,,0.00,-999.0,-999.0,
2026-09-07T20:37,,,,,0.00,-999.0,-999.0,
2026-09-07T20:38,,,,,0.00,-999.0,-999.0,
2026-09-07T20:39,,,,,0.00,-999.0,-999.0,
2026-09-07T20:40,,,,,0.00,-999.0,-999.0,19.70
2026-09-07T20:41,,,,,0.00,-999.0,-999.0,
2026-09-07T20:42,,,,,0.00,-999.0,-999.0,
2026-09-07T20:43,,,,,0.00,-999.0,-999.0,
2026-09-07T20:44,,,,,0.00,-999.0,-999.0,
2026-09-07T20:45,,,,,0.00,-999.0,-999.0,
2026-09-07T20:46,,,,,0.00,-999.0,-999.0,
2026-09-07T20:47,,,,,0.00,-999.0,-999.0,
2026-09-07T20:48,,,,,0.00,-999.0,-999.0,
2026-09-07T20:49,,,,,0.00,-999.0,-999.0,
2026-09-07T20:50,,,,,0.00,-999.0,-999.0,19.70
2026-09-07T20:51,,,,,0.00,-999.0,-999.0,
2026-09-07T20:52,,,,,0.00,-999.0,-999.0,
2026-09-07T20:53,,,,,0.00,-999.0,-999.0,
2026-09-07T20:54,,,,,0.00,-999.0,-999.0,
2026-09-07T20:55,,,,,0.00,-999.0,-999.0,
2026-09-07T20:56,,,,,0.00,-999.0,-999.0,
2026-09-07T20:57,,,,,0.00,-999.0,-999.0,
2026-09-07T20:58,,,,,0.00,-999.0,-999.0,
2026-09-07T20:59,,,,,0.00,-999.0,-999.0,
2026-09-07T21:00,,,,,0.00,-999.0,-999.0,19.70
2026-09-07T21:01,,,,,0.00,-999.0,-999.0,
2026-09-07T21:02,,,,,0.00,-999.0,-999.0,
2026-09-07T21:03,,,,,0.00,-999.0,-999.0,
2026-09-07T21:04,,,,,0.00,-999.0,-999.0,
2026-09-07T21:05,,,,,0.00,-999.0,-999.0,
2026-09-07T21:06,,,,,0.00,-999.0,-999.0,
2026-09-07T21:07,,,,,0.00,-999.0,-999.0,
2026-09-07T21:08,,,,,0.00,-999.0,-999.0,
2026-09-07T21:09,,,,,0.00,-999.0,-999.0,
2026-09-07T21:10,,,,,0.00,-999.0,-999.0,19.40
2026-09-07T21:11,,,,,0.00,-999.0,-999.0,
2026-09-07T21:12,,,,,0.00,-999.0,-999.0,
2026-09-07T21:13,,,,,0.00,-999.0,-999.0,
2026-09-07T21:14,,,,,0.00,-999.0,-999.0,
2026-09-07T21:15,,,,,0.00,-999.0,-999.0,
2026-09-07T21:16,,,,,0.00,-999.0,-999.0,
2026-09-07T21:17,,,,,0.00,-999.0,-999.0,
2026-09-07T21:18,,,,,0.00,-999.0,-999.0,
2026-09-07T21:19,,,,,0.00,-999.0,-999.0,
2026-09-07T21:20,,,,,0.00,-999.0,-999.0,19.40
2026-09-07T21:21,,,,,0.00,-999.0,-999.0,
2026-09-07T21:22,,,,,0.00,-999.0,-999.0,
2026-09-07T21:23,,,,,0.00,-999.0,-999.0,
2026-09-07T21:24,,,,,0.00,-999.0,-999.0,
2026-09-07T21:25,,,,,0.00,-999.0,-999.0,
2026-09-07T21:26,,,,,0.00,-999.0,-999.0,
2026-09-07T21:27,,,,,0.00,-999.0,-999.0,
2026-09-07T21:28,,,,,0.00,-999.0,-999.0,
2026-09-07T21:29,,,,,0.00,-999.0,-999.0,
2026-09-07T21:30,,,,,0.00,-999.0,-999.0,19.30
2026-09-07T21:31,,,,,0.00,-999.0,-999.0,
2026-09-07T21:32,,,,,0.00,-999.0,-999.0,
2026-09-07T21:33,,,,,0.00,-999.0,-999.0,
2026-09-07T21:34,,,,,0.00,-999.0,-999.0,
2026-09-07T21:35,,,,,0.00,-999.0,-999.0,
2026-09-07T21:36,,,,,0.00,-999.0,-999.0,
2026-09-07T21:37,,,,,0.00,-999.0,-999.0,
2026-09-07T21:38,,,,,0.00,-999.0,-999.0,
2026-09-07T21:39,,,,,0.00,-999.0,-999.0,
2026-09-07T21:40,,,,,0.00,-999.0,-999.0,19.00
2026-09-07T21:41,,,,,0.00,-999.0,-999.0,
2026-09-07T21:42,,,,,0.00,-999.0,-999.0,
2026-09-07T21:43,,,,,0.00,-999.0,-999.0,
2026-09-07T21:44,,,,,0.00,-999.0,-999.0,
2026-09-07T21:45,,,,,0.00,-999.0,-999.0,
2026-09-07T21:46,,,,,0.00,-999.0,-999.0,
2026-09-07T21:47,,,,,0.00,-999.0,-999.0,
2026-09-07T21:48,,,,,0.00,-999.0,-999.0,
2026-09-07T21:49,,,,,0.00,-999.0,-999.0,
2026-09-07T21:50,,,,,0.00,-999.0,-999.0,19.00
2026-09-07T21:51,,,,,0.00,-999.0,-999.0,
2026-09-07T21:52,,,,,0.00,-999.0,-999.0,
2026-09-07T21:53,,,,,0.00,-999.0,-999.0,
2026-09-07T21:54,,,,,0.00,-999.0,-999.0,
2026-09-07T21:55,,,,,0.00,-999.0,-999.0,
2026-09-07T21:56,,,,,0.00,-999.0,-999.0,
2026-09-07T21:57,,,,,0.00,-999.0,-999.0,
2026-09-07T21:58,,,,,0.00,-999.0,-999.0,
2026-09-07T21:59,,,,,0.00,-999.0,-999.0,
2026-09-07T22:00,,,,,0.00,-999.0,-999.0,18.80
2026-09-07T22:01,,,,,0.00,-999.0,-999.0,
2026-09-07T22:02,,,,,0.00,-999.0,-999.0,
2026-09-07T22:03,,,,,0.00,-999.0,-999.0,
2026-09-07T22:04,,,,,0.00,-999.0,-999.0,
2026-09-07T22:05,,,,,0.00,-999.0,-999.0,
2026-09-07T22:06,,,,,0.00,-999.0,-999.0,
2026-09-07T22:07,,,,,0.00,-999.0,-999.0,
2026-09-07T22:08,,,,,0.00,-999.0,-999.0,
2026-09-07T22:09,,,,,0.00,-999.0,-999.0,
2026-09-07T22:10,,,,,0.00,-999.0,-999.0,19.00
2026-09-07T22:11,,,,,0.00,-999.0,-999.0,
2026-09-07T22:12,,,,,0.00,-999.0,-999.0,
2026-09-07T22:13,,,,,0.00,-999.0,-999.0,
2026-09-07T22:14,,,,,0.00,-999.0,-999.0,
2026-09-07T22:15,,,,,0.00,-999.0,-999.0,
2026-09-07T22:16,,,,,0.00,-999.0,-999.0,
2026-09-07T22:17,,,,,0.00,-999.0,-999.0,
2026-09-07T22:18,,,,,0.00,-999.0,-999.0,
2026-09-07T22:19,,,,,0.00,-999.0,-999.0,
2026-09-07T22:20,,,,,0.00,-999.0,-999.0,18.90
2026-09-07T22:21,,,,,0.00,-999.0,-999.0,
2026-09-07T22:22,,,,,0.00,-999.0,-999.0,
2026-09-07T22:23,,,,,0.00,-999.0,-999.0,
2026-09-07T22:24,,,,,0.00,-999.0,-999.0,
2026-09-07T22:25,,,,,0.00,-999.0,-999.0,
2026-09-07T22:26,,,,,0.00,-999.0,-999.0,
2026-09-07T22:27,,,,,0.00,-999.0,-999.0,
2026-09-07T22:28,,,,,0.00,-999.0,-999.0,
2026-09-07T22:29,,,,,0.00,-999.0,-999.0,
2026-09-07T22:30,,,,,0.00,-999.0,-999.0,18.80
2026-09-07T22:31,,,,,0.00,-999.0,-999.0,
2026-09-07T22:32,,,,,0.00,-999.0,-999.0,
2026-09-07T22:33,,,,,0.00,-999.0,-999.0,
2026-09-07T22:34,,,,,0.00,-999.0,-999.0,
2026-09-07T22:35,,,,,0.00,-999.0,-999.0,
2026-09-07T22:36,,,,,0.00,-999.0,-999.0,
2026-09-07T22:37,,,,,0.00,-999.0,-999.0,
2026-09-07T22:38,,,,,0.00,-999.0,-999.0,
2026-09-07T22:39,,,,,0.00,-999.0,-999.0,
2026-09-07T22:40,,,,,0.00,-999.0,-999.0,18.80
2026-09-07T22:41,,,,,0.00,-999.0,-999.0,
2026-09-07T22:42,,,,,0.00,-999.0,-999.0,
2026-09-07T22:43,,,,,0.00,-999.0,-999.0,
2026-09-07T22:44,,,,,0.00,-999.0,-999.0,
2026-09-07T22:45,,,,,0.00,-999.0,-999.0,
2026-09-07T22:46,,,,,0.00,-999.0,-999.0,
2026-09-07T22:47,,,,,0.00,-999.0,-999.0,
2026-09-07T22:48,,,,,0.00,-999.0,-999.0,
2026-09-07T22:49,,,,,0.00,-999.0,-999.0,
2026-09-07T22:50,,,,,0.00,-999.0,-999.0,18.80
2026-09-07T22:51,,,,,0.00,-999.0,-999.0,
2026-09-07T22:52,,,,,0.00,-999.0,-999.0,
2026-09-07T22:53,,,,,0.00,-999.0,-999.0,
2026-09-07T22:54,,,,,0.00,-999.0,-999.0,
2026-09-07T22:55,,,,,0.00,-999.0,-999.0,
2026-09-07T22:56,,,,,0.00,-999.0,-999.0,
2026-09-07T22:57,,,,,0.00,-999.0,-999.0,
2026-09-07T22:58,,,,,0.00,-999.0,-999.0,
2026-09-07T22:59,,,,,0.00,-999.0,-999.0,
2026-09-07T23:00,,,,,0.00,-999.0,-999.0,18.90
2026-09-07T23:01,,,,,0.00,-999.0,-999.0,
2026-09-07T23:02,,,,,0.00,-999.0,-999.0,
2026-09-07T23:03,,,,,0.00,-999.0,-999.0,
2026-09-07T23:04,,,,,0.00,-999.0,-999.0,
2026-09-07T23:05,,,,,0.00,-999.0,-999.0,
2026-09-07T23:06,,,,,0.00,-999.0,-999.0,
2026-09-07T23:07,,,,,0.00,-999.0,-999.0,
2026-09-07T23:08,,,,,0.00,-999.0,-999.0,
2026-09-07T23:09,,,,,0.00,-999.0,-999.0,
2026-09-07T23:10,,,,,0.00,-999.0,-999.0,18.40
2026-09-07T23:11,,,,,0.00,-999.0,-999.0,
2026-09-07T23:12,,,,,0.00,-999.0,-999.0,
2026-09-07T23:13,,,,,0.00,-999.0,-999.0,
2026-09-07T23:14,,,,,0.00,-999.0,-999.0,
2026-09-07T23:15,,,,,0.00,-999.0,-999.0,
2026-09-07T23:16,,,,,0.00,-999.0,-999.0,
2026-09-07T23:17,,,,,0.00,-999.0,-999.0,
2026-09-07T23:18,,,,,0.00,-999.0,-999.0,
2026-09-07T23:19,,,,,0.00,-999.0,-999.0,
2026-09-07T23:20,,,,,0.00,-999.0,-999.0,18.40
2026-09-07T23:21,,,,,0.00,-999.0,-999.0,
2026-09-07T23:22,,,,,0.00,-999.0,-999.0,
2026-09-07T23:23,,,,,0.00,-999.0,-999.0,
2026-09-07T23:24,,,,,0.00,-999.0,-999.0,
2026-09-07T23:25,,,,,0.00,-999.0,-999.0,
2026-09-07T23:26,,,,,0.00,-999.0,-999.0,
2026-09-07T23:27,,,,,0.00,-999.0,-999.0,
2026-09-07T23:28,,,,,0.00,-999.0,-999.0,
2026-09-07T23:29,,,,,0.00,-999.0,-999.0,
2026-09-07T23:30,,,,,0.00,-999.0,-999.0,18.40
2026-09-07T23:31,,,,,0.00,-999.0,-999.0,
2026-09-07T23:32,,,,,0.00,-999.0,-999.0,
2026-09-07T23:33,,,,,0.00,-999.0,-999.0,
2026-09-07T23:34,,,,,0.00,-999.0,-999.0,
2026-09-07T23:35,,,,,0.00,-999.0,-999.0,
2026-09-07T23:36,,,,,0.00,-999.0,-999.0,
2026-09-07T23:37,,,,,0.00,-999.0,-999.0,
2026-09-07T23:38,,,,,0.00,-999.0,-999.0,
2026-09-07T23:39,,,,,0.00,-999.0,-999.0,
2026-09-07T23:40,,,,,0.00,-999.0,-999.0,18.40
2026-09-07T23:41,,,,,0.00,-999.0,-999.0,
2026-09-07T23:42,,,,,0.00,-999.0,-999.0,
2026-09-07T23:43,,,,,0.00,-999.0,-999.0,
2026-09-07T23:44,,,,,0.00,-999.0,-999.0,
2026-09-07T23:45,,,,,0.00,-999.0,-999.0,
2026-09-07T23:46,,,,,0.00,-999.0,-999.0,
2026-09-07T23:47,,,,,0.00,-999.0,-999.0,
2026-09-07T23:48,,,,,0.00,-999.0,-999.0,
2026-09-07T23:49,,,,,0.00,-999.0,-999.0,
2026-09-07T23:50,,,,,0.00,-999.0,-999.0,18.40
2026-09-07T23:51,,,,,0.00,-999.0,-999.0,
2026-09-07T23:52,,,,,0.00,-999.0,-999.0,
2026-09-07T23:53,,,,,0.00,-999.0,-999.0,
2026-09-07T23:54,,,,,0.00,-999.0,-999.0,
2026-09-07T23:55,,,,,0.00,-999.0,-999.0,
2026-09-07T23:56,,,,,0.00,-999.0,-999.0,
2026-09-07T23:57,,,,,0.00,-999.0,-999.0,
2026-09-07T23:58,,,,,0.00,-999.0,-999.0,
2026-09-07T23:59,,,,,0.00,-999.0,-999.0,
2026-09-08T00:00,,,,,0.00,-999.0,-999.0,18.20
2026-09-08T00:01,,,,,0.00,-999.0,-999.0,
2026-09-08T00:02,,,,,0.00,-999.0,-999.0,
2026-09-08T00:03,,,,,0.00,-999.0,-999.0,
2026-09-08T00:04,,,,,0.00,-999.0,-999.0,
2026-09-08T00:05,,,,,0.00,-999.0,-999.0,
2026-09-08T00:06,,,,,0.00,-999.0,-999.0,
2026-09-08T00:07,,,,,0.00,-999.0,-999.0,
2026-09-08T00:08,,,,,0.00,-999.0,-999.0,
2026-09-08T00:09,,,,,0.00,-999.0,-999.0,
2026-09-08T00:10,,,,,0.00,-999.0,-999.0,18.30
2026-09-08T00:11,,,,,0.00,-999.0,-999.0,
2026-09-08T00:12,,,,,0.00,-999.0,-999.0,
2026-09-08T00:13,,,,,0.00,-999.0,-999.0,
2026-09-08T00:14,,,,,0.00,-999.0,-999.0,
2026-09-08T00:15,,,,,0.00,-999.0,-999.0,
2026-09-08T00:16,,,,,0.00,-999.0,-999.0,
2026-09-08T00:17,,,,,0.00,-999.0,-999.0,
2026-09-08T00:18,,,,,0.00,-999.0,-999.0,
2026-09-08T00:19,,,,,0.00,-999.0,-999.0,
2026-09-08T00:20,,,,,0.00,-999.0,-999.0,18.20
2026-09-08T00:21,,,,,0.00,-999.0,-999.0,
2026-09-08T00:22,,,,,0.00,-999.0,-999.0,
2026-09-08T00:23,,,,,0.00,-999.0,-999.0,
2026-09-08T00:24,,,,,0.00,-999.0,-999.0,
2026-09-08T00:25,,,,,0.00,-999.0,-999.0,
2026-09-08T00:26,,,,,0.00,-999.0,-999.0,
2026-09-08T00:27,,,,,0.00,-999.0,-999.0,
2026-09-08T00:28,,,,,0.00,-999.0,-999.0,
2026-09-08T00:29,,,,,0.00,-999.0,-999.0,
2026-09-08T00:30,,,,,0.00,-999.0,-999.0,18.10
2026-09-08T00:31,,,,,0.00,-999.0,-999.0,
2026-09-08T00:32,,,,,0.00,-999.0,-999.0,
2026-09-08T00:33,,,,,0.00,-999.0,-999.0,
2026-09-08T00:34,,,,,0.00,-999.0,-999.0,
2026-09-08T00:35,,,,,0.00,-999.0,-999.0,
2026-09-08T00:36,,,,,0.00,-999.0,-999.0,
2026-09-08T00:37,,,,,0.00,-999.0,-999.0,
2026-09-08T00:38,,,,,0.00,-999.0,-999.0,
2026-09-08T00:39,,,,,0.00,-999.0,-999.0,
2026-09-08T00:40,,,,,0.00,-999.0,-999.0,18.00
2026-09-08T00:41,,,,,0.00,-999.0,-999.0,
2026-09-08T00:42,,,,,0.00,-999.0,-999.0,
2026-09-08T00:43,,,,,0.00,-999.0,-999.0,
2026-09-08T00:44,,,,,0.00,-999.0,-999.0,
2026-09-08T00:45,,,,,0.00,-999.0,-999.0,
2026-09-08T00:46,,,,,0.00,-999.0,-999.0,
2026-09-08T00:47,,,,,0.00,-999.0,-999.0,
2026-09-08T00:48,,,,,0.00,-999.0,-999.0,
2026-09-08T00:49,,,,,0.00,-999.0,-999.0,
2026-09-08T00:50,,,,,0.00,-999.0,-999.0,18.00
2026-09-08T00:51,,,,,0.00,-999.0,-999.0,
2026-09-08T00:52,,,,,0.00,-999.0,-999.0,
2026-09-08T00:53,,,,,0.00,-999.0,-999.0,
2026-09-08T00:54,,,,,0.00,-999.0,-999.0,
2026-09-08T00:55,,,,,0.00,-999.0,-999.0,
2026-09-08T00:56,,,,,0.00,-999.0,-999.0,
2026-09-08T00:57,,,,,0.00,-999.0,-999.0,
2026-09-08T00:58,,,,,0.00,-999.0,-999.0,
2026-09-08T00:59,,,,,0.00,-999.0,-999.0,
2026-09-08T01:00,,,,,0.00,-999.0,-999.0,18.00
2026-09-08T01:01,,,,,0.00,-999.0,-999.0,
2026-09-08T01:02,,,,,0.00,-999.0,-999.0,
2026-09-08T01:03,,,,,0.00,-999.0,-999.0,
2026-09-08T01:04,,,,,0.00,-999.0,-999.0,
2026-09-08T01:05,,,,,0.00,-999.0,-999.0,
2026-09-08T01:06,,,,,0.00,-999.0,-999.0,
2026-09-08T01:07,,,,,0.00,-999.0,-999.0,
2026-09-08T01:08,,,,,0.00,-999.0,-999.0,
2026-09-08T01:09,,,,,0.00,-999.0,-999.0,
2026-09-08T01:10,,,,,0.00,-999.0,-999.0,17.90
2026-09-08T01:11,,,,,0.00,-999.0,-999.0,
2026-09-08T01:12,,,,,0.00,-999.0,-999.0,
2026-09-08T01:13,,,,,0.00,-999.0,-999.0,
2026-09-08T01:14,,,,,0.00,-999.0,-999.0,
2026-09-08T01:15,,,,,0.00,-999.0,-999.0,
2026-09-08T01:16,,,,,0.00,-999.0,-999.0,
2026-09-08T01:17,,,,,0.00,-999.0,-999.0,
2026-09-08T01:18,,,,,0.00,-999.0,-999.0,
2026-09-08T01:19,,,,,0.00,-999.0,-999.0,
2026-09-08T01:20,,,,,0.00,-999.0,-999.0,18.00
2026-09-08T01:21,,,,,0.00,-999.0,-999.0,
2026-09-08T01:22,,,,,0.00,-999.0,-999.0,
2026-09-08T01:23,,,,,0.00,-999.0,-999.0,
2026-09-08T01:24,,,,,0.00,-999.0,-999.0,
2026-09-08T01:25,,,,,0.00,-999.0,-999.0,
2026-09-08T01:26,,,,,0.00,-999.0,-999.0,
2026-09-08T01:27,,,,,0.00,-999.0,-999.0,
2026-09-08T01:28,,,,,0.00,-999.0,-999.0,
2026-09-08T01:29,,,,,0.00,-999.0,-999.0,
2026-09-08T01:30,,,,,0.00,-999.0,-999.0,17.90
2026-09-08T01:31,,,,,0.00,-999.0,-999.0,
2026-09-08T01:32,,,,,0.00,-999.0,-999.0,
2026-09-08T01:33,,,,,0.00,-999.0,-999.0,
2026-09-08T01:34,,,,,0.00,-999.0,-999.0,
2026-09-08T01:35,,,,,0.00,-999.0,-999.0,
2026-09-08T01:36,,,,,0.00,-999.0,-999.0,
2026-09-08T01:37,,,,,0.00,-999.0,-999.0,
2026-09-08T01:38,,,,,0.00,-999.0,-999.0,
2026-09-08T01:39,,,,,0.00,-999.0,-999.0,
2026-09-08T01:40,,,,,0.00,-999.0,-999.0,17.70
2026-09-08T01:41,,,,,0.00,-999.0,-999.0,
2026-09-08T01:42,,,,,0.00,-999.0,-999.0,
2026-09-08T01:43,,,,,0.00,-999.0,-999.0,
2026-09-08T01:44,,,,,0.00,-999.0,-999.0,
2026-09-08T01:45,,,,,0.00,-999.0,-999.0,
2026-09-08T01:46,,,,,0.00,-999.0,-999.0,
2026-09-08T01:47,,,,,0.00,-999.0,-999.0,
2026-09-08T01:48,,,,,0.00,-999.0,-999.0,
2026-09-08T01:49,,,,,0.00,-999.0,-999.0,
2026-09-08T01:50,,,,,0.00,-999.0,-999.0,17.60
2026-09-08T01:51,,,,,0.00,-999.0,-999.0,
2026-09-08T01:52,,,,,0.00,-999.0,-999.0,
2026-09-08T01:53,,,,,0.00,-999.0,-999.0,
2026-09-08T01:54,,,,,0.00,-999.0,-999.0,
2026-09-08T01:55,,,,,0.00,-999.0,-999.0,
2026-09-08T01:56,,,,,0.00,-999.0,-999.0,
2026-09-08T01:57,,,,,0.00,-999.0,-999.0,
2026-09-08T01:58,,,,,0.00,-999.0,-999.0,
2026-09-08T01:59,,,,,0.00,-999.0,-999.0,
2026-09-08T02:00,,,,,0.00,-999.0,-999.0,17.50
2026-09-08T02:01,,,,,0.00,-999.0,-999.0,
2026-09-08T02:02,,,,,0.00,-999.0,-999.0,
2026-09-08T02:03,,,,,0.00,-999.0,-999.0,
2026-09-08T02:04,,,,,0.00,-999.0,-999.0,
2026-09-08T02:05,,,,,0.00,-999.0,-999.0,
2026-09-08T02:06,,,,,0.00,-999.0,-999.0,
2026-09-08T02:07,,,,,0.00,-999.0,-999.0,
2026-09-08T02:08,,,,,0.00,-999.0,-999.0,
2026-09-08T02:09,,,,,0.00,-999.0,-999.0,
2026-09-08T02:10,,,,,0.00,-999.0,-999.0,17.50
2026-09-08T02:11,,,,,0.00,-999.0,-999.0,
2026-09-08T02:12,,,,,0.00,-999.0,-999.0,
2026-09-08T02:13,,,,,0.00,-999.0,-999.0,
2026-09-08T02:14,,,,,0.00,-999.0,-999.0,
2026-09-08T02:15,,,,,0.00,-999.0,-999.0,
2026-09-08T02:16,,,,,0.00,-999.0,-999.0,
2026-09-08T02:17,,,,,0.00,-999.0,-999.0,
2026-09-08T02:18,,,,,0.00,-999.0,-999.0,
2026-09-08T02:19,,,,,0.00,-999.0,-999.0,
2026-09-08T02:20,,,,,0.00,-999.0,-999.0,17.60
2026-09-08T02:21,,,,,0.00,-999.0,-999.0,
2026-09-08T02:22,,,,,0.00,-999.0,-999.0,
2026-09-08T02:23,,,,,0.00,-999.0,-999.0,
2026-09-08T02:24,,,,,0.00,-999.0,-999.0,
2026-09-08T02:25,,,,,0.00,-999.0,-999.0,
2026-09-08T02:26,,,,,0.00,-999.0,-999.0,
2026-09-08T02:27,,,,,0.00,-999.0,-999.0,
2026-09-08T02:28,,,,,0.00,-999.0,-999.0,
2026-09-08T02:29,,,,,0.00,-999.0,-999.0,
2026-09-08T02:30,,,,,0.00,-999.0,-999.0,17.60
2026-09-08T02:31,,,,,0.00,-999.0,-999.0,
2026-09-08T02:32,,,,,0.00,-999.0,-999.0,
2026-09-08T02:33,,,,,0.00,-999.0,-999.0,
2026-09-08T02:34,,,,,0.00,-999.0,-999.0,
2026-09-08T02:35,,,,,0.00,-999.0,-999.0,
2026-09-08T02:36,,,,,0.00,-999.0,-999.0,
2026-09-08T02:37,,,,,0.00,-999.0,-999.0,
2026-09-08T02:38,,,,,0.00,-999.0,-999.0,
2026-09-08T02:39,,,,,0.00,-999.0,-999.0,
2026-09-08T02:40,,,,,0.00,-999.0,-999.0,17.60
2026-09-08T02:41,,,,,0.00,-999.0,-999.0,
2026-09-08T02:42,,,,,0.00,-999.0,-999.0,
2026-09-08T02:43,,,,,0.00,-999.0,-999.0,
2026-09-08T02:44,,,,,0.00,-999.0,-999.0,
2026-09-08T02:45,,,,,0.00,-999.0,-999.0,
2026-09-08T02:46,,,,,0.00,-999.0,-999.0,
2026-09-08T02:47,,,,,0.00,-999.0,-999.0,
2026-09-08T02:48,,,,,0.00,-999.0,-999.0,
2026-09-08T02:49,,,,,0.00,-999.0,-999.0,
2026-09-08T02:50,,,,,0.00,-999.0,-999.0,17.50
2026-09-08T02:51,,,,,0.00,-999.0,-999.0,
2026-09-08T02:52,,,,,0.00,-999.0,-999.0,
2026-09-08T02:53,,,,,0.00,-999.0,-999.0,
2026-09-08T02:54,,,,,0.00,-999.0,-999.0,
2026-09-08T02:55,,,,,0.00,-999.0,-999.0,
2026-09-08T02:56,,,,,0.00,-999.0,-999.0,
2026-09-08T02:57,,,,,0.00,-999.0,-999.0,
2026-09-08T02:58,,,,,0.00,-999.0,-999.0,
2026-09-08T02:59,,,,,0.00,-999.0,-999.0,
2026-09-08T03:00,,,,,0.00,-999.0,-999.0,17.40
2026-09-08T03:01,,,,,0.00,-999.0,-999.0,
2026-09-08T03:02,,,,,0.00,-999.0,-999.0,
2026-09-08T03:03,,,,,0.00,-999.0,-999.0,
2026-09-08T03:04,,,,,0.00,-999.0,-999.0,
2026-09-08T03:05,,,,,0.00,-999.0,-999.0,
2026-09-08T03:06,,,,,0.00,-999.0,-999.0,
2026-09-08T03:07,,,,,0.00,-999.0,-999.0,
2026-09-08T03:08,,,,,0.00,-999.0,-999.0,
2026-09-08T03:09,,,,,0.00,-999.0,-999.0,
2026-09-08T03:10,,,,,0.00,-999.0,-999.0,17.50
2026-09-08T03:11,,,,,0.00,-999.0,-999.0,
2026-09-08T03:12,,,,,0.00,-999.0,-999.0,
2026-09-08T03:13,,,,,0.00,-999.0,-999.0,
2026-09-08T03:14,,,,,0.00,-999.0,-999.0,
2026-09-08T03:15,,,,,0.00,-999.0,-999.0,
2026-09-08T03:16,,,,,0.00,-999.0,-999.0,
2026-09-08T03:17,,,,,0.00,-999.0,-999.0,
2026-09-08T03:18,,,,,0.00,-999.0,-999.0,
2026-09-08T03:19,,,,,0.00,-999.0,-999.0,
2026-09-08T03:20,,,,,0.00,-999.0,-999.0,17.50
2026-09-08T03:21,,,,,0.00,-999.0,-999.0,
2026-09-08T03:22,,,,,0.00,-999.0,-999.0,
2026-09-08T03:23,,,,,0.00,-999.0,-999.0,
2026-09-08T03:24,,,,,0.00,-999.0,-999.0,
2026-09-08T03:25,,,,,0.00,-999.0,-999.0,
2026-09-08T03:26,,,,,0.00,-999.0,-999.0,
2026-09-08T03:27,,,,,0.00,-999.0,-999.0,
2026-09-08T03:28,,,,,0.00,-999.0,-999.0,
2026-09-08T03:29,,,,,0.00,-999.0,-999.0,
2026-09-08T03:30,,,,,0.00,-999.0,-999.0,17.40
2026-09-08T03:31,,,,,0.00,-999.0,-999.0,
2026-09-08T03:32,,,,,0.00,-999.0,-999.0,
2026-09-08T03:33,,,,,0.00,-999.0,-999.0,
2026-09-08T03:34,,,,,0.00,-999.0,-999.0,
2026-09-08T03:35,,,,,0.00,-999.0,-999.0,
2026-09-08T03:36,,,,,0.00,-999.0,-999.0,
2026-09-08T03:37,,,,,0.00,-999.0,-999.0,
2026-09-08T03:38,,,,,0.00,-999.0,-999.0,
2026-09-08T03:39,,,,,0.00,-999.0,-999.0,
2026-09-08T03:40,,,,,0.00,-999.0,-999.0,17.40
2026-09-08T03:41,,,,,0.00,-999.0,-999.0,
2026-09-08T03:42,,,,,0.00,-999.0,-999.0,
2026-09-08T03:43,,,,,0.00,-999.0,-999.0,
2026-09-08T03:44,,,,,0.00,-999.0,-999.0,
2026-09-08T03:45,,,,,0.00,-999.0,-999.0,
2026-09-08T03:46,,,,,0.00,-999.0,-999.0,
2026-09-08T03:47,,,,,0.00,-999.0,-999.0,
2026-09-08T03:48,,,,,0.00,-999.0,-999.0,
2026-09-08T03:49,,,,,0.00,-999.0,-999.0,
2026-09-08T03:50,,,,,0.00,-999.0,-999.0,17.40
2026-09-08T03:51,,,,,0.00,-999.0,-999.0,
2026-09-08T03:52,,,,,0.00,-999.0,-999.0,
2026-09-08T03:53,,,,,0.00,-999.0,-999.0,
2026-09-08T03:54,,,,,0.00,-999.0,-999.0,
2026-09-08T03:55,,,,,0.00,-999.0,-999.0,
2026-09-08T03:56,,,,,0.00,-999.0,-999.0,
2026-09-08T03:57,,,,,0.00,-999.0,-999.0,
2026-09-08T03:58,,,,,0.00,-999.0,-999.0,
2026-09-08T03:59,,,,,0.00,-999.0,-999.0,
2026-09-08T04:00,,,,,0.00,-999.0,-999.0,17.40
2026-09-08T04:01,,,,,0.00,-999.0,-999.0,
2026-09-08T04:02,,,,,0.00,-999.0,-999.0,
2026-09-08T04:03,,,,,0.00,-999.0,-999.0,
2026-09-08T04:04,,,,,0.00,-999.0,-999.0,
2026-09-08T04:05,,,,,0.00,-999.0,-999.0,
2026-09-08T04:06,,,,,0.00,-999.0,-999.0,
2026-09-08T04:07,,,,,0.00,-999.0,-999.0,
2026-09-08T04:08,,,,,0.00,-999.0,-999.0,
2026-09-08T04:09,,,,,0.00,-999.0,-999.0,
2026-09-08T04:10,,,,,0.00,-999.0,-999.0,17.30
2026-09-08T04:11,,,,,0.00,-999.0,-999.0,
2026-09-08T04:12,,,,,0.00,-999.0,-999.0,
2026-09-08T04:13,,,,,0.00,-999.0,-999.0,
2026-09-08T04:14,,,,,0.00,-999.0,-999.0,
2026-09-08T04:15,,,,,0.00,-999.0,-999.0,
2026-09-08T04:16,,,,,0.00,-999.0,-999.0,
2026-09-08T04:17,,,,,0.00,-999.0,-999.0,
2026-09-08T04:18,,,,,0.00,-999.0,-999.0,
2026-09-08T04:19,,,,,0.00,-999.0,-999.0,
2026-09-08T04:20,,,,,0.00,-999.0,-999.0,17.30
2026-09-08T04:21,,,,,0.00,-999.0,-999.0,
2026-09-08T04:22,,,,,0.00,-999.0,-999.0,
2026-09-08T04:23,,,,,0.00,-999.0,-999.0,
2026-09-08T04:24,,,,,0.00,-999.0,-999.0,
2026-09-08T04:25,,,,,0.00,-999.0,-999.0,
2026-09-08T04:26,,,,,0.00,-999.0,-999.0,
2026-09-08T04:27,,,,,0.00,-999.0,-999.0,
2026-09-08T04:28,,,,,0.00,-999.0,-999.0,
2026-09-08T04:29,,,,,0.00,-999.0,-999.0,
2026-09-08T04:30,,,,,0.00,-999.0,-999.0,17.40
2026-09-08T04:31,,,,,0.00,-999.0,-999.0,
2026-09-08T04:32,,,,,0.00,-999.0,-999.0,
2026-09-08T04:33,,,,,0.00,-999.0,-999.0,
2026-09-08T04:34,,,,,0.00,-999.0,-999.0,
2026-09-08T04:35,,,,,0.00,-999.0,-999.0,
2026-09-08T04:36,,,,,0.00,-999.0,-999.0,
2026-09-08T04:37,,,,,0.00,-999.0,-999.0,
2026-09-08T04:38,,,,,0.00,-999.0,-999.0,
2026-09-08T04:39,,,,,0.00,-999.0,-999.0,
2026-09-08T04:40,,,,,0.00,-999.0,-999.0,17.20
2026-09-08T04:41,,,,,0.00,-999.0,-999.0,
2026-09-08T04:42,,,,,0.00,-999.0,-999.0,
2026-09-08T04:43,,,,,0.00,-999.0,-999.0,
2026-09-08T04:44,,,,,0.00,-999.0,-999.0,
2026-09-08T04:45,,,,,0.00,-999.0,-999.0,
2026-09-08T04:46,,,,,0.00,-999.0,-999.0,
2026-09-08T04:47,,,,,0.00,-999.0,-999.0,
2026-09-08T04:48,,,,,0.00,-999.0,-999.0,
2026-09-08T04:49,,,,,0.00,-999.0,-999.0,
2026-09-08T04:50,,,,,0.00,-999.0,-999.0,17.10
2026-09-08T04:51,,,,,0.00,-999.0,-999.0,
2026-09-08T04:52,,,,,0.00,-999.0,-999.0,
2026-09-08T04:53,,,,,0.00,-999.0,-999.0,
2026-09-08T04:54,,,,,0.00,-999.0,-999.0,
2026-09-08T04:55,,,,,0.00,-999.0,-999.0,
2026-09-08T04:56,,,,,0.00,-999.0,-999.0,
2026-09-08T04:57,,,,,0.00,-999.0,-999.0,
2026-09-08T04:58,,,,,0.00,-999.0,-999.0,
2026-09-08T04:59,,,,,0.00,-999.0,-999.0,
2026-09-08T05:00,,,,,0.00,-999.0,-999.0,17.10
2026-09-08T05:01,,,,,0.00,-999.0,-999.0,
2026-09-08T05:02,,,,,0.00,-999.0,-999.0,
2026-09-08T05:03,,,,,0.00,-999.0,-999.0,
2026-09-08T05:04,,,,,0.00,-999.0,-999.0,
2026-09-08T05:05,,,,,0.00,-999.0,-999.0,
2026-09-08T05:06,,,,,0.00,-999.0,-999.0,
2026-09-08T05:07,,,,,0.00,-999.0,-999.0,
2026-09-08T05:08,,,,,0.00,-999.0,-999.0,
2026-09-08T05:09,,,,,0.00,-999.0,-999.0,
2026-09-08T05:10,,,,,0.00,-999.0,-999.0,17.00
2026-09-08T05:11,,,,,0.00,-999.0,-999.0,
2026-09-08T05:12,,,,,0.00,-999.0,-999.0,
2026-09-08T05:13,,,,,0.00,-999.0,-999.0,
2026-09-08T05:14,,,,,0.00,-999.0,-999.0,
2026-09-08T05:15,,,,,0.00,-999.0,-999.0,
2026-09-08T05:16,,,,,0.00,-999.0,-999.0,
2026-09-08T05:17,,,,,0.00,-999.0,-999.0,
2026-09-08T05:18,,,,,0.00,-999.0,-999.0,
2026-09-08T05:19,,,,,0.00,-999.0,-999.0,
2026-09-08T05:20,,,,,0.00,-999.0,-999.0,17.00
2026-09-08T05:21,,,,,0.00,-999.0,-999.0,
2026-09-08T05:22,,,,,0.00,-999.0,-999.0,
2026-09-08T05:23,,,,,0.00,-999.0,-999.0,
2026-09-08T05:24,,,,,0.00,-999.0,-999.0,
2026-09-08T05:25,,,,,0.00,-999.0,-999.0,
2026-09-08T05:26,,,,,0.00,-999.0,-999.0,
2026-09-08T05:27,,,,,0.00,-999.0,-999.0,
2026-09-08T05:28,,,,,0.00,-999.0,-999.0,
2026-09-08T05:29,,,,,0.00,-999.0,-999.0,
2026-09-08T05:30,,,,,0.00,-999.0,-999.0,16.80
2026-09-08T05:31,,,,,0.00,-999.0,-999.0,
2026-09-08T05:32,,,,,0.00,-999.0,-999.0,
2026-09-08T05:33,,,,,0.00,-999.0,-999.0,
2026-09-08T05:34,,,,,0.00,-999.0,-999.0,
2026-09-08T05:35,,,,,0.00,-999.0,-999.0,
2026-09-08T05:36,,,,,0.00,-999.0,-999.0,
2026-09-08T05:37,,,,,0.00,-999.0,-999.0,
2026-09-08T05:38,,,,,0.00,-999.0,-999.0,
2026-09-08T05:39,,,,,0.00,-999.0,-999.0,
2026-09-08T05:40,,,,,0.00,-999.0,-999.0,16.80
2026-09-08T05:41,,,,,0.00,-999.0,-999.0,
2026-09-08T05:42,,,,,0.00,-999.0,-999.0,
2026-09-08T05:43,,,,,0.00,-999.0,-999.0,
2026-09-08T05:44,,,,,0.00,-999.0,-999.0,
2026-09-08T05:45,,,,,0.00,-999.0,-999.0,
2026-09-08T05:46,,,,,0.00,-999.0,-999.0,
2026-09-08T05:47,,,,,0.00,-999.0,-999.0,
2026-09-08T05:48,,,,,0.00,-999.0,-999.0,
2026-09-08T05:49,,,,,0.00,-999.0,-999.0,
2026-09-08T05:50,,,,,0.00,-999.0,-999.0,16.80
2026-09-08T05:51,,,,,0.00,-999.0,-999.0,
2026-09-08T05:52,,,,,0.00,-999.0,-999.0,
2026-09-08T05:53,,,,,0.00,-999.0,-999.0,
2026-09-08T05:54,,,,,0.00,-999.0,-999.0,
2026-09-08T05:55,,,,,0.00,-999.0,-999.0,
2026-09-08T05:56,,,,,0.00,-999.0,-999.0,
2026-09-08T05:57,,,,,0.00,-999.0,-999.0,
2026-09-08T05:58,,,,,0.00,-999.0,-999.0,
2026-09-08T05:59,,,,,0.00,-999.0,-999.0,
2026-09-08T06:00,,,,,0.00,-999.0,-999.0,16.70
2026-09-08T06:01,,,,,0.00,-999.0,-999.0,
2026-09-08T06:02,,,,,0.00,-999.0,-999.0,
2026-09-08T06:03,,,,,0.00,-999.0,-999.0,
2026-09-08T06:04,,,,,0.00,-999.0,-999.0,
2026-09-08T06:05,,,,,0.00,-999.0,-999.0,
2026-09-08T06:06,,,,,0.00,-999.0,-999.0,
2026-09-08T06:07,,,,,0.00,-999.0,-999.0,
2026-09-08T06:08,,,,,0.00,-999.0,-999.0,
2026-09-08T06:09,,,,,0.00,-999.0,-999.0,
2026-09-08T06:10,,,,,0.00,-999.0,-999.0,16.70
2026-09-08T06:11,,,,,0.00,-999.0,-999.0,
2026-09-08T06:12,,,,,0.00,-999.0,-999.0,
2026-09-08T06:13,,,,,0.00,-999.0,-999.0,
2026-09-08T06:14,,,,,0.00,-999.0,-999.0,
2026-09-08T06:15,,,,,0.00,-999.0,-999.0,
2026-09-08T06:16,,,,,0.00,-999.0,-999.0,
2026-09-08T06:17,,,,,0.00,-999.0,-999.0,
2026-09-08T06:18,,,,,0.00,-999.0,-999.0,
2026-09-08T06:19,,,,,0.00,-999.0,-999.0,
2026-09-08T06:20,,,,,0.00,-999.0,-999.0,16.60
2026-09-08T06:21,,,,,0.00,-999.0,-999.0,
2026-09-08T06:22,,,,,0.00,-999.0,-999.0,
2026-09-08T06:23,,,,,0.00,-999.0,-999.0,
2026-09-08T06:24,,,,,0.00,-999.0,-999.0,
2026-09-08T06:25,,,,,0.00,-999.0,-999.0,
2026-09-08T06:26,,,,,0.00,-999.0,-999.0,
2026-09-08T06:27,,,,,0.00,-999.0,-999.0,
2026-09-08T06:28,,,,,0.00,-999.0,-999.0,
2026-09-08T06:29,,,,,0.00,-999.0,-999.0,
2026-09-08T06:30,,,,,0.00,-999.0,-999.0,16.50
2026-09-08T06:31,,,,,0.00,-999.0,-999.0,
2026-09-08T06:32,,,,,0.00,-999.0,-999.0,
2026-09-08T06:33,,,,,0.00,-999.0,-999.0,
2026-09-08T06:34,,,,,0.00,-999.0,-999.0,
2026-09-08T06:35,,,,,0.00,-999.0,-999.0,
2026-09-08T06:36,,,,,0.00,-999.0,-999.0,
2026-09-08T06:37,,,,,0.00,-999.0,-999.0,
2026-09-08T06:38,,,,,0.00,-999.0,-999.0,
2026-09-08T06:39,,,,,0.00,-999.0,-999.0,
2026-09-08T06:40,,,,,0.00,-999.0,-999.0,16.60
2026-09-08T06:41,,,,,0.00,-999.0,-999.0,
2026-09-08T06:42,,,,,0.00,-999.0,-999.0,
2026-09-08T06:43,,,,,0.00,-999.0,-999.0,
2026-09-08T06:44,,,,,0.00,-999.0,-999.0,
2026-09-08T06:45,,,,,0.00,-999.0,-999.0,
2026-09-08T06:46,,,,,0.00,-999.0,-999.0,
2026-09-08T06:47,,,,,0.00,-999.0,-999.0,
2026-09-08T06:48,,,,,0.00,-999.0,-999.0,
2026-09-08T06:49,,,,,0.00,-999.0,-999.0,
2026-09-08T06:50,,,,,0.00,-999.0,-999.0,16.50
2026-09-08T06:51,,,,,0.00,-999.0,-999.0,
2026-09-08T06:52,,,,,0.00,-999.0,-999.0,
2026-09-08T06:53,,,,,0.00,-999.0,-999.0,
2026-09-08T06:54,,,,,0.00,-999.0,-999.0,
2026-09-08T06:55,,,,,0.00,-999.0,-999.0,
2026-09-08T06:56,,,,,0.00,-999.0,-999.0,
2026-09-08T06:57,,,,,0.00,-999.0,-999.0,
2026-09-08T06:58,,,,,0.00,-999.0,-999.0,
2026-09-08T06:59,,,,,0.00,-999.0,-999.0,
2026-09-08T07:00,,,,,0.00,-999.0,-999.0,16.50
2026-09-08T07:01,,,,,0.00,-999.0,-999.0,
2026-09-08T07:02,,,,,0.00,-999.0,-999.0,
2026-09-08T07:03,,,,,0.00,-999.0,-999.0,
2026-09-08T07:04,,,,,0.00,-999.0,-999.0,
2026-09-08T07:05,,,,,0.00,-999.0,-999.0,
2026-09-08T07:06,,,,,0.00,-999.0,-999.0,
2026-09-08T07:07,,,,,0.00,-999.0,-999.0,
2026-09-08T07:08,,,,,0.00,-999.0,-999.0,
2026-09-08T07:09,,,,,0.00,-999.0,-999.0,
2026-09-08T07:10,,,,,0.00,-999.0,-999.0,16.50
2026-09-08T07:11,,,,,0.00,-999.0,-999.0,
2026-09-08T07:12,,,,,0.00,-999.0,-999.0,
2026-09-08T07:13,,,,,0.00,-999.0,-999.0,
2026-09-08T07:14,,,,,0.00,-999.0,-999.0,
2026-09-08T07:15,,,,,0.00,-999.0,-999.0,
2026-09-08T07:16,,,,,0.00,-999.0,-999.0,
2026-09-08T07:17,,,,,0.00,-999.0,-999.0,
2026-09-08T07:18,,,,,0.00,-999.0,-999.0,
2026-09-08T07:19,,,,,0.00,-999.0,-999.0,
2026-09-08T07:20,,,,,0.00,-999.0,-999.0,16.50
2026-09-08T07:21,,,,,0.00,-999.0,-999.0,
2026-09-08T07:22,,,,,0.00,-999.0,-999.0,
2026-09-08T07:23,,,,,0.00,-999.0,-999.0,
2026-09-08T07:24,,,,,0.00,-999.0,-999.0,
2026-09-08T07:25,,,,,0.00,-999.0,-999.0,
2026-09-08T07:26,,,,,0.00,-999.0,-999.0,
2026-09-08T07:27,,,,,0.00,-999.0,-999.0,
2026-09-08T07:28,,,,,0.00,-999.0,-999.0,
2026-09-08T07:29,,,,,0.00,-999.0,-999.0,
2026-09-08T07:30,,,,,0.00,-999.0,-999.0,16.60
2026-09-08T07:31,,,,,0.00,-999.0,-999.0,
2026-09-08T07:32,,,,,0.00,-999.0,-999.0,
2026-09-08T07:33,,,,,0.00,-999.0,-999.0,
2026-09-08T07:34,,,,,0.00,-999.0,-999.0,
2026-09-08T07:35,,,,,0.00,-999.0,-999.0,
2026-09-08T07:36,,,,,0.00,-999.0,-999.0,
2026-09-08T07:37,,,,,0.00,-999.0,-999.0,
2026-09-08T07:38,,,,,0.00,-999.0,-999.0,
2026-09-08T07:39,,,,,0.00,-999.0,-999.0,
2026-09-08T07:40,,,,,0.00,-999.0,-999.0,16.80
2026-09-08T07:41,,,,,0.00,-999.0,-999.0,
2026-09-08T07:42,,,,,0.00,-999.0,-999.0,
2026-09-08T07:43,,,,,0.00,-999.0,-999.0,
2026-09-08T07:44,,,,,0.00,-999.0,-999.0,
2026-09-08T07:45,,,,,0.00,-999.0,-999.0,
2026-09-08T07:46,,,,,0.00,-999.0,-999.0,
2026-09-08T07:47,,,,,0.00,-999.0,-999.0,
2026-09-08T07:48,,,,,0.00,-999.0,-999.0,
2026-09-08T07:49,,,,,0.00,-999.0,-999.0,
2026-09-08T07:50,,,,,0.00,-999.0,-999.0,17.70
2026-09-08T07:51,,,,,0.00,-999.0,-999.0,
2026-09-08T07:52,,,,,0.00,-999.0,-999.0,
2026-09-08T07:53,,,,,0.00,-999.0,-999.0,
2026-09-08T07:54,,,,,0.00,-999.0,-999.0,
2026-09-08T07:55,,,,,0.00,-999.0,-999.0,
2026-09-08T07:56,,,,,0.00,-999.0,-999.0,
2026-09-08T07:57,,,,,0.00,-999.0,-999.0,
2026-09-08T07:58,,,,,0.00,-999.0,-999.0,
2026-09-08T07:59,,,,,0.00,-999.0,-999.0,
2026-09-08T08:00,,,,,0.00,-999.0,-999.0,18.70
2026-09-08T08:01,,,,,0.00,-999.0,-999.0,
2026-09-08T08:02,,,,,0.00,-999.0,-999.0,
2026-09-08T08:03,,,,,0.00,-999.0,-999.0,
2026-09-08T08:04,,,,,0.00,-999.0,-999.0,
2026-09-08T08:05,,,,,0.00,-999.0,-999.0,
2026-09-08T08:06,,,,,0.00,-999.0,-999.0,
2026-09-08T08:07,,,,,0.00,-999.0,-999.0,
2026-09-08T08:08,,,,,0.00,-999.0,-999.0,
2026-09-08T08:09,,,,,0.00,-999.0,-999.0,
2026-09-08T08:10,,,,,0.00,-999.0,-999.0,19.30
2026-09-08T08:11,,,,,0.00,-999.0,-999.0,
2026-09-08T08:12,,,,,0.00,-999.0,-999.0,
2026-09-08T08:13,,,,,0.00,-999.0,-999.0,
2026-09-08T08:14,,,,,0.00,-999.0,-999.0,
2026-09-08T08:15,,,,,0.00,-999.0,-999.0,
2026-09-08T08:16,,,,,0.00,-999.0,-999.0,
2026-09-08T08:17,,,,,0.00,-999.0,-999.0,
2026-09-08T08:18,,,,,0.00,-999.0,-999.0,
2026-09-08T08:19,,,,,0.00,-999.0,-999.0,
2026-09-08T08:20,,,,,0.00,-999.0,-999.0,20.80
2026-09-08T08:21,,,,,0.00,-999.0,-999.0,
2026-09-08T08:22,,,,,0.00,-999.0,-999.0,
2026-09-08T08:23,,,,,0.00,-999.0,-999.0,
2026-09-08T08:24,,,,,0.00,-999.0,-999.0,
2026-09-08T08:25,,,,,0.00,-999.0,-999.0,
2026-09-08T08:26,,,,,0.00,-999.0,-999.0,
2026-09-08T08:27,,,,,0.00,-999.0,-999.0,
2026-09-08T08:28,,,,,0.00,-999.0,-999.0,
2026-09-08T08:29,,,,,0.00,-999.0,-999.0,
2026-09-08T08:30,,,,,0.00,-999.0,-999.0,20.90
2026-09-08T08:31,,,,,0.00,-999.0,-999.0,
2026-09-08T08:32,,,,,0.00,-999.0,-999.0,
2026-09-08T08:33,,,,,0.00,-999.0,-999.0,
2026-09-08T08:34,,,,,0.00,-999.0,-999.0,
2026-09-08T08:35,,,,,0.00,-999.0,-999.0,
2026-09-08T08:36,,,,,0.00,-999.0,-999.0,
2026-09-08T08:37,,,,,0.00,-999.0,-999.0,
2026-09-08T08:38,,,,,0.00,-999.0,-999.0,
2026-09-08T08:39,,,,,0.00,-999.0,-999.0,
2026-09-08T08:40,,,,,0.00,-999.0,-999.0,21.90
2026-09-08T08:41,,,,,0.00,-999.0,-999.0,
2026-09-08T08:42,,,,,0.00,-999.0,-999.0,
2026-09-08T08:43,,,,,0.00,-999.0,-999.0,
2026-09-08T08:44,,,,,0.00,-999.0,-999.0,
2026-09-08T08:45,,,,,0.00,-999.0,-999.0,
2026-09-08T08:46,,,,,0.00,-999.0,-999.0,
2026-09-08T08:47,,,,,0.00,-999.0,-999.0,
2026-09-08T08:48,,,,,0.00,-999.0,-999.0,
2026-09-08T08:49,,,,,0.00,-999.0,-999.0,
2026-09-08T08:50,,,,,0.00,-999.0,-999.0,22.50
2026-09-08T08:51,,,,,0.00,-999.0,-999.0,
2026-09-08T08:52,,,,,0.00,-999.0,-999.0,
2026-09-08T08:53,,,,,0.00,-999.0,-999.0,
2026-09-08T08:54,,,,,0.00,-999.0,-999.0,
2026-09-08T08:55,,,,,0.00,-999.0,-999.0,
2026-09-08T08:56,,,,,0.00,-999.0,-999.0,
2026-09-08T08:57,,,,,0.00,-999.0,-999.0,
2026-09-08T08:58,,,,,0.00,-999.0,-999.0,
2026-09-08T08:59,,,,,0.00,-999.0,-999.0,
2026-09-08T09:00,,,,,0.00,-999.0,-999.0,22.80
2026-09-08T09:01,,,,,0.00,-999.0,-999.0,
2026-09-08T09:02,,,,,0.00,-999.0,-999.0,
2026-09-08T09:03,,,,,0.00,-999.0,-999.0,
2026-09-08T09:04,,,,,0.00,-999.0,-999.0,
2026-09-08T09:05,,,,,0.00,-999.0,-999.0,
2026-09-08T09:06,,,,,0.00,-999.0,-999.0,
2026-09-08T09:07,,,,,0.00,-999.0,-999.0,
2026-09-08T09:08,,,,,0.00,-999.0,-999.0,
2026-09-08T09:09,,,,,0.00,-999.0,-999.0,
2026-09-08T09:10,,,,,0.00,-999.0,-999.0,22.70
2026-09-08T09:11,,,,,0.00,-999.0,-999.0,
2026-09-08T09:12,,,,,0.00,-999.0,-999.0,
2026-09-08T09:13,,,,,0.00,-999.0,-999.0,
2026-09-08T09:14,,,,,0.00,-999.0,-999.0,
2026-09-08T09:15,,,,,0.00,-999.0,-999.0,
2026-09-08T09:16,,,,,0.00,-999.0,-999.0,
2026-09-08T09:17,,,,,0.00,-999.0,-999.0,
2026-09-08T09:18,,,,,0.00,-999.0,-999.0,
2026-09-08T09:19,,,,,0.00,-999.0,-999.0,
2026-09-08T09:20,,,,,0.00,-999.0,-999.0,22.90
2026-09-08T09:21,,,,,0.00,-999.0,-999.0,
2026-09-08T09:22,,,,,0.00,-999.0,-999.0,
2026-09-08T09:23,,,,,0.00,-999.0,-999.0,
2026-09-08T09:24,,,,,0.00,-999.0,-999.0,
2026-09-08T09:25,,,,,0.00,-999.0,-999.0,
2026-09-08T09:26,,,,,0.00,-999.0,-999.0,
2026-09-08T09:27,,,,,0.00,-999.0,-999.0,
2026-09-08T09:28,,,,,0.00,-999.0,-999.0,
2026-09-08T09:29,,,,,0.00,-999.0,-999.0,
2026-09-08T09:30,,,,,0.00,-999.0,-999.0,23.10
2026-09-08T09:31,,,,,0.00,-999.0,-999.0,
2026-09-08T09:32,,,,,0.00,-999.0,-999.0,
2026-09-08T09:33,,,,,0.00,-999.0,-999.0,
2026-09-08T09:34,,,,,0.00,-999.0,-999.0,
2026-09-08T09:35,,,,,0.00,-999.0,-999.0,
2026-09-08T09:36,,,,,0.00,-999.0,-999.0,
2026-09-08T09:37,,,,,0.00,-999.0,-999.0,
2026-09-08T09:38,,,,,0.00,-999.0,-999.0,
2026-09-08T09:39,,,,,0.00,-999.0,-999.0,
2026-09-08T09:40,,,,,0.00,-999.0,-999.0,23.30
2026-09-08T09:41,,,,,0.00,-999.0,-999.0,
2026-09-08T09:42,,,,,0.00,-999.0,-999.0,
2026-09-08T09:43,,,,,0.00,-999.0,-999.0,
2026-09-08T09:44,,,,,0.00,-999.0,-999.0,
2026-09-08T09:45,,,,,0.00,-999.0,-999.0,
2026-09-08T09:46,,,,,0.00,-999.0,-999.0,
2026-09-08T09:47,,,,,0.00,-999.0,-999.0,
2026-09-08T09:48,,,,,0.00,-999.0,-999.0,
2026-09-08T09:49,,,,,0.00,-999.0,-999.0,
2026-09-08T09:50,,,,,0.00,-999.0,-999.0,23.10
2026-09-08T09:51,,,,,0.00,-999.0,-999.0,
2026-09-08T09:52,,,,,0.00,-999.0,-999.0,
2026-09-08T09:53,,,,,0.00,-999.0,-999.0,
2026-09-08T09:54,,,,,0.00,-999.0,-999.0,
2026-09-08T09:55,,,,,0.00,-999.0,-999.0,
2026-09-08T09:56,,,,,0.00,-999.0,-999.0,
2026-09-08T09:57,,,,,0.00,-999.0,-999.0,
2026-09-08T09:58,,,,,0.00,-999.0,-999.0,
2026-09-08T09:59,,,,,0.00,-999.0,-999.0,
2026-09-08T10:00,,,,,0.00,-999.0,-999.0,23.10
2026-09-08T10:01,,,,,0.00,-999.0,-999.0,
2026-09-08T10:02,,,,,0.00,-999.0,-999.0,
2026-09-08T10:03,,,,,0.00,-999.0,-999.0,
2026-09-08T10:04,,,,,0.00,-999.0,-999.0,
2026-09-08T10:05,,,,,0.00,-999.0,-999.0,
2026-09-08T10:06,,,,,0.00,-999.0,-999.0,
2026-09-08T10:07,,,,,0.00,-999.0,-999.0,
2026-09-08T10:08,,,,,0.00,-999.0,-999.0,
2026-09-08T10:09,,,,,0.00,-999.0,-999.0,
2026-09-08T10:10,,,,,0.00,-999.0,-999.0,23.50
2026-09-08T10:11,,,,,0.00,-999.0,-999.0,
2026-09-08T10:12,,,,,0.00,-999.0,-999.0,
2026-09-08T10:13,,,,,0.00,-999.0,-999.0,
2026-09-08T10:14,,,,,0.00,-999.0,-999.0,
2026-09-08T10:15,,,,,0.00,-999.0,-999.0,
2026-09-08T10:16,,,,,0.00,-999.0,-999.0,
2026-09-08T10:17,,,,,0.00,-999.0,-999.0,
2026-09-08T10:18,,,,,0.00,-999.0,-999.0,
2026-09-08T10:19,,,,,0.00,-999.0,-999.0,
2026-09-08T10:20,,,,,0.00,-999.0,-999.0,23.40
2026-09-08T10:21,,,,,0.00,-999.0,-999.0,
2026-09-08T10:22,,,,,0.00,-999.0,-999.0,
2026-09-08T10:23,,,,,0.00,-999.0,-999.0,
2026-09-08T10:24,,,,,0.00,-999.0,-999.0,
2026-09-08T10:25,,,,,0.00,-999.0,-999.0,
2026-09-08T10:26,,,,,0.00,-999.0,-999.0,
2026-09-08T10:27,,,,,0.00,-999.0,-999.0,
2026-09-08T10:28,,,,,0.00,-999.0,-999.0,
2026-09-08T10:29,,,,,0.00,-999.0,-999.0,
2026-09-08T10:30,,,,,0.00,-999.0,-999.0,24.10
2026-09-08T10:31,,,,,0.00,-999.0,-999.0,
2026-09-08T10:32,,,,,0.00,-999.0,-999.0,
2026-09-08T10:33,,,,,0.00,-999.0,-999.0,
2026-09-08T10:34,,,,,0.00,-999.0,-999.0,
2026-09-08T10:35,,,,,0.00,-999.0,-999.0,
2026-09-08T10:36,,,,,0.00,-999.0,-999.0,
2026-09-08T10:37,,,,,0.00,-999.0,-999.0,
2026-09-08T10:38,,,,,0.00,-999.0,-999.0,
2026-09-08T10:39,,,,,0.00,-999.0,-999.0,
2026-09-08T10:40,,,,,0.00,-999.0,-999.0,24.40
2026-09-08T10:41,,,,,0.00,-999.0,-999.0,
2026-09-08T10:42,,,,,0.00,-999.0,-999.0,
2026-09-08T10:43,,,,,0.00,-999.0,-999.0,
2026-09-08T10:44,,,,,0.00,-999.0,-999.0,
2026-09-08T10:45,,,,,0.00,-999.0,-999.0,
2026-09-08T10:46,,,,,0.00,-999.0,-999.0,
2026-09-08T10:47,,,,,0.00,-999.0,-999.0,
2026-09-08T10:48,,,,,0.00,-999.0,-999.0,
2026-09-08T10:49,,,,,0.00,-999.0,-999.0,
2026-09-08T10:50,,,,,0.00,-999.0,-999.0,24.30
2026-09-08T10:51,,,,,0.00,-999.0,-999.0,
2026-09-08T10:52,,,,,0.00,-999.0,-999.0,
2026-09-08T10:53,,,,,0.00,-999.0,-999.0,
2026-09-08T10:54,,,,,0.00,-999.0,-999.0,
2026-09-08T10:55,,,,,0.00,-999.0,-999.0,
2026-09-08T10:56,,,,,0.00,-999.0,-999.0,
2026-09-08T10:57,,,,,0.00,-999.0,-999.0,
2026-09-08T10:58,,,,,0.00,-999.0,-999.0,
2026-09-08T10:59,,,,,0.00,-999.0,-999.0,
2026-09-08T11:00,,,,,0.00,-999.0,-999.0,23.90
2026-09-08T11:01,,,,,0.00,-999.0,-999.0,
2026-09-08T11:02,,,,,0.00,-999.0,-999.0,
2026-09-08T11:03,,,,,0.00,-999.0,-999.0,
2026-09-08T11:04,,,,,0.00,-999.0,-999.0,
2026-09-08T11:05,,,,,0.00,-999.0,-999.0,
2026-09-08T11:06,,,,,0.00,-999.0,-999.0,
2026-09-08T11:07,,,,,0.00,-999.0,-999.0,
2026-09-08T11:08,,,,,0.00,-999.0,-999.0,
2026-09-08T11:09,,,,,0.00,-999.0,-999.0,
2026-09-08T11:10,,,,,0.00,-999.0,-999.0,24.50
2026-09-08T11:11,,,,,0.00,-999.0,-999.0,
2026-09-08T11:12,,,,,0.00,-999.0,-999.0,
2026-09-08T11:13,,,,,0.00,-999.0,-999.0,
2026-09-08T11:14,,,,,0.00,-999.0,-999.0,
2026-09-08T11:15,,,,,0.00,-999.0,-999.0,
2026-09-08T11:16,,,,,0.00,-999.0,-999.0,
2026-09-08T11:17,,,,,0.00,-999.0,-999.0,
2026-09-08T11:18,,,,,0.00,-999.0,-999.0,
2026-09-08T11:19,,,,,0.00,-999.0,-999.0,
2026-09-08T11:20,,,,,0.00,-999.0,-999.0,24.50
2026-09-08T11:21,,,,,0.00,-999.0,-999.0,
2026-09-08T11:22,,,,,0.00,-999.0,-999.0,
2026-09-08T11:23,,,,,0.00,-999.0,-999.0,
2026-09-08T11:24,,,,,0.00,-999.0,-999.0,
2026-09-08T11:25,,,,,0.00,-999.0,-999.0,
2026-09-08T11:26,,,,,0.00,-999.0,-999.0,
2026-09-08T11:27,,,,,0.00,-999.0,-999.0,
2026-09-08T11:28,,,,,0.00,-999.0,-999.0,
2026-09-08T11:29,,,,,0.00,-999.0,-999.0,
2026-09-08T11:30,,,,,0.00,-999.0,-999.0,24.90
2026-09-08T11:31,,,,,0.00,-999.0,-999.0,
2026-09-08T11:32,,,,,0.00,-999.0,-999.0,
2026-09-08T11:33,,,,,0.00,-999.0,-999.0,
2026-09-08T11:34,,,,,0.00,-999.0,-999.0,
2026-09-08T11:35,,,,,0.00,-999.0,-999.0,
2026-09-08T11:36,,,,,0.00,-999.0,-999.0,
2026-09-08T11:37,,,,,0.00,-999.0,-999.0,
2026-09-08T11:38,,,,,0.00,-999.0,-999.0,
2026-09-08T11:39,,,,,0.00,-999.0,-999.0,
2026-09-08T11:40,,,,,0.00,-999.0,-999.0,25.40
2026-09-08T11:41,,,,,0.00,-999.0,-999.0,
2026-09-08T11:42,,,,,0.00,-999.0,-999.0,
2026-09-08T11:43,,,,,0.00,-999.0,-999.0,
2026-09-08T11:44,,,,,0.00,-999.0,-999.0,
2026-09-08T11:45,,,,,0.00,-999.0,-999.0,
2026-09-08T11:46,,,,,0.00,-999.0,-999.0,
2026-09-08T11:47,,,,,0.00,-999.0,-999.0,
2026-09-08T11:48,,,,,0.00,-999.0,-999.0,
2026-09-08T11:49,,,,,0.00,-999.0,-999.0,
2026-09-08T11:50,,,,,0.00,-999.0,-999.0,25.70
2026-09-08T11:51,,,,,0.00,-999.0,-999.0,
2026-09-08T11:52,,,,,0.00,-999.0,-999.0,
2026-09-08T11:53,,,,,0.00,-999.0,-999.0,
2026-09-08T11:54,,,,,0.00,-999.0,-999.0,
2026-09-08T11:55,,,,,0.00,-999.0,-999.0,
2026-09-08T11:56,,,,,0.00,-999.0,-999.0,
2026-09-08T11:57,,,,,0.00,-999.0,-999.0,
2026-09-08T11:58,,,,,0.00,-999.0,-999.0,
2026-09-08T11:59,,,,,0.00,-999.0,-999.0,
2026-09-08T12:00,,,,,0.00,-999.0,-999.0,25.30
2026-09-08T12:01,,,,,0.00,-999.0,-999.0,
2026-09-08T12:02,,,,,0.00,-999.0,-999.0,
2026-09-08T12:03,,,,,0.00,-999.0,-999.0,
2026-09-08T12:04,,,,,0.00,-999.0,-999.0,
2026-09-08T12:05,,,,,0.00,-999.0,-999.0,
2026-09-08T12:06,,,,,0.00,-999.0,-999.0,
2026-09-08T12:07,,,,,0.00,-999.0,-999.0,
2026-09-08T12:08,,,,,0.00,-999.0,-999.0,
2026-09-08T12:09,,,,,0.00,-999.0,-999.0,
2026-09-08T12:10,,,,,0.00,-999.0,-999.0,25.20
2026-09-08T12:11,,,,,0.00,-999.0,-999.0,
2026-09-08T12:12,,,,,0.00,-999.0,-999.0,
2026-09-08T12:13,,,,,0.00,-999.0,-999.0,
2026-09-08T12:14,,,,,0.00,-999.0,-999.0,
2026-09-08T12:15,,,,,0.00,-999.0,-999.0,
2026-09-08T12:16,,,,,0.00,-999.0,-999.0,
2026-09-08T12:17,,,,,0.00,-999.0,-999.0,
2026-09-08T12:18,,,,,0.00,-999.0,-999.0,
2026-09-08T12:19,,,,,0.00,-999.0,-999.0,
2026-09-08T12:20,,,,,0.00,-999.0,-999.0,25.50
2026-09-08T12:21,,,,,0.00,-999.0,-999.0,
2026-09-08T12:22,,,,,0.00,-999.0,-999.0,
2026-09-08T12:23,,,,,0.00,-999.0,-999.0,
2026-09-08T12:24,,,,,0.00,-999.0,-999.0,
2026-09-08T12:25,,,,,0.00,-999.0,-999.0,
2026-09-08T12:26,,,,,0.00,-999.0,-999.0,
2026-09-08T12:27,,,,,0.00,-999.0,-999.0,
2026-09-08T12:28,,,,,0.00,-999.0,-999.0,
2026-09-08T12:29,,,,,0.00,-999.0,-999.0,
2026-09-08T12:30,,,,,0.00,-999.0,-999.0,26.00
2026-09-08T12:31,,,,,0.00,-999.0,-999.0,
2026-09-08T12:32,,,,,0.00,-999.0,-999.0,
2026-09-08T12:33,,,,,0.00,-999.0,-999.0,
2026-09-08T12:34,,,,,0.00,-999.0,-999.0,
2026-09-08T12:35,,,,,0.00,-999.0,-999.0,
2026-09-08T12:36,,,,,0.00,-999.0,-999.0,
2026-09-08T12:37,,,,,0.00,-999.0,-999.0,
2026-09-08T12:38,,,,,0.00,-999.0,-999.0,
2026-09-08T12:39,,,,,0.00,-999.0,-999.0,
2026-09-08T12:40,,,,,0.00,-999.0,-999.0,25.80
2026-09-08T12:41,,,,,0.00,-999.0,-999.0,
2026-09-08T12:42,,,,,0.00,-999.0,-999.0,
2026-09-08T12:43,,,,,0.00,-999.0,-999.0,
2026-09-08T12:44,,,,,0.00,-999.0,-999.0,
2026-09-08T12:45,,,,,0.00,-999.0,-999.0,
2026-09-08T12:46,,,,,0.00,-999.0,-999.0,
2026-09-08T12:47,,,,,0.00,-999.0,-999.0,
2026-09-08T12:48,,,,,0.00,-999.0,-999.0,
2026-09-08T12:49,,,,,0.00,-999.0,-999.0,
2026-09-08T12:50,,,,,0.00,-999.0,-999.0,25.70
2026-09-08T12:51,,,,,0.00,-999.0,-999.0,
2026-09-08T12:52,,,,,0.00,-999.0,-999.0,
2026-09-08T12:53,,,,,0.00,-999.0,-999.0,
2026-09-08T12:54,,,,,0.00,-999.0,-999.0,
2026-09-08T12:55,,,,,0.00,-999.0,-999.0,
2026-09-08T12:56,,,,,0.00,-999.0,-999.0,
2026-09-08T12:57,,,,,0.00,-999.0,-999.0,
2026-09-08T12:59,,,,,-999,-1998.0,-1998.0,
2026-09-08T13:00,0.0,3.28,11.1,0.0,0.00,-1998.0,-1998.0,25.80
2026-09-08T13:01,,,,,0.00,-1998.0,-1998.0,
2026-09-08T13:02,,,,,0.00,-1998.0,-1998.0,
2026-09-08T13:03,,,,,0.00,-1998.0,-1998.0,
2026-09-08T13:04,,,,,0.00,-1998.0,-1998.0,
2026-09-08T13:05,,,,,0.00,-1998.0,-1998.0,
2026-09-08T13:06,,,,,0.00,-1998.0,-1998.0,
2026-09-08T13:07,,,,,0.00,-1998.0,-1998.0,
2026-09-08T13:08,,,,,0.00,-1998.0,-1998.0,
2026-09-08T13:09,,,,,0.00,-1998.0,-1998.0,
2026-09-08T13:10,,,,,0.00,-1998.0,-1998.0,26.10
2026-09-08T13:11,,,,,0.00,-1998.0,-1998.0,
2026-09-08T13:12,,,,,0.00,-1998.0,-1998.0,
2026-09-08T13:13,,,,,0.00,-1998.0,-1998.0,
2026-09-08T13:14,,,,,0.00,-1998.0,-1998.0,
2026-09-08T13:15,,,,,0.00,-1998.0,-1998.0,
2026-09-08T13:16,,,,,0.00,-1998.0,-1998.0,
2026-09-08T13:17,,,,,0.00,-1998.0,-1998.0,
2026-09-08T13:18,,,,,0.00,-1998.0,-1998.0,
2026-09-08T13:19,,,,,0.00,-1998.0,-1998.0,
2026-09-08T13:20,,,,,0.00,-1998.0,-1998.0,25.60
2026-09-08T13:21,,,,,0.00,-1998.0,-1998.0,
2026-09-08T13:22,,,,,0.00,-1998.0,-1998.0,
2026-09-08T13:23,,,,,0.00,-1998.0,-1998.0,
2026-09-08T13:24,,,,,0.00,-1998.0,-1998.0,
2026-09-08T13:25,,,,,0.00,-1998.0,-1998.0,
2026-09-08T13:26,,,,,0.00,-1998.0,-1998.0,
2026-09-08T13:27,,,,,0.00,-1998.0,-1998.0,
2026-09-08T13:28,,,,,0.00,-1998.0,-1998.0,
2026-09-08T13:29,,,,,0.00,-1998.0,-1998.0,
2026-09-08T13:30,,,,,0.00,-1998.0,-1998.0,25.70
2026-09-08T13:31,,,,,0.00,-1998.0,-1998.0,
2026-09-08T13:32,,,,,0.00,-1998.0,-1998.0,
2026-09-08T13:33,,,,,0.00,-1998.0,-1998.0,
2026-09-08T13:34,,,,,0.00,-1998.0,-1998.0,
2026-09-08T13:35,,,,,0.00,-1998.0,-1998.0,
2026-09-08T13:36,,,,,0.00,-1998.0,-1998.0,
2026-09-08T13:37,,,,,0.00,-1998.0,-1998.0,
2026-09-08T13:38,,,,,0.00,-1998.0,-1998.0,
2026-09-08T13:39,,,,,0.00,-1998.0,-1998.0,
2026-09-08T13:40,,,,,0.00,-1998.0,-1998.0,26.20
2026-09-08T13:41,,,,,0.00,-1998.0,-1998.0,
2026-09-08T13:42,,,,,0.00,-1998.0,-1998.0,
2026-09-08T13:43,,,,,0.00,-1998.0,-1998.0,
2026-09-08T13:44,,,,,0.00,-1998.0,-1998.0,
2026-09-08T13:45,,,,,0.00,-1998.0,-1998.0,
2026-09-08T13:46,,,,,0.00,-1998.0,-1998.0,
2026-09-08T13:47,,,,,0.00,-1998.0,-1998.0,
2026-09-08T13:48,,,,,0.00,-1998.0,-1998.0,
2026-09-08T13:49,,,,,0.00,-1998.0,-1998.0,
2026-09-08T13:50,,,,,0.00,-1998.0,-1998.0,25.50
2026-09-08T13:51,,,,,0.00,-1998.0,-1998.0,
2026-09-08T13:52,,,,,0.00,-1998.0,-1998.0,
2026-09-08T13:53,,,,,0.00,-1998.0,-1998.0,
2026-09-08T13:54,,,,,0.00,-1998.0,-1998.0,
2026-09-08T13:55,,,,,0.00,-1998.0,-1998.0,
2026-09-08T13:56,,,,,0.00,-1998.0,-1998.0,
2026-09-08T13:57,,,,,0.00,-1998.0,-1998.0,
2026-09-08T13:58,,,,,0.00,-1998.0,-1998.0,
2026-09-08T13:59,,,,,0.00,-1998.0,-1998.0,
2026-09-08T14:00,,,,,0.00,-1998.0,-1998.0,25.30
2026-09-08T14:01,,,,,0.00,-1998.0,-1998.0,
2026-09-08T14:02,,,,,0.00,-1998.0,-1998.0,
2026-09-08T14:03,,,,,0.00,-1998.0,-1998.0,
2026-09-08T14:04,,,,,0.00,-1998.0,-1998.0,
2026-09-08T14:05,,,,,0.00,-1998.0,-1998.0,
2026-09-08T14:06,,,,,0.00,-1998.0,-1998.0,
2026-09-08T14:07,,,,,0.00,-1998.0,-1998.0,
2026-09-08T14:08,,,,,0.00,-1998.0,-1998.0,
2026-09-08T14:09,,,,,0.00,-1998.0,-1998.0,
2026-09-08T14:10,,,,,0.00,-1998.0,-1998.0,25.20
2026-09-08T14:11,,,,,0.00,-1998.0,-1998.0,
2026-09-08T14:12,,,,,0.00,-1998.0,-1998.0,
2026-09-08T14:13,,,,,0.00,-1998.0,-1998.0,
2026-09-08T14:14,,,,,0.00,-1998.0,-1998.0,
2026-09-08T14:15,,,,,0.00,-1998.0,-1998.0,
2026-09-08T14:16,,,,,0.00,-1998.0,-1998.0,
2026-09-08T14:17,,,,,0.00,-1998.0,-1998.0,
2026-09-08T14:18,,,,,0.00,-1998.0,-1998.0,
2026-09-08T14:19,,,,,0.00,-1998.0,-1998.0,
2026-09-08T14:20,,,,,0.00,-1998.0,-1998.0,25.90
2026-09-08T14:21,,,,,0.00,-1998.0,-1998.0,
2026-09-08T14:22,,,,,0.00,-1998.0,-1998.0,
2026-09-08T14:23,,,,,0.00,-1998.0,-1998.0,
2026-09-08T14:24,,,,,0.00,-1998.0,-1998.0,
2026-09-08T14:25,,,,,0.00,-1998.0,-1998.0,
2026-09-08T14:26,,,,,0.00,-1998.0,-1998.0,
2026-09-08T14:27,,,,,0.00,-1998.0,-1998.0,
2026-09-08T14:28,,,,,0.00,-1998.0,-1998.0,
2026-09-08T14:29,,,,,0.00,-1998.0,-1998.0,
2026-09-08T14:30,,,,,0.00,-1998.0,-1998.0,25.80
2026-09-08T14:31,,,,,0.00,-1998.0,-1998.0,
2026-09-08T14:32,,,,,0.00,-1998.0,-1998.0,
2026-09-08T14:33,,,,,0.00,-1998.0,-1998.0,
2026-09-08T14:34,,,,,0.00,-1998.0,-1998.0,
2026-09-08T14:35,,,,,0.00,-1998.0,-1998.0,
2026-09-08T14:36,,,,,0.00,-1998.0,-1998.0,
2026-09-08T14:37,,,,,0.00,-1998.0,-1998.0,
2026-09-08T14:38,,,,,0.00,-1998.0,-1998.0,
2026-09-08T14:39,,,,,0.00,-1998.0,-1998.0,
2026-09-08T14:40,,,,,0.00,-1998.0,-1998.0,24.40
2026-09-08T14:41,,,,,0.00,-1998.0,-1998.0,
2026-09-08T14:42,,,,,0.00,-1998.0,-1998.0,
2026-09-08T14:43,,,,,0.00,-1998.0,-1998.0,
2026-09-08T14:44,,,,,0.00,-1998.0,-1998.0,
2026-09-08T14:45,,,,,0.00,-1998.0,-1998.0,
2026-09-08T14:46,,,,,0.00,-1998.0,-1998.0,
2026-09-08T14:47,,,,,0.00,-1998.0,-1998.0,
2026-09-08T14:48,,,,,0.00,-1998.0,-1998.0,
2026-09-08T14:49,,,,,0.20,-1997.8,-1997.8,
2026-09-08T14:50,,,,,0.00,-1997.8,-1997.8,22.20
2026-09-08T14:51,,,,,0.00,-1997.8,-1997.8,
2026-09-08T14:52,,,,,0.00,-1997.8,-1997.8,
2026-09-08T14:53,,,,,0.00,-1997.8,-1997.8,
2026-09-08T14:54,,,,,0.00,-1997.8,-1997.8,
2026-09-08T14:55,,,,,0.00,-1997.8,-1997.8,
2026-09-08T14:56,,,,,0.00,-1997.8,-1997.8,
2026-09-08T14:57,,,,,0.20,-1997.6,-1997.6,
2026-09-08T14:58,,,,,0.20,-1997.4,-1997.4,
2026-09-08T14:59,,,,,0.20,-1997.2,-1997.2,
2026-09-08T15:00,,,,,0.20,-1997.0,-1997.0,20.80
2026-09-08T15:01,,,,,0.20,-1996.8,-1996.8,
2026-09-08T15:02,,,,,0.00,-1996.8,-1996.8,
2026-09-08T15:03,,,,,0.20,-1996.6,-1996.6,
2026-09-08T15:04,,,,,0.00,-1996.6,-1996.6,
2026-09-08T15:05,,,,,0.00,-1996.6,-1996.6,
2026-09-08T15:06,,,,,0.00,-1996.6,-1996.6,
2026-09-08T15:07,,,,,0.00,-1996.6,-1996.6,
2026-09-08T15:08,,,,,0.00,-1996.6,-1996.6,
2026-09-08T15:09,,,,,0.00,-1996.6,-1996.6,
2026-09-08T15:10,,,,,0.00,-1996.6,-1996.6,20.00
2026-09-08T15:11,,,,,0.00,-1996.6,-1996.6,
2026-09-08T15:12,,,,,0.00,-1996.6,-1996.6,
2026-09-08T15:13,,,,,0.00,-1996.6,-1996.6,
2026-09-08T15:14,,,,,0.00,-1996.6,-1996.6,
2026-09-08T15:15,,,,,0.00,-1996.6,-1996.6,
2026-09-08T15:16,,,,,0.00,-1996.6,-1996.6,
2026-09-08T15:17,,,,,0.00,-1996.6,-1996.6,
2026-09-08T15:18,,,,,0.00,-1996.6,-1996.6,
2026-09-08T15:19,,,,,0.00,-1996.6,-1996.6,
2026-09-08T15:20,,,,,0.00,-1996.6,-1996.6,20.20
2026-09-08T15:21,,,,,0.00,-1996.6,-1996.6,
2026-09-08T15:22,,,,,0.00,-1996.6,-1996.6,
2026-09-08T15:23,,,,,0.00,-1996.6,-1996.6,
2026-09-08T15:24,,,,,0.00,-1996.6,-1996.6,
2026-09-08T15:25,,,,,0.00,-1996.6,-1996.6,
2026-09-08T15:26,,,,,0.00,-1996.6,-1996.6,
2026-09-08T15:27,,,,,0.00,-1996.6,-1996.6,
2026-09-08T15:28,,,,,0.00,-1996.6,-1996.6,
2026-09-08T15:29,,,,,0.00,-1996.6,-1996.6,
2026-09-08T15:30,,,,,0.00,-1996.6,-1996.6,20.30
2026-09-08T15:31,,,,,0.00,-1996.6,-1996.6,
2026-09-08T15:32,,,,,0.00,-1996.6,-1996.6,
2026-09-08T15:33,,,,,0.00,-1996.6,-1996.6,
2026-09-08T15:34,,,,,0.00,-1996.6,-1996.6,
2026-09-08T15:35,,,,,0.00,-1996.6,-1996.6,
2026-09-08T15:36,,,,,0.00,-1996.6,-1996.6,
2026-09-08T15:37,,,,,0.00,-1996.6,-1996.6,
2026-09-08T15:38,,,,,0.00,-1996.6,-1996.6,
2026-09-08T15:39,,,,,0.00,-1996.6,-1996.6,
2026-09-08T15:40,,,,,0.00,-1996.6,-1996.6,20.40
2026-09-08T15:41,,,,,0.00,-1996.6,-1996.6,
2026-09-08T15:42,,,,,0.00,-1996.6,-1996.6,
2026-09-08T15:43,,,,,0.00,-1996.6,-1996.6,
2026-09-08T15:44,,,,,0.00,-1996.6,-1996.6,
2026-09-08T15:45,,,,,0.00,-1996.6,-1996.6,
2026-09-08T15:46,,,,,0.00,-1996.6,-1996.6,
2026-09-08T15:47,,,,,0.00,-1996.6,-1996.6,
2026-09-08T15:48,,,,,0.00,-1996.6,-1996.6,
2026-09-08T15:49,,,,,0.00,-1996.6,-1996.6,
2026-09-08T15:50,,,,,0.00,-1996.6,-1996.6,20.10
2026-09-08T15:51,,,,,0.00,-1996.6,-1996.6,
2026-09-08T15:52,,,,,0.00,-1996.6,-1996.6,
2026-09-08T15:53,,,,,0.00,-1996.6,-1996.6,
2026-09-08T15:54,,,,,0.00,-1996.6,-1996.6,
2026-09-08T15:55,,,,,0.00,-1996.6,-1996.6,
2026-09-08T15:56,,,,,0.00,-1996.6,-1996.6,
2026-09-08T15:57,,,,,0.00,-1996.6,-1996.6,
2026-09-08T15:58,,,,,0.00,-1996.6,-1996.6,
2026-09-08T15:59,,,,,0.00,-1996.6,-1996.6,
2026-09-08T16:00,,,,,0.00,-1996.6,-1996.6,20.00
2026-09-08T16:01,,,,,0.00,-1996.6,-1996.6,
2026-09-08T16:02,,,,,0.00,-1996.6,-1996.6,
2026-09-08T16:03,,,,,0.00,-1996.6,-1996.6,
2026-09-08T16:04,,,,,0.00,-1996.6,-1996.6,
2026-09-08T16:05,,,,,0.00,-1996.6,-1996.6,
2026-09-08T16:06,,,,,0.00,-1996.6,-1996.6,
2026-09-08T16:07,,,,,0.00,-1996.6,-1996.6,
2026-09-08T16:08,,,,,0.00,-1996.6,-1996.6,
2026-09-08T16:09,,,,,0.00,-1996.6,-1996.6,
2026-09-08T16:10,,,,,0.00,-1996.6,-1996.6,19.90
2026-09-08T16:11,,,,,0.00,-1996.6,-1996.6,
2026-09-08T16:12,,,,,0.00,-1996.6,-1996.6,
2026-09-08T16:13,,,,,0.00,-1996.6,-1996.6,
2026-09-08T16:14,,,,,0.00,-1996.6,-1996.6,
2026-09-08T16:15,,,,,0.00,-1996.6,-1996.6,
2026-09-08T16:16,,,,,0.00,-1996.6,-1996.6,
2026-09-08T16:17,,,,,0.00,-1996.6,-1996.6,
2026-09-08T16:18,,,,,0.00,-1996.6,-1996.6,
2026-09-08T16:19,,,,,0.00,-1996.6,-1996.6,
2026-09-08T16:20,,,,,0.00,-1996.6,-1996.6,19.90
2026-09-08T16:21,,,,,0.00,-1996.6,-1996.6,
2026-09-08T16:22,,,,,0.00,-1996.6,-1996.6,
2026-09-08T16:23,,,,,0.00,-1996.6,-1996.6,
2026-09-08T16:24,,,,,0.00,-1996.6,-1996.6,
2026-09-08T16:25,,,,,0.00,-1996.6,-1996.6,
2026-09-08T16:26,,,,,0.00,-1996.6,-1996.6,
2026-09-08T16:27,,,,,0.00,-1996.6,-1996.6,
2026-09-08T16:28,,,,,0.00,-1996.6,-1996.6,
2026-09-08T16:29,,,,,0.00,-1996.6,-1996.6,
2026-09-08T16:30,,,,,0.00,-1996.6,-1996.6,20.20
2026-09-08T16:31,,,,,0.00,-1996.6,-1996.6,
2026-09-08T16:32,,,,,0.00,-1996.6,-1996.6,
2026-09-08T16:33,,,,,0.00,-1996.6,-1996.6,
2026-09-08T16:34,,,,,0.00,-1996.6,-1996.6,
2026-09-08T16:35,,,,,0.00,-1996.6,-1996.6,
2026-09-08T16:36,,,,,0.00,-1996.6,-1996.6,
2026-09-08T16:37,,,,,0.00,-1996.6,-1996.6,
2026-09-08T16:38,,,,,0.00,-1996.6,-1996.6,
2026-09-08T16:39,,,,,0.00,-1996.6,-1996.6,
2026-09-08T16:40,,,,,0.00,-1996.6,-1996.6,20.30
2026-09-08T16:41,,,,,0.00,-1996.6,-1996.6,
2026-09-08T16:42,,,,,0.00,-1996.6,-1996.6,
2026-09-08T16:43,,,,,0.00,-1996.6,-1996.6,
2026-09-08T16:44,,,,,0.00,-1996.6,-1996.6,
2026-09-08T16:45,,,,,0.00,-1996.6,-1996.6,
2026-09-08T16:46,,,,,0.00,-1996.6,-1996.6,
2026-09-08T16:47,,,,,0.00,-1996.6,-1996.6,
2026-09-08T16:48,,,,,0.00,-1996.6,-1996.6,
2026-09-08T16:49,,,,,0.00,-1996.6,-1996.6,
2026-09-08T16:50,,,,,0.00,-1996.6,-1996.6,20.20
2026-09-08T16:51,,,,,0.00,-1996.6,-1996.6,
2026-09-08T16:52,,,,,0.00,-1996.6,-1996.6,
2026-09-08T16:53,,,,,0.00,-1996.6,-1996.6,
2026-09-08T16:54,,,,,0.00,-1996.6,-1996.6,
2026-09-08T16:55,,,,,0.00,-1996.6,-1996.6,
2026-09-08T16:56,,,,,0.00,-1996.6,-1996.6,
2026-09-08T16:57,,,,,0.00,-1996.6,-1996.6,
2026-09-08T16:58,,,,,0.00,-1996.6,-1996.6,
2026-09-08T16:59,,,,,0.00,-1996.6,-1996.6,
2026-09-08T17:00,,,,,0.00,-1996.6,-1996.6,19.90
2026-09-08T17:01,,,,,0.00,-1996.6,-1996.6,
2026-09-08T17:02,,,,,0.00,-1996.6,-1996.6,
2026-09-08T17:03,,,,,0.00,-1996.6,-1996.6,
2026-09-08T17:04,,,,,0.00,-1996.6,-1996.6,
2026-09-08T17:05,,,,,0.00,-1996.6,-1996.6,
2026-09-08T17:06,,,,,0.00,-1996.6,-1996.6,
2026-09-08T17:07,,,,,0.00,-1996.6,-1996.6,
2026-09-08T17:08,,,,,0.00,-1996.6,-1996.6,
2026-09-08T17:09,,,,,0.00,-1996.6,-1996.6,
2026-09-08T17:10,,,,,0.00,-1996.6,-1996.6,20.00
2026-09-08T17:11,,,,,0.00,-1996.6,-1996.6,
2026-09-08T17:12,,,,,0.00,-1996.6,-1996.6,
2026-09-08T17:13,,,,,0.20,-1996.4,-1996.4,
2026-09-08T17:14,,,,,0.00,-1996.4,-1996.4,
2026-09-08T17:15,,,,,0.00,-1996.4,-1996.4,
2026-09-08T17:16,,,,,0.00,-1996.4,-1996.4,
2026-09-08T17:17,,,,,0.00,-1996.4,-1996.4,
2026-09-08T17:18,,,,,0.00,-1996.4,-1996.4,
2026-09-08T17:19,,,,,0.00,-1996.4,-1996.4,
2026-09-08T17:20,,,,,0.00,-1996.4,-1996.4,20.00
2026-09-08T17:21,,,,,0.00,-1996.4,-1996.4,
2026-09-08T17:22,,,,,0.00,-1996.4,-1996.4,
2026-09-08T17:23,,,,,0.00,-1996.4,-1996.4,
2026-09-08T17:24,,,,,0.00,-1996.4,-1996.4,
2026-09-08T17:25,,,,,0.00,-1996.4,-1996.4,
2026-09-08T17:26,,,,,0.00,-1996.4,-1996.4,
2026-09-08T17:27,,,,,0.00,-1996.4,-1996.4,
2026-09-08T17:28,,,,,0.00,-1996.4,-1996.4,
2026-09-08T17:29,,,,,0.00,-1996.4,-1996.4,
2026-09-08T17:30,,,,,0.00,-1996.4,-1996.4,19.60
2026-09-08T17:31,,,,,0.00,-1996.4,-1996.4,
2026-09-08T17:32,,,,,0.00,-1996.4,-1996.4,
2026-09-08T17:33,,,,,0.00,-1996.4,-1996.4,
2026-09-08T17:34,,,,,0.00,-1996.4,-1996.4,
2026-09-08T17:35,,,,,0.00,-1996.4,-1996.4,
2026-09-08T17:36,,,,,0.00,-1996.4,-1996.4,
2026-09-08T17:37,,,,,0.00,-1996.4,-1996.4,
2026-09-08T17:38,,,,,0.00,-1996.4,-1996.4,
2026-09-08T17:39,,,,,0.00,-1996.4,-1996.4,
2026-09-08T17:40,,,,,0.00,-1996.4,-1996.4,19.50
2026-09-08T17:41,,,,,0.00,-1996.4,-1996.4,
2026-09-08T17:42,,,,,0.00,-1996.4,-1996.4,
2026-09-08T17:43,,,,,0.00,-1996.4,-1996.4,
2026-09-08T17:44,,,,,0.00,-1996.4,-1996.4,
2026-09-08T17:45,,,,,0.00,-1996.4,-1996.4,
2026-09-08T17:46,,,,,0.00,-1996.4,-1996.4,
2026-09-08T17:47,,,,,0.00,-1996.4,-1996.4,
2026-09-08T17:48,,,,,0.00,-1996.4,-1996.4,
2026-09-08T17:49,,,,,0.00,-1996.4,-1996.4,
2026-09-08T17:50,,,,,0.00,-1996.4,-1996.4,19.30
2026-09-08T17:51,,,,,0.00,-1996.4,-1996.4,
2026-09-08T17:52,,,,,0.00,-1996.4,-1996.4,
2026-09-08T17:53,,,,,0.00,-1996.4,-1996.4,
2026-09-08T17:54,,,,,0.00,-1996.4,-1996.4,
2026-09-08T17:55,,,,,0.00,-1996.4,-1996.4,
2026-09-08T17:56,,,,,0.00,-1996.4,-1996.4,
2026-09-08T17:57,,,,,0.00,-1996.4,-1996.4,
2026-09-08T17:58,,,,,0.00,-1996.4,-1996.4,
2026-09-08T17:59,,,,,0.00,-1996.4,-1996.4,
2026-09-08T18:00,,,,,0.00,-1996.4,-1996.4,19.20
2026-09-08T18:01,,,,,0.00,-1996.4,-1996.4,
2026-09-08T18:02,,,,,0.00,-1996.4,-1996.4,
2026-09-08T18:03,,,,,0.00,-1996.4,-1996.4,
2026-09-08T18:04,,,,,0.00,-1996.4,-1996.4,
2026-09-08T18:05,,,,,0.00,-1996.4,-1996.4,
2026-09-08T18:06,,,,,0.00,-1996.4,-1996.4,
2026-09-08T18:07,,,,,0.00,-1996.4,-1996.4,
2026-09-08T18:08,,,,,0.00,-1996.4,-1996.4,
2026-09-08T18:09,,,,,0.00,-1996.4,-1996.4,
2026-09-08T18:10,,,,,0.00,-1996.4,-1996.4,19.10
2026-09-08T18:11,,,,,0.00,-1996.4,-1996.4,
2026-09-08T18:12,,,,,0.00,-1996.4,-1996.4,
2026-09-08T18:13,,,,,0.00,-1996.4,-1996.4,
2026-09-08T18:14,,,,,0.00,-1996.4,-1996.4,
2026-09-08T18:15,,,,,0.00,-1996.4,-1996.4,
2026-09-08T18:16,,,,,0.20,-1996.2,-1996.2,
2026-09-08T18:17,,,,,0.00,-1996.2,-1996.2,
2026-09-08T18:18,,,,,0.00,-1996.2,-1996.2,
2026-09-08T18:19,,,,,0.20,-1996.0,-1996.0,
2026-09-08T18:20,,,,,0.00,-1996.0,-1996.0,19.00
2026-09-08T18:21,,,,,0.40,-1995.6,-1995.6,
2026-09-08T18:22,,,,,0.40,-1995.2,-1995.2,
2026-09-08T18:23,,,,,0.40,-1994.8,-1994.8,
2026-09-08T18:24,,,,,0.80,-1994.0,-1994.0,
2026-09-08T18:25,,,,,0.40,-1993.6,-1993.6,
2026-09-08T18:26,,,,,0.40,-1993.2,-1993.2,
2026-09-08T18:27,,,,,0.20,-1993.0,-1993.0,
2026-09-08T18:28,,,,,0.40,-1992.6,-1992.6,
2026-09-08T18:29,,,,,0.40,-1992.2,-1992.2,
2026-09-08T18:30,,,,,0.20,-1992.0,-1992.0,18.20
2026-09-08T18:31,,,,,0.60,-1991.4,-1991.4,
2026-09-08T18:32,,,,,0.60,-1990.8,-1990.8,
2026-09-08T18:33,,,,,0.20,-1990.6,-1990.6,
2026-09-08T18:34,,,,,0.20,-1990.4,-1990.4,
2026-09-08T18:35,,,,,0.00,-1990.4,-1990.4,
2026-09-08T18:36,,,,,0.00,-1990.4,-1990.4,
2026-09-08T18:37,,,,,0.20,-1990.2,-1990.2,
2026-09-08T18:38,,,,,0.00,-1990.2,-1990.2,
2026-09-08T18:39,,,,,0.20,-1990.0,-1990.0,
2026-09-08T18:40,,,,,0.00,-1990.0,-1990.0,18.00
2026-09-08T18:41,,,,,0.00,-1990.0,-1990.0,
2026-09-08T18:42,,,,,0.00,-1990.0,-1990.0,
2026-09-08T18:43,,,,,0.00,-1990.0,-1990.0,
2026-09-08T18:44,,,,,0.00,-1990.0,-1990.0,
2026-09-08T18:45,,,,,0.00,-1990.0,-1990.0,
2026-09-08T18:46,,,,,0.00,-1990.0,-1990.0,
2026-09-08T18:47,,,,,0.00,-1990.0,-1990.0,
2026-09-08T18:48,,,,,0.00,-1990.0,-1990.0,
2026-09-08T18:49,,,,,0.00,-1990.0,-1990.0,
2026-09-08T18:50,,,,,0.00,-1990.0,-1990.0,18.10
2026-09-08T18:51,,,,,0.00,-1990.0,-1990.0,
2026-09-08T18:52,,,,,0.00,-1990.0,-1990.0,
2026-09-08T18:53,,,,,0.00,-1990.0,-1990.0,
2026-09-08T18:54,,,,,0.00,-1990.0,-1990.0,
2026-09-08T18:55,,,,,0.00,-1990.0,-1990.0,
2026-09-08T18:56,,,,,0.00,-1990.0,-1990.0,
2026-09-08T18:57,,,,,0.00,-1990.0,-1990.0,
2026-09-08T18:58,,,,,0.00,-1990.0,-1990.0,
2026-09-08T18:59,,,,,0.00,-1990.0,-1990.0,
2026-09-08T19:00,,,,,0.00,-1990.0,-1990.0,18.20
2026-09-08T19:01,,,,,0.00,-1990.0,-1990.0,
2026-09-08T19:02,,,,,0.00,-1990.0,-1990.0,
2026-09-08T19:03,,,,,0.00,-1990.0,-1990.0,
2026-09-08T19:04,,,,,0.00,-1990.0,-1990.0,
2026-09-08T19:05,,,,,0.00,-1990.0,-1990.0,
2026-09-08T19:06,,,,,0.00,-1990.0,-1990.0,
2026-09-08T19:07,,,,,0.00,-1990.0,-1990.0,
2026-09-08T19:08,,,,,0.00,-1990.0,-1990.0,
2026-09-08T19:09,,,,,0.00,-1990.0,-1990.0,
2026-09-08T19:10,,,,,0.00,-1990.0,-1990.0,18.20
2026-09-08T19:11,,,,,0.00,-1990.0,-1990.0,
2026-09-08T19:12,,,,,0.00,-1990.0,-1990.0,
2026-09-08T19:13,,,,,0.00,-1990.0,-1990.0,
2026-09-08T19:14,,,,,0.00,-1990.0,-1990.0,
2026-09-08T19:15,,,,,0.00,-1990.0,-1990.0,
2026-09-08T19:16,,,,,0.00,-1990.0,-1990.0,
2026-09-08T19:17,,,,,0.00,-1990.0,-1990.0,
2026-09-08T19:18,,,,,0.20,-1989.8,-1989.8,
2026-09-08T19:19,,,,,0.00,-1989.8,-1989.8,
2026-09-08T19:20,,,,,0.00,-1989.8,-1989.8,18.10
2026-09-08T19:21,,,,,0.00,-1989.8,-1989.8,
2026-09-08T19:22,,,,,0.00,-1989.8,-1989.8,
2026-09-08T19:23,,,,,0.20,-1989.6,-1989.6,
2026-09-08T19:24,,,,,0.00,-1989.6,-1989.6,
2026-09-08T19:25,,,,,0.00,-1989.6,-1989.6,
2026-09-08T19:26,,,,,0.00,-1989.6,-1989.6,
2026-09-08T19:27,,,,,0.20,-1989.4,-1989.4,
2026-09-08T19:28,,,,,0.00,-1989.4,-1989.4,
2026-09-08T19:29,,,,,0.20,-1989.2,-1989.2,
2026-09-08T19:30,,,,,0.00,-1989.2,-1989.2,18.10
2026-09-08T19:31,,,,,0.00,-1989.2,-1989.2,
2026-09-08T19:32,,,,,0.00,-1989.2,-1989.2,
2026-09-08T19:33,,,,,0.00,-1989.2,-1989.2,
2026-09-08T19:34,,,,,0.00,-1989.2,-1989.2,
2026-09-08T19:35,,,,,0.00,-1989.2,-1989.2,
2026-09-08T19:36,,,,,0.00,-1989.2,-1989.2,
2026-09-08T19:37,,,,,0.00,-1989.2,-1989.2,
2026-09-08T19:38,,,,,0.00,-1989.2,-1989.2,
2026-09-08T19:39,,,,,0.00,-1989.2,-1989.2,
2026-09-08T19:40,,,,,0.00,-1989.2,-1989.2,18.10
2026-09-08T19:41,,,,,0.00,-1989.2,-1989.2,
2026-09-08T19:42,,,,,0.00,-1989.2,-1989.2,
2026-09-08T19:43,,,,,0.00,-1989.2,-1989.2,
2026-09-08T19:44,,,,,0.00,-1989.2,-1989.2,
2026-09-08T19:45,,,,,0.00,-1989.2,-1989.2,
2026-09-08T19:46,,,,,0.00,-1989.2,-1989.2,
2026-09-08T19:47,,,,,0.00,-1989.2,-1989.2,
2026-09-08T19:48,,,,,0.00,-1989.2,-1989.2,
2026-09-08T19:49,,,,,0.00,-1989.2,-1989.2,
2026-09-08T19:50,,,,,0.20,-1989.0,-1989.0,18.20
2026-09-08T19:51,,,,,0.00,-1989.0,-1989.0,
2026-09-08T19:52,,,,,0.00,-1989.0,-1989.0,
2026-09-08T19:53,,,,,0.00,-1989.0,-1989.0,
2026-09-08T19:54,,,,,0.00,-1989.0,-1989.0,
2026-09-08T19:55,,,,,0.00,-1989.0,-1989.0,
2026-09-08T19:56,,,,,0.00,-1989.0,-1989.0,
2026-09-08T19:57,,,,,0.00,-1989.0,-1989.0,
2026-09-08T19:58,,,,,0.00,-1989.0,-1989.0,
2026-09-08T19:59,,,,,0.00,-1989.0,-1989.0,
2026-09-08T20:00,,,,,0.00,-990.0,-1989.0,17.90
2026-09-08T20:01,,,,,0.00,-990.0,-1989.0,
2026-09-08T20:02,,,,,0.00,-990.0,-1989.0,
2026-09-08T20:03,,,,,0.00,-990.0,-1989.0,
2026-09-08T20:04,,,,,0.00,-990.0,-1989.0,
2026-09-08T20:05,,,,,0.00,-990.0,-1989.0,
2026-09-08T20:06,,,,,0.00,-990.0,-1989.0,
2026-09-08T20:07,,,,,0.00,-990.0,-1989.0,
2026-09-08T20:08,,,,,0.00,-990.0,-1989.0,
2026-09-08T20:09,,,,,0.00,-990.0,-1989.0,
2026-09-08T20:10,,,,,0.00,-990.0,-1989.0,17.70
2026-09-08T20:11,,,,,0.00,-990.0,-1989.0,
2026-09-08T20:12,,,,,0.00,-990.0,-1989.0,
2026-09-08T20:13,,,,,0.00,-990.0,-1989.0,
2026-09-08T20:14,,,,,0.00,-990.0,-1989.0,
2026-09-08T20:15,,,,,0.00,-990.0,-1989.0,
2026-09-08T20:16,,,,,0.00,-990.0,-1989.0,
2026-09-08T20:17,,,,,0.00,-990.0,-1989.0,
2026-09-08T20:18,,,,,0.00,-990.0,-1989.0,
2026-09-08T20:19,,,,,0.00,-990.0,-1989.0,
2026-09-08T20:20,,,,,0.00,-990.0,-1989.0,17.70
2026-09-08T20:21,,,,,0.00,-990.0,-1989.0,
2026-09-08T20:22,,,,,0.00,-990.0,-1989.0,
2026-09-08T20:23,,,,,0.00,-990.0,-1989.0,
2026-09-08T20:24,,,,,0.00,-990.0,-1989.0,
2026-09-08T20:25,,,,,0.00,-990.0,-1989.0,
2026-09-08T20:26,,,,,0.00,-990.0,-1989.0,
2026-09-08T20:27,,,,,0.00,-990.0,-1989.0,
2026-09-08T20:28,,,,,0.00,-990.0,-1989.0,
2026-09-08T20:29,,,,,0.00,-990.0,-1989.0,
2026-09-08T20:30,,,,,0.00,-990.0,-1989.0,17.70
2026-09-08T20:31,,,,,0.00,-990.0,-1989.0,
2026-09-08T20:32,,,,,0.00,-990.0,-1989.0,
2026-09-08T20:33,,,,,0.00,-990.0,-1989.0,
2026-09-08T20:34,,,,,0.00,-990.0,-1989.0,
2026-09-08T20:35,,,,,0.00,-990.0,-1989.0,
2026-09-08T20:36,,,,,0.00,-990.0,-1989.0,
2026-09-08T20:37,,,,,0.00,-990.0,-1989.0,
2026-09-08T20:38,,,,,0.00,-990.0,-1989.0,
2026-09-08T20:39,,,,,0.00,-990.0,-1989.0,
2026-09-08T20:40,,,,,0.00,-990.0,-1989.0,17.70
2026-09-08T20:41,,,,,0.00,-990.0,-1989.0,
2026-09-08T20:42,,,,,0.00,-990.0,-1989.0,
2026-09-08T20:43,,,,,0.00,-990.0,-1989.0,
2026-09-08T20:44,,,,,0.00,-990.0,-1989.0,
2026-09-08T20:45,,,,,0.00,-990.0,-1989.0,
2026-09-08T20:46,,,,,0.00,-990.0,-1989.0,
2026-09-08T20:47,,,,,0.00,-990.0,-1989.0,
2026-09-08T20:48,,,,,0.00,-990.0,-1989.0,
2026-09-08T20:49,,,,,0.00,-990.0,-1989.0,
2026-09-08T20:50,,,,,0.00,-990.0,-1989.0,17.60
2026-09-08T20:51,,,,,0.00,-990.0,-1989.0,
2026-09-08T20:52,,,,,0.00,-990.0,-1989.0,
2026-09-08T20:53,,,,,0.00,-990.0,-1989.0,
2026-09-08T20:54,,,,,0.00,-990.0,-1989.0,
2026-09-08T20:55,,,,,0.00,-990.0,-1989.0,
2026-09-08T20:56,,,,,0.00,-990.0,-1989.0,
2026-09-08T20:57,,,,,0.00,-990.0,-1989.0,
2026-09-08T20:58,,,,,0.00,-990.0,-1989.0,
2026-09-08T20:59,,,,,0.00,-990.0,-1989.0,
2026-09-08T21:00,,,,,0.00,-990.0,-1989.0,17.50
2026-09-08T21:01,,,,,0.00,-990.0,-1989.0,
2026-09-08T21:02,,,,,0.00,-990.0,-1989.0,
2026-09-08T21:03,,,,,0.00,-990.0,-1989.0,
2026-09-08T21:04,,,,,0.00,-990.0,-1989.0,
2026-09-08T21:05,,,,,0.00,-990.0,-1989.0,
2026-09-08T21:06,,,,,0.00,-990.0,-1989.0,
2026-09-08T21:07,,,,,0.00,-990.0,-1989.0,
2026-09-08T21:08,,,,,0.00,-990.0,-1989.0,
2026-09-08T21:09,,,,,0.00,-990.0,-1989.0,
2026-09-08T21:10,,,,,0.00,-990.0,-1989.0,17.50
2026-09-08T21:11,,,,,0.00,-990.0,-1989.0,
2026-09-08T21:12,,,,,0.00,-990.0,-1989.0,
2026-09-08T21:13,,,,,0.00,-990.0,-1989.0,
2026-09-08T21:14,,,,,0.00,-990.0,-1989.0,
2026-09-08T21:15,,,,,0.00,-990.0,-1989.0,
2026-09-08T21:16,,,,,0.00,-990.0,-1989.0,
2026-09-08T21:17,,,,,0.00,-990.0,-1989.0,
2026-09-08T21:18,,,,,0.00,-990.0,-1989.0,
2026-09-08T21:19,,,,,0.00,-990.0,-1989.0,
2026-09-08T21:20,,,,,0.00,-990.0,-1989.0,17.40
2026-09-08T21:21,,,,,0.00,-990.0,-1989.0,
2026-09-08T21:22,,,,,0.00,-990.0,-1989.0,
2026-09-08T21:23,,,,,0.00,-990.0,-1989.0,
2026-09-08T21:24,,,,,0.00,-990.0,-1989.0,
2026-09-08T21:25,,,,,0.00,-990.0,-1989.0,
2026-09-08T21:26,,,,,0.00,-990.0,-1989.0,
2026-09-08T21:27,,,,,0.00,-990.0,-1989.0,
2026-09-08T21:28,,,,,0.00,-990.0,-1989.0,
2026-09-08T21:29,,,,,0.00,-990.0,-1989.0,
2026-09-08T21:30,,,,,0.00,-990.0,-1989.0,17.30
2026-09-08T21:31,,,,,0.00,-990.0,-1989.0,
2026-09-08T21:32,,,,,0.00,-990.0,-1989.0,
2026-09-08T21:33,,,,,0.00,-990.0,-1989.0,
2026-09-08T21:34,,,,,0.00,-990.0,-1989.0,
2026-09-08T21:35,,,,,0.00,-990.0,-1989.0,
2026-09-08T21:36,,,,,0.00,-990.0,-1989.0,
2026-09-08T21:37,,,,,0.00,-990.0,-1989.0,
2026-09-08T21:38,,,,,0.00,-990.0,-1989.0,
2026-09-08T21:39,,,,,0.00,-990.0,-1989.0,
2026-09-08T21:40,,,,,0.00,-990.0,-1989.0,17.40
2026-09-08T21:41,,,,,0.00,-990.0,-1989.0,
2026-09-08T21:42,,,,,0.00,-990.0,-1989.0,
2026-09-08T21:43,,,,,0.00,-990.0,-1989.0,
2026-09-08T21:44,,,,,0.00,-990.0,-1989.0,
2026-09-08T21:45,,,,,0.00,-990.0,-1989.0,
2026-09-08T21:46,,,,,0.00,-990.0,-1989.0,
2026-09-08T21:47,,,,,0.00,-990.0,-1989.0,
2026-09-08T21:48,,,,,0.00,-990.0,-1989.0,
2026-09-08T21:49,,,,,0.00,-990.0,-1989.0,
2026-09-08T21:50,,,,,0.00,-990.0,-1989.0,17.50
2026-09-08T21:51,,,,,0.00,-990.0,-1989.0,
2026-09-08T21:52,,,,,0.00,-990.0,-1989.0,
2026-09-08T21:53,,,,,0.00,-990.0,-1989.0,
2026-09-08T21:54,,,,,0.00,-990.0,-1989.0,
2026-09-08T21:55,,,,,0.00,-990.0,-1989.0,
2026-09-08T21:56,,,,,0.00,-990.0,-1989.0,
2026-09-08T21:57,,,,,0.00,-990.0,-1989.0,
2026-09-08T21:58,,,,,0.00,-990.0,-1989.0,
2026-09-08T21:59,,,,,0.00,-990.0,-1989.0,
2026-09-08T22:00,,,,,0.00,-990.0,-1989.0,17.50
2026-09-08T22:01,,,,,0.00,-990.0,-1989.0,
2026-09-08T22:02,,,,,0.00,-990.0,-1989.0,
2026-09-08T22:03,,,,,0.00,-990.0,-1989.0,
2026-09-08T22:04,,,,,0.00,-990.0,-1989.0,
2026-09-08T22:05,,,,,0.00,-990.0,-1989.0,
2026-09-08T22:06,,,,,0.00,-990.0,-1989.0,
2026-09-08T22:07,,,,,0.00,-990.0,-1989.0,
2026-09-08T22:08,,,,,0.00,-990.0,-1989.0,
2026-09-08T22:09,,,,,0.00,-990.0,-1989.0,
2026-09-08T22:10,,,,,0.00,-990.0,-1989.0,17.40
2026-09-08T22:11,,,,,0.00,-990.0,-1989.0,
2026-09-08T22:12,,,,,0.00,-990.0,-1989.0,
2026-09-08T22:13,,,,,0.00,-990.0,-1989.0,
2026-09-08T22:14,,,,,0.00,-990.0,-1989.0,
2026-09-08T22:15,,,,,0.00,-990.0,-1989.0,
2026-09-08T22:16,,,,,0.00,-990.0,-1989.0,
2026-09-08T22:17,,,,,0.00,-990.0,-1989.0,
2026-09-08T22:18,,,,,0.00,-990.0,-1989.0,
2026-09-08T22:19,,,,,0.00,-990.0,-1989.0,
2026-09-08T22:20,,,,,0.00,-990.0,-1989.0,17.60
2026-09-08T22:21,,,,,0.00,-990.0,-1989.0,
2026-09-08T22:22,,,,,0.00,-990.0,-1989.0,
2026-09-08T22:23,,,,,0.00,-990.0,-1989.0,
2026-09-08T22:24,,,,,0.00,-990.0,-1989.0,
2026-09-08T22:25,,,,,0.00,-990.0,-1989.0,
2026-09-08T22:26,,,,,0.00,-990.0,-1989.0,
2026-09-08T22:27,,,,,0.00,-990.0,-1989.0,
2026-09-08T22:28,,,,,0.00,-990.0,-1989.0,
2026-09-08T22:29,,,,,0.00,-990.0,-1989.0,
2026-09-08T22:30,,,,,0.00,-990.0,-1989.0,17.70
2026-09-08T22:31,,,,,0.00,-990.0,-1989.0,
2026-09-08T22:32,,,,,0.00,-990.0,-1989.0,
2026-09-08T22:33,,,,,0.00,-990.0,-1989.0,
2026-09-08T22:34,,,,,0.00,-990.0,-1989.0,
2026-09-08T22:35,,,,,0.00,-990.0,-1989.0,
2026-09-08T22:36,,,,,0.00,-990.0,-1989.0,
2026-09-08T22:37,,,,,0.00,-990.0,-1989.0,
2026-09-08T22:38,,,,,0.00,-990.0,-1989.0,
2026-09-08T22:39,,,,,0.00,-990.0,-1989.0,
2026-09-08T22:40,,,,,0.00,-990.0,-1989.0,17.70
2026-09-08T22:41,,,,,0.00,-990.0,-1989.0,
2026-09-08T22:42,,,,,0.00,-990.0,-1989.0,
2026-09-08T22:43,,,,,0.00,-990.0,-1989.0,
2026-09-08T22:44,,,,,0.00,-990.0,-1989.0,
2026-09-08T22:45,,,,,0.00,-990.0,-1989.0,
2026-09-08T22:46,,,,,0.00,-990.0,-1989.0,
2026-09-08T22:47,,,,,0.00,-990.0,-1989.0,
2026-09-08T22:48,,,,,0.00,-990.0,-1989.0,
2026-09-08T22:49,,,,,0.00,-990.0,-1989.0,
2026-09-08T22:50,,,,,0.00,-990.0,-1989.0,17.70
2026-09-08T22:51,,,,,0.00,-990.0,-1989.0,
2026-09-08T22:52,,,,,0.00,-990.0,-1989.0,
2026-09-08T22:53,,,,,0.00,-990.0,-1989.0,
2026-09-08T22:54,,,,,0.00,-990.0,-1989.0,
2026-09-08T22:55,,,,,0.00,-990.0,-1989.0,
2026-09-08T22:56,,,,,0.00,-990.0,-1989.0,
2026-09-08T22:57,,,,,0.00,-990.0,-1989.0,
2026-09-08T22:58,,,,,0.00,-990.0,-1989.0,
2026-09-08T22:59,,,,,0.00,-990.0,-1989.0,
2026-09-08T23:00,,,,,0.00,-990.0,-1989.0,17.70
2026-09-08T23:01,,,,,0.00,-990.0,-1989.0,
2026-09-08T23:02,,,,,0.00,-990.0,-1989.0,
2026-09-08T23:03,,,,,0.00,-990.0,-1989.0,
2026-09-08T23:04,,,,,0.00,-990.0,-1989.0,
2026-09-08T23:05,,,,,0.00,-990.0,-1989.0,
2026-09-08T23:06,,,,,0.00,-990.0,-1989.0,
2026-09-08T23:07,,,,,0.00,-990.0,-1989.0,
2026-09-08T23:08,,,,,0.00,-990.0,-1989.0,
2026-09-08T23:09,,,,,0.00,-990.0,-1989.0,
2026-09-08T23:10,,,,,0.00,-990.0,-1989.0,17.70
2026-09-08T23:11,,,,,0.00,-990.0,-1989.0,
2026-09-08T23:12,,,,,0.00,-990.0,-1989.0,
2026-09-08T23:13,,,,,0.00,-990.0,-1989.0,
2026-09-08T23:14,,,,,0.00,-990.0,-1989.0,
2026-09-08T23:15,,,,,0.00,-990.0,-1989.0,
2026-09-08T23:16,,,,,0.00,-990.0,-1989.0,
2026-09-08T23:17,,,,,0.00,-990.0,-1989.0,
2026-09-08T23:18,,,,,0.00,-990.0,-1989.0,
2026-09-08T23:19,,,,,0.00,-990.0,-1989.0,
2026-09-08T23:20,,,,,0.00,-990.0,-1989.0,17.70
2026-09-08T23:21,,,,,0.00,-990.0,-1989.0,
2026-09-08T23:22,,,,,0.00,-990.0,-1989.0,
2026-09-08T23:23,,,,,0.00,-990.0,-1989.0,
2026-09-08T23:24,,,,,0.00,-990.0,-1989.0,
2026-09-08T23:25,,,,,0.00,-990.0,-1989.0,
2026-09-08T23:26,,,,,0.00,-990.0,-1989.0,
2026-09-08T23:27,,,,,0.00,-990.0,-1989.0,
2026-09-08T23:28,,,,,0.00,-990.0,-1989.0,
2026-09-08T23:29,,,,,0.00,-990.0,-1989.0,
2026-09-08T23:30,,,,,0.00,-990.0,-1989.0,17.80
2026-09-08T23:31,,,,,0.00,-990.0,-1989.0,
2026-09-08T23:32,,,,,0.00,-990.0,-1989.0,
2026-09-08T23:33,,,,,0.20,-989.8,-1988.8,
2026-09-08T23:34,,,,,0.00,-989.8,-1988.8,
2026-09-08T23:35,,,,,0.00,-989.8,-1988.8,
2026-09-08T23:36,,,,,0.00,-989.8,-1988.8,
2026-09-08T23:37,,,,,0.20,-989.6,-1988.6,
2026-09-08T23:38,,,,,0.20,-989.4,-1988.4,
2026-09-08T23:39,,,,,0.40,-989.0,-1988.0,
2026-09-08T23:40,,,,,0.00,-989.0,-1988.0,17.90
2026-09-08T23:41,,,,,0.20,-988.8,-1987.8,
2026-09-08T23:42,,,,,0.20,-988.6,-1987.6,
2026-09-08T23:43,,,,,0.20,-988.4,-1987.4,
2026-09-08T23:44,,,,,0.20,-988.2,-1987.2,
2026-09-08T23:45,,,,,0.20,-988.0,-1987.0,
2026-09-08T23:46,,,,,0.20,-987.8,-1986.8,
2026-09-08T23:47,,,,,0.20,-987.6,-1986.6,
2026-09-08T23:48,,,,,0.80,-986.8,-1985.8,
2026-09-08T23:49,,,,,1.00,-985.8,-1984.8,
2026-09-08T23:50,,,,,0.20,-985.6,-1984.6,17.70
2026-09-08T23:51,,,,,0.20,-985.4,-1984.4,
2026-09-08T23:52,,,,,0.00,-985.4,-1984.4,
2026-09-08T23:53,,,,,0.20,-985.2,-1984.2,
2026-09-08T23:54,,,,,0.20,-985.0,-1984.0,
2026-09-08T23:55,,,,,0.00,-985.0,-1984.0,
2026-09-08T23:56,,,,,0.20,-984.8,-1983.8,
2026-09-08T23:57,,,,,0.00,-984.8,-1983.8,
2026-09-08T23:58,,,,,0.00,-984.8,-1983.8,
2026-09-08T23:59,,,,,0.20,-984.6,-1983.6,
2026-09-09T00:00,,,,,0.00,-984.6,-1983.6,17.40
2026-09-09T00:01,,,,,0.00,-984.6,-1983.6,
2026-09-09T00:02,,,,,0.00,-984.6,-1983.6,
2026-09-09T00:03,,,,,0.20,-984.4,-1983.4,
2026-09-09T00:04,,,,,0.00,-984.4,-1983.4,
2026-09-09T00:05,,,,,0.00,-984.4,-1983.4,
2026-09-09T00:06,,,,,0.00,-984.4,-1983.4,
2026-09-09T00:07,,,,,0.00,-984.4,-1983.4,
2026-09-09T00:08,,,,,0.20,-984.2,-1983.2,
2026-09-09T00:09,,,,,0.00,-984.2,-1983.2,
2026-09-09T00:10,,,,,0.00,-984.2,-1983.2,17.20
2026-09-09T00:11,,,,,0.00,-984.2,-1983.2,
2026-09-09T00:12,,,,,0.00,-984.2,-1983.2,
2026-09-09T00:13,,,,,0.20,-984.0,-1983.0,
2026-09-09T00:14,,,,,0.00,-984.0,-1983.0,
2026-09-09T00:15,,,,,0.00,-984.0,-1983.0,
2026-09-09T00:16,,,,,0.20,-983.8,-1982.8,
2026-09-09T00:17,,,,,0.00,-983.8,-1982.8,
2026-09-09T00:18,,,,,0.20,-983.6,-1982.6,
2026-09-09T00:19,,,,,0.20,-983.4,-1982.4,
2026-09-09T00:20,,,,,0.00,-983.4,-1982.4,16.90
2026-09-09T00:21,,,,,0.20,-983.2,-1982.2,
2026-09-09T00:22,,,,,0.20,-983.0,-1982.0,
2026-09-09T00:23,,,,,0.20,-982.8,-1981.8,
2026-09-09T00:24,,,,,0.20,-982.6,-1981.6,
2026-09-09T00:25,,,,,0.20,-982.4,-1981.4,
2026-09-09T00:26,,,,,0.20,-982.2,-1981.2,
2026-09-09T00:27,,,,,0.20,-982.0,-1981.0,
2026-09-09T00:28,,,,,0.40,-981.6,-1980.6,
2026-09-09T00:29,,,,,0.00,-981.6,-1980.6,
2026-09-09T00:30,,,,,0.20,-981.4,-1980.4,16.20
2026-09-09T00:31,,,,,0.20,-981.2,-1980.2,
2026-09-09T00:32,,,,,0.20,-981.0,-1980.0,
2026-09-09T00:33,,,,,0.20,-980.8,-1979.8,
2026-09-09T00:34,,,,,0.20,-980.6,-1979.6,
2026-09-09T00:35,,,,,0.20,-980.4,-1979.4,
2026-09-09T00:36,,,,,0.40,-980.0,-1979.0,
2026-09-09T00:37,,,,,0.40,-979.6,-1978.6,
2026-09-09T00:38,,,,,0.00,-979.6,-1978.6,
2026-09-09T00:39,,,,,0.20,-979.4,-1978.4,
2026-09-09T00:40,,,,,0.00,-979.4,-1978.4,16.10
2026-09-09T00:41,,,,,0.00,-979.4,-1978.4,
2026-09-09T00:42,,,,,0.20,-979.2,-1978.2,
2026-09-09T00:43,,,,,0.20,-979.0,-1978.0,
2026-09-09T00:44,,,,,0.20,-978.8,-1977.8,
2026-09-09T00:45,,,,,0.40,-978.4,-1977.4,
2026-09-09T00:46,,,,,0.20,-978.2,-1977.2,
2026-09-09T00:47,,,,,0.20,-978.0,-1977.0,
2026-09-09T00:48,,,,,0.20,-977.8,-1976.8,
2026-09-09T00:49,,,,,0.00,-977.8,-1976.8,
2026-09-09T00:50,,,,,0.20,-977.6,-1976.6,16.10
2026-09-09T00:51,,,,,0.20,-977.4,-1976.4,
2026-09-09T00:52,,,,,0.20,-977.2,-1976.2,
2026-09-09T00:53,,,,,0.00,-977.2,-1976.2,
2026-09-09T00:54,,,,,0.20,-977.0,-1976.0,
2026-09-09T00:55,,,,,0.20,-976.8,-1975.8,
2026-09-09T00:56,,,,,0.00,-976.8,-1975.8,
2026-09-09T00:57,,,,,0.20,-976.6,-1975.6,
2026-09-09T00:58,,,,,0.00,-976.6,-1975.6,
2026-09-09T00:59,,,,,0.20,-976.4,-1975.4,
2026-09-09T01:00,,,,,0.00,-976.4,-1975.4,16.10
2026-09-09T01:01,,,,,0.00,-976.4,-1975.4,
2026-09-09T01:02,,,,,0.00,-976.4,-1975.4,
2026-09-09T01:03,,,,,0.20,-976.2,-1975.2,
2026-09-09T01:04,,,,,0.00,-976.2,-1975.2,
2026-09-09T01:05,,,,,0.00,-976.2,-1975.2,
2026-09-09T01:06,,,,,0.00,-976.2,-1975.2,
2026-09-09T01:07,,,,,0.00,-976.2,-1975.2,
2026-09-09T01:08,,,,,0.00,-976.2,-1975.2,
2026-09-09T01:09,,,,,0.00,-976.2,-1975.2,
2026-09-09T01:10,,,,,0.00,-976.2,-1975.2,16.20
2026-09-09T01:11,,,,,0.00,-976.2,-1975.2,
2026-09-09T01:12,,,,,0.00,-976.2,-1975.2,
2026-09-09T01:13,,,,,0.20,-976.0,-1975.0,
2026-09-09T01:14,,,,,0.00,-976.0,-1975.0,
2026-09-09T01:15,,,,,0.00,-976.0,-1975.0,
2026-09-09T01:16,,,,,0.20,-975.8,-1974.8,
2026-09-09T01:17,,,,,0.40,-975.4,-1974.4,
2026-09-09T01:18,,,,,0.40,-975.0,-1974.0,
2026-09-09T01:19,,,,,0.40,-974.6,-1973.6,
2026-09-09T01:20,,,,,0.20,-974.4,-1973.4,16.10
2026-09-09T01:21,,,,,0.20,-974.2,-1973.2,
2026-09-09T01:22,,,,,0.20,-974.0,-1973.0,
2026-09-09T01:23,,,,,0.20,-973.8,-1972.8,
2026-09-09T01:24,,,,,0.00,-973.8,-1972.8,
2026-09-09T01:25,,,,,0.00,-973.8,-1972.8,
2026-09-09T01:26,,,,,0.00,-973.8,-1972.8,
2026-09-09T01:27,,,,,0.00,-973.8,-1972.8,
2026-09-09T01:28,,,,,0.00,-973.8,-1972.8,
2026-09-09T01:29,,,,,0.00,-973.8,-1972.8,
2026-09-09T01:30,,,,,0.00,-973.8,-1972.8,15.80
2026-09-09T01:31,,,,,0.00,-973.8,-1972.8,
2026-09-09T01:32,,,,,0.00,-973.8,-1972.8,
2026-09-09T01:33,,,,,0.20,-973.6,-1972.6,
2026-09-09T01:34,,,,,0.00,-973.6,-1972.6,
2026-09-09T01:35,,,,,0.00,-973.6,-1972.6,
2026-09-09T01:36,,,,,0.00,-973.6,-1972.6,
2026-09-09T01:37,,,,,0.00,-973.6,-1972.6,
2026-09-09T01:38,,,,,0.00,-973.6,-1972.6,
2026-09-09T01:39,,,,,0.00,-973.6,-1972.6,
2026-09-09T01:40,,,,,0.00,-973.6,-1972.6,15.60
2026-09-09T01:41,,,,,0.00,-973.6,-1972.6,
2026-09-09T01:42,,,,,0.00,-973.6,-1972.6,
2026-09-09T01:43,,,,,0.00,-973.6,-1972.6,
2026-09-09T01:44,,,,,0.00,-973.6,-1972.6,
2026-09-09T01:45,,,,,0.20,-973.4,-1972.4,
2026-09-09T01:46,,,,,0.00,-973.4,-1972.4,
2026-09-09T01:47,,,,,0.00,-973.4,-1972.4,
2026-09-09T01:48,,,,,0.00,-973.4,-1972.4,
2026-09-09T01:49,,,,,0.00,-973.4,-1972.4,
2026-09-09T01:50,,,,,0.00,-973.4,-1972.4,15.50
2026-09-09T01:51,,,,,0.00,-973.4,-1972.4,
2026-09-09T01:52,,,,,0.00,-973.4,-1972.4,
2026-09-09T01:53,,,,,0.00,-973.4,-1972.4,
2026-09-09T01:54,,,,,0.20,-973.2,-1972.2,
2026-09-09T01:55,,,,,0.00,-973.2,-1972.2,
2026-09-09T01:56,,,,,0.20,-973.0,-1972.0,
2026-09-09T01:57,,,,,0.20,-972.8,-1971.8,
2026-09-09T01:58,,,,,0.20,-972.6,-1971.6,
2026-09-09T01:59,,,,,0.40,-972.2,-1971.2,
2026-09-09T02:00,,,,,0.60,-971.6,-1970.6,15.40
2026-09-09T02:01,,,,,0.20,-971.4,-1970.4,
2026-09-09T02:02,,,,,0.60,-970.8,-1969.8,
2026-09-09T02:03,,,,,0.20,-970.6,-1969.6,
2026-09-09T02:04,,,,,0.20,-970.4,-1969.4,
2026-09-09T02:05,,,,,0.20,-970.2,-1969.2,
2026-09-09T02:06,,,,,0.20,-970.0,-1969.0,
2026-09-09T02:07,,,,,0.00,-970.0,-1969.0,
2026-09-09T02:08,,,,,0.20,-969.8,-1968.8,
2026-09-09T02:09,,,,,0.00,-969.8,-1968.8,
2026-09-09T02:10,,,,,0.00,-969.8,-1968.8,15.50
2026-09-09T02:11,,,,,0.00,-969.8,-1968.8,
2026-09-09T02:12,,,,,0.00,-969.8,-1968.8,
2026-09-09T02:13,,,,,0.00,-969.8,-1968.8,
2026-09-09T02:14,,,,,0.20,-969.6,-1968.6,
2026-09-09T02:15,,,,,0.00,-969.6,-1968.6,
2026-09-09T02:16,,,,,0.00,-969.6,-1968.6,
2026-09-09T02:17,,,,,0.20,-969.4,-1968.4,
2026-09-09T02:18,,,,,0.20,-969.2,-1968.2,
2026-09-09T02:19,,,,,0.00,-969.2,-1968.2,
2026-09-09T02:20,,,,,0.20,-969.0,-1968.0,15.70
2026-09-09T02:21,,,,,0.00,-969.0,-1968.0,
2026-09-09T02:22,,,,,0.00,-969.0,-1968.0,
2026-09-09T02:23,,,,,0.00,-969.0,-1968.0,
2026-09-09T02:24,,,,,0.00,-969.0,-1968.0,
2026-09-09T02:25,,,,,0.20,-968.8,-1967.8,
2026-09-09T02:26,,,,,0.00,-968.8,-1967.8,
2026-09-09T02:27,,,,,0.00,-968.8,-1967.8,
2026-09-09T02:28,,,,,0.00,-968.8,-1967.8,
2026-09-09T02:29,,,,,0.20,-968.6,-1967.6,
2026-09-09T02:30,,,,,0.00,-968.6,-1967.6,15.60
2026-09-09T02:31,,,,,0.00,-968.6,-1967.6,
2026-09-09T02:32,,,,,0.20,-968.4,-1967.4,
2026-09-09T02:33,,,,,0.00,-968.4,-1967.4,
2026-09-09T02:34,,,,,0.20,-968.2,-1967.2,
2026-09-09T02:35,,,,,0.00,-968.2,-1967.2,
2026-09-09T02:36,,,,,0.00,-968.2,-1967.2,
2026-09-09T02:37,,,,,0.20,-968.0,-1967.0,
2026-09-09T02:38,,,,,0.00,-968.0,-1967.0,
2026-09-09T02:39,,,,,0.00,-968.0,-1967.0,
2026-09-09T02:40,,,,,0.00,-968.0,-1967.0,15.40
2026-09-09T02:41,,,,,0.20,-967.8,-1966.8,
2026-09-09T02:42,,,,,0.00,-967.8,-1966.8,
2026-09-09T02:43,,,,,0.00,-967.8,-1966.8,
2026-09-09T02:44,,,,,0.00,-967.8,-1966.8,
2026-09-09T02:45,,,,,0.00,-967.8,-1966.8,
2026-09-09T02:46,,,,,0.00,-967.8,-1966.8,
2026-09-09T02:47,,,,,0.00,-967.8,-1966.8,
2026-09-09T02:48,,,,,0.00,-967.8,-1966.8,
2026-09-09T02:49,,,,,0.00,-967.8,-1966.8,
2026-09-09T02:50,,,,,0.00,-967.8,-1966.8,15.20
2026-09-09T02:51,,,,,0.00,-967.8,-1966.8,
2026-09-09T02:52,,,,,0.00,-967.8,-1966.8,
2026-09-09T02:53,,,,,0.00,-967.8,-1966.8,
2026-09-09T02:54,,,,,0.00,-967.8,-1966.8,
2026-09-09T02:55,,,,,0.00,-967.8,-1966.8,
2026-09-09T02:56,,,,,0.00,-967.8,-1966.8,
2026-09-09T02:57,,,,,0.00,-967.8,-1966.8,
2026-09-09T02:58,,,,,0.20,-967.6,-1966.6,
2026-09-09T02:59,,,,,0.00,-967.6,-1966.6,
2026-09-09T03:00,,,,,0.00,-967.6,-1966.6,15.10
2026-09-09T03:01,,,,,0.00,-967.6,-1966.6,
2026-09-09T03:02,,,,,0.00,-967.6,-1966.6,
2026-09-09T03:03,,,,,0.00,-967.6,-1966.6,
2026-09-09T03:04,,,,,0.00,-967.6,-1966.6,
2026-09-09T03:05,,,,,0.00,-967.6,-1966.6,
2026-09-09T03:06,,,,,0.00,-967.6,-1966.6,
2026-09-09T03:07,,,,,0.00,-967.6,-1966.6,
2026-09-09T03:08,,,,,0.00,-967.6,-1966.6,
2026-09-09T03:09,,,,,0.00,-967.6,-1966.6,
2026-09-09T03:10,,,,,0.00,-967.6,-1966.6,14.90
2026-09-09T03:11,,,,,0.00,-967.6,-1966.6,
2026-09-09T03:12,,,,,0.00,-967.6,-1966.6,
2026-09-09T03:13,,,,,0.00,-967.6,-1966.6,
2026-09-09T03:14,,,,,0.00,-967.6,-1966.6,
2026-09-09T03:15,,,,,0.00,-967.6,-1966.6,
2026-09-09T03:16,,,,,0.00,-967.6,-1966.6,
2026-09-09T03:17,,,,,0.00,-967.6,-1966.6,
2026-09-09T03:18,,,,,0.00,-967.6,-1966.6,
2026-09-09T03:19,,,,,0.00,-967.6,-1966.6,
2026-09-09T03:20,,,,,0.00,-967.6,-1966.6,14.90
2026-09-09T03:21,,,,,0.00,-967.6,-1966.6,
2026-09-09T03:22,,,,,0.00,-967.6,-1966.6,
2026-09-09T03:23,,,,,0.00,-967.6,-1966.6,
2026-09-09T03:24,,,,,0.00,-967.6,-1966.6,
2026-09-09T03:25,,,,,0.00,-967.6,-1966.6,
2026-09-09T03:26,,,,,0.00,-967.6,-1966.6,
2026-09-09T03:27,,,,,0.00,-967.6,-1966.6,
2026-09-09T03:28,,,,,0.00,-967.6,-1966.6,
2026-09-09T03:29,,,,,0.00,-967.6,-1966.6,
2026-09-09T03:30,,,,,0.00,-967.6,-1966.6,14.60
2026-09-09T03:31,,,,,0.00,-967.6,-1966.6,
2026-09-09T03:32,,,,,0.00,-967.6,-1966.6,
2026-09-09T03:33,,,,,0.00,-967.6,-1966.6,
2026-09-09T03:34,,,,,0.00,-967.6,-1966.6,
2026-09-09T03:35,,,,,0.00,-967.6,-1966.6,
2026-09-09T03:36,,,,,0.00,-967.6,-1966.6,
2026-09-09T03:37,,,,,0.00,-967.6,-1966.6,
2026-09-09T03:38,,,,,0.00,-967.6,-1966.6,
2026-09-09T03:39,,,,,0.00,-967.6,-1966.6,
2026-09-09T03:40,,,,,0.00,-967.6,-1966.6,14.60
2026-09-09T03:41,,,,,0.00,-967.6,-1966.6,
2026-09-09T03:42,,,,,0.00,-967.6,-1966.6,
2026-09-09T03:43,,,,,0.00,-967.6,-1966.6,
2026-09-09T03:44,,,,,0.00,-967.6,-1966.6,
2026-09-09T03:45,,,,,0.00,-967.6,-1966.6,
2026-09-09T03:46,,,,,0.00,-967.6,-1966.6,
2026-09-09T03:47,,,,,0.00,-967.6,-1966.6,
2026-09-09T03:48,,,,,0.00,-967.6,-1966.6,
2026-09-09T03:49,,,,,0.00,-967.6,-1966.6,
2026-09-09T03:50,,,,,0.00,-967.6,-1966.6,14.30
2026-09-09T03:51,,,,,0.00,-967.6,-1966.6,
2026-09-09T03:52,,,,,0.00,-967.6,-1966.6,
2026-09-09T03:53,,,,,0.00,-967.6,-1966.6,
2026-09-09T03:54,,,,,0.00,-967.6,-1966.6,
2026-09-09T03:55,,,,,0.00,-967.6,-1966.6,
2026-09-09T03:56,,,,,0.00,-967.6,-1966.6,
2026-09-09T03:57,,,,,0.00,-967.6,-1966.6,
2026-09-09T03:58,,,,,0.00,-967.6,-1966.6,
2026-09-09T03:59,,,,,0.00,-967.6,-1966.6,
2026-09-09T04:00,,,,,0.00,-967.6,-1966.6,14.30
2026-09-09T04:01,,,,,0.00,-967.6,-1966.6,
2026-09-09T04:02,,,,,0.00,-967.6,-1966.6,
2026-09-09T04:03,,,,,0.00,-967.6,-1966.6,
2026-09-09T04:04,,,,,0.00,-967.6,-1966.6,
2026-09-09T04:05,,,,,0.00,-967.6,-1966.6,
2026-09-09T04:06,,,,,0.00,-967.6,-1966.6,
2026-09-09T04:07,,,,,0.00,-967.6,-1966.6,
2026-09-09T04:08,,,,,0.00,-967.6,-1966.6,
2026-09-09T04:09,,,,,0.00,-967.6,-1966.6,
2026-09-09T04:10,,,,,0.00,-967.6,-1966.6,14.30
2026-09-09T04:11,,,,,0.00,-967.6,-1966.6,
2026-09-09T04:12,,,,,0.00,-967.6,-1966.6,
2026-09-09T04:13,,,,,0.00,-967.6,-1966.6,
2026-09-09T04:14,,,,,0.00,-967.6,-1966.6,
2026-09-09T04:15,,,,,0.00,-967.6,-1966.6,
2026-09-09T04:16,,,,,0.00,-967.6,-1966.6,
2026-09-09T04:17,,,,,0.00,-967.6,-1966.6,
2026-09-09T04:18,,,,,0.00,-967.6,-1966.6,
2026-09-09T04:19,,,,,0.00,-967.6,-1966.6,
2026-09-09T04:20,,,,,0.00,-967.6,-1966.6,14.40
2026-09-09T04:21,,,,,0.00,-967.6,-1966.6,
2026-09-09T04:22,,,,,0.00,-967.6,-1966.6,
2026-09-09T04:23,,,,,0.00,-967.6,-1966.6,
2026-09-09T04:24,,,,,0.00,-967.6,-1966.6,
2026-09-09T04:25,,,,,0.00,-967.6,-1966.6,
2026-09-09T04:26,,,,,0.00,-967.6,-1966.6,
2026-09-09T04:27,,,,,0.00,-967.6,-1966.6,
2026-09-09T04:28,,,,,0.00,-967.6,-1966.6,
2026-09-09T04:29,,,,,0.00,-967.6,-1966.6,
2026-09-09T04:30,,,,,0.00,-967.6,-1966.6,14.70
2026-09-09T04:31,,,,,0.00,-967.6,-1966.6,
2026-09-09T04:32,,,,,0.00,-967.6,-1966.6,
2026-09-09T04:33,,,,,0.00,-967.6,-1966.6,
2026-09-09T04:34,,,,,0.00,-967.6,-1966.6,
2026-09-09T04:35,,,,,0.00,-967.6,-1966.6,
2026-09-09T04:36,,,,,0.00,-967.6,-1966.6,
2026-09-09T04:37,,,,,0.00,-967.6,-1966.6,
2026-09-09T04:38,,,,,0.00,-967.6,-1966.6,
2026-09-09T04:39,,,,,0.00,-967.6,-1966.6,
2026-09-09T04:40,,,,,0.00,-967.6,-1966.6,14.80
2026-09-09T04:41,,,,,0.00,-967.6,-1966.6,
2026-09-09T04:42,,,,,0.00,-967.6,-1966.6,
2026-09-09T04:43,,,,,0.00,-967.6,-1966.6,
2026-09-09T04:44,,,,,0.00,-967.6,-1966.6,
2026-09-09T04:45,,,,,0.00,-967.6,-1966.6,
2026-09-09T04:46,,,,,0.00,-967.6,-1966.6,
2026-09-09T04:47,,,,,0.00,-967.6,-1966.6,
2026-09-09T04:48,,,,,0.00,-967.6,-1966.6,
2026-09-09T04:49,,,,,0.00,-967.6,-1966.6,
2026-09-09T04:50,,,,,0.00,-967.6,-1966.6,14.70
2026-09-09T04:51,,,,,0.00,-967.6,-1966.6,
2026-09-09T04:52,,,,,0.00,-967.6,-1966.6,
2026-09-09T04:53,,,,,0.00,-967.6,-1966.6,
2026-09-09T04:54,,,,,0.00,-967.6,-1966.6,
2026-09-09T04:55,,,,,0.00,-967.6,-1966.6,
2026-09-09T04:56,,,,,0.00,-967.6,-1966.6,
2026-09-09T04:57,,,,,0.00,-967.6,-1966.6,
2026-09-09T04:58,,,,,0.00,-967.6,-1966.6,
2026-09-09T04:59,,,,,0.00,-967.6,-1966.6,
2026-09-09T05:00,,,,,0.00,-967.6,-1966.6,14.60
2026-09-09T05:01,,,,,0.00,-967.6,-1966.6,
2026-09-09T05:02,,,,,0.00,-967.6,-1966.6,
2026-09-09T05:03,,,,,0.00,-967.6,-1966.6,
2026-09-09T05:04,,,,,0.00,-967.6,-1966.6,
2026-09-09T05:05,,,,,0.00,-967.6,-1966.6,
2026-09-09T05:06,,,,,0.00,-967.6,-1966.6,
2026-09-09T05:07,,,,,0.00,-967.6,-1966.6,
2026-09-09T05:08,,,,,0.00,-967.6,-1966.6,
2026-09-09T05:09,,,,,0.00,-967.6,-1966.6,
2026-09-09T05:10,,,,,0.00,-967.6,-1966.6,14.90
2026-09-09T05:11,,,,,0.00,-967.6,-1966.6,
2026-09-09T05:12,,,,,0.00,-967.6,-1966.6,
2026-09-09T05:13,,,,,0.00,-967.6,-1966.6,
2026-09-09T05:14,,,,,0.00,-967.6,-1966.6,
2026-09-09T05:15,,,,,0.00,-967.6,-1966.6,
2026-09-09T05:16,,,,,0.00,-967.6,-1966.6,
2026-09-09T05:17,,,,,0.00,-967.6,-1966.6,
2026-09-09T05:18,,,,,0.00,-967.6,-1966.6,
2026-09-09T05:19,,,,,0.00,-967.6,-1966.6,
2026-09-09T05:20,,,,,0.00,-967.6,-1966.6,14.80
2026-09-09T05:21,,,,,0.00,-967.6,-1966.6,
2026-09-09T05:22,,,,,0.00,-967.6,-1966.6,
2026-09-09T05:23,,,,,0.00,-967.6,-1966.6,
2026-09-09T05:24,,,,,0.00,-967.6,-1966.6,
2026-09-09T05:25,,,,,0.00,-967.6,-1966.6,
2026-09-09T05:26,,,,,0.00,-967.6,-1966.6,
2026-09-09T05:27,,,,,0.00,-967.6,-1966.6,
2026-09-09T05:28,,,,,0.00,-967.6,-1966.6,
2026-09-09T05:29,,,,,0.00,-967.6,-1966.6,
2026-09-09T05:30,,,,,0.00,-967.6,-1966.6,15.30
2026-09-09T05:31,,,,,0.00,-967.6,-1966.6,
2026-09-09T05:32,,,,,0.00,-967.6,-1966.6,
2026-09-09T05:33,,,,,0.00,-967.6,-1966.6,
2026-09-09T05:34,,,,,0.00,-967.6,-1966.6,
2026-09-09T05:35,,,,,0.00,-967.6,-1966.6,
2026-09-09T05:36,,,,,0.00,-967.6,-1966.6,
2026-09-09T05:37,,,,,0.00,-967.6,-1966.6,
2026-09-09T05:38,,,,,0.00,-967.6,-1966.6,
2026-09-09T05:39,,,,,0.00,-967.6,-1966.6,
2026-09-09T05:40,,,,,0.00,-967.6,-1966.6,15.70
2026-09-09T05:41,,,,,0.00,-967.6,-1966.6,
2026-09-09T05:42,,,,,0.00,-967.6,-1966.6,
2026-09-09T05:43,,,,,0.00,-967.6,-1966.6,
2026-09-09T05:44,,,,,0.00,-967.6,-1966.6,
2026-09-09T05:45,,,,,0.00,-967.6,-1966.6,
2026-09-09T05:46,,,,,0.00,-967.6,-1966.6,
2026-09-09T05:47,,,,,0.00,-967.6,-1966.6,
2026-09-09T05:48,,,,,0.00,-967.6,-1966.6,
2026-09-09T05:49,,,,,0.00,-967.6,-1966.6,
2026-09-09T05:50,,,,,0.00,-967.6,-1966.6,15.40
2026-09-09T05:51,,,,,0.00,-967.6,-1966.6,
2026-09-09T05:52,,,,,0.00,-967.6,-1966.6,
2026-09-09T05:53,,,,,0.00,-967.6,-1966.6,
2026-09-09T05:54,,,,,0.00,-967.6,-1966.6,
2026-09-09T05:55,,,,,0.00,-967.6,-1966.6,
2026-09-09T05:56,,,,,0.00,-967.6,-1966.6,
2026-09-09T05:57,,,,,0.00,-967.6,-1966.6,
2026-09-09T05:58,,,,,0.00,-967.6,-1966.6,
2026-09-09T05:59,,,,,0.00,-967.6,-1966.6,
2026-09-09T06:00,,,,,0.00,-967.6,-1966.6,15.30
2026-09-09T06:01,,,,,0.00,-967.6,-1966.6,
2026-09-09T06:02,,,,,0.00,-967.6,-1966.6,
2026-09-09T06:03,,,,,0.00,-967.6,-1966.6,
2026-09-09T06:04,,,,,0.00,-967.6,-1966.6,
2026-09-09T06:05,,,,,0.00,-967.6,-1966.6,
2026-09-09T06:06,,,,,0.00,-967.6,-1966.6,
2026-09-09T06:07,,,,,0.00,-967.6,-1966.6,
2026-09-09T06:08,,,,,0.00,-967.6,-1966.6,
2026-09-09T06:09,,,,,0.00,-967.6,-1966.6,
2026-09-09T06:10,,,,,0.00,-967.6,-1966.6,14.70
2026-09-09T06:11,,,,,0.00,-967.6,-1966.6,
2026-09-09T06:12,,,,,0.00,-967.6,-1966.6,
2026-09-09T06:13,,,,,0.00,-967.6,-1966.6,
2026-09-09T06:14,,,,,0.00,-967.6,-1966.6,
2026-09-09T06:15,,,,,0.00,-967.6,-1966.6,
2026-09-09T06:16,,,,,0.00,-967.6,-1966.6,
2026-09-09T06:17,,,,,0.00,-967.6,-1966.6,
2026-09-09T06:18,,,,,0.00,-967.6,-1966.6,
2026-09-09T06:19,,,,,0.00,-967.6,-1966.6,
2026-09-09T06:20,,,,,0.00,-967.6,-1966.6,15.10
2026-09-09T06:21,,,,,0.00,-967.6,-1966.6,
2026-09-09T06:22,,,,,0.00,-967.6,-1966.6,
2026-09-09T06:23,,,,,0.00,-967.6,-1966.6,
2026-09-09T06:24,,,,,0.00,-967.6,-1966.6,
2026-09-09T06:25,,,,,0.00,-967.6,-1966.6,
2026-09-09T06:26,,,,,0.00,-967.6,-1966.6,
2026-09-09T06:27,,,,,0.00,-967.6,-1966.6,
2026-09-09T06:28,,,,,0.00,-967.6,-1966.6,
2026-09-09T06:29,,,,,0.00,-967.6,-1966.6,
2026-09-09T06:30,,,,,0.00,-967.6,-1966.6,16.70
2026-09-09T06:31,,,,,0.00,-967.6,-1966.6,
2026-09-09T06:32,,,,,0.00,-967.6,-1966.6,
2026-09-09T06:33,,,,,0.00,-967.6,-1966.6,
2026-09-09T06:34,,,,,0.00,-967.6,-1966.6,
2026-09-09T06:35,,,,,0.00,-967.6,-1966.6,
2026-09-09T06:36,,,,,0.00,-967.6,-1966.6,
2026-09-09T06:37,,,,,0.00,-967.6,-1966.6,
2026-09-09T06:38,,,,,0.00,-967.6,-1966.6,
2026-09-09T06:39,,,,,0.00,-967.6,-1966.6,
2026-09-09T06:40,,,,,0.00,-967.6,-1966.6,16.60
2026-09-09T06:41,,,,,0.00,-967.6,-1966.6,
2026-09-09T06:42,,,,,0.00,-967.6,-1966.6,
2026-09-09T06:43,,,,,0.00,-967.6,-1966.6,
2026-09-09T06:44,,,,,0.00,-967.6,-1966.6,
2026-09-09T06:45,,,,,0.00,-967.6,-1966.6,
2026-09-09T06:46,,,,,0.00,-967.6,-1966.6,
2026-09-09T06:47,,,,,0.00,-967.6,-1966.6,
2026-09-09T06:48,,,,,0.00,-967.6,-1966.6,
2026-09-09T06:49,,,,,0.00,-967.6,-1966.6,
2026-09-09T06:50,,,,,0.00,-967.6,-1966.6,16.40
2026-09-09T06:51,,,,,0.00,-967.6,-1966.6,
2026-09-09T06:52,,,,,0.00,-967.6,-1966.6,
2026-09-09T06:53,,,,,0.00,-967.6,-1966.6,
2026-09-09T06:54,,,,,0.00,-967.6,-1966.6,
2026-09-09T06:55,,,,,0.00,-967.6,-1966.6,
2026-09-09T06:56,,,,,0.00,-967.6,-1966.6,
2026-09-09T06:57,,,,,0.00,-967.6,-1966.6,
2026-09-09T06:58,,,,,0.00,-967.6,-1966.6,
2026-09-09T06:59,,,,,0.00,-967.6,-1966.6,
2026-09-09T07:00,,,,,0.00,-967.6,-1966.6,15.90
2026-09-09T07:01,,,,,0.00,-967.6,-1966.6,
2026-09-09T07:02,,,,,0.00,-967.6,-1966.6,
2026-09-09T07:03,,,,,0.00,-967.6,-1966.6,
2026-09-09T07:04,,,,,0.00,-967.6,-1966.6,
2026-09-09T07:05,,,,,0.00,-967.6,-1966.6,
2026-09-09T07:06,,,,,0.00,-967.6,-1966.6,
2026-09-09T07:07,,,,,0.20,-967.4,-1966.4,
2026-09-09T07:08,,,,,0.40,-967.0,-1966.0,
2026-09-09T07:09,,,,,0.20,-966.8,-1965.8,
2026-09-09T07:10,,,,,0.40,-966.4,-1965.4,15.40
2026-09-09T07:11,,,,,0.40,-966.0,-1965.0,
2026-09-09T07:12,,,,,0.40,-965.6,-1964.6,
2026-09-09T07:13,,,,,0.20,-965.4,-1964.4,
2026-09-09T07:14,,,,,0.20,-965.2,-1964.2,
2026-09-09T07:15,,,,,0.20,-965.0,-1964.0,
2026-09-09T07:16,,,,,0.40,-964.6,-1963.6,
2026-09-09T07:17,,,,,0.40,-964.2,-1963.2,
2026-09-09T07:18,,,,,0.20,-964.0,-1963.0,
2026-09-09T07:19,,,,,0.20,-963.8,-1962.8,
2026-09-09T07:20,,,,,0.20,-963.6,-1962.6,14.30
2026-09-09T07:21,,,,,0.40,-963.2,-1962.2,
2026-09-09T07:22,,,,,0.20,-963.0,-1962.0,
2026-09-09T07:23,,,,,0.20,-962.8,-1961.8,
2026-09-09T07:24,,,,,0.20,-962.6,-1961.6,
2026-09-09T07:25,,,,,0.20,-962.4,-1961.4,
2026-09-09T07:26,,,,,0.00,-962.4,-1961.4,
2026-09-09T07:27,,,,,0.00,-962.4,-1961.4,
2026-09-09T07:28,,,,,0.20,-962.2,-1961.2,
2026-09-09T07:29,,,,,0.00,-962.2,-1961.2,
2026-09-09T07:30,,,,,0.20,-962.0,-1961.0,14.10
2026-09-09T07:31,,,,,0.00,-962.0,-1961.0,
2026-09-09T07:32,,,,,0.00,-962.0,-1961.0,
2026-09-09T07:33,,,,,0.20,-961.8,-1960.8,
2026-09-09T07:34,,,,,0.00,-961.8,-1960.8,
2026-09-09T07:35,,,,,0.20,-961.6,-1960.6,
2026-09-09T07:36,,,,,0.00,-961.6,-1960.6,
2026-09-09T07:37,,,,,0.00,-961.6,-1960.6,
2026-09-09T07:38,,,,,0.20,-961.4,-1960.4,
2026-09-09T07:39,,,,,0.00,-961.4,-1960.4,
2026-09-09T07:40,,,,,0.20,-961.2,-1960.2,14.20
2026-09-09T07:41,,,,,0.00,-961.2,-1960.2,
2026-09-09T07:42,,,,,0.20,-961.0,-1960.0,
2026-09-09T07:43,,,,,0.20,-960.8,-1959.8,
2026-09-09T07:44,,,,,0.00,-960.8,-1959.8,
2026-09-09T07:45,,,,,0.20,-960.6,-1959.6,
2026-09-09T07:46,,,,,0.20,-960.4,-1959.4,
2026-09-09T07:47,,,,,0.00,-960.4,-1959.4,
2026-09-09T07:48,,,,,0.00,-960.4,-1959.4,
2026-09-09T07:49,,,,,0.20,-960.2,-1959.2,
2026-09-09T07:50,,,,,0.00,-960.2,-1959.2,14.10
2026-09-09T07:51,,,,,0.00,-960.2,-1959.2,
2026-09-09T07:52,,,,,0.00,-960.2,-1959.2,
2026-09-09T07:53,,,,,0.20,-960.0,-1959.0,
2026-09-09T07:54,,,,,0.00,-960.0,-1959.0,
2026-09-09T07:55,,,,,0.00,-960.0,-1959.0,
2026-09-09T07:56,,,,,0.00,-960.0,-1959.0,
2026-09-09T07:57,,,,,0.20,-959.8,-1958.8,
2026-09-09T07:58,,,,,0.00,-959.8,-1958.8,
2026-09-09T07:59,,,,,0.00,-959.8,-1958.8,
2026-09-09T08:00,,,,,0.20,-959.6,-1958.6,14.00
2026-09-09T08:01,,,,,0.00,-959.6,-1958.6,
2026-09-09T08:02,,,,,0.00,-959.6,-1958.6,
2026-09-09T08:03,,,,,0.00,-959.6,-1958.6,
2026-09-09T08:04,,,,,0.20,-959.4,-1958.4,
2026-09-09T08:05,,,,,0.00,-959.4,-1958.4,
2026-09-09T08:06,,,,,0.00,-959.4,-1958.4,
2026-09-09T08:07,,,,,0.00,-959.4,-1958.4,
2026-09-09T08:08,,,,,0.00,-959.4,-1958.4,
2026-09-09T08:09,,,,,0.20,-959.2,-1958.2,
2026-09-09T08:10,,,,,0.00,-959.2,-1958.2,13.80
2026-09-09T08:11,,,,,0.00,-959.2,-1958.2,
2026-09-09T08:12,,,,,0.00,-959.2,-1958.2,
2026-09-09T08:13,,,,,0.00,-959.2,-1958.2,
2026-09-09T08:14,,,,,0.00,-959.2,-1958.2,
2026-09-09T08:15,,,,,0.00,-959.2,-1958.2,
2026-09-09T08:16,,,,,0.20,-959.0,-1958.0,
2026-09-09T08:17,,,,,0.00,-959.0,-1958.0,
2026-09-09T08:18,,,,,0.00,-959.0,-1958.0,
2026-09-09T08:19,,,,,0.00,-959.0,-1958.0,
2026-09-09T08:20,,,,,0.00,-959.0,-1958.0,13.90
2026-09-09T08:21,,,,,0.00,-959.0,-1958.0,
2026-09-09T08:22,,,,,0.00,-959.0,-1958.0,
2026-09-09T08:23,,,,,0.00,-959.0,-1958.0,
2026-09-09T08:24,,,,,0.00,-959.0,-1958.0,
2026-09-09T08:25,,,,,0.20,-958.8,-1957.8,
2026-09-09T08:26,,,,,0.00,-958.8,-1957.8,
2026-09-09T08:27,,,,,0.00,-958.8,-1957.8,
2026-09-09T08:28,,,,,0.00,-958.8,-1957.8,
2026-09-09T08:29,,,,,0.00,-958.8,-1957.8,
2026-09-09T08:30,,,,,0.00,-958.8,-1957.8,14.00
2026-09-09T08:31,,,,,0.00,-958.8,-1957.8,
2026-09-09T08:32,,,,,0.20,-958.6,-1957.6,
2026-09-09T08:33,,,,,0.00,-958.6,-1957.6,
2026-09-09T08:34,,,,,0.00,-958.6,-1957.6,
2026-09-09T08:35,,,,,0.00,-958.6,-1957.6,
2026-09-09T08:36,,,,,0.00,-958.6,-1957.6,
2026-09-09T08:37,,,,,0.00,-958.6,-1957.6,
2026-09-09T08:38,,,,,0.00,-958.6,-1957.6,
2026-09-09T08:39,,,,,0.20,-958.4,-1957.4,
2026-09-09T08:40,,,,,0.00,-958.4,-1957.4,14.10
2026-09-09T08:41,,,,,0.00,-958.4,-1957.4,
2026-09-09T08:42,,,,,0.00,-958.4,-1957.4,
2026-09-09T08:43,,,,,0.00,-958.4,-1957.4,
2026-09-09T08:44,,,,,0.00,-958.4,-1957.4,
2026-09-09T08:45,,,,,0.00,-958.4,-1957.4,
2026-09-09T08:46,,,,,0.00,-958.4,-1957.4,
2026-09-09T08:47,,,,,0.00,-958.4,-1957.4,
2026-09-09T08:48,,,,,0.00,-958.4,-1957.4,
2026-09-09T08:49,,,,,0.00,-958.4,-1957.4,
2026-09-09T08:50,,,,,0.00,-958.4,-1957.4,14.30
2026-09-09T08:51,,,,,0.00,-958.4,-1957.4,
2026-09-09T08:52,,,,,0.00,-958.4,-1957.4,
2026-09-09T08:53,,,,,0.00,-958.4,-1957.4,
2026-09-09T08:54,,,,,0.00,-958.4,-1957.4,
2026-09-09T08:55,,,,,0.00,-958.4,-1957.4,
2026-09-09T08:56,,,,,0.00,-958.4,-1957.4,
2026-09-09T08:57,,,,,0.00,-958.4,-1957.4,
2026-09-09T08:58,,,,,0.00,-958.4,-1957.4,
2026-09-09T08:59,,,,,0.00,-958.4,-1957.4,
2026-09-09T09:00,,,,,0.00,-958.4,-1957.4,14.10
2026-09-09T09:01,,,,,0.00,-958.4,-1957.4,
2026-09-09T09:02,,,,,0.00,-958.4,-1957.4,
2026-09-09T09:03,,,,,0.00,-958.4,-1957.4,
2026-09-09T09:04,,,,,0.00,-958.4,-1957.4,
2026-09-09T09:05,,,,,0.00,-958.4,-1957.4,
2026-09-09T09:06,,,,,0.00,-958.4,-1957.4,
2026-09-09T09:07,,,,,0.00,-958.4,-1957.4,
2026-09-09T09:08,,,,,0.00,-958.4,-1957.4,
2026-09-09T09:09,,,,,0.00,-958.4,-1957.4,
2026-09-09T09:10,,,,,0.00,-958.4,-1957.4,14.10
2026-09-09T09:11,,,,,0.00,-958.4,-1957.4,
2026-09-09T09:12,,,,,0.00,-958.4,-1957.4,
2026-09-09T09:13,,,,,0.00,-958.4,-1957.4,
2026-09-09T09:14,,,,,0.00,-958.4,-1957.4,
2026-09-09T09:15,,,,,0.00,-958.4,-1957.4,
2026-09-09T09:16,,,,,0.00,-958.4,-1957.4,
2026-09-09T09:17,,,,,0.00,-958.4,-1957.4,
2026-09-09T09:18,,,,,0.00,-958.4,-1957.4,
2026-09-09T09:19,,,,,0.00,-958.4,-1957.4,
2026-09-09T09:20,,,,,0.00,-958.4,-1957.4,14.00
2026-09-09T09:21,,,,,0.00,-958.4,-1957.4,
2026-09-09T09:22,,,,,0.00,-958.4,-1957.4,
2026-09-09T09:23,,,,,0.00,-958.4,-1957.4,
2026-09-09T09:24,,,,,0.00,-958.4,-1957.4,
2026-09-09T09:25,,,,,0.00,-958.4,-1957.4,
2026-09-09T09:26,,,,,0.00,-958.4,-1957.4,
2026-09-09T09:27,,,,,0.00,-958.4,-1957.4,
2026-09-09T09:28,,,,,0.00,-958.4,-1957.4,
2026-09-09T09:29,,,,,0.00,-958.4,-1957.4,
2026-09-09T09:30,,,,,0.00,-958.4,-1957.4,14.10
2026-09-09T09:31,,,,,0.00,-958.4,-1957.4,
2026-09-09T09:32,,,,,0.00,-958.4,-1957.4,
2026-09-09T09:33,,,,,0.00,-958.4,-1957.4,
2026-09-09T09:34,,,,,0.00,-958.4,-1957.4,
2026-09-09T09:35,,,,,0.00,-958.4,-1957.4,
2026-09-09T09:36,,,,,0.00,-958.4,-1957.4,
2026-09-09T09:37,,,,,0.00,-958.4,-1957.4,
2026-09-09T09:38,,,,,0.00,-958.4,-1957.4,
2026-09-09T09:39,,,,,0.00,-958.4,-1957.4,
2026-09-09T09:40,,,,,0.00,-958.4,-1957.4,14.20
2026-09-09T09:41,,,,,0.00,-958.4,-1957.4,
2026-09-09T09:42,,,,,0.00,-958.4,-1957.4,
2026-09-09T09:43,,,,,0.00,-958.4,-1957.4,
2026-09-09T09:44,,,,,0.00,-958.4,-1957.4,
2026-09-09T09:45,,,,,0.00,-958.4,-1957.4,
2026-09-09T09:46,,,,,0.00,-958.4,-1957.4,
2026-09-09T09:47,,,,,0.00,-958.4,-1957.4,
2026-09-09T09:48,,,,,0.00,-958.4,-1957.4,
2026-09-09T09:49,,,,,0.00,-958.4,-1957.4,
2026-09-09T09:50,,,,,0.00,-958.4,-1957.4,14.40
2026-09-09T09:51,,,,,0.00,-958.4,-1957.4,
2026-09-09T09:52,,,,,0.00,-958.4,-1957.4,
2026-09-09T09:53,,,,,0.00,-958.4,-1957.4,
2026-09-09T09:54,,,,,0.00,-958.4,-1957.4,
2026-09-09T09:55,,,,,0.00,-958.4,-1957.4,
2026-09-09T09:56,,,,,0.00,-958.4,-1957.4,
2026-09-09T09:57,,,,,0.00,-958.4,-1957.4,
2026-09-09T09:58,,,,,0.00,-958.4,-1957.4,
2026-09-09T09:59,,,,,0.00,-958.4,-1957.4,
2026-09-09T10:00,,,,,0.00,-958.4,-1957.4,14.80
2026-09-09T10:01,,,,,0.00,-958.4,-1957.4,
2026-09-09T10:02,,,,,0.00,-958.4,-1957.4,
2026-09-09T10:03,,,,,0.00,-958.4,-1957.4,
2026-09-09T10:04,,,,,0.00,-958.4,-1957.4,
2026-09-09T10:05,,,,,0.00,-958.4,-1957.4,
2026-09-09T10:06,,,,,0.00,-958.4,-1957.4,
2026-09-09T10:07,,,,,0.00,-958.4,-1957.4,
2026-09-09T10:08,,,,,0.00,-958.4,-1957.4,
2026-09-09T10:09,,,,,0.00,-958.4,-1957.4,
2026-09-09T10:10,,,,,0.00,-958.4,-1957.4,15.10
2026-09-09T10:11,,,,,0.00,-958.4,-1957.4,
2026-09-09T10:12,,,,,0.00,-958.4,-1957.4,
2026-09-09T10:13,,,,,0.00,-958.4,-1957.4,
2026-09-09T10:14,,,,,0.00,-958.4,-1957.4,
2026-09-09T10:15,,,,,0.00,-958.4,-1957.4,
2026-09-09T10:16,,,,,0.00,-958.4,-1957.4,
2026-09-09T10:17,,,,,0.00,-958.4,-1957.4,
2026-09-09T10:18,,,,,0.00,-958.4,-1957.4,
2026-09-09T10:19,,,,,0.00,-958.4,-1957.4,
2026-09-09T10:20,,,,,0.00,-958.4,-1957.4,15.40
2026-09-09T10:21,,,,,0.00,-958.4,-1957.4,
2026-09-09T10:22,,,,,0.00,-958.4,-1957.4,
2026-09-09T10:23,,,,,0.00,-958.4,-1957.4,
2026-09-09T10:24,,,,,0.00,-958.4,-1957.4,
2026-09-09T10:25,,,,,0.00,-958.4,-1957.4,
2026-09-09T10:26,,,,,0.00,-958.4,-1957.4,
2026-09-09T10:27,,,,,0.00,-958.4,-1957.4,
2026-09-09T10:28,,,,,0.00,-958.4,-1957.4,
2026-09-09T10:29,,,,,0.00,-958.4,-1957.4,
2026-09-09T10:30,,,,,0.00,-958.4,-1957.4,15.90
2026-09-09T10:31,,,,,0.00,-958.4,-1957.4,
2026-09-09T10:32,,,,,0.00,-958.4,-1957.4,
2026-09-09T10:33,,,,,0.00,-958.4,-1957.4,
2026-09-09T10:34,,,,,0.00,-958.4,-1957.4,
2026-09-09T10:35,,,,,0.00,-958.4,-1957.4,
2026-09-09T10:36,,,,,0.00,-958.4,-1957.4,
2026-09-09T10:37,,,,,0.00,-958.4,-1957.4,
2026-09-09T10:38,,,,,0.00,-958.4,-1957.4,
2026-09-09T10:39,,,,,0.00,-958.4,-1957.4,
2026-09-09T10:40,,,,,0.00,-958.4,-1957.4,15.80
2026-09-09T10:41,,,,,0.00,-958.4,-1957.4,
2026-09-09T10:42,,,,,0.00,-958.4,-1957.4,
2026-09-09T10:43,,,,,0.00,-958.4,-1957.4,
2026-09-09T10:44,,,,,0.00,-958.4,-1957.4,
2026-09-09T10:45,,,,,0.00,-958.4,-1957.4,
2026-09-09T10:46,,,,,0.00,-958.4,-1957.4,
2026-09-09T10:47,,,,,0.00,-958.4,-1957.4,
2026-09-09T10:48,,,,,0.00,-958.4,-1957.4,
2026-09-09T10:49,,,,,0.00,-958.4,-1957.4,
2026-09-09T10:50,,,,,0.00,-958.4,-1957.4,15.70
2026-09-09T10:51,,,,,0.00,-958.4,-1957.4,
2026-09-09T10:52,,,,,0.00,-958.4,-1957.4,
2026-09-09T10:53,,,,,0.00,-958.4,-1957.4,
2026-09-09T10:54,,,,,0.00,-958.4,-1957.4,
2026-09-09T10:55,,,,,0.00,-958.4,-1957.4,
2026-09-09T10:56,,,,,0.00,-958.4,-1957.4,
2026-09-09T10:57,,,,,0.00,-958.4,-1957.4,
2026-09-09T10:58,,,,,0.00,-958.4,-1957.4,
2026-09-09T10:59,,,,,0.00,-958.4,-1957.4,
2026-09-09T11:00,,,,,0.00,-958.4,-1957.4,16.40
2026-09-09T11:01,,,,,0.00,-958.4,-1957.4,
2026-09-09T11:02,,,,,0.00,-958.4,-1957.4,
2026-09-09T11:03,,,,,0.00,-958.4,-1957.4,
2026-09-09T11:04,,,,,0.00,-958.4,-1957.4,
2026-09-09T11:05,,,,,0.00,-958.4,-1957.4,
2026-09-09T11:06,,,,,0.00,-958.4,-1957.4,
2026-09-09T11:07,,,,,0.00,-958.4,-1957.4,
2026-09-09T11:08,,,,,0.00,-958.4,-1957.4,
2026-09-09T11:09,,,,,0.00,-958.4,-1957.4,
2026-09-09T11:10,,,,,0.00,-958.4,-1957.4,17.30
2026-09-09T11:11,,,,,0.00,-958.4,-1957.4,
2026-09-09T11:12,,,,,0.00,-958.4,-1957.4,
2026-09-09T11:13,,,,,0.00,-958.4,-1957.4,
2026-09-09T11:14,,,,,0.00,-958.4,-1957.4,
2026-09-09T11:15,,,,,0.00,-958.4,-1957.4,
2026-09-09T11:16,,,,,0.00,-958.4,-1957.4,
2026-09-09T11:17,,,,,0.00,-958.4,-1957.4,
2026-09-09T11:18,,,,,0.00,-958.4,-1957.4,
2026-09-09T11:19,,,,,0.00,-958.4,-1957.4,
2026-09-09T11:20,,,,,0.00,-958.4,-1957.4,18.00
2026-09-09T11:21,,,,,0.00,-958.4,-1957.4,
2026-09-09T11:22,,,,,0.00,-958.4,-1957.4,
2026-09-09T11:23,,,,,0.00,-958.4,-1957.4,
2026-09-09T11:24,,,,,0.00,-958.4,-1957.4,
2026-09-09T11:25,,,,,0.00,-958.4,-1957.4,
2026-09-09T11:26,,,,,0.00,-958.4,-1957.4,
2026-09-09T11:27,,,,,0.00,-958.4,-1957.4,
2026-09-09T11:28,,,,,0.00,-958.4,-1957.4,
2026-09-09T11:29,,,,,0.00,-958.4,-1957.4,
2026-09-09T11:30,,,,,0.00,-958.4,-1957.4,18.60
2026-09-09T11:31,,,,,0.00,-958.4,-1957.4,
2026-09-09T11:32,,,,,0.00,-958.4,-1957.4,
2026-09-09T11:33,,,,,0.00,-958.4,-1957.4,
2026-09-09T11:34,,,,,0.00,-958.4,-1957.4,
2026-09-09T11:35,,,,,0.00,-958.4,-1957.4,
2026-09-09T11:36,,,,,0.00,-958.4,-1957.4,
2026-09-09T11:37,,,,,0.00,-958.4,-1957.4,
2026-09-09T11:38,,,,,0.00,-958.4,-1957.4,
2026-09-09T11:39,,,,,0.00,-958.4,-1957.4,
2026-09-09T11:40,,,,,0.00,-958.4,-1957.4,19.50
2026-09-09T11:41,,,,,0.00,-958.4,-1957.4,
2026-09-09T11:42,,,,,0.00,-958.4,-1957.4,
2026-09-09T11:43,,,,,0.00,-958.4,-1957.4,
2026-09-09T11:44,,,,,0.00,-958.4,-1957.4,
2026-09-09T11:45,,,,,0.00,-958.4,-1957.4,
2026-09-09T11:46,,,,,0.00,-958.4,-1957.4,
2026-09-09T11:47,,,,,0.00,-958.4,-1957.4,
2026-09-09T11:48,,,,,0.00,-958.4,-1957.4,
2026-09-09T11:49,,,,,0.00,-958.4,-1957.4,
2026-09-09T11:50,,,,,0.00,-958.4,-1957.4,20.40
2026-09-09T11:51,,,,,0.00,-958.4,-1957.4,
2026-09-09T11:52,,,,,0.00,-958.4,-1957.4,
2026-09-09T11:53,,,,,0.00,-958.4,-1957.4,
2026-09-09T11:54,,,,,0.00,-958.4,-1957.4,
2026-09-09T11:55,,,,,0.00,-958.4,-1957.4,
2026-09-09T11:56,,,,,0.00,-958.4,-1957.4,
2026-09-09T11:57,,,,,0.00,-958.4,-1957.4,
2026-09-09T11:58,,,,,0.00,-958.4,-1957.4,
2026-09-09T11:59,,,,,0.00,-958.4,-1957.4,
2026-09-09T12:00,,,,,0.00,-958.4,-1957.4,21.00
2026-09-09T12:04,,,,,-999,-1957.4,-2956.4,
2026-09-09T12:05,,,,,0.00,-1957.4,-2956.4,
2026-09-09T12:06,,,,,0.00,-1957.4,-2956.4,
2026-09-09T12:07,,,,,0.00,-1957.4,-2956.4,
2026-09-09T12:08,,,,,0.00,-1957.4,-2956.4,
2026-09-09T12:09,,,,,0.00,-1957.4,-2956.4,
2026-09-09T12:10,,,,,0.00,-1957.4,-2956.4,20.30
2026-09-09T12:11,,,,,0.00,-1957.4,-2956.4,
2026-09-09T12:12,,,,,0.00,-1957.4,-2956.4,
2026-09-09T12:13,,,,,0.00,-1957.4,-2956.4,
2026-09-09T12:14,,,,,0.00,-1957.4,-2956.4,
2026-09-09T12:15,,,,,0.00,-1957.4,-2956.4,
2026-09-09T12:16,,,,,0.00,-1957.4,-2956.4,
2026-09-09T12:17,,,,,0.00,-1957.4,-2956.4,
2026-09-09T12:18,,,,,0.00,-1957.4,-2956.4,
2026-09-09T12:19,,,,,0.00,-1957.4,-2956.4,
2026-09-09T12:20,,,,,0.00,-1957.4,-2956.4,20.00
2026-09-09T12:21,,,,,0.00,-1957.4,-2956.4,
2026-09-09T12:22,,,,,0.00,-1957.4,-2956.4,
2026-09-09T12:23,,,,,0.00,-1957.4,-2956.4,
2026-09-09T12:24,,,,,0.00,-1957.4,-2956.4,
2026-09-09T12:25,,,,,0.00,-1957.4,-2956.4,
2026-09-09T12:26,,,,,0.00,-1957.4,-2956.4,
2026-09-09T12:27,,,,,0.00,-1957.4,-2956.4,
2026-09-09T12:28,,,,,0.00,-1957.4,-2956.4,
2026-09-09T12:29,,,,,0.00,-1957.4,-2956.4,
2026-09-09T12:30,,,,,0.00,-1957.4,-2956.4,20.00
2026-09-09T12:31,,,,,0.00,-1957.4,-2956.4,
2026-09-09T12:32,,,,,0.00,-1957.4,-2956.4,
2026-09-09T12:33,,,,,0.00,-1957.4,-2956.4,
2026-09-09T12:34,,,,,0.00,-1957.4,-2956.4,
2026-09-09T12:35,,,,,0.00,-1957.4,-2956.4,
2026-09-09T12:36,,,,,0.00,-1957.4,-2956.4,
2026-09-09T12:37,,,,,0.00,-1957.4,-2956.4,
2026-09-09T12:38,,,,,0.00,-1957.4,-2956.4,
2026-09-09T12:39,,,,,0.00,-1957.4,-2956.4,
2026-09-09T12:40,,,,,0.00,-1957.4,-2956.4,19.50
2026-09-09T12:41,,,,,0.00,-1957.4,-2956.4,
2026-09-09T12:42,,,,,0.00,-1957.4,-2956.4,
2026-09-09T12:43,,,,,0.00,-1957.4,-2956.4,
2026-09-09T12:44,,,,,0.00,-1957.4,-2956.4,
2026-09-09T12:45,,,,,0.00,-1957.4,-2956.4,
2026-09-09T12:46,,,,,0.00,-1957.4,-2956.4,
2026-09-09T12:47,,,,,0.00,-1957.4,-2956.4,
2026-09-09T12:48,,,,,0.00,-1957.4,-2956.4,
2026-09-09T12:49,,,,,0.00,-1957.4,-2956.4,
2026-09-09T12:50,,,,,0.00,-1957.4,-2956.4,18.40
2026-09-09T12:51,,,,,0.00,-1957.4,-2956.4,
2026-09-09T12:52,,,,,0.00,-1957.4,-2956.4,
2026-09-09T12:53,,,,,0.00,-1957.4,-2956.4,
2026-09-09T12:54,,,,,0.00,-1957.4,-2956.4,
2026-09-09T12:55,,,,,0.00,-1957.4,-2956.4,
2026-09-09T12:56,,,,,0.00,-1957.4,-2956.4,
2026-09-09T12:57,,,,,0.00,-1957.4,-2956.4,
2026-09-09T12:58,,,,,0.00,-1957.4,-2956.4,
2026-09-09T12:59,,,,,0.00,-1957.4,-2956.4,
2026-09-09T13:00,0.0,2.57,6.9,2.9,0.00,-958.4,-2956.4,18.00
2026-09-09T13:01,,,,,0.00,-958.4,-2956.4,
2026-09-09T13:02,,,,,0.00,-958.4,-2956.4,
2026-09-09T13:03,,,,,0.00,-958.4,-2956.4,
2026-09-09T13:04,,,,,0.00,-958.4,-2956.4,
2026-09-09T13:05,,,,,0.00,-958.4,-2956.4,
2026-09-09T13:06,,,,,0.00,-958.4,-2956.4,
2026-09-09T13:07,,,,,0.00,-958.4,-2956.4,
2026-09-09T13:08,,,,,0.00,-958.4,-2956.4,
2026-09-09T13:09,,,,,0.00,-958.4,-2956.4,
2026-09-09T13:10,,,,,0.00,-958.4,-2956.4,17.20
2026-09-09T13:11,,,,,0.00,-958.4,-2956.4,
2026-09-09T13:12,,,,,0.00,-958.4,-2956.4,
2026-09-09T13:13,,,,,0.00,-958.4,-2956.4,
2026-09-09T13:14,,,,,0.00,-958.4,-2956.4,
2026-09-09T13:15,,,,,0.00,-958.4,-2956.4,
2026-09-09T13:16,,,,,0.20,-958.2,-2956.2,
2026-09-09T13:17,,,,,0.00,-958.2,-2956.2,
2026-09-09T13:18,,,,,0.00,-958.2,-2956.2,
2026-09-09T13:19,,,,,0.00,-958.2,-2956.2,
2026-09-09T13:20,,,,,0.00,-958.2,-2956.2,16.60
2026-09-09T13:21,,,,,0.00,-958.2,-2956.2,
2026-09-09T13:22,,,,,0.00,-958.2,-2956.2,
2026-09-09T13:23,,,,,0.00,-958.2,-2956.2,
2026-09-09T13:24,,,,,0.00,-958.2,-2956.2,
2026-09-09T13:25,,,,,0.00,-958.2,-2956.2,
2026-09-09T13:26,,,,,0.00,-958.2,-2956.2,
2026-09-09T13:27,,,,,0.00,-958.2,-2956.2,
2026-09-09T13:28,,,,,0.00,-958.2,-2956.2,
2026-09-09T13:29,,,,,0.00,-958.2,-2956.2,
2026-09-09T13:30,,,,,0.00,-958.2,-2956.2,16.30
2026-09-09T13:31,,,,,0.00,-958.2,-2956.2,
2026-09-09T13:32,,,,,0.20,-958.0,-2956.0,
2026-09-09T13:33,,,,,0.00,-958.0,-2956.0,
2026-09-09T13:34,,,,,0.00,-958.0,-2956.0,
2026-09-09T13:35,,,,,0.00,-958.0,-2956.0,
2026-09-09T13:36,,,,,0.00,-958.0,-2956.0,
2026-09-09T13:37,,,,,0.00,-958.0,-2956.0,
2026-09-09T13:38,,,,,0.00,-958.0,-2956.0,
2026-09-09T13:39,,,,,0.00,-958.0,-2956.0,
2026-09-09T13:40,,,,,0.00,-958.0,-2956.0,16.60
2026-09-09T13:41,,,,,0.00,-958.0,-2956.0,
2026-09-09T13:42,,,,,0.20,-957.8,-2955.8,
2026-09-09T13:43,,,,,0.00,-957.8,-2955.8,
2026-09-09T13:44,,,,,0.00,-957.8,-2955.8,
2026-09-09T13:45,,,,,0.00,-957.8,-2955.8,
2026-09-09T13:46,,,,,0.00,-957.8,-2955.8,
2026-09-09T13:47,,,,,0.00,-957.8,-2955.8,
2026-09-09T13:48,,,,,0.20,-957.6,-2955.6,
2026-09-09T13:49,,,,,0.00,-957.6,-2955.6,
2026-09-09T13:50,,,,,0.00,-957.6,-2955.6,16.60
2026-09-09T13:51,,,,,0.00,-957.6,-2955.6,
2026-09-09T13:52,,,,,0.00,-957.6,-2955.6,
2026-09-09T13:53,,,,,0.00,-957.6,-2955.6,
2026-09-09T13:54,,,,,0.00,-957.6,-2955.6,
2026-09-09T13:55,,,,,0.00,-957.6,-2955.6,
2026-09-09T13:56,,,,,0.00,-957.6,-2955.6,
2026-09-09T13:57,,,,,0.00,-957.6,-2955.6,
2026-09-09T13:58,,,,,0.00,-957.6,-2955.6,
2026-09-09T13:59,,,,,0.00,-957.6,-2955.6,
2026-09-09T14:00,,,,,0.20,-957.4,-2955.4,16.40
2026-09-09T14:01,,,,,0.20,-957.2,-2955.2,
2026-09-09T14:02,,,,,0.40,-956.8,-2954.8,
2026-09-09T14:03,,,,,0.20,-956.6,-2954.6,
2026-09-09T14:04,,,,,0.20,-956.4,-2954.4,
2026-09-09T14:05,,,,,0.20,-956.2,-2954.2,
2026-09-09T14:06,,,,,0.00,-956.2,-2954.2,
2026-09-09T14:07,,,,,0.20,-956.0,-2954.0,
2026-09-09T14:08,,,,,0.00,-956.0,-2954.0,
2026-09-09T14:09,,,,,0.00,-956.0,-2954.0,
2026-09-09T14:10,,,,,0.00,-956.0,-2954.0,16.30
2026-09-09T14:11,,,,,0.00,-956.0,-2954.0,
2026-09-09T14:12,,,,,0.00,-956.0,-2954.0,
2026-09-09T14:13,,,,,0.00,-956.0,-2954.0,
2026-09-09T14:14,,,,,0.00,-956.0,-2954.0,
2026-09-09T14:15,,,,,0.00,-956.0,-2954.0,
2026-09-09T14:16,,,,,0.00,-956.0,-2954.0,
2026-09-09T14:17,,,,,0.00,-956.0,-2954.0,
2026-09-09T14:18,,,,,0.00,-956.0,-2954.0,
2026-09-09T14:19,,,,,0.00,-956.0,-2954.0,
2026-09-09T14:20,,,,,0.00,-956.0,-2954.0,16.10
2026-09-09T14:21,,,,,0.20,-955.8,-2953.8,
2026-09-09T14:22,,,,,0.00,-955.8,-2953.8,
2026-09-09T14:23,,,,,0.00,-955.8,-2953.8,
2026-09-09T14:24,,,,,0.00,-955.8,-2953.8,
2026-09-09T14:25,,,,,0.00,-955.8,-2953.8,
2026-09-09T14:26,,,,,0.00,-955.8,-2953.8,
2026-09-09T14:27,,,,,0.00,-955.8,-2953.8,
2026-09-09T14:28,,,,,0.00,-955.8,-2953.8,
2026-09-09T14:29,,,,,0.00,-955.8,-2953.8,
2026-09-09T14:30,,,,,0.00,-955.8,-2953.8,15.90
2026-09-09T14:31,,,,,0.20,-955.6,-2953.6,
2026-09-09T14:32,,,,,0.40,-955.2,-2953.2,
2026-09-09T14:33,,,,,0.60,-954.6,-2952.6,
2026-09-09T14:34,,,,,0.40,-954.2,-2952.2,
2026-09-09T14:35,,,,,0.40,-953.8,-2951.8,
2026-09-09T14:36,,,,,0.00,-953.8,-2951.8,
2026-09-09T14:37,,,,,0.20,-953.6,-2951.6,
2026-09-09T14:38,,,,,0.00,-953.6,-2951.6,
2026-09-09T14:39,,,,,0.20,-953.4,-2951.4,
2026-09-09T14:40,,,,,0.00,-953.4,-2951.4,15.80
2026-09-09T14:41,,,,,0.40,-953.0,-2951.0,
2026-09-09T14:42,,,,,0.40,-952.6,-2950.6,
2026-09-09T14:43,,,,,0.80,-951.8,-2949.8,
2026-09-09T14:44,,,,,0.40,-951.4,-2949.4,
2026-09-09T14:45,,,,,0.60,-950.8,-2948.8,
2026-09-09T14:46,,,,,0.20,-950.6,-2948.6,
2026-09-09T14:47,,,,,0.20,-950.4,-2948.4,
2026-09-09T14:48,,,,,0.40,-950.0,-2948.0,
2026-09-09T14:49,,,,,0.20,-949.8,-2947.8,
2026-09-09T14:50,,,,,0.40,-949.6,-2947.4,15.70
2026-09-09T14:51,,,,,0.60,-949.0,-2946.8,
2026-09-09T14:52,,,,,0.60,-948.4,-2946.2,
2026-09-09T14:53,,,,,0.40,-948.0,-2945.8,
2026-09-09T14:54,,,,,0.40,-947.6,-2945.4,
2026-09-09T14:55,,,,,0.20,-947.4,-2945.2,
2026-09-09T14:56,,,,,0.20,-947.2,-2945.0,
2026-09-09T14:57,,,,,0.20,-947.0,-2944.8,
2026-09-09T14:58,,,,,0.20,-947.0,-2944.6,
2026-09-09T14:59,,,,,0.20,-947.0,-2944.4,
2026-09-09T15:00,,,,,0.20,-947.0,-2944.2,15.30
2026-09-09T15:01,,,,,0.20,-947.0,-2944.0,
2026-09-09T15:02,,,,,0.20,-947.0,-2943.8,
2026-09-09T15:03,,,,,0.00,-947.0,-2943.8,
2026-09-09T15:04,,,,,0.20,-947.0,-2943.6,
2026-09-09T15:05,,,,,0.00,-947.0,-2943.6,
2026-09-09T15:06,,,,,0.20,-946.8,-2943.4,
2026-09-09T15:07,,,,,0.00,-946.8,-2943.4,
2026-09-09T15:08,,,,,0.20,-946.6,-2943.2,
2026-09-09T15:09,,,,,0.00,-946.6,-2943.2,
2026-09-09T15:10,,,,,0.00,-946.6,-2943.2,14.70
2026-09-09T15:11,,,,,0.20,-946.4,-2943.0,
2026-09-09T15:12,,,,,0.00,-946.4,-2943.0,
2026-09-09T15:13,,,,,0.20,-946.2,-2942.8,
2026-09-09T15:14,,,,,0.20,-946.0,-2942.6,
2026-09-09T15:15,,,,,0.40,-945.6,-2942.2,
2026-09-09T15:16,,,,,0.60,-945.0,-2941.6,
2026-09-09T15:17,,,,,0.40,-944.6,-2941.2,
2026-09-09T15:18,,,,,0.60,-944.0,-2940.6,
2026-09-09T15:19,,,,,0.20,-943.8,-2940.4,
2026-09-09T15:20,,,,,0.40,-943.4,-2940.0,14.40
2026-09-09T15:21,,,,,0.40,-943.0,-2939.6,
2026-09-09T15:22,,,,,0.00,-943.0,-2939.6,
2026-09-09T15:23,,,,,0.20,-942.8,-2939.4,
2026-09-09T15:24,,,,,0.00,-942.8,-2939.4,
2026-09-09T15:25,,,,,0.20,-942.6,-2939.2,
2026-09-09T15:26,,,,,0.00,-942.6,-2939.2,
2026-09-09T15:27,,,,,0.00,-942.6,-2939.2,
2026-09-09T15:28,,,,,0.00,-942.6,-2939.2,
2026-09-09T15:29,,,,,0.20,-942.4,-2939.0,
2026-09-09T15:30,,,,,0.20,-942.2,-2938.8,14.40
2026-09-09T15:31,,,,,0.20,-942.0,-2938.6,
2026-09-09T15:32,,,,,0.00,-942.0,-2938.6,
2026-09-09T15:33,,,,,0.20,-941.8,-2938.4,
2026-09-09T15:34,,,,,0.00,-941.8,-2938.4,
2026-09-09T15:35,,,,,0.20,-941.6,-2938.2,
2026-09-09T15:36,,,,,0.00,-941.6,-2938.2,
2026-09-09T15:37,,,,,0.20,-941.4,-2938.0,
2026-09-09T15:38,,,,,0.20,-941.2,-2937.8,
2026-09-09T15:39,,,,,0.00,-941.2,-2937.8,
2026-09-09T15:40,,,,,0.20,-941.0,-2937.6,14.30
2026-09-09T15:41,,,,,0.20,-940.8,-2937.4,
2026-09-09T15:42,,,,,0.20,-940.6,-2937.2,
2026-09-09T15:43,,,,,0.20,-940.4,-2937.0,
2026-09-09T15:44,,,,,0.20,-940.2,-2936.8,
2026-09-09T15:45,,,,,0.00,-940.2,-2936.8,
2026-09-09T15:46,,,,,0.20,-940.0,-2936.6,
2026-09-09T15:47,,,,,0.20,-939.8,-2936.4,
2026-09-09T15:48,,,,,0.00,-939.8,-2936.4,
2026-09-09T15:49,,,,,0.20,-939.6,-2936.2,
2026-09-09T15:50,,,,,0.20,-939.4,-2936.0,14.30
2026-09-09T15:51,,,,,0.00,-939.4,-2936.0,
2026-09-09T15:52,,,,,0.00,-939.4,-2936.0,
2026-09-09T15:53,,,,,0.00,-939.4,-2936.0,
2026-09-09T15:54,,,,,0.20,-939.2,-2935.8,
2026-09-09T15:55,,,,,0.00,-939.2,-2935.8,
2026-09-09T15:56,,,,,0.00,-939.2,-2935.8,
2026-09-09T15:57,,,,,0.00,-939.2,-2935.8,
2026-09-09T15:58,,,,,0.00,-939.2,-2935.8,
2026-09-09T15:59,,,,,0.20,-939.0,-2935.6,
2026-09-09T16:00,,,,,0.00,-939.0,-2935.6,14.60
2026-09-09T16:01,,,,,0.00,-939.0,-2935.6,
2026-09-09T16:02,,,,,0.00,-939.0,-2935.6,
2026-09-09T16:03,,,,,0.00,-939.0,-2935.6,
2026-09-09T16:04,,,,,0.00,-939.0,-2935.6,
2026-09-09T16:05,,,,,0.00,-939.0,-2935.6,
2026-09-09T16:06,,,,,0.00,-939.0,-2935.6,
2026-09-09T16:07,,,,,0.00,-939.0,-2935.6,
2026-09-09T16:08,,,,,0.00,-939.0,-2935.6,
2026-09-09T16:09,,,,,0.00,-939.0,-2935.6,
2026-09-09T16:10,,,,,0.00,-939.0,-2935.6,14.90
2026-09-09T16:11,,,,,0.00,-939.0,-2935.6,
2026-09-09T16:12,,,,,0.00,-939.0,-2935.6,
2026-09-09T16:13,,,,,0.00,-939.0,-2935.6,
2026-09-09T16:14,,,,,0.00,-939.0,-2935.6,
2026-09-09T16:15,,,,,0.00,-939.0,-2935.6,
2026-09-09T16:16,,,,,0.00,-939.0,-2935.6,
2026-09-09T16:17,,,,,0.00,-939.0,-2935.6,
2026-09-09T16:18,,,,,0.00,-939.0,-2935.6,
2026-09-09T16:19,,,,,0.00,-939.0,-2935.6,
2026-09-09T16:20,,,,,0.00,-939.0,-2935.6,15.30
2026-09-09T16:21,,,,,0.00,-939.0,-2935.6,
2026-09-09T16:22,,,,,0.00,-939.0,-2935.6,
2026-09-09T16:23,,,,,0.00,-939.0,-2935.6,
2026-09-09T16:24,,,,,0.00,-939.0,-2935.6,
2026-09-09T16:25,,,,,0.00,-939.0,-2935.6,
2026-09-09T16:26,,,,,0.00,-939.0,-2935.6,
2026-09-09T16:27,,,,,0.00,-939.0,-2935.6,
2026-09-09T16:28,,,,,0.00,-939.0,-2935.6,
2026-09-09T16:29,,,,,0.00,-939.0,-2935.6,
2026-09-09T16:30,,,,,0.00,-939.0,-2935.6,15.80
2026-09-09T16:31,,,,,0.00,-939.0,-2935.6,
2026-09-09T16:32,,,,,0.00,-939.0,-2935.6,
2026-09-09T16:33,,,,,0.00,-939.0,-2935.6,
2026-09-09T16:34,,,,,0.00,-939.0,-2935.6,
2026-09-09T16:35,,,,,0.00,-939.0,-2935.6,
2026-09-09T16:36,,,,,0.00,-939.0,-2935.6,
2026-09-09T16:37,,,,,0.00,-939.0,-2935.6,
2026-09-09T16:38,,,,,0.00,-939.0,-2935.6,
2026-09-09T16:39,,,,,0.00,-939.0,-2935.6,
2026-09-09T16:40,,,,,0.00,-939.0,-2935.6,16.10
2026-09-09T16:41,,,,,0.00,-939.0,-2935.6,
2026-09-09T16:42,,,,,0.00,-939.0,-2935.6,
2026-09-09T16:43,,,,,0.00,-939.0,-2935.6,
2026-09-09T16:44,,,,,0.00,-939.0,-2935.6,
2026-09-09T16:45,,,,,0.00,-939.0,-2935.6,
2026-09-09T16:46,,,,,0.00,-939.0,-2935.6,
2026-09-09T16:47,,,,,0.00,-939.0,-2935.6,
2026-09-09T16:48,,,,,0.00,-939.0,-2935.6,
2026-09-09T16:49,,,,,0.00,-939.0,-2935.6,
2026-09-09T16:50,,,,,0.00,-939.0,-2935.6,15.90
2026-09-09T16:51,,,,,0.00,-939.0,-2935.6,
2026-09-09T16:52,,,,,0.00,-939.0,-2935.6,
2026-09-09T16:53,,,,,0.00,-939.0,-2935.6,
2026-09-09T16:54,,,,,0.00,-939.0,-2935.6,
2026-09-09T16:55,,,,,0.00,-939.0,-2935.6,
2026-09-09T16:56,,,,,0.00,-939.0,-2935.6,
2026-09-09T16:57,,,,,0.00,-939.0,-2935.6,
2026-09-09T16:58,,,,,0.00,-939.0,-2935.6,
2026-09-09T16:59,,,,,0.00,-939.0,-2935.6,
2026-09-09T17:00,,,,,0.00,-939.0,-2935.6,15.80
2026-09-09T17:01,,,,,0.00,-939.0,-2935.6,
2026-09-09T17:02,,,,,0.00,-939.0,-2935.6,
2026-09-09T17:03,,,,,0.00,-939.0,-2935.6,
2026-09-09T17:04,,,,,0.00,-939.0,-2935.6,
2026-09-09T17:05,,,,,0.00,-939.0,-2935.6,
2026-09-09T17:06,,,,,0.00,-939.0,-2935.6,
2026-09-09T17:07,,,,,0.00,-939.0,-2935.6,
2026-09-09T17:08,,,,,0.00,-939.0,-2935.6,
2026-09-09T17:09,,,,,0.00,-939.0,-2935.6,
2026-09-09T17:10,,,,,0.00,-939.0,-2935.6,15.60
2026-09-09T17:11,,,,,0.00,-939.0,-2935.6,
2026-09-09T17:12,,,,,0.00,-939.0,-2935.6,
2026-09-09T17:13,,,,,0.00,-939.0,-2935.6,
2026-09-09T17:14,,,,,0.00,-939.2,-2935.6,
2026-09-09T17:15,,,,,0.00,-939.2,-2935.6,
2026-09-09T17:16,,,,,0.00,-939.2,-2935.6,
2026-09-09T17:17,,,,,0.00,-939.2,-2935.6,
2026-09-09T17:18,,,,,0.00,-939.2,-2935.6,
2026-09-09T17:19,,,,,0.00,-939.2,-2935.6,
2026-09-09T17:20,,,,,0.00,-939.2,-2935.6,15.60
2026-09-09T17:21,,,,,0.00,-939.2,-2935.6,
2026-09-09T17:22,,,,,0.00,-939.2,-2935.6,
2026-09-09T17:23,,,,,0.00,-939.2,-2935.6,
2026-09-09T17:24,,,,,0.00,-939.2,-2935.6,
2026-09-09T17:25,,,,,0.00,-939.2,-2935.6,
2026-09-09T17:26,,,,,0.00,-939.2,-2935.6,
2026-09-09T17:27,,,,,0.00,-939.2,-2935.6,
2026-09-09T17:28,,,,,0.00,-939.2,-2935.6,
2026-09-09T17:29,,,,,0.00,-939.2,-2935.6,
2026-09-09T17:30,,,,,0.00,-939.2,-2935.6,15.90
2026-09-09T17:31,,,,,0.00,-939.2,-2935.6,
2026-09-09T17:32,,,,,0.00,-939.2,-2935.6,
2026-09-09T17:33,,,,,0.00,-939.2,-2935.6,
2026-09-09T17:34,,,,,0.00,-939.2,-2935.6,
2026-09-09T17:35,,,,,0.00,-939.2,-2935.6,
2026-09-09T17:36,,,,,0.00,-939.2,-2935.6,
2026-09-09T17:37,,,,,0.00,-939.2,-2935.6,
2026-09-09T17:38,,,,,0.00,-939.2,-2935.6,
2026-09-09T17:39,,,,,0.00,-939.2,-2935.6,
2026-09-09T17:40,,,,,0.00,-939.2,-2935.6,15.90
2026-09-09T17:41,,,,,0.00,-939.2,-2935.6,
2026-09-09T17:42,,,,,0.00,-939.2,-2935.6,
2026-09-09T17:43,,,,,0.00,-939.2,-2935.6,
2026-09-09T17:44,,,,,0.00,-939.2,-2935.6,
2026-09-09T17:45,,,,,0.00,-939.2,-2935.6,
2026-09-09T17:46,,,,,0.00,-939.2,-2935.6,
2026-09-09T17:47,,,,,0.00,-939.2,-2935.6,
2026-09-09T17:48,,,,,0.00,-939.2,-2935.6,
2026-09-09T17:49,,,,,0.00,-939.2,-2935.6,
2026-09-09T17:50,,,,,0.00,-939.2,-2935.6,15.60
2026-09-09T17:51,,,,,0.00,-939.2,-2935.6,
2026-09-09T17:52,,,,,0.00,-939.2,-2935.6,
2026-09-09T17:53,,,,,0.00,-939.2,-2935.6,
2026-09-09T17:54,,,,,0.00,-939.2,-2935.6,
2026-09-09T17:55,,,,,0.00,-939.2,-2935.6,
2026-09-09T17:56,,,,,0.00,-939.2,-2935.6,
2026-09-09T17:57,,,,,0.00,-939.2,-2935.6,
2026-09-09T17:58,,,,,0.00,-939.2,-2935.6,
2026-09-09T17:59,,,,,0.00,-939.2,-2935.6,
2026-09-09T18:00,,,,,0.00,-939.2,-2935.6,15.30
2026-09-09T18:01,,,,,0.00,-939.2,-2935.6,
2026-09-09T18:02,,,,,0.00,-939.2,-2935.6,
2026-09-09T18:03,,,,,0.00,-939.2,-2935.6,
2026-09-09T18:04,,,,,0.00,-939.2,-2935.6,
2026-09-09T18:05,,,,,0.00,-939.2,-2935.6,
2026-09-09T18:06,,,,,0.00,-939.2,-2935.6,
2026-09-09T18:07,,,,,0.00,-939.2,-2935.6,
2026-09-09T18:08,,,,,0.00,-939.2,-2935.6,
2026-09-09T18:09,,,,,0.00,-939.2,-2935.6,
2026-09-09T18:10,,,,,0.00,-939.2,-2935.6,15.10
2026-09-09T18:11,,,,,0.00,-939.2,-2935.6,
2026-09-09T18:12,,,,,0.00,-939.2,-2935.6,
2026-09-09T18:13,,,,,0.00,-939.2,-2935.6,
2026-09-09T18:14,,,,,0.00,-939.2,-2935.6,
2026-09-09T18:15,,,,,0.00,-939.2,-2935.6,
2026-09-09T18:16,,,,,0.00,-939.2,-2935.6,
2026-09-09T18:17,,,,,0.00,-939.4,-2935.6,
2026-09-09T18:18,,,,,0.00,-939.4,-2935.6,
2026-09-09T18:19,,,,,0.00,-939.4,-2935.6,
2026-09-09T18:20,,,,,0.00,-939.6,-2935.6,14.80
2026-09-09T18:21,,,,,0.00,-939.6,-2935.6,
2026-09-09T18:22,,,,,0.00,-940.0,-2935.6,
2026-09-09T18:23,,,,,0.00,-940.4,-2935.6,
2026-09-09T18:24,,,,,0.00,-940.8,-2935.6,
2026-09-09T18:25,,,,,0.00,-941.6,-2935.6,
2026-09-09T18:26,,,,,0.00,-942.0,-2935.6,
2026-09-09T18:27,,,,,0.00,-942.4,-2935.6,
2026-09-09T18:28,,,,,0.00,-942.6,-2935.6,
2026-09-09T18:29,,,,,0.00,-943.0,-2935.6,
2026-09-09T18:30,,,,,0.00,-943.4,-2935.6,14.70
2026-09-09T18:31,,,,,0.00,-943.6,-2935.6,
2026-09-09T18:32,,,,,0.00,-944.2,-2935.6,
2026-09-09T18:33,,,,,0.20,-944.6,-2935.4,
2026-09-09T18:34,,,,,0.00,-944.8,-2935.4,
2026-09-09T18:35,,,,,0.00,-945.0,-2935.4,
2026-09-09T18:36,,,,,0.00,-945.0,-2935.4,
2026-09-09T18:37,,,,,0.00,-945.0,-2935.4,
2026-09-09T18:38,,,,,0.00,-945.2,-2935.4,
2026-09-09T18:39,,,,,0.00,-945.2,-2935.4,
2026-09-09T18:40,,,,,0.00,-945.4,-2935.4,14.30
2026-09-09T18:41,,,,,0.00,-945.4,-2935.4,
2026-09-09T18:42,,,,,0.00,-945.4,-2935.4,
2026-09-09T18:43,,,,,0.00,-945.4,-2935.4,
2026-09-09T18:44,,,,,0.20,-945.2,-2935.2,
2026-09-09T18:45,,,,,0.00,-945.2,-2935.2,
2026-09-09T18:46,,,,,0.00,-945.2,-2935.2,
2026-09-09T18:47,,,,,0.00,-945.2,-2935.2,
2026-09-09T18:48,,,,,0.00,-945.2,-2935.2,
2026-09-09T18:49,,,,,0.00,-945.2,-2935.2,
2026-09-09T18:50,,,,,0.00,-945.2,-2935.2,14.40
2026-09-09T18:51,,,,,0.00,-945.2,-2935.2,
2026-09-09T18:52,,,,,0.00,-945.2,-2935.2,
2026-09-09T18:53,,,,,0.00,-945.2,-2935.2,
2026-09-09T18:54,,,,,0.00,-945.2,-2935.2,
2026-09-09T18:55,,,,,0.00,-945.2,-2935.2,
2026-09-09T18:56,,,,,0.00,-945.2,-2935.2,
2026-09-09T18:57,,,,,0.20,-945.0,-2935.0,
2026-09-09T18:58,,,,,0.00,-945.0,-2935.0,
2026-09-09T18:59,,,,,0.00,-945.0,-2935.0,
2026-09-09T19:00,,,,,0.00,-945.0,-2935.0,14.30
2026-09-09T19:01,,,,,0.00,-945.0,-2935.0,
2026-09-09T19:02,,,,,0.00,-945.0,-2935.0,
2026-09-09T19:03,,,,,0.00,-945.0,-2935.0,
2026-09-09T19:04,,,,,0.00,-945.0,-2935.0,
2026-09-09T19:05,,,,,0.20,-944.8,-2934.8,
2026-09-09T19:06,,,,,0.00,-944.8,-2934.8,
2026-09-09T19:07,,,,,0.20,-944.6,-2934.6,
2026-09-09T19:08,,,,,0.00,-944.6,-2934.6,
2026-09-09T19:09,,,,,0.20,-944.4,-2934.4,
2026-09-09T19:10,,,,,0.20,-944.2,-2934.2,14.00
2026-09-09T19:11,,,,,0.20,-944.0,-2934.0,
2026-09-09T19:12,,,,,0.20,-943.8,-2933.8,
2026-09-09T19:13,,,,,0.00,-943.8,-2933.8,
2026-09-09T19:14,,,,,0.00,-943.8,-2933.8,
2026-09-09T19:15,,,,,0.00,-943.8,-2933.8,
2026-09-09T19:16,,,,,0.00,-943.8,-2933.8,
2026-09-09T19:17,,,,,0.00,-943.8,-2933.8,
2026-09-09T19:18,,,,,0.00,-943.8,-2933.8,
2026-09-09T19:19,,,,,0.20,-943.8,-2933.6,
2026-09-09T19:20,,,,,0.00,-943.8,-2933.6,13.80
2026-09-09T19:21,,,,,0.00,-943.8,-2933.6,
2026-09-09T19:22,,,,,0.00,-943.8,-2933.6,
2026-09-09T19:23,,,,,0.00,-943.8,-2933.6,
2026-09-09T19:24,,,,,0.00,-944.0,-2933.6,
2026-09-09T19:25,,,,,0.00,-944.0,-2933.6,
2026-09-09T19:26,,,,,0.20,-943.8,-2933.4,
2026-09-09T19:27,,,,,0.00,-943.8,-2933.4,
2026-09-09T19:28,,,,,0.00,-944.0,-2933.4,
2026-09-09T19:29,,,,,0.00,-944.0,-2933.4,
2026-09-09T19:30,,,,,0.00,-944.2,-2933.4,13.80
2026-09-09T19:31,,,,,0.00,-944.2,-2933.4,
2026-09-09T19:32,,,,,0.00,-944.2,-2933.4,
2026-09-09T19:33,,,,,0.00,-944.2,-2933.4,
2026-09-09T19:34,,,,,0.00,-944.2,-2933.4,
2026-09-09T19:35,,,,,0.20,-944.0,-2933.2,
2026-09-09T19:36,,,,,0.00,-944.0,-2933.2,
2026-09-09T19:37,,,,,0.00,-944.0,-2933.2,
2026-09-09T19:38,,,,,0.00,-944.0,-2933.2,
2026-09-09T19:39,,,,,0.00,-944.0,-2933.2,
2026-09-09T19:40,,,,,0.00,-944.0,-2933.2,13.80
2026-09-09T19:41,,,,,0.00,-944.0,-2933.2,
2026-09-09T19:42,,,,,0.20,-943.8,-2933.0,
2026-09-09T19:43,,,,,0.00,-943.8,-2933.0,
2026-09-09T19:44,,,,,0.00,-943.8,-2933.0,
2026-09-09T19:45,,,,,0.00,-943.8,-2933.0,
2026-09-09T19:46,,,,,0.20,-943.6,-2932.8,
2026-09-09T19:47,,,,,0.00,-943.6,-2932.8,
2026-09-09T19:48,,,,,0.00,-943.6,-2932.8,
2026-09-09T19:49,,,,,0.00,-943.6,-2932.8,
2026-09-09T19:50,,,,,0.00,-943.6,-2932.8,13.80
2026-09-09T19:51,,,,,0.20,-943.6,-2932.6,
2026-09-09T19:52,,,,,0.00,-943.6,-2932.6,
2026-09-09T19:53,,,,,0.00,-943.6,-2932.6,
2026-09-09T19:54,,,,,0.00,-943.6,-2932.6,
2026-09-09T19:55,,,,,0.20,-943.4,-2932.4,
2026-09-09T19:56,,,,,0.00,-943.4,-2932.4,
2026-09-09T19:57,,,,,0.00,-943.4,-2932.4,
2026-09-09T19:58,,,,,0.20,-943.2,-2932.2,
2026-09-09T19:59,,,,,0.00,-943.2,-2932.2,
2026-09-09T20:00,,,,,0.00,-943.2,-1933.2,13.80
2026-09-09T20:01,,,,,0.00,-943.2,-1933.2,
2026-09-09T20:02,,,,,0.00,-943.2,-1933.2,
2026-09-09T20:03,,,,,0.00,-943.2,-1933.2,
2026-09-09T20:04,,,,,0.00,-943.2,-1933.2,
2026-09-09T20:05,,,,,0.00,-943.2,-1933.2,
2026-09-09T20:06,,,,,0.00,-943.2,-1933.2,
2026-09-09T20:07,,,,,0.00,-943.2,-1933.2,
2026-09-09T20:08,,,,,0.00,-943.2,-1933.2,
2026-09-09T20:09,,,,,0.00,-943.2,-1933.2,
2026-09-09T20:10,,,,,0.00,-943.2,-1933.2,13.80
2026-09-09T20:11,,,,,0.20,-943.0,-1933.0,
2026-09-09T20:12,,,,,0.00,-943.0,-1933.0,
2026-09-09T20:13,,,,,0.00,-943.0,-1933.0,
2026-09-09T20:14,,,,,0.00,-943.0,-1933.0,
2026-09-09T20:15,,,,,0.00,-943.0,-1933.0,
2026-09-09T20:16,,,,,0.00,-943.0,-1933.0,
2026-09-09T20:17,,,,,0.00,-943.0,-1933.0,
2026-09-09T20:18,,,,,0.00,-943.0,-1933.0,
2026-09-09T20:19,,,,,0.00,-943.0,-1933.0,
2026-09-09T20:20,,,,,0.00,-943.0,-1933.0,13.80
2026-09-09T20:21,,,,,0.00,-943.0,-1933.0,
2026-09-09T20:22,,,,,0.00,-943.0,-1933.0,
2026-09-09T20:23,,,,,0.00,-943.0,-1933.0,
2026-09-09T20:24,,,,,0.00,-943.0,-1933.0,
2026-09-09T20:25,,,,,0.20,-942.8,-1932.8,
2026-09-09T20:26,,,,,0.00,-942.8,-1932.8,
2026-09-09T20:27,,,,,0.00,-942.8,-1932.8,
2026-09-09T20:28,,,,,0.00,-942.8,-1932.8,
2026-09-09T20:29,,,,,0.00,-942.8,-1932.8,
2026-09-09T20:30,,,,,0.00,-942.8,-1932.8,13.70
2026-09-09T20:31,,,,,0.00,-942.8,-1932.8,
2026-09-09T20:32,,,,,0.00,-942.8,-1932.8,
2026-09-09T20:33,,,,,0.20,-942.6,-1932.6,
2026-09-09T20:34,,,,,0.00,-942.6,-1932.6,
2026-09-09T20:35,,,,,0.00,-942.6,-1932.6,
2026-09-09T20:36,,,,,0.00,-942.6,-1932.6,
2026-09-09T20:37,,,,,0.00,-942.6,-1932.6,
2026-09-09T20:38,,,,,0.00,-942.6,-1932.6,
2026-09-09T20:39,,,,,0.00,-942.6,-1932.6,
2026-09-09T20:40,,,,,0.00,-942.6,-1932.6,13.70
2026-09-09T20:41,,,,,0.00,-942.6,-1932.6,
2026-09-09T20:42,,,,,0.20,-942.4,-1932.4,
2026-09-09T20:43,,,,,0.00,-942.4,-1932.4,
2026-09-09T20:44,,,,,0.00,-942.4,-1932.4,
2026-09-09T20:45,,,,,0.00,-942.4,-1932.4,
2026-09-09T20:46,,,,,0.00,-942.4,-1932.4,
2026-09-09T20:47,,,,,0.00,-942.4,-1932.4,
2026-09-09T20:48,,,,,0.00,-942.4,-1932.4,
2026-09-09T20:49,,,,,0.00,-942.4,-1932.4,
2026-09-09T20:50,,,,,0.00,-942.4,-1932.4,13.70
2026-09-09T20:51,,,,,0.00,-942.4,-1932.4,
2026-09-09T20:52,,,,,0.00,-942.4,-1932.4,
2026-09-09T20:53,,,,,0.00,-942.4,-1932.4,
2026-09-09T20:54,,,,,0.00,-942.4,-1932.4,
2026-09-09T20:55,,,,,0.00,-942.4,-1932.4,
2026-09-09T20:56,,,,,0.00,-942.4,-1932.4,
2026-09-09T20:57,,,,,0.20,-942.2,-1932.2,
2026-09-09T20:58,,,,,0.00,-942.2,-1932.2,
2026-09-09T20:59,,,,,0.00,-942.2,-1932.2,
2026-09-09T21:00,,,,,0.20,-942.0,-1932.0,14.00
2026-09-09T21:01,,,,,0.00,-942.0,-1932.0,
2026-09-09T21:02,,,,,0.00,-942.0,-1932.0,
2026-09-09T21:03,,,,,0.20,-941.8,-1931.8,
2026-09-09T21:04,,,,,0.00,-941.8,-1931.8,
2026-09-09T21:05,,,,,0.00,-941.8,-1931.8,
2026-09-09T21:06,,,,,0.20,-941.6,-1931.6,
2026-09-09T21:07,,,,,0.00,-941.6,-1931.6,
2026-09-09T21:08,,,,,0.00,-941.6,-1931.6,
2026-09-09T21:09,,,,,0.00,-941.6,-1931.6,
2026-09-09T21:10,,,,,0.20,-941.4,-1931.4,13.90
2026-09-09T21:11,,,,,0.00,-941.4,-1931.4,
2026-09-09T21:12,,,,,0.00,-941.4,-1931.4,
2026-09-09T21:13,,,,,0.20,-941.2,-1931.2,
2026-09-09T21:14,,,,,0.00,-941.2,-1931.2,
2026-09-09T21:15,,,,,0.20,-941.0,-1931.0,
2026-09-09T21:16,,,,,0.20,-940.8,-1930.8,
2026-09-09T21:17,,,,,0.20,-940.6,-1930.6,
2026-09-09T21:18,,,,,0.20,-940.4,-1930.4,
2026-09-09T21:19,,,,,0.20,-940.2,-1930.2,
2026-09-09T21:20,,,,,0.00,-940.2,-1930.2,13.70
2026-09-09T21:21,,,,,0.20,-940.0,-1930.0,
2026-09-09T21:22,,,,,0.20,-939.8,-1929.8,
2026-09-09T21:23,,,,,0.20,-939.6,-1929.6,
2026-09-09T21:24,,,,,0.00,-939.6,-1929.6,
2026-09-09T21:25,,,,,0.20,-939.4,-1929.4,
2026-09-09T21:26,,,,,0.20,-939.2,-1929.2,
2026-09-09T21:27,,,,,0.20,-939.0,-1929.0,
2026-09-09T21:28,,,,,0.20,-938.8,-1928.8,
2026-09-09T21:29,,,,,0.20,-938.6,-1928.6,
2026-09-09T21:30,,,,,0.20,-938.4,-1928.4,13.70
2026-09-09T21:31,,,,,0.00,-938.4,-1928.4,
2026-09-09T21:32,,,,,0.00,-938.4,-1928.4,
2026-09-09T21:33,,,,,0.20,-938.2,-1928.2,
2026-09-09T21:34,,,,,0.00,-938.2,-1928.2,
2026-09-09T21:35,,,,,0.00,-938.2,-1928.2,
2026-09-09T21:36,,,,,0.00,-938.2,-1928.2,
2026-09-09T21:37,,,,,0.20,-938.0,-1928.0,
2026-09-09T21:38,,,,,0.00,-938.0,-1928.0,
2026-09-09T21:39,,,,,0.00,-938.0,-1928.0,
2026-09-09T21:40,,,,,0.00,-938.0,-1928.0,13.70
2026-09-09T21:41,,,,,0.00,-938.0,-1928.0,
2026-09-09T21:42,,,,,0.00,-938.0,-1928.0,
2026-09-09T21:43,,,,,0.00,-938.0,-1928.0,
2026-09-09T21:44,,,,,0.00,-938.0,-1928.0,
2026-09-09T21:45,,,,,0.00,-938.0,-1928.0,
2026-09-09T21:46,,,,,0.00,-938.0,-1928.0,
2026-09-09T21:47,,,,,0.00,-938.0,-1928.0,
2026-09-09T21:48,,,,,0.00,-938.0,-1928.0,
2026-09-09T21:49,,,,,0.00,-938.0,-1928.0,
2026-09-09T21:50,,,,,0.00,-938.0,-1928.0,13.70
2026-09-09T21:51,,,,,0.00,-938.0,-1928.0,
2026-09-09T21:52,,,,,0.20,-937.8,-1927.8,
2026-09-09T21:53,,,,,0.00,-937.8,-1927.8,
2026-09-09T21:54,,,,,0.00,-937.8,-1927.8,
2026-09-09T21:55,,,,,0.00,-937.8,-1927.8,
2026-09-09T21:56,,,,,0.00,-937.8,-1927.8,
2026-09-09T21:57,,,,,0.00,-937.8,-1927.8,
2026-09-09T21:58,,,,,0.00,-937.8,-1927.8,
2026-09-09T21:59,,,,,0.00,-937.8,-1927.8,
2026-09-09T22:00,,,,,0.00,-937.8,-1927.8,13.80
2026-09-09T22:01,,,,,0.00,-937.8,-1927.8,
2026-09-09T22:02,,,,,0.00,-937.8,-1927.8,
2026-09-09T22:03,,,,,0.00,-937.8,-1927.8,
2026-09-09T22:04,,,,,0.00,-937.8,-1927.8,
2026-09-09T22:05,,,,,0.00,-937.8,-1927.8,
2026-09-09T22:06,,,,,0.00,-937.8,-1927.8,
2026-09-09T22:07,,,,,0.00,-937.8,-1927.8,
2026-09-09T22:08,,,,,0.00,-937.8,-1927.8,
2026-09-09T22:09,,,,,0.00,-937.8,-1927.8,
2026-09-09T22:10,,,,,0.00,-937.8,-1927.8,13.80
2026-09-09T22:11,,,,,0.00,-937.8,-1927.8,
2026-09-09T22:12,,,,,0.00,-937.8,-1927.8,
2026-09-09T22:13,,,,,0.00,-937.8,-1927.8,
2026-09-09T22:14,,,,,0.00,-937.8,-1927.8,
2026-09-09T22:15,,,,,0.00,-937.8,-1927.8,
2026-09-09T22:16,,,,,0.00,-937.8,-1927.8,
2026-09-09T22:17,,,,,0.00,-937.8,-1927.8,
2026-09-09T22:18,,,,,0.00,-937.8,-1927.8,
2026-09-09T22:19,,,,,0.00,-937.8,-1927.8,
2026-09-09T22:20,,,,,0.00,-937.8,-1927.8,14.00
2026-09-09T22:21,,,,,0.00,-937.8,-1927.8,
2026-09-09T22:22,,,,,0.00,-937.8,-1927.8,
2026-09-09T22:23,,,,,0.20,-937.6,-1927.6,
2026-09-09T22:24,,,,,0.00,-937.6,-1927.6,
2026-09-09T22:25,,,,,0.00,-937.6,-1927.6,
2026-09-09T22:26,,,,,0.00,-937.6,-1927.6,
2026-09-09T22:27,,,,,0.00,-937.6,-1927.6,
2026-09-09T22:28,,,,,0.00,-937.6,-1927.6,
2026-09-09T22:29,,,,,0.00,-937.6,-1927.6,
2026-09-09T22:30,,,,,0.00,-937.6,-1927.6,13.50
2026-09-09T22:31,,,,,0.20,-937.4,-1927.4,
2026-09-09T22:32,,,,,0.00,-937.4,-1927.4,
2026-09-09T22:33,,,,,0.00,-937.4,-1927.4,
2026-09-09T22:34,,,,,0.00,-937.4,-1927.4,
2026-09-09T22:35,,,,,0.00,-937.4,-1927.4,
2026-09-09T22:36,,,,,0.00,-937.4,-1927.4,
2026-09-09T22:37,,,,,0.00,-937.4,-1927.4,
2026-09-09T22:38,,,,,0.00,-937.4,-1927.4,
2026-09-09T22:39,,,,,0.00,-937.4,-1927.4,
2026-09-09T22:40,,,,,0.00,-937.4,-1927.4,13.30
2026-09-09T22:41,,,,,0.00,-937.4,-1927.4,
2026-09-09T22:42,,,,,0.00,-937.4,-1927.4,
2026-09-09T22:43,,,,,0.00,-937.4,-1927.4,
2026-09-09T22:44,,,,,0.00,-937.4,-1927.4,
2026-09-09T22:45,,,,,0.00,-937.4,-1927.4,
2026-09-09T22:46,,,,,0.00,-937.4,-1927.4,
2026-09-09T22:47,,,,,0.00,-937.4,-1927.4,
2026-09-09T22:48,,,,,0.00,-937.4,-1927.4,
2026-09-09T22:49,,,,,0.00,-937.4,-1927.4,
2026-09-09T22:50,,,,,0.00,-937.4,-1927.4,13.20
2026-09-09T22:51,,,,,0.00,-937.4,-1927.4,
2026-09-09T22:52,,,,,0.00,-937.4,-1927.4,
2026-09-09T22:53,,,,,0.00,-937.4,-1927.4,
2026-09-09T22:54,,,,,0.00,-937.4,-1927.4,
2026-09-09T22:55,,,,,0.00,-937.4,-1927.4,
2026-09-09T22:56,,,,,0.00,-937.4,-1927.4,
2026-09-09T22:57,,,,,0.20,-937.2,-1927.2,
2026-09-09T22:58,,,,,0.00,-937.2,-1927.2,
2026-09-09T22:59,,,,,0.00,-937.2,-1927.2,
2026-09-09T23:00,,,,,0.00,-937.2,-1927.2,13.30
2026-09-09T23:01,,,,,0.00,-937.2,-1927.2,
2026-09-09T23:02,,,,,0.00,-937.2,-1927.2,
2026-09-09T23:03,,,,,0.00,-937.2,-1927.2,
2026-09-09T23:04,,,,,0.00,-937.2,-1927.2,
2026-09-09T23:05,,,,,0.00,-937.2,-1927.2,
2026-09-09T23:06,,,,,0.00,-937.2,-1927.2,
2026-09-09T23:07,,,,,0.00,-937.2,-1927.2,
2026-09-09T23:08,,,,,0.00,-937.2,-1927.2,
2026-09-09T23:09,,,,,0.00,-937.2,-1927.2,
2026-09-09T23:10,,,,,0.00,-937.2,-1927.2,13.10
2026-09-09T23:11,,,,,0.00,-937.2,-1927.2,
2026-09-09T23:12,,,,,0.00,-937.2,-1927.2,
2026-09-09T23:13,,,,,0.00,-937.2,-1927.2,
2026-09-09T23:14,,,,,0.00,-937.2,-1927.2,
2026-09-09T23:15,,,,,0.00,-937.2,-1927.2,
2026-09-09T23:16,,,,,0.00,-937.2,-1927.2,
2026-09-09T23:17,,,,,0.00,-937.2,-1927.2,
2026-09-09T23:18,,,,,0.00,-937.2,-1927.2,
2026-09-09T23:19,,,,,0.00,-937.2,-1927.2,
2026-09-09T23:20,,,,,0.00,-937.2,-1927.2,13.10
2026-09-09T23:21,,,,,0.00,-937.2,-1927.2,
2026-09-09T23:22,,,,,0.00,-937.2,-1927.2,
2026-09-09T23:23,,,,,0.00,-937.2,-1927.2,
2026-09-09T23:24,,,,,0.00,-937.2,-1927.2,
2026-09-09T23:25,,,,,0.00,-937.2,-1927.2,
2026-09-09T23:26,,,,,0.00,-937.2,-1927.2,
2026-09-09T23:27,,,,,0.00,-937.2,-1927.2,
2026-09-09T23:28,,,,,0.00,-937.2,-1927.2,
2026-09-09T23:29,,,,,0.00,-937.2,-1927.2,
2026-09-09T23:30,,,,,0.00,-937.2,-1927.2,13.10
2026-09-09T23:31,,,,,0.00,-937.2,-1927.2,
2026-09-09T23:32,,,,,0.00,-937.2,-1927.2,
2026-09-09T23:33,,,,,0.00,-937.2,-1927.2,
2026-09-09T23:34,,,,,0.00,-937.4,-1927.2,
2026-09-09T23:35,,,,,0.00,-937.4,-1927.2,
2026-09-09T23:36,,,,,0.00,-937.4,-1927.2,
2026-09-09T23:37,,,,,0.00,-937.4,-1927.2,
2026-09-09T23:38,,,,,0.00,-937.6,-1927.2,
2026-09-09T23:39,,,,,0.00,-937.8,-1927.2,
2026-09-09T23:40,,,,,0.00,-938.2,-1927.2,13.10
2026-09-09T23:41,,,,,0.00,-938.2,-1927.2,
2026-09-09T23:42,,,,,0.00,-938.4,-1927.2,
2026-09-09T23:43,,,,,0.00,-938.6,-1927.2,
2026-09-09T23:44,,,,,0.00,-938.8,-1927.2,
2026-09-09T23:45,,,,,0.00,-939.0,-1927.2,
2026-09-09T23:46,,,,,0.00,-939.2,-1927.2,
2026-09-09T23:47,,,,,0.00,-939.4,-1927.2,
2026-09-09T23:48,,,,,0.00,-939.6,-1927.2,
2026-09-09T23:49,,,,,0.00,-940.4,-1927.2,
2026-09-09T23:50,,,,,0.00,-941.4,-1927.2,13.00
2026-09-09T23:51,,,,,0.00,-941.6,-1927.2,
2026-09-09T23:52,,,,,0.00,-941.8,-1927.2,
2026-09-09T23:53,,,,,0.00,-941.8,-1927.2,
2026-09-09T23:54,,,,,0.00,-942.0,-1927.2,
2026-09-09T23:55,,,,,0.00,-942.2,-1927.2,
2026-09-09T23:56,,,,,0.00,-942.2,-1927.2,
2026-09-09T23:57,,,,,0.00,-942.4,-1927.2,
2026-09-09T23:58,,,,,0.00,-942.4,-1927.2,
2026-09-09T23:59,,,,,0.00,-942.4,-1927.2,
2026-09-10T00:00,,,,,0.00,-942.6,-1927.2,13.10
2026-09-10T00:01,,,,,0.00,-942.6,-1927.2,
2026-09-10T00:02,,,,,0.00,-942.6,-1927.2,
2026-09-10T00:03,,,,,0.00,-942.6,-1927.2,
2026-09-10T00:04,,,,,0.00,-942.8,-1927.2,
2026-09-10T00:05,,,,,0.00,-942.8,-1927.2,
2026-09-10T00:06,,,,,0.00,-942.8,-1927.2,
2026-09-10T00:07,,,,,0.00,-942.8,-1927.2,
2026-09-10T00:08,,,,,0.00,-942.8,-1927.2,
2026-09-10T00:09,,,,,0.00,-943.0,-1927.2,
2026-09-10T00:10,,,,,0.00,-943.0,-1927.2,13.10
2026-09-10T00:11,,,,,0.00,-943.0,-1927.2,
2026-09-10T00:12,,,,,0.00,-943.0,-1927.2,
2026-09-10T00:13,,,,,0.00,-943.0,-1927.2,
2026-09-10T00:14,,,,,0.00,-943.2,-1927.2,
2026-09-10T00:15,,,,,0.00,-943.2,-1927.2,
2026-09-10T00:16,,,,,0.00,-943.2,-1927.2,
2026-09-10T00:17,,,,,0.00,-943.4,-1927.2,
2026-09-10T00:18,,,,,0.00,-943.4,-1927.2,
2026-09-10T00:19,,,,,0.00,-943.6,-1927.2,
2026-09-10T00:20,,,,,0.00,-943.8,-1927.2,13.10
2026-09-10T00:21,,,,,0.20,-943.6,-1927.0,
2026-09-10T00:22,,,,,0.00,-943.8,-1927.0,
2026-09-10T00:23,,,,,0.00,-944.0,-1927.0,
2026-09-10T00:24,,,,,0.00,-944.2,-1927.0,
2026-09-10T00:25,,,,,0.00,-944.4,-1927.0,
2026-09-10T00:26,,,,,0.00,-944.6,-1927.0,
2026-09-10T00:27,,,,,0.20,-944.6,-1926.8,
2026-09-10T00:28,,,,,0.00,-944.8,-1926.8,
2026-09-10T00:29,,,,,0.00,-945.2,-1926.8,
2026-09-10T00:30,,,,,0.20,-945.0,-1926.6,12.80
2026-09-10T00:31,,,,,0.00,-945.2,-1926.6,
2026-09-10T00:32,,,,,0.00,-945.4,-1926.6,
2026-09-10T00:33,,,,,0.00,-945.6,-1926.6,
2026-09-10T00:34,,,,,0.00,-945.8,-1926.6,
2026-09-10T00:35,,,,,0.20,-945.8,-1926.4,
2026-09-10T00:36,,,,,0.00,-946.0,-1926.4,
2026-09-10T00:37,,,,,0.00,-946.4,-1926.4,
2026-09-10T00:38,,,,,0.00,-946.8,-1926.4,
2026-09-10T00:39,,,,,0.00,-946.8,-1926.4,
2026-09-10T00:40,,,,,0.00,-947.0,-1926.4,13.00
2026-09-10T00:41,,,,,0.00,-947.0,-1926.4,
2026-09-10T00:42,,,,,0.00,-947.0,-1926.4,
2026-09-10T00:43,,,,,0.00,-947.2,-1926.4,
2026-09-10T00:44,,,,,0.00,-947.4,-1926.4,
2026-09-10T00:45,,,,,0.00,-947.6,-1926.4,
2026-09-10T00:46,,,,,0.00,-948.0,-1926.4,
2026-09-10T00:47,,,,,0.00,-948.2,-1926.4,
2026-09-10T00:48,,,,,0.00,-948.4,-1926.4,
2026-09-10T00:49,,,,,0.20,-948.4,-1926.2,
2026-09-10T00:50,,,,,0.00,-948.4,-1926.2,13.10
2026-09-10T00:51,,,,,0.00,-948.6,-1926.2,
2026-09-10T00:52,,,,,0.00,-948.8,-1926.2,
2026-09-10T00:53,,,,,0.20,-948.8,-1926.0,
2026-09-10T00:54,,,,,0.00,-948.8,-1926.0,
2026-09-10T00:55,,,,,0.00,-949.0,-1926.0,
2026-09-10T00:56,,,,,0.00,-949.2,-1926.0,
2026-09-10T00:57,,,,,0.20,-949.0,-1925.8,
2026-09-10T00:58,,,,,0.00,-949.2,-1925.8,
2026-09-10T00:59,,,,,0.00,-949.2,-1925.8,
2026-09-10T01:00,,,,,0.20,-949.2,-1925.6,12.90
2026-09-10T01:01,,,,,0.20,-949.0,-1925.4,
2026-09-10T01:02,,,,,0.00,-949.0,-1925.4,
2026-09-10T01:03,,,,,0.20,-948.8,-1925.2,
2026-09-10T01:04,,,,,0.00,-949.0,-1925.2,
2026-09-10T01:05,,,,,0.00,-949.0,-1925.2,
2026-09-10T01:06,,,,,0.20,-948.8,-1925.0,
2026-09-10T01:07,,,,,0.20,-948.6,-1924.8,
2026-09-10T01:08,,,,,0.00,-948.6,-1924.8,
2026-09-10T01:09,,,,,0.00,-948.6,-1924.8,
2026-09-10T01:10,,,,,0.20,-948.4,-1924.6,12.80
2026-09-10T01:11,,,,,0.00,-948.4,-1924.6,
2026-09-10T01:12,,,,,0.20,-948.2,-1924.4,
2026-09-10T01:13,,,,,0.00,-948.2,-1924.4,
2026-09-10T01:14,,,,,0.00,-948.4,-1924.4,
2026-09-10T01:15,,,,,0.20,-948.2,-1924.2,
2026-09-10T01:16,,,,,0.00,-948.2,-1924.2,
2026-09-10T01:17,,,,,0.20,-948.2,-1924.0,
2026-09-10T01:18,,,,,0.20,-948.4,-1923.8,
2026-09-10T01:19,,,,,0.00,-948.8,-1923.8,
2026-09-10T01:20,,,,,0.20,-949.0,-1923.6,12.70
2026-09-10T01:21,,,,,0.00,-949.2,-1923.6,
2026-09-10T01:22,,,,,0.20,-949.2,-1923.4,
2026-09-10T01:23,,,,,0.00,-949.4,-1923.4,
2026-09-10T01:24,,,,,0.00,-949.6,-1923.4,
2026-09-10T01:25,,,,,0.20,-949.4,-1923.2,
2026-09-10T01:26,,,,,0.00,-949.4,-1923.2,
2026-09-10T01:27,,,,,0.00,-949.4,-1923.2,
2026-09-10T01:28,,,,,0.00,-949.4,-1923.2,
2026-09-10T01:29,,,,,0.20,-949.2,-1923.0,
2026-09-10T01:30,,,,,0.00,-949.2,-1923.0,12.80
2026-09-10T01:53,,,,,-999,-1948.6,-2922.0,
2026-09-10T01:54,,,,,0.00,-1948.6,-2922.0,
2026-09-10T01:55,,,,,0.00,-1948.8,-2922.0,
2026-09-10T01:56,,,,,0.20,-1948.6,-2921.8,
2026-09-10T01:57,,,,,0.00,-1948.8,-2921.8,
2026-09-10T01:58,,,,,0.00,-1949.0,-2921.8,
2026-09-10T01:59,,,,,0.00,-1949.2,-2921.8,
2026-09-10T02:00,,,,,0.20,-1949.4,-2921.6,12.70
2026-09-10T02:01,,,,,0.00,-1950.0,-2921.6,
2026-09-10T02:02,,,,,0.20,-1950.0,-2921.4,
2026-09-10T02:03,,,,,0.20,-1950.4,-2921.2,
2026-09-10T02:04,,,,,0.00,-1950.6,-2921.2,
2026-09-10T02:05,,,,,0.00,-1950.8,-2921.2,
2026-09-10T02:06,,,,,0.20,-1950.8,-2921.0,
2026-09-10T02:07,,,,,0.00,-1951.0,-2921.0,
2026-09-10T02:08,,,,,0.00,-1951.0,-2921.0,
2026-09-10T02:09,,,,,0.20,-1951.0,-2920.8,
2026-09-10T02:10,,,,,0.00,-1951.0,-2920.8,12.60
2026-09-10T02:11,,,,,0.00,-1951.0,-2920.8,
2026-09-10T02:12,,,,,0.00,-1951.0,-2920.8,
2026-09-10T02:13,,,,,0.20,-1950.8,-2920.6,
2026-09-10T02:14,,,,,0.00,-1950.8,-2920.6,
2026-09-10T02:15,,,,,0.20,-1950.8,-2920.4,
2026-09-10T02:16,,,,,0.00,-1950.8,-2920.4,
2026-09-10T02:17,,,,,0.20,-1950.6,-2920.2,
2026-09-10T02:18,,,,,0.20,-1950.6,-2920.0,
2026-09-10T02:19,,,,,0.20,-1950.6,-2919.8,
2026-09-10T02:20,,,,,0.40,-1950.2,-2919.4,12.80
2026-09-10T02:21,,,,,0.20,-1950.2,-2919.2,
2026-09-10T02:22,,,,,0.20,-1950.0,-2919.0,
2026-09-10T02:23,,,,,0.40,-1949.6,-2918.6,
2026-09-10T02:24,,,,,0.20,-1949.4,-2918.4,
2026-09-10T02:25,,,,,0.40,-1949.0,-2918.0,
2026-09-10T02:26,,,,,0.40,-1948.8,-2917.6,
2026-09-10T02:27,,,,,0.20,-1948.6,-2917.4,
2026-09-10T02:28,,,,,0.20,-1948.4,-2917.2,
2026-09-10T02:29,,,,,0.20,-1948.2,-2917.0,
2026-09-10T02:30,,,,,0.40,-1948.0,-2916.6,12.70
2026-09-10T02:31,,,,,0.20,-1947.8,-2916.4,
2026-09-10T02:32,,,,,0.20,-1947.6,-2916.2,
2026-09-10T02:33,,,,,0.40,-1947.4,-2915.8,
2026-09-10T02:34,,,,,0.00,-1947.4,-2915.8,
2026-09-10T02:35,,,,,0.20,-1947.4,-2915.6,
2026-09-10T02:36,,,,,0.00,-1947.4,-2915.6,
2026-09-10T02:37,,,,,0.20,-1947.2,-2915.4,
2026-09-10T02:38,,,,,0.20,-1947.2,-2915.2,
2026-09-10T02:39,,,,,0.00,-1947.2,-2915.2,
2026-09-10T02:40,,,,,0.20,-1947.0,-2915.0,12.50
2026-09-10T02:41,,,,,0.00,-1947.0,-2915.0,
2026-09-10T02:42,,,,,0.20,-1947.0,-2914.8,
2026-09-10T02:43,,,,,0.00,-1947.0,-2914.8,
2026-09-10T02:44,,,,,0.00,-1947.0,-2914.8,
2026-09-10T02:45,,,,,0.20,-1946.8,-2914.6,
2026-09-10T02:46,,,,,0.20,-1946.6,-2914.4,
2026-09-10T02:47,,,,,0.00,-1946.6,-2914.4,
2026-09-10T02:48,,,,,0.20,-1946.4,-2914.2,
2026-09-10T02:49,,,,,0.00,-1946.4,-2914.2,
2026-09-10T02:50,,,,,0.00,-1946.4,-2914.2,12.60
2026-09-10T02:51,,,,,0.20,-1946.2,-2914.0,
2026-09-10T02:52,,,,,0.20,-1946.0,-2913.8,
2026-09-10T02:53,,,,,0.00,-1946.0,-2913.8,
2026-09-10T02:54,,,,,0.20,-1945.8,-2913.6,
2026-09-10T02:55,,,,,0.00,-1945.8,-2913.6,
2026-09-10T02:56,,,,,0.20,-1945.6,-2913.4,
2026-09-10T02:57,,,,,0.00,-1945.6,-2913.4,
2026-09-10T02:58,,,,,0.00,-1945.6,-2913.4,
2026-09-10T02:59,,,,,0.20,-1945.6,-2913.2,
2026-09-10T03:00,,,,,0.00,-1945.6,-2913.2,12.70
2026-09-10T03:01,,,,,0.20,-1945.4,-2913.0,
2026-09-10T03:02,,,,,0.00,-1945.4,-2913.0,
2026-09-10T03:03,,,,,0.00,-1945.4,-2913.0,
2026-09-10T03:04,,,,,0.20,-1945.2,-2912.8,
2026-09-10T03:05,,,,,0.20,-1945.0,-2912.6,
2026-09-10T03:06,,,,,0.00,-1945.0,-2912.6,
2026-09-10T03:07,,,,,0.20,-1944.8,-2912.4,
2026-09-10T03:08,,,,,0.20,-1944.6,-2912.2,
2026-09-10T03:09,,,,,0.20,-1944.4,-2912.0,
2026-09-10T03:10,,,,,0.00,-1944.4,-2912.0,12.70
2026-09-10T03:11,,,,,0.20,-1944.2,-2911.8,
2026-09-10T03:12,,,,,0.00,-1944.2,-2911.8,
2026-09-10T03:13,,,,,0.20,-1944.0,-2911.6,
2026-09-10T03:14,,,,,0.00,-1944.0,-2911.6,
2026-09-10T03:15,,,,,0.20,-1943.8,-2911.4,
2026-09-10T03:16,,,,,0.00,-1943.8,-2911.4,
2026-09-10T03:17,,,,,0.20,-1943.6,-2911.2,
2026-09-10T03:18,,,,,0.20,-1943.4,-2911.0,
2026-09-10T03:19,,,,,0.20,-1943.2,-2910.8,
2026-09-10T03:20,,,,,0.20,-1943.0,-2910.6,12.50
2026-09-10T03:21,,,,,0.00,-1943.0,-2910.6,
2026-09-10T03:22,,,,,0.20,-1942.8,-2910.4,
2026-09-10T03:23,,,,,0.20,-1942.6,-2910.2,
2026-09-10T03:24,,,,,0.20,-1942.4,-2910.0,
2026-09-10T03:25,,,,,0.20,-1942.2,-2909.8,
2026-09-10T03:26,,,,,0.00,-1942.2,-2909.8,
2026-09-10T03:27,,,,,0.20,-1942.0,-2909.6,
2026-09-10T03:28,,,,,0.20,-1941.8,-2909.4,
2026-09-10T03:29,,,,,0.00,-1941.8,-2909.4,
2026-09-10T03:30,,,,,0.20,-1941.6,-2909.2,12.20
2026-09-10T03:31,,,,,0.20,-1941.4,-2909.0,
2026-09-10T03:32,,,,,0.00,-1941.4,-2909.0,
2026-09-10T03:33,,,,,0.20,-1941.2,-2908.8,
2026-09-10T03:34,,,,,0.00,-1941.2,-2908.8,
2026-09-10T03:35,,,,,0.00,-1941.2,-2908.8,
2026-09-10T03:36,,,,,0.20,-1941.0,-2908.6,
2026-09-10T03:37,,,,,0.20,-1940.8,-2908.4,
2026-09-10T03:38,,,,,0.00,-1940.8,-2908.4,
2026-09-10T03:39,,,,,0.20,-1940.6,-2908.2,
2026-09-10T03:40,,,,,0.00,-1940.6,-2908.2,12.40
2026-09-10T03:41,,,,,0.20,-1940.4,-2908.0,
2026-09-10T03:42,,,,,0.00,-1940.4,-2908.0,
2026-09-10T03:43,,,,,0.20,-1940.2,-2907.8,
2026-09-10T03:44,,,,,0.00,-1940.2,-2907.8,
2026-09-10T03:45,,,,,0.20,-1940.0,-2907.6,
2026-09-10T03:46,,,,,0.00,-1940.0,-2907.6,
2026-09-10T03:47,,,,,0.20,-1939.8,-2907.4,
2026-09-10T03:48,,,,,0.20,-1939.6,-2907.2,
2026-09-10T03:49,,,,,0.20,-1939.4,-2907.0,
2026-09-10T03:50,,,,,0.00,-1939.4,-2907.0,12.30
2026-09-10T03:51,,,,,0.20,-1939.2,-2906.8,
2026-09-10T03:52,,,,,0.00,-1939.2,-2906.8,
2026-09-10T03:53,,,,,0.00,-1939.2,-2906.8,
2026-09-10T03:54,,,,,0.20,-1939.0,-2906.6,
2026-09-10T03:55,,,,,0.20,-1938.8,-2906.4,
2026-09-10T03:56,,,,,0.00,-1938.8,-2906.4,
2026-09-10T03:57,,,,,0.20,-1938.6,-2906.2,
2026-09-10T03:58,,,,,0.00,-1938.6,-2906.2,
2026-09-10T03:59,,,,,0.20,-1938.4,-2906.0,
2026-09-10T04:00,,,,,0.20,-1938.2,-2905.8,12.10
2026-09-10T04:01,,,,,0.00,-1938.2,-2905.8,
2026-09-10T04:02,,,,,0.20,-1938.0,-2905.6,
2026-09-10T04:03,,,,,0.00,-1938.0,-2905.6,
2026-09-10T04:04,,,,,0.20,-1937.8,-2905.4,
2026-09-10T04:05,,,,,0.00,-1937.8,-2905.4,
2026-09-10T04:06,,,,,0.00,-1937.8,-2905.4,
2026-09-10T04:07,,,,,0.20,-1937.6,-2905.2,
2026-09-10T04:08,,,,,0.00,-1937.6,-2905.2,
2026-09-10T04:09,,,,,0.20,-1937.4,-2905.0,
2026-09-10T04:10,,,,,0.00,-1937.4,-2905.0,11.70
2026-09-10T04:11,,,,,0.00,-1937.4,-2905.0,
2026-09-10T04:12,,,,,0.20,-1937.2,-2904.8,
2026-09-10T04:13,,,,,0.00,-1937.2,-2904.8,
2026-09-10T04:14,,,,,0.00,-1937.2,-2904.8,
2026-09-10T04:15,,,,,0.20,-1937.0,-2904.6,
2026-09-10T04:16,,,,,0.00,-1937.0,-2904.6,
2026-09-10T04:17,,,,,0.20,-1936.8,-2904.4,
2026-09-10T04:18,,,,,0.00,-1936.8,-2904.4,
2026-09-10T04:19,,,,,0.00,-1936.8,-2904.4,
2026-09-10T04:20,,,,,0.20,-1936.6,-2904.2,11.70
2026-09-10T04:21,,,,,0.00,-1936.6,-2904.2,
2026-09-10T04:22,,,,,0.00,-1936.6,-2904.2,
2026-09-10T04:23,,,,,0.20,-1936.4,-2904.0,
2026-09-10T04:24,,,,,0.00,-1936.4,-2904.0,
2026-09-10T04:25,,,,,0.00,-1936.4,-2904.0,
2026-09-10T04:26,,,,,0.00,-1936.4,-2904.0,
2026-09-10T04:27,,,,,0.00,-1936.4,-2904.0,
2026-09-10T04:28,,,,,0.00,-1936.4,-2904.0,
2026-09-10T04:29,,,,,0.00,-1936.4,-2904.0,
2026-09-10T04:30,,,,,0.00,-1936.4,-2904.0,11.70
2026-09-10T04:31,,,,,0.00,-1936.4,-2904.0,
2026-09-10T04:32,,,,,0.00,-1936.4,-2904.0,
2026-09-10T04:33,,,,,0.00,-1936.4,-2904.0,
2026-09-10T04:34,,,,,0.00,-1936.4,-2904.0,
2026-09-10T04:35,,,,,0.00,-1936.4,-2904.0,
2026-09-10T04:36,,,,,0.00,-1936.4,-2904.0,
2026-09-10T04:37,,,,,0.00,-1936.4,-2904.0,
2026-09-10T04:38,,,,,0.00,-1936.4,-2904.0,
2026-09-10T04:39,,,,,0.00,-1936.4,-2904.0,
2026-09-10T04:40,,,,,0.20,-1936.2,-2903.8,11.80
2026-09-10T04:41,,,,,0.00,-1936.2,-2903.8,
2026-09-10T04:42,,,,,0.00,-1936.2,-2903.8,
2026-09-10T04:43,,,,,0.00,-1936.2,-2903.8,
2026-09-10T04:44,,,,,0.00,-1936.2,-2903.8,
2026-09-10T04:45,,,,,0.00,-1936.2,-2903.8,
2026-09-10T04:46,,,,,0.00,-1936.2,-2903.8,
2026-09-10T04:47,,,,,0.00,-1936.2,-2903.8,
2026-09-10T04:48,,,,,0.00,-1936.2,-2903.8,
2026-09-10T04:49,,,,,0.00,-1936.2,-2903.8,
2026-09-10T04:50,,,,,0.00,-1936.2,-2903.8,12.00
2026-09-10T04:51,,,,,0.00,-1936.2,-2903.8,
2026-09-10T04:52,,,,,0.00,-1936.2,-2903.8,
2026-09-10T04:53,,,,,0.00,-1936.2,-2903.8,
2026-09-10T04:54,,,,,0.00,-1936.2,-2903.8,
2026-09-10T04:55,,,,,0.00,-1936.2,-2903.8,
2026-09-10T04:56,,,,,0.00,-1936.2,-2903.8,
2026-09-10T04:57,,,,,0.00,-1936.2,-2903.8,
2026-09-10T04:58,,,,,0.00,-1936.2,-2903.8,
2026-09-10T04:59,,,,,0.00,-1936.2,-2903.8,
2026-09-10T05:00,,,,,0.00,-1936.2,-2903.8,12.20
2026-09-10T05:01,,,,,0.00,-1936.2,-2903.8,
2026-09-10T05:02,,,,,0.00,-1936.2,-2903.8,
2026-09-10T05:03,,,,,0.00,-1936.2,-2903.8,
2026-09-10T05:04,,,,,0.00,-1936.2,-2903.8,
2026-09-10T05:05,,,,,0.00,-1936.2,-2903.8,
2026-09-10T05:06,,,,,0.00,-1936.2,-2903.8,
2026-09-10T05:07,,,,,0.00,-1936.2,-2903.8,
2026-09-10T05:08,,,,,0.00,-1936.2,-2903.8,
2026-09-10T05:09,,,,,0.00,-1936.2,-2903.8,
2026-09-10T05:10,,,,,0.00,-1936.2,-2903.8,12.60
2026-09-10T05:11,,,,,0.00,-1936.2,-2903.8,
2026-09-10T05:12,,,,,0.00,-1936.2,-2903.8,
2026-09-10T05:13,,,,,0.00,-1936.2,-2903.8,
2026-09-10T05:14,,,,,0.00,-1936.2,-2903.8,
2026-09-10T05:15,,,,,0.20,-1936.0,-2903.6,
2026-09-10T05:16,,,,,0.00,-1936.0,-2903.6,
2026-09-10T05:17,,,,,0.00,-1936.0,-2903.6,
2026-09-10T05:18,,,,,0.00,-1936.0,-2903.6,
2026-09-10T05:19,,,,,0.00,-1936.0,-2903.6,
2026-09-10T05:20,,,,,0.20,-1935.8,-2903.4,11.50
2026-09-10T05:21,,,,,0.00,-1935.8,-2903.4,
2026-09-10T05:22,,,,,0.00,-1935.8,-2903.4,
2026-09-10T05:23,,,,,0.00,-1935.8,-2903.4,
2026-09-10T05:24,,,,,0.00,-1935.8,-2903.4,
2026-09-10T05:25,,,,,0.00,-1935.8,-2903.4,
2026-09-10T05:26,,,,,0.00,-1935.8,-2903.4,
2026-09-10T05:27,,,,,0.00,-1935.8,-2903.4,
2026-09-10T05:28,,,,,0.00,-1935.8,-2903.4,
2026-09-10T05:29,,,,,0.00,-1935.8,-2903.4,
2026-09-10T05:30,,,,,0.00,-1935.8,-2903.4,11.30
2026-09-10T05:31,,,,,0.00,-1935.8,-2903.4,
2026-09-10T05:32,,,,,0.00,-1935.8,-2903.4,
2026-09-10T05:33,,,,,0.20,-1935.6,-2903.2,
2026-09-10T05:34,,,,,0.00,-1935.6,-2903.2,
2026-09-10T05:35,,,,,0.00,-1935.6,-2903.2,
2026-09-10T05:36,,,,,0.00,-1935.6,-2903.2,
2026-09-10T05:37,,,,,0.00,-1935.6,-2903.2,
2026-09-10T05:38,,,,,0.00,-1935.6,-2903.2,
2026-09-10T05:39,,,,,0.00,-1935.6,-2903.2,
2026-09-10T05:40,,,,,0.00,-1935.6,-2903.2,11.20
2026-09-10T05:41,,,,,0.00,-1935.6,-2903.2,
2026-09-10T05:42,,,,,0.00,-1935.6,-2903.2,
2026-09-10T05:43,,,,,0.00,-1935.6,-2903.2,
2026-09-10T05:44,,,,,0.00,-1935.6,-2903.2,
2026-09-10T05:45,,,,,0.00,-1935.6,-2903.2,
2026-09-10T05:46,,,,,0.00,-1935.6,-2903.2,
2026-09-10T05:47,,,,,0.00,-1935.6,-2903.2,
2026-09-10T05:48,,,,,0.00,-1935.6,-2903.2,
2026-09-10T05:49,,,,,0.00,-1935.6,-2903.2,
2026-09-10T05:50,,,,,0.00,-1935.6,-2903.2,11.80
2026-09-10T05:51,,,,,0.00,-1935.6,-2903.2,
2026-09-10T05:52,,,,,0.00,-1935.6,-2903.2,
2026-09-10T05:53,,,,,0.00,-1935.6,-2903.2,
2026-09-10T05:54,,,,,0.00,-1935.6,-2903.2,
2026-09-10T05:55,,,,,0.00,-1935.6,-2903.2,
2026-09-10T05:56,,,,,0.00,-1935.6,-2903.2,
2026-09-10T05:57,,,,,0.00,-1935.6,-2903.2,
2026-09-10T05:58,,,,,0.00,-1935.6,-2903.2,
2026-09-10T05:59,,,,,0.00,-1935.6,-2903.2,
2026-09-10T06:00,,,,,0.00,-1935.6,-2903.2,11.30
2026-09-10T06:01,,,,,0.00,-1935.6,-2903.2,
2026-09-10T06:02,,,,,0.00,-1935.6,-2903.2,
2026-09-10T06:03,,,,,0.00,-1935.6,-2903.2,
2026-09-10T06:04,,,,,0.00,-1935.6,-2903.2,
2026-09-10T06:05,,,,,0.00,-1935.6,-2903.2,
2026-09-10T06:06,,,,,0.00,-1935.6,-2903.2,
2026-09-10T06:07,,,,,0.00,-1935.6,-2903.2,
2026-09-10T06:08,,,,,0.00,-1935.6,-2903.2,
2026-09-10T06:09,,,,,0.00,-1935.6,-2903.2,
2026-09-10T06:10,,,,,0.00,-1935.6,-2903.2,11.20
2026-09-10T06:11,,,,,0.00,-1935.6,-2903.2,
2026-09-10T06:12,,,,,0.00,-1935.6,-2903.2,
2026-09-10T06:13,,,,,0.00,-1935.6,-2903.2,
2026-09-10T06:14,,,,,0.00,-1935.6,-2903.2,
2026-09-10T06:15,,,,,0.00,-1935.6,-2903.2,
2026-09-10T06:16,,,,,0.00,-1935.6,-2903.2,
2026-09-10T06:17,,,,,0.00,-1935.6,-2903.2,
2026-09-10T06:18,,,,,0.00,-1935.6,-2903.2,
2026-09-10T06:19,,,,,0.00,-1935.6,-2903.2,
2026-09-10T06:20,,,,,0.00,-1935.6,-2903.2,11.30
2026-09-10T06:21,,,,,0.00,-1935.6,-2903.2,
2026-09-10T06:22,,,,,0.00,-1935.6,-2903.2,
2026-09-10T06:23,,,,,0.00,-1935.6,-2903.2,
2026-09-10T06:24,,,,,0.00,-1935.6,-2903.2,
2026-09-10T06:25,,,,,0.00,-1935.6,-2903.2,
2026-09-10T06:26,,,,,0.00,-1935.6,-2903.2,
2026-09-10T06:27,,,,,0.00,-1935.6,-2903.2,
2026-09-10T06:28,,,,,0.00,-1935.6,-2903.2,
2026-09-10T06:29,,,,,0.00,-1935.6,-2903.2,
2026-09-10T06:30,,,,,0.00,-1935.6,-2903.2,11.30
2026-09-10T06:31,,,,,0.00,-1935.6,-2903.2,
2026-09-10T06:32,,,,,0.00,-1935.6,-2903.2,
2026-09-10T06:33,,,,,0.00,-1935.6,-2903.2,
2026-09-10T06:34,,,,,0.00,-1935.6,-2903.2,
2026-09-10T06:35,,,,,0.00,-1935.6,-2903.2,
2026-09-10T06:36,,,,,0.00,-1935.6,-2903.2,
2026-09-10T06:37,,,,,0.00,-1935.6,-2903.2,
2026-09-10T06:38,,,,,0.00,-1935.6,-2903.2,
2026-09-10T06:39,,,,,0.00,-1935.6,-2903.2,
2026-09-10T06:40,,,,,0.00,-1935.6,-2903.2,11.30
2026-09-10T06:41,,,,,0.00,-1935.6,-2903.2,
2026-09-10T06:42,,,,,0.00,-1935.6,-2903.2,
2026-09-10T06:43,,,,,0.00,-1935.6,-2903.2,
2026-09-10T06:44,,,,,0.00,-1935.6,-2903.2,
2026-09-10T06:45,,,,,0.00,-1935.6,-2903.2,
2026-09-10T06:46,,,,,0.00,-1935.6,-2903.2,
2026-09-10T06:47,,,,,0.00,-1935.6,-2903.2,
2026-09-10T06:48,,,,,0.00,-1935.6,-2903.2,
2026-09-10T06:49,,,,,0.00,-1935.6,-2903.2,
2026-09-10T06:50,,,,,0.00,-1935.6,-2903.2,11.40
2026-09-10T06:51,,,,,0.00,-1935.6,-2903.2,
2026-09-10T06:52,,,,,0.00,-1935.6,-2903.2,
2026-09-10T06:53,,,,,0.00,-1935.6,-2903.2,
2026-09-10T06:54,,,,,0.00,-1935.6,-2903.2,
2026-09-10T06:55,,,,,0.00,-1935.6,-2903.2,
2026-09-10T06:56,,,,,0.00,-1935.6,-2903.2,
2026-09-10T06:57,,,,,0.00,-1935.6,-2903.2,
2026-09-10T06:58,,,,,0.00,-1935.6,-2903.2,
2026-09-10T06:59,,,,,0.00,-1935.6,-2903.2,
2026-09-10T07:00,,,,,0.00,-1935.6,-2903.2,11.50
2026-09-10T07:01,,,,,0.00,-1935.6,-2903.2,
2026-09-10T07:02,,,,,0.00,-1935.6,-2903.2,
2026-09-10T07:03,,,,,0.00,-1935.6,-2903.2,
2026-09-10T07:04,,,,,0.00,-1935.6,-2903.2,
2026-09-10T07:05,,,,,0.00,-1935.6,-2903.2,
2026-09-10T07:06,,,,,0.00,-1935.6,-2903.2,
2026-09-10T07:07,,,,,0.00,-1935.6,-2903.2,
2026-09-10T07:08,,,,,0.00,-1935.8,-2903.2,
2026-09-10T07:09,,,,,0.00,-1936.2,-2903.2,
2026-09-10T07:10,,,,,0.00,-1936.4,-2903.2,11.40
2026-09-10T07:11,,,,,0.00,-1936.8,-2903.2,
2026-09-10T07:12,,,,,0.00,-1937.2,-2903.2,
2026-09-10T07:13,,,,,0.00,-1937.6,-2903.2,
2026-09-10T07:14,,,,,0.00,-1937.8,-2903.2,
2026-09-10T07:15,,,,,0.00,-1938.0,-2903.2,
2026-09-10T07:16,,,,,0.00,-1938.2,-2903.2,
2026-09-10T07:17,,,,,0.00,-1938.6,-2903.2,
2026-09-10T07:18,,,,,0.00,-1939.0,-2903.2,
2026-09-10T07:19,,,,,0.00,-1939.2,-2903.2,
2026-09-10T07:20,,,,,0.00,-1939.4,-2903.2,11.50
2026-09-10T07:21,,,,,0.00,-1939.6,-2903.2,
2026-09-10T07:22,,,,,0.00,-1940.0,-2903.2,
2026-09-10T07:23,,,,,0.00,-1940.2,-2903.2,
2026-09-10T07:24,,,,,0.00,-1940.4,-2903.2,
2026-09-10T07:25,,,,,0.00,-1940.6,-2903.2,
2026-09-10T07:26,,,,,0.00,-1940.8,-2903.2,
2026-09-10T07:27,,,,,0.00,-1940.8,-2903.2,
2026-09-10T07:28,,,,,0.00,-1940.8,-2903.2,
2026-09-10T07:29,,,,,0.00,-1941.0,-2903.2,
2026-09-10T07:30,,,,,0.00,-1941.0,-2903.2,11.60
2026-09-10T07:31,,,,,0.00,-1941.2,-2903.2,
2026-09-10T07:32,,,,,0.00,-1941.2,-2903.2,
2026-09-10T07:33,,,,,0.00,-1941.2,-2903.2,
2026-09-10T07:34,,,,,0.00,-1941.4,-2903.2,
2026-09-10T07:35,,,,,0.00,-1941.4,-2903.2,
2026-09-10T07:36,,,,,0.00,-1941.6,-2903.2,
2026-09-10T07:37,,,,,0.00,-1941.6,-2903.2,
2026-09-10T07:38,,,,,0.00,-1941.6,-2903.2,
2026-09-10T07:39,,,,,0.00,-1941.8,-2903.2,
2026-09-10T07:40,,,,,0.00,-1941.8,-2903.2,11.80
2026-09-10T07:41,,,,,0.00,-1942.0,-2903.2,
2026-09-10T07:42,,,,,0.00,-1942.0,-2903.2,
2026-09-10T07:43,,,,,0.00,-1942.2,-2903.2,
2026-09-10T07:44,,,,,0.00,-1942.4,-2903.2,
2026-09-10T07:45,,,,,0.00,-1942.4,-2903.2,
2026-09-10T07:46,,,,,0.00,-1942.6,-2903.2,
2026-09-10T07:47,,,,,0.00,-1942.8,-2903.2,
2026-09-10T07:48,,,,,0.00,-1942.8,-2903.2,
2026-09-10T07:49,,,,,0.00,-1942.8,-2903.2,
2026-09-10T07:50,,,,,0.00,-1943.0,-2903.2,11.90
2026-09-10T07:51,,,,,0.00,-1943.0,-2903.2,
2026-09-10T07:52,,,,,0.00,-1943.0,-2903.2,
2026-09-10T07:53,,,,,0.00,-1943.0,-2903.2,
2026-09-10T07:54,,,,,0.00,-1943.2,-2903.2,
2026-09-10T07:55,,,,,0.00,-1943.2,-2903.2,
2026-09-10T07:56,,,,,0.00,-1943.2,-2903.2,
2026-09-10T07:57,,,,,0.00,-1943.2,-2903.2,
2026-09-10T07:58,,,,,0.00,-1943.4,-2903.2,
2026-09-10T07:59,,,,,0.00,-1943.4,-2903.2,
2026-09-10T08:00,,,,,0.00,-1943.4,-2903.2,12.10
2026-09-10T08:01,,,,,0.00,-1943.6,-2903.2,
2026-09-10T08:02,,,,,0.00,-1943.6,-2903.2,
2026-09-10T08:03,,,,,0.00,-1943.6,-2903.2,
2026-09-10T08:04,,,,,0.00,-1943.6,-2903.2,
2026-09-10T08:05,,,,,0.00,-1943.8,-2903.2,
2026-09-10T08:06,,,,,0.00,-1943.8,-2903.2,
2026-09-10T08:07,,,,,0.00,-1943.8,-2903.2,
2026-09-10T08:08,,,,,0.00,-1943.8,-2903.2,
2026-09-10T08:09,,,,,0.00,-1943.8,-2903.2,
2026-09-10T08:10,,,,,0.00,-1944.0,-2903.2,12.30
2026-09-10T08:11,,,,,0.00,-1944.0,-2903.2,
2026-09-10T08:12,,,,,0.00,-1944.0,-2903.2,
2026-09-10T08:13,,,,,0.00,-1944.0,-2903.2,
2026-09-10T08:14,,,,,0.00,-1944.0,-2903.2,
2026-09-10T08:15,,,,,0.00,-1944.0,-2903.2,
2026-09-10T08:16,,,,,0.00,-1944.0,-2903.2,
2026-09-10T08:17,,,,,0.00,-1944.2,-2903.2,
2026-09-10T08:18,,,,,0.00,-1944.2,-2903.2,
2026-09-10T08:19,,,,,0.00,-1944.2,-2903.2,
2026-09-10T08:20,,,,,0.00,-1944.2,-2903.2,12.40
2026-09-10T08:21,,,,,0.00,-1944.2,-2903.2,
2026-09-10T08:22,,,,,0.00,-1944.2,-2903.2,
2026-09-10T08:23,,,,,0.00,-1944.2,-2903.2,
2026-09-10T08:24,,,,,0.00,-1944.2,-2903.2,
2026-09-10T08:25,,,,,0.00,-1944.2,-2903.2,
2026-09-10T08:26,,,,,0.00,-1944.4,-2903.2,
2026-09-10T08:27,,,,,0.00,-1944.4,-2903.2,
2026-09-10T08:28,,,,,0.00,-1944.4,-2903.2,
2026-09-10T08:29,,,,,0.00,-1944.4,-2903.2,
2026-09-10T08:30,,,,,0.00,-1944.4,-2903.2,12.50
2026-09-10T08:31,,,,,0.00,-1944.4,-2903.2,
2026-09-10T08:32,,,,,0.00,-1944.4,-2903.2,
2026-09-10T08:33,,,,,0.00,-1944.6,-2903.2,
2026-09-10T08:34,,,,,0.00,-1944.6,-2903.2,
2026-09-10T08:35,,,,,0.00,-1944.6,-2903.2,
2026-09-10T08:36,,,,,0.00,-1944.6,-2903.2,
2026-09-10T08:37,,,,,0.00,-1944.6,-2903.2,
2026-09-10T08:38,,,,,0.00,-1944.6,-2903.2,
2026-09-10T08:39,,,,,0.00,-1944.6,-2903.2,
2026-09-10T08:40,,,,,0.00,-1944.8,-2903.2,12.30
2026-09-10T08:41,,,,,0.00,-1944.8,-2903.2,
2026-09-10T08:42,,,,,0.00,-1944.8,-2903.2,
2026-09-10T08:43,,,,,0.00,-1944.8,-2903.2,
2026-09-10T08:44,,,,,0.00,-1944.8,-2903.2,
2026-09-10T08:45,,,,,0.00,-1944.8,-2903.2,
2026-09-10T08:46,,,,,0.00,-1944.8,-2903.2,
2026-09-10T08:47,,,,,0.00,-1944.8,-2903.2,
2026-09-10T08:48,,,,,0.00,-1944.8,-2903.2,
2026-09-10T08:49,,,,,0.00,-1944.8,-2903.2,
2026-09-10T08:50,,,,,0.00,-1944.8,-2903.2,12.50
2026-09-10T08:51,,,,,0.00,-1944.8,-2903.2,
2026-09-10T08:52,,,,,0.00,-1944.8,-2903.2,
2026-09-10T08:53,,,,,0.00,-1944.8,-2903.2,
2026-09-10T08:54,,,,,0.00,-1944.8,-2903.2,
2026-09-10T08:55,,,,,0.00,-1944.8,-2903.2,
2026-09-10T08:56,,,,,0.00,-1944.8,-2903.2,
2026-09-10T08:57,,,,,0.00,-1944.8,-2903.2,
2026-09-10T08:58,,,,,0.00,-1944.8,-2903.2,
2026-09-10T08:59,,,,,0.00,-1944.8,-2903.2,
2026-09-10T09:00,,,,,0.00,-1944.8,-2903.2,12.80
2026-09-10T09:01,,,,,0.00,-1944.8,-2903.2,
2026-09-10T09:02,,,,,0.00,-1944.8,-2903.2,
2026-09-10T09:03,,,,,0.00,-1944.8,-2903.2,
2026-09-10T09:04,,,,,0.00,-1944.8,-2903.2,
2026-09-10T09:05,,,,,0.00,-1944.8,-2903.2,
2026-09-10T09:06,,,,,0.00,-1944.8,-2903.2,
2026-09-10T09:07,,,,,0.00,-1944.8,-2903.2,
2026-09-10T09:08,,,,,0.00,-1944.8,-2903.2,
2026-09-10T09:09,,,,,0.00,-1944.8,-2903.2,
2026-09-10T09:10,,,,,0.00,-1944.8,-2903.2,12.80
2026-09-10T09:11,,,,,0.00,-1944.8,-2903.2,
2026-09-10T09:12,,,,,0.00,-1944.8,-2903.2,
2026-09-10T09:13,,,,,0.00,-1944.8,-2903.2,
2026-09-10T09:14,,,,,0.00,-1944.8,-2903.2,
2026-09-10T09:15,,,,,0.00,-1944.8,-2903.2,
2026-09-10T09:16,,,,,0.00,-1944.8,-2903.2,
2026-09-10T09:17,,,,,0.00,-1944.8,-2903.2,
2026-09-10T09:18,,,,,0.00,-1944.8,-2903.2,
2026-09-10T09:19,,,,,0.00,-1944.8,-2903.2,
2026-09-10T09:20,,,,,0.00,-1944.8,-2903.2,13.20
2026-09-10T09:21,,,,,0.00,-1944.8,-2903.2,
2026-09-10T09:22,,,,,0.00,-1944.8,-2903.2,
2026-09-10T09:23,,,,,0.00,-1944.8,-2903.2,
2026-09-10T09:24,,,,,0.00,-1944.8,-2903.2,
2026-09-10T09:25,,,,,0.00,-1944.8,-2903.2,
2026-09-10T09:26,,,,,0.00,-1944.8,-2903.2,
2026-09-10T09:27,,,,,0.20,-1944.6,-2903.0,
2026-09-10T09:28,,,,,0.00,-1944.6,-2903.0,
2026-09-10T09:29,,,,,0.00,-1944.6,-2903.0,
2026-09-10T09:30,,,,,0.00,-1944.6,-2903.0,13.30
2026-09-10T09:31,,,,,0.00,-1944.6,-2903.0,
2026-09-10T09:32,,,,,0.00,-1944.6,-2903.0,
2026-09-10T09:33,,,,,0.00,-1944.6,-2903.0,
2026-09-10T09:34,,,,,0.00,-1944.6,-2903.0,
2026-09-10T09:35,,,,,0.00,-1944.6,-2903.0,
2026-09-10T09:36,,,,,0.00,-1944.6,-2903.0,
2026-09-10T09:37,,,,,0.00,-1944.6,-2903.0,
2026-09-10T09:38,,,,,0.00,-1944.6,-2903.0,
2026-09-10T09:39,,,,,0.00,-1944.6,-2903.0,
2026-09-10T09:40,,,,,0.00,-1944.6,-2903.0,13.90
2026-09-10T09:41,,,,,0.00,-1944.6,-2903.0,
2026-09-10T09:42,,,,,0.00,-1944.6,-2903.0,
2026-09-10T09:43,,,,,0.00,-1944.6,-2903.0,
2026-09-10T09:44,,,,,0.00,-1944.6,-2903.0,
2026-09-10T09:45,,,,,0.00,-1944.6,-2903.0,
2026-09-10T09:46,,,,,0.00,-1944.6,-2903.0,
2026-09-10T09:47,,,,,0.00,-1944.6,-2903.0,
2026-09-10T09:48,,,,,0.00,-1944.6,-2903.0,
2026-09-10T09:49,,,,,0.00,-1944.6,-2903.0,
2026-09-10T09:50,,,,,0.00,-1944.6,-2903.0,14.50
2026-09-10T09:51,,,,,0.00,-1944.6,-2903.0,
2026-09-10T09:52,,,,,0.00,-1944.6,-2903.0,
2026-09-10T09:53,,,,,0.00,-1944.6,-2903.0,
2026-09-10T09:54,,,,,0.00,-1944.6,-2903.0,
2026-09-10T09:55,,,,,0.00,-1944.6,-2903.0,
2026-09-10T09:56,,,,,0.00,-1944.6,-2903.0,
2026-09-10T09:57,,,,,0.00,-1944.6,-2903.0,
2026-09-10T09:58,,,,,0.00,-1944.6,-2903.0,
2026-09-10T09:59,,,,,0.00,-1944.6,-2903.0,
2026-09-10T10:00,,,,,0.00,-1944.6,-2903.0,15.10
2026-09-10T10:01,,,,,0.00,-1944.6,-2903.0,
2026-09-10T10:02,,,,,0.00,-1944.6,-2903.0,
2026-09-10T10:03,,,,,0.00,-1944.6,-2903.0,
2026-09-10T10:04,,,,,0.00,-1944.6,-2903.0,
2026-09-10T10:05,,,,,0.00,-1944.6,-2903.0,
2026-09-10T10:06,,,,,0.00,-1944.6,-2903.0,
2026-09-10T10:07,,,,,0.00,-1944.6,-2903.0,
2026-09-10T10:08,,,,,0.00,-1944.6,-2903.0,
2026-09-10T10:09,,,,,0.00,-1944.6,-2903.0,
2026-09-10T10:10,,,,,0.00,-1944.6,-2903.0,15.80
2026-09-10T10:11,,,,,0.00,-1944.6,-2903.0,
2026-09-10T10:12,,,,,0.00,-1944.6,-2903.0,
2026-09-10T10:13,,,,,0.00,-1944.6,-2903.0,
2026-09-10T10:14,,,,,0.00,-1944.6,-2903.0,
2026-09-10T10:15,,,,,0.00,-1944.6,-2903.0,
2026-09-10T10:16,,,,,0.00,-1944.6,-2903.0,
2026-09-10T10:17,,,,,0.00,-1944.6,-2903.0,
2026-09-10T10:18,,,,,0.00,-1944.6,-2903.0,
2026-09-10T10:19,,,,,0.00,-1944.6,-2903.0,
2026-09-10T10:20,,,,,0.00,-1944.6,-2903.0,15.90
2026-09-10T10:21,,,,,0.00,-1944.6,-2903.0,
2026-09-10T10:22,,,,,0.00,-1944.6,-2903.0,
2026-09-10T10:23,,,,,0.00,-1944.6,-2903.0,
2026-09-10T10:24,,,,,0.00,-1944.6,-2903.0,
2026-09-10T10:25,,,,,0.00,-1944.6,-2903.0,
2026-09-10T10:26,,,,,0.00,-1944.6,-2903.0,
2026-09-10T10:27,,,,,0.00,-1944.6,-2903.0,
2026-09-10T10:28,,,,,0.00,-1944.6,-2903.0,
2026-09-10T10:29,,,,,0.00,-1944.6,-2903.0,
2026-09-10T10:30,,,,,0.00,-1944.6,-2903.0,15.90
2026-09-10T10:31,,,,,0.00,-1944.6,-2903.0,
2026-09-10T10:32,,,,,0.00,-1944.6,-2903.0,
2026-09-10T10:33,,,,,0.00,-1944.6,-2903.0,
2026-09-10T10:34,,,,,0.00,-1944.6,-2903.0,
2026-09-10T10:35,,,,,0.00,-1944.6,-2903.0,
2026-09-10T10:36,,,,,0.00,-1944.6,-2903.0,
2026-09-10T10:37,,,,,0.00,-1944.6,-2903.0,
2026-09-10T10:38,,,,,0.00,-1944.6,-2903.0,
2026-09-10T10:39,,,,,0.00,-1944.6,-2903.0,
2026-09-10T10:40,,,,,0.00,-1944.6,-2903.0,15.90
2026-09-10T10:41,,,,,0.00,-1944.6,-2903.0,
2026-09-10T10:42,,,,,0.00,-1944.6,-2903.0,
2026-09-10T10:43,,,,,0.00,-1944.6,-2903.0,
2026-09-10T10:44,,,,,0.00,-1944.6,-2903.0,
2026-09-10T10:45,,,,,0.00,-1944.6,-2903.0,
2026-09-10T10:46,,,,,0.00,-1944.6,-2903.0,
2026-09-10T10:47,,,,,0.00,-1944.6,-2903.0,
2026-09-10T10:48,,,,,0.00,-1944.6,-2903.0,
2026-09-10T10:49,,,,,0.00,-1944.6,-2903.0,
2026-09-10T10:50,,,,,0.00,-1944.6,-2903.0,15.80
2026-09-10T10:51,,,,,0.00,-1944.6,-2903.0,
2026-09-10T10:52,,,,,0.00,-1944.6,-2903.0,
2026-09-10T10:53,,,,,0.00,-1944.6,-2903.0,
2026-09-10T10:54,,,,,0.00,-1944.6,-2903.0,
2026-09-10T10:55,,,,,0.00,-1944.6,-2903.0,
2026-09-10T10:56,,,,,0.00,-1944.6,-2903.0,
2026-09-10T10:57,,,,,0.00,-1944.6,-2903.0,
2026-09-10T10:58,,,,,0.00,-1944.6,-2903.0,
2026-09-10T10:59,,,,,0.00,-1944.6,-2903.0,
2026-09-10T11:00,,,,,0.00,-1944.6,-2903.0,14.90
2026-09-10T11:01,,,,,0.00,-1944.6,-2903.0,
2026-09-10T11:02,,,,,0.00,-1944.6,-2903.0,
2026-09-10T11:03,,,,,0.00,-1944.6,-2903.0,
2026-09-10T11:04,,,,,0.00,-1944.6,-2903.0,
2026-09-10T11:05,,,,,0.00,-1944.6,-2903.0,
2026-09-10T11:06,,,,,0.00,-1944.6,-2903.0,
2026-09-10T11:07,,,,,0.00,-1944.6,-2903.0,
2026-09-10T11:08,,,,,0.00,-1944.6,-2903.0,
2026-09-10T11:09,,,,,0.00,-1944.6,-2903.0,
2026-09-10T11:10,,,,,0.00,-1944.6,-2903.0,14.70
2026-09-10T11:11,,,,,0.00,-1944.6,-2903.0,
2026-09-10T11:12,,,,,0.00,-1944.6,-2903.0,
2026-09-10T11:13,,,,,0.00,-1944.6,-2903.0,
2026-09-10T11:14,,,,,0.00,-1944.6,-2903.0,
2026-09-10T11:15,,,,,0.00,-1944.6,-2903.0,
2026-09-10T11:16,,,,,0.00,-1944.6,-2903.0,
2026-09-10T11:17,,,,,0.00,-1944.6,-2903.0,
2026-09-10T11:18,,,,,0.00,-1944.6,-2903.0,
2026-09-10T11:19,,,,,0.00,-1944.6,-2903.0,
2026-09-10T11:20,,,,,0.00,-1944.6,-2903.0,14.40
2026-09-10T11:21,,,,,0.00,-1944.6,-2903.0,
2026-09-10T11:22,,,,,0.00,-1944.6,-2903.0,
2026-09-10T11:23,,,,,0.00,-1944.6,-2903.0,
2026-09-10T11:24,,,,,0.00,-1944.6,-2903.0,
2026-09-10T11:25,,,,,0.00,-1944.6,-2903.0,
2026-09-10T11:26,,,,,0.00,-1944.6,-2903.0,
2026-09-10T11:27,,,,,0.00,-1944.6,-2903.0,
2026-09-10T11:28,,,,,0.00,-1944.6,-2903.0,
2026-09-10T11:29,,,,,0.00,-1944.6,-2903.0,
2026-09-10T11:30,,,,,0.00,-1944.6,-2903.0,14.00
2026-09-10T11:31,,,,,0.00,-1944.6,-2903.0,
2026-09-10T11:32,,,,,0.00,-1944.6,-2903.0,
2026-09-10T11:33,,,,,0.00,-1944.6,-2903.0,
2026-09-10T11:34,,,,,0.00,-1944.6,-2903.0,
2026-09-10T11:35,,,,,0.00,-1944.6,-2903.0,
2026-09-10T11:36,,,,,0.00,-1944.6,-2903.0,
2026-09-10T11:37,,,,,0.00,-1944.6,-2903.0,
2026-09-10T11:38,,,,,0.00,-1944.6,-2903.0,
2026-09-10T11:39,,,,,0.00,-1944.6,-2903.0,
2026-09-10T11:40,,,,,0.00,-1944.6,-2903.0,13.60
2026-09-10T11:41,,,,,0.00,-1944.6,-2903.0,
2026-09-10T11:42,,,,,0.00,-1944.6,-2903.0,
2026-09-10T11:43,,,,,0.00,-1944.6,-2903.0,
2026-09-10T11:44,,,,,0.00,-1944.6,-2903.0,
2026-09-10T11:45,,,,,0.00,-1944.6,-2903.0,
2026-09-10T11:46,,,,,0.00,-1944.6,-2903.0,
2026-09-10T11:47,,,,,0.00,-1944.6,-2903.0,
2026-09-10T11:48,,,,,0.00,-1944.6,-2903.0,
2026-09-10T11:49,,,,,0.00,-1944.6,-2903.0,
2026-09-10T11:50,,,,,0.00,-1944.6,-2903.0,13.70
2026-09-10T11:51,,,,,0.00,-1944.6,-2903.0,
2026-09-10T11:52,,,,,0.00,-1944.6,-2903.0,
2026-09-10T11:53,,,,,0.00,-1944.6,-2903.0,
2026-09-10T11:54,,,,,0.00,-1944.6,-2903.0,
2026-09-10T11:55,,,,,0.00,-1944.6,-2903.0,
2026-09-10T11:56,,,,,0.20,-1944.4,-2902.8,
2026-09-10T11:57,,,,,0.00,-1944.4,-2902.8,
2026-09-10T11:58,,,,,0.00,-1944.4,-2902.8,
2026-09-10T11:59,,,,,0.00,-1944.4,-2902.8,
2026-09-10T12:00,,,,,0.00,-1944.4,-2902.8,13.60
2026-09-10T12:01,,,,,0.00,-1944.4,-2902.8,
2026-09-10T12:02,,,,,0.00,-1944.4,-2902.8,
2026-09-10T12:03,,,,,0.00,-1944.4,-2902.8,
2026-09-10T12:04,,,,,0.00,-1944.4,-2902.8,
2026-09-10T12:05,,,,,0.00,-945.4,-2902.8,
2026-09-10T12:06,,,,,0.00,-945.4,-2902.8,
2026-09-10T12:07,,,,,0.20,-945.2,-2902.6,
2026-09-10T12:08,,,,,0.00,-945.2,-2902.6,
2026-09-10T12:09,,,,,0.00,-945.2,-2902.6,
2026-09-10T12:10,,,,,0.00,-945.2,-2902.6,13.50
2026-09-10T12:11,,,,,0.00,-945.2,-2902.6,
2026-09-10T12:12,,,,,0.00,-945.2,-2902.6,
2026-09-10T12:13,,,,,0.00,-945.2,-2902.6,
2026-09-10T12:14,,,,,0.00,-945.2,-2902.6,
2026-09-10T12:15,,,,,0.00,-945.2,-2902.6,
2026-09-10T12:16,,,,,0.20,-945.0,-2902.4,
2026-09-10T12:17,,,,,0.00,-945.0,-2902.4,
2026-09-10T12:18,,,,,0.00,-945.0,-2902.4,
2026-09-10T12:19,,,,,0.00,-945.0,-2902.4,
2026-09-10T12:20,,,,,0.00,-945.0,-2902.4,13.80
2026-09-10T12:21,,,,,0.00,-945.0,-2902.4,
2026-09-10T12:22,,,,,0.00,-945.0,-2902.4,
2026-09-10T12:23,,,,,0.00,-945.0,-2902.4,
2026-09-10T12:24,,,,,0.00,-945.0,-2902.4,
2026-09-10T12:25,,,,,0.00,-945.0,-2902.4,
2026-09-10T12:26,,,,,0.20,-944.8,-2902.2,
2026-09-10T12:27,,,,,0.00,-944.8,-2902.2,
2026-09-10T12:28,,,,,0.00,-944.8,-2902.2,
2026-09-10T12:29,,,,,0.00,-944.8,-2902.2,
2026-09-10T12:30,,,,,0.00,-944.8,-2902.2,13.60
2026-09-10T12:31,,,,,0.20,-944.6,-2902.0,
2026-09-10T12:32,,,,,0.00,-944.6,-2902.0,
2026-09-10T12:33,,,,,0.00,-944.6,-2902.0,
2026-09-10T12:34,,,,,0.00,-944.6,-2902.0,
2026-09-10T12:35,,,,,0.20,-944.4,-2901.8,
2026-09-10T12:36,,,,,0.00,-944.4,-2901.8,
2026-09-10T12:37,,,,,0.00,-944.4,-2901.8,
2026-09-10T12:38,,,,,0.00,-944.4,-2901.8,
2026-09-10T12:39,,,,,0.00,-944.4,-2901.8,
2026-09-10T12:40,,,,,0.20,-944.2,-2901.6,13.90
2026-09-10T12:41,,,,,0.00,-944.2,-2901.6,
2026-09-10T12:42,,,,,0.00,-944.2,-2901.6,
2026-09-10T12:43,,,,,0.00,-944.2,-2901.6,
2026-09-10T12:44,,,,,0.00,-944.2,-2901.6,
2026-09-10T12:45,,,,,0.00,-944.2,-2901.6,
2026-09-10T12:46,,,,,0.00,-944.2,-2901.6,
2026-09-10T12:47,,,,,0.00,-944.2,-2901.6,
2026-09-10T12:48,,,,,0.00,-944.2,-2901.6,
2026-09-10T12:49,,,,,0.20,-944.0,-2901.4,
2026-09-10T12:50,,,,,0.00,-944.0,-2901.4,13.90
2026-09-10T12:51,,,,,0.00,-944.0,-2901.4,
2026-09-10T12:52,,,,,0.00,-944.0,-2901.4,
2026-09-10T12:53,,,,,0.00,-944.0,-2901.4,
2026-09-10T12:54,,,,,0.00,-944.0,-2901.4,
2026-09-10T12:55,,,,,0.00,-944.0,-2901.4,
2026-09-10T12:56,,,,,0.20,-943.8,-2901.2,
2026-09-10T12:57,,,,,0.00,-943.8,-2901.2,
2026-09-10T12:58,,,,,0.00,-943.8,-2901.2,
2026-09-10T12:59,,,,,0.00,-943.8,-2901.2,
2026-09-10T13:00,0.0,1.81,3.5,5.2,0.00,-943.8,-1902.2,13.50
2026-09-10T13:01,,,,,0.00,-943.8,-1902.2,
2026-09-10T13:02,,,,,0.00,-943.8,-1902.2,
2026-09-10T13:03,,,,,0.20,-943.6,-1902.0,
2026-09-10T13:04,,,,,0.00,-943.6,-1902.0,
2026-09-10T13:05,,,,,0.00,-943.6,-1902.0,
2026-09-10T13:06,,,,,0.00,-943.6,-1902.0,
2026-09-10T13:07,,,,,0.00,-943.6,-1902.0,
2026-09-10T13:08,,,,,0.00,-943.6,-1902.0,
2026-09-10T13:09,,,,,0.20,-943.4,-1901.8,
2026-09-10T13:10,,,,,0.00,-943.4,-1901.8,13.30
2026-09-10T13:11,,,,,0.00,-943.4,-1901.8,
2026-09-10T13:12,,,,,0.20,-943.2,-1901.6,
2026-09-10T13:13,,,,,0.00,-943.2,-1901.6,
2026-09-10T13:14,,,,,0.20,-943.0,-1901.4,
2026-09-10T13:15,,,,,0.00,-943.0,-1901.4,
2026-09-10T13:16,,,,,0.00,-943.0,-1901.4,
2026-09-10T13:17,,,,,0.00,-943.2,-1901.4,
2026-09-10T13:18,,,,,0.00,-943.2,-1901.4,
2026-09-10T13:19,,,,,0.00,-943.2,-1901.4,
2026-09-10T13:20,,,,,0.20,-943.0,-1901.2,13.20
2026-09-10T13:21,,,,,0.00,-943.0,-1901.2,
2026-09-10T13:22,,,,,0.00,-943.0,-1901.2,
2026-09-10T13:23,,,,,0.00,-943.0,-1901.2,
2026-09-10T13:24,,,,,0.00,-943.0,-1901.2,
2026-09-10T13:25,,,,,0.00,-943.0,-1901.2,
2026-09-10T13:26,,,,,0.00,-943.0,-1901.2,
2026-09-10T13:27,,,,,0.00,-943.0,-1901.2,
2026-09-10T13:28,,,,,0.00,-943.0,-1901.2,
2026-09-10T13:29,,,,,0.00,-943.0,-1901.2,
2026-09-10T13:30,,,,,0.00,-943.0,-1901.2,13.10
2026-09-10T13:31,,,,,0.00,-943.0,-1901.2,
2026-09-10T13:32,,,,,0.00,-943.0,-1901.2,
2026-09-10T13:33,,,,,0.20,-943.0,-1901.0,
2026-09-10T13:34,,,,,0.00,-943.0,-1901.0,
2026-09-10T13:35,,,,,0.00,-943.0,-1901.0,
2026-09-10T13:36,,,,,0.00,-943.0,-1901.0,
2026-09-10T13:37,,,,,0.00,-943.0,-1901.0,
2026-09-10T13:38,,,,,0.00,-943.0,-1901.0,
2026-09-10T13:39,,,,,0.20,-942.8,-1900.8,
2026-09-10T13:40,,,,,0.00,-942.8,-1900.8,13.10
2026-09-10T13:41,,,,,0.00,-942.8,-1900.8,
2026-09-10T13:42,,,,,0.00,-942.8,-1900.8,
2026-09-10T13:43,,,,,0.00,-943.0,-1900.8,
2026-09-10T13:44,,,,,0.20,-942.8,-1900.6,
2026-09-10T13:45,,,,,0.00,-942.8,-1900.6,
2026-09-10T13:46,,,,,0.00,-942.8,-1900.6,
2026-09-10T13:47,,,,,0.00,-942.8,-1900.6,
2026-09-10T13:48,,,,,0.00,-942.8,-1900.6,
2026-09-10T13:49,,,,,0.00,-943.0,-1900.6,
2026-09-10T13:50,,,,,0.00,-943.0,-1900.6,13.10
2026-09-10T13:51,,,,,0.00,-943.0,-1900.6,
2026-09-10T13:52,,,,,0.20,-942.8,-1900.4,
2026-09-10T13:53,,,,,0.00,-942.8,-1900.4,
2026-09-10T13:54,,,,,0.00,-942.8,-1900.4,
2026-09-10T13:55,,,,,0.00,-942.8,-1900.4,
2026-09-10T13:56,,,,,0.20,-942.6,-1900.2,
2026-09-10T13:57,,,,,0.00,-942.6,-1900.2,
2026-09-10T13:58,,,,,0.20,-942.4,-1900.0,
2026-09-10T13:59,,,,,0.20,-942.2,-1899.8,
2026-09-10T14:00,,,,,0.20,-942.0,-1899.6,13.10
2026-09-10T14:01,,,,,0.00,-942.2,-1899.6,
2026-09-10T14:02,,,,,0.20,-942.2,-1899.4,
2026-09-10T14:03,,,,,0.00,-942.6,-1899.4,
2026-09-10T14:04,,,,,0.20,-942.6,-1899.2,
2026-09-10T14:05,,,,,0.00,-942.8,-1899.2,
2026-09-10T14:06,,,,,0.00,-943.0,-1899.2,
2026-09-10T14:07,,,,,0.20,-942.8,-1899.0,
2026-09-10T14:08,,,,,0.00,-943.0,-1899.0,
2026-09-10T14:09,,,,,0.00,-943.0,-1899.0,
2026-09-10T14:10,,,,,0.20,-942.8,-1898.8,13.30
2026-09-10T14:11,,,,,0.00,-942.8,-1898.8,
2026-09-10T14:12,,,,,0.00,-942.8,-1898.8,
2026-09-10T14:13,,,,,0.00,-942.8,-1898.8,
2026-09-10T14:14,,,,,0.20,-942.6,-1898.6,
2026-09-10T14:15,,,,,0.00,-942.6,-1898.6,
2026-09-10T14:16,,,,,0.00,-942.6,-1898.6,
2026-09-10T14:17,,,,,0.00,-942.6,-1898.6,
2026-09-10T14:18,,,,,0.20,-942.4,-1898.4,
2026-09-10T14:19,,,,,0.00,-942.4,-1898.4,
2026-09-10T14:20,,,,,0.00,-942.4,-1898.4,13.30
2026-09-10T14:21,,,,,0.00,-942.4,-1898.4,
2026-09-10T14:22,,,,,0.20,-942.4,-1898.2,
2026-09-10T14:23,,,,,0.00,-942.4,-1898.2,
2026-09-10T14:24,,,,,0.00,-942.4,-1898.2,
2026-09-10T14:25,,,,,0.00,-942.4,-1898.2,
2026-09-10T14:26,,,,,0.20,-942.2,-1898.0,
2026-09-10T14:27,,,,,0.00,-942.2,-1898.0,
2026-09-10T14:28,,,,,0.00,-942.2,-1898.0,
2026-09-10T14:29,,,,,0.00,-942.2,-1898.0,
2026-09-10T14:30,,,,,0.00,-942.2,-1898.0,13.20
2026-09-10T14:31,,,,,0.00,-942.2,-1898.0,
2026-09-10T14:32,,,,,0.20,-942.2,-1897.8,
2026-09-10T14:33,,,,,0.00,-942.6,-1897.8,
2026-09-10T14:34,,,,,0.00,-943.2,-1897.8,
2026-09-10T14:35,,,,,0.00,-943.6,-1897.8,
2026-09-10T14:36,,,,,0.20,-943.8,-1897.6,
2026-09-10T14:37,,,,,0.00,-943.8,-1897.6,
2026-09-10T14:38,,,,,0.00,-944.0,-1897.6,
2026-09-10T14:39,,,,,0.00,-944.0,-1897.6,
2026-09-10T14:40,,,,,0.20,-944.0,-1897.4,13.10
2026-09-10T14:41,,,,,0.00,-944.0,-1897.4,
2026-09-10T14:42,,,,,0.20,-944.2,-1897.2,
2026-09-10T14:43,,,,,0.00,-944.6,-1897.2,
2026-09-10T14:44,,,,,0.20,-945.2,-1897.0,
2026-09-10T14:45,,,,,0.00,-945.6,-1897.0,
2026-09-10T14:46,,,,,0.00,-946.2,-1897.0,
2026-09-10T14:47,,,,,0.20,-946.2,-1896.8,
2026-09-10T14:48,,,,,0.00,-946.4,-1896.8,
2026-09-10T14:49,,,,,0.20,-946.6,-1896.6,
2026-09-10T14:50,,,,,0.00,-946.8,-1896.8,13.10
2026-09-10T14:51,,,,,0.00,-947.2,-1896.8,
2026-09-10T14:52,,,,,0.00,-947.8,-1896.8,
2026-09-10T14:53,,,,,0.20,-948.2,-1896.6,
2026-09-10T14:54,,,,,0.00,-948.6,-1896.6,
2026-09-10T14:55,,,,,0.00,-949.0,-1896.6,
2026-09-10T14:56,,,,,0.00,-949.2,-1896.6,
2026-09-10T14:57,,,,,0.00,-949.4,-1896.6,
2026-09-10T14:58,,,,,0.00,-949.6,-1896.8,
2026-09-10T14:59,,,,,0.00,-949.8,-1897.0,
2026-09-10T15:00,,,,,0.00,-950.0,-1897.2,13.10
2026-09-10T15:01,,,,,0.00,-950.2,-1897.4,
2026-09-10T15:02,,,,,0.00,-950.4,-1897.6,
2026-09-10T15:03,,,,,0.00,-950.6,-1897.6,
2026-09-10T15:04,,,,,0.00,-950.6,-1897.8,
2026-09-10T15:05,,,,,0.20,-950.6,-1897.6,
2026-09-10T15:06,,,,,0.00,-950.6,-1897.6,
2026-09-10T15:07,,,,,0.00,-950.8,-1897.6,
2026-09-10T15:08,,,,,0.00,-950.8,-1897.6,
2026-09-10T15:09,,,,,0.00,-951.0,-1897.6,
2026-09-10T15:10,,,,,0.00,-951.0,-1897.6,13.20
2026-09-10T15:11,,,,,0.20,-950.8,-1897.4,
2026-09-10T15:12,,,,,0.00,-951.0,-1897.4,
2026-09-10T15:13,,,,,0.00,-951.0,-1897.4,
2026-09-10T15:14,,,,,0.00,-951.2,-1897.4,
2026-09-10T15:15,,,,,0.00,-951.4,-1897.4,
2026-09-10T15:16,,,,,0.00,-951.8,-1897.4,
2026-09-10T15:17,,,,,0.00,-952.4,-1897.4,
2026-09-10T15:18,,,,,0.00,-952.8,-1897.4,
2026-09-10T15:19,,,,,0.00,-953.4,-1897.4,
2026-09-10T15:20,,,,,0.00,-953.6,-1897.4,13.30
2026-09-10T15:21,,,,,0.00,-954.0,-1897.4,
2026-09-10T15:22,,,,,0.00,-954.4,-1897.4,
2026-09-10T15:23,,,,,0.00,-954.4,-1897.4,
2026-09-10T15:24,,,,,0.00,-954.6,-1897.4,
2026-09-10T15:25,,,,,0.00,-954.6,-1897.4,
2026-09-10T15:26,,,,,0.00,-954.8,-1897.4,
2026-09-10T15:27,,,,,0.00,-954.8,-1897.4,
2026-09-10T15:28,,,,,0.00,-954.8,-1897.4,
2026-09-10T15:29,,,,,0.00,-954.8,-1897.4,
2026-09-10T15:30,,,,,0.00,-955.0,-1897.4,13.60
2026-09-10T15:31,,,,,0.00,-955.2,-1897.4,
2026-09-10T15:32,,,,,0.00,-955.4,-1897.4,
2026-09-10T15:33,,,,,0.00,-955.4,-1897.4,
2026-09-10T15:34,,,,,0.00,-955.6,-1897.4,
2026-09-10T15:35,,,,,0.00,-955.6,-1897.4,
2026-09-10T15:36,,,,,0.00,-955.8,-1897.4,
2026-09-10T15:37,,,,,0.00,-955.8,-1897.4,
2026-09-10T15:38,,,,,0.00,-956.0,-1897.4,
2026-09-10T15:39,,,,,0.00,-956.2,-1897.4,
2026-09-10T15:40,,,,,0.00,-956.2,-1897.4,13.80
2026-09-10T15:41,,,,,0.00,-956.4,-1897.4,
2026-09-10T15:42,,,,,0.00,-956.6,-1897.4,
2026-09-10T15:43,,,,,0.00,-956.8,-1897.4,
2026-09-10T15:44,,,,,0.00,-957.0,-1897.4,
2026-09-10T15:45,,,,,0.00,-957.2,-1897.4,
2026-09-10T15:46,,,,,0.00,-957.2,-1897.4,
2026-09-10T15:47,,,,,0.00,-957.4,-1897.4,
2026-09-10T15:48,,,,,0.00,-957.6,-1897.4,
2026-09-10T15:49,,,,,0.00,-957.6,-1897.4,
2026-09-10T15:50,,,,,0.00,-957.8,-1897.4,13.90
2026-09-10T15:51,,,,,0.00,-958.0,-1897.4,
2026-09-10T15:52,,,,,0.00,-958.0,-1897.4,
2026-09-10T15:53,,,,,0.00,-958.0,-1897.4,
2026-09-10T15:54,,,,,0.00,-958.0,-1897.4,
2026-09-10T15:55,,,,,0.00,-958.2,-1897.4,
2026-09-10T15:56,,,,,0.00,-958.2,-1897.4,
2026-09-10T15:57,,,,,0.00,-958.2,-1897.4,
2026-09-10T15:58,,,,,0.00,-958.2,-1897.4,
2026-09-10T15:59,,,,,0.00,-958.2,-1897.4,
2026-09-10T16:00,,,,,0.20,-958.2,-1897.2,14.20
2026-09-10T16:01,,,,,0.00,-958.2,-1897.2,
2026-09-10T16:02,,,,,0.00,-958.2,-1897.2,
2026-09-10T16:03,,,,,0.00,-958.2,-1897.2,
2026-09-10T16:04,,,,,0.00,-958.2,-1897.2,
2026-09-10T16:05,,,,,0.00,-958.2,-1897.2,
2026-09-10T16:06,,,,,0.00,-958.2,-1897.2,
2026-09-10T16:07,,,,,0.00,-958.2,-1897.2,
2026-09-10T16:08,,,,,0.00,-958.2,-1897.2,
2026-09-10T16:09,,,,,0.00,-958.2,-1897.2,
2026-09-10T16:10,,,,,0.00,-958.2,-1897.2,14.30
2026-09-10T16:11,,,,,0.00,-958.2,-1897.2,
2026-09-10T16:12,,,,,0.00,-958.2,-1897.2,
2026-09-10T16:13,,,,,0.00,-958.2,-1897.2,
2026-09-10T16:14,,,,,0.00,-958.2,-1897.2,
2026-09-10T16:15,,,,,0.00,-958.2,-1897.2,
2026-09-10T16:16,,,,,0.00,-958.2,-1897.2,
2026-09-10T16:17,,,,,0.00,-958.2,-1897.2,
2026-09-10T16:18,,,,,0.00,-958.2,-1897.2,
2026-09-10T16:19,,,,,0.00,-958.2,-1897.2,
2026-09-10T16:20,,,,,0.00,-958.2,-1897.2,14.30
2026-09-10T16:21,,,,,0.00,-958.2,-1897.2,
2026-09-10T16:22,,,,,0.00,-958.2,-1897.2,
2026-09-10T16:23,,,,,0.00,-958.2,-1897.2,
2026-09-10T16:24,,,,,0.00,-958.2,-1897.2,
2026-09-10T16:25,,,,,0.00,-958.2,-1897.2,
2026-09-10T16:26,,,,,0.00,-958.2,-1897.2,
2026-09-10T16:27,,,,,0.00,-958.2,-1897.2,
2026-09-10T16:28,,,,,0.00,-958.2,-1897.2,
2026-09-10T16:29,,,,,0.00,-958.2,-1897.2,
2026-09-10T16:30,,,,,0.00,-958.2,-1897.2,14.20
2026-09-10T16:31,,,,,0.00,-958.2,-1897.2,
2026-09-10T16:32,,,,,0.00,-958.2,-1897.2,
2026-09-10T16:33,,,,,0.00,-958.2,-1897.2,
2026-09-10T16:34,,,,,0.00,-958.2,-1897.2,
2026-09-10T16:35,,,,,0.00,-958.2,-1897.2,
2026-09-10T16:36,,,,,0.00,-958.2,-1897.2,
2026-09-10T16:37,,,,,0.00,-958.2,-1897.2,
2026-09-10T16:38,,,,,0.00,-958.2,-1897.2,
2026-09-10T16:39,,,,,0.00,-958.2,-1897.2,
2026-09-10T16:40,,,,,0.00,-958.2,-1897.2,14.40
2026-09-10T16:41,,,,,0.00,-958.2,-1897.2,
2026-09-10T16:42,,,,,0.00,-958.2,-1897.2,
2026-09-10T16:43,,,,,0.00,-958.2,-1897.2,
2026-09-10T16:44,,,,,0.00,-958.2,-1897.2,
2026-09-10T16:45,,,,,0.00,-958.2,-1897.2,
2026-09-10T16:46,,,,,0.00,-958.2,-1897.2,
2026-09-10T16:47,,,,,0.00,-958.2,-1897.2,
2026-09-10T16:48,,,,,0.00,-958.2,-1897.2,
2026-09-10T16:49,,,,,0.00,-958.2,-1897.2,
2026-09-10T16:50,,,,,0.00,-958.2,-1897.2,14.80
2026-09-10T16:51,,,,,0.00,-958.2,-1897.2,
2026-09-10T16:52,,,,,0.00,-958.2,-1897.2,
2026-09-10T16:53,,,,,0.00,-958.2,-1897.2,
2026-09-10T16:54,,,,,0.00,-958.2,-1897.2,
2026-09-10T16:55,,,,,0.00,-958.2,-1897.2,
2026-09-10T16:56,,,,,0.00,-958.2,-1897.2,
2026-09-10T16:57,,,,,0.00,-958.2,-1897.2,
2026-09-10T16:58,,,,,0.00,-958.2,-1897.2,
2026-09-10T16:59,,,,,0.00,-958.2,-1897.2,
2026-09-10T17:00,,,,,0.00,-958.2,-1897.2,14.70
2026-09-10T17:01,,,,,0.00,-958.2,-1897.2,
2026-09-10T17:02,,,,,0.00,-958.2,-1897.2,
2026-09-10T17:03,,,,,0.00,-958.2,-1897.2,
2026-09-10T17:04,,,,,0.00,-958.2,-1897.2,
2026-09-10T17:05,,,,,0.00,-958.2,-1897.2,
2026-09-10T17:06,,,,,0.00,-958.2,-1897.2,
2026-09-10T17:07,,,,,0.00,-958.2,-1897.2,
2026-09-10T17:08,,,,,0.00,-958.2,-1897.2,
2026-09-10T17:09,,,,,0.00,-958.2,-1897.2,
2026-09-10T17:10,,,,,0.00,-958.2,-1897.2,14.50
2026-09-10T17:11,,,,,0.00,-958.2,-1897.2,
2026-09-10T17:12,,,,,0.00,-958.2,-1897.2,
2026-09-10T17:13,,,,,0.00,-958.2,-1897.2,
2026-09-10T17:14,,,,,0.00,-958.2,-1897.4,
2026-09-10T17:15,,,,,0.00,-958.2,-1897.4,
2026-09-10T17:16,,,,,0.00,-958.2,-1897.4,
2026-09-10T17:17,,,,,0.00,-958.2,-1897.4,
2026-09-10T17:18,,,,,0.00,-958.2,-1897.4,
2026-09-10T17:19,,,,,0.00,-958.2,-1897.4,
2026-09-10T17:20,,,,,0.00,-958.2,-1897.4,14.90
2026-09-10T17:21,,,,,0.00,-958.2,-1897.4,
2026-09-10T17:22,,,,,0.00,-958.2,-1897.4,
2026-09-10T17:23,,,,,0.00,-958.2,-1897.4,
2026-09-10T17:24,,,,,0.00,-958.2,-1897.4,
2026-09-10T17:25,,,,,0.00,-958.2,-1897.4,
2026-09-10T17:26,,,,,0.00,-958.2,-1897.4,
2026-09-10T17:27,,,,,0.00,-958.2,-1897.4,
2026-09-10T17:28,,,,,0.00,-958.2,-1897.4,
2026-09-10T17:29,,,,,0.00,-958.2,-1897.4,
2026-09-10T17:30,,,,,0.00,-958.2,-1897.4,15.20
2026-09-10T17:31,,,,,0.00,-958.2,-1897.4,
2026-09-10T17:32,,,,,0.00,-958.2,-1897.4,
2026-09-10T17:33,,,,,0.00,-958.2,-1897.4,
2026-09-10T17:34,,,,,0.00,-958.2,-1897.4,
2026-09-10T17:35,,,,,0.00,-958.2,-1897.4,
2026-09-10T17:36,,,,,0.00,-958.2,-1897.4,
2026-09-10T17:37,,,,,0.00,-958.2,-1897.4,
2026-09-10T17:38,,,,,0.00,-958.2,-1897.4,
2026-09-10T17:39,,,,,0.00,-958.2,-1897.4,
2026-09-10T17:40,,,,,0.00,-958.2,-1897.4,15.10
2026-09-10T17:41,,,,,0.00,-958.2,-1897.4,
2026-09-10T17:42,,,,,0.00,-958.2,-1897.4,
2026-09-10T17:43,,,,,0.00,-958.2,-1897.4,
2026-09-10T17:44,,,,,0.00,-958.2,-1897.4,
2026-09-10T17:45,,,,,0.00,-958.2,-1897.4,
2026-09-10T17:46,,,,,0.00,-958.2,-1897.4,
2026-09-10T17:47,,,,,0.00,-958.2,-1897.4,
2026-09-10T17:48,,,,,0.00,-958.2,-1897.4,
2026-09-10T17:49,,,,,0.00,-958.2,-1897.4,
2026-09-10T17:50,,,,,0.00,-958.2,-1897.4,14.80
2026-09-10T17:51,,,,,0.00,-958.2,-1897.4,
2026-09-10T17:52,,,,,0.00,-958.2,-1897.4,
2026-09-10T17:53,,,,,0.00,-958.2,-1897.4,
2026-09-10T17:54,,,,,0.00,-958.2,-1897.4,
2026-09-10T17:55,,,,,0.00,-958.2,-1897.4,
2026-09-10T17:56,,,,,0.00,-958.2,-1897.4,
2026-09-10T17:57,,,,,0.00,-958.2,-1897.4,
2026-09-10T17:58,,,,,0.00,-958.2,-1897.4,
2026-09-10T17:59,,,,,0.00,-958.2,-1897.4,
2026-09-10T18:00,,,,,0.00,-958.2,-1897.4,14.40
2026-09-10T18:01,,,,,0.00,-958.2,-1897.4,
2026-09-10T18:02,,,,,0.00,-958.2,-1897.4,
2026-09-10T18:03,,,,,0.00,-958.2,-1897.4,
2026-09-10T18:04,,,,,0.00,-958.2,-1897.4,
2026-09-10T18:05,,,,,0.00,-958.2,-1897.4,
2026-09-10T18:06,,,,,0.00,-958.2,-1897.4,
2026-09-10T18:07,,,,,0.00,-958.2,-1897.4,
2026-09-10T18:08,,,,,0.00,-958.2,-1897.4,
2026-09-10T18:09,,,,,0.00,-958.2,-1897.4,
2026-09-10T18:10,,,,,0.00,-958.2,-1897.4,14.00
2026-09-10T18:11,,,,,0.00,-958.2,-1897.4,
2026-09-10T18:12,,,,,0.00,-958.2,-1897.4,
2026-09-10T18:13,,,,,0.00,-958.2,-1897.4,
2026-09-10T18:14,,,,,0.00,-958.2,-1897.4,
2026-09-10T18:15,,,,,0.00,-958.2,-1897.4,
2026-09-10T18:16,,,,,0.00,-958.2,-1897.4,
2026-09-10T18:17,,,,,0.00,-958.2,-1897.6,
2026-09-10T18:18,,,,,0.00,-958.2,-1897.6,
2026-09-10T18:19,,,,,0.00,-958.2,-1897.6,
2026-09-10T18:20,,,,,0.00,-958.2,-1897.8,14.30
2026-09-10T18:21,,,,,0.00,-958.2,-1897.8,
2026-09-10T18:22,,,,,0.00,-958.2,-1898.2,
2026-09-10T18:23,,,,,0.00,-958.2,-1898.6,
2026-09-10T18:24,,,,,0.00,-958.2,-1899.0,
2026-09-10T18:25,,,,,0.00,-958.2,-1899.8,
2026-09-10T18:26,,,,,0.00,-958.2,-1900.2,
2026-09-10T18:27,,,,,0.00,-958.2,-1900.6,
2026-09-10T18:28,,,,,0.00,-958.2,-1900.8,
2026-09-10T18:29,,,,,0.00,-958.2,-1901.2,
2026-09-10T18:30,,,,,0.00,-958.2,-1901.6,14.30
2026-09-10T18:31,,,,,0.00,-958.2,-1901.8,
2026-09-10T18:32,,,,,0.00,-958.2,-1902.4,
2026-09-10T18:33,,,,,0.00,-958.2,-1903.0,
2026-09-10T18:34,,,,,0.00,-958.4,-1903.2,
2026-09-10T18:35,,,,,0.00,-958.4,-1903.4,
2026-09-10T18:36,,,,,0.00,-958.4,-1903.4,
2026-09-10T18:37,,,,,0.00,-958.4,-1903.4,
2026-09-10T18:38,,,,,0.00,-958.4,-1903.6,
2026-09-10T18:39,,,,,0.00,-958.4,-1903.6,
2026-09-10T18:40,,,,,0.00,-958.4,-1903.8,13.80
2026-09-10T18:41,,,,,0.00,-958.4,-1903.8,
2026-09-10T18:42,,,,,0.00,-958.4,-1903.8,
2026-09-10T18:43,,,,,0.00,-958.4,-1903.8,
2026-09-10T18:44,,,,,0.00,-958.4,-1903.8,
2026-09-10T18:45,,,,,0.00,-958.6,-1903.8,
2026-09-10T18:46,,,,,0.00,-958.6,-1903.8,
2026-09-10T18:47,,,,,0.00,-958.6,-1903.8,
2026-09-10T18:48,,,,,0.00,-958.6,-1903.8,
2026-09-10T18:49,,,,,0.00,-958.6,-1903.8,
2026-09-10T18:50,,,,,0.00,-958.6,-1903.8,13.50
2026-09-10T18:51,,,,,0.00,-958.6,-1903.8,
2026-09-10T18:52,,,,,0.00,-958.6,-1903.8,
2026-09-10T18:53,,,,,0.00,-958.6,-1903.8,
2026-09-10T18:54,,,,,0.00,-958.6,-1903.8,
2026-09-10T18:55,,,,,0.00,-958.6,-1903.8,
2026-09-10T18:56,,,,,0.00,-958.6,-1903.8,
2026-09-10T18:57,,,,,0.00,-958.6,-1903.8,
2026-09-10T18:58,,,,,0.00,-958.8,-1903.8,
2026-09-10T18:59,,,,,0.00,-958.8,-1903.8,
2026-09-10T19:00,,,,,0.00,-958.8,-1903.8,13.40
2026-09-10T19:01,,,,,0.00,-958.8,-1903.8,
2026-09-10T19:02,,,,,0.00,-958.8,-1903.8,
2026-09-10T19:03,,,,,0.00,-958.8,-1903.8,
2026-09-10T19:04,,,,,0.00,-958.8,-1903.8,
2026-09-10T19:05,,,,,0.00,-958.8,-1903.8,
2026-09-10T19:06,,,,,0.00,-959.0,-1903.8,
2026-09-10T19:07,,,,,0.00,-959.0,-1903.8,
2026-09-10T19:08,,,,,0.00,-959.2,-1903.8,
2026-09-10T19:09,,,,,0.00,-959.2,-1903.8,
2026-09-10T19:10,,,,,0.00,-959.4,-1903.8,13.20
2026-09-10T19:11,,,,,0.00,-959.6,-1903.8,
2026-09-10T19:12,,,,,0.00,-959.8,-1903.8,
2026-09-10T19:13,,,,,0.00,-960.0,-1903.8,
2026-09-10T19:14,,,,,0.00,-960.0,-1903.8,
2026-09-10T19:15,,,,,0.00,-960.0,-1903.8,
2026-09-10T19:16,,,,,0.00,-960.0,-1903.8,
2026-09-10T19:17,,,,,0.00,-960.0,-1903.8,
2026-09-10T19:18,,,,,0.00,-960.0,-1903.8,
2026-09-10T19:19,,,,,0.00,-960.0,-1904.0,
2026-09-10T19:20,,,,,0.00,-960.2,-1904.0,13.20
2026-09-10T19:21,,,,,0.00,-960.2,-1904.0,
2026-09-10T19:22,,,,,0.00,-960.2,-1904.0,
2026-09-10T19:23,,,,,0.00,-960.2,-1904.0,
2026-09-10T19:24,,,,,0.00,-960.2,-1904.2,
2026-09-10T19:25,,,,,0.00,-960.2,-1904.2,
2026-09-10T19:26,,,,,0.00,-960.2,-1904.2,
2026-09-10T19:27,,,,,0.00,-960.4,-1904.2,
2026-09-10T19:28,,,,,0.00,-960.4,-1904.4,
2026-09-10T19:29,,,,,0.00,-960.4,-1904.4,
2026-09-10T19:30,,,,,0.00,-960.4,-1904.6,13.10
2026-09-10T19:31,,,,,0.00,-960.4,-1904.6,
2026-09-10T19:32,,,,,0.00,-960.4,-1904.6,
2026-09-10T19:33,,,,,0.00,-960.4,-1904.6,
2026-09-10T19:34,,,,,0.00,-960.4,-1904.6,
2026-09-10T19:35,,,,,0.00,-960.4,-1904.6,
2026-09-10T19:36,,,,,0.00,-960.6,-1904.6,
2026-09-10T19:37,,,,,0.00,-960.6,-1904.6,
2026-09-10T19:38,,,,,0.00,-960.6,-1904.6,
2026-09-10T19:39,,,,,0.00,-960.6,-1904.6,
2026-09-10T19:40,,,,,0.00,-960.6,-1904.6,12.80
2026-09-10T19:41,,,,,0.00,-960.6,-1904.6,
2026-09-10T19:42,,,,,0.00,-960.6,-1904.6,
2026-09-10T19:43,,,,,0.00,-960.8,-1904.6,
2026-09-10T19:44,,,,,0.00,-960.8,-1904.6,
2026-09-10T19:45,,,,,0.00,-960.8,-1904.6,
2026-09-10T19:46,,,,,0.00,-960.8,-1904.6,
2026-09-10T19:47,,,,,0.00,-961.0,-1904.6,
2026-09-10T19:48,,,,,0.00,-961.0,-1904.6,
2026-09-10T19:49,,,,,0.00,-961.0,-1904.6,
2026-09-10T19:50,,,,,0.00,-961.0,-1904.6,12.60
2026-09-10T19:51,,,,,0.00,-961.0,-1904.8,
2026-09-10T19:52,,,,,0.00,-961.2,-1904.8,
2026-09-10T19:53,,,,,0.00,-961.2,-1904.8,
2026-09-10T19:54,,,,,0.00,-961.2,-1904.8,
2026-09-10T19:55,,,,,0.00,-961.2,-1904.8,
2026-09-10T19:56,,,,,0.00,-961.4,-1904.8,
2026-09-10T19:57,,,,,0.00,-961.4,-1904.8,
2026-09-10T19:58,,,,,0.00,-961.4,-1904.8,
2026-09-10T19:59,,,,,0.00,-961.6,-1904.8,
2026-09-10T20:00,,,,,0.00,-961.6,-1904.8,12.40
2026-09-10T20:01,,,,,0.00,-961.6,-1904.8,
2026-09-10T20:02,,,,,0.00,-961.6,-1904.8,
2026-09-10T20:03,,,,,0.00,-961.6,-1904.8,
2026-09-10T20:04,,,,,0.00,-961.6,-1904.8,
2026-09-10T20:05,,,,,0.00,-961.6,-1904.8,
2026-09-10T20:06,,,,,0.00,-961.6,-1904.8,
2026-09-10T20:07,,,,,0.00,-961.6,-1904.8,
2026-09-10T20:08,,,,,0.00,-961.6,-1904.8,
2026-09-10T20:09,,,,,0.00,-961.6,-1904.8,
2026-09-10T20:10,,,,,0.00,-961.6,-1904.8,12.00
2026-09-10T20:11,,,,,0.00,-961.6,-1904.8,
2026-09-10T20:12,,,,,0.00,-961.8,-1904.8,
2026-09-10T20:13,,,,,0.00,-961.8,-1904.8,
2026-09-10T20:14,,,,,0.00,-961.8,-1904.8,
2026-09-10T20:15,,,,,0.00,-961.8,-1904.8,
2026-09-10T20:16,,,,,0.00,-961.8,-1904.8,
2026-09-10T20:17,,,,,0.00,-961.8,-1904.8,
2026-09-10T20:18,,,,,0.00,-961.8,-1904.8,
2026-09-10T20:19,,,,,0.00,-961.8,-1904.8,
2026-09-10T20:20,,,,,0.00,-961.8,-1904.8,11.80
2026-09-10T20:21,,,,,0.00,-961.8,-1904.8,
2026-09-10T20:22,,,,,0.00,-961.8,-1904.8,
2026-09-10T20:23,,,,,0.00,-961.8,-1904.8,
2026-09-10T20:24,,,,,0.00,-961.8,-1904.8,
2026-09-10T20:25,,,,,0.00,-961.8,-1904.8,
2026-09-10T20:26,,,,,0.00,-962.0,-1904.8,
2026-09-10T20:27,,,,,0.00,-962.0,-1904.8,
2026-09-10T20:28,,,,,0.00,-962.0,-1904.8,
2026-09-10T20:29,,,,,0.00,-962.0,-1904.8,
2026-09-10T20:30,,,,,0.00,-962.0,-1904.8,11.60
2026-09-10T20:31,,,,,0.00,-962.0,-1904.8,
2026-09-10T20:32,,,,,0.00,-962.0,-1904.8,
2026-09-10T20:33,,,,,0.00,-962.0,-1904.8,
2026-09-10T20:34,,,,,0.00,-962.2,-1904.8,
2026-09-10T20:35,,,,,0.00,-962.2,-1904.8,
2026-09-10T20:36,,,,,0.00,-962.2,-1904.8,
2026-09-10T20:37,,,,,0.00,-962.2,-1904.8,
2026-09-10T20:38,,,,,0.00,-962.2,-1904.8,
2026-09-10T20:39,,,,,0.00,-962.2,-1904.8,
2026-09-10T20:40,,,,,0.00,-962.2,-1904.8,11.40
2026-09-10T20:41,,,,,0.00,-962.2,-1904.8,
2026-09-10T20:42,,,,,0.00,-962.2,-1904.8,
2026-09-10T20:43,,,,,0.00,-962.4,-1904.8,
2026-09-10T20:44,,,,,0.00,-962.4,-1904.8,
2026-09-10T20:45,,,,,0.00,-962.4,-1904.8,
2026-09-10T20:46,,,,,0.00,-962.4,-1904.8,
2026-09-10T20:47,,,,,0.00,-962.4,-1904.8,
2026-09-10T20:48,,,,,0.00,-962.4,-1904.8,
2026-09-10T20:49,,,,,0.00,-962.4,-1904.8,
2026-09-10T20:50,,,,,0.00,-962.4,-1904.8,11.30
2026-09-10T20:51,,,,,0.00,-962.4,-1904.8,
2026-09-10T20:52,,,,,0.00,-962.4,-1904.8,
2026-09-10T20:53,,,,,0.00,-962.4,-1904.8,
2026-09-10T20:54,,,,,0.00,-962.4,-1904.8,
2026-09-10T20:55,,,,,0.00,-962.4,-1904.8,
2026-09-10T20:56,,,,,0.00,-962.4,-1904.8,
2026-09-10T20:57,,,,,0.00,-962.4,-1904.8,
2026-09-10T20:58,,,,,0.00,-962.6,-1904.8,
2026-09-10T20:59,,,,,0.00,-962.6,-1904.8,
2026-09-10T21:00,,,,,0.00,-962.6,-1904.8,11.50
2026-09-10T21:01,,,,,0.00,-962.8,-1904.8,
2026-09-10T21:02,,,,,0.00,-962.8,-1904.8,
2026-09-10T21:03,,,,,0.00,-962.8,-1904.8,
2026-09-10T21:04,,,,,0.00,-963.0,-1904.8,
2026-09-10T21:05,,,,,0.00,-963.0,-1904.8,
2026-09-10T21:06,,,,,0.00,-963.0,-1904.8,
2026-09-10T21:07,,,,,0.00,-963.2,-1904.8,
2026-09-10T21:08,,,,,0.00,-963.2,-1904.8,
2026-09-10T21:09,,,,,0.00,-963.2,-1904.8,
2026-09-10T21:10,,,,,0.00,-963.2,-1904.8,11.60
2026-09-10T21:11,,,,,0.00,-963.4,-1904.8,
2026-09-10T21:12,,,,,0.00,-963.4,-1904.8,
2026-09-10T21:13,,,,,0.00,-963.4,-1904.8,
2026-09-10T21:14,,,,,0.00,-963.6,-1904.8,
2026-09-10T21:15,,,,,0.00,-963.6,-1904.8,
2026-09-10T21:16,,,,,0.00,-963.8,-1904.8,
2026-09-10T21:17,,,,,0.00,-964.0,-1904.8,
2026-09-10T21:18,,,,,0.00,-964.2,-1904.8,
2026-09-10T21:19,,,,,0.00,-964.4,-1904.8,
2026-09-10T21:20,,,,,0.00,-964.6,-1904.8,11.40
2026-09-10T21:21,,,,,0.00,-964.6,-1904.8,
2026-09-10T21:22,,,,,0.00,-964.8,-1904.8,
2026-09-10T21:23,,,,,0.00,-965.0,-1904.8,
2026-09-10T21:24,,,,,0.00,-965.2,-1904.8,
2026-09-10T21:25,,,,,0.00,-965.2,-1904.8,
2026-09-10T21:26,,,,,0.00,-965.4,-1904.8,
2026-09-10T21:27,,,,,0.00,-965.6,-1904.8,
2026-09-10T21:28,,,,,0.00,-965.8,-1904.8,
2026-09-10T21:29,,,,,0.00,-966.0,-1904.8,
2026-09-10T21:30,,,,,0.00,-966.2,-1904.8,11.50
2026-09-10T21:31,,,,,0.00,-966.4,-1904.8,
2026-09-10T21:32,,,,,0.00,-966.4,-1904.8,
2026-09-10T21:33,,,,,0.00,-966.4,-1904.8,
2026-09-10T21:34,,,,,0.00,-966.6,-1904.8,
2026-09-10T21:35,,,,,0.00,-966.6,-1904.8,
2026-09-10T21:36,,,,,0.00,-966.6,-1904.8,
2026-09-10T21:37,,,,,0.00,-966.6,-1904.8,
2026-09-10T21:38,,,,,0.00,-966.8,-1904.8,
2026-09-10T21:39,,,,,0.00,-966.8,-1904.8,
2026-09-10T21:40,,,,,0.00,-966.8,-1904.8,11.30
2026-09-10T21:41,,,,,0.00,-966.8,-1904.8,
2026-09-10T21:42,,,,,0.00,-966.8,-1904.8,
2026-09-10T21:43,,,,,0.00,-966.8,-1904.8,
2026-09-10T21:44,,,,,0.00,-966.8,-1904.8,
2026-09-10T21:45,,,,,0.00,-966.8,-1904.8,
2026-09-10T21:46,,,,,0.00,-966.8,-1904.8,
2026-09-10T21:47,,,,,0.00,-966.8,-1904.8,
2026-09-10T21:48,,,,,0.00,-966.8,-1904.8,
2026-09-10T21:49,,,,,0.00,-966.8,-1904.8,
2026-09-10T21:50,,,,,0.00,-966.8,-1904.8,11.20
2026-09-10T21:51,,,,,0.00,-966.8,-1904.8,
2026-09-10T21:52,,,,,0.00,-966.8,-1904.8,
2026-09-10T21:53,,,,,0.00,-967.0,-1904.8,
2026-09-10T21:54,,,,,0.00,-967.0,-1904.8,
2026-09-10T21:55,,,,,0.00,-967.0,-1904.8,
2026-09-10T21:56,,,,,0.00,-967.0,-1904.8,
2026-09-10T21:57,,,,,0.00,-967.0,-1904.8,
2026-09-10T21:58,,,,,0.00,-967.0,-1904.8,
2026-09-10T21:59,,,,,0.00,-967.0,-1904.8,
2026-09-10T22:00,,,,,0.00,-967.0,-1904.8,11.20
2026-09-10T22:01,,,,,0.00,-967.0,-1904.8,
2026-09-10T22:02,,,,,0.00,-967.0,-1904.8,
2026-09-10T22:03,,,,,0.00,-967.0,-1904.8,
2026-09-10T22:04,,,,,0.00,-967.0,-1904.8,
2026-09-10T22:05,,,,,0.00,-967.0,-1904.8,
2026-09-10T22:06,,,,,0.00,-967.0,-1904.8,
2026-09-10T22:07,,,,,0.00,-967.0,-1904.8,
2026-09-10T22:08,,,,,0.00,-967.0,-1904.8,
2026-09-10T22:09,,,,,0.00,-967.0,-1904.8,
2026-09-10T22:10,,,,,0.00,-967.0,-1904.8,11.10
2026-09-10T22:11,,,,,0.00,-967.0,-1904.8,
2026-09-10T22:12,,,,,0.00,-967.0,-1904.8,
2026-09-10T22:13,,,,,0.00,-967.0,-1904.8,
2026-09-10T22:14,,,,,0.00,-967.0,-1904.8,
2026-09-10T22:15,,,,,0.00,-967.0,-1904.8,
2026-09-10T22:16,,,,,0.00,-967.0,-1904.8,
2026-09-10T22:17,,,,,0.00,-967.0,-1904.8,
2026-09-10T22:18,,,,,0.00,-967.0,-1904.8,
2026-09-10T22:19,,,,,0.00,-967.0,-1904.8,
2026-09-10T22:20,,,,,0.00,-967.0,-1904.8,11.20
2026-09-10T22:21,,,,,0.00,-967.0,-1904.8,
2026-09-10T22:22,,,,,0.00,-967.0,-1904.8,
2026-09-10T22:23,,,,,0.00,-967.0,-1904.8,
2026-09-10T22:24,,,,,0.00,-967.2,-1904.8,
2026-09-10T22:25,,,,,0.00,-967.2,-1904.8,
2026-09-10T22:26,,,,,0.00,-967.2,-1904.8,
2026-09-10T22:27,,,,,0.00,-967.2,-1904.8,
2026-09-10T22:28,,,,,0.00,-967.2,-1904.8,
2026-09-10T22:29,,,,,0.00,-967.2,-1904.8,
2026-09-10T22:30,,,,,0.00,-967.2,-1904.8,11.40
2026-09-10T22:31,,,,,0.00,-967.2,-1904.8,
2026-09-10T22:32,,,,,0.00,-967.4,-1904.8,
2026-09-10T22:33,,,,,0.00,-967.4,-1904.8,
2026-09-10T22:34,,,,,0.00,-967.4,-1904.8,
2026-09-10T22:35,,,,,0.00,-967.4,-1904.8,
2026-09-10T22:36,,,,,0.00,-967.4,-1904.8,
2026-09-10T22:37,,,,,0.00,-967.4,-1904.8,
2026-09-10T22:38,,,,,0.00,-967.4,-1904.8,
2026-09-10T22:39,,,,,0.00,-967.4,-1904.8,
2026-09-10T22:40,,,,,0.00,-967.4,-1904.8,11.40
2026-09-10T22:41,,,,,0.00,-967.4,-1904.8,
2026-09-10T22:42,,,,,0.00,-967.4,-1904.8,
2026-09-10T22:43,,,,,0.00,-967.4,-1904.8,
2026-09-10T22:44,,,,,0.00,-967.4,-1904.8,
2026-09-10T22:45,,,,,0.00,-967.4,-1904.8,
2026-09-10T22:46,,,,,0.00,-967.4,-1904.8,
2026-09-10T22:47,,,,,0.00,-967.4,-1904.8,
2026-09-10T22:48,,,,,0.00,-967.4,-1904.8,
2026-09-10T22:49,,,,,0.00,-967.4,-1904.8,
2026-09-10T22:50,,,,,0.00,-967.4,-1904.8,11.30
2026-09-10T22:51,,,,,0.00,-967.4,-1904.8,
2026-09-10T22:52,,,,,0.00,-967.4,-1904.8,
2026-09-10T22:53,,,,,0.00,-967.4,-1904.8,
2026-09-10T22:54,,,,,0.00,-967.4,-1904.8,
2026-09-10T22:55,,,,,0.00,-967.4,-1904.8,
2026-09-10T22:56,,,,,0.00,-967.4,-1904.8,
2026-09-10T22:57,,,,,0.00,-967.4,-1904.8,
2026-09-10T22:58,,,,,0.00,-967.6,-1904.8,
2026-09-10T22:59,,,,,0.00,-967.6,-1904.8,
2026-09-10T23:00,,,,,0.00,-967.6,-1904.8,11.30
2026-09-10T23:01,,,,,0.00,-967.6,-1904.8,
2026-09-10T23:02,,,,,0.00,-967.6,-1904.8,
2026-09-10T23:03,,,,,0.00,-967.6,-1904.8,
2026-09-10T23:04,,,,,0.00,-967.6,-1904.8,
2026-09-10T23:05,,,,,0.00,-967.6,-1904.8,
2026-09-10T23:06,,,,,0.00,-967.6,-1904.8,
2026-09-10T23:07,,,,,0.00,-967.6,-1904.8,
2026-09-10T23:08,,,,,0.00,-967.6,-1904.8,
2026-09-10T23:09,,,,,0.00,-967.6,-1904.8,
2026-09-10T23:10,,,,,0.00,-967.6,-1904.8,11.10
2026-09-10T23:11,,,,,0.00,-967.6,-1904.8,
2026-09-10T23:12,,,,,0.00,-967.6,-1904.8,
2026-09-10T23:13,,,,,0.00,-967.6,-1904.8,
2026-09-10T23:14,,,,,0.00,-967.6,-1904.8,
2026-09-10T23:15,,,,,0.00,-967.6,-1904.8,
2026-09-10T23:16,,,,,0.00,-967.6,-1904.8,
2026-09-10T23:17,,,,,0.00,-967.6,-1904.8,
2026-09-10T23:18,,,,,0.00,-967.6,-1904.8,
2026-09-10T23:19,,,,,0.00,-967.6,-1904.8,
2026-09-10T23:20,,,,,0.00,-967.6,-1904.8,11.20
2026-09-10T23:21,,,,,0.00,-967.6,-1904.8,
2026-09-10T23:22,,,,,0.00,-967.6,-1904.8,
2026-09-10T23:23,,,,,0.00,-967.6,-1904.8,
2026-09-10T23:24,,,,,0.00,-967.6,-1904.8,
2026-09-10T23:25,,,,,0.00,-967.6,-1904.8,
2026-09-10T23:26,,,,,0.00,-967.6,-1904.8,
2026-09-10T23:27,,,,,0.00,-967.6,-1904.8,
2026-09-10T23:28,,,,,0.00,-967.6,-1904.8,
2026-09-10T23:29,,,,,0.00,-967.6,-1904.8,
2026-09-10T23:30,,,,,0.00,-967.6,-1904.8,11.40
2026-09-10T23:31,,,,,0.00,-967.6,-1904.8,
2026-09-10T23:32,,,,,0.00,-967.6,-1904.8,
2026-09-10T23:33,,,,,0.00,-967.6,-1904.8,
2026-09-10T23:34,,,,,0.00,-967.6,-1905.0,
2026-09-10T23:35,,,,,0.00,-967.6,-1905.0,
2026-09-10T23:36,,,,,0.00,-967.6,-1905.0,
2026-09-10T23:37,,,,,0.00,-967.6,-1905.0,
2026-09-10T23:38,,,,,0.00,-967.6,-1905.2,
2026-09-10T23:39,,,,,0.00,-967.6,-1905.4,
2026-09-10T23:40,,,,,0.00,-967.6,-1905.8,11.50
2026-09-10T23:41,,,,,0.00,-967.6,-1905.8,
2026-09-10T23:42,,,,,0.00,-967.6,-1906.0,
2026-09-10T23:43,,,,,0.00,-967.6,-1906.2,
2026-09-10T23:44,,,,,0.00,-967.6,-1906.4,
2026-09-10T23:45,,,,,0.00,-967.6,-1906.6,
2026-09-10T23:46,,,,,0.00,-967.6,-1906.8,
2026-09-10T23:47,,,,,0.00,-967.6,-1907.0,
2026-09-10T23:48,,,,,0.00,-967.6,-1907.2,
2026-09-10T23:49,,,,,0.00,-967.6,-1908.0,
2026-09-10T23:50,,,,,0.00,-967.6,-1909.0,11.60
2026-09-10T23:51,,,,,0.00,-967.6,-1909.2,
2026-09-10T23:52,,,,,0.00,-967.6,-1909.4,
2026-09-10T23:53,,,,,0.00,-967.6,-1909.4,
2026-09-10T23:54,,,,,0.00,-967.6,-1909.6,
2026-09-10T23:55,,,,,0.00,-967.6,-1909.8,
2026-09-10T23:56,,,,,0.00,-967.6,-1909.8,
2026-09-10T23:57,,,,,0.00,-967.6,-1910.0,
2026-09-10T23:58,,,,,0.00,-967.6,-1910.0,
2026-09-10T23:59,,,,,0.00,-967.6,-1910.0,
2026-09-11T00:00,,,,,0.00,-967.6,-1910.2,11.80
2026-09-11T00:01,,,,,0.00,-967.6,-1910.2,
2026-09-11T00:02,,,,,0.00,-967.6,-1910.2,
2026-09-11T00:03,,,,,0.00,-967.6,-1910.2,
2026-09-11T00:04,,,,,0.00,-967.6,-1910.4,
2026-09-11T00:05,,,,,0.00,-967.6,-1910.4,
2026-09-11T00:06,,,,,0.00,-967.6,-1910.4,
2026-09-11T00:07,,,,,0.00,-967.6,-1910.4,
2026-09-11T00:08,,,,,0.00,-967.6,-1910.4,
2026-09-11T00:09,,,,,0.00,-967.6,-1910.6,
2026-09-11T00:10,,,,,0.00,-967.6,-1910.6,11.80
2026-09-11T00:11,,,,,0.00,-967.6,-1910.6,
2026-09-11T00:12,,,,,0.00,-967.6,-1910.6,
2026-09-11T00:13,,,,,0.00,-967.6,-1910.6,
2026-09-11T00:14,,,,,0.00,-967.6,-1910.8,
2026-09-11T00:15,,,,,0.00,-967.6,-1910.8,
2026-09-11T00:16,,,,,0.00,-967.6,-1910.8,
2026-09-11T00:17,,,,,0.00,-967.6,-1911.0,
2026-09-11T00:18,,,,,0.00,-967.6,-1911.0,
2026-09-11T00:19,,,,,0.00,-967.6,-1911.2,
2026-09-11T00:20,,,,,0.00,-967.6,-1911.4,11.80
2026-09-11T00:21,,,,,0.00,-967.6,-1911.4,
2026-09-11T00:22,,,,,0.00,-967.8,-1911.6,
2026-09-11T00:23,,,,,0.00,-967.8,-1911.8,
2026-09-11T00:24,,,,,0.00,-967.8,-1912.0,
2026-09-11T00:25,,,,,0.00,-967.8,-1912.2,
2026-09-11T00:26,,,,,0.00,-967.8,-1912.4,
2026-09-11T00:27,,,,,0.00,-967.8,-1912.6,
2026-09-11T00:28,,,,,0.00,-968.0,-1912.8,
2026-09-11T00:29,,,,,0.00,-968.0,-1913.2,
2026-09-11T00:30,,,,,0.00,-968.0,-1913.2,11.80
2026-09-11T00:31,,,,,0.00,-968.2,-1913.4,
2026-09-11T00:32,,,,,0.00,-968.2,-1913.6,
2026-09-11T00:33,,,,,0.00,-968.2,-1913.8,
2026-09-11T00:34,,,,,0.00,-968.2,-1914.0,
2026-09-11T00:35,,,,,0.00,-968.2,-1914.2,
2026-09-11T00:36,,,,,0.00,-968.4,-1914.4,
2026-09-11T00:37,,,,,0.00,-968.4,-1914.8,
2026-09-11T00:38,,,,,0.00,-968.4,-1915.2,
2026-09-11T00:39,,,,,0.00,-968.4,-1915.2,
2026-09-11T00:40,,,,,0.00,-968.4,-1915.4,11.80
2026-09-11T00:41,,,,,0.00,-968.4,-1915.4,
2026-09-11T00:42,,,,,0.00,-968.4,-1915.4,
2026-09-11T00:43,,,,,0.00,-968.4,-1915.6,
2026-09-11T00:44,,,,,0.00,-968.4,-1915.8,
2026-09-11T00:45,,,,,0.00,-968.4,-1916.0,
2026-09-11T00:46,,,,,0.00,-968.4,-1916.4,
2026-09-11T00:47,,,,,0.00,-968.4,-1916.6,
2026-09-11T00:48,,,,,0.00,-968.4,-1916.8,
2026-09-11T00:49,,,,,0.00,-968.4,-1917.0,
2026-09-11T00:50,,,,,0.00,-968.6,-1917.0,11.80
2026-09-11T00:51,,,,,0.00,-968.6,-1917.2,
2026-09-11T00:52,,,,,0.00,-968.6,-1917.4,
2026-09-11T00:53,,,,,0.00,-968.6,-1917.6,
2026-09-11T00:54,,,,,0.00,-968.8,-1917.6,
2026-09-11T00:55,,,,,0.00,-968.8,-1917.8,
2026-09-11T00:56,,,,,0.00,-968.8,-1918.0,
2026-09-11T00:57,,,,,0.00,-968.8,-1918.0,
2026-09-11T00:58,,,,,0.00,-969.0,-1918.2,
2026-09-11T00:59,,,,,0.00,-969.0,-1918.2,
2026-09-11T01:00,,,,,0.00,-969.0,-1918.4,11.70
2026-09-11T01:01,,,,,0.00,-969.2,-1918.4,
2026-09-11T01:02,,,,,0.00,-969.4,-1918.4,
2026-09-11T01:03,,,,,0.00,-969.4,-1918.4,
2026-09-11T01:04,,,,,0.00,-969.6,-1918.6,
2026-09-11T01:05,,,,,0.00,-969.6,-1918.6,
2026-09-11T01:06,,,,,0.00,-969.6,-1918.6,
2026-09-11T01:07,,,,,0.00,-969.8,-1918.6,
2026-09-11T01:08,,,,,0.00,-970.0,-1918.6,
2026-09-11T01:09,,,,,0.00,-970.0,-1918.6,
2026-09-11T01:10,,,,,0.00,-970.0,-1918.6,11.60
2026-09-11T01:11,,,,,0.00,-970.2,-1918.6,
2026-09-11T01:12,,,,,0.00,-970.2,-1918.6,
2026-09-11T01:13,,,,,0.00,-970.4,-1918.6,
2026-09-11T01:14,,,,,0.00,-970.4,-1918.8,
2026-09-11T01:15,,,,,0.00,-970.4,-1918.8,
2026-09-11T01:16,,,,,0.00,-970.6,-1918.8,
2026-09-11T01:17,,,,,0.00,-970.6,-1919.0,
2026-09-11T01:18,,,,,0.00,-970.8,-1919.4,
2026-09-11T01:19,,,,,0.00,-971.0,-1919.8,
2026-09-11T01:20,,,,,0.00,-971.0,-1920.2,11.50
2026-09-11T01:21,,,,,0.00,-971.2,-1920.4,
2026-09-11T01:22,,,,,0.00,-971.2,-1920.6,
2026-09-11T01:23,,,,,0.00,-971.4,-1920.8,
2026-09-11T01:24,,,,,0.00,-971.4,-1921.0,
2026-09-11T01:25,,,,,0.00,-971.4,-1921.0,
2026-09-11T01:26,,,,,0.00,-971.6,-1921.0,
2026-09-11T01:27,,,,,0.00,-971.6,-1921.0,
2026-09-11T01:28,,,,,0.00,-971.6,-1921.0,
2026-09-11T01:29,,,,,0.00,-971.6,-1921.0,
2026-09-11T01:30,,,,,0.00,-971.8,-1921.0,11.70
2026-09-11T01:31,,,,,0.00,-971.8,-1921.0,
2026-09-11T01:32,,,,,0.00,-971.8,-1921.0,
2026-09-11T01:33,,,,,0.00,-971.8,-1921.0,
2026-09-11T01:34,,,,,0.00,-971.8,-1921.2,
2026-09-11T01:35,,,,,0.00,-971.8,-1921.2,
2026-09-11T01:36,,,,,0.00,-971.8,-1921.2,
2026-09-11T01:37,,,,,0.00,-971.8,-1921.2,
2026-09-11T01:38,,,,,0.00,-971.8,-1921.2,
2026-09-11T01:39,,,,,0.00,-971.8,-1921.2,
2026-09-11T01:40,,,,,0.00,-971.8,-1921.2,11.80
2026-09-11T01:41,,,,,0.00,-971.8,-1921.2,
2026-09-11T01:42,,,,,0.00,-971.8,-1921.2,
2026-09-11T01:43,,,,,0.00,-971.8,-1921.2,
2026-09-11T01:44,,,,,0.00,-971.8,-1921.2,
2026-09-11T01:45,,,,,0.00,-971.8,-1921.2,
2026-09-11T01:46,,,,,0.00,-971.8,-1921.4,
2026-09-11T01:47,,,,,0.00,-971.8,-1921.4,
2026-09-11T01:48,,,,,0.00,-971.8,-1921.4,
2026-09-11T01:49,,,,,0.00,-971.8,-1921.4,
2026-09-11T01:50,,,,,0.00,-971.8,-1921.4,11.90
2026-09-11T01:51,,,,,0.00,-971.8,-1921.4,
2026-09-11T01:52,,,,,0.00,-971.8,-1921.4,
2026-09-11T01:53,,,,,0.00,-971.8,-1921.4,
2026-09-11T01:54,,,,,0.00,27.2,-1921.4,
2026-09-11T01:55,,,,,0.00,27.2,-1921.6,
2026-09-11T01:56,,,,,0.00,27.2,-1921.6,
2026-09-11T01:57,,,,,0.00,27.0,-1921.8,
2026-09-11T01:58,,,,,0.00,27.0,-1922.0,
2026-09-11T01:59,,,,,0.00,27.0,-1922.2,
2026-09-11T02:00,,,,,0.00,27.0,-1922.6,12.00
2026-09-11T02:01,,,,,0.00,26.8,-1923.2,
2026-09-11T02:02,,,,,0.00,26.8,-1923.4,
2026-09-11T02:03,,,,,0.00,26.6,-1924.0,
2026-09-11T02:04,,,,,0.00,26.4,-1924.2,
2026-09-11T02:05,,,,,0.00,26.4,-1924.4,
2026-09-11T02:06,,,,,0.00,26.4,-1924.6,
2026-09-11T02:07,,,,,0.00,26.2,-1924.8,
2026-09-11T02:08,,,,,0.00,26.2,-1924.8,
2026-09-11T02:09,,,,,0.00,26.2,-1925.0,
2026-09-11T02:10,,,,,0.00,26.0,-1925.0,12.20
2026-09-11T02:11,,,,,0.00,26.0,-1925.0,
2026-09-11T02:12,,,,,0.00,26.0,-1925.0,
2026-09-11T02:13,,,,,0.00,26.0,-1925.0,
2026-09-11T02:14,,,,,0.00,25.8,-1925.0,
2026-09-11T02:15,,,,,0.00,25.8,-1925.2,
2026-09-11T02:16,,,,,0.00,25.6,-1925.2,
2026-09-11T02:17,,,,,0.00,25.6,-1925.2,
2026-09-11T02:18,,,,,0.00,25.4,-1925.4,
2026-09-11T02:19,,,,,0.00,25.2,-1925.6,
2026-09-11T02:20,,,,,0.00,25.0,-1925.6,12.20
2026-09-11T02:21,,,,,0.00,24.6,-1925.8,
2026-09-11T02:22,,,,,0.00,24.4,-1925.8,
2026-09-11T02:23,,,,,0.00,24.2,-1925.8,
2026-09-11T02:24,,,,,0.00,23.8,-1925.8,
2026-09-11T02:25,,,,,0.00,23.6,-1925.8,
2026-09-11T02:26,,,,,0.00,23.2,-1926.0,
2026-09-11T02:27,,,,,0.00,22.8,-1926.0,
2026-09-11T02:28,,,,,0.00,22.6,-1926.0,
2026-09-11T02:29,,,,,0.00,22.4,-1926.0,
2026-09-11T02:30,,,,,0.00,22.2,-1926.2,12.30
2026-09-11T02:31,,,,,0.00,21.8,-1926.2,
2026-09-11T02:32,,,,,0.00,21.6,-1926.2,
2026-09-11T02:33,,,,,0.00,21.4,-1926.4,
2026-09-11T02:34,,,,,0.00,21.0,-1926.4,
2026-09-11T02:35,,,,,0.00,21.0,-1926.6,
2026-09-11T02:36,,,,,0.00,20.8,-1926.6,
2026-09-11T02:37,,,,,0.00,20.8,-1926.6,
2026-09-11T02:38,,,,,0.00,20.6,-1926.8,
2026-09-11T02:39,,,,,0.00,20.4,-1926.8,
2026-09-11T02:40,,,,,0.00,20.4,-1926.8,12.30
2026-09-11T02:41,,,,,0.00,20.2,-1926.8,
2026-09-11T02:42,,,,,0.00,20.2,-1927.0,
2026-09-11T02:43,,,,,0.00,20.0,-1927.0,
2026-09-11T02:44,,,,,0.00,20.0,-1927.0,
2026-09-11T02:45,,,,,0.00,20.0,-1927.0,
2026-09-11T02:46,,,,,0.00,19.8,-1927.0,
2026-09-11T02:47,,,,,0.00,19.6,-1927.0,
2026-09-11T02:48,,,,,0.00,19.6,-1927.0,
2026-09-11T02:49,,,,,0.00,19.4,-1927.0,
2026-09-11T02:50,,,,,0.00,19.4,-1927.0,12.30
2026-09-11T02:51,,,,,0.00,19.4,-1927.0,
2026-09-11T02:52,,,,,0.00,19.2,-1927.0,
2026-09-11T02:53,,,,,0.00,19.0,-1927.0,
2026-09-11T02:54,,,,,0.00,19.0,-1927.0,
2026-09-11T02:55,,,,,0.00,18.8,-1927.0,
2026-09-11T02:56,,,,,0.00,18.8,-1927.0,
2026-09-11T02:57,,,,,0.00,18.6,-1927.0,
2026-09-11T02:58,,,,,0.00,18.6,-1927.0,
2026-09-11T02:59,,,,,0.00,18.6,-1927.2,
2026-09-11T03:00,,,,,0.00,18.4,-1927.2,12.30
2026-09-11T03:01,,,,,0.00,18.4,-1927.2,
2026-09-11T03:02,,,,,0.00,18.2,-1927.2,
2026-09-11T03:03,,,,,0.00,18.2,-1927.2,
2026-09-11T03:04,,,,,0.00,18.2,-1927.2,
2026-09-11T03:05,,,,,0.00,18.0,-1927.2,
2026-09-11T03:06,,,,,0.00,17.8,-1927.2,
2026-09-11T03:07,,,,,0.00,17.8,-1927.2,
2026-09-11T03:08,,,,,0.00,17.6,-1927.2,
2026-09-11T03:09,,,,,0.00,17.4,-1927.2,
2026-09-11T03:10,,,,,0.00,17.2,-1927.2,11.90
2026-09-11T03:11,,,,,0.00,17.2,-1927.2,
2026-09-11T03:12,,,,,0.00,17.0,-1927.2,
2026-09-11T03:13,,,,,0.00,17.0,-1927.2,
2026-09-11T03:14,,,,,0.00,16.8,-1927.2,
2026-09-11T03:15,,,,,0.00,16.8,-1927.2,
2026-09-11T03:16,,,,,0.00,16.6,-1927.2,
2026-09-11T03:17,,,,,0.00,16.6,-1927.2,
2026-09-11T03:18,,,,,0.00,16.4,-1927.2,
2026-09-11T03:19,,,,,0.00,16.2,-1927.2,
2026-09-11T03:20,,,,,0.00,16.0,-1927.2,11.70
2026-09-11T03:21,,,,,0.00,15.8,-1927.2,
2026-09-11T03:22,,,,,0.00,15.8,-1927.2,
2026-09-11T03:23,,,,,0.00,15.6,-1927.2,
2026-09-11T03:24,,,,,0.00,15.4,-1927.2,
2026-09-11T03:25,,,,,0.00,15.2,-1927.2,
2026-09-11T03:26,,,,,0.00,15.0,-1927.2,
2026-09-11T03:27,,,,,0.00,15.0,-1927.2,
2026-09-11T03:28,,,,,0.00,14.8,-1927.2,
2026-09-11T03:29,,,,,0.00,14.6,-1927.2,
2026-09-11T03:30,,,,,0.00,14.6,-1927.2,11.40
2026-09-11T03:31,,,,,0.00,14.4,-1927.2,
2026-09-11T03:32,,,,,0.00,14.2,-1927.2,
2026-09-11T03:33,,,,,0.00,14.2,-1927.2,
2026-09-11T03:34,,,,,0.00,14.0,-1927.2,
2026-09-11T03:35,,,,,0.00,14.0,-1927.2,
2026-09-11T03:36,,,,,0.00,14.0,-1927.2,
2026-09-11T03:37,,,,,0.00,13.8,-1927.2,
2026-09-11T03:38,,,,,0.00,13.6,-1927.2,
2026-09-11T03:39,,,,,0.00,13.6,-1927.2,
2026-09-11T03:40,,,,,0.00,13.4,-1927.2,11.40
2026-09-11T03:41,,,,,0.00,13.4,-1927.2,
2026-09-11T03:42,,,,,0.00,13.2,-1927.2,
2026-09-11T03:43,,,,,0.00,13.2,-1927.2,
2026-09-11T03:44,,,,,0.00,13.0,-1927.2,
2026-09-11T03:45,,,,,0.00,13.0,-1927.2,
2026-09-11T03:46,,,,,0.00,12.8,-1927.2,
2026-09-11T03:47,,,,,0.00,12.8,-1927.2,
2026-09-11T03:48,,,,,0.00,12.6,-1927.2,
2026-09-11T03:49,,,,,0.00,12.4,-1927.2,
2026-09-11T03:50,,,,,0.00,12.2,-1927.2,11.20
2026-09-11T03:51,,,,,0.00,12.2,-1927.2,
2026-09-11T03:52,,,,,0.00,12.0,-1927.2,
2026-09-11T03:53,,,,,0.00,12.0,-1927.2,
2026-09-11T03:54,,,,,0.00,12.0,-1927.2,
2026-09-11T03:55,,,,,0.00,11.8,-1927.2,
2026-09-11T03:56,,,,,0.00,11.6,-1927.2,
2026-09-11T03:57,,,,,0.00,11.6,-1927.2,
2026-09-11T03:58,,,,,0.00,11.4,-1927.2,
2026-09-11T03:59,,,,,0.00,11.4,-1927.2,
2026-09-11T04:00,,,,,0.00,11.2,-1927.2,11.20
2026-09-11T04:01,,,,,0.00,11.0,-1927.2,
2026-09-11T04:02,,,,,0.00,11.0,-1927.2,
2026-09-11T04:03,,,,,0.00,10.8,-1927.2,
2026-09-11T04:04,,,,,0.00,10.8,-1927.2,
2026-09-11T04:05,,,,,0.00,10.6,-1927.2,
2026-09-11T04:06,,,,,0.00,10.6,-1927.2,
2026-09-11T04:07,,,,,0.00,10.6,-1927.2,
2026-09-11T04:08,,,,,0.00,10.4,-1927.2,
2026-09-11T04:09,,,,,0.00,10.4,-1927.2,
2026-09-11T04:10,,,,,0.00,10.2,-1927.2,11.20
2026-09-11T04:11,,,,,0.00,10.2,-1927.2,
2026-09-11T04:12,,,,,0.00,10.2,-1927.2,
2026-09-11T04:13,,,,,0.00,10.0,-1927.2,
2026-09-11T04:14,,,,,0.00,10.0,-1927.2,
2026-09-11T04:15,,,,,0.00,10.0,-1927.2,
2026-09-11T04:16,,,,,0.00,9.8,-1927.2,
2026-09-11T04:17,,,,,0.00,9.8,-1927.2,
2026-09-11T04:18,,,,,0.00,9.6,-1927.2,
2026-09-11T04:19,,,,,0.00,9.6,-1927.2,
2026-09-11T04:20,,,,,0.00,9.6,-1927.2,11.10
2026-09-11T04:21,,,,,0.00,9.4,-1927.2,
2026-09-11T04:22,,,,,0.00,9.4,-1927.2,
2026-09-11T04:23,,,,,0.00,9.4,-1927.2,
2026-09-11T04:24,,,,,0.00,9.2,-1927.2,
2026-09-11T04:25,,,,,0.00,9.2,-1927.2,
2026-09-11T04:26,,,,,0.00,9.2,-1927.2,
2026-09-11T04:27,,,,,0.00,9.2,-1927.2,
2026-09-11T04:28,,,,,0.00,9.2,-1927.2,
2026-09-11T04:29,,,,,0.00,9.2,-1927.2,
2026-09-11T04:30,,,,,0.00,9.2,-1927.2,11.00
2026-09-11T04:31,,,,,0.00,9.2,-1927.2,
2026-09-11T04:32,,,,,0.00,9.2,-1927.2,
2026-09-11T04:33,,,,,0.00,9.2,-1927.2,
2026-09-11T04:34,,,,,0.00,9.2,-1927.2,
2026-09-11T04:35,,,,,0.00,9.2,-1927.2,
2026-09-11T04:36,,,,,0.00,9.2,-1927.2,
2026-09-11T04:37,,,,,0.00,9.2,-1927.2,
2026-09-11T04:38,,,,,0.00,9.2,-1927.2,
2026-09-11T04:39,,,,,0.00,9.2,-1927.2,
2026-09-11T04:40,,,,,0.00,9.2,-1927.2,11.00
2026-09-11T04:41,,,,,0.00,9.0,-1927.2,
2026-09-11T04:42,,,,,0.00,9.0,-1927.2,
2026-09-11T04:43,,,,,0.00,9.0,-1927.2,
2026-09-11T04:44,,,,,0.00,9.0,-1927.2,
2026-09-11T04:45,,,,,0.00,9.0,-1927.2,
2026-09-11T04:46,,,,,0.00,9.0,-1927.2,
2026-09-11T04:47,,,,,0.00,9.0,-1927.2,
2026-09-11T04:48,,,,,0.00,9.0,-1927.2,
2026-09-11T04:49,,,,,0.00,9.0,-1927.2,
2026-09-11T04:50,,,,,0.00,9.0,-1927.2,10.90
2026-09-11T04:51,,,,,0.00,9.0,-1927.2,
2026-09-11T04:52,,,,,0.00,9.0,-1927.2,
2026-09-11T04:53,,,,,0.00,9.0,-1927.2,
2026-09-11T04:54,,,,,0.00,9.0,-1927.2,
2026-09-11T04:55,,,,,0.00,9.0,-1927.2,
2026-09-11T04:56,,,,,0.00,9.0,-1927.2,
2026-09-11T04:57,,,,,0.00,9.0,-1927.2,
2026-09-11T04:58,,,,,0.00,9.0,-1927.2,
2026-09-11T04:59,,,,,0.00,9.0,-1927.2,
2026-09-11T05:00,,,,,0.00,9.0,-1927.2,11.00
2026-09-11T05:01,,,,,0.00,9.0,-1927.2,
2026-09-11T05:02,,,,,0.00,9.0,-1927.2,
2026-09-11T05:03,,,,,0.00,9.0,-1927.2,
2026-09-11T05:04,,,,,0.00,9.0,-1927.2,
2026-09-11T05:05,,,,,0.00,9.0,-1927.2,
2026-09-11T05:06,,,,,0.00,9.0,-1927.2,
2026-09-11T05:07,,,,,0.00,9.0,-1927.2,
2026-09-11T05:08,,,,,0.00,9.0,-1927.2,
2026-09-11T05:09,,,,,0.00,9.0,-1927.2,
2026-09-11T05:10,,,,,0.00,9.0,-1927.2,11.10
2026-09-11T05:11,,,,,0.00,9.0,-1927.2,
2026-09-11T05:12,,,,,0.00,9.0,-1927.2,
2026-09-11T05:13,,,,,0.00,9.0,-1927.2,
2026-09-11T05:14,,,,,0.00,9.0,-1927.2,
2026-09-11T05:15,,,,,0.00,9.0,-1927.2,
2026-09-11T05:16,,,,,0.00,8.8,-1927.2,
2026-09-11T05:17,,,,,0.00,8.8,-1927.2,
2026-09-11T05:18,,,,,0.00,8.8,-1927.2,
2026-09-11T05:19,,,,,0.00,8.8,-1927.2,
2026-09-11T05:20,,,,,0.00,8.8,-1927.2,11.00
2026-09-11T05:21,,,,,0.00,8.6,-1927.2,
2026-09-11T05:22,,,,,0.00,8.6,-1927.2,
2026-09-11T05:23,,,,,0.00,8.6,-1927.2,
2026-09-11T05:24,,,,,0.00,8.6,-1927.2,
2026-09-11T05:25,,,,,0.00,8.6,-1927.2,
2026-09-11T05:26,,,,,0.00,8.6,-1927.2,
2026-09-11T05:27,,,,,0.00,8.6,-1927.2,
2026-09-11T05:28,,,,,0.00,8.6,-1927.2,
2026-09-11T05:29,,,,,0.00,8.6,-1927.2,
2026-09-11T05:30,,,,,0.00,8.6,-1927.2,10.90
2026-09-11T05:31,,,,,0.00,8.6,-1927.2,
2026-09-11T05:32,,,,,0.00,8.6,-1927.2,
2026-09-11T05:33,,,,,0.00,8.6,-1927.2,
2026-09-11T05:34,,,,,0.00,8.4,-1927.2,
2026-09-11T05:35,,,,,0.00,8.4,-1927.2,
2026-09-11T05:36,,,,,0.00,8.4,-1927.2,
2026-09-11T05:37,,,,,0.00,8.4,-1927.2,
2026-09-11T05:38,,,,,0.00,8.4,-1927.2,
2026-09-11T05:39,,,,,0.00,8.4,-1927.2,
2026-09-11T05:40,,,,,0.00,8.4,-1927.2,10.90
2026-09-11T05:41,,,,,0.00,8.4,-1927.2,
2026-09-11T05:42,,,,,0.00,8.4,-1927.2,
2026-09-11T05:43,,,,,0.00,8.4,-1927.2,
2026-09-11T05:44,,,,,0.00,8.4,-1927.2,
2026-09-11T05:45,,,,,0.00,8.4,-1927.2,
2026-09-11T05:46,,,,,0.00,8.4,-1927.2,
2026-09-11T05:47,,,,,0.00,8.4,-1927.2,
2026-09-11T05:48,,,,,0.00,8.4,-1927.2,
2026-09-11T05:49,,,,,0.00,8.4,-1927.2,
2026-09-11T05:50,,,,,0.00,8.4,-1927.2,10.90
2026-09-11T05:51,,,,,0.00,8.4,-1927.2,
2026-09-11T05:52,,,,,0.00,8.4,-1927.2,
2026-09-11T05:53,,,,,0.00,8.4,-1927.2,
2026-09-11T05:54,,,,,0.00,8.4,-1927.2,
2026-09-11T05:55,,,,,0.00,8.4,-1927.2,
2026-09-11T05:56,,,,,0.00,8.4,-1927.2,
2026-09-11T05:57,,,,,0.00,8.4,-1927.2,
2026-09-11T05:58,,,,,0.00,8.4,-1927.2,
2026-09-11T05:59,,,,,0.00,8.4,-1927.2,
2026-09-11T06:00,,,,,0.00,8.4,-1927.2,10.80
2026-09-11T06:01,,,,,0.00,8.4,-1927.2,
2026-09-11T06:02,,,,,0.00,8.4,-1927.2,
2026-09-11T06:03,,,,,0.00,8.4,-1927.2,
2026-09-11T06:04,,,,,0.00,8.4,-1927.2,
2026-09-11T06:05,,,,,0.00,8.4,-1927.2,
2026-09-11T06:06,,,,,0.00,8.4,-1927.2,
2026-09-11T06:07,,,,,0.00,8.4,-1927.2,
2026-09-11T06:08,,,,,0.00,8.4,-1927.2,
2026-09-11T06:09,,,,,0.00,8.4,-1927.2,
2026-09-11T06:10,,,,,0.00,8.4,-1927.2,10.60
2026-09-11T06:11,,,,,0.00,8.4,-1927.2,
2026-09-11T06:12,,,,,0.00,8.4,-1927.2,
2026-09-11T06:13,,,,,0.00,8.4,-1927.2,
2026-09-11T06:14,,,,,0.00,8.4,-1927.2,
2026-09-11T06:15,,,,,0.00,8.4,-1927.2,
2026-09-11T06:16,,,,,0.00,8.4,-1927.2,
2026-09-11T06:17,,,,,0.00,8.4,-1927.2,
2026-09-11T06:18,,,,,0.00,8.4,-1927.2,
2026-09-11T06:19,,,,,0.00,8.4,-1927.2,
2026-09-11T06:20,,,,,0.00,8.4,-1927.2,10.50
2026-09-11T06:21,,,,,0.00,8.4,-1927.2,
2026-09-11T06:22,,,,,0.00,8.4,-1927.2,
2026-09-11T06:23,,,,,0.00,8.4,-1927.2,
2026-09-11T06:24,,,,,0.00,8.4,-1927.2,
2026-09-11T06:25,,,,,0.00,8.4,-1927.2,
2026-09-11T06:26,,,,,0.00,8.4,-1927.2,
2026-09-11T06:27,,,,,0.00,8.4,-1927.2,
2026-09-11T06:28,,,,,0.00,8.4,-1927.2,
2026-09-11T06:29,,,,,0.00,8.4,-1927.2,
2026-09-11T06:30,,,,,0.00,8.4,-1927.2,10.60
2026-09-11T06:31,,,,,0.00,8.4,-1927.2,
2026-09-11T06:32,,,,,0.00,8.4,-1927.2,
2026-09-11T06:33,,,,,0.00,8.4,-1927.2,
2026-09-11T06:34,,,,,0.00,8.4,-1927.2,
2026-09-11T06:35,,,,,0.00,8.4,-1927.2,
2026-09-11T06:36,,,,,0.00,8.4,-1927.2,
2026-09-11T06:37,,,,,0.00,8.4,-1927.2,
2026-09-11T06:38,,,,,0.00,8.4,-1927.2,
2026-09-11T06:39,,,,,0.00,8.4,-1927.2,
2026-09-11T06:40,,,,,0.00,8.4,-1927.2,10.40
2026-09-11T06:41,,,,,0.00,8.4,-1927.2,
2026-09-11T06:42,,,,,0.00,8.4,-1927.2,
2026-09-11T06:43,,,,,0.00,8.4,-1927.2,
2026-09-11T06:44,,,,,0.00,8.4,-1927.2,
2026-09-11T06:45,,,,,0.00,8.4,-1927.2,
2026-09-11T06:46,,,,,0.00,8.4,-1927.2,
2026-09-11T06:47,,,,,0.00,8.4,-1927.2,
2026-09-11T06:48,,,,,0.00,8.4,-1927.2,
2026-09-11T06:49,,,,,0.00,8.4,-1927.2,
2026-09-11T06:50,,,,,0.00,8.4,-1927.2,10.40
2026-09-11T06:51,,,,,0.00,8.4,-1927.2,
2026-09-11T06:52,,,,,0.00,8.4,-1927.2,
2026-09-11T06:53,,,,,0.00,8.4,-1927.2,
2026-09-11T06:54,,,,,0.00,8.4,-1927.2,
2026-09-11T06:55,,,,,0.00,8.4,-1927.2,
2026-09-11T06:56,,,,,0.00,8.4,-1927.2,
2026-09-11T06:57,,,,,0.00,8.4,-1927.2,
2026-09-11T06:58,,,,,0.00,8.4,-1927.2,
2026-09-11T06:59,,,,,0.00,8.4,-1927.2,
2026-09-11T07:00,,,,,0.00,8.4,-1927.2,10.40
2026-09-11T07:01,,,,,0.00,8.4,-1927.2,
2026-09-11T07:02,,,,,0.00,8.4,-1927.2,
2026-09-11T07:03,,,,,0.00,8.4,-1927.2,
2026-09-11T07:04,,,,,0.00,8.4,-1927.2,
2026-09-11T07:05,,,,,0.00,8.4,-1927.2,
2026-09-11T07:06,,,,,0.00,8.4,-1927.2,
2026-09-11T07:07,,,,,0.00,8.4,-1927.2,
2026-09-11T07:08,,,,,0.00,8.4,-1927.4,
2026-09-11T07:09,,,,,0.00,8.4,-1927.8,
2026-09-11T07:10,,,,,0.00,8.4,-1928.0,10.60
2026-09-11T07:11,,,,,0.00,8.4,-1928.4,
2026-09-11T07:12,,,,,0.00,8.4,-1928.8,
2026-09-11T07:13,,,,,0.00,8.4,-1929.2,
2026-09-11T07:14,,,,,0.00,8.4,-1929.4,
2026-09-11T07:15,,,,,0.00,8.4,-1929.6,
2026-09-11T07:16,,,,,0.00,8.4,-1929.8,
2026-09-11T07:17,,,,,0.00,8.4,-1930.2,
2026-09-11T07:18,,,,,0.00,8.4,-1930.6,
2026-09-11T07:19,,,,,0.00,8.4,-1930.8,
2026-09-11T07:20,,,,,0.00,8.4,-1931.0,10.80
2026-09-11T07:21,,,,,0.00,8.4,-1931.2,
2026-09-11T07:22,,,,,0.00,8.4,-1931.6,
2026-09-11T07:23,,,,,0.00,8.4,-1931.8,
2026-09-11T07:24,,,,,0.00,8.4,-1932.0,
2026-09-11T07:25,,,,,0.00,8.4,-1932.2,
2026-09-11T07:26,,,,,0.00,8.4,-1932.4,
2026-09-11T07:27,,,,,0.00,8.4,-1932.4,
2026-09-11T07:28,,,,,0.00,8.4,-1932.4,
2026-09-11T07:29,,,,,0.00,8.4,-1932.6,
2026-09-11T07:30,,,,,0.00,8.4,-1932.6,11.00
2026-09-11T07:31,,,,,0.00,8.4,-1932.8,
2026-09-11T07:32,,,,,0.00,8.4,-1932.8,
2026-09-11T07:33,,,,,0.00,8.4,-1932.8,
2026-09-11T07:34,,,,,0.00,8.4,-1933.0,
2026-09-11T07:35,,,,,0.00,8.4,-1933.0,
2026-09-11T07:36,,,,,0.00,8.4,-1933.2,
2026-09-11T07:37,,,,,0.00,8.4,-1933.2,
2026-09-11T07:38,,,,,0.00,8.4,-1933.2,
2026-09-11T07:39,,,,,0.00,8.4,-1933.4,
2026-09-11T07:40,,,,,0.00,8.4,-1933.4,11.10
2026-09-11T07:41,,,,,0.00,8.4,-1933.6,
2026-09-11T07:42,,,,,0.00,8.4,-1933.6,
2026-09-11T07:43,,,,,0.00,8.4,-1933.8,
2026-09-11T07:44,,,,,0.00,8.4,-1934.0,
2026-09-11T07:45,,,,,0.00,8.4,-1934.0,
2026-09-11T07:46,,,,,0.00,8.4,-1934.2,
2026-09-11T07:47,,,,,0.00,8.4,-1934.4,
2026-09-11T07:48,,,,,0.00,8.4,-1934.4,
2026-09-11T07:49,,,,,0.00,8.4,-1934.4,
2026-09-11T07:50,,,,,0.00,8.4,-1934.6,11.20
2026-09-11T07:51,,,,,0.00,8.4,-1934.6,
2026-09-11T07:52,,,,,0.00,8.4,-1934.6,
2026-09-11T07:53,,,,,0.00,8.4,-1934.6,
2026-09-11T07:54,,,,,0.00,8.4,-1934.8,
2026-09-11T07:55,,,,,0.00,8.4,-1934.8,
2026-09-11T07:56,,,,,0.00,8.4,-1934.8,
2026-09-11T07:57,,,,,0.00,8.4,-1934.8,
2026-09-11T07:58,,,,,0.00,8.4,-1935.0,
2026-09-11T07:59,,,,,0.00,8.4,-1935.0,
2026-09-11T08:00,,,,,0.00,8.4,-1935.0,11.50
2026-09-11T08:01,,,,,0.00,8.4,-1935.2,
2026-09-11T08:02,,,,,0.00,8.4,-1935.2,
2026-09-11T08:03,,,,,0.00,8.4,-1935.2,
2026-09-11T08:04,,,,,0.00,8.4,-1935.2,
2026-09-11T08:05,,,,,0.00,8.4,-1935.4,
2026-09-11T08:06,,,,,0.00,8.4,-1935.4,
2026-09-11T08:07,,,,,0.00,8.4,-1935.4,
2026-09-11T08:08,,,,,0.00,8.4,-1935.4,
2026-09-11T08:09,,,,,0.00,8.4,-1935.4,
2026-09-11T08:10,,,,,0.00,8.4,-1935.6,13.10
2026-09-11T08:11,,,,,0.00,8.4,-1935.6,
2026-09-11T08:12,,,,,0.00,8.4,-1935.6,
2026-09-11T08:13,,,,,0.00,8.4,-1935.6,
2026-09-11T08:14,,,,,0.00,8.4,-1935.6,
2026-09-11T08:15,,,,,0.00,8.4,-1935.6,
2026-09-11T08:16,,,,,0.00,8.4,-1935.6,
2026-09-11T08:17,,,,,0.00,8.4,-1935.8,
2026-09-11T08:18,,,,,0.00,8.4,-1935.8,
2026-09-11T08:19,,,,,0.00,8.4,-1935.8,
2026-09-11T08:20,,,,,0.00,8.4,-1935.8,14.50
2026-09-11T08:21,,,,,0.00,8.4,-1935.8,
2026-09-11T08:22,,,,,0.00,8.4,-1935.8,
2026-09-11T08:23,,,,,0.00,8.4,-1935.8,
2026-09-11T08:24,,,,,0.00,8.4,-1935.8,
2026-09-11T08:25,,,,,0.00,8.4,-1935.8,
2026-09-11T08:26,,,,,0.00,8.4,-1936.0,
2026-09-11T08:27,,,,,0.00,8.4,-1936.0,
2026-09-11T08:28,,,,,0.00,8.4,-1936.0,
2026-09-11T08:29,,,,,0.00,8.4,-1936.0,
2026-09-11T08:30,,,,,0.00,8.4,-1936.0,15.40
2026-09-11T08:31,,,,,0.00,8.4,-1936.0,
2026-09-11T08:32,,,,,0.00,8.4,-1936.0,
2026-09-11T08:33,,,,,0.00,8.4,-1936.2,
2026-09-11T08:34,,,,,0.00,8.4,-1936.2,
2026-09-11T08:35,,,,,0.00,8.4,-1936.2,
2026-09-11T08:36,,,,,0.00,8.4,-1936.2,
2026-09-11T08:37,,,,,0.00,8.4,-1936.2,
2026-09-11T08:38,,,,,0.00,8.4,-1936.2,
2026-09-11T08:39,,,,,0.00,8.4,-1936.2,
2026-09-11T08:40,,,,,0.00,8.4,-1936.4,15.80
2026-09-11T08:41,,,,,0.00,8.4,-1936.4,
2026-09-11T08:42,,,,,0.00,8.4,-1936.4,
2026-09-11T08:43,,,,,0.00,8.4,-1936.4,
2026-09-11T08:44,,,,,0.00,8.4,-1936.4,
2026-09-11T08:45,,,,,0.00,8.4,-1936.4,
2026-09-11T08:46,,,,,0.00,8.4,-1936.4,
2026-09-11T08:47,,,,,0.00,8.4,-1936.4,
2026-09-11T08:48,,,,,0.00,8.4,-1936.4,
2026-09-11T08:49,,,,,0.00,8.4,-1936.4,
2026-09-11T08:50,,,,,0.00,8.4,-1936.4,16.00
2026-09-11T08:51,,,,,0.00,8.4,-1936.4,
2026-09-11T08:52,,,,,0.00,8.4,-1936.4,
2026-09-11T08:53,,,,,0.00,8.4,-1936.4,
2026-09-11T08:54,,,,,0.00,8.4,-1936.4,
2026-09-11T08:55,,,,,0.00,8.4,-1936.4,
2026-09-11T08:56,,,,,0.00,8.4,-1936.4,
2026-09-11T08:57,,,,,0.00,8.4,-1936.4,
2026-09-11T08:58,,,,,0.00,8.4,-1936.4,
2026-09-11T08:59,,,,,0.00,8.4,-1936.4,
2026-09-11T09:00,,,,,0.00,8.4,-1936.4,16.50
2026-09-11T09:01,,,,,0.00,8.4,-1936.4,
2026-09-11T09:02,,,,,0.00,8.4,-1936.4,
2026-09-11T09:03,,,,,0.00,8.4,-1936.4,
2026-09-11T09:04,,,,,0.00,8.4,-1936.4,
2026-09-11T09:05,,,,,0.00,8.4,-1936.4,
2026-09-11T09:06,,,,,0.00,8.4,-1936.4,
2026-09-11T09:07,,,,,0.00,8.4,-1936.4,
2026-09-11T09:08,,,,,0.00,8.4,-1936.4,
2026-09-11T09:09,,,,,0.00,8.4,-1936.4,
2026-09-11T09:10,,,,,0.00,8.4,-1936.4,17.20
2026-09-11T09:11,,,,,0.00,8.4,-1936.4,
2026-09-11T09:12,,,,,0.00,8.4,-1936.4,
2026-09-11T09:13,,,,,0.00,8.4,-1936.4,
2026-09-11T09:14,,,,,0.00,8.4,-1936.4,
2026-09-11T09:15,,,,,0.00,8.4,-1936.4,
2026-09-11T09:16,,,,,0.00,8.4,-1936.4,
2026-09-11T09:17,,,,,0.00,8.4,-1936.4,
2026-09-11T09:18,,,,,0.00,8.4,-1936.4,
2026-09-11T09:19,,,,,0.00,8.4,-1936.4,
2026-09-11T09:20,,,,,0.00,8.4,-1936.4,17.50
2026-09-11T09:21,,,,,0.00,8.4,-1936.4,
2026-09-11T09:22,,,,,0.00,8.4,-1936.4,
2026-09-11T09:23,,,,,0.00,8.4,-1936.4,
2026-09-11T09:24,,,,,0.00,8.4,-1936.4,
2026-09-11T09:25,,,,,0.00,8.4,-1936.4,
2026-09-11T09:26,,,,,0.00,8.4,-1936.4,
2026-09-11T09:27,,,,,0.00,8.4,-1936.4,
2026-09-11T09:28,,,,,0.00,8.2,-1936.4,
2026-09-11T09:29,,,,,0.00,8.2,-1936.4,
2026-09-11T09:30,,,,,0.00,8.2,-1936.4,17.90
2026-09-11T09:31,,,,,0.00,8.2,-1936.4,
2026-09-11T09:32,,,,,0.00,8.2,-1936.4,
2026-09-11T09:33,,,,,0.00,8.2,-1936.4,
2026-09-11T09:34,,,,,0.00,8.2,-1936.4,
2026-09-11T09:35,,,,,0.00,8.2,-1936.4,
2026-09-11T09:36,,,,,0.00,8.2,-1936.4,
2026-09-11T09:37,,,,,0.00,8.2,-1936.4,
2026-09-11T09:38,,,,,0.00,8.2,-1936.4,
2026-09-11T09:39,,,,,0.00,8.2,-1936.4,
2026-09-11T09:40,,,,,0.00,8.2,-1936.4,18.60
2026-09-11T09:41,,,,,0.00,8.2,-1936.4,
2026-09-11T09:42,,,,,0.00,8.2,-1936.4,
2026-09-11T09:43,,,,,0.00,8.2,-1936.4,
2026-09-11T09:44,,,,,0.00,8.2,-1936.4,
2026-09-11T09:45,,,,,0.00,8.2,-1936.4,
2026-09-11T09:46,,,,,0.00,8.2,-1936.4,
2026-09-11T09:47,,,,,0.00,8.2,-1936.4,
2026-09-11T09:48,,,,,0.00,8.2,-1936.4,
2026-09-11T09:49,,,,,0.00,8.2,-1936.4,
2026-09-11T09:50,,,,,0.00,8.2,-1936.4,18.00
2026-09-11T09:51,,,,,0.00,8.2,-1936.4,
2026-09-11T09:52,,,,,0.00,8.2,-1936.4,
2026-09-11T09:53,,,,,0.00,8.2,-1936.4,
2026-09-11T09:54,,,,,0.00,8.2,-1936.4,
2026-09-11T09:55,,,,,0.00,8.2,-1936.4,
2026-09-11T09:56,,,,,0.00,8.2,-1936.4,
2026-09-11T09:57,,,,,0.00,8.2,-1936.4,
2026-09-11T09:58,,,,,0.00,8.2,-1936.4,
2026-09-11T09:59,,,,,0.00,8.2,-1936.4,
2026-09-11T10:00,,,,,0.00,8.2,-1936.4,17.70
2026-09-11T10:01,,,,,0.00,8.2,-1936.4,
2026-09-11T10:02,,,,,0.00,8.2,-1936.4,
2026-09-11T10:03,,,,,0.00,8.2,-1936.4,
2026-09-11T10:04,,,,,0.00,8.2,-1936.4,
2026-09-11T10:05,,,,,0.00,8.2,-1936.4,
2026-09-11T10:06,,,,,0.00,8.2,-1936.4,
2026-09-11T10:07,,,,,0.00,8.2,-1936.4,
2026-09-11T10:08,,,,,0.00,8.2,-1936.4,
2026-09-11T10:09,,,,,0.00,8.2,-1936.4,
2026-09-11T10:10,,,,,0.00,8.2,-1936.4,17.80
2026-09-11T10:11,,,,,0.00,8.2,-1936.4,
2026-09-11T10:12,,,,,0.00,8.2,-1936.4,
2026-09-11T10:13,,,,,0.00,8.2,-1936.4,
2026-09-11T10:14,,,,,0.00,8.2,-1936.4,
2026-09-11T10:15,,,,,0.00,8.2,-1936.4,
2026-09-11T10:16,,,,,0.00,8.2,-1936.4,
2026-09-11T10:17,,,,,0.00,8.2,-1936.4,
2026-09-11T10:18,,,,,0.00,8.2,-1936.4,
2026-09-11T10:19,,,,,0.00,8.2,-1936.4,
2026-09-11T10:20,,,,,0.00,8.2,-1936.4,17.40
2026-09-11T10:21,,,,,0.00,8.2,-1936.4,
2026-09-11T10:22,,,,,0.00,8.2,-1936.4,
2026-09-11T10:23,,,,,0.00,8.2,-1936.4,
2026-09-11T10:24,,,,,0.00,8.2,-1936.4,
2026-09-11T10:25,,,,,0.00,8.2,-1936.4,
2026-09-11T10:26,,,,,0.00,8.2,-1936.4,
2026-09-11T10:27,,,,,0.00,8.2,-1936.4,
2026-09-11T10:28,,,,,0.00,8.2,-1936.4,
2026-09-11T10:29,,,,,0.00,8.2,-1936.4,
2026-09-11T10:30,,,,,0.00,8.2,-1936.4,17.80
2026-09-11T10:31,,,,,0.00,8.2,-1936.4,
2026-09-11T10:32,,,,,0.00,8.2,-1936.4,
2026-09-11T10:33,,,,,0.00,8.2,-1936.4,
2026-09-11T10:34,,,,,0.00,8.2,-1936.4,
2026-09-11T10:35,,,,,0.00,8.2,-1936.4,
2026-09-11T10:36,,,,,0.00,8.2,-1936.4,
2026-09-11T10:37,,,,,0.00,8.2,-1936.4,
2026-09-11T10:38,,,,,0.00,8.2,-1936.4,
2026-09-11T10:39,,,,,0.00,8.2,-1936.4,
2026-09-11T10:40,,,,,0.00,8.2,-1936.4,17.90
2026-09-11T10:41,,,,,0.00,8.2,-1936.4,
2026-09-11T10:42,,,,,0.00,8.2,-1936.4,
2026-09-11T10:43,,,,,0.00,8.2,-1936.4,
2026-09-11T10:44,,,,,0.00,8.2,-1936.4,
2026-09-11T10:45,,,,,0.00,8.2,-1936.4,
2026-09-11T10:46,,,,,0.00,8.2,-1936.4,
2026-09-11T10:47,,,,,0.00,8.2,-1936.4,
2026-09-11T10:48,,,,,0.00,8.2,-1936.4,
2026-09-11T10:49,,,,,0.00,8.2,-1936.4,
2026-09-11T10:50,,,,,0.00,8.2,-1936.4,17.80
2026-09-11T10:51,,,,,0.00,8.2,-1936.4,
2026-09-11T10:52,,,,,0.00,8.2,-1936.4,
2026-09-11T10:53,,,,,0.00,8.2,-1936.4,
2026-09-11T10:54,,,,,0.00,8.2,-1936.4,
2026-09-11T10:55,,,,,0.00,8.2,-1936.4,
2026-09-11T10:56,,,,,0.00,8.2,-1936.4,
2026-09-11T10:57,,,,,0.00,8.2,-1936.4,
2026-09-11T10:58,,,,,0.00,8.2,-1936.4,
2026-09-11T10:59,,,,,0.00,8.2,-1936.4,
2026-09-11T11:00,,,,,0.00,8.2,-1936.4,18.00
2026-09-11T11:01,,,,,0.00,8.2,-1936.4,
2026-09-11T11:02,,,,,0.00,8.2,-1936.4,
2026-09-11T11:03,,,,,0.00,8.2,-1936.4,
2026-09-11T11:04,,,,,0.00,8.2,-1936.4,
2026-09-11T11:05,,,,,0.00,8.2,-1936.4,
2026-09-11T11:06,,,,,0.00,8.2,-1936.4,
2026-09-11T11:07,,,,,0.00,8.2,-1936.4,
2026-09-11T11:08,,,,,0.00,8.2,-1936.4,
2026-09-11T11:09,,,,,0.00,8.2,-1936.4,
2026-09-11T11:10,,,,,0.00,8.2,-1936.4,18.50
2026-09-11T11:11,,,,,0.00,8.2,-1936.4,
2026-09-11T11:12,,,,,0.00,8.2,-1936.4,
2026-09-11T11:13,,,,,0.00,8.2,-1936.4,
2026-09-11T11:14,,,,,0.00,8.2,-1936.4,
2026-09-11T11:15,,,,,0.00,8.2,-1936.4,
2026-09-11T11:16,,,,,0.00,8.2,-1936.4,
2026-09-11T11:17,,,,,0.00,8.2,-1936.4,
2026-09-11T11:18,,,,,0.00,8.2,-1936.4,
2026-09-11T11:19,,,,,0.00,8.2,-1936.4,
2026-09-11T11:20,,,,,0.00,8.2,-1936.4,19.10
2026-09-11T11:21,,,,,0.00,8.2,-1936.4,
2026-09-11T11:22,,,,,0.00,8.2,-1936.4,
2026-09-11T11:23,,,,,0.00,8.2,-1936.4,
2026-09-11T11:24,,,,,0.00,8.2,-1936.4,
2026-09-11T11:25,,,,,0.00,8.2,-1936.4,
2026-09-11T11:26,,,,,0.00,8.2,-1936.4,
2026-09-11T11:27,,,,,0.00,8.2,-1936.4,
2026-09-11T11:28,,,,,0.00,8.2,-1936.4,
2026-09-11T11:29,,,,,0.00,8.2,-1936.4,
2026-09-11T11:30,,,,,0.00,8.2,-1936.4,19.40
2026-09-11T11:31,,,,,0.00,8.2,-1936.4,
2026-09-11T11:32,,,,,0.00,8.2,-1936.4,
2026-09-11T11:33,,,,,0.00,8.2,-1936.4,
2026-09-11T11:34,,,,,0.00,8.2,-1936.4,
2026-09-11T11:35,,,,,0.00,8.2,-1936.4,
2026-09-11T11:36,,,,,0.00,8.2,-1936.4,
2026-09-11T11:37,,,,,0.00,8.2,-1936.4,
2026-09-11T11:38,,,,,0.00,8.2,-1936.4,
2026-09-11T11:39,,,,,0.00,8.2,-1936.4,
2026-09-11T11:40,,,,,0.00,8.2,-1936.4,18.90
2026-09-11T11:41,,,,,0.00,8.2,-1936.4,
2026-09-11T11:42,,,,,0.00,8.2,-1936.4,
2026-09-11T11:43,,,,,0.00,8.2,-1936.4,
2026-09-11T11:44,,,,,0.00,8.2,-1936.4,
2026-09-11T11:45,,,,,0.00,8.2,-1936.4,
2026-09-11T11:46,,,,,0.00,8.2,-1936.4,
2026-09-11T11:47,,,,,0.00,8.2,-1936.4,
2026-09-11T11:48,,,,,0.00,8.2,-1936.4,
2026-09-11T11:49,,,,,0.00,8.2,-1936.4,
2026-09-11T11:50,,,,,0.00,8.2,-1936.4,18.70
2026-09-11T11:51,,,,,0.00,8.2,-1936.4,
2026-09-11T11:52,,,,,0.00,8.2,-1936.4,
2026-09-11T11:53,,,,,0.00,8.2,-1936.4,
2026-09-11T11:54,,,,,0.00,8.2,-1936.4,
2026-09-11T11:55,,,,,0.00,8.2,-1936.4,
2026-09-11T11:56,,,,,0.00,8.2,-1936.4,
2026-09-11T11:57,,,,,0.00,8.0,-1936.4,
2026-09-11T11:58,,,,,0.00,8.0,-1936.4,
2026-09-11T11:59,,,,,0.00,8.0,-1936.4,
2026-09-11T12:00,,,,,0.00,8.0,-1936.4,18.70
2026-09-11T12:01,,,,,0.00,8.0,-1936.4,
2026-09-11T12:02,,,,,0.00,8.0,-1936.4,
2026-09-11T12:03,,,,,0.00,8.0,-1936.4,
2026-09-11T12:04,,,,,0.00,8.0,-1936.4,
2026-09-11T12:05,,,,,0.00,8.0,-937.4,
2026-09-11T12:06,,,,,0.00,8.0,-937.4,
2026-09-11T12:07,,,,,0.00,8.0,-937.4,
2026-09-11T12:08,,,,,0.00,7.8,-937.4,
2026-09-11T12:09,,,,,0.00,7.8,-937.4,
2026-09-11T12:10,,,,,0.00,7.8,-937.4,19.00
2026-09-11T12:11,,,,,0.00,7.8,-937.4,
2026-09-11T12:12,,,,,0.00,7.8,-937.4,
2026-09-11T12:13,,,,,0.00,7.8,-937.4,
2026-09-11T12:14,,,,,0.00,7.8,-937.4,
2026-09-11T12:15,,,,,0.00,7.8,-937.4,
2026-09-11T12:16,,,,,0.00,7.8,-937.4,
2026-09-11T12:17,,,,,0.00,7.6,-937.4,
2026-09-11T12:18,,,,,0.00,7.6,-937.4,
2026-09-11T12:19,,,,,0.00,7.6,-937.4,
2026-09-11T12:20,,,,,0.00,7.6,-937.4,18.40
2026-09-11T12:21,,,,,0.00,7.6,-937.4,
2026-09-11T12:22,,,,,0.00,7.6,-937.4,
2026-09-11T12:23,,,,,0.00,7.6,-937.4,
2026-09-11T12:24,,,,,0.00,7.6,-937.4,
2026-09-11T12:25,,,,,0.00,7.6,-937.4,
2026-09-11T12:26,,,,,0.00,7.6,-937.4,
2026-09-11T12:27,,,,,0.00,7.4,-937.4,
2026-09-11T12:28,,,,,0.00,7.4,-937.4,
2026-09-11T12:29,,,,,0.00,7.4,-937.4,
2026-09-11T12:30,,,,,0.00,7.4,-937.4,18.30
2026-09-11T12:31,,,,,0.00,7.4,-937.4,
2026-09-11T12:32,,,,,0.00,7.2,-937.4,
2026-09-11T12:33,,,,,0.00,7.2,-937.4,
2026-09-11T12:34,,,,,0.00,7.2,-937.4,
2026-09-11T12:35,,,,,0.00,7.2,-937.4,
2026-09-11T12:36,,,,,0.00,7.0,-937.4,
2026-09-11T12:37,,,,,0.00,7.0,-937.4,
2026-09-11T12:38,,,,,0.00,7.0,-937.4,
2026-09-11T12:39,,,,,0.00,7.0,-937.4,
2026-09-11T12:40,,,,,0.00,7.0,-937.4,18.00
2026-09-11T12:41,,,,,0.00,6.8,-937.4,
2026-09-11T12:42,,,,,0.00,6.8,-937.4,
2026-09-11T12:43,,,,,0.00,6.8,-937.4,
2026-09-11T12:44,,,,,0.00,6.8,-937.4,
2026-09-11T12:45,,,,,0.00,6.8,-937.4,
2026-09-11T12:46,,,,,0.00,6.8,-937.4,
2026-09-11T12:47,,,,,0.00,6.8,-937.4,
2026-09-11T12:48,,,,,0.00,6.8,-937.4,
2026-09-11T12:49,,,,,0.00,6.8,-937.4,
2026-09-11T12:50,,,,,0.00,6.6,-937.4,17.70
2026-09-11T12:51,,,,,0.00,6.6,-937.4,
2026-09-11T12:52,,,,,0.00,6.6,-937.4,
2026-09-11T12:53,,,,,0.00,6.6,-937.4,
2026-09-11T12:54,,,,,0.00,6.6,-937.4,
2026-09-11T12:55,,,,,0.00,6.6,-937.4,
2026-09-11T12:56,,,,,0.00,6.6,-937.4,
2026-09-11T12:57,,,,,0.00,6.4,-937.4,
2026-09-11T12:58,,,,,0.00,6.4,-937.4,
2026-09-11T12:59,,,,,0.00,6.4,-937.4,
2026-09-11T13:00,0.0,2.61,4.9,3.3,0.00,6.4,-937.4,18.40
2026-09-11T13:01,,,,,0.00,6.4,-937.4,
2026-09-11T13:02,,,,,0.00,6.4,-937.4,
2026-09-11T13:03,,,,,0.00,6.4,-937.4,
2026-09-11T13:04,,,,,0.00,6.2,-937.4,
2026-09-11T13:05,,,,,0.00,6.2,-937.4,
2026-09-11T13:06,,,,,0.00,6.2,-937.4,
2026-09-11T13:07,,,,,0.00,6.2,-937.4,
2026-09-11T13:08,,,,,0.00,6.2,-937.4,
2026-09-11T13:09,,,,,0.00,6.2,-937.4,
2026-09-11T13:10,,,,,0.00,6.0,-937.4,18.60
2026-09-11T13:11,,,,,0.00,6.0,-937.4,
2026-09-11T13:12,,,,,0.00,6.0,-937.4,
2026-09-11T13:13,,,,,0.00,5.8,-937.4,
2026-09-11T13:14,,,,,0.00,5.8,-937.4,
2026-09-11T13:15,,,,,0.00,5.6,-937.4,
2026-09-11T13:16,,,,,0.00,5.6,-937.4,
2026-09-11T13:17,,,,,0.00,5.6,-937.6,
2026-09-11T13:18,,,,,0.00,5.6,-937.6,
2026-09-11T13:19,,,,,0.00,5.6,-937.6,
2026-09-11T13:20,,,,,0.00,5.6,-937.6,18.20
2026-09-11T13:21,,,,,0.00,5.4,-937.6,
2026-09-11T13:22,,,,,0.00,5.4,-937.6,
2026-09-11T13:23,,,,,0.00,5.4,-937.6,
2026-09-11T13:24,,,,,0.00,5.4,-937.6,
2026-09-11T13:25,,,,,0.00,5.4,-937.6,
2026-09-11T13:26,,,,,0.00,5.4,-937.6,
2026-09-11T13:27,,,,,0.00,5.4,-937.6,
2026-09-11T13:28,,,,,0.00,5.4,-937.6,
2026-09-11T13:29,,,,,0.00,5.4,-937.6,
2026-09-11T13:30,,,,,0.00,5.4,-937.6,18.10
2026-09-11T13:31,,,,,0.00,5.4,-937.6,
2026-09-11T13:32,,,,,0.00,5.4,-937.6,
2026-09-11T13:33,,,,,0.00,5.4,-937.8,
2026-09-11T13:34,,,,,0.00,5.2,-937.8,
2026-09-11T13:35,,,,,0.00,5.2,-937.8,
2026-09-11T13:36,,,,,0.00,5.2,-937.8,
2026-09-11T13:37,,,,,0.00,5.2,-937.8,
2026-09-11T13:38,,,,,0.00,5.2,-937.8,
2026-09-11T13:39,,,,,0.00,5.2,-937.8,
2026-09-11T13:40,,,,,0.00,5.0,-937.8,17.70
2026-09-11T13:41,,,,,0.00,5.0,-937.8,
2026-09-11T13:42,,,,,0.00,5.0,-937.8,
2026-09-11T13:43,,,,,0.00,5.0,-938.0,
2026-09-11T13:44,,,,,0.00,5.0,-938.0,
2026-09-11T13:45,,,,,0.00,4.8,-938.0,
2026-09-11T13:46,,,,,0.00,4.8,-938.0,
2026-09-11T13:47,,,,,0.00,4.8,-938.0,
2026-09-11T13:48,,,,,0.00,4.8,-938.0,
2026-09-11T13:49,,,,,0.00,4.8,-938.2,
2026-09-11T13:50,,,,,0.00,4.8,-938.2,17.80
2026-09-11T13:51,,,,,0.00,4.8,-938.2,
2026-09-11T13:52,,,,,0.00,4.8,-938.2,
2026-09-11T13:53,,,,,0.00,4.6,-938.2,
2026-09-11T13:54,,,,,0.00,4.6,-938.2,
2026-09-11T13:55,,,,,0.00,4.6,-938.2,
2026-09-11T13:56,,,,,0.00,4.6,-938.2,
2026-09-11T13:57,,,,,0.00,4.4,-938.2,
2026-09-11T13:58,,,,,0.00,4.4,-938.2,
2026-09-11T13:59,,,,,0.00,4.2,-938.2,
2026-09-11T14:00,,,,,0.00,4.0,-938.2,17.80
2026-09-11T14:01,,,,,0.00,3.8,-938.4,
2026-09-11T14:02,,,,,0.00,3.8,-938.6,
2026-09-11T14:03,,,,,0.00,3.6,-939.0,
2026-09-11T14:04,,,,,0.00,3.6,-939.2,
2026-09-11T14:05,,,,,0.00,3.4,-939.4,
2026-09-11T14:06,,,,,0.00,3.4,-939.6,
2026-09-11T14:07,,,,,0.00,3.4,-939.6,
2026-09-11T14:08,,,,,0.00,3.2,-939.8,
2026-09-11T14:09,,,,,0.00,3.2,-939.8,
2026-09-11T14:10,,,,,0.00,3.2,-939.8,18.60
2026-09-11T14:11,,,,,0.00,3.0,-939.8,
2026-09-11T14:12,,,,,0.00,3.0,-939.8,
2026-09-11T14:13,,,,,0.00,3.0,-939.8,
2026-09-11T14:14,,,,,0.00,3.0,-939.8,
2026-09-11T14:15,,,,,0.00,2.8,-939.8,
2026-09-11T14:16,,,,,0.00,2.8,-939.8,
2026-09-11T14:17,,,,,0.00,2.8,-939.8,
2026-09-11T14:18,,,,,0.00,2.8,-939.8,
2026-09-11T14:19,,,,,0.00,2.6,-939.8,
2026-09-11T14:20,,,,,0.00,2.6,-939.8,18.50
2026-09-11T14:21,,,,,0.00,2.6,-939.8,
2026-09-11T14:22,,,,,0.00,2.6,-940.0,
2026-09-11T14:23,,,,,0.00,2.4,-940.0,
2026-09-11T14:24,,,,,0.00,2.4,-940.0,
2026-09-11T14:25,,,,,0.00,2.4,-940.0,
2026-09-11T14:26,,,,,0.00,2.4,-940.0,
2026-09-11T14:27,,,,,0.00,2.2,-940.0,
2026-09-11T14:28,,,,,0.00,2.2,-940.0,
2026-09-11T14:29,,,,,0.00,2.2,-940.0,
2026-09-11T14:30,,,,,0.00,2.2,-940.0,18.10
2026-09-11T14:31,,,,,0.00,2.2,-940.0,
2026-09-11T14:32,,,,,0.00,2.2,-940.2,
2026-09-11T14:33,,,,,0.00,2.0,-940.6,
2026-09-11T14:34,,,,,0.00,2.0,-941.2,
2026-09-11T14:35,,,,,0.00,2.0,-941.6,
2026-09-11T14:36,,,,,0.00,2.0,-942.0,
2026-09-11T14:37,,,,,0.00,1.8,-942.0,
2026-09-11T14:38,,,,,0.00,1.8,-942.2,
2026-09-11T14:39,,,,,0.00,1.8,-942.2,
2026-09-11T14:40,,,,,0.00,1.8,-942.4,17.50
2026-09-11T14:41,,,,,0.00,1.6,-942.4,
2026-09-11T14:42,,,,,0.00,1.6,-942.8,
2026-09-11T14:43,,,,,0.00,1.4,-943.2,
2026-09-11T14:44,,,,,0.00,1.4,-944.0,
2026-09-11T14:45,,,,,0.00,1.2,-944.4,
2026-09-11T14:46,,,,,0.00,1.2,-945.0,
2026-09-11T14:47,,,,,0.00,1.2,-945.2,
2026-09-11T14:48,,,,,0.00,1.0,-945.4,
2026-09-11T14:49,,,,,0.00,1.0,-945.8,
2026-09-11T14:50,,,,,0.00,0.8,-946.0,17.70
2026-09-11T14:51,,,,,0.00,0.8,-946.4,
2026-09-11T14:52,,,,,0.00,0.8,-947.0,
2026-09-11T14:53,,,,,0.00,0.8,-947.6,
2026-09-11T14:54,,,,,0.00,0.6,-948.0,
2026-09-11T14:55,,,,,0.00,0.6,-948.4,
2026-09-11T14:56,,,,,0.00,0.6,-948.6,
2026-09-11T14:57,,,,,0.00,0.6,-948.8,
2026-09-11T14:58,,,,,0.00,0.6,-949.0,
2026-09-11T14:59,,,,,0.00,0.6,-949.2,
2026-09-11T15:00,,,,,0.00,0.6,-949.4,17.50
2026-09-11T15:01,,,,,0.00,0.6,-949.6,
2026-09-11T15:02,,,,,0.00,0.6,-949.8,
2026-09-11T15:03,,,,,0.00,0.6,-950.0,
2026-09-11T15:04,,,,,0.00,0.6,-950.0,
2026-09-11T15:05,,,,,0.00,0.6,-950.2,
2026-09-11T15:06,,,,,0.00,0.4,-950.2,
2026-09-11T15:07,,,,,0.00,0.4,-950.4,
2026-09-11T15:08,,,,,0.00,0.4,-950.4,
2026-09-11T15:09,,,,,0.00,0.4,-950.6,
2026-09-11T15:10,,,,,0.00,0.4,-950.6,17.40
2026-09-11T15:11,,,,,0.00,0.4,-950.6,
2026-09-11T15:12,,,,,0.00,0.2,-950.8,
2026-09-11T15:13,,,,,0.00,0.2,-950.8,
2026-09-11T15:14,,,,,0.00,0.2,-951.0,
2026-09-11T15:15,,,,,0.00,0.2,-951.2,
2026-09-11T15:16,,,,,0.00,0.2,-951.6,
2026-09-11T15:17,,,,,0.00,0.2,-952.2,
2026-09-11T15:18,,,,,0.00,0.2,-952.6,
2026-09-11T15:19,,,,,0.00,0.2,-953.2,
2026-09-11T15:20,,,,,0.00,0.2,-953.4,17.60
2026-09-11T15:21,,,,,0.00,0.2,-953.8,
2026-09-11T15:22,,,,,0.00,0.2,-954.2,
2026-09-11T15:23,,,,,0.00,0.2,-954.2,
2026-09-11T15:24,,,,,0.00,0.2,-954.4,
2026-09-11T15:25,,,,,0.00,0.2,-954.4,
2026-09-11T15:26,,,,,0.00,0.2,-954.6,
2026-09-11T15:27,,,,,0.00,0.2,-954.6,
2026-09-11T15:28,,,,,0.00,0.2,-954.6,
2026-09-11T15:29,,,,,0.00,0.2,-954.6,
2026-09-11T15:30,,,,,0.00,0.2,-954.8,17.30
2026-09-11T15:31,,,,,0.00,0.2,-955.0,
2026-09-11T15:32,,,,,0.00,0.2,-955.2,
2026-09-11T15:33,,,,,0.00,0.2,-955.2,
2026-09-11T15:34,,,,,0.00,0.2,-955.4,
2026-09-11T15:35,,,,,0.00,0.2,-955.4,
2026-09-11T15:36,,,,,0.00,0.2,-955.6,
2026-09-11T15:37,,,,,0.00,0.2,-955.6,
2026-09-11T15:38,,,,,0.00,0.2,-955.8,
2026-09-11T15:39,,,,,0.00,0.2,-956.0,
2026-09-11T15:40,,,,,0.00,0.2,-956.0,17.00
2026-09-11T15:41,,,,,0.00,0.2,-956.2,
2026-09-11T15:42,,,,,0.00,0.2,-956.4,
2026-09-11T15:43,,,,,0.00,0.2,-956.6,
2026-09-11T15:44,,,,,0.00,0.2,-956.8,
2026-09-11T15:45,,,,,0.00,0.2,-957.0,
2026-09-11T15:46,,,,,0.00,0.2,-957.0,
2026-09-11T15:47,,,,,0.00,0.2,-957.2,
2026-09-11T15:48,,,,,0.00,0.2,-957.4,
2026-09-11T15:49,,,,,0.00,0.2,-957.4,
2026-09-11T15:50,,,,,0.00,0.2,-957.6,16.70
2026-09-11T15:51,,,,,0.00,0.2,-957.8,
2026-09-11T15:52,,,,,0.00,0.2,-957.8,
2026-09-11T15:53,,,,,0.00,0.2,-957.8,
2026-09-11T15:54,,,,,0.00,0.2,-957.8,
2026-09-11T15:55,,,,,0.00,0.2,-958.0,
2026-09-11T15:56,,,,,0.00,0.2,-958.0,
2026-09-11T15:57,,,,,0.00,0.2,-958.0,
2026-09-11T15:58,,,,,0.00,0.2,-958.0,
2026-09-11T15:59,,,,,0.00,0.2,-958.0,
2026-09-11T16:00,,,,,0.00,0.2,-958.2,16.30
2026-09-11T16:01,,,,,0.00,0.0,-958.2,
2026-09-11T16:02,,,,,0.00,0.0,-958.2,
2026-09-11T16:03,,,,,0.00,0.0,-958.2,
2026-09-11T16:04,,,,,0.00,0.0,-958.2,
2026-09-11T16:05,,,,,0.00,0.0,-958.2,
2026-09-11T16:06,,,,,0.00,0.0,-958.2,
2026-09-11T16:07,,,,,0.00,0.0,-958.2,
2026-09-11T16:08,,,,,0.00,0.0,-958.2,
2026-09-11T16:09,,,,,0.00,0.0,-958.2,
2026-09-11T16:10,,,,,0.00,0.0,-958.2,15.90
2026-09-11T16:11,,,,,0.00,0.0,-958.2,
2026-09-11T16:12,,,,,0.00,0.0,-958.2,
2026-09-11T16:13,,,,,0.00,0.0,-958.2,
2026-09-11T16:14,,,,,0.00,0.0,-958.2,
2026-09-11T16:15,,,,,0.00,0.0,-958.2,
2026-09-11T16:16,,,,,0.00,0.0,-958.2,
2026-09-11T16:17,,,,,0.00,0.0,-958.2,
2026-09-11T16:18,,,,,0.00,0.0,-958.2,
2026-09-11T16:19,,,,,0.00,0.0,-958.2,
2026-09-11T16:20,,,,,0.00,0.0,-958.2,15.70
2026-09-11T16:21,,,,,0.00,0.0,-958.2,
2026-09-11T16:22,,,,,0.00,0.0,-958.2,
2026-09-11T16:23,,,,,0.00,0.0,-958.2,
2026-09-11T16:24,,,,,0.00,0.0,-958.2,
2026-09-11T16:25,,,,,0.00,0.0,-958.2,
2026-09-11T16:26,,,,,0.00,0.0,-958.2,
2026-09-11T16:27,,,,,0.00,0.0,-958.2,
2026-09-11T16:28,,,,,0.00,0.0,-958.2,
2026-09-11T16:29,,,,,0.00,0.0,-958.2,
2026-09-11T16:30,,,,,0.00,0.0,-958.2,15.60
2026-09-11T16:31,,,,,0.00,0.0,-958.2,
2026-09-11T16:32,,,,,0.00,0.0,-958.2,
2026-09-11T16:33,,,,,0.00,0.0,-958.2,
2026-09-11T16:34,,,,,0.00,0.0,-958.2,
2026-09-11T16:35,,,,,0.00,0.0,-958.2,
2026-09-11T16:36,,,,,0.00,0.0,-958.2,
2026-09-11T16:37,,,,,0.00,0.0,-958.2,
2026-09-11T16:38,,,,,0.00,0.0,-958.2,
2026-09-11T16:39,,,,,0.00,0.0,-958.2,
2026-09-11T16:40,,,,,0.00,0.0,-958.2,15.50
2026-09-11T16:41,,,,,0.00,0.0,-958.2,
2026-09-11T16:42,,,,,0.00,0.0,-958.2,
2026-09-11T16:43,,,,,0.00,0.0,-958.2,
2026-09-11T16:44,,,,,0.00,0.0,-958.2,
2026-09-11T16:45,,,,,0.00,0.0,-958.2,
2026-09-11T16:46,,,,,0.00,0.0,-958.2,
2026-09-11T16:47,,,,,0.00,0.0,-958.2,
2026-09-11T16:48,,,,,0.00,0.0,-958.2,
2026-09-11T16:49,,,,,0.00,0.0,-958.2,
2026-09-11T16:50,,,,,0.00,0.0,-958.2,15.50
2026-09-11T16:51,,,,,0.00,0.0,-958.2,
2026-09-11T16:52,,,,,0.00,0.0,-958.2,
2026-09-11T16:53,,,,,0.00,0.0,-958.2,
2026-09-11T16:54,,,,,0.00,0.0,-958.2,
2026-09-11T16:55,,,,,0.00,0.0,-958.2,
2026-09-11T16:56,,,,,0.00,0.0,-958.2,
2026-09-11T16:57,,,,,0.00,0.0,-958.2,
2026-09-11T16:58,,,,,0.00,0.0,-958.2,
2026-09-11T16:59,,,,,0.00,0.0,-958.2,
2026-09-11T17:00,,,,,0.00,0.0,-958.2,15.50
2026-09-11T17:01,,,,,0.00,0.0,-958.2,
2026-09-11T17:02,,,,,0.00,0.0,-958.2,
2026-09-11T17:03,,,,,0.00,0.0,-958.2,
2026-09-11T17:04,,,,,0.00,0.0,-958.2,
2026-09-11T17:05,,,,,0.00,0.0,-958.2,
2026-09-11T17:06,,,,,0.00,0.0,-958.2,
2026-09-11T17:07,,,,,0.00,0.0,-958.2,
2026-09-11T17:08,,,,,0.00,0.0,-958.2,
2026-09-11T17:09,,,,,0.00,0.0,-958.2,
2026-09-11T17:10,,,,,0.00,0.0,-958.2,15.40
2026-09-11T17:11,,,,,0.00,0.0,-958.2,
2026-09-11T17:12,,,,,0.00,0.0,-958.2,
2026-09-11T17:13,,,,,0.00,0.0,-958.2,
2026-09-11T17:14,,,,,0.00,0.0,-958.2,
2026-09-11T17:15,,,,,0.00,0.0,-958.2,
2026-09-11T17:16,,,,,0.00,0.0,-958.2,
2026-09-11T17:17,,,,,0.00,0.0,-958.2,
2026-09-11T17:18,,,,,0.00,0.0,-958.2,
2026-09-11T17:19,,,,,0.00,0.0,-958.2,
2026-09-11T17:20,,,,,0.00,0.0,-958.2,15.30
2026-09-11T17:21,,,,,0.00,0.0,-958.2,
2026-09-11T17:22,,,,,0.00,0.0,-958.2,
2026-09-11T17:23,,,,,0.00,0.0,-958.2,
2026-09-11T17:24,,,,,0.00,0.0,-958.2,
2026-09-11T17:25,,,,,0.00,0.0,-958.2,
2026-09-11T17:26,,,,,0.00,0.0,-958.2,
2026-09-11T17:27,,,,,0.00,0.0,-958.2,
2026-09-11T17:28,,,,,0.00,0.0,-958.2,
2026-09-11T17:29,,,,,0.00,0.0,-958.2,
2026-09-11T17:30,,,,,0.00,0.0,-958.2,15.30
2026-09-11T17:31,,,,,0.00,0.0,-958.2,
2026-09-11T17:32,,,,,0.00,0.0,-958.2,
2026-09-11T17:33,,,,,0.00,0.0,-958.2,
2026-09-11T17:34,,,,,0.00,0.0,-958.2,
2026-09-11T17:35,,,,,0.00,0.0,-958.2,
2026-09-11T17:36,,,,,0.00,0.0,-958.2,
2026-09-11T17:37,,,,,0.00,0.0,-958.2,
2026-09-11T17:38,,,,,0.00,0.0,-958.2,
2026-09-11T17:39,,,,,0.00,0.0,-958.2,
2026-09-11T17:40,,,,,0.00,0.0,-958.2,15.10
2026-09-11T17:41,,,,,0.00,0.0,-958.2,
2026-09-11T17:42,,,,,0.00,0.0,-958.2,
2026-09-11T17:43,,,,,0.00,0.0,-958.2,
2026-09-11T17:44,,,,,0.00,0.0,-958.2,
2026-09-11T17:45,,,,,0.00,0.0,-958.2,
2026-09-11T17:46,,,,,0.00,0.0,-958.2,
2026-09-11T17:47,,,,,0.00,0.0,-958.2,
2026-09-11T17:48,,,,,0.00,0.0,-958.2,
2026-09-11T17:49,,,,,0.00,0.0,-958.2,
2026-09-11T17:50,,,,,0.00,0.0,-958.2,15.10
2026-09-11T17:51,,,,,0.00,0.0,-958.2,
2026-09-11T17:52,,,,,0.00,0.0,-958.2,
2026-09-11T17:53,,,,,0.00,0.0,-958.2,
2026-09-11T17:54,,,,,0.00,0.0,-958.2,
2026-09-11T17:55,,,,,0.00,0.0,-958.2,
2026-09-11T17:56,,,,,0.00,0.0,-958.2,
2026-09-11T17:57,,,,,0.00,0.0,-958.2,
2026-09-11T17:58,,,,,0.00,0.0,-958.2,
2026-09-11T17:59,,,,,0.00,0.0,-958.2,
2026-09-11T18:00,,,,,0.00,0.0,-958.2,15.00
2026-09-11T18:01,,,,,0.00,0.0,-958.2,
2026-09-11T18:02,,,,,0.00,0.0,-958.2,
2026-09-11T18:03,,,,,0.00,0.0,-958.2,
2026-09-11T18:04,,,,,0.00,0.0,-958.2,
2026-09-11T18:05,,,,,0.00,0.0,-958.2,
2026-09-11T18:06,,,,,0.00,0.0,-958.2,
2026-09-11T18:07,,,,,0.00,0.0,-958.2,
2026-09-11T18:08,,,,,0.00,0.0,-958.2,
2026-09-11T18:09,,,,,0.00,0.0,-958.2,
2026-09-11T18:10,,,,,0.00,0.0,-958.2,14.80
2026-09-11T18:11,,,,,0.00,0.0,-958.2,
2026-09-11T18:12,,,,,0.00,0.0,-958.2,
2026-09-11T18:13,,,,,0.00,0.0,-958.2,
2026-09-11T18:14,,,,,0.00,0.0,-958.2,
2026-09-11T18:15,,,,,0.00,0.0,-958.2,
2026-09-11T18:16,,,,,0.00,0.0,-958.2,
2026-09-11T18:17,,,,,0.00,0.0,-958.2,
2026-09-11T18:18,,,,,0.00,0.0,-958.2,
2026-09-11T18:19,,,,,0.00,0.0,-958.2,
2026-09-11T18:20,,,,,0.00,0.0,-958.2,15.10
2026-09-11T18:21,,,,,0.00,0.0,-958.2,
2026-09-11T18:22,,,,,0.00,0.0,-958.2,
2026-09-11T18:23,,,,,0.00,0.0,-958.2,
2026-09-11T18:24,,,,,0.00,0.0,-958.2,
2026-09-11T18:25,,,,,0.00,0.0,-958.2,
2026-09-11T18:26,,,,,0.00,0.0,-958.2,
2026-09-11T18:27,,,,,0.00,0.0,-958.2,
2026-09-11T18:28,,,,,0.00,0.0,-958.2,
2026-09-11T18:29,,,,,0.00,0.0,-958.2,
2026-09-11T18:30,,,,,0.00,0.0,-958.2,15.30
2026-09-11T18:31,,,,,0.00,0.0,-958.2,
2026-09-11T18:32,,,,,0.00,0.0,-958.2,
2026-09-11T18:33,,,,,0.00,0.0,-958.2,
2026-09-11T18:34,,,,,0.00,0.0,-958.4,
2026-09-11T18:35,,,,,0.00,0.0,-958.4,
2026-09-11T18:36,,,,,0.00,0.0,-958.4,
2026-09-11T18:37,,,,,0.00,0.0,-958.4,
2026-09-11T18:38,,,,,0.00,0.0,-958.4,
2026-09-11T18:39,,,,,0.00,0.0,-958.4,
2026-09-11T18:40,,,,,0.00,0.0,-958.4,15.40
2026-09-11T18:41,,,,,0.00,0.0,-958.4,
2026-09-11T18:42,,,,,0.00,0.0,-958.4,
2026-09-11T18:43,,,,,0.00,0.0,-958.4,
2026-09-11T18:44,,,,,0.00,0.0,-958.4,
2026-09-11T18:45,,,,,0.00,0.0,-958.6,
2026-09-11T18:46,,,,,0.00,0.0,-958.6,
2026-09-11T18:47,,,,,0.00,0.0,-958.6,
2026-09-11T18:48,,,,,0.00,0.0,-958.6,
2026-09-11T18:49,,,,,0.00,0.0,-958.6,
2026-09-11T18:50,,,,,0.00,0.0,-958.6,15.50
2026-09-11T18:51,,,,,0.00,0.0,-958.6,
2026-09-11T18:52,,,,,0.00,0.0,-958.6,
2026-09-11T18:53,,,,,0.00,0.0,-958.6,
2026-09-11T18:54,,,,,0.00,0.0,-958.6,
2026-09-11T18:55,,,,,0.00,0.0,-958.6,
2026-09-11T18:56,,,,,0.00,0.0,-958.6,
2026-09-11T18:57,,,,,0.00,0.0,-958.6,
2026-09-11T18:58,,,,,0.00,0.0,-958.8,
2026-09-11T18:59,,,,,0.00,0.0,-958.8,
2026-09-11T19:00,,,,,0.00,0.0,-958.8,15.20
2026-09-11T19:01,,,,,0.00,0.0,-958.8,
2026-09-11T19:02,,,,,0.00,0.0,-958.8,
2026-09-11T19:03,,,,,0.00,0.0,-958.8,
2026-09-11T19:04,,,,,0.00,0.0,-958.8,
2026-09-11T19:05,,,,,0.00,0.0,-958.8,
2026-09-11T19:06,,,,,0.00,0.0,-959.0,
2026-09-11T19:07,,,,,0.00,0.0,-959.0,
2026-09-11T19:08,,,,,0.00,0.0,-959.2,
2026-09-11T19:09,,,,,0.00,0.0,-959.2,
2026-09-11T19:10,,,,,0.00,0.0,-959.4,15.20
2026-09-11T19:11,,,,,0.00,0.0,-959.6,
2026-09-11T19:12,,,,,0.00,0.0,-959.8,
2026-09-11T19:13,,,,,0.00,0.0,-960.0,
2026-09-11T19:14,,,,,0.00,0.0,-960.0,
2026-09-11T19:15,,,,,0.00,0.0,-960.0,
2026-09-11T19:16,,,,,0.00,0.0,-960.0,
2026-09-11T19:17,,,,,0.00,0.0,-960.0,
2026-09-11T19:18,,,,,0.00,0.0,-960.0,
2026-09-11T19:19,,,,,0.00,0.0,-960.0,
2026-09-11T19:20,,,,,0.00,0.0,-960.2,15.20
2026-09-11T19:21,,,,,0.00,0.0,-960.2,
2026-09-11T19:22,,,,,0.00,0.0,-960.2,
2026-09-11T19:23,,,,,0.00,0.0,-960.2,
2026-09-11T19:24,,,,,0.00,0.0,-960.2,
2026-09-11T19:25,,,,,0.00,0.0,-960.2,
2026-09-11T19:26,,,,,0.00,0.0,-960.2,
2026-09-11T19:27,,,,,0.00,0.0,-960.4,
2026-09-11T19:28,,,,,0.00,0.0,-960.4,
2026-09-11T19:29,,,,,0.00,0.0,-960.4,
2026-09-11T19:30,,,,,0.00,0.0,-960.4,15.10
2026-09-11T19:31,,,,,0.00,0.0,-960.4,
2026-09-11T19:32,,,,,0.00,0.0,-960.4,
2026-09-11T19:33,,,,,0.00,0.0,-960.4,
2026-09-11T19:34,,,,,0.00,0.0,-960.4,
2026-09-11T19:35,,,,,0.00,0.0,-960.4,
2026-09-11T19:36,,,,,0.00,0.0,-960.6,
2026-09-11T19:37,,,,,0.00,0.0,-960.6,
2026-09-11T19:38,,,,,0.00,0.0,-960.6,
2026-09-11T19:39,,,,,0.00,0.0,-960.6,
2026-09-11T19:40,,,,,0.00,0.0,-960.6,15.10
2026-09-11T19:41,,,,,0.00,0.0,-960.6,
2026-09-11T19:42,,,,,0.00,0.0,-960.6,
2026-09-11T19:43,,,,,0.00,0.0,-960.8,
2026-09-11T19:44,,,,,0.00,0.0,-960.8,
2026-09-11T19:45,,,,,0.00,0.0,-960.8,
2026-09-11T19:46,,,,,0.00,0.0,-960.8,
2026-09-11T19:47,,,,,0.00,0.0,-961.0,
2026-09-11T19:48,,,,,0.00,0.0,-961.0,
2026-09-11T19:49,,,,,0.00,0.0,-961.0,
2026-09-11T19:50,,,,,0.00,0.0,-961.0,15.20
2026-09-11T19:51,,,,,0.00,0.0,-961.0,
2026-09-11T19:52,,,,,0.00,0.0,-961.2,
2026-09-11T19:53,,,,,0.00,0.0,-961.2,
2026-09-11T19:54,,,,,0.00,0.0,-961.2,
2026-09-11T19:55,,,,,0.00,0.0,-961.2,
2026-09-11T19:56,,,,,0.00,0.0,-961.4,
2026-09-11T19:57,,,,,0.00,0.0,-961.4,
2026-09-11T19:58,,,,,0.00,0.0,-961.4,
2026-09-11T19:59,,,,,0.00,0.0,-961.6,
2026-09-11T20:00,,,,,0.00,0.0,-961.6,15.10
2026-09-11T20:01,,,,,0.00,0.0,-961.6,
2026-09-11T20:02,,,,,0.00,0.0,-961.6,
2026-09-11T20:03,,,,,0.00,0.0,-961.6,
2026-09-11T20:04,,,,,0.00,0.0,-961.6,
2026-09-11T20:05,,,,,0.00,0.0,-961.6,
2026-09-11T20:06,,,,,0.00,0.0,-961.6,
2026-09-11T20:07,,,,,0.00,0.0,-961.6,
2026-09-11T20:08,,,,,0.00,0.0,-961.6,
2026-09-11T20:09,,,,,0.00,0.0,-961.6,
2026-09-11T20:10,,,,,0.00,0.0,-961.6,15.10
2026-09-11T20:11,,,,,0.00,0.0,-961.6,
2026-09-11T20:12,,,,,0.00,0.0,-961.8,
2026-09-11T20:13,,,,,0.00,0.0,-961.8,
2026-09-11T20:14,,,,,0.00,0.0,-961.8,
2026-09-11T20:15,,,,,0.00,0.0,-961.8,
2026-09-11T20:16,,,,,0.00,0.0,-961.8,
2026-09-11T20:17,,,,,0.00,0.0,-961.8,
2026-09-11T20:18,,,,,0.00,0.0,-961.8,
2026-09-11T20:19,,,,,0.00,0.0,-961.8,
2026-09-11T20:20,,,,,0.00,0.0,-961.8,15.10
2026-09-11T20:21,,,,,0.00,0.0,-961.8,
2026-09-11T20:22,,,,,0.00,0.0,-961.8,
2026-09-11T20:23,,,,,0.00,0.0,-961.8,
2026-09-11T20:24,,,,,0.00,0.0,-961.8,
2026-09-11T20:25,,,,,0.00,0.0,-961.8,
2026-09-11T20:26,,,,,0.00,0.0,-962.0,
2026-09-11T20:27,,,,,0.00,0.0,-962.0,
2026-09-11T20:28,,,,,0.00,0.0,-962.0,
2026-09-11T20:29,,,,,0.00,0.0,-962.0,
2026-09-11T20:30,,,,,0.00,0.0,-962.0,15.00
2026-09-11T20:31,,,,,0.00,0.0,-962.0,
2026-09-11T20:32,,,,,0.00,0.0,-962.0,
2026-09-11T20:33,,,,,0.00,0.0,-962.0,
2026-09-11T20:34,,,,,0.00,0.0,-962.2,
2026-09-11T20:35,,,,,0.00,0.0,-962.2,
2026-09-11T20:36,,,,,0.00,0.0,-962.2,
2026-09-11T20:37,,,,,0.00,0.0,-962.2,
2026-09-11T20:38,,,,,0.00,0.0,-962.2,
2026-09-11T20:39,,,,,0.00,0.0,-962.2,
2026-09-11T20:40,,,,,0.00,0.0,-962.2,15.00
2026-09-11T20:41,,,,,0.00,0.0,-962.2,
2026-09-11T20:42,,,,,0.00,0.0,-962.2,
2026-09-11T20:43,,,,,0.00,0.0,-962.4,
2026-09-11T20:44,,,,,0.00,0.0,-962.4,
2026-09-11T20:45,,,,,0.00,0.0,-962.4,
2026-09-11T20:46,,,,,0.00,0.0,-962.4,
2026-09-11T20:47,,,,,0.00,0.0,-962.4,
2026-09-11T20:48,,,,,0.00,0.0,-962.4,
2026-09-11T20:49,,,,,0.00,0.0,-962.4,
2026-09-11T20:50,,,,,0.00,0.0,-962.4,14.90
2026-09-11T20:51,,,,,0.00,0.0,-962.4,
2026-09-11T20:52,,,,,0.00,0.0,-962.4,
2026-09-11T20:53,,,,,0.00,0.0,-962.4,
2026-09-11T20:54,,,,,0.00,0.0,-962.4,
2026-09-11T20:55,,,,,0.00,0.0,-962.4,
2026-09-11T20:56,,,,,0.00,0.0,-962.4,
2026-09-11T20:57,,,,,0.00,0.0,-962.4,
2026-09-11T20:58,,,,,0.00,0.0,-962.6,
2026-09-11T20:59,,,,,0.00,0.0,-962.6,
2026-09-11T21:00,,,,,0.00,0.0,-962.6,15.00
2026-09-11T21:01,,,,,0.00,0.0,-962.8,
2026-09-11T21:02,,,,,0.00,0.0,-962.8,
2026-09-11T21:03,,,,,0.00,0.0,-962.8,
2026-09-11T21:04,,,,,0.00,0.0,-963.0,
2026-09-11T21:05,,,,,0.00,0.0,-963.0,
2026-09-11T21:06,,,,,0.00,0.0,-963.0,
2026-09-11T21:07,,,,,0.00,0.0,-963.2,
2026-09-11T21:08,,,,,0.00,0.0,-963.2,
2026-09-11T21:09,,,,,0.00,0.0,-963.2,
2026-09-11T21:10,,,,,0.00,0.0,-963.2,15.00
2026-09-11T21:11,,,,,0.00,0.0,-963.4,
2026-09-11T21:12,,,,,0.00,0.0,-963.4,
2026-09-11T21:13,,,,,0.00,0.0,-963.4,
2026-09-11T21:14,,,,,0.00,0.0,-963.6,
2026-09-11T21:15,,,,,0.00,0.0,-963.6,
2026-09-11T21:16,,,,,0.00,0.0,-963.8,
2026-09-11T21:17,,,,,0.00,0.0,-964.0,
2026-09-11T21:18,,,,,0.00,0.0,-964.2,
2026-09-11T21:19,,,,,0.00,0.0,-964.4,
2026-09-11T21:20,,,,,0.00,0.0,-964.6,15.10
2026-09-11T21:21,,,,,0.00,0.0,-964.6,
2026-09-11T21:22,,,,,0.00,0.0,-964.8,
2026-09-11T21:23,,,,,0.00,0.0,-965.0,
2026-09-11T21:24,,,,,0.00,0.0,-965.2,
2026-09-11T21:25,,,,,0.00,0.0,-965.2,
2026-09-11T21:26,,,,,0.00,0.0,-965.4,
2026-09-11T21:27,,,,,0.00,0.0,-965.6,
2026-09-11T21:28,,,,,0.00,0.0,-965.8,
2026-09-11T21:29,,,,,0.00,0.0,-966.0,
2026-09-11T21:30,,,,,0.00,0.0,-966.2,15.10
2026-09-11T21:31,,,,,0.00,0.0,-966.4,
2026-09-11T21:32,,,,,0.00,0.0,-966.4,
2026-09-11T21:33,,,,,0.00,0.0,-966.4,
2026-09-11T21:34,,,,,0.00,0.0,-966.6,
2026-09-11T21:35,,,,,0.00,0.0,-966.6,
2026-09-11T21:36,,,,,0.00,0.0,-966.6,
2026-09-11T21:37,,,,,0.00,0.0,-966.6,
2026-09-11T21:38,,,,,0.00,0.0,-966.8,
2026-09-11T21:39,,,,,0.00,0.0,-966.8,
2026-09-11T21:40,,,,,0.00,0.0,-966.8,15.10
2026-09-11T21:41,,,,,0.00,0.0,-966.8,
2026-09-11T21:42,,,,,0.00,0.0,-966.8,
2026-09-11T21:43,,,,,0.00,0.0,-966.8,
2026-09-11T21:44,,,,,0.00,0.0,-966.8,
2026-09-11T21:45,,,,,0.00,0.0,-966.8,
2026-09-11T21:46,,,,,0.00,0.0,-966.8,
2026-09-11T21:47,,,,,0.00,0.0,-966.8,
2026-09-11T21:48,,,,,0.00,0.0,-966.8,
2026-09-11T21:49,,,,,0.00,0.0,-966.8,
2026-09-11T21:50,,,,,0.00,0.0,-966.8,15.10
2026-09-11T21:51,,,,,0.00,0.0,-966.8,
2026-09-11T21:52,,,,,0.00,0.0,-966.8,
2026-09-11T21:53,,,,,0.00,0.0,-967.0,
2026-09-11T21:54,,,,,0.00,0.0,-967.0,
2026-09-11T21:55,,,,,0.00,0.0,-967.0,
2026-09-11T21:56,,,,,0.00,0.0,-967.0,
2026-09-11T21:57,,,,,0.00,0.0,-967.0,
2026-09-11T21:58,,,,,0.00,0.0,-967.0,
2026-09-11T21:59,,,,,0.00,0.0,-967.0,
2026-09-11T22:00,,,,,0.00,0.0,-967.0,15.10
2026-09-11T22:01,,,,,0.00,0.0,-967.0,
2026-09-11T22:02,,,,,0.00,0.0,-967.0,
2026-09-11T22:03,,,,,0.00,0.0,-967.0,
2026-09-11T22:04,,,,,0.00,0.0,-967.0,
2026-09-11T22:05,,,,,0.00,0.0,-967.0,
2026-09-11T22:06,,,,,0.00,0.0,-967.0,
2026-09-11T22:07,,,,,0.00,0.0,-967.0,
2026-09-11T22:08,,,,,0.00,0.0,-967.0,
2026-09-11T22:09,,,,,0.00,0.0,-967.0,
2026-09-11T22:10,,,,,0.00,0.0,-967.0,15.10
2026-09-11T22:11,,,,,0.00,0.0,-967.0,
2026-09-11T22:12,,,,,0.00,0.0,-967.0,
2026-09-11T22:13,,,,,0.00,0.0,-967.0,
2026-09-11T22:14,,,,,0.00,0.0,-967.0,
2026-09-11T22:15,,,,,0.00,0.0,-967.0,
2026-09-11T22:16,,,,,0.00,0.0,-967.0,
2026-09-11T22:17,,,,,0.00,0.0,-967.0,
2026-09-11T22:18,,,,,0.00,0.0,-967.0,
2026-09-11T22:19,,,,,0.00,0.0,-967.0,
2026-09-11T22:20,,,,,0.00,0.0,-967.0,15.00
2026-09-11T22:21,,,,,0.00,0.0,-967.0,
2026-09-11T22:22,,,,,0.00,0.0,-967.0,
2026-09-11T22:23,,,,,0.00,0.0,-967.0,
2026-09-11T22:24,,,,,0.00,0.0,-967.2,
2026-09-11T22:25,,,,,0.00,0.0,-967.2,
2026-09-11T22:26,,,,,0.00,0.0,-967.2,
2026-09-11T22:27,,,,,0.00,0.0,-967.2,
2026-09-11T22:28,,,,,0.00,0.0,-967.2,
2026-09-11T22:29,,,,,0.00,0.0,-967.2,
2026-09-11T22:30,,,,,0.00,0.0,-967.2,14.90
2026-09-11T22:31,,,,,0.00,0.0,-967.2,
2026-09-11T22:32,,,,,0.00,0.0,-967.4,
2026-09-11T22:33,,,,,0.00,0.0,-967.4,
2026-09-11T22:34,,,,,0.00,0.0,-967.4,
2026-09-11T22:35,,,,,0.00,0.0,-967.4,
2026-09-11T22:36,,,,,0.00,0.0,-967.4,
2026-09-11T22:37,,,,,0.00,0.0,-967.4,
2026-09-11T22:38,,,,,0.00,0.0,-967.4,
2026-09-11T22:39,,,,,0.00,0.0,-967.4,
2026-09-11T22:40,,,,,0.00,0.0,-967.4,15.00
2026-09-11T22:41,,,,,0.00,0.0,-967.4,
2026-09-11T22:42,,,,,0.00,0.0,-967.4,
2026-09-11T22:43,,,,,0.00,0.0,-967.4,
2026-09-11T22:44,,,,,0.00,0.0,-967.4,
2026-09-11T22:45,,,,,0.00,0.0,-967.4,
2026-09-11T22:46,,,,,0.00,0.0,-967.4,
2026-09-11T22:47,,,,,0.00,0.0,-967.4,
2026-09-11T22:48,,,,,0.00,0.0,-967.4,
2026-09-11T22:49,,,,,0.00,0.0,-967.4,
2026-09-11T22:50,,,,,0.00,0.0,-967.4,14.80
2026-09-11T22:51,,,,,0.00,0.0,-967.4,
2026-09-11T22:52,,,,,0.00,0.0,-967.4,
2026-09-11T22:53,,,,,0.00,0.0,-967.4,
2026-09-11T22:54,,,,,0.00,0.0,-967.4,
2026-09-11T22:55,,,,,0.00,0.0,-967.4,
2026-09-11T22:56,,,,,0.00,0.0,-967.4,
2026-09-11T22:57,,,,,0.00,0.0,-967.4,
2026-09-11T22:58,,,,,0.00,0.0,-967.6,
2026-09-11T22:59,,,,,0.00,0.0,-967.6,
2026-09-11T23:00,,,,,0.00,0.0,-967.6,14.80
2026-09-11T23:01,,,,,0.00,0.0,-967.6,
2026-09-11T23:02,,,,,0.00,0.0,-967.6,
2026-09-11T23:03,,,,,0.00,0.0,-967.6,
2026-09-11T23:04,,,,,0.00,0.0,-967.6,
2026-09-11T23:05,,,,,0.00,0.0,-967.6,
2026-09-11T23:06,,,,,0.00,0.0,-967.6,
2026-09-11T23:07,,,,,0.00,0.0,-967.6,
2026-09-11T23:08,,,,,0.00,0.0,-967.6,
2026-09-11T23:09,,,,,0.00,0.0,-967.6,
2026-09-11T23:10,,,,,0.00,0.0,-967.6,14.60
2026-09-11T23:11,,,,,0.00,0.0,-967.6,
2026-09-11T23:12,,,,,0.00,0.0,-967.6,
2026-09-11T23:13,,,,,0.00,0.0,-967.6,
2026-09-11T23:14,,,,,0.00,0.0,-967.6,
2026-09-11T23:15,,,,,0.00,0.0,-967.6,
2026-09-11T23:16,,,,,0.00,0.0,-967.6,
2026-09-11T23:17,,,,,0.00,0.0,-967.6,
2026-09-11T23:18,,,,,0.00,0.0,-967.6,
2026-09-11T23:19,,,,,0.00,0.0,-967.6,
2026-09-11T23:20,,,,,0.00,0.0,-967.6,14.30
2026-09-11T23:21,,,,,0.00,0.0,-967.6,
2026-09-11T23:22,,,,,0.00,0.0,-967.6,
2026-09-11T23:23,,,,,0.00,0.0,-967.6,
2026-09-11T23:24,,,,,0.00,0.0,-967.6,
2026-09-11T23:25,,,,,0.00,0.0,-967.6,
2026-09-11T23:26,,,,,0.00,0.0,-967.6,
2026-09-11T23:27,,,,,0.00,0.0,-967.6,
2026-09-11T23:28,,,,,0.00,0.0,-967.6,
2026-09-11T23:29,,,,,0.00,0.0,-967.6,
2026-09-11T23:30,,,,,0.00,0.0,-967.6,14.30
2026-09-11T23:31,,,,,0.00,0.0,-967.6,
2026-09-11T23:32,,,,,0.00,0.0,-967.6,
2026-09-11T23:33,,,,,0.00,0.0,-967.6,
2026-09-11T23:34,,,,,0.00,0.0,-967.6,
2026-09-11T23:35,,,,,0.00,0.0,-967.6,
2026-09-11T23:36,,,,,0.00,0.0,-967.6,
2026-09-11T23:37,,,,,0.00,0.0,-967.6,
2026-09-11T23:38,,,,,0.00,0.0,-967.6,
2026-09-11T23:39,,,,,0.00,0.0,-967.6,
2026-09-11T23:40,,,,,0.00,0.0,-967.6,14.10
2026-09-11T23:41,,,,,0.00,0.0,-967.6,
2026-09-11T23:42,,,,,0.00,0.0,-967.6,
2026-09-11T23:43,,,,,0.00,0.0,-967.6,
2026-09-11T23:44,,,,,0.00,0.0,-967.6,
2026-09-11T23:45,,,,,0.00,0.0,-967.6,
2026-09-11T23:46,,,,,0.00,0.0,-967.6,
2026-09-11T23:47,,,,,0.00,0.0,-967.6,
2026-09-11T23:48,,,,,0.00,0.0,-967.6,
2026-09-11T23:49,,,,,0.00,0.0,-967.6,
2026-09-11T23:50,,,,,0.00,0.0,-967.6,13.90
2026-09-11T23:51,,,,,0.00,0.0,-967.6,
2026-09-11T23:52,,,,,0.00,0.0,-967.6,
2026-09-11T23:53,,,,,0.00,0.0,-967.6,
2026-09-11T23:54,,,,,0.00,0.0,-967.6,
2026-09-11T23:55,,,,,0.00,0.0,-967.6,
2026-09-11T23:56,,,,,0.00,0.0,-967.6,
2026-09-11T23:57,,,,,0.00,0.0,-967.6,
2026-09-11T23:58,,,,,0.00,0.0,-967.6,
2026-09-11T23:59,,,,,0.00,0.0,-967.6,
2026-09-12T00:00,,,,,0.00,0.0,-967.6,13.80
2026-09-12T00:01,,,,,0.00,0.0,-967.6,
2026-09-12T00:02,,,,,0.00,0.0,-967.6,
2026-09-12T00:03,,,,,0.00,0.0,-967.6,
2026-09-12T00:04,,,,,0.00,0.0,-967.6,
2026-09-12T00:05,,,,,0.00,0.0,-967.6,
2026-09-12T00:06,,,,,0.00,0.0,-967.6,
2026-09-12T00:07,,,,,0.00,0.0,-967.6,
2026-09-12T00:08,,,,,0.00,0.0,-967.6,
2026-09-12T00:09,,,,,0.00,0.0,-967.6,
2026-09-12T00:10,,,,,0.00,0.0,-967.6,13.60
2026-09-12T00:11,,,,,0.00,0.0,-967.6,
2026-09-12T00:12,,,,,0.00,0.0,-967.6,
2026-09-12T00:13,,,,,0.00,0.0,-967.6,
2026-09-12T00:14,,,,,0.00,0.0,-967.6,
2026-09-12T00:15,,,,,0.00,0.0,-967.6,
2026-09-12T00:16,,,,,0.00,0.0,-967.6,
2026-09-12T00:17,,,,,0.00,0.0,-967.6,
2026-09-12T00:18,,,,,0.00,0.0,-967.6,
2026-09-12T00:19,,,,,0.00,0.0,-967.6,
2026-09-12T00:20,,,,,0.00,0.0,-967.6,13.70
2026-09-12T00:21,,,,,0.00,0.0,-967.6,
2026-09-12T00:22,,,,,0.00,0.0,-967.8,
2026-09-12T00:23,,,,,0.00,0.0,-967.8,
2026-09-12T00:24,,,,,0.00,0.0,-967.8,
2026-09-12T00:25,,,,,0.00,0.0,-967.8,
2026-09-12T00:26,,,,,0.00,0.0,-967.8,
2026-09-12T00:27,,,,,0.00,0.0,-967.8,
2026-09-12T00:28,,,,,0.00,0.0,-968.0,
2026-09-12T00:29,,,,,0.00,0.0,-968.0,
2026-09-12T00:30,,,,,0.00,0.0,-968.0,13.60
2026-09-12T00:31,,,,,0.00,0.0,-968.2,
2026-09-12T00:32,,,,,0.00,0.0,-968.2,
2026-09-12T00:33,,,,,0.00,0.0,-968.2,
2026-09-12T00:34,,,,,0.00,0.0,-968.2,
2026-09-12T00:35,,,,,0.00,0.0,-968.2,
2026-09-12T00:36,,,,,0.00,0.0,-968.4,
2026-09-12T00:37,,,,,0.00,0.0,-968.4,
2026-09-12T00:38,,,,,0.00,0.0,-968.4,
2026-09-12T00:39,,,,,0.00,0.0,-968.4,
2026-09-12T00:40,,,,,0.00,0.0,-968.4,13.60
2026-09-12T00:41,,,,,0.00,0.0,-968.4,
2026-09-12T00:42,,,,,0.00,0.0,-968.4,
2026-09-12T00:43,,,,,0.00,0.0,-968.4,
2026-09-12T00:44,,,,,0.00,0.0,-968.4,
2026-09-12T00:45,,,,,0.00,0.0,-968.4,
2026-09-12T00:46,,,,,0.00,0.0,-968.4,
2026-09-12T00:47,,,,,0.00,0.0,-968.4,
2026-09-12T00:48,,,,,0.00,0.0,-968.4,
2026-09-12T00:49,,,,,0.00,0.0,-968.4,
2026-09-12T00:50,,,,,0.00,0.0,-968.6,13.60
2026-09-12T00:51,,,,,0.00,0.0,-968.6,
2026-09-12T00:52,,,,,0.00,0.0,-968.6,
2026-09-12T00:53,,,,,0.00,0.0,-968.6,
2026-09-12T00:54,,,,,0.00,0.0,-968.8,
2026-09-12T00:55,,,,,0.00,0.0,-968.8,
2026-09-12T00:56,,,,,0.00,0.0,-968.8,
2026-09-12T00:57,,,,,0.00,0.0,-968.8,
2026-09-12T00:58,,,,,0.00,0.0,-969.0,
2026-09-12T00:59,,,,,0.00,0.0,-969.0,
2026-09-12T01:00,,,,,0.00,0.0,-969.0,13.80
2026-09-12T01:01,,,,,0.00,0.0,-969.2,
2026-09-12T01:02,,,,,0.00,0.0,-969.4,
2026-09-12T01:03,,,,,0.00,0.0,-969.4,
2026-09-12T01:04,,,,,0.00,0.0,-969.6,
2026-09-12T01:05,,,,,0.00,0.0,-969.6,
2026-09-12T01:06,,,,,0.00,0.0,-969.6,
2026-09-12T01:07,,,,,0.00,0.0,-969.8,
2026-09-12T01:08,,,,,0.00,0.0,-970.0,
2026-09-12T01:09,,,,,0.00,0.0,-970.0,
2026-09-12T01:10,,,,,0.00,0.0,-970.0,13.90
2026-09-12T01:11,,,,,0.00,0.0,-970.2,
2026-09-12T01:12,,,,,0.00,0.0,-970.2,
2026-09-12T01:13,,,,,0.00,0.0,-970.4,
2026-09-12T01:14,,,,,0.00,0.0,-970.4,
2026-09-12T01:15,,,,,0.00,0.0,-970.4,
2026-09-12T01:16,,,,,0.00,0.0,-970.6,
2026-09-12T01:17,,,,,0.00,0.0,-970.6,
2026-09-12T01:18,,,,,0.00,0.0,-970.8,
2026-09-12T01:19,,,,,0.00,0.0,-971.0,
2026-09-12T01:20,,,,,0.00,0.0,-971.0,13.80
2026-09-12T01:21,,,,,0.00,0.0,-971.2,
2026-09-12T01:22,,,,,0.00,0.0,-971.2,
2026-09-12T01:23,,,,,0.00,0.0,-971.4,
2026-09-12T01:24,,,,,0.00,0.0,-971.4,
2026-09-12T01:25,,,,,0.00,0.0,-971.4,
2026-09-12T01:26,,,,,0.00,0.0,-971.6,
2026-09-12T01:27,,,,,0.00,0.0,-971.6,
2026-09-12T01:28,,,,,0.00,0.0,-971.6,
2026-09-12T01:29,,,,,0.00,0.0,-971.6,
2026-09-12T01:30,,,,,0.00,0.0,-971.8,13.60
2026-09-12T01:31,,,,,0.00,0.0,-971.8,
2026-09-12T01:32,,,,,0.00,0.0,-971.8,
2026-09-12T01:33,,,,,0.00,0.0,-971.8,
2026-09-12T01:34,,,,,0.00,0.0,-971.8,
2026-09-12T01:35,,,,,0.00,0.0,-971.8,
2026-09-12T01:36,,,,,0.00,0.0,-971.8,
2026-09-12T01:37,,,,,0.00,0.0,-971.8,
2026-09-12T01:38,,,,,0.00,0.0,-971.8,
2026-09-12T01:39,,,,,0.00,0.0,-971.8,
2026-09-12T01:40,,,,,0.00,0.0,-971.8,13.50
2026-09-12T01:41,,,,,0.00,0.0,-971.8,
2026-09-12T01:42,,,,,0.00,0.0,-971.8,
2026-09-12T01:43,,,,,0.00,0.0,-971.8,
2026-09-12T01:44,,,,,0.00,0.0,-971.8,
2026-09-12T01:45,,,,,0.00,0.0,-971.8,
2026-09-12T01:46,,,,,0.00,0.0,-971.8,
2026-09-12T01:47,,,,,0.00,0.0,-971.8,
2026-09-12T01:48,,,,,0.00,0.0,-971.8,
2026-09-12T01:49,,,,,0.00,0.0,-971.8,
2026-09-12T01:50,,,,,0.00,0.0,-971.8,13.40
2026-09-12T01:51,,,,,0.00,0.0,-971.8,
2026-09-12T01:52,,,,,0.00,0.0,-971.8,
2026-09-12T01:53,,,,,0.00,0.0,-971.8,
2026-09-12T01:54,,,,,0.00,0.0,27.2,
2026-09-12T01:55,,,,,0.00,0.0,27.2,
2026-09-12T01:56,,,,,0.00,0.0,27.2,
2026-09-12T01:57,,,,,0.00,0.0,27.0,
2026-09-12T01:58,,,,,0.00,0.0,27.0,
2026-09-12T01:59,,,,,0.00,0.0,27.0,
2026-09-12T02:00,,,,,0.00,0.0,27.0,13.50
2026-09-12T02:01,,,,,0.00,0.0,26.8,
2026-09-12T02:02,,,,,0.00,0.0,26.8,
2026-09-12T02:03,,,,,0.00,0.0,26.6,
2026-09-12T02:04,,,,,0.00,0.0,26.4,
2026-09-12T02:05,,,,,0.00,0.0,26.4,
2026-09-12T02:06,,,,,0.00,0.0,26.4,
2026-09-12T02:07,,,,,0.00,0.0,26.2,
2026-09-12T02:08,,,,,0.00,0.0,26.2,
2026-09-12T02:09,,,,,0.00,0.0,26.2,
2026-09-12T02:10,,,,,0.00,0.0,26.0,13.50
2026-09-12T02:11,,,,,0.00,0.0,26.0,
2026-09-12T02:12,,,,,0.00,0.0,26.0,
2026-09-12T02:13,,,,,0.00,0.0,26.0,
2026-09-12T02:14,,,,,0.00,0.0,25.8,
2026-09-12T02:15,,,,,0.00,0.0,25.8,
2026-09-12T02:16,,,,,0.00,0.0,25.6,
2026-09-12T02:17,,,,,0.00,0.0,25.6,
2026-09-12T02:18,,,,,0.00,0.0,25.4,
2026-09-12T02:19,,,,,0.00,0.0,25.2,
2026-09-12T02:20,,,,,0.00,0.0,25.0,13.50
2026-09-12T02:21,,,,,0.00,0.0,24.6,
2026-09-12T02:22,,,,,0.00,0.0,24.4,
2026-09-12T02:23,,,,,0.00,0.0,24.2,
2026-09-12T02:24,,,,,0.00,0.0,23.8,
2026-09-12T02:25,,,,,0.00,0.0,23.6,
2026-09-12T02:26,,,,,0.00,0.0,23.2,
2026-09-12T02:27,,,,,0.00,0.0,22.8,
2026-09-12T02:28,,,,,0.00,0.0,22.6,
2026-09-12T02:29,,,,,0.00,0.0,22.4,
2026-09-12T02:30,,,,,0.00,0.0,22.2,13.50
2026-09-12T02:31,,,,,0.00,0.0,21.8,
2026-09-12T02:32,,,,,0.00,0.0,21.6,
2026-09-12T02:33,,,,,0.00,0.0,21.4,
2026-09-12T02:34,,,,,0.00,0.0,21.0,
2026-09-12T02:35,,,,,0.00,0.0,21.0,
2026-09-12T02:36,,,,,0.00,0.0,20.8,
2026-09-12T02:37,,,,,0.00,0.0,20.8,
2026-09-12T02:38,,,,,0.00,0.0,20.6,
2026-09-12T02:39,,,,,0.00,0.0,20.4,
2026-09-12T02:40,,,,,0.00,0.0,20.4,13.60
2026-09-12T02:41,,,,,0.00,0.0,20.2,
2026-09-12T02:42,,,,,0.00,0.0,20.2,
2026-09-12T02:43,,,,,0.00,0.0,20.0,
2026-09-12T02:44,,,,,0.00,0.0,20.0,
2026-09-12T02:45,,,,,0.00,0.0,20.0,
2026-09-12T02:46,,,,,0.00,0.0,19.8,
2026-09-12T02:47,,,,,0.00,0.0,19.6,
2026-09-12T02:48,,,,,0.00,0.0,19.6,
2026-09-12T02:49,,,,,0.00,0.0,19.4,
2026-09-12T02:50,,,,,0.00,0.0,19.4,13.60
2026-09-12T02:51,,,,,0.00,0.0,19.4,
2026-09-12T02:52,,,,,0.00,0.0,19.2,
2026-09-12T02:53,,,,,0.00,0.0,19.0,
2026-09-12T02:54,,,,,0.00,0.0,19.0,
2026-09-12T02:55,,,,,0.00,0.0,18.8,
2026-09-12T02:56,,,,,0.00,0.0,18.8,
2026-09-12T02:57,,,,,0.00,0.0,18.6,
2026-09-12T02:58,,,,,0.00,0.0,18.6,
2026-09-12T02:59,,,,,0.00,0.0,18.6,
2026-09-12T03:00,,,,,0.00,0.0,18.4,13.60
2026-09-12T03:01,,,,,0.00,0.0,18.4,
2026-09-12T03:02,,,,,0.00,0.0,18.2,
2026-09-12T03:03,,,,,0.00,0.0,18.2,
2026-09-12T03:04,,,,,0.00,0.0,18.2,
2026-09-12T03:05,,,,,0.00,0.0,18.0,
2026-09-12T03:06,,,,,0.00,0.0,17.8,
2026-09-12T03:07,,,,,0.00,0.0,17.8,
2026-09-12T03:08,,,,,0.00,0.0,17.6,
2026-09-12T03:09,,,,,0.00,0.0,17.4,
2026-09-12T03:10,,,,,0.00,0.0,17.2,13.40
2026-09-12T03:11,,,,,0.00,0.0,17.2,
2026-09-12T03:12,,,,,0.00,0.0,17.0,
2026-09-12T03:13,,,,,0.00,0.0,17.0,
2026-09-12T03:14,,,,,0.00,0.0,16.8,
2026-09-12T03:15,,,,,0.00,0.0,16.8,
2026-09-12T03:16,,,,,0.00,0.0,16.6,
2026-09-12T03:17,,,,,0.00,0.0,16.6,
2026-09-12T03:18,,,,,0.00,0.0,16.4,
2026-09-12T03:19,,,,,0.00,0.0,16.2,
2026-09-12T03:20,,,,,0.00,0.0,16.0,13.30
2026-09-12T03:21,,,,,0.00,0.0,15.8,
2026-09-12T03:22,,,,,0.00,0.0,15.8,
2026-09-12T03:23,,,,,0.00,0.0,15.6,
2026-09-12T03:24,,,,,0.00,0.0,15.4,
2026-09-12T03:25,,,,,0.00,0.0,15.2,
2026-09-12T03:26,,,,,0.00,0.0,15.0,
2026-09-12T03:27,,,,,0.00,0.0,15.0,
2026-09-12T03:28,,,,,0.00,0.0,14.8,
2026-09-12T03:29,,,,,0.00,0.0,14.6,
2026-09-12T03:30,,,,,0.00,0.0,14.6,13.00
2026-09-12T03:31,,,,,0.00,0.0,14.4,
2026-09-12T03:32,,,,,0.00,0.0,14.2,
2026-09-12T03:33,,,,,0.00,0.0,14.2,
2026-09-12T03:34,,,,,0.00,0.0,14.0,
2026-09-12T03:35,,,,,0.00,0.0,14.0,
2026-09-12T03:36,,,,,0.00,0.0,14.0,
2026-09-12T03:37,,,,,0.00,0.0,13.8,
2026-09-12T03:38,,,,,0.00,0.0,13.6,
2026-09-12T03:39,,,,,0.00,0.0,13.6,
2026-09-12T03:40,,,,,0.00,0.0,13.4,13.00
2026-09-12T03:41,,,,,0.00,0.0,13.4,
2026-09-12T03:42,,,,,0.00,0.0,13.2,
2026-09-12T03:43,,,,,0.00,0.0,13.2,
2026-09-12T03:44,,,,,0.00,0.0,13.0,
2026-09-12T03:45,,,,,0.00,0.0,13.0,
2026-09-12T03:46,,,,,0.00,0.0,12.8,
2026-09-12T03:47,,,,,0.00,0.0,12.8,
2026-09-12T03:48,,,,,0.00,0.0,12.6,
2026-09-12T03:49,,,,,0.00,0.0,12.4,
2026-09-12T03:50,,,,,0.00,0.0,12.2,13.10
2026-09-12T03:51,,,,,0.00,0.0,12.2,
2026-09-12T03:52,,,,,0.00,0.0,12.0,
2026-09-12T03:53,,,,,0.00,0.0,12.0,
2026-09-12T03:54,,,,,0.00,0.0,12.0,
2026-09-12T03:55,,,,,0.00,0.0,11.8,
2026-09-12T03:56,,,,,0.00,0.0,11.6,
2026-09-12T03:57,,,,,0.00,0.0,11.6,
2026-09-12T03:58,,,,,0.00,0.0,11.4,
2026-09-12T03:59,,,,,0.00,0.0,11.4,
2026-09-12T04:00,,,,,0.00,0.0,11.2,13.00
2026-09-12T04:01,,,,,0.00,0.0,11.0,
2026-09-12T04:02,,,,,0.00,0.0,11.0,
2026-09-12T04:03,,,,,0.00,0.0,10.8,
2026-09-12T04:04,,,,,0.00,0.0,10.8,
2026-09-12T04:05,,,,,0.00,0.0,10.6,
2026-09-12T04:06,,,,,0.00,0.0,10.6,
2026-09-12T04:07,,,,,0.00,0.0,10.6,
2026-09-12T04:08,,,,,0.00,0.0,10.4,
2026-09-12T04:09,,,,,0.00,0.0,10.4,
2026-09-12T04:10,,,,,0.00,0.0,10.2,13.00
2026-09-12T04:11,,,,,0.00,0.0,10.2,
2026-09-12T04:12,,,,,0.00,0.0,10.2,
2026-09-12T04:13,,,,,0.00,0.0,10.0,
2026-09-12T04:14,,,,,0.00,0.0,10.0,
2026-09-12T04:15,,,,,0.00,0.0,10.0,
2026-09-12T04:16,,,,,0.00,0.0,9.8,
2026-09-12T04:17,,,,,0.00,0.0,9.8,
2026-09-12T04:18,,,,,0.00,0.0,9.6,
2026-09-12T04:19,,,,,0.00,0.0,9.6,
2026-09-12T04:20,,,,,0.00,0.0,9.6,13.00
2026-09-12T04:21,,,,,0.00,0.0,9.4,
2026-09-12T04:22,,,,,0.00,0.0,9.4,
2026-09-12T04:23,,,,,0.00,0.0,9.4,
2026-09-12T04:24,,,,,0.00,0.0,9.2,
2026-09-12T04:25,,,,,0.00,0.0,9.2,
2026-09-12T04:26,,,,,0.00,0.0,9.2,
2026-09-12T04:27,,,,,0.00,0.0,9.2,
2026-09-12T04:28,,,,,0.00,0.0,9.2,
2026-09-12T04:29,,,,,0.00,0.0,9.2,
2026-09-12T04:30,,,,,0.00,0.0,9.2,12.90
2026-09-12T04:31,,,,,0.00,0.0,9.2,
2026-09-12T04:32,,,,,0.00,0.0,9.2,
2026-09-12T04:33,,,,,0.00,0.0,9.2,
2026-09-12T04:34,,,,,0.00,0.0,9.2,
2026-09-12T04:35,,,,,0.00,0.0,9.2,
2026-09-12T04:36,,,,,0.00,0.0,9.2,
2026-09-12T04:37,,,,,0.00,0.0,9.2,
2026-09-12T04:38,,,,,0.00,0.0,9.2,
2026-09-12T04:39,,,,,0.00,0.0,9.2,
2026-09-12T04:40,,,,,0.00,0.0,9.2,12.60
2026-09-12T04:41,,,,,0.00,0.0,9.0,
2026-09-12T04:42,,,,,0.00,0.0,9.0,
2026-09-12T04:43,,,,,0.00,0.0,9.0,
2026-09-12T04:44,,,,,0.00,0.0,9.0,
2026-09-12T04:45,,,,,0.00,0.0,9.0,
2026-09-12T04:46,,,,,0.00,0.0,9.0,
2026-09-12T04:47,,,,,0.00,0.0,9.0,
2026-09-12T04:48,,,,,0.00,0.0,9.0,
2026-09-12T04:49,,,,,0.00,0.0,9.0,
2026-09-12T04:50,,,,,0.00,0.0,9.0,12.30
2026-09-12T04:51,,,,,0.00,0.0,9.0,
2026-09-12T04:52,,,,,0.00,0.0,9.0,
2026-09-12T04:53,,,,,0.00,0.0,9.0,
2026-09-12T04:54,,,,,0.00,0.0,9.0,
2026-09-12T04:55,,,,,0.00,0.0,9.0,
2026-09-12T04:56,,,,,0.00,0.0,9.0,
2026-09-12T04:57,,,,,0.00,0.0,9.0,
2026-09-12T04:58,,,,,0.00,0.0,9.0,
2026-09-12T04:59,,,,,0.00,0.0,9.0,
2026-09-12T05:00,,,,,0.00,0.0,9.0,12.20
2026-09-12T05:01,,,,,0.00,0.0,9.0,
2026-09-12T05:02,,,,,0.00,0.0,9.0,
2026-09-12T05:03,,,,,0.00,0.0,9.0,
2026-09-12T05:04,,,,,0.00,0.0,9.0,
2026-09-12T05:05,,,,,0.00,0.0,9.0,
2026-09-12T05:06,,,,,0.00,0.0,9.0,
2026-09-12T05:07,,,,,0.00,0.0,9.0,
2026-09-12T05:08,,,,,0.00,0.0,9.0,
2026-09-12T05:09,,,,,0.00,0.0,9.0,
2026-09-12T05:10,,,,,0.00,0.0,9.0,12.00
2026-09-12T05:11,,,,,0.00,0.0,9.0,
2026-09-12T05:12,,,,,0.00,0.0,9.0,
2026-09-12T05:13,,,,,0.00,0.0,9.0,
2026-09-12T05:14,,,,,0.00,0.0,9.0,
2026-09-12T05:15,,,,,0.00,0.0,9.0,
2026-09-12T05:16,,,,,0.00,0.0,8.8,
2026-09-12T05:17,,,,,0.00,0.0,8.8,
2026-09-12T05:18,,,,,0.00,0.0,8.8,
2026-09-12T05:19,,,,,0.00,0.0,8.8,
2026-09-12T05:20,,,,,0.00,0.0,8.8,11.90
2026-09-12T05:21,,,,,0.00,0.0,8.6,
2026-09-12T05:22,,,,,0.00,0.0,8.6,
2026-09-12T05:23,,,,,0.00,0.0,8.6,
2026-09-12T05:24,,,,,0.00,0.0,8.6,
2026-09-12T05:25,,,,,0.00,0.0,8.6,
2026-09-12T05:26,,,,,0.00,0.0,8.6,
2026-09-12T05:27,,,,,0.00,0.0,8.6,
2026-09-12T05:28,,,,,0.00,0.0,8.6,
2026-09-12T05:29,,,,,0.00,0.0,8.6,
2026-09-12T05:30,,,,,0.00,0.0,8.6,11.80
2026-09-12T05:31,,,,,0.00,0.0,8.6,
2026-09-12T05:32,,,,,0.00,0.0,8.6,
2026-09-12T05:33,,,,,0.00,0.0,8.6,
2026-09-12T05:34,,,,,0.00,0.0,8.4,
2026-09-12T05:35,,,,,0.00,0.0,8.4,
2026-09-12T05:36,,,,,0.00,0.0,8.4,
2026-09-12T05:37,,,,,0.00,0.0,8.4,
2026-09-12T05:38,,,,,0.00,0.0,8.4,
2026-09-12T05:39,,,,,0.00,0.0,8.4,
2026-09-12T05:40,,,,,0.00,0.0,8.4,11.70
2026-09-12T05:41,,,,,0.00,0.0,8.4,
2026-09-12T05:42,,,,,0.00,0.0,8.4,
2026-09-12T05:43,,,,,0.00,0.0,8.4,
2026-09-12T05:44,,,,,0.00,0.0,8.4,
2026-09-12T05:45,,,,,0.00,0.0,8.4,
2026-09-12T05:46,,,,,0.00,0.0,8.4,
2026-09-12T05:47,,,,,0.00,0.0,8.4,
2026-09-12T05:48,,,,,0.00,0.0,8.4,
2026-09-12T05:49,,,,,0.00,0.0,8.4,
2026-09-12T05:50,,,,,0.00,0.0,8.4,11.50
2026-09-12T05:51,,,,,0.00,0.0,8.4,
2026-09-12T05:52,,,,,0.00,0.0,8.4,
2026-09-12T05:53,,,,,0.00,0.0,8.4,
2026-09-12T05:54,,,,,0.00,0.0,8.4,
2026-09-12T05:55,,,,,0.00,0.0,8.4,
2026-09-12T05:56,,,,,0.00,0.0,8.4,
2026-09-12T05:57,,,,,0.00,0.0,8.4,
2026-09-12T05:58,,,,,0.00,0.0,8.4,
2026-09-12T05:59,,,,,0.00,0.0,8.4,
2026-09-12T06:00,,,,,0.00,0.0,8.4,11.50
2026-09-12T06:01,,,,,0.00,0.0,8.4,
2026-09-12T06:02,,,,,0.00,0.0,8.4,
2026-09-12T06:03,,,,,0.00,0.0,8.4,
2026-09-12T06:04,,,,,0.00,0.0,8.4,
2026-09-12T06:05,,,,,0.00,0.0,8.4,
2026-09-12T06:06,,,,,0.00,0.0,8.4,
2026-09-12T06:07,,,,,0.00,0.0,8.4,
2026-09-12T06:08,,,,,0.00,0.0,8.4,
2026-09-12T06:09,,,,,0.00,0.0,8.4,
2026-09-12T06:10,,,,,0.00,0.0,8.4,11.40
2026-09-12T06:11,,,,,0.00,0.0,8.4,
2026-09-12T06:12,,,,,0.00,0.0,8.4,
2026-09-12T06:13,,,,,0.00,0.0,8.4,
2026-09-12T06:14,,,,,0.00,0.0,8.4,
2026-09-12T06:15,,,,,0.00,0.0,8.4,
2026-09-12T06:16,,,,,0.00,0.0,8.4,
2026-09-12T06:17,,,,,0.00,0.0,8.4,
2026-09-12T06:18,,,,,0.00,0.0,8.4,
2026-09-12T06:19,,,,,0.00,0.0,8.4,
2026-09-12T06:20,,,,,0.00,0.0,8.4,11.20
2026-09-12T06:21,,,,,0.00,0.0,8.4,
2026-09-12T06:22,,,,,0.00,0.0,8.4,
2026-09-12T06:23,,,,,0.00,0.0,8.4,
2026-09-12T06:24,,,,,0.00,0.0,8.4,
2026-09-12T06:25,,,,,0.00,0.0,8.4,
2026-09-12T06:26,,,,,0.00,0.0,8.4,
2026-09-12T06:27,,,,,0.00,0.0,8.4,
2026-09-12T06:28,,,,,0.00,0.0,8.4,
2026-09-12T06:29,,,,,0.00,0.0,8.4,
2026-09-12T06:30,,,,,0.00,0.0,8.4,11.30
2026-09-12T06:31,,,,,0.00,0.0,8.4,
2026-09-12T06:32,,,,,0.00,0.0,8.4,
2026-09-12T06:33,,,,,0.00,0.0,8.4,
2026-09-12T06:34,,,,,0.00,0.0,8.4,
2026-09-12T06:35,,,,,0.00,0.0,8.4,
2026-09-12T06:36,,,,,0.00,0.0,8.4,
2026-09-12T06:37,,,,,0.00,0.0,8.4,
2026-09-12T06:38,,,,,0.00,0.0,8.4,
2026-09-12T06:39,,,,,0.00,0.0,8.4,
2026-09-12T06:40,,,,,0.00,0.0,8.4,11.20
2026-09-12T06:41,,,,,0.00,0.0,8.4,
2026-09-12T06:42,,,,,0.00,0.0,8.4,
2026-09-12T06:43,,,,,0.00,0.0,8.4,
2026-09-12T06:44,,,,,0.00,0.0,8.4,
2026-09-12T06:45,,,,,0.00,0.0,8.4,
2026-09-12T06:46,,,,,0.00,0.0,8.4,
2026-09-12T06:47,,,,,0.00,0.0,8.4,
2026-09-12T06:48,,,,,0.00,0.0,8.4,
2026-09-12T06:49,,,,,0.00,0.0,8.4,
2026-09-12T06:50,,,,,0.00,0.0,8.4,10.90
2026-09-12T06:51,,,,,0.00,0.0,8.4,
2026-09-12T06:52,,,,,0.00,0.0,8.4,
2026-09-12T06:53,,,,,0.00,0.0,8.4,
2026-09-12T06:54,,,,,0.00,0.0,8.4,
2026-09-12T06:55,,,,,0.00,0.0,8.4,
2026-09-12T06:56,,,,,0.00,0.0,8.4,
2026-09-12T06:57,,,,,0.00,0.0,8.4,
2026-09-12T06:58,,,,,0.00,0.0,8.4,
2026-09-12T06:59,,,,,0.00,0.0,8.4,
2026-09-12T07:00,,,,,0.00,0.0,8.4,11.10
2026-09-12T07:01,,,,,0.00,0.0,8.4,
2026-09-12T07:02,,,,,0.00,0.0,8.4,
2026-09-12T07:03,,,,,0.00,0.0,8.4,
2026-09-12T07:04,,,,,0.00,0.0,8.4,
2026-09-12T07:05,,,,,0.00,0.0,8.4,
2026-09-12T07:06,,,,,0.00,0.0,8.4,
2026-09-12T07:07,,,,,0.00,0.0,8.4,
2026-09-12T07:08,,,,,0.00,0.0,8.4,
2026-09-12T07:09,,,,,0.00,0.0,8.4,
2026-09-12T07:10,,,,,0.00,0.0,8.4,11.00
2026-09-12T07:11,,,,,0.00,0.0,8.4,
2026-09-12T07:12,,,,,0.00,0.0,8.4,
2026-09-12T07:13,,,,,0.00,0.0,8.4,
2026-09-12T07:14,,,,,0.00,0.0,8.4,
2026-09-12T07:15,,,,,0.00,0.0,8.4,
2026-09-12T07:16,,,,,0.00,0.0,8.4,
2026-09-12T07:17,,,,,0.00,0.0,8.4,
2026-09-12T07:18,,,,,0.00,0.0,8.4,
2026-09-12T07:19,,,,,0.00,0.0,8.4,
2026-09-12T07:20,,,,,0.00,0.0,8.4,11.30
2026-09-12T07:21,,,,,0.00,0.0,8.4,
2026-09-12T07:22,,,,,0.00,0.0,8.4,
2026-09-12T07:23,,,,,0.00,0.0,8.4,
2026-09-12T07:24,,,,,0.00,0.0,8.4,
2026-09-12T07:25,,,,,0.00,0.0,8.4,
2026-09-12T07:26,,,,,0.00,0.0,8.4,
2026-09-12T07:27,,,,,0.00,0.0,8.4,
2026-09-12T07:28,,,,,0.00,0.0,8.4,
2026-09-12T07:29,,,,,0.00,0.0,8.4,
2026-09-12T07:30,,,,,0.00,0.0,8.4,11.30
2026-09-12T07:31,,,,,0.00,0.0,8.4,
2026-09-12T07:32,,,,,0.00,0.0,8.4,
2026-09-12T07:33,,,,,0.00,0.0,8.4,
2026-09-12T07:34,,,,,0.00,0.0,8.4,
2026-09-12T07:35,,,,,0.00,0.0,8.4,
2026-09-12T07:36,,,,,0.00,0.0,8.4,
2026-09-12T07:37,,,,,0.00,0.0,8.4,
2026-09-12T07:38,,,,,0.00,0.0,8.4,
2026-09-12T07:39,,,,,0.00,0.0,8.4,
2026-09-12T07:40,,,,,0.00,0.0,8.4,11.50
2026-09-12T07:41,,,,,0.00,0.0,8.4,
2026-09-12T07:42,,,,,0.00,0.0,8.4,
2026-09-12T07:43,,,,,0.00,0.0,8.4,
2026-09-12T07:44,,,,,0.00,0.0,8.4,
2026-09-12T07:45,,,,,0.00,0.0,8.4,
2026-09-12T07:46,,,,,0.00,0.0,8.4,
2026-09-12T07:47,,,,,0.00,0.0,8.4,
2026-09-12T07:48,,,,,0.00,0.0,8.4,
2026-09-12T07:49,,,,,0.00,0.0,8.4,
2026-09-12T07:50,,,,,0.00,0.0,8.4,11.70
2026-09-12T07:51,,,,,0.00,0.0,8.4,
2026-09-12T07:52,,,,,0.00,0.0,8.4,
2026-09-12T07:53,,,,,0.00,0.0,8.4,
2026-09-12T07:54,,,,,0.00,0.0,8.4,
2026-09-12T07:55,,,,,0.00,0.0,8.4,
2026-09-12T07:56,,,,,0.00,0.0,8.4,
2026-09-12T07:57,,,,,0.00,0.0,8.4,
2026-09-12T07:58,,,,,0.00,0.0,8.4,
2026-09-12T07:59,,,,,0.00,0.0,8.4,
2026-09-12T08:00,,,,,0.00,0.0,8.4,12.10
2026-09-12T08:01,,,,,0.00,0.0,8.4,
2026-09-12T08:02,,,,,0.00,0.0,8.4,
2026-09-12T08:03,,,,,0.00,0.0,8.4,
2026-09-12T08:04,,,,,0.00,0.0,8.4,
2026-09-12T08:05,,,,,0.00,0.0,8.4,
2026-09-12T08:06,,,,,0.00,0.0,8.4,
2026-09-12T08:07,,,,,0.00,0.0,8.4,
2026-09-12T08:08,,,,,0.00,0.0,8.4,
2026-09-12T08:09,,,,,0.00,0.0,8.4,
2026-09-12T08:10,,,,,0.00,0.0,8.4,12.20
2026-09-12T08:11,,,,,0.00,0.0,8.4,
2026-09-12T08:12,,,,,0.00,0.0,8.4,
2026-09-12T08:13,,,,,0.00,0.0,8.4,
2026-09-12T08:14,,,,,0.00,0.0,8.4,
2026-09-12T08:15,,,,,0.00,0.0,8.4,
2026-09-12T08:16,,,,,0.00,0.0,8.4,
2026-09-12T08:17,,,,,0.00,0.0,8.4,
2026-09-12T08:18,,,,,0.00,0.0,8.4,
2026-09-12T08:19,,,,,0.00,0.0,8.4,
2026-09-12T08:20,,,,,0.00,0.0,8.4,13.90
2026-09-12T08:21,,,,,0.00,0.0,8.4,
2026-09-12T08:22,,,,,0.00,0.0,8.4,
2026-09-12T08:23,,,,,0.00,0.0,8.4,
2026-09-12T08:24,,,,,0.00,0.0,8.4,
2026-09-12T08:25,,,,,0.00,0.0,8.4,
2026-09-12T08:26,,,,,0.00,0.0,8.4,
2026-09-12T08:27,,,,,0.00,0.0,8.4,
2026-09-12T08:28,,,,,0.00,0.0,8.4,
2026-09-12T08:29,,,,,0.00,0.0,8.4,
2026-09-12T08:30,,,,,0.00,0.0,8.4,15.30
2026-09-12T08:31,,,,,0.00,0.0,8.4,
2026-09-12T08:32,,,,,0.00,0.0,8.4,
2026-09-12T08:33,,,,,0.00,0.0,8.4,
2026-09-12T08:34,,,,,0.00,0.0,8.4,
2026-09-12T08:35,,,,,0.00,0.0,8.4,
2026-09-12T08:36,,,,,0.00,0.0,8.4,
2026-09-12T08:37,,,,,0.00,0.0,8.4,
2026-09-12T08:38,,,,,0.00,0.0,8.4,
2026-09-12T08:39,,,,,0.00,0.0,8.4,
2026-09-12T08:40,,,,,0.00,0.0,8.4,16.50
2026-09-12T08:41,,,,,0.00,0.0,8.4,
2026-09-12T08:42,,,,,0.00,0.0,8.4,
2026-09-12T08:43,,,,,0.00,0.0,8.4,
2026-09-12T08:44,,,,,0.00,0.0,8.4,
2026-09-12T08:45,,,,,0.00,0.0,8.4,
2026-09-12T08:46,,,,,0.00,0.0,8.4,
2026-09-12T08:47,,,,,0.00,0.0,8.4,
2026-09-12T08:48,,,,,0.00,0.0,8.4,
2026-09-12T08:49,,,,,0.00,0.0,8.4,
2026-09-12T08:50,,,,,0.00,0.0,8.4,17.00
2026-09-12T08:51,,,,,0.00,0.0,8.4,
2026-09-12T08:52,,,,,0.00,0.0,8.4,
2026-09-12T08:53,,,,,0.00,0.0,8.4,
2026-09-12T08:54,,,,,0.00,0.0,8.4,
2026-09-12T08:55,,,,,0.00,0.0,8.4,
2026-09-12T08:56,,,,,0.00,0.0,8.4,
2026-09-12T08:57,,,,,0.00,0.0,8.4,
2026-09-12T08:58,,,,,0.00,0.0,8.4,
2026-09-12T08:59,,,,,0.00,0.0,8.4,
2026-09-12T09:00,,,,,0.00,0.0,8.4,16.90
2026-09-12T09:01,,,,,0.00,0.0,8.4,
2026-09-12T09:02,,,,,0.00,0.0,8.4,
2026-09-12T09:03,,,,,0.00,0.0,8.4,
2026-09-12T09:04,,,,,0.00,0.0,8.4,
2026-09-12T09:05,,,,,0.00,0.0,8.4,
2026-09-12T09:06,,,,,0.00,0.0,8.4,
2026-09-12T09:07,,,,,0.00,0.0,8.4,
2026-09-12T09:08,,,,,0.00,0.0,8.4,
2026-09-12T09:09,,,,,0.00,0.0,8.4,
2026-09-12T09:10,,,,,0.00,0.0,8.4,16.70
2026-09-12T09:11,,,,,0.00,0.0,8.4,
2026-09-12T09:12,,,,,0.00,0.0,8.4,
2026-09-12T09:13,,,,,0.00,0.0,8.4,
2026-09-12T09:14,,,,,0.00,0.0,8.4,
2026-09-12T09:15,,,,,0.00,0.0,8.4,
2026-09-12T09:16,,,,,0.00,0.0,8.4,
2026-09-12T09:17,,,,,0.00,0.0,8.4,
2026-09-12T09:18,,,,,0.00,0.0,8.4,
2026-09-12T09:19,,,,,0.00,0.0,8.4,
2026-09-12T09:20,,,,,0.00,0.0,8.4,17.50
2026-09-12T09:21,,,,,0.00,0.0,8.4,
2026-09-12T09:22,,,,,0.00,0.0,8.4,
2026-09-12T09:23,,,,,0.00,0.0,8.4,
2026-09-12T09:24,,,,,0.00,0.0,8.4,
2026-09-12T09:25,,,,,0.00,0.0,8.4,
2026-09-12T09:26,,,,,0.00,0.0,8.4,
2026-09-12T09:27,,,,,0.00,0.0,8.4,
2026-09-12T09:28,,,,,0.00,0.0,8.2,
2026-09-12T09:29,,,,,0.00,0.0,8.2,
2026-09-12T09:30,,,,,0.00,0.0,8.2,17.40
2026-09-12T09:31,,,,,0.00,0.0,8.2,
2026-09-12T09:32,,,,,0.00,0.0,8.2,
2026-09-12T09:33,,,,,0.00,0.0,8.2,
2026-09-12T09:34,,,,,0.00,0.0,8.2,
2026-09-12T09:35,,,,,0.00,0.0,8.2,
2026-09-12T09:36,,,,,0.00,0.0,8.2,
2026-09-12T09:37,,,,,0.00,0.0,8.2,
2026-09-12T09:38,,,,,0.00,0.0,8.2,
2026-09-12T09:39,,,,,0.00,0.0,8.2,
2026-09-12T09:40,,,,,0.00,0.0,8.2,17.60
2026-09-12T09:41,,,,,0.00,0.0,8.2,
2026-09-12T09:42,,,,,0.00,0.0,8.2,
2026-09-12T09:43,,,,,0.00,0.0,8.2,
2026-09-12T09:44,,,,,0.00,0.0,8.2,
2026-09-12T09:45,,,,,0.00,0.0,8.2,
2026-09-12T09:46,,,,,0.00,0.0,8.2,
2026-09-12T09:47,,,,,0.00,0.0,8.2,
2026-09-12T09:48,,,,,0.00,0.0,8.2,
2026-09-12T09:49,,,,,0.00,0.0,8.2,
2026-09-12T09:50,,,,,0.00,0.0,8.2,17.00
2026-09-12T09:51,,,,,0.00,0.0,8.2,
2026-09-12T09:52,,,,,0.00,0.0,8.2,
2026-09-12T09:53,,,,,0.00,0.0,8.2,
2026-09-12T09:54,,,,,0.00,0.0,8.2,
2026-09-12T09:55,,,,,0.00,0.0,8.2,
2026-09-12T09:56,,,,,0.00,0.0,8.2,
2026-09-12T09:57,,,,,0.00,0.0,8.2,
2026-09-12T09:58,,,,,0.00,0.0,8.2,
2026-09-12T09:59,,,,,0.00,0.0,8.2,
2026-09-12T10:00,,,,,0.00,0.0,8.2,17.80
2026-09-12T10:01,,,,,0.00,0.0,8.2,
2026-09-12T10:02,,,,,0.00,0.0,8.2,
2026-09-12T10:03,,,,,0.00,0.0,8.2,
2026-09-12T10:04,,,,,0.00,0.0,8.2,
2026-09-12T10:05,,,,,0.00,0.0,8.2,
2026-09-12T10:06,,,,,0.00,0.0,8.2,
2026-09-12T10:07,,,,,0.00,0.0,8.2,
2026-09-12T10:08,,,,,0.00,0.0,8.2,
2026-09-12T10:09,,,,,0.00,0.0,8.2,
2026-09-12T10:10,,,,,0.00,0.0,8.2,17.70
2026-09-12T10:11,,,,,0.00,0.0,8.2,
2026-09-12T10:12,,,,,0.00,0.0,8.2,
2026-09-12T10:13,,,,,0.00,0.0,8.2,
2026-09-12T10:14,,,,,0.00,0.0,8.2,
2026-09-12T10:15,,,,,0.00,0.0,8.2,
2026-09-12T10:16,,,,,0.00,0.0,8.2,
2026-09-12T10:17,,,,,0.00,0.0,8.2,
2026-09-12T10:18,,,,,0.00,0.0,8.2,
2026-09-12T10:19,,,,,0.00,0.0,8.2,
2026-09-12T10:20,,,,,0.00,0.0,8.2,18.30
2026-09-12T10:21,,,,,0.00,0.0,8.2,
2026-09-12T10:22,,,,,0.00,0.0,8.2,
2026-09-12T10:23,,,,,0.00,0.0,8.2,
2026-09-12T10:24,,,,,0.00,0.0,8.2,
2026-09-12T10:25,,,,,0.00,0.0,8.2,
2026-09-12T10:26,,,,,0.00,0.0,8.2,
2026-09-12T10:27,,,,,0.00,0.0,8.2,
2026-09-12T10:28,,,,,0.00,0.0,8.2,
2026-09-12T10:29,,,,,0.00,0.0,8.2,
2026-09-12T10:30,,,,,0.00,0.0,8.2,18.40
2026-09-12T10:31,,,,,0.00,0.0,8.2,
2026-09-12T10:32,,,,,0.00,0.0,8.2,
2026-09-12T10:33,,,,,0.00,0.0,8.2,
2026-09-12T10:34,,,,,0.00,0.0,8.2,
2026-09-12T10:35,,,,,0.00,0.0,8.2,
2026-09-12T10:36,,,,,0.00,0.0,8.2,
2026-09-12T10:37,,,,,0.00,0.0,8.2,
2026-09-12T10:38,,,,,0.00,0.0,8.2,
2026-09-12T10:39,,,,,0.00,0.0,8.2,
2026-09-12T10:40,,,,,0.00,0.0,8.2,18.50
2026-09-12T10:41,,,,,0.00,0.0,8.2,
2026-09-12T10:42,,,,,0.00,0.0,8.2,
2026-09-12T10:43,,,,,0.00,0.0,8.2,
2026-09-12T10:44,,,,,0.00,0.0,8.2,
2026-09-12T10:45,,,,,0.00,0.0,8.2,
2026-09-12T10:46,,,,,0.00,0.0,8.2,
2026-09-12T10:47,,,,,0.00,0.0,8.2,
2026-09-12T10:48,,,,,0.00,0.0,8.2,
2026-09-12T10:49,,,,,0.00,0.0,8.2,
2026-09-12T10:50,,,,,0.00,0.0,8.2,18.90
2026-09-12T10:51,,,,,0.00,0.0,8.2,
2026-09-12T10:52,,,,,0.00,0.0,8.2,
2026-09-12T10:53,,,,,0.00,0.0,8.2,
2026-09-12T10:54,,,,,0.00,0.0,8.2,
2026-09-12T10:55,,,,,0.00,0.0,8.2,
2026-09-12T10:56,,,,,0.00,0.0,8.2,
2026-09-12T10:57,,,,,0.00,0.0,8.2,
2026-09-12T10:58,,,,,0.00,0.0,8.2,
2026-09-12T10:59,,,,,0.00,0.0,8.2,
2026-09-12T11:00,,,,,0.00,0.0,8.2,18.60
2026-09-12T11:01,,,,,0.00,0.0,8.2,
2026-09-12T11:02,,,,,0.00,0.0,8.2,
2026-09-12T11:03,,,,,0.00,0.0,8.2,
2026-09-12T11:04,,,,,0.00,0.0,8.2,
2026-09-12T11:05,,,,,0.00,0.0,8.2,
2026-09-12T11:06,,,,,0.00,0.0,8.2,
2026-09-12T11:07,,,,,0.00,0.0,8.2,
2026-09-12T11:08,,,,,0.00,0.0,8.2,
2026-09-12T11:09,,,,,0.00,0.0,8.2,
2026-09-12T11:10,,,,,0.00,0.0,8.2,19.00
2026-09-12T11:11,,,,,0.00,0.0,8.2,
2026-09-12T11:12,,,,,0.00,0.0,8.2,
2026-09-12T11:13,,,,,0.00,0.0,8.2,
2026-09-12T11:14,,,,,0.00,0.0,8.2,
2026-09-12T11:15,,,,,0.00,0.0,8.2,
2026-09-12T11:16,,,,,0.00,0.0,8.2,
2026-09-12T11:17,,,,,0.00,0.0,8.2,
2026-09-12T11:18,,,,,0.00,0.0,8.2,
2026-09-12T11:19,,,,,0.00,0.0,8.2,
2026-09-12T11:20,,,,,0.00,0.0,8.2,19.10
2026-09-12T11:21,,,,,0.00,0.0,8.2,
2026-09-12T11:22,,,,,0.00,0.0,8.2,
2026-09-12T11:23,,,,,0.00,0.0,8.2,
2026-09-12T11:24,,,,,0.00,0.0,8.2,
2026-09-12T11:25,,,,,0.00,0.0,8.2,
2026-09-12T11:26,,,,,0.00,0.0,8.2,
2026-09-12T11:27,,,,,0.00,0.0,8.2,
2026-09-12T11:28,,,,,0.00,0.0,8.2,
2026-09-12T11:29,,,,,0.00,0.0,8.2,
2026-09-12T11:30,,,,,0.00,0.0,8.2,19.00
2026-09-12T11:31,,,,,0.00,0.0,8.2,
2026-09-12T11:32,,,,,0.00,0.0,8.2,
2026-09-12T11:33,,,,,0.00,0.0,8.2,
2026-09-12T11:34,,,,,0.00,0.0,8.2,
2026-09-12T11:35,,,,,0.00,0.0,8.2,
2026-09-12T11:36,,,,,0.00,0.0,8.2,
2026-09-12T11:37,,,,,0.00,0.0,8.2,
2026-09-12T11:38,,,,,0.00,0.0,8.2,
2026-09-12T11:39,,,,,0.00,0.0,8.2,
2026-09-12T11:40,,,,,0.00,0.0,8.2,19.10
2026-09-12T11:41,,,,,0.00,0.0,8.2,
2026-09-12T11:42,,,,,0.00,0.0,8.2,
2026-09-12T11:43,,,,,0.00,0.0,8.2,
2026-09-12T11:44,,,,,0.00,0.0,8.2,
2026-09-12T11:45,,,,,0.00,0.0,8.2,
2026-09-12T11:46,,,,,0.00,0.0,8.2,
2026-09-12T11:47,,,,,0.00,0.0,8.2,
2026-09-12T11:48,,,,,0.00,0.0,8.2,
2026-09-12T11:49,,,,,0.00,0.0,8.2,
2026-09-12T11:50,,,,,0.00,0.0,8.2,19.50
2026-09-12T11:51,,,,,0.00,0.0,8.2,
2026-09-12T11:52,,,,,0.00,0.0,8.2,
2026-09-12T11:53,,,,,0.00,0.0,8.2,
2026-09-12T11:54,,,,,0.00,0.0,8.2,
2026-09-12T11:55,,,,,0.00,0.0,8.2,
2026-09-12T11:56,,,,,0.00,0.0,8.2,
2026-09-12T11:57,,,,,0.00,0.0,8.0,
2026-09-12T11:58,,,,,0.00,0.0,8.0,
2026-09-12T11:59,,,,,0.00,0.0,8.0,
2026-09-12T12:00,,,,,0.00,0.0,8.0,19.50
2026-09-12T12:01,,,,,0.00,0.0,8.0,
2026-09-12T12:02,,,,,0.00,0.0,8.0,
2026-09-12T12:03,,,,,0.00,0.0,8.0,
2026-09-12T12:04,,,,,0.00,0.0,8.0,
2026-09-12T12:05,,,,,0.00,0.0,8.0,
2026-09-12T12:06,,,,,0.00,0.0,8.0,
2026-09-12T12:07,,,,,0.00,0.0,8.0,
2026-09-12T12:08,,,,,0.00,0.0,7.8,
2026-09-12T12:09,,,,,0.00,0.0,7.8,
2026-09-12T12:10,,,,,0.00,0.0,7.8,19.40
2026-09-12T12:11,,,,,0.00,0.0,7.8,
2026-09-12T12:12,,,,,0.00,0.0,7.8,
2026-09-12T12:13,,,,,0.00,0.0,7.8,
2026-09-12T12:14,,,,,0.00,0.0,7.8,
2026-09-12T12:15,,,,,0.00,0.0,7.8,
2026-09-12T12:16,,,,,0.00,0.0,7.8,
2026-09-12T12:17,,,,,0.00,0.0,7.6,
2026-09-12T12:18,,,,,0.00,0.0,7.6,
2026-09-12T12:19,,,,,0.00,0.0,7.6,
2026-09-12T12:20,,,,,0.00,0.0,7.6,19.20
2026-09-12T12:21,,,,,0.00,0.0,7.6,
2026-09-12T12:22,,,,,0.00,0.0,7.6,
2026-09-12T12:23,,,,,0.00,0.0,7.6,
2026-09-12T12:24,,,,,0.00,0.0,7.6,
2026-09-12T12:25,,,,,0.00,0.0,7.6,
2026-09-12T12:26,,,,,0.00,0.0,7.6,
2026-09-12T12:27,,,,,0.00,0.0,7.4,
2026-09-12T12:28,,,,,0.00,0.0,7.4,
2026-09-12T12:29,,,,,0.00,0.0,7.4,
2026-09-12T12:30,,,,,0.00,0.0,7.4,19.20
2026-09-12T12:31,,,,,0.00,0.0,7.4,
2026-09-12T12:32,,,,,0.00,0.0,7.2,
2026-09-12T12:33,,,,,0.00,0.0,7.2,
2026-09-12T12:34,,,,,0.00,0.0,7.2,
2026-09-12T12:35,,,,,0.00,0.0,7.2,
2026-09-12T12:36,,,,,0.00,0.0,7.0,
2026-09-12T12:37,,,,,0.00,0.0,7.0,
2026-09-12T12:38,,,,,0.00,0.0,7.0,
2026-09-12T12:39,,,,,0.00,0.0,7.0,
2026-09-12T12:40,,,,,0.00,0.0,7.0,19.00
2026-09-12T12:41,,,,,0.00,0.0,6.8,
2026-09-12T12:42,,,,,0.00,0.0,6.8,
2026-09-12T12:43,,,,,0.00,0.0,6.8,
2026-09-12T12:44,,,,,0.00,0.0,6.8,
2026-09-12T12:45,,,,,0.00,0.0,6.8,
2026-09-12T12:46,,,,,0.00,0.0,6.8,
2026-09-12T12:47,,,,,0.00,0.0,6.8,
2026-09-12T12:48,,,,,0.00,0.0,6.8,
2026-09-12T12:49,,,,,0.00,0.0,6.8,
2026-09-12T12:50,,,,,0.00,0.0,6.6,19.30
2026-09-12T12:51,,,,,0.00,0.0,6.6,
2026-09-12T12:52,,,,,0.00,0.0,6.6,
2026-09-12T12:53,,,,,0.00,0.0,6.6,
2026-09-12T12:54,,,,,0.00,0.0,6.6,
2026-09-12T12:55,,,,,0.00,0.0,6.6,
2026-09-12T12:56,,,,,0.00,0.0,6.6,
2026-09-12T12:57,,,,,0.00,0.0,6.4,
2026-09-12T12:58,,,,,0.00,0.0,6.4,
2026-09-12T12:59,,,,,0.00,0.0,6.4,
2026-09-12T13:00,0.0,2.58,5.3,3.0,0.00,0.0,6.4,19.00
2026-09-12T13:01,,,,,0.00,0.0,6.4,
2026-09-12T13:02,,,,,0.00,0.0,6.4,
2026-09-12T13:03,,,,,0.00,0.0,6.4,
2026-09-12T13:04,,,,,0.00,0.0,6.2,
2026-09-12T13:05,,,,,0.00,0.0,6.2,
2026-09-12T13:06,,,,,0.00,0.0,6.2,
2026-09-12T13:07,,,,,0.00,0.0,6.2,
2026-09-12T13:08,,,,,0.00,0.0,6.2,
2026-09-12T13:09,,,,,0.00,0.0,6.2,
2026-09-12T13:10,,,,,0.00,0.0,6.0,19.20
2026-09-12T13:11,,,,,0.00,0.0,6.0,
2026-09-12T13:12,,,,,0.00,0.0,6.0,
2026-09-12T13:13,,,,,0.00,0.0,5.8,
2026-09-12T13:14,,,,,0.00,0.0,5.8,
2026-09-12T13:15,,,,,0.00,0.0,5.6,
2026-09-12T13:16,,,,,0.00,0.0,5.6,
2026-09-12T13:17,,,,,0.00,0.0,5.6,
2026-09-12T13:18,,,,,0.00,0.0,5.6,
2026-09-12T13:19,,,,,0.00,0.0,5.6,
2026-09-12T13:20,,,,,0.00,0.0,5.6,19.10
2026-09-12T13:21,,,,,0.00,0.0,5.4,
2026-09-12T13:22,,,,,0.00,0.0,5.4,
2026-09-12T13:23,,,,,0.00,0.0,5.4,
2026-09-12T13:24,,,,,0.00,0.0,5.4,
2026-09-12T13:25,,,,,0.00,0.0,5.4,
2026-09-12T13:26,,,,,0.00,0.0,5.4,
2026-09-12T13:27,,,,,0.00,0.0,5.4,
2026-09-12T13:28,,,,,0.00,0.0,5.4,
2026-09-12T13:29,,,,,0.00,0.0,5.4,
2026-09-12T13:30,,,,,0.00,0.0,5.4,19.30
2026-09-12T13:31,,,,,0.00,0.0,5.4,
2026-09-12T13:32,,,,,0.00,0.0,5.4,
2026-09-12T13:33,,,,,0.00,0.0,5.4,
2026-09-12T13:34,,,,,0.00,0.0,5.2,
2026-09-12T13:35,,,,,0.00,0.0,5.2,
2026-09-12T13:36,,,,,0.00,0.0,5.2,
2026-09-12T13:37,,,,,0.00,0.0,5.2,
2026-09-12T13:38,,,,,0.00,0.0,5.2,
2026-09-12T13:39,,,,,0.00,0.0,5.2,
2026-09-12T13:40,,,,,0.00,0.0,5.0,19.40
2026-09-12T13:41,,,,,0.00,0.0,5.0,
2026-09-12T13:42,,,,,0.00,0.0,5.0,
2026-09-12T13:43,,,,,0.00,0.0,5.0,
2026-09-12T13:44,,,,,0.00,0.0,5.0,
2026-09-12T13:45,,,,,0.00,0.0,4.8,
2026-09-12T13:46,,,,,0.00,0.0,4.8,
2026-09-12T13:47,,,,,0.00,0.0,4.8,
2026-09-12T13:48,,,,,0.00,0.0,4.8,
2026-09-12T13:49,,,,,0.00,0.0,4.8,
2026-09-12T13:50,,,,,0.00,0.0,4.8,19.40
2026-09-12T13:51,,,,,0.00,0.0,4.8,
2026-09-12T13:52,,,,,0.00,0.0,4.8,
2026-09-12T13:53,,,,,0.00,0.0,4.6,
2026-09-12T13:54,,,,,0.00,0.0,4.6,
2026-09-12T13:55,,,,,0.00,0.0,4.6,
2026-09-12T13:56,,,,,0.00,0.0,4.6,
2026-09-12T13:57,,,,,0.00,0.0,4.4,
2026-09-12T13:58,,,,,0.00,0.0,4.4,
2026-09-12T13:59,,,,,0.00,0.0,4.2,
2026-09-12T14:00,,,,,0.00,0.0,4.0,19.30
2026-09-12T14:01,,,,,0.00,0.0,3.8,
2026-09-12T14:02,,,,,0.00,0.0,3.8,
2026-09-12T14:03,,,,,0.00,0.0,3.6,
2026-09-12T14:04,,,,,0.00,0.0,3.6,
2026-09-12T14:05,,,,,0.00,0.0,3.4,
2026-09-12T14:06,,,,,0.00,0.0,3.4,
2026-09-12T14:07,,,,,0.00,0.0,3.4,
2026-09-12T14:08,,,,,0.00,0.0,3.2,
2026-09-12T14:09,,,,,0.00,0.0,3.2,
2026-09-12T14:10,,,,,0.00,0.0,3.2,19.20
2026-09-12T14:11,,,,,0.00,0.0,3.0,
2026-09-12T14:12,,,,,0.00,0.0,3.0,
2026-09-12T14:13,,,,,0.00,0.0,3.0,
2026-09-12T14:14,,,,,0.00,0.0,3.0,
2026-09-12T14:15,,,,,0.00,0.0,2.8,
2026-09-12T14:16,,,,,0.00,0.0,2.8,
2026-09-12T14:17,,,,,0.00,0.0,2.8,
2026-09-12T14:18,,,,,0.00,0.0,2.8,
2026-09-12T14:19,,,,,0.00,0.0,2.6,
2026-09-12T14:20,,,,,0.00,0.0,2.6,19.30
2026-09-12T14:21,,,,,0.00,0.0,2.6,
2026-09-12T14:22,,,,,0.00,0.0,2.6,
2026-09-12T14:23,,,,,0.00,0.0,2.4,
2026-09-12T14:24,,,,,0.00,0.0,2.4,
2026-09-12T14:25,,,,,0.00,0.0,2.4,
2026-09-12T14:26,,,,,0.00,0.0,2.4,
2026-09-12T14:27,,,,,0.00,0.0,2.2,
2026-09-12T14:28,,,,,0.00,0.0,2.2,
2026-09-12T14:29,,,,,0.00,0.0,2.2,
2026-09-12T14:30,,,,,0.00,0.0,2.2,19.10
2026-09-12T14:31,,,,,0.00,0.0,2.2,
2026-09-12T14:32,,,,,0.00,0.0,2.2,
2026-09-12T14:33,,,,,0.00,0.0,2.0,
2026-09-12T14:34,,,,,0.00,0.0,2.0,
2026-09-12T14:35,,,,,0.00,0.0,2.0,
2026-09-12T14:36,,,,,0.00,0.0,2.0,
2026-09-12T14:37,,,,,0.00,0.0,1.8,
2026-09-12T14:38,,,,,0.00,0.0,1.8,
2026-09-12T14:39,,,,,0.00,0.0,1.8,
2026-09-12T14:40,,,,,0.00,0.0,1.8,19.60
2026-09-12T14:41,,,,,0.00,0.0,1.6,
2026-09-12T14:42,,,,,0.00,0.0,1.6,
2026-09-12T14:43,,,,,0.00,0.0,1.4,
2026-09-12T14:44,,,,,0.00,0.0,1.4,
2026-09-12T14:45,,,,,0.00,0.0,1.2,
2026-09-12T14:46,,,,,0.00,0.0,1.2,
2026-09-12T14:47,,,,,0.00,0.0,1.2,
2026-09-12T14:48,,,,,0.00,0.0,1.0,
2026-09-12T14:49,,,,,0.00,0.0,1.0,
2026-09-12T14:50,,,,,0.00,0.0,0.8,19.70
2026-09-12T14:51,,,,,0.00,0.0,0.8,
2026-09-12T14:52,,,,,0.00,0.0,0.8,
2026-09-12T14:53,,,,,0.00,0.0,0.8,
2026-09-12T14:54,,,,,0.00,0.0,0.6,
2026-09-12T14:55,,,,,0.00,0.0,0.6,
2026-09-12T14:56,,,,,0.00,0.0,0.6,
2026-09-12T14:57,,,,,0.00,0.0,0.6,
2026-09-12T14:58,,,,,0.00,0.0,0.6,
2026-09-12T14:59,,,,,0.00,0.0,0.6,
2026-09-12T15:00,,,,,0.00,0.0,0.6,19.50
2026-09-12T15:01,,,,,0.00,0.0,0.6,
2026-09-12T15:02,,,,,0.00,0.0,0.6,
2026-09-12T15:03,,,,,0.00,0.0,0.6,
2026-09-12T15:04,,,,,0.00,0.0,0.6,
2026-09-12T15:05,,,,,0.00,0.0,0.6,
2026-09-12T15:06,,,,,0.00,0.0,0.4,
2026-09-12T15:07,,,,,0.00,0.0,0.4,
2026-09-12T15:08,,,,,0.00,0.0,0.4,
2026-09-12T15:09,,,,,0.00,0.0,0.4,
2026-09-12T15:10,,,,,0.00,0.0,0.4,19.30
2026-09-12T15:11,,,,,0.00,0.0,0.4,
2026-09-12T15:12,,,,,0.00,0.0,0.2,
2026-09-12T15:13,,,,,0.00,0.0,0.2,
2026-09-12T15:14,,,,,0.00,0.0,0.2,
2026-09-12T15:15,,,,,0.00,0.0,0.2,
2026-09-12T15:16,,,,,0.00,0.0,0.2,
2026-09-12T15:17,,,,,0.00,0.0,0.2,
2026-09-12T15:18,,,,,0.00,0.0,0.2,
2026-09-12T15:19,,,,,0.00,0.0,0.2,
2026-09-12T15:20,,,,,0.00,0.0,0.2,19.30
2026-09-12T15:21,,,,,0.00,0.0,0.2,
2026-09-12T15:22,,,,,0.00,0.0,0.2,
2026-09-12T15:23,,,,,0.00,0.0,0.2,
2026-09-12T15:24,,,,,0.00,0.0,0.2,
2026-09-12T15:25,,,,,0.00,0.0,0.2,
2026-09-12T15:26,,,,,0.00,0.0,0.2,
2026-09-12T15:27,,,,,0.00,0.0,0.2,
2026-09-12T15:28,,,,,0.00,0.0,0.2,
2026-09-12T15:29,,,,,0.00,0.0,0.2,
2026-09-12T15:30,,,,,0.00,0.0,0.2,17.80
2026-09-12T15:31,,,,,0.00,0.0,0.2,
2026-09-12T15:32,,,,,0.00,0.0,0.2,
2026-09-12T15:33,,,,,0.00,0.0,0.2,
2026-09-12T15:34,,,,,0.00,0.0,0.2,
2026-09-12T15:35,,,,,0.00,0.0,0.2,
2026-09-12T15:36,,,,,0.00,0.0,0.2,
2026-09-12T15:37,,,,,0.00,0.0,0.2,
2026-09-12T15:38,,,,,0.00,0.0,0.2,
2026-09-12T15:39,,,,,0.00,0.0,0.2,
2026-09-12T15:40,,,,,0.00,0.0,0.2,17.50
2026-09-12T15:41,,,,,0.00,0.0,0.2,
2026-09-12T15:42,,,,,0.00,0.0,0.2,
2026-09-12T15:43,,,,,0.00,0.0,0.2,
2026-09-12T15:44,,,,,0.00,0.0,0.2,
2026-09-12T15:45,,,,,0.00,0.0,0.2,
2026-09-12T15:46,,,,,0.00,0.0,0.2,
2026-09-12T15:47,,,,,0.00,0.0,0.2,
2026-09-12T15:48,,,,,0.00,0.0,0.2,
2026-09-12T15:49,,,,,0.00,0.0,0.2,
2026-09-12T15:50,,,,,0.00,0.0,0.2,17.30
2026-09-12T15:51,,,,,0.00,0.0,0.2,
2026-09-12T15:52,,,,,0.00,0.0,0.2,
2026-09-12T15:53,,,,,0.00,0.0,0.2,
2026-09-12T15:54,,,,,0.00,0.0,0.2,
2026-09-12T15:55,,,,,0.00,0.0,0.2,
2026-09-12T15:56,,,,,0.00,0.0,0.2,
2026-09-12T15:57,,,,,0.00,0.0,0.2,
2026-09-12T15:58,,,,,0.00,0.0,0.2,
2026-09-12T15:59,,,,,0.00,0.0,0.2,
2026-09-12T16:00,,,,,0.00,0.0,0.2,16.90
2026-09-12T16:01,,,,,0.00,0.0,-0.0,
2026-09-12T16:02,,,,,0.00,0.0,-0.0,
2026-09-12T16:03,,,,,0.00,0.0,-0.0,
2026-09-12T16:04,,,,,0.00,0.0,-0.0,
2026-09-12T16:05,,,,,0.00,0.0,-0.0,
2026-09-12T16:06,,,,,0.00,0.0,-0.0,
2026-09-12T16:07,,,,,0.00,0.0,-0.0,
2026-09-12T16:08,,,,,0.00,0.0,-0.0,
2026-09-12T16:09,,,,,0.00,0.0,-0.0,
2026-09-12T16:10,,,,,0.00,0.0,-0.0,16.90
2026-09-12T16:11,,,,,0.00,0.0,-0.0,
2026-09-12T16:12,,,,,0.00,0.0,-0.0,
2026-09-12T16:13,,,,,0.00,0.0,-0.0,
2026-09-12T16:14,,,,,0.00,0.0,-0.0,
2026-09-12T16:15,,,,,0.00,0.0,-0.0,
2026-09-12T16:16,,,,,0.00,0.0,-0.0,
2026-09-12T16:17,,,,,0.00,0.0,-0.0,
2026-09-12T16:18,,,,,0.00,0.0,-0.0,
2026-09-12T16:19,,,,,0.00,0.0,-0.0,
2026-09-12T16:20,,,,,0.00,0.0,-0.0,16.80
2026-09-12T16:21,,,,,0.00,0.0,-0.0,
2026-09-12T16:22,,,,,0.00,0.0,-0.0,
2026-09-12T16:23,,,,,0.00,0.0,-0.0,
2026-09-12T16:24,,,,,0.00,0.0,-0.0,
2026-09-12T16:25,,,,,0.00,0.0,-0.0,
2026-09-12T16:26,,,,,0.00,0.0,-0.0,
2026-09-12T16:27,,,,,0.00,0.0,-0.0,
2026-09-12T16:28,,,,,0.00,0.0,-0.0,
2026-09-12T16:29,,,,,0.00,0.0,-0.0,
2026-09-12T16:30,,,,,0.00,0.0,-0.0,16.70
2026-09-12T16:31,,,,,0.00,0.0,-0.0,
2026-09-12T16:32,,,,,0.00,0.0,-0.0,
2026-09-12T16:33,,,,,0.00,0.0,-0.0,
2026-09-12T16:34,,,,,0.00,0.0,-0.0,
2026-09-12T16:35,,,,,0.00,0.0,-0.0,
2026-09-12T16:36,,,,,0.00,0.0,-0.0,
2026-09-12T16:37,,,,,0.00,0.0,-0.0,
2026-09-12T16:38,,,,,0.00,0.0,-0.0,
2026-09-12T16:39,,,,,0.00,0.0,-0.0,
2026-09-12T16:40,,,,,0.00,0.0,-0.0,16.40
2026-09-12T16:41,,,,,0.00,0.0,-0.0,
2026-09-12T16:42,,,,,0.00,0.0,-0.0,
2026-09-12T16:43,,,,,0.00,0.0,-0.0,
2026-09-12T16:44,,,,,0.00,0.0,-0.0,
2026-09-12T16:45,,,,,0.00,0.0,-0.0,
2026-09-12T16:46,,,,,0.00,0.0,-0.0,
2026-09-12T16:47,,,,,0.00,0.0,-0.0,
2026-09-12T16:48,,,,,0.00,0.0,-0.0,
2026-09-12T16:49,,,,,0.00,0.0,-0.0,
2026-09-12T16:50,,,,,0.00,0.0,-0.0,16.00
2026-09-12T16:51,,,,,0.00,0.0,-0.0,
2026-09-12T16:52,,,,,0.00,0.0,-0.0,
2026-09-12T16:53,,,,,0.00,0.0,-0.0,
2026-09-12T16:54,,,,,0.00,0.0,-0.0,
2026-09-12T16:55,,,,,0.00,0.0,-0.0,
2026-09-12T16:56,,,,,0.00,0.0,-0.0,
2026-09-12T16:57,,,,,0.00,0.0,-0.0,
2026-09-12T16:58,,,,,0.00,0.0,-0.0,
2026-09-12T16:59,,,,,0.00,0.0,-0.0,
2026-09-12T17:00,,,,,0.00,0.0,-0.0,16.20
2026-09-12T17:01,,,,,0.00,0.0,-0.0,
2026-09-12T17:02,,,,,0.00,0.0,-0.0,
2026-09-12T17:03,,,,,0.00,0.0,-0.0,
2026-09-12T17:04,,,,,0.00,0.0,-0.0,
2026-09-12T17:05,,,,,0.00,0.0,-0.0,
2026-09-12T17:06,,,,,0.00,0.0,-0.0,
2026-09-12T17:07,,,,,0.00,0.0,-0.0,
2026-09-12T17:08,,,,,0.00,0.0,-0.0,
2026-09-12T17:09,,,,,0.00,0.0,-0.0,
2026-09-12T17:10,,,,,0.00,0.0,-0.0,15.90
2026-09-12T17:11,,,,,0.00,0.0,-0.0,
2026-09-12T17:12,,,,,0.00,0.0,-0.0,
2026-09-12T17:13,,,,,0.00,0.0,-0.0,
2026-09-12T17:14,,,,,0.00,0.0,-0.0,
2026-09-12T17:15,,,,,0.00,0.0,-0.0,
2026-09-12T17:16,,,,,0.00,0.0,-0.0,
2026-09-12T17:17,,,,,0.00,0.0,-0.0,
2026-09-12T17:18,,,,,0.00,0.0,-0.0,
2026-09-12T17:19,,,,,0.00,0.0,-0.0,
2026-09-12T17:20,,,,,0.00,0.0,-0.0,15.70
2026-09-12T17:21,,,,,0.00,0.0,-0.0,
2026-09-12T17:22,,,,,0.00,0.0,-0.0,
2026-09-12T17:23,,,,,0.00,0.0,-0.0,
2026-09-12T17:24,,,,,0.00,0.0,-0.0,
2026-09-12T17:25,,,,,0.00,0.0,-0.0,
2026-09-12T17:26,,,,,0.00,0.0,-0.0,
2026-09-12T17:27,,,,,0.00,0.0,-0.0,
2026-09-12T17:28,,,,,0.00,0.0,-0.0,
2026-09-12T17:29,,,,,0.00,0.0,-0.0,
2026-09-12T17:30,,,,,0.00,0.0,-0.0,15.50
2026-09-12T17:31,,,,,0.00,0.0,-0.0,
2026-09-12T17:32,,,,,0.00,0.0,-0.0,
2026-09-12T17:33,,,,,0.00,0.0,-0.0,
2026-09-12T17:34,,,,,0.00,0.0,-0.0,
2026-09-12T17:35,,,,,0.00,0.0,-0.0,
2026-09-12T17:36,,,,,0.00,0.0,-0.0,
2026-09-12T17:37,,,,,0.00,0.0,-0.0,
2026-09-12T17:38,,,,,0.00,0.0,-0.0,
2026-09-12T17:39,,,,,0.00,0.0,-0.0,
2026-09-12T17:40,,,,,0.00,0.0,-0.0,15.40
2026-09-12T17:41,,,,,0.00,0.0,-0.0,
2026-09-12T17:42,,,,,0.00,0.0,-0.0,
2026-09-12T17:43,,,,,0.00,0.0,-0.0,
2026-09-12T17:44,,,,,0.00,0.0,-0.0,
2026-09-12T17:45,,,,,0.00,0.0,-0.0,
2026-09-12T17:46,,,,,0.00,0.0,-0.0,
2026-09-12T17:47,,,,,0.00,0.0,-0.0,
2026-09-12T17:48,,,,,0.00,0.0,-0.0,
2026-09-12T17:49,,,,,0.00,0.0,-0.0,
2026-09-12T17:50,,,,,0.00,0.0,-0.0,15.30
2026-09-12T17:51,,,,,0.00,0.0,-0.0,
2026-09-12T17:52,,,,,0.00,0.0,-0.0,
2026-09-12T17:53,,,,,0.00,0.0,-0.0,
2026-09-12T17:54,,,,,0.00,0.0,-0.0,
2026-09-12T17:55,,,,,0.00,0.0,-0.0,
2026-09-12T17:56,,,,,0.00,0.0,-0.0,
2026-09-12T17:57,,,,,0.00,0.0,-0.0,
2026-09-12T17:58,,,,,0.00,0.0,-0.0,
2026-09-12T17:59,,,,,0.00,0.0,-0.0,
2026-09-12T18:00,,,,,0.00,0.0,-0.0,15.20
2026-09-12T18:01,,,,,0.00,0.0,-0.0,
2026-09-12T18:02,,,,,0.00,0.0,-0.0,
2026-09-12T18:03,,,,,0.00,0.0,-0.0,
2026-09-12T18:04,,,,,0.00,0.0,-0.0,
2026-09-12T18:05,,,,,0.00,0.0,-0.0,
2026-09-12T18:06,,,,,0.00,0.0,-0.0,
2026-09-12T18:07,,,,,0.00,0.0,-0.0,
2026-09-12T18:08,,,,,0.00,0.0,-0.0,
2026-09-12T18:09,,,,,0.00,0.0,-0.0,
2026-09-12T18:10,,,,,0.00,0.0,-0.0,15.10
2026-09-12T18:11,,,,,0.00,0.0,-0.0,
2026-09-12T18:12,,,,,0.00,0.0,-0.0,
2026-09-12T18:13,,,,,0.00,0.0,-0.0,
2026-09-12T18:14,,,,,0.00,0.0,-0.0,
2026-09-12T18:15,,,,,0.00,0.0,-0.0,
2026-09-12T18:16,,,,,0.00,0.0,-0.0,
2026-09-12T18:17,,,,,0.00,0.0,-0.0,
2026-09-12T18:18,,,,,0.00,0.0,-0.0,
2026-09-12T18:19,,,,,0.00,0.0,-0.0,
2026-09-12T18:20,,,,,0.00,0.0,-0.0,14.80
2026-09-12T18:21,,,,,0.00,0.0,-0.0,
2026-09-12T18:22,,,,,0.00,0.0,-0.0,
2026-09-12T18:23,,,,,0.00,0.0,-0.0,
2026-09-12T18:24,,,,,0.00,0.0,-0.0,
2026-09-12T18:25,,,,,0.00,0.0,-0.0,
2026-09-12T18:26,,,,,0.00,0.0,-0.0,
2026-09-12T18:27,,,,,0.00,0.0,-0.0,
2026-09-12T18:28,,,,,0.00,0.0,-0.0,
2026-09-12T18:29,,,,,0.00,0.0,-0.0,
2026-09-12T18:30,,,,,0.00,0.0,-0.0,14.60
2026-09-12T18:31,,,,,0.00,0.0,-0.0,
2026-09-12T18:32,,,,,0.00,0.0,-0.0,
2026-09-12T18:33,,,,,0.00,0.0,-0.0,
2026-09-12T18:34,,,,,0.00,0.0,-0.0,
2026-09-12T18:35,,,,,0.00,0.0,-0.0,
2026-09-12T18:36,,,,,0.00,0.0,-0.0,
2026-09-12T18:37,,,,,0.00,0.0,-0.0,
2026-09-12T18:38,,,,,0.00,0.0,-0.0,
2026-09-12T18:39,,,,,0.00,0.0,-0.0,
2026-09-12T18:40,,,,,0.00,0.0,-0.0,14.50
2026-09-12T18:41,,,,,0.00,0.0,-0.0,
2026-09-12T18:42,,,,,0.00,0.0,-0.0,
2026-09-12T18:43,,,,,0.00,0.0,-0.0,
2026-09-12T18:44,,,,,0.00,0.0,-0.0,
2026-09-12T18:45,,,,,0.00,0.0,-0.0,
2026-09-12T18:46,,,,,0.00,0.0,-0.0,
2026-09-12T18:47,,,,,0.00,0.0,-0.0,
2026-09-12T18:48,,,,,0.00,0.0,-0.0,
2026-09-12T18:49,,,,,0.00,0.0,-0.0,
2026-09-12T18:50,,,,,0.00,0.0,-0.0,14.40
2026-09-12T18:51,,,,,0.00,0.0,-0.0,
2026-09-12T18:52,,,,,0.00,0.0,-0.0,
2026-09-12T18:53,,,,,0.00,0.0,-0.0,
2026-09-12T18:54,,,,,0.00,0.0,-0.0,
2026-09-12T18:55,,,,,0.00,0.0,-0.0,
2026-09-12T18:56,,,,,0.00,0.0,-0.0,
2026-09-12T18:57,,,,,0.00,0.0,-0.0,
2026-09-12T18:58,,,,,0.00,0.0,-0.0,
2026-09-12T18:59,,,,,0.00,0.0,-0.0,
2026-09-12T19:00,,,,,0.00,0.0,-0.0,14.30
2026-09-12T19:01,,,,,0.00,0.0,-0.0,
2026-09-12T19:02,,,,,0.00,0.0,-0.0,
2026-09-12T19:03,,,,,0.00,0.0,-0.0,
2026-09-12T19:04,,,,,0.00,0.0,-0.0,
2026-09-12T19:05,,,,,0.00,0.0,-0.0,
2026-09-12T19:06,,,,,0.00,0.0,-0.0,
2026-09-12T19:07,,,,,0.00,0.0,-0.0,
2026-09-12T19:08,,,,,0.00,0.0,-0.0,
2026-09-12T19:09,,,,,0.00,0.0,-0.0,
2026-09-12T19:10,,,,,0.00,0.0,-0.0,14.10
2026-09-12T19:11,,,,,0.00,0.0,-0.0,
2026-09-12T19:12,,,,,0.00,0.0,-0.0,
2026-09-12T19:13,,,,,0.00,0.0,-0.0,
2026-09-12T19:14,,,,,0.00,0.0,-0.0,
2026-09-12T19:15,,,,,0.00,0.0,-0.0,
2026-09-12T19:16,,,,,0.00,0.0,-0.0,
2026-09-12T19:17,,,,,0.00,0.0,-0.0,
2026-09-12T19:18,,,,,0.00,0.0,-0.0,
2026-09-12T19:19,,,,,0.00,0.0,-0.0,
2026-09-12T19:20,,,,,0.00,0.0,-0.0,13.90
2026-09-12T19:21,,,,,0.00,0.0,-0.0,
2026-09-12T19:22,,,,,0.00,0.0,-0.0,
2026-09-12T19:23,,,,,0.00,0.0,-0.0,
2026-09-12T19:24,,,,,0.00,0.0,-0.0,
2026-09-12T19:25,,,,,0.00,0.0,-0.0,
2026-09-12T19:26,,,,,0.00,0.0,-0.0,
2026-09-12T19:27,,,,,0.00,0.0,-0.0,
2026-09-12T19:28,,,,,0.00,0.0,-0.0,
2026-09-12T19:29,,,,,0.00,0.0,-0.0,
2026-09-12T19:30,,,,,0.00,0.0,-0.0,13.80
2026-09-12T19:31,,,,,0.00,0.0,-0.0,
2026-09-12T19:32,,,,,0.00,0.0,-0.0,
2026-09-12T19:33,,,,,0.00,0.0,-0.0,
2026-09-12T19:34,,,,,0.00,0.0,-0.0,
2026-09-12T19:35,,,,,0.00,0.0,-0.0,
2026-09-12T19:36,,,,,0.00,0.0,-0.0,
2026-09-12T19:37,,,,,0.00,0.0,-0.0,
2026-09-12T19:38,,,,,0.00,0.0,-0.0,
2026-09-12T19:39,,,,,0.00,0.0,-0.0,
2026-09-12T19:40,,,,,0.00,0.0,-0.0,13.60
2026-09-12T19:41,,,,,0.00,0.0,-0.0,
2026-09-12T19:42,,,,,0.00,0.0,-0.0,
2026-09-12T19:43,,,,,0.00,0.0,-0.0,
2026-09-12T19:44,,,,,0.00,0.0,-0.0,
2026-09-12T19:45,,,,,0.00,0.0,-0.0,
2026-09-12T19:46,,,,,0.00,0.0,-0.0,
2026-09-12T19:47,,,,,0.00,0.0,-0.0,
2026-09-12T19:48,,,,,0.00,0.0,-0.0,
2026-09-12T19:49,,,,,0.00,0.0,-0.0,
2026-09-12T19:50,,,,,0.00,0.0,-0.0,13.60
2026-09-12T19:51,,,,,0.00,0.0,-0.0,
2026-09-12T19:52,,,,,0.00,0.0,-0.0,
2026-09-12T19:53,,,,,0.00,0.0,-0.0,
2026-09-12T19:54,,,,,0.00,0.0,-0.0,
2026-09-12T19:55,,,,,0.00,0.0,-0.0,
2026-09-12T19:56,,,,,0.00,0.0,-0.0,
2026-09-12T19:57,,,,,0.00,0.0,-0.0,
2026-09-12T19:58,,,,,0.00,0.0,-0.0,
2026-09-12T19:59,,,,,0.00,0.0,-0.0,
2026-09-12T20:00,,,,,0.00,0.0,-0.0,13.90
2026-09-12T20:01,,,,,0.00,0.0,-0.0,
2026-09-12T20:02,,,,,0.00,0.0,-0.0,
2026-09-12T20:03,,,,,0.00,0.0,-0.0,
2026-09-12T20:04,,,,,0.00,0.0,-0.0,
2026-09-12T20:05,,,,,0.00,0.0,-0.0,
2026-09-12T20:06,,,,,0.00,0.0,-0.0,
2026-09-12T20:07,,,,,0.00,0.0,-0.0,
2026-09-12T20:08,,,,,0.00,0.0,-0.0,
2026-09-12T20:09,,,,,0.00,0.0,-0.0,
2026-09-12T20:10,,,,,0.00,0.0,-0.0,14.00
2026-09-12T20:11,,,,,0.00,0.0,-0.0,
2026-09-12T20:12,,,,,0.00,0.0,-0.0,
2026-09-12T20:13,,,,,0.00,0.0,-0.0,
2026-09-12T20:14,,,,,0.00,0.0,-0.0,
2026-09-12T20:15,,,,,0.00,0.0,-0.0,
2026-09-12T20:16,,,,,0.00,0.0,-0.0,
2026-09-12T20:17,,,,,0.00,0.0,-0.0,
2026-09-12T20:18,,,,,0.00,0.0,-0.0,
2026-09-12T20:19,,,,,0.00,0.0,-0.0,
2026-09-12T20:20,,,,,0.00,0.0,-0.0,14.10
2026-09-12T20:21,,,,,0.00,0.0,-0.0,
2026-09-12T20:22,,,,,0.00,0.0,-0.0,
2026-09-12T20:23,,,,,0.00,0.0,-0.0,
2026-09-12T20:24,,,,,0.00,0.0,-0.0,
2026-09-12T20:25,,,,,0.00,0.0,-0.0,
2026-09-12T20:26,,,,,0.00,0.0,-0.0,
2026-09-12T20:27,,,,,0.00,0.0,-0.0,
2026-09-12T20:28,,,,,0.00,0.0,-0.0,
2026-09-12T20:29,,,,,0.00,0.0,-0.0,
2026-09-12T20:30,,,,,0.00,0.0,-0.0,14.00
2026-09-12T20:31,,,,,0.00,0.0,-0.0,
2026-09-12T20:32,,,,,0.00,0.0,-0.0,
2026-09-12T20:33,,,,,0.00,0.0,-0.0,
2026-09-12T20:34,,,,,0.00,0.0,-0.0,
2026-09-12T20:35,,,,,0.00,0.0,-0.0,
2026-09-12T20:36,,,,,0.00,0.0,-0.0,
2026-09-12T20:37,,,,,0.00,0.0,-0.0,
2026-09-12T20:38,,,,,0.00,0.0,-0.0,
2026-09-12T20:39,,,,,0.00,0.0,-0.0,
2026-09-12T20:40,,,,,0.00,0.0,-0.0,13.90
2026-09-12T20:41,,,,,0.00,0.0,-0.0,
2026-09-12T20:42,,,,,0.00,0.0,-0.0,
2026-09-12T20:43,,,,,0.00,0.0,-0.0,
2026-09-12T20:44,,,,,0.00,0.0,-0.0,
2026-09-12T20:45,,,,,0.00,0.0,-0.0,
2026-09-12T20:46,,,,,0.00,0.0,-0.0,
2026-09-12T20:47,,,,,0.00,0.0,-0.0,
2026-09-12T20:48,,,,,0.00,0.0,-0.0,
2026-09-12T20:49,,,,,0.00,0.0,-0.0,
2026-09-12T20:50,,,,,0.00,0.0,-0.0,13.70
2026-09-12T20:51,,,,,0.00,0.0,-0.0,
2026-09-12T20:52,,,,,0.00,0.0,-0.0,
2026-09-12T20:53,,,,,0.00,0.0,-0.0,
2026-09-12T20:54,,,,,0.00,0.0,-0.0,
2026-09-12T20:55,,,,,0.00,0.0,-0.0,
2026-09-12T20:56,,,,,0.00,0.0,-0.0,
2026-09-12T20:57,,,,,0.00,0.0,-0.0,
2026-09-12T20:58,,,,,0.00,0.0,-0.0,
2026-09-12T20:59,,,,,0.00,0.0,-0.0,
2026-09-12T21:00,,,,,0.00,0.0,-0.0,13.60
2026-09-12T21:01,,,,,0.00,0.0,-0.0,
2026-09-12T21:02,,,,,0.00,0.0,-0.0,
2026-09-12T21:03,,,,,0.00,0.0,-0.0,
2026-09-12T21:04,,,,,0.00,0.0,-0.0,
2026-09-12T21:05,,,,,0.00,0.0,-0.0,
2026-09-12T21:06,,,,,0.00,0.0,-0.0,
2026-09-12T21:07,,,,,0.00,0.0,-0.0,
2026-09-12T21:08,,,,,0.00,0.0,-0.0,
2026-09-12T21:09,,,,,0.00,0.0,-0.0,
2026-09-12T21:10,,,,,0.00,0.0,-0.0,13.40
2026-09-12T21:11,,,,,0.00,0.0,-0.0,
2026-09-12T21:12,,,,,0.00,0.0,-0.0,
2026-09-12T21:13,,,,,0.00,0.0,-0.0,
2026-09-12T21:14,,,,,0.00,0.0,-0.0,
2026-09-12T21:15,,,,,0.00,0.0,-0.0,
2026-09-12T21:16,,,,,0.00,0.0,-0.0,
2026-09-12T21:17,,,,,0.00,0.0,-0.0,
2026-09-12T21:18,,,,,0.00,0.0,-0.0,
2026-09-12T21:19,,,,,0.00,0.0,-0.0,
2026-09-12T21:20,,,,,0.00,0.0,-0.0,13.40
2026-09-12T21:21,,,,,0.00,0.0,-0.0,
2026-09-12T21:22,,,,,0.00,0.0,-0.0,
2026-09-12T21:23,,,,,0.00,0.0,-0.0,
2026-09-12T21:24,,,,,0.00,0.0,-0.0,
2026-09-12T21:25,,,,,0.00,0.0,-0.0,
2026-09-12T21:26,,,,,0.00,0.0,-0.0,
2026-09-12T21:27,,,,,0.00,0.0,-0.0,
2026-09-12T21:28,,,,,0.00,0.0,-0.0,
2026-09-12T21:29,,,,,0.00,0.0,-0.0,
2026-09-12T21:30,,,,,0.00,0.0,-0.0,13.20
2026-09-12T21:31,,,,,0.00,0.0,-0.0,
2026-09-12T21:32,,,,,0.00,0.0,-0.0,
2026-09-12T21:33,,,,,0.00,0.0,-0.0,
2026-09-12T21:34,,,,,0.00,0.0,-0.0,
2026-09-12T21:35,,,,,0.00,0.0,-0.0,
2026-09-12T21:36,,,,,0.00,0.0,-0.0,
2026-09-12T21:37,,,,,0.00,0.0,-0.0,
2026-09-12T21:38,,,,,0.00,0.0,-0.0,
2026-09-12T21:39,,,,,0.00,0.0,-0.0,
2026-09-12T21:40,,,,,0.00,0.0,-0.0,13.20
2026-09-12T21:41,,,,,0.00,0.0,-0.0,
2026-09-12T21:42,,,,,0.00,0.0,-0.0,
2026-09-12T21:43,,,,,0.00,0.0,-0.0,
2026-09-12T21:44,,,,,0.00,0.0,-0.0,
2026-09-12T21:45,,,,,0.00,0.0,-0.0,
2026-09-12T21:46,,,,,0.00,0.0,-0.0,
2026-09-12T21:47,,,,,0.00,0.0,-0.0,
2026-09-12T21:48,,,,,0.00,0.0,-0.0,
2026-09-12T21:49,,,,,0.00,0.0,-0.0,
2026-09-12T21:50,,,,,0.00,0.0,-0.0,13.10
2026-09-12T21:51,,,,,0.00,0.0,-0.0,
2026-09-12T21:52,,,,,0.00,0.0,-0.0,
2026-09-12T21:53,,,,,0.00,0.0,-0.0,
2026-09-12T21:54,,,,,0.00,0.0,-0.0,
2026-09-12T21:55,,,,,0.00,0.0,-0.0,
2026-09-12T21:56,,,,,0.00,0.0,-0.0,
2026-09-12T21:57,,,,,0.00,0.0,-0.0,
2026-09-12T21:58,,,,,0.00,0.0,-0.0,
2026-09-12T21:59,,,,,0.00,0.0,-0.0,
2026-09-12T22:00,,,,,0.00,0.0,-0.0,13.10
2026-09-12T22:01,,,,,0.00,0.0,-0.0,
2026-09-12T22:02,,,,,0.00,0.0,-0.0,
2026-09-12T22:03,,,,,0.00,0.0,-0.0,
2026-09-12T22:04,,,,,0.00,0.0,-0.0,
2026-09-12T22:05,,,,,0.00,0.0,-0.0,
2026-09-12T22:06,,,,,0.00,0.0,-0.0,
2026-09-12T22:07,,,,,0.00,0.0,-0.0,
2026-09-12T22:08,,,,,0.00,0.0,-0.0,
2026-09-12T22:09,,,,,0.00,0.0,-0.0,
2026-09-12T22:10,,,,,0.00,0.0,-0.0,13.00
2026-09-12T22:11,,,,,0.00,0.0,-0.0,
2026-09-12T22:12,,,,,0.00,0.0,-0.0,
2026-09-12T22:13,,,,,0.00,0.0,-0.0,
2026-09-12T22:14,,,,,0.00,0.0,-0.0,
2026-09-12T22:15,,,,,0.00,0.0,-0.0,
2026-09-12T22:16,,,,,0.00,0.0,-0.0,
2026-09-12T22:17,,,,,0.00,0.0,-0.0,
2026-09-12T22:18,,,,,0.00,0.0,-0.0,
2026-09-12T22:19,,,,,0.00,0.0,-0.0,
2026-09-12T22:20,,,,,0.00,0.0,-0.0,13.00
2026-09-12T22:21,,,,,0.00,0.0,-0.0,
2026-09-12T22:22,,,,,0.00,0.0,-0.0,
2026-09-12T22:23,,,,,0.00,0.0,-0.0,
2026-09-12T22:24,,,,,0.00,0.0,-0.0,
2026-09-12T22:25,,,,,0.00,0.0,-0.0,
2026-09-12T22:26,,,,,0.00,0.0,-0.0,
2026-09-12T22:27,,,,,0.00,0.0,-0.0,
2026-09-12T22:28,,,,,0.00,0.0,-0.0,
2026-09-12T22:29,,,,,0.00,0.0,-0.0,
2026-09-12T22:30,,,,,0.00,0.0,-0.0,12.90
2026-09-12T22:31,,,,,0.00,0.0,-0.0,
2026-09-12T22:32,,,,,0.00,0.0,-0.0,
2026-09-12T22:33,,,,,0.00,0.0,-0.0,
2026-09-12T22:34,,,,,0.00,0.0,-0.0,
2026-09-12T22:35,,,,,0.00,0.0,-0.0,
2026-09-12T22:36,,,,,0.00,0.0,-0.0,
2026-09-12T22:37,,,,,0.00,0.0,-0.0,
2026-09-12T22:38,,,,,0.00,0.0,-0.0,
2026-09-12T22:39,,,,,0.00,0.0,-0.0,
2026-09-12T22:40,,,,,0.00,0.0,-0.0,12.90
2026-09-12T22:41,,,,,0.00,0.0,-0.0,
2026-09-12T22:42,,,,,0.00,0.0,-0.0,
2026-09-12T22:43,,,,,0.00,0.0,-0.0,
2026-09-12T22:44,,,,,0.00,0.0,-0.0,
2026-09-12T22:45,,,,,0.00,0.0,-0.0,
2026-09-12T22:46,,,,,0.00,0.0,-0.0,
2026-09-12T22:47,,,,,0.00,0.0,-0.0,
2026-09-12T22:48,,,,,0.00,0.0,-0.0,
2026-09-12T22:49,,,,,0.00,0.0,-0.0,
2026-09-12T22:50,,,,,0.00,0.0,-0.0,12.70
2026-09-12T22:51,,,,,0.00,0.0,-0.0,
2026-09-12T22:52,,,,,0.00,0.0,-0.0,
2026-09-12T22:53,,,,,0.00,0.0,-0.0,
2026-09-12T22:54,,,,,0.00,0.0,-0.0,
2026-09-12T22:55,,,,,0.00,0.0,-0.0,
2026-09-12T22:56,,,,,0.00,0.0,-0.0,
2026-09-12T22:57,,,,,0.00,0.0,-0.0,
2026-09-12T22:58,,,,,0.00,0.0,-0.0,
2026-09-12T22:59,,,,,0.00,0.0,-0.0,
2026-09-12T23:00,,,,,0.00,0.0,-0.0,12.90
2026-09-12T23:01,,,,,0.00,0.0,-0.0,
2026-09-12T23:02,,,,,0.00,0.0,-0.0,
2026-09-12T23:03,,,,,0.00,0.0,-0.0,
2026-09-12T23:04,,,,,0.00,0.0,-0.0,
2026-09-12T23:05,,,,,0.00,0.0,-0.0,
2026-09-12T23:06,,,,,0.00,0.0,-0.0,
2026-09-12T23:07,,,,,0.00,0.0,-0.0,
2026-09-12T23:08,,,,,0.00,0.0,-0.0,
2026-09-12T23:09,,,,,0.00,0.0,-0.0,
2026-09-12T23:10,,,,,0.00,0.0,-0.0,12.80
2026-09-12T23:11,,,,,0.00,0.0,-0.0,
2026-09-12T23:12,,,,,0.00,0.0,-0.0,
2026-09-12T23:13,,,,,0.00,0.0,-0.0,
2026-09-12T23:14,,,,,0.00,0.0,-0.0,
2026-09-12T23:15,,,,,0.00,0.0,-0.0,
2026-09-12T23:16,,,,,0.00,0.0,-0.0,
2026-09-12T23:17,,,,,0.00,0.0,-0.0,
2026-09-12T23:18,,,,,0.00,0.0,-0.0,
2026-09-12T23:19,,,,,0.00,0.0,-0.0,
2026-09-12T23:20,,,,,0.00,0.0,-0.0,12.80
2026-09-12T23:21,,,,,0.00,0.0,-0.0,
2026-09-12T23:22,,,,,0.00,0.0,-0.0,
2026-09-12T23:23,,,,,0.00,0.0,-0.0,
2026-09-12T23:24,,,,,0.00,0.0,-0.0,
2026-09-12T23:25,,,,,0.00,0.0,-0.0,
2026-09-12T23:26,,,,,0.00,0.0,-0.0,
2026-09-12T23:27,,,,,0.00,0.0,-0.0,
2026-09-12T23:28,,,,,0.00,0.0,-0.0,
2026-09-12T23:29,,,,,0.00,0.0,-0.0,
2026-09-12T23:30,,,,,0.00,0.0,-0.0,12.90
2026-09-12T23:31,,,,,0.00,0.0,-0.0,
2026-09-12T23:32,,,,,0.00,0.0,-0.0,
2026-09-12T23:33,,,,,0.00,0.0,-0.0,
2026-09-12T23:34,,,,,0.00,0.0,-0.0,
2026-09-12T23:35,,,,,0.00,0.0,-0.0,
2026-09-12T23:36,,,,,0.00,0.0,-0.0,
2026-09-12T23:37,,,,,0.00,0.0,-0.0,
2026-09-12T23:38,,,,,0.00,0.0,-0.0,
2026-09-12T23:39,,,,,0.00,0.0,-0.0,
2026-09-12T23:40,,,,,0.00,0.0,-0.0,13.00
2026-09-12T23:41,,,,,0.00,0.0,-0.0,
2026-09-12T23:42,,,,,0.00,0.0,-0.0,
2026-09-12T23:43,,,,,0.00,0.0,-0.0,
2026-09-12T23:44,,,,,0.00,0.0,-0.0,
2026-09-12T23:45,,,,,0.00,0.0,-0.0,
2026-09-12T23:46,,,,,0.00,0.0,-0.0,
2026-09-12T23:47,,,,,0.00,0.0,-0.0,
2026-09-12T23:48,,,,,0.00,0.0,-0.0,
2026-09-12T23:49,,,,,0.00,0.0,-0.0,
2026-09-12T23:50,,,,,0.00,0.0,-0.0,13.00
2026-09-12T23:51,,,,,0.00,0.0,-0.0,
2026-09-12T23:52,,,,,0.00,0.0,-0.0,
2026-09-12T23:53,,,,,0.00,0.0,-0.0,
2026-09-12T23:54,,,,,0.00,0.0,-0.0,
2026-09-12T23:55,,,,,0.00,0.0,-0.0,
2026-09-12T23:56,,,,,0.00,0.0,-0.0,
2026-09-12T23:57,,,,,0.00,0.0,-0.0,
2026-09-12T23:58,,,,,0.00,0.0,-0.0,
2026-09-12T23:59,,,,,0.00,0.0,-0.0,
2026-09-13T00:00,,,,,0.00,0.0,-0.0,13.10
2026-09-13T00:01,,,,,0.00,0.0,-0.0,
2026-09-13T00:02,,,,,0.00,0.0,-0.0,
2026-09-13T00:03,,,,,0.00,0.0,-0.0,
2026-09-13T00:04,,,,,0.00,0.0,-0.0,
2026-09-13T00:05,,,,,0.00,0.0,-0.0,
2026-09-13T00:06,,,,,0.00,0.0,-0.0,
2026-09-13T00:07,,,,,0.00,0.0,-0.0,
2026-09-13T00:08,,,,,0.00,0.0,-0.0,
2026-09-13T00:09,,,,,0.00,0.0,-0.0,
2026-09-13T00:10,,,,,0.00,0.0,-0.0,13.00
2026-09-13T00:11,,,,,0.00,0.0,-0.0,
2026-09-13T00:12,,,,,0.00,0.0,-0.0,
2026-09-13T00:13,,,,,0.00,0.0,-0.0,
2026-09-13T00:14,,,,,0.00,0.0,-0.0,
2026-09-13T00:15,,,,,0.00,0.0,-0.0,
2026-09-13T00:16,,,,,0.00,0.0,-0.0,
2026-09-13T00:17,,,,,0.00,0.0,-0.0,
2026-09-13T00:18,,,,,0.00,0.0,-0.0,
2026-09-13T00:19,,,,,0.00,0.0,-0.0,
2026-09-13T00:20,,,,,0.00,0.0,-0.0,13.00
2026-09-13T00:21,,,,,0.00,0.0,-0.0,
2026-09-13T00:22,,,,,0.00,0.0,-0.0,
2026-09-13T00:23,,,,,0.00,0.0,-0.0,
2026-09-13T00:24,,,,,0.00,0.0,-0.0,
2026-09-13T00:25,,,,,0.00,0.0,-0.0,
2026-09-13T00:26,,,,,0.00,0.0,-0.0,
2026-09-13T00:27,,,,,0.00,0.0,-0.0,
2026-09-13T00:28,,,,,0.00,0.0,-0.0,
2026-09-13T00:29,,,,,0.00,0.0,-0.0,
2026-09-13T00:30,,,,,0.00,0.0,-0.0,13.70
2026-09-13T00:31,,,,,0.00,0.0,-0.0,
2026-09-13T00:32,,,,,0.00,0.0,-0.0,
2026-09-13T00:33,,,,,0.00,0.0,-0.0,
2026-09-13T00:34,,,,,0.00,0.0,-0.0,
2026-09-13T00:35,,,,,0.00,0.0,-0.0,
2026-09-13T00:36,,,,,0.00,0.0,-0.0,
2026-09-13T00:37,,,,,0.00,0.0,-0.0,
2026-09-13T00:38,,,,,0.00,0.0,-0.0,
2026-09-13T00:39,,,,,0.00,0.0,-0.0,
2026-09-13T00:40,,,,,0.00,0.0,-0.0,13.10
2026-09-13T00:41,,,,,0.00,0.0,-0.0,
2026-09-13T00:42,,,,,0.00,0.0,-0.0,
2026-09-13T00:43,,,,,0.00,0.0,-0.0,
2026-09-13T00:44,,,,,0.00,0.0,-0.0,
2026-09-13T00:45,,,,,0.00,0.0,-0.0,
2026-09-13T00:46,,,,,0.00,0.0,-0.0,
2026-09-13T00:47,,,,,0.00,0.0,-0.0,
2026-09-13T00:48,,,,,0.00,0.0,-0.0,
2026-09-13T00:49,,,,,0.00,0.0,-0.0,
2026-09-13T00:50,,,,,0.00,0.0,-0.0,12.90
2026-09-13T00:51,,,,,0.00,0.0,-0.0,
2026-09-13T00:52,,,,,0.00,0.0,-0.0,
2026-09-13T00:53,,,,,0.00,0.0,-0.0,
2026-09-13T00:54,,,,,0.00,0.0,-0.0,
2026-09-13T00:55,,,,,0.00,0.0,-0.0,
2026-09-13T00:56,,,,,0.00,0.0,-0.0,
2026-09-13T00:57,,,,,0.00,0.0,-0.0,
2026-09-13T00:58,,,,,0.00,0.0,-0.0,
2026-09-13T00:59,,,,,0.00,0.0,-0.0,
2026-09-13T01:00,,,,,0.00,0.0,-0.0,12.80
2026-09-13T01:01,,,,,0.00,0.0,-0.0,
2026-09-13T01:02,,,,,0.00,0.0,-0.0,
2026-09-13T01:03,,,,,0.00,0.0,-0.0,
2026-09-13T01:04,,,,,0.00,0.0,-0.0,
2026-09-13T01:05,,,,,0.00,0.0,-0.0,
2026-09-13T01:06,,,,,0.00,0.0,-0.0,
2026-09-13T01:07,,,,,0.00,0.0,-0.0,
2026-09-13T01:08,,,,,0.00,0.0,-0.0,
2026-09-13T01:09,,,,,0.00,0.0,-0.0,
2026-09-13T01:10,,,,,0.00,0.0,-0.0,12.60
2026-09-13T01:11,,,,,0.00,0.0,-0.0,
2026-09-13T01:12,,,,,0.00,0.0,-0.0,
2026-09-13T01:13,,,,,0.00,0.0,-0.0,
2026-09-13T01:14,,,,,0.00,0.0,-0.0,
2026-09-13T01:15,,,,,0.00,0.0,-0.0,
2026-09-13T01:16,,,,,0.00,0.0,-0.0,
2026-09-13T01:17,,,,,0.00,0.0,-0.0,
2026-09-13T01:18,,,,,0.00,0.0,-0.0,
2026-09-13T01:19,,,,,0.00,0.0,-0.0,
2026-09-13T01:20,,,,,0.00,0.0,-0.0,12.50
2026-09-13T01:21,,,,,0.00,0.0,-0.0,
2026-09-13T01:22,,,,,0.00,0.0,-0.0,
2026-09-13T01:23,,,,,0.00,0.0,-0.0,
2026-09-13T01:24,,,,,0.00,0.0,-0.0,
2026-09-13T01:25,,,,,0.00,0.0,-0.0,
2026-09-13T01:26,,,,,0.00,0.0,-0.0,
2026-09-13T01:27,,,,,0.00,0.0,-0.0,
2026-09-13T01:28,,,,,0.00,0.0,-0.0,
2026-09-13T01:29,,,,,0.00,0.0,-0.0,
2026-09-13T01:30,,,,,0.00,0.0,-0.0,12.30
2026-09-13T05:01,,,,,0.00,0.0,-0.0,
2026-09-13T05:02,,,,,0.00,0.0,-0.0,
2026-09-13T05:03,,,,,0.00,0.0,-0.0,
2026-09-13T05:04,,,,,0.00,0.0,-0.0,
2026-09-13T05:05,,,,,0.00,0.0,-0.0,
2026-09-13T05:06,,,,,0.00,0.0,-0.0,
2026-09-13T05:07,,,,,0.00,0.0,-0.0,
2026-09-13T05:08,,,,,0.00,0.0,-0.0,
2026-09-13T05:09,,,,,0.00,0.0,-0.0,
2026-09-13T05:10,,,,,0.00,0.0,-0.0,12.90
2026-09-13T05:11,,,,,0.00,0.0,-0.0,
2026-09-13T05:12,,,,,0.00,0.0,-0.0,
2026-09-13T05:13,,,,,0.00,0.0,-0.0,
2026-09-13T05:14,,,,,0.00,0.0,-0.0,
2026-09-13T05:15,,,,,0.00,0.0,-0.0,
2026-09-13T05:16,,,,,0.00,0.0,-0.0,
2026-09-13T05:17,,,,,0.00,0.0,-0.0,
2026-09-13T05:18,,,,,0.00,0.0,-0.0,
2026-09-13T05:19,,,,,0.00,0.0,-0.0,
2026-09-13T05:20,,,,,0.00,0.0,-0.0,12.70
2026-09-13T05:21,,,,,0.00,0.0,-0.0,
2026-09-13T05:22,,,,,0.00,0.0,-0.0,
2026-09-13T05:23,,,,,0.00,0.0,-0.0,
2026-09-13T05:24,,,,,0.00,0.0,-0.0,
2026-09-13T05:25,,,,,0.00,0.0,-0.0,
2026-09-13T05:26,,,,,0.00,0.0,-0.0,
2026-09-13T05:27,,,,,0.00,0.0,-0.0,
2026-09-13T05:28,,,,,0.00,0.0,-0.0,
2026-09-13T05:29,,,,,0.00,0.0,-0.0,
2026-09-13T05:30,,,,,0.00,0.0,-0.0,12.70
2026-09-13T05:31,,,,,0.00,0.0,-0.0,
2026-09-13T05:32,,,,,0.00,0.0,-0.0,
2026-09-13T05:33,,,,,0.00,0.0,-0.0,
2026-09-13T05:34,,,,,0.00,0.0,-0.0,
2026-09-13T05:35,,,,,0.00,0.0,-0.0,
2026-09-13T05:36,,,,,0.00,0.0,-0.0,
2026-09-13T05:37,,,,,0.00,0.0,-0.0,
2026-09-13T05:38,,,,,0.00,0.0,-0.0,
2026-09-13T05:39,,,,,0.00,0.0,-0.0,
2026-09-13T05:40,,,,,0.00,0.0,-0.0,12.60
2026-09-13T05:41,,,,,0.00,0.0,-0.0,
2026-09-13T05:42,,,,,0.00,0.0,-0.0,
2026-09-13T05:43,,,,,0.00,0.0,-0.0,
2026-09-13T05:44,,,,,0.00,0.0,-0.0,
2026-09-13T05:45,,,,,0.00,0.0,-0.0,
2026-09-13T05:46,,,,,0.00,0.0,-0.0,
2026-09-13T05:47,,,,,0.00,0.0,-0.0,
2026-09-13T05:48,,,,,0.00,0.0,-0.0,
2026-09-13T05:49,,,,,0.00,0.0,-0.0,
2026-09-13T05:50,,,,,0.00,0.0,-0.0,12.50
2026-09-13T05:51,,,,,0.00,0.0,-0.0,
2026-09-13T05:52,,,,,0.00,0.0,-0.0,
2026-09-13T05:53,,,,,0.00,0.0,-0.0,
2026-09-13T05:54,,,,,0.00,0.0,-0.0,
2026-09-13T05:55,,,,,0.00,0.0,-0.0,
2026-09-13T05:56,,,,,0.00,0.0,-0.0,
2026-09-13T05:57,,,,,0.00,0.0,-0.0,
2026-09-13T05:58,,,,,0.00,0.0,-0.0,
2026-09-13T05:59,,,,,0.00,0.0,-0.0,
2026-09-13T06:00,,,,,0.00,0.0,-0.0,12.40
2026-09-13T06:01,,,,,0.00,0.0,-0.0,
2026-09-13T06:02,,,,,0.00,0.0,-0.0,
2026-09-13T06:03,,,,,0.00,0.0,-0.0,
2026-09-13T06:04,,,,,0.00,0.0,-0.0,
2026-09-13T06:05,,,,,0.00,0.0,-0.0,
2026-09-13T06:06,,,,,0.00,0.0,-0.0,
2026-09-13T06:07,,,,,0.00,0.0,-0.0,
2026-09-13T06:08,,,,,0.00,0.0,-0.0,
2026-09-13T06:09,,,,,0.00,0.0,-0.0,
2026-09-13T06:10,,,,,0.00,0.0,-0.0,12.20
2026-09-13T06:11,,,,,0.00,0.0,-0.0,
2026-09-13T06:12,,,,,0.00,0.0,-0.0,
2026-09-13T06:13,,,,,0.00,0.0,-0.0,
2026-09-13T06:14,,,,,0.00,0.0,-0.0,
2026-09-13T06:15,,,,,0.00,0.0,-0.0,
2026-09-13T06:16,,,,,0.00,0.0,-0.0,
2026-09-13T06:17,,,,,0.00,0.0,-0.0,
2026-09-13T06:18,,,,,0.00,0.0,-0.0,
2026-09-13T06:19,,,,,0.00,0.0,-0.0,
2026-09-13T06:20,,,,,0.00,0.0,-0.0,12.10
2026-09-13T06:21,,,,,0.00,0.0,-0.0,
2026-09-13T06:22,,,,,0.00,0.0,-0.0,
2026-09-13T06:23,,,,,0.00,0.0,-0.0,
2026-09-13T06:24,,,,,0.00,0.0,-0.0,
2026-09-13T06:25,,,,,0.00,0.0,-0.0,
2026-09-13T06:26,,,,,0.00,0.0,-0.0,
2026-09-13T06:27,,,,,0.00,0.0,-0.0,
2026-09-13T06:28,,,,,0.00,0.0,-0.0,
2026-09-13T06:29,,,,,0.00,0.0,-0.0,
2026-09-13T06:30,,,,,0.00,0.0,-0.0,12.10
2026-09-13T06:31,,,,,0.00,0.0,-0.0,
2026-09-13T06:32,,,,,0.00,0.0,-0.0,
2026-09-13T06:33,,,,,0.00,0.0,-0.0,
2026-09-13T06:34,,,,,0.00,0.0,-0.0,
2026-09-13T06:35,,,,,0.00,0.0,-0.0,
2026-09-13T06:36,,,,,0.00,0.0,-0.0,
2026-09-13T06:37,,,,,0.00,0.0,-0.0,
2026-09-13T06:38,,,,,0.00,0.0,-0.0,
2026-09-13T06:39,,,,,0.00,0.0,-0.0,
2026-09-13T06:40,,,,,0.00,0.0,-0.0,12.00
2026-09-13T06:41,,,,,0.00,0.0,-0.0,
2026-09-13T06:42,,,,,0.00,0.0,-0.0,
2026-09-13T06:43,,,,,0.00,0.0,-0.0,
2026-09-13T06:44,,,,,0.00,0.0,-0.0,
2026-09-13T06:45,,,,,0.00,0.0,-0.0,
2026-09-13T06:46,,,,,0.00,0.0,-0.0,
2026-09-13T06:47,,,,,0.00,0.0,-0.0,
2026-09-13T06:48,,,,,0.00,0.0,-0.0,
2026-09-13T06:49,,,,,0.00,0.0,-0.0,
2026-09-13T06:50,,,,,0.00,0.0,-0.0,11.80
2026-09-13T06:51,,,,,0.00,0.0,-0.0,
2026-09-13T06:52,,,,,0.00,0.0,-0.0,
2026-09-13T06:53,,,,,0.00,0.0,-0.0,
2026-09-13T06:54,,,,,0.00,0.0,-0.0,
2026-09-13T06:55,,,,,0.00,0.0,-0.0,
2026-09-13T06:56,,,,,0.00,0.0,-0.0,
2026-09-13T06:57,,,,,0.00,0.0,-0.0,
2026-09-13T06:58,,,,,0.00,0.0,-0.0,
2026-09-13T06:59,,,,,0.00,0.0,-0.0,
2026-09-13T07:00,,,,,0.00,0.0,-0.0,11.90
2026-09-13T07:01,,,,,0.00,0.0,-0.0,
2026-09-13T07:02,,,,,0.00,0.0,-0.0,
2026-09-13T07:03,,,,,0.00,0.0,-0.0,
2026-09-13T07:04,,,,,0.00,0.0,-0.0,
2026-09-13T07:05,,,,,0.00,0.0,-0.0,
2026-09-13T07:06,,,,,0.00,0.0,-0.0,
2026-09-13T07:07,,,,,0.00,0.0,-0.0,
2026-09-13T07:08,,,,,0.00,0.0,-0.0,
2026-09-13T07:09,,,,,0.00,0.0,-0.0,
2026-09-13T07:10,,,,,0.00,0.0,-0.0,12.00
2026-09-13T07:11,,,,,0.00,0.0,-0.0,
2026-09-13T07:12,,,,,0.00,0.0,-0.0,
2026-09-13T07:13,,,,,0.00,0.0,-0.0,
2026-09-13T07:14,,,,,0.00,0.0,-0.0,
2026-09-13T07:15,,,,,0.00,0.0,-0.0,
2026-09-13T07:16,,,,,0.00,0.0,-0.0,
2026-09-13T07:17,,,,,0.00,0.0,-0.0,
2026-09-13T07:18,,,,,0.00,0.0,-0.0,
2026-09-13T07:19,,,,,0.00,0.0,-0.0,
2026-09-13T07:20,,,,,0.00,0.0,-0.0,12.10
2026-09-13T07:21,,,,,0.00,0.0,-0.0,
2026-09-13T07:22,,,,,0.00,0.0,-0.0,
2026-09-13T07:23,,,,,0.00,0.0,-0.0,
2026-09-13T07:24,,,,,0.00,0.0,-0.0,
2026-09-13T07:25,,,,,0.00,0.0,-0.0,
2026-09-13T07:26,,,,,0.00,0.0,-0.0,
2026-09-13T07:27,,,,,0.00,0.0,-0.0,
2026-09-13T07:28,,,,,0.00,0.0,-0.0,
2026-09-13T07:29,,,,,0.00,0.0,-0.0,
2026-09-13T07:30,,,,,0.00,0.0,-0.0,12.20
2026-09-13T13:00,0.0,0.83,2.4,5.7,,,,
