datetime,LIVIDRO,LIVNEVE,PREC,PRESS,RADSOL,TEMP,UMID
2026-09-11T00:00,0.74,40.0,0.2,936.0,0.0,11.3,96.2
2026-09-11T00:15,0.73,42.0,,935.9,0.0,11.3,95.4
2026-09-11T00:30,0.73,42.0,,935.7,0.0,11.3,95.6
2026-09-11T01:00,0.75,44.0,1.2,936.0,0.0,11.4,95.3
2026-09-11T01:15,0.72,41.0,,935.8,0.0,11.4,94.0
2026-09-11T01:30,0.71,41.0,,936.0,0.0,11.4,94.3
2026-09-11T02:00,0.74,42.0,0.2,935.7,0.0,11.3,95.8
2026-09-11T02:15,0.72,41.0,,935.9,0.0,11.2,96.2
2026-09-11T02:30,0.71,38.0,,935.9,0.0,11.2,96.4
2026-09-11T03:00,0.71,37.0,0.0,936.1,0.0,11.3,97.0
2026-09-11T03:15,0.71,42.0,,935.8,0.0,11.3,97.3
2026-09-11T03:30,0.7,43.0,,936.0,0.0,11.2,96.9
2026-09-11T04:00,0.68,41.0,0.8,935.7,0.0,11.2,96.9
2026-09-11T04:15,0.68,39.0,,935.6,0.0,11.1,96.5
2026-09-11T04:30,0.68,40.0,,935.8,0.0,11.1,96.4
2026-09-11T05:00,0.69,39.0,0.2,930.4,0.0,11.1,96.5
2026-09-11T05:15,0.68,39.0,,936.0,7.8,11.1,96.5
2026-09-11T05:30,0.67,39.0,,936.1,23.3,11.2,95.5
2026-09-11T06:00,0.69,41.0,0.0,936.5,37.4,11.4,93.9
2026-09-11T06:15,0.67,41.0,,936.4,38.6,11.3,94.8
2026-09-11T07:00,0.68,44.0,0.0,936.9,9.6,11.3,95.1
2026-09-11T07:15,0.66,42.0,,936.9,17.7,11.6,93.1
2026-09-11T07:30,0.67,37.0,,936.9,17.3,11.4,95.0
2026-09-11T08:00,0.64,42.0,0.4,937.2,13.7,11.5,95.4
2026-09-11T08:15,0.64,42.0,,937.2,12.5,11.4,95.9
2026-09-11T08:30,0.65,39.0,,937.4,29.3,11.3,96.6
2026-09-11T09:00,0.66,43.0,2.8,932.2,140.5,11.7,95.9
2026-09-11T09:15,0.63,43.0,,937.9,111.7,12.0,95.5
2026-09-11T09:30,0.63,44.0,,937.9,100.3,12.1,94.8
2026-09-11T10:00,0.67,41.0,0.4,937.7,189.7,12.1,93.3
2026-09-11T10:15,0.66,41.0,,937.4,514.6,12.8,93.8
2026-09-11T10:30,0.65,41.0,,937.5,230.0,12.9,92.5
2026-09-11T11:00,0.68,39.0,0.2,937.7,667.7,14.1,86.2
2026-09-11T11:15,0.65,40.0,,937.9,814.8,14.2,85.5
2026-09-11T11:30,0.63,36.0,,937.9,778.4,14.3,86.4
2026-09-11T12:00,0.65,38.0,0.0,938.0,361.5,14.4,85.2
2026-09-11T12:15,0.66,39.0,,937.9,736.5,15.3,79.9
2026-09-11T12:30,0.67,37.0,,937.8,620.0,15.9,77.7
2026-09-11T13:00,0.64,39.0,0.0,938.0,541.4,15.6,78.7
2026-09-11T13:15,0.64,37.0,,938.1,521.2,15.6,79.8
2026-09-11T13:30,0.66,37.0,,938.2,440.5,15.9,79.7
2026-09-11T14:00,0.65,37.0,0.0,938.3,210.2,16.0,76.4
2026-09-11T14:15,0.63,38.0,,938.3,239.4,16.2,76.7
2026-09-11T14:30,0.65,36.0,,938.4,234.6,16.0,78.1
2026-09-11T15:00,0.64,41.0,0.0,938.7,160.9,16.3,77.6
2026-09-11T15:15,0.62,44.0,,938.8,157.7,16.1,79.1
2026-09-11T15:30,0.64,43.0,,938.9,113.7,16.0,79.1
2026-09-11T16:00,0.63,37.0,0.0,939.1,115.1,15.5,85.3
2026-09-11T16:15,0.64,37.0,,939.3,88.4,15.4,82.8
2026-09-11T16:30,0.64,37.0,,939.4,41.8,15.3,83.9
2026-09-11T17:00,0.63,32.0,0.0,939.9,20.3,15.0,86.3
2026-09-11T17:15,0.63,27.0,,939.9,8.5,14.2,89.4
2026-09-11T17:30,0.63,36.0,,940.0,0.0,13.9,90.3
2026-09-11T18:00,0.63,38.0,0.0,940.5,0.0,14.3,86.9
2026-09-11T18:15,0.66,40.0,,940.8,0.0,14.4,85.5
2026-09-11T18:30,0.63,36.0,,940.9,0.0,14.1,87.0
2026-09-11T19:00,0.63,37.0,0.0,941.3,0.0,13.6,90.1
2026-09-11T19:15,0.62,42.0,,941.6,0.0,13.2,91.0
2026-09-11T19:30,0.63,32.0,,941.8,0.0,13.0,91.6
2026-09-11T20:00,0.65,35.0,0.0,942.0,0.0,12.7,92.6
2026-09-11T20:15,0.62,32.0,,942.1,0.0,12.5,93.5
2026-09-11T20:30,0.63,32.0,,942.2,0.0,12.2,93.6
2026-09-11T21:00,0.63,35.0,0.0,942.4,0.0,11.6,95.5
2026-09-11T21:15,0.62,37.0,,942.6,0.0,11.5,96.0
2026-09-11T21:30,0.63,42.0,,942.6,0.0,11.4,96.1
2026-09-11T22:00,0.59,42.0,0.0,942.8,0.0,11.6,96.4
2026-09-11T22:15,0.61,42.0,,942.8,0.0,11.6,96.1
2026-09-11T22:30,0.61,43.0,,942.8,0.0,11.4,95.8
2026-09-11T23:00,,,0.0,,,,
2026-09-11T23:15,0.6,43.0,,942.9,0.0,11.3,94.4
2026-09-11T23:30,0.6,44.0,,942.9,0.0,11.2,92.4
2026-09-12T00:00,0.6,43.0,0.0,942.9,0.0,11.0,90.5
2026-09-12T00:15,0.59,43.0,,942.8,0.0,10.9,90.4
2026-09-12T00:30,0.57,43.0,,942.8,0.0,10.8,90.4
2026-09-12T01:00,0.62,44.0,0.0,937.2,0.0,10.7,90.4
2026-09-12T01:15,0.6,44.0,,942.8,0.0,10.6,90.7
2026-09-12T01:30,0.59,43.0,,942.9,0.0,10.5,90.7
2026-09-12T02:00,0.57,43.0,0.0,942.8,0.0,10.6,90.5
2026-09-12T02:15,0.62,43.0,,942.9,0.0,10.5,90.5
2026-09-12T02:30,0.61,43.0,,942.9,0.0,10.4,90.4
2026-09-12T03:00,0.6,43.0,0.0,942.9,0.0,10.3,92.7
2026-09-12T03:15,0.61,42.0,,942.9,0.0,10.1,92.4
2026-09-12T03:30,0.61,42.0,,942.8,0.0,10.1,91.8
2026-09-12T04:00,0.59,42.0,0.0,943.0,0.0,9.8,91.4
2026-09-12T04:15,0.61,42.0,,942.9,0.0,9.9,93.6
2026-09-12T04:30,0.61,42.0,,942.9,0.0,9.8,92.2
2026-09-12T05:00,0.61,41.0,0.0,943.0,9.0,9.8,91.3
2026-09-12T05:15,0.6,38.0,,943.1,14.8,10.1,90.8
2026-09-12T05:30,0.59,35.0,,943.3,35.8,10.2,90.2
2026-09-12T06:00,0.59,35.0,0.0,943.7,49.5,10.4,91.4
2026-09-12T06:15,0.59,34.0,,943.8,48.6,10.6,91.7
2026-09-12T06:30,0.57,32.0,,943.9,79.9,10.8,91.1
2026-09-12T07:00,0.59,35.0,0.0,943.9,160.4,11.7,89.0
2026-09-12T07:15,0.61,32.0,,943.8,477.2,12.5,87.4
2026-09-12T07:30,0.62,35.0,,943.9,510.9,13.1,85.0
2026-09-12T08:00,0.59,34.0,0.0,943.9,562.8,13.3,81.8
2026-09-12T08:15,0.59,35.0,,943.8,576.7,13.2,79.7
2026-09-12T08:30,0.57,36.0,,943.8,598.1,13.9,76.4
2026-09-12T09:00,0.59,37.0,0.0,943.6,647.5,14.6,70.8
2026-09-12T09:15,0.59,37.0,,943.5,671.2,14.6,71.2
2026-09-12T09:30,0.57,37.0,,943.4,691.6,15.1,68.4
2026-09-12T10:00,0.59,35.0,0.0,943.1,720.5,15.7,67.3
2026-09-12T10:15,0.57,35.0,,943.1,732.6,16.0,66.6
2026-09-12T10:30,0.59,36.0,,942.8,742.9,16.4,63.1
2026-09-12T11:00,0.59,35.0,0.0,942.4,751.3,17.0,60.3
2026-09-12T11:15,0.57,35.0,,942.3,748.1,17.2,60.3
2026-09-12T11:30,0.57,35.0,,942.3,743.0,17.7,54.7
2026-09-12T12:00,0.57,36.0,0.0,942.1,715.6,17.9,51.5
2026-09-12T12:15,0.57,36.0,,941.9,698.4,18.3,45.5
2026-09-12T12:30,0.59,36.0,,941.8,682.9,18.7,45.7
2026-09-12T13:00,0.57,35.0,0.0,941.6,632.2,18.8,46.0
2026-09-12T13:15,0.57,36.0,,935.9,606.8,18.9,49.8
2026-09-12T13:30,0.59,36.0,,941.3,575.3,19.2,50.3
2026-09-12T14:00,0.57,34.0,0.0,940.9,510.8,19.2,49.9
2026-09-12T14:15,0.59,35.0,,940.9,470.7,19.3,47.4
2026-09-12T14:30,0.57,35.0,,940.8,321.4,19.1,46.7
2026-09-12T15:00,0.57,37.0,0.0,940.9,103.4,19.1,49.2
2026-09-12T15:15,0.57,35.0,,941.0,172.4,18.7,48.4
2026-09-12T15:30,0.57,33.0,,941.0,101.8,18.6,47.1
2026-09-12T16:00,0.57,35.0,0.0,941.1,47.8,18.5,47.1
2026-09-12T16:15,0.57,36.0,,941.2,62.6,18.3,49.3
2026-09-12T16:30,0.57,36.0,,941.5,27.2,16.1,67.1
2026-09-12T17:00,0.56,35.0,0.0,941.7,11.0,15.1,72.1
2026-09-12T17:15,0.57,39.0,,941.8,3.9,14.3,76.4
2026-09-12T17:30,0.59,42.0,,941.9,0.0,13.7,80.2
2026-09-12T18:00,0.57,40.0,0.0,942.2,0.0,12.6,85.3
2026-09-12T18:15,0.57,40.0,,942.4,0.0,12.2,86.8
2026-09-12T18:30,0.57,39.0,,942.6,0.0,11.8,88.7
2026-09-12T19:00,0.56,40.0,0.0,942.8,0.0,11.1,91.4
2026-09-12T19:15,0.57,40.0,,942.9,0.0,10.8,92.6
2026-09-12T19:30,0.56,40.0,,942.9,0.0,10.6,92.9
2026-09-12T20:00,0.59,40.0,0.0,943.2,0.0,10.2,93.6
2026-09-12T20:15,0.56,41.0,,943.2,0.0,10.0,94.4
2026-09-12T20:30,0.57,41.0,,943.2,0.0,9.9,94.8
2026-09-12T21:00,0.56,41.0,0.0,943.2,0.0,9.4,95.5
2026-09-12T21:15,0.56,41.0,,943.2,0.0,9.3,95.6
2026-09-12T21:30,0.57,41.0,,943.3,0.0,9.2,95.7
2026-09-12T22:00,0.56,39.0,0.0,943.4,0.0,8.9,96.2
2026-09-12T22:15,0.56,38.0,,943.4,0.0,8.8,96.3
2026-09-12T22:30,0.53,38.0,,943.4,0.0,8.7,96.3
2026-09-12T23:00,,,0.0,,,,
2026-09-12T23:15,0.56,39.0,,943.6,0.0,8.2,96.9
2026-09-12T23:30,0.56,41.0,,943.5,0.0,8.1,97.2
2026-09-13T00:00,0.56,48.0,0.0,943.4,0.0,7.9,97.3
2026-09-13T00:15,0.56,48.0,,943.4,0.0,7.8,97.3
2026-09-13T00:30,0.56,49.0,,943.5,0.0,7.6,97.4
2026-09-13T01:00,0.56,44.0,0.0,943.4,0.0,7.5,97.5
2026-09-13T01:15,0.56,37.0,,943.4,0.0,7.4,97.5
2026-09-13T01:30,0.56,37.0,,943.4,0.0,7.3,97.5
2026-09-13T02:00,0.56,40.0,0.0,943.3,0.0,7.1,97.8
2026-09-13T02:15,0.56,40.0,,943.1,0.0,7.0,97.7
2026-09-13T02:30,0.55,37.0,,943.2,0.0,7.0,97.7
2026-09-13T03:00,0.56,38.0,0.0,943.2,0.0,6.9,97.9
2026-09-13T03:15,0.56,36.0,,943.1,0.0,7.0,97.7
2026-09-13T03:30,0.56,36.0,,943.1,0.0,6.9,97.7
2026-09-13T04:00,0.56,37.0,0.0,943.0,0.0,6.8,97.9
2026-09-13T04:15,0.55,37.0,,943.0,0.0,7.0,97.9
2026-09-13T04:30,0.56,38.0,,943.0,0.0,7.2,98.0
2026-09-13T05:00,0.56,32.0,0.0,943.1,19.8,7.5,97.4
2026-09-13T05:15,0.56,32.0,,943.1,33.2,7.6,97.6
2026-09-13T05:30,0.56,31.0,,943.3,59.9,7.8,97.7
2026-09-13T06:00,0.54,40.0,0.0,943.4,113.3,8.9,96.8
2026-09-13T06:15,0.56,32.0,,943.3,79.8,9.2,94.0
2026-09-13T06:30,0.56,35.0,,943.3,118.1,9.5,94.2
2026-09-13T07:00,0.55,33.0,0.0,943.1,144.0,10.3,92.9
2026-09-13T07:15,0.56,33.0,,943.1,391.7,11.2,89.4
2026-09-13T07:30,0.54,34.0,,943.0,452.0,13.2,82.8
2026-09-13T08:00,0.56,33.0,0.0,942.8,481.3,15.4,73.3
2026-09-13T08:15,0.56,36.0,,942.8,625.0,16.4,64.6
2026-09-13T08:30,0.56,38.0,,942.7,447.5,16.6,63.9
2026-09-13T09:00,0.55,34.0,0.0,942.6,620.7,18.3,53.9
2026-09-13T09:15,0.56,30.0,,942.5,656.2,18.1,57.5
2026-09-13T09:30,0.55,38.0,,942.4,644.8,18.4,60.8
2026-09-13T10:00,0.56,33.0,0.0,942.1,700.7,19.3,52.8
2026-09-13T10:15,0.55,33.0,,941.9,744.1,20.2,49.3
2026-09-13T10:30,0.55,36.0,,941.8,880.8,20.8,47.0
2026-09-13T11:00,0.54,34.0,0.0,941.6,559.5,22.2,37.7
2026-09-13T11:15,0.56,38.0,,941.4,720.2,22.3,39.0
2026-09-13T11:30,0.56,35.0,,941.2,713.2,22.3,43.0
2026-09-13T12:00,0.56,34.0,0.0,941.0,693.7,22.2,40.3
2026-09-13T12:15,0.56,33.0,,940.8,675.2,22.3,39.9
2026-09-13T12:30,0.55,33.0,,940.7,648.9,22.8,39.2
2026-09-13T13:00,0.56,37.0,0.0,940.3,611.3,22.9,38.5
2026-09-13T13:15,0.55,35.0,,940.3,598.4,23.4,41.3
2026-09-13T13:30,0.55,36.0,,940.2,573.3,23.1,41.2
2026-09-13T14:00,0.54,38.0,0.0,939.7,491.1,23.4,39.4
2026-09-13T14:15,0.55,37.0,,939.4,220.4,23.3,41.4
2026-09-13T14:30,0.56,39.0,,939.6,339.4,23.3,42.2
2026-09-13T15:00,0.54,40.0,0.0,939.6,212.0,23.0,41.2
2026-09-13T15:15,0.56,39.0,,939.7,160.7,22.3,46.4
2026-09-13T15:30,0.55,41.0,,939.8,136.3,22.1,46.8
2026-09-13T16:00,0.55,36.0,0.0,939.8,85.2,21.7,45.0
2026-09-13T16:15,0.55,37.0,,939.9,42.5,21.3,47.6
2026-09-13T16:30,0.54,35.0,,939.9,41.4,20.7,51.4
2026-09-13T17:00,0.55,36.0,0.0,939.9,16.8,20.0,54.5
2026-09-13T17:15,0.55,36.0,,940.1,3.8,19.0,60.5
2026-09-13T17:30,0.54,41.0,,940.3,0.0,18.0,67.3
2026-09-13T18:00,0.54,44.0,0.0,940.4,0.0,17.2,70.2
2026-09-13T18:15,0.55,44.0,,940.6,0.0,16.7,72.4
2026-09-13T18:30,0.54,45.0,,940.7,0.0,16.4,74.5
2026-09-13T19:00,0.55,44.0,0.0,940.7,0.0,16.3,74.9
2026-09-13T19:15,0.53,43.0,,940.7,0.0,16.2,75.7
2026-09-13T19:30,0.53,44.0,,940.7,0.0,16.0,76.5
2026-09-13T20:00,0.55,43.0,0.0,940.8,0.0,15.8,77.4
2026-09-13T20:15,0.54,45.0,,940.8,0.0,15.4,79.0
2026-09-13T20:30,0.55,42.0,,940.8,0.0,15.3,79.4
2026-09-13T21:00,0.55,42.0,0.0,940.6,0.0,15.6,78.0
2026-09-13T21:15,0.55,42.0,,940.6,0.0,15.5,78.1
2026-09-13T21:30,0.55,43.0,,940.6,0.0,15.1,80.7
2026-09-13T22:00,0.54,41.0,0.0,940.6,0.0,15.1,80.1
2026-09-13T22:15,0.55,38.0,,940.7,0.0,15.2,79.9
2026-09-13T22:30,0.55,40.0,,940.6,0.0,14.7,84.3
2026-09-13T23:00,,,0.0,,,,
2026-09-13T23:15,0.55,43.0,,940.5,0.0,14.0,91.3
2026-09-13T23:30,0.56,41.0,,940.4,0.0,13.8,92.1
2026-09-14T00:00,0.54,36.0,0.0,940.4,0.0,13.8,92.4
2026-09-14T00:15,0.56,36.0,,940.3,0.0,13.7,92.7
2026-09-14T00:30,0.54,36.0,,940.4,0.0,13.7,92.8
2026-09-14T01:00,0.54,33.0,0.0,940.3,0.0,13.5,94.4
2026-09-14T01:15,0.55,36.0,,940.4,0.0,13.3,94.6
2026-09-14T01:30,0.55,39.0,,940.5,0.0,13.5,95.0
2026-09-14T02:00,0.54,38.0,0.4,940.6,0.0,13.5,96.0
2026-09-14T02:15,0.54,36.0,,940.6,0.0,13.5,96.3
2026-09-14T02:30,0.54,37.0,,940.3,0.0,13.3,96.5
2026-09-14T03:00,0.55,36.0,0.0,940.0,0.0,13.2,96.8
2026-09-14T03:15,0.54,37.0,,940.1,0.0,13.1,97.2
2026-09-14T03:30,0.55,36.0,,940.2,0.0,13.0,97.3
2026-09-14T04:00,0.53,40.0,0.0,940.4,0.0,12.9,97.6
2026-09-14T04:15,0.54,39.0,,940.4,0.0,12.8,97.7
2026-09-14T04:30,0.53,39.0,,940.4,0.0,12.7,97.7
2026-09-14T05:00,0.54,41.0,0.2,940.5,17.0,12.3,97.9
2026-09-14T05:15,0.54,42.0,,940.7,36.4,12.5,98.0
2026-09-14T05:30,0.54,44.0,,940.7,36.3,12.7,98.1
2026-09-14T06:00,0.54,39.0,0.0,941.0,107.8,12.7,97.7
2026-09-14T06:15,0.57,36.0,,941.0,170.3,13.7,97.0
2026-09-14T06:30,0.55,38.0,,941.1,104.1,14.5,92.4
2026-09-14T07:00,0.54,39.0,0.0,941.2,117.8,14.7,91.8
2026-09-14T07:15,0.55,40.0,,941.3,89.6,15.0,89.9
2026-09-14T07:30,0.54,40.0,,941.4,126.4,15.2,89.6
2026-09-14T08:00,0.55,41.0,0.0,941.5,180.4,15.6,86.5
2026-09-14T08:15,0.54,37.0,,941.6,201.3,16.0,83.5
2026-09-14T08:30,0.54,38.0,,941.7,279.5,16.8,80.6
2026-09-14T09:00,0.56,40.0,0.0,941.7,204.0,17.3,77.6
2026-09-14T09:15,0.55,40.0,,941.7,673.7,18.5,76.2
2026-09-14T09:30,0.54,35.0,,941.7,537.0,19.8,65.1
2026-09-14T10:00,0.54,35.0,0.0,941.4,305.3,19.6,67.3
2026-09-14T10:15,0.54,36.0,,941.4,735.8,20.0,68.3
2026-09-14T13:00,0.53,30.0,0.0,940.9,690.2,22.9,41.8
2026-09-14T13:15,0.54,32.0,,940.9,613.0,23.3,39.9
2026-09-14T13:30,0.54,33.0,,940.9,610.1,23.4,37.9
2026-09-14T14:00,0.54,31.0,0.0,940.8,193.9,23.2,40.4
2026-09-14T14:15,0.53,30.0,,940.6,471.0,23.5,38.1
2026-09-14T14:30,0.53,35.0,,940.7,422.3,23.5,47.8
2026-09-14T15:00,0.54,32.0,0.0,940.7,173.6,23.3,50.6
2026-09-14T15:15,0.54,36.0,,940.8,93.4,22.5,52.4
2026-09-14T15:30,0.54,36.0,,940.8,53.2,21.7,54.7
2026-09-14T16:00,0.55,40.0,0.0,941.0,41.1,19.4,62.4
2026-09-14T16:15,0.44,41.0,,941.2,38.2,18.8,64.1
2026-09-14T16:30,0.57,41.0,,941.3,75.3,18.3,66.9
2026-09-14T17:00,0.52,41.0,0.0,941.6,7.8,16.7,73.1
2026-09-14T17:15,0.46,40.0,,941.8,0.0,16.3,75.5
2026-09-14T17:30,0.53,41.0,,942.0,0.0,15.4,79.5
2026-09-14T18:00,0.54,40.0,0.0,942.7,0.0,13.9,86.4
2026-09-14T18:15,0.55,42.0,,942.8,0.0,13.4,89.4
2026-09-14T18:30,0.53,43.0,,943.1,0.0,13.1,90.6
2026-09-14T19:00,0.54,43.0,0.0,943.5,0.0,13.0,90.5
2026-09-14T19:15,0.55,41.0,,943.7,0.0,12.6,91.6
2026-09-14T19:30,0.54,40.0,,943.7,0.0,12.3,92.6
2026-09-14T20:00,0.54,37.0,0.0,943.7,0.0,11.8,94.2
2026-09-14T20:15,0.54,37.0,,943.6,0.0,11.3,94.9
2026-09-14T20:30,0.53,36.0,,943.7,0.0,11.3,95.4
2026-09-14T21:00,0.52,38.0,0.0,943.6,0.0,10.9,95.3
2026-09-14T21:15,0.53,40.0,,943.8,0.0,10.8,95.6
2026-09-14T21:30,0.53,39.0,,943.8,0.0,10.6,96.1
2026-09-14T22:00,0.52,39.0,0.0,944.0,0.0,10.4,96.4
2026-09-14T22:30,0.54,41.0,,944.0,0.0,10.0,96.9
2026-09-14T23:00,,,0.0,,,,
2026-09-14T23:15,0.54,34.0,,943.9,0.0,9.7,96.9
2026-09-14T23:30,0.54,38.0,,941.6,0.0,9.4,96.9
2026-09-15T00:00,0.54,37.0,0.0,943.5,0.0,9.2,97.0
2026-09-15T00:15,0.54,38.0,,943.4,0.0,9.1,97.3
2026-09-15T00:30,0.52,40.0,,943.5,0.0,8.8,97.2
2026-09-15T01:00,0.53,39.0,0.0,943.5,0.0,8.7,97.8
2026-09-15T01:15,0.54,38.0,,943.5,0.0,8.7,97.7
2026-09-15T01:30,0.54,41.0,,943.5,0.0,8.4,97.7
2026-09-15T02:00,0.54,41.0,0.0,943.4,0.0,8.2,97.9
2026-09-15T02:15,0.53,42.0,,943.4,0.0,8.2,97.9
2026-09-15T02:30,0.52,44.0,,943.4,0.0,8.1,97.8
2026-09-15T03:00,,,0.0,,,,
2026-09-15T03:15,0.52,43.0,,943.3,0.0,7.7,98.1
2026-09-15T03:30,0.54,42.0,,943.3,0.0,7.6,98.1
2026-09-15T04:00,0.53,41.0,0.0,943.2,0.0,7.6,98.3
2026-09-15T04:15,0.53,41.0,,943.2,0.0,7.3,98.2
2026-09-15T04:30,0.53,40.0,,943.2,0.0,7.2,98.3
2026-09-15T05:00,0.53,39.0,0.0,943.2,8.6,7.2,98.4
2026-09-15T05:15,0.53,40.0,,943.3,14.1,7.3,98.4
2026-09-15T05:30,0.54,41.0,,943.3,71.8,7.5,98.3
2026-09-15T06:00,0.55,35.0,0.0,943.2,170.5,9.7,95.3
2026-09-15T06:15,0.54,37.0,,943.1,214.5,10.7,89.8
2026-09-15T06:30,0.53,38.0,,943.1,256.0,11.7,83.8
2026-09-15T07:00,0.54,37.0,0.0,943.0,344.3,13.3,82.6
2026-09-15T07:15,0.53,36.0,,943.0,391.0,13.7,82.0
2026-09-15T07:30,0.53,36.0,,942.9,434.9,14.3,75.8
2026-09-15T08:00,0.52,38.0,0.0,942.8,511.2,15.4,69.8
2026-09-15T08:15,0.52,33.0,,942.7,543.1,15.8,64.6
2026-09-15T08:30,0.53,36.0,,942.6,573.1,16.2,64.1
2026-09-15T09:00,0.54,34.0,0.0,942.4,630.7,16.7,62.3
2026-09-15T09:15,0.54,35.0,,936.5,654.0,17.2,59.3
2026-09-15T09:30,0.56,36.0,,936.3,673.4,17.6,56.8
2026-09-15T10:00,0.53,35.0,0.0,941.5,703.5,18.6,56.2
2026-09-15T10:15,0.53,37.0,,941.5,714.8,18.7,57.5
2026-09-15T10:30,0.52,37.0,,941.3,722.2,19.0,57.2
2026-09-15T11:00,0.54,36.0,0.0,940.9,727.9,19.4,54.7
2026-09-15T11:15,0.54,36.0,,940.7,727.4,19.7,52.8
2026-09-15T11:30,0.54,36.0,,940.4,720.4,20.1,50.8
2026-09-15T12:00,0.52,36.0,0.0,939.9,696.2,20.7,50.4
2026-09-15T12:15,0.54,36.0,,939.7,679.8,21.0,49.4
2026-09-15T12:30,0.54,37.0,,939.5,659.3,21.3,49.7
2026-09-15T13:00,0.51,38.0,0.0,933.6,612.5,21.8,49.3
2026-09-15T13:15,0.53,37.0,,939.0,585.8,21.6,51.3
2026-09-15T13:30,0.54,38.0,,938.9,556.6,21.8,50.5
2026-09-15T14:00,0.56,37.0,0.0,938.7,490.2,22.0,51.3
2026-09-15T14:15,0.5,38.0,,938.5,453.7,22.1,51.6
2026-09-15T14:30,0.56,39.0,,938.5,412.8,22.1,51.3
2026-09-15T15:00,0.49,40.0,0.0,938.2,44.9,22.4,52.7
2026-09-15T15:15,0.52,40.0,,938.3,79.9,22.2,52.1
2026-09-15T15:30,0.54,40.0,,938.2,40.8,21.7,53.3
2026-09-15T16:00,0.52,41.0,0.0,938.4,90.3,20.9,54.9
2026-09-15T16:15,0.54,39.0,,938.4,31.7,20.6,56.7
2026-09-15T16:30,0.54,40.0,,938.4,54.7,20.3,57.4
2026-09-15T17:00,0.53,42.0,0.0,938.5,7.8,18.4,67.1
2026-09-15T17:15,0.53,42.0,,938.5,0.0,17.8,71.5
2026-09-15T17:30,0.53,40.0,,938.6,0.0,16.6,78.9
2026-09-15T18:00,0.51,41.0,0.0,938.9,0.0,15.4,85.3
2026-09-15T18:15,0.52,43.0,,939.0,0.0,15.0,86.7
2026-09-15T18:30,0.53,42.0,,939.1,0.0,14.9,87.0
2026-09-15T19:00,0.53,39.0,0.0,939.1,0.0,14.4,88.8
2026-09-15T19:15,0.53,41.0,,939.1,0.0,14.2,89.5
2026-09-15T19:30,0.53,42.0,,939.2,0.0,14.1,89.3
2026-09-15T20:00,0.52,42.0,0.0,939.4,0.0,13.8,89.8
2026-09-15T20:15,0.52,42.0,,939.4,0.0,13.3,92.0
2026-09-15T20:30,0.54,41.0,,939.3,0.0,13.3,91.4
2026-09-15T21:00,0.52,43.0,0.0,939.3,0.0,12.7,93.6
2026-09-15T21:15,0.53,44.0,,939.4,0.0,12.4,93.9
2026-09-15T21:30,0.53,44.0,,939.4,0.0,12.2,95.0
2026-09-15T22:00,0.54,42.0,0.0,939.3,0.0,11.9,95.3
2026-09-15T22:15,0.53,39.0,,939.2,0.0,11.7,95.3
2026-09-15T22:30,0.53,34.0,,939.2,0.0,11.6,95.6
2026-09-15T23:00,,,0.0,,,,
2026-09-15T23:15,0.5,40.0,,939.0,0.0,11.1,96.1
2026-09-15T23:30,0.53,41.0,,938.9,0.0,10.8,96.2
2026-09-16T00:00,0.53,30.0,0.0,938.7,0.0,10.5,96.9
2026-09-16T00:15,0.53,26.0,,938.6,0.0,10.4,96.8
2026-09-16T00:30,0.52,25.0,,938.5,0.0,10.2,97.1
2026-09-16T01:00,0.53,26.0,0.0,938.4,0.0,10.1,97.1
2026-09-16T01:15,0.53,41.0,,938.3,0.0,9.9,97.0
2026-09-16T01:30,0.52,41.0,,938.2,0.0,9.7,97.1
2026-09-16T02:00,0.53,29.0,0.0,938.0,0.0,9.6,97.2
2026-09-16T02:15,0.53,28.0,,937.9,0.0,9.4,97.2
2026-09-16T02:30,0.53,28.0,,937.8,0.0,9.3,97.4
2026-09-16T03:00,0.52,32.0,0.0,937.6,0.0,9.1,97.4
2026-09-16T03:15,0.53,31.0,,937.5,0.0,9.0,97.5
2026-09-16T03:30,0.52,33.0,,937.4,0.0,8.9,97.6
2026-09-16T04:00,0.52,36.0,0.0,937.2,0.0,8.8,97.9
2026-09-16T04:15,0.52,38.0,,937.1,0.0,8.8,97.9
2026-09-16T04:30,0.51,39.0,,937.0,0.0,8.8,97.9
2026-09-16T05:00,0.52,44.0,0.0,936.9,8.4,8.6,98.0
2026-09-16T05:15,0.53,45.0,,937.1,16.1,8.7,98.2
2026-09-16T05:30,0.52,45.0,,937.2,71.3,8.9,98.2
2026-09-16T06:00,0.52,43.0,0.0,937.1,167.8,10.7,95.4
2026-09-16T06:15,0.52,43.0,,937.0,211.8,11.9,89.1
2026-09-16T06:30,0.49,42.0,,937.1,249.5,12.9,85.2
2026-09-16T07:00,0.53,40.0,0.0,937.0,336.5,14.9,81.2
2026-09-16T07:15,0.52,36.0,,937.0,377.0,15.6,79.1
2026-09-16T07:30,0.52,38.0,,937.0,412.8,16.2,79.3
2026-09-16T08:00,0.53,36.0,0.0,936.8,485.5,17.6,73.5
2026-09-16T08:15,0.54,34.0,,936.8,517.2,17.9,74.0
2026-09-16T08:30,0.52,33.0,,936.6,547.8,19.3,71.6
2026-09-16T09:00,0.54,34.0,0.0,936.4,610.2,20.6,64.7
2026-09-16T09:15,0.53,35.0,,936.2,633.0,20.6,63.6
2026-09-16T09:30,0.54,34.0,,936.0,654.6,20.7,63.2
2026-09-16T10:00,0.52,35.0,0.0,935.7,684.5,21.4,62.8
2026-09-16T10:15,0.52,36.0,,935.4,692.5,21.6,62.0
2026-09-16T10:30,0.54,35.0,,935.2,701.4,22.5,58.8
2026-09-16T11:00,0.53,34.0,0.0,934.9,708.1,23.4,57.0
2026-09-16T11:15,0.53,34.0,,934.8,705.7,23.8,53.3
2026-09-16T11:30,0.53,35.0,,934.7,697.5,23.9,54.6
2026-09-16T12:00,0.53,35.0,0.0,934.4,660.9,24.8,40.7
2026-09-16T12:15,0.53,36.0,,934.3,650.5,25.3,39.4
2026-09-16T12:30,0.53,31.0,,934.1,633.3,25.2,36.5
2026-09-16T13:00,0.53,35.0,0.0,933.8,595.6,25.6,38.1
2026-09-16T13:15,0.54,35.0,,933.7,571.2,25.5,39.3
2026-09-16T13:30,0.5,34.0,,933.6,539.1,25.4,39.0
2026-09-16T14:00,0.55,36.0,0.0,933.4,427.2,25.2,39.5
2026-09-16T14:15,0.52,38.0,,933.3,310.3,25.6,39.6
2026-09-16T14:30,0.5,35.0,,933.2,253.2,25.4,42.7
2026-09-16T15:00,0.53,40.0,0.0,933.1,186.3,25.0,40.3
2026-09-16T15:15,0.53,41.0,,933.1,99.4,24.6,42.2
2026-09-16T15:30,0.51,40.0,,933.1,68.5,24.2,44.2
2026-09-16T16:00,0.52,38.0,0.0,933.1,59.1,23.3,47.5
2026-09-16T16:15,0.52,35.0,,933.2,29.0,22.9,50.2
2026-09-16T16:30,0.53,33.0,,933.1,34.1,22.1,52.3
2026-09-16T17:00,0.49,40.0,0.0,933.2,7.2,19.2,66.8
2026-09-16T17:15,0.52,38.0,,933.2,0.0,20.5,59.3
2026-09-16T17:30,0.55,40.0,,933.2,0.0,19.3,66.0
2026-09-16T18:00,0.53,41.0,0.0,933.4,0.0,17.7,73.0
2026-09-16T18:15,0.53,42.0,,933.5,0.0,17.7,71.7
2026-09-16T18:30,0.5,43.0,,933.6,0.0,16.8,76.1
2026-09-16T19:00,0.53,42.0,0.0,933.9,0.0,16.2,78.5
2026-09-16T19:15,0.54,41.0,,933.9,0.0,16.2,77.9
2026-09-16T19:30,0.53,41.0,,933.9,0.0,15.9,79.0
2026-09-16T20:00,0.51,40.0,0.0,928.8,0.0,15.8,78.6
2026-09-16T20:15,0.52,43.0,,934.6,0.0,15.5,79.4
2026-09-16T20:30,0.52,40.0,,929.1,0.0,15.1,81.0
2026-09-16T21:00,0.52,44.0,0.0,934.5,0.0,14.5,82.5
2026-09-16T21:15,0.52,41.0,,934.5,0.0,14.6,82.2
2026-09-16T21:30,0.54,42.0,,934.5,0.0,14.5,83.1
2026-09-16T22:00,0.53,44.0,0.0,934.4,0.0,14.1,84.9
2026-09-16T22:15,0.51,44.0,,934.5,0.0,13.1,89.4
2026-09-16T22:30,0.52,43.0,,934.4,0.0,12.7,91.0
2026-09-16T23:00,,,0.0,,,,
2026-09-16T23:15,0.52,41.0,,934.4,0.0,11.8,93.9
2026-09-16T23:30,0.52,40.0,,934.4,0.0,11.8,94.4
2026-09-17T00:00,0.52,39.0,0.0,934.3,0.0,11.4,95.2
2026-09-17T00:15,0.52,39.0,,934.4,0.0,11.2,95.1
2026-09-17T00:30,0.52,40.0,,934.3,0.0,11.0,95.2
2026-09-17T01:00,0.51,41.0,0.0,934.2,0.0,10.7,95.8
2026-09-17T01:15,0.52,41.0,,934.1,0.0,10.8,96.2
2026-09-17T01:30,0.52,41.0,,934.0,0.0,11.1,96.2
2026-09-17T02:00,0.52,40.0,0.0,934.2,0.0,10.8,96.3
2026-09-17T02:15,0.51,40.0,,934.1,0.0,11.1,96.0
2026-09-17T02:30,0.51,39.0,,934.3,0.0,11.0,95.9
2026-09-17T03:00,0.52,40.0,0.0,934.3,0.0,11.1,95.1
2026-09-17T03:15,0.52,40.0,,934.2,0.0,11.0,95.4
2026-09-17T03:30,0.52,40.0,,928.4,0.0,11.2,95.4
2026-09-17T04:00,0.52,40.0,0.0,934.3,0.0,11.2,95.8
2026-09-17T04:15,0.52,40.0,,934.5,0.0,11.5,95.2
2026-09-17T04:30,0.51,41.0,,934.6,0.0,11.4,95.5
2026-09-17T05:00,0.52,41.0,0.6,934.9,0.0,11.9,96.0
2026-09-17T05:15,0.52,35.0,,935.3,0.0,11.9,96.1
2026-09-17T05:30,0.52,40.0,,935.6,0.0,12.1,96.6
2026-09-17T06:00,0.53,39.0,4.8,935.2,6.7,12.1,97.3
2026-09-17T06:15,0.55,45.0,,935.3,7.9,12.2,97.0
2026-09-17T06:30,0.54,42.0,,935.3,8.8,12.3,97.4
2026-09-17T07:00,0.53,41.0,1.2,935.6,19.5,12.5,96.0
2026-09-17T07:15,0.53,42.0,,935.4,29.6,12.5,96.5
2026-09-17T07:30,0.53,44.0,,935.5,40.2,12.7,95.2
2026-09-17T08:00,0.54,41.0,0.2,935.7,38.5,12.9,94.0
2026-09-17T08:15,0.52,42.0,,935.8,58.4,12.9,94.4
2026-09-17T08:30,0.54,40.0,,936.2,32.8,12.8,94.3
2026-09-17T09:00,0.54,38.0,0.0,930.9,27.6,13.0,95.2
2026-09-17T09:15,0.53,39.0,,936.2,55.2,13.0,94.9
2026-09-17T09:30,0.53,42.0,,936.3,42.9,13.4,92.4
2026-09-17T09:45,0.52,40.0,,936.1,47.4,13.4,91.5
2026-09-17T10:00,,,0.0,,,,
2026-09-17T10:15,0.52,43.0,,935.9,64.1,13.5,90.4
2026-09-17T10:30,0.52,43.0,,935.8,55.5,13.7,89.1
2026-09-17T11:00,0.53,39.0,0.0,936.4,65.9,13.2,88.2
2026-09-17T11:15,0.54,39.0,,936.6,94.5,13.5,82.9
2026-09-17T11:30,0.52,38.0,,936.3,66.0,13.5,84.7
2026-09-17T12:00,0.52,37.0,0.0,936.6,72.1,13.4,85.6
2026-09-17T12:15,0.52,40.0,,936.4,163.5,13.5,87.6
2026-09-17T12:30,0.52,41.0,,936.5,110.8,13.4,87.3
2026-09-17T13:00,0.53,38.0,0.0,936.0,123.0,13.1,91.6
2026-09-17T13:15,0.52,37.0,,936.0,146.4,13.1,91.7
2026-09-17T13:30,0.52,39.0,,930.4,58.4,13.4,88.3
2026-09-17T14:00,0.52,39.0,0.0,936.3,70.7,13.1,92.0
2026-09-17T14:15,0.51,40.0,,936.3,120.6,13.0,92.6
2026-09-17T14:30,0.53,38.0,,936.3,74.7,13.1,90.4
2026-09-17T15:00,0.53,38.0,0.0,936.2,119.6,13.3,88.0
2026-09-17T15:15,0.51,39.0,,935.9,97.5,13.5,87.4
2026-09-17T15:30,0.51,44.0,,935.8,48.3,13.4,87.4
2026-09-17T16:00,0.51,41.0,0.0,935.8,50.1,13.3,85.9
2026-09-17T16:15,0.52,40.0,,935.9,29.5,13.2,86.3
2026-09-17T16:30,0.53,36.0,,935.9,29.8,13.1,87.1
2026-09-17T17:00,0.53,42.0,0.0,935.8,6.2,13.0,87.4
2026-09-17T17:15,0.53,42.0,,935.7,0.0,12.8,89.4
2026-09-17T17:30,0.52,41.0,,935.7,0.0,12.8,89.6
2026-09-17T18:00,0.52,44.0,0.0,935.8,0.0,12.7,89.1
2026-09-17T18:15,0.51,42.0,,935.9,0.0,12.7,89.9
2026-09-17T18:30,0.53,41.0,,936.1,0.0,12.5,91.3
2026-09-17T19:00,0.52,38.0,0.0,936.1,0.0,12.7,91.8
2026-09-17T19:15,0.51,40.0,,935.9,0.0,12.5,92.2
2026-09-17T19:30,0.51,40.0,,936.0,0.0,12.4,92.8
2026-09-17T20:00,0.52,40.0,0.0,936.2,0.0,12.3,93.4
2026-09-17T20:15,0.51,41.0,,936.1,0.0,12.3,93.1
2026-09-17T20:30,0.52,42.0,,936.2,0.0,12.3,93.3
2026-09-17T21:00,0.51,41.0,0.0,936.1,0.0,12.2,92.8
2026-09-17T21:15,0.52,43.0,,936.1,0.0,12.3,92.7
2026-09-17T21:30,0.52,46.0,,936.1,0.0,12.2,92.8
2026-09-17T22:00,0.51,43.0,0.0,935.9,0.0,12.3,93.5
2026-09-17T22:15,0.52,40.0,,935.8,0.0,12.2,93.9
2026-09-17T22:30,0.52,39.0,,930.2,0.0,12.1,93.9
2026-09-17T23:00,,,0.0,,,,
2026-09-17T23:15,0.52,39.0,,935.7,0.0,12.2,93.8
2026-09-17T23:30,0.52,41.0,,935.7,0.0,12.3,94.1
2026-09-18T00:00,0.51,41.0,0.0,935.6,0.0,12.2,94.8
2026-09-18T00:15,0.52,38.0,,935.4,0.0,12.3,94.6
2026-09-18T00:30,0.51,40.0,,935.4,0.0,12.2,94.7
2026-09-18T01:00,0.53,42.0,0.0,935.3,0.0,12.1,94.8
2026-09-18T01:15,0.52,40.0,,935.2,0.0,12.1,95.0
2026-09-18T01:30,0.5,36.0,,935.2,0.0,12.2,95.1
2026-09-18T02:00,0.53,39.0,0.0,935.1,0.0,12.2,94.9
2026-09-18T02:15,0.52,37.0,,935.0,0.0,12.3,94.6
2026-09-18T02:30,0.52,39.0,,934.9,0.0,12.1,95.3
2026-09-18T03:00,0.52,37.0,0.0,935.0,0.0,12.1,95.8
2026-09-18T03:15,0.51,39.0,,935.0,0.0,12.0,95.0
2026-09-18T03:30,0.53,40.0,,935.0,0.0,12.0,94.3
2026-09-18T04:00,0.52,36.0,0.0,935.0,0.0,12.0,94.1
2026-09-18T04:15,0.52,39.0,,935.2,0.0,11.9,93.9
2026-09-18T04:30,0.5,35.0,,935.3,0.0,12.0,93.5
2026-09-18T05:00,0.51,45.0,0.0,935.5,4.5,12.0,93.0
2026-09-18T05:15,0.51,43.0,,935.5,10.1,12.0,93.2
2026-09-18T05:30,0.53,40.0,,935.6,16.2,12.1,93.4
2026-09-18T06:00,0.47,40.0,0.0,930.2,30.0,12.2,93.1
2026-09-18T06:15,0.48,42.0,,935.8,56.8,12.4,92.9
2026-09-18T06:30,0.51,39.0,,935.9,64.4,12.6,91.6
2026-09-18T07:00,0.51,40.0,0.0,936.2,100.0,12.9,90.6
2026-09-18T07:15,0.52,38.0,,936.3,103.6,12.9,90.3
2026-09-18T07:30,0.51,37.0,,936.4,150.6,13.0,89.4
2026-09-18T08:00,0.52,37.0,0.0,936.6,182.1,13.3,87.7
2026-09-18T08:15,0.51,35.0,,936.6,259.0,14.0,84.7
2026-09-18T08:30,0.51,36.0,,936.7,306.2,14.5,79.4
2026-09-18T09:00,0.52,37.0,0.0,936.8,399.6,14.8,75.4
2026-09-18T09:15,0.52,36.0,,936.8,382.4,15.5,71.6
2026-09-18T09:30,0.52,35.0,,936.8,538.6,15.7,69.0
2026-09-18T10:00,0.52,36.0,0.0,936.7,468.6,16.5,66.5
2026-09-18T10:15,0.51,36.0,,936.7,404.9,16.1,68.1
2026-09-18T10:30,0.52,34.0,,936.5,801.2,17.1,65.8
2026-09-18T11:00,0.51,36.0,0.0,936.2,486.0,17.2,66.5
2026-09-18T11:15,0.53,34.0,,936.1,728.7,17.9,64.9
2026-09-18T11:30,0.52,34.0,,936.1,719.2,17.9,64.5
2026-09-18T12:00,0.52,36.0,0.0,936.0,724.2,18.3,62.7
2026-09-18T12:15,0.51,36.0,,935.9,676.4,18.4,62.4
2026-09-18T12:30,0.52,37.0,,935.7,658.0,19.1,61.3
2026-09-18T13:00,0.51,38.0,0.0,935.5,197.9,18.9,63.8
2026-09-18T13:15,0.52,37.0,,935.4,618.3,18.9,64.3
2026-09-18T13:30,0.53,35.0,,935.3,533.2,19.3,62.7
2026-09-18T14:00,0.51,36.0,0.0,935.1,222.3,19.3,62.1
2026-09-18T14:15,0.51,36.0,,935.2,419.5,19.2,62.6
2026-09-18T14:30,0.57,36.0,,935.1,493.8,19.1,61.9
2026-09-18T15:00,0.49,37.0,0.0,935.2,101.4,18.5,66.1
2026-09-18T15:15,0.48,36.0,,935.4,106.5,18.4,64.9
2026-09-18T15:30,0.52,37.0,,935.5,84.2,18.2,64.6
2026-09-18T16:00,0.51,37.0,0.0,935.7,69.5,18.1,68.2
2026-09-18T16:15,0.5,36.0,,935.8,44.1,17.7,71.2
2026-09-18T16:30,0.51,35.0,,935.9,22.6,17.4,76.6
2026-09-18T17:00,0.52,47.0,0.0,936.2,0.0,16.5,80.8
2026-09-18T17:15,0.52,47.0,,936.3,0.0,16.0,83.2
2026-09-18T17:30,0.52,46.0,,936.3,0.0,15.7,85.3
2026-09-18T18:00,0.51,38.0,0.0,936.7,0.0,14.9,88.0
2026-09-18T18:15,0.52,43.0,,936.9,0.0,14.9,90.0
2026-09-18T18:30,0.51,42.0,,937.5,0.0,14.8,90.4
2026-09-18T19:00,0.55,40.0,8.8,938.2,0.0,12.2,95.2
2026-09-18T19:15,0.56,37.0,,938.3,0.0,12.2,95.9
2026-09-18T19:30,0.56,39.0,,938.6,0.0,12.3,96.4
2026-09-18T20:00,0.51,37.0,1.0,938.7,0.0,12.2,97.1
2026-09-18T20:30,0.55,38.0,,938.9,0.0,12.3,97.5
2026-09-18T20:45,0.54,38.0,,939.0,0.0,12.3,97.8
2026-09-18T21:00,0.55,41.0,1.6,939.3,0.0,12.4,97.9
2026-09-18T21:30,0.53,40.0,,939.4,0.0,12.1,97.9
2026-09-18T21:45,0.54,42.0,,939.5,0.0,12.1,98.1
2026-09-18T22:00,0.53,42.0,0.0,939.5,0.0,12.1,98.2
2026-09-18T23:00,,,2.3,,,,
2026-09-18T23:15,0.53,41.0,,940.0,0.0,12.2,98.4
2026-09-18T23:30,0.54,38.0,,939.9,0.0,12.2,98.4
2026-09-19T00:00,0.52,46.0,1.8,940.0,0.0,12.2,98.4
2026-09-19T00:15,0.53,45.0,,940.1,0.0,12.2,98.5
2026-09-19T00:30,0.53,41.0,,940.0,0.0,12.5,98.6
2026-09-19T01:00,0.53,40.0,0.0,939.8,0.0,11.9,98.4
2026-09-19T01:15,0.53,42.0,,934.3,0.0,11.8,98.4
2026-09-19T01:30,0.52,41.0,,940.0,0.0,11.7,98.5
2026-09-19T01:45,0.52,43.0,,940.1,0.0,11.8,98.6
2026-09-19T02:00,,,0.0,,,,
2026-09-19T02:15,0.53,44.0,,940.4,0.0,11.9,98.7
2026-09-19T02:30,0.52,45.0,,934.8,0.0,11.9,98.7
2026-09-19T03:00,0.53,44.0,0.0,940.6,0.0,11.8,98.8
2026-09-19T03:15,0.52,43.0,,940.8,0.0,11.9,98.9
2026-09-19T03:30,0.52,42.0,,940.8,0.0,11.8,98.9
2026-09-19T04:00,0.5,42.0,0.2,941.2,0.0,11.9,99.0
2026-09-19T04:15,0.52,42.0,,941.3,0.0,11.9,99.0
2026-09-19T04:30,0.55,42.0,,941.2,0.0,12.0,99.0
2026-09-19T04:45,0.5,41.0,,941.4,0.0,11.9,99.0
2026-09-19T05:00,0.51,41.0,0.0,941.4,6.9,12.0,98.9
2026-09-19T05:15,0.53,42.0,,941.5,15.9,12.0,98.9
2026-09-19T05:30,0.52,42.0,,941.6,33.2,12.1,98.9
2026-09-19T06:00,0.52,42.0,0.0,941.9,78.1,12.6,98.7
2026-09-19T06:15,0.52,42.0,,941.8,97.5,12.6,98.4
2026-09-19T06:30,0.51,41.0,,941.9,281.3,13.4,97.8
2026-09-19T06:45,0.51,37.0,,942.0,109.3,13.7,93.5
2026-09-19T07:00,,,0.0,,,,
2026-09-19T07:15,0.47,32.0,,942.3,176.7,14.0,92.4
2026-09-19T07:30,0.5,35.0,,942.5,231.9,14.2,91.9
2026-09-19T08:00,0.52,36.0,0.0,942.8,241.0,14.3,92.1
2026-09-19T08:15,0.51,39.0,,942.9,249.4,14.4,91.6
2026-09-19T08:30,0.52,41.0,,943.1,241.7,14.5,92.9
2026-09-19T09:00,0.53,46.0,0.0,943.4,226.5,14.8,90.3
2026-09-19T09:15,0.52,46.0,,943.4,286.9,15.3,88.1
2026-09-19T09:30,0.51,41.0,,943.5,289.9,15.4,86.5
2026-09-19T10:00,0.51,39.0,0.0,943.4,322.0,16.0,85.5
2026-09-19T10:15,0.5,42.0,,943.4,415.9,16.2,83.0
2026-09-19T10:30,0.51,39.0,,943.3,361.1,16.7,80.6
2026-09-19T10:45,0.5,37.0,,943.4,588.7,17.0,76.3
2026-09-19T11:00,0.51,37.0,0.0,943.3,890.5,17.6,74.2
2026-09-19T11:15,0.51,36.0,,943.2,772.5,17.5,75.3
2026-09-19T11:30,0.52,37.0,,943.1,863.6,18.1,71.7
2026-09-19T12:00,0.51,38.0,0.0,943.0,646.8,18.4,68.9
2026-09-19T12:15,0.5,39.0,,942.9,670.0,18.6,69.9
2026-09-19T12:30,0.51,37.0,,942.7,639.6,18.7,69.4
2026-09-19T13:00,0.51,38.0,0.0,942.4,600.9,19.2,70.0
2026-09-19T13:15,0.52,39.0,,942.3,560.6,19.5,69.5
2026-09-19T13:30,0.51,37.0,,942.2,533.2,19.5,68.4
2026-09-19T14:00,0.51,39.0,0.0,942.1,468.8,19.2,69.7
2026-09-19T14:15,0.49,38.0,,942.1,431.9,19.5,67.4
2026-09-19T14:30,0.51,37.0,,942.0,322.0,19.6,68.5
2026-09-19T15:00,0.51,40.0,0.0,942.0,192.7,19.3,66.5
2026-09-19T15:15,0.52,42.0,,942.0,124.4,19.4,65.9
2026-09-19T15:30,0.52,43.0,,942.1,94.8,19.2,68.2
2026-09-19T16:00,0.52,37.0,0.0,942.2,37.2,18.8,70.8
2026-09-19T16:15,0.51,38.0,,942.3,23.6,17.7,77.8
2026-09-19T16:30,0.52,35.0,,942.4,37.4,17.1,78.5
2026-09-19T17:00,0.53,38.0,0.0,942.6,0.0,15.7,84.0
2026-09-19T17:15,0.51,41.0,,942.6,0.0,15.3,86.5
2026-09-19T17:30,0.51,41.0,,942.8,0.0,14.7,89.3
2026-09-19T18:00,0.5,40.0,0.0,943.1,0.0,14.0,92.3
2026-09-19T18:15,0.51,38.0,,943.3,0.0,13.8,93.0
2026-09-19T18:30,0.53,35.0,,943.5,0.0,13.6,93.1
2026-09-19T19:00,0.52,40.0,0.0,943.9,0.0,13.2,94.2
2026-09-19T19:15,0.52,37.0,,943.9,0.0,12.9,94.6
2026-09-19T19:30,0.51,35.0,,944.1,0.0,12.6,95.5
2026-09-19T20:00,0.51,35.0,0.0,944.2,0.0,12.2,96.2
2026-09-19T20:15,0.52,36.0,,944.2,0.0,12.0,96.3
2026-09-19T20:30,0.52,37.0,,944.4,0.0,11.6,96.5
2026-09-19T21:00,0.51,41.0,0.0,944.6,0.0,11.4,96.9
2026-09-19T21:15,0.5,42.0,,944.5,0.0,11.1,97.0
2026-09-19T21:30,0.52,42.0,,944.5,0.0,11.1,97.1
2026-09-19T22:00,0.52,41.0,0.0,944.7,0.0,10.7,97.3
2026-09-19T22:15,0.51,41.0,,944.5,0.0,10.6,97.5
2026-09-19T22:30,0.51,41.0,,944.6,0.0,10.4,97.4
2026-09-19T23:00,,,0.0,,,,
2026-09-19T23:15,0.49,41.0,,944.6,0.0,10.1,97.9
2026-09-19T23:30,0.51,41.0,,944.6,0.0,10.0,97.7
2026-09-20T00:00,0.51,48.0,0.0,944.7,0.0,9.8,97.6
2026-09-20T00:15,0.51,49.0,,944.7,0.0,9.7,97.8
2026-09-20T00:30,0.51,47.0,,944.6,0.0,9.5,97.8
2026-09-20T01:00,0.52,47.0,0.0,944.7,0.0,9.5,97.9
2026-09-20T01:15,0.51,46.0,,944.6,0.0,9.4,97.9
2026-09-20T01:30,0.51,49.0,,944.7,0.0,9.3,97.8
2026-09-20T02:00,0.51,49.0,0.0,944.6,0.0,9.1,98.0
2026-09-20T02:15,0.52,50.0,,944.6,0.0,9.2,98.1
2026-09-20T02:30,0.51,48.0,,944.7,0.0,9.2,98.2
2026-09-20T03:00,0.5,47.0,0.0,944.8,0.0,9.0,98.6
2026-09-20T03:15,0.5,47.0,,944.9,0.0,8.9,98.6
2026-09-20T03:30,0.49,45.0,,944.9,0.0,8.9,98.7
2026-09-20T04:00,0.51,36.0,0.0,944.8,0.0,8.8,98.9
2026-09-20T04:15,0.51,35.0,,944.7,0.0,8.7,98.9
2026-09-20T04:30,0.52,35.0,,944.6,0.0,8.8,99.0
2026-09-20T05:00,0.51,43.0,0.0,944.7,5.2,8.7,99.0
2026-09-20T05:15,0.52,46.0,,944.8,11.9,8.8,99.1
2026-09-20T05:30,0.5,43.0,,944.8,42.7,8.9,99.2
2026-09-20T06:00,0.51,41.0,0.0,944.8,78.7,9.5,99.2
2026-09-20T06:15,0.51,38.0,,944.6,200.7,10.0,99.1
2026-09-20T06:30,0.5,33.0,,944.8,253.7,11.0,98.7
2026-09-20T07:00,0.51,37.0,0.0,945.0,225.4,12.9,90.0
2026-09-20T07:15,0.5,38.0,,944.9,361.2,13.0,87.8
2026-09-20T07:30,0.51,41.0,,945.0,329.6,14.3,85.3
2026-09-20T08:00,0.51,40.0,0.0,939.4,507.0,15.7,79.1
2026-09-20T08:15,0.51,37.0,,945.0,459.0,16.1,77.7
2026-09-20T08:30,0.52,40.0,,945.1,447.3,16.4,75.4
2026-09-20T09:00,0.49,39.0,0.0,944.9,420.0,17.1,72.2
2026-09-20T09:15,0.52,39.0,,944.9,526.3,17.1,71.7
2026-09-20T09:30,0.51,38.0,,944.8,558.1,17.5,70.9
2026-09-20T10:00,0.5,39.0,0.0,944.5,517.5,18.3,69.2
2026-09-20T10:15,0.51,38.0,,944.3,684.2,18.6,66.5
2026-09-20T10:30,0.51,38.0,,944.1,706.0,19.1,67.4
2026-09-20T11:00,0.5,37.0,0.0,944.0,697.4,19.7,64.5
2026-09-20T11:15,0.52,37.0,,943.8,698.9,20.2,65.7
2026-09-20T11:30,0.51,38.0,,943.6,648.5,20.2,65.6
2026-09-20T12:00,0.51,36.0,0.0,943.1,612.0,20.9,62.1
2026-09-20T12:15,0.51,38.0,,942.9,645.4,21.1,60.6
2026-09-20T12:30,0.5,38.0,,942.8,629.6,21.4,58.5
2026-09-20T13:00,0.5,36.0,0.0,942.6,580.7,22.0,59.3
2026-09-20T13:15,0.5,34.0,,942.4,501.7,22.4,57.5
2026-09-20T13:30,0.53,35.0,,942.3,455.7,22.2,57.0
2026-09-20T14:00,0.51,37.0,0.0,942.0,347.0,22.7,56.7
2026-09-20T14:15,0.51,38.0,,941.8,322.4,22.2,58.1
2026-09-20T14:30,0.51,40.0,,941.6,209.4,21.9,61.8
2026-09-20T15:00,0.51,41.0,0.0,941.5,151.1,22.7,52.6
2026-09-20T15:15,0.51,37.0,,941.5,58.8,23.0,56.2
2026-09-20T15:30,0.5,36.0,,941.6,79.8,22.2,54.9
2026-09-20T16:00,0.51,40.0,0.0,941.6,49.3,20.3,71.3
2026-09-20T16:15,0.52,44.0,,941.6,26.5,19.4,73.8
2026-09-20T16:30,0.52,38.0,,941.8,19.1,18.1,81.4
2026-09-20T17:00,0.51,40.0,0.0,942.0,3.4,17.0,86.0
2026-09-20T17:15,0.52,42.0,,941.9,0.0,16.4,88.7
2026-09-20T17:30,0.51,38.0,,942.1,0.0,16.1,89.8
2026-09-20T18:00,0.51,38.0,0.0,942.2,0.0,15.3,92.2
2026-09-20T18:15,0.51,39.0,,942.4,0.0,15.1,92.5
2026-09-20T18:30,0.52,42.0,,942.4,0.0,15.0,93.1
2026-09-20T19:00,0.51,46.0,0.0,936.8,0.0,14.8,93.4
2026-09-20T19:15,0.51,47.0,,942.3,0.0,14.7,93.5
2026-09-20T19:30,0.51,48.0,,942.3,0.0,14.6,93.8
2026-09-20T20:00,0.52,48.0,0.0,942.4,0.0,14.3,94.6
2026-09-20T20:15,0.52,48.0,,942.7,0.0,14.1,95.0
2026-09-20T20:30,0.51,48.0,,942.7,0.0,14.0,95.3
2026-09-20T21:00,0.5,47.0,0.0,942.7,0.0,13.6,95.5
2026-09-20T21:15,0.52,47.0,,943.0,0.0,13.6,96.3
2026-09-20T21:30,0.51,47.0,,943.1,0.0,13.4,96.5
2026-09-20T22:00,0.51,47.0,0.0,942.8,0.0,13.3,96.7
2026-09-20T22:15,0.51,47.0,,937.1,0.0,13.1,96.9
2026-09-20T22:30,0.5,47.0,,942.7,0.0,12.8,96.9
2026-09-20T23:00,,,0.0,,,,
2026-09-20T23:15,0.5,46.0,,942.3,0.0,12.3,97.4
2026-09-20T23:30,0.5,44.0,,942.6,0.0,12.1,97.5
2026-09-21T00:00,0.49,43.0,0.0,942.8,0.0,12.1,97.9
2026-09-21T00:15,0.51,41.0,,942.9,0.0,12.2,97.9
2026-09-21T00:30,0.51,39.0,,942.7,0.0,12.2,97.9
2026-09-21T01:00,0.51,40.0,0.0,942.5,0.0,11.6,97.8
2026-09-21T01:15,0.51,39.0,,942.3,0.0,11.6,98.0
2026-09-21T01:30,0.51,39.0,,942.2,0.0,11.3,98.0
2026-09-21T02:00,0.51,41.0,0.0,942.3,0.0,11.1,98.0
2026-09-21T02:15,0.5,39.0,,942.3,0.0,10.9,98.1
2026-09-21T02:30,0.5,39.0,,942.3,0.0,10.8,98.0
2026-09-21T03:00,0.5,44.0,0.0,942.4,0.0,10.5,98.0
2026-09-21T03:15,0.5,46.0,,942.5,0.0,10.3,98.1
2026-09-21T03:30,0.5,46.0,,942.5,0.0,10.1,98.2
2026-09-21T04:00,0.51,44.0,0.0,942.5,0.0,9.9,98.2
2026-09-21T04:15,0.51,43.0,,942.6,0.0,9.9,98.5
2026-09-21T04:30,0.51,43.0,,942.5,0.0,9.8,98.5
2026-09-21T05:00,0.5,42.0,0.0,942.6,5.0,9.7,98.4
2026-09-21T05:15,0.5,43.0,,942.7,18.4,9.6,98.3
2026-09-21T05:30,0.51,43.0,,942.7,30.5,9.8,98.3
2026-09-21T06:00,0.51,43.0,0.2,942.7,45.4,10.1,98.3
2026-09-21T06:15,0.5,43.0,,942.8,42.7,10.3,97.9
2026-09-21T06:30,0.5,43.0,,943.1,52.0,10.5,98.1
2026-09-21T07:00,0.5,43.0,0.0,943.2,79.3,11.0,97.9
2026-09-21T07:15,0.51,43.0,,943.4,79.7,11.4,97.3
2026-09-21T07:30,0.5,44.0,,943.3,84.5,11.7,96.5
2026-09-21T08:00,0.5,43.0,0.0,943.1,81.6,12.1,96.0
2026-09-21T08:15,0.5,43.0,,943.1,86.8,12.2,95.1
2026-09-21T08:30,0.5,43.0,,943.3,110.6,12.4,95.4
2026-09-21T09:00,0.52,41.0,0.0,943.5,154.4,13.3,93.8
2026-09-21T09:15,0.51,40.0,,943.4,143.3,13.6,93.3
2026-09-21T09:30,0.5,43.0,,943.1,405.3,15.0,87.2
2026-09-21T10:00,0.5,42.0,0.0,942.8,299.7,16.4,78.4
2026-09-21T10:15,0.51,39.0,,942.8,182.4,16.6,76.5
2026-09-21T10:30,0.51,38.0,,942.6,580.6,16.9,72.9
2026-09-21T11:00,0.52,36.0,0.0,942.1,440.8,18.0,66.2
2026-09-21T11:15,0.5,38.0,,941.9,580.8,18.3,64.2
2026-09-21T11:30,0.51,39.0,,941.7,531.3,18.5,63.5
2026-09-21T12:00,0.5,39.0,0.0,935.9,473.4,18.7,62.0
2026-09-21T12:15,0.5,40.0,,941.3,477.4,18.9,61.7
2026-09-21T12:30,0.48,41.0,,941.1,563.8,19.4,61.0
2026-09-21T13:00,0.45,39.0,0.0,940.7,509.8,20.0,56.9
2026-09-21T13:15,0.45,40.0,,934.8,469.8,20.2,57.3
2026-09-21T13:30,0.45,38.0,,940.3,458.4,20.2,58.3
2026-09-21T14:00,0.53,37.0,0.0,940.0,234.3,19.9,56.9
2026-09-21T14:15,0.52,40.0,,939.9,364.0,20.3,57.8
2026-09-21T14:30,0.51,40.0,,940.0,365.7,20.3,57.1
2026-09-21T15:00,0.51,40.0,0.0,939.9,137.8,20.6,53.4
2026-09-21T15:15,0.51,40.0,,940.0,128.6,20.1,57.3
2026-09-21T15:30,0.5,38.0,,940.1,110.0,19.3,58.3
2026-09-21T16:00,0.5,40.0,0.0,940.3,108.8,18.5,65.5
2026-09-21T16:15,0.51,39.0,,940.4,75.4,18.3,66.6
2026-09-21T16:30,0.5,40.0,,940.5,52.3,18.0,72.0
2026-09-21T17:00,0.5,40.0,0.0,940.6,0.0,16.4,79.8
2026-09-21T17:15,0.5,41.0,,940.8,0.0,15.3,83.8
2026-09-21T17:30,0.51,39.0,,941.0,0.0,14.5,86.9
2026-09-21T18:00,0.5,42.0,0.0,941.5,0.0,14.1,87.7
2026-09-21T18:15,0.5,41.0,,941.6,0.0,13.5,90.1
2026-09-21T18:30,0.5,40.0,,941.8,0.0,13.4,90.4
2026-09-21T19:00,0.52,36.0,0.0,942.0,0.0,12.9,90.8
2026-09-21T19:15,0.51,43.0,,942.1,0.0,13.4,87.7
2026-09-21T19:30,0.48,42.0,,942.2,0.0,13.1,88.3
2026-09-21T20:00,0.51,43.0,0.0,942.4,0.0,12.2,91.1
2026-09-21T20:15,0.51,43.0,,942.6,0.0,11.9,92.9
2026-09-21T20:30,0.5,41.0,,942.8,0.0,11.8,90.6
2026-09-21T21:00,0.51,43.0,0.0,942.9,0.0,11.3,91.7
2026-09-21T21:15,0.5,43.0,,942.9,0.0,10.6,93.4
2026-09-21T21:30,0.5,44.0,,943.0,0.0,10.4,94.6
2026-09-21T22:00,0.49,44.0,0.0,943.1,0.0,9.6,95.5
2026-09-21T22:15,0.51,43.0,,943.3,0.0,9.2,95.8
2026-09-21T22:30,0.51,45.0,,943.3,0.0,8.9,96.2
2026-09-21T23:00,,,0.0,,,,
2026-09-21T23:15,0.45,42.0,,943.4,0.0,7.9,96.3
2026-09-21T23:30,0.5,42.0,,943.3,0.0,7.7,96.6
2026-09-22T00:00,0.5,40.0,0.0,943.2,0.0,7.1,96.9
2026-09-22T00:15,0.51,36.0,,943.1,0.0,7.0,97.3
2026-09-22T00:30,0.5,36.0,,943.1,0.0,6.8,97.5
2026-09-22T01:00,0.5,38.0,0.0,943.1,0.0,6.4,97.6
2026-09-22T01:15,0.5,40.0,,943.0,0.0,6.3,97.7
2026-09-22T01:30,0.51,38.0,,942.9,0.0,6.0,97.8
2026-09-22T02:00,0.48,37.0,0.0,937.1,0.0,5.7,97.9
2026-09-22T02:15,0.5,38.0,,942.6,0.0,5.6,97.7
2026-09-22T02:30,0.48,49.0,,942.5,0.0,5.5,97.9
2026-09-22T03:00,0.5,36.0,0.0,942.5,0.0,5.1,97.9
2026-09-22T03:15,0.51,39.0,,942.5,0.0,5.1,98.1
2026-09-22T03:30,0.5,40.0,,942.4,0.0,5.0,98.1
2026-09-22T04:00,0.5,40.0,0.0,942.3,0.0,4.7,98.4
2026-09-22T04:15,0.5,41.0,,942.4,0.0,4.5,98.4
2026-09-22T04:30,0.5,39.0,,942.4,0.0,4.4,98.4
2026-09-22T05:00,0.5,40.0,0.0,942.7,3.8,4.3,98.3
2026-09-22T05:15,0.51,39.0,,942.7,11.2,4.2,98.5
2026-09-22T05:30,0.5,43.0,,942.7,18.6,4.2,98.6
2026-09-22T06:00,0.5,41.0,0.0,942.7,139.6,5.4,96.4
2026-09-22T06:15,0.51,38.0,,942.6,199.7,6.4,92.8
2026-09-22T06:30,0.48,38.0,,942.6,256.2,7.1,91.5
2026-09-22T07:00,0.5,39.0,0.0,942.5,339.0,8.1,86.9
2026-09-22T07:15,0.5,39.0,,942.5,374.7,9.0,84.9
2026-09-22T07:30,0.5,38.0,,942.5,416.3,10.2,76.0
2026-09-22T08:00,0.5,36.0,0.0,942.4,491.4,11.7,69.3
2026-09-22T08:15,0.51,37.0,,942.4,524.1,12.9,73.2
2026-09-22T08:30,0.5,36.0,,942.3,553.1,13.5,60.9
2026-09-22T09:00,0.51,35.0,0.0,942.2,616.8,15.1,49.6
2026-09-22T09:15,0.51,36.0,,942.1,644.2,16.0,46.5
2026-09-22T09:30,0.5,36.0,,942.1,663.2,16.1,37.7
2026-09-22T10:00,0.51,37.0,0.0,942.0,690.1,17.1,29.3
2026-09-22T10:15,0.53,39.0,,941.9,698.5,16.8,29.6
2026-09-22T10:30,0.5,38.0,,941.8,702.2,17.1,29.5
2026-09-22T11:00,0.5,38.0,0.0,941.6,705.9,17.0,28.2
2026-09-22T11:15,0.49,38.0,,941.4,705.0,17.2,30.3
2026-09-22T11:30,0.5,37.0,,941.3,698.5,17.4,30.1
2026-09-22T12:00,0.51,38.0,0.0,941.2,673.7,17.4,36.0
2026-09-22T12:15,0.51,37.0,,941.1,663.6,17.6,30.8
2026-09-22T12:30,0.5,38.0,,941.1,635.5,17.6,33.3
2026-09-22T13:00,0.5,38.0,0.0,940.8,589.0,17.8,33.4
2026-09-22T13:15,0.5,40.0,,940.8,562.6,17.8,32.9
2026-09-22T13:30,0.51,39.0,,940.8,533.2,17.7,34.0
2026-09-22T14:00,0.5,38.0,0.0,940.6,464.9,17.7,33.8
2026-09-22T14:15,0.51,39.0,,940.6,424.6,17.8,33.5
2026-09-22T14:30,0.51,38.0,,940.6,352.2,17.6,35.2
2026-09-22T15:00,0.5,42.0,0.0,940.6,56.1,17.0,33.5
2026-09-22T15:15,0.5,39.0,,940.6,108.2,16.9,34.0
2026-09-22T15:30,0.5,37.0,,940.7,68.0,16.7,34.5
2026-09-22T16:00,0.5,37.0,0.0,940.9,30.5,16.3,37.6
2026-09-22T16:15,0.5,37.0,,941.1,24.2,14.1,60.2
2026-09-22T16:30,0.49,34.0,,941.3,17.2,13.2,63.9
2026-09-22T17:00,0.5,36.0,0.0,941.7,0.0,11.4,72.6
2026-09-22T17:15,0.49,38.0,,942.0,0.0,10.7,75.8
2026-09-22T17:30,0.49,41.0,,942.1,0.0,9.8,79.2
2026-09-22T18:00,0.5,40.0,0.0,942.7,0.0,9.0,81.7
2026-09-22T18:15,0.49,39.0,,942.9,0.0,8.7,83.1
2026-09-22T18:30,0.51,39.0,,943.1,0.0,8.4,84.9
2026-09-22T19:00,0.49,40.0,0.0,943.5,0.0,7.6,85.0
2026-09-22T19:15,0.5,41.0,,943.6,0.0,7.1,87.3
2026-09-22T19:30,0.51,40.0,,943.8,0.0,6.8,89.2
2026-09-22T20:00,0.5,37.0,0.0,944.2,0.0,6.4,91.1
2026-09-22T20:15,0.5,37.0,,944.3,0.0,6.1,90.8
2026-09-22T20:30,0.5,42.0,,944.4,0.0,6.1,91.4
2026-09-22T21:00,0.5,43.0,0.0,944.5,0.0,5.6,92.8
2026-09-22T21:15,0.5,43.0,,944.7,0.0,5.5,92.3
2026-09-22T21:30,0.49,44.0,,944.8,0.0,5.4,92.7
2026-09-22T22:00,0.48,44.0,0.0,944.7,0.0,4.8,93.9
2026-09-22T22:15,0.5,45.0,,944.7,0.0,4.7,93.4
2026-09-22T22:30,0.5,44.0,,944.7,0.0,4.7,94.4
2026-09-22T23:00,,,0.0,,,,
2026-09-22T23:15,0.5,45.0,,944.8,0.0,4.3,94.6
2026-09-22T23:30,0.5,46.0,,944.9,0.0,4.1,94.5
2026-09-23T00:00,0.49,48.0,0.0,945.0,0.0,3.8,96.4
2026-09-23T00:15,0.51,47.0,,944.9,0.0,3.7,96.2
2026-09-23T00:30,0.5,47.0,,944.8,0.0,3.6,95.7
2026-09-23T01:00,0.5,47.0,0.0,944.6,0.0,3.4,96.0
2026-09-23T01:15,0.5,49.0,,944.5,0.0,3.2,96.3
2026-09-23T01:30,0.5,49.0,,944.5,0.0,3.2,96.5
2026-09-23T02:00,0.49,49.0,0.0,944.3,0.0,2.9,96.0
2026-09-23T02:15,0.49,47.0,,944.3,0.0,2.8,96.3
2026-09-23T02:30,0.51,42.0,,944.3,0.0,2.8,96.1
2026-09-23T03:00,0.5,41.0,0.0,944.2,0.0,2.6,96.8
2026-09-23T03:15,0.51,40.0,,944.1,0.0,2.6,96.5
2026-09-23T03:30,0.5,39.0,,944.2,0.0,2.5,96.6
2026-09-23T04:00,0.5,43.0,0.0,944.2,0.0,2.3,97.3
2026-09-23T04:15,0.5,44.0,,944.1,0.0,2.3,97.4
2026-09-23T04:30,0.5,49.0,,944.1,0.0,2.3,97.2
2026-09-23T05:00,0.5,47.0,0.0,944.3,4.2,2.1,97.5
2026-09-23T05:15,0.5,42.0,,944.5,11.1,2.1,97.5
2026-09-23T05:30,0.5,45.0,,944.5,19.4,2.2,97.4
2026-09-23T06:00,0.5,39.0,0.0,944.6,148.2,3.7,93.7
2026-09-23T06:15,0.46,39.0,,944.6,194.7,4.6,89.4
2026-09-23T06:30,0.5,40.0,,944.6,244.0,5.4,85.8
2026-09-23T07:00,0.51,39.0,0.0,944.5,322.9,6.8,82.6
2026-09-23T07:15,0.5,41.0,,944.4,370.0,7.7,78.2
2026-09-23T07:30,0.5,38.0,,944.3,404.7,8.3,76.5
2026-09-23T08:00,0.5,38.0,0.0,944.3,484.2,10.3,63.0
2026-09-23T08:15,0.53,38.0,,944.2,518.8,11.1,61.2
2026-09-23T08:30,0.53,36.0,,944.1,553.6,11.1,59.6
2026-09-23T09:00,0.53,37.0,0.0,938.4,600.7,12.0,51.9
2026-09-23T09:15,0.52,37.0,,943.9,623.5,11.9,56.2
2026-09-23T09:30,0.52,37.0,,943.8,643.4,12.5,54.9
2026-09-23T10:00,0.5,36.0,0.0,943.4,672.8,13.1,52.0
2026-09-23T10:15,0.52,38.0,,943.2,681.1,13.8,50.6
2026-09-23T10:30,0.5,38.0,,943.1,688.7,14.2,50.4
2026-09-23T11:00,0.5,36.0,0.0,942.7,690.8,15.0,48.7
2026-09-23T11:15,0.51,38.0,,942.4,687.8,15.3,47.9
2026-09-23T11:30,0.51,38.0,,942.2,680.2,15.6,45.5
2026-09-23T12:00,0.5,35.0,0.0,941.7,655.2,16.7,46.4
2026-09-23T12:15,0.51,39.0,,941.5,655.2,16.9,45.9
2026-09-23T12:30,0.5,35.0,,941.3,607.9,17.5,43.7
2026-09-23T12:45,0.51,32.0,,941.1,590.5,18.4,42.0
2026-09-23T13:00,0.51,31.0,0.0,941.0,567.3,18.9,40.8
2026-09-23T13:15,0.49,33.0,,940.9,537.7,18.4,42.9
2026-09-23T13:30,0.5,32.0,,940.7,508.4,18.4,44.0
2026-09-23T14:00,0.51,36.0,0.0,940.5,387.7,18.4,44.3
2026-09-23T14:15,0.5,37.0,,940.4,247.3,18.1,46.9
2026-09-23T14:30,0.5,38.0,,940.4,297.4,18.3,45.3
2026-09-23T15:00,0.5,39.0,0.0,934.7,103.6,17.9,49.6
2026-09-23T15:15,0.49,38.0,,940.2,84.3,18.0,48.6
2026-09-23T15:30,0.49,36.0,,940.3,57.6,17.0,50.2
2026-09-23T16:00,0.5,36.0,0.0,940.4,52.5,16.2,52.2
2026-09-23T16:15,0.5,38.0,,940.5,35.5,15.8,55.2
2026-09-23T16:30,0.5,39.0,,940.6,19.9,15.5,56.8
2026-09-23T17:00,0.5,38.0,0.0,940.7,0.0,14.2,64.6
2026-09-23T17:15,0.5,37.0,,940.8,0.0,13.7,67.0
2026-09-23T17:30,0.5,38.0,,940.8,0.0,12.3,75.3
2026-09-23T18:00,0.5,38.0,0.0,941.1,0.0,10.8,82.3
2026-09-23T18:15,0.51,40.0,,941.3,0.0,10.3,84.9
2026-09-23T18:30,0.5,40.0,,941.4,0.0,10.0,86.0
2026-09-23T19:00,0.5,41.0,0.0,936.0,0.0,9.4,86.2
2026-09-23T19:15,0.5,40.0,,941.7,0.0,9.1,88.1
2026-09-23T19:30,0.49,40.0,,941.8,0.0,8.9,89.0
2026-09-23T20:00,0.5,42.0,0.0,941.9,0.0,8.4,91.6
2026-09-23T20:15,0.5,42.0,,941.9,0.0,8.2,92.1
2026-09-23T20:30,0.5,42.0,,936.5,0.0,8.2,92.1
2026-09-23T21:00,0.5,44.0,0.0,942.1,0.0,8.3,92.6
2026-09-23T21:15,0.49,44.0,,942.1,0.0,8.2,93.0
2026-09-23T21:30,0.5,44.0,,942.2,0.0,8.2,92.7
2026-09-23T22:00,0.5,44.0,0.0,941.9,0.0,7.9,93.6
2026-09-23T22:15,0.5,43.0,,941.9,0.0,7.9,93.6
2026-09-23T22:30,0.5,43.0,,941.7,0.0,7.9,94.6
2026-09-23T23:00,,,0.0,,,,
2026-09-23T23:15,0.5,44.0,,941.7,0.0,7.9,94.2
2026-09-23T23:30,0.5,44.0,,941.6,0.0,7.8,94.1
2026-09-24T00:00,0.49,43.0,0.0,941.5,0.0,7.8,94.8
2026-09-24T00:15,0.5,44.0,,941.5,0.0,7.7,94.4
2026-09-24T00:30,0.51,44.0,,941.5,0.0,7.2,94.6
2026-09-24T01:00,0.49,42.0,0.0,941.4,0.0,7.2,95.5
2026-09-24T01:15,0.5,43.0,,941.2,0.0,7.0,95.8
2026-09-24T01:30,0.49,43.0,,941.2,0.0,6.7,96.7
2026-09-24T02:00,0.49,44.0,0.0,941.0,0.0,6.3,96.6
2026-09-24T02:15,0.5,44.0,,941.1,0.0,6.1,96.8
2026-09-24T02:30,0.49,44.0,,941.1,0.0,6.3,97.3
2026-09-24T03:00,0.49,40.0,0.0,940.8,0.0,6.0,97.1
2026-09-24T03:15,0.49,38.0,,940.8,0.0,6.0,96.9
2026-09-24T03:30,0.49,39.0,,940.9,0.0,5.9,96.9
2026-09-24T04:00,0.5,43.0,0.0,940.5,0.0,6.2,96.0
2026-09-24T04:15,0.5,44.0,,940.5,0.0,5.9,95.8
2026-09-24T04:30,0.5,44.0,,940.2,0.0,6.0,96.7
2026-09-24T05:00,0.48,40.0,0.0,940.1,4.6,6.6,94.3
2026-09-24T05:15,0.49,40.0,,940.0,15.9,7.6,95.2
2026-09-24T05:30,0.5,39.0,,940.2,32.7,8.4,90.1
2026-09-24T06:00,0.51,42.0,0.0,940.4,68.9,9.0,86.7
2026-09-24T06:15,0.49,41.0,,940.3,84.9,8.7,90.2
2026-09-24T06:30,0.5,43.0,,940.4,119.1,9.6,85.8
2026-09-24T07:00,0.5,39.0,0.0,940.1,131.1,10.3,82.7
2026-09-24T07:15,0.5,38.0,,940.0,160.3,10.5,82.7
2026-09-24T07:30,0.5,37.0,,939.9,290.6,11.2,79.9
2026-09-24T08:00,0.5,38.0,0.0,939.8,254.3,12.7,73.8
2026-09-24T08:15,0.49,37.0,,939.8,338.0,13.2,72.0
2026-09-24T08:30,0.49,40.0,,939.8,561.4,13.9,69.8
2026-09-24T08:45,0.5,38.0,,939.7,393.2,14.4,67.0
2026-09-24T09:00,,,0.0,,,,
2026-09-24T09:15,0.5,37.0,,933.6,422.3,15.6,63.2
2026-09-24T09:30,0.49,36.0,,938.9,485.1,16.0,60.7
2026-09-24T10:00,0.51,37.0,0.0,938.5,518.2,16.6,58.3
2026-09-24T10:15,0.5,36.0,,938.4,550.8,16.9,56.4
2026-09-24T10:30,0.51,35.0,,938.0,551.7,17.1,56.9
2026-09-24T11:00,0.49,34.0,0.0,937.8,545.7,17.7,55.7
2026-09-24T11:15,0.49,35.0,,937.8,267.6,17.6,56.5
2026-09-24T11:30,0.5,37.0,,937.9,159.9,17.3,57.1
2026-09-24T12:00,0.5,37.0,0.0,937.7,162.0,17.1,58.7
2026-09-24T12:15,0.5,37.0,,937.8,132.2,16.9,58.5
2026-09-24T12:30,0.5,37.0,,937.8,259.1,17.1,59.1
2026-09-24T13:00,0.5,37.0,0.0,937.7,155.2,17.1,57.2
2026-09-24T13:15,0.5,37.0,,937.9,134.4,16.8,59.6
2026-09-24T13:30,0.5,35.0,,938.1,108.0,16.6,62.7
2026-09-24T14:00,0.49,37.0,0.0,937.9,90.0,16.0,65.8
2026-09-24T14:15,0.49,38.0,,937.9,102.5,15.8,66.2
2026-09-24T14:30,0.5,37.0,,937.6,112.1,15.6,66.0
2026-09-24T15:00,0.5,38.0,0.0,937.3,117.3,15.5,67.4
2026-09-24T15:15,0.5,38.0,,937.5,83.7,15.3,68.0
2026-09-24T15:30,0.49,38.0,,937.4,56.8,15.2,68.8
2026-09-24T16:00,0.49,38.0,0.0,937.6,42.1,14.6,72.8
2026-09-24T16:15,0.5,36.0,,937.9,13.3,14.3,73.7
2026-09-24T16:30,0.49,36.0,,937.8,9.7,13.6,80.6
2026-09-24T16:45,0.49,33.0,,938.0,5.2,12.6,85.2
2026-09-24T17:00,,,0.0,,,,
2026-09-24T17:15,0.5,38.0,,938.4,0.0,12.2,87.8
2026-09-24T17:30,0.49,39.0,,938.5,0.0,11.8,89.5
2026-09-24T18:00,0.5,40.0,0.0,938.9,0.0,11.5,90.7
2026-09-24T18:15,0.5,37.0,,939.1,0.0,11.4,91.1
2026-09-24T18:30,0.5,37.0,,939.4,0.0,11.3,91.6
2026-09-24T19:00,0.5,43.0,0.2,939.7,0.0,11.6,93.3
2026-09-24T19:15,0.5,41.0,,939.9,0.0,11.3,93.9
2026-09-24T19:30,0.48,37.0,,940.3,0.0,11.2,94.4
2026-09-24T20:00,0.5,37.0,0.0,940.2,0.0,10.6,95.4
2026-09-24T20:15,0.49,40.0,,940.4,0.0,10.5,96.0
2026-09-24T20:30,0.49,42.0,,940.4,0.0,10.1,96.1
2026-09-24T21:00,0.48,42.0,0.0,940.5,0.0,9.9,96.6
2026-09-24T21:15,0.5,40.0,,940.5,0.0,9.5,96.1
2026-09-24T21:30,0.5,46.0,,940.5,0.0,9.1,96.8
2026-09-24T22:00,0.5,42.0,0.0,940.3,0.0,8.4,97.3
2026-09-24T22:15,0.5,49.0,,940.5,0.0,8.3,97.7
2026-09-24T22:30,0.49,50.0,,940.4,0.0,8.4,97.7
2026-09-24T23:00,,,0.0,,,,
2026-09-24T23:15,0.5,46.0,,940.3,0.0,8.5,96.6
2026-09-24T23:30,0.49,47.0,,940.2,0.0,8.8,97.0
2026-09-25T00:00,0.49,44.0,0.0,940.2,0.0,8.6,97.1
2026-09-25T00:15,0.5,49.0,,940.2,0.0,8.6,97.3
2026-09-25T00:30,0.49,47.0,,934.7,0.0,8.3,97.4
2026-09-25T01:00,0.49,42.0,0.0,940.3,0.0,7.4,98.1
2026-09-25T01:15,0.49,40.0,,940.4,0.0,7.5,98.6
2026-09-25T01:30,0.49,41.0,,940.4,0.0,7.4,98.6
2026-09-25T02:00,0.5,40.0,0.0,940.8,0.0,6.8,98.8
2026-09-25T02:15,0.49,40.0,,940.8,0.0,6.8,99.1
2026-09-25T02:30,0.5,41.0,,941.0,0.0,6.8,99.2
2026-09-25T03:00,0.5,41.0,0.0,941.1,0.0,6.5,99.3
2026-09-25T03:15,0.5,41.0,,941.3,0.0,6.4,99.3
2026-09-25T03:30,0.5,41.0,,941.3,0.0,6.5,99.4
2026-09-25T04:00,0.49,41.0,0.0,941.4,0.0,6.2,98.9
2026-09-25T04:15,0.49,40.0,,941.3,0.0,6.1,98.8
2026-09-25T04:30,0.5,40.0,,941.3,0.0,6.0,98.8
2026-09-25T05:00,0.5,40.0,0.0,941.4,0.0,5.7,98.8
2026-09-25T05:15,0.5,40.0,,941.5,7.7,5.5,98.7
2026-09-25T05:30,0.5,40.0,,941.7,16.5,5.3,98.6
2026-09-25T06:00,0.49,39.0,0.0,941.7,35.5,5.2,98.4
2026-09-25T06:15,0.49,40.0,,941.7,71.8,5.4,98.5
2026-09-25T06:30,0.49,39.0,,941.8,86.9,5.5,98.3
2026-09-25T07:00,0.49,40.0,0.0,941.7,327.1,6.7,94.5
2026-09-25T07:15,0.49,37.0,,941.7,357.4,8.0,88.5
2026-09-25T07:30,0.51,36.0,,941.7,387.6,9.3,82.7
2026-09-25T08:00,0.5,38.0,0.0,941.5,477.2,10.4,76.4
2026-09-25T08:15,0.49,37.0,,941.4,505.8,10.9,72.5
2026-09-25T08:30,0.5,35.0,,941.3,540.5,11.2,71.8
2026-09-25T09:00,0.49,36.0,0.0,941.1,593.8,12.2,62.7
2026-09-25T09:15,0.49,36.0,,941.1,616.8,12.6,59.1
2026-09-25T09:30,0.49,36.0,,941.1,638.2,12.8,56.5
2026-09-25T10:00,0.5,37.0,0.0,941.0,666.8,13.3,55.9
2026-09-25T10:15,0.51,37.0,,941.0,675.6,13.9,51.5
2026-09-25T10:30,0.5,37.0,,940.9,683.5,13.9,44.8
2026-09-25T11:00,0.5,37.0,0.0,940.5,687.4,14.8,44.0
2026-09-25T11:15,0.49,37.0,,940.3,682.5,15.2,46.8
2026-09-25T11:30,0.5,35.0,,940.1,677.7,14.9,46.1
2026-09-25T12:00,0.49,38.0,0.0,939.6,652.6,15.9,47.0
2026-09-25T12:15,0.49,37.0,,939.6,637.5,15.8,48.1
2026-09-25T12:30,0.49,37.0,,939.4,617.0,16.0,46.6
2026-09-25T13:00,0.5,37.0,0.0,939.1,566.7,16.4,46.0
2026-09-25T13:15,0.5,39.0,,939.0,539.1,16.3,43.6
2026-09-25T13:30,0.5,40.0,,939.0,507.4,16.5,45.0
2026-09-25T14:00,0.5,39.0,0.0,938.9,438.8,16.6,44.1
2026-09-25T14:15,0.52,40.0,,938.8,396.0,16.5,43.8
2026-09-25T14:30,0.5,37.0,,938.8,359.3,16.5,46.0
2026-09-25T15:00,0.5,36.0,0.0,938.9,85.7,16.1,46.2
2026-09-25T15:15,0.5,37.0,,938.9,80.8,16.0,45.3
2026-09-25T15:30,0.49,37.0,,939.0,50.4,15.9,46.1
2026-09-25T16:00,0.5,37.0,0.0,939.5,25.6,14.3,60.4
2026-09-25T16:15,0.5,34.0,,939.8,49.1,13.6,62.7
2026-09-25T16:30,0.48,36.0,,940.0,11.1,12.8,66.4
2026-09-25T17:00,0.48,37.0,0.0,940.1,0.0,11.4,73.1
2026-09-25T17:15,0.5,42.0,,940.5,0.0,11.1,74.3
2026-09-25T17:30,0.49,47.0,,940.7,0.0,10.8,76.1
2026-09-25T18:00,0.49,39.0,0.0,941.0,0.0,10.0,79.6
2026-09-25T18:15,0.5,38.0,,941.3,0.0,9.7,81.3
2026-09-25T18:30,0.49,39.0,,941.3,0.0,9.8,80.9
2026-09-25T19:00,0.49,39.0,0.0,941.4,0.0,9.5,82.6
2026-09-25T19:15,0.49,39.0,,941.5,0.0,9.4,83.6
2026-09-25T19:30,0.49,39.0,,941.5,0.0,9.3,83.7
2026-09-25T20:00,0.47,39.0,0.0,941.8,0.0,8.6,88.8
2026-09-25T20:15,0.48,40.0,,941.9,0.0,8.5,88.7
2026-09-25T20:30,0.49,39.0,,941.9,0.0,8.1,90.9
2026-09-25T21:00,0.49,41.0,0.0,942.1,0.0,7.6,92.5
2026-09-25T21:15,0.49,42.0,,942.1,0.0,7.3,92.6
2026-09-25T21:30,0.49,42.0,,942.0,0.0,7.1,93.5
2026-09-25T22:00,0.49,42.0,0.0,942.2,0.0,6.6,94.0
2026-09-25T22:15,0.49,42.0,,942.3,0.0,6.4,94.4
2026-09-25T22:30,0.49,43.0,,942.2,0.0,6.1,95.2
2026-09-25T23:00,,,0.0,,,,
2026-09-25T23:15,0.5,43.0,,936.9,0.0,5.5,95.9
2026-09-25T23:30,0.5,43.0,,942.3,0.0,5.6,96.6
2026-09-26T00:00,0.49,44.0,0.0,942.1,0.0,5.5,96.3
2026-09-26T00:15,0.5,42.0,,942.2,0.0,5.2,96.2
2026-09-26T00:30,0.5,41.0,,942.3,0.0,5.3,96.8
2026-09-26T01:00,0.49,42.0,0.0,942.3,0.0,5.0,97.2
2026-09-26T01:15,0.5,42.0,,942.2,0.0,4.7,96.9
2026-09-26T01:30,0.49,34.0,,942.4,0.0,4.9,97.2
2026-09-26T02:00,0.5,37.0,0.0,942.6,0.0,4.6,97.0
2026-09-26T02:15,0.49,35.0,,942.5,0.0,4.6,97.3
2026-09-26T02:30,0.5,36.0,,942.5,0.0,4.4,97.0
2026-09-26T03:00,0.49,37.0,0.0,942.6,0.0,4.2,96.9
2026-09-26T03:15,0.49,37.0,,942.7,0.0,4.1,97.1
2026-09-26T03:30,0.5,37.0,,942.8,0.0,4.0,97.6
2026-09-26T04:00,0.5,38.0,0.0,942.9,0.0,3.8,97.5
2026-09-26T04:15,0.49,42.0,,942.7,0.0,3.8,97.5
2026-09-26T04:30,0.49,41.0,,942.7,0.0,3.6,97.5
2026-09-26T05:00,0.47,39.0,0.0,942.8,0.0,3.5,97.6
2026-09-26T05:15,0.49,40.0,,942.9,8.7,3.4,97.7
2026-09-26T05:30,0.49,43.0,,943.1,16.1,3.6,98.1
2026-09-26T06:00,0.49,43.0,0.0,943.4,143.1,4.7,96.0
2026-09-26T06:15,0.49,42.0,,943.5,180.3,5.8,91.8
2026-09-26T06:30,0.49,40.0,,943.5,227.8,6.8,87.5
2026-09-26T07:00,0.49,39.0,0.0,943.5,310.9,8.1,83.2
2026-09-26T07:15,0.51,39.0,,943.5,348.6,9.0,81.3
2026-09-26T07:30,0.51,40.0,,943.5,388.6,10.2,79.7
2026-09-26T07:45,0.51,36.0,,943.6,431.7,10.8,74.4
2026-09-26T08:00,,,0.0,,,,
2026-09-26T08:15,0.49,35.0,,943.5,497.2,11.7,70.5
2026-09-26T08:30,0.5,35.0,,943.5,530.9,12.1,68.8
2026-09-26T09:00,0.51,35.0,0.0,943.4,581.1,12.9,65.7
2026-09-26T09:15,0.5,36.0,,943.4,599.5,13.5,64.7
2026-09-26T09:30,0.5,37.0,,943.3,619.1,14.1,63.1
2026-09-26T10:00,0.49,36.0,0.0,943.2,649.9,14.5,61.3
2026-09-26T10:15,0.49,36.0,,943.2,659.1,15.1,59.2
2026-09-26T10:30,0.49,36.0,,943.1,666.7,15.4,57.3
2026-09-26T11:00,0.56,36.0,0.0,942.8,666.3,16.8,55.6
2026-09-26T11:15,0.48,39.0,,942.7,664.0,16.7,54.8
2026-09-26T11:30,0.52,39.0,,942.6,658.7,17.1,54.4
2026-09-26T11:45,0.48,39.0,,942.3,649.1,17.5,53.0
2026-09-26T12:00,,,0.0,,,,
2026-09-26T12:15,0.49,39.0,,942.0,618.4,18.3,51.9
2026-09-26T12:30,0.5,38.0,,941.8,598.7,18.4,51.5
2026-09-26T12:45,0.5,40.0,,941.6,576.2,18.5,51.4
2026-09-26T13:00,,,0.0,,,,
2026-09-26T13:15,0.49,38.0,,941.5,522.6,18.6,52.0
2026-09-26T13:30,0.49,39.0,,941.4,492.1,18.7,51.5
2026-09-26T14:00,0.49,40.0,0.0,941.2,425.0,18.9,52.0
2026-09-26T14:15,0.49,39.0,,941.3,386.1,18.9,52.7
2026-09-26T14:30,0.5,40.0,,941.3,289.6,18.8,52.0
2026-09-26T15:00,,,0.0,,,,
2026-09-26T15:15,0.5,41.0,,941.4,41.0,18.8,53.8
2026-09-26T15:30,0.49,40.0,,941.4,79.1,18.6,53.3
2026-09-26T16:00,0.5,35.0,0.0,941.9,24.8,17.6,59.2
2026-09-26T16:15,0.5,36.0,,942.0,25.2,16.6,60.5
2026-09-26T16:30,0.48,37.0,,942.2,11.1,15.4,70.0
2026-09-26T17:00,0.5,36.0,0.0,942.6,0.0,13.4,80.5
2026-09-26T17:15,0.49,37.0,,942.8,0.0,12.8,82.6
2026-09-26T17:30,0.5,37.0,,942.9,0.0,12.4,84.3
2026-09-26T18:00,0.49,36.0,0.0,943.3,0.0,11.8,86.7
2026-09-26T18:15,0.49,38.0,,943.5,0.0,11.6,86.5
2026-09-26T18:30,0.48,40.0,,938.1,0.0,11.2,88.0
2026-09-26T18:45,0.49,40.0,,943.9,0.0,10.8,89.7
2026-09-26T19:00,,,0.0,,,,
2026-09-26T19:15,0.5,41.0,,944.1,0.0,10.4,90.4
2026-09-26T19:30,0.48,41.0,,944.2,0.0,10.2,91.1
2026-09-26T19:45,0.49,41.0,,944.4,0.0,9.8,92.4
2026-09-26T20:00,,,0.0,,,,
2026-09-26T20:15,0.48,41.0,,944.5,0.0,9.4,93.3
2026-09-26T20:30,0.49,38.0,,944.7,0.0,9.2,93.4
2026-09-26T21:00,0.49,43.0,0.0,944.8,0.0,8.6,94.7
2026-09-26T21:15,0.5,43.0,,944.9,0.0,8.4,95.1
2026-09-26T21:30,0.5,43.0,,945.0,0.0,8.2,95.8
2026-09-26T22:00,0.5,43.0,0.0,945.1,0.0,7.7,95.7
2026-09-26T22:15,0.49,43.0,,945.1,0.0,7.5,95.8
2026-09-26T22:30,0.49,43.0,,945.0,0.0,7.2,96.1
2026-09-26T23:00,,,0.0,,,,
2026-09-26T23:15,0.49,42.0,,945.1,0.0,6.8,96.5
2026-09-26T23:30,0.5,42.0,,945.2,0.0,6.6,96.7
2026-09-26T23:45,0.49,42.0,,939.5,0.0,6.4,96.8
2026-09-27T00:00,,,0.0,,,,
2026-09-27T00:15,0.47,43.0,,945.1,0.0,6.1,97.4
2026-09-27T00:30,0.47,42.0,,945.1,0.0,6.1,97.4
2026-09-27T01:00,0.5,41.0,0.0,944.9,0.0,5.8,97.3
2026-09-27T01:15,0.49,41.0,,944.8,0.0,5.7,97.5
2026-09-27T01:30,0.49,41.0,,944.7,0.0,5.6,97.3
2026-09-27T01:45,0.5,41.0,,944.7,0.0,5.4,97.5
2026-09-27T02:15,0.49,35.0,,938.9,0.0,5.2,97.6
2026-09-27T02:30,0.49,35.0,,944.5,0.0,5.1,97.6
2026-09-27T02:45,0.51,35.0,,944.5,0.0,5.1,97.7
2026-09-27T03:00,,,0.0,,,,
2026-09-27T03:15,0.47,38.0,,944.3,0.0,4.8,97.7
2026-09-27T03:30,0.47,40.0,,944.4,0.0,4.7,97.7
2026-09-27T04:00,0.49,46.0,0.0,944.2,0.0,4.5,97.7
2026-09-27T04:15,0.5,48.0,,944.2,0.0,4.5,97.9
2026-09-27T04:30,0.49,46.0,,944.2,0.0,4.4,97.9
2026-09-27T05:00,0.5,49.0,0.0,944.2,0.0,4.2,97.9
2026-09-27T05:15,0.49,52.0,,944.3,8.3,4.3,98.0
2026-09-27T05:30,0.49,52.0,,944.4,15.6,4.4,97.8
2026-09-27T06:00,0.48,48.0,0.2,944.4,125.2,5.4,97.6
2026-09-27T06:15,0.49,48.0,,944.4,158.1,6.3,95.5
2026-09-27T06:30,0.49,48.0,,944.5,193.7,7.5,90.9
2026-09-27T07:00,0.49,43.0,0.0,944.3,274.5,9.2,85.7
2026-09-27T07:15,0.49,39.0,,944.2,330.3,10.5,82.7
2026-09-27T07:30,0.5,39.0,,944.2,378.9,11.4,79.6
2026-09-27T07:45,0.49,37.0,,944.1,416.6,12.0,81.3
2026-09-27T08:00,,,0.0,,,,
2026-09-27T08:15,0.49,36.0,,944.0,497.4,13.5,73.3
2026-09-27T08:30,0.5,32.0,,938.4,522.0,14.2,72.6
2026-09-27T09:00,0.49,34.0,0.0,943.9,573.0,14.5,72.8
2026-09-27T09:15,0.49,35.0,,943.8,594.0,15.1,69.0
2026-09-27T09:30,0.5,37.0,,943.6,610.3,16.2,66.3
2026-09-27T09:45,0.49,36.0,,943.5,629.6,16.0,66.4
2026-09-27T10:00,,,0.0,,,,
2026-09-27T10:15,0.49,33.0,,943.4,652.3,16.4,65.5
2026-09-27T10:30,0.48,35.0,,943.3,658.8,16.9,64.5
2026-09-27T11:00,0.49,35.0,0.0,943.0,662.4,17.4,62.3
2026-09-27T11:15,0.49,34.0,,942.9,658.2,17.9,58.2
2026-09-27T11:30,0.5,35.0,,942.7,650.3,18.5,54.1
2026-09-27T12:00,0.5,35.0,0.0,942.4,625.0,19.1,55.8
2026-09-27T12:15,0.49,37.0,,942.2,602.8,19.1,52.0
2026-09-27T12:30,0.48,37.0,,942.2,584.2,19.5,53.9
2026-09-27T13:00,0.51,38.0,0.0,942.0,541.4,19.5,47.9
2026-09-27T13:15,0.49,39.0,,942.0,513.9,19.7,48.6
2026-09-27T13:30,0.49,38.0,,941.9,485.6,19.5,45.5
2026-09-27T14:00,0.5,37.0,0.0,941.6,418.1,19.4,47.2
2026-09-27T14:15,0.49,36.0,,941.5,379.4,19.2,47.4
2026-09-27T14:30,0.49,36.0,,941.5,256.6,19.2,48.1
2026-09-27T15:00,0.49,38.0,0.0,941.4,167.6,18.9,47.7
2026-09-27T15:15,0.5,38.0,,941.4,56.6,18.6,48.5
2026-09-27T15:30,0.5,37.0,,941.5,64.1,18.4,48.0
2026-09-27T16:00,0.49,37.0,0.0,941.7,38.9,17.9,50.1
2026-09-27T16:15,0.49,37.0,,941.8,24.5,17.2,58.1
2026-09-27T16:30,0.49,42.0,,941.9,10.6,15.1,71.4
2026-09-27T17:00,0.49,41.0,0.0,942.1,0.0,13.6,78.6
2026-09-27T17:15,0.49,46.0,,942.2,0.0,13.0,82.1
2026-09-27T17:30,0.49,46.0,,942.3,0.0,12.7,83.2
2026-09-27T18:00,0.5,46.0,0.0,942.6,0.0,12.0,85.6
2026-09-27T18:15,0.5,46.0,,942.7,0.0,11.8,85.4
2026-09-27T18:30,0.49,43.0,,942.8,0.0,11.6,86.3
2026-09-27T19:00,0.49,39.0,0.0,943.0,0.0,11.2,87.0
2026-09-27T19:15,0.49,40.0,,943.2,0.0,11.1,86.5
2026-09-27T19:30,0.5,41.0,,943.2,0.0,10.9,87.2
2026-09-27T20:00,0.49,43.0,0.0,943.4,0.0,10.7,87.7
2026-09-27T20:15,0.49,42.0,,943.5,0.0,10.6,87.7
2026-09-27T20:30,0.5,42.0,,943.6,0.0,10.2,89.7
2026-09-27T21:00,0.5,42.0,0.0,943.7,0.0,9.7,91.6
2026-09-27T21:15,0.48,42.0,,943.7,0.0,9.5,92.8
2026-09-27T21:30,0.48,41.0,,943.7,0.0,9.5,92.7
2026-09-27T22:00,0.5,41.0,0.0,943.9,0.0,9.0,93.2
2026-09-27T22:15,0.48,41.0,,943.8,0.0,8.7,93.8
2026-09-27T22:30,0.49,41.0,,943.7,0.0,8.4,94.4
2026-09-27T23:00,,,0.0,,,,
2026-09-27T23:15,0.49,40.0,,943.7,0.0,7.8,95.6
2026-09-27T23:30,0.48,41.0,,943.8,0.0,7.7,96.3
2026-09-28T00:00,0.48,41.0,0.0,943.9,0.0,7.3,96.4
2026-09-28T00:15,0.49,44.0,,943.9,0.0,7.3,96.7
2026-09-28T00:30,0.49,45.0,,943.8,0.0,7.1,96.8
2026-09-28T01:00,0.46,45.0,0.0,943.6,0.0,6.8,97.2
2026-09-28T01:15,0.48,45.0,,943.5,0.0,6.7,97.2
2026-09-28T01:30,0.49,45.0,,943.4,0.0,6.6,97.3
2026-09-28T02:00,0.49,45.0,0.0,943.3,0.0,6.3,97.3
2026-09-28T02:15,0.49,45.0,,943.2,0.0,6.2,97.5
2026-09-28T02:30,0.48,45.0,,943.3,0.0,6.2,97.4
2026-09-28T03:00,0.49,51.0,0.0,943.1,0.0,5.9,97.8
2026-09-28T03:15,0.48,45.0,,943.1,0.0,5.9,98.0
2026-09-28T03:30,0.49,45.0,,943.0,0.0,5.8,98.2
2026-09-28T04:00,0.49,45.0,0.0,942.9,0.0,5.6,98.2
2026-09-28T04:15,0.49,44.0,,942.9,0.0,5.6,98.2
2026-09-28T04:30,0.5,46.0,,942.9,0.0,5.5,98.2
2026-09-28T05:00,0.5,47.0,0.0,943.0,0.0,5.3,98.2
2026-09-28T05:15,0.49,47.0,,943.1,9.2,5.3,98.3
2026-09-28T05:30,0.48,49.0,,943.2,18.8,5.4,98.2
2026-09-28T06:00,0.49,48.0,0.0,943.4,119.0,6.1,98.0
2026-09-28T06:15,0.48,39.0,,943.4,156.9,7.4,96.3
2026-09-28T06:30,0.48,37.0,,943.6,200.5,8.0,91.8
2026-09-28T07:00,0.49,39.0,0.0,943.7,271.5,10.4,83.7
2026-09-28T07:15,0.49,42.0,,943.6,298.8,11.1,83.5
2026-09-28T07:30,0.49,39.0,,943.6,352.9,11.8,79.2
2026-09-28T08:00,0.49,35.0,0.0,943.5,439.7,13.9,77.2
2026-09-28T08:15,0.49,37.0,,943.5,480.7,14.3,73.6
2026-09-28T08:30,0.49,38.0,,943.4,515.1,14.5,73.4
2026-09-28T09:00,0.49,38.0,0.0,943.3,557.2,15.4,69.6
2026-09-28T09:15,0.49,39.0,,943.2,578.7,15.4,69.6
2026-09-28T09:30,0.5,40.0,,943.2,598.6,15.8,69.3
2026-09-28T10:00,0.5,38.0,0.0,943.1,629.6,16.3,70.0
2026-09-28T10:15,0.48,38.0,,943.0,638.6,16.6,68.1
2026-09-28T10:30,0.49,39.0,,943.0,645.1,16.9,67.7
2026-09-28T11:00,0.49,39.0,0.0,942.8,646.7,17.1,65.1
2026-09-28T11:15,0.48,36.0,,942.7,642.7,17.5,64.3
2026-09-28T11:30,0.49,37.0,,942.5,636.8,17.7,64.2
2026-09-28T12:00,0.5,37.0,0.0,942.3,610.9,18.3,61.8
2026-09-28T12:15,0.49,37.0,,942.1,592.4,18.7,61.3
2026-09-28T12:30,0.48,37.0,,942.0,570.5,18.8,61.8
2026-09-28T13:00,0.48,36.0,0.0,941.8,521.7,19.2,61.4
2026-09-28T13:15,0.49,37.0,,941.7,492.6,19.3,61.3
2026-09-28T13:30,0.49,36.0,,941.7,460.9,19.4,60.9
2026-09-28T14:00,0.49,39.0,0.0,941.5,392.6,19.6,60.0
2026-09-28T14:15,0.48,43.0,,941.6,355.0,19.5,60.5
2026-09-28T14:30,0.5,42.0,,941.6,268.2,19.5,61.2
2026-09-28T15:00,0.5,39.0,0.0,941.5,176.1,19.3,63.2
2026-09-28T15:15,0.47,39.0,,941.5,97.2,19.1,62.6
2026-09-28T15:30,0.48,38.0,,941.7,42.1,18.8,64.3
2026-09-28T16:00,0.51,38.0,0.0,941.9,29.9,18.1,69.5
2026-09-28T16:15,0.49,43.0,,942.1,20.4,16.4,70.7
2026-09-28T16:30,0.48,40.0,,942.1,10.8,15.7,74.6
2026-09-28T17:00,0.49,44.0,0.0,942.4,0.0,14.8,78.6
2026-09-28T17:15,0.49,38.0,,942.6,0.0,14.1,82.2
2026-09-28T17:30,0.5,38.0,,942.8,0.0,13.9,83.2
2026-09-28T18:00,0.5,31.0,0.0,943.2,0.0,13.1,85.7
2026-09-28T18:15,0.49,32.0,,943.4,0.0,12.9,86.2
2026-09-28T18:30,0.47,33.0,,943.5,0.0,12.9,85.6
2026-09-28T19:00,0.49,40.0,0.0,943.7,0.0,12.6,86.0
2026-09-28T19:15,0.5,37.0,,943.7,0.0,12.3,86.8
2026-09-28T19:30,0.48,37.0,,943.8,0.0,11.9,88.9
2026-09-28T20:00,0.5,41.0,0.0,944.2,0.0,11.4,90.4
2026-09-28T20:15,0.49,40.0,,944.2,0.0,10.9,91.7
2026-09-28T20:30,0.49,40.0,,944.3,0.0,10.5,92.8
2026-09-28T21:00,0.49,40.0,0.0,944.4,0.0,9.9,94.2
2026-09-28T21:15,0.48,42.0,,944.5,0.0,9.7,94.8
2026-09-28T21:30,0.48,42.0,,944.5,0.0,9.4,95.1
2026-09-28T22:00,0.49,46.0,0.0,944.6,0.0,9.1,95.8
2026-09-28T22:15,0.49,42.0,,944.7,0.0,9.0,95.8
2026-09-28T22:30,0.49,45.0,,944.8,0.0,8.7,96.0
2026-09-28T23:00,,,0.0,,,,
2026-09-28T23:15,0.49,42.0,,944.8,0.0,8.3,96.9
2026-09-28T23:30,0.5,42.0,,945.0,0.0,8.2,96.9
2026-09-29T00:00,0.49,47.0,0.0,945.1,0.0,7.9,97.1
2026-09-29T00:15,0.48,41.0,,945.1,0.0,7.9,97.4
2026-09-29T00:30,0.49,40.0,,941.9,0.0,7.8,97.3
2026-09-29T01:00,0.5,39.0,0.0,945.0,0.0,7.5,97.4
2026-09-29T01:15,0.48,38.0,,945.0,0.0,7.3,97.5
2026-09-29T01:30,0.49,38.0,,945.0,0.0,7.2,97.7
2026-09-29T02:00,0.47,45.0,0.0,945.1,0.0,7.0,97.6
2026-09-29T02:15,0.49,45.0,,945.1,0.0,7.0,97.8
2026-09-29T02:30,0.5,45.0,,945.1,0.0,6.9,97.8
2026-09-29T03:00,0.49,45.0,0.0,945.0,0.0,6.7,97.8
2026-09-29T03:15,0.49,44.0,,945.0,0.0,6.6,98.0
2026-09-29T03:30,0.48,45.0,,944.9,0.0,6.5,98.1
2026-09-29T04:00,0.49,45.0,0.0,944.9,0.0,6.3,98.1
2026-09-29T04:15,0.48,45.0,,944.8,0.0,6.2,98.2
2026-09-29T04:30,0.48,46.0,,944.8,0.0,6.1,98.4
2026-09-29T05:00,0.49,46.0,0.0,944.8,0.0,6.1,98.5
2026-09-29T05:15,0.48,48.0,,944.9,10.5,6.0,98.4
2026-09-29T05:30,0.49,44.0,,944.9,21.4,6.1,98.5
2026-09-29T06:00,0.48,47.0,0.0,945.0,85.3,6.8,98.8
2026-09-29T06:15,0.48,41.0,,945.0,140.6,8.2,98.5
2026-09-29T06:30,0.48,40.0,,945.1,136.4,8.5,93.5
2026-09-29T07:00,0.49,41.0,0.0,945.1,279.0,10.9,86.3
2026-09-29T07:15,0.48,41.0,,945.1,311.7,11.2,84.6
2026-09-29T07:30,0.48,42.0,,945.1,342.4,11.7,84.5
2026-09-29T08:00,0.49,39.0,0.0,945.3,415.7,14.3,77.8
2026-09-29T08:15,0.49,37.0,,945.2,461.9,14.8,73.3
2026-09-29T08:30,0.49,37.0,,945.2,497.6,14.7,73.3
2026-09-29T09:00,0.48,37.0,0.0,945.1,541.4,15.3,71.2
2026-09-29T09:15,0.49,37.0,,945.0,567.1,15.6,67.5
2026-09-29T09:30,0.49,39.0,,945.0,588.0,15.9,68.8
2026-09-29T10:00,0.5,39.0,0.0,944.9,614.9,16.6,66.0
2026-09-29T10:15,0.49,38.0,,944.8,626.7,16.8,64.0
2026-09-29T10:30,0.48,37.0,,939.1,634.2,17.2,60.6
2026-09-29T11:00,0.49,37.0,0.0,944.7,636.7,17.7,60.6
2026-09-29T11:15,0.49,37.0,,944.6,632.3,17.8,59.9
2026-09-29T11:30,0.49,38.0,,944.5,625.2,18.2,59.6
2026-09-29T12:00,0.49,37.0,0.0,944.2,604.7,18.7,56.8
2026-09-29T12:15,0.5,38.0,,944.1,604.1,18.8,57.2
2026-09-29T12:30,0.48,38.0,,944.1,234.8,18.8,55.9
2026-09-29T13:00,0.49,40.0,0.0,944.0,241.1,18.9,56.3
2026-09-29T13:15,0.48,40.0,,944.0,218.3,18.9,56.1
2026-09-29T13:30,0.44,38.0,,944.0,263.8,18.9,56.3
2026-09-29T14:00,0.49,37.0,0.0,944.0,179.8,19.0,56.6
2026-09-29T14:15,0.53,38.0,,944.0,167.2,19.1,57.2
2026-09-29T14:30,0.48,38.0,,944.0,141.4,18.9,59.0
2026-09-29T15:00,0.49,35.0,0.0,944.2,93.6,18.9,58.9
2026-09-29T15:15,0.49,36.0,,944.2,73.1,18.8,50.0
2026-09-29T15:30,0.49,35.0,,944.2,67.6,18.6,49.8
2026-09-29T16:00,0.48,38.0,0.0,938.7,50.0,18.2,66.4
2026-09-29T16:15,0.47,39.0,,944.4,35.0,17.5,68.3
2026-09-29T16:30,0.49,41.0,,944.5,16.9,16.2,73.0
2026-09-29T17:00,0.47,40.0,0.0,944.8,0.0,14.8,79.0
2026-09-29T17:15,0.49,43.0,,944.7,0.0,14.2,80.8
2026-09-29T17:30,0.49,39.0,,944.9,0.0,13.8,80.2
2026-09-29T18:00,0.49,39.0,0.0,945.1,0.0,13.4,78.5
2026-09-29T18:15,0.49,41.0,,945.2,0.0,12.8,79.3
2026-09-29T18:30,0.48,37.0,,945.3,0.0,12.3,83.6
2026-09-29T19:00,0.49,39.0,0.0,945.6,0.0,11.5,85.7
2026-09-29T19:15,0.49,40.0,,945.6,0.0,10.9,88.3
2026-09-29T19:30,0.49,40.0,,945.7,0.0,10.6,90.1
2026-09-29T20:00,0.48,40.0,0.0,945.9,0.0,9.9,92.1
2026-09-29T20:15,0.49,39.0,,945.9,0.0,9.7,93.4
2026-09-29T20:30,0.48,39.0,,945.9,0.0,9.3,94.0
2026-09-29T21:00,0.49,39.0,0.0,945.8,0.0,9.2,94.6
2026-09-29T21:15,0.49,40.0,,945.8,0.0,9.4,94.7
2026-09-29T21:30,0.48,42.0,,945.8,0.0,9.7,93.4
2026-09-29T22:00,0.48,42.0,0.0,945.8,0.0,10.1,91.4
2026-09-29T22:15,0.48,42.0,,945.7,0.0,10.3,91.2
2026-09-29T22:30,0.49,41.0,,945.7,0.0,10.5,91.8
2026-09-29T23:00,,,0.0,,,,
2026-09-29T23:15,0.48,36.0,,945.7,0.0,10.8,91.6
2026-09-29T23:30,0.48,37.0,,945.6,0.0,11.0,91.2
2026-09-30T00:00,0.49,37.0,0.0,945.6,0.0,11.2,90.8
2026-09-30T00:15,0.49,37.0,,945.6,0.0,11.3,91.0
2026-09-30T00:30,0.49,35.0,,945.6,0.0,11.2,91.5
2026-09-30T01:00,0.49,36.0,0.0,939.8,0.0,11.4,91.3
2026-09-30T01:15,0.49,36.0,,939.8,0.0,11.4,91.4
2026-09-30T01:30,0.5,37.0,,945.3,0.0,11.5,90.8
2026-09-30T02:00,0.48,39.0,0.0,945.1,0.0,11.5,91.4
2026-09-30T02:15,0.49,38.0,,944.9,0.0,11.5,91.9
2026-09-30T02:30,0.49,38.0,,944.9,0.0,11.7,90.3
2026-09-30T03:00,0.49,39.0,0.0,944.8,0.0,11.7,90.4
2026-09-30T03:15,0.48,40.0,,944.9,0.0,11.5,91.7
2026-09-30T03:30,0.48,40.0,,944.8,0.0,11.5,91.7
2026-09-30T04:00,0.49,40.0,0.0,944.8,0.0,11.6,91.8
2026-09-30T04:15,0.48,40.0,,944.7,0.0,11.6,91.7
2026-09-30T04:30,0.49,40.0,,944.7,0.0,11.6,91.2
2026-09-30T05:00,0.48,40.0,0.0,944.9,0.0,11.7,90.1
2026-09-30T05:15,0.49,40.0,,945.0,5.4,11.6,91.0
2026-09-30T05:30,0.49,40.0,,945.2,14.4,11.6,90.7
2026-09-30T06:00,0.49,40.0,0.0,945.4,35.0,11.9,90.5
2026-09-30T06:15,0.49,41.0,,945.5,46.7,12.2,89.1
2026-09-30T06:30,0.49,41.0,,945.6,66.1,12.6,86.7
2026-09-30T07:00,0.47,40.0,0.0,945.6,87.8,13.2,83.8
2026-09-30T07:15,0.48,40.0,,945.7,104.5,13.6,82.2
2026-09-30T07:30,0.48,40.0,,945.6,123.2,14.0,79.8
2026-09-30T08:00,0.48,43.0,0.0,945.8,167.0,15.0,68.3
2026-09-30T08:15,0.48,38.0,,945.8,189.6,15.4,66.1
2026-09-30T08:30,0.48,38.0,,945.8,226.9,15.7,62.8
2026-09-30T09:00,0.49,34.0,0.0,945.9,252.5,16.4,57.1
2026-09-30T09:15,0.49,40.0,,945.9,260.5,16.5,64.0
2026-09-30T09:30,0.48,40.0,,945.8,282.4,16.1,65.0
2026-09-30T10:00,0.48,39.0,0.0,945.7,284.9,16.5,66.9
2026-09-30T10:15,0.49,39.0,,945.6,352.5,16.8,61.3
2026-09-30T10:30,0.48,37.0,,945.5,382.3,17.6,53.0
2026-09-30T11:00,0.49,36.0,0.0,945.5,388.5,18.3,51.4
2026-09-30T11:15,0.48,34.0,,945.4,379.5,18.5,54.0
2026-09-30T11:30,0.49,33.0,,945.3,457.6,18.3,48.8
2026-09-30T12:00,0.47,33.0,0.0,945.0,329.7,18.8,48.9
2026-09-30T12:15,0.49,34.0,,944.9,294.7,19.1,48.4
2026-09-30T12:30,0.49,36.0,,944.9,279.9,18.5,50.2
2026-09-30T13:00,0.49,38.0,0.0,944.8,245.3,18.7,55.2
2026-09-30T13:15,0.48,36.0,,944.8,240.9,18.5,48.6
2026-09-30T13:30,0.49,34.0,,944.7,215.3,18.8,54.9
2026-09-30T14:00,0.49,33.0,0.0,944.6,165.6,18.7,56.2
2026-09-30T14:15,0.49,33.0,,944.6,161.0,18.7,51.3
2026-09-30T14:30,0.49,35.0,,944.6,144.4,18.6,49.2
2026-09-30T15:00,0.49,39.0,0.0,944.7,102.0,18.4,48.8
2026-09-30T15:15,0.48,38.0,,944.6,86.1,18.1,47.9
2026-09-30T15:30,0.49,39.0,,944.6,73.9,17.9,49.3
2026-09-30T16:00,0.49,39.0,0.0,944.6,33.3,15.8,72.2
2026-09-30T16:15,0.49,44.0,,944.7,21.0,15.2,76.1
2026-09-30T16:30,0.48,45.0,,944.8,11.0,14.6,76.8
2026-09-30T17:00,0.47,43.0,0.0,944.8,0.0,14.2,75.9
2026-09-30T17:15,0.49,43.0,,944.9,0.0,13.7,79.2
2026-09-30T17:30,0.48,40.0,,945.0,0.0,13.2,82.2
2026-09-30T18:00,0.49,40.0,0.0,945.1,0.0,12.8,83.3
2026-09-30T18:15,0.48,44.0,,945.2,0.0,12.6,84.9
2026-09-30T18:30,0.49,41.0,,945.2,0.0,12.4,85.5
2026-09-30T19:00,0.49,41.0,0.0,945.3,0.0,11.9,87.3
2026-09-30T19:15,0.48,40.0,,945.4,0.0,11.5,88.6
2026-09-30T19:30,0.48,39.0,,945.5,0.0,11.0,90.3
2026-09-30T20:00,0.49,36.0,0.0,945.6,0.0,10.1,92.4
2026-09-30T20:15,0.48,35.0,,945.6,0.0,9.8,93.3
2026-09-30T20:30,0.49,36.0,,945.7,0.0,9.5,94.2
2026-09-30T21:00,0.48,42.0,0.0,945.7,0.0,9.4,94.5
2026-09-30T21:15,0.48,42.0,,945.7,0.0,9.7,93.4
2026-09-30T21:30,0.49,42.0,,945.6,0.0,9.8,93.1
2026-09-30T22:00,0.48,43.0,0.0,945.5,0.0,10.1,91.9
2026-09-30T22:15,0.49,42.0,,945.5,0.0,10.2,91.7
2026-09-30T22:30,0.48,41.0,,945.4,0.0,10.3,92.0
2026-09-30T23:00,,,0.0,,,,
2026-09-30T23:15,0.49,42.0,,945.4,0.0,9.8,93.8
2026-09-30T23:30,0.48,43.0,,945.4,0.0,9.4,94.3
2026-10-01T00:00,0.49,43.0,0.0,945.5,0.0,8.5,95.7
2026-10-01T00:15,0.49,43.0,,945.5,0.0,8.3,96.2
2026-10-01T00:30,0.48,43.0,,945.5,0.0,8.0,96.5
2026-10-01T01:00,0.48,42.0,0.0,945.3,0.0,7.6,96.7
2026-10-01T01:15,0.48,42.0,,945.3,0.0,7.4,96.9
2026-10-01T01:30,0.49,46.0,,945.3,0.0,7.2,97.0
2026-10-01T02:00,0.47,48.0,0.0,945.4,0.0,6.7,97.3
2026-10-01T02:15,0.49,40.0,,945.5,0.0,6.6,97.2
2026-10-01T02:30,0.48,34.0,,945.5,0.0,6.5,97.4
2026-10-01T03:00,0.49,34.0,0.0,945.7,0.0,6.2,97.7
2026-10-01T03:15,0.48,34.0,,945.8,0.0,6.0,97.8
2026-10-01T03:30,0.48,34.0,,945.8,0.0,6.1,97.9
2026-10-01T04:00,0.48,35.0,0.0,945.7,0.0,5.7,98.0
2026-10-01T04:15,0.48,36.0,,945.7,0.0,5.6,97.9
2026-10-01T04:30,0.49,38.0,,945.8,0.0,5.5,98.1
2026-10-01T05:00,0.48,40.0,0.0,945.9,0.0,5.3,98.1
2026-10-01T05:15,0.48,40.0,,946.0,7.2,5.3,98.1
2026-10-01T05:30,0.48,41.0,,946.1,16.6,5.3,98.3
2026-10-01T06:00,0.48,46.0,0.0,946.3,59.9,5.9,98.6
2026-10-01T06:15,0.48,41.0,,940.7,135.5,6.5,96.7
2026-10-01T06:30,0.48,40.0,,946.3,178.7,7.7,92.9
2026-10-01T07:00,0.48,39.0,0.0,946.2,265.9,9.7,84.1
2026-10-01T07:15,0.48,41.0,,946.2,301.1,10.2,85.4
2026-10-01T07:30,0.49,37.0,,946.2,345.0,10.8,83.1
2026-10-01T08:00,0.48,36.0,0.0,946.2,420.3,13.2,79.5
2026-10-01T08:15,0.48,38.0,,940.6,465.6,13.9,73.0
2026-10-01T08:30,0.48,34.0,,946.1,496.6,14.0,73.0
2026-10-01T09:00,0.46,38.0,0.0,946.2,544.7,14.6,70.5
2026-10-01T09:15,0.47,37.0,,946.2,565.9,14.9,70.8
2026-10-01T09:30,0.48,39.0,,946.2,585.1,15.4,68.5
2026-10-01T10:00,0.48,38.0,0.0,946.2,614.5,16.0,62.4
2026-10-01T10:15,0.49,38.0,,945.9,625.4,16.4,60.6
2026-10-01T10:30,0.49,37.0,,945.8,633.4,16.8,60.1
2026-10-01T11:00,0.48,36.0,0.0,945.7,633.6,17.4,56.3
2026-10-01T11:15,0.48,37.0,,945.5,631.0,17.9,54.6
2026-10-01T11:30,0.49,37.0,,945.5,626.8,18.1,52.9
2026-10-01T12:00,0.49,37.0,0.0,945.2,599.2,18.5,53.0
2026-10-01T12:15,0.48,37.0,,945.1,585.0,18.7,52.7
2026-10-01T12:30,0.49,38.0,,944.9,561.3,18.9,53.0
2026-10-01T13:00,0.48,37.0,0.0,944.8,495.3,18.8,55.2
2026-10-01T13:15,0.48,38.0,,944.7,482.7,18.9,53.1
2026-10-01T13:30,0.49,38.0,,944.6,463.0,19.1,53.8
2026-10-01T14:00,0.48,38.0,0.0,944.6,355.2,19.1,54.2
2026-10-01T14:15,0.5,39.0,,944.7,243.8,18.9,53.8
2026-10-01T14:30,0.48,37.0,,944.8,188.4,18.9,55.3
2026-10-01T15:00,0.49,38.0,0.0,944.9,94.8,18.6,55.8
2026-10-01T15:15,0.48,37.0,,944.9,71.7,18.4,56.0
2026-10-01T15:30,0.48,36.0,,945.0,55.7,18.2,56.8
2026-10-01T16:00,0.47,37.0,0.0,945.2,38.9,15.7,74.4
2026-10-01T16:15,0.47,39.0,,945.2,29.1,15.4,75.1
2026-10-01T16:30,0.49,45.0,,945.3,11.4,14.6,80.7
2026-10-01T17:00,0.49,37.0,0.0,945.6,0.0,13.5,82.9
2026-10-01T17:15,0.5,35.0,,945.8,0.0,13.0,84.1
2026-10-01T17:30,0.49,37.0,,945.9,0.0,12.0,88.1
2026-10-01T18:00,0.49,41.0,0.0,946.3,0.0,11.5,88.6
2026-10-01T18:15,0.49,41.0,,946.5,0.0,11.0,90.7
2026-10-01T18:30,0.48,41.0,,941.1,0.0,10.6,90.4
2026-10-01T19:00,0.48,40.0,0.0,947.0,0.0,10.2,92.1
2026-10-01T19:15,0.49,38.0,,947.1,0.0,9.9,92.6
2026-10-01T19:30,0.49,41.0,,947.2,0.0,9.6,93.7
2026-10-01T20:00,0.49,50.0,0.0,947.3,0.0,9.2,94.4
2026-10-01T20:15,0.48,47.0,,947.4,0.0,8.9,94.6
2026-10-01T20:30,0.48,33.0,,947.5,0.0,8.8,95.1
2026-10-01T21:00,0.49,33.0,0.0,947.6,0.0,8.4,95.5
2026-10-01T21:15,0.48,33.0,,947.7,0.0,8.2,96.3
2026-10-01T21:30,0.48,34.0,,947.8,0.0,8.0,96.5
2026-10-01T22:00,0.49,35.0,0.0,948.0,0.0,7.8,96.5
2026-10-01T22:15,0.49,33.0,,948.0,0.0,7.7,96.3
2026-10-01T22:30,0.48,35.0,,948.0,0.0,7.5,96.7
2026-10-01T23:00,,,0.0,,,,
2026-10-01T23:15,0.48,30.0,,948.3,0.0,7.1,97.0
2026-10-01T23:30,0.48,33.0,,948.3,0.0,6.9,97.1
2026-10-02T00:00,0.48,35.0,0.0,948.5,0.0,6.7,97.1
2026-10-02T00:15,0.48,36.0,,948.5,0.0,6.6,97.3
2026-10-02T00:30,0.48,36.0,,948.6,0.0,6.5,97.4
2026-10-02T01:00,0.48,37.0,0.0,948.6,0.0,6.3,97.5
2026-10-02T01:15,0.48,37.0,,948.6,0.0,6.3,97.6
2026-10-02T01:30,0.48,37.0,,948.6,0.0,6.3,97.5
2026-10-02T02:00,0.47,38.0,0.0,948.8,0.0,6.2,97.6
2026-10-02T02:15,0.48,39.0,,948.8,0.0,6.1,97.3
2026-10-02T02:30,0.48,40.0,,948.8,0.0,6.0,97.5
2026-10-02T03:00,0.49,39.0,0.0,948.7,0.0,5.8,97.5
2026-10-02T03:15,0.48,40.0,,948.8,0.0,5.7,97.8
2026-10-02T03:30,0.48,41.0,,948.7,0.0,5.6,97.9
2026-10-02T04:00,0.48,39.0,0.0,948.8,0.0,5.4,97.7
2026-10-02T04:15,0.49,40.0,,948.8,0.0,5.5,98.0
2026-10-02T04:30,0.48,40.0,,948.9,0.0,5.4,98.1
2026-10-02T05:00,0.48,40.0,0.0,949.1,4.0,5.2,98.2
2026-10-02T05:15,0.48,40.0,,949.3,4.3,5.2,98.2
2026-10-02T05:30,0.48,40.0,,949.5,14.4,5.2,98.2
2026-10-02T06:00,0.48,40.0,0.0,949.7,52.9,5.6,98.2
2026-10-02T06:15,0.48,40.0,,949.7,88.1,5.9,97.9
2026-10-02T06:30,0.48,40.0,,949.9,190.4,7.1,97.8
2026-10-02T07:00,0.48,39.0,0.0,950.0,252.2,9.3,88.4
2026-10-02T07:15,0.49,38.0,,950.0,339.8,10.1,86.2
2026-10-02T07:30,0.47,43.0,,950.0,205.4,10.4,84.3
2026-10-02T08:00,0.48,41.0,0.0,950.1,440.8,12.4,81.4
2026-10-02T08:15,0.48,38.0,,950.1,454.7,12.8,77.6
2026-10-02T08:30,0.46,39.0,,944.5,401.8,12.8,77.3
2026-10-02T09:00,0.5,38.0,0.0,950.1,323.2,13.2,74.1
2026-10-02T09:15,0.5,39.0,,950.1,348.4,13.4,72.4
2026-10-02T09:30,0.49,37.0,,950.1,322.8,13.6,71.1
2026-10-02T10:00,0.49,39.0,0.0,949.9,418.3,14.5,71.6
2026-10-02T10:15,0.48,37.0,,949.8,442.8,14.4,68.4
2026-10-02T10:30,0.49,37.0,,949.8,403.7,14.7,64.8
2026-10-02T11:00,0.48,38.0,0.0,949.8,469.5,15.2,61.8
2026-10-02T11:15,0.48,39.0,,949.7,477.6,15.4,60.0
2026-10-02T11:30,0.48,40.0,,949.6,475.2,15.6,58.9
2026-10-02T12:00,0.48,39.0,0.0,949.5,404.6,16.1,59.1
2026-10-02T12:15,0.49,39.0,,949.4,369.2,16.5,61.3
2026-10-02T12:30,0.48,38.0,,949.3,391.2,16.7,61.8
2026-10-02T13:00,0.48,38.0,0.0,949.2,356.6,16.9,57.4
2026-10-02T13:15,0.48,40.0,,949.2,318.2,17.0,55.8
2026-10-02T13:30,0.48,37.0,,949.2,287.6,16.8,54.5
2026-10-02T14:00,0.48,38.0,0.0,949.1,264.3,16.7,53.1
2026-10-02T14:15,0.48,37.0,,949.2,247.7,16.7,51.7
2026-10-02T14:30,0.48,34.0,,949.3,187.1,16.8,53.5
2026-10-02T15:00,0.49,36.0,0.0,949.2,135.0,16.6,50.2
2026-10-02T15:15,0.48,36.0,,949.1,117.6,16.5,46.8
2026-10-02T15:30,0.48,37.0,,949.2,78.6,16.5,48.9
2026-10-02T16:00,0.48,37.0,0.0,949.2,50.3,14.9,67.3
2026-10-02T16:15,0.48,35.0,,949.3,37.8,14.5,70.7
2026-10-02T16:30,0.47,36.0,,949.4,20.7,13.8,73.3
2026-10-02T17:00,0.48,35.0,0.0,949.5,0.0,12.5,83.2
2026-10-02T17:15,0.48,34.0,,949.6,0.0,11.8,85.0
2026-10-02T17:30,0.48,35.0,,949.6,0.0,11.1,87.2
2026-10-02T18:00,0.48,35.0,0.0,949.9,0.0,9.9,90.2
2026-10-02T18:15,0.48,35.0,,950.0,0.0,9.5,90.5
2026-10-02T18:30,0.48,35.0,,950.0,0.0,9.1,92.1
2026-10-02T19:00,0.48,41.0,0.0,950.2,0.0,8.5,92.8
2026-10-02T19:15,0.48,44.0,,950.3,0.0,8.2,93.2
2026-10-02T19:30,0.48,44.0,,950.3,0.0,8.0,94.6
2026-10-02T20:00,0.47,38.0,0.0,950.4,0.0,7.6,94.8
2026-10-02T20:15,0.48,36.0,,950.5,0.0,7.3,95.3
2026-10-02T20:30,0.48,36.0,,950.4,0.0,7.3,96.1
2026-10-02T21:00,0.48,48.0,0.0,950.5,0.0,7.1,95.8
2026-10-02T21:15,0.49,49.0,,950.5,0.0,6.9,95.9
2026-10-02T21:30,0.49,48.0,,950.6,0.0,6.8,96.6
2026-10-02T22:00,0.48,39.0,0.0,950.7,0.0,6.6,96.5
2026-10-02T22:15,0.48,43.0,,950.6,0.0,6.5,96.8
2026-10-02T22:30,0.48,48.0,,950.7,0.0,6.5,96.7
2026-10-02T23:00,,,0.0,,,,
2026-10-02T23:15,0.48,46.0,,950.7,0.0,6.2,97.2
2026-10-02T23:30,0.48,38.0,,950.7,0.0,6.3,97.1
2026-10-03T00:00,0.48,44.0,0.0,945.1,0.0,5.9,97.5
2026-10-03T00:15,0.48,40.0,,950.7,0.0,5.8,97.4
2026-10-03T00:30,0.47,40.0,,950.6,0.0,5.7,97.3
2026-10-03T01:00,0.48,52.0,0.0,950.4,0.0,5.4,97.6
2026-10-03T01:15,0.48,52.0,,950.4,0.0,5.3,97.7
2026-10-03T01:30,0.48,52.0,,950.3,0.0,5.3,97.9
2026-10-03T02:00,0.48,40.0,0.0,950.3,0.0,5.0,97.9
2026-10-03T02:15,0.48,43.0,,950.2,0.0,4.8,97.9
2026-10-03T02:30,0.49,42.0,,944.6,0.0,4.7,98.0
2026-10-03T03:00,0.48,38.0,0.0,950.2,0.0,4.4,98.1
2026-10-03T03:15,0.48,38.0,,950.1,0.0,4.2,98.2
2026-10-03T03:30,0.48,37.0,,950.1,0.0,4.1,98.2
2026-10-03T04:00,0.47,37.0,0.0,950.1,0.0,3.9,98.2
2026-10-03T04:15,0.48,38.0,,950.1,0.0,3.8,98.3
2026-10-03T04:30,0.47,43.0,,950.1,0.0,3.7,98.5
2026-10-03T05:00,0.47,39.0,0.2,950.2,0.0,3.5,98.3
2026-10-03T05:15,0.47,39.0,,950.3,5.5,3.4,98.4
2026-10-03T05:30,0.48,39.0,,950.4,12.2,3.4,98.6
2026-10-03T06:00,0.48,48.0,0.0,950.6,47.7,3.8,98.6
2026-10-03T06:15,0.47,47.0,,950.6,122.8,4.8,98.5
2026-10-03T06:30,0.48,46.0,,950.7,173.8,6.0,97.7
2026-10-03T07:00,0.48,37.0,0.0,950.6,266.8,7.7,87.1
2026-10-03T07:15,0.48,39.0,,950.6,315.6,8.4,86.5
2026-10-03T07:30,0.48,41.0,,950.6,354.2,9.2,85.3
2026-10-03T08:00,0.48,40.0,0.0,950.4,422.6,11.3,76.4
2026-10-03T08:15,0.48,42.0,,950.4,469.7,11.6,72.5
2026-10-03T08:30,0.48,38.0,,944.7,499.2,12.3,67.2
2026-10-03T09:00,0.47,37.0,0.0,950.2,551.1,13.2,63.7
2026-10-03T09:15,0.49,39.0,,950.1,559.8,13.6,63.1
2026-10-03T09:30,0.48,40.0,,949.8,580.9,13.7,64.8
2026-10-03T10:00,0.49,38.0,0.0,949.6,628.8,14.5,59.9
2026-10-03T10:15,0.48,37.0,,949.6,637.6,14.6,60.8
2026-10-03T10:30,0.48,37.0,,949.4,642.6,14.9,57.1
2026-10-03T11:00,0.49,36.0,0.0,949.2,636.9,15.7,55.2
2026-10-03T11:15,0.47,36.0,,949.0,636.0,16.0,53.2
2026-10-03T11:30,0.48,37.0,,948.8,626.9,16.4,52.0
2026-10-03T12:00,0.48,37.0,0.0,948.4,604.4,16.8,50.4
2026-10-03T12:15,0.48,37.0,,948.3,585.2,17.2,48.8
2026-10-03T12:30,0.49,38.0,,948.2,566.0,17.3,47.0
2026-10-03T13:00,0.48,37.0,0.0,948.0,507.1,17.8,45.5
2026-10-03T13:15,0.48,37.0,,947.9,478.4,18.1,44.0
2026-10-03T13:30,0.48,39.0,,947.9,450.2,18.2,44.0
2026-10-03T14:00,0.48,37.0,0.0,947.7,374.8,18.3,47.7
2026-10-03T14:15,0.48,37.0,,947.7,304.4,18.2,45.9
2026-10-03T14:30,0.47,36.0,,947.6,193.0,18.2,44.0
2026-10-03T15:00,0.48,36.0,0.0,947.6,188.7,18.0,45.8
2026-10-03T15:15,0.48,37.0,,947.4,79.1,17.7,49.5
2026-10-03T15:30,0.47,35.0,,947.6,34.0,17.3,57.7
2026-10-03T16:00,0.48,37.0,0.0,947.8,17.7,14.1,68.2
2026-10-03T16:15,0.48,37.0,,947.8,10.6,13.3,74.3
2026-10-03T16:30,0.48,39.0,,948.0,5.4,12.3,75.9
2026-10-03T17:00,0.48,42.0,0.0,948.2,0.0,10.9,82.4
2026-10-03T17:15,0.48,41.0,,948.3,0.0,10.2,82.7
2026-10-03T17:30,0.48,41.0,,948.3,0.0,9.7,85.1
2026-10-03T18:00,0.48,39.0,0.0,948.6,0.0,8.9,87.4
2026-10-03T18:15,0.48,40.0,,948.7,0.0,8.5,89.3
2026-10-03T18:30,0.48,46.0,,948.8,0.0,8.4,89.6
2026-10-03T19:00,0.48,41.0,0.0,949.0,0.0,7.7,92.1
2026-10-03T19:15,0.48,37.0,,949.1,0.0,7.4,92.7
2026-10-03T19:30,0.48,35.0,,949.2,0.0,7.2,93.0
2026-10-03T20:00,0.48,32.0,0.0,949.3,0.0,6.8,93.4
2026-10-03T20:15,0.48,32.0,,949.3,0.0,6.5,94.4
2026-10-03T20:30,0.47,40.0,,949.3,0.0,6.5,94.7
2026-10-03T21:00,0.47,41.0,0.0,949.4,0.0,6.0,95.0
2026-10-03T21:15,0.48,41.0,,949.4,0.0,5.8,95.4
2026-10-03T21:30,0.48,41.0,,949.3,0.0,5.7,95.7
2026-10-03T22:00,0.48,42.0,0.0,949.3,0.0,5.2,96.3
2026-10-03T22:15,0.47,45.0,,949.3,0.0,5.1,96.3
2026-10-03T22:30,0.48,47.0,,943.7,0.0,5.0,96.4
2026-10-03T23:00,,,0.0,,,,
2026-10-03T23:15,0.49,45.0,,949.1,0.0,4.4,96.8
2026-10-03T23:30,0.48,44.0,,949.1,0.0,4.5,96.9
2026-10-04T00:00,0.47,48.0,0.0,949.0,0.0,4.0,97.2
2026-10-04T00:15,0.47,49.0,,948.9,0.0,4.0,97.3
2026-10-04T00:30,0.47,48.0,,948.8,0.0,3.9,97.2
2026-10-04T01:00,0.48,43.0,0.0,948.5,0.0,3.6,97.3
2026-10-04T01:15,0.48,43.0,,948.5,0.0,3.4,97.5
2026-10-04T01:30,0.48,40.0,,948.4,0.0,3.4,97.4
2026-10-04T02:00,0.48,40.0,0.0,948.4,0.0,3.1,97.5
2026-10-04T02:15,0.47,40.0,,948.3,0.0,3.0,97.5
2026-10-04T02:30,0.48,40.0,,948.3,0.0,3.0,97.5
2026-10-04T03:00,0.48,38.0,0.0,948.2,0.0,2.8,97.8
2026-10-04T03:15,0.48,40.0,,948.3,0.0,2.7,97.9
2026-10-04T03:30,0.48,41.0,,948.2,0.0,2.7,97.9
2026-10-04T04:00,0.48,41.0,0.0,947.9,0.0,2.4,97.8
2026-10-04T04:15,0.48,42.0,,947.9,0.0,2.4,97.7
2026-10-04T04:30,0.48,41.0,,948.0,0.0,2.2,97.6
2026-10-04T05:00,0.48,41.0,0.0,948.1,0.0,2.2,97.7
2026-10-04T05:15,0.48,39.0,,948.2,4.0,2.2,97.6
2026-10-04T05:30,0.49,40.0,,942.6,11.0,2.1,97.8
2026-10-04T06:00,0.48,45.0,0.0,948.1,43.2,2.4,97.4
2026-10-04T06:15,0.48,44.0,,948.3,132.6,2.9,97.7
2026-10-04T06:30,0.48,45.0,,948.4,172.0,4.1,96.7
2026-10-04T07:00,0.47,37.0,0.0,948.5,260.5,7.1,86.6
2026-10-04T07:15,0.47,36.0,,948.5,302.9,7.3,86.5
2026-10-04T07:30,0.47,40.0,,948.4,340.4,8.2,84.9
2026-10-04T08:00,0.48,38.0,0.0,948.1,409.2,11.0,77.4
2026-10-04T08:15,0.47,36.0,,948.0,442.6,11.5,73.6
2026-10-04T08:30,0.48,39.0,,947.8,492.7,12.6,74.6
2026-10-04T09:00,0.48,37.0,0.0,947.5,561.4,13.4,64.5
2026-10-04T09:15,0.48,39.0,,947.4,577.9,13.6,65.0
2026-10-04T09:30,0.48,38.0,,947.3,593.5,13.8,64.9
2026-10-04T10:00,0.49,37.0,0.0,946.9,620.6,14.6,60.6
2026-10-04T10:15,0.48,37.0,,946.7,629.9,15.2,59.8
2026-10-04T10:30,0.48,38.0,,946.6,637.6,15.3,60.3
2026-10-04T11:00,0.48,36.0,0.0,946.2,639.3,16.2,58.3
2026-10-04T11:15,0.48,38.0,,946.1,637.0,16.7,55.4
2026-10-04T11:30,0.48,37.0,,945.8,628.4,16.9,52.3
2026-10-04T12:00,0.48,35.0,0.0,945.4,601.9,17.6,51.9
2026-10-04T12:15,0.47,37.0,,945.3,581.3,17.9,52.0
2026-10-04T12:30,0.49,36.0,,945.2,562.5,17.9,52.1
2026-10-04T13:00,0.49,37.0,0.0,944.8,509.5,18.6,48.4
2026-10-04T13:15,0.48,37.0,,944.7,482.3,18.7,50.4
2026-10-04T13:30,0.47,37.0,,944.6,448.8,19.0,49.4
2026-10-04T14:00,0.48,37.0,0.0,944.3,377.2,19.2,51.7
2026-10-04T14:15,0.48,39.0,,944.2,342.6,19.0,52.7
2026-10-04T14:30,0.48,40.0,,944.2,257.9,19.2,49.3
2026-10-04T15:00,0.48,31.0,0.0,938.6,198.5,19.4,53.8
2026-10-04T15:15,0.48,33.0,,944.3,115.7,17.1,61.9
2026-10-04T15:30,0.47,37.0,,944.3,67.9,16.0,65.1
2026-10-04T16:00,0.48,36.0,0.0,944.7,16.1,14.0,69.1
2026-10-04T16:15,0.47,44.0,,944.8,10.9,13.2,73.4
2026-10-04T16:30,0.47,39.0,,944.9,3.9,13.0,71.4
2026-10-04T17:00,0.48,44.0,0.0,945.1,0.0,11.9,74.2
2026-10-04T17:15,0.48,44.0,,945.3,0.0,11.4,75.4
2026-10-04T17:30,0.48,41.0,,945.3,0.0,10.9,76.7
2026-10-04T18:00,0.48,36.0,0.0,945.6,0.0,10.0,79.9
2026-10-04T18:15,0.48,36.0,,945.7,0.0,9.5,81.3
2026-10-04T18:30,0.48,39.0,,945.8,0.0,8.9,84.0
2026-10-04T19:00,0.48,40.0,0.0,945.9,0.0,8.1,87.8
2026-10-04T19:15,0.48,40.0,,946.0,0.0,7.7,90.2
2026-10-04T19:30,0.48,37.0,,946.1,0.0,7.3,91.3
2026-10-04T20:00,0.48,35.0,0.0,946.2,0.0,6.8,92.0
2026-10-04T20:15,0.47,34.0,,946.2,0.0,6.6,92.7
2026-10-04T20:30,0.48,35.0,,946.2,0.0,6.3,93.3
2026-10-04T21:00,0.48,35.0,0.0,946.2,0.0,5.9,94.6
2026-10-04T21:15,0.47,37.0,,946.2,0.0,5.7,94.6
2026-10-04T21:30,0.47,39.0,,946.2,0.0,5.5,95.8
2026-10-04T22:00,0.47,42.0,0.0,946.1,0.0,5.2,96.2
2026-10-04T22:15,0.48,42.0,,946.1,0.0,4.9,95.8
2026-10-04T22:30,0.48,42.0,,946.0,0.0,4.8,96.5
2026-10-04T23:00,,,0.0,,,,
2026-10-04T23:15,0.48,41.0,,945.7,0.0,4.5,96.8
2026-10-04T23:30,0.47,40.0,,945.6,0.0,4.4,97.0
2026-10-05T00:00,0.47,41.0,0.0,945.6,0.0,4.2,97.6
2026-10-05T00:15,0.47,42.0,,945.5,0.0,4.2,97.3
2026-10-05T00:30,0.48,42.0,,945.4,0.0,4.1,97.3
2026-10-05T01:00,0.49,36.0,0.0,945.2,0.0,4.0,97.1
2026-10-05T01:15,0.48,35.0,,945.1,0.0,3.9,97.3
2026-10-05T01:30,0.48,36.0,,944.9,0.0,3.8,97.2
2026-10-05T02:00,0.47,36.0,0.0,944.8,0.0,3.8,97.5
2026-10-05T02:15,0.47,40.0,,944.7,0.0,3.8,97.4
2026-10-05T02:30,0.47,40.0,,944.7,0.0,3.9,97.8
2026-10-05T03:00,0.47,43.0,0.0,944.6,0.0,3.9,97.5
2026-10-05T03:15,0.48,43.0,,944.6,0.0,4.0,97.7
2026-10-05T03:30,0.48,43.0,,944.6,0.0,4.0,97.8
2026-10-05T04:00,0.48,37.0,0.0,944.7,0.0,3.9,97.8
2026-10-05T04:15,0.48,39.0,,944.7,0.0,3.9,98.0
2026-10-05T04:30,0.48,39.0,,944.6,0.0,3.9,97.8
2026-10-05T05:00,0.48,39.0,0.0,944.5,0.0,4.1,98.0
2026-10-05T05:15,0.47,40.0,,944.6,0.0,4.2,98.1
2026-10-05T05:30,0.47,43.0,,944.6,12.7,4.3,98.0
2026-10-05T06:00,0.48,37.0,0.0,944.7,50.5,4.7,97.5
2026-10-05T06:15,0.48,36.0,,944.7,76.2,5.1,97.5
2026-10-05T06:30,0.48,37.0,,944.7,120.1,5.8,96.3
2026-10-05T07:00,0.47,44.0,0.0,944.8,141.6,7.2,92.5
2026-10-05T07:15,0.48,39.0,,944.8,139.5,7.7,90.1
2026-10-05T07:30,0.47,40.0,,944.8,186.1,8.2,91.2
2026-10-05T08:00,0.48,40.0,0.0,944.8,347.2,10.3,82.8
2026-10-05T08:15,0.47,38.0,,944.6,292.8,11.3,76.3
2026-10-05T08:30,0.48,35.0,,939.0,306.8,11.8,74.9
2026-10-05T09:00,0.48,39.0,0.0,944.6,356.0,13.0,69.4
2026-10-05T09:15,0.47,40.0,,944.5,335.2,13.1,68.5
2026-10-05T09:30,0.48,41.0,,944.5,298.7,13.0,68.3
2026-10-05T10:00,0.48,40.0,0.0,944.3,357.8,13.3,68.7
2026-10-05T10:15,0.48,37.0,,944.3,411.0,13.9,66.8
2026-10-05T10:30,0.48,37.0,,944.3,473.5,14.3,64.5
2026-10-05T11:00,0.47,37.0,0.0,943.9,320.3,14.7,63.5
2026-10-05T11:15,0.48,36.0,,943.8,292.5,14.9,62.3
2026-10-05T11:30,0.48,34.0,,943.6,350.0,15.2,63.6
2026-10-05T11:45,0.48,36.0,,943.4,526.0,15.6,59.9
2026-10-05T12:00,,,0.0,,,,
2026-10-05T12:15,0.47,36.0,,943.2,206.4,16.0,55.4
2026-10-05T12:30,0.48,36.0,,943.0,217.2,15.9,59.0
2026-10-05T13:00,0.48,40.0,0.0,942.7,479.1,16.5,59.0
2026-10-05T13:15,0.46,36.0,,942.5,267.9,16.4,58.0
2026-10-05T13:30,0.48,36.0,,942.5,147.3,16.3,59.2
2026-10-05T14:00,0.48,38.0,0.0,942.3,159.4,16.2,62.3
2026-10-05T14:15,0.48,36.0,,942.3,157.9,16.2,62.4
2026-10-05T14:30,0.47,35.0,,942.2,128.5,16.1,62.5
2026-10-05T15:00,0.47,34.0,0.0,942.1,124.5,16.1,61.5
2026-10-05T15:15,0.48,32.0,,942.1,109.4,16.2,61.6
2026-10-05T15:30,0.47,32.0,,942.1,88.4,16.0,61.7
2026-10-05T16:00,0.48,32.0,0.0,942.2,43.6,15.0,74.4
2026-10-05T16:15,0.47,37.0,,942.3,24.8,14.6,75.1
2026-10-05T16:30,0.47,37.0,,942.3,8.4,14.1,79.8
2026-10-05T17:00,0.48,39.0,0.0,942.6,0.0,12.1,86.9
2026-10-05T17:15,0.47,38.0,,942.9,0.0,11.1,89.7
2026-10-05T17:30,0.48,38.0,,943.0,0.0,10.7,89.6
2026-10-05T18:00,0.48,39.0,0.0,943.3,0.0,9.7,92.0
2026-10-05T18:15,0.48,38.0,,943.4,0.0,9.2,92.9
2026-10-05T18:30,0.48,37.0,,943.4,0.0,8.8,94.8
2026-10-05T19:00,0.48,35.0,0.0,943.5,0.0,8.1,94.9
2026-10-05T19:15,0.48,34.0,,943.5,0.0,7.8,95.2
2026-10-05T19:30,0.48,38.0,,943.5,0.0,7.5,95.7
2026-10-05T20:00,0.47,41.0,0.0,943.6,0.0,7.0,96.2
2026-10-05T20:15,0.47,40.0,,943.7,0.0,6.7,96.5
2026-10-05T20:30,0.46,36.0,,943.7,0.0,6.5,96.5
2026-10-05T21:00,0.48,38.0,0.0,943.7,0.0,6.0,96.9
2026-10-05T21:15,0.47,48.0,,943.7,0.0,5.9,97.1
2026-10-05T21:30,0.47,50.0,,943.6,0.0,5.7,97.1
2026-10-05T22:00,0.48,45.0,0.0,943.7,0.0,5.4,97.4
2026-10-05T22:15,0.47,50.0,,943.6,0.0,5.3,97.3
2026-10-05T22:30,0.47,52.0,,943.5,0.0,5.1,97.6
2026-10-05T23:00,,,0.0,,,,
2026-10-05T23:15,0.47,50.0,,943.4,0.0,4.7,97.9
2026-10-05T23:30,0.48,40.0,,943.2,0.0,4.6,97.7
2026-10-06T00:00,0.48,39.0,0.0,943.1,0.0,4.7,97.7
2026-10-06T00:15,0.48,38.0,,943.0,0.0,4.8,97.7
2026-10-06T00:30,0.47,38.0,,942.9,0.0,4.7,97.5
2026-10-06T01:00,0.47,40.0,0.0,942.7,0.0,5.0,97.3
2026-10-06T01:15,0.48,41.0,,942.6,0.0,5.2,97.4
2026-10-06T01:30,0.48,40.0,,942.5,0.0,5.1,96.8
2026-10-06T02:00,0.48,39.0,0.0,942.5,0.0,4.9,96.8
2026-10-06T02:15,0.47,41.0,,942.3,0.0,4.7,97.2
2026-10-06T02:30,0.48,44.0,,942.2,0.0,4.9,97.6
2026-10-06T03:00,0.48,44.0,0.0,942.0,0.0,5.2,97.3
2026-10-06T03:15,0.47,45.0,,941.8,0.0,5.3,97.2
2026-10-06T03:30,0.48,49.0,,941.8,0.0,5.5,97.4
2026-10-06T04:00,0.48,44.0,0.0,941.8,0.0,5.3,97.4
2026-10-06T04:15,0.48,44.0,,941.8,0.0,5.3,97.4
2026-10-06T04:30,0.48,44.0,,941.8,0.0,5.2,97.4
2026-10-06T05:00,0.48,47.0,0.0,941.7,0.0,5.2,97.7
2026-10-06T05:15,0.48,45.0,,941.8,7.2,5.2,97.8
2026-10-06T05:30,0.48,45.0,,941.8,24.3,5.2,97.8
2026-10-06T06:00,0.47,37.0,0.0,941.8,71.9,5.8,97.5
2026-10-06T06:15,0.48,36.0,,941.7,172.7,6.6,96.9
2026-10-06T06:30,0.48,36.0,,941.8,137.6,7.6,95.2
2026-10-06T07:00,0.47,37.0,0.0,941.8,109.1,8.0,94.4
2026-10-06T07:15,0.47,38.0,,941.8,255.0,8.4,92.0
2026-10-06T07:30,0.49,35.0,,941.7,125.3,9.4,87.0
2026-10-06T08:00,0.47,43.0,0.0,941.6,434.2,11.4,73.3
2026-10-06T08:15,0.47,41.0,,935.9,514.1,12.2,66.7
2026-10-06T08:30,0.48,39.0,,941.5,244.8,11.9,68.0
2026-10-06T09:00,0.48,43.0,0.0,941.4,280.5,12.0,70.8
2026-10-06T09:15,0.48,43.0,,941.2,391.5,12.3,70.7
2026-10-06T09:30,0.47,43.0,,941.0,213.7,13.1,65.4
2026-10-06T10:00,0.47,43.0,0.0,941.0,279.4,13.0,66.6
2026-10-06T10:15,0.48,42.0,,940.7,323.2,13.2,67.3
2026-10-06T10:30,0.47,39.0,,940.7,218.4,13.2,67.7
2026-10-06T11:00,0.48,39.0,0.0,940.4,357.6,13.9,65.1
2026-10-06T11:15,0.47,33.0,,940.2,331.0,14.5,63.4
2026-10-06T11:30,0.48,34.0,,940.0,349.8,15.0,61.1
2026-10-06T12:00,0.48,35.0,0.0,939.7,709.0,15.9,55.4
2026-10-06T12:15,0.48,36.0,,939.5,665.9,16.9,53.1
2026-10-06T12:30,0.48,34.0,,939.3,622.0,17.4,52.3
2026-10-06T13:00,0.47,38.0,0.0,939.1,498.9,17.3,53.0
2026-10-06T13:15,0.48,34.0,,938.9,468.8,17.5,53.0
2026-10-06T13:30,0.47,35.0,,938.8,435.0,17.8,49.3
2026-10-06T14:00,0.46,37.0,0.0,938.6,352.3,17.9,47.7
2026-10-06T14:15,0.47,40.0,,938.6,319.3,18.2,40.3
2026-10-06T14:30,0.48,40.0,,938.4,254.4,17.9,38.3
2026-10-06T15:00,0.47,37.0,0.0,938.5,143.1,17.4,36.4
2026-10-06T15:15,0.48,37.0,,938.5,68.8,17.1,38.0
2026-10-06T15:30,0.48,35.0,,938.6,29.4,16.4,49.2
2026-10-06T16:00,0.48,37.0,0.0,938.7,13.8,13.3,68.2
2026-10-06T16:15,0.48,37.0,,938.6,7.5,12.5,73.7
2026-10-06T16:30,0.46,36.0,,938.7,0.0,12.0,74.9
2026-10-06T17:00,0.46,42.0,0.0,939.0,0.0,10.9,78.4
2026-10-06T17:15,0.47,41.0,,939.2,0.0,10.3,81.5
2026-10-06T17:30,0.48,43.0,,939.3,0.0,10.0,82.1
2026-10-06T18:00,0.47,44.0,0.0,939.4,0.0,9.3,84.3
2026-10-06T18:15,0.47,44.0,,939.4,0.0,9.0,85.9
2026-10-06T18:30,0.47,44.0,,939.4,0.0,8.8,85.0
2026-10-06T19:00,0.48,44.0,0.0,939.5,0.0,8.1,88.5
2026-10-06T19:15,0.47,44.0,,939.5,0.0,8.0,88.8
2026-10-06T19:30,0.47,43.0,,939.5,0.0,7.8,89.1
2026-10-06T20:00,0.47,43.0,0.0,939.5,0.0,7.0,90.8
2026-10-06T20:15,0.48,42.0,,939.5,0.0,6.8,92.8
2026-10-06T20:30,0.47,42.0,,939.5,0.0,6.6,93.5
2026-10-06T21:00,0.47,42.0,0.0,939.4,0.0,5.9,93.1
2026-10-06T21:15,0.47,45.0,,939.4,0.0,5.9,94.8
2026-10-06T21:30,0.48,46.0,,939.3,0.0,5.7,94.3
2026-10-06T22:00,0.47,43.0,0.0,939.0,0.0,5.5,94.9
2026-10-06T22:15,0.47,43.0,,938.9,0.0,5.3,95.3
2026-10-06T22:30,0.48,38.0,,939.0,0.0,5.2,95.3
2026-10-06T23:00,,,0.0,,,,
2026-10-06T23:15,0.47,33.0,,938.8,0.0,4.9,96.3
2026-10-06T23:30,0.48,35.0,,938.6,0.0,4.7,96.3
2026-10-07T00:00,0.48,48.0,0.0,938.7,0.0,4.4,96.7
2026-10-07T00:15,0.47,48.0,,938.8,0.0,4.5,96.9
2026-10-07T00:30,0.48,48.0,,933.1,0.0,4.5,96.5
2026-10-07T01:00,0.48,42.0,0.0,938.6,0.0,4.4,97.2
2026-10-07T01:15,0.47,43.0,,938.5,0.0,4.4,97.4
2026-10-07T01:30,0.47,42.0,,938.4,0.0,4.3,97.2
2026-10-07T02:00,0.47,41.0,0.0,938.3,0.0,4.1,97.4
2026-10-07T02:15,0.48,43.0,,938.1,0.0,4.1,97.3
2026-10-07T02:30,0.48,44.0,,938.0,0.0,4.2,97.2
2026-10-07T03:00,0.47,43.0,0.0,937.7,0.0,4.1,97.2
2026-10-07T03:15,0.47,42.0,,937.6,0.0,4.0,97.4
2026-10-07T03:30,0.48,44.0,,937.6,0.0,3.9,97.5
2026-10-07T04:00,0.48,43.0,0.0,937.4,0.0,3.8,97.9
2026-10-07T04:15,0.47,41.0,,937.3,0.0,3.7,98.0
2026-10-07T04:30,0.47,41.0,,937.3,0.0,3.6,98.0
2026-10-07T05:00,0.47,42.0,0.0,937.3,0.0,3.6,98.1
2026-10-07T05:15,0.47,43.0,,937.5,0.0,3.6,98.1
2026-10-07T05:30,0.47,43.0,,937.5,10.3,3.6,98.1
2026-10-07T06:00,0.48,37.0,0.0,937.6,41.0,4.0,97.9
2026-10-07T06:15,0.48,39.0,,937.5,121.4,4.5,97.9
2026-10-07T06:30,0.47,43.0,,937.5,205.1,6.0,95.1
2026-10-07T07:00,0.47,40.0,0.2,937.6,248.3,8.4,85.6
2026-10-07T07:15,0.48,41.0,,937.5,278.3,10.1,81.1
2026-10-07T07:30,0.57,43.0,,937.3,313.1,11.3,75.8
2026-10-07T08:00,0.46,37.0,0.0,937.3,393.1,13.3,66.2
2026-10-07T08:15,0.41,39.0,,937.2,425.2,14.2,64.7
2026-10-07T08:30,0.44,37.0,,937.2,452.2,14.8,60.6
2026-10-07T09:00,0.49,35.0,0.0,937.1,506.5,16.3,53.5
2026-10-07T09:15,0.46,36.0,,936.9,527.7,16.7,52.5
2026-10-07T09:30,0.47,35.0,,936.8,560.2,17.0,50.3
2026-10-07T10:00,0.46,35.0,0.0,936.5,589.9,17.7,45.9
2026-10-07T10:15,0.47,35.0,,936.5,625.2,17.8,46.1
2026-10-07T10:30,0.45,35.0,,936.3,618.2,18.1,43.8
2026-10-07T11:00,0.46,32.0,0.0,936.1,613.9,19.2,38.0
2026-10-07T11:15,0.48,33.0,,935.8,623.2,19.0,38.4
2026-10-07T11:30,0.48,35.0,,935.6,582.2,19.3,41.5
2026-10-07T12:00,0.47,35.0,0.0,935.4,627.0,19.3,41.2
2026-10-07T12:15,0.48,33.0,,935.3,623.2,20.1,41.9
2026-10-07T12:30,0.48,35.0,,935.0,614.7,20.0,40.4
2026-10-07T13:00,0.48,37.0,0.0,935.1,465.7,19.9,44.0
2026-10-07T13:15,0.47,41.0,,934.9,324.6,19.3,46.1
2026-10-07T13:30,0.48,34.0,,935.0,381.4,19.5,44.2
2026-10-07T14:00,0.46,37.0,0.0,935.1,130.8,18.6,49.8
2026-10-07T14:15,0.47,41.0,,935.1,153.1,18.1,50.9
2026-10-07T14:30,0.47,38.0,,935.0,217.1,18.2,51.5
2026-10-07T15:00,0.48,34.0,0.0,934.7,90.0,17.9,52.9
2026-10-07T15:15,0.47,35.0,,934.6,50.0,17.8,52.6
2026-10-07T15:30,0.47,34.0,,934.5,31.2,17.6,54.2
2026-10-07T16:00,0.47,36.0,0.0,934.3,16.8,17.4,55.9
2026-10-07T16:15,0.48,35.0,,928.7,9.8,17.0,59.4
2026-10-07T16:30,0.47,36.0,,934.4,0.0,16.7,60.5
2026-10-07T17:00,0.47,40.0,0.0,934.6,0.0,15.8,65.3
2026-10-07T17:15,0.48,40.0,,934.7,0.0,16.0,65.1
2026-10-07T17:30,0.47,40.0,,934.7,0.0,16.5,62.3
2026-10-07T18:00,0.47,42.0,0.0,934.9,0.0,15.4,68.3
2026-10-07T18:15,0.48,42.0,,934.8,0.0,15.5,68.3
2026-10-07T18:30,0.47,41.0,,934.9,0.0,14.6,72.3
2026-10-07T19:00,0.47,41.0,0.0,934.9,0.0,13.8,75.8
2026-10-07T19:15,0.47,41.0,,934.9,0.0,13.5,77.4
2026-10-07T19:30,0.47,43.0,,934.7,0.0,13.7,77.0
2026-10-07T20:00,0.48,43.0,0.0,934.6,0.0,13.3,78.9
2026-10-07T20:15,0.48,42.0,,934.5,0.0,12.6,83.5
2026-10-07T20:30,0.47,40.0,,934.4,0.0,12.3,83.3
2026-10-07T21:00,0.47,39.0,0.0,934.4,0.0,11.1,89.8
2026-10-07T21:15,0.47,38.0,,934.6,0.0,11.0,90.0
2026-10-07T21:30,0.48,38.0,,934.6,0.0,10.8,90.4
2026-10-07T22:00,0.47,37.0,0.0,934.4,0.0,10.7,91.2
2026-10-07T22:15,0.47,40.0,,934.1,0.0,11.3,88.9
2026-10-07T22:30,0.48,40.0,,934.0,0.0,11.5,88.3
2026-10-07T23:00,,,0.0,,,,
2026-10-07T23:15,0.48,40.0,,933.6,0.0,11.4,87.9
2026-10-07T23:30,0.48,41.0,,933.5,0.0,11.3,88.8
2026-10-08T00:00,0.45,41.0,0.0,933.3,0.0,11.1,91.0
2026-10-08T00:15,0.47,41.0,,933.0,0.0,11.0,91.6
2026-10-08T00:30,0.47,41.0,,932.8,0.0,11.2,90.8
2026-10-08T01:00,0.48,42.0,0.0,932.5,0.0,11.2,91.0
2026-10-08T01:15,0.47,42.0,,932.4,0.0,11.2,91.2
2026-10-08T01:30,0.47,43.0,,932.2,0.0,11.2,91.3
2026-10-08T02:00,0.47,41.0,0.0,932.3,0.0,11.2,92.2
2026-10-08T02:15,0.47,39.0,,932.1,0.0,11.3,94.5
2026-10-08T02:30,0.47,39.0,,932.1,0.0,11.2,96.5
2026-10-08T03:00,0.48,42.0,4.6,931.9,0.0,11.4,97.6
2026-10-08T03:15,0.48,44.0,,931.8,0.0,11.3,97.4
2026-10-08T03:30,0.49,44.0,,931.4,0.0,11.3,97.6
2026-10-08T04:00,0.48,44.0,0.4,931.1,0.0,11.4,98.0
2026-10-08T04:15,0.48,44.0,,931.2,0.0,11.4,98.1
2026-10-08T04:30,0.48,44.0,,931.1,0.0,11.3,98.1
2026-10-08T05:00,0.48,44.0,0.0,930.7,0.0,11.3,98.3
2026-10-08T05:15,0.48,44.0,,930.6,0.0,11.3,98.3
2026-10-08T05:30,0.48,44.0,,930.6,3.9,11.5,98.4
2026-10-08T06:00,0.48,44.0,0.0,930.8,7.6,11.5,98.4
2026-10-08T06:15,0.48,45.0,,930.8,23.5,11.7,98.5
2026-10-08T06:30,0.48,45.0,,930.6,72.9,11.8,98.5
2026-10-08T07:00,0.47,44.0,0.0,930.6,73.3,12.5,98.4
2026-10-08T07:15,0.48,42.0,,930.6,87.1,12.7,98.1
2026-10-08T07:30,0.48,33.0,,930.6,135.0,13.2,97.6
2026-10-08T08:00,0.47,38.0,0.0,930.3,97.8,13.9,93.0
2026-10-08T08:15,0.48,38.0,,930.3,167.9,14.0,93.3
2026-10-08T08:30,0.47,38.0,,930.2,138.0,13.7,94.2
2026-10-08T09:00,0.48,40.0,0.6,930.2,157.2,13.6,95.1
2026-10-08T09:15,0.48,39.0,,930.2,197.7,14.0,95.5
2026-10-08T09:30,0.47,37.0,,930.1,245.4,14.2,94.4
2026-10-08T10:00,0.48,42.0,0.0,930.2,157.7,14.2,92.9
2026-10-08T10:15,0.47,44.0,,930.2,183.8,14.2,93.5
2026-10-08T10:30,0.48,41.0,,930.2,215.1,14.4,93.6
2026-10-08T11:00,0.47,41.0,0.0,929.9,98.3,14.5,91.0
2026-10-08T11:15,0.47,40.0,,929.8,150.7,15.0,92.1
2026-10-08T11:30,0.47,38.0,,929.6,125.7,15.1,92.7
2026-10-08T12:00,0.46,38.0,0.6,929.5,96.6,15.2,93.7
2026-10-08T12:15,0.47,35.0,,929.2,107.1,15.3,94.8
2026-10-08T12:30,0.49,34.0,,929.2,109.3,15.4,93.2
2026-10-08T13:00,0.47,48.0,0.2,929.1,82.2,15.7,93.4
2026-10-08T13:15,0.48,43.0,,929.2,91.8,15.7,92.5
2026-10-08T13:30,0.48,41.0,,929.5,74.4,15.5,92.7
2026-10-08T14:00,0.48,43.0,1.0,929.9,37.0,14.7,94.8
2026-10-08T14:15,0.47,47.0,,929.8,119.0,14.6,95.7
2026-10-08T14:30,0.48,47.0,,929.7,35.6,14.8,93.6
2026-10-08T15:00,0.48,37.0,1.2,929.7,47.5,14.5,93.3
2026-10-08T15:15,0.49,38.0,,929.6,43.8,14.4,93.6
2026-10-08T15:30,0.48,43.0,,929.6,29.7,14.3,94.4
2026-10-08T16:00,0.48,44.0,0.0,930.1,16.0,13.7,95.7
2026-10-08T16:15,0.47,45.0,,930.2,7.5,13.8,95.4
2026-10-08T16:30,0.48,45.0,,930.2,0.0,13.7,95.5
2026-10-08T17:00,0.48,44.0,0.0,930.4,0.0,13.8,95.0
2026-10-08T17:15,0.48,44.0,,930.5,0.0,13.4,95.8
2026-10-08T17:30,0.47,45.0,,930.7,0.0,13.2,96.0
2026-10-08T18:00,0.47,44.0,0.0,931.2,0.0,12.9,95.8
2026-10-08T18:15,0.47,44.0,,931.4,0.0,12.8,95.9
2026-10-08T18:30,0.48,44.0,,931.6,0.0,12.6,96.8
2026-10-08T19:00,0.48,46.0,0.0,931.8,0.0,12.1,97.2
2026-10-08T19:15,0.48,46.0,,931.9,0.0,12.1,98.0
2026-10-08T19:30,0.47,45.0,,932.0,0.0,12.0,98.1
2026-10-08T20:00,0.46,45.0,0.0,932.3,0.0,12.0,98.3
2026-10-08T20:15,0.48,44.0,,932.5,0.0,11.9,98.4
2026-10-08T20:30,0.47,43.0,,932.7,0.0,12.3,98.5
2026-10-08T21:00,0.48,43.0,0.0,933.0,0.0,12.3,97.3
2026-10-08T21:15,0.48,43.0,,933.2,0.0,12.4,97.9
2026-10-08T21:30,0.48,43.0,,933.4,0.0,12.3,97.9
2026-10-08T22:00,0.48,37.0,0.0,933.8,0.0,12.3,98.0
2026-10-08T22:15,0.48,36.0,,933.8,0.0,12.2,98.0
2026-10-08T22:30,0.47,39.0,,933.8,0.0,12.3,98.2
2026-10-08T23:00,,,0.8,,,,
2026-10-08T23:15,0.47,38.0,,934.1,0.0,12.1,98.4
2026-10-08T23:30,0.47,38.0,,934.2,0.0,12.2,98.5
2026-10-09T00:00,0.47,38.0,0.0,934.3,0.0,12.0,98.6
2026-10-09T00:15,0.48,37.0,,934.5,0.0,12.1,98.7
2026-10-09T00:30,0.48,37.0,,928.9,0.0,11.8,98.7
2026-10-09T01:00,0.47,37.0,0.0,934.7,0.0,11.6,98.8
2026-10-09T01:15,0.48,37.0,,934.7,0.0,11.6,98.8
2026-10-09T01:30,0.47,37.0,,934.9,0.0,11.7,98.9
2026-10-09T02:00,0.48,37.0,0.0,935.1,0.0,11.8,99.0
2026-10-09T02:15,0.47,37.0,,935.5,0.0,11.8,99.0
2026-10-09T02:30,0.47,37.0,,935.5,0.0,12.0,99.1
2026-10-09T03:00,0.47,38.0,0.2,935.6,0.0,11.9,99.0
2026-10-09T03:15,0.47,37.0,,935.9,0.0,11.8,98.9
2026-10-09T03:30,0.48,37.0,,935.8,0.0,11.9,98.9
2026-10-09T04:00,0.47,36.0,0.2,935.8,0.0,11.8,98.7
2026-10-09T04:15,0.48,37.0,,935.8,0.0,11.8,98.5
2026-10-09T04:30,0.48,36.0,,935.9,0.0,11.8,98.6
2026-10-09T05:00,0.47,40.0,0.4,936.0,0.0,12.6,93.1
2026-10-09T05:15,0.47,41.0,,936.1,0.0,12.7,91.3
2026-10-09T05:30,0.47,40.0,,936.2,0.0,12.5,91.3
2026-10-09T06:00,0.47,40.0,0.0,936.5,17.3,12.4,89.9
2026-10-09T06:15,0.47,40.0,,936.7,31.2,12.3,90.4
2026-10-09T06:30,0.47,40.0,,936.9,42.7,12.6,85.6
2026-10-09T07:00,0.47,39.0,0.0,937.4,44.8,11.9,92.9
2026-10-09T07:15,0.47,41.0,,937.6,67.6,12.4,82.2
2026-10-09T07:30,0.47,42.0,,937.6,88.3,12.3,78.1
2026-10-09T08:00,0.48,39.0,0.0,937.8,63.4,12.3,78.2
2026-10-09T08:15,0.48,38.0,,937.9,91.5,12.2,79.8
2026-10-09T08:30,0.47,40.0,,938.0,84.3,12.3,77.7
2026-10-09T09:00,0.48,45.0,0.0,937.9,112.8,12.3,82.2
2026-10-09T09:15,0.47,44.0,,938.1,110.0,12.4,79.9
2026-10-09T09:30,0.48,43.0,,938.1,121.7,12.6,75.3
2026-10-09T10:00,0.47,45.0,0.0,938.0,137.2,12.7,77.5
2026-10-09T10:15,0.47,45.0,,938.0,144.1,12.8,78.1
2026-10-09T10:30,0.48,43.0,,938.0,137.1,12.8,76.2
2026-10-09T11:00,0.47,44.0,0.0,937.9,105.4,13.0,79.0
2026-10-09T11:15,0.47,45.0,,937.9,112.4,13.0,78.6
2026-10-09T11:30,0.47,42.0,,937.8,95.3,12.8,80.6
2026-10-09T12:00,0.47,43.0,0.0,937.7,79.9,12.5,85.3
2026-10-09T12:15,0.47,42.0,,937.7,86.8,12.4,83.1
2026-10-09T12:30,0.47,36.0,,937.6,94.0,12.3,82.6
2026-10-09T13:00,0.48,45.0,0.0,937.3,79.4,12.4,81.6
2026-10-09T13:15,0.48,39.0,,937.1,105.4,12.4,82.3
2026-10-09T13:30,0.48,39.0,,936.9,122.6,12.5,83.5
2026-10-09T14:00,0.47,46.0,0.0,936.8,79.9,12.8,82.5
2026-10-09T14:15,0.47,45.0,,936.8,96.4,12.7,82.0
2026-10-09T14:30,0.47,42.0,,936.9,82.4,12.6,80.9
2026-10-09T15:00,0.47,42.0,0.0,936.8,51.7,12.0,81.2
2026-10-09T15:15,0.47,40.0,,936.7,51.3,11.9,82.2
2026-10-09T15:30,0.48,40.0,,936.6,47.2,11.7,82.6
2026-10-09T16:00,0.48,39.0,0.0,936.5,29.0,11.5,82.4
2026-10-09T16:15,0.48,40.0,,936.6,8.0,11.5,83.1
2026-10-09T16:30,0.48,37.0,,936.6,0.0,11.3,82.6
2026-10-09T17:00,0.47,38.0,0.0,936.8,0.0,11.1,83.3
2026-10-09T17:15,0.48,38.0,,936.9,0.0,11.0,83.4
2026-10-09T17:30,0.47,38.0,,936.8,0.0,10.8,86.0
2026-10-09T18:00,0.48,38.0,0.0,936.8,0.0,10.8,86.3
2026-10-09T18:15,0.47,42.0,,936.7,0.0,10.7,84.2
2026-10-09T18:30,0.47,39.0,,936.8,0.0,10.7,84.2
2026-10-09T19:00,0.48,46.0,0.0,936.8,0.0,10.5,86.3
2026-10-09T19:15,0.47,47.0,,937.0,0.0,10.6,85.0
2026-10-09T19:30,0.46,47.0,,937.1,0.0,10.6,85.0
2026-10-09T20:00,0.46,47.0,0.0,937.2,0.0,10.4,87.6
2026-10-09T20:15,0.47,48.0,,937.0,0.0,10.3,88.0
2026-10-09T20:30,0.47,48.0,,936.8,0.0,10.0,90.4
2026-10-09T21:00,0.48,40.0,0.0,936.7,0.0,9.8,92.8
2026-10-09T21:15,0.47,40.0,,936.7,0.0,9.6,93.5
2026-10-09T21:30,0.47,48.0,,936.7,0.0,9.7,94.1
2026-10-09T22:00,0.48,40.0,0.0,936.4,0.0,9.7,93.1
2026-10-09T22:15,0.47,40.0,,936.5,0.0,9.7,92.4
2026-10-09T22:30,0.48,40.0,,936.6,0.0,9.7,92.4
2026-10-09T23:00,,,0.0,,,,
2026-10-09T23:15,0.47,42.0,,936.3,0.0,9.8,93.2
2026-10-09T23:30,0.47,41.0,,936.3,0.0,9.8,92.7
2026-10-10T00:00,0.47,37.0,0.0,936.1,0.0,9.8,92.9
2026-10-10T00:15,0.46,38.0,,936.0,0.0,9.8,93.0
2026-10-10T00:30,0.47,39.0,,935.9,0.0,9.7,94.3
2026-10-10T01:00,0.48,41.0,0.0,935.5,0.0,9.3,96.0
2026-10-10T01:15,0.47,47.0,,935.4,0.0,8.9,96.4
2026-10-10T01:30,0.47,44.0,,935.2,0.0,8.5,96.7
2026-10-10T02:00,0.47,45.0,0.0,934.9,0.0,8.7,97.7
2026-10-10T02:15,0.47,38.0,,934.8,0.0,8.8,97.7
2026-10-10T02:30,0.47,38.0,,934.8,0.0,8.9,97.8
2026-10-10T03:00,0.47,38.0,0.0,934.7,0.0,9.1,97.6
2026-10-10T03:15,0.47,42.0,,934.7,0.0,9.2,97.2
2026-10-10T03:30,0.47,48.0,,929.1,0.0,9.3,96.7
2026-10-10T04:00,0.48,47.0,0.0,934.5,0.0,9.5,96.1
2026-10-10T04:15,0.47,46.0,,934.3,0.0,9.5,96.2
2026-10-10T04:30,0.45,47.0,,934.3,0.0,9.6,96.0
2026-10-10T05:00,0.47,44.0,0.0,934.4,0.0,9.7,95.3
2026-10-10T05:15,0.47,39.0,,934.3,0.0,9.7,95.6
2026-10-10T05:30,0.47,39.0,,934.3,5.6,9.7,95.9
2026-10-10T06:00,0.46,39.0,0.0,934.3,7.1,9.9,95.3
2026-10-10T06:15,0.47,39.0,,934.4,20.6,9.9,95.0
2026-10-10T06:30,0.47,39.0,,934.5,47.5,10.1,94.8
2026-10-10T07:00,0.48,39.0,0.0,934.5,83.3,10.7,91.1
2026-10-10T07:15,0.47,39.0,,934.7,74.3,11.0,89.1
2026-10-10T07:30,0.47,44.0,,934.7,92.4,11.3,89.6
2026-10-10T08:00,0.48,39.0,0.0,934.6,99.2,11.2,89.5
2026-10-10T08:15,0.47,38.0,,934.5,156.5,11.3,88.7
2026-10-10T08:30,0.48,42.0,,934.5,195.5,11.5,88.3
2026-10-10T09:00,0.47,43.0,0.0,934.4,169.2,11.9,86.6
2026-10-10T09:15,0.47,43.0,,934.2,165.2,11.9,87.3
2026-10-10T09:30,0.46,43.0,,934.1,177.2,12.0,87.3
2026-10-10T10:00,0.47,43.0,0.0,933.8,155.6,12.5,83.8
2026-10-10T10:15,0.47,42.0,,933.6,208.1,12.6,83.1
2026-10-10T10:30,0.47,42.0,,933.3,245.8,13.1,80.6
2026-10-10T11:00,0.47,40.0,0.0,932.8,370.7,14.2,75.2
2026-10-10T11:15,0.47,40.0,,932.4,580.3,14.4,73.4
2026-10-10T11:30,0.48,40.0,,932.3,547.5,15.2,71.9
2026-10-10T12:00,0.47,36.0,0.0,931.8,498.7,15.7,69.0
2026-10-10T12:15,0.47,36.0,,931.6,249.1,15.6,71.0
2026-10-10T12:30,0.47,36.0,,931.5,165.7,15.2,72.9
2026-10-10T13:00,0.47,38.0,0.0,931.0,326.9,15.3,73.3
2026-10-10T13:15,0.48,38.0,,931.0,202.7,15.2,72.4
2026-10-10T13:30,0.47,39.0,,930.7,214.2,15.3,73.3
2026-10-10T14:00,0.47,40.0,0.0,930.3,196.3,15.3,74.0
2026-10-10T14:15,0.47,42.0,,930.2,158.4,15.4,74.3
2026-10-10T14:30,0.47,40.0,,930.0,124.5,15.2,75.5
2026-10-10T15:00,0.47,40.0,0.0,929.9,76.8,14.4,79.0
2026-10-10T15:15,0.47,39.0,,929.7,65.9,14.1,80.0
2026-10-10T15:30,0.46,37.0,,929.6,48.8,13.9,80.6
2026-10-10T16:00,0.48,39.0,0.0,930.2,9.0,13.7,81.2
2026-10-10T16:15,0.47,41.0,,930.4,3.9,13.5,82.2
2026-10-10T16:30,0.47,38.0,,930.4,0.0,13.4,82.8
2026-10-10T17:00,0.47,39.0,0.0,930.6,0.0,13.1,84.6
2026-10-10T17:15,0.47,43.0,,930.5,0.0,13.0,85.9
2026-10-10T17:30,0.47,41.0,,924.9,0.0,12.9,85.9
2026-10-10T18:00,0.47,37.0,0.0,930.7,0.0,12.6,90.2
2026-10-10T18:15,0.47,44.0,,931.0,0.0,12.3,92.2
2026-10-10T18:30,0.47,45.0,,931.0,0.0,12.2,93.2
2026-10-10T19:00,0.47,43.0,0.0,930.9,0.0,12.0,93.0
2026-10-10T19:15,0.48,44.0,,931.0,0.0,11.7,93.7
2026-10-10T19:30,0.47,44.0,,931.2,0.0,11.6,95.2
2026-10-10T20:00,0.47,40.0,0.0,931.0,0.0,11.0,96.2
2026-10-10T20:15,0.47,39.0,,931.1,0.0,10.5,96.4
2026-10-10T20:30,0.47,39.0,,931.1,0.0,10.3,96.8
