datetime,DVENTO,PREC,PRESS,RADSOL,TEMP,UMID,VVENTO,VVENTOMAX
2026-09-11T00:00,5.0,1.0,1003.9,0.0,16.8,97.0,0.6,2.9
2026-09-11T00:15,57.0,,1003.7,0.0,16.9,96.9,1.3,2.9
2026-09-11T00:30,58.0,,1003.6,0.0,17.1,96.6,1.9,3.3
2026-09-11T01:00,21.0,0.0,1003.5,0.0,17.1,95.8,1.2,3.3
2026-09-11T01:15,74.0,,1003.7,0.0,17.0,95.5,2.2,2.4
2026-09-11T01:30,112.0,,1003.8,0.0,16.8,96.0,0.2,2.4
2026-09-11T02:00,306.0,0.0,1003.7,0.0,16.7,96.9,0.9,1.2
2026-09-11T02:15,200.0,,1003.8,0.0,16.6,96.8,0.3,2.0
2026-09-11T02:30,71.0,,1003.7,0.0,16.6,96.6,0.5,1.8
2026-09-11T03:00,83.0,0.0,1003.9,0.0,16.7,95.6,0.3,3.2
2026-09-11T03:15,0.0,,1003.8,0.0,16.4,96.0,0.3,1.7
2026-09-11T03:30,28.0,,1003.9,0.0,16.4,95.9,0.9,2.2
2026-09-11T04:00,64.0,0.0,1004.2,0.0,16.6,94.6,1.0,3.8
2026-09-11T04:15,316.0,,1004.1,0.0,15.9,95.2,0.3,1.3
2026-09-11T04:30,304.0,,1004.2,0.0,16.3,96.0,1.6,2.9
2026-09-11T05:00,210.0,0.0,1004.6,13.3,16.0,96.2,0.7,1.8
2026-09-11T05:15,111.0,,1004.6,18.6,16.1,96.2,0.8,1.4
2026-09-11T05:30,293.0,,1004.8,26.4,16.5,96.6,0.6,1.3
2026-09-11T06:00,236.0,0.0,1005.2,92.4,17.2,97.1,0.4,0.7
2026-09-11T06:15,283.0,,1005.3,105.8,17.6,96.6,0.5,1.3
2026-09-11T07:00,150.0,0.0,1005.3,149.6,18.4,92.4,0.8,2.3
2026-09-11T07:15,193.0,,1005.4,128.1,18.2,91.4,0.8,2.0
2026-09-11T07:30,133.0,,1005.5,140.8,18.2,90.8,1.0,1.9
2026-09-11T08:00,74.0,0.0,1005.8,547.5,20.2,88.4,0.4,2.1
2026-09-11T08:15,176.0,,1006.0,596.6,20.7,85.9,1.4,3.0
2026-09-11T08:30,196.0,,1006.1,733.7,21.3,86.3,0.6,4.3
2026-09-11T09:00,270.0,0.0,1006.5,242.9,20.7,81.3,0.1,1.6
2026-09-11T09:15,46.0,,1006.5,287.6,21.4,79.8,0.9,2.1
2026-09-11T09:30,120.0,,1006.6,929.9,22.9,80.2,1.3,2.7
2026-09-11T10:00,91.0,0.0,1006.5,831.8,22.9,77.2,0.2,2.2
2026-09-11T10:15,183.0,,1006.6,828.4,23.5,74.9,0.5,2.8
2026-09-11T10:30,237.0,,1006.6,816.3,23.5,74.9,0.7,3.0
2026-09-11T11:00,134.0,0.0,1006.8,895.9,24.7,72.8,1.2,3.9
2026-09-11T11:15,239.0,,1006.6,855.9,23.4,70.0,2.2,4.1
2026-09-11T11:30,177.0,,1006.6,901.9,24.9,68.8,1.3,3.8
2026-09-11T12:00,62.0,0.0,1006.7,855.0,24.1,64.6,0.3,3.5
2026-09-11T12:15,230.0,,1006.7,821.8,24.5,63.4,2.8,3.8
2026-09-11T12:30,165.0,,1006.8,189.3,24.3,62.8,1.0,3.8
2026-09-11T13:00,208.0,0.0,1007.0,842.9,25.5,60.9,1.1,3.2
2026-09-11T13:15,280.0,,1007.1,234.4,24.2,59.4,0.5,4.5
2026-09-11T13:30,101.0,,1007.1,456.4,24.8,59.7,1.4,3.7
2026-09-11T14:00,116.0,0.0,1007.3,175.4,24.5,60.2,1.9,2.8
2026-09-11T14:15,108.0,,1007.3,162.5,24.0,61.7,1.7,2.4
2026-09-11T14:30,104.0,,1007.5,152.0,23.8,64.6,1.6,2.0
2026-09-11T15:00,107.0,0.0,1007.7,127.2,23.6,66.5,2.0,2.0
2026-09-11T15:15,121.0,,1008.0,178.3,23.7,66.5,1.3,2.5
2026-09-11T15:30,117.0,,1008.1,152.0,23.2,68.6,0.7,2.2
2026-09-11T16:00,165.0,0.0,1008.3,103.6,22.9,72.8,0.4,1.2
2026-09-11T16:15,47.0,,1008.6,107.0,22.7,73.9,0.8,0.8
2026-09-11T16:30,208.0,,1008.8,49.7,22.6,74.7,0.0,0.9
2026-09-11T17:00,65.0,0.0,1009.1,49.3,22.2,77.3,0.5,0.8
2026-09-11T17:15,53.0,,1009.2,25.0,21.6,78.7,0.6,1.0
2026-09-11T17:30,21.0,,1009.4,5.5,20.7,81.2,0.7,1.1
2026-09-11T18:00,111.0,0.0,1010.1,0.0,20.1,84.8,0.6,1.4
2026-09-11T18:15,44.0,,1010.3,0.0,19.6,86.5,1.0,1.4
2026-09-11T18:30,25.0,,1010.4,0.0,19.6,87.0,0.6,1.2
2026-09-11T19:00,43.0,0.0,1010.7,0.0,19.2,87.5,1.1,1.4
2026-09-11T19:15,39.0,,1011.0,0.0,18.8,88.3,0.9,2.0
2026-09-11T19:30,57.0,,1011.1,0.0,18.2,88.6,1.6,1.8
2026-09-11T20:00,55.0,0.0,1011.3,0.0,18.2,85.4,1.9,2.3
2026-09-11T20:15,46.0,,1011.4,0.0,18.0,83.7,1.5,3.2
2026-09-11T20:30,21.0,,1011.7,0.0,17.4,83.3,0.5,3.2
2026-09-11T21:00,46.0,0.0,1011.9,0.0,16.5,87.0,0.7,1.5
2026-09-11T21:15,329.0,,1011.9,0.0,15.7,88.2,0.3,1.1
2026-09-11T21:30,318.0,,1012.0,0.0,15.8,88.7,0.8,1.7
2026-09-11T22:00,4.0,0.0,1011.9,0.0,15.3,90.9,0.6,1.8
2026-09-11T22:15,358.0,,1011.9,0.0,15.2,91.3,0.5,1.2
2026-09-11T22:30,330.0,,1011.9,0.0,15.0,91.5,0.9,1.2
2026-09-11T23:00,,0.0,,,,,,
2026-09-11T23:15,343.0,,1012.1,0.0,14.4,92.6,1.0,1.8
2026-09-11T23:30,335.0,,1012.0,0.0,14.1,92.8,0.7,1.5
2026-09-12T00:00,118.0,0.0,1012.2,0.0,14.4,94.4,1.3,2.3
2026-09-12T00:15,27.0,,1012.2,0.0,14.4,94.5,0.3,1.7
2026-09-12T00:30,0.0,,1012.2,0.0,14.5,95.0,0.8,0.9
2026-09-12T01:00,28.0,0.0,1012.2,0.0,14.3,95.2,0.1,1.5
2026-09-12T01:15,15.0,,1012.2,0.0,14.0,95.0,0.3,1.4
2026-09-12T01:30,346.0,,1012.3,0.0,13.8,95.1,0.7,1.2
2026-09-12T02:00,82.0,0.0,1012.3,0.0,14.0,95.9,1.3,1.8
2026-09-12T02:15,352.0,,1012.4,0.0,14.1,96.2,0.3,1.5
2026-09-12T02:30,4.0,,1012.4,0.0,13.8,95.9,0.3,0.8
2026-09-12T03:00,333.0,0.0,1012.5,0.0,13.4,95.9,0.1,1.0
2026-09-12T03:15,358.0,,1012.4,0.0,13.8,96.6,0.2,0.9
2026-09-12T03:30,346.0,,1012.4,0.0,13.6,96.5,0.7,1.2
2026-09-12T04:00,342.0,0.0,1012.3,0.0,13.7,96.8,0.4,1.6
2026-09-12T04:15,4.0,,1012.3,0.0,13.4,96.6,0.8,1.0
2026-09-12T04:30,327.0,,1012.3,0.0,13.7,97.1,0.7,1.8
2026-09-12T05:00,74.0,0.0,1012.7,21.2,13.5,96.8,1.5,1.6
2026-09-12T05:15,107.0,,1012.7,28.2,14.4,98.2,1.8,2.3
2026-09-12T05:30,79.0,,1012.7,107.0,15.2,98.4,1.1,2.2
2026-09-12T06:00,34.0,0.0,1013.1,82.9,16.7,97.5,0.8,2.3
2026-09-12T06:15,35.0,,1013.2,82.0,16.7,95.8,1.9,2.8
2026-09-12T06:30,38.0,,1013.4,101.2,16.9,94.9,1.1,2.8
2026-09-12T07:00,78.0,0.0,1013.5,410.2,18.9,90.5,0.6,3.0
2026-09-12T07:15,24.0,,1013.5,250.0,20.0,85.2,1.9,2.9
2026-09-12T07:30,80.0,,1013.6,454.0,20.9,79.9,2.9,3.3
2026-09-12T08:00,84.0,0.0,1013.7,536.5,21.9,72.4,2.7,4.3
2026-09-12T08:15,109.0,,1013.6,569.4,21.9,69.6,1.5,4.1
2026-09-12T08:30,100.0,,1013.6,609.1,23.0,66.3,4.4,4.5
2026-09-12T09:00,123.0,0.0,1013.5,666.2,23.8,57.3,2.1,5.1
2026-09-12T09:15,60.0,,1013.5,700.2,23.2,52.6,2.5,4.7
2026-09-12T09:30,119.0,,1013.6,720.7,24.2,52.6,1.7,4.7
2026-09-12T10:00,116.0,0.0,1013.5,753.2,24.0,47.8,2.8,4.8
2026-09-12T10:15,101.0,,1013.5,767.3,25.1,47.4,1.0,3.7
2026-09-12T10:30,148.0,,1013.4,779.3,25.3,45.7,1.6,4.1
2026-09-12T11:00,130.0,0.0,1013.0,790.3,25.7,43.6,1.0,3.3
2026-09-12T11:15,53.0,,1012.9,793.4,24.3,41.0,0.4,3.5
2026-09-12T11:30,95.0,,1012.7,786.3,25.6,42.7,1.1,3.1
2026-09-12T12:00,228.0,0.0,1012.5,767.5,25.8,41.4,0.8,2.9
2026-09-12T12:15,206.0,,1012.4,755.9,25.1,41.2,2.7,3.3
2026-09-12T12:30,16.0,,1012.2,732.5,25.2,41.9,1.1,3.7
2026-09-12T13:00,191.0,0.0,1011.9,687.7,25.9,41.9,2.6,3.7
2026-09-12T13:15,51.0,,1011.7,655.8,25.2,40.9,1.1,4.4
2026-09-12T13:30,225.0,,1011.5,625.5,26.2,42.1,1.5,4.0
2026-09-12T14:00,235.0,0.0,1011.4,560.5,26.1,43.3,1.6,3.7
2026-09-12T14:15,152.0,,1011.4,519.2,25.8,43.0,0.8,3.7
2026-09-12T14:30,216.0,,1011.3,479.2,25.5,42.6,2.3,4.9
2026-09-12T15:00,251.0,0.0,1011.3,396.0,25.5,42.2,2.2,3.6
2026-09-12T15:15,207.0,,1011.3,347.8,25.7,42.9,0.9,4.0
2026-09-12T15:30,178.0,,1011.3,131.2,25.3,43.1,1.8,2.0
2026-09-12T16:00,209.0,0.0,1011.3,198.7,25.3,43.7,2.0,2.1
2026-09-12T16:15,217.0,,1011.4,152.6,24.9,45.0,2.0,2.8
2026-09-12T16:30,215.0,,1011.4,108.2,25.3,44.5,0.8,2.2
2026-09-12T17:00,139.0,0.0,1011.5,37.8,23.2,49.7,0.9,1.2
2026-09-12T17:15,120.0,,1011.5,10.6,21.9,53.5,0.4,1.1
2026-09-12T17:30,69.0,,1011.7,0.0,20.2,62.6,0.3,0.9
2026-09-12T18:00,355.0,0.0,1011.9,0.0,17.5,74.6,1.0,1.3
2026-09-12T18:15,0.0,,1012.1,0.0,17.2,78.2,0.8,2.0
2026-09-12T18:30,349.0,,1012.3,0.0,17.2,80.2,0.7,1.4
2026-09-12T19:00,6.0,0.0,1012.4,0.0,16.6,82.8,0.5,1.1
2026-09-12T19:15,348.0,,1012.5,0.0,16.3,83.8,0.4,0.8
2026-09-12T19:30,11.0,,1012.5,0.0,15.9,84.7,0.8,1.0
2026-09-12T20:00,16.0,0.0,1012.7,0.0,15.4,86.5,0.5,1.3
2026-09-12T20:15,351.0,,1012.7,0.0,15.3,87.4,0.5,1.1
2026-09-12T20:30,23.0,,1012.7,0.0,15.1,87.5,0.3,1.0
2026-09-12T21:00,352.0,0.0,1012.9,0.0,15.1,88.9,0.3,0.9
2026-09-12T21:15,95.0,,1013.1,0.0,16.0,90.2,2.2,4.3
2026-09-12T21:30,42.0,,1013.1,0.0,16.1,89.5,1.7,2.8
2026-09-12T22:00,354.0,0.0,1013.2,0.0,15.6,88.9,0.2,1.4
2026-09-12T22:15,38.0,,1013.3,0.0,15.0,89.3,0.3,1.2
2026-09-12T22:30,0.0,,1013.3,0.0,15.1,90.4,0.7,1.0
2026-09-12T23:00,,0.0,,,,,,
2026-09-12T23:15,303.0,,1013.4,0.0,14.7,91.2,0.2,1.0
2026-09-12T23:30,342.0,,1013.4,0.0,14.5,91.5,0.4,1.3
2026-09-13T00:00,357.0,0.0,1013.4,0.0,14.3,91.9,0.5,1.0
2026-09-13T00:15,312.0,,1013.4,0.0,14.2,92.0,0.6,1.4
2026-09-13T00:30,8.0,,1013.3,0.0,14.2,92.2,0.2,1.2
2026-09-13T01:00,338.0,0.0,1013.2,0.0,14.1,92.5,0.3,1.0
2026-09-13T01:15,353.0,,1013.0,0.0,14.0,92.8,0.4,0.8
2026-09-13T01:30,349.0,,1013.0,0.0,14.0,92.9,0.5,0.9
2026-09-13T02:00,322.0,0.0,1013.0,0.0,14.0,93.2,0.4,0.9
2026-09-13T02:15,11.0,,1012.9,0.0,13.9,93.0,0.4,0.8
2026-09-13T02:30,6.0,,1013.0,0.0,14.0,93.2,0.6,0.8
2026-09-13T03:00,340.0,0.0,1013.0,0.0,13.9,93.0,0.4,0.9
2026-09-13T03:15,132.0,,1012.9,0.0,13.7,93.2,0.3,0.9
2026-09-13T03:30,85.0,,1012.9,0.0,13.7,93.8,0.1,0.9
2026-09-13T04:00,50.0,0.0,1013.0,0.0,13.6,94.3,0.9,1.2
2026-09-13T04:15,67.0,,1012.9,0.0,13.3,94.1,0.4,0.9
2026-09-13T04:30,25.0,,1013.0,0.0,12.9,94.2,0.7,1.1
2026-09-13T05:00,347.0,0.0,1013.1,12.7,13.5,95.8,0.5,1.0
2026-09-13T05:15,315.0,,1013.1,26.7,13.7,95.8,0.2,0.9
2026-09-13T05:30,305.0,,1013.3,53.9,14.0,96.1,0.3,0.5
2026-09-13T06:00,134.0,0.0,1013.4,69.7,14.9,96.1,0.3,1.1
2026-09-13T06:15,126.0,,1013.5,93.1,15.3,95.2,0.5,0.5
2026-09-13T06:30,226.0,,1013.5,135.3,16.0,95.3,0.4,0.6
2026-09-13T07:00,38.0,0.0,1013.5,149.2,17.2,93.1,0.5,0.7
2026-09-13T07:15,185.0,,1013.6,299.5,18.3,91.8,0.2,1.3
2026-09-13T07:30,188.0,,1013.5,416.6,19.6,90.1,0.2,0.8
2026-09-13T08:00,201.0,0.0,1013.5,528.2,21.3,81.5,1.3,1.7
2026-09-13T08:15,326.0,,1013.5,433.0,21.6,76.0,0.5,1.7
2026-09-13T08:30,175.0,,1013.6,588.7,22.3,72.8,0.9,1.7
2026-09-13T09:00,313.0,0.0,1013.4,657.4,23.2,66.2,0.5,2.3
2026-09-13T09:15,175.0,,1013.3,687.6,23.1,62.7,1.7,2.3
2026-09-13T09:30,164.0,,1013.4,706.6,24.4,61.7,1.6,2.7
2026-09-13T10:00,191.0,0.0,1013.1,744.8,25.1,58.7,2.6,3.9
2026-09-13T10:15,199.0,,1013.0,306.1,24.9,56.5,2.0,4.1
2026-09-13T10:30,257.0,,1013.0,768.0,25.1,55.8,2.1,4.7
2026-09-13T11:00,178.0,0.0,1012.7,780.3,25.8,54.3,2.5,5.2
2026-09-13T11:15,205.0,,1012.6,784.2,25.7,53.8,3.1,4.5
2026-09-13T11:30,218.0,,1012.4,800.6,25.8,53.6,2.4,5.7
2026-09-13T12:00,165.0,0.0,1012.1,763.7,26.9,51.9,3.7,5.6
2026-09-13T12:15,233.0,,1012.0,754.0,26.3,48.8,3.6,6.6
2026-09-13T12:30,207.0,,1011.7,727.3,26.8,47.5,3.5,5.9
2026-09-13T13:00,208.0,0.0,1011.4,682.5,26.9,44.9,5.6,7.0
2026-09-13T13:15,200.0,,1011.3,643.9,27.1,44.4,2.9,6.7
2026-09-13T13:30,195.0,,1011.1,623.3,27.7,44.6,3.0,5.9
2026-09-13T14:00,198.0,0.0,1010.9,550.9,27.1,43.5,3.6,6.8
2026-09-13T14:15,219.0,,1010.8,428.0,26.7,44.1,3.8,7.7
2026-09-13T14:30,233.0,,1010.8,430.2,26.6,43.4,5.0,7.4
2026-09-13T15:00,166.0,0.0,1010.7,380.9,26.8,44.0,1.4,7.3
2026-09-13T15:15,218.0,,1010.7,329.8,26.7,43.9,3.6,6.2
2026-09-13T15:30,221.0,,1010.7,269.7,26.6,43.8,2.7,5.6
2026-09-13T16:00,219.0,0.0,1010.6,128.9,26.0,45.0,2.1,4.8
2026-09-13T16:15,214.0,,1010.7,179.6,26.0,45.4,2.2,4.0
2026-09-13T16:30,178.0,,1010.6,82.0,25.5,45.4,0.8,3.8
2026-09-13T17:00,188.0,0.0,1010.6,12.4,23.9,52.4,0.6,2.8
2026-09-13T17:15,163.0,,1010.6,4.7,23.1,55.9,1.7,2.5
2026-09-13T17:30,185.0,,1010.6,0.0,21.9,60.9,0.3,1.7
2026-09-13T18:00,55.0,0.0,1010.7,0.0,18.6,72.0,0.6,0.9
2026-09-13T18:15,26.0,,1011.1,0.0,18.3,77.3,0.7,0.8
2026-09-13T18:30,6.0,,1011.1,0.0,18.1,80.2,0.8,1.1
2026-09-13T19:00,45.0,0.0,1011.3,0.0,17.7,83.6,0.7,1.6
2026-09-13T19:15,352.0,,1011.3,0.0,17.9,85.1,1.2,1.4
2026-09-13T19:30,340.0,,1011.2,0.0,17.6,85.3,1.4,1.4
2026-09-13T20:00,21.0,0.0,1011.2,0.0,16.9,87.8,0.9,1.2
2026-09-13T20:15,50.0,,1011.2,0.0,17.4,88.9,0.7,1.5
2026-09-13T20:30,354.0,,1011.3,0.0,17.1,88.6,0.6,1.6
2026-09-13T21:00,357.0,0.0,1011.2,0.0,16.8,89.0,0.7,1.4
2026-09-13T21:15,21.0,,1011.2,0.0,16.6,89.4,0.6,0.9
2026-09-13T21:30,354.0,,1011.2,0.0,16.3,90.0,0.6,1.0
2026-09-13T22:00,4.0,0.0,1011.2,0.0,16.2,90.9,0.4,1.0
2026-09-13T22:15,12.0,,1011.0,0.0,15.9,91.2,0.8,1.0
2026-09-13T22:30,3.0,,1010.9,0.0,16.2,92.3,0.8,1.2
2026-09-13T23:00,,0.0,,,,,,
2026-09-13T23:15,7.0,,1010.9,0.0,16.0,92.7,0.9,1.0
2026-09-13T23:30,26.0,,1010.6,0.0,16.7,93.1,0.7,1.6
2026-09-14T00:00,11.0,0.0,1010.5,0.0,16.6,93.3,0.6,1.1
2026-09-14T00:15,13.0,,1010.4,0.0,16.8,93.6,0.7,0.7
2026-09-14T00:30,328.0,,1010.3,0.0,16.9,93.5,0.1,0.9
2026-09-14T01:00,348.0,0.0,1010.2,0.0,17.3,93.0,0.4,0.8
2026-09-14T01:15,318.0,,1010.2,0.0,17.2,93.4,0.2,1.0
2026-09-14T01:30,304.0,,1010.3,0.0,17.2,93.7,0.1,0.6
2026-09-14T02:00,126.0,0.0,1010.4,0.0,17.4,93.2,0.8,1.6
2026-09-14T02:15,75.0,,1010.4,0.0,17.2,93.3,0.7,1.3
2026-09-14T02:30,101.0,,1010.5,0.0,17.3,93.6,1.1,1.3
2026-09-14T03:00,291.0,0.0,1010.2,0.0,17.3,94.2,0.5,1.3
2026-09-14T03:15,25.0,,1010.3,0.0,17.0,94.5,0.6,1.0
2026-09-14T03:30,14.0,,1010.3,0.0,17.0,94.9,0.2,1.9
2026-09-14T04:00,29.0,0.0,1010.3,0.0,16.3,94.6,0.2,1.1
2026-09-14T04:15,17.0,,1010.3,0.0,16.2,94.9,0.8,1.3
2026-09-14T04:30,12.0,,1010.4,0.0,16.2,95.1,0.8,1.3
2026-09-14T05:00,350.0,0.0,1010.4,5.2,16.6,95.8,0.3,1.1
2026-09-14T05:15,8.0,,1010.6,14.3,16.6,95.8,0.4,1.3
2026-09-14T05:30,65.0,,1010.6,34.3,16.7,95.8,0.3,1.2
2026-09-14T06:00,69.0,0.0,1011.0,84.0,17.2,95.6,0.7,0.9
2026-09-14T06:15,58.0,,1011.1,182.0,17.8,95.5,0.3,1.1
2026-09-14T06:30,0.0,,1011.1,244.0,19.3,95.0,0.6,1.1
2026-09-14T07:00,122.0,0.0,1011.1,339.9,21.7,87.4,0.9,2.0
2026-09-14T07:15,101.0,,1011.1,386.4,22.4,82.3,1.3,3.3
2026-09-14T07:30,75.0,,1011.1,471.5,22.9,79.5,1.8,4.1
2026-09-14T08:00,106.0,0.0,1011.3,597.5,23.5,73.3,2.1,4.0
2026-09-14T08:15,116.0,,1011.5,317.9,23.3,71.9,0.9,3.9
2026-09-14T08:30,75.0,,1011.5,718.5,24.0,71.4,1.0,3.4
2026-09-14T09:00,115.0,0.0,1011.7,337.6,23.8,68.7,1.4,2.3
2026-09-14T09:15,99.0,,1011.6,399.0,24.8,67.3,1.6,2.9
2026-09-14T09:30,61.0,,1011.5,599.5,24.5,65.2,1.5,3.0
2026-09-14T10:00,112.0,0.0,1011.5,729.4,24.9,60.5,1.5,3.6
2026-09-14T10:15,313.0,,1011.4,744.8,25.2,58.7,0.5,3.7
2026-09-14T10:30,168.0,,1011.4,753.8,26.0,58.6,1.9,3.2
2026-09-14T13:00,205.0,0.0,1010.8,679.5,28.2,49.4,1.1,4.5
2026-09-14T13:15,260.0,,1010.7,693.2,28.1,48.9,0.9,2.5
2026-09-14T13:30,139.0,,1010.7,720.5,28.8,49.5,1.1,2.4
2026-09-14T14:00,236.0,0.0,1010.6,106.6,26.4,49.2,2.1,4.1
2026-09-14T14:15,228.0,,1010.6,477.4,26.5,53.7,1.8,4.0
2026-09-14T14:30,231.0,,1010.5,274.3,27.2,51.6,2.0,3.6
2026-09-14T15:00,232.0,0.0,1010.5,188.7,26.6,53.3,2.0,3.4
2026-09-14T15:15,228.0,,1010.4,115.6,25.9,55.9,2.1,3.3
2026-09-14T15:30,259.0,,1010.4,299.5,26.3,58.9,1.2,2.3
2026-09-14T16:00,216.0,0.0,1010.5,184.5,27.3,53.1,1.6,2.0
2026-09-14T16:15,180.0,,1010.5,139.6,27.2,53.0,0.6,2.5
2026-09-14T16:30,196.0,,1010.5,98.8,26.8,53.7,0.8,1.6
2026-09-14T17:00,215.0,0.0,1010.7,28.2,25.4,58.3,0.5,1.4
2026-09-14T17:15,110.0,,1010.9,6.4,23.6,60.9,1.0,1.1
2026-09-14T17:30,87.0,,1011.1,0.0,22.0,67.2,0.3,1.1
2026-09-14T18:00,349.0,0.0,1011.4,0.0,19.4,76.8,0.9,1.5
2026-09-14T18:15,344.0,,1011.5,0.0,19.4,80.4,1.8,2.1
2026-09-14T18:30,357.0,,1011.8,0.0,19.5,81.5,0.4,2.2
2026-09-14T19:00,48.0,0.0,1012.2,0.0,19.0,84.9,0.5,1.3
2026-09-14T19:15,45.0,,1012.3,0.0,19.2,84.7,0.9,1.6
2026-09-14T19:30,327.0,,1012.3,0.0,18.5,85.0,0.4,1.4
2026-09-14T20:00,44.0,0.0,1012.4,0.0,18.7,86.4,0.4,1.3
2026-09-14T20:15,174.0,,1012.4,0.0,18.0,86.8,0.2,1.1
2026-09-14T20:45,49.0,,1012.8,0.0,18.3,88.0,1.3,2.2
2026-09-14T21:00,,0.0,,,,,,
2026-09-14T21:15,78.0,,1012.9,0.0,17.7,88.2,0.1,1.8
2026-09-14T21:45,7.0,,1013.1,0.0,17.8,90.5,1.0,1.2
2026-09-14T22:00,,0.0,,,,,,
2026-09-14T22:30,3.0,,1013.3,0.0,18.0,90.6,0.4,1.3
2026-09-14T22:45,15.0,,1013.3,0.0,17.7,90.7,1.0,1.2
2026-09-14T23:00,,0.0,,,,,,
2026-09-14T23:15,289.0,,1013.3,0.0,17.6,90.6,0.3,0.8
2026-09-14T23:45,3.0,,1013.1,0.0,17.2,90.7,1.0,1.0
2026-09-15T00:00,10.0,0.0,1013.1,0.0,17.1,90.9,0.7,1.0
2026-09-15T00:15,4.0,,1013.1,0.0,17.0,91.2,0.6,1.0
2026-09-15T00:45,354.0,,1013.1,0.0,17.0,92.5,0.6,1.1
2026-09-15T01:00,336.0,0.0,1013.1,0.0,17.1,92.7,0.4,1.2
2026-09-15T01:15,344.0,,1013.2,0.0,16.8,92.0,0.5,1.0
2026-09-15T01:45,342.0,,1012.9,0.0,15.9,91.8,0.8,1.6
2026-09-15T02:00,0.0,0.0,1013.0,0.0,16.2,93.0,0.3,1.7
2026-09-15T02:15,358.0,,1013.0,0.0,15.8,93.0,0.5,1.1
2026-09-15T02:45,21.0,,1012.8,0.0,15.6,93.7,0.8,1.2
2026-09-15T03:00,,0.0,,,,,,
2026-09-15T03:15,358.0,,1012.8,0.0,15.7,94.2,0.7,1.3
2026-09-15T03:45,23.0,,1012.6,0.0,15.9,95.0,0.5,1.2
2026-09-15T04:00,6.0,0.0,1012.5,0.0,15.6,94.4,0.9,1.7
2026-09-15T04:15,3.0,,1012.5,0.0,15.2,94.0,2.3,2.8
2026-09-15T04:30,334.0,,1012.5,0.0,15.3,94.7,1.5,2.7
2026-09-15T04:45,14.0,,1012.5,0.0,15.1,94.6,0.8,2.2
2026-09-15T05:00,319.0,0.0,1012.5,12.7,15.2,94.8,0.6,2.0
2026-09-15T05:15,28.0,,1012.5,40.6,15.4,95.1,0.5,1.6
2026-09-15T05:45,36.0,,1012.8,124.4,17.0,95.1,0.6,1.8
2026-09-15T06:00,,0.0,,,,,,
2026-09-15T06:15,44.0,,1012.8,95.5,18.6,92.3,0.7,1.6
2026-09-15T06:45,78.0,,1012.8,223.0,20.3,89.6,1.0,2.0
2026-09-15T07:00,102.0,0.0,1012.9,355.5,20.7,88.2,0.9,1.5
2026-09-15T07:15,106.0,,1012.9,374.4,21.5,86.0,2.0,2.2
2026-09-15T07:45,113.0,,1012.9,465.2,22.8,80.6,1.8,2.5
2026-09-15T08:00,83.0,0.0,1012.8,501.8,23.4,76.0,0.3,2.9
2026-09-15T08:15,115.0,,1012.8,548.2,23.5,72.7,2.2,2.8
2026-09-15T08:30,108.0,,1012.8,578.6,24.6,70.1,0.5,3.8
2026-09-15T09:00,30.0,0.0,1012.6,643.1,25.3,66.3,0.7,3.1
2026-09-15T09:15,105.0,,1012.5,666.6,24.6,62.8,1.8,2.9
2026-09-15T09:45,168.0,,1012.3,714.2,25.5,60.2,1.7,2.8
2026-09-15T10:00,,0.0,,,,,,
2026-09-15T10:15,146.0,,1012.1,743.4,25.5,56.0,1.1,4.4
2026-09-15T10:30,216.0,,1012.0,762.1,25.4,53.5,1.6,4.4
2026-09-15T10:45,188.0,,1011.9,768.8,26.6,53.0,0.7,3.6
2026-09-15T11:00,,0.0,,,,,,
2026-09-15T11:15,132.0,,1011.4,770.7,27.1,52.0,2.1,3.9
2026-09-15T11:45,158.0,,1011.0,756.3,26.2,49.3,0.5,3.5
2026-09-15T12:00,182.0,0.0,1010.8,749.3,26.8,50.5,3.4,4.4
2026-09-15T12:15,130.0,,1010.6,734.3,27.0,50.4,1.8,3.8
2026-09-15T12:30,219.0,,1010.4,720.6,26.3,48.6,2.8,4.6
2026-09-15T13:00,219.0,0.0,1010.1,673.9,26.9,48.7,2.7,4.1
2026-09-15T13:15,175.0,,1010.1,641.3,26.6,47.7,1.3,4.8
2026-09-15T13:30,208.0,,1010.0,609.4,26.8,48.4,1.7,3.7
2026-09-15T13:45,222.0,,1009.9,576.9,26.5,48.5,1.4,4.5
2026-09-15T14:00,,0.0,,,,,,
2026-09-15T14:15,198.0,,1009.5,496.3,27.2,50.2,1.8,3.4
2026-09-15T14:30,139.0,,1009.4,460.0,27.6,48.7,1.1,3.2
2026-09-15T15:00,240.0,0.0,1009.0,366.7,26.7,49.3,1.4,3.8
2026-09-15T15:15,248.0,,1008.9,319.7,26.7,49.7,2.0,3.1
2026-09-15T15:45,124.0,,1008.8,205.9,27.0,49.5,2.0,2.7
2026-09-15T16:00,,0.0,,,,,,
2026-09-15T16:15,228.0,,1008.8,130.9,26.3,51.7,1.3,2.7
2026-09-15T16:30,221.0,,1008.7,90.1,25.8,52.8,0.9,1.9
2026-09-15T17:00,199.0,0.0,1008.6,13.6,23.4,58.5,0.1,0.5
2026-09-15T17:15,123.0,,1008.4,4.8,22.3,62.7,0.2,0.5
2026-09-15T17:45,229.0,,1008.6,0.0,20.5,69.4,0.1,0.4
2026-09-15T18:00,,0.0,,,,,,
2026-09-15T18:15,334.0,,1008.8,0.0,17.8,77.7,0.6,1.7
2026-09-15T18:45,357.0,,1008.8,0.0,18.6,82.3,0.4,1.6
2026-09-15T19:00,324.0,0.0,1008.8,0.0,17.6,83.3,0.1,1.4
2026-09-15T19:15,316.0,,1008.8,0.0,17.3,84.9,1.1,1.5
2026-09-15T19:30,348.0,,1009.0,0.0,17.1,86.3,1.2,1.4
2026-09-15T19:45,338.0,,1008.9,0.0,16.8,86.9,0.7,1.5
2026-09-15T20:00,,0.0,,,,,,
2026-09-15T20:15,313.0,,1008.8,0.0,17.2,88.7,0.3,1.8
2026-09-15T20:30,9.0,,1008.8,0.0,17.1,88.9,0.4,1.1
2026-09-15T20:45,9.0,,1008.8,0.0,16.6,88.8,0.3,1.4
2026-09-15T21:00,,0.0,,,,,,
2026-09-15T21:15,354.0,,1008.8,0.0,16.3,90.1,0.7,1.0
2026-09-15T21:45,349.0,,1008.7,0.0,16.2,91.3,0.8,0.9
2026-09-15T22:00,,0.0,,,,,,
2026-09-15T22:15,356.0,,1008.7,0.0,16.0,91.9,0.4,0.9
2026-09-15T22:30,355.0,,1008.7,0.0,16.0,92.1,0.7,0.8
2026-09-15T22:45,321.0,,1008.5,0.0,15.9,92.3,0.3,0.9
2026-09-15T23:00,,0.0,,,,,,
2026-09-15T23:15,338.0,,1008.4,0.0,16.0,93.1,0.2,0.9
2026-09-15T23:45,343.0,,1008.2,0.0,16.4,92.7,0.4,1.1
2026-09-16T00:00,,0.0,,,,,,
2026-09-16T00:15,21.0,,1008.1,0.0,15.6,92.3,0.8,1.1
2026-09-16T00:30,350.0,,1008.1,0.0,15.7,93.4,0.7,1.1
2026-09-16T00:45,348.0,,1008.0,0.0,14.9,92.4,0.7,1.1
2026-09-16T01:00,,0.0,,,,,,
2026-09-16T01:15,21.0,,1007.9,0.0,14.9,93.6,0.5,1.2
2026-09-16T01:30,357.0,,1007.7,0.0,15.1,94.5,1.1,1.2
2026-09-16T01:45,313.0,,1007.5,0.0,14.8,94.4,0.2,1.2
2026-09-16T02:00,,0.0,,,,,,
2026-09-16T02:15,15.0,,1007.2,0.0,14.5,94.7,0.7,1.0
2026-09-16T02:45,5.0,,1007.1,0.0,14.4,95.0,0.8,0.9
2026-09-16T03:00,19.0,0.0,1007.0,0.0,14.3,95.1,0.5,1.0
2026-09-16T03:15,16.0,,1006.9,0.0,14.3,95.2,0.4,0.9
2026-09-16T03:45,23.0,,1006.6,0.0,13.7,94.8,0.6,0.9
2026-09-16T04:00,21.0,0.0,1006.5,0.0,14.4,96.1,0.6,1.0
2026-09-16T04:15,339.0,,1006.5,0.0,14.0,95.4,0.2,0.8
2026-09-16T04:30,329.0,,1006.4,0.0,14.4,96.1,0.2,0.7
2026-09-16T05:00,189.0,0.0,1006.6,15.9,14.3,95.4,0.0,0.8
2026-09-16T05:15,2.0,,1006.8,35.1,14.6,95.9,0.3,1.0
2026-09-16T05:45,336.0,,1006.9,96.7,15.5,96.8,0.4,1.0
2026-09-16T06:00,,0.0,,,,,,
2026-09-16T06:15,23.0,,1006.9,171.4,17.6,97.4,0.7,1.2
2026-09-16T06:45,269.0,,1007.0,261.5,20.1,94.1,0.2,1.2
2026-09-16T07:00,,0.0,,,,,,
2026-09-16T07:15,209.0,,1007.0,354.3,21.6,85.0,0.6,0.9
2026-09-16T07:30,180.0,,1007.0,403.9,22.3,85.2,0.2,1.8
2026-09-16T07:45,51.0,,1007.0,446.6,23.2,80.2,0.7,1.7
2026-09-16T08:00,,0.0,,,,,,
2026-09-16T08:15,101.0,,1007.0,532.1,24.2,76.2,1.7,2.7
2026-09-16T08:30,108.0,,1007.1,567.5,24.4,73.2,0.4,3.2
2026-09-16T09:00,176.0,0.0,1007.0,635.3,24.6,69.1,1.9,2.7
2026-09-16T09:15,202.0,,1007.0,661.6,24.7,68.4,1.5,2.6
2026-09-16T09:45,193.0,,1006.7,706.1,24.5,65.7,1.7,4.5
2026-09-16T10:00,,0.0,,,,,,
2026-09-16T10:15,197.0,,1006.5,741.6,25.1,62.4,1.9,3.2
2026-09-16T10:30,140.0,,1006.3,758.1,26.6,62.2,1.8,2.7
2026-09-16T11:00,196.0,0.0,1006.1,774.7,25.6,59.7,1.8,4.1
2026-09-16T11:15,193.0,,1006.0,772.3,26.6,59.5,1.0,4.4
2026-09-16T11:30,206.0,,1005.9,425.0,25.7,58.6,2.9,4.1
2026-09-16T11:45,254.0,,1005.7,771.6,26.5,60.6,1.1,3.9
2026-09-16T12:00,,0.0,,,,,,
2026-09-16T12:15,130.0,,1005.4,763.3,26.8,58.6,0.2,3.0
2026-09-16T12:45,255.0,,1005.1,706.9,27.0,55.0,1.7,4.4
2026-09-16T13:00,,0.0,,,,,,
2026-09-16T13:15,243.0,,1004.9,631.7,27.6,52.3,1.0,4.0
2026-09-16T13:45,120.0,,1004.6,596.3,28.2,52.2,2.2,4.5
2026-09-16T14:00,,0.0,,,,,,
2026-09-16T14:15,185.0,,1004.4,455.3,27.1,52.8,0.4,3.6
2026-09-16T14:30,181.0,,1004.4,464.8,28.6,53.0,1.5,2.9
2026-09-16T15:00,95.0,0.0,1004.0,360.6,27.4,50.6,2.0,3.0
2026-09-16T15:15,165.0,,1004.0,287.0,28.1,51.6,1.6,3.0
2026-09-16T15:30,125.0,,1003.9,261.8,28.1,52.5,1.3,2.7
2026-09-16T16:00,198.0,0.0,1003.7,56.6,25.4,56.3,1.7,2.9
2026-09-16T16:15,164.0,,1003.8,126.0,25.5,59.9,1.0,3.7
2026-09-16T16:30,157.0,,1003.7,68.0,25.1,60.7,0.3,3.6
2026-09-16T17:00,202.0,0.0,1003.7,14.1,23.7,63.8,1.5,3.0
2026-09-16T17:15,221.0,,1003.7,4.0,22.9,66.5,0.7,2.2
2026-09-16T17:45,154.0,,1003.8,0.0,21.4,71.1,0.3,1.5
2026-09-16T18:00,352.0,0.0,1004.0,0.0,20.2,74.4,0.6,0.8
2026-09-16T18:15,348.0,,1004.0,0.0,19.4,77.7,0.4,1.1
2026-09-16T18:45,262.0,,1004.3,0.0,18.3,83.3,0.7,1.4
2026-09-16T19:00,300.0,0.0,1004.4,0.0,18.2,84.4,0.9,1.2
2026-09-16T19:15,310.0,,1004.4,0.0,17.1,84.5,0.9,1.2
2026-09-16T19:30,331.0,,1004.5,0.0,16.7,86.5,0.5,0.9
2026-09-16T19:45,348.0,,1004.6,0.0,16.7,87.9,2.2,2.3
2026-09-16T20:00,,0.0,,,,,,
2026-09-16T20:15,342.0,,1004.5,0.0,17.1,90.3,0.4,0.9
2026-09-16T20:30,335.0,,1004.5,0.0,17.1,90.6,0.6,1.0
2026-09-16T20:45,317.0,,1004.7,0.0,17.5,91.5,0.4,1.4
2026-09-16T21:00,,0.0,,,,,,
2026-09-16T21:15,23.0,,1004.6,0.0,17.3,91.8,0.6,1.5
2026-09-16T21:45,26.0,,1004.6,0.0,16.9,92.4,0.7,1.9
2026-09-16T22:00,,0.0,,,,,,
2026-09-16T22:15,7.0,,1004.4,0.0,17.0,92.1,1.0,2.2
2026-09-16T22:30,35.0,,1004.4,0.0,17.3,92.8,0.9,1.5
2026-09-16T22:45,15.0,,1004.3,0.0,17.3,92.9,0.7,1.2
2026-09-16T23:00,,0.0,,,,,,
2026-09-16T23:15,27.0,,1004.2,0.0,18.4,94.2,0.8,1.5
2026-09-16T23:30,33.0,,1004.2,0.0,18.5,93.3,0.7,1.5
2026-09-17T00:00,7.0,0.0,1004.0,0.0,18.8,91.8,0.4,1.9
2026-09-17T00:15,37.0,,1003.8,0.0,19.2,91.1,0.7,2.4
2026-09-17T00:45,53.0,,1003.8,0.0,19.5,90.6,1.8,1.8
2026-09-17T01:00,38.0,0.0,1003.8,0.0,19.5,89.8,0.3,2.1
2026-09-17T01:15,296.0,,1003.8,0.0,18.9,91.9,0.8,3.0
2026-09-17T01:45,4.0,,1003.9,0.0,18.4,92.7,0.7,3.6
2026-09-17T02:00,37.0,6.2,1003.8,0.0,18.3,93.7,0.7,1.7
2026-09-17T02:15,17.0,,1003.7,0.0,18.5,94.5,1.1,1.5
2026-09-17T02:30,7.0,,1003.7,0.0,18.3,94.9,1.1,1.7
2026-09-17T03:00,292.0,2.4,1003.6,0.0,18.5,95.4,1.1,1.7
2026-09-17T03:15,86.0,,1003.6,0.0,18.4,95.6,0.9,1.8
2026-09-17T03:30,334.0,,1003.7,0.0,18.5,96.0,0.2,1.3
2026-09-17T04:00,286.0,2.8,1004.3,0.0,18.7,96.2,2.1,3.2
2026-09-17T04:15,239.0,,1004.9,0.0,18.5,96.1,3.6,7.0
2026-09-17T04:30,92.0,,1003.5,0.0,18.3,96.3,3.7,7.0
2026-09-17T04:45,90.0,,1003.3,0.0,18.1,95.9,2.0,6.1
2026-09-17T05:00,,24.7,,,,,,
2026-09-17T05:15,64.0,,1003.7,4.9,18.1,96.3,1.0,3.3
2026-09-17T05:30,67.0,,1003.9,6.4,18.0,96.3,0.2,2.2
2026-09-17T05:45,45.0,,1003.9,10.0,18.0,96.7,1.4,1.8
2026-09-17T06:00,,0.2,,,,,,
2026-09-17T06:15,5.0,,1004.2,67.1,18.4,97.3,0.7,1.6
2026-09-17T06:30,58.0,,1003.9,127.1,18.9,97.3,0.9,2.3
2026-09-17T07:00,40.0,0.0,1003.9,64.9,19.1,96.4,0.6,1.8
2026-09-17T07:15,50.0,,1003.8,142.8,19.5,96.1,1.4,2.3
2026-09-17T07:30,181.0,,1004.5,49.0,19.7,95.2,0.1,2.2
2026-09-17T07:45,130.0,,1004.7,12.0,19.0,94.8,0.9,0.9
2026-09-17T08:00,,0.0,,,,,,
2026-09-17T08:15,172.0,,1003.6,11.6,18.6,95.5,1.1,7.2
2026-09-17T08:30,320.0,,1004.8,17.9,18.4,94.7,0.6,3.8
2026-09-17T08:45,294.0,,1003.6,52.1,18.2,94.9,0.7,5.5
2026-09-17T09:00,,1.0,,,,,,
2026-09-17T09:15,119.0,,1005.0,162.1,19.2,95.6,1.8,2.3
2026-09-17T09:30,293.0,,1005.4,230.6,19.5,94.3,0.0,2.4
2026-09-17T09:45,232.0,,1005.7,201.0,20.0,93.6,1.0,1.4
2026-09-17T10:00,,0.0,,,,,,
2026-09-17T10:15,188.0,,1005.1,199.5,20.7,90.9,0.6,1.3
2026-09-17T10:30,262.0,,1005.3,191.6,20.3,90.7,0.5,1.8
2026-09-17T11:00,29.0,0.0,1005.3,140.8,20.5,89.7,1.3,2.3
2026-09-17T11:15,95.0,,1005.3,226.5,20.8,89.4,1.2,1.9
2026-09-17T11:30,118.0,,1005.5,523.4,21.8,85.9,1.7,2.8
2026-09-17T12:00,99.0,0.0,1005.4,338.3,21.8,80.7,0.8,3.1
2026-09-17T12:15,107.0,,1005.4,370.7,22.3,81.3,1.4,2.8
2026-09-17T12:30,124.0,,1005.1,337.0,21.9,79.9,1.5,3.5
2026-09-17T13:00,105.0,0.0,1004.8,668.2,23.3,77.0,0.8,3.8
2026-09-17T13:15,257.0,,1004.8,330.4,22.6,73.8,2.1,2.4
2026-09-17T13:30,154.0,,1004.9,654.8,24.2,71.3,0.5,2.8
2026-09-17T14:00,103.0,0.0,1005.0,552.5,24.7,68.7,1.1,2.5
2026-09-17T14:15,230.0,,1004.7,598.3,24.5,66.7,1.8,2.4
2026-09-17T14:30,155.0,,1004.6,553.5,24.1,65.9,2.3,2.8
2026-09-17T14:45,104.0,,1004.5,422.2,23.7,64.7,2.3,3.1
2026-09-17T15:00,,0.0,,,,,,
2026-09-17T15:15,29.0,,1004.3,135.6,22.8,66.9,0.6,2.1
2026-09-17T15:30,80.0,,1004.3,292.0,23.6,64.7,2.7,4.0
2026-09-17T16:00,88.0,0.0,1004.4,175.1,23.4,63.6,2.8,3.1
2026-09-17T16:15,95.0,,1004.5,131.5,22.9,64.5,2.5,3.9
2026-09-17T16:30,105.0,,1004.5,89.6,22.5,66.3,2.2,3.4
2026-09-17T17:00,114.0,0.0,1004.5,10.9,20.1,71.9,1.9,2.7
2026-09-17T17:15,97.0,,1004.5,3.0,19.7,75.4,1.4,2.4
2026-09-17T17:30,85.0,,1004.6,0.0,18.5,78.4,1.2,1.8
2026-09-17T18:00,91.0,0.0,1005.0,0.0,17.9,83.2,0.7,1.3
2026-09-17T18:15,87.0,,1005.3,0.0,17.8,85.4,0.4,1.3
2026-09-17T18:30,40.0,,1005.5,0.0,18.2,87.0,0.5,0.9
2026-09-17T19:00,33.0,0.0,1005.8,0.0,19.0,85.0,0.8,3.0
2026-09-17T19:15,40.0,,1006.0,0.0,18.6,84.2,0.7,2.0
2026-09-17T19:30,25.0,,1006.0,0.0,18.5,83.1,1.1,2.6
2026-09-17T20:00,43.0,0.0,1006.1,0.0,17.5,84.5,0.9,1.3
2026-09-17T20:15,125.0,,1006.1,0.0,17.3,85.5,0.2,0.8
2026-09-17T20:30,31.0,,1006.4,0.0,17.2,86.8,0.7,1.2
2026-09-17T21:00,26.0,0.0,1006.1,0.0,17.9,83.7,0.9,2.4
2026-09-17T21:15,71.0,,1006.0,0.0,18.1,82.2,1.3,2.7
2026-09-17T21:45,29.0,,1005.9,0.0,17.5,82.5,0.6,1.5
2026-09-17T22:00,,0.0,,,,,,
2026-09-17T22:15,17.0,,1005.6,0.0,16.7,84.2,0.8,1.0
2026-09-17T22:30,39.0,,1005.5,0.0,16.3,85.1,0.8,1.4
2026-09-17T22:45,303.0,,1005.7,0.0,15.7,85.7,0.2,1.4
2026-09-17T23:00,,0.0,,,,,,
2026-09-17T23:15,337.0,,1005.7,0.0,14.8,86.7,0.2,1.6
2026-09-17T23:45,65.0,,1005.6,0.0,14.2,88.9,0.4,1.3
2026-09-18T00:00,9.0,0.0,1005.4,0.0,14.6,90.4,0.8,1.0
2026-09-18T00:15,25.0,,1005.2,0.0,14.6,91.2,0.7,1.4
2026-09-18T00:45,195.0,,1005.1,0.0,14.6,90.9,0.1,2.1
2026-09-18T01:00,205.0,0.0,1005.2,0.0,14.4,91.1,0.2,0.9
2026-09-18T01:15,266.0,,1005.2,0.0,14.3,91.5,0.0,0.8
2026-09-18T01:45,346.0,,1004.9,0.0,13.8,91.9,0.6,0.9
2026-09-18T02:00,352.0,0.0,1004.8,0.0,13.7,92.5,0.4,0.9
2026-09-18T02:15,37.0,,1004.8,0.0,13.6,92.9,0.4,1.2
2026-09-18T02:45,357.0,,1004.7,0.0,13.7,93.8,0.4,1.1
2026-09-18T03:00,349.0,0.0,1004.7,0.0,13.8,94.1,0.6,1.0
2026-09-18T03:15,1.0,,1004.7,0.0,13.6,93.8,0.5,1.1
2026-09-18T03:45,11.0,,1004.6,0.0,13.4,94.3,0.9,1.1
2026-09-18T04:00,6.0,0.0,1004.3,0.0,14.0,94.9,0.7,1.4
2026-09-18T04:15,14.0,,1004.4,0.0,14.5,95.3,0.7,1.0
2026-09-18T04:30,324.0,,1004.6,0.0,14.5,95.1,0.4,1.1
2026-09-18T04:45,269.0,,1004.8,0.0,14.6,95.0,0.1,0.9
2026-09-18T05:00,356.0,0.0,1004.8,8.7,14.5,94.2,0.3,0.7
2026-09-18T05:15,22.0,,1004.9,17.6,14.5,94.1,0.4,0.6
2026-09-18T05:45,38.0,,1004.9,79.2,14.7,95.0,0.7,0.9
2026-09-18T06:00,8.0,0.0,1004.8,103.0,16.1,95.5,0.4,1.2
2026-09-18T06:15,100.0,,1005.0,77.7,16.8,93.4,1.0,1.3
2026-09-18T06:45,155.0,,1005.4,257.1,18.2,92.3,0.5,1.9
2026-09-18T07:00,116.0,0.0,1005.7,343.9,18.8,90.3,1.2,1.2
2026-09-18T07:15,57.0,,1005.8,231.9,19.0,87.7,0.3,1.7
2026-09-18T07:30,140.0,,1005.9,403.9,20.3,87.0,0.8,1.7
2026-09-18T08:00,136.0,0.0,1006.0,207.8,19.6,82.6,1.6,2.9
2026-09-18T08:15,116.0,,1006.1,210.8,19.8,82.1,1.5,2.3
2026-09-18T08:45,179.0,,1006.5,257.6,20.2,81.3,0.9,2.5
2026-09-18T09:00,119.0,0.0,1006.6,716.3,21.1,79.5,0.4,2.1
2026-09-18T09:15,58.0,,1006.6,387.7,21.6,75.4,1.1,3.4
2026-09-18T09:45,348.0,,1006.4,372.3,22.6,69.8,0.8,3.0
2026-09-18T10:00,,0.0,,,,,,
2026-09-18T10:15,68.0,,1006.1,789.7,24.2,65.1,1.9,4.8
2026-09-18T10:30,57.0,,1005.9,438.1,23.9,59.9,2.1,4.8
2026-09-18T11:00,87.0,0.0,1005.9,999.6,25.8,55.5,1.4,4.4
2026-09-18T11:15,52.0,,1005.9,822.0,24.7,52.2,1.4,4.6
2026-09-18T11:30,102.0,,1005.7,824.7,25.4,53.3,1.4,3.9
2026-09-18T12:00,103.0,0.0,1005.7,752.0,25.8,54.2,2.7,3.6
2026-09-18T12:15,70.0,,1005.6,648.3,25.1,53.4,1.9,4.4
2026-09-18T12:30,110.0,,1005.5,510.4,24.9,54.5,2.9,3.9
2026-09-18T13:00,104.0,0.0,1005.5,651.0,25.6,51.6,3.0,3.6
2026-09-18T13:15,41.0,,1005.4,616.6,26.3,52.3,1.6,4.4
2026-09-18T13:30,90.0,,1005.2,587.3,26.1,51.7,2.7,3.9
2026-09-18T14:00,97.0,0.0,1005.2,516.5,25.6,50.6,2.5,4.6
2026-09-18T14:15,117.0,,1005.4,473.0,26.2,50.8,2.3,2.7
2026-09-18T14:45,117.0,,1005.4,182.6,25.6,53.3,1.0,2.8
2026-09-18T15:00,,0.0,,,,,,
2026-09-18T15:15,135.0,,1005.5,328.5,26.5,54.3,0.3,3.1
2026-09-18T15:45,94.0,,1005.5,237.7,25.8,56.6,0.9,2.4
2026-09-18T16:00,,0.0,,,,,,
2026-09-18T16:15,219.0,,1005.7,124.7,25.2,59.0,0.9,2.3
2026-09-18T16:30,214.0,,1005.7,70.7,24.8,60.0,0.6,1.6
2026-09-18T16:45,186.0,,1005.7,23.7,23.3,63.0,0.3,0.9
2026-09-18T17:00,,0.0,,,,,,
2026-09-18T17:15,348.0,,1005.9,0.0,20.7,73.0,0.4,0.8
2026-09-18T17:45,275.0,,1006.0,0.0,19.5,79.7,0.1,0.9
2026-09-18T18:00,300.0,0.0,1006.4,0.0,19.7,82.1,0.9,0.9
2026-09-18T18:15,353.0,,1006.6,0.0,18.0,82.5,1.2,1.3
2026-09-18T18:45,347.0,,1006.8,0.0,18.0,86.0,0.5,1.2
2026-09-18T19:00,,0.0,,,,,,
2026-09-18T19:15,0.0,,1007.1,0.0,18.0,88.3,0.9,1.3
2026-09-18T19:30,342.0,,1007.4,0.0,17.3,88.2,0.7,1.5
2026-09-18T19:45,334.0,,1007.6,0.0,17.7,89.4,0.5,1.3
2026-09-18T20:00,,0.0,,,,,,
2026-09-18T20:15,2.0,,1007.7,0.0,17.3,89.7,0.7,1.1
2026-09-18T20:30,337.0,,1007.8,0.0,17.3,90.1,0.4,0.9
2026-09-18T21:00,348.0,0.0,1008.1,0.0,17.3,91.4,0.9,1.1
2026-09-18T21:15,349.0,,1008.3,0.0,17.6,91.7,1.0,1.1
2026-09-18T21:30,12.0,,1008.3,0.0,17.4,91.5,0.6,1.1
2026-09-18T21:45,44.0,,1008.5,0.0,17.5,91.9,0.8,1.0
2026-09-18T22:00,,0.0,,,,,,
2026-09-18T22:15,72.0,,1008.5,0.0,17.8,93.0,0.9,0.9
2026-09-18T22:30,25.0,,1008.5,0.0,18.3,91.9,0.8,2.0
2026-09-18T22:45,63.0,,1008.7,0.0,18.2,90.7,1.4,2.3
2026-09-18T23:00,,0.0,,,,,,
2026-09-18T23:15,60.0,,1009.2,0.0,17.2,91.0,1.0,1.5
2026-09-18T23:45,357.0,,1009.2,0.0,16.9,92.0,1.0,1.3
2026-09-19T00:00,55.0,0.0,1009.2,0.0,17.2,92.9,0.6,1.9
2026-09-19T00:15,14.0,,1009.4,0.0,17.5,92.7,1.2,1.8
2026-09-19T00:30,3.0,,1009.5,0.0,16.9,91.9,0.9,1.5
2026-09-19T01:00,11.0,0.0,1009.2,0.0,16.8,92.8,0.6,1.2
2026-09-19T01:15,35.0,,1009.3,0.0,16.7,92.9,0.2,1.1
2026-09-19T01:30,331.0,,1009.2,0.0,16.3,93.0,0.5,0.7
2026-09-19T02:00,56.0,0.0,1009.1,0.0,16.1,93.6,0.1,1.2
2026-09-19T02:15,311.0,,1009.1,0.0,16.1,93.9,0.3,0.6
2026-09-19T02:30,0.0,,1009.1,0.0,15.8,94.0,0.5,0.7
2026-09-19T03:00,308.0,0.0,1009.2,0.0,15.9,94.5,0.4,1.4
2026-09-19T03:15,333.0,,1009.3,0.0,15.7,94.3,0.7,1.4
2026-09-19T03:30,9.0,,1009.3,0.0,15.6,94.5,0.6,0.9
2026-09-19T03:45,331.0,,1009.5,0.0,15.6,94.7,0.7,1.3
2026-09-19T04:00,91.0,0.0,1009.7,0.0,16.0,95.1,0.9,2.9
2026-09-19T04:15,37.0,,1009.7,0.0,15.7,95.1,0.8,1.4
2026-09-19T04:30,81.0,,1009.8,0.0,15.8,95.6,1.1,1.6
2026-09-19T04:45,53.0,,1009.8,0.0,15.1,94.9,0.8,1.7
2026-09-19T05:00,83.0,0.0,1010.1,6.2,15.2,95.3,0.2,1.3
2026-09-19T05:15,104.0,,1010.3,19.7,15.3,96.0,1.0,1.2
2026-09-19T05:30,65.0,,1010.5,26.9,15.5,96.0,1.4,1.9
2026-09-19T05:45,30.0,,1010.6,41.3,15.7,96.5,0.6,2.5
2026-09-19T06:00,,0.0,,,,,,
2026-09-19T06:15,350.0,,1010.7,71.3,16.5,96.9,0.6,1.2
2026-09-19T06:30,60.0,,1010.9,161.2,18.1,97.7,1.3,1.7
2026-09-19T07:00,65.0,0.0,1011.1,307.6,21.1,90.7,0.9,2.0
2026-09-19T07:15,42.0,,1011.1,354.0,22.1,88.3,0.6,1.9
2026-09-19T07:30,63.0,,1011.3,388.9,22.6,84.0,1.1,2.5
2026-09-19T08:00,53.0,0.0,1011.4,485.0,23.8,75.1,2.3,4.4
2026-09-19T08:15,22.0,,1011.7,523.0,24.3,71.4,2.0,5.2
2026-09-19T08:30,99.0,,1011.8,564.1,24.6,67.4,2.9,6.6
2026-09-19T09:00,110.0,0.0,1012.0,623.9,25.7,63.2,3.4,5.3
2026-09-19T09:15,101.0,,1012.1,652.4,25.7,60.0,4.1,6.0
2026-09-19T09:30,86.0,,1012.3,675.8,25.8,57.0,3.3,5.7
2026-09-19T09:45,91.0,,1012.3,697.6,25.9,55.2,3.2,5.3
2026-09-19T10:00,,0.0,,,,,,
2026-09-19T10:15,73.0,,1012.1,726.7,26.6,51.7,3.2,5.8
2026-09-19T10:30,104.0,,1012.1,741.0,26.7,50.0,4.4,5.6
2026-09-19T10:45,335.0,,1012.0,743.2,26.5,49.2,0.9,4.7
2026-09-19T11:00,,0.0,,,,,,
2026-09-19T11:15,213.0,,1012.0,743.4,27.4,48.2,0.7,3.8
2026-09-19T11:45,127.0,,1012.0,748.9,27.7,47.3,1.9,5.3
2026-09-19T12:00,,0.0,,,,,,
2026-09-19T12:15,13.0,,1011.9,724.1,27.6,45.3,1.6,5.3
2026-09-19T12:30,212.0,,1011.6,691.2,27.6,46.6,1.3,3.5
2026-09-19T13:00,59.0,0.0,1011.6,644.3,27.5,45.5,2.0,4.8
2026-09-19T13:15,55.0,,1011.5,611.6,28.1,46.2,1.2,2.6
2026-09-19T13:45,101.0,,1011.5,541.0,28.0,45.7,1.4,3.0
2026-09-19T14:00,103.0,0.0,1011.5,518.7,28.2,46.0,2.3,3.5
2026-09-19T14:15,151.0,,1011.5,462.4,27.9,45.0,1.4,3.6
2026-09-19T14:45,202.0,,1011.5,378.5,28.6,46.7,1.0,2.6
2026-09-19T15:00,,0.0,,,,,,
2026-09-19T15:15,185.0,,1011.6,291.6,27.6,45.9,0.5,2.6
2026-09-19T15:45,119.0,,1011.7,194.6,27.7,48.6,0.2,3.6
2026-09-19T16:00,,0.0,,,,,,
2026-09-19T16:15,213.0,,1011.7,103.6,27.4,50.0,0.5,2.3
2026-09-19T16:30,190.0,,1011.9,60.3,27.1,52.2,0.6,2.5
2026-09-19T16:45,145.0,,1012.0,21.7,25.8,54.0,0.8,1.8
2026-09-19T17:00,,0.0,,,,,,
2026-09-19T17:15,159.0,,1012.1,0.0,23.6,61.0,0.7,1.4
2026-09-19T17:45,341.0,,1012.3,0.0,19.6,72.0,1.7,1.7
2026-09-19T18:00,,0.0,,,,,,
2026-09-19T18:15,226.0,,1012.5,0.0,20.5,77.3,0.5,2.2
2026-09-19T18:30,346.0,,1012.8,0.0,19.6,78.3,1.2,1.9
2026-09-19T19:00,3.0,0.0,1013.1,0.0,19.1,81.3,0.8,1.4
2026-09-19T19:15,346.0,,1013.1,0.0,18.4,82.2,0.2,1.2
2026-09-19T19:30,10.0,,1013.3,0.0,18.1,83.7,0.3,1.1
2026-09-19T20:00,0.0,0.0,1013.4,0.0,17.8,85.6,0.7,0.9
2026-09-19T20:15,354.0,,1013.5,0.0,17.9,86.4,0.2,1.0
2026-09-19T20:45,11.0,,1013.6,0.0,17.1,87.5,0.4,0.9
2026-09-19T21:00,26.0,0.0,1013.6,0.0,17.6,88.6,0.7,0.9
2026-09-19T21:15,0.0,,1013.7,0.0,17.2,88.6,0.3,1.3
2026-09-19T21:30,22.0,,1013.9,0.0,17.0,88.9,0.5,0.9
2026-09-19T21:45,322.0,,1013.9,0.0,17.0,89.5,0.2,0.8
2026-09-19T22:00,,0.0,,,,,,
2026-09-19T22:15,323.0,,1013.7,0.0,16.7,89.9,0.2,0.8
2026-09-19T22:30,16.0,,1013.9,0.0,16.8,90.4,0.4,0.8
2026-09-19T23:00,,0.0,,,,,,
2026-09-19T23:15,8.0,,1013.7,0.0,16.6,91.0,0.1,0.6
2026-09-19T23:45,352.0,,1013.9,0.0,16.7,90.8,0.4,1.1
2026-09-20T00:00,,0.0,,,,,,
2026-09-20T00:15,26.0,,1014.1,0.0,16.9,91.0,0.7,1.3
2026-09-20T00:30,74.0,,1014.1,0.0,16.5,90.4,0.1,1.2
2026-09-20T00:45,32.0,,1014.1,0.0,16.5,91.2,0.5,1.3
2026-09-20T01:00,,0.0,,,,,,
2026-09-20T01:15,75.0,,1014.1,0.0,15.4,91.3,1.3,1.5
2026-09-20T01:45,39.0,,1014.0,0.0,15.6,93.6,0.9,1.5
2026-09-20T02:00,31.0,0.0,1013.9,0.0,15.7,93.9,0.9,1.7
2026-09-20T02:15,41.0,,1013.9,0.0,15.8,94.1,1.5,1.6
2026-09-20T02:30,57.0,,1014.0,0.0,15.3,93.6,0.7,1.5
2026-09-20T03:00,84.0,0.0,1014.0,0.0,15.4,94.3,1.3,1.8
2026-09-20T03:15,56.0,,1013.9,0.0,14.8,94.2,0.7,1.7
2026-09-20T03:45,64.0,,1013.9,0.0,14.4,94.7,0.8,1.1
2026-09-20T04:00,60.0,0.0,1013.7,0.0,14.3,95.0,0.7,1.5
2026-09-20T04:15,36.0,,1013.7,0.0,14.7,95.7,0.7,1.5
2026-09-20T04:30,89.0,,1013.7,0.0,14.6,95.7,0.3,0.7
2026-09-20T04:45,266.0,,1013.6,0.0,14.4,95.6,0.7,0.7
2026-09-20T05:00,257.0,0.0,1013.7,9.9,14.8,96.2,0.6,1.0
2026-09-20T05:15,234.0,,1013.9,30.5,15.1,96.5,0.3,0.6
2026-09-20T05:30,307.0,,1013.9,63.8,15.1,96.5,0.0,0.5
2026-09-20T05:45,221.0,,1013.9,90.9,16.0,97.3,0.7,0.8
2026-09-20T06:00,,0.0,,,,,,
2026-09-20T06:15,275.0,,1014.0,178.3,17.7,96.7,0.3,1.0
2026-09-20T06:45,286.0,,1014.1,272.9,19.5,91.0,0.6,1.0
2026-09-20T07:00,117.0,0.0,1014.2,306.8,20.2,89.5,0.4,1.1
2026-09-20T07:15,322.0,,1014.2,358.2,21.0,86.5,0.1,1.1
2026-09-20T07:45,195.0,,1014.3,444.2,22.7,82.4,0.7,1.1
2026-09-20T08:00,,0.0,,,,,,
2026-09-20T08:15,61.0,,1014.3,471.3,23.6,75.4,0.4,1.1
2026-09-20T08:45,127.0,,1014.6,585.0,25.3,72.0,1.1,1.8
2026-09-20T09:00,,0.0,,,,,,
2026-09-20T09:15,222.0,,1014.3,653.3,24.8,68.4,1.3,3.0
2026-09-20T09:30,199.0,,1014.2,678.8,25.5,67.9,1.1,1.9
2026-09-20T10:00,174.0,0.0,1014.1,738.9,25.4,63.9,1.7,3.0
2026-09-20T10:15,291.0,,1014.1,690.8,26.6,63.7,0.8,2.6
2026-09-20T10:30,217.0,,1013.9,658.1,27.4,61.6,1.2,2.6
2026-09-20T10:45,184.0,,1013.9,552.9,26.5,58.9,1.9,3.3
2026-09-20T11:00,191.0,0.0,1013.9,732.4,27.4,59.0,0.8,3.5
2026-09-20T11:15,233.0,,1013.8,750.0,27.4,57.6,2.2,3.5
2026-09-20T11:45,195.0,,1013.6,726.9,28.0,55.3,0.9,3.6
2026-09-20T12:00,,0.0,,,,,,
2026-09-20T12:15,179.0,,1013.4,702.6,28.6,54.2,1.2,4.1
2026-09-20T12:45,234.0,,1013.0,662.5,27.7,51.9,2.3,3.9
2026-09-20T13:00,287.0,0.0,1013.0,630.0,28.7,51.4,0.3,3.9
2026-09-20T13:15,203.0,,1012.9,619.8,28.3,52.0,2.7,5.1
2026-09-20T13:45,242.0,,1012.6,486.7,28.5,50.6,1.9,4.4
2026-09-20T14:00,228.0,0.0,1012.4,470.6,28.2,51.2,1.4,3.1
2026-09-20T14:15,278.0,,1012.1,432.0,28.1,50.5,0.9,2.9
2026-09-20T14:45,205.0,,1011.7,293.2,27.8,52.7,1.6,3.2
2026-09-20T15:00,205.0,0.0,1011.9,340.8,28.3,51.7,1.7,3.3
2026-09-20T15:15,204.0,,1011.9,290.0,28.1,51.6,1.7,3.8
2026-09-20T15:45,223.0,,1011.6,155.3,27.1,53.6,1.9,3.3
2026-09-20T16:00,227.0,0.0,1011.6,93.9,26.8,56.0,1.5,2.7
2026-09-20T16:15,213.0,,1011.6,63.0,26.1,57.7,0.9,3.1
2026-09-20T16:30,236.0,,1011.8,55.4,25.5,60.3,1.4,2.1
2026-09-20T16:45,203.0,,1011.6,23.5,25.1,61.7,1.2,1.9
2026-09-20T17:00,,0.0,,,,,,
2026-09-20T17:15,242.0,,1011.7,0.0,23.1,67.5,0.6,1.2
2026-09-20T17:30,13.0,,1011.7,0.0,21.8,72.3,0.4,0.6
2026-09-20T17:45,341.0,,1011.8,0.0,21.8,75.9,0.7,1.0
2026-09-20T18:00,,0.0,,,,,,
2026-09-20T18:15,354.0,,1012.0,0.0,20.7,79.4,0.5,0.9
2026-09-20T18:45,322.0,,1012.0,0.0,19.3,84.1,1.0,1.3
2026-09-20T19:00,,0.0,,,,,,
2026-09-20T19:15,230.0,,1011.9,0.0,18.9,86.2,0.8,0.9
2026-09-20T19:30,134.0,,1012.0,0.0,18.4,87.0,0.1,1.3
2026-09-20T19:45,6.0,,1012.0,0.0,18.7,88.5,1.0,1.3
2026-09-20T20:00,,0.0,,,,,,
2026-09-20T20:15,22.0,,1012.4,0.0,18.2,90.0,1.1,1.8
2026-09-20T20:45,2.0,,1012.1,0.0,18.5,91.3,1.1,1.2
2026-09-20T21:00,351.0,0.0,1012.3,0.0,18.4,91.5,0.7,1.3
2026-09-20T21:15,3.0,,1012.3,0.0,18.0,91.2,0.8,1.6
2026-09-20T21:45,8.0,,1012.4,0.0,17.7,92.1,0.5,1.5
2026-09-20T22:00,,0.0,,,,,,
2026-09-20T22:15,2.0,,1012.3,0.0,17.8,92.8,0.9,1.2
2026-09-20T22:30,302.0,,1012.3,0.0,17.8,92.9,0.4,1.2
2026-09-20T22:45,329.0,,1012.0,0.0,17.5,92.9,0.2,1.3
2026-09-20T23:00,,0.0,,,,,,
2026-09-20T23:15,312.0,,1011.6,0.0,17.4,93.6,0.4,0.9
2026-09-20T23:45,0.0,,1011.8,0.0,17.3,94.2,0.5,1.2
2026-09-21T00:00,357.0,0.0,1011.8,0.0,17.2,94.2,0.6,1.6
2026-09-21T00:15,57.0,,1011.8,0.0,17.5,94.7,0.6,1.6
2026-09-21T00:45,66.0,,1011.8,0.0,17.6,95.2,0.8,2.1
2026-09-21T01:00,,0.0,,,,,,
2026-09-21T01:15,51.0,,1011.3,0.0,17.5,94.9,0.5,1.7
2026-09-21T01:45,52.0,,1011.1,0.0,16.8,94.9,1.0,1.7
2026-09-21T02:00,26.0,0.0,1011.0,0.0,16.5,95.0,0.5,1.5
2026-09-21T02:15,339.0,,1010.8,0.0,16.5,95.2,0.2,1.1
2026-09-21T02:45,8.0,,1010.9,0.0,15.9,95.4,0.6,0.9
2026-09-21T03:00,338.0,0.0,1010.9,0.0,15.9,95.7,0.4,1.0
2026-09-21T03:15,12.0,,1011.0,0.0,15.9,96.0,0.5,1.3
2026-09-21T03:45,25.0,,1011.1,0.0,16.4,96.3,0.6,2.0
2026-09-21T04:00,353.0,0.0,1011.1,0.0,15.9,95.6,0.5,1.0
2026-09-21T04:15,32.0,,1011.1,0.0,15.3,95.4,1.1,1.7
2026-09-21T04:30,51.0,,1011.2,0.0,15.5,96.2,0.3,1.8
2026-09-21T04:45,51.0,,1011.2,0.0,16.1,97.1,1.2,2.0
2026-09-21T05:00,3.0,0.0,1011.3,0.0,15.8,96.6,0.4,1.7
2026-09-21T05:15,62.0,,1011.5,10.1,16.1,97.1,1.0,1.5
2026-09-21T05:45,17.0,,1011.5,32.8,16.7,97.2,0.2,1.4
2026-09-21T06:00,194.0,0.0,1011.7,43.5,17.2,97.2,0.3,1.4
2026-09-21T06:15,13.0,,1011.8,53.4,17.3,96.8,0.5,1.2
2026-09-21T06:30,19.0,,1011.8,67.3,17.6,96.9,0.8,0.9
2026-09-21T07:00,45.0,0.0,1011.8,85.0,18.3,96.3,0.5,1.4
2026-09-21T07:15,97.0,,1012.0,99.6,18.7,96.3,0.3,1.0
2026-09-21T07:30,29.0,,1011.8,108.2,19.3,96.7,0.4,0.9
2026-09-21T07:45,13.0,,1012.0,154.1,19.9,96.7,1.3,1.3
2026-09-21T08:00,,0.0,,,,,,
2026-09-21T08:15,36.0,,1012.0,459.4,22.3,92.1,0.7,1.9
2026-09-21T08:45,68.0,,1011.7,512.3,24.4,83.0,0.9,2.8
2026-09-21T09:00,,0.0,,,,,,
2026-09-21T09:15,102.0,,1011.6,235.8,24.9,77.7,1.4,1.6
2026-09-21T09:30,116.0,,1011.8,219.9,24.7,77.7,1.7,2.4
2026-09-21T09:45,110.0,,1011.8,237.5,23.7,76.4,2.9,3.4
2026-09-21T10:00,,0.0,,,,,,
2026-09-21T10:15,105.0,,1011.9,457.4,24.5,74.9,3.0,4.6
2026-09-21T10:45,99.0,,1011.9,339.1,24.7,70.1,2.0,3.9
2026-09-21T11:00,70.0,0.0,1011.8,332.3,24.9,67.8,2.5,3.8
2026-09-21T11:15,32.0,,1011.5,425.7,24.6,66.6,0.7,4.2
2026-09-21T11:45,76.0,,1011.2,851.7,26.6,62.5,1.0,3.6
2026-09-21T12:00,77.0,0.0,1011.1,744.2,26.4,58.1,2.5,5.5
2026-09-21T12:15,111.0,,1010.9,712.6,26.4,57.2,0.8,4.4
2026-09-21T12:45,87.0,,1010.5,658.3,26.7,57.4,1.9,4.6
2026-09-21T13:00,63.0,0.0,1010.5,630.6,26.7,55.8,1.0,5.7
2026-09-21T13:15,83.0,,1010.2,608.3,26.9,54.1,2.4,3.8
2026-09-21T13:45,99.0,,1009.9,506.2,26.8,52.8,1.4,4.8
2026-09-21T14:00,104.0,0.0,1009.6,499.7,26.9,51.9,3.5,5.1
2026-09-21T14:15,89.0,,1009.5,449.8,27.1,52.7,2.8,4.8
2026-09-21T14:30,97.0,,1009.6,329.0,26.4,52.1,3.1,5.7
2026-09-21T14:45,124.0,,1009.5,368.3,26.5,51.0,3.6,5.1
2026-09-21T15:00,,0.0,,,,,,
2026-09-21T15:15,85.0,,1009.5,275.6,26.6,50.1,2.4,4.8
2026-09-21T15:45,109.0,,1009.6,169.6,25.7,50.8,3.3,4.1
2026-09-21T16:00,89.0,0.0,1009.6,110.6,25.2,51.6,1.8,3.8
2026-09-21T16:15,58.0,,1009.8,26.7,23.4,56.1,0.9,3.1
2026-09-21T16:45,74.0,,1009.7,10.4,21.8,62.0,1.1,1.6
2026-09-21T17:00,60.0,0.0,1009.8,4.3,21.1,64.2,0.7,1.6
2026-09-21T17:15,11.0,,1009.9,0.0,19.4,68.8,0.6,1.6
2026-09-21T17:45,26.0,,1010.3,0.0,18.0,76.7,0.6,1.4
2026-09-21T18:00,,0.0,,,,,,
2026-09-21T18:15,0.0,,1010.6,0.0,17.1,80.3,0.3,1.2
2026-09-21T18:45,51.0,,1011.0,0.0,18.1,84.2,1.4,2.3
2026-09-21T19:00,,0.0,,,,,,
2026-09-21T19:15,40.0,,1011.3,0.0,17.1,84.1,0.8,1.8
2026-09-21T19:30,9.0,,1011.3,0.0,17.6,83.9,0.7,1.5
2026-09-21T19:45,32.0,,1011.4,0.0,17.1,83.1,1.6,1.8
2026-09-21T20:00,,0.0,,,,,,
2026-09-21T20:15,44.0,,1011.7,0.0,15.8,84.4,1.1,1.5
2026-09-21T20:30,352.0,,1011.8,0.0,15.9,85.4,0.8,1.7
2026-09-21T21:00,42.0,0.0,1012.0,0.0,17.2,84.4,1.8,2.5
2026-09-21T21:15,59.0,,1012.2,0.0,17.2,82.2,0.9,2.8
2026-09-21T21:30,22.0,,1012.3,0.0,16.0,82.2,1.2,2.2
2026-09-21T21:45,276.0,,1012.4,0.0,15.8,83.6,0.1,1.5
2026-09-21T22:00,,0.0,,,,,,
2026-09-21T22:15,73.0,,1012.4,0.0,16.6,80.3,1.5,2.3
2026-09-21T22:30,257.0,,1012.4,0.0,15.5,80.8,0.1,1.6
2026-09-21T23:00,,0.0,,,,,,
2026-09-21T23:15,265.0,,1012.5,0.0,14.6,85.4,0.6,1.5
2026-09-21T23:45,343.0,,1012.5,0.0,15.2,84.5,1.0,2.6
2026-09-22T00:00,93.0,0.0,1012.7,0.0,16.6,83.4,1.0,2.6
2026-09-22T00:15,126.0,,1012.5,0.0,16.4,79.5,0.2,4.2
2026-09-22T00:30,272.0,,1012.5,0.0,15.0,80.3,1.4,1.4
2026-09-22T01:00,135.0,0.0,1012.4,0.0,15.1,81.0,0.6,1.7
2026-09-22T01:15,246.0,,1012.3,0.0,15.0,82.1,0.2,1.1
2026-09-22T01:45,0.0,,1012.4,0.0,13.7,84.4,0.8,3.9
2026-09-22T02:00,321.0,0.0,1012.3,0.0,13.3,85.9,1.3,1.4
2026-09-22T02:15,169.0,,1012.4,0.0,13.5,87.4,0.5,1.1
2026-09-22T02:45,11.0,,1012.3,0.0,14.2,88.0,0.7,1.7
2026-09-22T03:00,298.0,0.0,1012.2,0.0,14.0,88.0,0.8,1.5
2026-09-22T03:15,7.0,,1012.2,0.0,14.0,88.6,1.5,2.0
2026-09-22T03:45,21.0,,1012.2,0.0,13.4,88.5,0.7,1.5
2026-09-22T04:00,20.0,0.0,1012.2,0.0,12.7,87.9,1.6,2.0
2026-09-22T04:15,54.0,,1012.2,0.0,13.7,86.4,1.0,3.6
2026-09-22T04:45,245.0,,1012.3,0.0,13.3,85.6,0.3,1.0
2026-09-22T05:00,263.0,0.0,1012.3,5.5,13.0,86.2,0.6,0.8
2026-09-22T05:15,255.0,,1012.3,23.9,12.5,87.1,0.7,0.9
2026-09-22T05:45,323.0,,1012.5,86.2,12.8,87.9,0.5,0.9
2026-09-22T06:00,61.0,0.0,1012.6,125.6,13.5,89.7,0.9,1.2
2026-09-22T06:15,227.0,,1012.8,172.9,14.1,90.4,0.6,1.4
2026-09-22T06:45,193.0,,1012.9,268.1,16.3,84.7,0.3,1.4
2026-09-22T07:00,,0.0,,,,,,
2026-09-22T07:15,217.0,,1013.0,363.0,18.0,75.2,0.6,2.2
2026-09-22T07:30,180.0,,1013.1,408.2,18.4,69.6,0.4,2.9
2026-09-22T08:00,139.0,0.0,1013.2,492.3,19.6,61.7,1.1,3.1
2026-09-22T08:15,154.0,,1013.2,532.9,19.9,61.0,1.1,3.5
2026-09-22T08:45,181.0,,1013.4,604.0,20.0,54.5,2.1,3.6
2026-09-22T09:00,169.0,0.0,1013.3,634.5,21.0,50.9,2.0,2.8
2026-09-22T09:15,200.0,,1013.2,663.6,21.3,49.1,1.2,2.8
2026-09-22T09:45,151.0,,1013.1,704.9,21.6,42.3,1.2,2.9
2026-09-22T10:00,213.0,0.0,1013.0,723.0,22.3,41.2,0.6,4.0
2026-09-22T10:15,188.0,,1012.9,731.6,22.8,40.9,1.8,2.8
2026-09-22T10:30,159.0,,1012.9,742.1,23.0,38.6,1.2,4.4
2026-09-22T10:45,207.0,,1012.7,750.0,22.6,37.4,0.9,5.0
2026-09-22T11:00,,0.0,,,,,,
2026-09-22T11:15,200.0,,1012.6,754.0,23.6,37.4,3.1,4.4
2026-09-22T11:30,215.0,,1012.5,751.2,23.1,36.0,1.2,4.1
2026-09-22T12:00,290.0,0.0,1012.2,728.1,22.9,33.9,0.6,5.1
2026-09-22T12:15,156.0,,1012.1,711.9,24.3,34.1,1.4,2.5
2026-09-22T12:45,236.0,,1011.7,670.7,23.2,33.1,2.5,4.8
2026-09-22T13:00,209.0,0.0,1011.6,643.1,23.6,34.1,2.4,4.5
2026-09-22T13:15,195.0,,1011.5,614.2,23.6,33.4,2.1,4.9
2026-09-22T13:45,174.0,,1011.4,545.1,24.1,32.4,0.6,5.6
2026-09-22T14:00,263.0,0.0,1011.3,508.4,24.2,34.7,1.7,4.8
2026-09-22T14:15,240.0,,1011.3,467.9,23.5,33.1,2.0,4.0
2026-09-22T14:45,171.0,,1011.0,378.8,24.4,35.0,1.1,3.3
2026-09-22T15:00,249.0,0.0,1011.1,336.8,23.8,34.9,2.1,3.7
2026-09-22T15:15,209.0,,1011.0,288.8,23.6,35.8,2.7,4.4
2026-09-22T15:30,249.0,,1011.0,243.4,23.4,35.2,1.8,3.8
2026-09-22T16:00,216.0,0.0,1011.2,146.9,23.0,37.8,1.4,3.3
2026-09-22T16:15,188.0,,1011.3,101.1,22.8,39.2,0.9,3.2
2026-09-22T16:30,213.0,,1011.4,61.9,22.1,40.1,1.3,2.2
2026-09-22T17:00,146.0,0.0,1011.6,5.8,19.4,45.9,0.5,1.6
2026-09-22T17:15,207.0,,1011.9,0.0,18.3,48.5,0.4,0.7
2026-09-22T17:45,235.0,,1012.4,0.0,16.1,60.6,0.6,1.2
2026-09-22T18:00,306.0,0.0,1012.6,0.0,15.7,62.5,0.6,1.1
2026-09-22T18:15,281.0,,1012.9,0.0,14.2,67.0,1.0,1.3
2026-09-22T18:45,310.0,,1013.4,0.0,13.2,74.4,1.0,1.9
2026-09-22T19:00,2.0,0.0,1013.5,0.0,13.1,77.1,0.4,1.2
2026-09-22T19:15,329.0,,1013.7,0.0,12.8,78.1,0.5,1.2
2026-09-22T19:45,7.0,,1014.0,0.0,12.5,80.9,0.7,1.0
2026-09-22T20:00,,0.0,,,,,,
2026-09-22T20:15,103.0,,1014.7,0.0,13.8,82.6,2.5,5.6
2026-09-22T20:45,18.0,,1015.0,0.0,13.3,81.1,0.8,2.1
2026-09-22T21:00,11.0,0.0,1015.1,0.0,13.5,81.7,1.4,1.8
2026-09-22T21:15,5.0,,1015.2,0.0,11.9,81.3,1.3,2.1
2026-09-22T21:45,3.0,,1015.6,0.0,12.3,83.2,0.5,2.0
2026-09-22T22:00,,0.0,,,,,,
2026-09-22T22:15,318.0,,1015.7,0.0,13.4,81.8,0.7,2.0
2026-09-22T22:30,305.0,,1015.8,0.0,13.0,80.6,0.3,1.7
2026-09-22T23:00,,0.0,,,,,,
2026-09-22T23:15,344.0,,1015.9,0.0,11.9,84.4,0.4,0.9
2026-09-22T23:45,275.0,,1015.9,0.0,11.6,85.2,0.9,0.9
2026-09-23T00:00,292.0,0.0,1015.9,0.0,11.4,85.4,0.8,1.0
2026-09-23T00:15,298.0,,1015.9,0.0,11.8,86.2,0.7,1.0
2026-09-23T00:45,349.0,,1015.7,0.0,10.6,86.9,0.8,1.4
2026-09-23T01:00,345.0,0.0,1015.7,0.0,10.2,87.0,0.3,0.9
2026-09-23T01:15,336.0,,1015.6,0.0,10.1,87.8,0.6,0.9
2026-09-23T01:45,341.0,,1015.4,0.0,10.3,88.3,1.2,2.5
2026-09-23T02:00,339.0,0.0,1015.4,0.0,9.7,87.7,1.0,1.8
2026-09-23T02:15,348.0,,1015.3,0.0,9.4,88.4,1.2,1.8
2026-09-23T02:30,305.0,,1015.3,0.0,9.8,89.4,1.0,2.6
2026-09-23T02:45,19.0,,1015.2,0.0,10.2,89.5,0.8,2.3
2026-09-23T03:00,,0.0,,,,,,
2026-09-23T03:15,351.0,,1015.2,0.0,10.0,89.5,0.6,1.4
2026-09-23T03:45,3.0,,1015.2,0.0,10.1,89.2,0.6,1.1
2026-09-23T04:00,346.0,0.0,1015.2,0.0,10.0,89.4,0.5,1.0
2026-09-23T04:15,0.0,,1015.2,0.0,10.4,90.0,0.7,1.4
2026-09-23T04:45,328.0,,1015.2,0.0,11.2,90.4,0.2,1.3
2026-09-23T05:00,,0.0,,,,,,
2026-09-23T05:15,47.0,,1015.6,16.5,11.4,89.8,0.9,2.0
2026-09-23T05:45,30.0,,1015.8,53.1,12.2,89.5,0.5,1.5
2026-09-23T06:00,19.0,0.0,1015.8,57.6,12.6,89.2,0.6,1.5
2026-09-23T06:15,345.0,,1015.9,67.2,13.2,89.9,0.2,1.0
2026-09-23T06:45,103.0,,1015.9,171.7,13.6,87.6,2.1,2.4
2026-09-23T07:00,76.0,0.0,1015.9,148.3,14.3,86.3,1.2,2.4
2026-09-23T07:15,66.0,,1016.0,160.4,14.5,85.1,1.6,2.6
2026-09-23T07:30,81.0,,1016.2,148.5,15.1,82.7,1.2,2.4
2026-09-23T08:00,41.0,0.0,1016.3,246.4,16.3,77.6,0.9,2.2
2026-09-23T08:15,91.0,,1016.4,244.7,16.7,72.8,1.0,2.9
2026-09-23T08:45,110.0,,1016.4,282.8,17.0,67.2,1.4,3.1
2026-09-23T09:00,82.0,0.0,1016.5,370.8,17.9,65.2,1.2,2.9
2026-09-23T09:15,81.0,,1016.5,416.0,18.7,62.4,2.4,3.0
2026-09-23T09:45,93.0,,1016.3,435.6,19.0,58.5,2.0,2.9
2026-09-23T10:00,,0.0,,,,,,
2026-09-23T10:15,102.0,,1016.1,752.0,20.5,53.4,1.2,3.5
2026-09-23T10:30,132.0,,1016.0,773.8,20.5,50.2,2.7,3.4
2026-09-23T10:45,169.0,,1015.9,797.1,21.3,51.2,1.3,3.7
2026-09-23T11:00,,0.0,,,,,,
2026-09-23T11:15,170.0,,1015.5,734.6,21.3,48.4,2.9,4.3
2026-09-23T11:30,148.0,,1015.4,739.6,21.7,45.7,0.7,4.3
2026-09-23T11:45,236.0,,1015.3,726.0,20.3,44.9,1.2,4.0
2026-09-23T12:00,,0.0,,,,,,
2026-09-23T12:15,235.0,,1014.8,683.5,21.8,47.2,3.1,6.3
2026-09-23T12:45,230.0,,1014.4,659.2,21.6,46.9,1.6,6.1
2026-09-23T13:00,,0.0,,,,,,
2026-09-23T13:15,197.0,,1014.1,611.5,21.7,47.8,2.5,6.6
2026-09-23T13:45,219.0,,1013.7,536.5,22.1,46.9,3.3,6.4
2026-09-23T14:00,222.0,0.0,1013.5,503.4,21.3,46.0,2.5,7.1
2026-09-23T14:15,215.0,,1013.4,451.8,22.1,47.8,3.3,7.2
2026-09-23T14:45,239.0,,1013.0,368.6,21.8,47.4,5.4,6.1
2026-09-23T15:00,230.0,0.0,1012.9,323.2,21.4,46.9,4.0,6.5
2026-09-23T15:15,235.0,,1012.7,274.9,21.8,48.4,4.1,4.9
2026-09-23T15:30,226.0,,1012.7,230.0,21.5,48.5,3.3,5.1
2026-09-23T16:00,243.0,0.0,1012.6,137.9,20.8,50.5,4.0,5.7
2026-09-23T16:15,226.0,,1012.6,88.6,20.4,51.8,2.2,4.9
2026-09-23T16:45,217.0,,1012.6,13.2,18.8,57.1,1.3,2.2
2026-09-23T17:00,,0.0,,,,,,
2026-09-23T17:15,155.0,,1012.8,0.0,17.7,61.6,1.3,2.3
2026-09-23T17:45,164.0,,1012.9,0.0,15.9,67.3,0.6,1.5
2026-09-23T18:00,,0.0,,,,,,
2026-09-23T18:15,342.0,,1013.3,0.0,13.9,74.1,0.8,1.6
2026-09-23T18:30,355.0,,1013.2,0.0,13.5,77.2,1.2,1.3
2026-09-23T19:00,8.0,0.0,1013.4,0.0,12.9,81.8,1.2,1.6
2026-09-23T19:15,346.0,,1013.5,0.0,12.5,82.9,0.9,1.8
2026-09-23T19:30,19.0,,1013.5,0.0,12.5,84.5,0.6,1.8
2026-09-23T19:45,3.0,,1013.5,0.0,12.6,85.5,0.5,1.0
2026-09-23T20:00,,0.0,,,,,,
2026-09-23T20:15,0.0,,1013.6,0.0,12.6,86.9,0.4,1.1
2026-09-23T20:30,23.0,,1013.7,0.0,12.5,87.4,0.2,0.9
2026-09-23T20:45,12.0,,1013.7,0.0,12.9,87.9,0.5,1.4
2026-09-23T21:00,,0.0,,,,,,
2026-09-23T21:15,31.0,,1013.7,0.0,13.1,88.3,0.7,1.3
2026-09-23T21:30,18.0,,1013.7,0.0,13.5,88.4,0.8,1.7
2026-09-23T21:45,29.0,,1013.6,0.0,13.8,88.0,0.4,1.4
2026-09-23T22:00,,0.0,,,,,,
2026-09-23T22:15,44.0,,1013.5,0.0,14.2,88.0,0.3,0.7
2026-09-23T22:45,86.0,,1013.4,0.0,14.2,87.2,0.2,0.9
2026-09-23T23:00,,0.0,,,,,,
2026-09-23T23:15,16.0,,1013.5,0.0,13.9,87.7,0.7,0.9
2026-09-23T23:45,28.0,,1013.3,0.0,13.9,87.4,0.8,1.2
2026-09-24T00:00,344.0,0.0,1013.3,0.0,13.9,87.9,0.5,1.4
2026-09-24T00:15,269.0,,1013.3,0.0,13.8,87.6,0.1,1.8
2026-09-24T00:45,48.0,,1013.0,0.0,13.0,88.4,0.2,1.0
2026-09-24T01:00,292.0,0.0,1013.0,0.0,12.1,87.9,0.2,1.3
2026-09-24T01:15,7.0,,1012.9,0.0,11.9,88.8,0.4,0.7
2026-09-24T01:30,327.0,,1012.8,0.0,12.0,89.5,0.7,1.1
2026-09-24T02:00,73.0,0.0,1012.7,0.0,11.1,89.4,0.6,1.2
2026-09-24T02:15,341.0,,1012.5,0.0,10.8,90.6,0.6,1.4
2026-09-24T02:30,17.0,,1012.9,0.0,11.0,91.6,0.6,1.3
2026-09-24T02:45,86.0,,1012.7,0.0,10.9,91.9,0.4,1.0
2026-09-24T03:00,,0.0,,,,,,
2026-09-24T03:15,48.0,,1012.7,0.0,10.6,92.2,0.7,1.7
2026-09-24T03:30,347.0,,1012.5,0.0,10.6,93.0,1.0,1.4
2026-09-24T03:45,340.0,,1012.7,0.0,10.7,93.3,0.9,1.8
2026-09-24T04:00,,0.0,,,,,,
2026-09-24T04:15,16.0,,1012.5,0.0,10.1,93.5,0.2,1.2
2026-09-24T04:45,31.0,,1012.4,0.0,10.4,94.0,0.7,1.5
2026-09-24T05:00,62.0,0.0,1012.3,0.0,10.5,94.1,0.4,1.1
2026-09-24T05:15,45.0,,1012.4,12.2,10.6,94.3,0.7,0.9
2026-09-24T05:30,33.0,,1012.4,29.1,10.5,94.0,0.4,1.0
2026-09-24T05:45,17.0,,1012.4,51.6,11.0,94.6,0.9,1.3
2026-09-24T06:00,,0.0,,,,,,
2026-09-24T06:15,353.0,,1012.5,90.4,12.9,95.3,0.4,1.1
2026-09-24T06:45,337.0,,1012.5,132.4,14.5,94.7,0.4,1.1
2026-09-24T07:00,341.0,0.0,1012.4,130.7,15.0,93.5,0.3,1.0
2026-09-24T07:15,344.0,,1012.4,157.2,15.7,92.8,0.2,0.6
2026-09-24T07:45,64.0,,1012.4,216.9,16.7,88.3,0.8,1.5
2026-09-24T08:00,41.0,0.0,1012.4,310.9,17.5,85.7,1.0,1.8
2026-09-24T08:15,65.0,,1012.4,311.8,18.3,82.9,0.3,1.9
2026-09-24T08:30,77.0,,1012.4,315.6,18.6,77.6,1.0,2.1
2026-09-24T08:45,39.0,,1012.4,409.8,18.9,73.1,1.9,2.3
2026-09-24T09:00,,0.0,,,,,,
2026-09-24T09:15,105.0,,1012.3,517.9,20.4,69.1,0.2,2.3
2026-09-24T09:45,227.0,,1011.9,523.8,20.2,66.4,1.5,2.6
2026-09-24T10:00,,0.0,,,,,,
2026-09-24T10:15,100.0,,1011.6,479.3,21.0,62.5,1.2,2.5
2026-09-24T10:45,164.0,,1011.1,595.2,22.0,61.3,2.5,3.3
2026-09-24T11:00,,0.0,,,,,,
2026-09-24T11:15,214.0,,1010.8,464.4,22.1,57.3,0.6,3.3
2026-09-24T11:30,218.0,,1010.7,491.6,21.5,56.6,0.3,2.6
2026-09-24T12:00,99.0,0.0,1010.5,432.0,22.0,54.0,1.8,2.5
2026-09-24T12:15,97.0,,1010.3,463.3,21.5,52.7,0.8,2.8
2026-09-24T12:45,165.0,,1009.9,444.1,22.1,51.8,0.8,2.1
2026-09-24T13:00,193.0,0.0,1009.8,477.6,22.6,50.7,1.1,2.6
2026-09-24T13:15,121.0,,1009.7,332.3,22.3,51.3,0.8,2.9
2026-09-24T13:45,126.0,,1009.7,306.5,22.5,51.0,2.1,3.5
2026-09-24T14:00,112.0,0.0,1009.3,331.6,22.8,50.4,1.1,2.7
2026-09-24T14:15,136.0,,1009.2,235.4,22.6,49.4,0.9,1.9
2026-09-24T14:30,62.0,,1009.2,188.1,21.7,49.4,0.8,2.0
2026-09-24T14:45,93.0,,1008.8,112.1,21.4,52.0,1.4,2.5
2026-09-24T15:00,,0.0,,,,,,
2026-09-24T15:15,61.0,,1008.9,99.9,20.7,57.2,2.8,4.3
2026-09-24T15:45,60.0,,1008.7,58.5,20.3,59.9,0.8,1.8
2026-09-24T16:00,81.0,0.0,1008.5,36.2,19.9,62.3,0.3,2.3
2026-09-24T16:15,7.0,,1008.6,23.6,19.5,64.5,0.2,1.5
2026-09-24T16:45,9.0,,1008.9,4.7,19.0,68.3,1.1,1.7
2026-09-24T17:00,24.0,0.0,1008.9,0.0,18.5,70.0,0.2,1.4
2026-09-24T17:15,20.0,,1008.8,0.0,18.0,71.9,0.3,1.0
2026-09-24T17:30,16.0,,1008.7,0.0,17.4,73.1,0.1,0.7
2026-09-24T18:00,4.0,0.0,1009.3,0.0,15.8,77.5,0.1,1.3
2026-09-24T18:15,5.0,,1009.3,0.0,15.3,79.8,0.4,1.2
2026-09-24T18:45,22.0,,1009.7,0.0,15.0,82.1,0.1,1.0
2026-09-24T19:00,,0.0,,,,,,
2026-09-24T19:15,22.0,,1009.7,0.0,15.0,82.6,0.5,1.4
2026-09-24T19:45,23.0,,1009.9,0.0,14.5,83.9,0.4,1.2
2026-09-24T20:00,266.0,0.0,1010.1,0.0,14.1,84.3,0.4,0.9
2026-09-24T20:15,340.0,,1010.1,0.0,13.8,85.0,0.3,0.7
2026-09-24T20:45,34.0,,1009.9,0.0,13.5,86.2,0.4,1.0
2026-09-24T21:00,243.0,0.0,1010.1,0.0,13.4,86.8,0.3,0.9
2026-09-24T21:15,9.0,,1009.8,0.0,13.3,87.3,0.9,1.0
2026-09-24T21:30,354.0,,1009.8,0.0,13.0,87.6,0.1,1.4
2026-09-24T21:45,31.0,,1009.8,0.0,13.0,88.2,0.2,1.0
2026-09-24T22:00,,0.0,,,,,,
2026-09-24T22:15,329.0,,1009.6,0.0,12.4,88.7,0.3,1.8
2026-09-24T22:45,96.0,,1009.6,0.0,12.5,89.8,1.6,2.1
2026-09-24T23:00,,0.0,,,,,,
2026-09-24T23:15,351.0,,1009.5,0.0,12.7,90.3,0.7,1.8
2026-09-24T23:45,94.0,,1009.7,0.0,11.9,90.3,1.2,3.6
2026-09-25T00:00,14.0,0.0,1009.8,0.0,12.0,91.2,1.7,1.7
2026-09-25T00:15,10.0,,1009.9,0.0,11.4,90.8,0.5,1.7
2026-09-25T00:30,0.0,,1009.9,0.0,11.4,91.4,1.0,1.6
2026-09-25T01:00,323.0,0.0,1010.5,0.0,11.6,91.4,0.6,1.4
2026-09-25T01:15,317.0,,1010.7,0.0,11.6,91.9,0.5,1.1
2026-09-25T01:45,300.0,,1011.0,0.0,11.7,92.5,0.7,1.9
2026-09-25T02:00,351.0,0.0,1011.2,0.0,11.8,92.8,0.8,1.3
2026-09-25T02:15,12.0,,1011.3,0.0,11.9,93.2,0.6,2.0
2026-09-25T02:30,351.0,,1011.4,0.0,11.9,93.1,0.6,1.3
2026-09-25T03:00,11.0,0.0,1011.4,0.0,12.5,93.8,0.6,1.2
2026-09-25T03:15,23.0,,1011.5,0.0,12.7,93.9,0.6,1.3
2026-09-25T03:45,325.0,,1011.7,0.0,12.9,93.0,0.9,1.3
2026-09-25T04:00,261.0,0.0,1011.7,0.0,12.4,92.3,0.8,1.2
2026-09-25T04:15,274.0,,1011.8,0.0,12.6,93.1,0.9,1.4
2026-09-25T04:45,17.0,,1011.9,0.0,13.3,92.6,0.5,1.6
2026-09-25T05:00,5.0,0.0,1011.9,3.2,13.0,92.5,0.8,1.8
2026-09-25T05:15,326.0,,1012.0,17.8,13.1,93.0,0.4,1.4
2026-09-25T05:45,1.0,,1012.0,80.5,14.2,92.2,0.4,1.8
2026-09-25T06:00,,0.0,,,,,,
2026-09-25T06:15,281.0,,1012.2,200.7,15.7,89.3,0.5,1.5
2026-09-25T06:30,280.0,,1012.2,232.0,16.6,84.5,1.4,2.0
2026-09-25T07:00,208.0,0.0,1012.2,301.3,17.3,73.3,1.7,2.5
2026-09-25T07:15,220.0,,1012.3,340.4,17.6,71.8,1.4,2.7
2026-09-25T07:45,218.0,,1012.3,431.9,18.9,67.2,0.6,2.6
2026-09-25T08:00,143.0,0.0,1012.3,473.2,18.5,69.7,1.2,2.8
2026-09-25T08:15,113.0,,1012.3,511.6,18.6,68.6,2.4,3.1
2026-09-25T08:30,126.0,,1012.3,551.0,18.8,65.6,2.4,2.9
2026-09-25T09:00,147.0,0.0,1012.1,611.5,19.5,60.5,0.4,3.6
2026-09-25T09:15,187.0,,1012.1,638.3,19.9,57.1,0.4,3.2
2026-09-25T09:45,176.0,,1012.0,679.0,21.4,55.1,0.9,3.4
2026-09-25T10:00,111.0,0.0,1012.0,696.9,21.7,51.9,2.2,4.0
2026-09-25T10:15,204.0,,1011.9,713.7,20.3,48.6,2.8,4.4
2026-09-25T10:30,215.0,,1011.8,718.6,21.4,50.4,2.1,4.4
2026-09-25T10:45,126.0,,1011.8,723.9,23.2,49.0,1.0,3.5
2026-09-25T11:00,,0.0,,,,,,
2026-09-25T11:15,236.0,,1011.4,739.2,22.1,43.6,2.8,5.2
2026-09-25T11:30,230.0,,1011.4,749.8,22.3,42.1,4.2,6.0
2026-09-25T11:45,245.0,,1011.2,742.5,22.6,40.7,1.5,5.7
2026-09-25T12:00,,0.0,,,,,,
2026-09-25T12:15,226.0,,1011.0,736.9,22.4,40.1,2.6,6.9
2026-09-25T12:30,234.0,,1010.9,685.7,22.6,40.2,3.4,5.9
2026-09-25T13:00,222.0,0.0,1010.7,627.1,22.8,40.4,2.5,5.3
2026-09-25T13:15,221.0,,1010.6,594.0,22.6,40.6,3.0,5.4
2026-09-25T13:45,255.0,,1010.6,500.7,22.9,40.3,2.1,6.1
2026-09-25T14:00,207.0,0.0,1010.6,479.4,22.9,39.9,1.0,5.3
2026-09-25T14:15,229.0,,1010.6,447.1,22.9,39.7,2.4,4.3
2026-09-25T14:45,150.0,,1010.7,348.4,23.3,39.0,1.1,4.0
2026-09-25T15:00,155.0,0.0,1010.6,308.0,23.3,38.6,0.8,4.1
2026-09-25T15:15,233.0,,1010.6,263.5,22.6,38.5,2.4,3.6
2026-09-25T15:45,175.0,,1010.7,166.6,22.4,41.1,1.1,4.2
2026-09-25T16:00,206.0,0.0,1010.8,126.4,21.7,41.0,1.4,3.8
2026-09-25T16:15,207.0,,1010.8,84.1,22.1,41.6,1.4,3.1
2026-09-25T16:45,216.0,,1011.2,12.1,20.3,44.4,0.4,1.9
2026-09-25T17:00,162.0,0.0,1011.3,0.0,18.1,49.0,0.6,1.7
2026-09-25T17:15,178.0,,1011.4,0.0,17.2,54.0,0.5,1.2
2026-09-25T17:45,265.0,,1011.7,0.0,16.5,58.5,0.8,1.6
2026-09-25T18:00,293.0,0.0,1011.9,0.0,15.7,61.8,0.6,0.9
2026-09-25T18:15,356.0,,1012.2,0.0,12.8,66.3,0.8,1.2
2026-09-25T18:45,336.0,,1012.3,0.0,12.3,73.0,0.6,1.0
2026-09-25T19:00,325.0,0.0,1012.4,0.0,12.6,75.9,0.4,1.3
2026-09-25T19:15,330.0,,1012.5,0.0,13.2,77.2,1.2,1.7
2026-09-25T19:45,314.0,,1012.5,0.0,13.7,78.5,1.5,2.3
2026-09-25T20:00,335.0,0.0,1012.7,0.0,13.0,78.9,0.6,1.4
2026-09-25T20:15,315.0,,1012.7,0.0,12.8,80.4,1.2,1.5
2026-09-25T20:45,2.0,,1012.9,0.0,12.2,82.5,0.7,0.9
2026-09-25T21:00,14.0,0.0,1012.9,0.0,11.9,83.3,0.6,1.0
2026-09-25T21:15,22.0,,1013.0,0.0,11.5,83.9,0.7,1.0
2026-09-25T21:45,344.0,,1012.9,0.0,11.9,85.2,0.3,1.0
2026-09-25T22:00,,0.0,,,,,,
2026-09-25T22:15,75.0,,1013.0,0.0,12.3,85.9,1.6,3.5
2026-09-25T22:45,52.0,,1013.1,0.0,12.3,84.6,0.4,1.3
2026-09-25T23:00,,0.0,,,,,,
2026-09-25T23:15,30.0,,1013.3,0.0,13.0,83.7,0.9,2.4
2026-09-25T23:45,3.0,,1013.5,0.0,11.9,84.2,0.5,1.2
2026-09-26T00:00,330.0,0.0,1013.4,0.0,11.7,85.5,0.4,0.9
2026-09-26T00:15,102.0,,1013.3,0.0,11.7,86.5,0.1,0.8
2026-09-26T00:45,342.0,,1013.3,0.0,12.3,87.6,0.2,1.7
2026-09-26T01:00,19.0,0.0,1013.4,0.0,12.5,87.6,1.0,1.9
2026-09-26T01:15,28.0,,1013.4,0.0,12.6,87.9,0.3,1.5
2026-09-26T01:45,356.0,,1013.4,0.0,12.3,87.9,0.2,0.9
2026-09-26T02:00,58.0,0.0,1013.3,0.0,11.9,88.0,0.4,0.6
2026-09-26T02:15,333.0,,1013.4,0.0,11.9,88.5,0.2,0.7
2026-09-26T02:45,349.0,,1013.4,0.0,12.4,89.6,0.2,0.4
2026-09-26T03:00,2.0,0.0,1013.5,0.0,12.3,89.4,0.2,0.5
2026-09-26T03:15,12.0,,1013.4,0.0,11.9,88.7,0.1,0.6
2026-09-26T03:45,350.0,,1013.4,0.0,11.2,88.7,0.4,0.4
2026-09-26T04:00,23.0,0.0,1013.3,0.0,10.8,89.2,0.4,0.7
2026-09-26T04:15,351.0,,1013.2,0.0,10.5,89.6,0.1,0.8
2026-09-26T04:45,0.0,,1013.1,0.0,10.4,90.9,0.3,0.9
2026-09-26T05:00,5.0,0.0,1013.3,0.0,10.2,90.9,0.4,1.1
2026-09-26T05:15,19.0,,1013.3,15.6,10.5,91.5,0.5,1.0
2026-09-26T05:45,14.0,,1013.5,74.8,11.5,92.3,0.7,1.2
2026-09-26T06:00,328.0,0.0,1013.9,114.0,12.4,92.2,0.5,1.3
2026-09-26T06:15,36.0,,1014.0,156.4,13.2,91.7,0.6,1.5
2026-09-26T06:45,120.0,,1014.0,247.5,16.1,87.2,0.6,1.8
2026-09-26T07:00,47.0,0.0,1014.2,295.5,17.3,82.9,1.3,1.9
2026-09-26T07:15,79.0,,1014.3,337.3,18.3,79.3,0.8,2.1
2026-09-26T07:45,97.0,,1014.5,426.2,19.4,69.5,2.2,2.7
2026-09-26T08:00,101.0,0.0,1014.6,467.1,19.6,65.8,2.5,3.2
2026-09-26T08:15,113.0,,1014.7,503.9,19.9,61.7,2.6,3.1
2026-09-26T08:45,157.0,,1014.7,568.6,20.8,56.4,0.7,3.7
2026-09-26T09:00,107.0,0.0,1014.7,607.4,20.8,53.1,1.9,3.1
2026-09-26T09:15,52.0,,1014.7,629.3,21.1,52.1,1.8,2.9
2026-09-26T09:45,71.0,,1014.7,670.6,21.7,49.2,1.0,2.8
2026-09-26T10:00,73.0,0.0,1014.7,682.3,22.0,48.5,0.2,3.8
2026-09-26T10:15,55.0,,1014.6,698.9,22.0,47.0,1.0,3.3
2026-09-26T10:30,82.0,,1014.4,703.7,22.5,46.1,1.6,3.6
2026-09-26T11:00,52.0,0.0,1014.3,716.6,22.9,44.9,1.6,3.3
2026-09-26T11:15,229.0,,1014.1,713.0,22.8,45.1,0.9,3.5
2026-09-26T11:30,66.0,,1013.9,713.9,24.2,44.6,0.8,3.4
2026-09-26T11:45,323.0,,1013.7,701.5,23.5,43.3,0.6,3.8
2026-09-26T12:00,,0.0,,,,,,
2026-09-26T12:15,120.0,,1013.5,673.9,24.6,43.6,1.3,2.9
2026-09-26T12:45,85.0,,1013.2,633.4,24.5,41.6,1.5,3.1
2026-09-26T13:00,,0.0,,,,,,
2026-09-26T13:15,182.0,,1013.0,581.5,23.9,41.6,2.1,3.4
2026-09-26T13:30,117.0,,1013.0,543.8,25.4,42.0,0.8,2.4
2026-09-26T13:45,270.0,,1012.8,512.1,24.5,41.6,0.8,2.7
2026-09-26T14:00,,0.0,,,,,,
2026-09-26T14:15,236.0,,1012.6,439.6,23.9,42.3,1.4,3.8
2026-09-26T14:30,198.0,,1012.6,390.7,25.0,42.6,0.6,3.4
2026-09-26T14:45,218.0,,1012.5,350.7,24.6,42.8,1.8,3.3
2026-09-26T15:00,,0.0,,,,,,
2026-09-26T15:15,179.0,,1012.7,253.9,24.9,43.8,0.7,3.5
2026-09-26T15:30,140.0,,1012.7,208.7,24.6,44.4,0.8,2.1
2026-09-26T15:45,189.0,,1012.7,164.2,24.5,44.6,0.7,2.8
2026-09-26T16:00,,0.0,,,,,,
2026-09-26T16:15,212.0,,1012.9,79.0,23.1,48.2,1.2,2.3
2026-09-26T16:30,200.0,,1013.0,39.9,22.7,48.7,0.8,1.7
2026-09-26T16:45,136.0,,1013.0,11.6,21.8,51.8,0.3,1.2
2026-09-26T17:00,,0.0,,,,,,
2026-09-26T17:15,34.0,,1013.3,0.0,18.6,59.9,0.4,0.8
2026-09-26T17:30,343.0,,1013.4,0.0,16.3,65.8,0.6,1.1
2026-09-26T17:45,351.0,,1013.5,0.0,15.6,70.4,1.4,1.5
2026-09-26T18:00,,0.0,,,,,,
2026-09-26T18:15,356.0,,1013.7,0.0,15.2,74.9,0.9,1.5
2026-09-26T18:30,318.0,,1013.8,0.0,15.5,77.0,0.5,1.1
2026-09-26T18:45,186.0,,1014.0,0.0,15.0,77.9,0.4,0.9
2026-09-26T19:00,353.0,0.0,1014.1,0.0,14.4,79.0,0.4,1.0
2026-09-26T19:30,345.0,,1014.2,0.0,14.0,81.9,0.5,1.0
2026-09-26T19:45,10.0,,1014.4,0.0,13.8,82.8,0.7,1.0
2026-09-26T20:00,,0.0,,,,,,
2026-09-26T20:15,9.0,,1014.3,0.0,13.7,84.3,0.4,1.1
2026-09-26T20:30,356.0,,1014.5,0.0,13.6,84.8,0.6,1.0
2026-09-26T20:45,7.0,,1014.5,0.0,13.7,85.6,0.5,1.1
2026-09-26T21:00,,0.0,,,,,,
2026-09-26T21:15,341.0,,1014.6,0.0,13.4,85.8,0.5,0.9
2026-09-26T21:30,356.0,,1014.6,0.0,13.5,86.4,0.6,0.9
2026-09-26T21:45,47.0,,1014.6,0.0,13.2,86.5,0.5,0.9
2026-09-26T22:00,,0.0,,,,,,
2026-09-26T22:15,19.0,,1014.8,0.0,13.2,87.2,0.4,1.8
2026-09-26T22:30,22.0,,1014.7,0.0,13.2,87.7,0.5,0.8
2026-09-26T23:00,,0.0,,,,,,
2026-09-26T23:15,356.0,,1014.8,0.0,12.6,88.7,0.7,0.9
2026-09-26T23:30,12.0,,1014.8,0.0,12.5,88.9,0.2,1.0
2026-09-26T23:45,349.0,,1014.8,0.0,12.3,89.1,0.6,1.2
2026-09-27T00:00,,0.0,,,,,,
2026-09-27T00:15,21.0,,1014.8,0.0,12.2,89.8,0.5,1.4
2026-09-27T00:30,335.0,,1014.8,0.0,12.3,90.1,0.6,1.3
2026-09-27T00:45,342.0,,1014.7,0.0,12.3,90.5,1.0,1.6
2026-09-27T01:00,,0.0,,,,,,
2026-09-27T01:15,58.0,,1014.5,0.0,12.3,90.9,0.3,1.8
2026-09-27T01:30,45.0,,1014.4,0.0,12.4,90.6,0.4,1.1
2026-09-27T01:45,356.0,,1014.2,0.0,12.3,90.5,0.9,1.8
2026-09-27T02:00,6.0,,1014.2,0.0,12.1,90.4,0.4,0.9
2026-09-27T02:30,41.0,,1014.1,0.0,11.8,90.9,0.3,0.7
2026-09-27T02:45,29.0,,1014.0,0.0,12.1,91.7,0.7,1.2
2026-09-27T03:00,,0.0,,,,,,
2026-09-27T03:15,115.0,,1013.9,0.0,11.4,91.5,0.2,0.8
2026-09-27T03:30,119.0,,1013.9,0.0,11.5,92.2,1.6,1.7
2026-09-27T03:45,137.0,,1013.9,0.0,11.0,92.0,0.6,1.7
2026-09-27T04:00,,0.0,,,,,,
2026-09-27T04:15,68.0,,1013.9,0.0,10.7,93.0,0.9,1.3
2026-09-27T04:30,24.0,,1014.0,0.0,10.6,93.7,0.5,1.3
2026-09-27T05:00,8.0,0.0,1014.2,0.0,10.4,93.7,0.4,1.7
2026-09-27T05:15,349.0,,1014.4,16.8,10.4,93.9,0.6,1.2
2026-09-27T05:30,322.0,,1014.2,40.6,10.7,94.6,0.3,1.0
2026-09-27T05:45,25.0,,1014.4,71.4,11.2,95.1,1.4,1.8
2026-09-27T06:00,,0.0,,,,,,
2026-09-27T06:15,53.0,,1014.5,153.5,13.0,96.1,0.4,1.3
2026-09-27T06:30,45.0,,1014.5,196.9,15.0,95.7,0.4,1.3
2026-09-27T06:45,47.0,,1014.6,243.2,16.3,91.7,0.7,1.3
2026-09-27T07:00,,0.0,,,,,,
2026-09-27T07:15,122.0,,1014.6,330.8,18.8,82.5,0.1,1.2
2026-09-27T07:30,224.0,,1014.6,377.3,19.5,77.9,0.8,1.2
2026-09-27T08:00,58.0,0.0,1014.6,463.3,20.7,71.8,1.1,3.3
2026-09-27T08:15,102.0,,1014.7,504.6,21.3,67.6,2.6,3.5
2026-09-27T08:30,77.0,,1014.7,538.8,20.9,64.9,2.0,3.4
2026-09-27T08:45,80.0,,1014.7,569.6,21.5,62.7,1.3,3.7
2026-09-27T09:00,,0.0,,,,,,
2026-09-27T09:15,92.0,,1014.4,631.4,22.5,55.4,1.8,5.2
2026-09-27T09:30,54.0,,1014.6,650.2,22.6,53.3,1.9,4.0
2026-09-27T09:45,79.0,,1014.4,672.2,23.3,51.5,1.2,4.7
2026-09-27T10:00,,0.0,,,,,,
2026-09-27T10:15,63.0,,1014.3,703.1,23.8,45.5,3.0,4.5
2026-09-27T10:30,71.0,,1014.2,709.5,24.6,44.4,1.8,4.3
2026-09-27T10:45,171.0,,1014.2,716.1,24.5,43.0,0.6,4.2
2026-09-27T11:00,,0.0,,,,,,
2026-09-27T11:15,88.0,,1013.9,718.5,25.1,41.9,2.7,3.9
2026-09-27T11:45,94.0,,1013.6,702.2,25.9,41.0,1.2,3.9
2026-09-27T12:00,102.0,0.0,1013.5,696.4,25.4,39.2,3.1,4.3
2026-09-27T12:15,43.0,,1013.3,679.9,25.3,37.8,1.0,3.5
2026-09-27T12:30,132.0,,1013.1,658.2,25.6,37.1,1.7,2.9
2026-09-27T13:00,152.0,0.0,1013.1,605.6,27.6,36.7,0.5,3.0
2026-09-27T13:15,271.0,,1013.0,574.3,26.9,35.2,0.5,2.5
2026-09-27T13:30,87.0,,1012.8,548.1,26.5,35.0,0.9,4.8
2026-09-27T14:00,102.0,0.0,1012.5,472.2,25.7,34.7,1.2,3.3
2026-09-27T14:15,22.0,,1012.4,430.0,25.5,35.8,1.2,1.6
2026-09-27T14:45,110.0,,1012.2,345.6,26.8,36.8,1.5,2.5
2026-09-27T15:00,169.0,0.0,1012.3,300.3,26.9,36.9,0.1,3.0
2026-09-27T15:15,102.0,,1012.2,251.8,26.1,37.8,1.2,3.1
2026-09-27T15:45,131.0,,1012.0,156.1,25.7,38.8,0.6,1.8
2026-09-27T16:00,134.0,0.0,1012.1,114.3,24.7,39.6,0.4,1.7
2026-09-27T16:15,178.0,,1012.1,74.2,24.9,40.7,0.7,2.3
2026-09-27T16:45,149.0,,1012.3,8.7,22.2,46.3,0.3,0.9
2026-09-27T17:00,129.0,0.0,1012.3,0.0,20.2,49.5,0.6,0.8
2026-09-27T17:15,312.0,,1012.4,0.0,19.2,54.4,0.6,0.9
2026-09-27T17:45,337.0,,1012.6,0.0,15.0,67.2,0.5,1.1
2026-09-27T18:00,349.0,0.0,1012.6,0.0,15.8,72.3,1.3,1.7
2026-09-27T18:15,331.0,,1012.6,0.0,15.4,74.1,0.4,1.3
2026-09-27T18:45,353.0,,1012.9,0.0,14.8,76.9,0.6,1.0
2026-09-27T19:00,0.0,0.0,1012.9,0.0,14.5,78.2,0.6,1.4
2026-09-27T19:15,2.0,,1013.0,0.0,14.5,79.6,1.1,1.2
2026-09-27T19:45,32.0,,1013.0,0.0,14.5,81.1,0.6,1.2
2026-09-27T20:00,8.0,0.0,1013.0,0.0,14.4,81.7,0.6,1.0
2026-09-27T20:15,24.0,,1013.1,0.0,14.1,82.3,0.3,1.0
2026-09-27T20:45,98.0,,1013.5,0.0,15.0,84.4,2.6,4.2
2026-09-27T21:00,52.0,0.0,1013.6,0.0,15.6,82.1,1.1,3.4
2026-09-27T21:15,36.0,,1013.6,0.0,15.4,80.4,1.4,3.1
2026-09-27T21:30,7.0,,1013.6,0.0,14.7,80.7,0.8,1.8
2026-09-27T21:45,28.0,,1013.5,0.0,14.5,81.6,1.1,1.5
2026-09-27T22:00,,0.0,,,,,,
2026-09-27T22:15,0.0,,1013.5,0.0,13.5,83.3,0.5,1.0
2026-09-27T22:30,348.0,,1013.4,0.0,13.5,84.1,0.5,1.1
2026-09-27T23:00,,0.0,,,,,,
2026-09-27T23:15,346.0,,1013.4,0.0,13.0,85.2,0.5,2.5
2026-09-27T23:45,344.0,,1013.5,0.0,13.4,85.3,0.5,2.1
2026-09-28T00:00,25.0,0.0,1013.5,0.0,12.6,85.3,0.4,1.6
2026-09-28T00:15,346.0,,1013.5,0.0,12.7,86.2,0.8,1.0
2026-09-28T00:45,15.0,,1013.4,0.0,12.6,87.0,0.6,1.5
2026-09-28T01:00,264.0,0.0,1013.4,0.0,12.4,87.1,0.1,1.2
2026-09-28T01:15,4.0,,1013.3,0.0,12.2,86.9,0.1,0.7
2026-09-28T01:45,7.0,,1013.1,0.0,12.4,87.6,0.3,1.7
2026-09-28T02:00,,0.0,,,,,,
2026-09-28T02:15,53.0,,1012.9,0.0,12.0,88.8,1.0,1.2
2026-09-28T02:45,62.0,,1012.8,0.0,11.6,89.7,0.8,1.3
2026-09-28T03:00,62.0,0.0,1012.7,0.0,11.3,89.7,1.0,1.3
2026-09-28T03:15,47.0,,1012.5,0.0,11.3,90.3,1.0,1.6
2026-09-28T03:45,55.0,,1012.5,0.0,11.0,90.9,1.1,1.2
2026-09-28T04:00,,0.0,,,,,,
2026-09-28T04:15,309.0,,1012.5,0.0,11.2,91.8,0.1,0.9
2026-09-28T04:45,340.0,,1012.7,0.0,11.7,92.3,0.3,0.8
2026-09-28T05:00,335.0,0.0,1012.6,0.0,11.7,91.5,0.7,0.9
2026-09-28T05:15,16.0,,1012.8,11.9,11.4,90.5,0.4,1.0
2026-09-28T05:30,60.0,,1012.9,33.9,11.3,91.0,0.8,1.4
2026-09-28T06:00,25.0,0.0,1013.0,103.8,12.8,93.2,0.8,1.0
2026-09-28T06:15,356.0,,1013.0,146.2,14.0,93.3,0.4,1.1
2026-09-28T06:45,58.0,,1013.3,238.5,17.2,88.9,1.0,1.6
2026-09-28T07:00,,0.0,,,,,,
2026-09-28T07:15,66.0,,1013.4,326.8,20.1,82.8,0.5,1.8
2026-09-28T07:30,55.0,,1013.4,370.0,20.4,76.7,1.2,2.1
2026-09-28T07:45,145.0,,1013.5,409.3,21.7,71.9,0.1,2.1
2026-09-28T08:00,,0.0,,,,,,
2026-09-28T08:15,105.0,,1013.6,491.5,22.4,63.0,1.8,2.2
2026-09-28T08:30,55.0,,1013.6,526.1,22.8,58.6,0.5,2.3
2026-09-28T08:45,123.0,,1013.7,555.3,23.7,56.6,1.5,2.9
2026-09-28T09:00,,0.0,,,,,,
2026-09-28T09:15,78.0,,1013.7,615.6,22.9,52.0,2.6,4.1
2026-09-28T09:45,58.0,,1013.7,657.8,23.4,48.8,1.5,3.9
2026-09-28T10:00,131.0,0.0,1013.7,670.6,25.0,49.4,1.6,3.5
2026-09-28T10:15,146.0,,1013.8,686.7,24.1,45.5,1.9,3.6
2026-09-28T10:30,91.0,,1013.7,686.2,25.9,45.4,0.7,3.7
2026-09-28T11:00,59.0,0.0,1013.6,699.3,25.3,40.7,2.1,3.4
2026-09-28T11:15,32.0,,1013.4,695.1,26.4,41.3,2.4,3.0
2026-09-28T11:30,230.0,,1013.3,698.4,25.3,39.5,0.5,3.0
2026-09-28T12:00,145.0,0.0,1013.0,680.3,27.6,38.2,1.5,3.0
2026-09-28T12:15,211.0,,1012.9,656.4,26.8,37.0,0.8,2.9
2026-09-28T12:45,36.0,,1012.6,614.9,26.0,35.3,1.9,3.1
2026-09-28T13:00,76.0,0.0,1012.6,586.3,27.1,36.4,0.8,2.6
2026-09-28T13:15,103.0,,1012.5,559.9,27.4,36.5,1.7,2.8
2026-09-28T13:45,208.0,,1012.2,483.4,27.1,37.5,0.9,2.9
2026-09-28T14:00,48.0,0.0,1012.2,448.7,26.3,35.4,1.0,3.2
2026-09-28T14:15,151.0,,1012.2,409.4,27.3,37.2,1.3,3.8
2026-09-28T14:30,148.0,,1012.2,367.9,27.3,36.9,1.5,2.3
2026-09-28T15:00,108.0,0.0,1012.1,278.8,27.4,36.1,0.7,2.3
2026-09-28T15:15,129.0,,1012.0,233.2,27.1,36.9,1.2,2.2
2026-09-28T15:45,173.0,,1012.1,143.8,27.1,37.9,0.3,2.0
2026-09-28T16:00,,0.0,,,,,,
2026-09-28T16:15,190.0,,1012.2,63.3,26.1,39.5,0.3,1.5
2026-09-28T16:45,191.0,,1012.4,6.8,22.7,43.8,0.4,1.1
2026-09-28T17:00,266.0,0.0,1012.4,0.0,21.0,51.2,1.2,1.7
2026-09-28T17:15,286.0,,1012.5,0.0,18.3,55.5,0.5,1.4
2026-09-28T17:45,332.0,,1012.8,0.0,16.3,68.4,1.4,1.7
2026-09-28T18:00,,0.0,,,,,,
2026-09-28T18:15,345.0,,1013.0,0.0,15.7,73.9,0.7,1.4
2026-09-28T18:45,354.0,,1013.1,0.0,16.0,76.7,0.5,2.0
2026-09-28T19:00,6.0,0.0,1013.3,0.0,15.3,77.4,0.7,1.4
2026-09-28T19:15,356.0,,1013.3,0.0,15.0,78.8,0.8,1.2
2026-09-28T19:45,10.0,,1013.3,0.0,15.3,80.3,0.6,0.8
2026-09-28T20:00,8.0,0.0,1013.4,0.0,15.1,80.7,0.3,1.0
2026-09-28T20:15,16.0,,1013.5,0.0,14.9,81.0,0.4,0.8
2026-09-28T20:45,7.0,,1013.8,0.0,16.2,79.2,1.1,3.8
2026-09-28T21:00,1.0,0.0,1013.7,0.0,15.7,78.9,0.8,1.8
2026-09-28T21:15,288.0,,1013.9,0.0,15.5,79.8,0.4,1.4
2026-09-28T21:30,20.0,,1013.9,0.0,15.4,80.3,0.5,1.0
2026-09-28T21:45,354.0,,1014.0,0.0,15.1,80.7,0.8,0.9
2026-09-28T22:00,,0.0,,,,,,
2026-09-28T22:15,310.0,,1014.0,0.0,15.1,80.8,0.2,1.6
2026-09-28T22:45,39.0,,1014.2,0.0,15.1,82.2,0.4,2.4
2026-09-28T23:00,,0.0,,,,,,
2026-09-28T23:15,4.0,,1014.4,0.0,13.9,83.0,0.8,1.2
2026-09-28T23:30,329.0,,1014.4,0.0,14.0,83.9,0.8,1.5
2026-09-29T00:00,15.0,0.0,1014.5,0.0,13.7,84.4,0.4,1.1
2026-09-29T00:15,6.0,,1014.5,0.0,13.6,84.8,0.7,1.4
2026-09-29T00:45,348.0,,1014.5,0.0,13.6,85.2,0.8,2.2
2026-09-29T01:00,,0.0,,,,,,
2026-09-29T01:15,13.0,,1014.5,0.0,13.3,85.8,0.6,2.0
2026-09-29T01:45,306.0,,1014.5,0.0,13.4,86.6,0.5,2.5
2026-09-29T02:00,303.0,0.0,1014.3,0.0,13.5,86.6,0.4,2.6
2026-09-29T02:15,0.0,,1014.2,0.0,12.8,86.6,0.8,1.8
2026-09-29T02:45,40.0,,1014.3,0.0,13.2,87.9,0.8,2.5
2026-09-29T03:00,30.0,0.0,1014.3,0.0,13.5,87.4,0.9,2.2
2026-09-29T03:15,76.0,,1014.4,0.0,12.9,87.5,1.8,1.9
2026-09-29T03:45,38.0,,1014.4,0.0,13.4,87.0,0.8,2.8
2026-09-29T04:00,352.0,0.0,1014.2,0.0,12.9,87.4,0.9,1.0
2026-09-29T04:15,38.0,,1014.1,0.0,13.8,88.8,0.6,1.8
2026-09-29T04:45,308.0,,1014.1,0.0,13.5,86.5,0.1,1.3
2026-09-29T05:00,342.0,0.0,1014.1,0.0,13.5,87.2,0.3,0.9
2026-09-29T05:15,356.0,,1014.2,11.1,13.5,87.5,0.3,0.8
2026-09-29T05:45,340.0,,1014.5,61.8,14.2,88.4,0.6,1.0
2026-09-29T06:00,339.0,0.0,1014.5,97.8,14.9,88.8,0.4,1.5
2026-09-29T06:15,317.0,,1014.6,138.3,15.7,87.8,0.3,1.7
2026-09-29T06:45,0.0,,1014.7,225.5,18.4,83.9,0.7,1.2
2026-09-29T07:00,68.0,0.0,1014.8,270.4,20.1,80.6,0.6,1.6
2026-09-29T07:15,43.0,,1014.9,314.6,21.5,74.8,1.7,2.2
2026-09-29T07:30,87.0,,1015.0,362.2,22.3,68.5,1.8,2.8
2026-09-29T08:00,28.0,0.0,1015.1,445.7,22.6,57.1,2.5,5.0
2026-09-29T08:15,35.0,,1015.2,482.1,23.5,56.1,2.2,5.4
2026-09-29T08:45,88.0,,1015.2,556.2,23.8,48.8,2.5,6.3
2026-09-29T09:00,,0.0,,,,,,
2026-09-29T09:15,41.0,,1015.0,607.6,24.7,45.8,2.1,5.3
2026-09-29T09:45,116.0,,1015.2,652.0,25.2,43.6,3.9,5.3
2026-09-29T10:00,79.0,0.0,1015.2,666.9,25.1,41.5,3.7,5.4
2026-09-29T10:15,107.0,,1015.0,681.1,25.6,40.5,2.5,5.4
2026-09-29T10:30,84.0,,1015.0,684.5,25.8,40.2,1.8,5.1
2026-09-29T11:00,106.0,0.0,1015.0,697.3,26.1,37.8,2.0,5.3
2026-09-29T11:15,88.0,,1015.0,695.9,26.5,37.3,4.1,4.1
2026-09-29T11:45,89.0,,1014.9,685.7,27.1,36.4,3.5,4.9
2026-09-29T12:00,104.0,0.0,1014.8,668.0,26.5,35.0,3.0,4.3
2026-09-29T12:15,105.0,,1014.7,654.1,26.6,34.8,1.5,4.5
2026-09-29T12:45,82.0,,1014.6,611.3,27.4,33.9,3.4,4.0
2026-09-29T13:00,163.0,0.0,1014.6,577.3,26.7,33.3,0.3,3.6
2026-09-29T13:15,119.0,,1014.4,556.3,26.8,32.3,1.2,4.1
2026-09-29T13:45,102.0,,1014.5,478.1,28.0,32.6,0.8,4.7
2026-09-29T14:00,105.0,0.0,1014.4,441.0,27.8,32.7,1.7,3.6
2026-09-29T14:15,157.0,,1014.5,399.8,28.1,34.4,1.1,2.8
2026-09-29T14:45,232.0,,1014.5,315.3,28.0,34.7,0.9,3.4
2026-09-29T15:00,200.0,0.0,1014.5,267.2,27.2,35.1,1.2,3.1
2026-09-29T15:15,126.0,,1014.5,221.6,26.5,35.4,1.2,2.7
2026-09-29T15:45,161.0,,1014.5,134.0,26.3,37.4,1.7,2.6
2026-09-29T16:00,158.0,0.0,1014.7,93.1,25.9,38.5,0.7,2.3
2026-09-29T16:15,146.0,,1014.7,56.1,25.2,39.8,0.7,2.1
2026-09-29T16:45,133.0,,1015.1,4.0,21.5,46.9,0.6,1.2
2026-09-29T17:00,64.0,0.0,1015.1,0.0,20.5,51.6,0.0,0.9
2026-09-29T17:15,20.0,,1015.2,0.0,18.7,56.8,0.3,0.6
2026-09-29T17:45,304.0,,1015.3,0.0,17.4,64.6,0.1,1.6
2026-09-29T18:00,356.0,0.0,1015.4,0.0,15.8,68.3,0.9,1.5
2026-09-29T18:15,352.0,,1015.4,0.0,16.7,71.0,1.5,2.3
2026-09-29T18:45,344.0,,1015.6,0.0,15.5,74.1,0.8,1.9
2026-09-29T19:00,349.0,0.0,1015.7,0.0,15.0,75.9,1.0,1.3
2026-09-29T19:15,356.0,,1015.7,0.0,14.9,77.0,0.8,1.4
2026-09-29T19:30,34.0,,1015.8,0.0,15.0,78.0,0.7,1.3
2026-09-29T20:00,9.0,0.0,1016.1,0.0,14.4,79.6,0.9,1.1
2026-09-29T20:15,12.0,,1016.0,0.0,14.7,80.8,1.3,1.6
2026-09-29T20:30,12.0,,1016.1,0.0,14.4,81.2,0.8,1.7
2026-09-29T21:00,0.0,0.0,1016.1,0.0,13.8,82.1,0.7,1.1
2026-09-29T21:15,13.0,,1016.0,0.0,13.6,82.9,0.8,1.2
2026-09-29T21:45,13.0,,1016.2,0.0,13.5,84.0,0.9,1.0
2026-09-29T22:00,,0.0,,,,,,
2026-09-29T22:15,335.0,,1016.2,0.0,13.5,84.1,0.6,0.8
2026-09-29T22:45,0.0,,1016.2,0.0,13.8,84.2,0.5,1.1
2026-09-29T23:00,,0.0,,,,,,
2026-09-29T23:15,7.0,,1016.2,0.0,14.2,84.3,0.4,0.9
2026-09-29T23:45,10.0,,1016.2,0.0,13.9,84.2,0.3,0.7
2026-09-30T00:00,28.0,0.0,1016.2,0.0,14.6,84.6,0.2,0.7
2026-09-30T00:15,323.0,,1016.2,0.0,14.9,84.8,0.4,0.9
2026-09-30T00:45,211.0,,1016.0,0.0,15.2,84.6,0.2,0.6
2026-09-30T01:00,290.0,0.0,1015.9,0.0,15.6,84.4,0.2,0.6
2026-09-30T01:15,305.0,,1015.9,0.0,15.4,83.5,0.2,0.7
2026-09-30T01:45,335.0,,1015.8,0.0,15.1,83.7,0.5,1.1
2026-09-30T02:00,,0.0,,,,,,
2026-09-30T02:15,346.0,,1015.7,0.0,15.0,84.5,1.1,1.1
2026-09-30T02:45,10.0,,1015.7,0.0,14.3,85.4,0.9,1.6
2026-09-30T03:00,355.0,0.0,1015.6,0.0,13.7,86.0,0.7,1.6
2026-09-30T03:15,316.0,,1015.6,0.0,13.1,86.6,1.4,1.7
2026-09-30T03:30,341.0,,1015.6,0.0,12.9,87.6,0.5,1.7
2026-09-30T04:00,347.0,0.0,1015.4,0.0,13.8,89.8,0.8,1.7
2026-09-30T04:15,1.0,,1015.4,0.0,14.3,89.3,0.7,1.5
2026-09-30T04:30,340.0,,1015.4,0.0,14.1,88.6,0.7,1.5
2026-09-30T05:00,347.0,0.0,1015.6,0.0,14.4,88.2,0.3,1.0
2026-09-30T05:15,337.0,,1015.7,8.0,14.9,88.3,0.3,0.9
2026-09-30T05:30,340.0,,1015.8,35.3,14.9,88.1,0.4,1.0
2026-09-30T06:00,344.0,0.0,1015.9,126.5,16.5,88.3,0.7,1.3
2026-09-30T06:15,292.0,,1016.0,175.0,17.9,86.4,0.4,1.0
2026-09-30T06:45,32.0,,1016.2,254.0,20.6,78.6,0.8,1.4
2026-09-30T07:00,322.0,0.0,1016.2,284.4,21.4,72.8,0.5,1.5
2026-09-30T07:15,230.0,,1016.3,323.9,22.1,66.5,0.6,1.6
2026-09-30T07:30,156.0,,1016.3,373.2,23.1,61.6,0.7,1.4
2026-09-30T07:45,25.0,,1016.4,407.4,23.8,57.7,0.5,1.7
2026-09-30T08:00,,0.0,,,,,,
2026-09-30T08:15,104.0,,1016.4,549.4,23.9,51.0,2.0,3.1
2026-09-30T08:45,124.0,,1016.4,563.4,24.1,48.2,2.1,3.5
2026-09-30T09:00,83.0,0.0,1016.5,481.6,24.3,46.6,2.5,3.5
2026-09-30T09:15,104.0,,1016.5,475.7,24.2,45.0,1.7,4.2
2026-09-30T09:45,111.0,,1016.4,444.0,25.3,44.7,2.1,2.8
2026-09-30T10:00,104.0,0.0,1016.3,465.3,24.9,43.5,2.7,3.6
2026-09-30T10:15,98.0,,1016.3,456.4,25.0,43.8,2.9,3.8
2026-09-30T10:30,84.0,,1016.3,484.0,25.0,41.9,2.6,4.3
2026-09-30T10:45,203.0,,1016.1,459.4,25.6,41.9,0.9,3.1
2026-09-30T11:00,,0.0,,,,,,
2026-09-30T11:15,196.0,,1016.0,461.0,25.1,37.6,0.9,2.9
2026-09-30T11:45,104.0,,1015.8,612.3,25.8,36.4,1.9,2.8
2026-09-30T12:00,134.0,0.0,1015.6,513.4,26.6,35.8,1.2,3.1
2026-09-30T12:15,93.0,,1015.5,526.0,26.2,36.0,2.6,3.2
2026-09-30T12:45,54.0,,1015.4,550.2,26.5,36.0,2.3,2.7
2026-09-30T13:00,331.0,0.0,1015.4,715.7,27.1,35.2,1.1,3.2
2026-09-30T13:15,328.0,,1015.3,345.6,26.3,34.8,0.8,2.5
2026-09-30T13:45,243.0,,1015.3,274.0,26.5,36.0,0.4,1.6
2026-09-30T14:00,207.0,0.0,1015.3,262.5,25.6,36.9,1.9,2.1
2026-09-30T14:15,208.0,,1015.2,207.5,25.4,36.4,2.3,2.4
2026-09-30T14:45,124.0,,1015.0,165.4,25.8,37.2,0.6,1.7
2026-09-30T15:00,209.0,0.0,1015.0,141.6,25.2,37.6,0.9,2.2
2026-09-30T15:15,215.0,,1014.9,126.4,25.2,37.3,0.8,1.6
2026-09-30T15:45,283.0,,1015.0,94.6,24.8,39.9,0.2,1.8
2026-09-30T16:00,119.0,0.0,1014.9,62.1,23.9,42.7,0.9,1.3
2026-09-30T16:15,90.0,,1014.8,36.7,22.9,46.3,0.6,1.1
2026-09-30T16:45,299.0,,1014.9,4.9,21.8,49.6,0.5,0.5
2026-09-30T17:00,340.0,0.0,1014.8,0.0,20.7,52.3,0.2,0.9
2026-09-30T17:15,325.0,,1015.0,0.0,18.6,60.2,0.2,1.0
2026-09-30T17:45,46.0,,1014.9,0.0,17.5,66.6,0.2,0.8
2026-09-30T18:00,,0.0,,,,,,
2026-09-30T18:15,299.0,,1015.1,0.0,16.9,69.6,0.3,0.8
2026-09-30T18:45,347.0,,1015.1,0.0,15.8,74.7,0.3,0.9
2026-09-30T19:00,267.0,0.0,1015.2,0.0,15.7,76.6,0.2,0.6
2026-09-30T19:15,17.0,,1015.3,0.0,15.4,77.9,0.2,1.2
2026-09-30T19:45,325.0,,1015.4,0.0,14.7,79.3,0.3,1.0
2026-09-30T20:00,,0.0,,,,,,
2026-09-30T20:15,21.0,,1015.4,0.0,14.6,81.1,0.8,1.1
2026-09-30T20:45,21.0,,1015.4,0.0,15.1,82.1,0.6,1.4
2026-09-30T21:00,27.0,0.0,1015.3,0.0,15.2,82.0,0.3,1.5
2026-09-30T21:15,240.0,,1015.3,0.0,15.5,82.3,0.2,1.0
2026-09-30T21:45,189.0,,1015.2,0.0,16.1,81.7,0.5,1.8
2026-09-30T22:00,,0.0,,,,,,
2026-09-30T22:15,113.0,,1015.2,0.0,16.4,81.2,0.6,1.0
2026-09-30T22:45,332.0,,1015.1,0.0,16.8,79.0,0.2,1.6
2026-09-30T23:00,,0.0,,,,,,
2026-09-30T23:15,182.0,,1015.1,0.0,16.5,80.8,0.1,0.9
2026-09-30T23:30,0.0,,1015.0,0.0,16.7,81.1,0.3,1.1
2026-10-01T00:00,318.0,0.0,1015.1,0.0,16.7,81.2,0.2,0.6
2026-10-01T00:15,356.0,,1014.9,0.0,16.8,81.2,0.3,0.8
2026-10-01T00:30,3.0,,1015.1,0.0,16.8,81.2,0.4,1.0
2026-10-01T00:45,330.0,,1015.0,0.0,16.9,80.8,0.5,1.0
2026-10-01T01:00,,0.0,,,,,,
2026-10-01T01:15,220.0,,1014.7,0.0,17.0,81.1,0.1,0.7
2026-10-01T01:30,345.0,,1014.7,0.0,16.9,81.1,0.4,0.9
2026-10-01T02:00,356.0,0.0,1014.7,0.0,17.0,80.8,0.3,0.8
2026-10-01T02:15,343.0,,1014.7,0.0,16.8,80.5,0.8,1.2
2026-10-01T02:45,29.0,,1014.7,0.0,17.0,79.4,1.1,2.7
2026-10-01T03:00,,0.0,,,,,,
2026-10-01T03:15,40.0,,1014.8,0.0,16.4,80.9,0.4,1.4
2026-10-01T03:45,66.0,,1015.0,0.0,16.6,80.0,1.8,2.7
2026-10-01T04:00,,0.0,,,,,,
2026-10-01T04:15,174.0,,1015.0,0.0,16.2,79.8,0.4,1.3
2026-10-01T04:45,233.0,,1015.0,0.0,15.1,80.5,0.3,0.8
2026-10-01T05:00,140.0,0.0,1015.0,0.0,14.8,81.4,0.1,0.8
2026-10-01T05:15,309.0,,1015.0,9.0,14.6,82.1,0.0,1.4
2026-10-01T05:45,324.0,,1015.1,67.7,15.1,83.7,0.6,1.3
2026-10-01T06:00,22.0,0.0,1015.2,101.0,15.9,83.1,1.2,1.7
2026-10-01T06:15,309.0,,1015.2,139.6,16.9,81.6,0.5,1.7
2026-10-01T06:30,24.0,,1015.2,123.9,18.0,79.1,0.9,1.5
2026-10-01T07:00,,0.0,,,,,,
2026-10-01T07:15,78.0,,1015.2,317.3,21.5,68.2,1.9,1.9
2026-10-01T07:30,38.0,,1015.3,326.1,22.0,65.4,1.0,2.1
2026-10-01T07:45,79.0,,1015.3,408.7,23.2,60.8,1.5,2.6
2026-10-01T08:00,,0.0,,,,,,
2026-10-01T08:15,119.0,,1015.5,561.9,24.4,56.9,1.1,3.0
2026-10-01T08:45,94.0,,1015.5,553.0,24.3,53.0,1.8,4.0
2026-10-01T09:00,,0.0,,,,,,
2026-10-01T09:15,88.0,,1015.5,602.0,25.5,49.6,4.2,4.5
2026-10-01T09:30,94.0,,1015.5,626.2,25.5,42.4,3.1,4.9
2026-10-01T10:00,78.0,0.0,1015.5,660.6,26.4,39.7,3.5,5.6
2026-10-01T10:15,83.0,,1015.4,673.7,26.0,37.9,3.5,6.8
2026-10-01T10:30,75.0,,1015.4,682.7,26.2,36.8,2.2,7.2
2026-10-01T11:00,80.0,0.0,1015.2,691.2,26.4,35.3,1.5,6.3
2026-10-01T11:15,87.0,,1015.0,697.6,26.9,34.4,3.9,6.1
2026-10-01T11:45,83.0,,1014.8,684.0,27.8,33.9,1.8,4.8
2026-10-01T12:00,,0.0,,,,,,
2026-10-01T12:15,79.0,,1014.5,663.7,27.1,31.5,3.8,6.0
2026-10-01T12:45,94.0,,1014.3,578.5,27.3,30.8,2.7,5.6
2026-10-01T13:00,,0.0,,,,,,
2026-10-01T13:15,92.0,,1014.2,494.7,27.9,30.9,1.8,5.0
2026-10-01T13:30,116.0,,1014.2,442.8,28.1,30.2,2.0,7.0
2026-10-01T14:00,91.0,0.0,1014.3,380.3,27.3,30.6,1.9,4.7
2026-10-01T14:15,94.0,,1014.4,330.3,27.1,30.6,2.6,3.9
2026-10-01T14:45,97.0,,1014.4,287.2,26.9,32.4,2.3,3.9
2026-10-01T15:00,104.0,0.0,1014.4,242.1,26.8,33.7,2.3,3.6
2026-10-01T15:15,102.0,,1014.4,247.3,26.8,34.1,2.1,3.2
2026-10-01T15:30,103.0,,1014.4,220.8,26.5,34.6,2.3,3.2
2026-10-01T16:00,150.0,0.0,1014.6,99.1,26.3,36.1,0.4,1.7
2026-10-01T16:15,156.0,,1014.7,49.3,25.6,37.6,0.3,1.4
2026-10-01T16:45,70.0,,1015.1,9.7,22.3,46.1,0.7,0.7
2026-10-01T17:00,,0.0,,,,,,
2026-10-01T17:15,356.0,,1015.2,0.0,19.0,56.5,0.9,1.3
2026-10-01T17:45,4.0,,1015.7,0.0,16.4,63.6,0.6,1.4
2026-10-01T18:00,35.0,0.0,1015.8,0.0,16.9,66.3,0.5,1.6
2026-10-01T18:15,0.0,,1015.9,0.0,16.9,66.8,0.8,1.1
2026-10-01T18:30,40.0,,1016.0,0.0,16.6,67.3,0.9,1.5
2026-10-01T19:00,356.0,0.0,1016.3,0.0,16.0,65.8,0.3,1.4
2026-10-01T19:15,247.0,,1016.4,0.0,16.0,64.3,0.2,1.1
2026-10-01T19:45,352.0,,1016.7,0.0,16.2,63.0,0.3,0.9
2026-10-01T20:00,332.0,0.0,1016.8,0.0,15.3,63.1,0.6,1.0
2026-10-01T20:15,356.0,,1016.8,0.0,15.1,63.7,0.8,1.5
2026-10-01T20:45,67.0,,1016.8,0.0,15.5,64.2,0.8,2.2
2026-10-01T21:00,96.0,0.0,1016.9,0.0,15.8,64.9,0.9,2.4
2026-10-01T21:15,39.0,,1017.0,0.0,15.6,64.7,0.3,1.4
2026-10-01T21:45,343.0,,1017.0,0.0,13.4,70.1,1.1,1.7
2026-10-01T22:00,,0.0,,,,,,
2026-10-01T22:15,21.0,,1017.2,0.0,13.0,76.6,0.8,1.6
2026-10-01T22:30,22.0,,1017.2,0.0,13.8,76.0,1.0,1.5
2026-10-01T23:00,,0.0,,,,,,
2026-10-01T23:15,38.0,,1017.3,0.0,13.6,75.3,1.0,2.2
2026-10-01T23:30,32.0,,1017.3,0.0,13.8,77.0,0.9,2.0
2026-10-01T23:45,352.0,,1017.3,0.0,13.4,76.8,0.6,1.3
2026-10-02T00:00,,0.0,,,,,,
2026-10-02T00:15,33.0,,1017.5,0.0,13.3,78.4,0.3,1.1
2026-10-02T00:45,90.0,,1017.5,0.0,13.6,79.7,0.1,0.9
2026-10-02T01:00,352.0,0.0,1017.4,0.0,13.6,79.5,0.2,1.3
2026-10-02T01:15,2.0,,1017.6,0.0,13.7,79.3,0.5,0.9
2026-10-02T01:45,18.0,,1017.6,0.0,13.4,80.6,0.6,1.4
2026-10-02T02:00,49.0,0.0,1017.6,0.0,13.1,81.4,0.1,1.1
2026-10-02T02:15,346.0,,1017.6,0.0,13.3,81.5,0.8,1.7
2026-10-02T02:30,0.0,,1017.6,0.0,13.1,81.3,0.9,1.6
2026-10-02T03:00,293.0,0.0,1017.6,0.0,13.4,80.9,0.9,3.1
2026-10-02T03:15,20.0,,1017.8,0.0,12.9,81.0,0.5,2.4
2026-10-02T03:45,358.0,,1017.9,0.0,12.7,82.4,0.6,2.4
2026-10-02T04:00,12.0,0.0,1017.9,0.0,12.4,82.6,0.8,1.7
2026-10-02T04:15,329.0,,1018.0,0.0,12.2,83.2,0.6,1.5
2026-10-02T04:30,269.0,,1018.0,0.0,12.5,83.7,0.7,2.7
2026-10-02T04:45,13.0,,1018.1,0.0,12.3,83.6,0.5,1.6
2026-10-02T05:00,,0.0,,,,,,
2026-10-02T05:15,317.0,,1018.2,4.1,12.3,84.3,1.6,2.2
2026-10-02T05:45,337.0,,1018.5,43.8,12.9,84.3,1.3,1.6
2026-10-02T06:00,57.0,0.0,1018.9,95.6,13.9,84.1,0.9,2.2
2026-10-02T06:15,69.0,,1018.9,137.1,14.5,82.4,1.7,2.7
2026-10-02T06:45,61.0,,1019.2,128.1,17.0,78.8,0.6,1.7
2026-10-02T07:00,,0.0,,,,,,
2026-10-02T07:15,64.0,,1019.3,268.4,19.1,73.1,1.8,1.9
2026-10-02T07:45,68.0,,1019.7,489.9,21.3,63.2,1.0,3.0
2026-10-02T08:00,58.0,0.0,1019.7,494.8,22.0,56.5,2.1,2.9
2026-10-02T08:15,77.0,,1019.8,379.9,22.2,49.6,2.3,4.7
2026-10-02T08:30,53.0,,1019.8,428.8,22.1,46.3,2.4,4.8
2026-10-02T08:45,58.0,,1019.8,308.5,22.3,46.1,1.6,4.0
2026-10-02T09:00,,0.0,,,,,,
2026-10-02T09:15,42.0,,1019.9,660.6,23.5,44.4,2.0,4.4
2026-10-02T09:30,68.0,,1019.9,465.3,24.1,42.3,2.1,4.5
2026-10-02T10:00,54.0,0.0,1019.8,542.0,23.9,37.2,3.7,5.3
2026-10-02T10:15,84.0,,1019.7,435.6,24.5,36.1,3.4,6.0
2026-10-02T10:30,101.0,,1019.8,381.5,24.2,31.4,4.3,5.3
2026-10-02T10:45,84.0,,1019.8,510.4,24.6,31.5,3.6,4.9
2026-10-02T11:00,,0.0,,,,,,
2026-10-02T11:15,95.0,,1019.7,374.6,24.5,28.8,1.0,4.3
2026-10-02T11:45,90.0,,1019.4,622.6,25.8,29.5,2.7,3.9
2026-10-02T12:00,66.0,0.0,1019.2,620.1,26.0,27.2,2.4,4.5
2026-10-02T12:15,129.0,,1019.2,548.9,25.7,27.1,0.8,4.8
2026-10-02T12:45,75.0,,1019.1,587.2,25.9,25.7,1.6,7.2
2026-10-02T13:00,,0.0,,,,,,
2026-10-02T13:15,99.0,,1018.9,502.9,26.1,25.3,3.3,7.4
2026-10-02T13:45,101.0,,1018.9,438.0,25.8,25.4,3.8,6.5
2026-10-02T14:00,70.0,0.0,1018.8,438.0,25.7,26.1,2.8,6.6
2026-10-02T14:15,118.0,,1018.8,346.2,25.5,26.0,5.1,5.7
2026-10-02T14:45,78.0,,1018.8,359.7,25.7,28.2,1.4,4.9
2026-10-02T15:00,66.0,0.0,1018.8,160.1,24.7,27.6,2.8,4.5
2026-10-02T15:15,90.0,,1018.8,259.1,25.1,28.3,2.0,5.3
2026-10-02T15:45,79.0,,1018.8,144.3,24.5,28.0,2.9,4.3
2026-10-02T16:00,70.0,0.0,1018.8,106.9,23.6,27.9,1.2,4.4
2026-10-02T16:15,75.0,,1018.9,64.2,22.8,27.8,2.4,4.0
2026-10-02T16:30,33.0,,1018.9,28.9,21.8,29.5,1.3,2.7
2026-10-02T17:00,62.0,0.0,1019.1,0.0,20.5,34.1,2.5,3.1
2026-10-02T17:15,65.0,,1019.1,0.0,19.9,35.4,2.0,2.7
2026-10-02T17:45,33.0,,1019.2,0.0,16.2,43.7,0.9,2.1
2026-10-02T18:00,343.0,0.0,1019.2,0.0,14.1,48.6,0.4,1.3
2026-10-02T18:15,4.0,,1019.3,0.0,14.2,53.3,0.5,1.9
2026-10-02T18:30,8.0,,1019.3,0.0,13.9,56.2,0.4,1.3
2026-10-02T19:00,0.0,0.0,1019.5,0.0,13.2,61.6,0.8,1.1
2026-10-02T19:15,345.0,,1019.6,0.0,12.8,64.2,0.4,1.7
2026-10-02T19:30,12.0,,1019.6,0.0,12.6,66.1,0.6,1.1
2026-10-02T20:00,5.0,0.0,1019.7,0.0,12.5,68.0,0.4,1.1
2026-10-02T20:15,308.0,,1019.7,0.0,12.7,69.8,0.1,0.9
2026-10-02T20:30,348.0,,1019.7,0.0,13.0,70.7,0.6,1.4
2026-10-02T21:00,13.0,0.0,1019.7,0.0,13.6,70.6,1.6,2.8
2026-10-02T21:15,318.0,,1019.7,0.0,12.8,69.6,1.2,1.9
2026-10-02T21:45,345.0,,1020.0,0.0,11.9,72.5,0.5,2.3
2026-10-02T22:00,,0.0,,,,,,
2026-10-02T22:15,42.0,,1020.1,0.0,13.5,73.6,2.8,4.0
2026-10-02T22:45,6.0,,1020.1,0.0,11.9,74.5,0.7,1.9
2026-10-02T23:00,,0.0,,,,,,
2026-10-02T23:15,353.0,,1020.0,0.0,11.6,75.9,0.6,1.4
2026-10-02T23:30,30.0,,1020.0,0.0,11.4,76.8,1.5,1.7
2026-10-03T00:00,34.0,0.0,1020.1,0.0,10.8,77.7,1.3,2.1
2026-10-03T00:15,8.0,,1020.0,0.0,11.8,77.0,1.1,2.0
2026-10-03T00:45,332.0,,1020.0,0.0,12.0,75.0,0.7,1.8
2026-10-03T01:00,2.0,0.0,1020.0,0.0,11.6,74.4,0.7,1.7
2026-10-03T01:15,348.0,,1019.9,0.0,11.5,75.4,0.3,1.5
2026-10-03T01:45,0.0,,1019.7,0.0,10.6,76.5,1.6,2.1
2026-10-03T02:00,28.0,0.0,1019.6,0.0,10.8,77.3,1.0,2.1
2026-10-03T02:15,345.0,,1019.6,0.0,11.1,76.8,0.7,1.8
2026-10-03T02:45,323.0,,1019.5,0.0,10.8,76.1,2.3,3.1
2026-10-03T03:00,324.0,0.0,1019.5,0.0,10.4,75.9,1.1,2.3
2026-10-03T03:15,15.0,,1019.5,0.0,10.5,76.8,1.0,2.1
2026-10-03T03:30,82.0,,1019.6,0.0,10.5,77.8,2.5,2.7
2026-10-03T03:45,14.0,,1019.6,0.0,11.1,78.1,0.9,3.3
2026-10-03T04:00,,0.0,,,,,,
2026-10-03T04:15,355.0,,1019.6,0.0,10.6,77.8,0.7,1.7
2026-10-03T04:30,0.0,,1019.7,0.0,10.4,78.2,0.6,1.5
2026-10-03T04:45,314.0,,1019.7,0.0,10.2,78.4,0.6,1.4
2026-10-03T05:00,,0.0,,,,,,
2026-10-03T05:15,308.0,,1019.8,6.7,11.1,78.5,0.3,1.4
2026-10-03T05:30,15.0,,1019.8,18.8,11.7,77.5,0.2,1.9
2026-10-03T06:00,13.0,0.0,1020.1,93.7,12.6,74.9,1.4,1.9
2026-10-03T06:15,0.0,,1020.2,137.8,13.4,73.9,1.1,1.8
2026-10-03T06:45,8.0,,1020.2,227.1,16.3,68.8,0.5,3.6
2026-10-03T07:00,,0.0,,,,,,
2026-10-03T07:15,58.0,,1020.3,322.6,19.1,58.9,2.0,3.8
2026-10-03T07:30,46.0,,1020.4,367.1,19.9,56.2,0.9,3.4
2026-10-03T08:00,36.0,0.0,1020.4,451.7,22.1,44.8,2.1,5.2
2026-10-03T08:15,85.0,,1020.4,492.7,22.3,39.7,4.5,6.3
2026-10-03T08:30,96.0,,1020.3,530.2,22.2,37.5,4.9,6.6
2026-10-03T09:00,74.0,0.0,1020.4,590.7,23.0,34.3,4.8,6.8
2026-10-03T09:15,82.0,,1020.4,618.1,23.5,32.8,2.9,6.8
2026-10-03T09:45,89.0,,1020.2,662.2,24.1,30.8,2.7,6.0
2026-10-03T10:00,54.0,0.0,1020.2,676.9,24.0,29.5,2.1,7.0
2026-10-03T10:15,61.0,,1020.2,686.0,24.0,29.0,2.7,6.4
2026-10-03T10:30,47.0,,1020.1,691.3,24.3,28.8,2.6,5.8
2026-10-03T11:00,98.0,0.0,1019.8,698.6,25.3,26.8,3.2,7.6
2026-10-03T11:15,89.0,,1019.5,692.2,25.3,26.1,2.1,5.4
2026-10-03T11:45,107.0,,1019.1,689.9,25.8,23.5,5.5,6.8
2026-10-03T12:00,80.0,0.0,1018.9,674.8,26.0,23.3,1.7,7.0
2026-10-03T12:15,95.0,,1018.7,662.6,26.0,22.5,3.0,5.5
2026-10-03T12:30,69.0,,1018.6,639.7,26.3,22.1,3.3,6.2
2026-10-03T12:45,92.0,,1018.6,615.9,26.3,21.9,3.0,6.0
2026-10-03T13:00,,0.0,,,,,,
2026-10-03T13:15,98.0,,1018.3,561.9,26.5,20.8,3.8,6.9
2026-10-03T13:30,84.0,,1018.2,528.2,26.0,21.1,3.7,6.0
2026-10-03T13:45,95.0,,1018.2,485.6,26.7,21.6,2.2,4.3
2026-10-03T14:00,,0.0,,,,,,
2026-10-03T14:15,91.0,,1018.2,410.1,26.8,21.0,2.5,4.7
2026-10-03T14:45,134.0,,1018.2,319.1,26.2,22.0,2.1,3.1
2026-10-03T15:00,157.0,0.0,1018.2,268.6,26.8,23.2,1.7,3.4
2026-10-03T15:15,95.0,,1018.2,210.7,25.8,21.9,1.9,2.8
2026-10-03T15:30,112.0,,1018.2,172.3,25.7,24.2,1.0,2.7
2026-10-03T16:00,160.0,0.0,1018.2,90.7,24.7,28.0,1.4,2.6
2026-10-03T16:15,148.0,,1018.2,47.2,24.2,30.5,0.8,2.1
2026-10-03T16:30,187.0,,1018.2,11.7,22.2,33.8,0.7,1.7
2026-10-03T16:45,161.0,,1018.2,0.0,19.2,38.4,0.7,1.6
2026-10-03T17:00,,0.0,,,,,,
2026-10-03T17:15,336.0,,1018.5,0.0,14.7,50.4,1.2,1.3
2026-10-03T17:45,349.0,,1018.6,0.0,13.6,60.5,0.5,1.5
2026-10-03T18:00,348.0,0.0,1018.6,0.0,14.2,62.5,1.3,1.8
2026-10-03T18:15,354.0,,1018.7,0.0,13.3,63.0,1.2,1.8
2026-10-03T18:30,10.0,,1018.8,0.0,13.1,64.5,0.6,1.3
2026-10-03T19:00,356.0,0.0,1019.0,0.0,12.8,66.8,0.6,1.0
2026-10-03T19:15,352.0,,1019.0,0.0,13.0,67.1,0.5,0.7
2026-10-03T19:30,357.0,,1019.2,0.0,12.6,66.9,0.8,1.0
2026-10-03T20:00,0.0,0.0,1019.1,0.0,12.5,68.9,0.9,1.5
2026-10-03T20:15,12.0,,1019.2,0.0,12.8,69.6,1.1,3.3
2026-10-03T20:45,22.0,,1019.2,0.0,12.4,68.4,0.9,1.5
2026-10-03T21:00,,0.0,,,,,,
2026-10-03T21:15,51.0,,1019.2,0.0,12.8,68.8,0.5,1.2
2026-10-03T21:30,25.0,,1019.2,0.0,12.1,69.0,0.6,1.3
2026-10-03T21:45,16.0,,1019.1,0.0,11.4,70.6,0.7,1.2
2026-10-03T22:00,,0.0,,,,,,
2026-10-03T22:15,6.0,,1019.1,0.0,10.8,73.1,1.0,1.3
2026-10-03T22:30,10.0,,1019.0,0.0,11.1,73.4,0.4,1.2
2026-10-03T23:00,,0.0,,,,,,
2026-10-03T23:15,343.0,,1018.9,0.0,11.0,74.9,0.5,2.6
2026-10-03T23:45,26.0,,1018.9,0.0,11.2,75.2,0.5,1.5
2026-10-04T00:00,,0.0,,,,,,
2026-10-04T00:15,0.0,,1018.7,0.0,10.3,76.0,0.5,1.7
2026-10-04T00:30,358.0,,1018.6,0.0,10.8,75.6,0.4,1.1
2026-10-04T00:45,8.0,,1018.6,0.0,10.2,76.1,0.7,2.3
2026-10-04T01:00,,0.0,,,,,,
2026-10-04T01:15,4.0,,1018.3,0.0,10.0,77.3,0.8,1.0
2026-10-04T01:30,84.0,,1018.1,0.0,9.8,78.4,0.4,1.9
2026-10-04T01:45,13.0,,1018.1,0.0,9.5,79.2,0.5,1.1
2026-10-04T02:00,,0.0,,,,,,
2026-10-04T02:15,12.0,,1018.0,0.0,10.0,79.0,0.3,1.1
2026-10-04T02:30,65.0,,1018.0,0.0,10.2,79.8,1.6,2.0
2026-10-04T02:45,50.0,,1018.0,0.0,9.5,78.8,0.9,2.2
2026-10-04T03:00,,0.0,,,,,,
2026-10-04T03:15,48.0,,1017.9,0.0,9.1,81.8,1.1,1.5
2026-10-04T03:45,28.0,,1017.9,0.0,8.4,82.2,0.8,1.1
2026-10-04T04:00,,0.0,,,,,,
2026-10-04T04:15,17.0,,1018.0,0.0,9.1,83.2,0.8,1.4
2026-10-04T04:45,353.0,,1018.0,0.0,8.3,83.2,0.7,1.1
2026-10-04T05:00,347.0,0.0,1018.1,0.0,9.1,84.5,0.1,0.8
2026-10-04T05:15,357.0,,1018.3,5.6,9.3,84.2,0.8,1.1
2026-10-04T05:45,351.0,,1018.4,52.1,10.0,82.4,0.5,1.3
2026-10-04T06:00,19.0,0.0,1018.4,89.3,10.6,82.8,0.4,1.5
2026-10-04T06:15,332.0,,1018.6,131.8,11.8,83.4,0.4,1.3
2026-10-04T06:45,344.0,,1018.7,221.2,14.2,80.6,0.5,1.4
2026-10-04T07:00,,0.0,,,,,,
2026-10-04T07:15,32.0,,1018.9,312.4,18.4,72.6,0.8,1.5
2026-10-04T07:30,216.0,,1018.9,353.7,19.4,65.2,0.2,1.3
2026-10-04T08:00,206.0,0.0,1018.8,437.7,20.7,56.0,0.8,1.8
2026-10-04T08:15,91.0,,1018.8,479.6,21.9,52.1,1.1,2.1
2026-10-04T08:45,99.0,,1018.6,553.1,21.7,43.8,2.0,3.2
2026-10-04T09:00,,0.0,,,,,,
2026-10-04T09:15,91.0,,1018.2,601.3,22.8,42.3,1.6,2.8
2026-10-04T09:45,95.0,,1018.0,649.7,23.3,38.9,1.8,2.4
2026-10-04T10:00,98.0,0.0,1018.0,663.8,24.2,38.0,1.1,2.5
2026-10-04T10:15,167.0,,1017.9,674.9,24.2,35.5,1.0,3.1
2026-10-04T10:30,228.0,,1017.7,684.0,24.0,35.7,0.9,3.4
2026-10-04T11:00,321.0,0.0,1017.5,685.3,24.3,33.6,0.7,2.4
2026-10-04T11:15,261.0,,1017.3,692.6,23.7,33.9,1.2,3.3
2026-10-04T11:45,188.0,,1017.1,665.0,25.0,33.7,1.2,3.4
2026-10-04T12:00,231.0,0.0,1016.9,665.4,24.8,31.5,0.5,3.2
2026-10-04T12:15,189.0,,1016.9,648.2,25.1,30.6,1.3,3.4
2026-10-04T12:30,187.0,,1016.7,632.8,25.2,30.7,0.6,3.0
2026-10-04T13:00,205.0,0.0,1016.5,583.3,25.0,30.4,1.0,3.2
2026-10-04T13:15,249.0,,1016.2,550.6,25.4,29.7,1.6,2.5
2026-10-04T13:45,210.0,,1015.9,472.4,25.5,29.7,1.5,2.4
2026-10-04T14:00,196.0,0.0,1015.8,439.8,25.1,30.5,1.4,2.9
2026-10-04T14:15,176.0,,1015.7,397.5,25.8,31.3,0.9,2.8
2026-10-04T14:30,106.0,,1015.6,354.0,25.7,30.6,1.4,2.5
2026-10-04T15:00,139.0,0.0,1015.6,260.3,25.4,31.5,1.3,1.9
2026-10-04T15:15,220.0,,1015.6,218.6,24.8,31.6,0.8,2.5
2026-10-04T15:45,169.0,,1015.5,124.9,24.3,33.2,0.7,2.0
2026-10-04T16:00,,0.0,,,,,,
2026-10-04T16:15,199.0,,1015.5,32.4,22.3,37.4,0.3,1.2
2026-10-04T16:45,25.0,,1015.5,0.0,19.0,44.9,0.4,0.7
2026-10-04T17:00,3.0,0.0,1015.7,0.0,16.1,49.5,1.0,1.3
2026-10-04T17:15,346.0,,1015.7,0.0,15.2,56.8,1.1,1.6
2026-10-04T17:45,43.0,,1015.8,0.0,14.6,63.5,0.2,1.3
2026-10-04T18:00,,0.0,,,,,,
2026-10-04T18:15,354.0,,1015.9,0.0,14.3,65.2,0.6,2.0
2026-10-04T18:45,4.0,,1015.9,0.0,12.8,68.8,0.5,1.7
2026-10-04T19:00,325.0,0.0,1016.0,0.0,11.9,71.1,0.5,0.9
2026-10-04T19:15,141.0,,1016.0,0.0,12.5,72.5,0.0,0.8
2026-10-04T19:45,331.0,,1016.2,0.0,11.8,75.2,0.3,1.1
2026-10-04T20:00,11.0,0.0,1016.1,0.0,12.0,75.2,0.6,1.1
2026-10-04T20:15,346.0,,1016.2,0.0,11.8,75.7,0.5,0.9
2026-10-04T20:45,62.0,,1016.2,0.0,12.3,77.9,1.3,1.8
2026-10-04T21:00,75.0,0.0,1016.0,0.0,11.4,77.7,0.9,1.6
2026-10-04T21:15,52.0,,1016.0,0.0,10.9,78.1,0.8,1.2
2026-10-04T21:30,27.0,,1015.9,0.0,10.2,79.1,0.3,1.4
2026-10-04T21:45,315.0,,1015.8,0.0,10.9,80.2,0.3,1.3
2026-10-04T22:00,,0.0,,,,,,
2026-10-04T22:15,50.0,,1015.8,0.0,10.5,81.1,0.7,1.6
2026-10-04T22:45,31.0,,1015.7,0.0,10.2,81.7,0.6,1.1
2026-10-04T23:00,,0.0,,,,,,
2026-10-04T23:15,285.0,,1015.6,0.0,9.4,82.3,0.2,1.2
2026-10-04T23:30,337.0,,1015.7,0.0,9.7,84.2,0.2,1.3
2026-10-05T00:00,16.0,0.0,1015.4,0.0,9.2,85.4,0.9,1.1
2026-10-05T00:15,26.0,,1015.3,0.0,8.9,84.9,1.0,1.3
2026-10-05T00:45,3.0,,1015.1,0.0,9.0,85.2,1.7,1.8
2026-10-05T01:00,,0.0,,,,,,
2026-10-05T01:15,340.0,,1014.8,0.0,9.4,85.4,1.2,1.7
2026-10-05T01:45,56.0,,1014.7,0.0,9.7,86.7,0.7,1.7
2026-10-05T02:00,24.0,0.0,1014.9,0.0,9.3,85.8,0.7,1.5
2026-10-05T02:15,31.0,,1014.8,0.0,9.3,86.3,1.0,1.3
2026-10-05T02:30,27.0,,1014.7,0.0,8.8,87.1,0.9,1.8
2026-10-05T02:45,28.0,,1014.6,0.0,10.1,88.5,0.9,1.6
2026-10-05T03:00,,0.0,,,,,,
2026-10-05T03:15,344.0,,1014.6,0.0,8.6,85.6,0.6,1.0
2026-10-05T03:45,15.0,,1014.6,0.0,9.2,88.3,1.3,2.3
2026-10-05T04:00,,0.0,,,,,,
2026-10-05T04:15,329.0,,1014.6,0.0,9.4,88.6,0.8,1.7
2026-10-05T04:30,354.0,,1014.6,0.0,9.0,88.0,0.7,1.3
2026-10-05T05:00,351.0,0.0,1014.5,0.0,9.7,89.6,1.0,1.6
2026-10-05T05:15,0.0,,1014.5,0.0,9.4,88.5,1.3,1.5
2026-10-05T05:45,28.0,,1014.5,24.5,10.0,90.3,0.7,1.3
2026-10-05T06:00,,0.0,,,,,,
2026-10-05T06:15,20.0,,1014.5,54.0,11.4,89.5,0.3,1.1
2026-10-05T06:45,311.0,,1014.6,79.3,13.0,87.1,0.5,1.2
2026-10-05T07:00,332.0,0.0,1014.7,98.7,13.6,86.7,0.3,1.0
2026-10-05T07:15,9.0,,1014.8,122.5,14.4,87.2,0.4,0.9
2026-10-05T07:45,11.0,,1014.8,150.5,16.4,81.6,0.3,1.0
2026-10-05T08:00,321.0,0.0,1014.9,151.0,17.1,78.8,0.5,1.1
2026-10-05T08:15,254.0,,1014.9,168.7,17.7,76.4,0.3,1.2
2026-10-05T08:45,172.0,,1015.1,140.7,18.3,73.1,0.6,0.9
2026-10-05T09:00,,0.0,,,,,,
2026-10-05T09:15,232.0,,1015.1,216.4,18.1,70.9,1.1,1.6
2026-10-05T09:45,252.0,,1015.1,267.2,19.3,63.4,1.4,2.3
2026-10-05T10:00,,0.0,,,,,,
2026-10-05T10:15,204.0,,1014.9,279.5,19.6,61.2,0.3,2.2
2026-10-05T10:45,184.0,,1014.8,565.2,21.8,52.7,0.1,1.5
2026-10-05T11:00,121.0,0.0,1014.6,630.3,22.4,47.4,1.0,1.9
2026-10-05T11:15,125.0,,1014.4,265.8,22.8,45.4,1.2,2.1
2026-10-05T11:45,176.0,,1014.2,385.0,22.5,47.0,1.9,2.5
2026-10-05T12:00,211.0,0.0,1014.0,474.2,22.8,45.8,1.3,2.2
2026-10-05T12:15,146.0,,1013.8,364.2,22.8,45.4,1.5,2.0
2026-10-05T12:45,179.0,,1013.5,274.8,22.4,45.8,0.7,1.6
2026-10-05T13:00,204.0,0.0,1013.5,220.6,22.3,45.1,1.3,1.7
2026-10-05T13:15,241.0,,1013.4,285.6,22.5,45.2,1.1,2.0
2026-10-05T13:45,148.0,,1013.1,211.7,23.2,41.6,0.4,2.5
2026-10-05T14:00,245.0,0.0,1013.0,432.9,23.2,40.7,1.7,2.3
2026-10-05T14:15,278.0,,1013.0,279.3,23.4,40.1,1.0,2.3
2026-10-05T14:45,223.0,,1012.7,265.8,23.4,39.5,1.1,2.5
2026-10-05T15:00,213.0,0.0,1012.6,82.7,22.6,41.4,0.4,2.2
2026-10-05T15:15,233.0,,1012.6,62.0,21.5,44.1,1.0,1.7
2026-10-05T15:30,233.0,,1012.6,42.1,20.5,46.6,0.9,1.4
2026-10-05T16:00,305.0,0.0,1012.6,70.7,18.1,54.4,0.5,0.9
2026-10-05T16:15,129.0,,1012.6,41.4,17.3,57.1,0.0,0.7
2026-10-05T16:45,323.0,,1012.8,0.0,15.2,64.3,0.6,0.9
2026-10-05T17:00,,0.0,,,,,,
2026-10-05T17:15,310.0,,1013.0,0.0,12.5,70.4,1.0,1.2
2026-10-05T17:45,337.0,,1013.3,0.0,12.2,77.4,0.8,1.1
2026-10-05T18:00,0.0,0.0,1013.3,0.0,12.4,79.5,0.8,1.3
2026-10-05T18:15,319.0,,1013.4,0.0,12.0,79.6,0.4,1.2
2026-10-05T18:45,2.0,,1013.5,0.0,12.3,79.7,0.5,1.4
2026-10-05T19:00,290.0,0.0,1013.4,0.0,12.1,79.1,0.2,0.7
2026-10-05T19:15,2.0,,1013.5,0.0,11.1,79.5,0.5,1.0
2026-10-05T19:45,4.0,,1013.4,0.0,11.8,80.3,0.3,1.3
2026-10-05T20:00,11.0,0.0,1013.4,0.0,11.9,79.4,0.8,0.9
2026-10-05T20:15,0.0,,1013.4,0.0,11.7,78.6,0.4,1.2
2026-10-05T20:45,22.0,,1013.3,0.0,12.5,77.6,0.3,0.9
2026-10-05T21:00,356.0,0.0,1013.3,0.0,12.9,76.5,0.3,1.0
2026-10-05T21:15,342.0,,1013.3,0.0,12.9,74.6,0.3,0.8
2026-10-05T21:45,6.0,,1013.1,0.0,13.1,74.1,0.2,1.2
2026-10-05T22:00,,0.0,,,,,,
2026-10-05T22:15,318.0,,1013.1,0.0,13.1,71.8,0.3,0.8
2026-10-05T22:45,23.0,,1013.0,0.0,13.3,71.5,0.9,2.4
2026-10-05T23:00,,0.0,,,,,,
2026-10-05T23:15,155.0,,1012.8,0.0,12.9,71.7,0.2,0.9
2026-10-05T23:30,94.0,,1012.8,0.0,12.6,71.1,0.8,1.3
2026-10-05T23:45,73.0,,1012.8,0.0,12.7,73.2,1.5,1.9
2026-10-06T00:00,,0.0,,,,,,
2026-10-06T00:15,204.0,,1012.5,0.0,11.5,76.4,0.1,1.2
2026-10-06T00:30,69.0,,1012.5,0.0,11.4,77.4,0.9,1.0
2026-10-06T00:45,98.0,,1012.5,0.0,11.2,77.5,1.1,2.3
2026-10-06T01:00,,0.0,,,,,,
2026-10-06T01:15,19.0,,1012.3,0.0,10.9,78.9,1.0,1.7
2026-10-06T01:30,25.0,,1012.2,0.0,10.5,80.2,0.7,1.4
2026-10-06T02:00,346.0,0.0,1011.9,0.0,10.8,81.1,0.4,1.1
2026-10-06T02:15,318.0,,1011.8,0.0,11.0,81.3,0.4,1.1
2026-10-06T02:45,343.0,,1011.6,0.0,11.8,80.1,0.1,1.3
2026-10-06T03:00,,0.0,,,,,,
2026-10-06T03:15,118.0,,1011.4,0.0,12.3,79.5,0.9,1.8
2026-10-06T03:45,339.0,,1011.2,0.0,11.8,79.8,0.8,1.3
2026-10-06T04:00,,0.0,,,,,,
2026-10-06T04:15,129.0,,1011.4,0.0,11.7,79.4,1.3,2.0
2026-10-06T04:30,116.0,,1011.4,0.0,11.5,81.0,0.3,1.4
2026-10-06T04:45,349.0,,1011.3,0.0,11.7,81.8,0.8,0.9
2026-10-06T05:00,,0.0,,,,,,
2026-10-06T05:15,293.0,,1011.4,0.0,12.0,82.3,0.3,1.0
2026-10-06T05:45,61.0,,1011.6,9.0,12.7,82.9,0.8,1.7
2026-10-06T06:00,,0.0,,,,,,
2026-10-06T06:15,18.0,,1011.7,44.8,13.5,78.5,0.4,1.0
2026-10-06T06:45,33.0,,1011.8,146.5,15.8,73.4,0.6,1.2
2026-10-06T07:00,,0.0,,,,,,
2026-10-06T07:15,67.0,,1012.0,158.9,17.7,64.8,0.6,1.9
2026-10-06T07:30,35.0,,1012.0,194.2,18.2,61.5,1.6,2.0
2026-10-06T07:45,5.0,,1012.1,185.7,18.7,58.3,1.3,2.5
2026-10-06T08:00,,0.0,,,,,,
2026-10-06T08:15,116.0,,1012.1,531.1,21.8,50.0,2.2,3.7
2026-10-06T08:30,106.0,,1011.9,507.5,22.1,45.3,2.6,2.9
2026-10-06T08:45,100.0,,1011.9,537.0,22.2,42.6,2.0,3.0
2026-10-06T09:00,,0.0,,,,,,
2026-10-06T09:15,122.0,,1011.7,592.1,23.0,37.5,1.9,3.8
2026-10-06T09:30,99.0,,1011.5,617.2,23.3,37.6,2.8,3.8
2026-10-06T10:00,59.0,0.0,1011.4,637.8,23.3,34.1,2.1,4.4
2026-10-06T10:15,80.0,,1011.3,646.1,24.6,34.3,3.9,3.9
2026-10-06T10:30,124.0,,1011.2,681.9,24.3,32.8,2.6,3.8
2026-10-06T11:00,110.0,0.0,1010.8,326.9,25.1,32.9,4.3,4.9
2026-10-06T11:15,96.0,,1010.8,482.6,24.1,31.7,3.7,5.0
2026-10-06T11:45,102.0,,1010.5,687.3,24.9,29.7,3.8,4.8
2026-10-06T12:00,,0.0,,,,,,
2026-10-06T12:15,322.0,,1010.4,621.3,25.0,28.5,0.2,4.5
2026-10-06T12:45,91.0,,1010.1,578.8,25.1,26.3,2.6,4.0
2026-10-06T13:00,35.0,0.0,1010.1,550.5,26.3,27.9,0.8,4.0
2026-10-06T13:15,135.0,,1010.0,515.4,26.0,28.6,1.7,3.0
2026-10-06T13:45,140.0,,1009.9,447.3,26.4,29.0,1.3,3.1
2026-10-06T14:00,72.0,0.0,1009.9,411.3,25.3,27.9,0.7,2.9
2026-10-06T14:15,79.0,,1009.8,373.5,24.8,30.2,1.6,3.1
2026-10-06T14:45,155.0,,1009.7,242.3,24.9,35.8,0.9,2.3
2026-10-06T15:00,154.0,0.0,1009.7,81.1,23.5,38.8,1.0,2.7
2026-10-06T15:15,107.0,,1009.7,101.4,22.6,42.9,0.3,1.9
2026-10-06T15:45,179.0,,1009.7,43.5,21.8,48.7,1.2,1.5
2026-10-06T16:00,149.0,0.0,1009.7,48.5,20.9,50.6,0.7,1.7
2026-10-06T16:15,155.0,,1009.8,41.5,20.9,51.6,1.5,2.8
2026-10-06T16:45,181.0,,1009.9,0.0,18.4,57.5,0.4,1.6
2026-10-06T17:00,,0.0,,,,,,
2026-10-06T17:15,319.0,,1010.3,0.0,16.7,65.2,0.8,1.3
2026-10-06T17:30,306.0,,1010.3,0.0,15.9,68.2,0.8,1.5
2026-10-06T18:00,22.0,0.0,1010.3,0.0,14.8,74.0,0.8,1.2
2026-10-06T18:15,0.0,,1010.3,0.0,14.6,75.8,1.0,1.3
2026-10-06T18:45,1.0,,1010.4,0.0,13.9,77.9,0.3,1.7
2026-10-06T19:00,345.0,0.0,1010.4,0.0,13.6,78.7,1.0,1.1
2026-10-06T19:15,316.0,,1010.4,0.0,13.8,79.5,1.1,1.6
2026-10-06T19:30,355.0,,1010.5,0.0,13.3,79.6,0.7,1.6
2026-10-06T20:00,346.0,0.0,1010.4,0.0,12.6,80.9,0.4,1.0
2026-10-06T20:15,141.0,,1010.4,0.0,12.7,81.1,0.0,1.1
2026-10-06T20:45,354.0,,1010.4,0.0,12.3,81.2,0.6,1.1
2026-10-06T21:00,,0.0,,,,,,
2026-10-06T21:15,11.0,,1010.2,0.0,12.1,82.6,1.0,1.2
2026-10-06T21:30,3.0,,1010.3,0.0,11.9,82.0,0.6,1.0
2026-10-06T21:45,4.0,,1010.2,0.0,11.7,82.5,0.8,1.2
2026-10-06T22:00,,0.0,,,,,,
2026-10-06T22:15,0.0,,1009.9,0.0,12.0,82.0,0.3,1.2
2026-10-06T22:45,22.0,,1009.8,0.0,12.4,81.9,0.7,1.2
2026-10-06T23:00,,0.0,,,,,,
2026-10-06T23:15,25.0,,1009.7,0.0,12.8,80.9,0.7,1.0
2026-10-06T23:45,0.0,,1009.7,0.0,12.0,80.7,0.7,1.1
2026-10-07T00:00,,0.0,,,,,,
2026-10-07T00:15,3.0,,1009.8,0.0,11.9,81.1,0.4,0.8
2026-10-07T00:45,160.0,,1009.9,0.0,11.9,81.0,0.4,0.7
2026-10-07T01:00,252.0,0.0,1009.8,0.0,12.0,81.6,0.7,1.9
2026-10-07T01:15,137.0,,1009.8,0.0,11.5,81.7,0.3,0.9
2026-10-07T01:45,169.0,,1009.5,0.0,11.3,83.1,0.3,1.3
2026-10-07T02:00,350.0,0.0,1009.3,0.0,10.8,82.0,0.2,0.8
2026-10-07T02:15,319.0,,1009.1,0.0,10.7,82.8,0.2,0.8
2026-10-07T02:30,8.0,,1009.0,0.0,10.7,83.0,0.7,1.0
2026-10-07T03:00,109.0,0.0,1008.8,0.0,10.8,82.5,0.6,1.5
2026-10-07T03:15,109.0,,1008.8,0.0,10.6,83.1,0.5,1.0
2026-10-07T03:30,58.0,,1008.7,0.0,10.5,83.8,0.6,0.9
2026-10-07T04:00,357.0,0.0,1008.5,0.0,9.7,84.9,0.6,1.6
2026-10-07T04:15,224.0,,1008.5,0.0,10.1,85.2,0.2,0.7
2026-10-07T04:30,299.0,,1008.5,0.0,10.0,84.9,0.2,0.8
2026-10-07T05:00,178.0,0.0,1008.8,0.0,10.5,84.8,0.1,1.1
2026-10-07T05:15,58.0,,1008.9,0.0,11.1,85.0,0.6,1.1
2026-10-07T05:45,126.0,,1009.1,19.9,11.6,84.5,0.1,0.4
2026-10-07T06:00,,0.0,,,,,,
2026-10-07T06:15,334.0,,1009.3,47.3,12.6,84.0,0.4,0.8
2026-10-07T06:45,351.0,,1009.2,87.0,14.6,83.8,0.8,1.8
2026-10-07T07:00,86.0,0.0,1009.5,103.0,15.4,81.5,0.4,1.3
2026-10-07T07:15,26.0,,1009.5,129.9,16.1,81.1,0.3,1.8
2026-10-07T07:30,119.0,,1009.5,315.8,16.2,79.2,1.2,1.8
2026-10-07T07:45,126.0,,1009.3,329.5,17.0,77.6,0.8,2.0
2026-10-07T08:00,,0.0,,,,,,
2026-10-07T08:15,78.0,,1009.3,434.4,18.9,74.9,0.2,1.9
2026-10-07T08:45,109.0,,1009.3,487.5,20.5,64.8,1.9,2.9
2026-10-07T09:00,,0.0,,,,,,
2026-10-07T09:15,81.0,,1009.1,560.6,21.6,59.0,1.2,3.4
2026-10-07T09:45,207.0,,1008.7,583.8,22.6,56.2,0.4,3.5
2026-10-07T10:00,142.0,0.0,1008.7,585.9,22.8,55.4,1.8,2.6
2026-10-07T10:15,155.0,,1008.6,690.9,22.5,54.3,1.4,2.6
2026-10-07T10:30,132.0,,1008.4,538.0,24.4,54.7,1.0,2.8
2026-10-07T10:45,171.0,,1008.3,473.7,22.2,53.5,0.5,3.5
2026-10-07T11:00,,0.0,,,,,,
2026-10-07T11:15,155.0,,1007.9,638.1,24.3,55.6,1.4,4.3
2026-10-07T11:30,166.0,,1007.9,565.6,24.0,55.7,0.9,3.5
2026-10-07T11:45,154.0,,1007.7,649.4,23.9,55.7,1.8,4.0
2026-10-07T12:00,,0.0,,,,,,
2026-10-07T12:15,175.0,,1007.3,629.4,24.3,54.0,1.9,3.7
2026-10-07T12:30,198.0,,1007.3,421.0,22.7,54.2,1.2,3.4
2026-10-07T12:45,208.0,,1007.1,640.3,23.8,52.8,2.5,5.1
2026-10-07T13:00,,0.0,,,,,,
2026-10-07T13:15,137.0,,1007.1,231.9,23.5,55.0,1.2,3.6
2026-10-07T13:45,184.0,,1006.8,157.3,22.9,57.4,0.8,3.1
2026-10-07T14:00,152.0,0.0,1006.7,143.4,22.7,58.2,1.5,2.9
2026-10-07T14:15,223.0,,1006.7,171.0,22.8,58.8,2.3,2.9
2026-10-07T14:45,180.0,,1006.4,152.0,22.6,59.3,2.0,3.7
2026-10-07T15:00,144.0,0.0,1006.1,115.1,22.4,60.1,1.7,3.4
2026-10-07T15:15,162.0,,1005.9,97.2,22.1,62.3,0.8,2.4
2026-10-07T15:45,144.0,,1005.8,77.5,21.8,64.6,0.3,1.5
2026-10-07T16:00,,0.0,,,,,,
2026-10-07T16:15,158.0,,1005.9,14.0,20.3,67.4,0.4,0.8
2026-10-07T16:30,179.0,,1006.1,3.9,19.4,69.9,0.4,0.9
2026-10-07T17:00,143.0,0.0,1006.4,0.0,19.1,75.1,1.4,2.2
2026-10-07T17:15,186.0,,1006.5,0.0,18.2,76.6,0.7,2.2
2026-10-07T17:45,19.0,,1006.4,0.0,16.5,80.1,0.8,1.2
2026-10-07T18:00,,0.0,,,,,,
2026-10-07T18:15,11.0,,1006.5,0.0,16.4,84.1,1.2,1.2
2026-10-07T18:45,20.0,,1006.4,0.0,16.3,86.3,0.5,1.1
2026-10-07T19:00,26.0,0.0,1006.3,0.0,16.6,87.6,0.6,1.2
2026-10-07T19:15,48.0,,1006.3,0.0,17.1,88.3,0.5,1.2
2026-10-07T19:45,56.0,,1006.0,0.0,16.9,87.9,0.2,0.8
2026-10-07T20:00,12.0,0.0,1005.9,0.0,16.9,88.2,0.2,1.8
2026-10-07T20:15,11.0,,1005.8,0.0,17.3,88.2,0.6,1.2
2026-10-07T20:45,72.0,,1005.9,0.0,17.6,87.8,0.6,1.6
2026-10-07T21:00,26.0,0.0,1005.8,0.0,17.5,87.6,0.7,2.0
2026-10-07T21:15,358.0,,1005.6,0.0,17.2,87.9,0.2,1.4
2026-10-07T21:45,17.0,,1005.4,0.0,17.4,88.9,0.8,0.9
2026-10-07T22:00,,0.0,,,,,,
2026-10-07T22:15,15.0,,1004.9,0.0,17.7,88.1,0.6,1.5
2026-10-07T22:30,348.0,,1004.8,0.0,17.9,87.3,0.6,1.8
2026-10-07T23:00,,0.0,,,,,,
2026-10-07T23:15,3.0,,1004.3,0.0,17.6,87.4,0.2,1.4
2026-10-07T23:30,33.0,,1004.1,0.0,17.5,87.7,0.2,1.1
2026-10-08T00:00,52.0,0.0,1003.6,0.0,17.6,88.8,0.8,1.7
2026-10-08T00:15,8.0,,1003.5,0.0,17.5,88.8,0.7,1.4
2026-10-08T00:45,29.0,,1003.1,0.0,17.4,88.3,0.5,1.5
2026-10-08T01:00,26.0,0.4,1002.7,0.0,17.0,89.4,0.4,1.1
2026-10-08T01:15,25.0,,1002.6,0.0,16.8,90.5,0.7,2.1
2026-10-08T01:30,52.0,,1002.6,0.0,16.7,91.5,0.8,2.1
2026-10-08T02:00,46.0,3.4,1002.0,0.0,16.7,92.2,1.1,3.7
2026-10-08T02:15,32.0,,1001.6,0.0,16.6,92.3,1.5,3.5
2026-10-08T02:30,353.0,,1001.7,0.0,16.5,92.5,1.6,3.7
2026-10-08T03:00,46.0,0.2,1001.4,0.0,16.6,93.0,1.7,2.2
2026-10-08T03:15,48.0,,1001.3,0.0,16.6,92.8,0.8,2.1
2026-10-08T03:30,338.0,,1001.2,0.0,16.5,93.3,0.7,1.6
2026-10-08T04:00,62.0,0.0,1001.0,0.0,16.3,93.8,0.3,0.9
2026-10-08T04:15,321.0,,1000.9,0.0,16.4,94.2,0.2,1.1
2026-10-08T04:30,49.0,,1000.6,0.0,16.5,94.6,0.3,1.3
2026-10-08T05:00,162.0,0.0,1000.8,0.0,16.4,94.8,0.5,1.7
2026-10-08T05:15,108.0,,1000.9,0.0,16.4,94.8,1.3,1.6
2026-10-08T05:30,350.0,,1000.9,3.1,16.6,94.8,0.6,2.9
2026-10-08T06:00,325.0,0.8,1001.2,10.0,16.6,94.8,0.5,0.8
2026-10-08T06:15,251.0,,1001.5,7.5,16.6,95.1,1.8,2.2
2026-10-08T06:30,291.0,,1001.1,43.7,16.6,95.3,1.0,2.2
2026-10-08T07:00,49.0,0.4,1001.2,40.0,16.6,95.6,0.8,1.6
2026-10-08T07:15,15.0,,1001.5,147.3,17.1,96.1,0.1,1.2
2026-10-08T07:30,294.0,,1001.5,161.2,17.4,95.5,0.8,2.3
2026-10-08T08:00,40.0,0.0,1000.9,122.9,18.5,93.8,0.8,2.2
2026-10-08T08:15,96.0,,1001.0,121.7,18.7,93.0,0.2,2.5
2026-10-08T08:30,65.0,,1001.1,136.3,18.8,91.9,0.3,2.0
2026-10-08T08:45,151.0,,1001.1,131.2,19.3,90.2,0.4,1.1
2026-10-08T09:00,,0.0,,,,,,
2026-10-08T09:15,221.0,,1001.4,141.7,19.4,88.7,0.4,1.4
2026-10-08T09:30,191.0,,1001.5,171.8,19.7,89.5,1.0,1.3
2026-10-08T10:00,87.0,0.0,1001.5,160.6,19.7,87.7,0.6,1.3
2026-10-08T10:15,131.0,,1001.5,611.2,20.6,85.5,0.5,1.3
2026-10-08T10:30,146.0,,1001.5,269.6,20.9,83.7,1.0,2.7
2026-10-08T11:00,275.0,0.0,1001.1,488.4,21.6,82.6,1.1,1.9
2026-10-08T11:15,224.0,,1001.0,335.5,21.4,80.1,0.9,2.5
2026-10-08T11:30,89.0,,1000.9,565.2,21.0,80.0,1.3,3.1
2026-10-08T12:00,233.0,0.0,1000.6,154.2,21.1,80.2,0.7,2.8
2026-10-08T12:15,113.0,,1000.4,708.5,23.0,79.9,2.2,5.7
2026-10-08T12:30,160.0,,1000.5,306.6,21.9,79.1,3.2,6.0
2026-10-08T13:00,219.0,0.0,1000.5,284.3,21.8,79.3,2.2,4.9
2026-10-08T13:15,214.0,,1000.5,305.7,22.5,78.4,1.6,5.1
2026-10-08T13:30,156.0,,1000.5,250.2,22.7,77.1,1.5,4.6
2026-10-08T14:00,145.0,0.0,1000.6,87.2,22.1,76.5,1.3,3.7
2026-10-08T14:15,158.0,,1000.5,128.5,21.9,76.3,2.5,4.9
2026-10-08T14:30,220.0,,1000.4,143.7,22.2,74.8,1.8,4.8
2026-10-08T15:00,216.0,0.0,1000.2,183.6,22.1,73.8,2.5,5.1
2026-10-08T15:15,202.0,,1000.1,92.6,22.0,73.2,1.6,4.4
2026-10-08T15:30,233.0,,1000.2,40.8,21.2,74.9,2.4,4.1
2026-10-08T16:00,240.0,0.0,1000.3,49.5,20.8,77.7,1.5,2.6
2026-10-08T16:15,212.0,,1000.5,16.4,20.5,78.5,0.5,1.7
2026-10-08T16:30,191.0,,1000.6,4.5,19.4,80.3,0.5,1.3
2026-10-08T17:00,350.0,0.0,1000.9,0.0,18.5,84.2,0.9,1.4
2026-10-08T17:15,340.0,,1001.0,0.0,17.0,84.9,0.8,1.4
2026-10-08T17:30,318.0,,1001.0,0.0,17.0,87.8,0.1,1.1
2026-10-08T18:00,3.0,0.0,1001.3,0.0,16.7,89.9,0.5,1.0
2026-10-08T18:15,5.0,,1001.4,0.0,16.7,90.9,0.6,1.1
2026-10-08T18:30,8.0,,1001.5,0.0,16.6,91.7,0.9,1.1
2026-10-08T19:00,320.0,0.0,1001.7,0.0,16.0,92.0,0.4,1.1
2026-10-08T19:15,20.0,,1001.9,0.0,16.0,92.6,0.7,0.9
2026-10-08T19:45,25.0,,1002.1,0.0,16.1,93.6,0.9,1.0
2026-10-08T20:00,15.0,0.0,1002.2,0.0,16.1,94.0,0.9,1.3
2026-10-08T20:15,20.0,,1002.4,0.0,16.0,93.9,0.6,1.5
2026-10-08T20:45,332.0,,1002.6,0.0,15.8,94.3,0.2,1.6
2026-10-08T21:00,,0.0,,,,,,
2026-10-08T21:15,315.0,,1002.8,0.0,15.2,94.2,0.6,1.1
2026-10-08T21:45,336.0,,1003.1,0.0,15.2,94.8,0.2,1.0
2026-10-08T22:00,,0.0,,,,,,
2026-10-08T22:15,92.0,,1003.1,0.0,14.9,94.9,0.4,1.0
2026-10-08T22:45,60.0,,1003.2,0.0,14.7,95.1,0.9,1.4
2026-10-08T23:00,,0.0,,,,,,
2026-10-08T23:15,0.0,,1003.4,0.0,14.5,95.2,0.3,1.0
2026-10-08T23:45,17.0,,1003.5,0.0,15.3,96.4,0.3,1.1
2026-10-09T00:00,,0.0,,,,,,
2026-10-09T00:15,28.0,,1003.7,0.0,15.4,96.0,0.2,1.0
2026-10-09T00:45,110.0,,1003.9,0.0,15.3,95.7,0.3,2.7
2026-10-09T01:00,236.0,0.0,1004.1,0.0,15.3,95.9,0.1,0.8
2026-10-09T01:15,180.0,,1004.2,0.0,15.2,95.9,0.4,1.2
2026-10-09T01:30,51.0,,1004.4,0.0,15.1,95.9,0.5,0.8
2026-10-09T02:00,25.0,0.0,1004.6,0.0,15.6,96.5,0.8,1.9
2026-10-09T02:15,62.0,,1004.5,0.0,15.8,96.3,1.0,2.3
2026-10-09T02:45,55.0,,1004.6,0.0,15.9,96.1,1.1,1.4
2026-10-09T03:00,46.0,0.0,1004.7,0.0,16.2,95.9,1.8,2.4
2026-10-09T03:15,22.0,,1004.8,0.0,16.2,95.5,0.7,2.6
2026-10-09T03:30,18.0,,1004.8,0.0,16.1,95.4,0.6,1.7
2026-10-09T04:00,7.0,0.0,1004.8,0.0,16.3,95.9,0.9,1.5
2026-10-09T04:15,9.0,,1004.7,0.0,16.0,95.7,0.6,1.1
2026-10-09T04:30,22.0,,1004.7,0.0,15.8,95.6,0.7,1.0
2026-10-09T05:00,2.0,0.0,1004.9,0.0,15.2,95.1,0.2,0.6
2026-10-09T05:15,37.0,,1005.0,0.0,15.1,95.6,0.2,0.9
2026-10-09T05:30,90.0,,1005.2,6.2,15.3,95.9,2.1,2.1
2026-10-09T06:00,125.0,0.0,1005.6,32.8,16.0,95.7,0.8,2.6
2026-10-09T06:15,60.0,,1005.9,69.9,16.8,95.7,2.3,4.5
2026-10-09T06:30,15.0,,1006.0,208.3,17.6,94.0,1.2,4.3
2026-10-09T07:00,27.0,0.0,1006.4,329.8,19.7,88.7,1.7,3.8
2026-10-09T07:15,79.0,,1006.5,228.3,20.3,86.1,2.3,5.5
2026-10-09T07:30,52.0,,1006.8,263.5,20.4,82.7,2.8,5.5
2026-10-09T08:00,59.0,0.0,1007.1,170.2,20.0,79.3,2.2,7.4
2026-10-09T08:15,67.0,,1007.1,207.2,20.6,79.0,3.0,5.8
2026-10-09T08:30,76.0,,1007.2,163.9,20.3,77.8,2.3,5.2
2026-10-09T09:00,19.0,0.0,1007.6,73.4,19.6,76.0,2.7,6.0
2026-10-09T09:15,23.0,,1007.6,263.5,18.1,82.5,2.2,5.9
2026-10-09T09:30,79.0,,1007.7,249.1,18.0,86.0,1.1,4.3
2026-10-09T10:00,27.0,1.5,1007.7,351.8,18.8,87.6,1.8,4.0
2026-10-09T10:15,24.0,,1007.7,375.5,19.2,86.8,0.6,4.3
2026-10-09T10:30,28.0,,1007.7,375.8,20.0,85.2,1.8,3.8
2026-10-09T11:00,45.0,0.0,1007.5,458.7,20.4,83.1,1.8,4.1
2026-10-09T11:15,18.0,,1007.5,331.6,20.4,80.0,0.9,4.3
2026-10-09T11:30,39.0,,1007.4,185.6,20.2,80.8,1.8,4.3
2026-10-09T11:45,37.0,,1007.2,241.0,20.7,79.3,1.6,3.7
2026-10-09T12:00,,0.0,,,,,,
2026-10-09T12:15,60.0,,1007.1,311.3,20.8,77.4,1.4,4.0
2026-10-09T12:30,44.0,,1007.1,192.4,19.9,76.7,2.7,5.8
2026-10-09T13:00,54.0,0.0,1006.9,177.0,20.3,77.8,3.6,5.5
2026-10-09T13:15,62.0,,1006.7,176.9,20.0,77.9,2.7,4.6
2026-10-09T13:30,20.0,,1006.6,215.8,20.1,76.2,2.6,4.9
2026-10-09T14:00,45.0,0.0,1006.6,198.1,20.3,74.2,3.6,5.2
2026-10-09T14:15,72.0,,1006.7,145.8,19.9,72.7,3.4,6.6
2026-10-09T14:30,62.0,,1006.8,173.7,19.6,72.9,4.1,6.6
2026-10-09T15:00,66.0,0.0,1007.0,100.7,18.9,73.1,0.9,4.7
2026-10-09T15:15,41.0,,1006.9,97.9,19.0,74.5,2.3,3.6
2026-10-09T15:30,63.0,,1006.9,74.8,18.9,73.6,2.4,3.6
2026-10-09T16:00,47.0,0.0,1006.9,26.9,18.1,73.9,1.7,3.5
2026-10-09T16:15,100.0,,1006.7,14.2,17.7,74.7,0.6,2.9
2026-10-09T16:30,34.0,,1006.9,3.8,17.4,75.7,1.0,2.2
2026-10-09T17:00,55.0,0.0,1007.0,0.0,17.1,76.0,0.5,2.3
2026-10-09T17:15,99.0,,1007.1,0.0,17.1,76.8,1.1,1.9
2026-10-09T17:45,100.0,,1007.0,0.0,17.0,75.5,1.3,3.1
2026-10-09T18:00,45.0,0.0,1007.0,0.0,16.9,75.5,0.8,2.4
2026-10-09T18:15,25.0,,1007.0,0.0,16.1,78.5,0.1,1.1
2026-10-09T18:30,28.0,,1006.9,0.0,15.9,80.7,0.3,0.8
2026-10-09T19:00,295.0,0.0,1006.9,0.0,15.6,83.7,0.3,0.6
2026-10-09T19:15,66.0,,1006.9,0.0,15.7,83.4,0.5,0.7
2026-10-09T19:45,283.0,,1007.0,0.0,15.3,85.1,0.4,0.7
2026-10-09T20:00,,0.0,,,,,,
2026-10-09T20:15,318.0,,1007.1,0.0,14.8,86.3,0.6,1.2
2026-10-09T20:45,307.0,,1006.9,0.0,14.8,89.1,0.4,0.7
2026-10-09T21:00,160.0,0.0,1006.9,0.0,15.0,89.2,0.3,0.7
2026-10-09T21:15,0.0,,1006.8,0.0,15.1,90.0,0.4,0.9
2026-10-09T21:45,56.0,,1006.5,0.0,14.9,90.0,0.8,1.2
2026-10-09T22:00,,0.0,,,,,,
2026-10-09T22:15,131.0,,1006.3,0.0,14.4,91.0,0.5,0.9
2026-10-09T22:45,9.0,,1006.2,0.0,14.4,91.9,0.4,0.8
2026-10-09T23:00,,0.0,,,,,,
2026-10-09T23:15,345.0,,1006.0,0.0,13.7,92.2,0.3,1.0
2026-10-09T23:30,31.0,,1005.9,0.0,13.2,92.2,0.4,0.9
2026-10-10T00:00,24.0,0.0,1005.8,0.0,13.3,94.3,0.3,1.0
2026-10-10T00:15,0.0,,1005.8,0.0,13.2,94.3,0.6,1.2
2026-10-10T00:45,13.0,,1005.5,0.0,12.8,94.7,1.0,1.3
2026-10-10T01:00,,0.0,,,,,,
2026-10-10T01:15,319.0,,1005.4,0.0,12.8,95.4,0.4,1.0
2026-10-10T01:45,282.0,,1005.0,0.0,13.3,96.5,0.8,1.7
2026-10-10T02:00,52.0,0.0,1004.8,0.0,13.3,96.1,0.3,2.5
2026-10-10T02:15,68.0,,1004.7,0.0,12.7,95.3,0.2,0.9
2026-10-10T02:30,10.0,,1004.7,0.0,12.7,95.6,0.4,1.0
2026-10-10T03:00,22.0,0.0,1004.5,0.0,12.9,96.3,0.2,1.3
2026-10-10T03:15,324.0,,1004.6,0.0,13.4,96.6,0.7,1.1
2026-10-10T03:45,354.0,,1004.2,0.0,13.6,96.6,1.0,1.0
2026-10-10T04:00,342.0,0.0,1003.9,0.0,13.7,96.5,0.8,1.7
2026-10-10T04:15,343.0,,1003.8,0.0,13.7,96.5,0.7,1.5
2026-10-10T04:30,14.0,,1003.8,0.0,14.0,96.5,1.3,1.6
2026-10-10T05:00,316.0,0.0,1003.6,0.0,14.1,96.2,0.3,0.9
2026-10-10T05:15,47.0,,1003.6,0.0,14.3,96.4,0.4,1.0
2026-10-10T05:45,2.0,,1003.8,17.3,14.5,96.2,0.8,1.1
2026-10-10T06:00,44.0,0.0,1003.9,33.7,14.7,96.2,0.7,1.2
2026-10-10T06:15,16.0,,1004.1,50.0,14.6,95.9,0.5,1.3
2026-10-10T06:30,2.0,,1004.2,69.8,14.8,96.3,0.5,1.0
2026-10-10T07:00,309.0,0.0,1004.3,110.9,15.8,95.9,0.6,1.4
2026-10-10T07:15,6.0,,1004.3,299.5,16.7,95.7,0.5,0.9
2026-10-10T07:45,89.0,,1004.3,223.7,18.4,89.0,1.0,1.5
2026-10-10T08:00,224.0,0.0,1004.3,191.6,18.5,87.3,0.4,1.3
2026-10-10T08:15,202.0,,1004.3,206.4,18.9,86.2,0.6,0.9
2026-10-10T08:45,304.0,,1003.8,492.6,20.1,81.8,0.3,1.8
2026-10-10T09:00,199.0,0.0,1003.6,496.7,20.0,79.4,0.7,2.3
2026-10-10T09:15,227.0,,1003.3,489.1,21.0,78.1,0.1,2.1
2026-10-10T09:45,79.0,,1002.9,482.3,21.5,73.2,1.6,2.2
2026-10-10T10:00,164.0,0.0,1002.8,505.6,22.2,72.1,0.6,2.2
2026-10-10T10:15,100.0,,1002.7,481.0,22.3,69.1,1.1,2.3
2026-10-10T10:30,158.0,,1002.7,598.1,23.7,68.2,1.4,3.0
2026-10-10T11:00,146.0,0.0,1002.5,632.7,22.5,64.4,1.6,4.3
2026-10-10T11:15,169.0,,1002.3,563.5,23.6,62.5,1.5,3.2
2026-10-10T11:45,159.0,,1002.0,624.7,22.9,59.7,0.1,4.5
2026-10-10T12:00,329.0,0.0,1001.7,618.9,23.2,57.2,0.4,3.9
2026-10-10T12:15,258.0,,1001.5,555.1,23.4,56.1,1.0,3.6
2026-10-10T12:45,164.0,,1001.1,337.0,23.7,55.9,1.6,3.1
2026-10-10T13:00,263.0,0.0,1000.8,320.7,22.9,55.6,1.3,2.7
2026-10-10T13:15,316.0,,1000.7,414.1,23.3,55.6,0.8,2.4
2026-10-10T13:30,224.0,,1000.4,350.8,23.8,55.7,1.6,1.8
2026-10-10T14:00,215.0,0.0,1000.0,253.9,23.0,55.7,1.5,3.3
2026-10-10T14:15,269.0,,999.8,238.6,23.1,56.3,1.3,3.4
2026-10-10T14:45,214.0,,999.5,127.3,22.5,58.0,2.3,3.5
2026-10-10T15:00,166.0,0.0,999.4,104.6,22.2,59.9,0.9,3.2
2026-10-10T15:15,219.0,,999.3,82.6,21.9,61.8,0.7,2.1
2026-10-10T15:30,215.0,,999.2,72.6,21.8,63.2,0.7,1.2
2026-10-10T16:00,89.0,0.0,999.3,23.3,20.4,68.4,0.2,0.6
2026-10-10T16:15,12.0,,999.3,9.7,19.7,71.7,0.4,0.7
2026-10-10T16:30,353.0,,999.3,0.0,19.0,74.7,0.5,1.0
2026-10-10T16:45,256.0,,999.4,0.0,18.9,76.8,0.4,1.0
2026-10-10T17:00,,0.0,,,,,,
2026-10-10T17:15,322.0,,999.4,0.0,18.4,79.1,0.9,1.5
2026-10-10T17:30,52.0,,999.4,0.0,17.6,79.6,0.3,1.1
2026-10-10T18:00,297.0,0.0,999.5,0.0,17.3,83.8,0.5,1.0
2026-10-10T18:15,131.0,,999.5,0.0,17.1,84.6,1.3,1.6
2026-10-10T18:30,9.0,,999.7,0.0,16.7,85.6,0.9,1.4
2026-10-10T18:45,70.0,,999.8,0.0,16.9,87.1,1.5,1.6
2026-10-10T19:00,,0.0,,,,,,
2026-10-10T19:15,45.0,,1000.0,0.0,16.9,87.3,0.6,2.2
2026-10-10T19:45,49.0,,999.9,0.0,16.0,88.4,0.5,1.4
2026-10-10T20:00,15.0,0.0,1000.0,0.0,16.1,89.2,0.7,1.9
2026-10-10T20:15,14.0,,1000.1,0.0,15.7,89.4,0.8,1.1
2026-10-10T20:45,13.0,,1000.3,0.0,14.9,90.7,0.9,1.0
