datetime,DVENTO,LIVNEVE,PREC,PRESS,RADSOL,TEMP,UMID,VVENTO,VVENTOMAX
2026-09-11T00:00,327.0,25.0,0.0,911.9,0.0,13.4,95.3,0.8,2.5
2026-09-11T00:15,227.0,25.0,,916.8,0.0,13.5,95.0,1.5,1.6
2026-09-11T00:30,182.0,24.0,,916.8,0.0,13.3,96.4,0.6,2.0
2026-09-11T01:00,353.0,23.0,0.0,916.5,0.0,13.3,96.5,1.3,1.9
2026-09-11T01:15,250.0,23.0,,915.5,0.0,13.1,96.2,0.2,1.6
2026-09-11T01:30,171.0,22.0,,916.2,0.0,12.9,95.6,1.3,1.3
2026-09-11T02:00,332.0,21.0,0.0,916.3,0.0,12.7,96.5,0.4,1.2
2026-09-11T02:15,6.0,20.0,,916.3,0.0,12.6,97.1,0.4,2.3
2026-09-11T02:30,53.0,19.0,,916.1,0.0,12.5,97.4,0.5,0.8
2026-09-11T03:00,232.0,20.0,0.0,916.0,0.0,12.3,97.4,0.7,1.7
2026-09-11T03:15,254.0,16.0,,916.1,0.0,12.3,95.8,0.3,1.7
2026-09-11T03:30,130.0,16.0,,916.2,0.0,12.0,96.2,0.3,1.2
2026-09-11T04:00,217.0,25.0,0.0,911.6,0.0,11.5,98.0,0.6,2.1
2026-09-11T04:15,289.0,24.0,,911.9,0.0,11.5,99.2,0.4,1.8
2026-09-11T04:30,322.0,25.0,,916.8,0.0,11.5,99.1,0.4,0.9
2026-09-11T05:00,278.0,25.0,0.0,912.0,12.2,11.7,98.9,0.5,0.9
2026-09-11T05:15,8.0,25.0,,912.1,22.0,11.6,98.5,0.9,0.9
2026-09-11T05:30,127.0,25.0,,917.3,44.4,11.6,99.3,0.6,1.1
2026-09-11T06:00,122.0,14.0,0.0,917.6,52.4,11.9,98.3,0.4,0.6
2026-09-11T06:15,348.0,13.0,,917.5,58.3,12.2,98.5,0.7,1.8
2026-09-11T07:00,61.0,15.0,0.0,917.3,392.6,13.1,92.7,0.8,1.1
2026-09-11T07:15,107.0,18.0,,916.9,567.4,13.8,96.4,1.5,1.8
2026-09-11T07:30,97.0,20.0,,912.3,273.7,13.5,93.8,0.6,2.6
2026-09-11T08:00,156.0,22.0,0.0,917.0,722.9,14.4,90.9,1.0,2.5
2026-09-11T08:15,101.0,25.0,,917.1,708.4,14.7,91.9,2.2,2.8
2026-09-11T08:30,52.0,20.0,,912.6,730.7,15.2,85.5,0.9,3.3
2026-09-11T09:00,113.0,24.0,0.0,917.4,714.9,16.4,84.4,1.8,3.1
2026-09-11T09:15,135.0,21.0,,917.2,718.4,16.7,80.8,1.9,3.2
2026-09-11T09:30,71.0,21.0,,917.3,737.6,16.9,74.4,0.5,3.0
2026-09-11T10:00,43.0,14.0,0.0,917.4,870.9,17.3,73.1,0.4,4.2
2026-09-11T10:15,125.0,17.0,,917.4,994.7,17.7,73.7,3.6,5.4
2026-09-11T10:30,71.0,15.0,,917.5,786.1,18.0,72.6,3.3,6.1
2026-09-11T11:00,158.0,19.0,0.0,917.6,414.7,18.4,73.3,1.1,3.8
2026-09-11T11:15,123.0,15.0,,917.9,977.0,18.5,72.4,2.3,4.7
2026-09-11T11:30,117.0,14.0,,917.9,916.5,18.2,71.0,3.6,6.5
2026-09-11T12:00,144.0,13.0,0.0,917.9,924.7,18.9,71.6,2.2,6.5
2026-09-11T12:15,233.0,12.0,,918.1,298.9,18.6,68.6,1.0,4.7
2026-09-11T12:30,85.0,16.0,,913.3,361.9,18.9,69.9,1.0,2.5
2026-09-11T13:00,97.0,13.0,0.0,913.7,561.6,19.1,67.5,2.7,4.2
2026-09-11T13:15,154.0,14.0,,919.0,215.4,18.7,70.5,1.7,5.6
2026-09-11T13:30,186.0,13.0,,919.0,225.2,18.2,71.5,1.3,5.6
2026-09-11T14:00,248.0,12.0,0.0,919.4,196.4,18.0,70.2,1.7,5.8
2026-09-11T14:15,136.0,13.0,,919.1,286.8,18.1,71.0,2.1,4.8
2026-09-11T14:30,273.0,17.0,,919.3,324.3,18.7,70.5,0.3,4.2
2026-09-11T15:00,110.0,11.0,0.0,919.7,276.3,18.4,71.5,2.7,4.5
2026-09-11T15:15,169.0,20.0,,919.9,164.0,18.3,71.5,1.4,5.0
2026-09-11T15:30,102.0,19.0,,919.9,166.3,18.4,69.9,0.4,4.0
2026-09-11T16:00,73.0,22.0,0.0,920.6,63.7,17.8,71.4,1.5,4.3
2026-09-11T16:15,257.0,15.0,,920.4,148.8,18.0,70.2,0.1,3.6
2026-09-11T16:30,208.0,8.0,,920.6,101.3,17.8,75.4,0.8,2.8
2026-09-11T17:00,78.0,7.0,0.0,921.0,32.1,17.8,70.7,0.7,4.3
2026-09-11T17:15,117.0,15.0,,916.3,7.9,17.4,73.3,1.4,4.7
2026-09-11T17:30,171.0,10.0,,921.5,0.0,16.9,78.2,2.2,3.7
2026-09-11T18:00,189.0,23.0,0.0,922.0,0.0,16.4,82.6,1.8,2.5
2026-09-11T18:15,221.0,23.0,,917.3,0.0,16.2,84.8,1.3,2.5
2026-09-11T18:30,238.0,23.0,,922.5,0.0,16.0,84.3,1.3,1.8
2026-09-11T19:00,201.0,20.0,0.0,922.6,0.0,15.5,87.2,0.7,1.9
2026-09-11T19:15,297.0,16.0,,922.8,0.0,15.5,87.0,0.6,1.1
2026-09-11T19:30,233.0,16.0,,922.9,0.0,15.3,87.7,0.8,1.4
2026-09-11T20:00,185.0,17.0,0.0,923.2,0.0,15.1,88.7,0.9,1.6
2026-09-11T20:15,312.0,17.0,,923.3,0.0,14.7,90.3,0.6,1.6
2026-09-11T20:30,194.0,17.0,,923.5,0.0,14.8,90.2,0.2,1.1
2026-09-11T21:00,308.0,17.0,0.0,923.6,0.0,14.7,92.2,0.1,1.2
2026-09-11T21:15,41.0,17.0,,923.8,0.0,14.4,93.5,0.3,0.8
2026-09-11T21:30,139.0,17.0,,918.9,0.0,14.4,94.0,0.1,0.9
2026-09-11T22:00,228.0,21.0,0.0,923.9,0.0,14.1,93.2,0.4,1.3
2026-09-11T22:15,171.0,22.0,,923.9,0.0,13.8,93.4,0.6,1.0
2026-09-11T22:30,210.0,19.0,,923.9,0.0,14.1,92.1,0.6,1.1
2026-09-11T23:00,,,0.0,,,,,,
2026-09-11T23:15,107.0,15.0,,923.9,0.0,13.9,94.8,0.5,1.2
2026-09-11T23:30,260.0,15.0,,924.0,0.0,13.9,93.8,0.6,1.0
2026-09-12T00:00,298.0,13.0,0.0,923.7,0.0,13.7,96.0,0.3,1.2
2026-09-12T00:15,271.0,13.0,,918.7,0.0,14.1,86.7,0.6,1.8
2026-09-12T00:30,251.0,13.0,,923.7,0.0,13.5,95.3,0.6,1.3
2026-09-12T01:00,234.0,13.0,0.0,923.7,0.0,13.4,95.6,0.3,0.6
2026-09-12T01:15,251.0,14.0,,918.6,0.0,13.3,96.2,0.2,0.9
2026-09-12T01:30,230.0,15.0,,918.7,0.0,13.2,94.9,0.6,1.5
2026-09-12T02:00,171.0,15.0,0.0,918.7,0.0,13.1,94.9,0.6,0.7
2026-09-12T02:15,128.0,15.0,,923.7,0.0,13.1,95.3,0.5,0.6
2026-09-12T02:30,120.0,16.0,,923.9,0.0,13.2,93.7,0.2,1.2
2026-09-12T03:00,183.0,16.0,0.0,923.9,0.0,12.9,97.0,0.7,1.2
2026-09-12T03:15,205.0,17.0,,923.6,0.0,13.0,96.7,0.4,1.2
2026-09-12T03:30,136.0,18.0,,923.8,0.0,13.0,95.0,0.1,1.2
2026-09-12T04:00,226.0,16.0,0.0,923.8,0.0,13.0,95.3,0.7,0.7
2026-09-12T04:15,260.0,15.0,,923.8,0.0,12.8,96.3,0.3,0.9
2026-09-12T04:30,151.0,15.0,,919.0,0.0,12.7,95.5,0.1,0.6
2026-09-12T05:00,198.0,12.0,0.0,923.9,13.0,12.7,94.2,1.0,1.2
2026-09-12T05:15,343.0,13.0,,923.9,23.2,12.4,95.0,0.1,1.0
2026-09-12T05:30,257.0,15.0,,924.1,38.5,12.3,95.0,0.9,1.1
2026-09-12T06:00,158.0,16.0,0.0,924.4,79.0,12.2,96.9,0.5,1.9
2026-09-12T06:15,104.0,17.0,,924.4,260.6,12.6,94.8,0.9,1.4
2026-09-12T06:30,88.0,16.0,,924.4,304.9,12.8,95.2,0.7,1.6
2026-09-12T07:00,64.0,13.0,0.0,919.7,436.8,13.5,91.2,0.6,2.3
2026-09-12T07:15,123.0,14.0,,924.4,465.0,13.4,88.2,1.5,2.4
2026-09-12T07:30,83.0,13.0,,924.6,505.5,13.7,87.0,0.9,2.4
2026-09-12T08:00,94.0,17.0,0.0,924.5,571.1,14.9,81.8,2.3,2.5
2026-09-12T08:15,100.0,15.0,,919.6,612.3,15.4,75.2,1.6,2.7
2026-09-12T08:30,29.0,15.0,,924.5,645.7,16.0,71.7,0.7,2.9
2026-09-12T09:00,106.0,13.0,0.0,924.4,700.9,16.3,71.0,2.6,3.7
2026-09-12T09:15,103.0,13.0,,924.3,720.1,16.9,69.0,0.9,3.4
2026-09-12T09:30,93.0,13.0,,919.3,742.7,17.4,69.1,2.7,4.0
2026-09-12T10:00,123.0,13.0,0.0,924.2,770.3,18.9,56.8,2.3,5.8
2026-09-12T10:15,132.0,12.0,,924.1,779.1,18.6,55.5,1.8,5.2
2026-09-12T10:30,196.0,10.0,,924.0,788.4,18.9,56.4,1.3,5.5
2026-09-12T11:00,205.0,13.0,0.0,923.7,795.7,18.9,55.9,3.7,6.2
2026-09-12T11:15,118.0,11.0,,923.5,797.6,19.3,58.8,2.4,5.9
2026-09-12T11:30,218.0,12.0,,923.4,793.8,19.2,59.0,1.7,5.1
2026-09-12T12:00,200.0,9.0,0.0,923.6,776.0,19.2,59.4,2.6,5.9
2026-09-12T12:15,212.0,11.0,,923.3,750.6,19.3,59.0,1.8,5.6
2026-09-12T12:30,211.0,9.0,,923.2,732.9,19.6,57.3,3.5,5.8
2026-09-12T13:00,185.0,10.0,0.0,923.0,674.8,19.6,57.1,1.3,8.8
2026-09-12T13:15,239.0,8.0,,922.8,643.2,19.9,57.0,1.2,6.0
2026-09-12T13:30,134.0,9.0,,922.6,617.5,19.8,57.1,5.1,5.6
2026-09-12T14:00,181.0,9.0,0.0,922.7,548.0,20.0,56.0,0.6,6.1
2026-09-12T14:15,261.0,13.0,,922.6,504.7,20.2,54.3,0.6,4.4
2026-09-12T14:30,227.0,11.0,,917.6,470.1,19.9,54.7,0.8,4.5
2026-09-12T15:00,319.0,11.0,0.0,922.6,383.1,19.8,56.1,1.1,4.2
2026-09-12T15:15,317.0,15.0,,922.7,345.0,19.6,55.9,1.3,3.4
2026-09-12T15:30,314.0,9.0,,922.9,64.1,19.2,60.1,1.0,3.8
2026-09-12T16:00,186.0,13.0,0.0,923.2,49.2,18.5,61.2,0.2,3.0
2026-09-12T16:15,237.0,12.0,,923.2,43.2,18.4,64.2,0.6,2.5
2026-09-12T16:30,212.0,18.0,,923.4,34.5,17.7,68.5,0.3,2.1
2026-09-12T17:00,204.0,18.0,0.0,923.7,18.0,17.4,68.1,1.8,2.5
2026-09-12T17:15,210.0,17.0,,923.9,10.2,16.9,70.6,0.1,3.0
2026-09-12T17:30,194.0,17.0,,924.0,0.0,16.6,71.9,0.8,2.2
2026-09-12T18:00,224.0,18.0,0.0,924.2,0.0,16.0,74.7,1.2,1.4
2026-09-12T18:15,181.0,18.0,,919.4,0.0,15.6,77.8,0.6,1.3
2026-09-12T18:30,220.0,18.0,,924.6,0.0,15.1,80.9,1.1,1.5
2026-09-12T19:00,234.0,18.0,0.0,924.9,0.0,14.9,81.0,0.5,1.2
2026-09-12T19:15,221.0,17.0,,925.0,0.0,14.3,83.7,0.9,1.4
2026-09-12T19:30,176.0,9.0,,919.9,0.0,14.6,82.9,0.2,0.9
2026-09-12T20:00,223.0,8.0,0.0,925.1,0.0,13.9,86.4,1.0,1.3
2026-09-12T20:15,245.0,8.0,,924.9,0.0,14.0,84.9,0.3,1.4
2026-09-12T20:30,124.0,7.0,,925.0,0.0,13.6,88.1,0.4,1.6
2026-09-12T21:00,219.0,17.0,0.0,925.1,0.0,13.8,85.9,0.5,1.3
2026-09-12T21:15,225.0,6.0,,920.2,0.0,13.4,87.2,0.4,1.3
2026-09-12T21:30,203.0,4.0,,920.2,0.0,13.3,87.2,0.3,0.9
2026-09-12T22:00,234.0,10.0,0.0,924.7,0.0,13.1,88.8,0.1,0.7
2026-09-12T22:15,36.0,14.0,,925.4,0.0,13.1,89.8,0.2,0.5
2026-09-12T22:30,178.0,18.0,,925.4,0.0,12.9,91.0,0.2,0.9
2026-09-12T23:00,,,0.0,,,,,,
2026-09-12T23:15,306.0,17.0,,925.5,0.0,13.0,89.5,0.3,0.8
2026-09-12T23:30,241.0,14.0,,925.5,0.0,12.5,92.4,0.4,0.8
2026-09-13T00:00,321.0,13.0,0.0,925.5,0.0,12.2,94.0,0.4,0.6
2026-09-13T00:15,83.0,12.0,,925.5,0.0,12.4,92.7,0.2,0.9
2026-09-13T00:30,64.0,13.0,,925.4,0.0,12.5,92.6,0.1,0.7
2026-09-13T01:00,334.0,24.0,0.0,925.3,0.0,11.9,95.3,0.3,0.8
2026-09-13T01:15,248.0,25.0,,925.4,0.0,12.0,95.0,0.3,0.6
2026-09-13T01:30,269.0,26.0,,925.3,0.0,12.0,94.0,0.1,1.0
2026-09-13T02:00,226.0,17.0,0.0,925.3,0.0,11.5,95.7,0.2,0.6
2026-09-13T02:15,216.0,16.0,,920.3,0.0,11.5,96.1,0.5,1.0
2026-09-13T02:30,323.0,11.0,,920.4,0.0,11.5,94.7,0.7,1.0
2026-09-13T03:00,321.0,16.0,0.0,925.1,0.0,11.4,95.8,0.7,0.8
2026-09-13T03:15,12.0,17.0,,925.2,0.0,11.2,95.2,0.6,0.9
2026-09-13T03:30,240.0,17.0,,925.0,0.0,11.5,95.0,0.3,1.2
2026-09-13T04:00,56.0,22.0,0.0,925.0,0.0,11.3,95.1,0.4,0.7
2026-09-13T04:15,132.0,23.0,,925.2,0.0,11.2,96.1,0.4,1.0
2026-09-13T04:30,316.0,25.0,,925.1,0.0,11.5,95.0,0.4,1.0
2026-09-13T05:00,8.0,23.0,0.0,925.2,8.7,11.3,94.8,0.2,0.7
2026-09-13T05:15,208.0,23.0,,925.4,20.9,11.2,94.2,0.2,0.9
2026-09-13T05:30,277.0,23.0,,925.3,24.8,11.3,95.6,0.6,0.8
2026-09-13T06:00,243.0,23.0,0.0,925.4,71.6,11.6,94.1,0.2,0.5
2026-09-13T06:15,197.0,23.0,,925.4,98.0,11.7,93.6,0.5,0.9
2026-09-13T06:30,75.0,22.0,,925.5,101.8,12.3,94.0,0.2,0.8
2026-09-13T07:00,99.0,16.0,0.0,925.2,345.0,13.2,90.1,0.8,1.6
2026-09-13T07:15,95.0,18.0,,925.0,408.6,13.3,91.8,1.5,1.9
2026-09-13T07:30,130.0,13.0,,924.8,457.6,14.1,86.1,0.7,2.3
2026-09-13T08:00,138.0,14.0,0.0,925.0,546.5,14.7,84.6,0.3,1.9
2026-09-13T08:15,127.0,14.0,,924.9,583.2,15.8,75.7,0.9,2.9
2026-09-13T08:30,117.0,15.0,,925.0,628.8,16.1,81.9,2.6,2.6
2026-09-13T09:00,52.0,13.0,0.0,920.1,670.7,16.7,72.9,1.5,2.8
2026-09-13T09:15,114.0,12.0,,924.7,705.2,17.5,69.5,2.2,3.3
2026-09-13T09:30,81.0,11.0,,924.8,756.5,18.9,65.4,1.1,4.3
2026-09-13T10:00,253.0,10.0,0.0,919.5,734.0,19.4,51.0,1.7,3.3
2026-09-13T10:15,206.0,9.0,,924.4,745.2,19.9,49.4,0.8,4.6
2026-09-13T10:30,167.0,10.0,,924.4,760.3,19.8,49.4,2.5,5.6
2026-09-13T11:00,276.0,12.0,0.0,924.3,768.9,20.0,53.7,3.4,5.0
2026-09-13T11:15,1.0,14.0,,924.2,765.3,20.0,53.1,0.5,6.0
2026-09-13T11:30,256.0,14.0,,924.1,763.7,20.1,51.5,2.8,5.8
2026-09-13T12:00,235.0,11.0,0.0,923.9,745.7,20.4,51.6,2.6,6.0
2026-09-13T12:15,186.0,8.0,,923.0,708.8,20.7,52.1,2.1,4.4
2026-09-13T12:30,21.0,8.0,,923.7,698.4,20.6,52.0,0.3,4.9
2026-09-13T13:00,195.0,7.0,0.0,923.4,653.9,20.9,55.2,1.1,4.6
2026-09-13T13:15,169.0,8.0,,918.3,570.8,20.6,54.8,0.8,4.2
2026-09-13T13:30,348.0,7.0,,923.1,434.1,20.5,55.0,0.6,5.5
2026-09-13T14:00,208.0,12.0,0.0,923.0,446.3,20.6,56.8,2.5,4.9
2026-09-13T14:15,291.0,11.0,,917.9,455.0,20.3,57.7,1.3,4.1
2026-09-13T14:30,105.0,14.0,,923.0,395.8,20.8,57.4,0.4,3.2
2026-09-13T15:00,216.0,7.0,0.0,917.9,340.1,20.7,57.5,3.3,3.5
2026-09-13T15:15,148.0,8.0,,922.9,238.3,20.4,59.6,0.7,4.1
2026-09-13T15:30,269.0,16.0,,923.0,94.5,19.6,61.7,2.6,5.0
2026-09-13T16:00,295.0,13.0,0.0,923.1,59.0,19.2,64.3,1.2,4.8
2026-09-13T16:15,309.0,12.0,,923.2,38.8,19.0,65.4,1.9,5.2
2026-09-13T16:30,282.0,10.0,,918.3,41.6,18.8,66.0,1.0,4.9
2026-09-13T17:00,173.0,12.0,0.0,918.3,10.6,18.5,69.4,0.5,4.0
2026-09-13T17:15,204.0,12.0,,923.4,3.9,17.9,71.2,0.3,2.2
2026-09-13T17:30,35.0,12.0,,923.3,0.0,17.6,73.9,1.2,2.9
2026-09-13T18:00,212.0,11.0,0.0,923.6,0.0,16.8,79.1,0.7,1.0
2026-09-13T18:15,168.0,9.0,,923.8,0.0,16.5,80.3,0.7,1.1
2026-09-13T18:30,100.0,9.0,,923.7,0.0,16.0,83.9,0.4,1.0
2026-09-13T19:00,283.0,11.0,0.0,924.0,0.0,15.8,84.7,0.6,1.5
2026-09-13T19:15,322.0,12.0,,918.9,0.0,15.8,83.0,0.2,0.7
2026-09-13T19:30,221.0,11.0,,919.0,0.0,15.8,81.7,1.0,1.5
2026-09-13T20:00,52.0,11.0,0.0,923.9,0.0,15.3,83.7,0.2,1.9
2026-09-13T20:15,290.0,10.0,,923.8,0.0,15.2,84.1,1.2,1.5
2026-09-13T20:30,249.0,9.0,,923.8,0.0,14.9,86.5,0.6,1.4
2026-09-13T21:00,146.0,10.0,0.0,923.8,0.0,14.3,89.7,0.3,1.2
2026-09-13T21:15,217.0,11.0,,924.0,0.0,14.2,90.3,0.4,0.6
2026-09-13T21:30,199.0,11.0,,919.0,0.0,14.6,85.8,0.6,1.0
2026-09-13T22:00,333.0,20.0,0.0,919.0,0.0,14.2,88.1,0.3,0.9
2026-09-13T22:15,178.0,22.0,,923.8,0.0,14.1,88.7,0.3,0.9
2026-09-13T22:30,196.0,23.0,,923.8,0.0,14.0,90.5,0.2,0.9
2026-09-13T23:00,,,0.0,,,,,,
2026-09-13T23:15,197.0,23.0,,918.5,0.0,14.4,87.3,0.3,0.9
2026-09-13T23:30,244.0,24.0,,923.5,0.0,14.1,89.3,0.4,1.1
2026-09-14T00:00,0.0,26.0,0.0,923.2,0.0,13.6,94.7,1.2,1.4
2026-09-14T00:15,65.0,26.0,,918.0,0.0,14.1,92.8,0.1,1.4
2026-09-14T00:30,128.0,28.0,,917.9,0.0,14.0,93.0,0.8,0.8
2026-09-14T01:00,227.0,28.0,0.0,922.8,0.0,14.1,91.1,0.9,1.5
2026-09-14T01:15,287.0,28.0,,922.8,0.0,14.4,89.5,0.6,1.6
2026-09-14T01:30,229.0,28.0,,918.0,0.0,13.7,94.1,0.2,1.1
2026-09-14T02:00,188.0,28.0,0.0,917.9,0.0,14.1,91.3,0.3,0.8
2026-09-14T02:15,344.0,27.0,,922.9,0.0,13.9,93.1,0.5,1.3
2026-09-14T02:30,324.0,27.0,,922.9,0.0,13.6,94.4,0.3,1.6
2026-09-14T03:00,337.0,22.0,0.0,922.5,0.0,13.5,94.3,0.5,1.8
2026-09-14T03:15,220.0,20.0,,917.7,0.0,13.8,91.8,0.5,1.1
2026-09-14T03:30,114.0,23.0,,922.7,0.0,13.3,95.3,0.3,1.2
2026-09-14T04:00,174.0,25.0,0.0,922.7,0.0,13.6,92.7,0.8,1.0
2026-09-14T04:15,281.0,27.0,,917.8,0.0,13.4,94.8,0.4,1.1
2026-09-14T04:30,224.0,21.0,,922.8,0.0,13.5,94.1,0.1,0.8
2026-09-14T05:00,352.0,20.0,0.0,923.0,6.7,13.1,94.7,0.2,1.2
2026-09-14T05:15,14.0,14.0,,923.1,14.9,13.0,95.0,0.1,1.1
2026-09-14T05:30,220.0,23.0,,923.2,18.1,13.0,95.1,0.3,0.8
2026-09-14T06:00,192.0,13.0,0.0,923.4,31.8,13.5,90.2,0.7,1.3
2026-09-14T06:15,165.0,23.0,,923.3,214.8,13.5,93.1,1.4,1.8
2026-09-14T06:30,151.0,28.0,,918.3,329.2,14.1,90.3,0.7,2.0
2026-09-14T07:00,272.0,28.0,0.0,923.4,124.7,14.0,92.2,0.1,1.1
2026-09-14T07:15,94.0,27.0,,922.9,499.7,14.9,90.6,2.1,2.3
2026-09-14T07:30,127.0,26.0,,923.3,215.1,14.4,89.0,0.7,2.2
2026-09-14T08:00,126.0,16.0,0.0,923.4,247.3,15.5,85.6,1.1,1.9
2026-09-14T08:15,162.0,27.0,,923.4,238.1,15.7,87.7,0.5,1.7
2026-09-14T08:30,135.0,28.0,,923.2,641.6,16.8,82.0,1.7,2.1
2026-09-14T09:00,167.0,13.0,0.0,923.6,710.2,18.5,71.6,1.4,2.6
2026-09-14T09:15,131.0,9.0,,923.3,696.0,19.1,70.0,0.2,2.7
2026-09-14T09:30,151.0,12.0,,923.1,719.4,19.6,62.5,1.4,3.2
2026-09-14T10:00,190.0,10.0,0.0,923.0,817.4,20.2,60.7,1.7,4.1
2026-09-14T10:15,120.0,8.0,,922.9,817.4,21.0,63.4,2.7,4.6
2026-09-14T10:30,138.0,11.0,,923.0,882.4,21.0,60.6,3.6,4.4
2026-09-14T13:00,107.0,7.0,0.0,923.0,488.6,21.4,59.6,2.5,3.6
2026-09-14T13:15,109.0,9.0,,923.0,789.7,21.9,58.0,2.2,3.1
2026-09-14T13:30,133.0,14.0,,923.0,335.8,22.0,54.3,1.6,3.1
2026-09-14T14:00,57.0,7.0,0.0,923.2,332.7,22.0,55.7,2.5,5.0
2026-09-14T14:15,4.0,9.0,,923.2,510.9,22.0,58.1,0.3,3.6
2026-09-14T14:30,343.0,9.0,,923.2,477.8,21.9,56.9,1.4,4.5
2026-09-14T15:00,141.0,11.0,0.0,923.2,353.1,21.2,66.3,2.4,2.9
2026-09-14T15:15,208.0,14.0,,923.2,352.7,21.2,64.1,1.0,3.3
2026-09-14T15:30,97.0,13.0,,923.2,88.0,20.8,61.1,1.3,2.7
2026-09-14T16:00,253.0,14.0,0.0,923.5,63.7,20.2,64.9,1.1,1.9
2026-09-14T16:15,207.0,14.0,,923.5,32.2,19.7,69.3,1.6,2.4
2026-09-14T16:30,152.0,13.0,,923.7,27.1,19.2,73.4,1.4,2.0
2026-09-14T17:00,276.0,13.0,0.0,924.0,13.3,19.1,70.4,1.4,1.6
2026-09-14T17:15,137.0,9.0,,924.1,5.5,18.1,80.1,0.7,1.5
2026-09-14T17:30,248.0,13.0,,924.3,0.0,18.0,77.0,0.4,1.9
2026-09-14T18:00,180.0,12.0,0.0,924.6,0.0,17.1,81.8,0.5,1.5
2026-09-14T18:15,196.0,12.0,,919.7,0.0,16.7,83.7,0.9,1.3
2026-09-14T18:30,235.0,11.0,,925.0,0.0,17.0,80.5,1.0,1.4
2026-09-14T19:00,275.0,11.0,0.0,920.4,0.0,16.5,81.8,0.5,1.2
2026-09-14T19:15,162.0,14.0,,925.3,0.0,16.5,81.2,0.3,1.3
2026-09-14T19:30,150.0,23.0,,925.4,0.0,16.4,81.3,0.9,1.4
2026-09-14T20:00,144.0,26.0,0.0,925.3,0.0,16.2,81.3,0.8,1.6
2026-09-14T20:15,180.0,26.0,,925.3,0.0,15.9,83.0,0.6,1.4
2026-09-14T20:30,220.0,26.0,,925.4,0.0,15.6,83.8,0.9,1.6
2026-09-14T21:00,222.0,26.0,0.0,920.6,0.0,15.4,84.9,1.4,1.7
2026-09-14T21:15,307.0,26.0,,925.5,0.0,15.0,86.6,0.2,1.4
2026-09-14T21:30,151.0,26.0,,925.6,0.0,14.8,88.7,0.2,1.5
2026-09-14T22:00,155.0,26.0,0.0,925.8,0.0,15.0,85.2,0.5,1.5
2026-09-14T22:30,247.0,26.0,,925.6,0.0,14.9,84.9,0.8,1.5
2026-09-14T23:00,,,0.0,,,,,,
2026-09-14T23:15,208.0,25.0,,925.5,0.0,14.6,87.1,1.0,1.2
2026-09-14T23:30,157.0,25.0,,925.4,0.0,14.3,89.2,0.4,1.5
2026-09-15T00:00,235.0,25.0,0.0,925.4,0.0,13.9,91.3,0.4,1.2
2026-09-15T00:15,353.0,25.0,,925.4,0.0,13.7,92.6,0.9,1.4
2026-09-15T00:30,226.0,25.0,,925.5,0.0,13.8,91.8,0.6,1.1
2026-09-15T01:00,339.0,18.0,0.0,925.6,0.0,14.2,90.6,0.6,1.0
2026-09-15T01:15,152.0,18.0,,925.6,0.0,13.9,92.4,0.9,1.0
2026-09-15T01:30,305.0,16.0,,920.3,0.0,14.1,91.7,0.4,1.4
2026-09-15T02:00,190.0,15.0,0.0,925.2,0.0,13.7,92.5,0.6,1.2
2026-09-15T02:15,116.0,15.0,,925.2,0.0,13.8,92.1,0.2,1.2
2026-09-15T02:30,179.0,14.0,,925.1,0.0,13.8,91.9,0.7,1.8
2026-09-15T03:00,,,0.0,,,,,,
2026-09-15T03:15,152.0,10.0,,924.9,0.0,13.1,96.0,0.4,0.9
2026-09-15T03:30,141.0,12.0,,924.8,0.0,13.2,95.9,0.2,0.4
2026-09-15T04:00,86.0,17.0,0.0,924.8,0.0,13.2,95.5,0.2,0.6
2026-09-15T04:15,132.0,25.0,,919.8,0.0,13.0,96.0,0.3,0.8
2026-09-15T04:30,200.0,26.0,,924.7,0.0,13.0,95.9,0.2,0.5
2026-09-15T05:00,320.0,26.0,0.0,924.7,8.3,12.7,96.5,0.4,0.8
2026-09-15T05:15,284.0,26.0,,924.7,23.2,12.6,96.4,0.2,0.8
2026-09-15T05:30,164.0,26.0,,924.7,39.7,12.9,96.2,0.2,0.4
2026-09-15T06:00,111.0,25.0,0.0,924.8,79.8,12.8,96.2,0.4,0.7
2026-09-15T06:15,19.0,25.0,,924.8,81.4,13.0,96.5,0.1,0.6
2026-09-15T06:30,113.0,15.0,,924.8,98.7,13.2,95.3,0.1,0.8
2026-09-15T07:00,145.0,14.0,0.0,924.5,423.2,14.0,94.4,0.7,1.0
2026-09-15T07:15,83.0,15.0,,919.6,302.5,14.7,92.1,1.3,1.9
2026-09-15T07:30,100.0,12.0,,924.3,517.0,15.5,87.8,1.3,2.4
2026-09-15T08:00,87.0,14.0,0.0,919.4,558.1,16.3,84.1,0.9,2.3
2026-09-15T08:15,125.0,12.0,,924.2,590.5,16.6,78.9,1.6,2.4
2026-09-15T08:30,74.0,13.0,,924.2,625.9,16.8,79.1,1.4,3.5
2026-09-15T09:00,66.0,12.0,0.0,924.1,677.5,17.7,71.6,2.0,3.2
2026-09-15T09:15,69.0,12.0,,919.0,700.2,18.3,69.7,1.9,2.9
2026-09-15T09:30,110.0,10.0,,924.0,730.8,18.8,68.9,2.0,5.2
2026-09-15T10:00,231.0,11.0,0.0,923.6,741.0,19.6,59.7,1.9,4.8
2026-09-15T10:15,204.0,10.0,,923.6,757.1,20.2,57.8,0.8,4.8
2026-09-15T10:30,173.0,12.0,,923.5,772.2,20.6,58.9,2.5,4.7
2026-09-15T11:00,150.0,9.0,0.0,923.2,773.5,20.3,60.2,2.9,5.1
2026-09-15T11:15,107.0,9.0,,918.1,769.6,20.7,58.6,3.2,6.3
2026-09-15T11:30,130.0,10.0,,922.8,760.6,20.9,59.4,2.7,4.5
2026-09-15T12:00,110.0,10.0,0.0,922.4,741.2,21.1,59.4,3.2,5.7
2026-09-15T12:15,218.0,7.0,,917.3,720.5,21.4,55.6,2.5,5.0
2026-09-15T12:30,179.0,7.0,,922.2,701.3,21.4,57.6,1.9,4.3
2026-09-15T13:00,168.0,10.0,0.0,921.9,651.5,21.4,57.1,3.2,5.0
2026-09-15T13:15,215.0,12.0,,921.8,623.3,21.4,56.7,2.3,4.4
2026-09-15T13:30,180.0,11.0,,921.8,591.3,21.8,57.1,2.4,4.5
2026-09-15T14:00,231.0,8.0,0.0,921.4,518.2,22.0,54.0,1.6,4.4
2026-09-15T14:15,222.0,11.0,,921.3,477.8,22.0,55.8,1.1,3.2
2026-09-15T14:30,184.0,10.0,,921.2,437.9,21.9,55.8,1.7,3.6
2026-09-15T15:00,248.0,15.0,0.0,920.9,352.3,21.7,56.0,0.7,3.6
2026-09-15T15:15,259.0,15.0,,920.7,311.2,21.6,56.5,1.0,3.4
2026-09-15T15:30,262.0,20.0,,921.0,43.6,20.7,58.3,1.0,2.4
2026-09-15T16:00,63.0,14.0,0.0,921.0,33.3,20.1,63.2,1.4,2.1
2026-09-15T16:15,310.0,17.0,,918.1,28.7,19.2,69.1,0.8,1.5
2026-09-15T16:30,304.0,16.0,,921.2,24.0,19.2,69.4,0.9,1.5
2026-09-15T17:00,244.0,16.0,0.0,921.2,11.0,18.6,71.9,1.1,1.5
2026-09-15T17:15,142.0,18.0,,921.3,4.7,18.2,74.3,0.2,1.5
2026-09-15T17:30,228.0,22.0,,921.4,0.0,17.6,76.8,0.9,1.2
2026-09-15T18:00,174.0,21.0,0.0,921.4,0.0,16.8,81.4,0.3,1.4
2026-09-15T18:15,211.0,22.0,,921.6,0.0,16.8,80.2,0.3,1.2
2026-09-15T18:30,269.0,22.0,,921.7,0.0,16.4,82.4,0.4,0.9
2026-09-15T19:00,251.0,9.0,0.0,921.6,0.0,15.8,85.5,0.4,1.4
2026-09-15T19:15,215.0,9.0,,921.7,0.0,15.7,85.9,1.0,1.7
2026-09-15T19:30,212.0,9.0,,921.9,0.0,15.7,85.6,0.9,1.6
2026-09-15T20:00,216.0,10.0,0.0,921.9,0.0,15.4,86.8,0.8,1.1
2026-09-15T20:15,247.0,10.0,,921.9,0.0,15.5,86.9,0.3,1.3
2026-09-15T20:30,236.0,10.0,,921.8,0.0,15.4,86.3,0.6,0.9
2026-09-15T21:00,238.0,10.0,0.0,921.9,0.0,14.9,88.8,0.6,1.4
2026-09-15T21:15,242.0,10.0,,921.8,0.0,15.0,87.8,0.8,1.1
2026-09-15T21:30,213.0,10.0,,921.9,0.0,14.9,88.1,0.5,1.4
2026-09-15T22:00,54.0,9.0,0.0,921.8,0.0,14.3,91.0,0.1,0.7
2026-09-15T22:15,166.0,15.0,,921.8,0.0,14.1,92.3,0.6,0.8
2026-09-15T22:30,320.0,21.0,,921.7,0.0,14.0,92.7,0.2,0.7
2026-09-15T23:00,,,0.0,,,,,,
2026-09-15T23:15,28.0,10.0,,921.3,0.0,14.0,92.8,0.3,1.4
2026-09-15T23:30,349.0,10.0,,921.3,0.0,13.8,92.3,0.3,0.6
2026-09-16T00:00,294.0,13.0,0.0,921.2,0.0,13.8,92.5,0.6,0.6
2026-09-16T00:15,336.0,13.0,,921.0,0.0,13.5,93.2,0.4,1.5
2026-09-16T00:30,213.0,22.0,,920.9,0.0,13.6,92.6,0.4,1.2
2026-09-16T01:00,167.0,23.0,0.0,920.7,0.0,13.3,92.6,0.0,1.0
2026-09-16T01:15,41.0,23.0,,920.6,0.0,13.2,95.1,0.4,0.8
2026-09-16T01:30,261.0,23.0,,920.6,0.0,13.7,95.1,0.6,1.1
2026-09-16T02:00,326.0,23.0,0.0,920.2,0.0,13.0,94.8,0.1,0.7
2026-09-16T02:15,334.0,23.0,,920.1,0.0,13.7,92.3,0.2,0.9
2026-09-16T02:30,135.0,22.0,,920.0,0.0,13.2,94.7,0.6,1.0
2026-09-16T03:00,114.0,23.0,0.0,919.8,0.0,13.0,95.2,0.1,0.8
2026-09-16T03:15,295.0,23.0,,919.8,0.0,12.7,95.2,0.2,0.7
2026-09-16T03:30,256.0,22.0,,919.7,0.0,12.8,95.2,0.3,1.0
2026-09-16T04:00,320.0,21.0,0.0,919.5,0.0,12.7,95.5,0.5,0.6
2026-09-16T04:15,61.0,22.0,,919.4,0.0,12.9,93.9,0.2,1.0
2026-09-16T04:30,214.0,22.0,,919.4,0.0,13.0,95.7,0.5,0.7
2026-09-16T05:00,54.0,24.0,0.0,919.4,7.5,12.6,95.5,0.1,0.8
2026-09-16T05:15,231.0,24.0,,919.4,14.9,12.4,96.2,0.3,0.4
2026-09-16T05:30,148.0,23.0,,919.5,20.9,12.4,96.2,0.3,0.8
2026-09-16T06:00,60.0,18.0,0.0,919.5,33.4,12.5,95.1,0.1,0.4
2026-09-16T06:15,242.0,17.0,,919.5,254.8,12.9,94.6,0.1,0.9
2026-09-16T06:30,102.0,18.0,,919.5,257.0,13.8,91.1,0.5,1.3
2026-09-16T07:00,114.0,19.0,0.0,919.1,319.6,14.0,90.4,1.0,1.8
2026-09-16T07:15,145.0,23.0,,919.1,376.9,14.6,90.9,0.8,2.0
2026-09-16T07:30,128.0,21.0,,917.3,437.8,15.3,86.2,1.2,1.6
2026-09-16T08:00,102.0,19.0,0.0,919.0,528.4,16.0,83.4,1.4,2.0
2026-09-16T08:15,68.0,18.0,,919.1,563.9,16.3,81.7,0.8,2.5
2026-09-16T08:30,118.0,13.0,,919.1,593.5,16.8,80.1,1.4,2.5
2026-09-16T08:45,,10.0,,,,,,,
2026-09-16T09:00,103.0,10.0,0.0,919.0,647.9,18.2,74.3,0.7,2.8
2026-09-16T09:15,77.0,,,918.8,670.9,19.1,71.5,1.8,2.9
2026-09-16T09:30,83.0,12.0,,918.7,691.1,18.9,70.4,1.3,3.0
2026-09-16T09:45,,14.0,,,,,,,
2026-09-16T10:00,139.0,12.0,0.0,918.7,721.4,20.0,67.7,3.9,4.0
2026-09-16T10:15,159.0,,,918.4,738.2,19.9,65.0,2.6,4.6
2026-09-16T10:30,118.0,12.0,,918.2,742.1,20.6,66.5,2.3,4.3
2026-09-16T11:00,137.0,,0.0,918.1,759.8,21.2,61.4,2.9,4.6
2026-09-16T11:15,134.0,13.0,,918.0,748.1,21.6,61.3,3.4,5.7
2026-09-16T11:30,95.0,11.0,,917.9,750.4,21.5,64.7,2.5,5.3
2026-09-16T12:00,121.0,13.0,0.0,917.6,727.1,22.1,59.9,3.0,4.8
2026-09-16T12:15,133.0,15.0,,917.5,709.0,22.2,59.4,1.6,4.8
2026-09-16T12:30,96.0,13.0,,917.3,691.6,22.2,58.0,2.2,4.4
2026-09-16T13:00,199.0,13.0,0.0,917.2,636.4,22.6,53.9,0.1,3.8
2026-09-16T13:15,197.0,11.0,,917.1,605.1,22.3,55.6,3.5,5.1
2026-09-16T13:30,111.0,12.0,,917.1,585.9,22.3,55.8,0.6,4.8
2026-09-16T14:00,180.0,7.0,0.0,916.9,522.0,22.4,58.3,2.4,5.1
2026-09-16T14:15,294.0,12.0,,916.7,480.9,22.3,58.9,1.2,3.5
2026-09-16T14:30,136.0,12.0,,916.7,465.7,22.4,59.8,2.4,4.1
2026-09-16T15:00,119.0,6.0,0.0,916.6,406.2,21.5,61.8,2.4,5.3
2026-09-16T15:15,93.0,5.0,,916.6,362.5,21.5,62.9,1.8,5.1
2026-09-16T15:30,157.0,9.0,,916.5,129.0,21.2,63.3,2.0,2.9
2026-09-16T16:00,39.0,4.0,0.0,916.6,89.9,20.7,64.1,1.6,3.5
2026-09-16T16:15,176.0,5.0,,916.5,75.6,20.5,65.4,1.1,3.1
2026-09-16T16:30,165.0,9.0,,916.4,60.3,20.1,66.1,1.4,2.8
2026-09-16T17:00,51.0,13.0,0.0,916.5,14.3,19.4,69.2,4.4,5.6
2026-09-16T17:15,58.0,15.0,,916.6,0.0,19.2,69.9,3.0,5.6
2026-09-16T17:30,329.0,15.0,,916.6,0.0,19.1,70.6,1.0,4.9
2026-09-16T18:00,336.0,16.0,0.0,916.9,0.0,18.5,75.2,0.7,2.1
2026-09-16T18:15,230.0,15.0,,917.0,0.0,18.2,76.5,1.1,1.3
2026-09-16T18:30,138.0,16.0,,917.2,0.0,18.0,77.0,0.7,1.7
2026-09-16T19:00,253.0,17.0,0.0,912.6,0.0,17.9,77.1,0.6,2.2
2026-09-16T19:15,139.0,16.0,,917.6,0.0,17.3,80.8,0.1,1.5
2026-09-16T19:30,231.0,15.0,,917.7,0.0,17.2,81.0,0.4,1.4
2026-09-16T20:00,356.0,17.0,0.0,917.6,0.0,16.8,82.1,0.5,1.2
2026-09-16T20:15,105.0,17.0,,917.5,0.0,16.5,83.0,0.5,1.1
2026-09-16T20:30,202.0,17.0,,917.3,0.0,16.3,84.8,0.8,1.3
2026-09-16T21:00,199.0,17.0,0.0,917.5,0.0,15.5,87.5,1.2,1.9
2026-09-16T21:15,224.0,17.0,,912.5,0.0,15.3,86.2,1.1,1.4
2026-09-16T21:30,276.0,18.0,,917.4,0.0,15.1,87.8,0.3,1.5
2026-09-16T22:00,252.0,18.0,0.0,917.5,0.0,15.0,90.3,1.0,1.7
2026-09-16T22:15,247.0,19.0,,917.5,0.0,15.3,87.2,0.2,1.1
2026-09-16T22:30,163.0,19.0,,917.3,0.0,15.1,88.4,0.8,1.4
2026-09-16T23:00,,,0.0,,,,,,
2026-09-16T23:15,155.0,20.0,,912.2,0.0,14.8,86.7,1.0,1.6
2026-09-16T23:30,304.0,20.0,,917.1,0.0,14.7,89.7,0.8,1.5
2026-09-17T00:00,320.0,19.0,0.0,916.6,0.0,14.6,89.2,0.7,1.5
2026-09-17T00:15,204.0,20.0,,916.5,0.0,14.8,88.6,0.8,2.0
2026-09-17T00:30,179.0,20.0,,916.6,0.0,14.7,88.9,1.0,2.3
2026-09-17T01:00,268.0,19.0,0.0,916.5,0.0,14.8,88.2,0.4,1.1
2026-09-17T01:15,223.0,20.0,,916.3,0.0,14.9,86.9,1.3,1.7
2026-09-17T01:30,207.0,20.0,,916.4,0.0,14.6,90.8,0.1,2.3
2026-09-17T02:00,230.0,18.0,0.0,916.5,0.0,14.7,89.9,1.3,2.3
2026-09-17T02:15,228.0,19.0,,916.3,0.0,14.7,90.2,0.9,1.7
2026-09-17T02:30,226.0,21.0,,916.4,0.0,15.3,86.7,1.7,2.5
2026-09-17T03:00,318.0,27.0,0.0,916.3,0.0,14.6,94.7,0.9,1.3
2026-09-17T03:15,239.0,20.0,,916.6,0.0,14.7,93.6,0.5,2.7
2026-09-17T03:30,167.0,29.0,,916.9,0.0,14.4,96.5,1.3,2.4
2026-09-17T04:00,343.0,22.0,0.0,915.7,0.0,14.4,97.3,1.6,2.1
2026-09-17T04:15,341.0,25.0,,915.9,0.0,14.4,96.4,1.7,3.5
2026-09-17T04:30,49.0,22.0,,916.1,0.0,15.6,84.5,3.5,6.3
2026-09-17T05:00,187.0,16.0,0.0,916.3,3.1,15.1,87.3,2.0,3.6
2026-09-17T05:15,230.0,13.0,,916.3,7.1,14.3,92.8,1.1,2.4
2026-09-17T05:30,301.0,16.0,,916.4,12.6,14.1,96.1,0.3,1.5
2026-09-17T06:00,296.0,23.0,0.0,916.6,17.7,14.2,96.1,0.3,1.2
2026-09-17T06:15,72.0,22.0,,916.5,41.2,14.2,95.3,0.0,1.1
2026-09-17T06:30,172.0,22.0,,916.7,70.4,14.3,95.7,1.0,1.7
2026-09-17T07:00,166.0,20.0,0.0,916.7,198.0,14.6,95.2,1.2,2.1
2026-09-17T07:15,148.0,28.0,,916.7,63.0,14.5,97.1,1.9,2.4
2026-09-17T07:30,196.0,29.0,,916.8,18.1,14.2,97.9,1.2,2.2
2026-09-17T08:00,240.0,21.0,0.0,916.7,119.0,14.7,93.8,0.8,2.1
2026-09-17T08:15,147.0,27.0,,916.9,70.9,14.6,95.4,0.9,4.2
2026-09-17T08:30,94.0,28.0,,916.3,200.7,14.9,93.8,1.5,2.5
2026-09-17T09:00,171.0,17.0,0.0,917.0,202.2,15.6,88.9,1.7,4.4
2026-09-17T09:15,229.0,22.0,,917.0,169.5,15.2,89.8,1.1,3.1
2026-09-17T09:30,213.0,22.0,,916.9,285.4,15.8,84.6,1.8,2.9
2026-09-17T10:00,140.0,17.0,0.0,917.0,152.7,15.9,87.1,1.0,2.5
2026-09-17T10:15,157.0,22.0,,916.9,261.7,15.5,86.9,0.9,2.3
2026-09-17T10:30,99.0,19.0,,917.2,237.4,16.2,86.4,1.9,2.6
2026-09-17T11:00,103.0,22.0,0.0,916.8,376.1,16.6,83.3,1.5,2.8
2026-09-17T11:15,162.0,16.0,,916.9,310.0,16.4,82.6,1.1,3.3
2026-09-17T11:30,156.0,15.0,,917.0,251.6,16.5,84.6,1.3,3.6
2026-09-17T12:00,169.0,18.0,0.0,916.7,302.9,16.6,84.2,1.9,3.3
2026-09-17T12:15,74.0,12.0,,916.7,343.5,16.7,82.8,0.5,3.3
2026-09-17T12:30,126.0,10.0,,916.6,770.7,16.9,81.9,1.5,3.5
2026-09-17T13:00,116.0,12.0,0.0,916.3,794.2,17.7,82.2,3.9,4.0
2026-09-17T13:15,215.0,13.0,,916.3,767.5,18.1,76.0,1.9,4.5
2026-09-17T13:30,124.0,11.0,,916.4,760.8,17.9,74.7,2.2,4.1
2026-09-17T14:00,103.0,11.0,0.0,916.7,217.0,17.7,74.4,0.8,3.6
2026-09-17T14:15,74.0,12.0,,916.8,95.7,17.5,68.9,2.1,5.5
2026-09-17T14:30,65.0,11.0,,916.8,97.9,17.2,68.6,4.8,5.9
2026-09-17T15:00,68.0,12.0,0.0,916.6,123.5,17.2,69.6,2.6,4.4
2026-09-17T15:15,257.0,11.0,,916.6,441.7,17.2,70.7,0.8,5.2
2026-09-17T15:30,118.0,11.0,,911.6,85.6,16.9,71.1,3.2,4.6
2026-09-17T16:00,122.0,12.0,0.0,916.6,63.7,16.8,71.3,2.2,4.4
2026-09-17T16:15,221.0,12.0,,916.6,45.9,16.3,74.9,1.2,2.2
2026-09-17T16:30,201.0,12.0,,916.5,41.6,16.0,76.9,1.1,2.3
2026-09-17T17:00,201.0,14.0,0.0,916.8,0.0,15.6,82.6,1.3,2.2
2026-09-17T17:15,162.0,14.0,,916.7,0.0,15.6,81.5,0.6,2.1
2026-09-17T17:30,205.0,12.0,,916.7,0.0,15.6,82.0,0.5,2.0
2026-09-17T18:00,205.0,15.0,0.0,917.0,0.0,15.3,82.4,0.7,2.9
2026-09-17T18:15,150.0,16.0,,917.2,0.0,15.3,83.2,1.6,1.8
2026-09-17T18:30,213.0,16.0,,917.2,0.0,15.2,83.1,1.4,2.1
2026-09-17T19:00,110.0,19.0,0.0,917.4,0.0,15.1,83.7,1.9,3.4
2026-09-17T19:15,105.0,18.0,,917.4,0.0,15.3,83.1,1.7,4.6
2026-09-17T19:30,218.0,24.0,,917.6,0.0,14.9,85.4,1.4,3.4
2026-09-17T20:00,156.0,25.0,0.0,917.8,0.0,14.8,87.4,2.0,2.3
2026-09-17T20:15,205.0,25.0,,917.7,0.0,14.8,87.2,0.9,2.6
2026-09-17T20:30,212.0,25.0,,912.8,0.0,14.6,88.5,1.4,2.0
2026-09-17T21:00,286.0,26.0,0.0,917.7,0.0,14.6,87.4,0.4,1.9
2026-09-17T21:15,163.0,26.0,,917.7,0.0,14.6,87.7,0.8,1.2
2026-09-17T21:30,156.0,25.0,,917.6,0.0,14.6,87.3,2.9,4.0
2026-09-17T22:00,146.0,24.0,0.0,917.6,0.0,14.2,90.3,1.6,2.9
2026-09-17T22:15,318.0,23.0,,917.5,0.0,14.2,90.1,0.5,2.4
2026-09-17T22:30,219.0,17.0,,917.5,0.0,14.4,88.2,1.0,2.0
2026-09-17T23:00,,,0.0,,,,,,
2026-09-17T23:15,193.0,15.0,,917.5,0.0,13.9,91.4,1.8,2.0
2026-09-17T23:30,284.0,15.0,,917.3,0.0,13.8,92.0,0.7,1.7
2026-09-18T00:00,296.0,13.0,0.0,917.4,0.0,13.4,92.1,0.7,0.8
2026-09-18T00:15,222.0,13.0,,917.4,0.0,13.2,94.4,1.0,1.3
2026-09-18T00:30,270.0,13.0,,917.3,0.0,13.3,93.9,0.1,1.1
2026-09-18T01:00,209.0,13.0,0.0,916.9,0.0,13.1,94.5,0.7,0.9
2026-09-18T01:15,211.0,11.0,,916.9,0.0,12.9,94.5,0.8,1.4
2026-09-18T01:30,216.0,11.0,,916.9,0.0,12.9,94.1,0.5,1.7
2026-09-18T02:00,293.0,9.0,0.0,916.9,0.0,12.7,93.5,0.9,1.4
2026-09-18T02:15,52.0,9.0,,916.8,0.0,12.6,95.2,0.3,1.2
2026-09-18T02:30,4.0,8.0,,916.7,0.0,12.8,92.6,0.2,0.8
2026-09-18T03:00,238.0,8.0,0.0,916.8,0.0,12.5,94.2,0.6,1.0
2026-09-18T03:15,211.0,10.0,,916.8,0.0,12.4,95.8,0.5,1.2
2026-09-18T03:30,330.0,14.0,,916.8,0.0,12.7,92.7,0.6,1.2
2026-09-18T04:00,82.0,22.0,0.0,916.7,0.0,12.7,92.5,0.3,1.3
2026-09-18T04:15,278.0,26.0,,916.7,0.0,12.8,93.1,0.8,0.9
2026-09-18T04:30,205.0,26.0,,916.8,0.0,13.1,90.8,0.5,1.1
2026-09-18T05:00,242.0,25.0,0.0,917.1,6.9,12.9,93.2,0.2,1.1
2026-09-18T05:15,181.0,23.0,,917.2,16.7,13.0,93.6,0.2,0.7
2026-09-18T05:30,122.0,25.0,,917.1,26.8,12.7,95.6,0.7,1.1
2026-09-18T06:00,184.0,23.0,0.0,917.1,67.3,13.2,91.6,0.4,1.7
2026-09-18T06:15,199.0,18.0,,917.1,93.5,13.3,93.0,0.5,1.3
2026-09-18T06:30,7.0,13.0,,917.3,116.2,13.3,93.9,0.5,1.3
2026-09-18T07:00,146.0,19.0,0.0,917.3,262.4,13.8,93.0,0.6,1.6
2026-09-18T07:15,141.0,18.0,,917.1,425.0,14.4,90.7,1.0,1.8
2026-09-18T07:30,97.0,13.0,,917.2,445.1,15.1,83.7,0.7,2.0
2026-09-18T08:00,37.0,13.0,0.0,917.6,575.5,15.1,81.5,0.7,2.5
2026-09-18T08:15,91.0,10.0,,912.7,600.1,16.2,75.8,2.0,2.9
2026-09-18T08:30,122.0,11.0,,917.8,700.3,16.3,76.9,2.3,2.7
2026-09-18T09:00,110.0,11.0,0.0,917.8,388.4,16.6,73.0,1.3,3.5
2026-09-18T09:15,72.0,8.0,,917.9,867.1,16.9,73.7,1.0,3.3
2026-09-18T09:30,108.0,9.0,,917.9,366.7,17.3,71.6,1.5,3.4
2026-09-18T10:00,101.0,10.0,0.0,918.0,303.2,17.5,70.0,0.9,3.6
2026-09-18T10:15,116.0,10.0,,917.6,349.4,17.6,69.6,1.4,3.1
2026-09-18T10:30,136.0,10.0,,912.9,407.3,17.4,68.5,1.2,3.8
2026-09-18T11:00,142.0,10.0,0.0,917.7,993.1,18.9,66.4,3.7,5.2
2026-09-18T11:15,244.0,14.0,,917.8,324.7,18.6,67.4,1.6,5.7
2026-09-18T11:30,96.0,16.0,,917.8,368.6,18.8,65.4,2.6,3.0
2026-09-18T12:00,64.0,8.0,0.2,917.8,168.6,17.7,70.4,2.1,4.4
2026-09-18T12:15,344.0,9.0,,912.9,114.9,17.5,74.5,1.1,2.4
2026-09-18T12:30,77.0,10.0,,917.9,147.3,17.1,75.9,0.6,2.1
2026-09-18T13:00,99.0,10.0,0.0,917.9,499.6,17.2,82.8,1.9,2.6
2026-09-18T13:15,116.0,9.0,,917.8,273.6,17.6,77.0,1.5,2.4
2026-09-18T13:30,132.0,10.0,,917.7,552.2,17.9,73.2,1.7,2.4
2026-09-18T14:00,120.0,10.0,0.0,917.6,183.6,18.4,68.4,2.3,2.5
2026-09-18T14:15,103.0,10.0,,917.7,160.9,18.1,71.5,1.9,2.8
2026-09-18T14:30,114.0,12.0,,917.7,179.3,18.1,74.5,1.9,2.9
2026-09-18T15:00,42.0,11.0,0.0,917.7,145.8,18.3,68.9,1.2,4.0
2026-09-18T15:15,103.0,11.0,,917.8,183.7,18.2,69.5,3.3,4.2
2026-09-18T15:30,79.0,13.0,,918.0,59.9,17.9,71.2,2.5,5.0
2026-09-18T16:00,149.0,10.0,0.0,918.2,68.5,17.7,72.1,0.9,4.3
2026-09-18T16:15,98.0,10.0,,918.1,59.9,17.8,71.0,1.7,4.3
2026-09-18T16:30,88.0,11.0,,918.4,15.5,17.3,74.3,0.9,4.1
2026-09-18T17:00,95.0,12.0,0.0,918.7,4.4,17.0,74.4,1.6,4.9
2026-09-18T17:15,223.0,11.0,,918.6,3.1,16.5,79.5,1.6,2.8
2026-09-18T17:30,216.0,11.0,,918.6,0.0,16.5,78.3,1.1,2.8
2026-09-18T18:00,100.0,11.0,0.0,918.9,0.0,16.1,81.6,0.4,1.8
2026-09-18T18:15,211.0,11.0,,919.3,0.0,15.9,82.4,1.5,1.7
2026-09-18T18:30,198.0,11.0,,919.5,0.0,15.8,84.3,0.6,2.3
2026-09-18T19:00,201.0,11.0,0.0,919.9,0.0,15.6,86.0,0.5,1.0
2026-09-18T19:15,178.0,12.0,,919.7,0.0,15.5,86.3,1.2,1.2
2026-09-18T19:30,216.0,12.0,,920.0,0.0,15.1,88.1,1.3,1.7
2026-09-18T20:00,209.0,11.0,0.0,920.4,0.0,14.8,90.4,0.3,1.2
2026-09-18T20:15,203.0,12.0,,920.5,0.0,14.9,89.6,0.7,0.8
2026-09-18T20:30,262.0,12.0,,920.5,0.0,14.8,90.1,0.2,1.0
2026-09-18T21:00,216.0,12.0,0.0,920.8,0.0,14.7,90.3,1.0,1.7
2026-09-18T21:15,212.0,12.0,,920.9,0.0,14.7,91.0,0.3,1.7
2026-09-18T21:30,225.0,12.0,,921.1,0.0,14.6,91.7,1.0,1.8
2026-09-18T22:00,148.0,19.0,0.0,921.1,0.0,14.7,92.4,0.8,1.1
2026-09-18T22:15,112.0,25.0,,921.2,0.0,14.6,92.8,0.3,0.9
2026-09-18T22:30,223.0,23.0,,921.3,0.0,14.3,95.2,0.5,1.0
2026-09-18T23:00,,,0.0,,,,,,
2026-09-18T23:15,120.0,25.0,,921.6,0.0,14.4,95.2,0.3,1.1
2026-09-18T23:30,287.0,24.0,,921.6,0.0,14.5,93.4,0.6,1.2
2026-09-19T00:00,0.0,24.0,0.0,921.7,0.0,14.2,95.6,0.2,0.9
2026-09-19T00:15,234.0,21.0,,921.6,0.0,14.2,94.3,0.3,0.8
2026-09-19T00:30,196.0,23.0,,921.6,0.0,14.1,92.9,0.5,1.4
2026-09-19T01:00,152.0,14.0,0.0,921.8,0.0,14.0,92.4,1.4,1.5
2026-09-19T01:15,150.0,21.0,,921.7,0.0,13.7,94.9,0.9,1.7
2026-09-19T01:30,262.0,23.0,,922.0,0.0,13.9,92.8,0.8,1.5
2026-09-19T02:00,212.0,19.0,0.0,922.0,0.0,13.5,94.3,0.8,1.6
2026-09-19T02:15,227.0,13.0,,922.1,0.0,13.8,92.1,0.9,1.3
2026-09-19T02:30,219.0,11.0,,922.1,0.0,13.4,93.9,0.4,1.0
2026-09-19T03:00,321.0,22.0,0.0,922.0,0.0,13.0,95.8,0.5,0.9
2026-09-19T03:15,211.0,17.0,,922.0,0.0,13.4,93.7,0.6,0.9
2026-09-19T03:30,184.0,13.0,,922.0,0.0,13.0,95.2,0.6,1.2
2026-09-19T04:00,235.0,9.0,0.0,922.4,0.0,13.1,93.9,0.8,1.3
2026-09-19T04:15,323.0,11.0,,922.4,0.0,12.8,95.2,0.4,1.2
2026-09-19T04:30,326.0,13.0,,922.4,0.0,12.5,96.0,0.8,1.1
2026-09-19T04:45,229.0,16.0,,922.5,0.0,12.6,93.3,0.9,1.3
2026-09-19T05:00,15.0,19.0,0.0,922.5,7.1,12.4,95.2,0.1,1.5
2026-09-19T05:15,245.0,20.0,,922.7,17.7,12.7,96.0,0.5,0.9
2026-09-19T05:30,249.0,19.0,,922.8,27.5,12.4,95.9,0.6,1.4
2026-09-19T06:00,331.0,16.0,0.0,923.0,44.4,12.7,94.8,0.6,0.9
2026-09-19T06:15,132.0,17.0,,923.1,176.7,12.8,94.5,0.6,0.9
2026-09-19T06:30,359.0,17.0,,923.1,224.9,14.1,89.3,0.1,1.0
2026-09-19T07:00,141.0,16.0,0.0,923.1,318.9,13.7,90.9,0.6,1.9
2026-09-19T07:15,21.0,13.0,,923.1,380.7,14.7,85.9,0.3,1.9
2026-09-19T07:30,144.0,12.0,,923.2,454.5,14.0,89.8,0.9,2.2
2026-09-19T08:00,99.0,13.0,0.0,918.5,559.8,15.5,81.6,1.4,1.8
2026-09-19T08:15,121.0,11.0,,923.7,614.2,15.5,81.5,1.1,2.5
2026-09-19T08:30,164.0,11.0,,923.8,637.6,16.7,79.6,1.6,3.1
2026-09-19T09:00,112.0,13.0,0.0,923.9,685.0,17.9,75.3,2.2,3.3
2026-09-19T09:15,129.0,11.0,,923.9,713.5,18.5,72.0,2.4,3.3
2026-09-19T09:30,179.0,12.0,,924.0,759.5,18.4,71.7,1.3,3.5
2026-09-19T10:00,184.0,15.0,0.0,924.0,803.6,19.4,68.0,1.5,4.2
2026-09-19T10:15,165.0,11.0,,924.2,800.8,19.5,65.4,2.2,4.9
2026-09-19T10:30,200.0,10.0,,924.1,802.5,19.5,63.7,1.9,4.3
2026-09-19T10:45,123.0,11.0,,924.1,177.0,18.8,66.0,0.8,3.9
2026-09-19T11:00,89.0,11.0,0.0,924.2,825.5,18.0,71.4,0.4,2.6
2026-09-19T11:15,104.0,16.0,,924.1,809.5,19.2,69.9,1.6,3.7
2026-09-19T11:30,138.0,11.0,,923.9,794.4,19.7,70.8,1.0,3.6
2026-09-19T12:00,130.0,9.0,0.0,923.9,820.5,20.4,63.1,2.1,4.8
2026-09-19T12:15,115.0,8.0,,924.0,783.2,20.4,63.9,3.4,5.5
2026-09-19T12:30,119.0,6.0,,923.9,785.5,20.4,61.7,3.3,5.0
2026-09-19T13:00,150.0,6.0,0.0,923.8,689.0,20.4,63.8,2.8,3.9
2026-09-19T13:15,217.0,9.0,,923.9,233.2,20.0,65.0,2.0,2.8
2026-09-19T13:30,205.0,6.0,,924.1,181.3,20.2,62.7,0.8,2.5
2026-09-19T14:00,34.0,17.0,0.0,924.0,126.2,20.1,60.0,1.9,3.1
2026-09-19T14:15,79.0,10.0,,924.3,107.9,19.8,62.5,1.2,2.7
2026-09-19T14:30,283.0,6.0,,924.3,113.0,19.6,66.6,0.3,2.5
2026-09-19T15:00,97.0,16.0,0.0,924.5,78.1,19.3,70.5,1.0,1.5
2026-09-19T15:15,190.0,6.0,,924.4,123.8,18.9,71.0,0.3,1.3
2026-09-19T15:30,148.0,6.0,,924.5,93.4,18.7,71.4,1.0,1.5
2026-09-19T16:00,99.0,17.0,0.0,924.5,68.8,18.8,71.9,0.5,1.6
2026-09-19T16:15,192.0,18.0,,924.6,72.7,18.7,70.3,1.2,1.7
2026-09-19T16:30,270.0,18.0,,924.7,49.6,18.6,70.6,0.5,2.2
2026-09-19T17:00,140.0,13.0,0.0,925.1,11.8,17.9,73.7,0.9,2.0
2026-09-19T17:15,150.0,22.0,,925.1,0.0,17.5,74.4,0.7,1.7
2026-09-19T17:30,113.0,15.0,,920.3,0.0,17.5,73.8,0.3,1.5
2026-09-19T18:00,207.0,7.0,0.0,925.4,0.0,17.4,74.3,0.6,1.0
2026-09-19T18:15,186.0,7.0,,925.6,0.0,16.8,78.0,0.7,1.2
2026-09-19T18:30,253.0,7.0,,925.6,0.0,16.7,78.5,0.5,0.8
2026-09-19T19:00,214.0,12.0,0.0,926.2,0.0,16.4,78.9,0.9,1.2
2026-09-19T19:15,222.0,7.0,,926.2,0.0,16.2,79.5,0.7,1.1
2026-09-19T19:30,201.0,7.0,,926.3,0.0,16.0,80.5,0.5,1.3
2026-09-19T20:00,223.0,11.0,0.0,926.3,0.0,15.4,83.5,0.9,1.7
2026-09-19T20:15,219.0,12.0,,926.3,0.0,15.5,82.0,0.6,1.3
2026-09-19T20:30,226.0,11.0,,926.4,0.0,15.0,84.7,0.9,1.5
2026-09-19T21:00,197.0,11.0,0.0,926.5,0.0,14.8,85.7,0.8,1.3
2026-09-19T21:15,161.0,8.0,,926.8,0.0,14.6,86.5,0.9,1.4
2026-09-19T21:30,207.0,9.0,,926.6,0.0,14.4,86.3,0.5,1.3
2026-09-19T22:00,308.0,8.0,0.0,926.7,0.0,14.2,86.8,0.6,1.1
2026-09-19T22:15,241.0,8.0,,926.6,0.0,13.9,88.5,0.5,1.3
2026-09-19T22:30,156.0,9.0,,926.6,0.0,14.1,87.2,0.8,1.2
2026-09-19T23:00,,,0.0,,,,,,
2026-09-19T23:15,241.0,13.0,,921.6,0.0,13.8,88.9,0.6,1.1
2026-09-19T23:30,189.0,14.0,,926.7,0.0,13.4,90.8,0.5,1.1
2026-09-20T00:00,167.0,14.0,0.0,926.8,0.0,13.9,88.2,0.4,1.1
2026-09-20T00:15,97.0,25.0,,926.7,0.0,13.3,90.8,0.1,0.7
2026-09-20T00:30,219.0,24.0,,927.0,0.0,13.3,91.0,0.7,0.8
2026-09-20T01:00,223.0,27.0,0.0,926.7,0.0,13.1,91.1,0.5,0.8
2026-09-20T01:15,159.0,26.0,,926.7,0.0,13.0,92.4,0.3,0.8
2026-09-20T01:30,354.0,26.0,,926.7,0.0,13.1,92.2,1.0,1.2
2026-09-20T02:00,150.0,14.0,0.0,926.8,0.0,12.9,91.9,0.6,1.1
2026-09-20T02:15,333.0,12.0,,926.6,0.0,12.4,94.4,0.5,1.0
2026-09-20T02:30,125.0,12.0,,926.6,0.0,12.6,94.2,0.3,0.7
2026-09-20T03:00,267.0,18.0,0.0,921.7,0.0,12.4,94.9,0.1,0.9
2026-09-20T03:15,324.0,12.0,,926.7,0.0,12.3,95.8,0.4,1.0
2026-09-20T03:30,177.0,12.0,,926.5,0.0,12.3,95.0,0.7,1.0
2026-09-20T04:00,84.0,13.0,0.0,926.5,0.0,12.4,93.5,0.4,0.7
2026-09-20T04:15,221.0,12.0,,926.6,0.0,11.9,96.8,0.6,1.5
2026-09-20T04:30,256.0,12.0,,926.4,0.0,11.9,96.3,0.2,0.9
2026-09-20T05:00,330.0,14.0,0.0,926.3,6.7,12.2,95.2,0.8,1.3
2026-09-20T05:15,56.0,15.0,,926.3,18.1,12.6,93.3,0.1,1.2
2026-09-20T05:30,312.0,15.0,,926.4,29.1,11.8,95.5,0.4,0.9
2026-09-20T06:00,36.0,14.0,0.0,926.4,51.6,12.3,94.5,0.1,0.7
2026-09-20T06:15,133.0,14.0,,926.4,273.0,12.6,93.8,0.2,0.4
2026-09-20T06:30,70.0,14.0,,926.4,326.4,13.9,90.0,0.5,1.0
2026-09-20T07:00,111.0,12.0,0.0,926.7,283.7,13.5,90.1,0.5,1.5
2026-09-20T07:15,122.0,24.0,,926.3,299.3,14.3,87.0,0.9,1.7
2026-09-20T07:30,71.0,25.0,,926.2,396.5,14.5,86.2,0.7,1.6
2026-09-20T08:00,124.0,17.0,0.0,926.4,497.5,15.2,85.4,1.1,1.6
2026-09-20T08:15,127.0,14.0,,926.5,545.1,15.6,83.4,0.7,2.2
2026-09-20T08:30,137.0,14.0,,926.5,574.3,16.6,81.1,0.9,1.8
2026-09-20T09:00,151.0,10.0,0.0,926.3,535.8,17.9,77.1,0.9,2.2
2026-09-20T09:15,132.0,11.0,,926.3,687.7,18.2,75.2,2.1,2.5
2026-09-20T09:30,122.0,11.0,,926.2,540.6,19.3,72.9,3.2,3.4
2026-09-20T10:00,106.0,11.0,0.0,926.2,609.7,19.6,69.1,2.1,3.6
2026-09-20T10:15,133.0,10.0,,926.1,723.8,19.6,62.5,2.3,3.9
2026-09-20T10:30,129.0,9.0,,926.2,745.0,20.0,62.0,3.3,4.5
2026-09-20T11:00,134.0,10.0,0.0,926.1,740.5,21.2,57.0,2.4,4.8
2026-09-20T11:15,52.0,12.0,,926.0,725.2,21.4,59.8,0.7,3.2
2026-09-20T11:30,119.0,10.0,,920.8,725.1,21.1,59.5,3.3,4.3
2026-09-20T12:00,136.0,9.0,0.0,925.5,696.1,21.6,57.8,1.8,4.2
2026-09-20T12:15,96.0,8.0,,925.4,680.7,22.8,55.8,0.3,4.9
2026-09-20T12:30,134.0,7.0,,925.3,661.1,22.9,54.2,1.9,3.9
2026-09-20T13:00,190.0,9.0,0.0,925.4,614.1,22.9,54.5,3.6,4.6
2026-09-20T13:15,156.0,9.0,,925.2,594.1,23.0,54.4,1.7,4.3
2026-09-20T13:30,130.0,10.0,,925.0,513.8,23.2,54.4,1.0,3.3
2026-09-20T14:00,176.0,13.0,0.0,924.5,391.7,22.9,57.1,0.2,3.6
2026-09-20T14:15,39.0,13.0,,924.4,498.3,22.5,58.9,0.2,4.0
2026-09-20T14:30,146.0,15.0,,924.4,433.1,22.4,62.4,2.2,3.9
2026-09-20T15:00,192.0,15.0,0.0,924.3,247.8,22.2,60.4,1.7,3.6
2026-09-20T15:15,49.0,16.0,,924.2,128.9,22.0,62.7,0.3,3.2
2026-09-20T15:30,241.0,15.0,,924.4,109.4,20.6,70.1,1.4,2.6
2026-09-20T16:00,278.0,14.0,0.0,924.5,84.8,20.7,70.5,0.8,3.0
2026-09-20T16:15,324.0,13.0,,924.5,74.3,20.2,72.7,1.4,2.0
2026-09-20T16:30,283.0,13.0,,924.6,27.5,20.0,72.8,0.3,2.0
2026-09-20T17:00,274.0,12.0,0.0,924.7,7.1,19.5,75.2,0.3,1.2
2026-09-20T17:15,220.0,11.0,,924.8,0.0,19.2,75.1,0.6,1.3
2026-09-20T17:30,222.0,16.0,,925.1,0.0,18.6,77.9,0.8,1.0
2026-09-20T18:00,231.0,14.0,0.0,925.1,0.0,18.1,82.0,0.7,0.9
2026-09-20T18:15,206.0,20.0,,925.1,0.0,17.7,84.0,0.1,1.1
2026-09-20T18:30,261.0,24.0,,925.2,0.0,17.6,83.6,0.3,1.0
2026-09-20T19:00,235.0,20.0,0.0,925.0,0.0,17.3,84.2,0.7,1.1
2026-09-20T19:15,175.0,14.0,,925.1,0.0,17.5,82.2,0.2,0.7
2026-09-20T19:30,219.0,13.0,,920.3,0.0,17.2,84.9,0.6,1.3
2026-09-20T20:00,211.0,15.0,0.0,925.7,0.0,17.0,85.4,0.7,1.2
2026-09-20T20:15,64.0,17.0,,925.8,0.0,16.8,85.6,0.2,0.9
2026-09-20T20:30,319.0,14.0,,925.5,0.0,16.5,86.6,0.6,1.4
2026-09-20T21:00,294.0,14.0,0.0,925.5,0.0,16.2,87.6,0.1,0.8
2026-09-20T21:15,187.0,14.0,,925.6,0.0,16.1,87.8,0.3,0.7
2026-09-20T21:30,195.0,13.0,,925.7,0.0,16.2,87.9,0.5,1.3
2026-09-20T22:00,262.0,12.0,0.0,920.5,0.0,16.1,88.1,0.1,1.3
2026-09-20T22:15,99.0,12.0,,925.6,0.0,15.4,90.9,0.7,1.1
2026-09-20T22:30,136.0,12.0,,925.3,0.0,15.3,91.1,0.5,0.9
2026-09-20T23:00,,,0.0,,,,,,
2026-09-20T23:15,249.0,16.0,,925.0,0.0,15.6,88.9,0.9,1.4
2026-09-20T23:30,311.0,19.0,,925.1,0.0,15.0,90.1,0.8,1.8
2026-09-21T00:00,213.0,25.0,0.0,925.0,0.0,15.1,89.8,1.0,1.2
2026-09-21T00:15,341.0,25.0,,925.1,0.0,14.5,91.4,1.0,1.4
2026-09-21T00:30,168.0,26.0,,925.1,0.0,14.5,89.6,0.1,1.6
2026-09-21T01:00,353.0,26.0,0.0,924.6,0.0,14.5,90.1,1.0,1.2
2026-09-21T01:15,244.0,25.0,,924.6,0.0,14.2,92.0,0.1,1.2
2026-09-21T01:30,194.0,25.0,,924.3,0.0,14.4,89.4,0.5,0.9
2026-09-21T02:00,320.0,16.0,0.0,924.1,0.0,14.1,90.9,0.7,1.4
2026-09-21T02:15,331.0,15.0,,924.1,0.0,13.6,90.6,0.4,1.0
2026-09-21T02:30,264.0,20.0,,924.2,0.0,13.9,92.1,0.7,1.3
2026-09-21T03:00,217.0,21.0,0.0,924.3,0.0,13.4,88.2,1.4,1.5
2026-09-21T03:15,225.0,17.0,,924.3,0.0,13.6,82.0,1.3,1.4
2026-09-21T03:30,220.0,18.0,,924.2,0.0,13.8,86.1,0.7,1.7
2026-09-21T04:00,141.0,15.0,0.0,924.4,0.0,13.8,83.4,0.1,2.1
2026-09-21T04:15,5.0,15.0,,924.3,0.0,13.3,80.1,0.4,1.6
2026-09-21T04:30,125.0,13.0,,924.1,0.0,13.2,80.6,0.3,2.4
2026-09-21T05:00,93.0,15.0,0.0,924.3,0.0,13.1,83.1,0.5,2.7
2026-09-21T05:15,160.0,16.0,,924.6,7.5,13.8,77.4,0.8,2.7
2026-09-21T05:30,246.0,17.0,,924.5,14.9,13.7,74.0,1.3,2.0
2026-09-21T06:00,231.0,13.0,0.0,924.6,20.4,13.7,73.1,0.3,1.5
2026-09-21T06:15,315.0,15.0,,924.6,21.2,14.2,68.3,0.2,2.0
2026-09-21T06:30,258.0,25.0,,925.0,27.1,13.1,79.5,1.1,1.4
2026-09-21T07:00,3.0,25.0,0.0,925.0,46.6,14.4,73.2,0.7,1.8
2026-09-21T07:15,339.0,21.0,,925.0,47.7,14.9,68.4,0.6,1.5
2026-09-21T07:30,51.0,22.0,,925.0,72.0,13.7,79.7,0.3,1.6
2026-09-21T08:00,260.0,23.0,0.0,925.1,150.7,14.3,79.8,0.4,1.7
2026-09-21T08:15,39.0,22.0,,925.2,101.4,15.0,74.9,0.4,1.4
2026-09-21T08:30,280.0,18.0,,925.1,103.0,15.0,75.7,0.9,1.2
2026-09-21T09:00,224.0,16.0,0.0,925.2,103.8,14.9,82.4,0.6,1.1
2026-09-21T09:15,175.0,12.0,,925.1,113.0,15.3,66.7,0.3,2.0
2026-09-21T09:30,279.0,12.0,,925.2,123.1,15.3,71.5,0.4,1.2
2026-09-21T10:00,307.0,16.0,0.0,925.0,142.0,16.0,68.0,0.7,1.3
2026-09-21T10:15,194.0,9.0,,924.6,217.9,15.6,74.1,0.3,1.3
2026-09-21T10:30,143.0,12.0,,924.7,235.4,16.2,70.9,1.1,1.5
2026-09-21T11:00,153.0,8.0,0.0,923.9,354.3,16.0,77.8,1.5,1.8
2026-09-21T11:15,132.0,11.0,,923.7,918.7,16.7,76.8,1.3,2.0
2026-09-21T11:30,174.0,13.0,,923.4,805.3,17.4,70.0,0.8,2.3
2026-09-21T12:00,59.0,9.0,0.0,923.1,775.6,18.6,61.0,1.5,2.7
2026-09-21T12:15,112.0,8.0,,922.9,677.4,20.2,53.5,0.8,2.0
2026-09-21T12:30,113.0,8.0,,922.6,676.2,20.2,49.7,1.3,2.4
2026-09-21T13:00,170.0,9.0,0.0,922.4,614.7,20.0,52.8,0.6,3.6
2026-09-21T13:15,152.0,12.0,,922.2,602.9,20.1,53.5,0.6,2.8
2026-09-21T13:30,77.0,13.0,,922.0,509.3,20.3,54.5,1.3,3.4
2026-09-21T14:00,284.0,8.0,0.0,921.6,499.2,21.2,49.1,2.8,4.7
2026-09-21T14:15,234.0,8.0,,921.6,402.7,21.6,43.3,1.3,3.8
2026-09-21T14:30,253.0,10.0,,921.5,380.7,21.2,43.9,1.3,3.4
2026-09-21T15:00,233.0,11.0,0.0,921.6,321.7,21.0,50.8,1.4,5.4
2026-09-21T15:15,216.0,13.0,,921.7,59.0,20.5,53.2,1.1,4.0
2026-09-21T15:30,97.0,15.0,,921.8,38.4,19.8,57.0,0.9,3.0
2026-09-21T16:00,291.0,17.0,0.0,922.0,28.8,18.3,66.1,0.9,1.4
2026-09-21T16:15,164.0,17.0,,922.0,21.7,18.3,64.0,1.0,2.6
2026-09-21T16:30,273.0,17.0,,922.0,15.4,17.9,66.3,0.9,2.1
2026-09-21T17:00,246.0,17.0,0.0,922.4,3.3,17.2,70.6,1.3,1.9
2026-09-21T17:15,247.0,17.0,,922.5,0.0,16.4,74.1,0.5,2.0
2026-09-21T17:30,253.0,16.0,,922.6,0.0,16.1,75.7,1.1,2.0
2026-09-21T18:00,131.0,10.0,0.0,923.0,0.0,15.6,78.1,0.9,1.5
2026-09-21T18:15,252.0,9.0,,923.1,0.0,15.6,77.2,0.6,1.4
2026-09-21T18:30,228.0,7.0,,923.2,0.0,15.2,78.5,0.8,1.3
2026-09-21T19:00,205.0,7.0,0.0,923.6,0.0,15.1,75.5,0.3,1.9
2026-09-21T19:15,195.0,7.0,,923.6,0.0,14.7,73.3,0.6,1.1
2026-09-21T19:30,215.0,7.0,,923.6,0.0,14.8,70.2,0.9,1.6
2026-09-21T20:00,7.0,7.0,0.0,923.6,0.0,13.8,70.3,0.8,1.7
2026-09-21T20:15,303.0,8.0,,923.7,0.0,14.1,67.0,0.9,1.7
2026-09-21T20:30,152.0,8.0,,923.8,0.0,13.8,61.1,0.8,1.8
2026-09-21T21:00,220.0,8.0,0.0,924.0,0.0,13.5,55.7,0.7,1.7
2026-09-21T21:15,190.0,9.0,,924.0,0.0,13.4,65.4,0.9,1.3
2026-09-21T21:30,194.0,9.0,,924.0,0.0,13.6,60.9,1.1,1.5
2026-09-21T22:00,289.0,9.0,0.0,923.9,0.0,12.7,69.3,0.2,1.2
2026-09-21T22:15,270.0,9.0,,924.0,0.0,12.4,70.8,0.5,1.5
2026-09-21T22:30,216.0,9.0,,923.9,0.0,12.3,71.4,1.0,1.5
2026-09-21T23:00,,,0.0,,,,,,
2026-09-21T23:15,121.0,11.0,,923.9,0.0,12.2,71.3,0.1,1.3
2026-09-21T23:30,316.0,11.0,,923.9,0.0,11.7,75.8,0.2,1.0
2026-09-22T00:00,224.0,11.0,0.0,923.7,0.0,11.5,70.6,0.2,1.1
2026-09-22T00:15,110.0,11.0,,923.7,0.0,11.5,73.9,0.2,1.2
2026-09-22T00:30,176.0,12.0,,923.6,0.0,10.8,80.3,0.3,1.4
2026-09-22T01:00,144.0,12.0,0.0,923.6,0.0,10.6,77.0,0.3,1.1
2026-09-22T01:15,260.0,12.0,,923.5,0.0,10.2,80.5,0.1,1.6
2026-09-22T01:30,218.0,12.0,,923.6,0.0,10.7,77.3,0.9,1.5
2026-09-22T02:00,319.0,12.0,0.0,923.4,0.0,10.3,79.0,0.7,1.4
2026-09-22T02:15,269.0,15.0,,923.2,0.0,10.5,76.3,0.7,1.3
2026-09-22T02:30,155.0,15.0,,923.2,0.0,10.7,74.9,1.2,1.5
2026-09-22T03:00,310.0,14.0,0.0,923.3,0.0,9.7,82.1,0.7,0.9
2026-09-22T03:15,161.0,13.0,,923.2,0.0,10.3,80.8,0.8,1.1
2026-09-22T03:30,284.0,16.0,,923.2,0.0,9.5,85.0,0.4,1.0
2026-09-22T04:00,201.0,16.0,0.0,923.2,0.0,9.6,87.0,0.6,1.1
2026-09-22T04:15,257.0,17.0,,923.2,0.0,9.6,88.5,1.0,1.5
2026-09-22T04:30,187.0,18.0,,923.2,0.0,9.4,84.7,0.2,1.2
2026-09-22T05:00,207.0,20.0,0.0,923.4,4.7,9.6,83.0,0.2,1.1
2026-09-22T05:15,143.0,19.0,,923.4,11.4,10.0,77.6,0.5,1.4
2026-09-22T05:30,272.0,17.0,,923.3,17.3,9.6,84.0,0.9,1.6
2026-09-22T06:00,238.0,17.0,0.0,923.5,30.6,10.2,78.0,0.4,1.4
2026-09-22T06:15,162.0,17.0,,923.6,237.1,9.8,88.5,0.2,1.4
2026-09-22T06:30,121.0,17.0,,923.6,268.3,10.7,85.2,0.5,1.7
2026-09-22T07:00,350.0,17.0,0.0,923.5,358.2,11.3,82.6,0.6,2.0
2026-09-22T07:15,123.0,17.0,,923.4,404.4,11.2,83.4,1.8,2.4
2026-09-22T07:30,87.0,10.0,,923.5,446.8,11.5,80.3,1.3,2.5
2026-09-22T08:00,113.0,8.0,0.0,923.4,525.0,11.9,74.6,2.0,3.0
2026-09-22T08:15,110.0,9.0,,923.4,559.2,12.5,74.8,2.8,3.5
2026-09-22T08:30,114.0,9.0,,923.4,588.9,13.5,73.7,1.0,3.4
2026-09-22T09:00,87.0,8.0,0.0,923.3,642.5,14.1,71.4,1.5,2.6
2026-09-22T09:15,84.0,7.0,,923.1,669.9,14.5,70.4,2.2,3.2
2026-09-22T09:30,175.0,7.0,,923.0,692.2,15.5,57.5,5.4,7.4
2026-09-22T10:00,186.0,10.0,0.0,922.8,718.8,16.2,54.4,3.2,5.6
2026-09-22T10:15,224.0,11.0,,922.9,729.4,16.1,55.7,3.8,6.3
2026-09-22T10:30,204.0,12.0,,922.3,738.4,16.5,51.8,1.2,6.8
2026-09-22T11:00,165.0,13.0,0.0,922.5,744.9,16.9,53.2,2.7,6.5
2026-09-22T11:15,218.0,9.0,,922.5,740.8,16.8,52.8,3.0,4.7
2026-09-22T11:30,207.0,11.0,,922.5,739.6,16.8,52.1,1.8,6.2
2026-09-22T12:00,345.0,11.0,0.0,922.3,735.4,17.0,52.9,0.9,5.7
2026-09-22T12:15,260.0,9.0,,922.4,760.1,17.2,49.6,0.9,4.2
2026-09-22T12:30,223.0,13.0,,922.4,842.4,17.8,50.9,2.7,5.0
2026-09-22T13:00,38.0,14.0,0.0,922.3,545.2,17.1,50.1,2.0,6.3
2026-09-22T13:15,55.0,13.0,,922.3,724.8,17.3,50.7,3.6,5.9
2026-09-22T13:30,113.0,15.0,,922.3,633.3,17.6,50.5,1.8,3.9
2026-09-22T14:00,127.0,15.0,0.0,922.3,496.6,17.3,48.7,2.2,4.3
2026-09-22T14:15,202.0,15.0,,922.2,453.8,17.3,46.3,1.3,3.7
2026-09-22T14:30,158.0,14.0,,922.2,409.5,17.5,47.4,1.3,5.0
2026-09-22T15:00,314.0,13.0,0.0,922.2,322.6,17.4,46.8,0.7,1.9
2026-09-22T15:15,337.0,14.0,,922.1,58.7,17.0,48.1,0.7,2.5
2026-09-22T15:30,75.0,13.0,,922.3,40.0,16.4,49.3,0.1,3.1
2026-09-22T16:00,303.0,14.0,0.0,922.6,29.8,15.7,50.8,0.3,1.6
2026-09-22T16:15,279.0,13.0,,922.7,24.4,15.2,54.9,0.6,2.0
2026-09-22T16:30,159.0,13.0,,922.9,19.3,14.7,60.7,0.4,1.8
2026-09-22T17:00,17.0,14.0,0.0,923.3,5.5,13.9,63.4,0.2,1.0
2026-09-22T17:15,159.0,13.0,,923.5,0.0,13.2,70.5,0.9,1.3
2026-09-22T17:30,279.0,14.0,,923.7,0.0,13.0,67.9,0.7,1.1
2026-09-22T18:00,207.0,14.0,0.0,924.1,0.0,12.5,73.3,0.4,1.1
2026-09-22T18:15,150.0,13.0,,924.4,0.0,12.3,71.1,0.5,1.1
2026-09-22T18:30,173.0,13.0,,924.5,0.0,12.2,74.0,0.8,1.2
2026-09-22T19:00,169.0,14.0,0.0,924.8,0.0,11.7,73.3,0.2,1.2
2026-09-22T19:15,200.0,13.0,,925.1,0.0,11.3,76.9,1.4,1.6
2026-09-22T19:30,219.0,14.0,,925.4,0.0,11.7,73.6,0.9,1.5
2026-09-22T20:00,230.0,13.0,0.0,925.5,0.0,11.6,72.6,0.9,1.4
2026-09-22T20:15,235.0,13.0,,925.7,0.0,11.4,73.4,0.9,1.8
2026-09-22T20:30,149.0,13.0,,925.8,0.0,11.2,74.6,0.9,2.1
2026-09-22T21:00,257.0,13.0,0.0,926.1,0.0,11.2,74.8,1.0,1.4
2026-09-22T21:15,208.0,13.0,,926.0,0.0,11.1,77.2,0.5,1.4
2026-09-22T21:30,316.0,13.0,,926.0,0.0,11.2,74.0,1.0,1.2
2026-09-22T22:00,240.0,12.0,0.0,926.0,0.0,11.1,74.5,0.4,1.5
2026-09-22T22:15,266.0,11.0,,926.0,0.0,10.9,77.4,0.5,1.4
2026-09-22T22:30,144.0,12.0,,926.0,0.0,10.3,82.1,0.4,1.2
2026-09-22T23:00,,,0.0,,,,,,
2026-09-22T23:15,351.0,13.0,,926.1,0.0,9.6,83.2,0.3,1.7
2026-09-22T23:30,247.0,14.0,,926.2,0.0,9.7,83.9,0.3,1.1
2026-09-23T00:00,230.0,14.0,0.0,926.4,0.0,9.4,85.0,0.8,1.1
2026-09-23T00:15,200.0,15.0,,926.2,0.0,9.6,83.0,0.3,0.9
2026-09-23T00:30,74.0,15.0,,926.2,0.0,9.4,85.6,0.8,1.1
2026-09-23T01:00,337.0,15.0,0.0,926.0,0.0,9.3,87.4,0.8,1.7
2026-09-23T01:15,242.0,15.0,,926.0,0.0,9.6,83.5,0.4,1.4
2026-09-23T01:30,176.0,15.0,,925.8,0.0,9.4,85.1,0.5,1.1
2026-09-23T02:00,202.0,14.0,0.0,925.7,0.0,9.1,87.7,0.3,1.4
2026-09-23T02:15,248.0,15.0,,925.6,0.0,9.6,82.6,0.3,1.4
2026-09-23T02:30,274.0,15.0,,925.5,0.0,9.5,82.6,0.3,1.2
2026-09-23T03:00,247.0,16.0,0.0,925.4,0.0,9.7,79.2,0.5,0.9
2026-09-23T03:15,302.0,16.0,,925.4,0.0,9.3,81.8,0.8,1.3
2026-09-23T03:30,222.0,15.0,,925.4,0.0,9.1,82.6,0.3,1.7
2026-09-23T04:00,207.0,15.0,0.0,920.4,0.0,9.3,80.6,0.8,1.4
2026-09-23T04:15,162.0,16.0,,925.3,0.0,9.1,81.8,0.1,1.8
2026-09-23T04:30,232.0,16.0,,925.3,0.0,9.3,80.8,0.8,1.6
2026-09-23T05:00,254.0,16.0,0.0,925.4,0.0,9.2,81.8,0.5,1.2
2026-09-23T05:15,320.0,17.0,,925.6,8.0,9.2,82.7,0.6,1.7
2026-09-23T05:30,250.0,17.0,,925.7,18.6,9.2,82.0,0.7,0.9
2026-09-23T06:00,243.0,17.0,0.0,925.8,45.9,9.6,79.2,0.6,0.8
2026-09-23T06:15,30.0,15.0,,925.8,81.9,9.3,83.0,0.3,0.7
2026-09-23T06:30,66.0,15.0,,925.7,77.2,9.4,86.0,0.1,1.1
2026-09-23T07:00,108.0,16.0,0.0,925.8,127.3,10.0,86.3,0.4,1.0
2026-09-23T07:15,96.0,17.0,,925.7,170.8,9.9,82.6,0.4,1.8
2026-09-23T07:30,95.0,17.0,,925.6,368.7,10.5,79.4,1.7,2.2
2026-09-23T08:00,150.0,14.0,0.0,925.7,245.5,11.0,74.1,1.2,2.4
2026-09-23T08:15,35.0,11.0,,925.7,232.0,11.5,73.8,1.0,2.7
2026-09-23T08:30,166.0,8.0,,925.5,304.3,11.5,76.4,0.7,2.0
2026-09-23T09:00,217.0,10.0,0.0,925.6,330.8,12.9,63.9,1.3,3.3
2026-09-23T09:15,284.0,12.0,,925.5,271.7,13.5,62.0,3.3,5.8
2026-09-23T09:30,262.0,18.0,,925.6,745.2,13.8,61.0,1.3,4.5
2026-09-23T09:45,,11.0,,,,,,,4.3
2026-09-23T11:00,,,0.0,,,,,,
2026-09-23T12:00,126.0,11.0,0.0,919.5,820.4,15.6,58.8,3.2,6.0
2026-09-23T12:30,111.0,9.0,,924.4,846.0,15.3,59.2,1.7,5.6
2026-09-23T13:00,,,0.0,,,,,,
2026-09-23T13:15,137.0,11.0,,924.3,703.8,15.4,60.5,4.7,6.3
2026-09-23T13:30,134.0,11.0,,924.2,630.0,14.8,62.0,2.4,5.6
2026-09-23T14:00,165.0,13.0,0.0,924.1,563.2,14.8,61.2,2.8,6.3
2026-09-23T14:15,173.0,13.0,,924.0,489.6,14.9,61.3,2.2,5.9
2026-09-23T14:30,121.0,14.0,,923.8,428.0,15.2,61.8,0.5,4.8
2026-09-23T15:00,172.0,8.0,0.0,923.7,317.4,14.9,60.5,1.0,5.1
2026-09-23T15:15,187.0,11.0,,923.6,75.9,14.4,63.1,0.6,3.6
2026-09-23T15:30,233.0,12.0,,923.6,48.9,14.1,65.0,0.4,4.2
2026-09-23T16:00,216.0,17.0,0.0,923.6,52.0,13.8,67.0,1.0,2.6
2026-09-23T16:15,276.0,18.0,,923.6,40.5,13.2,71.0,0.9,2.1
2026-09-23T16:30,301.0,18.0,,923.6,25.2,13.5,67.8,1.1,2.8
2026-09-23T17:00,345.0,18.0,0.0,923.8,3.5,12.8,74.9,0.5,2.1
2026-09-23T17:15,355.0,15.0,,918.9,0.0,12.3,76.4,0.3,1.3
2026-09-23T17:30,278.0,12.0,,923.9,0.0,12.2,76.6,0.2,1.3
2026-09-23T18:00,273.0,9.0,0.0,919.2,0.0,11.7,78.1,0.5,1.3
2026-09-23T18:15,289.0,9.0,,924.1,0.0,11.3,80.2,0.9,1.6
2026-09-23T18:30,337.0,9.0,,924.2,0.0,11.5,79.3,0.2,1.4
2026-09-23T19:00,143.0,9.0,0.0,924.4,0.0,10.9,83.1,0.4,1.1
2026-09-23T19:15,100.0,9.0,,924.3,0.0,10.9,81.9,0.6,1.4
2026-09-23T19:30,308.0,9.0,,924.4,0.0,10.6,85.8,0.3,1.0
2026-09-23T20:00,189.0,9.0,0.0,924.7,0.0,10.5,84.2,0.3,0.8
2026-09-23T20:15,267.0,9.0,,924.6,0.0,10.3,85.7,0.5,1.1
2026-09-23T20:30,252.0,10.0,,924.6,0.0,10.4,84.5,0.3,0.8
2026-09-23T21:00,182.0,16.0,0.0,920.9,0.0,10.3,86.3,0.7,1.2
2026-09-23T21:15,213.0,10.0,,924.7,0.0,10.3,86.3,0.2,1.2
2026-09-23T21:30,188.0,9.0,,924.8,0.0,10.0,87.5,0.8,1.3
2026-09-23T22:00,333.0,12.0,0.0,924.6,0.0,10.1,86.6,0.5,1.3
2026-09-23T22:15,37.0,11.0,,924.6,0.0,9.7,89.9,0.4,1.3
2026-09-23T22:30,238.0,14.0,,919.5,0.0,9.8,88.6,0.1,0.9
2026-09-23T23:00,,,0.0,,,,,,
2026-09-23T23:15,142.0,12.0,,924.5,0.0,10.0,87.7,0.4,1.1
2026-09-23T23:30,228.0,10.0,,924.4,0.0,10.2,85.7,0.7,1.2
2026-09-24T00:00,191.0,13.0,0.0,924.3,0.0,9.3,91.0,0.4,0.9
2026-09-24T00:15,227.0,12.0,,924.1,0.0,9.6,88.2,0.5,1.4
2026-09-24T00:30,144.0,13.0,,924.1,0.0,9.4,89.4,0.6,1.1
2026-09-24T01:00,234.0,14.0,0.0,924.0,0.0,9.1,90.2,0.9,1.2
2026-09-24T01:15,172.0,15.0,,923.8,0.0,8.9,91.0,0.4,1.1
2026-09-24T01:30,330.0,15.0,,923.7,0.0,8.9,90.7,0.4,1.1
2026-09-24T02:00,145.0,14.0,0.0,918.6,0.0,8.5,93.2,0.5,0.8
2026-09-24T02:15,224.0,14.0,,923.7,0.0,8.5,92.7,0.9,1.2
2026-09-24T02:30,133.0,14.0,,918.7,0.0,8.7,90.8,1.0,1.4
2026-09-24T03:00,96.0,22.0,0.0,923.4,0.0,8.4,93.1,0.1,1.2
2026-09-24T03:15,331.0,24.0,,923.3,0.0,7.8,94.9,0.5,1.8
2026-09-24T03:30,280.0,18.0,,923.4,0.0,8.4,94.1,0.6,1.3
2026-09-24T04:00,315.0,17.0,0.0,918.4,0.0,8.0,94.2,0.2,1.2
2026-09-24T04:15,291.0,17.0,,923.3,0.0,8.0,94.7,0.5,1.3
2026-09-24T04:30,351.0,16.0,,923.3,0.0,8.0,94.8,0.2,1.0
2026-09-24T05:00,279.0,14.0,0.0,923.2,0.0,7.8,93.7,0.5,1.3
2026-09-24T05:15,198.0,14.0,,923.3,12.6,7.8,93.9,0.2,0.8
2026-09-24T05:30,90.0,13.0,,923.3,29.1,7.7,94.5,0.0,0.8
2026-09-24T06:00,146.0,15.0,0.0,923.4,52.4,8.0,94.9,0.1,1.3
2026-09-24T06:15,130.0,14.0,,923.3,103.1,8.0,94.0,0.8,1.2
2026-09-24T06:30,152.0,14.0,,923.4,103.5,8.2,94.1,0.3,0.9
2026-09-24T07:00,116.0,12.0,0.0,923.1,158.3,9.0,93.7,0.3,1.6
2026-09-24T07:15,56.0,12.0,,923.0,223.9,8.9,94.2,0.4,1.7
2026-09-24T07:30,127.0,14.0,,922.9,277.8,9.7,89.7,1.2,1.3
2026-09-24T08:00,131.0,13.0,0.0,922.9,367.8,10.2,84.2,0.4,1.6
2026-09-24T08:15,129.0,14.0,,922.9,417.7,11.0,86.0,1.0,1.5
2026-09-24T08:30,49.0,13.0,,922.9,403.3,11.7,81.5,0.2,2.1
2026-09-24T09:00,97.0,14.0,0.0,917.7,491.8,11.9,81.4,1.7,2.6
2026-09-24T09:15,109.0,13.0,,922.5,557.5,12.6,77.5,1.8,2.7
2026-09-24T09:30,137.0,14.0,,922.3,586.6,13.3,77.0,0.8,2.3
2026-09-24T10:00,60.0,12.0,0.0,917.0,468.9,13.7,72.6,1.6,2.6
2026-09-24T10:15,123.0,11.0,,921.7,598.6,14.4,69.1,2.3,3.5
2026-09-24T10:30,66.0,12.0,,921.4,568.8,14.5,68.7,0.6,3.1
2026-09-24T11:00,91.0,12.0,0.0,921.2,597.8,15.1,67.6,1.6,3.4
2026-09-24T11:15,96.0,12.0,,921.0,637.4,15.3,68.8,1.6,3.2
2026-09-24T11:30,120.0,11.0,,920.9,550.7,16.0,66.7,3.1,3.3
2026-09-24T12:00,158.0,13.0,0.0,920.6,526.4,15.7,66.0,3.0,4.4
2026-09-24T12:15,112.0,13.0,,920.5,515.9,16.0,65.1,3.6,4.6
2026-09-24T12:30,80.0,11.0,,920.4,551.1,16.4,65.0,3.0,5.4
2026-09-24T13:00,86.0,11.0,0.0,919.9,439.1,15.8,65.8,3.2,6.1
2026-09-24T13:15,72.0,10.0,,920.0,488.2,15.5,67.5,3.6,6.8
2026-09-24T13:30,93.0,10.0,,915.1,570.7,16.2,64.6,2.9,6.7
2026-09-24T14:00,23.0,9.0,0.0,919.8,400.0,15.6,66.1,2.8,6.2
2026-09-24T14:15,57.0,10.0,,919.7,168.7,15.1,67.3,5.8,7.5
2026-09-24T14:30,52.0,9.0,,919.7,188.0,14.7,69.7,6.5,7.9
2026-09-24T15:00,52.0,12.0,0.0,919.9,126.7,14.5,70.7,3.1,8.2
2026-09-24T15:15,82.0,14.0,,920.0,83.7,14.2,72.4,4.5,7.0
2026-09-24T15:30,142.0,10.0,,919.8,62.2,14.1,73.1,1.1,7.4
2026-09-24T16:00,173.0,10.0,0.0,915.0,29.8,14.0,73.7,2.0,5.0
2026-09-24T16:15,336.0,10.0,,919.9,16.5,13.7,75.9,0.2,3.3
2026-09-24T16:30,188.0,14.0,,915.0,17.7,13.5,77.5,1.8,2.6
2026-09-24T17:00,161.0,17.0,0.0,920.2,0.0,13.3,77.7,1.1,3.1
2026-09-24T17:15,205.0,16.0,,920.2,0.0,13.0,79.5,1.8,3.4
2026-09-24T17:30,284.0,18.0,,920.0,0.0,12.8,81.2,0.7,2.7
2026-09-24T18:00,48.0,14.0,0.0,920.7,0.0,13.2,77.1,1.0,4.6
2026-09-24T18:15,256.0,15.0,,920.8,0.0,12.8,79.8,0.3,3.3
2026-09-24T18:30,319.0,17.0,,920.9,0.0,12.5,82.4,0.3,1.5
2026-09-24T19:00,232.0,18.0,0.0,921.0,0.0,12.0,83.8,0.9,1.4
2026-09-24T19:15,24.0,19.0,,921.1,0.0,11.7,85.9,0.6,2.9
2026-09-24T19:30,206.0,19.0,,921.2,0.0,11.8,85.6,2.3,2.6
2026-09-24T20:00,35.0,20.0,0.0,921.7,0.0,11.4,87.1,0.7,1.8
2026-09-24T20:15,274.0,21.0,,921.6,0.0,11.2,87.9,0.9,1.1
2026-09-24T20:30,0.0,21.0,,921.6,0.0,10.8,90.1,0.6,1.9
2026-09-24T21:00,304.0,20.0,0.0,921.5,0.0,10.2,91.1,0.9,2.0
2026-09-24T21:15,222.0,21.0,,921.3,0.0,10.7,90.1,0.8,1.8
2026-09-24T21:30,81.0,21.0,,921.3,0.0,10.3,91.0,1.2,1.4
2026-09-24T22:00,253.0,20.0,0.0,921.1,0.0,10.0,94.1,1.6,2.1
2026-09-24T22:15,236.0,20.0,,921.0,0.0,9.8,93.4,1.0,1.9
2026-09-24T22:30,316.0,20.0,,921.1,0.0,9.6,93.4,0.4,2.1
2026-09-24T23:00,,,0.0,,,,,,
2026-09-24T23:15,355.0,17.0,,920.8,0.0,9.3,94.6,0.6,1.2
2026-09-24T23:30,158.0,16.0,,921.0,0.0,9.5,94.7,0.6,1.7
2026-09-25T00:00,153.0,18.0,0.0,921.1,0.0,9.1,95.7,0.4,1.7
2026-09-25T00:15,196.0,18.0,,921.2,0.0,8.8,93.1,0.1,1.9
2026-09-25T00:30,118.0,18.0,,921.5,0.0,9.0,92.4,0.2,1.4
2026-09-25T01:00,209.0,16.0,0.0,921.4,0.0,8.6,93.4,0.2,1.3
2026-09-25T01:15,4.0,15.0,,921.7,0.0,8.3,94.9,0.5,1.3
2026-09-25T01:30,212.0,14.0,,916.9,0.0,8.5,93.8,0.8,0.9
2026-09-25T02:00,256.0,14.0,0.0,922.0,0.0,8.5,92.3,0.4,1.4
2026-09-25T02:15,229.0,14.0,,922.1,0.0,8.5,91.9,0.8,1.0
2026-09-25T02:30,317.0,14.0,,922.1,0.0,8.1,91.4,0.5,1.4
2026-09-25T03:00,144.0,15.0,0.0,922.4,0.0,8.0,93.1,0.1,1.3
2026-09-25T03:15,275.0,14.0,,922.5,0.0,7.9,94.0,1.0,1.7
2026-09-25T03:30,304.0,14.0,,922.6,0.0,7.5,93.7,0.1,1.2
2026-09-25T04:00,274.0,14.0,0.0,922.6,0.0,7.9,93.7,0.2,1.2
2026-09-25T04:15,235.0,15.0,,922.5,0.0,8.1,91.9,0.8,1.5
2026-09-25T04:30,163.0,15.0,,917.6,0.0,8.2,91.3,0.2,1.5
2026-09-25T05:00,309.0,15.0,0.0,922.6,0.0,7.9,95.0,0.3,1.2
2026-09-25T05:15,123.0,15.0,,922.6,12.2,8.2,91.7,0.9,1.1
2026-09-25T05:30,248.0,15.0,,922.7,27.6,8.4,94.6,0.5,1.1
2026-09-25T06:00,130.0,15.0,0.0,922.6,53.6,8.6,92.3,0.1,1.0
2026-09-25T06:15,71.0,16.0,,917.7,48.2,8.5,94.3,0.1,1.5
2026-09-25T06:30,19.0,16.0,,922.7,67.3,9.0,92.7,0.8,1.0
2026-09-25T07:00,107.0,17.0,0.0,922.6,185.0,9.3,89.8,1.3,1.4
2026-09-25T07:15,83.0,17.0,,922.7,170.0,9.6,88.6,0.4,1.6
2026-09-25T07:30,108.0,17.0,,922.6,433.5,10.5,85.7,0.3,1.5
2026-09-25T08:00,105.0,13.0,0.0,922.7,535.2,11.0,81.3,1.3,2.5
2026-09-25T08:15,104.0,14.0,,917.7,492.1,11.3,82.0,2.4,2.7
2026-09-25T08:30,101.0,12.0,,922.6,597.3,12.2,77.8,1.4,2.6
2026-09-25T09:00,101.0,11.0,0.0,922.4,641.5,13.4,73.6,1.4,3.4
2026-09-25T09:15,66.0,10.0,,922.3,670.1,13.2,69.1,1.9,3.7
2026-09-25T09:30,130.0,10.0,,918.3,684.2,14.6,65.6,5.8,7.0
2026-09-25T10:00,151.0,13.0,0.0,922.1,708.5,15.2,59.0,2.4,4.6
2026-09-25T10:15,100.0,13.0,,921.9,710.4,15.1,59.0,0.8,6.0
2026-09-25T10:30,107.0,12.0,,921.8,723.3,15.7,58.0,2.6,4.5
2026-09-25T11:00,184.0,10.0,0.0,921.6,728.0,16.2,58.0,2.5,6.4
2026-09-25T11:15,58.0,10.0,,921.6,723.3,15.7,58.7,1.3,6.0
2026-09-25T11:30,78.0,11.0,,921.5,716.6,16.3,56.2,0.8,5.2
2026-09-25T12:00,206.0,11.0,0.0,921.3,702.1,16.2,57.9,3.5,5.6
2026-09-25T12:15,199.0,11.0,,921.3,684.0,16.0,57.9,5.0,5.8
2026-09-25T12:30,221.0,11.0,,921.3,680.9,16.1,58.6,1.9,5.6
2026-09-25T13:00,158.0,12.0,0.0,921.1,616.9,16.4,57.3,2.9,5.5
2026-09-25T13:15,234.0,13.0,,921.1,597.3,16.2,56.1,2.0,4.8
2026-09-25T13:30,160.0,13.0,,916.1,552.1,16.6,55.4,2.8,5.4
2026-09-25T14:00,194.0,14.0,0.0,921.3,486.0,16.2,55.3,1.7,5.5
2026-09-25T14:15,182.0,9.0,,921.2,437.4,16.5,56.3,1.3,4.8
2026-09-25T14:30,156.0,7.0,,921.2,398.0,16.2,55.8,1.0,4.0
2026-09-25T15:00,207.0,9.0,0.0,921.3,315.3,16.2,57.8,1.5,3.4
2026-09-25T15:15,340.0,14.0,,921.4,103.3,15.9,61.4,1.0,3.4
2026-09-25T15:30,230.0,12.0,,921.5,109.1,15.6,58.5,2.4,2.7
2026-09-25T16:00,128.0,8.0,0.0,921.7,62.2,15.2,61.3,1.8,3.5
2026-09-25T16:15,155.0,8.0,,917.1,39.2,14.9,62.3,1.3,3.5
2026-09-25T16:30,148.0,11.0,,922.2,29.1,14.9,63.1,1.6,1.7
2026-09-25T17:00,279.0,6.0,0.0,922.4,0.0,14.1,66.0,0.3,2.3
2026-09-25T17:15,111.0,6.0,,922.6,0.0,14.0,65.7,2.2,3.5
2026-09-25T17:30,210.0,11.0,,922.7,0.0,13.9,65.5,1.0,3.7
2026-09-25T18:00,282.0,13.0,0.0,923.1,0.0,13.3,71.3,1.1,1.5
2026-09-25T18:15,176.0,16.0,,923.1,0.0,13.4,69.5,0.1,1.2
2026-09-25T18:30,290.0,18.0,,923.2,0.0,13.3,71.1,0.2,0.9
2026-09-25T19:00,302.0,16.0,0.0,923.5,0.0,12.8,73.7,0.2,0.8
2026-09-25T19:15,200.0,15.0,,923.7,0.0,12.4,78.1,0.3,0.9
2026-09-25T19:30,212.0,16.0,,923.5,0.0,12.8,74.5,0.7,1.4
2026-09-25T20:00,229.0,9.0,0.0,923.9,0.0,11.9,80.3,1.0,1.4
2026-09-25T20:15,265.0,8.0,,923.8,0.0,11.9,78.5,0.2,1.3
2026-09-25T20:30,259.0,9.0,,924.0,0.0,12.0,77.9,0.5,1.3
2026-09-25T21:00,244.0,11.0,0.0,924.1,0.0,11.1,83.9,0.3,0.9
2026-09-25T21:15,206.0,21.0,,924.2,0.0,10.5,87.5,0.2,1.3
2026-09-25T21:30,241.0,22.0,,924.1,0.0,11.1,82.0,0.9,1.0
2026-09-25T22:00,281.0,21.0,0.0,924.1,0.0,10.0,90.4,0.3,1.7
2026-09-25T22:15,282.0,22.0,,924.1,0.0,10.1,86.3,0.3,1.3
2026-09-25T22:30,288.0,22.0,,924.3,0.0,10.4,83.5,1.0,1.3
2026-09-25T23:00,,,0.0,,,,,,
2026-09-25T23:15,126.0,22.0,,924.3,0.0,9.6,87.9,0.5,1.1
2026-09-25T23:30,167.0,22.0,,924.3,0.0,9.5,89.2,1.5,1.7
2026-09-26T00:00,177.0,21.0,0.0,924.2,0.0,10.0,86.6,0.6,1.7
2026-09-26T00:15,190.0,21.0,,924.2,0.0,9.3,88.6,0.4,1.4
2026-09-26T00:30,200.0,22.0,,924.3,0.0,9.3,89.4,0.9,1.1
2026-09-26T01:00,214.0,22.0,0.0,924.2,0.0,9.5,87.2,0.7,1.0
2026-09-26T01:15,328.0,22.0,,924.2,0.0,9.4,87.7,0.6,1.9
2026-09-26T01:30,234.0,21.0,,924.1,0.0,9.4,87.8,0.3,1.3
2026-09-26T02:00,317.0,22.0,0.0,924.1,0.0,8.9,90.9,0.3,1.4
2026-09-26T02:15,238.0,22.0,,924.1,0.0,8.4,94.6,0.5,1.0
2026-09-26T02:30,4.0,21.0,,924.2,0.0,9.3,89.0,0.2,0.8
2026-09-26T03:00,198.0,22.0,0.0,924.3,0.0,8.7,91.7,0.6,1.1
2026-09-26T03:15,15.0,22.0,,924.3,0.0,8.5,93.4,0.3,0.9
2026-09-26T03:30,202.0,22.0,,924.3,0.0,9.0,92.0,0.6,1.0
2026-09-26T04:00,123.0,22.0,0.0,924.2,0.0,8.9,91.0,0.1,0.6
2026-09-26T04:15,221.0,22.0,,924.1,0.0,9.0,91.9,0.4,0.7
2026-09-26T04:30,331.0,22.0,,924.1,0.0,9.0,91.9,0.7,0.7
2026-09-26T05:00,50.0,21.0,0.0,924.1,0.0,8.0,95.4,0.1,0.6
2026-09-26T05:15,325.0,22.0,,924.2,8.3,8.2,95.2,0.4,0.5
2026-09-26T05:30,233.0,21.0,,924.2,14.2,8.9,91.6,0.7,1.1
2026-09-26T06:00,136.0,21.0,0.0,924.5,29.1,8.2,93.6,0.3,0.8
2026-09-26T06:15,104.0,22.0,,924.7,145.2,8.7,92.8,0.8,1.1
2026-09-26T06:30,139.0,22.0,,924.7,227.4,9.3,89.4,1.2,1.7
2026-09-26T07:00,106.0,20.0,0.0,924.9,336.0,9.5,87.1,1.0,1.5
2026-09-26T07:15,102.0,17.0,,924.8,374.7,10.3,84.8,0.7,1.9
2026-09-26T07:30,88.0,18.0,,924.9,413.0,10.1,86.0,1.3,2.0
2026-09-26T08:00,105.0,17.0,0.0,925.0,488.6,11.6,80.8,1.5,1.7
2026-09-26T08:15,130.0,20.0,,925.0,526.2,11.9,78.1,0.8,2.0
2026-09-26T08:30,147.0,15.0,,920.0,558.3,12.3,76.9,1.1,2.4
2026-09-26T09:00,127.0,13.0,0.0,925.0,607.7,13.6,72.7,1.1,3.1
2026-09-26T09:15,108.0,13.0,,925.0,628.9,14.7,65.8,1.4,3.1
2026-09-26T09:30,81.0,13.0,,924.9,648.5,14.4,68.5,1.8,3.6
2026-09-26T10:00,109.0,11.0,0.0,924.9,680.1,15.7,63.5,2.5,3.2
2026-09-26T10:15,88.0,9.0,,925.0,687.9,16.5,63.8,1.6,2.8
2026-09-26T10:30,88.0,10.0,,925.0,697.2,16.6,60.6,1.5,3.3
2026-09-26T11:00,113.0,11.0,0.0,924.8,703.6,17.1,60.1,2.9,4.3
2026-09-26T11:15,121.0,10.0,,924.8,700.7,17.3,58.4,2.2,4.2
2026-09-26T11:30,125.0,12.0,,924.6,694.2,17.9,59.0,2.7,5.4
2026-09-26T12:00,96.0,11.0,0.0,924.2,672.1,18.1,55.8,2.3,4.3
2026-09-26T12:15,144.0,9.0,,924.1,651.7,18.0,57.5,2.3,3.8
2026-09-26T12:30,97.0,8.0,,924.0,632.9,18.2,57.3,1.2,4.2
2026-09-26T13:00,146.0,8.0,0.0,923.8,584.1,18.9,55.9,3.2,5.5
2026-09-26T13:15,147.0,9.0,,923.7,548.4,19.2,56.2,3.0,3.9
2026-09-26T13:30,114.0,6.0,,923.7,519.1,19.3,56.5,2.4,3.8
2026-09-26T14:00,152.0,8.0,0.0,923.7,452.1,19.3,55.3,2.1,3.5
2026-09-26T14:15,133.0,6.0,,923.8,409.8,19.7,52.5,0.9,2.9
2026-09-26T14:30,136.0,5.0,,923.8,373.5,19.1,55.4,0.7,2.6
2026-09-26T15:00,301.0,9.0,0.0,923.8,211.0,18.3,60.8,1.1,3.1
2026-09-26T15:15,327.0,11.0,,924.1,40.8,17.0,68.4,1.1,2.8
2026-09-26T15:30,308.0,11.0,,924.1,36.1,16.8,69.7,1.0,2.1
2026-09-26T16:00,137.0,11.0,0.0,924.6,25.9,16.7,69.5,0.3,1.3
2026-09-26T16:15,246.0,11.0,,924.6,20.8,16.6,69.5,0.6,1.2
2026-09-26T16:30,204.0,11.0,,924.6,14.9,16.1,71.7,0.8,1.4
2026-09-26T17:00,31.0,11.0,0.0,924.9,0.0,15.7,73.9,0.2,1.0
2026-09-26T17:15,35.0,12.0,,925.1,0.0,15.3,75.9,0.6,1.1
2026-09-26T17:30,318.0,12.0,,925.2,0.0,14.6,79.9,0.3,1.0
2026-09-26T18:00,59.0,12.0,0.0,925.6,0.0,14.3,80.4,0.3,1.0
2026-09-26T18:15,223.0,12.0,,925.6,0.0,14.3,79.5,0.9,1.6
2026-09-26T18:30,217.0,12.0,,925.8,0.0,13.9,80.4,1.3,1.4
2026-09-26T19:00,52.0,11.0,0.0,925.9,0.0,13.8,80.3,0.1,1.3
2026-09-26T19:15,204.0,12.0,,925.8,0.0,13.4,80.8,0.6,0.9
2026-09-26T19:30,174.0,12.0,,925.9,0.0,13.1,82.5,0.7,1.2
2026-09-26T20:00,249.0,12.0,0.0,926.2,0.0,13.0,77.3,0.2,1.4
2026-09-26T20:15,336.0,13.0,,926.3,0.0,12.6,80.6,0.1,1.0
2026-09-26T20:30,192.0,13.0,,926.3,0.0,12.6,83.5,0.2,0.8
2026-09-26T21:00,261.0,12.0,0.0,926.4,0.0,12.2,86.4,0.5,1.2
2026-09-26T21:15,186.0,13.0,,926.4,0.0,12.5,81.6,0.5,1.2
2026-09-26T21:30,171.0,13.0,,926.6,0.0,12.2,83.9,1.2,1.3
2026-09-26T22:00,216.0,13.0,0.0,926.6,0.0,11.8,82.7,0.2,1.5
2026-09-26T22:15,101.0,13.0,,926.6,0.0,11.6,84.0,0.1,0.6
2026-09-26T22:30,272.0,13.0,,926.6,0.0,11.3,85.7,0.3,0.5
2026-09-26T23:00,,,0.0,,,,,,
2026-09-26T23:15,230.0,12.0,,926.6,0.0,11.4,85.5,0.8,1.1
2026-09-26T23:30,252.0,11.0,,926.5,0.0,11.3,83.8,0.3,1.3
2026-09-27T00:00,296.0,12.0,0.0,926.5,0.0,10.8,83.2,0.4,0.7
2026-09-27T00:15,188.0,12.0,,926.5,0.0,10.7,85.5,0.1,0.9
2026-09-27T00:30,71.0,12.0,,926.4,0.0,10.6,85.9,0.2,0.9
2026-09-27T01:00,59.0,12.0,0.0,926.3,0.0,10.6,84.1,0.3,0.8
2026-09-27T01:15,312.0,12.0,,926.3,0.0,10.1,86.8,0.5,0.8
2026-09-27T01:30,174.0,12.0,,926.1,0.0,10.6,85.7,0.6,1.4
2026-09-27T02:00,311.0,13.0,,926.1,0.0,10.2,84.8,0.5,0.9
2026-09-27T02:15,168.0,12.0,,926.1,0.0,10.0,85.1,0.4,0.9
2026-09-27T02:30,197.0,12.0,,926.1,0.0,9.7,86.8,0.2,0.7
2026-09-27T03:00,142.0,10.0,0.0,925.8,0.0,10.3,85.5,0.3,1.1
2026-09-27T03:15,352.0,12.0,,925.7,0.0,10.0,84.4,0.2,1.1
2026-09-27T03:30,217.0,13.0,,925.7,0.0,9.4,86.2,0.7,1.0
2026-09-27T04:00,57.0,16.0,0.0,925.7,0.0,9.3,86.3,0.2,0.6
2026-09-27T04:15,193.0,15.0,,925.6,0.0,9.1,88.8,0.3,1.5
2026-09-27T04:30,98.0,16.0,,925.7,0.0,9.2,84.7,0.4,0.9
2026-09-27T05:00,176.0,15.0,0.0,925.7,0.0,9.3,83.2,0.5,1.0
2026-09-27T05:15,248.0,10.0,,925.8,6.8,9.5,82.0,0.9,1.0
2026-09-27T05:30,113.0,12.0,,925.8,13.0,9.4,82.4,0.4,1.0
2026-09-27T06:00,2.0,16.0,0.0,925.8,25.9,9.4,81.4,0.6,1.1
2026-09-27T06:15,263.0,16.0,,925.8,125.6,9.4,82.6,0.2,0.7
2026-09-27T06:30,58.0,9.0,,925.7,240.6,11.0,80.3,0.4,0.8
2026-09-27T07:00,94.0,11.0,0.0,920.7,328.8,10.9,82.0,0.7,1.2
2026-09-27T07:15,132.0,11.0,,925.6,372.3,11.6,77.5,1.1,1.3
2026-09-27T07:30,121.0,14.0,,925.6,412.1,12.3,75.7,0.9,1.6
2026-09-27T08:00,129.0,12.0,0.0,925.6,491.2,12.8,74.2,1.1,1.5
2026-09-27T08:15,175.0,14.0,,925.5,526.1,12.8,80.1,0.3,1.9
2026-09-27T08:30,119.0,14.0,,925.4,559.0,13.4,79.0,1.0,1.9
2026-09-27T09:00,128.0,10.0,0.0,925.5,608.0,14.4,71.0,0.7,2.4
2026-09-27T09:15,120.0,9.0,,925.3,629.2,15.7,65.9,1.9,2.4
2026-09-27T09:30,129.0,10.0,,925.3,649.9,16.1,64.2,2.0,2.5
2026-09-27T10:00,114.0,10.0,0.0,925.3,679.5,17.0,56.8,1.7,3.0
2026-09-27T10:15,137.0,11.0,,925.1,691.3,17.5,58.0,2.4,3.1
2026-09-27T10:30,125.0,13.0,,920.1,698.3,17.8,56.4,1.8,3.3
2026-09-27T11:00,131.0,12.0,0.0,924.8,704.2,18.6,53.3,2.0,4.3
2026-09-27T11:15,120.0,12.0,,924.7,702.3,18.9,52.0,2.8,3.9
2026-09-27T11:30,116.0,13.0,,924.7,697.8,19.1,47.9,3.8,4.5
2026-09-27T12:00,105.0,12.0,0.0,924.4,671.8,19.9,49.8,2.5,3.9
2026-09-27T12:15,154.0,12.0,,924.5,653.8,20.0,47.0,3.0,5.2
2026-09-27T12:30,134.0,10.0,,924.2,632.3,20.2,46.1,1.1,4.7
2026-09-27T13:00,179.0,10.0,0.0,923.9,581.5,20.8,40.6,0.5,3.1
2026-09-27T13:15,122.0,9.0,,924.1,553.4,20.6,44.2,1.0,3.8
2026-09-27T13:30,183.0,11.0,,924.0,522.0,20.8,42.0,1.6,4.3
2026-09-27T14:00,110.0,11.0,0.0,923.7,451.7,20.8,37.9,2.2,4.5
2026-09-27T14:15,248.0,12.0,,923.6,412.9,20.4,45.1,1.0,4.6
2026-09-27T14:30,321.0,12.0,,923.5,371.9,19.9,52.2,1.1,4.8
2026-09-27T15:00,272.0,12.0,0.0,918.7,172.5,18.9,55.4,0.9,2.3
2026-09-27T15:15,293.0,12.0,,918.9,38.4,18.4,58.0,1.3,1.4
2026-09-27T15:30,267.0,12.0,,923.8,34.5,18.3,57.3,1.2,1.8
2026-09-27T16:00,217.0,12.0,0.0,923.9,25.1,17.4,62.6,0.2,1.1
2026-09-27T16:15,231.0,10.0,,924.0,20.0,17.1,64.9,0.7,1.4
2026-09-27T16:30,275.0,9.0,,924.0,14.5,16.7,65.9,0.8,1.3
2026-09-27T17:00,226.0,8.0,0.0,924.4,0.0,16.3,68.1,0.8,1.7
2026-09-27T17:15,182.0,8.0,,919.5,0.0,15.7,70.6,0.9,1.5
2026-09-27T17:30,287.0,8.0,,924.6,0.0,15.3,72.5,0.8,1.0
2026-09-27T18:00,241.0,8.0,0.0,924.8,0.0,14.8,75.6,0.6,1.0
2026-09-27T18:15,194.0,7.0,,924.7,0.0,14.4,77.1,0.5,1.3
2026-09-27T18:30,226.0,7.0,,924.9,0.0,14.4,75.5,0.1,1.6
2026-09-27T19:00,190.0,7.0,0.0,925.2,0.0,13.9,77.4,1.1,1.3
2026-09-27T19:15,188.0,7.0,,925.3,0.0,13.5,79.6,0.9,1.5
2026-09-27T19:30,200.0,8.0,,925.2,0.0,13.5,78.9,0.7,1.4
2026-09-27T20:00,226.0,8.0,0.0,925.3,0.0,13.3,79.9,0.7,1.3
2026-09-27T20:15,262.0,8.0,,925.4,0.0,13.0,81.6,0.3,1.2
2026-09-27T20:30,165.0,9.0,,925.4,0.0,12.7,81.5,0.2,1.0
2026-09-27T21:00,224.0,8.0,0.0,925.7,0.0,12.7,82.4,0.8,1.4
2026-09-27T21:15,203.0,10.0,,925.8,0.0,12.4,83.3,0.1,0.9
2026-09-27T21:30,281.0,9.0,,925.8,0.0,12.5,82.1,0.3,0.7
2026-09-27T22:00,204.0,10.0,0.0,925.8,0.0,12.2,84.2,0.4,0.5
2026-09-27T22:15,193.0,11.0,,925.7,0.0,12.1,84.2,0.1,0.8
2026-09-27T22:30,135.0,16.0,,920.7,0.0,12.1,84.1,0.1,0.6
2026-09-27T23:00,,,0.0,,,,,,
2026-09-27T23:15,122.0,13.0,,925.4,0.0,11.6,85.8,0.5,0.7
2026-09-27T23:30,356.0,11.0,,925.6,0.0,11.6,85.4,0.7,1.6
2026-09-28T00:00,39.0,9.0,0.0,925.5,0.0,11.6,84.8,0.5,1.2
2026-09-28T00:15,273.0,9.0,,925.4,0.0,11.0,88.5,0.1,0.8
2026-09-28T00:30,266.0,11.0,,925.4,0.0,10.9,88.3,0.2,0.5
2026-09-28T01:00,52.0,14.0,0.0,925.3,0.0,10.8,89.1,0.4,0.6
2026-09-28T01:15,223.0,15.0,,925.2,0.0,11.1,87.9,0.4,0.7
2026-09-28T01:30,306.0,15.0,,925.1,0.0,10.7,88.7,0.3,0.7
2026-09-28T02:00,297.0,16.0,0.0,924.9,0.0,10.6,89.9,0.3,1.1
2026-09-28T02:15,240.0,17.0,,923.6,0.0,11.2,87.1,0.4,1.0
2026-09-28T02:30,329.0,17.0,,924.8,0.0,10.8,88.8,0.3,0.9
2026-09-28T03:00,276.0,17.0,0.0,919.6,0.0,10.5,91.1,0.4,0.9
2026-09-28T03:15,272.0,18.0,,924.5,0.0,10.2,91.5,0.4,0.7
2026-09-28T03:30,336.0,17.0,,924.4,0.0,10.8,89.3,0.2,1.1
2026-09-28T04:00,355.0,18.0,0.0,924.3,0.0,10.1,92.5,0.6,0.9
2026-09-28T04:15,72.0,17.0,,924.4,0.0,10.2,93.0,0.4,1.2
2026-09-28T04:30,232.0,6.0,,924.6,0.0,10.5,91.2,0.5,1.3
2026-09-28T05:00,117.0,15.0,0.0,924.6,0.0,10.0,93.2,0.5,1.0
2026-09-28T05:15,100.0,15.0,,924.6,8.0,10.0,92.7,0.4,1.0
2026-09-28T05:30,144.0,15.0,,924.6,14.9,10.0,93.1,0.2,0.8
2026-09-28T06:00,202.0,17.0,0.0,924.8,27.2,10.1,91.8,0.1,0.6
2026-09-28T06:15,226.0,23.0,,924.7,85.4,10.1,93.1,0.6,0.7
2026-09-28T06:30,136.0,23.0,,919.8,212.1,11.7,85.3,0.5,1.1
2026-09-28T07:00,133.0,17.0,0.0,924.7,333.8,12.4,82.5,0.5,1.0
2026-09-28T07:15,136.0,10.0,,924.5,367.6,12.7,81.3,0.6,1.2
2026-09-28T07:30,127.0,10.0,,919.7,399.6,12.4,83.4,1.4,1.5
2026-09-28T08:00,116.0,14.0,0.0,924.7,477.1,13.4,82.2,1.6,1.6
2026-09-28T08:15,144.0,15.0,,924.7,511.2,14.0,78.8,0.9,1.6
2026-09-28T08:30,125.0,14.0,,919.9,542.6,14.2,79.5,0.6,1.9
2026-09-28T09:00,130.0,15.0,0.0,919.7,593.2,15.3,75.0,1.4,2.2
2026-09-28T09:15,116.0,15.0,,924.7,613.0,15.6,73.8,1.1,2.4
2026-09-28T09:30,139.0,13.0,,919.8,633.4,16.3,70.7,2.0,2.3
2026-09-28T10:00,135.0,15.0,0.0,924.7,664.7,17.6,63.9,1.6,3.0
2026-09-28T10:15,122.0,16.0,,924.8,676.0,17.6,61.6,2.4,3.7
2026-09-28T10:30,152.0,14.0,,924.7,685.4,18.5,63.3,2.0,3.4
2026-09-28T11:00,91.0,13.0,0.0,924.7,691.5,19.0,59.6,2.4,3.8
2026-09-28T11:15,143.0,13.0,,924.6,687.0,18.7,59.8,2.0,3.8
2026-09-28T11:30,103.0,13.0,,924.5,676.7,19.2,58.2,1.2,3.8
2026-09-28T12:00,98.0,12.0,0.0,924.3,652.4,19.9,57.5,1.7,4.0
2026-09-28T12:15,124.0,12.0,,924.2,636.2,20.1,56.1,4.6,5.0
2026-09-28T12:30,126.0,14.0,,924.1,612.3,20.1,56.8,1.4,4.9
2026-09-28T13:00,113.0,14.0,0.0,924.0,565.6,20.5,55.4,2.5,4.6
2026-09-28T13:15,136.0,14.0,,923.9,535.3,20.6,55.1,3.2,4.0
2026-09-28T13:30,129.0,12.0,,923.9,503.4,20.6,54.1,2.0,4.0
2026-09-28T14:00,110.0,10.0,0.0,923.9,431.7,20.7,55.5,0.9,3.8
2026-09-28T14:15,95.0,11.0,,923.8,395.7,20.7,56.8,2.0,3.4
2026-09-28T14:30,76.0,10.0,,923.9,357.4,20.2,58.3,1.1,3.2
2026-09-28T15:00,224.0,12.0,0.0,923.8,87.2,20.0,59.8,0.2,2.2
2026-09-28T15:15,248.0,13.0,,923.9,41.2,19.4,62.1,0.5,1.3
2026-09-28T15:30,225.0,13.0,,924.1,37.3,18.9,63.8,0.9,1.4
2026-09-28T16:00,229.0,13.0,0.0,924.3,27.1,18.0,67.0,1.1,1.9
2026-09-28T16:15,296.0,13.0,,924.4,20.4,17.5,70.5,0.4,1.9
2026-09-28T16:30,218.0,13.0,,924.4,14.9,17.4,68.9,0.8,1.8
2026-09-28T17:00,244.0,13.0,0.0,924.7,0.0,16.3,74.2,0.6,1.6
2026-09-28T17:15,330.0,13.0,,919.8,0.0,16.1,75.9,0.6,1.9
2026-09-28T17:30,141.0,10.0,,924.9,0.0,16.0,73.2,1.0,2.3
2026-09-28T18:00,261.0,14.0,0.0,920.2,0.0,15.1,75.4,1.0,2.2
2026-09-28T18:15,205.0,16.0,,925.2,0.0,15.1,74.7,1.9,2.1
2026-09-28T18:30,232.0,14.0,,925.5,0.0,15.2,73.5,1.0,2.2
2026-09-28T18:45,,7.0,,,,,,,
2026-09-28T19:00,155.0,13.0,0.0,925.5,0.0,14.7,75.2,1.5,2.1
2026-09-28T19:15,205.0,,,925.5,0.0,14.7,74.1,1.1,2.1
2026-09-28T19:30,192.0,16.0,,925.5,0.0,14.1,78.2,0.9,2.2
2026-09-28T19:45,,15.0,,,,,,,
2026-09-28T20:00,173.0,9.0,0.0,925.8,0.0,14.5,73.5,0.7,2.2
2026-09-28T20:15,193.0,,,926.1,0.0,14.2,75.7,1.0,2.1
2026-09-28T20:30,303.0,13.0,,925.9,0.0,14.0,76.9,0.4,2.0
2026-09-28T20:45,,12.0,,,,,,,
2026-09-28T21:00,182.0,,0.0,926.1,0.0,13.6,78.8,0.9,1.6
2026-09-28T21:15,212.0,,,926.1,0.0,13.3,81.1,0.8,1.5
2026-09-28T21:30,127.0,14.0,,926.2,0.0,13.2,80.8,0.9,1.3
2026-09-28T22:00,341.0,18.0,0.0,926.5,0.0,12.9,81.9,0.2,1.0
2026-09-28T22:15,237.0,17.0,,921.3,0.0,12.9,81.7,0.5,1.2
2026-09-28T22:30,106.0,15.0,,926.3,0.0,12.6,82.5,0.4,1.1
2026-09-28T23:00,,,0.0,,,,,,
2026-09-28T23:15,225.0,10.0,,926.4,0.0,12.2,83.9,0.2,0.8
2026-09-28T23:30,23.0,8.0,,926.5,0.0,12.2,83.8,0.1,0.7
2026-09-29T00:00,341.0,6.0,0.0,926.6,0.0,11.9,85.1,0.1,0.7
2026-09-29T00:15,201.0,7.0,,922.9,0.0,12.3,82.6,0.6,1.2
2026-09-29T00:30,147.0,9.0,,926.5,0.0,12.1,83.3,0.3,1.2
2026-09-29T01:00,59.0,10.0,0.0,926.6,0.0,11.8,84.6,0.1,0.5
2026-09-29T01:15,222.0,11.0,,926.4,0.0,11.4,87.0,0.3,1.0
2026-09-29T01:30,273.0,12.0,,926.5,0.0,11.6,86.3,0.3,1.0
2026-09-29T02:00,227.0,13.0,0.0,926.4,0.0,11.5,86.2,0.7,1.1
2026-09-29T02:15,312.0,12.0,,926.5,0.0,11.1,87.6,0.5,1.0
2026-09-29T02:30,98.0,12.0,,926.6,0.0,11.1,87.1,0.2,0.7
2026-09-29T03:00,273.0,12.0,0.0,926.5,0.0,11.1,87.1,0.2,0.8
2026-09-29T03:15,212.0,12.0,,926.5,0.0,10.7,88.9,0.1,0.6
2026-09-29T03:30,116.0,11.0,,926.4,0.0,10.9,88.7,0.3,0.8
2026-09-29T04:00,246.0,11.0,0.0,926.5,0.0,10.9,88.2,0.4,0.5
2026-09-29T04:15,109.0,3.0,,921.2,0.0,10.8,88.5,0.3,0.9
2026-09-29T04:30,194.0,3.0,,926.1,0.0,10.9,87.6,0.7,1.1
2026-09-29T05:00,90.0,3.0,0.0,926.2,0.0,10.5,90.2,0.2,0.6
2026-09-29T05:15,95.0,5.0,,926.3,6.7,10.8,88.3,0.6,0.7
2026-09-29T05:30,198.0,11.0,,926.3,13.4,10.7,89.2,1.1,1.1
2026-09-29T06:00,4.0,4.0,0.0,926.5,29.5,10.4,90.1,0.5,0.6
2026-09-29T06:15,27.0,14.0,,921.5,59.5,10.6,90.8,0.1,0.8
2026-09-29T06:30,90.0,17.0,,926.4,185.7,12.3,82.1,0.4,0.7
2026-09-29T07:00,156.0,18.0,0.0,926.6,295.7,12.2,82.3,0.8,1.5
2026-09-29T07:15,136.0,17.0,,926.4,335.0,12.1,83.1,1.1,1.2
2026-09-29T07:30,134.0,12.0,,926.3,375.4,12.9,81.0,0.7,1.3
2026-09-29T08:00,152.0,15.0,0.0,926.4,452.1,13.2,80.8,0.8,1.9
2026-09-29T08:15,107.0,16.0,,926.4,487.7,13.5,78.7,1.9,2.3
2026-09-29T08:30,145.0,14.0,,926.4,521.0,13.4,80.1,1.7,3.0
2026-09-29T09:00,131.0,13.0,0.0,926.3,575.0,15.4,71.1,2.4,3.1
2026-09-29T09:15,148.0,13.0,,926.3,592.0,16.3,65.5,0.9,3.2
2026-09-29T09:30,132.0,14.0,,926.4,616.9,16.7,65.0,2.1,3.7
2026-09-29T10:00,104.0,14.0,0.0,926.4,643.3,17.7,63.0,1.0,3.2
2026-09-29T10:15,109.0,14.0,,926.2,661.9,19.0,56.2,2.4,4.5
2026-09-29T10:30,120.0,13.0,,926.2,670.8,18.9,58.5,2.9,4.1
2026-09-29T11:00,103.0,13.0,0.0,926.2,675.9,19.3,55.3,2.8,4.3
2026-09-29T11:15,148.0,13.0,,926.2,677.1,19.3,55.8,2.0,4.8
2026-09-29T11:30,135.0,12.0,,926.2,673.5,19.9,52.9,2.7,4.2
2026-09-29T12:00,103.0,12.0,0.0,926.1,645.8,20.0,53.7,2.0,3.8
2026-09-29T12:15,93.0,13.0,,926.1,633.1,19.5,55.9,2.8,5.2
2026-09-29T12:30,112.0,13.0,,926.0,617.0,19.5,58.1,2.3,4.7
2026-09-29T13:00,115.0,13.0,0.0,925.9,572.3,19.8,56.6,2.8,3.9
2026-09-29T13:15,76.0,13.0,,926.0,532.2,19.8,54.1,2.2,3.9
2026-09-29T13:30,156.0,12.0,,926.1,534.1,20.3,53.9,0.8,4.3
2026-09-29T14:00,75.0,13.0,0.0,926.2,196.0,19.6,53.2,2.1,3.9
2026-09-29T14:15,12.0,15.0,,926.2,127.4,19.4,51.5,1.6,3.3
2026-09-29T14:30,27.0,13.0,,926.2,108.7,19.4,51.3,0.9,3.8
2026-09-29T15:00,1.0,12.0,0.0,926.4,129.1,19.0,51.0,1.1,4.5
2026-09-29T15:15,45.0,13.0,,926.4,102.1,18.9,50.9,4.0,4.9
2026-09-29T15:30,156.0,14.0,,926.4,86.9,18.9,51.4,1.1,5.2
2026-09-29T16:00,50.0,13.0,0.0,926.7,42.1,18.4,52.7,1.2,3.9
2026-09-29T16:15,58.0,11.0,,926.8,30.6,18.3,51.2,2.4,4.9
2026-09-29T16:30,55.0,8.0,,926.8,14.1,18.0,52.1,1.7,3.6
2026-09-29T17:00,6.0,7.0,0.0,927.2,0.0,18.0,50.8,2.6,4.8
2026-09-29T17:15,25.0,6.0,,927.2,0.0,17.8,51.0,2.0,5.4
2026-09-29T17:30,357.0,6.0,,927.3,0.0,17.8,49.8,0.5,4.7
2026-09-29T18:00,357.0,6.0,0.0,927.4,0.0,17.5,51.5,2.4,4.9
2026-09-29T18:15,320.0,8.0,,927.4,0.0,17.5,51.0,1.0,3.8
2026-09-29T18:30,335.0,8.0,,927.5,0.0,17.4,51.8,2.5,3.6
2026-09-29T19:00,102.0,8.0,0.0,922.6,0.0,17.3,52.2,0.6,3.7
2026-09-29T19:15,25.0,7.0,,927.5,0.0,17.1,53.4,2.9,3.7
2026-09-29T19:30,79.0,6.0,,927.7,0.0,16.4,59.5,1.6,3.4
2026-09-29T20:00,174.0,7.0,0.0,927.8,0.0,15.7,62.9,0.9,2.1
2026-09-29T20:15,252.0,7.0,,927.8,0.0,15.5,64.5,1.1,1.8
2026-09-29T20:30,224.0,8.0,,927.8,0.0,15.8,62.3,1.6,1.7
2026-09-29T21:00,171.0,8.0,0.0,927.8,0.0,15.5,64.6,1.1,2.1
2026-09-29T21:15,233.0,7.0,,927.8,0.0,15.5,64.4,0.5,2.0
2026-09-29T21:30,157.0,8.0,,927.8,0.0,15.3,69.0,0.3,1.4
2026-09-29T22:00,229.0,8.0,0.0,927.8,0.0,15.3,66.6,0.3,0.9
2026-09-29T22:15,231.0,9.0,,927.8,0.0,15.1,66.6,0.6,1.7
2026-09-29T22:30,331.0,7.0,,927.8,0.0,15.0,68.2,0.3,0.8
2026-09-29T23:00,,,0.0,,,,,,
2026-09-29T23:15,251.0,24.0,,927.8,0.0,14.9,68.9,0.9,1.7
2026-09-29T23:30,178.0,24.0,,927.8,0.0,14.8,71.9,0.7,1.2
2026-09-30T00:00,183.0,21.0,0.0,927.8,0.0,14.5,70.8,0.8,1.2
2026-09-30T00:15,178.0,20.0,,922.8,0.0,14.5,71.6,0.9,0.9
2026-09-30T00:30,179.0,21.0,,922.8,0.0,14.5,70.8,0.7,1.0
2026-09-30T01:00,164.0,12.0,0.0,927.6,0.0,14.2,74.9,0.1,0.9
2026-09-30T01:15,139.0,11.0,,927.7,0.0,14.3,72.7,0.3,0.5
2026-09-30T01:30,5.0,11.0,,927.4,0.0,14.0,74.9,0.4,0.6
2026-09-30T02:00,203.0,15.0,0.0,927.3,0.0,13.8,77.2,0.0,1.2
2026-09-30T02:15,108.0,16.0,,927.3,0.0,13.6,78.3,0.1,0.5
2026-09-30T02:30,46.0,17.0,,927.2,0.0,13.7,75.3,0.1,1.4
2026-09-30T03:00,283.0,17.0,0.0,927.1,0.0,13.7,73.8,0.5,0.8
2026-09-30T03:15,289.0,17.0,,927.1,0.0,13.6,75.9,0.5,0.7
2026-09-30T03:30,268.0,17.0,,927.0,0.0,13.6,76.2,0.5,0.7
2026-09-30T04:00,224.0,17.0,0.0,922.0,0.0,13.5,76.3,0.5,0.7
2026-09-30T04:15,4.0,17.0,,927.0,0.0,13.3,78.5,0.3,1.1
2026-09-30T04:30,175.0,16.0,,927.0,0.0,13.1,80.0,0.7,0.9
2026-09-30T05:00,210.0,16.0,0.0,927.0,0.0,13.2,77.6,0.4,0.6
2026-09-30T05:15,243.0,16.0,,927.2,4.3,13.0,81.5,0.3,1.0
2026-09-30T05:30,195.0,16.0,,927.2,12.6,13.0,80.4,0.4,0.7
2026-09-30T06:00,347.0,15.0,0.0,927.4,34.5,13.2,79.5,0.3,0.7
2026-09-30T06:15,132.0,16.0,,927.6,43.6,13.2,85.6,0.3,0.6
2026-09-30T06:30,293.0,16.0,,927.6,59.8,13.2,83.9,0.1,0.8
2026-09-30T07:00,157.0,15.0,0.0,922.7,94.6,13.5,86.5,0.1,0.8
2026-09-30T07:15,93.0,15.0,,927.6,108.1,13.7,86.9,0.4,0.9
2026-09-30T07:30,149.0,15.0,,927.6,127.6,13.7,86.6,0.7,1.0
2026-09-30T08:00,124.0,15.0,0.0,927.8,142.1,14.3,82.6,1.0,1.1
2026-09-30T08:15,155.0,14.0,,927.8,161.3,14.4,83.1,0.5,1.7
2026-09-30T08:30,128.0,14.0,,927.8,174.3,14.7,79.7,0.8,1.6
2026-09-30T09:00,153.0,11.0,0.0,927.8,203.8,15.3,71.2,1.0,2.1
2026-09-30T09:15,97.0,14.0,,927.7,233.4,15.5,72.4,1.0,2.3
2026-09-30T09:30,133.0,13.0,,927.7,253.1,15.6,70.9,1.2,1.9
2026-09-30T10:00,154.0,12.0,0.0,927.6,279.5,16.1,67.3,1.2,2.5
2026-09-30T10:15,150.0,10.0,,927.6,298.3,16.4,65.1,1.8,2.6
2026-09-30T10:30,154.0,10.0,,927.5,323.6,16.6,62.9,0.4,2.5
2026-09-30T11:00,86.0,10.0,0.0,927.3,338.1,16.9,60.3,0.6,2.4
2026-09-30T11:15,79.0,10.0,,922.2,400.7,17.0,61.2,1.1,2.3
2026-09-30T11:30,120.0,10.0,,927.0,398.4,17.5,58.0,1.9,2.1
2026-09-30T12:00,94.0,11.0,0.0,922.1,310.2,17.8,57.2,1.6,2.6
2026-09-30T12:15,76.0,9.0,,922.0,310.2,17.9,54.8,1.0,2.5
2026-09-30T12:30,85.0,8.0,,924.3,314.1,18.0,51.1,1.7,2.8
2026-09-30T13:00,117.0,8.0,0.0,926.9,302.4,18.3,46.5,1.3,3.0
2026-09-30T13:15,135.0,10.0,,926.9,294.1,18.4,40.9,2.0,3.0
2026-09-30T13:30,53.0,9.0,,921.9,249.5,18.2,44.0,1.6,3.3
2026-09-30T14:00,79.0,6.0,0.0,922.0,322.3,18.4,45.5,1.1,3.0
2026-09-30T14:15,118.0,6.0,,921.9,524.3,18.8,47.3,2.6,3.1
2026-09-30T14:30,123.0,5.0,,926.9,436.5,18.5,51.5,1.7,2.9
2026-09-30T15:00,189.0,10.0,0.0,926.7,137.7,18.1,50.5,1.9,2.3
2026-09-30T15:15,158.0,10.0,,926.8,123.9,17.5,59.5,1.0,2.2
2026-09-30T15:30,145.0,13.0,,926.8,104.1,17.3,59.7,0.5,1.7
2026-09-30T16:00,357.0,10.0,0.0,921.9,52.4,17.1,62.6,0.6,1.1
2026-09-30T16:15,198.0,8.0,,926.8,31.8,16.7,63.9,0.8,1.4
2026-09-30T16:30,280.0,8.0,,926.9,16.6,16.5,64.6,0.9,1.2
2026-09-30T17:00,270.0,8.0,0.0,927.0,0.0,15.8,68.5,0.2,1.1
2026-09-30T17:15,185.0,8.0,,927.1,0.0,15.4,71.4,0.1,1.3
2026-09-30T17:30,224.0,8.0,,927.2,0.0,15.2,72.6,0.3,1.1
2026-09-30T18:00,192.0,11.0,0.0,927.2,0.0,14.8,73.9,0.6,1.2
2026-09-30T18:15,236.0,11.0,,922.4,0.0,14.8,73.3,0.5,1.0
2026-09-30T18:30,214.0,12.0,,927.4,0.0,14.4,77.1,0.6,1.1
2026-09-30T19:00,234.0,10.0,0.0,927.4,0.0,14.4,74.7,0.4,1.3
2026-09-30T19:15,183.0,11.0,,927.5,0.0,14.1,77.6,0.5,1.1
2026-09-30T19:30,192.0,12.0,,922.6,0.0,14.0,77.2,0.3,0.9
2026-09-30T20:00,245.0,9.0,0.0,922.7,0.0,14.2,75.5,0.8,1.0
2026-09-30T20:15,170.0,9.0,,927.6,0.0,14.1,78.2,0.3,0.9
2026-09-30T20:30,40.0,10.0,,927.6,0.0,13.7,81.5,0.1,0.6
2026-09-30T21:00,212.0,9.0,0.0,927.4,0.0,14.1,75.6,0.9,1.0
2026-09-30T21:15,109.0,8.0,,922.5,0.0,13.8,80.5,0.6,1.1
2026-09-30T21:30,128.0,8.0,,927.5,0.0,13.4,82.4,0.2,1.1
2026-09-30T22:00,221.0,8.0,0.0,927.4,0.0,13.7,78.4,0.9,1.2
2026-09-30T22:15,265.0,8.0,,922.3,0.0,13.9,78.5,0.3,1.4
2026-09-30T22:30,94.0,8.0,,922.2,0.0,13.8,80.5,0.5,0.8
2026-09-30T23:00,,,0.0,,,,,,
2026-09-30T23:15,121.0,9.0,,927.1,0.0,13.5,82.9,0.4,1.1
2026-09-30T23:30,195.0,9.0,,927.0,0.0,13.5,80.7,0.5,1.0
2026-10-01T00:00,272.0,9.0,0.0,922.0,0.0,13.3,82.4,1.1,1.5
2026-10-01T00:15,60.0,9.0,,927.0,0.0,13.6,82.3,0.4,1.3
2026-10-01T00:30,204.0,9.0,,927.0,0.0,13.4,81.1,0.1,0.5
2026-10-01T01:00,271.0,9.0,0.0,926.9,0.0,13.4,80.9,0.4,0.9
2026-10-01T01:15,340.0,9.0,,926.8,0.0,13.2,84.9,0.2,0.7
2026-10-01T01:30,0.0,9.0,,926.7,0.0,13.2,84.3,0.1,0.6
2026-10-01T02:00,219.0,10.0,0.0,926.7,0.0,13.1,84.1,0.2,1.0
2026-10-01T02:15,211.0,13.0,,921.7,0.0,13.1,83.4,0.7,0.8
2026-10-01T02:30,236.0,14.0,,926.6,0.0,13.1,83.6,0.2,1.0
2026-10-01T03:00,192.0,15.0,0.0,926.7,0.0,13.3,81.5,0.7,1.4
2026-10-01T03:15,48.0,15.0,,921.8,0.0,12.9,86.1,0.2,1.3
2026-10-01T03:30,164.0,15.0,,926.8,0.0,13.0,83.5,0.3,1.2
2026-10-01T04:00,227.0,15.0,0.0,926.9,0.0,12.5,83.0,1.0,1.0
2026-10-01T04:15,175.0,14.0,,926.9,0.0,12.3,84.6,0.8,1.3
2026-10-01T04:30,230.0,14.0,,927.0,0.0,12.5,82.9,1.1,1.5
2026-10-01T05:00,233.0,15.0,0.0,922.0,0.0,12.2,86.4,0.8,1.2
2026-10-01T05:15,180.0,17.0,,927.0,6.7,11.8,87.6,0.3,1.6
2026-10-01T05:30,164.0,14.0,,927.0,17.3,11.7,85.7,0.7,0.9
2026-10-01T06:00,119.0,12.0,0.0,927.3,36.5,11.8,83.3,0.1,0.7
2026-10-01T06:15,195.0,14.0,,927.4,45.5,11.8,84.1,0.2,0.9
2026-10-01T06:30,137.0,22.0,,922.4,108.4,11.9,82.6,0.8,1.0
2026-10-01T07:00,79.0,15.0,0.0,927.1,316.7,13.3,77.5,1.0,1.2
2026-10-01T07:15,163.0,13.0,,927.2,211.6,13.0,78.1,0.7,1.2
2026-10-01T07:30,152.0,12.0,,927.0,458.0,13.5,77.7,0.1,1.3
2026-10-01T08:00,125.0,13.0,0.0,927.0,330.7,13.8,75.4,0.9,1.9
2026-10-01T08:15,168.0,13.0,,927.3,218.3,14.2,73.9,0.5,2.0
2026-10-01T08:30,96.0,13.0,,927.1,450.2,14.6,77.7,0.8,1.8
2026-10-01T09:00,142.0,13.0,0.0,922.1,578.0,16.4,66.8,2.0,3.3
2026-10-01T09:15,150.0,10.0,,927.1,608.7,16.5,65.0,2.3,3.7
2026-10-01T09:30,144.0,11.0,,927.1,632.1,17.2,61.6,1.8,2.9
2026-10-01T10:00,104.0,10.0,0.0,927.1,678.3,18.6,54.8,1.7,4.3
2026-10-01T10:15,102.0,11.0,,927.2,829.5,19.0,48.2,3.3,4.7
2026-10-01T10:30,92.0,11.0,,921.9,817.4,19.6,48.9,2.8,5.0
2026-10-01T11:00,103.0,9.0,0.0,921.9,355.9,19.6,47.5,3.8,4.6
2026-10-01T11:15,124.0,10.0,,926.8,250.9,19.3,49.2,3.5,4.4
2026-10-01T11:30,109.0,10.0,,926.6,692.4,19.8,47.5,2.6,3.5
2026-10-01T12:00,84.0,10.0,0.0,926.4,712.6,20.1,47.0,1.3,3.9
2026-10-01T12:15,113.0,9.0,,921.3,732.1,19.9,46.6,1.8,4.0
2026-10-01T12:30,158.0,8.0,,921.3,523.7,20.4,43.4,0.8,4.8
2026-10-01T13:00,173.0,8.0,0.0,926.2,478.3,20.5,45.7,1.3,3.7
2026-10-01T13:15,258.0,10.0,,926.2,420.3,20.2,44.6,0.7,4.3
2026-10-01T13:30,159.0,11.0,,926.0,475.6,20.4,46.1,1.4,3.1
2026-10-01T14:00,225.0,10.0,0.0,926.1,407.1,20.1,45.6,0.9,4.4
2026-10-01T14:15,113.0,9.0,,926.2,294.7,20.4,45.1,0.5,3.8
2026-10-01T14:30,305.0,9.0,,926.3,317.2,20.3,46.6,0.9,2.7
2026-10-01T15:00,264.0,9.0,0.0,926.4,134.4,19.8,49.6,0.3,2.5
2026-10-01T15:15,140.0,11.0,,926.4,105.6,19.2,53.1,1.2,1.8
2026-10-01T15:30,136.0,12.0,,926.5,81.3,19.1,55.2,0.5,1.9
2026-10-01T16:00,224.0,13.0,0.0,926.8,43.2,18.2,58.0,1.0,2.1
2026-10-01T16:15,225.0,13.0,,927.0,29.4,17.9,57.2,1.1,1.4
2026-10-01T16:30,225.0,13.0,,927.2,15.3,17.3,61.7,0.2,1.4
2026-10-01T17:00,216.0,13.0,0.0,927.4,0.0,16.4,65.7,0.6,1.4
2026-10-01T17:15,151.0,13.0,,927.6,0.0,16.1,64.3,1.0,1.5
2026-10-01T17:30,216.0,13.0,,927.7,0.0,15.6,67.5,0.5,1.5
2026-10-01T18:00,115.0,14.0,0.0,923.0,0.0,14.9,68.7,0.4,1.6
2026-10-01T18:15,204.0,14.0,,928.0,0.0,14.8,68.4,1.1,2.0
2026-10-01T18:30,240.0,14.0,,923.2,0.0,14.7,67.2,0.5,1.9
2026-10-01T19:00,195.0,18.0,0.0,923.4,0.0,14.2,68.5,1.1,2.1
2026-10-01T19:15,235.0,17.0,,928.5,0.0,14.0,69.3,0.5,1.5
2026-10-01T19:30,237.0,17.0,,928.5,0.0,14.1,67.9,1.0,1.6
2026-10-01T20:00,216.0,17.0,0.0,928.8,0.0,13.8,69.5,0.5,1.5
2026-10-01T20:15,223.0,16.0,,928.9,0.0,13.7,69.3,0.5,1.5
2026-10-01T20:30,215.0,17.0,,928.9,0.0,13.5,69.6,0.9,1.3
2026-10-01T21:00,187.0,12.0,0.0,928.9,0.0,12.7,73.4,1.0,1.5
2026-10-01T21:15,202.0,13.0,,928.9,0.0,13.0,72.5,1.0,1.8
2026-10-01T21:30,210.0,14.0,,924.0,0.0,12.6,74.4,0.6,1.4
2026-10-01T22:00,251.0,14.0,0.0,929.0,0.0,12.3,75.5,0.1,1.0
2026-10-01T22:15,191.0,16.0,,929.0,0.0,12.4,74.1,0.2,1.1
2026-10-01T22:30,221.0,13.0,,924.0,0.0,12.6,73.5,0.2,1.1
2026-10-01T23:00,,,0.0,,,,,,
2026-10-01T23:15,69.0,12.0,,929.1,0.0,12.1,75.8,0.4,0.9
2026-10-01T23:30,252.0,13.0,,929.1,0.0,11.9,77.0,0.3,0.7
2026-10-02T00:00,271.0,17.0,0.0,929.2,0.0,12.1,76.0,0.3,1.0
2026-10-02T00:15,308.0,18.0,,929.1,0.0,11.7,78.3,0.2,1.2
2026-10-02T00:30,259.0,15.0,,929.1,0.0,11.7,77.9,0.2,1.0
2026-10-02T01:00,167.0,14.0,0.0,929.2,0.0,11.4,79.1,0.6,1.2
2026-10-02T01:15,324.0,12.0,,924.2,0.0,11.4,79.7,0.3,0.8
2026-10-02T01:30,30.0,12.0,,929.2,0.0,11.5,78.2,0.1,0.8
2026-10-02T02:00,182.0,12.0,0.0,929.3,0.0,11.1,80.2,0.2,1.3
2026-10-02T02:15,162.0,12.0,,929.3,0.0,11.3,79.9,0.4,1.0
2026-10-02T02:30,148.0,12.0,,929.3,0.0,11.2,77.8,0.3,0.6
2026-10-02T03:00,24.0,12.0,0.0,929.2,0.0,10.7,82.2,0.3,0.6
2026-10-02T03:15,97.0,12.0,,929.3,0.0,10.7,82.8,0.3,1.1
2026-10-02T03:30,243.0,13.0,,924.3,0.0,10.8,80.1,0.8,0.9
2026-10-02T04:00,289.0,12.0,0.0,929.3,0.0,10.3,82.7,0.5,0.8
2026-10-02T04:15,346.0,12.0,,929.4,0.0,10.5,80.5,0.3,1.0
2026-10-02T04:30,218.0,12.0,,929.4,0.0,10.6,77.7,0.4,1.3
2026-10-02T05:00,0.0,13.0,0.0,929.6,5.2,10.5,79.0,0.2,1.2
2026-10-02T05:15,229.0,13.0,,929.6,4.4,11.6,69.1,0.6,1.1
2026-10-02T05:30,222.0,12.0,,929.7,24.0,10.3,75.6,0.5,1.3
2026-10-02T06:00,342.0,13.0,0.0,929.9,92.5,11.0,77.2,0.1,0.7
2026-10-02T06:15,177.0,12.0,,929.9,117.9,11.1,80.2,0.2,0.7
2026-10-02T06:30,160.0,12.0,,930.0,126.8,11.2,77.4,0.1,0.9
2026-10-02T07:00,100.0,12.0,0.0,930.3,188.2,11.6,75.8,0.7,1.6
2026-10-02T07:15,150.0,13.0,,930.1,378.2,12.2,68.4,1.5,1.6
2026-10-02T07:30,123.0,13.0,,930.3,285.8,12.6,67.5,0.6,1.5
2026-10-02T08:00,109.0,12.0,0.0,925.5,520.5,14.0,70.3,1.7,1.9
2026-10-02T08:15,186.0,13.0,,930.5,544.9,14.1,71.5,0.4,2.5
2026-10-02T08:30,99.0,11.0,,930.5,620.5,15.2,66.7,1.0,2.4
2026-10-02T09:00,126.0,13.0,0.0,925.5,595.8,15.7,61.5,1.0,2.1
2026-10-02T09:15,99.0,13.0,,925.5,499.1,16.0,65.3,2.1,2.9
2026-10-02T09:30,77.0,14.0,,925.6,510.4,16.1,65.3,0.9,2.7
2026-10-02T10:00,91.0,12.0,0.0,930.4,644.8,16.9,61.0,2.0,3.0
2026-10-02T10:15,125.0,10.0,,930.4,604.3,17.2,56.4,1.7,3.6
2026-10-02T10:30,118.0,9.0,,930.3,672.4,17.4,54.7,2.2,4.1
2026-10-02T11:00,144.0,10.0,0.0,930.4,671.6,18.5,54.3,3.3,4.3
2026-10-02T11:15,101.0,9.0,,930.1,680.6,18.8,50.7,4.3,5.0
2026-10-02T11:30,139.0,8.0,,930.1,618.7,19.1,51.1,3.4,4.5
2026-10-02T12:00,100.0,8.0,0.0,929.8,573.9,19.2,53.0,1.9,4.4
2026-10-02T12:15,142.0,8.0,,929.8,582.1,19.3,53.2,2.9,4.5
2026-10-02T12:30,165.0,9.0,,929.8,623.3,20.0,50.0,0.7,3.7
2026-10-02T13:00,102.0,9.0,0.0,929.7,535.8,19.9,49.9,2.5,4.9
2026-10-02T13:15,158.0,8.0,,929.7,474.8,20.0,48.2,3.1,4.4
2026-10-02T13:30,146.0,5.0,,929.6,494.2,20.3,47.9,2.7,3.8
2026-10-02T14:00,156.0,5.0,0.0,924.6,399.7,19.8,50.5,2.2,4.1
2026-10-02T14:15,122.0,7.0,,929.6,379.3,19.8,50.3,2.1,4.1
2026-10-02T14:30,105.0,7.0,,924.7,338.6,19.4,54.0,2.8,3.8
2026-10-02T15:00,277.0,7.0,0.0,929.8,55.4,19.1,48.2,0.8,1.8
2026-10-02T15:15,221.0,6.0,,929.9,44.0,18.4,51.8,1.2,2.1
2026-10-02T15:30,204.0,6.0,,930.0,36.9,17.8,57.2,1.2,1.7
2026-10-02T16:00,238.0,7.0,0.0,930.2,24.8,16.8,59.1,1.5,2.5
2026-10-02T16:15,102.0,12.0,,930.3,18.1,16.7,58.0,0.7,2.3
2026-10-02T16:30,237.0,13.0,,930.4,11.4,16.7,56.1,1.6,1.6
2026-10-02T17:00,285.0,14.0,0.0,930.6,0.0,15.3,60.9,0.1,1.5
2026-10-02T17:15,197.0,14.0,,930.6,0.0,15.0,61.3,1.1,1.4
2026-10-02T17:30,312.0,14.0,,930.7,0.0,14.8,61.6,0.3,1.5
2026-10-02T18:00,159.0,14.0,0.0,930.8,0.0,13.9,62.4,0.7,1.7
2026-10-02T18:15,215.0,14.0,,930.8,0.0,13.8,61.5,0.6,1.7
2026-10-02T18:30,212.0,14.0,,930.9,0.0,13.6,62.8,0.8,1.7
2026-10-02T19:00,242.0,14.0,0.0,926.0,0.0,12.9,65.5,0.7,1.9
2026-10-02T19:15,315.0,14.0,,931.1,0.0,12.5,67.5,0.2,2.0
2026-10-02T19:30,244.0,14.0,,926.2,0.0,12.7,65.9,0.7,1.5
2026-10-02T20:00,86.0,14.0,0.0,931.3,0.0,12.5,67.0,0.4,1.6
2026-10-02T20:15,266.0,15.0,,931.3,0.0,12.4,66.3,0.4,0.7
2026-10-02T20:30,165.0,15.0,,931.3,0.0,12.3,66.4,0.9,1.5
2026-10-02T21:00,247.0,15.0,0.0,931.4,0.0,11.6,69.1,0.6,1.5
2026-10-02T21:15,202.0,15.0,,931.4,0.0,11.9,66.7,1.0,1.9
2026-10-02T21:30,217.0,15.0,,931.5,0.0,11.6,67.8,1.1,2.1
2026-10-02T22:00,241.0,15.0,0.0,931.5,0.0,11.1,70.8,0.3,1.3
2026-10-02T22:15,237.0,15.0,,931.6,0.0,11.2,66.7,0.5,1.5
2026-10-02T22:30,63.0,15.0,,931.7,0.0,10.8,67.9,0.2,1.5
2026-10-02T23:00,,,0.0,,,,,,
2026-10-02T23:15,6.0,15.0,,931.7,0.0,10.4,70.6,0.3,0.9
2026-10-02T23:30,245.0,14.0,,926.6,0.0,10.6,67.3,0.7,1.2
2026-10-03T00:00,108.0,14.0,0.0,931.7,0.0,10.4,67.1,0.2,1.3
2026-10-03T00:15,163.0,14.0,,931.2,0.0,10.9,63.2,0.4,1.2
2026-10-03T00:30,310.0,14.0,,926.6,0.0,10.1,66.6,0.3,0.9
2026-10-03T01:00,286.0,15.0,0.0,931.5,0.0,9.7,66.8,0.3,0.9
2026-10-03T01:15,219.0,15.0,,931.4,0.0,9.6,64.3,0.2,0.9
2026-10-03T01:30,51.0,15.0,,931.3,0.0,9.8,67.5,0.4,0.8
2026-10-03T02:00,204.0,14.0,0.0,931.1,0.0,9.5,68.8,0.8,1.2
2026-10-03T02:15,118.0,14.0,,931.1,0.0,9.7,65.5,0.3,1.4
2026-10-03T02:30,337.0,15.0,,931.0,0.0,9.4,65.7,0.5,0.8
2026-10-03T03:00,104.0,15.0,0.0,930.9,0.0,9.2,65.9,0.2,0.9
2026-10-03T03:15,39.0,14.0,,930.8,0.0,9.1,66.4,0.2,1.3
2026-10-03T03:30,186.0,15.0,,925.9,0.0,9.2,63.8,0.6,1.1
2026-10-03T04:00,87.0,15.0,0.0,930.9,0.0,8.7,65.0,0.5,1.0
2026-10-03T04:15,230.0,15.0,,930.9,0.0,8.6,62.2,0.1,1.1
2026-10-03T04:30,49.0,15.0,,930.9,0.0,8.7,64.1,0.5,1.2
2026-10-03T05:00,102.0,14.0,0.0,927.3,0.0,8.7,61.6,0.1,1.3
2026-10-03T05:15,18.0,14.0,,931.0,4.3,8.2,65.0,0.5,0.7
2026-10-03T05:30,222.0,15.0,,931.0,10.7,8.0,63.9,0.3,0.7
2026-10-03T06:00,329.0,14.0,0.0,931.2,23.3,8.3,64.1,0.5,0.9
2026-10-03T06:15,254.0,14.0,,931.3,28.3,8.0,66.5,0.3,1.0
2026-10-03T06:30,169.0,14.0,,931.3,32.6,7.8,69.9,0.8,1.8
2026-10-03T07:00,138.0,14.0,0.0,931.4,40.9,7.6,72.9,0.4,1.9
2026-10-03T07:15,165.0,14.0,,931.3,361.8,8.8,61.3,0.7,1.2
2026-10-03T07:30,177.0,14.0,,926.4,401.4,10.7,55.0,0.1,1.0
2026-10-03T08:00,115.0,11.0,0.0,931.4,477.6,11.5,58.1,1.1,1.3
2026-10-03T08:15,121.0,12.0,,931.3,514.4,11.9,60.2,1.2,1.5
2026-10-03T08:30,183.0,12.0,,931.2,543.9,12.0,68.5,0.2,1.6
2026-10-03T09:00,126.0,11.0,0.0,931.1,592.2,13.2,59.6,0.5,2.1
2026-10-03T09:15,104.0,10.0,,931.0,615.1,13.7,62.6,1.5,2.2
2026-10-03T09:30,181.0,10.0,,930.9,632.3,14.9,52.1,0.8,2.2
2026-10-03T10:00,100.0,10.0,0.0,931.0,666.3,15.9,48.5,1.5,2.9
2026-10-03T10:15,96.0,11.0,,930.7,678.0,16.4,46.8,2.3,3.3
2026-10-03T10:30,157.0,12.0,,930.7,687.1,16.5,39.3,1.9,3.6
2026-10-03T11:00,65.0,9.0,0.0,930.5,690.1,17.8,40.0,1.3,3.7
2026-10-03T11:15,114.0,11.0,,930.3,686.6,18.0,39.9,1.7,3.9
2026-10-03T11:30,112.0,11.0,,930.1,677.9,18.3,34.8,1.8,4.7
2026-10-03T12:00,114.0,10.0,0.0,930.0,651.2,18.7,34.9,2.9,3.4
2026-10-03T12:15,106.0,11.0,,924.8,632.4,18.8,33.9,2.4,3.8
2026-10-03T12:30,130.0,10.0,,929.5,609.6,19.0,35.0,1.5,4.0
2026-10-03T13:00,150.0,10.0,0.0,929.4,557.4,19.5,35.9,1.0,3.7
2026-10-03T13:15,247.0,9.0,,924.4,527.2,19.7,35.3,1.3,4.2
2026-10-03T13:30,124.0,9.0,,924.2,498.1,19.5,36.9,3.1,5.3
2026-10-03T14:00,141.0,11.0,0.0,924.1,393.2,19.2,41.1,2.0,4.0
2026-10-03T14:15,174.0,12.0,,929.1,377.7,19.2,39.5,1.3,3.9
2026-10-03T14:30,252.0,10.0,,929.3,335.1,19.5,34.4,1.4,2.4
2026-10-03T15:00,316.0,7.0,0.0,929.5,43.9,18.0,46.1,1.0,1.1
2026-10-03T15:15,275.0,7.0,,929.6,39.6,17.6,45.0,0.7,1.7
2026-10-03T15:30,236.0,8.0,,929.5,32.9,17.7,44.3,0.7,2.2
2026-10-03T16:00,208.0,9.0,0.0,924.7,24.0,16.2,50.9,1.0,1.3
2026-10-03T16:15,240.0,8.0,,929.8,17.3,15.9,50.9,0.2,2.0
2026-10-03T16:30,199.0,10.0,,930.0,9.1,15.8,50.4,0.3,1.5
2026-10-03T17:00,163.0,12.0,0.0,930.1,0.0,14.8,55.8,1.2,1.5
2026-10-03T17:15,218.0,13.0,,930.2,0.0,14.6,56.0,0.8,1.6
2026-10-03T17:30,199.0,13.0,,930.3,0.0,14.0,57.3,0.5,1.8
2026-10-03T18:00,244.0,13.0,0.0,930.4,0.0,13.3,59.5,0.5,1.3
2026-10-03T18:15,209.0,13.0,,930.5,0.0,13.3,57.0,0.6,1.4
2026-10-03T18:30,245.0,13.0,,930.5,0.0,12.9,58.4,0.5,1.1
2026-10-03T19:00,225.0,12.0,0.0,925.7,0.0,12.6,59.5,0.5,1.9
2026-10-03T19:15,268.0,12.0,,930.7,0.0,12.6,58.7,0.2,0.9
2026-10-03T19:30,222.0,12.0,,930.8,0.0,12.1,60.4,0.3,1.4
2026-10-03T20:00,89.0,14.0,0.0,926.0,0.0,11.8,61.9,0.2,1.3
2026-10-03T20:15,226.0,15.0,,930.9,0.0,11.7,62.1,0.1,1.1
2026-10-03T20:30,169.0,16.0,,930.8,0.0,11.2,63.9,0.2,0.6
2026-10-03T21:00,247.0,16.0,0.0,925.8,0.0,11.7,59.7,0.7,1.2
2026-10-03T21:15,162.0,17.0,,930.8,0.0,11.0,63.6,0.8,1.4
2026-10-03T21:30,248.0,17.0,,930.8,0.0,11.1,62.7,0.3,1.3
2026-10-03T22:00,279.0,17.0,0.0,925.6,0.0,10.2,66.4,0.6,1.3
2026-10-03T22:15,201.0,16.0,,930.5,0.0,10.3,66.1,1.3,1.4
2026-10-03T22:30,210.0,15.0,,930.4,0.0,10.8,62.2,0.5,1.6
2026-10-03T23:00,,,0.0,,,,,,
2026-10-03T23:15,212.0,16.0,,925.3,0.0,9.9,65.9,0.8,1.3
2026-10-03T23:30,344.0,15.0,,930.3,0.0,9.7,66.8,0.5,1.5
2026-10-04T00:00,6.0,18.0,0.0,930.4,0.0,9.3,70.0,0.4,0.7
2026-10-04T00:15,306.0,17.0,,925.3,0.0,9.3,69.3,0.3,0.9
2026-10-04T00:30,71.0,17.0,,925.2,0.0,9.4,68.4,0.2,0.6
2026-10-04T01:00,186.0,17.0,0.0,929.9,0.0,9.0,71.0,0.3,0.8
2026-10-04T01:15,219.0,17.0,,929.7,0.0,8.9,69.6,0.4,1.4
2026-10-04T01:30,119.0,17.0,,929.6,0.0,9.4,67.5,0.5,1.0
2026-10-04T02:00,256.0,16.0,0.0,924.4,0.0,9.4,66.7,1.0,1.1
2026-10-04T02:15,26.0,16.0,,929.4,0.0,8.7,72.9,1.0,1.5
2026-10-04T02:30,153.0,16.0,,929.4,0.0,8.6,72.5,0.5,1.0
2026-10-04T03:00,307.0,16.0,0.0,929.2,0.0,8.8,71.2,0.4,1.3
2026-10-04T03:15,33.0,17.0,,929.3,0.0,8.1,76.6,0.4,1.2
2026-10-04T03:30,187.0,18.0,,929.2,0.0,8.6,71.9,0.3,0.8
2026-10-04T04:00,218.0,17.0,0.0,924.2,0.0,8.4,73.0,0.1,0.6
2026-10-04T04:15,257.0,18.0,,929.2,0.0,8.0,76.0,0.1,0.7
2026-10-04T04:30,217.0,18.0,,929.3,0.0,8.1,75.4,0.1,0.5
2026-10-04T05:00,309.0,19.0,0.0,924.3,0.0,7.7,78.3,0.3,0.9
2026-10-04T05:15,356.0,19.0,,924.4,3.9,8.1,76.5,0.8,1.0
2026-10-04T05:30,253.0,18.0,,929.4,9.9,8.2,75.3,0.3,0.9
2026-10-04T06:00,170.0,17.0,0.0,929.5,22.4,8.1,75.1,0.2,1.2
2026-10-04T06:15,216.0,18.0,,929.6,28.3,7.8,78.9,0.1,0.7
2026-10-04T06:30,9.0,19.0,,929.7,32.6,7.9,78.3,0.3,0.4
2026-10-04T07:00,239.0,18.0,0.0,929.7,39.3,8.2,75.9,0.6,0.9
2026-10-04T07:15,2.0,18.0,,929.7,92.4,8.5,73.4,0.7,0.7
2026-10-04T07:30,55.0,18.0,,929.5,394.3,9.6,73.2,0.3,0.9
2026-10-04T08:00,100.0,13.0,0.0,929.6,467.1,10.9,71.2,0.6,1.6
2026-10-04T08:15,102.0,12.0,,924.7,502.8,11.3,73.2,0.6,1.3
2026-10-04T08:30,114.0,11.0,,929.5,535.0,11.8,75.3,0.8,1.8
2026-10-04T09:00,105.0,10.0,0.0,929.0,584.8,13.0,67.5,1.4,1.9
2026-10-04T09:15,117.0,10.0,,928.8,606.4,13.8,64.3,1.3,1.9
2026-10-04T09:30,113.0,11.0,,928.7,624.1,14.3,62.2,1.7,2.1
2026-10-04T10:00,124.0,14.0,0.0,928.5,659.3,15.7,52.5,1.0,3.1
2026-10-04T10:15,169.0,14.0,,928.4,673.7,16.2,52.5,1.0,2.5
2026-10-04T10:30,107.0,13.0,,928.6,638.7,17.2,49.5,1.4,3.0
2026-10-04T11:00,118.0,13.0,0.0,928.1,686.2,17.4,43.7,1.9,3.8
2026-10-04T11:15,116.0,13.0,,928.0,682.2,18.3,43.8,2.1,3.9
2026-10-04T11:30,133.0,13.0,,927.8,677.5,18.2,42.9,3.0,3.9
2026-10-04T12:00,140.0,12.0,0.0,927.5,643.9,18.4,41.8,2.4,4.9
2026-10-04T12:15,134.0,11.0,,927.5,624.6,19.2,40.4,3.5,4.4
2026-10-04T12:30,128.0,10.0,,927.4,605.7,19.2,37.9,3.4,4.2
2026-10-04T13:00,58.0,9.0,0.0,927.2,553.5,19.3,37.8,2.6,3.9
2026-10-04T13:15,176.0,10.0,,927.1,520.9,20.2,34.9,0.5,4.3
2026-10-04T13:30,143.0,8.0,,927.0,490.0,20.2,34.1,0.9,4.1
2026-10-04T14:00,222.0,10.0,0.0,926.7,412.8,20.0,40.7,1.1,2.1
2026-10-04T14:15,62.0,11.0,,926.6,384.3,19.2,42.5,1.0,2.5
2026-10-04T14:30,343.0,9.0,,926.6,341.7,18.6,45.3,0.9,2.1
2026-10-04T15:00,353.0,8.0,0.0,926.8,42.9,18.0,46.5,0.2,1.5
2026-10-04T15:15,314.0,5.0,,926.9,42.5,17.4,49.5,1.0,1.4
2026-10-04T15:30,353.0,4.0,,921.8,38.2,17.1,49.7,0.6,1.3
2026-10-04T16:00,329.0,12.0,0.0,922.2,22.1,16.6,51.8,0.3,1.0
2026-10-04T16:15,285.0,13.0,,927.2,14.3,16.4,52.7,0.7,1.5
2026-10-04T16:30,33.0,14.0,,927.3,8.4,15.5,58.5,0.1,1.3
2026-10-04T17:00,224.0,15.0,0.0,927.4,0.0,14.4,61.0,0.4,1.3
2026-10-04T17:15,212.0,14.0,,927.5,0.0,14.3,62.8,0.9,1.2
2026-10-04T17:30,201.0,13.0,,927.5,0.0,14.2,59.6,1.2,1.5
2026-10-04T18:00,223.0,14.0,0.0,927.8,0.0,13.6,61.0,0.5,1.9
2026-10-04T18:15,244.0,14.0,,927.7,0.0,13.2,62.3,0.2,1.2
2026-10-04T18:30,299.0,15.0,,927.8,0.0,13.2,61.7,0.2,0.7
2026-10-04T19:00,186.0,14.0,0.0,923.0,0.0,12.5,64.5,0.7,1.1
2026-10-04T19:15,207.0,14.0,,928.0,0.0,12.3,64.2,0.8,1.7
2026-10-04T19:30,191.0,14.0,,928.0,0.0,12.2,63.9,0.7,1.5
2026-10-04T20:00,222.0,14.0,0.0,928.0,0.0,11.7,65.9,0.4,1.2
2026-10-04T20:15,86.0,14.0,,928.1,0.0,11.3,66.2,0.2,1.5
2026-10-04T20:30,151.0,14.0,,928.0,0.0,11.5,66.1,0.3,1.0
2026-10-04T21:00,209.0,13.0,0.0,928.0,0.0,11.1,65.9,0.4,1.6
2026-10-04T21:15,221.0,12.0,,927.8,0.0,11.3,66.0,0.7,1.4
2026-10-04T21:30,221.0,13.0,,927.8,0.0,11.3,63.7,0.9,1.3
2026-10-04T22:00,200.0,13.0,0.0,927.7,0.0,10.9,66.2,0.7,1.7
2026-10-04T22:15,343.0,14.0,,927.7,0.0,10.5,68.0,0.2,1.1
2026-10-04T22:30,358.0,14.0,,922.5,0.0,10.7,64.5,0.6,1.1
2026-10-04T23:00,,,0.0,,,,,,
2026-10-04T23:15,48.0,14.0,,927.4,0.0,10.1,65.5,0.2,0.9
2026-10-04T23:30,167.0,14.0,,927.4,0.0,10.4,62.7,0.4,1.4
2026-10-05T00:00,50.0,15.0,0.0,922.2,0.0,9.8,66.2,0.4,0.8
2026-10-05T00:15,197.0,15.0,,927.0,0.0,9.9,66.6,1.1,1.1
2026-10-05T00:30,34.0,15.0,,926.9,0.0,9.6,67.8,0.1,1.3
2026-10-05T01:00,276.0,15.0,0.0,926.6,0.0,9.5,69.0,0.5,1.2
2026-10-05T01:15,188.0,15.0,,926.5,0.0,9.3,68.9,0.6,0.8
2026-10-05T01:30,159.0,15.0,,926.4,0.0,10.0,65.7,0.6,1.5
2026-10-05T02:00,51.0,15.0,0.0,921.3,0.0,9.7,64.4,0.4,1.0
2026-10-05T02:15,247.0,15.0,,926.3,0.0,9.4,66.0,0.6,0.8
2026-10-05T02:30,219.0,15.0,,926.2,0.0,9.5,66.1,0.7,0.9
2026-10-05T03:00,5.0,16.0,0.0,926.3,0.0,9.1,66.8,0.5,1.0
2026-10-05T03:15,80.0,17.0,,926.2,0.0,9.4,64.4,0.4,0.6
2026-10-05T03:30,16.0,17.0,,926.2,0.0,9.1,68.5,0.3,0.9
2026-10-05T04:00,340.0,16.0,0.0,926.2,0.0,9.2,65.6,0.3,0.9
2026-10-05T04:15,304.0,15.0,,926.1,0.0,9.7,64.9,0.3,1.2
2026-10-05T04:30,243.0,15.0,,921.1,0.0,8.9,69.1,0.3,0.7
2026-10-05T05:00,317.0,15.0,0.0,926.0,0.0,8.9,69.7,0.5,0.6
2026-10-05T05:15,287.0,16.0,,926.1,0.0,8.9,70.9,0.3,0.8
2026-10-05T05:30,236.0,14.0,,926.0,9.1,9.2,68.4,0.1,1.5
2026-10-05T06:00,253.0,15.0,0.0,926.0,31.9,10.5,54.0,0.5,0.9
2026-10-05T06:15,336.0,15.0,,926.0,47.5,9.8,63.7,0.2,1.1
2026-10-05T06:30,310.0,16.0,,926.0,68.6,10.0,63.0,0.3,0.6
2026-10-05T07:00,136.0,16.0,0.0,926.1,74.4,10.6,69.2,0.3,0.6
2026-10-05T07:15,171.0,16.0,,926.1,96.2,10.5,69.5,0.2,0.6
2026-10-05T07:30,243.0,15.0,,926.3,124.4,10.4,74.3,0.1,0.6
2026-10-05T08:00,127.0,13.0,0.0,921.3,164.2,11.2,74.8,0.1,0.6
2026-10-05T08:15,206.0,12.0,,926.3,199.7,11.3,72.9,0.0,0.9
2026-10-05T08:30,104.0,12.0,,921.3,226.6,12.0,72.0,0.4,0.8
2026-10-05T09:00,88.0,11.0,0.0,926.1,263.3,12.6,74.9,0.5,1.1
2026-10-05T09:15,101.0,9.0,,926.3,282.8,12.2,74.6,0.4,1.1
2026-10-05T09:30,131.0,12.0,,926.2,212.9,12.7,71.8,0.1,1.8
2026-10-05T10:00,127.0,12.0,0.0,925.9,546.2,13.7,62.6,0.8,1.6
2026-10-05T10:15,188.0,12.0,,925.8,398.9,14.5,58.5,0.4,2.6
2026-10-05T10:30,128.0,13.0,,925.7,435.6,15.1,52.9,0.5,1.9
2026-10-05T11:00,168.0,14.0,0.0,920.5,217.1,15.6,48.0,1.0,2.0
2026-10-05T11:15,186.0,15.0,,920.3,284.2,15.4,44.2,0.8,2.4
2026-10-05T11:30,146.0,13.0,,925.1,410.2,15.9,52.2,0.5,2.1
2026-10-05T12:00,131.0,20.0,0.0,920.7,290.7,16.4,41.5,1.1,3.3
2026-10-05T12:15,117.0,14.0,,919.6,592.8,17.1,43.5,1.5,2.9
2026-10-05T12:30,158.0,13.0,,924.4,277.0,17.1,39.7,2.3,2.7
2026-10-05T13:00,155.0,10.0,0.0,924.4,453.8,18.4,34.4,1.6,4.2
2026-10-05T13:15,177.0,10.0,,924.3,356.8,18.2,37.2,3.4,4.2
2026-10-05T13:30,168.0,10.0,,924.2,493.3,18.0,42.5,2.1,3.8
2026-10-05T14:00,147.0,11.0,0.0,924.2,209.2,17.9,43.6,1.1,3.5
2026-10-05T14:15,130.0,11.0,,924.1,228.6,17.7,39.9,0.7,3.0
2026-10-05T14:30,111.0,17.0,,924.2,217.0,17.6,47.6,1.4,2.5
2026-10-05T15:00,123.0,6.0,0.0,924.0,138.4,17.2,50.3,0.8,1.7
2026-10-05T15:15,23.0,3.0,,924.1,92.7,17.0,57.9,0.1,1.5
2026-10-05T15:30,267.0,22.0,,924.1,60.6,16.3,61.6,0.5,1.4
2026-10-05T16:00,339.0,22.0,0.0,919.4,51.6,15.7,61.3,1.0,2.0
2026-10-05T16:15,328.0,24.0,,924.4,30.6,15.6,61.3,0.6,1.8
2026-10-05T16:30,333.0,24.0,,919.5,14.9,15.2,60.7,1.0,1.4
2026-10-05T17:00,242.0,22.0,0.0,924.9,0.0,14.6,54.9,0.9,2.0
2026-10-05T17:15,276.0,12.0,,925.0,0.0,14.7,53.9,0.6,1.6
2026-10-05T17:30,118.0,12.0,,925.0,0.0,14.0,56.8,0.1,0.9
2026-10-05T18:00,217.0,12.0,0.0,925.1,0.0,13.2,59.0,0.2,0.8
2026-10-05T18:15,211.0,13.0,,925.2,0.0,13.1,57.4,0.7,1.2
2026-10-05T18:30,240.0,12.0,,925.2,0.0,12.7,56.9,0.3,1.1
2026-10-05T19:00,173.0,12.0,0.0,925.3,0.0,11.9,57.6,0.6,1.2
2026-10-05T19:15,243.0,12.0,,925.4,0.0,11.9,55.2,0.8,1.3
2026-10-05T19:30,42.0,13.0,,925.2,0.0,11.3,60.4,0.5,1.3
2026-10-05T20:00,305.0,20.0,0.0,925.3,0.0,11.3,55.2,0.2,1.2
2026-10-05T20:15,294.0,17.0,,925.3,0.0,11.8,50.9,0.3,0.9
2026-10-05T20:30,230.0,20.0,,925.3,0.0,11.2,54.1,1.1,1.4
2026-10-05T21:00,233.0,20.0,0.0,925.2,0.0,10.8,56.5,1.0,1.9
2026-10-05T21:15,235.0,21.0,,925.2,0.0,11.2,52.3,0.2,1.4
2026-10-05T21:30,232.0,20.0,,925.1,0.0,11.0,54.0,0.8,1.4
2026-10-05T22:00,245.0,23.0,0.0,925.1,0.0,10.6,55.0,0.5,1.4
2026-10-05T22:15,208.0,22.0,,920.0,0.0,10.4,55.9,0.9,1.2
2026-10-05T22:30,220.0,22.0,,924.9,0.0,10.2,56.0,0.9,1.2
2026-10-05T23:00,,,0.0,,,,,,
2026-10-05T23:15,173.0,25.0,,924.8,0.0,9.5,59.8,0.8,1.4
2026-10-05T23:30,217.0,24.0,,919.7,0.0,10.1,56.0,1.4,2.1
2026-10-06T00:00,224.0,24.0,0.0,924.5,0.0,9.2,58.6,0.6,1.3
2026-10-06T00:15,198.0,25.0,,924.5,0.0,9.8,55.4,0.6,1.1
2026-10-06T00:30,299.0,24.0,,924.4,0.0,8.9,60.5,1.1,1.2
2026-10-06T01:00,272.0,25.0,0.0,924.3,0.0,8.9,59.8,0.6,1.6
2026-10-06T01:15,221.0,25.0,,924.2,0.0,8.9,60.6,1.0,1.2
2026-10-06T01:30,183.0,25.0,,924.1,0.0,9.4,56.4,0.4,1.2
2026-10-06T02:00,265.0,24.0,0.0,919.0,0.0,8.8,59.7,0.5,2.2
2026-10-06T02:15,234.0,25.0,,923.8,0.0,9.0,58.8,0.8,1.4
2026-10-06T02:30,135.0,25.0,,918.7,0.0,9.3,56.0,0.3,1.8
2026-10-06T03:00,235.0,25.0,0.0,918.6,0.0,9.4,57.5,0.2,0.9
2026-10-06T03:15,235.0,25.0,,923.5,0.0,9.8,53.2,1.0,1.1
2026-10-06T03:30,137.0,25.0,,923.4,0.0,9.2,63.0,0.4,1.0
2026-10-06T04:00,191.0,25.0,0.0,923.2,0.0,9.2,60.6,0.2,1.2
2026-10-06T04:15,39.0,25.0,,918.2,0.0,10.1,55.2,0.2,1.2
2026-10-06T04:30,342.0,25.0,,918.1,0.0,9.2,58.5,0.4,1.6
2026-10-06T05:00,316.0,24.0,0.0,923.1,0.0,9.0,65.9,1.0,1.2
2026-10-06T05:15,299.0,25.0,,923.2,3.1,9.9,56.5,1.0,2.2
2026-10-06T05:30,347.0,24.0,,923.1,4.3,8.4,66.5,1.1,2.2
2026-10-06T06:00,36.0,25.0,0.0,923.2,18.1,9.6,63.7,0.3,0.9
2026-10-06T06:15,122.0,25.0,,923.2,37.3,9.7,63.1,0.4,1.7
2026-10-06T06:30,311.0,25.0,,923.4,56.7,9.9,64.7,0.1,1.2
2026-10-06T07:00,108.0,25.0,0.0,923.5,141.4,10.8,50.6,0.5,1.3
2026-10-06T07:15,154.0,24.0,,923.3,137.1,10.3,62.3,0.8,1.3
2026-10-06T07:30,337.0,24.0,,923.2,175.6,10.5,67.1,0.9,2.1
2026-10-06T08:00,157.0,24.0,0.0,923.2,175.9,12.3,55.8,0.7,0.9
2026-10-06T08:15,324.0,24.0,,923.3,196.5,11.5,67.5,0.8,1.2
2026-10-06T08:30,353.0,24.0,,923.2,198.8,11.7,54.3,0.7,1.4
2026-10-06T09:00,143.0,23.0,0.0,923.0,299.2,12.1,65.0,0.7,1.7
2026-10-06T09:15,94.0,21.0,,923.0,379.4,13.0,53.5,0.2,1.8
2026-10-06T09:30,137.0,11.0,,922.8,823.1,13.6,62.8,1.1,2.0
2026-10-06T10:00,146.0,12.0,0.0,922.5,654.2,15.5,42.6,1.4,3.1
2026-10-06T10:15,120.0,10.0,,922.3,747.6,15.7,40.7,2.6,3.9
2026-10-06T10:30,131.0,9.0,,922.2,409.3,16.0,42.0,1.1,2.8
2026-10-06T11:00,234.0,10.0,0.0,921.9,748.7,16.6,39.7,1.8,3.0
2026-10-06T11:15,139.0,8.0,,921.8,484.4,17.4,41.7,2.0,4.6
2026-10-06T11:30,153.0,8.0,,916.8,637.2,18.0,37.3,2.9,4.3
2026-10-06T12:00,88.0,11.0,0.0,921.6,694.1,18.7,37.3,4.0,4.4
2026-10-06T12:15,49.0,10.0,,921.4,662.6,19.0,30.1,2.1,5.3
2026-10-06T12:30,152.0,10.0,,921.2,624.6,18.5,33.5,2.8,5.1
2026-10-06T13:00,107.0,12.0,0.0,921.1,534.7,18.9,37.7,3.5,4.4
2026-10-06T13:15,52.0,13.0,,921.0,496.6,18.3,37.4,1.2,4.3
2026-10-06T13:30,161.0,12.0,,921.0,461.2,18.8,35.9,0.3,4.2
2026-10-06T14:00,86.0,14.0,0.0,920.9,397.4,18.4,40.0,3.0,4.0
2026-10-06T14:15,58.0,14.0,,920.9,360.3,18.2,36.0,3.3,4.2
2026-10-06T14:30,66.0,15.0,,920.8,160.4,18.3,31.2,2.9,3.7
2026-10-06T15:00,135.0,8.0,0.0,921.0,46.6,17.3,33.6,1.6,3.4
2026-10-06T15:15,215.0,8.0,,921.1,39.2,16.3,40.1,0.6,2.2
2026-10-06T15:30,221.0,12.0,,921.1,32.1,15.9,38.9,1.6,2.0
2026-10-06T16:00,40.0,16.0,0.0,921.4,33.0,15.2,44.0,0.4,2.0
2026-10-06T16:15,223.0,16.0,,921.4,24.8,15.2,41.3,0.6,2.2
2026-10-06T16:30,159.0,16.0,,921.3,7.6,14.8,44.5,1.8,2.2
2026-10-06T17:00,247.0,11.0,0.0,921.6,0.0,14.2,46.4,1.2,1.2
2026-10-06T17:15,141.0,9.0,,916.8,0.0,13.9,48.7,0.4,1.4
2026-10-06T17:30,219.0,9.0,,921.8,0.0,13.4,50.7,1.3,1.4
2026-10-06T18:00,235.0,9.0,0.0,921.9,0.0,12.9,52.3,1.0,1.4
2026-10-06T18:15,280.0,10.0,,921.9,0.0,12.7,53.4,0.6,2.0
2026-10-06T18:30,35.0,10.0,,922.0,0.0,12.7,53.1,0.2,1.4
2026-10-06T19:00,185.0,10.0,0.0,922.1,0.0,12.0,56.8,0.8,1.8
2026-10-06T19:15,175.0,11.0,,917.1,0.0,12.2,55.7,0.5,1.5
2026-10-06T19:30,245.0,11.0,,922.1,0.0,11.9,56.9,0.5,1.7
2026-10-06T20:00,179.0,11.0,0.0,922.0,0.0,11.5,59.3,1.0,1.5
2026-10-06T20:15,242.0,11.0,,917.1,0.0,11.0,62.6,1.1,2.3
2026-10-06T20:30,230.0,11.0,,922.0,0.0,11.2,60.8,1.1,1.8
2026-10-06T21:00,223.0,11.0,0.0,921.9,0.0,10.9,62.0,1.0,1.6
2026-10-06T21:15,183.0,11.0,,921.9,0.0,10.3,66.1,1.1,1.7
2026-10-06T21:30,226.0,11.0,,921.9,0.0,10.9,61.3,1.0,1.6
2026-10-06T22:00,323.0,20.0,0.0,921.7,0.0,9.5,70.7,0.8,0.8
2026-10-06T22:15,211.0,24.0,,921.5,0.0,10.0,67.6,1.3,1.5
2026-10-06T22:30,235.0,10.0,,921.6,0.0,9.6,69.3,0.5,1.6
2026-10-06T23:00,,,0.0,,,,,,
2026-10-06T23:15,319.0,21.0,,921.5,0.0,9.2,72.9,0.4,1.1
2026-10-06T23:30,314.0,16.0,,921.4,0.0,10.3,66.4,0.5,1.0
2026-10-07T00:00,122.0,13.0,0.0,921.5,0.0,9.6,71.0,0.4,1.1
2026-10-07T00:15,49.0,12.0,,921.5,0.0,9.9,70.9,0.8,1.4
2026-10-07T00:30,224.0,13.0,,921.4,0.0,10.1,67.5,0.6,1.4
2026-10-07T01:00,175.0,15.0,0.0,921.4,0.0,9.4,71.6,0.5,0.7
2026-10-07T01:15,17.0,14.0,,921.3,0.0,9.5,72.4,0.5,1.4
2026-10-07T01:30,172.0,15.0,,921.3,0.0,9.3,75.2,0.5,1.5
2026-10-07T02:00,39.0,17.0,0.0,916.1,0.0,9.1,75.2,0.4,1.1
2026-10-07T02:15,19.0,16.0,,915.8,0.0,9.0,74.3,0.5,1.2
2026-10-07T02:30,320.0,17.0,,915.7,0.0,8.7,75.9,0.1,0.7
2026-10-07T03:00,216.0,14.0,0.0,915.4,0.0,9.5,72.1,0.8,1.3
2026-10-07T03:15,158.0,10.0,,920.4,0.0,8.6,76.4,0.9,1.7
2026-10-07T03:30,262.0,11.0,,920.3,0.0,7.9,80.2,0.3,1.2
2026-10-07T04:00,125.0,12.0,0.0,920.1,0.0,8.1,79.4,0.4,1.2
2026-10-07T04:15,43.0,13.0,,920.0,0.0,8.4,77.7,0.2,1.1
2026-10-07T04:30,135.0,12.0,,920.1,0.0,8.3,77.9,0.2,1.1
2026-10-07T05:00,322.0,11.0,0.0,920.2,0.0,7.6,83.0,0.7,0.9
2026-10-07T05:15,322.0,10.0,,915.4,3.2,7.9,80.5,0.5,1.1
2026-10-07T05:30,142.0,9.0,,920.5,9.8,8.4,77.5,0.3,1.1
2026-10-07T06:00,301.0,10.0,0.0,920.6,28.7,7.6,82.7,0.6,0.9
2026-10-07T06:15,98.0,10.0,,920.7,42.1,8.1,80.3,0.7,1.3
2026-10-07T06:30,97.0,10.0,,920.8,70.9,8.0,82.3,0.6,1.1
2026-10-07T07:00,331.0,10.0,0.0,920.8,53.2,7.8,83.5,0.5,1.6
2026-10-07T07:15,255.0,11.0,,920.8,58.7,8.5,79.3,0.3,0.8
2026-10-07T07:30,276.0,11.0,,920.6,300.2,9.1,77.4,0.1,0.8
2026-10-07T08:00,123.0,10.0,0.0,920.6,425.2,10.6,76.1,0.6,1.8
2026-10-07T08:15,130.0,9.0,,920.6,457.0,11.1,73.8,0.9,1.8
2026-10-07T08:30,88.0,11.0,,920.6,486.0,11.5,69.8,0.9,2.2
2026-10-07T09:00,133.0,13.0,0.0,915.4,537.5,12.7,68.1,1.2,2.4
2026-10-07T09:15,90.0,8.0,,920.2,555.6,13.3,64.2,1.8,3.0
2026-10-07T09:30,143.0,8.0,,918.5,574.0,13.8,59.5,1.8,3.2
2026-10-07T10:00,162.0,9.0,0.0,914.8,599.0,14.6,57.8,1.7,3.0
2026-10-07T10:15,108.0,9.0,,919.6,595.9,15.1,57.7,2.6,4.3
2026-10-07T10:30,119.0,9.0,,919.5,615.1,15.3,54.9,2.9,4.3
2026-10-07T11:00,115.0,7.0,0.0,919.3,505.8,16.3,51.7,2.7,4.4
2026-10-07T11:15,116.0,8.0,,918.9,638.9,16.0,51.7,3.5,5.5
2026-10-07T11:30,112.0,8.0,,918.8,629.1,17.3,46.4,3.2,4.9
2026-10-07T12:00,164.0,6.0,0.0,918.7,597.6,17.8,47.0,1.2,4.6
2026-10-07T12:15,122.0,5.0,,918.5,495.5,17.7,49.3,1.6,4.2
2026-10-07T12:30,149.0,6.0,,913.3,518.8,18.2,46.9,0.6,4.2
2026-10-07T13:00,210.0,10.0,0.0,918.3,562.6,18.7,49.0,4.5,4.5
2026-10-07T13:15,204.0,11.0,,918.4,421.6,17.9,50.2,3.4,6.0
2026-10-07T13:30,232.0,11.0,,918.4,488.7,17.5,52.3,1.3,6.1
2026-10-07T14:00,239.0,5.0,0.0,913.2,100.9,17.3,54.0,1.4,4.7
2026-10-07T14:15,172.0,9.0,,918.0,121.6,17.2,53.8,0.6,2.4
2026-10-07T14:30,72.0,5.0,,917.8,158.1,17.0,55.9,1.1,3.0
2026-10-07T15:00,106.0,6.0,0.0,917.5,105.7,16.4,63.3,1.5,2.5
2026-10-07T15:15,164.0,4.0,,912.4,91.9,16.3,64.1,1.7,2.1
2026-10-07T15:30,114.0,7.0,,917.5,46.6,16.1,65.8,1.7,3.4
2026-10-07T16:00,210.0,19.0,0.0,917.7,14.6,15.3,72.1,0.6,2.1
2026-10-07T16:15,216.0,19.0,,912.8,11.0,15.3,71.8,1.1,1.9
2026-10-07T16:30,216.0,19.0,,917.9,4.3,14.9,74.0,0.8,2.0
2026-10-07T17:00,235.0,20.0,0.0,918.2,0.0,14.7,74.2,0.8,1.6
2026-10-07T17:15,352.0,18.0,,918.3,0.0,14.1,77.4,0.2,1.8
2026-10-07T17:30,222.0,16.0,,918.3,0.0,14.3,76.0,0.3,1.2
2026-10-07T18:00,228.0,8.0,0.0,918.3,0.0,14.1,75.1,0.6,1.6
2026-10-07T18:15,113.0,7.0,,918.5,0.0,13.7,78.9,1.2,1.8
2026-10-07T18:30,215.0,7.0,,918.4,0.0,13.5,80.0,0.4,1.3
2026-10-07T19:00,309.0,8.0,0.0,918.1,0.0,13.6,79.5,0.3,0.7
2026-10-07T19:15,175.0,8.0,,918.2,0.0,13.6,78.6,0.4,0.7
2026-10-07T19:30,169.0,8.0,,918.1,0.0,13.4,80.9,0.8,0.9
2026-10-07T20:00,230.0,9.0,0.0,917.9,0.0,13.0,83.5,0.5,0.9
2026-10-07T20:15,149.0,8.0,,917.6,0.0,13.2,83.6,0.8,1.3
2026-10-07T20:30,271.0,8.0,,912.7,0.0,13.0,85.2,0.8,1.2
2026-10-07T21:00,341.0,8.0,0.0,912.7,0.0,13.2,84.9,0.2,1.1
2026-10-07T21:15,100.0,8.0,,917.6,0.0,13.3,84.9,1.1,1.3
2026-10-07T21:30,311.0,8.0,,917.5,0.0,13.4,84.0,0.2,2.6
2026-10-07T22:00,48.0,8.0,0.0,917.2,0.0,13.1,86.9,0.0,2.3
2026-10-07T22:15,208.0,8.0,,917.0,0.0,13.4,83.5,0.6,1.6
2026-10-07T22:30,208.0,10.0,,917.0,0.0,13.4,85.0,0.9,2.7
2026-10-07T23:00,,,0.0,,,,,,
2026-10-07T23:15,133.0,9.0,,916.7,0.0,12.6,93.0,0.2,1.3
2026-10-07T23:30,264.0,15.0,,911.7,0.0,12.5,93.1,0.5,1.2
2026-10-08T00:00,166.0,17.0,0.6,916.4,0.0,12.4,94.2,0.1,0.6
2026-10-08T00:15,32.0,16.0,,916.2,0.0,12.4,93.9,0.3,0.5
2026-10-08T00:30,47.0,17.0,,916.0,0.0,12.3,95.6,0.3,0.6
2026-10-08T01:00,234.0,14.0,0.4,915.5,0.0,12.0,96.8,0.2,0.6
2026-10-08T01:15,202.0,12.0,,915.1,0.0,11.9,97.5,0.0,0.9
2026-10-08T01:30,196.0,14.0,,914.8,0.0,11.9,97.4,0.3,0.7
2026-10-08T02:00,317.0,24.0,0.8,914.4,0.0,11.9,97.8,0.3,1.0
2026-10-08T02:15,184.0,28.0,,914.2,0.0,11.8,97.9,0.5,0.7
2026-10-08T02:30,250.0,30.0,,914.1,0.0,11.7,98.3,0.6,1.3
2026-10-08T03:00,155.0,13.0,0.2,914.0,0.0,11.8,97.8,1.0,1.4
2026-10-08T03:15,123.0,21.0,,909.0,0.0,11.8,98.1,1.7,2.0
2026-10-08T03:30,222.0,22.0,,913.7,0.0,11.8,98.2,1.0,2.0
2026-10-08T04:00,278.0,24.0,0.0,913.3,0.0,11.7,98.5,0.6,1.1
2026-10-08T04:15,293.0,22.0,,913.3,0.0,11.7,98.8,0.8,1.5
2026-10-08T04:30,358.0,19.0,,913.3,0.0,11.7,98.6,0.4,2.0
2026-10-08T05:00,79.0,17.0,0.0,913.2,0.0,11.7,98.7,0.2,0.6
2026-10-08T05:15,289.0,23.0,,913.3,0.0,11.6,98.9,0.2,1.4
2026-10-08T05:30,226.0,27.0,,908.2,0.0,11.6,99.3,0.5,1.6
2026-10-08T06:00,200.0,28.0,0.2,913.5,4.7,11.5,99.3,1.0,1.6
2026-10-08T06:15,56.0,22.0,,913.6,3.6,11.5,99.4,1.0,1.9
2026-10-08T06:30,26.0,25.0,,913.4,17.3,11.6,99.3,0.4,1.4
2026-10-08T07:00,152.0,24.0,1.0,913.4,64.2,12.0,99.3,1.6,2.5
2026-10-08T07:15,93.0,31.0,,913.8,68.5,12.0,99.0,1.1,2.9
2026-10-08T07:30,170.0,31.0,,913.9,46.6,11.8,99.2,0.5,1.5
2026-10-08T08:00,113.0,27.0,0.2,913.0,222.2,12.2,98.0,0.7,1.6
2026-10-08T08:15,126.0,18.0,,913.0,137.8,12.7,97.7,0.8,1.7
2026-10-08T08:30,108.0,25.0,,908.3,124.4,12.9,94.8,0.4,2.0
2026-10-08T09:00,119.0,33.0,0.0,908.4,106.5,13.0,96.8,0.4,1.8
2026-10-08T09:15,215.0,28.0,,913.4,76.7,13.0,96.8,0.4,2.3
2026-10-08T09:30,178.0,32.0,,913.3,122.4,13.2,96.9,0.5,1.3
2026-10-08T10:00,82.0,17.0,0.0,913.3,105.0,13.8,97.5,1.3,2.5
2026-10-08T10:15,324.0,11.0,,913.3,163.3,13.4,97.7,1.2,2.3
2026-10-08T10:30,95.0,6.0,,913.2,106.5,13.5,96.2,0.7,2.1
2026-10-08T11:00,166.0,13.0,0.0,913.2,154.2,13.4,95.6,1.7,3.0
2026-10-08T11:15,171.0,27.0,,913.0,143.2,13.5,97.5,1.1,2.3
2026-10-08T11:30,63.0,25.0,,908.0,70.0,13.4,96.7,0.8,2.1
2026-10-08T12:00,351.0,25.0,1.0,907.6,367.4,13.2,98.7,1.1,2.7
2026-10-08T12:15,158.0,14.0,,912.5,318.0,14.1,97.0,1.2,2.5
2026-10-08T12:30,15.0,24.0,,912.6,166.8,13.9,95.7,0.7,2.5
2026-10-08T13:00,129.0,15.0,0.0,907.8,120.9,13.8,97.3,0.7,2.6
2026-10-08T13:15,20.0,18.0,,912.7,129.9,14.1,97.0,0.7,1.7
2026-10-08T13:30,107.0,28.0,,912.7,144.3,14.5,95.6,1.4,1.8
2026-10-08T14:00,95.0,13.0,0.0,912.8,86.1,14.6,94.0,0.9,1.4
2026-10-08T14:15,357.0,14.0,,912.9,65.4,14.3,95.7,0.6,2.0
2026-10-08T14:30,292.0,14.0,,913.0,40.1,14.4,95.0,0.9,1.9
2026-10-08T15:00,354.0,18.0,0.0,913.0,79.4,14.3,96.8,1.8,1.9
2026-10-08T15:15,301.0,27.0,,913.0,66.9,14.2,96.9,0.3,2.3
2026-10-08T15:30,228.0,28.0,,913.0,54.0,14.3,96.1,0.9,1.6
2026-10-08T16:00,319.0,21.0,0.2,913.2,20.1,14.4,96.0,0.7,1.3
2026-10-08T16:15,303.0,25.0,,913.3,7.1,14.2,95.3,0.3,1.2
2026-10-08T16:30,216.0,23.0,,913.5,0.0,14.0,95.5,0.7,0.8
2026-10-08T17:00,274.0,30.0,0.0,913.7,0.0,13.8,97.0,0.7,1.6
2026-10-08T17:15,329.0,19.0,,913.9,0.0,13.8,96.8,1.0,1.6
2026-10-08T17:30,322.0,16.0,,913.9,0.0,13.8,96.7,0.5,1.3
2026-10-08T18:00,329.0,14.0,0.2,909.1,0.0,13.5,98.0,0.3,1.1
2026-10-08T18:15,253.0,14.0,,914.2,0.0,13.5,97.6,0.5,0.7
2026-10-08T18:30,131.0,14.0,,914.3,0.0,13.4,97.7,0.5,1.1
2026-10-08T19:00,276.0,13.0,0.0,914.6,0.0,13.0,99.1,0.9,1.3
2026-10-08T19:15,268.0,14.0,,914.7,0.0,13.0,99.2,0.5,1.2
2026-10-08T19:30,180.0,14.0,,914.7,0.0,13.1,99.2,0.5,1.1
2026-10-08T20:00,356.0,15.0,0.0,915.2,0.0,12.9,99.3,0.6,0.9
2026-10-08T20:15,320.0,15.0,,915.1,0.0,12.9,99.3,0.0,0.9
2026-10-08T20:30,231.0,15.0,,915.2,0.0,12.4,99.3,0.6,1.4
2026-10-08T21:00,218.0,14.0,0.0,910.8,0.0,12.3,99.3,0.9,1.1
2026-10-08T21:15,268.0,15.0,,915.8,0.0,12.4,98.5,0.5,1.8
2026-10-08T21:30,57.0,14.0,,916.0,0.0,12.4,98.6,0.5,0.7
2026-10-08T22:00,327.0,15.0,0.0,916.1,0.0,12.2,99.3,0.4,1.6
2026-10-08T22:15,152.0,16.0,,915.9,0.0,12.2,99.1,0.9,1.2
2026-10-08T22:30,322.0,17.0,,915.9,0.0,12.2,99.3,0.4,1.9
2026-10-08T23:00,,,0.0,,,,,,
2026-10-08T23:15,335.0,18.0,,911.0,0.0,12.2,98.8,0.8,2.0
2026-10-08T23:30,78.0,17.0,,911.1,0.0,12.1,98.8,0.3,1.6
2026-10-09T00:00,232.0,16.0,0.0,916.3,0.0,12.3,98.0,0.8,0.9
2026-10-09T00:15,121.0,17.0,,916.4,0.0,12.3,97.2,0.8,1.0
2026-10-09T00:30,257.0,19.0,,916.3,0.0,12.1,98.7,0.1,0.9
2026-10-09T01:00,238.0,21.0,0.0,911.6,0.0,12.2,98.9,0.4,1.7
2026-10-09T01:15,305.0,22.0,,911.7,0.0,12.3,98.0,0.4,1.2
2026-10-09T01:30,290.0,21.0,,911.7,0.0,12.2,98.3,0.7,1.0
2026-10-09T02:00,13.0,27.0,0.6,916.9,0.0,12.2,98.8,0.3,1.6
2026-10-09T02:15,148.0,28.0,,917.1,0.0,12.3,98.5,0.4,2.0
2026-10-09T02:30,47.0,29.0,,912.0,0.0,12.3,98.0,0.2,1.7
2026-10-09T03:00,136.0,28.0,0.2,917.3,0.0,12.0,99.4,0.6,1.7
2026-10-09T03:15,344.0,28.0,,917.4,0.0,12.0,99.3,0.7,1.2
2026-10-09T03:30,241.0,30.0,,917.4,0.0,12.1,99.3,0.8,0.9
2026-10-09T04:00,224.0,28.0,0.0,917.4,0.0,12.0,99.1,0.3,1.6
2026-10-09T04:15,322.0,31.0,,917.4,0.0,12.0,98.9,0.4,1.5
2026-10-09T04:30,163.0,31.0,,917.4,0.0,12.1,97.2,1.4,1.4
2026-10-09T05:00,219.0,33.0,0.0,917.6,0.0,11.9,98.5,0.8,1.0
2026-10-09T05:15,298.0,33.0,,917.5,0.0,11.6,98.7,0.5,1.1
2026-10-09T05:30,187.0,30.0,,917.7,5.6,11.6,98.3,0.5,1.0
2026-10-09T06:00,286.0,29.0,0.0,913.0,23.2,11.2,99.1,0.5,1.1
2026-10-09T06:15,244.0,29.0,,918.2,41.3,11.3,98.8,1.0,1.3
2026-10-09T06:30,138.0,30.0,,918.3,51.6,11.5,98.0,1.1,1.4
2026-10-09T07:00,253.0,33.0,0.0,918.6,77.5,11.5,99.0,0.9,1.6
2026-10-09T07:15,190.0,30.0,,918.6,112.4,12.0,97.1,0.4,1.5
2026-10-09T07:30,112.0,29.0,,918.7,128.7,11.9,98.7,0.7,1.4
2026-10-09T08:00,102.0,24.0,0.0,918.8,130.7,12.4,99.0,0.6,1.7
2026-10-09T08:15,146.0,31.0,,918.8,217.2,12.6,97.8,1.6,1.9
2026-10-09T08:30,88.0,27.0,,918.8,213.6,13.0,97.0,0.3,3.0
2026-10-09T09:00,115.0,19.0,0.0,914.0,230.4,13.1,93.0,2.1,3.3
2026-10-09T09:15,62.0,16.0,,918.2,462.8,14.4,89.6,1.4,2.6
2026-10-09T09:30,160.0,20.0,,918.8,293.5,14.6,88.0,1.4,4.2
2026-10-09T10:00,72.0,14.0,0.0,918.8,251.2,15.4,76.8,1.8,4.1
2026-10-09T10:15,51.0,18.0,,918.8,196.4,15.6,75.8,2.0,4.0
2026-10-09T10:30,55.0,14.0,,918.7,211.2,15.6,72.9,2.6,4.7
2026-10-09T11:00,163.0,13.0,0.0,918.8,223.7,15.7,77.4,1.6,1.9
2026-10-09T11:15,12.0,13.0,,918.7,222.1,15.8,77.3,0.4,2.6
2026-10-09T11:30,91.0,12.0,,918.4,328.4,15.9,73.8,2.4,4.4
2026-10-09T12:00,90.0,10.0,0.0,918.6,100.6,15.9,76.0,1.1,3.7
2026-10-09T12:15,168.0,11.0,,917.8,831.7,15.9,77.7,0.9,4.0
2026-10-09T12:30,148.0,10.0,,917.6,615.7,16.4,73.6,1.7,3.1
2026-10-09T13:00,127.0,10.0,0.0,917.4,582.6,16.7,71.4,2.6,3.3
2026-10-09T13:15,176.0,12.0,,912.9,138.6,16.4,73.3,1.5,4.0
2026-10-09T13:30,323.0,17.0,,917.6,147.0,16.3,73.7,0.6,2.8
2026-10-09T14:00,113.0,14.0,0.0,912.3,173.5,15.9,73.6,4.2,5.9
2026-10-09T14:15,62.0,13.0,,912.6,127.1,15.8,73.4,3.8,6.3
2026-10-09T14:30,73.0,14.0,,917.6,106.1,15.6,75.7,2.2,5.4
2026-10-09T15:00,108.0,17.0,0.0,917.8,59.4,15.4,77.6,1.3,5.0
2026-10-09T15:15,169.0,18.0,,917.7,51.7,15.2,78.5,2.0,3.5
2026-10-09T15:30,190.0,18.0,,917.9,15.9,14.7,81.2,1.2,2.3
2026-10-09T16:00,147.0,20.0,0.0,918.0,7.6,14.6,81.4,0.7,4.9
2026-10-09T16:15,307.0,19.0,,918.0,4.1,14.1,84.7,0.7,3.4
2026-10-09T16:30,195.0,20.0,,918.0,0.0,14.0,85.4,0.9,2.5
2026-10-09T17:00,259.0,18.0,0.0,918.1,0.0,14.0,85.4,0.7,1.9
2026-10-09T17:15,301.0,18.0,,918.2,0.0,13.9,85.6,0.3,2.0
2026-10-09T17:30,242.0,18.0,,918.3,0.0,13.5,89.3,0.5,2.2
2026-10-09T18:00,350.0,18.0,0.0,913.3,0.0,13.5,88.8,0.9,1.4
2026-10-09T18:15,177.0,18.0,,918.3,0.0,13.2,90.6,1.2,1.5
2026-10-09T18:30,205.0,9.0,,918.3,0.0,13.3,88.9,2.0,3.2
2026-10-09T19:00,189.0,8.0,0.0,918.3,0.0,12.8,91.8,0.8,1.1
2026-10-09T19:15,191.0,8.0,,918.4,0.0,12.9,90.7,1.3,2.0
2026-10-09T19:30,227.0,8.0,,913.4,0.0,12.5,91.3,0.9,1.9
2026-10-09T20:00,289.0,8.0,0.0,918.4,0.0,12.2,94.3,0.2,1.3
2026-10-09T20:15,243.0,8.0,,918.4,0.0,12.2,93.0,0.5,1.0
2026-10-09T20:30,235.0,9.0,,918.5,0.0,11.8,95.8,0.7,1.7
2026-10-09T21:00,185.0,9.0,0.0,913.4,0.0,12.1,94.8,0.6,1.5
2026-10-09T21:15,351.0,9.0,,918.4,0.0,12.2,95.0,0.7,1.6
2026-10-09T21:30,32.0,9.0,,918.3,0.0,12.1,95.2,0.9,2.0
2026-10-09T22:00,145.0,9.0,0.0,918.3,0.0,12.1,95.4,1.6,1.7
2026-10-09T22:15,169.0,19.0,,918.1,0.0,12.2,95.9,0.4,2.5
2026-10-09T22:30,147.0,8.0,,917.9,0.0,12.4,93.0,0.7,1.3
2026-10-09T23:00,,,0.0,,,,,,
2026-10-09T23:15,234.0,8.0,,917.9,0.0,11.8,96.0,1.1,1.4
2026-10-09T23:30,288.0,9.0,,912.8,0.0,11.8,95.3,0.8,1.4
2026-10-10T00:00,178.0,9.0,0.0,912.6,0.0,11.6,96.1,1.2,1.2
2026-10-10T00:15,258.0,9.0,,917.5,0.0,11.6,97.0,0.2,1.3
2026-10-10T00:30,244.0,8.0,,912.5,0.0,11.4,96.9,0.7,1.2
2026-10-10T01:00,280.0,8.0,0.0,912.2,0.0,11.4,96.6,0.6,0.7
2026-10-10T01:15,118.0,8.0,,917.0,0.0,11.5,95.8,0.7,1.5
2026-10-10T01:30,212.0,8.0,,916.9,0.0,11.5,95.9,0.5,0.9
2026-10-10T02:00,350.0,11.0,0.0,911.7,0.0,11.5,95.8,0.8,1.7
2026-10-10T02:15,155.0,7.0,,916.6,0.0,11.4,96.6,0.2,1.0
2026-10-10T02:30,128.0,8.0,,916.6,0.0,11.4,97.1,0.1,0.9
2026-10-10T03:00,279.0,8.0,0.0,916.3,0.0,11.5,97.1,0.2,0.6
2026-10-10T03:15,234.0,8.0,,916.3,0.0,11.7,95.4,0.2,0.5
2026-10-10T03:30,298.0,8.0,,916.3,0.0,11.4,97.1,0.9,1.2
2026-10-10T04:00,136.0,6.0,0.0,916.0,0.0,11.8,94.2,0.8,1.1
2026-10-10T04:15,237.0,7.0,,916.0,0.0,11.6,96.0,0.4,1.5
2026-10-10T04:30,134.0,8.0,,910.9,0.0,11.6,95.9,0.6,1.1
2026-10-10T05:00,193.0,8.0,0.0,915.8,0.0,11.7,93.3,0.3,0.8
2026-10-10T05:15,225.0,7.0,,915.7,0.0,11.6,93.4,0.6,1.6
2026-10-10T05:30,158.0,7.0,,915.7,5.2,11.7,88.5,0.6,1.3
2026-10-10T06:00,296.0,3.0,0.0,916.1,26.4,11.9,88.1,0.4,0.7
2026-10-10T06:15,220.0,5.0,,916.1,40.1,11.7,92.0,0.8,1.8
2026-10-10T06:30,135.0,7.0,,916.3,62.6,11.7,93.1,0.7,2.0
2026-10-10T07:00,119.0,9.0,0.0,916.3,128.4,12.1,90.0,0.8,1.2
2026-10-10T07:15,100.0,15.0,,916.3,161.5,11.8,92.4,0.7,1.7
2026-10-10T07:30,170.0,16.0,,916.4,175.6,12.2,90.9,0.9,1.8
2026-10-10T08:00,163.0,16.0,0.0,915.4,458.5,13.2,79.9,0.7,1.3
2026-10-10T08:15,130.0,15.0,,915.6,418.6,13.7,82.0,1.5,2.3
2026-10-10T08:30,130.0,14.0,,915.4,363.7,13.4,81.3,1.0,2.1
2026-10-10T09:00,159.0,12.0,0.0,915.4,435.6,14.1,78.0,1.3,2.5
2026-10-10T09:15,141.0,12.0,,915.2,425.5,14.2,76.5,1.7,2.8
2026-10-10T09:30,132.0,12.0,,915.1,445.2,14.6,74.7,1.0,2.1
2026-10-10T10:00,197.0,8.0,0.0,914.6,397.3,15.2,69.0,0.8,3.1
2026-10-10T10:15,7.0,9.0,,914.5,617.8,16.0,65.6,0.2,3.3
2026-10-10T10:30,115.0,10.0,,914.5,603.6,15.9,63.5,1.2,3.8
2026-10-10T11:00,225.0,10.0,0.0,914.2,513.2,17.0,63.5,2.5,4.6
2026-10-10T11:15,116.0,9.0,,914.0,511.2,17.1,63.7,1.3,4.2
2026-10-10T11:30,117.0,9.0,,913.7,538.8,17.1,62.3,2.2,4.6
2026-10-10T12:00,202.0,10.0,0.0,913.5,293.7,16.9,65.9,1.0,4.0
2026-10-10T12:15,206.0,9.0,,913.3,328.3,17.0,66.9,0.8,4.2
2026-10-10T12:30,130.0,12.0,,913.2,466.1,17.5,63.7,1.5,2.1
2026-10-10T13:00,144.0,11.0,0.0,912.8,321.5,17.1,65.8,0.8,4.0
2026-10-10T13:15,115.0,12.0,,912.7,381.5,17.3,64.5,1.2,3.3
2026-10-10T13:30,51.0,10.0,,907.3,363.2,17.5,62.9,1.5,3.8
2026-10-10T14:00,250.0,13.0,0.0,912.4,54.7,16.6,60.0,2.6,4.6
2026-10-10T14:15,328.0,15.0,,912.4,72.0,15.4,80.0,1.0,2.8
2026-10-10T14:30,339.0,18.0,,912.2,179.0,14.9,82.4,1.8,2.5
2026-10-10T15:00,337.0,18.0,0.0,912.1,101.0,14.7,81.9,1.6,2.3
2026-10-10T15:15,304.0,18.0,,912.0,73.6,14.9,82.5,0.5,2.3
2026-10-10T15:30,215.0,18.0,,912.0,50.5,14.7,81.8,0.1,1.2
2026-10-10T16:00,327.0,18.0,0.0,912.0,21.6,14.4,84.8,0.6,1.4
2026-10-10T16:15,192.0,18.0,,912.2,8.7,14.4,83.1,1.1,1.2
2026-10-10T16:30,309.0,18.0,,912.2,0.0,13.9,86.1,0.5,1.8
2026-10-10T17:00,295.0,17.0,0.0,907.3,0.0,13.9,84.7,1.0,1.7
2026-10-10T17:15,177.0,16.0,,907.4,0.0,13.4,90.7,0.3,1.2
2026-10-10T17:30,239.0,17.0,,907.5,0.0,13.3,89.8,0.4,1.6
2026-10-10T18:00,253.0,22.0,0.0,912.5,0.0,13.2,89.6,0.6,1.7
2026-10-10T18:15,299.0,18.0,,912.6,0.0,13.0,89.8,0.3,1.0
2026-10-10T18:30,216.0,17.0,,912.5,0.0,13.1,87.9,1.1,1.9
2026-10-10T19:00,237.0,16.0,0.0,912.7,0.0,12.2,92.5,0.4,0.8
2026-10-10T19:15,273.0,17.0,,912.6,0.0,12.4,89.3,0.9,1.2
2026-10-10T19:30,279.0,16.0,,912.6,0.0,12.6,89.7,0.1,1.2
2026-10-10T20:00,191.0,16.0,0.0,912.9,0.0,11.8,93.5,0.6,1.3
2026-10-10T20:15,240.0,16.0,,912.9,0.0,11.9,90.5,0.5,1.1
2026-10-10T20:30,242.0,15.0,,913.0,0.0,11.6,90.4,0.7,1.3
