datetime,DVENTO,PRESS,RADSOL,TEMP,UMID,VVENTO,VVENTOMAX
2026-09-04T08:00,141.733333333333,843.906666666667,597.346666666667,16.2066666666667,68.9866666666667,4.12,5.8
2026-09-04T08:15,139.266666666667,843.98,650.173333333333,16.1733333333333,70.38,3.54,5.3
2026-09-04T08:30,138.533333333333,844.046666666667,694.846666666667,16.2933333333333,70.7666666666667,3.32666666666667,5.6
2026-09-04T09:00,146.066666666667,844.246666666667,785.726666666667,16.6466666666667,72.0133333333333,2.49333333333333,4.1
2026-09-04T09:15,154.0,844.286666666667,830.333333333333,17.0133333333333,71.36,2.96666666666667,4.3
2026-09-04T09:30,160.2,844.293333333333,869.306666666667,17.1933333333333,71.1,3.06666666666667,5.1
2026-09-04T10:00,147.2,844.226666666667,927.846666666667,17.0933333333333,74.0,3.44,6.5
2026-09-04T10:15,145.133333333333,844.213333333333,830.826666666667,16.7866666666667,76.7866666666667,3.38666666666667,6.7
2026-09-04T10:30,154.533333333333,844.206666666667,564.446666666667,16.3533333333333,79.3733333333333,3.66666666666667,7.2
2026-09-04T11:00,165.666666666667,844.266666666667,306.126666666667,16.16,82.7533333333333,3.7,5.9
2026-09-04T11:15,165.666666666667,844.366666666667,406.753333333333,16.3133333333333,83.2733333333333,3.09333333333333,4.9
2026-09-04T11:30,185.2,844.406666666667,546.12,16.7666666666667,81.4533333333333,3.36666666666667,5.8
2026-09-04T12:00,197.8,844.246666666667,799.68,17.5666666666667,78.4933333333333,3.7,6.5
2026-09-04T12:15,206.466666666667,844.173333333333,819.773333333333,17.9266666666667,76.8533333333333,4.2,7.3
2026-09-04T12:30,203.4,844.086666666667,775.6,17.9733333333333,76.5,3.58,5.5
2026-09-04T13:00,209.133333333333,843.886666666667,743.006666666667,18.04,75.72,4.27333333333333,7.5
2026-09-04T13:15,219.666666666667,843.793333333333,750.133333333333,18.1933333333333,75.9066666666667,4.14666666666667,6.2
2026-09-04T13:30,230.266666666667,843.74,849.446666666667,18.2133333333333,75.3066666666667,4.38,6.8
2026-09-04T14:00,237.333333333333,843.713333333333,645.82,17.68,77.7266666666667,5.39333333333333,7.9
2026-09-04T14:15,238.133333333333,843.613333333333,690.586666666667,17.6933333333333,77.9066666666667,5.21333333333333,8.7
2026-09-04T14:30,225.8,843.493333333333,548.426666666667,17.52,77.7933333333333,4.60666666666667,6.5
2026-09-04T15:00,236.4,843.373333333333,438.713333333333,17.3933333333333,79.96,4.52666666666667,7.5
2026-09-04T15:15,232.2,843.246666666667,483.14,17.6866666666667,78.7333333333333,4.77333333333333,7.5
2026-09-04T15:30,233.533333333333,843.013333333333,447.96,17.4466666666667,80.1133333333333,4.4,6.7
2026-09-04T16:00,241.272727272727,842.9,342.718181818182,17.3818181818182,81.2090909090909,4.44545454545455,6.8
2026-09-04T16:15,259.733333333333,842.74,245.426666666667,17.1733333333333,82.1533333333333,5.03333333333333,7.4
2026-09-04T16:30,257.933333333333,842.68,176.66,16.8933333333333,83.5466666666667,4.98,7.1
2026-09-04T17:00,260.0,842.593333333333,69.4533333333333,16.3266666666667,85.9266666666667,4.7,6.4
2026-09-04T17:15,231.2,842.573333333333,35.3333333333333,15.6466666666667,89.5466666666667,4.86666666666667,6.3
2026-09-04T17:30,244.2,842.493333333333,15.64,15.28,92.0866666666667,4.46666666666667,5.4
2026-09-04T18:00,265.533333333333,842.5,0.0,15.3,92.1866666666667,4.10666666666667,5.3
2026-09-04T18:15,257.0,842.506666666667,0.0,15.0666666666667,93.64,5.38,6.2
2026-09-04T18:30,259.866666666667,842.5,0.0,15.0733333333333,93.9133333333333,5.65333333333333,6.9
2026-09-04T19:00,272.733333333333,842.5,0.0,14.9733333333333,94.76,4.63333333333333,6.3
2026-09-04T19:15,270.266666666667,842.5,0.0,14.9,94.92,5.24,7.4
2026-09-04T19:30,269.333333333333,842.453333333333,0.0,14.7933333333333,94.9666666666667,5.88666666666667,7.9
2026-09-04T20:00,280.266666666667,842.366666666667,0.0,14.7466666666667,94.4466666666667,6.41333333333333,8.2
2026-09-04T20:15,279.4,842.18,0.0,14.6733333333333,93.7266666666667,7.23333333333333,8.9
2026-09-04T20:30,276.4,842.126666666667,0.0,14.7133333333333,92.6,5.33333333333333,7.5
2026-09-04T21:00,274.066666666667,841.993333333333,0.0,14.6933333333333,92.54,5.52666666666667,7.9
2026-09-04T21:15,275.6,841.986666666667,0.0,14.5866666666667,91.8666666666667,5.40666666666667,7.6
2026-09-04T21:30,275.933333333333,841.926666666667,0.0,14.6,92.6666666666667,5.64,7.6
2026-09-04T22:00,277.466666666667,841.86,0.0,14.5,93.16,6.35333333333333,8.7
2026-09-04T22:15,278.533333333333,841.9,0.0,14.5066666666667,92.88,6.74666666666667,8.9
2026-09-04T22:30,278.4,841.846666666667,0.0,14.5533333333333,93.1733333333333,6.48666666666667,9.7
2026-09-04T23:15,279.933333333333,841.846666666667,0.0,14.4466666666667,94.12,6.50666666666667,8.3
2026-09-04T23:30,278.0,841.746666666667,0.0,14.3066666666667,97.16,6.14666666666667,8.6
2026-09-05T00:00,276.933333333333,841.6,0.0,14.3666666666667,99.1133333333333,6.22666666666667,8.8
2026-09-05T00:15,277.666666666667,841.486666666667,0.0,14.18,99.0266666666667,6.72666666666667,9.5
2026-09-05T00:30,278.933333333333,841.293333333333,0.0,14.3666666666667,96.42,7.38666666666667,9.6
2026-09-05T01:00,277.666666666667,841.193333333333,0.0,14.5666666666667,96.1133333333333,6.41333333333333,8.8
2026-09-05T01:15,278.066666666667,841.113333333333,0.0,14.6066666666667,96.2333333333333,6.12666666666667,9.0
2026-09-05T01:30,278.6,841.1,0.0,14.6,96.1133333333333,6.02666666666667,8.9
2026-09-05T02:00,278.8,840.986666666667,0.0,14.5333333333333,96.5533333333333,5.92,7.8
2026-09-05T02:15,279.066666666667,840.846666666667,0.0,14.5,96.34,6.05333333333333,7.7
2026-09-05T02:30,278.8,840.8,0.0,14.5,95.9666666666667,5.76,7.9
2026-09-05T03:00,277.8,840.793333333333,0.0,14.4933333333333,95.4733333333333,5.35333333333333,7.5
2026-09-05T03:15,276.733333333333,840.733333333333,0.0,14.4733333333333,95.3866666666667,4.94,7.0
2026-09-05T03:30,274.8,840.7,0.0,14.4333333333333,94.6133333333333,4.58,6.4
2026-09-05T04:00,264.066666666667,840.673333333333,0.0,14.8466666666667,79.62,6.82,8.7
2026-09-05T04:15,260.266666666667,840.673333333333,0.0,14.96,81.2666666666667,7.28,8.9
2026-09-05T04:30,263.733333333333,840.7,0.0,15.0,80.9733333333333,6.13333333333333,8.2
2026-09-05T05:00,270.733333333333,840.84,20.64,15.2266666666667,77.5,5.50666666666667,8.0
2026-09-05T05:15,263.8,840.853333333333,40.7,15.34,77.8733333333333,6.27333333333333,7.9
2026-09-05T05:30,259.266666666667,840.88,94.0866666666667,15.4866666666667,77.0666666666667,6.58666666666667,7.7
2026-09-05T06:00,270.6,840.953333333333,199.806666666667,15.8333333333333,72.2533333333333,5.08,7.0
2026-09-05T06:15,274.133333333333,841.1,193.266666666667,15.9266666666667,69.6066666666667,4.43333333333333,6.5
2026-09-05T06:30,276.4,841.16,168.873333333333,15.9666666666667,68.9466666666667,4.86666666666667,7.2
2026-09-05T07:00,272.6,841.273333333333,381.74,15.96,68.14,3.54,5.6
2026-09-05T07:15,280.4,841.42,429.413333333333,16.0066666666667,67.4,3.5,5.0
2026-09-05T07:30,277.8,841.5,466.4,16.2066666666667,65.5733333333333,3.25333333333333,4.7
2026-09-05T08:00,274.466666666667,841.586666666667,441.666666666667,16.7466666666667,71.0133333333333,2.76666666666667,4.5
2026-09-05T08:15,284.133333333333,841.806666666667,333.24,16.6933333333333,71.5533333333333,2.4,4.1
2026-09-05T08:30,245.866666666667,841.913333333333,315.046666666667,16.8266666666667,72.5133333333333,2.01333333333333,3.3
2026-09-05T09:00,250.4,842.053333333333,361.986666666667,17.1533333333333,72.8,2.11333333333333,3.6
2026-09-05T09:15,248.4,842.1,430.04,17.3533333333333,71.8533333333333,2.0,3.0
2026-09-05T09:30,267.466666666667,842.186666666667,419.906666666667,17.4333333333333,72.2066666666667,1.56,3.1
2026-09-05T10:00,210.4,842.2,708.24,17.7333333333333,68.4066666666667,2.7,4.0
2026-09-05T10:15,216.733333333333,842.273333333333,806.893333333333,18.3466666666667,68.3333333333333,2.27333333333333,3.8
2026-09-05T10:30,179.933333333333,842.3,850.733333333333,18.7,66.5733333333333,2.48,4.1
2026-09-05T11:00,225.266666666667,842.213333333333,799.706666666667,18.54,70.6133333333333,1.56,3.4
2026-09-05T11:15,178.333333333333,842.293333333333,778.546666666667,18.84,69.0333333333333,2.23333333333333,3.9
2026-09-05T11:30,183.4,842.333333333333,812.546666666667,18.5933333333333,70.5733333333333,1.9,3.2
2026-09-05T12:00,199.2,842.4,880.186666666667,19.3333333333333,68.3133333333333,1.98666666666667,4.6
2026-09-05T12:15,171.2,842.333333333333,892.993333333333,18.9,66.84,2.96,6.3
2026-09-05T12:30,146.0,842.32,866.033333333333,18.46,67.5533333333333,3.02,4.6
2026-09-05T13:00,129.933333333333,842.2,832.506666666667,18.5666666666667,66.52,2.52666666666667,4.4
2026-09-05T13:15,142.2,842.2,786.786666666667,18.84,65.1333333333333,2.39333333333333,4.4
2026-09-05T13:30,138.133333333333,842.206666666667,760.52,18.6066666666667,66.1533333333333,2.84,6.1
2026-09-05T14:00,153.0,842.3,680.1,18.4,67.8,2.9,6.2
2026-09-05T14:15,149.0,842.2,636.2,18.6,67.5,3.5,6.1
2026-09-05T14:30,144.0,842.3,574.3,18.3,66.0,3.0,5.2
2026-09-05T15:00,114.0,842.6,433.8,18.6,66.8,2.2,4.1
2026-09-05T15:15,107.0,842.4,413.9,18.3,68.5,2.2,3.2
2026-09-05T15:30,112.0,842.5,380.6,17.8,68.9,2.6,4.0
2026-09-05T16:00,116.666666666667,842.493333333333,272.886666666667,17.9,68.4933333333333,2.86666666666667,4.7
2026-09-05T16:15,116.6,842.586666666667,206.6,17.6666666666667,68.84,3.01333333333333,4.4
2026-09-05T16:30,114.333333333333,842.646666666667,76.6066666666667,17.2933333333333,70.56,2.76666666666667,4.2
2026-09-05T17:00,88.9333333333333,842.8,69.64,16.4133333333333,79.5466666666667,3.64,5.3
2026-09-05T17:15,79.0,842.806666666667,25.7533333333333,15.8266666666667,83.28,5.58,7.1
2026-09-05T17:30,74.6666666666667,842.88,8.22666666666667,15.5333333333333,84.8466666666667,6.09333333333333,8.6
2026-09-05T18:00,80.1333333333333,843.206666666667,0.0,15.4533333333333,82.26,4.98666666666667,7.1
2026-09-05T18:15,76.2666666666667,843.32,0.0,14.9533333333333,82.1533333333333,6.07333333333333,8.8
2026-09-05T18:30,77.4,843.426666666667,0.0,15.18,82.3466666666667,5.70666666666667,7.1
2026-09-05T19:00,82.8,843.653333333333,0.0,14.8866666666667,80.5733333333333,6.48,8.4
2026-09-05T19:15,75.1333333333333,843.773333333333,0.0,14.8466666666667,81.4733333333333,6.3,8.8
2026-09-05T19:30,74.0,843.826666666667,0.0,14.7266666666667,84.1133333333333,6.34,8.4
2026-09-05T20:00,71.0666666666667,844.24,0.0,14.7466666666667,83.98,5.69333333333333,7.6
2026-09-05T20:15,64.6,844.4,0.0,14.9466666666667,83.3333333333333,3.86666666666667,5.4
2026-09-05T20:30,68.6666666666667,844.46,0.0,15.0266666666667,84.1066666666667,4.52,5.8
2026-09-05T21:00,63.7333333333333,844.5,0.0,15.04,82.54,3.95333333333333,4.7
2026-09-05T21:15,64.7333333333333,844.5,0.0,15.1133333333333,81.88,4.02,5.3
2026-09-05T21:30,71.7333333333333,844.446666666667,0.0,15.4266666666667,80.9133333333333,3.81333333333333,6.0
2026-09-05T22:00,70.3636363636364,844.445454545454,0.0,14.8,82.8181818181818,5.37272727272727,7.0
2026-09-05T22:15,73.9333333333333,844.433333333333,0.0,14.8866666666667,81.5933333333333,6.48,7.5
2026-09-05T22:30,72.1333333333333,844.473333333333,0.0,14.9,80.6866666666667,7.15333333333333,8.1
2026-09-05T23:15,71.4666666666667,844.686666666667,0.0,15.06,79.5866666666667,6.26666666666667,7.5
2026-09-05T23:30,71.2,844.68,0.0,15.1266666666667,79.18,6.3,7.7
2026-09-06T00:00,65.4,844.8,0.0,15.2466666666667,79.2333333333333,5.41333333333333,6.3
2026-09-06T00:15,72.0666666666667,844.76,0.0,15.1133333333333,78.5066666666667,5.85333333333333,7.4
2026-09-06T00:30,69.0,844.773333333333,0.0,15.0666666666667,77.7266666666667,6.27333333333333,7.5
2026-09-06T01:00,64.4,844.8,0.0,15.0266666666667,78.1066666666667,5.68666666666667,7.1
2026-09-06T01:15,64.0666666666667,844.793333333333,0.0,14.94,77.82,6.01333333333333,7.6
2026-09-06T01:30,59.8,844.893333333333,0.0,14.8466666666667,78.7066666666667,5.2,7.1
2026-09-06T02:00,63.0,844.753333333333,0.0,14.4333333333333,78.9266666666667,5.14666666666667,7.6
2026-09-06T02:15,73.2,844.58,0.0,13.7133333333333,81.6466666666667,7.16,9.4
2026-09-06T02:30,79.7333333333333,844.38,0.0,13.5666666666667,81.4333333333333,9.78666666666667,12.0
2026-09-06T03:00,77.8666666666667,844.453333333333,0.0,13.5666666666667,79.88,9.83333333333333,11.7
2026-09-06T03:15,75.3333333333333,844.5,0.0,13.52,79.94,9.06,11.1
2026-09-06T03:30,76.9333333333333,844.406666666667,0.0,13.4933333333333,79.9533333333333,10.46,12.4
2026-09-06T04:00,76.8666666666667,844.433333333333,0.0,13.1733333333333,81.9933333333333,11.2133333333333,13.9
2026-09-06T04:15,76.8,844.466666666667,0.0,13.18,81.4466666666667,11.3333333333333,13.6
2026-09-06T04:30,76.3333333333333,844.653333333333,0.0,13.1,81.8666666666667,10.8666666666667,13.6
2026-09-06T05:00,72.9333333333333,844.9,18.7533333333333,13.1866666666667,81.2133333333333,9.31333333333333,11.3
2026-09-06T05:15,74.0,844.88,40.1533333333333,13.4133333333333,80.3733333333333,9.73333333333333,12.2
2026-09-06T05:30,72.6666666666667,844.953333333333,90.26,13.56,79.9266666666667,9.55333333333333,12.0
2026-09-06T06:00,77.2,845.226666666667,207.293333333333,13.8266666666667,78.6466666666667,9.68666666666667,12.2
2026-09-06T06:15,75.8666666666667,845.26,245.813333333333,13.8466666666667,79.28,9.28666666666667,11.2
2026-09-06T06:30,77.6,845.333333333333,295.626666666667,13.8533333333333,79.3066666666667,9.39333333333333,11.6
2026-09-06T07:00,78.2666666666667,845.513333333333,380.18,13.6933333333333,82.0666666666667,8.91333333333333,10.9
2026-09-06T07:15,79.1333333333333,845.646666666667,448.646666666667,13.8466666666667,81.4933333333333,8.76666666666667,10.4
2026-09-06T07:30,78.6666666666667,845.806666666667,526.413333333333,13.9666666666667,81.7266666666667,8.09333333333333,10.2
2026-09-06T08:00,75.5333333333333,846.0,654.446666666667,14.4733333333333,81.16,6.82666666666667,9.2
2026-09-06T08:15,76.5333333333333,846.226666666667,693.766666666667,14.7866666666667,78.9133333333333,5.41333333333333,7.4
2026-09-06T08:30,82.8,846.313333333333,729.013333333333,14.9,78.2133333333333,4.73333333333333,6.7
2026-09-06T09:00,81.7333333333333,846.3,782.846666666667,15.3533333333333,77.52,4.82,6.7
2026-09-06T09:15,89.2666666666667,846.306666666667,811.473333333333,15.1866666666667,77.4866666666667,4.70666666666667,6.7
2026-09-06T09:30,97.0666666666667,846.4,832.793333333333,15.9066666666667,75.9933333333333,3.79333333333333,5.9
2026-09-06T10:00,100.4,846.326666666667,927.386666666667,15.8533333333333,74.8333333333333,3.66666666666667,5.5
2026-09-06T10:15,94.5333333333333,846.353333333333,950.513333333333,16.1733333333333,73.2866666666667,3.42666666666667,5.2
2026-09-06T10:30,99.5333333333333,846.313333333333,966.693333333333,16.6266666666667,72.66,3.2,4.9
2026-09-06T11:00,220.066666666667,846.38,956.8,17.8066666666667,68.6133333333333,1.66666666666667,3.6
2026-09-06T11:15,273.266666666667,846.4,828.32,17.1,63.8866666666667,1.38,2.7
2026-09-06T11:30,273.733333333333,846.48,681.6,16.7866666666667,69.5866666666667,2.06,4.1
2026-09-06T12:00,207.066666666667,846.553333333333,616.493333333333,16.38,70.74,3.22666666666667,6.1
2026-09-06T12:15,183.866666666667,846.62,1003.21333333333,16.7733333333333,69.2533333333333,2.87333333333333,5.4
2026-09-06T12:30,158.333333333333,846.6,993.42,17.7,67.6133333333333,3.06666666666667,5.5
2026-09-06T13:00,134.818181818182,846.6,950.372727272727,17.9272727272727,65.7181818181818,2.60909090909091,4.5
2026-09-06T13:15,200.8,846.533333333333,461.253333333333,17.48,67.3333333333333,2.4,4.8
2026-09-06T13:30,188.0,846.5,520.453333333333,17.4066666666667,67.8866666666667,2.04666666666667,4.0
2026-09-06T14:00,172.933333333333,846.5,660.686666666667,17.36,67.92,2.72,4.5
2026-09-06T14:15,181.533333333333,846.5,475.673333333333,17.3,68.02,1.96666666666667,3.6
2026-09-06T14:30,145.0,846.5,584.68,17.14,68.7533333333333,2.62,4.8
2026-09-06T15:00,178.133333333333,846.413333333333,398.313333333333,17.26,67.9933333333333,2.36,4.3
2026-09-06T15:15,146.0,846.426666666667,366.153333333333,16.8066666666667,69.2533333333333,2.14,4.0
2026-09-06T15:30,157.8,846.4,367.033333333333,16.9466666666667,69.4066666666667,2.25333333333333,3.5
2026-09-06T16:00,124.666666666667,846.393333333333,296.5,16.3666666666667,70.94,2.72666666666667,3.6
2026-09-06T16:15,113.4,846.36,232.38,16.4266666666667,71.2466666666667,1.36,2.4
2026-09-06T16:30,119.333333333333,846.4,171.0,16.3266666666667,70.5533333333333,1.02666666666667,1.9
2026-09-06T17:00,130.933333333333,846.486666666667,60.22,15.7733333333333,71.62,1.81333333333333,2.8
2026-09-06T17:15,129.266666666667,846.5,29.16,16.0066666666667,70.72,0.76,1.4
2026-09-06T17:30,140.285714285714,846.546666666667,14.1866666666667,15.9666666666667,70.4466666666667,0.506666666666667,1.1
2026-09-06T18:00,140.5,846.633333333333,0.0,15.7333333333333,70.8533333333333,0.533333333333333,1.3
2026-09-06T18:15,86.0666666666667,846.8,0.0,15.7,71.2133333333333,1.06666666666667,1.4
2026-09-06T18:30,60.8666666666667,846.833333333333,0.0,15.62,71.52,1.34666666666667,1.8
2026-09-06T19:00,54.4666666666667,847.0,0.0,15.2733333333333,73.3466666666667,2.08,3.1
2026-09-06T19:15,55.2,847.113333333333,0.0,15.2933333333333,73.2133333333333,1.49333333333333,2.3
2026-09-06T19:30,68.4,847.1,0.0,15.2533333333333,72.4666666666667,2.29333333333333,3.0
2026-09-06T20:00,66.0,847.1,0.0,15.6,70.8,2.6,3.4
2026-09-06T20:15,50.0,847.2,0.0,15.6,70.9,1.9,2.4
2026-09-06T20:30,29.0,847.2,0.0,15.6,70.7,1.2,2.1
2026-09-06T21:00,59.0,847.2,0.0,15.2,71.3,2.1,3.4
2026-09-06T21:15,43.0,847.2,0.0,15.5,71.7,2.3,2.9
2026-09-06T21:30,46.0,847.2,0.0,15.3,71.9,1.5,2.3
2026-09-06T22:00,83.0,847.18,0.0,15.18,71.22,1.75333333333333,3.0
2026-09-06T22:15,92.6,847.206666666667,0.0,15.1733333333333,71.32,2.08,3.0
2026-09-06T22:30,89.4,847.266666666667,0.0,15.1866666666667,71.5933333333333,1.83333333333333,2.6
2026-09-06T23:15,66.0666666666667,847.12,0.0,15.1066666666667,71.5533333333333,1.42666666666667,2.2
2026-09-06T23:30,85.5,847.026666666667,0.0,15.22,71.3133333333333,0.68,3.2
2026-09-07T00:00,64.8,846.9,0.0,14.86,72.0866666666667,2.6,3.4
2026-09-07T00:15,81.2666666666667,846.9,0.0,14.9933333333333,71.1933333333333,1.72,2.7
2026-09-07T00:30,90.3333333333333,846.8,0.0,15.0933333333333,70.4666666666667,1.44666666666667,1.9
2026-09-07T01:00,63.2,846.813333333333,0.0,14.0333333333333,72.2333333333333,2.82,4.6
2026-09-07T01:15,66.4666666666667,846.7,0.0,13.5333333333333,73.5066666666667,3.94,5.5
2026-09-07T01:30,62.3333333333333,846.64,0.0,13.4733333333333,72.9933333333333,3.42,5.1
2026-09-07T02:00,77.3333333333333,846.553333333333,0.0,14.06,71.94,2.09333333333333,3.7
2026-09-07T02:15,59.0666666666667,846.466666666667,0.0,13.7333333333333,73.0666666666667,2.21333333333333,4.2
2026-09-07T02:30,127.0,846.3,0.0,13.9666666666667,72.4866666666667,1.72666666666667,3.5
2026-09-07T03:00,53.7333333333333,846.293333333333,0.0,14.08,72.6533333333333,2.16,4.2
2026-09-07T03:15,63.8,846.2,0.0,14.1266666666667,72.36,1.8,2.7
2026-09-07T03:30,149.933333333333,846.14,0.0,14.5,71.5066666666667,1.51333333333333,2.3
2026-09-07T04:00,68.3333333333333,846.04,0.0,13.8133333333333,72.3133333333333,2.15333333333333,3.7
2026-09-07T04:15,57.7333333333333,846.04,0.0,13.4533333333333,73.1133333333333,2.68,3.9
2026-09-07T04:30,56.9333333333333,846.013333333333,0.746666666666667,13.52,73.0133333333333,2.45333333333333,3.5
2026-09-07T05:00,223.866666666667,846.133333333333,21.22,14.4066666666667,73.4533333333333,1.34,2.2
2026-09-07T05:15,283.733333333333,846.2,37.9,14.9333333333333,72.7933333333333,1.91333333333333,2.2
2026-09-07T05:30,280.0,846.2,64.66,15.0,72.16,2.24666666666667,2.7
2026-09-07T06:00,287.4,846.246666666667,190.366666666667,14.92,72.22,2.76666666666667,3.3
2026-09-07T06:15,294.266666666667,846.253333333333,239.533333333333,14.9933333333333,71.2,2.64666666666667,3.0
2026-09-07T06:30,293.2,846.306666666667,292.506666666667,14.92,71.96,3.02666666666667,3.5
2026-09-07T07:00,291.866666666667,846.4,394.32,15.0933333333333,71.3,1.40666666666667,1.6
2026-09-07T07:15,294.6,846.373333333333,461.766666666667,15.28,70.2533333333333,1.34666666666667,1.7
2026-09-07T07:30,145.266666666667,846.4,476.353333333333,16.12,67.5266666666667,1.46666666666667,3.0
2026-09-07T08:00,256.533333333333,846.48,578.053333333333,16.4933333333333,70.14,0.973333333333333,2.2
2026-09-07T08:15,178.4,846.5,635.44,16.7533333333333,66.5466666666667,1.14,2.4
2026-09-07T08:30,121.133333333333,846.473333333333,716.446666666667,16.9333333333333,64.5133333333333,2.53333333333333,5.6
2026-09-07T09:00,268.666666666667,846.6,754.966666666667,16.8666666666667,68.0333333333333,1.09333333333333,1.9
2026-09-07T09:15,214.733333333333,846.6,799.806666666667,17.1466666666667,67.14,2.04,4.2
2026-09-07T09:30,201.6,846.6,836.966666666667,17.5666666666667,67.0666666666667,2.06,4.8
2026-09-07T10:00,195.933333333333,846.533333333333,924.806666666667,17.5,66.6866666666667,2.21333333333333,4.7
2026-09-07T10:15,204.6,846.513333333333,932.2,18.28,65.5133333333333,1.37333333333333,2.8
2026-09-07T10:30,214.333333333333,846.493333333333,925.773333333333,18.26,64.8333333333333,1.92666666666667,3.5
2026-09-07T11:00,246.933333333333,846.5,944.52,18.0,65.5533333333333,2.08666666666667,4.7
2026-09-07T11:15,234.8,846.506666666667,949.4,18.5666666666667,65.5533333333333,1.78666666666667,4.2
2026-09-07T11:30,207.333333333333,846.5,956.533333333333,18.7,64.5733333333333,2.74,5.0
2026-09-07T12:00,169.272727272727,846.336363636364,939.127272727273,19.0818181818182,62.6181818181818,2.75454545454545,4.4
2026-09-07T12:15,201.866666666667,846.366666666667,912.726666666667,19.2533333333333,63.3733333333333,2.57333333333333,5.7
2026-09-07T12:30,176.133333333333,846.233333333333,878.86,19.0266666666667,61.52,3.17333333333333,5.9
2026-09-07T13:00,179.133333333333,846.14,802.633333333333,18.6733333333333,64.4066666666667,2.96,5.5
2026-09-07T13:15,189.266666666667,846.053333333333,763.3,18.84,64.0866666666667,2.66666666666667,5.5
2026-09-07T13:30,184.133333333333,845.94,728.066666666667,18.7533333333333,63.2266666666667,2.28,4.3
2026-09-07T14:00,171.0,845.76,657.753333333333,18.8133333333333,63.46,2.35333333333333,4.1
2026-09-07T14:15,177.666666666667,845.62,611.22,18.88,63.3066666666667,2.34666666666667,4.0
2026-09-07T14:30,159.333333333333,845.58,555.24,18.94,62.8933333333333,1.99333333333333,3.5
2026-09-07T15:00,143.4,845.306666666667,453.34,18.32,64.1733333333333,2.3,4.4
2026-09-07T15:15,159.266666666667,845.3,402.953333333333,18.5133333333333,64.62,1.57333333333333,3.1
2026-09-07T15:30,142.6,845.293333333333,343.153333333333,18.1666666666667,65.7,1.81333333333333,3.1
2026-09-07T15:45,163.133333333333,845.3,252.086666666667,17.9066666666667,66.9666666666667,1.68,3.1
2026-09-07T16:15,99.0,845.0,175.353333333333,17.3333333333333,69.8133333333333,1.90666666666667,2.8
2026-09-07T16:30,72.8666666666667,844.9,143.4,17.58,66.1466666666667,1.67333333333333,2.3
2026-09-07T17:00,96.5333333333333,845.1,24.9733333333333,17.3,65.4533333333333,2.68,3.4
2026-09-07T17:15,109.133333333333,845.0,11.48,16.8733333333333,68.84,2.78666666666667,3.5
2026-09-07T17:30,84.6666666666667,844.98,1.54666666666667,16.98,67.8733333333333,3.32666666666667,3.9
2026-09-07T18:00,77.1333333333333,845.386666666667,0.0,17.2666666666667,65.84,1.48,1.9
2026-09-07T18:15,159.533333333333,845.433333333333,0.0,17.2133333333333,66.4333333333333,1.26,2.0
2026-09-07T18:30,253.733333333333,845.6,0.0,16.86,70.4133333333333,0.72,1.3
2026-09-07T19:00,324.0,845.5,0.8,17.0,64.5,2.8,4.4
2026-09-07T19:15,53.0,845.2,0.0,16.1,75.5,5.0,6.5
2026-09-07T19:30,32.0,845.3,0.0,16.2,75.2,4.0,5.9
2026-09-07T19:45,34.0,845.6,0.0,17.3,66.0,2.9,4.5
2026-09-07T20:15,345.0,845.8,0.0,16.5,72.6,2.3,3.5
2026-09-07T20:30,352.0,845.8,0.0,16.2,76.7,2.9,5.0
2026-09-07T21:00,43.0,845.5,0.0,16.0,75.0,3.9,6.1
2026-09-07T21:15,45.0,845.2,0.0,16.1,74.9,4.0,5.1
2026-09-07T21:30,39.0,845.4,0.0,15.5,76.6,4.3,5.5
2026-09-07T22:00,41.8,845.2,0.0,15.8666666666667,74.3066666666667,3.30666666666667,4.7
2026-09-07T22:15,80.1333333333333,845.14,0.0,16.9,63.5866666666667,2.56666666666667,3.6
2026-09-07T22:30,69.3333333333333,845.06,0.0,17.0,63.16,1.32,2.3
2026-09-07T23:15,101.0,844.846666666667,0.0,17.3666666666667,52.4,0.906666666666667,2.3
2026-09-07T23:30,219.4,844.8,0.0,17.22,52.0,1.26666666666667,2.7
2026-09-08T00:00,147.090909090909,844.566666666667,0.0,17.24,52.4533333333333,0.58,1.4
2026-09-08T00:15,258.2,844.473333333333,0.0,17.3733333333333,44.84,1.48,1.8
2026-09-08T00:30,263.466666666667,844.4,0.0,17.3666666666667,47.1266666666667,1.31333333333333,1.9
2026-09-08T01:00,276.933333333333,844.3,0.0,17.2533333333333,52.9466666666667,1.12666666666667,1.5
2026-09-08T01:15,290.533333333333,844.24,0.0,17.14,53.5733333333333,1.07333333333333,1.5
2026-09-08T01:30,299.4,844.2,0.0,17.1133333333333,53.6933333333333,1.14666666666667,1.3
2026-09-08T02:00,310.333333333333,843.86,0.0,16.9666666666667,55.2533333333333,1.58666666666667,2.2
2026-09-08T02:15,307.333333333333,843.76,0.0,16.84,56.02,1.10666666666667,1.2
2026-09-08T02:30,305.266666666667,843.68,0.0,16.78,56.1933333333333,1.46,2.0
2026-09-08T03:00,322.8,843.553333333333,0.0,16.8266666666667,53.28,1.22,2.0
2026-09-08T03:15,323.533333333333,843.5,0.0,16.9333333333333,52.8333333333333,2.17333333333333,2.5
2026-09-08T03:30,325.466666666667,843.3,0.0,16.9666666666667,52.04,1.68,2.1
2026-09-08T04:00,47.75,843.026666666667,0.0,17.0,45.9266666666667,0.226666666666667,1.5
2026-09-08T04:15,131.133333333333,843.086666666667,0.0,17.1733333333333,44.8533333333333,0.613333333333333,1.2
2026-09-08T04:30,207.0,843.1,0.0,17.4133333333333,44.2,0.76,0.9
2026-09-08T05:00,248.066666666667,843.0,16.9533333333333,17.2533333333333,47.36,0.786666666666667,1.2
2026-09-08T05:15,207.333333333333,843.0,31.82,17.2066666666667,50.1466666666667,0.673333333333333,1.2
2026-09-08T05:30,240.6,843.0,78.0266666666667,17.3933333333333,47.32,0.533333333333333,1.2
2026-09-08T06:00,141.4,843.0,181.046666666667,17.74,50.0266666666667,1.33333333333333,2.1
2026-09-08T06:15,143.4,843.0,233.96,17.8333333333333,48.36,1.40666666666667,2.2
2026-09-08T06:30,139.4,842.986666666667,286.566666666667,18.0,48.8466666666667,1.35333333333333,2.1
2026-09-08T07:00,143.933333333333,842.9,397.093333333333,18.1333333333333,47.96,1.53333333333333,2.5
2026-09-08T07:15,140.866666666667,842.9,463.02,18.3066666666667,50.56,1.74,3.6
2026-09-08T07:30,135.333333333333,842.833333333333,516.7,18.0666666666667,58.1533333333333,2.21333333333333,3.6
2026-09-08T08:00,120.133333333333,842.76,592.566666666667,18.4,58.7466666666667,2.98,4.6
2026-09-08T08:15,133.266666666667,842.733333333333,635.06,18.3666666666667,57.2466666666667,3.38666666666667,5.6
2026-09-08T08:30,133.666666666667,842.613333333333,685.493333333333,18.26,57.84,3.66,5.4
2026-09-08T09:00,144.866666666667,842.5,746.173333333333,18.5933333333333,53.3666666666667,3.56,5.4
2026-09-08T09:15,162.933333333333,842.5,783.773333333333,18.62,47.7666666666667,3.18,4.9
2026-09-08T09:30,151.266666666667,842.453333333333,820.746666666667,18.6733333333333,53.9466666666667,3.35333333333333,5.9
2026-09-08T10:00,150.6,842.306666666667,911.22,18.8266666666667,53.4533333333333,3.70666666666667,6.5
2026-09-08T10:15,143.666666666667,842.22,918.813333333333,19.08,53.24,3.69333333333333,6.7
2026-09-08T11:00,171.933333333333,841.98,910.86,19.0266666666667,54.5466666666667,3.44666666666667,7.0
2026-09-08T11:15,155.133333333333,841.826666666667,923.58,18.7066666666667,57.3933333333333,3.70666666666667,8.3
2026-09-08T11:30,163.333333333333,841.693333333333,926.066666666667,19.32,59.3733333333333,3.98666666666667,7.3
2026-09-08T12:00,152.0,841.466666666667,901.2,19.3533333333333,56.8533333333333,4.26,6.8
2026-09-08T12:15,163.6,841.333333333333,884.506666666667,19.0133333333333,58.4066666666667,3.85333333333333,7.6
2026-09-08T12:30,165.266666666667,841.2,877.646666666667,19.4533333333333,58.1933333333333,3.65333333333333,6.8
2026-09-08T13:00,151.363636363636,841.063636363636,833.136363636364,19.1090909090909,57.8727272727273,4.1,6.7
2026-09-08T13:15,155.909090909091,840.990909090909,784.790909090909,19.3272727272727,58.0636363636364,3.44545454545455,6.2
2026-09-08T13:30,147.933333333333,840.886666666667,728.406666666667,19.12,58.32,3.47333333333333,6.5
2026-09-08T14:00,159.4,840.626666666667,634.313333333333,19.2533333333333,57.8866666666667,3.56,6.1
2026-09-08T14:15,169.933333333333,840.48,593.74,19.0733333333333,55.7666666666667,3.92666666666667,6.3
2026-09-08T14:30,174.266666666667,840.373333333333,537.726666666667,19.2133333333333,53.0866666666667,3.50666666666667,5.7
2026-09-08T15:00,156.909090909091,840.009090909091,450.672727272727,18.9545454545455,54.8090909090909,2.56363636363636,4.8
2026-09-08T15:15,182.466666666667,839.86,404.613333333333,18.9,53.5066666666667,2.6,4.3
2026-09-08T15:30,161.266666666667,839.733333333333,351.526666666667,18.64,53.4866666666667,2.66666666666667,4.2
2026-09-08T15:45,161.866666666667,839.606666666667,293.32,18.52,54.8466666666667,2.32,3.6
2026-09-08T16:15,173.636363636364,839.390909090909,196.890909090909,18.1363636363636,56.1636363636364,2.2,3.5
2026-09-08T16:30,184.066666666667,839.266666666667,141.113333333333,17.9533333333333,60.1466666666667,2.26666666666667,3.4
2026-09-08T17:00,197.4,839.12,49.24,17.3066666666667,64.0466666666667,2.59333333333333,3.2
2026-09-08T17:15,197.066666666667,839.02,25.7533333333333,16.9866666666667,64.6666666666667,2.42,3.0
2026-09-08T17:30,184.6,838.806666666667,10.26,16.9,62.92,2.30666666666667,2.8
2026-09-08T18:00,157.066666666667,838.673333333333,0.0,17.6933333333333,48.8,2.38,3.8
2026-09-08T18:15,164.733333333333,838.733333333333,0.0,17.7,48.4466666666667,2.74,3.8
2026-09-08T18:30,158.6,838.78,0.0,17.52,50.84,2.63333333333333,3.6
2026-09-08T19:00,173.066666666667,838.9,0.0,17.0333333333333,59.62,3.12,3.7
2026-09-08T19:15,164.733333333333,838.886666666667,0.0,16.9133333333333,58.98,3.30666666666667,3.9
2026-09-08T19:30,165.066666666667,838.86,0.0,16.6333333333333,63.0133333333333,3.10666666666667,4.5
2026-09-08T20:00,193.533333333333,838.733333333333,0.0,16.36,64.6133333333333,3.58,4.0
2026-09-08T20:15,197.466666666667,838.62,0.0,16.38,62.6666666666667,3.81333333333333,4.5
2026-09-08T20:30,187.8,838.46,0.0,16.2333333333333,65.0,3.94,4.5
2026-09-08T21:00,187.727272727273,838.390909090909,0.0,15.9272727272727,70.9727272727273,3.65454545454545,4.1
2026-09-08T21:15,196.733333333333,838.4,0.0,15.78,73.36,3.71333333333333,4.6
2026-09-08T21:30,217.533333333333,838.366666666667,0.0,15.48,78.4066666666667,3.76,4.3
2026-09-08T21:45,219.0,838.246666666667,0.0,15.3866666666667,77.7266666666667,3.17333333333333,3.9
2026-09-08T22:15,197.933333333333,838.046666666667,0.0,16.0066666666667,59.8933333333333,3.48666666666667,4.1
2026-09-08T22:30,179.066666666667,837.886666666667,0.0,15.8533333333333,65.92,2.68666666666667,3.0
2026-09-08T23:15,220.818181818182,837.6,0.0,15.6545454545455,66.3636363636364,2.56363636363636,3.0
2026-09-08T23:30,243.066666666667,837.5,0.0,15.4733333333333,69.4066666666667,1.99333333333333,2.5
2026-09-09T00:00,267.8,837.34,0.0,15.2333333333333,72.1066666666667,2.16,3.1
2026-09-09T00:15,277.266666666667,837.22,0.0,15.38,68.0866666666667,1.90666666666667,3.0
2026-09-09T00:30,287.266666666667,837.0,0.0,15.52,65.9933333333333,2.97333333333333,3.5
2026-09-09T01:00,283.866666666667,836.793333333333,0.0,15.54,62.4,3.53333333333333,4.3
2026-09-09T01:15,278.466666666667,836.566666666667,0.0,16.16,56.4866666666667,3.61333333333333,5.5
2026-09-09T01:30,275.333333333333,836.326666666667,0.0,16.1533333333333,56.28,2.62,4.1
2026-09-09T01:45,271.266666666667,836.2,0.0,16.02,56.38,3.03333333333333,4.8
2026-09-09T02:15,262.4,836.073333333333,0.0,15.8733333333333,61.2933333333333,4.64666666666667,5.6
2026-09-09T02:30,261.666666666667,836.06,0.0,15.74,56.0466666666667,5.08666666666667,6.3
2026-09-09T03:00,267.066666666667,836.02,0.0,15.5666666666667,57.4733333333333,3.98666666666667,5.2
2026-09-09T03:15,267.533333333333,835.913333333333,0.0,15.4,59.6533333333333,4.34666666666667,5.5
2026-09-09T03:30,267.533333333333,835.813333333333,0.0,15.5266666666667,58.8333333333333,4.14,5.8
2026-09-09T04:00,270.066666666667,835.873333333333,0.0,15.56,60.48,4.24,6.1
2026-09-09T04:15,266.533333333333,835.9,0.0333333333333333,15.4533333333333,61.4333333333333,5.34,7.2
2026-09-09T04:30,264.866666666667,835.86,2.95333333333333,15.42,63.26,5.85333333333333,7.9
2026-09-09T05:00,271.2,835.553333333333,6.43333333333333,11.98,88.84,11.8466666666667,19.7
2026-09-09T05:15,279.333333333333,835.793333333333,0.9,11.58,86.26,11.4066666666667,16.8
2026-09-09T05:30,281.0,835.973333333333,2.56,12.76,73.36,11.2266666666667,16.0
2026-09-09T06:00,284.333333333333,836.126666666667,11.6733333333333,13.4866666666667,69.7266666666667,7.66,12.3
2026-09-09T06:15,285.866666666667,835.806666666667,15.0933333333333,13.8333333333333,65.86,7.68,12.1
2026-09-09T06:30,247.866666666667,835.153333333333,23.3133333333333,14.8533333333333,59.1133333333333,5.86666666666667,12.8
2026-09-09T07:00,333.909090909091,835.263636363636,63.3727272727273,15.8272727272727,51.5727272727273,3.85454545454545,5.2
2026-09-09T07:15,228.933333333333,835.193333333333,153.36,16.4666666666667,47.6066666666667,1.38666666666667,3.0
2026-09-09T07:30,198.466666666667,835.073333333333,231.206666666667,16.9333333333333,47.4533333333333,1.5,2.6
2026-09-09T07:45,142.666666666667,835.16,246.033333333333,16.2733333333333,52.9666666666667,2.90666666666667,3.7
2026-09-09T08:15,146.533333333333,835.153333333333,155.806666666667,15.4,56.4266666666667,4.68666666666667,7.0
2026-09-09T08:30,185.533333333333,835.446666666667,75.3266666666667,14.2133333333333,65.58,6.11333333333333,11.0
2026-09-09T09:00,270.727272727273,834.990909090909,0.0363636363636364,10.9181818181818,99.1545454545455,14.4363636363636,21.2
2026-09-09T09:15,247.2,836.046666666667,0.22,10.4533333333333,98.56,11.0133333333333,18.7
2026-09-09T09:30,204.466666666667,836.16,0.173333333333333,10.42,95.5066666666667,4.9,6.9
2026-09-09T09:45,267.133333333333,835.62,1.46666666666667,11.8,83.4533333333333,8.19333333333333,11.4
2026-09-09T10:15,263.0,834.42,27.8133333333333,13.08,71.94,7.4,12.1
2026-09-09T10:30,249.333333333333,834.18,46.04,13.2266666666667,70.4133333333333,10.3133333333333,14.3
2026-09-09T11:00,216.933333333333,834.826666666667,184.706666666667,11.62,85.0733333333333,6.48,8.9
2026-09-09T11:15,208.6,834.926666666667,253.193333333333,11.5733333333333,86.42,4.44666666666667,6.0
2026-09-09T11:30,190.8,834.826666666667,448.226666666667,11.8866666666667,87.06,4.62666666666667,5.9
2026-09-09T11:45,169.8,834.766666666667,511.953333333333,12.0133333333333,86.0333333333333,4.13333333333333,5.5
2026-09-09T12:15,184.8,834.613333333333,846.026666666667,13.5666666666667,82.0066666666667,2.41333333333333,4.8
2026-09-09T12:30,141.0,834.706666666667,718.426666666667,13.0533333333333,88.3266666666667,2.24666666666667,4.9
2026-09-09T13:00,125.363636363636,834.663636363636,599.127272727273,13.4909090909091,86.5,1.06363636363636,2.6
2026-09-09T13:15,158.727272727273,834.609090909091,647.145454545455,13.9909090909091,87.5727272727273,1.92727272727273,3.9
2026-09-09T13:30,201.533333333333,834.793333333333,363.353333333333,13.8266666666667,84.1733333333333,1.85333333333333,2.8
2026-09-09T13:45,229.533333333333,834.9,376.773333333333,14.1466666666667,74.2066666666667,2.62666666666667,3.9
2026-09-09T14:15,235.0,834.86,91.8933333333333,13.7733333333333,69.1066666666667,3.73333333333333,6.7
2026-09-09T14:30,252.066666666667,835.146666666667,34.1666666666667,12.8733333333333,82.1933333333333,7.3,18.2
2026-09-09T15:00,289.133333333333,834.926666666667,6.04,11.3466666666667,84.46,8.24666666666667,11.9
2026-09-09T15:15,284.666666666667,834.706666666667,9.23333333333333,11.42,88.4933333333333,8.34,11.7
2026-09-09T15:30,281.933333333333,834.573333333333,15.8266666666667,11.46,92.5666666666667,7.06,10.4
2026-09-09T15:45,275.666666666667,834.58,43.92,11.4266666666667,93.68,5.51333333333333,9.4
2026-09-09T16:15,250.466666666667,834.18,109.213333333333,12.3733333333333,92.5066666666667,9.14,12.1
2026-09-09T16:30,250.533333333333,834.16,132.32,12.5133333333333,90.2666666666667,8.40666666666667,10.8
2026-09-09T17:00,231.133333333333,834.253333333333,19.1666666666667,12.36,89.0,7.23333333333333,9.2
2026-09-09T17:15,230.0,834.34,9.4,12.34,87.72,6.49333333333333,9.0
2026-09-09T17:30,231.266666666667,834.393333333333,0.0,12.6666666666667,85.14,7.75333333333333,9.7
2026-09-09T18:00,242.333333333333,834.613333333333,0.0,12.38,86.2733333333333,6.26,8.6
2026-09-09T18:15,246.727272727273,834.745454545455,0.0,12.1727272727273,88.1090909090909,5.88181818181818,7.6
2026-09-09T18:30,234.0,835.12,0.0,12.0666666666667,87.54,5.07333333333333,6.2
2026-09-09T19:00,258.133333333333,835.0,0.0,12.04,90.4533333333333,5.42666666666667,6.6
2026-09-09T19:15,257.533333333333,835.2,0.0,12.0,91.52,5.48,6.7
2026-09-09T19:30,246.333333333333,835.626666666667,0.0,11.9533333333333,92.4466666666667,5.38666666666667,6.8
2026-09-09T19:45,249.066666666667,835.78,0.0,11.8866666666667,92.9333333333333,5.0,6.2
2026-09-09T20:15,246.466666666667,835.813333333333,0.0,11.4733333333333,95.8066666666667,4.25333333333333,5.6
2026-09-09T20:30,246.2,835.866666666667,0.0,11.4066666666667,97.8666666666667,5.18,6.6
2026-09-09T21:00,198.8,836.193333333333,0.0,10.9066666666667,99.2866666666667,4.84666666666667,7.7
2026-09-09T21:15,178.866666666667,836.2,0.0,10.78,99.32,2.97333333333333,4.4
2026-09-09T21:30,218.466666666667,835.753333333333,0.0,10.9333333333333,98.2933333333333,2.00666666666667,3.3
2026-09-09T22:00,243.866666666667,835.54,0.0,11.3866666666667,94.1666666666667,3.07333333333333,4.6
2026-09-09T22:15,275.466666666667,835.506666666667,0.0,11.5066666666667,93.16,2.72,4.2
2026-09-09T22:30,246.133333333333,835.573333333333,0.0,11.5,93.7933333333333,2.55333333333333,3.7
2026-09-09T23:15,205.133333333333,835.88,0.0,11.5,97.3666666666667,3.98,4.6
2026-09-09T23:30,178.0,835.886666666667,0.0,11.3733333333333,97.3933333333333,3.54666666666667,4.2
2026-09-10T00:00,142.8,835.72,0.0,11.3533333333333,98.6333333333333,3.22666666666667,3.8
2026-09-10T00:15,128.4,835.326666666667,0.0,10.98,99.1,2.71333333333333,3.1
2026-09-10T00:30,131.933333333333,835.313333333333,0.0,11.0266666666667,98.6066666666667,2.42666666666667,3.6
2026-09-10T01:15,116.533333333333,835.286666666667,0.0,11.3066666666667,99.3133333333333,4.44,5.4
2026-09-10T01:30,116.466666666667,835.14,0.0,11.48,99.32,4.99333333333333,6.3
2026-09-10T02:00,121.933333333333,834.96,0.0,12.1,99.3133333333333,6.47333333333333,8.7
2026-09-10T02:15,104.933333333333,834.726666666667,0.0,11.9266666666667,99.3133333333333,7.61333333333333,8.8
2026-09-10T02:30,102.533333333333,834.5,0.0,11.9066666666667,99.3133333333333,8.03333333333333,10.0
2026-09-10T03:00,114.363636363636,834.518181818182,0.0,11.5454545454545,99.3454545454545,8.25454545454545,10.4
2026-09-10T03:15,108.6,834.446666666667,0.0,11.3933333333333,99.3266666666667,9.27333333333333,12.8
2026-09-10T03:30,104.133333333333,833.84,0.28,11.36,99.3333333333333,11.5933333333333,14.8
2026-09-10T03:45,119.2,834.353333333333,0.0,11.4733333333333,99.3133333333333,5.70666666666667,12.7
2026-09-10T04:15,126.666666666667,833.883333333333,0.416666666666667,12.0166666666667,99.3166666666667,8.7,11.6
2026-09-10T04:30,115.0,833.7,0.0,11.7,99.3,11.2,15.1
2026-09-10T05:00,112.0,834.1,6.1,11.6,99.3,7.8,17.4
2026-09-10T05:15,128.0,834.4,2.0,11.6,99.3,9.6,16.1
2026-09-10T05:30,115.0,834.3,21.9,11.4,99.3,9.6,18.1
2026-09-10T05:45,113.0,834.1,18.0,11.3,99.3,12.0,16.4
2026-09-10T06:15,115.071428571429,833.971428571429,0.507142857142857,11.2714285714286,99.3142857142857,14.2,18.6
2026-09-10T06:30,112.733333333333,834.113333333333,4.23333333333333,11.1733333333333,99.3333333333333,14.2133333333333,17.4
2026-09-10T07:00,115.636363636364,835.345454545454,0.563636363636364,10.6363636363636,99.3363636363636,12.1636363636364,15.6
2026-09-10T07:15,111.666666666667,836.973333333333,0.84,10.38,99.3266666666667,5.69333333333333,9.7
2026-09-10T07:30,93.4,836.913333333333,8.0,9.97333333333333,99.32,6.47333333333333,10.3
2026-09-10T07:45,88.0,836.393333333333,32.14,9.48,99.3066666666667,10.5,13.3
2026-09-10T08:15,72.2,836.153333333333,2.0,8.88666666666667,99.34,12.8333333333333,18.9
2026-09-10T08:30,89.5333333333333,835.753333333333,6.39333333333333,9.14,99.32,16.88,20.7
2026-09-10T09:00,88.5333333333333,835.973333333333,47.8733333333333,8.90666666666667,99.3133333333333,14.7533333333333,18.8
2026-09-10T09:15,91.0666666666667,836.373333333333,24.4733333333333,8.86,99.32,13.7,17.5
2026-09-10T09:30,94.1333333333333,836.206666666667,26.3266666666667,8.66666666666667,99.3266666666667,15.2733333333333,19.1
2026-09-10T09:45,95.0666666666667,836.14,8.92666666666667,8.50666666666667,99.32,17.4,21.5
2026-09-10T10:15,95.4,836.166666666667,38.0533333333333,8.23333333333333,99.3333333333333,17.6066666666667,21.7
2026-09-10T10:30,98.6666666666667,836.44,42.3466666666667,8.16,99.3266666666667,15.6866666666667,20.1
2026-09-10T11:00,115.666666666667,837.126666666667,74.16,8.76,99.3466666666667,9.48666666666667,12.0
2026-09-10T11:15,113.866666666667,837.32,94.38,9.0,99.3333333333333,6.9,11.5
2026-09-10T11:30,116.0,837.646666666667,59.4,9.47333333333333,99.3133333333333,5.18666666666667,8.7
2026-09-10T11:45,93.1333333333333,837.593333333333,104.38,9.22,99.3333333333333,4.16666666666667,7.4
2026-09-10T12:15,71.7333333333333,837.193333333333,101.14,8.84,99.32,6.88,10.8
2026-09-10T12:30,73.6666666666667,836.913333333333,265.02,8.97333333333333,99.32,8.8,11.7
2026-09-10T13:00,75.8181818181818,836.9,309.709090909091,9.5,99.3181818181818,8.78181818181818,11.9
2026-09-10T13:15,76.2727272727273,836.9,196.7,9.44545454545455,99.3181818181818,8.45454545454546,11.3
2026-09-10T13:30,77.7333333333333,837.006666666667,228.466666666667,9.52666666666667,99.3266666666667,8.18666666666667,10.7
2026-09-10T13:45,80.1333333333333,836.84,207.806666666667,9.44666666666667,99.32,8.70666666666667,10.5
2026-09-10T14:15,79.6666666666667,836.516666666667,216.733333333333,9.36666666666667,99.3,9.96666666666667,11.6
2026-09-10T14:30,91.5333333333333,836.493333333333,87.54,9.58,99.26,9.7,11.8
2026-09-10T15:00,89.0909090909091,836.145454545455,0.263636363636364,8.47272727272727,99.1727272727273,11.7909090909091,14.9
2026-09-10T15:15,92.6,836.14,0.586666666666667,8.52666666666667,99.3333333333333,11.8066666666667,14.0
2026-09-10T15:30,93.1333333333333,836.12,0.0,8.60666666666667,99.32,11.7333333333333,13.7
2026-09-10T15:45,85.0,835.953333333333,0.84,8.84,99.3333333333333,11.6466666666667,14.7
2026-09-10T16:15,90.7272727272727,836.136363636364,2.59090909090909,9.09090909090909,99.3272727272727,8.91818181818182,12.3
2026-09-10T16:30,77.6,835.5,0.893333333333333,9.21333333333333,99.3333333333333,11.6933333333333,13.5
2026-09-10T17:00,80.5333333333333,835.08,0.366666666666667,9.18,99.32,12.1466666666667,15.7
2026-09-10T17:15,87.9333333333333,835.1,0.0,9.1,99.3266666666667,11.9066666666667,14.8
2026-09-10T17:30,86.2,835.006666666667,0.213333333333333,9.12,99.3333333333333,12.3466666666667,14.2
2026-09-10T18:00,87.2,835.36,1.89333333333333,9.50666666666667,99.3266666666667,11.6733333333333,13.8
2026-09-10T18:15,85.6,835.4,0.0,9.32,99.3333333333333,11.6933333333333,14.0
2026-09-10T18:30,88.8666666666667,835.573333333333,0.0,9.52666666666667,99.3,11.4733333333333,13.5
2026-09-10T19:00,84.0,835.5,0.0,9.3,99.3,11.9,14.0
2026-09-10T19:15,73.0,835.8,0.0,9.2,99.3,10.7,13.6
2026-09-10T19:30,69.0,835.8,0.0,9.1,99.4,9.4,12.7
2026-09-10T19:45,70.0,835.7,0.0,8.9,99.4,9.8,12.8
2026-09-10T20:15,71.8571428571429,835.778571428571,0.0,8.95,99.3214285714286,9.75,12.3
2026-09-10T20:30,78.1333333333333,835.726666666667,0.0,8.80666666666667,99.3266666666667,11.0066666666667,13.3
2026-09-10T21:00,84.0,835.8,0.0,8.6,99.3,11.2,13.2
2026-09-10T21:15,82.8,835.68,0.0,8.43333333333333,99.3266666666667,11.86,14.2
2026-09-10T21:30,85.7333333333333,835.773333333333,0.0,8.14666666666667,99.3333333333333,12.62,14.9
2026-09-10T22:00,82.4666666666667,835.766666666667,0.0,7.54666666666667,99.34,12.34,14.2
2026-09-10T22:15,81.7333333333333,835.74,0.0,7.38666666666667,99.32,12.3266666666667,14.7
2026-09-10T22:30,80.5333333333333,835.873333333333,0.0,7.34,99.3133333333333,11.3133333333333,15.3
2026-09-10T23:15,79.3333333333333,835.986666666667,0.0,7.78666666666667,99.3066666666667,8.23333333333333,12.2
2026-09-10T23:30,73.8,835.973333333333,0.0,8.04,99.34,8.08,10.7
2026-09-11T00:00,77.3333333333333,835.633333333333,0.0,8.60666666666667,99.3266666666667,7.40666666666667,9.6
2026-09-11T00:15,76.0666666666667,835.6,0.0,8.6,99.3466666666667,6.55333333333333,8.3
2026-09-11T00:30,69.1333333333333,835.526666666667,0.0,8.71333333333333,99.34,6.1,7.5
2026-09-11T01:00,74.7333333333333,835.486666666667,0.0,9.05333333333333,99.34,5.86,7.7
2026-09-11T01:15,74.7333333333333,835.373333333333,0.0,9.02666666666667,99.3266666666667,6.28,7.9
2026-09-11T01:30,78.2,835.42,0.0866666666666667,9.06,99.3266666666667,6.36,8.1
2026-09-11T01:45,79.1333333333333,835.366666666667,0.0,9.03333333333333,99.3333333333333,6.52,8.2
2026-09-11T02:15,77.1333333333333,835.5,0.0,8.7,99.3266666666667,7.16666666666667,9.6
2026-09-11T02:30,68.9333333333333,835.273333333333,0.0,8.22,99.3266666666667,7.84666666666667,9.8
2026-09-11T03:00,66.8181818181818,835.381818181818,0.0,8.68181818181818,99.3090909090909,6.89090909090909,8.5
2026-09-11T03:15,40.9333333333333,835.486666666667,0.0,8.35333333333333,99.32,4.72666666666667,8.0
2026-09-11T03:30,39.0666666666667,835.486666666667,0.0,8.14666666666667,99.36,4.73333333333333,7.7
2026-09-11T04:00,35.0,835.56,0.0,8.30666666666667,99.3333333333333,4.11333333333333,6.4
2026-09-11T04:15,33.4666666666667,835.54,0.0,8.93333333333333,99.34,3.64666666666667,5.1
2026-09-11T04:30,45.9333333333333,835.633333333333,0.0,9.36666666666667,99.3466666666667,3.44,4.6
2026-09-11T05:00,70.3333333333333,835.666666666667,0.0,9.62,99.3266666666667,5.4,7.0
2026-09-11T05:15,66.2,835.713333333333,0.0,9.62666666666667,99.36,4.87333333333333,6.0
2026-09-11T05:30,57.6,835.793333333333,0.0,9.58666666666667,99.3266666666667,4.30666666666667,5.8
2026-09-11T05:45,41.9333333333333,835.806666666667,8.15333333333333,8.93333333333333,99.34,4.18,5.6
2026-09-11T06:15,60.6,835.813333333333,0.0,9.24666666666667,99.3266666666667,4.68666666666667,6.5
2026-09-11T07:00,34.3333333333333,836.186666666667,0.153333333333333,8.6,99.34,3.48666666666667,4.5
2026-09-11T07:15,45.2,836.24,0.166666666666667,8.67333333333333,99.3333333333333,3.68666666666667,5.8
2026-09-11T07:30,24.6,836.426666666667,0.353333333333333,7.91333333333333,99.3066666666667,3.42666666666667,5.2
2026-09-11T07:45,39.5333333333333,836.586666666667,0.366666666666667,7.7,99.32,3.67333333333333,5.6
2026-09-11T08:15,46.7333333333333,836.626666666667,58.7733333333333,7.68,99.3466666666667,4.57333333333333,7.0
2026-09-11T08:30,35.8666666666667,836.753333333333,227.133333333333,7.94,99.32,4.58666666666667,7.3
2026-09-11T09:00,76.2666666666667,837.106666666667,287.826666666667,8.46,99.3333333333333,2.72,5.2
2026-09-11T09:15,0.0,837.3,305.2,8.5,99.3,2.7,4.7
2026-09-11T09:30,32.0,837.4,451.9,8.7,99.3,3.1,5.7
2026-09-11T09:45,34.0,837.4,305.1,8.2,99.3,3.3,6.1
2026-09-11T10:15,42.0,837.4,241.0,8.2,99.4,3.9,7.0
2026-09-11T10:30,32.0,837.6,562.7,9.6,99.4,2.9,5.3
2026-09-11T11:00,26.0,837.8,920.7,10.0,98.4,2.1,3.4
2026-09-11T11:15,24.0,837.8,932.0,10.4,97.6,1.8,3.3
2026-09-11T11:30,2.0,838.0,707.0,10.6,98.0,1.3,2.9
2026-09-11T11:45,327.0,838.2,773.8,10.6,97.3,1.6,3.6
2026-09-11T12:15,320.0,838.5,897.1,10.5,92.8,2.7,4.8
2026-09-11T12:30,317.0,838.6,887.0,11.1,83.2,2.3,5.4
2026-09-11T12:45,314.0,838.7,833.0,11.8,82.2,2.5,5.8
2026-09-11T13:15,337.0,839.1,810.5,12.6,77.7,1.6,3.3
2026-09-11T13:30,328.0,838.9,723.3,12.5,79.7,1.6,3.6
2026-09-11T13:45,333.0,838.9,628.8,12.6,76.6,1.6,3.3
2026-09-11T14:15,312.0,839.2,568.9,11.9,82.4,2.0,4.6
2026-09-11T14:30,310.0,839.3,521.2,12.7,81.9,2.6,5.2
2026-09-11T14:45,309.0,839.4,446.7,12.2,75.9,2.2,4.2
2026-09-11T15:15,316.0,839.5,123.4,10.3,82.7,4.1,6.9
2026-09-11T15:30,318.0,839.7,140.8,10.4,83.7,4.3,6.1
2026-09-11T15:45,317.0,839.7,149.3,10.4,81.4,4.0,6.6
2026-09-11T16:15,319.0,840.2,145.6,10.1,94.5,1.3,2.5
2026-09-11T16:30,311.0,840.3,62.7,9.2,98.3,3.9,6.4
2026-09-11T17:00,319.0,840.6,22.5,9.6,90.4,2.8,3.9
2026-09-11T17:15,316.0,840.7,11.3,9.7,83.2,3.0,4.1
2026-09-11T17:30,313.0,840.6,6.8,9.1,93.9,2.4,4.0
2026-09-11T17:45,301.0,840.9,1.3,9.1,88.9,2.1,3.5
2026-09-11T18:15,310.0,841.1,0.0,9.1,87.8,2.6,5.2
2026-09-11T18:30,320.0,841.2,0.0,8.9,90.6,2.6,4.7
2026-09-11T19:00,0.0,841.5,0.0,9.4,86.0,3.1,4.5
2026-09-11T19:15,355.0,841.5,0.0,9.2,86.8,2.9,4.5
2026-09-11T19:30,322.0,841.7,0.0,9.1,86.9,2.4,3.9
2026-09-11T19:45,334.0,841.7,0.0,9.1,84.8,2.3,4.2
2026-09-11T20:15,322.0,841.8,0.0,9.0,84.7,3.0,6.0
2026-09-11T20:30,336.0,842.0,0.0,9.0,81.4,3.1,5.8
2026-09-11T20:45,321.0,842.0,0.0,9.2,76.9,3.7,6.1
2026-09-11T21:15,339.0,842.3,0.0,9.2,76.2,2.7,5.2
2026-09-11T21:30,322.0,842.4,0.0,9.0,76.4,2.9,5.4
2026-09-11T21:45,320.0,842.3,0.0,9.1,72.4,3.4,7.3
2026-09-11T22:15,351.0,842.5,0.0,8.5,77.7,2.8,4.5
2026-09-11T22:30,359.0,842.5,0.0,9.0,69.0,3.7,5.8
2026-09-11T23:15,337.0,842.5,0.0,8.5,73.7,4.0,7.4
2026-09-11T23:30,7.0,842.5,0.0,9.0,69.7,3.7,5.3
2026-09-11T23:45,9.0,842.4,0.0,8.8,70.1,3.6,4.7
2026-09-12T00:15,9.0,842.2,0.0,8.6,71.6,3.3,4.7
2026-09-12T00:30,351.0,842.2,0.0,8.5,70.4,3.8,6.2
2026-09-12T01:00,2.0,842.2,0.0,8.5,67.4,3.6,6.0
2026-09-12T01:15,343.0,842.2,0.0,8.4,67.6,4.1,6.5
2026-09-12T01:30,342.0,842.2,0.0,8.2,69.6,4.2,7.1
2026-09-12T01:45,340.0,842.2,0.0,8.4,64.4,4.5,6.8
2026-09-12T02:15,358.0,842.2,0.0,8.7,61.3,3.1,4.6
2026-09-12T02:30,356.0,842.2,0.0,9.1,58.4,3.0,4.0
2026-09-12T03:00,2.0,842.2,0.0,8.2,64.5,3.3,5.1
2026-09-12T03:15,355.0,842.1,0.0,7.6,69.4,3.4,5.7
2026-09-12T03:30,342.0,842.0,0.0,7.7,66.5,4.2,6.9
2026-09-12T03:45,346.0,842.0,0.0,7.9,64.7,4.0,5.5
2026-09-12T04:15,7.0,842.0,0.0,8.4,54.6,3.3,4.9
2026-09-12T04:30,5.0,842.1,0.0,7.9,61.8,3.8,5.4
2026-09-12T05:00,328.0,842.1,16.7,7.6,66.2,4.1,6.8
2026-09-12T05:15,343.0,842.3,34.4,8.0,63.7,3.8,6.2
2026-09-12T05:30,347.0,842.2,70.9,8.1,62.3,3.1,4.6
2026-09-12T05:45,14.0,842.2,141.7,8.5,59.9,2.5,4.3
2026-09-12T06:15,347.0,842.6,261.9,8.5,65.5,2.4,4.6
2026-09-12T06:30,21.0,842.7,272.0,8.9,63.5,2.4,4.8
2026-09-12T06:45,35.0,842.8,285.1,9.2,61.7,2.3,4.6
2026-09-12T07:15,336.0,842.9,373.1,8.4,64.9,2.1,4.7
2026-09-12T07:30,322.0,843.0,438.9,8.6,62.6,2.0,4.6
2026-09-12T07:45,351.0,843.1,530.1,9.8,60.9,2.3,5.3
2026-09-12T08:15,328.0,843.2,692.4,9.8,63.7,1.8,3.6
2026-09-12T08:30,325.0,843.2,744.3,10.6,60.2,1.5,3.0
2026-09-12T08:45,322.0,843.2,786.0,11.0,55.9,1.4,3.4
2026-09-12T09:15,104.0,843.3,848.0,11.5,55.2,1.5,3.2
2026-09-12T09:30,75.0,843.5,872.5,11.4,61.0,1.7,3.2
2026-09-12T09:45,20.0,843.5,907.7,11.9,56.9,1.6,4.3
2026-09-12T10:15,89.0,843.5,964.7,11.9,59.5,1.9,2.9
2026-09-12T10:30,177.0,843.3,669.3,10.4,73.7,2.5,9.1
2026-09-12T10:45,176.0,843.3,591.6,10.2,87.3,1.7,3.5
2026-09-12T11:15,142.0,843.1,741.2,11.3,85.4,2.6,4.0
2026-09-12T11:30,180.0,843.2,771.1,10.8,84.2,2.7,4.9
2026-09-12T11:45,152.0,843.2,609.1,10.5,82.5,2.7,5.1
2026-09-12T12:15,157.0,843.2,605.3,11.3,78.7,2.1,4.7
2026-09-12T12:30,170.0,843.0,786.9,11.6,78.3,2.6,5.4
2026-09-12T13:00,207.0,843.1,482.4,10.8,79.7,1.9,4.4
2026-09-12T13:15,172.0,843.1,334.2,10.9,79.8,1.7,3.3
2026-09-12T13:30,253.0,842.9,386.1,11.8,77.1,1.3,3.3
2026-09-12T13:45,214.0,842.7,597.7,12.6,73.7,1.6,3.7
2026-09-12T14:15,164.0,842.8,290.6,11.4,78.1,1.4,3.5
2026-09-12T14:30,165.0,842.7,213.8,11.3,77.7,1.8,3.5
2026-09-12T15:00,177.0,842.9,268.4,11.3,78.7,2.1,3.4
2026-09-12T15:15,193.0,842.8,331.0,11.1,78.2,2.6,4.0
2026-09-12T15:30,174.0,842.9,366.1,12.2,77.1,1.6,2.7
2026-09-12T15:45,196.0,842.9,264.6,11.6,80.6,1.5,3.3
2026-09-12T16:15,154.0,843.0,242.8,11.0,80.8,1.6,2.8
2026-09-12T16:30,169.0,843.1,173.6,10.7,81.7,1.4,2.7
2026-09-12T17:00,134.0,843.0,53.0,9.9,87.3,2.1,2.8
2026-09-12T17:15,114.0,843.0,20.3,9.8,88.1,2.1,2.7
2026-09-12T17:30,98.0,843.1,6.6,9.8,88.5,1.6,2.1
2026-09-12T17:45,24.0,843.1,0.6,9.9,86.8,1.2,1.8
2026-09-12T18:15,24.0,843.4,0.0,9.9,86.3,1.3,1.7
2026-09-12T18:30,14.0,843.5,0.0,9.8,86.4,1.2,1.6
2026-09-12T18:45,48.0,843.5,0.0,9.9,85.7,1.9,2.5
2026-09-12T19:15,309.0,843.6,0.0,9.5,87.5,1.0,1.7
2026-09-12T19:30,302.0,843.6,0.0,9.6,88.6,1.7,2.3
2026-09-12T19:45,290.0,843.8,0.0,9.5,87.9,1.6,2.4
2026-09-12T20:15,303.0,843.6,0.0,9.7,85.7,2.8,3.8
2026-09-12T20:30,306.0,843.6,0.0,9.6,82.4,3.1,4.0
2026-09-12T21:00,298.0,843.6,0.0,9.5,80.4,2.5,4.1
2026-09-12T21:15,303.0,843.6,0.0,9.8,81.7,3.3,4.3
2026-09-12T21:30,305.0,843.6,0.0,9.8,82.2,3.9,4.8
2026-09-12T21:45,309.0,843.6,0.0,9.8,78.9,4.0,4.8
2026-09-12T22:15,309.0,843.8,0.0,9.7,81.5,3.9,4.5
2026-09-12T22:30,307.0,843.8,0.0,9.5,85.5,3.3,4.6
2026-09-12T23:15,308.0,843.8,0.0,10.0,75.0,2.0,2.5
2026-09-12T23:30,337.0,843.8,0.0,10.1,67.2,2.2,2.8
2026-09-12T23:45,334.0,843.8,0.0,10.0,69.3,1.9,2.5
2026-09-13T00:15,321.0,843.6,0.0,10.3,65.8,3.1,4.2
2026-09-13T00:30,320.0,843.6,0.0,10.2,65.4,3.5,4.3
2026-09-13T01:00,328.0,843.6,0.0,10.1,65.5,1.9,2.5
2026-09-13T01:15,338.0,843.6,0.0,10.1,66.2,1.6,2.7
2026-09-13T01:30,330.0,843.5,0.0,10.1,66.6,1.5,2.2
2026-09-13T01:45,2.0,843.6,0.0,10.2,65.6,1.3,1.7
2026-09-13T02:15,52.0,843.5,0.0,9.8,74.2,1.2,1.4
2026-09-13T02:30,105.0,843.5,0.0,9.7,73.4,0.8,1.2
2026-09-13T03:00,339.0,843.5,0.0,10.1,65.7,1.2,1.4
2026-09-13T03:15,356.0,843.4,0.0,10.0,63.4,0.4,0.9
2026-09-13T03:30,325.0,843.4,0.0,10.2,65.2,1.1,1.8
2026-09-13T03:45,229.0,843.4,0.0,10.0,68.5,0.7,1.5
2026-09-13T04:15,195.0,843.4,0.0,10.0,66.8,1.1,1.4
2026-09-13T04:30,204.0,843.5,0.0,10.0,68.4,1.4,2.0
2026-09-13T05:00,227.0,843.4,11.6,10.2,67.4,1.6,2.1
2026-09-13T05:15,244.0,843.7,30.8,10.2,65.7,0.9,1.6
2026-09-13T05:30,249.0,843.7,49.9,10.2,67.5,1.8,2.3
2026-09-13T05:45,267.0,843.8,107.4,10.1,73.0,1.2,1.9
2026-09-13T06:15,268.0,843.9,186.2,10.1,75.6,1.8,2.7
2026-09-13T06:30,260.0,843.9,163.6,9.9,78.1,2.8,3.9
2026-09-13T06:45,253.0,843.9,159.0,10.0,78.0,3.2,3.8
2026-09-13T07:15,265.0,843.9,266.9,10.0,76.4,3.5,5.2
2026-09-13T07:30,276.0,844.0,228.0,9.8,76.7,3.8,5.5
2026-09-13T07:45,278.0,844.0,537.2,10.0,73.8,3.7,5.6
2026-09-13T08:15,270.0,844.0,624.2,10.3,71.2,3.2,4.9
2026-09-13T08:30,274.0,844.1,689.2,10.3,71.4,4.3,6.3
2026-09-13T08:45,271.0,844.2,704.9,10.4,70.9,4.3,6.3
2026-09-13T09:15,272.0,844.2,724.2,10.5,63.8,4.4,6.5
2026-09-13T09:30,272.0,844.1,813.2,10.7,62.3,4.8,7.1
2026-09-13T09:45,268.0,844.2,850.4,10.9,67.3,4.2,6.3
2026-09-13T10:15,264.0,844.2,865.3,11.2,67.7,4.2,6.2
2026-09-13T10:30,268.0,844.2,880.6,11.1,67.2,4.1,6.8
2026-09-13T10:45,267.0,844.1,913.4,11.5,63.9,4.6,7.5
2026-09-13T11:15,269.0,844.0,664.8,11.3,62.4,4.6,7.2
2026-09-13T11:30,272.0,844.0,727.9,11.6,66.7,4.2,7.2
2026-09-13T11:45,271.0,843.9,860.8,12.3,63.4,4.4,7.3
2026-09-13T12:15,269.0,843.8,859.9,12.6,61.1,3.5,6.0
2026-09-13T12:30,271.0,843.7,775.2,12.4,67.4,3.6,5.6
2026-09-13T13:00,275.0,843.6,718.0,12.1,68.6,3.9,6.9
2026-09-13T13:15,270.0,843.4,730.3,12.2,71.9,3.6,6.8
2026-09-13T13:30,271.0,843.4,584.3,11.9,74.5,4.2,6.4
2026-09-13T13:45,273.0,843.4,603.3,12.3,73.4,4.2,7.5
2026-09-13T14:15,263.0,843.1,411.3,11.8,78.2,4.0,5.9
2026-09-13T14:30,265.0,843.1,222.4,11.6,78.4,4.4,6.6
2026-09-13T14:45,258.0,842.9,185.2,12.1,78.0,4.5,6.8
2026-09-13T15:15,272.0,842.9,325.7,11.9,79.9,4.7,7.7
2026-09-13T15:30,267.0,842.9,230.5,11.8,80.4,4.7,7.9
2026-09-13T15:45,273.0,842.9,287.2,11.3,82.9,4.9,7.8
2026-09-13T16:15,270.0,842.9,188.3,11.6,83.7,5.1,7.2
2026-09-13T16:30,270.0,842.9,128.0,11.3,83.9,4.4,7.2
2026-09-13T17:00,269.0,842.8,27.6,10.6,88.8,4.5,6.6
2026-09-13T17:15,265.0,842.7,11.6,10.4,89.1,4.3,6.2
2026-09-13T17:30,276.0,842.8,1.6,10.4,88.1,4.4,6.2
2026-09-13T17:45,284.0,842.7,0.0,10.3,88.3,5.5,7.1
2026-09-13T18:15,283.0,842.8,0.0,10.3,86.5,5.3,7.4
2026-09-13T18:30,283.0,842.7,0.0,10.3,86.6,5.8,7.8
2026-09-13T19:00,289.0,842.8,0.0,10.2,87.6,6.5,7.9
2026-09-13T19:15,287.0,842.7,0.0,10.2,86.7,8.1,9.6
2026-09-13T19:30,284.0,842.7,0.0,10.2,85.6,7.7,9.3
2026-09-13T19:45,290.0,842.8,0.0,10.2,86.1,6.6,8.2
2026-09-13T20:15,292.0,842.7,1.6,10.9,84.5,5.6,7.1
2026-09-13T20:30,288.0,842.7,0.0,10.4,87.8,5.0,5.9
2026-09-13T21:00,281.0,842.6,0.0,10.3,88.7,5.4,7.2
2026-09-13T21:15,279.0,842.6,0.0,10.4,87.4,5.2,6.6
2026-09-13T21:30,281.0,842.6,0.0,10.3,87.1,5.1,6.5
2026-09-13T21:45,290.0,842.6,0.0,10.5,85.9,4.6,5.8
2026-09-13T22:00,287.0,842.6,0.0,10.7,84.5,4.9,6.0
2026-09-13T22:15,284.0,842.5,0.0,10.7,85.0,5.8,7.1
2026-09-13T23:15,282.0,842.2,0.0,10.4,82.2,5.6,6.6
2026-09-13T23:30,284.0,842.1,0.0,10.5,85.0,5.3,6.1
2026-09-13T23:45,284.0,842.0,0.0,11.2,88.2,6.3,8.6
2026-09-14T00:15,283.0,841.8,0.0,10.6,90.1,6.2,7.6
2026-09-14T00:30,281.0,841.8,0.0,10.7,89.8,6.1,7.2
2026-09-14T00:45,283.0,841.8,0.0,10.8,91.0,5.8,6.4
2026-09-14T01:00,282.0,841.7,0.0,10.9,91.1,5.4,6.3
2026-09-14T01:30,280.0,841.8,0.0,11.1,87.3,5.7,6.7
2026-09-14T01:45,280.0,841.8,0.0,11.2,88.3,4.9,6.4
2026-09-14T02:00,289.0,841.8,0.0,11.3,90.3,5.3,6.2
2026-09-14T02:30,300.0,842.1,0.0,11.8,87.8,5.0,5.6
2026-09-14T02:45,312.0,842.0,0.0,12.0,83.0,4.0,4.9
2026-09-14T03:15,298.0,841.6,0.0,13.0,68.7,3.1,5.3
2026-09-14T03:30,298.0,841.7,0.5,12.0,76.2,3.4,4.4
2026-09-14T03:45,294.0,841.7,0.0,12.7,69.9,3.5,4.5
2026-09-14T04:15,324.0,841.8,0.0,12.5,71.3,2.4,3.4
2026-09-14T04:30,313.0,841.8,0.0,12.6,70.5,2.4,3.2
2026-09-14T05:00,326.0,842.1,5.9,12.7,69.5,1.7,2.1
2026-09-14T05:15,329.0,842.1,26.7,12.4,70.9,2.3,2.8
2026-09-14T05:30,322.0,842.2,63.3,12.1,74.4,2.8,3.4
2026-09-14T05:45,323.0,842.2,41.3,12.1,73.8,2.8,4.0
2026-09-14T06:15,324.0,842.4,66.1,12.2,73.0,2.5,3.7
2026-09-14T06:30,315.0,842.4,230.5,12.8,71.5,3.0,3.8
2026-09-14T06:45,319.0,842.6,427.3,12.7,74.0,2.5,3.7
2026-09-14T07:15,332.0,842.8,196.6,12.7,74.0,1.5,3.3
2026-09-14T07:30,329.0,842.8,395.9,13.2,71.1,2.2,3.1
2026-09-14T07:45,319.0,842.9,476.6,13.2,73.9,1.9,3.8
2026-09-14T08:15,344.0,843.1,258.6,13.4,71.2,1.3,3.0
2026-09-14T08:30,327.0,843.2,328.8,13.1,69.7,1.9,3.7
2026-09-14T09:00,298.0,843.5,396.0,14.1,70.7,1.0,2.1
2026-09-14T09:15,349.0,843.5,651.3,14.5,66.9,1.0,2.0
2026-09-14T09:30,46.0,843.4,693.1,15.1,66.3,1.3,2.7
2026-09-14T09:45,62.0,843.4,678.7,15.6,57.3,1.4,3.6
2026-09-14T10:15,61.0,843.5,360.1,14.2,68.2,1.7,2.9
2026-09-14T13:00,61.0,843.6,684.5,16.2,73.2,1.7,3.6
2026-09-14T13:15,144.4,843.573333333333,791.413333333333,16.0733333333333,66.5933333333333,2.02666666666667,4.7
2026-09-14T13:30,148.466666666667,843.54,659.32,15.9533333333333,72.4866666666667,1.92666666666667,4.5
2026-09-14T14:00,293.0,843.513333333333,671.386666666667,15.66,77.2266666666667,1.71333333333333,3.7
2026-09-14T14:15,296.909090909091,843.572727272727,523.990909090909,15.1272727272727,80.8636363636364,1.49090909090909,3.9
2026-09-14T14:30,286.333333333333,843.44,505.64,15.8266666666667,77.0666666666667,1.68,4.0
2026-09-14T15:00,236.733333333333,843.446666666667,298.086666666667,14.4666666666667,87.7933333333333,1.48,3.2
2026-09-14T15:15,287.466666666667,843.526666666667,396.366666666667,14.6133333333333,87.3733333333333,2.42,4.0
2026-09-14T15:30,230.666666666667,843.586666666667,296.066666666667,14.54,88.0666666666667,1.98666666666667,3.6
2026-09-14T16:00,271.466666666667,843.573333333333,87.12,13.28,93.66,2.27333333333333,3.9
2026-09-14T16:15,253.866666666667,843.64,67.6266666666667,12.96,95.9866666666667,2.02,4.2
2026-09-14T16:30,162.933333333333,843.766666666667,59.0533333333333,12.9133333333333,95.4,0.973333333333333,2.8
2026-09-14T17:00,54.0909090909091,843.854545454545,27.0636363636364,12.5090909090909,95.6909090909091,2.10909090909091,3.2
2026-09-14T17:15,75.3333333333333,843.906666666667,12.98,12.3933333333333,96.3933333333333,2.72666666666667,3.9
2026-09-14T17:30,76.5333333333333,844.08,2.41333333333333,12.38,94.32,2.34666666666667,3.2
2026-09-14T18:00,82.0666666666667,844.253333333333,0.0,12.06,96.44,4.0,4.8
2026-09-14T18:15,96.3333333333333,844.353333333333,0.0,11.9,96.7,3.59333333333333,4.6
2026-09-14T18:30,95.4666666666667,844.446666666667,0.0,12.0,95.42,3.58,4.3
2026-09-14T19:00,90.0666666666667,844.7,0.0,11.96,93.5866666666667,3.00666666666667,4.0
2026-09-14T19:15,77.2,844.766666666667,0.0,11.86,94.38,2.5,3.3
2026-09-14T19:30,161.466666666667,844.8,0.0,11.96,90.2733333333333,1.46,1.9
2026-09-14T19:45,305.266666666667,844.86,0.0,11.7666666666667,94.8066666666667,1.24666666666667,1.9
2026-09-14T20:15,291.866666666667,844.726666666667,0.0,11.44,98.8333333333333,1.88666666666667,3.3
2026-09-14T20:30,293.8,844.7,0.0,11.4466666666667,99.24,2.97333333333333,3.7
2026-09-14T21:00,301.0,844.6,0.0,11.2818181818182,99.3090909090909,3.70909090909091,4.0
2026-09-14T21:15,292.933333333333,844.593333333333,0.0,11.2133333333333,99.32,3.52,3.9
2026-09-14T21:30,300.533333333333,844.526666666667,0.0,11.42,98.8866666666667,4.54666666666667,5.6
2026-09-14T22:00,307.4,844.56,0.0,11.6466666666667,93.5066666666667,4.9,5.6
2026-09-14T22:30,316.733333333333,844.5,0.0,11.32,97.2133333333333,4.73333333333333,5.6
2026-09-14T23:15,301.4,844.293333333333,0.0,10.8666666666667,91.82,5.5,6.9
2026-09-14T23:30,305.333333333333,844.2,0.0,10.9333333333333,83.18,6.00666666666667,7.0
2026-09-14T23:45,303.8,844.18,0.0,10.82,82.9533333333333,5.89333333333333,6.9
2026-09-15T00:15,305.933333333333,843.94,0.0,10.9,82.1333333333333,5.60666666666667,6.4
2026-09-15T00:30,301.6,843.9,0.0,10.4733333333333,85.9866666666667,5.04666666666667,5.8
2026-09-15T01:00,293.2,843.86,0.0,10.2666666666667,94.6,5.44666666666667,7.5
2026-09-15T01:15,292.266666666667,843.82,0.0,10.1333333333333,95.96,6.24,9.0
2026-09-15T01:30,293.266666666667,843.78,0.0,10.08,97.4066666666667,6.15333333333333,8.6
2026-09-15T02:00,291.933333333333,843.706666666667,0.0,9.9,98.6733333333333,5.96666666666667,7.7
2026-09-15T02:15,289.733333333333,843.62,0.0,9.93333333333333,97.5266666666667,6.33333333333333,7.9
2026-09-15T02:30,289.533333333333,843.686666666667,0.0,9.88,98.1133333333333,5.00666666666667,6.7
2026-09-15T03:15,292.8,843.473333333333,0.0,9.82666666666667,99.0133333333333,5.09333333333333,7.3
2026-09-15T03:30,288.133333333333,843.413333333333,0.0,9.8,99.2666666666667,5.18,6.7
2026-09-15T04:00,291.266666666667,843.333333333333,0.0,9.69333333333333,99.3333333333333,5.58,6.8
2026-09-15T04:15,292.133333333333,843.3,0.0,9.62,99.32,4.90666666666667,6.1
2026-09-15T04:30,290.733333333333,843.306666666667,0.0,9.68666666666667,99.2266666666667,4.96666666666667,6.1
2026-09-15T05:00,289.6,843.3,11.2866666666667,9.7,98.5466666666667,4.43333333333333,5.0
2026-09-15T05:15,292.0,843.3,29.4733333333333,9.72666666666667,97.5,4.09333333333333,4.8
2026-09-15T05:30,288.933333333333,843.3,62.9466666666667,9.81333333333333,97.1666666666667,4.37333333333333,5.0
2026-09-15T05:45,293.8,843.313333333333,128.32,9.83333333333333,97.76,4.40666666666667,5.1
2026-09-15T06:15,290.533333333333,843.42,252.493333333333,9.81333333333333,97.6933333333333,3.91333333333333,4.9
2026-09-15T06:30,295.133333333333,843.5,195.78,9.81333333333333,98.4,2.94,3.8
2026-09-15T07:00,287.4,843.5,170.666666666667,9.93333333333333,98.5,2.06,3.2
2026-09-15T07:15,277.133333333333,843.553333333333,238.713333333333,9.84,98.14,1.96666666666667,3.1
2026-09-15T07:30,277.066666666667,843.6,323.086666666667,9.88666666666667,97.68,2.00666666666667,2.9
2026-09-15T08:00,285.666666666667,843.6,220.76,9.97333333333333,97.7266666666667,2.29333333333333,3.5
2026-09-15T08:15,286.266666666667,843.633333333333,257.373333333333,10.0866666666667,97.2866666666667,2.04,3.5
2026-09-15T08:30,280.0,843.6,369.266666666667,10.2,95.34,1.59333333333333,3.1
2026-09-15T09:00,259.181818181818,843.672727272727,450.963636363636,10.7090909090909,93.0363636363636,1.50909090909091,2.9
2026-09-15T09:15,254.066666666667,843.626666666667,290.046666666667,10.3133333333333,92.6933333333333,1.6,2.7
2026-09-15T09:30,203.266666666667,843.593333333333,712.013333333333,11.6533333333333,89.22,1.75333333333333,4.6
2026-09-15T09:45,167.533333333333,843.52,743.713333333333,11.6333333333333,86.12,2.6,5.1
2026-09-15T10:15,173.6,843.5,481.08,11.6333333333333,86.7866666666667,2.41333333333333,4.7
2026-09-15T10:30,180.2,843.493333333333,700.626666666667,11.9333333333333,84.3266666666667,2.62,7.9
2026-09-15T11:00,141.454545454545,843.254545454545,1092.30909090909,13.1545454545455,80.3272727272727,2.58181818181818,5.1
2026-09-15T11:15,174.933333333333,843.2,865.913333333333,12.9066666666667,80.1266666666667,2.91333333333333,5.3
2026-09-15T11:30,162.466666666667,843.12,774.633333333333,11.84,83.7066666666667,2.9,5.8
2026-09-15T12:00,193.0,842.88,1049.36666666667,12.68,81.2933333333333,2.22,4.8
2026-09-15T12:15,177.2,842.666666666667,913.646666666667,13.1466666666667,80.5,2.79333333333333,5.9
2026-09-15T12:30,193.2,842.573333333333,605.34,12.68,81.6133333333333,2.21333333333333,4.1
2026-09-15T13:00,175.0,842.4,751.663636363636,12.9727272727273,81.8090909090909,2.16363636363636,4.0
2026-09-15T13:15,213.066666666667,842.36,532.06,13.0,82.16,2.09333333333333,4.1
2026-09-15T13:30,196.533333333333,842.26,581.246666666667,12.9066666666667,84.1533333333333,2.46666666666667,4.4
2026-09-15T14:00,223.666666666667,842.133333333333,271.566666666667,12.5,86.22,1.71333333333333,3.4
2026-09-15T14:15,229.666666666667,842.033333333333,484.76,13.0933333333333,85.3,1.80666666666667,3.6
2026-09-15T14:30,255.0,842.0,172.113333333333,12.3066666666667,87.1066666666667,1.81333333333333,3.2
2026-09-15T15:00,243.333333333333,841.813333333333,107.053333333333,12.1933333333333,88.6133333333333,2.35333333333333,3.8
2026-09-15T15:15,262.466666666667,841.626666666667,131.646666666667,12.36,89.2933333333333,1.98,3.5
2026-09-15T15:30,249.533333333333,841.553333333333,208.206666666667,12.6066666666667,87.98,1.82666666666667,3.1
2026-09-15T15:45,249.6,841.5,128.166666666667,12.3466666666667,89.5733333333333,1.79333333333333,3.5
2026-09-15T16:15,214.6,841.513333333333,72.4666666666667,11.98,91.0533333333333,0.966666666666667,2.3
2026-09-15T16:30,264.533333333333,841.473333333333,69.12,12.0066666666667,91.6066666666667,1.28666666666667,2.2
2026-09-15T17:00,284.142857142857,841.335714285714,32.8357142857143,12.9666666666667,87.5666666666667,0.921428571428571,1.5
2026-09-15T17:15,132.266666666667,841.253333333333,15.2733333333333,12.2933333333333,87.6466666666667,0.966666666666667,1.4
2026-09-15T17:30,122.866666666667,841.2,3.12666666666667,11.66,91.04,1.14666666666667,1.7
2026-09-15T18:00,74.9333333333333,841.133333333333,0.0,11.46,92.6133333333333,2.60666666666667,3.0
2026-09-15T18:15,98.6666666666667,841.206666666667,0.0,11.36,93.4133333333333,2.48666666666667,2.8
2026-09-15T18:30,88.8666666666667,841.24,0.0,11.2733333333333,93.5333333333333,2.46,2.9
2026-09-15T19:00,69.7272727272727,841.290909090909,0.0,11.4272727272727,93.1181818181818,1.13636363636364,2.1
2026-09-15T19:15,68.7333333333333,841.2,0.0,11.5733333333333,91.24,1.52,1.8
2026-09-15T19:30,84.6666666666667,841.2,0.0,11.4533333333333,91.98,1.39333333333333,1.8
2026-09-15T20:00,121.4,841.3,0.0,11.9933333333333,88.5066666666667,1.5,1.8
2026-09-15T20:15,79.4,841.306666666667,0.0,12.0,88.04,1.86666666666667,2.4
2026-09-15T20:30,266.6,841.2,0.0,12.72,78.42,1.7,2.7
2026-09-15T21:00,277.090909090909,841.2,0.0,13.0818181818182,77.6636363636364,2.20909090909091,2.9
2026-09-15T21:15,272.733333333333,841.2,0.0,12.8733333333333,79.7866666666667,1.87333333333333,3.2
2026-09-15T21:30,269.0,841.2,0.0,12.7,80.4266666666667,2.18,3.3
2026-09-15T22:00,278.933333333333,841.1,0.0,12.3666666666667,83.28,1.88,2.8
2026-09-15T22:15,278.066666666667,841.013333333333,0.0,12.12,86.48,2.06,2.8
2026-09-15T22:30,274.466666666667,840.92,0.0,11.8666666666667,87.98,2.56666666666667,4.1
2026-09-15T23:15,284.866666666667,840.6,0.0,11.3733333333333,89.1266666666667,4.44,5.1
2026-09-15T23:30,290.8,840.533333333333,0.0,11.48,86.7533333333333,4.18,4.8
2026-09-15T23:45,287.066666666667,840.44,0.0,11.8733333333333,72.4333333333333,4.86666666666667,6.2
2026-09-16T00:15,282.933333333333,840.3,0.0,11.96,60.8733333333333,5.11333333333333,6.0
2026-09-16T00:30,283.2,840.193333333333,0.0,11.8733333333333,60.3266666666667,4.15333333333333,5.0
2026-09-16T01:00,288.333333333333,840.0,0.0,11.76,62.7133333333333,4.46666666666667,5.0
2026-09-16T01:15,289.133333333333,839.9,0.0,11.7466666666667,64.9466666666667,4.62666666666667,5.3
2026-09-16T01:30,291.4,839.746666666667,0.0,11.42,73.0333333333333,4.56666666666667,5.1
2026-09-16T02:00,295.333333333333,839.466666666667,0.0,11.2533333333333,77.76,3.98666666666667,4.7
2026-09-16T02:15,294.2,839.353333333333,0.0,11.1533333333333,73.7266666666667,3.92,4.8
2026-09-16T02:30,295.2,839.3,0.0,11.9,74.3,3.9,4.5
2026-09-16T03:00,292.818181818182,839.218181818182,0.0,12.2090909090909,76.4454545454545,3.20909090909091,3.9
2026-09-16T03:15,295.066666666667,839.133333333333,0.0,12.4,76.38,3.48,4.2
2026-09-16T03:30,283.666666666667,839.093333333333,0.0,12.6066666666667,78.74,3.31333333333333,4.0
2026-09-16T04:00,288.8,838.8,0.0,12.5266666666667,79.6266666666667,3.6,4.0
2026-09-16T04:15,277.8,838.793333333333,0.0,12.5666666666667,81.08,2.30666666666667,3.4
2026-09-16T04:30,275.2,838.726666666667,0.0,12.94,77.4133333333333,1.9,3.1
2026-09-16T05:00,260.533333333333,838.693333333333,9.16666666666667,12.94,69.2,2.74666666666667,3.0
2026-09-16T05:15,255.733333333333,838.8,19.6933333333333,13.22,55.9066666666667,2.95333333333333,3.4
2026-09-16T05:30,255.133333333333,838.8,43.2866666666667,13.22,45.74,3.38,3.6
2026-09-16T05:45,257.333333333333,838.8,100.606666666667,13.2533333333333,43.7933333333333,3.4,3.6
2026-09-16T06:15,257.866666666667,838.826666666667,212.6,13.0666666666667,44.5066666666667,3.92666666666667,4.3
2026-09-16T06:30,261.466666666667,838.886666666667,268.286666666667,12.98,43.98,3.62,4.0
2026-09-16T07:00,275.533333333333,838.9,383.353333333333,12.96,45.1733333333333,1.86,2.6
2026-09-16T07:15,272.133333333333,838.986666666667,446.166666666667,12.8933333333333,48.0733333333333,2.06666666666667,2.8
2026-09-16T07:30,266.466666666667,839.046666666667,501.4,12.8933333333333,49.8,2.25333333333333,2.9
2026-09-16T08:00,277.2,839.2,574.56,13.4733333333333,43.24,1.22666666666667,2.0
2026-09-16T08:15,278.4,839.2,608.866666666667,13.8733333333333,38.1133333333333,1.42666666666667,2.1
2026-09-16T08:30,278.0,839.2,660.3,13.8,40.3,1.4,2.5
2026-09-16T08:45,282.0,839.2,540.0,14.5,40.6,1.2,1.9
2026-09-16T09:15,308.0,839.3,745.9,14.7,45.8,1.2,2.2
2026-09-16T09:30,303.266666666667,839.286666666667,774.193333333333,14.8466666666667,52.5266666666667,1.27333333333333,2.1
2026-09-16T09:45,286.133333333333,839.3,854.906666666667,15.06,52.2133333333333,1.28666666666667,2.1
2026-09-16T10:15,186.933333333333,839.213333333333,919.326666666667,15.2466666666667,73.1466666666667,1.94,3.6
2026-09-16T10:30,214.866666666667,839.113333333333,918.766666666667,15.06,71.1466666666667,1.9,4.7
2026-09-16T11:00,177.466666666667,839.0,934.426666666667,14.0333333333333,81.6333333333333,2.74666666666667,5.1
2026-09-16T11:15,177.8,838.993333333333,923.213333333333,14.32,80.72,2.62666666666667,5.0
2026-09-16T11:30,172.0,839.0,942.08,14.78,78.3333333333333,2.41333333333333,5.8
2026-09-16T12:00,167.066666666667,838.893333333333,925.846666666667,14.28,85.5,2.78666666666667,4.8
2026-09-16T12:15,196.933333333333,838.826666666667,951.98,14.46,82.5733333333333,2.40666666666667,4.8
2026-09-16T12:30,210.333333333333,838.693333333333,960.553333333333,14.9933333333333,83.36,2.44666666666667,4.8
2026-09-16T13:00,197.666666666667,838.493333333333,828.293333333333,14.3133333333333,83.76,2.82666666666667,4.7
2026-09-16T13:15,211.133333333333,838.4,769.52,13.94,83.3133333333333,2.93333333333333,4.4
2026-09-16T13:30,209.666666666667,838.306666666667,730.68,14.0733333333333,82.5666666666667,2.68666666666667,4.2
2026-09-16T13:45,209.066666666667,838.3,667.74,13.9666666666667,83.9666666666667,2.82,5.0
2026-09-16T14:15,190.266666666667,838.2,411.766666666667,13.5266666666667,86.78,2.69333333333333,4.5
2026-09-16T14:30,186.0,838.14,390.42,13.0066666666667,89.54,2.56,4.3
2026-09-16T15:00,203.533333333333,837.9,338.553333333333,13.5733333333333,89.1133333333333,2.88666666666667,4.4
2026-09-16T15:15,209.8,837.82,299.48,13.2333333333333,91.0533333333333,2.92,4.2
2026-09-16T15:30,235.2,837.706666666667,272.04,13.5133333333333,89.2133333333333,2.91333333333333,4.0
2026-09-16T16:00,218.466666666667,837.586666666667,156.06,12.68,93.6,2.82666666666667,4.3
2026-09-16T16:15,225.6,837.5,107.233333333333,12.5466666666667,93.5133333333333,2.10666666666667,3.4
2026-09-16T16:30,265.533333333333,837.366666666667,56.7666666666667,12.3733333333333,95.3066666666667,1.92,3.2
2026-09-16T17:00,215.0,837.390909090909,30.8272727272727,12.1818181818182,90.0,1.90909090909091,3.3
2026-09-16T17:15,159.866666666667,837.346666666667,9.13333333333333,12.0066666666667,84.0,2.68,3.1
2026-09-16T17:30,150.2,837.26,0.566666666666667,11.7933333333333,84.2,3.08666666666667,3.7
2026-09-16T18:00,158.666666666667,837.14,0.0,12.0733333333333,66.4933333333333,2.84,4.0
2026-09-16T18:15,158.533333333333,837.286666666667,0.0,11.64,83.2466666666667,2.05333333333333,2.9
2026-09-16T18:30,154.8,837.373333333333,0.0,11.8,77.6866666666667,1.88666666666667,2.6
2026-09-16T19:00,133.4,837.4,0.0,11.4933333333333,82.1133333333333,1.51333333333333,2.1
2026-09-16T19:15,186.666666666667,837.446666666667,0.0,11.3066666666667,86.3266666666667,2.06,2.6
2026-09-16T19:30,197.466666666667,837.4,0.0,11.1933333333333,88.4533333333333,1.95333333333333,2.4
2026-09-16T20:00,197.4,837.4,0.0,10.9733333333333,88.7333333333333,2.70666666666667,3.2
2026-09-16T20:15,225.2,837.4,0.0,10.9866666666667,84.0666666666667,3.12666666666667,3.6
2026-09-16T20:30,234.733333333333,837.4,0.0,11.0533333333333,77.78,3.36,3.9
2026-09-16T21:00,247.818181818182,837.4,0.0,10.6909090909091,98.6090909090909,2.19090909090909,2.6
2026-09-16T21:15,260.533333333333,837.38,0.0866666666666667,10.4733333333333,95.4,2.48,3.2
2026-09-16T21:30,252.933333333333,837.3,0.0,10.6866666666667,88.7066666666667,2.77333333333333,3.2
2026-09-16T22:00,187.6,837.2,0.0,10.5266666666667,96.6733333333333,1.46,2.0
2026-09-16T22:15,169.866666666667,837.133333333333,0.0,10.5866666666667,83.6466666666667,1.58666666666667,1.9
2026-09-16T22:30,166.933333333333,837.04,0.0,10.6333333333333,78.3133333333333,1.38666666666667,1.7
2026-09-16T23:15,259.733333333333,836.82,0.0,10.56,74.3666666666667,2.37333333333333,3.2
2026-09-16T23:30,265.2,836.78,0.0,10.1933333333333,78.44,2.76,3.8
2026-09-16T23:45,261.666666666667,836.686666666667,0.0,10.0466666666667,79.7533333333333,3.17333333333333,3.9
2026-09-17T00:15,286.933333333333,836.526666666667,0.0,9.92,90.1133333333333,3.8,4.9
2026-09-17T00:30,294.333333333333,836.406666666667,0.0,10.1066666666667,89.0533333333333,4.92666666666667,6.4
2026-09-17T01:00,294.866666666667,836.293333333333,0.0,10.5066666666667,83.9866666666667,5.02666666666667,5.6
2026-09-17T01:15,298.2,836.206666666667,0.0,10.2066666666667,91.02,4.25333333333333,4.9
2026-09-17T01:30,300.733333333333,836.22,0.0,10.3,88.3066666666667,3.67333333333333,4.3
2026-09-17T02:00,291.2,836.266666666667,0.926666666666667,9.86666666666667,94.6133333333333,3.26666666666667,4.1
2026-09-17T02:15,308.466666666667,836.2,0.0,10.7333333333333,76.8533333333333,3.82,4.4
2026-09-17T02:30,316.2,836.266666666667,0.0,10.5733333333333,78.9866666666667,3.38,4.4
2026-09-17T03:00,327.0,836.190909090909,0.0,11.1363636363636,64.6545454545455,1.79090909090909,2.7
2026-09-17T03:15,295.133333333333,836.106666666667,0.0,11.5866666666667,54.46,1.54,2.7
2026-09-17T03:30,204.733333333333,835.993333333333,0.0,11.18,64.22,1.12,1.7
2026-09-17T03:45,275.2,836.086666666667,0.0,10.7133333333333,80.8733333333333,1.38,2.2
2026-09-17T04:15,86.3333333333333,836.24,0.0,11.1466666666667,65.6333333333333,4.22,5.2
2026-09-17T04:30,143.666666666667,836.186666666667,0.2,10.4333333333333,78.1933333333333,1.66666666666667,3.4
2026-09-17T05:00,174.266666666667,836.24,2.15333333333333,9.24666666666667,86.6533333333333,2.84,4.9
2026-09-17T05:15,37.2666666666667,836.24,4.54666666666667,9.07333333333333,89.5066666666667,2.98,4.7
2026-09-17T05:30,40.8,836.833333333333,8.00666666666667,9.34666666666667,86.16,2.58666666666667,4.1
2026-09-17T05:45,79.5333333333333,837.166666666667,6.14,9.72666666666667,82.7866666666667,2.39333333333333,3.6
2026-09-17T06:15,60.4,836.293333333333,7.0,9.80666666666667,80.94,7.05333333333333,9.6
2026-09-17T06:30,74.6666666666667,835.666666666667,4.05333333333333,9.5,88.7133333333333,10.46,12.5
2026-09-17T07:00,81.1333333333333,835.373333333333,20.8066666666667,9.00666666666667,97.8733333333333,12.2733333333333,14.8
2026-09-17T07:15,79.8666666666667,835.24,81.9466666666667,8.93333333333333,99.3133333333333,11.9733333333333,14.7
2026-09-17T07:30,76.2666666666667,835.42,310.946666666667,8.93333333333333,99.3,9.86666666666667,13.2
2026-09-17T08:00,74.0,835.906666666667,546.153333333333,10.1733333333333,90.1533333333333,7.53333333333333,9.4
2026-09-17T08:15,72.2666666666667,836.08,349.086666666667,9.92,93.5866666666667,7.76,10.0
2026-09-17T08:30,66.7333333333333,836.48,213.006666666667,9.72,94.3066666666667,6.04666666666667,9.2
2026-09-17T09:00,226.0,837.153333333333,55.7466666666667,9.48,92.2733333333333,1.88,3.0
2026-09-17T09:15,201.0,837.366666666667,35.1666666666667,9.54666666666667,90.0133333333333,1.65333333333333,4.8
2026-09-17T09:30,101.0,837.0,24.3466666666667,9.76,88.38,4.84666666666667,6.4
2026-09-17T10:00,84.4666666666667,836.08,71.24,9.16,96.98,9.6,14.6
2026-09-17T10:15,80.1333333333333,835.993333333333,126.873333333333,8.96,99.2866666666667,9.50666666666667,12.9
2026-09-17T10:30,81.2666666666667,835.68,145.22,8.93333333333333,99.3333333333333,11.8533333333333,15.4
2026-09-17T11:00,67.1333333333333,836.52,334.013333333333,9.03333333333333,99.3333333333333,5.71333333333333,10.2
2026-09-17T11:15,85.0666666666667,836.753333333333,500.213333333333,9.76,99.3133333333333,3.24666666666667,7.2
2026-09-17T11:30,254.066666666667,836.726666666667,525.54,10.3533333333333,99.3466666666667,2.52,5.7
2026-09-17T12:00,268.733333333333,836.926666666667,210.026666666667,9.89333333333333,99.3133333333333,2.24,4.6
2026-09-17T12:15,73.2666666666667,836.806666666667,240.306666666667,9.76,99.3266666666667,2.7,4.0
2026-09-17T12:30,82.0,836.793333333333,258.873333333333,9.53333333333333,99.3133333333333,2.90666666666667,4.6
2026-09-17T13:00,83.9333333333333,836.553333333333,184.286666666667,9.55333333333333,99.3066666666667,3.80666666666667,6.2
2026-09-17T13:15,90.6666666666667,836.5,136.013333333333,9.38,99.3266666666667,4.34,6.0
2026-09-17T13:30,82.4666666666667,836.506666666667,110.653333333333,9.24666666666667,99.3066666666667,4.34,6.0
2026-09-17T13:45,78.6666666666667,836.56,173.106666666667,9.20666666666667,99.3133333333333,4.54,6.2
2026-09-17T14:15,48.2666666666667,836.78,205.826666666667,9.52,99.3333333333333,2.19333333333333,3.6
2026-09-17T14:30,85.8666666666667,836.8,255.653333333333,9.71333333333333,99.32,1.41333333333333,2.4
2026-09-17T15:00,37.2,836.633333333333,257.933333333333,9.7,99.3,1.33333333333333,2.4
2026-09-17T15:15,52.9333333333333,836.493333333333,214.593333333333,9.78,99.3066666666667,1.22666666666667,2.7
2026-09-17T15:30,100.266666666667,836.373333333333,142.286666666667,9.56,99.32,1.3,2.3
2026-09-17T16:00,290.2,836.406666666667,98.3266666666667,9.28,99.3466666666667,1.32,1.9
2026-09-17T16:15,232.8,836.48,102.106666666667,9.48,99.3066666666667,0.98,1.6
2026-09-17T16:30,311.866666666667,836.5,42.5,9.44,99.3133333333333,1.05333333333333,2.4
2026-09-17T17:00,171.266666666667,836.493333333333,16.4333333333333,8.88,99.3333333333333,1.89333333333333,3.0
2026-09-17T17:15,20.3333333333333,836.393333333333,2.95333333333333,8.8,99.3066666666667,1.87333333333333,2.4
2026-09-17T17:30,221.0,836.3,0.0,8.71333333333333,99.3333333333333,1.54666666666667,2.0
2026-09-17T18:00,53.6,836.406666666667,0.0,8.64,99.32,1.10666666666667,1.8
2026-09-17T18:15,213.666666666667,836.553333333333,0.0,8.7,99.3333333333333,0.92,1.9
2026-09-17T18:30,135.866666666667,836.646666666667,0.0,8.6,99.3066666666667,1.04,1.9
2026-09-17T19:00,329.133333333333,836.88,0.0,8.57333333333333,99.3266666666667,0.96,1.6
2026-09-17T19:15,318.666666666667,836.9,0.0,8.60666666666667,99.2066666666667,1.5,2.1
2026-09-17T19:30,198.076923076923,836.82,0.0,8.6,99.16,0.74,1.4
2026-09-17T20:00,280.076923076923,836.98,0.0,8.55333333333333,99.12,1.25333333333333,1.9
2026-09-17T20:15,295.2,836.973333333333,0.0,8.64,99.2266666666667,1.72666666666667,2.1
2026-09-17T20:30,274.066666666667,836.953333333333,0.0,8.74666666666667,99.1666666666667,1.96666666666667,2.8
2026-09-17T21:00,295.066666666667,837.0,0.0,8.48,99.2733333333333,2.65333333333333,3.5
2026-09-17T21:15,296.666666666667,836.98,0.0,8.58,99.34,3.72,4.7
2026-09-17T21:30,287.666666666667,836.9,0.0,8.60666666666667,99.3333333333333,2.94,3.7
2026-09-17T22:00,267.533333333333,836.673333333333,0.0,8.51333333333333,99.1866666666667,2.34,3.1
2026-09-17T22:15,263.933333333333,836.633333333333,0.0,8.46,99.2333333333333,2.30666666666667,3.3
2026-09-17T22:30,274.8,836.586666666667,0.0,8.4,99.22,1.83333333333333,3.4
2026-09-17T23:15,288.466666666667,836.5,0.0,8.76,99.22,3.03333333333333,3.9
2026-09-17T23:30,302.0,836.473333333333,0.0,8.78,98.7466666666667,3.34666666666667,3.8
2026-09-18T00:00,308.866666666667,836.426666666667,0.0,9.11333333333333,93.4733333333333,3.45333333333333,4.3
2026-09-18T00:15,305.533333333333,836.36,0.0,9.4,89.9466666666667,3.48,4.1
2026-09-18T00:30,302.0,836.3,0.0,9.23333333333333,90.4466666666667,3.95333333333333,5.0
2026-09-18T01:00,293.933333333333,836.14,0.0,9.02666666666667,91.8733333333333,5.37333333333333,6.0
2026-09-18T01:15,294.2,836.133333333333,0.0,8.73333333333333,94.5933333333333,4.81333333333333,5.5
2026-09-18T01:30,301.0,836.033333333333,0.0,9.42666666666667,88.0733333333333,5.28666666666667,5.7
2026-09-18T02:00,298.933333333333,835.953333333333,0.0,9.73333333333333,84.7333333333333,3.96666666666667,4.6
2026-09-18T02:15,287.8,835.8,0.0,9.59333333333333,86.1133333333333,4.60666666666667,5.6
2026-09-18T02:30,279.4,835.8,0.0,9.51333333333333,86.8,3.91333333333333,5.4
2026-09-18T03:00,258.466666666667,835.786666666667,0.0,9.30666666666667,88.2933333333333,3.52666666666667,4.3
2026-09-18T03:15,228.666666666667,835.9,0.0,9.27333333333333,88.88,3.27333333333333,4.0
2026-09-18T03:30,223.266666666667,835.993333333333,0.0,9.38666666666667,88.08,3.80666666666667,4.3
2026-09-18T04:00,243.333333333333,835.886666666667,0.0,9.41333333333333,86.7266666666667,4.06666666666667,4.9
2026-09-18T04:15,241.333333333333,835.986666666667,0.0,9.13333333333333,90.0066666666667,3.95333333333333,4.3
2026-09-18T04:30,257.466666666667,836.033333333333,0.0,9.2,89.64,3.0,4.3
2026-09-18T05:00,272.133333333333,836.16,9.46666666666667,9.16,91.0,2.02,2.9
2026-09-18T05:15,279.666666666667,836.2,29.0266666666667,9.2,90.9733333333333,2.81333333333333,3.5
2026-09-18T05:30,283.133333333333,836.213333333333,43.7133333333333,9.66666666666667,83.2733333333333,2.95333333333333,3.1
2026-09-18T06:00,277.933333333333,836.3,152.906666666667,9.9,86.6866666666667,1.75333333333333,2.3
2026-09-18T06:15,266.866666666667,836.313333333333,183.866666666667,9.9,86.6333333333333,2.14,2.7
2026-09-18T06:30,215.8,836.513333333333,203.16,9.64666666666667,87.8733333333333,2.42666666666667,3.3
2026-09-18T07:00,194.2,836.806666666667,176.546666666667,9.49333333333333,91.3266666666667,2.27333333333333,3.0
2026-09-18T07:15,196.133333333333,836.953333333333,158.353333333333,9.58666666666667,90.0466666666667,1.90666666666667,2.6
2026-09-18T07:30,192.6,837.133333333333,305.633333333333,9.9,89.72,2.19333333333333,3.5
2026-09-18T08:00,200.933333333333,837.286666666667,434.006666666667,10.2266666666667,87.86,1.58666666666667,3.6
2026-09-18T08:15,127.133333333333,837.4,478.74,10.6466666666667,89.8333333333333,2.02666666666667,4.4
2026-09-18T08:30,134.6,837.606666666667,397.613333333333,10.84,87.4866666666667,1.57333333333333,3.5
2026-09-18T09:00,137.733333333333,837.7,630.773333333333,11.2466666666667,82.3066666666667,1.94666666666667,3.4
2026-09-18T09:15,153.133333333333,837.7,581.16,11.7133333333333,85.8666666666667,2.26666666666667,3.6
2026-09-18T09:30,171.2,837.793333333333,408.24,11.3733333333333,90.0733333333333,1.93333333333333,3.5
2026-09-18T10:00,222.666666666667,837.86,270.826666666667,11.1933333333333,88.9666666666667,1.26666666666667,2.8
2026-09-18T10:15,216.466666666667,837.926666666667,264.34,10.8066666666667,85.18,1.4,2.6
2026-09-18T10:30,207.533333333333,837.813333333333,500.433333333333,11.6066666666667,86.7,1.26,2.6
2026-09-18T11:00,252.333333333333,837.76,736.786666666667,11.3466666666667,90.1333333333333,1.77333333333333,3.4
2026-09-18T11:15,254.2,837.826666666667,542.793333333333,11.6666666666667,87.64,1.70666666666667,3.3
2026-09-18T11:30,189.266666666667,837.973333333333,534.4,11.64,89.6533333333333,2.28666666666667,4.1
2026-09-18T12:00,219.2,838.1,308.84,11.0733333333333,93.56,1.8,3.5
2026-09-18T12:15,204.466666666667,838.1,549.986666666667,11.7066666666667,91.5666666666667,2.2,4.9
2026-09-18T12:30,244.4,838.086666666667,439.186666666667,11.9733333333333,88.0133333333333,1.48666666666667,2.7
2026-09-18T13:00,166.266666666667,837.906666666667,247.673333333333,11.6333333333333,92.8266666666667,1.98666666666667,4.3
2026-09-18T13:15,157.066666666667,837.906666666667,482.313333333333,11.74,92.8066666666667,2.23333333333333,4.3
2026-09-18T13:30,184.666666666667,837.946666666667,658.706666666667,12.6133333333333,90.18,2.14,4.3
2026-09-18T14:00,155.4,837.866666666667,457.053333333333,11.4933333333333,94.38,1.91333333333333,3.7
2026-09-18T14:15,136.8,837.8,504.113333333333,11.7333333333333,92.74,2.39333333333333,4.3
2026-09-18T14:30,154.8,837.886666666667,530.653333333333,12.0466666666667,90.0533333333333,2.16,3.2
2026-09-18T15:00,146.0,837.913333333333,282.746666666667,11.2866666666667,94.5066666666667,2.78666666666667,4.5
2026-09-18T15:15,155.6,838.073333333333,192.74,11.3133333333333,94.8266666666667,2.86666666666667,4.4
2026-09-18T15:30,150.8,838.16,58.5933333333333,11.0733333333333,96.94,3.18666666666667,4.8
2026-09-18T16:00,159.933333333333,838.2,52.8266666666667,10.8733333333333,99.3066666666667,3.32666666666667,4.9
2026-09-18T16:15,157.4,838.293333333333,70.3666666666667,10.8933333333333,99.3066666666667,3.22666666666667,4.9
2026-09-18T16:30,170.066666666667,838.36,79.9,10.7866666666667,99.3133333333333,2.27333333333333,4.5
2026-09-18T17:00,167.666666666667,838.48,12.14,10.5333333333333,99.3266666666667,1.18,3.4
2026-09-18T17:15,186.533333333333,838.586666666667,3.65333333333333,10.3866666666667,99.3133333333333,1.29333333333333,3.3
2026-09-18T17:30,204.533333333333,838.56,0.0,10.2,99.3266666666667,1.52,2.3
2026-09-18T18:00,166.533333333333,838.686666666667,0.0,10.24,99.1933333333333,2.3,3.1
2026-09-18T18:15,123.666666666667,838.78,0.0,10.3266666666667,99.32,3.23333333333333,3.7
2026-09-18T18:30,116.0,839.033333333333,0.0,10.4,99.3133333333333,3.04,3.9
2026-09-18T19:00,120.0,839.24,0.0,10.58,99.3266666666667,3.25333333333333,4.6
2026-09-18T19:15,124.2,839.32,0.0,10.6266666666667,99.3466666666667,2.86,3.9
2026-09-18T19:30,147.466666666667,839.46,0.0,10.6466666666667,99.32,3.06666666666667,5.5
2026-09-18T20:00,130.333333333333,839.58,0.0,10.7066666666667,99.34,3.46666666666667,5.0
2026-09-18T20:15,128.8,839.713333333333,0.0,10.56,99.3266666666667,2.30666666666667,4.2
2026-09-18T20:30,136.933333333333,839.88,0.0,10.44,99.3266666666667,1.83333333333333,2.9
2026-09-18T21:00,141.533333333333,840.0,0.0,10.44,99.3266666666667,1.16666666666667,1.9
2026-09-18T21:15,171.266666666667,840.193333333333,0.0,10.5,99.3133333333333,1.30666666666667,2.3
2026-09-18T21:30,168.846153846154,840.313333333333,0.0,10.48,99.32,0.7,1.5
2026-09-18T22:00,116.636363636364,840.393333333333,0.0,10.4666666666667,99.32,0.98,2.9
2026-09-18T22:15,90.2,840.353333333333,0.0,10.28,99.3333333333333,1.64,3.8
2026-09-18T22:30,298.25,840.4,0.0,10.1066666666667,99.3266666666667,0.72,1.8
2026-09-18T23:15,211.0,840.673333333333,0.0,9.89333333333333,99.24,0.373333333333333,1.6
2026-09-18T23:30,263.166666666667,840.88,0.0,10.0533333333333,99.2866666666667,0.12,1.0
2026-09-19T00:00,326.666666666667,840.813333333333,0.0,10.1733333333333,98.2866666666667,1.6,2.3
2026-09-19T00:15,204.733333333333,840.78,0.0,10.2333333333333,98.5333333333333,1.03333333333333,1.7
2026-09-19T00:30,147.533333333333,840.773333333333,0.0,10.2,98.1333333333333,1.18,1.5
2026-09-19T01:00,142.4,840.78,0.0,9.96666666666667,96.8266666666667,1.80666666666667,2.2
2026-09-19T01:15,19.0,840.6,0.0,9.99333333333333,97.1933333333333,1.30666666666667,2.0
2026-09-19T01:30,178.230769230769,840.786666666667,0.0,10.0666666666667,97.9533333333333,0.74,1.6
2026-09-19T02:00,177.933333333333,840.86,0.0,10.46,94.3133333333333,1.34666666666667,1.7
2026-09-19T02:15,242.933333333333,840.8,0.0,10.6933333333333,90.54,1.02,1.4
2026-09-19T02:30,197.909090909091,840.8,0.0,10.5266666666667,91.0466666666667,0.473333333333333,1.2
2026-09-19T03:00,228.818181818182,841.013333333333,0.0,10.4533333333333,91.56,0.38,0.8
2026-09-19T03:15,284.533333333333,841.0,0.0,10.6866666666667,89.8666666666667,0.9,1.1
2026-09-19T03:30,29.3571428571429,841.026666666667,0.0,10.6,90.14,0.573333333333333,1.1
2026-09-19T04:00,34.2,841.086666666667,0.0,10.3266666666667,90.4266666666667,2.58,3.4
2026-09-19T04:15,37.6,841.28,0.0,10.1733333333333,93.3733333333333,2.72,3.2
2026-09-19T04:30,36.5333333333333,841.366666666667,0.0,9.97333333333333,93.84,2.88,3.6
2026-09-19T04:45,58.9333333333333,841.38,0.0,9.72,95.28,3.39333333333333,4.4
2026-09-19T05:00,55.4,841.4,1.11333333333333,9.80666666666667,92.9,3.16666666666667,4.3
2026-09-19T05:15,68.9333333333333,841.533333333333,12.76,9.77333333333333,89.4466666666667,4.38666666666667,6.0
2026-09-19T05:30,70.2,841.626666666667,32.2666666666667,9.95333333333333,87.2733333333333,5.32,6.3
2026-09-19T06:00,69.8,841.853333333333,66.3,9.89333333333333,88.6866666666667,6.02666666666667,7.4
2026-09-19T06:15,73.8666666666667,841.86,99.5266666666667,9.94,87.6733333333333,6.58666666666667,8.2
2026-09-19T06:30,74.6,841.866666666667,110.2,10.0733333333333,86.4533333333333,7.20666666666667,8.5
2026-09-19T07:00,76.5333333333333,842.106666666667,306.646666666667,10.74,85.98,7.0,8.6
2026-09-19T07:15,70.8,842.26,369.06,11.0933333333333,85.8533333333333,5.92666666666667,7.5
2026-09-19T07:30,64.6,842.393333333333,419.553333333333,11.14,85.4533333333333,5.01333333333333,6.9
2026-09-19T08:00,66.5333333333333,842.786666666667,558.046666666667,12.16,82.44,4.36666666666667,6.0
2026-09-19T08:15,68.2666666666667,842.913333333333,609.74,12.24,81.6333333333333,4.30666666666667,5.7
2026-09-19T08:30,73.1333333333333,843.193333333333,653.64,12.9666666666667,80.12,2.72666666666667,5.2
2026-09-19T09:00,115.466666666667,843.52,660.913333333333,13.2466666666667,77.48,2.91333333333333,4.3
2026-09-19T09:15,125.666666666667,843.666666666667,446.753333333333,12.3266666666667,84.88,2.17333333333333,4.1
2026-09-19T09:30,153.733333333333,843.82,511.506666666667,12.0466666666667,91.0866666666667,1.88666666666667,3.6
2026-09-19T10:00,112.4,843.92,444.146666666667,12.18,90.4333333333333,2.34,5.3
2026-09-19T10:15,107.0,843.9,945.566666666667,13.3,83.82,2.98666666666667,5.5
2026-09-19T10:30,92.6666666666667,843.9,888.88,13.2066666666667,87.6666666666667,3.13333333333333,5.1
2026-09-19T10:45,83.7333333333333,843.9,901.12,13.3333333333333,87.48,3.16666666666667,5.3
2026-09-19T11:00,99.6666666666667,843.933333333333,913.426666666667,13.26,86.2066666666667,3.59333333333333,6.8
2026-09-19T11:15,92.7333333333333,844.0,697.64,13.1533333333333,86.8133333333333,2.92,5.3
2026-09-19T11:30,106.733333333333,844.026666666667,594.3,12.6066666666667,87.3333333333333,3.42666666666667,4.9
2026-09-19T12:00,106.2,843.98,200.073333333333,11.5066666666667,94.98,3.61333333333333,4.7
2026-09-19T12:15,104.066666666667,844.06,211.386666666667,11.7133333333333,93.92,2.94,4.7
2026-09-19T12:30,105.666666666667,844.106666666667,134.28,11.7266666666667,94.0866666666667,3.29333333333333,5.1
2026-09-19T13:00,111.466666666667,844.086666666667,180.06,11.7866666666667,90.14,3.64666666666667,5.8
2026-09-19T13:15,117.133333333333,844.1,120.64,11.6333333333333,90.9066666666667,3.77333333333333,4.9
2026-09-19T13:30,120.6,844.1,94.6333333333333,11.64,89.8466666666667,3.22,4.7
2026-09-19T14:00,121.466666666667,844.1,318.353333333333,12.2466666666667,90.6933333333333,2.52,4.7
2026-09-19T14:15,125.4,844.16,396.96,12.5466666666667,91.6066666666667,3.12,5.9
2026-09-19T14:30,262.0,844.2,139.68,12.6533333333333,91.34,1.06666666666667,2.0
2026-09-19T15:00,150.066666666667,844.326666666667,266.706666666667,12.1866666666667,94.36,2.95333333333333,4.9
2026-09-19T15:15,139.133333333333,844.333333333333,264.486666666667,12.4666666666667,93.2266666666667,3.28666666666667,5.4
2026-09-19T15:30,135.533333333333,844.346666666667,206.033333333333,12.2466666666667,94.02,3.94,6.2
2026-09-19T16:00,144.466666666667,844.466666666667,264.533333333333,12.2733333333333,94.12,2.50666666666667,4.5
2026-09-19T16:15,141.6,844.5,260.353333333333,12.0333333333333,95.5133333333333,2.65333333333333,4.4
2026-09-19T16:30,150.8,844.406666666667,159.42,12.0533333333333,95.54,1.62666666666667,2.4
2026-09-19T17:00,159.733333333333,844.5,28.7133333333333,11.66,95.5,1.27333333333333,1.8
2026-09-19T17:15,166.533333333333,844.5,5.18666666666667,11.42,95.5333333333333,1.49333333333333,2.0
2026-09-19T17:30,187.066666666667,844.613333333333,0.0,11.46,90.94,1.54666666666667,2.0
2026-09-19T18:00,242.533333333333,844.786666666667,0.0,11.3533333333333,91.7,1.53333333333333,2.1
2026-09-19T18:15,289.933333333333,844.74,0.0,11.32,92.5,1.76,2.8
2026-09-19T18:30,303.466666666667,844.726666666667,0.0,11.5533333333333,86.9333333333333,4.02,4.7
2026-09-19T19:00,301.133333333333,845.086666666667,0.0,11.56,85.8933333333333,3.01333333333333,4.1
2026-09-19T19:15,310.666666666667,845.013333333333,0.0,11.5066666666667,85.5133333333333,4.66,5.1
2026-09-19T19:30,311.533333333333,845.193333333333,0.0,11.5,86.7266666666667,4.86,5.4
2026-09-19T20:00,322.8,845.3,0.0,11.3933333333333,90.4666666666667,4.3,4.9
2026-09-19T20:15,337.666666666667,845.34,0.0,11.6933333333333,86.6533333333333,3.12,4.4
2026-09-19T20:30,268.533333333333,845.4,0.0,12.1533333333333,80.2533333333333,2.21333333333333,3.0
2026-09-19T21:00,319.066666666667,845.493333333333,0.0,11.9533333333333,82.7533333333333,2.72,3.1
2026-09-19T21:15,323.4,845.406666666667,0.0,12.0333333333333,81.0133333333333,3.24,3.9
2026-09-19T21:30,312.0,845.46,0.0,12.06,80.8933333333333,2.46666666666667,3.3
2026-09-19T22:00,308.466666666667,845.42,0.0,12.6266666666667,75.06,3.06666666666667,3.4
2026-09-19T22:15,309.2,845.46,0.0,12.6533333333333,74.42,3.18666666666667,3.5
2026-09-19T22:30,310.533333333333,845.4,0.0,12.8133333333333,73.0066666666667,3.28,3.9
2026-09-19T23:15,293.133333333333,845.4,0.0,12.76,72.3533333333333,3.72,4.4
2026-09-19T23:30,291.333333333333,845.4,0.0,12.88,71.4866666666667,3.37333333333333,3.8
2026-09-20T00:00,288.2,845.453333333333,0.0,12.52,74.68,1.41333333333333,2.0
2026-09-20T00:15,256.8,845.44,0.0,12.46,75.28,1.53333333333333,1.8
2026-09-20T00:30,280.133333333333,845.4,0.0,12.42,75.5533333333333,2.02,2.4
2026-09-20T01:00,260.733333333333,845.486666666667,0.0,12.28,76.5733333333333,1.38,2.4
2026-09-20T01:15,281.933333333333,845.4,0.0,12.1266666666667,78.3933333333333,2.74666666666667,3.2
2026-09-20T01:30,277.333333333333,845.4,0.0,12.1666666666667,77.7333333333333,1.98,3.1
2026-09-20T02:00,274.6,845.293333333333,0.0,12.42,75.1333333333333,1.74666666666667,2.5
2026-09-20T02:15,269.666666666667,845.3,0.0,12.2533333333333,76.2066666666667,1.80666666666667,2.6
2026-09-20T02:30,265.466666666667,845.3,0.0,12.1933333333333,75.4333333333333,2.3,2.6
2026-09-20T03:00,281.266666666667,845.3,0.0,12.3933333333333,73.0533333333333,2.45333333333333,3.3
2026-09-20T03:15,297.733333333333,845.233333333333,0.0,12.4133333333333,73.5333333333333,3.82,4.3
2026-09-20T03:30,301.066666666667,845.2,0.0,12.4733333333333,74.7666666666667,4.83333333333333,5.2
2026-09-20T04:00,304.333333333333,845.106666666667,0.0,12.4066666666667,74.2133333333333,5.24,5.9
2026-09-20T04:15,304.6,844.966666666667,0.0,12.3066666666667,75.6733333333333,5.23333333333333,5.8
2026-09-20T04:30,303.0,845.053333333333,0.0,12.4,75.2266666666667,4.92666666666667,5.4
2026-09-20T05:00,313.8,845.1,4.49333333333333,12.9666666666667,67.9066666666667,3.92,4.4
2026-09-20T05:15,317.733333333333,845.22,20.2133333333333,13.1466666666667,66.8,3.33333333333333,3.6
2026-09-20T05:30,326.333333333333,845.3,38.2533333333333,13.1733333333333,66.76,3.11333333333333,3.4
2026-09-20T06:00,321.266666666667,845.4,155.973333333333,13.3666666666667,67.4066666666667,2.6,3.3
2026-09-20T06:15,228.133333333333,845.4,218.88,13.7466666666667,67.6733333333333,0.96,2.1
2026-09-20T06:30,290.6,845.426666666667,281.06,13.6333333333333,67.8733333333333,1.61333333333333,2.4
2026-09-20T07:00,132.066666666667,845.546666666667,334.76,14.98,70.68,1.14666666666667,2.8
2026-09-20T07:15,122.6,845.673333333333,310.473333333333,14.7333333333333,74.2666666666667,1.76666666666667,3.9
2026-09-20T07:30,123.0,845.7,356.9,14.26,76.1466666666667,1.75333333333333,3.3
2026-09-20T08:00,106.933333333333,845.806666666667,498.14,14.4066666666667,75.86,2.14,3.5
2026-09-20T08:15,113.733333333333,845.866666666667,566.286666666667,14.82,73.78,2.32666666666667,3.7
2026-09-20T08:30,115.0,845.906666666667,623.573333333333,15.22,74.0466666666667,1.98,3.9
2026-09-20T09:00,114.8,846.14,595.8,15.14,69.6466666666667,2.64,5.2
2026-09-20T09:15,110.066666666667,846.273333333333,636.72,15.1933333333333,73.3466666666667,3.08,4.4
2026-09-20T09:30,114.133333333333,846.113333333333,764.513333333333,15.1066666666667,79.2666666666667,3.26,5.4
2026-09-20T10:00,105.066666666667,846.093333333333,692.786666666667,14.94,71.2266666666667,2.78,4.2
2026-09-20T10:15,99.0666666666667,846.1,703.126666666667,15.22,74.6,2.71333333333333,5.0
2026-09-20T10:30,124.2,846.126666666667,746.926666666667,14.8066666666667,79.1133333333333,3.18,4.7
2026-09-20T11:00,137.0,846.186666666667,816.773333333333,14.7666666666667,78.9666666666667,2.76666666666667,4.7
2026-09-20T11:15,144.666666666667,846.173333333333,871.973333333333,14.7533333333333,77.58,3.66,6.3
2026-09-20T11:30,131.8,846.206666666667,892.086666666667,14.96,75.1866666666667,2.62666666666667,4.4
2026-09-20T12:00,148.066666666667,845.973333333333,808.726666666667,14.9133333333333,76.1266666666667,3.30666666666667,5.9
2026-09-20T12:15,157.333333333333,845.9,795.193333333333,14.6666666666667,75.88,3.24666666666667,6.0
2026-09-20T12:30,153.466666666667,845.86,778.02,14.7533333333333,73.9733333333333,3.20666666666667,6.7
2026-09-20T13:00,148.933333333333,845.813333333333,508.566666666667,14.8266666666667,75.5533333333333,2.85333333333333,5.5
2026-09-20T13:15,175.2,845.726666666667,645.753333333333,15.2533333333333,76.88,2.44,5.7
2026-09-20T13:30,163.6,845.7,316.14,14.5,82.4866666666667,2.63333333333333,4.5
2026-09-20T14:00,251.933333333333,845.526666666667,223.22,14.5066666666667,85.6466666666667,1.94,4.7
2026-09-20T14:15,234.8,845.333333333333,209.706666666667,14.5866666666667,84.7,1.68,2.9
2026-09-20T14:30,253.6,845.22,191.873333333333,14.18,87.86,1.69333333333333,4.3
2026-09-20T15:00,170.733333333333,844.933333333333,229.213333333333,13.8066666666667,91.32,2.38,3.9
2026-09-20T15:15,224.6,844.973333333333,270.473333333333,14.3066666666667,89.4266666666667,2.14666666666667,3.6
2026-09-20T15:30,275.933333333333,844.993333333333,170.993333333333,14.0933333333333,89.5066666666667,1.86,3.0
2026-09-20T16:00,223.2,844.726666666667,132.793333333333,13.7266666666667,90.3133333333333,1.59333333333333,2.4
2026-09-20T16:15,269.266666666667,844.693333333333,117.673333333333,13.38,92.1933333333333,2.47333333333333,4.0
2026-09-20T16:30,273.466666666667,844.66,49.96,12.9733333333333,93.1266666666667,2.02,3.0
2026-09-20T17:00,254.133333333333,844.706666666667,11.1066666666667,12.78,87.9133333333333,1.94,2.9
2026-09-20T17:15,239.8,844.693333333333,0.0,13.2866666666667,80.7933333333333,2.4,3.0
2026-09-20T17:30,231.8,844.633333333333,0.0,13.3533333333333,72.5266666666667,2.68666666666667,3.3
2026-09-20T18:00,249.133333333333,844.72,0.0,13.6533333333333,63.4733333333333,3.62666666666667,4.2
2026-09-20T18:15,249.533333333333,844.8,0.0,13.6933333333333,61.7933333333333,3.83333333333333,4.3
2026-09-20T18:30,247.733333333333,844.8,0.0,13.7466666666667,63.0933333333333,3.97333333333333,4.5
2026-09-20T19:00,257.466666666667,844.8,0.0,13.6,62.4533333333333,3.50666666666667,4.2
2026-09-20T19:15,265.4,844.7,0.0,13.4866666666667,62.4133333333333,3.20666666666667,4.4
2026-09-20T19:30,271.666666666667,844.78,0.0,13.44,63.8333333333333,2.48,4.1
2026-09-20T20:00,259.066666666667,844.7,0.0,13.56,60.1866666666667,3.6,4.4
2026-09-20T20:15,264.466666666667,844.733333333333,0.0,13.52,59.64,3.71333333333333,4.7
2026-09-20T20:30,283.733333333333,844.833333333333,0.0,13.2266666666667,66.44,3.75333333333333,4.8
2026-09-20T21:00,271.933333333333,844.793333333333,0.0,13.8466666666667,51.7866666666667,3.40666666666667,4.2
2026-09-20T21:15,276.533333333333,844.82,0.0,13.9466666666667,51.4133333333333,3.11333333333333,4.5
2026-09-20T21:30,283.866666666667,844.833333333333,0.0,13.94,52.6266666666667,4.43333333333333,5.6
2026-09-20T22:00,285.066666666667,844.806666666667,0.0,13.9333333333333,52.6933333333333,4.90666666666667,5.6
2026-09-20T22:15,281.933333333333,844.7,0.0,13.8266666666667,54.52,4.52666666666667,5.6
2026-09-20T22:30,288.266666666667,844.613333333333,0.0,13.86,56.38,4.6,5.3
2026-09-20T23:15,288.866666666667,844.18,0.0,14.5466666666667,52.96,5.00666666666667,5.3
2026-09-20T23:30,295.4,844.2,0.0,14.4733333333333,56.6866666666667,4.71333333333333,5.8
2026-09-21T00:00,299.0,844.26,0.0,14.1466666666667,65.22,4.14666666666667,4.9
2026-09-21T00:15,302.2,844.353333333333,0.0,14.14,65.8933333333333,3.66,4.3
2026-09-21T00:30,317.066666666667,844.42,0.0,14.2333333333333,66.3066666666667,3.72666666666667,4.6
2026-09-21T01:00,324.333333333333,844.106666666667,0.0,14.36,69.8133333333333,2.98,4.1
2026-09-21T01:15,293.266666666667,844.013333333333,0.0,14.1933333333333,68.3066666666667,2.98,4.2
2026-09-21T01:30,30.8666666666667,843.806666666667,0.0,14.42,65.5733333333333,2.48,3.2
2026-09-21T02:00,19.8666666666667,843.6,0.0,14.46,65.2,2.58,3.0
2026-09-21T02:15,9.26666666666667,843.58,0.0,14.7066666666667,62.6466666666667,2.28,2.7
2026-09-21T02:30,9.06666666666667,843.5,0.0,14.76,61.8066666666667,1.98,2.4
2026-09-21T03:00,59.0,843.5,0.0,14.44,63.4933333333333,2.4,3.2
2026-09-21T03:15,65.8666666666667,843.44,0.0,14.3466666666667,64.66,3.34,4.6
2026-09-21T03:30,59.6,843.446666666667,0.0,13.9333333333333,67.5466666666667,3.94,4.5
2026-09-21T04:00,18.3333333333333,843.6,0.0,13.22,71.2466666666667,2.63333333333333,4.1
2026-09-21T04:15,7.53333333333333,843.58,0.0,13.1266666666667,69.8333333333333,2.96,4.2
2026-09-21T04:30,191.533333333333,843.606666666667,0.0,12.8933333333333,69.2933333333333,2.93333333333333,4.7
2026-09-21T05:00,213.533333333333,843.713333333333,1.64,13.1,62.3733333333333,3.00666666666667,4.4
2026-09-21T05:15,322.066666666667,843.926666666667,8.44666666666667,13.0866666666667,60.7133333333333,2.86666666666667,4.9
2026-09-21T05:30,347.266666666667,843.96,17.3133333333333,13.3466666666667,57.9866666666667,2.71333333333333,4.0
2026-09-21T06:00,336.733333333333,843.94,36.6733333333333,13.4733333333333,54.2333333333333,2.30666666666667,3.3
2026-09-21T06:15,323.466666666667,844.053333333333,44.38,13.6733333333333,52.0133333333333,2.5,3.5
2026-09-21T06:30,312.266666666667,844.133333333333,49.44,13.7533333333333,50.7066666666667,1.16,2.4
2026-09-21T07:00,310.866666666667,844.3,80.42,13.68,51.36,2.20666666666667,3.6
2026-09-21T07:15,303.933333333333,844.38,97.9533333333333,13.6066666666667,51.0866666666667,3.26,4.2
2026-09-21T07:30,313.4,844.313333333333,126.446666666667,13.2933333333333,52.1866666666667,3.17333333333333,4.4
2026-09-21T08:00,326.933333333333,844.393333333333,220.613333333333,13.1866666666667,55.0133333333333,2.14,3.1
2026-09-21T08:15,281.0,844.3,231.533333333333,13.2466666666667,56.5133333333333,1.56,3.2
2026-09-21T08:30,308.533333333333,844.186666666667,204.12,13.24,55.9466666666667,1.24666666666667,2.1
2026-09-21T09:00,308.0,844.133333333333,213.393333333333,12.64,60.22,3.55333333333333,4.6
2026-09-21T09:15,321.066666666667,844.193333333333,208.9,12.5066666666667,60.66,2.99333333333333,4.7
2026-09-21T09:30,318.2,844.14,257.686666666667,12.5466666666667,59.2666666666667,3.38666666666667,4.9
2026-09-21T10:00,322.466666666667,844.0,281.433333333333,12.5066666666667,60.02,2.37333333333333,4.1
2026-09-21T10:15,326.2,844.013333333333,296.24,12.4666666666667,61.7266666666667,2.98666666666667,4.9
2026-09-21T10:30,321.533333333333,843.96,303.433333333333,12.4466666666667,59.54,3.08666666666667,5.0
2026-09-21T11:00,314.6,843.646666666667,372.953333333333,12.6866666666667,59.4,2.69333333333333,4.2
2026-09-21T11:15,323.2,843.573333333333,353.473333333333,12.7733333333333,58.1066666666667,2.2,3.7
2026-09-21T11:30,317.066666666667,843.386666666667,334.873333333333,12.92,59.9666666666667,1.76666666666667,2.7
2026-09-21T12:00,255.666666666667,843.186666666667,472.666666666667,13.6066666666667,60.4466666666667,1.02666666666667,2.4
2026-09-21T12:15,309.533333333333,843.12,438.173333333333,13.3866666666667,59.3133333333333,1.81333333333333,3.0
2026-09-21T12:30,290.333333333333,843.02,511.786666666667,13.9933333333333,59.8066666666667,1.21333333333333,2.3
2026-09-21T13:00,293.2,842.746666666667,707.313333333333,13.7666666666667,56.5733333333333,2.21333333333333,3.8
2026-09-21T13:15,293.2,842.633333333333,823.746666666667,13.7,53.7,2.15333333333333,3.2
2026-09-21T13:30,280.133333333333,842.573333333333,581.453333333333,14.3333333333333,55.9466666666667,1.43333333333333,2.7
2026-09-21T14:00,289.8,842.34,627.353333333333,13.42,57.4133333333333,2.57333333333333,3.7
2026-09-21T14:15,286.0,842.086666666667,509.773333333333,13.4733333333333,61.04,1.94,3.2
2026-09-21T14:30,290.933333333333,841.96,502.04,13.8266666666667,61.82,2.18,3.4
2026-09-21T15:00,288.2,841.946666666667,273.106666666667,13.2333333333333,69.8333333333333,2.16,3.5
2026-09-21T15:15,287.733333333333,842.0,202.926666666667,12.6533333333333,68.74,3.01333333333333,4.1
2026-09-21T15:30,290.066666666667,841.94,226.333333333333,12.68,66.94,3.16,4.3
2026-09-21T16:00,292.6,842.0,215.473333333333,12.6066666666667,76.1666666666667,3.72,5.2
2026-09-21T16:15,290.066666666667,841.893333333333,197.24,12.8,79.9733333333333,3.26,4.8
2026-09-21T16:30,291.466666666667,841.966666666667,125.14,12.1933333333333,88.5,4.14,5.5
2026-09-21T17:00,309.333333333333,841.88,17.1866666666667,11.6066666666667,76.4133333333333,4.4,6.3
2026-09-21T17:15,310.933333333333,841.813333333333,1.56,11.32,75.3333333333333,4.63333333333333,6.8
2026-09-21T17:30,311.0,841.82,0.0,11.2,72.18,4.75333333333333,6.8
2026-09-21T18:00,307.2,842.16,0.0,10.7933333333333,68.1066666666667,3.43333333333333,5.3
2026-09-21T18:15,313.866666666667,842.226666666667,0.0,10.6466666666667,68.3733333333333,3.46666666666667,6.0
2026-09-21T18:30,304.266666666667,842.306666666667,0.0,10.3733333333333,68.2733333333333,2.89333333333333,5.3
2026-09-21T19:00,316.266666666667,842.386666666667,0.0,10.4533333333333,60.72,4.34666666666667,6.2
2026-09-21T19:15,322.533333333333,842.413333333333,0.0,10.68,54.1266666666667,4.42,6.3
2026-09-21T19:30,325.4,842.36,0.0,10.72,53.8133333333333,4.40666666666667,5.9
2026-09-21T20:00,241.733333333333,842.406666666667,0.0,10.28,55.3133333333333,2.46666666666667,4.6
2026-09-21T20:15,59.3333333333333,842.626666666667,0.0,10.2066666666667,55.1066666666667,2.48666666666667,3.5
2026-09-21T20:30,16.2,842.7,0.0,10.06,56.2666666666667,2.57333333333333,4.1
2026-09-21T21:00,100.733333333333,842.7,0.0,9.66,55.84,2.64666666666667,4.4
2026-09-21T21:15,339.0,842.646666666667,0.0,9.41333333333333,54.78,2.22666666666667,3.6
2026-09-21T21:30,77.4,842.566666666667,0.0,9.08,57.1866666666667,2.48666666666667,4.9
2026-09-21T22:00,58.3333333333333,842.553333333333,0.0,7.98666666666667,64.56,3.78666666666667,6.7
2026-09-21T22:15,68.9333333333333,842.433333333333,0.0,7.25333333333333,72.2333333333333,5.55333333333333,9.4
2026-09-21T22:30,71.0666666666667,842.34,0.0,6.62,80.14,5.99333333333333,8.5
2026-09-21T23:15,74.6,842.02,0.0,6.04,86.26,8.24666666666667,11.3
2026-09-21T23:30,73.0666666666667,841.893333333333,0.0,5.8,88.0466666666667,9.30666666666667,12.2
2026-09-22T00:00,76.9333333333333,841.76,0.0,5.58666666666667,88.2266666666667,9.15333333333333,12.2
2026-09-22T00:15,80.3333333333333,841.506666666667,0.0,5.55333333333333,88.32,9.38666666666667,12.5
2026-09-22T00:30,80.5333333333333,841.393333333333,0.0,5.34666666666667,90.3066666666667,9.61333333333333,13.1
2026-09-22T01:00,79.7333333333333,841.306666666667,0.0,5.06,91.22,9.03333333333333,11.5
2026-09-22T01:15,82.8666666666667,841.233333333333,0.0,4.96,89.2133333333333,8.98,11.5
2026-09-22T01:30,72.2,841.293333333333,0.0,4.9,86.7466666666667,7.71333333333333,10.4
2026-09-22T02:00,72.8666666666667,841.08,0.0,4.75333333333333,80.9,8.24,10.9
2026-09-22T02:15,76.5333333333333,840.933333333333,0.0,4.76,79.0466666666667,8.21333333333333,10.8
2026-09-22T02:30,66.4,840.833333333333,0.0,4.63333333333333,79.3533333333333,7.06,9.4
2026-09-22T03:00,76.5333333333333,840.726666666667,0.0,4.78666666666667,74.6666666666667,3.43333333333333,5.7
2026-09-22T03:15,271.733333333333,840.7,0.0,4.8,73.52,3.06666666666667,5.8
2026-09-22T03:30,290.133333333333,840.653333333333,0.0,4.63333333333333,75.08,3.98,6.6
2026-09-22T04:00,323.266666666667,840.38,0.0,5.17333333333333,64.54,5.60666666666667,9.5
2026-09-22T04:15,321.266666666667,840.266666666667,0.0,5.27333333333333,61.2733333333333,6.22666666666667,8.7
2026-09-22T04:30,320.066666666667,840.306666666667,0.0,5.25333333333333,59.7266666666667,6.08,8.2
2026-09-22T05:00,321.8,840.42,2.72666666666667,5.41333333333333,56.5066666666667,6.56,9.1
2026-09-22T05:15,318.333333333333,840.486666666667,16.7866666666667,5.38,55.94,6.45333333333333,8.7
2026-09-22T05:30,323.533333333333,840.513333333333,30.8,5.42,56.0666666666667,6.17333333333333,9.6
2026-09-22T06:00,320.533333333333,840.64,142.706666666667,5.23333333333333,57.2533333333333,5.36,8.3
2026-09-22T06:15,315.933333333333,840.7,202.966666666667,5.36666666666667,54.5333333333333,5.00666666666667,8.3
2026-09-22T06:30,316.066666666667,840.806666666667,266.566666666667,5.34666666666667,55.2466666666667,4.61333333333333,7.0
2026-09-22T07:00,318.066666666667,840.993333333333,353.14,5.60666666666667,52.9866666666667,3.40666666666667,6.9
2026-09-22T07:15,317.866666666667,841.06,383.133333333333,5.72,53.5133333333333,3.03333333333333,6.1
2026-09-22T07:30,321.666666666667,841.166666666667,445.633333333333,5.86666666666667,52.1,3.11333333333333,6.2
2026-09-22T08:00,281.466666666667,841.493333333333,579.593333333333,6.5,50.98,2.48666666666667,5.4
2026-09-22T08:15,209.933333333333,841.526666666667,630.28,7.13333333333333,48.9666666666667,2.04666666666667,5.2
2026-09-22T08:30,172.2,841.606666666667,567.053333333333,7.76666666666667,48.2466666666667,1.58666666666667,3.7
2026-09-22T09:00,143.733333333333,841.813333333333,712.533333333333,8.92,45.0733333333333,2.46666666666667,6.5
2026-09-22T09:15,108.0,841.86,757.006666666667,8.62,44.2866666666667,2.26666666666667,5.8
2026-09-22T09:30,170.133333333333,841.9,798.66,8.78666666666667,43.5133333333333,2.02,4.4
2026-09-22T10:00,107.2,841.9,859.166666666667,9.33333333333333,43.3333333333333,1.6,3.7
2026-09-22T10:15,112.333333333333,841.94,887.62,10.42,44.4733333333333,2.38666666666667,6.2
2026-09-22T10:30,110.133333333333,841.986666666667,887.173333333333,9.83333333333333,45.3666666666667,2.72,4.5
2026-09-22T11:00,102.333333333333,841.846666666667,914.893333333333,10.42,49.2066666666667,3.14,6.3
2026-09-22T11:15,113.0,841.8,907.64,10.7866666666667,44.5733333333333,2.36666666666667,6.5
2026-09-22T11:30,121.733333333333,841.8,901.08,10.9,43.26,2.20666666666667,4.3
2026-09-22T12:00,152.8,841.74,818.113333333333,11.16,41.6533333333333,1.61333333333333,3.4
2026-09-22T12:15,147.266666666667,841.753333333333,835.04,10.86,41.5933333333333,1.70666666666667,4.1
2026-09-22T12:30,202.133333333333,841.68,787.853333333333,11.0,42.1533333333333,1.88666666666667,4.9
2026-09-22T13:00,126.2,841.58,624.513333333333,10.8666666666667,45.6266666666667,1.72666666666667,4.1
2026-09-22T13:15,165.6,841.553333333333,105.773333333333,9.31333333333333,58.24,1.28,2.5
2026-09-22T13:30,86.1333333333333,841.446666666667,588.253333333333,9.82,55.0733333333333,2.04,4.8
2026-09-22T14:00,149.4,841.326666666667,215.326666666667,8.40666666666667,69.6866666666667,2.16,3.7
2026-09-22T14:15,142.4,841.393333333333,107.3,8.3,69.7866666666667,2.06,3.0
2026-09-22T14:30,130.533333333333,841.32,209.213333333333,8.62,69.2333333333333,1.7,3.5
2026-09-22T15:00,141.2,841.453333333333,103.973333333333,8.32,75.2733333333333,1.27333333333333,2.1
2026-09-22T15:15,132.866666666667,841.5,276.046666666667,8.80666666666667,72.7266666666667,1.76,3.4
2026-09-22T15:30,173.8,841.5,219.82,9.34,70.8,1.43333333333333,4.1
2026-09-22T16:00,134.266666666667,841.613333333333,207.706666666667,9.35333333333333,66.6466666666667,0.926666666666667,1.7
2026-09-22T16:15,127.933333333333,841.7,96.16,8.67333333333333,70.4066666666667,1.52,2.7
2026-09-22T16:30,147.6,841.746666666667,59.88,8.04666666666667,73.5866666666667,2.45333333333333,3.7
2026-09-22T17:00,116.466666666667,841.953333333333,15.9066666666667,7.36,71.6066666666667,4.37333333333333,5.4
2026-09-22T17:15,115.066666666667,842.0,2.24,7.35333333333333,69.3333333333333,4.71333333333333,6.2
2026-09-22T17:30,121.333333333333,842.1,0.0,7.30666666666667,66.06,4.98,6.0
2026-09-22T18:00,121.533333333333,842.38,0.0,7.0,67.2933333333333,3.24666666666667,4.0
2026-09-22T18:15,126.2,842.533333333333,0.0,7.08,65.7466666666667,2.68,3.4
2026-09-22T18:30,140.6,842.666666666667,0.0,7.2,63.7066666666667,2.76666666666667,4.4
2026-09-22T19:00,247.866666666667,842.873333333333,0.0,7.05333333333333,65.9066666666667,1.44,2.4
2026-09-22T19:15,251.8,843.006666666667,0.0,6.98666666666667,65.58,1.7,2.8
2026-09-22T19:30,282.266666666667,843.12,0.0,6.88666666666667,67.04,1.94,2.8
2026-09-22T20:00,287.4,843.2,0.0,6.68,70.4066666666667,3.15333333333333,3.6
2026-09-22T20:15,289.2,843.206666666667,0.0,6.60666666666667,71.12,3.59333333333333,4.7
2026-09-22T20:30,293.266666666667,843.226666666667,0.0,6.5,70.94,4.06,5.1
2026-09-22T21:00,301.8,843.3,0.0,6.52,73.38,4.12666666666667,5.5
2026-09-22T21:15,303.2,843.326666666667,0.0,6.42,75.1533333333333,4.59333333333333,5.7
2026-09-22T21:30,301.733333333333,843.406666666667,0.0,6.26666666666667,75.8133333333333,4.55333333333333,5.8
2026-09-22T22:00,303.933333333333,843.346666666667,0.0,5.98666666666667,77.12,4.16,6.2
2026-09-22T22:15,306.266666666667,843.32,0.0,5.91333333333333,77.1266666666667,4.48,6.2
2026-09-22T22:30,306.6,843.273333333333,0.0,5.81333333333333,77.82,4.91333333333333,6.8
2026-09-22T23:15,321.2,843.3,0.0,5.57333333333333,74.3,4.24,5.4
2026-09-22T23:30,312.0,843.3,0.0,5.64,75.1133333333333,5.2,6.2
2026-09-23T00:00,298.666666666667,843.353333333333,0.0,5.48,71.7866666666667,5.43333333333333,7.0
2026-09-23T00:15,295.266666666667,843.34,0.0,5.38,77.56,5.62,7.3
2026-09-23T00:30,297.533333333333,843.286666666667,0.0,5.19333333333333,78.96,5.03333333333333,6.3
2026-09-23T01:00,294.6,843.073333333333,0.0,5.01333333333333,79.66,4.96666666666667,5.8
2026-09-23T01:15,289.666666666667,843.0,0.0,4.97333333333333,80.2,4.63333333333333,5.9
2026-09-23T01:30,288.466666666667,842.986666666667,0.0,5.0,81.2533333333333,5.02,6.4
2026-09-23T02:00,286.8,842.826666666667,0.0,5.1,82.8133333333333,5.32,7.2
2026-09-23T02:15,283.466666666667,842.713333333333,0.0,5.02666666666667,82.9066666666667,5.22666666666667,6.8
2026-09-23T02:30,286.666666666667,842.666666666667,0.0,4.92,83.8333333333333,5.03333333333333,7.2
2026-09-23T03:00,286.133333333333,842.533333333333,0.0,5.11333333333333,85.46,5.28666666666667,8.4
2026-09-23T03:15,281.733333333333,842.48,0.0,5.1,86.5,5.63333333333333,9.0
2026-09-23T03:30,284.533333333333,842.42,0.0,4.88666666666667,86.6933333333333,5.10666666666667,8.0
2026-09-23T04:00,279.4,842.373333333333,0.0,4.46,87.2333333333333,5.28,7.5
2026-09-23T04:15,282.666666666667,842.306666666667,0.0,4.3,87.2866666666667,6.15333333333333,7.7
2026-09-23T04:30,282.2,842.333333333333,0.0,4.19333333333333,86.5466666666667,5.79333333333333,7.8
2026-09-23T05:00,282.333333333333,842.32,3.87333333333333,4.0,86.0866666666667,6.38666666666667,8.5
2026-09-23T05:15,282.733333333333,842.4,15.5866666666667,3.98666666666667,85.5066666666667,6.73333333333333,9.3
2026-09-23T05:30,285.066666666667,842.506666666667,47.4933333333333,4.00666666666667,85.2,6.42,8.8
2026-09-23T06:00,285.8,842.76,81.9533333333333,4.09333333333333,86.7,5.74666666666667,8.7
2026-09-23T06:15,286.0,842.833333333333,58.7266666666667,4.0,86.7266666666667,5.08,7.6
2026-09-23T06:30,282.8,842.84,81.8466666666667,4.01333333333333,87.3,4.76666666666667,7.1
2026-09-23T07:00,280.266666666667,842.92,206.94,4.15333333333333,87.3733333333333,5.30666666666667,7.1
2026-09-23T07:15,288.066666666667,843.0,211.126666666667,4.25333333333333,88.0266666666667,4.81333333333333,6.7
2026-09-23T07:30,282.733333333333,842.946666666667,199.38,4.24666666666667,88.5066666666667,5.51333333333333,7.7
2026-09-23T08:00,284.0,843.14,215.193333333333,4.34,88.0666666666667,5.32,7.8
2026-09-23T08:15,285.666666666667,843.32,177.186666666667,4.42,88.5466666666667,4.78666666666667,8.4
2026-09-23T08:30,278.133333333333,843.34,237.94,4.41333333333333,88.4133333333333,5.10666666666667,8.3
2026-09-23T09:00,278.266666666667,843.406666666667,426.94,4.58,87.9466666666667,4.29333333333333,6.3
2026-09-23T09:15,279.933333333333,843.4,542.44,4.64666666666667,89.2266666666667,5.28666666666667,8.6
2026-09-23T09:30,278.4,843.486666666667,493.593333333333,4.80666666666667,90.56,4.51333333333333,7.2
2026-09-23T10:00,271.6,843.433333333333,566.153333333333,5.11333333333333,91.1933333333333,4.42666666666667,7.4
2026-09-23T10:15,276.0,843.426666666667,614.5,5.23333333333333,91.1066666666667,4.39333333333333,6.5
2026-09-23T10:30,273.533333333333,843.393333333333,733.133333333333,5.22,91.2933333333333,4.50666666666667,6.7
2026-09-23T11:00,271.454545454545,843.272727272727,454.045454545455,5.37272727272727,93.9090909090909,5.15454545454546,7.7
2026-09-23T11:15,273.8,843.2,407.92,5.37333333333333,94.9466666666667,4.88,7.1
2026-09-23T11:30,270.6,843.146666666667,240.04,5.37333333333333,94.8333333333333,4.24,6.2
2026-09-23T12:00,271.133333333333,843.02,290.173333333333,5.48,94.36,4.22666666666667,6.9
2026-09-23T12:15,269.466666666667,842.886666666667,175.826666666667,5.39333333333333,94.18,3.72,6.8
2026-09-23T12:30,274.133333333333,842.8,121.093333333333,5.32,94.4733333333333,3.37333333333333,5.4
2026-09-23T12:45,290.133333333333,842.713333333333,263.193333333333,5.68,93.74,3.88666666666667,6.4
2026-09-23T13:00,295.933333333333,842.666666666667,282.186666666667,6.02,91.8666666666667,3.20666666666667,5.8
2026-09-23T13:15,245.066666666667,842.64,168.293333333333,5.7,93.5933333333333,3.30666666666667,5.4
2026-09-23T13:30,259.866666666667,842.573333333333,83.0,5.62,94.4466666666667,2.88666666666667,4.6
2026-09-23T14:00,234.066666666667,842.326666666667,205.6,5.59333333333333,93.92,4.08,5.7
2026-09-23T14:15,243.666666666667,842.2,98.6133333333333,5.38666666666667,94.8933333333333,4.10666666666667,6.3
2026-09-23T14:30,246.8,842.1,118.553333333333,5.48666666666667,95.1733333333333,4.45333333333333,5.9
2026-09-23T15:00,264.666666666667,841.96,116.346666666667,5.76,93.7,4.06,5.9
2026-09-23T15:15,272.0,841.766666666667,175.766666666667,5.83333333333333,92.8866666666667,3.79333333333333,6.5
2026-09-23T15:30,278.666666666667,841.64,92.26,5.7,93.44,4.04,6.0
2026-09-23T16:00,282.8,841.58,123.506666666667,6.07333333333333,92.3466666666667,4.55333333333333,6.3
2026-09-23T16:15,281.666666666667,841.6,124.513333333333,6.15333333333333,91.9066666666667,4.14666666666667,6.7
2026-09-23T16:30,279.0,841.593333333333,56.8866666666667,5.89333333333333,93.7,4.06666666666667,6.2
2026-09-23T17:00,282.0,841.46,9.69333333333333,5.28,97.8466666666667,5.92666666666667,7.2
2026-09-23T17:15,282.6,841.486666666667,0.0,5.11333333333333,99.1666666666667,5.74666666666667,7.1
2026-09-23T17:30,280.666666666667,841.433333333333,0.0,5.12666666666667,99.3266666666667,5.99333333333333,7.3
2026-09-23T18:00,277.2,841.426666666667,0.0,5.20666666666667,99.3466666666667,5.18,7.5
2026-09-23T18:15,279.066666666667,841.486666666667,0.0,5.22,99.3466666666667,5.72,7.4
2026-09-23T18:30,279.266666666667,841.466666666667,0.0,5.29333333333333,99.32,6.79333333333333,9.4
2026-09-23T19:00,279.2,841.526666666667,0.0,5.29333333333333,99.3266666666667,6.48666666666667,8.6
2026-09-23T19:15,284.333333333333,841.526666666667,0.0,5.24,99.3333333333333,7.74666666666667,9.0
2026-09-23T19:30,281.0,841.693333333333,0.0,5.29333333333333,99.3533333333333,6.47333333333333,8.4
2026-09-23T20:00,283.066666666667,841.826666666667,0.0,5.4,99.32,6.06,7.6
2026-09-23T20:15,280.866666666667,841.913333333333,0.0,5.38,99.3466666666667,4.64,6.0
2026-09-23T20:30,285.866666666667,841.973333333333,0.0,5.34666666666667,99.3333333333333,5.08666666666667,6.3
2026-09-23T21:00,285.933333333333,842.013333333333,0.0,5.31333333333333,99.3266666666667,5.5,6.8
2026-09-23T21:15,285.733333333333,842.033333333333,0.0,5.35333333333333,99.3466666666667,3.90666666666667,6.2
2026-09-23T21:30,284.4,842.12,0.0,5.31333333333333,99.3333333333333,2.83333333333333,4.1
2026-09-23T22:00,279.533333333333,842.093333333333,0.0,5.38,99.3266666666667,2.54,4.1
2026-09-23T22:15,280.4,842.02,0.0,5.38,99.34,3.2,4.3
2026-09-23T22:30,284.266666666667,841.94,0.0,5.42,99.3066666666667,3.80666666666667,5.5
2026-09-23T23:15,280.733333333333,841.66,0.0,5.4,99.3466666666667,6.87333333333333,8.8
2026-09-23T23:30,282.266666666667,841.64,0.0,5.44,99.3466666666667,6.83333333333333,7.9
2026-09-24T00:00,282.4,841.4,0.0,5.43333333333333,99.3333333333333,7.26,9.0
2026-09-24T00:15,281.8,841.4,0.0,5.51333333333333,99.36,7.08666666666667,8.8
2026-09-24T00:30,283.266666666667,841.366666666667,0.0,5.46,99.3466666666667,7.46,9.7
2026-09-24T01:00,281.466666666667,841.306666666667,0.0,5.42,99.3466666666667,7.42,8.6
2026-09-24T01:15,279.733333333333,841.326666666667,0.0,5.57333333333333,99.3133333333333,6.02666666666667,7.5
2026-09-24T01:30,280.8,841.3,0.0,5.73333333333333,99.36,6.32666666666667,8.0
2026-09-24T02:00,279.6,841.053333333333,0.0,5.68666666666667,99.36,5.73333333333333,7.9
2026-09-24T02:15,281.0,841.053333333333,0.0,5.67333333333333,99.3333333333333,5.65333333333333,7.6
2026-09-24T02:30,281.466666666667,840.96,0.0,5.76666666666667,99.3066666666667,5.95333333333333,9.0
2026-09-24T03:00,281.733333333333,840.94,0.0,5.68,99.3533333333333,5.92666666666667,8.2
2026-09-24T03:15,281.533333333333,840.866666666667,0.0,5.67333333333333,99.3133333333333,5.3,7.6
2026-09-24T03:30,278.8,840.8,0.0,5.78666666666667,99.34,5.18666666666667,9.6
2026-09-24T04:00,281.333333333333,840.973333333333,0.0,5.88,99.3533333333333,6.79333333333333,9.5
2026-09-24T04:15,275.6,840.84,0.0,5.86,99.3533333333333,4.87333333333333,7.1
2026-09-24T04:30,274.933333333333,840.826666666667,0.0,5.90666666666667,99.3466666666667,5.20666666666667,7.5
2026-09-24T05:00,272.733333333333,840.726666666667,0.0,5.77333333333333,99.3466666666667,4.9,8.1
2026-09-24T05:15,274.533333333333,840.693333333333,0.0,5.71333333333333,99.3333333333333,5.72666666666667,9.5
2026-09-24T05:30,273.333333333333,840.673333333333,0.0,5.68,99.34,5.52,8.6
2026-09-24T06:00,273.466666666667,840.7,0.0,5.71333333333333,99.3333333333333,5.38,9.1
2026-09-24T06:15,273.733333333333,840.713333333333,0.0,5.68666666666667,99.3333333333333,5.60666666666667,8.1
2026-09-24T06:30,275.133333333333,840.68,0.0,5.71333333333333,99.3266666666667,5.72666666666667,9.5
2026-09-24T07:00,271.266666666667,840.886666666667,0.0,5.77333333333333,99.32,5.92666666666667,9.1
2026-09-24T07:15,272.466666666667,840.786666666667,0.0,5.79333333333333,99.3266666666667,5.92666666666667,9.0
2026-09-24T07:30,273.666666666667,840.773333333333,0.0,5.73333333333333,99.3466666666667,5.55333333333333,8.0
2026-09-24T08:00,275.333333333333,840.813333333333,0.0,5.72,99.3333333333333,5.84666666666667,9.0
2026-09-24T08:15,272.6,840.8,0.0,5.73333333333333,99.3533333333333,5.82,8.7
2026-09-24T08:30,272.0,840.813333333333,0.0,5.75333333333333,99.3466666666667,6.01333333333333,8.7
2026-09-24T09:00,272.466666666667,841.026666666667,428.733333333333,5.92,99.3333333333333,5.61333333333333,8.3
2026-09-24T09:15,270.466666666667,840.94,498.86,5.96666666666667,99.32,6.11333333333333,8.6
2026-09-24T09:30,274.066666666667,840.846666666667,525.773333333333,5.97333333333333,99.3266666666667,5.32666666666667,8.2
2026-09-24T10:00,266.8,840.686666666667,381.193333333333,6.27333333333333,99.32,5.54666666666667,7.7
2026-09-24T10:15,274.8,840.706666666667,219.806666666667,6.16666666666667,99.3266666666667,4.68,6.8
2026-09-24T10:30,274.2,840.613333333333,319.846666666667,6.24,99.34,4.33333333333333,6.8
2026-09-24T11:00,274.866666666667,840.333333333333,194.733333333333,6.34666666666667,99.32,3.61333333333333,5.6
2026-09-24T11:15,257.8,840.326666666667,188.486666666667,6.54,99.3333333333333,3.78,6.3
2026-09-24T11:30,265.533333333333,840.246666666667,101.96,6.41333333333333,99.3333333333333,3.58,5.4
2026-09-24T12:00,256.466666666667,840.053333333333,207.613333333333,6.66666666666667,99.3133333333333,3.07333333333333,5.1
2026-09-24T12:15,263.266666666667,839.886666666667,152.293333333333,6.50666666666667,99.34,3.08,4.8
2026-09-24T12:30,272.0,839.786666666667,117.34,6.6,99.3266666666667,2.83333333333333,4.4
2026-09-24T13:00,278.066666666667,839.66,80.6,6.38,99.3266666666667,2.58666666666667,4.0
2026-09-24T13:15,276.266666666667,839.566666666667,97.5533333333333,6.36,99.3333333333333,2.26,3.6
2026-09-24T13:30,294.533333333333,839.6,92.06,6.46,99.3333333333333,2.7,3.9
2026-09-24T14:00,270.333333333333,839.293333333333,135.853333333333,6.46666666666667,99.3266666666667,3.94,5.8
2026-09-24T14:15,281.266666666667,839.253333333333,109.293333333333,6.58666666666667,99.3133333333333,2.80666666666667,4.7
2026-09-24T14:30,275.933333333333,839.08,161.773333333333,6.63333333333333,98.9066666666667,1.22,2.0
2026-09-24T15:00,272.933333333333,838.846666666667,116.166666666667,6.78,97.5866666666667,2.10666666666667,4.5
2026-09-24T15:15,274.866666666667,838.88,52.8333333333333,6.54,97.3533333333333,3.72666666666667,5.4
2026-09-24T15:30,253.8,838.66,51.1333333333333,6.72,95.7533333333333,2.49333333333333,5.5
2026-09-24T16:00,265.0,838.56,40.34,6.69333333333333,95.7733333333333,3.92,5.2
2026-09-24T16:15,274.533333333333,838.746666666667,23.3933333333333,6.68,97.04,2.33333333333333,4.3
2026-09-24T16:30,285.2,838.66,10.0066666666667,6.84,96.12,2.60666666666667,3.9
2026-09-24T17:00,268.8,838.72,0.0,6.82666666666667,95.7133333333333,2.34,3.5
2026-09-24T17:15,273.733333333333,838.813333333333,0.0,6.94,93.9266666666667,2.38,3.7
2026-09-24T17:30,282.8,838.846666666667,0.0,6.97333333333333,93.4133333333333,2.85333333333333,4.4
2026-09-24T18:00,303.8,839.2,0.0,6.91333333333333,93.64,1.93333333333333,3.3
2026-09-24T18:15,206.333333333333,839.266666666667,0.0,6.95333333333333,92.1333333333333,1.23333333333333,2.5
2026-09-24T18:30,114.933333333333,839.36,0.0,7.20666666666667,90.5066666666667,2.68,5.3
2026-09-24T19:00,64.8666666666667,839.58,0.0,7.66,84.9733333333333,3.55333333333333,6.5
2026-09-24T19:15,42.3333333333333,839.573333333333,0.0,7.64666666666667,82.3666666666667,3.53333333333333,6.3
2026-09-24T19:30,214.6,839.72,0.0,7.01333333333333,87.78,1.66,5.1
2026-09-24T20:00,184.533333333333,839.74,0.0,6.42666666666667,85.3933333333333,3.08666666666667,5.2
2026-09-24T20:15,314.0,839.8,0.0,6.47333333333333,81.3866666666667,3.33333333333333,5.8
2026-09-24T20:30,310.933333333333,839.746666666667,0.0,6.5,80.0533333333333,3.38,5.8
2026-09-24T21:00,305.866666666667,839.5,0.0,6.42,78.1733333333333,4.72666666666667,8.2
2026-09-24T21:15,308.0,839.446666666667,0.0,6.48,75.6,4.71333333333333,7.8
2026-09-24T21:30,310.933333333333,839.373333333333,0.0,6.42,73.76,6.1,8.7
2026-09-24T22:00,319.666666666667,839.306666666667,0.0,6.19333333333333,73.2066666666667,4.68,7.4
2026-09-24T22:15,323.2,839.386666666667,0.0,6.05333333333333,73.7133333333333,2.6,4.9
2026-09-24T22:30,215.6,839.34,0.0,5.71333333333333,74.72,1.9,5.7
2026-09-24T23:15,288.6,839.046666666667,0.0,5.4,69.04,3.5,7.1
2026-09-24T23:30,297.333333333333,838.906666666667,0.0,5.56,64.3466666666667,4.6,9.2
2026-09-25T00:00,312.6,838.806666666667,0.0,5.62666666666667,60.96,5.62,10.1
2026-09-25T00:15,305.333333333333,838.826666666667,0.0,5.5,60.9533333333333,3.98,7.4
2026-09-25T00:30,311.533333333333,838.946666666667,0.0,5.32,61.8733333333333,3.04,7.6
2026-09-25T01:00,267.133333333333,838.986666666667,0.0,5.23333333333333,60.82,3.14,6.2
2026-09-25T01:15,159.133333333333,839.04,0.0,4.74666666666667,65.9533333333333,1.65333333333333,3.6
2026-09-25T01:30,85.4666666666667,839.14,0.0,4.38,70.9,2.2,4.6
2026-09-25T02:00,56.4666666666667,839.313333333333,0.0,4.31333333333333,72.2733333333333,2.76,5.2
2026-09-25T02:15,47.4,839.32,0.0,4.15333333333333,73.8066666666667,2.32666666666667,4.9
2026-09-25T02:30,32.5333333333333,839.393333333333,0.0,4.36,70.3733333333333,2.73333333333333,5.6
2026-09-25T03:00,235.4,839.34,0.0,4.23333333333333,70.24,2.65333333333333,5.0
2026-09-25T03:15,227.733333333333,839.36,0.0,4.0,73.26,2.99333333333333,5.9
2026-09-25T03:30,250.933333333333,839.493333333333,0.0,3.92,73.64,2.95333333333333,5.4
2026-09-25T04:00,318.2,839.6,0.0,3.95333333333333,72.5866666666667,3.36,5.3
2026-09-25T04:15,317.0,839.646666666667,0.0,4.25333333333333,69.7266666666667,4.86,6.3
2026-09-25T04:30,322.133333333333,839.713333333333,0.0,4.01333333333333,70.8733333333333,3.14,5.0
2026-09-25T05:00,325.733333333333,839.713333333333,1.71333333333333,4.10666666666667,67.56,3.34666666666667,4.8
2026-09-25T05:15,325.666666666667,839.886666666667,12.5533333333333,4.26,65.8133333333333,3.32666666666667,5.2
2026-09-25T05:30,332.466666666667,839.973333333333,25.28,4.35333333333333,64.8466666666667,3.18666666666667,4.3
2026-09-25T06:00,343.266666666667,840.1,118.36,5.02,60.82,2.16,3.6
2026-09-25T06:15,281.333333333333,840.16,177.213333333333,5.23333333333333,59.9,1.94,3.0
2026-09-25T06:30,233.066666666667,840.2,235.266666666667,5.39333333333333,59.9866666666667,1.88,3.3
2026-09-25T07:00,230.266666666667,840.206666666667,323.753333333333,5.76,59.9266666666667,1.90666666666667,3.2
2026-09-25T07:15,276.066666666667,840.313333333333,360.1,6.13333333333333,59.46,1.64666666666667,2.9
2026-09-25T07:30,293.0,840.4,425.193333333333,6.19333333333333,57.9066666666667,1.7,2.8
2026-09-25T08:00,159.266666666667,840.4,562.586666666667,7.28,57.4066666666667,1.22666666666667,2.8
2026-09-25T08:15,239.6,840.313333333333,619.76,7.02666666666667,57.46,1.52,3.1
2026-09-25T08:30,148.066666666667,840.206666666667,396.146666666667,8.62666666666667,55.78,1.57333333333333,3.5
2026-09-25T09:00,128.6,840.213333333333,698.513333333333,8.26,64.04,1.61333333333333,4.9
2026-09-25T09:15,99.9333333333333,840.38,733.64,8.23333333333333,66.6933333333333,2.36,5.8
2026-09-25T09:30,184.666666666667,840.48,761.506666666667,7.77333333333333,73.9866666666667,2.03333333333333,5.4
2026-09-25T10:00,129.266666666667,840.6,789.16,8.14666666666667,78.74,1.88,6.6
2026-09-25T10:15,143.6,840.613333333333,775.26,7.38666666666667,80.3133333333333,2.73333333333333,4.9
2026-09-25T10:30,128.0,840.62,777.306666666667,6.94,81.0533333333333,2.93333333333333,5.6
2026-09-25T11:00,129.933333333333,840.56,853.76,7.82666666666667,76.3266666666667,2.47333333333333,5.4
2026-09-25T11:15,120.2,840.5,891.806666666667,7.83333333333333,74.72,3.58,6.5
2026-09-25T11:30,146.866666666667,840.486666666667,844.226666666667,8.16,73.14,2.41333333333333,5.6
2026-09-25T12:00,146.8,840.38,807.28,8.66,71.8,3.03333333333333,5.0
2026-09-25T12:15,159.333333333333,840.293333333333,750.773333333333,8.22666666666667,71.9933333333333,3.34,6.0
2026-09-25T12:30,150.8,840.353333333333,737.98,8.49333333333333,71.6,2.96,5.5
2026-09-25T13:00,155.866666666667,840.233333333333,724.626666666667,8.35333333333333,71.1333333333333,3.21333333333333,5.9
2026-09-25T13:15,162.4,840.293333333333,525.106666666667,8.51333333333333,70.9533333333333,2.28666666666667,5.1
2026-09-25T13:30,166.8,840.153333333333,447.7,8.5,71.08,2.46666666666667,4.5
2026-09-25T14:00,184.066666666667,840.293333333333,244.013333333333,8.18,75.0266666666667,2.49333333333333,4.6
2026-09-25T14:15,179.333333333333,840.353333333333,207.626666666667,7.61333333333333,76.4666666666667,2.37333333333333,4.1
2026-09-25T14:30,166.333333333333,840.34,263.64,7.48666666666667,78.2533333333333,2.9,4.7
2026-09-25T15:00,180.733333333333,840.393333333333,169.173333333333,7.16666666666667,81.48,2.07333333333333,3.2
2026-09-25T15:15,209.733333333333,840.473333333333,96.0466666666667,7.11333333333333,83.54,2.19333333333333,3.7
2026-09-25T15:30,201.666666666667,840.5,102.146666666667,7.28666666666667,83.6933333333333,1.97333333333333,3.1
2026-09-25T16:00,206.133333333333,840.56,81.7266666666667,7.15333333333333,83.4533333333333,1.34,3.0
2026-09-25T16:15,220.333333333333,840.68,77.6133333333333,7.23333333333333,84.5666666666667,1.14,1.8
2026-09-25T16:30,285.4,840.86,47.38,7.03333333333333,85.74,1.52666666666667,2.5
2026-09-25T17:00,246.533333333333,840.973333333333,7.12666666666667,6.63333333333333,87.0733333333333,1.33333333333333,2.3
2026-09-25T17:15,229.466666666667,841.006666666667,0.0666666666666667,6.39333333333333,88.26,1.28,2.1
2026-09-25T17:30,189.333333333333,841.106666666667,0.0,6.34666666666667,88.52,0.613333333333333,1.1
2026-09-25T18:00,95.0666666666667,841.3,0.0,6.48666666666667,87.56,1.37333333333333,2.1
2026-09-25T18:15,117.333333333333,841.313333333333,0.0,6.42666666666667,87.2933333333333,1.10666666666667,1.5
2026-09-25T18:30,128.642857142857,841.493333333333,0.0,6.30666666666667,87.48,0.6,1.7
2026-09-25T19:00,282.0,841.573333333333,0.0,6.22,88.7533333333333,1.62,2.3
2026-09-25T19:15,283.533333333333,841.633333333333,0.0,6.27333333333333,89.9066666666667,1.66666666666667,2.1
2026-09-25T19:30,286.866666666667,841.606666666667,0.0,6.2,90.7,2.37333333333333,2.9
2026-09-25T20:00,299.333333333333,841.62,0.0,6.13333333333333,92.0133333333333,1.71333333333333,2.4
2026-09-25T20:15,292.0,841.7,0.0,6.05333333333333,91.96,1.91333333333333,2.2
2026-09-25T20:30,279.533333333333,841.74,0.0,6.06,91.8133333333333,1.77333333333333,2.4
2026-09-25T21:00,276.266666666667,841.9,0.0,5.88666666666667,93.06,2.38,3.6
2026-09-25T21:15,283.333333333333,841.88,0.0,5.85333333333333,93.54,3.52666666666667,4.0
2026-09-25T21:30,287.133333333333,841.773333333333,0.0,5.84666666666667,93.3533333333333,3.82666666666667,4.5
2026-09-25T22:00,282.733333333333,841.773333333333,0.0,5.84666666666667,92.7133333333333,4.17333333333333,4.9
2026-09-25T22:15,284.466666666667,841.8,0.0,5.80666666666667,92.7666666666667,4.56,5.3
2026-09-25T22:30,285.266666666667,841.733333333333,0.0,5.86,89.8,5.45333333333333,6.2
2026-09-25T23:15,289.6,841.693333333333,0.0,5.70666666666667,90.96,6.36,7.2
2026-09-25T23:30,291.0,841.686666666667,0.0,5.75333333333333,90.3266666666667,6.53333333333333,7.4
2026-09-26T00:00,284.8,841.566666666667,0.0,5.8,89.9733333333333,6.24666666666667,7.0
2026-09-26T00:15,285.133333333333,841.46,0.0,5.77333333333333,90.7733333333333,6.35333333333333,7.5
2026-09-26T00:30,282.266666666667,841.4,0.0,5.62,92.0466666666667,5.70666666666667,6.7
2026-09-26T01:00,283.666666666667,841.466666666667,0.0,5.51333333333333,92.88,5.46,6.5
2026-09-26T01:15,281.266666666667,841.4,0.0,5.34666666666667,93.9133333333333,5.72,6.7
2026-09-26T01:30,280.733333333333,841.4,0.0,5.23333333333333,94.3066666666667,5.75333333333333,6.5
2026-09-26T02:00,282.8,841.5,0.0,4.99333333333333,94.96,5.38666666666667,5.9
2026-09-26T02:15,281.533333333333,841.66,0.0,4.94666666666667,95.68,4.88666666666667,5.6
2026-09-26T02:30,284.2,841.553333333333,0.0,5.12666666666667,95.22,5.84666666666667,6.6
2026-09-26T03:00,291.6,841.4,0.0,5.35333333333333,92.2866666666667,6.73333333333333,7.3
2026-09-26T03:15,294.733333333333,841.42,0.0,5.32,92.9666666666667,6.33333333333333,6.9
2026-09-26T03:30,298.866666666667,841.52,0.0,5.31333333333333,94.7866666666667,5.51333333333333,6.1
2026-09-26T04:00,333.4,841.7,0.0,6.34666666666667,87.4666666666667,3.81333333333333,4.8
2026-09-26T04:15,346.733333333333,841.7,0.0,7.26666666666667,77.0533333333333,2.89333333333333,3.4
2026-09-26T04:30,59.7333333333333,841.686666666667,0.0,8.27333333333333,61.02,2.07333333333333,3.0
2026-09-26T05:00,29.9333333333333,841.833333333333,3.22,8.1,63.6866666666667,1.60666666666667,2.8
2026-09-26T05:15,53.1333333333333,841.9,11.1,7.85333333333333,66.1666666666667,2.07333333333333,2.6
2026-09-26T05:30,81.7333333333333,841.853333333333,22.2266666666667,8.04,65.22,3.21333333333333,3.9
2026-09-26T06:00,110.666666666667,842.053333333333,111.773333333333,7.83333333333333,69.3133333333333,5.22666666666667,6.2
2026-09-26T06:15,110.933333333333,842.28,169.313333333333,7.73333333333333,72.6266666666667,5.34666666666667,6.4
2026-09-26T06:30,109.733333333333,842.4,225.886666666667,7.50666666666667,75.7666666666667,4.88,5.6
2026-09-26T07:00,111.8,842.56,327.373333333333,7.92,73.5466666666667,4.14666666666667,5.2
2026-09-26T07:15,113.533333333333,842.726666666667,364.806666666667,7.95333333333333,72.12,4.18,5.2
2026-09-26T07:30,113.733333333333,842.84,410.186666666667,8.07333333333333,72.8333333333333,3.84,5.0
2026-09-26T08:00,109.933333333333,843.1,561.193333333333,8.29333333333333,73.42,4.54666666666667,6.9
2026-09-26T08:15,120.4,843.16,617.84,8.30666666666667,70.4533333333333,4.28666666666667,6.2
2026-09-26T08:30,127.266666666667,843.306666666667,339.213333333333,8.59333333333333,72.3133333333333,4.05333333333333,5.7
2026-09-26T09:00,126.4,843.486666666667,660.4,9.07333333333333,75.9,3.60666666666667,5.4
2026-09-26T09:15,127.4,843.58,686.64,9.35333333333333,76.0866666666667,2.28,4.1
2026-09-26T09:30,129.666666666667,843.606666666667,740.166666666667,9.19333333333333,76.4866666666667,2.58666666666667,4.3
2026-09-26T10:00,139.4,843.713333333333,798.366666666667,10.2333333333333,71.0533333333333,1.56666666666667,3.1
2026-09-26T10:15,215.466666666667,843.9,821.38,11.26,64.02,1.23333333333333,2.5
2026-09-26T10:30,247.0,843.913333333333,835.48,11.18,64.6866666666667,1.5,3.2
2026-09-26T11:00,274.0,843.913333333333,861.44,10.7066666666667,60.88,2.02,3.7
2026-09-26T11:15,281.6,843.886666666667,851.973333333333,10.7066666666667,59.1466666666667,2.05333333333333,3.9
2026-09-26T11:30,268.666666666667,843.893333333333,847.96,11.1666666666667,54.5266666666667,1.72,3.6
2026-09-26T12:00,270.2,843.706666666667,810.253333333333,11.66,52.6133333333333,1.85333333333333,3.3
2026-09-26T12:15,255.266666666667,843.653333333333,790.2,12.1066666666667,55.6733333333333,1.84666666666667,4.0
2026-09-26T12:30,275.733333333333,843.64,766.866666666667,11.82,58.12,1.94,3.7
2026-09-26T13:00,221.666666666667,843.586666666667,697.973333333333,11.86,67.66,2.26,5.4
2026-09-26T13:15,184.266666666667,843.553333333333,661.213333333333,12.32,67.8933333333333,2.03333333333333,5.3
2026-09-26T13:30,140.333333333333,843.5,630.406666666667,12.5333333333333,68.7866666666667,1.9,3.9
2026-09-26T14:00,216.6,843.54,569.34,12.0933333333333,70.2666666666667,2.11333333333333,4.3
2026-09-26T14:15,191.6,843.506666666667,509.153333333333,12.2533333333333,69.6133333333333,1.72666666666667,4.5
2026-09-26T14:30,243.666666666667,843.46,432.833333333333,12.34,70.1133333333333,1.46,2.8
2026-09-26T15:00,243.333333333333,843.453333333333,334.16,12.0666666666667,72.2133333333333,1.71333333333333,3.1
2026-09-26T15:15,264.666666666667,843.5,306.686666666667,12.0666666666667,73.4533333333333,1.85333333333333,3.1
2026-09-26T15:30,268.133333333333,843.5,276.66,11.62,75.2333333333333,1.66,2.9
2026-09-26T16:00,241.733333333333,843.6,155.78,11.6933333333333,74.9266666666667,1.1,3.0
2026-09-26T16:15,283.266666666667,843.593333333333,94.6266666666667,11.4133333333333,76.88,1.54,2.6
2026-09-26T16:30,302.933333333333,843.633333333333,48.4466666666667,10.56,79.86,1.80666666666667,2.6
2026-09-26T17:00,33.6,843.9,7.23333333333333,9.76666666666667,82.62,1.44666666666667,1.9
2026-09-26T17:15,28.2,843.933333333333,0.0,9.95333333333333,78.46,1.72666666666667,2.1
2026-09-26T17:30,24.6,844.0,0.0,10.1666666666667,76.5133333333333,1.46666666666667,2.1
2026-09-26T18:00,331.6,844.166666666667,0.0,10.7866666666667,73.8266666666667,2.42666666666667,3.4
2026-09-26T18:15,329.0,844.246666666667,0.0,10.8933333333333,71.3466666666667,3.37333333333333,3.8
2026-09-26T18:30,328.066666666667,844.32,0.0,11.12,70.2333333333333,3.04,3.6
2026-09-26T19:00,337.666666666667,844.506666666667,0.0,10.92,72.68,2.83333333333333,3.3
2026-09-26T19:15,333.666666666667,844.586666666667,0.0,10.94,73.0066666666667,3.11333333333333,3.4
2026-09-26T19:30,321.533333333333,844.6,0.0,11.0666666666667,72.8533333333333,3.16666666666667,3.6
2026-09-26T20:00,311.6,844.6,0.0,10.96,75.6666666666667,3.43333333333333,3.9
2026-09-26T20:15,301.4,844.68,0.0,10.6933333333333,77.0133333333333,3.62,4.3
2026-09-26T20:30,301.533333333333,844.7,0.0,10.1933333333333,79.3,4.4,5.0
2026-09-26T21:00,306.333333333333,844.8,0.0,10.6266666666667,75.8533333333333,3.76666666666667,4.5
2026-09-26T21:15,310.6,844.8,0.0,10.8933333333333,72.1866666666667,4.01333333333333,4.6
2026-09-26T21:30,323.4,844.98,0.0,11.1266666666667,69.5933333333333,2.56666666666667,3.3
2026-09-26T22:00,326.666666666667,845.1,0.0,11.46,67.84,2.04,2.9
2026-09-26T22:15,317.0,845.1,0.0,11.7133333333333,67.2933333333333,1.48,1.9
2026-09-26T22:30,309.8,845.053333333333,0.0,11.68,69.3266666666667,1.06,1.3
2026-09-26T23:15,243.866666666667,844.98,0.0,11.5333333333333,68.6866666666667,0.726666666666667,1.1
2026-09-26T23:30,252.266666666667,844.96,0.0,11.4733333333333,69.26,0.793333333333333,1.1
2026-09-26T23:45,179.533333333333,844.953333333333,0.0,11.4666666666667,68.5266666666667,0.573333333333333,0.9
2026-09-27T00:15,105.0,844.96,0.0,9.84,66.44,3.44666666666667,4.2
2026-09-27T00:30,100.533333333333,844.84,0.0,10.0866666666667,61.74,2.94666666666667,4.6
2026-09-27T01:00,100.2,844.62,0.0,10.36,58.3933333333333,2.63333333333333,3.8
2026-09-27T01:15,102.333333333333,844.58,0.0,10.3533333333333,56.1,3.08666666666667,3.9
2026-09-27T01:30,96.6666666666667,844.526666666667,0.0,10.3333333333333,56.1066666666667,2.26,3.1
2026-09-27T02:00,97.0,844.326666666667,0.0,10.2533333333333,54.7533333333333,2.59333333333333,3.5
2026-09-27T02:15,98.6,844.253333333333,0.0,10.1733333333333,54.0133333333333,2.77333333333333,3.2
2026-09-27T03:00,103.133333333333,844.1,0.0,10.0933333333333,51.78,2.58,3.1
2026-09-27T03:15,101.266666666667,844.013333333333,0.0,10.1733333333333,49.5533333333333,3.03333333333333,3.4
2026-09-27T03:30,89.6666666666667,844.0,0.0,10.3133333333333,48.24,2.94,3.4
2026-09-27T04:00,97.6,843.9,0.0,10.2933333333333,47.56,3.97333333333333,4.7
2026-09-27T04:15,96.5333333333333,843.9,0.0,10.3333333333333,46.96,3.54,4.1
2026-09-27T04:30,95.9333333333333,843.9,0.0,10.38,46.98,3.33333333333333,4.4
2026-09-27T05:00,103.333333333333,843.986666666667,1.12,10.4066666666667,48.64,3.52666666666667,4.1
2026-09-27T05:15,102.466666666667,844.033333333333,11.0133333333333,10.56,48.5133333333333,2.9,3.9
2026-09-27T05:30,101.4,844.1,22.1266666666667,10.7933333333333,47.6333333333333,2.21333333333333,2.8
2026-09-27T06:00,85.8666666666667,844.14,102.766666666667,11.18,46.7066666666667,1.88666666666667,2.6
2026-09-27T06:15,94.2666666666667,844.166666666667,155.213333333333,11.8133333333333,47.94,1.58,2.5
2026-09-27T06:30,105.533333333333,844.2,211.02,11.86,48.1,2.04,2.6
2026-09-27T07:00,145.4,844.3,311.746666666667,11.8533333333333,51.1266666666667,2.07333333333333,3.2
2026-09-27T07:15,143.0,844.3,341.06,12.0933333333333,51.4733333333333,1.72666666666667,3.0
2026-09-27T07:30,193.8,844.346666666667,391.3,12.5466666666667,50.6266666666667,1.1,2.6
2026-09-27T08:00,150.0,844.333333333333,558.413333333333,12.2866666666667,49.72,2.34,4.0
2026-09-27T08:15,145.533333333333,844.366666666667,615.713333333333,12.5866666666667,50.8,2.09333333333333,3.6
2026-09-27T08:30,131.533333333333,844.413333333333,289.866666666667,12.7333333333333,52.5,2.19333333333333,3.4
2026-09-27T09:00,133.866666666667,844.58,664.94,12.76,60.5266666666667,2.64,4.2
2026-09-27T09:15,121.133333333333,844.58,689.113333333333,13.06,60.32,2.2,4.1
2026-09-27T09:30,120.933333333333,844.5,736.306666666667,13.0266666666667,66.0333333333333,2.42,4.0
2026-09-27T10:00,126.666666666667,844.593333333333,809.573333333333,12.9466666666667,62.14,2.4,4.1
2026-09-27T10:15,138.733333333333,844.6,843.833333333333,12.6133333333333,59.6933333333333,2.62666666666667,4.5
2026-09-27T10:30,141.533333333333,844.58,850.02,12.74,55.6933333333333,2.9,5.2
2026-09-27T11:00,134.266666666667,844.56,857.213333333333,12.6133333333333,61.3133333333333,3.17333333333333,5.1
2026-09-27T11:15,132.266666666667,844.5,847.413333333333,12.5066666666667,65.2933333333333,3.01333333333333,5.8
2026-09-27T11:30,141.733333333333,844.466666666667,850.866666666667,12.3866666666667,65.4533333333333,3.11333333333333,5.3
2026-09-27T12:00,141.0,844.366666666667,796.96,12.2266666666667,67.4933333333333,3.24,4.9
2026-09-27T12:15,133.266666666667,844.306666666667,757.633333333333,12.2866666666667,68.0,2.56,4.9
2026-09-27T12:30,157.4,844.28,733.986666666667,12.32,67.38,2.56,4.6
2026-09-27T13:00,139.733333333333,844.206666666667,671.06,12.5133333333333,66.2666666666667,2.74666666666667,4.7
2026-09-27T13:15,162.866666666667,844.2,638.126666666667,12.5466666666667,65.2866666666667,2.56,5.4
2026-09-27T13:30,162.866666666667,844.2,609.98,12.8333333333333,65.3933333333333,2.5,4.8
2026-09-27T14:00,161.4,843.926666666667,548.046666666667,12.7133333333333,63.1,2.43333333333333,5.3
2026-09-27T14:15,175.066666666667,843.886666666667,505.486666666667,12.7466666666667,62.8266666666667,2.15333333333333,3.7
2026-09-27T14:30,202.4,843.82,467.2,12.8466666666667,60.4666666666667,2.06,3.7
2026-09-27T15:00,238.6,843.7,365.7,13.0,59.6,1.73333333333333,3.4
2026-09-27T15:15,189.4,843.7,301.5,12.6066666666667,58.96,1.51333333333333,2.4
2026-09-27T15:30,173.933333333333,843.7,250.513333333333,12.1266666666667,60.2,1.48,2.5
2026-09-27T16:00,235.866666666667,843.633333333333,140.3,12.36,62.3066666666667,1.29333333333333,2.4
2026-09-27T16:15,279.666666666667,843.6,83.0666666666667,11.9533333333333,63.3933333333333,1.98,2.8
2026-09-27T16:30,274.333333333333,843.6,39.7866666666667,11.72,64.02,1.60666666666667,2.5
2026-09-27T17:00,293.266666666667,843.6,8.05333333333333,10.7866666666667,67.9733333333333,1.05333333333333,1.4
2026-09-27T17:15,297.785714285714,843.58,0.566666666666667,10.5266666666667,66.9666666666667,0.833333333333333,1.3
2026-09-27T17:30,123.818181818182,843.613333333333,0.0,10.5466666666667,63.3866666666667,0.366666666666667,1.2
2026-09-27T18:00,313.266666666667,843.733333333333,0.0,11.0266666666667,56.7733333333333,1.01333333333333,1.3
2026-09-27T18:15,268.333333333333,843.7,0.0,10.9533333333333,54.6733333333333,0.953333333333333,1.7
2026-09-27T18:30,,843.846666666667,0.0,11.0133333333333,54.7266666666667,0.0466666666666667,0.7
2026-09-27T19:00,249.5,843.963636363636,0.0,11.5909090909091,38.0272727272727,1.22727272727273,1.6
2026-09-27T19:15,243.933333333333,844.0,0.0,11.4666666666667,44.7666666666667,1.4,1.9
2026-09-27T19:30,266.6,844.006666666667,0.0,11.3933333333333,47.24,1.36666666666667,2.2
2026-09-27T20:00,285.533333333333,844.0,0.0,11.3,48.1933333333333,2.81333333333333,3.2
2026-09-27T20:15,291.533333333333,844.06,0.0,11.2,50.5533333333333,3.28,4.1
2026-09-27T20:30,291.533333333333,844.1,0.0,11.1533333333333,48.9133333333333,3.59333333333333,4.0
2026-09-27T21:00,291.733333333333,844.1,0.0,11.08,50.9,3.66666666666667,4.1
2026-09-27T21:15,290.933333333333,844.1,0.0,10.9933333333333,52.7,3.42666666666667,4.0
2026-09-27T21:30,290.4,844.1,0.0,10.9466666666667,54.22,3.34666666666667,3.7
2026-09-27T22:00,292.0,844.1,0.0,10.8,60.8333333333333,3.32666666666667,3.7
2026-09-27T22:15,294.933333333333,844.073333333333,0.0,10.7133333333333,63.0866666666667,3.38,3.9
2026-09-27T22:30,296.6,844.0,0.0,10.5866666666667,64.6933333333333,3.21333333333333,3.9
2026-09-27T23:15,285.733333333333,843.933333333333,0.0,10.38,66.72,2.32666666666667,2.8
2026-09-27T23:30,284.333333333333,843.9,0.0,10.2333333333333,68.2066666666667,2.52666666666667,2.9
2026-09-28T00:00,286.733333333333,843.906666666667,0.0,10.16,71.3866666666667,3.33333333333333,3.7
2026-09-28T00:15,284.0,843.9,0.0,10.02,73.06,3.04666666666667,3.5
2026-09-28T00:30,289.466666666667,843.893333333333,0.0,10.0466666666667,71.0466666666667,2.67333333333333,3.2
2026-09-28T01:00,295.6,843.693333333333,0.0,10.0133333333333,70.4066666666667,2.68,3.1
2026-09-28T01:15,290.8,843.613333333333,0.0,10.1066666666667,68.4666666666667,2.66666666666667,2.9
2026-09-28T01:30,289.933333333333,843.553333333333,0.0,10.5333333333333,58.4933333333333,2.22,2.7
2026-09-28T02:00,293.4,843.473333333333,0.0,11.48,59.6733333333333,1.54666666666667,2.1
2026-09-28T02:15,279.266666666667,843.333333333333,0.0,11.6666666666667,58.0066666666667,1.88,2.6
2026-09-28T02:30,279.866666666667,843.233333333333,0.0,11.6933333333333,54.4133333333333,2.03333333333333,2.6
2026-09-28T03:00,284.4,843.066666666667,0.0,11.5466666666667,51.2666666666667,2.42666666666667,3.0
2026-09-28T03:15,284.333333333333,843.0,0.0,11.5266666666667,50.64,2.72666666666667,3.1
2026-09-28T03:30,287.133333333333,842.9,0.0,11.52,52.0266666666667,2.68,3.0
2026-09-28T04:00,291.4,842.88,0.0,11.4333333333333,55.8066666666667,2.09333333333333,2.5
2026-09-28T04:15,297.466666666667,842.9,0.0,11.3333333333333,62.72,1.49333333333333,2.0
2026-09-28T04:30,285.0,842.9,0.0,11.4266666666667,69.3666666666667,0.933333333333333,1.4
2026-09-28T05:00,262.6,843.08,1.32666666666667,11.3533333333333,70.7866666666667,0.873333333333333,1.3
2026-09-28T05:15,270.533333333333,843.08,9.35333333333333,11.12,70.9666666666667,1.15333333333333,1.5
2026-09-28T05:30,271.0,843.146666666667,20.6933333333333,11.1,68.8,1.02,1.6
2026-09-28T06:00,271.333333333333,843.3,97.6,11.1466666666667,71.6333333333333,0.953333333333333,1.5
2026-09-28T06:15,292.7,843.4,154.806666666667,11.3,75.7866666666667,0.613333333333333,1.3
2026-09-28T06:30,154.571428571429,843.433333333333,206.54,12.2733333333333,70.4933333333333,0.833333333333333,2.1
2026-09-28T07:00,138.666666666667,843.533333333333,323.12,12.7866666666667,62.78,1.27333333333333,2.9
2026-09-28T07:15,155.266666666667,843.6,375.873333333333,12.7733333333333,63.1066666666667,1.19333333333333,2.6
2026-09-28T07:30,134.533333333333,843.6,423.853333333333,12.6,65.26,1.84666666666667,3.5
2026-09-28T08:00,115.466666666667,843.706666666667,502.52,12.9866666666667,62.2066666666667,1.88,3.2
2026-09-28T08:15,113.133333333333,843.813333333333,546.526666666667,12.8266666666667,60.9266666666667,2.12,3.6
2026-09-28T08:30,118.133333333333,843.826666666667,213.42,13.0733333333333,59.32,2.24666666666667,3.7
2026-09-28T09:00,113.466666666667,843.906666666667,646.56,12.5,67.52,3.42666666666667,4.9
2026-09-28T09:15,110.466666666667,843.993333333333,688.72,12.4533333333333,69.88,3.74,5.4
2026-09-28T09:30,107.0,844.086666666667,726.413333333333,12.5733333333333,67.4866666666667,3.87333333333333,6.5
2026-09-28T10:00,113.8,844.34,804.973333333333,12.7333333333333,68.8466666666667,3.61333333333333,5.7
2026-09-28T10:15,119.2,844.4,803.5,12.8066666666667,69.9,3.58666666666667,5.2
2026-09-28T10:30,126.133333333333,844.4,805.213333333333,12.4066666666667,73.6866666666667,3.57333333333333,5.3
2026-09-28T11:00,126.933333333333,844.473333333333,820.366666666667,12.1133333333333,77.48,3.04666666666667,4.7
2026-09-28T11:15,131.866666666667,844.473333333333,811.7,12.22,77.2,3.09333333333333,5.7
2026-09-28T11:30,137.2,844.4,816.7,12.4733333333333,76.62,3.61333333333333,5.1
2026-09-28T12:00,137.733333333333,844.32,764.6,12.7,76.0533333333333,3.34,5.6
2026-09-28T12:15,130.8,844.3,746.793333333333,12.2933333333333,77.22,3.13333333333333,6.0
2026-09-28T12:30,138.8,844.3,716.586666666667,12.8666666666667,75.3,2.48,4.3
2026-09-28T13:00,141.533333333333,844.213333333333,652.606666666667,12.8666666666667,75.3466666666667,2.88666666666667,4.8
2026-09-28T13:15,135.666666666667,844.213333333333,618.066666666667,12.6333333333333,76.6666666666667,2.85333333333333,4.7
2026-09-28T13:30,145.933333333333,844.2,589.64,12.9,75.7266666666667,2.53333333333333,4.3
2026-09-28T14:00,173.2,844.06,514.593333333333,12.7,75.7466666666667,2.45333333333333,5.0
2026-09-28T14:15,162.866666666667,844.04,471.673333333333,12.9133333333333,75.44,2.33333333333333,5.4
2026-09-28T14:30,150.2,844.026666666667,431.613333333333,12.5,76.6933333333333,2.57333333333333,4.2
2026-09-28T15:00,175.933333333333,843.993333333333,328.746666666667,12.7666666666667,75.68,2.03333333333333,3.5
2026-09-28T15:15,163.666666666667,843.906666666667,273.62,12.4733333333333,77.1,1.93333333333333,3.8
2026-09-28T15:30,156.666666666667,843.9,220.993333333333,11.9,78.2533333333333,1.66,2.6
2026-09-28T16:00,219.733333333333,843.9,113.0,12.2866666666667,77.6533333333333,1.26666666666667,3.0
2026-09-28T16:15,281.466666666667,843.953333333333,65.7333333333333,11.8866666666667,79.3133333333333,2.16666666666667,3.2
2026-09-28T16:30,285.333333333333,843.9,32.4,11.4533333333333,81.2,1.77333333333333,2.5
2026-09-28T16:45,294.666666666667,,,,,,
2026-09-28T17:00,,844.093333333333,2.47333333333333,11.64,76.8,0.613333333333333,1.3
2026-09-28T17:15,34.7142857142857,844.14,0.0,11.7266666666667,76.6866666666667,1.08666666666667,1.8
2026-09-28T17:30,23.6,844.2,0.0,11.4866666666667,78.6933333333333,1.36666666666667,1.9
2026-09-28T18:00,84.3333333333333,844.4,0.0,11.1266666666667,80.9066666666667,1.72666666666667,2.0
2026-09-28T18:15,22.2,844.546666666667,0.0,11.1533333333333,81.5733333333333,1.53333333333333,2.5
2026-09-28T18:30,23.5333333333333,844.6,0.0,11.5466666666667,81.44,1.44666666666667,1.6
2026-09-28T19:00,33.4666666666667,844.626666666667,0.0,11.48,81.8466666666667,1.65333333333333,2.1
2026-09-28T19:15,32.2666666666667,844.66,0.0,11.3533333333333,82.42,1.72,2.2
2026-09-28T19:30,42.0,844.68,0.0,11.2533333333333,82.2466666666667,1.79333333333333,2.3
2026-09-28T20:00,72.1333333333333,844.733333333333,0.0,11.88,80.0666666666667,2.46,3.0
2026-09-28T20:15,82.9333333333333,844.786666666667,0.0,11.78,80.5466666666667,2.95333333333333,3.3
2026-09-28T20:30,80.6,844.76,0.0,11.72,79.68,2.84666666666667,3.3
2026-09-28T21:00,89.2,844.8,0.0,11.7066666666667,75.4733333333333,1.93333333333333,2.5
2026-09-28T21:15,79.4666666666667,844.8,0.0,12.14,61.3333333333333,1.32666666666667,1.9
2026-09-28T21:30,77.2666666666667,844.8,0.0,12.2333333333333,55.5133333333333,0.953333333333333,1.4
2026-09-28T21:45,110.266666666667,,,,,,
2026-09-28T22:00,,844.82,0.0,11.7,67.36,0.28,0.9
2026-09-28T22:15,,844.92,0.0,11.3,75.1733333333333,0.0,0.0
2026-09-28T22:30,,844.9,0.0,11.3866666666667,71.0866666666667,0.0,0.0
2026-09-28T23:15,183.0,844.966666666667,0.0,10.9466666666667,78.98,0.62,1.3
2026-09-28T23:30,219.733333333333,845.033333333333,0.0,10.7466666666667,79.56,1.18,1.6
2026-09-29T00:00,275.6,845.1,0.0,10.34,79.92,0.993333333333333,1.4
2026-09-29T00:15,285.333333333333,845.1,0.0,10.42,79.6,0.953333333333333,1.3
2026-09-29T00:30,169.0,845.1,0.0,10.2733333333333,79.8933333333333,0.62,2.2
2026-09-29T01:00,68.1333333333333,844.98,0.0,9.96,76.2533333333333,2.68,3.7
2026-09-29T01:15,69.8666666666667,844.94,0.0,9.37333333333333,78.1933333333333,3.59333333333333,4.4
2026-09-29T01:30,73.6666666666667,844.806666666667,0.0,8.95333333333333,80.1733333333333,4.36,5.6
2026-09-29T02:00,77.9333333333333,844.82,0.0,8.45333333333333,73.38,5.18,7.1
2026-09-29T02:15,78.6666666666667,844.806666666667,0.0,8.26,71.3266666666667,5.82,7.4
2026-09-29T02:30,79.5333333333333,844.813333333333,0.0,8.24,68.8866666666667,6.1,7.5
2026-09-29T03:00,75.2666666666667,844.7,0.0,8.7,63.1266666666667,4.82666666666667,5.9
2026-09-29T03:15,75.1333333333333,844.7,0.0,8.52666666666667,66.3133333333333,5.06666666666667,6.5
2026-09-29T03:30,72.9333333333333,844.66,0.0,8.42,69.02,4.98,6.1
2026-09-29T04:00,67.7333333333333,844.64,0.0,8.56666666666667,69.9733333333333,3.82666666666667,4.9
2026-09-29T04:15,67.4666666666667,844.54,0.0,8.97333333333333,67.7666666666667,3.34,4.6
2026-09-29T04:30,73.6,844.5,0.0,9.41333333333333,65.9533333333333,3.14666666666667,4.2
2026-09-29T05:00,79.9333333333333,844.493333333333,0.0,9.6,70.98,3.43333333333333,4.6
2026-09-29T05:15,82.1333333333333,844.5,6.26,10.1333333333333,70.2066666666667,4.48666666666667,5.1
2026-09-29T05:30,85.6666666666667,844.506666666667,19.8533333333333,10.1066666666667,75.0,4.68,5.3
2026-09-29T06:00,81.2,844.546666666667,93.1,9.08,68.7333333333333,6.30666666666667,7.3
2026-09-29T06:15,83.6,844.553333333333,145.386666666667,9.11333333333333,70.38,6.64,7.9
2026-09-29T06:30,91.4666666666667,844.593333333333,198.946666666667,8.94666666666667,74.6133333333333,6.77333333333333,8.7
2026-09-29T07:00,98.5333333333333,844.72,300.193333333333,9.18,70.3733333333333,8.38,10.4
2026-09-29T07:15,97.5333333333333,844.746666666667,338.626666666667,9.42666666666667,66.88,8.51333333333333,11.2
2026-09-29T07:30,98.8,844.74,370.28,9.48666666666667,67.1466666666667,8.97333333333333,11.4
2026-09-29T08:00,99.2666666666667,844.946666666667,471.286666666667,9.92666666666667,65.5533333333333,8.72,11.3
2026-09-29T08:15,102.2,845.053333333333,514.366666666667,10.3333333333333,64.14,8.16666666666667,10.7
2026-09-29T08:30,104.8,845.22,221.013333333333,10.4066666666667,64.06,8.02,12.7
2026-09-29T09:00,107.933333333333,845.22,629.546666666667,10.6066666666667,62.66,8.15333333333333,11.4
2026-09-29T09:15,103.333333333333,845.253333333333,665.7,10.74,63.6933333333333,7.62,10.5
2026-09-29T09:30,108.066666666667,845.346666666667,717.24,10.7333333333333,65.1466666666667,7.35333333333333,10.5
2026-09-29T10:00,106.0,845.553333333333,801.186666666667,10.9733333333333,66.2666666666667,6.52666666666667,9.3
2026-09-29T10:15,110.8,845.586666666667,818.786666666667,11.18,68.4666666666667,5.93333333333333,9.6
2026-09-29T10:30,109.4,845.68,818.066666666667,11.7266666666667,68.9266666666667,5.02666666666667,7.7
2026-09-29T11:00,107.8,845.9,831.426666666667,12.0533333333333,68.3466666666667,3.29333333333333,6.1
2026-09-29T11:15,106.533333333333,845.946666666667,827.613333333333,12.2533333333333,68.44,3.14666666666667,5.6
2026-09-29T11:30,113.2,845.913333333333,826.646666666667,12.18,66.7466666666667,3.46,6.6
2026-09-29T12:00,126.6,845.886666666667,755.093333333333,12.8266666666667,64.88,3.1,5.0
2026-09-29T12:15,136.2,845.82,738.266666666667,12.26,66.2866666666667,4.45333333333333,7.5
2026-09-29T12:30,136.8,845.826666666667,714.146666666667,12.4066666666667,65.96,4.68666666666667,7.4
2026-09-29T13:00,115.8,845.893333333333,646.346666666667,12.4,60.8333333333333,3.60666666666667,5.7
2026-09-29T13:15,108.0,845.9,629.273333333333,12.2133333333333,58.66,3.38,6.2
2026-09-29T13:30,142.066666666667,845.886666666667,611.686666666667,12.4133333333333,59.3666666666667,3.23333333333333,6.5
2026-09-29T14:00,127.666666666667,845.893333333333,529.9,12.2533333333333,59.6133333333333,3.26666666666667,5.1
2026-09-29T14:15,146.733333333333,845.98,464.853333333333,12.1533333333333,60.8866666666667,2.92666666666667,5.1
2026-09-29T14:30,142.933333333333,845.993333333333,397.406666666667,12.1066666666667,61.4933333333333,2.89333333333333,5.0
2026-09-29T15:00,159.066666666667,846.0,321.806666666667,11.86,65.9133333333333,2.89333333333333,4.9
2026-09-29T15:15,173.866666666667,846.08,300.32,11.8066666666667,67.1066666666667,2.07333333333333,3.8
2026-09-29T15:30,163.066666666667,846.02,258.073333333333,11.7666666666667,67.8866666666667,1.96,3.3
2026-09-29T16:00,214.066666666667,846.08,128.026666666667,11.8333333333333,72.0333333333333,1.98,3.1
2026-09-29T16:15,211.933333333333,846.1,69.16,11.5266666666667,72.92,1.28,2.0
2026-09-29T16:30,200.133333333333,846.14,33.9866666666667,11.1066666666667,75.9133333333333,1.19333333333333,2.2
2026-09-29T17:00,,846.2,1.48666666666667,10.6866666666667,76.06,0.0,0.0
2026-09-29T17:15,228.0,846.2,0.0,10.5133333333333,75.6866666666667,0.0266666666666667,1.0
2026-09-29T17:30,222.230769230769,846.2,0.0,10.42,76.1066666666667,0.5,1.0
2026-09-29T18:00,235.466666666667,846.373333333333,0.0,10.2933333333333,76.6466666666667,0.606666666666667,0.9
2026-09-29T18:15,138.7,846.393333333333,0.0,10.1733333333333,76.76,0.333333333333333,0.7
2026-09-29T18:30,125.071428571429,846.466666666667,0.0,10.0266666666667,77.92,0.493333333333333,1.0
2026-09-29T19:00,111.066666666667,846.5,0.0,10.04,78.6466666666667,1.11333333333333,1.3
2026-09-29T19:15,143.6,846.5,0.0,10.1,78.52,0.866666666666667,1.2
2026-09-29T19:30,163.0,846.5,0.0,10.0333333333333,78.8933333333333,0.666666666666667,0.9
2026-09-29T20:00,118.733333333333,846.573333333333,0.0,9.96666666666667,78.8133333333333,0.86,1.1
2026-09-29T20:15,,846.593333333333,0.0,9.84666666666667,79.5533333333333,0.48,1.0
2026-09-29T20:30,,846.6,0.0,9.62,80.5466666666667,0.0,0.0
2026-09-29T21:00,,846.5,0.0,9.69333333333333,80.2666666666667,0.0,0.0
2026-09-29T21:15,92.0,846.5,0.0,9.4,82.6533333333333,0.44,2.1
2026-09-29T21:30,75.7333333333333,846.493333333333,0.0,9.16,85.0666666666667,1.14666666666667,1.8
2026-09-29T22:00,84.6,846.413333333333,0.0,8.76,83.24,3.5,5.0
2026-09-29T22:15,88.2,846.453333333333,0.0,8.74666666666667,81.8266666666667,3.20666666666667,4.3
2026-09-29T22:30,81.7333333333333,846.4,0.0,8.7,81.76,3.11333333333333,3.9
2026-09-29T23:15,84.7333333333333,846.393333333333,0.0,8.74,77.8266666666667,3.44,4.6
2026-09-29T23:30,88.4,846.353333333333,0.0,8.73333333333333,77.8733333333333,3.29333333333333,4.1
2026-09-30T00:00,92.6,846.3,0.0,8.76,77.1333333333333,3.2,3.8
2026-09-30T00:15,102.266666666667,846.306666666667,0.0,8.98666666666667,77.5666666666667,1.96,3.0
2026-09-30T00:30,104.333333333333,846.3,0.0,8.95333333333333,76.7066666666667,1.84,2.6
2026-09-30T01:00,101.6,846.253333333333,0.0,8.81333333333333,75.4933333333333,1.9,3.0
2026-09-30T01:15,102.266666666667,846.2,0.0,8.91333333333333,75.6333333333333,1.61333333333333,2.6
2026-09-30T01:30,111.4,846.073333333333,0.0,8.98666666666667,75.6666666666667,1.66,2.5
2026-09-30T02:00,125.933333333333,845.9,0.0,9.16,75.4133333333333,0.826666666666667,1.2
2026-09-30T02:15,127.6,845.806666666667,0.0,9.2,75.4466666666667,1.17333333333333,1.6
2026-09-30T02:30,136.733333333333,845.7,0.0,9.2,75.38,1.18,1.6
2026-09-30T03:00,143.0,845.7,0.0,9.18,75.1333333333333,1.29333333333333,1.6
2026-09-30T03:15,125.866666666667,845.686666666667,0.0,9.1,75.0066666666667,1.12666666666667,1.5
2026-09-30T03:30,109.733333333333,845.613333333333,0.0,8.92666666666667,74.34,1.26666666666667,1.7
2026-09-30T04:00,97.0,845.546666666667,0.0,8.70666666666667,73.52,2.02,2.9
2026-09-30T04:15,96.4,845.466666666667,0.0,8.62666666666667,72.1133333333333,2.13333333333333,2.6
2026-09-30T04:30,101.933333333333,845.486666666667,0.0,8.56,71.0266666666667,2.05333333333333,2.8
2026-09-30T05:00,99.0,845.5,0.0,8.53333333333333,69.62,3.16666666666667,4.1
2026-09-30T05:15,99.0666666666667,845.573333333333,2.74,8.6,67.5666666666667,3.27333333333333,4.0
2026-09-30T05:30,96.7333333333333,845.666666666667,11.42,8.50666666666667,66.28,3.38,4.6
2026-09-30T06:00,88.2,845.806666666667,33.1066666666667,8.67333333333333,66.72,2.61333333333333,3.4
2026-09-30T06:15,79.3333333333333,845.9,47.0866666666667,8.52666666666667,65.5066666666667,3.02,3.9
2026-09-30T06:30,79.7333333333333,846.04,58.7133333333333,8.63333333333333,65.78,2.82,3.9
2026-09-30T07:00,80.6,846.2,81.2666666666667,8.76,65.92,2.24666666666667,2.9
2026-09-30T07:15,72.4666666666667,846.2,96.4266666666667,9.02666666666667,67.0333333333333,1.37333333333333,2.6
2026-09-30T07:30,86.0769230769231,846.22,116.073333333333,9.45333333333333,67.0533333333333,0.846666666666667,2.1
2026-09-30T08:00,88.8,846.4,149.526666666667,9.00666666666667,67.1733333333333,2.48666666666667,4.0
2026-09-30T08:15,81.9333333333333,846.4,170.153333333333,8.97333333333333,66.4266666666667,3.24,5.5
2026-09-30T08:30,84.5333333333333,846.433333333333,200.56,9.22,65.4666666666667,2.29333333333333,4.7
2026-09-30T09:00,135.2,846.5,264.893333333333,10.3933333333333,64.2133333333333,0.96,2.3
2026-09-30T09:15,112.4,846.6,314.693333333333,10.68,64.3533333333333,1.14,2.4
2026-09-30T09:30,111.466666666667,846.6,361.566666666667,10.7,64.64,1.42666666666667,2.6
2026-09-30T10:00,114.6,846.54,458.073333333333,10.5666666666667,63.7733333333333,2.03333333333333,3.8
2026-09-30T10:15,116.4,846.513333333333,461.24,10.56,63.7533333333333,1.92,3.4
2026-09-30T10:30,118.0,846.546666666667,521.58,10.9333333333333,63.6933333333333,2.19333333333333,3.6
2026-09-30T11:00,143.666666666667,846.526666666667,595.193333333333,10.8933333333333,66.74,2.77333333333333,4.5
2026-09-30T11:15,136.333333333333,846.54,501.186666666667,10.7133333333333,67.4266666666667,3.0,4.6
2026-09-30T11:30,143.066666666667,846.486666666667,477.993333333333,10.4666666666667,68.1733333333333,2.97333333333333,5.0
2026-09-30T12:00,137.0,846.293333333333,482.593333333333,10.8666666666667,65.9466666666667,3.20666666666667,4.5
2026-09-30T12:15,131.666666666667,846.226666666667,433.486666666667,10.8933333333333,65.0733333333333,3.12,4.6
2026-09-30T12:30,107.533333333333,846.2,413.106666666667,10.9133333333333,63.0733333333333,3.06,4.5
2026-09-30T13:00,120.133333333333,846.2,379.3,11.0666666666667,65.04,2.24,3.7
2026-09-30T13:15,120.933333333333,846.2,350.493333333333,10.98,65.02,1.92666666666667,3.2
2026-09-30T13:30,105.666666666667,846.2,319.366666666667,11.0666666666667,66.26,2.08,3.1
2026-09-30T14:00,109.733333333333,846.113333333333,248.626666666667,10.7466666666667,66.3666666666667,1.81333333333333,3.0
2026-09-30T14:15,105.6,846.1,206.513333333333,10.74,67.52,1.89333333333333,2.9
2026-09-30T14:30,98.6666666666667,846.1,181.993333333333,10.64,65.6333333333333,1.74666666666667,2.5
2026-09-30T15:00,98.0,846.033333333333,138.84,10.68,67.24,1.86666666666667,2.5
2026-09-30T15:15,98.9333333333333,846.0,121.506666666667,10.5066666666667,67.52,1.94,2.4
2026-09-30T15:30,82.6666666666667,845.96,101.386666666667,10.5,67.4733333333333,2.22,3.0
2026-09-30T16:00,87.6,845.866666666667,63.22,10.4133333333333,68.4,3.49333333333333,4.1
2026-09-30T16:15,83.0,845.826666666667,44.4133333333333,10.38,67.92,3.33333333333333,4.1
2026-09-30T16:30,77.3333333333333,845.9,23.8466666666667,10.14,70.0466666666667,3.15333333333333,4.1
2026-09-30T17:00,73.5333333333333,845.84,0.54,10.0066666666667,72.0866666666667,3.51333333333333,4.5
2026-09-30T17:15,76.8,845.893333333333,0.0,10.6733333333333,61.3266666666667,2.3,3.8
2026-09-30T17:30,84.7333333333333,845.9,0.0,10.3466666666667,64.3133333333333,3.25333333333333,5.0
2026-09-30T18:00,72.2,845.966666666667,0.0,10.5133333333333,60.0533333333333,2.92666666666667,3.7
2026-09-30T18:15,70.5333333333333,846.0,0.0,10.3866666666667,61.3066666666667,3.28,4.1
2026-09-30T18:30,68.6,846.0,0.0,10.3466666666667,61.4666666666667,3.35333333333333,3.9
2026-09-30T19:00,72.0666666666667,845.98,0.0,10.4266666666667,60.1666666666667,3.41333333333333,4.7
2026-09-30T19:15,69.9333333333333,846.0,0.0,10.0066666666667,63.32,3.94,4.7
2026-09-30T19:30,71.1333333333333,846.0,0.0,9.77333333333333,65.6666666666667,4.60666666666667,5.0
2026-09-30T20:00,70.6666666666667,846.026666666667,0.0,9.25333333333333,67.5866666666667,5.06666666666667,6.1
2026-09-30T20:15,73.6,846.02,0.0,9.06666666666667,70.78,5.44666666666667,6.8
2026-09-30T20:30,77.4,845.986666666667,0.0,8.99333333333333,71.6866666666667,6.21333333333333,7.4
2026-09-30T21:00,76.6,845.94,0.0,8.98666666666667,72.5266666666667,5.84,7.5
2026-09-30T21:15,73.0,845.966666666667,0.0,8.93333333333333,72.6533333333333,5.25333333333333,6.6
2026-09-30T21:30,73.2,845.9,0.0,8.88666666666667,73.4266666666667,5.14666666666667,6.3
2026-09-30T22:00,63.8,845.853333333333,0.0,8.99333333333333,71.9466666666667,4.36,6.5
2026-09-30T22:15,79.3333333333333,845.806666666667,0.0,9.04666666666667,71.6,4.59333333333333,6.1
2026-09-30T22:30,83.0,845.66,0.0,9.06,70.76,5.83333333333333,7.9
2026-09-30T23:15,82.9333333333333,845.46,0.0,8.91333333333333,66.9733333333333,7.0,8.7
2026-09-30T23:30,80.6666666666667,845.46,0.0,8.94666666666667,67.1066666666667,7.2,8.6
2026-10-01T00:00,82.0666666666667,845.34,0.0,8.86,66.6333333333333,7.32,8.9
2026-10-01T00:15,80.2666666666667,845.3,0.0,8.76666666666667,67.8866666666667,6.93333333333333,8.2
2026-10-01T00:30,78.9333333333333,845.273333333333,0.0,8.71333333333333,68.98,6.84,7.8
2026-10-01T01:00,80.1333333333333,845.093333333333,0.0,8.48666666666667,71.0733333333333,7.40666666666667,8.7
2026-10-01T01:15,80.6,845.033333333333,0.0,8.46,70.5733333333333,7.55333333333333,9.3
2026-10-01T01:30,78.0666666666667,845.0,0.0,8.42666666666667,70.62,7.94,9.6
2026-10-01T02:00,83.0,844.993333333333,0.0,8.12666666666667,79.4066666666667,7.70666666666667,9.3
2026-10-01T02:15,80.7333333333333,844.966666666667,0.0,8.06,79.8066666666667,7.6,9.4
2026-10-01T02:30,78.1333333333333,844.9,0.0,8.08,79.62,8.06,9.9
2026-10-01T03:00,76.6666666666667,844.993333333333,0.0,8.06,78.1933333333333,7.95333333333333,9.2
2026-10-01T03:15,76.4666666666667,844.993333333333,0.0,8.14,77.58,8.13333333333333,9.4
2026-10-01T03:30,77.7333333333333,844.94,0.0,8.26666666666667,76.9933333333333,8.78666666666667,10.3
2026-10-01T04:00,77.6,844.833333333333,0.0,8.43333333333333,75.3866666666667,8.93333333333333,11.1
2026-10-01T04:15,78.5333333333333,844.813333333333,0.0,8.49333333333333,75.28,8.88666666666667,10.3
2026-10-01T04:30,81.4666666666667,844.886666666667,0.0,8.55333333333333,75.2666666666667,8.91333333333333,10.5
2026-10-01T05:00,82.4666666666667,844.786666666667,0.0,8.54,75.3933333333333,9.10666666666667,10.8
2026-10-01T05:15,81.2,844.826666666667,5.24,8.64,75.04,9.5,11.2
2026-10-01T05:30,80.6666666666667,844.866666666667,18.42,8.8,74.12,9.31333333333333,11.4
2026-10-01T06:00,83.0666666666667,845.06,84.16,9.24666666666667,72.2066666666667,9.30666666666667,11.2
2026-10-01T06:15,84.8,845.093333333333,139.7,9.48666666666667,71.0466666666667,9.0,11.1
2026-10-01T06:30,86.2666666666667,845.12,194.02,9.68,70.1133333333333,8.94666666666667,11.0
2026-10-01T07:00,84.0,845.133333333333,298.246666666667,10.08,69.4533333333333,8.34,10.2
2026-10-01T07:15,85.4,845.246666666667,336.833333333333,10.26,68.2133333333333,8.26,10.3
2026-10-01T07:30,88.6,845.24,370.833333333333,10.3066666666667,66.2266666666667,8.95333333333333,11.4
2026-10-01T08:00,93.3333333333333,845.48,472.12,10.5866666666667,67.1266666666667,8.05333333333333,9.6
2026-10-01T08:15,92.2666666666667,845.606666666667,519.213333333333,11.02,65.7666666666667,7.46666666666667,9.4
2026-10-01T08:30,93.9333333333333,845.793333333333,133.56,11.0933333333333,66.0333333333333,6.65333333333333,9.0
2026-10-01T09:00,91.4,846.02,629.72,11.7866666666667,63.8466666666667,5.53333333333333,8.0
2026-10-01T09:15,90.4666666666667,846.093333333333,669.246666666667,12.0933333333333,63.0466666666667,5.30666666666667,7.4
2026-10-01T09:30,91.3333333333333,846.16,717.633333333333,11.98,62.22,5.37333333333333,7.4
2026-10-01T10:00,94.6,846.266666666667,775.206666666667,12.6466666666667,61.9,4.16,6.7
2026-10-01T10:15,97.0,846.2,789.32,12.1533333333333,61.1266666666667,3.86,5.9
2026-10-01T10:30,104.133333333333,846.193333333333,802.333333333333,12.4666666666667,62.0066666666667,3.95333333333333,6.3
2026-10-01T11:00,112.066666666667,846.193333333333,811.033333333333,12.82,61.6733333333333,3.34,5.7
2026-10-01T11:15,116.2,846.153333333333,807.053333333333,12.6333333333333,60.9533333333333,2.85333333333333,5.1
2026-10-01T11:30,114.866666666667,846.12,815.06,12.7133333333333,62.0933333333333,2.99333333333333,5.3
2026-10-01T12:00,122.533333333333,846.093333333333,783.066666666667,13.2,59.86,2.53333333333333,4.4
2026-10-01T12:15,114.666666666667,846.006666666667,749.94,12.8933333333333,59.3133333333333,2.73333333333333,4.8
2026-10-01T12:30,142.133333333333,845.993333333333,743.193333333333,13.7066666666667,61.66,2.00666666666667,3.5
2026-10-01T13:00,110.733333333333,846.0,664.66,14.0133333333333,59.1933333333333,1.62666666666667,3.3
2026-10-01T13:15,128.333333333333,845.88,611.62,13.5733333333333,58.04,1.83333333333333,4.2
2026-10-01T13:30,87.4,845.873333333333,575.673333333333,13.8933333333333,59.62,1.58666666666667,3.1
2026-10-01T14:00,143.866666666667,846.0,475.226666666667,13.8733333333333,60.5133333333333,1.42666666666667,4.3
2026-10-01T14:15,144.4,846.053333333333,427.14,13.7933333333333,60.62,1.44,3.0
2026-10-01T14:30,122.6,846.1,403.02,12.9466666666667,64.3666666666667,1.80666666666667,3.3
2026-10-01T15:00,196.2,846.18,218.373333333333,13.08,65.28,0.986666666666667,2.4
2026-10-01T15:15,104.666666666667,846.186666666667,121.213333333333,12.3733333333333,65.5866666666667,0.76,1.3
2026-10-01T15:30,30.0666666666667,846.1,96.6333333333333,11.5933333333333,65.12,1.68666666666667,2.9
2026-10-01T16:00,30.6,846.1,72.28,11.28,67.6333333333333,1.87333333333333,3.0
2026-10-01T16:15,42.4666666666667,846.106666666667,61.46,11.3266666666667,68.5933333333333,1.85333333333333,3.3
2026-10-01T16:30,15.4666666666667,846.2,36.7133333333333,11.4333333333333,67.7066666666667,1.9,2.9
2026-10-01T17:00,26.6666666666667,846.333333333333,0.0,11.22,67.3,2.03333333333333,3.3
2026-10-01T17:15,34.2666666666667,846.373333333333,0.0,11.18,64.9333333333333,2.00666666666667,3.0
2026-10-01T17:30,17.4,846.453333333333,0.0,11.1866666666667,63.6933333333333,1.86,2.8
2026-10-01T18:00,19.2666666666667,846.633333333333,0.0,11.38,60.0533333333333,1.84666666666667,2.7
2026-10-01T18:15,34.6666666666667,846.746666666667,0.0,11.1133333333333,61.1533333333333,2.24,2.8
2026-10-01T18:30,43.7333333333333,846.926666666667,0.0,11.3733333333333,57.36,2.02,2.7
2026-10-01T19:00,17.1333333333333,847.0,0.0,11.6133333333333,47.9933333333333,2.40666666666667,3.1
2026-10-01T19:15,12.6,847.0,0.0,11.3933333333333,49.0666666666667,2.52666666666667,3.1
2026-10-01T19:30,14.7333333333333,847.0,0.0,11.2866666666667,48.6533333333333,2.71333333333333,3.4
2026-10-01T20:00,15.2,847.033333333333,0.0,11.4666666666667,47.76,2.82666666666667,3.6
2026-10-01T20:15,25.5333333333333,847.08,0.0,11.5133333333333,48.32,2.80666666666667,3.6
2026-10-01T20:30,36.6,847.1,0.0,11.4533333333333,49.06,3.00666666666667,3.8
2026-10-01T21:00,38.0,847.08,0.0,10.8466666666667,54.46,2.61333333333333,3.5
2026-10-01T21:15,48.4,847.1,0.0,11.2533333333333,51.3066666666667,2.66,3.2
2026-10-01T21:30,78.8666666666667,847.16,0.0,11.3466666666667,49.2666666666667,1.76666666666667,3.0
2026-10-01T22:00,63.3333333333333,847.1,0.0,11.8733333333333,43.4533333333333,0.653333333333333,1.2
2026-10-01T22:15,243.0,847.193333333333,0.0,11.6,44.7933333333333,0.606666666666667,1.2
2026-10-01T22:30,171.071428571429,847.14,0.0,11.82,41.9066666666667,0.68,1.6
2026-10-01T23:15,31.3333333333333,847.2,0.0,10.6266666666667,49.08,3.09333333333333,4.0
2026-10-01T23:30,36.3333333333333,847.2,0.0,10.56,49.9933333333333,3.73333333333333,4.3
2026-10-02T00:00,40.3333333333333,847.2,0.0,10.7733333333333,49.1,3.65333333333333,4.5
2026-10-02T00:15,46.4,847.26,0.0,11.0,47.3933333333333,3.8,4.5
2026-10-02T00:30,46.8,847.3,0.0,10.9533333333333,46.4666666666667,4.03333333333333,4.6
2026-10-02T01:00,60.6666666666667,847.2,0.0,11.4466666666667,39.1933333333333,4.8,5.6
2026-10-02T01:15,56.3333333333333,847.2,0.0,11.42,39.6133333333333,4.56,5.3
2026-10-02T01:30,42.2666666666667,847.293333333333,0.0,10.9266666666667,43.2666666666667,3.92,4.7
2026-10-02T02:00,30.2666666666667,847.36,0.0,11.12,39.42,2.88,3.8
2026-10-02T02:15,26.9333333333333,847.3,0.0,10.9733333333333,43.1866666666667,3.15333333333333,4.3
2026-10-02T02:30,27.0,847.3,0.0,10.7066666666667,46.68,3.00666666666667,4.0
2026-10-02T03:00,32.8666666666667,847.2,0.0,10.64,46.54,3.07333333333333,4.2
2026-10-02T03:15,23.8,847.28,0.0,10.9266666666667,44.3666666666667,2.78,3.5
2026-10-02T03:30,26.4666666666667,847.3,0.0,11.46,38.76,2.59333333333333,3.6
2026-10-02T04:00,31.3333333333333,847.22,0.0,11.8466666666667,32.5933333333333,1.64,2.2
2026-10-02T04:15,97.0,847.3,0.0,11.7533333333333,28.62,0.5,1.9
2026-10-02T04:30,187.5,847.4,0.0,11.86,25.5533333333333,0.613333333333333,1.7
2026-10-02T05:00,159.733333333333,847.533333333333,1.84,11.4666666666667,31.96,0.893333333333333,1.7
2026-10-02T05:15,160.666666666667,847.66,5.85333333333333,11.4133333333333,30.7266666666667,0.826666666666667,1.5
2026-10-02T05:30,163.866666666667,847.766666666667,13.38,11.32,29.8733333333333,0.573333333333333,1.7
2026-10-02T06:00,132.133333333333,847.926666666667,54.06,11.4,37.24,0.7,1.1
2026-10-02T06:15,96.8666666666667,848.066666666667,69.8066666666667,11.5133333333333,32.4933333333333,1.38666666666667,2.2
2026-10-02T06:30,81.5333333333333,848.22,159.686666666667,11.82,34.5066666666667,1.76666666666667,2.4
2026-10-02T07:00,83.6666666666667,848.4,302.673333333333,12.5533333333333,29.7066666666667,2.64666666666667,3.9
2026-10-02T07:15,58.8666666666667,848.46,361.253333333333,12.64,36.48,2.1,3.1
2026-10-02T07:30,59.4666666666667,848.526666666667,330.906666666667,12.24,35.88,2.11333333333333,3.5
2026-10-02T08:00,75.0666666666667,848.726666666667,334.273333333333,11.7466666666667,31.6533333333333,2.04,3.5
2026-10-02T08:15,81.5333333333333,848.806666666667,488.946666666667,12.04,31.1266666666667,2.88,4.3
2026-10-02T08:30,98.8,848.886666666667,282.793333333333,12.3533333333333,29.7466666666667,3.2,4.5
2026-10-02T09:00,93.1333333333333,849.04,480.573333333333,11.72,30.72,3.23333333333333,4.7
2026-10-02T09:15,89.5333333333333,849.153333333333,522.813333333333,12.2466666666667,30.66,3.18666666666667,4.6
2026-10-02T09:30,97.5333333333333,849.2,545.213333333333,12.0133333333333,34.9,3.30666666666667,4.9
2026-10-02T10:00,93.7333333333333,849.033333333333,556.826666666667,11.9133333333333,38.0866666666667,2.97333333333333,4.2
2026-10-02T10:15,98.2,849.126666666667,534.986666666667,11.84,39.4933333333333,2.78666666666667,4.5
2026-10-02T10:30,88.2666666666667,849.253333333333,518.593333333333,11.24,45.14,2.95333333333333,4.5
2026-10-02T11:00,95.4666666666667,849.3,501.953333333333,11.7533333333333,44.62,2.32666666666667,4.0
2026-10-02T11:15,99.0,849.3,499.2,12.22,44.4666666666667,2.22666666666667,3.4
2026-10-02T11:30,92.3333333333333,849.3,497.006666666667,12.38,43.2,2.50666666666667,4.2
2026-10-02T12:00,76.5333333333333,849.28,500.133333333333,12.8066666666667,42.2066666666667,2.91333333333333,5.4
2026-10-02T12:15,71.9333333333333,849.2,448.02,12.2266666666667,46.1133333333333,3.05333333333333,4.9
2026-10-02T12:30,72.2666666666667,849.22,467.54,12.68,44.78,2.64,4.3
2026-10-02T13:00,72.9333333333333,849.2,455.3,12.6533333333333,44.7733333333333,2.88,4.4
2026-10-02T13:15,80.1333333333333,849.2,484.966666666667,12.4666666666667,42.3866666666667,3.48,5.3
2026-10-02T13:30,78.4666666666667,849.193333333333,474.706666666667,12.4933333333333,36.54,4.33333333333333,6.5
2026-10-02T14:00,73.2666666666667,849.026666666667,368.326666666667,12.14,36.82,4.48,6.5
2026-10-02T14:15,71.2666666666667,849.086666666667,403.786666666667,12.3933333333333,35.1666666666667,3.92,6.6
2026-10-02T14:30,65.7333333333333,849.146666666667,376.766666666667,12.2666666666667,34.3266666666667,4.50666666666667,6.1
2026-10-02T15:00,64.1333333333333,849.04,217.866666666667,11.62,35.34,4.16,6.3
2026-10-02T15:15,75.8666666666667,849.053333333333,178.36,11.3666666666667,32.8266666666667,5.74666666666667,7.7
2026-10-02T15:30,80.8666666666667,848.906666666667,154.986666666667,11.1333333333333,33.2866666666667,7.36666666666667,8.8
2026-10-02T16:00,77.8666666666667,848.8,114.106666666667,11.3866666666667,21.5866666666667,8.66666666666667,10.2
2026-10-02T16:15,76.2,848.92,83.1866666666667,11.3266666666667,21.76,8.25333333333333,9.8
2026-10-02T16:30,76.8666666666667,848.853333333333,59.52,11.1666666666667,23.4466666666667,8.1,9.2
2026-10-02T17:00,73.0,849.006666666667,4.97333333333333,10.6866666666667,24.9,7.31333333333333,8.6
2026-10-02T17:15,64.5333333333333,849.093333333333,0.0,10.56,25.7333333333333,6.42,7.4
2026-10-02T17:30,55.5333333333333,849.1,0.0,10.9866666666667,22.1933333333333,5.08,6.5
2026-10-02T18:00,84.5333333333333,849.2,0.0,12.3466666666667,20.7266666666667,2.15333333333333,2.9
2026-10-02T18:15,251.533333333333,849.206666666667,0.0,11.5,25.0466666666667,1.38666666666667,2.0
2026-10-02T18:30,114.8,849.2,0.0,11.5933333333333,26.4533333333333,1.54,2.2
2026-10-02T19:00,41.0666666666667,849.253333333333,0.0,12.2466666666667,19.2666666666667,1.43333333333333,2.0
2026-10-02T19:15,36.0666666666667,849.3,0.0,12.16,20.22,2.34,3.1
2026-10-02T19:30,20.6666666666667,849.326666666667,0.0,11.9,22.5266666666667,2.08666666666667,2.6
2026-10-02T20:00,15.4666666666667,849.306666666667,0.0,11.86,24.1333333333333,1.7,2.3
2026-10-02T20:15,163.769230769231,849.313333333333,0.0,12.2333333333333,20.1466666666667,0.74,1.7
2026-10-02T20:30,112.533333333333,849.26,0.0,12.3733333333333,20.0666666666667,0.853333333333333,1.8
2026-10-02T21:00,300.6,849.206666666667,0.0,12.5066666666667,18.4333333333333,0.726666666666667,1.3
2026-10-02T21:15,207.2,849.2,0.0,12.5133333333333,18.7333333333333,0.853333333333333,1.1
2026-10-02T21:30,71.7333333333333,849.273333333333,0.0,12.48,19.8066666666667,1.46666666666667,1.9
2026-10-02T22:00,103.933333333333,849.313333333333,0.0,12.3333333333333,22.62,4.32,5.4
2026-10-02T22:15,94.2,849.253333333333,0.0,12.0,23.4,5.82666666666667,8.1
2026-10-02T22:30,85.6,849.166666666667,0.146666666666667,11.5866666666667,23.3,7.44,9.3
2026-10-02T23:15,70.0666666666667,849.02,0.0,11.2533333333333,20.0866666666667,8.76,10.3
2026-10-02T23:30,63.0666666666667,849.046666666667,0.0,11.26,19.7133333333333,7.82,9.3
2026-10-03T00:00,57.5333333333333,849.086666666667,0.0,11.56,18.4066666666667,6.4,8.0
2026-10-03T00:15,55.0666666666667,849.126666666667,0.0,11.38,19.76,5.18,6.5
2026-10-03T00:30,51.1333333333333,849.146666666667,0.0,11.1533333333333,20.9133333333333,4.42,5.5
2026-10-03T01:00,42.0666666666667,849.0,0.0,11.1466666666667,22.5466666666667,3.19333333333333,4.7
2026-10-03T01:15,67.4666666666667,848.993333333333,0.0,11.1733333333333,22.1,2.43333333333333,4.4
2026-10-03T01:30,49.2666666666667,848.886666666667,0.0,11.1866666666667,22.7866666666667,3.54,6.0
2026-10-03T02:00,60.6666666666667,848.6,0.0,10.9933333333333,24.8666666666667,4.4,6.0
2026-10-03T02:15,47.2,848.6,0.0,10.84,25.3133333333333,3.18666666666667,5.1
2026-10-03T02:30,66.5333333333333,848.593333333333,0.0,10.8866666666667,25.08,1.38,3.3
2026-10-03T03:00,90.0,848.58,0.0,11.0933333333333,24.14,1.37333333333333,3.0
2026-10-03T03:15,46.9333333333333,848.513333333333,0.0,11.1666666666667,23.6733333333333,1.80666666666667,2.8
2026-10-03T03:30,44.2666666666667,848.5,0.0,11.1133333333333,23.6666666666667,1.25333333333333,1.9
2026-10-03T04:00,198.8,848.5,0.0,10.94,24.4666666666667,0.84,2.2
2026-10-03T04:15,123.666666666667,848.48,0.0,10.9266666666667,23.8933333333333,1.04666666666667,2.6
2026-10-03T04:30,146.333333333333,848.5,0.0,11.0266666666667,23.7866666666667,0.96,1.5
2026-10-03T05:00,67.4,848.5,0.0,9.8,30.9266666666667,1.2,2.8
2026-10-03T05:15,57.7333333333333,848.5,4.13333333333333,9.58666666666667,32.6933333333333,1.82666666666667,3.9
2026-10-03T05:30,63.6666666666667,848.5,16.1533333333333,10.38,28.5133333333333,1.28,2.2
2026-10-03T06:00,66.7333333333333,848.513333333333,76.9733333333333,9.55333333333333,35.6933333333333,4.14666666666667,5.4
2026-10-03T06:15,61.9333333333333,848.6,138.993333333333,9.17333333333333,39.1533333333333,3.41333333333333,4.6
2026-10-03T06:30,60.0,848.733333333333,191.42,10.7266666666667,30.4266666666667,2.99333333333333,4.0
2026-10-03T07:00,91.2666666666667,848.86,304.96,11.8666666666667,28.0066666666667,4.04666666666667,5.3
2026-10-03T07:15,84.6666666666667,848.826666666667,346.726666666667,11.9666666666667,27.16,4.55333333333333,6.1
2026-10-03T07:30,84.0,848.973333333333,367.713333333333,12.1266666666667,27.4466666666667,3.90666666666667,5.2
2026-10-03T08:00,96.1333333333333,849.1,453.02,12.34,24.98,3.86,5.6
2026-10-03T08:15,124.933333333333,849.133333333333,473.853333333333,11.6866666666667,38.5333333333333,3.06,4.9
2026-10-03T08:30,112.466666666667,849.12,64.06,11.8066666666667,34.1466666666667,3.37333333333333,5.2
2026-10-03T09:00,84.9333333333333,849.266666666667,611.946666666667,12.3133333333333,39.3533333333333,3.13333333333333,4.7
2026-10-03T09:15,88.2,849.3,653.06,12.42,40.5666666666667,3.19333333333333,5.0
2026-10-03T09:30,91.8,849.3,708.64,12.22,41.2933333333333,3.5,5.3
2026-10-03T10:00,102.866666666667,849.3,801.8,11.9933333333333,42.8933333333333,3.18,4.9
2026-10-03T10:15,110.866666666667,849.3,833.546666666667,11.6333333333333,44.34,3.36,5.5
2026-10-03T10:30,115.2,849.3,853.933333333333,11.2933333333333,45.7266666666667,3.85333333333333,5.5
2026-10-03T11:00,115.2,849.293333333333,838.706666666667,11.6333333333333,44.6333333333333,3.43333333333333,5.1
2026-10-03T11:15,112.2,849.226666666667,814.226666666667,11.8133333333333,42.58,3.33333333333333,5.5
2026-10-03T11:30,112.466666666667,849.126666666667,802.373333333333,11.9533333333333,41.9133333333333,3.38666666666667,5.3
2026-10-03T12:00,121.2,848.906666666667,749.666666666667,12.28,47.1466666666667,3.37333333333333,5.5
2026-10-03T12:15,121.066666666667,848.826666666667,701.473333333333,11.9666666666667,52.1933333333333,3.51333333333333,5.7
2026-10-03T12:30,140.4,848.82,684.466666666667,12.2733333333333,51.46,3.24,5.1
2026-10-03T13:00,163.0,848.793333333333,610.72,12.3866666666667,51.72,1.92,4.5
2026-10-03T13:15,156.866666666667,848.76,587.826666666667,12.88,50.5133333333333,2.18666666666667,3.9
2026-10-03T13:30,144.0,848.7,561.413333333333,12.2666666666667,51.7533333333333,2.08666666666667,3.7
2026-10-03T14:00,143.6,848.7,494.026666666667,12.3866666666667,52.5666666666667,1.86,3.3
2026-10-03T14:15,153.4,848.613333333333,465.646666666667,12.54,52.3333333333333,1.34,3.0
2026-10-03T14:30,223.4,848.646666666667,428.306666666667,13.3133333333333,51.9533333333333,1.26,2.3
2026-10-03T15:00,265.4,848.6,321.293333333333,13.36,51.8666666666667,1.5,2.9
2026-10-03T15:15,270.666666666667,848.6,268.646666666667,12.66,53.64,1.75333333333333,3.0
2026-10-03T15:30,276.733333333333,848.506666666667,209.96,12.7666666666667,53.74,1.33333333333333,2.4
2026-10-03T16:00,327.0,848.473333333333,91.9,12.6533333333333,54.3533333333333,1.3,2.3
2026-10-03T16:15,257.6,848.493333333333,41.9866666666667,12.28,53.28,1.2,1.9
2026-10-03T16:30,50.5333333333333,848.453333333333,20.1666666666667,11.9733333333333,52.5866666666667,1.42666666666667,2.6
2026-10-03T17:00,98.6,848.5,0.753333333333333,11.3666666666667,52.4266666666667,1.57333333333333,2.0
2026-10-03T17:15,15.7333333333333,848.593333333333,0.0,11.3333333333333,52.5466666666667,1.51333333333333,1.9
2026-10-03T17:30,21.6,848.56,0.0,11.3066666666667,52.2533333333333,0.966666666666667,1.7
2026-10-03T18:00,164.133333333333,848.593333333333,0.0,10.9866666666667,54.28,0.913333333333333,1.2
2026-10-03T18:15,28.7333333333333,848.6,0.0,10.84,55.6733333333333,1.07333333333333,1.4
2026-10-03T18:30,195.133333333333,848.646666666667,0.0,10.78,55.3,1.28,1.5
2026-10-03T19:00,281.666666666667,848.7,0.0,10.8533333333333,53.8333333333333,0.953333333333333,1.2
2026-10-03T19:15,36.3333333333333,848.706666666667,0.0,10.7466666666667,54.8733333333333,1.08666666666667,1.5
2026-10-03T19:30,18.2,848.72,0.0,10.5333333333333,56.72,1.52666666666667,1.9
2026-10-03T20:00,72.9333333333333,848.606666666667,0.0,11.5266666666667,27.8533333333333,1.81333333333333,2.3
2026-10-03T20:15,90.0,848.6,0.0,11.6666666666667,23.9133333333333,2.30666666666667,3.0
2026-10-03T20:30,75.3333333333333,848.6,0.0,11.6733333333333,21.8933333333333,1.82666666666667,2.1
2026-10-03T21:00,141.666666666667,848.6,0.0,11.5,30.0333333333333,0.833333333333333,1.1
2026-10-03T21:15,315.866666666667,848.6,0.0,11.1266666666667,33.0733333333333,0.846666666666667,1.4
2026-10-03T21:30,315.2,848.506666666667,0.0,11.3733333333333,34.9733333333333,2.68,3.5
2026-10-03T22:00,121.6,848.4,0.0,11.2266666666667,48.86,2.01333333333333,2.7
2026-10-03T22:15,8.8,848.4,0.0,10.94,50.0733333333333,2.56,3.1
2026-10-03T22:30,16.9333333333333,848.306666666667,0.0,10.7533333333333,49.98,2.83333333333333,3.4
2026-10-03T23:15,25.5333333333333,848.053333333333,0.0,11.0133333333333,46.6333333333333,2.87333333333333,3.3
2026-10-03T23:30,44.8666666666667,848.153333333333,0.0,11.32,41.0533333333333,2.93333333333333,3.6
2026-10-04T00:00,92.7333333333333,848.013333333333,0.0,12.6,13.76,3.18666666666667,3.9
2026-10-04T00:15,98.6666666666667,847.88,0.0,12.2,15.8866666666667,3.42666666666667,4.0
2026-10-04T00:30,105.0,847.8,0.0,11.9,17.0266666666667,3.39333333333333,3.9
2026-10-04T01:00,94.1333333333333,847.653333333333,0.0,11.74,16.9266666666667,2.30666666666667,2.7
2026-10-04T01:15,82.1333333333333,847.5,0.0,12.0333333333333,12.98,2.72,3.3
2026-10-04T01:30,77.8666666666667,847.346666666667,0.0,12.4533333333333,7.82666666666667,3.14,3.6
2026-10-04T02:00,95.4,847.293333333333,0.0,11.6933333333333,11.9466666666667,2.18666666666667,2.7
2026-10-04T02:15,82.4666666666667,847.2,0.0,12.0733333333333,9.13333333333333,2.12666666666667,2.6
2026-10-04T02:30,74.4,847.16,0.0,12.4266666666667,7.42,2.39333333333333,2.9
2026-10-04T03:00,68.0666666666667,847.1,0.0,12.7666666666667,5.69333333333333,2.70666666666667,3.1
2026-10-04T03:15,66.6,847.1,0.0,12.8533333333333,5.04,2.42,2.7
2026-10-04T03:30,59.4,847.06,0.0,13.1066666666667,4.62,1.88,2.4
2026-10-04T04:00,75.1333333333333,846.886666666667,0.0,12.9066666666667,6.02666666666667,2.58666666666667,3.2
2026-10-04T04:15,80.1333333333333,846.9,0.0,12.64,8.69333333333333,2.42,3.0
2026-10-04T04:30,76.1333333333333,846.9,0.0,12.8133333333333,9.3,2.67333333333333,3.1
