{"type":"FeatureCollection","name":"LOM","features":[{"type":"Feature","geometry":{"type":"Point","coordinates":[10.21846492,45.51456611]},"properties":{"scode":"653","name":"Brescia v.Ziziola","variables":["CDD","DVENTO","ET0","GDD","HDD","PREC","PREC24","PREC48","TAPP","TDEW","TEMP","UMID","UWND","VPD","VVENTO","VWND"],"latest":{"CDD":0.0,"DVENTO":"241","ET0":2.47,"GDD":11.2,"HDD":0.0,"PREC":"0.00","PREC24":0.0,"PREC48":0.0,"TAPP":24.9,"TDEW":10.4,"TEMP":"25.31","UMID":"39","UWND":0.74,"VPD":1.968,"VVENTO":"0.85","VWND":0.41},"latest_time":"2026-09-26T13:20","series":"series/653.csv"}},{"type":"Feature","geometry":{"type":"Point","coordinates":[9.09741197,45.43611269]},"properties":{"scode":"525","name":"Corsico v.le Italia","variables":["CDD","DVENTO","ET0","GDD","HDD","PREC","PREC24","PREC48","TAPP","TDEW","TEMP","UMID","UWND","VPD","VVENTO","VWND"],"latest":{"CDD":0.0,"DVENTO":"106","ET0":2.02,"GDD":10.0,"HDD":0.0,"PREC":"0.00","PREC24":0.0,"PREC48":0.0,"TAPP":22.0,"TDEW":8.5,"TEMP":"22.86","UMID":"40","UWND":-0.78,"VPD":1.671,"VVENTO":"0.47","VWND":0.22},"latest_time":"2026-09-26T13:50","series":"series/525.csv"}},{"type":"Feature","geometry":{"type":"Point","coordinates":[9.22231536,45.47322769]},"properties":{"scode":"502","name":"Milano v.Juvara","variables":["CDD","DVENTO","ET0","GDD","HDD","PREC","PREC24","PREC48","RADSOL","TAPP","TDEW","TEMP","UMID","UWND","VPD","VVENTO","VWND"],"latest":{"CDD":0.0,"DVENTO":"166","ET0":2.06,"GDD":10.8,"HDD":0.0,"PREC":"0.00","PREC24":0.0,"PREC48":0.0,"RADSOL":"648","TAPP":22.0,"TDEW":8.5,"TEMP":"22.86","UMID":"40","UWND":-0.2,"VPD":1.671,"VVENTO":"0.09","VWND":0.79},"latest_time":"2026-09-26T13:50","series":"series/502.csv"}},{"type":"Feature","geometry":{"type":"Point","coordinates":[9.19093444,45.49631883]},"properties":{"scode":"501","name":"Milano v.Marche","variables":["CDD","DVENTO","ET0","GDD","HDD","TAPP","TDEW","TEMP","UMID","UWND","VPD","VVENTO","VWND"],"latest":{"CDD":0.0,"DVENTO":"78","ET0":1.7,"GDD":10.3,"HDD":0.0,"TAPP":21.3,"TDEW":9.1,"TEMP":"22.30","UMID":"43","UWND":-1.08,"VPD":1.535,"VVENTO":"1.54","VWND":-0.23},"latest_time":"2026-09-26T13:50","series":"series/501.csv"}},{"type":"Feature","geometry":{"type":"Point","coordinates":[10.29913,45.24955194]},"properties":{"scode":"656","name":"Gambara v.Parma","variables":["CDD","DVENTO","ET0","GDD","HDD","PREC","PREC24","PREC48","TAPP","TDEW","TEMP","UMID","UWND","VPD","VVENTO","VWND"],"latest":{"CDD":0.0,"DVENTO":"59","ET0":2.42,"GDD":7.7,"HDD":2.0,"PREC":"0.00","PREC24":0.0,"PREC48":0.0,"TAPP":21.6,"TDEW":10.3,"TEMP":"22.12","UMID":"47","UWND":-0.78,"VPD":1.412,"VVENTO":"0.91","VWND":-0.47},"latest_time":"2026-09-26T13:20","series":"series/656.csv"}},{"type":"Feature","geometry":{"type":"Point","coordinates":[8.75697656,45.61924753]},"properties":{"scode":"687","name":"Ferno v.Di Dio","variables":["CDD","DVENTO","ET0","GDD","HDD","PREC","PREC24","PREC48","RADSOL","TAPP","TDEW","TEMP","UMID","UWND","VPD","VVENTO","VWND"],"latest":{"CDD":0.0,"DVENTO":"65","ET0":2.24,"GDD":9.9,"HDD":0.0,"PREC":"0.00","PREC24":0.0,"PREC48":0.0,"RADSOL":"722","TAPP":23.0,"TDEW":9.7,"TEMP":"24.14","UMID":"40","UWND":-1.39,"VPD":1.805,"VVENTO":"0.98","VWND":-0.65},"latest_time":"2026-09-26T13:40","series":"series/687.csv"}},{"type":"Feature","geometry":{"type":"Point","coordinates":[9.06697886,45.81504217]},"properties":{"scode":"646","name":"Como Villa Gallia","variables":["CDD","DVENTO","ET0","GDD","HDD","PREC","PREC24","PREC48","TAPP","TDEW","TEMP","UMID","UWND","VPD","VVENTO","VWND"],"latest":{"CDD":0.0,"DVENTO":"80","ET0":1.78,"GDD":9.7,"HDD":0.0,"PREC":"0.00","PREC24":0.0,"PREC48":0.0,"TAPP":20.8,"TDEW":8.1,"TEMP":"21.94","UMID":"41","UWND":-0.97,"VPD":1.554,"VVENTO":"0.37","VWND":-0.17},"latest_time":"2026-09-26T13:40","series":"series/646.csv"}},{"type":"Feature","geometry":{"type":"Point","coordinates":[9.70395139,45.36631075]},"properties":{"scode":"629","name":"Crema v.XI febbraio","variables":["CDD","DVENTO","ET0","GDD","HDD","PREC","PREC24","PREC48","RADSOL","TAPP","TDEW","TEMP","UMID","UWND","VPD","VVENTO","VWND"],"latest":{"CDD":0.0,"DVENTO":"99","ET0":2.33,"GDD":9.4,"HDD":0.3,"PREC":"0.00","PREC24":0.0,"PREC48":0.0,"RADSOL":"701","TAPP":22.8,"TDEW":7.9,"TEMP":"24.36","UMID":"35","UWND":-1.54,"VPD":1.982,"VVENTO":"1.56","VWND":0.24},"latest_time":"2026-09-26T13:20","series":"series/629.csv"}},{"type":"Feature","geometry":{"type":"Point","coordinates":[8.91415717,45.04008561]},"properties":{"scode":"672","name":"Cornale v.Libertà","variables":["CDD","DVENTO","ET0","GDD","HDD","PREC","PREC24","PREC48","RADSOL","TAPP","TDEW","TEMP","UMID","UWND","VPD","VVENTO","VWND"],"latest":{"CDD":0.0,"DVENTO":"64","ET0":2.01,"GDD":7.3,"HDD":2.2,"PREC":"0.00","PREC24":0.0,"PREC48":0.0,"RADSOL":"682","TAPP":22.5,"TDEW":11.0,"TEMP":"23.60","UMID":"45","UWND":-1.78,"VPD":1.602,"VVENTO":"1.98","VWND":-0.87},"latest_time":"2026-09-26T13:20","series":"series/672.csv"}},{"type":"Feature","geometry":{"type":"Point","coordinates":[10.04384767,45.14254358]},"properties":{"scode":"677","name":"Cremona Via Fatebenefratelli","variables":["CDD","DVENTO","ET0","GDD","HDD","PREC","PREC24","PREC48","RADSOL","TAPP","TDEW","TEMP","UMID","UWND","VPD","VVENTO","VWND"],"latest":{"CDD":0.0,"DVENTO":"67","ET0":2.14,"GDD":7.3,"HDD":3.5,"PREC":"0.00","PREC24":0.0,"PREC48":0.0,"RADSOL":"683","TAPP":22.0,"TDEW":7.2,"TEMP":"23.53","UMID":"35","UWND":-1.11,"VPD":1.885,"VVENTO":"1.21","VWND":-0.47},"latest_time":"2026-09-26T13:30","series":"series/677.csv"}},{"type":"Feature","geometry":{"type":"Point","coordinates":[9.39995481,45.86375372]},"properties":{"scode":"706","name":"Lecco v.Sora","variables":["CDD","DVENTO","ET0","GDD","HDD","PREC","PREC24","PREC48","RADSOL","TAPP","TDEW","TEMP","UMID","UWND","VPD","VVENTO","VWND"],"latest":{"CDD":0.0,"DVENTO":"229","ET0":1.84,"GDD":9.2,"HDD":0.4,"PREC":"0.00","PREC24":0.0,"PREC48":0.0,"RADSOL":"768","TAPP":20.3,"TDEW":7.9,"TEMP":"21.34","UMID":"42","UWND":0.63,"VPD":1.473,"VVENTO":"0.52","VWND":0.55},"latest_time":"2026-09-26T13:40","series":"series/706.csv"}},{"type":"Feature","geometry":{"type":"Point","coordinates":[9.02640138,45.62735705]},"properties":{"scode":"554","name":"Saronno v.Santuario","variables":["CDD","DVENTO","ET0","GDD","HDD","PREC","PREC24","PREC48","RADSOL","TAPP","TDEW","TEMP","UMID","UWND","VPD","VVENTO","VWND"],"latest":{"CDD":0.0,"DVENTO":"90","ET0":2.05,"GDD":9.8,"HDD":0.0,"PREC":"0.00","PREC24":0.0,"PREC48":0.0,"RADSOL":"759","TAPP":20.8,"TDEW":8.7,"TEMP":"21.84","UMID":"43","UWND":-1.06,"VPD":1.492,"VVENTO":"1.06","VWND":-0.0},"latest_time":"2026-09-26T13:20","series":"series/554.csv"}},{"type":"Feature","geometry":{"type":"Point","coordinates":[9.78893967,45.89119304]},"properties":{"scode":"1077","name":"Oltre il Colle Zambla","variables":["CDD","DVENTO","ET0","GDD","HDD","LIVNEVE","PREC","PREC24","PREC48","RADSOL","TAPP","TDEW","TEMP","UMID","UWND","VPD","VVENTO","VWND"],"latest":{"CDD":0.0,"DVENTO":"100","ET0":2.02,"GDD":2.4,"HDD":6.6,"LIVNEVE":"3","PREC":"0.00","PREC24":0.0,"PREC48":0.0,"RADSOL":"723","TAPP":13.5,"TDEW":9.4,"TEMP":"15.00","UMID":"69","UWND":-1.97,"VPD":0.529,"VVENTO":"2.00","VWND":0.35},"latest_time":"2026-09-26T13:40","series":"series/1077.csv"}},{"type":"Feature","geometry":{"type":"Point","coordinates":[10.79005556,45.80683333]},"properties":{"scode":"1324","name":"Limone sul Garda","variables":["CDD","DVENTO","ET0","GDD","HDD","PREC","PREC24","PREC48","TAPP","TDEW","TEMP","UMID","UWND","VPD","VVENTO","VWND"],"latest":{"CDD":0.0,"DVENTO":"183","ET0":2.32,"GDD":11.7,"HDD":0.0,"PREC":"0.00","PREC24":0.0,"PREC48":0.0,"TAPP":22.9,"TDEW":14.4,"TEMP":"25.30","UMID":"51","UWND":0.28,"VPD":1.58,"VVENTO":"5.40","VWND":5.39},"latest_time":"2026-09-26T13:40","series":"series/1324.csv"}},{"type":"Feature","geometry":{"type":"Point","coordinates":[10.31552778,45.81136111]},"properties":{"scode":"1325","name":"Collio Memmo","variables":["CDD","DVENTO","ET0","GDD","HDD","PREC","PREC24","PREC48","RADSOL","TAPP","TDEW","TEMP","UMID","UWND","VPD","VVENTO","VWND"],"latest":{"CDD":0.0,"DVENTO":"271","ET0":2.25,"GDD":2.5,"HDD":6.7,"PREC":"0.00","PREC24":0.0,"PREC48":0.0,"RADSOL":"698","TAPP":13.3,"TDEW":10.7,"TEMP":"15.50","UMID":"73","UWND":3.5,"VPD":0.475,"VVENTO":"3.50","VWND":-0.06},"latest_time":"2026-09-26T13:40","series":"series/1325.csv"}},{"type":"Feature","geometry":{"type":"Point","coordinates":[10.61687842,45.63641172]},"properties":{"scode":"1326","name":"Toscolano-Maderno","variables":["CDD","DVENTO","ET0","GDD","HDD","PREC","PREC24","PREC48","TAPP","TDEW","TEMP","UMID","UWND","VPD","VVENTO","VWND"],"latest":{"CDD":0.0,"DVENTO":"171","ET0":2.1,"GDD":9.6,"HDD":0.0,"PREC":"0.00","PREC24":0.0,"PREC48":0.0,"TAPP":20.3,"TDEW":11.8,"TEMP":"21.80","UMID":"53","UWND":-0.47,"VPD":1.228,"VVENTO":"3.00","VWND":2.96},"latest_time":"2026-09-26T13:40","series":"series/1326.csv"}},{"type":"Feature","geometry":{"type":"Point","coordinates":[9.69328479,45.99338359]},"properties":{"scode":"1345","name":"Piazzatorre","variables":["CDD","DVENTO","ET0","GDD","HDD","PREC","PREC24","PREC48","TAPP","TDEW","TEMP","UMID","UWND","VPD","VVENTO","VWND"],"latest":{"CDD":0.0,"DVENTO":"239","ET0":1.94,"GDD":4.1,"HDD":5.3,"PREC":"0.00","PREC24":0.0,"PREC48":0.0,"TAPP":16.5,"TDEW":10.4,"TEMP":"17.80","UMID":"62","UWND":1.8,"VPD":0.775,"VVENTO":"2.10","VWND":1.08},"latest_time":"2026-09-26T13:40","series":"series/1345.csv"}},{"type":"Feature","geometry":{"type":"Point","coordinates":[9.36883561,46.42312151]},"properties":{"scode":"1346","name":"Campodolcino Alpe Motta","variables":["CDD","DVENTO","ET0","GDD","HDD","LIVNEVE","PREC","PREC24","PREC48","RADSOL","TAPP","TDEW","TEMP","UMID","UWND","VPD","VVENTO","VWND"],"latest":{"CDD":0.0,"DVENTO":"320","ET0":2.08,"GDD":0.6,"HDD":7.1,"LIVNEVE":"0","PREC":"0.00","PREC24":0.0,"PREC48":0.0,"RADSOL":"753","TAPP":14.0,"TDEW":9.5,"TEMP":"14.90","UMID":"70","UWND":0.71,"VPD":0.508,"VVENTO":"1.10","VWND":-0.84},"latest_time":"2026-09-26T13:40","series":"series/1346.csv"}},{"type":"Feature","geometry":{"type":"Point","coordinates":[10.4427287,45.95749967]},"properties":{"scode":"1359","name":"Breno Lago Della Vacca","variables":["CDD","DVENTO","ET0","GDD","HDD","LIVNEVE","PREC","PREC24","PREC48","RADSOL","TAPP","TDEW","TEMP","UMID","UWND","VPD","VVENTO","VWND"],"latest":{"CDD":0.0,"DVENTO":"182","ET0":2.42,"GDD":0.0,"HDD":8.3,"LIVNEVE":"-999","PREC":"0.00","PREC24":-999.0,"PREC48":-1998.0,"RADSOL":"715","TAPP":9.2,"TDEW":4.1,"TEMP":"12.10","UMID":"58","UWND":0.08,"VPD":0.593,"VVENTO":"2.30","VWND":2.3},"latest_time":"2026-09-26T13:10","series":"series/1359.csv"}},{"type":"Feature","geometry":{"type":"Point","coordinates":[9.93314133,45.88094706]},"properties":{"scode":"1360","name":"Clusone SP 671","variables":["CDD","DVENTO","ET0","GDD","HDD","PREC","PREC24","PREC48","RADSOL","TAPP","TDEW","TEMP","UMID","UWND","VPD","VVENTO","VWND"],"latest":{"CDD":0.0,"DVENTO":"101","ET0":2.41,"GDD":6.5,"HDD":2.6,"PREC":"0.00","PREC24":0.0,"PREC48":0.0,"RADSOL":"679","TAPP":18.2,"TDEW":11.7,"TEMP":"20.00","UMID":"59","UWND":-3.24,"VPD":0.959,"VVENTO":"3.30","VWND":0.63},"latest_time":"2026-09-26T13:40","series":"series/1360.csv"}},{"type":"Feature","geometry":{"type":"Point","coordinates":[10.32736288,45.66721826]},"properties":{"scode":"1365","name":"Bione","variables":["CDD","DVENTO","ET0","GDD","HDD","PREC","PREC24","PREC48","RADSOL","TAPP","TDEW","TEMP","UMID","UWND","VPD","VVENTO","VWND"],"latest":{"CDD":0.0,"DVENTO":"141","ET0":2.29,"GDD":5.0,"HDD":4.8,"PREC":"0.00","PREC24":0.0,"PREC48":0.0,"RADSOL":"526","TAPP":18.8,"TDEW":11.0,"TEMP":"19.20","UMID":"59","UWND":-0.69,"VPD":0.912,"VVENTO":"1.10","VWND":0.85},"latest_time":"2026-09-26T13:40","series":"series/1365.csv"}},{"type":"Feature","geometry":{"type":"Point","coordinates":[9.14079938,46.03777316]},"properties":{"scode":"1366","name":"Porlezza torrente","variables":["CDD","DVENTO","ET0","GDD","HDD","PREC","PREC24","PREC48","RADSOL","TAPP","TDEW","TEMP","UMID","UWND","VPD","VVENTO","VWND"],"latest":{"CDD":0.0,"DVENTO":"240","ET0":1.94,"GDD":7.9,"HDD":0.4,"PREC":"0.00","PREC24":0.0,"PREC48":0.0,"RADSOL":"694","TAPP":18.5,"TDEW":10.5,"TEMP":"20.40","UMID":"53","UWND":2.6,"VPD":1.127,"VVENTO":"3.00","VWND":1.5},"latest_time":"2026-09-26T13:40","series":"series/1366.csv"}},{"type":"Feature","geometry":{"type":"Point","coordinates":[10.452199,45.83860244]},"properties":{"scode":"1367","name":"Bagolino SP669","variables":["CDD","DVENTO","ET0","GDD","HDD","PREC","PREC24","PREC48","RADSOL","TAPP","TDEW","TEMP","UMID","UWND","VPD","VVENTO","VWND"],"latest":{"CDD":0.0,"DVENTO":"215","ET0":2.51,"GDD":4.6,"HDD":5.3,"PREC":"0.00","PREC24":0.0,"PREC48":0.0,"RADSOL":"697","TAPP":18.9,"TDEW":13.1,"TEMP":"19.60","UMID":"66","UWND":1.38,"VPD":0.776,"VVENTO":"2.40","VWND":1.97},"latest_time":"2026-09-26T13:40","series":"series/1367.csv"}},{"type":"Feature","geometry":{"type":"Point","coordinates":[9.60925258,45.81475229]},"properties":{"scode":"1371","name":"Brembilla","variables":["CDD","DVENTO","ET0","GDD","HDD","PREC","PREC24","PREC48","TAPP","TDEW","TEMP","UMID","UWND","VPD","VVENTO","VWND"],"latest":{"CDD":0.0,"DVENTO":"181","ET0":2.14,"GDD":7.5,"HDD":2.1,"PREC":"0.00","PREC24":0.0,"PREC48":0.0,"TAPP":20.4,"TDEW":10.2,"TEMP":"21.40","UMID":"49","UWND":0.03,"VPD":1.3,"VVENTO":"1.60","VWND":1.6},"latest_time":"2026-09-26T13:40","series":"series/1371.csv"}},{"type":"Feature","geometry":{"type":"Point","coordinates":[8.71232365,45.76639371]},"properties":{"scode":"1375","name":"Varano Borghi","variables":["CDD","DVENTO","ET0","GDD","HDD","PREC","PREC24","PREC48","RADSOL","TAPP","TDEW","TEMP","UMID","UWND","VPD","VVENTO","VWND"],"latest":{"CDD":0.0,"DVENTO":"131","ET0":2.07,"GDD":8.1,"HDD":1.2,"PREC":"0.00","PREC24":0.0,"PREC48":0.0,"RADSOL":"678","TAPP":20.8,"TDEW":11.0,"TEMP":"21.30","UMID":"52","UWND":-0.91,"VPD":1.216,"VVENTO":"1.20","VWND":0.79},"latest_time":"2026-09-26T13:40","series":"series/1375.csv"}},{"type":"Feature","geometry":{"type":"Point","coordinates":[9.96999939,46.09651358]},"properties":{"scode":"1342","name":"Ponte in Valtellina Lago Reguzzo","variables":["CDD","DVENTO","ET0","GDD","HDD","LIVNEVE","PREC","PREC24","PREC48","RADSOL","TAPP","TDEW","TEMP","UMID","UWND","VPD","VVENTO","VWND"],"latest":{"CDD":0.0,"DVENTO":"37","ET0":2.28,"GDD":0.6,"HDD":8.0,"LIVNEVE":"-999","PREC":"0.00","PREC24":0.0,"PREC48":0.0,"RADSOL":"760","TAPP":10.6,"TDEW":2.3,"TEMP":"13.10","UMID":"48","UWND":-0.78,"VPD":0.784,"VVENTO":"1.30","VWND":-1.04},"latest_time":"2026-09-26T13:40","series":"series/1342.csv"}},{"type":"Feature","geometry":{"type":"Point","coordinates":[10.5003309,45.5798378]},"properties":{"scode":"1376","name":"Puegnago del Garda","variables":["CDD","DVENTO","ET0","GDD","HDD","PREC","PREC24","PREC48","TAPP","TDEW","TEMP","UMID","UWND","VPD","VVENTO","VWND"],"latest":{"CDD":0.0,"DVENTO":"137","ET0":2.37,"GDD":6.7,"HDD":1.9,"PREC":"0.00","PREC24":0.0,"PREC48":0.0,"TAPP":20.5,"TDEW":12.6,"TEMP":"21.20","UMID":"58","UWND":-1.43,"VPD":1.057,"VVENTO":"2.10","VWND":1.54},"latest_time":"2026-09-26T13:40","series":"series/1376.csv"}},{"type":"Feature","geometry":{"type":"Point","coordinates":[9.91515411,46.34981046]},"properties":{"scode":"1343","name":"Lanzada Passo Marinelli","variables":["CDD","DVENTO","ET0","GDD","HDD","LIVNEVE","PREC","PREC24","PREC48","RADSOL","TAPP","TDEW","TEMP","UMID","UWND","VPD","VVENTO","VWND"],"latest":{"CDD":0.0,"DVENTO":"190","ET0":2.15,"GDD":0.0,"HDD":10.9,"LIVNEVE":"-999","PREC":"0.00","PREC24":0.0,"PREC48":0.0,"RADSOL":"719","TAPP":6.3,"TDEW":0.3,"TEMP":"9.70","UMID":"52","UWND":0.36,"VPD":0.578,"VVENTO":"2.10","VWND":2.07},"latest_time":"2026-09-26T13:10","series":"series/1343.csv"}},{"type":"Feature","geometry":{"type":"Point","coordinates":[10.56663509,45.543701]},"properties":{"scode":"1555","name":"Manerba del Garda Dusano","variables":["CDD","DVENTO","ET0","GDD","HDD","LIVIDRO","RADSOL","TAPP","TDEW","TEMP","UMID","UWND","VPD","VVENTO","VWND"],"latest":{"CDD":0.0,"DVENTO":"124","ET0":3.03,"GDD":8.6,"HDD":0.0,"LIVIDRO":"61","RADSOL":"655","TAPP":20.4,"TDEW":12.5,"TEMP":"21.40","UMID":"57","UWND":-2.07,"VPD":1.096,"VVENTO":"2.50","VWND":1.4},"latest_time":"2026-09-26T14:10","series":"series/1555.csv"}},{"type":"Feature","geometry":{"type":"Point","coordinates":[10.7209063,45.7326393]},"properties":{"scode":"1378","name":"Tignale Oldesio","variables":["CDD","DVENTO","ET0","GDD","HDD","PREC","PREC24","PREC48","RADSOL","TAPP","TDEW","TEMP","UMID","UWND","VPD","VVENTO","VWND"],"latest":{"CDD":0.0,"DVENTO":"218","ET0":3.0,"GDD":7.9,"HDD":0.7,"PREC":"0.00","PREC24":0.0,"PREC48":0.0,"RADSOL":"721","TAPP":18.6,"TDEW":10.9,"TEMP":"20.80","UMID":"53","UWND":2.22,"VPD":1.155,"VVENTO":"3.60","VWND":2.84},"latest_time":"2026-09-26T13:40","series":"series/1378.csv"}},{"type":"Feature","geometry":{"type":"Point","coordinates":[10.61740677,45.72996009]},"properties":{"scode":"1379","name":"Gargnano","variables":["CDD","DVENTO","ET0","GDD","HDD","PREC","PREC24","PREC48","RADSOL","TAPP","TDEW","TEMP","UMID","UWND","VPD","VVENTO","VWND"],"latest":{"CDD":0.0,"DVENTO":"161","ET0":2.64,"GDD":4.3,"HDD":5.0,"PREC":"0.00","PREC24":0.0,"PREC48":0.0,"RADSOL":"674","TAPP":16.1,"TDEW":11.0,"TEMP":"17.90","UMID":"64","UWND":-1.01,"VPD":0.738,"VVENTO":"3.10","VWND":2.93},"latest_time":"2026-09-26T13:40","series":"series/1379.csv"}},{"type":"Feature","geometry":{"type":"Point","coordinates":[8.98833547,45.70496503]},"properties":{"scode":"1233","name":"Lurago Marinone","variables":["CDD","DVENTO","ET0","GDD","HDD","PREC","PREC24","PREC48","TEMP","UWND","VVENTO","VWND"],"latest":{"CDD":0.0,"DVENTO":"91","ET0":2.01,"GDD":8.8,"HDD":0.4,"PREC":"0.00","PREC24":0.0,"PREC48":0.0,"TEMP":"21.80","UWND":-2.4,"VVENTO":"2.40","VWND":0.04},"latest_time":"2026-09-26T13:40","series":"series/1233.csv"}},{"type":"Feature","geometry":{"type":"Point","coordinates":[8.76881513,46.07182708]},"properties":{"scode":"1382","name":"Veddasca Monte Cadrigna","variables":["CDD","DVENTO","ET0","GDD","HDD","LIVNEVE","PREC","PREC24","PREC48","RADSOL","TAPP","TDEW","TEMP","UMID","UWND","VPD","VVENTO","VWND"],"latest":{"CDD":0.0,"DVENTO":"175","ET0":1.77,"GDD":1.4,"HDD":7.2,"LIVNEVE":"13","PREC":"0.00","PREC24":0.0,"PREC48":0.0,"RADSOL":"494","TAPP":9.8,"TDEW":9.9,"TEMP":"12.70","UMID":"83","UWND":-0.36,"VPD":0.25,"VVENTO":"4.10","VWND":4.08},"latest_time":"2026-09-26T13:40","series":"series/1382.csv"}},{"type":"Feature","geometry":{"type":"Point","coordinates":[10.1870962,45.66779897]},"properties":{"scode":"1383","name":"Sarezzo v.della Fonte","variables":["CDD","DVENTO","ET0","GDD","HDD","PREC","PREC24","PREC48","TAPP","TDEW","TEMP","UMID","UWND","VPD","VVENTO","VWND"],"latest":{"CDD":0.0,"DVENTO":"93","ET0":2.41,"GDD":8.1,"HDD":1.5,"PREC":"0.00","PREC24":0.0,"PREC48":0.0,"TAPP":21.4,"TDEW":10.6,"TEMP":"22.50","UMID":"47","UWND":-1.9,"VPD":1.445,"VVENTO":"1.90","VWND":0.1},"latest_time":"2026-09-26T13:40","series":"series/1383.csv"}},{"type":"Feature","geometry":{"type":"Point","coordinates":[9.33920315,46.29151911]},"properties":{"scode":"1420","name":"Gordona","variables":["CDD","DVENTO","ET0","GDD","HDD","LIVNEVE","PREC","PREC24","PREC48","RADSOL","TAPP","TDEW","TEMP","UMID","UWND","VPD","VVENTO","VWND"],"latest":{"CDD":0.0,"DVENTO":"11","ET0":1.15,"GDD":0.8,"HDD":7.5,"LIVNEVE":"4","PREC":"0.00","PREC24":0.0,"PREC48":0.0,"RADSOL":"214","TAPP":12.3,"TDEW":11.3,"TEMP":"12.40","UMID":"93","UWND":-0.15,"VPD":0.101,"VVENTO":"0.80","VWND":-0.79},"latest_time":"2026-09-26T13:20","series":"series/1420.csv"}},{"type":"Feature","geometry":{"type":"Point","coordinates":[9.19499417,44.91250111]},"properties":{"scode":"856","name":"Fortunago","variables":["CDD","DVENTO","ET0","GDD","HDD","PREC","PREC24","PREC48","RADSOL","TAPP","TDEW","TEMP","UMID","UWND","VPD","VVENTO","VWND"],"latest":{"CDD":0.0,"DVENTO":"9","ET0":3.05,"GDD":7.1,"HDD":1.7,"PREC":"0.00","PREC24":0.0,"PREC48":0.0,"RADSOL":"738","TAPP":19.1,"TDEW":8.7,"TEMP":"21.10","UMID":"45","UWND":-0.33,"VPD":1.376,"VVENTO":"2.10","VWND":-2.07},"latest_time":"2026-09-26T13:40","series":"series/856.csv"}},{"type":"Feature","geometry":{"type":"Point","coordinates":[9.2383327,46.0719452]},"properties":{"scode":"1545","name":"San Siro Alpe Rescascìa","variables":["CDD","DVENTO","ET0","GDD","HDD","LIVNEVE","PREC","PREC24","PREC48","RADSOL","TAPP","TDEW","TEMP","UMID","UWND","VPD","VVENTO","VWND"],"latest":{"CDD":0.0,"DVENTO":"215","ET0":1.48,"GDD":1.8,"HDD":7.2,"LIVNEVE":"4","PREC":"0.00","PREC24":0.0,"PREC48":0.0,"RADSOL":"643","TAPP":12.4,"TDEW":10.4,"TEMP":"13.80","UMID":"80","UWND":1.26,"VPD":0.316,"VVENTO":"2.20","VWND":1.8},"latest_time":"2026-09-26T13:40","series":"series/1545.csv"}},{"type":"Feature","geometry":{"type":"Point","coordinates":[9.21663743,44.6837785]},"properties":{"scode":"857","name":"Santa Margherita di Staffora Passo del Giovà","variables":["CDD","DVENTO","ET0","GDD","HDD","LIVNEVE","PREC","PREC24","PREC48","RADSOL","TAPP","TDEW","TEMP","UMID","UWND","VPD","VVENTO","VWND"],"latest":{"CDD":0.0,"DVENTO":"186","ET0":2.6,"GDD":2.1,"HDD":7.5,"LIVNEVE":"0","PREC":"0.00","PREC24":0.0,"PREC48":0.0,"RADSOL":"727","TAPP":13.5,"TDEW":9.9,"TEMP":"15.80","UMID":"66","UWND":0.31,"VPD":0.574,"VVENTO":"3.00","VWND":2.98},"latest_time":"2026-09-26T13:40","series":"series/857.csv"}},{"type":"Feature","geometry":{"type":"Point","coordinates":[9.09161108,45.51728804]},"properties":{"scode":"1547","name":"Rho Scalo Fiorenza - Tetto","variables":["DVENTO","UWND","VVENTO","VWND"],"latest":{"DVENTO":"124","UWND":-1.58,"VVENTO":"1.90","VWND":1.06},"latest_time":"2026-09-26T13:40","series":"series/1547.csv"}},{"type":"Feature","geometry":{"type":"Point","coordinates":[9.68248866,45.47736192]},"properties":{"scode":"1553","name":"Mozzanica v.Donizetti","variables":["CDD","DVENTO","ET0","GDD","HDD","PREC","PREC24","PREC48","TAPP","TDEW","TEMP","UMID","UWND","VPD","VVENTO","VWND"],"latest":{"CDD":0.0,"DVENTO":"148","ET0":2.32,"GDD":9.5,"HDD":0.0,"PREC":"0.00","PREC24":0.0,"PREC48":0.0,"TAPP":22.2,"TDEW":9.4,"TEMP":"23.40","UMID":"41","UWND":-0.85,"VPD":1.698,"VVENTO":"1.60","VWND":1.36},"latest_time":"2026-09-26T13:40","series":"series/1553.csv"}},{"type":"Feature","geometry":{"type":"Point","coordinates":[10.49466533,46.41214997]},"properties":{"scode":"14","name":"Valfurva S. Caterina","variables":["CDD","DVENTO","ET0","GDD","HDD","LIVNEVE","PREC","PREC24","PREC48","TEMP","UWND","VVENTO","VWND"],"latest":{"CDD":0.0,"DVENTO":"291","ET0":2.22,"GDD":0.0,"HDD":12.8,"LIVNEVE":"2","PREC":"0.00","PREC24":0.0,"PREC48":0.0,"TEMP":"16.66","UWND":2.98,"VVENTO":"3.19","VWND":-1.14},"latest_time":"2026-09-26T13:30","series":"series/14.csv"}},{"type":"Feature","geometry":{"type":"Point","coordinates":[9.22386082,45.04448039]},"properties":{"scode":"1862","name":"Broni","variables":["CDD","DVENTO","ET0","GDD","HDD","PREC","PREC24","PREC48","RADSOL","TAPP","TDEW","TEMP","UMID","UWND","VPD","VVENTO","VWND"],"latest":{"CDD":0.0,"DVENTO":"58","ET0":2.53,"GDD":8.4,"HDD":1.3,"PREC":"0.00","PREC24":0.0,"PREC48":0.0,"RADSOL":"682","TAPP":21.4,"TDEW":8.1,"TEMP":"24.60","UMID":"35","UWND":-3.39,"VPD":2.011,"VVENTO":"4.00","VWND":-2.12},"latest_time":"2026-09-26T13:40","series":"series/1862.csv"}},{"type":"Feature","geometry":{"type":"Point","coordinates":[10.05422004,45.6963302]},"properties":{"scode":"1871","name":"Tavernola Bergamasca Gallinarga","variables":["CDD","DVENTO","ET0","GDD","HDD","PREC","PREC24","PREC48","TAPP","TDEW","TEMP","UMID","UWND","VPD","VVENTO","VWND"],"latest":{"CDD":0.0,"DVENTO":"155","ET0":1.92,"GDD":9.1,"HDD":0.0,"PREC":"0.00","PREC24":0.0,"PREC48":0.0,"TAPP":19.3,"TDEW":9.7,"TEMP":"21.80","UMID":"46","UWND":-1.48,"VPD":1.41,"VVENTO":"3.50","VWND":3.17},"latest_time":"2026-09-26T13:40","series":"series/1871.csv"}},{"type":"Feature","geometry":{"type":"Point","coordinates":[9.86305936,46.02444861]},"properties":{"scode":"58","name":"Carona Lago Fregabolgia","variables":["CDD","DVENTO","ET0","GDD","HDD","LIVNEVE","PREC","PREC24","PREC48","RADSOL","TAPP","TDEW","TEMP","UMID","UWND","VPD","VVENTO","VWND"],"latest":{"CDD":0.0,"DVENTO":"286","ET0":2.13,"GDD":0.0,"HDD":10.9,"LIVNEVE":"3","PREC":"0.00","PREC24":0.0,"PREC48":0.0,"RADSOL":"746","TAPP":8.7,"TDEW":6.6,"TEMP":"10.90","UMID":"70","UWND":2.11,"VPD":0.326,"VVENTO":"2.20","VWND":-0.61},"latest_time":"2026-09-26T13:40","series":"series/58.csv"}},{"type":"Feature","geometry":{"type":"Point","coordinates":[8.88970564,45.39465495]},"properties":{"scode":"1873","name":"Abbiategrasso Strada Casalina","variables":["DVENTO","RADSOL","UWND","VVENTO","VWND"],"latest":{"DVENTO":"114","RADSOL":"674","UWND":-2.38,"VVENTO":"2.60","VWND":1.06},"latest_time":"2026-09-26T13:40","series":"series/1873.csv"}},{"type":"Feature","geometry":{"type":"Point","coordinates":[9.14666412,45.18062204]},"properties":{"scode":"817","name":"Pavia SS 35","variables":["CDD","DVENTO","ET0","GDD","HDD","LIVIDRO","PREC","PREC24","PREC48","RADSOL","TEMP","UWND","VVENTO","VWND"],"latest":{"CDD":0.0,"DVENTO":"90","ET0":2.26,"GDD":8.9,"HDD":0.7,"LIVIDRO":"-377","PREC":"0.00","PREC24":0.0,"PREC48":0.0,"RADSOL":"681","TEMP":"22.70","UWND":-3.6,"VVENTO":"3.60","VWND":-0.0},"latest_time":"2026-09-26T13:40","series":"series/817.csv","zero_idro":57.533}},{"type":"Feature","geometry":{"type":"Point","coordinates":[9.51204364,46.33199472]},"properties":{"scode":"60","name":"Villa di Chiavenna","variables":["CDD","DVENTO","ET0","GDD","HDD","PREC","PREC24","PREC48","TAPP","TDEW","TEMP","UMID","UWND","VPD","VVENTO","VWND"],"latest":{"CDD":0.0,"DVENTO":"265","ET0":2.2,"GDD":4.9,"HDD":4.6,"PREC":"0.00","PREC24":0.0,"PREC48":0.0,"TAPP":17.5,"TDEW":12.5,"TEMP":"19.80","UMID":"62","UWND":4.28,"VPD":0.855,"VVENTO":"4.30","VWND":0.37},"latest_time":"2026-09-26T13:40","series":"series/60.csv"}},{"type":"Feature","geometry":{"type":"Point","coordinates":[9.23905083,44.76803261]},"properties":{"scode":"858","name":"Santa Margherita di Staffora Casanova","variables":["CDD","DVENTO","ET0","GDD","HDD","PREC","PREC24","PREC48","TEMP","UWND","VVENTO","VWND"],"latest":{"CDD":0.0,"DVENTO":"5","ET0":2.32,"GDD":6.5,"HDD":3.2,"PREC":"0.00","PREC24":0.0,"PREC48":0.0,"TEMP":"21.00","UWND":-0.1,"VVENTO":"1.20","VWND":-1.2},"latest_time":"2026-09-26T13:40","series":"series/858.csv"}},{"type":"Feature","geometry":{"type":"Point","coordinates":[9.58163635,46.22931619]},"properties":{"scode":"1889","name":"Val Masino Merdarola","variables":["CDD","DVENTO","ET0","GDD","HDD","LIVNEVE","PREC","PREC24","PREC48","RADSOL","TEMP","UWND","VVENTO","VWND"],"latest":{"CDD":0.0,"DVENTO":"92","ET0":1.79,"GDD":0.0,"HDD":7.3,"LIVNEVE":"0","PREC":"0.00","PREC24":0.0,"PREC48":0.0,"RADSOL":"723","TEMP":"12.00","UWND":-1.2,"VVENTO":"1.20","VWND":0.04},"latest_time":"2026-09-26T13:40","series":"series/1889.csv"}},{"type":"Feature","geometry":{"type":"Point","coordinates":[8.74272325,46.00414283]},"properties":{"scode":"859","name":"Luino v. Piero Chiara","variables":["CDD","DVENTO","ET0","GDD","HDD","LIVIDRO","PREC","PREC24","PREC48","TEMP","UWND","VVENTO","VWND"],"latest":{"CDD":0.0,"DVENTO":"243","ET0":1.63,"GDD":9.1,"HDD":0.0,"LIVIDRO":"-40","PREC":"0.00","PREC24":0.0,"PREC48":0.0,"TEMP":"21.00","UWND":2.41,"VVENTO":"2.70","VWND":1.23},"latest_time":"2026-09-26T13:40","series":"series/859.csv","zero_idro":193.123}},{"type":"Feature","geometry":{"type":"Point","coordinates":[9.93059842,45.15047339]},"properties":{"scode":"1297","name":"Spinadesco v.Battisti","variables":["CDD","DVENTO","ET0","GDD","HDD","PREC","PREC24","PREC48","TAPP","TDEW","TEMP","UMID","UWND","VPD","VVENTO","VWND"],"latest":{"CDD":0.0,"DVENTO":"71","ET0":2.74,"GDD":8.0,"HDD":2.4,"PREC":"0.00","PREC24":0.0,"PREC48":0.0,"TAPP":23.6,"TDEW":11.2,"TEMP":"24.24","UMID":"44","UWND":-1.72,"VPD":1.695,"VVENTO":"1.82","VWND":-0.59},"latest_time":"2026-09-26T14:00","series":"series/1297.csv"}},{"type":"Feature","geometry":{"type":"Point","coordinates":[10.06924181,45.10954275]},"properties":{"scode":"1303","name":"Cremona v.Gerre Borghi","variables":["CDD","DVENTO","ET0","GDD","HDD","PREC","PREC24","PREC48","RADSOL","TAPP","TDEW","TEMP","UMID","UWND","VPD","VVENTO","VWND"],"latest":{"CDD":0.0,"DVENTO":"96","ET0":2.14,"GDD":7.7,"HDD":1.9,"PREC":"0.00","PREC24":0.0,"PREC48":0.0,"RADSOL":"631","TAPP":22.8,"TDEW":8.0,"TEMP":"24.01","UMID":"36","UWND":-1.04,"VPD":1.911,"VVENTO":"1.05","VWND":0.11},"latest_time":"2026-09-26T13:50","series":"series/1303.csv"}},{"type":"Feature","geometry":{"type":"Point","coordinates":[9.46596925,45.8009939]},"properties":{"scode":"1514","name":"Carenno centro sportivo","variables":["CDD","DVENTO","ET0","GDD","HDD","PREC","PREC24","PREC48","TAPP","TDEW","TEMP","UMID","UWND","VPD","VVENTO","VWND"],"latest":{"CDD":0.0,"DVENTO":"192","ET0":2.05,"GDD":6.9,"HDD":2.6,"PREC":"0.00","PREC24":0.0,"PREC48":0.0,"TAPP":19.7,"TDEW":10.3,"TEMP":"20.51","UMID":"52","UWND":0.27,"VPD":1.158,"VVENTO":"1.30","VWND":1.27},"latest_time":"2026-09-26T13:50","series":"series/1514.csv"}},{"type":"Feature","geometry":{"type":"Point","coordinates":[9.419878,46.0519]},"properties":{"scode":"1551","name":"Premana v.Luciani papa","variables":["CDD","DVENTO","ET0","GDD","HDD","PREC","PREC24","PREC48","TAPP","TDEW","TEMP","UMID","UWND","VPD","VVENTO","VWND"],"latest":{"CDD":0.0,"DVENTO":"238","ET0":1.44,"GDD":4.8,"HDD":4.3,"PREC":"-999","PREC24":-4995.0,"PREC48":-7992.0,"TAPP":15.8,"TDEW":9.0,"TEMP":"16.86","UMID":"60","UWND":1.05,"VPD":0.768,"VVENTO":"1.24","VWND":0.66},"latest_time":"2026-09-26T14:00","series":"series/1551.csv"}},{"type":"Feature","geometry":{"type":"Point","coordinates":[10.50612,45.518286]},"properties":{"scode":"1560","name":"Padenghe sul Garda v.Fondrini","variables":["CDD","DVENTO","ET0","GDD","HDD","PREC","PREC24","PREC48","TAPP","TDEW","TEMP","UMID","UWND","VPD","VVENTO","VWND"],"latest":{"CDD":0.0,"DVENTO":"85","ET0":2.86,"GDD":8.6,"HDD":0.6,"PREC":"-999","PREC24":-4995.0,"PREC48":-7992.0,"TAPP":24.4,"TDEW":11.5,"TEMP":"24.59","UMID":"44","UWND":-0.93,"VPD":1.731,"VVENTO":"1.23","VWND":-0.81},"latest_time":"2026-09-26T13:50","series":"series/1560.csv"}},{"type":"Feature","geometry":{"type":"Point","coordinates":[9.58432198,46.13664246]},"properties":{"scode":"1651","name":"Morbegno eliporto","variables":["CDD","DVENTO","ET0","GDD","HDD","PREC","PREC24","PREC48","RADSOL","TAPP","TDEW","TEMP","UMID","UWND","VPD","VVENTO","VWND"],"latest":{"CDD":0.0,"DVENTO":"257","ET0":2.56,"GDD":9.4,"HDD":0.0,"PREC":"-999","PREC24":-4995.0,"PREC48":-7992.0,"RADSOL":"655","TAPP":21.2,"TDEW":12.7,"TEMP":"22.82","UMID":"53","UWND":3.38,"VPD":1.306,"VVENTO":"3.47","VWND":0.78},"latest_time":"2026-09-26T13:50","series":"series/1651.csv"}},{"type":"Feature","geometry":{"type":"Point","coordinates":[10.36603171,46.45370081]},"properties":{"scode":"1650","name":"Bormio eliporto","variables":["CDD","DVENTO","ET0","GDD","HDD","PREC","PREC24","PREC48","RADSOL","TAPP","TDEW","TEMP","UMID","UWND","VPD","VVENTO","VWND"],"latest":{"CDD":0.0,"DVENTO":"235","ET0":2.28,"GDD":0.0,"HDD":10.5,"PREC":"-999","PREC24":-4995.0,"PREC48":-7992.0,"RADSOL":"690","TAPP":11.7,"TDEW":7.9,"TEMP":"16.78","UMID":"56","UWND":5.33,"VPD":0.841,"VVENTO":"6.51","VWND":3.73},"latest_time":"2026-09-26T13:50","series":"series/1650.csv"}},{"type":"Feature","geometry":{"type":"Point","coordinates":[10.18226719,46.2181778]},"properties":{"scode":"1652","name":"Tirano eliporto","variables":["CDD","DVENTO","ET0","GDD","HDD","PREC","PREC24","PREC48","RADSOL","TAPP","TDEW","TEMP","UMID","UWND","VPD","VVENTO","VWND"],"latest":{"CDD":0.0,"DVENTO":"285","ET0":3.06,"GDD":7.5,"HDD":2.8,"PREC":"-999","PREC24":-4995.0,"PREC48":-7991.8,"RADSOL":"688","TAPP":22.1,"TDEW":11.2,"TEMP":"23.09","UMID":"47","UWND":1.86,"VPD":1.497,"VVENTO":"1.93","VWND":-0.5},"latest_time":"2026-09-26T13:50","series":"series/1652.csv"}},{"type":"Feature","geometry":{"type":"Point","coordinates":[9.177773,45.684884]},"properties":{"scode":"1657","name":"Mariano Comense campo sportivo","variables":["CDD","DVENTO","ET0","GDD","HDD","PREC","PREC24","PREC48","RADSOL","TAPP","TDEW","TEMP","UMID","UWND","VPD","VVENTO","VWND"],"latest":{"CDD":0.0,"DVENTO":"202","ET0":2.83,"GDD":9.6,"HDD":0.0,"PREC":"-999","PREC24":-4995.0,"PREC48":-7992.0,"RADSOL":"775","TAPP":21.4,"TDEW":7.5,"TEMP":"22.58","UMID":"38","UWND":0.32,"VPD":1.698,"VVENTO":"0.86","VWND":0.8},"latest_time":"2026-09-26T13:50","series":"series/1657.csv"}},{"type":"Feature","geometry":{"type":"Point","coordinates":[9.801841,45.594162]},"properties":{"scode":"1658","name":"Mornico al Serio torre faro","variables":["DVENTO","UWND","VVENTO","VWND"],"latest":{"DVENTO":"103","UWND":-1.06,"VVENTO":"1.09","VWND":0.25},"latest_time":"2026-09-26T13:50","series":"series/1658.csv"}},{"type":"Feature","geometry":{"type":"Point","coordinates":[10.17540709,45.75389593]},"properties":{"scode":"1890","name":"Tavernole sul Mella Monte Guglielmo","variables":["CDD","DVENTO","ET0","GDD","HDD","LIVNEVE","PREC","PREC24","PREC48","RADSOL","TAPP","TDEW","TEMP","UMID","UWND","VPD","VVENTO","VWND"],"latest":{"CDD":0.0,"DVENTO":"146","ET0":1.6,"GDD":0.0,"HDD":10.7,"LIVNEVE":"0","PREC":"0.00","PREC24":0.0,"PREC48":0.0,"RADSOL":"843","TAPP":7.7,"TDEW":8.3,"TEMP":"9.90","UMID":"90","UWND":-1.45,"VPD":0.122,"VVENTO":"2.60","VWND":2.16},"latest_time":"2026-09-26T13:20","series":"series/1890.csv"}},{"type":"Feature","geometry":{"type":"Point","coordinates":[10.887137,45.18849864]},"properties":{"scode":"214","name":"Bigarello","variables":["CDD","DVENTO","ET0","GDD","HDD","PREC","PREC24","PREC48","RADSOL","TAPP","TDEW","TEMP","UMID","UWND","VPD","VVENTO","VWND"],"latest":{"CDD":0.0,"DVENTO":"125","ET0":2.28,"GDD":6.6,"HDD":3.6,"PREC":"0.00","PREC24":0.0,"PREC48":0.0,"RADSOL":"742","TAPP":22.1,"TDEW":10.3,"TEMP":"22.50","UMID":"46","UWND":-0.66,"VPD":1.472,"VVENTO":"0.80","VWND":0.46},"latest_time":"2026-09-26T13:40","series":"series/214.csv"}},{"type":"Feature","geometry":{"type":"Point","coordinates":[10.62758311,45.77409061]},"properties":{"scode":"1955","name":"Magasa Malga Corva","variables":["CDD","DVENTO","ET0","GDD","HDD","LIVNEVE","PREC","PREC24","PREC48","TAPP","TDEW","TEMP","UMID","UWND","VPD","VVENTO","VWND"],"latest":{"CDD":0.0,"DVENTO":"217","ET0":1.44,"GDD":1.1,"HDD":7.7,"LIVNEVE":"0","PREC":"0.00","PREC24":0.0,"PREC48":0.2,"TAPP":13.3,"TDEW":9.8,"TEMP":"13.60","UMID":"78","UWND":0.3,"VPD":0.343,"VVENTO":"0.50","VWND":0.4},"latest_time":"2026-09-26T13:40","series":"series/1955.csv"}},{"type":"Feature","geometry":{"type":"Point","coordinates":[10.4003,46.43833]},"properties":{"scode":"1090","name":"Valdisotto Bormio 2000","variables":["CDD","DVENTO","ET0","GDD","HDD","LIVNEVE","PREC","PREC24","PREC48","RADSOL","TEMP","UWND","VVENTO","VWND"],"latest":{"CDD":0.0,"DVENTO":"268","ET0":1.62,"GDD":0.6,"HDD":8.6,"LIVNEVE":"-25","PREC":"0.00","PREC24":0.0,"PREC48":0.0,"RADSOL":"734","TEMP":"14.00","UWND":2.0,"VVENTO":"2.00","VWND":0.07},"latest_time":"2026-09-26T13:50","series":"series/1090.csv"}},{"type":"Feature","geometry":{"type":"Point","coordinates":[10.14345828,46.53567919]},"properties":{"scode":"1091","name":"Livigno Mottolino","variables":["CDD","DVENTO","ET0","GDD","HDD","LIVNEVE","PREC","PREC24","PREC48","RADSOL","TEMP","UWND","VVENTO","VWND"],"latest":{"CDD":0.0,"DVENTO":"1","ET0":2.27,"GDD":0.3,"HDD":11.6,"LIVNEVE":"5","PREC":"0.00","PREC24":0.0,"PREC48":0.0,"RADSOL":"680","TEMP":"18.90","UWND":-0.03,"VVENTO":"2.00","VWND":-2.0},"latest_time":"2026-09-26T13:50","series":"series/1091.csv"}},{"type":"Feature","geometry":{"type":"Point","coordinates":[9.93587297,45.74415628]},"properties":{"scode":"1974","name":"Grone San Fermo","variables":["CDD","DVENTO","ET0","GDD","HDD","PREC","PREC24","PREC48","RADSOL","TAPP","TDEW","TEMP","UMID","UWND","VPD","VVENTO","VWND"],"latest":{"CDD":0.0,"DVENTO":"155","ET0":1.96,"GDD":1.2,"HDD":7.4,"PREC":"0.00","PREC24":0.0,"PREC48":0.0,"RADSOL":"747","TAPP":11.5,"TDEW":9.6,"TEMP":"13.20","UMID":"79","UWND":-1.01,"VPD":0.319,"VVENTO":"2.40","VWND":2.18},"latest_time":"2026-09-26T13:40","series":"series/1974.csv"}},{"type":"Feature","geometry":{"type":"Point","coordinates":[9.524593,45.85349]},"properties":{"scode":"1604","name":"Fuipiano Valle Imagna Pagafone","variables":["CDD","DVENTO","ET0","GDD","HDD","PREC","PREC24","PREC48","TAPP","TDEW","TEMP","UMID","UWND","VPD","VVENTO","VWND"],"latest":{"CDD":0.0,"DVENTO":"118","ET0":1.51,"GDD":3.3,"HDD":5.8,"PREC":"0.00","PREC24":0.0,"PREC48":0.0,"TAPP":14.4,"TDEW":10.0,"TEMP":"15.70","UMID":"69","UWND":-1.68,"VPD":0.553,"VVENTO":"1.90","VWND":0.89},"latest_time":"2026-09-26T13:40","series":"series/1604.csv"}},{"type":"Feature","geometry":{"type":"Point","coordinates":[9.95688896,45.66594103]},"properties":{"scode":"874","name":"Sarnico v. Roma","variables":["CDD","DVENTO","ET0","GDD","HDD","LIVIDRO","PREC","PREC24","PREC48","RADSOL","TEMP","UWND","VVENTO","VWND"],"latest":{"CDD":0.0,"DVENTO":"254","ET0":1.97,"GDD":9.2,"HDD":0.0,"LIVIDRO":"69","PREC":"0.00","PREC24":0.0,"PREC48":0.0,"RADSOL":"639","TEMP":"21.80","UWND":0.48,"VVENTO":"0.50","VWND":0.14},"latest_time":"2026-09-26T13:40","series":"series/874.csv","zero_idro":185.132}},{"type":"Feature","geometry":{"type":"Point","coordinates":[10.041578,45.98117244]},"properties":{"scode":"1680","name":"Vilminore di Scalve Presolana","variables":["CDD","DVENTO","ET0","GDD","HDD","LIVNEVE","PREC","PREC24","PREC48","RADSOL","TAPP","TDEW","TEMP","UMID","UWND","VPD","VVENTO","VWND"],"latest":{"CDD":0.0,"DVENTO":"48","ET0":2.25,"GDD":0.0,"HDD":10.6,"LIVNEVE":"4","PREC":"0.00","PREC24":0.0,"PREC48":0.0,"RADSOL":"748","TAPP":11.1,"TDEW":8.5,"TEMP":"12.40","UMID":"77","UWND":-1.04,"VPD":0.331,"VVENTO":"1.40","VWND":-0.94},"latest_time":"2026-09-26T13:40","series":"series/1680.csv"}},{"type":"Feature","geometry":{"type":"Point","coordinates":[11.28993625,45.01536422]},"properties":{"scode":"816","name":"Sermide e Felonica SP 91","variables":["CDD","DVENTO","ET0","GDD","HDD","LIVIDRO","PREC","PREC24","PREC48","RADSOL","TEMP","UWND","VVENTO","VWND"],"latest":{"CDD":0.0,"DVENTO":"201","ET0":2.36,"GDD":7.9,"HDD":1.8,"LIVIDRO":"68","PREC":"0.00","PREC24":0.0,"PREC48":0.0,"RADSOL":"661","TEMP":"22.30","UWND":0.11,"VVENTO":"0.30","VWND":0.28},"latest_time":"2026-09-26T13:40","series":"series/816.csv","zero_idro":5.575}},{"type":"Feature","geometry":{"type":"Point","coordinates":[9.870887,46.249872]},"properties":{"scode":"35","name":"Caspoggio Piazzo Cavalli","variables":["CDD","DVENTO","ET0","GDD","HDD","LIVNEVE","PREC","PREC24","PREC48","TAPP","TDEW","TEMP","UMID","UWND","VPD","VVENTO","VWND"],"latest":{"CDD":0.0,"DVENTO":"257","ET0":1.59,"GDD":0.0,"HDD":9.1,"LIVNEVE":"2","PREC":"0.00","PREC24":0.0,"PREC48":-1998.0,"TAPP":11.7,"TDEW":9.7,"TEMP":"12.90","UMID":"83","UWND":1.66,"VPD":0.283,"VVENTO":"1.70","VWND":0.38},"latest_time":"2026-09-26T13:20","series":"series/35.csv"}},{"type":"Feature","geometry":{"type":"Point","coordinates":[10.35398908,46.38438486]},"properties":{"scode":"61","name":"Valdisotto Arginone","variables":["CDD","DVENTO","ET0","GDD","HDD","LIVNEVE","PREC","PREC24","PREC48","RADSOL","TAPP","TDEW","TEMP","UMID","UWND","VPD","VVENTO","VWND"],"latest":{"CDD":0.0,"DVENTO":"173","ET0":1.84,"GDD":0.9,"HDD":10.1,"LIVNEVE":"9","PREC":"0.00","PREC24":0.0,"PREC48":0.0,"RADSOL":"777","TAPP":13.5,"TDEW":6.6,"TEMP":"17.78","UMID":"48","UWND":-0.6,"VPD":1.059,"VVENTO":"4.94","VWND":4.9},"latest_time":"2026-09-26T13:00","series":"series/61.csv"}},{"type":"Feature","geometry":{"type":"Point","coordinates":[10.31683275,46.51444775]},"properties":{"scode":"13","name":"Valdidentro Cancano","variables":["CDD","DVENTO","ET0","GDD","HDD","LIVNEVE","PREC","PREC24","PREC48","TAPP","TDEW","TEMP","UMID","UWND","VPD","VVENTO","VWND"],"latest":{"CDD":0.0,"DVENTO":"264","ET0":2.11,"GDD":1.4,"HDD":9.7,"LIVNEVE":"-999","PREC":"0.00","PREC24":0.0,"PREC48":0.0,"TAPP":14.1,"TDEW":1.5,"TEMP":"17.56","UMID":"34","UWND":2.48,"VPD":1.325,"VVENTO":"2.49","VWND":0.26},"latest_time":"2026-09-26T13:00","series":"series/13.csv"}},{"type":"Feature","geometry":{"type":"Point","coordinates":[10.55541386,46.42078875]},"properties":{"scode":"16","name":"Valfurva Ghiacciaio dei Forni","variables":["CDD","DVENTO","ET0","GDD","HDD","LIVNEVE","PREC","PREC24","PREC48","RADSOL","TAPP","TDEW","TEMP","UMID","UWND","VPD","VVENTO","VWND"],"latest":{"CDD":0.0,"DVENTO":"245","ET0":2.57,"GDD":0.0,"HDD":10.1,"LIVNEVE":"-999","PREC":"0.00","PREC24":0.0,"PREC48":0.0,"RADSOL":"706","TAPP":10.9,"TDEW":0.1,"TEMP":"14.60","UMID":"38","UWND":2.27,"VPD":1.047,"VVENTO":"2.50","VWND":1.06},"latest_time":"2026-09-26T13:20","series":"series/16.csv"}},{"type":"Feature","geometry":{"type":"Point","coordinates":[9.2575154,45.49677982]},"properties":{"scode":"100","name":"Milano Lambrate","variables":["CDD","DVENTO","ET0","GDD","HDD","PREC","PREC24","PREC48","RADSOL","TAPP","TDEW","TEMP","UMID","UWND","VPD","VVENTO","VWND"],"latest":{"CDD":0.0,"DVENTO":"143","ET0":2.35,"GDD":9.9,"HDD":0.0,"PREC":"0.00","PREC24":0.0,"PREC48":0.0,"RADSOL":"694","TAPP":21.3,"TDEW":10.5,"TEMP":"22.40","UMID":"47","UWND":-1.08,"VPD":1.436,"VVENTO":"1.80","VWND":1.44},"latest_time":"2026-09-26T12:50","series":"series/100.csv"}},{"type":"Feature","geometry":{"type":"Point","coordinates":[9.48899684,45.17191896]},"properties":{"scode":"102","name":"San Colombano al Lambro","variables":["CDD","DVENTO","ET0","GDD","HDD","PREC","PREC24","PREC48","RADSOL","TAPP","TDEW","TEMP","UMID","UWND","VPD","VVENTO","VWND"],"latest":{"CDD":0.0,"DVENTO":"70","ET0":3.5,"GDD":8.6,"HDD":1.0,"PREC":"0.00","PREC24":0.0,"PREC48":0.0,"RADSOL":"716","TAPP":20.8,"TDEW":7.4,"TEMP":"23.30","UMID":"36","UWND":-2.54,"VPD":1.831,"VVENTO":"2.30","VWND":-0.92},"latest_time":"2026-09-26T13:40","series":"series/102.csv"}},{"type":"Feature","geometry":{"type":"Point","coordinates":[9.17949163,44.80739989]},"properties":{"scode":"106","name":"Varzi Nivione","variables":["CDD","DVENTO","ET0","GDD","HDD","PREC","PREC24","PREC48","RADSOL","TAPP","TDEW","TEMP","UMID","UWND","VPD","VVENTO","VWND"],"latest":{"CDD":0.0,"DVENTO":"74","ET0":2.67,"GDD":7.9,"HDD":0.8,"PREC":"0.00","PREC24":0.0,"PREC48":0.0,"RADSOL":"707","TAPP":19.0,"TDEW":9.8,"TEMP":"21.90","UMID":"46","UWND":-3.94,"VPD":1.419,"VVENTO":"3.50","VWND":-1.13},"latest_time":"2026-09-26T13:40","series":"series/106.csv"}},{"type":"Feature","geometry":{"type":"Point","coordinates":[9.42666579,46.23610858]},"properties":{"scode":"108","name":"Samolaco v.Vignola","variables":["CDD","DVENTO","ET0","GDD","HDD","PREC","PREC24","PREC48","RADSOL","TAPP","TDEW","TEMP","UMID","UWND","VPD","VVENTO","VWND"],"latest":{"CDD":0.0,"DVENTO":"144","ET0":2.11,"GDD":7.5,"HDD":1.7,"PREC":"0.00","PREC24":0.0,"PREC48":0.0,"RADSOL":"672","TAPP":19.7,"TDEW":13.8,"TEMP":"21.90","UMID":"60","UWND":-2.82,"VPD":1.051,"VVENTO":"5.30","VWND":3.88},"latest_time":"2026-09-26T13:40","series":"series/108.csv"}},{"type":"Feature","geometry":{"type":"Point","coordinates":[10.75828107,44.96037167]},"properties":{"scode":"110","name":"Gonzaga Palidano","variables":["CDD","DVENTO","ET0","GDD","HDD","PREC","PREC24","PREC48","RADSOL","TAPP","TDEW","TEMP","UMID","UWND","VPD","VVENTO","VWND"],"latest":{"CDD":0.0,"DVENTO":"138","ET0":2.46,"GDD":6.1,"HDD":3.8,"PREC":"0.00","PREC24":0.0,"PREC48":0.0,"RADSOL":"780","TAPP":21.2,"TDEW":10.0,"TEMP":"22.90","UMID":"44","UWND":-1.67,"VPD":1.564,"VVENTO":"1.10","VWND":1.86},"latest_time":"2026-09-26T13:40","series":"series/110.csv"}},{"type":"Feature","geometry":{"type":"Point","coordinates":[9.49750222,45.91309369]},"properties":{"scode":"111","name":"Cassina Valsassina Moggio","variables":["CDD","DVENTO","ET0","GDD","HDD","PREC","PREC24","PREC48","RADSOL","TAPP","TDEW","TEMP","UMID","UWND","VPD","VVENTO","VWND"],"latest":{"CDD":0.0,"DVENTO":"237","ET0":1.4,"GDD":3.1,"HDD":6.8,"PREC":"0.00","PREC24":0.0,"PREC48":0.0,"RADSOL":"722","TAPP":15.6,"TDEW":10.6,"TEMP":"15.90","UMID":"71","UWND":0.67,"VPD":0.524,"VVENTO":"0.90","VWND":0.44},"latest_time":"2026-09-26T13:40","series":"series/111.csv"}},{"type":"Feature","geometry":{"type":"Point","coordinates":[9.26715311,45.32059361]},"properties":{"scode":"114","name":"Landriano Cascina Marianna","variables":["CDD","DVENTO","ET0","GDD","HDD","PREC","PREC24","PREC48","RADSOL","TAPP","TDEW","TEMP","UMID","UWND","VPD","VVENTO","VWND"],"latest":{"CDD":0.0,"DVENTO":"94","ET0":2.56,"GDD":8.7,"HDD":0.8,"PREC":"0.00","PREC24":0.0,"PREC48":0.0,"RADSOL":"668","TAPP":21.0,"TDEW":10.0,"TEMP":"22.90","UMID":"44","UWND":-2.79,"VPD":1.564,"VVENTO":"2.50","VWND":0.2},"latest_time":"2026-09-26T13:40","series":"series/114.csv"}},{"type":"Feature","geometry":{"type":"Point","coordinates":[10.34047351,46.1690708]},"properties":{"scode":"1075","name":"Edolo Centrale ENEL","variables":["DVENTO","RADSOL","UWND","VVENTO","VWND"],"latest":{"DVENTO":"121","RADSOL":"611","UWND":-3.51,"VVENTO":"4.00","VWND":2.11},"latest_time":"2026-09-26T13:40","series":"series/1075.csv"}},{"type":"Feature","geometry":{"type":"Point","coordinates":[9.30914481,45.70194614]},"properties":{"scode":"127","name":"Casatenovo tetto","variables":["DVENTO","PREC","PREC24","PREC48","RADSOL","UWND","VVENTO","VWND"],"latest":{"DVENTO":"131","PREC":"0.00","PREC24":0.0,"PREC48":0.0,"RADSOL":"686","UWND":-0.91,"VVENTO":"0.90","VWND":0.79},"latest_time":"2026-09-26T13:40","series":"series/127.csv"}},{"type":"Feature","geometry":{"type":"Point","coordinates":[9.52068901,45.44409052]},"properties":{"scode":"137","name":"Rivolta d'Adda Ist. Spallanzani","variables":["CDD","DVENTO","ET0","GDD","HDD","PREC","PREC24","PREC48","TAPP","TDEW","TEMP","UMID","UWND","VPD","VVENTO","VWND"],"latest":{"CDD":0.0,"DVENTO":"80","ET0":2.24,"GDD":8.9,"HDD":0.3,"PREC":"0.00","PREC24":0.0,"PREC48":0.0,"TAPP":21.1,"TDEW":10.4,"TEMP":"22.60","UMID":"46","UWND":-2.36,"VPD":1.481,"VVENTO":"1.40","VWND":-0.42},"latest_time":"2026-09-26T13:40","series":"series/137.csv"}},{"type":"Feature","geometry":{"type":"Point","coordinates":[10.3425026,46.02656354]},"properties":{"scode":"129","name":"Capo di Ponte v.Briscioli","variables":["CDD","DVENTO","ET0","GDD","HDD","PREC","PREC24","PREC48","RADSOL","TAPP","TDEW","TEMP","UMID","UWND","VPD","VVENTO","VWND"],"latest":{"CDD":0.0,"DVENTO":"194","ET0":1.8,"GDD":6.4,"HDD":4.0,"PREC":"0.00","PREC24":0.0,"PREC48":0.0,"RADSOL":"639","TAPP":21.8,"TDEW":12.7,"TEMP":"21.90","UMID":"56","UWND":0.34,"VPD":1.156,"VVENTO":"1.60","VWND":1.36},"latest_time":"2026-09-26T13:40","series":"series/129.csv"}},{"type":"Feature","geometry":{"type":"Point","coordinates":[9.65876847,45.66051928]},"properties":{"scode":"132","name":"Bergamo v.Stezzano","variables":["CDD","DVENTO","ET0","GDD","HDD","PREC","PREC24","PREC48","RADSOL","TAPP","TDEW","TEMP","UMID","UWND","VPD","VVENTO","VWND"],"latest":{"CDD":0.0,"DVENTO":"218","ET0":2.6,"GDD":9.1,"HDD":0.0,"PREC":"-999","PREC24":-1998.0,"PREC48":-1998.0,"RADSOL":"672","TAPP":21.1,"TDEW":12.4,"TEMP":"21.30","UMID":"57","UWND":0.86,"VPD":1.089,"VVENTO":"1.40","VWND":1.1},"latest_time":"2026-09-26T13:40","series":"series/132.csv"}},{"type":"Feature","geometry":{"type":"Point","coordinates":[9.5693423,46.10552765]},"properties":{"scode":"133","name":"Bema","variables":["CDD","DVENTO","ET0","GDD","HDD","PREC","PREC24","PREC48","RADSOL","TAPP","TDEW","TEMP","UMID","UWND","VPD","VVENTO","VWND"],"latest":{"CDD":0.0,"DVENTO":"63","ET0":1.87,"GDD":3.4,"HDD":5.0,"PREC":"0.00","PREC24":0.0,"PREC48":0.0,"RADSOL":"673","TAPP":13.6,"TDEW":11.5,"TEMP":"14.70","UMID":"81","UWND":-1.96,"VPD":0.318,"VVENTO":"2.20","VWND":-1.0},"latest_time":"2026-09-26T12:50","series":"series/133.csv"}},{"type":"Feature","geometry":{"type":"Point","coordinates":[10.03902737,45.43372847]},"properties":{"scode":"134","name":"Corzano Bargnano","variables":["CDD","DVENTO","ET0","GDD","HDD","PREC","PREC24","PREC48","RADSOL","TAPP","TDEW","TEMP","UMID","UWND","VPD","VVENTO","VWND"],"latest":{"CDD":0.0,"DVENTO":"193","ET0":2.91,"GDD":9.0,"HDD":0.0,"PREC":"0.00","PREC24":0.0,"PREC48":0.0,"RADSOL":"748","TAPP":21.8,"TDEW":9.8,"TEMP":"23.40","UMID":"42","UWND":0.49,"VPD":1.669,"VVENTO":"1.40","VWND":2.14},"latest_time":"2026-09-26T13:40","series":"series/134.csv"}},{"type":"Feature","geometry":{"type":"Point","coordinates":[9.31813681,45.84814356]},"properties":{"scode":"212","name":"Canzo","variables":["CDD","DVENTO","ET0","GDD","HDD","PREC","PREC24","PREC48","TAPP","TDEW","TEMP","UMID","UWND","VPD","VVENTO","VWND"],"latest":{"CDD":0.0,"DVENTO":"108","ET0":1.31,"GDD":1.5,"HDD":7.2,"PREC":"0.00","PREC24":0.0,"PREC48":0.0,"TAPP":11.7,"TDEW":9.2,"TEMP":"13.50","UMID":"75","UWND":-2.19,"VPD":0.387,"VVENTO":"2.60","VWND":0.71},"latest_time":"2026-09-26T13:40","series":"series/212.csv"}},{"type":"Feature","geometry":{"type":"Point","coordinates":[9.0854885,45.71901089]},"properties":{"scode":"141","name":"Vertemate con Minoprio serre","variables":["CDD","DVENTO","ET0","GDD","HDD","PREC","PREC24","PREC48","RADSOL","TAPP","TDEW","TEMP","UMID","UWND","VPD","VVENTO","VWND"],"latest":{"CDD":0.0,"DVENTO":"69","ET0":1.8,"GDD":7.6,"HDD":1.5,"PREC":"0.00","PREC24":0.0,"PREC48":0.0,"RADSOL":"722","TAPP":20.5,"TDEW":11.3,"TEMP":"21.00","UMID":"54","UWND":-1.21,"VPD":1.144,"VVENTO":"0.60","VWND":-0.47},"latest_time":"2026-09-26T13:40","series":"series/141.csv"}},{"type":"Feature","geometry":{"type":"Point","coordinates":[9.34812808,46.47166446]},"properties":{"scode":"144","name":"Madesimo Spluga","variables":["CDD","DVENTO","ET0","GDD","HDD","PREC","PREC24","PREC48","RADSOL","TAPP","TDEW","TEMP","UMID","UWND","VPD","VVENTO","VWND"],"latest":{"CDD":0.0,"DVENTO":"344","ET0":3.28,"GDD":1.5,"HDD":6.0,"PREC":"0.00","PREC24":0.0,"PREC48":0.0,"RADSOL":"735","TAPP":10.9,"TDEW":-4.6,"TEMP":"16.70","UMID":"23","UWND":1.27,"VPD":1.464,"VVENTO":"5.90","VWND":-4.42},"latest_time":"2026-09-26T13:40","series":"series/144.csv"}},{"type":"Feature","geometry":{"type":"Point","coordinates":[10.20748854,46.49442378]},"properties":{"scode":"143","name":"Livigno Passo Foscagno","variables":["CDD","DVENTO","ET0","GDD","HDD","PREC","PREC24","PREC48","RADSOL","TAPP","TDEW","TEMP","UMID","UWND","VPD","VVENTO","VWND"],"latest":{"CDD":0.0,"DVENTO":"326","ET0":3.44,"GDD":0.0,"HDD":10.2,"PREC":"0.00","PREC24":0.0,"PREC48":0.0,"RADSOL":"738","TAPP":9.4,"TDEW":1.3,"TEMP":"15.40","UMID":"41","UWND":2.57,"VPD":0.968,"VVENTO":"3.80","VWND":-3.81},"latest_time":"2026-09-26T13:40","series":"series/143.csv"}},{"type":"Feature","geometry":{"type":"Point","coordinates":[9.62865186,46.0382628]},"properties":{"scode":"146","name":"Mezzoldo Passo S.Marco","variables":["CDD","DVENTO","ET0","GDD","HDD","PREC","PREC24","PREC48","RADSOL","TAPP","TDEW","TEMP","UMID","UWND","VPD","VVENTO","VWND"],"latest":{"CDD":0.0,"DVENTO":"135","ET0":1.75,"GDD":0.0,"HDD":10.3,"PREC":"0.00","PREC24":0.0,"PREC48":0.0,"RADSOL":"772","TAPP":8.6,"TDEW":7.9,"TEMP":"10.90","UMID":"82","UWND":-1.84,"VPD":0.235,"VVENTO":"2.80","VWND":1.84},"latest_time":"2026-09-26T13:40","series":"series/146.csv"}},{"type":"Feature","geometry":{"type":"Point","coordinates":[8.84732669,45.54852147]},"properties":{"scode":"148","name":"Arconate SMR","variables":["CDD","DVENTO","ET0","GDD","HDD","PREC","PREC24","PREC48","RADSOL","TAPP","TDEW","TEMP","UMID","UWND","VPD","VVENTO","VWND"],"latest":{"CDD":0.0,"DVENTO":"114","ET0":2.52,"GDD":10.4,"HDD":0.0,"PREC":"0.00","PREC24":0.0,"PREC48":0.0,"RADSOL":"679","TAPP":22.7,"TDEW":10.3,"TEMP":"23.60","UMID":"43","UWND":-1.28,"VPD":1.66,"VVENTO":"1.50","VWND":0.57},"latest_time":"2026-09-26T13:40","series":"series/148.csv"}},{"type":"Feature","geometry":{"type":"Point","coordinates":[9.18911083,45.47165828]},"properties":{"scode":"620","name":"Milano v.Brera","variables":["CDD","DVENTO","ET0","GDD","HDD","PREC","PREC24","PREC48","RADSOL","TAPP","TDEW","TEMP","UMID","UWND","VPD","VVENTO","VWND"],"latest":{"CDD":0.0,"DVENTO":"102","ET0":3.24,"GDD":10.5,"HDD":0.0,"PREC":"0.00","PREC24":0.0,"PREC48":0.0,"RADSOL":"667","TAPP":22.3,"TDEW":10.9,"TEMP":"23.12","UMID":"46","UWND":-1.57,"VPD":1.528,"VVENTO":"1.78","VWND":0.33},"latest_time":"2026-09-26T13:50","series":"series/620.csv"}},{"type":"Feature","geometry":{"type":"Point","coordinates":[10.82394014,45.15799358]},"properties":{"scode":"166","name":"Mantova Lunetta2 SMR","variables":["CDD","DVENTO","ET0","GDD","HDD","PREC","PREC24","PREC48","RADSOL","TAPP","TDEW","TEMP","UMID","UWND","VPD","VVENTO","VWND"],"latest":{"CDD":0.0,"DVENTO":"102","ET0":2.55,"GDD":7.8,"HDD":1.5,"PREC":"0.00","PREC24":0.0,"PREC48":0.0,"RADSOL":"697","TAPP":22.8,"TDEW":9.8,"TEMP":"23.50","UMID":"42","UWND":-0.98,"VPD":1.679,"VVENTO":"1.10","VWND":0.21},"latest_time":"2026-09-26T13:40","series":"series/166.csv"}},{"type":"Feature","geometry":{"type":"Point","coordinates":[9.55609572,45.63387247]},"properties":{"scode":"595","name":"Filago v.Don Milani","variables":["CDD","DVENTO","ET0","GDD","HDD","PREC","PREC24","PREC48","RADSOL","TAPP","TDEW","TEMP","UMID","UWND","VPD","VVENTO","VWND"],"latest":{"CDD":0.0,"DVENTO":"176","ET0":1.72,"GDD":9.5,"HDD":0.0,"PREC":"0.00","PREC24":0.0,"PREC48":0.0,"RADSOL":"739","TAPP":23.8,"TDEW":15.4,"TEMP":"22.84","UMID":"63","UWND":-0.08,"VPD":1.029,"VVENTO":"1.38","VWND":1.16},"latest_time":"2026-09-26T13:50","series":"series/595.csv"}},{"type":"Feature","geometry":{"type":"Point","coordinates":[9.68896994,45.71591825]},"properties":{"scode":"594","name":"Bergamo v.Goisis","variables":["CDD","DVENTO","ET0","GDD","HDD","PREC","PREC24","PREC48","RADSOL","TAPP","TDEW","TEMP","UMID","UWND","VPD","VVENTO","VWND"],"latest":{"CDD":0.0,"DVENTO":"163","ET0":2.58,"GDD":9.2,"HDD":0.1,"PREC":"-999","PREC24":-3996.0,"PREC48":-7992.0,"RADSOL":"745","TAPP":21.7,"TDEW":10.0,"TEMP":"22.93","UMID":"44","UWND":-0.54,"VPD":1.567,"VVENTO":"0.37","VWND":1.78},"latest_time":"2026-09-26T13:50","series":"series/594.csv"}},{"type":"Feature","geometry":{"type":"Point","coordinates":[9.38468725,46.1381409]},"properties":{"scode":"573","name":"Colico v.La Madoneta","variables":["CDD","DVENTO","ET0","GDD","HDD","PREC","PREC24","PREC48","TAPP","TDEW","TEMP","UMID","UWND","VPD","VVENTO","VWND"],"latest":{"CDD":0.0,"DVENTO":"149","ET0":2.14,"GDD":9.1,"HDD":0.1,"PREC":"0.00","PREC24":0.0,"PREC48":0.0,"TAPP":20.3,"TDEW":11.5,"TEMP":"22.07","UMID":"51","UWND":-1.66,"VPD":1.301,"VVENTO":"2.81","VWND":2.76},"latest_time":"2026-09-26T13:50","series":"series/573.csv"}},{"type":"Feature","geometry":{"type":"Point","coordinates":[10.09707131,45.82716061]},"properties":{"scode":"586","name":"Costa Volpino v.Nazionale","variables":["CDD","DVENTO","ET0","GDD","HDD","PREC","PREC24","PREC48","RADSOL","TAPP","TDEW","TEMP","UMID","UWND","VPD","VVENTO","VWND"],"latest":{"CDD":0.0,"DVENTO":"260","ET0":2.42,"GDD":9.9,"HDD":0.0,"PREC":"0.00","PREC24":0.0,"PREC48":0.0,"RADSOL":"726","TAPP":21.1,"TDEW":10.5,"TEMP":"23.09","UMID":"45","UWND":3.0,"VPD":1.554,"VVENTO":"2.84","VWND":0.53},"latest_time":"2026-09-26T13:50","series":"series/586.csv"}},{"type":"Feature","geometry":{"type":"Point","coordinates":[9.61173782,45.62055568]},"properties":{"scode":"596","name":"Osio Sotto v.per Levate","variables":["CDD","DVENTO","ET0","GDD","HDD","PREC","PREC24","PREC48","RADSOL","TAPP","TDEW","TEMP","UMID","UWND","VPD","VVENTO","VWND"],"latest":{"CDD":0.0,"DVENTO":"139","ET0":2.19,"GDD":9.1,"HDD":0.2,"PREC":"0.00","PREC24":0.0,"PREC48":0.0,"RADSOL":"725","TAPP":22.1,"TDEW":14.7,"TEMP":"21.78","UMID":"64","UWND":-1.14,"VPD":0.939,"VVENTO":"0.55","VWND":1.31},"latest_time":"2026-09-26T13:50","series":"series/596.csv"}},{"type":"Feature","geometry":{"type":"Point","coordinates":[9.1345295,45.32452314]},"properties":{"scode":"535","name":"Lacchiarella v.Molise","variables":["CDD","DVENTO","ET0","GDD","HDD","TAPP","TDEW","TEMP","UMID","UWND","VPD","VVENTO","VWND"],"latest":{"CDD":0.0,"DVENTO":"142","ET0":2.55,"GDD":10.2,"HDD":0.2,"TAPP":23.6,"TDEW":7.9,"TEMP":"24.82","UMID":"34","UWND":-0.63,"VPD":2.068,"VVENTO":"1.03","VWND":0.81},"latest_time":"2026-09-26T13:50","series":"series/535.csv"}},{"type":"Feature","geometry":{"type":"Point","coordinates":[9.14178666,45.47606529]},"properties":{"scode":"503","name":"Milano P.zza Zavattari","variables":["CDD","DVENTO","ET0","GDD","HDD","PREC","PREC24","PREC48","TAPP","TDEW","TEMP","UMID","UWND","VPD","VVENTO","VWND"],"latest":{"CDD":0.0,"DVENTO":"48","ET0":2.28,"GDD":12.1,"HDD":0.0,"PREC":"-999","PREC24":-3996.0,"PREC48":-7992.0,"TAPP":25.2,"TDEW":10.9,"TEMP":"25.50","UMID":"40","UWND":-0.62,"VPD":1.958,"VVENTO":"0.37","VWND":-0.56},"latest_time":"2026-09-26T13:50","series":"series/503.csv"}},{"type":"Feature","geometry":{"type":"Point","coordinates":[9.85094015,46.16755337]},"properties":{"scode":"107","name":"Sondrio Fond.Fojanini","variables":["CDD","DVENTO","ET0","GDD","HDD","PREC","PREC24","PREC48","RADSOL","TAPP","TDEW","TEMP","UMID","UWND","VPD","VVENTO","VWND"],"latest":{"CDD":0.0,"DVENTO":"200","ET0":2.39,"GDD":9.2,"HDD":0.3,"PREC":"0.00","PREC24":0.0,"PREC48":0.0,"RADSOL":"661","TAPP":21.9,"TDEW":12.3,"TEMP":"23.30","UMID":"50","UWND":1.03,"VPD":1.43,"VVENTO":"3.40","VWND":2.82},"latest_time":"2026-09-26T13:40","series":"series/107.csv"}},{"type":"Feature","geometry":{"type":"Point","coordinates":[9.63912077,45.86969697]},"properties":{"scode":"119","name":"San Giovanni Bianco Cornalita","variables":["CDD","DVENTO","ET0","GDD","HDD","PREC","PREC24","PREC48","RADSOL","TAPP","TDEW","TEMP","UMID","UWND","VPD","VVENTO","VWND"],"latest":{"CDD":0.0,"DVENTO":"117","ET0":1.73,"GDD":5.7,"HDD":3.7,"PREC":"0.00","PREC24":0.0,"PREC48":0.0,"RADSOL":"677","TAPP":18.0,"TDEW":11.3,"TEMP":"19.30","UMID":"60","UWND":-2.23,"VPD":0.896,"VVENTO":"3.00","VWND":1.13},"latest_time":"2026-09-26T13:40","series":"series/119.csv"}},{"type":"Feature","geometry":{"type":"Point","coordinates":[10.0449444,45.17951839]},"properties":{"scode":"136","name":"Persico Dosimo","variables":["CDD","DVENTO","ET0","GDD","HDD","PREC","PREC24","PREC48","RADSOL","TAPP","TDEW","TEMP","UMID","UWND","VPD","VVENTO","VWND"],"latest":{"CDD":0.0,"DVENTO":"116","ET0":2.62,"GDD":6.5,"HDD":2.8,"PREC":"0.00","PREC24":0.0,"PREC48":0.0,"RADSOL":"791","TAPP":21.9,"TDEW":9.5,"TEMP":"23.50","UMID":"41","UWND":-1.89,"VPD":1.708,"VVENTO":"1.90","VWND":0.92},"latest_time":"2026-09-26T13:40","series":"series/136.csv"}},{"type":"Feature","geometry":{"type":"Point","coordinates":[9.79251888,46.15492316]},"properties":{"scode":"142","name":"Caiolo","variables":["CDD","DVENTO","ET0","GDD","HDD","PREC","PREC24","PREC48","RADSOL","TAPP","TDEW","TEMP","UMID","UWND","VPD","VVENTO","VWND"],"latest":{"CDD":0.0,"DVENTO":"262","ET0":2.24,"GDD":7.8,"HDD":1.8,"PREC":"0.00","PREC24":0.0,"PREC48":0.0,"RADSOL":"658","TAPP":21.3,"TDEW":12.7,"TEMP":"21.90","UMID":"56","UWND":2.08,"VPD":1.156,"VVENTO":"3.60","VWND":0.29},"latest_time":"2026-09-26T13:40","series":"series/142.csv"}},{"type":"Feature","geometry":{"type":"Point","coordinates":[9.20560341,45.54266467]},"properties":{"scode":"147","name":"Cinisello Balsamo Parco Nord","variables":["CDD","DVENTO","ET0","GDD","HDD","PREC","PREC24","PREC48","RADSOL","TAPP","TDEW","TEMP","UMID","UWND","VPD","VVENTO","VWND"],"latest":{"CDD":0.0,"DVENTO":"86","ET0":2.42,"GDD":9.5,"HDD":0.0,"PREC":"0.00","PREC24":0.0,"PREC48":0.0,"RADSOL":"686","TAPP":22.7,"TDEW":11.2,"TEMP":"22.80","UMID":"48","UWND":-0.7,"VPD":1.443,"VVENTO":"1.80","VWND":-0.05},"latest_time":"2026-09-26T13:40","series":"series/147.csv"}},{"type":"Feature","geometry":{"type":"Point","coordinates":[10.19526123,45.1218284]},"properties":{"scode":"150","name":"Pieve San Giacomo","variables":["CDD","DVENTO","ET0","GDD","HDD","PREC","PREC24","PREC48","RADSOL","TAPP","TDEW","TEMP","UMID","UWND","VPD","VVENTO","VWND"],"latest":{"CDD":0.0,"DVENTO":"66","ET0":2.64,"GDD":7.3,"HDD":2.5,"PREC":"0.00","PREC24":0.0,"PREC48":0.0,"RADSOL":"700","TAPP":21.8,"TDEW":10.3,"TEMP":"23.20","UMID":"44","UWND":-2.01,"VPD":1.592,"VVENTO":"3.40","VWND":-0.89},"latest_time":"2026-09-26T13:40","series":"series/150.csv"}},{"type":"Feature","geometry":{"type":"Point","coordinates":[9.35166247,45.84221272]},"properties":{"scode":"679","name":"Valmadrera v.Pozzi","variables":["CDD","DVENTO","ET0","GDD","HDD","PREC","PREC24","PREC48","RADSOL","TAPP","TDEW","TEMP","UMID","UWND","VPD","VVENTO","VWND"],"latest":{"CDD":0.0,"DVENTO":"153","ET0":1.96,"GDD":8.7,"HDD":0.2,"PREC":"0.00","PREC24":0.0,"PREC48":0.0,"RADSOL":"806","TAPP":19.4,"TDEW":7.7,"TEMP":"21.14","UMID":"42","UWND":-0.78,"VPD":1.455,"VVENTO":"1.71","VWND":1.52},"latest_time":"2026-09-26T13:00","series":"series/679.csv"}},{"type":"Feature","geometry":{"type":"Point","coordinates":[8.82076322,45.74873297]},"properties":{"scode":"1211","name":"Castronno","variables":["CDD","DVENTO","ET0","GDD","HDD","PREC","PREC24","PREC48","TEMP","UWND","VVENTO","VWND"],"latest":{"CDD":0.0,"DVENTO":"85","ET0":1.9,"GDD":7.7,"HDD":1.4,"PREC":"0.00","PREC24":0.0,"PREC48":0.0,"TEMP":"20.60","UWND":-0.8,"VVENTO":"0.70","VWND":-0.07},"latest_time":"2026-09-26T13:40","series":"series/1211.csv"}},{"type":"Feature","geometry":{"type":"Point","coordinates":[9.32468906,46.18185467]},"properties":{"scode":"1202","name":"Vercana","variables":["CDD","DVENTO","ET0","GDD","HDD","PREC","PREC24","PREC48","RADSOL","TAPP","TDEW","TEMP","UMID","UWND","VPD","VVENTO","VWND"],"latest":{"CDD":0.0,"DVENTO":"202","ET0":1.69,"GDD":3.7,"HDD":5.3,"PREC":"0.00","PREC24":0.0,"PREC48":0.0,"RADSOL":"693","TAPP":14.9,"TDEW":11.2,"TEMP":"16.30","UMID":"73","UWND":0.79,"VPD":0.491,"VVENTO":"1.80","VWND":1.95},"latest_time":"2026-09-26T13:40","series":"series/1202.csv"}},{"type":"Feature","geometry":{"type":"Point","coordinates":[10.30596404,46.45356516]},"properties":{"scode":"835","name":"Valdisotto Oga S. Colombano","variables":["CDD","DVENTO","ET0","GDD","HDD","LIVNEVE","PREC","PREC24","PREC48","RADSOL","TAPP","TDEW","TEMP","UMID","UWND","VPD","VVENTO","VWND"],"latest":{"CDD":0.0,"DVENTO":"345","ET0":3.18,"GDD":1.1,"HDD":7.9,"LIVNEVE":"5","PREC":"0.00","PREC24":0.0,"PREC48":0.0,"RADSOL":"756","TAPP":11.5,"TDEW":2.0,"TEMP":"14.80","UMID":"42","UWND":0.6,"VPD":0.976,"VVENTO":"1.80","VWND":-2.22},"latest_time":"2026-09-26T13:40","series":"series/835.csv"}},{"type":"Feature","geometry":{"type":"Point","coordinates":[10.47282844,46.17700799]},"properties":{"scode":"846","name":"Edolo Pantano d`Avio","variables":["CDD","DVENTO","ET0","GDD","HDD","LIVNEVE","PREC","PREC24","PREC48","RADSOL","TAPP","TDEW","TEMP","UMID","UWND","VPD","VVENTO","VWND"],"latest":{"CDD":0.0,"DVENTO":"286","ET0":2.04,"GDD":0.0,"HDD":11.3,"LIVNEVE":"10","PREC":"0.00","PREC24":0.0,"PREC48":0.0,"RADSOL":"663","TAPP":10.4,"TDEW":0.5,"TEMP":"13.50","UMID":"43","UWND":1.63,"VPD":0.913,"VVENTO":"1.10","VWND":-0.47},"latest_time":"2026-09-26T13:40","series":"series/846.csv"}},{"type":"Feature","geometry":{"type":"Point","coordinates":[9.57112074,46.0261969]},"properties":{"scode":"833","name":"Gerola Alta Pescegallo","variables":["CDD","DVENTO","ET0","GDD","HDD","LIVNEVE","PREC","PREC24","PREC48","RADSOL","TAPP","TDEW","TEMP","UMID","UWND","VPD","VVENTO","VWND"],"latest":{"CDD":0.0,"DVENTO":"174","ET0":1.8,"GDD":0.0,"HDD":10.1,"LIVNEVE":"2","PREC":"0.00","PREC24":0.0,"PREC48":0.0,"RADSOL":"643","TAPP":5.7,"TDEW":1.1,"TEMP":"12.10","UMID":"39","UWND":-0.69,"VPD":0.748,"VVENTO":"6.10","VWND":6.56},"latest_time":"2026-09-26T13:40","series":"series/833.csv"}},{"type":"Feature","geometry":{"type":"Point","coordinates":[9.79379959,46.03852339]},"properties":{"scode":"847","name":"Carona Carisole","variables":["CDD","DVENTO","ET0","GDD","HDD","LIVNEVE","PREC","PREC24","PREC48","RADSOL","TAPP","TDEW","TEMP","UMID","UWND","VPD","VVENTO","VWND"],"latest":{"CDD":0.0,"DVENTO":"239","ET0":1.93,"GDD":0.0,"HDD":11.0,"LIVNEVE":"3","PREC":"0.00","PREC24":0.0,"PREC48":0.0,"RADSOL":"728","TAPP":12.0,"TDEW":10.0,"TEMP":"13.80","UMID":"78","UWND":1.8,"VPD":0.347,"VVENTO":"2.60","VWND":1.08},"latest_time":"2026-09-26T13:40","series":"series/847.csv"}},{"type":"Feature","geometry":{"type":"Point","coordinates":[10.18873661,46.47730866]},"properties":{"scode":"848","name":"Livigno La Vallaccia","variables":["CDD","DVENTO","ET0","GDD","HDD","LIVNEVE","PREC","PREC24","PREC48","RADSOL","TAPP","TDEW","TEMP","UMID","UWND","VPD","VVENTO","VWND"],"latest":{"CDD":0.0,"DVENTO":"149","ET0":2.3,"GDD":0.0,"HDD":10.9,"LIVNEVE":"1","PREC":"0.00","PREC24":0.0,"PREC48":0.0,"RADSOL":"753","TAPP":8.4,"TDEW":1.1,"TEMP":"11.50","UMID":"49","UWND":-0.98,"VPD":0.692,"VVENTO":"1.90","VWND":1.63},"latest_time":"2026-09-26T13:40","series":"series/848.csv"}},{"type":"Feature","geometry":{"type":"Point","coordinates":[8.63818571,45.91099372]},"properties":{"scode":"999","name":"Laveno-Mombello Poggio S.Elsa","variables":["CDD","DVENTO","ET0","GDD","HDD","PREC","PREC24","PREC48","TAPP","TDEW","TEMP","UMID","UWND","VPD","VVENTO","VWND"],"latest":{"CDD":0.0,"DVENTO":"167","ET0":1.13,"GDD":3.9,"HDD":4.6,"PREC":"0.00","PREC24":0.0,"PREC48":0.0,"TAPP":11.1,"TDEW":8.6,"TEMP":"14.90","UMID":"66","UWND":-1.12,"VPD":0.576,"VVENTO":"5.00","VWND":4.87},"latest_time":"2026-09-26T13:40","series":"series/999.csv"}},{"type":"Feature","geometry":{"type":"Point","coordinates":[8.61868535,45.90991335]},"properties":{"scode":"998","name":"Laveno-Mombello p.zza Matteotti","variables":["CDD","DVENTO","ET0","GDD","HDD","PREC","PREC24","PREC48","TEMP","UWND","VVENTO","VWND"],"latest":{"CDD":0.0,"DVENTO":"149","ET0":1.77,"GDD":9.4,"HDD":0.0,"PREC":"0.00","PREC24":0.0,"PREC48":0.0,"TEMP":"21.50","UWND":-0.82,"VVENTO":"1.50","VWND":1.37},"latest_time":"2026-09-26T13:40","series":"series/998.csv"}},{"type":"Feature","geometry":{"type":"Point","coordinates":[8.8106663,45.91491984]},"properties":{"scode":"1898","name":"Valganna Mondonico","variables":["CDD","DVENTO","ET0","GDD","HDD","PREC","PREC24","PREC48","TAPP","TDEW","TEMP","UMID","UWND","VPD","VVENTO","VWND"],"latest":{"CDD":0.0,"DVENTO":"117","ET0":1.35,"GDD":6.2,"HDD":2.3,"PREC":"0.00","PREC24":0.0,"PREC48":0.0,"TAPP":17.1,"TDEW":9.9,"TEMP":"17.80","UMID":"60","UWND":-0.98,"VPD":0.815,"VVENTO":"1.10","VWND":0.5},"latest_time":"2026-09-26T13:20","series":"series/1898.csv"}},{"type":"Feature","geometry":{"type":"Point","coordinates":[9.56265997,45.26927396]},"properties":{"scode":"123","name":"Cavenago d'Adda","variables":["CDD","DVENTO","ET0","GDD","HDD","PREC","PREC24","PREC48","RADSOL","TAPP","TDEW","TEMP","UMID","UWND","VPD","VVENTO","VWND"],"latest":{"CDD":0.0,"DVENTO":"102","ET0":2.92,"GDD":8.2,"HDD":0.6,"PREC":"0.00","PREC24":0.0,"PREC48":0.0,"RADSOL":"709","TAPP":20.0,"TDEW":6.6,"TEMP":"22.90","UMID":"35","UWND":-2.45,"VPD":1.815,"VVENTO":"2.50","VWND":0.52},"latest_time":"2026-09-26T13:40","series":"series/123.csv"}},{"type":"Feature","geometry":{"type":"Point","coordinates":[9.31999148,46.36053879]},"properties":{"scode":"1230","name":"San Giacomo Filippo Lago Truzzo","variables":["CDD","DVENTO","ET0","GDD","HDD","LIVNEVE","PREC","PREC24","PREC48","TAPP","TDEW","TEMP","UMID","UWND","VPD","VVENTO","VWND"],"latest":{"CDD":0.0,"DVENTO":"168","ET0":2.12,"GDD":0.6,"HDD":7.0,"LIVNEVE":"-999","PREC":"0.00","PREC24":0.0,"PREC48":0.0,"TAPP":14.1,"TDEW":8.2,"TEMP":"15.20","UMID":"76","UWND":-0.25,"VPD":0.639,"VVENTO":"1.20","VWND":1.17},"latest_time":"2026-09-26T13:40","series":"series/1230.csv"}},{"type":"Feature","geometry":{"type":"Point","coordinates":[9.11084686,46.09155206]},"properties":{"scode":"1222","name":"Cavargna","variables":["CDD","DVENTO","ET0","GDD","HDD","LIVNEVE","PREC","PREC24","PREC48","TAPP","TDEW","TEMP","UMID","UWND","VPD","VVENTO","VWND"],"latest":{"CDD":0.0,"DVENTO":"131","ET0":1.43,"GDD":2.9,"HDD":5.5,"LIVNEVE":"36","PREC":"0.00","PREC24":0.0,"PREC48":0.0,"TAPP":14.2,"TDEW":11.0,"TEMP":"14.60","UMID":"79","UWND":-1.36,"VPD":0.349,"VVENTO":"1.80","VWND":1.18},"latest_time":"2026-09-26T13:40","series":"series/1222.csv"}},{"type":"Feature","geometry":{"type":"Point","coordinates":[9.88452786,46.2929069]},"properties":{"scode":"832","name":"Lanzada Palù","variables":["CDD","DVENTO","ET0","GDD","HDD","LIVNEVE","PREC","PREC24","PREC48","RADSOL","TAPP","TDEW","TEMP","UMID","UWND","VPD","VVENTO","VWND"],"latest":{"CDD":0.0,"DVENTO":"69","ET0":2.36,"GDD":0.0,"HDD":8.7,"LIVNEVE":"3","PREC":"0.00","PREC24":0.0,"PREC48":0.0,"RADSOL":"774","TAPP":13.3,"TDEW":6.8,"TEMP":"14.00","UMID":"70","UWND":-1.03,"VPD":0.607,"VVENTO":"0.80","VWND":-0.39},"latest_time":"2026-09-26T13:40","series":"series/832.csv"}},{"type":"Feature","geometry":{"type":"Point","coordinates":[10.14826598,46.12968795]},"properties":{"scode":"836","name":"Aprica","variables":["CDD","DVENTO","ET0","GDD","HDD","LIVNEVE","PREC","PREC24","PREC48","RADSOL","TAPP","TDEW","TEMP","UMID","UWND","VPD","VVENTO","VWND"],"latest":{"CDD":0.0,"DVENTO":"281","ET0":1.97,"GDD":0.2,"HDD":9.3,"LIVNEVE":"17","PREC":"0.00","PREC24":0.0,"PREC48":0.0,"RADSOL":"718","TAPP":10.4,"TDEW":7.7,"TEMP":"11.80","UMID":"78","UWND":1.28,"VPD":0.332,"VVENTO":"1.40","VWND":-0.25},"latest_time":"2026-09-26T13:40","series":"series/836.csv"}},{"type":"Feature","geometry":{"type":"Point","coordinates":[9.93777821,45.52222206]},"properties":{"scode":"900","name":"Chiari","variables":["DVENTO","PREC","PREC24","PREC48","UWND","VVENTO","VWND"],"latest":{"DVENTO":"140","PREC":"0.00","PREC24":0.0,"PREC48":0.0,"UWND":-0.45,"VVENTO":"0.80","VWND":0.54},"latest_time":"2026-09-26T13:40","series":"series/900.csv"}},{"type":"Feature","geometry":{"type":"Point","coordinates":[8.70057165,45.24680044]},"properties":{"scode":"125","name":"Castello d'Agogna","variables":["CDD","DVENTO","ET0","GDD","HDD","LIVIDRO","PREC","PREC24","PREC48","RADSOL","TAPP","TDEW","TEMP","UMID","UWND","VPD","VVENTO","VWND"],"latest":{"CDD":0.0,"DVENTO":"105","ET0":2.54,"GDD":9.3,"HDD":0.9,"LIVIDRO":"92","PREC":"0.00","PREC24":0.0,"PREC48":0.0,"RADSOL":"685","TAPP":21.6,"TDEW":11.7,"TEMP":"23.00","UMID":"49","UWND":-2.32,"VPD":1.433,"VVENTO":"2.40","VWND":0.62},"latest_time":"2026-09-26T13:40","series":"series/125.csv"}},{"type":"Feature","geometry":{"type":"Point","coordinates":[9.02191087,45.26278148]},"properties":{"scode":"1899","name":"Bereguardo Fornasetta","variables":["CDD","DVENTO","ET0","GDD","HDD","PREC","PREC24","PREC48","TAPP","TDEW","TEMP","UMID","UWND","VPD","VVENTO","VWND"],"latest":{"CDD":0.0,"DVENTO":"84","ET0":2.55,"GDD":9.3,"HDD":1.0,"PREC":"0.00","PREC24":0.0,"PREC48":0.0,"TAPP":22.5,"TDEW":11.3,"TEMP":"24.30","UMID":"44","UWND":-3.18,"VPD":1.701,"VVENTO":"3.20","VWND":-0.33},"latest_time":"2026-09-26T13:20","series":"series/1899.csv"}},{"type":"Feature","geometry":{"type":"Point","coordinates":[9.23506881,45.90514139]},"properties":{"scode":"1679","name":"Sormano rifugio Alpetto","variables":["CDD","DVENTO","ET0","GDD","HDD","PREC","PREC24","PREC48","RADSOL","TAPP","TDEW","TEMP","UMID","UWND","VPD","VVENTO","VWND"],"latest":{"CDD":0.0,"DVENTO":"200","ET0":1.56,"GDD":2.6,"HDD":6.6,"PREC":"0.00","PREC24":0.0,"PREC48":0.0,"RADSOL":"726","TAPP":13.9,"TDEW":9.5,"TEMP":"15.60","UMID":"67","UWND":0.79,"VPD":0.585,"VVENTO":"2.30","VWND":2.16},"latest_time":"2026-09-26T13:40","series":"series/1679.csv"}},{"type":"Feature","geometry":{"type":"Point","coordinates":[9.50113918,45.95949713]},"properties":{"scode":"1347","name":"Barzio Piani di Bobbio","variables":["CDD","DVENTO","ET0","GDD","HDD","LIVNEVE","PREC","PREC24","PREC48","RADSOL","TAPP","TDEW","TEMP","UMID","UWND","VPD","VVENTO","VWND"],"latest":{"CDD":0.0,"DVENTO":"313","ET0":1.38,"GDD":0.0,"HDD":10.3,"LIVNEVE":"5","PREC":"0.00","PREC24":0.0,"PREC48":0.0,"RADSOL":"748","TAPP":11.2,"TDEW":8.8,"TEMP":"11.80","UMID":"82","UWND":0.37,"VPD":0.249,"VVENTO":"0.50","VWND":-0.34},"latest_time":"2026-09-26T13:40","series":"series/1347.csv"}},{"type":"Feature","geometry":{"type":"Point","coordinates":[10.372755,46.465111]},"properties":{"scode":"6","name":"Bormio Ponte sul  Frodolfo","variables":["CDD","ET0","GDD","HDD","LIVIDRO","PREC","PREC24","PREC48","TEMP"],"latest":{"CDD":0.0,"ET0":2.12,"GDD":2.0,"HDD":8.5,"LIVIDRO":"114","PREC":"0.00","PREC24":0.0,"PREC48":0.0,"TEMP":"17.89"},"latest_time":"2026-09-26T13:10","series":"series/6.csv"}},{"type":"Feature","geometry":{"type":"Point","coordinates":[9.86339675,46.21671208]},"properties":{"scode":"8","name":"Spriana Ponte sul Mallero","variables":["LIVIDRO","PREC","PREC24","PREC48"],"latest":{"LIVIDRO":"35","PREC":"0.00","PREC24":0.0,"PREC48":0.0},"latest_time":"2026-09-26T13:10","series":"series/8.csv"}},{"type":"Feature","geometry":{"type":"Point","coordinates":[9.53209985,45.16572079]},"properties":{"scode":"1364","name":"Orio Litta v.Francigena","variables":["LIVIDRO"],"latest":{"LIVIDRO":"338"},"latest_time":"2026-09-26T13:20","series":"series/1364.csv","zero_idro":45.475}},{"type":"Feature","geometry":{"type":"Point","coordinates":[8.64892962,45.69667041]},"properties":{"scode":"1363","name":"Golasecca Miorina misuratore","variables":["LIVIDRO"],"latest":{"LIVIDRO":"184"},"latest_time":"2026-09-26T13:20","series":"series/1363.csv","zero_idro":189.915}},{"type":"Feature","geometry":{"type":"Point","coordinates":[9.1922242,45.52580195]},"properties":{"scode":"1425","name":"Milano Niguarda","variables":["LIVIDRO"],"latest":{"LIVIDRO":"4"},"latest_time":"2026-09-26T13:20","series":"series/1425.csv"}},{"type":"Feature","geometry":{"type":"Point","coordinates":[9.3459475,45.10170394]},"properties":{"scode":"815","name":"Arena Po Spessa","variables":["LIVIDRO"],"latest":{"LIVIDRO":"-182"},"latest_time":"2026-09-26T13:20","series":"series/815.csv","zero_idro":52.138}},{"type":"Feature","geometry":{"type":"Point","coordinates":[10.75581643,45.04534269]},"properties":{"scode":"849","name":"Borgoforte SS 12","variables":["LIVIDRO"],"latest":{"LIVIDRO":"-174"},"latest_time":"2026-09-26T13:20","series":"series/849.csv","zero_idro":14.504}},{"type":"Feature","geometry":{"type":"Point","coordinates":[10.4506025,45.73501708]},"properties":{"scode":"852","name":"Lavenone Galleria Agricoltori - fiume","variables":["LIVIDRO"],"latest":{"LIVIDRO":"89"},"latest_time":"2026-09-26T13:20","series":"series/852.csv","zero_idro":355.937}},{"type":"Feature","geometry":{"type":"Point","coordinates":[10.46242047,45.7377015]},"properties":{"scode":"853","name":"Idro SS 237","variables":["LIVIDRO"],"latest":{"LIVIDRO":"757"},"latest_time":"2026-09-26T13:20","series":"series/853.csv"}},{"type":"Feature","geometry":{"type":"Point","coordinates":[10.44108528,45.59235897]},"properties":{"scode":"826","name":"Gavardo SP 116","variables":["LIVIDRO","PREC","PREC24","PREC48"],"latest":{"LIVIDRO":"62","PREC":"0.00","PREC24":0.0,"PREC48":0.0},"latest_time":"2026-09-26T13:20","series":"series/826.csv","zero_idro":198.064}},{"type":"Feature","geometry":{"type":"Point","coordinates":[9.41227503,46.15033242]},"properties":{"scode":"818","name":"Gera Lario Fuentes","variables":["LIVIDRO","PREC","PREC24","PREC48"],"latest":{"LIVIDRO":"95","PREC":"0.00","PREC24":0.0,"PREC48":0.0},"latest_time":"2026-09-26T13:20","series":"series/818.csv","zero_idro":197.96}},{"type":"Feature","geometry":{"type":"Point","coordinates":[9.50869728,45.31908319]},"properties":{"scode":"862","name":"Lodi v. X Maggio","variables":["LIVIDRO","PREC","PREC24","PREC48"],"latest":{"LIVIDRO":"-149","PREC":"0.00","PREC24":0.0,"PREC48":0.0},"latest_time":"2026-09-26T13:20","series":"series/862.csv","zero_idro":64.816}},{"type":"Feature","geometry":{"type":"Point","coordinates":[8.90745369,45.60718181]},"properties":{"scode":"864","name":"Castellanza C.so G. Matteotti","variables":["LIVIDRO"],"latest":{"LIVIDRO":"41"},"latest_time":"2026-09-26T13:20","series":"series/864.csv","zero_idro":200.99}},{"type":"Feature","geometry":{"type":"Point","coordinates":[9.10037269,45.71853181]},"properties":{"scode":"865","name":"Cantù Asnago","variables":["CDD","ET0","GDD","HDD","LIVIDRO","PREC","PREC24","PREC48","TEMP"],"latest":{"CDD":0.0,"ET0":2.16,"GDD":8.5,"HDD":0.8,"LIVIDRO":"60","PREC":"0.00","PREC24":0.0,"PREC48":0.0,"TEMP":"21.60"},"latest_time":"2026-09-26T13:20","series":"series/865.csv","zero_idro":246.056}},{"type":"Feature","geometry":{"type":"Point","coordinates":[9.29910483,45.63518697]},"properties":{"scode":"868","name":"Lesmo Peregallo","variables":["LIVIDRO","PREC","PREC24","PREC48"],"latest":{"LIVIDRO":"2","PREC":"0.00","PREC24":0.0,"PREC48":0.0},"latest_time":"2026-09-26T13:20","series":"series/868.csv","zero_idro":177.392}},{"type":"Feature","geometry":{"type":"Point","coordinates":[9.15897783,45.58280558]},"properties":{"scode":"866","name":"Paderno Dugnano Palazzolo","variables":["LIVIDRO"],"latest":{"LIVIDRO":"-20"},"latest_time":"2026-09-26T13:20","series":"series/866.csv","zero_idro":166.935}},{"type":"Feature","geometry":{"type":"Point","coordinates":[9.23237261,45.83539031]},"properties":{"scode":"867","name":"Caslino d'Erba v. 4 novembre","variables":["CDD","ET0","GDD","HDD","LIVIDRO","PREC","PREC24","PREC48","TEMP"],"latest":{"CDD":0.0,"ET0":1.84,"GDD":7.1,"HDD":1.5,"LIVIDRO":"23","PREC":"0.00","PREC24":0.0,"PREC48":0.0,"TEMP":"19.20"},"latest_time":"2026-09-26T13:20","series":"series/867.csv","zero_idro":325.715}},{"type":"Feature","geometry":{"type":"Point","coordinates":[9.24873853,45.49163461]},"properties":{"scode":"869","name":"Milano v.Feltre","variables":["CDD","ET0","GDD","HDD","LIVIDRO","TEMP"],"latest":{"CDD":0.0,"ET0":1.97,"GDD":9.9,"HDD":0.0,"LIVIDRO":"51","TEMP":"22.60"},"latest_time":"2026-09-26T13:20","series":"series/869.csv","zero_idro":115.249}},{"type":"Feature","geometry":{"type":"Point","coordinates":[9.58739228,45.71022186]},"properties":{"scode":"872","name":"Brembate di Sopra Ponte Briolo","variables":["LIVIDRO"],"latest":{"LIVIDRO":"94"},"latest_time":"2026-09-26T13:20","series":"series/872.csv","zero_idro":215.664}},{"type":"Feature","geometry":{"type":"Point","coordinates":[8.82221989,45.03596417]},"properties":{"scode":"891","name":"ISOLA S.ANTONIO SS 211","variables":["LIVIDRO"],"latest":{"LIVIDRO":"15"},"latest_time":"2026-09-26T13:20","series":"series/891.csv","zero_idro":68.038}},{"type":"Feature","geometry":{"type":"Point","coordinates":[10.26318272,45.78138436]},"properties":{"scode":"877","name":"Bovegno ponte Zigole","variables":["LIVIDRO","PREC","PREC24","PREC48"],"latest":{"LIVIDRO":"-107","PREC":"0.00","PREC24":0.0,"PREC48":0.0},"latest_time":"2026-09-26T13:20","series":"series/877.csv","zero_idro":564.698}},{"type":"Feature","geometry":{"type":"Point","coordinates":[9.91612981,45.6478065]},"properties":{"scode":"879","name":"Capriolo SP12","variables":["LIVIDRO"],"latest":{"LIVIDRO":"-187"},"latest_time":"2026-09-26T13:20","series":"series/879.csv","zero_idro":168.502}},{"type":"Feature","geometry":{"type":"Point","coordinates":[9.71119619,45.28307558]},"properties":{"scode":"882","name":"Montodine ponte","variables":["LIVIDRO"],"latest":{"LIVIDRO":"-18"},"latest_time":"2026-09-26T13:20","series":"series/882.csv","zero_idro":54.292}},{"type":"Feature","geometry":{"type":"Point","coordinates":[9.24923839,45.76310739]},"properties":{"scode":"883","name":"Costa Masnaga Lambrugo","variables":["LIVIDRO"],"latest":{"LIVIDRO":"48"},"latest_time":"2026-09-26T13:20","series":"series/883.csv","zero_idro":238.375}},{"type":"Feature","geometry":{"type":"Point","coordinates":[9.99470858,45.12838214]},"properties":{"scode":"887","name":"Cremona SP 10","variables":["LIVIDRO"],"latest":{"LIVIDRO":"-679"},"latest_time":"2026-09-26T13:20","series":"series/887.csv","zero_idro":34.135}},{"type":"Feature","geometry":{"type":"Point","coordinates":[9.89027567,45.3991695]},"properties":{"scode":"895","name":"Soncino v. Brescia","variables":["CDD","ET0","GDD","HDD","LIVIDRO","PREC","PREC24","PREC48","TEMP"],"latest":{"CDD":0.0,"ET0":2.31,"GDD":8.8,"HDD":0.1,"LIVIDRO":"11","PREC":"0.00","PREC24":0.0,"PREC48":0.0,"TEMP":"22.70"},"latest_time":"2026-09-26T13:20","series":"series/895.csv","zero_idro":69.728}},{"type":"Feature","geometry":{"type":"Point","coordinates":[9.01750575,44.9902815]},"properties":{"scode":"908","name":"Voghera v. Cambiaso","variables":["CDD","ET0","GDD","HDD","LIVIDRO","PREC","PREC24","PREC48","TEMP"],"latest":{"CDD":0.0,"ET0":2.66,"GDD":8.4,"HDD":1.7,"LIVIDRO":"114","PREC":"0.00","PREC24":0.0,"PREC48":0.0,"TEMP":"24.00"},"latest_time":"2026-09-26T13:20","series":"series/908.csv","zero_idro":93.135}},{"type":"Feature","geometry":{"type":"Point","coordinates":[10.14555158,45.35975344]},"properties":{"scode":"910","name":"Manerbio v.Dante","variables":["CDD","ET0","GDD","HDD","LIVIDRO","PREC","PREC24","PREC48","TEMP"],"latest":{"CDD":0.0,"ET0":2.3,"GDD":8.9,"HDD":0.6,"LIVIDRO":"72","PREC":"0.00","PREC24":0.0,"PREC48":0.0,"TEMP":"22.90"},"latest_time":"2026-09-26T13:20","series":"series/910.csv","zero_idro":52.6}},{"type":"Feature","geometry":{"type":"Point","coordinates":[9.07990936,45.82025397]},"properties":{"scode":"870","name":"Como viale Geno","variables":["CDD","ET0","GDD","HDD","LIVIDRO","PREC","PREC24","PREC48","TEMP"],"latest":{"CDD":0.0,"ET0":1.59,"GDD":9.9,"HDD":0.0,"LIVIDRO":"37","PREC":"0.00","PREC24":0.0,"PREC48":0.0,"TEMP":"21.60"},"latest_time":"2026-09-26T13:20","series":"series/870.csv","zero_idro":197.333}},{"type":"Feature","geometry":{"type":"Point","coordinates":[9.43014467,45.78944383]},"properties":{"scode":"871","name":"Olginate S.Maria Lavello","variables":["LIVIDRO"],"latest":{"LIVIDRO":"171"},"latest_time":"2026-09-26T13:20","series":"series/871.csv","zero_idro":193.246}},{"type":"Feature","geometry":{"type":"Point","coordinates":[10.706296,45.39264211]},"properties":{"scode":"873","name":"Ponti sul Mincio Monzambano","variables":["CDD","ET0","GDD","HDD","LIVIDRO","PREC","PREC24","PREC48","TEMP"],"latest":{"CDD":0.0,"ET0":2.58,"GDD":6.7,"HDD":3.0,"LIVIDRO":"37","PREC":"0.00","PREC24":0.0,"PREC48":0.0,"TEMP":"22.50"},"latest_time":"2026-09-26T13:20","series":"series/873.csv","zero_idro":59.152}},{"type":"Feature","geometry":{"type":"Point","coordinates":[9.37463839,45.85586528]},"properties":{"scode":"880","name":"Valmadrera Malgrate","variables":["LIVIDRO"],"latest":{"LIVIDRO":"31"},"latest_time":"2026-09-26T13:20","series":"series/880.csv","zero_idro":197.357}},{"type":"Feature","geometry":{"type":"Point","coordinates":[9.77927456,45.18635161]},"properties":{"scode":"916","name":"Pizzighettone ponte Trento e Trieste","variables":["LIVIDRO"],"latest":{"LIVIDRO":"-54"},"latest_time":"2026-09-26T13:20","series":"series/916.csv","zero_idro":40.495}},{"type":"Feature","geometry":{"type":"Point","coordinates":[9.65846014,45.89852094]},"properties":{"scode":"1203","name":"Camerata Cornello via Orbrembo 37","variables":["LIVIDRO"],"latest":{"LIVIDRO":"17"},"latest_time":"2026-09-26T13:20","series":"series/1203.csv","zero_idro":424.388}},{"type":"Feature","geometry":{"type":"Point","coordinates":[9.8215332,45.78420692]},"properties":{"scode":"1235","name":"Cene Ponte","variables":["CDD","ET0","GDD","HDD","LIVIDRO","PREC","PREC24","PREC48","TEMP"],"latest":{"CDD":0.0,"ET0":1.93,"GDD":7.8,"HDD":1.1,"LIVIDRO":"-31","PREC":"0.00","PREC24":0.0,"PREC48":0.0,"TEMP":"20.50"},"latest_time":"2026-09-26T13:20","series":"series/1235.csv","zero_idro":355.617}},{"type":"Feature","geometry":{"type":"Point","coordinates":[9.94787769,46.00767519]},"properties":{"scode":"1229","name":"Gandellino Grabiasca","variables":["CDD","ET0","GDD","HDD","LIVIDRO","PREC","PREC24","PREC48","TEMP"],"latest":{"CDD":0.0,"ET0":1.99,"GDD":5.9,"HDD":3.9,"LIVIDRO":"49","PREC":"0.00","PREC24":0.0,"PREC48":0.0,"TEMP":"19.60"},"latest_time":"2026-09-26T13:20","series":"series/1229.csv","zero_idro":733.95}},{"type":"Feature","geometry":{"type":"Point","coordinates":[9.30710044,45.78301922]},"properties":{"scode":"1205","name":"Molteno Cimitero","variables":["CDD","ET0","GDD","HDD","LIVIDRO","PREC","PREC24","PREC48","TDEW","TEMP","UMID","VPD"],"latest":{"CDD":0.0,"ET0":2.15,"GDD":7.9,"HDD":0.6,"LIVIDRO":"-2","PREC":"0.00","PREC24":0.0,"PREC48":0.0,"TDEW":9.3,"TEMP":"21.40","UMID":"48","VPD":1.376},"latest_time":"2026-09-26T13:40","series":"series/1205.csv","zero_idro":261.034}},{"type":"Feature","geometry":{"type":"Point","coordinates":[8.80769797,45.68949617]},"properties":{"scode":"1206","name":"Cavaria con Premezzo v. Cantalupa","variables":["CDD","ET0","GDD","HDD","LIVIDRO","PREC","PREC24","PREC48","TDEW","TEMP","UMID","VPD"],"latest":{"CDD":0.0,"ET0":2.16,"GDD":9.8,"HDD":0.0,"LIVIDRO":"12","PREC":"0.00","PREC24":0.0,"PREC48":0.0,"TDEW":10.8,"TEMP":"23.10","UMID":"43","VPD":1.526},"latest_time":"2026-09-26T13:40","series":"series/1206.csv","zero_idro":255.942}},{"type":"Feature","geometry":{"type":"Point","coordinates":[9.11586721,46.03628012]},"properties":{"scode":"1200","name":"Porlezza via Porto Letizia","variables":["LIVIDRO"],"latest":{"LIVIDRO":"44"},"latest_time":"2026-09-26T13:40","series":"series/1200.csv","zero_idro":270.265}},{"type":"Feature","geometry":{"type":"Point","coordinates":[10.40760146,45.2205601]},"properties":{"scode":"1074","name":"Asola v. Carducci","variables":["LIVIDRO"],"latest":{"LIVIDRO":"64"},"latest_time":"2026-09-26T13:40","series":"series/1074.csv","zero_idro":32.089}},{"type":"Feature","geometry":{"type":"Point","coordinates":[9.37652772,46.32543978]},"properties":{"scode":"1076","name":"Chiavenna Inferno","variables":["LIVIDRO"],"latest":{"LIVIDRO":"-9"},"latest_time":"2026-09-26T13:40","series":"series/1076.csv","zero_idro":377.058}},{"type":"Feature","geometry":{"type":"Point","coordinates":[8.63749207,45.72412028]},"properties":{"scode":"1079","name":"Sesto Calende alzaia","variables":["LIVIDRO"],"latest":{"LIVIDRO":"-11"},"latest_time":"2026-09-26T13:40","series":"series/1079.csv","zero_idro":192.924}},{"type":"Feature","geometry":{"type":"Point","coordinates":[10.03847892,46.15827664]},"properties":{"scode":"1328","name":"Teglio S. Giacomo","variables":["CDD","ET0","GDD","HDD","LIVIDRO","PREC","PREC24","PREC48","TEMP"],"latest":{"CDD":0.0,"ET0":2.08,"GDD":7.9,"HDD":1.7,"LIVIDRO":"-41","PREC":"0.00","PREC24":0.0,"PREC48":0.0,"TEMP":"21.40"},"latest_time":"2026-09-26T13:40","series":"series/1328.csv","zero_idro":357.06}},{"type":"Feature","geometry":{"type":"Point","coordinates":[9.28691933,45.80353008]},"properties":{"scode":"1341","name":"Bosisio Parini Imbarcadero","variables":["LIVIDRO","PREC","PREC24","PREC48"],"latest":{"LIVIDRO":"4","PREC":"0.00","PREC24":0.0,"PREC48":0.0},"latest_time":"2026-09-26T13:40","series":"series/1341.csv","zero_idro":259.906}},{"type":"Feature","geometry":{"type":"Point","coordinates":[8.86333267,45.24779339]},"properties":{"scode":"1348","name":"Gambolò via Roma","variables":["LIVIDRO"],"latest":{"LIVIDRO":"49"},"latest_time":"2026-09-26T13:40","series":"series/1348.csv","zero_idro":96.653}},{"type":"Feature","geometry":{"type":"Point","coordinates":[9.49827164,45.47610117]},"properties":{"scode":"1349","name":"Rivolta d'Adda SP 4","variables":["LIVIDRO"],"latest":{"LIVIDRO":"-151"},"latest_time":"2026-09-26T13:40","series":"series/1349.csv","zero_idro":98.053}},{"type":"Feature","geometry":{"type":"Point","coordinates":[9.38073919,45.30034622]},"properties":{"scode":"1351","name":"Salerano sul Lambro SP115","variables":["LIVIDRO"],"latest":{"LIVIDRO":"92"},"latest_time":"2026-09-26T13:40","series":"series/1351.csv","zero_idro":60.706}},{"type":"Feature","geometry":{"type":"Point","coordinates":[10.34189741,46.03038681]},"properties":{"scode":"1377","name":"Capo di Ponte v.Bona","variables":["LIVIDRO"],"latest":{"LIVIDRO":"54"},"latest_time":"2026-09-26T13:50","series":"series/1377.csv","zero_idro":362.543}},{"type":"Feature","geometry":{"type":"Point","coordinates":[8.8661021,45.75870277]},"properties":{"scode":"1381","name":"Castiglione Olona v. XXIV Maggio","variables":["LIVIDRO"],"latest":{"LIVIDRO":"38"},"latest_time":"2026-09-26T13:50","series":"series/1381.csv"}},{"type":"Feature","geometry":{"type":"Point","coordinates":[10.17358369,45.87654905]},"properties":{"scode":"1549","name":"Darfo Boario Terme Cav. Vittorio Veneto","variables":["LIVIDRO"],"latest":{"LIVIDRO":"44"},"latest_time":"2026-09-26T13:50","series":"series/1549.csv","zero_idro":203.09}},{"type":"Feature","geometry":{"type":"Point","coordinates":[9.51537988,45.49294606]},"properties":{"scode":"1870","name":"Rivolta d'Adda Monfalcone","variables":["LIVIDRO"],"latest":{"LIVIDRO":"172"},"latest_time":"2026-09-26T13:50","series":"series/1870.csv"}},{"type":"Feature","geometry":{"type":"Point","coordinates":[9.19242615,45.37827173]},"properties":{"scode":"1875","name":"Opera Ponte Matteotti","variables":["LIVIDRO"],"latest":{"LIVIDRO":"129"},"latest_time":"2026-09-26T13:50","series":"series/1875.csv"}},{"type":"Feature","geometry":{"type":"Point","coordinates":[10.1501359,46.20995305]},"properties":{"scode":"1876","name":"Tirano Via Poschiavino","variables":["LIVIDRO"],"latest":{"LIVIDRO":"6"},"latest_time":"2026-09-26T13:50","series":"series/1876.csv"}},{"type":"Feature","geometry":{"type":"Point","coordinates":[8.87742568,45.06382594]},"properties":{"scode":"1881","name":"Mezzana Bigli Passerella","variables":["LIVIDRO"],"latest":{"LIVIDRO":"2"},"latest_time":"2026-09-26T13:50","series":"series/1881.csv"}},{"type":"Feature","geometry":{"type":"Point","coordinates":[10.40336666,45.45587333]},"properties":{"scode":"1878","name":"Calcinato Ponte Santa Maria","variables":["LIVIDRO"],"latest":{"LIVIDRO":"86"},"latest_time":"2026-09-26T13:50","series":"series/1878.csv"}},{"type":"Feature","geometry":{"type":"Point","coordinates":[9.31593125,45.19640116]},"properties":{"scode":"1864","name":"Vistarino","variables":["LIVIDRO"],"latest":{"LIVIDRO":"160"},"latest_time":"2026-09-26T13:50","series":"series/1864.csv"}},{"type":"Feature","geometry":{"type":"Point","coordinates":[9.06769274,45.83674293]},"properties":{"scode":"1865","name":"Cernobbio Ponte Nuovo","variables":["LIVIDRO"],"latest":{"LIVIDRO":"94"},"latest_time":"2026-09-26T13:50","series":"series/1865.csv"}},{"type":"Feature","geometry":{"type":"Point","coordinates":[10.20935956,45.26835251]},"properties":{"scode":"1867","name":"Pralboino SP64","variables":["LIVIDRO"],"latest":{"LIVIDRO":"120"},"latest_time":"2026-09-26T13:50","series":"series/1867.csv"}},{"type":"Feature","geometry":{"type":"Point","coordinates":[10.52894192,45.11674983]},"properties":{"scode":"1868","name":"Marcaria Argine Oglio","variables":["LIVIDRO"],"latest":{"LIVIDRO":"142"},"latest_time":"2026-09-26T13:50","series":"series/1868.csv"}},{"type":"Feature","geometry":{"type":"Point","coordinates":[9.40536414,46.17353887]},"properties":{"scode":"1869","name":"Sorico Ponte del Passo","variables":["LIVIDRO"],"latest":{"LIVIDRO":"36"},"latest_time":"2026-09-26T13:50","series":"series/1869.csv"}},{"type":"Feature","geometry":{"type":"Point","coordinates":[10.470188,46.44292]},"properties":{"scode":"92","name":"Valfurva Confinale","variables":["CDD","ET0","GDD","HDD","LIVIDRO","LIVNEVE","PREC","PREC24","PREC48","TEMP"],"latest":{"CDD":0.0,"ET0":1.87,"GDD":0.2,"HDD":10.4,"LIVIDRO":"39","LIVNEVE":"13","PREC":"0.00","PREC24":0.0,"PREC48":0.0,"TEMP":"15.07"},"latest_time":"2026-09-26T14:00","series":"series/92.csv"}},{"type":"Feature","geometry":{"type":"Point","coordinates":[8.87967586,45.34142636]},"properties":{"scode":"886","name":"Vigevano SS494","variables":["CDD","ET0","GDD","HDD","LIVIDRO","PREC","PREC24","PREC48","TEMP"],"latest":{"CDD":0.0,"ET0":2.05,"GDD":9.6,"HDD":0.0,"LIVIDRO":"-80","PREC":"0.00","PREC24":0.0,"PREC48":0.0,"TEMP":"22.50"},"latest_time":"2026-09-26T13:50","series":"series/886.csv","zero_idro":84.691}},{"type":"Feature","geometry":{"type":"Point","coordinates":[9.14525888,45.64224529]},"properties":{"scode":"1913","name":"Seveso c.so Isonzo","variables":["LIVIDRO"],"latest":{"LIVIDRO":"-24"},"latest_time":"2026-09-26T14:00","series":"series/1913.csv"}},{"type":"Feature","geometry":{"type":"Point","coordinates":[9.84904342,45.69044264]},"properties":{"scode":"1914","name":"Trescore Balneario V. Cherio","variables":["LIVIDRO","PREC","PREC24","PREC48"],"latest":{"LIVIDRO":"23","PREC":"-999","PREC24":-4995.0,"PREC48":-7992.0},"latest_time":"2026-09-26T14:00","series":"series/1914.csv"}},{"type":"Feature","geometry":{"type":"Point","coordinates":[9.04819014,45.57409116]},"properties":{"scode":"1508","name":"Lainate SP 109","variables":["LIVIDRO"],"latest":{"LIVIDRO":"-1"},"latest_time":"2026-09-26T14:00","series":"series/1508.csv"}},{"type":"Feature","geometry":{"type":"Point","coordinates":[10.3550932,46.42424006]},"properties":{"scode":"1","name":"Valdisotto Cepina","variables":["LIVIDRO"],"latest":{"LIVIDRO":"27"},"latest_time":"2026-09-26T07:00","series":"series/1.csv","zero_idro":1117.689}},{"type":"Feature","geometry":{"type":"Point","coordinates":[10.35482008,46.35017633]},"properties":{"scode":"3","name":"Sondalo Le Prese","variables":["CDD","ET0","GDD","HDD","LIVIDRO","PREC","PREC24","PREC48","TDEW","TEMP","UMID","VPD"],"latest":{"CDD":0.0,"ET0":2.05,"GDD":3.4,"HDD":7.1,"LIVIDRO":"38","PREC":"0.00","PREC24":0.0,"PREC48":0.0,"TDEW":8.8,"TEMP":"18.30","UMID":"57","VPD":0.967},"latest_time":"2026-09-26T13:40","series":"series/3.csv"}},{"type":"Feature","geometry":{"type":"Point","coordinates":[9.86629046,46.17003911]},"properties":{"scode":"9","name":"Sondrio Ponte Eifell","variables":["LIVIDRO"],"latest":{"LIVIDRO":"29"},"latest_time":"2026-09-26T13:10","series":"series/9.csv"}},{"type":"Feature","geometry":{"type":"Point","coordinates":[9.884505,46.270224]},"properties":{"scode":"33","name":"Lanzada Ganda","variables":["CDD","ET0","GDD","HDD","LIVIDRO","PREC","PREC24","PREC48","TDEW","TEMP","UMID","VPD"],"latest":{"CDD":0.0,"ET0":2.93,"GDD":5.2,"HDD":4.5,"LIVIDRO":"19","PREC":"0.00","PREC24":0.0,"PREC48":0.0,"TDEW":-6.8,"TEMP":"20.80","UMID":"15","VPD":2.088},"latest_time":"2026-09-24T19:20","series":"series/33.csv"}},{"type":"Feature","geometry":{"type":"Point","coordinates":[8.83089984,45.14939126]},"properties":{"scode":"1088","name":"Ottobiano via Manzoni","variables":["LIVIDRO"],"latest":{"LIVIDRO":"78"},"latest_time":"2026-09-26T07:00","series":"series/1088.csv"}},{"type":"Feature","geometry":{"type":"Point","coordinates":[9.36159771,45.21629428]},"properties":{"scode":"1089","name":"Villanterio via Roma","variables":["LIVIDRO"],"latest":{"LIVIDRO":"65"},"latest_time":"2026-09-26T07:00","series":"series/1089.csv"}},{"type":"Feature","geometry":{"type":"Point","coordinates":[8.71572947,45.81997424]},"properties":{"scode":"1977","name":"Biandronno Virginia","variables":["LIVIDRO"],"latest":{"LIVIDRO":"-33"},"latest_time":"2026-09-26T07:00","series":"series/1977.csv"}},{"type":"Feature","geometry":{"type":"Point","coordinates":[9.94465978,45.78568541]},"properties":{"scode":"1978","name":"Ranzanico Porto","variables":["LIVIDRO"],"latest":{"LIVIDRO":"80"},"latest_time":"2026-09-26T07:00","series":"series/1978.csv"}},{"type":"Feature","geometry":{"type":"Point","coordinates":[9.37081691,46.13749373]},"properties":{"scode":"1979","name":"Colico Porto","variables":["LIVIDRO"],"latest":{"LIVIDRO":"37"},"latest_time":"2026-09-26T07:00","series":"series/1979.csv"}},{"type":"Feature","geometry":{"type":"Point","coordinates":[9.35446243,45.79911256]},"properties":{"scode":"1980","name":"Oggiono Lungolago","variables":["LIVIDRO"],"latest":{"LIVIDRO":"-35"},"latest_time":"2026-09-26T07:00","series":"series/1980.csv"}},{"type":"Feature","geometry":{"type":"Point","coordinates":[10.16058803,45.835988]},"properties":{"scode":"1583","name":"Pian Camuno Roncaglia SCM2","variables":["CDD","ET0","GDD","HDD","LIVNEVE","PREC","PREC24","PREC48","TEMP"],"latest":{"CDD":0.0,"ET0":1.77,"GDD":6.1,"HDD":3.2,"LIVNEVE":"27","PREC":"0.00","PREC24":0.0,"PREC48":0.0,"TEMP":"18.90"},"latest_time":"2026-09-26T13:40","series":"series/1583.csv"}},{"type":"Feature","geometry":{"type":"Point","coordinates":[10.3772068,46.1631966]},"properties":{"scode":"1340","name":"Sonico Pal alta","variables":["CDD","ET0","GDD","HDD","LIVNEVE","TEMP"],"latest":{"CDD":0.0,"ET0":1.61,"GDD":2.4,"HDD":7.0,"LIVNEVE":"-3","TEMP":"15.40"},"latest_time":"2026-09-26T13:30","series":"series/1340.csv"}},{"type":"Feature","geometry":{"type":"Point","coordinates":[9.76307569,46.32146572]},"properties":{"scode":"27","name":"Chiesa in Valmalenco Alpe dell' Oro","variables":["CDD","ET0","GDD","HDD","LIVNEVE","PREC","PREC24","PREC48","TEMP"],"latest":{"CDD":0.0,"ET0":2.15,"GDD":0.3,"HDD":8.8,"LIVNEVE":"0","PREC":"0.00","PREC24":0.0,"PREC48":0.0,"TEMP":"16.02"},"latest_time":"2026-09-26T13:00","series":"series/27.csv"}},{"type":"Feature","geometry":{"type":"Point","coordinates":[10.26736607,46.50284199]},"properties":{"scode":"46","name":"Valdidentro Monte Trela","variables":["CDD","ET0","GDD","HDD","LIVNEVE","PREC","PREC24","PREC48","TDEW","TEMP","UMID","VPD"],"latest":{"CDD":0.0,"ET0":1.87,"GDD":2.7,"HDD":7.3,"LIVNEVE":"1","PREC":"0.00","PREC24":0.0,"PREC48":0.0,"TDEW":2.4,"TEMP":"16.87","UMID":"38","VPD":1.192},"latest_time":"2026-09-26T13:00","series":"series/46.csv"}},{"type":"Feature","geometry":{"type":"Point","coordinates":[9.863706,46.290759]},"properties":{"scode":"29","name":"Chiesa in Valmalenco Funivia Bernina","variables":["CDD","ET0","GDD","HDD","LIVNEVE","PREC","PREC24","PREC48","TEMP"],"latest":{"CDD":0.0,"ET0":2.04,"GDD":0.0,"HDD":9.9,"LIVNEVE":"8","PREC":"0.00","PREC24":0.0,"PREC48":0.0,"TEMP":"14.90"},"latest_time":"2026-09-26T13:00","series":"series/29.csv"}},{"type":"Feature","geometry":{"type":"Point","coordinates":[9.92752017,46.30575733]},"properties":{"scode":"30","name":"Lanzada Campo Moro","variables":["LIVNEVE","PREC","PREC24","PREC48"],"latest":{"LIVNEVE":"6","PREC":"0.00","PREC24":0.0,"PREC48":0.0},"latest_time":"2026-09-26T13:00","series":"series/30.csv"}},{"type":"Feature","geometry":{"type":"Point","coordinates":[10.33030201,46.38354896]},"properties":{"scode":"82","name":"Valdisotto Val Pola RTU 004/5","variables":["CDD","ET0","GDD","HDD","LIVNEVE","PREC","PREC24","PREC48","TEMP"],"latest":{"CDD":0.0,"ET0":2.47,"GDD":4.1,"HDD":7.1,"LIVNEVE":"3","PREC":"0.00","PREC24":0.0,"PREC48":0.0,"TEMP":"21.32"},"latest_time":"2026-09-26T13:00","series":"series/82.csv"}},{"type":"Feature","geometry":{"type":"Point","coordinates":[9.83420599,46.23767804]},"properties":{"scode":"26","name":"Torre di Santa Maria Val Torreggio RTU 60","variables":["CDD","ET0","GDD","HDD","LIVNEVE","PREC","PREC24","PREC48","TEMP"],"latest":{"CDD":0.0,"ET0":1.88,"GDD":1.5,"HDD":7.7,"LIVNEVE":"12","PREC":"0.00","PREC24":0.0,"PREC48":0.0,"TEMP":"15.81"},"latest_time":"2026-09-26T12:40","series":"series/26.csv"}},{"type":"Feature","geometry":{"type":"Point","coordinates":[10.24598125,46.32706204]},"properties":{"scode":"52","name":"Grosio Diga Fusino","variables":["CDD","ET0","GDD","HDD","LIVNEVE","PREC","PREC24","PREC48","TEMP"],"latest":{"CDD":0.0,"ET0":1.75,"GDD":1.5,"HDD":7.7,"LIVNEVE":"8","PREC":"0.00","PREC24":0.0,"PREC48":0.0,"TEMP":"15.28"},"latest_time":"2026-09-26T13:00","series":"series/52.csv"}},{"type":"Feature","geometry":{"type":"Point","coordinates":[9.75913061,46.00185828]},"properties":{"scode":"57","name":"Branzi Caserma Carabinieri","variables":["CDD","ET0","GDD","HDD","LIVNEVE","PREC","PREC24","PREC48","TEMP"],"latest":{"CDD":0.0,"ET0":2.13,"GDD":4.5,"HDD":5.3,"LIVNEVE":"4","PREC":"0.00","PREC24":0.0,"PREC48":0.0,"TEMP":"19.15"},"latest_time":"2026-09-26T13:00","series":"series/57.csv"}},{"type":"Feature","geometry":{"type":"Point","coordinates":[9.90255599,46.28755197]},"properties":{"scode":"69","name":"Lanzada Campo Franscia RTU 120","variables":["CDD","ET0","GDD","HDD","LIVNEVE","PREC","PREC24","PREC48","TEMP"],"latest":{"CDD":0.0,"ET0":1.84,"GDD":0.5,"HDD":9.4,"LIVNEVE":"3","PREC":"0.00","PREC24":0.0,"PREC48":0.0,"TEMP":"15.23"},"latest_time":"2026-09-26T12:40","series":"series/69.csv"}},{"type":"Feature","geometry":{"type":"Point","coordinates":[10.1733198,46.244091]},"properties":{"scode":"78","name":"Tirano Monte Masuccio","variables":["CDD","ET0","GDD","HDD","LIVNEVE","PREC","PREC24","PREC48","TEMP"],"latest":{"CDD":0.0,"ET0":1.77,"GDD":0.1,"HDD":8.5,"LIVNEVE":"14","PREC":"0.00","PREC24":0.0,"PREC48":0.0,"TEMP":"13.78"},"latest_time":"2026-09-26T13:00","series":"series/78.csv"}},{"type":"Feature","geometry":{"type":"Point","coordinates":[10.4517298,46.4444313]},"properties":{"scode":"88","name":"Valfurva Scè di Sotto","variables":["CDD","ET0","GDD","HDD","LIVNEVE","PREC","PREC24","PREC48","TEMP"],"latest":{"CDD":0.0,"ET0":2.5,"GDD":4.3,"HDD":8.0,"LIVNEVE":"24","PREC":"0.00","PREC24":0.0,"PREC48":0.0,"TEMP":"21.47"},"latest_time":"2026-09-26T13:00","series":"series/88.csv"}},{"type":"Feature","geometry":{"type":"Point","coordinates":[9.365136,46.326521]},"properties":{"scode":"91","name":"San Giacomo Filippo Val Genasca","variables":["CDD","ET0","GDD","HDD","LIVNEVE","PREC","PREC24","PREC48","TEMP"],"latest":{"CDD":0.0,"ET0":1.59,"GDD":3.6,"HDD":4.9,"LIVNEVE":"3","PREC":"0.00","PREC24":0.0,"PREC48":0.0,"TEMP":"16.21"},"latest_time":"2026-09-26T12:30","series":"series/91.csv"}},{"type":"Feature","geometry":{"type":"Point","coordinates":[10.03860694,46.06456797]},"properties":{"scode":"1216","name":"Valbondione","variables":["CDD","ET0","GDD","HDD","LIVNEVE","PREC","PREC24","PREC48","TDEW","TEMP","UMID","VPD"],"latest":{"CDD":0.0,"ET0":1.53,"GDD":0.0,"HDD":10.3,"LIVNEVE":"-999","PREC":"0.00","PREC24":0.0,"PREC48":0.0,"TDEW":8.6,"TEMP":"12.90","UMID":"75","VPD":0.372},"latest_time":"2026-09-26T13:20","series":"series/1216.csv"}},{"type":"Feature","geometry":{"type":"Point","coordinates":[10.5310511,46.28969035]},"properties":{"scode":"1220","name":"Ponte di Legno Case Pirli","variables":["CDD","ET0","GDD","HDD","LIVNEVE","PREC","PREC24","PREC48","TDEW","TEMP","UMID","VPD"],"latest":{"CDD":0.0,"ET0":1.96,"GDD":1.2,"HDD":9.6,"LIVNEVE":"2","PREC":"0.00","PREC24":0.0,"PREC48":0.0,"TDEW":9.8,"TEMP":"16.60","UMID":"64","VPD":0.68},"latest_time":"2026-09-26T13:20","series":"series/1220.csv"}},{"type":"Feature","geometry":{"type":"Point","coordinates":[10.308807,46.25030272]},"properties":{"scode":"1237","name":"Monno","variables":["CDD","ET0","GDD","HDD","LIVNEVE","PREC","PREC24","PREC48","TDEW","TEMP","UMID","VPD"],"latest":{"CDD":0.0,"ET0":1.62,"GDD":0.0,"HDD":9.7,"LIVNEVE":"12","PREC":"0.00","PREC24":0.0,"PREC48":0.0,"TDEW":7.7,"TEMP":"13.10","UMID":"70","VPD":0.452},"latest_time":"2026-09-26T13:20","series":"series/1237.csv"}},{"type":"Feature","geometry":{"type":"Point","coordinates":[9.83412892,46.32141817]},"properties":{"scode":"28","name":"Chiesa in Valmalenco Alpe Entova","variables":["CDD","ET0","GDD","HDD","LIVNEVE","PREC","PREC24","PREC48","TDEW","TEMP","UMID","VPD"],"latest":{"CDD":0.0,"ET0":2.04,"GDD":0.0,"HDD":10.0,"LIVNEVE":"6","PREC":"0.00","PREC24":0.0,"PREC48":0.0,"TDEW":8.8,"TEMP":"15.60","UMID":"64","VPD":0.638},"latest_time":"2026-09-26T13:10","series":"series/28.csv"}},{"type":"Feature","geometry":{"type":"Point","coordinates":[9.38387611,45.70480511]},"properties":{"scode":"205","name":"Montevecchia cascina Butto","variables":["CDD","ET0","GDD","HDD","PREC","PREC24","PREC48","TDEW","TEMP","UMID","VPD"],"latest":{"CDD":0.0,"ET0":1.87,"GDD":8.5,"HDD":1.0,"PREC":"-999","PREC24":-4995.0,"PREC48":-7992.0,"TDEW":8.5,"TEMP":"21.24","UMID":"44","VPD":1.413},"latest_time":"2026-09-26T13:10","series":"series/205.csv"}},{"type":"Feature","geometry":{"type":"Point","coordinates":[10.38929672,45.64605175]},"properties":{"scode":"659","name":"Odolo v.Praes","variables":["CDD","ET0","GDD","HDD","PREC","PREC24","PREC48","TDEW","TEMP","UMID","VPD"],"latest":{"CDD":0.0,"ET0":2.51,"GDD":6.1,"HDD":4.0,"PREC":"0.00","PREC24":0.0,"PREC48":0.0,"TDEW":9.8,"TEMP":"21.24","UMID":"48","VPD":1.312},"latest_time":"2026-09-26T13:10","series":"series/659.csv"}},{"type":"Feature","geometry":{"type":"Point","coordinates":[10.68336214,45.41277633]},"properties":{"scode":"695","name":"Ponti sul Mincio v.San Martino","variables":["CDD","ET0","GDD","HDD","PREC","PREC24","PREC48","RADSOL","TDEW","TEMP","UMID","VPD"],"latest":{"CDD":0.0,"ET0":2.71,"GDD":7.7,"HDD":2.2,"PREC":"0.00","PREC24":0.0,"PREC48":0.0,"RADSOL":"644","TDEW":8.3,"TEMP":"23.86","UMID":"37","VPD":1.864},"latest_time":"2026-09-26T13:00","series":"series/695.csv"}},{"type":"Feature","geometry":{"type":"Point","coordinates":[9.67144061,45.35656022]},"properties":{"scode":"901","name":"Crema v.Camporelle","variables":["CDD","ET0","GDD","HDD","PREC","PREC24","PREC48","TEMP"],"latest":{"CDD":0.0,"ET0":2.49,"GDD":9.4,"HDD":0.0,"PREC":"0.00","PREC24":0.0,"PREC48":0.0,"TEMP":"23.90"},"latest_time":"2026-09-26T13:20","series":"series/901.csv"}},{"type":"Feature","geometry":{"type":"Point","coordinates":[9.24444953,45.76194769]},"properties":{"scode":"911","name":"Lambrugo","variables":["CDD","ET0","GDD","HDD","PREC","PREC24","PREC48","TEMP"],"latest":{"CDD":0.0,"ET0":2.32,"GDD":9.2,"HDD":0.3,"PREC":"0.00","PREC24":0.0,"PREC48":0.0,"TEMP":"23.00"},"latest_time":"2026-09-26T13:20","series":"series/911.csv"}},{"type":"Feature","geometry":{"type":"Point","coordinates":[9.06639475,45.66138472]},"properties":{"scode":"903","name":"Misinto","variables":["CDD","ET0","GDD","HDD","PREC","PREC24","PREC48","TEMP"],"latest":{"CDD":0.0,"ET0":1.93,"GDD":8.9,"HDD":0.0,"PREC":"0.00","PREC24":0.0,"PREC48":0.0,"TEMP":"21.60"},"latest_time":"2026-09-26T13:20","series":"series/903.csv"}},{"type":"Feature","geometry":{"type":"Point","coordinates":[8.82388414,45.62639047]},"properties":{"scode":"897","name":"Busto Arsizio v.Rossini","variables":["CDD","ET0","GDD","HDD","PREC","PREC24","PREC48","TEMP"],"latest":{"CDD":0.0,"ET0":1.86,"GDD":9.4,"HDD":0.0,"PREC":"0.00","PREC24":0.0,"PREC48":0.0,"TEMP":"21.90"},"latest_time":"2026-09-26T13:20","series":"series/897.csv"}},{"type":"Feature","geometry":{"type":"Point","coordinates":[9.72083264,45.16194522]},"properties":{"scode":"898","name":"Codogno Ist.Tosi","variables":["PREC","PREC24","PREC48"],"latest":{"PREC":"0.00","PREC24":0.0,"PREC48":0.0},"latest_time":"2026-09-26T13:20","series":"series/898.csv"}},{"type":"Feature","geometry":{"type":"Point","coordinates":[10.29694303,46.07861336]},"properties":{"scode":"904","name":"Paisco Loveno","variables":["CDD","ET0","GDD","HDD","PREC","PREC24","PREC48","TDEW","TEMP","UMID","VPD"],"latest":{"CDD":0.0,"ET0":1.85,"GDD":4.8,"HDD":4.7,"PREC":"0.00","PREC24":0.0,"PREC48":0.0,"TDEW":11.5,"TEMP":"18.20","UMID":"64","VPD":0.732},"latest_time":"2026-09-26T13:40","series":"series/904.csv"}},{"type":"Feature","geometry":{"type":"Point","coordinates":[8.82361133,45.83249661]},"properties":{"scode":"907","name":"Varese v.Appiani","variables":["CDD","ET0","GDD","HDD","PREC","PREC24","PREC48","TEMP"],"latest":{"CDD":0.0,"ET0":1.61,"GDD":8.3,"HDD":0.7,"PREC":"0.00","PREC24":0.0,"PREC48":0.0,"TEMP":"20.30"},"latest_time":"2026-09-26T13:20","series":"series/907.csv"}},{"type":"Feature","geometry":{"type":"Point","coordinates":[10.79557331,45.16057658]},"properties":{"scode":"670","name":"Mantova S.Agnese","variables":["CDD","ET0","GDD","HDD","PREC","PREC24","PREC48","TDEW","TEMP","UMID","VPD"],"latest":{"CDD":0.0,"ET0":2.72,"GDD":9.0,"HDD":2.0,"PREC":"0.00","PREC24":0.0,"PREC48":0.0,"TDEW":9.0,"TEMP":"24.66","UMID":"37","VPD":1.956},"latest_time":"2026-09-26T13:20","series":"series/670.csv"}},{"type":"Feature","geometry":{"type":"Point","coordinates":[9.66625758,45.23349689]},"properties":{"scode":"1266","name":"Bertonico v.Moro","variables":["CDD","ET0","GDD","HDD","PREC","PREC24","PREC48","RADSOL","TAPP","TDEW","TEMP","UMID","VPD","VVENTO"],"latest":{"CDD":0.0,"ET0":2.63,"GDD":9.1,"HDD":0.3,"PREC":"0.00","PREC24":0.0,"PREC48":0.0,"RADSOL":"777","TAPP":22.5,"TDEW":8.8,"TEMP":"24.04","UMID":"38","VPD":1.854,"VVENTO":"1.88"},"latest_time":"2026-09-26T13:20","series":"series/1266.csv"}},{"type":"Feature","geometry":{"type":"Point","coordinates":[9.28641942,46.01583272]},"properties":{"scode":"1274","name":"Perledo P.zza della stazione","variables":["PREC","PREC24","PREC48"],"latest":{"PREC":"0.00","PREC24":0.0,"PREC48":0.0},"latest_time":"2026-09-26T13:20","series":"series/1274.csv"}},{"type":"Feature","geometry":{"type":"Point","coordinates":[9.336862,46.097601]},"properties":{"scode":"1338","name":"Sueglio Monte Letee","variables":["CDD","ET0","GDD","HDD","PREC","PREC24","PREC48","TEMP"],"latest":{"CDD":0.0,"ET0":1.43,"GDD":3.9,"HDD":5.2,"PREC":"0.00","PREC24":0.0,"PREC48":0.0,"TEMP":"15.99"},"latest_time":"2026-09-26T13:10","series":"series/1338.csv"}},{"type":"Feature","geometry":{"type":"Point","coordinates":[10.201751,45.854273]},"properties":{"scode":"1548","name":"Gianico Val Vedetta","variables":["CDD","ET0","GDD","HDD","PREC","PREC24","PREC48","TEMP"],"latest":{"CDD":0.0,"ET0":1.39,"GDD":2.4,"HDD":6.5,"PREC":"0.00","PREC24":0.0,"PREC48":0.0,"TEMP":"14.53"},"latest_time":"2026-09-26T13:30","series":"series/1548.csv"}},{"type":"Feature","geometry":{"type":"Point","coordinates":[9.45812983,46.16725553]},"properties":{"scode":"1518","name":"Dubino La Piazza","variables":["CDD","ET0","GDD","HDD","PREC","PREC24","PREC48","TDEW","TEMP","UMID","VPD"],"latest":{"CDD":0.0,"ET0":1.65,"GDD":3.8,"HDD":4.8,"PREC":"-999","PREC24":-4995.0,"PREC48":-7992.0,"TDEW":12.3,"TEMP":"15.18","UMID":"83","VPD":0.293},"latest_time":"2026-09-26T14:00","series":"series/1518.csv"}},{"type":"Feature","geometry":{"type":"Point","coordinates":[9.413906,46.292608]},"properties":{"scode":"1556","name":"Prata Camportaccio Pratella","variables":["CDD","ET0","GDD","HDD","PREC","PREC24","PREC48","TDEW","TEMP","UMID","VPD"],"latest":{"CDD":0.0,"ET0":1.81,"GDD":3.9,"HDD":5.3,"PREC":"-999","PREC24":-4995.0,"PREC48":-7992.0,"TDEW":11.3,"TEMP":"17.30","UMID":"68","VPD":0.632},"latest_time":"2026-09-26T13:50","series":"series/1556.csv"}},{"type":"Feature","geometry":{"type":"Point","coordinates":[8.89260364,45.89770027]},"properties":{"scode":"1561","name":"Porto Ceresio campo sportivo","variables":["CDD","ET0","GDD","HDD","PREC","PREC24","PREC48","TDEW","TEMP","UMID","VPD"],"latest":{"CDD":0.0,"ET0":2.4,"GDD":8.9,"HDD":1.1,"PREC":"-999","PREC24":-4995.0,"PREC48":-7991.8,"TDEW":10.8,"TEMP":"23.43","UMID":"45","VPD":1.586},"latest_time":"2026-09-26T13:50","series":"series/1561.csv"}},{"type":"Feature","geometry":{"type":"Point","coordinates":[9.30538273,46.06896591]},"properties":{"scode":"1559","name":"Dervio v.S.Cecilia","variables":["CDD","ET0","GDD","HDD","PREC","PREC24","PREC48","TDEW","TEMP","UMID","VPD"],"latest":{"CDD":0.0,"ET0":2.17,"GDD":9.9,"HDD":0.0,"PREC":"-999","PREC24":-4995.0,"PREC48":-7992.0,"TDEW":13.4,"TEMP":"23.23","UMID":"54","VPD":1.31},"latest_time":"2026-09-26T13:50","series":"series/1559.csv"}},{"type":"Feature","geometry":{"type":"Point","coordinates":[10.415068,44.996044]},"properties":{"scode":"1656","name":"Casalmaggiore campo sportivo","variables":["CDD","ET0","GDD","HDD","PREC","PREC24","PREC48","RADSOL","TDEW","TEMP","UMID","VPD"],"latest":{"CDD":0.0,"ET0":2.95,"GDD":8.1,"HDD":1.7,"PREC":"-999","PREC24":-4995.0,"PREC48":-7992.0,"RADSOL":"686","TDEW":10.8,"TEMP":"25.01","UMID":"41","VPD":1.87},"latest_time":"2026-09-26T13:50","series":"series/1656.csv"}},{"type":"Feature","geometry":{"type":"Point","coordinates":[9.801961,45.593154]},"properties":{"scode":"1659","name":"Mornico al Serio campo sportivo","variables":["CDD","ET0","GDD","HDD","PREC","PREC24","PREC48","RADSOL","TDEW","TEMP","UMID","VPD"],"latest":{"CDD":0.0,"ET0":2.37,"GDD":9.7,"HDD":0.0,"PREC":"-999","PREC24":-4995.0,"PREC48":-7992.0,"RADSOL":"644","TDEW":11.1,"TEMP":"23.72","UMID":"45","VPD":1.614},"latest_time":"2026-09-26T13:40","series":"series/1659.csv"}},{"type":"Feature","geometry":{"type":"Point","coordinates":[8.71373858,45.94458167]},"properties":{"scode":"1891","name":"Porto Valtravaglia San Michele","variables":["CDD","ET0","GDD","HDD","PREC","PREC24","PREC48","TDEW","TEMP","UMID","VPD"],"latest":{"CDD":0.0,"ET0":1.79,"GDD":6.0,"HDD":3.2,"PREC":"0.00","PREC24":0.0,"PREC48":0.0,"TDEW":10.8,"TEMP":"18.70","UMID":"60","VPD":0.863},"latest_time":"2026-09-26T13:40","series":"series/1891.csv"}},{"type":"Feature","geometry":{"type":"Point","coordinates":[9.14554466,45.64358606]},"properties":{"scode":"1912","name":"Seveso v. Europa Unita","variables":["PREC","PREC24","PREC48"],"latest":{"PREC":"-999","PREC24":-4995.0,"PREC48":-7992.0},"latest_time":"2026-09-26T13:30","series":"series/1912.csv"}},{"type":"Feature","geometry":{"type":"Point","coordinates":[9.38509974,45.55743938]},"properties":{"scode":"1985","name":"Caponago Casello idraulico","variables":["CDD","ET0","GDD","HDD","PREC","PREC24","PREC48","RADSOL","TEMP"],"latest":{"CDD":0.0,"ET0":2.11,"GDD":10.0,"HDD":0.0,"PREC":"0.00","PREC24":0.0,"PREC48":0.0,"RADSOL":"687","TEMP":"23.20"},"latest_time":"2026-09-26T13:50","series":"series/1985.csv"}},{"type":"Feature","geometry":{"type":"Point","coordinates":[9.15773268,45.58313746]},"properties":{"scode":"1509","name":"Paderno Dugnano Palazzolo Parco Borghetto","variables":["PREC","PREC24","PREC48"],"latest":{"PREC":"-999","PREC24":-4995.0,"PREC48":-7992.0},"latest_time":"2026-09-26T13:40","series":"series/1509.csv"}},{"type":"Feature","geometry":{"type":"Point","coordinates":[9.24580749,45.58862553]},"properties":{"scode":"1510","name":"Monza v.Monte Generoso","variables":["CDD","ET0","GDD","HDD","PREC","PREC24","PREC48","TDEW","TEMP","UMID","VPD"],"latest":{"CDD":0.0,"ET0":2.54,"GDD":10.5,"HDD":0.0,"PREC":"-999","PREC24":-4995.0,"PREC48":-7992.0,"TDEW":8.8,"TEMP":"22.38","UMID":"42","VPD":1.569},"latest_time":"2026-09-26T13:40","series":"series/1510.csv"}},{"type":"Feature","geometry":{"type":"Point","coordinates":[8.95289668,45.60784534]},"properties":{"scode":"1511","name":"Rescaldina","variables":["CDD","ET0","GDD","HDD","PREC","PREC24","PREC48","TDEW","TEMP","UMID","VPD"],"latest":{"CDD":0.0,"ET0":1.95,"GDD":9.4,"HDD":0.0,"PREC":"-999","PREC24":-4995.0,"PREC48":-7992.0,"TDEW":9.7,"TEMP":"22.15","UMID":"45","VPD":1.468},"latest_time":"2026-09-26T13:40","series":"series/1511.csv"}},{"type":"Feature","geometry":{"type":"Point","coordinates":[9.00519996,45.53557672]},"properties":{"scode":"1512","name":"Pogliano Milanese","variables":["CDD","ET0","GDD","HDD","PREC","PREC24","PREC48","TDEW","TEMP","UMID","VPD"],"latest":{"CDD":0.0,"ET0":1.91,"GDD":9.8,"HDD":0.0,"PREC":"-999","PREC24":-4995.0,"PREC48":-7992.0,"TDEW":8.1,"TEMP":"22.36","UMID":"40","VPD":1.622},"latest_time":"2026-09-26T13:40","series":"series/1512.csv"}},{"type":"Feature","geometry":{"type":"Point","coordinates":[9.455467,46.198677]},"properties":{"scode":"1562","name":"Verceia Campo sportivo","variables":["CDD","ET0","GDD","HDD","PREC","PREC24","PREC48","TEMP"],"latest":{"CDD":0.0,"ET0":2.16,"GDD":8.5,"HDD":0.7,"PREC":"0.00","PREC24":0.0,"PREC48":0.0,"TEMP":"22.16"},"latest_time":"2026-09-26T13:30","series":"series/1562.csv"}},{"type":"Feature","geometry":{"type":"Point","coordinates":[9.121938,44.84575]},"properties":{"scode":"1568","name":"Ponte Nizza Vignola","variables":["CDD","ET0","GDD","HDD","PREC","PREC24","PREC48","TEMP"],"latest":{"CDD":0.0,"ET0":2.73,"GDD":10.1,"HDD":0.4,"PREC":"0.00","PREC24":0.0,"PREC48":0.0,"TEMP":"25.10"},"latest_time":"2026-09-26T13:40","series":"series/1568.csv"}},{"type":"Feature","geometry":{"type":"Point","coordinates":[10.255872,46.066981]},"properties":{"scode":"1569","name":"Paisco Loveno Grumello","variables":["CDD","ET0","GDD","HDD","PREC","PREC24","PREC48","TEMP"],"latest":{"CDD":0.0,"ET0":1.55,"GDD":1.9,"HDD":6.9,"PREC":"0.00","PREC24":0.0,"PREC48":0.0,"TEMP":"14.70"},"latest_time":"2026-09-26T13:30","series":"series/1569.csv"}},{"type":"Feature","geometry":{"type":"Point","coordinates":[9.701726,45.878392]},"properties":{"scode":"1572","name":"Dossena ST1","variables":["CDD","ET0","GDD","HDD","PREC","PREC24","PREC48","TEMP"],"latest":{"CDD":0.0,"ET0":1.81,"GDD":3.8,"HDD":5.3,"PREC":"0.00","PREC24":0.0,"PREC48":0.0,"TEMP":"16.70"},"latest_time":"2026-09-26T13:40","series":"series/1572.csv"}},{"type":"Feature","geometry":{"type":"Point","coordinates":[9.95468,45.996306]},"properties":{"scode":"1576","name":"Gandellino Tezzi","variables":["CDD","ET0","GDD","HDD","PREC","PREC24","PREC48","TEMP"],"latest":{"CDD":0.0,"ET0":1.84,"GDD":4.2,"HDD":5.2,"PREC":"0.00","PREC24":-999.0,"PREC48":-999.0,"TEMP":"17.70"},"latest_time":"2026-09-26T13:40","series":"series/1576.csv"}},{"type":"Feature","geometry":{"type":"Point","coordinates":[9.356727,45.895236]},"properties":{"scode":"1577","name":"Abbadia Lariana Torrioni di Rialba","variables":["CDD","ET0","GDD","HDD","PREC","PREC24","PREC48","TEMP"],"latest":{"CDD":0.0,"ET0":2.34,"GDD":9.9,"HDD":0.7,"PREC":"0.00","PREC24":0.0,"PREC48":0.0,"TEMP":"23.90"},"latest_time":"2026-09-26T13:30","series":"series/1577.csv"}},{"type":"Feature","geometry":{"type":"Point","coordinates":[9.13034906,46.08918704]},"properties":{"scode":"1589","name":"San Nazzaro Val Cavargna C5","variables":["CDD","ET0","GDD","HDD","PREC","PREC24","PREC48","TEMP"],"latest":{"CDD":0.0,"ET0":1.49,"GDD":3.6,"HDD":5.0,"PREC":"0.00","PREC24":-999.0,"PREC48":-1998.0,"TEMP":"15.80"},"latest_time":"2026-09-26T13:40","series":"series/1589.csv"}},{"type":"Feature","geometry":{"type":"Point","coordinates":[10.32737507,46.05656602]},"properties":{"scode":"1599","name":"Sellero Zinvill S1","variables":["CDD","ET0","GDD","HDD","PREC","PREC24","PREC48","TEMP"],"latest":{"CDD":0.0,"ET0":2.06,"GDD":3.9,"HDD":5.2,"PREC":"0.00","PREC24":0.0,"PREC48":0.0,"TEMP":"17.80"},"latest_time":"2026-09-26T13:30","series":"series/1599.csv"}},{"type":"Feature","geometry":{"type":"Point","coordinates":[9.37800595,46.10797603]},"properties":{"scode":"1601","name":"Dorio Bedolesso","variables":["CDD","ET0","GDD","HDD","PREC","PREC24","PREC48","TEMP"],"latest":{"CDD":0.0,"ET0":1.53,"GDD":5.2,"HDD":3.8,"PREC":"0.00","PREC24":0.0,"PREC48":0.0,"TEMP":"17.00"},"latest_time":"2026-09-26T13:40","series":"series/1601.csv"}},{"type":"Feature","geometry":{"type":"Point","coordinates":[9.868042,46.23805]},"properties":{"scode":"1603","name":"Torre di Santa Maria Val Dagua","variables":["CDD","ET0","GDD","HDD","PREC","PREC24","PREC48","TEMP"],"latest":{"CDD":0.0,"ET0":1.44,"GDD":1.8,"HDD":7.1,"PREC":"0.00","PREC24":0.0,"PREC48":0.0,"TEMP":"14.10"},"latest_time":"2026-09-26T13:40","series":"series/1603.csv"}},{"type":"Feature","geometry":{"type":"Point","coordinates":[9.45762893,46.11307673]},"properties":{"scode":"2181","name":"Delebio Canargo","variables":["CDD","ET0","GDD","HDD","PREC","PREC24","PREC48","TEMP"],"latest":{"CDD":0.0,"ET0":1.83,"GDD":4.6,"HDD":4.7,"PREC":"0.00","PREC24":0.0,"PREC48":0.0,"TEMP":"17.98"},"latest_time":"2026-09-26T13:30","series":"series/2181.csv"}},{"type":"Feature","geometry":{"type":"Point","coordinates":[10.24200594,46.45882331]},"properties":{"scode":"12","name":"Valdidentro Arnoga","variables":["CDD","ET0","GDD","HDD","PREC","PREC24","PREC48","TDEW","TEMP","UMID","VPD"],"latest":{"CDD":0.0,"ET0":2.46,"GDD":2.4,"HDD":7.8,"PREC":"0.00","PREC24":0.0,"PREC48":0.0,"TDEW":4.9,"TEMP":"18.01","UMID":"42","VPD":1.198},"latest_time":"2026-09-26T13:00","series":"series/12.csv"}},{"type":"Feature","geometry":{"type":"Point","coordinates":[9.82983,46.306299]},"properties":{"scode":"23","name":"Chiesa in Valmalenco S.Giuseppe","variables":["PREC","PREC24","PREC48"],"latest":{"PREC":"0.00","PREC24":0.0,"PREC48":0.0},"latest_time":"2026-09-26T13:00","series":"series/23.csv"}},{"type":"Feature","geometry":{"type":"Point","coordinates":[9.359678,46.181098]},"properties":{"scode":"63","name":"Montemezzo Gera Lario","variables":["CDD","ET0","GDD","HDD","PREC","PREC24","PREC48","TEMP"],"latest":{"CDD":0.0,"ET0":1.94,"GDD":6.7,"HDD":2.4,"PREC":"0.00","PREC24":0.0,"PREC48":0.0,"TEMP":"19.55"},"latest_time":"2026-09-26T12:40","series":"series/63.csv"}},{"type":"Feature","geometry":{"type":"Point","coordinates":[10.4249,46.068484]},"properties":{"scode":"65","name":"Saviore dell'Adamello Valle UR01","variables":["CDD","ET0","GDD","HDD","PREC","PREC24","PREC48","TEMP"],"latest":{"CDD":0.0,"ET0":2.1,"GDD":3.7,"HDD":5.8,"PREC":"0.00","PREC24":0.0,"PREC48":0.0,"TEMP":"18.37"},"latest_time":"2026-09-26T13:40","series":"series/65.csv"}},{"type":"Feature","geometry":{"type":"Point","coordinates":[10.273638,46.488662]},"properties":{"scode":"79","name":"Valdidentro Semogo RTU 230","variables":["CDD","ET0","GDD","HDD","PREC","PREC24","PREC48","TDEW","TEMP","UMID","VPD"],"latest":{"CDD":0.0,"ET0":2.24,"GDD":2.6,"HDD":7.8,"PREC":"0.00","PREC24":0.0,"PREC48":0.0,"TDEW":5.3,"TEMP":"15.71","UMID":"50","VPD":0.892},"latest_time":"2026-09-26T12:40","series":"series/79.csv"}},{"type":"Feature","geometry":{"type":"Point","coordinates":[9.74368,45.997079]},"properties":{"scode":"89","name":"Branzi Il Pizzo","variables":["CDD","ET0","GDD","HDD","PREC","PREC24","PREC48","TEMP"],"latest":{"CDD":0.0,"ET0":1.46,"GDD":0.1,"HDD":8.8,"PREC":"0.00","PREC24":0.0,"PREC48":0.0,"TEMP":"12.64"},"latest_time":"2026-09-26T13:00","series":"series/89.csv"}},{"type":"Feature","geometry":{"type":"Point","coordinates":[10.449929,45.732214]},"properties":{"scode":"192","name":"Idro Frana","variables":["CDD","ET0","GDD","HDD","PREC","PREC24","PREC48","TEMP"],"latest":{"CDD":0.0,"ET0":1.91,"GDD":5.4,"HDD":4.1,"PREC":"0.00","PREC24":-999.0,"PREC48":-999.0,"TEMP":"18.70"},"latest_time":"2026-09-26T13:20","series":"series/192.csv"}},{"type":"Feature","geometry":{"type":"Point","coordinates":[9.37965968,45.26066731]},"properties":{"scode":"109","name":"Sant'Angelo Lodigiano","variables":["CDD","ET0","GDD","HDD","PREC","PREC24","PREC48","RADSOL","TDEW","TEMP","UMID","VPD"],"latest":{"CDD":0.0,"ET0":2.31,"GDD":8.9,"HDD":0.6,"PREC":"0.00","PREC24":0.0,"PREC48":0.0,"RADSOL":"705","TDEW":7.4,"TEMP":"22.90","UMID":"37","VPD":1.759},"latest_time":"2026-09-26T12:50","series":"series/109.csv"}},{"type":"Feature","geometry":{"type":"Point","coordinates":[10.33339293,46.17572375]},"properties":{"scode":"117","name":"Edolo Ist.Meneghini","variables":["CDD","ET0","GDD","HDD","PREC","PREC24","PREC48","TDEW","TEMP","UMID","VPD"],"latest":{"CDD":0.0,"ET0":2.13,"GDD":5.1,"HDD":4.8,"PREC":"0.00","PREC24":0.0,"PREC48":0.0,"TDEW":11.1,"TEMP":"19.60","UMID":"58","VPD":0.958},"latest_time":"2026-09-26T12:50","series":"series/117.csv"}},{"type":"Feature","geometry":{"type":"Point","coordinates":[10.26138219,45.52614578]},"properties":{"scode":"130","name":"Brescia ITAS Pastori","variables":["CDD","ET0","GDD","HDD","PREC","PREC24","PREC48","TDEW","TEMP","UMID","VPD"],"latest":{"CDD":0.0,"ET0":2.31,"GDD":9.1,"HDD":0.0,"PREC":"0.00","PREC24":0.0,"PREC48":0.0,"TDEW":10.0,"TEMP":"22.90","UMID":"44","VPD":1.564},"latest_time":"2026-09-26T12:50","series":"series/130.csv"}},{"type":"Feature","geometry":{"type":"Point","coordinates":[9.35349644,45.47258192]},"properties":{"scode":"614","name":"Rodano v.Turati","variables":["CDD","ET0","GDD","HDD","PREC","PREC24","PREC48","TDEW","TEMP","UMID","VPD"],"latest":{"CDD":0.0,"ET0":2.31,"GDD":9.8,"HDD":0.0,"PREC":"0.00","PREC24":0.0,"PREC48":0.0,"TDEW":9.2,"TEMP":"23.62","UMID":"40","VPD":1.75},"latest_time":"2026-09-26T13:20","series":"series/614.csv"}},{"type":"Feature","geometry":{"type":"Point","coordinates":[8.84216546,45.58289429]},"properties":{"scode":"558","name":"Busto Arsizio  Accam","variables":["PREC","PREC24","PREC48"],"latest":{"PREC":"0.00","PREC24":0.0,"PREC48":0.0},"latest_time":"2026-09-26T13:20","series":"series/558.csv"}},{"type":"Feature","geometry":{"type":"Point","coordinates":[9.75610761,46.04249594]},"properties":{"scode":"912","name":"Foppolo","variables":["CDD","ET0","GDD","HDD","PREC","PREC24","PREC48","TDEW","TEMP","UMID","VPD"],"latest":{"CDD":0.0,"ET0":1.75,"GDD":0.2,"HDD":9.6,"PREC":"0.00","PREC24":0.0,"PREC48":0.0,"TDEW":9.0,"TEMP":"13.80","UMID":"72","VPD":0.426},"latest_time":"2026-09-26T13:10","series":"series/912.csv"}},{"type":"Feature","geometry":{"type":"Point","coordinates":[9.53889086,45.97360719]},"properties":{"scode":"822","name":"Valtorta","variables":["CDD","ET0","GDD","HDD","PREC","PREC24","PREC48","TDEW","TEMP","UMID","VPD"],"latest":{"CDD":0.0,"ET0":1.98,"GDD":4.6,"HDD":5.3,"PREC":"0.00","PREC24":0.0,"PREC48":0.0,"TDEW":9.7,"TEMP":"17.60","UMID":"60","VPD":0.805},"latest_time":"2026-09-26T13:40","series":"series/822.csv"}},{"type":"Feature","geometry":{"type":"Point","coordinates":[9.67277767,45.94611233]},"properties":{"scode":"823","name":"Piazza Brembana vivaio","variables":["CDD","ET0","GDD","HDD","PREC","PREC24","PREC48","TDEW","TEMP","UMID","VPD"],"latest":{"CDD":0.0,"ET0":2.32,"GDD":6.6,"HDD":2.9,"PREC":"0.00","PREC24":0.0,"PREC48":0.0,"TDEW":11.1,"TEMP":"20.70","UMID":"54","VPD":1.123},"latest_time":"2026-09-26T13:40","series":"series/823.csv"}},{"type":"Feature","geometry":{"type":"Point","coordinates":[10.32222392,45.60972056]},"properties":{"scode":"876","name":"Caino","variables":["CDD","ET0","GDD","HDD","PREC","PREC24","PREC48","TDEW","TEMP","UMID","VPD"],"latest":{"CDD":0.0,"ET0":2.26,"GDD":6.9,"HDD":2.2,"PREC":"0.00","PREC24":0.0,"PREC48":0.0,"TDEW":10.5,"TEMP":"21.00","UMID":"53","VPD":1.219},"latest_time":"2026-09-26T13:40","series":"series/876.csv"}},{"type":"Feature","geometry":{"type":"Point","coordinates":[8.74277458,45.90332947]},"properties":{"scode":"884","name":"Cuveglio","variables":["CDD","ET0","GDD","HDD","PREC","PREC24","PREC48","TDEW","TEMP","UMID","VPD"],"latest":{"CDD":0.0,"ET0":1.99,"GDD":8.7,"HDD":0.3,"PREC":"0.00","PREC24":0.0,"PREC48":0.0,"TDEW":10.2,"TEMP":"21.70","UMID":"48","VPD":1.35},"latest_time":"2026-09-26T13:40","series":"series/884.csv"}},{"type":"Feature","geometry":{"type":"Point","coordinates":[8.89055144,45.84610806]},"properties":{"scode":"885","name":"Arcisate","variables":["CDD","ET0","GDD","HDD","PREC","PREC24","PREC48","TDEW","TEMP","UMID","VPD"],"latest":{"CDD":0.0,"ET0":2.04,"GDD":7.6,"HDD":1.8,"PREC":"0.00","PREC24":0.0,"PREC48":0.0,"TDEW":11.1,"TEMP":"21.10","UMID":"51","VPD":1.176},"latest_time":"2026-09-26T13:40","series":"series/885.csv"}},{"type":"Feature","geometry":{"type":"Point","coordinates":[9.71018546,45.71897778]},"properties":{"scode":"889","name":"Torre Boldone","variables":["CDD","ET0","GDD","HDD","PREC","PREC24","PREC48","TEMP"],"latest":{"CDD":0.0,"ET0":2.13,"GDD":8.9,"HDD":0.3,"PREC":"0.00","PREC24":0.0,"PREC48":0.0,"TEMP":"22.20"},"latest_time":"2026-09-26T13:20","series":"series/889.csv"}},{"type":"Feature","geometry":{"type":"Point","coordinates":[10.10276314,45.97745722]},"properties":{"scode":"821","name":"Azzone Dezzo di Scalve","variables":["PREC","PREC24","PREC48"],"latest":{"PREC":"0.00","PREC24":0.0,"PREC48":0.0},"latest_time":"2026-09-26T13:20","series":"series/821.csv"}},{"type":"Feature","geometry":{"type":"Point","coordinates":[8.57392189,45.77080719]},"properties":{"scode":"860","name":"Angera v.le Repubblica","variables":["PREC","PREC24","PREC48"],"latest":{"PREC":"0.00","PREC24":0.0,"PREC48":0.0},"latest_time":"2026-09-26T13:20","series":"series/860.csv"}},{"type":"Feature","geometry":{"type":"Point","coordinates":[10.25975254,45.98580874]},"properties":{"scode":"819","name":"Lozio","variables":["CDD","ET0","GDD","HDD","PREC","PREC24","PREC48","TEMP"],"latest":{"CDD":0.0,"ET0":1.68,"GDD":3.9,"HDD":5.3,"PREC":"0.00","PREC24":0.0,"PREC48":0.0,"TEMP":"16.80"},"latest_time":"2026-09-26T13:20","series":"series/819.csv"}},{"type":"Feature","geometry":{"type":"Point","coordinates":[10.1569491,45.81611569]},"properties":{"scode":"820","name":"Pisogne","variables":["CDD","ET0","GDD","HDD","PREC","PREC24","PREC48","TEMP"],"latest":{"CDD":0.0,"ET0":1.56,"GDD":4.1,"HDD":4.7,"PREC":"0.00","PREC24":0.0,"PREC48":0.0,"TEMP":"16.30"},"latest_time":"2026-09-26T13:20","series":"series/820.csv"}},{"type":"Feature","geometry":{"type":"Point","coordinates":[10.37778231,46.08055608]},"properties":{"scode":"905","name":"Cevo","variables":["CDD","ET0","GDD","HDD","PREC","PREC24","PREC48","TDEW","TEMP","UMID","VPD"],"latest":{"CDD":0.0,"ET0":2.07,"GDD":3.7,"HDD":6.0,"PREC":"0.00","PREC24":0.0,"PREC48":0.0,"TDEW":10.6,"TEMP":"18.30","UMID":"65","VPD":0.82},"latest_time":"2026-09-26T13:40","series":"series/905.csv"}},{"type":"Feature","geometry":{"type":"Point","coordinates":[9.11396111,45.91758611]},"properties":{"scode":"2514","name":"Schignano Alpe Comana","variables":["CDD","ET0","GDD","HDD","PREC","PREC24","PREC48","TDEW","TEMP","UMID","VPD"],"latest":{"CDD":0.0,"ET0":1.29,"GDD":3.0,"HDD":6.0,"PREC":"0.00","PREC24":0.0,"PREC48":0.0,"TDEW":9.2,"TEMP":"14.80","UMID":"69","VPD":0.522},"latest_time":"2026-09-26T13:20","series":"series/2514.csv"}},{"type":"Feature","geometry":{"type":"Point","coordinates":[9.9330421,45.78641993]},"properties":{"scode":"1210","name":"Ranzanico","variables":["CDD","ET0","GDD","HDD","PREC","PREC24","PREC48","TDEW","TEMP","UMID","VPD"],"latest":{"CDD":0.0,"ET0":2.12,"GDD":7.7,"HDD":1.3,"PREC":"0.00","PREC24":0.0,"PREC48":0.0,"TDEW":10.7,"TEMP":"20.90","UMID":"52","VPD":1.186},"latest_time":"2026-09-26T13:20","series":"series/1210.csv"}},{"type":"Feature","geometry":{"type":"Point","coordinates":[9.38855728,45.6777065]},"properties":{"scode":"1234","name":"Osnago","variables":["CDD","ET0","GDD","HDD","PREC","PREC24","PREC48","TEMP"],"latest":{"CDD":0.0,"ET0":2.34,"GDD":9.2,"HDD":0.3,"PREC":"0.00","PREC24":0.0,"PREC48":0.0,"TEMP":"23.30"},"latest_time":"2026-09-26T13:20","series":"series/1234.csv"}},{"type":"Feature","geometry":{"type":"Point","coordinates":[10.06332908,45.92845581]},"properties":{"scode":"1212","name":"Castione della Presolana","variables":["CDD","ET0","GDD","HDD","PREC","PREC24","PREC48","TDEW","TEMP","UMID","VPD"],"latest":{"CDD":0.0,"ET0":1.93,"GDD":2.7,"HDD":6.7,"PREC":"0.00","PREC24":0.0,"PREC48":0.0,"TDEW":9.8,"TEMP":"16.90","UMID":"63","VPD":0.712},"latest_time":"2026-09-26T13:20","series":"series/1212.csv"}},{"type":"Feature","geometry":{"type":"Point","coordinates":[9.63217806,46.24144667]},"properties":{"scode":"1238","name":"Val Masino S.Martino","variables":["CDD","ET0","GDD","HDD","PREC","PREC24","PREC48","TDEW","TEMP","UMID","VPD"],"latest":{"CDD":0.0,"ET0":1.87,"GDD":4.3,"HDD":5.1,"PREC":"0.00","PREC24":0.0,"PREC48":0.0,"TDEW":11.5,"TEMP":"17.90","UMID":"66","VPD":0.697},"latest_time":"2026-09-26T13:20","series":"series/1238.csv"}},{"type":"Feature","geometry":{"type":"Point","coordinates":[9.38040375,46.00746603]},"properties":{"scode":"1224","name":"Cortenova","variables":["CDD","ET0","GDD","HDD","PREC","PREC24","PREC48","TDEW","TEMP","UMID","VPD"],"latest":{"CDD":0.0,"ET0":2.13,"GDD":7.9,"HDD":1.9,"PREC":"0.00","PREC24":0.0,"PREC48":0.0,"TDEW":11.4,"TEMP":"21.70","UMID":"51","VPD":1.246},"latest_time":"2026-09-26T13:40","series":"series/1224.csv"}},{"type":"Feature","geometry":{"type":"Point","coordinates":[9.275674,44.93479528]},"properties":{"scode":"1201","name":"Canevino","variables":["CDD","ET0","GDD","HDD","PREC","PREC24","PREC48","TDEW","TEMP","UMID","VPD"],"latest":{"CDD":0.0,"ET0":2.75,"GDD":8.9,"HDD":0.3,"PREC":"0.00","PREC24":0.0,"PREC48":0.0,"TDEW":8.1,"TEMP":"24.10","UMID":"36","VPD":1.921},"latest_time":"2026-09-26T13:20","series":"series/1201.csv"}},{"type":"Feature","geometry":{"type":"Point","coordinates":[9.86559107,45.81136488]},"properties":{"scode":"1221","name":"Casnigo Campo Sportivo","variables":["CDD","ET0","GDD","HDD","PREC","PREC24","PREC48","TDEW","TEMP","UMID","VPD"],"latest":{"CDD":0.0,"ET0":2.08,"GDD":6.6,"HDD":2.1,"PREC":"0.00","PREC24":0.0,"PREC48":0.0,"TDEW":10.9,"TEMP":"20.20","UMID":"55","VPD":1.065},"latest_time":"2026-09-26T13:20","series":"series/1221.csv"}},{"type":"Feature","geometry":{"type":"Point","coordinates":[10.66359803,45.26361744]},"properties":{"scode":"1228","name":"Goito","variables":["CDD","ET0","GDD","HDD","PREC","PREC24","PREC48","TEMP"],"latest":{"CDD":0.0,"ET0":2.75,"GDD":8.1,"HDD":2.1,"PREC":"0.00","PREC24":0.0,"PREC48":0.0,"TEMP":"23.40"},"latest_time":"2026-09-26T13:20","series":"series/1228.csv"}},{"type":"Feature","geometry":{"type":"Point","coordinates":[9.863434,45.95056364]},"properties":{"scode":"1218","name":"Ardesio Valcanale","variables":["CDD","ET0","GDD","HDD","PREC","PREC24","PREC48","TDEW","TEMP","UMID","VPD"],"latest":{"CDD":0.0,"ET0":1.76,"GDD":3.7,"HDD":5.3,"PREC":"0.00","PREC24":0.0,"PREC48":0.0,"TDEW":10.3,"TEMP":"16.90","UMID":"65","VPD":0.674},"latest_time":"2026-09-26T13:20","series":"series/1218.csv"}},{"type":"Feature","geometry":{"type":"Point","coordinates":[9.96349494,45.25595928]},"properties":{"scode":"1219","name":"Casalbuttano ed Uniti","variables":["CDD","ET0","GDD","HDD","PREC","PREC24","PREC48","TDEW","TEMP","UMID","VPD"],"latest":{"CDD":0.0,"ET0":2.72,"GDD":7.8,"HDD":2.0,"PREC":"0.00","PREC24":0.0,"PREC48":0.0,"TDEW":10.3,"TEMP":"23.60","UMID":"43","VPD":1.66},"latest_time":"2026-09-26T13:40","series":"series/1219.csv"}},{"type":"Feature","geometry":{"type":"Point","coordinates":[9.51135208,45.83984475]},"properties":{"scode":"1209","name":"Rota d'Imagna","variables":["CDD","ET0","GDD","HDD","PREC","PREC24","PREC48","TDEW","TEMP","UMID","VPD"],"latest":{"CDD":0.0,"ET0":1.6,"GDD":6.0,"HDD":3.1,"PREC":"0.00","PREC24":0.0,"PREC48":0.0,"TDEW":10.9,"TEMP":"18.30","UMID":"62","VPD":0.799},"latest_time":"2026-09-26T13:20","series":"series/1209.csv"}},{"type":"Feature","geometry":{"type":"Point","coordinates":[9.19451245,45.49120675]},"properties":{"scode":"1327","name":"Milano v.Rosellini","variables":["PREC","PREC24","PREC48"],"latest":{"PREC":"0.00","PREC24":0.0,"PREC48":0.0},"latest_time":"2026-09-26T13:20","series":"series/1327.csv"}},{"type":"Feature","geometry":{"type":"Point","coordinates":[8.85024227,45.9716903]},"properties":{"scode":"1329","name":"Lavena Ponte Tresa via della Boschiva","variables":["CDD","ET0","GDD","HDD","PREC","PREC24","PREC48","TDEW","TEMP","UMID","VPD"],"latest":{"CDD":0.0,"ET0":2.17,"GDD":9.3,"HDD":0.3,"PREC":"0.00","PREC24":0.0,"PREC48":-0.0,"TDEW":11.3,"TEMP":"22.90","UMID":"48","VPD":1.452},"latest_time":"2026-09-26T13:40","series":"series/1329.csv"}},{"type":"Feature","geometry":{"type":"Point","coordinates":[8.97262961,45.77306208]},"properties":{"scode":"1330","name":"Olgiate Comasco v.Repubblica","variables":["CDD","ET0","GDD","HDD","PREC","PREC24","PREC48","TDEW","TEMP","UMID","VPD"],"latest":{"CDD":0.0,"ET0":2.01,"GDD":7.3,"HDD":1.7,"PREC":"0.00","PREC24":0.2,"PREC48":0.2,"TDEW":9.8,"TEMP":"20.60","UMID":"50","VPD":1.213},"latest_time":"2026-09-26T13:40","series":"series/1330.csv"}},{"type":"Feature","geometry":{"type":"Point","coordinates":[9.2478209,46.1321526]},"properties":{"scode":"1372","name":"Garzeno","variables":["CDD","ET0","GDD","HDD","PREC","PREC24","PREC48","TDEW","TEMP","UMID","VPD"],"latest":{"CDD":0.0,"ET0":2.11,"GDD":6.8,"HDD":2.2,"PREC":"0.00","PREC24":0.0,"PREC48":0.0,"TDEW":12.0,"TEMP":"20.60","UMID":"58","VPD":1.019},"latest_time":"2026-09-26T13:40","series":"series/1372.csv"}},{"type":"Feature","geometry":{"type":"Point","coordinates":[9.2140589,45.9877167]},"properties":{"scode":"1380","name":"Tremezzo","variables":["CDD","ET0","GDD","HDD","PREC","PREC24","PREC48","TDEW","TEMP","UMID","VPD"],"latest":{"CDD":0.0,"ET0":1.76,"GDD":9.1,"HDD":0.0,"PREC":"0.00","PREC24":0.0,"PREC48":0.0,"TDEW":12.0,"TEMP":"21.40","UMID":"55","VPD":1.147},"latest_time":"2026-09-26T13:40","series":"series/1380.csv"}},{"type":"Feature","geometry":{"type":"Point","coordinates":[9.0879233,45.51781084]},"properties":{"scode":"1546","name":"Rho Scalo Fiorenza - Prato","variables":["CDD","ET0","GDD","HDD","PREC","PREC24","PREC48","TDEW","TEMP","UMID","VPD"],"latest":{"CDD":0.0,"ET0":2.01,"GDD":11.1,"HDD":0.0,"PREC":"0.00","PREC24":0.0,"PREC48":0.0,"TDEW":9.8,"TEMP":"23.50","UMID":"42","VPD":1.679},"latest_time":"2026-09-26T13:40","series":"series/1546.csv"}},{"type":"Feature","geometry":{"type":"Point","coordinates":[10.29124095,45.92751023]},"properties":{"scode":"1692","name":"Bienno Piazze","variables":["CDD","ET0","GDD","HDD","PREC","PREC24","PREC48","TEMP"],"latest":{"CDD":0.0,"ET0":2.14,"GDD":7.4,"HDD":2.2,"PREC":"0.00","PREC24":0.0,"PREC48":0.0,"TEMP":"21.10"},"latest_time":"2026-09-26T13:40","series":"series/1692.csv"}},{"type":"Feature","geometry":{"type":"Point","coordinates":[9.26121361,45.88564351]},"properties":{"scode":"1872","name":"Lasnigo s.Alessandro","variables":["CDD","ET0","GDD","HDD","PREC","PREC24","PREC48","TDEW","TEMP","UMID","VPD"],"latest":{"CDD":0.0,"ET0":2.11,"GDD":6.1,"HDD":2.9,"PREC":"0.00","PREC24":0.0,"PREC48":0.0,"TDEW":9.7,"TEMP":"19.90","UMID":"52","VPD":1.115},"latest_time":"2026-09-26T13:40","series":"series/1872.csv"}},{"type":"Feature","geometry":{"type":"Point","coordinates":[8.85440899,45.45806524]},"properties":{"scode":"1874","name":"Magenta cascina Mainaga","variables":["CDD","ET0","GDD","HDD","PREC","PREC24","PREC48","TDEW","TEMP","UMID","VPD"],"latest":{"CDD":0.0,"ET0":2.23,"GDD":10.5,"HDD":0.0,"PREC":"0.00","PREC24":0.0,"PREC48":0.0,"TDEW":9.2,"TEMP":"24.00","UMID":"39","VPD":1.82},"latest_time":"2026-09-26T13:40","series":"series/1874.csv"}},{"type":"Feature","geometry":{"type":"Point","coordinates":[10.39707082,45.22535225]},"properties":{"scode":"1877","name":"Asola v.Industria","variables":["CDD","ET0","GDD","HDD","PREC","PREC24","PREC48","TEMP"],"latest":{"CDD":0.0,"ET0":2.7,"GDD":7.4,"HDD":2.2,"PREC":"0.00","PREC24":0.0,"PREC48":0.0,"TEMP":"23.20"},"latest_time":"2026-09-26T13:40","series":"series/1877.csv"}},{"type":"Feature","geometry":{"type":"Point","coordinates":[10.41406192,45.40275984]},"properties":{"scode":"1879","name":"Montichiari Boschetti","variables":["CDD","ET0","GDD","HDD","PREC","PREC24","PREC48","RADSOL","TEMP"],"latest":{"CDD":0.0,"ET0":2.65,"GDD":7.8,"HDD":1.0,"PREC":"0.00","PREC24":0.0,"PREC48":0.0,"RADSOL":"640","TEMP":"23.20"},"latest_time":"2026-09-26T13:40","series":"series/1879.csv"}},{"type":"Feature","geometry":{"type":"Point","coordinates":[8.80829914,45.12147725]},"properties":{"scode":"1880","name":"Lomello Cantona","variables":["CDD","ET0","GDD","HDD","PREC","PREC24","PREC48","TEMP"],"latest":{"CDD":0.0,"ET0":2.54,"GDD":9.2,"HDD":1.2,"PREC":"0.00","PREC24":0.0,"PREC48":0.0,"TEMP":"23.90"},"latest_time":"2026-09-26T13:40","series":"series/1880.csv"}},{"type":"Feature","geometry":{"type":"Point","coordinates":[8.6365627,45.80595188]},"properties":{"scode":"1807","name":"Ispra JRC","variables":["CDD","ET0","GDD","HDD","PREC","PREC24","PREC48","RADSOL","TDEW","TEMP","UMID","VPD"],"latest":{"CDD":0.0,"ET0":2.18,"GDD":8.6,"HDD":0.4,"PREC":"0.00","PREC24":0.0,"PREC48":0.0,"RADSOL":"699","TDEW":8.5,"TEMP":"21.99","UMID":"42","VPD":1.533},"latest_time":"2026-09-26T13:50","series":"series/1807.csv"}},{"type":"Feature","geometry":{"type":"Point","coordinates":[10.48078183,45.46375819]},"properties":{"scode":"657","name":"Lonato del Garda v.del Marchesino","variables":["CDD","ET0","GDD","HDD","TDEW","TEMP","UMID","VPD"],"latest":{"CDD":0.0,"ET0":2.82,"GDD":11.7,"HDD":0.0,"TDEW":12.8,"TEMP":"24.54","UMID":"48","VPD":1.603},"latest_time":"2026-09-26T13:20","series":"series/657.csv"}},{"type":"Feature","geometry":{"type":"Point","coordinates":[9.4507999,45.966301]},"properties":{"scode":"1513","name":"Introbio al bivio","variables":["CDD","ET0","GDD","HDD","TDEW","TEMP","UMID","VPD"],"latest":{"CDD":0.0,"ET0":2.26,"GDD":8.6,"HDD":1.8,"TDEW":12.4,"TEMP":"22.75","UMID":"52","VPD":1.328},"latest_time":"2026-09-26T13:50","series":"series/1513.csv"}},{"type":"Feature","geometry":{"type":"Point","coordinates":[10.328415,46.37653598]},"properties":{"scode":"81","name":"Valdisotto Val Pola RTU 100","variables":["CDD","ET0","GDD","HDD","TEMP"],"latest":{"CDD":0.0,"ET0":1.8,"GDD":0.1,"HDD":9.3,"TEMP":"13.90"},"latest_time":"2026-09-26T12:40","series":"series/81.csv"}},{"type":"Feature","geometry":{"type":"Point","coordinates":[10.46173396,46.44328904]},"properties":{"scode":"45","name":"Valfurva Ruinon RTU 206","variables":["CDD","ET0","GDD","HDD","TEMP"],"latest":{"CDD":0.0,"ET0":2.23,"GDD":3.6,"HDD":7.9,"TEMP":"19.66"},"latest_time":"2026-09-26T13:00","series":"series/45.csv"}},{"type":"Feature","geometry":{"type":"Point","coordinates":[9.70079278,45.08199189]},"properties":{"scode":"598","name":"San Rocco al Porto v.Matteotti","variables":["CDD","ET0","GDD","HDD","TDEW","TEMP","UMID","VPD"],"latest":{"CDD":0.0,"ET0":2.33,"GDD":8.3,"HDD":1.5,"TDEW":7.9,"TEMP":"22.59","UMID":"39","VPD":1.672},"latest_time":"2026-09-26T12:00","series":"series/598.csv"}},{"type":"Feature","geometry":{"type":"Point","coordinates":[9.508134,45.61370028]},"properties":{"scode":"513","name":"Trezzo sull'Adda v.Nenni","variables":["VVENTO"],"latest":{"VVENTO":"1.43"},"latest_time":"2026-09-26T13:00","series":"series/513.csv"}}]}