{"type":"FeatureCollection","name":"VEN","features":[{"type":"Feature","geometry":{"type":"Point","coordinates":[12.28232702,45.88132477]},"properties":{"scode":"100","name":"Conegliano","variables":["CDD","DVENTO","ET0","GDD","HDD","PREC","PREC24","PREC48","RADSOL","TAPP","TDEW","TEMP","UMID","UWND","VPD","VVENTO","VWND"],"latest":{"CDD":0.0,"DVENTO":"321","ET0":2.03,"GDD":7.1,"HDD":0.8,"PREC":"0.0","PREC24":0.0,"PREC48":0.8,"RADSOL":"0","TAPP":13.4,"TDEW":8.0,"TEMP":"16.0","UMID":"59","UWND":1.89,"VPD":0.745,"VVENTO":"3.0","VWND":-2.33},"latest_time":"2026-10-04T06:30","series":"series/100.csv"}},{"type":"Feature","geometry":{"type":"Point","coordinates":[12.36910037,44.9173386]},"properties":{"scode":"101","name":"Porto Tolle - Pradon","variables":["CDD","DVENTO","ET0","GDD","HDD","PREC","PREC24","PREC48","PRESS","PSLM","QSPEC","RADSOL","TAPP","TDEW","TEMP","UMID","UWND","VISIB","VPD","VVENTO","VWND"],"latest":{"CDD":0.0,"DVENTO":"305","ET0":0.43,"GDD":1.9,"HDD":6.2,"PREC":"0.0","PREC24":0.0,"PREC48":0.0,"PRESS":"1028.5","PSLM":1028.1,"QSPEC":8.07,"RADSOL":"0","TAPP":10.5,"TDEW":11.2,"TEMP":"11.2","UMID":"100","UWND":1.23,"VISIB":"16000","VPD":0.0,"VVENTO":"1.5","VWND":-0.86},"latest_time":"2026-10-04T06:30","series":"series/101.csv"}},{"type":"Feature","geometry":{"type":"Point","coordinates":[11.94778216,45.69492112]},"properties":{"scode":"102","name":"Castelfranco Veneto","variables":["CDD","DVENTO","ET0","GDD","HDD","PREC","PREC24","PREC48","RADSOL","TAPP","TDEW","TEMP","UMID","UWND","VPD","VVENTO","VWND"],"latest":{"CDD":0.0,"DVENTO":"310","ET0":0.41,"GDD":0.0,"HDD":8.7,"PREC":"0.0","PREC24":-0.0,"PREC48":-0.0,"RADSOL":"0","TAPP":8.0,"TDEW":8.9,"TEMP":"8.9","UMID":"100","UWND":0.77,"VPD":0.0,"VVENTO":"1.0","VWND":-0.64},"latest_time":"2026-10-04T06:30","series":"series/102.csv"}},{"type":"Feature","geometry":{"type":"Point","coordinates":[10.83262812,45.3724202]},"properties":{"scode":"104","name":"Villafranca di Verona","variables":["CDD","DVENTO","ET0","GDD","HDD","PREC","PREC24","PREC48","RADSOL","TAPP","TDEW","TEMP","UMID","UWND","VISIB","VPD","VVENTO","VWND"],"latest":{"CDD":0.0,"DVENTO":"2","ET0":0.49,"GDD":0.0,"HDD":8.6,"PREC":"0.0","PREC24":0.0,"PREC48":0.0,"RADSOL":"0","TAPP":7.3,"TDEW":8.4,"TEMP":"8.4","UMID":"100","UWND":-0.03,"VISIB":"16000","VPD":0.0,"VVENTO":"1.0","VWND":-1.0},"latest_time":"2026-10-04T06:30","series":"series/104.csv"}},{"type":"Feature","geometry":{"type":"Point","coordinates":[11.37964132,45.39045584]},"properties":{"scode":"105","name":"Lonigo","variables":["CDD","DVENTO","ET0","GDD","HDD","PREC","PREC24","PREC48","RADSOL","TAPP","TDEW","TEMP","UMID","UWND","VPD","VVENTO","VWND"],"latest":{"CDD":0.0,"DVENTO":"30","ET0":0.82,"GDD":1.8,"HDD":6.2,"PREC":"0.0","PREC24":0.0,"PREC48":0.0,"RADSOL":"0","TAPP":9.3,"TDEW":8.8,"TEMP":"11.4","UMID":"84","UWND":-1.3,"VPD":0.216,"VVENTO":"2.6","VWND":-2.25},"latest_time":"2026-10-04T06:30","series":"series/105.csv"}},{"type":"Feature","geometry":{"type":"Point","coordinates":[11.4227919,45.24776886]},"properties":{"scode":"106","name":"Montagnana","variables":["CDD","DVENTO","ET0","GDD","HDD","PREC","PREC24","PREC48","RADSOL","TAPP","TDEW","TEMP","UMID","UWND","VPD","VVENTO","VWND"],"latest":{"CDD":0.0,"DVENTO":"8","ET0":0.49,"GDD":0.0,"HDD":8.7,"PREC":"0.0","PREC24":0.0,"PREC48":0.0,"RADSOL":"0","TAPP":7.9,"TDEW":7.4,"TEMP":"8.8","UMID":"91","UWND":-0.06,"VPD":0.102,"VVENTO":"0.4","VWND":-0.4},"latest_time":"2026-10-04T06:30","series":"series/106.csv"}},{"type":"Feature","geometry":{"type":"Point","coordinates":[11.10933964,45.22973697]},"properties":{"scode":"108","name":"Salizzole","variables":["CDD","DVENTO","ET0","GDD","HDD","PREC","PREC24","PREC48","RADSOL","TAPP","TDEW","TEMP","UMID","UWND","VPD","VVENTO","VWND"],"latest":{"CDD":0.0,"DVENTO":"240","ET0":0.51,"GDD":0.6,"HDD":7.4,"PREC":"0.0","PREC24":0.0,"PREC48":0.0,"RADSOL":"0","TAPP":8.3,"TDEW":9.1,"TEMP":"9.1","UMID":"100","UWND":0.78,"VPD":0.0,"VVENTO":"0.9","VWND":0.45},"latest_time":"2026-10-04T06:30","series":"series/108.csv"}},{"type":"Feature","geometry":{"type":"Point","coordinates":[11.94947073,45.34701615]},"properties":{"scode":"111","name":"Legnaro","variables":["CDD","DVENTO","ET0","GDD","HDD","PREC","PREC24","PREC48","RADSOL","TAPP","TDEW","TEMP","UMID","UWND","VISIB","VPD","VVENTO","VWND"],"latest":{"CDD":0.0,"DVENTO":"329","ET0":0.67,"GDD":0.9,"HDD":7.4,"PREC":"0.0","PREC24":0.0,"PREC48":0.0,"RADSOL":"0","TAPP":8.9,"TDEW":7.8,"TEMP":"10.6","UMID":"83","UWND":0.88,"VISIB":"20320","VPD":0.217,"VVENTO":"1.7","VWND":-1.46},"latest_time":"2026-10-04T06:30","series":"series/111.csv"}},{"type":"Feature","geometry":{"type":"Point","coordinates":[12.26177816,45.07114136]},"properties":{"scode":"112","name":"Rosolina - Po di Tramontana","variables":["CDD","DVENTO","ET0","GDD","HDD","PREC","PREC24","PREC48","RADSOL","TAPP","TDEW","TEMP","UMID","UWND","VPD","VVENTO","VWND"],"latest":{"CDD":0.0,"DVENTO":"297","ET0":0.36,"GDD":0.3,"HDD":7.3,"PREC":"0.0","PREC24":0.0,"PREC48":0.0,"RADSOL":"0","TAPP":7.0,"TDEW":8.6,"TEMP":"8.6","UMID":"100","UWND":1.6,"VPD":0.0,"VVENTO":"1.8","VWND":-0.82},"latest_time":"2026-10-04T06:30","series":"series/112.csv"}},{"type":"Feature","geometry":{"type":"Point","coordinates":[11.30253145,45.03101641]},"properties":{"scode":"113","name":"Castelnovo Bariano","variables":["CDD","DVENTO","ET0","GDD","HDD","PREC","PREC24","PREC48","RADSOL","TAPP","TDEW","TEMP","UMID","UWND","VISIB","VPD","VVENTO","VWND"],"latest":{"CDD":0.0,"DVENTO":"295","ET0":0.54,"GDD":0.7,"HDD":7.5,"PREC":"0.0","PREC24":0.0,"PREC48":0.0,"RADSOL":"0","TAPP":8.3,"TDEW":8.5,"TEMP":"9.4","UMID":"94","UWND":1.0,"VISIB":"16000","VPD":0.071,"VVENTO":"1.1","VWND":-0.46},"latest_time":"2026-10-04T06:30","series":"series/113.csv"}},{"type":"Feature","geometry":{"type":"Point","coordinates":[12.0076803,45.01567605]},"properties":{"scode":"115","name":"Adria - Bellombra","variables":["CDD","DVENTO","ET0","GDD","HDD","PREC","PREC24","PREC48","RADSOL","TAPP","TDEW","TEMP","UMID","UWND","VPD","VVENTO","VWND"],"latest":{"CDD":0.0,"DVENTO":"314","ET0":0.76,"GDD":1.2,"HDD":6.3,"PREC":"0.0","PREC24":0.0,"PREC48":0.0,"RADSOL":"0","TAPP":7.6,"TDEW":6.2,"TEMP":"9.7","UMID":"79","UWND":1.22,"VPD":0.253,"VVENTO":"1.7","VWND":-1.18},"latest_time":"2026-10-04T06:30","series":"series/115.csv"}},{"type":"Feature","geometry":{"type":"Point","coordinates":[11.00830055,45.21753966]},"properties":{"scode":"117","name":"Sorga'","variables":["CDD","DVENTO","ET0","GDD","HDD","PREC","PREC24","PREC48","RADSOL","TAPP","TDEW","TEMP","UMID","UWND","VPD","VVENTO","VWND"],"latest":{"CDD":0.0,"DVENTO":"238","ET0":0.74,"GDD":0.6,"HDD":7.8,"PREC":"0.0","PREC24":0.0,"PREC48":0.0,"RADSOL":"0","TAPP":6.9,"TDEW":6.2,"TEMP":"8.1","UMID":"88","UWND":0.42,"VPD":0.13,"VVENTO":"0.5","VWND":0.26},"latest_time":"2026-10-04T06:30","series":"series/117.csv"}},{"type":"Feature","geometry":{"type":"Point","coordinates":[10.7659099,45.51796066]},"properties":{"scode":"118","name":"Bardolino - Calmasino","variables":["CDD","DVENTO","ET0","GDD","HDD","PREC","PREC24","PREC48","PRESS","PSLM","QSPEC","RADSOL","TAPP","TDEW","TEMP","UMID","UWND","VPD","VVENTO","VWND"],"latest":{"CDD":0.0,"DVENTO":"26","ET0":1.5,"GDD":4.9,"HDD":3.1,"PREC":"0.0","PREC24":0.0,"PREC48":0.0,"PRESS":"1027.8","PSLM":1047.5,"QSPEC":7.71,"RADSOL":"0","TAPP":11.6,"TDEW":10.5,"TEMP":"14.5","UMID":"77","UWND":-1.93,"VPD":0.38,"VVENTO":"4.4","VWND":-3.95},"latest_time":"2026-10-04T06:30","series":"series/118.csv"}},{"type":"Feature","geometry":{"type":"Point","coordinates":[11.25118706,45.2658043]},"properties":{"scode":"119","name":"Roverchiara","variables":["CDD","DVENTO","ET0","GDD","HDD","PREC","PREC24","PREC48","RADSOL","TAPP","TDEW","TEMP","UMID","UWND","VISIB","VPD","VVENTO","VWND"],"latest":{"CDD":0.0,"DVENTO":"340","ET0":0.43,"GDD":0.0,"HDD":8.3,"PREC":"0.0","PREC24":0.0,"PREC48":0.0,"RADSOL":"0","TAPP":8.9,"TDEW":9.7,"TEMP":"9.7","UMID":"100","UWND":0.38,"VISIB":"16000","VPD":0.0,"VVENTO":"1.1","VWND":-1.03},"latest_time":"2026-10-04T06:30","series":"series/119.csv"}},{"type":"Feature","geometry":{"type":"Point","coordinates":[10.84874997,45.59957097]},"properties":{"scode":"120","name":"Dolce'","variables":["CDD","DVENTO","ET0","GDD","HDD","PREC","PREC24","PREC48","RADSOL","TAPP","TDEW","TEMP","UMID","UWND","VPD","VVENTO","VWND"],"latest":{"CDD":0.0,"DVENTO":"40","ET0":1.01,"GDD":3.1,"HDD":5.1,"PREC":"0.0","PREC24":0.0,"PREC48":0.0,"RADSOL":"0","TAPP":11.2,"TDEW":9.7,"TEMP":"13.1","UMID":"80","UWND":-1.74,"VPD":0.302,"VVENTO":"2.7","VWND":-2.07},"latest_time":"2026-10-04T06:30","series":"series/120.csv"}},{"type":"Feature","geometry":{"type":"Point","coordinates":[11.63364487,45.09241907]},"properties":{"scode":"121","name":"Lusia","variables":["CDD","DVENTO","ET0","GDD","HDD","PREC","PREC24","PREC48","TAPP","TDEW","TEMP","UMID","UWND","VPD","VVENTO","VWND"],"latest":{"CDD":0.0,"DVENTO":"184","ET0":1.16,"GDD":0.4,"HDD":7.6,"PREC":"0.0","PREC24":0.0,"PREC48":0.0,"TAPP":7.7,"TDEW":8.5,"TEMP":"8.5","UMID":"100","UWND":0.05,"VPD":0.0,"VVENTO":"0.7","VWND":0.7},"latest_time":"2026-10-04T06:30","series":"series/121.csv"}},{"type":"Feature","geometry":{"type":"Point","coordinates":[12.02573694,45.60240419]},"properties":{"scode":"122","name":"Trebaseleghe","variables":["CDD","DVENTO","ET0","GDD","HDD","PREC","PREC24","PREC48","TAPP","TDEW","TEMP","UMID","UWND","VPD","VVENTO","VWND"],"latest":{"CDD":0.0,"DVENTO":"2","ET0":0.85,"GDD":0.0,"HDD":8.9,"PREC":"0.0","PREC24":0.0,"PREC48":0.0,"TAPP":7.7,"TDEW":8.0,"TEMP":"8.3","UMID":"98","UWND":-0.01,"VPD":0.022,"VVENTO":"0.2","VWND":-0.2},"latest_time":"2026-10-04T06:30","series":"series/122.csv"}},{"type":"Feature","geometry":{"type":"Point","coordinates":[11.29582046,45.37550277]},"properties":{"scode":"123","name":"Arcole","variables":["CDD","DVENTO","ET0","GDD","HDD","PREC","PREC24","PREC48","TAPP","TDEW","TEMP","UMID","UWND","VPD","VVENTO","VWND"],"latest":{"CDD":0.0,"DVENTO":"101","ET0":0.93,"GDD":0.0,"HDD":9.8,"PREC":"0.0","PREC24":0.0,"PREC48":0.0,"TAPP":6.7,"TDEW":7.5,"TEMP":"8.1","UMID":"96","UWND":-1.18,"VPD":0.043,"VVENTO":"1.2","VWND":0.23},"latest_time":"2026-10-04T06:30","series":"series/123.csv"}},{"type":"Feature","geometry":{"type":"Point","coordinates":[10.92332541,45.54788884]},"properties":{"scode":"124","name":"Marano di Valpolicella","variables":["CDD","DVENTO","ET0","GDD","HDD","PREC","PREC24","PREC48","RADSOL","TAPP","TDEW","TEMP","UMID","UWND","VPD","VVENTO","VWND"],"latest":{"CDD":0.0,"DVENTO":"60","ET0":1.04,"GDD":4.6,"HDD":3.6,"PREC":"0.0","PREC24":0.0,"PREC48":0.0,"RADSOL":"0","TAPP":12.0,"TDEW":5.1,"TEMP":"13.7","UMID":"56","UWND":-0.69,"VPD":0.69,"VVENTO":"0.8","VWND":-0.4},"latest_time":"2026-10-04T06:30","series":"series/124.csv"}},{"type":"Feature","geometry":{"type":"Point","coordinates":[11.17156147,45.46030398]},"properties":{"scode":"126","name":"Illasi","variables":["CDD","DVENTO","ET0","GDD","HDD","PREC","PREC24","PREC48","RADSOL","TAPP","TDEW","TEMP","UMID","UWND","VPD","VVENTO","VWND"],"latest":{"CDD":0.0,"DVENTO":"5","ET0":1.95,"GDD":3.8,"HDD":4.3,"PREC":"0.0","PREC24":0.0,"PREC48":0.0,"RADSOL":"0","TAPP":9.9,"TDEW":3.5,"TEMP":"13.1","UMID":"52","UWND":-0.22,"VPD":0.724,"VVENTO":"2.5","VWND":-2.49},"latest_time":"2026-10-04T06:30","series":"series/126.csv"}},{"type":"Feature","geometry":{"type":"Point","coordinates":[11.01059728,45.35084342]},"properties":{"scode":"127","name":"Buttapietra","variables":["CDD","DVENTO","ET0","GDD","HDD","PREC","PREC24","PREC48","RADSOL","TAPP","TDEW","TEMP","UMID","UWND","VPD","VVENTO","VWND"],"latest":{"CDD":0.0,"DVENTO":"329","ET0":0.51,"GDD":0.2,"HDD":8.1,"PREC":"0.0","PREC24":0.0,"PREC48":0.0,"RADSOL":"0","TAPP":7.3,"TDEW":8.2,"TEMP":"8.2","UMID":"100","UWND":0.36,"VPD":0.0,"VVENTO":"0.7","VWND":-0.6},"latest_time":"2026-10-04T06:30","series":"series/127.csv"}},{"type":"Feature","geometry":{"type":"Point","coordinates":[10.77166288,45.45487236]},"properties":{"scode":"129","name":"Castelnuovo del Garda","variables":["CDD","DVENTO","ET0","GDD","HDD","PREC","PREC24","PREC48","RADSOL","TAPP","TDEW","TEMP","UMID","UWND","VPD","VVENTO","VWND"],"latest":{"CDD":0.0,"DVENTO":"35","ET0":0.43,"GDD":0.0,"HDD":10.6,"PREC":"0.0","PREC24":0.0,"PREC48":0.0,"RADSOL":"0","TAPP":5.3,"TDEW":6.4,"TEMP":"6.4","UMID":"100","UWND":-0.23,"VPD":0.0,"VVENTO":"0.4","VWND":-0.33},"latest_time":"2026-10-04T06:30","series":"series/129.csv"}},{"type":"Feature","geometry":{"type":"Point","coordinates":[11.28774164,45.15740933]},"properties":{"scode":"131","name":"Vangadizza (Legnago)","variables":["CDD","DVENTO","ET0","GDD","HDD","PREC","PREC24","PREC48","RADSOL","TAPP","TDEW","TEMP","UMID","UWND","VPD","VVENTO","VWND"],"latest":{"CDD":0.0,"DVENTO":"289","ET0":0.56,"GDD":1.6,"HDD":6.4,"PREC":"0.0","PREC24":0.0,"PREC48":0.0,"RADSOL":"0","TAPP":9.4,"TDEW":9.3,"TEMP":"10.1","UMID":"95","UWND":0.76,"VPD":0.062,"VVENTO":"0.8","VWND":-0.26},"latest_time":"2026-10-04T06:30","series":"series/131.csv"}},{"type":"Feature","geometry":{"type":"Point","coordinates":[12.06900907,46.4371972]},"properties":{"scode":"132","name":"Pescul","variables":["CDD","DVENTO","ET0","GDD","HDD","PREC","PREC24","PREC48","RADSOL","TAPP","TDEW","TEMP","UMID","UWND","VPD","VVENTO","VWND"],"latest":{"CDD":0.0,"DVENTO":"134","ET0":0.54,"GDD":0.0,"HDD":14.0,"PREC":"0.0","PREC24":0.0,"PREC48":0.0,"RADSOL":"0","TAPP":1.2,"TDEW":1.4,"TEMP":"3.5","UMID":"86","UWND":-0.5,"VPD":0.11,"VVENTO":"0.7","VWND":0.49},"latest_time":"2026-10-04T06:30","series":"series/132.csv"}},{"type":"Feature","geometry":{"type":"Point","coordinates":[11.46439144,45.66931288]},"properties":{"scode":"134","name":"Malo","variables":["CDD","DVENTO","ET0","GDD","HDD","PREC","PREC24","PREC48","PRESS","PSLM","QSPEC","RADSOL","TAPP","TDEW","TEMP","UMID","UWND","VPD","VVENTO","VWND"],"latest":{"CDD":0.0,"DVENTO":"317","ET0":1.01,"GDD":3.4,"HDD":5.0,"PREC":"0.0","PREC24":0.0,"PREC48":0.0,"PRESS":"1028.1","PSLM":1040.2,"QSPEC":6.42,"RADSOL":"0","TAPP":10.1,"TDEW":7.8,"TEMP":"11.7","UMID":"77","UWND":1.09,"VPD":0.316,"VVENTO":"1.6","VWND":-1.17},"latest_time":"2026-10-04T06:30","series":"series/134.csv"}},{"type":"Feature","geometry":{"type":"Point","coordinates":[11.18131677,45.71889138]},"properties":{"scode":"135","name":"Rifugio la Guardia (Recoaro Terme)","variables":["CDD","DVENTO","ET0","GDD","HDD","PREC","PREC24","PREC48","RADSOL","TAPP","TDEW","TEMP","UMID","UWND","VPD","VVENTO","VWND"],"latest":{"CDD":0.0,"DVENTO":"350","ET0":1.31,"GDD":0.8,"HDD":7.1,"PREC":"0.0","PREC24":0.0,"PREC48":0.0,"RADSOL":"0","TAPP":8.0,"TDEW":1.3,"TEMP":"10.8","UMID":"52","UWND":0.26,"VPD":0.622,"VVENTO":"1.5","VWND":-1.48},"latest_time":"2026-10-04T06:30","series":"series/135.csv"}},{"type":"Feature","geometry":{"type":"Point","coordinates":[11.21365428,45.75778254]},"properties":{"scode":"137","name":"Valli del Pasubio","variables":["CDD","DVENTO","ET0","GDD","HDD","PREC","PREC24","PREC48","RADSOL","TAPP","TDEW","TEMP","UMID","UWND","VPD","VVENTO","VWND"],"latest":{"CDD":0.0,"DVENTO":"334","ET0":1.58,"GDD":2.5,"HDD":5.5,"PREC":"0.0","PREC24":0.0,"PREC48":0.0,"RADSOL":"0","TAPP":9.3,"TDEW":4.3,"TEMP":"12.1","UMID":"59","UWND":0.96,"VPD":0.579,"VVENTO":"2.2","VWND":-1.98},"latest_time":"2026-10-04T06:30","series":"series/137.csv"}},{"type":"Feature","geometry":{"type":"Point","coordinates":[11.58812049,45.78414598]},"properties":{"scode":"139","name":"Lusiana","variables":["CDD","DVENTO","ET0","GDD","HDD","PREC","PREC24","PREC48","RADSOL","TAPP","TDEW","TEMP","UMID","UWND","VPD","VVENTO","VWND"],"latest":{"CDD":0.0,"DVENTO":"2","ET0":0.91,"GDD":3.1,"HDD":5.4,"PREC":"0.0","PREC24":0.0,"PREC48":0.0,"RADSOL":"0","TAPP":10.3,"TDEW":3.5,"TEMP":"11.8","UMID":"57","UWND":-0.01,"VPD":0.595,"VVENTO":"0.2","VWND":-0.2},"latest_time":"2026-10-04T06:30","series":"series/139.csv"}},{"type":"Feature","geometry":{"type":"Point","coordinates":[11.25910319,45.6198264]},"properties":{"scode":"140","name":"Passo Santa Caterina (Valdagno)","variables":["CDD","DVENTO","ET0","GDD","HDD","PREC","PREC24","PREC48","TAPP","TDEW","TEMP","UMID","UWND","VPD","VVENTO","VWND"],"latest":{"CDD":0.0,"DVENTO":"197","ET0":0.77,"GDD":3.4,"HDD":4.6,"PREC":"0.0","PREC24":0.0,"PREC48":0.0,"TAPP":11.4,"TDEW":-1.5,"TEMP":"14.1","UMID":"34","UWND":0.2,"VPD":1.062,"VVENTO":"0.7","VWND":0.67},"latest_time":"2026-10-04T06:30","series":"series/140.csv"}},{"type":"Feature","geometry":{"type":"Point","coordinates":[11.69771962,45.30471743]},"properties":{"scode":"142","name":"Faedo (Cinto Euganeo)","variables":["CDD","DVENTO","ET0","GDD","HDD","PREC","PREC24","PREC48","TAPP","TDEW","TEMP","UMID","UWND","VPD","VVENTO","VWND"],"latest":{"CDD":0.0,"DVENTO":">>","ET0":2.14,"GDD":10.4,"HDD":0.0,"PREC":">>","PREC24":0.0,"PREC48":0.0,"TAPP":14.8,"TDEW":4.6,"TEMP":">>","UMID":">>","UWND":-0.45,"VPD":1.039,"VVENTO":">>","VWND":-0.78},"latest_time":"2026-10-04T06:30","series":"series/142.csv"}},{"type":"Feature","geometry":{"type":"Point","coordinates":[11.77625641,45.71658505]},"properties":{"scode":"144","name":"Rosa'","variables":["CDD","DVENTO","ET0","GDD","HDD","PREC","PREC24","PREC48","TAPP","TDEW","TEMP","UMID","UWND","VPD","VVENTO","VWND"],"latest":{"CDD":0.0,"DVENTO":"25","ET0":1.38,"GDD":3.3,"HDD":5.7,"PREC":"0.0","PREC24":0.0,"PREC48":0.0,"TAPP":11.2,"TDEW":9.3,"TEMP":"11.6","UMID":"86","UWND":-0.17,"VPD":0.191,"VVENTO":"0.4","VWND":-0.36},"latest_time":"2026-10-04T06:30","series":"series/144.csv"}},{"type":"Feature","geometry":{"type":"Point","coordinates":[11.57053751,45.39775173]},"properties":{"scode":"145","name":"Barbarano Vicentino","variables":["CDD","DVENTO","ET0","GDD","HDD","PREC","PREC24","PREC48","RADSOL","TAPP","TDEW","TEMP","UMID","UWND","VPD","VVENTO","VWND"],"latest":{"CDD":0.0,"DVENTO":"7","ET0":0.52,"GDD":0.0,"HDD":9.6,"PREC":"0.0","PREC24":0.0,"PREC48":0.0,"RADSOL":"0","TAPP":6.9,"TDEW":7.3,"TEMP":"8.5","UMID":"92","UWND":-0.17,"VPD":0.089,"VVENTO":"1.4","VWND":-1.39},"latest_time":"2026-10-04T06:30","series":"series/145.csv"}},{"type":"Feature","geometry":{"type":"Point","coordinates":[11.57629665,45.72042777]},"properties":{"scode":"147","name":"Breganze","variables":["CDD","DVENTO","ET0","GDD","HDD","PREC","PREC24","PREC48","RADSOL","TAPP","TDEW","TEMP","UMID","UWND","VPD","VVENTO","VWND"],"latest":{"CDD":0.0,"DVENTO":"343","ET0":1.15,"GDD":5.2,"HDD":3.2,"PREC":"0.0","PREC24":0.0,"PREC48":0.0,"RADSOL":"0","TAPP":13.2,"TDEW":6.9,"TEMP":"14.8","UMID":"59","UWND":0.38,"VPD":0.69,"VVENTO":"1.3","VWND":-1.24},"latest_time":"2026-10-04T06:30","series":"series/147.csv"}},{"type":"Feature","geometry":{"type":"Point","coordinates":[11.470371,45.472077]},"properties":{"scode":"148","name":"Brendola","variables":["CDD","DVENTO","ET0","GDD","HDD","PREC","PREC24","PREC48","RADSOL","TAPP","TDEW","TEMP","UMID","UWND","VPD","VVENTO","VWND"],"latest":{"CDD":0.0,"DVENTO":"244","ET0":0.76,"GDD":3.2,"HDD":5.1,"PREC":"0.0","PREC24":0.0,"PREC48":0.0,"RADSOL":"0","TAPP":11.3,"TDEW":7.5,"TEMP":"12.2","UMID":"73","UWND":0.45,"VPD":0.384,"VVENTO":"0.5","VWND":0.22},"latest_time":"2026-10-04T06:30","series":"series/148.csv"}},{"type":"Feature","geometry":{"type":"Point","coordinates":[11.66198536,45.44957583]},"properties":{"scode":"149","name":"Montegalda","variables":["CDD","DVENTO","ET0","GDD","HDD","PREC","PREC24","PREC48","RADSOL","TAPP","TDEW","TEMP","UMID","UWND","VISIB","VPD","VVENTO","VWND"],"latest":{"CDD":0.0,"DVENTO":"0","ET0":0.52,"GDD":0.9,"HDD":7.9,"PREC":"0.0","PREC24":0.0,"PREC48":0.0,"RADSOL":"0","TAPP":8.1,"TDEW":8.8,"TEMP":"8.8","UMID":"100","UWND":-0.0,"VISIB":"16000","VPD":0.0,"VVENTO":"0.6","VWND":-0.6},"latest_time":"2026-10-04T06:30","series":"series/149.csv"}},{"type":"Feature","geometry":{"type":"Point","coordinates":[11.48088305,45.11740196]},"properties":{"scode":"151","name":"Masi","variables":["CDD","DVENTO","ET0","GDD","HDD","PREC","PREC24","PREC48","RADSOL","TAPP","TDEW","TEMP","UMID","UWND","VPD","VVENTO","VWND"],"latest":{"CDD":0.0,"DVENTO":"222","ET0":0.43,"GDD":0.0,"HDD":10.2,"PREC":"0.0","PREC24":0.0,"PREC48":0.0,"RADSOL":"0","TAPP":5.5,"TDEW":6.6,"TEMP":"6.6","UMID":"100","UWND":0.33,"VPD":0.0,"VVENTO":"0.5","VWND":0.37},"latest_time":"2026-10-04T06:30","series":"series/151.csv"}},{"type":"Feature","geometry":{"type":"Point","coordinates":[11.58415552,45.13472648]},"properties":{"scode":"152","name":"Balduina (Sant'Urbano)","variables":["CDD","DVENTO","ET0","GDD","HDD","PREC","PREC24","PREC48","RADSOL","TAPP","TDEW","TEMP","UMID","UWND","VPD","VVENTO","VWND"],"latest":{"CDD":0.0,"DVENTO":"155","ET0":0.49,"GDD":0.0,"HDD":8.4,"PREC":"0.0","PREC24":0.0,"PREC48":0.0,"RADSOL":"0","TAPP":7.7,"TDEW":8.2,"TEMP":"8.8","UMID":"96","UWND":-0.42,"VPD":0.045,"VVENTO":"1.0","VWND":0.91},"latest_time":"2026-10-04T06:30","series":"series/152.csv"}},{"type":"Feature","geometry":{"type":"Point","coordinates":[11.84066348,45.84169964]},"properties":{"scode":"156","name":"Crespano del Grappa","variables":["CDD","DVENTO","ET0","GDD","HDD","PREC","PREC24","PREC48","RADSOL","TAPP","TDEW","TEMP","UMID","UWND","VPD","VVENTO","VWND"],"latest":{"CDD":0.0,"DVENTO":"332","ET0":1.22,"GDD":2.6,"HDD":5.6,"PREC":"0.0","PREC24":0.0,"PREC48":0.0,"RADSOL":"0","TAPP":9.0,"TDEW":6.8,"TEMP":"11.1","UMID":"75","UWND":0.94,"VPD":0.33,"VVENTO":"2.0","VWND":-1.77},"latest_time":"2026-10-04T06:30","series":"series/156.csv"}},{"type":"Feature","geometry":{"type":"Point","coordinates":[12.76128681,45.74548888]},"properties":{"scode":"159","name":"Portogruaro - Lison","variables":["CDD","DVENTO","ET0","GDD","HDD","PREC","PREC24","PREC48","RADSOL","TAPP","TDEW","TEMP","UMID","UWND","VISIB","VPD","VVENTO","VWND"],"latest":{"CDD":0.0,"DVENTO":"346","ET0":0.81,"GDD":0.4,"HDD":7.6,"PREC":"0.0","PREC24":0.0,"PREC48":0.0,"RADSOL":"0","TAPP":7.2,"TDEW":6.9,"TEMP":"9.1","UMID":"86","UWND":0.41,"VISIB":"74230","VPD":0.162,"VVENTO":"1.7","VWND":-1.65},"latest_time":"2026-10-04T06:30","series":"series/159.csv"}},{"type":"Feature","geometry":{"type":"Point","coordinates":[12.48626171,45.45871531]},"properties":{"scode":"160","name":"Cavallino Treporti","variables":["CDD","DVENTO","ET0","GDD","HDD","PREC","PREC24","PREC48","PRESS","PSLM","QSPEC","RADSOL","TAPP","TDEW","TEMP","UMID","UWND","VISIB","VPD","VVENTO","VWND"],"latest":{"CDD":0.0,"DVENTO":"3","ET0":0.5,"GDD":2.5,"HDD":5.5,"PREC":"0.0","PREC24":0.0,"PREC48":0.0,"PRESS":"1027.9","PSLM":1028.0,"QSPEC":7.81,"RADSOL":"0","TAPP":11.8,"TDEW":10.7,"TEMP":"12.3","UMID":"90","UWND":-0.06,"VISIB":"16000","VPD":0.143,"VVENTO":"1.1","VWND":-1.1},"latest_time":"2026-10-04T06:30","series":"series/160.csv"}},{"type":"Feature","geometry":{"type":"Point","coordinates":[12.58851069,45.66841156]},"properties":{"scode":"163","name":"Noventa di Piave - Grassaga","variables":["CDD","DVENTO","ET0","GDD","HDD","PREC","PREC24","PREC48","RADSOL","TAPP","TDEW","TEMP","UMID","UWND","VPD","VVENTO","VWND"],"latest":{"CDD":0.0,"DVENTO":"307","ET0":0.51,"GDD":0.0,"HDD":8.1,"PREC":"0.0","PREC24":0.0,"PREC48":0.0,"RADSOL":"0","TAPP":7.8,"TDEW":8.1,"TEMP":"9.2","UMID":"93","UWND":1.12,"VPD":0.081,"VVENTO":"1.4","VWND":-0.84},"latest_time":"2026-10-04T06:30","series":"series/163.csv"}},{"type":"Feature","geometry":{"type":"Point","coordinates":[12.70706142,45.60316601]},"properties":{"scode":"164","name":"Eraclea","variables":["CDD","DVENTO","ET0","GDD","HDD","PREC","PREC24","PREC48","RADSOL","TAPP","TDEW","TEMP","UMID","UWND","VPD","VVENTO","VWND"],"latest":{"CDD":0.0,"DVENTO":"292","ET0":0.4,"GDD":0.0,"HDD":9.6,"PREC":"0.0","PREC24":0.0,"PREC48":0.0,"RADSOL":"0","TAPP":6.3,"TDEW":7.6,"TEMP":"7.6","UMID":"100","UWND":1.02,"VPD":0.0,"VVENTO":"1.1","VWND":-0.41},"latest_time":"2026-10-04T06:30","series":"series/164.csv"}},{"type":"Feature","geometry":{"type":"Point","coordinates":[12.89394125,45.77566742]},"properties":{"scode":"165","name":"Fossalta di Portogruaro","variables":["CDD","DVENTO","ET0","GDD","HDD","PREC","PREC24","PREC48","RADSOL","TAPP","TDEW","TEMP","UMID","UWND","VPD","VVENTO","VWND"],"latest":{"CDD":0.0,"DVENTO":"327","ET0":0.39,"GDD":0.0,"HDD":8.5,"PREC":"0.0","PREC24":0.0,"PREC48":0.0,"RADSOL":"0","TAPP":7.2,"TDEW":8.2,"TEMP":"8.2","UMID":"100","UWND":0.49,"VPD":0.0,"VVENTO":"0.9","VWND":-0.75},"latest_time":"2026-10-04T06:30","series":"series/165.csv"}},{"type":"Feature","geometry":{"type":"Point","coordinates":[12.94668823,45.70491156]},"properties":{"scode":"166","name":"Lugugnana (Portogruaro)","variables":["CDD","DVENTO","ET0","GDD","HDD","PREC","PREC24","PREC48","RADSOL","TAPP","TDEW","TEMP","UMID","UWND","VPD","VVENTO","VWND"],"latest":{"CDD":0.0,"DVENTO":"331","ET0":0.54,"GDD":0.8,"HDD":7.1,"PREC":"0.0","PREC24":0.0,"PREC48":0.0,"RADSOL":"0","TAPP":9.2,"TDEW":9.8,"TEMP":"9.8","UMID":"100","UWND":0.44,"VPD":0.0,"VVENTO":"0.9","VWND":-0.79},"latest_time":"2026-10-04T06:30","series":"series/166.csv"}},{"type":"Feature","geometry":{"type":"Point","coordinates":[12.27596996,45.14632401]},"properties":{"scode":"168","name":"Chioggia - Sant'Anna","variables":["CDD","DVENTO","ET0","GDD","HDD","PREC","PREC24","PREC48","RADSOL","TAPP","TDEW","TEMP","UMID","UWND","VPD","VVENTO","VWND"],"latest":{"CDD":0.0,"DVENTO":"283","ET0":0.44,"GDD":0.8,"HDD":7.5,"PREC":"0.0","PREC24":0.0,"PREC48":0.0,"RADSOL":"0","TAPP":8.0,"TDEW":9.3,"TEMP":"9.3","UMID":"100","UWND":1.56,"VPD":0.0,"VVENTO":"1.6","VWND":-0.36},"latest_time":"2026-10-04T06:30","series":"series/168.csv"}},{"type":"Feature","geometry":{"type":"Point","coordinates":[12.35657766,46.39415044]},"properties":{"scode":"17","name":"Perarolo","variables":["CDD","DVENTO","ET0","GDD","HDD","PREC","PREC24","PREC48","RADSOL","TAPP","TDEW","TEMP","UMID","UWND","VPD","VVENTO","VWND"],"latest":{"CDD":0.0,"DVENTO":"10","ET0":0.4,"GDD":0.0,"HDD":10.7,"PREC":"0.0","PREC24":0.0,"PREC48":0.0,"RADSOL":"0","TAPP":4.6,"TDEW":6.2,"TEMP":"6.2","UMID":"100","UWND":-0.19,"VPD":0.0,"VVENTO":"1.1","VWND":-1.08},"latest_time":"2026-10-04T06:30","series":"series/17.csv"}},{"type":"Feature","geometry":{"type":"Point","coordinates":[11.67713457,45.34272761]},"properties":{"scode":"170","name":"Teolo","variables":["CDD","DVENTO","ET0","GDD","HDD","PREC","PREC24","PREC48","PRESS","PSLM","QSPEC","RADSOL","TAPP","TDEW","TEMP","UMID","UWND","VPD","VVENTO","VWND"],"latest":{"CDD":0.0,"DVENTO":">>","ET0":3.55,"GDD":9.7,"HDD":0.0,"PREC":">>","PREC24":0.4,"PREC48":0.4,"PRESS":">>","PSLM":1048.3,"QSPEC":6.29,"RADSOL":">>","TAPP":15.4,"TDEW":7.5,"TEMP":">>","UMID":">>","UWND":-1.69,"VPD":0.922,"VVENTO":">>","VWND":-0.62},"latest_time":"2026-10-04T06:00","series":"series/170.csv"}},{"type":"Feature","geometry":{"type":"Point","coordinates":[12.09970856,45.24367259]},"properties":{"scode":"175","name":"Codevigo","variables":["CDD","DVENTO","ET0","GDD","HDD","PREC","PREC24","PREC48","RADSOL","TAPP","TDEW","TEMP","UMID","UWND","VPD","VVENTO","VWND"],"latest":{"CDD":0.0,"DVENTO":"298","ET0":0.39,"GDD":0.0,"HDD":8.4,"PREC":"0.0","PREC24":0.0,"PREC48":0.0,"RADSOL":"0","TAPP":6.3,"TDEW":7.9,"TEMP":"8.0","UMID":"99","UWND":1.5,"VPD":0.011,"VVENTO":"1.7","VWND":-0.8},"latest_time":"2026-10-04T06:30","series":"series/175.csv"}},{"type":"Feature","geometry":{"type":"Point","coordinates":[11.75218331,45.59472035]},"properties":{"scode":"177","name":"Grantorto","variables":["CDD","DVENTO","ET0","GDD","HDD","PREC","PREC24","PREC48","RADSOL","TAPP","TDEW","TEMP","UMID","UWND","VPD","VVENTO","VWND"],"latest":{"CDD":0.0,"DVENTO":"235","ET0":0.51,"GDD":0.0,"HDD":8.9,"PREC":"0.0","PREC24":0.0,"PREC48":0.0,"RADSOL":"0","TAPP":7.1,"TDEW":7.4,"TEMP":"8.2","UMID":"95","UWND":0.57,"VPD":0.054,"VVENTO":"0.7","VWND":0.4},"latest_time":"2026-10-04T06:30","series":"series/177.csv"}},{"type":"Feature","geometry":{"type":"Point","coordinates":[12.08720348,45.16150338]},"properties":{"scode":"178","name":"Cavarzere","variables":["CDD","DVENTO","ET0","GDD","HDD","PREC","PREC24","PREC48","RADSOL","TAPP","TDEW","TEMP","UMID","UWND","VPD","VVENTO","VWND"],"latest":{"CDD":0.0,"DVENTO":"273","ET0":0.46,"GDD":0.6,"HDD":7.7,"PREC":"0.0","PREC24":0.0,"PREC48":0.0,"RADSOL":"0","TAPP":9.0,"TDEW":9.0,"TEMP":"9.8","UMID":"95","UWND":0.8,"VPD":0.061,"VVENTO":"0.8","VWND":-0.04},"latest_time":"2026-10-04T06:30","series":"series/178.csv"}},{"type":"Feature","geometry":{"type":"Point","coordinates":[11.91336346,45.49551578]},"properties":{"scode":"179","name":"Campodarsego","variables":["CDD","DVENTO","ET0","GDD","HDD","PREC","PREC24","PREC48","RADSOL","TAPP","TDEW","TEMP","UMID","UWND","VPD","VVENTO","VWND"],"latest":{"CDD":0.0,"DVENTO":"275","ET0":0.46,"GDD":0.0,"HDD":9.8,"PREC":"0.0","PREC24":0.0,"PREC48":0.0,"RADSOL":"0","TAPP":6.4,"TDEW":6.5,"TEMP":"7.4","UMID":"94","UWND":0.3,"VPD":0.062,"VVENTO":"0.3","VWND":-0.03},"latest_time":"2026-10-04T06:30","series":"series/179.csv"}},{"type":"Feature","geometry":{"type":"Point","coordinates":[11.8487995,45.18668992]},"properties":{"scode":"182","name":"Tribano","variables":["CDD","DVENTO","ET0","GDD","HDD","PREC","PREC24","PREC48","RADSOL","TAPP","TDEW","TEMP","UMID","UWND","VISIB","VPD","VVENTO","VWND"],"latest":{"CDD":0.0,"DVENTO":"342","ET0":0.56,"GDD":1.4,"HDD":6.8,"PREC":"0.0","PREC24":0.0,"PREC48":0.0,"RADSOL":"0","TAPP":10.7,"TDEW":8.9,"TEMP":"11.3","UMID":"85","UWND":0.15,"VISIB":"16000","VPD":0.201,"VVENTO":"0.5","VWND":-0.48},"latest_time":"2026-10-04T06:30","series":"series/182.csv"}},{"type":"Feature","geometry":{"type":"Point","coordinates":[12.11304779,45.78502414]},"properties":{"scode":"183","name":"Volpago del Montello","variables":["CDD","DVENTO","ET0","GDD","HDD","PREC","PREC24","PREC48","RADSOL","TAPP","TDEW","TEMP","UMID","UWND","VPD","VVENTO","VWND"],"latest":{"CDD":0.0,"DVENTO":"353","ET0":1.47,"GDD":4.1,"HDD":3.4,"PREC":"0.0","PREC24":0.0,"PREC48":0.0,"RADSOL":"0","TAPP":9.8,"TDEW":8.2,"TEMP":"12.5","UMID":"75","UWND":0.39,"VPD":0.362,"VVENTO":"3.2","VWND":-3.18},"latest_time":"2026-10-04T06:30","series":"series/183.csv"}},{"type":"Feature","geometry":{"type":"Point","coordinates":[12.12088,45.60991]},"properties":{"scode":"184","name":"Zero Branco","variables":["CDD","DVENTO","ET0","GDD","HDD","PREC","PREC24","PREC48","TAPP","TDEW","TEMP","UMID","UWND","VPD","VVENTO","VWND"],"latest":{"CDD":0.0,"DVENTO":"277","ET0":0.91,"GDD":0.0,"HDD":8.8,"PREC":"0.0","PREC24":0.0,"PREC48":0.0,"TAPP":7.3,"TDEW":7.7,"TEMP":"8.1","UMID":"97","UWND":0.4,"VPD":0.032,"VVENTO":"0.4","VWND":-0.05},"latest_time":"2026-10-04T06:30","series":"series/184.csv"}},{"type":"Feature","geometry":{"type":"Point","coordinates":[12.34189762,45.81168647]},"properties":{"scode":"185","name":"Vazzola - Tezze","variables":["CDD","DVENTO","ET0","GDD","HDD","PREC","PREC24","PREC48","RADSOL","TAPP","TDEW","TEMP","UMID","UWND","VPD","VVENTO","VWND"],"latest":{"CDD":0.0,"DVENTO":"286","ET0":0.53,"GDD":0.0,"HDD":9.2,"PREC":"0.0","PREC24":0.0,"PREC48":0.0,"RADSOL":"0","TAPP":7.2,"TDEW":7.9,"TEMP":"8.7","UMID":"95","UWND":1.44,"VPD":0.056,"VVENTO":"1.5","VWND":-0.41},"latest_time":"2026-10-04T06:30","series":"series/185.csv"}},{"type":"Feature","geometry":{"type":"Point","coordinates":[12.39588815,45.64140487]},"properties":{"scode":"187","name":"Roncade","variables":["CDD","DVENTO","ET0","GDD","HDD","PREC","PREC24","PREC48","RADSOL","TAPP","TDEW","TEMP","UMID","UWND","VPD","VVENTO","VWND"],"latest":{"CDD":0.0,"DVENTO":"334","ET0":0.41,"GDD":0.0,"HDD":11.8,"PREC":"0.0","PREC24":0.0,"PREC48":0.0,"RADSOL":"0","TAPP":3.7,"TDEW":5.2,"TEMP":"5.2","UMID":"100","UWND":0.26,"VPD":0.0,"VVENTO":"0.6","VWND":-0.54},"latest_time":"2026-10-04T06:30","series":"series/187.csv"}},{"type":"Feature","geometry":{"type":"Point","coordinates":[12.0070972,45.88205751]},"properties":{"scode":"189","name":"Valdobbiadene - Bigolino","variables":["CDD","DVENTO","ET0","GDD","HDD","PREC","PREC24","PREC48","TAPP","TDEW","TEMP","UMID","UWND","VPD","VVENTO","VWND"],"latest":{"CDD":0.0,"DVENTO":"75","ET0":0.94,"GDD":4.0,"HDD":3.8,"PREC":"0.0","PREC24":0.0,"PREC48":0.0,"TAPP":12.8,"TDEW":6.7,"TEMP":"14.1","UMID":"61","UWND":-0.68,"VPD":0.628,"VVENTO":"0.7","VWND":-0.18},"latest_time":"2026-10-04T06:30","series":"series/189.csv"}},{"type":"Feature","geometry":{"type":"Point","coordinates":[12.03319083,46.27804651]},"properties":{"scode":"19","name":"Agordo","variables":["CDD","DVENTO","ET0","GDD","HDD","PREC","PREC24","PREC48","RADSOL","TAPP","TDEW","TEMP","UMID","UWND","VPD","VVENTO","VWND"],"latest":{"CDD":0.0,"DVENTO":"356","ET0":0.42,"GDD":0.0,"HDD":12.2,"PREC":"0.0","PREC24":0.0,"PREC48":0.2,"RADSOL":"0","TAPP":3.4,"TDEW":4.8,"TEMP":"4.8","UMID":"100","UWND":0.03,"VPD":0.0,"VVENTO":"0.4","VWND":-0.4},"latest_time":"2026-10-04T06:30","series":"series/19.csv"}},{"type":"Feature","geometry":{"type":"Point","coordinates":[12.10445916,45.9021246]},"properties":{"scode":"195","name":"Farra di Soligo","variables":["CDD","DVENTO","ET0","GDD","HDD","PREC","PREC24","PREC48","RADSOL","TAPP","TDEW","TEMP","UMID","UWND","VPD","VVENTO","VWND"],"latest":{"CDD":0.0,"DVENTO":"10","ET0":0.96,"GDD":2.0,"HDD":6.4,"PREC":"0.0","PREC24":0.0,"PREC48":0.0,"RADSOL":"0","TAPP":9.2,"TDEW":6.9,"TEMP":"10.8","UMID":"77","UWND":-0.21,"VPD":0.298,"VVENTO":"1.2","VWND":-1.18},"latest_time":"2026-10-04T06:30","series":"series/195.csv"}},{"type":"Feature","geometry":{"type":"Point","coordinates":[11.94236996,45.77892133]},"properties":{"scode":"197","name":"Maser","variables":["CDD","DVENTO","ET0","GDD","HDD","PREC","PREC24","PREC48","TAPP","TDEW","TEMP","UMID","UWND","VPD","VVENTO","VWND"],"latest":{"CDD":0.0,"DVENTO":"27","ET0":1.15,"GDD":0.4,"HDD":8.2,"PREC":"0.0","PREC24":0.0,"PREC48":0.0,"TAPP":7.5,"TDEW":8.0,"TEMP":"8.4","UMID":"97","UWND":-0.27,"VPD":0.033,"VVENTO":"0.6","VWND":-0.53},"latest_time":"2026-10-04T06:30","series":"series/197.csv"}},{"type":"Feature","geometry":{"type":"Point","coordinates":[12.30351169,46.26152058]},"properties":{"scode":"199","name":"Longarone","variables":["CDD","DVENTO","ET0","GDD","HDD","PREC","PREC24","PREC48","RADSOL","TAPP","TDEW","TEMP","UMID","UWND","VPD","VVENTO","VWND"],"latest":{"CDD":0.0,"DVENTO":"4","ET0":1.02,"GDD":2.1,"HDD":5.8,"PREC":"0.0","PREC24":0.0,"PREC48":0.0,"RADSOL":"0","TAPP":8.1,"TDEW":8.1,"TEMP":"11.1","UMID":"82","UWND":-0.25,"VPD":0.238,"VVENTO":"3.6","VWND":-3.59},"latest_time":"2026-10-04T06:30","series":"series/199.csv"}},{"type":"Feature","geometry":{"type":"Point","coordinates":[11.74647606,46.04985912]},"properties":{"scode":"200","name":"Lamon - Sala","variables":["CDD","DVENTO","ET0","GDD","HDD","PREC","PREC24","PREC48","RADSOL","TAPP","TDEW","TEMP","UMID","UWND","VPD","VVENTO","VWND"],"latest":{"CDD":0.0,"DVENTO":"270","ET0":0.62,"GDD":0.0,"HDD":8.2,"PREC":"0.0","PREC24":0.0,"PREC48":0.0,"RADSOL":"0","TAPP":7.7,"TDEW":6.2,"TEMP":"8.9","UMID":"83","UWND":0.4,"VPD":0.194,"VVENTO":"0.4","VWND":0.0},"latest_time":"2026-10-04T06:30","series":"series/200.csv"}},{"type":"Feature","geometry":{"type":"Point","coordinates":[11.80160227,46.33914263]},"properties":{"scode":"203","name":"Passo Valles","variables":["CDD","DVENTO","ET0","GDD","HDD","PREC","PREC24","PREC48","RADSOL","TAPP","TDEW","TEMP","UMID","UWND","VPD","VVENTO","VWND"],"latest":{"CDD":0.0,"DVENTO":"284","ET0":0.91,"GDD":0.0,"HDD":11.2,"PREC":"0.0","PREC24":0.0,"PREC48":0.0,"RADSOL":"0","TAPP":3.1,"TDEW":-0.0,"TEMP":"6.5","UMID":"63","UWND":1.94,"VPD":0.358,"VVENTO":"2.0","VWND":-0.48},"latest_time":"2026-10-04T06:30","series":"series/203.csv"}},{"type":"Feature","geometry":{"type":"Point","coordinates":[12.5239352,45.71711766]},"properties":{"scode":"204","name":"Ponte di Piave","variables":["CDD","DVENTO","ET0","GDD","HDD","PREC","PREC24","PREC48","RADSOL","TAPP","TDEW","TEMP","UMID","UWND","VPD","VVENTO","VWND"],"latest":{"CDD":0.0,"DVENTO":"295","ET0":0.41,"GDD":0.0,"HDD":11.6,"PREC":"0.0","PREC24":0.0,"PREC48":0.0,"RADSOL":"0","TAPP":4.0,"TDEW":5.5,"TEMP":"5.5","UMID":"100","UWND":0.63,"VPD":0.0,"VVENTO":"0.7","VWND":-0.3},"latest_time":"2026-10-04T06:30","series":"series/204.csv"}},{"type":"Feature","geometry":{"type":"Point","coordinates":[12.41476528,46.07747932]},"properties":{"scode":"216","name":"Cansiglio - Tramedere","variables":["CDD","DVENTO","ET0","GDD","HDD","PREC","PREC24","PREC48","RADSOL","TAPP","TDEW","TEMP","UMID","UWND","VPD","VVENTO","VWND"],"latest":{"CDD":0.0,"DVENTO":"172","ET0":0.35,"GDD":0.0,"HDD":18.0,"PREC":"0.0","PREC24":0.0,"PREC48":0.0,"RADSOL":"0","TAPP":-3.4,"TDEW":-1.1,"TEMP":"-1.1","UMID":"100","UWND":-0.03,"VPD":0.0,"VVENTO":"0.2","VWND":0.2},"latest_time":"2026-10-04T06:30","series":"series/216.csv"}},{"type":"Feature","geometry":{"type":"Point","coordinates":[11.89462516,46.01620135]},"properties":{"scode":"217","name":"Feltre","variables":["CDD","DVENTO","ET0","GDD","HDD","PREC","PREC24","PREC48","RADSOL","TAPP","TDEW","TEMP","UMID","UWND","VPD","VVENTO","VWND"],"latest":{"CDD":0.0,"DVENTO":"175","ET0":0.41,"GDD":0.0,"HDD":11.7,"PREC":"0.0","PREC24":0.0,"PREC48":0.0,"RADSOL":"0","TAPP":3.6,"TDEW":4.9,"TEMP":"4.9","UMID":"100","UWND":-0.02,"VPD":0.0,"VVENTO":"0.2","VWND":0.2},"latest_time":"2026-10-04T06:30","series":"series/217.csv"}},{"type":"Feature","geometry":{"type":"Point","coordinates":[11.42663109,45.02166616]},"properties":{"scode":"221","name":"Trecenta","variables":["CDD","DVENTO","ET0","GDD","HDD","PREC","PREC24","PREC48","RADSOL","TAPP","TDEW","TEMP","UMID","UWND","VPD","VVENTO","VWND"],"latest":{"CDD":0.0,"DVENTO":"299","ET0":0.53,"GDD":1.8,"HDD":6.6,"PREC":"0.0","PREC24":0.0,"PREC48":0.0,"RADSOL":"0","TAPP":9.0,"TDEW":8.8,"TEMP":"9.7","UMID":"94","UWND":0.52,"VPD":0.072,"VVENTO":"0.6","VWND":-0.29},"latest_time":"2026-10-04T06:30","series":"series/221.csv"}},{"type":"Feature","geometry":{"type":"Point","coordinates":[12.3323414,46.41544389]},"properties":{"scode":"224","name":"Valle di Cadore","variables":["CDD","DVENTO","ET0","GDD","HDD","PREC","PREC24","PREC48","TEMP","UWND","VVENTO","VWND"],"latest":{"CDD":0.0,"DVENTO":"13","ET0":0.88,"GDD":0.0,"HDD":10.9,"PREC":"0.0","PREC24":0.0,"PREC48":0.0,"TEMP":"6.3","UWND":-0.16,"VVENTO":"0.7","VWND":-0.68},"latest_time":"2026-10-04T06:30","series":"series/224.csv"}},{"type":"Feature","geometry":{"type":"Point","coordinates":[12.30779083,45.5807425]},"properties":{"scode":"227","name":"Mogliano Veneto","variables":["CDD","DVENTO","ET0","GDD","HDD","PREC","PREC24","PREC48","RADSOL","TAPP","TDEW","TEMP","UMID","UWND","VISIB","VPD","VVENTO","VWND"],"latest":{"CDD":0.0,"DVENTO":"313","ET0":0.43,"GDD":0.0,"HDD":9.3,"PREC":"0.0","PREC24":0.0,"PREC48":0.0,"RADSOL":"0","TAPP":6.4,"TDEW":7.4,"TEMP":"7.4","UMID":"100","UWND":0.44,"VISIB":"16000","VPD":0.0,"VVENTO":"0.6","VWND":-0.41},"latest_time":"2026-10-04T06:30","series":"series/227.csv"}},{"type":"Feature","geometry":{"type":"Point","coordinates":[12.14155693,45.34941987]},"properties":{"scode":"230","name":"Campagna Lupia - Valle Averto","variables":["CDD","DVENTO","ET0","GDD","HDD","PREC","PREC24","PREC48","RADSOL","TAPP","TDEW","TEMP","UMID","UWND","VPD","VVENTO","VWND"],"latest":{"CDD":0.0,"DVENTO":"313","ET0":0.49,"GDD":0.0,"HDD":8.6,"PREC":"0.0","PREC24":0.0,"PREC48":0.0,"RADSOL":"0","TAPP":7.0,"TDEW":7.6,"TEMP":"9.0","UMID":"91","UWND":1.54,"VPD":0.103,"VVENTO":"2.1","VWND":-1.43},"latest_time":"2026-10-04T06:30","series":"series/230.csv"}},{"type":"Feature","geometry":{"type":"Point","coordinates":[11.8259685,45.03340149]},"properties":{"scode":"231","name":"Sant'Apollinare (Rovigo)","variables":["CDD","DVENTO","ET0","GDD","HDD","PREC","PREC24","PREC48","RADSOL","TAPP","TDEW","TEMP","UMID","UWND","VISIB","VPD","VVENTO","VWND"],"latest":{"CDD":0.0,"DVENTO":"3","ET0":0.45,"GDD":1.0,"HDD":7.1,"PREC":"0.0","PREC24":0.0,"PREC48":0.0,"RADSOL":"0","TAPP":9.5,"TDEW":9.7,"TEMP":"9.9","UMID":"99","UWND":-0.03,"VISIB":"51700","VPD":0.012,"VVENTO":"0.6","VWND":-0.6},"latest_time":"2026-10-04T06:30","series":"series/231.csv"}},{"type":"Feature","geometry":{"type":"Point","coordinates":[11.73017735,45.78504906]},"properties":{"scode":"232","name":"Bassano del Grappa","variables":["CDD","DVENTO","ET0","GDD","HDD","PREC","PREC24","PREC48","RADSOL","TAPP","TDEW","TEMP","UMID","UWND","VPD","VVENTO","VWND"],"latest":{"CDD":0.0,"DVENTO":"315","ET0":2.53,"GDD":5.7,"HDD":2.2,"PREC":"0.0","PREC24":0.0,"PREC48":0.0,"RADSOL":"0","TAPP":10.0,"TDEW":6.9,"TEMP":"14.3","UMID":"61","UWND":3.61,"VPD":0.636,"VVENTO":"5.1","VWND":-3.61},"latest_time":"2026-10-04T06:30","series":"series/232.csv"}},{"type":"Feature","geometry":{"type":"Point","coordinates":[12.25007045,46.5764122]},"properties":{"scode":"238","name":"Misurina","variables":["CDD","DVENTO","ET0","GDD","HDD","PREC","PREC24","PREC48","RADSOL","TAPP","TDEW","TEMP","UMID","UWND","VPD","VVENTO","VWND"],"latest":{"CDD":0.0,"DVENTO":"10","ET0":0.88,"GDD":0.0,"HDD":12.4,"PREC":"0.0","PREC24":0.0,"PREC48":0.0,"RADSOL":"0","TAPP":0.6,"TDEW":2.1,"TEMP":"5.1","UMID":"81","UWND":-0.71,"VPD":0.167,"VVENTO":"4.1","VWND":-4.04},"latest_time":"2026-10-04T06:30","series":"series/238.csv"}},{"type":"Feature","geometry":{"type":"Point","coordinates":[12.30760378,45.98539025]},"properties":{"scode":"240","name":"Vittorio Veneto","variables":["CDD","DVENTO","ET0","GDD","HDD","PREC","PREC24","PREC48","RADSOL","TAPP","TDEW","TEMP","UMID","UWND","VPD","VVENTO","VWND"],"latest":{"CDD":0.0,"DVENTO":"302","ET0":0.83,"GDD":3.6,"HDD":4.3,"PREC":"0.0","PREC24":0.0,"PREC48":0.0,"RADSOL":"0","TAPP":11.5,"TDEW":9.2,"TEMP":"12.4","UMID":"81","UWND":0.85,"VPD":0.274,"VVENTO":"1.0","VWND":-0.53},"latest_time":"2026-10-04T06:30","series":"series/240.csv"}},{"type":"Feature","geometry":{"type":"Point","coordinates":[11.93977502,45.9255196]},"properties":{"scode":"245","name":"Quero","variables":["CDD","DVENTO","ET0","GDD","HDD","PREC","PREC24","PREC48","RADSOL","TAPP","TDEW","TEMP","UMID","UWND","VPD","VVENTO","VWND"],"latest":{"CDD":0.0,"DVENTO":"328","ET0":1.07,"GDD":2.1,"HDD":6.1,"PREC":"0.0","PREC24":0.0,"PREC48":0.0,"RADSOL":"0","TAPP":8.6,"TDEW":8.8,"TEMP":"11.2","UMID":"85","UWND":1.75,"VPD":0.2,"VVENTO":"3.3","VWND":-2.8},"latest_time":"2026-10-04T06:30","series":"series/245.csv"}},{"type":"Feature","geometry":{"type":"Point","coordinates":[12.07539462,46.14063559]},"properties":{"scode":"25","name":"Sospirolo","variables":["CDD","DVENTO","ET0","GDD","HDD","PREC","PREC24","PREC48","TEMP","UWND","VVENTO","VWND"],"latest":{"CDD":0.0,"DVENTO":"254","ET0":0.95,"GDD":0.1,"HDD":7.8,"PREC":"0.0","PREC24":0.0,"PREC48":0.0,"TEMP":"8.7","UWND":0.77,"VVENTO":"0.8","VWND":0.22},"latest_time":"2026-10-04T06:30","series":"series/25.csv"}},{"type":"Feature","geometry":{"type":"Point","coordinates":[11.03859258,45.61935401]},"properties":{"scode":"251","name":"Bosco Chiesanuova","variables":["CDD","DVENTO","ET0","GDD","HDD","PREC","PREC24","PREC48","RADSOL","TAPP","TDEW","TEMP","UMID","UWND","VPD","VVENTO","VWND"],"latest":{"CDD":0.0,"DVENTO":"321","ET0":1.64,"GDD":2.2,"HDD":5.5,"PREC":"0.0","PREC24":0.0,"PREC48":0.0,"RADSOL":"0","TAPP":9.5,"TDEW":3.4,"TEMP":"12.2","UMID":"55","UWND":1.13,"VPD":0.64,"VVENTO":"1.8","VWND":-1.4},"latest_time":"2026-10-04T06:30","series":"series/251.csv"}},{"type":"Feature","geometry":{"type":"Point","coordinates":[12.32809643,45.42996715]},"properties":{"scode":"252","name":"Venezia - Istituto Cavanis","variables":["CDD","DVENTO","ET0","GDD","HDD","PREC","PREC24","PREC48","PRESS","PSLM","QSPEC","RADSOL","TAPP","TDEW","TEMP","UMID","UWND","VPD","VVENTO","VWND"],"latest":{"CDD":0.0,"DVENTO":"3","ET0":1.0,"GDD":5.6,"HDD":2.7,"PREC":"0.0","PREC24":0.0,"PREC48":0.0,"PRESS":"1027.6","PSLM":1029.8,"QSPEC":8.07,"RADSOL":"0","TAPP":13.2,"TDEW":11.2,"TEMP":"14.4","UMID":"81","UWND":-0.12,"VPD":0.312,"VVENTO":"2.3","VWND":-2.3},"latest_time":"2026-10-04T06:30","series":"series/252.csv"}},{"type":"Feature","geometry":{"type":"Point","coordinates":[12.24470834,46.16467858]},"properties":{"scode":"264","name":"Belluno - aeroporto","variables":["CDD","DVENTO","ET0","GDD","HDD","PREC","PREC24","PREC48","PRESS","PSLM","QSPEC","RADSOL","TAPP","TDEW","TEMP","UMID","UWND","VPD","VVENTO","VWND"],"latest":{"CDD":0.0,"DVENTO":"329","ET0":0.4,"GDD":0.0,"HDD":11.2,"PREC":"0.0","PREC24":0.0,"PREC48":0.0,"PRESS":"1032.5","PSLM":1081.3,"QSPEC":5.73,"RADSOL":"0","TAPP":4.9,"TDEW":6.2,"TEMP":"6.2","UMID":"100","UWND":0.31,"VPD":0.0,"VVENTO":"0.6","VWND":-0.51},"latest_time":"2026-10-04T06:30","series":"series/264.csv"}},{"type":"Feature","geometry":{"type":"Point","coordinates":[11.74268777,45.30014284]},"properties":{"scode":"265","name":"Galzignano - Ca' Demia","variables":["CDD","DVENTO","ET0","GDD","HDD","PREC","PREC24","PREC48","RADSOL","TAPP","TDEW","TEMP","UMID","UWND","VPD","VVENTO","VWND"],"latest":{"CDD":0.0,"DVENTO":"269","ET0":0.4,"GDD":0.0,"HDD":10.9,"PREC":"0.0","PREC24":0.0,"PREC48":0.0,"RADSOL":"0","TAPP":5.6,"TDEW":6.8,"TEMP":"6.8","UMID":"100","UWND":0.6,"VPD":0.0,"VVENTO":"0.6","VWND":0.01},"latest_time":"2026-10-04T06:30","series":"series/265.csv"}},{"type":"Feature","geometry":{"type":"Point","coordinates":[12.07247911,46.07841194]},"properties":{"scode":"266","name":"Santa Giustina Bellunese","variables":["CDD","DVENTO","ET0","GDD","HDD","PREC","PREC24","PREC48","RADSOL","TAPP","TDEW","TEMP","UMID","UWND","VPD","VVENTO","VWND"],"latest":{"CDD":0.0,"DVENTO":"40","ET0":0.41,"GDD":0.0,"HDD":12.0,"PREC":"0.2","PREC24":0.2,"PREC48":0.2,"RADSOL":"0","TAPP":3.4,"TDEW":5.1,"TEMP":"5.1","UMID":"100","UWND":-0.51,"VPD":0.0,"VVENTO":"0.8","VWND":-0.61},"latest_time":"2026-10-04T06:30","series":"series/266.csv"}},{"type":"Feature","geometry":{"type":"Point","coordinates":[12.58466111,46.48692303]},"properties":{"scode":"268","name":"Sella Ciampigotto","variables":["CDD","DVENTO","ET0","GDD","HDD","PREC","PREC24","PREC48","RADSOL","TAPP","TDEW","TEMP","UMID","UWND","VPD","VVENTO","VWND"],"latest":{"CDD":0.0,"DVENTO":"98","ET0":0.63,"GDD":0.0,"HDD":11.8,"PREC":"0.0","PREC24":0.0,"PREC48":0.0,"RADSOL":"0","TAPP":3.2,"TDEW":-0.1,"TEMP":"5.3","UMID":"68","UWND":-0.2,"VPD":0.285,"VVENTO":"0.2","VWND":0.03},"latest_time":"2026-10-04T06:30","series":"series/268.csv"}},{"type":"Feature","geometry":{"type":"Point","coordinates":[12.020877,45.945242]},"properties":{"scode":"28","name":"Monte Cesen","variables":["CDD","DVENTO","ET0","GDD","HDD","TAPP","TDEW","TEMP","UMID","UWND","VPD","VVENTO","VWND"],"latest":{"CDD":0.0,"DVENTO":"281","ET0":0.79,"GDD":0.5,"HDD":7.5,"TAPP":7.6,"TDEW":0.3,"TEMP":"9.7","UMID":"52","UWND":0.29,"VPD":0.578,"VVENTO":"0.3","VWND":-0.06},"latest_time":"2026-10-04T06:00","series":"series/28.csv"}},{"type":"Feature","geometry":{"type":"Point","coordinates":[11.55281023,45.88022083]},"properties":{"scode":"345","name":"Gallio","variables":["CDD","DVENTO","ET0","GDD","HDD","PREC","PREC24","PREC48","TAPP","TDEW","TEMP","UMID","UWND","VPD","VVENTO","VWND"],"latest":{"CDD":0.0,"DVENTO":"203","ET0":0.85,"GDD":0.0,"HDD":8.7,"PREC":"0.0","PREC24":0.0,"PREC48":0.0,"TAPP":5.7,"TDEW":2.5,"TEMP":"9.0","UMID":"64","UWND":0.94,"VPD":0.413,"VVENTO":"2.4","VWND":2.21},"latest_time":"2026-10-04T06:30","series":"series/345.csv"}},{"type":"Feature","geometry":{"type":"Point","coordinates":[12.00683651,46.51873107]},"properties":{"scode":"37","name":"Passo Falzarego","variables":["CDD","DVENTO","ET0","GDD","HDD","PREC","PREC24","PREC48","TEMP","UWND","VVENTO","VWND"],"latest":{"CDD":0.0,"DVENTO":"297","ET0":0.57,"GDD":0.0,"HDD":12.3,"PREC":"0.0","PREC24":0.0,"PREC48":0.0,"TEMP":"6.2","UWND":1.69,"VVENTO":"1.9","VWND":-0.86},"latest_time":"2026-10-04T06:30","series":"series/37.csv"}},{"type":"Feature","geometry":{"type":"Point","coordinates":[13.07746832,45.64137219]},"properties":{"scode":"425","name":"Bibione","variables":["CDD","DVENTO","ET0","GDD","HDD","PREC","PREC24","PREC48","RADSOL","TAPP","TDEW","TEMP","UMID","UWND","VPD","VVENTO","VWND"],"latest":{"CDD":0.0,"DVENTO":"327","ET0":0.39,"GDD":1.7,"HDD":6.2,"PREC":"0.0","PREC24":0.0,"PREC48":0.0,"RADSOL":"0","TAPP":9.9,"TDEW":10.6,"TEMP":"10.6","UMID":"100","UWND":0.71,"VPD":0.0,"VVENTO":"1.3","VWND":-1.09},"latest_time":"2026-10-04T06:30","series":"series/425.csv"}},{"type":"Feature","geometry":{"type":"Point","coordinates":[11.52039317,45.52434984]},"properties":{"scode":"451","name":"Vicenza - Sant'Agostino","variables":["CDD","DVENTO","ET0","GDD","HDD","PREC","PREC24","PREC48","RADSOL","TAPP","TDEW","TEMP","UMID","UWND","VPD","VVENTO","VWND"],"latest":{"CDD":0.0,"DVENTO":"316","ET0":0.43,"GDD":0.0,"HDD":9.4,"PREC":"0.0","PREC24":0.0,"PREC48":0.0,"RADSOL":"0","TAPP":6.7,"TDEW":7.5,"TEMP":"7.5","UMID":"100","UWND":0.21,"VPD":0.0,"VVENTO":"0.3","VWND":-0.22},"latest_time":"2026-10-04T06:30","series":"series/451.csv"}},{"type":"Feature","geometry":{"type":"Point","coordinates":[12.2784802,45.51730828]},"properties":{"scode":"454","name":"Favaro Veneto","variables":["CDD","DVENTO","ET0","GDD","HDD","PREC","PREC24","PREC48","RADSOL","TAPP","TDEW","TEMP","UMID","UWND","VPD","VVENTO","VWND"],"latest":{"CDD":0.0,"DVENTO":"337","ET0":0.43,"GDD":0.0,"HDD":9.6,"PREC":"0.0","PREC24":0.0,"PREC48":0.0,"RADSOL":"0","TAPP":6.8,"TDEW":7.6,"TEMP":"7.6","UMID":"100","UWND":0.12,"VPD":0.0,"VVENTO":"0.3","VWND":-0.28},"latest_time":"2026-10-04T06:30","series":"series/454.csv"}},{"type":"Feature","geometry":{"type":"Point","coordinates":[12.17508664,46.52744551]},"properties":{"scode":"47","name":"Faloria","variables":["CDD","DVENTO","ET0","GDD","HDD","PREC","PREC24","PREC48","TAPP","TDEW","TEMP","UMID","UWND","VPD","VVENTO","VWND"],"latest":{"CDD":0.0,"DVENTO":"60","ET0":0.65,"GDD":0.0,"HDD":10.1,"PREC":"0.0","PREC24":0.0,"PREC48":0.0,"TAPP":3.9,"TDEW":-2.4,"TEMP":"7.6","UMID":"49","UWND":-1.73,"VPD":0.532,"VVENTO":"2.0","VWND":-1.0},"latest_time":"2026-10-04T06:30","series":"series/47.csv"}},{"type":"Feature","geometry":{"type":"Point","coordinates":[12.20626034,46.44327375]},"properties":{"scode":"50","name":"Villanova (Borca di Cadore)","variables":["CDD","DVENTO","ET0","GDD","HDD","PREC","PREC24","PREC48","RADSOL","TAPP","TDEW","TEMP","UMID","UWND","VPD","VVENTO","VWND"],"latest":{"CDD":0.0,"DVENTO":"10","ET0":0.43,"GDD":0.0,"HDD":13.2,"PREC":"0.0","PREC24":0.0,"PREC48":0.0,"RADSOL":"0","TAPP":1.7,"TDEW":3.5,"TEMP":"3.5","UMID":"100","UWND":-0.09,"VPD":0.0,"VVENTO":"0.5","VWND":-0.49},"latest_time":"2026-10-04T06:30","series":"series/50.csv"}},{"type":"Feature","geometry":{"type":"Point","coordinates":[10.81463468,45.60804812]},"properties":{"scode":"510","name":"Caprino Veronese - Platano","variables":["CDD","DVENTO","ET0","GDD","HDD","PREC","PREC24","PREC48","RADSOL","TAPP","TDEW","TEMP","UMID","UWND","VPD","VVENTO","VWND"],"latest":{"CDD":0.0,"DVENTO":"21","ET0":1.01,"GDD":3.8,"HDD":3.9,"PREC":"0.0","PREC24":0.0,"PREC48":0.0,"RADSOL":"0","TAPP":12.7,"TDEW":5.3,"TEMP":"14.8","UMID":"53","UWND":-0.54,"VPD":0.791,"VVENTO":"1.5","VWND":-1.4},"latest_time":"2026-10-04T06:30","series":"series/510.csv"}},{"type":"Feature","geometry":{"type":"Point","coordinates":[12.42593677,46.55625348]},"properties":{"scode":"53","name":"Auronzo","variables":["CDD","DVENTO","ET0","GDD","HDD","PREC","PREC24","PREC48","RADSOL","TAPP","TDEW","TEMP","UMID","UWND","VPD","VVENTO","VWND"],"latest":{"CDD":0.0,"DVENTO":"274","ET0":0.39,"GDD":0.0,"HDD":15.7,"PREC":"0.0","PREC24":0.0,"PREC48":0.0,"RADSOL":"0","TAPP":-0.7,"TDEW":1.3,"TEMP":"1.3","UMID":"100","UWND":0.3,"VPD":0.0,"VVENTO":"0.3","VWND":-0.02},"latest_time":"2026-10-04T06:30","series":"series/53.csv"}},{"type":"Feature","geometry":{"type":"Point","coordinates":[11.69453713,45.196595]},"properties":{"scode":"551","name":"Sant'Elena","variables":["CDD","DVENTO","ET0","GDD","HDD","PREC","PREC24","PREC48","RADSOL","TAPP","TDEW","TEMP","UMID","UWND","VPD","VVENTO","VWND"],"latest":{"CDD":0.0,"DVENTO":"142","ET0":0.47,"GDD":0.0,"HDD":7.9,"PREC":"0.0","PREC24":0.0,"PREC48":0.0,"RADSOL":"0","TAPP":7.5,"TDEW":8.1,"TEMP":"8.2","UMID":"99","UWND":-0.18,"VPD":0.011,"VVENTO":"0.3","VWND":0.24},"latest_time":"2026-10-04T06:30","series":"series/551.csv"}},{"type":"Feature","geometry":{"type":"Point","coordinates":[11.60648596,45.2345589]},"properties":{"scode":"572","name":"Ospedaletto Euganeo","variables":["CDD","DVENTO","ET0","GDD","HDD","PREC","PREC24","PREC48","RADSOL","TAPP","TDEW","TEMP","UMID","UWND","VPD","VVENTO","VWND"],"latest":{"CDD":0.0,"DVENTO":"308","ET0":0.52,"GDD":0.0,"HDD":8.3,"PREC":"0.0","PREC24":0.0,"PREC48":0.0,"RADSOL":"0","TAPP":7.7,"TDEW":7.9,"TEMP":"8.3","UMID":"97","UWND":0.16,"VPD":0.033,"VVENTO":"0.2","VWND":-0.12},"latest_time":"2026-10-04T06:30","series":"series/572.csv"}},{"type":"Feature","geometry":{"type":"Point","coordinates":[12.12185345,45.96032669]},"properties":{"scode":"574","name":"Follina","variables":["CDD","DVENTO","ET0","GDD","HDD","PREC","PREC24","PREC48","TAPP","TDEW","TEMP","UMID","UWND","VPD","VVENTO","VWND"],"latest":{"CDD":0.0,"DVENTO":"16","ET0":0.66,"GDD":0.0,"HDD":11.4,"PREC":"0.0","PREC24":0.0,"PREC48":0.0,"TAPP":4.7,"TDEW":6.0,"TEMP":"6.0","UMID":"100","UWND":-0.17,"VPD":0.0,"VVENTO":"0.6","VWND":-0.58},"latest_time":"2026-10-04T06:30","series":"series/574.csv"}},{"type":"Feature","geometry":{"type":"Point","coordinates":[12.37967204,45.7232319]},"properties":{"scode":"577","name":"Breda di Piave - Via Bovon","variables":["CDD","DVENTO","ET0","GDD","HDD","PREC","PREC24","PREC48","TAPP","TDEW","TEMP","UMID","UWND","VPD","VVENTO","VWND"],"latest":{"CDD":0.0,"DVENTO":"35","ET0":1.14,"GDD":0.0,"HDD":9.7,"PREC":"0.0","PREC24":0.0,"PREC48":0.0,"TAPP":6.0,"TDEW":6.9,"TEMP":"6.9","UMID":"100","UWND":-0.11,"VPD":0.0,"VVENTO":"0.2","VWND":-0.16},"latest_time":"2026-10-04T06:30","series":"series/577.csv"}},{"type":"Feature","geometry":{"type":"Point","coordinates":[12.55254488,46.55719592]},"properties":{"scode":"58","name":"Santo Stefano di Cadore","variables":["CDD","DVENTO","ET0","GDD","HDD","PREC","PREC24","PREC48","RADSOL","TAPP","TDEW","TEMP","UMID","UWND","VPD","VVENTO","VWND"],"latest":{"CDD":0.0,"DVENTO":"222","ET0":0.4,"GDD":0.0,"HDD":15.0,"PREC":"0.0","PREC24":0.0,"PREC48":0.0,"RADSOL":"0","TAPP":0.1,"TDEW":1.9,"TEMP":"1.9","UMID":"100","UWND":0.13,"VPD":0.0,"VVENTO":"0.2","VWND":0.15},"latest_time":"2026-10-04T06:30","series":"series/58.csv"}},{"type":"Feature","geometry":{"type":"Point","coordinates":[12.41035969,46.46094955]},"properties":{"scode":"59","name":"Domegge di Cadore","variables":["CDD","DVENTO","ET0","GDD","HDD","PREC","PREC24","PREC48","RADSOL","TAPP","TDEW","TEMP","UMID","UWND","VPD","VVENTO","VWND"],"latest":{"CDD":0.0,"DVENTO":"212","ET0":0.46,"GDD":0.0,"HDD":11.1,"PREC":"0.0","PREC24":0.0,"PREC48":0.0,"RADSOL":"0","TAPP":4.7,"TDEW":6.0,"TEMP":"6.1","UMID":"99","UWND":0.37,"VPD":0.009,"VVENTO":"0.7","VWND":0.59},"latest_time":"2026-10-04T06:30","series":"series/59.csv"}},{"type":"Feature","geometry":{"type":"Point","coordinates":[11.65407532,45.51669272]},"properties":{"scode":"600","name":"Grumolo delle Abbadesse","variables":["CDD","DVENTO","ET0","GDD","HDD","PREC","PREC24","PREC48","RADSOL","TAPP","TDEW","TEMP","UMID","UWND","VPD","VVENTO","VWND"],"latest":{"CDD":0.0,"DVENTO":"329","ET0":0.44,"GDD":0.0,"HDD":8.4,"PREC":"0.0","PREC24":0.0,"PREC48":0.0,"RADSOL":"0","TAPP":7.7,"TDEW":8.8,"TEMP":"8.8","UMID":"100","UWND":0.62,"VPD":0.0,"VVENTO":"1.2","VWND":-1.03},"latest_time":"2026-10-04T06:30","series":"series/600.csv"}},{"type":"Feature","geometry":{"type":"Point","coordinates":[12.65882,45.535854]},"properties":{"scode":"615","name":"Jesolo - Cortellazzo","variables":["CDD","DVENTO","ET0","GDD","HDD","PREC","PREC24","PREC48","TAPP","TDEW","TEMP","UMID","UWND","VPD","VVENTO","VWND"],"latest":{"CDD":0.0,"DVENTO":"330","ET0":0.8,"GDD":0.1,"HDD":8.1,"PREC":"0.0","PREC24":0.0,"PREC48":0.0,"TAPP":7.4,"TDEW":8.1,"TEMP":"9.2","UMID":"93","UWND":0.95,"VPD":0.081,"VVENTO":"1.9","VWND":-1.65},"latest_time":"2026-10-04T06:30","series":"series/615.csv"}},{"type":"Feature","geometry":{"type":"Point","coordinates":[12.378313,45.537387]},"properties":{"scode":"617","name":"Marcon loc. Zuccarello","variables":["CDD","DVENTO","ET0","GDD","HDD","PREC","PREC24","PREC48","TAPP","TDEW","TEMP","UMID","UWND","VPD","VVENTO","VWND"],"latest":{"CDD":0.0,"DVENTO":"325","ET0":0.69,"GDD":0.9,"HDD":7.0,"PREC":"0.0","PREC24":0.0,"PREC48":0.0,"TAPP":9.1,"TDEW":7.3,"TEMP":"10.6","UMID":"80","UWND":0.69,"VPD":0.256,"VVENTO":"1.2","VWND":-0.98},"latest_time":"2026-10-04T06:30","series":"series/617.csv"}},{"type":"Feature","geometry":{"type":"Point","coordinates":[10.687142,45.424275]},"properties":{"scode":"621","name":"Peschiera - Dolci","variables":["CDD","DVENTO","ET0","GDD","HDD","PREC","PREC24","PREC48","TAPP","TDEW","TEMP","UMID","UWND","VPD","VVENTO","VWND"],"latest":{"CDD":0.0,"DVENTO":"45","ET0":0.78,"GDD":2.4,"HDD":5.7,"PREC":"0.0","PREC24":0.0,"PREC48":0.0,"TAPP":11.8,"TDEW":11.8,"TEMP":"12.0","UMID":"99","UWND":-0.78,"VPD":0.014,"VVENTO":"1.1","VWND":-0.78},"latest_time":"2026-10-04T06:30","series":"series/621.csv"}},{"type":"Feature","geometry":{"type":"Point","coordinates":[11.01758925,45.41626803]},"properties":{"scode":"633","name":"Verona - Santa Caterina","variables":["CDD","DVENTO","ET0","GDD","HDD","PREC","PREC24","PREC48","RADSOL","TAPP","TDEW","TEMP","UMID","UWND","VPD","VVENTO","VWND"],"latest":{"CDD":0.0,"DVENTO":"248","ET0":0.75,"GDD":3.4,"HDD":5.0,"PREC":"0.0","PREC24":0.0,"PREC48":0.0,"RADSOL":"0","TAPP":10.4,"TDEW":7.4,"TEMP":"11.1","UMID":"78","UWND":0.19,"VPD":0.291,"VVENTO":"0.2","VWND":0.07},"latest_time":"2026-10-04T06:30","series":"series/633.csv"}},{"type":"Feature","geometry":{"type":"Point","coordinates":[12.79133,45.57572]},"properties":{"scode":"662","name":"Eraclea - Torre di Fine","variables":["CDD","DVENTO","ET0","GDD","HDD","PREC","PREC24","PREC48","PRESS","PSLM","QSPEC","TAPP","TDEW","TEMP","UMID","UWND","VPD","VVENTO","VWND"],"latest":{"CDD":0.0,"DVENTO":"330","ET0":0.81,"GDD":0.0,"HDD":8.6,"PREC":"0.0","PREC24":0.0,"PREC48":0.0,"PRESS":"1028.5","PSLM":1028.4,"QSPEC":6.11,"TAPP":6.9,"TDEW":7.1,"TEMP":"8.3","UMID":"92","UWND":0.5,"VPD":0.088,"VVENTO":"1.0","VWND":-0.87},"latest_time":"2026-10-04T06:30","series":"series/662.csv"}},{"type":"Feature","geometry":{"type":"Point","coordinates":[12.479594,44.978047]},"properties":{"scode":"663","name":"Pila - Porto Peschereccio (Porto Tolle)","variables":["CDD","DVENTO","ET0","GDD","HDD","PREC","PREC24","PREC48","PRESS","PSLM","QSPEC","TAPP","TDEW","TEMP","UMID","UWND","VPD","VVENTO","VWND"],"latest":{"CDD":0.0,"DVENTO":"261","ET0":1.35,"GDD":6.5,"HDD":1.3,"PREC":"0.0","PREC24":0.0,"PREC48":0.0,"PRESS":"1027.5","PSLM":1027.6,"QSPEC":9.2,"TAPP":14.6,"TDEW":13.2,"TEMP":"14.8","UMID":"90","UWND":1.68,"VPD":0.168,"VVENTO":"1.7","VWND":0.27},"latest_time":"2026-10-04T06:30","series":"series/663.csv"}},{"type":"Feature","geometry":{"type":"Point","coordinates":[11.30843985,45.81551626]},"properties":{"scode":"68","name":"Castana","variables":["CDD","DVENTO","ET0","GDD","HDD","PREC","PREC24","PREC48","TAPP","TDEW","TEMP","UMID","UWND","VPD","VVENTO","VWND"],"latest":{"CDD":0.0,"DVENTO":"255","ET0":0.57,"GDD":0.0,"HDD":12.5,"PREC":"0.0","PREC24":0.0,"PREC48":0.0,"TAPP":3.3,"TDEW":4.8,"TEMP":"4.9","UMID":"99","UWND":0.58,"VPD":0.009,"VVENTO":"0.6","VWND":0.16},"latest_time":"2026-10-04T06:30","series":"series/68.csv"}},{"type":"Feature","geometry":{"type":"Point","coordinates":[11.41388886,45.93058669]},"properties":{"scode":"74","name":"Monte Verena","variables":["CDD","DVENTO","ET0","GDD","HDD","TEMP","UWND","VVENTO","VWND"],"latest":{"CDD":0.0,"DVENTO":"76","ET0":0.63,"GDD":0.0,"HDD":10.1,"TEMP":"7.8","UWND":-1.36,"VVENTO":"1.4","VWND":-0.34},"latest_time":"2026-10-04T06:00","series":"series/74.csv"}},{"type":"Feature","geometry":{"type":"Point","coordinates":[11.82249512,46.48343791]},"properties":{"scode":"80","name":"Passo Pordoi","variables":["CDD","DVENTO","ET0","GDD","HDD","PREC","PREC24","PREC48","RADSOL","TAPP","TDEW","TEMP","UMID","UWND","VPD","VVENTO","VWND"],"latest":{"CDD":0.0,"DVENTO":"224","ET0":1.28,"GDD":0.0,"HDD":11.7,"PREC":"0.0","PREC24":0.0,"PREC48":0.0,"RADSOL":"0","TAPP":1.7,"TDEW":-2.9,"TEMP":"6.5","UMID":"51","UWND":2.36,"VPD":0.474,"VVENTO":"3.4","VWND":2.45},"latest_time":"2026-10-04T06:30","series":"series/80.csv"}},{"type":"Feature","geometry":{"type":"Point","coordinates":[11.54773196,45.65882861]},"properties":{"scode":"83","name":"Montecchio Precalcino","variables":["CDD","DVENTO","ET0","GDD","HDD","PREC","PREC24","PREC48","RADSOL","TAPP","TDEW","TEMP","UMID","UWND","VPD","VVENTO","VWND"],"latest":{"CDD":0.0,"DVENTO":"303","ET0":0.81,"GDD":3.0,"HDD":5.0,"PREC":"0.0","PREC24":0.0,"PREC48":0.0,"RADSOL":"0","TAPP":11.6,"TDEW":8.5,"TEMP":"12.4","UMID":"77","UWND":0.59,"VPD":0.331,"VVENTO":"0.7","VWND":-0.38},"latest_time":"2026-10-04T06:30","series":"series/83.csv"}},{"type":"Feature","geometry":{"type":"Point","coordinates":[11.18136996,45.6085427]},"properties":{"scode":"87","name":"San Bortolo","variables":["CDD","DVENTO","ET0","GDD","HDD","PREC","PREC24","PREC48","TEMP","UWND","VVENTO","VWND"],"latest":{"CDD":0.0,"DVENTO":"245","ET0":0.7,"GDD":3.9,"HDD":4.0,"PREC":"0.0","PREC24":0.0,"PREC48":0.0,"TEMP":"13.4","UWND":0.73,"VVENTO":"0.8","VWND":0.34},"latest_time":"2026-10-04T06:30","series":"series/87.csv"}},{"type":"Feature","geometry":{"type":"Point","coordinates":[11.20907007,45.62621136]},"properties":{"scode":"88","name":"Crespadoro","variables":["CDD","DVENTO","ET0","GDD","HDD","PREC","PREC24","PREC48","TAPP","TDEW","TEMP","UMID","UWND","VPD","VVENTO","VWND"],"latest":{"CDD":0.0,"DVENTO":"295","ET0":0.69,"GDD":0.0,"HDD":8.8,"PREC":"0.0","PREC24":0.0,"PREC48":0.0,"TAPP":7.1,"TDEW":6.9,"TEMP":"8.6","UMID":"89","UWND":1.0,"VPD":0.123,"VVENTO":"1.1","VWND":-0.46},"latest_time":"2026-10-04T06:30","series":"series/88.csv"}},{"type":"Feature","geometry":{"type":"Point","coordinates":[11.99004162,46.44043805]},"properties":{"scode":"9","name":"Caprile","variables":["CDD","DVENTO","ET0","GDD","HDD","PREC","PREC24","PREC48","RADSOL","TAPP","TDEW","TEMP","UMID","UWND","VPD","VVENTO","VWND"],"latest":{"CDD":0.0,"DVENTO":"14","ET0":0.43,"GDD":0.0,"HDD":13.1,"PREC":"0.0","PREC24":0.0,"PREC48":0.0,"RADSOL":"0","TAPP":2.7,"TDEW":4.2,"TEMP":"4.2","UMID":"100","UWND":-0.07,"VPD":0.0,"VVENTO":"0.3","VWND":-0.29},"latest_time":"2026-10-04T06:30","series":"series/9.csv"}},{"type":"Feature","geometry":{"type":"Point","coordinates":[12.42397152,46.65215334]},"properties":{"scode":"91","name":"Passo Monte Croce Comelico","variables":["CDD","DVENTO","ET0","GDD","HDD","PREC","PREC24","PREC48","RADSOL","TAPP","TDEW","TEMP","UMID","UWND","VPD","VVENTO","VWND"],"latest":{"CDD":0.0,"DVENTO":"313","ET0":0.89,"GDD":0.0,"HDD":12.9,"PREC":"0.0","PREC24":0.0,"PREC48":0.0,"RADSOL":"0","TAPP":0.2,"TDEW":1.5,"TEMP":"4.7","UMID":"80","UWND":2.93,"VPD":0.171,"VVENTO":"4.0","VWND":-2.73},"latest_time":"2026-10-04T06:30","series":"series/91.csv"}},{"type":"Feature","geometry":{"type":"Point","coordinates":[12.44015627,46.11907392]},"properties":{"scode":"92","name":"Col Indes (Tambre)","variables":["CDD","DVENTO","ET0","GDD","HDD","PREC","PREC24","PREC48","RADSOL","TAPP","TDEW","TEMP","UMID","UWND","VPD","VVENTO","VWND"],"latest":{"CDD":0.0,"DVENTO":"25","ET0":0.91,"GDD":0.7,"HDD":7.3,"PREC":"0.0","PREC24":0.0,"PREC48":0.0,"RADSOL":"0","TAPP":7.7,"TDEW":1.0,"TEMP":"10.2","UMID":"53","UWND":-0.38,"VPD":0.585,"VVENTO":"0.9","VWND":-0.82},"latest_time":"2026-10-04T06:30","series":"series/92.csv"}},{"type":"Feature","geometry":{"type":"Point","coordinates":[12.36301566,46.15155195]},"properties":{"scode":"93","name":"Torch","variables":["CDD","DVENTO","ET0","GDD","HDD","PREC","PREC24","PREC48","RADSOL","TAPP","TDEW","TEMP","UMID","UWND","VPD","VVENTO","VWND"],"latest":{"CDD":0.0,"DVENTO":"226","ET0":0.94,"GDD":1.2,"HDD":7.0,"PREC":"0.0","PREC24":0.0,"PREC48":0.0,"RADSOL":"0","TAPP":8.6,"TDEW":5.8,"TEMP":"10.0","UMID":"75","UWND":0.43,"VPD":0.307,"VVENTO":"0.6","VWND":0.42},"latest_time":"2026-10-04T06:30","series":"series/93.csv"}},{"type":"Feature","geometry":{"type":"Point","coordinates":[11.52950565,44.98944662]},"properties":{"scode":"96","name":"Bagnolo di Po - Pellizzare","variables":["CDD","DVENTO","ET0","GDD","HDD","PREC","PREC24","PREC48","RADSOL","TAPP","TDEW","TEMP","UMID","UWND","VPD","VVENTO","VWND"],"latest":{"CDD":0.0,"DVENTO":"178","ET0":0.57,"GDD":1.4,"HDD":7.0,"PREC":"0.0","PREC24":0.0,"PREC48":0.0,"RADSOL":"0","TAPP":8.5,"TDEW":8.2,"TEMP":"9.1","UMID":"94","UWND":-0.01,"VPD":0.069,"VVENTO":"0.3","VWND":0.3},"latest_time":"2026-10-04T06:30","series":"series/96.csv"}},{"type":"Feature","geometry":{"type":"Point","coordinates":[11.57662814,45.03150148]},"properties":{"scode":"99","name":"San Bellino","variables":["CDD","DVENTO","ET0","GDD","HDD","PREC","PREC24","PREC48","RADSOL","TAPP","TDEW","TEMP","UMID","UWND","VPD","VVENTO","VWND"],"latest":{"CDD":0.0,"DVENTO":"204","ET0":0.61,"GDD":1.4,"HDD":6.7,"PREC":"0.0","PREC24":0.0,"PREC48":0.0,"RADSOL":"0","TAPP":8.6,"TDEW":7.4,"TEMP":"9.6","UMID":"86","UWND":0.2,"VPD":0.167,"VVENTO":"0.5","VWND":0.46},"latest_time":"2026-10-04T06:30","series":"series/99.csv"}},{"type":"Feature","geometry":{"type":"Point","coordinates":[11.0135023,45.50976063]},"properties":{"scode":"128","name":"Grezzana","variables":["CDD","DVENTO","ET0","GDD","HDD","PREC","PREC24","PREC48","TAPP","TDEW","TEMP","UMID","UWND","VPD","VVENTO","VWND"],"latest":{"CDD":0.0,"DVENTO":"299","ET0":1.06,"GDD":2.8,"HDD":5.7,"PREC":"0.0","PREC24":0.0,"PREC48":0.0,"TAPP":10.7,"TDEW":7.9,"TEMP":"11.6","UMID":"78","UWND":0.52,"VPD":0.301,"VVENTO":"0.6","VWND":-0.29},"latest_time":"2026-10-04T06:30","series":"series/128.csv"}},{"type":"Feature","geometry":{"type":"Point","coordinates":[11.86279487,46.4335743]},"properties":{"scode":"41","name":"Marmolada - Punta Rocca","variables":["CDD","DVENTO","ET0","GDD","HDD","TEMP","UWND","VVENTO","VWND"],"latest":{"CDD":0.0,"DVENTO":"158","ET0":0.41,"GDD":0.0,"HDD":15.9,"TEMP":"2.4","UWND":-1.84,"VVENTO":"4.9","VWND":4.54},"latest_time":"2026-10-04T06:00","series":"series/41.csv"}},{"type":"Feature","geometry":{"type":"Point","coordinates":[11.292933,45.80180593]},"properties":{"scode":"194","name":"Posina a Bazzoni (Posina)","variables":["LIVIDRO","PORTATA"],"latest":{"LIVIDRO":"-0.15","PORTATA":"0.13"},"latest_time":"2026-10-04T06:30","series":"series/194.csv","zero_idro":452.95}},{"type":"Feature","geometry":{"type":"Point","coordinates":[12.10868036,46.59551958]},"properties":{"scode":"214","name":"Boite a Podestagno","variables":["LIVIDRO","PORTATA"],"latest":{"LIVIDRO":"0.11","PORTATA":"1.11"},"latest_time":"2026-10-04T06:30","series":"series/214.csv","zero_idro":1320.85}},{"type":"Feature","geometry":{"type":"Point","coordinates":[12.01058641,46.44001853]},"properties":{"scode":"242","name":"Fiorentina a Sottorovei","variables":["LIVIDRO","PORTATA"],"latest":{"LIVIDRO":"0.08","PORTATA":"0.58"},"latest_time":"2026-10-04T06:30","series":"series/242.csv","zero_idro":1052.54}},{"type":"Feature","geometry":{"type":"Point","coordinates":[11.26629117,45.31794837]},"properties":{"scode":"270","name":"Adige a Albaredo","variables":["LIVIDRO","PORTATA"],"latest":{"LIVIDRO":"-8.22","PORTATA":">>"},"latest_time":"2026-10-04T06:30","series":"series/270.csv","zero_idro":23.59}},{"type":"Feature","geometry":{"type":"Point","coordinates":[12.21858643,46.13422168]},"properties":{"scode":"271","name":"Piave a Belluno Ponte Vittoria","variables":["LIVIDRO","PORTATA"],"latest":{"LIVIDRO":"0.89","PORTATA":"9.59"},"latest_time":"2026-10-04T06:30","series":"series/271.csv","zero_idro":329.29}},{"type":"Feature","geometry":{"type":"Point","coordinates":[11.28538172,45.41396549]},"properties":{"scode":"273","name":"Alpone a Monteforte","variables":["LIVIDRO"],"latest":{"LIVIDRO":"-0.17"},"latest_time":"2026-10-04T06:30","series":"series/273.csv","zero_idro":31.24}},{"type":"Feature","geometry":{"type":"Point","coordinates":[11.53469144,45.58168143]},"properties":{"scode":"276","name":"Bacchiglione a Ponte Marchese","variables":["LIVIDRO"],"latest":{"LIVIDRO":"-0.25"},"latest_time":"2026-10-04T06:30","series":"series/276.csv","zero_idro":36.33}},{"type":"Feature","geometry":{"type":"Point","coordinates":[12.12522031,46.15431312]},"properties":{"scode":"277","name":"Cordevole a Ponte Mas","variables":["LIVIDRO","PORTATA"],"latest":{"LIVIDRO":"-0.43","PORTATA":">>"},"latest_time":"2026-10-04T06:30","series":"series/277.csv","zero_idro":360.75}},{"type":"Feature","geometry":{"type":"Point","coordinates":[11.21470019,45.70199328]},"properties":{"scode":"278","name":"Agno a Recoaro Terme","variables":["LIVIDRO"],"latest":{"LIVIDRO":"-0.01"},"latest_time":"2026-10-04T06:30","series":"series/278.csv","zero_idro":469.23}},{"type":"Feature","geometry":{"type":"Point","coordinates":[11.48053687,45.10504834]},"properties":{"scode":"281","name":"Adige a Badia Polesine","variables":["LIVIDRO"],"latest":{"LIVIDRO":"-4.12"},"latest_time":"2026-10-04T06:30","series":"series/281.csv","zero_idro":13.74}},{"type":"Feature","geometry":{"type":"Point","coordinates":[11.73054326,45.77741451]},"properties":{"scode":"283","name":"Brenta a Barzizza","variables":["LIVIDRO","PORTATA"],"latest":{"LIVIDRO":"0.75","PORTATA":"29.36"},"latest_time":"2026-10-04T06:30","series":"series/283.csv","zero_idro":105.38}},{"type":"Feature","geometry":{"type":"Point","coordinates":[11.78424405,45.1054812]},"properties":{"scode":"284","name":"Adige a Boara Pisani","variables":["LIVIDRO","PORTATA"],"latest":{"LIVIDRO":"-3.38","PORTATA":"122.55"},"latest_time":"2026-10-04T06:30","series":"series/284.csv","zero_idro":8.4}},{"type":"Feature","geometry":{"type":"Point","coordinates":[11.62089522,45.60089375]},"properties":{"scode":"285","name":"Tesina a Bolzano Vicentino","variables":["LIVIDRO","PORTATA"],"latest":{"LIVIDRO":"0.46","PORTATA":">>"},"latest_time":"2026-10-04T06:30","series":"series/285.csv","zero_idro":37.57}},{"type":"Feature","geometry":{"type":"Point","coordinates":[11.48111185,45.25140892]},"properties":{"scode":"286","name":"Frassine a Borgofrassine","variables":["LIVIDRO","PORTATA"],"latest":{"LIVIDRO":"-2.77","PORTATA":">>"},"latest_time":"2026-10-04T06:30","series":"series/286.csv","zero_idro":16.69}},{"type":"Feature","geometry":{"type":"Point","coordinates":[11.9389414,45.27243536]},"properties":{"scode":"287","name":"Bacchiglione a Bovolenta","variables":["LIVIDRO"],"latest":{"LIVIDRO":"0.85"},"latest_time":"2026-10-04T06:30","series":"series/287.csv","zero_idro":-0.28}},{"type":"Feature","geometry":{"type":"Point","coordinates":[11.63779654,45.24481654]},"properties":{"scode":"288","name":"Frassine a Brancaglia","variables":["LIVIDRO"],"latest":{"LIVIDRO":"-3.16"},"latest_time":"2026-10-04T06:30","series":"series/288.csv","zero_idro":12.7}},{"type":"Feature","geometry":{"type":"Point","coordinates":[11.6437112,45.14361507]},"properties":{"scode":"291","name":"Gorzone a Carmignano","variables":["LIVIDRO"],"latest":{"LIVIDRO":"-2.31"},"latest_time":"2026-10-04T06:30","series":"series/291.csv","zero_idro":6.08}},{"type":"Feature","geometry":{"type":"Point","coordinates":[11.92027581,45.66983651]},"properties":{"scode":"292","name":"Muson dei Sassi a Castelfranco Veneto","variables":["LIVIDRO","PORTATA"],"latest":{"LIVIDRO":"0.20","PORTATA":"1.00"},"latest_time":"2026-10-04T06:30","series":"series/292.csv","zero_idro":38.23}},{"type":"Feature","geometry":{"type":"Point","coordinates":[12.08186245,45.1383265]},"properties":{"scode":"293","name":"Adige a Cavarzere","variables":["LIVIDRO"],"latest":{"LIVIDRO":"-2.06"},"latest_time":"2026-10-04T06:30","series":"series/293.csv","zero_idro":2.9}},{"type":"Feature","geometry":{"type":"Point","coordinates":[12.67472018,45.7337044]},"properties":{"scode":"294","name":"Livenza a Cessalto","variables":["LIVIDRO"],"latest":{"LIVIDRO":"-0.72"},"latest_time":"2026-10-04T06:30","series":"series/294.csv","zero_idro":1.04}},{"type":"Feature","geometry":{"type":"Point","coordinates":[11.38324121,45.31652621]},"properties":{"scode":"295","name":"Gua' a Cologna Veneta","variables":["LIVIDRO"],"latest":{"LIVIDRO":"-1.15"},"latest_time":"2026-10-04T06:30","series":"series/295.csv","zero_idro":20.58}},{"type":"Feature","geometry":{"type":"Point","coordinates":[12.41520288,45.94835609]},"properties":{"scode":"296","name":"Meschio a Cordignano","variables":["LIVIDRO"],"latest":{"LIVIDRO":"-0.03"},"latest_time":"2026-10-04T06:30","series":"series/296.csv","zero_idro":54.14}},{"type":"Feature","geometry":{"type":"Point","coordinates":[12.67386876,45.57361976]},"properties":{"scode":"297","name":"Piave a Eraclea","variables":["LIVIDRO"],"latest":{"LIVIDRO":"0.55"},"latest_time":"2026-10-04T06:30","series":"series/297.csv","zero_idro":-0.52}},{"type":"Feature","geometry":{"type":"Point","coordinates":[12.43991791,45.83694613]},"properties":{"scode":"298","name":"Monticano a Fontanelle","variables":["LIVIDRO","PORTATA"],"latest":{"LIVIDRO":"0.09","PORTATA":"0.82"},"latest_time":"2026-10-04T06:30","series":"series/298.csv","zero_idro":16.61}},{"type":"Feature","geometry":{"type":"Point","coordinates":[12.53899329,45.78572084]},"properties":{"scode":"299","name":"Monticano a Gorgo al Monticano","variables":["LIVIDRO"],"latest":{"LIVIDRO":">>"},"latest_time":"2026-10-04T06:30","series":"series/299.csv","zero_idro":4.67}},{"type":"Feature","geometry":{"type":"Point","coordinates":[12.80027552,45.65562895]},"properties":{"scode":"300","name":"Livenza a La Salute di Livenza","variables":["LIVIDRO"],"latest":{"LIVIDRO":"0.96"},"latest_time":"2026-10-04T06:30","series":"series/300.csv","zero_idro":-0.6}},{"type":"Feature","geometry":{"type":"Point","coordinates":[11.31345664,45.19380723]},"properties":{"scode":"301","name":"Adige a Legnago","variables":["LIVIDRO"],"latest":{"LIVIDRO":"-6.07"},"latest_time":"2026-10-04T06:30","series":"series/301.csv","zero_idro":18.15}},{"type":"Feature","geometry":{"type":"Point","coordinates":[11.83184737,45.51774109]},"properties":{"scode":"302","name":"Brenta a Limena","variables":["LIVIDRO"],"latest":{"LIVIDRO":"-0.12"},"latest_time":"2026-10-04T06:30","series":"series/302.csv","zero_idro":14.19}},{"type":"Feature","geometry":{"type":"Point","coordinates":[11.60342307,45.48502277]},"properties":{"scode":"303","name":"Bacchiglione a Longare","variables":["LIVIDRO"],"latest":{"LIVIDRO":"0.46"},"latest_time":"2026-10-04T06:30","series":"series/303.csv","zero_idro":21.28}},{"type":"Feature","geometry":{"type":"Point","coordinates":[11.38791918,45.39189742]},"properties":{"scode":"304","name":"Gua' a Lonigo","variables":["LIVIDRO","PORTATA"],"latest":{"LIVIDRO":"0.38","PORTATA":"0.97"},"latest_time":"2026-10-04T06:30","series":"series/304.csv","zero_idro":30.75}},{"type":"Feature","geometry":{"type":"Point","coordinates":[11.52328382,45.74036652]},"properties":{"scode":"305","name":"Astico a Lugo di Vicenza","variables":["LIVIDRO"],"latest":{"LIVIDRO":"-0.18"},"latest_time":"2026-10-04T06:30","series":"series/305.csv","zero_idro":142.04}},{"type":"Feature","geometry":{"type":"Point","coordinates":[12.61057947,45.80510864]},"properties":{"scode":"306","name":"Livenza a Meduna di Livenza","variables":["LIVIDRO","PORTATA"],"latest":{"LIVIDRO":"-1.65","PORTATA":"30.50"},"latest_time":"2026-10-04T06:30","series":"series/306.csv","zero_idro":2.43}},{"type":"Feature","geometry":{"type":"Point","coordinates":[11.67232277,45.44273178]},"properties":{"scode":"308","name":"Bacchiglione a Montegalda","variables":["LIVIDRO","PORTATA"],"latest":{"LIVIDRO":"-0.39","PORTATA":"3.52"},"latest_time":"2026-10-04T06:30","series":"series/308.csv","zero_idro":16.09}},{"type":"Feature","geometry":{"type":"Point","coordinates":[12.20619641,45.83096877]},"properties":{"scode":"309","name":"Piave a Nervesa della Battaglia","variables":["LIVIDRO"],"latest":{"LIVIDRO":"0.08"},"latest_time":"2026-10-04T06:30","series":"series/309.csv","zero_idro":78.3}},{"type":"Feature","geometry":{"type":"Point","coordinates":[12.49397408,45.7834602]},"properties":{"scode":"310","name":"Monticano a Oderzo","variables":["LIVIDRO"],"latest":{"LIVIDRO":"0.39"},"latest_time":"2026-10-04T06:30","series":"series/310.csv","zero_idro":8.65}},{"type":"Feature","geometry":{"type":"Point","coordinates":[10.69527778,45.44083334]},"properties":{"scode":"312","name":"Lago di Garda a Peschiera Navigarda","variables":["LIVIDRO"],"latest":{"LIVIDRO":"0.53"},"latest_time":"2026-10-04T06:30","series":"series/312.csv","zero_idro":64.027}},{"type":"Feature","geometry":{"type":"Point","coordinates":[11.37571468,45.51213484]},"properties":{"scode":"313","name":"Gua' a Ponte Arzignano","variables":["LIVIDRO"],"latest":{"LIVIDRO":"0.03"},"latest_time":"2026-10-04T06:30","series":"series/313.csv","zero_idro":83.17}},{"type":"Feature","geometry":{"type":"Point","coordinates":[11.40030958,45.46241147]},"properties":{"scode":"314","name":"Cassa di espansione del fiume Gua' a Ponte Asse","variables":["LIVIDRO"],"latest":{"LIVIDRO":"0.01"},"latest_time":"2026-10-04T06:30","series":"series/314.csv","zero_idro":56.61}},{"type":"Feature","geometry":{"type":"Point","coordinates":[12.45465245,45.71127406]},"properties":{"scode":"316","name":"Piave a Ponte di Piave","variables":["LIVIDRO","PORTATA"],"latest":{"LIVIDRO":"0.34","PORTATA":">>"},"latest_time":"2026-10-04T06:30","series":"series/316.csv","zero_idro":2.13}},{"type":"Feature","geometry":{"type":"Point","coordinates":[11.39176197,45.4921808]},"properties":{"scode":"317","name":"Gua' a Ponte Gua'","variables":["LIVIDRO"],"latest":{"LIVIDRO":"0.50"},"latest_time":"2026-10-04T06:30","series":"series/317.csv","zero_idro":70.0}},{"type":"Feature","geometry":{"type":"Point","coordinates":[12.3619587,45.04809594]},"properties":{"scode":"319","name":"Po a Porto Levante","variables":["LIVIDRO"],"latest":{"LIVIDRO":"0.31"},"latest_time":"2026-10-04T06:30","series":"series/319.csv","zero_idro":-0.26}},{"type":"Feature","geometry":{"type":"Point","coordinates":[12.83849076,45.78668228]},"properties":{"scode":"320","name":"Lemene a Portogruaro","variables":["LIVIDRO"],"latest":{"LIVIDRO":"2.16"},"latest_time":"2026-10-04T06:30","series":"series/320.csv","zero_idro":-0.15}},{"type":"Feature","geometry":{"type":"Point","coordinates":[11.52144451,45.52548627]},"properties":{"scode":"321","name":"Retrone a Vicenza S.Agostino","variables":["LIVIDRO"],"latest":{"LIVIDRO":"-0.44"},"latest_time":"2026-10-04T06:30","series":"series/321.csv","zero_idro":28.58}},{"type":"Feature","geometry":{"type":"Point","coordinates":[11.25948928,45.39992063]},"properties":{"scode":"322","name":"Alpone a S.Bonifacio","variables":["LIVIDRO"],"latest":{"LIVIDRO":"-1.58"},"latest_time":"2026-10-04T06:30","series":"series/322.csv","zero_idro":26.83}},{"type":"Feature","geometry":{"type":"Point","coordinates":[12.56308668,45.62541034]},"properties":{"scode":"323","name":"Piave a S.Dona' di Piave","variables":["LIVIDRO"],"latest":{"LIVIDRO":"0.99"},"latest_time":"2026-10-04T06:30","series":"series/323.csv","zero_idro":-0.65}},{"type":"Feature","geometry":{"type":"Point","coordinates":[11.40809307,45.20390985]},"properties":{"scode":"325","name":"Fratta a S.Salvaro","variables":["LIVIDRO","PORTATA"],"latest":{"LIVIDRO":"-2.68","PORTATA":">>"},"latest_time":"2026-10-04T06:30","series":"series/325.csv","zero_idro":12.13}},{"type":"Feature","geometry":{"type":"Point","coordinates":[11.94883728,45.92249042]},"properties":{"scode":"327","name":"Piave a Segusino","variables":["LIVIDRO","PORTATA"],"latest":{"LIVIDRO":"-0.80","PORTATA":"17.53"},"latest_time":"2026-10-04T06:30","series":"series/327.csv","zero_idro":177.39}},{"type":"Feature","geometry":{"type":"Point","coordinates":[11.75689995,45.14500912]},"properties":{"scode":"328","name":"Gorzone a Stanghella","variables":["LIVIDRO"],"latest":{"LIVIDRO":"-3.47"},"latest_time":"2026-10-04T06:30","series":"series/328.csv","zero_idro":5.11}},{"type":"Feature","geometry":{"type":"Point","coordinates":[11.99972092,45.40613377]},"properties":{"scode":"329","name":"Brenta a Stra","variables":["LIVIDRO"],"latest":{"LIVIDRO":"3.73"},"latest_time":"2026-10-04T06:30","series":"series/329.csv"}},{"type":"Feature","geometry":{"type":"Point","coordinates":[11.56501188,45.15514499]},"properties":{"scode":"330","name":"Fratta a Valli Mocenighe","variables":["LIVIDRO"],"latest":{"LIVIDRO":"-2.00"},"latest_time":"2026-10-04T06:30","series":"series/330.csv","zero_idro":7.02}},{"type":"Feature","geometry":{"type":"Point","coordinates":[12.39256244,45.85057427]},"properties":{"scode":"331","name":"Monticano a Vazzola","variables":["LIVIDRO"],"latest":{"LIVIDRO":"-0.73"},"latest_time":"2026-10-04T06:30","series":"series/331.csv","zero_idro":25.71}},{"type":"Feature","geometry":{"type":"Point","coordinates":[11.00153857,45.44258112]},"properties":{"scode":"332","name":"Adige a Verona","variables":["LIVIDRO","PORTATA"],"latest":{"LIVIDRO":"-2.16","PORTATA":"67.36"},"latest_time":"2026-10-04T06:30","series":"series/332.csv","zero_idro":53.32}},{"type":"Feature","geometry":{"type":"Point","coordinates":[11.55043416,45.55008435]},"properties":{"scode":"333","name":"Bacchiglione a Vicenza","variables":["LIVIDRO","PORTATA"],"latest":{"LIVIDRO":"0.55","PORTATA":">>"},"latest_time":"2026-10-04T06:30","series":"series/333.csv","zero_idro":26.72}},{"type":"Feature","geometry":{"type":"Point","coordinates":[11.9056263,45.38613829]},"properties":{"scode":"334","name":"Bacchiglione a Padova Voltabarozzo","variables":["LIVIDRO"],"latest":{"LIVIDRO":"8.20"},"latest_time":"2026-10-04T06:30","series":"series/334.csv"}},{"type":"Feature","geometry":{"type":"Point","coordinates":[11.71500011,45.95441312]},"properties":{"scode":"374","name":"Brenta a Enego","variables":["LIVIDRO","PORTATA"],"latest":{"LIVIDRO":"0.31","PORTATA":">>"},"latest_time":"2026-10-04T06:30","series":"series/374.csv","zero_idro":206.72}},{"type":"Feature","geometry":{"type":"Point","coordinates":[11.32131394,45.41945542]},"properties":{"scode":"377","name":"Chiampo a S.Vito Veronese","variables":["LIVIDRO"],"latest":{"LIVIDRO":"0.01"},"latest_time":"2026-10-04T06:30","series":"series/377.csv","zero_idro":32.45}},{"type":"Feature","geometry":{"type":"Point","coordinates":[11.42555556,44.94527778]},"properties":{"scode":"399","name":"Po a Ficarolo","variables":["LIVIDRO","PORTATA"],"latest":{"LIVIDRO":"-5.51","PORTATA":"651.76"},"latest_time":"2026-10-04T06:30","series":"series/399.csv"}},{"type":"Feature","geometry":{"type":"Point","coordinates":[12.5363832,45.85066951]},"properties":{"scode":"400","name":"Livenza a Portobuffole'","variables":["LIVIDRO"],"latest":{"LIVIDRO":"-1.45"},"latest_time":"2026-10-04T06:30","series":"series/400.csv","zero_idro":4.97}},{"type":"Feature","geometry":{"type":"Point","coordinates":[12.61654734,45.77437172]},"properties":{"scode":"401","name":"Livenza a Motta di Livenza","variables":["LIVIDRO"],"latest":{"LIVIDRO":"-1.32"},"latest_time":"2026-10-04T06:30","series":"series/401.csv","zero_idro":1.67}},{"type":"Feature","geometry":{"type":"Point","coordinates":[11.96646096,46.35236803]},"properties":{"scode":"402","name":"Biois a Cencenighe","variables":["LIVIDRO","PORTATA"],"latest":{"LIVIDRO":"0.20","PORTATA":">>"},"latest_time":"2026-10-04T06:30","series":"series/402.csv","zero_idro":769.1}},{"type":"Feature","geometry":{"type":"Point","coordinates":[12.22210444,46.43122995]},"properties":{"scode":"403","name":"Boite a Cancia","variables":["LIVIDRO","PORTATA"],"latest":{"LIVIDRO":"-0.07","PORTATA":"3.86"},"latest_time":"2026-10-04T06:30","series":"series/403.csv","zero_idro":880.49}},{"type":"Feature","geometry":{"type":"Point","coordinates":[11.36725287,45.84468696]},"properties":{"scode":"404","name":"Astico a Pedescala","variables":["LIVIDRO","PORTATA"],"latest":{"LIVIDRO":"0.02","PORTATA":"0.82"},"latest_time":"2026-10-04T06:30","series":"series/404.csv","zero_idro":305.87}},{"type":"Feature","geometry":{"type":"Point","coordinates":[12.52162114,46.53755783]},"properties":{"scode":"406","name":"Piave a Ponte della Lasta","variables":["LIVIDRO","PORTATA"],"latest":{"LIVIDRO":"0.40","PORTATA":"5.05"},"latest_time":"2026-10-04T06:30","series":"series/406.csv","zero_idro":841.84}},{"type":"Feature","geometry":{"type":"Point","coordinates":[11.33576907,45.8057956]},"properties":{"scode":"407","name":"Posina a Stancari","variables":["LIVIDRO","PORTATA"],"latest":{"LIVIDRO":"0.21","PORTATA":">>"},"latest_time":"2026-10-04T06:30","series":"series/407.csv","zero_idro":389.67}},{"type":"Feature","geometry":{"type":"Point","coordinates":[11.61714036,45.32544257]},"properties":{"scode":"408","name":"Bisatto a Vo' Vecchio","variables":["LIVIDRO"],"latest":{"LIVIDRO":"-1.74"},"latest_time":"2026-10-04T06:30","series":"series/408.csv","zero_idro":13.96}},{"type":"Feature","geometry":{"type":"Point","coordinates":[11.72221776,45.44543209]},"properties":{"scode":"444","name":"Tesina Padovano a Veggiano","variables":["LIVIDRO"],"latest":{"LIVIDRO":"0.52"},"latest_time":"2026-10-04T06:30","series":"series/444.csv"}},{"type":"Feature","geometry":{"type":"Point","coordinates":[12.34003131,45.95927942]},"properties":{"scode":"462","name":"Meschio a Borgo Campion","variables":["LIVIDRO","PORTATA"],"latest":{"LIVIDRO":"0.73","PORTATA":"3.26"},"latest_time":"2026-10-04T06:30","series":"series/462.csv","zero_idro":94.24}},{"type":"Feature","geometry":{"type":"Point","coordinates":[12.30033473,45.99068329]},"properties":{"scode":"463","name":"Meschio a Vittorio Veneto","variables":["LIVIDRO","PORTATA"],"latest":{"LIVIDRO":"0.30","PORTATA":"3.59"},"latest_time":"2026-10-04T06:30","series":"series/463.csv","zero_idro":129.05}},{"type":"Feature","geometry":{"type":"Point","coordinates":[12.465,44.84861111]},"properties":{"scode":"552","name":"Po a Porto Barricata","variables":["LIVIDRO"],"latest":{"LIVIDRO":"0.70"},"latest_time":"2026-10-04T06:30","series":"series/552.csv"}},{"type":"Feature","geometry":{"type":"Point","coordinates":[11.89466078,45.78576616]},"properties":{"scode":"554","name":"Muson dei Sassi ad Asolo","variables":["LIVIDRO"],"latest":{"LIVIDRO":"0.68"},"latest_time":"2026-10-04T06:30","series":"series/554.csv","zero_idro":90.58}},{"type":"Feature","geometry":{"type":"Point","coordinates":[11.40114264,45.46209446]},"properties":{"scode":"555","name":"Gua' a Ponte Asse","variables":["LIVIDRO"],"latest":{"LIVIDRO":"-0.36"},"latest_time":"2026-10-04T06:30","series":"series/555.csv","zero_idro":56.61}},{"type":"Feature","geometry":{"type":"Point","coordinates":[12.15138888,45.02777778]},"properties":{"scode":"560","name":"Po a Cavanella Po","variables":["LIVIDRO"],"latest":{"LIVIDRO":">>"},"latest_time":"2026-10-04T06:30","series":"series/560.csv"}},{"type":"Feature","geometry":{"type":"Point","coordinates":[12.492735,44.96134]},"properties":{"scode":"561","name":"Po a Pila","variables":["LIVIDRO"],"latest":{"LIVIDRO":"0.85"},"latest_time":"2026-10-04T05:30","series":"series/561.csv"}},{"type":"Feature","geometry":{"type":"Point","coordinates":[11.75615323,44.95899053]},"properties":{"scode":"562","name":"Po a Polesella","variables":["LIVIDRO"],"latest":{"LIVIDRO":">>"},"latest_time":"2026-10-04T06:30","series":"series/562.csv"}},{"type":"Feature","geometry":{"type":"Point","coordinates":[11.06344352,45.50650525]},"properties":{"scode":"571","name":"Squaranto a Pigozzo","variables":["LIVIDRO"],"latest":{"LIVIDRO":"0.05"},"latest_time":"2026-10-04T06:30","series":"series/571.csv"}},{"type":"Feature","geometry":{"type":"Point","coordinates":[11.93454359,45.36611378]},"properties":{"scode":"595","name":"Bacchiglione a Ponte San Nicolo'","variables":["LIVIDRO","PORTATA"],"latest":{"LIVIDRO":"-1.37","PORTATA":"8.59"},"latest_time":"2026-10-04T06:30","series":"series/595.csv","zero_idro":4.81}},{"type":"Feature","geometry":{"type":"Point","coordinates":[11.955792,46.360074]},"properties":{"scode":"597","name":"Biois a Vallada","variables":["LIVIDRO"],"latest":{"LIVIDRO":"0.06"},"latest_time":"2026-10-04T06:30","series":"series/597.csv","zero_idro":823.88}},{"type":"Feature","geometry":{"type":"Point","coordinates":[11.98688899,46.44264642]},"properties":{"scode":"6","name":"Cordevole a Saviner","variables":["LIVIDRO","PORTATA"],"latest":{"LIVIDRO":"0.03","PORTATA":"1.04"},"latest_time":"2026-10-04T06:30","series":"series/6.csv","zero_idro":1015.27}},{"type":"Feature","geometry":{"type":"Point","coordinates":[11.15114722,45.58385]},"properties":{"scode":"606","name":"Illasi a Badia Calavena (BIM Adige)","variables":["LIVIDRO"],"latest":{"LIVIDRO":">>"},"latest_time":"2026-10-04T06:30","series":"series/606.csv"}},{"type":"Feature","geometry":{"type":"Point","coordinates":[10.86394711,45.4791791]},"properties":{"scode":"607","name":"Adige a Pescantina","variables":["LIVIDRO","PORTATA"],"latest":{"LIVIDRO":"-2.55","PORTATA":"24.52"},"latest_time":"2026-10-04T06:30","series":"series/607.csv","zero_idro":76.18}},{"type":"Feature","geometry":{"type":"Point","coordinates":[12.63080725,46.6020538]},"properties":{"scode":"61","name":"Cordevole di Visdende a Cima Canale","variables":["LIVIDRO","PORTATA"],"latest":{"LIVIDRO":"0.07","PORTATA":">>"},"latest_time":"2026-10-04T06:30","series":"series/61.csv","zero_idro":1243.49}},{"type":"Feature","geometry":{"type":"Point","coordinates":[12.54767828,46.55926927]},"properties":{"scode":"62","name":"Padola a Santo Stefano","variables":["LIVIDRO","PORTATA"],"latest":{"LIVIDRO":"0.43","PORTATA":"1.70"},"latest_time":"2026-10-04T06:30","series":"series/62.csv","zero_idro":905.09}},{"type":"Feature","geometry":{"type":"Point","coordinates":[11.985872,46.038447]},"properties":{"scode":"628","name":"Piave a Busche","variables":["LIVIDRO"],"latest":{"LIVIDRO":"-0.09"},"latest_time":"2026-10-04T06:30","series":"series/628.csv","zero_idro":237.24}},{"type":"Feature","geometry":{"type":"Point","coordinates":[11.89389919,45.44668596]},"properties":{"scode":"629","name":"Brenta a Pontevigodarzere","variables":["LIVIDRO"],"latest":{"LIVIDRO":"-2.52"},"latest_time":"2026-10-04T06:30","series":"series/629.csv","zero_idro":10.36}},{"type":"Feature","geometry":{"type":"Point","coordinates":[12.11705908,46.13963302]},"properties":{"scode":"634","name":"Cordevole a Sass Muss","variables":["LIVIDRO"],"latest":{"LIVIDRO":"0.53"},"latest_time":"2026-10-04T06:30","series":"series/634.csv"}},{"type":"Feature","geometry":{"type":"Point","coordinates":[11.46606504,45.53061383]},"properties":{"scode":"635","name":"Retrone a Creazzo","variables":["LIVIDRO"],"latest":{"LIVIDRO":">>"},"latest_time":"2026-10-04T06:30","series":"series/635.csv"}},{"type":"Feature","geometry":{"type":"Point","coordinates":[11.38663535,45.54960276]},"properties":{"scode":"636","name":"Poscola a Trissino","variables":["LIVIDRO"],"latest":{"LIVIDRO":">>"},"latest_time":"2026-10-04T06:30","series":"series/636.csv"}},{"type":"Feature","geometry":{"type":"Point","coordinates":[11.4040385,45.40665101]},"properties":{"scode":"637","name":"Brendola a Sarego","variables":["LIVIDRO"],"latest":{"LIVIDRO":"-0.02"},"latest_time":"2026-10-04T02:30","series":"series/637.csv"}},{"type":"Feature","geometry":{"type":"Point","coordinates":[12.13453971,45.63884175]},"properties":{"scode":"644","name":"Sile a Santa Cristina","variables":["LIVIDRO"],"latest":{"LIVIDRO":"0.83"},"latest_time":"2026-10-04T06:30","series":"series/644.csv","zero_idro":15.98}},{"type":"Feature","geometry":{"type":"Point","coordinates":[11.89605273,45.44896575]},"properties":{"scode":"645","name":"Muson dei Sassi a Cadoneghe","variables":["LIVIDRO"],"latest":{"LIVIDRO":"0.59"},"latest_time":"2026-10-04T06:30","series":"series/645.csv","zero_idro":9.69}},{"type":"Feature","geometry":{"type":"Point","coordinates":[12.01650317,45.38601762]},"properties":{"scode":"646","name":"Brenta a Vigonovo","variables":["LIVIDRO","PORTATA"],"latest":{"LIVIDRO":"0.34","PORTATA":"4.57"},"latest_time":"2026-10-04T06:30","series":"series/646.csv","zero_idro":0.32}},{"type":"Feature","geometry":{"type":"Point","coordinates":[11.88461436,46.03476051]},"properties":{"scode":"647","name":"Colmeda a Pedavena","variables":["LIVIDRO","PORTATA"],"latest":{"LIVIDRO":"0.08","PORTATA":"0.16"},"latest_time":"2026-10-04T06:30","series":"series/647.csv","zero_idro":320.62}},{"type":"Feature","geometry":{"type":"Point","coordinates":[12.20752058,46.1488413]},"properties":{"scode":"648","name":"Ardo a Fisterre (Belluno)","variables":["LIVIDRO"],"latest":{"LIVIDRO":"0.09"},"latest_time":"2026-10-04T06:30","series":"series/648.csv","zero_idro":372.77}},{"type":"Feature","geometry":{"type":"Point","coordinates":[12.02103012,46.28697726]},"properties":{"scode":"649","name":"Cordevole ad Agordo","variables":["LIVIDRO","PORTATA"],"latest":{"LIVIDRO":"0.35","PORTATA":">>"},"latest_time":"2026-10-04T06:30","series":"series/649.csv","zero_idro":583.56}},{"type":"Feature","geometry":{"type":"Point","coordinates":[11.83731066,45.99224576]},"properties":{"scode":"650","name":"Stizzon a Seren del Grappa","variables":["LIVIDRO"],"latest":{"LIVIDRO":"0.17"},"latest_time":"2026-10-04T06:30","series":"series/650.csv","zero_idro":337.24}},{"type":"Feature","geometry":{"type":"Point","coordinates":[12.30870708,46.28038676]},"properties":{"scode":"651","name":"Piave a Longarone","variables":["LIVIDRO"],"latest":{"LIVIDRO":"0.89"},"latest_time":"2026-10-04T06:30","series":"series/651.csv","zero_idro":437.55}},{"type":"Feature","geometry":{"type":"Point","coordinates":[12.32161443,46.31579672]},"properties":{"scode":"652","name":"Piave a Davestra","variables":["LIVIDRO"],"latest":{"LIVIDRO":"-0.19"},"latest_time":"2026-10-04T06:30","series":"series/652.csv","zero_idro":461.69}},{"type":"Feature","geometry":{"type":"Point","coordinates":[11.92849514,45.67472016]},"properties":{"scode":"653","name":"Avenale a Castelfranco Veneto","variables":["LIVIDRO"],"latest":{"LIVIDRO":"0.66"},"latest_time":"2026-10-04T06:30","series":"series/653.csv","zero_idro":40.24}},{"type":"Feature","geometry":{"type":"Point","coordinates":[11.91326105,46.0116682]},"properties":{"scode":"66","name":"Sonna a Feltre","variables":["LIVIDRO","PORTATA"],"latest":{"LIVIDRO":"-0.26","PORTATA":">>"},"latest_time":"2026-10-04T06:30","series":"series/66.csv","zero_idro":249.71}},{"type":"Feature","geometry":{"type":"Point","coordinates":[11.92299867,45.94082701]},"properties":{"scode":"661","name":"Piave a Quero","variables":["LIVIDRO","PORTATA"],"latest":{"LIVIDRO":"0.16","PORTATA":"7.95"},"latest_time":"2026-10-04T06:30","series":"series/661.csv"}},{"type":"Feature","geometry":{"type":"Point","coordinates":[12.06456423,45.04788965]},"properties":{"scode":"664","name":"Canal Bianco ad Adria","variables":["LIVIDRO"],"latest":{"LIVIDRO":"0.91"},"latest_time":"2026-10-04T06:30","series":"series/664.csv","zero_idro":-0.76}},{"type":"Feature","geometry":{"type":"Point","coordinates":[11.57827,45.001697]},"properties":{"scode":"665","name":"Canal Bianco a Ca' Moro Dona'","variables":["LIVIDRO"],"latest":{"LIVIDRO":"0.81"},"latest_time":"2026-10-04T06:30","series":"series/665.csv","zero_idro":2.99}},{"type":"Feature","geometry":{"type":"Point","coordinates":[11.854957,45.037485]},"properties":{"scode":"666","name":"Canal Bianco a Fenil del Turco","variables":["LIVIDRO"],"latest":{"LIVIDRO":"0.98"},"latest_time":"2026-10-04T06:30","series":"series/666.csv","zero_idro":0.02}},{"type":"Feature","geometry":{"type":"Point","coordinates":[12.13016285,45.9393088]},"properties":{"scode":"677","name":"Soligo a Premaor","variables":["LIVIDRO","PORTATA"],"latest":{"LIVIDRO":"-0.10","PORTATA":"0.27"},"latest_time":"2026-10-04T06:30","series":"series/677.csv","zero_idro":170.36}},{"type":"Feature","geometry":{"type":"Point","coordinates":[11.932536,45.270797]},"properties":{"scode":"678","name":"Cagnola a Bovolenta","variables":["LIVIDRO","PORTATA"],"latest":{"LIVIDRO":"-0.13","PORTATA":"0.00"},"latest_time":"2026-10-04T06:30","series":"series/678.csv","zero_idro":0.78}},{"type":"Feature","geometry":{"type":"Point","coordinates":[11.275829,45.550519]},"properties":{"scode":"679","name":"Chiampo a Chiampo","variables":["LIVIDRO","PORTATA"],"latest":{"LIVIDRO":"0.12","PORTATA":"0.14"},"latest_time":"2026-10-04T06:30","series":"series/679.csv","zero_idro":175.65}},{"type":"Feature","geometry":{"type":"Point","coordinates":[12.431239,46.55216143]},"properties":{"scode":"680","name":"Ansiei a Ponte Malon","variables":["LIVIDRO"],"latest":{"LIVIDRO":"0.38"},"latest_time":"2026-10-04T06:00","series":"series/680.csv"}},{"type":"Feature","geometry":{"type":"Point","coordinates":[12.15094791,46.50620647]},"properties":{"scode":"682","name":"Boite a Socol (Cortina)","variables":["LIVIDRO","PORTATA"],"latest":{"LIVIDRO":"0.15","PORTATA":"2.45"},"latest_time":"2026-10-04T06:00","series":"series/682.csv","zero_idro":1095.2}},{"type":"Feature","geometry":{"type":"Point","coordinates":[11.96871967,46.03767132]},"properties":{"scode":"683","name":"Caorame a Pont (Feltre)","variables":["LIVIDRO","PORTATA"],"latest":{"LIVIDRO":"0.14","PORTATA":"1.42"},"latest_time":"2026-10-04T06:00","series":"series/683.csv","zero_idro":259.21}},{"type":"Feature","geometry":{"type":"Point","coordinates":[12.01353977,46.41408208]},"properties":{"scode":"684","name":"Cordevole ad Alleghe","variables":["LIVIDRO","PORTATA"],"latest":{"LIVIDRO":"0.23","PORTATA":"2.94"},"latest_time":"2026-10-04T06:00","series":"series/684.csv","zero_idro":973.69}},{"type":"Feature","geometry":{"type":"Point","coordinates":[12.11116482,46.3883737]},"properties":{"scode":"685","name":"Maè a Maresòn (Val di Zoldo)","variables":["LIVIDRO","PORTATA"],"latest":{"LIVIDRO":"0.26","PORTATA":"0.25"},"latest_time":"2026-10-04T06:00","series":"series/685.csv","zero_idro":1325.62}},{"type":"Feature","geometry":{"type":"Point","coordinates":[12.04088762,46.18813962]},"properties":{"scode":"686","name":"Mis a Gena (Sospirolo)","variables":["LIVIDRO","PORTATA"],"latest":{"LIVIDRO":"0.06","PORTATA":"0.86"},"latest_time":"2026-10-04T06:00","series":"series/686.csv","zero_idro":426.36}},{"type":"Feature","geometry":{"type":"Point","coordinates":[12.19960976,46.11716584]},"properties":{"scode":"687","name":"Turriga a Visome (Belluno)","variables":["LIVIDRO","PORTATA"],"latest":{"LIVIDRO":"0.22","PORTATA":"0.06"},"latest_time":"2026-10-04T06:00","series":"series/687.csv","zero_idro":337.26}},{"type":"Feature","geometry":{"type":"Point","coordinates":[11.411361,45.04725]},"properties":{"scode":"693","name":"Canal Bianco a Zelo","variables":["LIVIDRO"],"latest":{"LIVIDRO":"6.17"},"latest_time":"2026-10-04T06:30","series":"series/693.csv","zero_idro":0.02}},{"type":"Feature","geometry":{"type":"Point","coordinates":[11.3697627,45.59010662]},"properties":{"scode":"315","name":"Agno a Ponte Brogliano","variables":["LIVIDRO","PORTATA"],"latest":{"LIVIDRO":"-0.04","PORTATA":">>"},"latest_time":"2026-10-04T06:30","series":"series/315.csv","zero_idro":154.35}},{"type":"Feature","geometry":{"type":"Point","coordinates":[11.90478762,46.42867129]},"properties":{"scode":"11","name":"Malga Ciapela","variables":["LIVNEVE"],"latest":{"LIVNEVE":"2"},"latest_time":"2026-10-04T06:00","series":"series/11.csv"}},{"type":"Feature","geometry":{"type":"Point","coordinates":[12.7081344,46.57067886]},"properties":{"scode":"136","name":"Sappada","variables":["LIVNEVE"],"latest":{"LIVNEVE":"5"},"latest_time":"2026-10-04T06:00","series":"series/136.csv"}},{"type":"Feature","geometry":{"type":"Point","coordinates":[11.88273666,46.3131289]},"properties":{"scode":"15","name":"Gares","variables":["LIVNEVE"],"latest":{"LIVNEVE":"0"},"latest_time":"2026-10-04T06:00","series":"series/15.csv"}},{"type":"Feature","geometry":{"type":"Point","coordinates":[11.2376662,45.77777304]},"properties":{"scode":"192","name":"Passo Xomo (Posina)","variables":["LIVNEVE"],"latest":{"LIVNEVE":">>"},"latest_time":"2026-10-04T06:00","series":"series/192.csv"}},{"type":"Feature","geometry":{"type":"Point","coordinates":[11.95772698,46.22965097]},"properties":{"scode":"21","name":"Sant'Andrea (Gosaldo)","variables":["LIVNEVE"],"latest":{"LIVNEVE":"4"},"latest_time":"2026-10-04T06:00","series":"series/21.csv"}},{"type":"Feature","geometry":{"type":"Point","coordinates":[11.51100804,45.88342502]},"properties":{"scode":"218","name":"Asiago - aeroporto","variables":["LIVNEVE"],"latest":{"LIVNEVE":"2"},"latest_time":"2026-10-04T06:00","series":"series/218.csv"}},{"type":"Feature","geometry":{"type":"Point","coordinates":[11.869723,46.355567]},"properties":{"scode":"223","name":"Falcade","variables":["LIVNEVE"],"latest":{"LIVNEVE":"0"},"latest_time":"2026-10-04T06:00","series":"series/223.csv"}},{"type":"Feature","geometry":{"type":"Point","coordinates":[12.12739699,46.53668964]},"properties":{"scode":"237","name":"Cortina d'Ampezzo - Gilardon","variables":["LIVNEVE"],"latest":{"LIVNEVE":"5"},"latest_time":"2026-10-04T06:00","series":"series/237.csv"}},{"type":"Feature","geometry":{"type":"Point","coordinates":[11.61226574,45.94933182]},"properties":{"scode":"248","name":"Piana di Marcesina - Rendole","variables":["LIVNEVE"],"latest":{"LIVNEVE":"4"},"latest_time":"2026-10-04T06:00","series":"series/248.csv"}},{"type":"Feature","geometry":{"type":"Point","coordinates":[11.87607301,46.49998395]},"properties":{"scode":"3","name":"Arabba","variables":["LIVNEVE"],"latest":{"LIVNEVE":"1"},"latest_time":"2026-10-04T06:00","series":"series/3.csv"}},{"type":"Feature","geometry":{"type":"Point","coordinates":[12.02802485,46.52016977]},"properties":{"scode":"347","name":"Passo Falzarego nivo (Q1988)","variables":["LIVNEVE"],"latest":{"LIVNEVE":">>"},"latest_time":"2026-10-04T06:00","series":"series/347.csv"}},{"type":"Feature","geometry":{"type":"Point","coordinates":[11.88627778,46.47569444]},"properties":{"scode":"382","name":"Monti Alti di Ornella","variables":["LIVNEVE"],"latest":{"LIVNEVE":"1"},"latest_time":"2026-10-04T06:00","series":"series/382.csv"}},{"type":"Feature","geometry":{"type":"Point","coordinates":[11.82266667,46.3559]},"properties":{"scode":"383","name":"Cima Pradazzo","variables":["LIVNEVE"],"latest":{"LIVNEVE":"4"},"latest_time":"2026-10-04T06:00","series":"series/383.csv"}},{"type":"Feature","geometry":{"type":"Point","coordinates":[12.07313333,46.41521667]},"properties":{"scode":"384","name":"Col dei Baldi","variables":["LIVNEVE"],"latest":{"LIVNEVE":">>"},"latest_time":"2026-10-04T06:00","series":"series/384.csv"}},{"type":"Feature","geometry":{"type":"Point","coordinates":[12.07691963,46.54916889]},"properties":{"scode":"385","name":"Ra Valles","variables":["LIVNEVE"],"latest":{"LIVNEVE":">>"},"latest_time":"2026-10-04T06:00","series":"series/385.csv"}},{"type":"Feature","geometry":{"type":"Point","coordinates":[11.65097222,45.95425001]},"properties":{"scode":"386","name":"Monte Lisser","variables":["LIVNEVE"],"latest":{"LIVNEVE":">>"},"latest_time":"2026-10-04T06:00","series":"series/386.csv"}},{"type":"Feature","geometry":{"type":"Point","coordinates":[10.86569445,45.77313889]},"properties":{"scode":"387","name":"Monte Baldo","variables":["LIVNEVE"],"latest":{"LIVNEVE":">>"},"latest_time":"2026-10-04T06:00","series":"series/387.csv"}},{"type":"Feature","geometry":{"type":"Point","coordinates":[12.30125,46.07508334]},"properties":{"scode":"388","name":"Faverghera","variables":["LIVNEVE"],"latest":{"LIVNEVE":"1"},"latest_time":"2026-10-04T06:00","series":"series/388.csv"}},{"type":"Feature","geometry":{"type":"Point","coordinates":[12.54097222,46.48119445]},"properties":{"scode":"389","name":"Casera Doana","variables":["LIVNEVE"],"latest":{"LIVNEVE":"5"},"latest_time":"2026-10-04T06:00","series":"series/389.csv"}},{"type":"Feature","geometry":{"type":"Point","coordinates":[11.95947222,46.26238889]},"properties":{"scode":"390","name":"Malga Losch","variables":["LIVNEVE"],"latest":{"LIVNEVE":"3"},"latest_time":"2026-10-04T06:00","series":"series/390.csv"}},{"type":"Feature","geometry":{"type":"Point","coordinates":[11.78246745,45.86939886]},"properties":{"scode":"391","name":"Monte Grappa","variables":["LIVNEVE"],"latest":{"LIVNEVE":"2"},"latest_time":"2026-10-04T06:00","series":"series/391.csv"}},{"type":"Feature","geometry":{"type":"Point","coordinates":[11.06888889,45.68341666]},"properties":{"scode":"392","name":"Monte Tomba","variables":["LIVNEVE"],"latest":{"LIVNEVE":"4"},"latest_time":"2026-10-04T06:00","series":"series/392.csv"}},{"type":"Feature","geometry":{"type":"Point","coordinates":[11.16838889,45.7285]},"properties":{"scode":"393","name":"Passo Campogrosso","variables":["LIVNEVE"],"latest":{"LIVNEVE":">>"},"latest_time":"2026-10-04T06:00","series":"series/393.csv"}},{"type":"Feature","geometry":{"type":"Point","coordinates":[12.25026321,46.61342241]},"properties":{"scode":"394","name":"Monte Piana","variables":["LIVNEVE"],"latest":{"LIVNEVE":"0"},"latest_time":"2026-10-04T06:00","series":"series/394.csv"}},{"type":"Feature","geometry":{"type":"Point","coordinates":[12.44352778,46.66519444]},"properties":{"scode":"395","name":"Casera Coltrondo","variables":["LIVNEVE"],"latest":{"LIVNEVE":">>"},"latest_time":"2026-10-04T06:00","series":"series/395.csv"}},{"type":"Feature","geometry":{"type":"Point","coordinates":[11.27291666,45.87316667]},"properties":{"scode":"396","name":"Campomolon","variables":["LIVNEVE"],"latest":{"LIVNEVE":"3"},"latest_time":"2026-10-04T06:00","series":"series/396.csv"}},{"type":"Feature","geometry":{"type":"Point","coordinates":[12.47588889,46.11894444]},"properties":{"scode":"397","name":"Casera Palantina","variables":["LIVNEVE"],"latest":{"LIVNEVE":">>"},"latest_time":"2026-10-04T06:00","series":"series/397.csv"}},{"type":"Feature","geometry":{"type":"Point","coordinates":[11.4193,45.96361667]},"properties":{"scode":"398","name":"Malga Larici","variables":["LIVNEVE"],"latest":{"LIVNEVE":"2"},"latest_time":"2026-10-04T06:00","series":"series/398.csv"}},{"type":"Feature","geometry":{"type":"Point","coordinates":[12.1845653,46.34666725]},"properties":{"scode":"56","name":"Forno di Zoldo - Campo","variables":["LIVNEVE"],"latest":{"LIVNEVE":"1"},"latest_time":"2026-10-04T06:00","series":"series/56.csv"}},{"type":"Feature","geometry":{"type":"Point","coordinates":[11.87823031,46.51528101]},"properties":{"scode":"602","name":"Monte Cherz","variables":["LIVNEVE"],"latest":{"LIVNEVE":"2"},"latest_time":"2026-10-04T06:00","series":"series/602.csv"}},{"type":"Feature","geometry":{"type":"Point","coordinates":[11.4868,45.978983]},"properties":{"scode":"639","name":"Cima Dodici","variables":["LIVNEVE"],"latest":{"LIVNEVE":">>"},"latest_time":"2026-10-04T06:00","series":"series/639.csv"}},{"type":"Feature","geometry":{"type":"Point","coordinates":[12.248399,46.382336]},"properties":{"scode":"640","name":"Monte Rite","variables":["LIVNEVE"],"latest":{"LIVNEVE":">>"},"latest_time":"2026-10-04T06:00","series":"series/640.csv"}},{"type":"Feature","geometry":{"type":"Point","coordinates":[11.88639,46.279275]},"properties":{"scode":"641","name":"Pale di San Martino","variables":["LIVNEVE"],"latest":{"LIVNEVE":">>"},"latest_time":"2026-10-04T06:00","series":"series/641.csv"}},{"type":"Feature","geometry":{"type":"Point","coordinates":[12.31782,46.617594]},"properties":{"scode":"642","name":"Tre Cime di Lavaredo","variables":["LIVNEVE"],"latest":{"LIVNEVE":">>"},"latest_time":"2026-10-04T06:00","series":"series/642.csv"}},{"type":"Feature","geometry":{"type":"Point","coordinates":[12.485947,46.140732]},"properties":{"scode":"643","name":"Val Salatis","variables":["LIVNEVE"],"latest":{"LIVNEVE":">>"},"latest_time":"2026-10-04T06:00","series":"series/643.csv"}},{"type":"Feature","geometry":{"type":"Point","coordinates":[11.987652,46.4902]},"properties":{"scode":"657","name":"Andraz - Cernadoi","variables":["LIVNEVE"],"latest":{"LIVNEVE":">>"},"latest_time":"2026-10-04T06:00","series":"series/657.csv"}},{"type":"Feature","geometry":{"type":"Point","coordinates":[11.955647,46.426679]},"properties":{"scode":"660","name":"Rocca Pietore - Boscoverde","variables":["LIVNEVE"],"latest":{"LIVNEVE":"0"},"latest_time":"2026-10-04T06:00","series":"series/660.csv"}},{"type":"Feature","geometry":{"type":"Point","coordinates":[11.82713557,46.03210396]},"properties":{"scode":"67","name":"Monte Avena","variables":["LIVNEVE"],"latest":{"LIVNEVE":"2"},"latest_time":"2026-10-04T06:00","series":"series/67.csv"}},{"type":"Feature","geometry":{"type":"Point","coordinates":[12.617395,46.653758]},"properties":{"scode":"688","name":"Val Visdende (nivo)","variables":["LIVNEVE"],"latest":{"LIVNEVE":"6"},"latest_time":"2026-10-04T06:00","series":"series/688.csv"}},{"type":"Feature","geometry":{"type":"Point","coordinates":[12.48584057,46.57203561]},"properties":{"scode":"689","name":"Passo Sant'Antonio (nivo)","variables":["LIVNEVE"],"latest":{"LIVNEVE":"7"},"latest_time":"2026-10-04T06:00","series":"series/689.csv"}},{"type":"Feature","geometry":{"type":"Point","coordinates":[11.84037,46.098089]},"properties":{"scode":"690","name":"Vette Feltrine (nivo)","variables":["LIVNEVE"],"latest":{"LIVNEVE":"5"},"latest_time":"2026-10-04T06:00","series":"series/690.csv"}},{"type":"Feature","geometry":{"type":"Point","coordinates":[11.2255215,45.68038956]},"properties":{"scode":"77","name":"Recoaro Mille","variables":["LIVNEVE"],"latest":{"LIVNEVE":"8"},"latest_time":"2026-10-04T06:00","series":"series/77.csv"}},{"type":"Feature","geometry":{"type":"Point","coordinates":[12.1398756,46.5703678]},"properties":{"scode":"1","name":"Fiames di Cortina Pomagagnon INADEF","variables":["PREC","PREC24","PREC48"],"latest":{"PREC":"0.0","PREC24":0.0,"PREC48":0.0},"latest_time":"2026-10-04T06:30","series":"series/1.csv"}},{"type":"Feature","geometry":{"type":"Point","coordinates":[11.82044,45.65219]},"properties":{"scode":"110","name":"Cittadella","variables":["CDD","ET0","GDD","HDD","PREC","PREC24","PREC48","RADSOL","TDEW","TEMP","UMID","VPD"],"latest":{"CDD":0.0,"ET0":0.77,"GDD":0.1,"HDD":7.7,"PREC":"0.0","PREC24":0.0,"PREC48":0.0,"RADSOL":"0","TDEW":6.8,"TEMP":"9.2","UMID":"85","VPD":0.175},"latest_time":"2026-10-04T06:30","series":"series/110.csv"}},{"type":"Feature","geometry":{"type":"Point","coordinates":[11.92220596,45.07144877]},"properties":{"scode":"114","name":"Villadose","variables":["CDD","ET0","GDD","HDD","PREC","PREC24","PREC48","TDEW","TEMP","UMID","VPD"],"latest":{"CDD":0.0,"ET0":1.02,"GDD":1.2,"HDD":7.1,"PREC":"0.0","PREC24":0.0,"PREC48":0.0,"TDEW":8.3,"TEMP":"10.4","UMID":"87","VPD":0.164},"latest_time":"2026-10-04T06:30","series":"series/114.csv"}},{"type":"Feature","geometry":{"type":"Point","coordinates":[11.6786399,44.99058314]},"properties":{"scode":"116","name":"Frassinelle Polesine","variables":["CDD","ET0","GDD","HDD","PREC","PREC24","PREC48","RADSOL","TDEW","TEMP","UMID","VPD"],"latest":{"CDD":0.0,"ET0":1.4,"GDD":1.6,"HDD":6.6,"PREC":"0.0","PREC24":0.0,"PREC48":0.0,"RADSOL":"0","TDEW":7.8,"TEMP":"9.0","UMID":"92","VPD":0.092},"latest_time":"2026-10-04T06:30","series":"series/116.csv"}},{"type":"Feature","geometry":{"type":"Point","coordinates":[10.88807026,45.50931262]},"properties":{"scode":"125","name":"San Pietro in Cariano","variables":["CDD","ET0","GDD","HDD","PREC","PREC24","PREC48","RADSOL","TDEW","TEMP","UMID","VPD"],"latest":{"CDD":0.0,"ET0":0.9,"GDD":1.9,"HDD":6.3,"PREC":"0.0","PREC24":0.0,"PREC48":0.0,"RADSOL":"0","TDEW":7.8,"TEMP":"10.8","UMID":"82","VPD":0.233},"latest_time":"2026-10-04T06:30","series":"series/125.csv"}},{"type":"Feature","geometry":{"type":"Point","coordinates":[11.35788495,45.57923698]},"properties":{"scode":"146","name":"Trissino","variables":["CDD","ET0","GDD","HDD","PREC","PREC24","PREC48","TDEW","TEMP","UMID","VPD"],"latest":{"CDD":0.0,"ET0":1.42,"GDD":7.3,"HDD":1.1,"PREC":"0.0","PREC24":0.0,"PREC48":0.0,"TDEW":4.4,"TEMP":"16.0","UMID":"46","VPD":0.982},"latest_time":"2026-10-04T06:30","series":"series/146.csv"}},{"type":"Feature","geometry":{"type":"Point","coordinates":[12.1169216,45.43934709]},"properties":{"scode":"167","name":"Mira","variables":["CDD","ET0","GDD","HDD","PREC","PREC24","PREC48","RADSOL","TDEW","TEMP","UMID","VPD"],"latest":{"CDD":0.0,"ET0":0.9,"GDD":0.0,"HDD":8.2,"PREC":"0.0","PREC24":0.0,"PREC48":0.0,"RADSOL":"0","TDEW":8.6,"TEMP":"8.6","UMID":"100","VPD":0.0},"latest_time":"2026-10-04T06:30","series":"series/167.csv"}},{"type":"Feature","geometry":{"type":"Point","coordinates":[11.95775646,45.15926189]},"properties":{"scode":"169","name":"Agna","variables":["CDD","ET0","GDD","HDD","PREC","PREC24","PREC48","RADSOL","TDEW","TEMP","UMID","VPD"],"latest":{"CDD":0.0,"ET0":0.87,"GDD":0.8,"HDD":7.3,"PREC":"0.0","PREC24":0.0,"PREC48":0.0,"RADSOL":"0","TDEW":8.3,"TEMP":"9.7","UMID":"91","VPD":0.108},"latest_time":"2026-10-04T06:30","series":"series/169.csv"}},{"type":"Feature","geometry":{"type":"Point","coordinates":[12.49348723,45.89217558]},"properties":{"scode":"186","name":"Gaiarine","variables":["CDD","ET0","GDD","HDD","PREC","PREC24","PREC48","TDEW","TEMP","UMID","VPD"],"latest":{"CDD":0.0,"ET0":3.28,"GDD":6.5,"HDD":1.3,"PREC":">>","PREC24":0.0,"PREC48":0.0,"TDEW":6.6,"TEMP":">>","UMID":">>","VPD":0.074},"latest_time":"2026-10-04T06:30","series":"series/186.csv"}},{"type":"Feature","geometry":{"type":"Point","coordinates":[12.23496228,45.74894328]},"properties":{"scode":"188","name":"Villorba","variables":["CDD","ET0","GDD","HDD","PREC","PREC24","PREC48","TDEW","TEMP","UMID","VPD"],"latest":{"CDD":0.0,"ET0":1.33,"GDD":0.9,"HDD":6.8,"PREC":"0.0","PREC24":0.0,"PREC48":0.0,"TDEW":7.6,"TEMP":"8.5","UMID":"94","VPD":0.067},"latest_time":"2026-10-04T06:30","series":"series/188.csv"}},{"type":"Feature","geometry":{"type":"Point","coordinates":[11.34330714,45.80132477]},"properties":{"scode":"190","name":"Brustole' (Velo d'Astico)","variables":["CDD","ET0","GDD","HDD","PREC","PREC24","PREC48","TEMP"],"latest":{"CDD":0.0,"ET0":0.82,"GDD":0.5,"HDD":7.8,"PREC":"0.0","PREC24":0.0,"PREC48":0.0,"TEMP":"9.5"},"latest_time":"2026-10-04T06:30","series":"series/190.csv"}},{"type":"Feature","geometry":{"type":"Point","coordinates":[11.25603835,45.83331375]},"properties":{"scode":"191","name":"Molini (Laghi)","variables":["CDD","ET0","GDD","HDD","PREC","PREC24","PREC48","TDEW","TEMP","UMID","VPD"],"latest":{"CDD":0.0,"ET0":0.63,"GDD":0.0,"HDD":8.2,"PREC":"0.0","PREC24":0.0,"PREC48":0.0,"TDEW":5.4,"TEMP":"9.2","UMID":"77","VPD":0.268},"latest_time":"2026-10-04T06:30","series":"series/191.csv"}},{"type":"Feature","geometry":{"type":"Point","coordinates":[12.52427035,45.76569434]},"properties":{"scode":"196","name":"Oderzo","variables":["PREC","PREC24","PREC48"],"latest":{"PREC":"0.0","PREC24":0.0,"PREC48":0.0},"latest_time":"2026-10-04T06:00","series":"series/196.csv"}},{"type":"Feature","geometry":{"type":"Point","coordinates":[12.14506095,45.22690363]},"properties":{"scode":"211","name":"Codevigo - Ca' di Mezzo","variables":["CDD","ET0","GDD","HDD","PREC","PREC24","PREC48","TDEW","TEMP","UMID","VPD"],"latest":{"CDD":0.0,"ET0":1.06,"GDD":2.1,"HDD":6.2,"PREC":"0.0","PREC24":0.0,"PREC48":0.0,"TDEW":8.5,"TEMP":"10.6","UMID":"87","VPD":0.166},"latest_time":"2026-10-04T06:30","series":"series/211.csv"}},{"type":"Feature","geometry":{"type":"Point","coordinates":[12.24264349,46.43717725]},"properties":{"scode":"219","name":"Rovina di Cancia (Borca di Cadore Q1373)","variables":["PREC","PREC24","PREC48"],"latest":{"PREC":"0.0","PREC24":0.0,"PREC48":0.0},"latest_time":"2026-10-04T06:30","series":"series/219.csv"}},{"type":"Feature","geometry":{"type":"Point","coordinates":[12.15448034,46.04834616]},"properties":{"scode":"22","name":"Sant'Antonio Tortal","variables":["CDD","ET0","GDD","HDD","PREC","PREC24","PREC48","TEMP"],"latest":{"CDD":0.0,"ET0":0.91,"GDD":0.0,"HDD":8.2,"PREC":"0.0","PREC24":0.0,"PREC48":0.0,"TEMP":"8.6"},"latest_time":"2026-10-04T06:30","series":"series/22.csv"}},{"type":"Feature","geometry":{"type":"Point","coordinates":[12.22154715,45.68093386]},"properties":{"scode":"220","name":"Treviso","variables":["CDD","ET0","GDD","HDD","PREC","PREC24","PREC48","PRESS","PSLM","QSPEC","TDEW","TEMP","UMID","VPD"],"latest":{"CDD":0.0,"ET0":0.77,"GDD":0.4,"HDD":7.5,"PREC":"0.0","PREC24":0.0,"PREC48":0.0,"PRESS":"1027.9","PSLM":1030.3,"QSPEC":6.82,"TDEW":8.7,"TEMP":"9.6","UMID":"94","VPD":0.072},"latest_time":"2026-10-04T06:30","series":"series/220.csv"}},{"type":"Feature","geometry":{"type":"Point","coordinates":[11.845461,45.397192]},"properties":{"scode":"234","name":"Padova","variables":["CDD","ET0","GDD","HDD","PREC","PREC24","PREC48","TDEW","TEMP","UMID","VPD"],"latest":{"CDD":0.0,"ET0":1.04,"GDD":0.3,"HDD":7.4,"PREC":"0.0","PREC24":0.0,"PREC48":0.0,"TDEW":8.9,"TEMP":"9.5","UMID":"96","VPD":0.047},"latest_time":"2026-10-04T06:30","series":"series/234.csv"}},{"type":"Feature","geometry":{"type":"Point","coordinates":[12.24278045,46.278202]},"properties":{"scode":"235","name":"Soffranco","variables":["CDD","ET0","GDD","HDD","PREC","PREC24","PREC48","TEMP"],"latest":{"CDD":0.0,"ET0":0.79,"GDD":0.0,"HDD":9.8,"PREC":"0.0","PREC24":0.0,"PREC48":0.0,"TEMP":"7.2"},"latest_time":"2026-10-04T06:30","series":"series/235.csv"}},{"type":"Feature","geometry":{"type":"Point","coordinates":[12.39682227,46.18043287]},"properties":{"scode":"236","name":"San Martino d'Alpago","variables":["CDD","ET0","GDD","HDD","PREC","PREC24","PREC48","TEMP"],"latest":{"CDD":0.0,"ET0":1.03,"GDD":1.4,"HDD":6.9,"PREC":"0.0","PREC24":0.0,"PREC48":0.0,"TEMP":"10.0"},"latest_time":"2026-10-04T06:30","series":"series/236.csv"}},{"type":"Feature","geometry":{"type":"Point","coordinates":[11.92891208,46.29588807]},"properties":{"scode":"239","name":"Col di Pra'","variables":["CDD","ET0","GDD","HDD","PREC","PREC24","PREC48","TDEW","TEMP","UMID","VPD"],"latest":{"CDD":0.0,"ET0":0.7,"GDD":0.0,"HDD":10.5,"PREC":"0.0","PREC24":0.0,"PREC48":0.0,"TDEW":5.5,"TEMP":"6.7","UMID":"92","VPD":0.079},"latest_time":"2026-10-04T06:30","series":"series/239.csv"}},{"type":"Feature","geometry":{"type":"Point","coordinates":[12.57556615,46.57877599]},"properties":{"scode":"246","name":"Costalta","variables":["CDD","ET0","GDD","HDD","PREC","PREC24","PREC48","TEMP"],"latest":{"CDD":0.0,"ET0":0.66,"GDD":0.0,"HDD":11.6,"PREC":"0.0","PREC24":0.0,"PREC48":0.0,"TEMP":"5.5"},"latest_time":"2026-10-04T06:30","series":"series/246.csv"}},{"type":"Feature","geometry":{"type":"Point","coordinates":[12.51561664,46.59389393]},"properties":{"scode":"247","name":"Casamazzagno","variables":["CDD","ET0","GDD","HDD","PREC","PREC24","PREC48","RADSOL","TDEW","TEMP","UMID","VPD"],"latest":{"CDD":0.0,"ET0":0.6,"GDD":0.0,"HDD":10.8,"PREC":"0.0","PREC24":0.0,"PREC48":0.0,"RADSOL":"0","TDEW":4.1,"TEMP":"7.1","UMID":"81","VPD":0.192},"latest_time":"2026-10-04T06:30","series":"series/247.csv"}},{"type":"Feature","geometry":{"type":"Point","coordinates":[10.73179344,45.36036737]},"properties":{"scode":"253","name":"Valeggio sul Mincio","variables":["CDD","ET0","GDD","HDD","PREC","PREC24","PREC48","RADSOL","TDEW","TEMP","UMID","VPD"],"latest":{"CDD":0.0,"ET0":1.22,"GDD":5.1,"HDD":3.0,"PREC":"0.0","PREC24":0.0,"PREC48":0.0,"RADSOL":"0","TDEW":9.4,"TEMP":"13.8","UMID":"75","VPD":0.394},"latest_time":"2026-10-04T06:30","series":"series/253.csv"}},{"type":"Feature","geometry":{"type":"Point","coordinates":[11.22419922,45.42497835]},"properties":{"scode":"260","name":"Colognola ai Colli","variables":["CDD","ET0","GDD","HDD","PREC","PREC24","PREC48","TDEW","TEMP","UMID","VPD"],"latest":{"CDD":0.0,"ET0":0.66,"GDD":0.0,"HDD":12.9,"PREC":"0.0","PREC24":0.0,"PREC48":0.0,"TDEW":3.4,"TEMP":"4.3","UMID":"94","VPD":0.05},"latest_time":"2026-10-04T06:30","series":"series/260.csv"}},{"type":"Feature","geometry":{"type":"Point","coordinates":[11.80606051,45.89728311]},"properties":{"scode":"262","name":"Valpore (Seren del Grappa)","variables":["CDD","ET0","GDD","HDD","PREC","PREC24","PREC48","TEMP"],"latest":{"CDD":0.0,"ET0":0.52,"GDD":0.0,"HDD":10.6,"PREC":"0.0","PREC24":0.0,"PREC48":0.0,"TEMP":"7.5"},"latest_time":"2026-10-04T06:30","series":"series/262.csv"}},{"type":"Feature","geometry":{"type":"Point","coordinates":[12.31830088,46.12987309]},"properties":{"scode":"346","name":"La Secca","variables":["CDD","ET0","GDD","HDD","PREC","PREC24","PREC48","TDEW","TEMP","UMID","VPD"],"latest":{"CDD":0.0,"ET0":0.74,"GDD":0.0,"HDD":10.4,"PREC":"0.0","PREC24":0.0,"PREC48":0.0,"TDEW":6.2,"TEMP":"7.1","UMID":"94","VPD":0.061},"latest_time":"2026-10-04T06:30","series":"series/346.csv"}},{"type":"Feature","geometry":{"type":"Point","coordinates":[12.40789032,46.19073266]},"properties":{"scode":"348","name":"Roncadin (Chies d'Alpago)","variables":["PREC","PREC24","PREC48"],"latest":{"PREC":"0.0","PREC24":0.0,"PREC48":0.0},"latest_time":"2026-10-04T06:30","series":"series/348.csv"}},{"type":"Feature","geometry":{"type":"Point","coordinates":[11.65923289,45.86245484]},"properties":{"scode":"350","name":"Valstagna","variables":["PREC","PREC24","PREC48"],"latest":{"PREC":"0.0","PREC24":0.0,"PREC48":0.0},"latest_time":"2026-10-04T06:30","series":"series/350.csv"}},{"type":"Feature","geometry":{"type":"Point","coordinates":[11.72922641,45.84011076]},"properties":{"scode":"351","name":"Solagna Villaggio del sole","variables":["CDD","ET0","GDD","HDD","PREC","PREC24","PREC48","TEMP"],"latest":{"CDD":0.0,"ET0":0.58,"GDD":0.2,"HDD":7.8,"PREC":">>","PREC24":0.0,"PREC48":0.0,"TEMP":"10.3"},"latest_time":"2026-10-04T06:30","series":"series/351.csv"}},{"type":"Feature","geometry":{"type":"Point","coordinates":[11.29382418,45.53646508]},"properties":{"scode":"409","name":"Chiampo","variables":["CDD","ET0","GDD","HDD","PREC","PREC24","PREC48","TDEW","TEMP","UMID","VPD"],"latest":{"CDD":0.0,"ET0":1.07,"GDD":3.8,"HDD":4.3,"PREC":"0.0","PREC24":0.0,"PREC48":0.0,"TDEW":6.7,"TEMP":"12.5","UMID":"68","VPD":0.464},"latest_time":"2026-10-04T06:30","series":"series/409.csv"}},{"type":"Feature","geometry":{"type":"Point","coordinates":[12.24608334,45.98658333]},"properties":{"scode":"464","name":"Nogarolo di Tarzo","variables":["CDD","ET0","GDD","HDD","PREC","PREC24","PREC48","TEMP"],"latest":{"CDD":0.0,"ET0":0.76,"GDD":4.3,"HDD":3.8,"PREC":"0.0","PREC24":0.0,"PREC48":0.0,"TEMP":"13.7"},"latest_time":"2026-10-04T06:30","series":"series/464.csv"}},{"type":"Feature","geometry":{"type":"Point","coordinates":[12.11232905,46.59362172]},"properties":{"scode":"48","name":"Podestagno (Cortina d'Ampezzo)","variables":["CDD","ET0","GDD","HDD","PREC","PREC24","PREC48","TEMP"],"latest":{"CDD":0.0,"ET0":0.68,"GDD":0.0,"HDD":12.3,"PREC":"0.0","PREC24":0.0,"PREC48":0.0,"TEMP":"5.5"},"latest_time":"2026-10-04T06:30","series":"series/48.csv"}},{"type":"Feature","geometry":{"type":"Point","coordinates":[12.09595652,46.45098415]},"properties":{"scode":"505","name":"Ponte Rio Cordon (Selva di Cadore)","variables":["CDD","ET0","GDD","HDD","PREC","PREC24","PREC48","TEMP"],"latest":{"CDD":0.0,"ET0":0.41,"GDD":0.0,"HDD":13.3,"PREC":"0.0","PREC24":0.0,"PREC48":0.0,"TEMP":"4.4"},"latest_time":"2026-10-04T06:30","series":"series/505.csv"}},{"type":"Feature","geometry":{"type":"Point","coordinates":[12.09312208,46.37934829]},"properties":{"scode":"55","name":"Pian del Crep (Val di Zoldo)","variables":["CDD","ET0","GDD","HDD","PREC","PREC24","PREC48","TEMP"],"latest":{"CDD":0.0,"ET0":0.73,"GDD":0.0,"HDD":9.4,"PREC":"0.0","PREC24":0.0,"PREC48":0.0,"TEMP":"9.5"},"latest_time":"2026-10-04T06:30","series":"series/55.csv"}},{"type":"Feature","geometry":{"type":"Point","coordinates":[12.2504163,46.44743181]},"properties":{"scode":"568","name":"Rovina di Cancia (Q2267)","variables":["PREC","PREC24","PREC48"],"latest":{"PREC":">>","PREC24":0.0,"PREC48":0.0},"latest_time":"2026-10-04T06:30","series":"series/568.csv"}},{"type":"Feature","geometry":{"type":"Point","coordinates":[12.24555485,46.44219886]},"properties":{"scode":"569","name":"Rovina di Cancia (Q1690)","variables":["PREC","PREC24","PREC48"],"latest":{"PREC":">>","PREC24":0.0,"PREC48":0.0},"latest_time":"2026-10-04T06:30","series":"series/569.csv"}},{"type":"Feature","geometry":{"type":"Point","coordinates":[11.96341809,46.48945123]},"properties":{"scode":"575","name":"Rio Chiesa Alto (Livinallongo)","variables":["PREC","PREC24","PREC48"],"latest":{"PREC":"0.0","PREC24":0.0,"PREC48":0.0},"latest_time":"2026-10-04T06:30","series":"series/575.csv"}},{"type":"Feature","geometry":{"type":"Point","coordinates":[12.60365549,46.64463814]},"properties":{"scode":"60","name":"Malga Campobon (San Pietro di Cadore)","variables":["CDD","ET0","GDD","HDD","PREC","PREC24","PREC48","TEMP"],"latest":{"CDD":0.0,"ET0":0.57,"GDD":0.0,"HDD":9.0,"PREC":"0.0","PREC24":0.0,"PREC48":0.0,"TEMP":"9.0"},"latest_time":"2026-10-04T06:30","series":"series/60.csv"}},{"type":"Feature","geometry":{"type":"Point","coordinates":[12.264492,46.442017]},"properties":{"scode":"608","name":"Rio Rudan (Antelao)","variables":["PREC","PREC24","PREC48"],"latest":{"PREC":"0.0","PREC24":0.0,"PREC48":0.0},"latest_time":"2026-10-04T06:30","series":"series/608.csv"}},{"type":"Feature","geometry":{"type":"Point","coordinates":[11.946735,45.898557]},"properties":{"scode":"610","name":"Fener","variables":["CDD","ET0","GDD","HDD","PREC","PREC24","PREC48","TEMP"],"latest":{"CDD":0.0,"ET0":0.85,"GDD":1.9,"HDD":6.2,"PREC":"0.0","PREC24":0.0,"PREC48":0.0,"TEMP":"10.9"},"latest_time":"2026-10-04T06:30","series":"series/610.csv"}},{"type":"Feature","geometry":{"type":"Point","coordinates":[11.932629,45.276565]},"properties":{"scode":"611","name":"Bovolenta","variables":["CDD","ET0","GDD","HDD","PREC","PREC24","PREC48","TEMP"],"latest":{"CDD":0.0,"ET0":1.12,"GDD":2.4,"HDD":5.7,"PREC":"0.0","PREC24":0.0,"PREC48":0.0,"TEMP":"11.7"},"latest_time":"2026-10-04T06:30","series":"series/611.csv"}},{"type":"Feature","geometry":{"type":"Point","coordinates":[11.94469992,46.12827704]},"properties":{"scode":"612","name":"La Guarda (Cesiomaggiore)","variables":["CDD","ET0","GDD","HDD","PREC","PREC24","PREC48","TEMP"],"latest":{"CDD":0.0,"ET0":0.67,"GDD":0.0,"HDD":10.8,"PREC":"0.0","PREC24":0.0,"PREC48":0.0,"TEMP":"6.4"},"latest_time":"2026-10-04T06:30","series":"series/612.csv"}},{"type":"Feature","geometry":{"type":"Point","coordinates":[12.283051,45.218127]},"properties":{"scode":"613","name":"Chioggia (centro)","variables":["CDD","ET0","GDD","HDD","PREC","PREC24","PREC48","TEMP"],"latest":{"CDD":0.0,"ET0":0.77,"GDD":7.1,"HDD":0.9,"PREC":"0.0","PREC24":0.0,"PREC48":0.0,"TEMP":"16.9"},"latest_time":"2026-10-04T06:30","series":"series/613.csv"}},{"type":"Feature","geometry":{"type":"Point","coordinates":[11.45476825,45.62061319]},"properties":{"scode":"614","name":"Isola Vicentina","variables":["CDD","ET0","GDD","HDD","PREC","PREC24","PREC48","TEMP"],"latest":{"CDD":0.0,"ET0":1.16,"GDD":0.6,"HDD":7.4,"PREC":"0.0","PREC24":0.0,"PREC48":0.0,"TEMP":"9.3"},"latest_time":"2026-10-04T06:30","series":"series/614.csv"}},{"type":"Feature","geometry":{"type":"Point","coordinates":[12.29032,46.231666]},"properties":{"scode":"616","name":"Fortogna (Longarone)","variables":["CDD","ET0","GDD","HDD","PREC","PREC24","PREC48","TEMP"],"latest":{"CDD":0.0,"ET0":1.03,"GDD":1.1,"HDD":6.9,"PREC":"0.0","PREC24":0.0,"PREC48":0.0,"TEMP":"9.6"},"latest_time":"2026-10-04T06:30","series":"series/616.csv"}},{"type":"Feature","geometry":{"type":"Point","coordinates":[11.61748,45.774361]},"properties":{"scode":"618","name":"Crosara (Marostica)","variables":["CDD","ET0","GDD","HDD","PREC","PREC24","PREC48","TEMP"],"latest":{"CDD":0.0,"ET0":0.91,"GDD":4.6,"HDD":3.3,"PREC":">>","PREC24":0.0,"PREC48":0.0,"TEMP":"13.7"},"latest_time":"2026-10-04T06:30","series":"series/618.csv"}},{"type":"Feature","geometry":{"type":"Point","coordinates":[12.005757,45.771498]},"properties":{"scode":"619","name":"Montebelluna loc. Contea","variables":["CDD","ET0","GDD","HDD","PREC","PREC24","PREC48","TEMP"],"latest":{"CDD":0.0,"ET0":0.98,"GDD":4.3,"HDD":4.0,"PREC":"0.0","PREC24":0.0,"PREC48":0.0,"TEMP":"13.2"},"latest_time":"2026-10-04T06:30","series":"series/619.csv"}},{"type":"Feature","geometry":{"type":"Point","coordinates":[12.201804,45.816843]},"properties":{"scode":"620","name":"Nervesa della Battaglia","variables":["CDD","ET0","GDD","HDD","PREC","PREC24","PREC48","TEMP"],"latest":{"CDD":0.0,"ET0":0.78,"GDD":3.8,"HDD":4.2,"PREC":"0.0","PREC24":0.0,"PREC48":0.0,"TEMP":"13.7"},"latest_time":"2026-10-04T06:30","series":"series/620.csv"}},{"type":"Feature","geometry":{"type":"Point","coordinates":[12.024446,45.116383]},"properties":{"scode":"622","name":"Pettorazza Grimani loc. Botti Barbarighe","variables":["CDD","ET0","GDD","HDD","PREC","PREC24","PREC48","TEMP"],"latest":{"CDD":0.0,"ET0":1.26,"GDD":1.8,"HDD":6.5,"PREC":"0.0","PREC24":0.0,"PREC48":0.0,"TEMP":"9.7"},"latest_time":"2026-10-04T06:30","series":"series/622.csv"}},{"type":"Feature","geometry":{"type":"Point","coordinates":[11.99930835,45.40837847]},"properties":{"scode":"623","name":"Stra","variables":["CDD","ET0","GDD","HDD","PREC","PREC24","PREC48","TEMP"],"latest":{"CDD":0.0,"ET0":0.95,"GDD":2.1,"HDD":6.1,"PREC":"0.0","PREC24":0.0,"PREC48":0.0,"TEMP":"10.9"},"latest_time":"2026-10-04T06:30","series":"series/623.csv"}},{"type":"Feature","geometry":{"type":"Point","coordinates":[11.335586,45.867081]},"properties":{"scode":"624","name":"Tonezza del Cimone","variables":["CDD","ET0","GDD","HDD","PREC","PREC24","PREC48","TEMP"],"latest":{"CDD":0.0,"ET0":0.6,"GDD":0.0,"HDD":8.3,"PREC":"0.0","PREC24":0.0,"PREC48":0.0,"TEMP":"9.1"},"latest_time":"2026-10-04T06:30","series":"series/624.csv"}},{"type":"Feature","geometry":{"type":"Point","coordinates":[11.226352,45.725723]},"properties":{"scode":"625","name":"Staro (Valli del Pasubio)","variables":["CDD","ET0","GDD","HDD","PREC","PREC24","PREC48","TEMP"],"latest":{"CDD":0.0,"ET0":0.78,"GDD":2.9,"HDD":5.2,"PREC":"0.0","PREC24":0.0,"PREC48":0.0,"TEMP":"12.5"},"latest_time":"2026-10-04T06:30","series":"series/625.csv"}},{"type":"Feature","geometry":{"type":"Point","coordinates":[12.259591,46.43264]},"properties":{"scode":"631","name":"Rio Rudan INADEF Sentiero CAI 230","variables":["PREC","PREC24","PREC48"],"latest":{"PREC":"0.0","PREC24":0.0,"PREC48":0.0},"latest_time":"2026-10-04T06:30","series":"series/631.csv"}},{"type":"Feature","geometry":{"type":"Point","coordinates":[12.258785,46.416987]},"properties":{"scode":"632","name":"Rio Rudan INADEF DX briglia","variables":["PREC","PREC24","PREC48"],"latest":{"PREC":"0.0","PREC24":0.0,"PREC48":0.0},"latest_time":"2026-10-04T06:30","series":"series/632.csv"}},{"type":"Feature","geometry":{"type":"Point","coordinates":[12.128897,46.576893]},"properties":{"scode":"667","name":"Fiames (Punta Fiames)","variables":["PREC","PREC24","PREC48"],"latest":{"PREC":"0.0","PREC24":0.0,"PREC48":0.0},"latest_time":"2026-10-04T06:30","series":"series/667.csv"}},{"type":"Feature","geometry":{"type":"Point","coordinates":[12.247337,46.461167]},"properties":{"scode":"669","name":"Ru Secco (Antelao)","variables":["PREC","PREC24","PREC48"],"latest":{"PREC":"0.0","PREC24":0.0,"PREC48":0.0},"latest_time":"2026-10-04T06:30","series":"series/669.csv"}},{"type":"Feature","geometry":{"type":"Point","coordinates":[12.294154,46.557619]},"properties":{"scode":"670","name":"Ru de Vaccia (Monte Campoduro)","variables":["PREC","PREC24","PREC48"],"latest":{"PREC":"0.0","PREC24":0.0,"PREC48":0.0},"latest_time":"2026-10-04T06:30","series":"series/670.csv"}},{"type":"Feature","geometry":{"type":"Point","coordinates":[12.365311,46.600176]},"properties":{"scode":"671","name":"Rio Gravasecca (Pra dell'Agnello)","variables":["PREC","PREC24","PREC48"],"latest":{"PREC":"0.0","PREC24":0.0,"PREC48":0.0},"latest_time":"2026-10-04T06:30","series":"series/671.csv"}},{"type":"Feature","geometry":{"type":"Point","coordinates":[12.224516,46.583167]},"properties":{"scode":"672","name":"Rio Popena (Val delle Barache)","variables":["PREC","PREC24","PREC48"],"latest":{"PREC":"0.0","PREC24":0.0,"PREC48":0.0},"latest_time":"2026-10-04T06:30","series":"series/672.csv"}},{"type":"Feature","geometry":{"type":"Point","coordinates":[12.099559,46.330666]},"properties":{"scode":"673","name":"Ru de le Roe (Passo Duran)","variables":["PREC","PREC24","PREC48"],"latest":{"PREC":"0.0","PREC24":0.0,"PREC48":0.0},"latest_time":"2026-10-04T06:30","series":"series/673.csv"}},{"type":"Feature","geometry":{"type":"Point","coordinates":[12.03431,46.315801]},"properties":{"scode":"674","name":"Roa Bianca (Lastia di Framont)","variables":["PREC","PREC24","PREC48"],"latest":{"PREC":"0.0","PREC24":0.0,"PREC48":0.0},"latest_time":"2026-10-04T06:30","series":"series/674.csv"}},{"type":"Feature","geometry":{"type":"Point","coordinates":[11.926066,46.399676]},"properties":{"scode":"675","name":"Rio di Valbona (Cime di Pezza)","variables":["PREC","PREC24","PREC48"],"latest":{"PREC":"0.0","PREC24":0.0,"PREC48":0.0},"latest_time":"2026-10-04T06:30","series":"series/675.csv"}},{"type":"Feature","geometry":{"type":"Point","coordinates":[11.972195,46.447872]},"properties":{"scode":"676","name":"Ru de Rocia (Ronch)","variables":["PREC","PREC24","PREC48"],"latest":{"PREC":"0.0","PREC24":0.0,"PREC48":0.0},"latest_time":"2026-10-04T06:30","series":"series/676.csv"}},{"type":"Feature","geometry":{"type":"Point","coordinates":[11.22486099,45.54832483]},"properties":{"scode":"71","name":"San Giovanni Ilarione","variables":["CDD","ET0","GDD","HDD","PREC","PREC24","PREC48","TEMP"],"latest":{"CDD":0.0,"ET0":0.93,"GDD":1.4,"HDD":6.4,"PREC":"0.0","PREC24":0.0,"PREC48":0.0,"TEMP":"10.3"},"latest_time":"2026-10-04T06:30","series":"series/71.csv"}},{"type":"Feature","geometry":{"type":"Point","coordinates":[11.2251192,45.80699205]},"properties":{"scode":"73","name":"Contra' Doppio (Posina)","variables":["CDD","ET0","GDD","HDD","PREC","PREC24","PREC48","TEMP"],"latest":{"CDD":0.0,"ET0":0.55,"GDD":0.4,"HDD":7.7,"PREC":"0.0","PREC24":0.0,"PREC48":0.0,"TEMP":"10.0"},"latest_time":"2026-10-04T06:30","series":"series/73.csv"}},{"type":"Feature","geometry":{"type":"Point","coordinates":[11.18480016,45.70401092]},"properties":{"scode":"76","name":"Turcati (Recoaro Terme)","variables":["CDD","ET0","GDD","HDD","PREC","PREC24","PREC48","RADSOL","TDEW","TEMP","UMID","VPD"],"latest":{"CDD":0.0,"ET0":0.61,"GDD":2.8,"HDD":5.1,"PREC":"0.0","PREC24":0.0,"PREC48":0.0,"RADSOL":"0","TDEW":3.0,"TEMP":"12.3","UMID":"53","VPD":0.672},"latest_time":"2026-10-04T06:30","series":"series/76.csv"}},{"type":"Feature","geometry":{"type":"Point","coordinates":[11.30863411,45.63129614]},"properties":{"scode":"79","name":"Valdagno","variables":["CDD","ET0","GDD","HDD","PREC","PREC24","PREC48","TEMP"],"latest":{"CDD":0.0,"ET0":0.93,"GDD":1.4,"HDD":6.6,"PREC":"0.0","PREC24":0.0,"PREC48":0.0,"TEMP":"10.3"},"latest_time":"2026-10-04T06:30","series":"series/79.csv"}},{"type":"Feature","geometry":{"type":"Point","coordinates":[11.41482813,45.7509777]},"properties":{"scode":"81","name":"Monte Summano","variables":["CDD","ET0","GDD","HDD","PREC","PREC24","PREC48","TDEW","TEMP","UMID","VPD"],"latest":{"CDD":0.0,"ET0":0.91,"GDD":5.0,"HDD":3.2,"PREC":"0.0","PREC24":0.0,"PREC48":0.0,"TDEW":2.3,"TEMP":"14.1","UMID":"45","VPD":0.885},"latest_time":"2026-10-04T06:30","series":"series/81.csv"}},{"type":"Feature","geometry":{"type":"Point","coordinates":[11.74011907,45.80571942]},"properties":{"scode":"82","name":"Pove del Grappa - Costalunga","variables":["CDD","ET0","GDD","HDD","PREC","PREC24","PREC48","TDEW","TEMP","UMID","VPD"],"latest":{"CDD":0.0,"ET0":1.11,"GDD":5.1,"HDD":2.8,"PREC":"0.0","PREC24":0.0,"PREC48":0.0,"TDEW":3.9,"TEMP":"14.2","UMID":"50","VPD":0.81},"latest_time":"2026-10-04T06:30","series":"series/82.csv"}},{"type":"Feature","geometry":{"type":"Point","coordinates":[11.72081886,45.09313663]},"properties":{"scode":"98","name":"Concadirame (Rovigo)","variables":["CDD","ET0","GDD","HDD","PREC","PREC24","PREC48","TDEW","TEMP","UMID","VPD"],"latest":{"CDD":0.0,"ET0":1.45,"GDD":2.2,"HDD":6.3,"PREC":"0.0","PREC24":0.0,"PREC48":0.0,"TDEW":9.5,"TEMP":"9.5","UMID":"100","VPD":0.0},"latest_time":"2026-10-04T06:30","series":"series/98.csv"}},{"type":"Feature","geometry":{"type":"Point","coordinates":[11.67281842,45.36192058]},"properties":{"scode":"201","name":"Monte Grande (Teolo)","variables":["CDD","ET0","GDD","HDD","TEMP"],"latest":{"CDD":0.0,"ET0":1.07,"GDD":6.2,"HDD":1.5,"TEMP":"16.3"},"latest_time":"2026-10-04T06:00","series":"series/201.csv"}},{"type":"Feature","geometry":{"type":"Point","coordinates":[11.51869973,45.99327673]},"properties":{"scode":"501","name":"Dolina Campoluzzo (Monte Lozze)","variables":["CDD","ET0","GDD","HDD","TDEW","TEMP","UMID","VPD"],"latest":{"CDD":0.0,"ET0":0.25,"GDD":0.0,"HDD":27.1,"TDEW":-10.3,"TEMP":"-10.0","UMID":"98","VPD":0.006},"latest_time":"2026-10-04T06:00","series":"series/501.csv"}}]}