datetime,CDD,DVENTO,ET0,GDD,HDD,PREC,PREC24,PREC48,PRESS,PSLM,QSPEC,RADSOL,SOLEGG,TAPP,TDEW,TEMP,UMID,UWND,VPD,VVENTO,VVENTOMAX,VWND
2026-09-27T08:40,,345.6,,,,0.0,0.0,0.0,1026.6,1229.2,4.75,29.3,0.0,4.6,3.4,6.4,81.4,0.12,0.179,0.5,1.4,-0.48
2026-09-27T08:50,,15.4,,,,0.0,0.0,0.0,1026.5,1228.8,4.86,32.8,0.0,5.1,3.8,6.7,81.6,-0.11,0.181,0.4,1.4,-0.39
2026-09-27T09:00,,139.9,,,,0.0,0.0,0.0,1025.9,1227.5,5.17,233.0,541.0,5.9,4.6,7.5,82.1,-0.39,0.186,0.6,1.0,0.46
2026-09-27T09:10,,55.8,,,,0.0,0.0,0.0,1025.0,1225.5,5.36,303.6,599.0,6.8,5.1,8.7,78.4,-0.99,0.243,1.2,1.7,-0.67
2026-09-27T09:20,,46.9,,,,0.0,0.0,0.0,1024.6,1224.6,5.24,330.8,600.0,7.2,4.8,9.3,73.6,-1.02,0.309,1.4,2.0,-0.96
2026-09-27T09:30,,36.9,,,,0.0,0.0,0.0,1024.5,1224.2,5.1,354.3,600.0,7.7,4.4,9.6,70.2,-0.6,0.356,1.0,1.5,-0.8
2026-09-27T09:40,,16.2,,,,0.0,0.0,0.0,1024.2,1223.6,5.08,391.4,600.0,8.1,4.4,10.0,68.0,-0.28,0.393,1.0,1.5,-0.96
2026-09-27T09:50,,18.5,,,,0.0,0.0,0.0,1024.0,1223.1,4.94,419.9,600.0,8.3,4.0,10.3,64.8,-0.29,0.441,0.9,1.3,-0.85
2026-09-27T10:00,,11.8,,,,0.0,0.0,0.0,1023.7,1222.4,5.06,446.4,600.0,8.9,4.3,10.8,64.2,-0.18,0.464,0.9,1.2,-0.88
2026-09-27T10:10,,7.6,,,,0.0,0.0,0.0,1023.4,1221.7,5.05,471.5,600.0,9.3,4.3,11.2,62.4,-0.12,0.5,0.9,1.2,-0.89
2026-09-27T10:20,,11.2,,,,0.0,0.0,0.0,1023.0,1220.9,5.11,495.6,600.0,9.6,4.4,11.7,61.0,-0.23,0.536,1.2,1.7,-1.18
2026-09-27T10:30,,16.7,,,,0.0,0.0,0.0,1022.9,1220.7,5.23,518.9,600.0,9.9,4.7,11.8,62.0,-0.29,0.526,1.0,1.3,-0.96
2026-09-27T10:40,,6.6,,,,0.0,0.0,0.0,1022.5,1219.8,5.27,540.9,599.0,10.3,4.9,12.3,60.5,-0.14,0.565,1.2,1.4,-1.19
2026-09-27T10:50,,10.6,,,,0.0,0.0,0.0,1022.1,1219.0,5.4,560.8,600.0,11.1,5.2,12.7,60.3,-0.15,0.583,0.8,1.2,-0.79
2026-09-27T11:00,,31.4,,,,0.0,0.0,0.0,1022.1,1219.2,5.18,579.7,600.0,10.9,4.6,12.5,58.6,-0.31,0.6,0.6,0.8,-0.51
2026-09-27T11:10,,148.6,,,,0.0,0.0,0.0,1021.4,1217.5,5.4,597.0,599.0,11.7,5.2,13.7,56.5,-0.68,0.682,1.3,3.2,1.11
2026-09-27T11:20,,165.4,,,,0.0,0.0,0.0,1020.8,1216.2,5.86,614.7,600.0,11.9,6.4,14.4,58.5,-0.6,0.681,2.4,3.3,2.32
2026-09-27T11:30,,166.0,,,,0.0,0.0,0.0,1020.5,1215.7,5.83,631.4,599.0,11.7,6.3,14.6,57.5,-0.7,0.706,2.9,4.1,2.81
2026-09-27T11:40,,164.4,,,,0.0,0.0,0.0,1020.4,1215.6,6.0,645.7,600.0,11.5,6.7,14.6,59.1,-0.91,0.68,3.4,4.8,3.27
2026-09-27T11:50,,170.6,,,,0.0,0.0,0.0,1020.4,1215.7,5.95,657.8,600.0,11.7,6.6,14.5,59.0,-0.47,0.677,2.9,4.4,2.86
2026-09-27T12:00,,168.8,,,,0.0,0.0,0.0,1020.2,1215.2,6.13,668.2,599.0,11.8,7.0,14.8,59.6,-0.64,0.68,3.3,5.2,3.24
2026-09-27T12:10,,173.1,,,,0.0,0.0,0.0,1020.1,1215.1,6.14,677.8,600.0,11.9,7.0,14.8,59.7,-0.37,0.678,3.1,4.9,3.08
2026-09-27T12:20,,171.0,,,,0.0,0.0,0.0,1020.0,1214.9,6.11,686.0,600.0,11.6,7.0,14.9,59.0,-0.58,0.695,3.7,5.2,3.65
2026-09-27T12:30,,172.2,,,,0.0,0.0,0.0,1019.8,1214.6,6.13,694.1,600.0,11.9,7.0,15.0,58.8,-0.48,0.703,3.5,5.4,3.47
2026-09-27T12:40,,178.0,,,,0.0,0.0,0.0,1019.7,1214.4,6.11,699.7,599.0,12.1,7.0,15.1,58.3,-0.12,0.716,3.3,5.9,3.3
2026-09-27T12:50,,182.8,,,,0.0,0.0,0.0,1019.7,1214.4,6.11,702.7,600.0,12.2,7.0,15.2,57.9,0.16,0.727,3.3,5.6,3.3
2026-09-27T13:00,0.0,190.6,3.21,1.6,5.4,0.0,0.0,0.0,1019.5,1213.9,6.13,703.6,600.0,12.4,7.0,15.5,57.0,0.64,0.757,3.5,6.0,3.44
2026-09-27T13:10,,176.2,,,,0.0,0.0,0.0,1019.4,1213.7,6.0,704.1,600.0,12.2,6.7,15.6,55.4,-0.25,0.79,3.7,6.3,3.69
2026-09-27T13:20,,181.5,,,,0.0,0.0,0.0,1019.2,1213.3,5.95,702.3,600.0,12.8,6.6,15.8,54.2,0.08,0.822,3.2,5.7,3.2
2026-09-27T13:30,,183.2,,,,0.0,0.0,0.0,1019.0,1212.9,6.06,698.2,600.0,12.6,6.8,16.0,54.5,0.21,0.827,3.8,5.6,3.79
2026-09-27T13:40,,176.5,,,,0.0,0.0,0.0,1018.9,1212.7,6.0,692.9,600.0,12.7,6.7,16.1,53.6,-0.23,0.849,3.7,6.6,3.69
2026-09-27T13:50,,178.0,,,,0.0,0.0,0.0,1018.8,1212.6,6.13,686.8,600.0,12.9,7.0,16.2,54.4,-0.13,0.84,3.7,6.8,3.7
2026-09-27T14:00,,185.1,,,,0.0,0.0,0.0,1018.6,1212.3,6.19,679.2,599.0,12.9,7.1,16.2,55.0,0.33,0.829,3.7,5.5,3.69
2026-09-27T14:10,,175.2,,,,0.0,0.0,0.0,1018.5,1212.0,5.85,669.7,600.0,13.0,6.3,16.5,51.0,-0.32,0.92,3.8,6.3,3.79
2026-09-27T14:20,,170.2,,,,0.0,0.0,0.0,1018.4,1211.8,5.87,659.9,599.0,12.8,6.4,16.6,50.8,-0.71,0.929,4.2,6.9,4.14
2026-09-27T14:30,,168.9,,,,0.0,0.0,0.0,1018.3,1211.7,6.11,647.3,600.0,12.8,6.9,16.6,52.9,-0.85,0.89,4.4,6.6,4.32
2026-09-27T14:40,,175.5,,,,0.0,0.0,0.0,1018.2,1211.5,6.02,634.2,600.0,13.3,6.7,16.7,51.8,-0.3,0.916,3.8,6.2,3.79
2026-09-27T14:50,,174.1,,,,0.0,0.0,0.0,1018.0,1211.2,6.11,619.0,600.0,13.5,6.9,16.8,52.2,-0.38,0.915,3.7,6.5,3.68
2026-09-27T15:00,,192.0,,,,0.0,0.0,0.0,1017.9,1211.0,6.26,601.6,599.0,13.5,7.3,16.9,53.1,0.83,0.903,4.0,6.4,3.91
2026-09-27T15:10,,198.0,,,,0.0,0.0,0.0,1018.1,1211.4,6.39,583.8,600.0,12.6,7.6,16.7,54.9,1.55,0.857,5.0,7.1,4.76
2026-09-27T15:20,,190.1,,,,0.0,0.0,0.0,1018.0,1211.2,6.48,564.7,600.0,13.2,7.8,16.7,55.7,0.75,0.842,4.3,6.3,4.23
2026-09-27T15:30,,195.8,,,,0.0,0.0,0.0,1018.0,1211.3,6.42,543.2,600.0,12.8,7.6,16.6,55.5,1.28,0.841,4.7,6.6,4.52
2026-09-27T15:40,,192.7,,,,0.0,0.0,0.0,1017.9,1211.1,6.49,521.0,600.0,13.3,7.8,16.7,55.8,0.9,0.84,4.1,6.6,4.0
2026-09-27T15:50,,204.3,,,,0.0,0.0,0.0,1017.8,1210.9,6.51,498.1,599.0,13.7,7.8,16.9,55.2,1.56,0.863,3.8,6.1,3.46
2026-09-27T16:00,,208.5,,,,0.0,0.0,0.0,1017.8,1211.0,6.51,473.6,600.0,13.2,7.8,16.7,55.9,2.05,0.838,4.3,8.0,3.78
2026-09-27T16:10,,213.4,,,,0.0,0.0,0.0,1018.0,1211.4,6.44,448.7,599.0,12.6,7.7,16.5,56.1,2.64,0.824,4.8,6.9,4.01
2026-09-27T16:20,,209.2,,,,0.0,0.0,0.0,1017.9,1211.3,6.41,422.2,600.0,13.2,7.6,16.5,55.8,1.9,0.83,3.9,6.7,3.4
2026-09-27T16:30,,217.7,,,,0.0,0.0,0.0,1018.1,1211.7,6.45,395.7,600.0,12.8,7.7,16.3,56.9,2.57,0.799,4.2,6.3,3.32
2026-09-27T16:40,,220.0,,,,0.0,0.0,0.0,1018.2,1211.9,6.42,368.3,600.0,12.8,7.6,16.1,57.3,2.51,0.781,3.9,5.5,2.99
2026-09-27T16:50,,214.5,,,,0.0,0.0,0.0,1018.2,1212.0,6.41,340.7,600.0,12.6,7.6,16.0,57.6,2.32,0.771,4.1,6.5,3.38
2026-09-27T17:00,,216.2,,,,0.0,0.0,0.0,1018.4,1212.4,6.29,185.2,346.0,12.2,7.4,15.7,57.6,2.42,0.756,4.1,6.0,3.31
2026-09-27T17:10,,218.7,,,,0.0,0.0,0.0,1018.9,1213.5,6.1,35.9,0.0,12.0,6.9,15.1,58.1,2.13,0.719,3.4,5.8,2.65
2026-09-27T17:20,,232.1,,,,0.0,0.0,0.0,1019.0,1213.7,5.88,33.2,0.0,11.5,6.4,15.0,56.4,3.0,0.744,3.8,5.5,2.33
2026-09-27T17:30,,226.7,,,,0.0,0.0,0.0,1019.1,1213.9,5.88,30.7,0.0,11.1,6.4,14.8,57.1,2.98,0.722,4.1,6.9,2.81
2026-09-27T17:40,,224.0,,,,0.0,0.0,0.0,1019.4,1214.5,5.89,28.1,0.0,10.9,6.4,14.5,58.4,2.71,0.687,3.9,5.3,2.81
2026-09-27T17:50,,220.6,,,,0.0,0.0,0.0,1019.6,1214.9,5.93,25.9,0.0,10.6,6.5,14.3,59.5,2.73,0.66,4.2,6.5,3.19
2026-09-27T18:00,,225.9,,,,0.0,0.0,0.0,1019.7,1215.1,6.01,23.3,0.0,10.6,6.7,14.2,60.7,2.87,0.636,4.0,5.6,2.78
2026-09-27T18:10,,221.8,,,,0.0,0.0,0.0,1019.8,1215.3,6.1,20.9,0.0,10.7,6.9,14.0,62.5,2.47,0.599,3.7,5.3,2.76
2026-09-27T18:20,,222.8,,,,0.0,0.0,0.0,1020.0,1215.7,6.12,18.3,0.0,10.8,7.0,13.9,63.1,2.38,0.586,3.5,5.1,2.57
2026-09-27T18:30,,222.6,,,,0.0,0.0,0.0,1020.2,1216.1,6.12,15.5,0.0,10.7,7.0,13.6,64.3,2.1,0.556,3.1,4.3,2.28
2026-09-27T18:40,,221.9,,,,0.0,0.0,0.0,1020.4,1216.4,6.02,12.3,0.0,10.2,6.7,13.5,63.7,2.4,0.562,3.6,5.0,2.68
2026-09-27T18:50,,222.8,,,,0.0,0.0,0.0,1020.6,1216.7,6.0,8.8,0.0,10.3,6.7,13.4,63.9,2.24,0.555,3.3,5.1,2.42
2026-09-27T19:00,,221.4,,,,0.0,0.0,0.0,1020.8,1217.0,6.01,5.1,0.0,10.1,6.7,13.4,64.1,2.38,0.552,3.6,5.3,2.7
2026-09-27T19:10,,231.8,,,,0.0,0.0,0.0,1020.9,1217.2,5.97,1.6,0.0,10.1,6.7,13.3,64.1,2.75,0.548,3.5,4.7,2.16
2026-09-27T19:20,,230.3,,,,0.0,0.0,0.0,1021.1,1217.4,5.96,0.0,0.0,10.0,6.6,13.3,63.9,2.77,0.551,3.6,5.1,2.3
2026-09-27T19:30,,223.8,,,,0.0,0.0,0.0,1021.4,1217.9,5.96,0.0,0.0,10.1,6.6,13.1,64.8,2.21,0.531,3.2,4.5,2.31
2026-09-27T19:40,,214.4,,,,0.0,0.0,0.0,1021.8,1218.8,5.93,0.0,0.0,10.0,6.6,12.5,67.1,1.41,0.477,2.5,4.7,2.06
2026-09-27T19:50,,187.1,,,,0.0,0.0,0.0,1022.2,1219.8,5.98,0.0,0.0,9.7,6.7,11.9,70.4,0.25,0.412,2.0,3.1,1.98
2026-09-27T20:00,,163.4,,,,0.0,0.0,0.0,1022.6,1220.6,6.01,0.0,0.0,9.2,6.8,11.4,73.2,-0.6,0.361,2.1,2.9,2.01
2026-09-27T20:10,,174.0,,,,0.0,0.0,0.0,1022.8,1221.0,5.96,0.0,0.0,9.0,6.6,11.2,73.5,-0.22,0.353,2.1,2.5,2.09
2026-09-27T20:20,,178.0,,,,0.0,0.0,0.0,1023.0,1221.5,5.85,0.0,0.0,8.7,6.4,10.9,73.7,-0.07,0.343,1.9,2.4,1.9
2026-09-27T20:30,,169.1,,,,0.0,0.0,0.0,1023.4,1222.3,5.81,0.0,0.0,8.1,6.3,10.4,75.6,-0.38,0.308,2.0,2.4,1.96
2026-09-27T20:40,,174.9,,,,0.0,0.0,0.0,1023.4,1222.2,5.86,0.0,0.0,8.7,6.4,10.6,75.3,-0.13,0.316,1.5,2.2,1.49
2026-09-27T20:50,,221.1,,,,0.0,0.0,0.0,1023.8,1223.0,5.82,0.0,0.0,9.2,6.3,10.1,77.3,0.07,0.281,0.1,1.2,0.08
2026-09-27T21:00,,298.7,,,,0.0,0.0,0.0,1024.2,1223.9,5.74,0.0,0.0,8.4,6.1,9.6,78.9,0.44,0.252,0.5,0.7,-0.24
2026-09-27T21:10,,209.8,,,,0.0,0.0,0.0,1024.1,1223.5,5.8,0.0,0.0,8.8,6.3,9.9,78.1,0.15,0.267,0.3,0.6,0.26
2026-09-27T21:20,,187.2,,,,0.0,0.0,0.0,1024.4,1224.2,5.75,0.0,0.0,8.5,6.1,9.5,79.6,0.01,0.242,0.1,0.6,0.1
2026-09-27T21:30,,205.8,,,,0.0,0.0,0.0,1024.6,1224.6,5.66,0.0,0.0,8.1,5.9,9.2,80.0,0.09,0.233,0.2,0.7,0.18
2026-09-27T21:40,,207.2,,,,0.0,0.0,0.0,1024.4,1224.1,5.89,0.0,0.0,8.7,6.5,9.6,81.0,0.05,0.227,0.1,0.5,0.09
2026-09-27T21:50,,261.0,,,,0.0,0.0,0.0,1024.9,1225.2,5.61,0.0,0.0,7.8,5.8,9.0,80.3,0.3,0.226,0.3,0.6,0.05
2026-09-27T22:00,,295.8,,,,0.0,0.0,0.0,1024.7,1224.7,5.61,0.0,0.0,8.1,5.8,9.3,78.8,0.27,0.248,0.3,0.7,-0.13
2026-09-27T22:10,,237.9,,,,0.0,0.0,0.0,1025.0,1225.4,5.63,0.0,0.0,7.8,5.8,8.8,81.7,0.08,0.207,0.1,0.3,0.05
2026-09-27T22:30,,330.2,,,,0.0,0.0,0.0,1025.2,1225.7,5.51,0.0,0.0,7.6,5.5,8.8,80.0,0.15,0.227,0.3,0.7,-0.26
2026-09-27T22:40,,353.7,,,,0.0,0.0,0.0,1025.4,1226.1,5.55,0.0,0.0,7.2,5.6,8.6,81.7,0.07,0.204,0.6,0.8,-0.6
2026-09-27T22:50,,332.7,,,,0.0,0.0,0.0,1025.5,1226.2,5.52,0.0,0.0,7.3,5.6,8.6,81.3,0.18,0.209,0.4,0.7,-0.36
2026-09-27T23:00,,313.6,,,,0.0,0.0,0.0,1025.6,1226.5,5.41,0.0,0.0,7.0,5.3,8.4,80.7,0.36,0.213,0.5,0.7,-0.34
2026-09-27T23:10,,356.5,,,,0.0,0.0,0.0,1025.6,1226.4,5.52,0.0,0.0,6.9,5.6,8.5,81.9,0.05,0.201,0.9,1.3,-0.9
2026-09-27T23:20,,323.9,,,,0.0,0.0,0.0,1025.6,1226.5,5.51,0.0,0.0,6.8,5.6,8.4,82.3,0.47,0.195,0.8,1.3,-0.65
2026-09-27T23:30,,341.1,,,,0.0,0.0,0.0,1025.7,1226.6,5.44,0.0,0.0,6.9,5.4,8.4,81.2,0.23,0.207,0.7,1.0,-0.66
2026-09-27T23:40,,315.3,,,,0.0,0.0,0.0,1025.8,1226.8,5.38,0.0,0.0,6.8,5.2,8.2,81.4,0.28,0.202,0.4,0.7,-0.28
2026-09-27T23:50,,341.2,,,,0.0,0.0,0.0,1025.6,1226.5,5.39,0.0,0.0,7.2,5.2,8.4,80.5,0.06,0.215,0.2,0.5,-0.19
2026-09-28T00:00,,290.0,,,,0.0,0.0,0.0,1025.8,1226.9,5.33,0.0,0.0,6.5,5.1,8.1,81.2,0.66,0.203,0.7,1.2,-0.24
2026-09-28T00:10,,316.3,,,,0.0,0.0,0.0,1025.7,1226.7,5.35,0.0,0.0,7.0,5.1,8.2,81.0,0.14,0.207,0.2,0.8,-0.14
2026-09-28T00:20,,285.8,,,,0.0,0.0,0.0,1025.7,1226.7,5.37,0.0,0.0,6.7,5.2,8.3,80.7,0.67,0.211,0.7,1.4,-0.19
2026-09-28T00:30,,299.9,,,,0.0,0.0,0.0,1025.7,1226.6,5.39,0.0,0.0,7.1,5.2,8.4,80.4,0.26,0.216,0.3,0.7,-0.15
2026-09-28T00:40,,248.4,,,,0.0,0.0,0.0,1025.9,1227.1,5.27,0.0,0.0,6.6,4.9,8.0,80.9,0.37,0.205,0.4,0.7,0.15
2026-09-28T00:50,,320.6,,,,0.0,0.0,0.0,1025.9,1227.0,5.31,0.0,0.0,6.6,5.0,8.1,81.0,0.32,0.205,0.5,1.1,-0.39
2026-09-28T01:10,,331.6,,,,0.0,0.0,0.0,1025.9,1227.2,5.33,0.0,0.0,6.6,5.1,7.9,82.4,0.14,0.188,0.3,0.6,-0.26
2026-09-28T01:20,,335.9,,,,0.0,0.0,0.0,1025.7,1226.8,5.37,0.0,0.0,6.7,5.2,8.1,81.8,0.16,0.197,0.4,0.8,-0.37
2026-09-28T01:30,,338.4,,,,0.0,0.0,0.0,1025.7,1226.7,5.5,0.0,0.0,6.7,5.5,8.2,83.2,0.26,0.183,0.7,1.2,-0.65
2026-09-28T01:40,,350.0,,,,0.0,0.0,0.0,1025.7,1226.8,5.34,0.0,0.0,6.4,5.1,8.1,81.4,0.14,0.201,0.8,1.1,-0.79
2026-09-28T01:50,,315.5,,,,0.0,0.0,0.0,1025.9,1227.2,5.31,0.0,0.0,6.3,5.0,7.9,82.0,0.49,0.192,0.7,1.3,-0.5
2026-09-28T02:00,,338.7,,,,0.0,0.0,0.0,1025.5,1226.3,5.54,0.0,0.0,6.7,5.6,8.5,82.1,0.44,0.199,1.2,1.6,-1.12
2026-09-28T02:10,,12.3,,,,0.0,0.0,0.0,1025.6,1226.5,5.49,0.0,0.0,7.1,5.5,8.4,82.0,-0.09,0.198,0.4,1.1,-0.39
2026-09-28T02:20,,301.4,,,,0.0,0.0,0.0,1025.6,1226.5,5.56,0.0,0.0,7.2,5.7,8.3,83.6,0.09,0.18,0.1,0.4,-0.05
2026-09-28T02:30,,308.3,,,,0.0,0.0,0.0,1025.7,1226.8,5.44,0.0,0.0,6.8,5.4,8.1,82.9,0.31,0.185,0.4,0.7,-0.25
2026-09-28T02:40,,0.2,,,,0.0,0.0,0.0,1025.5,1226.4,5.38,0.0,0.0,6.7,5.2,8.3,80.8,-0.0,0.21,0.8,1.4,-0.8
2026-09-28T02:50,,346.3,,,,0.0,0.0,0.0,1025.4,1226.2,5.39,0.0,0.0,6.8,5.2,8.4,80.4,0.19,0.216,0.8,1.6,-0.78
2026-09-28T03:00,,353.4,,,,0.0,0.0,0.0,1025.4,1226.2,5.37,0.0,0.0,6.9,5.2,8.4,80.1,0.07,0.219,0.6,0.9,-0.6
2026-09-28T03:10,,325.2,,,,0.0,0.0,0.0,1025.4,1226.3,5.45,0.0,0.0,6.7,5.4,8.3,81.9,0.46,0.198,0.8,1.2,-0.66
2026-09-28T03:20,,286.9,,,,0.0,0.0,0.0,1025.6,1226.8,5.35,0.0,0.0,6.3,5.1,7.9,82.7,0.67,0.184,0.7,1.1,-0.2
2026-09-28T03:30,,326.6,,,,0.0,0.0,0.0,1025.7,1227.0,5.33,0.0,0.0,6.3,5.1,7.8,82.9,0.33,0.181,0.6,0.9,-0.5
2026-09-28T03:40,,322.0,,,,0.0,0.0,0.0,1025.8,1227.4,5.27,0.0,0.0,5.9,4.9,7.5,83.7,0.43,0.169,0.7,1.0,-0.55
2026-09-28T03:50,,332.8,,,,0.0,0.0,0.0,1025.6,1226.9,5.29,0.0,0.0,6.5,5.0,7.8,82.3,0.14,0.187,0.3,0.6,-0.27
2026-09-28T04:00,,274.9,,,,0.0,0.0,0.0,1025.6,1227.0,5.19,0.0,0.0,6.4,4.7,7.7,81.3,0.2,0.197,0.2,0.9,-0.02
2026-09-28T04:10,,248.5,,,,0.0,0.0,0.0,1025.5,1226.7,5.17,0.0,0.0,6.4,4.6,7.9,79.9,0.37,0.214,0.4,0.9,0.15
2026-09-28T04:20,,155.3,,,,0.0,0.0,0.0,1025.4,1226.6,5.25,0.0,0.0,6.7,4.9,7.9,81.1,-0.04,0.201,0.1,0.6,0.09
2026-09-28T04:30,,303.4,,,,0.0,0.0,0.0,1025.8,1227.5,5.07,0.0,0.0,5.6,4.4,7.3,81.6,0.58,0.188,0.7,1.1,-0.39
2026-09-28T04:40,,317.3,,,,0.0,0.0,0.0,1026.0,1228.0,5.05,0.0,0.0,5.1,4.3,7.0,82.9,0.61,0.171,0.9,1.3,-0.66
2026-09-28T04:50,,328.1,,,,0.0,0.0,0.0,1025.7,1227.5,5.13,0.0,0.0,5.6,4.5,7.2,83.1,0.32,0.172,0.6,1.0,-0.51
2026-09-28T05:00,,358.6,,,,0.0,0.0,0.0,1025.5,1227.0,5.2,0.0,0.0,6.0,4.7,7.5,82.6,0.01,0.18,0.5,0.8,-0.5
2026-09-28T05:10,,298.8,,,,0.0,0.0,0.0,1025.5,1227.0,5.24,0.0,0.0,6.0,4.8,7.5,83.2,0.44,0.174,0.5,0.9,-0.24
2026-09-28T05:20,,338.0,,,,0.0,0.0,0.0,1025.5,1227.1,5.11,0.0,0.0,6.0,4.5,7.4,81.7,0.11,0.188,0.3,1.0,-0.28
2026-09-28T05:30,,222.2,,,,0.0,0.0,0.0,1025.8,1227.7,5.07,0.0,0.0,5.7,4.4,7.1,82.8,0.13,0.174,0.2,1.9,0.15
2026-09-28T05:40,,295.2,,,,0.0,0.0,0.0,1025.9,1228.1,4.96,0.0,0.0,5.1,4.0,6.7,83.2,0.36,0.165,0.4,0.5,-0.17
2026-09-28T05:50,,324.4,,,,0.0,0.0,0.0,1025.9,1228.1,4.92,0.0,0.0,5.0,3.9,6.7,82.6,0.29,0.171,0.5,0.9,-0.41
2026-09-28T06:00,,318.0,,,,0.0,0.0,0.0,1025.9,1228.2,4.98,0.0,0.0,4.7,4.1,6.6,84.1,0.54,0.155,0.8,1.0,-0.59
2026-09-28T06:10,,293.5,,,,0.0,0.0,0.0,1025.8,1228.1,4.97,0.0,0.0,4.8,4.1,6.6,83.9,0.64,0.157,0.7,1.6,-0.28
2026-09-28T06:20,,332.7,,,,0.0,0.0,0.0,1025.6,1227.5,5.0,0.0,0.0,5.0,4.2,7.0,82.2,0.46,0.178,1.0,1.9,-0.89
2026-09-28T06:30,,314.1,,,,0.0,0.0,0.0,1025.5,1227.4,4.93,0.0,0.0,5.2,4.0,7.0,81.0,0.5,0.19,0.7,1.4,-0.49
2026-09-28T06:40,,338.8,,,,0.0,0.0,0.0,1025.0,1226.4,5.02,0.0,0.0,5.5,4.2,7.6,79.1,0.43,0.218,1.2,2.5,-1.12
2026-09-28T06:50,,346.8,,,,0.0,0.0,0.0,1024.9,1226.0,4.98,0.0,0.0,6.0,4.1,7.9,76.8,0.18,0.247,0.8,2.0,-0.78
2026-09-28T07:00,,18.7,,,,0.0,0.0,0.0,1024.3,1224.8,5.35,0.0,0.0,5.1,5.1,8.5,79.3,-1.06,0.23,3.3,4.7,-3.13
2026-09-28T07:10,,317.4,,,,0.0,0.0,0.0,1024.3,1224.7,4.92,0.1,0.0,6.8,3.9,8.6,72.4,0.47,0.308,0.7,2.9,-0.52
2026-09-28T07:20,,298.3,,,,0.0,0.0,0.0,1024.6,1225.5,4.7,2.4,0.0,6.0,3.3,8.1,71.5,0.79,0.308,0.9,2.2,-0.43
2026-09-28T07:30,,351.0,,,,0.0,0.0,0.0,1024.3,1224.7,4.83,5.7,0.0,5.7,3.6,8.7,70.6,0.36,0.331,2.3,3.2,-2.27
2026-09-28T07:40,,352.8,,,,0.0,0.0,0.0,1024.3,1224.5,4.77,9.4,0.0,6.3,3.5,8.9,68.8,0.21,0.356,1.7,3.2,-1.69
2026-09-28T07:50,,8.8,,,,0.0,0.0,0.0,1024.1,1224.0,5.08,12.7,0.0,6.2,4.4,9.3,71.3,-0.4,0.336,2.6,4.6,-2.57
2026-09-28T08:00,,328.5,,,,0.0,0.0,0.0,1024.8,1225.6,4.74,16.6,0.0,6.4,3.4,8.3,71.2,0.31,0.315,0.6,2.2,-0.51
2026-09-28T08:10,,358.5,,,,0.0,0.0,0.0,1024.5,1224.9,4.8,19.3,0.0,5.8,3.6,8.7,70.2,0.05,0.335,2.1,3.8,-2.1
2026-09-28T08:20,,8.0,,,,0.0,0.0,0.0,1024.1,1224.0,5.18,21.8,0.0,5.2,4.6,9.3,72.7,-0.57,0.32,4.1,5.6,-4.06
2026-09-28T08:30,,1.7,,,,0.0,0.0,0.0,1024.1,1223.9,5.16,24.6,0.0,5.9,4.6,9.4,71.9,-0.1,0.331,3.3,5.1,-3.3
2026-09-28T08:40,,350.1,,,,0.0,0.0,0.0,1024.0,1223.6,4.96,27.4,0.0,6.2,4.0,9.6,68.2,0.52,0.38,3.0,5.0,-2.96
2026-09-28T08:50,,1.7,,,,0.0,0.0,0.0,1023.7,1223.0,5.04,30.6,0.0,5.3,4.2,9.9,67.9,-0.14,0.392,4.8,6.5,-4.8
2026-09-28T09:10,,5.0,,,,0.0,0.0,0.0,1023.0,1221.5,5.47,300.3,600.0,5.6,5.4,10.8,69.4,-0.51,0.396,5.9,7.6,-5.88
2026-09-28T09:20,,3.4,,,,0.0,0.0,0.0,1022.6,1220.7,5.37,330.5,600.0,5.8,5.1,11.3,65.8,-0.37,0.458,6.3,7.5,-6.29
2026-09-28T09:30,,359.7,,,,0.0,0.0,0.0,1022.6,1220.6,5.46,360.5,599.0,6.1,5.4,11.4,66.5,0.03,0.452,6.1,7.0,-6.1
2026-09-28T09:40,,2.8,,,,0.0,0.0,0.0,1022.2,1219.8,5.54,389.1,600.0,7.0,5.6,11.9,65.2,-0.27,0.485,5.6,7.1,-5.59
2026-09-28T09:50,,4.4,,,,0.0,0.0,0.0,1021.9,1219.0,5.65,416.4,600.0,7.4,5.9,12.4,64.4,-0.44,0.513,5.8,7.0,-5.78
2026-09-28T10:00,,4.9,,,,0.0,0.0,0.0,1021.6,1218.4,5.63,443.1,599.0,7.7,5.8,12.8,62.5,-0.5,0.554,5.9,7.7,-5.88
2026-09-28T10:10,,3.5,,,,0.0,0.0,0.0,1021.4,1217.8,5.71,468.2,600.0,8.5,6.0,13.2,61.7,-0.33,0.581,5.4,6.3,-5.39
2026-09-28T10:20,,0.7,,,,0.0,0.0,0.0,1021.0,1217.0,5.62,492.4,600.0,9.4,5.8,13.7,58.8,-0.06,0.646,4.8,6.6,-4.8
2026-09-28T10:30,,359.6,,,,0.0,0.0,0.0,1020.6,1216.1,5.66,515.5,600.0,9.9,5.9,14.3,56.9,0.03,0.703,4.9,6.1,-4.9
2026-09-28T10:40,,358.5,,,,0.0,0.0,0.0,1020.3,1215.4,5.7,537.2,598.0,11.0,6.0,14.8,55.5,0.11,0.749,4.1,5.3,-4.1
2026-09-28T10:50,,349.0,,,,0.0,0.0,0.0,1020.0,1214.7,5.53,557.6,600.0,11.7,5.5,15.2,52.4,0.69,0.822,3.6,5.9,-3.53
2026-09-28T11:00,,352.5,,,,0.0,0.0,0.0,1019.4,1213.5,5.47,577.9,600.0,12.5,5.4,15.9,49.6,0.44,0.911,3.4,4.7,-3.37
2026-09-28T11:10,,16.1,,,,0.0,0.0,0.0,1019.0,1212.6,5.62,595.8,600.0,13.1,5.7,16.5,49.0,-0.94,0.957,3.4,4.1,-3.27
2026-09-28T11:20,,5.9,,,,0.0,0.0,0.0,1018.7,1212.0,5.84,613.3,600.0,13.5,6.3,16.8,49.9,-0.36,0.959,3.5,4.2,-3.48
2026-09-28T11:30,,5.8,,,,0.0,0.0,0.0,1018.5,1211.6,5.72,629.4,600.0,13.9,6.0,17.0,48.3,-0.31,1.002,3.1,3.9,-3.08
2026-09-28T11:50,,13.3,,,,0.0,0.0,0.0,1018.0,1210.5,5.98,654.9,599.0,14.4,6.6,17.7,48.3,-0.83,1.047,3.6,4.6,-3.5
2026-09-28T12:00,,1.1,,,,0.0,0.0,0.0,1017.7,1209.9,5.83,666.3,600.0,14.6,6.3,18.1,45.9,-0.07,1.124,3.8,4.6,-3.8
2026-09-28T12:10,,4.9,,,,0.0,0.0,0.0,1017.4,1209.3,5.82,676.6,600.0,15.1,6.2,18.4,44.9,-0.29,1.166,3.4,4.3,-3.39
2026-09-28T12:20,,14.9,,,,0.0,0.0,0.0,1017.0,1208.4,6.04,684.4,599.0,16.3,6.8,19.0,44.9,-0.72,1.211,2.8,3.9,-2.71
2026-09-28T12:30,,9.3,,,,0.0,0.0,0.0,1016.9,1208.2,5.92,691.1,600.0,16.7,6.5,19.1,43.7,-0.36,1.245,2.2,2.7,-2.17
2026-09-28T12:40,,40.0,,,,0.0,0.0,0.0,1016.7,1207.9,5.92,697.0,600.0,17.5,6.5,19.3,43.2,-0.9,1.272,1.4,2.9,-1.07
2026-09-28T12:50,,112.5,,,,0.0,0.0,0.0,1016.7,1207.9,5.75,699.8,598.0,18.0,6.0,19.3,41.9,-0.46,1.301,0.5,1.8,0.19
2026-09-28T13:00,0.0,162.3,2.35,2.9,5.9,0.0,0.0,0.0,1016.6,1207.7,6.63,701.8,600.0,17.0,8.1,19.3,48.3,-0.82,1.157,2.7,4.2,2.57
2026-09-28T13:10,,163.5,,,,0.0,0.0,0.0,1016.7,1208.1,6.87,702.8,599.0,16.0,8.6,18.9,51.3,-1.05,1.063,3.7,4.7,3.55
2026-09-28T13:20,,168.5,,,,0.0,0.0,0.0,1016.9,1208.7,6.93,701.1,600.0,15.7,8.8,18.5,53.1,-0.72,0.999,3.6,5.2,3.53
2026-09-28T13:30,,166.6,,,,0.0,0.0,0.0,1016.9,1208.7,6.68,697.0,600.0,15.5,8.2,18.4,51.5,-0.83,1.026,3.6,5.2,3.5
2026-09-28T13:40,,168.0,,,,0.0,0.0,0.0,1016.8,1208.6,6.57,692.4,600.0,15.6,8.0,18.4,50.7,-0.71,1.043,3.4,5.1,3.33
2026-09-28T13:50,,172.6,,,,0.0,0.0,0.0,1016.7,1208.4,6.53,686.2,600.0,15.7,7.9,18.6,49.7,-0.44,1.078,3.4,5.9,3.37
2026-09-28T14:00,,182.0,,,,0.0,0.0,0.0,1016.7,1208.4,6.51,678.0,599.0,16.0,7.8,18.5,49.9,0.1,1.067,2.8,5.9,2.8
2026-09-28T14:10,,184.9,,,,0.0,0.0,0.0,1016.7,1208.5,6.47,668.1,600.0,15.4,7.8,18.4,49.9,0.3,1.06,3.5,5.8,3.49
2026-09-28T14:20,,191.6,,,,0.0,0.0,0.0,1016.6,1208.3,6.54,656.1,599.0,15.8,7.9,18.5,50.1,0.64,1.063,3.2,5.5,3.13
2026-09-28T14:30,,189.7,,,,0.0,0.0,0.0,1016.6,1208.4,6.65,642.9,600.0,15.9,8.2,18.4,51.3,0.51,1.031,3.0,5.5,2.96
2026-09-28T14:40,,191.0,,,,0.0,0.0,0.0,1016.5,1208.3,6.78,629.5,600.0,15.6,8.4,18.3,52.6,0.65,0.997,3.4,5.1,3.34
2026-09-28T14:50,,189.4,,,,0.0,0.0,0.0,1016.4,1208.1,6.83,616.1,600.0,16.1,8.5,18.5,52.3,0.49,1.016,3.0,4.9,2.96
2026-09-28T15:00,,189.4,,,,0.0,0.0,0.0,1016.4,1208.1,6.62,600.0,598.0,15.6,8.1,18.5,50.7,0.57,1.05,3.5,5.9,3.45
2026-09-28T15:10,,189.2,,,,0.0,0.0,0.0,1016.4,1208.0,6.71,581.8,600.0,15.8,8.3,18.6,51.1,0.54,1.048,3.4,5.7,3.36
2026-09-28T15:20,,195.6,,,,0.0,0.0,0.0,1016.3,1208.0,6.65,562.0,600.0,15.3,8.1,18.5,50.9,1.05,1.046,3.9,5.4,3.76
2026-09-28T15:30,,193.4,,,,0.0,0.0,0.0,1016.3,1208.0,6.68,541.2,600.0,15.6,8.2,18.5,51.2,0.81,1.039,3.5,5.5,3.4
2026-09-28T15:40,,196.2,,,,0.0,0.0,0.0,1016.4,1208.3,6.53,521.6,599.0,14.8,7.9,18.2,51.0,1.17,1.024,4.2,5.8,4.03
2026-09-28T15:50,,201.8,,,,0.0,0.0,0.0,1016.5,1208.5,6.58,498.1,600.0,14.4,8.0,18.0,52.0,1.67,0.991,4.5,6.0,4.18
2026-09-28T16:00,,211.3,,,,0.0,0.0,0.0,1016.4,1208.4,6.45,473.2,599.0,14.3,7.7,18.0,51.0,2.34,1.011,4.5,6.3,3.85
2026-09-28T16:10,,211.1,,,,0.0,0.0,0.0,1016.5,1208.7,6.24,365.1,600.0,14.1,7.2,17.8,50.0,2.27,1.019,4.4,6.1,3.77
2026-09-28T16:20,,207.1,,,,0.0,0.0,0.0,1016.9,1209.5,6.11,310.9,508.0,13.9,6.9,17.3,50.5,1.73,0.978,3.8,5.6,3.38
2026-09-28T16:30,,207.8,,,,0.0,0.0,0.0,1017.3,1210.4,6.25,117.4,179.0,12.8,7.3,16.7,53.7,2.15,0.88,4.6,6.4,4.07
2026-09-28T16:40,,218.1,,,,0.0,0.0,0.0,1017.7,1211.3,6.01,56.9,60.0,12.5,6.7,16.1,53.7,2.47,0.847,4.0,5.4,3.15
2026-09-28T16:50,,221.2,,,,0.0,0.0,0.0,1017.8,1211.5,5.9,84.3,136.0,12.4,6.4,16.0,53.0,2.57,0.855,3.9,5.8,2.93
2026-09-28T17:00,,213.2,,,,0.0,0.0,0.0,1017.9,1211.7,6.1,80.3,79.0,12.9,6.9,15.9,55.2,1.81,0.809,3.3,4.9,2.76
2026-09-28T17:10,,213.2,,,,0.0,0.0,0.0,1018.2,1212.3,6.17,37.7,0.0,12.3,7.1,15.6,56.9,2.08,0.764,3.8,5.8,3.18
2026-09-28T17:20,,215.7,,,,0.0,0.0,0.0,1018.4,1212.7,6.3,33.4,0.0,12.1,7.4,15.3,59.2,2.16,0.709,3.7,5.3,3.0
2026-09-28T17:30,,215.4,,,,0.0,0.0,0.0,1018.6,1213.0,6.33,35.3,0.0,11.9,7.5,15.2,59.9,2.2,0.693,3.8,5.2,3.1
2026-09-28T17:40,,213.9,,,,0.0,0.0,0.0,1018.8,1213.5,6.51,39.1,0.0,11.6,7.9,14.9,62.8,2.23,0.63,4.0,6.4,3.32
2026-09-28T17:50,,217.7,,,,0.0,0.0,0.0,1019.0,1213.8,6.58,41.4,0.0,11.6,8.0,14.8,63.9,2.38,0.608,3.9,6.2,3.09
2026-09-28T18:00,,221.0,,,,0.0,0.0,0.0,1019.0,1213.7,6.6,47.8,0.0,12.0,8.1,14.9,63.7,2.3,0.615,3.5,5.5,2.64
2026-09-28T18:10,,213.9,,,,0.0,0.0,0.0,1019.0,1213.7,6.58,45.8,0.0,12.7,8.0,14.9,63.5,1.39,0.618,2.5,3.8,2.08
2026-09-28T18:20,,205.4,,,,0.0,0.0,0.0,1019.1,1213.9,6.51,27.2,0.0,12.9,7.9,14.9,62.8,0.9,0.63,2.1,3.2,1.9
2026-09-28T18:30,,209.4,,,,0.0,0.0,0.0,1019.5,1214.6,6.49,16.6,0.0,12.7,7.8,14.5,64.3,0.88,0.589,1.8,4.5,1.57
2026-09-28T18:40,,184.3,,,,0.0,0.0,0.0,1020.2,1216.0,6.5,13.9,0.0,12.2,7.9,13.7,67.9,0.11,0.503,1.5,2.2,1.5
2026-09-28T18:50,,200.2,,,,0.0,0.0,0.0,1020.3,1216.1,6.43,7.1,0.0,11.9,7.7,13.8,66.7,0.66,0.525,1.9,2.6,1.78
2026-09-28T19:00,,210.9,,,,0.0,0.0,0.0,1020.4,1216.3,6.34,3.0,0.0,11.7,7.5,13.7,66.2,1.03,0.53,2.0,2.9,1.72
2026-09-28T19:10,,209.4,,,,0.0,0.0,0.0,1020.9,1217.2,6.43,0.4,0.0,11.4,7.7,13.3,69.0,0.93,0.473,1.9,3.5,1.66
2026-09-28T19:20,,201.3,,,,0.0,0.0,0.0,1021.3,1218.0,6.44,0.0,0.0,11.2,7.8,12.8,71.4,0.58,0.423,1.6,2.7,1.49
2026-09-28T19:30,,174.3,,,,0.0,0.0,0.0,1021.8,1219.1,6.53,0.0,0.0,10.9,8.0,12.2,75.3,-0.12,0.351,1.2,2.0,1.19
2026-09-28T19:40,,165.2,,,,0.0,0.0,0.0,1022.1,1219.7,6.5,0.0,0.0,10.5,7.9,11.8,77.0,-0.28,0.318,1.1,1.4,1.06
2026-09-28T19:50,,165.7,,,,0.0,0.0,0.0,1022.4,1220.2,6.48,0.0,0.0,10.4,7.9,11.6,77.8,-0.25,0.303,1.0,1.7,0.97
2026-09-28T20:00,,204.1,,,,0.0,0.0,0.0,1022.4,1220.1,6.47,0.0,0.0,10.4,7.8,11.7,77.2,0.45,0.314,1.1,1.5,1.0
2026-09-28T20:10,,190.0,,,,0.0,0.0,0.0,1022.5,1220.3,6.45,0.0,0.0,10.0,7.8,11.6,77.5,0.26,0.307,1.5,1.9,1.48
2026-09-28T20:20,,177.8,,,,0.0,0.0,0.0,1022.7,1220.6,6.44,0.0,0.0,9.9,7.8,11.5,77.9,-0.06,0.3,1.5,2.4,1.5
2026-09-28T20:30,,262.9,,,,0.0,0.0,0.0,1023.4,1222.1,6.41,0.0,0.0,9.7,7.7,10.7,81.8,0.69,0.234,0.7,1.0,0.09
2026-09-28T20:40,,209.7,,,,0.0,0.0,0.0,1023.2,1221.6,6.4,0.0,0.0,10.0,7.7,11.0,80.0,0.3,0.263,0.6,1.2,0.52
2026-09-28T20:50,,209.5,,,,0.0,0.0,0.0,1023.1,1221.3,6.31,0.0,0.0,10.1,7.5,11.3,77.3,0.39,0.304,0.8,1.1,0.7
2026-09-28T21:00,,207.6,,,,0.0,0.0,0.0,1023.2,1221.5,6.34,0.0,0.0,10.0,7.5,11.2,78.2,0.42,0.29,0.9,1.4,0.8
2026-09-28T21:10,,187.1,,,,0.0,0.0,0.0,1023.5,1222.1,6.28,0.0,0.0,9.7,7.4,10.9,79.1,0.11,0.273,0.9,1.6,0.89
2026-09-28T21:20,,208.7,,,,0.0,0.0,0.0,1023.6,1222.4,6.32,0.0,0.0,9.0,7.5,10.6,81.2,0.67,0.24,1.4,2.2,1.23
2026-09-28T21:30,,199.9,,,,0.0,0.0,0.0,1023.6,1222.3,6.35,0.0,0.0,8.9,7.6,10.7,81.0,0.61,0.244,1.8,2.5,1.69
2026-09-28T21:40,,216.7,,,,0.0,0.0,0.0,1024.0,1223.2,6.23,0.0,0.0,8.9,7.3,10.2,82.2,0.6,0.222,1.0,1.5,0.8
2026-09-28T21:50,,218.4,,,,0.0,0.0,0.0,1023.8,1222.7,6.22,0.0,0.0,9.0,7.3,10.5,80.5,0.81,0.248,1.3,2.0,1.02
2026-09-28T22:00,,198.3,,,,0.0,0.0,0.0,1023.9,1222.8,6.28,0.0,0.0,8.9,7.4,10.5,81.2,0.44,0.239,1.4,1.9,1.33
2026-09-28T22:10,,206.9,,,,0.0,0.0,0.0,1024.1,1223.2,6.25,0.0,0.0,8.5,7.3,10.3,81.9,0.77,0.227,1.7,2.1,1.52
2026-09-28T22:20,,222.7,,,,0.0,0.0,0.0,1024.1,1223.1,6.25,0.0,0.0,8.8,7.3,10.4,81.4,0.95,0.235,1.4,1.9,1.03
2026-09-28T22:30,,204.1,,,,0.0,0.0,0.0,1024.3,1223.7,6.21,0.0,0.0,8.4,7.3,10.0,83.1,0.57,0.208,1.4,1.8,1.28
2026-09-28T22:40,,218.8,,,,0.0,0.0,0.0,1024.4,1223.9,6.23,0.0,0.0,8.7,7.3,9.9,83.9,0.5,0.196,0.8,1.9,0.62
2026-09-28T22:50,,305.2,,,,0.0,0.0,0.0,1024.5,1224.1,6.19,0.0,0.0,8.8,7.2,9.8,83.9,0.41,0.195,0.5,0.7,-0.29
2026-09-28T23:00,,332.3,,,,0.0,0.0,0.0,1024.6,1224.3,6.18,0.0,0.0,8.7,7.2,9.6,85.0,0.14,0.179,0.3,0.8,-0.27
2026-09-28T23:10,,258.6,,,,0.0,0.0,0.0,1024.9,1225.0,6.26,0.0,0.0,8.4,7.4,9.2,88.4,0.2,0.135,0.2,0.4,0.04
2026-09-28T23:20,,254.9,,,,0.0,0.0,0.0,1025.0,1225.2,6.2,0.0,0.0,8.2,7.2,9.1,88.2,0.39,0.136,0.4,0.7,0.1
2026-09-28T23:30,,234.3,,,,0.0,0.0,0.0,1025.1,1225.5,6.04,0.0,0.0,7.8,6.9,8.9,87.1,0.41,0.147,0.5,0.8,0.29
2026-09-28T23:40,,250.4,,,,0.0,0.0,0.0,1025.3,1225.8,6.02,0.0,0.0,7.8,6.8,8.8,87.4,0.38,0.143,0.4,1.0,0.13
2026-09-28T23:50,,264.3,,,,0.0,0.0,0.0,1025.3,1225.7,6.06,0.0,0.0,8.0,6.9,8.9,87.4,0.3,0.144,0.3,0.6,0.03
2026-09-29T00:00,,279.0,,,,0.0,0.0,0.0,1025.2,1225.5,6.16,0.0,0.0,8.1,7.2,9.0,88.2,0.3,0.135,0.3,0.6,-0.05
2026-09-29T00:10,,105.6,,,,0.0,0.0,0.0,1025.2,1225.6,6.19,0.0,0.0,8.1,7.2,8.9,89.3,-0.19,0.122,0.2,0.6,0.05
2026-09-29T00:20,,279.2,,,,0.0,0.0,0.0,1025.6,1226.4,6.09,0.0,0.0,7.3,7.0,8.5,90.2,0.69,0.109,0.7,1.5,-0.11
2026-09-29T00:30,,273.3,,,,0.0,0.0,0.0,1025.5,1226.0,6.03,0.0,0.0,7.9,6.9,8.8,87.6,0.3,0.14,0.3,0.9,-0.02
2026-09-29T00:40,,234.5,,,,0.0,0.0,0.0,1025.4,1225.8,6.16,0.0,0.0,8.2,7.2,8.9,88.8,0.08,0.128,0.1,0.8,0.06
2026-09-29T00:50,,290.8,,,,0.0,0.0,0.0,1025.7,1226.5,6.02,0.0,0.0,7.4,6.8,8.5,89.2,0.47,0.12,0.5,0.8,-0.18
2026-09-29T01:10,,259.3,,,,0.0,0.0,0.0,1025.8,1226.6,6.01,0.0,0.0,7.5,6.8,8.5,89.1,0.29,0.121,0.3,0.3,0.06
2026-09-29T01:20,,223.5,,,,0.0,0.0,0.0,1025.9,1226.8,5.91,0.0,0.0,7.5,6.6,8.4,88.2,0.14,0.13,0.2,0.4,0.15
2026-09-29T01:30,,237.1,,,,0.0,0.0,0.0,1026.1,1227.3,5.84,0.0,0.0,6.8,6.4,8.1,89.0,0.5,0.119,0.6,1.3,0.33
2026-09-29T01:40,,186.6,,,,0.0,0.0,0.0,1026.0,1227.0,5.93,0.0,0.0,7.0,6.6,8.3,89.2,0.08,0.118,0.7,1.1,0.7
2026-09-29T01:50,,244.6,,,,0.0,0.0,0.0,1025.7,1226.3,6.08,0.0,0.0,7.1,7.0,8.7,88.9,1.17,0.125,1.3,1.7,0.56
2026-09-29T02:00,,210.8,,,,0.0,0.0,0.0,1025.7,1226.4,5.92,0.0,0.0,7.2,6.6,8.6,87.1,0.41,0.144,0.8,1.3,0.69
2026-09-29T02:10,,201.3,,,,0.0,0.0,0.0,1025.6,1226.1,5.98,0.0,0.0,7.4,6.7,8.9,86.3,0.4,0.156,1.1,1.5,1.02
2026-09-29T02:20,,234.7,,,,0.0,0.0,0.0,1026.3,1227.7,5.79,0.0,0.0,6.7,6.3,7.9,89.5,0.41,0.112,0.5,1.1,0.29
2026-09-29T02:30,,120.1,,,,0.0,0.0,0.0,1026.4,1227.8,5.87,0.0,0.0,6.9,6.5,7.9,90.7,-0.17,0.099,0.2,0.8,0.1
2026-09-29T02:40,,259.9,,,,0.0,0.0,0.0,1026.6,1228.3,5.77,0.0,0.0,6.7,6.2,7.6,91.0,0.1,0.094,0.1,0.2,0.02
2026-09-29T02:50,,238.8,,,,0.0,0.0,0.0,1026.8,1228.8,5.62,0.0,0.0,6.0,5.8,7.2,91.1,0.26,0.09,0.3,0.7,0.16
2026-09-29T03:00,,195.0,,,,0.0,0.0,0.0,1026.3,1227.5,5.83,0.0,0.0,7.0,6.4,8.1,88.8,0.1,0.121,0.4,0.9,0.39
2026-09-29T03:10,,208.0,,,,0.0,0.0,0.0,1026.0,1226.9,5.87,0.0,0.0,7.0,6.5,8.5,87.1,0.47,0.143,1.0,1.2,0.88
2026-09-29T03:20,,209.6,,,,0.0,0.0,0.0,1026.2,1227.4,5.71,0.0,0.0,6.4,6.1,8.1,87.0,0.59,0.14,1.2,1.4,1.04
2026-09-29T03:30,,198.0,,,,0.0,0.0,0.0,1026.4,1227.9,5.77,0.0,0.0,6.4,6.2,7.8,89.7,0.25,0.109,0.8,1.3,0.76
2026-09-29T03:40,,257.8,,,,0.0,0.0,0.0,1026.8,1228.7,5.66,0.0,0.0,5.7,5.9,7.3,91.1,0.98,0.091,1.0,1.6,0.21
2026-09-29T04:00,,118.6,,,,0.0,0.0,0.0,1026.7,1228.5,5.82,0.0,0.0,6.3,6.3,7.5,92.4,-0.44,0.079,0.5,0.9,0.24
2026-09-29T04:10,,320.6,,,,0.0,0.0,0.0,1027.0,1229.1,5.7,0.0,0.0,6.1,6.1,7.2,92.5,0.19,0.076,0.3,0.4,-0.23
2026-09-29T04:20,,275.7,,,,0.0,0.0,0.0,1026.8,1228.7,5.73,0.0,0.0,6.4,6.1,7.4,91.6,0.2,0.086,0.2,0.8,-0.02
2026-09-29T04:30,,185.4,,,,0.0,0.0,0.0,1026.7,1228.5,5.68,0.0,0.0,6.4,6.0,7.4,90.8,0.01,0.095,0.1,0.4,0.1
2026-09-29T04:40,,216.2,,,,0.0,0.0,0.0,1026.7,1228.5,5.65,0.0,0.0,6.3,5.9,7.4,90.4,0.18,0.099,0.3,0.4,0.24
2026-09-29T04:50,,105.9,,,,0.0,0.0,0.0,1026.7,1228.5,5.7,0.0,0.0,6.5,6.1,7.4,91.2,-0.0,0.091,0.0,0.3,0.0
2026-09-29T05:00,,88.4,,,,0.0,0.0,0.0,1026.7,1228.6,5.7,0.0,0.0,6.3,6.1,7.3,91.8,-0.2,0.084,0.2,0.7,-0.01
2026-09-29T05:10,,272.2,,,,0.0,0.0,0.0,1026.6,1228.5,5.71,0.0,0.0,6.3,6.1,7.3,91.9,0.2,0.083,0.2,0.5,-0.01
2026-09-29T05:20,,37.1,,,,0.0,0.0,0.0,1026.6,1228.6,5.72,0.0,0.0,6.1,6.1,7.2,92.7,-0.18,0.074,0.3,1.2,-0.24
2026-09-29T05:30,,264.6,,,,0.0,0.0,0.0,1026.8,1229.0,5.71,0.0,0.0,5.8,6.1,7.0,93.8,0.4,0.062,0.4,0.9,0.04
2026-09-29T05:40,,261.7,,,,0.0,0.0,0.0,1026.8,1229.0,5.62,0.0,0.0,5.7,5.9,7.0,92.4,0.49,0.076,0.5,1.2,0.07
2026-09-29T05:50,,194.8,,,,0.0,0.0,0.0,1026.7,1228.8,5.6,0.0,0.0,5.9,5.8,7.0,92.1,0.05,0.079,0.2,0.6,0.19
2026-09-29T06:00,,39.1,,,,0.0,0.0,0.0,1026.7,1228.9,5.67,0.0,0.0,5.9,6.0,6.9,93.9,-0.06,0.061,0.1,0.4,-0.08
2026-09-29T06:10,,283.6,,,,0.0,0.0,0.0,1026.6,1228.7,5.7,0.0,0.0,5.8,6.1,7.1,93.1,0.58,0.07,0.6,1.4,-0.14
2026-09-29T06:20,,62.1,,,,0.0,0.0,0.0,1026.4,1228.3,5.77,0.0,0.0,6.2,6.2,7.3,92.9,-0.27,0.073,0.3,0.6,-0.14
2026-09-29T06:30,,160.4,,,,0.0,0.0,0.0,1026.6,1228.8,5.65,0.0,0.0,5.9,5.9,6.9,93.5,-0.03,0.065,0.1,0.3,0.09
2026-09-29T06:40,,108.4,,,,0.0,0.0,0.0,1026.6,1228.8,5.69,0.0,0.0,5.8,6.0,6.9,94.1,-0.28,0.059,0.3,0.7,0.09
2026-09-29T06:50,,211.2,,,,0.0,0.0,0.0,1026.4,1228.3,5.73,0.0,0.0,6.1,6.1,7.2,92.8,0.16,0.073,0.3,0.5,0.26
2026-09-29T07:00,,86.0,,,,0.0,0.0,0.0,1026.3,1228.1,5.79,0.0,0.0,6.4,6.3,7.4,92.5,-0.2,0.077,0.2,0.9,-0.01
2026-09-29T07:10,,354.6,,,,0.0,0.0,0.0,1026.4,1228.3,5.83,0.2,0.0,6.4,6.4,7.3,93.8,0.01,0.063,0.1,1.4,-0.1
2026-09-29T07:20,,339.9,,,,0.0,0.0,0.0,1026.2,1227.9,5.85,2.5,0.0,6.5,6.4,7.5,92.9,0.07,0.074,0.2,0.4,-0.19
2026-09-29T07:30,,89.7,,,,0.0,0.0,0.0,1026.3,1228.1,5.84,5.8,0.0,6.4,6.4,7.4,93.3,-0.3,0.069,0.3,1.1,-0.0
2026-09-29T07:40,,301.9,,,,0.0,0.0,0.0,1026.3,1227.9,5.89,9.0,0.0,6.7,6.5,7.6,92.9,0.08,0.074,0.1,0.9,-0.05
2026-09-29T07:50,,91.7,,,,0.0,0.0,0.0,1026.2,1227.8,5.94,11.5,0.0,6.5,6.6,7.6,93.7,-0.5,0.066,0.5,0.7,0.01
2026-09-29T08:00,,51.1,,,,0.0,0.0,0.0,1025.9,1227.1,6.17,11.8,0.0,7.1,7.2,8.0,94.6,-0.23,0.058,0.3,0.4,-0.19
2026-09-29T08:10,,13.5,,,,0.0,0.0,0.0,1025.7,1226.6,6.31,13.7,0.0,7.5,7.5,8.4,94.1,-0.12,0.065,0.5,1.3,-0.49
2026-09-29T08:20,,356.1,,,,0.0,0.0,0.0,1025.5,1226.0,6.27,26.5,0.0,7.6,7.4,8.8,91.0,0.06,0.102,0.9,1.2,-0.9
2026-09-29T08:30,,15.0,,,,0.0,0.0,0.0,1025.3,1225.6,6.32,43.1,0.0,7.8,7.5,9.0,90.5,-0.23,0.109,0.9,1.2,-0.87
2026-09-29T08:40,,18.1,,,,0.0,0.0,0.0,1025.2,1225.4,6.37,52.4,0.0,8.0,7.6,9.2,90.0,-0.28,0.116,0.9,1.5,-0.86
2026-09-29T08:50,,2.0,,,,0.0,0.0,0.0,1025.2,1225.2,6.38,56.5,0.0,8.1,7.7,9.4,89.0,-0.04,0.13,1.1,1.6,-1.1
2026-09-29T09:00,,11.2,,,,0.0,0.0,0.0,1025.1,1224.9,6.39,63.0,0.0,8.5,7.7,9.6,87.9,-0.16,0.145,0.8,1.3,-0.78
2026-09-29T09:10,,30.6,,,,0.0,0.0,0.0,1025.0,1224.7,6.4,77.9,0.0,8.5,7.7,9.8,86.8,-0.56,0.16,1.1,1.5,-0.95
2026-09-29T09:20,,47.3,,,,0.0,0.0,0.0,1024.9,1224.4,6.33,93.7,0.0,8.9,7.5,10.0,84.7,-0.51,0.188,0.7,1.0,-0.47
2026-09-29T09:30,,36.6,,,,0.0,0.0,0.0,1024.7,1224.0,6.4,116.1,0.0,9.2,7.7,10.2,84.5,-0.42,0.193,0.7,1.1,-0.56
2026-09-29T09:40,,43.8,,,,0.0,0.0,0.0,1024.5,1223.6,6.42,134.8,0.0,9.4,7.7,10.4,83.6,-0.48,0.207,0.7,1.2,-0.51
2026-09-29T09:50,,163.4,,,,0.0,0.0,0.0,1024.4,1223.4,6.57,157.6,0.0,9.9,8.1,10.6,84.4,-0.09,0.199,0.3,1.4,0.29
2026-09-29T10:00,,136.0,,,,0.0,0.0,0.0,1023.9,1222.3,6.86,179.9,0.0,10.3,8.7,11.2,84.7,-0.63,0.204,0.9,2.0,0.65
2026-09-29T10:10,,140.4,,,,0.0,0.0,0.0,1023.5,1221.5,6.99,338.4,501.0,10.4,9.0,11.7,83.4,-1.02,0.228,1.6,3.2,1.23
2026-09-29T10:20,,126.9,,,,0.0,0.0,0.0,1023.2,1220.8,7.03,375.0,600.0,10.1,9.1,12.1,81.7,-2.08,0.258,2.6,4.3,1.56
2026-09-29T10:30,,140.5,,,,0.0,0.0,0.0,1023.3,1221.0,6.97,341.7,600.0,9.7,8.9,12.0,81.6,-1.84,0.258,2.9,5.0,2.24
2026-09-29T10:40,,153.3,,,,0.0,0.0,0.0,1022.8,1219.9,7.05,521.7,599.0,10.8,9.1,12.7,78.7,-1.12,0.313,2.5,3.6,2.23
2026-09-29T10:50,,152.1,,,,0.0,0.0,0.0,1022.4,1219.1,7.14,534.3,600.0,11.3,9.3,13.1,77.7,-1.08,0.336,2.3,4.2,2.03
2026-09-29T11:00,,182.3,,,,0.0,0.0,0.0,1022.2,1218.7,7.15,548.3,600.0,11.2,9.3,13.3,76.8,0.11,0.354,2.8,4.9,2.8
2026-09-29T11:10,,166.4,,,,0.0,0.0,0.0,1021.9,1218.0,7.22,573.4,600.0,11.4,9.4,13.8,75.0,-0.78,0.394,3.3,5.3,3.21
2026-09-29T11:20,,165.7,,,,0.0,0.0,0.0,1021.7,1217.5,7.27,592.7,600.0,11.8,9.5,14.2,73.6,-0.82,0.428,3.3,6.0,3.2
2026-09-29T11:30,,179.6,,,,0.0,0.0,0.0,1021.4,1217.0,7.32,609.4,600.0,12.1,9.6,14.4,73.1,-0.02,0.441,3.2,5.3,3.2
2026-09-29T11:40,,180.6,,,,0.0,0.0,0.0,1021.3,1216.8,7.36,623.2,599.0,12.2,9.7,14.5,73.0,0.03,0.446,3.2,5.2,3.2
2026-09-29T11:50,,170.6,,,,0.0,0.0,0.0,1021.2,1216.6,7.34,636.2,600.0,12.5,9.7,14.6,72.3,-0.49,0.46,3.0,5.4,2.96
2026-09-29T12:00,,181.7,,,,0.0,0.0,0.0,1021.1,1216.5,7.24,649.6,600.0,12.1,9.5,14.5,71.8,0.1,0.466,3.3,5.8,3.3
2026-09-29T12:10,,181.3,,,,0.0,0.0,0.0,1020.9,1216.1,7.31,660.0,600.0,12.4,9.6,14.8,71.1,0.08,0.487,3.4,5.8,3.4
2026-09-29T12:20,,174.3,,,,0.0,0.0,0.0,1020.8,1215.9,7.3,669.6,599.0,12.4,9.6,14.9,70.5,-0.35,0.5,3.5,5.6,3.48
2026-09-29T12:30,,173.8,,,,0.0,0.0,0.0,1020.8,1215.8,7.32,674.5,600.0,12.4,9.6,15.0,70.3,-0.4,0.506,3.7,6.1,3.68
2026-09-29T12:40,,184.1,,,,0.0,0.0,0.0,1020.8,1215.7,7.36,682.8,600.0,12.3,9.7,15.1,70.2,0.28,0.511,3.9,6.2,3.89
2026-09-29T12:50,,179.1,,,,0.0,0.0,0.0,1020.6,1215.4,7.38,688.2,599.0,13.0,9.7,15.3,69.5,-0.05,0.53,3.3,6.2,3.3
2026-09-29T13:00,0.0,168.2,1.73,1.3,6.5,0.0,0.0,0.0,1020.5,1215.2,7.33,696.8,600.0,12.6,9.7,15.4,68.6,-0.82,0.549,4.0,6.7,3.92
2026-09-29T13:10,,168.3,,,,0.0,0.0,0.0,1020.5,1215.2,7.37,682.7,600.0,12.1,9.7,15.3,69.4,-0.91,0.532,4.5,7.5,4.41
2026-09-29T13:20,,168.2,,,,0.0,0.0,0.0,1020.4,1215.0,7.38,668.6,600.0,12.7,9.7,15.5,68.6,-0.8,0.553,3.9,6.7,3.82
2026-09-29T13:30,,179.7,,,,0.0,0.0,0.0,1020.3,1214.8,7.43,659.3,600.0,12.9,9.8,15.6,68.6,-0.02,0.557,3.9,6.6,3.9
2026-09-29T13:40,,171.8,,,,0.0,0.0,0.0,1020.2,1214.6,7.4,630.9,600.0,13.0,9.8,15.7,67.9,-0.54,0.573,3.8,6.3,3.76
2026-09-29T13:50,,173.5,,,,0.0,0.0,0.0,1020.2,1214.7,7.38,617.1,599.0,12.5,9.7,15.5,68.6,-0.48,0.553,4.2,7.6,4.17
2026-09-29T14:00,,177.7,,,,0.0,0.0,0.0,1020.3,1214.8,7.42,610.4,600.0,12.7,9.8,15.5,69.0,-0.16,0.546,4.0,6.7,4.0
2026-09-29T14:10,,182.0,,,,0.0,0.0,0.0,1020.2,1214.7,7.46,667.2,600.0,12.7,9.9,15.6,68.9,0.15,0.551,4.2,7.2,4.2
2026-09-29T14:20,,189.0,,,,0.0,0.0,0.0,1020.1,1214.5,7.48,627.5,600.0,12.1,10.0,15.6,69.1,0.78,0.548,5.0,9.4,4.94
2026-09-29T14:30,,186.8,,,,0.0,0.0,0.0,1020.3,1214.8,7.48,611.5,598.0,12.1,9.9,15.5,69.5,0.58,0.537,4.9,7.8,4.87
2026-09-29T14:40,,183.4,,,,0.0,0.0,0.0,1020.2,1214.7,7.52,601.1,600.0,12.0,10.0,15.6,69.4,0.31,0.542,5.2,8.1,5.19
2026-09-29T14:50,,187.0,,,,0.0,0.0,0.0,1020.3,1214.8,7.42,563.8,600.0,11.9,9.8,15.5,69.0,0.62,0.546,5.1,9.0,5.06
2026-09-29T15:00,,189.1,,,,0.0,0.0,0.0,1020.3,1214.8,7.45,541.8,599.0,12.4,9.9,15.5,69.2,0.7,0.542,4.4,7.3,4.34
2026-09-29T15:10,,188.2,,,,0.0,0.0,0.0,1020.3,1214.8,7.42,499.3,600.0,12.7,9.8,15.6,68.5,0.6,0.558,4.2,8.2,4.16
2026-09-29T15:20,,190.6,,,,0.0,0.0,0.0,1020.5,1215.2,7.33,383.7,589.0,12.2,9.6,15.3,69.0,0.81,0.539,4.4,7.0,4.32
2026-09-29T15:30,,184.5,,,,0.0,0.0,0.0,1020.8,1215.9,7.31,286.6,600.0,12.0,9.6,14.9,70.6,0.32,0.498,4.1,7.0,4.09
2026-09-29T15:40,,187.0,,,,0.0,0.0,0.0,1020.9,1216.1,7.25,367.6,599.0,11.6,9.5,14.8,70.5,0.55,0.497,4.5,7.3,4.47
2026-09-29T15:50,,176.1,,,,0.0,0.0,0.0,1020.8,1215.8,7.29,321.8,554.0,12.0,9.6,15.0,70.0,-0.29,0.512,4.2,8.1,4.19
2026-09-29T16:00,,178.3,,,,0.0,0.0,0.0,1021.1,1216.5,7.18,199.3,553.0,11.3,9.4,14.6,70.8,-0.14,0.485,4.6,8.1,4.6
2026-09-29T16:10,,176.4,,,,0.0,0.0,0.0,1021.2,1216.6,7.17,246.5,545.0,11.6,9.3,14.6,70.7,-0.26,0.487,4.1,7.0,4.09
2026-09-29T16:20,,173.6,,,,0.0,0.0,0.0,1021.1,1216.3,7.12,328.1,578.0,11.6,9.2,14.8,69.3,-0.49,0.517,4.4,7.1,4.37
2026-09-29T16:30,,175.9,,,,0.0,0.0,0.0,1021.1,1216.3,7.18,230.0,485.0,11.7,9.4,14.8,69.9,-0.3,0.507,4.2,7.0,4.19
2026-09-29T16:40,,170.8,,,,0.0,0.0,0.0,1021.0,1216.0,7.16,308.1,600.0,11.9,9.3,15.0,68.8,-0.67,0.532,4.2,6.5,4.15
2026-09-29T16:50,,175.0,,,,0.0,0.0,0.0,1021.1,1216.2,7.11,225.8,542.0,11.9,9.2,14.9,68.7,-0.36,0.53,4.1,7.2,4.08
2026-09-29T17:00,,166.9,,,,0.0,0.0,0.0,1021.3,1216.7,7.03,126.7,214.0,10.7,9.0,14.6,69.3,-1.2,0.51,5.3,8.9,5.16
2026-09-29T17:10,,165.0,,,,0.0,0.0,0.0,1021.6,1217.3,7.01,74.2,0.0,9.8,9.0,14.3,70.5,-1.58,0.481,6.1,9.2,5.89
2026-09-29T17:20,,167.5,,,,0.0,0.0,0.0,1021.9,1217.9,7.0,57.6,0.0,10.4,9.0,13.9,72.3,-1.02,0.44,4.7,8.5,4.59
2026-09-29T17:30,,167.0,,,,0.0,0.0,0.0,1022.0,1218.1,7.02,50.0,0.0,10.2,9.0,13.8,72.9,-1.1,0.428,4.9,8.5,4.77
2026-09-29T17:40,,167.0,,,,0.0,0.0,0.0,1022.0,1218.2,7.01,57.6,0.0,10.1,9.0,13.7,73.3,-1.1,0.419,4.9,8.0,4.77
2026-09-29T17:50,,167.0,,,,0.0,0.0,0.0,1022.1,1218.3,7.01,57.3,0.0,10.0,9.0,13.7,73.3,-1.12,0.419,5.0,8.0,4.87
2026-09-29T18:00,,160.4,,,,0.0,0.0,0.0,1022.3,1218.6,7.07,50.0,0.0,11.0,9.1,13.6,74.4,-1.14,0.399,3.4,6.3,3.2
2026-09-29T18:10,,160.9,,,,0.0,0.0,0.0,1022.4,1218.7,7.05,25.9,0.0,11.0,9.1,13.6,74.2,-1.15,0.402,3.5,6.4,3.31
2026-09-29T18:20,,140.5,,,,0.0,0.0,0.0,1022.6,1219.1,7.06,14.1,0.0,10.9,9.1,13.4,75.3,-2.1,0.38,3.3,8.3,2.55
2026-09-29T18:30,,125.2,,,,0.0,0.0,0.0,1022.7,1219.3,7.08,9.6,0.0,10.4,9.2,13.3,76.0,-3.19,0.367,3.9,6.8,2.25
2026-09-29T18:40,,122.5,,,,0.0,0.0,0.0,1022.8,1219.5,7.08,6.8,0.0,9.7,9.2,13.2,76.5,-3.96,0.357,4.7,7.1,2.53
2026-09-29T18:50,,124.6,,,,0.0,0.0,0.0,1023.0,1219.7,7.08,4.6,0.0,10.2,9.2,13.2,76.6,-3.37,0.355,4.1,6.5,2.33
2026-09-29T19:00,,148.2,,,,0.0,0.0,0.0,1023.1,1219.9,7.03,1.8,0.0,11.1,9.1,13.1,76.5,-1.32,0.354,2.5,4.7,2.12
2026-09-29T19:10,,140.9,,,,0.0,0.0,0.0,1023.2,1220.1,7.05,0.2,0.0,11.3,9.1,13.1,76.8,-1.45,0.35,2.3,4.9,1.78
2026-09-29T19:20,,142.6,,,,0.0,0.0,0.0,1023.2,1220.1,7.05,0.0,0.0,11.6,9.1,13.1,76.8,-1.15,0.35,1.9,4.8,1.51
2026-09-29T19:30,,156.5,,,,0.0,0.0,0.0,1023.3,1220.2,7.01,0.0,0.0,11.4,9.0,13.1,76.3,-0.84,0.357,2.1,4.8,1.93
2026-09-29T19:40,,171.5,,,,0.0,0.0,0.0,1023.3,1220.2,6.98,0.0,0.0,10.5,9.0,13.1,76.0,-0.5,0.362,3.4,5.4,3.36
2026-09-29T19:50,,176.3,,,,0.0,0.0,0.0,1023.4,1220.4,6.98,0.0,0.0,10.9,9.0,12.9,77.0,-0.17,0.342,2.6,4.4,2.59
2026-09-29T20:00,,167.8,,,,0.0,0.0,0.0,1023.5,1220.6,7.02,0.0,0.0,10.7,9.0,12.9,77.4,-0.61,0.336,2.9,5.2,2.83
2026-09-29T20:10,,163.5,,,,0.0,0.0,0.0,1023.6,1220.8,7.05,0.0,0.0,11.3,9.1,12.8,78.3,-0.54,0.321,1.9,4.4,1.82
2026-09-29T20:20,,131.0,,,,0.0,0.0,0.0,1023.6,1220.8,7.08,0.0,0.0,11.2,9.2,12.8,78.6,-1.51,0.316,2.0,4.8,1.31
2026-09-29T20:30,,169.3,,,,0.0,0.0,0.0,1023.8,1221.0,7.06,0.0,0.0,11.1,9.1,12.8,78.4,-0.41,0.319,2.2,3.9,2.16
2026-09-29T20:40,,175.4,,,,0.0,0.0,0.0,1023.9,1221.1,7.06,0.0,0.0,10.9,9.1,12.8,78.4,-0.2,0.319,2.5,4.1,2.49
2026-09-29T20:50,,182.7,,,,0.0,0.0,0.0,1024.0,1221.3,7.07,0.0,0.0,10.7,9.2,12.7,79.1,0.12,0.307,2.6,4.5,2.6
2026-09-29T21:00,,205.3,,,,0.0,0.0,0.0,1024.2,1221.7,7.19,0.0,0.0,10.9,9.4,12.5,81.5,0.94,0.268,2.2,4.0,1.99
2026-09-29T21:10,,210.9,,,,0.0,0.0,0.0,1024.3,1221.9,7.15,0.0,0.0,10.6,9.3,12.4,81.6,1.23,0.265,2.4,3.6,2.06
2026-09-29T21:20,,222.0,,,,0.0,0.0,0.0,1024.4,1222.1,7.17,0.0,0.0,10.0,9.4,12.3,82.3,2.07,0.253,3.1,4.5,2.3
2026-09-29T21:30,,219.1,,,,0.0,0.0,0.0,1024.4,1222.1,7.12,0.0,0.0,9.8,9.3,12.3,81.8,2.08,0.26,3.3,4.3,2.56
2026-09-29T21:40,,215.0,,,,0.0,0.0,0.0,1024.5,1222.2,7.11,0.0,0.0,9.4,9.3,12.3,81.7,2.24,0.262,3.9,5.2,3.19
2026-09-29T21:50,,217.1,,,,0.0,0.0,0.0,1024.6,1222.4,7.14,0.0,0.0,9.5,9.3,12.2,82.5,2.23,0.249,3.7,4.8,2.95
2026-09-29T22:00,,221.2,,,,0.0,0.0,0.0,1024.7,1222.5,7.14,0.0,0.0,9.4,9.3,12.2,82.6,2.5,0.247,3.8,5.2,2.86
2026-09-29T22:10,,213.5,,,,0.0,0.0,0.0,1024.7,1222.6,7.15,0.0,0.0,9.4,9.3,12.1,83.2,2.04,0.237,3.7,5.0,3.09
2026-09-29T22:20,,215.4,,,,0.0,0.0,0.0,1024.8,1222.8,7.16,0.0,0.0,9.3,9.4,12.0,83.9,2.14,0.226,3.7,5.1,3.02
2026-09-29T22:30,,211.2,,,,0.0,0.0,0.0,1024.8,1222.8,7.23,0.0,0.0,9.3,9.5,12.0,84.7,1.97,0.215,3.8,5.5,3.25
2026-09-29T22:40,,212.3,,,,0.0,0.0,0.0,1024.9,1223.0,7.23,0.0,0.0,9.1,9.5,11.8,85.8,2.03,0.197,3.8,5.3,3.21
2026-09-29T22:50,,214.2,,,,0.0,0.0,0.0,1024.9,1223.0,7.27,0.0,0.0,9.1,9.6,11.8,86.3,2.14,0.19,3.8,5.3,3.14
2026-09-29T23:00,,218.7,,,,0.0,0.0,0.0,1024.8,1222.9,7.26,0.0,0.0,9.2,9.6,11.9,85.6,2.38,0.201,3.8,5.1,2.97
2026-09-29T23:10,,214.6,,,,0.0,0.0,0.0,1024.8,1222.9,7.25,0.0,0.0,9.2,9.5,11.9,85.5,2.1,0.202,3.7,5.6,3.05
2026-09-29T23:20,,214.2,,,,0.0,0.0,0.0,1024.9,1223.0,7.23,0.0,0.0,9.1,9.5,11.8,85.9,2.08,0.195,3.7,5.0,3.06
2026-09-29T23:30,,211.4,,,,0.0,0.0,0.0,1024.9,1223.0,7.23,0.0,0.0,9.4,9.5,11.9,85.3,1.82,0.205,3.5,4.8,2.99
2026-09-29T23:40,,213.2,,,,0.0,0.0,0.0,1024.9,1223.0,7.24,0.0,0.0,9.2,9.5,11.9,85.4,2.03,0.203,3.7,4.9,3.1
2026-09-29T23:50,,218.1,,,,0.0,0.0,0.0,1024.9,1223.0,7.23,0.0,0.0,9.3,9.5,11.9,85.3,2.22,0.205,3.6,4.8,2.83
2026-09-30T00:00,,214.2,,,,0.0,0.0,0.0,1024.8,1222.9,7.25,0.0,0.0,9.1,9.5,11.9,85.5,2.19,0.202,3.9,5.1,3.23
2026-09-30T00:10,,212.9,,,,0.0,0.0,0.0,1024.9,1223.0,7.28,0.0,0.0,9.1,9.6,11.8,86.4,2.06,0.188,3.8,5.0,3.19
2026-09-30T00:20,,213.5,,,,0.0,0.0,0.0,1025.0,1223.2,7.33,0.0,0.0,9.2,9.7,11.8,87.0,1.99,0.18,3.6,4.7,3.0
2026-09-30T00:30,,213.7,,,,0.0,0.0,0.0,1025.0,1223.2,7.38,0.0,0.0,9.1,9.8,11.7,88.2,2.05,0.162,3.7,4.9,3.08
2026-09-30T00:40,,212.6,,,,0.0,0.0,0.0,1025.1,1223.5,7.43,0.0,0.0,8.7,9.9,11.5,90.0,2.21,0.136,4.1,5.0,3.45
2026-09-30T00:50,,215.0,,,,0.0,0.0,0.0,1025.1,1223.6,7.46,0.0,0.0,8.5,10.0,11.4,91.0,2.41,0.121,4.2,5.4,3.44
2026-09-30T01:10,,207.1,,,,0.0,0.0,0.0,1025.2,1223.8,7.5,0.0,0.0,9.3,10.1,11.3,92.1,1.32,0.106,2.9,4.7,2.58
2026-09-30T01:20,,206.3,,,,0.0,0.0,0.0,1025.2,1223.8,7.53,0.0,0.0,9.6,10.1,11.3,92.4,1.15,0.102,2.6,4.0,2.33
2026-09-30T01:30,,195.0,,,,0.0,0.0,0.0,1025.2,1223.8,7.56,0.0,0.0,9.9,10.2,11.3,92.8,0.54,0.096,2.1,3.5,2.03
2026-09-30T01:40,,193.8,,,,0.0,0.0,0.0,1025.1,1223.7,7.58,0.0,0.0,9.6,10.2,11.3,93.0,0.62,0.094,2.6,3.6,2.52
2026-09-30T01:50,,186.5,,,,0.0,0.0,0.0,1025.1,1223.7,7.57,0.0,0.0,9.6,10.2,11.3,92.9,0.28,0.095,2.5,3.6,2.48
2026-09-30T02:00,,174.7,,,,0.0,0.0,0.0,1025.1,1223.7,7.55,0.0,0.0,9.6,10.2,11.2,93.3,-0.22,0.089,2.4,3.7,2.39
2026-09-30T02:10,,187.5,,,,0.0,0.0,0.0,1025.1,1223.7,7.61,0.0,0.0,9.7,10.3,11.2,94.0,0.3,0.08,2.3,3.8,2.28
2026-09-30T02:20,,190.4,,,,0.0,0.0,0.0,1025.1,1223.7,7.63,0.0,0.0,9.7,10.3,11.2,94.2,0.42,0.077,2.3,4.2,2.26
2026-09-30T02:30,,190.8,,,,0.0,0.0,0.0,1025.2,1223.9,7.61,0.0,0.0,9.3,10.3,11.1,94.7,0.51,0.07,2.7,4.5,2.65
2026-09-30T02:40,,194.6,,,,0.0,0.0,0.0,1025.2,1223.9,7.65,0.0,0.0,9.3,10.3,11.1,95.1,0.68,0.065,2.7,4.1,2.61
2026-09-30T02:50,,200.4,,,,0.0,0.0,0.0,1025.2,1224.0,7.6,0.0,0.0,8.7,10.2,11.0,95.1,1.19,0.064,3.4,4.6,3.19
2026-09-30T03:00,,197.6,,,,0.0,0.0,0.0,1025.3,1224.1,7.64,0.0,0.0,9.0,10.3,11.0,95.6,0.94,0.058,3.1,4.7,2.95
2026-09-30T03:10,,198.3,,,,0.0,0.0,0.0,1025.2,1224.0,7.61,0.0,0.0,9.1,10.3,11.0,95.3,0.91,0.062,2.9,4.4,2.75
2026-09-30T03:20,,209.4,,,,0.0,0.0,0.0,1025.2,1224.0,7.57,0.0,0.0,8.8,10.2,11.0,94.8,1.62,0.068,3.3,4.7,2.88
2026-09-30T03:30,,211.2,,,,0.0,0.0,0.0,1025.1,1223.8,7.53,0.0,0.0,9.2,10.1,11.1,93.7,1.45,0.083,2.8,4.4,2.4
2026-09-30T03:40,,203.8,,,,0.0,0.0,0.0,1025.1,1223.8,7.57,0.0,0.0,9.2,10.2,11.1,94.2,1.17,0.077,2.9,3.9,2.65
2026-09-30T03:50,,193.9,,,,0.0,0.0,0.0,1025.1,1223.8,7.55,0.0,0.0,9.3,10.2,11.1,93.9,0.65,0.081,2.7,4.1,2.62
2026-09-30T04:00,,197.1,,,,0.0,0.0,0.0,1025.1,1223.8,7.57,0.0,0.0,9.6,10.2,11.1,94.1,0.68,0.078,2.3,3.6,2.2
2026-09-30T04:10,,190.6,,,,0.0,0.0,0.0,1025.0,1223.7,7.55,0.0,0.0,9.9,10.2,11.1,93.9,0.35,0.081,1.9,3.4,1.87
2026-09-30T04:20,,188.0,,,,0.0,0.0,0.0,1025.0,1223.8,7.5,0.0,0.0,9.5,10.1,11.0,93.9,0.32,0.08,2.3,3.4,2.28
2026-09-30T04:30,,194.3,,,,0.0,0.0,0.0,1024.9,1223.7,7.46,0.0,0.0,9.1,10.0,10.9,94.0,0.64,0.078,2.6,3.9,2.52
2026-09-30T04:40,,202.5,,,,0.0,0.0,0.0,1024.9,1223.7,7.46,0.0,0.0,9.4,10.0,10.9,94.0,0.84,0.078,2.2,3.2,2.03
2026-09-30T04:50,,208.0,,,,0.0,0.0,0.0,1024.9,1223.8,7.4,0.0,0.0,9.1,9.9,10.8,93.9,1.13,0.079,2.4,3.5,2.12
2026-09-30T05:00,,209.4,,,,0.0,0.0,0.0,1024.8,1223.7,7.33,0.0,0.0,8.5,9.7,10.8,93.0,1.57,0.091,3.2,4.1,2.79
2026-09-30T05:10,,205.7,,,,0.0,0.0,0.0,1024.8,1223.7,7.32,0.0,0.0,8.8,9.7,10.8,92.8,1.21,0.093,2.8,4.2,2.52
2026-09-30T05:20,,197.0,,,,0.0,0.0,0.0,1024.8,1223.7,7.25,0.0,0.0,9.5,9.6,10.8,92.0,0.53,0.104,1.8,2.6,1.72
2026-09-30T05:30,,165.0,,,,0.0,0.0,0.0,1024.8,1223.7,7.33,0.0,0.0,9.8,9.7,10.8,93.0,-0.36,0.091,1.4,2.3,1.35
2026-09-30T05:40,,173.6,,,,0.0,0.0,0.0,1024.9,1223.9,7.35,0.0,0.0,10.0,9.8,10.7,93.9,-0.11,0.078,1.0,1.9,0.99
2026-09-30T05:50,,164.2,,,,0.0,0.0,0.0,1024.9,1223.9,7.37,0.0,0.0,10.0,9.8,10.6,94.7,-0.25,0.068,0.9,1.6,0.87
2026-09-30T06:00,,141.0,,,,0.0,0.0,0.0,1025.0,1224.2,7.29,0.0,0.0,9.7,9.6,10.4,95.0,-0.57,0.063,0.9,1.8,0.7
2026-09-30T06:10,,170.7,,,,0.0,0.0,0.0,1025.1,1224.4,7.22,0.0,0.0,9.5,9.5,10.3,94.7,-0.16,0.066,1.0,1.5,0.99
2026-09-30T06:20,,164.0,,,,0.0,0.0,0.0,1025.2,1224.6,7.15,0.0,0.0,9.4,9.3,10.2,94.4,-0.25,0.07,0.9,1.4,0.87
2026-09-30T06:30,,164.6,,,,0.0,0.0,0.0,1025.3,1224.8,7.05,0.0,0.0,9.2,9.1,10.1,93.7,-0.27,0.078,1.0,1.4,0.96
2026-09-30T06:40,,195.6,,,,0.0,0.0,0.0,1025.5,1225.3,6.86,0.0,0.0,8.9,8.7,9.8,93.1,0.24,0.084,0.9,1.3,0.87
2026-09-30T06:50,,185.2,,,,0.0,0.0,0.0,1025.5,1225.3,6.83,0.0,0.0,8.9,8.7,9.7,93.3,0.06,0.081,0.7,1.1,0.7
2026-09-30T07:00,,235.6,,,,0.0,0.0,0.0,1025.7,1225.7,6.8,0.0,0.0,8.7,8.6,9.6,93.5,0.66,0.078,0.8,1.1,0.45
2026-09-30T07:10,,238.6,,,,0.0,0.0,0.0,1025.7,1225.7,6.69,0.1,0.0,8.7,8.4,9.6,92.0,0.6,0.096,0.7,1.1,0.36
2026-09-30T07:20,,248.8,,,,0.0,0.0,0.0,1025.7,1225.5,6.75,1.4,0.0,8.9,8.5,9.8,91.7,0.75,0.101,0.8,1.0,0.29
2026-09-30T07:30,,233.1,,,,0.0,0.0,0.0,1025.6,1225.2,6.6,3.7,0.0,9.1,8.2,10.0,88.4,0.56,0.142,0.7,1.0,0.42
2026-09-30T07:40,,273.4,,,,0.0,0.0,0.0,1025.9,1225.9,6.6,6.8,0.0,8.8,8.2,9.6,90.9,0.6,0.109,0.6,0.9,-0.04
2026-09-30T07:50,,335.0,,,,0.0,0.0,0.0,1026.0,1226.2,6.69,11.0,0.0,8.7,8.4,9.4,93.3,0.21,0.079,0.5,0.9,-0.45
2026-09-30T08:00,,321.2,,,,0.0,0.0,0.0,1026.1,1226.4,6.58,15.6,0.0,8.6,8.1,9.2,93.1,0.13,0.08,0.2,0.6,-0.16
2026-09-30T08:20,,169.8,,,,0.0,0.0,0.0,1026.3,1226.8,6.5,32.0,0.0,8.3,8.0,9.0,93.2,-0.05,0.078,0.3,1.2,0.3
2026-09-30T08:40,,295.7,,,,0.0,0.0,0.0,1026.5,1227.3,6.37,51.4,0.0,8.0,7.7,8.7,93.2,0.18,0.076,0.2,0.7,-0.09
2026-09-30T08:50,,158.5,,,,0.0,0.0,0.0,1026.4,1227.0,6.39,67.5,0.0,8.0,7.7,8.9,92.2,-0.18,0.089,0.5,1.0,0.47
2026-09-30T09:00,,121.8,,,,0.0,0.0,0.0,1026.3,1226.8,6.43,111.9,287.0,8.3,7.8,9.1,91.5,-0.34,0.098,0.4,1.3,0.21
2026-09-30T09:10,,124.5,,,,0.0,0.0,0.0,1025.6,1225.2,6.52,265.0,600.0,9.2,8.0,10.0,87.4,-0.41,0.155,0.5,1.1,0.28
2026-09-30T09:20,,138.5,,,,0.0,0.0,0.0,1025.1,1224.0,6.44,313.5,600.0,9.9,7.8,10.8,81.8,-0.4,0.236,0.6,1.1,0.45
2026-09-30T09:30,,155.7,,,,0.0,0.0,0.0,1024.8,1223.4,6.56,361.3,600.0,9.9,8.1,11.2,81.1,-0.49,0.251,1.2,2.6,1.09
2026-09-30T09:40,,155.5,,,,0.0,0.0,0.0,1024.5,1222.7,6.7,399.2,600.0,9.6,8.4,11.6,80.6,-0.95,0.265,2.3,3.7,2.09
2026-09-30T09:50,,162.8,,,,0.0,0.0,0.0,1024.1,1221.8,6.95,423.8,598.0,10.1,8.9,12.2,80.3,-0.8,0.28,2.7,4.6,2.58
2026-09-30T10:00,,173.6,,,,0.0,0.0,0.0,1024.0,1221.5,7.14,460.6,600.0,10.1,9.3,12.4,81.4,-0.35,0.268,3.1,5.6,3.08
2026-09-30T10:10,,175.8,,,,0.0,0.0,0.0,1024.0,1221.5,7.14,492.9,599.0,9.8,9.3,12.5,80.9,-0.26,0.277,3.6,6.0,3.59
2026-09-30T10:20,,169.3,,,,0.0,0.0,0.0,1023.9,1221.3,7.05,522.0,599.0,9.3,9.1,12.6,79.3,-0.82,0.302,4.4,6.5,4.32
2026-09-30T10:30,,183.9,,,,0.0,0.0,0.0,1023.8,1221.1,7.06,556.4,600.0,9.6,9.1,12.7,78.9,0.28,0.31,4.1,6.1,4.09
2026-09-30T10:40,,184.9,,,,0.0,0.0,0.0,1023.6,1220.5,7.05,620.1,600.0,10.3,9.1,13.1,76.8,0.32,0.35,3.8,6.2,3.79
2026-09-30T10:50,,172.6,,,,0.0,0.0,0.0,1023.3,1219.8,7.09,672.2,599.0,10.8,9.2,13.6,74.7,-0.49,0.394,3.8,6.4,3.77
2026-09-30T11:00,,171.8,,,,0.0,0.0,0.0,1023.1,1219.4,7.05,688.9,600.0,10.6,9.1,13.8,73.3,-0.61,0.421,4.3,7.0,4.26
2026-09-30T11:10,,173.4,,,,0.0,0.0,0.0,1023.2,1219.6,7.13,649.0,600.0,10.9,9.3,13.7,74.6,-0.44,0.398,3.8,6.0,3.77
2026-09-30T11:20,,171.8,,,,0.0,0.0,0.0,1023.2,1219.5,7.16,627.7,600.0,10.4,9.3,13.8,74.5,-0.67,0.402,4.7,6.9,4.65
2026-09-30T11:30,,169.7,,,,0.0,0.0,0.0,1023.0,1219.2,7.23,650.4,600.0,11.0,9.5,14.0,74.2,-0.73,0.412,4.1,5.7,4.03
2026-09-30T11:40,,172.7,,,,0.0,0.0,0.0,1023.0,1219.2,7.19,649.9,600.0,10.8,9.4,14.0,73.8,-0.56,0.419,4.4,6.9,4.36
2026-09-30T11:50,,175.8,,,,0.0,0.0,0.0,1022.8,1218.8,7.16,661.0,600.0,11.0,9.3,14.1,73.0,-0.31,0.434,4.2,7.4,4.19
2026-09-30T12:00,,167.9,,,,0.0,0.0,0.0,1022.6,1218.5,7.26,671.1,600.0,11.1,9.5,14.3,73.1,-0.94,0.438,4.5,7.7,4.4
2026-09-30T12:10,,164.3,,,,0.0,0.0,0.0,1022.5,1218.3,7.28,668.7,600.0,11.7,9.6,14.4,72.8,-1.03,0.446,3.8,7.8,3.66
2026-09-30T12:20,,165.7,,,,0.0,0.0,0.0,1022.3,1217.9,7.23,687.5,600.0,11.5,9.5,14.6,71.3,-1.06,0.477,4.3,7.6,4.17
2026-09-30T12:30,,157.1,,,,0.0,0.0,0.0,1022.1,1217.4,7.25,691.6,600.0,12.2,9.5,14.9,70.2,-1.48,0.505,3.8,7.4,3.5
2026-09-30T12:40,,157.7,,,,0.0,0.0,0.0,1022.3,1217.9,7.15,532.3,599.0,11.7,9.3,14.6,70.6,-1.48,0.489,3.9,7.9,3.61
2026-09-30T12:50,,160.9,,,,0.0,0.0,0.0,1022.3,1217.9,7.29,542.1,600.0,12.3,9.6,14.6,71.9,-1.05,0.467,3.2,6.3,3.02
2026-09-30T13:00,0.0,159.5,1.88,2.1,5.8,0.0,0.0,0.0,1022.3,1218.0,7.26,528.0,600.0,11.6,9.5,14.5,72.1,-1.44,0.461,4.1,7.0,3.84
2026-09-30T13:10,,166.2,,,,0.0,0.0,0.0,1022.0,1217.3,7.27,708.5,593.0,10.8,9.5,14.9,70.3,-1.38,0.503,5.8,8.2,5.63
2026-09-30T13:20,,160.1,,,,0.0,0.0,0.0,1021.8,1216.9,7.18,729.1,600.0,11.8,9.4,15.1,68.6,-1.57,0.539,4.6,7.9,4.33
2026-09-30T13:30,,157.5,,,,0.0,0.0,0.0,1021.6,1216.5,7.16,734.3,599.0,12.0,9.3,15.4,67.1,-1.76,0.576,4.6,8.0,4.25
2026-09-30T13:40,,167.1,,,,0.0,0.0,0.0,1021.6,1216.5,6.94,730.0,600.0,10.9,8.8,15.4,65.0,-1.34,0.612,6.0,8.6,5.85
2026-09-30T13:50,,167.3,,,,0.0,0.0,0.0,1021.4,1216.1,7.07,710.3,600.0,11.4,9.1,15.6,65.4,-1.28,0.613,5.8,8.8,5.66
2026-09-30T14:00,,165.4,,,,0.0,0.0,0.0,1021.4,1216.2,7.04,603.9,535.0,11.5,9.1,15.5,65.5,-1.36,0.608,5.4,8.6,5.23
2026-09-30T14:10,,169.6,,,,0.0,0.0,0.0,1021.5,1216.5,7.05,392.2,358.0,11.4,9.1,15.2,66.9,-0.92,0.572,5.1,8.5,5.02
2026-09-30T14:20,,168.1,,,,0.0,0.0,0.0,1021.3,1216.3,6.79,512.5,596.0,10.8,8.5,15.2,64.4,-1.2,0.615,5.8,8.7,5.68
2026-09-30T14:30,,168.4,,,,0.0,0.0,0.0,1021.3,1216.2,6.9,436.3,600.0,10.9,8.8,15.3,65.0,-1.19,0.608,5.9,8.8,5.78
2026-09-30T14:40,,171.0,,,,0.0,0.0,0.0,1021.4,1216.4,7.04,480.9,600.0,11.1,9.1,15.1,67.2,-0.84,0.563,5.4,8.5,5.33
2026-09-30T14:50,,172.4,,,,0.0,0.0,0.0,1021.5,1216.7,7.05,409.9,598.0,11.1,9.1,14.9,68.2,-0.69,0.539,5.2,7.4,5.15
2026-09-30T15:00,,169.9,,,,0.0,0.0,0.0,1021.4,1216.4,6.96,515.8,600.0,11.1,8.9,15.1,66.5,-0.95,0.575,5.4,8.8,5.32
2026-09-30T15:10,,172.7,,,,0.0,0.0,0.0,1021.5,1216.7,6.92,339.9,600.0,11.1,8.8,14.9,66.9,-0.64,0.561,5.0,8.0,4.96
2026-09-30T15:20,,166.3,,,,0.0,0.0,0.0,1021.5,1216.6,6.95,282.8,600.0,11.0,8.9,15.0,66.8,-1.26,0.566,5.3,7.8,5.15
2026-09-30T15:30,,169.8,,,,0.0,0.0,0.0,1021.5,1216.8,6.94,447.5,599.0,10.3,8.9,14.8,67.6,-1.08,0.545,6.1,9.3,6.0
2026-09-30T15:40,,168.5,,,,0.0,0.0,0.0,1021.4,1216.6,6.88,456.4,599.0,10.7,8.7,14.9,66.5,-1.12,0.568,5.6,8.3,5.49
2026-09-30T15:50,,167.4,,,,0.0,0.0,0.0,1021.3,1216.3,6.87,462.5,600.0,11.4,8.7,15.1,65.6,-1.07,0.59,4.9,8.2,4.78
2026-09-30T16:00,,167.5,,,,0.0,0.0,0.0,1021.2,1216.2,6.87,425.0,599.0,11.0,8.7,15.1,65.6,-1.17,0.59,5.4,7.9,5.27
2026-09-30T16:10,,169.4,,,,0.0,0.0,0.0,1021.1,1216.1,6.92,411.9,600.0,11.1,8.8,15.1,66.1,-0.97,0.582,5.3,8.4,5.21
2026-09-30T16:20,,172.6,,,,0.0,0.0,0.0,1021.2,1216.3,6.93,394.4,598.0,11.5,8.8,15.0,66.6,-0.59,0.57,4.6,7.9,4.56
2026-09-30T16:30,,168.0,,,,0.0,0.0,0.0,1021.1,1216.2,6.93,367.6,600.0,11.2,8.8,15.0,66.6,-1.06,0.57,5.1,7.9,4.99
2026-09-30T16:40,,172.7,,,,0.0,0.0,0.0,1021.2,1216.4,6.84,338.3,600.0,10.9,8.6,14.9,66.1,-0.67,0.574,5.3,7.2,5.26
2026-09-30T16:50,,172.1,,,,0.0,0.0,0.0,1021.4,1216.7,6.85,305.9,599.0,11.1,8.7,14.8,66.7,-0.66,0.561,4.8,8.3,4.75
2026-09-30T17:10,,186.7,,,,0.0,0.0,0.0,1022.0,1218.1,6.76,61.3,0.0,10.9,8.5,13.8,70.2,0.42,0.47,3.6,6.5,3.58
2026-09-30T17:20,,188.8,,,,0.0,0.0,0.0,1022.3,1218.8,6.75,55.1,0.0,10.7,8.5,13.4,72.0,0.5,0.43,3.3,6.1,3.26
2026-09-30T17:30,,195.2,,,,0.0,0.0,0.0,1022.5,1219.2,6.72,49.9,0.0,10.1,8.4,13.1,73.1,1.0,0.406,3.8,7.0,3.67
2026-09-30T17:40,,197.3,,,,0.0,0.0,0.0,1022.7,1219.7,6.69,44.8,0.0,10.0,8.3,12.8,74.2,1.04,0.381,3.5,7.1,3.34
2026-09-30T17:50,,196.3,,,,0.0,0.0,0.0,1022.9,1220.1,6.62,37.9,0.0,10.2,8.2,12.6,74.5,0.79,0.372,2.8,4.6,2.69
2026-09-30T18:00,,188.6,,,,0.0,0.0,0.0,1022.9,1220.1,6.6,32.1,0.0,10.3,8.1,12.6,74.2,0.4,0.376,2.7,4.9,2.67
2026-09-30T18:10,,189.2,,,,0.0,0.0,0.0,1023.1,1220.5,6.57,28.1,0.0,10.1,8.1,12.4,74.9,0.42,0.361,2.6,4.2,2.57
2026-09-30T18:20,,206.0,,,,0.0,0.0,0.0,1023.3,1220.9,6.6,22.7,0.0,9.6,8.1,12.1,76.8,1.32,0.328,3.0,4.6,2.7
2026-09-30T18:30,,213.1,,,,0.0,0.0,0.0,1023.4,1221.2,6.61,16.8,0.0,9.1,8.2,11.9,77.9,1.86,0.308,3.4,5.1,2.85
2026-09-30T18:40,,213.4,,,,0.0,0.0,0.0,1023.5,1221.4,6.55,12.4,0.0,9.0,8.0,11.8,77.7,1.87,0.309,3.4,4.8,2.84
2026-09-30T18:50,,200.1,,,,0.0,0.0,0.0,1023.6,1221.6,6.55,6.6,0.0,9.7,8.0,11.7,78.2,0.76,0.3,2.2,4.0,2.07
2026-09-30T19:00,,199.7,,,,0.0,0.0,0.0,1023.7,1221.8,6.52,2.2,0.0,9.6,8.0,11.6,78.4,0.74,0.295,2.2,4.0,2.07
2026-09-30T19:10,,214.8,,,,0.0,0.0,0.0,1023.9,1222.1,6.5,0.0,0.0,9.2,7.9,11.5,78.7,1.48,0.289,2.6,4.2,2.13
2026-09-30T19:20,,218.5,,,,0.0,0.0,0.0,1023.9,1221.9,6.53,0.0,0.0,9.1,8.0,11.7,78.0,1.93,0.303,3.1,4.9,2.43
2026-09-30T19:30,,203.9,,,,0.0,0.0,0.0,1024.0,1222.1,6.54,0.0,0.0,9.8,8.0,11.6,78.7,0.77,0.291,1.9,3.0,1.74
2026-09-30T19:40,,202.9,,,,0.0,0.0,0.0,1023.9,1221.9,6.56,0.0,0.0,9.6,8.1,11.7,78.4,0.89,0.297,2.3,3.5,2.12
2026-09-30T19:50,,179.3,,,,0.0,0.0,0.0,1023.8,1221.6,6.63,0.0,0.0,9.8,8.2,12.0,77.6,-0.03,0.314,2.5,4.1,2.5
2026-09-30T20:00,,204.4,,,,0.0,0.0,0.0,1023.9,1221.9,6.62,0.0,0.0,9.8,8.2,11.8,78.6,0.95,0.296,2.3,3.3,2.09
2026-09-30T20:10,,185.8,,,,0.0,0.0,0.0,1023.9,1221.7,6.65,0.0,0.0,10.2,8.3,12.0,77.9,0.2,0.31,2.0,3.1,1.99
2026-09-30T20:20,,174.5,,,,0.0,0.0,0.0,1023.8,1221.4,6.68,0.0,0.0,10.3,8.3,12.3,76.7,-0.22,0.333,2.3,4.0,2.29
2026-09-30T20:30,,177.9,,,,0.0,0.0,0.0,1023.8,1221.4,6.66,0.0,0.0,10.2,8.3,12.3,76.5,-0.09,0.336,2.5,4.3,2.5
2026-09-30T20:40,,179.4,,,,0.0,0.0,0.0,1023.9,1221.5,6.7,0.0,0.0,10.2,8.4,12.3,76.9,-0.03,0.33,2.5,4.0,2.5
2026-09-30T20:50,,194.2,,,,0.0,0.0,0.0,1024.0,1221.7,6.71,0.0,0.0,9.9,8.4,12.2,77.6,0.66,0.318,2.7,4.6,2.62
2026-09-30T21:00,,207.8,,,,0.0,0.0,0.0,1024.2,1222.1,6.71,0.0,0.0,10.0,8.4,12.0,78.6,1.12,0.3,2.4,4.5,2.12
2026-09-30T21:10,,214.1,,,,0.0,0.0,0.0,1024.3,1222.3,6.75,0.0,0.0,9.9,8.5,11.9,79.6,1.35,0.284,2.4,3.6,1.99
2026-09-30T21:20,,214.8,,,,0.0,0.0,0.0,1024.4,1222.4,6.77,0.0,0.0,9.9,8.5,11.9,79.8,1.37,0.281,2.4,3.5,1.97
2026-09-30T21:30,,219.3,,,,0.0,0.0,0.0,1024.4,1222.4,6.78,0.0,0.0,9.7,8.5,11.9,79.9,1.65,0.28,2.6,3.4,2.01
2026-09-30T21:40,,216.5,,,,0.0,0.0,0.0,1024.4,1222.5,6.76,0.0,0.0,9.4,8.5,11.8,80.2,1.72,0.274,2.9,4.4,2.33
2026-09-30T21:50,,224.3,,,,0.0,0.0,0.0,1024.4,1222.4,6.78,0.0,0.0,9.5,8.6,11.9,80.0,2.03,0.279,2.9,5.0,2.08
2026-09-30T22:00,,222.1,,,,0.0,0.0,0.0,1024.4,1222.4,6.78,0.0,0.0,9.5,8.6,11.9,80.0,2.01,0.279,3.0,4.1,2.23
2026-09-30T22:10,,218.9,,,,0.0,0.0,0.0,1024.4,1222.5,6.76,0.0,0.0,9.9,8.5,11.8,80.3,1.44,0.273,2.3,3.2,1.79
2026-09-30T22:20,,223.6,,,,0.0,0.0,0.0,1024.4,1222.4,6.78,0.0,0.0,9.9,8.6,11.9,80.0,1.66,0.279,2.4,3.8,1.74
2026-09-30T22:30,,228.6,,,,0.0,0.0,0.0,1024.4,1222.4,6.78,0.0,0.0,9.7,8.6,11.9,80.0,2.03,0.279,2.7,3.7,1.79
2026-09-30T22:40,,220.2,,,,0.0,0.0,0.0,1024.4,1222.5,6.79,0.0,0.0,9.8,8.6,11.8,80.6,1.55,0.269,2.4,4.3,1.83
2026-09-30T22:50,,220.7,,,,0.0,0.0,0.0,1024.5,1222.6,6.84,0.0,0.0,9.4,8.7,11.8,81.2,1.96,0.26,3.0,4.0,2.27
2026-09-30T23:00,,219.0,,,,0.0,0.0,0.0,1024.5,1222.6,6.85,0.0,0.0,9.7,8.7,11.7,81.9,1.57,0.249,2.5,3.6,1.94
2026-09-30T23:10,,215.4,,,,0.0,0.0,0.0,1024.6,1222.8,6.83,0.0,0.0,9.3,8.7,11.6,82.2,1.62,0.243,2.8,4.1,2.28
2026-09-30T23:20,,212.8,,,,0.0,0.0,0.0,1024.6,1222.8,6.87,0.0,0.0,9.4,8.7,11.6,82.6,1.52,0.238,2.8,4.3,2.35
2026-09-30T23:30,,211.4,,,,0.0,0.0,0.0,1024.6,1222.8,6.89,0.0,0.0,9.5,8.8,11.6,82.9,1.35,0.234,2.6,4.0,2.22
2026-09-30T23:40,,208.1,,,,0.0,0.0,0.0,1024.6,1222.9,6.88,0.0,0.0,9.7,8.8,11.5,83.3,1.04,0.227,2.2,3.5,1.94
2026-09-30T23:50,,200.4,,,,0.0,0.0,0.0,1024.5,1222.8,6.9,0.0,0.0,9.8,8.8,11.5,83.5,0.73,0.224,2.1,3.9,1.97
2026-10-01T00:00,,204.0,,,,0.0,0.0,0.0,1024.6,1222.9,6.92,0.0,0.0,9.7,8.9,11.5,83.8,0.89,0.22,2.2,3.8,2.01
2026-10-01T00:10,,196.6,,,,0.0,0.0,0.0,1024.6,1222.9,6.95,0.0,0.0,9.7,8.9,11.5,84.2,0.63,0.214,2.2,3.6,2.11
2026-10-01T00:20,,202.1,,,,0.0,0.0,0.0,1024.6,1223.0,6.93,0.0,0.0,9.5,8.9,11.4,84.5,0.87,0.209,2.3,3.9,2.13
2026-10-01T00:30,,200.9,,,,0.0,0.0,0.0,1024.6,1223.0,7.0,0.0,0.0,9.6,9.0,11.4,85.3,0.78,0.198,2.2,3.7,2.06
2026-10-01T00:40,,206.7,,,,0.0,0.0,0.0,1024.5,1222.9,6.98,0.0,0.0,9.3,9.0,11.3,85.7,1.12,0.191,2.5,3.7,2.23
2026-10-01T00:50,,217.6,,,,0.0,0.0,0.0,1024.6,1223.1,7.0,0.0,0.0,9.5,9.0,11.2,86.5,1.28,0.18,2.1,2.9,1.66
2026-10-01T01:10,,211.7,,,,0.0,0.0,0.0,1024.6,1223.2,7.0,0.0,0.0,8.9,9.0,11.1,87.0,1.47,0.172,2.8,4.1,2.38
2026-10-01T01:20,,213.6,,,,0.0,0.0,0.0,1024.7,1223.3,7.0,0.0,0.0,8.9,9.0,11.1,87.1,1.6,0.17,2.9,4.2,2.42
2026-10-01T01:30,,212.5,,,,0.0,0.0,0.0,1024.7,1223.3,6.99,0.0,0.0,8.7,9.0,11.1,86.9,1.67,0.173,3.1,4.8,2.61
2026-10-01T01:40,,217.7,,,,0.0,0.0,0.0,1024.7,1223.3,6.99,0.0,0.0,8.7,9.0,11.1,86.9,1.9,0.173,3.1,4.7,2.45
2026-10-01T01:50,,215.2,,,,0.0,0.0,0.0,1024.7,1223.3,6.99,0.0,0.0,8.9,9.0,11.1,86.9,1.61,0.173,2.8,4.9,2.29
2026-10-01T02:00,,214.6,,,,0.0,0.0,0.0,1024.7,1223.3,7.0,0.0,0.0,8.7,9.0,11.1,87.0,1.76,0.172,3.1,4.7,2.55
2026-10-01T02:10,,218.1,,,,0.0,0.0,0.0,1024.7,1223.4,6.96,0.0,0.0,8.5,8.9,11.0,87.1,1.97,0.169,3.2,4.4,2.52
2026-10-01T02:20,,221.9,,,,0.0,0.0,0.0,1024.7,1223.3,6.99,0.0,0.0,8.8,9.0,11.1,86.9,2.0,0.173,3.0,4.3,2.23
2026-10-01T02:30,,228.0,,,,0.0,0.0,0.0,1024.7,1223.3,6.95,0.0,0.0,9.0,8.9,11.1,86.4,1.93,0.18,2.6,4.2,1.74
2026-10-01T02:40,,217.2,,,,0.0,0.0,0.0,1024.7,1223.4,6.94,0.0,0.0,8.8,8.9,11.0,86.9,1.69,0.172,2.8,4.3,2.23
2026-10-01T02:50,,209.8,,,,0.0,0.0,0.0,1024.6,1223.4,6.95,0.0,0.0,8.8,8.9,10.9,87.6,1.29,0.162,2.6,3.7,2.26
2026-10-01T03:00,,211.7,,,,0.0,0.0,0.0,1024.6,1223.4,6.9,0.0,0.0,9.1,8.8,10.8,87.5,1.1,0.162,2.1,3.2,1.79
2026-10-01T03:10,,209.7,,,,0.0,0.0,0.0,1024.5,1223.3,6.84,0.0,0.0,8.9,8.7,10.8,86.7,1.14,0.172,2.3,4.1,2.0
2026-10-01T03:20,,187.5,,,,0.0,0.0,0.0,1024.6,1223.5,6.96,0.0,0.0,9.6,8.9,10.7,88.9,0.17,0.143,1.3,2.0,1.29
2026-10-01T03:30,,203.3,,,,0.0,0.0,0.0,1024.7,1223.8,6.92,0.0,0.0,8.8,8.9,10.5,89.6,0.79,0.132,2.0,3.7,1.84
2026-10-01T03:40,,202.6,,,,0.0,0.0,0.0,1024.6,1223.7,6.92,0.0,0.0,8.6,8.9,10.5,89.6,0.88,0.132,2.3,3.6,2.12
2026-10-01T03:50,,197.8,,,,0.0,0.0,0.0,1024.6,1223.7,6.96,0.0,0.0,8.7,8.9,10.5,90.0,0.67,0.127,2.2,3.4,2.09
2026-10-01T04:00,,196.9,,,,0.0,0.0,0.0,1024.7,1223.9,6.96,0.0,0.0,8.6,8.9,10.4,90.7,0.64,0.117,2.2,3.0,2.1
2026-10-01T04:10,,191.1,,,,0.0,0.0,0.0,1024.7,1223.9,7.02,0.0,0.0,8.7,9.1,10.4,91.5,0.42,0.107,2.2,3.0,2.16
2026-10-01T04:20,,195.8,,,,0.0,0.0,0.0,1024.8,1224.1,7.01,0.0,0.0,8.6,9.1,10.3,92.0,0.57,0.1,2.1,3.4,2.02
2026-10-01T04:30,,191.3,,,,0.0,0.0,0.0,1024.9,1224.3,6.97,0.0,0.0,8.8,9.0,10.1,92.7,0.29,0.09,1.5,2.7,1.47
2026-10-01T04:40,,210.2,,,,0.0,0.0,0.0,1025.2,1225.0,6.69,0.0,0.0,8.3,8.4,9.7,91.4,0.75,0.104,1.5,2.6,1.3
2026-10-01T04:50,,218.2,,,,0.0,0.0,0.0,1025.3,1225.0,6.59,0.0,0.0,7.8,8.2,9.8,89.5,1.36,0.127,2.2,3.3,1.73
2026-10-01T05:00,,232.2,,,,0.0,0.0,0.0,1025.2,1224.7,6.6,0.0,0.0,7.5,8.2,10.1,87.8,2.45,0.151,3.1,4.3,1.9
2026-10-01T05:10,,231.8,,,,0.0,0.0,0.0,1025.0,1224.3,6.59,0.0,0.0,7.7,8.1,10.3,86.5,2.44,0.169,3.1,4.9,1.92
2026-10-01T05:20,,224.6,,,,0.0,0.0,0.0,1024.9,1224.2,6.56,0.0,0.0,8.0,8.1,10.3,86.1,1.83,0.174,2.6,3.7,1.85
2026-10-01T05:30,,179.4,,,,0.0,0.0,0.0,1025.0,1224.4,6.55,0.0,0.0,8.6,8.0,10.2,86.5,-0.02,0.168,1.7,3.2,1.7
2026-10-01T05:40,,203.2,,,,0.0,0.0,0.0,1025.4,1225.3,6.37,0.0,0.0,8.1,7.7,9.6,87.7,0.55,0.147,1.4,1.9,1.29
2026-10-01T05:50,,215.2,,,,0.0,0.0,0.0,1025.3,1225.2,6.4,0.0,0.0,7.9,7.7,9.6,88.0,0.98,0.143,1.7,2.2,1.39
2026-10-01T06:00,,217.7,,,,0.0,0.0,0.0,1025.2,1225.1,6.38,0.0,0.0,7.9,7.7,9.6,87.7,1.04,0.147,1.7,2.2,1.35
2026-10-01T06:10,,201.0,,,,0.0,0.0,0.0,1025.5,1225.6,6.34,0.0,0.0,7.9,7.6,9.3,89.0,0.43,0.129,1.2,1.6,1.12
2026-10-01T06:20,,223.9,,,,0.0,0.0,0.0,1025.5,1225.6,6.42,0.0,0.0,7.6,7.8,9.4,89.5,1.25,0.124,1.8,2.4,1.3
2026-10-01T06:30,,222.7,,,,0.0,0.0,0.0,1025.3,1225.1,6.52,0.0,0.0,7.6,8.0,9.7,89.1,1.56,0.131,2.3,3.0,1.69
2026-10-01T06:40,,205.3,,,,0.0,0.0,0.0,1025.5,1225.6,6.38,0.0,0.0,7.7,7.7,9.4,89.0,0.68,0.13,1.6,2.1,1.45
2026-10-01T06:50,,180.2,,,,0.0,0.0,0.0,1025.8,1226.2,6.37,0.0,0.0,7.6,7.7,9.1,90.7,0.0,0.107,1.4,2.1,1.4
2026-10-01T07:00,,196.0,,,,0.0,0.0,0.0,1025.7,1226.0,6.38,0.0,0.0,7.5,7.7,9.1,90.8,0.41,0.106,1.5,1.9,1.44
2026-10-01T07:10,,174.2,,,,0.0,0.0,0.0,1025.6,1225.8,6.55,1.2,0.0,7.7,8.1,9.3,92.0,-0.17,0.094,1.7,2.5,1.69
2026-10-01T07:20,,175.3,,,,0.0,0.0,0.0,1025.6,1225.8,6.75,4.0,0.0,7.6,8.5,9.3,94.7,-0.16,0.062,1.9,2.6,1.89
2026-10-01T07:30,,196.5,,,,0.0,0.0,0.0,1025.6,1225.7,6.81,6.4,0.0,7.8,8.6,9.4,94.9,0.54,0.06,1.9,2.8,1.82
2026-10-01T07:40,,203.3,,,,0.0,0.0,0.0,1025.5,1225.3,6.73,12.4,0.0,8.0,8.5,9.7,92.0,0.75,0.096,1.9,2.9,1.75
2026-10-01T07:50,,212.2,,,,0.0,0.0,0.0,1025.4,1225.1,6.65,18.8,0.0,8.0,8.3,9.9,89.6,1.12,0.127,2.1,3.5,1.78
2026-10-01T08:00,,207.1,,,,0.0,0.0,0.0,1025.4,1225.0,6.61,32.5,0.0,7.8,8.2,10.0,88.5,1.14,0.141,2.5,4.3,2.23
2026-10-01T08:10,,200.2,,,,0.0,0.0,0.0,1025.4,1225.0,6.68,56.8,0.0,8.4,8.4,10.0,89.5,0.59,0.129,1.7,3.4,1.6
2026-10-01T08:20,,174.3,,,,0.0,0.0,0.0,1025.4,1224.9,6.72,64.4,0.0,8.9,8.4,10.1,89.4,-0.12,0.131,1.2,2.0,1.19
2026-10-01T08:30,,173.6,,,,0.0,0.0,0.0,1025.4,1224.8,6.78,73.1,0.0,9.1,8.6,10.3,89.0,-0.14,0.138,1.3,2.1,1.29
2026-10-01T08:40,,197.1,,,,0.0,0.0,0.0,1025.4,1224.8,6.81,76.3,0.0,8.9,8.6,10.3,89.4,0.47,0.133,1.6,2.7,1.53
2026-10-01T08:50,,189.7,,,,0.0,0.0,0.0,1025.5,1225.0,6.87,68.9,0.0,8.6,8.8,10.2,90.8,0.32,0.114,1.9,3.1,1.87
2026-10-01T09:00,,187.3,,,,0.0,0.0,0.0,1025.4,1224.8,6.99,80.8,0.0,9.1,9.0,10.3,91.7,0.18,0.104,1.4,2.4,1.39
2026-10-01T09:10,,197.7,,,,0.0,0.0,0.0,1025.4,1224.8,6.97,105.3,0.0,8.5,9.0,10.3,91.5,0.67,0.106,2.2,2.9,2.1
2026-10-01T09:20,,195.5,,,,0.0,0.0,0.0,1025.3,1224.5,7.04,124.1,0.0,9.1,9.1,10.5,91.2,0.48,0.112,1.8,3.2,1.73
2026-10-01T09:30,,186.0,,,,0.0,0.0,0.0,1025.3,1224.4,7.08,127.3,0.0,9.2,9.2,10.6,91.1,0.19,0.114,1.8,2.7,1.79
2026-10-01T09:40,,168.9,,,,0.0,0.0,0.0,1025.2,1224.2,7.1,152.8,0.0,9.0,9.2,10.8,90.1,-0.46,0.128,2.4,3.5,2.36
2026-10-01T09:50,,169.1,,,,0.0,0.0,0.0,1025.1,1223.8,7.14,191.9,299.0,9.4,9.3,11.1,88.8,-0.42,0.148,2.2,3.5,2.16
2026-10-01T10:10,,172.4,,,,0.0,0.0,0.0,1025.0,1223.3,7.12,271.3,600.0,9.7,9.3,11.6,85.7,-0.33,0.195,2.5,3.9,2.48
2026-10-01T10:20,,168.9,,,,0.0,0.0,0.0,1024.7,1222.7,7.12,385.5,599.0,10.0,9.3,11.9,84.0,-0.48,0.223,2.5,3.8,2.45
2026-10-01T10:30,,165.9,,,,0.0,0.0,0.0,1024.5,1222.2,7.21,409.6,600.0,10.2,9.5,12.3,82.8,-0.71,0.246,2.9,4.1,2.81
2026-10-01T10:40,,174.0,,,,0.0,0.0,0.0,1024.3,1221.7,7.24,430.3,600.0,11.0,9.5,12.6,81.5,-0.23,0.27,2.2,3.7,2.19
2026-10-01T10:50,,190.1,,,,0.0,0.0,0.0,1024.1,1221.3,7.25,429.2,599.0,10.9,9.5,12.9,80.0,0.49,0.298,2.8,4.6,2.76
2026-10-01T11:00,,194.2,,,,0.0,0.0,0.0,1024.1,1221.4,7.26,407.1,600.0,10.8,9.6,12.8,80.7,0.69,0.285,2.8,5.0,2.71
2026-10-01T11:10,,191.2,,,,0.0,0.0,0.0,1024.1,1221.4,7.2,429.6,600.0,10.5,9.4,12.8,80.0,0.62,0.296,3.2,4.7,3.14
2026-10-01T11:20,,195.9,,,,0.0,0.0,0.0,1023.9,1221.0,7.17,473.5,598.0,10.8,9.4,13.0,78.6,0.79,0.321,2.9,4.7,2.79
2026-10-01T11:30,,192.7,,,,0.0,0.0,0.0,1023.8,1220.7,7.13,505.2,600.0,10.5,9.3,13.2,77.2,0.81,0.346,3.7,5.5,3.61
2026-10-01T11:40,,194.8,,,,0.0,0.0,0.0,1023.7,1220.4,7.13,582.6,599.0,10.8,9.3,13.4,76.2,0.89,0.366,3.5,4.8,3.38
2026-10-01T11:50,,195.9,,,,0.0,0.0,0.0,1023.3,1219.5,7.16,579.4,600.0,11.4,9.3,14.0,73.5,0.96,0.424,3.5,5.3,3.37
2026-10-01T12:00,,195.0,,,,0.0,0.0,0.0,1023.4,1219.9,6.98,324.8,599.0,10.7,9.0,13.6,73.6,0.98,0.411,3.8,5.5,3.67
2026-10-01T12:10,,192.4,,,,0.0,0.0,0.0,1023.3,1219.7,6.84,340.9,600.0,11.2,8.7,13.7,71.6,0.67,0.445,3.1,5.5,3.03
2026-10-01T12:20,,182.6,,,,0.0,0.0,0.0,1023.2,1219.5,6.7,366.2,507.0,11.5,8.4,13.9,69.3,0.13,0.488,2.9,4.8,2.9
2026-10-01T12:30,,172.5,,,,0.0,0.0,0.0,1023.0,1219.0,6.58,385.9,217.0,11.4,8.1,14.2,66.7,-0.44,0.539,3.4,5.7,3.37
2026-10-01T12:40,,175.9,,,,0.0,0.0,0.0,1023.1,1219.2,6.55,375.0,260.0,11.0,8.0,14.1,66.8,-0.26,0.534,3.7,5.7,3.69
2026-10-01T12:50,,180.6,,,,0.0,0.0,0.0,1023.0,1219.0,6.58,421.3,394.0,11.5,8.1,14.2,66.7,0.03,0.539,3.2,5.1,3.2
2026-10-01T13:00,0.0,177.9,1.93,2.9,5.8,0.0,0.0,0.0,1022.6,1218.2,6.63,573.7,600.0,12.1,8.2,14.7,65.0,-0.11,0.585,3.1,5.5,3.1
2026-10-01T13:10,,177.9,,,,0.0,0.0,0.0,1022.3,1217.4,6.53,633.0,599.0,12.3,8.0,15.2,62.0,-0.12,0.656,3.4,5.9,3.4
2026-10-01T13:20,,186.8,,,,0.0,0.0,0.0,1022.0,1216.7,6.5,720.7,600.0,13.0,7.9,15.7,59.8,0.38,0.717,3.2,5.7,3.18
2026-10-01T13:30,,185.2,,,,0.0,0.0,0.0,1021.7,1216.2,6.42,669.5,599.0,12.9,7.7,15.9,58.3,0.32,0.753,3.5,5.5,3.49
2026-10-01T13:40,,194.4,,,,0.0,0.0,0.0,1021.7,1216.3,6.58,611.5,600.0,12.8,8.1,15.8,60.1,0.92,0.716,3.7,5.8,3.58
2026-10-01T13:50,,192.0,,,,0.0,0.0,0.0,1021.6,1216.2,6.61,642.8,600.0,12.9,8.1,15.8,60.4,0.73,0.711,3.5,5.9,3.42
2026-10-01T14:00,,178.7,,,,0.0,0.0,0.0,1021.3,1215.5,6.65,632.9,600.0,13.9,8.2,16.3,58.8,-0.07,0.764,2.9,4.6,2.9
2026-10-01T14:10,,170.1,,,,0.0,0.0,0.0,1021.1,1215.2,6.54,627.1,600.0,13.6,8.0,16.4,57.5,-0.57,0.793,3.3,5.7,3.25
2026-10-01T14:20,,171.4,,,,0.0,0.0,0.0,1021.0,1215.0,6.45,613.1,600.0,13.5,7.8,16.5,56.3,-0.52,0.82,3.5,6.1,3.46
2026-10-01T14:30,,187.4,,,,0.0,0.0,0.0,1020.8,1214.7,6.62,617.6,599.0,13.8,8.1,16.6,57.4,0.44,0.805,3.4,5.6,3.37
2026-10-01T14:40,,185.3,,,,0.0,0.0,0.0,1020.8,1214.8,6.56,598.0,600.0,13.3,8.0,16.4,57.6,0.34,0.791,3.7,5.6,3.68
2026-10-01T14:50,,181.0,,,,0.0,0.0,0.0,1020.8,1214.9,6.44,585.5,600.0,13.5,7.7,16.3,56.9,0.06,0.799,3.3,5.7,3.3
2026-10-01T15:00,,177.8,,,,0.0,0.0,0.0,1020.8,1214.9,6.38,542.8,600.0,13.6,7.6,16.3,56.4,-0.12,0.808,3.1,6.4,3.1
2026-10-01T15:10,,172.8,,,,0.0,0.0,0.0,1020.5,1214.4,6.43,554.8,598.0,13.7,7.7,16.4,56.5,-0.39,0.811,3.1,6.3,3.08
2026-10-01T15:20,,188.2,,,,0.0,0.0,0.0,1020.3,1214.1,6.42,544.1,600.0,13.7,7.7,16.5,56.0,0.47,0.826,3.3,5.4,3.27
2026-10-01T15:30,,177.0,,,,0.0,0.0,0.0,1020.4,1214.3,6.5,346.2,600.0,13.6,7.9,16.4,57.1,-0.17,0.8,3.3,5.3,3.3
2026-10-01T15:40,,173.9,,,,0.0,0.0,0.0,1020.6,1214.7,6.54,337.3,598.0,13.3,8.0,16.2,58.2,-0.36,0.77,3.4,5.4,3.38
2026-10-01T15:50,,170.8,,,,0.0,0.0,0.0,1020.7,1214.8,6.41,402.2,600.0,13.2,7.7,16.2,57.0,-0.56,0.792,3.5,5.5,3.45
2026-10-01T16:00,,181.8,,,,0.0,0.0,0.0,1020.5,1214.2,6.37,538.3,600.0,13.8,7.6,16.8,54.5,0.11,0.871,3.5,6.1,3.5
2026-10-01T16:10,,187.2,,,,0.0,0.0,0.0,1020.6,1214.4,6.55,475.7,598.0,13.5,8.0,16.6,56.8,0.46,0.816,3.7,6.9,3.67
2026-10-01T16:20,,184.7,,,,0.0,0.0,0.0,1020.6,1214.4,6.56,429.1,600.0,13.5,8.0,16.6,56.9,0.3,0.814,3.7,6.2,3.69
2026-10-01T16:30,,194.5,,,,0.0,0.0,0.0,1020.9,1215.1,6.44,322.6,600.0,13.2,7.7,16.2,57.3,0.9,0.786,3.6,6.3,3.49
2026-10-01T16:40,,197.2,,,,0.0,0.0,0.0,1021.1,1215.5,6.43,257.3,558.0,12.8,7.7,15.9,58.3,1.06,0.753,3.6,5.8,3.44
2026-10-01T16:50,,189.8,,,,0.0,0.0,0.0,1021.3,1216.0,6.57,220.4,388.0,12.9,8.1,15.6,60.8,0.54,0.695,3.2,5.3,3.15
2026-10-01T17:00,,186.4,,,,0.0,0.0,0.0,1021.5,1216.4,6.7,161.3,0.0,12.7,8.3,15.3,63.2,0.36,0.64,3.2,6.1,3.18
2026-10-01T17:10,,198.4,,,,0.0,0.0,0.0,1021.6,1216.7,6.59,123.8,0.0,12.4,8.1,15.1,62.9,1.01,0.637,3.2,4.7,3.04
2026-10-01T17:20,,204.0,,,,0.0,0.0,0.0,1021.8,1217.1,6.61,96.0,0.0,12.1,8.1,14.9,64.0,1.38,0.61,3.4,5.2,3.11
2026-10-01T17:30,,204.6,,,,0.0,0.0,0.0,1022.0,1217.5,6.64,82.6,0.0,12.5,8.2,14.6,65.5,1.0,0.573,2.4,3.6,2.18
2026-10-01T17:40,,220.5,,,,0.0,0.0,0.0,1022.1,1217.8,6.68,80.3,0.0,12.3,8.3,14.4,66.8,1.56,0.545,2.4,3.9,1.82
2026-10-01T17:50,,229.2,,,,0.0,0.0,0.0,1022.2,1218.1,6.71,74.7,0.0,11.3,8.4,14.2,68.0,2.73,0.518,3.6,5.2,2.35
2026-10-01T18:10,,230.1,,,,0.0,0.0,0.0,1022.5,1218.6,6.54,41.9,0.0,10.8,8.0,13.9,67.6,2.84,0.515,3.7,5.4,2.37
2026-10-01T18:20,,228.2,,,,0.0,0.0,0.0,1022.8,1219.1,6.51,30.7,0.0,10.5,7.9,13.7,68.1,2.91,0.5,3.9,5.5,2.6
2026-10-01T18:30,,227.4,,,,0.0,0.0,0.0,1023.0,1219.5,6.54,21.0,0.0,10.4,8.0,13.5,69.4,2.72,0.474,3.7,5.2,2.5
2026-10-01T18:40,,240.4,,,,0.0,0.0,0.0,1023.2,1219.9,6.55,11.3,0.0,10.3,8.0,13.3,70.4,3.22,0.452,3.7,4.7,1.83
2026-10-01T18:50,,241.3,,,,0.0,0.0,0.0,1023.3,1220.0,6.54,4.1,0.0,10.7,8.0,13.4,69.8,2.81,0.464,3.2,5.0,1.54
2026-10-01T19:00,,226.8,,,,0.0,0.0,0.0,1023.5,1220.2,6.53,0.7,0.0,10.9,8.0,13.4,69.8,2.11,0.464,2.9,3.8,1.99
2026-10-01T19:10,,229.2,,,,0.0,0.0,0.0,1023.6,1220.2,6.54,0.0,0.0,10.7,8.0,13.5,69.4,2.5,0.474,3.3,5.6,2.16
2026-10-01T19:20,,234.0,,,,0.0,0.0,0.0,1023.6,1220.2,6.53,0.0,0.0,10.7,8.0,13.5,69.3,2.67,0.475,3.3,4.7,1.94
2026-10-01T19:30,,232.5,,,,0.0,0.0,0.0,1023.8,1220.5,6.58,0.0,0.0,10.9,8.1,13.5,69.8,2.46,0.467,3.1,4.1,1.89
2026-10-01T19:40,,244.3,,,,0.0,0.0,0.0,1024.0,1220.9,6.58,0.0,0.0,10.4,8.1,13.3,70.8,3.15,0.446,3.5,4.8,1.52
2026-10-01T19:50,,239.9,,,,0.0,0.0,0.0,1024.2,1221.2,6.56,0.0,0.0,10.9,8.1,13.2,71.0,2.25,0.44,2.6,4.1,1.3
2026-10-01T20:00,,178.6,,,,0.0,0.0,0.0,1024.7,1222.3,6.6,0.0,0.0,11.2,8.2,12.5,74.9,-0.03,0.364,1.3,2.3,1.3
2026-10-01T20:10,,180.2,,,,0.0,0.0,0.0,1025.3,1223.5,6.55,0.0,0.0,10.5,8.0,11.8,77.8,0.0,0.307,1.2,1.8,1.2
2026-10-01T20:20,,201.9,,,,0.0,0.0,0.0,1025.7,1224.3,6.46,0.0,0.0,10.1,7.9,11.4,78.9,0.45,0.284,1.2,1.7,1.11
2026-10-01T20:30,,195.6,,,,0.0,0.0,0.0,1025.8,1224.5,6.48,0.0,0.0,9.8,7.9,11.3,79.6,0.38,0.273,1.4,1.9,1.35
2026-10-01T20:40,,195.2,,,,0.0,0.0,0.0,1026.0,1224.7,6.49,0.0,0.0,9.8,7.9,11.3,79.8,0.37,0.271,1.4,1.8,1.35
2026-10-01T20:50,,191.7,,,,0.0,0.0,0.0,1026.0,1224.6,6.58,0.0,0.0,10.0,8.1,11.5,79.8,0.3,0.274,1.5,1.9,1.47
2026-10-01T21:00,,189.9,,,,0.0,0.0,0.0,1026.2,1225.0,6.53,0.0,0.0,9.8,8.0,11.2,80.8,0.24,0.255,1.4,1.8,1.38
2026-10-01T21:10,,206.1,,,,0.0,0.0,0.0,1026.3,1225.2,6.51,0.0,0.0,9.6,8.0,11.2,80.6,0.7,0.258,1.6,2.5,1.44
2026-10-01T21:20,,176.1,,,,0.0,0.0,0.0,1026.6,1225.8,6.51,0.0,0.0,9.1,8.0,10.8,82.7,-0.12,0.224,1.8,2.4,1.8
2026-10-01T21:30,,174.7,,,,0.0,0.0,0.0,1026.6,1225.9,6.52,0.0,0.0,9.0,8.0,10.7,83.4,-0.17,0.214,1.8,2.2,1.79
2026-10-01T21:40,,160.9,,,,0.0,0.0,0.0,1026.9,1226.5,6.53,0.0,0.0,8.6,8.0,10.4,85.3,-0.62,0.185,1.9,2.6,1.8
2026-10-01T21:50,,198.3,,,,0.0,0.0,0.0,1026.8,1226.1,6.6,0.0,0.0,9.0,8.2,10.7,84.5,0.6,0.199,1.9,2.6,1.8
2026-10-01T22:00,,225.7,,,,0.0,0.0,0.0,1026.7,1225.8,6.46,0.0,0.0,9.2,7.9,11.0,81.1,1.36,0.248,1.9,2.6,1.33
2026-10-01T22:10,,210.1,,,,0.0,0.0,0.0,1026.9,1226.1,6.48,0.0,0.0,9.3,7.9,10.9,81.8,0.8,0.237,1.6,2.8,1.38
2026-10-01T22:20,,162.4,,,,0.0,0.0,0.0,1027.1,1226.7,6.53,0.0,0.0,8.9,8.0,10.5,84.7,-0.51,0.194,1.7,2.1,1.62
2026-10-01T22:30,,160.8,,,,0.0,0.0,0.0,1027.2,1226.8,6.51,0.0,0.0,9.0,8.0,10.4,85.1,-0.43,0.188,1.3,1.6,1.23
2026-10-01T22:40,,170.7,,,,0.0,0.0,0.0,1027.1,1226.6,6.56,0.0,0.0,9.4,8.1,10.6,84.5,-0.18,0.198,1.1,1.5,1.09
2026-10-01T22:50,,334.7,,,,0.0,0.0,0.0,1027.2,1226.7,6.58,0.0,0.0,10.1,8.1,10.6,84.8,0.04,0.194,0.1,1.1,-0.09
2026-10-01T23:00,,279.4,,,,0.0,0.0,0.0,1027.2,1226.7,6.63,0.0,0.0,9.9,8.3,10.6,85.5,0.39,0.185,0.4,0.7,-0.07
2026-10-01T23:10,,211.2,,,,0.0,0.0,0.0,1027.1,1226.4,6.6,0.0,0.0,9.8,8.2,10.8,83.9,0.47,0.209,0.9,1.6,0.77
2026-10-01T23:20,,220.3,,,,0.0,0.0,0.0,1026.7,1225.4,6.62,0.0,0.0,10.0,8.2,11.5,80.4,1.03,0.266,1.6,3.7,1.22
2026-10-01T23:30,,156.3,,,,0.0,0.0,0.0,1027.1,1226.3,6.62,0.0,0.0,9.9,8.2,10.9,83.6,-0.36,0.214,0.9,1.3,0.82
2026-10-01T23:40,,192.0,,,,0.0,0.0,0.0,1027.2,1226.4,6.6,0.0,0.0,9.7,8.2,11.0,82.9,0.27,0.224,1.3,1.8,1.27
2026-10-01T23:50,,195.3,,,,0.0,0.0,0.0,1027.1,1226.2,6.62,0.0,0.0,9.6,8.2,11.1,82.5,0.42,0.231,1.6,2.4,1.54
2026-10-02T00:00,,192.9,,,,0.0,0.0,0.0,1027.2,1226.4,6.62,0.0,0.0,9.4,8.2,11.0,83.1,0.38,0.222,1.7,2.6,1.66
2026-10-02T00:10,,195.2,,,,0.0,0.0,0.0,1027.0,1225.9,6.57,0.0,0.0,9.6,8.1,11.3,80.8,0.47,0.257,1.8,2.8,1.74
2026-10-02T00:20,,174.1,,,,0.0,0.0,0.0,1027.2,1226.3,6.71,0.0,0.0,9.8,8.4,11.1,83.7,-0.14,0.215,1.4,2.0,1.39
2026-10-02T00:30,,186.3,,,,0.0,0.0,0.0,1027.2,1226.2,6.61,0.0,0.0,9.6,8.2,11.2,81.9,0.19,0.241,1.7,3.0,1.69
2026-10-02T00:40,,195.3,,,,0.0,0.0,0.0,1027.2,1226.1,6.59,0.0,0.0,9.9,8.2,11.4,80.5,0.42,0.263,1.6,2.8,1.54
2026-10-02T00:50,,205.9,,,,0.0,0.0,0.0,1027.2,1226.1,6.58,0.0,0.0,9.6,8.1,11.4,80.4,0.87,0.264,2.0,3.2,1.8
2026-10-02T01:10,,211.9,,,,0.0,0.0,0.0,1027.2,1226.1,6.53,0.0,0.0,9.1,8.0,11.4,79.8,1.43,0.272,2.7,3.6,2.29
2026-10-02T01:20,,208.9,,,,0.0,0.0,0.0,1027.2,1226.2,6.54,0.0,0.0,9.1,8.1,11.3,80.5,1.21,0.261,2.5,3.7,2.19
2026-10-02T01:30,,211.7,,,,0.0,0.0,0.0,1027.3,1226.3,6.59,0.0,0.0,9.3,8.2,11.3,81.1,1.21,0.253,2.3,3.5,1.96
2026-10-02T01:40,,214.8,,,,0.0,0.0,0.0,1027.4,1226.4,6.64,0.0,0.0,9.2,8.3,11.3,81.7,1.37,0.245,2.4,3.6,1.97
2026-10-02T01:50,,218.9,,,,0.0,0.0,0.0,1027.5,1226.5,6.65,0.0,0.0,9.1,8.3,11.3,81.9,1.63,0.242,2.6,4.0,2.02
2026-10-02T02:00,,222.8,,,,0.0,0.0,0.0,1027.5,1226.5,6.65,0.0,0.0,9.1,8.3,11.3,81.9,1.77,0.242,2.6,3.5,1.91
2026-10-02T02:10,,209.3,,,,0.0,0.0,0.0,1027.6,1226.6,6.65,0.0,0.0,9.6,8.3,11.3,81.9,0.93,0.242,1.9,3.2,1.66
2026-10-02T02:20,,150.4,,,,0.0,0.0,0.0,1027.8,1227.1,6.71,0.0,0.0,9.6,8.5,11.0,84.3,-0.74,0.206,1.5,2.3,1.3
2026-10-02T02:30,,180.6,,,,0.0,0.0,0.0,1027.9,1227.3,6.73,0.0,0.0,9.6,8.5,10.9,85.1,0.01,0.194,1.3,2.0,1.3
2026-10-02T02:40,,186.3,,,,0.0,0.0,0.0,1028.1,1227.6,6.7,0.0,0.0,9.7,8.4,10.8,85.3,0.12,0.19,1.1,1.6,1.09
2026-10-02T02:50,,174.7,,,,0.0,0.0,0.0,1028.0,1227.6,6.67,0.0,0.0,9.7,8.4,10.7,85.5,-0.08,0.187,0.9,1.3,0.9
2026-10-02T03:00,,154.5,,,,0.0,0.0,0.0,1028.0,1227.6,6.7,0.0,0.0,9.7,8.4,10.7,85.8,-0.39,0.183,0.9,1.4,0.81
2026-10-02T03:10,,273.5,,,,0.0,0.0,0.0,1028.1,1227.8,6.74,0.0,0.0,9.9,8.5,10.6,86.9,0.5,0.167,0.5,1.1,-0.03
2026-10-02T03:20,,255.3,,,,0.0,0.0,0.0,1028.1,1227.8,6.74,0.0,0.0,9.6,8.5,10.6,86.9,0.87,0.167,0.9,1.3,0.23
2026-10-02T03:30,,257.9,,,,0.0,0.0,0.0,1028.0,1227.6,6.72,0.0,0.0,9.4,8.5,10.6,86.7,1.17,0.17,1.2,1.4,0.25
2026-10-02T03:40,,274.8,,,,0.0,0.0,0.0,1028.1,1227.8,6.76,0.0,0.0,9.5,8.6,10.5,87.8,0.9,0.155,0.9,1.5,-0.08
2026-10-02T03:50,,277.2,,,,0.0,0.0,0.0,1028.1,1227.8,6.78,0.0,0.0,9.9,8.6,10.6,87.4,0.5,0.161,0.5,0.9,-0.06
2026-10-02T04:00,,268.0,,,,0.0,0.0,0.0,1028.1,1227.8,6.74,0.0,0.0,9.8,8.5,10.6,87.0,0.7,0.166,0.7,1.0,0.02
2026-10-02T04:10,,251.2,,,,0.0,0.0,0.0,1027.9,1227.4,6.73,0.0,0.0,9.7,8.5,10.8,85.6,1.04,0.187,1.1,1.4,0.35
2026-10-02T04:20,,250.9,,,,0.0,0.0,0.0,1027.8,1227.3,6.73,0.0,0.0,9.7,8.5,10.8,85.7,1.04,0.185,1.1,1.5,0.36
2026-10-02T04:30,,300.2,,,,0.0,0.0,0.0,1027.9,1227.6,6.74,0.0,0.0,10.1,8.5,10.5,87.5,0.09,0.159,0.1,0.9,-0.05
2026-10-02T04:40,,265.1,,,,0.0,0.0,0.0,1027.9,1227.6,6.76,0.0,0.0,9.8,8.6,10.5,87.8,0.6,0.155,0.6,0.9,0.05
2026-10-02T04:50,,303.6,,,,0.0,0.0,0.0,1027.8,1227.4,6.69,0.0,0.0,10.1,8.4,10.6,86.3,0.17,0.175,0.2,0.9,-0.11
2026-10-02T05:00,,222.5,,,,0.0,0.0,0.0,1027.8,1227.5,6.76,0.0,0.0,10.0,8.5,10.5,87.7,0.2,0.156,0.3,0.6,0.22
2026-10-02T05:10,,211.7,,,,0.0,0.0,0.0,1027.8,1227.5,6.8,0.0,0.0,9.9,8.6,10.5,88.3,0.21,0.149,0.4,0.8,0.34
2026-10-02T05:20,,225.0,,,,0.0,0.0,0.0,1027.8,1227.5,6.83,0.0,0.0,9.8,8.7,10.5,88.7,0.42,0.143,0.6,0.8,0.42
2026-10-02T05:30,,236.2,,,,0.0,0.0,0.0,1027.7,1227.3,6.72,0.0,0.0,9.6,8.5,10.6,86.7,0.83,0.17,1.0,1.2,0.56
2026-10-02T05:40,,222.3,,,,0.0,0.0,0.0,1027.7,1227.2,6.78,0.0,0.0,10.1,8.6,10.7,86.9,0.27,0.169,0.4,1.2,0.3
2026-10-02T05:50,,182.9,,,,0.0,0.0,0.0,1027.9,1227.7,6.74,0.0,0.0,9.6,8.5,10.4,88.1,0.04,0.15,0.7,1.1,0.7
2026-10-02T06:00,,218.0,,,,0.0,0.0,0.0,1028.0,1227.8,6.75,0.0,0.0,9.6,8.5,10.4,88.2,0.43,0.149,0.7,0.9,0.55
2026-10-02T06:10,,240.6,,,,0.0,0.0,0.0,1027.9,1227.5,6.72,0.0,0.0,9.8,8.5,10.6,86.7,0.61,0.17,0.7,1.1,0.34
2026-10-02T06:20,,112.8,,,,0.0,0.0,0.0,1028.1,1227.8,6.78,0.0,0.0,10.0,8.6,10.5,88.1,-0.18,0.151,0.2,1.0,0.08
2026-10-02T06:30,,290.3,,,,0.0,0.0,0.0,1028.2,1228.0,6.81,0.0,0.0,9.8,8.7,10.4,89.0,0.38,0.139,0.4,0.7,-0.14
2026-10-02T06:40,,327.4,,,,0.0,0.0,0.0,1028.3,1228.2,6.81,0.0,0.0,9.6,8.7,10.3,89.7,0.32,0.129,0.6,0.9,-0.51
2026-10-02T06:50,,319.8,,,,0.0,0.0,0.0,1028.1,1227.8,6.78,0.0,0.0,10.1,8.6,10.6,87.5,0.13,0.16,0.2,0.7,-0.15
2026-10-02T07:00,,27.6,,,,0.0,0.0,0.0,1028.1,1227.7,6.9,0.0,0.0,10.4,8.9,10.7,88.4,-0.05,0.149,0.1,0.7,-0.09
2026-10-02T07:10,,38.3,,,,0.0,0.0,0.0,1028.3,1228.1,6.98,0.0,0.0,10.1,9.0,10.5,90.6,-0.19,0.119,0.3,0.9,-0.24
2026-10-02T07:20,,338.7,,,,0.0,0.0,0.0,1028.4,1228.1,6.97,0.0,0.0,9.8,9.0,10.6,89.9,0.33,0.129,0.9,1.6,-0.84
2026-10-02T07:30,,353.4,,,,0.0,0.0,0.0,1028.4,1228.1,6.92,0.2,0.0,9.9,8.9,10.7,88.7,0.09,0.145,0.8,1.5,-0.79
2026-10-02T07:40,,351.6,,,,0.0,0.0,0.0,1028.5,1228.2,6.94,0.7,0.0,9.7,8.9,10.7,88.9,0.16,0.143,1.1,1.7,-1.09
2026-10-02T07:50,,328.5,,,,0.0,0.0,0.0,1028.7,1228.5,6.96,2.9,0.0,9.8,9.0,10.6,89.8,0.42,0.13,0.8,1.3,-0.68
2026-10-02T08:00,,308.2,,,,0.0,0.0,0.0,1028.8,1228.7,7.0,12.2,0.0,9.9,9.1,10.5,91.0,0.47,0.114,0.6,1.0,-0.37
2026-10-02T08:10,,304.7,,,,0.0,0.0,0.0,1028.9,1228.8,7.04,17.2,0.0,9.8,9.2,10.5,91.5,0.58,0.108,0.7,1.2,-0.4
2026-10-02T08:20,,330.9,,,,0.1,0.1,0.1,1029.0,1228.9,7.06,26.8,0.0,9.6,9.2,10.5,91.7,0.49,0.105,1.0,1.5,-0.87
2026-10-02T08:40,,346.6,,,,0.0,0.1,0.1,1029.0,1228.8,7.22,52.1,0.0,10.3,9.5,10.7,92.6,0.12,0.095,0.5,1.0,-0.49
2026-10-02T08:50,,343.8,,,,0.0,0.1,0.1,1029.1,1228.8,7.17,46.8,0.0,10.0,9.4,10.8,91.3,0.28,0.113,1.0,1.9,-0.96
2026-10-02T09:00,,341.6,,,,0.0,0.1,0.1,1029.1,1228.8,7.27,48.0,0.0,9.8,9.6,10.8,92.6,0.41,0.096,1.3,2.1,-1.23
2026-10-02T09:10,,12.0,,,,0.0,0.1,0.1,1029.1,1228.7,7.32,56.2,0.0,9.6,9.7,10.9,92.6,-0.37,0.096,1.8,2.6,-1.76
2026-10-02T09:20,,20.1,,,,0.0,0.1,0.1,1029.1,1228.7,7.33,71.8,0.0,9.7,9.8,11.0,92.1,-0.65,0.104,1.9,2.4,-1.78
2026-10-02T09:30,,6.9,,,,0.0,0.1,0.1,1028.9,1228.3,7.44,91.0,0.0,9.8,10.0,11.2,92.3,-0.24,0.102,2.0,2.6,-1.99
2026-10-02T09:40,,4.4,,,,0.0,0.1,0.1,1028.9,1228.2,7.48,100.3,0.0,9.7,10.1,11.3,92.1,-0.18,0.106,2.4,3.2,-2.39
2026-10-02T09:50,,12.1,,,,0.0,0.1,0.1,1028.8,1227.9,7.55,109.5,0.0,9.9,10.2,11.5,91.8,-0.52,0.111,2.5,3.1,-2.44
2026-10-02T10:10,,14.6,,,,0.0,0.1,0.1,1028.6,1227.4,7.66,160.8,0.0,10.2,10.4,11.9,90.7,-0.68,0.13,2.7,3.9,-2.61
2026-10-02T10:20,,14.2,,,,0.0,0.1,0.1,1028.5,1227.1,7.71,181.3,0.0,9.6,10.5,12.1,90.0,-0.96,0.141,3.9,4.7,-3.78
2026-10-02T10:30,,14.8,,,,0.0,0.1,0.1,1028.3,1226.7,7.73,183.5,0.0,9.7,10.6,12.4,88.5,-1.05,0.166,4.1,5.0,-3.96
2026-10-02T10:40,,9.0,,,,0.0,0.1,0.1,1028.3,1226.7,7.64,188.7,0.0,9.8,10.4,12.4,87.5,-0.61,0.18,3.9,4.6,-3.85
2026-10-02T10:50,,19.7,,,,0.0,0.1,0.1,1028.3,1226.6,7.61,192.6,0.0,9.9,10.3,12.5,86.6,-1.31,0.194,3.9,4.8,-3.67
2026-10-02T11:00,,13.6,,,,0.0,0.1,0.1,1028.2,1226.2,7.67,205.3,0.0,10.2,10.4,12.8,85.5,-0.92,0.214,3.9,5.2,-3.79
2026-10-02T11:10,,12.3,,,,0.0,0.1,0.1,1028.2,1226.2,7.65,210.1,0.0,10.2,10.4,12.8,85.3,-0.85,0.217,4.0,4.7,-3.91
2026-10-02T11:20,,12.2,,,,0.0,0.1,0.1,1028.1,1226.0,7.67,224.6,0.0,10.2,10.4,13.0,84.4,-0.91,0.234,4.3,5.2,-4.2
2026-10-02T11:30,,11.7,,,,0.0,0.1,0.1,1028.0,1225.9,7.61,220.8,0.0,9.8,10.3,13.0,83.8,-0.95,0.243,4.7,5.6,-4.6
2026-10-02T11:40,,9.5,,,,0.0,0.1,0.1,1027.9,1225.7,7.6,228.3,0.0,9.6,10.3,13.0,83.6,-0.84,0.246,5.1,5.7,-5.03
2026-10-02T11:50,,13.6,,,,0.0,0.1,0.1,1027.8,1225.5,7.56,250.7,0.0,9.3,10.2,13.1,82.6,-1.32,0.262,5.6,6.4,-5.44
2026-10-02T12:00,,9.9,,,,0.0,0.1,0.1,1027.7,1225.3,7.61,245.9,0.0,9.1,10.3,13.2,82.6,-1.03,0.264,6.0,6.9,-5.91
2026-10-02T12:10,,10.0,,,,0.0,0.1,0.1,1027.6,1225.2,7.6,240.0,0.0,9.7,10.3,13.3,82.0,-0.92,0.275,5.3,6.1,-5.22
2026-10-02T12:30,,5.9,,,,0.0,0.1,0.1,1027.6,1225.1,7.28,206.9,0.0,9.6,9.6,13.4,78.0,-0.54,0.338,5.3,6.4,-5.27
2026-10-02T12:40,,13.3,,,,0.0,0.1,0.1,1027.6,1225.1,7.44,205.3,0.0,9.2,10.0,13.4,79.7,-1.4,0.312,6.1,7.0,-5.94
2026-10-02T12:50,,13.5,,,,0.0,0.1,0.1,1027.6,1225.0,7.39,200.6,0.0,9.2,9.9,13.5,78.7,-1.45,0.33,6.2,7.0,-6.03
2026-10-02T13:00,0.0,10.8,1.27,1.7,6.7,0.0,0.1,0.1,1027.5,1224.9,7.34,194.0,0.0,8.9,9.8,13.5,78.2,-1.22,0.337,6.5,7.3,-6.38
2026-10-02T13:10,,14.2,,,,0.0,0.1,0.1,1027.4,1224.8,7.43,198.8,0.0,8.7,9.9,13.4,79.6,-1.67,0.314,6.8,8.0,-6.59
2026-10-02T13:20,,17.4,,,,0.0,0.1,0.1,1027.3,1224.6,7.49,199.8,0.0,8.8,10.1,13.5,79.7,-2.03,0.314,6.8,7.7,-6.49
2026-10-02T13:30,,17.9,,,,0.0,0.1,0.1,1027.1,1224.3,7.38,211.6,0.0,8.8,9.9,13.6,78.1,-2.09,0.341,6.8,7.8,-6.47
2026-10-02T13:40,,19.7,,,,0.0,0.1,0.1,1027.1,1224.3,7.32,205.8,0.0,9.4,9.7,13.7,76.9,-2.06,0.362,6.1,7.3,-5.74
2026-10-02T13:50,,16.8,,,,0.0,0.1,0.1,1026.9,1224.0,7.42,202.2,0.0,9.6,9.9,13.8,77.4,-1.76,0.357,6.1,6.9,-5.84
2026-10-02T14:00,,16.3,,,,0.0,0.1,0.1,1026.8,1223.8,7.51,194.5,0.0,10.1,10.1,13.8,78.4,-1.52,0.341,5.4,6.4,-5.18
2026-10-02T14:10,,13.4,,,,0.0,0.1,0.1,1026.6,1223.6,7.55,198.4,0.0,10.3,10.2,13.8,78.8,-1.18,0.335,5.1,6.3,-4.96
2026-10-02T14:20,,15.8,,,,0.0,0.1,0.1,1026.5,1223.3,7.5,210.5,0.0,10.6,10.1,14.0,77.2,-1.33,0.364,4.9,5.7,-4.71
2026-10-02T14:30,,9.5,,,,0.0,0.1,0.1,1026.3,1223.0,7.62,225.2,0.0,10.8,10.3,14.1,77.9,-0.81,0.356,4.9,6.1,-4.83
2026-10-02T14:40,,19.2,,,,0.0,0.1,0.1,1026.3,1223.0,7.48,227.6,0.0,10.7,10.0,14.1,76.5,-1.61,0.378,4.9,5.5,-4.63
2026-10-02T14:50,,22.3,,,,0.0,0.1,0.1,1026.2,1222.8,7.62,222.2,0.0,11.3,10.3,14.2,77.4,-1.63,0.366,4.3,5.1,-3.98
2026-10-02T15:00,,24.3,,,,0.0,0.1,0.1,1026.0,1222.5,7.52,216.2,470.0,11.5,10.1,14.3,75.9,-1.69,0.393,4.1,5.2,-3.74
2026-10-02T15:10,,14.8,,,,0.0,0.1,0.1,1025.9,1222.3,7.59,226.2,598.0,11.7,10.2,14.4,76.1,-1.02,0.392,4.0,4.6,-3.87
2026-10-02T15:20,,10.9,,,,0.0,0.1,0.1,1025.7,1221.9,7.66,322.2,600.0,12.6,10.4,14.6,75.8,-0.59,0.402,3.1,4.0,-3.04
2026-10-02T15:30,,21.7,,,,0.0,0.1,0.1,1025.0,1220.4,7.63,560.8,600.0,13.8,10.3,15.6,70.8,-1.04,0.518,2.8,3.1,-2.6
2026-10-02T15:40,,17.1,,,,0.0,0.1,0.1,1024.6,1219.5,7.79,527.1,600.0,14.5,10.6,16.2,69.5,-0.79,0.562,2.7,3.2,-2.58
2026-10-02T15:50,,11.7,,,,0.0,0.1,0.1,1024.6,1219.5,7.8,489.9,599.0,14.0,10.6,16.2,69.6,-0.71,0.56,3.5,4.1,-3.43
2026-10-02T16:00,,15.9,,,,0.0,0.1,0.1,1024.5,1219.3,7.95,454.1,600.0,14.4,10.9,16.3,70.5,-0.85,0.547,3.1,3.6,-2.98
2026-10-02T16:10,,11.2,,,,0.0,0.1,0.1,1024.4,1219.2,7.69,401.9,600.0,15.2,10.4,16.3,68.2,-0.35,0.589,1.8,2.8,-1.77
2026-10-02T16:20,,20.7,,,,0.0,0.1,0.1,1024.5,1219.4,7.77,368.3,600.0,15.4,10.6,16.1,69.8,-0.46,0.553,1.3,1.6,-1.22
2026-10-02T16:30,,10.9,,,,0.0,0.1,0.1,1024.5,1219.6,7.66,204.7,379.0,15.2,10.4,15.8,70.1,-0.19,0.537,1.0,1.3,-0.98
2026-10-02T16:40,,330.1,,,,0.0,0.1,0.1,1025.0,1220.8,7.57,85.9,0.0,14.5,10.2,15.0,73.0,0.4,0.46,0.8,1.2,-0.69
2026-10-02T16:50,,316.8,,,,0.0,0.1,0.1,1025.2,1221.3,7.64,92.6,44.0,14.6,10.3,14.7,75.1,0.27,0.416,0.4,0.7,-0.29
2026-10-02T17:00,,251.9,,,,0.0,0.1,0.1,1025.3,1221.5,7.43,85.7,33.0,13.5,9.9,14.5,74.0,1.33,0.429,1.4,2.2,0.43
2026-10-02T17:10,,243.1,,,,0.0,0.1,0.1,1025.4,1221.7,7.26,75.3,0.0,13.0,9.6,14.4,72.8,1.69,0.446,1.9,2.9,0.86
2026-10-02T17:20,,236.9,,,,0.0,0.1,0.1,1025.7,1222.2,7.11,60.2,0.0,12.4,9.3,14.2,72.2,1.93,0.45,2.3,3.9,1.26
2026-10-02T17:30,,239.1,,,,0.0,0.1,0.1,1025.8,1222.4,6.97,56.3,0.0,12.0,9.0,14.1,71.3,2.32,0.462,2.7,4.0,1.39
2026-10-02T17:40,,242.0,,,,0.0,0.1,0.1,1025.9,1222.6,6.89,45.0,0.0,11.8,8.8,14.0,70.9,2.47,0.465,2.8,3.9,1.31
2026-10-02T17:50,,242.8,,,,0.0,0.1,0.1,1026.0,1222.7,6.91,36.3,0.0,11.9,8.8,14.0,71.1,2.4,0.462,2.7,3.8,1.23
2026-10-02T18:00,,239.6,,,,0.0,0.1,0.1,1026.3,1223.4,6.77,29.7,0.0,11.4,8.6,13.6,71.6,2.33,0.442,2.7,3.7,1.37
2026-10-02T18:10,,240.0,,,,0.0,0.1,0.1,1026.4,1223.6,6.69,24.3,0.0,11.5,8.4,13.5,71.2,1.99,0.446,2.3,3.6,1.15
2026-10-02T18:20,,204.1,,,,0.0,0.1,0.1,1026.9,1224.6,6.67,18.7,0.0,11.4,8.4,12.9,73.9,0.65,0.388,1.6,2.8,1.46
2026-10-02T18:30,,231.2,,,,0.0,0.1,0.1,1027.2,1225.2,6.52,14.6,0.0,11.0,8.0,12.6,73.6,1.25,0.385,1.6,2.5,1.0
2026-10-02T18:40,,247.1,,,,0.0,0.1,0.1,1027.8,1226.5,6.43,9.9,0.0,10.6,7.8,11.8,76.6,0.92,0.324,1.0,1.9,0.39
2026-10-02T18:50,,253.5,,,,0.0,0.1,0.1,1027.9,1226.7,6.24,4.8,0.0,10.2,7.4,11.7,74.9,1.25,0.345,1.3,2.8,0.37
2026-10-02T19:00,,331.0,,,,0.0,0.1,0.1,1028.5,1228.0,6.42,1.4,0.0,10.0,7.8,10.9,81.2,0.29,0.245,0.6,1.0,-0.52
2026-10-02T19:10,,310.5,,,,0.0,0.1,0.1,1029.0,1229.1,6.23,0.0,0.0,9.2,7.4,10.2,82.6,0.46,0.217,0.6,1.0,-0.39
2026-10-02T19:20,,271.2,,,,0.0,0.1,0.1,1029.1,1229.3,6.2,0.0,0.0,9.1,7.3,10.2,82.3,0.7,0.22,0.7,1.4,-0.01
2026-10-02T19:30,,295.3,,,,0.0,0.1,0.1,1029.3,1229.6,6.2,0.0,0.0,8.8,7.3,10.1,82.8,0.81,0.213,0.9,1.5,-0.38
2026-10-02T19:40,,288.6,,,,0.0,0.1,0.1,1029.5,1230.0,6.18,0.0,0.0,8.8,7.3,9.8,84.2,0.47,0.191,0.5,1.2,-0.16
2026-10-02T19:50,,327.9,,,,0.0,0.1,0.1,1029.7,1230.4,6.15,0.0,0.0,8.7,7.2,9.6,85.0,0.16,0.179,0.3,1.0,-0.25
2026-10-02T20:00,,295.9,,,,0.0,0.1,0.1,1029.9,1230.8,6.12,0.0,0.0,8.3,7.1,9.5,85.2,0.63,0.176,0.7,1.3,-0.31
2026-10-02T20:10,,294.9,,,,0.0,0.1,0.1,1030.0,1231.0,6.09,0.0,0.0,8.1,7.1,9.3,85.9,0.63,0.165,0.7,1.5,-0.29
2026-10-02T20:20,,300.8,,,,0.0,0.1,0.1,1030.2,1231.5,6.03,0.0,0.0,7.9,6.9,9.0,86.8,0.43,0.152,0.5,1.1,-0.26
2026-10-02T20:30,,313.2,,,,0.0,0.1,0.1,1030.3,1231.6,6.05,0.0,0.0,8.0,7.0,9.0,87.1,0.29,0.148,0.4,0.9,-0.27
2026-10-02T20:40,,280.8,,,,0.0,0.1,0.1,1030.3,1231.5,6.08,0.0,0.0,8.2,7.0,9.2,86.3,0.39,0.159,0.4,1.4,-0.07
2026-10-02T20:50,,286.9,,,,0.0,0.1,0.1,1030.6,1232.2,5.95,0.0,0.0,7.6,6.7,8.7,87.4,0.48,0.142,0.5,1.4,-0.15
2026-10-02T21:00,,267.9,,,,0.0,0.1,0.1,1030.8,1232.6,5.92,0.0,0.0,7.4,6.7,8.5,88.2,0.4,0.131,0.4,0.8,0.01
2026-10-02T21:10,,295.3,,,,0.0,0.1,0.1,1030.9,1232.7,5.95,0.0,0.0,7.3,6.7,8.5,88.7,0.54,0.125,0.6,1.0,-0.26
2026-10-02T21:20,,153.1,,,,0.0,0.1,0.1,1030.8,1232.4,6.08,0.0,0.0,7.9,7.1,8.8,88.8,-0.14,0.127,0.3,1.1,0.27
2026-10-02T21:30,,255.6,,,,0.0,0.1,0.1,1030.9,1232.6,6.1,0.0,0.0,7.8,7.1,8.7,89.6,0.29,0.117,0.3,1.2,0.07
2026-10-02T21:40,,291.3,,,,0.0,0.1,0.1,1030.9,1232.5,6.16,0.0,0.0,8.0,7.2,8.8,89.9,0.19,0.114,0.2,0.7,-0.07
2026-10-02T21:50,,321.4,,,,0.0,0.1,0.1,1031.1,1233.0,6.02,0.0,0.0,7.6,6.9,8.5,89.7,0.19,0.114,0.3,1.2,-0.23
2026-10-02T22:00,,208.7,,,,0.0,0.1,0.1,1031.1,1232.9,6.09,0.0,0.0,7.8,7.1,8.6,90.1,0.05,0.111,0.1,0.4,0.09
2026-10-02T22:10,,112.1,,,,0.0,0.1,0.1,1031.1,1232.9,6.07,0.0,0.0,7.8,7.0,8.6,89.8,-0.19,0.114,0.2,0.8,0.08
2026-10-02T22:20,,97.3,,,,0.0,0.1,0.1,1031.4,1233.6,5.97,0.0,0.0,7.3,6.8,8.1,91.5,-0.1,0.092,0.1,0.7,0.01
2026-10-02T22:30,,126.2,,,,0.0,0.1,0.1,1031.4,1233.6,6.0,0.0,0.0,7.2,6.9,8.1,91.9,-0.16,0.087,0.2,0.6,0.12
2026-10-02T22:40,,249.4,,,,0.0,0.1,0.1,1031.4,1233.6,5.99,0.0,0.0,7.3,6.8,8.1,91.8,0.09,0.089,0.1,0.7,0.04
2026-10-02T22:50,,343.1,,,,0.0,0.1,0.1,1031.4,1233.5,5.98,0.0,0.0,7.4,6.8,8.2,90.9,0.03,0.099,0.1,0.6,-0.1
2026-10-02T23:00,,115.4,,,,0.0,0.1,0.1,1031.4,1233.6,6.03,0.0,0.0,7.2,6.9,8.1,92.3,-0.18,0.083,0.2,0.5,0.09
2026-10-02T23:10,,338.2,,,,0.0,0.1,0.1,1031.7,1234.2,5.92,0.0,0.0,6.7,6.7,7.8,92.5,0.15,0.079,0.4,0.5,-0.37
2026-10-02T23:20,,294.6,,,,0.0,0.1,0.1,1031.7,1234.2,5.83,0.0,0.0,6.8,6.4,7.8,91.1,0.18,0.094,0.2,0.5,-0.08
2026-10-02T23:30,,161.1,,,,0.0,0.1,0.1,1031.5,1233.7,5.92,0.0,0.0,7.1,6.7,8.1,90.7,-0.1,0.1,0.3,1.1,0.28
2026-10-02T23:40,,298.6,,,,0.0,0.1,0.1,1031.8,1234.3,5.87,0.0,0.0,6.7,6.5,7.8,91.8,0.44,0.087,0.5,1.0,-0.24
2026-10-02T23:50,,105.1,,,,0.0,0.1,0.1,1031.9,1234.5,5.84,0.0,0.0,6.7,6.5,7.7,92.0,-0.29,0.084,0.3,1.1,0.08
2026-10-03T00:00,,217.6,,,,0.0,0.1,0.1,1032.1,1234.9,5.8,0.0,0.0,6.5,6.4,7.5,92.6,0.18,0.077,0.3,0.6,0.24
2026-10-03T00:10,,252.2,,,,0.0,0.1,0.1,1031.9,1234.5,5.75,0.0,0.0,6.4,6.2,7.8,89.9,0.67,0.107,0.7,1.5,0.21
2026-10-03T00:20,,240.1,,,,0.0,0.1,0.1,1032.1,1234.8,5.65,0.0,0.0,6.2,6.0,7.6,89.6,0.61,0.109,0.7,1.3,0.35
2026-10-03T00:30,,196.0,,,,0.0,0.1,0.1,1032.4,1235.5,5.62,0.0,0.0,5.8,5.9,7.2,91.7,0.17,0.084,0.6,1.0,0.58
2026-10-03T00:40,,237.7,,,,0.0,0.1,0.1,1032.5,1235.7,5.6,0.0,0.0,5.7,5.9,7.1,91.9,0.51,0.082,0.6,1.0,0.32
2026-10-03T00:50,,221.8,,,,0.0,0.1,0.1,1032.6,1235.8,5.63,0.0,0.0,6.1,6.0,7.1,92.4,0.07,0.077,0.1,0.9,0.07
2026-10-03T01:10,,256.2,,,,0.0,0.1,0.1,1032.9,1236.4,5.55,0.0,0.0,5.6,5.7,6.8,93.0,0.29,0.069,0.3,0.6,0.07
2026-10-03T01:20,,218.9,,,,0.0,0.1,0.1,1032.5,1235.6,5.67,0.0,0.0,6.2,6.0,7.2,92.4,0.13,0.077,0.2,0.6,0.16
2026-10-03T01:30,,239.6,,,,0.0,0.1,0.1,1032.5,1235.6,5.61,0.0,0.0,6.1,5.9,7.2,91.5,0.26,0.086,0.3,0.8,0.15
2026-10-03T01:40,,239.4,,,,0.0,0.1,0.1,1032.7,1236.0,5.41,0.0,0.0,5.6,5.4,7.1,88.8,0.52,0.113,0.6,1.4,0.31
2026-10-03T01:50,,196.2,,,,0.0,0.1,0.1,1032.8,1236.1,5.37,0.0,0.0,5.3,5.3,7.1,88.2,0.28,0.119,1.0,1.7,0.96
2026-10-03T02:00,,231.3,,,,0.0,0.1,0.1,1032.7,1235.9,5.41,0.0,0.0,5.5,5.4,7.2,88.3,0.78,0.119,1.0,1.5,0.63
2026-10-03T02:10,,303.9,,,,0.0,0.1,0.1,1032.9,1236.3,5.5,0.0,0.0,5.9,5.6,7.0,91.0,0.17,0.09,0.2,0.5,-0.11
2026-10-03T02:20,,299.0,,,,0.0,0.1,0.1,1032.9,1236.3,5.55,0.0,0.0,5.8,5.8,6.9,92.4,0.17,0.076,0.2,0.5,-0.1
2026-10-03T02:30,,269.7,,,,0.0,0.1,0.1,1033.1,1236.9,5.45,0.0,0.0,5.4,5.5,6.5,93.3,0.1,0.065,0.1,0.4,0.0
2026-10-03T02:40,,146.5,,,,0.0,0.1,0.1,1032.9,1236.5,5.52,0.0,0.0,5.6,5.7,6.7,93.1,-0.06,0.068,0.1,0.4,0.08
2026-10-03T02:50,,283.5,,,,0.0,0.1,0.1,1032.9,1236.7,5.47,0.0,0.0,5.5,5.5,6.5,93.6,0.0,0.062,0.0,0.5,-0.0
2026-10-03T03:00,,248.0,,,,0.0,0.1,0.1,1032.9,1236.7,5.42,0.0,0.0,5.2,5.4,6.5,92.8,0.37,0.07,0.4,0.8,0.15
2026-10-03T03:10,,180.5,,,,0.0,0.1,0.1,1032.7,1236.3,5.49,0.0,0.0,5.6,5.6,6.7,92.6,0.0,0.073,0.2,1.0,0.2
2026-10-03T03:20,,247.5,,,,0.0,0.1,0.1,1032.7,1236.3,5.48,0.0,0.0,5.5,5.6,6.6,93.1,0.18,0.067,0.2,1.1,0.08
2026-10-03T03:30,,275.3,,,,0.0,0.1,0.1,1032.7,1236.4,5.4,0.0,0.0,5.1,5.4,6.5,92.4,0.5,0.074,0.5,1.3,-0.05
2026-10-03T03:40,,75.7,,,,0.0,0.1,0.1,1032.6,1236.2,5.53,0.0,0.0,5.4,5.7,6.6,93.9,-0.29,0.059,0.3,0.7,-0.07
2026-10-03T03:50,,318.1,,,,0.0,0.1,0.1,1032.9,1237.1,5.35,0.0,0.0,4.5,5.2,6.0,94.8,0.4,0.049,0.6,0.9,-0.45
2026-10-03T04:00,,304.8,,,,0.0,0.1,0.1,1032.8,1236.8,5.33,0.0,0.0,4.8,5.2,6.2,93.2,0.33,0.064,0.4,0.8,-0.23
2026-10-03T04:10,,199.2,,,,0.0,0.1,0.1,1032.6,1236.5,5.38,0.0,0.0,5.2,5.3,6.3,93.4,0.03,0.063,0.1,0.6,0.09
2026-10-03T04:20,,284.5,,,,0.0,0.1,0.1,1032.6,1236.5,5.34,0.0,0.0,4.8,5.2,6.2,93.2,0.39,0.064,0.4,0.7,-0.1
2026-10-03T04:30,,338.8,,,,0.0,0.1,0.1,1032.5,1236.4,5.36,0.0,0.0,5.0,5.3,6.2,93.7,0.07,0.06,0.2,0.7,-0.19
2026-10-03T04:40,,257.0,,,,0.0,0.1,0.1,1032.5,1236.5,5.31,0.0,0.0,4.7,5.1,6.1,93.4,0.39,0.062,0.4,0.8,0.09
2026-10-03T04:50,,214.0,,,,0.0,0.1,0.1,1032.6,1236.7,5.29,0.0,0.0,4.6,5.1,6.0,93.7,0.22,0.059,0.4,0.7,0.33
2026-10-03T05:00,,242.9,,,,0.0,0.1,0.1,1032.6,1236.7,5.24,0.0,0.0,4.2,4.9,6.0,92.8,0.89,0.067,1.0,1.5,0.46
2026-10-03T05:10,,239.2,,,,0.0,0.1,0.1,1032.1,1235.6,5.27,0.0,0.0,4.6,5.0,6.6,89.6,1.12,0.101,1.3,1.7,0.67
2026-10-03T05:20,,198.0,,,,0.0,0.1,0.1,1032.3,1236.1,5.22,0.0,0.0,4.7,4.9,6.3,90.6,0.22,0.09,0.7,1.5,0.67
2026-10-03T05:30,,203.7,,,,0.0,0.1,0.1,1032.5,1236.5,5.25,0.0,0.0,4.3,4.9,6.1,92.3,0.36,0.073,0.9,1.2,0.82
2026-10-03T05:40,,251.4,,,,0.0,0.1,0.1,1032.9,1237.3,5.12,0.0,0.0,4.0,4.6,5.7,92.6,0.66,0.068,0.7,1.2,0.22
2026-10-03T05:50,,254.4,,,,0.0,0.1,0.1,1032.9,1237.4,5.11,0.0,0.0,3.9,4.6,5.5,93.8,0.48,0.056,0.5,1.0,0.13
2026-10-03T06:00,,7.3,,,,0.0,0.1,0.1,1032.6,1236.7,5.3,0.0,0.0,4.8,5.1,6.0,93.8,-0.01,0.058,0.1,0.5,-0.1
2026-10-03T06:10,,249.7,,,,0.0,0.1,0.1,1032.8,1237.2,5.23,0.0,0.0,4.3,4.9,5.7,94.6,0.28,0.049,0.3,0.7,0.1
2026-10-03T06:20,,285.4,,,,0.0,0.1,0.1,1032.6,1236.8,5.26,0.0,0.0,4.4,5.0,5.9,93.8,0.48,0.058,0.5,0.8,-0.13
2026-10-03T06:30,,42.5,,,,0.0,0.1,0.1,1032.3,1235.9,5.47,0.0,0.0,5.4,5.5,6.5,93.5,-0.07,0.063,0.1,0.8,-0.07
2026-10-03T06:40,,286.4,,,,0.0,0.1,0.1,1032.8,1237.2,5.23,0.0,0.0,4.3,4.9,5.7,94.6,0.38,0.049,0.4,0.6,-0.11
2026-10-03T06:50,,320.7,,,,0.0,0.1,0.1,1032.9,1237.4,5.16,0.0,0.0,3.8,4.7,5.5,94.6,0.44,0.049,0.7,1.0,-0.54
2026-10-03T07:00,,302.1,,,,0.0,0.1,0.1,1032.8,1237.2,5.19,0.0,0.0,3.9,4.8,5.7,93.8,0.76,0.057,0.9,1.3,-0.48
2026-10-03T07:10,,304.0,,,,0.0,0.1,0.1,1032.7,1237.0,5.18,0.0,0.0,4.2,4.8,5.7,93.7,0.41,0.058,0.5,1.0,-0.28
2026-10-03T07:20,,322.7,,,,0.0,0.1,0.1,1032.6,1236.8,5.22,0.5,0.0,4.6,4.9,5.9,93.1,0.12,0.064,0.2,0.8,-0.16
2026-10-03T07:30,,253.2,,,,0.0,0.1,0.1,1032.8,1237.2,5.2,3.4,0.0,4.3,4.8,5.7,94.1,0.38,0.054,0.4,0.9,0.12
2026-10-03T07:40,,301.0,,,,0.0,0.1,0.1,1032.7,1236.9,5.25,6.8,0.0,4.3,4.9,5.9,93.6,0.51,0.059,0.6,1.1,-0.31
2026-10-03T07:50,,167.4,,,,0.0,0.1,0.1,1032.7,1236.8,5.31,11.1,0.0,4.8,5.1,6.0,94.0,-0.04,0.056,0.2,0.8,0.2
2026-10-03T08:00,,270.0,,,,0.0,0.1,0.1,1032.7,1236.7,5.32,15.6,0.0,4.7,5.1,6.1,93.5,0.5,0.061,0.5,0.7,0.0
2026-10-03T08:10,,237.0,,,,0.0,0.1,0.1,1032.6,1236.5,5.37,22.6,0.0,5.2,5.3,6.3,93.1,0.08,0.066,0.1,0.7,0.05
2026-10-03T08:20,,244.0,,,,0.0,0.1,0.1,1032.6,1236.4,5.43,32.6,0.0,5.3,5.4,6.4,93.5,0.09,0.062,0.1,0.5,0.04
2026-10-03T08:30,,203.5,,,,0.0,0.0,0.1,1032.6,1236.4,5.46,42.6,0.0,5.2,5.5,6.4,94.0,0.08,0.058,0.2,0.6,0.18
2026-10-03T08:40,,228.3,,,,0.0,0.0,0.1,1032.6,1236.3,5.52,54.1,0.0,5.3,5.7,6.5,94.4,0.22,0.054,0.3,0.6,0.2
2026-10-03T08:50,,304.5,,,,0.0,0.0,0.1,1032.4,1235.9,5.57,66.1,0.0,5.7,5.8,6.7,94.0,0.0,0.059,0.0,0.3,-0.0
2026-10-03T09:00,,240.7,,,,0.0,0.0,0.1,1032.1,1235.1,5.79,85.1,150.0,6.3,6.4,7.3,93.8,0.17,0.063,0.2,0.6,0.1
2026-10-03T09:10,,265.1,,,,0.0,0.0,0.1,1031.8,1234.4,5.96,94.7,262.0,6.7,6.8,7.7,93.9,0.3,0.064,0.3,0.6,0.03
2026-10-03T09:20,,13.0,,,,0.0,0.0,0.1,1031.5,1233.7,6.06,235.5,600.0,7.3,7.0,8.1,92.8,-0.04,0.078,0.2,0.6,-0.19
2026-10-03T09:30,,45.9,,,,0.0,0.0,0.1,1031.0,1232.6,6.1,296.2,600.0,7.7,7.1,8.8,89.1,-0.43,0.123,0.6,1.2,-0.42
2026-10-03T09:40,,26.2,,,,0.0,0.0,0.1,1030.8,1232.0,6.07,322.1,600.0,8.0,7.0,9.3,85.7,-0.35,0.168,0.8,1.2,-0.72
2026-10-03T09:50,,20.0,,,,0.0,0.0,0.1,1030.5,1231.2,6.21,366.6,600.0,8.5,7.3,9.8,84.7,-0.34,0.185,1.0,1.5,-0.94
2026-10-03T10:00,,33.0,,,,0.0,0.0,0.1,1030.1,1230.4,6.27,392.3,599.0,8.9,7.5,10.3,82.7,-0.65,0.217,1.2,1.5,-1.01
2026-10-03T10:10,,10.9,,,,0.0,0.0,0.1,1029.9,1230.0,6.22,421.2,599.0,9.2,7.4,10.5,80.9,-0.19,0.243,1.0,1.3,-0.98
2026-10-03T10:20,,12.1,,,,0.0,0.0,0.1,1029.6,1229.3,6.28,453.0,600.0,9.5,7.5,10.9,79.6,-0.25,0.266,1.2,1.5,-1.17
2026-10-03T10:30,,17.3,,,,0.0,0.0,0.1,1029.2,1228.4,6.39,478.4,600.0,9.9,7.8,11.5,77.8,-0.48,0.301,1.6,2.0,-1.53
2026-10-03T10:40,,14.3,,,,0.0,0.0,0.1,1028.9,1227.7,6.47,497.3,599.0,10.4,7.9,11.9,76.7,-0.37,0.325,1.5,1.8,-1.45
2026-10-03T10:50,,22.0,,,,0.0,0.0,0.1,1028.8,1227.6,6.47,523.8,600.0,10.3,7.9,12.0,76.1,-0.64,0.335,1.7,2.0,-1.58
2026-10-03T11:00,,11.9,,,,0.0,0.0,0.1,1028.5,1227.0,6.52,500.3,600.0,10.9,8.0,12.3,75.2,-0.29,0.355,1.4,1.9,-1.37
2026-10-03T11:10,,33.0,,,,0.0,0.0,0.1,1028.4,1226.9,6.54,527.3,600.0,11.4,8.1,12.3,75.4,-0.38,0.352,0.7,1.6,-0.59
2026-10-03T11:20,,25.3,,,,0.0,0.0,0.1,1028.0,1226.0,6.71,573.6,600.0,11.5,8.5,12.8,74.9,-0.56,0.371,1.3,2.0,-1.18
2026-10-03T11:30,,48.7,,,,0.0,0.0,0.1,1027.3,1224.6,6.91,590.6,599.0,12.9,8.9,13.6,73.1,-0.45,0.419,0.6,2.5,-0.4
2026-10-03T11:40,,155.4,,,,0.0,0.0,0.1,1026.8,1223.5,6.54,607.5,600.0,11.9,8.0,14.2,66.5,-1.12,0.543,2.7,3.6,2.45
2026-10-03T11:50,,159.4,,,,0.0,0.0,0.1,1026.7,1223.3,6.53,618.5,600.0,11.8,8.0,14.4,65.6,-1.09,0.564,3.1,4.6,2.9
2026-10-03T12:00,,175.7,,,,0.0,0.0,0.1,1026.4,1222.7,6.71,636.5,598.0,12.5,8.4,14.7,66.1,-0.19,0.567,2.6,4.2,2.59
2026-10-03T12:10,,180.8,,,,0.0,0.0,0.1,1026.3,1222.6,6.79,613.1,600.0,12.3,8.6,14.7,66.8,0.04,0.555,2.9,4.2,2.9
2026-10-03T12:20,,171.3,,,,0.0,0.0,0.1,1026.0,1222.1,6.77,638.5,600.0,12.6,8.6,14.9,65.8,-0.42,0.579,2.8,4.7,2.77
2026-10-03T12:30,,174.9,,,,0.0,0.0,0.1,1026.0,1222.0,6.55,638.8,600.0,12.3,8.1,15.0,63.2,-0.28,0.628,3.2,4.7,3.19
2026-10-03T12:40,,174.8,,,,0.0,0.0,0.1,1025.8,1221.6,6.55,659.7,598.0,12.4,8.1,15.2,62.4,-0.3,0.65,3.3,5.1,3.29
2026-10-03T12:50,,177.4,,,,0.0,0.0,0.1,1025.6,1221.2,6.53,650.1,600.0,12.6,8.0,15.4,61.4,-0.15,0.675,3.3,5.2,3.3
2026-10-03T13:00,0.0,177.9,1.75,1.0,7.9,0.0,0.0,0.1,1025.5,1221.0,6.46,649.5,600.0,12.9,7.9,15.6,60.0,-0.11,0.709,3.1,4.8,3.1
2026-10-03T13:10,,180.4,,,,0.0,0.0,0.1,1025.3,1220.6,6.37,650.7,600.0,13.1,7.6,15.8,58.4,0.02,0.747,3.1,5.3,3.1
2026-10-03T13:20,,184.0,,,,0.0,0.0,0.1,1025.0,1220.0,6.42,668.0,598.0,13.5,7.8,16.1,57.7,0.2,0.774,2.9,5.7,2.89
2026-10-03T13:30,,186.8,,,,0.0,0.0,0.1,1024.9,1220.0,6.26,667.8,600.0,13.0,7.4,16.0,56.6,0.4,0.789,3.4,6.0,3.38
2026-10-03T13:40,,186.9,,,,0.0,0.0,0.1,1024.8,1219.6,6.03,663.0,599.0,13.3,6.8,16.3,53.5,0.4,0.862,3.3,6.4,3.28
2026-10-03T13:50,,184.1,,,,0.0,0.0,0.1,1024.6,1219.2,6.06,659.9,600.0,13.7,6.9,16.5,53.1,0.21,0.88,3.0,5.1,2.99
2026-10-03T14:00,,193.8,,,,0.0,0.0,0.1,1024.5,1219.2,6.09,655.5,600.0,13.0,7.0,16.4,53.7,0.91,0.864,3.8,6.0,3.69
2026-10-03T14:10,,197.3,,,,0.0,0.0,0.1,1024.5,1219.3,6.01,653.9,599.0,12.5,6.8,16.3,53.3,1.28,0.866,4.3,6.5,4.11
2026-10-03T14:20,,197.5,,,,0.0,0.0,0.1,1024.3,1219.0,5.76,640.2,600.0,12.6,6.2,16.4,50.8,1.26,0.918,4.2,6.0,4.01
2026-10-03T14:30,,193.9,,,,0.0,0.0,0.1,1024.2,1218.8,5.84,628.0,600.0,12.5,6.4,16.4,51.5,1.06,0.905,4.4,6.4,4.27
2026-10-03T14:40,,194.2,,,,0.0,0.0,0.1,1024.2,1218.9,5.97,595.7,598.0,12.6,6.7,16.3,53.0,1.03,0.871,4.2,6.3,4.07
2026-10-03T14:50,,196.1,,,,0.0,0.0,0.1,1024.1,1218.7,6.08,573.0,600.0,13.0,7.0,16.4,53.6,1.08,0.865,3.9,6.3,3.75
2026-10-03T15:00,,195.3,,,,0.0,0.0,0.1,1024.1,1218.8,6.1,520.9,600.0,12.9,7.0,16.3,54.1,1.03,0.851,3.9,5.6,3.76
2026-10-03T15:10,,196.7,,,,0.0,0.0,0.1,1024.0,1218.7,6.04,471.3,600.0,12.9,6.9,16.3,53.6,1.09,0.86,3.8,5.3,3.64
2026-10-03T15:20,,198.7,,,,0.0,0.0,0.1,1024.1,1218.9,5.82,422.1,600.0,12.5,6.3,16.1,52.3,1.25,0.873,3.9,6.2,3.69
2026-10-03T15:30,,196.9,,,,0.0,0.0,0.1,1024.1,1218.9,5.8,468.4,600.0,12.3,6.3,16.1,52.1,1.22,0.877,4.2,6.3,4.02
2026-10-03T15:40,,199.2,,,,0.0,0.0,0.1,1024.0,1218.7,6.08,467.1,600.0,12.8,7.0,16.2,54.3,1.28,0.842,3.9,6.2,3.68
2026-10-03T15:50,,192.9,,,,0.0,0.0,0.1,1023.8,1218.4,6.22,434.0,600.0,13.5,7.3,16.4,54.8,0.71,0.843,3.2,5.4,3.12
2026-10-03T16:00,,203.3,,,,0.0,0.0,0.1,1023.9,1218.6,6.38,378.5,600.0,12.7,7.6,16.2,56.9,1.66,0.794,4.2,6.1,3.86
2026-10-03T16:10,,198.0,,,,0.0,0.0,0.1,1024.0,1218.9,6.45,403.0,600.0,12.8,7.8,16.0,58.3,1.21,0.758,3.9,5.3,3.71
2026-10-03T16:20,,207.3,,,,0.0,0.0,0.1,1024.1,1219.1,6.63,381.7,599.0,12.9,8.2,15.9,60.3,1.7,0.717,3.7,5.3,3.29
2026-10-03T16:30,,213.6,,,,0.0,0.0,0.1,1024.2,1219.4,6.64,344.9,600.0,12.5,8.2,15.6,61.6,2.16,0.681,3.9,5.4,3.25
2026-10-03T16:40,,218.0,,,,0.0,0.0,0.1,1024.3,1219.7,6.58,334.6,600.0,11.9,8.1,15.4,61.8,2.71,0.668,4.4,6.5,3.47
2026-10-03T16:50,,217.9,,,,0.0,0.0,0.1,1024.4,1219.9,6.54,286.9,600.0,11.9,8.0,15.3,61.8,2.58,0.664,4.2,6.2,3.31
2026-10-03T17:00,,221.8,,,,0.0,0.0,0.1,1024.7,1220.7,6.38,71.6,0.0,11.2,7.7,14.7,62.7,2.8,0.624,4.2,6.1,3.13
2026-10-03T17:10,,219.9,,,,0.0,0.0,0.1,1025.0,1221.3,6.31,57.0,0.0,10.8,7.5,14.3,63.7,2.63,0.592,4.1,6.1,3.15
2026-10-03T17:20,,217.0,,,,0.0,0.0,0.1,1025.2,1221.8,6.25,48.1,0.0,10.4,7.4,14.0,64.3,2.59,0.571,4.3,6.7,3.43
2026-10-03T17:30,,218.8,,,,0.0,0.0,0.1,1025.3,1222.0,6.15,41.6,0.0,10.2,7.1,13.8,64.1,2.63,0.566,4.2,6.4,3.27
2026-10-03T17:40,,215.9,,,,0.0,0.0,0.1,1025.4,1222.3,6.13,36.2,0.0,10.2,7.1,13.6,64.8,2.29,0.548,3.9,5.2,3.16
2026-10-03T17:50,,221.3,,,,0.0,0.0,0.1,1025.5,1222.6,6.13,29.9,0.0,9.6,7.1,13.4,65.6,2.97,0.529,4.5,6.3,3.38
2026-10-03T18:00,,221.1,,,,0.0,0.0,0.1,1025.6,1222.8,6.06,25.4,0.0,10.0,6.9,13.3,65.3,2.43,0.53,3.7,5.4,2.79
2026-10-03T18:10,,216.9,,,,0.0,0.0,0.1,1025.8,1223.2,6.04,20.3,0.0,10.0,6.9,13.1,66.0,2.04,0.513,3.4,4.5,2.72
2026-10-03T18:20,,217.0,,,,0.0,0.0,0.1,1025.9,1223.3,6.02,15.5,0.0,10.1,6.8,13.1,65.8,1.93,0.516,3.2,4.9,2.56
2026-10-03T18:30,,221.1,,,,0.0,0.0,0.1,1026.0,1223.5,6.03,11.8,0.0,9.8,6.9,13.0,66.3,2.3,0.505,3.5,5.0,2.64
2026-10-03T18:40,,220.9,,,,0.0,0.0,0.1,1026.3,1224.0,6.01,7.4,0.0,9.5,6.8,12.7,67.4,2.29,0.479,3.5,4.8,2.65
2026-10-03T18:50,,226.9,,,,0.0,0.0,0.1,1026.5,1224.4,5.95,3.0,0.0,9.7,6.7,12.6,67.2,2.26,0.479,3.1,4.2,2.12
2026-10-03T19:00,,229.1,,,,0.0,0.0,0.1,1026.8,1224.9,5.92,0.3,0.0,9.8,6.6,12.4,67.7,1.97,0.465,2.6,4.1,1.7
2026-10-03T19:10,,202.3,,,,0.0,0.0,0.1,1027.3,1225.9,5.94,0.0,0.0,9.9,6.7,11.8,70.8,0.61,0.404,1.6,3.3,1.48
2026-10-03T19:20,,181.5,,,,0.0,0.0,0.1,1027.5,1226.2,5.95,0.0,0.0,10.2,6.7,11.7,71.4,0.03,0.393,1.1,3.1,1.1
2026-10-03T19:30,,188.3,,,,0.0,0.0,0.1,1027.8,1226.9,5.85,0.0,0.0,9.8,6.5,11.3,72.1,0.14,0.374,1.0,2.5,0.99
2026-10-03T19:40,,173.3,,,,0.0,0.0,0.1,1028.1,1227.5,5.89,0.0,0.0,9.1,6.5,11.0,74.0,-0.19,0.341,1.6,2.7,1.59
2026-10-03T19:50,,189.0,,,,0.0,0.0,0.1,1028.3,1227.9,5.81,0.0,0.0,8.9,6.3,10.7,74.5,0.2,0.328,1.3,1.7,1.28
2026-10-03T20:00,,297.9,,,,0.0,0.0,0.1,1029.0,1229.5,5.62,0.0,0.0,8.4,5.9,9.8,76.6,0.53,0.284,0.6,1.4,-0.28
2026-10-03T20:10,,294.6,,,,0.0,0.0,0.1,1029.3,1230.0,5.55,0.0,0.0,8.3,5.7,9.6,76.7,0.45,0.279,0.5,1.0,-0.21
2026-10-03T20:20,,250.1,,,,0.0,0.0,0.1,1029.5,1230.4,5.5,0.0,0.0,7.7,5.6,9.3,77.6,0.85,0.262,0.9,1.8,0.31
2026-10-03T20:30,,262.8,,,,0.0,0.0,0.1,1029.5,1230.4,5.56,0.0,0.0,7.9,5.7,9.4,77.9,0.69,0.261,0.7,1.3,0.09
2026-10-03T20:40,,248.2,,,,0.0,0.0,0.1,1029.7,1230.7,5.46,0.0,0.0,7.8,5.5,9.2,77.6,0.56,0.261,0.6,1.6,0.22
2026-10-03T20:50,,213.7,,,,0.0,0.0,0.1,1029.7,1230.6,5.32,0.0,0.0,7.5,5.1,9.4,74.6,0.67,0.3,1.2,1.9,1.0
2026-10-03T21:00,,192.5,,,,0.0,0.0,0.1,1029.8,1230.8,5.35,0.0,0.0,7.2,5.2,9.3,75.5,0.32,0.287,1.5,1.9,1.46
2026-10-03T21:10,,188.1,,,,0.0,0.0,0.1,1030.1,1231.4,5.37,0.0,0.0,7.2,5.2,9.0,77.3,0.15,0.261,1.1,1.6,1.09
2026-10-03T21:20,,214.4,,,,0.0,0.0,0.1,1030.2,1231.5,5.36,0.0,0.0,7.4,5.2,9.0,77.2,0.4,0.262,0.7,1.3,0.58
2026-10-03T21:30,,312.9,,,,0.0,0.0,0.1,1030.6,1232.4,5.36,0.0,0.0,7.2,5.2,8.5,79.8,0.22,0.224,0.3,0.8,-0.2
2026-10-03T21:40,,114.9,,,,0.0,0.0,0.1,1030.9,1233.0,5.35,0.0,0.0,6.9,5.2,8.1,82.0,-0.18,0.194,0.2,1.0,0.08
2026-10-03T21:50,,246.6,,,,0.0,0.0,0.1,1031.0,1233.1,5.33,0.0,0.0,6.5,5.2,8.1,81.7,0.64,0.198,0.7,1.1,0.28
2026-10-03T22:00,,268.3,,,,0.0,0.0,0.1,1031.0,1233.1,5.37,0.0,0.0,6.9,5.3,8.2,81.7,0.3,0.199,0.3,1.3,0.01
2026-10-03T22:10,,182.5,,,,0.0,0.0,0.1,1031.2,1233.5,5.34,0.0,0.0,6.6,5.2,8.0,82.3,0.02,0.19,0.4,1.0,0.4
2026-10-03T22:20,,263.4,,,,0.0,0.0,0.1,1031.4,1233.9,5.38,0.0,0.0,6.2,5.3,7.8,84.1,0.79,0.168,0.8,1.1,0.09
2026-10-03T22:30,,267.6,,,,0.0,0.0,0.1,1031.4,1233.9,5.29,0.0,0.0,6.5,5.1,7.8,82.8,0.3,0.182,0.3,0.8,0.01
2026-10-03T22:40,,154.6,,,,0.0,0.0,0.1,1031.3,1233.6,5.45,0.0,0.0,6.6,5.5,8.0,84.0,-0.21,0.172,0.5,1.1,0.45
2026-10-03T22:50,,219.3,,,,0.0,0.0,0.1,1031.4,1233.9,5.33,0.0,0.0,6.4,5.2,7.8,83.4,0.32,0.176,0.5,1.0,0.39
2026-10-03T23:00,,268.5,,,,0.0,0.0,0.1,1031.5,1234.1,5.26,0.0,0.0,6.2,5.0,7.7,82.9,0.6,0.18,0.6,1.0,0.02
2026-10-03T23:10,,95.3,,,,0.0,0.0,0.1,1031.6,1234.2,5.39,0.0,0.0,6.6,5.3,7.7,84.8,-0.1,0.16,0.1,0.8,0.01
2026-10-03T23:20,,193.3,,,,0.0,0.0,0.1,1031.7,1234.4,5.39,0.0,0.0,6.3,5.3,7.6,85.5,0.07,0.151,0.3,0.6,0.29
2026-10-03T23:30,,53.4,,,,0.0,0.0,0.1,1031.8,1234.7,5.37,0.0,0.0,6.0,5.3,7.3,86.9,-0.24,0.134,0.3,0.9,-0.18
2026-10-03T23:40,,241.2,,,,0.0,0.0,0.1,1031.9,1234.9,5.32,0.0,0.0,5.9,5.1,7.2,86.7,0.26,0.135,0.3,0.5,0.14
2026-10-03T23:50,,257.8,,,,0.0,0.0,0.1,1031.8,1234.8,5.23,0.0,0.0,5.8,4.9,7.2,85.3,0.29,0.149,0.3,1.0,0.06
2026-10-04T00:00,,75.8,,,,0.0,0.0,0.1,1031.8,1234.8,5.35,0.0,0.0,5.9,5.2,7.2,87.2,-0.29,0.13,0.3,1.0,-0.07
2026-10-04T00:10,,334.8,,,,0.0,0.0,0.1,1032.0,1235.3,5.32,0.0,0.0,5.7,5.1,6.9,88.6,0.09,0.113,0.2,0.4,-0.18
2026-10-04T00:20,,193.5,,,,0.0,0.0,0.1,1031.9,1235.1,5.31,0.0,0.0,5.8,5.1,7.0,87.7,0.02,0.123,0.1,0.3,0.1
2026-10-04T00:30,,129.1,,,,0.0,0.0,0.1,1031.6,1234.4,5.42,0.0,0.0,6.3,5.4,7.4,87.1,-0.08,0.133,0.1,0.6,0.06
2026-10-04T00:40,,272.8,,,,0.0,0.0,0.1,1032.0,1235.3,5.28,0.0,0.0,5.6,5.0,6.9,87.8,0.3,0.121,0.3,0.6,-0.01
2026-10-04T00:50,,261.6,,,,0.0,0.0,0.1,1031.8,1235.0,5.24,0.0,0.0,5.7,4.9,7.0,86.6,0.2,0.134,0.2,0.5,0.03
2026-10-04T01:10,,284.5,,,,0.0,0.0,0.1,1032.0,1235.4,5.2,0.0,0.0,5.3,4.8,6.7,87.8,0.39,0.12,0.4,0.6,-0.1
2026-10-04T01:20,,305.1,,,,0.0,0.0,0.1,1032.1,1235.6,5.14,0.0,0.0,5.1,4.6,6.6,87.3,0.33,0.124,0.4,0.7,-0.23
2026-10-04T01:30,,301.9,,,,0.0,0.0,0.1,1032.1,1235.6,5.17,0.0,0.0,5.3,4.7,6.6,87.9,0.17,0.118,0.2,0.5,-0.11
2026-10-04T01:40,,317.4,,,,0.0,0.0,0.1,1032.1,1235.7,5.14,0.0,0.0,5.2,4.6,6.5,87.9,0.07,0.117,0.1,0.9,-0.07
2026-10-04T01:50,,269.1,,,,0.0,0.0,0.1,1032.1,1235.8,5.12,0.0,0.0,5.1,4.6,6.4,88.1,0.2,0.114,0.2,1.0,0.0
2026-10-04T02:00,,304.0,,,,0.0,0.0,0.1,1031.8,1235.3,5.13,0.0,0.0,5.1,4.6,6.6,87.1,0.33,0.126,0.4,1.1,-0.22
2026-10-04T02:10,,273.3,,,,0.0,0.0,0.1,1032.1,1235.9,5.06,0.0,0.0,4.7,4.4,6.2,88.3,0.3,0.111,0.3,0.9,-0.02
2026-10-04T02:20,,312.3,,,,0.0,0.0,0.1,1032.1,1236.0,5.03,0.0,0.0,4.6,4.3,6.1,88.5,0.3,0.108,0.4,1.0,-0.27
2026-10-04T02:30,,345.1,,,,0.0,0.0,0.1,1032.0,1235.8,5.05,0.0,0.0,4.8,4.4,6.2,88.2,0.05,0.112,0.2,0.6,-0.19
2026-10-04T02:40,,261.6,,,,0.0,0.0,0.1,1031.9,1235.8,5.02,0.0,0.0,4.6,4.3,6.1,88.3,0.3,0.11,0.3,0.6,0.04
2026-10-04T02:50,,322.1,,,,0.0,0.0,0.1,1031.9,1236.0,4.96,0.0,0.0,4.3,4.1,5.8,89.0,0.18,0.101,0.3,0.5,-0.24
2026-10-04T03:00,,304.1,,,,0.0,0.0,0.1,1031.9,1236.1,4.93,0.0,0.0,4.2,4.0,5.7,89.1,0.17,0.1,0.2,0.8,-0.11
2026-10-04T03:10,,282.5,,,,0.0,0.0,0.1,1031.6,1235.5,4.99,0.0,0.0,4.4,4.2,6.0,88.4,0.49,0.108,0.5,1.0,-0.11
2026-10-04T03:20,,305.4,,,,0.0,0.0,0.1,1031.7,1235.9,4.93,0.0,0.0,4.2,4.0,5.7,89.1,0.24,0.1,0.3,0.7,-0.17
2026-10-04T03:30,,297.9,,,,0.0,0.0,0.1,1031.6,1235.7,4.93,0.0,0.0,4.0,4.0,5.8,88.5,0.62,0.106,0.7,1.2,-0.33
2026-10-04T03:40,,324.9,,,,0.0,0.0,0.1,1031.5,1235.5,4.92,0.0,0.0,4.1,4.0,5.9,87.6,0.4,0.115,0.7,1.1,-0.57
2026-10-04T03:50,,335.7,,,,0.0,0.0,0.1,1031.1,1234.5,5.01,0.0,0.0,4.2,4.3,6.5,85.7,0.62,0.138,1.5,2.1,-1.37
2026-10-04T04:00,,321.5,,,,0.0,0.0,0.1,1031.1,1234.4,5.01,0.0,0.0,4.7,4.3,6.6,85.0,0.56,0.146,0.9,2.0,-0.7
2026-10-04T04:10,,286.0,,,,0.0,0.0,0.1,1031.4,1235.2,4.81,0.0,0.0,4.2,3.7,6.1,84.6,0.77,0.145,0.8,1.5,-0.22
2026-10-04T04:20,,302.1,,,,0.0,0.0,0.1,1031.6,1235.7,4.8,0.0,0.0,4.0,3.7,5.8,86.1,0.51,0.128,0.6,1.8,-0.32
2026-10-04T04:30,,266.4,,,,0.0,0.0,0.1,1031.5,1235.5,4.87,0.0,0.0,4.1,3.9,5.9,86.8,0.6,0.123,0.6,1.4,0.04
2026-10-04T04:40,,279.5,,,,0.0,0.0,0.1,1031.7,1235.9,4.73,0.0,0.0,3.6,3.5,5.6,86.1,0.89,0.126,0.9,1.5,-0.15
2026-10-04T04:50,,339.8,,,,0.0,0.0,0.1,1031.5,1235.5,4.85,0.0,0.0,4.1,3.8,5.8,87.0,0.17,0.12,0.5,1.3,-0.47
2026-10-04T05:00,,141.0,,,,0.0,0.0,0.1,1031.6,1235.7,4.83,0.0,0.0,4.3,3.7,5.7,87.2,-0.06,0.117,0.1,0.5,0.08
2026-10-04T05:10,,253.3,,,,0.0,0.0,0.1,1031.8,1236.1,4.73,0.0,0.0,3.7,3.5,5.5,86.7,0.57,0.12,0.6,1.0,0.17
2026-10-04T05:20,,323.5,,,,0.0,0.0,0.1,1031.9,1236.3,4.66,0.0,0.0,3.6,3.2,5.4,86.0,0.3,0.126,0.5,0.9,-0.4
2026-10-04T05:30,,357.7,,,,0.0,0.0,0.1,1031.8,1236.1,4.69,0.0,0.0,3.8,3.3,5.5,86.0,0.02,0.126,0.4,0.9,-0.4
2026-10-04T05:40,,324.4,,,,0.0,0.0,0.1,1031.7,1236.0,4.7,0.0,0.0,3.4,3.4,5.5,86.2,0.52,0.125,0.9,1.6,-0.73
2026-10-04T05:50,,334.6,,,,0.0,0.0,0.1,1031.7,1236.1,4.64,0.0,0.0,3.4,3.2,5.4,85.7,0.34,0.128,0.8,1.3,-0.72
2026-10-04T06:00,,352.2,,,,0.0,0.0,0.1,1031.4,1235.3,4.74,0.0,0.0,3.8,3.5,5.9,84.5,0.14,0.144,1.0,1.8,-0.99
2026-10-04T06:10,,264.9,,,,0.0,0.0,0.1,1031.5,1235.7,4.62,0.0,0.0,3.8,3.1,5.6,84.0,0.5,0.146,0.5,1.1,0.04
2026-10-04T06:20,,314.7,,,,0.0,0.0,0.1,1031.6,1236.0,4.61,0.0,0.0,3.2,3.1,5.4,85.1,0.71,0.134,1.0,1.5,-0.7
2026-10-04T06:30,,332.1,,,,0.0,0.0,0.1,1031.5,1235.8,4.72,0.0,0.0,3.4,3.4,5.5,86.5,0.42,0.122,0.9,1.9,-0.8
2026-10-04T06:40,,260.5,,,,0.0,0.0,0.1,1031.3,1235.4,4.74,0.0,0.0,3.9,3.5,5.7,85.7,0.59,0.131,0.6,1.0,0.1
2026-10-04T06:50,,306.2,,,,0.0,0.0,0.1,1031.6,1236.0,4.64,0.0,0.0,3.2,3.2,5.3,86.3,0.73,0.122,0.9,1.7,-0.53
2026-10-04T07:00,,318.5,,,,0.0,0.0,0.1,1031.3,1235.5,4.6,0.0,0.0,3.7,3.1,5.6,83.7,0.4,0.148,0.6,1.1,-0.45
2026-10-04T07:10,,358.6,,,,0.0,0.0,0.1,1031.0,1234.6,4.75,0.0,0.0,4.2,3.5,6.2,82.8,0.02,0.163,0.9,1.8,-0.9
2026-10-04T07:20,,343.9,,,,0.0,0.0,0.1,1031.0,1234.5,4.71,0.6,0.0,4.2,3.4,6.3,81.7,0.28,0.175,1.0,3.4,-0.96
2026-10-04T13:00,0.0,,0.5,0.0,12.1,,,,,,,,,,,,,,,,,
