datetime,DVENTO,PREC,PRESS,RADSOL,SOLEGG,TEMP,UMID,VVENTO,VVENTOMAX
2026-08-20T21:50,290.2,0.1,1015.4,0.0,0.0,18.5,100.0,2.1,3.1
2026-08-20T21:55,,0.0,,,,,,,
2026-08-20T22:00,306.1,0.0,1015.3,0.0,0.0,18.4,100.0,1.2,2.4
2026-08-20T22:05,,0.1,,,,,,,
2026-08-20T22:10,311.2,0.1,1015.1,0.0,0.0,18.4,100.0,1.4,2.2
2026-08-20T22:15,,0.1,,,,,,,
2026-08-20T22:20,319.9,0.0,1015.0,0.0,0.0,18.4,100.0,1.7,2.4
2026-08-20T22:25,,0.1,,,,,,,
2026-08-20T22:30,331.8,0.0,1015.0,0.0,0.0,18.4,100.0,1.7,2.3
2026-08-20T22:35,,0.0,,,,,,,
2026-08-20T22:40,315.0,0.0,1015.1,0.0,0.0,18.4,100.0,1.1,2.5
2026-08-20T22:45,,0.1,,,,,,,
2026-08-20T22:50,268.1,0.0,1015.3,0.0,0.0,18.3,100.0,1.0,1.3
2026-08-20T22:55,,0.0,,,,,,,
2026-08-20T23:00,275.9,0.0,1015.4,0.0,0.0,18.2,100.0,0.6,1.1
2026-08-20T23:05,,0.0,,,,,,,
2026-08-20T23:10,357.9,0.0,1015.2,0.0,0.0,18.2,100.0,0.9,1.2
2026-08-20T23:15,,0.1,,,,,,,
2026-08-20T23:20,47.2,0.0,1015.2,0.0,0.0,18.2,100.0,1.5,1.8
2026-08-20T23:25,,0.0,,,,,,,
2026-08-20T23:30,56.8,0.1,1014.9,0.0,0.0,18.3,100.0,0.7,1.3
2026-08-20T23:35,,0.0,,,,,,,
2026-08-20T23:40,161.6,0.0,1014.7,0.0,0.0,18.3,100.0,0.6,1.7
2026-08-20T23:45,,0.0,,,,,,,
2026-08-20T23:50,212.3,0.1,1014.6,0.0,0.0,18.1,100.0,0.5,1.6
2026-08-20T23:55,,0.0,,,,,,,
2026-08-21T00:00,293.9,0.0,1014.3,0.0,0.0,18.0,100.0,0.8,1.5
2026-08-21T00:05,,0.0,,,,,,,
2026-08-21T00:10,295.0,0.0,1014.0,0.0,0.0,17.9,100.0,1.5,1.9
2026-08-21T00:15,,0.0,,,,,,,
2026-08-21T00:20,345.3,0.0,1013.9,0.0,0.0,17.8,100.0,0.9,1.6
2026-08-21T00:25,,0.0,,,,,,,
2026-08-21T00:30,287.0,0.0,1013.9,0.0,0.0,17.7,100.0,1.5,2.2
2026-08-21T00:35,,0.0,,,,,,,
2026-08-21T00:40,310.7,0.0,1013.7,0.0,0.0,17.6,100.0,0.7,2.1
2026-08-21T00:45,,0.0,,,,,,,
2026-08-21T00:50,274.1,0.0,1013.5,0.0,0.0,17.5,100.0,1.3,1.7
2026-08-21T00:55,,0.0,,,,,,,
2026-08-21T01:00,303.5,0.0,1013.4,0.0,0.0,17.5,100.0,2.1,2.9
2026-08-21T01:05,,0.0,,,,,,,
2026-08-21T01:10,325.4,0.0,1013.2,0.0,0.0,17.5,100.0,2.2,3.1
2026-08-21T01:15,,0.0,,,,,,,
2026-08-21T01:20,304.1,0.0,1013.1,0.0,0.0,17.5,100.0,1.7,2.4
2026-08-21T01:25,,0.0,,,,,,,
2026-08-21T01:30,297.1,0.0,1013.3,0.0,0.0,17.3,100.0,1.6,2.7
2026-08-21T01:35,,0.0,,,,,,,
2026-08-21T01:40,343.2,0.0,1013.5,0.0,0.0,17.3,100.0,2.0,2.8
2026-08-21T01:45,,0.0,,,,,,,
2026-08-21T01:50,318.0,0.0,1013.6,0.0,0.0,17.2,100.0,1.5,2.3
2026-08-21T01:55,,0.0,,,,,,,
2026-08-21T02:00,264.0,0.0,1013.6,0.0,0.0,17.2,100.0,1.6,2.7
2026-08-21T02:05,,0.0,,,,,,,
2026-08-21T02:10,39.8,0.0,1013.8,0.0,0.0,17.2,100.0,1.1,2.6
2026-08-21T02:15,,0.0,,,,,,,
2026-08-21T02:20,64.2,0.0,1013.6,0.0,0.0,17.1,100.0,0.8,1.5
2026-08-21T02:25,,0.0,,,,,,,
2026-08-21T02:30,194.1,0.0,1013.6,0.0,0.0,16.8,100.0,0.7,1.8
2026-08-21T02:35,,0.0,,,,,,,
2026-08-21T02:40,216.1,0.0,1013.6,0.0,0.0,16.6,100.0,0.7,1.7
2026-08-21T02:45,,0.0,,,,,,,
2026-08-21T02:50,82.8,0.0,1013.6,0.0,0.0,16.5,100.0,0.9,1.9
2026-08-21T02:55,,0.0,,,,,,,
2026-08-21T03:00,43.9,0.0,1013.4,0.0,0.0,16.4,100.0,0.3,1.0
2026-08-21T03:05,,0.0,,,,,,,
2026-08-21T03:10,23.5,0.0,1013.6,0.0,0.0,16.1,100.0,0.8,1.6
2026-08-21T03:15,,0.0,,,,,,,
2026-08-21T03:20,149.8,0.0,1013.8,0.0,0.0,16.0,100.0,0.4,1.6
2026-08-21T03:25,,0.0,,,,,,,
2026-08-21T03:30,251.5,0.0,1013.9,0.0,0.0,15.9,100.0,1.0,1.7
2026-08-21T03:35,,0.0,,,,,,,
2026-08-21T03:40,298.7,0.0,1013.7,0.0,0.0,16.0,100.0,0.3,1.4
2026-08-21T03:45,,0.0,,,,,,,
2026-08-21T03:50,11.4,0.0,1013.6,0.0,0.0,15.8,100.0,1.3,1.5
2026-08-21T03:55,,0.0,,,,,,,
2026-08-21T04:00,51.9,0.0,1013.5,0.0,0.0,15.8,100.0,1.0,1.6
2026-08-21T04:05,,0.0,,,,,,,
2026-08-21T04:10,153.4,0.0,1013.5,0.0,0.0,15.6,100.0,0.2,1.7
2026-08-21T04:15,,0.0,,,,,,,
2026-08-21T04:20,251.7,0.0,1013.7,0.0,0.0,15.6,100.0,1.2,2.0
2026-08-21T04:25,,0.0,,,,,,,
2026-08-21T04:30,354.8,0.0,1013.7,0.0,0.0,15.7,100.0,0.8,2.0
2026-08-21T04:35,,0.0,,,,,,,
2026-08-21T04:40,349.0,0.0,1013.8,0.0,0.0,15.7,100.0,0.8,1.5
2026-08-21T04:45,,0.0,,,,,,,
2026-08-21T04:50,309.4,0.0,1013.9,0.0,0.0,15.6,100.0,0.8,1.3
2026-08-21T04:55,,0.0,,,,,,,
2026-08-21T05:00,354.7,0.0,1013.7,0.0,0.0,15.7,100.0,1.7,2.1
2026-08-21T05:05,,0.0,,,,,,,
2026-08-21T05:10,330.4,0.0,1013.7,0.0,0.0,15.8,100.0,0.9,1.5
2026-08-21T05:15,,0.0,,,,,,,
2026-08-21T05:20,261.0,0.0,1013.7,0.0,0.0,15.7,100.0,0.9,1.4
2026-08-21T05:25,,0.0,,,,,,,
2026-08-21T05:30,294.3,0.1,1013.6,0.0,0.0,15.7,100.0,1.0,1.4
2026-08-21T05:35,,0.0,,,,,,,
2026-08-21T05:40,273.2,0.0,1013.5,0.0,0.0,15.5,100.0,1.4,2.1
2026-08-21T05:45,,0.0,,,,,,,
2026-08-21T05:50,285.6,0.0,1013.3,0.0,0.0,15.6,100.0,1.5,2.3
2026-08-21T05:55,,0.0,,,,,,,
2026-08-21T06:00,314.3,0.0,1013.1,0.0,0.0,15.5,100.0,1.4,1.8
2026-08-21T06:05,,0.0,,,,,,,
2026-08-21T06:10,307.9,0.0,1013.0,0.0,0.0,15.5,100.0,1.6,2.8
2026-08-21T06:15,,0.0,,,,,,,
2026-08-21T06:20,306.0,0.0,1012.7,0.0,0.0,15.7,100.0,2.3,3.3
2026-08-21T06:25,,0.0,,,,,,,
2026-08-21T06:30,282.3,0.0,1012.7,0.4,0.0,15.6,100.0,1.8,2.6
2026-08-21T06:35,,0.0,,,,,,,
2026-08-21T06:40,14.5,0.0,1012.9,5.9,0.0,15.5,100.0,1.3,2.1
2026-08-21T06:45,,0.0,,,,,,,
2026-08-21T06:50,319.6,0.0,1012.9,14.2,0.0,15.4,100.0,0.9,1.4
2026-08-21T06:55,,0.0,,,,,,,
2026-08-21T07:00,288.1,0.0,1012.7,16.7,0.0,15.6,100.0,0.3,1.5
2026-08-21T07:05,,0.0,,,,,,,
2026-08-21T07:10,51.3,0.0,1012.7,17.7,0.0,15.7,100.0,1.1,1.8
2026-08-21T07:15,,0.0,,,,,,,
2026-08-21T07:20,64.3,0.0,1012.7,31.6,0.0,15.6,100.0,0.9,1.6
2026-08-21T07:25,,0.0,,,,,,,
2026-08-21T07:30,226.6,0.0,1012.6,59.9,0.0,15.8,100.0,0.7,1.5
2026-08-21T07:35,,0.0,,,,,,,
2026-08-21T07:40,271.3,0.0,1012.5,72.7,0.0,16.0,100.0,1.1,1.6
2026-08-21T07:45,,0.0,,,,,,,
2026-08-21T07:50,322.4,0.0,1012.0,86.4,0.0,16.3,100.0,1.0,1.5
2026-08-21T07:55,,0.0,,,,,,,
2026-08-21T08:00,349.5,0.0,1011.8,104.7,0.0,16.4,100.0,1.0,1.4
2026-08-21T08:05,,0.0,,,,,,,
2026-08-21T08:10,331.3,0.0,1011.6,112.6,0.0,16.7,100.0,1.1,2.0
2026-08-21T08:15,,0.0,,,,,,,
2026-08-21T08:20,17.0,0.0,1011.8,99.6,0.0,16.6,100.0,0.9,1.9
2026-08-21T08:25,,0.0,,,,,,,
2026-08-21T08:30,3.7,0.0,1012.1,78.7,0.0,16.8,100.0,0.2,0.5
2026-08-21T08:35,,0.0,,,,,,,
2026-08-21T08:40,163.8,0.0,1012.7,83.4,0.0,17.0,100.0,0.4,1.6
2026-08-21T08:45,,0.0,,,,,,,
2026-08-21T08:50,3.7,0.0,1012.5,82.5,0.0,17.3,100.0,1.2,1.7
2026-08-21T08:55,,0.0,,,,,,,
2026-08-21T09:00,292.4,0.0,1012.6,70.1,0.0,17.4,100.1,1.1,2.0
2026-08-21T09:05,,0.0,,,,,,,
2026-08-21T09:10,285.7,0.0,1012.4,59.8,0.0,17.5,100.1,1.4,2.1
2026-08-21T09:15,,0.0,,,,,,,
2026-08-21T09:20,262.2,0.0,1012.5,53.2,0.0,17.4,100.1,1.3,2.6
2026-08-21T09:25,,0.0,,,,,,,
2026-08-21T09:30,116.5,0.0,1013.0,47.4,0.0,17.4,100.1,0.7,1.3
2026-08-21T09:35,,0.0,,,,,,,
2026-08-21T09:40,128.6,0.0,1013.2,39.6,0.0,17.5,100.1,0.7,1.0
2026-08-21T09:45,,0.0,,,,,,,
2026-08-21T09:50,183.2,0.0,1013.3,33.4,0.0,17.4,100.1,0.9,1.6
2026-08-21T09:55,,0.0,,,,,,,
2026-08-21T10:00,162.4,0.0,1013.4,26.6,0.0,17.3,100.1,0.5,1.1
2026-08-21T10:05,,0.0,,,,,,,
2026-08-21T10:10,86.3,0.2,1013.6,28.6,0.0,17.5,100.1,1.0,1.8
2026-08-21T10:15,,0.1,,,,,,,
2026-08-21T10:20,101.9,0.1,1013.9,29.3,0.0,17.5,100.1,1.3,1.7
2026-08-21T10:25,,0.2,,,,,,,
2026-08-21T10:30,123.3,0.1,1014.0,26.4,0.0,17.5,100.1,0.6,1.6
2026-08-21T10:35,,0.2,,,,,,,
2026-08-21T10:40,123.6,0.3,1014.0,32.1,0.0,17.6,100.1,0.5,1.4
2026-08-21T10:45,,0.3,,,,,,,
2026-08-21T10:50,64.1,0.3,1014.0,35.5,0.0,17.5,100.1,0.6,1.0
2026-08-21T10:55,,0.3,,,,,,,
2026-08-21T11:00,42.6,0.3,1013.8,36.5,0.0,17.5,100.0,0.7,1.2
2026-08-21T11:05,,0.3,,,,,,,
2026-08-21T11:10,352.5,0.3,1013.6,46.9,0.0,17.4,100.0,0.2,0.7
2026-08-21T11:15,,0.3,,,,,,,
2026-08-21T11:20,334.5,0.4,1013.5,47.7,0.0,17.5,100.0,0.3,0.7
2026-08-21T11:25,,0.4,,,,,,,
2026-08-21T11:30,101.9,0.7,1013.6,48.1,0.0,17.4,100.0,0.3,0.5
2026-08-21T11:35,,1.1,,,,,,,
2026-08-21T11:40,133.0,0.4,1013.5,60.1,0.0,17.4,100.1,0.2,1.7
2026-08-21T11:45,,0.3,,,,,,,
2026-08-21T11:50,251.1,0.3,1013.5,71.9,0.0,17.3,100.1,0.4,1.0
2026-08-21T11:55,,0.2,,,,,,,
2026-08-21T12:00,282.6,0.2,1013.3,99.8,0.0,17.4,100.1,0.5,0.7
2026-08-21T12:05,,0.3,,,,,,,
2026-08-21T12:10,335.1,0.2,1012.9,109.9,0.0,17.5,100.1,0.8,1.6
2026-08-21T12:15,,0.1,,,,,,,
2026-08-21T12:20,339.6,0.2,1012.7,143.9,0.0,17.7,100.1,1.0,2.0
2026-08-21T12:25,,0.1,,,,,,,
2026-08-21T12:30,331.4,0.2,1012.2,214.6,0.0,17.9,100.1,1.4,2.4
2026-08-21T12:35,,0.1,,,,,,,
2026-08-21T12:40,320.7,0.0,1011.7,322.8,0.0,18.3,100.1,1.8,2.6
2026-08-21T12:45,,0.1,,,,,,,
2026-08-21T12:50,317.9,0.0,1011.3,389.7,0.0,18.8,100.0,1.9,3.2
2026-08-21T12:55,,0.0,,,,,,,
2026-08-21T13:00,309.8,0.0,1011.1,373.2,0.0,18.7,100.1,2.1,3.4
2026-08-21T13:05,,0.0,,,,,,,
2026-08-21T13:10,317.1,0.0,1010.6,493.1,0.0,19.1,100.1,1.5,2.8
2026-08-21T13:15,,0.0,,,,,,,
2026-08-21T13:20,239.4,0.0,1010.3,343.5,0.0,19.3,100.2,0.6,1.3
2026-08-21T13:25,,0.0,,,,,,,
2026-08-21T13:30,271.4,0.0,1009.9,322.0,0.0,19.4,100.2,0.3,1.8
2026-08-21T13:35,,0.0,,,,,,,
2026-08-21T13:40,322.6,0.0,1009.8,247.5,0.0,19.5,100.3,1.9,3.2
2026-08-21T13:45,,0.1,,,,,,,
2026-08-21T13:50,346.8,0.0,1009.7,149.2,0.0,19.2,100.3,1.6,2.4
2026-08-21T13:55,,0.1,,,,,,,
2026-08-21T14:00,345.7,0.1,1009.7,143.0,0.0,18.9,100.3,1.7,2.2
2026-08-21T14:05,,0.1,,,,,,,
2026-08-21T14:10,342.2,0.1,1009.6,152.6,0.0,19.0,100.3,0.9,1.7
2026-08-21T14:15,,0.1,,,,,,,
2026-08-21T14:20,349.7,0.1,1009.4,116.2,0.0,18.9,100.2,0.8,1.2
2026-08-21T14:25,,0.2,,,,,,,
2026-08-21T14:30,266.4,0.1,1009.2,105.3,0.0,18.7,100.3,0.4,1.2
2026-08-21T14:35,,0.1,,,,,,,
2026-08-21T14:40,163.6,0.0,1009.2,100.8,0.0,18.9,100.3,0.7,2.0
2026-08-21T14:45,,0.1,,,,,,,
2026-08-21T14:50,107.9,0.0,1008.9,111.0,0.0,18.8,100.3,0.8,1.7
2026-08-21T14:55,,0.0,,,,,,,
2026-08-21T15:00,126.3,0.0,1008.7,136.5,0.0,18.8,100.2,0.7,1.2
2026-08-21T15:05,,0.0,,,,,,,
2026-08-21T15:10,108.5,0.0,1008.7,106.0,0.0,19.0,100.2,0.8,1.4
2026-08-21T15:15,,0.0,,,,,,,
2026-08-21T15:20,149.4,0.0,1008.8,78.9,0.0,18.9,100.2,0.8,1.4
2026-08-21T15:25,,0.0,,,,,,,
2026-08-21T15:30,169.9,0.0,1008.8,56.4,0.0,18.9,100.2,0.6,1.6
2026-08-21T15:35,,0.0,,,,,,,
2026-08-21T15:40,172.7,0.0,1008.6,45.8,0.0,18.8,100.2,0.4,1.3
2026-08-21T15:45,,0.2,,,,,,,
2026-08-21T15:50,206.1,0.2,1008.6,45.1,0.0,18.9,100.2,0.2,1.5
2026-08-21T15:55,,0.3,,,,,,,
2026-08-21T16:00,277.2,0.1,1008.7,52.8,0.0,18.7,100.2,0.3,0.5
2026-08-21T16:05,,0.2,,,,,,,
2026-08-21T16:10,202.4,0.1,1008.5,49.3,0.0,18.7,100.2,0.4,1.7
2026-08-21T16:15,,0.0,,,,,,,
2026-08-21T16:20,245.7,0.1,1008.7,38.0,0.0,18.6,100.2,0.2,0.5
2026-08-21T16:25,,0.1,,,,,,,
2026-08-21T16:30,8.6,0.1,1008.8,44.7,0.0,18.6,100.2,0.4,0.6
2026-08-21T16:35,,0.3,,,,,,,
2026-08-21T16:40,1.3,0.1,1008.8,43.9,0.0,18.7,100.2,0.5,0.7
2026-08-21T16:45,,0.1,,,,,,,
2026-08-21T16:50,322.7,0.3,1008.8,56.6,0.0,18.7,100.2,1.4,1.9
2026-08-21T16:55,,0.2,,,,,,,
2026-08-21T17:00,319.3,0.2,1008.8,70.4,0.0,18.6,100.1,1.5,2.0
2026-08-21T17:05,,0.0,,,,,,,
2026-08-21T17:10,325.0,0.1,1008.8,77.4,0.0,18.7,100.1,1.6,2.9
2026-08-21T17:15,,0.1,,,,,,,
2026-08-21T17:20,327.3,0.2,1008.8,71.1,0.0,18.6,100.1,2.1,2.8
2026-08-21T17:25,,0.1,,,,,,,
2026-08-21T17:30,328.0,0.1,1009.0,49.4,0.0,18.5,100.1,2.4,3.7
2026-08-21T17:35,,0.1,,,,,,,
2026-08-21T17:40,335.0,0.2,1009.2,41.5,0.0,18.3,100.1,2.4,4.1
2026-08-21T17:45,,0.4,,,,,,,
2026-08-21T17:50,325.7,0.3,1009.1,53.1,0.0,18.3,100.1,1.8,2.9
2026-08-21T17:55,,0.4,,,,,,,
2026-08-21T18:00,288.9,0.3,1009.0,75.7,0.0,18.5,100.0,1.0,1.7
2026-08-21T18:05,,0.1,,,,,,,
2026-08-21T18:10,3.0,0.0,1009.1,90.3,0.0,18.5,100.0,1.7,2.6
2026-08-21T18:15,,0.0,,,,,,,
2026-08-21T18:20,359.7,0.0,1009.1,75.3,0.0,18.5,100.0,1.0,2.8
2026-08-21T18:25,,0.1,,,,,,,
2026-08-21T18:30,184.4,0.0,1009.2,73.4,0.0,18.6,100.0,0.8,2.1
2026-08-21T18:35,,0.0,,,,,,,
2026-08-21T18:40,152.2,0.0,1009.2,52.3,0.0,18.7,100.0,0.8,1.7
2026-08-21T18:45,,0.0,,,,,,,
2026-08-21T18:50,167.2,0.0,1009.2,48.3,0.0,18.7,100.0,1.0,1.8
2026-08-21T18:55,,0.0,,,,,,,
2026-08-21T19:00,139.0,0.0,1009.2,45.1,0.0,18.8,100.0,0.9,1.9
2026-08-21T19:05,,0.1,,,,,,,
2026-08-21T19:10,197.6,0.0,1009.3,45.7,0.0,18.8,100.1,0.6,1.2
2026-08-21T19:15,,0.0,,,,,,,
2026-08-21T19:20,128.8,0.0,1009.4,31.2,0.0,18.7,100.1,0.7,1.7
2026-08-21T19:25,,0.0,,,,,,,
2026-08-21T19:30,113.2,0.0,1009.5,26.9,0.0,18.7,100.0,1.1,1.9
2026-08-21T19:35,,0.0,,,,,,,
2026-08-21T19:40,99.2,0.0,1009.6,19.8,0.0,18.6,100.0,0.8,1.6
2026-08-21T19:45,,0.0,,,,,,,
2026-08-21T19:50,102.7,0.0,1009.9,7.4,0.0,18.5,100.0,0.6,1.4
2026-08-21T19:55,,0.0,,,,,,,
2026-08-21T20:00,77.2,0.0,1010.1,2.0,0.0,18.4,100.0,0.8,1.4
2026-08-21T20:05,,0.0,,,,,,,
2026-08-21T20:10,152.3,0.0,1010.3,0.0,0.0,18.3,100.0,0.7,1.4
2026-08-21T20:15,,0.1,,,,,,,
2026-08-21T20:20,156.3,0.0,1010.4,0.0,0.0,18.4,100.0,0.8,1.5
2026-08-21T20:25,,0.1,,,,,,,
2026-08-21T20:30,139.2,0.0,1010.7,0.0,0.0,18.2,100.0,0.5,1.6
2026-08-21T20:35,,0.0,,,,,,,
2026-08-21T20:40,78.9,0.0,1010.8,0.0,0.0,18.0,100.0,1.1,2.0
2026-08-21T20:45,,0.0,,,,,,,
2026-08-21T20:50,107.9,0.0,1011.0,0.0,0.0,18.0,100.0,1.1,1.9
2026-08-21T20:55,,0.0,,,,,,,
2026-08-21T21:00,82.2,0.0,1011.0,0.0,0.0,17.9,100.0,0.8,1.2
2026-08-21T21:05,,0.0,,,,,,,
2026-08-21T21:10,116.6,0.0,1011.0,0.0,0.0,17.7,100.0,0.6,1.4
2026-08-21T21:15,,0.0,,,,,,,
2026-08-21T21:20,138.7,0.0,1011.3,0.0,0.0,17.4,100.0,0.2,1.4
2026-08-21T21:25,,0.0,,,,,,,
2026-08-21T21:30,33.4,0.0,1011.4,0.0,0.0,17.1,100.0,0.9,1.3
2026-08-21T21:35,,0.0,,,,,,,
2026-08-21T21:40,25.0,0.0,1011.5,0.0,0.0,17.1,100.0,1.0,1.3
2026-08-21T21:45,,0.0,,,,,,,
2026-08-21T21:50,270.6,0.0,1011.7,0.0,0.0,16.8,100.0,1.0,1.5
2026-08-21T21:55,,0.0,,,,,,,
2026-08-21T22:00,286.8,0.0,1011.8,0.0,0.0,17.0,100.0,1.1,1.8
2026-08-21T22:05,,0.0,,,,,,,
2026-08-21T22:10,24.7,0.0,1011.8,0.0,0.0,17.3,100.0,1.0,1.5
2026-08-21T22:15,,0.0,,,,,,,
2026-08-21T22:20,221.1,0.0,1011.8,0.0,0.0,17.2,100.0,0.3,1.6
2026-08-21T22:25,,0.0,,,,,,,
2026-08-21T22:30,246.4,0.0,1012.0,0.0,0.0,17.0,100.0,1.2,1.6
2026-08-21T22:35,,0.0,,,,,,,
2026-08-21T22:40,296.9,0.0,1012.1,0.0,0.0,16.9,100.0,1.1,1.4
2026-08-21T22:45,,0.0,,,,,,,
2026-08-21T22:50,355.6,0.0,1012.2,0.0,0.0,17.0,100.0,0.4,1.4
2026-08-21T22:55,,0.0,,,,,,,
2026-08-21T23:00,109.0,0.0,1012.3,0.0,0.0,17.0,100.0,0.6,1.0
2026-08-21T23:05,,0.0,,,,,,,
2026-08-21T23:10,218.0,0.0,1012.5,0.0,0.0,16.7,100.0,0.5,0.8
2026-08-21T23:15,,0.0,,,,,,,
2026-08-21T23:20,289.7,0.0,1012.5,0.0,0.0,16.7,100.0,0.2,1.6
2026-08-21T23:25,,0.0,,,,,,,
2026-08-21T23:30,93.7,0.0,1012.5,0.0,0.0,16.8,100.0,0.3,1.6
2026-08-21T23:35,,0.0,,,,,,,
2026-08-21T23:40,198.1,0.0,1012.7,0.0,0.0,16.6,100.0,1.0,2.1
2026-08-21T23:45,,0.0,,,,,,,
2026-08-21T23:50,58.8,0.0,1012.9,0.0,0.0,16.5,100.0,0.3,1.0
2026-08-21T23:55,,0.0,,,,,,,
2026-08-22T00:00,152.1,0.0,1012.8,0.0,0.0,16.5,100.0,0.4,1.6
2026-08-22T00:05,,0.0,,,,,,,
2026-08-22T00:10,106.2,0.0,1012.9,0.0,0.0,16.6,100.0,0.5,1.0
2026-08-22T00:15,,0.0,,,,,,,
2026-08-22T00:20,91.8,0.0,1013.0,0.0,0.0,16.6,100.0,0.3,1.2
2026-08-22T00:25,,0.0,,,,,,,
2026-08-22T00:30,294.7,0.0,1013.0,0.0,0.0,16.6,100.0,0.6,0.9
2026-08-22T00:35,,0.0,,,,,,,
2026-08-22T00:40,266.4,0.0,1013.0,0.0,0.0,16.6,100.0,0.7,1.1
2026-08-22T00:45,,0.0,,,,,,,
2026-08-22T00:50,25.5,0.0,1013.2,0.0,0.0,16.7,100.0,0.9,1.6
2026-08-22T00:55,,0.0,,,,,,,
2026-08-22T01:00,345.1,0.0,1013.2,0.0,0.0,16.6,100.0,0.7,1.5
2026-08-22T01:05,,0.0,,,,,,,
2026-08-22T01:10,298.3,0.0,1013.2,0.0,0.0,16.5,100.0,0.6,1.0
2026-08-22T01:15,,0.0,,,,,,,
2026-08-22T01:20,344.5,0.0,1013.2,0.0,0.0,16.3,100.0,0.7,1.3
2026-08-22T01:25,,0.0,,,,,,,
2026-08-22T01:30,340.0,0.0,1013.3,0.0,0.0,16.2,100.0,1.3,1.7
2026-08-22T01:35,,0.0,,,,,,,
2026-08-22T01:40,314.0,0.0,1013.3,0.0,0.0,16.0,100.0,1.3,1.8
2026-08-22T01:45,,0.0,,,,,,,
2026-08-22T01:50,332.4,0.0,1013.5,0.0,0.0,15.8,100.0,0.8,1.4
2026-08-22T01:55,,0.0,,,,,,,
2026-08-22T02:00,325.4,0.0,1013.6,0.0,0.0,15.5,100.0,1.4,2.0
2026-08-22T02:05,,0.0,,,,,,,
2026-08-22T02:10,308.7,0.0,1013.6,0.0,0.0,15.4,100.0,1.8,2.9
2026-08-22T02:15,,0.0,,,,,,,
2026-08-22T02:20,308.3,0.0,1013.7,0.0,0.0,15.3,100.0,1.7,2.4
2026-08-22T02:25,,0.0,,,,,,,
2026-08-22T02:30,309.4,0.0,1013.8,0.0,0.0,15.1,100.0,1.5,2.0
2026-08-22T02:35,,0.0,,,,,,,
2026-08-22T02:40,293.5,0.0,1013.8,0.0,0.0,14.9,100.0,1.3,1.8
2026-08-22T02:45,,0.0,,,,,,,
2026-08-22T02:50,351.9,0.0,1013.8,0.0,0.0,14.7,100.0,0.9,1.8
2026-08-22T02:55,,0.0,,,,,,,
2026-08-22T03:00,353.6,0.0,1013.9,0.0,0.0,14.6,100.0,1.3,2.1
2026-08-22T03:05,,0.0,,,,,,,
2026-08-22T03:10,338.8,0.0,1014.1,0.0,0.0,14.4,100.0,1.2,1.7
2026-08-22T03:15,,0.0,,,,,,,
2026-08-22T03:20,325.7,0.0,1014.4,0.0,0.0,14.1,100.0,0.5,1.4
2026-08-22T03:25,,0.0,,,,,,,
2026-08-22T03:30,296.6,0.0,1014.4,0.0,0.0,13.8,100.0,1.2,1.9
2026-08-22T03:35,,0.0,,,,,,,
2026-08-22T03:40,299.6,0.0,1014.4,0.0,0.0,13.9,100.0,1.3,2.6
2026-08-22T03:45,,0.0,,,,,,,
2026-08-22T03:50,313.6,0.0,1014.5,0.0,0.0,14.0,100.0,2.4,3.1
2026-08-22T03:55,,0.0,,,,,,,
2026-08-22T04:00,327.6,0.0,1014.6,0.0,0.0,14.1,100.0,2.1,3.3
2026-08-22T04:05,,0.0,,,,,,,
2026-08-22T04:10,314.8,0.0,1014.6,0.0,0.0,14.0,100.0,1.9,2.5
2026-08-22T04:15,,0.0,,,,,,,
2026-08-22T04:20,307.6,0.0,1014.7,0.0,0.0,13.9,100.0,1.7,2.4
2026-08-22T04:25,,0.0,,,,,,,
2026-08-22T04:30,299.3,0.0,1014.8,0.0,0.0,13.8,100.0,0.8,1.6
2026-08-22T04:35,,0.0,,,,,,,
2026-08-22T04:40,298.9,0.0,1014.9,0.0,0.0,13.6,100.0,1.6,2.3
2026-08-22T04:45,,0.0,,,,,,,
2026-08-22T04:50,284.4,0.0,1014.9,0.0,0.0,13.6,100.0,2.3,3.1
2026-08-22T04:55,,0.0,,,,,,,
2026-08-22T05:00,293.0,0.0,1014.9,0.0,0.0,13.7,100.0,2.3,3.1
2026-08-22T05:05,,0.0,,,,,,,
2026-08-22T05:10,323.3,0.0,1014.9,0.0,0.0,13.6,100.0,1.7,2.7
2026-08-22T05:15,,0.0,,,,,,,
2026-08-22T05:20,326.1,0.0,1015.0,0.0,0.0,13.4,100.0,1.9,2.9
2026-08-22T05:25,,0.0,,,,,,,
2026-08-22T05:30,7.0,0.0,1015.1,0.0,0.0,13.3,100.0,1.2,2.0
2026-08-22T05:35,,0.0,,,,,,,
2026-08-22T05:40,342.2,0.0,1015.2,0.0,0.0,13.0,100.0,0.8,1.3
2026-08-22T05:45,,0.0,,,,,,,
2026-08-22T05:50,231.1,0.0,1015.2,0.0,0.0,12.8,100.0,1.0,1.8
2026-08-22T05:55,,0.0,,,,,,,
2026-08-22T06:00,248.2,0.0,1015.3,0.0,0.0,12.6,100.0,0.4,1.2
2026-08-22T06:05,,0.0,,,,,,,
2026-08-22T06:10,2.5,0.0,1015.6,0.0,0.0,12.4,100.0,0.8,1.6
2026-08-22T06:15,,0.0,,,,,,,
2026-08-22T06:20,299.1,0.0,1015.6,0.0,0.0,12.2,100.0,0.9,1.4
2026-08-22T06:25,,0.0,,,,,,,
2026-08-22T06:30,347.7,0.0,1015.7,0.4,0.0,12.1,100.0,1.3,1.6
2026-08-22T06:35,,0.0,,,,,,,
2026-08-22T06:40,6.8,0.0,1015.7,3.9,0.0,12.1,100.0,0.3,1.4
2026-08-22T06:45,,0.0,,,,,,,
2026-08-22T06:50,265.6,0.0,1015.8,8.2,0.0,12.1,100.0,0.4,1.0
2026-08-22T06:55,,0.0,,,,,,,
2026-08-22T07:00,315.0,0.0,1015.8,12.2,0.0,12.1,100.0,0.6,1.0
2026-08-22T07:05,,0.0,,,,,,,
2026-08-22T07:10,7.6,0.0,1015.8,15.5,0.0,12.2,100.0,0.5,0.8
2026-08-22T07:15,,0.0,,,,,,,
2026-08-22T07:20,19.3,0.0,1016.0,20.0,0.0,12.2,100.0,0.9,1.3
2026-08-22T07:25,,0.0,,,,,,,
2026-08-22T07:30,345.4,0.0,1016.2,23.6,0.0,12.2,100.0,0.7,1.2
2026-08-22T07:35,,0.0,,,,,,,
2026-08-22T07:40,350.4,0.0,1016.3,26.0,0.0,12.3,100.0,0.6,1.0
2026-08-22T07:45,,0.0,,,,,,,
2026-08-22T07:50,37.7,0.0,1016.3,30.3,0.0,12.6,100.0,0.5,0.9
2026-08-22T07:55,,0.0,,,,,,,
2026-08-22T08:00,39.4,0.0,1016.3,33.6,0.0,12.6,100.0,0.7,1.0
2026-08-22T08:05,,0.1,,,,,,,
2026-08-22T08:10,24.9,0.0,1016.4,39.7,0.0,12.7,100.0,0.6,1.4
2026-08-22T08:15,,0.0,,,,,,,
2026-08-22T08:20,296.3,0.0,1016.5,42.3,0.0,12.8,100.0,0.3,0.7
2026-08-22T08:25,,0.0,,,,,,,
2026-08-22T08:30,283.0,0.0,1016.4,148.6,356.0,13.3,100.0,0.5,1.1
2026-08-22T08:35,,0.0,,,,,,,
2026-08-22T08:40,39.6,0.0,1016.3,260.5,599.0,14.3,100.0,0.8,1.5
2026-08-22T08:45,,0.0,,,,,,,
2026-08-22T08:50,20.1,0.0,1016.3,275.3,600.0,14.5,100.0,1.1,1.9
2026-08-22T08:55,,0.0,,,,,,,
2026-08-22T09:00,14.5,0.0,1016.3,348.6,599.0,15.5,100.1,1.3,1.8
2026-08-22T09:05,,0.0,,,,,,,
2026-08-22T09:10,341.1,0.0,1016.2,386.2,600.0,16.6,89.0,1.2,2.4
2026-08-22T09:15,,0.0,,,,,,,
2026-08-22T09:20,341.9,0.0,1016.2,401.3,599.0,17.2,81.6,0.9,1.6
2026-08-22T09:25,,0.0,,,,,,,
2026-08-22T09:30,6.6,0.0,1016.2,497.7,600.0,17.7,78.4,1.2,2.1
2026-08-22T09:35,,0.0,,,,,,,
2026-08-22T09:40,340.3,0.0,1016.1,406.0,600.0,18.2,77.8,1.4,2.3
2026-08-22T09:45,,0.0,,,,,,,
2026-08-22T09:50,343.2,0.0,1016.1,449.3,600.0,18.4,79.0,1.7,2.6
2026-08-22T09:55,,0.0,,,,,,,
2026-08-22T10:00,347.7,0.0,1015.9,570.5,600.0,18.9,75.8,1.4,2.4
2026-08-22T10:05,,0.0,,,,,,,
2026-08-22T10:10,46.1,0.0,1015.9,570.8,600.0,19.1,66.3,0.7,1.6
2026-08-22T10:15,,0.0,,,,,,,
2026-08-22T10:20,68.8,0.0,1015.7,465.0,600.0,19.3,65.4,0.3,1.6
2026-08-22T10:25,,0.0,,,,,,,
2026-08-22T10:30,232.3,0.0,1015.7,494.2,599.0,19.5,64.6,0.5,1.0
2026-08-22T10:35,,0.0,,,,,,,
2026-08-22T10:40,346.5,0.0,1015.6,577.9,600.0,19.8,65.0,0.4,1.6
2026-08-22T10:45,,0.0,,,,,,,
2026-08-22T10:50,283.6,0.0,1015.6,617.7,599.0,20.3,63.8,0.6,1.3
2026-08-22T10:55,,0.0,,,,,,,
2026-08-22T11:00,359.2,0.0,1015.5,757.5,600.0,20.9,60.2,0.5,1.7
2026-08-22T11:05,,0.0,,,,,,,
2026-08-22T11:10,280.9,0.0,1015.5,753.4,600.0,21.4,60.1,0.7,1.8
2026-08-22T11:15,,0.0,,,,,,,
2026-08-22T11:20,177.6,0.0,1015.3,764.8,600.0,21.6,56.6,0.7,1.6
2026-08-22T11:25,,0.0,,,,,,,
2026-08-22T11:30,135.9,0.0,1015.2,778.8,600.0,22.0,56.9,0.2,1.8
2026-08-22T11:35,,0.0,,,,,,,
2026-08-22T11:40,75.9,0.0,1014.9,801.5,599.0,22.7,55.1,0.9,1.7
2026-08-22T11:45,,0.0,,,,,,,
2026-08-22T11:50,223.5,0.0,1014.9,824.9,600.0,22.7,54.6,1.0,1.7
2026-08-22T11:55,,0.0,,,,,,,
2026-08-22T12:00,247.7,0.0,1014.7,797.3,600.0,23.2,54.7,1.1,2.1
2026-08-22T12:05,,0.0,,,,,,,
2026-08-22T12:10,233.3,0.0,1014.5,915.0,598.0,23.5,54.3,0.8,2.1
2026-08-22T12:15,,0.0,,,,,,,
2026-08-22T12:20,200.6,0.0,1014.2,628.8,576.0,23.9,53.4,0.6,2.3
2026-08-22T12:25,,0.0,,,,,,,
2026-08-22T12:30,270.4,0.0,1014.2,739.0,600.0,23.7,52.7,0.1,1.6
2026-08-22T12:35,,0.0,,,,,,,
2026-08-22T12:40,1.9,0.0,1014.0,908.4,600.0,24.5,50.1,0.6,2.2
2026-08-22T12:45,,0.0,,,,,,,
2026-08-22T12:50,201.2,0.0,1013.8,890.0,600.0,25.0,49.0,0.8,2.2
2026-08-22T12:55,,0.0,,,,,,,
2026-08-22T13:00,201.3,0.0,1013.7,884.0,599.0,25.0,49.7,1.1,1.9
2026-08-22T13:05,,0.0,,,,,,,
2026-08-22T13:10,209.7,0.0,1013.6,586.7,564.0,24.8,49.0,1.0,1.8
2026-08-22T13:15,,0.0,,,,,,,
2026-08-22T13:20,208.1,0.0,1013.4,861.3,599.0,25.2,44.8,0.6,1.7
2026-08-22T13:25,,0.0,,,,,,,
2026-08-22T13:30,198.5,0.0,1013.4,926.7,600.0,25.6,42.8,0.3,1.7
2026-08-22T13:35,,0.0,,,,,,,
2026-08-22T13:40,132.2,0.0,1013.3,598.2,600.0,25.9,42.9,0.9,2.5
2026-08-22T13:45,,0.0,,,,,,,
2026-08-22T13:50,165.2,0.0,1013.2,1027.4,600.0,26.3,44.2,0.9,2.0
2026-08-22T13:55,,0.0,,,,,,,
2026-08-22T14:00,193.1,0.0,1013.0,917.8,600.0,26.8,42.9,1.2,2.5
2026-08-22T14:05,,0.0,,,,,,,
2026-08-22T14:10,102.4,0.0,1012.9,875.6,559.0,26.9,40.8,0.9,2.2
2026-08-22T14:15,,0.0,,,,,,,
2026-08-22T14:20,135.7,0.0,1012.7,850.9,420.0,27.3,38.8,1.1,2.4
2026-08-22T14:25,,0.0,,,,,,,
2026-08-22T14:30,187.5,0.0,1012.7,832.1,600.0,27.4,40.2,1.2,3.8
2026-08-22T14:35,,0.0,,,,,,,
2026-08-22T14:40,160.1,0.0,1012.6,607.7,599.0,27.4,39.4,1.0,2.0
2026-08-22T14:45,,0.0,,,,,,,
2026-08-22T14:50,122.9,0.0,1012.5,403.9,600.0,27.6,38.0,1.0,2.7
2026-08-22T14:55,,0.0,,,,,,,
2026-08-22T15:00,142.5,0.0,1012.5,480.6,600.0,27.4,37.8,0.9,2.7
2026-08-22T15:05,,0.0,,,,,,,
2026-08-22T15:10,123.0,0.0,1012.3,719.7,600.0,28.1,37.6,1.1,2.4
2026-08-22T15:15,,0.0,,,,,,,
2026-08-22T15:20,96.4,0.0,1012.3,599.1,600.0,28.2,35.3,1.3,2.5
2026-08-22T15:25,,0.0,,,,,,,
2026-08-22T15:30,180.0,0.0,1012.2,693.2,600.0,28.1,39.3,0.7,2.4
2026-08-22T15:35,,0.0,,,,,,,
2026-08-22T15:40,209.7,0.0,1012.1,756.3,600.0,28.5,38.6,1.8,3.0
2026-08-22T15:45,,0.0,,,,,,,
2026-08-22T15:50,198.7,0.0,1012.1,724.4,600.0,28.6,38.2,1.2,2.6
2026-08-22T15:55,,0.0,,,,,,,
2026-08-22T16:00,180.2,0.0,1012.0,703.1,599.0,28.7,35.4,1.2,2.1
2026-08-22T16:05,,0.0,,,,,,,
2026-08-22T16:10,183.9,0.0,1012.0,676.9,599.0,28.6,36.7,1.6,2.8
2026-08-22T16:15,,0.0,,,,,,,
2026-08-22T16:20,190.1,0.0,1012.0,651.2,600.0,28.6,36.1,1.6,3.3
2026-08-22T16:25,,0.0,,,,,,,
2026-08-22T16:30,172.9,0.0,1012.0,621.9,599.0,28.7,35.3,1.7,3.7
2026-08-22T16:35,,0.0,,,,,,,
2026-08-22T16:40,152.9,0.0,1012.0,591.0,600.0,28.7,34.6,1.4,2.8
2026-08-22T16:45,,0.0,,,,,,,
2026-08-22T16:50,157.1,0.0,1012.0,563.4,600.0,28.7,33.9,1.5,3.3
2026-08-22T16:55,,0.0,,,,,,,
2026-08-22T17:00,140.3,0.0,1012.0,537.7,600.0,28.5,32.8,1.4,2.3
2026-08-22T17:05,,0.0,,,,,,,
2026-08-22T17:10,150.2,0.0,1012.0,510.0,599.0,28.4,34.4,1.4,3.2
2026-08-22T17:15,,0.0,,,,,,,
2026-08-22T17:20,150.0,0.0,1012.0,477.4,600.0,28.3,34.1,1.1,2.7
2026-08-22T17:25,,0.0,,,,,,,
2026-08-22T17:30,132.4,0.0,1012.0,444.2,600.0,28.3,33.2,1.1,2.2
2026-08-22T17:35,,0.0,,,,,,,
2026-08-22T17:40,152.8,0.0,1012.0,415.2,600.0,28.3,35.8,0.9,2.3
2026-08-22T17:45,,0.0,,,,,,,
2026-08-22T17:50,131.1,0.0,1012.0,356.7,597.0,28.2,35.1,1.1,2.0
2026-08-22T17:55,,0.0,,,,,,,
2026-08-22T18:00,148.5,0.0,1012.2,349.5,600.0,28.1,37.1,1.1,2.2
2026-08-22T18:05,,0.0,,,,,,,
2026-08-22T18:10,125.3,0.0,1012.2,316.2,599.0,27.9,37.0,0.7,1.6
2026-08-22T18:15,,0.0,,,,,,,
2026-08-22T18:20,129.6,0.0,1012.3,283.7,600.0,27.9,35.5,0.9,1.3
2026-08-22T18:25,,0.0,,,,,,,
2026-08-22T18:30,180.3,0.0,1012.4,257.8,600.0,27.6,39.9,0.9,1.8
2026-08-22T18:35,,0.0,,,,,,,
2026-08-22T18:40,247.8,0.0,1012.5,241.8,600.0,26.8,44.7,1.3,1.9
2026-08-22T18:45,,0.0,,,,,,,
2026-08-22T18:50,230.9,0.0,1012.6,211.1,600.0,26.6,43.0,0.5,1.3
2026-08-22T18:55,,0.0,,,,,,,
2026-08-22T19:00,232.1,0.0,1012.7,146.2,487.0,26.7,42.4,0.5,1.4
2026-08-22T19:05,,0.0,,,,,,,
2026-08-22T19:10,274.0,0.0,1012.9,49.6,0.0,24.8,53.6,1.6,2.1
2026-08-22T19:15,,0.0,,,,,,,
2026-08-22T19:20,280.6,0.0,1013.0,51.9,0.0,23.8,53.8,0.9,1.9
2026-08-22T19:25,,0.0,,,,,,,
2026-08-22T19:30,310.4,0.0,1013.1,40.5,0.0,23.4,56.7,0.6,1.2
2026-08-22T19:35,,0.0,,,,,,,
2026-08-22T19:40,6.9,0.0,1013.4,30.1,0.0,22.5,69.0,0.6,1.2
2026-08-22T19:45,,0.0,,,,,,,
2026-08-22T19:50,89.5,0.0,1013.6,12.3,0.0,22.3,68.6,0.7,1.3
2026-08-22T19:55,,0.0,,,,,,,
2026-08-22T20:00,274.7,0.0,1013.7,6.9,0.0,21.4,78.4,0.5,1.6
2026-08-22T20:05,,0.0,,,,,,,
2026-08-22T20:10,246.6,0.0,1013.9,2.7,0.0,21.3,74.3,0.5,1.5
2026-08-22T20:15,,0.0,,,,,,,
2026-08-22T20:20,94.5,0.0,1014.1,0.0,0.0,20.9,80.1,0.5,1.3
2026-08-22T20:25,,0.0,,,,,,,
2026-08-22T20:30,149.6,0.0,1014.4,0.0,0.0,20.3,85.3,0.3,1.1
2026-08-22T20:35,,0.0,,,,,,,
2026-08-22T20:40,126.9,0.0,1014.5,0.0,0.0,19.9,88.7,0.3,0.7
2026-08-22T20:45,,0.0,,,,,,,
2026-08-22T20:50,151.4,0.0,1014.7,0.0,0.0,19.8,85.8,0.7,1.5
2026-08-22T20:55,,0.0,,,,,,,
2026-08-22T21:00,105.6,0.0,1015.0,0.0,0.0,19.5,92.1,0.6,1.4
2026-08-22T21:05,,0.0,,,,,,,
2026-08-22T21:10,84.5,0.0,1015.2,0.0,0.0,19.5,91.3,0.6,1.4
2026-08-22T21:15,,0.0,,,,,,,
2026-08-22T21:20,59.1,0.0,1015.5,0.0,0.0,19.1,95.4,0.4,1.5
2026-08-22T21:25,,0.0,,,,,,,
2026-08-22T21:30,90.4,0.0,1015.6,0.0,0.0,19.4,89.1,1.2,1.7
2026-08-22T21:35,,0.0,,,,,,,
2026-08-22T21:40,157.1,0.0,1015.9,0.0,0.0,18.9,91.9,0.3,1.6
2026-08-22T21:45,,0.0,,,,,,,
2026-08-22T21:50,100.2,0.0,1016.1,0.0,0.0,19.1,87.3,0.5,1.6
2026-08-22T21:55,,0.0,,,,,,,
2026-08-22T22:00,142.5,0.0,1016.3,0.0,0.0,18.4,94.2,0.2,1.0
2026-08-22T22:05,,0.0,,,,,,,
2026-08-22T22:10,255.4,0.0,1016.4,0.0,0.0,18.1,96.6,0.2,0.6
2026-08-22T22:15,,0.0,,,,,,,
2026-08-22T22:20,302.6,0.0,1016.5,0.0,0.0,18.0,98.3,0.5,1.3
2026-08-22T22:25,,0.0,,,,,,,
2026-08-22T22:30,325.8,0.0,1016.7,0.0,0.0,17.9,96.7,0.7,1.6
2026-08-22T22:35,,0.0,,,,,,,
2026-08-22T22:40,239.5,0.0,1016.8,0.0,0.0,18.0,90.8,0.8,1.3
2026-08-22T22:45,,0.0,,,,,,,
2026-08-22T22:50,269.7,0.0,1016.9,0.0,0.0,18.0,88.8,0.1,1.5
2026-08-22T22:55,,0.0,,,,,,,
2026-08-22T23:00,46.5,0.0,1017.1,0.0,0.0,17.5,94.2,0.5,0.9
2026-08-22T23:05,,0.0,,,,,,,
2026-08-22T23:10,163.2,0.0,1017.4,0.0,0.0,17.0,100.0,0.3,0.9
2026-08-22T23:15,,0.0,,,,,,,
2026-08-22T23:20,80.1,0.0,1017.6,0.0,0.0,16.9,100.3,0.4,1.4
2026-08-22T23:25,,0.0,,,,,,,
2026-08-22T23:30,103.6,0.0,1017.6,0.0,0.0,16.7,100.3,0.3,0.9
2026-08-22T23:35,,0.0,,,,,,,
2026-08-22T23:40,118.9,0.0,1017.7,0.0,0.0,16.5,100.3,0.5,1.1
2026-08-22T23:45,,0.0,,,,,,,
2026-08-22T23:50,351.2,0.0,1017.9,0.0,0.0,16.3,100.2,0.5,1.5
2026-08-22T23:55,,0.0,,,,,,,
2026-08-23T00:00,94.7,0.0,1017.9,0.0,0.0,16.6,100.3,0.5,1.1
2026-08-23T00:05,,0.0,,,,,,,
2026-08-23T00:10,316.8,0.0,1017.9,0.0,0.0,16.7,100.3,0.2,1.3
2026-08-23T00:15,,0.0,,,,,,,
2026-08-23T00:20,28.1,0.0,1018.0,0.0,0.0,16.7,100.2,0.4,1.2
2026-08-23T00:25,,0.0,,,,,,,
2026-08-23T00:30,62.9,0.0,1018.1,0.0,0.0,16.6,100.3,0.2,0.8
2026-08-23T00:35,,0.0,,,,,,,
2026-08-23T00:40,333.5,0.0,1018.1,0.0,0.0,16.5,100.3,0.5,1.0
2026-08-23T00:45,,0.0,,,,,,,
2026-08-23T00:50,5.9,0.0,1018.3,0.0,0.0,16.4,100.3,0.8,1.7
2026-08-23T00:55,,0.0,,,,,,,
2026-08-23T01:00,269.9,0.0,1018.4,0.0,0.0,16.4,100.3,1.1,1.4
2026-08-23T01:05,,0.0,,,,,,,
2026-08-23T01:10,320.9,0.0,1018.4,0.0,0.0,16.6,100.3,0.5,1.7
2026-08-23T01:15,,0.0,,,,,,,
2026-08-23T01:20,336.5,0.0,1018.4,0.0,0.0,16.5,100.2,0.6,1.4
2026-08-23T01:25,,0.0,,,,,,,
2026-08-23T01:30,344.0,0.0,1018.6,0.0,0.0,16.4,100.3,0.7,1.3
2026-08-23T01:35,,0.0,,,,,,,
2026-08-23T01:40,58.0,0.0,1018.6,0.0,0.0,16.6,99.7,0.2,0.7
2026-08-23T01:45,,0.0,,,,,,,
2026-08-23T01:50,293.7,0.0,1018.6,0.0,0.0,16.4,100.3,0.6,1.1
2026-08-23T01:55,,0.0,,,,,,,
2026-08-23T02:00,22.7,0.0,1018.7,0.0,0.0,16.5,100.3,0.5,1.1
2026-08-23T02:05,,0.0,,,,,,,
2026-08-23T02:10,323.6,0.0,1018.7,0.0,0.0,16.5,100.3,0.5,0.8
2026-08-23T02:15,,0.0,,,,,,,
2026-08-23T02:20,265.3,0.0,1018.7,0.0,0.0,16.4,100.2,0.4,0.7
2026-08-23T02:25,,0.0,,,,,,,
2026-08-23T02:30,294.6,0.0,1018.7,0.0,0.0,16.4,100.2,0.8,1.6
2026-08-23T02:35,,0.0,,,,,,,
2026-08-23T02:40,292.7,0.0,1018.8,0.0,0.0,16.2,100.2,0.9,1.5
2026-08-23T02:45,,0.0,,,,,,,
2026-08-23T02:50,43.9,0.0,1019.0,0.0,0.0,16.0,100.2,1.1,1.9
2026-08-23T02:55,,0.0,,,,,,,
2026-08-23T03:00,338.4,0.0,1019.0,0.0,0.0,15.5,100.2,0.5,0.7
2026-08-23T03:05,,0.0,,,,,,,
2026-08-23T03:10,224.5,0.0,1019.1,0.0,0.0,15.2,100.2,0.6,1.6
2026-08-23T03:15,,0.0,,,,,,,
2026-08-23T03:20,321.6,0.0,1019.3,0.0,0.0,15.0,100.2,0.4,1.5
2026-08-23T03:25,,0.0,,,,,,,
2026-08-23T03:30,62.6,0.0,1019.4,0.0,0.0,14.8,100.2,0.5,1.1
2026-08-23T03:35,,0.0,,,,,,,
2026-08-23T03:40,78.3,0.0,1019.4,0.0,0.0,14.8,100.2,0.6,0.9
2026-08-23T03:45,,0.0,,,,,,,
2026-08-23T03:50,30.6,0.0,1019.4,0.0,0.0,14.8,100.1,0.8,1.6
2026-08-23T03:55,,0.0,,,,,,,
2026-08-23T04:00,292.1,0.0,1019.5,0.0,0.0,14.9,100.1,0.7,1.1
2026-08-23T04:05,,0.0,,,,,,,
2026-08-23T04:10,317.2,0.0,1019.4,0.0,0.0,15.2,100.0,0.4,1.0
2026-08-23T04:15,,0.0,,,,,,,
2026-08-23T04:20,347.3,0.0,1019.3,0.0,0.0,15.4,100.0,0.7,1.1
2026-08-23T04:25,,0.0,,,,,,,
2026-08-23T04:30,302.3,0.0,1019.5,0.0,0.0,15.4,100.1,0.8,1.3
2026-08-23T04:35,,0.0,,,,,,,
2026-08-23T04:40,108.6,0.0,1019.6,0.0,0.0,15.5,100.1,0.1,0.8
2026-08-23T04:45,,0.0,,,,,,,
2026-08-23T04:50,340.9,0.0,1019.5,0.0,0.0,15.3,100.2,0.3,1.4
2026-08-23T04:55,,0.0,,,,,,,
2026-08-23T05:00,66.0,0.0,1019.5,0.0,0.0,15.3,100.1,0.4,1.1
2026-08-23T05:05,,0.0,,,,,,,
2026-08-23T05:10,258.2,0.0,1019.6,0.0,0.0,15.4,100.1,0.4,2.0
2026-08-23T05:15,,0.0,,,,,,,
2026-08-23T05:20,124.6,0.0,1019.6,0.0,0.0,15.6,100.1,0.3,1.0
2026-08-23T05:25,,0.0,,,,,,,
2026-08-23T05:30,86.7,0.0,1019.6,0.0,0.0,15.6,100.2,0.2,0.7
2026-08-23T05:35,,0.0,,,,,,,
2026-08-23T05:40,115.7,0.0,1019.7,0.0,0.0,15.6,100.1,0.1,0.5
2026-08-23T05:45,,0.0,,,,,,,
2026-08-23T05:50,20.3,0.0,1019.8,0.0,0.0,15.5,100.1,0.3,0.5
2026-08-23T05:55,,0.0,,,,,,,
2026-08-23T06:00,297.3,0.0,1019.9,0.0,0.0,15.4,100.1,0.3,0.8
2026-08-23T06:05,,0.0,,,,,,,
2026-08-23T06:10,21.1,0.0,1020.0,0.0,0.0,15.4,100.1,0.3,0.7
2026-08-23T06:15,,0.0,,,,,,,
2026-08-23T06:20,31.7,0.0,1020.0,0.0,0.0,15.2,100.1,0.9,1.4
2026-08-23T06:25,,0.0,,,,,,,
2026-08-23T06:30,12.8,0.0,1020.0,0.3,0.0,15.1,100.1,0.6,1.1
2026-08-23T06:35,,0.0,,,,,,,
2026-08-23T06:40,48.2,0.0,1020.1,4.5,0.0,15.1,100.1,0.7,1.2
2026-08-23T06:45,,0.0,,,,,,,
2026-08-23T06:50,188.0,0.0,1020.4,9.5,0.0,15.1,100.1,0.4,1.9
2026-08-23T06:55,,0.0,,,,,,,
2026-08-23T07:00,243.1,0.0,1020.5,15.3,0.0,14.9,100.1,0.8,1.4
2026-08-23T07:05,,0.0,,,,,,,
2026-08-23T07:10,288.1,0.0,1020.5,27.9,0.0,15.0,100.1,0.4,1.6
2026-08-23T07:15,,0.0,,,,,,,
2026-08-23T07:20,39.9,0.0,1020.6,48.5,0.0,15.1,100.2,0.9,1.8
2026-08-23T07:25,,0.0,,,,,,,
2026-08-23T07:30,41.6,0.0,1020.6,59.7,0.0,15.6,100.2,0.5,0.8
2026-08-23T07:35,,0.0,,,,,,,
2026-08-23T07:40,272.4,0.0,1020.7,72.9,0.0,15.9,100.2,0.2,1.1
2026-08-23T07:45,,0.0,,,,,,,
2026-08-23T07:50,253.0,0.0,1020.8,79.2,0.0,16.4,95.5,0.8,1.2
2026-08-23T07:55,,0.0,,,,,,,
2026-08-23T08:00,262.7,0.0,1020.7,91.2,0.0,17.0,87.7,0.5,0.8
2026-08-23T08:05,,0.0,,,,,,,
2026-08-23T08:10,353.0,0.0,1020.8,99.7,0.0,17.4,84.2,0.7,1.5
2026-08-23T08:15,,0.0,,,,,,,
2026-08-23T08:20,78.2,0.0,1020.9,125.3,0.0,17.5,84.0,0.4,1.0
2026-08-23T08:25,,0.0,,,,,,,
2026-08-23T08:30,56.2,0.0,1020.8,162.3,108.0,17.8,81.9,0.1,0.7
2026-08-23T08:35,,0.0,,,,,,,
2026-08-23T08:40,334.3,0.0,1020.9,165.7,140.0,18.4,75.1,0.8,1.7
2026-08-23T08:45,,0.0,,,,,,,
2026-08-23T08:50,341.6,0.0,1020.8,143.2,87.0,18.6,71.3,0.7,1.4
2026-08-23T08:55,,0.0,,,,,,,
2026-08-23T09:00,17.3,0.0,1020.7,253.8,600.0,19.0,66.7,0.9,2.0
2026-08-23T09:05,,0.0,,,,,,,
2026-08-23T09:10,346.6,0.0,1020.7,368.1,600.0,19.8,61.4,1.7,2.6
2026-08-23T09:15,,0.0,,,,,,,
2026-08-23T09:20,332.7,0.0,1020.7,314.8,599.0,20.0,59.3,1.5,2.9
2026-08-23T09:25,,0.0,,,,,,,
2026-08-23T09:30,324.2,0.0,1020.5,487.0,600.0,20.3,60.4,1.5,3.0
2026-08-23T09:35,,0.0,,,,,,,
2026-08-23T09:40,342.6,0.0,1020.4,509.8,599.0,21.0,57.5,1.9,2.8
2026-08-23T09:45,,0.0,,,,,,,
2026-08-23T09:50,330.4,0.0,1020.4,527.5,600.0,21.3,55.8,1.4,2.6
2026-08-23T09:55,,0.0,,,,,,,
2026-08-23T10:00,358.1,0.0,1020.4,512.1,600.0,21.6,54.1,0.9,2.1
2026-08-23T10:05,,0.0,,,,,,,
2026-08-23T10:10,342.8,0.0,1020.5,489.9,600.0,21.9,54.6,1.0,2.0
2026-08-23T10:15,,0.0,,,,,,,
2026-08-23T10:20,356.4,0.0,1020.4,354.3,599.0,21.9,53.1,0.4,1.1
2026-08-23T10:25,,0.0,,,,,,,
2026-08-23T10:30,358.6,0.0,1020.3,637.9,600.0,22.5,53.4,0.7,1.9
2026-08-23T10:35,,0.0,,,,,,,
2026-08-23T10:40,341.8,0.0,1020.2,666.4,599.0,22.8,49.8,0.2,1.8
2026-08-23T10:45,,0.0,,,,,,,
2026-08-23T10:50,308.2,0.0,1020.0,681.9,600.0,23.6,50.5,0.9,2.5
2026-08-23T10:55,,0.0,,,,,,,
2026-08-23T11:00,352.2,0.0,1020.0,701.9,599.0,23.6,46.8,0.6,1.8
2026-08-23T11:05,,0.0,,,,,,,
2026-08-23T11:10,269.2,0.0,1019.9,716.7,600.0,24.0,48.3,0.4,1.9
2026-08-23T11:15,,0.0,,,,,,,
2026-08-23T11:20,171.0,0.0,1019.8,733.9,600.0,24.1,45.9,0.7,1.7
2026-08-23T11:25,,0.0,,,,,,,
2026-08-23T11:30,87.8,0.0,1019.6,757.8,600.0,24.5,44.2,0.2,1.4
2026-08-23T11:35,,0.0,,,,,,,
2026-08-23T11:40,207.2,0.0,1019.3,771.5,599.0,25.0,44.6,0.5,1.8
2026-08-23T11:45,,0.0,,,,,,,
2026-08-23T11:50,202.8,0.0,1019.1,787.9,600.0,25.1,42.2,1.2,2.0
2026-08-23T11:55,,0.0,,,,,,,
2026-08-23T12:00,190.2,0.0,1019.1,800.7,598.0,25.2,41.6,1.0,2.3
2026-08-23T12:05,,0.0,,,,,,,
2026-08-23T12:10,134.8,0.0,1018.8,810.0,600.0,25.6,41.5,0.7,2.0
2026-08-23T12:15,,0.0,,,,,,,
2026-08-23T12:20,134.8,0.0,1018.6,820.0,600.0,26.0,40.9,1.0,2.5
2026-08-23T12:25,,0.0,,,,,,,
2026-08-23T12:30,152.3,0.0,1018.4,827.6,600.0,26.2,41.8,1.3,3.4
2026-08-23T12:35,,0.0,,,,,,,
2026-08-23T12:40,120.4,0.0,1018.3,830.2,600.0,26.2,40.6,1.6,2.9
2026-08-23T12:45,,0.0,,,,,,,
2026-08-23T12:50,126.3,0.0,1017.9,838.9,600.0,26.3,40.9,1.8,3.2
2026-08-23T12:55,,0.0,,,,,,,
2026-08-23T13:00,125.5,0.0,1017.8,844.6,600.0,26.8,41.6,1.7,3.6
2026-08-23T13:05,,0.0,,,,,,,
2026-08-23T13:10,183.8,0.0,1017.5,848.6,599.0,26.8,43.3,1.6,3.8
2026-08-23T13:15,,0.0,,,,,,,
2026-08-23T13:20,166.6,0.0,1017.2,848.8,600.0,27.3,43.2,1.4,3.2
2026-08-23T13:25,,0.0,,,,,,,
2026-08-23T13:30,167.9,0.0,1017.2,848.3,600.0,27.4,41.7,1.5,3.5
2026-08-23T13:35,,0.0,,,,,,,
2026-08-23T13:40,155.7,0.0,1017.0,848.1,600.0,27.6,42.5,1.0,2.5
2026-08-23T13:45,,0.0,,,,,,,
2026-08-23T13:50,184.8,0.0,1016.8,843.1,599.0,27.9,42.4,1.6,3.3
2026-08-23T13:55,,0.0,,,,,,,
2026-08-23T14:00,179.8,0.0,1016.7,837.7,600.0,28.1,42.5,1.5,4.3
2026-08-23T14:05,,0.0,,,,,,,
2026-08-23T14:10,182.6,0.0,1016.6,831.7,566.0,28.0,42.7,2.0,4.2
2026-08-23T14:15,,0.0,,,,,,,
2026-08-23T14:20,190.7,0.0,1016.6,826.0,407.0,28.1,43.7,1.9,3.6
2026-08-23T14:25,,0.0,,,,,,,
2026-08-23T14:30,181.0,0.0,1016.5,816.0,600.0,28.4,43.0,1.8,3.7
2026-08-23T14:35,,0.0,,,,,,,
2026-08-23T14:40,205.3,0.0,1016.3,799.5,600.0,28.5,44.8,2.3,4.3
2026-08-23T14:45,,0.0,,,,,,,
2026-08-23T14:50,195.9,0.0,1016.1,370.7,600.0,28.7,44.6,2.6,5.0
2026-08-23T14:55,,0.0,,,,,,,
2026-08-23T15:00,173.5,0.0,1015.9,766.8,599.0,28.8,43.5,2.3,4.1
2026-08-23T15:05,,0.0,,,,,,,
2026-08-23T15:10,180.8,0.0,1015.8,753.9,600.0,28.9,44.5,2.3,4.6
2026-08-23T15:15,,0.0,,,,,,,
2026-08-23T15:20,157.8,0.0,1015.7,742.4,600.0,29.1,42.7,2.2,4.4
2026-08-23T15:25,,0.0,,,,,,,
2026-08-23T15:30,174.2,0.0,1015.5,722.2,600.0,29.4,43.8,2.2,5.4
2026-08-23T15:35,,0.0,,,,,,,
2026-08-23T15:40,165.4,0.0,1015.4,704.0,600.0,29.4,42.6,2.6,4.6
2026-08-23T15:45,,0.0,,,,,,,
2026-08-23T15:50,177.1,0.0,1015.4,685.3,600.0,29.2,43.2,2.7,4.9
2026-08-23T15:55,,0.0,,,,,,,
2026-08-23T16:00,185.0,0.0,1015.3,661.9,600.0,29.1,43.2,2.9,5.3
2026-08-23T16:05,,0.0,,,,,,,
2026-08-23T16:10,167.3,0.0,1015.2,636.9,600.0,29.2,43.3,2.4,5.7
2026-08-23T16:15,,0.0,,,,,,,
2026-08-23T16:20,162.9,0.0,1015.1,616.2,600.0,29.2,43.3,2.7,5.2
2026-08-23T16:25,,0.0,,,,,,,
2026-08-23T16:30,146.8,0.0,1015.1,596.6,600.0,29.3,42.2,2.5,6.3
2026-08-23T16:35,,0.0,,,,,,,
2026-08-23T16:40,153.6,0.0,1015.2,575.6,600.0,29.4,41.6,2.5,5.1
2026-08-23T16:45,,0.0,,,,,,,
2026-08-23T16:50,151.6,0.0,1015.1,544.6,600.0,29.5,41.5,2.5,4.6
2026-08-23T16:55,,0.0,,,,,,,
2026-08-23T17:00,139.3,0.0,1015.0,519.3,599.0,29.6,41.3,2.7,4.9
2026-08-23T17:05,,0.0,,,,,,,
2026-08-23T17:10,142.2,0.0,1015.0,500.4,600.0,29.6,41.6,2.8,5.0
2026-08-23T17:15,,0.0,,,,,,,
2026-08-23T17:20,152.4,0.0,1015.1,344.1,471.0,29.4,43.2,2.0,4.7
2026-08-23T17:25,,0.0,,,,,,,
2026-08-23T17:30,161.1,0.0,1015.1,340.6,531.0,29.0,44.2,1.7,4.3
2026-08-23T17:35,,0.0,,,,,,,
2026-08-23T17:40,189.5,0.0,1015.1,369.3,599.0,29.0,45.7,1.7,3.5
2026-08-23T17:45,,0.0,,,,,,,
2026-08-23T17:50,162.8,0.0,1015.1,201.9,236.0,29.0,44.9,1.8,4.3
2026-08-23T17:55,,0.0,,,,,,,
2026-08-23T18:00,150.2,0.0,1015.1,121.9,0.0,28.4,46.1,1.9,4.4
2026-08-23T18:05,,0.0,,,,,,,
2026-08-23T18:10,149.5,0.0,1015.1,175.8,292.0,28.3,45.4,2.5,4.6
2026-08-23T18:15,,0.0,,,,,,,
2026-08-23T18:20,137.8,0.0,1015.2,105.5,111.0,27.8,46.6,2.2,4.3
2026-08-23T18:25,,0.0,,,,,,,
2026-08-23T18:30,135.3,0.0,1015.2,97.3,72.0,27.6,46.7,2.2,3.7
2026-08-23T18:35,,0.0,,,,,,,
2026-08-23T18:40,138.7,0.0,1015.2,90.4,130.0,27.4,47.4,2.2,4.1
2026-08-23T18:45,,0.0,,,,,,,
2026-08-23T18:50,148.1,0.0,1015.3,67.2,0.0,27.2,48.6,1.8,4.1
2026-08-23T18:55,,0.0,,,,,,,
2026-08-23T19:00,169.6,0.0,1015.3,83.7,173.0,26.6,52.7,1.3,2.7
2026-08-23T19:05,,0.0,,,,,,,
2026-08-23T19:10,156.0,0.0,1015.4,52.5,0.0,26.5,53.5,1.5,2.5
2026-08-23T19:15,,0.0,,,,,,,
2026-08-23T19:20,155.9,0.0,1015.5,36.6,0.0,26.1,55.8,1.3,2.5
2026-08-23T19:25,,0.0,,,,,,,
2026-08-23T19:30,160.6,0.0,1015.5,26.3,0.0,25.9,56.2,1.3,2.7
2026-08-23T19:35,,0.0,,,,,,,
2026-08-23T19:40,176.1,0.0,1015.6,16.8,0.0,25.6,56.6,1.3,2.5
2026-08-23T19:45,,0.0,,,,,,,
2026-08-23T19:50,184.0,0.0,1015.7,5.2,0.0,25.3,57.6,1.2,2.5
2026-08-23T19:55,,0.0,,,,,,,
2026-08-23T20:00,176.7,0.0,1015.8,1.0,0.0,25.2,57.3,1.1,2.6
2026-08-23T20:05,,0.0,,,,,,,
2026-08-23T20:10,163.5,0.0,1015.9,0.0,0.0,25.0,57.9,1.0,2.4
2026-08-23T20:15,,0.0,,,,,,,
2026-08-23T20:20,177.7,0.0,1016.1,0.0,0.0,24.7,58.6,1.3,2.6
2026-08-23T20:25,,0.0,,,,,,,
2026-08-23T20:30,174.6,0.0,1016.2,0.0,0.0,24.6,58.9,1.1,2.8
2026-08-23T20:35,,0.0,,,,,,,
2026-08-23T20:40,157.7,0.0,1016.4,0.0,0.0,23.8,66.7,0.7,2.5
2026-08-23T20:45,,0.0,,,,,,,
2026-08-23T20:50,101.2,0.0,1016.8,0.0,0.0,23.3,68.2,1.3,1.8
2026-08-23T20:55,,0.0,,,,,,,
2026-08-23T21:00,117.4,0.0,1016.9,0.0,0.0,23.4,66.1,1.3,2.0
2026-08-23T21:05,,0.0,,,,,,,
2026-08-23T21:10,101.3,0.0,1017.1,0.0,0.0,23.1,68.5,1.1,1.7
2026-08-23T21:15,,0.0,,,,,,,
2026-08-23T21:20,90.8,0.0,1017.4,0.0,0.0,22.7,70.8,0.9,1.6
2026-08-23T21:25,,0.0,,,,,,,
2026-08-23T21:30,113.8,0.0,1017.4,0.0,0.0,22.5,72.4,0.6,2.1
2026-08-23T21:35,,0.0,,,,,,,
2026-08-23T21:40,94.4,0.0,1017.5,0.0,0.0,22.6,71.8,1.1,2.2
2026-08-23T21:45,,0.0,,,,,,,
2026-08-23T21:50,105.7,0.0,1017.5,0.0,0.0,22.4,72.4,1.5,2.3
2026-08-23T21:55,,0.0,,,,,,,
2026-08-23T22:00,126.7,0.0,1017.6,0.0,0.0,22.1,74.7,1.1,2.4
2026-08-23T22:05,,0.0,,,,,,,
2026-08-23T22:10,122.8,0.0,1017.6,0.0,0.0,21.8,74.6,0.9,1.4
2026-08-23T22:15,,0.0,,,,,,,
2026-08-23T22:20,99.5,0.0,1017.8,0.0,0.0,21.4,76.8,1.5,2.2
2026-08-23T22:25,,0.0,,,,,,,
2026-08-23T22:30,95.9,0.0,1017.8,0.0,0.0,21.3,75.3,1.6,2.5
2026-08-23T22:35,,0.0,,,,,,,
2026-08-23T22:40,91.5,0.0,1017.8,0.0,0.0,20.8,80.1,1.5,1.9
2026-08-23T22:45,,0.0,,,,,,,
2026-08-23T22:50,90.4,0.0,1017.9,0.0,0.0,20.3,87.1,1.3,1.8
2026-08-23T22:55,,0.0,,,,,,,
2026-08-23T23:00,81.6,0.0,1018.0,0.0,0.0,20.4,85.2,1.2,1.9
2026-08-23T23:05,,0.0,,,,,,,
2026-08-23T23:10,93.4,0.0,1018.2,0.0,0.0,20.6,85.8,1.0,1.8
2026-08-23T23:15,,0.0,,,,,,,
2026-08-23T23:20,151.4,0.0,1018.2,0.0,0.0,20.6,85.9,0.6,1.0
2026-08-23T23:25,,0.0,,,,,,,
2026-08-23T23:30,97.4,0.0,1018.2,0.0,0.0,20.6,86.3,0.8,1.7
2026-08-23T23:35,,0.0,,,,,,,
2026-08-23T23:40,98.9,0.0,1018.2,0.0,0.0,21.3,76.1,1.9,3.0
2026-08-23T23:45,,0.0,,,,,,,
2026-08-23T23:50,102.4,0.0,1018.3,0.0,0.0,21.3,76.8,1.2,1.7
2026-08-23T23:55,,0.0,,,,,,,
2026-08-24T00:00,238.3,0.0,1018.4,0.0,0.0,20.3,89.7,0.4,0.9
2026-08-24T00:05,,0.0,,,,,,,
2026-08-24T00:10,328.5,0.0,1018.6,0.0,0.0,20.4,84.0,0.7,1.4
2026-08-24T00:15,,0.0,,,,,,,
2026-08-24T00:20,310.1,0.0,1018.6,0.0,0.0,20.5,82.6,1.0,1.8
2026-08-24T00:25,,0.0,,,,,,,
2026-08-24T00:30,232.8,0.0,1018.5,0.0,0.0,20.3,83.4,0.7,1.7
2026-08-24T00:35,,0.0,,,,,,,
2026-08-24T00:40,36.5,0.0,1018.6,0.0,0.0,19.7,89.8,0.6,1.0
2026-08-24T00:45,,0.0,,,,,,,
2026-08-24T00:50,30.3,0.0,1018.8,0.0,0.0,19.0,95.6,0.6,1.3
2026-08-24T00:55,,0.0,,,,,,,
2026-08-24T01:00,326.3,0.0,1018.8,0.0,0.0,18.9,96.3,1.0,1.8
2026-08-24T01:05,,0.0,,,,,,,
2026-08-24T01:10,317.4,0.0,1018.7,0.0,0.0,18.8,95.1,0.9,1.4
2026-08-24T01:15,,0.0,,,,,,,
2026-08-24T01:20,275.2,0.0,1018.7,0.0,0.0,18.6,96.8,0.8,1.2
2026-08-24T01:25,,0.0,,,,,,,
2026-08-24T01:30,10.8,0.0,1018.7,0.0,0.0,18.5,97.4,0.8,1.6
2026-08-24T01:35,,0.0,,,,,,,
2026-08-24T01:40,5.2,0.0,1018.8,0.0,0.0,18.2,100.1,0.9,1.3
2026-08-24T01:45,,0.0,,,,,,,
2026-08-24T01:50,260.0,0.0,1018.8,0.0,0.0,18.0,100.2,0.3,1.5
2026-08-24T01:55,,0.0,,,,,,,
2026-08-24T02:00,265.7,0.0,1018.6,0.0,0.0,18.1,100.2,1.4,1.9
2026-08-24T02:05,,0.0,,,,,,,
2026-08-24T02:10,31.4,0.0,1018.5,0.0,0.0,18.4,100.3,1.0,1.3
2026-08-24T02:15,,0.0,,,,,,,
2026-08-24T02:20,351.4,0.0,1018.5,0.0,0.0,18.5,100.3,1.1,1.3
2026-08-24T02:25,,0.0,,,,,,,
2026-08-24T02:30,314.4,0.0,1018.5,0.0,0.0,18.4,100.3,0.9,1.3
2026-08-24T02:35,,0.0,,,,,,,
2026-08-24T02:40,329.0,0.0,1018.5,0.0,0.0,18.2,100.3,0.5,1.2
2026-08-24T02:45,,0.0,,,,,,,
2026-08-24T02:50,315.7,0.0,1018.6,0.0,0.0,18.1,100.0,0.8,1.2
2026-08-24T02:55,,0.0,,,,,,,
2026-08-24T03:00,241.6,0.0,1018.6,0.0,0.0,17.8,100.3,0.2,1.6
2026-08-24T03:05,,0.0,,,,,,,
2026-08-24T03:10,64.8,0.0,1018.6,0.0,0.0,17.7,100.3,1.0,1.4
2026-08-24T03:15,,0.0,,,,,,,
2026-08-24T03:20,74.7,0.0,1018.7,0.0,0.0,17.5,100.2,0.6,1.1
2026-08-24T03:25,,0.0,,,,,,,
2026-08-24T03:30,64.3,0.0,1018.7,0.0,0.0,17.6,100.2,0.6,0.9
2026-08-24T03:35,,0.0,,,,,,,
2026-08-24T03:40,227.5,0.0,1018.7,0.0,0.0,17.7,100.2,0.5,1.4
2026-08-24T03:45,,0.0,,,,,,,
2026-08-24T03:50,177.2,0.0,1018.6,0.0,0.0,17.9,100.2,0.3,0.6
2026-08-24T03:55,,0.0,,,,,,,
2026-08-24T04:00,107.3,0.0,1018.6,0.0,0.0,18.0,100.2,0.5,1.2
2026-08-24T04:05,,0.0,,,,,,,
2026-08-24T04:10,91.2,0.0,1018.7,0.0,0.0,18.0,100.2,0.4,0.9
2026-08-24T04:15,,0.0,,,,,,,
2026-08-24T04:20,158.4,0.0,1018.7,0.0,0.0,18.1,100.2,0.5,1.5
2026-08-24T04:25,,0.0,,,,,,,
2026-08-24T04:30,169.2,0.0,1018.6,0.0,0.0,18.1,100.2,0.5,1.5
2026-08-24T04:35,,0.0,,,,,,,
2026-08-24T04:40,35.0,0.0,1018.6,0.0,0.0,18.0,100.1,0.5,1.4
2026-08-24T04:45,,0.0,,,,,,,
2026-08-24T04:50,330.4,0.0,1018.8,0.0,0.0,18.0,100.1,0.3,0.5
2026-08-24T04:55,,0.0,,,,,,,
2026-08-24T05:00,272.0,0.0,1018.8,0.0,0.0,18.0,100.1,0.3,1.0
2026-08-24T05:05,,0.0,,,,,,,
2026-08-24T05:10,245.0,0.0,1018.9,0.0,0.0,17.9,100.1,0.9,1.3
2026-08-24T05:15,,0.0,,,,,,,
2026-08-24T05:20,355.3,0.0,1019.0,0.0,0.0,18.1,100.1,0.1,1.4
2026-08-24T05:25,,0.0,,,,,,,
2026-08-24T05:30,68.0,0.0,1019.0,0.0,0.0,18.1,100.1,0.6,1.2
2026-08-24T05:35,,0.0,,,,,,,
2026-08-24T05:40,36.0,0.0,1019.0,0.0,0.0,18.1,100.1,0.3,1.5
2026-08-24T05:45,,0.0,,,,,,,
2026-08-24T05:50,331.1,0.0,1019.0,0.0,0.0,18.1,100.1,0.4,0.7
2026-08-24T05:55,,0.0,,,,,,,
2026-08-24T06:00,277.2,0.0,1018.9,0.0,0.0,18.1,100.1,0.5,0.6
2026-08-24T06:05,,0.0,,,,,,,
2026-08-24T06:10,319.7,0.0,1019.0,0.0,0.0,18.1,100.1,0.7,1.3
2026-08-24T06:15,,0.0,,,,,,,
2026-08-24T06:20,244.4,0.0,1019.0,0.0,0.0,17.9,100.1,0.7,0.9
2026-08-24T06:25,,0.0,,,,,,,
2026-08-24T06:30,110.5,0.0,1019.0,0.2,0.0,18.1,100.1,0.2,1.1
2026-08-24T06:35,,0.0,,,,,,,
2026-08-24T06:40,110.4,0.0,1019.0,3.8,0.0,18.2,100.1,0.4,0.9
2026-08-24T06:45,,0.0,,,,,,,
2026-08-24T06:50,94.1,0.0,1019.0,11.9,0.0,18.1,100.1,0.5,1.4
2026-08-24T06:55,,0.0,,,,,,,
2026-08-24T07:00,109.4,0.0,1019.2,23.4,0.0,18.2,100.1,0.7,1.3
2026-08-24T07:05,,0.0,,,,,,,
2026-08-24T07:10,218.3,0.0,1019.2,40.4,0.0,18.2,100.1,0.6,0.9
2026-08-24T07:15,,0.0,,,,,,,
2026-08-24T07:20,253.9,0.0,1019.2,61.3,0.0,18.4,100.1,0.6,1.5
2026-08-24T07:25,,0.0,,,,,,,
2026-08-24T07:30,110.8,0.0,1019.1,82.3,0.0,18.7,100.2,0.3,1.3
2026-08-24T07:35,,0.0,,,,,,,
2026-08-24T07:40,121.2,0.0,1019.2,97.2,0.0,19.2,100.2,0.6,1.6
2026-08-24T07:45,,0.0,,,,,,,
2026-08-24T07:50,77.9,0.0,1019.2,93.4,0.0,19.6,98.6,0.6,1.1
2026-08-24T07:55,,0.0,,,,,,,
2026-08-24T08:00,155.1,0.0,1019.2,87.9,0.0,19.8,93.4,0.4,1.4
2026-08-24T08:05,,0.0,,,,,,,
2026-08-24T08:10,133.9,0.0,1019.0,95.0,0.0,20.1,89.8,0.4,1.7
2026-08-24T08:15,,0.0,,,,,,,
2026-08-24T08:20,151.7,0.0,1019.0,131.1,0.0,20.4,88.1,0.2,1.5
2026-08-24T08:25,,0.0,,,,,,,
2026-08-24T08:30,277.4,0.0,1019.0,198.1,340.0,20.6,84.7,0.0,0.7
2026-08-24T08:35,,0.0,,,,,,,
2026-08-24T08:40,283.0,0.0,1018.9,162.4,111.0,21.0,81.2,0.1,1.5
2026-08-24T08:45,,0.0,,,,,,,
2026-08-24T08:50,40.9,0.0,1018.9,185.1,0.0,21.1,79.9,0.3,1.1
2026-08-24T08:55,,0.0,,,,,,,
2026-08-24T09:00,17.4,0.0,1018.9,185.0,0.0,21.3,77.4,0.2,0.8
2026-08-24T09:05,,0.0,,,,,,,
2026-08-24T09:10,8.9,0.0,1018.9,164.7,351.0,21.4,76.7,0.4,0.8
2026-08-24T09:15,,0.0,,,,,,,
2026-08-24T09:20,53.4,0.0,1018.8,132.8,48.0,21.5,77.6,0.5,1.3
2026-08-24T09:25,,0.0,,,,,,,
2026-08-24T09:30,62.0,0.0,1018.8,433.7,599.0,21.9,74.4,0.7,1.4
2026-08-24T09:35,,0.0,,,,,,,
2026-08-24T09:40,41.7,0.0,1018.6,505.3,600.0,22.8,71.3,1.2,2.1
2026-08-24T09:45,,0.0,,,,,,,
2026-08-24T09:50,38.0,0.0,1018.5,521.5,600.0,23.2,67.8,1.3,2.7
2026-08-24T09:55,,0.0,,,,,,,
2026-08-24T10:00,19.4,0.0,1018.4,550.4,600.0,23.6,67.2,0.7,1.8
2026-08-24T10:05,,0.0,,,,,,,
2026-08-24T10:10,34.3,0.0,1018.2,575.7,599.0,24.3,64.0,0.8,1.8
2026-08-24T10:15,,0.0,,,,,,,
2026-08-24T10:20,325.3,0.0,1018.0,602.7,600.0,24.6,64.1,1.0,1.8
2026-08-24T10:25,,0.0,,,,,,,
2026-08-24T10:30,83.0,0.0,1018.0,624.9,600.0,24.9,60.9,0.4,2.2
2026-08-24T10:35,,0.0,,,,,,,
2026-08-24T10:40,154.7,0.0,1017.9,647.0,600.0,25.0,60.4,0.6,2.1
2026-08-24T10:45,,0.0,,,,,,,
2026-08-24T10:50,180.0,0.0,1017.8,667.6,600.0,25.3,59.2,0.9,1.9
2026-08-24T10:55,,0.0,,,,,,,
2026-08-24T11:00,204.1,0.0,1017.6,690.0,600.0,25.5,58.9,1.2,2.1
2026-08-24T11:05,,0.0,,,,,,,
2026-08-24T11:10,169.5,0.0,1017.5,709.9,600.0,25.8,55.5,0.9,1.8
2026-08-24T11:15,,0.0,,,,,,,
2026-08-24T11:20,141.0,0.0,1017.3,725.7,600.0,26.2,55.2,0.5,1.6
2026-08-24T11:25,,0.0,,,,,,,
2026-08-24T11:30,137.8,0.0,1017.2,744.0,600.0,26.7,53.1,1.1,2.2
2026-08-24T11:35,,0.0,,,,,,,
2026-08-24T11:40,157.7,0.0,1017.0,757.7,600.0,26.5,53.2,1.4,2.5
2026-08-24T11:45,,0.0,,,,,,,
2026-08-24T11:50,132.2,0.0,1016.8,771.4,599.0,27.0,53.7,1.1,2.7
2026-08-24T11:55,,0.0,,,,,,,
2026-08-24T12:00,147.5,0.0,1016.6,784.6,600.0,27.4,52.5,1.3,2.7
2026-08-24T12:05,,0.0,,,,,,,
2026-08-24T12:10,142.1,0.0,1016.5,795.2,599.0,27.6,51.8,1.4,3.1
2026-08-24T12:15,,0.0,,,,,,,
2026-08-24T12:20,143.8,0.0,1016.3,804.2,600.0,27.8,50.5,1.5,3.4
2026-08-24T12:25,,0.0,,,,,,,
2026-08-24T12:30,153.1,0.0,1016.1,810.9,599.0,28.1,51.2,1.4,2.7
2026-08-24T12:35,,0.0,,,,,,,
2026-08-24T12:40,168.9,0.0,1016.0,815.5,600.0,28.3,50.9,1.3,2.9
2026-08-24T12:45,,0.0,,,,,,,
2026-08-24T12:50,162.3,0.0,1015.8,822.3,600.0,28.5,48.6,1.5,2.9
2026-08-24T12:55,,0.0,,,,,,,
2026-08-24T13:00,156.6,0.0,1015.5,825.3,600.0,28.7,49.7,1.5,3.1
2026-08-24T13:05,,0.0,,,,,,,
2026-08-24T13:10,165.9,0.0,1015.4,826.8,600.0,29.0,48.7,1.7,3.8
2026-08-24T13:15,,0.0,,,,,,,
2026-08-24T13:20,166.6,0.0,1015.2,826.9,599.0,29.1,51.3,1.7,3.3
2026-08-24T13:25,,0.0,,,,,,,
2026-08-24T13:30,141.3,0.0,1015.0,826.5,600.0,29.3,49.8,2.2,4.6
2026-08-24T13:35,,0.0,,,,,,,
2026-08-24T13:40,161.5,0.0,1014.8,825.5,600.0,29.6,48.0,2.0,3.7
2026-08-24T13:45,,0.0,,,,,,,
2026-08-24T13:50,146.2,0.0,1014.7,825.0,600.0,29.7,45.2,2.1,4.1
2026-08-24T13:55,,0.0,,,,,,,
2026-08-24T14:00,153.1,0.0,1014.6,823.3,600.0,29.9,42.0,2.4,5.1
2026-08-24T14:05,,0.0,,,,,,,
2026-08-24T14:10,160.1,0.0,1014.5,814.4,570.0,30.2,42.8,2.3,4.7
2026-08-24T14:15,,0.0,,,,,,,
2026-08-24T14:20,162.6,0.0,1014.3,807.6,401.0,30.2,43.9,2.7,5.2
2026-08-24T14:25,,0.0,,,,,,,
2026-08-24T14:30,156.7,0.0,1014.0,804.1,600.0,30.4,44.5,2.2,5.0
2026-08-24T14:35,,0.0,,,,,,,
2026-08-24T14:40,155.1,0.0,1013.9,795.5,600.0,30.5,43.4,2.7,6.1
2026-08-24T14:45,,0.0,,,,,,,
2026-08-24T14:50,155.5,0.0,1013.8,407.1,599.0,30.5,44.4,2.5,5.9
2026-08-24T14:55,,0.0,,,,,,,
2026-08-24T15:00,156.3,0.0,1013.7,799.7,600.0,30.5,44.1,2.5,5.1
2026-08-24T15:05,,0.0,,,,,,,
2026-08-24T15:10,152.8,0.0,1013.6,768.8,600.0,30.7,43.3,2.9,5.3
2026-08-24T15:15,,0.0,,,,,,,
2026-08-24T15:20,151.4,0.0,1013.5,713.3,600.0,30.8,43.4,3.0,4.9
2026-08-24T15:25,,0.0,,,,,,,
2026-08-24T15:30,155.5,0.0,1013.4,724.3,599.0,31.0,43.6,2.6,5.1
2026-08-24T15:35,,0.0,,,,,,,
2026-08-24T15:40,150.1,0.0,1013.3,711.1,600.0,31.1,43.5,2.3,4.4
2026-08-24T15:45,,0.0,,,,,,,
2026-08-24T15:50,138.2,0.0,1013.2,503.4,600.0,31.0,44.1,2.5,4.5
2026-08-24T15:55,,0.0,,,,,,,
2026-08-24T16:00,127.5,0.0,1012.9,468.3,599.0,30.7,43.0,3.4,6.5
2026-08-24T16:05,,0.0,,,,,,,
2026-08-24T16:10,147.9,0.0,1012.8,519.3,600.0,30.7,42.7,2.8,5.5
2026-08-24T16:15,,0.0,,,,,,,
2026-08-24T16:20,154.6,0.0,1012.8,493.8,600.0,30.7,41.8,2.9,5.6
2026-08-24T16:25,,0.0,,,,,,,
2026-08-24T16:30,140.7,0.0,1012.8,436.5,600.0,30.7,43.5,2.1,4.7
2026-08-24T16:35,,0.0,,,,,,,
2026-08-24T16:40,135.9,0.0,1012.7,330.0,428.0,30.7,42.3,2.6,4.6
2026-08-24T16:45,,0.0,,,,,,,
2026-08-24T16:50,133.4,0.0,1012.6,414.4,485.0,30.5,42.5,2.3,4.2
2026-08-24T16:55,,0.0,,,,,,,
2026-08-24T17:00,130.8,0.0,1012.5,286.5,253.0,30.3,42.7,2.4,4.2
2026-08-24T17:05,,0.0,,,,,,,
2026-08-24T17:10,136.5,0.0,1012.4,443.4,590.0,30.7,42.2,1.8,3.5
2026-08-24T17:15,,0.0,,,,,,,
2026-08-24T17:20,128.5,0.0,1012.3,204.4,160.0,30.5,41.6,2.4,4.9
2026-08-24T17:25,,0.0,,,,,,,
2026-08-24T17:30,136.6,0.0,1012.1,235.6,304.0,29.9,43.1,2.0,3.8
2026-08-24T17:35,,0.0,,,,,,,
2026-08-24T17:40,140.7,0.0,1011.9,316.9,519.0,30.5,41.1,2.1,3.8
2026-08-24T17:45,,0.0,,,,,,,
2026-08-24T17:50,131.0,0.0,1011.9,130.8,203.0,29.9,42.6,2.0,4.5
2026-08-24T17:55,,0.0,,,,,,,
2026-08-24T18:00,135.0,0.0,1011.8,231.2,468.0,29.8,44.9,1.6,3.4
2026-08-24T18:05,,0.0,,,,,,,
2026-08-24T18:10,143.3,0.0,1011.8,194.8,396.0,29.9,45.3,1.6,2.9
2026-08-24T18:15,,0.0,,,,,,,
2026-08-24T18:20,150.8,0.0,1011.9,84.7,108.0,29.0,48.6,1.4,4.5
2026-08-24T18:25,,0.0,,,,,,,
2026-08-24T18:30,183.1,0.0,1011.9,115.5,294.0,28.9,44.9,2.2,4.6
2026-08-24T18:35,,0.0,,,,,,,
2026-08-24T18:40,195.6,0.0,1011.8,166.1,486.0,28.9,46.0,1.4,4.8
2026-08-24T18:45,,0.0,,,,,,,
2026-08-24T18:50,132.9,0.0,1011.7,135.9,452.0,29.1,46.3,1.1,3.5
2026-08-24T18:55,,0.0,,,,,,,
2026-08-24T19:00,149.7,0.0,1011.9,72.5,124.0,28.5,48.5,1.3,4.1
2026-08-24T19:05,,0.0,,,,,,,
2026-08-24T19:10,145.8,0.0,1011.9,42.4,0.0,28.5,46.4,2.1,4.7
2026-08-24T19:15,,0.0,,,,,,,
2026-08-24T19:20,145.6,0.0,1011.9,44.4,0.0,28.3,47.0,1.5,3.1
2026-08-24T19:25,,0.0,,,,,,,
2026-08-24T19:30,126.4,0.0,1011.8,40.7,0.0,27.8,49.9,2.0,3.4
2026-08-24T19:35,,0.0,,,,,,,
2026-08-24T19:40,126.8,0.0,1011.7,38.8,0.0,27.6,51.8,1.2,2.4
2026-08-24T19:45,,0.0,,,,,,,
2026-08-24T19:50,138.8,0.0,1011.8,20.5,0.0,27.5,51.4,1.4,3.4
2026-08-24T19:55,,0.0,,,,,,,
2026-08-24T20:00,149.7,0.0,1012.0,9.4,0.0,27.0,54.3,1.9,2.9
2026-08-24T20:05,,0.0,,,,,,,
2026-08-24T20:10,153.3,0.0,1012.0,0.6,0.0,26.7,55.6,1.6,2.7
2026-08-24T20:15,,0.0,,,,,,,
2026-08-24T20:20,190.5,0.0,1012.0,0.0,0.0,26.3,56.4,1.9,3.4
2026-08-24T20:25,,0.0,,,,,,,
2026-08-24T20:30,171.1,0.0,1012.1,0.0,0.0,26.3,55.9,1.6,3.7
2026-08-24T20:35,,0.0,,,,,,,
2026-08-24T20:40,195.4,0.0,1012.3,0.0,0.0,25.7,60.1,1.2,2.7
2026-08-24T20:45,,0.0,,,,,,,
2026-08-24T20:50,337.3,0.0,1012.6,0.0,0.0,24.9,61.7,2.0,4.5
2026-08-24T20:55,,0.0,,,,,,,
2026-08-24T21:00,332.4,0.0,1012.9,0.0,0.0,24.2,63.1,2.8,4.3
2026-08-24T21:05,,0.0,,,,,,,
2026-08-24T21:10,323.0,0.0,1013.1,0.0,0.0,23.7,63.2,3.0,6.2
2026-08-24T21:15,,0.0,,,,,,,
2026-08-24T21:20,331.7,0.0,1013.4,0.0,0.0,23.5,63.2,3.0,4.8
2026-08-24T21:25,,0.0,,,,,,,
2026-08-24T21:30,347.7,0.0,1013.6,0.0,0.0,23.3,63.5,3.0,4.6
2026-08-24T21:35,,0.0,,,,,,,
2026-08-24T21:40,329.3,0.0,1014.0,0.0,0.0,23.2,64.1,1.9,3.0
2026-08-24T21:45,,0.0,,,,,,,
2026-08-24T21:50,10.8,0.0,1014.1,0.0,0.0,23.0,65.4,1.5,2.4
2026-08-24T21:55,,0.0,,,,,,,
2026-08-24T22:00,342.7,0.0,1013.9,0.0,0.0,22.6,68.3,1.6,3.0
2026-08-24T22:05,,0.0,,,,,,,
2026-08-24T22:10,340.6,0.0,1013.9,0.0,0.0,22.4,70.0,0.9,2.2
2026-08-24T22:15,,0.0,,,,,,,
2026-08-24T22:20,0.5,0.0,1013.8,0.0,0.0,22.4,68.0,1.2,2.4
2026-08-24T22:25,,0.0,,,,,,,
2026-08-24T22:30,242.2,0.0,1013.8,0.0,0.0,21.6,74.9,1.0,2.0
2026-08-24T22:35,,0.0,,,,,,,
2026-08-24T22:40,286.1,0.0,1013.9,0.0,0.0,21.3,78.0,1.2,1.7
2026-08-24T22:45,,0.0,,,,,,,
2026-08-24T22:50,349.1,0.0,1013.8,0.0,0.0,21.4,76.3,0.9,1.8
2026-08-24T22:55,,0.0,,,,,,,
2026-08-24T23:00,276.2,0.0,1013.7,0.0,0.0,20.8,82.3,1.3,2.3
2026-08-24T23:05,,0.0,,,,,,,
2026-08-24T23:10,330.3,0.0,1013.8,0.0,0.0,21.0,77.3,1.8,2.8
2026-08-24T23:15,,0.0,,,,,,,
2026-08-24T23:20,343.4,0.0,1013.8,0.0,0.0,21.4,73.5,1.0,2.5
2026-08-24T23:25,,0.0,,,,,,,
2026-08-24T23:30,237.3,0.0,1013.9,0.0,0.0,21.3,76.3,0.9,2.3
2026-08-24T23:35,,0.0,,,,,,,
2026-08-24T23:40,16.5,0.0,1013.8,0.0,0.0,21.0,81.5,0.6,1.1
2026-08-24T23:45,,0.0,,,,,,,
2026-08-24T23:50,327.2,0.0,1013.8,0.0,0.0,20.7,84.8,1.3,2.0
2026-08-24T23:55,,0.0,,,,,,,
2026-08-25T00:00,313.0,0.0,1013.7,0.0,0.0,20.6,82.1,1.3,1.9
2026-08-25T00:05,,0.0,,,,,,,
2026-08-25T00:10,19.0,0.0,1013.7,0.0,0.0,20.5,83.7,1.3,2.3
2026-08-25T00:15,,0.0,,,,,,,
2026-08-25T00:20,43.2,0.0,1013.7,0.0,0.0,20.4,85.5,0.5,2.0
2026-08-25T00:25,,0.0,,,,,,,
2026-08-25T00:30,230.7,0.0,1013.7,0.0,0.0,20.0,89.3,1.7,2.2
2026-08-25T00:35,,0.0,,,,,,,
2026-08-25T00:40,105.4,0.0,1013.7,0.0,0.0,20.2,87.4,0.7,1.4
2026-08-25T00:45,,0.0,,,,,,,
2026-08-25T00:50,81.1,0.0,1013.7,0.0,0.0,19.8,91.3,1.1,1.7
2026-08-25T00:55,,0.0,,,,,,,
2026-08-25T01:00,87.2,0.0,1013.5,0.0,0.0,19.5,94.6,0.8,1.2
2026-08-25T01:05,,0.0,,,,,,,
2026-08-25T01:10,229.2,0.0,1013.4,0.0,0.0,19.1,98.5,0.6,1.9
2026-08-25T01:15,,0.0,,,,,,,
2026-08-25T01:20,329.3,0.0,1013.3,0.0,0.0,19.0,100.2,0.8,1.5
2026-08-25T01:25,,0.0,,,,,,,
2026-08-25T01:30,294.4,0.0,1013.3,0.0,0.0,19.1,99.3,0.2,1.8
2026-08-25T01:35,,0.0,,,,,,,
2026-08-25T01:40,213.8,0.0,1013.0,0.0,0.0,19.1,98.9,0.4,1.8
2026-08-25T01:45,,0.0,,,,,,,
2026-08-25T01:50,249.8,0.0,1013.1,0.0,0.0,19.0,100.0,0.4,1.6
2026-08-25T01:55,,0.0,,,,,,,
2026-08-25T02:00,51.1,0.0,1013.1,0.0,0.0,19.4,98.2,0.8,1.3
2026-08-25T02:05,,0.0,,,,,,,
2026-08-25T02:10,69.5,0.0,1013.0,0.0,0.0,19.6,94.8,0.5,1.6
2026-08-25T02:15,,0.0,,,,,,,
2026-08-25T02:20,287.0,0.0,1013.0,0.0,0.0,19.5,98.4,1.3,2.2
2026-08-25T02:25,,0.0,,,,,,,
2026-08-25T02:30,3.9,0.0,1012.8,0.0,0.0,19.5,96.8,0.6,1.8
2026-08-25T02:35,,0.0,,,,,,,
2026-08-25T02:40,199.7,0.0,1012.7,0.0,0.0,19.5,97.4,0.4,1.5
2026-08-25T02:45,,0.0,,,,,,,
2026-08-25T02:50,4.2,0.0,1012.6,0.0,0.0,19.3,100.0,1.0,1.9
2026-08-25T02:55,,0.0,,,,,,,
2026-08-25T03:00,304.9,0.0,1012.3,0.0,0.0,19.2,99.7,1.3,2.2
2026-08-25T03:05,,0.0,,,,,,,
2026-08-25T03:10,311.4,0.0,1012.2,0.0,0.0,19.4,97.4,0.9,1.5
2026-08-25T03:15,,0.0,,,,,,,
2026-08-25T03:20,210.3,0.0,1012.2,0.0,0.0,19.6,96.8,0.8,1.6
2026-08-25T03:25,,0.0,,,,,,,
2026-08-25T03:30,215.1,0.0,1012.1,0.0,0.0,19.5,97.6,0.9,1.6
2026-08-25T03:35,,0.0,,,,,,,
2026-08-25T03:40,98.7,0.0,1011.9,0.0,0.0,19.6,96.9,0.9,1.7
2026-08-25T03:45,,0.0,,,,,,,
2026-08-25T03:50,65.6,0.0,1011.6,0.0,0.0,19.4,97.5,0.8,1.8
2026-08-25T03:55,,0.0,,,,,,,
2026-08-25T04:00,87.0,0.0,1011.4,0.0,0.0,19.4,98.5,1.1,2.6
2026-08-25T04:05,,0.0,,,,,,,
2026-08-25T04:10,108.6,0.0,1011.1,0.0,0.0,19.8,91.5,2.0,2.8
2026-08-25T04:15,,0.0,,,,,,,
2026-08-25T04:20,245.7,0.0,1011.1,0.0,0.0,19.6,93.4,1.0,1.6
2026-08-25T04:25,,0.0,,,,,,,
2026-08-25T04:30,198.9,0.0,1011.1,0.0,0.0,19.4,96.8,0.5,1.6
2026-08-25T04:35,,0.0,,,,,,,
2026-08-25T04:40,100.2,0.0,1011.1,0.0,0.0,19.4,97.3,0.9,1.7
2026-08-25T04:45,,0.0,,,,,,,
2026-08-25T04:50,315.4,0.0,1011.1,0.0,0.0,19.3,98.0,0.8,2.1
2026-08-25T04:55,,0.0,,,,,,,
2026-08-25T05:00,311.9,0.0,1011.1,0.0,0.0,19.4,95.3,0.7,1.7
2026-08-25T05:05,,0.0,,,,,,,
2026-08-25T05:10,64.3,0.0,1011.1,0.0,0.0,19.6,95.2,0.3,1.4
2026-08-25T05:15,,0.0,,,,,,,
2026-08-25T05:20,180.6,0.0,1011.1,0.0,0.0,19.4,99.1,0.5,1.6
2026-08-25T05:25,,0.0,,,,,,,
2026-08-25T05:30,104.0,0.0,1011.1,0.0,0.0,19.3,100.3,0.9,1.9
2026-08-25T05:35,,0.0,,,,,,,
2026-08-25T05:40,145.6,0.0,1011.1,0.0,0.0,19.7,94.6,1.5,3.7
2026-08-25T05:45,,0.1,,,,,,,
2026-08-25T05:50,132.5,0.1,1011.2,0.0,0.0,19.8,93.6,1.3,3.4
2026-08-25T05:55,,0.0,,,,,,,
2026-08-25T06:00,142.4,0.1,1011.2,0.0,0.0,19.5,98.4,1.0,2.9
2026-08-25T06:05,,0.1,,,,,,,
2026-08-25T06:10,119.3,0.1,1011.2,0.0,0.0,19.4,99.5,2.0,3.1
2026-08-25T06:15,,0.0,,,,,,,
2026-08-25T06:20,92.7,0.0,1011.1,0.0,0.0,19.2,100.3,1.8,2.8
2026-08-25T06:25,,0.1,,,,,,,
2026-08-25T06:30,46.9,0.0,1011.1,0.0,0.0,19.1,100.3,1.0,1.9
2026-08-25T06:35,,0.0,,,,,,,
2026-08-25T06:40,101.1,0.0,1011.2,0.0,0.0,19.1,100.2,1.0,3.0
2026-08-25T06:45,,0.0,,,,,,,
2026-08-25T06:50,187.1,0.0,1011.2,0.0,0.0,19.2,100.2,1.0,1.8
2026-08-25T06:55,,0.0,,,,,,,
2026-08-25T07:00,211.4,0.0,1011.2,0.3,0.0,19.1,100.2,1.1,2.1
2026-08-25T07:05,,0.0,,,,,,,
2026-08-25T07:10,326.9,0.0,1011.3,4.7,0.0,19.1,100.2,1.1,2.5
2026-08-25T07:15,,0.0,,,,,,,
2026-08-25T07:20,344.7,0.0,1011.4,23.5,0.0,19.0,100.2,1.3,2.6
2026-08-25T07:25,,0.0,,,,,,,
2026-08-25T07:30,14.5,0.0,1011.2,37.1,0.0,19.3,100.1,0.3,1.8
2026-08-25T07:35,,0.0,,,,,,,
2026-08-25T07:40,336.1,0.0,1011.1,24.8,0.0,19.3,100.1,0.4,0.8
2026-08-25T07:45,,0.0,,,,,,,
2026-08-25T07:50,74.0,0.0,1010.9,27.7,0.0,19.4,100.1,0.7,1.2
2026-08-25T07:55,,0.0,,,,,,,
2026-08-25T08:00,124.7,0.0,1010.9,26.4,0.0,19.5,100.1,0.5,1.1
2026-08-25T08:05,,0.0,,,,,,,
2026-08-25T08:10,58.8,0.0,1010.8,21.0,0.0,19.5,100.1,0.7,1.0
2026-08-25T08:15,,0.0,,,,,,,
2026-08-25T08:20,301.8,0.0,1010.7,26.6,0.0,19.5,100.1,0.5,2.2
2026-08-25T08:25,,0.0,,,,,,,
2026-08-25T08:30,271.5,0.0,1010.8,34.5,0.0,19.4,100.0,1.1,2.2
2026-08-25T08:35,,0.0,,,,,,,
2026-08-25T08:40,266.4,0.0,1010.9,28.8,0.0,19.4,100.0,0.6,1.1
2026-08-25T08:45,,0.0,,,,,,,
2026-08-25T08:50,118.7,0.0,1010.8,41.3,0.0,19.4,100.1,0.2,2.0
2026-08-25T08:55,,0.0,,,,,,,
2026-08-25T09:00,216.5,0.0,1010.8,92.3,0.0,19.6,100.1,0.6,1.1
2026-08-25T09:05,,0.0,,,,,,,
2026-08-25T09:10,211.6,0.0,1010.8,122.1,42.0,19.8,100.2,0.1,1.4
2026-08-25T09:15,,0.0,,,,,,,
2026-08-25T09:20,41.9,0.0,1010.9,94.7,0.0,20.1,100.2,0.5,1.2
2026-08-25T09:25,,0.0,,,,,,,
2026-08-25T09:30,30.6,0.0,1011.0,83.5,0.0,20.2,100.3,0.9,1.5
2026-08-25T09:35,,0.0,,,,,,,
2026-08-25T09:40,296.6,0.0,1011.0,90.4,0.0,20.3,100.3,0.7,1.7
2026-08-25T09:45,,0.0,,,,,,,
2026-08-25T09:50,328.1,0.0,1011.0,82.8,0.0,20.3,100.1,1.1,1.7
2026-08-25T09:55,,0.1,,,,,,,
2026-08-25T10:00,343.4,0.1,1011.1,88.5,0.0,20.4,100.2,1.3,1.9
2026-08-25T10:05,,0.1,,,,,,,
2026-08-25T10:10,334.6,0.0,1011.2,73.5,0.0,20.2,100.2,0.9,1.6
2026-08-25T10:15,,0.1,,,,,,,
2026-08-25T10:20,325.7,0.0,1011.2,65.6,0.0,20.1,100.2,1.1,1.7
2026-08-25T10:25,,0.0,,,,,,,
2026-08-25T10:30,273.3,0.2,1011.4,42.9,0.0,20.0,100.2,1.5,2.3
2026-08-25T10:35,,0.3,,,,,,,
2026-08-25T10:40,290.7,0.3,1011.5,37.9,0.0,19.8,100.2,1.4,2.0
2026-08-25T10:45,,0.1,,,,,,,
2026-08-25T10:50,301.7,0.2,1011.5,43.8,0.0,19.7,100.2,1.3,2.0
2026-08-25T10:55,,0.3,,,,,,,
2026-08-25T11:00,311.5,0.1,1011.7,53.5,0.0,19.6,100.2,1.2,1.8
2026-08-25T11:05,,0.2,,,,,,,
2026-08-25T11:10,319.7,0.1,1011.8,58.6,0.0,19.6,100.2,1.3,1.8
2026-08-25T11:15,,0.0,,,,,,,
2026-08-25T11:20,317.9,0.1,1011.9,65.9,0.0,19.5,100.2,1.1,1.7
2026-08-25T11:25,,0.0,,,,,,,
2026-08-25T11:30,295.4,0.0,1012.0,60.0,0.0,19.5,100.2,1.2,1.7
2026-08-25T11:35,,0.1,,,,,,,
2026-08-25T11:40,300.5,0.1,1012.0,73.7,0.0,19.5,100.2,1.2,1.8
2026-08-25T11:45,,0.3,,,,,,,
2026-08-25T11:50,304.4,0.3,1012.0,59.9,0.0,19.5,100.2,0.8,1.5
2026-08-25T11:55,,0.3,,,,,,,
2026-08-25T12:00,299.0,0.3,1012.0,59.4,0.0,19.6,100.2,0.8,1.3
2026-08-25T12:05,,0.2,,,,,,,
2026-08-25T12:10,321.3,0.1,1012.0,86.0,0.0,19.6,100.1,0.4,1.3
2026-08-25T12:15,,0.0,,,,,,,
2026-08-25T12:20,296.7,0.0,1012.0,148.1,0.0,19.7,100.1,0.9,1.9
2026-08-25T12:25,,0.0,,,,,,,
2026-08-25T12:30,307.4,0.0,1012.1,335.0,141.0,20.0,100.1,0.7,1.6
2026-08-25T12:35,,0.0,,,,,,,
2026-08-25T12:40,330.9,0.0,1012.0,364.5,0.0,20.2,100.2,0.6,1.2
2026-08-25T12:45,,0.0,,,,,,,
2026-08-25T12:50,179.5,0.0,1011.9,390.2,0.0,20.6,99.1,0.9,1.7
2026-08-25T12:55,,0.0,,,,,,,
2026-08-25T13:00,223.9,0.0,1011.6,563.1,230.0,21.4,95.8,0.8,1.8
2026-08-25T13:05,,0.0,,,,,,,
2026-08-25T13:10,176.3,0.0,1011.5,643.2,270.0,21.7,86.7,0.7,1.9
2026-08-25T13:15,,0.0,,,,,,,
2026-08-25T13:20,218.7,0.0,1011.3,951.8,600.0,22.5,81.8,1.1,2.1
2026-08-25T13:25,,0.0,,,,,,,
2026-08-25T13:30,203.6,0.0,1011.2,893.5,552.0,23.3,77.8,0.5,1.7
2026-08-25T13:35,,0.0,,,,,,,
2026-08-25T13:40,59.5,0.0,1011.2,892.5,576.0,23.7,75.5,0.8,2.4
2026-08-25T13:45,,0.0,,,,,,,
2026-08-25T13:50,127.6,0.0,1011.1,1051.9,583.0,24.4,70.0,1.1,2.8
2026-08-25T13:55,,0.0,,,,,,,
2026-08-25T14:00,114.2,0.0,1011.2,636.5,495.0,24.1,68.7,1.1,2.8
2026-08-25T14:05,,0.0,,,,,,,
2026-08-25T14:10,90.2,0.0,1011.2,598.5,337.0,24.0,70.9,0.2,2.1
2026-08-25T14:15,,0.0,,,,,,,
2026-08-25T14:20,308.3,0.0,1011.1,916.5,455.0,24.6,69.0,0.5,2.5
2026-08-25T14:25,,0.0,,,,,,,
2026-08-25T14:30,301.3,0.0,1011.0,627.9,183.0,25.2,69.5,2.3,4.0
2026-08-25T14:35,,0.0,,,,,,,
2026-08-25T14:40,319.2,0.0,1010.9,616.1,417.0,24.8,70.9,2.0,3.4
2026-08-25T14:45,,0.0,,,,,,,
2026-08-25T14:50,323.9,0.0,1010.7,476.7,600.0,25.6,68.3,1.8,3.6
2026-08-25T14:55,,0.0,,,,,,,
2026-08-25T15:00,289.0,0.0,1010.7,817.2,598.0,25.7,66.1,1.4,3.2
2026-08-25T15:05,,0.0,,,,,,,
2026-08-25T15:10,312.0,0.0,1010.6,755.6,600.0,26.0,65.3,1.4,2.6
2026-08-25T15:15,,0.0,,,,,,,
2026-08-25T15:20,280.9,0.0,1010.7,393.7,472.0,25.4,65.4,0.8,2.6
2026-08-25T15:25,,0.0,,,,,,,
2026-08-25T15:30,325.0,0.0,1010.7,276.1,51.0,24.9,67.4,1.6,2.6
2026-08-25T15:35,,0.0,,,,,,,
2026-08-25T15:40,331.8,0.0,1010.7,497.4,600.0,25.0,67.5,2.0,4.2
2026-08-25T15:45,,0.0,,,,,,,
2026-08-25T15:50,339.5,0.0,1010.5,717.2,600.0,26.0,63.8,1.3,2.6
2026-08-25T15:55,,0.0,,,,,,,
2026-08-25T16:00,301.2,0.0,1010.5,695.1,600.0,26.3,61.5,1.0,2.4
2026-08-25T16:05,,0.0,,,,,,,
2026-08-25T16:10,265.9,0.0,1010.5,688.4,600.0,26.6,62.5,0.8,2.2
2026-08-25T16:15,,0.0,,,,,,,
2026-08-25T16:20,330.1,0.0,1010.5,688.1,600.0,26.8,59.6,1.9,3.5
2026-08-25T16:25,,0.0,,,,,,,
2026-08-25T16:30,308.2,0.0,1010.5,308.8,225.0,26.3,62.5,1.7,2.8
2026-08-25T16:35,,0.0,,,,,,,
2026-08-25T16:40,332.0,0.0,1010.6,191.9,0.0,25.6,63.4,1.6,2.5
2026-08-25T16:45,,0.0,,,,,,,
2026-08-25T16:50,327.3,0.0,1010.6,197.2,0.0,25.4,64.2,1.7,2.6
2026-08-25T16:55,,0.0,,,,,,,
2026-08-25T17:00,324.4,0.0,1010.7,210.5,0.0,25.3,64.9,1.5,2.5
2026-08-25T17:05,,0.0,,,,,,,
2026-08-25T17:10,313.1,0.0,1010.8,217.2,82.0,25.2,66.7,1.4,2.3
2026-08-25T17:15,,0.0,,,,,,,
2026-08-25T17:20,332.7,0.0,1010.8,330.7,369.0,25.5,62.7,1.5,2.4
2026-08-25T17:25,,0.0,,,,,,,
2026-08-25T17:30,301.5,0.0,1010.7,413.6,599.0,26.1,60.2,1.1,2.6
2026-08-25T17:35,,0.0,,,,,,,
2026-08-25T17:40,258.7,0.0,1010.7,510.6,600.0,26.6,59.0,0.7,2.1
2026-08-25T17:45,,0.0,,,,,,,
2026-08-25T17:50,304.3,0.0,1010.8,490.8,600.0,27.0,58.7,1.4,3.0
2026-08-25T17:55,,0.0,,,,,,,
2026-08-25T18:00,326.1,0.0,1010.9,272.0,260.0,26.8,59.5,1.8,3.8
2026-08-25T18:05,,0.0,,,,,,,
2026-08-25T18:10,329.8,0.0,1011.0,107.6,0.0,25.6,65.7,1.6,2.5
2026-08-25T18:15,,0.0,,,,,,,
2026-08-25T18:20,324.5,0.0,1011.1,123.6,115.0,25.1,69.4,2.3,3.3
2026-08-25T18:25,,0.0,,,,,,,
2026-08-25T18:30,324.6,0.0,1011.1,203.9,382.0,25.1,67.6,2.4,3.4
2026-08-25T18:35,,0.0,,,,,,,
2026-08-25T18:40,318.2,0.0,1011.1,232.4,599.0,25.4,65.1,2.4,3.9
2026-08-25T18:45,,0.0,,,,,,,
2026-08-25T18:50,317.5,0.0,1011.1,175.7,600.0,25.3,64.3,2.0,3.4
2026-08-25T18:55,,0.0,,,,,,,
2026-08-25T19:00,315.7,0.0,1011.3,60.6,147.0,24.6,70.7,1.6,2.6
2026-08-25T19:05,,0.0,,,,,,,
2026-08-25T19:10,319.6,0.0,1011.4,35.5,0.0,23.7,78.6,1.3,1.7
2026-08-25T19:15,,0.0,,,,,,,
2026-08-25T19:20,303.7,0.0,1011.6,30.3,0.0,23.1,81.2,1.3,1.7
2026-08-25T19:25,,0.0,,,,,,,
2026-08-25T19:30,300.8,0.0,1011.9,18.8,0.0,22.9,77.2,1.0,2.0
2026-08-25T19:35,,0.0,,,,,,,
2026-08-25T19:40,286.3,0.0,1012.0,13.5,0.0,22.4,79.8,1.5,2.0
2026-08-25T19:45,,0.0,,,,,,,
2026-08-25T19:50,302.3,0.0,1012.2,9.6,0.0,21.9,82.4,1.2,1.8
2026-08-25T19:55,,0.0,,,,,,,
2026-08-25T20:00,293.1,0.0,1012.3,4.4,0.0,21.6,81.3,1.8,3.1
2026-08-25T20:05,,0.0,,,,,,,
2026-08-25T20:10,286.2,0.0,1012.5,0.6,0.0,21.4,81.7,1.2,2.2
2026-08-25T20:15,,0.0,,,,,,,
2026-08-25T20:20,297.7,0.0,1012.7,0.0,0.0,21.2,84.1,0.4,1.4
2026-08-25T20:25,,0.0,,,,,,,
2026-08-25T20:30,312.0,0.0,1013.0,0.0,0.0,20.4,91.7,1.2,2.1
2026-08-25T20:35,,0.0,,,,,,,
2026-08-25T20:40,303.6,0.0,1013.2,0.0,0.0,20.2,90.9,1.6,2.3
2026-08-25T20:45,,0.0,,,,,,,
2026-08-25T20:50,304.5,0.0,1013.3,0.0,0.0,20.1,90.4,1.5,2.1
2026-08-25T20:55,,0.0,,,,,,,
2026-08-25T21:00,253.1,0.0,1013.3,0.0,0.0,20.0,88.5,0.9,1.7
2026-08-25T21:05,,0.0,,,,,,,
2026-08-25T21:10,77.9,0.0,1013.7,0.0,0.0,19.6,91.6,0.4,1.7
2026-08-25T21:15,,0.0,,,,,,,
2026-08-25T21:20,1.3,0.0,1013.8,0.0,0.0,19.3,95.2,0.7,1.2
2026-08-25T21:25,,0.0,,,,,,,
2026-08-25T21:30,316.4,0.0,1014.0,0.0,0.0,19.0,100.2,1.5,2.1
2026-08-25T21:35,,0.0,,,,,,,
2026-08-25T21:40,346.4,0.0,1014.3,0.0,0.0,19.1,100.1,0.8,1.3
2026-08-25T21:45,,0.0,,,,,,,
2026-08-25T21:50,308.6,0.0,1014.5,0.0,0.0,18.8,100.3,0.7,1.6
2026-08-25T21:55,,0.0,,,,,,,
2026-08-25T22:00,308.8,0.0,1014.5,0.0,0.0,18.7,100.2,1.1,2.4
2026-08-25T22:05,,0.0,,,,,,,
2026-08-25T22:10,309.8,0.0,1014.5,0.0,0.0,18.8,100.3,2.3,3.0
2026-08-25T22:15,,0.0,,,,,,,
2026-08-25T22:20,296.8,0.0,1014.7,0.0,0.0,18.9,98.6,1.7,2.2
2026-08-25T22:25,,0.0,,,,,,,
2026-08-25T22:30,308.1,0.0,1014.8,0.0,0.0,18.8,97.2,1.6,2.4
2026-08-25T22:35,,0.0,,,,,,,
2026-08-25T22:40,281.2,0.0,1015.0,0.0,0.0,18.6,98.4,1.6,2.4
2026-08-25T22:45,,0.0,,,,,,,
2026-08-25T22:50,299.4,0.0,1015.0,0.0,0.0,18.7,97.2,1.8,2.4
2026-08-25T22:55,,0.0,,,,,,,
2026-08-25T23:00,326.9,0.0,1015.1,0.0,0.0,18.8,95.5,1.5,2.3
2026-08-25T23:05,,0.0,,,,,,,
2026-08-25T23:10,307.8,0.0,1015.1,0.0,0.0,18.6,97.1,1.0,1.5
2026-08-25T23:15,,0.0,,,,,,,
2026-08-25T23:20,334.2,0.0,1015.2,0.0,0.0,18.6,96.3,1.6,2.2
2026-08-25T23:25,,0.0,,,,,,,
2026-08-25T23:30,311.6,0.0,1015.2,0.0,0.0,18.2,98.7,1.1,1.7
2026-08-25T23:35,,0.0,,,,,,,
2026-08-25T23:40,45.9,0.0,1015.4,0.0,0.0,18.0,100.2,1.2,1.8
2026-08-25T23:45,,0.0,,,,,,,
2026-08-25T23:50,350.5,0.0,1015.6,0.0,0.0,17.8,100.2,0.9,1.5
2026-08-25T23:55,,0.0,,,,,,,
2026-08-26T00:00,214.2,0.0,1015.7,0.0,0.0,17.6,100.2,1.0,1.4
2026-08-26T00:05,,0.0,,,,,,,
2026-08-26T00:10,141.2,0.0,1015.8,0.0,0.0,17.7,100.2,0.5,1.7
2026-08-26T00:15,,0.0,,,,,,,
2026-08-26T00:20,158.8,0.0,1015.8,0.0,0.0,17.5,100.2,0.4,1.5
2026-08-26T00:25,,0.0,,,,,,,
2026-08-26T00:30,279.2,0.0,1015.9,0.0,0.0,17.3,100.2,1.6,2.5
2026-08-26T00:35,,0.0,,,,,,,
2026-08-26T00:40,48.8,0.0,1016.1,0.0,0.0,17.4,100.2,1.2,2.0
2026-08-26T00:45,,0.0,,,,,,,
2026-08-26T00:50,76.2,0.0,1016.3,0.0,0.0,17.5,100.2,1.0,1.5
2026-08-26T00:55,,0.0,,,,,,,
2026-08-26T01:00,314.6,0.0,1016.3,0.0,0.0,17.2,100.2,0.4,1.5
2026-08-26T01:05,,0.0,,,,,,,
2026-08-26T01:10,209.5,0.0,1016.4,0.0,0.0,17.1,100.2,1.1,1.6
2026-08-26T01:15,,0.0,,,,,,,
2026-08-26T01:20,82.9,0.0,1016.5,0.0,0.0,17.0,100.2,1.1,2.0
2026-08-26T01:25,,0.0,,,,,,,
2026-08-26T01:30,96.1,0.0,1016.6,0.0,0.0,16.8,100.2,0.1,1.1
2026-08-26T01:35,,0.0,,,,,,,
2026-08-26T01:40,0.6,0.0,1016.7,0.0,0.0,16.6,100.1,1.6,2.3
2026-08-26T01:45,,0.0,,,,,,,
2026-08-26T01:50,341.6,0.0,1016.9,0.0,0.0,16.5,100.1,0.9,1.3
2026-08-26T01:55,,0.0,,,,,,,
2026-08-26T02:00,320.7,0.0,1017.0,0.0,0.0,16.4,100.1,1.2,2.3
2026-08-26T02:05,,0.0,,,,,,,
2026-08-26T02:10,292.4,0.0,1017.0,0.0,0.0,16.4,100.0,1.9,2.5
2026-08-26T02:15,,0.0,,,,,,,
2026-08-26T02:20,325.3,0.0,1017.0,0.0,0.0,16.5,100.0,1.3,2.3
2026-08-26T02:25,,0.0,,,,,,,
2026-08-26T02:30,321.2,0.0,1017.0,0.0,0.0,16.3,100.0,1.5,2.1
2026-08-26T02:35,,0.0,,,,,,,
2026-08-26T02:40,321.6,0.0,1017.0,0.0,0.0,16.2,100.0,1.0,1.7
2026-08-26T02:45,,0.0,,,,,,,
2026-08-26T02:50,338.3,0.0,1017.0,0.0,0.0,16.2,100.0,0.5,1.0
2026-08-26T02:55,,0.0,,,,,,,
2026-08-26T03:00,14.5,0.0,1017.1,0.0,0.0,16.1,100.0,0.4,1.5
2026-08-26T03:05,,0.0,,,,,,,
2026-08-26T03:10,254.8,0.0,1017.3,0.0,0.0,15.8,100.0,0.3,1.4
2026-08-26T03:15,,0.0,,,,,,,
2026-08-26T03:20,226.4,0.0,1017.4,0.0,0.0,15.8,100.0,0.3,1.7
2026-08-26T03:25,,0.0,,,,,,,
2026-08-26T03:30,75.2,0.0,1017.6,0.0,0.0,15.7,100.0,0.6,1.5
2026-08-26T03:35,,0.0,,,,,,,
2026-08-26T03:40,31.3,0.0,1017.6,0.0,0.0,15.6,100.0,1.3,1.7
2026-08-26T03:45,,0.0,,,,,,,
2026-08-26T03:50,274.7,0.0,1017.7,0.0,0.0,15.4,100.0,0.8,2.0
2026-08-26T03:55,,0.0,,,,,,,
2026-08-26T04:00,274.4,0.0,1017.7,0.0,0.0,15.5,100.0,0.8,1.6
2026-08-26T04:05,,0.0,,,,,,,
2026-08-26T04:10,310.4,0.0,1017.8,0.0,0.0,15.3,100.0,0.8,1.5
2026-08-26T04:15,,0.0,,,,,,,
2026-08-26T04:20,319.7,0.0,1017.8,0.0,0.0,15.3,100.0,1.5,2.0
2026-08-26T04:25,,0.0,,,,,,,
2026-08-26T04:30,317.7,0.0,1017.8,0.0,0.0,15.4,100.0,1.6,2.4
2026-08-26T04:35,,0.0,,,,,,,
2026-08-26T04:40,346.8,0.0,1017.9,0.0,0.0,15.5,100.0,1.0,1.5
2026-08-26T04:45,,0.0,,,,,,,
2026-08-26T04:50,25.3,0.0,1017.9,0.0,0.0,15.3,100.0,1.0,1.4
2026-08-26T04:55,,0.0,,,,,,,
2026-08-26T05:00,122.0,0.0,1018.1,0.0,0.0,15.3,100.0,0.6,1.8
2026-08-26T05:05,,0.0,,,,,,,
2026-08-26T05:10,111.1,0.0,1018.2,0.0,0.0,15.4,100.0,0.9,1.6
2026-08-26T05:15,,0.0,,,,,,,
2026-08-26T05:20,232.0,0.0,1018.3,0.0,0.0,15.1,100.0,0.7,1.2
2026-08-26T05:25,,0.0,,,,,,,
2026-08-26T05:30,37.1,0.0,1018.3,0.0,0.0,15.1,100.0,0.2,1.6
2026-08-26T05:35,,0.0,,,,,,,
2026-08-26T05:40,70.2,0.0,1018.4,0.0,0.0,15.0,100.0,0.8,1.5
2026-08-26T05:45,,0.0,,,,,,,
2026-08-26T05:50,51.3,0.0,1018.4,0.0,0.0,14.9,100.0,1.2,1.5
2026-08-26T05:55,,0.0,,,,,,,
2026-08-26T06:00,353.8,0.0,1018.3,0.0,0.0,14.8,100.0,0.7,1.1
2026-08-26T06:05,,0.0,,,,,,,
2026-08-26T06:10,291.6,0.0,1018.3,0.0,0.0,14.8,100.0,0.9,1.4
2026-08-26T06:15,,0.0,,,,,,,
2026-08-26T06:20,318.4,0.0,1018.3,0.0,0.0,14.8,100.0,1.5,2.3
2026-08-26T06:25,,0.0,,,,,,,
2026-08-26T06:30,325.0,0.0,1018.5,0.1,0.0,15.1,100.0,1.6,2.0
2026-08-26T06:35,,0.0,,,,,,,
2026-08-26T06:40,326.2,0.0,1018.6,2.4,0.0,15.1,100.0,1.8,2.4
2026-08-26T06:45,,0.0,,,,,,,
2026-08-26T06:50,329.5,0.0,1018.7,6.6,0.0,15.2,100.0,2.1,2.8
2026-08-26T06:55,,0.0,,,,,,,
2026-08-26T07:00,322.3,0.0,1018.8,11.2,0.0,15.5,100.0,2.2,3.2
2026-08-26T07:05,,0.0,,,,,,,
2026-08-26T07:10,288.5,0.0,1018.9,15.9,0.0,15.6,100.0,1.2,2.0
2026-08-26T07:15,,0.0,,,,,,,
2026-08-26T07:20,342.9,0.0,1018.9,20.0,0.0,15.4,100.0,0.7,1.1
2026-08-26T07:25,,0.0,,,,,,,
2026-08-26T07:30,347.5,0.0,1019.0,23.5,0.0,15.4,100.0,0.5,1.1
2026-08-26T07:35,,0.0,,,,,,,
2026-08-26T07:40,286.7,0.0,1019.2,27.5,0.0,15.4,100.0,0.6,1.6
2026-08-26T07:45,,0.0,,,,,,,
2026-08-26T07:50,54.6,0.0,1019.2,32.6,0.0,15.5,100.0,0.2,0.7
2026-08-26T07:55,,0.0,,,,,,,
2026-08-26T08:00,148.5,0.0,1019.2,37.2,0.0,15.5,100.0,0.6,1.9
2026-08-26T08:05,,0.0,,,,,,,
2026-08-26T08:10,96.9,0.0,1019.2,36.7,0.0,15.6,100.0,0.8,1.4
2026-08-26T08:15,,0.0,,,,,,,
2026-08-26T08:20,120.8,0.0,1019.3,38.9,0.0,15.6,100.0,0.3,0.8
2026-08-26T08:25,,0.0,,,,,,,
2026-08-26T08:30,238.1,0.0,1019.2,129.0,240.0,15.7,100.0,0.3,0.7
2026-08-26T08:35,,0.0,,,,,,,
2026-08-26T08:40,42.1,0.0,1019.1,319.8,600.0,16.4,100.0,0.9,1.5
2026-08-26T08:45,,0.0,,,,,,,
2026-08-26T08:50,39.6,0.0,1019.0,338.0,600.0,17.1,100.0,0.9,1.4
2026-08-26T08:55,,0.0,,,,,,,
2026-08-26T09:00,7.1,0.0,1018.7,372.9,600.0,18.5,94.9,0.7,1.3
2026-08-26T09:05,,0.0,,,,,,,
2026-08-26T09:10,1.8,0.0,1018.6,396.0,600.0,19.4,81.9,0.9,1.9
2026-08-26T09:15,,0.0,,,,,,,
2026-08-26T09:20,29.1,0.0,1018.6,412.8,600.0,20.1,79.2,0.9,1.8
2026-08-26T09:25,,0.0,,,,,,,
2026-08-26T09:30,355.4,0.0,1018.5,458.2,599.0,20.7,78.5,0.9,1.7
2026-08-26T09:35,,0.0,,,,,,,
2026-08-26T09:40,14.7,0.0,1018.4,490.5,600.0,21.1,74.0,0.5,1.8
2026-08-26T09:45,,0.0,,,,,,,
2026-08-26T09:50,70.9,0.0,1018.4,517.6,600.0,21.7,71.7,0.8,2.1
2026-08-26T09:55,,0.0,,,,,,,
2026-08-26T10:00,91.0,0.0,1018.4,545.7,600.0,22.3,68.8,0.7,2.2
2026-08-26T10:05,,0.0,,,,,,,
2026-08-26T10:10,141.4,0.0,1018.3,572.7,600.0,22.3,66.8,0.8,2.0
2026-08-26T10:15,,0.0,,,,,,,
2026-08-26T10:20,157.7,0.0,1018.2,592.8,600.0,22.8,66.4,0.3,2.1
2026-08-26T10:25,,0.0,,,,,,,
2026-08-26T10:30,157.0,0.0,1018.1,616.5,600.0,23.3,63.3,0.7,1.7
2026-08-26T10:35,,0.0,,,,,,,
2026-08-26T10:40,208.5,0.0,1018.1,636.3,600.0,23.4,64.0,1.3,2.0
2026-08-26T10:45,,0.0,,,,,,,
2026-08-26T10:50,192.4,0.0,1018.1,658.4,599.0,23.7,61.3,0.6,2.0
2026-08-26T10:55,,0.0,,,,,,,
2026-08-26T11:00,256.6,0.0,1018.0,672.3,600.0,24.2,63.1,0.9,2.0
2026-08-26T11:05,,0.0,,,,,,,
2026-08-26T11:10,257.5,0.0,1017.9,698.0,600.0,24.8,61.0,0.8,2.2
2026-08-26T11:15,,0.0,,,,,,,
2026-08-26T11:20,213.7,0.0,1017.7,712.7,600.0,24.9,60.4,1.1,1.7
2026-08-26T11:25,,0.0,,,,,,,
2026-08-26T11:30,209.9,0.0,1017.5,736.2,600.0,25.1,58.4,0.7,2.0
2026-08-26T11:35,,0.0,,,,,,,
2026-08-26T11:40,181.1,0.0,1017.4,746.3,600.0,25.3,56.3,1.0,1.6
2026-08-26T11:45,,0.0,,,,,,,
2026-08-26T11:50,93.0,0.0,1017.2,760.5,600.0,25.5,55.0,0.7,1.8
2026-08-26T11:55,,0.0,,,,,,,
2026-08-26T12:00,77.6,0.0,1016.9,777.1,600.0,26.1,54.6,0.7,2.1
2026-08-26T12:05,,0.0,,,,,,,
2026-08-26T12:10,151.3,0.0,1016.8,785.0,600.0,26.3,53.2,0.9,2.7
2026-08-26T12:15,,0.0,,,,,,,
2026-08-26T12:20,239.5,0.0,1016.7,798.8,600.0,26.6,54.8,0.9,2.5
2026-08-26T12:25,,0.0,,,,,,,
2026-08-26T12:30,202.5,0.0,1016.4,805.6,600.0,27.0,54.2,1.1,2.3
2026-08-26T12:35,,0.0,,,,,,,
2026-08-26T12:40,202.5,0.0,1016.3,813.2,600.0,27.0,54.4,0.9,2.0
2026-08-26T12:45,,0.0,,,,,,,
2026-08-26T12:50,127.4,0.0,1016.0,817.7,599.0,27.4,50.4,1.1,1.9
2026-08-26T12:55,,0.0,,,,,,,
2026-08-26T13:00,124.9,0.0,1015.9,821.1,600.0,27.5,51.8,1.3,2.7
2026-08-26T13:05,,0.0,,,,,,,
2026-08-26T13:10,113.1,0.0,1015.8,806.7,599.0,27.7,51.1,1.3,2.7
2026-08-26T13:15,,0.0,,,,,,,
2026-08-26T13:20,148.6,0.0,1015.6,830.4,599.0,27.9,51.4,1.1,2.6
2026-08-26T13:25,,0.0,,,,,,,
2026-08-26T13:30,185.4,0.0,1015.4,826.1,600.0,28.2,51.0,1.0,2.4
2026-08-26T13:35,,0.0,,,,,,,
2026-08-26T13:40,107.0,0.0,1015.1,784.9,600.0,28.2,50.9,0.7,2.2
2026-08-26T13:45,,0.0,,,,,,,
2026-08-26T13:50,203.7,0.0,1015.0,821.4,600.0,28.4,50.8,0.8,2.5
2026-08-26T13:55,,0.0,,,,,,,
2026-08-26T14:00,163.8,0.0,1014.9,815.5,599.0,28.7,49.8,0.7,2.3
2026-08-26T14:05,,0.0,,,,,,,
2026-08-26T14:10,127.8,0.0,1014.8,811.5,586.0,29.0,47.3,1.7,4.1
2026-08-26T14:15,,0.0,,,,,,,
2026-08-26T14:20,162.9,0.0,1014.7,749.0,393.0,29.4,47.7,1.3,3.2
2026-08-26T14:25,,0.0,,,,,,,
2026-08-26T14:30,167.6,0.0,1014.5,748.7,600.0,29.3,49.0,1.8,4.0
2026-08-26T14:35,,0.0,,,,,,,
2026-08-26T14:40,155.3,0.0,1014.3,792.4,599.0,29.8,49.6,2.0,4.3
2026-08-26T14:45,,0.0,,,,,,,
2026-08-26T14:50,186.3,0.0,1014.1,347.2,600.0,29.9,50.1,2.0,4.7
2026-08-26T14:55,,0.0,,,,,,,
2026-08-26T15:00,178.8,0.0,1014.2,681.3,600.0,29.9,50.3,2.2,5.3
2026-08-26T15:05,,0.0,,,,,,,
2026-08-26T15:10,178.9,0.0,1014.0,592.8,599.0,29.9,50.6,1.7,4.3
2026-08-26T15:15,,0.0,,,,,,,
2026-08-26T15:20,181.2,0.0,1014.0,697.3,600.0,30.0,50.4,2.2,4.9
2026-08-26T15:25,,0.0,,,,,,,
2026-08-26T15:30,184.8,0.0,1014.0,646.4,600.0,30.1,49.8,2.4,4.7
2026-08-26T15:35,,0.0,,,,,,,
2026-08-26T15:40,186.7,0.0,1013.9,573.5,600.0,30.1,50.1,1.9,3.7
2026-08-26T15:45,,0.0,,,,,,,
2026-08-26T15:50,195.3,0.0,1013.7,590.9,600.0,30.0,49.3,2.8,4.2
2026-08-26T15:55,,0.0,,,,,,,
2026-08-26T16:00,202.2,0.0,1013.6,522.2,600.0,30.1,50.2,2.3,4.1
2026-08-26T16:05,,0.0,,,,,,,
2026-08-26T16:10,204.3,0.0,1013.5,523.5,599.0,30.0,50.8,2.2,4.7
2026-08-26T16:15,,0.0,,,,,,,
2026-08-26T16:20,209.8,0.0,1013.4,557.3,600.0,30.2,50.3,2.8,4.4
2026-08-26T16:25,,0.0,,,,,,,
2026-08-26T16:30,206.8,0.0,1013.2,252.8,486.0,29.7,51.5,2.4,4.9
2026-08-26T16:35,,0.0,,,,,,,
2026-08-26T16:40,206.4,0.0,1013.4,252.2,314.0,29.0,54.1,2.0,3.9
2026-08-26T16:45,,0.0,,,,,,,
2026-08-26T16:50,192.3,0.0,1013.3,312.9,485.0,29.3,53.9,1.3,2.2
2026-08-26T16:55,,0.0,,,,,,,
2026-08-26T17:00,187.3,0.0,1013.1,295.5,600.0,29.4,54.0,1.2,1.8
2026-08-26T17:05,,0.0,,,,,,,
2026-08-26T17:10,336.0,0.0,1013.1,316.4,532.0,29.7,56.5,0.2,1.5
2026-08-26T17:15,,0.0,,,,,,,
2026-08-26T17:20,147.1,0.0,1013.0,261.4,438.0,29.7,57.0,0.3,1.7
2026-08-26T17:25,,0.0,,,,,,,
2026-08-26T17:30,104.3,0.0,1013.0,302.8,518.0,29.9,53.0,0.4,1.5
2026-08-26T17:35,,0.0,,,,,,,
2026-08-26T17:40,134.7,0.0,1012.9,212.9,399.0,29.9,52.1,1.3,2.7
2026-08-26T17:45,,0.0,,,,,,,
2026-08-26T17:50,158.7,0.0,1013.1,226.4,517.0,29.5,53.9,1.7,2.3
2026-08-26T17:55,,0.0,,,,,,,
2026-08-26T18:00,151.2,0.0,1013.2,225.8,399.0,29.8,53.0,1.4,2.9
2026-08-26T18:05,,0.0,,,,,,,
2026-08-26T18:10,155.2,0.0,1013.3,96.7,0.0,29.2,56.0,1.3,2.5
2026-08-26T18:15,,0.0,,,,,,,
2026-08-26T18:20,150.0,0.0,1013.3,109.9,0.0,29.0,55.6,2.1,3.7
2026-08-26T18:25,,0.0,,,,,,,
2026-08-26T18:30,160.1,0.0,1013.3,96.7,21.0,28.6,58.0,1.4,2.8
2026-08-26T18:35,,0.0,,,,,,,
2026-08-26T18:40,166.5,0.0,1013.2,99.1,0.0,28.4,60.9,1.1,2.7
2026-08-26T18:45,,0.0,,,,,,,
2026-08-26T18:50,163.6,0.0,1013.2,81.5,0.0,28.3,59.4,1.4,3.0
2026-08-26T18:55,,0.0,,,,,,,
2026-08-26T19:00,181.8,0.0,1013.2,62.1,0.0,27.9,61.0,1.4,3.6
2026-08-26T19:05,,0.0,,,,,,,
2026-08-26T19:10,100.8,0.0,1013.2,69.6,0.0,27.6,64.9,0.8,1.9
2026-08-26T19:15,,0.0,,,,,,,
2026-08-26T19:20,124.3,0.0,1013.4,49.0,0.0,27.0,71.7,0.9,1.7
2026-08-26T19:25,,0.0,,,,,,,
2026-08-26T19:30,110.9,0.0,1013.7,20.9,0.0,26.4,76.4,1.2,2.0
2026-08-26T19:35,,0.0,,,,,,,
2026-08-26T19:40,139.1,0.0,1013.9,7.5,0.0,26.1,73.3,1.0,1.8
2026-08-26T19:45,,0.0,,,,,,,
2026-08-26T19:50,147.1,0.0,1014.1,2.9,0.0,26.1,72.0,1.1,1.7
2026-08-26T19:55,,0.0,,,,,,,
2026-08-26T20:00,178.3,0.0,1014.2,0.5,0.0,26.2,67.4,1.3,3.7
2026-08-26T20:05,,0.0,,,,,,,
2026-08-26T20:10,140.0,0.0,1014.3,0.0,0.0,26.1,67.6,1.2,3.5
2026-08-26T20:15,,0.0,,,,,,,
2026-08-26T20:20,174.4,0.0,1014.4,0.0,0.0,26.1,66.2,1.1,2.5
2026-08-26T20:25,,0.0,,,,,,,
2026-08-26T20:30,161.4,0.0,1014.6,0.0,0.0,25.9,68.6,1.0,1.8
2026-08-26T20:35,,0.0,,,,,,,
2026-08-26T20:40,181.8,0.0,1014.6,0.0,0.0,25.4,70.8,1.0,2.0
2026-08-26T20:45,,0.0,,,,,,,
2026-08-26T20:50,153.0,0.0,1014.6,0.0,0.0,25.2,74.5,1.0,1.6
2026-08-26T20:55,,0.0,,,,,,,
2026-08-26T21:00,84.7,0.0,1014.9,0.0,0.0,24.7,76.4,0.7,1.3
2026-08-26T21:05,,0.0,,,,,,,
2026-08-26T21:10,76.1,0.0,1015.1,0.0,0.0,24.4,79.5,1.1,1.7
2026-08-26T21:15,,0.0,,,,,,,
2026-08-26T21:20,103.9,0.0,1015.2,0.0,0.0,24.3,78.2,1.6,2.0
2026-08-26T21:25,,0.0,,,,,,,
2026-08-26T21:30,126.6,0.0,1015.4,0.0,0.0,24.4,77.0,1.3,2.3
2026-08-26T21:35,,0.0,,,,,,,
2026-08-26T21:40,106.5,0.0,1015.6,0.0,0.0,24.0,79.6,1.4,2.5
2026-08-26T21:45,,0.0,,,,,,,
2026-08-26T21:50,127.1,0.0,1015.7,0.0,0.0,24.3,77.5,1.1,2.1
2026-08-26T21:55,,0.0,,,,,,,
2026-08-26T22:00,111.4,0.0,1015.8,0.0,0.0,24.2,77.6,2.3,3.0
2026-08-26T22:05,,0.0,,,,,,,
2026-08-26T22:10,127.8,0.0,1015.7,0.0,0.0,24.5,74.7,1.3,2.6
2026-08-26T22:15,,0.0,,,,,,,
2026-08-26T22:20,157.5,0.0,1015.8,0.0,0.0,24.4,74.7,1.7,3.0
2026-08-26T22:25,,0.0,,,,,,,
2026-08-26T22:30,145.2,0.0,1015.8,0.0,0.0,24.9,71.1,1.6,2.8
2026-08-26T22:35,,0.0,,,,,,,
2026-08-26T22:40,104.4,0.0,1015.8,0.0,0.0,24.1,77.2,1.9,2.7
2026-08-26T22:45,,0.0,,,,,,,
2026-08-26T22:50,117.5,0.0,1015.7,0.0,0.0,23.3,82.7,1.0,1.8
2026-08-26T22:55,,0.0,,,,,,,
2026-08-26T23:00,39.7,0.0,1015.9,0.0,0.0,22.7,85.0,0.7,1.4
2026-08-26T23:05,,0.0,,,,,,,
2026-08-26T23:10,319.1,0.0,1016.3,0.0,0.0,22.2,89.5,1.1,1.8
2026-08-26T23:15,,0.0,,,,,,,
2026-08-26T23:20,353.7,0.0,1016.2,0.0,0.0,22.7,84.7,0.9,1.7
2026-08-26T23:25,,0.0,,,,,,,
2026-08-26T23:30,256.0,0.0,1016.4,0.0,0.0,22.1,88.8,1.3,2.0
2026-08-26T23:35,,0.0,,,,,,,
2026-08-26T23:40,324.8,0.0,1016.5,0.0,0.0,21.8,91.7,1.4,1.8
2026-08-26T23:45,,0.0,,,,,,,
2026-08-26T23:50,313.0,0.0,1016.5,0.0,0.0,21.8,91.0,1.5,2.4
2026-08-26T23:55,,0.0,,,,,,,
2026-08-27T00:00,324.1,0.0,1016.7,0.0,0.0,21.9,89.0,1.2,2.0
2026-08-27T00:05,,0.0,,,,,,,
2026-08-27T00:10,188.5,0.0,1016.8,0.0,0.0,21.7,90.8,0.5,1.0
2026-08-27T00:15,,0.0,,,,,,,
2026-08-27T00:20,168.5,0.0,1016.9,0.0,0.0,21.3,94.0,0.6,1.8
2026-08-27T00:25,,0.0,,,,,,,
2026-08-27T00:30,154.1,0.0,1016.9,0.0,0.0,20.8,99.9,0.3,1.6
2026-08-27T00:35,,0.0,,,,,,,
2026-08-27T00:40,156.0,0.0,1017.0,0.0,0.0,20.7,100.2,0.6,1.7
2026-08-27T00:45,,0.0,,,,,,,
2026-08-27T00:50,97.3,0.0,1017.1,0.0,0.0,20.9,100.2,0.8,1.5
2026-08-27T00:55,,0.0,,,,,,,
2026-08-27T01:00,95.0,0.0,1017.1,0.0,0.0,21.0,100.2,0.6,1.3
2026-08-27T01:05,,0.0,,,,,,,
2026-08-27T01:10,197.0,0.0,1017.2,0.0,0.0,20.9,100.2,0.5,1.0
2026-08-27T01:15,,0.0,,,,,,,
2026-08-27T01:20,87.1,0.0,1017.2,0.0,0.0,21.0,100.2,0.5,1.7
2026-08-27T01:25,,0.0,,,,,,,
2026-08-27T01:30,319.7,0.0,1017.3,0.0,0.0,20.9,100.2,1.1,1.7
2026-08-27T01:35,,0.0,,,,,,,
2026-08-27T01:40,293.6,0.0,1017.4,0.0,0.0,20.8,100.2,1.2,1.7
2026-08-27T01:45,,0.0,,,,,,,
2026-08-27T01:50,244.6,0.0,1017.5,0.0,0.0,20.8,100.2,0.5,1.3
2026-08-27T01:55,,0.0,,,,,,,
2026-08-27T02:00,294.0,0.0,1017.4,0.0,0.0,20.9,100.2,0.5,1.5
2026-08-27T02:05,,0.0,,,,,,,
2026-08-27T02:10,55.7,0.0,1017.5,0.0,0.0,20.6,100.2,0.5,1.1
2026-08-27T02:15,,0.0,,,,,,,
2026-08-27T02:20,76.4,0.0,1017.6,0.0,0.0,20.6,100.2,1.0,1.2
2026-08-27T02:25,,0.0,,,,,,,
2026-08-27T02:30,161.4,0.0,1017.7,0.0,0.0,20.2,100.2,0.7,1.9
2026-08-27T02:35,,0.0,,,,,,,
2026-08-27T02:40,138.7,0.0,1017.7,0.0,0.0,20.1,100.1,0.4,1.5
2026-08-27T02:45,,0.0,,,,,,,
2026-08-27T02:50,312.9,0.0,1017.7,0.0,0.0,20.1,100.1,0.3,0.9
2026-08-27T02:55,,0.0,,,,,,,
2026-08-27T03:00,279.8,0.0,1017.7,0.0,0.0,20.1,100.0,1.1,1.9
2026-08-27T03:05,,0.0,,,,,,,
2026-08-27T03:10,359.1,0.0,1017.6,0.0,0.0,20.0,100.0,0.9,1.3
2026-08-27T03:15,,0.0,,,,,,,
2026-08-27T03:20,359.5,0.0,1017.6,0.0,0.0,19.8,100.0,0.9,1.3
2026-08-27T03:25,,0.0,,,,,,,
2026-08-27T03:30,356.9,0.0,1017.8,0.0,0.0,19.6,100.0,0.7,1.2
2026-08-27T03:35,,0.0,,,,,,,
2026-08-27T03:40,257.0,0.0,1017.6,0.0,0.0,19.3,100.0,1.3,2.7
2026-08-27T03:45,,0.0,,,,,,,
2026-08-27T03:50,295.8,0.0,1017.6,0.0,0.0,19.3,100.0,1.9,2.3
2026-08-27T03:55,,0.0,,,,,,,
2026-08-27T04:00,325.0,0.0,1017.6,0.0,0.0,19.4,100.0,1.0,2.2
2026-08-27T04:05,,0.0,,,,,,,
2026-08-27T04:10,247.8,0.0,1017.5,0.0,0.0,19.3,100.1,0.4,0.8
2026-08-27T04:15,,0.0,,,,,,,
2026-08-27T04:20,134.5,0.0,1017.7,0.0,0.0,19.0,100.1,0.2,1.1
2026-08-27T04:25,,0.0,,,,,,,
2026-08-27T04:30,39.9,0.0,1017.8,0.0,0.0,18.9,100.0,0.4,1.2
2026-08-27T04:35,,0.0,,,,,,,
2026-08-27T04:40,322.1,0.0,1017.9,0.0,0.0,18.8,100.0,0.5,0.8
2026-08-27T04:45,,0.0,,,,,,,
2026-08-27T04:50,186.7,0.0,1018.0,0.0,0.0,18.7,100.0,0.1,1.7
2026-08-27T04:55,,0.0,,,,,,,
2026-08-27T05:00,165.9,0.0,1018.1,0.0,0.0,18.9,100.0,0.7,1.5
2026-08-27T05:05,,0.0,,,,,,,
2026-08-27T05:10,65.3,0.0,1018.0,0.0,0.0,19.0,100.0,0.6,1.6
2026-08-27T05:15,,0.0,,,,,,,
2026-08-27T05:20,91.5,0.0,1018.0,0.0,0.0,19.1,100.0,0.7,1.3
2026-08-27T05:25,,0.0,,,,,,,
2026-08-27T05:30,136.9,0.0,1018.0,0.0,0.0,19.3,100.0,0.4,1.2
2026-08-27T05:35,,0.0,,,,,,,
2026-08-27T05:40,171.3,0.0,1018.1,0.0,0.0,19.3,100.0,0.6,1.6
2026-08-27T05:45,,0.0,,,,,,,
2026-08-27T05:50,359.8,0.0,1018.2,0.0,0.0,19.2,100.0,0.1,1.5
2026-08-27T05:55,,0.0,,,,,,,
2026-08-27T06:00,168.6,0.0,1018.3,0.0,0.0,19.1,100.0,0.5,1.8
2026-08-27T06:05,,0.0,,,,,,,
2026-08-27T06:10,111.0,0.0,1018.3,0.0,0.0,18.9,100.0,0.8,1.4
2026-08-27T06:15,,0.0,,,,,,,
2026-08-27T06:20,92.4,0.0,1018.5,0.0,0.0,18.7,100.0,1.0,1.3
2026-08-27T06:25,,0.0,,,,,,,
2026-08-27T06:30,102.5,0.0,1018.4,0.1,0.0,18.6,100.0,0.6,1.2
2026-08-27T06:35,,0.0,,,,,,,
2026-08-27T06:40,99.5,0.0,1018.3,3.3,0.0,18.6,100.0,1.2,1.8
2026-08-27T06:45,,0.0,,,,,,,
2026-08-27T06:50,124.8,0.0,1018.2,16.1,0.0,18.6,100.0,0.8,1.5
2026-08-27T06:55,,0.0,,,,,,,
2026-08-27T07:00,129.0,0.0,1018.4,21.6,0.0,18.8,100.0,0.5,1.1
2026-08-27T07:05,,0.0,,,,,,,
2026-08-27T07:10,138.5,0.0,1018.5,21.4,0.0,18.9,100.0,0.4,0.9
2026-08-27T07:15,,0.0,,,,,,,
2026-08-27T07:20,106.0,0.0,1018.5,29.1,0.0,19.0,100.0,0.4,1.4
2026-08-27T07:25,,0.0,,,,,,,
2026-08-27T07:30,99.6,0.0,1018.4,63.4,0.0,19.2,100.0,0.9,1.5
2026-08-27T07:35,,0.0,,,,,,,
2026-08-27T07:40,94.9,0.0,1018.4,73.5,0.0,19.7,100.0,1.8,2.8
2026-08-27T07:45,,0.0,,,,,,,
2026-08-27T07:50,101.2,0.0,1018.5,80.2,0.0,20.3,100.1,1.7,2.5
2026-08-27T07:55,,0.0,,,,,,,
2026-08-27T08:00,120.8,0.0,1018.4,72.8,0.0,21.0,97.3,0.8,2.0
2026-08-27T08:05,,0.0,,,,,,,
2026-08-27T08:10,229.2,0.0,1018.3,75.4,0.0,21.1,93.3,0.7,1.5
2026-08-27T08:15,,0.0,,,,,,,
2026-08-27T08:20,115.9,0.0,1018.4,82.5,0.0,21.1,92.2,0.4,1.3
2026-08-27T08:25,,0.0,,,,,,,
2026-08-27T08:30,52.8,0.0,1018.2,106.3,0.0,21.3,91.9,0.4,1.3
2026-08-27T08:35,,0.0,,,,,,,
2026-08-27T08:40,203.8,0.0,1018.2,127.6,0.0,21.5,89.4,0.8,1.6
2026-08-27T08:45,,0.0,,,,,,,
2026-08-27T08:50,293.9,0.0,1018.2,160.7,0.0,21.7,86.9,0.0,1.4
2026-08-27T08:55,,0.0,,,,,,,
2026-08-27T09:00,138.7,0.0,1018.2,229.3,276.0,22.2,82.7,0.4,1.4
2026-08-27T09:05,,0.0,,,,,,,
2026-08-27T09:10,172.9,0.0,1018.2,170.4,0.0,22.4,81.9,0.8,1.5
2026-08-27T09:15,,0.0,,,,,,,
2026-08-27T09:20,180.7,0.0,1018.2,247.9,479.0,22.6,80.4,0.6,1.9
2026-08-27T09:25,,0.0,,,,,,,
2026-08-27T09:30,157.6,0.0,1018.2,305.0,600.0,22.9,77.2,0.5,1.6
2026-08-27T09:35,,0.0,,,,,,,
2026-08-27T09:40,189.2,0.0,1018.1,280.8,600.0,23.1,76.9,0.8,1.3
2026-08-27T09:45,,0.0,,,,,,,
2026-08-27T09:50,154.4,0.0,1018.1,422.1,600.0,23.7,74.3,0.6,1.6
2026-08-27T09:55,,0.0,,,,,,,
2026-08-27T10:00,155.7,0.0,1018.2,311.1,591.0,24.1,73.0,0.8,1.6
2026-08-27T10:05,,0.0,,,,,,,
2026-08-27T10:10,107.1,0.0,1018.2,498.9,600.0,24.4,71.2,0.9,1.6
2026-08-27T10:15,,0.0,,,,,,,
2026-08-27T10:20,19.0,0.0,1017.9,531.1,600.0,25.0,69.9,0.1,1.4
2026-08-27T10:25,,0.0,,,,,,,
2026-08-27T10:30,196.8,0.0,1017.9,557.7,600.0,25.3,67.6,0.8,1.6
2026-08-27T10:35,,0.0,,,,,,,
2026-08-27T10:40,95.5,0.0,1017.9,573.3,599.0,25.7,64.7,1.2,2.9
2026-08-27T10:45,,0.0,,,,,,,
2026-08-27T10:50,140.2,0.0,1017.8,598.7,600.0,26.0,62.9,0.9,1.7
2026-08-27T10:55,,0.0,,,,,,,
2026-08-27T11:00,161.9,0.0,1017.7,620.9,600.0,26.2,62.3,0.4,2.1
2026-08-27T11:05,,0.0,,,,,,,
2026-08-27T11:10,142.5,0.0,1017.6,643.0,600.0,26.5,61.5,0.5,1.6
2026-08-27T11:15,,0.0,,,,,,,
2026-08-27T11:20,147.0,0.0,1017.5,658.3,599.0,26.7,60.2,0.4,1.6
2026-08-27T11:25,,0.0,,,,,,,
2026-08-27T11:30,178.7,0.0,1017.2,673.7,600.0,27.2,60.6,0.9,1.8
2026-08-27T11:35,,0.0,,,,,,,
2026-08-27T11:40,186.9,0.0,1017.1,682.7,600.0,27.4,59.7,0.5,1.8
2026-08-27T11:45,,0.0,,,,,,,
2026-08-27T11:50,134.8,0.0,1017.1,660.3,600.0,27.5,57.2,0.8,1.6
2026-08-27T11:55,,0.0,,,,,,,
2026-08-27T12:00,199.2,0.0,1016.9,591.8,600.0,27.5,59.0,0.6,1.2
2026-08-27T12:05,,0.0,,,,,,,
2026-08-27T12:10,185.0,0.0,1016.8,623.9,599.0,27.6,58.5,0.8,1.1
2026-08-27T12:15,,0.0,,,,,,,
2026-08-27T12:20,211.8,0.0,1016.6,759.1,600.0,28.1,58.1,1.0,1.8
2026-08-27T12:25,,0.0,,,,,,,
2026-08-27T12:30,207.4,0.0,1016.5,758.0,600.0,28.4,58.4,1.4,2.2
2026-08-27T12:35,,0.0,,,,,,,
2026-08-27T12:40,192.1,0.0,1016.3,766.9,599.0,28.5,57.3,0.9,2.3
2026-08-27T12:45,,0.0,,,,,,,
2026-08-27T12:50,192.6,0.0,1016.2,507.7,592.0,28.6,56.8,0.8,2.2
2026-08-27T12:55,,0.0,,,,,,,
2026-08-27T13:00,196.3,0.0,1016.1,716.3,600.0,28.4,55.9,0.5,1.6
2026-08-27T13:05,,0.0,,,,,,,
2026-08-27T13:10,138.6,0.0,1015.9,773.1,599.0,29.2,53.4,0.7,1.8
2026-08-27T13:15,,0.0,,,,,,,
2026-08-27T13:20,100.6,0.0,1015.7,796.6,600.0,29.6,52.7,1.0,2.9
2026-08-27T13:25,,0.0,,,,,,,
2026-08-27T13:30,103.3,0.0,1015.4,788.7,599.0,29.8,52.2,1.3,2.7
2026-08-27T13:35,,0.0,,,,,,,
2026-08-27T13:40,185.4,0.0,1015.3,831.0,600.0,30.1,53.7,1.1,3.1
2026-08-27T13:45,,0.0,,,,,,,
2026-08-27T13:50,159.8,0.0,1015.3,498.0,398.0,30.3,51.7,1.3,2.4
2026-08-27T13:55,,0.0,,,,,,,
2026-08-27T14:00,154.1,0.0,1015.3,496.5,553.0,29.8,52.9,1.5,3.5
2026-08-27T14:05,,0.0,,,,,,,
2026-08-27T14:10,124.8,0.0,1015.1,406.9,286.0,29.8,52.3,2.2,3.7
2026-08-27T14:15,,0.0,,,,,,,
2026-08-27T14:20,130.1,0.0,1015.0,372.1,12.0,29.6,55.0,1.6,3.0
2026-08-27T14:25,,0.0,,,,,,,
2026-08-27T14:30,163.6,0.0,1015.1,376.1,1.0,29.8,57.2,1.3,2.1
2026-08-27T14:35,,0.0,,,,,,,
2026-08-27T14:40,178.3,0.0,1014.9,458.1,333.0,29.9,56.9,1.4,3.0
2026-08-27T14:45,,0.0,,,,,,,
2026-08-27T14:50,166.0,0.0,1014.8,455.7,221.0,30.1,55.6,1.5,3.1
2026-08-27T14:55,,0.0,,,,,,,
2026-08-27T15:00,151.8,0.0,1014.8,308.5,0.0,29.8,57.4,1.7,3.8
2026-08-27T15:05,,0.0,,,,,,,
2026-08-27T15:10,148.7,0.0,1014.9,305.5,0.0,29.6,59.5,1.5,4.0
2026-08-27T15:15,,0.0,,,,,,,
2026-08-27T15:20,146.2,0.0,1014.9,334.1,101.0,29.6,60.0,1.7,3.2
2026-08-27T15:25,,0.0,,,,,,,
2026-08-27T15:30,149.8,0.0,1014.8,315.7,66.0,29.7,59.0,1.6,2.9
2026-08-27T15:35,,0.0,,,,,,,
2026-08-27T15:40,166.9,0.0,1014.8,252.8,0.0,29.4,60.7,1.2,2.6
2026-08-27T15:45,,0.0,,,,,,,
2026-08-27T15:50,162.6,0.0,1014.8,356.3,278.0,29.5,59.0,1.5,3.0
2026-08-27T15:55,,0.0,,,,,,,
2026-08-27T16:00,173.5,0.0,1014.8,441.2,600.0,29.9,57.4,1.3,2.2
2026-08-27T16:05,,0.0,,,,,,,
2026-08-27T16:10,159.1,0.0,1014.7,471.2,600.0,30.2,56.0,1.7,2.8
2026-08-27T16:15,,0.0,,,,,,,
2026-08-27T16:20,169.1,0.0,1014.6,411.3,553.0,30.1,56.0,1.5,3.2
2026-08-27T16:25,,0.0,,,,,,,
2026-08-27T16:30,168.2,0.0,1014.6,421.1,600.0,30.3,55.3,1.5,2.6
2026-08-27T16:35,,0.0,,,,,,,
2026-08-27T16:40,178.2,0.0,1014.7,468.0,600.0,30.4,55.1,1.8,3.6
2026-08-27T16:45,,0.0,,,,,,,
2026-08-27T16:50,187.3,0.0,1014.7,366.5,600.0,30.2,56.3,1.7,3.1
2026-08-27T16:55,,0.0,,,,,,,
2026-08-27T17:00,189.1,0.0,1014.8,381.5,600.0,30.1,55.8,1.7,3.8
2026-08-27T17:05,,0.0,,,,,,,
2026-08-27T17:10,187.3,0.0,1014.9,334.2,423.0,30.2,55.1,1.5,3.4
2026-08-27T17:15,,0.0,,,,,,,
2026-08-27T17:20,198.1,0.0,1014.9,251.0,279.0,29.8,56.1,1.3,3.3
2026-08-27T17:25,,0.0,,,,,,,
2026-08-27T17:30,171.5,0.0,1014.7,228.8,212.0,29.8,56.1,1.1,2.0
2026-08-27T17:35,,0.0,,,,,,,
2026-08-27T17:40,163.8,0.0,1014.6,201.5,476.0,29.9,55.1,1.3,2.5
2026-08-27T17:45,,0.0,,,,,,,
2026-08-27T17:50,129.8,0.0,1014.6,141.4,9.0,29.6,59.0,1.3,2.1
2026-08-27T17:55,,0.0,,,,,,,
2026-08-27T18:00,114.1,0.0,1014.7,145.4,0.0,29.3,59.4,1.2,2.4
2026-08-27T18:05,,0.0,,,,,,,
2026-08-27T18:10,131.3,0.0,1014.6,159.9,0.0,29.3,62.8,1.2,1.8
2026-08-27T18:15,,0.0,,,,,,,
2026-08-27T18:20,132.1,0.0,1014.6,182.8,381.0,29.3,62.3,0.9,1.9
2026-08-27T18:25,,0.0,,,,,,,
2026-08-27T18:30,82.4,0.0,1014.6,156.5,337.0,29.4,62.0,1.1,2.0
2026-08-27T18:35,,0.0,,,,,,,
2026-08-27T18:40,118.3,0.0,1014.6,113.5,0.0,29.3,63.1,1.1,1.8
2026-08-27T18:45,,0.0,,,,,,,
2026-08-27T18:50,141.1,0.0,1014.7,91.2,0.0,28.6,72.7,1.0,1.5
2026-08-27T18:55,,0.0,,,,,,,
2026-08-27T19:00,280.0,0.0,1014.9,78.2,0.0,28.2,74.1,0.6,1.2
2026-08-27T19:05,,0.0,,,,,,,
2026-08-27T19:10,279.0,0.0,1014.9,60.9,0.0,28.1,74.8,1.0,1.4
2026-08-27T19:15,,0.0,,,,,,,
2026-08-27T19:20,275.3,0.0,1015.1,40.6,0.0,27.7,73.2,0.7,0.9
2026-08-27T19:25,,0.0,,,,,,,
2026-08-27T19:30,352.4,0.0,1015.3,33.1,0.0,27.3,80.3,0.7,1.4
2026-08-27T19:35,,0.0,,,,,,,
2026-08-27T19:40,260.4,0.0,1015.5,24.5,0.0,26.8,82.9,0.3,1.5
2026-08-27T19:45,,0.0,,,,,,,
2026-08-27T19:50,255.5,0.0,1015.5,14.6,0.0,26.4,84.0,0.7,1.2
2026-08-27T19:55,,0.0,,,,,,,
2026-08-27T20:00,348.9,0.0,1015.5,4.6,0.0,26.0,86.2,0.9,1.5
2026-08-27T20:05,,0.0,,,,,,,
2026-08-27T20:10,294.7,0.0,1015.6,0.0,0.0,25.4,88.7,0.4,1.8
2026-08-27T20:15,,0.0,,,,,,,
2026-08-27T20:20,22.9,0.0,1015.8,0.0,0.0,25.0,92.6,0.2,1.4
2026-08-27T20:25,,0.0,,,,,,,
2026-08-27T20:30,3.7,0.0,1016.0,0.0,0.0,24.5,95.9,0.6,1.1
2026-08-27T20:35,,0.0,,,,,,,
2026-08-27T20:40,155.1,0.0,1016.2,0.0,0.0,24.3,93.0,0.6,1.6
2026-08-27T20:45,,0.0,,,,,,,
2026-08-27T20:50,146.0,0.0,1016.2,0.0,0.0,24.2,93.5,0.9,1.8
2026-08-27T20:55,,0.0,,,,,,,
2026-08-27T21:00,132.0,0.0,1016.2,0.0,0.0,23.7,95.9,0.8,1.9
2026-08-27T21:05,,0.0,,,,,,,
2026-08-27T21:10,225.4,0.0,1016.4,0.0,0.0,23.4,99.5,0.5,1.5
2026-08-27T21:15,,0.0,,,,,,,
2026-08-27T21:20,348.2,0.0,1016.6,0.0,0.0,23.2,98.6,1.0,1.4
2026-08-27T21:25,,0.0,,,,,,,
2026-08-27T21:30,330.8,0.0,1016.8,0.0,0.0,23.2,95.0,1.3,1.9
2026-08-27T21:35,,0.0,,,,,,,
2026-08-27T21:40,296.9,0.0,1016.9,0.0,0.0,23.1,94.8,0.4,1.7
2026-08-27T21:45,,0.0,,,,,,,
2026-08-27T21:50,321.0,0.0,1017.0,0.0,0.0,22.8,96.5,0.3,2.0
2026-08-27T21:55,,0.0,,,,,,,
2026-08-27T22:00,304.3,0.0,1017.1,0.0,0.0,22.6,98.0,0.9,1.3
2026-08-27T22:05,,0.0,,,,,,,
2026-08-27T22:10,79.8,0.0,1017.3,0.0,0.0,22.7,97.7,0.5,1.5
2026-08-27T22:15,,0.0,,,,,,,
2026-08-27T22:20,103.9,0.0,1017.3,0.0,0.0,22.5,99.0,0.5,2.0
2026-08-27T22:25,,0.0,,,,,,,
2026-08-27T22:30,59.8,0.0,1017.4,0.0,0.0,22.2,100.2,0.7,1.2
2026-08-27T22:35,,0.0,,,,,,,
2026-08-27T22:40,13.0,0.0,1017.4,0.0,0.0,22.0,100.2,0.7,1.2
2026-08-27T22:45,,0.0,,,,,,,
2026-08-27T22:50,231.7,0.0,1017.5,0.0,0.0,22.0,100.2,0.4,1.7
2026-08-27T22:55,,0.0,,,,,,,
2026-08-27T23:00,129.6,0.0,1017.6,0.0,0.0,22.0,100.2,0.1,1.5
2026-08-27T23:05,,0.0,,,,,,,
2026-08-27T23:10,190.4,0.0,1017.7,0.0,0.0,21.9,100.2,0.7,0.8
2026-08-27T23:15,,0.0,,,,,,,
2026-08-27T23:20,125.6,0.0,1017.7,0.0,0.0,21.7,100.2,0.6,2.0
2026-08-27T23:25,,0.0,,,,,,,
2026-08-27T23:30,20.2,0.0,1017.6,0.0,0.0,21.4,100.2,0.5,1.3
2026-08-27T23:35,,0.0,,,,,,,
2026-08-27T23:40,97.4,0.0,1017.6,0.0,0.0,21.3,100.2,0.3,1.5
2026-08-27T23:45,,0.0,,,,,,,
2026-08-27T23:50,12.3,0.0,1017.6,0.0,0.0,21.2,100.2,0.4,0.8
2026-08-27T23:55,,0.0,,,,,,,
2026-08-28T00:00,299.0,0.0,1017.7,0.0,0.0,21.0,100.1,0.9,1.1
2026-08-28T00:05,,0.0,,,,,,,
2026-08-28T00:10,357.6,0.0,1017.6,0.0,0.0,21.0,100.1,0.6,1.8
2026-08-28T00:15,,0.0,,,,,,,
2026-08-28T00:20,317.6,0.0,1017.6,0.0,0.0,20.9,100.1,1.7,2.2
2026-08-28T00:25,,0.0,,,,,,,
2026-08-28T00:30,283.5,0.0,1017.6,0.0,0.0,20.9,100.2,1.3,1.9
2026-08-28T00:35,,0.0,,,,,,,
2026-08-28T00:40,304.2,0.0,1017.6,0.0,0.0,21.1,100.2,0.2,1.1
2026-08-28T00:45,,0.0,,,,,,,
2026-08-28T00:50,32.3,0.0,1017.6,0.0,0.0,20.9,100.2,0.9,1.5
2026-08-28T00:55,,0.0,,,,,,,
2026-08-28T01:00,104.8,0.0,1017.7,0.0,0.0,20.7,100.2,0.3,1.7
2026-08-28T01:05,,0.0,,,,,,,
2026-08-28T01:10,211.3,0.0,1017.8,0.0,0.0,20.5,100.2,0.5,1.4
2026-08-28T01:15,,0.0,,,,,,,
2026-08-28T01:20,121.2,0.0,1017.8,0.0,0.0,20.4,100.1,0.5,0.9
2026-08-28T01:25,,0.0,,,,,,,
2026-08-28T01:30,117.0,0.0,1017.9,0.0,0.0,20.3,100.1,0.2,1.8
2026-08-28T01:35,,0.0,,,,,,,
2026-08-28T01:40,28.1,0.0,1018.1,0.0,0.0,20.2,100.1,0.9,1.3
2026-08-28T01:45,,0.0,,,,,,,
2026-08-28T01:50,290.8,0.0,1018.1,0.0,0.0,20.1,100.1,0.4,1.0
2026-08-28T01:55,,0.0,,,,,,,
2026-08-28T02:00,249.6,0.0,1017.9,0.0,0.0,20.1,100.1,0.7,1.0
2026-08-28T02:05,,0.0,,,,,,,
2026-08-28T02:10,153.2,0.0,1017.8,0.0,0.0,20.2,100.1,0.5,1.7
2026-08-28T02:15,,0.0,,,,,,,
2026-08-28T02:20,44.3,0.0,1017.7,0.0,0.0,20.3,100.1,0.1,1.2
2026-08-28T02:25,,0.0,,,,,,,
2026-08-28T02:30,88.4,0.0,1017.7,0.0,0.0,20.2,100.1,1.0,1.5
2026-08-28T02:35,,0.0,,,,,,,
2026-08-28T02:40,213.0,0.0,1017.7,0.0,0.0,20.2,100.2,0.6,1.5
2026-08-28T02:45,,0.0,,,,,,,
2026-08-28T02:50,352.6,0.0,1017.8,0.0,0.0,19.9,100.1,0.3,1.3
2026-08-28T02:55,,0.0,,,,,,,
2026-08-28T03:00,10.9,0.0,1017.9,0.0,0.0,19.7,100.1,1.0,1.4
2026-08-28T03:05,,0.0,,,,,,,
2026-08-28T03:10,317.7,0.0,1017.9,0.0,0.0,19.6,100.1,1.3,1.8
2026-08-28T03:15,,0.0,,,,,,,
2026-08-28T03:20,358.1,0.0,1017.7,0.0,0.0,19.7,100.0,1.5,2.5
2026-08-28T03:25,,0.0,,,,,,,
2026-08-28T03:30,321.4,0.0,1017.7,0.0,0.0,19.9,100.0,2.3,3.3
2026-08-28T03:35,,0.0,,,,,,,
2026-08-28T03:40,282.8,0.0,1017.8,0.0,0.0,19.8,100.1,1.7,2.5
2026-08-28T03:45,,0.0,,,,,,,
2026-08-28T03:50,258.0,0.0,1017.8,0.0,0.0,19.7,100.1,1.7,2.8
2026-08-28T03:55,,0.0,,,,,,,
2026-08-28T04:00,59.3,0.0,1017.7,0.0,0.0,19.8,100.2,1.2,2.4
2026-08-28T04:05,,0.0,,,,,,,
2026-08-28T04:10,46.8,0.0,1017.5,0.0,0.0,19.5,100.2,1.2,1.7
2026-08-28T04:15,,0.0,,,,,,,
2026-08-28T04:20,18.3,0.0,1017.4,0.0,0.0,19.3,100.1,1.2,1.6
2026-08-28T04:25,,0.0,,,,,,,
2026-08-28T04:30,224.7,0.0,1017.4,0.0,0.0,19.1,100.1,0.9,1.5
2026-08-28T04:35,,0.0,,,,,,,
2026-08-28T04:40,306.1,0.0,1017.7,0.0,0.0,19.1,100.1,1.1,2.3
2026-08-28T04:45,,0.0,,,,,,,
2026-08-28T04:50,286.5,0.0,1017.7,0.0,0.0,19.1,100.0,1.4,2.2
2026-08-28T04:55,,0.0,,,,,,,
2026-08-28T05:00,354.0,0.0,1017.6,0.0,0.0,19.1,100.0,0.7,1.8
2026-08-28T05:05,,0.0,,,,,,,
2026-08-28T05:10,60.3,0.0,1017.5,0.0,0.0,19.1,100.0,0.8,2.0
2026-08-28T05:15,,0.0,,,,,,,
2026-08-28T05:20,72.3,0.0,1017.4,0.0,0.0,19.0,100.0,0.5,2.0
2026-08-28T05:25,,0.0,,,,,,,
2026-08-28T05:30,211.9,0.0,1017.4,0.0,0.0,19.0,100.0,0.7,1.9
2026-08-28T05:35,,0.0,,,,,,,
2026-08-28T05:40,237.3,0.0,1017.3,0.0,0.0,18.9,100.0,0.3,1.6
2026-08-28T05:45,,0.0,,,,,,,
2026-08-28T05:50,78.3,0.0,1017.3,0.0,0.0,18.8,100.0,0.3,1.0
2026-08-28T05:55,,0.0,,,,,,,
2026-08-28T06:00,105.3,0.0,1017.5,0.0,0.0,18.9,100.0,1.3,1.8
2026-08-28T06:05,,0.0,,,,,,,
2026-08-28T06:10,111.7,0.0,1017.5,0.0,0.0,18.9,100.0,0.9,1.7
2026-08-28T06:15,,0.0,,,,,,,
2026-08-28T06:20,198.3,0.0,1017.5,0.0,0.0,18.9,100.0,0.7,1.2
2026-08-28T06:25,,0.0,,,,,,,
2026-08-28T06:30,52.4,0.0,1017.7,0.0,0.0,18.9,100.0,0.2,1.7
2026-08-28T06:35,,0.0,,,,,,,
2026-08-28T06:40,85.6,0.0,1017.9,0.0,0.0,19.1,100.0,1.1,1.5
2026-08-28T06:45,,0.0,,,,,,,
2026-08-28T06:50,271.0,0.0,1017.8,0.0,0.0,19.2,100.0,0.4,2.6
2026-08-28T06:55,,0.0,,,,,,,
2026-08-28T07:00,266.7,0.0,1017.6,0.0,0.0,19.2,100.0,0.5,2.2
2026-08-28T07:05,,0.0,,,,,,,
2026-08-28T07:10,62.7,0.0,1017.4,4.2,0.0,19.3,100.0,1.0,2.5
2026-08-28T07:15,,0.0,,,,,,,
2026-08-28T07:20,58.5,0.0,1017.9,13.1,0.0,19.3,100.0,1.4,1.9
2026-08-28T07:25,,0.0,,,,,,,
2026-08-28T07:30,304.3,0.0,1017.8,20.1,0.0,19.3,100.0,0.6,3.5
2026-08-28T07:35,,0.0,,,,,,,
2026-08-28T07:40,285.1,0.0,1017.8,25.0,0.0,19.4,100.0,0.5,2.1
2026-08-28T07:45,,0.0,,,,,,,
2026-08-28T07:50,29.2,0.0,1017.7,29.9,0.0,19.5,100.0,0.7,1.2
2026-08-28T07:55,,0.0,,,,,,,
2026-08-28T08:00,2.5,0.0,1017.7,55.6,0.0,19.6,100.0,2.1,4.1
2026-08-28T08:05,,0.0,,,,,,,
2026-08-28T08:10,324.2,0.0,1017.7,69.4,0.0,20.0,100.0,1.6,4.0
2026-08-28T08:15,,0.0,,,,,,,
2026-08-28T08:20,271.0,0.0,1017.7,108.4,0.0,20.3,100.1,2.5,3.7
2026-08-28T08:25,,0.0,,,,,,,
2026-08-28T08:30,276.3,0.0,1017.8,145.9,255.0,20.7,100.1,1.6,3.0
2026-08-28T08:35,,0.0,,,,,,,
2026-08-28T08:40,107.5,0.0,1017.6,167.2,326.0,21.4,100.2,1.1,2.1
2026-08-28T08:45,,0.0,,,,,,,
2026-08-28T08:50,138.6,0.0,1017.5,275.3,600.0,21.6,99.8,0.9,2.0
2026-08-28T08:55,,0.0,,,,,,,
2026-08-28T09:00,119.7,0.0,1017.5,352.7,600.0,22.2,91.7,1.1,2.2
2026-08-28T09:05,,0.0,,,,,,,
2026-08-28T09:10,94.1,0.0,1017.5,340.4,528.0,22.8,85.4,1.6,3.2
2026-08-28T09:15,,0.0,,,,,,,
2026-08-28T09:20,235.9,0.0,1017.4,300.9,541.0,23.2,82.5,0.6,1.6
2026-08-28T09:25,,0.0,,,,,,,
2026-08-28T09:30,119.4,0.0,1017.4,376.5,560.0,23.7,78.7,0.4,1.7
2026-08-28T09:35,,0.0,,,,,,,
2026-08-28T09:40,54.2,0.0,1017.3,315.6,396.0,24.2,78.0,0.7,2.1
2026-08-28T09:45,,0.0,,,,,,,
2026-08-28T09:50,6.6,0.0,1017.3,210.0,8.0,24.1,77.3,0.7,1.7
2026-08-28T09:55,,0.0,,,,,,,
2026-08-28T10:00,329.6,0.0,1016.9,350.9,447.0,24.2,77.0,1.0,1.9
2026-08-28T10:05,,0.0,,,,,,,
2026-08-28T10:10,297.0,0.0,1016.6,581.3,600.0,24.9,73.6,0.7,1.8
2026-08-28T10:15,,0.0,,,,,,,
2026-08-28T10:20,178.6,0.0,1015.8,556.1,600.0,25.4,69.6,0.7,1.8
2026-08-28T10:25,,0.0,,,,,,,
2026-08-28T10:30,87.8,0.0,1015.7,624.1,600.0,25.9,66.2,0.7,2.2
2026-08-28T10:35,,0.0,,,,,,,
2026-08-28T10:40,23.2,0.0,1015.8,658.9,600.0,26.6,66.1,0.8,1.9
2026-08-28T10:45,,0.0,,,,,,,
2026-08-28T10:50,159.3,0.0,1015.4,640.1,600.0,26.8,63.5,0.9,2.5
2026-08-28T10:55,,0.0,,,,,,,
2026-08-28T11:00,192.4,0.0,1015.0,657.3,600.0,27.1,62.4,1.2,2.3
2026-08-28T11:05,,0.0,,,,,,,
2026-08-28T11:10,143.8,0.0,1014.8,739.1,599.0,27.4,59.6,0.4,1.5
2026-08-28T11:15,,0.0,,,,,,,
2026-08-28T11:20,329.6,0.0,1014.4,784.5,600.0,28.2,59.6,0.9,2.7
2026-08-28T11:25,,0.0,,,,,,,
2026-08-28T11:30,334.3,0.0,1014.1,753.9,600.0,28.5,59.7,1.9,3.5
2026-08-28T11:35,,0.0,,,,,,,
2026-08-28T11:40,328.1,0.0,1014.0,777.1,600.0,28.8,58.8,1.4,3.0
2026-08-28T11:45,,0.0,,,,,,,
2026-08-28T11:50,351.0,0.0,1013.8,709.7,579.0,28.8,59.3,0.3,1.9
2026-08-28T11:55,,0.0,,,,,,,
2026-08-28T12:00,235.6,0.0,1013.7,701.3,578.0,28.6,59.2,1.3,2.4
2026-08-28T12:05,,0.0,,,,,,,
2026-08-28T12:10,164.2,0.0,1013.6,655.0,470.0,28.5,57.8,1.1,2.1
2026-08-28T12:15,,0.0,,,,,,,
2026-08-28T12:20,203.7,0.0,1013.3,815.6,600.0,29.1,57.3,1.3,2.6
2026-08-28T12:25,,0.0,,,,,,,
2026-08-28T12:30,317.6,0.0,1013.0,790.3,600.0,29.3,57.1,0.4,1.9
2026-08-28T12:35,,0.0,,,,,,,
2026-08-28T12:40,312.6,0.0,1012.9,791.7,599.0,29.7,57.2,0.5,1.8
2026-08-28T12:45,,0.0,,,,,,,
2026-08-28T12:50,336.7,0.0,1012.9,710.2,529.0,30.1,56.1,0.8,2.2
2026-08-28T12:55,,0.0,,,,,,,
2026-08-28T13:00,293.8,0.0,1012.8,711.2,449.0,30.1,55.7,0.9,2.9
2026-08-28T13:05,,0.0,,,,,,,
2026-08-28T13:10,175.2,0.0,1012.5,661.5,474.0,29.9,55.4,1.0,2.2
2026-08-28T13:15,,0.0,,,,,,,
2026-08-28T13:20,202.6,0.0,1012.4,735.8,600.0,30.2,55.2,0.4,2.0
2026-08-28T13:25,,0.0,,,,,,,
2026-08-28T13:30,269.0,0.0,1012.1,666.3,510.0,30.4,56.8,1.0,2.5
2026-08-28T13:35,,0.0,,,,,,,
2026-08-28T13:40,299.3,0.0,1012.0,752.9,542.0,30.7,56.6,1.3,2.6
2026-08-28T13:45,,0.0,,,,,,,
2026-08-28T13:50,280.3,0.0,1011.7,872.4,600.0,31.1,54.5,0.8,2.5
2026-08-28T13:55,,0.0,,,,,,,
2026-08-28T14:00,321.8,0.0,1011.5,656.1,470.0,31.2,55.3,1.7,4.5
2026-08-28T14:05,,0.0,,,,,,,
2026-08-28T14:10,310.6,0.0,1011.2,695.7,500.0,31.2,53.8,1.2,3.2
2026-08-28T14:15,,0.0,,,,,,,
2026-08-28T14:20,173.1,0.0,1011.2,711.7,396.0,31.3,51.7,0.3,1.8
2026-08-28T14:25,,0.0,,,,,,,
2026-08-28T14:30,166.0,0.0,1010.7,794.1,553.0,31.7,52.5,0.9,1.9
2026-08-28T14:35,,0.0,,,,,,,
2026-08-28T14:40,324.5,0.0,1010.4,878.4,600.0,32.3,50.1,0.1,2.3
2026-08-28T14:45,,0.0,,,,,,,
2026-08-28T14:50,146.1,0.0,1010.2,460.7,415.0,32.2,48.6,1.2,2.4
2026-08-28T14:55,,0.0,,,,,,,
2026-08-28T15:00,277.7,0.0,1010.2,411.8,245.0,32.0,53.5,1.1,2.3
2026-08-28T15:05,,0.0,,,,,,,
2026-08-28T15:10,343.5,0.0,1010.0,266.3,0.0,31.4,55.7,1.2,2.0
2026-08-28T15:15,,0.0,,,,,,,
2026-08-28T15:20,331.5,0.0,1010.2,526.0,309.0,31.5,56.4,1.9,3.6
2026-08-28T15:25,,0.0,,,,,,,
2026-08-28T15:30,328.6,0.0,1010.0,525.1,517.0,32.1,53.4,2.4,4.2
2026-08-28T15:35,,0.0,,,,,,,
2026-08-28T15:40,314.6,0.0,1009.8,607.4,525.0,32.1,53.8,1.8,3.5
2026-08-28T15:45,,0.0,,,,,,,
2026-08-28T15:50,320.9,0.0,1009.6,424.3,486.0,32.1,54.0,2.1,4.0
2026-08-28T15:55,,0.0,,,,,,,
2026-08-28T16:00,324.1,0.0,1009.4,462.6,519.0,31.9,54.5,2.7,4.2
2026-08-28T16:05,,0.0,,,,,,,
2026-08-28T16:10,331.7,0.0,1009.4,382.4,393.0,31.5,53.1,2.6,5.3
2026-08-28T16:15,,0.0,,,,,,,
2026-08-28T16:20,308.2,0.0,1009.3,301.0,483.0,31.1,55.3,2.6,3.8
2026-08-28T16:25,,0.0,,,,,,,
2026-08-28T16:30,317.8,0.0,1009.5,218.9,0.0,30.5,57.9,1.9,3.1
2026-08-28T16:35,,0.0,,,,,,,
2026-08-28T16:40,331.4,0.0,1009.5,178.3,0.0,30.3,58.4,1.8,3.1
2026-08-28T16:45,,0.0,,,,,,,
2026-08-28T16:50,310.3,0.0,1009.5,111.4,0.0,29.8,60.2,1.7,3.1
2026-08-28T16:55,,0.0,,,,,,,
2026-08-28T17:00,338.6,0.0,1009.4,85.5,0.0,29.4,64.4,1.4,2.4
2026-08-28T17:05,,0.0,,,,,,,
2026-08-28T17:10,358.6,0.0,1009.4,51.9,0.0,29.0,65.5,1.2,2.9
2026-08-28T17:15,,0.0,,,,,,,
2026-08-28T17:20,324.1,0.0,1009.6,46.9,0.0,28.5,66.0,1.4,2.5
2026-08-28T17:25,,0.0,,,,,,,
2026-08-28T17:30,8.8,0.0,1009.8,50.6,0.0,28.3,68.2,0.1,1.6
2026-08-28T17:35,,0.0,,,,,,,
2026-08-28T17:40,137.6,0.0,1009.4,46.5,0.0,27.9,70.9,1.0,3.0
2026-08-28T17:45,,0.0,,,,,,,
2026-08-28T17:50,198.5,0.0,1009.1,27.8,0.0,27.8,70.7,0.7,2.3
2026-08-28T17:55,,0.0,,,,,,,
2026-08-28T18:00,130.2,0.0,1009.4,23.5,0.0,27.9,66.0,1.2,4.6
2026-08-28T18:05,,0.0,,,,,,,
2026-08-28T18:10,134.3,0.0,1009.5,21.5,0.0,28.7,57.4,1.5,3.6
2026-08-28T18:15,,0.0,,,,,,,
2026-08-28T18:20,197.8,0.0,1009.7,19.2,0.0,27.7,64.0,1.5,3.0
2026-08-28T18:25,,0.0,,,,,,,
2026-08-28T18:30,128.8,0.0,1009.5,14.5,0.0,28.9,48.9,2.5,4.8
2026-08-28T18:35,,0.0,,,,,,,
2026-08-28T18:40,206.5,0.0,1010.2,6.1,0.0,28.4,51.1,3.3,6.3
2026-08-28T18:45,,0.0,,,,,,,
2026-08-28T18:50,162.6,0.0,1010.5,1.3,0.0,28.5,52.3,1.4,2.8
2026-08-28T18:55,,0.0,,,,,,,
2026-08-28T19:00,318.8,0.0,1010.0,1.2,0.0,26.3,66.4,1.0,2.7
2026-08-28T19:05,,0.0,,,,,,,
2026-08-28T19:10,298.0,0.0,1010.8,2.1,0.0,25.5,71.0,2.0,4.6
2026-08-28T19:15,,0.0,,,,,,,
2026-08-28T19:20,342.8,0.0,1011.6,2.6,0.0,25.8,72.5,1.5,3.5
2026-08-28T19:25,,0.1,,,,,,,
2026-08-28T19:30,1.4,0.1,1011.9,0.3,0.0,25.0,78.0,1.7,4.1
2026-08-28T19:35,,0.1,,,,,,,
2026-08-28T19:40,290.7,0.0,1011.8,0.0,0.0,24.2,80.7,2.5,3.8
2026-08-28T19:45,,0.0,,,,,,,
2026-08-28T19:50,334.8,0.0,1012.3,0.0,0.0,24.0,77.4,3.0,5.4
2026-08-28T19:55,,0.0,,,,,,,
2026-08-28T20:00,322.1,0.0,1012.5,0.0,0.0,23.8,79.6,2.2,4.6
2026-08-28T20:05,,0.1,,,,,,,
2026-08-28T20:10,286.0,0.2,1012.8,0.0,0.0,23.2,87.3,1.2,3.2
2026-08-28T20:15,,0.1,,,,,,,
2026-08-28T20:20,328.2,0.3,1013.9,0.0,0.0,22.8,90.9,0.5,3.0
2026-08-28T20:25,,0.3,,,,,,,
2026-08-28T20:30,313.5,0.1,1013.5,0.0,0.0,22.6,96.6,0.5,3.1
2026-08-28T20:35,,0.0,,,,,,,
2026-08-28T20:40,265.8,0.1,1013.4,0.0,0.0,22.0,100.2,1.2,4.1
2026-08-28T20:45,,0.1,,,,,,,
2026-08-28T20:50,283.7,0.1,1013.0,0.0,0.0,21.8,100.2,1.8,4.8
2026-08-28T20:55,,0.0,,,,,,,
2026-08-28T21:00,331.0,0.0,1013.6,0.0,0.0,21.4,98.9,3.2,5.1
2026-08-28T21:05,,0.0,,,,,,,
2026-08-28T21:10,331.1,0.0,1013.2,0.0,0.0,21.5,87.8,2.4,4.9
2026-08-28T21:15,,0.0,,,,,,,
2026-08-28T21:20,303.5,0.0,1013.0,0.0,0.0,21.2,93.7,2.0,3.3
2026-08-28T21:25,,0.0,,,,,,,
2026-08-28T21:30,309.0,0.0,1013.1,0.0,0.0,21.1,95.2,2.0,3.6
2026-08-28T21:35,,0.0,,,,,,,
2026-08-28T21:40,312.4,0.0,1013.1,0.0,0.0,21.1,93.0,1.2,2.8
2026-08-28T21:45,,0.0,,,,,,,
2026-08-28T21:50,304.9,0.0,1013.2,0.0,0.0,20.8,94.5,2.1,3.2
2026-08-28T21:55,,0.0,,,,,,,
2026-08-28T22:00,297.5,0.0,1013.3,0.0,0.0,20.6,94.0,2.5,3.4
2026-08-28T22:05,,0.0,,,,,,,
2026-08-28T22:10,324.4,0.0,1013.5,0.0,0.0,20.4,94.1,2.3,3.8
2026-08-28T22:15,,0.0,,,,,,,
2026-08-28T22:20,287.2,0.0,1013.6,0.0,0.0,20.2,97.0,1.0,1.6
2026-08-28T22:25,,0.0,,,,,,,
2026-08-28T22:30,316.9,0.0,1013.5,0.0,0.0,20.0,100.1,0.1,2.5
2026-08-28T22:35,,0.0,,,,,,,
2026-08-28T22:40,292.8,0.0,1013.3,0.0,0.0,19.8,100.3,0.9,2.6
2026-08-28T22:45,,0.0,,,,,,,
2026-08-28T22:50,282.3,0.0,1013.3,0.0,0.0,19.8,100.1,1.0,2.3
2026-08-28T22:55,,0.0,,,,,,,
2026-08-28T23:00,12.0,0.0,1013.3,0.0,0.0,19.6,100.3,0.9,2.0
2026-08-28T23:05,,0.0,,,,,,,
2026-08-28T23:10,263.9,0.0,1013.3,0.0,0.0,19.3,100.2,0.9,2.2
2026-08-28T23:15,,0.0,,,,,,,
2026-08-28T23:20,296.3,0.0,1013.4,0.0,0.0,19.3,100.2,1.3,3.1
2026-08-28T23:25,,0.0,,,,,,,
2026-08-28T23:30,314.0,0.0,1013.3,0.0,0.0,19.4,100.3,1.5,2.0
2026-08-28T23:35,,0.0,,,,,,,
2026-08-28T23:40,297.9,0.0,1013.2,0.0,0.0,19.6,100.3,0.8,1.7
2026-08-28T23:45,,0.0,,,,,,,
2026-08-28T23:50,175.3,0.0,1013.2,0.0,0.0,19.6,100.3,0.6,1.8
2026-08-28T23:55,,0.0,,,,,,,
2026-08-29T00:00,301.5,0.0,1013.2,0.0,0.0,19.5,100.2,1.4,2.6
2026-08-29T00:10,350.1,0.0,1013.4,0.0,0.0,19.7,100.3,1.2,2.2
2026-08-29T00:20,307.7,0.0,1013.5,0.0,0.0,19.7,100.3,1.5,2.3
2026-08-29T00:30,299.8,0.0,1013.6,0.0,0.0,19.9,99.4,0.8,1.9
2026-08-29T00:40,179.5,0.0,1013.5,0.0,0.0,19.9,100.1,0.4,1.0
2026-08-29T00:50,48.0,0.0,1013.8,0.0,0.0,19.8,100.2,1.0,1.5
2026-08-29T01:10,295.1,0.0,1012.7,0.0,0.0,19.6,100.2,0.7,3.0
2026-08-29T01:20,356.1,0.0,1012.9,0.0,0.0,19.6,100.2,1.2,3.3
2026-08-29T01:30,161.0,0.0,1013.2,0.0,0.0,19.8,100.2,0.1,2.0
2026-08-29T01:40,204.9,0.0,1013.5,0.0,0.0,19.7,100.2,0.8,2.0
2026-08-29T01:50,98.2,0.0,1013.8,0.0,0.0,19.7,100.2,1.3,2.4
2026-08-29T02:00,85.9,0.0,1013.8,0.0,0.0,19.6,100.2,1.6,2.3
2026-08-29T02:10,7.3,0.0,1013.8,0.0,0.0,19.4,100.2,0.7,1.2
2026-08-29T02:20,347.1,0.0,1013.8,0.0,0.0,19.1,100.2,1.4,2.8
2026-08-29T02:30,246.2,0.0,1013.9,0.0,0.0,19.0,100.1,1.6,2.4
2026-08-29T02:40,308.2,0.0,1013.9,0.0,0.0,18.9,100.1,0.6,2.4
2026-08-29T02:50,26.8,0.0,1014.1,0.0,0.0,18.9,100.1,1.3,2.1
2026-08-29T03:00,113.5,0.0,1013.9,0.0,0.0,18.9,100.0,0.6,1.3
2026-08-29T03:10,277.8,0.0,1014.0,0.0,0.0,18.7,100.0,1.2,2.2
2026-08-29T03:20,315.6,0.0,1014.0,0.0,0.0,18.8,100.0,1.0,1.6
2026-08-29T03:30,296.5,0.0,1014.2,0.0,0.0,18.8,100.0,0.7,1.5
2026-08-29T03:40,287.5,0.0,1014.3,0.0,0.0,18.9,100.0,0.2,1.5
2026-08-29T03:50,3.6,0.0,1014.2,0.0,0.0,19.0,100.0,1.0,2.3
2026-08-29T04:00,299.4,0.0,1014.2,0.0,0.0,19.1,100.0,0.6,1.8
2026-08-29T04:10,115.4,0.0,1014.3,0.0,0.0,19.1,100.0,1.7,2.5
2026-08-29T04:20,205.0,0.0,1014.3,0.0,0.0,19.1,100.0,1.6,2.6
2026-08-29T04:30,91.3,0.0,1014.2,0.0,0.0,19.2,100.0,1.2,1.9
2026-08-29T04:40,147.0,0.0,1014.1,0.0,0.0,19.1,100.0,0.7,1.4
2026-08-29T04:50,93.6,0.0,1014.4,0.0,0.0,19.1,100.0,1.6,2.5
2026-08-29T05:00,102.9,0.0,1014.4,0.0,0.0,19.2,100.0,1.0,1.7
2026-08-29T05:10,122.3,0.0,1014.3,0.0,0.0,19.2,100.0,0.8,1.4
2026-08-29T05:20,238.1,0.0,1014.3,0.0,0.0,19.2,100.0,1.2,2.3
2026-08-29T05:30,93.6,0.0,1014.2,0.0,0.0,19.1,100.0,0.8,1.7
2026-08-29T05:40,225.7,0.0,1014.2,0.0,0.0,19.0,100.0,0.5,1.6
2026-08-29T05:50,33.7,0.0,1014.2,0.0,0.0,18.9,100.0,0.8,1.5
2026-08-29T06:00,329.5,0.0,1014.2,0.0,0.0,18.7,100.0,0.6,1.1
2026-08-29T06:50,308.2,0.0,1014.7,3.6,0.0,18.4,100.0,0.2,1.8
2026-08-29T07:00,251.5,0.0,1014.9,12.2,0.0,18.3,100.0,0.5,1.4
2026-08-29T07:10,246.3,0.0,1014.9,20.5,0.0,18.4,100.0,0.2,1.6
2026-08-29T07:20,25.6,0.0,1015.0,31.7,0.0,18.5,100.0,0.9,1.8
2026-08-29T07:30,289.8,0.0,1015.0,39.7,0.0,18.6,100.0,0.8,1.9
2026-08-29T07:40,314.9,0.0,1015.1,52.0,0.0,18.8,100.0,1.3,1.9
2026-08-29T07:50,350.7,0.0,1015.2,70.8,0.0,19.0,100.0,1.3,1.8
2026-08-29T08:00,349.2,0.0,1015.2,87.8,0.0,19.3,100.0,0.7,1.2
2026-08-29T08:10,273.7,0.0,1015.2,104.3,0.0,19.6,100.0,0.6,1.6
2026-08-29T08:20,285.1,0.0,1015.4,106.9,0.0,19.6,100.0,0.4,1.1
2026-08-29T08:30,324.1,0.0,1015.5,169.6,256.0,20.0,100.1,0.5,0.8
2026-08-29T08:40,5.2,0.0,1015.5,144.3,245.0,20.4,100.1,1.0,2.0
2026-08-29T08:50,6.2,0.0,1015.4,297.3,576.0,20.7,99.3,1.0,1.5
2026-08-29T09:00,354.8,0.0,1015.4,394.0,600.0,21.6,85.8,1.2,1.8
2026-08-29T09:10,346.1,0.0,1015.2,425.5,599.0,22.4,80.5,1.6,2.3
2026-08-29T09:20,1.8,0.0,1015.1,430.8,600.0,22.9,77.2,1.3,2.6
2026-08-29T09:30,276.6,0.0,1015.0,461.9,600.0,23.1,73.6,0.8,1.8
2026-08-29T09:40,288.8,0.0,1014.9,482.4,600.0,23.5,70.7,0.4,1.6
2026-08-29T09:50,58.6,0.0,1014.9,507.0,599.0,23.7,67.1,1.1,2.4
2026-08-29T10:00,52.8,0.0,1014.8,531.7,600.0,24.0,66.8,0.8,2.1
2026-08-29T10:10,151.4,0.0,1014.9,556.8,600.0,24.2,63.0,1.0,2.2
2026-08-29T10:20,163.5,0.0,1014.7,582.4,599.0,24.4,61.3,1.0,2.1
2026-08-29T10:30,124.6,0.0,1014.6,606.2,600.0,24.9,59.2,1.0,2.2
2026-08-29T10:40,128.7,0.0,1014.6,628.8,600.0,24.9,55.4,1.0,2.1
2026-08-29T10:50,128.6,0.0,1014.5,651.8,599.0,25.0,53.5,0.4,1.8
2026-08-29T11:00,137.6,0.0,1014.5,673.7,600.0,25.4,53.6,1.2,2.4
2026-08-29T11:10,162.1,0.0,1014.4,693.1,600.0,25.7,54.6,1.1,2.1
2026-08-29T11:20,168.3,0.0,1014.2,713.3,600.0,26.1,52.7,0.8,2.0
2026-08-29T11:30,147.9,0.0,1014.0,730.3,600.0,26.5,47.6,0.8,2.1
2026-08-29T11:40,159.6,0.0,1013.9,744.6,600.0,26.8,46.3,1.0,2.2
2026-08-29T11:50,127.6,0.0,1013.8,757.1,600.0,27.1,46.9,0.8,2.4
2026-08-29T12:00,128.2,0.0,1013.8,770.9,600.0,27.1,44.3,0.7,1.9
2026-08-29T12:10,153.9,0.0,1013.5,778.7,599.0,27.4,44.9,0.7,2.4
2026-08-29T12:20,81.8,0.0,1013.3,789.2,600.0,27.9,42.6,0.7,2.2
2026-08-29T12:30,181.3,0.0,1013.1,795.2,599.0,27.9,42.7,1.3,2.9
2026-08-29T12:40,114.1,0.0,1013.0,803.3,600.0,28.2,42.4,1.0,2.6
2026-08-29T12:50,119.3,0.0,1012.8,811.0,600.0,28.7,42.3,1.2,3.3
2026-08-29T13:00,116.0,0.0,1012.6,816.9,600.0,28.8,40.2,1.7,3.0
2026-08-29T13:10,142.7,0.0,1012.5,818.6,600.0,28.9,39.6,1.3,3.0
2026-08-29T13:20,147.9,0.0,1012.4,817.9,599.0,29.1,39.2,1.1,2.8
2026-08-29T13:30,149.7,0.0,1012.1,815.1,600.0,29.1,39.1,1.2,3.4
2026-08-29T13:40,135.5,0.0,1011.9,813.1,599.0,29.2,40.1,1.6,2.9
2026-08-29T13:50,146.1,0.0,1011.9,808.0,600.0,29.3,40.7,1.4,3.2
2026-08-29T14:00,177.7,0.0,1011.8,804.7,599.0,29.6,42.6,1.4,2.7
2026-08-29T14:10,171.2,0.0,1011.7,793.2,600.0,29.8,41.3,1.3,2.7
2026-08-29T14:20,178.8,0.0,1011.6,786.9,372.0,29.6,40.9,1.4,3.0
2026-08-29T14:30,133.6,0.0,1011.4,738.8,600.0,30.0,40.1,1.4,3.2
2026-08-29T14:40,155.3,0.0,1011.3,734.8,600.0,30.2,39.9,1.7,3.7
2026-08-29T14:50,151.8,0.0,1011.2,372.5,599.0,30.3,38.7,1.5,3.3
2026-08-29T15:00,177.5,0.0,1011.0,740.2,600.0,30.5,40.2,1.8,3.5
2026-08-29T15:10,163.0,0.0,1010.9,714.8,600.0,30.4,40.5,1.6,4.0
2026-08-29T15:20,178.3,0.0,1010.7,701.7,600.0,30.4,41.5,1.6,4.0
2026-08-29T15:30,184.2,0.0,1010.7,667.7,599.0,30.4,41.7,2.2,4.5
2026-08-29T15:40,166.9,0.0,1010.5,624.9,600.0,30.7,42.2,1.6,4.4
2026-08-29T15:50,166.8,0.0,1010.4,642.1,599.0,30.6,42.3,1.6,3.6
2026-08-29T16:00,161.4,0.0,1010.2,610.9,600.0,30.8,43.0,1.8,3.7
2026-08-29T16:10,159.3,0.0,1010.2,587.9,599.0,30.8,42.4,1.8,4.2
2026-08-29T16:20,190.8,0.0,1010.1,551.8,600.0,30.6,44.7,2.3,5.1
2026-08-29T16:30,196.3,0.0,1010.0,517.5,600.0,30.3,44.9,3.1,4.8
2026-08-29T16:40,195.3,0.0,1009.9,518.4,599.0,30.2,44.1,3.6,5.2
2026-08-29T16:50,191.1,0.0,1009.9,484.9,600.0,30.2,44.0,2.5,4.8
2026-08-29T17:00,189.7,0.0,1009.9,462.3,600.0,30.4,44.7,2.3,4.0
2026-08-29T17:10,194.1,0.0,1009.9,426.6,598.0,30.3,43.4,3.0,4.6
2026-08-29T17:20,190.3,0.0,1009.9,392.8,600.0,30.2,43.7,2.6,4.3
2026-08-29T17:30,190.7,0.0,1009.8,333.1,600.0,30.1,44.6,2.6,4.3
2026-08-29T17:40,186.8,0.0,1009.8,244.7,507.0,29.6,46.0,1.9,4.1
2026-08-29T17:50,189.7,0.0,1009.8,288.0,599.0,29.6,46.0,2.1,4.0
2026-08-29T18:00,179.7,0.0,1009.8,230.9,508.0,29.7,47.1,1.3,2.7
2026-08-29T18:10,156.0,0.0,1009.8,215.4,435.0,29.5,48.1,1.3,2.4
2026-08-29T18:20,146.3,0.0,1009.8,201.7,344.0,29.6,48.7,1.3,2.4
2026-08-29T18:30,159.5,0.0,1009.8,160.8,247.0,29.3,50.1,1.1,2.0
2026-08-29T18:40,155.4,0.0,1009.8,194.2,577.0,29.1,50.3,1.4,2.4
2026-08-29T18:50,173.4,0.0,1009.8,165.9,513.0,29.1,50.0,1.2,2.2
2026-08-29T19:00,173.1,0.0,1010.0,101.3,0.0,28.5,49.9,1.4,3.1
2026-08-29T19:10,179.6,0.0,1010.1,86.3,0.0,28.2,49.4,1.8,3.3
2026-08-29T19:20,159.6,0.0,1010.2,65.7,0.0,28.0,50.0,1.9,3.1
2026-08-29T19:30,158.5,0.0,1010.4,55.9,0.0,27.6,52.1,1.5,2.9
2026-08-29T19:40,156.0,0.0,1010.4,25.2,0.0,27.4,52.9,1.5,2.7
2026-08-29T19:50,141.9,0.0,1010.6,8.1,0.0,26.7,57.0,1.5,2.4
2026-08-29T20:00,122.4,0.0,1010.7,4.6,0.0,25.8,61.8,1.5,2.2
2026-08-29T20:10,148.5,0.0,1010.8,0.1,0.0,25.4,63.9,1.5,2.5
2026-08-29T20:20,159.8,0.0,1010.9,0.0,0.0,25.7,59.1,1.6,3.0
2026-08-29T20:30,162.4,0.0,1011.1,0.0,0.0,25.9,57.6,1.7,3.2
2026-08-29T20:40,148.8,0.0,1011.2,0.0,0.0,25.8,58.6,1.9,3.1
2026-08-29T20:50,158.7,0.0,1011.4,0.0,0.0,25.8,57.3,2.0,3.7
2026-08-29T21:00,157.1,0.0,1011.7,0.0,0.0,25.9,56.7,1.8,3.0
2026-08-29T21:10,153.9,0.0,1011.7,0.0,0.0,25.4,60.8,1.1,2.1
2026-08-29T21:20,145.8,0.0,1012.2,0.0,0.0,23.6,74.3,0.4,1.5
2026-08-29T21:30,43.0,0.0,1012.4,0.0,0.0,22.9,79.1,0.7,1.4
2026-08-29T21:40,68.4,0.0,1012.5,0.0,0.0,23.1,74.1,0.6,1.4
2026-08-29T21:50,82.7,0.0,1012.6,0.0,0.0,22.8,81.5,0.3,1.2
2026-08-29T22:00,77.5,0.0,1012.8,0.0,0.0,22.0,86.6,0.7,1.3
2026-08-29T22:10,61.1,0.0,1012.9,0.0,0.0,22.4,79.1,1.0,1.6
2026-08-29T22:20,8.9,0.0,1013.1,0.0,0.0,21.6,86.9,0.6,0.9
2026-08-29T22:30,346.2,0.0,1013.2,0.0,0.0,21.2,89.0,1.1,1.5
2026-08-29T22:40,279.3,0.0,1013.2,0.0,0.0,21.2,87.1,0.5,1.0
2026-08-29T22:50,39.4,0.0,1013.3,0.0,0.0,21.5,85.7,0.9,1.6
2026-08-29T23:00,38.5,0.0,1013.5,0.0,0.0,21.1,90.5,0.6,1.3
2026-08-29T23:10,293.0,0.0,1013.7,0.0,0.0,20.9,91.7,0.8,1.3
2026-08-29T23:20,265.9,0.0,1013.7,0.0,0.0,20.9,90.4,0.6,1.4
2026-08-29T23:30,342.7,0.0,1013.8,0.0,0.0,20.4,96.0,0.3,0.7
2026-08-29T23:40,18.9,0.0,1013.9,0.0,0.0,20.1,100.1,0.5,0.8
2026-08-29T23:50,6.1,0.0,1014.1,0.0,0.0,19.8,100.3,0.4,1.0
2026-08-30T00:00,327.5,0.0,1014.2,0.0,0.0,19.5,100.2,0.9,1.2
2026-08-30T00:10,344.6,0.0,1014.3,0.0,0.0,19.5,100.2,0.8,1.2
2026-08-30T00:20,205.8,0.0,1014.4,0.0,0.0,19.5,100.2,0.3,0.8
2026-08-30T00:30,68.3,0.0,1014.4,0.0,0.0,19.5,100.2,0.6,1.7
2026-08-30T00:40,237.2,0.0,1014.5,0.0,0.0,19.2,100.2,0.9,1.4
2026-08-30T00:50,325.8,0.0,1014.6,0.0,0.0,19.1,100.2,0.1,1.2
2026-08-30T01:10,69.2,0.0,1014.9,0.0,0.0,18.9,100.2,0.5,2.0
2026-08-30T01:20,138.7,0.0,1015.0,0.0,0.0,18.9,100.2,0.6,1.7
2026-08-30T01:30,94.4,0.0,1015.1,0.0,0.0,18.7,100.2,0.4,0.9
2026-08-30T01:40,88.6,0.0,1015.3,0.0,0.0,18.5,100.2,0.3,1.0
2026-08-30T01:50,263.7,0.0,1015.4,0.0,0.0,18.4,100.1,0.5,1.1
2026-08-30T02:00,278.1,0.0,1015.4,0.0,0.0,18.3,100.2,0.3,1.5
2026-08-30T02:10,40.0,0.0,1015.5,0.0,0.0,18.3,100.1,0.6,1.0
2026-08-30T02:20,32.9,0.0,1015.6,0.0,0.0,18.2,100.2,1.0,1.8
2026-08-30T02:30,248.9,0.0,1015.7,0.0,0.0,18.0,100.2,0.7,1.5
2026-08-30T02:40,269.7,0.0,1015.7,0.0,0.0,18.0,100.2,0.3,1.5
2026-08-30T02:50,152.1,0.0,1015.7,0.0,0.0,18.1,100.2,0.7,1.9
2026-08-30T03:00,118.2,0.0,1015.7,0.0,0.0,18.3,100.2,0.4,0.9
2026-08-30T03:10,46.8,0.0,1015.7,0.0,0.0,18.1,100.2,0.7,1.1
2026-08-30T03:20,81.7,0.0,1015.8,0.0,0.0,18.3,100.2,0.3,0.6
2026-08-30T03:30,203.6,0.0,1015.9,0.0,0.0,18.4,100.2,0.8,1.6
2026-08-30T03:40,313.1,0.0,1016.1,0.0,0.0,18.4,100.2,0.5,1.5
2026-08-30T03:50,2.6,0.0,1016.3,0.0,0.0,18.4,100.2,0.7,1.3
2026-08-30T04:00,25.2,0.0,1016.3,0.0,0.0,18.4,100.2,0.4,1.0
2026-08-30T04:10,264.8,0.0,1016.3,0.0,0.0,18.2,100.2,0.7,1.5
2026-08-30T04:20,290.2,0.0,1016.2,0.0,0.0,18.0,100.1,1.3,1.8
2026-08-30T04:30,322.1,0.0,1016.2,0.0,0.0,17.9,100.2,0.8,1.4
2026-08-30T04:40,199.0,0.0,1016.2,0.0,0.0,17.8,100.2,0.2,0.6
2026-08-30T04:50,87.4,0.0,1016.4,0.0,0.0,17.7,100.2,0.6,0.9
2026-08-30T05:00,105.6,0.0,1016.3,0.0,0.0,17.5,100.2,0.8,1.5
2026-08-30T05:10,208.5,0.0,1016.4,0.0,0.0,17.2,100.2,0.6,1.2
2026-08-30T05:20,97.9,0.0,1016.5,0.0,0.0,17.1,100.1,0.1,1.6
2026-08-30T05:30,12.9,0.0,1016.5,0.0,0.0,17.0,100.1,0.6,1.2
2026-08-30T05:40,316.0,0.0,1016.5,0.0,0.0,16.8,100.1,0.5,1.0
2026-08-30T05:50,316.5,0.0,1016.5,0.0,0.0,16.8,100.0,1.2,1.7
2026-08-30T06:00,313.0,0.0,1016.5,0.0,0.0,16.7,100.0,1.0,1.7
2026-08-30T06:10,332.1,0.0,1016.5,0.0,0.0,16.7,100.0,0.7,1.1
2026-08-30T06:20,319.9,0.0,1016.5,0.0,0.0,16.6,100.0,0.7,1.2
2026-08-30T06:30,29.1,0.0,1016.6,0.0,0.0,16.5,100.0,0.7,1.0
2026-08-30T06:40,268.1,0.0,1016.7,0.8,0.0,16.2,100.0,0.6,1.4
2026-08-30T06:50,264.5,0.0,1016.8,5.9,0.0,16.2,100.0,1.2,1.5
2026-08-30T07:00,77.8,0.0,1016.9,12.6,0.0,16.4,100.0,0.5,1.4
2026-08-30T07:10,103.2,0.0,1017.0,18.0,0.0,16.4,100.0,0.8,1.6
2026-08-30T07:20,167.9,0.0,1017.0,23.5,0.0,16.4,100.0,0.4,1.3
2026-08-30T07:30,141.6,0.0,1017.1,29.4,0.0,16.6,100.0,0.3,0.8
2026-08-30T07:40,121.3,0.0,1017.1,34.4,0.0,16.6,100.0,0.2,0.7
2026-08-30T07:50,59.4,0.0,1017.1,39.3,0.0,16.7,100.0,0.5,0.7
2026-08-30T08:00,81.3,0.0,1017.3,44.4,0.0,16.9,100.0,0.5,0.8
2026-08-30T08:10,73.7,0.0,1017.2,50.2,0.0,17.0,100.0,0.4,0.9
2026-08-30T08:20,142.6,0.0,1017.2,56.6,0.0,17.3,100.0,0.6,2.2
2026-08-30T08:30,95.1,0.0,1017.2,125.3,229.0,17.5,100.0,1.2,1.6
2026-08-30T08:40,65.1,0.0,1017.1,275.6,600.0,18.1,100.0,0.8,1.3
2026-08-30T08:50,48.2,0.0,1016.9,300.4,600.0,19.2,93.9,0.6,0.9
2026-08-30T09:00,163.7,0.0,1016.8,337.7,600.0,20.5,82.3,0.1,1.3
2026-08-30T09:10,99.5,0.0,1016.7,366.0,599.0,21.4,75.4,0.2,1.4
2026-08-30T09:20,36.3,0.0,1016.6,395.1,600.0,22.1,70.6,0.6,1.1
2026-08-30T09:30,196.5,0.0,1016.6,431.2,599.0,22.7,68.8,0.6,1.5
2026-08-30T09:40,147.2,0.0,1016.5,461.1,600.0,23.4,67.2,0.3,1.4
2026-08-30T09:50,344.2,0.0,1016.5,488.3,600.0,23.8,64.0,0.0,1.1
2026-08-30T10:00,315.3,0.0,1016.4,514.6,600.0,24.3,61.1,0.1,1.6
2026-08-30T10:10,193.8,0.0,1016.3,540.2,600.0,24.6,61.4,0.7,1.3
2026-08-30T10:20,185.2,0.0,1016.2,564.5,600.0,24.9,61.0,0.8,1.6
2026-08-30T10:30,163.5,0.0,1016.2,589.8,600.0,25.3,57.4,0.8,1.8
2026-08-30T10:40,123.9,0.0,1016.0,613.5,600.0,25.5,55.2,1.0,2.0
2026-08-30T10:50,132.5,0.0,1015.9,634.8,600.0,25.8,56.1,0.6,1.8
2026-08-30T11:00,131.6,0.0,1015.8,656.7,599.0,26.1,53.4,0.7,2.3
2026-08-30T11:10,183.2,0.0,1015.7,676.1,600.0,26.3,54.0,0.9,2.2
2026-08-30T11:20,210.5,0.0,1015.6,694.0,599.0,26.6,53.6,1.0,2.2
2026-08-30T11:30,154.2,0.0,1015.4,711.8,600.0,27.1,52.7,0.8,2.1
2026-08-30T11:40,116.6,0.0,1015.1,727.3,600.0,27.2,50.0,0.8,1.9
2026-08-30T11:50,174.9,0.0,1014.9,743.0,600.0,27.5,50.5,0.9,1.9
2026-08-30T12:00,170.9,0.0,1014.8,756.2,600.0,27.6,49.1,1.0,2.3
2026-08-30T12:10,199.8,0.0,1014.6,767.2,599.0,27.9,50.6,1.5,3.9
2026-08-30T12:20,136.2,0.0,1014.4,774.7,600.0,28.3,48.3,1.5,4.0
2026-08-30T12:30,151.7,0.0,1014.2,783.8,600.0,28.5,48.5,1.5,3.4
2026-08-30T12:40,166.1,0.0,1013.9,791.3,600.0,28.7,47.7,1.2,3.0
2026-08-30T12:50,141.0,0.0,1013.7,796.0,599.0,29.2,47.0,1.7,3.5
2026-08-30T13:00,166.2,0.0,1013.6,804.4,600.0,29.3,47.8,1.7,4.0
2026-08-30T13:10,152.6,0.0,1013.4,804.0,600.0,29.5,48.1,1.9,4.2
2026-08-30T13:20,128.3,0.0,1013.2,807.1,600.0,29.7,46.1,1.8,3.7
2026-08-30T13:30,139.6,0.0,1013.0,809.4,600.0,30.1,45.2,1.6,3.9
2026-08-30T13:40,147.4,0.0,1012.9,846.6,600.0,30.3,45.9,2.1,3.6
2026-08-30T13:50,143.2,0.0,1012.8,833.2,600.0,30.3,45.3,1.9,4.0
2026-08-30T14:00,155.3,0.0,1012.6,785.9,600.0,30.7,45.8,1.5,3.3
2026-08-30T14:10,170.5,0.0,1012.4,830.3,600.0,30.8,44.5,2.1,4.0
2026-08-30T14:20,161.6,0.0,1012.3,821.6,600.0,31.1,42.9,2.0,3.8
2026-08-30T14:30,180.2,0.0,1012.2,797.1,600.0,31.0,44.2,1.8,4.2
2026-08-30T14:40,188.6,0.0,1012.0,564.3,559.0,30.9,44.3,2.4,5.4
2026-08-30T14:50,173.6,0.0,1011.9,333.3,543.0,30.3,45.1,2.1,5.4
2026-08-30T15:00,177.6,0.0,1011.9,352.0,600.0,30.2,45.9,1.6,3.5
2026-08-30T15:10,176.1,0.0,1011.8,259.1,158.0,29.9,46.6,1.6,3.2
2026-08-30T15:20,161.2,0.0,1011.8,270.3,188.0,29.7,47.2,1.2,2.6
2026-08-30T15:30,158.2,0.0,1011.8,370.9,397.0,29.7,49.5,1.2,2.5
2026-08-30T15:40,159.6,0.0,1011.6,259.2,311.0,30.1,47.5,1.1,1.9
2026-08-30T15:50,166.6,0.0,1011.5,298.4,257.0,30.0,48.7,1.1,2.1
2026-08-30T16:00,172.5,0.0,1011.3,209.7,126.0,29.8,49.3,1.1,2.4
2026-08-30T16:10,164.3,0.0,1011.3,162.1,4.0,29.7,49.6,1.1,1.9
2026-08-30T16:20,153.3,0.0,1011.2,358.3,545.0,30.0,49.4,1.1,2.4
2026-08-30T16:30,205.6,0.0,1011.1,504.1,591.0,30.4,49.6,1.1,2.1
2026-08-30T16:40,189.6,0.0,1010.9,487.0,600.0,30.9,46.9,1.5,2.3
2026-08-30T16:50,159.2,0.0,1010.7,344.3,525.0,31.5,42.1,1.4,2.6
2026-08-30T17:00,189.5,0.0,1010.8,126.0,0.0,30.4,47.9,1.1,2.4
2026-08-30T17:10,178.5,0.0,1010.8,288.6,470.0,30.0,51.1,1.2,2.3
2026-08-30T17:20,154.6,0.0,1010.7,377.3,600.0,31.3,42.2,1.4,2.5
2026-08-30T17:30,164.5,0.0,1010.7,378.2,599.0,31.7,42.2,1.3,2.6
2026-08-30T17:40,161.9,0.0,1010.6,351.1,600.0,31.9,40.3,1.6,3.6
2026-08-30T17:50,171.9,0.0,1010.6,270.0,584.0,31.4,41.8,1.3,2.6
2026-08-30T18:00,176.8,0.0,1010.6,280.3,600.0,31.5,39.1,1.3,2.3
2026-08-30T18:10,174.5,0.0,1010.6,244.2,600.0,31.4,40.4,1.4,3.0
2026-08-30T18:20,162.7,0.0,1010.7,202.5,599.0,31.1,40.1,1.4,3.2
2026-08-30T18:30,137.7,0.0,1010.6,180.7,600.0,30.7,41.9,1.6,3.6
2026-08-30T18:40,145.9,0.0,1010.7,152.9,598.0,30.1,43.8,1.2,2.7
2026-08-30T18:50,140.5,0.0,1010.8,107.1,447.0,29.7,44.9,0.9,2.4
2026-08-30T19:00,141.2,0.0,1011.1,54.6,0.0,28.1,56.3,0.8,2.1
2026-08-30T19:10,137.5,0.0,1011.3,43.2,0.0,28.1,48.6,1.7,4.1
2026-08-30T19:20,132.9,0.0,1011.3,30.0,0.0,28.2,48.7,1.7,3.5
2026-08-30T19:30,113.5,0.0,1011.4,16.6,0.0,27.2,54.2,2.2,3.7
2026-08-30T19:40,124.4,0.0,1011.5,8.2,0.0,27.4,50.9,2.6,4.5
2026-08-30T19:50,120.6,0.0,1011.6,3.3,0.0,27.4,50.7,2.6,3.5
2026-08-30T20:00,180.5,0.0,1011.8,0.5,0.0,25.9,61.5,1.5,3.6
2026-08-30T20:10,184.7,0.0,1011.9,0.0,0.0,26.2,56.1,1.8,3.9
2026-08-30T20:20,180.6,0.0,1012.1,0.0,0.0,26.1,56.6,1.4,2.7
2026-08-30T20:30,168.5,0.0,1012.3,0.0,0.0,25.3,63.1,1.2,2.9
2026-08-30T20:40,155.6,0.0,1012.6,0.0,0.0,24.6,67.0,1.1,2.3
2026-08-30T20:50,171.4,0.0,1012.9,0.0,0.0,24.2,67.2,1.2,2.5
2026-08-30T21:00,142.4,0.0,1013.0,0.0,0.0,23.9,70.2,0.1,2.2
2026-08-30T21:10,1.0,0.0,1013.3,0.0,0.0,22.7,77.0,1.0,1.5
2026-08-30T21:20,28.0,0.0,1013.4,0.0,0.0,22.3,80.0,1.2,1.9
2026-08-30T21:30,328.1,0.0,1013.5,0.0,0.0,22.4,79.8,0.4,1.6
2026-08-30T21:40,47.7,0.0,1013.6,0.0,0.0,22.0,80.2,0.8,1.4
2026-08-30T21:50,47.5,0.0,1013.7,0.0,0.0,21.7,84.3,0.5,1.2
2026-08-30T22:00,51.0,0.0,1013.7,0.0,0.0,22.2,78.6,0.7,1.7
2026-08-30T22:10,82.5,0.0,1013.8,0.0,0.0,21.8,81.6,1.0,1.6
2026-08-30T22:20,64.1,0.0,1014.0,0.0,0.0,21.5,83.0,0.7,1.6
2026-08-30T22:30,44.7,0.0,1014.1,0.0,0.0,21.0,89.3,0.3,1.2
2026-08-30T22:40,185.1,0.0,1014.1,0.0,0.0,21.1,89.0,0.4,1.7
2026-08-30T22:50,105.1,0.0,1014.3,0.0,0.0,21.1,90.1,0.4,1.7
2026-08-30T23:00,184.8,0.0,1014.3,0.0,0.0,20.9,93.8,0.4,0.9
2026-08-30T23:10,98.8,0.0,1014.4,0.0,0.0,21.2,92.8,0.8,1.2
2026-08-30T23:20,139.0,0.0,1014.6,0.0,0.0,21.2,92.5,0.5,1.0
2026-08-30T23:30,122.4,0.0,1014.7,0.0,0.0,21.8,87.7,0.9,1.2
2026-08-30T23:40,130.0,0.0,1014.5,0.0,0.0,22.0,85.3,0.5,1.0
2026-08-30T23:50,285.8,0.0,1014.7,0.0,0.0,21.7,83.9,1.3,2.5
2026-08-31T00:00,92.2,0.0,1014.7,0.0,0.0,21.8,85.1,0.2,1.4
2026-08-31T00:10,101.7,0.0,1014.7,0.0,0.0,21.5,86.3,0.9,2.0
2026-08-31T00:20,243.3,0.0,1014.8,0.0,0.0,20.9,92.0,1.2,1.7
2026-08-31T00:30,25.5,0.0,1015.0,0.0,0.0,20.8,90.6,1.4,2.0
2026-08-31T00:40,136.3,0.0,1015.0,0.0,0.0,20.8,88.9,0.3,1.7
2026-08-31T00:50,238.5,0.0,1015.0,0.0,0.0,20.4,91.5,1.3,1.9
2026-08-31T01:10,62.6,0.0,1015.1,0.0,0.0,20.0,94.5,0.7,1.0
2026-08-31T01:20,51.9,0.0,1015.1,0.0,0.0,19.6,99.6,0.7,0.8
2026-08-31T01:30,338.5,0.0,1015.1,0.0,0.0,19.5,100.2,0.4,0.9
2026-08-31T01:40,257.8,0.0,1015.1,0.0,0.0,19.7,100.2,0.5,0.8
2026-08-31T01:50,263.7,0.0,1015.1,0.0,0.0,19.8,100.2,0.8,1.3
2026-08-31T02:00,18.4,0.0,1015.1,0.0,0.0,20.0,99.5,0.5,0.8
2026-08-31T02:10,51.5,0.0,1015.1,0.0,0.0,19.9,100.2,0.2,1.6
2026-08-31T02:20,239.2,0.0,1015.2,0.0,0.0,19.9,100.2,0.4,1.5
2026-08-31T02:30,29.5,0.0,1015.2,0.0,0.0,19.8,100.2,0.7,2.3
2026-08-31T02:40,313.6,0.0,1015.2,0.0,0.0,19.7,100.2,0.3,0.9
2026-08-31T02:50,297.9,0.0,1015.2,0.0,0.0,19.5,100.2,0.6,1.4
2026-08-31T03:00,339.5,0.0,1015.3,0.0,0.0,19.3,100.2,1.4,1.7
2026-08-31T03:10,234.6,0.0,1015.3,0.0,0.0,19.3,100.2,0.2,1.4
2026-08-31T03:20,244.5,0.0,1015.3,0.0,0.0,19.2,100.2,0.5,1.0
2026-08-31T03:30,271.7,0.0,1015.2,0.0,0.0,18.9,100.2,0.9,1.4
2026-08-31T03:40,39.2,0.0,1015.3,0.0,0.0,18.7,100.1,1.1,1.5
2026-08-31T03:50,37.8,0.0,1015.4,0.0,0.0,18.5,100.1,0.7,1.5
2026-08-31T04:00,207.9,0.0,1015.4,0.0,0.0,18.3,100.1,0.4,0.8
2026-08-31T04:10,278.8,0.0,1015.5,0.0,0.0,18.6,100.1,0.4,0.8
2026-08-31T04:20,47.9,0.0,1015.3,0.0,0.0,18.6,100.1,0.5,1.1
2026-08-31T04:30,53.2,0.0,1015.3,0.0,0.0,18.7,100.1,0.7,1.0
2026-08-31T04:40,191.5,0.0,1015.2,0.0,0.0,18.7,100.1,0.5,1.2
2026-08-31T04:50,199.6,0.0,1015.3,0.0,0.0,18.6,100.1,0.3,1.3
2026-08-31T05:00,69.5,0.0,1015.4,0.0,0.0,18.5,100.1,0.5,1.8
2026-08-31T05:10,94.5,0.0,1015.5,0.0,0.0,18.4,100.1,0.3,0.8
2026-08-31T05:20,250.5,0.0,1015.7,0.0,0.0,18.5,100.1,0.1,1.4
2026-08-31T05:30,1.1,0.0,1015.6,0.0,0.0,18.7,100.0,0.5,0.8
2026-08-31T05:40,223.8,0.0,1015.6,0.0,0.0,18.8,100.0,0.3,0.8
2026-08-31T05:50,302.8,0.0,1015.6,0.0,0.0,18.6,100.0,0.9,2.0
2026-08-31T06:00,342.8,0.0,1015.7,0.0,0.0,18.4,100.1,1.1,1.7
2026-08-31T06:10,278.7,0.0,1015.7,0.0,0.0,18.1,100.1,0.8,1.2
2026-08-31T06:20,207.2,0.0,1015.7,0.0,0.0,18.1,100.1,0.5,1.6
2026-08-31T06:30,127.3,0.0,1015.7,0.0,0.0,18.0,100.1,0.8,1.5
2026-08-31T06:40,119.1,0.0,1015.7,0.4,0.0,17.9,100.1,0.9,1.8
2026-08-31T06:50,101.0,0.0,1015.7,5.1,0.0,17.8,100.1,1.0,1.5
2026-08-31T07:00,86.6,0.0,1015.7,11.5,0.0,17.8,100.1,0.6,1.1
2026-08-31T07:10,97.1,0.0,1015.9,17.9,0.0,17.7,100.1,0.9,1.2
2026-08-31T07:20,108.6,0.0,1015.8,24.1,0.0,17.7,100.0,1.6,2.0
2026-08-31T07:30,108.9,0.0,1015.9,32.1,0.0,17.9,100.0,1.3,2.2
2026-08-31T07:40,106.7,0.0,1015.9,38.7,0.0,18.2,100.1,1.2,2.2
2026-08-31T08:00,3.8,0.0,1016.1,59.5,0.0,18.6,100.2,0.5,1.3
2026-08-31T08:20,356.9,0.0,1016.1,117.5,0.0,19.4,100.2,0.6,1.0
2026-08-31T08:30,166.1,0.0,1016.0,208.0,236.0,20.1,97.5,0.4,1.7
2026-08-31T08:50,17.7,0.0,1015.8,352.7,600.0,22.0,74.6,0.9,1.8
2026-08-31T09:00,56.1,0.0,1015.8,355.4,598.0,22.6,69.1,0.3,1.3
2026-08-31T09:10,16.7,0.0,1015.8,299.5,600.0,23.0,70.0,1.4,2.5
2026-08-31T09:20,29.8,0.0,1015.7,309.2,530.0,23.1,71.1,0.9,1.9
2026-08-31T09:40,62.1,0.0,1015.5,442.8,600.0,23.7,67.1,0.3,1.8
2026-08-31T09:50,160.4,0.0,1015.5,466.4,600.0,24.2,64.0,0.8,1.4
2026-08-31T10:00,211.3,0.0,1015.5,498.3,600.0,24.5,63.9,0.2,0.8
2026-08-31T10:20,179.5,0.0,1015.2,555.7,600.0,25.2,62.5,0.8,1.9
2026-08-31T10:30,117.3,0.0,1015.2,584.2,600.0,25.5,59.7,1.1,2.5
2026-08-31T10:40,123.5,0.0,1015.1,609.8,600.0,25.8,57.9,1.6,3.0
2026-08-31T10:50,127.8,0.0,1015.0,631.2,600.0,26.2,58.1,1.4,3.4
2026-08-31T11:00,119.0,0.0,1015.0,653.9,600.0,26.4,56.9,2.0,3.7
2026-08-31T11:10,147.4,0.0,1014.8,674.7,600.0,26.8,56.0,1.5,2.7
2026-08-31T11:30,113.4,0.0,1014.4,745.5,600.0,27.5,51.0,1.6,2.7
2026-08-31T11:50,172.2,0.0,1014.2,620.6,600.0,27.5,53.8,0.9,1.8
2026-08-31T12:00,171.4,0.0,1013.9,767.7,600.0,28.3,51.0,1.0,2.4
2026-08-31T12:10,162.8,0.0,1013.7,823.3,600.0,28.5,50.2,1.3,2.7
2026-08-31T12:20,170.6,0.0,1013.6,833.9,600.0,28.9,50.3,1.3,2.5
2026-08-31T12:40,134.2,0.0,1013.1,847.2,600.0,29.4,47.1,1.6,3.4
2026-08-31T12:50,159.1,0.0,1013.0,586.3,426.0,29.5,48.9,1.2,3.0
2026-08-31T13:00,173.4,0.0,1012.9,725.5,525.0,29.5,50.2,1.3,2.6
2026-08-31T13:10,178.4,0.0,1012.7,736.0,556.0,29.5,51.4,1.1,2.4
2026-08-31T13:20,171.3,0.0,1012.6,800.9,600.0,29.7,49.1,1.6,2.9
2026-08-31T13:30,169.6,0.0,1012.5,801.7,600.0,29.7,50.5,1.4,2.8
2026-08-31T13:50,164.5,0.0,1012.1,811.7,600.0,30.1,50.5,1.1,2.7
2026-08-31T14:10,181.9,0.0,1011.7,597.8,509.0,30.6,49.7,1.2,2.9
2026-08-31T14:20,157.6,0.0,1011.7,568.7,368.0,30.4,46.0,1.7,4.3
2026-08-31T14:30,181.3,0.0,1011.5,764.0,600.0,31.0,46.5,1.8,3.5
2026-08-31T14:40,162.3,0.0,1011.4,755.0,600.0,31.2,44.6,1.9,3.7
2026-08-31T14:50,166.0,0.0,1011.2,354.2,600.0,31.5,44.5,1.9,3.7
2026-08-31T15:00,163.1,0.0,1011.1,717.4,600.0,31.5,42.3,2.4,5.1
2026-08-31T15:10,174.7,0.0,1011.0,743.0,599.0,31.7,43.0,2.1,4.4
2026-08-31T15:20,148.7,0.0,1010.9,708.5,600.0,31.9,42.1,2.7,5.3
2026-08-31T15:30,141.3,0.0,1010.7,428.5,515.0,31.6,42.7,2.2,4.3
2026-08-31T15:40,156.7,0.0,1010.6,586.6,553.0,31.2,43.9,1.8,3.8
2026-08-31T15:50,155.0,0.0,1010.4,627.4,599.0,31.9,40.5,2.1,5.1
2026-08-31T16:10,152.3,0.0,1010.2,585.2,600.0,32.2,37.4,2.9,4.6
2026-08-31T16:20,140.0,0.0,1010.1,563.9,600.0,32.4,36.9,2.3,4.7
2026-08-31T16:30,151.5,0.0,1010.0,537.0,600.0,32.5,35.7,2.6,5.0
2026-08-31T16:40,154.1,0.0,1010.0,515.1,600.0,32.5,35.3,2.7,6.0
2026-08-31T16:50,147.4,0.0,1010.0,485.1,600.0,32.5,35.5,2.4,3.9
2026-08-31T17:00,141.2,0.0,1009.9,457.5,600.0,32.5,36.9,1.8,3.7
2026-08-31T17:10,144.9,0.0,1009.7,428.7,600.0,32.4,37.2,2.0,4.5
2026-08-31T17:20,145.1,0.0,1009.7,400.3,599.0,32.4,37.7,1.8,4.9
2026-08-31T17:30,139.0,0.0,1009.5,372.0,600.0,32.3,38.1,2.2,3.5
2026-08-31T17:40,153.2,0.0,1009.5,344.0,600.0,32.1,38.0,2.1,4.8
2026-08-31T17:50,147.3,0.0,1009.6,255.1,474.0,31.9,38.7,2.0,5.2
2026-08-31T18:00,167.2,0.0,1009.7,134.8,249.0,31.2,40.4,1.7,3.5
2026-08-31T18:10,159.4,0.0,1009.5,250.6,600.0,31.3,38.1,2.2,4.2
2026-08-31T18:20,149.2,0.0,1009.4,232.8,600.0,31.4,39.4,1.7,2.9
2026-08-31T18:30,146.8,0.0,1009.1,205.6,599.0,31.1,41.7,1.7,2.9
2026-08-31T18:40,154.4,0.0,1009.0,192.0,600.0,30.9,40.8,2.2,4.5
2026-08-31T18:50,166.7,0.0,1009.2,104.6,175.0,30.4,42.5,1.9,4.5
2026-08-31T19:00,179.8,0.0,1009.3,69.6,0.0,29.6,45.0,1.8,4.0
2026-08-31T19:10,163.0,0.0,1009.3,49.6,0.0,29.1,47.1,1.7,4.3
2026-08-31T19:20,161.2,0.0,1009.5,32.0,0.0,28.9,46.8,2.2,4.6
2026-08-31T19:30,171.5,0.0,1009.6,18.9,0.0,29.0,45.0,2.2,4.3
2026-08-31T19:40,189.2,0.0,1009.7,8.6,0.0,28.4,48.1,2.0,3.2
2026-08-31T19:50,275.9,0.0,1010.3,4.2,0.0,27.0,53.9,2.7,7.8
2026-08-31T20:00,308.4,0.0,1010.9,0.7,0.0,25.6,50.9,5.8,9.1
2026-08-31T20:10,314.4,0.0,1011.5,0.0,0.0,24.7,53.6,4.0,7.7
2026-08-31T20:20,326.4,0.0,1011.8,0.0,0.0,24.0,55.9,3.4,6.4
2026-08-31T20:30,340.7,0.0,1012.0,0.0,0.0,23.4,59.2,2.7,4.1
2026-08-31T20:40,341.0,0.0,1012.3,0.0,0.0,23.1,59.4,2.4,3.5
2026-08-31T20:50,332.3,0.0,1012.7,0.0,0.0,22.9,60.3,2.5,3.9
2026-08-31T21:00,327.4,0.0,1013.0,0.0,0.0,22.6,61.6,1.9,3.8
2026-08-31T21:10,338.1,0.0,1013.1,0.0,0.0,22.4,64.0,2.4,4.4
2026-08-31T21:20,344.8,0.0,1013.4,0.0,0.0,22.6,60.6,2.7,4.8
2026-08-31T21:30,339.1,0.0,1013.6,0.0,0.0,22.6,60.7,1.9,3.7
2026-08-31T21:40,351.7,0.0,1013.6,0.0,0.0,22.5,61.1,1.9,3.4
2026-08-31T21:50,342.3,0.0,1014.0,0.0,0.0,22.1,65.1,1.4,2.5
2026-08-31T22:00,357.8,0.0,1014.3,0.0,0.0,21.5,67.9,1.1,1.9
2026-08-31T22:10,51.3,0.0,1014.5,0.0,0.0,21.0,72.6,1.2,2.5
2026-08-31T22:20,107.2,0.0,1014.8,0.0,0.0,21.1,71.3,1.8,2.8
2026-08-31T22:30,142.7,0.0,1015.1,0.0,0.0,21.0,72.1,1.2,2.9
2026-08-31T22:40,155.5,0.0,1015.4,0.0,0.0,21.3,68.7,2.4,4.2
2026-08-31T22:50,123.5,0.0,1015.6,0.0,0.0,21.2,70.7,0.9,3.5
2026-08-31T23:00,59.3,0.0,1016.0,0.0,0.0,20.0,77.9,0.9,1.3
2026-08-31T23:10,106.9,0.0,1016.2,0.0,0.0,19.7,79.5,0.8,1.5
2026-08-31T23:20,101.4,0.0,1016.4,0.0,0.0,19.4,81.3,1.0,1.8
2026-08-31T23:30,87.5,0.0,1016.6,0.0,0.0,18.7,89.6,0.5,1.1
2026-08-31T23:40,92.7,0.0,1016.8,0.0,0.0,18.6,87.1,0.6,1.4
2026-08-31T23:50,58.4,0.0,1016.8,0.0,0.0,18.4,91.8,0.8,1.4
2026-09-01T00:00,109.8,0.0,1017.0,0.0,0.0,18.3,91.4,0.4,1.3
2026-09-01T00:10,232.9,0.0,1017.2,0.0,0.0,17.9,96.4,0.4,0.9
2026-09-01T00:20,146.1,0.0,1017.3,0.0,0.0,17.8,94.5,0.3,1.0
2026-09-01T00:30,317.3,0.0,1017.4,0.0,0.0,17.6,98.3,0.6,0.9
2026-09-01T00:40,335.9,0.0,1017.5,0.0,0.0,17.3,100.2,0.9,1.2
2026-09-01T00:50,330.5,0.0,1017.6,0.0,0.0,17.0,100.2,1.6,2.4
2026-09-01T01:10,342.3,0.0,1017.6,0.0,0.0,17.1,100.3,0.7,1.6
2026-09-01T01:20,261.5,0.0,1017.8,0.0,0.0,16.8,100.3,0.5,1.3
2026-09-01T01:30,258.1,0.0,1017.9,0.0,0.0,16.9,100.2,0.2,0.6
2026-09-01T01:40,18.0,0.0,1018.1,0.0,0.0,16.6,100.3,0.5,1.1
2026-09-01T01:50,315.0,0.0,1018.1,0.0,0.0,16.3,100.2,0.5,0.6
2026-09-01T02:00,20.2,0.0,1018.3,0.0,0.0,16.1,100.2,0.7,1.0
2026-09-01T02:10,20.5,0.0,1018.5,0.0,0.0,16.0,100.2,0.7,1.2
2026-09-01T02:20,286.0,0.0,1018.6,0.0,0.0,15.7,100.2,0.6,1.3
2026-09-01T02:30,314.7,0.0,1018.8,0.0,0.0,15.8,100.1,1.2,1.5
2026-09-01T02:40,315.2,0.0,1018.9,0.0,0.0,15.7,100.1,1.4,2.0
2026-09-01T02:50,327.0,0.0,1019.1,0.0,0.0,15.7,100.1,1.1,1.4
2026-09-01T03:00,326.2,0.0,1019.2,0.0,0.0,15.7,100.1,0.6,1.4
2026-09-01T03:10,274.0,0.0,1019.2,0.0,0.0,15.5,100.1,0.7,1.4
2026-09-01T03:20,323.2,0.0,1019.2,0.0,0.0,15.4,100.1,1.1,2.0
2026-09-01T03:30,320.0,0.0,1019.3,0.0,0.0,15.5,100.1,0.9,2.2
2026-09-01T03:40,324.7,0.0,1019.3,0.0,0.0,15.4,100.1,1.3,1.7
2026-09-01T03:50,215.7,0.0,1019.4,0.0,0.0,15.3,100.1,0.4,1.1
2026-09-01T04:00,263.7,0.0,1019.5,0.0,0.0,15.1,100.1,0.4,1.1
2026-09-01T04:10,353.4,0.0,1019.6,0.0,0.0,14.9,100.1,0.9,1.7
2026-09-01T04:20,21.3,0.0,1019.7,0.0,0.0,14.8,100.1,0.7,1.2
2026-09-01T04:30,288.0,0.0,1019.8,0.0,0.0,14.6,100.1,0.7,0.9
2026-09-01T04:40,326.6,0.0,1019.9,0.0,0.0,14.6,100.1,0.6,1.0
2026-09-01T04:50,305.1,0.0,1019.9,0.0,0.0,14.5,100.0,0.6,1.2
2026-09-01T05:00,357.1,0.0,1019.9,0.0,0.0,14.7,100.0,1.0,1.2
2026-09-01T05:10,262.0,0.0,1019.7,0.0,0.0,14.8,100.0,0.8,1.9
2026-09-01T05:20,30.6,0.0,1019.7,0.0,0.0,14.9,100.0,1.1,2.1
2026-09-01T05:30,334.0,0.0,1019.7,0.0,0.0,14.8,100.0,1.6,2.0
2026-09-01T05:40,334.5,0.0,1019.8,0.0,0.0,15.0,100.0,0.8,2.0
2026-09-01T05:50,233.6,0.0,1020.0,0.0,0.0,14.9,100.0,0.7,1.2
2026-09-01T06:00,282.9,0.0,1020.0,0.0,0.0,14.8,100.0,0.8,1.1
2026-09-01T06:10,17.2,0.0,1020.0,0.0,0.0,14.9,100.0,0.4,1.2
2026-09-01T06:20,358.0,0.0,1020.2,0.0,0.0,14.8,100.0,1.0,1.3
2026-09-01T06:30,258.1,0.0,1020.3,0.0,0.0,14.6,100.0,0.5,1.0
2026-09-01T06:40,91.1,0.0,1020.4,0.3,0.0,14.7,100.0,0.4,1.0
2026-09-01T06:50,194.8,0.0,1020.5,5.2,0.0,14.4,100.0,0.5,1.1
2026-09-01T07:00,76.5,0.0,1020.7,11.0,0.0,14.4,100.0,0.4,1.2
2026-09-01T07:10,103.5,0.0,1020.8,12.9,0.0,14.5,100.0,0.5,1.1
2026-09-01T07:20,88.8,0.0,1021.0,18.5,0.0,14.4,100.0,0.7,0.9
2026-09-01T07:30,25.9,0.0,1021.0,24.9,0.0,14.4,100.0,0.6,1.1
2026-09-01T07:40,281.5,0.0,1021.0,31.6,0.0,14.5,100.0,1.1,1.5
2026-09-01T07:50,337.5,0.0,1021.1,35.8,0.0,14.8,100.0,0.8,1.3
2026-09-01T08:00,327.5,0.0,1021.1,35.1,0.0,14.9,100.0,1.0,1.6
2026-09-01T08:10,335.6,0.0,1021.2,40.4,0.0,15.0,100.0,0.9,1.8
2026-09-01T08:20,342.6,0.0,1021.2,62.2,0.0,15.3,100.0,0.3,0.7
2026-09-01T08:30,10.7,0.0,1021.3,146.5,220.0,15.7,100.0,0.1,1.4
2026-09-01T08:40,16.6,0.0,1021.3,248.6,489.0,16.2,100.0,0.6,1.0
2026-09-01T08:50,323.0,0.0,1021.0,330.8,600.0,17.6,96.3,1.1,2.1
2026-09-01T09:00,2.4,0.0,1020.9,347.6,600.0,18.9,81.6,0.8,1.5
2026-09-01T09:10,46.9,0.0,1020.8,356.6,599.0,19.2,79.0,1.1,1.7
2026-09-01T09:20,20.0,0.0,1020.7,353.6,600.0,19.6,76.2,0.9,1.6
2026-09-01T09:30,351.6,0.0,1020.6,452.0,600.0,20.5,71.0,0.8,1.9
2026-09-01T09:40,350.6,0.0,1020.5,480.2,600.0,21.1,66.8,0.2,1.6
2026-09-01T09:50,197.1,0.0,1020.5,511.5,600.0,21.5,62.8,0.7,1.2
2026-09-11T00:00,54.4,0.0,1016.3,0.0,0.0,15.7,100.0,0.7,1.3
2026-09-11T00:05,,0.0,,,,,,,
2026-09-11T00:10,326.4,0.0,1016.3,0.0,0.0,15.7,100.0,0.8,1.1
2026-09-11T00:15,,0.0,,,,,,,
2026-09-11T00:20,307.5,0.0,1016.2,0.0,0.0,15.6,100.0,1.1,1.7
2026-09-11T00:25,,0.0,,,,,,,
2026-09-11T00:30,281.1,0.0,1016.2,0.0,0.0,15.6,100.0,1.4,1.9
2026-09-11T00:35,,0.0,,,,,,,
2026-09-11T00:40,315.1,0.0,1016.3,0.0,0.0,15.5,100.0,1.2,1.6
2026-09-11T00:45,,0.0,,,,,,,
2026-09-11T00:50,330.4,0.0,1016.4,0.0,0.0,15.4,100.0,1.0,1.4
2026-09-11T00:55,,0.0,,,,,,,
2026-09-11T01:00,290.1,0.0,1016.5,0.0,0.0,15.3,100.0,1.1,1.9
2026-09-11T01:05,,0.0,,,,,,,
2026-09-11T01:10,319.3,0.0,1016.5,0.0,0.0,15.3,100.0,1.3,2.1
2026-09-11T01:15,,0.0,,,,,,,
2026-09-11T01:20,339.1,0.0,1016.4,0.0,0.0,15.2,100.0,0.9,1.5
2026-09-11T01:25,,0.0,,,,,,,
2026-09-11T01:30,337.5,0.0,1016.3,0.0,0.0,15.2,100.0,0.6,1.2
2026-09-11T01:35,,0.0,,,,,,,
2026-09-11T01:40,350.2,0.0,1016.2,0.0,0.0,15.1,99.9,1.1,1.4
2026-09-11T01:45,,0.0,,,,,,,
2026-09-11T01:50,354.0,0.0,1016.0,0.0,0.0,15.1,99.9,1.2,1.6
2026-09-11T01:55,,0.0,,,,,,,
2026-09-11T02:00,334.5,0.0,1016.0,0.0,0.0,15.2,100.0,1.5,2.3
2026-09-11T02:05,,0.0,,,,,,,
2026-09-11T02:10,270.7,0.0,1016.0,0.0,0.0,15.2,99.9,1.2,2.3
2026-09-11T02:15,,0.0,,,,,,,
2026-09-11T02:20,249.1,0.0,1016.0,0.0,0.0,15.1,99.9,1.1,2.0
2026-09-11T02:25,,0.0,,,,,,,
2026-09-11T02:30,46.0,0.0,1016.1,0.0,0.0,15.0,99.9,1.1,1.6
2026-09-11T02:35,,0.0,,,,,,,
2026-09-11T02:40,35.8,0.0,1016.1,0.0,0.0,15.0,99.9,0.5,1.3
2026-09-11T02:45,,0.0,,,,,,,
2026-09-11T02:50,126.8,0.0,1016.2,0.0,0.0,15.1,99.9,0.7,1.2
2026-09-11T02:55,,0.1,,,,,,,
2026-09-11T03:00,145.7,0.0,1016.2,0.0,0.0,15.0,99.9,0.6,1.4
2026-09-11T03:05,,0.0,,,,,,,
2026-09-11T03:10,98.7,0.0,1016.1,0.0,0.0,14.9,99.9,0.5,1.1
2026-09-11T03:15,,0.0,,,,,,,
2026-09-11T03:20,220.7,0.0,1016.1,0.0,0.0,14.7,99.9,0.1,1.4
2026-09-11T03:25,,0.0,,,,,,,
2026-09-11T03:30,284.4,0.0,1016.0,0.0,0.0,14.5,99.9,1.2,1.4
2026-09-11T03:35,,0.0,,,,,,,
2026-09-11T03:40,336.0,0.0,1015.9,0.0,0.0,14.2,99.9,1.2,2.1
2026-09-11T03:45,,0.0,,,,,,,
2026-09-11T03:50,349.8,0.0,1015.7,0.0,0.0,14.0,100.0,1.3,1.8
2026-09-11T03:55,,0.0,,,,,,,
2026-09-11T04:00,334.9,0.0,1015.7,0.0,0.0,13.9,99.9,1.7,2.2
2026-09-11T04:05,,0.0,,,,,,,
2026-09-11T04:10,317.3,0.0,1015.6,0.0,0.0,14.1,99.9,1.2,1.8
2026-09-11T04:15,,0.0,,,,,,,
2026-09-11T04:20,307.8,0.0,1015.7,0.0,0.0,14.0,99.9,1.4,2.2
2026-09-11T04:25,,0.0,,,,,,,
2026-09-11T04:30,309.2,0.0,1015.7,0.0,0.0,13.8,99.9,1.9,2.4
2026-09-11T04:35,,0.0,,,,,,,
2026-09-11T04:40,299.2,0.0,1015.7,0.0,0.0,13.7,99.9,1.4,2.4
2026-09-11T04:45,,0.0,,,,,,,
2026-09-11T04:50,304.4,0.0,1015.8,0.0,0.0,13.6,99.9,1.6,2.5
2026-09-11T04:55,,0.0,,,,,,,
2026-09-11T05:00,315.4,0.0,1015.9,0.0,0.0,13.6,99.9,2.1,2.8
2026-09-11T05:05,,0.0,,,,,,,
2026-09-11T05:10,311.7,0.0,1015.9,0.0,0.0,13.5,99.9,2.0,2.4
2026-09-11T05:15,,0.0,,,,,,,
2026-09-11T05:20,313.6,0.0,1015.9,0.0,0.0,13.4,99.9,1.8,2.3
2026-09-11T05:25,,0.1,,,,,,,
2026-09-11T05:30,338.4,0.0,1016.0,0.0,0.0,13.3,99.9,0.8,2.0
2026-09-11T05:35,,0.0,,,,,,,
2026-09-11T05:40,237.5,0.0,1016.2,0.0,0.0,13.1,99.9,0.1,0.9
2026-09-11T05:45,,0.0,,,,,,,
2026-09-11T05:50,258.7,0.0,1016.2,0.0,0.0,12.8,99.9,1.3,1.7
2026-09-11T05:55,,0.0,,,,,,,
2026-09-11T06:00,295.9,0.0,1016.3,0.0,0.0,12.7,99.9,0.2,2.1
2026-09-11T06:05,,0.0,,,,,,,
2026-09-11T06:10,119.8,0.0,1016.4,0.0,0.0,12.7,99.9,0.3,1.6
2026-09-11T06:15,,0.0,,,,,,,
2026-09-11T06:20,177.5,0.0,1016.4,0.0,0.0,12.7,99.9,0.5,1.6
2026-09-11T06:25,,0.0,,,,,,,
2026-09-11T06:30,44.6,0.0,1016.6,0.0,0.0,12.7,99.9,0.9,1.6
2026-09-11T06:35,,0.0,,,,,,,
2026-09-11T06:40,350.3,0.0,1016.7,0.0,0.0,12.5,99.9,0.4,1.3
2026-09-11T06:45,,0.0,,,,,,,
2026-09-11T06:50,264.4,0.0,1016.8,0.0,0.0,12.2,99.9,1.4,1.9
2026-09-11T06:55,,0.0,,,,,,,
2026-09-11T07:00,329.0,0.0,1016.9,1.0,0.0,12.5,99.9,1.2,2.2
2026-09-11T07:05,,0.0,,,,,,,
2026-09-11T07:10,317.3,0.0,1017.0,4.4,0.0,12.6,99.9,1.5,1.9
2026-09-11T07:15,,0.0,,,,,,,
2026-09-11T07:20,323.0,0.0,1017.1,10.7,0.0,12.6,99.9,1.1,2.0
2026-09-11T07:25,,0.0,,,,,,,
2026-09-11T07:30,299.2,0.0,1017.2,23.4,0.0,12.6,99.9,0.9,1.8
2026-09-11T07:35,,0.0,,,,,,,
2026-09-11T07:40,310.8,0.0,1017.2,34.4,0.0,12.9,99.9,1.0,1.9
2026-09-11T07:45,,0.0,,,,,,,
2026-09-11T07:50,327.4,0.0,1017.3,33.0,0.0,13.0,99.9,1.2,1.7
2026-09-11T07:55,,0.0,,,,,,,
2026-09-11T08:00,321.7,0.0,1017.5,49.3,0.0,13.1,99.9,0.6,1.1
2026-09-11T08:05,,0.0,,,,,,,
2026-09-11T08:10,318.3,0.0,1017.6,66.8,0.0,13.4,99.9,0.5,1.0
2026-09-11T08:15,,0.0,,,,,,,
2026-09-11T08:20,318.8,0.0,1017.6,89.6,0.0,13.8,99.9,0.8,1.3
2026-09-11T08:25,,0.0,,,,,,,
2026-09-11T08:30,323.4,0.0,1017.6,106.8,55.0,14.0,99.9,0.6,1.5
2026-09-11T08:35,,0.0,,,,,,,
2026-09-11T08:40,29.2,0.0,1017.4,213.7,505.0,14.4,99.9,0.9,1.7
2026-09-11T08:45,,0.0,,,,,,,
2026-09-11T08:50,170.2,0.0,1017.5,148.0,600.0,14.7,99.9,0.4,1.7
2026-09-11T08:55,,0.0,,,,,,,
2026-09-11T09:00,42.5,0.0,1017.5,289.8,599.0,15.0,100.0,0.2,0.9
2026-09-11T09:05,,0.0,,,,,,,
2026-09-11T09:10,22.8,0.0,1017.3,319.7,600.0,15.8,100.0,0.7,1.7
2026-09-11T09:15,,0.0,,,,,,,
2026-09-11T09:20,356.8,0.0,1017.2,324.6,600.0,16.5,98.7,0.8,2.6
2026-09-11T09:25,,0.0,,,,,,,
2026-09-11T09:30,7.5,0.0,1017.3,301.2,546.0,16.8,88.8,1.3,2.2
2026-09-11T09:35,,0.0,,,,,,,
2026-09-11T09:40,19.6,0.0,1017.3,398.3,599.0,17.1,80.2,1.2,2.2
2026-09-11T09:45,,0.0,,,,,,,
2026-09-11T09:50,29.1,0.0,1017.2,447.8,600.0,17.6,77.0,1.3,2.1
2026-09-11T09:55,,0.0,,,,,,,
2026-09-11T10:00,20.5,0.0,1017.2,489.7,600.0,18.1,76.3,1.1,2.1
2026-09-11T10:05,,0.0,,,,,,,
2026-09-11T10:10,98.1,0.0,1017.0,526.4,600.0,18.3,75.5,0.3,1.8
2026-09-11T10:15,,0.0,,,,,,,
2026-09-11T10:20,156.8,0.0,1016.9,539.6,600.0,18.6,73.9,0.6,1.5
2026-09-11T10:25,,0.0,,,,,,,
2026-09-11T10:30,175.8,0.0,1016.8,568.7,600.0,19.1,72.2,0.3,1.4
2026-09-11T10:35,,0.0,,,,,,,
2026-09-11T10:40,96.5,0.0,1016.7,592.0,600.0,19.7,69.7,0.7,1.6
2026-09-11T10:45,,0.0,,,,,,,
2026-09-11T10:50,87.2,0.0,1016.7,612.6,599.0,19.9,66.0,0.2,1.5
2026-09-11T10:55,,0.0,,,,,,,
2026-09-11T11:00,218.1,0.0,1016.7,632.2,600.0,20.1,66.3,0.8,1.7
2026-09-11T11:05,,0.0,,,,,,,
2026-09-11T11:10,7.4,0.0,1016.4,653.0,599.0,20.7,65.1,0.2,2.0
2026-09-11T11:15,,0.0,,,,,,,
2026-09-11T11:20,181.5,0.0,1016.3,669.7,600.0,21.2,62.2,0.3,1.6
2026-09-11T11:25,,0.0,,,,,,,
2026-09-11T11:30,202.9,0.0,1016.2,686.8,600.0,21.2,60.8,0.9,1.7
2026-09-11T11:35,,0.0,,,,,,,
2026-09-11T11:40,219.2,0.0,1016.1,702.1,600.0,21.7,60.5,1.4,2.4
2026-09-11T11:45,,0.0,,,,,,,
2026-09-11T11:50,202.9,0.0,1016.1,722.0,599.0,22.1,59.0,1.1,2.4
2026-09-11T11:55,,0.0,,,,,,,
2026-09-11T12:00,130.6,0.0,1016.0,751.3,600.0,22.2,57.2,0.8,2.3
2026-09-11T12:05,,0.0,,,,,,,
2026-09-11T12:10,159.7,0.0,1015.7,766.0,600.0,22.6,54.2,0.9,2.2
2026-09-11T12:15,,0.0,,,,,,,
2026-09-11T12:20,203.0,0.0,1015.6,790.3,600.0,22.9,54.6,1.4,2.7
2026-09-11T12:25,,0.0,,,,,,,
2026-09-11T12:30,129.5,0.0,1015.5,780.2,599.0,23.2,51.4,0.7,2.1
2026-09-11T12:35,,0.0,,,,,,,
2026-09-11T12:40,180.7,0.0,1015.4,782.1,600.0,23.4,52.3,0.8,1.6
2026-09-11T12:45,,0.0,,,,,,,
2026-09-11T12:50,271.6,0.0,1015.2,828.8,600.0,24.3,51.4,0.2,1.2
2026-09-11T12:55,,0.0,,,,,,,
2026-09-11T13:00,117.6,0.0,1015.2,733.4,599.0,24.5,49.1,0.8,1.8
2026-09-11T13:05,,0.0,,,,,,,
2026-09-11T13:10,247.2,0.0,1015.3,362.8,99.0,23.9,49.9,0.6,1.2
2026-09-11T13:15,,0.0,,,,,,,
2026-09-11T13:20,322.0,0.0,1015.3,581.5,372.0,23.9,51.8,0.5,1.4
2026-09-11T13:25,,0.0,,,,,,,
2026-09-11T13:30,26.4,0.0,1015.1,805.9,600.0,24.9,47.5,0.9,2.5
2026-09-11T13:35,,0.0,,,,,,,
2026-09-11T13:40,157.7,0.0,1015.0,821.5,600.0,25.2,45.0,1.1,2.0
2026-09-11T13:45,,0.0,,,,,,,
2026-09-11T13:50,124.8,0.0,1014.8,788.4,600.0,25.4,42.1,0.3,1.5
2026-09-11T13:55,,0.0,,,,,,,
2026-09-11T14:00,164.7,0.0,1014.7,781.8,600.0,25.9,44.5,0.7,1.6
2026-09-11T14:05,,0.0,,,,,,,
2026-09-11T14:10,9.5,0.0,1014.6,725.8,599.0,26.0,44.1,0.2,1.8
2026-09-11T14:15,,0.0,,,,,,,
2026-09-11T14:20,18.2,0.0,1014.4,762.0,338.0,26.6,44.9,0.4,1.7
2026-09-11T14:25,,0.0,,,,,,,
2026-09-11T14:30,208.9,0.0,1014.4,548.9,600.0,26.3,45.6,1.0,3.2
2026-09-11T14:35,,0.0,,,,,,,
2026-09-11T14:40,210.5,0.0,1014.5,329.3,599.0,25.7,45.6,1.1,2.3
2026-09-11T14:45,,0.0,,,,,,,
2026-09-11T14:50,224.6,0.0,1014.5,392.4,597.0,25.7,46.8,0.9,2.2
2026-09-11T14:55,,0.0,,,,,,,
2026-09-11T15:00,218.1,0.0,1014.4,418.2,600.0,25.9,44.3,0.8,1.8
2026-09-11T15:05,,0.0,,,,,,,
2026-09-11T15:10,149.7,0.0,1014.4,636.2,600.0,26.1,42.5,1.4,2.3
2026-09-11T15:15,,0.0,,,,,,,
2026-09-11T15:20,115.6,0.0,1014.4,619.1,599.0,26.6,40.8,1.2,2.2
2026-09-11T15:25,,0.0,,,,,,,
2026-09-11T15:30,84.7,0.0,1014.4,627.3,600.0,26.8,41.4,1.1,2.9
2026-09-11T15:35,,0.0,,,,,,,
2026-09-11T15:40,105.0,0.0,1014.4,562.0,600.0,27.0,41.2,1.0,2.0
2026-09-11T15:45,,0.0,,,,,,,
2026-09-11T15:50,115.6,0.0,1014.4,456.9,600.0,27.0,40.3,1.3,3.0
2026-09-11T15:55,,0.0,,,,,,,
2026-09-11T16:00,122.2,0.0,1014.4,522.8,599.0,27.0,40.9,0.8,1.9
2026-09-11T16:05,,0.0,,,,,,,
2026-09-11T16:10,139.5,0.0,1014.3,600.6,600.0,27.3,40.4,1.4,2.7
2026-09-11T16:15,,0.0,,,,,,,
2026-09-11T16:20,197.0,0.0,1014.5,551.9,600.0,27.0,43.3,2.0,3.5
2026-09-11T16:25,,0.0,,,,,,,
2026-09-11T16:30,166.3,0.0,1014.5,503.9,599.0,27.1,41.1,1.3,2.3
2026-09-11T16:35,,0.0,,,,,,,
2026-09-11T16:40,163.3,0.0,1014.5,471.5,600.0,27.2,40.7,1.3,2.4
2026-09-11T16:45,,0.0,,,,,,,
2026-09-11T16:50,171.9,0.0,1014.5,440.9,600.0,27.2,40.6,0.9,2.1
2026-09-11T16:55,,0.0,,,,,,,
2026-09-11T17:00,178.5,0.0,1014.5,411.8,600.0,27.2,42.4,1.2,2.1
2026-09-11T17:05,,0.0,,,,,,,
2026-09-11T17:10,180.0,0.0,1014.7,382.3,600.0,27.1,42.3,1.2,2.2
2026-09-11T17:15,,0.0,,,,,,,
2026-09-11T17:20,192.7,0.0,1014.9,352.1,599.0,26.8,42.5,1.8,2.7
2026-09-11T17:25,,0.0,,,,,,,
2026-09-11T17:30,215.7,0.0,1015.1,320.9,600.0,26.4,42.4,1.6,2.5
2026-09-11T17:35,,0.0,,,,,,,
2026-09-11T17:40,260.5,0.0,1015.1,293.2,600.0,26.1,41.5,1.7,2.6
2026-09-11T17:45,,0.0,,,,,,,
2026-09-11T17:50,223.1,0.0,1015.2,263.7,600.0,26.1,40.0,1.0,1.7
2026-09-11T17:55,,0.0,,,,,,,
2026-09-11T18:00,258.9,0.0,1015.3,231.0,600.0,25.8,39.5,1.4,3.0
2026-09-11T18:05,,0.0,,,,,,,
2026-09-11T18:10,281.2,0.0,1015.6,89.7,269.0,24.6,45.5,1.8,2.8
2026-09-11T18:15,,0.0,,,,,,,
2026-09-11T18:20,269.8,0.0,1015.8,159.2,600.0,23.8,47.5,1.5,2.6
2026-09-11T18:25,,0.0,,,,,,,
2026-09-11T18:30,263.4,0.0,1016.0,45.6,192.0,23.4,46.8,1.6,2.2
2026-09-11T18:35,,0.0,,,,,,,
2026-09-11T18:40,205.8,0.0,1016.1,28.1,0.0,22.3,53.8,0.5,1.4
2026-09-11T18:45,,0.0,,,,,,,
2026-09-11T18:50,177.5,0.0,1016.3,24.8,0.0,20.9,68.2,0.7,1.7
2026-09-11T18:55,,0.0,,,,,,,
2026-09-11T19:00,66.9,0.0,1016.5,20.6,0.0,20.2,73.3,0.3,1.5
2026-09-11T19:05,,0.0,,,,,,,
2026-09-11T19:10,16.9,0.0,1016.7,16.4,0.0,19.9,77.5,0.5,1.3
2026-09-11T19:15,,0.0,,,,,,,
2026-09-11T19:20,11.0,0.0,1016.8,11.7,0.0,19.1,83.5,0.3,1.0
2026-09-11T19:25,,0.0,,,,,,,
2026-09-11T19:30,105.5,0.0,1017.1,5.4,0.0,18.8,86.8,0.6,1.1
2026-09-11T19:35,,0.0,,,,,,,
2026-09-11T19:40,98.8,0.0,1017.4,0.8,0.0,18.2,93.5,0.7,1.1
2026-09-11T19:45,,0.0,,,,,,,
2026-09-11T19:50,117.6,0.0,1017.6,0.0,0.0,18.1,87.8,0.8,1.3
2026-09-11T19:55,,0.0,,,,,,,
2026-09-11T20:00,122.7,0.0,1018.0,0.0,0.0,17.6,92.8,0.5,1.8
2026-09-11T20:05,,0.0,,,,,,,
2026-09-11T20:10,89.1,0.0,1018.2,0.0,0.0,17.4,92.7,0.6,1.8
2026-09-11T20:15,,0.0,,,,,,,
2026-09-11T20:20,63.3,0.0,1018.7,0.0,0.0,16.8,98.2,0.6,1.2
2026-09-11T20:25,,0.0,,,,,,,
2026-09-11T20:30,79.9,0.0,1018.8,0.0,0.0,16.6,96.6,0.6,1.4
2026-09-11T20:35,,0.0,,,,,,,
2026-09-11T20:40,135.9,0.0,1019.1,0.0,0.0,16.5,96.1,0.6,1.1
2026-09-11T20:45,,0.0,,,,,,,
2026-09-11T20:50,134.7,0.0,1019.3,0.0,0.0,16.3,98.6,0.1,1.1
2026-09-11T20:55,,0.0,,,,,,,
2026-09-11T21:00,90.7,0.0,1019.6,0.0,0.0,16.1,99.7,0.2,10.6
2026-09-11T21:05,,0.0,,,,,,,
2026-09-11T21:10,100.6,0.0,1019.9,0.0,0.0,16.1,99.8,0.8,1.3
2026-09-11T21:15,,0.0,,,,,,,
2026-09-11T21:20,167.6,0.0,1020.1,0.0,0.0,15.7,100.1,0.2,1.5
2026-09-11T21:25,,0.0,,,,,,,
2026-09-11T21:30,308.6,0.0,1020.3,0.0,0.0,15.5,100.2,0.5,0.8
2026-09-11T21:35,,0.0,,,,,,,
2026-09-11T21:40,295.2,0.0,1020.5,0.0,0.0,15.3,100.2,0.6,1.0
2026-09-11T21:45,,0.0,,,,,,,
2026-09-11T21:50,337.0,0.0,1020.7,0.0,0.0,15.1,100.2,0.9,2.0
2026-09-11T21:55,,0.0,,,,,,,
2026-09-11T22:00,274.2,0.0,1020.8,0.0,0.0,15.1,100.1,0.9,1.5
2026-09-11T22:05,,0.0,,,,,,,
2026-09-11T22:10,88.9,0.0,1021.0,0.0,0.0,15.1,100.2,0.4,1.4
2026-09-11T22:15,,0.0,,,,,,,
2026-09-11T22:20,101.2,0.0,1021.2,0.0,0.0,14.9,100.2,0.7,1.3
2026-09-11T22:25,,0.0,,,,,,,
2026-09-11T22:30,35.4,0.0,1021.4,0.0,0.0,14.4,100.2,0.5,1.0
2026-09-11T22:35,,0.0,,,,,,,
2026-09-11T22:40,34.2,0.0,1021.7,0.0,0.0,14.2,100.2,0.1,0.9
2026-09-11T22:45,,0.0,,,,,,,
2026-09-11T22:50,97.9,0.0,1021.7,0.0,0.0,14.1,100.1,0.3,0.9
2026-09-11T22:55,,0.0,,,,,,,
2026-09-11T23:00,317.5,0.0,1021.8,0.0,0.0,13.9,100.1,0.3,1.5
2026-09-11T23:05,,0.0,,,,,,,
2026-09-11T23:10,313.9,0.0,1022.0,0.0,0.0,13.9,100.1,0.8,1.2
2026-09-11T23:15,,0.0,,,,,,,
2026-09-11T23:20,317.8,0.0,1022.2,0.0,0.0,13.6,100.1,1.0,1.3
2026-09-11T23:25,,0.0,,,,,,,
2026-09-11T23:30,301.0,0.0,1022.4,0.0,0.0,13.5,100.1,0.3,1.0
2026-09-11T23:35,,0.0,,,,,,,
2026-09-11T23:40,65.5,0.0,1022.4,0.0,0.0,13.5,100.1,0.6,1.0
2026-09-11T23:45,,0.0,,,,,,,
2026-09-11T23:50,345.7,0.0,1022.6,0.0,0.0,13.3,100.1,0.7,1.3
2026-09-11T23:55,,0.0,,,,,,,
2026-09-12T00:00,304.4,0.0,1022.7,0.0,0.0,13.2,100.1,0.3,1.2
2026-09-12T00:05,,0.0,,,,,,,
2026-09-12T00:10,276.2,0.0,1022.8,0.0,0.0,13.1,100.1,1.0,1.5
2026-09-12T00:15,,0.0,,,,,,,
2026-09-12T00:20,350.7,0.0,1022.9,0.0,0.0,13.2,100.1,0.8,2.0
2026-09-12T00:25,,0.0,,,,,,,
2026-09-12T00:30,346.8,0.0,1023.0,0.0,0.0,13.3,100.1,1.7,2.5
2026-09-12T00:35,,0.0,,,,,,,
2026-09-12T00:40,336.8,0.0,1023.0,0.0,0.0,13.3,100.2,1.1,1.6
2026-09-12T00:45,,0.0,,,,,,,
2026-09-12T00:50,269.3,0.0,1023.1,0.0,0.0,13.1,100.1,0.5,1.4
2026-09-12T00:55,,0.0,,,,,,,
2026-09-12T01:00,330.2,0.0,1023.2,0.0,0.0,13.2,100.1,0.7,1.2
2026-09-12T01:05,,0.0,,,,,,,
2026-09-12T01:10,54.6,0.0,1023.3,0.0,0.0,13.1,100.1,0.4,1.0
2026-09-12T01:15,,0.0,,,,,,,
2026-09-12T01:20,301.9,0.0,1023.4,0.0,0.0,12.9,100.1,0.2,0.9
2026-09-12T01:25,,0.0,,,,,,,
2026-09-12T01:30,91.3,0.0,1023.6,0.0,0.0,13.0,100.1,0.3,0.6
2026-09-12T01:35,,0.0,,,,,,,
2026-09-12T01:40,333.4,0.0,1023.6,0.0,0.0,12.6,100.1,0.6,0.9
2026-09-12T01:45,,0.0,,,,,,,
2026-09-12T01:50,293.4,0.0,1023.6,0.0,0.0,12.3,100.1,1.2,1.6
2026-09-12T01:55,,0.0,,,,,,,
2026-09-12T02:00,300.4,0.0,1023.6,0.0,0.0,12.4,100.1,1.3,1.9
2026-09-12T02:05,,0.0,,,,,,,
2026-09-12T02:10,24.4,0.0,1023.6,0.0,0.0,12.4,100.1,1.0,1.6
2026-09-12T02:15,,0.0,,,,,,,
2026-09-12T02:20,217.0,0.0,1023.6,0.0,0.0,12.2,100.1,0.1,0.9
2026-09-12T02:25,,0.0,,,,,,,
2026-09-12T02:30,249.6,0.0,1023.7,0.0,0.0,11.9,100.1,0.6,1.1
2026-09-12T02:35,,0.0,,,,,,,
2026-09-12T02:40,6.9,0.0,1023.9,0.0,0.0,11.7,100.1,0.8,1.2
2026-09-12T02:45,,0.0,,,,,,,
2026-09-12T02:50,344.7,0.0,1023.9,0.0,0.0,11.6,100.1,0.6,1.3
2026-09-12T02:55,,0.0,,,,,,,
2026-09-12T03:00,257.6,0.0,1023.9,0.0,0.0,11.6,100.0,0.7,1.1
2026-09-12T03:05,,0.0,,,,,,,
2026-09-12T03:10,339.7,0.0,1024.0,0.0,0.0,11.3,100.0,0.8,1.1
2026-09-12T03:15,,0.0,,,,,,,
2026-09-12T03:20,313.8,0.0,1024.1,0.0,0.0,11.0,100.0,0.7,1.2
2026-09-12T03:25,,0.0,,,,,,,
2026-09-12T03:30,267.9,0.0,1024.1,0.0,0.0,10.9,100.0,0.7,1.3
2026-09-12T03:35,,0.0,,,,,,,
2026-09-12T03:40,32.3,0.0,1024.3,0.0,0.0,11.0,99.9,1.0,1.5
2026-09-12T03:45,,0.0,,,,,,,
2026-09-12T03:50,31.2,0.0,1024.4,0.0,0.0,10.9,99.9,0.7,1.1
2026-09-12T03:55,,0.0,,,,,,,
2026-09-12T04:00,4.2,0.0,1024.4,0.0,0.0,10.7,99.9,1.0,1.4
2026-09-12T04:05,,0.0,,,,,,,
2026-09-12T04:10,222.5,0.0,1024.4,0.0,0.0,10.6,99.9,0.5,1.2
2026-09-12T04:15,,0.0,,,,,,,
2026-09-12T04:20,279.1,0.0,1024.4,0.0,0.0,10.6,99.9,0.7,1.4
2026-09-12T04:25,,0.0,,,,,,,
2026-09-12T04:30,339.0,0.0,1024.5,0.0,0.0,10.4,99.9,1.0,1.6
2026-09-12T04:35,,0.0,,,,,,,
2026-09-12T04:40,13.2,0.0,1024.5,0.0,0.0,10.2,99.9,0.6,1.2
2026-09-12T04:45,,0.0,,,,,,,
2026-09-12T04:50,210.8,0.0,1024.7,0.0,0.0,10.1,99.9,0.3,0.6
2026-09-12T04:55,,0.0,,,,,,,
2026-09-12T05:00,117.0,0.0,1024.8,0.0,0.0,10.1,99.9,0.6,1.3
2026-09-12T05:05,,0.0,,,,,,,
2026-09-12T05:10,141.8,0.0,1024.9,0.0,0.0,9.8,99.9,0.1,0.7
2026-09-12T05:15,,0.0,,,,,,,
2026-09-12T05:20,353.0,0.0,1024.9,0.0,0.0,9.5,99.9,0.4,0.7
2026-09-12T05:25,,0.0,,,,,,,
2026-09-12T05:30,195.9,0.0,1024.8,0.0,0.0,9.5,99.9,0.6,1.8
2026-09-12T05:35,,0.0,,,,,,,
2026-09-12T05:40,315.2,0.0,1024.9,0.0,0.0,9.4,99.9,0.9,1.5
2026-09-12T05:45,,0.0,,,,,,,
2026-09-12T05:50,341.6,0.0,1024.9,0.0,0.0,9.7,99.9,1.2,1.9
2026-09-12T05:55,,0.0,,,,,,,
2026-09-12T06:00,312.1,0.0,1024.9,0.0,0.0,9.8,99.9,0.6,1.1
2026-09-12T06:05,,0.0,,,,,,,
2026-09-12T06:10,298.9,0.0,1024.9,0.0,0.0,9.6,99.9,0.5,0.9
2026-09-12T06:15,,0.0,,,,,,,
2026-09-12T06:20,290.9,0.0,1025.0,0.0,0.0,9.5,99.9,0.9,1.3
2026-09-12T06:25,,0.0,,,,,,,
2026-09-12T06:30,8.0,0.0,1025.1,0.0,0.0,9.4,99.9,0.7,1.1
2026-09-12T06:35,,0.0,,,,,,,
2026-09-12T06:40,341.9,0.0,1025.1,0.0,0.0,9.2,99.9,1.2,1.6
2026-09-12T06:45,,0.0,,,,,,,
2026-09-12T06:50,335.1,0.0,1025.1,0.0,0.0,9.2,99.9,0.7,1.0
2026-09-12T06:55,,0.0,,,,,,,
2026-09-12T07:00,320.4,0.0,1025.1,2.1,0.0,9.2,99.9,1.0,1.5
2026-09-12T07:05,,0.0,,,,,,,
2026-09-12T07:10,326.9,0.0,1025.1,7.0,0.0,9.2,99.9,1.1,1.3
2026-09-12T07:15,,0.0,,,,,,,
2026-09-12T07:20,335.6,0.0,1025.2,11.8,0.0,9.3,99.9,1.1,1.8
2026-09-12T07:25,,0.0,,,,,,,
2026-09-12T07:30,338.2,0.0,1025.3,16.3,0.0,9.3,99.9,1.6,2.0
2026-09-12T07:35,,0.0,,,,,,,
2026-09-12T07:40,353.0,0.0,1025.5,20.5,0.0,9.8,99.9,0.1,1.5
2026-09-12T07:45,,0.0,,,,,,,
2026-09-12T07:50,175.5,0.0,1025.5,24.6,0.0,9.8,99.9,0.3,0.8
2026-09-12T07:55,,0.0,,,,,,,
2026-09-12T08:00,109.9,0.0,1025.7,28.3,0.0,9.7,99.9,0.3,0.9
2026-09-12T08:05,,0.0,,,,,,,
2026-09-12T08:10,108.9,0.0,1025.6,31.8,0.0,9.8,99.9,0.6,1.2
2026-09-12T08:15,,0.0,,,,,,,
2026-09-12T08:20,285.4,0.0,1025.6,35.1,0.0,9.8,99.9,0.2,1.0
2026-09-12T08:25,,0.0,,,,,,,
2026-09-12T08:30,46.1,0.0,1025.6,39.9,11.0,9.9,99.9,0.7,1.1
2026-09-12T08:35,,0.0,,,,,,,
2026-09-12T08:40,35.5,0.0,1025.6,249.2,600.0,10.5,99.9,0.7,1.4
2026-09-12T08:45,,0.0,,,,,,,
2026-09-12T08:50,36.6,0.0,1025.4,256.9,599.0,11.6,99.9,0.7,1.2
2026-09-12T08:55,,0.0,,,,,,,
2026-09-12T09:00,16.0,0.0,1025.4,285.9,600.0,12.7,99.9,0.5,0.9
2026-09-12T09:05,,0.0,,,,,,,
2026-09-12T09:10,26.6,0.0,1025.3,383.2,600.0,13.9,86.8,0.7,1.4
2026-09-12T09:15,,0.0,,,,,,,
2026-09-12T09:20,26.2,0.0,1025.2,397.2,600.0,14.7,82.4,0.6,1.3
2026-09-12T09:25,,0.0,,,,,,,
2026-09-12T09:30,2.0,0.0,1025.0,412.8,600.0,15.6,77.0,0.3,1.1
2026-09-12T09:35,,0.0,,,,,,,
2026-09-12T09:40,235.0,0.0,1025.0,428.6,600.0,16.2,76.7,0.3,0.9
2026-09-12T09:45,,0.0,,,,,,,
2026-09-12T09:50,115.9,0.0,1024.9,455.0,599.0,16.7,72.4,0.2,1.4
2026-09-12T09:55,,0.0,,,,,,,
2026-09-12T10:00,127.1,0.0,1024.9,487.7,600.0,17.0,69.3,0.3,1.5
2026-09-12T10:05,,0.0,,,,,,,
2026-09-12T10:10,99.1,0.0,1024.8,507.6,600.0,17.3,65.3,0.9,1.7
2026-09-12T10:15,,0.0,,,,,,,
2026-09-12T10:20,15.5,0.0,1024.6,539.5,600.0,17.9,64.2,0.5,1.1
2026-09-12T10:25,,0.0,,,,,,,
2026-09-12T10:30,86.7,0.0,1024.3,565.9,600.0,18.6,60.3,0.5,1.3
2026-09-12T10:35,,0.0,,,,,,,
2026-09-12T10:40,189.9,0.0,1024.2,589.8,600.0,18.8,58.5,0.6,1.4
2026-09-12T10:45,,0.0,,,,,,,
2026-09-12T10:50,309.6,0.0,1024.1,610.5,600.0,19.5,54.2,0.1,1.3
2026-09-12T10:55,,0.0,,,,,,,
2026-09-12T11:00,221.4,0.0,1023.9,633.4,600.0,20.1,53.2,0.9,1.9
2026-09-12T11:05,,0.0,,,,,,,
2026-09-12T11:10,211.7,0.0,1023.8,654.1,600.0,19.8,51.8,0.8,1.7
2026-09-12T11:15,,0.0,,,,,,,
2026-09-12T11:20,119.5,0.0,1023.6,672.1,600.0,20.3,48.9,0.4,1.2
2026-09-12T11:25,,0.0,,,,,,,
2026-09-12T11:30,181.5,0.0,1023.5,689.7,599.0,20.6,49.2,0.5,1.3
2026-09-12T11:35,,0.0,,,,,,,
2026-09-12T11:40,235.5,0.0,1023.3,704.1,600.0,21.1,48.0,0.7,2.0
2026-09-12T11:45,,0.0,,,,,,,
2026-09-12T11:50,55.1,0.0,1023.1,718.6,600.0,21.6,44.9,0.2,1.2
2026-09-12T11:55,,0.0,,,,,,,
2026-09-12T12:00,277.3,0.0,1022.8,729.2,600.0,22.1,44.5,0.3,1.6
2026-09-12T12:05,,0.0,,,,,,,
2026-09-12T12:10,166.0,0.0,1022.8,740.0,600.0,22.0,42.8,0.9,2.0
2026-09-12T12:15,,0.0,,,,,,,
2026-09-12T12:20,141.0,0.0,1022.6,747.7,600.0,22.2,42.9,0.5,2.1
2026-09-12T12:25,,0.0,,,,,,,
2026-09-12T12:30,98.9,0.0,1022.3,758.2,600.0,22.5,40.7,1.1,2.0
2026-09-12T12:35,,0.0,,,,,,,
2026-09-12T12:40,126.7,0.0,1022.1,766.1,600.0,22.8,39.5,0.7,2.2
2026-09-12T12:45,,0.0,,,,,,,
2026-09-12T12:50,101.0,0.0,1021.9,769.5,600.0,23.1,37.7,1.1,2.8
2026-09-12T12:55,,0.0,,,,,,,
2026-09-12T13:00,134.1,0.0,1021.6,769.4,600.0,23.5,37.4,0.8,2.4
2026-09-12T13:05,,0.0,,,,,,,
2026-09-12T13:10,123.6,0.0,1021.4,768.6,599.0,23.5,37.7,1.4,2.3
2026-09-12T13:15,,0.0,,,,,,,
2026-09-12T13:20,150.4,0.0,1021.2,768.3,600.0,23.8,37.6,0.9,2.1
2026-09-12T13:25,,0.0,,,,,,,
2026-09-12T13:30,146.3,0.0,1021.1,765.7,599.0,24.2,35.2,1.0,2.3
2026-09-12T13:35,,0.0,,,,,,,
2026-09-12T13:40,163.9,0.0,1020.9,762.3,600.0,24.3,37.5,0.9,2.6
2026-09-12T13:45,,0.0,,,,,,,
2026-09-12T13:50,136.5,0.0,1020.8,754.7,600.0,24.6,39.4,0.5,2.6
2026-09-12T13:55,,0.0,,,,,,,
2026-09-12T14:00,182.0,0.0,1020.7,746.7,599.0,24.9,41.1,1.3,2.9
2026-09-12T14:05,,0.0,,,,,,,
2026-09-12T14:10,176.6,0.0,1020.5,740.0,600.0,24.8,39.6,0.8,2.6
2026-09-12T14:15,,0.0,,,,,,,
2026-09-12T14:20,166.3,0.0,1020.2,730.3,323.0,25.2,39.2,1.3,3.0
2026-09-12T14:25,,0.0,,,,,,,
2026-09-12T14:30,157.6,0.0,1020.1,717.1,600.0,25.3,37.8,1.3,2.6
2026-09-12T14:35,,0.0,,,,,,,
2026-09-12T14:40,124.3,0.0,1020.0,703.2,600.0,25.6,37.0,1.5,3.1
2026-09-12T14:45,,0.0,,,,,,,
2026-09-12T14:50,182.7,0.0,1019.8,457.9,600.0,25.6,37.8,1.1,2.1
2026-09-12T14:55,,0.0,,,,,,,
2026-09-12T15:00,134.2,0.0,1019.6,370.4,600.0,25.9,32.9,1.7,3.0
2026-09-12T15:05,,0.0,,,,,,,
2026-09-12T15:10,143.6,0.0,1019.5,659.9,600.0,26.1,32.3,1.3,2.7
2026-09-12T15:15,,0.0,,,,,,,
2026-09-12T15:20,147.0,0.0,1019.2,640.5,600.0,26.1,37.3,1.2,4.6
2026-09-12T15:25,,0.0,,,,,,,
2026-09-12T15:30,165.7,0.0,1019.1,621.2,600.0,26.3,36.5,1.3,2.9
2026-09-12T15:35,,0.0,,,,,,,
2026-09-12T15:40,157.3,0.0,1019.0,600.5,599.0,26.2,38.6,1.9,4.3
2026-09-12T15:45,,0.0,,,,,,,
2026-09-12T15:50,165.0,0.0,1018.7,579.2,600.0,26.4,41.3,1.7,4.5
2026-09-12T15:55,,0.0,,,,,,,
2026-09-12T16:00,186.8,0.0,1018.6,557.8,600.0,26.3,41.8,1.9,4.9
2026-09-12T16:05,,0.0,,,,,,,
2026-09-12T16:10,201.7,0.0,1018.7,534.1,599.0,26.1,40.6,2.5,4.3
2026-09-12T16:15,,0.0,,,,,,,
2026-09-12T16:20,196.9,0.0,1018.6,509.1,600.0,26.0,39.4,2.4,3.6
2026-09-12T16:25,,0.0,,,,,,,
2026-09-12T16:30,195.5,0.0,1018.6,483.4,599.0,26.0,39.1,2.2,3.9
2026-09-12T16:35,,0.0,,,,,,,
2026-09-12T16:40,197.1,0.0,1018.5,454.4,600.0,25.9,39.3,2.5,4.2
2026-09-12T16:45,,0.0,,,,,,,
2026-09-12T16:50,197.3,0.0,1018.4,425.8,600.0,25.8,40.1,2.8,4.0
2026-09-12T16:55,,0.0,,,,,,,
2026-09-12T17:00,192.1,0.0,1018.5,397.0,600.0,25.7,39.9,2.5,4.0
2026-09-12T17:05,,0.0,,,,,,,
2026-09-12T17:10,190.8,0.0,1018.5,368.3,600.0,25.7,40.8,1.9,3.2
2026-09-12T17:15,,0.0,,,,,,,
2026-09-12T17:20,191.3,0.0,1018.5,339.3,600.0,25.6,40.4,1.8,3.3
2026-09-12T17:25,,0.0,,,,,,,
2026-09-12T17:30,196.5,0.0,1018.5,309.5,600.0,25.5,42.1,1.4,2.9
2026-09-12T17:35,,0.0,,,,,,,
2026-09-12T17:40,189.5,0.0,1018.5,279.9,600.0,25.4,42.8,1.3,2.9
2026-09-12T17:45,,0.0,,,,,,,
2026-09-12T17:50,165.8,0.0,1018.5,250.5,600.0,25.3,42.9,1.0,2.0
2026-09-12T17:55,,0.0,,,,,,,
2026-09-12T18:00,167.8,0.0,1018.5,220.0,600.0,25.2,44.2,0.8,1.8
2026-09-12T18:05,,0.0,,,,,,,
2026-09-12T18:10,123.6,0.0,1018.6,189.8,600.0,25.1,42.0,1.0,2.3
2026-09-12T18:15,,0.0,,,,,,,
2026-09-12T18:20,123.3,0.0,1018.7,156.9,600.0,24.9,43.9,1.0,2.8
2026-09-12T18:25,,0.0,,,,,,,
2026-09-12T18:30,293.3,0.0,1018.9,34.2,50.0,23.4,54.7,0.7,1.4
2026-09-12T18:35,,0.0,,,,,,,
2026-09-12T18:40,352.8,0.0,1019.1,25.5,0.0,21.7,68.5,0.6,1.1
2026-09-12T18:45,,0.0,,,,,,,
2026-09-12T18:50,318.7,0.0,1019.3,21.3,0.0,20.7,73.7,0.4,1.2
2026-09-12T18:55,,0.0,,,,,,,
2026-09-12T19:00,340.3,0.0,1019.5,16.6,0.0,20.2,72.6,1.4,1.8
2026-09-12T19:05,,0.0,,,,,,,
2026-09-12T19:10,328.9,0.0,1019.6,11.6,0.0,19.7,70.0,1.1,1.4
2026-09-12T19:15,,0.0,,,,,,,
2026-09-12T19:20,330.5,0.0,1019.8,7.1,0.0,18.9,77.5,1.5,2.3
2026-09-12T19:25,,0.0,,,,,,,
2026-09-12T19:30,314.2,0.0,1020.0,2.4,0.0,18.4,79.8,1.7,2.3
2026-09-12T19:35,,0.0,,,,,,,
2026-09-12T19:40,319.5,0.0,1020.2,0.0,0.0,18.5,75.8,2.0,2.4
2026-09-12T19:45,,0.0,,,,,,,
2026-09-12T19:50,318.1,0.0,1020.4,0.0,0.0,18.2,74.8,1.4,2.7
2026-09-12T19:55,,0.0,,,,,,,
2026-09-12T20:00,326.3,0.0,1020.6,0.0,0.0,18.1,73.6,0.5,1.8
2026-09-12T20:05,,0.0,,,,,,,
2026-09-12T20:10,298.7,0.0,1020.9,0.0,0.0,17.1,83.9,0.4,1.0
2026-09-12T20:15,,0.0,,,,,,,
2026-09-12T20:20,67.1,0.0,1021.2,0.0,0.0,16.6,89.2,0.4,1.1
2026-09-12T20:25,,0.0,,,,,,,
2026-09-12T20:30,80.5,0.0,1021.4,0.0,0.0,16.2,92.7,0.2,1.0
2026-09-12T20:35,,0.0,,,,,,,
2026-09-12T20:40,49.7,0.0,1021.5,0.0,0.0,15.8,97.9,0.7,1.2
2026-09-12T20:45,,0.0,,,,,,,
2026-09-12T20:50,56.0,0.0,1021.7,0.0,0.0,15.6,100.0,0.5,1.2
2026-09-12T20:55,,0.0,,,,,,,
2026-09-12T21:00,278.5,0.0,1022.0,0.0,0.0,15.2,100.2,0.7,1.0
2026-09-12T21:05,,0.0,,,,,,,
2026-09-12T21:10,269.0,0.0,1022.2,0.0,0.0,15.2,99.1,1.5,2.3
2026-09-12T21:15,,0.0,,,,,,,
2026-09-12T21:20,340.8,0.0,1022.3,0.0,0.0,15.7,93.6,0.2,1.2
2026-09-12T21:25,,0.0,,,,,,,
2026-09-12T21:30,358.7,0.0,1022.4,0.0,0.0,15.2,96.3,1.2,2.0
2026-09-12T21:35,,0.0,,,,,,,
2026-09-12T21:40,354.9,0.0,1022.5,0.0,0.0,15.2,96.1,0.9,1.4
2026-09-12T21:45,,0.0,,,,,,,
2026-09-12T21:50,323.8,0.0,1022.8,0.0,0.0,15.1,96.3,0.8,1.3
2026-09-12T21:55,,0.0,,,,,,,
2026-09-12T22:00,284.4,0.0,1022.9,0.0,0.0,14.8,97.1,0.4,1.1
2026-09-12T22:05,,0.0,,,,,,,
2026-09-12T22:10,332.4,0.0,1023.0,0.0,0.0,14.6,99.2,0.5,1.3
2026-09-12T22:15,,0.0,,,,,,,
2026-09-12T22:20,320.2,0.0,1023.0,0.0,0.0,14.1,100.2,1.0,1.5
2026-09-12T22:25,,0.0,,,,,,,
2026-09-12T22:30,298.2,0.0,1023.1,0.0,0.0,14.1,100.2,1.0,1.9
2026-09-12T22:35,,0.0,,,,,,,
2026-09-12T22:40,306.6,0.0,1023.1,0.0,0.0,14.0,100.2,1.7,2.0
2026-09-12T22:45,,0.0,,,,,,,
2026-09-12T22:50,259.4,0.0,1023.3,0.0,0.0,14.3,97.1,0.6,1.4
2026-09-12T22:55,,0.0,,,,,,,
2026-09-12T23:00,324.4,0.0,1023.4,0.0,0.0,13.9,99.7,0.3,1.3
2026-09-12T23:05,,0.0,,,,,,,
2026-09-12T23:10,11.3,0.0,1023.5,0.0,0.0,13.7,100.2,0.4,1.0
2026-09-12T23:15,,0.0,,,,,,,
2026-09-12T23:20,8.0,0.0,1023.5,0.0,0.0,13.5,100.2,0.9,1.4
2026-09-12T23:25,,0.0,,,,,,,
2026-09-12T23:30,275.4,0.0,1023.6,0.0,0.0,13.2,100.1,0.5,1.3
2026-09-12T23:35,,0.0,,,,,,,
2026-09-12T23:40,152.0,0.0,1023.7,0.0,0.0,13.4,100.1,0.1,0.8
2026-09-12T23:45,,0.0,,,,,,,
2026-09-12T23:50,52.5,0.0,1023.7,0.0,0.0,13.2,100.2,0.4,0.9
2026-09-12T23:55,,0.0,,,,,,,
2026-09-13T00:00,128.5,0.0,1023.6,0.0,0.0,13.1,100.1,0.4,0.8
2026-09-13T00:05,,0.0,,,,,,,
2026-09-13T00:10,167.0,0.0,1023.7,0.0,0.0,13.0,100.1,0.2,0.7
2026-09-13T00:15,,0.0,,,,,,,
2026-09-13T00:20,124.9,0.0,1023.9,0.0,0.0,12.8,100.1,0.4,0.9
2026-09-13T00:25,,0.0,,,,,,,
2026-09-13T00:30,98.7,0.0,1024.0,0.0,0.0,12.7,100.1,0.4,0.8
2026-09-13T00:35,,0.0,,,,,,,
2026-09-13T00:40,43.1,0.0,1024.2,0.0,0.0,12.5,100.1,0.2,0.4
2026-09-13T00:45,,0.0,,,,,,,
2026-09-13T00:50,11.6,0.0,1024.2,0.0,0.0,12.4,100.1,0.3,0.5
2026-09-13T00:55,,0.0,,,,,,,
2026-09-13T01:00,314.2,0.0,1024.3,0.0,0.0,12.3,100.0,0.5,0.7
2026-09-13T01:05,,0.0,,,,,,,
2026-09-13T01:10,353.6,0.0,1024.4,0.0,0.0,12.3,100.0,0.3,0.6
2026-09-13T01:15,,0.0,,,,,,,
2026-09-13T01:20,323.1,0.0,1024.5,0.0,0.0,12.2,100.0,0.4,0.8
2026-09-13T01:25,,0.0,,,,,,,
2026-09-13T01:30,16.4,0.0,1024.6,0.0,0.0,12.2,100.0,0.4,1.1
2026-09-13T01:35,,0.0,,,,,,,
2026-09-13T01:40,318.0,0.0,1024.8,0.0,0.0,11.8,100.0,1.2,1.4
2026-09-13T01:45,,0.0,,,,,,,
2026-09-13T01:50,327.7,0.0,1024.8,0.0,0.0,11.9,100.0,0.9,1.4
2026-09-13T01:55,,0.0,,,,,,,
2026-09-13T02:00,333.4,0.0,1024.8,0.0,0.0,11.9,100.0,0.8,1.1
2026-09-13T02:05,,0.0,,,,,,,
2026-09-13T02:10,292.3,0.0,1024.8,0.0,0.0,11.6,100.0,1.0,1.5
2026-09-13T02:15,,0.0,,,,,,,
2026-09-13T02:20,327.6,0.0,1024.8,0.0,0.0,11.7,100.0,1.7,2.0
2026-09-13T02:25,,0.0,,,,,,,
2026-09-13T02:30,302.4,0.0,1024.9,0.0,0.0,11.7,100.0,0.8,1.4
2026-09-13T02:35,,0.0,,,,,,,
2026-09-13T02:40,352.7,0.0,1025.1,0.0,0.0,11.7,100.0,0.7,1.1
2026-09-13T02:45,,0.0,,,,,,,
2026-09-13T02:50,350.4,0.0,1025.2,0.0,0.0,11.6,100.0,1.0,1.3
2026-09-13T02:55,,0.0,,,,,,,
2026-09-13T03:00,306.8,0.0,1025.1,0.0,0.0,11.5,100.0,0.6,1.1
2026-09-13T03:05,,0.0,,,,,,,
2026-09-13T03:10,345.2,0.0,1025.2,0.0,0.0,11.4,100.0,1.0,1.7
2026-09-13T03:15,,0.0,,,,,,,
2026-09-13T03:20,326.4,0.0,1025.3,0.0,0.0,11.1,100.0,1.2,1.5
2026-09-13T03:25,,0.0,,,,,,,
2026-09-13T03:30,332.0,0.0,1025.2,0.0,0.0,11.2,100.0,1.3,1.7
2026-09-13T03:35,,0.0,,,,,,,
2026-09-13T03:40,337.4,0.0,1025.3,0.0,0.0,11.2,100.0,1.5,1.7
2026-09-13T03:45,,0.0,,,,,,,
2026-09-13T03:50,325.5,0.0,1025.3,0.0,0.0,11.3,99.9,0.9,1.5
2026-09-13T03:55,,0.0,,,,,,,
2026-09-13T04:00,341.3,0.0,1025.3,0.0,0.0,11.2,100.0,0.8,1.3
2026-09-13T04:05,,0.0,,,,,,,
2026-09-13T04:10,4.0,0.0,1025.3,0.0,0.0,11.0,100.0,1.2,1.4
2026-09-13T04:15,,0.0,,,,,,,
2026-09-13T04:20,23.4,0.0,1025.5,0.0,0.0,10.8,100.0,0.6,1.0
2026-09-13T04:25,,0.0,,,,,,,
2026-09-13T04:30,109.1,0.0,1025.5,0.0,0.0,10.8,99.9,0.1,1.1
2026-09-13T04:35,,0.0,,,,,,,
2026-09-13T04:40,351.5,0.0,1025.4,0.0,0.0,10.7,99.9,0.4,1.0
2026-09-13T04:45,,0.0,,,,,,,
2026-09-13T04:50,274.9,0.0,1025.4,0.0,0.0,10.7,99.9,0.7,1.0
2026-09-13T04:55,,0.0,,,,,,,
2026-09-13T05:00,9.2,0.0,1025.3,0.0,0.0,11.1,99.9,0.3,0.8
2026-09-13T05:05,,0.0,,,,,,,
2026-09-13T05:10,40.7,0.0,1025.2,0.0,0.0,11.1,99.9,0.5,0.9
2026-09-13T05:15,,0.0,,,,,,,
2026-09-13T05:20,187.3,0.0,1025.3,0.0,0.0,11.0,99.9,0.2,1.5
2026-09-13T05:25,,0.0,,,,,,,
2026-09-13T05:30,67.9,0.0,1025.4,0.0,0.0,10.8,99.9,0.6,0.9
2026-09-13T05:35,,0.0,,,,,,,
2026-09-13T05:40,126.7,0.0,1025.4,0.0,0.0,10.8,99.9,0.5,1.2
2026-09-13T05:45,,0.0,,,,,,,
2026-09-13T05:50,131.1,0.0,1025.4,0.0,0.0,10.8,99.9,0.2,0.6
2026-09-13T05:55,,0.0,,,,,,,
2026-09-13T06:00,344.7,0.0,1025.4,0.0,0.0,10.6,99.9,0.3,1.0
2026-09-13T06:05,,0.0,,,,,,,
2026-09-13T06:10,259.1,0.0,1025.5,0.0,0.0,10.5,99.9,0.5,0.7
2026-09-13T06:15,,0.0,,,,,,,
2026-09-13T06:20,72.6,0.0,1025.5,0.0,0.0,10.7,99.9,0.7,1.3
2026-09-13T06:25,,0.0,,,,,,,
2026-09-13T06:30,125.0,0.0,1025.5,0.0,0.0,10.7,99.9,0.3,0.8
2026-09-13T06:35,,0.0,,,,,,,
2026-09-13T06:40,4.1,0.0,1025.6,0.0,0.0,10.8,99.9,0.8,1.3
2026-09-13T06:45,,0.0,,,,,,,
2026-09-13T06:50,37.7,0.0,1025.6,0.0,0.0,11.1,99.9,0.7,1.3
2026-09-13T06:55,,0.0,,,,,,,
2026-09-13T07:00,24.7,0.0,1025.6,0.6,0.0,11.1,99.9,0.1,0.5
2026-09-13T07:05,,0.0,,,,,,,
2026-09-13T07:10,242.6,0.0,1025.7,5.4,0.0,11.0,99.9,0.9,1.4
2026-09-13T07:15,,0.0,,,,,,,
2026-09-13T07:20,289.8,0.0,1025.8,12.1,0.0,11.0,99.9,0.7,1.0
2026-09-13T07:25,,0.0,,,,,,,
2026-09-13T07:30,333.1,0.0,1025.8,20.5,0.0,11.1,99.9,0.5,1.2
2026-09-13T07:35,,0.0,,,,,,,
2026-09-13T07:40,309.3,0.0,1026.0,27.8,0.0,11.2,99.9,0.9,1.3
2026-09-13T07:45,,0.0,,,,,,,
2026-09-13T07:50,294.6,0.0,1025.9,34.8,0.0,11.2,99.9,1.0,1.3
2026-09-13T07:55,,0.0,,,,,,,
2026-09-13T08:00,322.6,0.0,1025.9,49.6,0.0,11.3,99.9,0.5,1.2
2026-09-13T08:05,,0.0,,,,,,,
2026-09-13T08:10,332.2,0.0,1025.8,69.6,0.0,11.5,99.9,0.7,1.4
2026-09-13T08:15,,0.0,,,,,,,
2026-09-13T08:20,7.1,0.0,1025.8,83.0,0.0,11.9,99.9,0.7,1.2
2026-09-13T08:25,,0.0,,,,,,,
2026-09-13T08:30,140.4,0.0,1025.7,103.8,0.0,12.3,99.9,0.1,0.8
2026-09-13T08:35,,0.0,,,,,,,
2026-09-13T08:40,311.1,0.0,1025.7,255.4,592.0,12.9,99.9,0.4,1.0
2026-09-13T08:45,,0.0,,,,,,,
2026-09-13T08:50,44.5,0.0,1025.4,294.5,600.0,14.0,99.8,0.2,1.2
2026-09-13T08:55,,0.0,,,,,,,
2026-09-13T09:00,48.0,0.0,1025.3,270.7,600.0,14.6,92.0,0.7,1.5
2026-09-13T09:05,,0.0,,,,,,,
2026-09-13T09:10,159.8,0.0,1025.2,304.3,600.0,15.1,82.4,0.2,0.9
2026-09-13T09:15,,0.0,,,,,,,
2026-09-13T09:20,69.1,0.0,1025.2,246.6,600.0,15.5,77.4,0.3,1.2
2026-09-13T09:25,,0.0,,,,,,,
2026-09-13T09:30,114.4,0.0,1025.2,306.4,565.0,15.8,79.8,0.4,1.1
2026-09-13T09:35,,0.0,,,,,,,
2026-09-13T09:40,35.0,0.0,1025.1,419.0,600.0,16.6,75.8,0.3,1.2
2026-09-13T09:45,,0.0,,,,,,,
2026-09-13T09:50,29.6,0.0,1025.0,397.2,600.0,17.3,71.3,0.8,1.4
2026-09-13T09:55,,0.0,,,,,,,
2026-09-13T10:00,35.9,0.0,1024.9,470.4,598.0,17.6,66.3,0.2,1.2
2026-09-13T10:05,,0.0,,,,,,,
2026-09-13T10:10,220.1,0.0,1024.8,520.3,600.0,18.0,65.7,0.6,1.0
2026-09-13T10:15,,0.0,,,,,,,
2026-09-13T10:20,261.3,0.0,1024.7,538.8,600.0,18.9,63.6,0.5,1.3
2026-09-13T10:25,,0.0,,,,,,,
2026-09-13T10:30,253.7,0.0,1024.6,565.1,600.0,19.4,60.4,1.0,1.9
2026-09-13T10:35,,0.0,,,,,,,
2026-09-13T10:40,225.0,0.0,1024.4,590.3,600.0,19.9,58.5,0.6,1.9
2026-09-13T10:45,,0.0,,,,,,,
2026-09-13T10:50,267.5,0.0,1024.2,597.2,600.0,20.4,57.5,0.6,1.7
2026-09-13T10:55,,0.0,,,,,,,
2026-09-13T11:00,228.9,0.0,1024.0,626.6,600.0,20.4,57.0,1.3,2.1
2026-09-13T11:05,,0.0,,,,,,,
2026-09-13T11:10,194.5,0.0,1023.9,641.3,600.0,20.8,55.4,0.9,1.5
2026-09-13T11:15,,0.0,,,,,,,
2026-09-13T11:20,185.9,0.0,1023.8,663.1,600.0,20.8,54.0,0.8,2.1
2026-09-13T11:25,,0.0,,,,,,,
2026-09-13T11:30,120.9,0.0,1023.6,678.4,599.0,21.3,50.9,1.1,2.4
2026-09-13T11:35,,0.0,,,,,,,
2026-09-13T11:40,121.6,0.0,1023.4,692.7,600.0,21.6,50.6,0.6,2.2
2026-09-13T11:45,,0.0,,,,,,,
2026-09-13T11:50,152.6,0.0,1023.1,706.9,600.0,22.0,49.9,0.8,2.2
2026-09-13T11:55,,0.0,,,,,,,
2026-09-13T12:00,160.6,0.0,1022.8,721.3,600.0,22.4,47.1,1.1,2.0
2026-09-13T12:05,,0.0,,,,,,,
2026-09-13T12:10,157.7,0.0,1022.7,743.8,599.0,22.8,45.2,0.7,1.9
2026-09-13T12:15,,0.0,,,,,,,
2026-09-13T12:20,86.9,0.0,1022.6,739.8,600.0,23.1,40.9,0.6,1.5
2026-09-13T12:25,,0.0,,,,,,,
2026-09-13T12:30,147.3,0.0,1022.3,694.5,600.0,23.3,42.6,0.4,1.7
2026-09-13T12:35,,0.0,,,,,,,
2026-09-13T12:40,132.6,0.0,1022.1,757.7,600.0,23.7,43.9,0.9,2.2
2026-09-13T12:45,,0.0,,,,,,,
2026-09-13T12:50,117.4,0.0,1022.1,731.7,599.0,23.8,44.2,0.8,2.6
2026-09-13T12:55,,0.0,,,,,,,
2026-09-13T13:00,109.4,0.0,1021.8,664.9,600.0,24.1,44.8,1.0,2.3
2026-09-13T13:05,,0.0,,,,,,,
2026-09-13T13:10,145.0,0.0,1021.6,618.8,599.0,24.1,45.0,1.4,3.2
2026-09-13T13:15,,0.0,,,,,,,
2026-09-13T13:20,180.5,0.0,1021.5,728.8,600.0,24.3,45.9,1.3,2.5
2026-09-13T13:25,,0.0,,,,,,,
2026-09-13T13:30,156.7,0.0,1021.3,727.7,600.0,24.7,44.5,1.3,3.2
2026-09-13T13:35,,0.0,,,,,,,
2026-09-13T13:40,162.9,0.0,1021.2,730.4,600.0,24.9,44.0,1.3,2.9
2026-09-13T13:45,,0.0,,,,,,,
2026-09-13T13:50,146.5,0.0,1021.0,718.5,599.0,25.2,43.9,1.4,3.5
2026-09-13T13:55,,0.0,,,,,,,
2026-09-13T14:00,162.8,0.0,1020.8,666.5,600.0,25.2,45.8,1.6,3.2
2026-09-13T14:05,,0.0,,,,,,,
2026-09-13T14:10,167.3,0.0,1020.7,643.5,600.0,25.4,47.2,1.2,2.8
2026-09-13T14:15,,0.0,,,,,,,
2026-09-13T14:20,160.0,0.0,1020.6,725.3,335.0,25.7,47.4,1.4,4.3
2026-09-13T14:25,,0.0,,,,,,,
2026-09-13T14:30,139.3,0.0,1020.4,707.1,600.0,25.8,42.7,1.5,3.6
2026-09-13T14:35,,0.0,,,,,,,
2026-09-13T14:40,173.3,0.0,1020.2,713.3,600.0,26.1,44.9,1.6,2.9
2026-09-13T14:45,,0.0,,,,,,,
2026-09-13T14:50,173.6,0.0,1020.1,484.7,600.0,26.2,45.4,1.9,3.8
2026-09-13T14:55,,0.0,,,,,,,
2026-09-13T15:00,162.5,0.0,1020.0,336.6,599.0,26.3,43.6,1.5,3.6
2026-09-13T15:05,,0.0,,,,,,,
2026-09-13T15:10,162.7,0.0,1019.7,624.6,600.0,26.2,43.2,1.8,4.0
2026-09-13T15:15,,0.0,,,,,,,
2026-09-13T15:20,183.4,0.0,1019.5,597.7,599.0,26.4,43.9,1.8,3.4
2026-09-13T15:25,,0.0,,,,,,,
2026-09-13T15:30,197.4,0.0,1019.4,592.0,600.0,26.1,46.5,3.0,5.3
2026-09-13T15:35,,0.0,,,,,,,
2026-09-13T15:40,190.4,0.0,1019.2,572.5,600.0,26.2,46.0,2.4,4.5
2026-09-13T15:45,,0.0,,,,,,,
2026-09-13T15:50,201.0,0.0,1019.0,529.3,600.0,26.1,46.0,2.6,4.4
2026-09-13T15:55,,0.0,,,,,,,
2026-09-13T16:00,196.9,0.0,1019.0,515.3,600.0,26.1,45.6,2.4,4.9
2026-09-13T16:05,,0.0,,,,,,,
2026-09-13T16:10,203.9,0.0,1018.8,510.1,600.0,26.1,45.8,2.9,4.0
2026-09-13T16:15,,0.0,,,,,,,
2026-09-13T16:20,194.4,0.0,1018.8,507.3,600.0,26.2,45.4,2.7,4.0
2026-09-13T16:25,,0.0,,,,,,,
2026-09-13T16:30,192.3,0.0,1018.7,465.8,599.0,26.3,45.2,2.4,3.9
2026-09-13T16:35,,0.0,,,,,,,
2026-09-13T16:40,189.8,0.0,1018.5,414.6,600.0,26.3,45.1,1.9,3.5
2026-09-13T16:45,,0.0,,,,,,,
2026-09-13T16:50,205.5,0.0,1018.4,299.6,600.0,26.1,47.8,1.7,2.9
2026-09-13T16:55,,0.0,,,,,,,
2026-09-13T17:00,193.2,0.0,1018.4,173.9,599.0,25.6,49.3,1.6,2.5
2026-09-13T17:05,,0.0,,,,,,,
2026-09-13T17:10,194.5,0.0,1018.5,215.4,600.0,25.3,51.8,1.1,1.9
2026-09-13T17:15,,0.0,,,,,,,
2026-09-13T17:20,201.2,0.0,1018.4,236.4,599.0,25.5,50.5,0.9,1.6
2026-09-13T17:25,,0.0,,,,,,,
2026-09-13T17:30,176.9,0.0,1018.4,158.1,288.0,25.6,50.2,0.9,2.3
2026-09-13T17:35,,0.0,,,,,,,
2026-09-13T17:40,157.8,0.0,1018.4,149.0,216.0,25.3,54.4,1.2,1.8
2026-09-13T17:45,,0.0,,,,,,,
2026-09-13T17:50,149.7,0.0,1018.5,128.1,0.0,24.8,60.5,0.6,1.7
2026-09-13T17:55,,0.0,,,,,,,
2026-09-13T18:00,347.6,0.0,1018.5,114.4,0.0,24.5,65.3,1.2,1.8
2026-09-13T18:05,,0.0,,,,,,,
2026-09-13T18:10,354.0,0.0,1018.7,93.8,0.0,24.1,63.5,1.1,1.5
2026-09-13T18:15,,0.0,,,,,,,
2026-09-13T18:20,326.1,0.0,1018.8,79.2,0.0,23.8,66.2,1.0,1.6
2026-09-13T18:25,,0.0,,,,,,,
2026-09-13T18:30,318.1,0.0,1019.0,65.1,0.0,23.4,69.3,0.3,1.2
2026-09-13T18:35,,0.0,,,,,,,
2026-09-13T18:40,290.4,0.0,1019.1,51.6,0.0,23.0,73.7,0.7,1.2
2026-09-13T18:45,,0.0,,,,,,,
2026-09-13T18:50,167.1,0.0,1019.1,38.4,0.0,22.4,79.8,0.5,1.8
2026-09-13T18:55,,0.0,,,,,,,
2026-09-13T19:00,29.2,0.0,1019.1,24.4,0.0,21.8,85.5,0.6,1.1
2026-09-13T19:05,,0.0,,,,,,,
2026-09-13T19:10,96.8,0.0,1019.2,14.3,0.0,21.3,85.0,0.3,1.8
2026-09-13T19:15,,0.0,,,,,,,
2026-09-13T19:20,113.5,0.0,1019.3,6.3,0.0,20.9,88.3,0.7,1.6
2026-09-13T19:25,,0.0,,,,,,,
2026-09-13T19:30,63.5,0.0,1019.4,0.4,0.0,20.4,92.6,0.9,1.7
2026-09-13T19:35,,0.0,,,,,,,
2026-09-13T19:40,60.9,0.0,1019.5,0.0,0.0,19.9,90.9,0.8,1.4
2026-09-13T19:45,,0.0,,,,,,,
2026-09-13T19:50,49.1,0.0,1019.5,0.0,0.0,19.5,97.0,0.8,1.3
2026-09-13T19:55,,0.0,,,,,,,
2026-09-13T20:00,31.4,0.0,1019.8,0.0,0.0,19.2,96.9,0.4,1.1
2026-09-13T20:05,,0.0,,,,,,,
2026-09-13T20:10,67.3,0.0,1020.1,0.0,0.0,18.9,97.0,0.0,1.7
2026-09-13T20:15,,0.0,,,,,,,
2026-09-13T20:20,359.5,0.0,1020.1,0.0,0.0,18.8,100.2,0.5,0.7
2026-09-13T20:25,,0.0,,,,,,,
2026-09-13T20:30,351.2,0.0,1020.4,0.0,0.0,18.5,100.2,0.6,1.2
2026-09-13T20:35,,0.0,,,,,,,
2026-09-13T20:40,301.2,0.0,1020.6,0.0,0.0,18.3,100.1,0.7,1.0
2026-09-13T20:45,,0.0,,,,,,,
2026-09-13T20:50,326.3,0.0,1020.7,0.0,0.0,18.4,98.9,0.6,1.3
2026-09-13T20:55,,0.0,,,,,,,
2026-09-13T21:00,300.8,0.0,1020.8,0.0,0.0,18.0,100.2,1.0,1.4
2026-09-13T21:05,,0.0,,,,,,,
2026-09-13T21:10,316.7,0.0,1020.9,0.0,0.0,18.2,94.9,0.8,1.6
2026-09-13T21:15,,0.0,,,,,,,
2026-09-13T21:20,222.0,0.0,1020.8,0.0,0.0,18.4,93.5,0.2,1.5
2026-09-13T21:25,,0.0,,,,,,,
2026-09-13T21:30,290.4,0.0,1020.9,0.0,0.0,17.9,96.7,0.9,1.8
2026-09-13T21:35,,0.0,,,,,,,
2026-09-13T21:40,7.2,0.0,1020.9,0.0,0.0,18.2,89.2,0.9,2.0
2026-09-13T21:45,,0.0,,,,,,,
2026-09-13T21:50,312.6,0.0,1021.0,0.0,0.0,17.9,92.6,0.1,1.0
2026-09-13T21:55,,0.0,,,,,,,
2026-09-13T22:00,21.3,0.0,1021.0,0.0,0.0,17.7,97.3,0.5,1.0
2026-09-13T22:05,,0.0,,,,,,,
2026-09-13T22:10,29.8,0.0,1021.1,0.0,0.0,17.6,99.7,0.8,1.2
2026-09-13T22:15,,0.0,,,,,,,
2026-09-13T22:20,264.6,0.0,1021.1,0.0,0.0,17.5,99.8,0.5,0.9
2026-09-13T22:25,,0.0,,,,,,,
2026-09-13T22:30,246.7,0.0,1021.2,0.0,0.0,17.7,96.2,0.6,1.1
2026-09-13T22:35,,0.0,,,,,,,
2026-09-13T22:40,28.3,0.0,1021.3,0.0,0.0,17.9,96.2,0.9,1.4
2026-09-13T22:45,,0.0,,,,,,,
2026-09-13T22:50,332.3,0.0,1021.4,0.0,0.0,17.7,98.3,0.6,1.2
2026-09-13T22:55,,0.0,,,,,,,
2026-09-13T23:00,296.9,0.0,1021.5,0.0,0.0,17.5,99.6,0.7,0.9
2026-09-13T23:05,,0.0,,,,,,,
2026-09-13T23:10,23.3,0.0,1021.4,0.0,0.0,17.7,99.0,0.3,0.7
2026-09-13T23:15,,0.0,,,,,,,
2026-09-13T23:20,107.1,0.0,1021.4,0.0,0.0,17.7,98.9,0.4,1.7
2026-09-13T23:25,,0.0,,,,,,,
2026-09-13T23:30,224.8,0.0,1021.5,0.0,0.0,17.5,100.2,0.1,1.7
2026-09-13T23:35,,0.0,,,,,,,
2026-09-13T23:40,118.5,0.0,1021.5,0.0,0.0,17.4,100.2,0.5,1.9
2026-09-13T23:45,,0.0,,,,,,,
2026-09-13T23:50,19.8,0.0,1021.5,0.0,0.0,17.3,100.1,0.4,1.2
2026-09-13T23:55,,0.0,,,,,,,
2026-09-14T00:00,276.9,0.0,1021.5,0.0,0.0,17.1,100.1,0.8,1.4
2026-09-14T00:05,,0.0,,,,,,,
2026-09-14T00:10,262.8,0.0,1021.6,0.0,0.0,17.3,99.9,0.3,1.6
2026-09-14T00:15,,0.0,,,,,,,
2026-09-14T00:20,359.1,0.0,1021.6,0.0,0.0,17.3,100.1,1.0,1.5
2026-09-14T00:25,,0.0,,,,,,,
2026-09-14T00:30,325.4,0.0,1021.5,0.0,0.0,17.1,100.2,0.4,1.4
2026-09-14T00:35,,0.0,,,,,,,
2026-09-14T00:40,184.7,0.0,1021.5,0.0,0.0,17.2,100.2,0.3,0.8
2026-09-14T00:45,,0.0,,,,,,,
2026-09-14T00:50,100.1,0.0,1021.6,0.0,0.0,17.1,100.2,0.6,1.0
2026-09-14T00:55,,0.0,,,,,,,
2026-09-14T01:00,212.5,0.0,1021.5,0.0,0.0,16.9,100.2,0.4,1.6
2026-09-14T01:05,,0.0,,,,,,,
2026-09-14T01:10,243.9,0.0,1021.4,0.0,0.0,16.8,100.2,0.6,1.1
2026-09-14T01:15,,0.0,,,,,,,
2026-09-14T01:20,92.9,0.0,1021.4,0.0,0.0,16.7,100.1,0.5,1.9
2026-09-14T01:25,,0.0,,,,,,,
2026-09-14T01:30,165.1,0.0,1021.3,0.0,0.0,16.6,100.2,0.2,1.6
2026-09-14T01:35,,0.0,,,,,,,
2026-09-14T01:40,157.6,0.0,1021.4,0.0,0.0,16.4,100.1,0.3,1.5
2026-09-14T01:45,,0.0,,,,,,,
2026-09-14T01:50,39.7,0.0,1021.5,0.0,0.0,16.1,100.1,0.2,1.0
2026-09-14T01:55,,0.0,,,,,,,
2026-09-14T02:00,202.7,0.0,1021.3,0.0,0.0,15.9,100.1,0.3,1.5
2026-09-14T02:05,,0.0,,,,,,,
2026-09-14T02:10,76.0,0.0,1021.2,0.0,0.0,15.8,100.1,0.4,0.8
2026-09-14T02:15,,0.0,,,,,,,
2026-09-14T02:20,297.2,0.0,1021.2,0.0,0.0,15.6,100.0,0.6,0.8
2026-09-14T02:25,,0.0,,,,,,,
2026-09-14T02:30,20.8,0.0,1021.3,0.0,0.0,15.4,100.0,0.8,1.5
2026-09-14T02:35,,0.0,,,,,,,
2026-09-14T02:40,306.5,0.0,1021.4,0.0,0.0,15.2,100.0,1.4,1.7
2026-09-14T02:45,,0.0,,,,,,,
2026-09-14T02:50,325.3,0.0,1021.4,0.0,0.0,15.4,100.0,0.8,1.3
2026-09-14T02:55,,0.0,,,,,,,
2026-09-14T03:00,22.8,0.0,1021.5,0.0,0.0,15.6,100.0,0.2,0.9
2026-09-14T03:05,,0.0,,,,,,,
2026-09-14T03:10,12.5,0.0,1021.5,0.0,0.0,15.6,100.0,1.0,1.3
2026-09-14T03:15,,0.0,,,,,,,
2026-09-14T03:20,309.3,0.0,1021.7,0.0,0.0,15.6,100.0,0.9,1.3
2026-09-14T03:25,,0.0,,,,,,,
2026-09-14T03:30,273.6,0.0,1021.7,0.0,0.0,15.7,100.0,1.5,2.0
2026-09-14T03:35,,0.0,,,,,,,
2026-09-14T03:40,0.2,0.0,1021.6,0.0,0.0,15.8,100.0,0.6,1.6
2026-09-14T03:45,,0.0,,,,,,,
2026-09-14T03:50,11.6,0.0,1021.6,0.0,0.0,16.0,100.0,1.0,1.4
2026-09-14T03:55,,0.0,,,,,,,
2026-09-14T04:00,247.0,0.0,1021.5,0.0,0.0,16.0,100.0,0.9,2.4
2026-09-14T04:05,,0.0,,,,,,,
2026-09-14T04:10,338.7,0.0,1021.5,0.0,0.0,16.0,100.0,0.4,0.9
2026-09-14T04:15,,0.0,,,,,,,
2026-09-14T04:20,13.6,0.0,1021.5,0.0,0.0,15.9,100.0,1.3,1.6
2026-09-14T04:25,,0.0,,,,,,,
2026-09-14T04:30,258.7,0.0,1021.5,0.0,0.0,15.7,100.0,0.9,2.3
2026-09-14T04:35,,0.0,,,,,,,
2026-09-14T04:40,78.3,0.0,1021.5,0.0,0.0,15.7,100.0,0.2,1.0
2026-09-14T04:45,,0.0,,,,,,,
2026-09-14T04:50,25.0,0.0,1021.5,0.0,0.0,15.6,100.0,0.7,1.5
2026-09-14T04:55,,0.0,,,,,,,
2026-09-14T05:00,190.3,0.0,1021.5,0.0,0.0,15.6,100.0,0.9,1.6
2026-09-14T05:05,,0.0,,,,,,,
2026-09-14T05:10,230.4,0.0,1021.5,0.0,0.0,15.5,100.0,0.6,1.5
2026-09-14T05:15,,0.0,,,,,,,
2026-09-14T05:20,75.0,0.0,1021.5,0.0,0.0,15.6,100.0,0.9,1.6
2026-09-14T05:25,,0.0,,,,,,,
2026-09-14T05:30,73.4,0.0,1021.5,0.0,0.0,15.4,100.1,1.2,1.6
2026-09-14T05:35,,0.0,,,,,,,
2026-09-14T05:40,73.4,0.0,1021.6,0.0,0.0,15.2,100.1,0.9,2.0
2026-09-14T05:45,,0.0,,,,,,,
2026-09-14T05:50,241.1,0.0,1021.6,0.0,0.0,14.9,100.0,0.4,1.1
2026-09-14T05:55,,0.0,,,,,,,
2026-09-14T06:00,256.7,0.0,1021.6,0.0,0.0,14.7,100.0,0.9,1.5
2026-09-14T06:05,,0.0,,,,,,,
2026-09-14T06:10,264.6,0.0,1021.6,0.0,0.0,14.9,100.0,0.4,1.0
2026-09-14T06:15,,0.0,,,,,,,
2026-09-14T06:20,340.7,0.0,1021.7,0.0,0.0,14.6,100.0,1.3,2.0
2026-09-14T06:25,,0.0,,,,,,,
2026-09-14T06:30,338.1,0.0,1021.8,0.0,0.0,14.7,100.0,1.6,2.2
2026-09-14T06:35,,0.0,,,,,,,
2026-09-14T06:40,7.6,0.0,1021.8,0.0,0.0,14.7,100.0,1.4,1.8
2026-09-14T06:45,,0.0,,,,,,,
2026-09-14T06:50,328.5,0.0,1021.8,0.0,0.0,14.8,100.0,1.0,1.6
2026-09-14T06:55,,0.0,,,,,,,
2026-09-14T07:00,123.7,0.0,1021.9,1.1,0.0,15.0,100.0,0.6,1.4
2026-09-14T07:05,,0.0,,,,,,,
2026-09-14T07:10,229.6,0.0,1021.9,9.3,0.0,14.8,100.0,1.1,1.6
2026-09-14T07:15,,0.0,,,,,,,
2026-09-14T07:20,232.2,0.0,1022.1,18.7,0.0,14.7,100.0,0.4,1.4
2026-09-14T07:25,,0.0,,,,,,,
2026-09-14T07:30,353.7,0.0,1022.2,30.3,0.0,14.7,100.0,0.3,1.1
2026-09-14T07:35,,0.0,,,,,,,
2026-09-14T07:40,134.3,0.0,1022.3,43.4,0.0,14.8,100.0,0.4,1.2
2026-09-14T07:45,,0.0,,,,,,,
2026-09-14T07:50,61.7,0.0,1022.4,43.6,0.0,15.0,100.0,0.8,1.5
2026-09-14T07:55,,0.0,,,,,,,
2026-09-14T08:00,264.6,0.0,1022.4,37.2,0.0,15.1,100.0,0.6,1.2
2026-09-14T08:05,,0.0,,,,,,,
2026-09-14T08:10,13.2,0.0,1022.5,31.8,0.0,15.1,100.0,0.7,2.5
2026-09-14T08:15,,0.0,,,,,,,
2026-09-14T08:20,92.7,0.0,1022.5,34.8,0.0,15.2,100.0,0.4,1.3
2026-09-14T08:25,,0.0,,,,,,,
2026-09-14T08:30,76.3,0.0,1022.6,37.4,0.0,15.1,100.0,0.7,1.7
2026-09-14T08:35,,0.0,,,,,,,
2026-09-14T08:40,66.6,0.0,1022.4,232.4,580.0,15.5,100.0,0.6,1.4
2026-09-14T08:45,,0.0,,,,,,,
2026-09-14T08:50,132.7,0.0,1022.3,278.0,600.0,16.7,99.9,0.6,1.8
2026-09-14T08:55,,0.0,,,,,,,
2026-09-14T09:00,88.7,0.0,1022.4,306.7,600.0,17.8,95.1,0.3,1.4
2026-09-14T09:05,,0.0,,,,,,,
2026-09-14T09:10,8.3,0.0,1022.3,339.3,600.0,18.6,81.8,0.6,1.9
2026-09-14T09:15,,0.0,,,,,,,
2026-09-14T09:20,21.8,0.0,1022.1,364.4,600.0,19.1,78.0,0.7,1.4
2026-09-14T09:25,,0.0,,,,,,,
2026-09-14T09:30,50.1,0.0,1022.0,400.2,600.0,19.9,70.6,0.4,2.0
2026-09-14T09:35,,0.0,,,,,,,
2026-09-14T09:40,321.5,0.0,1022.0,428.3,600.0,20.6,70.8,0.3,2.0
2026-09-14T09:45,,0.0,,,,,,,
2026-09-14T09:50,308.4,0.0,1021.8,454.6,600.0,21.2,68.1,0.8,1.7
2026-09-14T09:55,,0.0,,,,,,,
2026-09-14T10:00,13.1,0.0,1021.7,481.8,600.0,21.6,64.7,1.1,2.2
2026-09-14T10:05,,0.0,,,,,,,
2026-09-14T10:10,357.3,0.0,1021.7,506.8,600.0,22.1,62.5,0.5,1.4
2026-09-14T10:15,,0.0,,,,,,,
2026-09-14T10:20,345.2,0.0,1021.6,532.9,600.0,22.6,61.2,0.2,1.7
2026-09-14T10:25,,0.0,,,,,,,
2026-09-14T10:30,162.8,0.0,1021.5,556.9,599.0,23.1,58.7,0.7,1.6
2026-09-14T10:35,,0.0,,,,,,,
2026-09-14T10:40,183.4,0.0,1021.4,579.9,600.0,23.5,58.2,0.9,1.7
2026-09-14T10:45,,0.0,,,,,,,
2026-09-14T10:50,257.2,0.0,1021.4,601.5,600.0,23.6,55.4,0.8,1.6
2026-09-14T10:55,,0.0,,,,,,,
2026-09-14T11:00,340.4,0.0,1021.4,622.4,600.0,23.9,53.0,0.2,1.6
2026-09-14T11:05,,0.0,,,,,,,
2026-09-14T11:10,248.3,0.0,1021.1,640.3,599.0,24.2,53.2,0.8,2.0
2026-09-14T11:15,,0.0,,,,,,,
2026-09-14T11:20,209.9,0.0,1021.0,659.0,600.0,24.5,52.1,0.9,1.6
2026-09-14T11:25,,0.0,,,,,,,
2026-09-14T11:30,153.2,0.0,1020.8,677.1,600.0,24.9,50.3,0.9,1.7
2026-09-14T11:35,,0.0,,,,,,,
2026-09-14T11:40,200.0,0.0,1020.7,691.9,600.0,25.1,50.3,1.3,2.1
2026-09-14T11:45,,0.0,,,,,,,
2026-09-14T11:50,196.9,0.0,1020.7,705.6,600.0,25.3,47.8,1.1,2.2
2026-09-14T11:55,,0.0,,,,,,,
2026-09-14T12:00,173.0,0.0,1020.6,720.0,600.0,25.8,47.0,0.9,1.7
2026-09-14T12:05,,0.0,,,,,,,
2026-09-14T12:10,129.3,0.0,1020.3,728.8,600.0,26.1,43.1,0.6,1.8
2026-09-14T12:15,,0.0,,,,,,,
2026-09-14T12:20,185.3,0.0,1020.1,739.8,600.0,26.4,44.8,1.0,1.8
2026-09-14T12:25,,0.0,,,,,,,
2026-09-14T12:30,150.7,0.0,1020.1,750.8,600.0,26.8,41.1,0.7,1.6
2026-09-14T12:35,,0.0,,,,,,,
2026-09-14T12:40,194.9,0.0,1019.9,760.8,600.0,27.4,42.7,0.8,1.8
2026-09-14T12:45,,0.0,,,,,,,
2026-09-14T12:50,199.6,0.0,1019.8,770.0,600.0,27.6,41.6,0.8,1.7
2026-09-14T12:55,,0.0,,,,,,,
2026-09-14T13:00,156.0,0.0,1019.6,772.2,600.0,28.1,38.4,0.9,2.0
2026-09-14T13:05,,0.0,,,,,,,
2026-09-14T13:10,100.0,0.0,1019.5,774.1,599.0,28.2,35.6,0.7,1.8
2026-09-14T13:15,,0.0,,,,,,,
2026-09-14T13:20,143.7,0.0,1019.4,773.6,600.0,28.6,36.8,0.4,2.4
2026-09-14T13:25,,0.0,,,,,,,
2026-09-14T13:30,79.3,0.0,1019.3,761.1,599.0,28.9,35.6,0.9,2.0
2026-09-14T13:35,,0.0,,,,,,,
2026-09-14T13:40,180.9,0.0,1019.1,767.4,600.0,29.0,37.3,1.0,2.2
2026-09-14T13:45,,0.0,,,,,,,
2026-09-14T13:50,181.3,0.0,1019.0,764.5,600.0,29.2,38.2,1.1,2.4
2026-09-14T13:55,,0.0,,,,,,,
2026-09-14T14:00,123.4,0.0,1018.9,763.0,600.0,29.4,35.1,1.5,3.0
2026-09-14T14:05,,0.0,,,,,,,
2026-09-14T14:10,135.3,0.0,1018.7,757.1,600.0,29.7,34.2,1.2,2.5
2026-09-14T14:15,,0.0,,,,,,,
2026-09-14T14:20,179.0,0.0,1018.7,766.2,300.0,29.8,34.7,1.2,2.3
2026-09-14T14:25,,0.0,,,,,,,
2026-09-14T14:30,167.3,0.0,1018.4,692.9,600.0,29.8,33.2,1.3,2.7
2026-09-14T14:35,,0.0,,,,,,,
2026-09-14T14:40,142.3,0.0,1018.3,721.1,599.0,30.2,31.9,1.9,4.0
2026-09-14T14:45,,0.0,,,,,,,
2026-09-14T14:50,164.2,0.0,1018.3,512.9,600.0,30.3,32.0,1.4,2.8
2026-09-14T14:55,,0.0,,,,,,,
2026-09-14T15:00,152.3,0.0,1018.2,363.7,600.0,30.2,31.9,1.3,2.8
2026-09-14T15:05,,0.0,,,,,,,
2026-09-14T15:10,200.0,0.0,1018.2,679.7,600.0,30.3,32.1,1.4,2.5
2026-09-14T15:15,,0.0,,,,,,,
2026-09-14T15:20,196.8,0.0,1018.2,672.6,600.0,30.5,30.8,1.4,2.6
2026-09-14T15:25,,0.0,,,,,,,
2026-09-14T15:30,197.6,0.0,1018.0,641.6,600.0,30.5,30.8,1.3,2.5
2026-09-14T15:35,,0.0,,,,,,,
2026-09-14T15:40,207.6,0.0,1018.0,614.2,600.0,30.4,32.0,1.2,2.6
2026-09-14T15:45,,0.0,,,,,,,
2026-09-14T15:50,217.4,0.0,1018.0,596.1,600.0,30.4,31.6,1.1,2.0
2026-09-14T15:55,,0.0,,,,,,,
2026-09-14T16:00,212.2,0.0,1017.9,577.2,598.0,30.4,31.7,1.8,3.2
2026-09-14T16:05,,0.0,,,,,,,
2026-09-14T16:10,209.3,0.0,1017.9,502.3,597.0,30.3,31.0,1.7,2.6
2026-09-14T16:15,,0.0,,,,,,,
2026-09-14T16:20,200.4,0.0,1017.9,415.4,517.0,30.1,32.2,1.3,2.1
2026-09-14T16:25,,0.0,,,,,,,
2026-09-14T16:30,195.5,0.0,1017.9,502.9,600.0,30.4,31.1,1.4,2.4
2026-09-14T16:35,,0.0,,,,,,,
2026-09-14T16:40,212.6,0.0,1017.7,468.4,600.0,30.2,33.0,2.2,3.3
2026-09-14T16:45,,0.0,,,,,,,
2026-09-14T16:50,232.0,0.0,1017.8,292.8,466.0,29.4,36.9,1.5,2.5
2026-09-14T16:55,,0.0,,,,,,,
2026-09-14T17:00,285.8,0.0,1017.9,231.9,427.0,28.6,42.3,1.5,2.3
2026-09-14T17:05,,0.0,,,,,,,
2026-09-14T17:10,289.7,0.0,1017.7,339.1,599.0,28.8,40.3,1.4,2.1
2026-09-14T17:15,,0.0,,,,,,,
2026-09-14T17:20,300.5,0.0,1017.6,343.3,600.0,29.1,41.2,1.2,1.9
2026-09-14T17:25,,0.0,,,,,,,
2026-09-14T17:30,258.3,0.0,1017.6,325.6,600.0,29.3,37.5,1.2,2.3
2026-09-14T17:35,,0.0,,,,,,,
2026-09-14T17:40,269.6,0.0,1017.6,281.0,600.0,29.2,38.1,0.9,2.2
2026-09-14T17:45,,0.0,,,,,,,
2026-09-14T17:50,254.1,0.0,1017.7,249.0,600.0,28.6,38.9,1.4,1.9
2026-09-14T17:55,,0.0,,,,,,,
2026-09-14T18:00,275.1,0.0,1017.7,224.9,600.0,28.2,42.4,1.0,1.8
2026-09-14T18:05,,0.0,,,,,,,
2026-09-14T18:10,239.5,0.0,1017.8,195.0,599.0,27.6,40.9,1.3,2.3
2026-09-14T18:15,,0.0,,,,,,,
2026-09-14T18:20,318.5,0.0,1017.9,76.7,268.0,26.6,44.7,0.6,1.2
2026-09-14T18:25,,0.0,,,,,,,
2026-09-14T18:30,336.1,0.0,1018.1,31.4,0.0,25.2,57.6,0.1,1.7
2026-09-14T18:35,,0.0,,,,,,,
2026-09-14T18:40,186.3,0.0,1018.3,31.6,0.0,23.9,67.6,0.3,1.7
2026-09-14T18:45,,0.0,,,,,,,
2026-09-14T18:50,91.5,0.0,1018.5,27.8,0.0,23.0,73.4,0.3,2.1
2026-09-14T18:55,,0.0,,,,,,,
2026-09-14T19:00,148.8,0.0,1018.7,19.5,0.0,22.5,76.0,1.1,2.0
2026-09-14T19:05,,0.0,,,,,,,
2026-09-14T19:10,26.8,0.0,1018.8,12.9,0.0,21.6,83.2,0.8,1.3
2026-09-14T19:15,,0.0,,,,,,,
2026-09-14T19:20,150.5,0.0,1019.1,7.5,0.0,21.3,79.2,0.4,1.5
2026-09-14T19:25,,0.0,,,,,,,
2026-09-14T19:30,33.3,0.0,1019.4,1.6,0.0,20.7,85.7,0.4,0.6
2026-09-14T19:35,,0.0,,,,,,,
2026-09-14T19:40,262.1,0.0,1019.5,0.0,0.0,20.2,85.3,0.6,1.1
2026-09-14T19:45,,0.0,,,,,,,
2026-09-14T19:50,285.4,0.0,1019.7,0.0,0.0,19.5,85.8,1.1,2.6
2026-09-14T19:55,,0.0,,,,,,,
2026-09-14T20:00,123.3,0.0,1019.9,0.0,0.0,20.2,76.6,0.3,1.0
2026-09-14T20:05,,0.0,,,,,,,
2026-09-14T20:10,206.4,0.0,1020.1,0.0,0.0,19.9,78.7,0.3,1.8
2026-09-14T20:15,,0.0,,,,,,,
2026-09-14T20:20,278.8,0.0,1020.4,0.0,0.0,19.8,75.8,0.7,2.0
2026-09-14T20:25,,0.0,,,,,,,
2026-09-14T20:30,257.0,0.0,1020.7,0.0,0.0,19.2,77.9,0.6,2.2
2026-09-14T20:35,,0.0,,,,,,,
2026-09-14T20:40,305.2,0.0,1020.8,0.0,0.0,18.7,81.6,0.2,1.8
2026-09-14T20:45,,0.0,,,,,,,
2026-09-14T20:50,92.6,0.0,1020.9,0.0,0.0,18.1,85.5,0.5,1.5
2026-09-14T20:55,,0.0,,,,,,,
2026-09-14T21:00,109.2,0.0,1021.2,0.0,0.0,17.8,87.0,0.9,1.5
2026-09-14T21:05,,0.0,,,,,,,
2026-09-14T21:10,98.0,0.0,1021.3,0.0,0.0,18.3,78.4,1.2,2.7
2026-09-14T21:15,,0.0,,,,,,,
2026-09-14T21:20,69.9,0.0,1021.4,0.0,0.0,18.8,69.4,1.5,2.3
2026-09-14T21:25,,0.0,,,,,,,
2026-09-14T21:30,36.0,0.0,1021.5,0.0,0.0,17.6,80.3,0.9,1.8
2026-09-14T21:35,,0.0,,,,,,,
2026-09-14T21:40,252.4,0.0,1021.7,0.0,0.0,17.0,83.1,0.4,1.4
2026-09-14T21:45,,0.0,,,,,,,
2026-09-14T21:50,159.8,0.0,1021.8,0.0,0.0,17.3,81.0,0.4,1.5
2026-09-14T21:55,,0.0,,,,,,,
2026-09-14T22:00,117.8,0.0,1022.0,0.0,0.0,16.8,85.9,0.8,1.9
2026-09-14T22:05,,0.0,,,,,,,
2026-09-14T22:10,127.2,0.0,1022.1,0.0,0.0,16.1,92.8,0.8,1.5
2026-09-14T22:15,,0.0,,,,,,,
2026-09-14T22:20,50.5,0.0,1022.2,0.0,0.0,15.8,97.0,0.5,1.0
2026-09-14T22:25,,0.0,,,,,,,
2026-09-14T22:30,353.6,0.0,1022.4,0.0,0.0,15.4,100.0,0.5,0.7
2026-09-14T22:35,,0.0,,,,,,,
2026-09-14T22:40,47.2,0.0,1022.5,0.0,0.0,15.4,100.2,0.3,0.7
2026-09-14T22:45,,0.0,,,,,,,
2026-09-14T22:50,285.2,0.0,1022.6,0.0,0.0,15.2,100.2,0.3,1.9
2026-09-14T22:55,,0.0,,,,,,,
2026-09-14T23:00,279.6,0.0,1022.7,0.0,0.0,15.2,98.0,0.6,1.4
2026-09-14T23:05,,0.0,,,,,,,
2026-09-14T23:10,337.7,0.0,1022.8,0.0,0.0,15.1,99.5,0.9,1.5
2026-09-14T23:15,,0.0,,,,,,,
2026-09-14T23:20,320.5,0.0,1022.8,0.0,0.0,15.3,93.1,0.8,1.3
2026-09-14T23:25,,0.0,,,,,,,
2026-09-14T23:30,131.1,0.0,1023.0,0.0,0.0,14.9,97.4,0.1,0.9
2026-09-14T23:35,,0.0,,,,,,,
2026-09-14T23:40,102.5,0.0,1023.0,0.0,0.0,14.7,99.5,0.3,0.8
2026-09-14T23:45,,0.0,,,,,,,
2026-09-14T23:50,11.0,0.0,1023.1,0.0,0.0,14.3,100.2,0.2,0.4
2026-09-14T23:55,,0.0,,,,,,,
2026-09-15T00:00,328.8,0.0,1023.4,0.0,0.0,14.1,100.2,0.5,0.8
2026-09-15T00:05,,0.0,,,,,,,
2026-09-15T00:10,335.5,0.0,1023.4,0.0,0.0,14.1,100.2,0.3,1.0
2026-09-15T00:15,,0.0,,,,,,,
2026-09-15T00:20,287.0,0.0,1023.4,0.0,0.0,14.0,100.2,0.3,1.9
2026-09-15T00:25,,0.0,,,,,,,
2026-09-15T00:30,352.0,0.0,1023.5,0.0,0.0,13.9,100.1,0.5,0.9
2026-09-15T00:35,,0.0,,,,,,,
2026-09-15T00:40,38.1,0.0,1023.5,0.0,0.0,13.8,100.1,0.4,0.8
2026-09-15T00:45,,0.0,,,,,,,
2026-09-15T00:50,9.7,0.0,1023.5,0.0,0.0,13.6,100.1,0.6,1.0
2026-09-15T00:55,,0.0,,,,,,,
2026-09-15T01:00,292.7,0.0,1023.5,0.0,0.0,13.4,100.1,0.5,1.5
2026-09-15T01:05,,0.0,,,,,,,
2026-09-15T01:10,267.4,0.0,1023.7,0.0,0.0,13.5,100.1,0.9,1.5
2026-09-15T01:15,,0.0,,,,,,,
2026-09-15T01:20,308.3,0.0,1023.7,0.0,0.0,13.3,100.1,0.7,1.0
2026-09-15T01:25,,0.0,,,,,,,
2026-09-15T01:30,244.3,0.0,1023.8,0.0,0.0,13.3,100.1,0.1,0.6
2026-09-15T01:35,,0.0,,,,,,,
2026-09-15T01:40,337.0,0.0,1023.8,0.0,0.0,13.2,100.1,1.0,1.6
2026-09-15T01:45,,0.0,,,,,,,
2026-09-15T01:50,341.6,0.0,1023.9,0.0,0.0,13.0,100.1,0.8,1.4
2026-09-15T01:55,,0.0,,,,,,,
2026-09-15T02:00,35.4,0.0,1023.9,0.0,0.0,12.9,100.1,0.3,0.8
2026-09-15T02:05,,0.0,,,,,,,
2026-09-15T02:10,229.4,0.0,1024.0,0.0,0.0,12.8,100.1,0.6,1.0
2026-09-15T02:15,,0.0,,,,,,,
2026-09-15T02:20,38.2,0.0,1024.1,0.0,0.0,12.8,100.1,0.1,0.6
2026-09-15T02:25,,0.0,,,,,,,
2026-09-15T02:30,97.2,0.0,1024.1,0.0,0.0,12.6,100.1,0.3,0.7
2026-09-15T02:35,,0.0,,,,,,,
2026-09-15T02:40,76.0,0.0,1024.2,0.0,0.0,12.5,100.1,0.1,0.7
2026-09-15T02:45,,0.0,,,,,,,
2026-09-15T02:50,84.1,0.0,1024.2,0.0,0.0,12.4,100.1,0.5,0.8
2026-09-15T02:55,,0.0,,,,,,,
2026-09-15T03:00,329.7,0.0,1024.2,0.0,0.0,12.2,100.0,0.6,1.1
2026-09-15T03:05,,0.0,,,,,,,
2026-09-15T03:10,314.0,0.0,1024.1,0.0,0.0,12.3,100.0,1.0,1.4
2026-09-15T03:15,,0.0,,,,,,,
2026-09-15T03:20,314.2,0.0,1024.2,0.0,0.0,12.4,100.0,0.9,1.6
2026-09-15T03:25,,0.0,,,,,,,
2026-09-15T03:30,282.2,0.0,1024.3,0.0,0.0,12.2,100.0,0.6,0.8
2026-09-15T03:35,,0.0,,,,,,,
2026-09-15T03:40,316.3,0.0,1024.3,0.0,0.0,12.2,100.0,0.8,1.4
2026-09-15T03:45,,0.0,,,,,,,
2026-09-15T03:50,324.3,0.0,1024.3,0.0,0.0,12.0,100.0,1.2,1.5
2026-09-15T03:55,,0.0,,,,,,,
2026-09-15T04:00,305.7,0.0,1024.3,0.0,0.0,12.0,100.0,0.8,1.1
2026-09-15T04:05,,0.0,,,,,,,
2026-09-15T04:10,95.8,0.0,1024.3,0.0,0.0,12.1,100.0,0.1,0.8
2026-09-15T04:15,,0.0,,,,,,,
2026-09-15T04:20,320.8,0.0,1024.4,0.0,0.0,11.8,100.0,0.3,0.7
2026-09-15T04:25,,0.0,,,,,,,
2026-09-15T04:30,83.9,0.0,1024.5,0.0,0.0,11.6,100.0,0.3,0.8
2026-09-15T04:35,,0.0,,,,,,,
2026-09-15T04:40,135.6,0.0,1024.5,0.0,0.0,11.5,100.0,0.2,0.4
2026-09-15T04:45,,0.0,,,,,,,
2026-09-15T04:50,22.4,0.0,1024.5,0.0,0.0,11.3,100.0,0.2,0.3
2026-09-15T04:55,,0.0,,,,,,,
2026-09-15T05:00,271.1,0.0,1024.4,0.0,0.0,11.3,100.0,0.3,0.7
2026-09-15T05:05,,0.0,,,,,,,
2026-09-15T05:10,315.6,0.0,1024.4,0.0,0.0,11.3,100.0,0.4,0.6
2026-09-15T05:15,,0.0,,,,,,,
2026-09-15T05:20,238.6,0.0,1024.4,0.0,0.0,11.3,100.0,0.1,0.6
2026-09-15T05:25,,0.0,,,,,,,
2026-09-15T05:30,60.9,0.0,1024.4,0.0,0.0,11.2,100.0,0.1,0.8
2026-09-15T05:35,,0.0,,,,,,,
2026-09-15T05:40,27.4,0.0,1024.4,0.0,0.0,11.0,100.0,0.2,0.4
2026-09-15T05:45,,0.0,,,,,,,
2026-09-15T05:50,291.3,0.0,1024.4,0.0,0.0,11.0,100.0,0.4,0.7
2026-09-15T05:55,,0.0,,,,,,,
2026-09-15T06:00,349.9,0.0,1024.6,0.0,0.0,10.9,100.0,0.5,0.6
2026-09-15T06:05,,0.0,,,,,,,
2026-09-15T06:10,256.2,0.0,1024.5,0.0,0.0,10.8,100.0,0.5,0.9
2026-09-15T06:15,,0.0,,,,,,,
2026-09-15T06:20,340.8,0.0,1024.5,0.0,0.0,10.8,100.0,0.9,1.8
2026-09-15T06:25,,0.0,,,,,,,
2026-09-15T06:30,350.8,0.0,1024.5,0.0,0.0,10.7,100.0,1.1,1.7
2026-09-15T06:35,,0.0,,,,,,,
2026-09-15T06:40,275.3,0.0,1024.5,0.0,0.0,10.9,100.0,0.1,0.5
2026-09-15T06:45,,0.0,,,,,,,
2026-09-15T06:50,243.8,0.0,1024.4,0.0,0.0,10.8,100.0,0.7,1.1
2026-09-15T06:55,,0.0,,,,,,,
2026-09-15T07:00,315.0,0.0,1024.4,0.7,0.0,11.0,100.0,0.6,0.9
2026-09-15T07:05,,0.0,,,,,,,
2026-09-15T07:10,1.8,0.0,1024.5,4.4,0.0,10.7,100.0,0.8,1.0
2026-09-15T07:15,,0.0,,,,,,,
2026-09-15T07:20,327.4,0.0,1024.6,8.6,0.0,10.6,100.0,0.6,0.8
2026-09-15T07:25,,0.0,,,,,,,
2026-09-15T07:30,259.6,0.0,1024.6,12.7,0.0,10.7,100.0,0.4,1.0
2026-09-15T07:35,,0.0,,,,,,,
2026-09-15T07:40,302.8,0.0,1024.5,16.5,0.0,10.9,100.0,0.1,0.6
2026-09-15T07:45,,0.0,,,,,,,
2026-09-15T07:50,93.3,0.0,1024.6,19.9,0.0,10.8,100.0,0.3,0.7
2026-09-15T07:55,,0.0,,,,,,,
2026-09-15T08:00,294.9,0.0,1024.6,23.0,0.0,10.9,100.0,0.2,0.4
2026-09-15T08:05,,0.0,,,,,,,
2026-09-15T08:10,42.7,0.0,1024.6,25.8,0.0,11.0,100.0,0.3,0.4
2026-09-15T08:15,,0.0,,,,,,,
2026-09-15T08:20,358.8,0.0,1024.6,28.5,0.0,11.1,99.9,0.4,0.5
2026-09-15T08:25,,0.0,,,,,,,
2026-09-15T08:30,298.6,0.0,1024.5,31.4,0.0,11.3,100.0,0.5,0.7
2026-09-15T08:35,,0.0,,,,,,,
2026-09-15T08:40,324.8,0.0,1024.5,221.2,561.0,12.1,99.9,0.5,0.8
2026-09-15T08:45,,0.0,,,,,,,
2026-09-15T08:50,2.5,0.0,1024.5,247.8,600.0,13.4,99.9,0.6,0.8
2026-09-15T08:55,,0.0,,,,,,,
2026-09-15T09:00,51.9,0.0,1024.3,309.0,600.0,14.4,100.0,0.5,1.0
2026-09-15T09:05,,0.0,,,,,,,
2026-09-15T09:10,69.7,0.0,1024.3,355.2,600.0,15.3,92.4,0.3,0.6
2026-09-15T09:15,,0.0,,,,,,,
2026-09-15T09:20,64.1,0.0,1024.0,366.3,600.0,16.3,80.7,0.7,1.3
2026-09-15T09:25,,0.0,,,,,,,
2026-09-15T09:30,61.9,0.0,1023.9,395.7,600.0,17.1,75.4,0.4,0.9
2026-09-15T09:35,,0.0,,,,,,,
2026-09-15T09:40,139.0,0.0,1023.8,417.6,600.0,17.9,69.0,0.1,1.0
2026-09-15T09:45,,0.0,,,,,,,
2026-09-15T09:50,120.2,0.0,1023.6,444.7,599.0,18.7,68.5,0.3,1.8
2026-09-15T09:55,,0.0,,,,,,,
2026-09-15T10:00,101.8,0.0,1023.6,485.3,600.0,18.9,63.2,0.7,1.6
2026-09-15T10:05,,0.0,,,,,,,
2026-09-15T10:10,123.1,0.0,1023.3,510.1,600.0,19.5,62.2,0.6,1.3
2026-09-15T10:15,,0.0,,,,,,,
2026-09-15T10:20,177.4,0.0,1023.1,528.8,599.0,20.0,60.2,0.6,1.6
2026-09-15T10:25,,0.0,,,,,,,
2026-09-15T10:30,197.9,0.0,1023.0,553.5,600.0,20.2,58.2,0.7,1.5
2026-09-15T10:35,,0.0,,,,,,,
2026-09-15T10:40,112.9,0.0,1022.8,574.3,600.0,20.7,56.0,0.7,1.9
2026-09-15T10:45,,0.0,,,,,,,
2026-09-15T10:50,146.8,0.0,1022.7,599.3,600.0,21.2,54.3,0.3,1.4
2026-09-15T10:55,,0.0,,,,,,,
2026-09-15T11:00,178.1,0.0,1022.6,600.7,600.0,21.7,54.0,0.7,1.6
2026-09-15T11:05,,0.0,,,,,,,
2026-09-15T11:10,202.3,0.0,1022.4,614.5,600.0,21.7,53.3,0.4,1.3
2026-09-15T11:15,,0.0,,,,,,,
2026-09-15T11:20,207.0,0.0,1022.2,656.8,600.0,22.2,52.7,1.3,2.0
2026-09-15T11:25,,0.0,,,,,,,
2026-09-15T11:30,221.7,0.0,1022.2,665.9,599.0,22.7,51.7,0.6,1.5
2026-09-15T11:35,,0.0,,,,,,,
2026-09-15T11:40,218.5,0.0,1021.9,679.6,600.0,22.8,48.2,0.6,1.8
2026-09-15T11:45,,0.0,,,,,,,
2026-09-15T11:50,154.2,0.0,1021.7,692.7,600.0,23.2,47.8,0.5,1.7
2026-09-15T11:55,,0.0,,,,,,,
2026-09-15T12:00,175.2,0.0,1021.5,705.4,600.0,23.5,45.9,0.9,1.7
2026-09-15T12:05,,0.0,,,,,,,
2026-09-15T12:10,194.8,0.0,1021.3,716.1,598.0,23.6,45.5,0.5,1.7
2026-09-15T12:15,,0.0,,,,,,,
2026-09-15T12:20,112.2,0.0,1021.0,725.2,600.0,24.1,43.1,1.2,2.7
2026-09-15T12:25,,0.0,,,,,,,
2026-09-15T12:30,136.5,0.0,1020.8,732.2,599.0,24.1,43.0,0.9,2.8
2026-09-15T12:35,,0.0,,,,,,,
2026-09-15T12:40,130.5,0.0,1020.6,735.3,600.0,24.7,44.1,1.4,2.6
2026-09-15T12:45,,0.0,,,,,,,
2026-09-15T12:50,169.3,0.0,1020.3,737.7,600.0,24.9,44.7,1.3,3.0
2026-09-15T12:55,,0.0,,,,,,,
2026-09-15T13:00,141.7,0.0,1020.1,739.3,600.0,25.2,43.8,1.4,4.0
2026-09-15T13:05,,0.0,,,,,,,
2026-09-15T13:10,163.4,0.0,1019.8,740.3,600.0,25.3,43.3,1.5,3.0
2026-09-15T13:15,,0.0,,,,,,,
2026-09-15T13:20,185.7,0.0,1019.6,738.4,600.0,25.5,44.9,2.0,3.7
2026-09-15T13:25,,0.0,,,,,,,
2026-09-15T13:30,167.0,0.0,1019.4,734.6,600.0,25.7,44.9,1.3,3.5
2026-09-15T13:35,,0.0,,,,,,,
2026-09-15T13:40,163.6,0.0,1019.0,731.0,600.0,26.0,44.2,1.1,3.0
2026-09-15T13:45,,0.0,,,,,,,
2026-09-15T13:50,166.6,0.0,1018.9,725.4,599.0,26.4,42.3,1.7,4.1
2026-09-15T13:55,,0.0,,,,,,,
2026-09-15T14:00,186.2,0.0,1018.7,717.9,600.0,26.3,44.5,2.2,4.1
2026-09-15T14:05,,0.0,,,,,,,
2026-09-15T14:10,181.6,0.0,1018.5,710.4,600.0,26.6,45.4,1.8,3.4
2026-09-15T14:15,,0.0,,,,,,,
2026-09-15T14:20,169.6,0.0,1018.3,701.1,302.0,26.8,44.6,1.8,4.3
2026-09-15T14:25,,0.0,,,,,,,
2026-09-15T14:30,164.8,0.0,1018.1,690.2,600.0,26.7,44.7,2.3,4.6
2026-09-15T14:35,,0.0,,,,,,,
2026-09-15T14:40,168.7,0.0,1017.9,677.3,600.0,26.9,44.8,2.0,4.9
2026-09-15T14:45,,0.0,,,,,,,
2026-09-15T14:50,154.2,0.0,1017.7,488.8,599.0,27.0,44.7,2.0,4.3
2026-09-15T14:55,,0.0,,,,,,,
2026-09-15T15:00,170.4,0.0,1017.5,292.9,600.0,27.2,44.9,1.8,4.0
2026-09-15T15:05,,0.0,,,,,,,
2026-09-15T15:10,168.8,0.0,1017.3,627.7,600.0,27.2,45.5,1.7,3.5
2026-09-15T15:15,,0.0,,,,,,,
2026-09-15T15:20,143.0,0.0,1017.1,609.1,599.0,27.5,44.8,1.9,3.7
2026-09-15T15:25,,0.0,,,,,,,
2026-09-15T15:30,161.0,0.0,1017.1,589.8,600.0,27.6,45.7,1.5,3.3
2026-09-15T15:35,,0.0,,,,,,,
2026-09-15T15:40,176.7,0.0,1016.9,569.6,600.0,27.6,46.4,1.7,3.8
2026-09-15T15:45,,0.0,,,,,,,
2026-09-15T15:50,159.6,0.0,1016.7,547.0,599.0,27.7,45.8,2.0,3.9
2026-09-15T15:55,,0.0,,,,,,,
2026-09-15T16:00,165.9,0.0,1016.6,524.8,600.0,27.9,46.7,1.8,3.9
2026-09-15T16:05,,0.0,,,,,,,
2026-09-15T16:10,167.1,0.0,1016.4,501.3,600.0,27.9,46.8,1.9,3.9
2026-09-15T16:15,,0.0,,,,,,,
2026-09-15T16:20,153.0,0.0,1016.3,475.6,600.0,27.9,46.5,2.0,4.1
2026-09-15T16:25,,0.0,,,,,,,
2026-09-15T16:30,157.7,0.0,1016.1,449.9,600.0,28.0,46.6,2.0,3.4
2026-09-15T16:35,,0.0,,,,,,,
2026-09-15T16:40,183.5,0.0,1016.0,422.9,600.0,27.8,47.5,2.1,4.4
2026-09-15T16:45,,0.0,,,,,,,
2026-09-15T16:50,192.1,0.0,1016.0,394.1,599.0,27.7,48.3,1.7,3.3
2026-09-15T16:55,,0.0,,,,,,,
2026-09-15T17:00,193.6,0.0,1015.9,365.0,600.0,27.6,48.1,1.7,3.8
2026-09-15T17:05,,0.0,,,,,,,
2026-09-15T17:10,205.8,0.0,1015.9,335.8,600.0,27.5,49.1,1.7,2.9
2026-09-15T17:15,,0.0,,,,,,,
2026-09-15T17:20,190.1,0.0,1015.9,306.9,599.0,27.4,48.2,1.3,2.7
2026-09-15T17:25,,0.0,,,,,,,
2026-09-15T17:30,185.4,0.0,1015.9,276.8,600.0,27.5,48.0,1.1,2.3
2026-09-15T17:35,,0.0,,,,,,,
2026-09-15T17:40,193.6,0.0,1015.7,244.8,600.0,27.4,48.1,1.3,2.2
2026-09-15T17:45,,0.0,,,,,,,
2026-09-15T17:50,188.0,0.0,1015.8,213.4,599.0,27.2,47.8,1.0,2.3
2026-09-15T17:55,,0.0,,,,,,,
2026-09-15T18:00,147.7,0.0,1015.8,183.4,600.0,27.1,47.2,1.2,2.2
2026-09-15T18:05,,0.0,,,,,,,
2026-09-15T18:10,128.0,0.0,1015.7,145.8,600.0,26.8,49.5,0.8,1.8
2026-09-15T18:15,,0.0,,,,,,,
2026-09-15T18:20,100.0,0.0,1015.7,34.1,19.0,25.9,57.3,0.9,1.8
2026-09-15T18:25,,0.0,,,,,,,
2026-09-15T18:30,99.5,0.0,1015.8,27.7,0.0,24.6,62.4,1.5,2.3
2026-09-15T18:35,,0.0,,,,,,,
2026-09-15T18:40,142.9,0.0,1015.9,23.0,0.0,23.8,66.8,0.7,2.1
2026-09-15T18:45,,0.0,,,,,,,
2026-09-15T18:50,160.0,0.0,1016.0,18.2,0.0,22.8,74.0,0.9,1.7
2026-09-15T18:55,,0.0,,,,,,,
2026-09-15T19:00,132.0,0.0,1016.0,13.0,0.0,21.9,85.8,0.5,1.8
2026-09-15T19:05,,0.0,,,,,,,
2026-09-15T19:10,219.4,0.0,1016.2,8.4,0.0,21.0,87.5,0.4,1.7
2026-09-15T19:15,,0.0,,,,,,,
2026-09-15T19:20,2.1,0.0,1016.3,3.9,0.0,20.9,84.5,0.5,1.1
2026-09-15T19:25,,0.0,,,,,,,
2026-09-15T19:30,346.6,0.0,1016.3,0.5,0.0,20.9,80.6,0.6,1.2
2026-09-15T19:35,,0.0,,,,,,,
2026-09-15T19:40,252.0,0.0,1016.5,0.0,0.0,20.4,84.8,0.6,1.4
2026-09-15T19:45,,0.0,,,,,,,
2026-09-15T19:50,322.2,0.0,1016.6,0.0,0.0,19.9,89.4,1.0,1.4
2026-09-15T19:55,,0.0,,,,,,,
2026-09-15T20:00,20.0,0.0,1016.7,0.0,0.0,19.7,89.1,0.8,1.5
2026-09-15T20:05,,0.0,,,,,,,
2026-09-15T20:10,51.3,0.0,1016.8,0.0,0.0,19.2,92.9,0.6,1.5
2026-09-15T20:15,,0.0,,,,,,,
2026-09-15T20:20,238.6,0.0,1017.1,0.0,0.0,18.6,97.5,0.5,1.0
2026-09-15T20:25,,0.0,,,,,,,
2026-09-15T20:30,354.9,0.0,1017.2,0.0,0.0,18.8,95.4,0.2,0.7
2026-09-15T20:35,,0.0,,,,,,,
2026-09-15T20:40,4.8,0.0,1017.4,0.0,0.0,18.4,99.9,0.5,0.8
2026-09-15T20:45,,0.0,,,,,,,
2026-09-15T20:50,150.1,0.0,1017.5,0.0,0.0,18.2,100.2,0.3,1.7
2026-09-15T20:55,,0.0,,,,,,,
2026-09-15T21:00,82.5,0.0,1017.5,0.0,0.0,18.0,100.2,0.3,1.8
2026-09-15T21:05,,0.0,,,,,,,
2026-09-15T21:10,251.5,0.0,1017.7,0.0,0.0,17.6,100.2,0.1,1.6
2026-09-15T21:15,,0.0,,,,,,,
2026-09-15T21:20,316.7,0.0,1017.8,0.0,0.0,17.5,100.1,0.7,1.2
2026-09-15T21:25,,0.0,,,,,,,
2026-09-15T21:30,336.5,0.0,1017.9,0.0,0.0,17.4,100.1,1.0,1.4
2026-09-15T21:35,,0.0,,,,,,,
2026-09-15T21:40,354.3,0.0,1018.1,0.0,0.0,17.3,100.2,0.6,0.9
2026-09-15T21:45,,0.0,,,,,,,
2026-09-15T21:50,304.1,0.0,1018.2,0.0,0.0,17.1,100.1,0.7,1.2
2026-09-15T21:55,,0.0,,,,,,,
2026-09-15T22:00,284.9,0.0,1018.4,0.0,0.0,16.8,100.2,0.8,1.1
2026-09-15T22:05,,0.0,,,,,,,
2026-09-15T22:10,302.4,0.0,1018.4,0.0,0.0,16.9,100.1,0.4,1.6
2026-09-15T22:15,,0.0,,,,,,,
2026-09-15T22:20,31.8,0.0,1018.6,0.0,0.0,16.8,100.2,0.7,1.2
2026-09-15T22:25,,0.0,,,,,,,
2026-09-15T22:30,348.4,0.0,1018.6,0.0,0.0,16.5,100.1,0.9,1.3
2026-09-15T22:35,,0.0,,,,,,,
2026-09-15T22:40,328.2,0.0,1018.6,0.0,0.0,16.3,100.1,0.8,1.0
2026-09-15T22:45,,0.0,,,,,,,
2026-09-15T22:50,346.8,0.0,1018.8,0.0,0.0,16.2,100.1,1.1,1.4
2026-09-15T22:55,,0.0,,,,,,,
2026-09-15T23:00,304.5,0.0,1018.8,0.0,0.0,16.2,100.1,1.3,1.9
2026-09-15T23:05,,0.0,,,,,,,
2026-09-15T23:10,261.9,0.0,1018.8,0.0,0.0,16.2,100.1,0.1,1.4
2026-09-15T23:15,,0.0,,,,,,,
2026-09-15T23:20,339.5,0.0,1018.9,0.0,0.0,16.1,100.1,1.0,2.0
2026-09-15T23:25,,0.0,,,,,,,
2026-09-15T23:30,359.4,0.0,1018.9,0.0,0.0,16.3,100.1,0.7,1.7
2026-09-15T23:35,,0.0,,,,,,,
2026-09-15T23:40,336.8,0.0,1018.8,0.0,0.0,16.2,100.2,0.5,1.4
2026-09-15T23:45,,0.0,,,,,,,
2026-09-15T23:50,304.2,0.0,1018.9,0.0,0.0,16.0,100.2,1.5,2.1
2026-09-15T23:55,,0.0,,,,,,,
2026-09-16T00:00,289.7,0.0,1018.9,0.0,0.0,16.4,100.2,1.3,2.0
2026-09-16T00:05,,0.0,,,,,,,
2026-09-16T00:10,309.3,0.0,1018.9,0.0,0.0,16.6,98.1,0.6,1.8
2026-09-16T00:15,,0.0,,,,,,,
2026-09-16T00:20,11.7,0.0,1018.9,0.0,0.0,16.2,100.2,1.1,1.7
2026-09-16T00:25,,0.0,,,,,,,
2026-09-16T00:30,339.0,0.0,1018.9,0.0,0.0,16.1,100.2,0.9,1.1
2026-09-16T00:35,,0.0,,,,,,,
2026-09-16T00:40,319.9,0.0,1018.8,0.0,0.0,15.9,100.2,0.6,0.9
2026-09-16T00:45,,0.0,,,,,,,
2026-09-16T00:50,346.2,0.0,1018.8,0.0,0.0,15.7,100.1,0.3,0.6
2026-09-16T00:55,,0.0,,,,,,,
2026-09-16T01:00,48.6,0.0,1018.8,0.0,0.0,15.5,100.1,0.4,0.8
2026-09-16T01:05,,0.0,,,,,,,
2026-09-16T01:10,39.5,0.0,1018.9,0.0,0.0,15.3,100.1,0.6,0.9
2026-09-16T01:15,,0.0,,,,,,,
2026-09-16T01:20,88.2,0.0,1018.9,0.0,0.0,15.2,100.1,0.4,1.3
2026-09-16T01:25,,0.0,,,,,,,
2026-09-16T01:30,106.3,0.0,1018.9,0.0,0.0,15.0,100.1,0.3,1.8
2026-09-16T01:35,,0.0,,,,,,,
2026-09-16T01:40,82.9,0.0,1018.9,0.0,0.0,14.8,100.0,0.2,1.5
2026-09-16T01:45,,0.0,,,,,,,
2026-09-16T01:50,331.5,0.0,1018.9,0.0,0.0,14.8,100.0,0.2,0.4
2026-09-16T01:55,,0.0,,,,,,,
2026-09-16T02:00,210.0,0.0,1018.9,0.0,0.0,14.7,100.0,0.4,1.7
2026-09-16T02:05,,0.0,,,,,,,
2026-09-16T02:10,295.0,0.0,1019.0,0.0,0.0,14.6,100.0,0.5,1.7
2026-09-16T02:15,,0.0,,,,,,,
2026-09-16T02:20,322.4,0.0,1019.0,0.0,0.0,14.5,100.0,0.3,1.0
2026-09-16T02:25,,0.0,,,,,,,
2026-09-16T02:30,1.3,0.0,1019.0,0.0,0.0,14.5,100.0,0.2,0.9
2026-09-16T02:35,,0.0,,,,,,,
2026-09-16T02:40,338.5,0.0,1019.0,0.0,0.0,14.4,100.0,0.4,0.8
2026-09-16T02:45,,0.0,,,,,,,
2026-09-16T02:50,175.3,0.0,1019.0,0.0,0.0,14.2,100.0,0.5,7.5
2026-09-16T02:55,,0.0,,,,,,,
2026-09-16T03:00,166.3,0.0,1018.9,0.0,0.0,14.0,100.0,0.5,8.7
2026-09-16T03:05,,0.0,,,,,,,
2026-09-16T03:10,56.9,0.0,1018.9,0.0,0.0,13.9,100.0,0.4,0.6
2026-09-16T03:15,,0.0,,,,,,,
2026-09-16T03:20,233.7,0.0,1018.9,0.0,0.0,13.7,100.0,0.7,1.2
2026-09-16T03:25,,0.0,,,,,,,
2026-09-16T03:30,215.7,0.0,1018.9,0.0,0.0,14.1,100.0,0.5,1.0
2026-09-16T03:35,,0.0,,,,,,,
2026-09-16T03:40,111.7,0.0,1018.7,0.0,0.0,14.4,100.0,0.5,0.8
2026-09-16T03:45,,0.0,,,,,,,
2026-09-16T03:50,84.2,0.0,1018.6,0.0,0.0,14.5,100.0,0.3,0.6
2026-09-16T03:55,,0.0,,,,,,,
2026-09-16T04:00,54.4,0.0,1018.6,0.0,0.0,14.8,100.0,0.5,0.7
2026-09-16T04:05,,0.0,,,,,,,
2026-09-16T04:10,38.0,0.0,1018.4,0.0,0.0,15.1,100.0,0.6,0.8
2026-09-16T04:15,,0.0,,,,,,,
2026-09-16T04:20,13.5,0.0,1018.3,0.0,0.0,15.3,100.0,0.6,0.8
2026-09-16T04:25,,0.0,,,,,,,
2026-09-16T04:30,55.3,0.0,1018.2,0.0,0.0,15.6,100.0,0.4,0.9
2026-09-16T04:35,,0.0,,,,,,,
2026-09-16T04:40,186.9,0.0,1018.1,0.0,0.0,15.8,100.0,0.1,1.2
2026-09-16T04:45,,0.0,,,,,,,
2026-09-16T04:50,271.1,0.0,1018.0,0.0,0.0,15.8,100.0,0.5,1.2
2026-09-16T04:55,,0.0,,,,,,,
2026-09-16T05:00,286.5,0.0,1017.9,0.0,0.0,15.9,100.0,0.6,0.8
2026-09-16T05:05,,0.0,,,,,,,
2026-09-16T05:10,150.8,0.0,1017.8,0.0,0.0,16.0,100.0,0.3,1.6
2026-09-16T05:15,,0.0,,,,,,,
2026-09-16T05:20,185.8,0.0,1017.7,0.0,0.0,16.1,100.0,0.4,1.6
2026-09-16T05:25,,0.0,,,,,,,
2026-09-16T05:30,281.4,0.0,1017.7,0.0,0.0,16.1,100.0,0.4,0.7
2026-09-16T05:35,,0.0,,,,,,,
2026-09-16T05:40,356.7,0.0,1017.7,0.0,0.0,16.2,100.0,0.5,0.9
2026-09-16T05:45,,0.0,,,,,,,
2026-09-16T05:50,37.4,0.0,1017.7,0.0,0.0,16.3,100.0,0.6,1.0
2026-09-16T05:55,,0.0,,,,,,,
2026-09-16T06:00,30.9,0.0,1017.7,0.0,0.0,16.3,100.0,0.3,0.8
2026-09-16T06:05,,0.0,,,,,,,
2026-09-16T06:10,242.9,0.0,1017.6,0.0,0.0,16.3,100.0,0.8,1.1
2026-09-16T06:15,,0.0,,,,,,,
2026-09-16T06:20,267.0,0.0,1017.5,0.0,0.0,16.4,100.0,0.7,0.9
2026-09-16T06:25,,0.0,,,,,,,
2026-09-16T06:30,278.7,0.0,1017.5,0.0,0.0,16.4,100.0,0.9,1.1
2026-09-16T06:35,,0.0,,,,,,,
2026-09-16T06:40,341.2,0.0,1017.5,0.0,0.0,16.4,100.0,0.7,1.1
2026-09-16T06:45,,0.0,,,,,,,
2026-09-16T06:50,23.1,0.0,1017.4,0.0,0.0,16.4,100.0,0.8,1.0
2026-09-16T06:55,,0.0,,,,,,,
2026-09-16T07:00,35.7,0.0,1017.4,0.0,0.0,16.5,100.0,0.8,0.9
2026-09-16T07:05,,0.0,,,,,,,
2026-09-16T07:10,23.1,0.0,1017.5,0.4,0.0,16.5,100.0,0.8,1.0
2026-09-16T07:15,,0.0,,,,,,,
2026-09-16T07:20,290.6,0.0,1017.5,3.1,0.0,16.5,100.0,0.5,0.7
2026-09-16T07:25,,0.0,,,,,,,
2026-09-16T07:30,81.2,0.0,1017.4,7.0,0.0,16.7,100.0,0.3,0.8
2026-09-16T07:35,,0.0,,,,,,,
2026-09-16T07:40,82.0,0.0,1017.4,11.7,0.0,16.9,100.0,0.5,0.8
2026-09-16T07:45,,0.0,,,,,,,
2026-09-16T07:50,191.4,0.0,1017.5,17.2,0.0,17.0,100.0,0.5,1.1
2026-09-16T07:55,,0.0,,,,,,,
2026-09-16T08:00,211.4,0.0,1017.4,23.2,0.0,17.0,100.0,0.6,1.1
2026-09-16T08:05,,0.0,,,,,,,
2026-09-16T08:10,219.2,0.0,1017.4,28.6,0.0,17.2,100.0,0.4,1.2
2026-09-16T08:15,,0.0,,,,,,,
2026-09-16T08:20,6.3,0.0,1017.4,39.4,0.0,17.4,100.0,0.6,1.0
2026-09-16T08:25,,0.0,,,,,,,
2026-09-16T08:30,40.5,0.0,1017.3,55.7,0.0,17.6,100.1,0.7,0.9
2026-09-16T08:35,,0.0,,,,,,,
2026-09-16T08:40,61.9,0.0,1017.3,69.0,0.0,17.8,100.1,0.1,1.4
2026-09-16T08:45,,0.0,,,,,,,
2026-09-16T08:50,171.6,0.0,1017.3,83.5,0.0,18.2,100.2,0.5,1.7
2026-09-16T08:55,,0.0,,,,,,,
2026-09-16T09:00,192.7,0.0,1017.3,101.3,0.0,18.4,100.0,0.6,1.2
2026-09-16T09:05,,0.0,,,,,,,
2026-09-16T09:10,206.4,0.0,1017.2,116.3,0.0,18.6,91.7,0.5,1.0
2026-09-16T09:15,,0.0,,,,,,,
2026-09-16T09:20,188.5,0.0,1017.2,134.4,0.0,19.0,80.8,0.4,0.8
2026-09-16T09:25,,0.0,,,,,,,
2026-09-16T09:30,150.0,0.0,1017.2,151.9,0.0,19.4,78.5,0.5,1.6
2026-09-16T09:35,,0.0,,,,,,,
2026-09-16T09:40,99.7,0.0,1017.2,167.7,0.0,19.5,80.5,0.9,1.5
2026-09-16T09:45,,0.0,,,,,,,
2026-09-16T09:50,101.8,0.0,1017.2,170.7,0.0,19.6,79.7,1.2,1.7
2026-09-16T09:55,,0.0,,,,,,,
2026-09-16T10:00,108.4,0.0,1017.2,142.3,0.0,19.8,74.9,1.1,1.9
2026-09-16T10:05,,0.0,,,,,,,
2026-09-16T10:10,138.5,0.0,1017.0,193.7,337.0,19.8,77.7,0.7,1.4
2026-09-16T10:15,,0.0,,,,,,,
2026-09-16T10:20,146.3,0.0,1016.8,507.9,600.0,20.6,71.3,0.9,2.1
2026-09-16T10:25,,0.0,,,,,,,
2026-09-16T10:30,147.3,0.0,1016.7,532.3,599.0,21.4,64.0,1.2,2.5
2026-09-16T10:35,,0.0,,,,,,,
2026-09-16T10:40,137.3,0.0,1016.5,554.7,600.0,21.9,62.2,1.6,3.1
2026-09-16T10:45,,0.0,,,,,,,
2026-09-16T10:50,152.3,0.0,1016.5,576.5,599.0,22.5,60.8,1.6,2.7
2026-09-16T10:55,,0.0,,,,,,,
2026-09-16T11:00,136.7,0.0,1016.4,595.6,600.0,22.8,59.7,2.1,3.7
2026-09-16T11:05,,0.0,,,,,,,
2026-09-16T11:10,162.5,0.0,1016.2,611.8,599.0,23.2,60.0,1.5,4.1
2026-09-16T11:15,,0.0,,,,,,,
2026-09-16T11:20,130.4,0.0,1015.9,629.7,600.0,23.4,58.5,1.8,4.0
2026-09-16T11:25,,0.0,,,,,,,
2026-09-16T11:30,133.2,0.0,1015.9,645.4,600.0,23.7,56.8,1.9,3.8
2026-09-16T11:35,,0.0,,,,,,,
2026-09-16T11:40,151.2,0.0,1015.6,658.8,600.0,24.0,55.8,1.5,3.0
2026-09-16T11:45,,0.0,,,,,,,
2026-09-16T11:50,146.6,0.0,1015.4,670.4,600.0,24.2,54.4,1.6,3.3
2026-09-16T11:55,,0.0,,,,,,,
2026-09-16T12:00,163.1,0.0,1015.2,682.0,600.0,24.5,54.4,1.3,3.5
2026-09-16T12:05,,0.0,,,,,,,
2026-09-16T12:10,144.1,0.0,1015.1,691.4,600.0,24.8,53.0,1.1,2.8
2026-09-16T12:15,,0.0,,,,,,,
2026-09-16T12:20,153.2,0.0,1014.8,701.3,600.0,25.2,52.2,1.2,2.9
2026-09-16T12:25,,0.0,,,,,,,
2026-09-16T12:30,163.2,0.0,1014.5,708.0,600.0,25.4,51.8,1.3,2.8
2026-09-16T12:35,,0.0,,,,,,,
2026-09-16T12:40,163.5,0.0,1014.4,713.4,600.0,25.7,51.3,1.6,3.6
2026-09-16T12:45,,0.0,,,,,,,
2026-09-16T12:50,146.5,0.0,1014.1,718.1,600.0,25.9,50.8,1.8,4.2
2026-09-16T12:55,,0.0,,,,,,,
2026-09-16T13:00,148.9,0.0,1013.9,720.7,600.0,26.2,50.0,1.7,3.6
2026-09-16T13:05,,0.0,,,,,,,
2026-09-16T13:10,149.5,0.0,1013.8,721.6,599.0,26.4,49.8,2.0,4.3
2026-09-16T13:15,,0.0,,,,,,,
2026-09-16T13:20,140.9,0.0,1013.5,720.6,600.0,26.7,47.2,2.3,4.5
2026-09-16T13:25,,0.0,,,,,,,
2026-09-16T13:30,132.6,0.0,1013.2,719.1,599.0,27.0,48.5,2.1,4.7
2026-09-16T13:35,,0.0,,,,,,,
2026-09-16T13:40,129.9,0.0,1013.1,719.3,600.0,27.2,47.8,2.3,4.4
2026-09-16T13:45,,0.0,,,,,,,
2026-09-16T13:50,143.3,0.0,1012.7,711.1,600.0,27.4,47.9,1.9,4.6
2026-09-16T13:55,,0.0,,,,,,,
2026-09-16T14:00,144.7,0.0,1012.6,710.4,600.0,27.4,47.9,2.3,5.0
2026-09-16T14:05,,0.0,,,,,,,
2026-09-16T14:10,162.2,0.0,1012.4,702.1,600.0,27.5,48.6,2.3,4.7
2026-09-16T14:15,,0.0,,,,,,,
2026-09-16T14:20,158.3,0.0,1012.2,691.3,222.0,27.5,48.7,2.7,5.9
2026-09-16T14:25,,0.0,,,,,,,
2026-09-16T14:30,152.7,0.0,1012.0,681.5,600.0,27.6,48.6,2.9,4.7
2026-09-16T14:35,,0.0,,,,,,,
2026-09-16T14:40,155.4,0.0,1011.8,672.5,599.0,27.6,49.1,2.8,5.0
2026-09-16T14:45,,0.0,,,,,,,
2026-09-16T14:50,162.4,0.0,1011.6,549.2,600.0,27.8,48.8,2.6,5.2
2026-09-16T14:55,,0.0,,,,,,,
2026-09-16T15:00,164.4,0.0,1011.5,318.4,599.0,28.0,48.1,2.6,5.3
2026-09-16T15:05,,0.0,,,,,,,
2026-09-16T15:10,163.4,0.0,1011.3,620.2,600.0,27.9,48.7,2.6,5.4
2026-09-16T15:15,,0.0,,,,,,,
2026-09-16T15:20,166.7,0.0,1011.0,786.2,600.0,28.3,46.8,2.5,4.9
2026-09-16T15:25,,0.0,,,,,,,
2026-09-16T15:30,168.4,0.0,1010.8,505.3,600.0,28.2,47.5,2.6,5.1
2026-09-16T15:35,,0.0,,,,,,,
2026-09-16T15:40,154.6,0.0,1010.8,382.9,600.0,27.9,48.2,2.7,5.7
2026-09-16T15:45,,0.0,,,,,,,
2026-09-16T15:50,161.6,0.0,1010.7,672.3,600.0,28.2,46.6,2.4,4.7
2026-09-16T15:55,,0.0,,,,,,,
2026-09-16T16:00,164.9,0.0,1010.5,585.1,600.0,28.8,45.6,2.3,3.9
2026-09-16T16:05,,0.0,,,,,,,
2026-09-16T16:10,168.2,0.0,1010.4,516.6,599.0,28.7,45.0,2.5,6.2
2026-09-16T16:15,,0.0,,,,,,,
2026-09-16T16:20,167.1,0.0,1010.3,481.6,600.0,28.7,44.2,2.9,6.4
2026-09-16T16:25,,0.0,,,,,,,
2026-09-16T16:30,181.4,0.0,1010.2,460.3,600.0,28.5,45.6,2.7,4.7
2026-09-16T16:35,,0.0,,,,,,,
2026-09-16T16:40,172.1,0.0,1010.1,461.9,599.0,28.6,44.9,2.7,5.5
2026-09-16T16:45,,0.0,,,,,,,
2026-09-16T16:50,169.4,0.0,1010.0,479.4,600.0,28.8,44.7,2.8,6.1
2026-09-16T16:55,,0.0,,,,,,,
2026-09-16T17:00,160.6,0.0,1010.0,484.1,600.0,28.8,44.2,3.4,6.2
2026-09-16T17:05,,0.0,,,,,,,
2026-09-16T17:10,149.8,0.0,1010.0,389.4,600.0,28.9,43.8,3.1,6.4
2026-09-16T17:15,,0.0,,,,,,,
2026-09-16T17:20,140.6,0.0,1010.0,305.7,600.0,28.4,44.4,2.8,5.5
2026-09-16T17:25,,0.0,,,,,,,
2026-09-16T17:30,134.8,0.0,1009.9,315.4,600.0,28.5,42.9,3.4,6.0
2026-09-16T17:35,,0.0,,,,,,,
2026-09-16T17:40,131.1,0.0,1009.9,344.9,600.0,28.4,43.1,3.2,7.2
2026-09-16T17:45,,0.0,,,,,,,
2026-09-16T17:50,139.3,0.0,1009.8,292.3,600.0,28.3,43.9,2.9,6.0
2026-09-16T17:55,,0.0,,,,,,,
2026-09-16T18:00,137.3,0.0,1009.8,230.4,600.0,28.0,44.3,3.1,5.8
2026-09-16T18:05,,0.0,,,,,,,
2026-09-16T18:10,145.0,0.0,1009.9,91.6,37.0,27.3,45.2,3.3,5.6
2026-09-16T18:15,,0.0,,,,,,,
2026-09-16T18:20,136.6,0.0,1009.9,87.3,0.0,26.9,46.2,3.5,6.5
2026-09-16T18:25,,0.0,,,,,,,
2026-09-16T18:30,129.2,0.0,1009.9,68.9,0.0,26.6,46.5,3.6,8.6
2026-09-16T18:35,,0.0,,,,,,,
2026-09-16T18:40,131.0,0.0,1009.9,53.4,0.0,26.3,47.4,3.6,7.1
2026-09-16T18:45,,0.0,,,,,,,
2026-09-16T18:50,128.7,0.0,1009.9,43.4,0.0,26.1,48.1,3.1,6.4
2026-09-16T18:55,,0.0,,,,,,,
2026-09-16T19:00,131.3,0.0,1010.0,24.5,0.0,25.8,49.7,2.5,5.1
2026-09-16T19:05,,0.0,,,,,,,
2026-09-16T19:10,134.6,0.0,1010.2,4.2,0.0,25.4,51.0,2.0,4.3
2026-09-16T19:15,,0.0,,,,,,,
2026-09-16T19:20,127.4,0.0,1010.5,0.4,0.0,25.4,50.9,2.3,5.8
2026-09-16T19:25,,0.0,,,,,,,
2026-09-16T19:30,129.1,0.0,1010.7,0.0,0.0,25.1,52.7,1.7,4.1
2026-09-16T19:35,,0.0,,,,,,,
2026-09-16T19:40,142.7,0.0,1011.0,0.0,0.0,24.6,55.3,1.3,2.8
2026-09-16T19:45,,0.0,,,,,,,
2026-09-16T19:50,160.5,0.0,1011.2,0.0,0.0,24.4,56.6,1.4,2.6
2026-09-16T19:55,,0.0,,,,,,,
2026-09-16T20:00,179.6,0.0,1011.3,0.0,0.0,23.4,61.6,1.6,3.7
2026-09-16T20:05,,0.0,,,,,,,
2026-09-16T20:10,180.7,0.0,1011.3,0.0,0.0,23.3,61.1,1.6,4.0
2026-09-16T20:15,,0.0,,,,,,,
2026-09-16T20:20,188.2,0.0,1011.3,0.0,0.0,23.1,61.1,2.9,4.3
2026-09-16T20:25,,0.0,,,,,,,
2026-09-16T20:30,190.7,0.0,1011.6,0.0,0.0,23.1,60.7,2.9,4.4
2026-09-16T20:35,,0.0,,,,,,,
2026-09-16T20:40,177.0,0.0,1011.9,0.0,0.0,23.0,61.4,1.5,3.4
2026-09-16T20:45,,0.0,,,,,,,
2026-09-16T20:50,149.5,0.0,1012.0,0.0,0.0,22.3,66.4,1.2,2.3
2026-09-16T20:55,,0.0,,,,,,,
2026-09-16T21:00,174.4,0.0,1012.3,0.0,0.0,22.0,66.4,1.3,2.8
2026-09-16T21:05,,0.0,,,,,,,
2026-09-16T21:10,190.3,0.0,1012.4,0.0,0.0,22.3,64.3,2.2,3.3
2026-09-16T21:15,,0.0,,,,,,,
2026-09-16T21:20,200.8,0.0,1012.5,0.0,0.0,22.1,66.3,2.1,3.2
2026-09-16T21:25,,0.0,,,,,,,
2026-09-16T21:30,48.1,0.0,1012.8,0.0,0.0,21.8,70.2,0.6,2.0
2026-09-16T21:35,,0.0,,,,,,,
2026-09-16T21:40,44.5,0.0,1012.9,0.0,0.0,21.3,73.2,1.8,2.7
2026-09-16T21:45,,0.0,,,,,,,
2026-09-16T21:50,340.1,0.0,1013.1,0.0,0.0,21.5,72.4,1.3,3.3
2026-09-16T21:55,,0.0,,,,,,,
2026-09-16T22:00,293.4,0.0,1013.5,0.0,0.0,21.4,70.3,2.1,3.4
2026-09-16T22:05,,0.0,,,,,,,
2026-09-16T22:10,275.4,0.9,1013.8,0.0,0.0,21.5,62.0,3.2,5.4
2026-09-16T22:15,,0.9,,,,,,,
2026-09-16T22:20,299.2,0.2,1014.5,0.0,0.0,19.6,78.9,4.0,8.7
2026-09-16T22:25,,0.4,,,,,,,
2026-09-16T22:30,308.1,0.1,1015.1,0.0,0.0,18.4,87.1,3.7,5.8
2026-09-16T22:35,,0.1,,,,,,,
2026-09-16T22:40,307.8,0.3,1015.1,0.0,0.0,18.1,89.0,4.0,7.0
2026-09-16T22:45,,0.3,,,,,,,
2026-09-16T22:50,298.4,0.2,1015.2,0.0,0.0,17.7,93.4,3.6,5.6
2026-09-16T22:55,,0.2,,,,,,,
2026-09-16T23:00,296.1,0.2,1015.2,0.0,0.0,17.5,94.0,3.4,5.7
2026-09-16T23:05,,0.2,,,,,,,
2026-09-16T23:10,339.5,0.1,1015.3,0.0,0.0,17.5,95.1,1.4,3.6
2026-09-16T23:15,,0.3,,,,,,,
2026-09-16T23:20,2.2,0.4,1015.3,0.0,0.0,17.4,98.5,1.2,2.1
2026-09-16T23:25,,0.1,,,,,,,
2026-09-16T23:30,14.3,0.0,1015.1,0.0,0.0,17.3,100.2,2.0,2.8
2026-09-16T23:35,,0.1,,,,,,,
2026-09-16T23:40,270.4,0.1,1015.1,0.0,0.0,17.2,100.2,1.4,2.2
2026-09-16T23:45,,0.0,,,,,,,
2026-09-16T23:50,75.8,0.0,1015.0,0.0,0.0,17.1,100.2,0.8,2.5
2026-09-16T23:55,,0.0,,,,,,,
2026-09-17T00:00,298.1,0.0,1014.8,0.0,0.0,17.0,100.1,0.9,1.7
2026-09-17T00:05,,0.0,,,,,,,
2026-09-17T00:10,265.0,0.0,1015.2,0.0,0.0,16.9,100.1,1.3,2.9
2026-09-17T00:15,,0.0,,,,,,,
2026-09-17T00:20,89.1,0.0,1015.3,0.0,0.0,16.9,100.1,0.5,1.7
2026-09-17T00:25,,0.0,,,,,,,
2026-09-17T00:30,353.4,0.0,1015.2,0.0,0.0,16.7,100.0,0.5,1.0
2026-09-17T00:35,,0.0,,,,,,,
2026-09-17T00:40,311.7,0.0,1015.2,0.0,0.0,16.6,100.0,1.3,2.0
2026-09-17T00:45,,0.0,,,,,,,
2026-09-17T00:50,341.8,0.0,1015.2,0.0,0.0,16.6,100.0,1.4,2.2
2026-09-17T00:55,,0.0,,,,,,,
2026-09-17T01:00,303.8,0.0,1015.0,0.0,0.0,16.6,100.0,1.8,2.4
2026-09-17T01:05,,0.0,,,,,,,
2026-09-17T01:10,337.6,0.0,1015.1,0.0,0.0,16.6,100.0,1.8,2.7
2026-09-17T01:15,,0.0,,,,,,,
2026-09-17T01:20,298.3,0.0,1015.0,0.0,0.0,16.7,100.0,1.3,3.0
2026-09-17T01:25,,0.0,,,,,,,
2026-09-17T01:30,271.8,0.0,1015.1,0.0,0.0,16.7,100.0,1.3,2.2
2026-09-17T01:35,,0.0,,,,,,,
2026-09-17T01:40,326.0,0.0,1015.1,0.0,0.0,16.7,100.0,1.3,2.7
2026-09-17T01:45,,0.0,,,,,,,
2026-09-17T01:50,309.0,0.0,1015.1,0.0,0.0,16.7,100.0,1.3,2.8
2026-09-17T01:55,,0.0,,,,,,,
2026-09-17T02:00,281.4,0.0,1015.1,0.0,0.0,16.7,100.0,2.3,3.4
2026-09-17T02:05,,0.1,,,,,,,
2026-09-17T02:10,296.6,0.1,1015.0,0.0,0.0,16.8,100.0,0.9,2.8
2026-09-17T02:15,,0.1,,,,,,,
2026-09-17T02:20,191.3,0.3,1014.8,0.0,0.0,16.9,100.0,1.2,3.0
2026-09-17T02:25,,0.2,,,,,,,
2026-09-17T02:30,55.6,0.1,1015.1,0.0,0.0,16.8,100.0,1.5,3.2
2026-09-17T02:35,,0.1,,,,,,,
2026-09-17T02:40,17.2,0.0,1014.9,0.0,0.0,16.7,100.0,0.7,1.5
2026-09-17T02:45,,0.1,,,,,,,
2026-09-17T02:50,234.5,0.0,1014.8,0.0,0.0,16.6,100.0,0.9,2.3
2026-09-17T02:55,,0.1,,,,,,,
2026-09-17T03:00,304.8,0.1,1014.8,0.0,0.0,16.6,100.0,0.7,1.3
2026-09-17T03:05,,0.1,,,,,,,
2026-09-17T03:10,358.1,0.0,1014.8,0.0,0.0,16.6,100.0,1.0,1.6
2026-09-17T03:15,,0.1,,,,,,,
2026-09-17T03:20,328.1,0.1,1014.8,0.0,0.0,16.6,100.0,0.9,1.4
2026-09-17T03:25,,0.1,,,,,,,
2026-09-17T03:30,249.0,0.0,1014.8,0.0,0.0,16.6,100.0,0.7,1.6
2026-09-17T03:35,,0.1,,,,,,,
2026-09-17T03:40,114.9,0.0,1014.9,0.0,0.0,16.7,100.0,0.5,1.3
2026-09-17T03:45,,0.0,,,,,,,
2026-09-17T03:50,15.8,0.0,1015.1,0.0,0.0,16.6,100.0,0.4,0.6
2026-09-17T03:55,,0.0,,,,,,,
2026-09-17T04:00,322.6,0.0,1015.3,0.0,0.0,16.6,99.9,0.4,0.8
2026-09-17T04:05,,0.1,,,,,,,
2026-09-17T04:10,243.5,0.0,1015.4,0.0,0.0,16.6,99.9,0.8,1.2
2026-09-17T04:15,,0.0,,,,,,,
2026-09-17T04:20,271.5,0.1,1015.3,0.0,0.0,16.6,99.9,1.0,1.8
2026-09-17T04:25,,0.0,,,,,,,
2026-09-17T04:30,287.3,0.0,1015.3,0.0,0.0,16.6,99.9,0.7,1.6
2026-09-17T04:35,,0.0,,,,,,,
2026-09-17T04:40,31.0,0.0,1015.1,0.0,0.0,16.5,99.9,0.8,1.4
2026-09-17T04:45,,0.0,,,,,,,
2026-09-17T04:50,342.9,0.1,1014.9,0.0,0.0,16.5,99.9,0.7,1.1
2026-09-17T04:55,,0.0,,,,,,,
2026-09-17T05:00,311.4,0.1,1014.8,0.0,0.0,16.5,99.9,1.1,1.7
2026-09-17T05:05,,0.0,,,,,,,
2026-09-17T05:10,318.4,0.0,1014.8,0.0,0.0,16.5,99.9,2.0,3.6
2026-09-17T05:15,,0.0,,,,,,,
2026-09-17T05:20,280.3,0.0,1014.8,0.0,0.0,16.4,99.9,1.5,2.6
2026-09-17T05:25,,0.0,,,,,,,
2026-09-17T05:30,274.5,0.0,1015.1,0.0,0.0,16.5,99.9,1.4,2.2
2026-09-17T05:35,,0.0,,,,,,,
2026-09-17T05:40,299.9,0.1,1015.1,0.0,0.0,16.5,99.9,0.8,1.3
2026-09-17T05:45,,0.0,,,,,,,
2026-09-17T05:50,320.0,0.0,1015.0,0.0,0.0,16.5,99.9,0.7,1.1
2026-09-17T05:55,,0.0,,,,,,,
2026-09-17T06:00,43.2,0.0,1015.1,0.0,0.0,16.5,99.9,1.4,2.2
2026-09-17T06:05,,0.0,,,,,,,
2026-09-17T06:10,232.3,0.0,1014.9,0.0,0.0,16.5,99.9,0.3,1.4
2026-09-17T06:15,,0.0,,,,,,,
2026-09-17T06:20,188.4,0.0,1014.9,0.0,0.0,16.5,99.9,0.8,1.8
2026-09-17T06:25,,0.0,,,,,,,
2026-09-17T06:30,170.5,0.0,1015.1,0.0,0.0,16.5,99.9,0.8,1.7
2026-09-17T06:35,,0.0,,,,,,,
2026-09-17T06:40,141.6,0.0,1015.2,0.0,0.0,16.4,99.9,0.5,1.9
2026-09-17T06:45,,0.0,,,,,,,
2026-09-17T06:50,106.5,0.0,1014.9,0.0,0.0,16.4,99.9,0.9,2.0
2026-09-17T06:55,,0.0,,,,,,,
2026-09-17T07:00,46.1,0.0,1015.3,0.0,0.0,16.4,99.9,0.9,2.2
2026-09-17T07:05,,0.0,,,,,,,
2026-09-17T07:10,84.6,0.0,1015.1,0.0,0.0,16.5,99.9,1.1,2.2
2026-09-17T07:15,,0.0,,,,,,,
2026-09-17T07:20,216.0,0.0,1015.2,1.2,0.0,16.4,99.9,1.1,2.0
2026-09-17T07:25,,0.0,,,,,,,
2026-09-17T07:30,84.3,0.0,1015.3,3.5,0.0,16.4,99.9,0.8,1.6
2026-09-17T07:35,,0.0,,,,,,,
2026-09-17T07:40,222.5,0.0,1015.3,2.3,0.0,16.3,99.9,0.9,2.8
2026-09-17T07:45,,0.0,,,,,,,
2026-09-17T07:50,301.5,0.0,1015.4,3.0,0.0,16.4,99.9,0.4,2.8
2026-09-17T07:55,,0.0,,,,,,,
2026-09-17T08:00,32.1,0.0,1015.5,5.1,0.0,16.4,99.9,1.3,2.0
2026-09-17T08:05,,0.0,,,,,,,
2026-09-17T08:10,344.5,0.0,1015.3,21.8,0.0,16.4,99.9,0.7,1.7
2026-09-17T08:15,,0.0,,,,,,,
2026-09-17T08:20,303.6,0.0,1015.2,45.0,0.0,16.5,99.9,1.2,1.9
2026-09-17T08:25,,0.0,,,,,,,
2026-09-17T08:30,302.7,0.0,1014.9,57.7,0.0,16.5,99.9,1.2,2.1
2026-09-17T08:35,,0.0,,,,,,,
2026-09-17T08:40,312.0,0.0,1014.9,89.4,315.0,16.6,99.9,1.4,2.2
2026-09-17T08:45,,0.0,,,,,,,
2026-09-17T08:50,304.2,0.0,1014.8,184.2,538.0,17.1,99.9,1.0,1.7
2026-09-17T08:55,,0.0,,,,,,,
2026-09-17T09:00,270.5,0.0,1014.7,168.1,223.0,17.1,99.9,1.0,1.9
2026-09-17T09:05,,0.0,,,,,,,
2026-09-17T09:10,302.9,0.0,1014.6,366.2,600.0,17.9,100.0,0.8,2.2
2026-09-17T09:15,,0.0,,,,,,,
2026-09-17T09:20,12.9,0.0,1014.6,164.9,567.0,18.1,99.9,1.2,2.2
2026-09-17T09:25,,0.0,,,,,,,
2026-09-17T09:30,312.0,0.0,1014.7,135.4,385.0,18.0,96.6,0.6,1.1
2026-09-17T09:35,,0.0,,,,,,,
2026-09-17T09:40,97.0,0.0,1015.0,100.3,0.0,18.0,96.3,1.0,2.1
2026-09-17T09:45,,0.0,,,,,,,
2026-09-17T09:50,141.2,0.0,1015.1,87.3,0.0,17.8,99.9,0.9,1.8
2026-09-17T09:55,,0.0,,,,,,,
2026-09-17T10:00,119.4,0.0,1015.3,309.2,335.0,18.0,99.7,1.8,3.2
2026-09-17T10:05,,0.0,,,,,,,
2026-09-17T10:10,148.4,0.0,1015.1,490.5,600.0,18.9,94.1,1.5,3.1
2026-09-17T10:15,,0.0,,,,,,,
2026-09-17T10:20,151.6,0.0,1014.9,546.1,599.0,19.3,85.5,1.5,3.1
2026-09-17T10:25,,0.0,,,,,,,
2026-09-17T10:30,139.8,0.0,1014.8,396.0,599.0,19.7,79.3,1.4,2.7
2026-09-17T10:35,,0.0,,,,,,,
2026-09-17T10:40,115.5,0.0,1014.7,228.4,600.0,19.5,80.9,1.4,3.1
2026-09-17T10:45,,0.0,,,,,,,
2026-09-17T10:50,128.1,0.0,1014.6,326.2,600.0,19.5,78.7,1.4,2.4
2026-09-17T10:55,,0.0,,,,,,,
2026-09-17T11:00,133.1,0.0,1014.6,579.5,599.0,20.3,73.4,1.7,3.6
2026-09-17T11:05,,0.0,,,,,,,
2026-09-17T11:10,135.8,0.0,1014.6,578.7,600.0,20.8,71.0,1.2,3.5
2026-09-17T11:15,,0.0,,,,,,,
2026-09-17T11:20,125.5,0.0,1014.5,647.0,600.0,21.3,68.1,1.6,3.4
2026-09-17T11:25,,0.0,,,,,,,
2026-09-17T11:30,153.0,0.0,1014.3,675.1,600.0,21.8,63.3,1.5,3.8
2026-09-17T11:35,,0.0,,,,,,,
2026-09-17T11:40,135.9,0.0,1014.2,681.3,599.0,22.0,60.2,1.5,3.9
2026-09-17T11:45,,0.0,,,,,,,
2026-09-17T11:50,129.0,0.0,1014.1,694.0,600.0,22.3,57.2,2.0,4.4
2026-09-17T11:55,,0.0,,,,,,,
2026-09-17T12:00,144.7,0.0,1013.8,704.5,600.0,22.5,55.5,1.5,3.3
2026-09-17T12:05,,0.0,,,,,,,
2026-09-17T12:10,159.5,0.0,1013.6,712.2,600.0,22.6,56.4,1.7,3.8
2026-09-17T12:15,,0.0,,,,,,,
2026-09-17T12:20,140.3,0.0,1013.6,721.4,599.0,23.0,52.9,1.6,3.4
2026-09-17T12:25,,0.0,,,,,,,
2026-09-17T12:30,129.4,0.0,1013.4,726.0,600.0,23.4,52.0,1.4,3.3
2026-09-17T12:35,,0.0,,,,,,,
2026-09-17T12:40,141.3,0.0,1013.2,777.2,600.0,24.0,51.8,1.5,4.0
2026-09-17T12:45,,0.0,,,,,,,
2026-09-17T12:50,178.9,0.0,1013.1,344.4,404.0,23.1,52.8,1.5,3.2
2026-09-17T12:55,,0.0,,,,,,,
2026-09-17T13:00,157.9,0.0,1013.0,745.3,600.0,23.6,51.1,1.3,2.8
2026-09-17T13:05,,0.0,,,,,,,
2026-09-17T13:10,159.2,0.0,1012.8,741.6,600.0,24.0,49.6,1.4,3.2
2026-09-17T13:15,,0.0,,,,,,,
2026-09-17T13:20,133.9,0.0,1012.7,734.3,600.0,24.2,47.7,1.7,3.6
2026-09-17T13:25,,0.0,,,,,,,
2026-09-17T13:30,147.2,0.0,1012.4,742.1,600.0,24.7,48.3,1.3,3.7
2026-09-17T13:35,,0.0,,,,,,,
2026-09-17T13:40,165.8,0.0,1012.3,739.0,600.0,24.7,47.7,1.7,3.9
2026-09-17T13:45,,0.0,,,,,,,
2026-09-17T13:50,150.5,0.0,1012.2,735.8,600.0,24.8,47.4,2.2,4.4
2026-09-17T13:55,,0.0,,,,,,,
2026-09-17T14:00,152.6,0.0,1012.1,734.1,599.0,25.0,45.9,1.8,3.8
2026-09-17T14:05,,0.0,,,,,,,
2026-09-17T14:10,150.4,0.0,1012.0,507.4,405.0,25.1,45.2,2.0,4.0
2026-09-17T14:15,,0.0,,,,,,,
2026-09-17T14:20,158.1,0.0,1012.0,257.6,75.0,24.2,47.1,1.6,2.9
2026-09-17T14:25,,0.0,,,,,,,
2026-09-17T14:30,161.2,0.0,1011.9,405.2,339.0,23.8,50.9,1.4,3.0
2026-09-17T14:35,,0.0,,,,,,,
2026-09-17T14:40,162.5,0.0,1011.8,686.5,599.0,25.1,47.2,2.2,4.0
2026-09-17T14:45,,0.0,,,,,,,
2026-09-17T14:50,162.5,0.0,1011.6,544.7,600.0,25.3,49.0,2.6,5.0
2026-09-17T14:55,,0.0,,,,,,,
2026-09-17T15:00,168.5,0.0,1011.5,144.1,536.0,25.2,51.8,2.3,4.9
2026-09-17T15:05,,0.0,,,,,,,
2026-09-17T15:10,169.5,0.0,1011.6,548.7,600.0,24.5,53.2,2.5,5.3
2026-09-17T15:15,,0.0,,,,,,,
2026-09-17T15:20,162.2,0.0,1011.5,626.0,599.0,25.0,52.6,1.8,3.8
2026-09-17T15:25,,0.0,,,,,,,
2026-09-17T15:30,144.6,0.0,1011.3,481.6,600.0,25.3,49.4,2.0,5.0
2026-09-17T15:35,,0.0,,,,,,,
2026-09-17T15:40,152.3,0.0,1011.1,588.7,599.0,25.5,47.4,2.4,4.2
2026-09-17T15:45,,0.0,,,,,,,
2026-09-17T15:50,144.0,0.0,1011.1,364.5,340.0,25.6,46.0,2.4,5.6
2026-09-17T15:55,,0.0,,,,,,,
2026-09-17T16:00,146.8,0.0,1011.1,454.7,549.0,25.3,47.7,2.3,4.6
2026-09-17T16:05,,0.0,,,,,,,
2026-09-17T16:10,160.5,0.0,1011.0,504.1,600.0,25.8,47.8,2.1,4.8
2026-09-17T16:15,,0.0,,,,,,,
2026-09-17T16:20,153.3,0.0,1010.9,496.1,600.0,25.9,47.3,2.5,5.1
2026-09-17T16:25,,0.0,,,,,,,
2026-09-17T16:30,148.5,0.0,1010.9,483.3,600.0,25.9,45.5,2.8,5.3
2026-09-17T16:35,,0.0,,,,,,,
2026-09-17T16:40,158.6,0.0,1010.8,446.2,599.0,26.0,47.0,2.5,5.0
2026-09-17T16:45,,0.0,,,,,,,
2026-09-17T16:50,187.9,0.0,1010.8,444.8,600.0,25.7,49.5,2.8,4.8
2026-09-17T16:55,,0.0,,,,,,,
2026-09-17T17:00,175.5,0.0,1010.8,328.7,600.0,25.6,50.0,2.4,5.0
2026-09-17T17:05,,0.0,,,,,,,
2026-09-17T17:10,198.3,0.0,1010.9,132.0,253.0,24.8,52.6,3.3,5.0
2026-09-17T17:15,,0.0,,,,,,,
2026-09-17T17:20,192.3,0.0,1010.8,251.4,600.0,24.4,52.8,3.4,5.1
2026-09-17T17:25,,0.0,,,,,,,
2026-09-17T17:30,188.3,0.0,1010.8,243.6,600.0,24.4,52.5,2.5,4.7
2026-09-17T17:35,,0.0,,,,,,,
2026-09-17T17:40,182.5,0.0,1010.7,222.7,600.0,24.6,52.0,2.2,5.1
2026-09-17T17:45,,0.0,,,,,,,
2026-09-17T17:50,180.9,0.0,1010.8,194.6,600.0,24.4,53.1,2.1,4.5
2026-09-17T17:55,,0.0,,,,,,,
2026-09-17T18:00,155.0,0.0,1010.7,146.1,600.0,24.5,52.4,2.1,4.3
2026-09-17T18:05,,0.0,,,,,,,
2026-09-17T18:10,162.6,0.0,1010.8,68.4,63.0,23.6,56.8,1.7,3.3
2026-09-17T18:15,,0.0,,,,,,,
2026-09-17T18:20,169.9,0.0,1010.9,55.4,0.0,23.2,57.6,1.5,3.6
2026-09-17T18:25,,0.0,,,,,,,
2026-09-17T18:30,168.5,0.0,1011.0,49.9,0.0,22.9,58.5,1.4,4.2
2026-09-17T18:35,,0.0,,,,,,,
2026-09-17T18:40,164.6,0.0,1011.1,41.9,0.0,22.5,59.2,1.2,3.0
2026-09-17T18:45,,0.0,,,,,,,
2026-09-17T18:50,170.1,0.0,1011.1,27.9,0.0,22.2,61.0,1.1,2.5
2026-09-17T18:55,,0.0,,,,,,,
2026-09-17T19:00,144.5,0.0,1011.1,16.6,0.0,21.3,68.9,0.8,1.6
2026-09-17T19:05,,0.0,,,,,,,
2026-09-17T19:10,149.8,0.0,1011.3,7.9,0.0,20.1,78.4,1.0,1.6
2026-09-17T19:15,,0.0,,,,,,,
2026-09-17T19:20,136.6,0.0,1011.4,1.2,0.0,19.4,82.7,0.7,1.6
2026-09-17T19:25,,0.0,,,,,,,
2026-09-17T19:30,151.3,0.0,1011.4,0.0,0.0,19.5,75.9,0.9,2.4
2026-09-17T19:35,,0.0,,,,,,,
2026-09-17T19:40,148.8,0.0,1011.6,0.0,0.0,19.3,79.0,1.0,2.4
2026-09-17T19:45,,0.0,,,,,,,
2026-09-17T19:50,135.7,0.0,1011.7,0.0,0.0,19.1,78.0,1.0,2.0
2026-09-17T19:55,,0.0,,,,,,,
2026-09-17T20:00,167.9,0.0,1011.6,0.0,0.0,19.7,71.2,1.4,2.9
2026-09-17T20:05,,0.0,,,,,,,
2026-09-17T20:10,156.4,0.0,1011.7,0.0,0.0,20.3,68.1,1.2,2.4
2026-09-17T20:15,,0.0,,,,,,,
2026-09-17T20:20,126.9,0.0,1012.1,0.0,0.0,19.4,75.1,1.2,2.6
2026-09-17T20:25,,0.0,,,,,,,
2026-09-17T20:30,153.5,0.0,1012.3,0.0,0.0,19.1,77.4,1.2,2.1
2026-09-17T20:35,,0.0,,,,,,,
2026-09-17T20:40,139.9,0.0,1012.6,0.0,0.0,19.0,78.6,1.0,2.2
2026-09-17T20:45,,0.0,,,,,,,
2026-09-17T20:50,147.5,0.0,1012.8,0.0,0.0,18.9,79.5,1.2,2.1
2026-09-17T20:55,,0.0,,,,,,,
2026-09-17T21:00,153.5,0.0,1012.8,0.0,0.0,18.8,82.0,0.9,2.1
2026-09-17T21:05,,0.0,,,,,,,
2026-09-17T21:10,157.2,0.0,1012.9,0.0,0.0,19.1,79.3,0.7,1.7
2026-09-17T21:15,,0.0,,,,,,,
2026-09-17T21:20,133.3,0.0,1013.1,0.0,0.0,19.1,80.1,0.9,1.8
2026-09-17T21:25,,0.0,,,,,,,
2026-09-17T21:30,107.9,0.0,1013.2,0.0,0.0,19.2,78.3,1.3,2.1
2026-09-17T21:35,,0.0,,,,,,,
2026-09-17T21:40,101.8,0.0,1013.3,0.0,0.0,19.4,76.5,1.9,2.6
2026-09-17T21:45,,0.0,,,,,,,
2026-09-17T21:50,115.3,0.0,1013.4,0.0,0.0,19.4,76.2,1.9,3.2
2026-09-17T21:55,,0.0,,,,,,,
2026-09-17T22:00,122.1,0.0,1013.3,0.0,0.0,19.7,73.5,1.5,2.9
2026-09-17T22:05,,0.0,,,,,,,
2026-09-17T22:10,101.7,0.0,1013.4,0.0,0.0,19.4,76.4,1.7,2.5
2026-09-17T22:15,,0.0,,,,,,,
2026-09-17T22:20,99.0,0.0,1013.4,0.0,0.0,19.2,77.7,1.7,2.3
2026-09-17T22:25,,0.0,,,,,,,
2026-09-17T22:30,91.1,0.0,1013.5,0.0,0.0,19.0,79.9,1.2,1.8
2026-09-17T22:35,,0.0,,,,,,,
2026-09-17T22:40,101.0,0.0,1013.7,0.0,0.0,18.9,82.9,0.8,1.6
2026-09-17T22:45,,0.0,,,,,,,
2026-09-17T22:50,243.0,0.0,1013.8,0.0,0.0,18.2,90.8,0.4,1.4
2026-09-17T22:55,,0.0,,,,,,,
2026-09-17T23:00,205.1,0.0,1013.8,0.0,0.0,18.3,88.7,0.1,1.4
2026-09-17T23:05,,0.0,,,,,,,
2026-09-17T23:10,192.0,0.0,1013.8,0.0,0.0,18.3,92.0,0.5,1.5
2026-09-17T23:15,,0.0,,,,,,,
2026-09-17T23:20,209.8,0.0,1013.9,0.0,0.0,18.2,91.6,0.4,1.6
2026-09-17T23:25,,0.0,,,,,,,
2026-09-17T23:30,324.3,0.0,1014.0,0.0,0.0,18.2,94.3,0.5,1.2
2026-09-17T23:35,,0.0,,,,,,,
2026-09-17T23:40,313.6,0.0,1014.0,0.0,0.0,18.1,94.3,1.1,1.8
2026-09-17T23:45,,0.0,,,,,,,
2026-09-17T23:50,327.3,0.0,1014.0,0.0,0.0,18.4,87.4,0.8,1.0
2026-09-17T23:55,,0.0,,,,,,,
2026-09-18T00:00,297.9,0.0,1013.9,0.0,0.0,18.4,88.5,0.6,1.0
2026-09-18T00:05,,0.0,,,,,,,
2026-09-18T00:10,312.9,0.0,1014.0,0.0,0.0,18.1,92.5,0.9,1.6
2026-09-18T00:15,,0.0,,,,,,,
2026-09-18T00:20,331.4,0.0,1013.9,0.0,0.0,18.1,91.6,1.2,1.6
2026-09-18T00:25,,0.0,,,,,,,
2026-09-18T00:30,274.5,0.0,1013.9,0.0,0.0,17.7,95.2,0.3,1.7
2026-09-18T00:35,,0.0,,,,,,,
2026-09-18T00:40,283.8,0.0,1013.9,0.0,0.0,17.4,99.2,0.6,1.3
2026-09-18T00:45,,0.0,,,,,,,
2026-09-18T00:50,85.7,0.0,1014.0,0.0,0.0,17.3,100.2,0.5,1.7
2026-09-18T00:55,,0.0,,,,,,,
2026-09-18T01:00,191.6,0.0,1014.1,0.0,0.0,17.1,100.2,0.5,1.7
2026-09-18T01:05,,0.0,,,,,,,
2026-09-18T01:10,258.7,0.0,1014.1,0.0,0.0,16.9,100.2,0.7,0.9
2026-09-18T01:15,,0.0,,,,,,,
2026-09-18T01:20,252.8,0.0,1014.1,0.0,0.0,16.9,100.2,0.7,1.6
2026-09-18T01:25,,0.0,,,,,,,
2026-09-18T01:30,19.7,0.0,1014.1,0.0,0.0,17.0,100.2,0.8,1.8
2026-09-18T01:35,,0.0,,,,,,,
2026-09-18T01:40,55.6,0.0,1014.1,0.0,0.0,17.1,100.2,1.2,2.0
2026-09-18T01:45,,0.0,,,,,,,
2026-09-18T01:50,259.2,0.0,1014.1,0.0,0.0,17.0,100.2,0.8,1.4
2026-09-18T01:55,,0.0,,,,,,,
2026-09-18T02:00,246.6,0.0,1014.1,0.0,0.0,17.1,100.2,0.3,1.0
2026-09-18T02:05,,0.0,,,,,,,
2026-09-18T02:10,121.1,0.0,1014.0,0.0,0.0,17.2,100.2,0.3,1.7
2026-09-18T02:15,,0.0,,,,,,,
2026-09-18T02:20,221.4,0.0,1014.1,0.0,0.0,17.1,100.1,0.5,1.4
2026-09-18T02:25,,0.0,,,,,,,
2026-09-18T02:30,253.5,0.0,1014.2,0.0,0.0,17.1,100.1,0.9,1.4
2026-09-18T02:35,,0.0,,,,,,,
2026-09-18T02:40,309.7,0.0,1014.2,0.0,0.0,17.1,100.1,0.1,1.5
2026-09-18T02:45,,0.0,,,,,,,
2026-09-18T02:50,72.6,0.0,1014.0,0.0,0.0,17.2,100.1,0.9,1.3
2026-09-18T02:55,,0.0,,,,,,,
2026-09-18T03:00,118.6,0.0,1014.1,0.0,0.0,17.2,100.1,0.3,1.6
2026-09-18T03:05,,0.0,,,,,,,
2026-09-18T03:10,52.0,0.0,1014.1,0.0,0.0,17.1,100.1,0.2,1.1
2026-09-18T03:15,,0.0,,,,,,,
2026-09-18T03:20,242.2,0.0,1014.1,0.0,0.0,17.0,100.1,0.4,1.7
2026-09-18T03:25,,0.0,,,,,,,
2026-09-18T03:30,259.1,0.0,1014.1,0.0,0.0,16.8,100.1,1.0,1.7
2026-09-18T03:35,,0.0,,,,,,,
2026-09-18T03:40,273.4,0.0,1014.1,0.0,0.0,16.8,100.1,0.8,1.3
2026-09-18T03:45,,0.0,,,,,,,
2026-09-18T03:50,31.7,0.0,1014.1,0.0,0.0,16.8,100.1,1.2,1.9
2026-09-18T03:55,,0.0,,,,,,,
2026-09-18T04:00,64.8,0.0,1014.1,0.0,0.0,16.9,100.1,0.5,1.2
2026-09-18T04:05,,0.0,,,,,,,
2026-09-18T04:10,26.2,0.0,1014.1,0.0,0.0,16.9,100.1,0.6,0.9
2026-09-18T04:15,,0.0,,,,,,,
2026-09-18T04:20,200.6,0.0,1014.0,0.0,0.0,16.8,100.1,0.3,1.6
2026-09-18T04:25,,0.0,,,,,,,
2026-09-18T04:30,260.1,0.0,1014.0,0.0,0.0,16.6,100.1,0.7,1.5
2026-09-18T04:35,,0.0,,,,,,,
2026-09-18T04:40,23.9,0.0,1013.9,0.0,0.0,16.4,100.1,0.4,0.7
2026-09-18T04:45,,0.0,,,,,,,
2026-09-18T04:50,175.4,0.0,1013.8,0.0,0.0,16.2,100.0,0.4,1.7
2026-09-18T04:55,,0.0,,,,,,,
2026-09-18T05:00,138.6,0.0,1013.9,0.0,0.0,16.2,100.0,0.4,1.5
2026-09-18T05:05,,0.0,,,,,,,
2026-09-18T05:10,357.3,0.0,1014.0,0.0,0.0,16.3,100.0,0.6,1.0
2026-09-18T05:15,,0.0,,,,,,,
2026-09-18T05:20,40.7,0.0,1014.1,0.0,0.0,16.4,100.0,0.8,1.5
2026-09-18T05:25,,0.0,,,,,,,
2026-09-18T05:30,133.4,0.0,1014.1,0.0,0.0,16.5,100.0,0.6,1.5
2026-09-18T05:35,,0.0,,,,,,,
2026-09-18T05:40,134.1,0.0,1014.1,0.0,0.0,16.7,100.0,0.6,0.9
2026-09-18T05:45,,0.0,,,,,,,
2026-09-18T05:50,217.2,0.0,1014.1,0.0,0.0,16.7,100.0,0.5,1.0
2026-09-18T05:55,,0.0,,,,,,,
2026-09-18T06:00,325.5,0.0,1014.1,0.0,0.0,16.6,100.0,0.6,1.0
2026-09-18T06:05,,0.0,,,,,,,
2026-09-18T06:10,355.0,0.0,1014.1,0.0,0.0,16.5,100.0,0.9,1.2
2026-09-18T06:15,,0.0,,,,,,,
2026-09-18T06:20,224.6,0.0,1014.1,0.0,0.0,16.4,100.0,1.1,1.9
2026-09-18T06:25,,0.0,,,,,,,
2026-09-18T06:30,138.7,0.0,1014.2,0.0,0.0,16.2,100.0,0.6,1.7
2026-09-18T06:35,,0.0,,,,,,,
2026-09-18T06:40,139.9,0.0,1014.3,0.0,0.0,16.1,100.0,0.5,1.9
2026-09-18T06:45,,0.0,,,,,,,
2026-09-18T06:50,104.8,0.0,1014.4,0.0,0.0,16.2,100.0,0.8,1.6
2026-09-18T06:55,,0.0,,,,,,,
2026-09-18T07:00,27.6,0.0,1014.4,0.0,0.0,16.3,100.0,1.4,1.7
2026-09-18T07:05,,0.0,,,,,,,
2026-09-18T07:10,21.3,0.0,1014.5,1.5,0.0,16.5,100.0,0.4,1.6
2026-09-18T07:15,,0.0,,,,,,,
2026-09-18T07:20,184.8,0.0,1014.5,6.9,0.0,16.6,100.0,0.5,1.5
2026-09-18T07:25,,0.0,,,,,,,
2026-09-18T07:30,193.7,0.0,1014.6,7.1,0.0,16.8,100.0,0.7,1.0
2026-09-18T07:35,,0.0,,,,,,,
2026-09-18T07:40,155.4,0.0,1014.6,14.1,0.0,16.9,100.0,0.6,1.2
2026-09-18T07:45,,0.0,,,,,,,
2026-09-18T07:50,144.8,0.0,1014.5,24.9,0.0,17.1,100.1,0.7,1.5
2026-09-18T07:55,,0.0,,,,,,,
2026-09-18T08:00,126.3,0.0,1014.6,32.0,0.0,17.3,100.1,0.7,1.1
2026-09-18T08:05,,0.0,,,,,,,
2026-09-18T08:10,88.6,0.0,1014.7,28.5,0.0,17.4,100.1,0.8,1.9
2026-09-18T08:15,,0.0,,,,,,,
2026-09-18T08:20,90.9,0.0,1014.7,39.6,0.0,17.3,100.1,1.4,2.0
2026-09-18T08:25,,0.0,,,,,,,
2026-09-18T08:30,135.4,0.0,1014.8,47.4,0.0,17.6,96.8,0.9,2.1
2026-09-18T08:35,,0.0,,,,,,,
2026-09-18T08:40,216.2,0.0,1014.9,52.3,0.0,17.7,97.7,1.2,1.9
2026-09-18T08:45,,0.0,,,,,,,
2026-09-18T08:50,211.3,0.0,1015.1,85.4,0.0,17.8,94.0,0.5,0.8
2026-09-18T08:55,,0.0,,,,,,,
2026-09-18T09:00,126.5,0.0,1015.1,132.9,0.0,18.2,85.5,0.4,1.4
2026-09-18T09:05,,0.0,,,,,,,
2026-09-18T09:10,59.0,0.0,1015.1,215.6,235.0,18.7,83.0,0.7,1.5
2026-09-18T09:15,,0.0,,,,,,,
2026-09-18T09:20,127.3,0.0,1015.2,321.4,600.0,19.2,74.7,1.2,2.0
2026-09-18T09:25,,0.0,,,,,,,
2026-09-18T09:30,179.4,0.0,1015.1,361.2,598.0,19.4,72.7,1.1,2.6
2026-09-18T09:35,,0.0,,,,,,,
2026-09-18T09:40,162.8,0.0,1015.0,460.5,600.0,20.0,69.5,0.9,1.9
2026-09-18T09:45,,0.0,,,,,,,
2026-09-18T09:50,153.7,0.0,1015.0,530.8,600.0,20.4,67.4,1.0,2.3
2026-09-18T09:55,,0.0,,,,,,,
2026-09-18T10:00,166.7,0.0,1015.1,531.9,600.0,20.8,66.5,0.7,2.0
2026-09-18T10:05,,0.0,,,,,,,
2026-09-18T10:10,109.1,0.0,1015.0,455.0,555.0,21.2,65.7,1.1,2.6
2026-09-18T10:15,,0.0,,,,,,,
2026-09-18T10:20,197.7,0.0,1015.1,476.9,600.0,21.2,66.5,0.8,2.4
2026-09-18T10:25,,0.0,,,,,,,
2026-09-18T10:30,193.2,0.0,1015.1,284.8,307.0,21.2,65.3,1.0,2.6
2026-09-18T10:35,,0.0,,,,,,,
2026-09-18T10:40,164.8,0.0,1015.2,346.8,137.0,21.1,63.4,0.8,1.9
2026-09-18T10:45,,0.0,,,,,,,
2026-09-18T10:50,171.0,0.0,1015.1,706.7,600.0,21.9,61.2,0.7,1.5
2026-09-18T10:55,,0.0,,,,,,,
2026-09-18T11:00,301.1,0.0,1015.0,599.5,600.0,22.1,62.8,0.5,2.3
2026-09-18T11:05,,0.0,,,,,,,
2026-09-18T11:10,350.1,0.0,1014.9,383.1,445.0,22.6,64.0,1.1,2.6
2026-09-18T11:15,,0.0,,,,,,,
2026-09-18T11:20,338.0,0.0,1014.8,261.5,102.0,22.0,66.6,1.8,3.0
2026-09-18T11:25,,0.0,,,,,,,
2026-09-18T11:30,312.8,0.0,1014.7,615.9,600.0,22.5,64.5,1.5,2.6
2026-09-18T11:35,,0.0,,,,,,,
2026-09-18T11:40,277.7,0.0,1014.7,548.6,487.0,23.1,62.0,0.7,2.2
2026-09-18T11:45,,0.0,,,,,,,
2026-09-18T11:50,182.3,0.0,1014.6,424.4,374.0,22.6,62.0,0.7,1.6
2026-09-18T11:55,,0.0,,,,,,,
2026-09-18T12:00,178.9,0.0,1014.6,330.6,85.0,22.3,62.9,0.9,1.6
2026-09-18T12:05,,0.0,,,,,,,
2026-09-18T12:10,164.5,0.0,1014.4,554.4,515.0,23.0,60.0,1.1,2.1
2026-09-18T12:15,,0.0,,,,,,,
2026-09-18T12:20,173.7,0.0,1014.4,560.0,177.0,22.8,59.6,1.2,2.0
2026-09-18T12:25,,0.0,,,,,,,
2026-09-18T12:30,164.6,0.0,1014.2,353.1,37.0,23.1,59.8,1.0,2.2
2026-09-18T12:35,,0.0,,,,,,,
2026-09-18T12:40,163.8,0.0,1014.4,244.2,0.0,22.8,61.8,1.1,2.5
2026-09-18T12:45,,0.0,,,,,,,
2026-09-18T12:50,142.3,0.0,1014.3,220.5,0.0,22.6,62.3,1.0,2.6
2026-09-18T12:55,,0.0,,,,,,,
2026-09-18T13:00,130.2,0.0,1014.2,202.5,0.0,22.7,63.4,1.2,4.0
2026-09-18T13:05,,0.0,,,,,,,
2026-09-18T13:10,141.8,0.0,1014.2,180.2,0.0,22.6,67.2,1.9,3.8
2026-09-18T13:15,,0.0,,,,,,,
2026-09-18T13:20,146.3,0.0,1014.2,205.3,0.0,22.5,68.3,1.3,3.0
2026-09-18T13:25,,0.0,,,,,,,
2026-09-18T13:30,154.1,0.0,1014.2,242.4,0.0,22.5,67.6,1.8,4.3
2026-09-18T13:35,,0.0,,,,,,,
2026-09-18T13:40,157.0,0.0,1014.2,210.2,0.0,22.4,67.7,2.2,3.9
2026-09-18T13:45,,0.0,,,,,,,
2026-09-18T13:50,152.8,0.0,1014.2,193.8,0.0,22.3,67.4,1.8,4.6
2026-09-18T13:55,,0.0,,,,,,,
2026-09-18T14:00,155.7,0.0,1014.3,209.2,0.0,22.2,67.2,2.3,4.1
2026-09-18T14:05,,0.0,,,,,,,
2026-09-18T14:10,149.5,0.0,1014.3,202.7,0.0,22.2,67.0,1.7,4.0
2026-09-18T14:15,,0.0,,,,,,,
2026-09-18T14:20,137.4,0.0,1014.3,189.4,0.0,22.1,67.2,2.0,4.3
2026-09-18T14:25,,0.0,,,,,,,
2026-09-18T14:30,147.1,0.0,1014.3,188.4,0.0,21.9,68.9,2.2,4.2
2026-09-18T14:35,,0.0,,,,,,,
2026-09-18T14:40,155.1,0.0,1014.4,177.4,0.0,21.9,68.2,2.0,4.4
2026-09-18T14:45,,0.0,,,,,,,
2026-09-18T14:50,149.3,0.0,1014.5,178.8,0.0,21.8,68.7,1.7,3.9
2026-09-18T14:55,,0.0,,,,,,,
2026-09-18T15:00,138.1,0.0,1014.5,151.0,0.0,21.8,68.7,1.4,3.6
2026-09-18T15:05,,0.0,,,,,,,
2026-09-18T15:10,146.9,0.0,1014.6,105.4,0.0,21.6,68.7,1.5,3.4
2026-09-18T15:15,,0.0,,,,,,,
2026-09-18T15:20,150.8,0.0,1014.8,83.1,0.0,21.4,69.6,1.3,3.3
2026-09-18T15:25,,0.0,,,,,,,
2026-09-18T15:30,132.4,0.0,1014.9,47.9,0.0,21.0,72.1,1.2,2.9
2026-09-18T15:35,,0.0,,,,,,,
2026-09-18T15:40,112.9,0.0,1014.9,37.6,0.0,20.5,78.0,1.5,2.3
2026-09-18T15:45,,0.1,,,,,,,
2026-09-18T15:50,10.6,0.1,1015.4,27.5,0.0,19.8,88.7,0.5,1.2
2026-09-18T15:55,,0.2,,,,,,,
2026-09-18T16:00,23.2,0.2,1015.6,32.1,0.0,19.3,95.5,1.1,1.6
2026-09-18T16:05,,0.2,,,,,,,
2026-09-18T16:10,107.9,0.2,1015.6,49.9,0.0,19.2,99.1,0.7,1.4
2026-09-18T16:15,,0.3,,,,,,,
2026-09-18T16:20,190.1,0.2,1015.6,41.3,0.0,19.0,100.2,0.9,2.1
2026-09-18T16:25,,0.3,,,,,,,
2026-09-18T16:30,295.2,0.2,1015.7,39.0,0.0,18.8,100.2,0.9,2.5
2026-09-18T16:35,,0.3,,,,,,,
2026-09-18T16:40,1.7,0.1,1015.8,42.9,0.0,18.7,100.1,2.6,3.7
2026-09-18T16:45,,0.0,,,,,,,
2026-09-18T16:50,334.9,0.0,1015.8,40.4,0.0,18.4,100.1,1.0,2.8
2026-09-18T16:55,,0.0,,,,,,,
2026-09-18T17:00,265.1,0.0,1015.8,38.7,0.0,18.5,100.1,1.8,2.8
2026-09-18T17:05,,0.0,,,,,,,
2026-09-18T17:10,321.5,0.0,1015.8,51.5,0.0,18.5,100.1,1.7,2.5
2026-09-18T17:15,,0.1,,,,,,,
2026-09-18T17:20,297.5,0.0,1015.8,54.5,0.0,18.5,100.1,2.2,3.2
2026-09-18T17:25,,0.0,,,,,,,
2026-09-18T17:30,323.4,0.0,1015.9,41.4,0.0,18.4,100.1,2.0,3.3
2026-09-18T17:35,,0.0,,,,,,,
2026-09-18T17:40,319.0,0.0,1016.1,42.7,0.0,18.3,100.1,1.6,3.0
2026-09-18T17:45,,0.1,,,,,,,
2026-09-18T17:50,334.6,0.0,1016.1,57.1,0.0,18.2,100.2,1.3,1.9
2026-09-18T17:55,,0.0,,,,,,,
2026-09-18T18:00,289.0,0.0,1016.1,66.9,0.0,18.2,100.2,1.1,1.9
2026-09-18T18:05,,0.0,,,,,,,
2026-09-18T18:10,302.5,0.0,1016.2,82.1,0.0,18.3,100.2,1.2,2.3
2026-09-18T18:15,,0.0,,,,,,,
2026-09-18T18:20,316.6,0.0,1016.3,83.3,0.0,18.3,97.1,1.0,2.1
2026-09-18T18:25,,0.0,,,,,,,
2026-09-18T18:30,339.9,0.0,1016.3,60.2,0.0,18.4,97.1,1.4,2.1
2026-09-18T18:35,,0.0,,,,,,,
2026-09-18T18:40,311.3,0.0,1016.3,41.3,0.0,18.2,100.0,1.9,3.0
2026-09-18T18:45,,0.0,,,,,,,
2026-09-18T18:50,315.0,0.0,1016.4,29.2,0.0,18.0,98.7,1.7,2.6
2026-09-18T18:55,,0.0,,,,,,,
2026-09-18T19:00,330.3,0.0,1016.5,15.6,0.0,18.0,98.7,0.7,1.5
2026-09-18T19:05,,0.0,,,,,,,
2026-09-18T19:10,174.5,0.0,1016.6,6.5,0.0,17.7,100.2,0.6,1.6
2026-09-18T19:15,,0.0,,,,,,,
2026-09-18T19:20,233.8,0.0,1016.8,1.6,0.0,17.1,100.1,1.3,2.2
2026-09-18T19:25,,0.0,,,,,,,
2026-09-18T19:30,264.7,0.0,1016.9,0.0,0.0,16.8,100.1,1.3,1.8
2026-09-18T19:35,,0.0,,,,,,,
2026-09-18T19:40,18.3,0.0,1017.0,0.0,0.0,16.7,100.1,1.0,1.9
2026-09-18T19:45,,0.0,,,,,,,
2026-09-18T19:50,347.4,0.0,1017.0,0.0,0.0,16.5,100.1,0.8,1.3
2026-09-18T19:55,,0.0,,,,,,,
2026-09-18T20:00,296.2,0.0,1017.1,0.0,0.0,16.4,100.1,0.6,1.1
2026-09-18T20:05,,0.0,,,,,,,
2026-09-18T20:10,142.2,0.0,1017.4,0.0,0.0,16.5,100.1,0.3,1.4
2026-09-18T20:15,,0.0,,,,,,,
2026-09-18T20:20,157.2,0.0,1017.5,0.0,0.0,16.7,100.0,0.9,2.0
2026-09-18T20:25,,0.0,,,,,,,
2026-09-18T20:30,155.6,0.0,1017.6,0.0,0.0,16.6,100.0,1.0,1.6
2026-09-18T20:35,,0.0,,,,,,,
2026-09-18T20:40,175.0,0.0,1017.7,0.0,0.0,16.5,100.0,0.6,1.7
2026-09-18T20:45,,0.0,,,,,,,
2026-09-18T20:50,2.9,0.0,1017.8,0.0,0.0,16.4,100.0,0.3,0.8
2026-09-18T20:55,,0.0,,,,,,,
2026-09-18T21:00,351.5,0.0,1017.9,0.0,0.0,16.4,100.0,0.6,1.1
2026-09-18T21:05,,0.0,,,,,,,
2026-09-18T21:10,43.1,0.0,1018.1,0.0,0.0,16.5,100.0,0.9,1.5
2026-09-18T21:15,,0.0,,,,,,,
2026-09-18T21:20,36.4,0.0,1018.2,0.0,0.0,16.4,99.9,0.7,1.1
2026-09-18T21:25,,0.0,,,,,,,
2026-09-18T21:30,318.1,0.0,1018.4,0.0,0.0,16.2,99.9,0.4,1.0
2026-09-18T21:35,,0.0,,,,,,,
2026-09-18T21:40,124.5,0.0,1018.7,0.0,0.0,16.1,99.9,0.5,1.7
2026-09-18T21:45,,0.0,,,,,,,
2026-09-18T21:50,179.4,0.0,1018.8,0.0,0.0,15.7,99.9,0.4,1.1
2026-09-18T21:55,,0.0,,,,,,,
2026-09-18T22:00,50.1,0.0,1018.8,0.0,0.0,15.6,99.9,0.8,1.7
2026-09-18T22:05,,0.0,,,,,,,
2026-09-18T22:10,350.3,0.0,1019.0,0.0,0.0,15.3,99.9,0.9,1.5
2026-09-18T22:15,,0.0,,,,,,,
2026-09-18T22:20,331.9,0.0,1019.2,0.0,0.0,15.1,99.9,1.3,1.7
2026-09-18T22:25,,0.0,,,,,,,
2026-09-18T22:30,340.8,0.0,1019.2,0.0,0.0,15.3,99.9,1.1,1.7
2026-09-18T22:35,,0.0,,,,,,,
2026-09-18T22:40,321.3,0.0,1019.4,0.0,0.0,15.3,99.9,1.2,1.6
2026-09-18T22:45,,0.0,,,,,,,
2026-09-18T22:50,305.7,0.0,1019.4,0.0,0.0,15.3,99.9,1.3,2.2
2026-09-18T22:55,,0.0,,,,,,,
2026-09-18T23:00,317.1,0.0,1019.5,0.0,0.0,15.3,99.9,1.9,2.4
2026-09-18T23:05,,0.0,,,,,,,
2026-09-18T23:10,308.2,0.0,1019.6,0.0,0.0,15.3,99.9,1.8,2.3
2026-09-18T23:15,,0.0,,,,,,,
2026-09-18T23:20,312.8,0.0,1019.7,0.0,0.0,15.3,99.9,1.7,2.2
2026-09-18T23:25,,0.0,,,,,,,
2026-09-18T23:30,229.4,0.0,1019.9,0.0,0.0,15.4,99.9,0.1,1.6
2026-09-18T23:35,,0.0,,,,,,,
2026-09-18T23:40,176.8,0.0,1020.0,0.0,0.0,15.3,99.9,0.4,1.3
2026-09-18T23:45,,0.0,,,,,,,
2026-09-18T23:50,234.8,0.0,1020.0,0.0,0.0,15.1,99.9,0.6,1.2
2026-09-18T23:55,,0.0,,,,,,,
2026-09-19T00:00,237.7,0.0,1020.2,0.0,0.0,15.0,99.9,0.5,1.4
2026-09-19T00:10,8.8,0.0,1020.3,0.0,0.0,14.9,99.9,0.8,1.4
2026-09-19T00:20,296.9,0.0,1020.4,0.0,0.0,14.7,99.9,1.3,1.6
2026-09-19T00:30,3.7,0.0,1020.4,0.0,0.0,14.7,99.9,0.7,1.2
2026-09-19T00:40,53.7,0.0,1020.5,0.0,0.0,14.5,99.9,1.2,1.7
2026-09-19T00:50,280.0,0.0,1020.6,0.0,0.0,14.2,99.9,0.4,0.9
2026-09-19T01:10,9.9,0.0,1020.8,0.0,0.0,13.8,99.9,0.7,1.5
2026-09-19T01:20,336.4,0.0,1020.9,0.0,0.0,13.6,99.9,1.4,2.2
2026-09-19T01:30,318.7,0.0,1020.9,0.0,0.0,14.0,99.9,1.5,2.0
2026-09-19T01:40,17.4,0.0,1021.1,0.0,0.0,13.9,99.9,1.4,1.8
2026-09-19T01:50,14.2,0.0,1021.1,0.0,0.0,13.7,99.9,0.7,1.5
2026-09-19T02:00,279.8,0.0,1021.0,0.0,0.0,13.5,99.9,1.6,2.5
2026-09-19T02:10,286.2,0.0,1021.0,0.0,0.0,14.2,99.9,0.9,1.4
2026-09-19T02:20,123.0,0.0,1021.1,0.0,0.0,13.7,99.9,0.4,1.7
2026-09-19T02:30,48.5,0.0,1021.2,0.0,0.0,13.2,99.9,0.7,1.7
2026-09-19T02:40,30.0,0.0,1021.2,0.0,0.0,13.0,99.9,0.8,1.3
2026-09-19T02:50,271.2,0.0,1021.2,0.0,0.0,12.7,99.9,0.1,0.8
2026-09-19T03:00,276.2,0.0,1021.2,0.0,0.0,12.6,99.9,1.1,1.6
2026-09-19T03:10,332.6,0.0,1021.4,0.0,0.0,12.6,99.9,1.2,1.4
2026-09-19T03:20,20.1,0.0,1021.4,0.0,0.0,12.5,99.9,0.4,1.5
2026-09-19T03:30,130.7,0.0,1021.5,0.0,0.0,12.4,99.9,0.6,1.1
2026-09-19T03:40,50.3,0.0,1021.6,0.0,0.0,12.3,99.9,0.2,1.6
2026-09-19T03:50,356.6,0.0,1021.8,0.0,0.0,12.1,99.9,0.4,0.8
2026-09-19T04:00,1.9,0.0,1021.9,0.0,0.0,12.2,99.9,1.0,1.4
2026-09-19T04:10,321.3,0.0,1021.9,0.0,0.0,12.3,99.9,1.2,1.5
2026-09-19T04:20,310.6,0.0,1021.9,0.0,0.0,12.5,99.9,1.8,2.4
2026-09-19T04:30,318.6,0.0,1021.9,0.0,0.0,13.0,99.9,1.4,2.3
2026-09-19T04:40,210.4,0.0,1022.1,0.0,0.0,12.9,99.9,0.5,1.6
2026-09-19T04:50,324.8,0.0,1022.1,0.0,0.0,12.7,99.9,0.4,1.4
2026-09-19T05:00,28.6,0.0,1022.2,0.0,0.0,12.6,99.9,0.5,1.4
2026-09-19T05:10,346.6,0.0,1022.4,0.0,0.0,12.3,99.9,0.7,1.1
2026-09-19T05:20,291.4,0.0,1022.5,0.0,0.0,12.0,99.9,0.5,1.0
2026-09-19T05:30,198.8,0.0,1022.6,0.0,0.0,11.9,99.9,0.1,1.0
2026-09-19T05:40,17.0,0.0,1022.6,0.0,0.0,11.8,99.9,1.0,1.6
2026-09-19T05:50,338.5,0.0,1022.6,0.0,0.0,11.7,99.9,1.5,2.1
2026-09-19T06:00,278.1,0.0,1022.6,0.0,0.0,11.8,99.9,0.9,1.4
2026-09-19T06:10,134.5,0.0,1022.6,0.0,0.0,11.8,99.9,0.3,0.9
2026-09-19T06:20,204.9,0.0,1022.6,0.0,0.0,11.6,99.9,0.3,1.4
2026-09-19T06:30,341.6,0.0,1022.8,0.0,0.0,11.3,99.9,0.9,1.5
2026-09-19T06:40,336.2,0.0,1022.8,0.0,0.0,11.3,99.9,1.1,1.4
2026-09-19T06:50,316.5,0.0,1022.9,0.0,0.0,11.2,99.9,0.6,1.3
2026-09-19T07:00,340.7,0.0,1023.2,0.0,0.0,11.2,99.9,1.2,1.6
2026-09-19T07:10,6.5,0.0,1023.3,2.9,0.0,11.2,99.9,0.6,1.2
2026-09-19T07:20,353.4,0.0,1023.3,8.5,0.0,11.0,99.9,0.4,0.7
2026-09-19T07:30,338.4,0.0,1023.4,14.0,0.0,11.0,99.9,0.7,1.0
2026-09-19T07:40,317.4,0.0,1023.5,19.9,0.0,11.2,99.9,0.2,0.8
2026-09-19T07:50,215.2,0.0,1023.7,24.5,0.0,11.3,99.9,0.1,0.7
2026-09-19T08:00,263.9,0.0,1023.8,28.9,0.0,11.4,99.9,0.9,1.1
2026-09-19T08:10,326.6,0.0,1023.9,31.6,0.0,11.6,99.9,0.5,1.2
2026-09-19T08:20,351.2,0.0,1023.9,35.0,0.0,11.6,99.9,1.1,1.2
2026-09-19T08:30,340.2,0.0,1023.9,40.3,0.0,11.8,99.9,0.9,1.2
2026-09-19T08:40,345.2,0.0,1024.0,138.4,382.0,12.2,99.9,0.4,0.7
2026-09-19T08:50,3.5,0.0,1024.0,216.8,600.0,13.4,99.9,0.7,1.5
2026-09-19T09:00,348.5,0.0,1023.8,258.9,599.0,14.1,99.9,1.0,1.6
2026-09-19T09:10,321.7,0.0,1023.8,289.8,600.0,14.6,99.9,1.5,2.5
2026-09-19T09:20,329.3,0.0,1023.8,319.4,600.0,15.3,100.0,1.3,2.1
2026-09-19T09:30,320.9,0.0,1023.7,339.7,600.0,15.9,97.5,0.8,1.7
2026-09-19T09:40,21.7,0.0,1023.8,374.4,600.0,16.3,84.1,0.6,1.1
2026-09-19T09:50,138.1,0.0,1023.7,410.3,599.0,16.8,78.9,0.4,1.3
2026-09-19T10:00,93.5,0.0,1023.8,442.7,600.0,17.3,74.6,0.5,1.3
2026-09-19T10:10,88.3,0.0,1023.7,449.6,600.0,17.9,74.1,0.3,1.9
2026-09-19T10:20,357.3,0.0,1023.7,498.2,600.0,18.5,70.2,0.9,1.7
2026-09-19T10:30,353.2,0.0,1023.6,528.4,599.0,18.8,69.0,0.3,1.4
2026-09-19T10:40,148.5,0.0,1023.6,549.8,600.0,19.2,69.0,0.4,1.6
2026-09-19T10:50,175.4,0.0,1023.5,574.3,600.0,19.6,66.3,0.9,1.3
2026-09-19T11:00,26.3,0.0,1023.4,595.9,600.0,20.0,61.8,0.2,1.7
2026-09-19T11:10,35.3,0.0,1023.3,614.8,600.0,20.5,59.9,0.5,1.8
2026-09-19T11:20,349.8,0.0,1023.1,632.1,600.0,21.2,59.1,0.3,1.5
2026-09-19T11:30,225.7,0.0,1023.0,648.4,600.0,21.2,58.2,0.9,2.6
2026-09-19T11:40,155.4,0.0,1023.0,663.1,600.0,21.2,54.6,0.2,1.5
2026-09-19T11:50,204.7,0.0,1022.8,676.6,599.0,21.5,54.5,0.7,1.3
2026-09-19T12:00,145.4,0.0,1022.7,688.3,600.0,21.7,53.5,0.4,1.6
2026-09-19T12:10,206.4,0.0,1022.6,699.4,598.0,22.2,52.2,0.6,1.6
2026-09-19T12:20,227.0,0.0,1022.5,707.3,600.0,22.5,49.1,0.2,1.5
2026-09-19T12:30,104.8,0.0,1022.4,714.0,599.0,22.8,48.6,0.5,1.6
2026-09-19T12:40,134.0,0.0,1022.3,719.4,600.0,23.0,48.0,0.7,1.4
2026-09-19T12:50,147.7,0.0,1022.2,722.8,600.0,23.2,47.1,0.8,1.7
2026-09-19T13:00,178.2,0.0,1022.1,724.6,599.0,23.7,47.5,0.6,1.7
2026-09-19T13:20,153.6,0.0,1021.7,725.6,600.0,23.9,46.3,0.7,2.3
2026-09-19T13:30,178.5,0.0,1021.4,722.5,600.0,24.5,47.4,0.5,2.6
2026-09-19T13:40,129.6,0.0,1021.3,719.7,599.0,24.5,45.7,1.2,2.6
2026-09-19T13:50,173.4,0.0,1021.2,714.8,600.0,24.8,47.5,1.0,2.9
2026-09-19T14:00,154.0,0.0,1021.1,708.1,600.0,24.9,47.6,1.3,3.5
2026-09-19T14:10,165.9,0.0,1020.9,698.2,600.0,25.0,48.5,1.5,3.0
2026-09-19T14:20,151.3,0.0,1020.7,687.9,182.0,25.2,47.7,1.5,3.6
2026-09-19T14:30,145.3,0.0,1020.5,676.6,600.0,25.5,46.7,1.7,3.5
2026-09-19T14:40,151.4,0.0,1020.3,664.7,600.0,25.7,46.3,1.3,2.7
2026-09-19T14:50,186.5,0.0,1020.2,548.7,600.0,25.7,48.4,1.6,3.3
2026-09-19T15:00,193.2,0.0,1020.1,205.6,600.0,25.9,47.0,1.0,3.0
2026-09-19T15:10,153.2,0.0,1020.1,616.2,599.0,26.1,45.2,1.5,3.0
2026-09-19T15:20,182.9,0.0,1020.1,599.0,600.0,26.3,47.5,1.5,3.4
2026-09-19T15:30,213.7,0.0,1020.0,579.4,600.0,26.2,49.8,1.7,3.1
2026-09-19T15:40,185.8,0.0,1019.9,557.9,600.0,26.3,47.6,1.7,3.7
2026-09-19T15:50,189.7,0.0,1019.9,536.0,600.0,26.2,48.2,1.9,3.2
2026-09-19T16:00,200.0,0.0,1019.8,514.9,599.0,26.2,49.6,2.3,3.9
2026-09-19T16:10,199.0,0.0,1019.8,478.7,600.0,26.1,49.1,2.7,3.9
2026-09-19T16:20,189.9,0.0,1019.9,461.8,600.0,26.1,49.7,2.0,3.6
2026-09-19T16:30,197.2,0.0,1019.9,429.0,600.0,26.0,50.3,2.8,4.3
2026-09-19T16:40,180.6,0.0,1019.8,408.0,600.0,26.2,50.4,1.7,3.2
2026-09-19T16:50,194.3,0.0,1019.8,377.9,600.0,26.0,50.5,2.3,3.3
2026-09-19T17:00,188.7,0.0,1019.8,351.2,599.0,26.1,49.9,1.8,3.3
2026-09-19T17:10,186.3,0.0,1019.8,325.3,600.0,26.1,50.0,1.5,2.6
2026-09-19T17:20,193.7,0.0,1019.8,259.8,599.0,25.7,51.5,1.4,2.7
2026-09-19T17:30,193.8,0.0,1019.9,265.6,600.0,25.5,51.4,1.1,2.2
2026-09-19T17:40,200.3,0.0,1019.9,240.7,600.0,25.3,51.7,1.1,2.5
2026-09-19T17:50,202.2,0.0,1019.9,190.0,600.0,25.0,53.5,0.3,1.6
2026-09-19T18:00,102.1,0.0,1020.1,82.3,268.0,24.8,54.4,0.8,1.7
2026-09-19T18:10,92.5,0.0,1020.1,37.3,0.0,23.9,59.5,1.2,1.9
2026-09-19T18:20,90.0,0.0,1020.3,29.2,0.0,22.9,63.2,1.4,2.2
2026-09-19T18:30,93.8,0.0,1020.4,25.1,0.0,22.2,67.9,1.1,1.7
2026-09-19T18:40,139.4,0.0,1020.5,23.3,0.0,21.3,78.1,1.2,2.0
2026-09-19T18:50,150.3,0.0,1020.6,19.5,0.0,20.6,82.1,0.1,1.7
2026-09-19T19:00,322.1,0.0,1020.7,12.9,0.0,20.1,81.9,1.2,1.5
2026-09-19T19:10,318.8,0.0,1020.9,7.6,0.0,19.8,81.0,1.7,2.1
2026-09-19T19:20,318.3,0.0,1021.2,1.6,0.0,19.5,83.9,1.8,2.3
2026-09-19T19:30,314.3,0.0,1021.2,0.0,0.0,19.0,84.4,1.3,1.8
2026-09-19T19:40,331.1,0.0,1021.5,0.0,0.0,19.3,79.4,1.0,2.2
2026-09-19T19:50,170.2,0.0,1021.8,0.0,0.0,18.7,86.1,0.8,1.8
2026-09-19T20:00,247.6,0.0,1022.0,0.0,0.0,18.1,90.9,0.7,1.1
2026-09-19T20:10,325.9,0.0,1022.3,0.0,0.0,17.5,94.9,0.1,1.4
2026-09-19T20:20,353.8,0.0,1022.5,0.0,0.0,17.5,94.7,0.8,1.7
2026-09-19T20:30,140.3,0.0,1022.6,0.0,0.0,17.4,93.5,0.4,1.4
