datetime,DVENTO,PREC,PRESS,RADSOL,SOLEGG,TEMP,UMID,VVENTO,VVENTOMAX
2026-09-11T00:00,196.8,0.1,1016.6,0.0,0.0,12.6,99.5,1.3,2.3
2026-09-11T00:05,,0.0,,,,,,,
2026-09-11T00:10,201.0,0.0,1016.7,0.0,0.0,12.5,99.5,1.0,2.4
2026-09-11T00:15,,0.0,,,,,,,
2026-09-11T00:20,110.7,0.0,1016.8,0.0,0.0,12.5,99.5,0.6,1.4
2026-09-11T00:25,,0.1,,,,,,,
2026-09-11T00:30,144.5,0.0,1016.7,0.0,0.0,12.5,99.5,0.8,2.0
2026-09-11T00:35,,0.0,,,,,,,
2026-09-11T00:40,164.9,0.0,1016.8,0.0,0.0,12.5,99.5,0.5,1.5
2026-09-11T00:45,,0.0,,,,,,,
2026-09-11T00:50,39.4,0.0,1016.8,0.0,0.0,12.4,99.5,0.5,1.0
2026-09-11T00:55,,0.0,,,,,,,
2026-09-11T01:00,92.6,0.0,1016.7,0.0,0.0,12.5,99.5,0.7,0.9
2026-09-11T01:05,,0.0,,,,,,,
2026-09-11T01:10,140.9,0.0,1016.6,0.0,0.0,12.6,99.5,0.4,0.8
2026-09-11T01:15,,0.0,,,,,,,
2026-09-11T01:20,81.0,0.0,1016.5,0.0,0.0,12.5,99.5,0.2,0.7
2026-09-11T01:25,,0.0,,,,,,,
2026-09-11T01:30,140.2,0.0,1016.4,0.0,0.0,12.5,99.5,0.7,1.1
2026-09-11T01:35,,0.0,,,,,,,
2026-09-11T01:40,159.6,0.0,1016.4,0.0,0.0,12.5,99.5,0.4,1.0
2026-09-11T01:45,,0.0,,,,,,,
2026-09-11T01:50,353.6,0.0,1016.4,0.0,0.0,12.5,99.5,0.2,0.7
2026-09-11T01:55,,0.0,,,,,,,
2026-09-11T02:00,70.9,0.0,1016.4,0.0,0.0,12.4,99.5,0.6,0.8
2026-09-11T02:05,,0.0,,,,,,,
2026-09-11T02:10,73.7,0.0,1016.4,0.0,0.0,12.4,99.5,0.1,0.4
2026-09-11T02:15,,0.0,,,,,,,
2026-09-11T02:20,219.8,0.0,1016.3,0.0,0.0,12.5,99.5,1.0,1.5
2026-09-11T02:25,,0.0,,,,,,,
2026-09-11T02:30,215.7,0.0,1016.2,0.0,0.0,12.4,99.5,0.9,1.4
2026-09-11T02:35,,0.0,,,,,,,
2026-09-11T02:40,128.5,0.0,1016.3,0.0,0.0,12.4,99.5,0.3,0.6
2026-09-11T02:45,,0.0,,,,,,,
2026-09-11T02:50,130.5,0.0,1016.3,0.0,0.0,12.4,99.5,0.4,0.5
2026-09-11T02:55,,0.0,,,,,,,
2026-09-11T03:00,176.5,0.0,1016.3,0.0,0.0,12.4,99.5,0.4,1.0
2026-09-11T03:05,,0.0,,,,,,,
2026-09-11T03:10,190.1,0.0,1016.3,0.0,0.0,12.4,99.5,1.0,1.6
2026-09-11T03:15,,0.0,,,,,,,
2026-09-11T03:20,197.1,0.0,1016.3,0.0,0.0,12.3,99.5,0.9,1.7
2026-09-11T03:25,,0.0,,,,,,,
2026-09-11T03:30,193.9,0.0,1016.2,0.0,0.0,12.3,99.5,0.5,0.9
2026-09-11T03:35,,0.0,,,,,,,
2026-09-11T03:40,170.9,0.0,1016.2,0.0,0.0,12.3,99.5,0.4,0.9
2026-09-11T03:45,,0.0,,,,,,,
2026-09-11T03:50,163.6,0.1,1016.0,0.0,0.0,12.3,99.5,0.4,1.0
2026-09-11T03:55,,0.0,,,,,,,
2026-09-11T04:00,149.5,0.0,1016.0,0.0,0.0,12.2,99.5,0.5,0.9
2026-09-11T04:05,,0.0,,,,,,,
2026-09-11T04:10,141.7,0.0,1015.8,0.0,0.0,12.3,99.5,0.7,1.2
2026-09-11T04:15,,0.0,,,,,,,
2026-09-11T04:20,204.9,0.0,1015.7,0.0,0.0,12.3,99.5,1.1,1.6
2026-09-11T04:25,,0.0,,,,,,,
2026-09-11T04:30,173.0,0.0,1015.6,0.0,0.0,12.3,99.5,0.4,0.9
2026-09-11T04:35,,0.0,,,,,,,
2026-09-11T04:40,192.7,0.0,1015.7,0.0,0.0,12.3,99.5,0.7,1.4
2026-09-11T04:45,,0.0,,,,,,,
2026-09-11T04:50,179.3,0.0,1015.8,0.0,0.0,12.2,99.5,0.9,1.6
2026-09-11T04:55,,0.0,,,,,,,
2026-09-11T05:00,161.8,0.0,1015.9,0.0,0.0,12.2,99.5,0.9,2.1
2026-09-11T05:05,,0.0,,,,,,,
2026-09-11T05:10,158.0,0.0,1016.0,0.0,0.0,12.2,99.5,1.0,2.4
2026-09-11T05:15,,0.0,,,,,,,
2026-09-11T05:20,184.0,0.0,1016.0,0.0,0.0,12.2,99.5,0.7,2.2
2026-09-11T05:25,,0.0,,,,,,,
2026-09-11T05:30,11.1,0.0,1016.1,0.0,0.0,12.2,99.5,0.6,1.2
2026-09-11T05:35,,0.0,,,,,,,
2026-09-11T05:40,122.7,0.0,1016.2,0.0,0.0,12.1,99.5,0.2,1.3
2026-09-11T05:45,,0.0,,,,,,,
2026-09-11T05:50,154.3,0.0,1016.4,0.0,0.0,12.2,99.5,0.5,0.9
2026-09-11T05:55,,0.0,,,,,,,
2026-09-11T06:00,312.8,0.0,1016.4,0.0,0.0,12.1,99.5,0.2,0.9
2026-09-11T06:05,,0.0,,,,,,,
2026-09-11T06:10,56.4,0.0,1016.5,0.0,0.0,11.9,99.5,1.8,2.7
2026-09-11T06:15,,0.0,,,,,,,
2026-09-11T06:20,63.5,0.0,1016.5,0.0,0.0,11.8,99.5,1.1,2.1
2026-09-11T06:25,,0.0,,,,,,,
2026-09-11T06:30,76.2,0.0,1016.7,0.0,0.0,11.6,99.5,2.3,3.3
2026-09-11T06:35,,0.0,,,,,,,
2026-09-11T06:40,85.4,0.0,1016.8,0.0,0.0,11.5,99.5,2.1,3.3
2026-09-11T06:45,,0.0,,,,,,,
2026-09-11T06:50,89.3,0.0,1016.8,0.2,0.0,11.4,99.6,1.6,2.4
2026-09-11T06:55,,0.0,,,,,,,
2026-09-11T07:00,84.7,0.0,1016.9,2.7,0.0,11.2,99.6,1.5,3.1
2026-09-11T07:05,,0.0,,,,,,,
2026-09-11T07:10,135.4,0.0,1017.1,12.2,0.0,11.2,99.6,0.6,2.5
2026-09-11T07:15,,0.0,,,,,,,
2026-09-11T07:20,305.9,0.0,1017.2,16.7,0.0,11.2,99.6,0.7,1.4
2026-09-11T07:25,,0.0,,,,,,,
2026-09-11T07:30,74.7,0.0,1017.4,18.4,0.0,11.1,99.6,0.8,1.9
2026-09-11T07:35,,0.0,,,,,,,
2026-09-11T07:40,70.5,0.0,1017.7,17.7,0.0,11.0,99.6,0.2,1.0
2026-09-11T07:45,,0.0,,,,,,,
2026-09-11T07:50,48.7,0.0,1017.9,18.7,0.0,10.9,99.6,1.3,1.9
2026-09-11T07:55,,0.0,,,,,,,
2026-09-11T08:00,5.4,0.0,1018.1,40.4,0.0,11.0,99.6,0.2,1.1
2026-09-11T08:05,,0.0,,,,,,,
2026-09-11T08:10,186.9,0.0,1018.1,82.1,0.0,11.3,99.5,0.2,0.8
2026-09-11T08:15,,0.0,,,,,,,
2026-09-11T08:20,338.1,0.0,1018.0,95.8,0.0,11.5,99.5,0.8,1.4
2026-09-11T08:25,,0.0,,,,,,,
2026-09-11T08:30,60.9,0.0,1018.0,84.3,0.0,11.7,99.6,0.8,1.1
2026-09-11T08:35,,0.0,,,,,,,
2026-09-11T08:40,48.4,0.0,1018.0,89.7,0.0,11.9,99.6,0.7,1.3
2026-09-11T08:45,,0.0,,,,,,,
2026-09-11T08:50,27.7,0.0,1018.0,90.1,0.0,12.0,99.6,1.1,1.4
2026-09-11T08:55,,0.0,,,,,,,
2026-09-11T09:00,21.9,0.0,1017.8,84.2,0.0,12.0,99.7,1.1,1.6
2026-09-11T09:05,,0.0,,,,,,,
2026-09-11T09:10,42.1,0.0,1017.7,76.4,0.0,12.2,99.7,0.6,1.1
2026-09-11T09:15,,0.0,,,,,,,
2026-09-11T09:20,66.3,0.0,1017.4,90.0,63.0,13.2,91.4,0.8,1.1
2026-09-11T09:25,,0.0,,,,,,,
2026-09-11T09:30,49.7,0.0,1017.1,217.9,393.0,14.2,83.8,0.3,0.8
2026-09-11T09:35,,0.0,,,,,,,
2026-09-11T09:40,80.1,0.0,1017.4,441.9,594.0,13.4,87.9,0.6,1.5
2026-09-11T09:45,,0.0,,,,,,,
2026-09-11T09:50,56.9,0.0,1017.4,461.9,598.0,13.4,87.7,1.1,1.7
2026-09-11T09:55,,0.0,,,,,,,
2026-09-11T10:00,65.7,0.0,1017.2,521.6,600.0,14.0,83.2,0.9,1.9
2026-09-11T10:05,,0.0,,,,,,,
2026-09-11T10:10,90.6,0.0,1016.9,552.0,600.0,14.8,78.5,0.3,1.2
2026-09-11T10:15,,0.0,,,,,,,
2026-09-11T10:20,104.9,0.0,1016.7,580.2,599.0,15.1,82.6,0.5,1.9
2026-09-11T10:25,,0.0,,,,,,,
2026-09-11T10:30,89.1,0.0,1016.7,631.7,598.0,15.0,79.0,0.6,1.6
2026-09-11T10:35,,0.0,,,,,,,
2026-09-11T10:40,115.8,0.0,1016.3,710.4,600.0,15.9,78.3,0.6,1.6
2026-09-11T10:45,,0.0,,,,,,,
2026-09-11T10:50,74.9,0.0,1016.5,438.8,600.0,15.5,78.2,1.5,2.5
2026-09-11T10:55,,0.0,,,,,,,
2026-09-11T11:00,26.5,0.0,1016.7,460.5,600.0,15.3,78.2,1.8,2.5
2026-09-11T11:05,,0.0,,,,,,,
2026-09-11T11:10,44.1,0.0,1016.7,437.8,600.0,15.2,77.0,1.9,2.7
2026-09-11T11:15,,0.0,,,,,,,
2026-09-11T11:20,36.3,0.0,1016.3,681.1,600.0,15.7,76.1,1.6,2.8
2026-09-11T11:25,,0.0,,,,,,,
2026-09-11T11:30,26.3,0.0,1016.1,704.1,600.0,16.2,72.7,1.2,2.0
2026-09-11T11:35,,0.0,,,,,,,
2026-09-11T11:40,75.2,0.0,1016.0,732.3,598.0,16.8,69.0,0.4,2.1
2026-09-11T11:45,,0.0,,,,,,,
2026-09-11T11:50,236.9,0.0,1015.7,783.7,600.0,17.3,70.9,0.9,2.0
2026-09-11T11:55,,0.0,,,,,,,
2026-09-11T12:00,355.5,0.0,1015.6,807.0,599.0,17.4,69.3,0.6,2.0
2026-09-11T12:05,,0.0,,,,,,,
2026-09-11T12:10,47.1,0.0,1015.3,924.4,597.0,17.9,69.7,1.4,3.0
2026-09-11T12:15,,0.0,,,,,,,
2026-09-11T12:20,348.9,0.0,1015.2,729.3,584.0,17.9,66.3,1.2,2.7
2026-09-11T12:25,,0.0,,,,,,,
2026-09-11T12:30,4.8,0.0,1015.3,506.7,426.0,17.8,66.7,1.2,2.2
2026-09-11T12:35,,0.0,,,,,,,
2026-09-11T12:40,9.7,0.0,1015.3,367.8,219.0,17.8,67.5,1.4,2.2
2026-09-11T12:45,,0.0,,,,,,,
2026-09-11T12:50,355.5,0.0,1015.0,713.6,526.0,18.4,64.6,0.6,2.4
2026-09-11T12:55,,0.0,,,,,,,
2026-09-11T13:00,47.9,0.0,1014.6,782.5,599.0,19.4,61.0,1.2,3.0
2026-09-11T13:05,,0.0,,,,,,,
2026-09-11T13:10,290.2,0.0,1014.4,841.9,598.0,19.9,59.1,1.3,3.8
2026-09-11T13:15,,0.0,,,,,,,
2026-09-11T13:20,193.6,0.0,1014.3,895.6,598.0,20.2,66.2,2.2,4.6
2026-09-11T13:25,,0.0,,,,,,,
2026-09-11T13:30,243.3,0.0,1014.3,825.5,600.0,20.5,52.6,2.5,7.1
2026-09-11T13:35,,0.0,,,,,,,
2026-09-11T13:40,1.7,0.0,1014.3,877.3,599.0,20.6,46.7,1.5,4.9
2026-09-11T13:45,,0.0,,,,,,,
2026-09-11T13:50,63.3,0.0,1014.2,899.8,600.0,20.6,49.4,2.9,5.6
2026-09-11T13:55,,0.0,,,,,,,
2026-09-11T14:00,11.5,0.0,1014.6,310.1,197.0,20.1,49.0,4.0,6.4
2026-09-11T14:05,,0.0,,,,,,,
2026-09-11T14:10,3.8,0.0,1014.7,817.8,514.0,20.3,45.3,4.9,8.8
2026-09-11T14:15,,0.0,,,,,,,
2026-09-11T14:20,359.6,0.0,1014.6,797.6,495.0,20.7,46.0,6.6,9.1
2026-09-11T14:25,,0.0,,,,,,,
2026-09-11T14:30,335.8,0.0,1014.9,782.8,514.0,20.3,45.9,4.4,8.1
2026-09-11T14:35,,0.0,,,,,,,
2026-09-11T14:40,344.4,0.0,1014.9,806.7,600.0,20.6,44.7,4.4,7.4
2026-09-11T14:45,,0.0,,,,,,,
2026-09-11T14:50,338.4,0.0,1015.0,766.0,600.0,20.6,43.8,4.4,8.0
2026-09-11T14:55,,0.0,,,,,,,
2026-09-11T15:00,343.3,0.0,1015.1,680.3,600.0,20.5,41.6,3.2,7.1
2026-09-11T15:05,,0.0,,,,,,,
2026-09-11T15:10,329.6,0.0,1015.1,646.2,600.0,20.3,42.2,3.1,7.9
2026-09-11T15:15,,0.0,,,,,,,
2026-09-11T15:20,350.2,0.0,1015.0,680.6,600.0,20.5,42.9,3.6,6.8
2026-09-11T15:25,,0.0,,,,,,,
2026-09-11T15:30,311.8,0.0,1015.0,533.0,598.0,20.3,40.5,4.8,11.5
2026-09-11T15:35,,0.0,,,,,,,
2026-09-11T15:40,277.0,0.0,1014.9,567.6,600.0,20.4,40.2,5.3,10.3
2026-09-11T15:45,,0.0,,,,,,,
2026-09-11T15:50,281.5,0.0,1015.1,485.2,600.0,20.2,39.4,6.4,10.0
2026-09-11T15:55,,0.0,,,,,,,
2026-09-11T16:00,314.3,0.0,1015.3,525.3,597.0,20.2,39.8,5.0,8.5
2026-09-11T16:05,,0.0,,,,,,,
2026-09-11T16:10,322.0,0.0,1015.4,527.7,600.0,20.3,40.3,6.0,9.6
2026-09-11T16:15,,0.0,,,,,,,
2026-09-11T16:20,329.6,0.0,1015.9,375.8,599.0,19.8,40.6,6.0,10.2
2026-09-11T16:25,,0.0,,,,,,,
2026-09-11T16:30,330.9,0.0,1015.9,408.3,599.0,19.8,41.6,6.5,8.5
2026-09-11T16:35,,0.0,,,,,,,
2026-09-11T16:40,332.8,0.0,1016.0,405.5,600.0,19.7,40.8,6.7,8.9
2026-09-11T16:45,,0.0,,,,,,,
2026-09-11T16:50,331.7,0.0,1016.0,462.8,600.0,19.8,40.7,7.2,9.6
2026-09-11T16:55,,0.0,,,,,,,
2026-09-11T17:00,332.4,0.0,1016.1,486.3,598.0,20.0,39.8,7.2,9.0
2026-09-11T17:05,,0.0,,,,,,,
2026-09-11T17:10,339.3,0.0,1016.3,417.7,567.0,19.8,41.1,7.2,8.3
2026-09-11T17:15,,0.0,,,,,,,
2026-09-11T17:20,338.1,0.0,1016.4,372.7,0.0,19.6,42.3,6.7,8.9
2026-09-11T17:25,,0.0,,,,,,,
2026-09-11T17:30,335.4,0.0,1016.6,332.6,504.0,19.5,40.8,7.8,9.4
2026-09-11T17:35,,0.0,,,,,,,
2026-09-11T17:40,336.9,0.0,1016.6,278.6,600.0,19.4,40.7,8.0,9.9
2026-09-11T17:45,,0.0,,,,,,,
2026-09-11T17:50,341.5,0.0,1016.8,243.9,600.0,19.1,41.4,7.3,9.2
2026-09-11T17:55,,0.0,,,,,,,
2026-09-11T18:00,337.0,0.0,1017.0,162.4,595.0,18.9,41.5,7.7,10.0
2026-09-11T18:05,,0.0,,,,,,,
2026-09-11T18:10,337.4,0.0,1017.2,144.1,600.0,18.8,40.9,8.3,10.8
2026-09-11T18:15,,0.0,,,,,,,
2026-09-11T18:20,339.5,0.0,1017.4,109.2,600.0,18.6,41.5,7.6,9.3
2026-09-11T18:25,,0.0,,,,,,,
2026-09-11T18:30,340.2,0.0,1017.5,54.8,271.0,18.5,41.2,7.3,9.4
2026-09-11T18:35,,0.0,,,,,,,
2026-09-11T18:40,351.0,0.0,1017.6,41.3,0.0,18.2,42.1,6.5,7.7
2026-09-11T18:45,,0.0,,,,,,,
2026-09-11T18:50,7.6,0.0,1017.8,29.9,0.0,17.7,45.0,4.6,7.4
2026-09-11T18:55,,0.0,,,,,,,
2026-09-11T19:00,353.8,0.0,1018.2,24.2,0.0,16.7,52.3,2.6,5.1
2026-09-11T19:05,,0.0,,,,,,,
2026-09-11T19:10,346.6,0.0,1018.2,16.8,0.0,16.9,51.7,1.4,4.0
2026-09-11T19:15,,0.0,,,,,,,
2026-09-11T19:20,299.5,0.0,1018.6,10.0,0.0,16.3,56.2,2.2,5.2
2026-09-11T19:25,,0.0,,,,,,,
2026-09-11T19:30,343.6,0.0,1018.9,4.8,0.0,16.0,57.2,0.9,4.7
2026-09-11T19:35,,0.0,,,,,,,
2026-09-11T19:40,290.9,0.0,1019.2,1.2,0.0,15.6,60.4,2.9,5.4
2026-09-11T19:45,,0.0,,,,,,,
2026-09-11T19:50,291.9,0.0,1019.5,0.0,0.0,15.4,60.4,3.4,6.3
2026-09-11T19:55,,0.0,,,,,,,
2026-09-11T20:00,287.2,0.0,1019.8,0.0,0.0,15.4,58.6,0.7,3.5
2026-09-11T20:05,,0.0,,,,,,,
2026-09-11T20:10,337.8,0.0,1020.1,0.0,0.0,14.9,61.2,0.5,3.4
2026-09-11T20:15,,0.0,,,,,,,
2026-09-11T20:20,294.8,0.0,1020.4,0.0,0.0,14.8,61.9,1.3,2.5
2026-09-11T20:25,,0.0,,,,,,,
2026-09-11T20:30,254.0,0.0,1020.8,0.0,0.0,14.1,65.1,1.1,3.7
2026-09-11T20:35,,0.0,,,,,,,
2026-09-11T20:40,284.0,0.0,1020.7,0.0,0.0,14.4,63.7,3.2,5.2
2026-09-11T20:45,,0.0,,,,,,,
2026-09-11T20:50,266.4,0.0,1021.1,0.0,0.0,13.9,66.4,1.1,3.3
2026-09-11T20:55,,0.0,,,,,,,
2026-09-11T21:00,176.6,0.0,1021.5,0.0,0.0,13.5,68.6,0.2,3.2
2026-09-11T21:05,,0.0,,,,,,,
2026-09-11T21:10,259.5,0.0,1021.5,0.0,0.0,13.9,65.1,2.1,3.8
2026-09-11T21:15,,0.0,,,,,,,
2026-09-11T21:20,282.2,0.0,1021.7,0.0,0.0,13.7,66.6,1.6,4.1
2026-09-11T21:25,,0.0,,,,,,,
2026-09-11T21:30,262.4,0.0,1021.9,0.0,0.0,13.5,68.1,1.7,3.7
2026-09-11T21:35,,0.0,,,,,,,
2026-09-11T21:40,276.0,0.0,1022.1,0.0,0.0,13.5,67.1,0.5,2.5
2026-09-11T21:45,,0.0,,,,,,,
2026-09-11T21:50,298.8,0.0,1022.4,0.0,0.0,12.7,72.3,1.2,2.7
2026-09-11T21:55,,0.0,,,,,,,
2026-09-11T22:00,16.8,0.0,1022.5,0.0,0.0,12.9,70.6,0.9,2.4
2026-09-11T22:05,,0.0,,,,,,,
2026-09-11T22:10,11.2,0.0,1022.8,0.0,0.0,12.3,74.0,0.8,1.7
2026-09-11T22:15,,0.0,,,,,,,
2026-09-11T22:20,136.9,0.0,1023.2,0.0,0.0,11.7,78.4,0.2,1.2
2026-09-11T22:25,,0.0,,,,,,,
2026-09-11T22:30,122.9,0.0,1023.6,0.0,0.0,11.0,83.8,0.5,1.0
2026-09-11T22:35,,0.0,,,,,,,
2026-09-11T22:40,18.6,0.0,1023.9,0.0,0.0,10.6,85.6,0.7,1.9
2026-09-11T22:45,,0.0,,,,,,,
2026-09-11T22:50,345.0,0.0,1024.1,0.0,0.0,10.3,85.3,0.9,2.2
2026-09-11T22:55,,0.0,,,,,,,
2026-09-11T23:00,302.2,0.0,1024.3,0.0,0.0,10.4,84.6,1.1,2.0
2026-09-11T23:05,,0.0,,,,,,,
2026-09-11T23:10,341.0,0.0,1024.6,0.0,0.0,9.9,87.6,0.8,1.7
2026-09-11T23:15,,0.0,,,,,,,
2026-09-11T23:20,297.1,0.0,1024.8,0.0,0.0,9.9,86.1,0.8,2.7
2026-09-11T23:25,,0.0,,,,,,,
2026-09-11T23:30,347.8,0.0,1024.8,0.0,0.0,10.1,85.1,1.2,2.3
2026-09-11T23:35,,0.0,,,,,,,
2026-09-11T23:40,323.0,0.0,1024.9,0.0,0.0,9.8,87.4,1.3,2.9
2026-09-11T23:45,,0.0,,,,,,,
2026-09-11T23:50,337.9,0.0,1025.0,0.0,0.0,10.1,84.3,0.7,1.6
2026-09-11T23:55,,0.0,,,,,,,
2026-09-12T00:00,288.3,0.0,1025.0,0.0,0.0,10.5,79.3,0.4,1.6
2026-09-12T00:05,,0.0,,,,,,,
2026-09-12T00:10,296.1,0.0,1025.0,0.0,0.0,10.7,76.0,1.1,2.7
2026-09-12T00:15,,0.0,,,,,,,
2026-09-12T00:20,264.2,0.0,1025.4,0.0,0.0,9.8,82.1,0.7,2.4
2026-09-12T00:25,,0.0,,,,,,,
2026-09-12T00:30,238.9,0.0,1025.8,0.0,0.0,8.8,90.1,0.3,0.6
2026-09-12T00:35,,0.0,,,,,,,
2026-09-12T00:40,313.6,0.0,1025.9,0.0,0.0,8.5,90.6,0.6,1.5
2026-09-12T00:45,,0.0,,,,,,,
2026-09-12T00:50,146.9,0.0,1026.1,0.0,0.0,8.2,92.6,0.3,1.5
2026-09-12T00:55,,0.0,,,,,,,
2026-09-12T01:00,344.4,0.0,1026.3,0.0,0.0,7.9,93.2,0.5,1.3
2026-09-12T01:05,,0.0,,,,,,,
2026-09-12T01:10,16.8,0.0,1026.3,0.0,0.0,8.3,90.2,1.4,2.0
2026-09-12T01:15,,0.0,,,,,,,
2026-09-12T01:20,6.3,0.0,1026.4,0.0,0.0,8.5,88.4,0.8,1.8
2026-09-12T01:25,,0.0,,,,,,,
2026-09-12T01:30,21.5,0.0,1026.5,0.0,0.0,8.4,89.3,0.7,1.1
2026-09-12T01:35,,0.0,,,,,,,
2026-09-12T01:40,309.7,0.0,1026.5,0.0,0.0,8.6,85.7,1.1,2.3
2026-09-12T01:45,,0.0,,,,,,,
2026-09-12T01:50,296.3,0.0,1026.5,0.0,0.0,8.4,85.4,1.2,2.6
2026-09-12T01:55,,0.0,,,,,,,
2026-09-12T02:00,343.9,0.0,1026.9,0.0,0.0,7.2,93.0,1.1,2.1
2026-09-12T02:05,,0.0,,,,,,,
2026-09-12T02:10,317.6,0.0,1026.8,0.0,0.0,7.5,92.0,1.3,3.0
2026-09-12T02:15,,0.0,,,,,,,
2026-09-12T02:20,20.1,0.0,1026.9,0.0,0.0,7.3,93.5,0.9,2.0
2026-09-12T02:25,,0.0,,,,,,,
2026-09-12T02:30,36.2,0.0,1026.7,0.0,0.0,7.9,90.3,0.9,1.8
2026-09-12T02:35,,0.0,,,,,,,
2026-09-12T02:40,27.0,0.0,1027.2,0.0,0.0,7.0,93.9,0.9,1.7
2026-09-12T02:45,,0.0,,,,,,,
2026-09-12T02:50,0.4,0.0,1027.1,0.0,0.0,7.2,93.2,0.5,1.2
2026-09-12T02:55,,0.0,,,,,,,
2026-09-12T03:00,36.5,0.0,1027.2,0.0,0.0,6.9,94.2,0.5,1.2
2026-09-12T03:05,,0.0,,,,,,,
2026-09-12T03:10,344.7,0.0,1027.2,0.0,0.0,7.0,93.9,0.7,1.0
2026-09-12T03:15,,0.0,,,,,,,
2026-09-12T03:20,80.0,0.0,1027.3,0.0,0.0,6.5,95.4,0.7,1.1
2026-09-12T03:25,,0.0,,,,,,,
2026-09-12T03:30,349.0,0.0,1027.4,0.0,0.0,6.5,95.7,0.6,1.3
2026-09-12T03:35,,0.0,,,,,,,
2026-09-12T03:40,10.8,0.0,1027.6,0.0,0.0,6.5,95.3,0.7,1.3
2026-09-12T03:45,,0.0,,,,,,,
2026-09-12T03:50,14.6,0.0,1027.5,0.0,0.0,6.6,93.8,1.3,1.9
2026-09-12T03:55,,0.0,,,,,,,
2026-09-12T04:00,320.4,0.0,1027.7,0.0,0.0,6.4,94.6,0.5,1.2
2026-09-12T04:05,,0.0,,,,,,,
2026-09-12T04:10,86.0,0.0,1027.5,0.0,0.0,6.9,91.8,0.8,2.2
2026-09-12T04:15,,0.0,,,,,,,
2026-09-12T04:20,2.7,0.0,1027.8,0.0,0.0,6.2,94.2,0.6,1.6
2026-09-12T04:25,,0.0,,,,,,,
2026-09-12T04:30,205.7,0.0,1027.8,0.0,0.0,6.2,95.3,0.6,1.0
2026-09-12T04:35,,0.0,,,,,,,
2026-09-12T04:40,212.9,0.0,1028.0,0.0,0.0,5.8,96.1,0.1,1.0
2026-09-12T04:45,,0.0,,,,,,,
2026-09-12T04:50,112.3,0.0,1028.2,0.0,0.0,5.7,97.4,0.3,0.7
2026-09-12T04:55,,0.0,,,,,,,
2026-09-12T05:00,257.2,0.0,1028.2,0.0,0.0,5.6,97.0,0.5,0.8
2026-09-12T05:05,,0.0,,,,,,,
2026-09-12T05:10,109.1,0.0,1028.3,0.0,0.0,5.3,97.7,0.4,1.1
2026-09-12T05:15,,0.0,,,,,,,
2026-09-12T05:20,138.2,0.0,1028.5,0.0,0.0,5.0,98.0,0.1,0.8
2026-09-12T05:25,,0.0,,,,,,,
2026-09-12T05:30,274.4,0.0,1028.4,0.0,0.0,5.3,97.9,0.5,0.9
2026-09-12T05:35,,0.0,,,,,,,
2026-09-12T05:40,8.5,0.0,1028.4,0.0,0.0,5.2,97.3,0.2,0.7
2026-09-12T05:45,,0.0,,,,,,,
2026-09-12T05:50,141.0,0.0,1028.5,0.0,0.0,4.9,98.1,0.2,1.1
2026-09-12T05:55,,0.0,,,,,,,
2026-09-12T06:00,175.3,0.0,1028.5,0.0,0.0,4.9,98.7,0.2,0.9
2026-09-12T06:05,,0.0,,,,,,,
2026-09-12T06:10,44.5,0.0,1028.7,0.0,0.0,4.5,98.3,0.5,1.1
2026-09-12T06:15,,0.0,,,,,,,
2026-09-12T06:20,1.7,0.0,1028.6,0.0,0.0,4.7,98.9,0.8,1.3
2026-09-12T06:25,,0.0,,,,,,,
2026-09-12T06:30,23.6,0.0,1028.5,0.0,0.0,4.9,98.3,0.6,1.3
2026-09-12T06:35,,0.0,,,,,,,
2026-09-12T06:40,50.6,0.0,1028.5,0.0,0.0,5.0,97.0,1.0,1.4
2026-09-12T06:45,,0.0,,,,,,,
2026-09-12T06:50,28.8,0.0,1028.6,0.4,0.0,4.8,97.4,0.5,1.5
2026-09-12T06:55,,0.0,,,,,,,
2026-09-12T07:00,4.8,0.0,1028.5,3.2,0.0,5.0,95.6,0.7,1.8
2026-09-12T07:05,,0.0,,,,,,,
2026-09-12T07:10,4.4,0.0,1028.5,6.7,0.0,5.3,96.2,0.5,1.2
2026-09-12T07:15,,0.0,,,,,,,
2026-09-12T07:20,70.5,0.0,1028.7,10.2,0.0,5.1,96.6,0.1,1.0
2026-09-12T07:25,,0.0,,,,,,,
2026-09-12T07:30,7.2,0.0,1028.8,13.5,0.0,4.9,97.3,0.4,1.1
2026-09-12T07:35,,0.0,,,,,,,
2026-09-12T07:40,104.3,0.0,1029.0,16.6,0.0,4.9,97.4,0.1,1.0
2026-09-12T07:45,,0.0,,,,,,,
2026-09-12T07:50,256.8,0.0,1029.0,19.7,0.0,4.9,97.7,0.6,1.2
2026-09-12T07:55,,0.0,,,,,,,
2026-09-12T08:00,169.1,0.0,1029.0,22.6,0.0,4.9,97.9,0.3,1.2
2026-09-12T08:05,,0.0,,,,,,,
2026-09-12T08:10,97.6,0.0,1029.0,25.2,0.0,4.9,97.9,0.4,1.3
2026-09-12T08:15,,0.0,,,,,,,
2026-09-12T08:20,220.8,0.0,1029.1,27.9,0.0,5.0,98.2,0.8,1.2
2026-09-12T08:25,,0.0,,,,,,,
2026-09-12T08:30,228.2,0.0,1029.0,30.1,0.0,5.3,97.9,0.8,1.3
2026-09-12T08:35,,0.0,,,,,,,
2026-09-12T08:40,194.0,0.0,1028.9,32.4,0.0,5.5,97.7,0.9,1.5
2026-09-12T08:45,,0.0,,,,,,,
2026-09-12T08:50,203.2,0.0,1028.9,34.9,0.0,5.5,97.6,1.0,1.3
2026-09-12T08:55,,0.0,,,,,,,
2026-09-12T09:00,165.9,0.0,1028.9,37.8,0.0,5.4,98.0,0.4,0.6
2026-09-12T09:05,,0.0,,,,,,,
2026-09-12T09:10,148.0,0.0,1028.8,265.7,462.0,5.9,97.9,0.5,1.2
2026-09-12T09:15,,0.0,,,,,,,
2026-09-12T09:20,81.9,0.0,1028.4,387.3,599.0,6.9,95.2,0.9,1.3
2026-09-12T09:25,,0.0,,,,,,,
2026-09-12T09:30,110.7,0.0,1028.0,417.8,600.0,7.5,91.2,0.5,1.2
2026-09-12T09:35,,0.0,,,,,,,
2026-09-12T09:40,79.7,0.0,1027.6,444.6,598.0,8.4,86.6,0.7,1.3
2026-09-12T09:45,,0.0,,,,,,,
2026-09-12T09:50,51.0,0.0,1027.5,463.2,600.0,8.9,84.9,0.9,1.7
2026-09-12T09:55,,0.0,,,,,,,
2026-09-12T10:00,47.6,0.0,1027.2,486.2,599.0,9.2,83.6,1.1,1.7
2026-09-12T10:05,,0.0,,,,,,,
2026-09-12T10:10,50.5,0.0,1027.0,515.1,600.0,9.6,83.6,0.9,1.6
2026-09-12T10:15,,0.0,,,,,,,
2026-09-12T10:20,32.4,0.0,1026.5,541.0,600.0,10.4,80.7,0.6,1.4
2026-09-12T10:25,,0.0,,,,,,,
2026-09-12T10:30,45.3,0.0,1026.1,568.0,600.0,11.1,78.9,0.9,1.9
2026-09-12T10:35,,0.0,,,,,,,
2026-09-12T10:40,33.2,0.0,1025.8,591.2,600.0,11.5,74.1,1.0,1.9
2026-09-12T10:45,,0.0,,,,,,,
2026-09-12T10:50,25.9,0.0,1025.4,609.5,600.0,12.1,70.1,0.9,1.8
2026-09-12T10:55,,0.0,,,,,,,
2026-09-12T11:00,43.3,0.0,1025.0,630.5,598.0,12.7,68.3,1.1,2.1
2026-09-12T11:05,,0.0,,,,,,,
2026-09-12T11:10,35.4,0.0,1024.9,654.2,600.0,12.9,65.8,1.0,1.8
2026-09-12T11:15,,0.0,,,,,,,
2026-09-12T11:20,56.0,0.0,1024.5,673.9,598.0,13.4,61.9,0.4,1.2
2026-09-12T11:25,,0.0,,,,,,,
2026-09-12T11:30,67.6,0.0,1024.1,691.2,600.0,14.0,63.8,0.6,2.2
2026-09-12T11:35,,0.0,,,,,,,
2026-09-12T11:40,304.0,0.0,1023.7,705.8,600.0,14.6,62.8,0.3,1.4
2026-09-12T11:45,,0.0,,,,,,,
2026-09-12T11:50,29.1,0.0,1023.5,719.7,600.0,14.8,62.1,1.0,1.8
2026-09-12T11:55,,0.0,,,,,,,
2026-09-12T12:00,11.5,0.0,1023.2,732.0,598.0,15.2,60.1,0.8,1.9
2026-09-12T12:05,,0.0,,,,,,,
2026-09-12T12:10,115.6,0.0,1022.7,743.3,600.0,16.0,56.5,0.5,1.5
2026-09-12T12:15,,0.0,,,,,,,
2026-09-12T12:20,333.0,0.0,1022.5,752.2,598.0,16.4,55.6,0.5,1.6
2026-09-12T12:25,,0.0,,,,,,,
2026-09-12T12:30,30.7,0.0,1022.3,759.8,597.0,16.5,53.9,1.0,1.8
2026-09-12T12:35,,0.0,,,,,,,
2026-09-12T12:40,43.8,0.0,1022.0,767.1,600.0,16.8,51.8,1.0,2.1
2026-09-12T12:45,,0.0,,,,,,,
2026-09-12T12:50,354.6,0.0,1021.5,770.9,600.0,17.3,51.1,0.4,1.4
2026-09-12T12:55,,0.0,,,,,,,
2026-09-12T13:00,38.5,0.0,1021.3,773.6,600.0,17.6,49.0,0.4,1.8
2026-09-12T13:05,,0.0,,,,,,,
2026-09-12T13:10,291.7,0.0,1020.8,775.3,598.0,18.0,50.8,0.9,1.5
2026-09-12T13:15,,0.0,,,,,,,
2026-09-12T13:20,163.8,0.0,1020.5,775.0,600.0,18.5,49.6,0.4,1.8
2026-09-12T13:25,,0.0,,,,,,,
2026-09-12T13:30,186.5,0.0,1020.2,772.8,599.0,19.1,50.6,0.6,1.9
2026-09-12T13:35,,0.0,,,,,,,
2026-09-12T13:40,191.9,0.0,1020.0,769.4,600.0,19.5,48.0,0.3,1.7
2026-09-12T13:45,,0.0,,,,,,,
2026-09-12T13:50,152.2,0.0,1019.9,764.5,600.0,19.7,46.2,0.1,1.0
2026-09-12T13:55,,0.0,,,,,,,
2026-09-12T14:00,75.9,0.0,1019.7,757.5,600.0,19.8,44.4,0.1,1.3
2026-09-12T14:05,,0.0,,,,,,,
2026-09-12T14:10,253.6,0.0,1019.4,747.6,600.0,20.2,41.7,0.2,1.5
2026-09-12T14:15,,0.0,,,,,,,
2026-09-12T14:20,130.9,0.0,1019.1,739.0,598.0,20.6,44.0,0.4,2.1
2026-09-12T14:25,,0.0,,,,,,,
2026-09-12T14:30,344.6,0.0,1018.9,727.9,600.0,20.7,43.0,0.6,1.6
2026-09-12T14:35,,0.0,,,,,,,
2026-09-12T14:40,202.9,0.0,1018.5,714.4,599.0,21.2,41.3,0.9,1.8
2026-09-12T14:45,,0.0,,,,,,,
2026-09-12T14:50,202.6,0.0,1018.1,701.1,600.0,21.7,41.1,0.8,2.6
2026-09-12T14:55,,0.0,,,,,,,
2026-09-12T15:00,190.8,0.0,1018.2,686.9,600.0,21.6,40.1,0.4,1.5
2026-09-12T15:05,,0.0,,,,,,,
2026-09-12T15:10,237.7,0.0,1017.9,670.9,600.0,22.0,39.9,1.2,2.0
2026-09-12T15:15,,0.0,,,,,,,
2026-09-12T15:20,249.0,0.0,1017.9,653.0,600.0,22.0,38.9,1.3,2.2
2026-09-12T15:25,,0.0,,,,,,,
2026-09-12T15:30,214.5,0.0,1017.7,634.0,600.0,22.2,41.6,1.4,2.3
2026-09-12T15:35,,0.0,,,,,,,
2026-09-12T15:40,187.9,0.0,1017.4,614.9,597.0,22.3,38.5,1.1,2.3
2026-09-12T15:45,,0.0,,,,,,,
2026-09-12T15:50,290.9,0.0,1017.4,594.4,598.0,22.5,35.3,1.1,2.7
2026-09-12T15:55,,0.0,,,,,,,
2026-09-12T16:00,346.8,0.0,1017.2,572.2,600.0,22.8,34.5,2.4,5.6
2026-09-12T16:05,,0.0,,,,,,,
2026-09-12T16:10,342.9,0.0,1017.3,548.9,600.0,22.7,31.7,2.9,6.2
2026-09-12T16:15,,0.0,,,,,,,
2026-09-12T16:20,325.4,0.0,1017.3,521.9,600.0,22.6,32.0,3.6,6.4
2026-09-12T16:25,,0.0,,,,,,,
2026-09-12T16:30,335.8,0.0,1017.4,494.2,600.0,22.5,32.9,4.3,7.3
2026-09-12T16:35,,0.0,,,,,,,
2026-09-12T16:40,342.5,0.0,1017.4,465.7,600.0,22.4,34.9,2.6,5.1
2026-09-12T16:45,,0.0,,,,,,,
2026-09-12T16:50,329.9,0.0,1017.4,435.8,598.0,22.5,31.7,2.3,5.5
2026-09-12T16:55,,0.0,,,,,,,
2026-09-12T17:00,341.8,0.0,1017.5,404.6,600.0,22.2,34.1,2.9,6.4
2026-09-12T17:05,,0.0,,,,,,,
2026-09-12T17:10,333.2,0.0,1017.7,375.8,600.0,21.8,35.4,3.7,6.0
2026-09-12T17:15,,0.0,,,,,,,
2026-09-12T17:20,330.3,0.0,1017.8,345.9,24.0,21.8,33.2,4.0,7.3
2026-09-12T17:25,,0.0,,,,,,,
2026-09-12T17:30,332.2,0.0,1017.9,316.6,444.0,21.6,34.4,3.3,7.0
2026-09-12T17:35,,0.0,,,,,,,
2026-09-12T17:40,335.2,0.0,1018.0,287.0,600.0,21.3,34.1,4.7,8.0
2026-09-12T17:45,,0.0,,,,,,,
2026-09-12T17:50,324.6,0.0,1018.1,257.2,600.0,21.3,34.3,4.9,9.4
2026-09-12T17:55,,0.0,,,,,,,
2026-09-12T18:00,333.3,0.0,1018.3,226.6,600.0,21.3,33.2,4.9,8.0
2026-09-12T18:05,,0.0,,,,,,,
2026-09-12T18:10,337.9,0.0,1018.4,183.3,597.0,21.0,33.3,6.2,9.2
2026-09-12T18:15,,0.0,,,,,,,
2026-09-12T18:20,340.1,0.0,1018.6,145.4,600.0,20.8,33.9,4.8,7.9
2026-09-12T18:25,,0.0,,,,,,,
2026-09-12T18:30,334.6,0.0,1018.7,29.2,302.0,20.5,33.3,5.1,8.0
2026-09-12T18:35,,0.0,,,,,,,
2026-09-12T18:40,324.0,0.0,1019.0,23.5,0.0,20.3,33.5,5.4,8.5
2026-09-12T18:45,,0.0,,,,,,,
2026-09-12T18:50,322.0,0.0,1019.2,19.1,0.0,20.1,34.5,5.0,7.1
2026-09-12T18:55,,0.0,,,,,,,
2026-09-12T19:00,329.9,0.0,1019.5,14.7,0.0,19.7,35.5,4.5,7.6
2026-09-12T19:05,,0.0,,,,,,,
2026-09-12T19:10,335.5,0.0,1019.6,10.3,0.0,19.6,36.2,4.5,6.8
2026-09-12T19:15,,0.0,,,,,,,
2026-09-12T19:20,334.4,0.0,1019.8,6.1,0.0,19.1,38.0,4.0,5.9
2026-09-12T19:25,,0.0,,,,,,,
2026-09-12T19:30,5.9,0.0,1020.0,1.6,0.0,18.5,41.5,2.2,4.2
2026-09-12T19:35,,0.0,,,,,,,
2026-09-12T19:40,18.7,0.0,1020.7,0.1,0.0,16.9,49.6,2.4,5.9
2026-09-12T19:45,,0.0,,,,,,,
2026-09-12T19:50,18.3,0.0,1020.9,0.0,0.0,17.3,46.3,1.2,3.9
2026-09-12T19:55,,0.0,,,,,,,
2026-09-12T20:00,280.1,0.0,1021.0,0.0,0.0,17.2,46.7,0.9,5.0
2026-09-12T20:05,,0.0,,,,,,,
2026-09-12T20:10,274.4,0.0,1021.1,0.0,0.0,16.9,48.9,3.5,7.4
2026-09-12T20:15,,0.0,,,,,,,
2026-09-12T20:20,292.9,0.0,1021.2,0.0,0.0,16.9,48.8,2.8,7.7
2026-09-12T20:25,,0.0,,,,,,,
2026-09-12T20:30,299.5,0.0,1021.6,0.0,0.0,16.1,52.9,4.9,9.0
2026-09-12T20:35,,0.0,,,,,,,
2026-09-12T20:40,285.9,0.0,1021.8,0.0,0.0,15.9,53.3,3.9,7.7
2026-09-12T20:45,,0.0,,,,,,,
2026-09-12T20:50,294.2,0.0,1022.1,0.0,0.0,15.8,53.1,4.7,9.5
2026-09-12T20:55,,0.0,,,,,,,
2026-09-12T21:00,290.7,0.0,1022.2,0.0,0.0,15.5,53.9,3.8,8.7
2026-09-12T21:05,,0.0,,,,,,,
2026-09-12T21:10,286.4,0.0,1022.4,0.0,0.0,15.4,54.2,5.4,10.0
2026-09-12T21:15,,0.0,,,,,,,
2026-09-12T21:20,294.4,0.0,1022.5,0.0,0.0,15.2,55.1,5.5,10.3
2026-09-12T21:25,,0.0,,,,,,,
2026-09-12T21:30,284.1,0.0,1022.6,0.0,0.0,15.1,55.0,4.6,8.6
2026-09-12T21:35,,0.0,,,,,,,
2026-09-12T21:40,291.6,0.0,1022.8,0.0,0.0,15.1,55.3,5.0,7.9
2026-09-12T21:45,,0.0,,,,,,,
2026-09-12T21:50,271.7,0.0,1023.0,0.0,0.0,15.1,54.9,4.9,8.2
2026-09-12T21:55,,0.0,,,,,,,
2026-09-12T22:00,254.9,0.0,1022.9,0.0,0.0,15.4,53.1,3.2,7.0
2026-09-12T22:05,,0.0,,,,,,,
2026-09-12T22:10,270.9,0.0,1023.2,0.0,0.0,14.8,56.5,2.6,4.7
2026-09-12T22:15,,0.0,,,,,,,
2026-09-12T22:20,264.3,0.0,1023.4,0.0,0.0,14.7,56.4,2.9,5.2
2026-09-12T22:25,,0.0,,,,,,,
2026-09-12T22:30,273.1,0.0,1023.6,0.0,0.0,14.5,57.5,2.1,4.5
2026-09-12T22:35,,0.0,,,,,,,
2026-09-12T22:40,338.0,0.0,1024.1,0.0,0.0,13.3,64.7,1.1,2.2
2026-09-12T22:45,,0.0,,,,,,,
2026-09-12T22:50,341.1,0.0,1024.4,0.0,0.0,12.4,71.4,1.6,2.8
2026-09-12T22:55,,0.0,,,,,,,
2026-09-12T23:00,312.1,0.0,1024.4,0.0,0.0,12.6,69.1,1.4,3.3
2026-09-12T23:05,,0.0,,,,,,,
2026-09-12T23:10,244.1,0.0,1024.7,0.0,0.0,12.2,71.0,1.2,3.3
2026-09-12T23:15,,0.0,,,,,,,
2026-09-12T23:20,242.3,0.0,1025.2,0.0,0.0,11.3,77.0,0.9,1.8
2026-09-12T23:25,,0.0,,,,,,,
2026-09-12T23:30,154.8,0.0,1025.3,0.0,0.0,11.0,80.6,0.7,2.0
2026-09-12T23:35,,0.0,,,,,,,
2026-09-12T23:40,345.7,0.0,1025.8,0.0,0.0,9.8,86.5,0.4,1.3
2026-09-12T23:45,,0.0,,,,,,,
2026-09-12T23:50,27.1,0.0,1025.7,0.0,0.0,10.4,83.0,0.6,1.1
2026-09-12T23:55,,0.0,,,,,,,
2026-09-13T00:00,37.9,0.0,1025.9,0.0,0.0,9.7,87.2,0.2,0.7
2026-09-13T00:05,,0.0,,,,,,,
2026-09-13T00:10,195.2,0.0,1026.2,0.0,0.0,9.2,89.5,0.7,2.1
2026-09-13T00:15,,0.0,,,,,,,
2026-09-13T00:20,225.5,0.0,1026.2,0.0,0.0,9.3,89.7,0.8,2.0
2026-09-13T00:25,,0.0,,,,,,,
2026-09-13T00:30,243.1,0.0,1026.3,0.0,0.0,9.3,89.1,0.5,1.5
2026-09-13T00:35,,0.0,,,,,,,
2026-09-13T00:40,74.6,0.0,1026.6,0.0,0.0,8.4,92.7,0.3,0.8
2026-09-13T00:45,,0.0,,,,,,,
2026-09-13T00:50,54.5,0.0,1026.8,0.0,0.0,8.3,93.2,0.1,0.9
2026-09-13T00:55,,0.0,,,,,,,
2026-09-13T01:00,224.4,0.0,1026.9,0.0,0.0,8.4,93.1,0.0,0.9
2026-09-13T01:05,,0.0,,,,,,,
2026-09-13T01:10,76.0,0.0,1026.9,0.0,0.0,8.6,91.7,0.2,1.3
2026-09-13T01:15,,0.0,,,,,,,
2026-09-13T01:20,180.0,0.0,1027.0,0.0,0.0,8.3,93.3,0.5,1.2
2026-09-13T01:25,,0.0,,,,,,,
2026-09-13T01:30,140.0,0.0,1027.1,0.0,0.0,8.1,94.1,0.4,1.4
2026-09-13T01:35,,0.0,,,,,,,
2026-09-13T01:40,163.8,0.0,1027.4,0.0,0.0,7.7,95.1,0.2,1.5
2026-09-13T01:45,,0.0,,,,,,,
2026-09-13T01:50,124.7,0.0,1027.4,0.0,0.0,7.6,96.1,0.5,1.0
2026-09-13T01:55,,0.0,,,,,,,
2026-09-13T02:00,249.0,0.0,1027.5,0.0,0.0,7.5,95.6,0.4,1.0
2026-09-13T02:05,,0.0,,,,,,,
2026-09-13T02:10,315.6,0.0,1027.5,0.0,0.0,7.4,96.5,0.2,1.0
2026-09-13T02:15,,0.0,,,,,,,
2026-09-13T02:20,117.4,0.0,1027.5,0.0,0.0,7.3,95.4,0.6,1.3
2026-09-13T02:25,,0.0,,,,,,,
2026-09-13T02:30,274.5,0.0,1027.7,0.0,0.0,6.8,96.9,0.1,0.9
2026-09-13T02:35,,0.0,,,,,,,
2026-09-13T02:40,179.8,0.0,1027.6,0.0,0.0,7.2,96.5,0.2,1.2
2026-09-13T02:45,,0.0,,,,,,,
2026-09-13T02:50,150.1,0.0,1027.7,0.0,0.0,7.0,96.3,0.4,0.9
2026-09-13T02:55,,0.0,,,,,,,
2026-09-13T03:00,204.7,0.0,1027.7,0.0,0.0,7.0,96.9,0.6,1.2
2026-09-13T03:05,,0.0,,,,,,,
2026-09-13T03:10,15.4,0.0,1027.9,0.0,0.0,6.4,97.6,0.3,0.9
2026-09-13T03:15,,0.0,,,,,,,
2026-09-13T03:20,146.6,0.0,1027.8,0.0,0.0,6.7,97.1,0.4,1.5
2026-09-13T03:25,,0.0,,,,,,,
2026-09-13T03:30,45.1,0.0,1027.8,0.0,0.0,6.7,97.5,0.7,1.7
2026-09-13T03:35,,0.0,,,,,,,
2026-09-13T03:40,234.6,0.0,1028.0,0.0,0.0,6.5,97.0,0.3,1.0
2026-09-13T03:45,,0.0,,,,,,,
2026-09-13T03:50,245.9,0.0,1028.0,0.0,0.0,6.6,97.5,0.5,1.4
2026-09-13T03:55,,0.0,,,,,,,
2026-09-13T04:00,140.0,0.0,1028.0,0.0,0.0,6.7,97.1,0.7,1.0
2026-09-13T04:05,,0.0,,,,,,,
2026-09-13T04:10,239.8,0.0,1028.2,0.0,0.0,6.0,98.0,0.5,0.9
2026-09-13T04:15,,0.0,,,,,,,
2026-09-13T04:20,146.8,0.0,1028.3,0.0,0.0,6.3,98.0,0.6,1.3
2026-09-13T04:25,,0.0,,,,,,,
2026-09-13T04:30,194.2,0.0,1028.4,0.0,0.0,6.1,98.1,0.8,1.5
2026-09-13T04:35,,0.0,,,,,,,
2026-09-13T04:40,340.4,0.0,1028.4,0.0,0.0,5.9,98.4,0.3,0.8
2026-09-13T04:45,,0.0,,,,,,,
2026-09-13T04:50,261.6,0.0,1028.3,0.0,0.0,6.1,98.1,0.1,0.9
2026-09-13T04:55,,0.0,,,,,,,
2026-09-13T05:00,55.0,0.0,1028.6,0.0,0.0,5.9,98.3,1.0,1.8
2026-09-13T05:05,,0.0,,,,,,,
2026-09-13T05:10,18.6,0.0,1028.5,0.0,0.0,5.9,98.4,0.3,1.9
2026-09-13T05:15,,0.0,,,,,,,
2026-09-13T05:20,246.3,0.0,1028.2,0.0,0.0,6.1,98.0,0.5,0.9
2026-09-13T05:25,,0.0,,,,,,,
2026-09-13T05:30,174.2,0.0,1028.2,0.0,0.0,6.4,97.7,0.5,1.2
2026-09-13T05:35,,0.0,,,,,,,
2026-09-13T05:40,100.5,0.0,1028.4,0.0,0.0,6.2,97.8,0.3,1.0
2026-09-13T05:45,,0.0,,,,,,,
2026-09-13T05:50,203.6,0.0,1028.6,0.0,0.0,6.0,98.4,0.8,1.5
2026-09-13T05:55,,0.0,,,,,,,
2026-09-13T06:00,226.0,0.0,1028.6,0.0,0.0,6.0,97.9,0.7,1.4
2026-09-13T06:05,,0.0,,,,,,,
2026-09-13T06:10,66.6,0.0,1028.5,0.0,0.0,6.1,98.4,0.1,1.1
2026-09-13T06:15,,0.0,,,,,,,
2026-09-13T06:20,17.0,0.0,1028.7,0.0,0.0,5.7,98.5,0.7,1.9
2026-09-13T06:25,,0.0,,,,,,,
2026-09-13T06:30,357.9,0.0,1028.4,0.0,0.0,5.9,98.4,0.3,0.9
2026-09-13T06:35,,0.0,,,,,,,
2026-09-13T06:40,79.9,0.0,1028.6,0.0,0.0,5.8,98.2,0.3,0.7
2026-09-13T06:45,,0.0,,,,,,,
2026-09-13T06:50,196.5,0.0,1028.5,0.4,0.0,5.9,98.2,0.5,1.0
2026-09-13T06:55,,0.0,,,,,,,
2026-09-13T07:00,171.5,0.0,1028.6,4.9,0.0,6.0,98.2,0.5,1.0
2026-09-13T07:05,,0.0,,,,,,,
2026-09-13T07:10,206.3,0.0,1028.7,10.1,0.0,6.0,98.4,0.9,1.8
2026-09-13T07:15,,0.0,,,,,,,
2026-09-13T07:20,207.7,0.0,1028.6,18.0,0.0,6.2,98.4,1.1,1.9
2026-09-13T07:25,,0.0,,,,,,,
2026-09-13T07:30,195.4,0.0,1028.5,21.1,0.0,6.6,98.1,1.0,2.1
2026-09-13T07:35,,0.0,,,,,,,
2026-09-13T07:40,210.9,0.0,1028.4,26.6,0.0,6.7,97.8,0.8,1.8
2026-09-13T07:45,,0.0,,,,,,,
2026-09-13T07:50,139.4,0.0,1028.5,28.7,0.0,6.5,97.9,0.4,1.0
2026-09-13T07:55,,0.0,,,,,,,
2026-09-13T08:00,208.5,0.0,1028.6,36.4,0.0,6.5,98.1,0.9,1.4
2026-09-13T08:05,,0.0,,,,,,,
2026-09-13T08:10,192.9,0.0,1028.5,45.1,0.0,6.5,98.1,0.2,1.5
2026-09-13T08:15,,0.0,,,,,,,
2026-09-13T08:20,215.1,0.0,1028.4,68.0,0.0,6.8,98.0,1.2,2.2
2026-09-13T08:25,,0.0,,,,,,,
2026-09-13T08:30,149.3,0.0,1028.3,89.8,0.0,7.3,97.1,0.7,1.8
2026-09-13T08:35,,0.0,,,,,,,
2026-09-13T08:40,189.2,0.0,1028.2,69.9,0.0,7.5,96.8,0.5,1.2
2026-09-13T08:45,,0.0,,,,,,,
2026-09-13T08:50,187.8,0.0,1028.1,46.4,0.0,7.5,96.6,0.4,1.3
2026-09-13T08:55,,0.0,,,,,,,
2026-09-13T09:00,55.0,0.0,1028.2,40.2,0.0,7.3,97.3,0.9,1.3
2026-09-13T09:05,,0.0,,,,,,,
2026-09-13T09:10,67.2,0.0,1028.0,263.3,443.0,7.7,96.9,0.5,1.6
2026-09-13T09:15,,0.0,,,,,,,
2026-09-13T09:20,55.5,0.0,1027.5,452.7,600.0,8.5,94.3,0.4,1.5
2026-09-13T09:25,,0.0,,,,,,,
2026-09-13T09:30,97.0,0.0,1027.0,469.1,600.0,9.6,91.2,0.4,1.2
2026-09-13T09:35,,0.0,,,,,,,
2026-09-13T09:40,65.2,0.0,1026.7,337.0,600.0,10.1,89.4,0.4,2.4
2026-09-13T09:45,,0.0,,,,,,,
2026-09-13T09:50,53.4,0.0,1026.8,347.4,556.0,10.1,87.0,0.7,2.3
2026-09-13T09:55,,0.0,,,,,,,
2026-09-13T10:00,14.1,0.0,1026.4,259.1,147.0,10.6,84.5,0.4,0.9
2026-09-13T10:05,,0.0,,,,,,,
2026-09-13T10:10,84.3,0.0,1026.3,239.6,21.0,10.8,83.8,0.7,1.2
2026-09-13T10:15,,0.0,,,,,,,
2026-09-13T10:20,134.4,0.0,1026.1,253.0,117.0,11.0,82.6,0.6,1.3
2026-09-13T10:25,,0.0,,,,,,,
2026-09-13T10:30,139.1,0.0,1025.8,375.0,598.0,11.8,80.3,0.5,1.1
2026-09-13T10:35,,0.0,,,,,,,
2026-09-13T10:40,174.3,0.0,1025.4,435.6,600.0,12.3,74.5,0.2,1.4
2026-09-13T10:45,,0.0,,,,,,,
2026-09-13T10:50,120.3,0.0,1025.1,531.8,600.0,12.9,74.2,0.5,1.5
2026-09-13T10:55,,0.0,,,,,,,
2026-09-13T11:00,168.7,0.0,1024.7,667.5,598.0,13.8,71.4,0.7,1.6
2026-09-13T11:05,,0.0,,,,,,,
2026-09-13T11:10,86.7,0.0,1024.4,789.7,600.0,14.3,68.0,0.5,1.4
2026-09-13T11:15,,0.0,,,,,,,
2026-09-13T11:20,55.5,0.0,1024.2,631.3,600.0,14.6,66.5,0.3,1.5
2026-09-13T11:25,,0.0,,,,,,,
2026-09-13T11:30,125.3,0.0,1023.9,662.8,600.0,15.1,62.3,0.5,1.2
2026-09-13T11:35,,0.0,,,,,,,
2026-09-13T11:40,156.8,0.0,1023.4,741.7,595.0,15.9,59.2,0.4,1.8
2026-09-13T11:45,,0.0,,,,,,,
2026-09-13T11:50,173.9,0.0,1022.9,822.1,600.0,16.6,59.5,0.8,2.2
2026-09-13T11:55,,0.0,,,,,,,
2026-09-13T12:00,206.4,0.0,1022.6,813.3,600.0,17.1,59.2,1.0,2.2
2026-09-13T12:05,,0.0,,,,,,,
2026-09-13T12:10,165.0,0.0,1022.4,795.4,599.0,17.2,57.3,0.5,2.1
2026-09-13T12:15,,0.0,,,,,,,
2026-09-13T12:20,192.2,0.0,1022.1,788.1,600.0,17.4,56.9,0.8,2.1
2026-09-13T12:25,,0.0,,,,,,,
2026-09-13T12:30,185.3,0.0,1021.9,770.0,599.0,17.7,53.7,0.5,1.6
2026-09-13T12:35,,0.0,,,,,,,
2026-09-13T12:40,180.6,0.0,1021.5,769.1,600.0,18.2,56.0,0.7,2.1
2026-09-13T12:45,,0.0,,,,,,,
2026-09-13T12:50,180.3,0.0,1021.1,774.1,597.0,18.9,56.6,0.9,2.3
2026-09-13T12:55,,0.0,,,,,,,
2026-09-13T13:00,179.1,0.0,1020.9,766.0,600.0,19.0,54.9,0.7,2.2
2026-09-13T13:05,,0.0,,,,,,,
2026-09-13T13:10,204.3,0.0,1020.7,778.6,597.0,19.3,51.6,0.9,2.1
2026-09-13T13:15,,0.0,,,,,,,
2026-09-13T13:20,138.4,0.0,1020.4,780.4,600.0,19.5,50.2,0.6,1.8
2026-09-13T13:25,,0.0,,,,,,,
2026-09-13T13:30,164.8,0.0,1020.1,786.1,600.0,20.1,47.8,0.5,1.9
2026-09-13T13:35,,0.0,,,,,,,
2026-09-13T13:40,161.6,0.0,1019.9,781.7,600.0,20.1,50.9,0.9,2.7
2026-09-13T13:45,,0.0,,,,,,,
2026-09-13T13:50,327.2,0.0,1019.8,761.1,600.0,20.1,48.5,0.3,1.6
2026-09-13T13:55,,0.0,,,,,,,
2026-09-13T14:00,240.1,0.0,1019.4,717.3,599.0,20.4,48.6,1.0,2.3
2026-09-13T14:05,,0.0,,,,,,,
2026-09-13T14:10,261.7,0.0,1019.3,752.7,600.0,20.7,46.7,0.6,1.8
2026-09-13T14:15,,0.0,,,,,,,
2026-09-13T14:20,81.4,0.0,1019.0,750.3,600.0,20.9,46.5,0.9,2.3
2026-09-13T14:25,,0.0,,,,,,,
2026-09-13T14:30,282.1,0.0,1018.9,717.4,597.0,21.0,46.7,0.6,1.6
2026-09-13T14:35,,0.0,,,,,,,
2026-09-13T14:40,327.8,0.0,1018.6,640.0,600.0,21.3,49.6,0.9,1.6
2026-09-13T14:45,,0.0,,,,,,,
2026-09-13T14:50,20.1,0.0,1018.5,688.0,600.0,21.4,47.9,0.9,1.5
2026-09-13T14:55,,0.0,,,,,,,
2026-09-13T15:00,160.5,0.0,1018.1,680.6,599.0,21.9,45.7,0.6,1.8
2026-09-13T15:05,,0.0,,,,,,,
2026-09-13T15:10,220.2,0.0,1017.9,658.4,600.0,22.2,48.5,0.8,2.3
2026-09-13T15:15,,0.0,,,,,,,
2026-09-13T15:20,218.9,0.0,1017.7,669.2,600.0,22.4,47.9,0.8,2.1
2026-09-13T15:25,,0.0,,,,,,,
2026-09-13T15:30,172.0,0.0,1017.4,626.9,595.0,22.6,48.5,0.5,1.5
2026-09-13T15:35,,0.0,,,,,,,
2026-09-13T15:40,9.7,0.0,1017.2,599.9,600.0,22.6,48.8,0.3,1.4
2026-09-13T15:45,,0.0,,,,,,,
2026-09-13T15:50,200.1,0.0,1017.0,599.5,597.0,23.1,47.9,0.8,1.8
2026-09-13T15:55,,0.0,,,,,,,
2026-09-13T16:00,240.9,0.0,1016.9,574.8,600.0,23.0,46.9,1.3,2.2
2026-09-13T16:05,,0.0,,,,,,,
2026-09-13T16:10,171.1,0.0,1016.8,565.8,599.0,22.9,46.6,0.3,1.4
2026-09-13T16:15,,0.0,,,,,,,
2026-09-13T16:20,55.7,0.0,1016.7,515.6,598.0,22.9,44.4,0.9,1.5
2026-09-13T16:25,,0.0,,,,,,,
2026-09-13T16:30,346.1,0.0,1016.6,474.2,600.0,22.9,46.6,0.5,1.1
2026-09-13T16:35,,0.0,,,,,,,
2026-09-13T16:40,48.7,0.0,1016.5,466.7,600.0,23.0,46.2,0.5,1.3
2026-09-13T16:45,,0.0,,,,,,,
2026-09-13T16:50,215.9,0.0,1016.5,436.2,599.0,22.8,52.2,0.7,1.9
2026-09-13T16:55,,0.0,,,,,,,
2026-09-13T17:00,262.0,0.0,1016.4,450.6,599.0,23.0,49.0,0.2,1.4
2026-09-13T17:05,,0.0,,,,,,,
2026-09-13T17:10,273.5,0.0,1016.5,404.2,600.0,22.8,51.8,1.3,2.4
2026-09-13T17:15,,0.0,,,,,,,
2026-09-13T17:20,271.4,0.0,1016.7,368.7,78.0,22.2,56.3,0.6,3.0
2026-09-13T17:25,,0.0,,,,,,,
2026-09-13T17:30,272.4,0.0,1016.6,351.4,401.0,22.7,49.0,1.6,2.9
2026-09-13T17:35,,0.0,,,,,,,
2026-09-13T17:40,252.1,0.0,1016.9,251.4,600.0,21.8,54.0,1.3,2.8
2026-09-13T17:45,,0.0,,,,,,,
2026-09-13T17:50,261.3,0.0,1017.0,172.0,464.0,21.4,53.6,0.9,3.0
2026-09-13T17:55,,0.0,,,,,,,
2026-09-13T18:00,216.7,0.0,1017.6,79.1,0.0,20.1,56.6,1.1,2.4
2026-09-13T18:05,,0.0,,,,,,,
2026-09-13T18:10,246.0,0.0,1018.0,61.5,0.0,19.3,59.4,1.4,2.6
2026-09-13T18:15,,0.0,,,,,,,
2026-09-13T18:20,268.4,0.0,1018.2,50.2,0.0,19.3,55.4,2.0,4.8
2026-09-13T18:25,,0.0,,,,,,,
2026-09-13T18:30,245.4,0.0,1018.4,36.1,0.0,19.0,57.4,1.8,5.0
2026-09-13T18:35,,0.0,,,,,,,
2026-09-13T18:40,235.3,0.0,1018.7,25.5,0.0,18.0,67.5,1.5,2.2
2026-09-13T18:45,,0.0,,,,,,,
2026-09-13T18:50,156.8,0.0,1018.8,20.7,0.0,17.7,70.5,0.5,1.3
2026-09-13T18:55,,0.0,,,,,,,
2026-09-13T19:00,167.8,0.0,1019.0,15.1,0.0,17.0,76.3,0.7,1.6
2026-09-13T19:05,,0.0,,,,,,,
2026-09-13T19:10,285.0,0.0,1018.9,8.0,0.0,17.8,60.5,1.1,3.0
2026-09-13T19:15,,0.0,,,,,,,
2026-09-13T19:20,179.2,0.0,1019.1,3.0,0.0,16.8,74.7,0.5,1.3
2026-09-13T19:25,,0.0,,,,,,,
2026-09-13T19:30,226.3,0.0,1019.4,0.3,0.0,16.0,81.1,0.7,1.4
2026-09-13T19:35,,0.0,,,,,,,
2026-09-13T19:40,259.1,0.0,1019.4,0.0,0.0,16.2,73.3,0.9,2.5
2026-09-13T19:45,,0.0,,,,,,,
2026-09-13T19:50,170.8,0.0,1019.7,0.0,0.0,15.5,80.0,0.2,1.8
2026-09-13T19:55,,0.0,,,,,,,
2026-09-13T20:00,303.6,0.0,1019.5,0.0,0.0,16.6,64.7,1.8,3.3
2026-09-13T20:05,,0.0,,,,,,,
2026-09-13T20:10,285.8,0.0,1019.7,0.0,0.0,16.6,63.4,2.3,4.5
2026-09-13T20:15,,0.0,,,,,,,
2026-09-13T20:20,272.2,0.0,1020.0,0.0,0.0,15.9,70.8,1.0,2.3
2026-09-13T20:25,,0.0,,,,,,,
2026-09-13T20:30,236.0,0.0,1020.6,0.0,0.0,14.8,81.5,0.5,1.9
2026-09-13T20:35,,0.0,,,,,,,
2026-09-13T20:40,277.5,0.0,1020.7,0.0,0.0,14.7,79.0,0.8,1.9
2026-09-13T20:45,,0.0,,,,,,,
2026-09-13T20:50,322.0,0.0,1020.8,0.0,0.0,15.3,73.5,1.1,2.9
2026-09-13T20:55,,0.0,,,,,,,
2026-09-13T21:00,312.5,0.0,1020.8,0.0,0.0,15.6,72.0,1.5,4.0
2026-09-13T21:05,,0.0,,,,,,,
2026-09-13T21:10,254.0,0.0,1020.7,0.0,0.0,16.0,66.5,1.5,3.8
2026-09-13T21:15,,0.0,,,,,,,
2026-09-13T21:20,212.6,0.0,1021.0,0.0,0.0,14.9,78.3,1.7,2.3
2026-09-13T21:25,,0.0,,,,,,,
2026-09-13T21:30,242.0,0.0,1021.2,0.0,0.0,14.8,79.2,0.9,1.9
2026-09-13T21:35,,0.0,,,,,,,
2026-09-13T21:40,76.1,0.0,1021.4,0.0,0.0,14.4,82.4,0.4,1.7
2026-09-13T21:45,,0.0,,,,,,,
2026-09-13T21:50,283.1,0.0,1021.4,0.0,0.0,14.4,84.3,0.2,1.2
2026-09-13T21:55,,0.0,,,,,,,
2026-09-13T22:00,168.1,0.0,1021.2,0.0,0.0,14.5,82.7,0.4,1.0
2026-09-13T22:05,,0.0,,,,,,,
2026-09-13T22:10,215.0,0.0,1021.4,0.0,0.0,14.3,84.4,0.5,1.2
2026-09-13T22:15,,0.0,,,,,,,
2026-09-13T22:20,47.1,0.0,1021.6,0.0,0.0,14.3,84.4,1.3,2.5
2026-09-13T22:25,,0.0,,,,,,,
2026-09-13T22:30,324.6,0.0,1021.7,0.0,0.0,14.4,84.6,0.9,1.7
2026-09-13T22:35,,0.0,,,,,,,
2026-09-13T22:40,40.4,0.0,1021.6,0.0,0.0,14.7,81.1,1.0,1.9
2026-09-13T22:45,,0.0,,,,,,,
2026-09-13T22:50,292.2,0.0,1021.8,0.0,0.0,14.6,82.8,0.3,1.3
2026-09-13T22:55,,0.0,,,,,,,
2026-09-13T23:00,259.0,0.0,1021.7,0.0,0.0,15.0,76.8,0.9,1.9
2026-09-13T23:05,,0.0,,,,,,,
2026-09-13T23:10,335.6,0.0,1021.8,0.0,0.0,15.1,75.7,0.5,1.4
2026-09-13T23:15,,0.0,,,,,,,
2026-09-13T23:20,315.9,0.0,1021.7,0.0,0.0,15.4,73.1,1.2,3.5
2026-09-13T23:25,,0.0,,,,,,,
2026-09-13T23:30,277.0,0.0,1021.8,0.0,0.0,15.5,74.1,0.4,2.6
2026-09-13T23:35,,0.0,,,,,,,
2026-09-13T23:40,234.1,0.0,1022.2,0.0,0.0,14.6,84.0,0.9,1.6
2026-09-13T23:45,,0.0,,,,,,,
2026-09-13T23:50,211.8,0.0,1022.4,0.0,0.0,14.1,87.8,0.3,1.4
2026-09-13T23:55,,0.0,,,,,,,
2026-09-14T00:00,109.8,0.0,1022.5,0.0,0.0,14.2,86.7,0.3,1.1
2026-09-14T00:05,,0.0,,,,,,,
2026-09-14T00:10,182.5,0.0,1022.4,0.0,0.0,14.0,88.0,0.1,0.9
2026-09-14T00:15,,0.0,,,,,,,
2026-09-14T00:20,292.8,0.0,1022.3,0.0,0.0,14.2,86.9,0.3,0.9
2026-09-14T00:25,,0.0,,,,,,,
2026-09-14T00:30,156.3,0.0,1022.4,0.0,0.0,13.8,89.6,1.0,1.3
2026-09-14T00:35,,0.0,,,,,,,
2026-09-14T00:40,225.3,0.0,1022.3,0.0,0.0,13.6,90.3,0.6,1.1
2026-09-14T00:45,,0.0,,,,,,,
2026-09-14T00:50,197.4,0.0,1022.3,0.0,0.0,13.6,90.6,0.8,1.3
2026-09-14T00:55,,0.0,,,,,,,
2026-09-14T01:00,253.0,0.0,1022.5,0.0,0.0,13.6,90.3,0.5,1.1
2026-09-14T01:05,,0.0,,,,,,,
2026-09-14T01:10,228.6,0.0,1022.4,0.0,0.0,13.7,89.5,0.4,0.8
2026-09-14T01:15,,0.0,,,,,,,
2026-09-14T01:20,164.3,0.0,1022.4,0.0,0.0,13.6,90.7,0.4,1.0
2026-09-14T01:25,,0.0,,,,,,,
2026-09-14T01:30,171.8,0.0,1022.4,0.0,0.0,13.4,92.0,0.6,1.1
2026-09-14T01:35,,0.0,,,,,,,
2026-09-14T01:40,263.0,0.0,1022.3,0.0,0.0,13.6,90.2,0.9,1.4
2026-09-14T01:45,,0.0,,,,,,,
2026-09-14T01:50,168.0,0.0,1022.2,0.0,0.0,13.7,88.4,0.3,1.1
2026-09-14T01:55,,0.0,,,,,,,
2026-09-14T02:00,32.8,0.0,1022.4,0.0,0.0,13.4,92.2,0.2,1.1
2026-09-14T02:05,,0.0,,,,,,,
2026-09-14T02:10,354.6,0.0,1022.4,0.0,0.0,13.5,91.4,0.6,1.1
2026-09-14T02:15,,0.0,,,,,,,
2026-09-14T02:20,33.0,0.0,1022.6,0.0,0.0,13.3,93.3,0.8,1.6
2026-09-14T02:25,,0.0,,,,,,,
2026-09-14T02:30,348.7,0.0,1022.6,0.0,0.0,13.2,94.2,1.1,1.6
2026-09-14T02:35,,0.0,,,,,,,
2026-09-14T02:40,294.4,0.0,1022.7,0.0,0.0,13.3,94.1,1.2,2.1
2026-09-14T02:45,,0.0,,,,,,,
2026-09-14T02:50,320.9,0.0,1022.6,0.0,0.0,14.0,87.3,1.0,2.9
2026-09-14T02:55,,0.2,,,,,,,
2026-09-14T03:00,322.1,0.1,1022.5,0.0,0.0,14.5,84.5,1.2,3.9
2026-09-14T03:05,,0.0,,,,,,,
2026-09-14T03:10,3.1,0.0,1022.5,0.0,0.0,14.1,90.1,1.0,2.7
2026-09-14T03:15,,0.0,,,,,,,
2026-09-14T03:20,222.6,0.0,1022.6,0.0,0.0,13.9,91.3,1.0,2.7
2026-09-14T03:25,,0.0,,,,,,,
2026-09-14T03:30,43.5,0.0,1022.5,0.0,0.0,14.3,87.8,0.9,2.7
2026-09-14T03:35,,0.0,,,,,,,
2026-09-14T03:40,36.9,0.0,1022.6,0.0,0.0,13.9,91.6,2.2,3.4
2026-09-14T03:45,,0.0,,,,,,,
2026-09-14T03:50,358.4,0.0,1022.5,0.0,0.0,14.1,90.7,1.5,3.4
2026-09-14T03:55,,0.0,,,,,,,
2026-09-14T04:00,72.3,0.0,1022.6,0.0,0.0,13.9,91.7,1.7,3.3
2026-09-14T04:05,,0.1,,,,,,,
2026-09-14T04:10,6.4,0.0,1022.7,0.0,0.0,13.8,92.3,1.3,2.4
2026-09-14T04:15,,0.0,,,,,,,
2026-09-14T04:20,4.8,0.0,1022.6,0.0,0.0,13.9,91.1,1.3,2.8
2026-09-14T04:25,,0.0,,,,,,,
2026-09-14T04:30,39.1,0.1,1022.4,0.0,0.0,14.4,85.0,1.0,2.1
2026-09-14T04:35,,0.0,,,,,,,
2026-09-14T04:40,324.8,0.0,1022.4,0.0,0.0,14.3,87.8,0.2,2.4
2026-09-14T04:45,,0.0,,,,,,,
2026-09-14T04:50,96.1,0.0,1022.4,0.0,0.0,14.2,87.3,0.6,3.8
2026-09-14T04:55,,0.0,,,,,,,
2026-09-14T05:00,48.1,0.0,1022.3,0.0,0.0,14.1,89.2,2.8,4.9
2026-09-14T05:05,,0.0,,,,,,,
2026-09-14T05:10,35.8,0.0,1022.4,0.0,0.0,13.9,91.0,1.3,3.3
2026-09-14T05:15,,0.0,,,,,,,
2026-09-14T05:20,294.6,0.0,1022.5,0.0,0.0,13.9,89.7,1.5,2.6
2026-09-14T05:25,,0.0,,,,,,,
2026-09-14T05:30,10.3,0.0,1022.7,0.0,0.0,13.5,91.4,1.3,2.3
2026-09-14T05:35,,0.0,,,,,,,
2026-09-14T05:40,51.8,0.0,1022.6,0.0,0.0,13.5,91.3,1.6,3.0
2026-09-14T05:45,,0.0,,,,,,,
2026-09-14T05:50,16.0,0.0,1022.8,0.0,0.0,12.9,94.2,0.9,3.5
2026-09-14T05:55,,0.0,,,,,,,
2026-09-14T06:00,60.0,0.0,1022.6,0.0,0.0,13.5,90.3,0.7,2.7
2026-09-14T06:05,,0.0,,,,,,,
2026-09-14T06:10,39.3,0.0,1022.9,0.0,0.0,12.9,93.7,1.2,2.9
2026-09-14T06:15,,0.0,,,,,,,
2026-09-14T06:20,345.4,0.0,1022.9,0.0,0.0,13.1,91.7,1.1,2.0
2026-09-14T06:25,,0.0,,,,,,,
2026-09-14T06:30,297.0,0.0,1023.0,0.0,0.0,12.9,91.6,1.2,3.1
2026-09-14T06:35,,0.0,,,,,,,
2026-09-14T06:40,82.1,0.1,1023.0,0.0,0.0,13.3,90.2,0.6,2.4
2026-09-14T06:45,,0.1,,,,,,,
2026-09-14T06:50,342.8,0.1,1023.2,0.0,0.0,12.9,93.2,0.9,2.6
2026-09-14T06:55,,0.0,,,,,,,
2026-09-14T07:00,335.3,0.0,1023.4,0.5,0.0,12.9,93.8,1.3,2.6
2026-09-14T07:05,,0.0,,,,,,,
2026-09-14T07:10,290.8,0.1,1023.4,3.1,0.0,13.4,89.6,1.6,2.3
2026-09-14T07:15,,0.0,,,,,,,
2026-09-14T07:20,266.2,0.0,1023.5,7.8,0.0,13.2,90.8,0.3,2.2
2026-09-14T07:25,,0.0,,,,,,,
2026-09-14T07:30,356.3,0.0,1023.6,15.7,0.0,13.2,92.9,1.0,2.4
2026-09-14T07:35,,0.0,,,,,,,
2026-09-14T07:40,261.9,0.0,1023.5,30.4,0.0,13.3,92.3,1.3,2.5
2026-09-14T07:45,,0.0,,,,,,,
2026-09-14T07:50,45.5,0.0,1023.4,43.8,0.0,13.6,89.4,0.9,2.4
2026-09-14T07:55,,0.0,,,,,,,
2026-09-14T08:00,103.3,0.0,1023.7,48.4,0.0,13.8,87.9,1.1,2.4
2026-09-14T08:05,,0.0,,,,,,,
2026-09-14T08:10,56.6,0.1,1023.7,57.6,0.0,14.0,88.6,0.4,2.1
2026-09-14T08:15,,0.0,,,,,,,
2026-09-14T08:20,9.3,0.0,1023.7,60.2,0.0,13.9,91.2,1.0,2.3
2026-09-14T08:25,,0.0,,,,,,,
2026-09-14T08:30,194.8,0.0,1023.8,59.0,0.0,13.8,94.4,1.0,1.9
2026-09-14T08:35,,0.0,,,,,,,
2026-09-14T08:40,216.3,0.0,1024.0,76.0,0.0,13.6,94.8,0.8,2.2
2026-09-14T08:45,,0.0,,,,,,,
2026-09-14T08:50,326.9,0.1,1023.9,72.9,0.0,13.5,93.9,0.4,0.8
2026-09-14T08:55,,0.0,,,,,,,
2026-09-14T09:00,275.3,0.0,1023.9,88.6,0.0,13.8,92.7,0.9,2.1
2026-09-14T09:05,,0.0,,,,,,,
2026-09-14T09:10,322.7,0.0,1023.8,103.7,0.0,14.2,90.6,0.7,1.6
2026-09-14T09:15,,0.0,,,,,,,
2026-09-14T09:20,136.5,0.0,1023.6,106.1,0.0,14.2,91.2,0.5,1.8
2026-09-14T09:25,,0.0,,,,,,,
2026-09-14T09:30,18.8,0.0,1023.5,131.3,0.0,14.4,90.4,1.9,3.0
2026-09-14T09:35,,0.0,,,,,,,
2026-09-14T09:40,59.5,0.0,1023.5,132.0,0.0,14.7,88.9,1.7,2.4
2026-09-14T09:45,,0.0,,,,,,,
2026-09-14T09:50,50.1,0.0,1023.6,109.2,0.0,14.9,87.0,0.7,2.9
2026-09-14T09:55,,0.0,,,,,,,
2026-09-14T10:00,18.5,0.0,1023.5,120.1,0.0,15.0,87.3,1.2,4.6
2026-09-14T10:05,,0.0,,,,,,,
2026-09-14T10:10,312.6,0.0,1023.5,111.5,0.0,15.1,87.1,1.0,2.8
2026-09-14T10:15,,0.0,,,,,,,
2026-09-14T10:20,79.5,0.0,1023.6,132.8,0.0,15.2,84.7,1.0,2.1
2026-09-14T10:25,,0.0,,,,,,,
2026-09-14T10:30,63.1,0.0,1023.6,157.8,0.0,15.3,83.6,2.3,4.1
2026-09-14T10:35,,0.0,,,,,,,
2026-09-14T10:40,35.8,0.0,1023.6,208.5,91.0,15.5,83.3,2.1,4.4
2026-09-14T10:45,,0.0,,,,,,,
2026-09-14T10:50,2.9,0.0,1023.4,164.6,0.0,15.7,83.1,2.4,3.4
2026-09-14T10:55,,0.0,,,,,,,
2026-09-14T11:00,356.7,0.0,1023.2,162.7,0.0,15.8,82.2,1.8,2.5
2026-09-14T11:05,,0.0,,,,,,,
2026-09-14T11:10,5.6,0.0,1023.0,192.4,25.0,16.0,79.4,1.0,1.7
2026-09-14T11:15,,0.0,,,,,,,
2026-09-14T11:20,49.4,0.0,1022.8,234.4,82.0,16.5,77.6,1.5,3.4
2026-09-14T11:25,,0.0,,,,,,,
2026-09-14T11:30,13.3,0.0,1022.6,200.7,35.0,16.7,77.2,1.2,2.6
2026-09-14T11:35,,0.0,,,,,,,
2026-09-14T11:40,21.3,0.0,1022.6,157.4,0.0,16.7,76.9,2.4,3.9
2026-09-14T11:45,,0.0,,,,,,,
2026-09-14T11:50,33.2,0.0,1022.5,161.0,0.0,17.0,72.9,2.5,4.3
2026-09-14T11:55,,0.0,,,,,,,
2026-09-14T12:00,1.1,0.0,1022.5,207.4,0.0,17.0,76.0,1.9,3.4
2026-09-14T12:05,,0.0,,,,,,,
2026-09-14T12:10,255.7,0.0,1022.0,698.9,519.0,17.9,73.8,1.1,2.0
2026-09-14T12:15,,0.0,,,,,,,
2026-09-14T12:20,45.5,0.0,1021.5,861.4,586.0,18.9,68.3,1.3,3.9
2026-09-14T12:25,,0.0,,,,,,,
2026-09-14T12:30,38.2,0.0,1021.3,835.7,570.0,19.5,67.1,3.0,4.9
2026-09-14T12:35,,0.0,,,,,,,
2026-09-14T12:40,53.2,0.0,1021.4,421.2,307.0,19.3,62.2,3.0,4.7
2026-09-14T12:45,,0.0,,,,,,,
2026-09-14T12:50,39.1,0.0,1020.9,905.4,599.0,20.2,63.1,2.7,4.4
2026-09-14T12:55,,0.0,,,,,,,
2026-09-14T13:00,47.4,0.0,1020.5,870.1,600.0,20.9,61.1,3.3,5.4
2026-09-14T13:05,,0.0,,,,,,,
2026-09-14T13:10,41.6,0.0,1020.4,480.8,289.0,20.6,58.7,3.5,5.4
2026-09-14T13:15,,0.0,,,,,,,
2026-09-14T13:20,40.5,0.0,1020.4,596.0,472.0,20.7,60.6,3.7,5.4
2026-09-14T13:25,,0.0,,,,,,,
2026-09-14T13:30,51.2,0.0,1020.3,466.5,237.0,20.9,57.7,3.9,6.4
2026-09-14T13:35,,0.0,,,,,,,
2026-09-14T13:40,59.7,0.0,1020.2,681.4,472.0,21.1,53.2,4.4,6.4
2026-09-14T13:45,,0.0,,,,,,,
2026-09-14T13:50,45.2,0.0,1019.9,700.3,600.0,22.0,50.4,3.1,7.3
2026-09-14T13:55,,0.0,,,,,,,
2026-09-14T14:00,54.3,0.0,1020.1,283.4,91.0,21.5,46.1,4.4,6.6
2026-09-14T14:05,,0.0,,,,,,,
2026-09-14T14:10,357.7,0.0,1020.4,221.9,0.0,21.0,44.8,2.1,5.9
2026-09-14T14:15,,0.0,,,,,,,
2026-09-14T14:20,310.8,0.0,1020.1,773.2,560.0,21.7,47.2,1.7,3.3
2026-09-14T14:25,,0.0,,,,,,,
2026-09-14T14:30,9.2,0.0,1019.6,733.8,537.0,22.7,43.9,1.5,4.6
2026-09-14T14:35,,0.0,,,,,,,
2026-09-14T14:40,19.7,0.0,1020.0,233.2,0.0,21.5,46.0,3.1,4.9
2026-09-14T14:45,,0.0,,,,,,,
2026-09-14T14:50,25.3,0.0,1020.2,387.8,289.0,21.4,45.8,3.2,5.7
2026-09-14T14:55,,0.0,,,,,,,
2026-09-14T15:00,43.9,0.0,1019.8,605.3,597.0,22.4,43.7,2.2,4.5
2026-09-14T15:05,,0.0,,,,,,,
2026-09-14T15:10,66.3,0.0,1019.9,388.2,405.0,22.1,41.5,3.5,6.7
2026-09-14T15:15,,0.0,,,,,,,
2026-09-14T15:20,59.8,0.0,1019.9,491.4,517.0,22.2,39.9,2.2,6.3
2026-09-14T15:25,,0.0,,,,,,,
2026-09-14T15:30,62.8,0.0,1019.6,748.9,600.0,22.8,40.8,3.5,5.9
2026-09-14T15:35,,0.0,,,,,,,
2026-09-14T15:40,60.9,0.0,1019.6,707.2,581.0,22.9,42.0,3.8,5.9
2026-09-14T15:45,,0.0,,,,,,,
2026-09-14T15:50,54.5,0.0,1019.6,670.1,600.0,22.9,40.6,2.9,4.8
2026-09-14T15:55,,0.0,,,,,,,
2026-09-14T16:00,63.9,0.0,1019.6,610.2,486.0,22.9,40.8,4.2,8.1
2026-09-14T16:05,,0.0,,,,,,,
2026-09-14T16:10,52.1,0.0,1019.9,298.7,350.0,21.9,41.2,4.1,6.1
2026-09-14T16:15,,0.0,,,,,,,
2026-09-14T16:20,58.1,0.0,1020.0,307.9,344.0,21.7,41.2,3.6,5.5
2026-09-14T16:25,,0.0,,,,,,,
2026-09-14T16:30,66.6,0.0,1019.8,384.5,404.0,22.2,38.4,4.3,6.3
2026-09-14T16:35,,0.0,,,,,,,
2026-09-14T16:40,20.2,0.0,1020.0,246.0,254.0,21.7,41.4,3.8,6.5
2026-09-14T16:45,,0.0,,,,,,,
2026-09-14T16:50,329.6,0.0,1020.2,179.3,264.0,21.4,39.0,2.8,5.2
2026-09-14T16:55,,0.0,,,,,,,
2026-09-14T17:00,326.3,0.0,1020.1,268.1,461.0,21.5,41.7,2.4,5.0
2026-09-14T17:05,,0.0,,,,,,,
2026-09-14T17:10,326.7,0.0,1020.5,60.1,8.0,20.3,44.7,2.6,3.8
2026-09-14T17:15,,0.0,,,,,,,
2026-09-14T17:20,317.4,0.0,1020.5,156.1,101.0,20.4,42.6,4.0,6.4
2026-09-14T17:25,,0.0,,,,,,,
2026-09-14T17:30,314.8,0.0,1020.2,166.7,170.0,21.2,38.1,4.3,5.6
2026-09-14T17:35,,0.0,,,,,,,
2026-09-14T17:40,311.1,0.0,1020.2,183.7,424.0,21.4,37.3,4.4,6.3
2026-09-14T17:45,,0.0,,,,,,,
2026-09-14T17:50,315.6,0.0,1020.0,245.3,600.0,21.5,37.1,5.2,6.9
2026-09-14T17:55,,0.0,,,,,,,
2026-09-14T18:00,319.7,0.0,1020.1,216.6,600.0,21.2,39.6,3.2,6.4
2026-09-14T18:05,,0.0,,,,,,,
2026-09-14T18:10,325.1,0.0,1020.4,187.4,597.0,20.8,41.6,2.8,4.5
2026-09-14T18:15,,0.0,,,,,,,
2026-09-14T18:20,345.0,0.0,1020.7,157.8,600.0,19.8,46.3,2.4,3.7
2026-09-14T18:25,,0.0,,,,,,,
2026-09-14T18:30,341.7,0.0,1020.9,32.1,240.0,19.1,48.3,1.8,5.0
2026-09-14T18:35,,0.0,,,,,,,
2026-09-14T18:40,331.4,0.0,1020.6,18.9,0.0,20.0,41.8,3.1,5.0
2026-09-14T18:45,,0.0,,,,,,,
2026-09-14T18:50,339.0,0.0,1021.3,15.9,0.0,18.0,54.1,1.1,6.2
2026-09-14T18:55,,0.0,,,,,,,
2026-09-14T19:00,272.0,0.0,1021.3,11.5,0.0,18.2,51.9,3.2,5.1
2026-09-14T19:05,,0.0,,,,,,,
2026-09-14T19:10,281.6,0.0,1021.4,7.3,0.0,18.1,51.6,2.3,6.0
2026-09-14T19:15,,0.0,,,,,,,
2026-09-14T19:20,290.4,0.0,1021.6,3.5,0.0,17.9,52.7,3.4,5.7
2026-09-14T19:25,,0.0,,,,,,,
2026-09-14T19:30,307.4,0.0,1021.9,0.7,0.0,17.5,54.2,2.6,4.5
2026-09-14T19:35,,0.0,,,,,,,
2026-09-14T19:40,271.9,0.0,1022.1,0.0,0.0,17.3,54.6,3.0,5.1
2026-09-14T19:45,,0.0,,,,,,,
2026-09-14T19:50,283.7,0.0,1022.5,0.0,0.0,16.5,58.3,1.3,3.9
2026-09-14T19:55,,0.0,,,,,,,
2026-09-14T20:00,249.7,0.0,1022.8,0.0,0.0,16.4,58.6,2.5,6.9
2026-09-14T20:05,,0.0,,,,,,,
2026-09-14T20:10,279.8,0.0,1023.1,0.0,0.0,16.1,60.2,1.9,5.8
2026-09-14T20:15,,0.0,,,,,,,
2026-09-14T20:20,296.9,0.0,1023.1,0.0,0.0,16.2,58.8,4.6,7.9
2026-09-14T20:25,,0.0,,,,,,,
2026-09-14T20:30,294.2,0.0,1023.4,0.0,0.0,16.3,58.0,4.7,8.4
2026-09-14T20:35,,0.0,,,,,,,
2026-09-14T20:40,280.0,0.0,1023.3,0.0,0.0,16.5,56.3,4.6,7.0
2026-09-14T20:45,,0.0,,,,,,,
2026-09-14T20:50,296.4,0.0,1023.5,0.0,0.0,16.4,57.5,4.2,7.5
2026-09-14T20:55,,0.0,,,,,,,
2026-09-14T21:00,283.2,0.0,1023.6,0.0,0.0,16.3,57.4,4.2,7.2
2026-09-14T21:05,,0.0,,,,,,,
2026-09-14T21:10,292.8,0.0,1023.5,0.0,0.0,16.7,55.2,2.2,6.0
2026-09-14T21:15,,0.0,,,,,,,
2026-09-14T21:20,271.8,0.0,1023.7,0.0,0.0,16.2,57.7,2.9,6.7
2026-09-14T21:25,,0.0,,,,,,,
2026-09-14T21:30,284.1,0.0,1024.0,0.0,0.0,15.5,61.6,1.7,4.9
2026-09-14T21:35,,0.0,,,,,,,
2026-09-14T21:40,51.9,0.0,1024.0,0.0,0.0,15.8,58.8,0.1,3.2
2026-09-14T21:45,,0.0,,,,,,,
2026-09-14T21:50,103.1,0.0,1024.3,0.0,0.0,15.3,62.7,1.2,2.3
2026-09-14T21:55,,0.0,,,,,,,
2026-09-14T22:00,57.4,0.0,1024.7,0.0,0.0,14.6,66.6,0.2,2.7
2026-09-14T22:05,,0.0,,,,,,,
2026-09-14T22:10,60.3,0.0,1024.7,0.0,0.0,14.5,67.2,0.9,2.8
2026-09-14T22:15,,0.0,,,,,,,
2026-09-14T22:20,13.3,0.0,1024.9,0.0,0.0,13.9,69.6,0.6,2.7
2026-09-14T22:25,,0.0,,,,,,,
2026-09-14T22:30,335.6,0.0,1024.9,0.0,0.0,13.9,68.7,1.2,4.6
2026-09-14T22:35,,0.0,,,,,,,
2026-09-14T22:40,328.1,0.0,1024.6,0.0,0.0,14.4,64.8,1.9,3.5
2026-09-14T22:45,,0.0,,,,,,,
2026-09-14T22:50,336.6,0.0,1024.8,0.0,0.0,14.0,67.9,3.4,6.1
2026-09-14T22:55,,0.0,,,,,,,
2026-09-14T23:00,70.6,0.0,1024.7,0.0,0.0,14.9,61.7,0.8,4.5
2026-09-14T23:05,,0.0,,,,,,,
2026-09-14T23:10,110.9,0.0,1024.9,0.0,0.0,14.4,65.5,0.5,1.6
2026-09-14T23:15,,0.0,,,,,,,
2026-09-14T23:20,76.0,0.0,1025.6,0.0,0.0,12.5,77.5,0.6,2.3
2026-09-14T23:25,,0.0,,,,,,,
2026-09-14T23:30,39.5,0.0,1025.5,0.0,0.0,12.9,73.2,0.4,1.3
2026-09-14T23:35,,0.0,,,,,,,
2026-09-14T23:40,281.2,0.0,1025.8,0.0,0.0,12.1,77.1,0.7,1.7
2026-09-14T23:45,,0.0,,,,,,,
2026-09-14T23:50,31.7,0.0,1026.0,0.0,0.0,11.7,81.1,0.4,1.5
2026-09-14T23:55,,0.0,,,,,,,
2026-09-15T00:00,309.3,0.0,1026.4,0.0,0.0,11.3,82.4,0.7,1.4
2026-09-15T00:05,,0.0,,,,,,,
2026-09-15T00:10,235.9,0.0,1026.3,0.0,0.0,11.3,82.8,0.8,1.2
2026-09-15T00:15,,0.0,,,,,,,
2026-09-15T00:20,179.5,0.0,1026.6,0.0,0.0,10.6,87.5,0.2,1.1
2026-09-15T00:25,,0.0,,,,,,,
2026-09-15T00:30,12.3,0.0,1026.8,0.0,0.0,10.0,90.7,0.3,1.4
2026-09-15T00:35,,0.0,,,,,,,
2026-09-15T00:40,333.4,0.0,1026.7,0.0,0.0,9.9,90.3,0.7,1.8
2026-09-15T00:45,,0.0,,,,,,,
2026-09-15T00:50,45.8,0.0,1026.6,0.0,0.0,10.0,89.9,0.3,0.9
2026-09-15T00:55,,0.0,,,,,,,
2026-09-15T01:00,255.5,0.0,1026.6,0.0,0.0,9.8,89.7,0.7,1.2
2026-09-15T01:05,,0.0,,,,,,,
2026-09-15T01:10,230.9,0.0,1026.6,0.0,0.0,9.7,91.8,0.6,1.0
2026-09-15T01:15,,0.0,,,,,,,
2026-09-15T01:20,282.9,0.0,1026.8,0.0,0.0,9.4,92.9,0.1,1.0
2026-09-15T01:25,,0.0,,,,,,,
2026-09-15T01:30,76.8,0.0,1027.0,0.0,0.0,9.1,93.5,0.4,0.9
2026-09-15T01:35,,0.0,,,,,,,
2026-09-15T01:40,7.5,0.0,1027.1,0.0,0.0,8.9,94.1,0.5,0.9
2026-09-15T01:45,,0.0,,,,,,,
2026-09-15T01:50,48.4,0.0,1027.2,0.0,0.0,8.8,93.6,0.1,0.6
2026-09-15T01:55,,0.0,,,,,,,
2026-09-15T02:00,217.7,0.0,1027.2,0.0,0.0,8.9,94.3,1.1,1.9
2026-09-15T02:05,,0.0,,,,,,,
2026-09-15T02:10,263.5,0.0,1027.1,0.0,0.0,8.9,94.4,0.5,1.1
2026-09-15T02:15,,0.0,,,,,,,
2026-09-15T02:20,77.7,0.0,1027.3,0.0,0.0,8.3,95.8,0.6,1.0
2026-09-15T02:25,,0.0,,,,,,,
2026-09-15T02:30,7.7,0.0,1027.4,0.0,0.0,8.1,96.3,0.5,1.3
2026-09-15T02:35,,0.0,,,,,,,
2026-09-15T02:40,147.5,0.0,1027.3,0.0,0.0,8.2,95.5,0.1,0.5
2026-09-15T02:45,,0.0,,,,,,,
2026-09-15T02:50,7.2,0.0,1027.4,0.0,0.0,7.8,96.5,0.3,0.8
2026-09-15T02:55,,0.0,,,,,,,
2026-09-15T03:00,5.9,0.0,1027.5,0.0,0.0,7.9,96.7,0.5,0.9
2026-09-15T03:05,,0.0,,,,,,,
2026-09-15T03:10,16.3,0.0,1027.6,0.0,0.0,7.9,97.2,0.7,1.2
2026-09-15T03:15,,0.0,,,,,,,
2026-09-15T03:20,0.4,0.0,1027.6,0.0,0.0,7.9,96.6,0.6,1.2
2026-09-15T03:25,,0.0,,,,,,,
2026-09-15T03:30,302.1,0.0,1027.3,0.0,0.0,8.1,95.9,0.2,0.8
2026-09-15T03:35,,0.0,,,,,,,
2026-09-15T03:40,195.0,0.0,1027.1,0.0,0.0,8.3,94.5,0.2,1.1
2026-09-15T03:45,,0.0,,,,,,,
2026-09-15T03:50,198.3,0.0,1027.3,0.0,0.0,8.1,95.7,1.2,1.9
2026-09-15T03:55,,0.0,,,,,,,
2026-09-15T04:00,254.4,0.0,1027.5,0.0,0.0,7.9,95.6,0.7,1.3
2026-09-15T04:05,,0.0,,,,,,,
2026-09-15T04:10,211.7,0.0,1027.6,0.0,0.0,7.8,96.3,0.8,1.2
2026-09-15T04:15,,0.0,,,,,,,
2026-09-15T04:20,135.6,0.0,1027.7,0.0,0.0,7.4,96.9,0.4,0.8
2026-09-15T04:25,,0.0,,,,,,,
2026-09-15T04:30,68.7,0.0,1027.8,0.0,0.0,7.2,97.6,0.1,0.8
2026-09-15T04:35,,0.0,,,,,,,
2026-09-15T04:40,173.5,0.0,1027.8,0.0,0.0,7.1,97.4,0.4,1.2
2026-09-15T04:45,,0.0,,,,,,,
2026-09-15T04:50,234.8,0.0,1027.8,0.0,0.0,7.2,97.9,0.6,0.9
2026-09-15T04:55,,0.0,,,,,,,
2026-09-15T05:00,235.5,0.0,1027.6,0.0,0.0,7.5,97.1,0.4,1.0
2026-09-15T05:05,,0.0,,,,,,,
2026-09-15T05:10,195.2,0.0,1028.0,0.0,0.0,6.7,97.5,0.2,0.8
2026-09-15T05:15,,0.0,,,,,,,
2026-09-15T05:20,169.2,0.0,1027.9,0.0,0.0,6.6,98.4,0.2,0.6
2026-09-15T05:25,,0.0,,,,,,,
2026-09-15T05:30,34.2,0.0,1028.0,0.0,0.0,6.2,98.6,0.3,0.8
2026-09-15T05:35,,0.0,,,,,,,
2026-09-15T05:40,352.8,0.0,1027.9,0.0,0.0,6.3,99.3,0.2,0.6
2026-09-15T05:45,,0.0,,,,,,,
2026-09-15T05:50,161.0,0.0,1027.9,0.0,0.0,6.5,98.4,0.2,0.5
2026-09-15T05:55,,0.0,,,,,,,
2026-09-15T06:00,132.2,0.0,1027.9,0.0,0.0,6.4,98.2,0.2,0.7
2026-09-15T06:05,,0.0,,,,,,,
2026-09-15T06:10,224.3,0.0,1027.9,0.0,0.0,6.5,98.1,0.6,0.8
2026-09-15T06:15,,0.0,,,,,,,
2026-09-15T06:20,187.8,0.0,1027.9,0.0,0.0,6.4,98.2,0.5,0.9
2026-09-15T06:25,,0.0,,,,,,,
2026-09-15T06:30,197.7,0.0,1028.1,0.0,0.0,5.8,98.8,0.5,0.9
2026-09-15T06:35,,0.0,,,,,,,
2026-09-15T06:40,223.0,0.0,1028.2,0.0,0.0,5.8,99.4,0.3,0.4
2026-09-15T06:45,,0.0,,,,,,,
2026-09-15T06:50,65.9,0.0,1028.2,0.1,0.0,5.7,99.0,0.4,1.0
2026-09-15T06:55,,0.0,,,,,,,
2026-09-15T07:00,10.1,0.0,1028.3,1.6,0.0,5.5,99.5,0.8,1.3
2026-09-15T07:05,,0.0,,,,,,,
2026-09-15T07:10,357.6,0.0,1028.0,4.2,0.0,6.1,99.8,0.1,1.0
2026-09-15T07:15,,0.0,,,,,,,
2026-09-15T07:20,55.7,0.0,1028.0,7.7,0.0,6.1,99.4,0.2,0.9
2026-09-15T07:25,,0.0,,,,,,,
2026-09-15T07:30,297.9,0.0,1028.0,10.4,0.0,6.3,99.1,0.8,1.1
2026-09-15T07:35,,0.0,,,,,,,
2026-09-15T07:40,303.6,0.0,1028.0,13.2,0.0,6.1,98.7,0.7,1.3
2026-09-15T07:45,,0.0,,,,,,,
2026-09-15T07:50,98.6,0.0,1027.9,15.5,0.0,6.4,98.9,1.1,1.8
2026-09-15T07:55,,0.0,,,,,,,
2026-09-15T08:00,283.3,0.0,1028.0,17.9,0.0,6.2,98.3,0.6,1.1
2026-09-15T08:05,,0.0,,,,,,,
2026-09-15T08:10,341.4,0.0,1028.0,19.8,0.0,6.2,98.6,0.7,1.0
2026-09-15T08:15,,0.0,,,,,,,
2026-09-15T08:20,263.0,0.0,1027.8,21.7,0.0,6.7,98.1,0.7,1.1
2026-09-15T08:25,,0.0,,,,,,,
2026-09-15T08:30,202.9,0.0,1027.7,23.8,0.0,6.8,98.4,0.9,1.5
2026-09-15T08:35,,0.0,,,,,,,
2026-09-15T08:40,203.3,0.0,1027.7,26.3,0.0,7.0,98.2,0.8,1.4
2026-09-15T08:45,,0.0,,,,,,,
2026-09-15T08:50,206.2,0.0,1027.6,29.1,0.0,7.0,98.3,0.8,1.2
2026-09-15T08:55,,0.0,,,,,,,
2026-09-15T09:00,176.6,0.0,1027.5,31.8,0.0,7.0,98.6,0.6,1.0
2026-09-15T09:05,,0.0,,,,,,,
2026-09-15T09:10,189.0,0.0,1027.3,221.9,396.0,7.4,98.7,1.1,1.6
2026-09-15T09:15,,0.0,,,,,,,
2026-09-15T09:20,174.2,0.0,1026.8,379.5,598.0,8.7,96.7,0.7,1.7
2026-09-15T09:25,,0.0,,,,,,,
2026-09-15T09:30,191.1,0.0,1026.6,400.8,600.0,9.2,92.9,0.7,1.6
2026-09-15T09:35,,0.0,,,,,,,
2026-09-15T09:40,107.0,0.0,1026.2,428.5,600.0,9.9,92.1,0.5,1.4
2026-09-15T09:45,,0.0,,,,,,,
2026-09-15T09:50,125.2,0.0,1026.0,456.6,600.0,10.4,88.7,0.5,1.4
2026-09-15T09:55,,0.0,,,,,,,
2026-09-15T10:00,59.5,0.0,1025.7,482.0,600.0,10.9,87.5,1.2,2.2
2026-09-15T10:05,,0.0,,,,,,,
2026-09-15T10:10,51.4,0.0,1025.5,507.1,600.0,11.2,83.1,1.1,1.7
2026-09-15T10:15,,0.0,,,,,,,
2026-09-15T10:20,35.1,0.0,1025.1,531.1,600.0,11.7,81.5,1.0,1.6
2026-09-15T10:25,,0.0,,,,,,,
2026-09-15T10:30,55.9,0.0,1024.7,554.5,599.0,12.3,78.7,0.7,1.4
2026-09-15T10:35,,0.0,,,,,,,
2026-09-15T10:40,43.9,0.0,1024.3,576.8,596.0,12.8,78.4,1.4,2.1
2026-09-15T10:45,,0.0,,,,,,,
2026-09-15T10:50,44.6,0.0,1024.0,597.7,600.0,13.3,74.7,1.2,1.8
2026-09-15T10:55,,0.0,,,,,,,
2026-09-15T11:00,53.5,0.0,1023.6,617.2,600.0,14.0,72.5,0.8,1.4
2026-09-15T11:05,,0.0,,,,,,,
2026-09-15T11:10,44.1,0.0,1023.2,635.5,600.0,14.4,70.5,0.8,1.6
2026-09-15T11:15,,0.0,,,,,,,
2026-09-15T11:20,55.2,0.0,1023.0,652.1,600.0,14.9,68.3,0.8,1.5
2026-09-15T11:25,,0.0,,,,,,,
2026-09-15T11:30,26.4,0.0,1022.8,668.6,600.0,15.4,65.3,0.7,1.3
2026-09-15T11:35,,0.0,,,,,,,
2026-09-15T11:40,15.7,0.0,1022.4,683.1,600.0,15.9,60.2,0.7,1.3
2026-09-15T11:45,,0.0,,,,,,,
2026-09-15T11:50,28.1,0.0,1022.0,697.6,600.0,16.5,60.0,0.6,1.4
2026-09-15T11:55,,0.0,,,,,,,
2026-09-15T12:00,28.1,0.0,1021.6,710.5,595.0,16.9,58.5,0.4,1.1
2026-09-15T12:05,,0.0,,,,,,,
2026-09-15T12:10,337.8,0.0,1021.2,722.0,600.0,17.4,56.3,0.6,1.4
2026-09-15T12:15,,0.0,,,,,,,
2026-09-15T12:20,254.0,0.0,1020.8,730.3,600.0,18.0,56.1,0.4,1.4
2026-09-15T12:25,,0.0,,,,,,,
2026-09-15T12:30,89.7,0.0,1020.3,737.3,600.0,18.7,55.1,0.4,1.4
2026-09-15T12:35,,0.0,,,,,,,
2026-09-15T12:40,356.8,0.0,1020.0,743.3,597.0,18.8,54.0,0.8,1.5
2026-09-15T12:45,,0.0,,,,,,,
2026-09-15T12:50,349.3,0.0,1019.7,747.5,600.0,19.3,54.1,0.5,1.6
2026-09-15T12:55,,0.0,,,,,,,
2026-09-15T13:00,16.3,0.0,1019.5,750.8,599.0,19.5,51.7,0.9,1.9
2026-09-15T13:05,,0.0,,,,,,,
2026-09-15T13:10,350.6,0.0,1019.0,752.5,600.0,19.9,53.7,0.9,1.7
2026-09-15T13:15,,0.0,,,,,,,
2026-09-15T13:20,270.4,0.0,1018.6,752.1,600.0,20.3,51.7,0.6,1.8
2026-09-15T13:25,,0.0,,,,,,,
2026-09-15T13:30,189.4,0.0,1018.4,749.9,600.0,20.5,51.4,0.2,2.2
2026-09-15T13:35,,0.0,,,,,,,
2026-09-15T13:40,53.6,0.0,1018.0,746.2,600.0,20.7,51.3,0.6,1.6
2026-09-15T13:45,,0.0,,,,,,,
2026-09-15T13:50,347.0,0.0,1017.8,741.2,598.0,20.9,50.2,0.4,1.6
2026-09-15T13:55,,0.0,,,,,,,
2026-09-15T14:00,334.2,0.0,1017.6,733.2,599.0,21.2,50.5,0.2,1.7
2026-09-15T14:05,,0.0,,,,,,,
2026-09-15T14:10,60.1,0.0,1017.2,723.9,600.0,21.6,48.9,0.4,1.3
2026-09-15T14:15,,0.0,,,,,,,
2026-09-15T14:20,334.1,0.0,1016.8,713.3,600.0,21.8,52.1,0.8,1.9
2026-09-15T14:25,,0.0,,,,,,,
2026-09-15T14:30,24.9,0.0,1016.6,701.5,595.0,22.2,51.6,0.6,2.3
2026-09-15T14:35,,0.0,,,,,,,
2026-09-15T14:40,310.8,0.0,1016.4,689.0,600.0,22.2,51.4,1.1,1.7
2026-09-15T14:45,,0.0,,,,,,,
2026-09-15T14:50,250.3,0.0,1016.1,673.4,600.0,22.7,51.4,0.7,1.7
2026-09-15T14:55,,0.0,,,,,,,
2026-09-15T15:00,355.6,0.0,1016.0,658.2,600.0,22.7,49.9,1.1,2.2
2026-09-15T15:05,,0.0,,,,,,,
2026-09-15T15:10,269.2,0.0,1015.8,642.3,595.0,22.9,49.6,0.4,1.8
2026-09-15T15:15,,0.0,,,,,,,
2026-09-15T15:20,21.7,0.0,1015.6,624.2,600.0,22.9,48.6,1.0,2.1
2026-09-15T15:25,,0.0,,,,,,,
2026-09-15T15:30,343.6,0.0,1015.3,604.5,600.0,23.2,49.6,1.1,2.5
2026-09-15T15:35,,0.0,,,,,,,
2026-09-15T15:40,49.6,0.0,1015.2,583.8,595.0,23.2,48.7,0.9,2.2
2026-09-15T15:45,,0.0,,,,,,,
2026-09-15T15:50,40.2,0.0,1014.9,561.7,600.0,23.5,49.9,0.9,2.1
2026-09-15T15:55,,0.0,,,,,,,
2026-09-15T16:00,69.6,0.0,1014.6,538.5,599.0,23.5,51.0,0.9,2.1
2026-09-15T16:05,,0.0,,,,,,,
2026-09-15T16:10,7.0,0.0,1014.5,515.3,600.0,23.5,51.2,1.5,2.8
2026-09-15T16:15,,0.0,,,,,,,
2026-09-15T16:20,49.7,0.0,1014.5,489.4,600.0,23.6,50.1,1.3,2.4
2026-09-15T16:25,,0.0,,,,,,,
2026-09-15T16:30,222.1,0.0,1014.4,462.8,600.0,23.9,49.2,0.1,1.1
2026-09-15T16:35,,0.0,,,,,,,
2026-09-15T16:40,148.9,0.0,1014.3,437.9,600.0,23.7,52.0,0.3,1.4
2026-09-15T16:45,,0.0,,,,,,,
2026-09-15T16:50,45.8,0.0,1014.2,409.7,599.0,23.8,52.4,1.0,1.7
2026-09-15T16:55,,0.0,,,,,,,
2026-09-15T17:00,219.8,0.0,1014.1,381.4,600.0,23.6,53.1,0.5,1.8
2026-09-15T17:05,,0.0,,,,,,,
2026-09-15T17:10,271.6,0.0,1014.2,353.6,600.0,23.3,53.6,0.6,1.8
2026-09-15T17:15,,0.0,,,,,,,
2026-09-15T17:20,288.5,0.0,1014.3,323.9,193.0,23.0,55.7,0.7,1.5
2026-09-15T17:25,,0.0,,,,,,,
2026-09-15T17:30,225.9,0.0,1014.5,294.8,263.0,21.9,57.9,0.9,1.8
2026-09-15T17:35,,0.0,,,,,,,
2026-09-15T17:40,285.9,0.0,1014.5,265.1,600.0,21.8,57.4,1.1,2.6
2026-09-15T17:45,,0.0,,,,,,,
2026-09-15T17:50,239.1,0.0,1014.6,234.3,600.0,21.7,58.0,1.0,2.3
2026-09-15T17:55,,0.0,,,,,,,
2026-09-15T18:00,249.7,0.0,1014.7,204.1,600.0,21.4,56.2,1.6,3.4
2026-09-15T18:05,,0.0,,,,,,,
2026-09-15T18:10,258.2,0.0,1014.9,174.1,600.0,21.1,56.2,2.0,3.9
2026-09-15T18:15,,0.0,,,,,,,
2026-09-15T18:20,253.0,0.0,1015.3,144.4,599.0,20.2,61.8,0.3,1.5
2026-09-15T18:25,,0.0,,,,,,,
2026-09-15T18:30,313.0,0.0,1015.5,38.7,222.0,19.7,59.6,3.5,6.1
2026-09-15T18:35,,0.0,,,,,,,
2026-09-15T18:40,294.0,0.0,1015.5,18.1,0.0,19.5,58.2,4.5,6.0
2026-09-15T18:45,,0.0,,,,,,,
2026-09-15T18:50,296.4,0.0,1015.8,14.3,0.0,18.8,61.4,3.5,5.5
2026-09-15T18:55,,0.0,,,,,,,
2026-09-15T19:00,314.1,0.0,1016.1,10.5,0.0,18.3,63.9,4.5,6.9
2026-09-15T19:05,,0.0,,,,,,,
2026-09-15T19:10,348.8,0.0,1016.4,6.8,0.0,17.7,65.8,2.0,4.2
2026-09-15T19:15,,0.0,,,,,,,
2026-09-15T19:20,337.3,0.0,1016.5,2.8,0.0,17.7,64.3,0.9,3.4
2026-09-15T19:25,,0.0,,,,,,,
2026-09-15T19:30,297.3,0.0,1016.5,0.1,0.0,17.8,64.7,2.5,4.0
2026-09-15T19:35,,0.0,,,,,,,
2026-09-15T19:40,296.8,0.0,1016.6,0.0,0.0,17.4,66.2,2.3,4.3
2026-09-15T19:45,,0.0,,,,,,,
2026-09-15T19:50,319.1,0.0,1016.9,0.0,0.0,16.8,69.7,2.1,4.4
2026-09-15T19:55,,0.0,,,,,,,
2026-09-15T20:00,311.3,0.0,1017.4,0.0,0.0,16.4,71.4,1.8,3.1
2026-09-15T20:05,,0.0,,,,,,,
2026-09-15T20:10,97.3,0.0,1017.2,0.0,0.0,17.4,64.6,0.4,2.5
2026-09-15T20:15,,0.0,,,,,,,
2026-09-15T20:20,306.0,0.0,1017.3,0.0,0.0,17.1,66.1,0.3,2.0
2026-09-15T20:25,,0.0,,,,,,,
2026-09-15T20:30,349.5,0.0,1017.5,0.0,0.0,16.6,68.5,0.8,4.8
2026-09-15T20:35,,0.0,,,,,,,
2026-09-15T20:40,336.2,0.0,1017.9,0.0,0.0,15.6,74.0,1.0,3.1
2026-09-15T20:45,,0.0,,,,,,,
2026-09-15T20:50,2.1,0.0,1018.4,0.0,0.0,14.8,79.2,1.2,2.9
2026-09-15T20:55,,0.0,,,,,,,
2026-09-15T21:00,343.6,0.0,1018.3,0.0,0.0,15.3,74.4,1.2,4.0
2026-09-15T21:05,,0.0,,,,,,,
2026-09-15T21:10,345.2,0.0,1018.8,0.0,0.0,14.4,79.9,1.3,2.4
2026-09-15T21:15,,0.0,,,,,,,
2026-09-15T21:20,343.7,0.0,1018.8,0.0,0.0,14.6,78.3,1.2,2.7
2026-09-15T21:25,,0.0,,,,,,,
2026-09-15T21:30,1.8,0.0,1019.0,0.0,0.0,14.2,80.1,1.4,2.3
2026-09-15T21:35,,0.0,,,,,,,
2026-09-15T21:40,278.9,0.0,1018.8,0.0,0.0,14.6,77.5,0.9,4.0
2026-09-15T21:45,,0.0,,,,,,,
2026-09-15T21:50,4.0,0.0,1018.7,0.0,0.0,15.2,73.0,1.0,2.4
2026-09-15T21:55,,0.0,,,,,,,
2026-09-15T22:00,338.7,0.0,1019.1,0.0,0.0,14.7,76.1,1.4,2.9
2026-09-15T22:05,,0.0,,,,,,,
2026-09-15T22:10,325.8,0.0,1019.4,0.0,0.0,14.3,78.2,1.3,2.7
2026-09-15T22:15,,0.0,,,,,,,
2026-09-15T22:20,9.6,0.0,1019.9,0.0,0.0,13.0,86.2,1.0,2.1
2026-09-15T22:25,,0.0,,,,,,,
2026-09-15T22:30,41.0,0.0,1019.8,0.0,0.0,13.5,82.5,0.9,2.1
2026-09-15T22:35,,0.0,,,,,,,
2026-09-15T22:40,21.1,0.0,1019.7,0.0,0.0,13.6,81.1,0.7,1.8
2026-09-15T22:45,,0.0,,,,,,,
2026-09-15T22:50,24.1,0.0,1019.7,0.0,0.0,13.6,80.6,0.6,2.1
2026-09-15T22:55,,0.0,,,,,,,
2026-09-15T23:00,15.3,0.0,1019.9,0.0,0.0,13.7,80.5,0.8,2.5
2026-09-15T23:05,,0.0,,,,,,,
2026-09-15T23:10,20.9,0.0,1020.0,0.0,0.0,13.9,78.8,0.5,2.0
2026-09-15T23:15,,0.0,,,,,,,
2026-09-15T23:20,13.1,0.0,1020.3,0.0,0.0,13.3,81.9,0.5,1.9
2026-09-15T23:25,,0.0,,,,,,,
2026-09-15T23:30,47.7,0.0,1020.3,0.0,0.0,13.3,82.6,1.3,2.5
2026-09-15T23:35,,0.0,,,,,,,
2026-09-15T23:40,329.1,0.0,1020.6,0.0,0.0,12.5,87.1,0.8,1.5
2026-09-15T23:45,,0.0,,,,,,,
2026-09-15T23:50,342.7,0.0,1020.9,0.0,0.0,11.8,89.4,0.9,1.6
2026-09-15T23:55,,0.0,,,,,,,
2026-09-16T00:00,28.4,0.0,1020.8,0.0,0.0,12.5,84.7,0.5,1.5
2026-09-16T00:05,,0.0,,,,,,,
2026-09-16T00:10,49.2,0.0,1020.7,0.0,0.0,12.7,84.0,1.3,2.3
2026-09-16T00:15,,0.0,,,,,,,
2026-09-16T00:20,37.7,0.0,1021.0,0.0,0.0,11.7,88.3,1.0,1.8
2026-09-16T00:25,,0.0,,,,,,,
2026-09-16T00:30,359.5,0.0,1021.1,0.0,0.0,11.4,89.8,1.3,2.3
2026-09-16T00:35,,0.0,,,,,,,
2026-09-16T00:40,37.5,0.0,1020.8,0.0,0.0,12.4,84.9,2.0,2.9
2026-09-16T00:45,,0.0,,,,,,,
2026-09-16T00:50,57.9,0.0,1020.5,0.0,0.0,12.8,82.0,1.8,3.3
2026-09-16T00:55,,0.0,,,,,,,
2026-09-16T01:00,49.9,0.0,1020.5,0.0,0.0,12.6,82.9,1.1,2.5
2026-09-16T01:05,,0.0,,,,,,,
2026-09-16T01:10,37.5,0.0,1020.8,0.0,0.0,11.6,88.1,1.2,2.2
2026-09-16T01:15,,0.0,,,,,,,
2026-09-16T01:20,256.3,0.0,1020.9,0.0,0.0,11.4,88.9,0.7,2.2
2026-09-16T01:25,,0.0,,,,,,,
2026-09-16T01:30,62.6,0.0,1020.4,0.0,0.0,12.6,81.9,2.1,2.8
2026-09-16T01:35,,0.0,,,,,,,
2026-09-16T01:40,40.6,0.0,1020.8,0.0,0.0,11.7,87.3,0.8,2.3
2026-09-16T01:45,,0.0,,,,,,,
2026-09-16T01:50,219.7,0.0,1021.1,0.0,0.0,11.0,91.3,0.3,1.2
2026-09-16T01:55,,0.0,,,,,,,
2026-09-16T02:00,229.6,0.0,1021.2,0.0,0.0,10.8,91.6,1.0,1.5
2026-09-16T02:05,,0.0,,,,,,,
2026-09-16T02:10,208.3,0.0,1021.1,0.0,0.0,10.9,92.2,1.3,1.8
2026-09-16T02:15,,0.0,,,,,,,
2026-09-16T02:20,208.7,0.0,1021.3,0.0,0.0,10.5,94.3,1.3,2.0
2026-09-16T02:25,,0.0,,,,,,,
2026-09-16T02:30,326.0,0.0,1021.3,0.0,0.0,10.3,95.1,0.2,0.5
2026-09-16T02:35,,0.0,,,,,,,
2026-09-16T02:40,75.1,0.0,1021.4,0.0,0.0,10.0,95.8,0.5,1.0
2026-09-16T02:45,,0.0,,,,,,,
2026-09-16T02:50,347.7,0.0,1021.5,0.0,0.0,9.6,96.4,0.1,0.5
2026-09-16T02:55,,0.0,,,,,,,
2026-09-16T03:00,100.9,0.0,1021.5,0.0,0.0,9.5,96.3,0.2,0.6
2026-09-16T03:05,,0.0,,,,,,,
2026-09-16T03:10,303.7,0.0,1021.7,0.0,0.0,9.2,97.4,0.1,0.4
2026-09-16T03:15,,0.0,,,,,,,
2026-09-16T03:20,358.3,0.0,1021.6,0.0,0.0,9.1,98.5,0.3,0.6
2026-09-16T03:25,,0.0,,,,,,,
2026-09-16T03:30,83.9,0.0,1021.5,0.0,0.0,9.1,97.9,0.2,0.8
2026-09-16T03:35,,0.0,,,,,,,
2026-09-16T03:40,48.6,0.0,1021.5,0.0,0.0,8.8,97.8,0.2,0.7
2026-09-16T03:45,,0.0,,,,,,,
2026-09-16T03:50,43.2,0.0,1021.5,0.0,0.0,8.9,98.8,0.6,0.9
2026-09-16T03:55,,0.0,,,,,,,
2026-09-16T04:00,331.6,0.0,1021.5,0.0,0.0,8.7,98.9,0.3,0.7
2026-09-16T04:05,,0.0,,,,,,,
2026-09-16T04:10,267.4,0.0,1021.5,0.0,0.0,8.8,98.0,0.3,0.7
2026-09-16T04:15,,0.0,,,,,,,
2026-09-16T04:20,244.9,0.0,1021.3,0.0,0.0,9.0,97.7,0.6,1.1
2026-09-16T04:25,,0.0,,,,,,,
2026-09-16T04:30,121.7,0.0,1021.3,0.0,0.0,8.7,98.0,0.5,1.1
2026-09-16T04:35,,0.0,,,,,,,
2026-09-16T04:40,329.7,0.0,1021.6,0.0,0.0,8.0,98.1,0.6,1.5
2026-09-16T04:45,,0.0,,,,,,,
2026-09-16T04:50,264.6,0.0,1021.4,0.0,0.0,8.6,98.7,0.3,0.9
2026-09-16T04:55,,0.0,,,,,,,
2026-09-16T05:00,260.7,0.0,1021.3,0.0,0.0,8.6,98.1,0.1,0.9
2026-09-16T05:05,,0.0,,,,,,,
2026-09-16T05:10,359.0,0.0,1021.4,0.0,0.0,8.1,98.3,0.5,1.3
2026-09-16T05:15,,0.0,,,,,,,
2026-09-16T05:20,355.0,0.0,1021.2,0.0,0.0,8.3,98.8,1.1,1.4
2026-09-16T05:25,,0.0,,,,,,,
2026-09-16T05:30,348.9,0.0,1021.2,0.0,0.0,8.2,98.7,1.1,1.6
2026-09-16T05:35,,0.0,,,,,,,
2026-09-16T05:40,89.6,0.0,1021.2,0.0,0.0,8.3,98.4,0.3,0.9
2026-09-16T05:45,,0.0,,,,,,,
2026-09-16T05:50,76.8,0.0,1021.0,0.0,0.0,8.5,98.2,0.1,1.5
2026-09-16T05:55,,0.0,,,,,,,
2026-09-16T06:00,60.8,0.0,1020.6,0.0,0.0,9.5,93.5,1.0,2.0
2026-09-16T06:05,,0.0,,,,,,,
2026-09-16T06:10,321.8,0.0,1020.8,0.0,0.0,8.8,96.0,0.2,1.3
2026-09-16T06:15,,0.0,,,,,,,
2026-09-16T06:20,34.3,0.0,1020.7,0.0,0.0,8.9,96.0,0.9,2.1
2026-09-16T06:25,,0.0,,,,,,,
2026-09-16T06:30,31.0,0.0,1020.8,0.0,0.0,8.7,96.2,1.0,1.6
2026-09-16T06:35,,0.0,,,,,,,
2026-09-16T06:40,8.0,0.0,1020.7,0.0,0.0,8.8,96.9,0.5,1.1
2026-09-16T06:45,,0.0,,,,,,,
2026-09-16T06:50,107.8,0.0,1020.6,0.0,0.0,8.8,97.0,0.1,1.7
2026-09-16T06:55,,0.0,,,,,,,
2026-09-16T07:00,79.2,0.0,1020.6,1.3,0.0,8.8,96.1,0.7,1.6
2026-09-16T07:05,,0.0,,,,,,,
2026-09-16T07:10,228.4,0.0,1020.8,4.5,0.0,8.6,97.3,0.6,1.0
2026-09-16T07:15,,0.0,,,,,,,
2026-09-16T07:20,236.8,0.0,1021.0,7.7,0.0,8.5,97.4,0.4,1.1
2026-09-16T07:25,,0.0,,,,,,,
2026-09-16T07:30,119.5,0.0,1020.9,10.4,0.0,8.7,96.9,0.5,0.9
2026-09-16T07:35,,0.0,,,,,,,
2026-09-16T07:40,198.2,0.0,1021.1,13.4,0.0,8.4,97.5,0.6,1.3
2026-09-16T07:45,,0.0,,,,,,,
2026-09-16T07:50,213.0,0.0,1021.0,16.0,0.0,8.7,97.6,1.0,1.4
2026-09-16T07:55,,0.0,,,,,,,
2026-09-16T08:00,213.0,0.0,1020.9,18.6,0.0,8.6,97.6,0.7,1.2
2026-09-16T08:05,,0.0,,,,,,,
2026-09-16T08:10,200.4,0.0,1020.9,21.0,0.0,8.6,98.0,0.5,1.0
2026-09-16T08:15,,0.0,,,,,,,
2026-09-16T08:20,199.0,0.0,1020.9,23.6,0.0,8.6,98.0,0.4,0.9
2026-09-16T08:25,,0.0,,,,,,,
2026-09-16T08:30,210.7,0.0,1021.0,27.0,0.0,8.3,98.5,0.3,0.7
2026-09-16T08:35,,0.0,,,,,,,
2026-09-16T08:40,197.2,0.0,1020.9,29.7,0.0,8.3,98.6,0.7,1.0
2026-09-16T08:45,,0.0,,,,,,,
2026-09-16T08:50,205.3,0.0,1020.7,32.9,0.0,8.7,98.4,0.9,1.2
2026-09-16T08:55,,0.0,,,,,,,
2026-09-16T09:00,191.9,0.0,1020.6,37.1,0.0,8.9,98.3,0.7,1.0
2026-09-16T09:05,,0.0,,,,,,,
2026-09-16T09:10,146.4,0.0,1020.4,210.2,364.0,9.1,98.2,0.4,0.8
2026-09-16T09:15,,0.0,,,,,,,
2026-09-16T09:20,46.5,0.0,1019.9,374.1,599.0,10.2,97.3,0.3,0.7
2026-09-16T09:25,,0.0,,,,,,,
2026-09-16T09:30,88.7,0.0,1019.5,381.9,600.0,10.9,95.0,0.9,1.3
2026-09-16T09:35,,0.0,,,,,,,
2026-09-16T09:40,76.3,0.0,1019.2,407.5,598.0,11.6,92.8,0.7,1.1
2026-09-16T09:45,,0.0,,,,,,,
2026-09-16T09:50,62.1,0.0,1019.1,433.5,600.0,11.9,91.5,1.3,1.8
2026-09-16T09:55,,0.0,,,,,,,
2026-09-16T10:00,56.0,0.0,1018.9,459.9,600.0,12.3,89.4,1.3,1.6
2026-09-16T10:05,,0.0,,,,,,,
2026-09-16T10:10,56.4,0.0,1018.6,485.9,599.0,13.0,83.3,0.9,1.6
2026-09-16T10:15,,0.0,,,,,,,
2026-09-16T10:20,45.8,0.0,1018.2,509.5,600.0,13.7,80.7,0.5,1.1
2026-09-16T10:25,,0.0,,,,,,,
2026-09-16T10:30,42.1,0.0,1017.7,532.4,600.0,14.4,80.0,0.7,1.8
2026-09-16T10:35,,0.0,,,,,,,
2026-09-16T10:40,24.0,0.0,1017.5,554.0,598.0,14.9,80.2,0.8,1.4
2026-09-16T10:45,,0.0,,,,,,,
2026-09-16T10:50,57.1,0.0,1017.2,574.8,600.0,15.4,76.4,0.9,1.7
2026-09-16T10:55,,0.0,,,,,,,
2026-09-16T11:00,37.7,0.0,1016.8,594.8,600.0,15.9,75.4,1.2,2.4
2026-09-16T11:05,,0.0,,,,,,,
2026-09-16T11:10,59.7,0.0,1016.4,614.3,600.0,16.5,70.9,0.6,1.6
2026-09-16T11:15,,0.0,,,,,,,
2026-09-16T11:20,72.3,0.0,1016.1,632.1,600.0,17.0,68.1,0.1,1.2
2026-09-16T11:25,,0.0,,,,,,,
2026-09-16T11:30,76.9,0.0,1015.7,648.0,600.0,17.4,69.1,0.6,1.5
2026-09-16T11:35,,0.0,,,,,,,
2026-09-16T11:40,342.8,0.0,1015.4,662.7,599.0,17.8,68.7,0.9,1.5
2026-09-16T11:45,,0.0,,,,,,,
2026-09-16T11:50,26.8,0.0,1015.1,677.2,600.0,18.1,68.2,1.0,1.7
2026-09-16T11:55,,0.0,,,,,,,
2026-09-16T12:00,39.2,0.0,1014.7,688.3,600.0,18.5,66.6,0.7,1.9
2026-09-16T12:05,,0.0,,,,,,,
2026-09-16T12:10,345.0,0.0,1014.3,700.0,600.0,18.9,67.0,1.1,1.8
2026-09-16T12:15,,0.0,,,,,,,
2026-09-16T12:20,329.9,0.0,1014.0,710.6,600.0,19.3,66.3,0.8,1.7
2026-09-16T12:25,,0.0,,,,,,,
2026-09-16T12:30,347.0,0.0,1013.8,718.7,598.0,19.8,66.3,0.8,1.6
2026-09-16T12:35,,0.0,,,,,,,
2026-09-16T12:40,5.0,0.0,1013.5,722.3,600.0,20.0,65.2,1.1,1.8
2026-09-16T12:45,,0.0,,,,,,,
2026-09-16T12:50,357.4,0.0,1013.2,725.2,600.0,20.3,65.3,1.8,2.8
2026-09-16T12:55,,0.0,,,,,,,
2026-09-16T13:00,36.1,0.0,1013.0,729.0,600.0,20.6,61.9,1.6,3.0
2026-09-16T13:05,,0.0,,,,,,,
2026-09-16T13:10,13.2,0.0,1012.7,726.1,600.0,20.8,61.9,1.2,2.1
2026-09-16T13:15,,0.0,,,,,,,
2026-09-16T13:20,316.7,0.0,1012.3,725.4,600.0,21.1,61.3,1.4,2.5
2026-09-16T13:25,,0.0,,,,,,,
2026-09-16T13:30,354.3,0.0,1012.0,724.2,598.0,21.5,61.1,1.5,2.5
2026-09-16T13:35,,0.0,,,,,,,
2026-09-16T13:40,9.2,0.0,1011.7,726.7,600.0,21.8,61.0,1.5,2.8
2026-09-16T13:45,,0.0,,,,,,,
2026-09-16T13:50,19.4,0.0,1011.4,726.9,600.0,22.1,61.2,1.6,2.3
2026-09-16T13:55,,0.0,,,,,,,
2026-09-16T14:00,32.1,0.0,1011.1,730.0,600.0,22.4,59.2,1.5,2.6
2026-09-16T14:05,,0.0,,,,,,,
2026-09-16T14:10,12.3,0.0,1010.8,695.7,597.0,22.8,60.0,1.3,2.4
2026-09-16T14:15,,0.0,,,,,,,
2026-09-16T14:20,63.4,0.0,1010.5,700.1,600.0,23.0,58.6,1.7,2.5
2026-09-16T14:25,,0.0,,,,,,,
2026-09-16T14:30,15.1,0.0,1010.3,739.4,600.0,23.1,59.0,1.4,2.3
2026-09-16T14:35,,0.0,,,,,,,
2026-09-16T14:40,351.0,0.0,1010.1,735.5,598.0,23.3,56.9,0.9,2.3
2026-09-16T14:45,,0.0,,,,,,,
2026-09-16T14:50,202.7,0.0,1009.6,663.2,600.0,24.0,56.9,0.2,1.6
2026-09-16T14:55,,0.0,,,,,,,
2026-09-16T15:00,156.2,0.0,1009.3,598.2,600.0,24.2,56.2,1.0,3.4
2026-09-16T15:05,,0.0,,,,,,,
2026-09-16T15:10,147.6,0.0,1009.1,546.4,515.0,24.3,54.3,1.0,3.3
2026-09-16T15:15,,0.0,,,,,,,
2026-09-16T15:20,192.4,0.0,1008.9,456.9,487.0,24.0,55.4,0.6,2.2
2026-09-16T15:25,,0.0,,,,,,,
2026-09-16T15:30,142.8,0.0,1008.9,356.8,412.0,23.9,57.1,0.8,4.3
2026-09-16T15:35,,0.0,,,,,,,
2026-09-16T15:40,246.1,0.0,1008.6,406.6,503.0,24.0,57.5,0.7,1.8
2026-09-16T15:45,,0.0,,,,,,,
2026-09-16T15:50,182.7,0.0,1008.4,524.0,600.0,24.4,54.7,0.5,2.1
2026-09-16T15:55,,0.0,,,,,,,
2026-09-16T16:00,278.1,0.0,1008.3,334.7,597.0,24.1,55.0,1.0,3.0
2026-09-16T16:05,,0.0,,,,,,,
2026-09-16T16:10,344.8,0.0,1008.3,230.2,600.0,23.8,56.0,0.6,2.1
2026-09-16T16:15,,0.0,,,,,,,
2026-09-16T16:20,44.1,0.0,1008.2,405.5,600.0,23.9,57.0,1.1,1.6
2026-09-16T16:25,,0.0,,,,,,,
2026-09-16T16:30,292.8,0.0,1008.2,278.0,392.0,23.8,56.8,1.7,2.6
2026-09-16T16:35,,0.0,,,,,,,
2026-09-16T16:40,282.2,0.0,1008.3,235.1,122.0,23.6,58.3,2.0,3.1
2026-09-16T16:45,,0.0,,,,,,,
2026-09-16T16:50,276.0,0.0,1008.1,229.3,261.0,23.6,57.1,2.3,3.8
2026-09-16T16:55,,0.0,,,,,,,
2026-09-16T17:00,280.4,0.0,1008.2,155.8,0.0,23.5,57.8,1.7,2.6
2026-09-16T17:05,,0.0,,,,,,,
2026-09-16T17:10,272.2,0.0,1008.3,140.5,16.0,23.0,60.8,2.3,3.4
2026-09-16T17:15,,0.0,,,,,,,
2026-09-16T17:20,261.9,0.0,1008.4,101.6,0.0,22.6,65.3,1.5,2.6
2026-09-16T17:25,,0.0,,,,,,,
2026-09-16T17:30,276.2,0.0,1008.4,113.7,43.0,22.1,66.6,1.9,2.8
2026-09-16T17:35,,0.0,,,,,,,
2026-09-16T17:40,272.3,0.0,1008.5,100.8,0.0,21.9,66.5,2.1,3.2
2026-09-16T17:45,,0.0,,,,,,,
2026-09-16T17:50,271.5,0.0,1008.4,129.3,95.0,21.6,67.3,1.7,2.6
2026-09-16T17:55,,0.0,,,,,,,
2026-09-16T18:00,274.4,0.0,1008.4,140.2,291.0,21.6,68.0,1.5,2.8
2026-09-16T18:05,,0.0,,,,,,,
2026-09-16T18:10,280.0,0.0,1008.5,69.8,0.0,21.3,68.6,1.3,2.4
2026-09-16T18:15,,0.0,,,,,,,
2026-09-16T18:20,291.7,0.0,1008.6,60.5,0.0,21.1,68.8,1.3,2.9
2026-09-16T18:25,,0.0,,,,,,,
2026-09-16T18:30,284.9,0.0,1008.7,47.6,0.0,20.7,70.3,1.3,3.0
2026-09-16T18:35,,0.0,,,,,,,
2026-09-16T18:40,283.4,0.0,1008.8,34.9,0.0,20.6,69.0,2.2,3.4
2026-09-16T18:45,,0.0,,,,,,,
2026-09-16T18:50,181.9,0.0,1009.0,26.1,0.0,19.8,75.6,0.4,1.4
2026-09-16T18:55,,0.0,,,,,,,
2026-09-16T19:00,264.6,0.0,1009.1,12.7,0.0,19.5,74.3,1.2,2.1
2026-09-16T19:05,,0.0,,,,,,,
2026-09-16T19:10,279.7,0.0,1009.4,2.9,0.0,19.1,74.6,1.3,3.4
2026-09-16T19:15,,0.0,,,,,,,
2026-09-16T19:20,280.0,0.0,1009.5,0.3,0.0,19.5,70.9,2.3,3.4
2026-09-16T19:25,,0.0,,,,,,,
2026-09-16T19:30,273.9,0.0,1009.8,0.0,0.0,19.0,73.6,1.5,3.2
2026-09-16T19:35,,0.0,,,,,,,
2026-09-16T19:40,275.5,0.0,1009.9,0.0,0.0,19.0,71.6,2.1,3.5
2026-09-16T19:45,,0.0,,,,,,,
2026-09-16T19:50,275.9,0.0,1010.2,0.0,0.0,18.6,73.2,1.3,2.3
2026-09-16T19:55,,0.0,,,,,,,
2026-09-16T20:00,297.9,0.0,1010.3,0.0,0.0,18.9,71.7,2.1,4.0
2026-09-16T20:05,,0.0,,,,,,,
2026-09-16T20:10,284.5,0.0,1010.6,0.0,0.0,18.8,71.2,1.8,3.4
2026-09-16T20:15,,0.0,,,,,,,
2026-09-16T20:20,226.0,0.0,1010.8,0.0,0.0,18.1,76.3,0.4,1.6
2026-09-16T20:25,,0.0,,,,,,,
2026-09-16T20:30,305.6,0.0,1011.0,0.0,0.0,17.7,78.5,1.0,2.0
2026-09-16T20:35,,0.0,,,,,,,
2026-09-16T20:40,278.6,0.0,1011.0,0.0,0.0,17.8,76.9,1.2,2.8
2026-09-16T20:45,,0.0,,,,,,,
2026-09-16T20:50,313.5,0.0,1011.2,0.0,0.0,17.7,77.1,1.5,2.5
2026-09-16T20:55,,0.0,,,,,,,
2026-09-16T21:00,24.3,0.0,1011.7,0.0,0.0,16.9,83.5,0.4,2.1
2026-09-16T21:05,,0.0,,,,,,,
2026-09-16T21:10,138.4,0.0,1011.7,0.0,0.0,17.1,82.0,0.3,1.6
2026-09-16T21:15,,0.0,,,,,,,
2026-09-16T21:20,2.4,0.0,1011.8,0.0,0.0,16.7,84.8,0.8,2.0
2026-09-16T21:25,,0.0,,,,,,,
2026-09-16T21:30,15.2,0.0,1012.1,0.0,0.0,16.8,84.2,1.2,1.8
2026-09-16T21:35,,0.0,,,,,,,
2026-09-16T21:40,16.8,0.0,1012.3,0.0,0.0,17.0,82.8,0.5,1.6
2026-09-16T21:45,,0.0,,,,,,,
2026-09-16T21:50,334.0,0.0,1012.2,0.0,0.0,17.0,83.4,0.6,1.0
2026-09-16T21:55,,0.0,,,,,,,
2026-09-16T22:00,70.0,0.0,1012.3,0.0,0.0,17.3,79.5,0.4,3.5
2026-09-16T22:05,,0.3,,,,,,,
2026-09-16T22:10,274.8,1.8,1012.2,0.0,0.0,17.7,81.5,3.4,6.7
2026-09-16T22:15,,0.1,,,,,,,
2026-09-16T22:20,9.4,0.0,1012.7,0.0,0.0,16.9,88.1,0.6,2.6
2026-09-16T22:25,,0.0,,,,,,,
2026-09-16T22:30,76.5,0.1,1013.0,0.0,0.0,16.6,91.8,2.2,5.5
2026-09-16T22:35,,0.0,,,,,,,
2026-09-16T22:40,67.1,0.1,1013.0,0.0,0.0,16.6,90.6,2.1,5.8
2026-09-16T22:45,,0.3,,,,,,,
2026-09-16T22:50,265.6,0.0,1013.4,0.0,0.0,16.4,93.3,0.5,2.0
2026-09-16T22:55,,0.3,,,,,,,
2026-09-16T23:00,63.8,0.1,1013.6,0.1,0.0,16.1,88.8,2.7,7.5
2026-09-16T23:05,,0.0,,,,,,,
2026-09-16T23:10,41.2,0.1,1014.2,0.0,0.0,15.5,82.1,6.0,9.7
2026-09-16T23:15,,0.0,,,,,,,
2026-09-16T23:20,13.7,0.0,1014.3,0.0,0.0,15.9,79.7,4.7,11.3
2026-09-16T23:25,,0.0,,,,,,,
2026-09-16T23:30,27.7,0.8,1014.6,0.0,0.0,15.9,74.5,6.3,10.3
2026-09-16T23:35,,0.7,,,,,,,
2026-09-16T23:40,20.7,0.7,1015.2,0.0,0.0,14.9,83.1,4.2,10.2
2026-09-16T23:45,,0.1,,,,,,,
2026-09-16T23:50,30.9,0.2,1015.7,0.0,0.0,14.4,86.1,7.9,10.5
2026-09-16T23:55,,0.2,,,,,,,
2026-09-17T00:00,24.2,0.0,1015.8,0.0,0.0,14.3,85.8,6.4,8.4
2026-09-17T00:05,,0.0,,,,,,,
2026-09-17T00:10,344.1,0.0,1015.8,0.0,0.0,14.4,85.4,1.3,6.9
2026-09-17T00:15,,0.0,,,,,,,
2026-09-17T00:20,291.8,0.0,1015.8,0.0,0.0,14.6,86.1,1.8,4.3
2026-09-17T00:25,,0.1,,,,,,,
2026-09-17T00:30,46.3,0.1,1015.8,0.0,0.0,14.2,90.2,0.4,4.9
2026-09-17T00:35,,0.2,,,,,,,
2026-09-17T00:40,38.8,0.1,1015.6,0.0,0.0,14.1,87.5,4.7,8.6
2026-09-17T00:45,,0.1,,,,,,,
2026-09-17T00:50,21.2,0.0,1015.5,0.0,0.0,13.7,89.2,5.2,10.5
2026-09-17T00:55,,0.1,,,,,,,
2026-09-17T01:00,47.8,0.1,1015.6,0.0,0.0,13.9,87.5,1.3,3.5
2026-09-17T01:05,,0.0,,,,,,,
2026-09-17T01:10,126.5,0.0,1015.7,0.0,0.0,13.4,90.1,1.6,5.7
2026-09-17T01:15,,0.0,,,,,,,
2026-09-17T01:20,50.0,0.0,1015.9,0.0,0.0,13.6,87.0,4.5,6.0
2026-09-17T01:25,,0.0,,,,,,,
2026-09-17T01:30,26.5,0.0,1015.8,0.0,0.0,13.6,86.7,3.3,5.7
2026-09-17T01:35,,0.0,,,,,,,
2026-09-17T01:40,315.4,0.0,1015.7,0.0,0.0,13.5,91.4,1.2,2.8
2026-09-17T01:45,,0.0,,,,,,,
2026-09-17T01:50,30.6,0.0,1015.7,0.0,0.0,13.6,91.5,1.2,2.8
2026-09-17T01:55,,0.0,,,,,,,
2026-09-17T02:00,61.1,0.0,1015.6,0.0,0.0,13.4,90.2,2.7,4.7
2026-09-17T02:05,,0.0,,,,,,,
2026-09-17T02:10,40.7,0.0,1015.5,0.0,0.0,13.4,91.5,1.9,4.6
2026-09-17T02:15,,0.0,,,,,,,
2026-09-17T02:20,47.0,0.0,1015.7,0.0,0.0,13.2,93.4,1.5,2.3
2026-09-17T02:25,,0.0,,,,,,,
2026-09-17T02:30,64.3,0.0,1015.7,0.0,0.0,13.1,92.9,1.3,3.1
2026-09-17T02:35,,0.1,,,,,,,
2026-09-17T02:40,55.9,0.0,1015.7,0.0,0.0,13.1,91.9,1.2,2.8
2026-09-17T02:45,,0.0,,,,,,,
2026-09-17T02:50,160.6,0.0,1015.7,0.0,0.0,13.0,93.7,0.4,1.8
2026-09-17T02:55,,0.0,,,,,,,
2026-09-17T03:00,208.3,0.0,1015.6,0.0,0.0,12.8,96.8,1.6,2.2
2026-09-17T03:05,,0.1,,,,,,,
2026-09-17T03:10,45.1,0.0,1015.5,0.0,0.0,12.8,95.6,0.6,2.2
2026-09-17T03:15,,0.0,,,,,,,
2026-09-17T03:20,32.7,0.0,1015.6,0.0,0.0,12.9,94.9,1.7,2.9
2026-09-17T03:25,,0.0,,,,,,,
2026-09-17T03:30,58.9,0.1,1015.5,0.0,0.0,12.9,94.4,2.0,3.3
2026-09-17T03:35,,0.0,,,,,,,
2026-09-17T03:40,7.6,0.1,1015.5,0.0,0.0,12.9,95.7,2.1,3.0
2026-09-17T03:45,,0.1,,,,,,,
2026-09-17T03:50,29.1,0.0,1015.6,0.0,0.0,13.0,92.5,1.2,2.5
2026-09-17T03:55,,0.1,,,,,,,
2026-09-17T04:00,55.0,0.0,1015.6,0.0,0.0,12.8,94.3,0.9,4.1
2026-09-17T04:05,,0.1,,,,,,,
2026-09-17T04:10,23.4,0.0,1015.8,0.0,0.0,12.9,95.1,1.0,2.0
2026-09-17T04:15,,0.1,,,,,,,
2026-09-17T04:20,25.3,0.1,1015.9,0.0,0.0,12.8,95.6,1.2,1.8
2026-09-17T04:25,,0.2,,,,,,,
2026-09-17T04:30,5.4,0.1,1015.9,0.0,0.0,12.9,93.8,1.3,2.6
2026-09-17T04:35,,0.2,,,,,,,
2026-09-17T04:40,21.8,0.2,1016.1,0.0,0.0,12.9,94.3,1.1,2.5
2026-09-17T04:45,,0.3,,,,,,,
2026-09-17T04:50,43.1,0.2,1016.2,0.0,0.0,12.8,95.1,1.9,3.2
2026-09-17T04:55,,0.2,,,,,,,
2026-09-17T05:00,9.8,0.2,1016.2,0.0,0.0,12.9,94.4,1.5,3.9
2026-09-17T05:05,,0.2,,,,,,,
2026-09-17T05:10,17.6,0.2,1016.2,0.0,0.0,12.8,88.5,3.9,5.4
2026-09-17T05:15,,0.1,,,,,,,
2026-09-17T05:20,5.7,0.1,1016.3,0.0,0.0,12.7,87.1,3.5,6.7
2026-09-17T05:25,,0.0,,,,,,,
2026-09-17T05:30,17.8,0.1,1016.5,0.0,0.0,12.5,86.5,4.1,7.3
2026-09-17T05:35,,0.0,,,,,,,
2026-09-17T05:40,0.2,0.0,1016.5,0.0,0.0,12.6,83.3,3.8,9.3
2026-09-17T05:45,,0.0,,,,,,,
2026-09-17T05:50,19.3,0.1,1016.5,0.0,0.0,12.7,80.0,4.7,6.6
2026-09-17T05:55,,0.0,,,,,,,
2026-09-17T06:00,19.6,0.0,1016.5,0.0,0.0,12.7,80.2,5.3,7.5
2026-09-17T06:05,,0.1,,,,,,,
2026-09-17T06:10,353.5,0.0,1016.6,0.0,0.0,12.3,85.1,2.7,7.3
2026-09-17T06:15,,0.0,,,,,,,
2026-09-17T06:20,284.4,0.0,1016.7,0.0,0.0,12.2,85.5,2.2,5.7
2026-09-17T06:25,,0.0,,,,,,,
2026-09-17T06:30,253.9,0.0,1016.8,0.0,0.0,12.3,84.4,1.0,4.9
2026-09-17T06:35,,0.0,,,,,,,
2026-09-17T06:40,31.6,0.0,1016.8,0.0,0.0,12.3,83.9,2.0,6.3
2026-09-17T06:45,,0.0,,,,,,,
2026-09-17T06:50,203.6,0.0,1016.8,0.0,0.0,12.1,86.4,1.4,3.4
2026-09-17T06:55,,0.0,,,,,,,
2026-09-17T07:00,195.0,0.0,1016.7,0.0,0.0,12.2,85.8,1.1,5.2
2026-09-17T07:05,,0.0,,,,,,,
2026-09-17T07:10,96.8,0.0,1016.8,2.8,0.0,12.2,84.1,1.0,4.8
2026-09-17T07:15,,0.0,,,,,,,
2026-09-17T07:20,29.2,0.0,1016.7,15.9,0.0,12.6,79.4,2.4,7.1
2026-09-17T07:25,,0.0,,,,,,,
2026-09-17T07:30,34.0,0.0,1016.9,29.5,0.0,12.4,80.5,3.4,8.3
2026-09-17T07:35,,0.0,,,,,,,
2026-09-17T07:40,26.6,0.0,1016.5,55.4,0.0,12.5,80.7,2.3,5.0
2026-09-17T07:45,,0.0,,,,,,,
2026-09-17T07:50,331.5,0.0,1016.7,46.2,0.0,12.7,78.5,2.0,6.2
2026-09-17T07:55,,0.0,,,,,,,
2026-09-17T08:00,317.9,0.0,1016.3,40.5,0.0,12.9,78.7,0.2,3.4
2026-09-17T08:05,,0.0,,,,,,,
2026-09-17T08:10,313.6,0.0,1016.8,69.5,0.0,12.8,79.3,1.1,4.7
2026-09-17T08:15,,0.0,,,,,,,
2026-09-17T08:20,144.1,0.0,1016.5,84.9,0.0,12.6,81.6,0.1,2.7
2026-09-17T08:25,,0.0,,,,,,,
2026-09-17T08:30,335.5,0.0,1016.5,85.6,0.0,12.7,84.5,1.6,2.7
2026-09-17T08:35,,0.0,,,,,,,
2026-09-17T08:40,209.1,0.0,1016.7,69.0,0.0,12.7,85.6,0.3,2.0
2026-09-17T08:45,,0.0,,,,,,,
2026-09-17T08:50,109.5,0.0,1016.4,90.3,0.0,12.7,84.6,0.7,2.8
2026-09-17T08:55,,0.0,,,,,,,
2026-09-17T09:00,24.7,0.0,1016.2,130.9,0.0,12.7,85.1,2.0,3.1
2026-09-17T09:05,,0.0,,,,,,,
2026-09-17T09:10,8.0,0.0,1016.0,128.8,0.0,12.7,84.4,1.2,2.1
2026-09-17T09:15,,0.0,,,,,,,
2026-09-17T09:20,137.7,0.0,1016.1,140.9,0.0,12.8,84.6,0.8,1.5
2026-09-17T09:25,,0.0,,,,,,,
2026-09-17T09:30,120.6,0.0,1015.9,183.5,0.0,13.1,84.4,0.2,1.2
2026-09-17T09:35,,0.0,,,,,,,
2026-09-17T09:40,353.6,0.0,1015.8,139.3,17.0,13.2,82.6,0.2,1.0
2026-09-17T09:45,,0.0,,,,,,,
2026-09-17T09:50,160.2,0.0,1016.2,121.3,0.0,13.3,85.3,0.6,2.0
2026-09-17T09:55,,0.0,,,,,,,
2026-09-17T10:00,193.2,0.0,1016.3,180.3,0.0,13.6,86.9,1.4,3.0
2026-09-17T10:05,,0.0,,,,,,,
2026-09-17T10:10,168.2,0.0,1016.6,135.4,0.0,13.5,85.0,1.2,3.5
2026-09-17T10:15,,0.0,,,,,,,
2026-09-17T10:20,115.5,0.0,1016.6,137.7,0.0,13.5,83.4,0.4,2.2
2026-09-17T10:25,,0.0,,,,,,,
2026-09-17T10:30,2.9,0.0,1016.4,170.7,0.0,13.6,84.1,0.6,1.3
2026-09-17T10:35,,0.0,,,,,,,
2026-09-17T10:40,302.4,0.0,1016.2,208.8,0.0,13.7,80.8,0.3,1.0
2026-09-17T10:45,,0.0,,,,,,,
2026-09-17T10:50,353.5,0.0,1016.0,245.9,0.0,13.9,79.3,0.5,1.2
2026-09-17T10:55,,0.0,,,,,,,
2026-09-17T11:00,56.6,0.0,1015.8,280.2,85.0,14.2,79.0,1.0,2.1
2026-09-17T11:05,,0.0,,,,,,,
2026-09-17T11:10,89.0,0.0,1015.7,256.8,599.0,14.3,77.3,0.8,1.8
2026-09-17T11:15,,0.0,,,,,,,
2026-09-17T11:20,166.9,0.0,1015.6,265.9,599.0,14.5,79.1,0.6,1.6
2026-09-17T11:25,,0.0,,,,,,,
2026-09-17T11:30,161.6,0.0,1015.4,265.7,600.0,15.0,78.1,1.0,2.1
2026-09-17T11:35,,0.0,,,,,,,
2026-09-17T11:40,171.0,0.0,1015.3,243.8,308.0,14.9,77.6,1.0,2.1
2026-09-17T11:45,,0.0,,,,,,,
2026-09-17T11:50,192.5,0.0,1015.1,230.6,0.0,15.3,75.8,0.7,1.9
2026-09-17T11:55,,0.0,,,,,,,
2026-09-17T12:00,79.9,0.0,1015.0,344.0,173.0,15.3,76.4,1.4,3.1
2026-09-17T12:05,,0.0,,,,,,,
2026-09-17T12:10,63.1,0.0,1015.0,278.6,0.0,15.2,77.1,1.5,2.1
2026-09-17T12:15,,0.0,,,,,,,
2026-09-17T12:20,57.8,0.0,1015.0,192.8,0.0,15.2,76.0,0.7,1.8
2026-09-17T12:25,,0.0,,,,,,,
2026-09-17T12:30,59.8,0.0,1014.9,184.2,64.0,15.2,75.5,1.2,1.9
2026-09-17T12:35,,0.0,,,,,,,
2026-09-17T12:40,50.2,0.0,1014.5,754.8,600.0,15.8,74.1,1.9,2.6
2026-09-17T12:45,,0.0,,,,,,,
2026-09-17T12:50,40.5,0.0,1014.2,710.9,597.0,16.2,71.6,1.1,2.3
2026-09-17T12:55,,0.0,,,,,,,
2026-09-17T13:00,329.2,0.0,1013.9,762.0,598.0,16.6,71.2,0.7,1.8
2026-09-17T13:05,,0.0,,,,,,,
2026-09-17T13:10,326.2,0.0,1013.6,766.2,600.0,17.1,71.6,1.0,1.9
2026-09-17T13:15,,0.0,,,,,,,
2026-09-17T13:20,57.6,0.0,1013.4,771.5,598.0,17.7,70.2,1.1,2.7
2026-09-17T13:25,,0.0,,,,,,,
2026-09-17T13:30,88.0,0.0,1013.1,770.9,600.0,18.4,64.0,0.9,2.5
2026-09-17T13:35,,0.0,,,,,,,
2026-09-17T13:40,61.7,0.0,1012.7,774.9,596.0,18.7,62.8,0.6,2.5
2026-09-17T13:45,,0.0,,,,,,,
2026-09-17T13:50,63.2,0.0,1012.5,773.6,600.0,18.6,66.7,1.3,2.5
2026-09-17T13:55,,0.0,,,,,,,
2026-09-17T14:00,128.9,0.0,1012.1,765.6,600.0,19.2,64.1,0.8,2.8
2026-09-17T14:05,,0.0,,,,,,,
2026-09-17T14:10,175.6,0.0,1011.8,758.8,595.0,19.7,60.8,1.1,2.7
2026-09-17T14:15,,0.0,,,,,,,
2026-09-17T14:20,199.0,0.0,1011.4,747.1,600.0,20.3,58.9,1.9,3.8
2026-09-17T14:25,,0.0,,,,,,,
2026-09-17T14:30,199.6,0.0,1011.3,735.3,600.0,20.4,56.4,1.0,2.7
2026-09-17T14:35,,0.0,,,,,,,
2026-09-17T14:40,173.8,0.0,1011.3,723.1,599.0,20.4,52.0,1.2,3.0
2026-09-17T14:45,,0.0,,,,,,,
2026-09-17T14:50,165.4,0.0,1010.9,711.6,600.0,20.7,54.9,1.2,3.2
2026-09-17T14:55,,0.0,,,,,,,
2026-09-17T15:00,176.4,0.0,1010.6,583.7,509.0,20.8,56.8,1.6,3.5
2026-09-17T15:05,,0.0,,,,,,,
2026-09-17T15:10,207.0,0.0,1010.7,377.1,412.0,20.2,58.1,1.0,2.9
2026-09-17T15:15,,0.0,,,,,,,
2026-09-17T15:20,268.2,0.0,1010.7,641.5,575.0,19.9,60.7,1.8,2.9
2026-09-17T15:25,,0.0,,,,,,,
2026-09-17T15:30,322.5,0.0,1010.5,647.6,599.0,20.2,55.7,1.0,2.0
2026-09-17T15:35,,0.0,,,,,,,
2026-09-17T15:40,168.1,0.0,1010.4,289.5,314.0,20.1,53.8,0.6,1.9
2026-09-17T15:45,,0.0,,,,,,,
2026-09-17T15:50,85.0,0.0,1010.5,409.5,402.0,19.9,54.7,0.9,1.6
2026-09-17T15:55,,0.0,,,,,,,
2026-09-17T16:00,162.4,0.0,1010.2,578.6,597.0,20.5,54.1,0.3,1.3
2026-09-17T16:05,,0.0,,,,,,,
2026-09-17T16:10,222.6,0.0,1010.2,251.0,215.0,20.3,54.2,0.2,1.3
2026-09-17T16:15,,0.0,,,,,,,
2026-09-17T16:20,260.6,0.0,1010.7,131.3,154.0,19.1,60.7,0.9,3.6
2026-09-17T16:25,,0.0,,,,,,,
2026-09-17T16:30,279.3,0.0,1010.9,113.8,52.0,18.2,67.0,3.0,4.2
2026-09-17T16:35,,0.0,,,,,,,
2026-09-17T16:40,281.3,0.0,1010.8,317.2,440.0,18.4,67.2,3.0,4.5
2026-09-17T16:45,,0.0,,,,,,,
2026-09-17T16:50,268.9,0.0,1010.7,416.4,600.0,18.6,66.6,2.5,4.3
2026-09-17T16:55,,0.0,,,,,,,
2026-09-17T17:00,267.1,0.0,1010.6,228.3,335.0,18.9,64.0,3.0,4.7
2026-09-17T17:05,,0.0,,,,,,,
2026-09-17T17:10,271.0,0.0,1010.9,118.4,123.0,18.1,67.2,3.5,6.3
2026-09-17T17:15,,0.0,,,,,,,
2026-09-17T17:20,269.8,0.0,1010.8,294.4,258.0,18.3,66.5,3.6,5.6
2026-09-17T17:25,,0.0,,,,,,,
2026-09-17T17:30,274.5,0.0,1010.6,313.6,166.0,18.6,64.4,3.5,5.1
2026-09-17T17:35,,0.0,,,,,,,
2026-09-17T17:40,278.5,0.0,1010.7,261.7,600.0,18.6,65.2,3.4,5.3
2026-09-17T17:45,,0.0,,,,,,,
2026-09-17T17:50,303.9,0.0,1010.8,174.1,599.0,18.1,67.9,2.6,4.7
2026-09-17T17:55,,0.0,,,,,,,
2026-09-17T18:00,283.7,0.0,1010.9,119.7,597.0,17.9,67.7,3.1,5.3
2026-09-17T18:05,,0.0,,,,,,,
2026-09-17T18:10,286.8,0.0,1011.1,71.1,600.0,17.3,70.5,2.2,5.0
2026-09-17T18:15,,0.0,,,,,,,
2026-09-17T18:20,266.4,0.0,1011.3,50.9,154.0,16.8,71.8,2.7,5.7
2026-09-17T18:25,,0.0,,,,,,,
2026-09-17T18:30,267.9,0.0,1011.4,32.5,0.0,16.6,70.7,2.6,4.9
2026-09-17T18:35,,0.0,,,,,,,
2026-09-17T18:40,321.3,0.0,1011.7,32.6,0.0,15.9,75.0,2.3,5.3
2026-09-17T18:45,,0.0,,,,,,,
2026-09-17T18:50,302.0,0.0,1011.8,23.5,0.0,15.9,73.4,3.8,5.5
2026-09-17T18:55,,0.0,,,,,,,
2026-09-17T19:00,274.8,0.0,1012.0,13.6,0.0,15.5,76.0,2.2,5.7
2026-09-17T19:05,,0.0,,,,,,,
2026-09-17T19:10,258.8,0.0,1012.3,5.8,0.0,15.1,77.6,1.9,3.0
2026-09-17T19:15,,0.0,,,,,,,
2026-09-17T19:20,302.4,0.0,1012.3,0.9,0.0,15.1,76.0,1.9,3.7
2026-09-17T19:25,,0.0,,,,,,,
2026-09-17T19:30,295.0,0.0,1012.4,0.0,0.0,14.9,76.6,2.9,4.7
2026-09-17T19:35,,0.0,,,,,,,
2026-09-17T19:40,276.8,0.0,1012.7,0.0,0.0,14.6,77.5,2.3,4.0
2026-09-17T19:45,,0.0,,,,,,,
2026-09-17T19:50,268.6,0.0,1013.0,0.0,0.0,13.8,82.6,1.3,2.6
2026-09-17T19:55,,0.0,,,,,,,
2026-09-17T20:00,316.6,0.0,1013.2,0.0,0.0,13.9,82.6,1.3,2.9
2026-09-17T20:05,,0.0,,,,,,,
2026-09-17T20:10,317.8,0.0,1013.6,0.0,0.0,13.7,85.7,1.4,3.0
2026-09-17T20:15,,0.0,,,,,,,
2026-09-17T20:20,315.4,0.0,1013.6,0.0,0.0,13.9,81.5,1.2,2.8
2026-09-17T20:25,,0.0,,,,,,,
2026-09-17T20:30,317.6,0.0,1013.8,0.0,0.0,13.9,81.0,1.7,3.0
2026-09-17T20:35,,0.0,,,,,,,
2026-09-17T20:40,0.4,0.0,1014.3,0.0,0.0,12.9,89.8,1.1,2.0
2026-09-17T20:45,,0.0,,,,,,,
2026-09-17T20:50,318.7,0.0,1014.5,0.0,0.0,12.9,89.8,1.0,1.8
2026-09-17T20:55,,0.0,,,,,,,
2026-09-17T21:00,347.5,0.0,1014.4,0.0,0.0,13.2,86.0,1.0,2.8
2026-09-17T21:05,,0.0,,,,,,,
2026-09-17T21:10,7.5,0.0,1014.7,0.0,0.0,13.0,87.8,0.6,1.9
2026-09-17T21:15,,0.0,,,,,,,
2026-09-17T21:20,97.9,0.0,1014.9,0.0,0.0,12.7,89.3,0.3,1.2
2026-09-17T21:25,,0.0,,,,,,,
2026-09-17T21:30,0.4,0.0,1015.2,0.0,0.0,12.3,91.7,1.0,2.1
2026-09-17T21:35,,0.0,,,,,,,
2026-09-17T21:40,1.7,0.0,1015.2,0.0,0.0,12.8,87.9,0.9,2.2
2026-09-17T21:45,,0.0,,,,,,,
2026-09-17T21:50,40.8,0.0,1015.3,0.0,0.0,12.4,90.4,1.0,1.9
2026-09-17T21:55,,0.0,,,,,,,
2026-09-17T22:00,13.7,0.0,1015.3,0.0,0.0,12.6,89.5,0.9,2.3
2026-09-17T22:05,,0.0,,,,,,,
2026-09-17T22:10,30.3,0.0,1015.3,0.0,0.0,12.3,91.2,1.1,2.0
2026-09-17T22:15,,0.0,,,,,,,
2026-09-17T22:20,5.0,0.0,1015.3,0.0,0.0,12.5,89.8,0.8,2.2
2026-09-17T22:25,,0.0,,,,,,,
2026-09-17T22:30,51.0,0.0,1015.4,0.0,0.0,12.3,90.7,1.7,3.3
2026-09-17T22:35,,0.0,,,,,,,
2026-09-17T22:40,35.9,0.0,1015.3,0.0,0.0,12.9,86.3,1.5,2.9
2026-09-17T22:45,,0.0,,,,,,,
2026-09-17T22:50,16.9,0.0,1015.5,0.0,0.0,12.4,89.4,0.6,1.7
2026-09-17T22:55,,0.0,,,,,,,
2026-09-17T23:00,40.5,0.0,1015.6,0.0,0.0,12.3,90.5,1.4,2.0
2026-09-17T23:05,,0.0,,,,,,,
2026-09-17T23:10,38.8,0.0,1015.7,0.0,0.0,12.2,91.6,1.6,2.2
2026-09-17T23:15,,0.0,,,,,,,
2026-09-17T23:20,41.5,0.0,1015.7,0.0,0.0,12.4,89.9,1.4,2.5
2026-09-17T23:25,,0.0,,,,,,,
2026-09-17T23:30,24.4,0.0,1015.7,0.0,0.0,12.2,90.6,0.7,1.2
2026-09-17T23:35,,0.0,,,,,,,
2026-09-17T23:40,42.8,0.0,1015.9,0.0,0.0,11.7,93.5,0.6,1.0
2026-09-17T23:45,,0.0,,,,,,,
2026-09-17T23:50,46.0,0.0,1015.9,0.0,0.0,11.7,93.4,1.1,2.0
2026-09-17T23:55,,0.0,,,,,,,
2026-09-18T00:00,27.6,0.0,1015.7,0.0,0.0,11.9,91.8,1.2,2.6
2026-09-18T00:05,,0.0,,,,,,,
2026-09-18T00:10,9.7,0.0,1015.7,0.0,0.0,11.7,93.1,0.3,1.1
2026-09-18T00:15,,0.0,,,,,,,
2026-09-18T00:20,50.5,0.0,1015.7,0.0,0.0,11.7,92.7,0.9,1.4
2026-09-18T00:25,,0.0,,,,,,,
2026-09-18T00:30,17.7,0.0,1015.7,0.0,0.0,11.6,93.3,0.8,1.4
2026-09-18T00:35,,0.0,,,,,,,
2026-09-18T00:40,16.6,0.0,1015.8,0.0,0.0,11.5,93.9,1.2,1.8
2026-09-18T00:45,,0.0,,,,,,,
2026-09-18T00:50,37.5,0.0,1015.8,0.0,0.0,11.6,93.3,1.5,2.0
2026-09-18T00:55,,0.0,,,,,,,
2026-09-18T01:00,6.8,0.0,1015.6,0.0,0.0,11.5,93.6,0.6,1.5
2026-09-18T01:05,,0.0,,,,,,,
2026-09-18T01:10,110.2,0.0,1015.8,0.0,0.0,11.4,94.6,0.5,0.9
2026-09-18T01:15,,0.0,,,,,,,
2026-09-18T01:20,17.9,0.0,1015.9,0.0,0.0,11.5,94.6,0.9,1.7
2026-09-18T01:25,,0.0,,,,,,,
2026-09-18T01:30,7.0,0.0,1015.8,0.0,0.0,11.8,92.2,0.9,2.4
2026-09-18T01:35,,0.0,,,,,,,
2026-09-18T01:40,21.0,0.0,1016.0,0.0,0.0,11.5,94.3,1.3,1.8
2026-09-18T01:45,,0.0,,,,,,,
2026-09-18T01:50,152.9,0.0,1016.0,0.0,0.0,11.5,94.9,0.2,1.5
2026-09-18T01:55,,0.0,,,,,,,
2026-09-18T02:00,38.5,0.0,1016.0,0.0,0.0,11.5,94.6,0.5,0.9
2026-09-18T02:05,,0.0,,,,,,,
2026-09-18T02:10,23.0,0.0,1016.0,0.0,0.0,11.6,92.8,1.3,2.2
2026-09-18T02:15,,0.0,,,,,,,
2026-09-18T02:20,26.3,0.0,1016.1,0.0,0.0,11.1,94.9,1.0,1.6
2026-09-18T02:25,,0.0,,,,,,,
2026-09-18T02:30,10.5,0.0,1016.2,0.0,0.0,11.0,95.9,0.7,1.0
2026-09-18T02:35,,0.0,,,,,,,
2026-09-18T02:40,71.3,0.0,1016.0,0.0,0.0,11.5,92.8,1.2,1.8
2026-09-18T02:45,,0.0,,,,,,,
2026-09-18T02:50,113.6,0.0,1016.1,0.0,0.0,11.5,93.2,0.2,1.5
2026-09-18T02:55,,0.0,,,,,,,
2026-09-18T03:00,253.5,0.0,1016.2,0.0,0.0,11.3,93.9,0.1,1.0
2026-09-18T03:05,,0.0,,,,,,,
2026-09-18T03:10,328.0,0.0,1016.0,0.0,0.0,11.5,91.6,0.3,1.6
2026-09-18T03:15,,0.0,,,,,,,
2026-09-18T03:20,83.9,0.0,1015.9,0.0,0.0,11.7,90.3,0.4,1.4
2026-09-18T03:25,,0.0,,,,,,,
2026-09-18T03:30,31.7,0.0,1015.9,0.0,0.0,11.2,93.9,1.4,2.4
2026-09-18T03:35,,0.0,,,,,,,
2026-09-18T03:40,48.9,0.0,1016.0,0.0,0.0,11.0,96.0,1.5,2.5
2026-09-18T03:45,,0.0,,,,,,,
2026-09-18T03:50,70.0,0.0,1015.9,0.0,0.0,11.3,93.5,1.1,2.3
2026-09-18T03:55,,0.0,,,,,,,
2026-09-18T04:00,338.6,0.0,1015.8,0.0,0.0,11.5,91.4,0.8,2.0
2026-09-18T04:05,,0.0,,,,,,,
2026-09-18T04:10,18.3,0.0,1016.0,0.0,0.0,11.0,94.8,1.4,2.3
2026-09-18T04:15,,0.0,,,,,,,
2026-09-18T04:20,293.9,0.0,1015.9,0.0,0.0,11.0,94.7,0.5,1.2
2026-09-18T04:25,,0.0,,,,,,,
2026-09-18T04:30,85.6,0.0,1015.7,0.0,0.0,11.3,91.8,0.6,2.7
2026-09-18T04:35,,0.0,,,,,,,
2026-09-18T04:40,69.4,0.0,1015.7,0.0,0.0,11.4,90.4,1.6,2.5
2026-09-18T04:45,,0.0,,,,,,,
2026-09-18T04:50,1.3,0.0,1015.8,0.0,0.0,11.1,92.4,0.5,1.3
2026-09-18T04:55,,0.0,,,,,,,
2026-09-18T05:00,225.7,0.0,1015.8,0.0,0.0,10.8,94.2,0.3,0.9
2026-09-18T05:05,,0.0,,,,,,,
2026-09-18T05:10,148.3,0.0,1015.7,0.0,0.0,10.9,94.1,0.6,1.6
2026-09-18T05:15,,0.0,,,,,,,
2026-09-18T05:20,268.9,0.0,1015.9,0.0,0.0,10.7,95.6,0.5,1.2
2026-09-18T05:25,,0.0,,,,,,,
2026-09-18T05:30,349.9,0.0,1015.9,0.0,0.0,10.7,95.5,0.2,0.9
2026-09-18T05:35,,0.0,,,,,,,
2026-09-18T05:40,135.3,0.0,1016.0,0.0,0.0,10.6,95.8,0.1,0.8
2026-09-18T05:45,,0.0,,,,,,,
2026-09-18T05:50,113.4,0.0,1016.0,0.0,0.0,10.6,95.9,0.3,1.0
2026-09-18T05:55,,0.0,,,,,,,
2026-09-18T06:00,23.0,0.0,1016.2,0.0,0.0,10.4,97.0,0.3,0.7
2026-09-18T06:05,,0.0,,,,,,,
2026-09-18T06:10,120.2,0.0,1016.3,0.0,0.0,10.4,97.0,0.6,1.0
2026-09-18T06:15,,0.0,,,,,,,
2026-09-18T06:20,238.2,0.0,1016.3,0.0,0.0,10.3,97.2,0.8,1.5
2026-09-18T06:25,,0.0,,,,,,,
2026-09-18T06:30,154.3,0.0,1016.3,0.0,0.0,10.4,97.0,0.2,1.2
2026-09-18T06:35,,0.0,,,,,,,
2026-09-18T06:40,129.2,0.0,1016.5,0.0,0.0,10.2,97.3,0.6,1.6
2026-09-18T06:45,,0.0,,,,,,,
2026-09-18T06:50,59.5,0.0,1016.7,0.1,0.0,10.0,97.8,0.3,1.1
2026-09-18T06:55,,0.0,,,,,,,
2026-09-18T07:00,311.9,0.0,1016.7,1.6,0.0,9.9,97.7,0.9,1.1
2026-09-18T07:05,,0.0,,,,,,,
2026-09-18T07:10,290.0,0.0,1016.6,8.2,0.0,10.2,97.1,0.3,1.1
2026-09-18T07:15,,0.0,,,,,,,
2026-09-18T07:20,92.1,0.0,1016.5,13.2,0.0,10.2,97.3,0.9,1.6
2026-09-18T07:25,,0.0,,,,,,,
2026-09-18T07:30,42.0,0.0,1016.7,21.8,0.0,9.8,97.6,1.1,1.6
2026-09-18T07:35,,0.0,,,,,,,
2026-09-18T07:40,243.7,0.0,1016.7,32.0,0.0,9.9,98.2,0.4,1.1
2026-09-18T07:45,,0.0,,,,,,,
2026-09-18T07:50,337.9,0.0,1016.7,31.1,0.0,10.5,96.5,0.4,0.9
2026-09-18T07:55,,0.0,,,,,,,
2026-09-18T08:00,248.9,0.0,1016.7,37.2,0.0,10.5,96.1,0.2,0.8
2026-09-18T08:05,,0.0,,,,,,,
2026-09-18T08:10,68.9,0.0,1016.9,48.9,0.0,10.3,97.2,0.6,0.9
2026-09-18T08:15,,0.0,,,,,,,
2026-09-18T08:20,172.5,0.0,1016.9,58.9,0.0,10.3,97.7,0.3,0.7
2026-09-18T08:25,,0.0,,,,,,,
2026-09-18T08:30,132.7,0.0,1016.8,82.9,0.0,10.7,97.1,0.2,1.6
2026-09-18T08:35,,0.0,,,,,,,
2026-09-18T08:40,113.6,0.0,1016.7,123.1,0.0,11.0,96.2,0.5,1.5
2026-09-18T08:45,,0.0,,,,,,,
2026-09-18T08:50,9.1,0.0,1016.5,134.8,0.0,11.6,94.7,0.4,0.8
2026-09-18T08:55,,0.0,,,,,,,
2026-09-18T09:00,61.6,0.0,1016.4,109.2,0.0,11.7,94.5,0.8,1.4
2026-09-18T09:05,,0.0,,,,,,,
2026-09-18T09:10,61.1,0.0,1016.4,153.0,0.0,12.1,94.7,1.3,1.9
2026-09-18T09:15,,0.0,,,,,,,
2026-09-18T09:20,22.5,0.0,1016.3,169.2,0.0,12.4,91.9,0.6,1.3
2026-09-18T09:25,,0.0,,,,,,,
2026-09-18T09:30,261.1,0.0,1016.3,187.7,18.0,12.7,89.7,0.2,0.8
2026-09-18T09:35,,0.0,,,,,,,
2026-09-18T09:40,266.0,0.0,1016.2,285.8,580.0,13.2,86.9,0.2,0.8
2026-09-18T09:45,,0.0,,,,,,,
2026-09-18T09:50,73.3,0.0,1015.9,379.0,598.0,13.6,84.7,1.0,1.7
2026-09-18T09:55,,0.0,,,,,,,
2026-09-18T10:00,53.2,0.0,1015.7,347.0,598.0,14.2,82.0,0.5,1.1
2026-09-18T10:05,,0.0,,,,,,,
2026-09-18T10:10,323.0,0.0,1015.5,459.3,600.0,14.7,81.5,0.5,1.1
2026-09-18T10:15,,0.0,,,,,,,
2026-09-18T10:20,349.2,0.0,1015.4,355.3,345.0,15.1,77.7,0.2,0.7
2026-09-18T10:25,,0.0,,,,,,,
2026-09-18T10:30,341.1,0.0,1015.3,338.7,530.0,15.3,77.9,0.1,1.0
2026-09-18T10:35,,0.0,,,,,,,
2026-09-18T10:40,43.5,0.0,1015.1,598.5,600.0,15.8,75.1,0.2,1.3
2026-09-18T10:45,,0.0,,,,,,,
2026-09-18T10:50,263.1,0.0,1014.9,499.5,571.0,16.2,72.4,0.5,1.3
2026-09-18T10:55,,0.0,,,,,,,
2026-09-18T11:00,238.7,0.0,1014.7,304.9,105.0,16.4,72.2,0.6,1.3
2026-09-18T11:05,,0.0,,,,,,,
2026-09-18T11:10,235.9,0.0,1014.7,251.7,51.0,16.4,70.8,0.3,1.9
2026-09-18T11:15,,0.0,,,,,,,
2026-09-18T11:20,61.0,0.0,1014.7,216.8,0.0,16.3,72.7,0.8,1.7
2026-09-18T11:25,,0.0,,,,,,,
2026-09-18T11:30,218.2,0.0,1014.4,385.5,199.0,16.7,72.8,0.7,1.8
2026-09-18T11:35,,0.0,,,,,,,
2026-09-18T11:40,268.7,0.0,1014.4,364.4,340.0,17.0,71.1,1.5,2.6
2026-09-18T11:45,,0.0,,,,,,,
2026-09-18T11:50,267.2,0.0,1014.3,358.2,301.0,17.0,70.1,0.7,1.7
2026-09-18T11:55,,0.0,,,,,,,
2026-09-18T12:00,245.7,0.0,1013.8,750.7,597.0,17.9,68.9,0.4,2.0
2026-09-18T12:05,,0.0,,,,,,,
2026-09-18T12:10,37.7,0.0,1013.4,740.7,600.0,18.3,68.2,0.6,1.9
2026-09-18T12:15,,0.0,,,,,,,
2026-09-18T12:20,320.0,0.0,1013.1,811.7,597.0,18.9,67.6,1.1,1.9
2026-09-18T12:25,,0.0,,,,,,,
2026-09-18T12:30,347.2,0.0,1013.1,425.6,301.0,18.7,66.1,1.6,3.3
2026-09-18T12:35,,0.0,,,,,,,
2026-09-18T12:40,339.2,0.0,1012.9,628.2,530.0,19.1,67.1,1.8,3.0
2026-09-18T12:45,,0.0,,,,,,,
2026-09-18T12:50,279.8,0.0,1012.8,306.4,186.0,19.0,65.6,0.8,2.5
2026-09-18T12:55,,0.0,,,,,,,
2026-09-18T13:00,318.9,0.0,1012.7,292.6,70.0,19.0,65.8,0.8,1.7
2026-09-18T13:05,,0.0,,,,,,,
2026-09-18T13:10,350.5,0.0,1012.4,567.3,570.0,19.3,63.2,0.6,2.1
2026-09-18T13:15,,0.0,,,,,,,
2026-09-18T13:20,22.7,0.0,1012.1,568.2,467.0,19.6,63.9,1.6,2.6
2026-09-18T13:25,,0.0,,,,,,,
2026-09-18T13:30,350.8,0.0,1012.1,295.7,16.0,19.5,64.5,1.3,2.5
2026-09-18T13:35,,0.0,,,,,,,
2026-09-18T13:40,333.1,0.0,1012.1,248.5,0.0,19.7,62.9,0.6,1.2
2026-09-18T13:45,,0.0,,,,,,,
2026-09-18T13:50,175.3,0.0,1012.0,243.6,0.0,19.9,61.8,0.8,3.0
2026-09-18T13:55,,0.0,,,,,,,
2026-09-18T14:00,189.4,0.0,1012.1,229.4,0.0,19.7,62.6,2.4,4.1
2026-09-18T14:05,,0.0,,,,,,,
2026-09-18T14:10,193.5,0.0,1012.1,229.3,0.0,19.6,62.7,2.2,3.6
2026-09-18T14:15,,0.0,,,,,,,
2026-09-18T14:20,198.6,0.0,1012.1,236.5,0.0,19.7,61.6,2.6,4.5
2026-09-18T14:25,,0.0,,,,,,,
2026-09-18T14:30,204.7,0.0,1012.0,266.7,0.0,19.8,60.7,2.8,4.4
2026-09-18T14:35,,0.0,,,,,,,
2026-09-18T14:40,202.0,0.0,1012.0,290.7,0.0,19.9,59.9,2.8,4.5
2026-09-18T14:45,,0.0,,,,,,,
2026-09-18T14:50,191.6,0.0,1011.9,308.1,0.0,20.2,59.0,2.1,4.8
2026-09-18T14:55,,0.0,,,,,,,
2026-09-18T15:00,190.0,0.0,1011.9,248.2,0.0,20.1,57.2,2.2,4.2
2026-09-18T15:05,,0.0,,,,,,,
2026-09-18T15:10,190.1,0.0,1012.0,259.4,0.0,20.0,56.9,2.8,5.0
2026-09-18T15:15,,0.0,,,,,,,
2026-09-18T15:20,186.8,0.0,1012.0,203.0,0.0,19.9,57.4,2.6,4.9
2026-09-18T15:25,,0.0,,,,,,,
2026-09-18T15:30,195.0,0.0,1011.8,207.2,0.0,19.8,59.5,2.5,4.5
2026-09-18T15:35,,0.0,,,,,,,
2026-09-18T15:40,191.7,0.0,1011.9,178.6,0.0,19.8,59.1,2.8,4.7
2026-09-18T15:45,,0.0,,,,,,,
2026-09-18T15:50,188.6,0.0,1011.9,144.7,0.0,19.6,59.0,2.2,3.6
2026-09-18T15:55,,0.0,,,,,,,
2026-09-18T16:00,191.5,0.0,1011.9,127.4,0.0,19.6,59.0,2.5,4.6
2026-09-18T16:05,,0.0,,,,,,,
2026-09-18T16:10,189.9,0.0,1012.1,134.1,0.0,19.5,60.0,3.1,5.6
2026-09-18T16:15,,0.0,,,,,,,
2026-09-18T16:20,193.5,0.0,1012.3,102.1,0.0,19.2,61.1,3.3,5.2
2026-09-18T16:25,,0.0,,,,,,,
2026-09-18T16:30,188.5,0.0,1012.6,40.4,0.0,18.9,62.7,2.7,5.4
2026-09-18T16:35,,0.0,,,,,,,
2026-09-18T16:40,196.5,0.0,1012.9,49.6,0.0,18.6,65.0,2.6,4.4
2026-09-18T16:45,,0.0,,,,,,,
2026-09-18T16:50,193.1,0.0,1012.9,56.7,0.0,18.6,64.9,2.2,4.0
2026-09-18T16:55,,0.0,,,,,,,
2026-09-18T17:00,225.7,0.0,1013.0,50.2,0.0,18.5,66.4,2.4,4.5
2026-09-18T17:05,,0.0,,,,,,,
2026-09-18T17:10,218.5,0.0,1013.3,24.5,0.0,18.3,65.8,3.1,6.9
2026-09-18T17:15,,0.0,,,,,,,
2026-09-18T17:20,198.5,0.1,1014.1,20.7,0.0,17.3,72.4,4.3,7.4
2026-09-18T17:25,,0.1,,,,,,,
2026-09-18T17:30,214.4,0.1,1014.6,20.4,0.0,16.2,78.4,3.6,6.6
2026-09-18T17:35,,0.1,,,,,,,
2026-09-18T17:40,216.6,0.1,1015.1,30.2,0.0,15.9,80.4,2.0,4.2
2026-09-18T17:45,,0.0,,,,,,,
2026-09-18T17:50,239.6,0.0,1015.3,34.2,0.0,15.7,83.1,1.1,2.4
2026-09-18T17:55,,0.0,,,,,,,
2026-09-18T18:00,217.5,0.1,1015.7,16.2,0.0,15.3,87.3,1.7,2.8
2026-09-18T18:05,,0.0,,,,,,,
2026-09-18T18:10,177.4,0.0,1016.1,7.3,0.0,14.9,90.0,0.8,2.0
2026-09-18T18:15,,0.0,,,,,,,
2026-09-18T18:20,186.4,0.0,1016.2,13.1,0.0,14.9,89.9,0.9,2.8
2026-09-18T18:25,,0.1,,,,,,,
2026-09-18T18:30,158.4,0.1,1016.6,12.4,0.0,14.7,91.3,0.4,1.2
2026-09-18T18:35,,0.1,,,,,,,
2026-09-18T18:40,149.2,0.1,1016.6,14.8,0.0,14.6,93.6,0.6,1.2
2026-09-18T18:45,,0.1,,,,,,,
2026-09-18T18:50,16.4,0.0,1016.8,24.4,0.0,14.5,94.9,0.4,0.7
2026-09-18T18:55,,0.0,,,,,,,
2026-09-18T19:00,262.3,0.0,1016.8,22.1,0.0,14.6,94.6,0.8,1.7
2026-09-18T19:05,,0.0,,,,,,,
2026-09-18T19:10,204.8,0.0,1016.9,7.6,0.0,14.4,94.9,0.9,1.5
2026-09-18T19:15,,0.0,,,,,,,
2026-09-18T19:20,288.3,0.0,1016.9,1.5,0.0,14.3,93.2,1.0,1.6
2026-09-18T19:25,,0.0,,,,,,,
2026-09-18T19:30,338.0,0.0,1017.1,0.0,0.0,14.4,91.8,1.3,2.2
2026-09-18T19:35,,0.0,,,,,,,
2026-09-18T19:40,357.0,0.0,1017.4,0.0,0.0,14.2,93.2,1.0,2.8
2026-09-18T19:45,,0.0,,,,,,,
2026-09-18T19:50,323.5,0.0,1017.7,0.0,0.0,14.1,95.9,0.8,1.3
2026-09-18T19:55,,0.0,,,,,,,
2026-09-18T20:00,312.7,0.0,1017.7,0.0,0.0,14.2,94.9,0.6,1.4
2026-09-18T20:05,,0.0,,,,,,,
2026-09-18T20:10,257.0,0.0,1017.8,0.0,0.0,14.0,92.1,1.1,2.6
2026-09-18T20:15,,0.0,,,,,,,
2026-09-18T20:20,315.2,0.0,1017.9,0.0,0.0,14.0,89.1,1.4,3.5
2026-09-18T20:25,,0.1,,,,,,,
2026-09-18T20:30,328.1,0.0,1017.9,0.0,0.0,14.1,89.2,2.5,4.4
2026-09-18T20:35,,0.0,,,,,,,
2026-09-18T20:40,335.5,0.0,1018.2,0.0,0.0,13.8,93.5,1.2,2.7
2026-09-18T20:45,,0.0,,,,,,,
2026-09-18T20:50,277.6,0.0,1018.3,0.0,0.0,13.7,93.6,1.3,2.4
2026-09-18T20:55,,0.0,,,,,,,
2026-09-18T21:00,273.2,0.0,1018.3,0.0,0.0,13.9,90.0,1.1,2.7
2026-09-18T21:05,,0.0,,,,,,,
2026-09-18T21:10,349.2,0.0,1018.5,0.0,0.0,13.7,93.9,0.9,1.3
2026-09-18T21:15,,0.0,,,,,,,
2026-09-18T21:20,37.4,0.0,1019.0,0.0,0.0,12.7,97.0,1.4,2.1
2026-09-18T21:25,,0.0,,,,,,,
2026-09-18T21:30,345.0,0.0,1019.2,0.0,0.0,12.9,94.2,0.9,2.3
2026-09-18T21:35,,0.0,,,,,,,
2026-09-18T21:40,284.5,0.0,1019.4,0.0,0.0,12.9,91.0,1.4,2.5
2026-09-18T21:45,,0.0,,,,,,,
2026-09-18T21:50,93.3,0.0,1019.6,0.0,0.0,12.4,93.8,0.2,1.1
2026-09-18T21:55,,0.0,,,,,,,
2026-09-18T22:00,308.5,0.0,1019.6,0.0,0.0,12.6,90.2,2.3,4.7
2026-09-18T22:05,,0.0,,,,,,,
2026-09-18T22:10,282.5,0.0,1019.7,0.0,0.0,12.8,90.0,2.1,3.6
2026-09-18T22:15,,0.0,,,,,,,
2026-09-18T22:20,290.4,0.0,1019.8,0.0,0.0,12.9,89.1,2.0,3.3
2026-09-18T22:25,,0.0,,,,,,,
2026-09-18T22:30,351.6,0.0,1020.0,0.0,0.0,12.6,93.3,0.8,2.2
2026-09-18T22:35,,0.0,,,,,,,
2026-09-18T22:40,271.8,0.0,1020.1,0.0,0.0,12.5,90.4,1.4,2.9
2026-09-18T22:45,,0.0,,,,,,,
2026-09-18T22:50,264.4,0.0,1020.1,0.0,0.0,12.4,89.9,0.7,2.4
2026-09-18T22:55,,0.0,,,,,,,
2026-09-18T23:00,277.8,0.0,1020.2,0.0,0.0,12.6,87.6,1.9,4.2
2026-09-18T23:05,,0.0,,,,,,,
2026-09-18T23:10,282.2,0.0,1020.4,0.0,0.0,12.6,87.0,2.8,4.8
2026-09-18T23:15,,0.0,,,,,,,
2026-09-18T23:20,326.7,0.0,1020.7,0.0,0.0,11.9,94.4,1.8,2.5
2026-09-18T23:25,,0.0,,,,,,,
2026-09-18T23:30,294.1,0.0,1020.7,0.0,0.0,12.4,89.6,2.1,3.8
2026-09-18T23:35,,0.0,,,,,,,
2026-09-18T23:40,284.2,0.0,1020.8,0.0,0.0,12.2,87.7,2.5,3.4
2026-09-18T23:45,,0.0,,,,,,,
2026-09-18T23:50,273.0,0.0,1021.0,0.0,0.0,11.9,88.4,1.6,3.6
2026-09-18T23:55,,0.0,,,,,,,
2026-09-19T00:00,232.6,0.0,1021.3,0.0,0.0,11.3,93.0,0.7,1.4
2026-09-19T00:05,,0.0,,,,,,,
2026-09-19T00:10,285.9,0.0,1021.5,0.0,0.0,11.3,92.6,1.3,2.2
2026-09-19T00:15,,0.0,,,,,,,
2026-09-19T00:20,330.7,0.0,1021.7,0.0,0.0,11.2,94.7,1.1,2.0
2026-09-19T00:25,,0.0,,,,,,,
2026-09-19T00:30,281.5,0.0,1021.6,0.0,0.0,11.4,94.3,1.4,2.6
2026-09-19T00:35,,0.0,,,,,,,
2026-09-19T00:40,288.8,0.0,1021.6,0.0,0.0,11.6,89.3,1.0,3.0
2026-09-19T00:45,,0.0,,,,,,,
2026-09-19T00:50,272.8,0.0,1021.7,0.0,0.0,11.2,90.4,1.2,2.5
2026-09-19T00:55,,0.0,,,,,,,
2026-09-19T01:00,295.8,0.0,1021.8,0.0,0.0,11.3,89.3,1.8,3.8
2026-09-19T01:05,,0.0,,,,,,,
2026-09-19T01:10,305.3,0.0,1021.9,0.0,0.0,11.5,90.6,2.9,4.6
2026-09-19T01:15,,0.0,,,,,,,
2026-09-19T01:20,318.1,0.0,1022.0,0.0,0.0,11.4,93.5,2.1,4.8
2026-09-19T01:25,,0.0,,,,,,,
2026-09-19T01:30,28.4,0.0,1022.1,0.0,0.0,10.9,94.6,1.1,1.8
2026-09-19T01:35,,0.0,,,,,,,
2026-09-19T01:40,334.4,0.0,1022.3,0.0,0.0,11.0,95.0,0.9,1.8
2026-09-19T01:45,,0.0,,,,,,,
2026-09-19T01:50,23.5,0.0,1022.3,0.0,0.0,10.8,94.1,0.6,1.6
2026-09-19T01:55,,0.0,,,,,,,
2026-09-19T02:00,336.3,0.0,1022.2,0.0,0.0,11.0,89.0,0.9,2.6
2026-09-19T02:05,,0.0,,,,,,,
2026-09-19T02:10,333.6,0.0,1022.3,0.0,0.0,10.7,92.3,1.8,3.0
2026-09-19T02:15,,0.0,,,,,,,
2026-09-19T02:20,41.9,0.0,1022.2,0.0,0.0,10.8,95.2,1.0,2.1
2026-09-19T02:25,,0.0,,,,,,,
2026-09-19T02:30,316.3,0.0,1022.5,0.0,0.0,10.7,95.5,0.9,1.5
2026-09-19T02:35,,0.0,,,,,,,
2026-09-19T02:40,73.8,0.0,1022.2,0.0,0.0,10.8,93.4,1.1,2.2
2026-09-19T02:45,,0.0,,,,,,,
2026-09-19T02:50,7.5,0.0,1022.3,0.0,0.0,10.9,91.1,2.0,4.7
2026-09-19T02:55,,0.0,,,,,,,
2026-09-19T03:00,49.6,0.0,1022.4,0.0,0.0,10.9,91.5,1.7,3.9
2026-09-19T03:05,,0.0,,,,,,,
2026-09-19T03:10,39.8,0.0,1022.5,0.0,0.0,10.7,94.1,1.9,4.3
2026-09-19T03:15,,0.0,,,,,,,
2026-09-19T03:20,286.3,0.0,1022.4,0.0,0.0,11.0,91.5,1.0,3.5
2026-09-19T03:25,,0.0,,,,,,,
2026-09-19T03:30,90.9,0.0,1022.5,0.0,0.0,11.1,91.6,1.2,2.4
2026-09-19T03:35,,0.0,,,,,,,
2026-09-19T03:40,76.8,0.0,1022.6,0.0,0.0,10.8,94.0,2.1,3.3
2026-09-19T03:45,,0.0,,,,,,,
2026-09-19T03:50,107.4,0.0,1022.5,0.0,0.0,11.2,88.9,0.9,2.4
2026-09-19T03:55,,0.0,,,,,,,
2026-09-19T04:00,58.4,0.0,1022.7,0.0,0.0,10.8,93.2,1.3,2.2
2026-09-19T04:05,,0.0,,,,,,,
2026-09-19T04:10,69.7,0.0,1022.7,0.0,0.0,10.9,92.7,2.0,3.8
2026-09-19T04:15,,0.0,,,,,,,
2026-09-19T04:20,68.7,0.0,1022.8,0.0,0.0,11.0,90.5,2.6,3.8
2026-09-19T04:25,,0.0,,,,,,,
2026-09-19T04:30,54.7,0.0,1023.0,0.0,0.0,11.0,90.7,2.6,4.6
2026-09-19T04:35,,0.0,,,,,,,
2026-09-19T04:40,74.0,0.0,1023.0,0.0,0.0,11.2,88.1,3.5,5.2
2026-09-19T04:45,,0.0,,,,,,,
2026-09-19T04:50,76.6,0.0,1023.1,0.0,0.0,11.3,88.8,1.7,4.1
2026-09-19T04:55,,0.0,,,,,,,
2026-09-19T05:00,19.6,0.0,1023.0,0.0,0.0,11.1,91.6,0.5,1.6
2026-09-19T05:05,,0.0,,,,,,,
2026-09-19T05:10,67.4,0.0,1022.9,0.0,0.0,11.3,89.2,1.4,2.9
2026-09-19T05:15,,0.0,,,,,,,
2026-09-19T05:20,71.7,0.0,1023.0,0.0,0.0,11.2,89.4,2.2,3.8
2026-09-19T05:25,,0.0,,,,,,,
2026-09-19T05:30,64.9,0.0,1023.2,0.0,0.0,11.0,91.8,2.7,4.4
2026-09-19T05:35,,0.0,,,,,,,
2026-09-19T05:40,58.4,0.0,1023.2,0.0,0.0,11.3,88.1,2.4,4.6
2026-09-19T05:45,,0.0,,,,,,,
2026-09-19T05:50,85.7,0.0,1023.2,0.0,0.0,11.4,86.3,1.0,2.7
2026-09-19T05:55,,0.0,,,,,,,
2026-09-19T06:00,109.7,0.0,1023.2,0.0,0.0,11.4,86.8,1.0,1.9
2026-09-19T06:05,,0.0,,,,,,,
2026-09-19T06:10,76.5,0.0,1023.3,0.0,0.0,11.1,91.0,1.5,2.2
2026-09-19T06:15,,0.0,,,,,,,
2026-09-19T06:20,67.9,0.0,1023.3,0.0,0.0,11.2,89.1,1.4,2.5
2026-09-19T06:25,,0.0,,,,,,,
2026-09-19T06:30,31.6,0.0,1023.2,0.0,0.0,11.3,88.9,1.4,2.9
2026-09-19T06:35,,0.0,,,,,,,
2026-09-19T06:40,61.0,0.0,1023.4,0.0,0.0,11.3,87.4,2.2,3.2
2026-09-19T06:45,,0.0,,,,,,,
2026-09-19T06:50,57.1,0.0,1023.5,0.0,0.0,11.2,89.9,1.6,2.4
2026-09-19T06:55,,0.0,,,,,,,
2026-09-19T07:00,56.7,0.0,1023.6,0.0,0.0,11.1,89.2,2.3,3.3
2026-09-19T07:05,,0.0,,,,,,,
2026-09-19T07:10,73.7,0.0,1023.7,1.6,0.0,11.1,89.1,2.2,3.2
2026-09-19T07:15,,0.0,,,,,,,
2026-09-19T07:20,61.0,0.0,1023.9,4.1,0.0,11.2,89.1,2.6,3.4
2026-09-19T07:25,,0.0,,,,,,,
2026-09-19T07:30,67.5,0.0,1024.0,6.5,0.0,11.3,87.7,2.0,3.2
2026-09-19T07:35,,0.0,,,,,,,
2026-09-19T07:40,86.8,0.0,1024.0,9.9,0.0,11.4,86.4,1.6,3.2
2026-09-19T07:45,,0.0,,,,,,,
2026-09-19T07:50,45.9,0.0,1023.9,16.5,0.0,11.3,89.1,2.2,3.2
2026-09-19T07:55,,0.0,,,,,,,
2026-09-19T08:00,47.5,0.0,1024.1,25.8,0.0,11.6,84.5,2.8,5.3
2026-09-19T08:05,,0.0,,,,,,,
2026-09-19T08:10,82.6,0.0,1024.2,32.9,0.0,11.6,86.3,1.9,3.8
2026-09-19T08:15,,0.0,,,,,,,
2026-09-19T08:20,52.2,0.0,1024.2,41.4,0.0,11.6,86.7,2.6,3.5
2026-09-19T08:25,,0.0,,,,,,,
2026-09-19T08:30,29.7,0.0,1024.1,66.7,0.0,11.8,86.8,1.6,2.9
2026-09-19T08:35,,0.0,,,,,,,
2026-09-19T08:40,48.8,0.0,1024.2,79.8,0.0,12.0,85.4,2.0,3.3
2026-09-19T08:45,,0.0,,,,,,,
2026-09-19T08:50,60.0,0.0,1024.3,113.9,0.0,12.3,84.1,1.6,2.4
2026-09-19T08:55,,0.0,,,,,,,
2026-09-19T09:00,22.5,0.0,1024.2,135.7,0.0,12.5,84.6,1.5,2.8
2026-09-19T09:05,,0.0,,,,,,,
2026-09-19T09:10,51.2,0.0,1024.3,115.2,0.0,12.5,82.2,1.6,2.4
2026-09-19T09:15,,0.0,,,,,,,
2026-09-19T09:20,94.7,0.0,1024.3,153.3,215.0,12.6,80.9,1.0,2.2
2026-09-19T09:25,,0.0,,,,,,,
2026-09-19T09:30,67.6,0.0,1024.2,264.5,598.0,12.9,81.2,1.8,2.7
2026-09-19T09:35,,0.0,,,,,,,
2026-09-19T09:40,60.1,0.0,1024.0,409.8,600.0,13.4,81.5,1.5,2.6
2026-09-19T09:45,,0.0,,,,,,,
2026-09-19T09:50,27.3,0.0,1023.9,439.3,597.0,13.7,79.4,0.8,1.9
2026-09-19T09:55,,0.0,,,,,,,
2026-09-19T10:00,331.2,0.0,1023.7,468.9,600.0,14.2,79.7,0.4,1.2
2026-09-19T10:05,,0.0,,,,,,,
2026-09-19T10:10,9.8,0.0,1023.6,493.2,600.0,14.6,75.5,0.6,1.2
2026-09-19T10:15,,0.0,,,,,,,
2026-09-19T10:20,74.3,0.0,1023.4,518.6,598.0,15.1,72.1,0.9,1.8
2026-09-19T10:25,,0.0,,,,,,,
2026-09-19T10:30,88.5,0.0,1023.4,541.9,600.0,15.5,71.0,1.1,1.9
2026-09-19T10:35,,0.0,,,,,,,
2026-09-19T10:40,88.0,0.0,1023.3,563.4,600.0,15.8,67.3,1.0,1.9
2026-09-19T10:45,,0.0,,,,,,,
2026-09-19T10:50,124.1,0.0,1023.2,583.9,598.0,16.1,65.4,0.9,1.7
2026-09-19T10:55,,0.0,,,,,,,
2026-09-19T11:00,40.2,0.0,1023.1,602.8,600.0,16.3,66.0,0.7,1.9
2026-09-19T11:05,,0.0,,,,,,,
2026-09-19T11:10,38.2,0.0,1022.9,620.9,600.0,16.4,66.2,0.8,2.0
2026-09-19T11:15,,0.0,,,,,,,
2026-09-19T11:20,58.6,0.0,1022.9,638.0,597.0,16.5,65.7,1.7,2.9
2026-09-19T11:25,,0.0,,,,,,,
2026-09-19T11:30,38.7,0.0,1022.8,653.9,600.0,16.8,66.9,1.6,2.8
2026-09-19T11:35,,0.0,,,,,,,
2026-09-19T11:40,58.3,0.0,1022.8,666.6,600.0,16.8,65.1,1.5,2.4
2026-09-19T11:45,,0.0,,,,,,,
2026-09-19T11:50,90.0,0.0,1022.5,680.9,600.0,17.2,65.1,0.9,2.1
2026-09-19T11:55,,0.0,,,,,,,
2026-09-19T12:00,84.5,0.0,1022.2,690.4,599.0,17.6,65.8,1.2,3.4
2026-09-19T12:05,,0.0,,,,,,,
2026-09-19T12:10,135.8,0.0,1021.9,700.6,600.0,18.1,66.2,0.8,3.0
2026-09-19T12:15,,0.0,,,,,,,
2026-09-19T12:20,177.5,0.0,1021.9,710.9,598.0,18.6,64.8,1.1,3.1
2026-09-19T12:25,,0.0,,,,,,,
2026-09-19T12:30,192.5,0.0,1021.7,719.1,600.0,18.7,63.3,0.8,2.5
2026-09-19T12:35,,0.0,,,,,,,
2026-09-19T12:40,194.1,0.0,1021.4,725.9,600.0,19.2,63.5,1.7,3.2
2026-09-19T12:45,,0.0,,,,,,,
2026-09-19T12:50,188.2,0.0,1021.3,730.8,599.0,19.4,60.6,1.4,2.8
2026-09-19T12:55,,0.0,,,,,,,
2026-09-19T13:00,173.1,0.0,1021.3,735.0,600.0,19.3,62.0,0.6,2.0
2026-09-19T13:05,,0.0,,,,,,,
2026-09-19T13:10,271.8,0.0,1021.1,737.3,599.0,19.3,60.7,0.7,1.9
2026-09-19T13:15,,0.0,,,,,,,
2026-09-19T13:20,169.2,0.0,1020.7,739.7,599.0,19.8,59.6,1.1,3.0
2026-09-19T13:25,,0.0,,,,,,,
2026-09-19T13:30,165.7,0.0,1020.5,743.2,600.0,20.0,59.0,0.9,2.7
2026-09-19T13:35,,0.0,,,,,,,
2026-09-19T13:40,182.2,0.0,1020.2,740.5,600.0,20.4,59.0,1.0,2.9
2026-09-19T13:45,,0.0,,,,,,,
2026-09-19T13:50,153.4,0.0,1020.0,737.8,599.0,20.4,57.7,0.8,2.8
2026-09-19T13:55,,0.0,,,,,,,
2026-09-19T14:00,135.2,0.0,1020.0,734.5,600.0,20.4,57.0,0.3,2.3
2026-09-19T14:05,,0.0,,,,,,,
2026-09-19T14:10,67.8,0.0,1019.8,726.2,600.0,20.3,56.1,0.4,1.6
2026-09-19T14:15,,0.0,,,,,,,
2026-09-19T14:20,39.4,0.0,1019.6,720.3,599.0,20.5,57.3,0.7,1.7
2026-09-19T14:25,,0.0,,,,,,,
2026-09-19T14:30,18.0,0.0,1019.5,702.5,600.0,20.6,58.3,1.0,2.3
2026-09-19T14:35,,0.0,,,,,,,
2026-09-19T14:40,14.1,0.0,1019.4,338.7,383.0,20.4,58.6,0.8,2.2
2026-09-19T14:45,,0.0,,,,,,,
2026-09-19T14:50,278.6,0.0,1019.2,492.0,562.0,20.6,60.3,0.1,1.2
2026-09-19T14:55,,0.0,,,,,,,
2026-09-19T15:00,255.5,0.0,1019.1,374.3,387.0,20.6,58.6,0.6,2.1
2026-09-19T15:05,,0.0,,,,,,,
2026-09-19T15:10,26.4,0.0,1018.9,523.8,495.0,21.0,56.9,1.1,2.4
2026-09-19T15:15,,0.0,,,,,,,
2026-09-19T15:20,183.3,0.0,1019.0,304.1,325.0,20.8,55.8,0.3,0.8
2026-09-19T15:25,,0.0,,,,,,,
2026-09-19T15:30,304.3,0.0,1018.9,583.9,592.0,21.2,55.7,0.2,1.0
2026-09-19T15:35,,0.0,,,,,,,
2026-09-19T15:40,4.3,0.0,1018.8,484.4,547.0,21.4,54.7,0.6,1.1
2026-09-19T15:45,,0.0,,,,,,,
2026-09-19T15:50,23.4,0.0,1018.7,539.1,600.0,21.6,53.8,1.2,1.9
2026-09-19T15:55,,0.0,,,,,,,
2026-09-19T16:00,24.3,0.0,1018.6,520.0,600.0,21.9,52.5,0.9,2.1
2026-09-19T16:05,,0.0,,,,,,,
2026-09-19T16:10,21.9,0.0,1018.6,491.9,600.0,22.2,49.9,0.5,1.3
2026-09-19T16:15,,0.0,,,,,,,
2026-09-19T16:20,351.4,0.0,1018.6,440.4,565.0,22.0,49.7,0.6,1.5
2026-09-19T16:25,,0.0,,,,,,,
2026-09-19T16:30,45.6,0.0,1018.6,465.2,599.0,22.1,51.2,1.6,2.4
2026-09-19T16:35,,0.0,,,,,,,
2026-09-19T16:40,31.6,0.0,1018.6,429.9,597.0,21.9,53.6,1.9,2.6
2026-09-19T16:45,,0.0,,,,,,,
2026-09-19T16:50,67.7,0.0,1018.7,422.4,600.0,21.8,54.0,1.9,3.0
2026-09-19T16:55,,0.0,,,,,,,
2026-09-19T17:00,62.9,0.0,1018.9,382.4,597.0,20.9,59.1,2.2,3.8
2026-09-19T17:05,,0.0,,,,,,,
2026-09-19T17:10,52.1,0.0,1019.0,349.3,598.0,20.7,61.1,2.8,3.7
2026-09-19T17:15,,0.0,,,,,,,
2026-09-19T17:20,54.0,0.0,1019.0,287.7,429.0,20.7,61.1,1.8,3.2
2026-09-19T17:25,,0.0,,,,,,,
2026-09-19T17:30,62.6,0.0,1019.1,260.8,56.0,20.4,61.9,1.2,2.5
2026-09-19T17:35,,0.0,,,,,,,
2026-09-19T17:40,41.8,0.0,1019.2,253.8,600.0,20.0,62.5,0.9,1.8
2026-09-19T17:45,,0.0,,,,,,,
2026-09-19T17:50,348.3,0.0,1019.3,227.7,570.0,20.0,60.8,0.4,2.2
2026-09-19T17:55,,0.0,,,,,,,
2026-09-19T18:00,253.5,0.0,1019.3,99.0,117.0,19.8,61.8,1.3,2.9
2026-09-19T18:05,,0.0,,,,,,,
2026-09-19T18:10,246.0,0.0,1019.7,68.4,0.0,18.8,67.8,1.0,2.9
2026-09-19T18:15,,0.0,,,,,,,
2026-09-19T18:20,288.6,0.0,1019.9,122.7,509.0,18.8,64.7,1.9,3.8
2026-09-19T18:25,,0.0,,,,,,,
2026-09-19T18:30,306.7,0.0,1020.2,44.3,0.0,18.3,66.1,2.8,4.5
2026-09-19T18:35,,0.0,,,,,,,
2026-09-19T18:40,301.4,0.0,1020.5,32.0,0.0,17.9,67.3,3.6,6.3
2026-09-19T18:45,,0.0,,,,,,,
2026-09-19T18:50,294.8,0.0,1020.6,23.7,0.0,17.7,66.8,4.0,6.0
2026-09-19T18:55,,0.0,,,,,,,
2026-09-19T19:00,305.6,0.0,1020.9,15.4,0.0,17.3,68.6,3.6,6.4
2026-09-19T19:05,,0.0,,,,,,,
2026-09-19T19:10,359.7,0.0,1021.2,6.2,0.0,17.0,68.8,0.8,2.9
2026-09-19T19:15,,0.0,,,,,,,
2026-09-19T19:20,31.4,0.0,1021.5,0.4,0.0,16.7,69.8,1.1,3.0
2026-09-19T19:25,,0.0,,,,,,,
2026-09-19T19:30,359.2,0.0,1021.9,0.0,0.0,16.0,73.1,1.7,4.0
2026-09-19T19:35,,0.0,,,,,,,
2026-09-19T19:40,319.1,0.0,1022.2,0.0,0.0,15.3,77.8,2.0,4.0
2026-09-19T19:45,,0.0,,,,,,,
2026-09-19T19:50,355.7,0.0,1022.4,0.0,0.0,15.5,75.5,1.3,2.6
2026-09-19T19:55,,0.0,,,,,,,
2026-09-19T20:00,345.0,0.0,1022.7,0.0,0.0,15.6,73.8,1.1,2.4
2026-09-19T20:05,,0.0,,,,,,,
2026-09-19T20:10,316.9,0.0,1022.8,0.0,0.0,15.6,72.2,2.4,3.9
2026-09-19T20:15,,0.0,,,,,,,
2026-09-19T20:20,297.4,0.0,1023.3,0.0,0.0,15.1,76.0,1.7,3.7
2026-09-19T20:25,,0.0,,,,,,,
2026-09-19T20:30,331.0,0.0,1023.6,0.0,0.0,14.5,79.0,1.0,3.8
2026-09-19T20:35,,0.0,,,,,,,
2026-09-19T20:40,345.7,0.0,1023.4,0.0,0.0,15.4,72.5,0.9,3.1
2026-09-19T20:45,,0.0,,,,,,,
2026-09-19T20:50,300.1,0.0,1023.7,0.0,0.0,15.3,72.3,1.2,3.1
2026-09-19T20:55,,0.0,,,,,,,
2026-09-19T21:00,350.2,0.0,1024.0,0.0,0.0,15.0,73.8,0.8,2.4
2026-09-19T21:05,,0.0,,,,,,,
2026-09-19T21:10,8.7,0.0,1024.3,0.0,0.0,14.3,79.1,1.5,3.8
2026-09-19T21:15,,0.0,,,,,,,
2026-09-19T21:20,317.0,0.0,1024.3,0.0,0.0,14.3,78.2,2.3,4.8
2026-09-19T21:25,,0.0,,,,,,,
2026-09-19T21:30,310.6,0.0,1024.5,0.0,0.0,13.9,81.3,1.2,2.3
2026-09-19T21:35,,0.0,,,,,,,
2026-09-19T21:40,272.1,0.0,1024.7,0.0,0.0,14.0,78.9,0.4,2.3
2026-09-19T21:45,,0.0,,,,,,,
2026-09-19T21:50,77.6,0.0,1025.0,0.0,0.0,14.0,79.0,1.3,2.2
2026-09-19T21:55,,0.0,,,,,,,
2026-09-19T22:00,100.3,0.0,1025.2,0.0,0.0,13.6,80.9,0.9,1.9
2026-09-19T22:05,,0.0,,,,,,,
2026-09-19T22:10,132.4,0.0,1025.7,0.0,0.0,12.8,86.2,0.4,1.2
2026-09-19T22:15,,0.0,,,,,,,
2026-09-19T22:20,46.1,0.0,1026.1,0.0,0.0,12.1,89.8,1.1,2.1
2026-09-19T22:25,,0.0,,,,,,,
2026-09-19T22:30,42.4,0.0,1026.3,0.0,0.0,12.1,88.3,1.6,3.7
2026-09-19T22:35,,0.0,,,,,,,
2026-09-19T22:40,55.4,0.0,1026.0,0.0,0.0,13.1,82.1,0.8,2.1
2026-09-19T22:45,,0.0,,,,,,,
2026-09-19T22:50,2.7,0.0,1026.2,0.0,0.0,12.5,84.8,0.6,2.0
2026-09-19T22:55,,0.0,,,,,,,
2026-09-19T23:00,338.2,0.0,1026.6,0.0,0.0,11.7,88.5,0.4,1.2
2026-09-19T23:05,,0.0,,,,,,,
2026-09-19T23:10,7.6,0.0,1026.7,0.0,0.0,11.8,89.3,0.9,1.9
2026-09-19T23:15,,0.0,,,,,,,
2026-09-19T23:20,346.0,0.0,1026.7,0.0,0.0,11.9,88.5,0.8,1.4
2026-09-19T23:25,,0.0,,,,,,,
2026-09-19T23:30,329.8,0.0,1026.7,0.0,0.0,12.1,87.3,0.5,1.8
2026-09-19T23:35,,0.0,,,,,,,
2026-09-19T23:40,284.4,0.0,1026.9,0.0,0.0,11.8,87.4,0.5,2.3
2026-09-19T23:45,,0.0,,,,,,,
2026-09-19T23:50,342.5,0.0,1026.6,0.0,0.0,12.6,82.6,0.7,2.5
2026-09-19T23:55,,0.0,,,,,,,
2026-09-20T00:00,346.5,0.0,1026.9,0.0,0.0,12.0,86.8,0.5,1.6
2026-09-20T00:05,,0.0,,,,,,,
2026-09-20T00:10,18.3,0.0,1027.1,0.0,0.0,11.4,89.9,0.8,1.3
2026-09-20T00:15,,0.0,,,,,,,
2026-09-20T00:20,15.9,0.0,1027.4,0.0,0.0,10.6,93.4,1.0,1.6
2026-09-20T00:25,,0.0,,,,,,,
2026-09-20T00:30,286.0,0.0,1027.2,0.0,0.0,11.2,91.4,0.8,1.7
2026-09-20T00:35,,0.0,,,,,,,
2026-09-20T00:40,41.3,0.0,1026.9,0.0,0.0,11.9,85.7,0.9,2.8
2026-09-20T00:45,,0.0,,,,,,,
2026-09-20T00:50,29.7,0.0,1027.0,0.0,0.0,11.7,86.0,0.7,2.1
2026-09-20T00:55,,0.0,,,,,,,
2026-09-20T01:00,160.2,0.0,1027.5,0.0,0.0,10.9,90.8,0.4,1.1
2026-09-20T01:05,,0.0,,,,,,,
2026-09-20T01:10,249.1,0.0,1027.8,0.0,0.0,10.5,93.1,0.2,1.0
2026-09-20T01:15,,0.0,,,,,,,
2026-09-20T01:20,58.9,0.0,1027.8,0.0,0.0,10.7,92.5,0.8,1.2
2026-09-20T01:25,,0.0,,,,,,,
2026-09-20T01:30,310.8,0.0,1028.2,0.0,0.0,10.0,94.1,0.4,0.9
2026-09-20T01:35,,0.0,,,,,,,
2026-09-20T01:40,17.5,0.0,1028.3,0.0,0.0,9.9,95.4,0.5,0.8
2026-09-20T01:45,,0.0,,,,,,,
2026-09-20T01:50,38.8,0.0,1028.3,0.0,0.0,10.0,93.9,0.6,1.4
2026-09-20T01:55,,0.0,,,,,,,
2026-09-20T02:00,2.1,0.0,1028.4,0.0,0.0,9.7,95.5,0.8,1.1
2026-09-20T02:05,,0.0,,,,,,,
2026-09-20T02:10,21.6,0.0,1028.3,0.0,0.0,9.5,95.8,1.3,2.2
2026-09-20T02:15,,0.0,,,,,,,
2026-09-20T02:20,37.6,0.0,1028.0,0.0,0.0,10.4,92.0,1.6,2.8
2026-09-20T02:25,,0.0,,,,,,,
2026-09-20T02:30,52.3,0.0,1028.2,0.0,0.0,9.8,93.9,1.0,1.7
2026-09-20T02:35,,0.0,,,,,,,
2026-09-20T02:40,57.9,0.0,1027.9,0.0,0.0,10.3,91.3,1.7,2.7
2026-09-20T02:45,,0.0,,,,,,,
2026-09-20T02:50,359.4,0.0,1028.2,0.0,0.0,9.8,93.8,0.7,2.9
2026-09-20T02:55,,0.0,,,,,,,
2026-09-20T03:00,197.6,0.0,1028.3,0.0,0.0,9.7,94.4,0.7,1.4
2026-09-20T03:05,,0.0,,,,,,,
2026-09-20T03:10,188.3,0.0,1028.5,0.0,0.0,9.5,95.5,0.5,1.3
2026-09-20T03:15,,0.0,,,,,,,
2026-09-20T03:20,212.7,0.0,1028.7,0.0,0.0,9.6,95.4,1.0,1.9
2026-09-20T03:25,,0.0,,,,,,,
2026-09-20T03:30,259.7,0.0,1028.8,0.0,0.0,9.3,96.1,0.3,0.8
2026-09-20T03:35,,0.0,,,,,,,
2026-09-20T03:40,254.7,0.0,1028.9,0.0,0.0,9.2,96.9,0.6,0.8
2026-09-20T03:45,,0.0,,,,,,,
2026-09-20T03:50,69.4,0.0,1029.0,0.0,0.0,8.7,97.5,0.7,1.9
2026-09-20T03:55,,0.0,,,,,,,
2026-09-20T04:00,59.2,0.0,1029.3,0.0,0.0,8.4,98.2,0.7,1.7
2026-09-20T04:05,,0.0,,,,,,,
2026-09-20T04:10,3.3,0.0,1029.2,0.0,0.0,8.4,98.2,0.9,1.4
2026-09-20T04:15,,0.0,,,,,,,
2026-09-20T04:20,322.8,0.0,1029.1,0.0,0.0,8.8,97.7,0.7,1.3
2026-09-20T04:25,,0.0,,,,,,,
2026-09-20T04:30,8.4,0.0,1029.1,0.0,0.0,8.5,97.7,0.1,1.1
2026-09-20T04:35,,0.0,,,,,,,
2026-09-20T04:40,315.0,0.0,1029.0,0.0,0.0,8.6,97.4,0.3,1.0
2026-09-20T04:45,,0.0,,,,,,,
2026-09-20T04:50,76.2,0.0,1029.1,0.0,0.0,8.4,96.8,1.0,1.9
2026-09-20T04:55,,0.0,,,,,,,
2026-09-20T05:00,290.3,0.0,1029.2,0.0,0.0,8.0,97.5,0.6,1.3
2026-09-20T05:05,,0.0,,,,,,,
2026-09-20T05:10,67.4,0.0,1029.0,0.0,0.0,8.5,96.9,0.2,1.3
2026-09-20T05:15,,0.0,,,,,,,
2026-09-20T05:20,208.9,0.0,1029.1,0.0,0.0,8.3,97.4,0.5,0.9
2026-09-20T05:25,,0.0,,,,,,,
2026-09-20T05:30,225.0,0.0,1029.4,0.0,0.0,8.0,97.9,0.5,0.8
2026-09-20T05:35,,0.0,,,,,,,
2026-09-20T05:40,201.4,0.0,1029.4,0.0,0.0,8.2,98.1,0.4,0.9
2026-09-20T05:45,,0.0,,,,,,,
2026-09-20T05:50,355.4,0.0,1029.6,0.0,0.0,7.9,98.1,0.4,1.1
2026-09-20T05:55,,0.0,,,,,,,
2026-09-20T06:00,54.2,0.0,1029.6,0.0,0.0,7.6,98.5,0.3,1.0
2026-09-20T06:05,,0.0,,,,,,,
2026-09-20T06:10,0.3,0.0,1029.6,0.0,0.0,7.7,98.2,0.2,1.1
2026-09-20T06:15,,0.0,,,,,,,
2026-09-20T06:20,59.8,0.0,1029.6,0.0,0.0,7.5,98.6,0.7,1.2
2026-09-20T06:25,,0.0,,,,,,,
2026-09-20T06:30,304.9,0.0,1029.5,0.0,0.0,7.4,98.7,0.2,0.5
2026-09-20T06:35,,0.0,,,,,,,
2026-09-20T06:40,187.8,0.0,1029.4,0.0,0.0,7.6,98.8,0.4,1.3
2026-09-20T06:45,,0.0,,,,,,,
2026-09-20T06:50,231.9,0.0,1029.5,0.3,0.0,7.7,98.5,0.4,0.9
2026-09-20T06:55,,0.0,,,,,,,
2026-09-20T07:00,194.0,0.0,1029.6,0.4,0.0,7.6,98.6,0.6,1.3
2026-09-20T07:05,,0.0,,,,,,,
2026-09-20T07:10,67.3,0.0,1029.8,3.4,0.0,7.2,98.8,0.3,1.5
2026-09-20T07:15,,0.0,,,,,,,
2026-09-20T07:20,350.1,0.0,1029.9,7.9,0.0,7.3,99.3,0.5,1.2
2026-09-20T07:25,,0.0,,,,,,,
2026-09-20T07:30,73.0,0.0,1029.8,10.4,0.0,7.5,98.8,0.4,1.4
2026-09-20T07:35,,0.0,,,,,,,
2026-09-20T07:40,54.1,0.0,1029.8,14.3,0.0,7.6,97.9,0.8,1.6
2026-09-20T07:45,,0.0,,,,,,,
2026-09-20T07:50,341.1,0.0,1030.0,19.3,0.0,7.4,98.5,1.2,1.5
2026-09-20T07:55,,0.0,,,,,,,
2026-09-20T08:00,31.9,0.0,1029.6,23.6,0.0,8.4,97.1,0.7,1.6
2026-09-20T08:05,,0.0,,,,,,,
2026-09-20T08:10,56.4,0.0,1029.4,27.8,0.0,8.7,94.8,1.1,1.9
2026-09-20T08:15,,0.0,,,,,,,
2026-09-20T08:20,18.3,0.0,1029.6,31.7,0.0,8.3,97.3,1.1,1.7
2026-09-20T08:25,,0.0,,,,,,,
2026-09-20T08:30,31.5,0.0,1029.3,32.8,0.0,8.7,95.9,0.9,2.5
2026-09-20T08:35,,0.0,,,,,,,
2026-09-20T08:40,71.4,0.0,1029.2,37.6,0.0,9.1,94.1,1.0,2.5
2026-09-20T08:45,,0.0,,,,,,,
2026-09-20T08:50,1.4,0.0,1029.3,52.7,0.0,8.8,95.9,0.5,1.4
2026-09-20T08:55,,0.0,,,,,,,
2026-09-20T09:00,281.8,0.0,1029.1,64.2,0.0,9.0,96.3,0.4,0.7
2026-09-20T09:05,,0.0,,,,,,,
2026-09-20T09:10,181.2,0.0,1029.1,89.0,107.0,9.2,96.2,0.3,1.7
2026-09-20T09:15,,0.0,,,,,,,
2026-09-20T09:20,186.5,0.0,1029.0,235.6,441.0,9.7,96.1,1.1,1.7
2026-09-20T09:25,,0.0,,,,,,,
2026-09-20T09:30,184.0,0.0,1028.6,393.2,600.0,10.7,92.8,1.0,1.7
2026-09-20T09:35,,0.0,,,,,,,
2026-09-20T09:40,185.7,0.0,1028.5,354.2,599.0,11.3,89.3,1.0,1.6
2026-09-20T09:45,,0.0,,,,,,,
2026-09-20T09:50,163.9,0.0,1028.2,343.1,600.0,12.0,88.4,0.7,1.5
2026-09-20T09:55,,0.0,,,,,,,
2026-09-20T10:00,174.4,0.0,1027.8,490.4,596.0,12.8,84.1,0.7,1.7
2026-09-20T10:05,,0.0,,,,,,,
2026-09-20T10:10,174.5,0.0,1027.5,506.8,600.0,13.5,82.1,1.1,2.6
2026-09-20T10:15,,0.0,,,,,,,
2026-09-20T10:20,177.8,0.0,1027.3,392.1,600.0,13.8,79.4,0.5,1.5
2026-09-20T10:25,,0.0,,,,,,,
2026-09-20T10:30,68.1,0.0,1027.5,405.4,600.0,13.5,82.6,1.5,2.6
2026-09-20T10:35,,0.0,,,,,,,
2026-09-20T10:40,33.4,0.0,1027.4,426.6,600.0,13.7,81.2,1.0,1.4
2026-09-20T10:45,,0.0,,,,,,,
2026-09-20T10:50,39.8,0.0,1026.9,546.9,600.0,14.3,79.3,0.8,1.7
2026-09-20T10:55,,0.0,,,,,,,
2026-09-20T11:00,99.8,0.0,1026.6,561.1,597.0,14.8,75.0,0.7,1.7
2026-09-20T11:05,,0.0,,,,,,,
2026-09-20T11:10,9.8,0.0,1026.2,613.2,600.0,15.7,72.7,0.2,1.1
2026-09-20T11:15,,0.0,,,,,,,
2026-09-20T11:20,75.4,0.0,1025.9,614.7,598.0,16.0,70.9,0.7,1.8
2026-09-20T11:25,,0.0,,,,,,,
2026-09-20T11:30,36.1,0.0,1025.5,640.1,600.0,16.3,72.4,1.3,1.9
2026-09-20T11:35,,0.0,,,,,,,
2026-09-20T11:40,2.7,0.0,1025.2,643.2,600.0,16.6,70.5,0.9,1.7
2026-09-20T11:45,,0.0,,,,,,,
2026-09-20T11:50,225.7,0.0,1025.0,658.2,597.0,17.2,66.8,0.5,1.5
2026-09-20T11:55,,0.0,,,,,,,
2026-09-20T12:00,340.8,0.0,1024.9,663.2,600.0,17.6,66.0,0.7,1.6
2026-09-20T12:05,,0.0,,,,,,,
2026-09-20T12:10,126.6,0.0,1024.5,684.7,599.0,18.1,62.2,0.4,1.6
2026-09-20T12:15,,0.0,,,,,,,
2026-09-20T12:20,29.8,0.0,1024.1,698.9,600.0,18.4,64.6,0.8,2.2
2026-09-20T12:25,,0.0,,,,,,,
2026-09-20T12:30,19.0,0.0,1023.9,707.3,600.0,18.7,62.3,0.5,1.5
2026-09-20T12:35,,0.0,,,,,,,
2026-09-20T12:40,107.7,0.0,1023.7,697.7,597.0,19.2,61.3,0.6,1.5
2026-09-20T12:45,,0.0,,,,,,,
2026-09-20T12:50,40.5,0.0,1023.4,704.6,600.0,19.5,61.9,0.9,1.9
2026-09-20T12:55,,0.0,,,,,,,
2026-09-20T13:00,348.8,0.0,1023.3,719.5,600.0,19.6,59.9,0.9,2.0
2026-09-20T13:05,,0.0,,,,,,,
2026-09-20T13:10,356.6,0.0,1022.9,711.1,600.0,19.9,60.1,0.7,2.3
2026-09-20T13:15,,0.0,,,,,,,
2026-09-20T13:20,354.8,0.0,1022.7,718.2,600.0,20.3,60.0,1.2,2.0
2026-09-20T13:25,,0.0,,,,,,,
2026-09-20T13:30,324.6,0.0,1022.3,725.2,600.0,20.4,57.1,0.9,1.8
2026-09-20T13:35,,0.0,,,,,,,
2026-09-20T13:40,328.2,0.0,1022.1,667.3,599.0,20.7,56.9,0.9,1.7
2026-09-20T13:45,,0.0,,,,,,,
2026-09-20T13:50,303.5,0.0,1021.9,716.4,598.0,20.9,55.4,0.8,1.5
2026-09-20T13:55,,0.0,,,,,,,
2026-09-20T14:00,221.4,0.0,1021.4,694.6,600.0,21.5,56.0,0.5,1.4
2026-09-20T14:05,,0.0,,,,,,,
2026-09-20T14:10,256.3,0.0,1021.1,633.3,599.0,21.8,55.0,0.7,2.4
2026-09-20T14:15,,0.0,,,,,,,
2026-09-20T14:20,237.4,0.0,1020.8,639.9,600.0,22.3,57.2,1.1,2.4
2026-09-20T14:25,,0.0,,,,,,,
2026-09-20T14:30,35.2,0.0,1020.7,581.9,598.0,22.0,51.5,0.7,1.4
2026-09-20T14:35,,0.0,,,,,,,
2026-09-20T14:40,47.7,0.0,1020.4,607.9,600.0,22.3,51.8,1.2,2.1
2026-09-20T14:45,,0.0,,,,,,,
2026-09-20T14:50,6.6,0.0,1020.3,400.7,597.0,22.3,54.8,1.0,1.9
2026-09-20T14:55,,0.0,,,,,,,
2026-09-20T15:00,338.0,0.0,1020.4,420.0,598.0,22.2,53.6,0.8,1.2
2026-09-20T15:05,,0.0,,,,,,,
2026-09-20T15:10,60.9,0.0,1020.1,480.5,600.0,22.5,52.9,0.9,1.5
2026-09-20T15:15,,0.0,,,,,,,
2026-09-20T15:20,254.1,0.0,1019.7,599.7,600.0,22.8,52.7,0.2,1.1
2026-09-20T15:25,,0.0,,,,,,,
2026-09-20T15:30,233.0,0.0,1019.4,573.6,600.0,23.0,52.5,0.4,1.4
2026-09-20T15:35,,0.0,,,,,,,
2026-09-20T15:40,227.6,0.0,1019.3,504.9,600.0,23.0,54.9,0.4,1.5
2026-09-20T15:45,,0.0,,,,,,,
2026-09-20T15:50,256.8,0.0,1019.1,533.1,597.0,23.3,53.0,1.2,2.3
2026-09-20T15:55,,0.0,,,,,,,
2026-09-20T16:00,235.8,0.0,1019.0,442.3,600.0,23.3,52.9,1.2,1.8
2026-09-20T16:05,,0.0,,,,,,,
2026-09-20T16:10,252.7,0.0,1018.9,477.0,600.0,23.3,54.1,1.1,1.8
2026-09-20T16:15,,0.0,,,,,,,
2026-09-20T16:20,249.9,0.0,1018.6,442.2,598.0,23.5,53.1,0.8,1.6
2026-09-20T16:25,,0.0,,,,,,,
2026-09-20T16:30,247.7,0.0,1018.6,282.2,536.0,23.5,55.5,1.3,1.6
2026-09-20T16:35,,0.0,,,,,,,
2026-09-20T16:40,263.2,0.0,1018.8,403.6,600.0,22.8,59.7,1.5,2.1
2026-09-20T16:45,,0.0,,,,,,,
2026-09-20T16:50,241.2,0.0,1018.7,338.8,600.0,23.0,59.5,1.5,2.0
2026-09-20T16:55,,0.0,,,,,,,
2026-09-20T17:00,252.7,0.0,1018.8,150.2,401.0,22.2,63.9,1.3,2.2
2026-09-20T17:05,,0.0,,,,,,,
2026-09-20T17:10,274.7,0.0,1019.0,221.4,449.0,21.6,64.9,2.3,3.2
2026-09-20T17:15,,0.0,,,,,,,
2026-09-20T17:20,253.8,0.0,1019.0,227.8,475.0,21.7,65.2,1.3,2.7
2026-09-20T17:25,,0.0,,,,,,,
2026-09-20T17:30,291.7,0.0,1019.2,163.2,0.0,21.5,63.3,2.5,3.9
2026-09-20T17:35,,0.0,,,,,,,
2026-09-20T17:40,309.3,0.0,1019.3,147.5,433.0,21.2,63.2,2.5,3.9
2026-09-20T17:45,,0.0,,,,,,,
2026-09-20T17:50,281.4,0.0,1019.3,106.7,472.0,21.2,62.0,2.5,3.5
2026-09-20T17:55,,0.0,,,,,,,
2026-09-20T18:00,288.5,0.0,1019.5,74.6,0.0,20.7,64.8,1.8,3.2
2026-09-20T18:05,,0.0,,,,,,,
2026-09-20T18:10,307.8,0.0,1019.7,68.4,0.0,20.0,67.8,3.2,4.8
2026-09-20T18:15,,0.0,,,,,,,
2026-09-20T18:20,303.2,0.0,1019.8,56.6,0.0,19.9,67.1,3.1,5.5
2026-09-20T18:25,,0.0,,,,,,,
2026-09-20T18:30,311.4,0.0,1020.0,36.3,0.0,20.1,64.9,1.8,5.3
2026-09-20T18:35,,0.0,,,,,,,
2026-09-20T18:40,287.1,0.0,1020.2,21.9,0.0,19.7,67.1,4.1,5.9
2026-09-20T18:45,,0.0,,,,,,,
2026-09-20T18:50,310.7,0.0,1020.5,13.2,0.0,19.1,71.1,2.9,5.1
2026-09-20T18:55,,0.0,,,,,,,
2026-09-20T19:00,288.7,0.0,1020.8,5.9,0.0,18.6,73.1,1.3,2.7
2026-09-20T19:05,,0.0,,,,,,,
2026-09-20T19:10,303.0,0.0,1020.7,0.6,0.0,19.1,68.8,0.1,2.1
2026-09-20T19:15,,0.0,,,,,,,
2026-09-20T19:20,291.9,0.0,1021.0,0.0,0.0,18.3,74.4,1.3,2.2
2026-09-20T19:25,,0.0,,,,,,,
2026-09-20T19:30,27.7,0.0,1020.9,0.0,0.0,18.6,70.7,0.4,2.1
2026-09-20T19:35,,0.0,,,,,,,
2026-09-20T19:40,320.3,0.0,1021.3,0.0,0.0,18.0,73.6,2.2,4.0
2026-09-20T19:45,,0.0,,,,,,,
2026-09-20T19:50,335.9,0.0,1021.5,0.0,0.0,17.2,79.2,2.1,3.5
2026-09-20T19:55,,0.0,,,,,,,
2026-09-20T20:00,338.5,0.0,1021.8,0.0,0.0,16.9,79.6,1.5,2.5
2026-09-20T20:05,,0.0,,,,,,,
2026-09-20T20:10,333.7,0.0,1022.0,0.0,0.0,16.3,83.0,1.3,1.9
2026-09-20T20:15,,0.0,,,,,,,
2026-09-20T20:20,322.9,0.0,1021.9,0.0,0.0,17.0,76.6,0.6,2.0
2026-09-20T20:25,,0.0,,,,,,,
2026-09-20T20:30,327.5,0.0,1022.2,0.0,0.0,16.8,76.0,1.4,3.0
2026-09-20T20:35,,0.0,,,,,,,
2026-09-20T20:40,334.5,0.0,1022.4,0.0,0.0,16.3,80.1,1.7,3.4
2026-09-20T20:45,,0.0,,,,,,,
2026-09-20T20:50,345.7,0.0,1022.4,0.0,0.0,16.3,80.4,1.5,4.0
2026-09-20T20:55,,0.0,,,,,,,
2026-09-20T21:00,20.3,0.0,1022.9,0.0,0.0,15.8,83.2,1.5,3.4
2026-09-20T21:05,,0.0,,,,,,,
2026-09-20T21:10,313.4,0.0,1023.0,0.0,0.0,15.9,81.1,1.9,3.6
2026-09-20T21:15,,0.0,,,,,,,
2026-09-20T21:20,18.5,0.0,1023.2,0.0,0.0,15.7,80.8,1.3,3.4
2026-09-20T21:25,,0.0,,,,,,,
2026-09-20T21:30,346.4,0.0,1023.5,0.0,0.0,15.6,81.6,1.1,2.1
2026-09-20T21:35,,0.0,,,,,,,
2026-09-20T21:40,11.7,0.0,1024.0,0.0,0.0,14.9,84.7,0.8,2.2
2026-09-20T21:45,,0.0,,,,,,,
2026-09-20T21:50,328.0,0.0,1024.1,0.0,0.0,14.7,84.7,0.5,2.1
2026-09-20T21:55,,0.0,,,,,,,
2026-09-20T22:00,353.8,0.0,1024.2,0.0,0.0,14.4,87.1,0.9,2.6
2026-09-20T22:05,,0.0,,,,,,,
2026-09-20T22:10,311.8,0.0,1024.1,0.0,0.0,14.8,84.9,1.0,1.9
2026-09-20T22:15,,0.0,,,,,,,
2026-09-20T22:20,150.4,0.0,1024.1,0.0,0.0,14.9,83.5,0.2,1.6
2026-09-20T22:25,,0.0,,,,,,,
2026-09-20T22:30,96.2,0.0,1024.2,0.0,0.0,14.5,85.3,0.3,2.5
2026-09-20T22:35,,0.0,,,,,,,
2026-09-20T22:40,171.4,0.0,1024.4,0.0,0.0,14.0,89.3,0.5,1.3
2026-09-20T22:45,,0.0,,,,,,,
2026-09-20T22:50,220.8,0.0,1024.8,0.0,0.0,13.5,91.2,0.4,1.7
2026-09-20T22:55,,0.0,,,,,,,
2026-09-20T23:00,205.2,0.0,1024.9,0.0,0.0,13.7,90.9,0.6,1.5
2026-09-20T23:05,,0.0,,,,,,,
2026-09-20T23:10,129.9,0.0,1025.0,0.0,0.0,13.7,91.9,0.2,0.9
2026-09-20T23:15,,0.0,,,,,,,
2026-09-20T23:20,201.4,0.0,1025.0,0.0,0.0,13.6,92.5,0.8,2.1
2026-09-20T23:25,,0.0,,,,,,,
2026-09-20T23:30,192.1,0.0,1025.1,0.0,0.0,13.6,92.5,0.2,1.6
2026-09-20T23:35,,0.0,,,,,,,
2026-09-20T23:40,41.2,0.0,1025.2,0.0,0.0,13.5,93.2,0.9,2.1
2026-09-20T23:45,,0.0,,,,,,,
2026-09-20T23:50,209.0,0.0,1025.2,0.0,0.0,13.5,93.1,0.4,1.3
2026-09-20T23:55,,0.0,,,,,,,
2026-09-21T00:00,172.9,0.0,1025.2,0.0,0.0,13.5,92.9,0.6,1.3
2026-09-21T00:05,,0.0,,,,,,,
2026-09-21T00:10,20.6,0.0,1025.1,0.0,0.0,13.5,93.0,0.3,1.9
2026-09-21T00:15,,0.0,,,,,,,
2026-09-21T00:20,45.7,0.0,1025.2,0.0,0.0,13.3,94.2,1.4,2.3
2026-09-21T00:25,,0.0,,,,,,,
2026-09-21T00:30,358.8,0.0,1025.0,0.0,0.0,13.2,95.2,1.0,2.2
2026-09-21T00:35,,0.0,,,,,,,
2026-09-21T00:40,145.4,0.0,1024.8,0.0,0.0,13.4,94.0,0.3,2.2
2026-09-21T00:45,,0.0,,,,,,,
2026-09-21T00:50,227.7,0.0,1024.8,0.0,0.0,13.4,93.3,0.9,1.9
2026-09-21T00:55,,0.0,,,,,,,
2026-09-21T01:00,94.8,0.0,1025.2,0.0,0.0,13.2,93.8,0.4,1.8
2026-09-21T01:05,,0.0,,,,,,,
2026-09-21T01:10,331.6,0.0,1025.1,0.0,0.0,13.0,94.8,0.4,0.8
2026-09-21T01:15,,0.0,,,,,,,
2026-09-21T01:20,70.7,0.0,1025.1,0.0,0.0,13.0,95.1,0.5,1.4
2026-09-21T01:25,,0.0,,,,,,,
2026-09-21T01:30,196.2,0.0,1025.1,0.0,0.0,13.0,94.2,1.5,3.3
2026-09-21T01:35,,0.0,,,,,,,
2026-09-21T01:40,225.4,0.0,1025.2,0.0,0.0,12.9,94.5,1.3,2.1
2026-09-21T01:45,,0.0,,,,,,,
2026-09-21T01:50,173.3,0.0,1025.4,0.0,0.0,12.7,95.1,0.4,1.3
2026-09-21T01:55,,0.0,,,,,,,
2026-09-21T02:00,226.9,0.0,1025.5,0.0,0.0,12.4,95.5,0.7,1.6
2026-09-21T02:05,,0.0,,,,,,,
2026-09-21T02:10,234.8,0.0,1025.5,0.0,0.0,12.5,95.1,1.3,2.5
2026-09-21T02:15,,0.0,,,,,,,
2026-09-21T02:20,187.6,0.0,1025.5,0.0,0.0,12.5,94.7,0.7,1.5
2026-09-21T02:25,,0.0,,,,,,,
2026-09-21T02:30,206.7,0.0,1025.6,0.0,0.0,12.2,95.5,0.5,1.7
2026-09-21T02:35,,0.0,,,,,,,
2026-09-21T02:40,24.7,0.0,1025.6,0.0,0.0,11.9,95.9,0.2,1.6
2026-09-21T02:45,,0.0,,,,,,,
2026-09-21T02:50,58.0,0.0,1025.7,0.0,0.0,12.0,95.7,0.7,1.3
2026-09-21T02:55,,0.0,,,,,,,
2026-09-21T03:00,235.6,0.0,1025.7,0.0,0.0,11.5,96.7,0.8,1.3
2026-09-21T03:05,,0.0,,,,,,,
2026-09-21T03:10,181.5,0.0,1025.7,0.0,0.0,11.3,97.0,0.7,1.7
2026-09-21T03:15,,0.0,,,,,,,
2026-09-21T03:20,112.6,0.0,1025.8,0.0,0.0,11.2,97.6,0.8,1.6
2026-09-21T03:25,,0.0,,,,,,,
2026-09-21T03:30,20.8,0.0,1025.9,0.0,0.0,10.9,97.7,1.1,2.2
2026-09-21T03:35,,0.0,,,,,,,
2026-09-21T03:40,346.7,0.0,1025.7,0.0,0.0,11.2,97.1,0.8,2.2
2026-09-21T03:45,,0.0,,,,,,,
2026-09-21T03:50,153.6,0.0,1025.6,0.0,0.0,11.1,97.5,0.4,1.4
2026-09-21T03:55,,0.0,,,,,,,
2026-09-21T04:00,216.8,0.0,1025.8,0.0,0.0,10.9,97.5,0.8,2.2
2026-09-21T04:05,,0.0,,,,,,,
2026-09-21T04:10,208.4,0.0,1025.9,0.0,0.0,10.9,97.2,1.0,2.2
2026-09-21T04:15,,0.0,,,,,,,
2026-09-21T04:20,223.5,0.0,1025.9,0.0,0.0,10.9,97.5,0.5,1.6
2026-09-21T04:25,,0.0,,,,,,,
2026-09-21T04:30,208.3,0.0,1025.8,0.0,0.0,10.9,97.2,0.9,2.0
2026-09-21T04:35,,0.0,,,,,,,
2026-09-21T04:40,153.4,0.0,1026.1,0.0,0.0,10.4,97.8,0.1,1.4
2026-09-21T04:45,,0.0,,,,,,,
2026-09-21T04:50,219.2,0.0,1026.3,0.0,0.0,10.2,98.3,0.4,1.7
2026-09-21T04:55,,0.0,,,,,,,
2026-09-21T05:00,185.9,0.0,1026.4,0.0,0.0,10.2,98.1,0.5,1.1
2026-09-21T05:05,,0.0,,,,,,,
2026-09-21T05:10,240.0,0.0,1026.5,0.0,0.0,9.8,98.6,0.3,1.1
2026-09-21T05:15,,0.0,,,,,,,
2026-09-21T05:20,135.8,0.0,1026.5,0.0,0.0,9.9,98.6,0.6,1.8
2026-09-21T05:25,,0.0,,,,,,,
2026-09-21T05:30,351.3,0.0,1026.6,0.0,0.0,9.6,98.7,0.4,1.3
2026-09-21T05:35,,0.0,,,,,,,
2026-09-21T05:40,168.6,0.0,1026.5,0.0,0.0,9.8,98.6,0.8,1.7
2026-09-21T05:45,,0.0,,,,,,,
2026-09-21T05:50,178.6,0.0,1026.7,0.0,0.0,9.4,98.7,0.4,1.4
2026-09-21T05:55,,0.0,,,,,,,
2026-09-21T06:00,214.4,0.0,1026.7,0.0,0.0,9.4,98.9,0.8,1.5
2026-09-21T06:05,,0.0,,,,,,,
2026-09-21T06:10,53.6,0.0,1026.6,0.0,0.0,9.9,98.6,0.9,2.1
2026-09-21T06:15,,0.0,,,,,,,
2026-09-21T06:20,173.5,0.0,1027.1,0.0,0.0,9.0,98.7,0.4,0.8
2026-09-21T06:25,,0.0,,,,,,,
2026-09-21T06:30,250.4,0.0,1026.9,0.0,0.0,9.2,99.0,1.0,2.0
2026-09-21T06:35,,0.0,,,,,,,
2026-09-21T06:40,214.6,0.0,1027.1,0.0,0.0,9.4,98.8,0.3,1.1
2026-09-21T06:45,,0.0,,,,,,,
2026-09-21T06:50,32.0,0.0,1027.3,0.1,0.0,9.0,98.8,0.8,1.8
2026-09-21T06:55,,0.0,,,,,,,
2026-09-21T07:00,102.8,0.0,1027.3,0.1,0.0,9.0,99.0,0.4,0.7
2026-09-21T07:05,,0.0,,,,,,,
2026-09-21T07:10,163.2,0.0,1027.5,5.8,0.0,8.6,99.0,0.5,1.0
2026-09-21T07:15,,0.0,,,,,,,
2026-09-21T07:20,178.6,0.0,1027.4,10.8,0.0,8.9,99.2,0.9,1.4
2026-09-21T07:25,,0.0,,,,,,,
2026-09-21T07:30,187.7,0.0,1027.4,21.4,0.0,9.2,99.1,0.9,1.6
2026-09-21T07:35,,0.0,,,,,,,
2026-09-21T07:40,271.1,0.0,1027.4,29.1,0.0,9.3,98.9,0.2,1.6
2026-09-21T07:45,,0.0,,,,,,,
2026-09-21T07:50,89.5,0.0,1027.4,20.9,0.0,9.2,98.8,0.5,1.5
2026-09-21T07:55,,0.0,,,,,,,
2026-09-21T08:00,339.6,0.0,1027.5,21.9,0.0,9.1,98.7,0.4,0.8
2026-09-21T08:05,,0.0,,,,,,,
2026-09-21T08:10,70.7,0.0,1027.5,27.0,0.0,9.0,99.2,0.5,1.7
2026-09-21T08:15,,0.0,,,,,,,
2026-09-21T08:20,190.3,0.0,1027.4,31.1,0.0,9.1,98.8,0.5,1.8
2026-09-21T08:25,,0.0,,,,,,,
2026-09-21T08:30,164.8,0.0,1027.4,33.5,0.0,9.3,98.8,0.5,1.6
2026-09-21T08:35,,0.0,,,,,,,
2026-09-21T08:40,230.3,0.0,1027.5,35.6,0.0,9.2,98.6,0.3,1.1
2026-09-21T08:45,,0.0,,,,,,,
2026-09-21T08:50,130.7,0.0,1027.6,40.5,0.0,9.1,98.9,0.3,1.4
2026-09-21T08:55,,0.0,,,,,,,
2026-09-21T09:00,29.3,0.0,1027.6,46.9,0.0,9.2,98.8,0.2,0.7
2026-09-21T09:05,,0.0,,,,,,,
2026-09-21T09:10,5.1,0.0,1027.5,51.0,0.0,9.3,99.1,0.5,1.2
2026-09-21T09:15,,0.0,,,,,,,
2026-09-21T09:20,131.7,0.0,1027.4,91.1,101.0,9.6,98.8,0.3,1.0
2026-09-21T09:25,,0.0,,,,,,,
2026-09-21T09:30,162.5,0.0,1027.1,70.3,29.0,9.9,98.5,0.3,1.3
2026-09-21T09:35,,0.0,,,,,,,
2026-09-21T09:40,195.1,0.0,1027.1,85.3,38.0,10.0,98.2,0.3,1.5
2026-09-21T09:45,,0.0,,,,,,,
2026-09-21T09:50,84.1,0.0,1026.9,223.6,252.0,10.4,98.0,0.6,1.5
2026-09-21T09:55,,0.0,,,,,,,
2026-09-21T10:00,216.4,0.0,1026.5,349.5,359.0,11.4,96.4,0.3,1.3
2026-09-21T10:05,,0.0,,,,,,,
2026-09-21T10:10,137.0,0.0,1026.0,482.1,521.0,12.6,93.5,0.4,1.8
2026-09-21T10:15,,0.0,,,,,,,
2026-09-21T10:20,88.9,0.0,1025.8,566.3,600.0,13.2,89.7,0.6,1.8
2026-09-21T10:25,,0.0,,,,,,,
2026-09-21T10:30,69.6,0.0,1025.5,581.3,599.0,13.9,83.4,0.2,1.9
2026-09-21T10:35,,0.0,,,,,,,
2026-09-21T10:40,172.9,0.0,1024.7,461.4,600.0,15.1,82.6,0.3,2.2
2026-09-21T10:45,,0.0,,,,,,,
2026-09-21T10:50,188.0,0.0,1024.7,507.8,600.0,15.3,78.5,1.0,2.7
2026-09-21T10:55,,0.0,,,,,,,
2026-09-21T11:00,174.7,0.0,1024.3,616.8,599.0,16.4,72.6,1.1,3.0
2026-09-21T11:05,,0.0,,,,,,,
2026-09-21T11:10,8.1,0.0,1023.5,640.4,600.0,18.3,56.1,2.6,8.4
2026-09-21T11:15,,0.0,,,,,,,
2026-09-21T11:20,7.5,0.0,1022.8,668.2,599.0,20.1,41.4,6.2,10.5
2026-09-21T11:25,,0.0,,,,,,,
2026-09-21T11:30,5.7,0.0,1022.4,680.1,599.0,20.6,40.4,5.4,8.4
2026-09-21T11:35,,0.0,,,,,,,
2026-09-21T11:40,11.2,0.0,1022.5,697.8,600.0,20.8,38.9,6.9,10.8
2026-09-21T11:45,,0.0,,,,,,,
2026-09-21T11:50,16.0,0.0,1022.2,695.5,600.0,20.8,38.7,6.0,9.8
2026-09-21T11:55,,0.0,,,,,,,
2026-09-21T12:00,356.7,0.0,1022.1,700.4,600.0,21.0,39.6,5.5,8.1
2026-09-21T12:05,,0.0,,,,,,,
2026-09-21T12:10,24.0,0.0,1021.9,660.5,600.0,21.1,35.6,4.7,9.4
2026-09-21T12:15,,0.0,,,,,,,
2026-09-21T12:20,357.8,0.0,1021.6,686.0,600.0,21.3,38.1,4.3,6.3
2026-09-21T12:25,,0.0,,,,,,,
2026-09-21T12:30,342.4,0.0,1021.5,724.1,600.0,21.4,36.3,4.1,6.2
2026-09-21T12:35,,0.0,,,,,,,
2026-09-21T12:40,349.7,0.0,1021.3,725.4,599.0,21.5,34.4,4.2,7.4
2026-09-21T12:45,,0.0,,,,,,,
2026-09-21T12:50,333.3,0.0,1021.2,732.7,599.0,21.6,34.8,4.6,7.5
2026-09-21T12:55,,0.0,,,,,,,
2026-09-21T13:00,4.9,0.0,1021.1,734.6,600.0,21.8,32.9,4.2,7.8
2026-09-21T13:05,,0.0,,,,,,,
2026-09-21T13:10,40.5,0.0,1020.7,738.4,600.0,22.0,31.5,2.9,5.9
2026-09-21T13:15,,0.0,,,,,,,
2026-09-21T13:20,62.5,0.0,1020.5,740.2,598.0,22.2,30.3,4.6,9.1
2026-09-21T13:25,,0.0,,,,,,,
2026-09-21T13:30,350.0,0.0,1020.5,738.9,600.0,22.1,33.7,3.9,7.2
2026-09-21T13:35,,0.0,,,,,,,
2026-09-21T13:40,0.5,0.0,1020.3,734.8,599.0,22.1,34.7,4.9,6.9
2026-09-21T13:45,,0.0,,,,,,,
2026-09-21T13:50,57.5,0.0,1020.3,728.5,600.0,22.3,31.6,5.9,9.1
2026-09-21T13:55,,0.0,,,,,,,
2026-09-21T14:00,42.8,0.0,1020.3,718.2,600.0,22.3,31.3,5.5,9.6
2026-09-21T14:05,,0.0,,,,,,,
2026-09-21T14:10,32.0,0.0,1020.1,712.5,600.0,22.3,32.3,4.4,8.7
2026-09-21T14:15,,0.0,,,,,,,
2026-09-21T14:20,357.5,0.0,1020.1,721.0,595.0,22.2,32.3,3.6,7.0
2026-09-21T14:25,,0.0,,,,,,,
2026-09-21T14:30,11.9,0.0,1019.9,693.3,600.0,22.4,32.7,3.4,9.2
2026-09-21T14:35,,0.0,,,,,,,
2026-09-21T14:40,349.4,0.0,1020.0,671.2,600.0,22.0,32.5,5.3,9.2
2026-09-21T14:45,,0.0,,,,,,,
2026-09-21T14:50,34.6,0.0,1020.0,685.6,599.0,22.1,29.8,4.8,8.7
2026-09-21T14:55,,0.0,,,,,,,
2026-09-21T15:00,33.8,0.0,1019.9,687.5,600.0,22.3,26.4,5.0,9.1
2026-09-21T15:05,,0.0,,,,,,,
2026-09-21T15:10,50.5,0.0,1019.9,665.9,600.0,22.4,26.5,6.7,12.6
2026-09-21T15:15,,0.0,,,,,,,
2026-09-21T15:20,39.5,0.0,1020.0,687.9,599.0,22.2,27.7,6.4,10.4
2026-09-21T15:25,,0.0,,,,,,,
2026-09-21T15:30,34.8,0.0,1020.0,642.4,600.0,22.1,27.3,6.6,8.9
2026-09-21T15:35,,0.0,,,,,,,
2026-09-21T15:40,17.9,0.0,1019.9,643.7,599.0,22.0,28.7,7.4,10.6
2026-09-21T15:45,,0.0,,,,,,,
2026-09-21T15:50,24.7,0.0,1019.9,604.9,600.0,21.9,29.4,6.3,11.3
2026-09-21T15:55,,0.0,,,,,,,
2026-09-21T16:00,33.4,0.0,1020.1,559.6,598.0,21.8,29.7,7.2,10.5
2026-09-21T16:05,,0.0,,,,,,,
2026-09-21T16:10,33.4,0.0,1020.1,513.0,600.0,21.6,28.4,6.4,10.0
2026-09-21T16:15,,0.0,,,,,,,
2026-09-21T16:20,42.8,0.0,1020.1,539.7,600.0,21.7,26.4,6.7,10.4
2026-09-21T16:25,,0.0,,,,,,,
2026-09-21T16:30,49.8,0.0,1020.0,520.9,598.0,21.7,24.2,6.5,9.6
2026-09-21T16:35,,0.0,,,,,,,
2026-09-21T16:40,45.8,0.0,1020.0,487.6,600.0,21.6,26.9,5.7,9.6
2026-09-21T16:45,,0.0,,,,,,,
2026-09-21T16:50,42.3,0.0,1020.3,441.4,600.0,21.4,25.4,7.0,10.5
2026-09-21T16:55,,0.0,,,,,,,
2026-09-21T17:00,37.5,0.0,1020.4,397.8,599.0,21.1,24.3,8.1,11.2
2026-09-21T17:05,,0.0,,,,,,,
2026-09-21T17:10,34.9,0.0,1020.5,363.4,599.0,21.0,24.1,7.7,11.1
2026-09-21T17:15,,0.0,,,,,,,
2026-09-21T17:20,35.0,0.0,1020.7,338.0,539.0,20.8,25.8,6.3,10.0
2026-09-21T17:25,,0.0,,,,,,,
2026-09-21T17:30,22.4,0.0,1020.9,288.3,0.0,20.5,25.8,6.5,11.7
2026-09-21T17:35,,0.0,,,,,,,
2026-09-21T17:40,39.3,0.0,1021.2,218.7,505.0,20.2,25.1,7.3,11.3
2026-09-21T17:45,,0.0,,,,,,,
2026-09-21T17:50,34.7,0.0,1021.3,176.0,600.0,19.8,27.2,7.4,10.7
2026-09-21T17:55,,0.0,,,,,,,
2026-09-21T18:00,23.4,0.0,1021.2,133.2,600.0,19.3,28.1,7.1,10.1
2026-09-21T18:05,,0.0,,,,,,,
2026-09-21T18:10,12.6,0.0,1021.4,112.3,598.0,19.0,28.8,7.8,10.3
2026-09-21T18:15,,0.0,,,,,,,
2026-09-21T18:20,1.7,0.0,1021.5,69.5,394.0,18.8,28.3,7.7,9.6
2026-09-21T18:25,,0.0,,,,,,,
2026-09-21T18:30,4.8,0.0,1021.8,21.0,0.0,18.6,28.4,8.3,11.7
2026-09-21T18:35,,0.0,,,,,,,
2026-09-21T18:40,12.9,0.0,1021.9,15.6,0.0,18.3,28.7,8.1,11.2
2026-09-21T18:45,,0.0,,,,,,,
2026-09-21T18:50,18.3,0.0,1022.0,10.2,0.0,18.2,28.7,7.4,11.2
2026-09-21T18:55,,0.0,,,,,,,
2026-09-21T19:00,11.2,0.0,1022.2,5.1,0.0,17.6,31.6,7.0,9.2
2026-09-21T19:05,,0.0,,,,,,,
2026-09-21T19:10,7.0,0.0,1022.2,0.6,0.0,17.8,29.8,8.2,11.9
2026-09-21T19:15,,0.0,,,,,,,
2026-09-21T19:20,4.9,0.0,1022.4,0.0,0.0,17.7,29.7,7.9,9.9
2026-09-21T19:25,,0.0,,,,,,,
2026-09-21T19:30,9.1,0.0,1022.6,0.0,0.0,17.6,28.4,7.7,10.3
2026-09-21T19:35,,0.0,,,,,,,
2026-09-21T19:40,14.1,0.0,1022.7,0.0,0.0,16.9,31.8,7.2,9.8
2026-09-21T19:45,,0.0,,,,,,,
2026-09-21T19:50,15.0,0.0,1022.7,0.0,0.0,17.3,28.3,7.5,10.4
2026-09-21T19:55,,0.0,,,,,,,
2026-09-21T20:00,5.9,0.0,1022.6,0.0,0.0,17.2,28.4,7.8,11.4
2026-09-21T20:05,,0.0,,,,,,,
2026-09-21T20:10,0.2,0.0,1022.6,0.0,0.0,17.2,27.3,7.2,10.7
2026-09-21T20:15,,0.0,,,,,,,
2026-09-21T20:20,18.6,0.0,1022.9,0.0,0.0,16.6,31.2,7.0,10.0
2026-09-21T20:25,,0.0,,,,,,,
2026-09-21T20:30,25.9,0.0,1023.0,0.0,0.0,16.2,32.6,7.0,9.2
2026-09-21T20:35,,0.0,,,,,,,
2026-09-21T20:40,23.9,0.0,1023.0,0.0,0.0,16.2,31.2,6.9,9.6
2026-09-21T20:45,,0.0,,,,,,,
2026-09-21T20:50,23.5,0.0,1023.1,0.0,0.0,16.2,30.4,7.3,10.1
2026-09-21T20:55,,0.0,,,,,,,
2026-09-21T21:00,13.8,0.0,1023.2,0.0,0.0,16.4,28.6,6.8,10.6
2026-09-21T21:05,,0.0,,,,,,,
2026-09-21T21:10,18.4,0.0,1023.2,0.0,0.0,16.5,26.5,7.3,9.7
2026-09-21T21:15,,0.0,,,,,,,
2026-09-21T21:20,20.9,0.0,1023.2,0.0,0.0,16.4,26.3,6.6,9.4
2026-09-21T21:25,,0.0,,,,,,,
2026-09-21T21:30,16.2,0.0,1023.3,0.0,0.0,16.1,26.7,5.9,9.0
2026-09-21T21:35,,0.0,,,,,,,
2026-09-21T21:40,9.6,0.0,1023.3,0.0,0.0,16.1,25.6,5.3,7.5
2026-09-21T21:45,,0.0,,,,,,,
2026-09-21T21:50,13.4,0.0,1023.3,0.0,0.0,16.2,23.7,6.2,8.4
2026-09-21T21:55,,0.0,,,,,,,
2026-09-21T22:00,353.1,0.0,1023.3,0.0,0.0,16.2,23.1,4.2,6.0
2026-09-21T22:05,,0.0,,,,,,,
2026-09-21T22:10,21.8,0.0,1023.4,0.0,0.0,15.9,23.6,5.5,9.1
2026-09-21T22:15,,0.0,,,,,,,
2026-09-21T22:20,22.8,0.0,1023.5,0.0,0.0,15.7,24.3,4.4,7.4
2026-09-21T22:25,,0.0,,,,,,,
2026-09-21T22:30,6.8,0.0,1024.0,0.0,0.0,14.5,28.8,4.2,9.9
2026-09-21T22:35,,0.0,,,,,,,
2026-09-21T22:40,10.1,0.0,1023.9,0.0,0.0,15.5,24.4,4.9,8.1
2026-09-21T22:45,,0.0,,,,,,,
2026-09-21T22:50,4.6,0.0,1023.9,0.0,0.0,15.8,23.7,5.3,7.6
2026-09-21T22:55,,0.0,,,,,,,
2026-09-21T23:00,2.7,0.0,1024.1,0.0,0.0,15.5,25.4,6.1,8.7
2026-09-21T23:05,,0.0,,,,,,,
2026-09-21T23:10,17.0,0.0,1024.2,0.0,0.0,14.9,27.7,4.8,6.6
2026-09-21T23:15,,0.0,,,,,,,
2026-09-21T23:20,15.9,0.0,1024.0,0.0,0.0,15.0,27.1,5.7,8.0
2026-09-21T23:25,,0.0,,,,,,,
2026-09-21T23:30,3.6,0.0,1023.9,0.0,0.0,15.0,27.0,5.9,8.0
2026-09-21T23:35,,0.0,,,,,,,
2026-09-21T23:40,3.8,0.0,1023.7,0.0,0.0,15.3,26.1,4.9,7.9
2026-09-21T23:45,,0.0,,,,,,,
2026-09-21T23:50,7.8,0.0,1024.0,0.0,0.0,14.5,29.3,4.0,7.1
2026-09-21T23:55,,0.0,,,,,,,
2026-09-22T00:00,27.6,0.0,1023.9,0.0,0.0,14.7,27.9,5.5,7.7
2026-09-22T00:10,8.3,0.0,1024.0,0.0,0.0,14.6,29.4,3.6,7.2
2026-09-22T00:20,336.6,0.0,1024.1,0.0,0.0,14.6,28.8,2.2,6.5
2026-09-22T00:30,344.7,0.0,1024.2,0.0,0.0,13.8,31.7,2.3,6.0
2026-09-22T00:40,354.7,0.0,1024.0,0.0,0.0,14.4,27.7,3.1,9.0
2026-09-22T00:50,352.0,0.0,1023.7,0.0,0.0,15.5,22.4,3.6,8.6
2026-09-22T01:10,323.7,0.0,1024.3,0.0,0.0,14.1,29.4,3.2,8.4
2026-09-22T01:20,321.2,0.0,1024.4,0.0,0.0,13.4,31.8,4.7,10.2
2026-09-22T01:30,338.9,0.0,1024.1,0.0,0.0,14.2,27.6,3.6,9.9
2026-09-22T01:40,294.7,0.0,1024.1,0.0,0.0,14.0,28.0,4.2,8.0
2026-09-22T01:50,306.5,0.0,1024.4,0.0,0.0,13.0,32.6,5.1,10.0
2026-09-22T02:00,286.8,0.0,1024.5,0.0,0.0,12.3,35.1,8.4,12.0
2026-09-22T02:10,284.3,0.0,1024.5,0.0,0.0,12.3,35.0,8.0,13.2
2026-09-22T02:20,277.7,0.0,1024.5,0.0,0.0,11.8,36.7,5.4,9.6
2026-09-22T02:30,273.0,0.0,1024.8,0.0,0.0,11.4,38.6,5.7,10.8
2026-09-22T02:40,279.3,0.0,1025.0,0.0,0.0,11.1,39.4,4.8,8.4
2026-09-22T02:50,231.9,0.0,1025.2,0.0,0.0,10.5,43.8,3.0,7.8
2026-09-22T03:00,240.3,0.0,1025.6,0.0,0.0,9.3,50.6,1.4,3.0
2026-09-22T03:10,237.7,0.0,1025.5,0.0,0.0,9.4,48.6,2.3,5.2
2026-09-22T03:20,225.6,0.0,1025.5,0.0,0.0,9.3,49.3,2.6,6.2
2026-09-22T03:30,239.6,0.0,1025.7,0.0,0.0,8.9,51.8,1.2,4.2
2026-09-22T03:40,229.1,0.0,1025.7,0.0,0.0,8.8,52.0,2.0,4.9
2026-09-22T03:50,240.2,0.0,1025.9,0.0,0.0,8.0,58.1,1.3,6.8
2026-09-22T04:00,212.7,0.0,1025.9,0.0,0.0,7.8,59.4,1.4,3.6
2026-09-22T04:10,239.4,0.0,1025.9,0.0,0.0,7.7,59.3,1.7,5.7
2026-09-22T04:20,208.5,0.0,1026.0,0.0,0.0,7.3,62.2,1.3,3.0
2026-09-22T04:30,219.1,0.0,1026.1,0.0,0.0,6.9,64.1,1.5,3.3
2026-09-22T04:40,199.8,0.0,1026.2,0.0,0.0,6.5,66.9,1.5,3.3
2026-09-22T04:50,206.2,0.0,1026.3,0.0,0.0,6.4,67.3,1.0,2.7
2026-09-22T05:00,213.9,0.0,1026.6,0.0,0.0,5.6,73.4,0.8,2.6
2026-09-22T05:10,213.1,0.0,1026.6,0.0,0.0,5.5,73.6,1.3,3.5
2026-09-22T05:20,158.5,0.0,1026.6,0.0,0.0,5.7,71.5,0.6,2.1
2026-09-22T05:30,176.1,0.0,1026.8,0.0,0.0,5.3,73.9,0.5,2.7
2026-09-22T05:40,160.4,0.0,1027.0,0.0,0.0,4.5,78.6,0.8,2.1
2026-09-22T05:50,209.5,0.0,1027.1,0.0,0.0,4.4,79.8,0.5,2.8
2026-09-22T06:00,192.2,0.0,1027.3,0.0,0.0,3.9,83.2,0.7,2.5
2026-09-22T06:10,267.3,0.0,1027.4,0.0,0.0,4.0,81.8,0.2,1.7
2026-09-22T06:20,269.2,0.0,1027.6,0.0,0.0,3.6,84.2,0.4,2.6
2026-09-22T06:30,112.5,0.0,1027.4,0.0,0.0,3.9,82.3,1.2,3.3
2026-09-22T06:40,356.1,0.0,1027.6,0.0,0.0,3.6,83.4,0.4,1.9
2026-09-22T06:50,68.1,0.0,1027.7,0.0,0.0,3.3,86.3,0.5,2.4
2026-09-22T07:00,108.1,0.0,1027.8,0.0,0.0,3.2,86.3,0.3,3.2
2026-09-22T07:10,199.0,0.0,1027.9,1.6,0.0,3.1,87.3,1.5,2.8
2026-09-22T07:20,247.1,0.0,1027.7,4.3,0.0,3.7,82.4,0.4,2.4
2026-09-22T07:30,161.9,0.0,1027.9,7.4,0.0,3.3,85.6,0.4,3.1
2026-09-22T07:50,218.2,0.0,1027.9,13.0,0.0,3.4,84.9,0.1,4.0
2026-09-22T08:00,238.5,0.0,1027.9,15.3,0.0,3.6,83.5,0.4,4.8
2026-09-22T08:10,108.1,0.0,1027.8,17.3,0.0,3.7,82.3,0.9,3.2
2026-09-22T08:20,173.5,0.0,1027.7,19.4,0.0,3.8,82.1,1.1,7.9
2026-09-22T08:40,75.1,0.0,1027.9,24.0,0.0,3.8,81.5,0.4,2.8
2026-09-22T08:50,179.5,0.0,1027.9,26.8,0.0,3.5,84.2,0.6,3.7
2026-09-22T09:00,85.5,0.0,1028.1,29.7,0.0,3.3,85.6,0.0,3.1
2026-09-22T09:10,107.2,0.0,1028.1,32.1,0.0,3.3,86.2,0.5,2.5
2026-09-22T09:20,107.4,0.0,1028.1,198.4,349.0,3.6,86.7,0.8,3.4
2026-09-22T09:30,105.3,0.0,1027.1,388.3,597.0,5.6,76.9,0.3,1.4
2026-09-22T09:40,52.0,0.0,1026.9,417.7,598.0,6.2,76.0,1.1,2.3
2026-09-22T09:50,67.5,0.0,1026.4,446.3,600.0,7.0,70.6,0.7,1.8
2026-09-22T10:00,50.3,0.0,1026.2,475.0,600.0,7.5,67.4,1.0,3.4
2026-09-22T10:10,38.8,0.0,1025.9,501.0,597.0,8.2,65.5,1.0,2.1
2026-09-22T10:20,49.4,0.0,1025.5,527.6,600.0,8.9,60.2,0.8,1.6
2026-09-22T10:30,88.9,0.0,1025.1,551.8,597.0,9.6,58.8,0.3,3.7
2026-09-22T10:40,70.0,0.0,1024.5,575.5,600.0,10.6,55.2,1.0,4.1
2026-09-22T11:00,110.4,0.0,1023.7,616.7,600.0,12.1,50.1,1.1,3.7
2026-09-22T11:10,86.1,0.0,1022.9,638.3,600.0,13.9,41.2,0.9,4.9
2026-09-22T11:20,352.7,0.0,1021.6,658.6,599.0,17.7,14.6,3.7,9.6
2026-09-22T11:30,348.3,0.0,1021.3,676.7,599.0,18.5,14.6,4.3,7.8
2026-09-22T11:40,11.7,0.0,1021.3,693.3,600.0,18.6,13.7,4.4,9.3
2026-09-22T11:50,359.6,0.0,1021.2,706.2,595.0,18.7,14.9,5.1,9.2
2026-09-22T12:00,20.1,0.0,1021.1,716.5,600.0,18.9,14.8,6.6,11.9
2026-09-22T12:20,13.6,0.0,1020.8,733.8,600.0,19.1,15.3,6.0,10.3
2026-09-22T12:30,4.0,0.0,1020.7,741.4,600.0,19.2,14.6,6.3,11.2
2026-09-22T12:40,356.6,0.0,1020.6,747.5,600.0,19.2,15.9,6.1,10.6
2026-09-22T12:50,18.4,0.0,1020.5,752.2,598.0,19.2,14.3,5.1,10.2
2026-09-22T13:00,8.8,0.0,1020.6,755.5,600.0,19.2,15.9,8.2,13.8
2026-09-22T13:10,19.1,0.0,1020.5,756.8,600.0,19.3,16.2,7.2,13.1
2026-09-22T13:20,6.9,0.0,1020.4,756.8,600.0,19.3,15.2,7.6,11.5
2026-09-22T13:30,26.4,0.0,1020.4,753.7,599.0,19.3,15.9,6.1,10.9
2026-09-22T13:40,18.5,0.0,1020.3,748.9,600.0,19.4,15.5,6.8,12.5
2026-09-22T13:50,4.4,0.0,1020.1,743.4,600.0,19.4,16.3,6.6,12.2
2026-09-22T14:00,18.8,0.0,1020.1,736.3,599.0,19.5,15.9,7.4,12.2
2026-09-22T14:20,359.7,0.0,1019.9,717.1,600.0,19.5,16.1,7.7,12.7
2026-09-22T14:40,10.8,0.0,1019.8,691.5,600.0,19.5,18.2,8.0,11.5
2026-09-22T14:50,6.9,0.0,1019.8,676.3,599.0,19.5,17.1,7.3,12.1
2026-09-22T15:10,4.5,0.0,1019.9,643.1,600.0,19.4,18.3,8.4,12.7
2026-09-22T15:20,357.3,0.0,1019.8,623.9,598.0,19.4,18.0,7.8,13.0
2026-09-22T15:30,9.7,0.0,1019.9,604.4,599.0,19.3,18.9,7.2,11.1
2026-09-22T15:40,13.9,0.0,1019.9,582.8,598.0,19.3,18.4,8.8,12.9
2026-09-22T15:50,20.2,0.0,1019.9,559.1,600.0,19.2,19.3,7.8,10.8
2026-09-22T16:00,17.5,0.0,1019.8,534.0,600.0,19.2,18.4,7.3,10.7
2026-09-22T16:10,15.7,0.0,1019.8,508.7,598.0,19.1,19.1,7.7,11.3
2026-09-22T16:20,7.7,0.0,1019.9,482.6,598.0,18.9,19.6,8.3,11.2
2026-09-22T16:30,11.8,0.0,1019.9,454.1,600.0,18.8,20.8,7.8,11.4
2026-09-22T16:40,10.0,0.0,1019.9,425.8,600.0,18.7,21.4,7.4,9.9
2026-09-22T16:50,8.0,0.0,1019.9,396.1,600.0,18.6,22.2,7.1,9.7
2026-09-22T17:10,17.0,0.0,1020.0,335.8,600.0,18.3,22.2,7.2,10.6
2026-09-22T17:20,21.3,0.0,1020.0,304.9,582.0,18.2,22.6,7.9,10.3
2026-09-22T17:30,15.6,0.0,1020.1,274.1,0.0,17.9,23.9,8.7,12.6
2026-09-22T17:40,16.7,0.0,1020.1,242.8,456.0,17.8,24.6,7.6,10.3
2026-09-22T17:50,15.3,0.0,1020.1,211.6,600.0,17.6,24.7,7.6,11.6
2026-09-22T18:00,20.5,0.0,1020.2,178.7,600.0,17.4,25.8,6.1,8.2
2026-09-22T18:10,26.9,0.0,1020.4,147.0,600.0,17.1,25.5,6.2,8.1
2026-09-22T18:20,27.3,0.0,1020.7,69.7,317.0,16.4,27.5,6.0,8.7
2026-09-22T18:30,9.5,0.0,1020.8,16.3,0.0,16.5,26.5,3.8,7.6
2026-09-22T18:40,18.0,0.0,1021.1,12.3,0.0,15.9,28.2,4.1,7.4
2026-09-22T18:50,323.2,0.0,1021.6,8.8,0.0,15.2,32.3,3.0,4.7
2026-09-22T19:00,334.6,0.0,1021.8,5.1,0.0,14.9,32.5,2.5,6.1
2026-09-22T19:10,282.8,0.0,1022.2,1.8,0.0,14.0,37.7,2.5,5.5
2026-09-22T19:20,342.7,0.0,1022.6,0.0,0.0,13.4,39.8,1.5,3.7
2026-09-22T19:30,355.2,0.0,1022.8,0.0,0.0,13.5,38.6,0.9,5.5
2026-09-22T19:40,305.0,0.0,1022.9,0.0,0.0,13.7,37.9,2.6,4.5
2026-09-22T19:50,288.8,0.0,1023.1,0.0,0.0,13.5,38.7,3.1,4.3
2026-09-22T20:00,284.1,0.0,1023.5,0.0,0.0,12.9,40.9,4.5,6.7
2026-09-22T20:10,279.2,0.0,1023.7,0.0,0.0,12.6,41.9,3.7,4.9
2026-09-22T20:20,277.7,0.0,1023.9,0.0,0.0,12.5,42.1,3.3,5.2
2026-09-22T20:30,280.5,0.0,1024.1,0.0,0.0,12.5,41.2,4.2,6.7
2026-09-22T20:40,282.6,0.0,1024.3,0.0,0.0,12.3,42.2,3.8,7.3
2026-09-22T20:50,288.6,0.0,1024.4,0.0,0.0,12.2,42.7,3.8,6.7
2026-09-22T21:00,281.6,0.0,1024.5,0.0,0.0,12.4,41.1,3.9,8.3
2026-09-22T21:10,300.2,0.0,1024.6,0.0,0.0,12.4,41.2,4.0,7.2
2026-09-22T21:20,285.4,0.0,1024.6,0.0,0.0,12.5,40.3,2.9,4.5
2026-09-22T21:30,278.7,0.0,1024.8,0.0,0.0,12.2,41.6,3.3,6.5
2026-09-22T21:40,308.8,0.0,1025.2,0.0,0.0,11.5,45.1,3.7,7.1
2026-09-22T21:50,289.4,0.0,1025.2,0.0,0.0,11.8,42.5,4.2,6.6
2026-09-22T22:00,261.0,0.0,1025.3,0.0,0.0,11.9,41.9,3.6,6.8
2026-09-22T22:10,278.6,0.0,1025.6,0.0,0.0,11.5,43.7,4.5,7.9
2026-09-22T22:20,267.7,0.0,1025.7,0.0,0.0,11.5,42.5,3.3,5.9
2026-09-22T22:30,280.3,0.0,1025.8,0.0,0.0,11.5,42.4,3.0,6.7
2026-09-22T22:40,260.5,0.0,1025.9,0.0,0.0,11.6,41.9,2.7,4.6
2026-09-22T22:50,271.4,0.0,1025.9,0.0,0.0,11.5,41.8,2.7,6.4
2026-09-22T23:00,283.5,0.0,1026.3,0.0,0.0,10.5,48.4,0.8,2.7
2026-09-22T23:10,277.3,0.0,1026.3,0.0,0.0,10.5,46.6,1.8,3.8
2026-09-22T23:20,284.5,0.0,1026.3,0.0,0.0,10.6,45.7,1.3,3.8
2026-09-22T23:30,281.5,0.0,1026.4,0.0,0.0,10.7,44.4,1.5,4.5
2026-09-22T23:40,307.5,0.0,1027.1,0.0,0.0,9.0,56.6,1.0,3.4
2026-09-22T23:50,302.3,0.0,1026.9,0.0,0.0,9.4,51.4,3.0,5.6
2026-09-23T00:00,311.9,0.0,1026.8,0.0,0.0,9.8,48.2,2.5,5.1
2026-09-23T00:10,288.8,0.0,1027.1,0.0,0.0,8.8,55.8,2.1,3.9
2026-09-23T00:20,290.8,0.0,1026.8,0.0,0.0,9.6,47.8,2.4,6.0
2026-09-23T00:30,340.7,0.0,1027.6,0.0,0.0,7.6,62.7,0.8,2.2
2026-09-23T00:40,326.6,0.0,1027.8,0.0,0.0,7.1,65.3,1.0,3.2
2026-09-23T00:50,289.9,0.0,1027.5,0.0,0.0,7.9,57.0,0.9,2.9
2026-09-23T01:10,216.4,0.0,1028.0,0.0,0.0,6.8,64.2,0.8,1.9
2026-09-23T01:20,204.8,0.0,1028.2,0.0,0.0,6.4,66.0,1.2,2.2
2026-09-23T01:30,240.9,0.0,1028.6,0.0,0.0,5.9,68.3,1.4,2.0
2026-09-23T01:40,226.9,0.0,1028.8,0.0,0.0,5.7,70.8,1.4,2.1
2026-09-23T01:50,215.4,0.0,1029.0,0.0,0.0,5.5,73.3,0.4,1.1
2026-09-23T02:00,224.5,0.0,1029.4,0.0,0.0,4.5,79.5,0.4,1.1
2026-09-23T02:10,100.2,0.0,1029.5,0.0,0.0,4.0,83.7,0.2,1.0
2026-09-23T02:20,275.5,0.0,1029.6,0.0,0.0,3.9,83.2,0.0,1.1
2026-09-23T02:30,136.5,0.0,1029.6,0.0,0.0,3.8,84.2,0.3,0.9
2026-09-23T02:40,184.3,0.0,1029.9,0.0,0.0,3.2,87.5,0.4,0.9
2026-09-23T02:50,215.2,0.0,1030.0,0.0,0.0,2.8,89.1,0.6,1.0
2026-09-23T03:00,216.2,0.0,1029.9,0.0,0.0,3.3,88.3,0.9,1.2
2026-09-23T03:10,330.4,0.0,1030.3,0.0,0.0,2.3,92.9,0.4,1.7
2026-09-23T03:20,30.6,0.0,1030.1,0.0,0.0,2.6,90.2,0.5,0.7
2026-09-23T03:30,61.3,0.0,1030.1,0.0,0.0,2.6,89.8,0.4,0.6
2026-09-23T03:40,33.2,0.0,1030.1,0.0,0.0,2.5,90.9,0.5,1.1
2026-09-23T03:50,20.5,0.0,1030.2,0.0,0.0,2.3,90.7,0.8,1.6
2026-09-23T04:00,26.7,0.0,1030.3,0.0,0.0,2.2,91.3,0.4,1.0
2026-09-23T04:10,226.3,0.0,1030.2,0.0,0.0,2.3,90.4,0.7,1.4
2026-09-23T04:20,217.4,0.0,1030.1,0.0,0.0,2.7,89.5,0.8,1.4
2026-09-23T04:30,347.0,0.0,1030.5,0.0,0.0,1.5,93.7,0.1,0.7
2026-09-23T04:40,210.8,0.0,1030.4,0.0,0.0,1.9,93.5,0.5,1.2
2026-09-23T04:50,214.6,0.0,1030.4,0.0,0.0,1.8,93.4,0.9,1.3
2026-09-23T05:00,358.3,0.0,1030.8,0.0,0.0,1.0,95.9,0.1,0.7
2026-09-23T05:10,239.2,0.0,1030.6,0.0,0.0,1.5,94.5,0.7,1.2
2026-09-23T05:20,221.1,0.0,1030.5,0.0,0.0,1.7,94.4,0.6,1.0
2026-09-23T05:30,39.0,0.0,1030.8,0.0,0.0,0.8,96.4,0.4,0.9
2026-09-23T05:40,49.2,0.0,1030.7,0.0,0.0,1.2,95.3,0.2,0.7
2026-09-23T05:50,314.3,0.0,1030.6,0.0,0.0,1.4,94.6,0.1,0.6
2026-09-23T06:00,118.6,0.0,1030.6,0.0,0.0,1.3,95.0,0.2,0.5
2026-09-23T06:10,97.0,0.0,1030.7,0.0,0.0,1.1,95.5,0.4,0.7
2026-09-23T06:20,150.6,0.0,1030.8,0.0,0.0,0.8,96.3,0.2,0.9
2026-09-23T06:30,191.9,0.0,1030.8,0.0,0.0,0.9,95.2,0.6,1.0
2026-09-23T06:40,212.0,0.0,1031.0,0.0,0.0,0.5,96.8,0.6,0.9
2026-09-23T06:50,188.9,0.0,1031.1,0.0,0.0,0.6,97.0,0.6,1.0
2026-09-23T07:00,222.7,0.0,1031.4,0.0,0.0,0.2,97.2,0.5,0.9
2026-09-23T07:10,65.0,0.0,1031.5,1.3,0.0,0.3,97.8,0.4,0.9
2026-09-23T07:20,18.7,0.0,1031.6,4.3,0.0,0.2,97.4,0.5,0.9
2026-09-23T07:30,104.6,0.0,1031.5,7.1,0.0,0.5,97.0,0.3,1.1
2026-09-23T07:40,181.9,0.0,1031.3,9.9,0.0,0.8,96.4,0.3,1.3
2026-09-23T07:50,186.1,0.0,1031.2,12.4,0.0,1.2,94.7,0.5,1.1
2026-09-23T08:00,170.7,0.0,1031.3,15.0,0.0,0.8,95.3,0.2,1.2
2026-09-23T08:10,37.1,0.0,1031.4,17.1,0.0,0.7,96.3,0.5,1.2
2026-09-23T08:30,252.2,0.0,1031.3,21.2,0.0,1.0,95.1,0.1,0.7
2026-09-23T08:40,224.9,0.0,1031.1,23.6,0.0,1.3,94.5,0.4,1.0
2026-09-23T09:00,208.6,0.0,1031.0,29.4,0.0,1.5,95.0,0.9,1.3
2026-09-23T09:10,178.4,0.0,1030.9,31.9,0.0,1.6,94.5,0.6,1.0
2026-09-23T09:30,158.1,0.0,1030.5,375.6,598.0,2.9,93.6,0.4,1.0
2026-09-23T09:40,158.4,0.0,1029.8,404.2,600.0,4.2,86.4,0.4,1.2
2026-09-23T09:50,82.5,0.0,1029.5,433.0,600.0,4.8,79.1,0.8,2.1
2026-09-23T10:10,62.4,0.0,1029.0,484.9,600.0,5.5,75.4,0.8,1.4
2026-09-23T10:20,39.2,0.0,1028.6,507.6,599.0,6.4,71.9,1.0,1.7
2026-09-23T10:30,34.3,0.0,1028.4,531.9,600.0,6.9,70.0,1.1,1.9
2026-09-23T10:50,51.7,0.0,1027.6,576.3,599.0,8.1,60.7,0.8,1.5
2026-09-23T11:10,356.2,0.0,1026.7,612.2,600.0,9.8,54.3,0.8,1.4
2026-09-23T11:20,32.0,0.0,1026.3,628.6,600.0,10.3,48.7,0.5,1.3
2026-09-23T11:30,76.6,0.0,1025.9,643.5,597.0,10.9,46.6,0.5,2.5
2026-09-23T11:40,68.8,0.0,1025.6,657.4,600.0,11.5,44.0,0.5,1.3
2026-09-23T11:50,108.0,0.0,1025.2,670.0,598.0,12.2,41.8,0.4,1.4
2026-09-23T12:00,290.5,0.0,1024.8,681.5,600.0,12.7,39.8,0.3,1.2
2026-09-23T12:10,353.2,0.0,1024.4,691.3,599.0,13.0,39.3,0.8,1.6
2026-09-23T12:20,350.4,0.0,1024.1,699.5,599.0,13.6,45.3,1.1,1.9
2026-09-23T12:30,200.0,0.0,1023.6,706.7,600.0,14.2,43.7,0.6,1.7
2026-09-23T12:40,57.2,0.0,1023.4,712.9,600.0,14.5,43.2,0.2,1.5
2026-09-23T13:00,290.1,0.0,1022.6,721.0,600.0,15.3,46.2,0.1,2.2
2026-09-23T13:10,6.9,0.0,1022.4,723.5,600.0,15.3,45.4,0.7,2.0
2026-09-23T13:20,337.4,0.0,1022.2,722.0,597.0,15.5,44.1,0.5,1.6
2026-09-23T13:30,357.0,0.0,1021.8,719.1,600.0,16.0,44.9,0.3,1.8
2026-09-23T13:50,326.6,0.0,1021.1,709.8,595.0,16.7,44.9,0.7,1.6
2026-09-23T14:10,22.7,0.0,1020.7,693.0,598.0,17.3,45.5,0.8,1.9
2026-09-23T14:20,310.1,0.0,1020.4,683.5,600.0,17.6,45.1,0.7,1.6
2026-09-23T14:30,324.3,0.0,1020.2,671.4,600.0,17.9,45.6,0.8,1.5
2026-09-23T14:50,227.0,0.0,1019.5,641.6,600.0,18.5,44.1,0.2,2.4
2026-09-23T15:10,91.8,0.0,1019.1,608.4,600.0,18.9,45.5,0.6,1.7
2026-09-23T15:30,6.3,0.0,1018.7,572.5,600.0,19.1,43.7,0.6,1.8
2026-09-23T15:40,35.5,0.0,1018.5,551.6,600.0,19.3,43.7,0.6,1.6
2026-09-23T15:50,105.7,0.0,1018.4,529.8,598.0,19.5,42.1,0.8,2.2
2026-09-23T16:00,28.8,0.0,1018.1,505.9,600.0,19.6,44.2,1.2,3.3
2026-09-23T16:10,3.7,0.0,1018.0,482.7,600.0,19.6,44.6,1.1,2.4
2026-09-23T16:20,355.9,0.0,1017.8,458.0,600.0,19.8,44.0,0.9,1.8
2026-09-23T16:30,304.0,0.0,1017.7,430.7,595.0,19.8,45.1,0.8,2.0
2026-09-23T16:40,284.4,0.0,1017.8,405.2,600.0,19.5,45.3,1.9,3.3
2026-09-23T16:50,271.2,0.0,1017.7,377.8,600.0,19.6,42.1,1.8,3.3
2026-09-23T17:00,277.3,0.0,1017.9,349.5,600.0,19.2,40.0,2.4,4.2
2026-09-23T17:10,266.7,0.0,1017.9,319.0,600.0,19.1,38.5,2.8,4.4
2026-09-23T17:20,263.9,0.0,1018.1,288.7,597.0,18.7,42.7,1.9,3.4
2026-09-23T17:30,227.1,0.0,1018.3,258.0,38.0,17.9,48.5,1.5,2.8
2026-09-23T17:40,263.8,0.0,1018.3,227.8,398.0,17.9,42.9,2.6,4.2
2026-09-23T17:50,252.3,0.0,1018.6,196.9,600.0,17.1,48.9,1.1,4.2
2026-09-23T18:00,296.6,0.0,1018.8,167.0,600.0,16.9,45.4,3.3,4.9
2026-09-23T18:10,277.3,0.0,1019.0,136.5,598.0,16.6,43.7,3.6,6.0
2026-09-23T18:20,265.7,0.0,1019.4,50.0,218.0,15.8,50.3,0.6,3.1
2026-09-23T18:30,281.3,0.0,1019.9,16.5,0.0,14.9,49.6,2.9,4.6
2026-09-23T18:40,298.3,0.0,1020.1,11.9,0.0,14.5,50.4,3.3,5.7
2026-09-23T19:00,293.4,0.0,1020.4,5.9,0.0,13.8,52.6,3.6,6.4
2026-09-23T19:20,285.6,0.0,1020.8,0.0,0.0,13.5,53.6,3.5,5.1
2026-09-23T19:30,303.3,0.0,1021.4,0.0,0.0,12.5,63.0,2.0,5.6
2026-09-23T19:40,309.9,0.0,1021.2,0.0,0.0,13.0,57.3,2.5,4.9
2026-09-23T19:50,293.3,0.0,1021.4,0.0,0.0,12.6,59.7,2.1,3.5
2026-09-23T20:00,332.4,0.0,1021.7,0.0,0.0,12.4,62.0,2.1,5.3
2026-09-23T20:10,303.1,0.0,1021.9,0.0,0.0,12.2,63.0,1.9,3.6
2026-09-23T20:20,298.1,0.0,1021.9,0.0,0.0,12.2,58.5,1.5,3.3
2026-09-23T20:30,326.8,0.0,1022.5,0.0,0.0,10.9,70.6,1.4,3.4
2026-09-23T20:40,311.9,0.0,1022.7,0.0,0.0,10.8,72.8,1.6,3.7
2026-09-23T20:50,309.0,0.0,1022.5,0.0,0.0,11.6,63.3,1.6,4.5
2026-09-23T21:00,17.4,0.0,1023.1,0.0,0.0,10.2,76.4,1.1,1.7
2026-09-23T21:10,321.9,0.0,1023.5,0.0,0.0,9.8,75.4,0.9,2.3
2026-09-23T21:20,359.8,0.0,1023.4,0.0,0.0,10.4,74.2,1.1,2.5
2026-09-23T21:30,310.9,0.0,1023.5,0.0,0.0,10.4,71.3,1.7,4.5
2026-09-23T21:40,337.7,0.0,1023.8,0.0,0.0,9.9,73.4,1.1,2.8
2026-09-23T21:50,316.0,0.0,1024.0,0.0,0.0,9.9,73.3,1.8,2.9
2026-09-23T22:00,285.4,0.0,1024.1,0.0,0.0,9.9,71.9,1.6,3.1
2026-09-23T22:10,352.5,0.0,1024.2,0.0,0.0,10.1,71.9,1.2,3.7
2026-09-23T22:20,321.6,0.0,1024.6,0.0,0.0,9.6,76.1,0.6,2.0
2026-09-23T22:30,129.1,0.0,1024.8,0.0,0.0,9.1,78.6,0.1,1.2
2026-09-23T22:40,283.9,0.0,1025.0,0.0,0.0,8.5,83.6,0.7,1.6
2026-09-23T22:50,94.0,0.0,1025.2,0.0,0.0,8.4,85.0,0.5,2.2
2026-09-23T23:00,91.5,0.0,1025.4,0.0,0.0,8.5,83.6,0.9,2.1
2026-09-23T23:10,334.4,0.0,1025.4,0.0,0.0,8.4,83.9,1.2,2.2
2026-09-23T23:20,347.2,0.0,1025.5,0.0,0.0,8.3,85.4,0.2,3.0
2026-09-23T23:30,329.0,0.0,1025.1,0.0,0.0,9.5,74.0,1.0,2.6
2026-09-23T23:40,3.7,0.0,1025.4,0.0,0.0,8.5,82.7,1.2,2.1
2026-09-23T23:50,311.7,0.0,1025.5,0.0,0.0,8.3,85.0,0.1,1.7
2026-09-24T00:00,60.9,0.0,1025.6,0.0,0.0,8.3,85.8,1.1,1.9
2026-09-24T00:10,12.9,0.0,1025.7,0.0,0.0,8.4,83.3,0.9,2.0
2026-09-24T00:20,39.3,0.0,1025.9,0.0,0.0,8.0,86.2,0.4,2.0
2026-09-24T00:30,26.9,0.0,1026.0,0.0,0.0,7.9,85.6,0.4,1.4
2026-09-24T00:40,61.5,0.0,1026.0,0.0,0.0,7.6,87.5,0.3,1.5
2026-09-24T00:50,353.5,0.0,1026.2,0.0,0.0,7.2,89.1,0.7,1.6
2026-09-24T01:10,206.3,0.0,1026.1,0.0,0.0,7.2,88.1,0.6,1.2
2026-09-24T01:20,180.4,0.0,1026.4,0.0,0.0,6.6,91.3,0.9,1.4
2026-09-24T01:30,227.1,0.0,1026.2,0.0,0.0,6.7,91.3,0.9,2.1
2026-09-24T01:40,98.1,0.0,1026.2,0.0,0.0,6.5,91.1,0.7,1.4
2026-09-24T01:50,328.3,0.0,1026.6,0.0,0.0,5.7,93.6,0.2,1.5
2026-09-24T02:00,115.2,0.0,1026.6,0.0,0.0,5.8,93.4,0.8,2.0
2026-09-24T02:10,256.1,0.0,1026.8,0.0,0.0,5.8,92.3,0.2,1.1
2026-09-24T02:20,141.8,0.0,1026.7,0.0,0.0,5.8,93.8,0.6,1.3
2026-09-24T02:30,227.1,0.0,1026.7,0.0,0.0,5.6,94.1,0.8,1.2
2026-09-24T02:40,168.1,0.0,1026.6,0.0,0.0,5.5,94.9,0.4,0.9
2026-09-24T02:50,220.3,0.0,1026.7,0.0,0.0,5.2,95.4,0.6,1.3
2026-09-24T03:00,99.3,0.0,1026.9,0.0,0.0,4.7,96.2,0.7,2.2
2026-09-24T03:10,322.7,0.0,1027.0,0.0,0.0,4.5,96.5,0.3,1.2
2026-09-24T03:20,354.4,0.0,1026.9,0.0,0.0,4.6,95.5,0.7,1.3
2026-09-24T03:30,60.1,0.0,1027.0,0.0,0.0,4.4,96.1,1.2,2.1
2026-09-24T03:40,285.3,0.0,1027.0,0.0,0.0,4.3,96.8,0.3,2.1
2026-09-24T03:50,65.4,0.0,1026.7,0.0,0.0,5.0,95.2,0.6,3.2
2026-09-24T04:00,195.0,0.0,1026.4,0.0,0.0,5.4,93.2,0.3,2.1
2026-09-24T04:10,235.8,0.0,1026.5,0.0,0.0,5.2,94.0,0.4,2.0
2026-09-24T04:20,231.5,0.0,1026.6,0.0,0.0,5.3,94.4,1.0,2.2
2026-09-24T04:30,175.9,0.0,1026.6,0.0,0.0,4.9,95.9,0.5,1.7
2026-09-24T04:40,233.3,0.0,1026.1,0.0,0.0,5.1,95.6,0.7,1.9
2026-09-24T04:50,186.7,0.0,1026.3,0.0,0.0,5.0,95.9,1.5,2.6
2026-09-24T05:00,6.6,0.0,1026.6,0.0,0.0,4.5,96.2,0.5,2.2
2026-09-24T05:10,159.0,0.0,1026.5,0.0,0.0,4.7,96.5,0.5,1.4
2026-09-24T05:20,175.2,0.0,1026.4,0.0,0.0,4.7,96.8,0.7,1.5
2026-09-24T05:30,23.4,0.0,1026.7,0.0,0.0,4.3,97.2,0.3,1.2
2026-09-24T05:40,127.3,0.0,1026.7,0.0,0.0,4.4,97.3,0.6,1.3
2026-09-24T05:50,337.0,0.0,1026.8,0.0,0.0,4.0,97.2,0.7,1.7
2026-09-24T06:00,86.4,0.0,1026.7,0.0,0.0,4.2,97.7,0.9,1.9
2026-09-24T06:10,314.5,0.0,1026.7,0.0,0.0,4.0,97.3,0.4,1.3
2026-09-24T06:20,265.9,0.0,1026.6,0.0,0.0,4.2,97.3,0.5,1.0
2026-09-24T06:30,133.1,0.0,1026.5,0.0,0.0,4.2,97.1,0.2,0.9
2026-09-24T06:40,40.6,0.0,1026.9,0.0,0.0,3.4,98.1,0.6,1.5
2026-09-24T06:50,275.2,0.0,1026.8,0.0,0.0,3.6,98.0,0.6,1.5
2026-09-24T07:00,96.7,0.0,1026.5,0.0,0.0,3.9,97.9,0.5,2.4
2026-09-24T07:10,258.1,0.0,1026.6,1.1,0.0,3.7,98.0,0.1,1.1
2026-09-24T07:20,321.4,0.0,1026.3,6.9,0.0,4.2,97.3,0.4,1.0
2026-09-24T07:30,115.8,0.0,1026.2,15.3,0.0,4.4,97.6,0.8,1.4
2026-09-24T07:40,154.6,0.0,1026.3,25.2,0.0,4.5,97.4,0.4,1.4
2026-09-24T07:50,335.7,0.0,1026.3,33.1,0.0,4.5,97.5,0.4,1.3
2026-09-24T08:00,199.8,0.0,1026.1,41.6,0.0,4.9,97.0,0.7,2.2
2026-09-24T08:10,196.1,0.0,1026.0,55.5,0.0,5.3,96.8,2.1,3.2
2026-09-24T08:20,195.7,0.0,1025.9,71.4,0.0,5.4,96.3,1.7,2.5
2026-09-24T08:30,218.7,0.0,1025.8,75.3,0.0,5.7,96.1,1.6,2.4
2026-09-24T08:50,102.6,0.0,1025.6,87.6,0.0,6.1,95.4,0.7,1.9
2026-09-24T09:00,18.5,0.0,1025.6,96.2,0.0,6.3,94.9,0.2,1.1
2026-09-24T09:10,350.4,0.0,1025.5,114.2,0.0,6.6,93.5,0.7,1.5
2026-09-24T09:20,123.5,0.0,1025.3,163.5,228.0,6.9,92.3,0.2,0.8
2026-09-24T09:30,122.4,0.0,1025.0,261.1,600.0,7.5,91.3,0.5,1.4
2026-09-24T09:40,170.4,0.0,1024.7,294.4,599.0,7.9,88.6,0.4,1.0
2026-09-24T09:50,185.3,0.0,1024.2,319.8,599.0,8.6,87.2,0.8,1.6
2026-09-24T10:00,211.7,0.0,1023.9,365.3,600.0,9.0,83.3,0.8,1.7
2026-09-24T10:10,60.5,0.0,1023.7,427.4,600.0,9.5,78.9,0.4,1.3
2026-09-24T10:30,62.6,0.0,1022.9,447.2,598.0,10.5,79.7,0.7,1.9
2026-09-24T10:40,176.8,0.0,1022.5,499.4,600.0,11.2,75.6,0.7,1.9
2026-09-24T10:50,190.4,0.0,1021.9,556.7,600.0,12.0,71.2,0.9,2.3
2026-09-24T11:00,182.0,0.0,1021.5,515.4,599.0,12.6,70.3,0.7,1.8
2026-09-24T11:10,205.0,0.0,1021.1,511.3,600.0,13.2,68.7,0.9,1.6
2026-09-24T11:20,170.5,0.0,1020.8,491.6,600.0,13.2,67.1,0.8,1.8
2026-09-24T11:30,146.3,0.0,1020.6,451.4,549.0,13.5,66.4,0.7,2.4
2026-09-24T11:40,172.4,0.0,1020.4,380.2,409.0,13.5,65.6,0.6,1.7
2026-09-24T11:50,172.2,0.0,1020.1,400.6,504.0,13.9,67.2,0.3,1.6
2026-09-24T12:00,9.0,0.0,1019.8,433.7,442.0,13.9,63.6,0.4,1.7
2026-09-24T12:10,186.4,0.0,1019.3,482.1,568.0,14.6,65.3,0.9,1.9
2026-09-24T12:30,194.5,0.0,1018.6,605.9,600.0,15.2,60.1,0.4,1.5
2026-09-24T12:40,4.5,0.0,1018.4,395.0,332.0,15.2,61.7,0.4,1.6
2026-09-24T12:50,205.4,0.0,1017.9,422.6,322.0,15.7,60.5,0.1,1.8
2026-09-24T13:00,238.2,0.0,1017.8,353.7,150.0,15.8,58.5,0.3,1.4
2026-09-24T13:10,6.1,0.0,1017.4,335.8,95.0,15.9,58.5,0.4,1.1
2026-09-24T13:20,105.0,0.0,1017.2,352.9,144.0,16.0,58.2,0.9,1.7
2026-09-24T13:30,167.8,0.0,1016.8,395.7,215.0,16.4,58.7,0.4,2.0
2026-09-24T13:40,4.2,0.0,1016.6,377.4,196.0,16.6,57.3,0.5,1.5
2026-09-24T13:50,85.1,0.0,1016.3,413.1,329.0,16.9,56.0,0.6,1.9
2026-09-24T14:00,57.9,0.0,1016.1,417.1,262.0,17.1,56.9,0.4,1.6
2026-09-24T14:10,76.5,0.0,1015.9,444.6,280.0,17.7,55.5,0.4,1.4
2026-09-24T14:20,53.8,0.0,1015.6,361.0,145.0,17.8,53.3,0.3,0.9
2026-09-24T14:30,145.5,0.0,1015.3,319.6,14.0,17.9,56.2,0.3,1.4
2026-09-24T14:40,119.3,0.0,1015.2,265.6,0.0,18.1,55.8,0.8,2.1
2026-09-24T14:50,50.5,0.0,1015.2,216.3,0.0,18.0,54.8,1.1,2.1
2026-09-24T15:00,32.5,0.0,1015.2,204.4,0.0,17.8,60.2,2.1,3.4
2026-09-24T15:10,308.0,0.0,1015.3,182.6,0.0,17.8,58.9,2.2,3.4
2026-09-24T15:20,54.5,0.0,1015.1,191.3,0.0,18.1,57.6,1.1,2.7
2026-09-24T15:40,343.1,0.0,1014.7,132.8,0.0,19.0,48.5,2.6,4.1
2026-09-24T15:50,328.1,0.0,1014.4,126.9,0.0,19.7,36.3,2.6,4.0
2026-09-24T16:00,32.0,0.0,1014.5,135.6,0.0,18.9,43.9,1.5,4.1
2026-09-24T16:10,21.7,0.0,1014.7,106.7,0.0,18.6,45.1,1.8,4.5
2026-09-24T16:20,15.6,0.0,1014.8,81.2,0.0,18.1,48.9,1.9,3.5
2026-09-24T16:30,345.0,0.0,1015.4,67.7,0.0,17.4,53.2,2.5,4.6
2026-09-24T16:40,353.2,0.0,1015.4,52.7,0.0,18.3,40.2,3.4,7.1
2026-09-24T16:50,341.7,0.0,1015.6,50.4,0.0,19.1,30.9,4.0,8.4
2026-09-24T17:00,17.9,0.0,1016.2,42.1,0.0,18.8,30.5,7.0,10.6
2026-09-24T17:10,32.6,0.0,1016.7,34.9,0.0,18.3,32.0,7.1,13.3
2026-09-24T17:20,45.0,0.0,1016.9,29.5,0.0,18.5,29.9,7.8,12.4
2026-09-24T17:30,33.4,0.0,1017.2,28.9,0.0,17.9,32.8,7.1,9.4
2026-09-24T17:40,34.6,0.0,1017.6,28.1,0.0,17.4,35.6,6.3,9.8
2026-09-24T17:50,7.0,0.0,1018.4,23.5,0.0,17.0,37.9,4.5,8.6
2026-09-24T18:00,17.0,0.0,1019.4,9.5,0.0,16.2,43.7,5.0,9.7
2026-09-24T18:10,7.1,0.0,1020.3,4.0,0.0,14.8,53.3,5.1,7.9
2026-09-24T18:20,346.3,0.0,1021.2,1.7,0.0,13.3,66.1,3.4,5.2
2026-09-24T18:30,358.1,0.0,1022.1,3.4,0.0,12.0,78.7,3.3,4.7
2026-09-24T18:40,22.0,0.0,1022.4,4.6,0.0,11.3,85.3,3.2,5.6
2026-09-24T18:50,327.8,0.1,1022.4,3.3,0.0,11.3,83.8,1.4,3.6
2026-09-24T19:00,20.7,0.0,1022.6,0.1,0.0,11.2,83.5,3.7,7.7
2026-09-24T19:10,23.8,0.1,1022.6,0.0,0.0,11.0,82.3,5.7,7.5
2026-09-24T19:20,21.8,0.0,1022.6,0.0,0.0,11.1,76.3,6.4,8.3
2026-09-24T19:30,22.3,0.0,1022.7,0.0,0.0,10.8,78.2,4.7,7.0
2026-09-24T19:40,27.9,0.0,1022.8,0.0,0.0,10.6,79.1,4.5,7.8
2026-09-24T19:50,27.4,0.0,1023.0,0.0,0.0,10.7,75.4,7.2,9.6
2026-09-24T20:00,24.1,0.0,1023.1,0.0,0.0,10.8,74.0,7.6,12.0
2026-09-24T20:10,26.8,0.0,1023.2,0.0,0.0,10.4,79.4,7.3,9.7
2026-09-24T20:20,39.1,0.0,1023.2,0.0,0.0,10.1,82.0,6.1,8.9
2026-09-24T20:30,7.8,0.0,1023.2,0.0,0.0,10.2,79.8,6.1,10.1
2026-09-24T20:40,351.3,0.0,1023.0,0.0,0.0,10.3,78.8,3.8,10.1
2026-09-24T20:50,336.9,0.0,1023.1,0.0,0.0,10.2,83.1,1.6,4.2
2026-09-24T21:00,118.4,0.0,1023.5,0.0,0.0,9.9,83.9,1.4,4.0
2026-09-24T21:10,77.8,0.0,1023.6,0.0,0.0,9.9,83.0,5.5,7.1
2026-09-24T21:20,45.1,0.0,1023.9,0.0,0.0,9.8,84.0,3.9,5.9
2026-09-24T21:30,2.0,0.0,1023.9,0.0,0.0,10.1,82.2,3.1,4.8
2026-09-24T21:40,36.9,0.0,1023.8,0.0,0.0,9.7,87.0,1.6,3.8
2026-09-24T21:50,8.0,0.0,1023.5,0.0,0.0,10.1,81.3,5.2,8.6
2026-09-24T22:00,313.7,0.0,1023.5,0.0,0.0,9.9,85.9,3.1,6.4
2026-09-24T22:10,294.8,0.0,1023.5,0.0,0.0,9.9,87.4,4.0,7.2
2026-09-24T22:20,341.8,0.0,1023.7,0.0,0.0,10.1,83.8,2.9,6.4
2026-09-24T22:30,1.5,0.0,1023.9,0.0,0.0,10.5,79.4,2.6,5.7
2026-09-24T22:40,1.7,0.0,1024.1,0.0,0.0,10.2,80.9,0.8,4.4
2026-09-24T22:50,9.2,0.0,1024.2,0.0,0.0,9.7,85.7,3.3,7.2
2026-09-24T23:00,11.9,0.0,1024.1,0.0,0.0,9.6,86.4,4.1,7.7
2026-09-24T23:10,334.5,0.0,1024.0,0.0,0.0,9.8,85.6,1.9,4.6
2026-09-24T23:20,314.4,0.0,1024.0,0.0,0.0,10.1,82.0,2.1,6.1
2026-09-24T23:30,320.1,0.0,1023.9,0.0,0.0,10.3,80.7,1.8,5.4
2026-09-24T23:40,31.0,0.0,1023.9,0.0,0.0,10.1,79.7,2.3,8.3
2026-09-24T23:50,67.6,0.0,1023.6,0.0,0.0,10.0,79.1,1.7,5.7
2026-09-25T00:00,35.2,0.0,1023.7,0.0,0.0,9.6,81.6,1.7,4.7
2026-09-25T00:10,263.9,0.0,1023.5,0.0,0.0,9.5,81.8,0.7,2.9
2026-09-25T00:20,321.6,0.0,1023.2,0.0,0.0,9.7,81.0,3.4,6.9
2026-09-25T00:30,304.4,0.0,1023.0,0.0,0.0,9.9,79.4,4.2,8.2
2026-09-25T00:40,276.9,0.0,1023.0,0.0,0.0,9.9,77.8,1.7,5.2
2026-09-25T00:50,220.5,0.0,1023.4,0.0,0.0,8.8,82.8,2.1,3.5
2026-09-25T01:10,168.8,0.0,1023.8,0.0,0.0,7.7,88.6,0.4,1.8
2026-09-25T01:20,327.7,0.0,1024.0,0.0,0.0,7.3,90.3,0.4,2.3
2026-09-25T01:30,32.3,0.0,1023.9,0.0,0.0,7.6,87.5,1.3,3.5
2026-09-25T01:40,26.4,0.0,1023.9,0.0,0.0,7.8,85.9,2.0,3.0
2026-09-25T01:50,319.5,0.0,1023.8,0.0,0.0,7.9,85.4,1.5,2.7
2026-09-25T02:00,312.7,0.0,1023.7,0.0,0.0,8.1,84.3,1.9,3.2
2026-09-25T02:10,305.1,0.0,1023.7,0.0,0.0,8.1,83.2,0.7,3.3
2026-09-25T02:20,301.1,0.0,1023.8,0.0,0.0,7.9,83.8,1.6,3.6
2026-09-25T02:30,110.3,0.0,1023.8,0.0,0.0,7.6,85.3,0.4,2.3
2026-09-25T02:40,42.0,0.0,1023.8,0.0,0.0,7.8,85.0,1.5,2.9
2026-09-25T02:50,65.3,0.0,1023.5,0.0,0.0,8.1,81.9,2.2,5.1
2026-09-25T03:00,123.0,0.0,1023.6,0.0,0.0,7.9,82.1,0.8,2.6
2026-09-25T03:10,81.4,0.0,1023.7,0.0,0.0,7.2,87.8,0.8,1.9
2026-09-25T03:20,194.1,0.0,1023.8,0.0,0.0,7.0,87.8,0.6,1.6
2026-09-25T03:30,232.6,0.0,1024.3,0.0,0.0,6.2,91.4,0.9,1.8
2026-09-25T03:40,215.4,0.0,1024.4,0.0,0.0,5.8,93.6,1.2,1.9
2026-09-25T03:50,208.5,0.0,1024.6,0.0,0.0,5.6,94.7,1.7,2.7
2026-09-25T04:00,228.5,0.0,1024.7,0.0,0.0,5.4,95.3,1.1,1.8
2026-09-25T04:10,224.4,0.0,1024.8,0.0,0.0,5.3,95.4,1.0,2.1
2026-09-25T04:20,202.0,0.0,1024.9,0.0,0.0,5.0,96.5,0.2,0.9
2026-09-25T04:30,92.2,0.0,1025.0,0.0,0.0,4.8,96.8,0.7,1.6
2026-09-25T04:40,294.3,0.0,1025.1,0.0,0.0,4.4,97.5,0.2,1.3
2026-09-25T04:50,140.5,0.0,1025.2,0.0,0.0,4.3,97.6,0.4,1.4
2026-09-25T05:00,58.2,0.0,1025.5,0.0,0.0,3.8,98.1,0.5,2.1
2026-09-25T05:10,228.9,0.0,1025.8,0.0,0.0,3.8,98.6,0.4,1.8
2026-09-25T05:20,190.3,0.0,1025.8,0.0,0.0,3.9,98.5,0.9,1.5
2026-09-25T05:30,226.3,0.0,1025.8,0.0,0.0,3.9,98.7,0.8,1.4
2026-09-25T05:40,224.7,0.0,1026.0,0.0,0.0,3.6,98.8,1.3,2.4
2026-09-25T05:50,94.3,0.0,1026.2,0.0,0.0,3.5,98.8,0.9,2.7
2026-09-25T06:00,28.0,0.0,1026.6,0.0,0.0,3.0,99.0,0.6,2.1
2026-09-25T06:10,325.2,0.0,1026.5,0.0,0.0,3.2,99.3,0.1,1.4
2026-09-25T06:20,226.4,0.0,1026.5,0.0,0.0,3.2,98.9,0.5,1.5
2026-09-25T06:30,63.1,0.0,1026.6,0.0,0.0,3.1,99.0,0.9,1.8
2026-09-25T06:40,19.5,0.0,1026.8,0.0,0.0,2.9,99.5,0.9,1.5
2026-09-25T06:50,323.4,0.0,1026.8,0.0,0.0,3.1,99.6,0.6,1.3
2026-09-25T07:00,108.4,0.0,1026.8,0.0,0.0,3.0,99.2,0.7,1.4
2026-09-25T07:10,1.1,0.0,1027.0,0.7,0.0,2.8,99.5,0.5,1.4
2026-09-25T07:20,50.2,0.0,1026.9,3.5,0.0,2.9,99.6,0.6,2.3
2026-09-25T07:30,39.4,0.0,1027.0,6.8,0.0,2.6,99.4,1.3,2.2
2026-09-25T07:40,43.8,0.0,1026.8,9.3,0.0,3.3,99.7,0.4,1.5
2026-09-25T07:50,329.3,0.0,1026.7,12.0,0.0,3.6,99.4,0.4,0.9
2026-09-25T08:10,135.1,0.0,1026.7,16.9,0.0,3.7,98.6,0.2,1.0
2026-09-25T08:20,219.3,0.0,1026.9,19.2,0.0,3.3,98.9,0.8,1.3
2026-09-25T08:30,193.2,0.0,1026.9,21.2,0.0,3.4,99.2,1.1,1.7
2026-09-25T08:50,195.7,0.0,1027.0,26.4,0.0,3.3,99.3,1.2,2.1
2026-09-25T09:00,193.7,0.0,1026.9,29.4,0.0,3.4,99.4,1.2,2.1
2026-09-25T09:10,214.3,0.0,1026.9,32.1,0.0,3.4,99.2,1.0,1.6
2026-09-25T09:20,140.8,0.0,1026.9,35.4,0.0,3.5,99.2,0.4,0.7
2026-09-25T09:30,65.1,0.0,1026.6,277.2,489.0,4.1,99.2,0.6,1.4
2026-09-25T09:50,79.9,0.0,1025.8,418.4,600.0,5.8,96.0,1.2,1.8
2026-09-25T10:00,68.7,0.0,1025.6,446.0,600.0,6.2,94.3,1.1,1.9
2026-09-25T10:10,52.5,0.0,1025.4,471.6,598.0,6.5,93.6,1.3,2.2
2026-09-25T10:20,45.1,0.0,1025.1,497.0,598.0,7.1,91.5,1.1,1.9
2026-09-25T10:40,109.0,0.0,1024.4,543.1,600.0,8.7,82.6,0.2,1.5
2026-09-25T10:50,45.0,0.0,1024.0,565.0,598.0,9.2,79.3,0.9,2.1
2026-09-25T11:00,8.6,0.0,1023.7,584.9,600.0,9.7,78.3,1.0,1.7
2026-09-25T11:10,57.7,0.0,1023.5,603.6,599.0,10.1,71.4,0.7,1.7
2026-09-25T11:20,41.8,0.0,1023.1,620.4,600.0,10.9,69.3,0.9,1.8
2026-09-25T11:30,67.1,0.0,1022.8,636.5,600.0,11.2,63.9,0.5,1.7
2026-09-25T11:40,82.4,0.0,1022.3,650.9,600.0,11.9,64.1,0.6,1.4
2026-09-25T11:50,48.4,0.0,1022.1,663.5,600.0,12.5,60.9,0.4,1.8
2026-09-25T12:10,330.9,0.0,1021.5,683.8,600.0,13.2,56.5,0.7,1.6
2026-09-25T12:20,301.0,0.0,1021.1,693.1,600.0,13.7,56.7,0.7,1.6
2026-09-25T12:30,359.1,0.0,1020.8,700.1,599.0,14.1,53.9,1.0,2.2
2026-09-25T12:50,9.5,0.0,1020.1,710.0,600.0,14.9,52.3,0.9,1.7
2026-09-25T13:00,71.6,0.0,1019.9,712.0,600.0,15.2,51.9,0.5,1.7
2026-09-25T13:10,135.0,0.0,1019.4,713.0,597.0,15.8,48.8,0.4,1.6
2026-09-25T13:20,73.8,0.0,1019.1,712.1,600.0,15.9,45.9,0.1,1.0
2026-09-25T13:30,198.7,0.0,1018.8,710.1,599.0,16.4,46.5,0.3,1.4
2026-09-25T13:40,240.6,0.0,1018.3,706.0,600.0,16.9,48.8,0.7,1.9
2026-09-25T13:50,190.2,0.0,1018.0,701.4,600.0,17.4,45.5,0.4,1.6
2026-09-25T14:00,144.1,0.0,1017.8,694.4,598.0,17.5,41.1,0.3,1.0
2026-09-25T14:10,136.7,0.0,1017.4,685.3,600.0,18.0,40.9,0.4,1.2
2026-09-25T14:20,225.4,0.0,1017.0,675.2,600.0,18.4,44.2,1.1,2.6
2026-09-25T14:30,242.7,0.0,1016.9,665.0,600.0,18.5,41.4,1.0,2.4
2026-09-25T14:40,212.2,0.0,1016.6,652.5,598.0,19.0,44.6,1.4,2.1
2026-09-25T14:50,223.8,0.0,1016.3,638.7,597.0,19.3,42.9,1.2,2.1
2026-09-25T15:00,209.7,0.0,1016.1,621.7,600.0,19.5,43.3,1.0,2.3
2026-09-25T15:10,211.3,0.0,1016.0,606.1,600.0,19.6,42.9,1.1,2.4
2026-09-25T15:20,225.5,0.0,1015.8,584.1,600.0,19.7,40.9,1.1,2.3
2026-09-25T15:30,187.4,0.0,1015.6,570.2,597.0,20.0,40.4,0.9,2.1
2026-09-25T15:40,231.3,0.0,1015.7,541.8,600.0,19.9,37.7,1.2,2.9
2026-09-25T15:50,201.0,0.0,1015.5,526.3,600.0,20.2,39.4,1.6,2.5
2026-09-25T16:00,231.9,0.0,1015.5,503.7,597.0,20.2,35.9,1.2,2.7
2026-09-25T16:10,223.8,0.0,1015.3,478.3,600.0,20.3,38.5,1.2,2.0
2026-09-25T16:30,211.6,0.0,1015.5,427.1,600.0,19.6,36.9,1.4,3.1
2026-09-25T16:40,269.6,0.0,1015.5,398.0,600.0,19.8,34.6,1.7,4.2
2026-09-25T16:50,274.9,0.0,1015.5,367.3,600.0,20.0,30.5,2.9,4.5
2026-09-25T17:00,266.1,0.0,1015.7,337.4,597.0,19.2,34.2,3.0,5.0
2026-09-25T17:10,235.0,0.0,1015.9,309.6,600.0,18.8,35.5,1.2,2.8
2026-09-25T17:30,239.4,0.0,1016.2,249.1,152.0,18.2,37.7,1.4,3.7
2026-09-25T17:40,259.1,0.0,1016.4,217.8,274.0,18.0,39.1,2.0,3.9
2026-09-25T17:50,266.2,0.0,1016.5,186.9,600.0,17.8,37.4,1.7,4.5
2026-09-25T18:10,254.5,0.0,1017.2,124.5,600.0,16.2,44.9,1.2,3.3
2026-09-25T18:20,279.5,0.0,1017.3,21.4,49.0,16.1,39.7,3.0,6.0
2026-09-25T18:30,275.5,0.0,1017.6,13.6,0.0,15.9,39.0,4.6,7.6
2026-09-25T18:40,292.4,0.0,1018.1,9.9,0.0,15.2,42.1,5.0,7.6
2026-09-25T18:50,274.4,0.0,1018.3,5.9,0.0,15.3,40.7,4.9,7.1
2026-09-25T19:00,275.2,0.0,1018.5,2.3,0.0,15.1,41.6,4.3,7.5
2026-09-25T19:10,286.0,0.0,1018.7,0.1,0.0,15.1,41.0,4.6,7.9
2026-09-25T19:20,289.1,0.0,1019.2,0.0,0.0,14.2,46.7,2.1,5.5
2026-09-25T19:30,281.5,0.0,1019.5,0.0,0.0,14.2,45.4,0.8,3.4
2026-09-25T19:40,326.9,0.0,1020.1,0.0,0.0,12.9,53.0,0.9,3.8
2026-09-25T19:50,45.9,0.0,1020.1,0.0,0.0,13.0,51.6,0.7,2.9
2026-09-25T20:00,348.4,0.0,1020.5,0.0,0.0,12.3,57.7,1.8,3.8
2026-09-25T20:10,323.2,0.0,1020.6,0.0,0.0,12.7,53.0,2.4,4.9
2026-09-25T20:20,344.2,0.0,1021.0,0.0,0.0,11.8,59.6,2.0,4.0
2026-09-25T20:30,283.8,0.0,1021.1,0.0,0.0,12.0,56.4,1.4,3.1
2026-09-25T20:40,230.3,0.0,1021.5,0.0,0.0,11.1,62.5,0.9,1.9
2026-09-25T20:50,226.4,0.0,1022.0,0.0,0.0,10.4,67.4,0.3,1.9
2026-09-25T21:00,106.3,0.0,1022.7,0.0,0.0,9.3,74.2,0.4,1.3
2026-09-25T21:10,39.8,0.0,1023.0,0.0,0.0,8.9,76.9,0.4,1.1
2026-09-25T21:20,20.4,0.0,1023.2,0.0,0.0,8.6,77.8,0.8,2.3
2026-09-25T21:30,336.3,0.0,1023.3,0.0,0.0,8.5,78.0,1.2,2.1
2026-09-25T21:40,289.3,0.0,1023.2,0.0,0.0,9.1,73.4,0.4,3.1
2026-09-25T21:50,347.0,0.0,1023.3,0.0,0.0,9.2,70.9,0.8,3.0
2026-09-25T22:00,311.5,0.0,1023.5,0.0,0.0,8.7,74.4,0.5,2.3
2026-09-25T22:10,359.1,0.0,1023.8,0.0,0.0,8.3,76.1,0.6,2.9
2026-09-25T22:20,335.6,0.0,1024.0,0.0,0.0,8.5,74.4,1.5,3.2
2026-09-25T22:30,346.9,0.0,1024.6,0.0,0.0,7.0,85.4,1.9,2.6
2026-09-25T22:40,329.6,0.0,1024.2,0.0,0.0,8.2,76.0,0.9,1.8
2026-09-25T22:50,179.5,0.0,1024.4,0.0,0.0,7.9,78.5,0.6,1.8
2026-09-25T23:00,311.5,0.0,1025.0,0.0,0.0,7.0,83.1,0.3,1.5
2026-09-25T23:10,352.5,0.0,1025.3,0.0,0.0,6.7,85.3,0.6,2.0
2026-09-25T23:20,298.9,0.0,1025.5,0.0,0.0,6.6,86.1,0.1,1.0
2026-09-25T23:30,10.6,0.0,1025.6,0.0,0.0,6.3,88.0,0.5,1.6
2026-09-25T23:40,318.6,0.0,1025.4,0.0,0.0,6.9,81.9,0.9,2.1
2026-09-25T23:50,20.2,0.0,1025.6,0.0,0.0,6.2,86.8,0.6,1.6
2026-09-26T00:00,353.9,0.0,1026.0,0.0,0.0,5.7,89.9,0.6,1.4
2026-09-26T00:10,346.5,0.0,1025.6,0.0,0.0,6.4,85.3,0.6,2.0
2026-09-26T00:20,3.1,0.0,1026.2,0.0,0.0,5.1,91.8,0.9,1.5
2026-09-26T00:30,335.9,0.0,1025.6,0.0,0.0,6.3,83.7,0.9,1.8
2026-09-26T00:40,308.6,0.0,1025.5,0.0,0.0,6.6,81.6,0.8,2.1
2026-09-26T00:50,355.2,0.0,1025.9,0.0,0.0,5.9,87.8,0.9,2.3
2026-09-26T01:10,232.8,0.0,1026.2,0.0,0.0,5.8,88.6,0.6,2.3
2026-09-26T01:30,336.1,0.0,1026.7,0.0,0.0,5.1,91.2,0.2,1.0
2026-09-26T01:40,340.1,0.0,1026.7,0.0,0.0,5.2,91.0,0.3,1.0
2026-09-26T01:50,38.8,0.0,1026.7,0.0,0.0,5.2,90.2,0.7,1.9
2026-09-26T02:00,343.2,0.0,1026.7,0.0,0.0,5.3,88.6,1.0,3.3
2026-09-26T02:10,356.0,0.0,1026.4,0.0,0.0,6.0,85.3,1.5,3.0
2026-09-26T02:20,29.7,0.0,1026.4,0.0,0.0,5.8,86.3,0.9,1.6
2026-09-26T02:30,69.7,0.0,1026.4,0.0,0.0,5.9,85.2,0.9,1.6
2026-09-26T02:40,69.3,0.0,1026.4,0.0,0.0,5.9,85.0,1.4,2.0
2026-09-26T02:50,312.6,0.0,1026.7,0.0,0.0,5.3,87.9,0.4,1.2
2026-09-26T03:00,24.4,0.0,1026.8,0.0,0.0,5.3,88.1,0.3,1.2
2026-09-26T03:10,241.4,0.0,1027.0,0.0,0.0,5.0,90.0,0.8,1.5
2026-09-26T03:20,212.1,0.0,1027.2,0.0,0.0,4.8,91.4,0.8,1.6
2026-09-26T03:30,223.4,0.0,1027.4,0.0,0.0,4.7,91.9,1.3,1.9
2026-09-26T03:40,216.5,0.0,1027.5,0.0,0.0,4.5,93.0,0.8,1.4
2026-09-26T03:50,264.1,0.0,1027.6,0.0,0.0,4.2,93.3,0.3,1.1
2026-09-26T04:00,359.2,0.0,1027.8,0.0,0.0,3.7,94.8,0.6,1.3
2026-09-26T04:10,107.2,0.0,1027.8,0.0,0.0,3.7,94.8,0.3,0.7
2026-09-26T04:20,143.3,0.0,1027.9,0.0,0.0,3.4,95.8,0.2,0.8
2026-09-26T04:30,134.3,0.0,1027.9,0.0,0.0,3.4,96.3,0.4,1.1
2026-09-26T04:40,144.7,0.0,1028.1,0.0,0.0,3.0,96.7,0.5,1.1
2026-09-26T04:50,171.1,0.0,1028.1,0.0,0.0,3.1,96.9,0.1,0.7
2026-09-26T05:00,46.3,0.0,1028.1,0.0,0.0,3.3,96.6,0.2,0.9
2026-09-26T05:10,229.3,0.0,1028.2,0.0,0.0,3.2,96.1,0.1,0.8
2026-09-26T05:20,46.2,0.0,1028.5,0.0,0.0,2.8,96.8,0.4,1.3
2026-09-26T05:30,310.3,0.0,1028.6,0.0,0.0,2.9,96.8,0.2,1.0
2026-09-26T05:40,295.0,0.0,1028.5,0.0,0.0,3.1,96.6,0.6,0.9
2026-09-26T05:50,113.3,0.0,1028.7,0.0,0.0,3.0,96.5,0.2,1.0
2026-09-26T06:00,117.6,0.0,1028.8,0.0,0.0,3.0,97.4,0.6,1.3
2026-09-26T06:10,21.9,0.0,1028.9,0.0,0.0,2.5,97.5,0.3,1.0
2026-09-26T06:20,38.6,0.0,1028.7,0.0,0.0,3.1,97.2,0.5,1.6
2026-09-26T06:30,10.2,0.0,1028.9,0.0,0.0,2.7,96.9,0.5,1.1
2026-09-26T06:40,19.3,0.0,1028.9,0.0,0.0,2.5,97.2,0.6,1.6
2026-09-26T06:50,356.8,0.0,1028.9,0.0,0.0,2.6,97.1,0.7,1.4
2026-09-26T07:00,300.5,0.0,1028.7,0.0,0.0,3.2,96.5,0.5,1.4
2026-09-26T07:10,264.0,0.0,1028.9,0.5,0.0,2.9,96.3,0.3,0.9
2026-09-26T07:20,274.4,0.0,1029.0,3.0,0.0,3.1,95.6,0.4,1.5
2026-09-26T07:30,214.3,0.0,1029.0,5.8,0.0,3.3,96.5,1.3,1.9
2026-09-26T07:40,200.5,0.0,1029.0,8.6,0.0,3.4,96.2,0.9,1.4
2026-09-26T07:50,197.6,0.0,1029.2,11.4,0.0,3.2,96.5,0.7,1.4
2026-09-26T08:00,221.3,0.0,1029.2,13.6,0.0,3.3,96.7,0.8,1.4
2026-09-26T08:10,160.3,0.0,1029.2,15.8,0.0,3.2,97.0,0.4,1.0
2026-09-26T08:20,169.4,0.0,1029.2,17.9,0.0,3.1,97.6,0.5,0.9
2026-09-26T08:30,210.8,0.0,1029.4,20.2,0.0,2.7,97.5,0.3,0.8
2026-09-26T08:40,177.3,0.0,1029.5,22.4,0.0,2.7,98.3,0.4,0.9
2026-09-26T08:50,147.4,0.0,1029.5,25.1,0.0,2.8,98.2,0.3,0.8
2026-09-26T09:00,62.3,0.0,1029.6,28.1,0.0,2.7,98.5,0.1,0.8
2026-09-26T09:10,105.8,0.0,1029.5,30.5,0.0,2.9,98.0,0.4,0.6
2026-09-26T09:20,112.6,0.0,1029.3,33.0,0.0,3.0,98.2,0.3,0.9
2026-09-26T09:30,64.5,0.0,1029.1,226.1,412.0,3.5,98.5,0.6,0.9
2026-09-26T09:40,39.5,0.0,1028.4,375.7,600.0,5.3,95.3,0.8,1.3
2026-09-26T09:50,27.9,0.0,1028.0,402.8,600.0,6.3,90.6,0.5,1.0
2026-09-26T10:00,82.9,0.0,1027.5,429.2,600.0,7.2,87.7,0.6,1.4
2026-09-26T10:10,104.4,0.0,1027.1,455.1,599.0,7.9,82.0,0.4,1.4
2026-09-26T10:20,74.3,0.0,1026.7,479.5,600.0,8.8,78.1,0.5,1.1
2026-09-26T10:30,53.6,0.0,1026.5,502.7,599.0,9.4,76.8,1.2,2.1
2026-09-26T10:40,53.2,0.0,1026.2,525.0,599.0,9.7,74.5,0.7,1.4
2026-09-26T10:50,33.5,0.0,1026.0,545.3,600.0,10.3,68.6,0.6,1.2
2026-09-26T11:00,48.4,0.0,1025.5,564.3,598.0,11.0,66.3,0.7,1.3
2026-09-26T11:10,98.5,0.0,1025.1,582.5,600.0,11.7,64.4,0.6,1.5
2026-09-26T11:20,176.6,0.0,1024.7,600.1,599.0,12.3,58.4,0.4,1.2
2026-09-26T11:30,258.2,0.0,1024.4,614.8,599.0,12.8,55.2,0.2,1.1
2026-09-26T11:40,350.4,0.0,1024.1,628.7,597.0,13.4,57.6,0.0,1.1
2026-09-26T11:50,104.2,0.0,1023.8,643.5,600.0,13.8,56.3,0.7,1.5
2026-09-26T12:00,89.4,0.0,1023.5,671.6,600.0,14.3,57.1,0.4,1.2
2026-09-26T12:10,355.1,0.0,1023.1,597.9,600.0,14.8,58.9,0.5,1.5
2026-09-26T12:20,45.5,0.0,1023.0,487.3,598.0,15.0,57.1,0.8,1.6
2026-09-26T12:30,60.4,0.0,1022.9,398.1,387.0,15.0,55.4,1.2,2.1
2026-09-26T12:40,34.6,0.0,1022.6,452.7,584.0,15.3,54.9,1.4,2.0
2026-09-26T12:50,9.9,0.0,1022.4,374.2,67.0,15.4,52.6,1.0,1.7
2026-09-26T13:00,353.0,0.0,1022.3,383.2,47.0,15.7,53.0,0.8,1.5
2026-09-26T13:10,23.8,0.0,1022.1,401.1,115.0,16.1,52.6,0.6,1.4
2026-09-26T13:20,37.4,0.0,1021.8,394.2,117.0,16.5,51.5,0.6,1.2
2026-09-26T13:30,26.1,0.0,1021.7,750.7,600.0,17.0,50.5,0.5,1.7
2026-09-26T13:40,15.4,0.0,1021.3,725.7,600.0,17.6,47.9,0.4,1.5
2026-09-26T13:50,119.2,0.0,1020.9,676.3,599.0,18.0,46.6,0.5,1.4
2026-09-26T14:00,168.1,0.0,1020.4,690.6,600.0,18.6,44.5,0.8,1.6
2026-09-26T14:10,153.5,0.0,1020.4,680.3,600.0,18.8,44.3,0.7,1.8
2026-09-26T14:20,167.6,0.0,1020.2,665.9,599.0,19.2,40.8,0.5,1.7
2026-09-26T14:30,286.5,0.0,1020.0,645.3,600.0,19.4,42.6,0.1,1.5
2026-09-26T14:40,216.3,0.0,1019.6,627.1,600.0,19.8,45.5,1.3,2.1
2026-09-26T14:50,198.2,0.0,1019.4,612.4,600.0,19.9,46.2,0.9,2.1
2026-09-26T15:00,229.2,0.0,1019.1,598.2,600.0,20.2,48.0,1.3,2.0
2026-09-26T15:10,217.0,0.0,1018.8,582.0,600.0,20.4,46.2,1.0,1.7
2026-09-26T15:20,237.3,0.0,1018.7,565.1,600.0,20.3,44.1,0.7,1.5
2026-09-26T15:30,212.7,0.0,1018.6,545.9,600.0,20.5,44.4,0.9,2.2
2026-09-26T15:40,233.6,0.0,1018.5,525.5,600.0,20.6,43.0,1.0,1.6
2026-09-26T15:50,237.3,0.0,1018.4,503.8,599.0,20.7,43.7,1.3,2.1
2026-09-26T16:00,236.8,0.0,1018.4,480.3,600.0,20.7,44.8,1.6,2.3
2026-09-26T16:10,227.1,0.0,1018.2,455.8,600.0,21.0,40.2,1.1,1.5
2026-09-26T16:20,213.9,0.0,1018.2,430.8,598.0,20.8,47.1,0.9,1.3
2026-09-26T16:30,223.0,0.0,1018.4,404.8,600.0,20.2,54.5,0.7,1.3
2026-09-26T16:40,217.2,0.0,1018.7,378.1,598.0,19.3,60.3,0.8,1.1
2026-09-26T16:50,221.7,0.0,1018.8,350.3,600.0,19.1,55.8,1.0,1.5
2026-09-26T17:00,229.4,0.0,1018.9,322.0,598.0,18.8,52.4,1.1,1.7
2026-09-26T17:10,241.1,0.0,1019.1,293.4,600.0,18.2,59.2,0.9,1.5
2026-09-26T17:20,228.4,0.0,1019.3,264.1,600.0,17.7,57.4,1.0,1.7
2026-09-26T17:30,234.6,0.0,1019.5,234.2,207.0,17.1,58.5,0.7,1.5
2026-09-26T17:40,244.3,0.0,1019.8,203.8,215.0,16.8,60.9,0.5,2.0
2026-09-26T17:50,236.9,0.0,1019.7,173.9,599.0,17.0,58.8,1.2,2.0
2026-09-26T18:00,229.9,0.0,1020.1,145.1,597.0,15.9,64.8,1.2,2.2
2026-09-26T18:10,220.2,0.0,1020.6,89.5,477.0,15.3,67.7,1.0,2.2
2026-09-26T18:20,282.5,0.0,1021.0,17.5,0.0,15.0,66.8,1.6,4.0
2026-09-26T18:30,286.5,0.0,1021.0,12.9,0.0,15.2,65.3,1.8,3.6
2026-09-26T18:40,292.0,0.0,1021.2,9.2,0.0,14.7,67.3,2.2,4.2
2026-09-26T18:50,304.4,0.0,1021.3,5.2,0.0,15.1,64.2,2.8,5.9
2026-09-26T19:00,299.7,0.0,1021.6,2.0,0.0,15.1,63.3,2.9,5.0
2026-09-26T19:10,345.5,0.0,1022.0,0.1,0.0,14.4,66.8,2.1,4.0
2026-09-26T19:20,355.5,0.0,1022.5,0.0,0.0,13.8,70.0,2.0,3.5
2026-09-26T19:30,44.4,0.0,1022.8,0.0,0.0,13.4,71.1,0.9,2.4
2026-09-26T19:40,351.2,0.0,1022.9,0.0,0.0,13.6,69.0,0.6,2.1
2026-09-26T19:50,318.5,0.0,1023.2,0.0,0.0,13.3,70.1,1.7,3.2
2026-09-26T20:00,348.7,0.0,1023.6,0.0,0.0,13.0,72.9,1.9,3.6
2026-09-26T20:10,358.7,0.0,1024.0,0.0,0.0,12.3,76.4,1.3,2.2
2026-09-26T20:20,5.2,0.0,1024.3,0.0,0.0,12.1,77.0,1.3,2.7
2026-09-26T20:30,2.9,0.0,1024.5,0.0,0.0,12.2,76.2,1.0,2.8
2026-09-26T20:40,65.5,0.0,1024.5,0.0,0.0,12.5,72.3,0.7,2.5
2026-09-26T20:50,55.5,0.0,1024.8,0.0,0.0,12.4,74.5,0.5,2.4
2026-09-26T21:00,347.2,0.0,1024.9,0.0,0.0,12.6,72.0,1.1,4.0
2026-09-26T21:10,315.3,0.0,1025.2,0.0,0.0,12.2,73.8,1.6,3.7
2026-09-26T21:20,330.8,0.0,1025.2,0.0,0.0,12.1,75.7,1.3,3.2
2026-09-26T21:30,323.9,0.0,1025.3,0.0,0.0,12.2,73.5,1.3,3.4
2026-09-26T21:40,42.0,0.0,1025.7,0.0,0.0,11.6,77.2,1.8,3.1
2026-09-26T21:50,337.3,0.0,1026.0,0.0,0.0,11.0,80.8,1.4,2.4
2026-09-26T22:00,42.2,0.0,1026.2,0.0,0.0,10.6,82.8,1.0,2.4
2026-09-26T22:10,52.3,0.0,1026.1,0.0,0.0,11.2,78.1,1.1,2.8
2026-09-26T22:20,57.6,0.0,1025.8,0.0,0.0,12.0,72.9,1.2,3.4
2026-09-26T22:30,5.4,0.0,1026.6,0.0,0.0,10.3,82.7,1.4,2.4
2026-09-26T22:40,5.8,0.0,1026.5,0.0,0.0,10.9,79.2,0.9,1.9
2026-09-26T22:50,340.5,0.0,1026.4,0.0,0.0,11.3,76.3,0.6,1.6
2026-09-26T23:00,29.1,0.0,1026.5,0.0,0.0,11.5,74.3,0.7,2.3
2026-09-26T23:10,22.2,0.0,1027.2,0.0,0.0,10.0,82.9,1.3,3.0
2026-09-26T23:20,17.1,0.0,1027.3,0.0,0.0,9.8,83.6,1.6,2.6
2026-09-26T23:30,32.3,0.0,1027.4,0.0,0.0,9.3,86.9,1.2,2.0
2026-09-26T23:40,61.3,0.0,1027.5,0.0,0.0,9.6,84.6,1.0,1.8
2026-09-26T23:50,31.5,0.0,1027.2,0.0,0.0,10.3,79.7,0.7,2.2
2026-09-27T00:00,355.2,0.0,1027.5,0.0,0.0,9.9,81.0,0.8,1.7
2026-09-27T00:10,274.8,0.0,1027.8,0.0,0.0,9.4,85.2,0.6,0.8
2026-09-27T00:20,228.1,0.0,1027.9,0.0,0.0,9.0,87.8,0.5,1.3
2026-09-27T00:30,181.7,0.0,1028.1,0.0,0.0,8.5,90.7,0.2,1.3
2026-09-27T00:40,162.4,0.0,1028.3,0.0,0.0,8.1,92.5,0.5,1.3
2026-09-27T00:50,205.3,0.0,1028.5,0.0,0.0,7.8,93.2,0.5,1.1
2026-09-27T01:10,85.0,0.0,1028.9,0.0,0.0,6.8,96.2,0.2,0.6
2026-09-27T01:20,12.3,0.0,1028.9,0.0,0.0,6.7,96.9,0.2,0.4
2026-09-27T01:30,37.9,0.0,1029.0,0.0,0.0,6.5,97.1,0.2,0.4
2026-09-27T01:40,85.2,0.0,1029.1,0.0,0.0,6.2,97.4,0.2,0.4
2026-09-27T01:50,76.0,0.0,1029.1,0.0,0.0,6.3,96.8,0.1,0.4
2026-09-27T02:00,220.4,0.0,1029.4,0.0,0.0,5.8,97.9,0.8,1.0
2026-09-27T02:10,227.1,0.0,1029.2,0.0,0.0,6.2,97.5,0.5,0.8
2026-09-27T02:20,347.7,0.0,1029.5,0.0,0.0,5.7,97.0,0.1,0.6
2026-09-27T02:30,14.6,0.0,1029.6,0.0,0.0,5.3,99.0,0.6,1.0
2026-09-27T02:40,18.4,0.0,1029.3,0.0,0.0,5.8,98.6,0.6,1.1
2026-09-27T02:50,349.7,0.0,1029.1,0.0,0.0,6.2,97.8,0.2,0.7
2026-09-27T03:00,40.3,0.0,1029.3,0.0,0.0,5.8,97.4,0.3,0.5
2026-09-27T03:10,292.5,0.0,1029.4,0.0,0.0,5.3,97.9,0.4,0.8
2026-09-27T03:20,83.0,0.0,1029.1,0.0,0.0,5.5,98.4,0.4,1.3
2026-09-27T03:30,235.7,0.0,1029.3,0.0,0.0,5.0,98.2,0.3,0.7
2026-09-27T03:40,215.3,0.0,1029.4,0.0,0.0,5.0,98.5,0.5,1.0
2026-09-27T03:50,231.8,0.0,1029.3,0.0,0.0,5.4,99.0,0.9,1.3
2026-09-27T04:00,191.7,0.0,1029.2,0.0,0.0,5.3,98.2,0.4,0.9
2026-09-27T04:10,105.4,0.0,1029.3,0.0,0.0,5.0,98.7,0.4,0.9
2026-09-27T04:20,352.3,0.0,1029.5,0.0,0.0,4.9,99.4,0.4,1.0
2026-09-27T04:30,27.3,0.0,1029.5,0.0,0.0,4.8,98.7,0.2,0.6
2026-09-27T04:40,190.7,0.0,1029.4,0.0,0.0,5.0,99.1,0.2,0.7
2026-09-27T04:50,209.4,0.0,1029.4,0.0,0.0,5.0,98.6,0.8,1.1
2026-09-27T05:00,212.3,0.0,1029.5,0.0,0.0,4.8,98.9,0.7,1.1
2026-09-27T05:10,228.8,0.0,1029.6,0.0,0.0,4.6,98.6,0.6,1.1
2026-09-27T05:20,238.5,0.0,1029.7,0.0,0.0,4.4,99.3,0.6,0.9
2026-09-27T05:30,128.2,0.0,1029.7,0.0,0.0,4.3,99.0,0.4,0.8
2026-09-27T05:40,118.8,0.0,1029.8,0.0,0.0,3.6,99.1,0.1,0.7
2026-09-27T05:50,29.5,0.0,1029.7,0.0,0.0,4.1,99.6,0.1,0.4
2026-09-27T06:00,39.0,0.0,1029.7,0.0,0.0,3.9,99.6,0.4,0.7
2026-09-27T06:10,175.5,0.0,1029.6,0.0,0.0,4.1,99.9,0.0,0.5
2026-09-27T06:20,145.8,0.0,1029.7,0.0,0.0,4.1,99.3,0.1,0.3
2026-09-27T06:30,269.5,0.0,1029.7,0.0,0.0,4.0,99.1,0.2,0.3
2026-09-27T06:40,113.6,0.0,1029.9,0.0,0.0,3.6,99.3,0.3,0.6
2026-09-27T06:50,235.4,0.0,1030.0,0.0,0.0,3.1,99.3,0.1,0.4
2026-09-27T07:00,329.5,0.0,1030.1,0.0,0.0,3.3,99.9,0.1,0.4
2026-09-27T07:10,9.8,0.0,1030.1,0.3,0.0,3.4,100.0,0.1,0.2
2026-09-27T07:20,69.2,0.0,1030.2,2.8,0.0,3.1,100.0,0.1,0.5
2026-09-27T07:30,62.4,0.0,1030.3,5.8,0.0,3.2,100.0,0.4,0.8
2026-09-27T07:40,205.5,0.0,1030.3,8.6,0.0,3.3,100.0,0.2,0.4
2026-09-27T07:50,291.2,0.0,1030.3,11.4,0.0,3.2,100.0,0.1,0.5
2026-09-27T08:00,304.0,0.0,1030.2,13.4,0.0,3.5,100.0,0.2,0.5
2026-09-27T08:10,48.9,0.0,1030.1,15.9,0.0,3.8,100.0,0.1,0.5
2026-09-27T08:20,359.5,0.0,1030.1,18.2,0.0,3.7,100.0,0.2,0.5
2026-09-27T08:30,104.5,0.0,1030.2,20.6,0.0,3.6,100.0,0.2,0.4
2026-09-27T08:40,162.2,0.0,1030.0,22.9,0.0,4.1,100.0,0.9,1.3
2026-09-27T08:50,240.6,0.0,1030.0,25.9,0.0,4.0,100.0,0.3,0.8
2026-09-27T09:00,221.4,0.0,1029.9,28.9,0.0,4.4,100.0,0.8,1.3
2026-09-27T09:10,206.5,0.0,1029.7,31.6,0.0,4.5,100.0,0.8,1.1
2026-09-27T09:20,203.9,0.0,1029.6,34.2,0.0,4.7,100.0,1.1,1.8
2026-09-27T09:30,207.9,0.0,1029.5,127.1,254.0,5.0,100.0,0.9,1.2
2026-09-27T09:40,175.5,0.0,1028.9,369.1,600.0,6.1,100.0,0.4,1.0
2026-09-27T09:50,76.9,0.0,1028.6,396.2,600.0,7.2,98.9,0.9,1.6
2026-09-27T10:00,51.4,0.0,1028.1,422.4,599.0,7.7,95.6,1.3,1.7
2026-09-27T10:10,52.5,0.0,1027.8,448.3,599.0,8.3,92.7,1.1,1.5
2026-09-27T10:20,92.6,0.0,1027.5,473.2,600.0,8.8,89.5,0.7,1.4
2026-09-27T10:30,81.1,0.0,1027.0,495.6,600.0,9.7,85.6,0.7,1.2
2026-09-27T10:40,35.9,0.0,1026.6,517.2,597.0,10.6,83.7,0.5,1.5
2026-09-27T10:50,32.7,0.0,1026.3,539.5,600.0,11.2,82.2,0.8,1.5
2026-09-27T11:00,53.7,0.0,1026.0,560.3,600.0,11.4,80.9,1.8,2.5
2026-09-27T11:10,80.2,0.0,1025.8,578.7,598.0,11.9,77.1,1.1,2.0
2026-09-27T11:20,105.1,0.0,1025.3,595.1,600.0,12.5,72.6,0.8,1.5
2026-09-27T11:30,359.0,0.0,1024.8,609.2,600.0,13.3,71.0,0.2,1.7
2026-09-27T11:40,43.3,0.0,1024.6,622.7,600.0,13.9,69.6,1.1,2.1
2026-09-27T11:50,29.3,0.0,1024.2,635.3,600.0,14.4,66.3,0.8,1.6
2026-09-27T12:00,32.9,0.0,1023.8,645.6,600.0,15.1,63.7,0.6,1.3
2026-09-27T12:10,47.1,0.0,1023.4,654.1,600.0,15.7,60.3,0.1,1.1
2026-09-27T12:20,355.5,0.0,1023.2,661.2,597.0,15.8,59.3,0.9,1.5
2026-09-27T12:30,13.1,0.0,1022.9,665.4,600.0,16.4,59.1,0.6,1.6
2026-09-27T12:40,31.2,0.0,1022.5,669.9,600.0,16.8,56.7,0.7,1.8
2026-09-27T12:50,53.9,0.0,1022.2,671.7,597.0,17.2,55.7,0.5,1.6
2026-09-27T13:00,66.2,0.0,1022.0,674.6,600.0,17.7,55.6,0.3,1.9
2026-09-27T13:10,109.1,0.0,1021.7,674.9,600.0,18.0,54.2,0.6,1.2
2026-09-27T13:20,227.0,0.0,1021.3,674.1,600.0,18.5,53.9,0.7,1.7
2026-09-27T13:30,236.0,0.0,1021.0,671.3,599.0,18.8,52.5,1.0,2.1
2026-09-27T13:40,351.6,0.0,1020.9,668.7,598.0,18.9,52.3,0.6,2.0
2026-09-27T13:50,305.5,0.0,1020.6,662.9,600.0,19.2,52.3,0.9,1.8
2026-09-27T14:00,354.3,0.0,1020.3,656.0,600.0,19.5,51.5,0.6,1.7
2026-09-27T14:10,17.1,0.0,1020.0,647.3,600.0,19.8,51.6,1.0,2.0
2026-09-27T14:20,242.4,0.0,1019.8,636.9,600.0,20.2,51.6,0.7,2.2
2026-09-27T14:30,314.6,0.0,1019.6,625.7,600.0,20.2,49.7,0.8,1.5
2026-09-27T14:40,337.8,0.0,1019.4,613.0,598.0,20.4,51.1,0.4,1.5
2026-09-27T14:50,64.4,0.0,1019.1,599.0,600.0,20.6,49.7,0.2,1.0
2026-09-27T15:00,1.3,0.0,1019.1,580.8,598.0,20.8,50.8,0.1,1.2
2026-09-27T15:10,55.2,0.0,1018.8,562.4,600.0,21.1,50.2,0.7,1.7
2026-09-27T15:20,217.3,0.0,1018.5,542.5,598.0,21.4,52.0,0.7,1.7
2026-09-27T15:30,245.9,0.0,1018.2,522.8,600.0,21.8,53.6,0.8,1.5
2026-09-27T15:40,262.1,0.0,1018.2,502.2,600.0,21.8,49.5,0.1,1.0
2026-09-27T15:50,254.4,0.0,1018.0,480.8,600.0,21.9,47.2,0.6,0.9
2026-09-27T16:00,38.6,0.0,1018.0,459.2,600.0,21.9,47.6,1.1,1.9
2026-09-27T16:10,37.6,0.0,1017.8,435.7,599.0,22.0,45.4,0.9,1.8
2026-09-27T16:20,259.9,0.0,1017.7,411.1,598.0,22.1,49.5,0.5,1.5
2026-09-27T16:30,270.4,0.0,1017.6,385.9,600.0,21.8,53.3,1.4,2.2
2026-09-27T16:40,282.6,0.0,1017.7,360.4,600.0,21.5,54.8,1.7,3.1
2026-09-27T16:50,272.8,0.0,1017.7,332.5,597.0,21.2,54.3,2.3,3.3
2026-09-27T17:00,273.4,0.0,1017.8,304.3,600.0,20.9,57.5,1.7,3.7
2026-09-27T17:10,264.9,0.0,1017.9,276.5,599.0,20.6,56.1,2.2,3.8
2026-09-27T17:20,220.3,0.0,1018.2,248.0,600.0,19.5,62.8,0.8,1.5
2026-09-27T17:30,253.8,0.0,1018.3,219.2,264.0,19.7,59.5,1.2,2.5
2026-09-27T17:40,272.6,0.0,1018.4,190.0,153.0,19.1,61.5,1.8,4.6
2026-09-27T17:50,267.7,0.0,1018.6,161.0,599.0,19.0,59.1,2.2,4.4
2026-09-27T18:00,282.1,0.0,1018.8,130.1,600.0,18.6,59.1,2.2,4.8
2026-09-27T18:10,287.8,0.0,1019.2,31.2,56.0,17.8,61.3,3.2,5.2
2026-09-27T18:20,294.8,0.0,1019.5,17.6,0.0,17.3,61.8,3.8,5.6
2026-09-27T18:30,296.2,0.0,1019.7,13.1,0.0,16.9,63.2,4.6,6.5
2026-09-27T18:40,297.7,0.0,1019.9,8.8,0.0,16.9,62.9,4.0,5.6
2026-09-27T18:50,301.4,0.0,1020.2,5.2,0.0,16.5,64.2,3.8,5.6
2026-09-27T19:00,299.6,0.0,1020.5,1.7,0.0,16.4,65.0,3.3,5.2
2026-09-27T19:10,314.8,0.0,1020.7,0.0,0.0,15.9,67.0,1.8,4.3
2026-09-27T19:20,9.4,0.0,1021.1,0.0,0.0,15.4,69.5,1.1,2.4
2026-09-27T19:30,351.8,0.0,1021.5,0.0,0.0,15.2,69.6,1.4,3.0
2026-09-27T19:40,320.8,0.0,1021.6,0.0,0.0,15.1,69.4,1.3,3.6
2026-09-27T19:50,12.3,0.0,1021.8,0.0,0.0,14.7,71.3,0.8,4.1
2026-09-27T20:00,353.2,0.0,1022.2,0.0,0.0,14.0,75.1,1.1,3.3
2026-09-27T20:10,358.4,0.0,1022.2,0.0,0.0,14.6,71.0,1.2,3.7
2026-09-27T20:20,2.5,0.0,1022.7,0.0,0.0,13.7,76.4,0.5,2.0
2026-09-27T20:30,313.4,0.0,1022.5,0.0,0.0,14.3,71.7,1.9,3.9
2026-09-27T20:40,303.7,0.0,1022.9,0.0,0.0,13.6,75.0,1.5,3.6
2026-09-27T20:50,14.9,0.0,1023.4,0.0,0.0,12.8,79.4,1.3,2.9
2026-09-27T21:00,358.7,0.0,1023.7,0.0,0.0,12.6,81.2,0.7,1.7
2026-09-27T21:10,74.1,0.0,1023.8,0.0,0.0,12.5,80.4,0.6,2.0
2026-09-27T21:20,308.0,0.0,1023.8,0.0,0.0,12.6,79.3,1.2,2.7
2026-09-27T21:30,346.5,0.0,1024.3,0.0,0.0,11.8,83.8,1.5,2.8
2026-09-27T21:40,354.8,0.0,1024.6,0.0,0.0,11.4,86.1,1.1,2.0
2026-09-27T21:50,21.4,0.0,1024.4,0.0,0.0,12.3,81.2,1.1,2.7
2026-09-27T22:00,0.7,0.0,1024.4,0.0,0.0,12.5,78.2,1.4,3.0
2026-09-27T22:10,34.2,0.0,1024.8,0.0,0.0,11.5,84.5,1.3,3.0
2026-09-27T22:30,12.0,0.0,1024.8,0.0,0.0,12.2,79.0,0.6,2.2
2026-09-27T22:40,49.3,0.0,1025.0,0.0,0.0,11.8,81.5,2.2,3.8
2026-09-27T22:50,8.2,0.0,1025.4,0.0,0.0,11.4,85.1,0.4,2.2
2026-09-27T23:00,35.0,0.0,1025.3,0.0,0.0,11.9,81.3,0.8,2.2
2026-09-27T23:10,21.2,0.0,1025.5,0.0,0.0,11.2,83.3,1.3,2.0
2026-09-27T23:20,44.8,0.0,1025.6,0.0,0.0,11.0,85.1,1.0,2.6
2026-09-27T23:30,0.5,0.0,1025.8,0.0,0.0,10.7,85.1,1.2,2.3
2026-09-27T23:40,53.6,0.0,1026.2,0.0,0.0,9.9,89.9,0.7,2.0
2026-09-27T23:50,322.5,0.0,1025.9,0.0,0.0,10.7,86.0,0.2,1.7
2026-09-28T00:00,70.8,0.0,1025.9,0.0,0.0,10.7,85.9,0.8,2.1
2026-09-28T00:10,201.4,0.0,1026.3,0.0,0.0,9.5,90.9,0.5,1.1
2026-09-28T00:20,213.6,0.0,1026.5,0.0,0.0,9.3,92.6,1.0,1.5
2026-09-28T00:30,188.2,0.0,1026.6,0.0,0.0,9.2,93.2,0.8,1.5
2026-09-28T00:40,253.2,0.0,1026.9,0.0,0.0,8.5,95.5,0.5,0.9
2026-09-28T00:50,141.9,0.0,1027.1,0.0,0.0,8.2,96.2,0.3,0.6
2026-09-28T01:10,121.7,0.0,1027.3,0.0,0.0,7.8,97.4,0.2,0.7
2026-09-28T01:20,67.3,0.0,1027.6,0.0,0.0,7.2,97.4,0.1,0.5
2026-09-28T01:30,43.3,0.0,1027.5,0.0,0.0,7.4,98.5,0.4,0.7
2026-09-28T01:40,41.4,0.0,1027.8,0.0,0.0,7.0,98.1,0.2,0.6
2026-09-28T01:50,356.0,0.0,1027.8,0.0,0.0,6.9,98.3,0.3,0.7
2026-09-28T02:00,15.8,0.0,1027.8,0.0,0.0,7.2,97.9,0.2,0.6
2026-09-28T02:10,312.2,0.0,1028.0,0.0,0.0,6.9,98.3,0.2,0.9
2026-09-28T02:20,83.2,0.0,1028.0,0.0,0.0,6.9,98.0,0.3,1.1
2026-09-28T02:30,101.4,0.0,1028.1,0.0,0.0,6.7,97.7,0.3,1.0
2026-09-28T02:40,34.0,0.0,1028.0,0.0,0.0,6.9,98.6,0.2,1.0
2026-09-28T02:50,48.0,0.0,1027.8,0.0,0.0,6.9,98.4,0.7,1.2
2026-09-28T03:00,327.9,0.0,1027.7,0.0,0.0,6.9,98.4,0.2,0.7
2026-09-28T03:10,174.2,0.0,1027.6,0.0,0.0,7.2,98.0,0.6,1.2
2026-09-28T03:20,193.3,0.0,1027.6,0.0,0.0,7.1,97.8,0.5,1.2
2026-09-28T03:30,228.5,0.0,1027.7,0.0,0.0,6.9,98.8,0.6,1.1
2026-09-28T03:40,230.6,0.0,1027.6,0.0,0.0,7.2,98.1,0.5,0.8
2026-09-28T03:50,180.0,0.0,1027.6,0.0,0.0,7.2,98.3,0.8,1.2
2026-09-28T04:00,217.3,0.0,1027.5,0.0,0.0,7.3,98.4,0.7,1.2
2026-09-28T04:10,180.8,0.0,1027.7,0.0,0.0,7.0,98.2,0.5,1.1
2026-09-28T04:20,267.0,0.0,1027.7,0.0,0.0,7.0,98.7,0.5,1.1
2026-09-28T04:30,55.7,0.0,1027.7,0.0,0.0,6.8,98.9,0.3,1.0
2026-09-28T04:40,193.4,0.0,1027.5,0.0,0.0,6.9,98.5,0.3,1.0
2026-09-28T04:50,152.2,0.0,1027.5,0.0,0.0,7.0,98.8,0.6,1.1
2026-09-28T05:00,220.2,0.0,1027.6,0.0,0.0,6.7,98.4,0.2,0.6
2026-09-28T05:10,123.4,0.0,1027.6,0.0,0.0,6.6,99.4,0.2,0.8
2026-09-28T05:20,54.5,0.0,1027.7,0.0,0.0,6.1,98.9,0.2,0.7
2026-09-28T05:30,58.3,0.0,1027.6,0.0,0.0,6.2,99.7,0.2,0.6
2026-09-28T05:40,301.5,0.0,1027.6,0.0,0.0,6.2,99.4,0.2,0.4
2026-09-28T05:50,2.8,0.0,1027.6,0.0,0.0,6.0,99.3,0.5,0.7
2026-09-28T06:00,58.5,0.0,1027.6,0.0,0.0,5.9,99.5,0.2,0.7
2026-09-28T06:10,115.9,0.0,1027.6,0.0,0.0,5.8,99.1,0.2,0.6
2026-09-28T06:20,71.9,0.0,1027.9,0.0,0.0,5.0,99.3,0.2,0.4
2026-09-28T06:30,342.9,0.0,1027.9,0.0,0.0,5.2,100.0,0.2,0.7
2026-09-28T06:40,302.8,0.0,1027.6,0.0,0.0,5.8,100.0,0.1,0.5
2026-09-28T06:50,272.8,0.0,1027.7,0.0,0.0,5.5,100.0,0.2,0.7
2026-09-28T07:00,103.8,0.0,1027.8,0.0,0.0,5.2,100.0,0.5,1.2
2026-09-28T07:10,142.8,0.0,1027.9,0.1,0.0,5.1,100.0,0.7,1.1
2026-09-28T07:20,202.3,0.0,1028.0,1.8,0.0,5.4,100.0,1.5,2.3
2026-09-28T07:30,202.2,0.0,1027.8,4.7,0.0,6.0,100.0,1.2,2.0
2026-09-28T07:40,212.0,0.0,1027.9,8.1,0.0,5.9,100.0,0.5,0.9
2026-09-28T07:50,304.1,0.0,1028.1,11.6,0.0,5.4,100.0,0.1,0.5
2026-09-28T08:00,120.1,0.0,1028.3,12.7,0.0,5.4,100.0,0.6,0.9
2026-09-28T08:10,126.9,0.0,1028.5,14.8,0.0,4.9,99.9,0.4,1.0
2026-09-28T08:20,3.9,0.0,1028.6,18.2,0.0,4.7,100.0,0.0,0.6
2026-09-28T08:30,336.6,0.0,1028.5,20.9,0.0,4.9,100.0,0.7,1.4
2026-09-28T08:40,289.1,0.0,1028.2,23.3,0.0,5.7,100.0,0.2,0.6
2026-09-28T08:50,182.1,0.0,1028.2,26.7,0.0,5.7,100.0,0.9,1.5
2026-09-28T09:10,231.5,0.0,1028.2,32.8,0.0,5.7,99.6,0.4,0.9
2026-09-28T09:20,82.0,0.0,1028.3,35.5,0.0,5.5,99.7,0.3,1.2
2026-09-28T09:30,34.0,0.0,1028.2,53.2,77.0,5.5,99.9,0.9,1.4
2026-09-28T09:40,115.0,0.0,1027.7,331.0,600.0,6.5,100.0,0.4,0.9
2026-09-28T09:50,118.5,0.0,1027.1,389.9,600.0,8.0,98.1,0.3,1.0
2026-09-28T10:00,63.9,0.0,1026.5,414.5,600.0,9.1,95.1,0.6,1.3
2026-09-28T10:10,58.9,0.0,1026.2,439.1,600.0,9.7,92.6,0.8,1.3
2026-09-28T10:20,47.3,0.0,1025.8,462.5,600.0,10.5,90.0,0.4,0.9
2026-09-28T10:30,80.1,0.0,1025.4,485.4,600.0,11.3,88.1,0.4,1.2
2026-09-28T10:40,74.5,0.0,1024.9,507.5,597.0,11.8,82.0,0.7,1.2
2026-09-28T10:50,86.0,0.0,1024.4,527.5,600.0,12.7,78.8,0.6,1.5
2026-09-28T11:00,32.3,0.0,1024.1,546.2,600.0,13.3,77.7,0.9,2.0
2026-09-28T11:10,44.1,0.0,1023.8,565.1,600.0,13.8,75.9,0.7,1.6
2026-09-28T11:20,52.2,0.0,1023.5,581.1,600.0,14.4,73.0,0.8,1.7
2026-09-28T11:30,68.1,0.0,1023.3,595.7,598.0,14.7,70.5,0.6,1.6
2026-09-28T11:50,93.1,0.0,1022.6,619.9,598.0,16.0,66.6,0.2,1.5
2026-09-28T12:00,33.0,0.0,1022.3,630.2,597.0,16.5,65.5,0.7,1.6
2026-09-28T12:10,21.9,0.0,1022.1,639.3,600.0,16.7,62.3,0.8,2.0
2026-09-28T12:20,31.0,0.0,1021.7,647.8,598.0,17.1,59.3,0.4,1.3
2026-09-28T12:30,17.1,0.0,1021.4,653.1,600.0,17.6,57.4,0.7,1.3
2026-09-28T12:40,319.7,0.0,1021.2,658.1,600.0,18.1,55.8,0.2,1.4
2026-09-28T12:50,233.1,0.0,1020.8,661.3,600.0,18.7,56.2,0.4,1.3
2026-09-28T13:00,45.1,0.0,1020.6,664.0,598.0,19.0,54.2,0.9,1.6
2026-09-28T13:10,16.0,0.0,1020.3,664.9,599.0,19.2,51.5,0.7,1.6
2026-09-28T13:20,342.6,0.0,1020.0,664.4,600.0,19.7,49.3,0.1,1.3
2026-09-28T13:30,215.1,0.0,1019.7,661.8,600.0,20.1,48.7,0.2,1.3
2026-09-28T13:40,18.0,0.0,1019.4,656.8,600.0,20.5,50.6,0.6,1.3
2026-09-28T13:50,318.2,0.0,1019.0,651.6,600.0,20.9,52.2,0.5,2.1
2026-09-28T14:00,253.7,0.0,1018.8,642.9,599.0,21.1,51.6,1.2,2.2
2026-09-28T14:10,276.2,0.0,1018.4,634.5,599.0,21.4,50.0,0.9,2.3
2026-09-28T14:20,264.1,0.0,1018.2,624.8,600.0,21.5,50.5,1.1,1.9
2026-09-28T14:30,279.0,0.0,1018.1,613.6,598.0,21.6,49.3,1.0,1.7
2026-09-28T14:40,273.2,0.0,1017.9,599.3,600.0,21.9,47.8,0.7,1.5
2026-09-28T14:50,237.5,0.0,1017.7,584.1,600.0,22.3,49.9,0.8,2.1
2026-09-28T15:00,232.0,0.0,1017.4,570.0,599.0,22.5,50.6,1.3,2.1
2026-09-28T15:10,230.9,0.0,1017.1,552.6,600.0,22.9,50.6,1.3,1.9
2026-09-28T15:20,260.7,0.0,1017.2,533.4,597.0,22.7,47.3,1.3,2.0
2026-09-28T15:30,238.7,0.0,1016.8,512.6,600.0,23.1,50.6,1.5,2.1
2026-09-28T15:40,246.9,0.0,1016.8,490.5,600.0,23.1,49.3,1.2,1.7
2026-09-28T15:50,257.8,0.0,1016.6,470.3,595.0,23.2,49.3,1.3,2.0
2026-09-28T16:00,277.3,0.0,1016.6,447.6,600.0,22.9,47.7,1.1,1.8
2026-09-28T16:10,266.6,0.0,1016.5,423.8,600.0,22.8,48.9,1.2,1.7
2026-09-28T16:20,258.7,0.0,1016.5,399.9,600.0,22.8,53.1,1.1,2.2
2026-09-28T16:30,265.9,0.0,1016.5,373.2,598.0,22.7,51.3,1.3,2.2
2026-09-28T16:40,254.8,0.0,1016.7,345.1,600.0,22.3,53.8,1.6,2.4
2026-09-28T16:50,240.6,0.0,1016.9,316.7,600.0,21.3,62.1,0.6,1.3
2026-09-28T17:00,252.5,0.0,1017.0,287.0,600.0,21.1,58.2,1.4,2.7
2026-09-28T17:10,241.1,0.0,1017.2,258.2,600.0,20.7,61.5,1.1,1.9
2026-09-28T17:20,232.7,0.0,1017.2,230.6,599.0,20.5,60.7,1.4,2.4
2026-09-28T17:30,254.1,0.0,1017.3,203.8,325.0,20.4,58.5,2.1,3.1
2026-09-28T17:40,222.9,0.0,1017.6,175.9,91.0,19.7,63.1,1.4,2.2
2026-09-28T17:50,233.9,0.0,1017.9,148.3,600.0,19.1,66.0,1.3,2.1
2026-09-28T18:00,217.8,0.0,1018.5,112.0,560.0,17.9,71.7,0.7,1.6
2026-09-28T18:10,274.7,0.0,1018.7,25.0,0.0,17.8,68.3,1.1,2.9
2026-09-28T18:20,253.7,0.0,1019.0,19.6,0.0,17.3,70.1,1.1,3.3
2026-09-28T18:30,262.4,0.0,1019.4,14.5,0.0,16.3,76.3,0.8,2.1
2026-09-28T18:40,286.5,0.0,1019.6,9.4,0.0,16.5,71.3,1.6,3.2
2026-09-28T18:50,279.3,0.0,1020.0,4.5,0.0,15.9,74.3,1.3,3.3
2026-09-28T19:00,293.4,0.0,1019.9,0.4,0.0,16.8,67.3,2.8,4.4
2026-09-28T19:10,296.3,0.0,1020.4,0.0,0.0,16.3,70.2,1.9,4.3
2026-09-28T19:20,285.5,0.0,1020.7,0.0,0.0,16.0,70.9,1.8,4.5
2026-09-28T19:30,295.5,0.0,1020.9,0.0,0.0,15.7,72.5,1.3,3.5
2026-09-28T19:40,310.6,0.0,1021.1,0.0,0.0,15.7,71.6,2.1,3.5
2026-09-28T19:50,315.7,0.0,1021.3,0.0,0.0,15.7,71.8,2.1,4.0
2026-09-28T20:00,339.2,0.0,1021.7,0.0,0.0,14.9,77.1,1.8,3.1
2026-09-28T20:10,300.9,0.0,1021.8,0.0,0.0,15.2,73.0,1.7,3.9
2026-09-28T20:20,325.0,0.0,1022.5,0.0,0.0,14.0,81.5,1.5,3.8
2026-09-28T20:30,350.5,0.0,1022.3,0.0,0.0,15.1,74.5,1.1,2.3
2026-09-28T20:40,326.3,0.0,1022.7,0.0,0.0,14.2,79.1,1.1,2.6
2026-09-28T20:50,293.1,0.0,1022.8,0.0,0.0,14.6,73.5,1.7,2.8
2026-09-28T21:00,308.1,0.0,1023.5,0.0,0.0,13.3,82.5,1.4,2.6
2026-09-28T21:10,301.2,0.0,1023.2,0.0,0.0,14.4,74.7,2.1,3.7
2026-09-28T21:20,316.6,0.0,1023.3,0.0,0.0,13.9,77.1,1.9,3.1
2026-09-28T21:30,324.4,0.0,1023.4,0.0,0.0,13.8,78.9,2.3,4.7
2026-09-28T21:40,333.4,0.0,1023.7,0.0,0.0,13.7,79.3,1.1,4.9
2026-09-28T21:50,342.0,0.0,1023.6,0.0,0.0,14.0,77.4,2.3,5.7
2026-09-28T22:00,14.3,0.0,1024.1,0.0,0.0,13.1,82.4,1.5,2.8
2026-09-28T22:10,49.6,0.0,1023.7,0.0,0.0,14.2,76.1,0.7,2.1
2026-09-28T22:20,72.6,0.0,1023.7,0.0,0.0,14.3,74.9,0.8,3.9
2026-09-28T22:30,9.2,0.0,1023.9,0.0,0.0,14.2,75.2,1.5,4.1
2026-09-28T22:40,25.8,0.0,1024.8,0.0,0.0,12.0,86.5,1.6,2.5
2026-09-28T22:50,316.9,0.0,1024.8,0.0,0.0,12.2,84.8,0.6,2.1
2026-09-28T23:00,26.2,0.0,1024.6,0.0,0.0,13.3,80.0,0.9,2.9
2026-09-28T23:10,29.7,0.0,1024.7,0.0,0.0,13.0,80.0,1.6,2.9
2026-09-28T23:20,357.4,0.0,1025.1,0.0,0.0,12.3,83.4,0.7,1.9
2026-09-28T23:30,330.2,0.0,1025.4,0.0,0.0,11.5,87.5,1.3,2.1
2026-09-28T23:40,0.3,0.0,1025.6,0.0,0.0,11.0,90.3,1.2,1.8
2026-09-28T23:50,25.1,0.0,1025.5,0.0,0.0,11.3,89.2,0.7,1.7
2026-09-29T00:00,21.8,0.0,1025.1,0.0,0.0,12.4,82.2,0.9,2.3
2026-09-29T00:10,324.7,0.0,1025.6,0.0,0.0,11.3,87.8,0.7,1.6
2026-09-29T00:20,20.5,0.0,1026.0,0.0,0.0,10.7,90.0,1.0,1.7
2026-09-29T00:30,313.3,0.0,1026.1,0.0,0.0,10.6,90.6,0.4,1.1
2026-09-29T00:40,40.2,0.0,1026.3,0.0,0.0,10.2,91.5,0.6,1.7
2026-09-29T00:50,344.3,0.0,1026.6,0.0,0.0,9.8,94.2,1.1,1.7
2026-09-29T01:10,95.5,0.0,1026.7,0.0,0.0,9.6,95.0,0.3,1.5
2026-09-29T01:20,151.4,0.0,1026.9,0.0,0.0,9.3,95.4,0.1,0.7
2026-09-29T01:30,352.5,0.0,1026.9,0.0,0.0,9.3,96.0,0.6,1.2
2026-09-29T01:40,339.9,0.0,1026.9,0.0,0.0,9.8,93.7,0.8,1.6
2026-09-29T01:50,11.5,0.0,1026.8,0.0,0.0,10.1,92.1,0.3,1.0
2026-09-29T02:00,78.3,0.0,1027.1,0.0,0.0,9.6,93.7,0.4,1.1
2026-09-29T02:10,229.0,0.0,1027.3,0.0,0.0,9.2,95.4,0.4,0.9
2026-09-29T02:20,258.5,0.0,1027.5,0.0,0.0,8.7,95.6,0.3,0.8
2026-09-29T02:30,162.0,0.0,1027.5,0.0,0.0,8.7,97.3,0.3,0.8
2026-09-29T02:40,206.0,0.0,1027.7,0.0,0.0,8.3,96.8,0.4,0.8
2026-09-29T02:50,176.4,0.0,1027.8,0.0,0.0,8.2,97.1,0.3,0.6
2026-09-29T03:00,290.4,0.0,1028.0,0.0,0.0,7.9,98.1,0.1,0.6
2026-09-29T03:10,119.7,0.0,1028.0,0.0,0.0,7.8,98.1,0.2,0.4
2026-09-29T03:20,206.9,0.0,1028.1,0.0,0.0,7.5,98.0,0.1,0.4
2026-09-29T03:30,146.3,0.0,1028.1,0.0,0.0,7.4,98.9,0.1,0.5
2026-09-29T03:40,25.2,0.0,1028.1,0.0,0.0,7.4,98.3,0.2,0.9
2026-09-29T04:00,138.9,0.0,1028.2,0.0,0.0,7.3,98.6,0.6,0.9
2026-09-29T04:10,158.3,0.0,1028.3,0.0,0.0,7.2,98.5,0.4,0.8
2026-09-29T04:20,180.8,0.0,1028.5,0.0,0.0,6.9,99.2,0.1,0.5
2026-09-29T04:30,7.1,0.0,1028.6,0.0,0.0,6.6,99.4,0.4,0.7
2026-09-29T04:40,12.5,0.0,1028.7,0.0,0.0,6.9,99.6,0.7,0.9
2026-09-29T04:50,84.8,0.0,1028.5,0.0,0.0,7.0,99.3,0.5,0.9
2026-09-29T05:00,359.1,0.0,1028.5,0.0,0.0,7.0,99.5,0.3,1.1
2026-09-29T05:10,324.1,0.0,1028.2,0.0,0.0,7.7,100.0,0.5,0.8
2026-09-29T05:20,336.3,0.0,1028.1,0.0,0.0,7.8,99.1,0.7,1.4
2026-09-29T05:30,72.2,0.0,1028.0,0.0,0.0,8.2,97.9,1.0,1.8
2026-09-29T05:40,33.2,0.0,1028.3,0.0,0.0,7.3,96.5,0.6,1.7
2026-09-29T05:50,352.8,0.0,1028.4,0.0,0.0,6.8,99.1,0.2,1.0
2026-09-29T06:00,46.3,0.0,1028.3,0.0,0.0,7.1,99.4,0.3,0.6
2026-09-29T06:10,351.2,0.0,1028.2,0.0,0.0,7.3,99.1,0.7,1.1
2026-09-29T06:20,343.5,0.0,1027.9,0.0,0.0,8.0,97.8,1.0,2.0
2026-09-29T06:30,357.7,0.0,1027.9,0.0,0.0,7.9,96.7,0.7,1.7
2026-09-29T06:40,52.0,0.0,1027.7,0.0,0.0,8.6,96.1,0.7,1.5
2026-09-29T06:50,25.6,0.0,1027.6,0.0,0.0,8.6,95.4,0.8,1.5
2026-09-29T07:00,35.3,0.0,1027.9,0.0,0.0,8.0,95.8,1.0,1.7
2026-09-29T07:10,258.9,0.0,1028.0,0.2,0.0,7.9,96.9,0.2,0.7
2026-09-29T07:20,177.0,0.0,1027.9,2.2,0.0,8.0,97.9,0.6,1.1
2026-09-29T07:30,204.0,0.0,1027.8,4.6,0.0,8.2,97.7,0.5,0.8
2026-09-29T07:40,293.2,0.0,1027.9,6.9,0.0,8.3,97.3,0.7,1.0
2026-09-29T07:50,264.1,0.0,1027.8,9.7,0.0,8.7,97.0,0.3,0.7
2026-09-29T08:00,38.2,0.0,1027.8,15.2,0.0,9.0,97.3,0.1,0.5
2026-09-29T08:10,77.4,0.0,1027.7,23.8,0.0,9.3,96.9,0.2,0.7
2026-09-29T08:20,45.4,0.0,1027.6,32.7,0.0,9.6,95.8,0.3,0.8
2026-09-29T08:30,10.3,0.0,1027.4,40.8,0.0,9.8,95.4,0.5,0.9
2026-09-29T08:40,13.9,0.0,1027.4,46.7,0.0,10.0,95.2,0.4,0.8
2026-09-29T08:50,288.2,0.0,1027.3,55.9,0.0,10.5,93.2,0.7,1.0
2026-09-29T09:00,244.2,0.0,1027.1,65.1,0.0,10.9,89.6,0.3,0.6
2026-09-29T09:10,278.0,0.0,1027.1,68.4,0.0,11.1,89.1,0.1,0.5
2026-09-29T09:20,181.6,0.0,1027.0,71.4,0.0,11.2,88.9,0.3,0.6
2026-09-29T09:30,199.1,0.0,1026.9,82.0,0.0,11.5,90.5,0.7,1.1
2026-09-29T09:40,181.6,0.0,1026.8,92.8,0.0,11.7,90.6,0.8,1.3
2026-09-29T09:50,180.3,0.0,1026.8,107.3,0.0,11.9,90.9,0.8,1.3
2026-09-29T10:00,181.7,0.0,1026.8,120.4,0.0,12.0,88.9,0.3,0.9
2026-09-29T10:10,191.0,0.0,1026.7,132.9,0.0,12.2,86.9,0.7,1.1
2026-09-29T10:20,181.6,0.0,1026.5,147.4,0.0,12.5,86.8,0.5,0.9
2026-09-29T10:30,218.2,0.0,1026.5,165.7,0.0,12.6,84.9,0.7,1.4
2026-09-29T10:40,198.1,0.0,1026.3,189.6,0.0,13.0,85.1,1.0,1.6
2026-09-29T10:50,189.8,0.0,1026.2,209.8,0.0,13.3,83.1,1.0,1.7
2026-09-29T11:00,193.4,0.0,1026.0,221.6,0.0,13.5,82.8,1.0,2.2
2026-09-29T11:10,169.0,0.0,1025.9,238.3,18.0,13.7,80.5,0.7,1.5
2026-09-29T11:20,163.0,0.0,1025.7,270.5,478.0,13.8,80.1,0.4,1.1
2026-09-29T11:30,198.5,0.0,1025.6,436.3,599.0,14.2,77.5,0.8,1.9
2026-09-29T11:40,198.4,0.0,1025.3,564.6,600.0,14.9,76.2,1.3,2.1
2026-09-29T11:50,217.8,0.0,1025.2,596.0,595.0,15.1,74.5,1.1,2.3
2026-09-29T12:00,206.8,0.0,1025.1,606.4,600.0,15.5,74.1,1.0,2.2
2026-09-29T12:10,146.9,0.0,1024.9,613.4,600.0,15.7,71.3,0.3,2.2
2026-09-29T12:20,167.8,0.0,1024.5,620.5,600.0,16.3,72.1,1.1,2.9
2026-09-29T12:30,144.5,0.0,1024.3,624.6,600.0,16.7,70.2,1.3,3.3
2026-09-29T12:40,137.0,0.0,1023.9,629.8,600.0,17.2,69.2,1.1,3.2
2026-09-29T12:50,118.8,0.0,1023.8,632.3,598.0,17.4,67.8,1.8,3.7
2026-09-29T13:00,150.3,0.0,1023.5,621.8,600.0,18.0,67.3,0.9,3.0
2026-09-29T13:10,148.3,0.0,1023.2,631.4,597.0,18.4,66.3,1.6,3.6
2026-09-29T13:20,104.6,0.0,1022.9,632.7,600.0,18.7,64.8,1.3,3.8
2026-09-29T13:30,73.9,0.0,1022.8,633.2,600.0,18.7,63.9,1.7,3.8
2026-09-29T13:40,159.3,0.0,1022.5,633.0,599.0,19.4,61.1,0.8,2.7
2026-09-29T13:50,163.5,0.0,1022.3,624.1,600.0,19.8,61.0,1.3,3.1
2026-09-29T14:00,154.1,0.0,1022.0,617.6,600.0,19.9,61.0,0.9,3.7
2026-09-29T14:10,167.4,0.0,1021.7,607.9,600.0,20.2,60.8,1.3,3.4
2026-09-29T14:20,193.7,0.0,1021.5,596.8,598.0,20.4,60.3,2.2,4.3
2026-09-29T14:30,172.4,0.0,1021.4,593.2,600.0,20.6,58.6,1.4,3.6
2026-09-29T14:40,184.7,0.0,1021.3,583.1,600.0,20.8,57.5,1.9,4.9
2026-09-29T14:50,190.1,0.0,1021.1,570.7,598.0,21.1,57.4,2.9,5.2
2026-09-29T15:00,196.3,0.0,1021.0,553.7,599.0,21.1,57.1,2.7,5.0
2026-09-29T15:10,191.4,0.0,1020.9,530.5,597.0,21.2,58.1,2.1,4.5
2026-09-29T15:20,191.0,0.0,1020.8,514.6,600.0,21.4,57.4,1.5,4.1
2026-09-29T15:30,188.4,0.0,1020.8,500.5,600.0,21.4,56.9,2.5,5.3
2026-09-29T15:40,203.2,0.0,1020.9,375.0,563.0,21.2,56.8,1.8,3.8
2026-09-29T15:50,202.6,0.0,1020.9,459.1,600.0,21.1,57.8,1.4,3.4
2026-09-29T16:00,206.5,0.0,1020.8,383.0,600.0,21.1,57.1,0.9,2.8
2026-09-29T16:10,210.3,0.0,1020.8,370.2,599.0,20.9,57.4,1.0,3.1
2026-09-29T16:20,198.4,0.0,1020.7,405.3,600.0,21.2,57.2,1.6,3.6
2026-09-29T16:30,197.3,0.0,1020.7,365.3,600.0,21.2,57.7,1.7,3.5
2026-09-29T16:40,222.8,0.0,1020.8,339.4,600.0,21.1,56.0,1.0,2.3
2026-09-29T16:50,193.1,0.0,1020.8,312.6,595.0,20.9,56.5,1.0,2.2
2026-09-29T17:00,186.8,0.0,1020.8,281.9,600.0,20.8,57.4,0.6,2.0
2026-09-29T17:10,91.9,0.0,1020.9,175.3,597.0,20.6,56.4,0.5,1.2
2026-09-29T17:20,70.9,0.0,1020.9,201.9,600.0,20.6,56.2,0.8,1.3
2026-09-29T17:30,123.6,0.0,1021.0,186.8,384.0,20.4,57.4,0.7,1.9
2026-09-29T17:40,70.0,0.0,1021.1,163.9,32.0,20.2,59.6,0.5,1.5
2026-09-29T17:50,118.4,0.0,1021.4,136.9,600.0,19.5,66.6,0.5,1.0
2026-09-29T18:00,131.2,0.0,1022.0,53.0,111.0,18.2,74.3,0.5,1.2
2026-09-29T18:10,51.9,0.0,1022.4,33.3,0.0,17.4,75.2,0.2,2.4
2026-09-29T18:20,105.7,0.0,1022.5,24.9,0.0,17.3,74.0,0.6,1.4
2026-09-29T18:30,271.2,0.0,1022.7,17.5,0.0,17.1,74.1,0.4,1.1
2026-09-29T18:40,300.5,0.0,1023.0,10.0,0.0,16.7,75.9,0.7,1.5
2026-09-29T18:50,314.9,0.0,1023.3,2.6,0.0,16.6,75.8,1.2,2.6
2026-09-29T19:00,311.1,0.0,1023.4,0.1,0.0,16.8,74.7,0.9,1.9
2026-09-29T19:10,355.9,0.0,1023.6,0.0,0.0,16.3,77.7,0.4,2.3
2026-09-29T19:20,351.9,0.0,1023.7,0.0,0.0,16.0,79.3,0.8,1.2
2026-09-29T19:30,18.6,0.0,1024.1,0.0,0.0,15.5,82.5,0.7,1.3
2026-09-29T19:40,354.4,0.0,1024.2,0.0,0.0,15.6,82.7,0.3,1.2
2026-09-29T19:50,66.1,0.0,1024.4,0.0,0.0,15.3,84.2,0.3,1.4
2026-09-29T20:00,303.3,0.0,1024.3,0.0,0.0,15.8,80.0,0.9,1.7
2026-09-29T20:10,284.3,0.0,1024.3,0.0,0.0,15.7,81.1,0.7,2.5
2026-09-29T20:20,203.6,0.0,1024.5,0.0,0.0,15.3,83.4,0.1,1.6
2026-09-29T20:30,246.8,0.0,1024.7,0.0,0.0,15.0,85.1,1.2,2.2
2026-09-29T20:40,252.5,0.0,1024.8,0.0,0.0,15.2,83.7,1.1,2.9
2026-09-29T20:50,354.6,0.0,1025.1,0.0,0.0,14.7,87.4,0.8,1.3
2026-09-29T21:00,308.3,0.0,1025.1,0.0,0.0,15.0,84.7,1.5,2.5
2026-09-29T21:10,291.3,0.0,1025.0,0.0,0.0,15.2,83.4,0.9,2.1
2026-09-29T21:20,209.1,0.0,1025.3,0.0,0.0,14.7,87.7,0.6,1.1
2026-09-29T21:30,282.3,0.0,1025.4,0.0,0.0,14.5,88.9,0.7,1.8
2026-09-29T21:40,297.3,0.0,1025.2,0.0,0.0,15.0,84.0,1.1,2.2
2026-09-29T21:50,296.8,0.0,1025.4,0.0,0.0,14.6,86.6,0.7,1.9
2026-09-29T22:00,217.4,0.0,1025.6,0.0,0.0,14.0,90.9,0.5,0.7
2026-09-29T22:10,145.5,0.0,1025.6,0.0,0.0,14.0,91.1,0.4,0.6
2026-09-29T22:20,326.9,0.0,1025.8,0.0,0.0,13.7,92.2,0.2,1.1
2026-09-29T22:30,27.0,0.0,1025.8,0.0,0.0,13.8,91.5,0.7,1.2
2026-09-29T22:40,0.1,0.0,1025.8,0.0,0.0,14.2,89.1,0.4,1.1
2026-09-29T22:50,341.5,0.0,1025.8,0.0,0.0,14.3,88.0,0.6,1.5
2026-09-29T23:00,351.1,0.0,1025.9,0.0,0.0,14.0,90.5,0.3,1.1
2026-09-29T23:10,228.1,0.0,1025.9,0.0,0.0,14.1,90.3,0.2,1.2
2026-09-29T23:20,121.4,0.0,1025.8,0.0,0.0,13.9,92.0,0.3,1.0
2026-09-29T23:30,3.5,0.0,1025.9,0.0,0.0,13.7,92.7,0.7,1.3
2026-09-29T23:40,12.0,0.0,1025.7,0.0,0.0,14.1,89.6,0.4,1.5
2026-09-29T23:50,297.6,0.0,1025.9,0.0,0.0,13.9,91.0,0.2,0.9
2026-09-30T00:00,233.3,0.0,1026.0,0.0,0.0,13.8,92.1,0.3,0.4
2026-09-30T00:10,119.6,0.0,1025.8,0.0,0.0,13.8,92.0,0.4,0.8
2026-09-30T00:20,73.2,0.0,1026.0,0.0,0.0,13.6,93.0,0.3,0.8
2026-09-30T00:30,333.4,0.0,1026.0,0.0,0.0,13.7,92.1,0.4,0.7
2026-09-30T00:40,101.6,0.0,1026.0,0.0,0.0,13.7,92.5,0.4,0.8
2026-09-30T00:50,38.8,0.0,1026.2,0.0,0.0,13.5,93.7,0.2,0.6
2026-09-30T01:10,22.8,0.0,1026.2,0.0,0.0,13.5,93.6,0.1,0.7
2026-09-30T01:20,56.7,0.0,1026.1,0.0,0.0,13.4,94.5,0.3,0.6
2026-09-30T01:30,107.7,0.0,1026.2,0.0,0.0,13.4,94.7,0.4,0.8
2026-09-30T01:40,222.4,0.0,1026.2,0.0,0.0,13.3,95.0,0.0,0.5
2026-09-30T01:50,13.7,0.0,1026.1,0.0,0.0,13.3,94.5,0.2,0.7
2026-09-30T02:00,22.6,0.0,1026.1,0.0,0.0,13.5,92.9,0.1,0.6
2026-09-30T02:10,7.5,0.0,1026.3,0.0,0.0,13.4,93.6,0.5,0.9
2026-09-30T02:20,28.2,0.0,1026.3,0.0,0.0,13.4,93.8,0.8,1.4
2026-09-30T02:30,31.0,0.0,1026.3,0.0,0.0,13.3,93.9,0.6,0.8
2026-09-30T02:40,10.9,0.0,1026.3,0.0,0.0,13.4,93.8,0.1,0.8
2026-09-30T02:50,353.2,0.0,1026.3,0.0,0.0,13.3,93.5,0.4,0.7
2026-09-30T03:00,349.2,0.0,1026.1,0.0,0.0,13.4,93.8,0.4,0.7
2026-09-30T03:10,36.3,0.0,1026.1,0.0,0.0,13.4,93.6,0.3,0.7
2026-09-30T03:20,135.8,0.0,1026.0,0.0,0.0,13.3,94.4,0.3,0.7
2026-09-30T03:30,86.3,0.0,1026.0,0.0,0.0,13.2,94.7,0.2,1.1
2026-09-30T03:40,10.3,0.0,1026.1,0.0,0.0,13.0,96.0,0.4,0.9
2026-09-30T03:50,2.6,0.0,1025.9,0.0,0.0,13.1,95.9,0.8,1.2
2026-09-30T04:00,345.1,0.0,1025.9,0.0,0.0,13.1,95.6,0.9,1.3
2026-09-30T04:10,344.1,0.0,1025.8,0.0,0.0,13.3,94.5,0.6,0.9
2026-09-30T04:20,350.9,0.0,1025.8,0.0,0.0,13.3,94.4,0.3,0.6
2026-09-30T04:30,220.2,0.0,1025.9,0.0,0.0,13.2,95.4,0.1,0.3
2026-09-30T04:40,84.7,0.0,1025.8,0.0,0.0,13.2,95.4,0.2,0.5
2026-09-30T04:50,309.3,0.0,1025.8,0.0,0.0,13.1,95.7,0.3,0.6
2026-09-30T05:00,323.3,0.0,1025.8,0.0,0.0,13.1,95.7,0.2,0.5
2026-09-30T05:10,350.6,0.0,1025.8,0.0,0.0,13.1,95.8,0.4,0.6
2026-09-30T05:20,100.0,0.0,1025.7,0.0,0.0,13.1,95.1,0.3,0.8
2026-09-30T05:30,122.7,0.0,1025.8,0.0,0.0,13.1,95.6,0.3,0.8
2026-09-30T05:40,282.7,0.0,1025.8,0.0,0.0,13.0,96.0,0.3,0.5
2026-09-30T05:50,346.4,0.0,1025.8,0.0,0.0,12.9,96.1,0.3,0.6
2026-09-30T06:00,329.5,0.0,1025.8,0.0,0.0,13.0,95.4,0.1,0.5
2026-09-30T06:10,200.7,0.0,1025.8,0.0,0.0,13.1,95.5,0.7,1.0
2026-09-30T06:20,199.7,0.0,1025.7,0.0,0.0,13.0,95.6,0.7,0.9
2026-09-30T06:30,207.8,0.0,1025.7,0.0,0.0,13.0,95.8,0.4,0.6
2026-09-30T06:40,203.2,0.0,1025.8,0.0,0.0,13.0,96.1,0.4,0.6
2026-09-30T06:50,82.9,0.0,1025.9,0.0,0.0,12.7,97.1,0.2,0.5
2026-09-30T07:00,120.6,0.0,1025.9,0.0,0.0,12.8,96.9,0.2,0.4
2026-09-30T07:10,165.9,0.0,1025.9,0.0,0.0,12.8,96.9,0.2,0.5
2026-09-30T07:20,178.0,0.0,1026.0,0.5,0.0,12.7,96.8,0.2,0.4
2026-09-30T07:30,88.7,0.0,1026.0,2.9,0.0,12.8,97.2,0.3,0.4
2026-09-30T07:40,111.9,0.0,1026.0,7.7,0.0,12.9,96.6,0.3,0.4
2026-09-30T07:50,122.4,0.0,1026.0,12.3,0.0,12.8,97.0,0.3,0.4
2026-09-30T08:00,198.3,0.0,1025.9,18.1,0.0,12.9,96.7,0.4,0.6
2026-09-30T08:20,216.4,0.0,1026.1,29.5,0.0,13.3,95.5,0.7,0.9
2026-09-30T08:40,147.6,0.0,1026.2,41.1,0.0,13.7,93.9,0.2,0.3
2026-09-30T08:50,166.2,0.0,1026.1,50.4,0.0,13.9,93.8,0.2,0.5
2026-09-30T09:00,201.4,0.0,1026.0,60.3,0.0,14.1,92.0,0.3,0.4
2026-09-30T09:10,135.3,0.0,1026.0,71.2,0.0,14.2,91.3,0.3,0.6
2026-09-30T09:20,135.6,0.0,1025.9,80.4,0.0,14.3,91.0,0.5,0.8
2026-09-30T09:30,130.7,0.0,1025.9,88.0,0.0,14.6,89.3,0.2,0.6
2026-09-30T09:40,31.8,0.0,1025.8,102.0,0.0,14.7,87.2,0.3,0.5
2026-09-30T09:50,48.3,0.0,1025.8,122.7,0.0,14.9,87.0,0.1,0.5
2026-09-30T10:00,205.8,0.0,1025.8,140.3,0.0,15.2,86.7,0.2,0.9
2026-09-30T10:10,243.9,0.0,1025.8,146.7,0.0,15.3,84.4,0.3,0.8
2026-09-30T10:20,345.1,0.0,1025.8,161.0,0.0,15.4,83.9,0.4,0.9
2026-09-30T10:30,64.4,0.0,1025.7,170.7,0.0,15.5,81.5,0.2,0.7
2026-09-30T10:40,227.6,0.0,1025.4,177.7,0.0,15.8,80.9,0.2,0.6
2026-09-30T10:50,197.9,0.0,1025.3,188.7,0.0,16.1,80.5,0.3,1.0
2026-09-30T11:00,228.0,0.0,1025.3,200.0,0.0,16.2,80.8,0.6,1.2
2026-09-30T11:10,230.4,0.0,1025.2,200.4,0.0,16.4,80.8,0.7,1.2
2026-09-30T11:20,329.7,0.0,1025.3,205.6,0.0,16.2,78.3,0.4,0.8
2026-09-30T11:30,1.9,0.0,1025.2,223.8,0.0,16.3,78.1,0.6,1.0
2026-09-30T11:40,333.3,0.0,1025.2,242.7,0.0,16.5,77.7,0.6,0.9
2026-09-30T11:50,236.1,0.0,1025.1,248.2,0.0,16.8,76.6,0.6,1.2
2026-09-30T12:00,275.0,0.0,1025.0,237.5,0.0,17.0,75.2,0.4,1.4
2026-09-30T12:10,53.3,0.0,1025.0,241.8,0.0,17.1,74.5,1.0,1.9
2026-09-30T12:20,127.6,0.0,1024.9,241.0,0.0,17.2,74.4,0.5,2.1
2026-09-30T12:30,109.5,0.0,1024.8,230.1,0.0,17.5,72.4,0.3,1.8
2026-09-30T12:40,359.7,0.0,1024.8,226.8,0.0,17.4,73.0,0.7,1.7
2026-09-30T12:50,53.0,0.0,1024.7,224.9,0.0,17.5,71.5,0.7,1.6
2026-09-30T13:00,359.6,0.0,1024.6,218.5,0.0,17.7,71.2,0.3,0.9
2026-09-30T13:10,9.4,0.0,1024.5,226.4,0.0,17.7,69.6,0.9,1.6
2026-09-30T13:20,23.2,0.0,1024.3,229.0,0.0,17.7,69.9,1.2,2.1
2026-09-30T13:30,25.7,0.0,1024.2,230.6,0.0,17.9,70.6,1.2,2.1
2026-09-30T13:40,51.8,0.0,1024.2,231.3,0.0,18.0,67.4,0.9,2.0
2026-09-30T13:50,24.9,0.0,1024.0,239.6,0.0,18.1,68.6,1.2,2.6
2026-09-30T14:00,60.1,0.0,1023.8,255.3,14.0,18.3,67.9,1.3,2.6
2026-09-30T14:10,215.2,0.0,1023.7,248.5,0.0,18.4,66.0,0.5,2.0
2026-09-30T14:20,143.3,0.0,1023.5,219.7,0.0,18.5,64.3,0.6,1.4
2026-09-30T14:30,128.3,0.0,1023.4,204.0,0.0,18.5,65.6,0.6,1.8
2026-09-30T14:40,96.7,0.0,1023.3,193.7,0.0,18.5,64.7,1.0,1.7
2026-09-30T14:50,48.6,0.0,1023.3,188.0,0.0,18.5,66.6,0.9,1.8
2026-09-30T15:00,56.3,0.0,1023.3,196.0,0.0,18.6,64.4,0.9,2.2
2026-09-30T15:10,49.5,0.0,1023.3,193.7,0.0,18.5,67.0,1.7,2.9
2026-09-30T15:20,29.4,0.0,1023.3,190.8,0.0,18.7,64.7,0.8,1.6
2026-09-30T15:30,39.1,0.0,1023.3,178.5,0.0,18.6,65.6,1.2,2.0
2026-09-30T15:40,48.4,0.0,1023.3,168.2,0.0,18.7,65.5,0.8,1.4
2026-09-30T15:50,57.6,0.0,1023.2,144.7,0.0,18.8,65.5,0.5,1.5
2026-09-30T16:00,3.9,0.0,1023.2,128.7,0.0,18.7,66.9,0.9,1.5
2026-09-30T16:10,36.9,0.0,1023.1,120.6,0.0,18.6,68.6,1.0,1.5
2026-09-30T16:20,63.8,0.0,1023.1,111.0,0.0,18.6,67.5,1.2,1.6
2026-09-30T16:30,68.2,0.0,1023.0,98.0,0.0,18.6,69.3,1.1,1.7
2026-09-30T16:40,66.1,0.0,1023.1,85.4,0.0,18.5,69.7,1.1,1.9
2026-09-30T16:50,54.8,0.0,1023.2,71.7,0.0,18.4,68.3,1.4,1.9
2026-09-30T17:10,70.5,0.0,1023.2,51.7,0.0,18.2,70.1,1.0,1.7
2026-09-30T17:20,300.0,0.0,1023.3,47.3,0.0,17.9,76.0,0.5,1.1
2026-09-30T17:30,6.4,0.0,1023.3,41.7,0.0,17.8,79.2,0.8,1.0
2026-09-30T17:40,359.4,0.0,1023.4,35.4,0.0,17.7,80.1,0.6,0.9
2026-09-30T17:50,343.0,0.0,1023.4,31.5,0.0,17.4,81.0,0.9,1.8
2026-09-30T18:00,330.0,0.0,1023.3,28.4,0.0,17.5,76.1,0.7,1.5
2026-09-30T18:10,294.5,0.0,1023.4,21.9,0.0,17.3,77.5,0.9,2.7
2026-09-30T18:20,286.6,0.0,1023.4,15.9,0.0,17.3,74.5,2.2,3.1
2026-09-30T18:30,288.4,0.0,1023.4,10.0,0.0,17.3,73.4,2.8,3.3
2026-09-30T18:40,297.0,0.0,1023.4,4.8,0.0,17.2,73.8,2.9,3.5
2026-09-30T18:50,307.3,0.0,1023.6,1.0,0.0,17.0,76.3,1.7,3.4
2026-09-30T19:00,340.6,0.0,1023.8,0.0,0.0,16.1,85.6,0.7,1.1
2026-09-30T19:10,319.6,0.0,1023.9,0.0,0.0,16.2,82.2,1.0,2.4
2026-09-30T19:20,292.0,0.0,1023.9,0.0,0.0,16.4,76.6,1.9,2.6
2026-09-30T19:30,302.8,0.0,1024.0,0.0,0.0,16.5,75.3,1.7,3.0
2026-09-30T19:40,296.3,0.0,1024.1,0.0,0.0,16.4,76.2,2.3,3.2
2026-09-30T19:50,322.5,0.0,1024.2,0.0,0.0,16.1,79.2,1.6,3.2
2026-09-30T20:00,359.0,0.0,1024.4,0.0,0.0,15.3,86.6,1.1,1.6
2026-09-30T20:10,358.6,0.0,1024.4,0.0,0.0,15.4,84.9,0.8,1.5
2026-09-30T20:20,315.9,0.0,1024.4,0.0,0.0,15.6,81.4,0.2,0.9
2026-09-30T20:30,324.0,0.0,1024.5,0.0,0.0,15.4,83.4,0.6,1.5
2026-09-30T20:40,346.2,0.0,1024.4,0.0,0.0,15.9,78.0,0.6,2.6
2026-09-30T20:50,284.6,0.0,1024.5,0.0,0.0,15.7,79.9,0.7,1.5
2026-09-30T21:00,182.5,0.0,1024.8,0.0,0.0,15.3,83.2,0.4,1.0
2026-09-30T21:10,252.9,0.0,1025.0,0.0,0.0,15.0,86.1,0.2,0.9
2026-09-30T21:20,313.4,0.0,1025.1,0.0,0.0,14.8,87.5,0.1,0.6
2026-09-30T21:30,86.7,0.0,1025.3,0.0,0.0,14.6,89.1,0.4,0.8
2026-09-30T21:40,346.4,0.0,1025.4,0.0,0.0,14.4,90.0,0.6,1.3
2026-09-30T21:50,0.1,0.0,1025.3,0.0,0.0,14.6,88.2,0.5,1.0
2026-09-30T22:00,20.1,0.0,1025.4,0.0,0.0,14.5,88.7,0.6,1.1
2026-09-30T22:10,74.5,0.0,1025.4,0.0,0.0,14.5,89.3,0.4,1.0
2026-09-30T22:20,314.4,0.0,1025.6,0.0,0.0,14.4,89.1,0.8,1.0
2026-09-30T22:30,31.9,0.0,1025.6,0.0,0.0,14.2,90.2,0.6,1.0
2026-09-30T22:40,38.1,0.0,1025.6,0.0,0.0,14.1,90.2,0.5,1.1
2026-09-30T22:50,352.1,0.0,1025.7,0.0,0.0,14.1,90.0,0.4,0.9
2026-09-30T23:00,35.8,0.0,1025.7,0.0,0.0,14.0,91.0,1.0,1.9
2026-09-30T23:10,26.4,0.0,1025.6,0.0,0.0,14.0,90.8,0.4,1.8
2026-09-30T23:20,325.2,0.0,1025.5,0.0,0.0,14.1,90.0,0.8,1.1
2026-09-30T23:30,345.1,0.0,1025.5,0.0,0.0,14.1,90.2,0.7,1.2
2026-09-30T23:40,33.5,0.0,1025.6,0.0,0.0,13.9,91.0,0.6,1.0
2026-09-30T23:50,11.6,0.0,1025.6,0.0,0.0,13.8,91.5,0.6,0.9
2026-10-01T00:00,54.1,0.0,1025.5,0.0,0.0,14.2,87.5,0.4,1.1
2026-10-01T00:10,43.2,0.0,1025.5,0.0,0.0,14.1,88.4,0.4,1.1
2026-10-01T00:20,272.8,0.0,1025.6,0.0,0.0,13.8,91.2,0.2,0.8
2026-10-01T00:30,64.4,0.0,1025.7,0.0,0.0,13.7,92.5,0.2,0.7
2026-10-01T00:40,338.1,0.0,1025.7,0.0,0.0,13.7,91.9,0.2,0.8
2026-10-01T00:50,336.6,0.0,1025.7,0.0,0.0,13.5,92.7,0.9,1.2
2026-10-01T01:10,150.9,0.0,1025.8,0.0,0.0,13.4,94.0,0.4,1.0
2026-10-01T01:20,178.1,0.0,1025.8,0.0,0.0,13.3,94.1,0.2,0.5
2026-10-01T01:30,5.9,0.0,1025.8,0.0,0.0,13.3,93.6,0.0,0.3
2026-10-01T01:40,47.1,0.0,1025.9,0.0,0.0,13.1,94.7,0.3,0.8
2026-10-01T01:50,72.6,0.0,1025.9,0.0,0.0,13.2,94.7,0.2,0.4
2026-10-01T02:00,77.3,0.0,1025.9,0.0,0.0,13.0,95.6,0.3,0.7
2026-10-01T02:10,34.6,0.0,1025.8,0.0,0.0,12.9,95.9,0.7,1.1
2026-10-01T02:20,354.1,0.0,1025.9,0.0,0.0,13.0,95.4,0.2,0.7
2026-10-01T02:30,320.6,0.0,1025.9,0.0,0.0,13.0,95.4,0.4,0.6
2026-10-01T02:40,192.3,0.0,1026.0,0.0,0.0,12.9,95.5,0.1,0.5
2026-10-01T02:50,161.5,0.0,1026.0,0.0,0.0,12.8,96.2,0.1,0.9
2026-10-01T03:00,123.0,0.0,1026.1,0.0,0.0,12.6,96.6,0.1,0.7
2026-10-01T03:10,36.9,0.0,1026.0,0.0,0.0,12.6,96.3,0.3,0.7
2026-10-01T03:20,239.0,0.0,1026.0,0.0,0.0,12.5,96.5,0.1,0.5
2026-10-01T03:30,74.5,0.0,1025.9,0.0,0.0,12.8,95.1,0.3,0.7
2026-10-01T03:40,350.8,0.0,1026.0,0.0,0.0,12.4,96.4,0.4,0.9
2026-10-01T03:50,349.7,0.0,1026.0,0.0,0.0,12.5,96.2,0.4,0.9
2026-10-01T04:00,32.9,0.0,1026.1,0.0,0.0,12.4,96.3,0.7,1.1
2026-10-01T04:10,326.2,0.0,1026.1,0.0,0.0,12.5,96.3,0.5,0.9
2026-10-01T04:20,28.2,0.0,1026.1,0.0,0.0,12.4,95.9,0.5,0.8
2026-10-01T04:30,104.2,0.0,1026.1,0.0,0.0,12.4,95.3,0.2,1.2
2026-10-01T04:40,78.1,0.0,1026.1,0.0,0.0,12.3,95.1,0.4,1.2
2026-10-01T04:50,24.7,0.0,1026.5,0.0,0.0,11.7,96.7,0.6,1.4
2026-10-01T05:00,9.7,0.0,1026.5,0.0,0.0,11.5,97.1,1.1,1.5
2026-10-01T05:10,354.7,0.0,1026.6,0.0,0.0,11.2,97.4,0.8,1.4
2026-10-01T05:20,349.7,0.0,1026.6,0.0,0.0,11.2,97.2,0.6,1.4
2026-10-01T05:30,99.3,0.0,1026.4,0.0,0.0,11.7,95.4,0.1,1.0
2026-10-01T05:40,327.3,0.0,1026.6,0.0,0.0,11.4,96.2,0.6,1.1
2026-10-01T05:50,297.1,0.0,1026.7,0.0,0.0,10.9,96.8,0.5,1.4
2026-10-01T06:00,149.3,0.0,1026.9,0.0,0.0,10.6,97.7,0.1,1.2
2026-10-01T06:10,153.6,0.0,1026.9,0.0,0.0,10.5,98.2,0.7,1.0
2026-10-01T06:20,336.1,0.0,1027.1,0.0,0.0,10.2,98.7,0.4,1.0
2026-10-01T06:30,59.9,0.0,1027.2,0.0,0.0,10.3,98.7,0.1,1.2
2026-10-01T06:40,49.1,0.0,1027.3,0.0,0.0,10.4,98.2,0.2,0.9
2026-10-01T06:50,112.3,0.0,1027.2,0.0,0.0,10.5,98.1,0.2,0.8
2026-10-01T07:00,49.9,0.0,1027.3,0.0,0.0,10.4,98.3,0.4,1.0
2026-10-01T07:10,28.8,0.0,1027.2,0.0,0.0,10.5,97.7,0.4,1.2
2026-10-01T07:20,342.1,0.0,1027.1,1.2,0.0,10.8,95.2,0.9,2.3
2026-10-01T07:30,332.3,0.0,1027.0,3.9,0.0,11.3,92.2,1.5,2.8
2026-10-01T07:40,348.8,0.0,1027.1,6.7,0.0,11.4,94.0,1.2,2.3
2026-10-01T07:50,8.6,0.0,1027.2,12.0,0.0,11.2,94.4,1.3,2.1
2026-10-01T08:00,347.7,0.0,1027.3,19.9,0.0,11.2,94.4,0.9,1.6
2026-10-01T08:10,346.6,0.0,1027.4,31.2,0.0,11.2,95.7,0.4,1.1
2026-10-01T08:20,208.0,0.0,1027.4,40.9,0.0,11.4,95.6,0.7,1.3
2026-10-01T08:30,224.3,0.0,1027.5,57.2,0.0,11.5,95.6,0.6,1.1
2026-10-01T08:40,88.5,0.0,1027.5,81.0,0.0,11.8,95.2,0.4,0.7
2026-10-01T08:50,340.0,0.0,1027.4,83.9,0.0,11.9,95.3,0.7,1.0
2026-10-01T09:00,351.2,0.0,1027.4,63.7,0.0,12.0,93.3,0.7,1.0
2026-10-01T09:10,79.6,0.0,1027.3,65.4,0.0,12.1,90.6,0.2,0.6
2026-10-01T09:20,176.8,0.0,1027.4,72.2,0.0,11.9,93.6,0.6,1.1
2026-10-01T09:30,198.3,0.0,1027.5,86.5,0.0,11.9,94.2,0.4,1.0
2026-10-01T09:40,221.0,0.0,1027.4,175.1,229.0,12.2,93.5,0.9,1.5
2026-10-01T09:50,56.1,0.0,1027.2,335.8,600.0,12.9,90.6,1.0,2.0
2026-10-01T10:10,30.0,0.0,1026.9,309.3,599.0,13.7,84.0,1.2,1.7
2026-10-01T10:20,26.4,0.0,1026.8,264.6,597.0,14.0,79.7,0.7,1.2
2026-10-01T10:30,94.2,0.0,1026.6,169.0,107.0,14.1,79.3,0.8,1.2
2026-10-01T10:40,120.1,0.0,1026.6,169.5,52.0,14.2,81.3,0.4,1.1
2026-10-01T10:50,176.7,0.0,1026.7,145.1,0.0,14.3,82.7,0.5,1.2
2026-10-01T11:00,176.8,0.0,1026.5,161.1,0.0,14.4,82.5,0.5,1.1
2026-10-01T11:10,196.0,0.0,1026.4,301.2,259.0,14.7,80.1,0.6,1.2
2026-10-01T11:20,181.3,0.0,1026.1,471.5,600.0,15.5,76.0,0.8,1.6
2026-10-01T11:30,179.8,0.0,1025.6,570.2,600.0,16.4,73.1,0.9,1.7
2026-10-01T11:40,181.2,0.0,1025.5,573.5,598.0,16.8,68.4,0.7,1.3
2026-10-01T11:50,52.6,0.0,1025.2,544.5,600.0,17.1,65.1,0.2,1.1
2026-10-01T12:00,226.9,0.0,1024.9,527.8,600.0,17.6,67.1,0.6,1.7
2026-10-01T12:10,71.9,0.0,1024.7,612.3,600.0,17.9,63.7,0.6,2.4
2026-10-01T12:20,58.4,0.0,1024.6,575.8,595.0,18.0,61.0,0.7,2.0
2026-10-01T12:30,14.2,0.0,1024.2,593.8,600.0,18.4,62.7,0.6,1.7
2026-10-01T12:40,67.0,0.0,1023.9,622.2,598.0,18.8,63.2,0.4,1.5
2026-10-01T12:50,210.7,0.0,1023.8,616.8,600.0,19.3,59.4,0.9,1.5
2026-10-01T13:00,235.1,0.0,1023.7,493.7,600.0,19.4,58.9,0.3,1.6
2026-10-01T13:10,188.1,0.0,1023.5,510.6,599.0,19.7,55.2,0.5,1.5
2026-10-01T13:20,152.7,0.0,1023.4,530.7,600.0,19.7,52.4,0.1,0.8
2026-10-01T13:30,79.7,0.0,1023.2,490.9,599.0,19.8,48.7,0.5,1.2
2026-10-01T13:40,42.2,0.0,1023.0,511.3,600.0,19.9,49.9,0.7,1.2
2026-10-01T13:50,27.8,0.0,1022.8,493.1,599.0,20.2,52.0,0.5,1.7
2026-10-01T14:00,57.9,0.0,1022.9,346.4,600.0,20.1,50.2,0.4,1.4
2026-10-01T14:10,217.6,0.0,1022.5,470.1,600.0,20.4,55.5,0.6,1.1
2026-10-01T14:20,19.5,0.0,1022.4,500.5,600.0,20.5,50.7,0.5,1.8
2026-10-01T14:30,352.6,0.0,1022.2,480.7,600.0,20.4,52.0,1.2,1.9
2026-10-01T14:40,14.7,0.0,1022.1,422.1,598.0,20.4,53.1,1.1,2.0
2026-10-01T14:50,36.7,0.0,1022.0,392.1,600.0,20.5,48.7,0.9,2.2
2026-10-01T15:00,344.2,0.0,1021.8,418.0,600.0,20.6,51.6,1.0,1.7
2026-10-01T15:10,339.5,0.0,1021.7,407.0,598.0,20.6,50.0,0.8,1.6
2026-10-01T15:20,16.9,0.0,1021.6,467.5,600.0,20.9,51.4,0.7,1.4
2026-10-01T15:30,340.4,0.0,1021.5,474.4,600.0,21.0,46.9,0.4,1.0
2026-10-01T15:40,10.1,0.0,1021.3,470.9,598.0,21.2,47.9,0.4,1.1
2026-10-01T15:50,10.0,0.0,1021.2,485.3,600.0,21.3,50.7,0.7,1.6
2026-10-01T16:00,243.8,0.0,1021.1,453.7,600.0,21.6,50.2,0.5,1.4
2026-10-01T16:10,214.9,0.0,1021.1,397.4,598.0,21.6,50.1,0.8,1.2
2026-10-01T16:20,187.9,0.0,1021.1,371.5,600.0,21.6,46.0,0.1,0.6
2026-10-01T16:30,137.3,0.0,1021.0,344.4,600.0,21.5,48.9,0.3,0.8
2026-10-01T16:40,186.8,0.0,1021.1,315.8,600.0,21.1,56.1,0.5,1.2
2026-10-01T16:50,243.8,0.0,1021.2,258.9,599.0,20.7,58.6,0.3,1.8
2026-10-01T17:00,284.0,0.0,1021.3,218.5,599.0,20.5,57.3,1.6,3.0
2026-10-01T17:10,280.3,0.0,1021.6,149.3,413.0,20.0,57.9,2.2,3.2
2026-10-01T17:20,271.7,0.0,1021.6,195.0,597.0,19.9,59.1,2.5,4.1
2026-10-01T17:30,272.0,0.0,1021.8,118.0,422.0,19.7,58.4,2.7,4.2
2026-10-01T17:40,273.2,0.0,1022.0,49.5,0.0,19.0,60.0,3.4,5.5
2026-10-01T17:50,271.9,0.0,1022.2,51.6,88.0,18.5,62.3,3.3,5.4
2026-10-01T18:10,289.2,0.0,1022.7,34.6,0.0,17.7,66.1,2.5,4.5
2026-10-01T18:20,279.2,0.0,1023.0,27.0,0.0,17.5,65.9,1.6,3.6
2026-10-01T18:30,297.0,0.0,1023.3,21.3,0.0,17.3,67.1,2.1,3.7
2026-10-01T18:40,299.1,0.0,1023.3,11.4,0.0,17.4,65.7,3.4,4.9
2026-10-01T18:50,291.6,0.0,1023.5,3.7,0.0,17.2,66.9,2.8,4.3
2026-10-01T19:00,287.6,0.0,1023.7,0.1,0.0,16.9,68.0,2.1,3.3
2026-10-01T19:10,286.1,0.0,1024.1,0.0,0.0,16.6,69.6,2.6,3.7
2026-10-01T19:20,279.2,0.0,1024.2,0.0,0.0,16.3,70.2,1.9,3.5
2026-10-01T19:30,324.6,0.0,1024.5,0.0,0.0,16.0,72.8,2.0,3.6
2026-10-01T19:40,315.3,0.0,1024.7,0.0,0.0,15.9,73.5,1.5,2.2
2026-10-01T19:50,343.4,0.0,1024.8,0.0,0.0,15.9,72.5,1.5,3.4
2026-10-01T20:00,352.6,0.0,1024.9,0.0,0.0,16.1,70.6,1.2,3.0
2026-10-01T20:10,29.4,0.0,1025.3,0.0,0.0,15.4,75.8,0.6,2.2
2026-10-01T20:20,319.3,0.0,1025.1,0.0,0.0,15.9,71.6,0.5,4.2
2026-10-01T20:30,31.5,0.0,1025.6,0.0,0.0,15.2,76.9,0.7,1.5
2026-10-01T20:40,5.0,0.0,1026.0,0.0,0.0,14.3,82.8,1.2,2.3
2026-10-01T20:50,333.0,0.0,1025.7,0.0,0.0,15.3,75.9,1.1,1.9
2026-10-01T21:00,342.5,0.0,1026.0,0.0,0.0,15.2,76.0,0.9,2.5
2026-10-01T21:10,2.4,0.0,1026.4,0.0,0.0,14.3,81.5,0.7,1.8
2026-10-01T21:20,331.3,0.0,1026.3,0.0,0.0,15.3,74.9,0.8,1.9
2026-10-01T21:30,231.3,0.0,1026.7,0.0,0.0,14.3,82.3,0.4,0.8
2026-10-01T21:40,348.1,0.0,1026.9,0.0,0.0,13.8,85.7,1.0,2.0
2026-10-01T21:50,349.1,0.0,1027.2,0.0,0.0,13.6,86.9,1.2,1.8
2026-10-01T22:00,307.5,0.0,1027.0,0.0,0.0,14.8,77.7,0.9,1.7
2026-10-01T22:10,300.9,0.0,1027.0,0.0,0.0,15.0,75.7,1.5,2.7
2026-10-01T22:20,292.4,0.0,1027.3,0.0,0.0,14.2,81.0,0.6,2.4
2026-10-01T22:30,265.2,0.0,1027.4,0.0,0.0,13.8,83.7,0.6,1.7
2026-10-01T22:40,212.5,0.0,1027.7,0.0,0.0,13.3,86.9,0.3,0.9
2026-10-01T22:50,209.4,0.0,1027.9,0.0,0.0,12.9,89.3,0.3,0.9
2026-10-01T23:00,356.0,0.0,1028.1,0.0,0.0,12.9,88.8,0.8,1.5
2026-10-01T23:10,321.1,0.0,1028.3,0.0,0.0,12.4,91.2,0.7,1.4
2026-10-01T23:20,291.2,0.0,1028.1,0.0,0.0,13.3,83.0,1.1,2.3
2026-10-01T23:30,289.5,0.0,1028.3,0.0,0.0,13.2,83.1,1.1,2.3
2026-10-01T23:40,301.6,0.0,1028.5,0.0,0.0,12.8,85.3,1.4,2.4
2026-10-01T23:50,349.3,0.0,1028.4,0.0,0.0,13.1,84.5,0.6,1.5
2026-10-02T00:00,333.5,0.0,1028.5,0.0,0.0,12.9,86.6,0.4,1.2
2026-10-02T00:10,317.9,0.0,1028.6,0.0,0.0,12.8,85.8,0.4,1.4
2026-10-02T00:20,188.5,0.0,1029.0,0.0,0.0,12.3,89.6,0.4,1.1
2026-10-02T00:30,236.9,0.0,1029.1,0.0,0.0,11.9,91.6,0.7,1.2
2026-10-02T00:40,178.6,0.0,1029.3,0.0,0.0,11.7,92.7,0.2,0.8
2026-10-02T00:50,328.3,0.0,1029.5,0.0,0.0,11.3,93.3,1.4,3.0
2026-10-02T01:10,346.0,0.0,1029.2,0.0,0.0,12.1,89.1,0.5,1.0
2026-10-02T01:20,340.5,0.0,1029.4,0.0,0.0,11.7,90.8,0.3,0.6
2026-10-02T01:30,194.5,0.0,1029.6,0.0,0.0,11.4,92.6,0.4,1.1
2026-10-02T01:40,218.2,0.0,1029.7,0.0,0.0,11.2,93.7,0.5,0.9
2026-10-02T01:50,312.9,0.0,1029.9,0.0,0.0,11.3,92.8,0.4,1.2
2026-10-02T02:00,6.4,0.0,1030.2,0.0,0.0,10.5,94.9,0.9,1.4
2026-10-02T02:10,323.2,0.0,1030.3,0.0,0.0,10.8,94.2,1.1,1.5
2026-10-02T02:20,326.6,0.0,1030.4,0.0,0.0,10.8,93.7,0.8,1.6
2026-10-02T02:30,136.7,0.0,1030.5,0.0,0.0,10.5,95.0,0.2,0.9
2026-10-02T02:40,340.0,0.0,1030.6,0.0,0.0,10.2,95.8,0.2,1.3
2026-10-02T02:50,13.5,0.0,1030.8,0.0,0.0,9.8,96.7,0.5,1.4
2026-10-02T03:00,20.5,0.0,1030.6,0.0,0.0,10.3,95.1,0.9,2.1
2026-10-02T03:10,329.4,0.0,1030.5,0.0,0.0,10.7,92.9,0.7,2.0
2026-10-02T03:20,301.5,0.0,1030.6,0.0,0.0,10.4,94.2,0.5,1.6
2026-10-02T03:30,202.2,0.0,1030.7,0.0,0.0,10.0,95.7,0.1,0.7
2026-10-02T03:40,156.4,0.0,1030.8,0.0,0.0,10.0,95.9,0.5,1.1
2026-10-02T03:50,185.5,0.0,1030.9,0.0,0.0,10.1,95.8,0.7,1.1
2026-10-02T04:00,207.7,0.0,1031.0,0.0,0.0,9.9,96.6,0.4,1.1
2026-10-02T04:10,197.4,0.0,1031.1,0.0,0.0,9.6,96.2,0.4,0.9
2026-10-02T04:20,222.6,0.0,1031.2,0.0,0.0,9.2,97.3,0.1,0.6
2026-10-02T04:30,102.7,0.0,1031.2,0.0,0.0,9.2,97.9,0.5,1.1
2026-10-02T04:40,230.6,0.0,1031.2,0.0,0.0,9.3,97.7,0.5,1.4
2026-10-02T04:50,147.5,0.0,1031.2,0.0,0.0,9.3,97.8,0.4,1.1
2026-10-02T05:00,149.0,0.0,1031.2,0.0,0.0,9.5,97.8,0.8,1.3
2026-10-02T05:10,252.5,0.0,1031.3,0.0,0.0,9.5,97.3,0.8,1.0
2026-10-02T05:20,163.0,0.0,1031.2,0.0,0.0,9.5,97.4,0.3,1.3
2026-10-02T05:30,92.2,0.0,1031.4,0.0,0.0,9.3,97.7,0.6,1.1
2026-10-02T05:40,315.9,0.0,1031.4,0.0,0.0,9.0,98.3,0.4,0.6
2026-10-02T05:50,250.0,0.0,1031.4,0.0,0.0,9.1,98.2,0.2,0.4
2026-10-02T06:00,104.9,0.0,1031.5,0.0,0.0,9.0,98.3,0.6,1.0
2026-10-02T06:10,0.1,0.0,1031.8,0.0,0.0,8.4,98.8,0.3,0.8
2026-10-02T06:20,67.1,0.0,1031.7,0.0,0.0,8.7,99.3,0.4,0.8
2026-10-02T06:30,307.7,0.0,1031.8,0.0,0.0,8.5,98.8,0.7,1.6
2026-10-02T06:40,232.7,0.0,1031.9,0.0,0.0,8.5,98.5,0.3,0.5
2026-10-02T06:50,79.8,0.0,1032.2,0.0,0.0,8.1,99.0,0.4,0.9
2026-10-02T07:00,341.7,0.0,1032.6,0.0,0.0,7.5,99.5,0.2,0.7
2026-10-02T07:10,322.1,0.0,1032.6,0.0,0.0,7.8,99.9,0.4,1.1
2026-10-02T07:20,78.5,0.0,1032.6,0.7,0.0,7.8,99.4,0.8,1.6
2026-10-02T07:30,314.5,0.0,1032.7,4.0,0.0,8.1,99.1,0.7,1.9
2026-10-02T07:40,233.8,0.0,1032.7,10.5,0.0,8.1,98.4,0.4,0.9
2026-10-02T07:50,308.0,0.0,1032.7,15.9,0.0,8.2,98.3,0.4,0.7
2026-10-02T08:00,11.8,0.0,1032.7,19.4,0.0,8.4,98.1,0.4,1.0
2026-10-02T08:10,67.1,0.0,1032.9,23.4,0.0,8.4,97.3,0.2,1.6
2026-10-02T08:20,203.6,0.0,1033.0,31.3,0.0,8.5,97.6,0.2,0.7
2026-10-02T08:40,193.1,0.0,1033.1,54.4,0.0,8.7,98.2,0.6,1.2
2026-10-02T08:50,182.4,0.0,1033.0,57.8,0.0,9.0,97.7,0.6,1.0
2026-10-02T09:00,203.7,0.0,1033.0,61.8,0.0,9.0,98.0,1.3,2.1
2026-10-02T09:10,205.2,0.0,1032.9,62.7,0.0,9.1,97.7,1.2,2.0
2026-10-02T09:20,208.0,0.0,1033.0,66.7,0.0,9.2,97.2,1.0,1.3
2026-10-02T09:30,197.5,0.0,1033.0,81.1,0.0,9.4,97.0,0.8,1.2
2026-10-02T09:40,195.1,0.0,1032.9,130.3,167.0,9.6,96.7,0.7,1.2
2026-10-02T09:50,165.7,0.0,1032.5,330.0,600.0,10.3,94.6,0.1,0.7
2026-10-02T10:10,71.4,0.0,1032.0,405.9,600.0,11.4,90.7,0.8,1.6
2026-10-02T10:20,43.8,0.0,1031.9,424.5,600.0,11.9,89.1,0.8,1.4
2026-10-02T10:30,42.3,0.0,1031.7,440.4,600.0,12.3,88.9,1.2,2.1
2026-10-02T10:40,53.2,0.0,1031.7,432.1,600.0,12.4,86.3,1.6,2.4
2026-10-02T10:50,63.4,0.0,1031.4,445.7,600.0,12.9,83.0,1.0,2.0
2026-10-02T11:00,74.6,0.0,1031.3,400.2,600.0,13.2,79.3,0.4,1.4
2026-10-02T11:10,57.2,0.0,1031.1,490.8,595.0,13.7,78.2,0.6,1.5
2026-10-02T11:20,69.9,0.0,1030.6,530.0,600.0,14.2,75.8,0.5,1.7
2026-10-02T11:30,29.6,0.0,1030.2,547.3,600.0,14.9,74.9,0.6,1.8
2026-10-02T11:40,52.4,0.0,1030.0,561.1,600.0,15.2,73.2,0.9,2.2
2026-10-02T11:50,132.4,0.0,1029.6,596.7,600.0,15.7,69.2,0.8,2.5
2026-10-02T12:00,177.2,0.0,1029.2,590.1,600.0,16.1,68.2,0.4,1.7
2026-10-02T12:10,20.5,0.0,1028.9,605.2,600.0,16.4,67.6,0.9,1.9
2026-10-02T12:30,134.0,0.0,1028.4,626.7,600.0,17.4,63.1,0.4,1.7
2026-10-02T12:40,103.9,0.0,1028.0,633.6,595.0,17.9,62.2,0.3,1.5
2026-10-02T12:50,358.3,0.0,1027.8,612.7,600.0,18.2,62.2,0.2,2.1
2026-10-02T13:00,261.0,0.0,1027.6,553.1,600.0,18.6,61.5,0.1,2.0
2026-10-02T13:10,157.2,0.0,1027.4,577.0,599.0,19.2,60.0,0.8,1.9
2026-10-02T13:20,209.5,0.0,1027.1,626.9,600.0,19.3,57.9,0.7,2.0
2026-10-02T13:30,65.1,0.0,1026.9,613.4,597.0,19.3,57.9,0.4,1.9
2026-10-02T13:40,27.3,0.0,1026.7,608.7,600.0,19.5,57.0,1.1,1.8
2026-10-02T13:50,20.0,0.0,1026.4,596.8,600.0,19.8,57.2,0.8,2.1
2026-10-02T14:00,8.6,0.0,1026.1,571.4,597.0,20.0,54.8,0.7,1.7
2026-10-02T14:10,50.3,0.0,1025.9,572.7,600.0,20.2,54.5,1.0,2.6
2026-10-02T14:20,37.0,0.0,1025.8,565.5,600.0,20.3,54.1,1.1,1.8
2026-10-02T14:30,345.5,0.0,1025.6,583.6,600.0,20.8,51.7,0.8,1.6
2026-10-02T14:40,14.4,0.0,1025.3,563.8,598.0,21.0,51.7,0.7,1.8
2026-10-02T14:50,337.7,0.0,1025.1,537.3,600.0,21.2,49.3,1.0,1.8
2026-10-02T15:00,3.5,0.0,1024.9,537.7,600.0,21.5,50.1,0.4,2.1
2026-10-02T15:10,262.7,0.0,1024.6,525.3,597.0,22.0,48.3,1.5,2.5
2026-10-02T15:20,269.4,0.0,1024.6,519.3,600.0,22.0,48.3,2.0,2.7
2026-10-02T15:30,272.2,0.0,1024.4,499.2,600.0,22.2,46.1,1.6,2.6
2026-10-02T15:40,273.4,0.0,1024.3,471.4,600.0,22.2,45.1,1.9,2.9
2026-10-02T15:50,280.5,0.0,1024.2,447.2,595.0,22.1,46.2,2.3,3.5
2026-10-02T16:00,278.3,0.0,1024.1,435.9,600.0,21.9,45.1,2.7,4.2
2026-10-02T16:10,282.4,0.0,1024.1,423.1,600.0,21.9,44.3,2.5,3.9
2026-10-02T16:20,279.7,0.0,1024.2,400.2,600.0,21.7,44.9,2.9,3.7
2026-10-02T16:30,265.2,0.0,1024.1,366.0,599.0,21.9,44.9,2.4,4.0
2026-10-02T16:40,268.1,0.0,1024.3,340.3,596.0,21.4,47.0,2.6,5.2
2026-10-02T16:50,261.8,0.0,1024.3,309.5,600.0,21.5,42.8,3.2,5.2
2026-10-02T17:00,266.7,0.0,1024.4,273.2,600.0,21.3,42.7,3.1,5.5
2026-10-02T17:10,271.3,0.0,1024.5,248.0,598.0,20.9,43.8,2.8,5.1
2026-10-02T17:20,277.3,0.0,1024.6,215.8,600.0,20.7,42.9,3.9,6.1
2026-10-02T17:30,283.0,0.0,1024.7,189.9,558.0,20.4,43.7,3.6,5.0
2026-10-02T17:40,290.1,0.0,1024.9,165.6,0.0,19.7,47.5,3.1,4.2
2026-10-02T17:50,266.8,0.0,1025.2,136.3,451.0,19.2,50.6,2.0,4.1
2026-10-02T18:00,256.3,0.0,1025.6,59.1,269.0,18.1,55.8,1.1,3.2
2026-10-02T18:10,253.0,0.0,1025.9,21.3,0.0,17.7,55.2,1.9,4.6
2026-10-02T18:20,284.8,0.0,1026.3,15.3,0.0,17.1,57.4,0.8,2.2
2026-10-02T18:30,301.9,0.0,1026.3,10.2,0.0,17.2,55.3,3.0,4.8
2026-10-02T18:40,288.8,0.0,1026.6,5.8,0.0,17.0,56.1,3.0,4.7
2026-10-02T18:50,310.0,0.0,1026.9,1.4,0.0,16.9,56.0,3.7,6.1
2026-10-02T19:00,292.8,0.0,1027.0,0.0,0.0,16.7,56.2,2.7,4.2
2026-10-02T19:10,270.5,0.0,1027.4,0.0,0.0,15.8,60.3,1.8,4.3
2026-10-02T19:20,352.2,0.0,1027.9,0.0,0.0,15.0,67.2,1.9,4.8
2026-10-02T19:30,331.9,0.0,1028.1,0.0,0.0,15.1,64.4,2.1,3.8
2026-10-02T19:40,305.6,0.0,1028.2,0.0,0.0,15.2,61.9,3.0,4.6
2026-10-02T19:50,301.4,0.0,1028.5,0.0,0.0,14.8,64.8,2.7,4.0
2026-10-02T20:00,294.5,0.0,1028.6,0.0,0.0,15.0,62.3,2.1,4.7
2026-10-02T20:10,311.1,0.0,1028.9,0.0,0.0,14.7,63.2,1.8,4.4
2026-10-02T20:20,355.9,0.0,1029.4,0.0,0.0,13.9,68.0,1.3,2.9
2026-10-02T20:30,352.0,0.0,1029.2,0.0,0.0,14.4,64.2,0.7,3.1
2026-10-02T20:40,339.2,0.0,1029.6,0.0,0.0,13.3,71.3,1.3,3.5
2026-10-02T20:50,297.8,0.0,1029.7,0.0,0.0,13.5,67.2,1.4,2.5
2026-10-02T21:00,299.1,0.0,1030.1,0.0,0.0,13.1,69.8,2.3,3.6
2026-10-02T21:10,335.7,0.0,1030.2,0.0,0.0,13.1,70.4,1.6,4.3
2026-10-02T21:20,19.2,0.0,1030.7,0.0,0.0,12.1,77.0,1.3,3.0
2026-10-02T21:30,11.3,0.0,1030.6,0.0,0.0,12.8,70.7,1.0,2.7
2026-10-02T21:40,68.3,0.0,1030.7,0.0,0.0,12.9,69.8,1.1,2.2
2026-10-02T21:50,24.5,0.0,1030.9,0.0,0.0,12.6,71.3,0.7,2.3
2026-10-02T22:00,299.7,0.0,1031.0,0.0,0.0,12.7,68.2,1.7,3.7
2026-10-02T22:10,310.7,0.0,1031.1,0.0,0.0,12.3,71.2,1.7,4.4
2026-10-02T22:20,75.2,0.0,1031.1,0.0,0.0,12.3,71.7,0.4,2.7
2026-10-02T22:30,349.3,0.0,1031.4,0.0,0.0,12.2,71.6,0.9,2.9
2026-10-02T22:40,320.7,0.0,1031.4,0.0,0.0,12.1,69.5,0.9,2.3
2026-10-02T22:50,337.4,0.0,1031.9,0.0,0.0,11.2,78.2,1.2,2.4
2026-10-02T23:00,301.5,0.0,1032.0,0.0,0.0,11.4,73.1,0.6,2.3
2026-10-02T23:10,308.6,0.0,1032.1,0.0,0.0,11.3,74.1,0.7,2.8
2026-10-02T23:20,286.8,0.0,1032.3,0.0,0.0,11.1,73.5,0.4,2.2
2026-10-02T23:30,35.9,0.0,1032.3,0.0,0.0,11.0,74.0,0.6,1.8
2026-10-02T23:40,11.3,0.0,1032.4,0.0,0.0,10.6,78.9,1.0,2.1
2026-10-02T23:50,41.7,0.0,1032.5,0.0,0.0,10.7,78.4,1.0,2.1
2026-10-03T00:00,305.1,0.0,1032.5,0.0,0.0,10.9,73.8,0.9,2.3
2026-10-03T00:10,350.7,0.0,1033.0,0.0,0.0,9.8,82.0,1.3,3.0
2026-10-03T00:20,12.9,0.0,1033.1,0.0,0.0,10.1,81.8,0.7,2.9
2026-10-03T00:30,286.6,0.0,1032.9,0.0,0.0,10.7,74.0,1.0,1.9
2026-10-03T00:40,265.2,0.0,1033.2,0.0,0.0,9.9,78.8,0.5,1.5
2026-10-03T00:50,323.4,0.0,1033.7,0.0,0.0,8.6,86.8,0.4,1.4
2026-10-03T01:10,231.4,0.0,1033.9,0.0,0.0,8.5,86.7,0.2,1.1
2026-10-03T01:20,224.2,0.0,1034.1,0.0,0.0,8.1,90.2,0.8,1.3
2026-10-03T01:30,251.9,0.0,1034.1,0.0,0.0,8.0,90.0,0.7,1.2
2026-10-03T01:40,358.4,0.0,1034.2,0.0,0.0,7.8,90.9,0.3,1.5
2026-10-03T01:50,6.7,0.0,1034.4,0.0,0.0,7.6,91.0,0.5,0.9
2026-10-03T02:00,343.8,0.0,1034.3,0.0,0.0,7.7,91.4,0.4,1.0
2026-10-03T02:10,216.2,0.0,1034.4,0.0,0.0,7.7,90.4,0.2,0.7
2026-10-03T02:20,219.2,0.0,1034.6,0.0,0.0,7.4,92.8,0.8,1.1
2026-10-03T02:30,216.7,0.0,1034.6,0.0,0.0,7.5,92.7,1.1,1.4
2026-10-03T02:40,276.9,0.0,1034.7,0.0,0.0,7.1,93.1,0.7,1.2
2026-10-03T02:50,78.9,0.0,1034.9,0.0,0.0,6.4,95.5,0.7,1.0
2026-10-03T03:00,17.2,0.0,1035.0,0.0,0.0,6.1,97.0,0.7,0.9
2026-10-03T03:10,28.2,0.0,1034.9,0.0,0.0,6.4,96.1,0.4,0.8
2026-10-03T03:20,89.8,0.0,1034.8,0.0,0.0,6.7,95.0,0.3,0.8
2026-10-03T03:30,225.5,0.0,1034.9,0.0,0.0,6.2,96.2,0.6,0.9
2026-10-03T03:40,228.9,0.0,1034.8,0.0,0.0,6.5,96.3,0.6,1.0
2026-10-03T03:50,224.6,0.0,1034.9,0.0,0.0,6.3,96.2,0.1,0.6
2026-10-03T04:00,85.5,0.0,1035.2,0.0,0.0,5.7,97.4,0.1,0.7
2026-10-03T04:10,18.6,0.0,1035.1,0.0,0.0,5.8,98.1,0.4,1.3
2026-10-03T04:20,250.1,0.0,1035.1,0.0,0.0,5.8,97.1,0.3,0.7
2026-10-03T04:30,135.0,0.0,1035.1,0.0,0.0,5.9,96.7,0.2,0.4
2026-10-03T04:40,218.9,0.0,1035.1,0.0,0.0,5.9,97.3,0.5,0.8
2026-10-03T04:50,149.2,0.0,1035.3,0.0,0.0,5.4,97.1,0.3,0.9
2026-10-03T05:00,239.5,0.0,1035.5,0.0,0.0,4.9,99.0,0.2,0.7
2026-10-03T05:10,63.7,0.0,1035.5,0.0,0.0,4.9,99.4,0.3,0.5
2026-10-03T05:20,104.3,0.0,1035.3,0.0,0.0,4.9,99.1,0.6,1.2
2026-10-03T05:30,264.0,0.0,1035.5,0.0,0.0,4.5,99.3,0.1,0.8
2026-10-03T05:40,355.4,0.0,1035.4,0.0,0.0,4.9,99.9,0.4,0.9
2026-10-03T05:50,6.7,0.0,1035.5,0.0,0.0,4.9,99.6,0.7,1.5
2026-10-03T06:00,246.7,0.0,1035.3,0.0,0.0,5.4,98.2,0.1,0.5
2026-10-03T06:10,188.3,0.0,1035.4,0.0,0.0,5.2,97.7,0.6,1.0
2026-10-03T06:20,211.1,0.0,1035.5,0.0,0.0,4.9,98.5,0.5,0.9
2026-10-03T06:30,212.9,0.0,1035.6,0.0,0.0,5.0,98.8,0.8,1.2
2026-10-03T06:40,213.6,0.0,1035.6,0.0,0.0,5.0,98.5,1.4,2.0
2026-10-03T06:50,224.3,0.0,1035.8,0.0,0.0,4.9,99.0,1.0,1.3
2026-10-03T07:00,204.2,0.0,1035.8,0.0,0.0,5.0,99.2,1.0,1.5
2026-10-03T07:10,122.1,0.0,1036.0,0.0,0.0,4.4,99.0,0.3,0.7
2026-10-03T07:20,95.9,0.0,1036.2,0.4,0.0,3.9,99.8,0.3,0.7
2026-10-03T07:30,79.2,0.0,1036.1,3.0,0.0,4.2,100.0,0.1,0.3
2026-10-03T07:40,111.4,0.0,1036.2,6.4,0.0,4.1,99.6,0.4,0.8
2026-10-03T07:50,88.8,0.0,1036.3,9.6,0.0,3.8,100.0,0.4,1.0
2026-10-03T08:00,358.2,0.0,1036.2,12.2,0.0,4.4,100.0,0.3,0.5
2026-10-03T08:10,337.7,0.0,1036.1,14.8,0.0,4.6,100.0,0.1,0.6
2026-10-03T08:20,333.9,0.0,1035.9,17.3,0.0,4.9,100.0,0.4,0.7
2026-10-03T08:30,265.5,0.0,1035.8,20.2,0.0,4.9,99.9,0.5,0.6
2026-10-03T08:40,166.5,0.0,1035.8,22.7,0.0,4.9,99.6,0.6,1.3
2026-10-03T08:50,205.0,0.0,1035.8,25.6,0.0,4.9,99.7,0.7,1.2
2026-10-03T09:00,224.1,0.0,1035.9,28.7,0.0,5.0,99.6,0.8,1.2
2026-10-03T09:10,227.3,0.0,1035.9,31.7,0.0,5.0,99.3,0.9,1.7
2026-10-03T09:20,206.5,0.0,1035.8,34.5,0.0,5.1,99.4,1.0,1.5
2026-10-03T09:30,177.2,0.0,1035.7,37.3,0.0,5.2,99.4,0.3,0.9
2026-10-03T09:40,122.3,0.0,1035.9,101.0,158.0,5.1,99.5,0.5,0.7
2026-10-03T09:50,97.8,0.0,1035.6,365.7,600.0,5.7,100.0,0.6,0.9
2026-10-03T10:00,82.7,0.0,1035.1,391.9,596.0,6.8,97.9,0.8,1.1
2026-10-03T10:10,83.6,0.0,1034.6,417.4,600.0,7.7,93.6,0.8,1.4
2026-10-03T10:20,94.4,0.0,1034.2,437.6,600.0,8.2,89.5,0.7,1.2
2026-10-03T10:30,65.2,0.0,1033.8,467.2,600.0,8.9,88.1,0.9,1.4
2026-10-03T10:40,39.2,0.0,1033.5,488.6,595.0,9.4,87.4,1.1,1.6
2026-10-03T10:50,42.4,0.0,1033.2,477.7,600.0,10.0,84.7,1.4,2.3
2026-10-03T11:00,58.7,0.0,1033.0,509.3,600.0,10.4,81.3,1.2,2.0
2026-10-03T11:10,63.4,0.0,1032.6,545.9,598.0,11.1,76.4,0.7,1.6
2026-10-03T11:20,40.9,0.0,1032.2,560.9,600.0,11.6,74.6,0.7,1.8
2026-10-03T11:30,23.2,0.0,1031.9,575.7,600.0,12.1,73.1,0.8,1.5
2026-10-03T11:40,17.7,0.0,1031.6,589.8,600.0,12.7,66.9,0.1,1.3
2026-10-03T11:50,307.8,0.0,1031.3,602.7,599.0,13.2,64.8,0.4,1.2
2026-10-03T12:00,96.3,0.0,1030.9,614.0,600.0,13.7,62.2,0.5,1.0
2026-10-03T12:10,34.5,0.0,1030.5,624.2,600.0,14.3,61.9,0.8,1.6
2026-10-03T12:20,56.9,0.0,1030.1,632.2,600.0,14.9,60.4,1.0,1.7
2026-10-03T12:30,65.7,0.0,1029.8,637.6,599.0,15.4,58.6,0.9,2.0
2026-10-03T12:40,76.2,0.0,1029.5,645.4,598.0,15.8,56.7,1.0,1.6
2026-10-03T12:50,45.3,0.0,1029.2,650.9,600.0,16.2,55.3,1.1,2.2
2026-10-03T13:00,47.2,0.0,1028.9,547.0,600.0,16.6,52.9,0.9,1.6
2026-10-03T13:10,57.5,0.0,1028.7,585.6,599.0,16.9,48.8,0.4,1.3
2026-10-03T13:20,38.1,0.0,1028.2,657.6,600.0,17.4,49.2,0.1,1.3
2026-10-03T13:30,165.1,0.0,1027.9,655.8,599.0,18.1,47.4,0.8,2.2
2026-10-03T13:40,98.3,0.0,1027.7,652.6,599.0,18.1,45.0,1.3,2.2
2026-10-03T13:50,13.5,0.0,1027.3,643.4,600.0,18.5,42.6,0.2,1.7
2026-10-03T14:00,2.8,0.0,1027.0,629.5,600.0,18.8,42.9,0.4,1.5
2026-10-03T14:10,18.9,0.0,1026.8,624.9,598.0,19.0,44.2,0.7,1.6
2026-10-03T14:20,274.6,0.0,1026.3,613.2,600.0,19.7,42.1,1.2,2.3
2026-10-03T14:30,245.7,0.0,1026.1,601.8,597.0,19.9,40.8,1.2,2.4
2026-10-03T14:40,253.5,0.0,1025.9,570.4,600.0,20.2,40.3,1.8,2.6
2026-10-03T14:50,243.7,0.0,1025.7,549.8,600.0,20.4,40.0,1.6,2.4
2026-10-03T15:00,240.6,0.0,1025.4,542.7,600.0,20.6,42.4,1.6,2.1
2026-10-03T15:10,259.4,0.0,1025.3,528.5,600.0,20.6,38.9,1.5,2.2
2026-10-03T15:20,243.4,0.0,1025.0,479.5,599.0,20.9,39.2,1.1,2.2
2026-10-03T15:30,278.2,0.0,1025.1,482.1,600.0,20.8,38.0,1.2,2.0
2026-10-03T15:40,288.1,0.0,1024.9,464.3,600.0,20.7,39.4,1.7,2.1
2026-10-03T15:50,277.6,0.0,1024.8,420.9,598.0,20.6,40.8,1.8,2.5
2026-10-03T16:00,282.0,0.0,1024.8,409.4,600.0,20.6,40.2,2.0,2.7
2026-10-03T16:10,278.9,0.0,1024.8,386.8,598.0,20.6,40.1,1.7,2.8
2026-10-03T16:20,281.0,0.0,1024.7,355.0,600.0,20.4,39.6,2.5,3.4
2026-10-03T16:30,276.6,0.0,1024.8,326.4,600.0,20.2,39.8,2.7,4.2
2026-10-03T16:40,274.8,0.0,1024.8,316.1,598.0,20.1,39.6,3.1,4.2
2026-10-03T16:50,272.2,0.0,1024.8,309.8,600.0,20.0,40.5,2.9,4.3
2026-10-03T17:00,267.7,0.0,1024.9,284.2,600.0,19.6,43.7,2.0,3.8
2026-10-03T17:10,250.3,0.0,1025.2,259.2,600.0,18.4,50.6,1.0,3.2
2026-10-03T17:20,283.0,0.0,1025.1,230.4,600.0,19.0,43.1,3.4,6.3
2026-10-03T17:30,282.5,0.0,1025.3,200.5,599.0,18.7,42.9,3.8,5.7
2026-10-03T17:40,281.9,0.0,1025.4,151.8,22.0,18.4,43.3,4.3,6.1
2026-10-03T17:50,285.4,0.0,1025.6,129.2,388.0,17.8,45.2,4.4,6.5
2026-10-03T18:00,293.5,0.0,1025.9,47.1,164.0,17.0,48.0,3.9,6.3
2026-10-03T18:10,288.8,0.0,1026.2,21.2,0.0,16.3,50.5,4.6,6.7
2026-10-03T18:20,293.6,0.0,1026.4,15.3,0.0,16.1,50.7,4.4,6.6
2026-10-03T18:30,311.0,0.0,1026.7,10.0,0.0,15.7,53.0,3.1,6.4
2026-10-03T18:40,304.7,0.0,1027.1,5.1,0.0,15.0,55.8,1.9,4.3
2026-10-03T18:50,290.2,0.0,1027.1,0.7,0.0,15.2,53.4,3.4,5.1
2026-10-03T19:00,296.9,0.0,1027.3,0.0,0.0,15.0,53.6,3.6,5.9
2026-10-03T19:10,309.1,0.0,1027.8,0.0,0.0,14.1,58.9,2.7,4.9
2026-10-03T19:20,339.5,0.0,1028.5,0.0,0.0,12.9,66.7,1.8,3.2
2026-10-03T19:30,359.3,0.0,1028.4,0.0,0.0,13.5,60.9,0.8,2.9
2026-10-03T19:40,298.5,0.0,1028.3,0.0,0.0,14.1,56.1,1.3,3.4
2026-10-03T19:50,328.6,0.0,1028.6,0.0,0.0,13.3,61.0,1.0,3.2
2026-10-03T20:00,328.2,0.0,1028.9,0.0,0.0,13.2,60.3,1.1,2.9
2026-10-03T20:10,279.7,0.0,1029.2,0.0,0.0,12.5,63.2,1.1,2.6
2026-10-03T20:20,309.3,0.0,1029.6,0.0,0.0,12.0,66.2,2.1,3.7
2026-10-03T20:30,321.3,0.0,1029.6,0.0,0.0,12.8,61.6,1.5,3.3
2026-10-03T20:40,272.1,0.0,1029.7,0.0,0.0,12.8,60.1,1.2,3.3
2026-10-03T20:50,289.9,0.0,1030.0,0.0,0.0,12.4,62.0,1.5,3.3
2026-10-03T21:00,305.7,0.0,1030.1,0.0,0.0,12.1,63.5,2.2,3.9
2026-10-03T21:10,350.6,0.0,1030.7,0.0,0.0,11.2,70.0,0.7,2.9
2026-10-03T21:20,335.2,0.0,1030.9,0.0,0.0,11.2,70.6,0.8,2.5
2026-10-03T21:30,61.1,0.0,1030.7,0.0,0.0,11.8,66.8,1.4,2.7
2026-10-03T21:40,22.8,0.0,1031.3,0.0,0.0,10.4,74.4,1.1,2.8
2026-10-03T21:50,273.5,0.0,1031.4,0.0,0.0,10.5,72.1,0.8,2.7
2026-10-03T22:00,327.3,0.0,1032.0,0.0,0.0,9.5,78.8,1.3,2.2
2026-10-03T22:10,5.4,0.0,1032.3,0.0,0.0,9.1,80.7,1.1,2.2
2026-10-03T22:20,28.9,0.0,1032.0,0.0,0.0,10.1,74.7,0.5,1.7
2026-10-03T22:30,342.6,0.0,1031.8,0.0,0.0,10.7,69.2,0.6,2.5
2026-10-03T22:40,66.0,0.0,1031.7,0.0,0.0,11.0,67.3,0.9,2.6
2026-10-03T22:50,6.2,0.0,1032.1,0.0,0.0,10.3,71.8,0.8,2.3
2026-10-03T23:00,333.7,0.0,1032.1,0.0,0.0,10.3,70.2,0.9,2.7
2026-10-03T23:10,2.0,0.0,1032.5,0.0,0.0,9.4,76.8,0.6,1.8
2026-10-03T23:20,48.2,0.0,1032.9,0.0,0.0,8.7,81.0,1.2,2.3
2026-10-03T23:30,36.8,0.0,1032.8,0.0,0.0,9.0,79.3,1.0,2.3
2026-10-03T23:40,24.1,0.0,1032.5,0.0,0.0,9.6,74.2,1.3,2.3
2026-10-03T23:50,22.2,0.0,1032.7,0.0,0.0,8.8,79.6,1.2,2.6
2026-10-04T00:00,58.8,0.0,1032.7,0.0,0.0,8.7,79.7,2.0,3.2
2026-10-04T00:10,3.2,0.0,1032.6,0.0,0.0,9.0,77.3,1.3,2.8
2026-10-04T00:20,31.1,0.0,1032.6,0.0,0.0,8.9,77.5,0.8,2.0
2026-10-04T00:30,314.5,0.0,1032.9,0.0,0.0,8.3,80.4,0.4,1.5
2026-10-04T00:40,210.5,0.0,1033.0,0.0,0.0,7.9,83.8,1.1,1.6
2026-10-04T00:50,219.8,0.0,1033.3,0.0,0.0,7.5,86.7,1.3,1.7
2026-10-04T01:10,189.5,0.0,1033.4,0.0,0.0,7.2,88.1,0.8,1.3
2026-10-04T01:20,218.6,0.0,1033.9,0.0,0.0,6.4,92.3,0.3,0.8
2026-10-04T01:30,234.0,0.0,1034.0,0.0,0.0,6.1,93.9,0.3,0.8
2026-10-04T01:40,138.6,0.0,1034.1,0.0,0.0,5.9,94.4,0.3,0.7
2026-10-04T01:50,334.7,0.0,1034.3,0.0,0.0,5.3,96.7,0.2,0.7
2026-10-04T02:00,75.9,0.0,1034.3,0.0,0.0,5.5,95.3,0.2,0.6
2026-10-04T02:10,332.8,0.0,1034.1,0.0,0.0,5.6,96.9,0.4,0.7
2026-10-04T02:20,73.9,0.0,1033.9,0.0,0.0,6.0,94.2,0.4,1.2
2026-10-04T02:30,190.6,0.0,1034.1,0.0,0.0,5.5,94.8,0.3,1.3
2026-10-04T02:40,167.4,0.0,1033.9,0.0,0.0,6.0,93.7,0.3,1.6
2026-10-04T02:50,16.5,0.0,1034.2,0.0,0.0,5.2,94.6,0.2,1.0
2026-10-04T03:00,305.1,0.0,1034.0,0.0,0.0,5.5,95.3,0.4,0.7
2026-10-04T03:10,47.9,0.0,1033.9,0.0,0.0,5.3,95.1,0.1,1.1
2026-10-04T03:20,17.2,0.0,1033.9,0.0,0.0,5.1,95.4,0.4,1.5
2026-10-04T03:30,359.5,0.0,1034.1,0.0,0.0,4.5,96.8,0.8,1.3
2026-10-04T03:40,20.2,0.0,1033.9,0.0,0.0,5.2,95.5,0.2,0.6
2026-10-04T03:50,155.0,0.0,1034.0,0.0,0.0,4.9,96.0,0.6,1.2
2026-10-04T04:00,204.6,0.0,1033.8,0.0,0.0,4.9,96.8,0.7,1.5
2026-10-04T04:10,216.6,0.0,1033.6,0.0,0.0,5.0,96.2,0.8,1.1
2026-10-04T04:20,229.3,0.0,1033.7,0.0,0.0,4.6,95.9,0.8,1.5
2026-10-04T04:30,36.6,0.0,1034.3,0.0,0.0,3.6,98.5,0.6,1.2
2026-10-04T04:40,143.5,0.0,1034.1,0.0,0.0,4.1,98.4,0.7,1.3
2026-10-04T04:50,234.3,0.0,1034.1,0.0,0.0,4.2,98.3,0.7,1.1
2026-10-04T05:00,226.3,0.0,1034.0,0.0,0.0,4.4,98.3,0.9,1.3
2026-10-04T05:10,270.3,0.0,1034.2,0.0,0.0,4.3,97.9,0.4,0.8
2026-10-04T05:20,45.0,0.0,1034.7,0.0,0.0,3.2,98.9,0.7,1.0
2026-10-04T05:30,151.7,0.0,1034.6,0.0,0.0,3.3,98.9,0.2,1.1
2026-10-04T05:40,209.0,0.0,1034.3,0.0,0.0,3.8,99.1,0.6,0.9
2026-10-04T05:50,118.9,0.0,1034.3,0.0,0.0,4.1,98.2,0.3,0.5
2026-10-04T06:00,20.9,0.0,1034.6,0.0,0.0,3.3,99.0,0.4,0.9
2026-10-04T06:10,7.6,0.0,1034.8,0.0,0.0,2.9,99.7,0.8,1.2
2026-10-04T06:20,287.2,0.0,1034.6,0.0,0.0,3.5,99.9,0.5,0.9
2026-10-04T06:30,122.9,0.0,1034.6,0.0,0.0,3.3,99.0,0.2,0.8
2026-10-04T06:40,221.3,0.0,1034.5,0.0,0.0,3.6,99.3,0.4,1.0
2026-10-04T06:50,160.0,0.0,1034.8,0.0,0.0,3.0,98.8,0.4,1.1
2026-10-04T07:00,239.7,0.0,1034.8,0.0,0.0,2.8,99.9,0.6,0.7
2026-10-04T07:10,196.8,0.0,1034.8,0.0,0.0,2.8,99.9,0.5,0.8
2026-10-04T07:20,156.9,0.0,1034.9,0.4,0.0,2.7,99.6,0.5,1.0
2026-10-04T07:30,226.7,0.0,1035.1,3.0,0.0,2.5,99.9,0.2,0.5
2026-10-04T07:40,226.9,0.0,1035.0,5.8,0.0,2.7,100.0,0.0,0.4
2026-10-04T07:50,342.0,0.0,1035.2,8.7,0.0,2.7,100.0,0.1,0.7
2026-10-04T08:00,171.8,0.0,1035.1,11.2,0.0,2.9,100.0,0.7,1.0
2026-10-04T08:10,214.0,0.0,1035.2,13.6,0.0,3.1,100.0,0.3,0.6
2026-10-04T08:20,231.3,0.0,1035.3,16.0,0.0,2.9,99.4,0.3,0.7
2026-10-04T08:30,90.5,0.0,1035.4,18.6,0.0,2.7,100.0,0.2,0.6
2026-10-04T08:40,74.8,0.0,1035.3,20.8,0.0,3.0,100.0,0.3,0.7
2026-10-04T08:50,109.3,0.0,1035.2,23.5,0.0,3.1,100.0,0.1,0.6
2026-10-04T09:00,180.7,0.0,1035.0,26.7,0.0,3.2,99.7,0.5,0.9
2026-10-04T09:10,195.1,0.0,1035.0,29.5,0.0,3.6,99.5,0.7,0.9
2026-10-04T09:20,222.0,0.0,1034.9,32.3,0.0,3.7,99.2,0.8,1.2
2026-10-04T09:30,188.1,0.0,1035.0,35.2,0.0,3.2,99.6,0.4,0.8
2026-10-04T09:40,178.5,0.0,1034.9,75.0,124.0,3.5,99.7,0.5,0.9
2026-10-04T09:50,114.6,0.0,1034.4,368.7,599.0,4.6,100.0,0.6,1.0
2026-10-04T10:00,96.1,0.0,1033.7,395.0,599.0,5.8,96.2,0.7,1.0
2026-10-04T10:10,95.4,0.0,1033.3,418.5,600.0,6.7,91.3,0.6,1.2
2026-10-04T10:20,50.5,0.0,1033.0,364.6,598.0,7.4,88.2,0.7,1.2
2026-10-04T10:30,50.6,0.0,1032.6,391.3,600.0,8.2,84.8,0.6,1.1
2026-10-04T10:40,42.4,0.0,1032.0,488.0,600.0,8.7,84.3,0.6,1.6
2026-10-04T10:50,58.7,0.0,1031.6,390.3,600.0,9.3,83.6,1.3,1.9
2026-10-04T11:00,57.1,0.0,1031.4,495.8,599.0,9.6,79.6,1.0,1.6
2026-10-04T11:10,50.9,0.0,1030.9,551.5,600.0,10.2,76.0,0.8,1.7
2026-10-04T11:20,45.9,0.0,1030.5,554.8,599.0,11.0,72.1,0.3,1.0
2026-10-04T11:30,30.4,0.0,1029.9,565.4,599.0,11.8,70.1,0.9,1.5
2026-10-04T11:40,38.3,0.0,1029.4,589.6,600.0,12.4,69.1,1.1,2.0
2026-10-04T11:50,57.0,0.0,1029.1,609.9,600.0,12.9,66.9,1.2,2.0
2026-10-04T12:00,66.4,0.0,1028.8,621.2,600.0,13.4,64.4,1.2,2.0
2026-10-04T12:10,146.4,0.0,1028.3,637.5,598.0,14.0,61.6,0.3,2.1
2026-10-04T12:20,279.8,0.0,1027.9,635.7,600.0,14.8,59.1,0.1,1.5
2026-10-04T12:30,343.7,0.0,1027.7,589.6,600.0,15.1,55.5,0.7,1.5
2026-10-04T12:40,19.3,0.0,1027.2,572.5,599.0,15.6,55.7,0.3,1.7
2026-10-04T12:50,29.2,0.0,1026.8,647.0,600.0,15.9,56.3,0.9,2.0
2026-10-04T13:00,81.6,0.0,1026.7,503.8,600.0,16.1,51.9,0.3,1.1
2026-10-04T13:10,93.5,0.0,1026.3,514.7,600.0,16.6,51.4,0.4,1.1
2026-10-04T13:20,338.4,0.0,1025.8,643.6,599.0,17.2,49.9,0.1,1.4
2026-10-04T13:30,59.5,0.0,1025.6,641.1,598.0,17.4,49.2,0.8,2.4
2026-10-04T13:40,357.1,0.0,1025.3,634.3,600.0,17.8,47.8,0.6,1.6
2026-10-04T13:50,161.7,0.0,1024.9,631.3,600.0,18.1,46.6,0.4,2.1
2026-10-04T14:00,115.0,0.0,1024.6,618.6,597.0,18.5,44.3,0.2,1.7
2026-10-04T14:10,154.9,0.0,1024.2,616.0,600.0,19.0,45.6,0.7,1.9
2026-10-04T14:20,200.8,0.0,1023.9,608.4,596.0,19.4,45.0,0.7,2.1
2026-10-04T14:30,259.1,0.0,1023.8,595.0,600.0,19.6,44.2,1.4,2.5
2026-10-04T14:40,256.2,0.0,1023.7,585.5,600.0,19.4,43.4,1.4,2.0
2026-10-04T14:50,247.5,0.0,1023.3,569.7,598.0,19.9,44.4,1.3,1.9
2026-10-04T15:00,251.7,0.0,1023.1,554.8,600.0,20.1,42.0,1.1,2.2
2026-10-04T15:10,305.7,0.0,1023.0,540.1,600.0,20.2,41.8,0.4,1.4
2026-10-04T15:20,245.9,0.0,1022.7,511.8,597.0,20.5,42.4,1.3,1.9
2026-10-04T15:30,238.1,0.0,1022.4,481.3,600.0,20.6,42.8,1.5,2.3
2026-10-04T15:40,264.3,0.0,1022.3,466.5,600.0,20.6,43.3,1.9,2.7
2026-10-04T15:50,268.1,0.0,1022.3,453.7,600.0,20.5,42.9,2.1,2.7
2026-10-04T16:00,260.4,0.0,1022.1,429.5,600.0,20.5,43.1,1.8,2.5
2026-10-04T16:10,265.3,0.0,1021.9,407.4,600.0,20.8,42.9,1.4,2.3
2026-10-04T16:20,278.8,0.0,1021.9,383.9,598.0,20.5,40.8,1.7,2.3
2026-10-04T16:30,258.4,0.0,1021.8,359.5,600.0,20.4,42.2,1.7,2.6
2026-10-04T16:40,268.9,0.0,1021.8,333.5,600.0,20.0,41.8,2.5,3.9
2026-10-04T16:50,271.2,0.0,1021.9,308.4,595.0,19.6,42.8,2.3,4.0
2026-10-04T17:00,269.5,0.0,1022.2,280.4,600.0,18.7,48.7,1.9,4.0
2026-10-04T17:10,273.7,0.0,1022.2,254.2,600.0,18.8,45.0,2.2,4.1
2026-10-04T17:20,275.1,0.0,1022.3,225.0,599.0,18.7,44.0,2.7,5.1
2026-10-04T17:30,277.7,0.0,1022.3,187.5,599.0,18.5,41.8,3.8,5.2
2026-10-04T17:40,286.2,0.0,1022.6,162.8,76.0,18.1,43.4,3.7,5.4
2026-10-04T17:50,288.8,0.0,1022.9,134.0,327.0,17.5,44.9,3.9,5.2
2026-10-04T18:00,292.6,0.0,1023.3,41.0,123.0,16.7,47.1,4.7,6.6
2026-10-04T18:10,288.5,0.0,1023.6,19.9,0.0,16.1,49.1,4.8,6.7
2026-10-04T18:20,294.9,0.0,1023.9,13.3,0.0,15.8,50.9,4.2,6.3
2026-10-04T18:30,288.8,0.0,1024.0,8.4,0.0,15.7,50.7,4.2,6.4
2026-10-04T18:40,296.8,0.0,1024.1,3.9,0.0,15.5,51.7,2.7,4.5
2026-10-04T18:50,291.0,0.0,1024.5,0.5,0.0,15.0,52.5,4.0,5.6
2026-10-04T19:00,296.9,0.0,1024.8,0.0,0.0,14.8,53.1,4.2,5.8
2026-10-04T19:10,297.3,0.0,1025.0,0.0,0.0,14.5,54.3,3.6,6.1
2026-10-04T19:20,309.6,0.0,1025.3,0.0,0.0,14.2,56.2,2.9,5.1
2026-10-04T19:30,6.6,0.0,1026.0,0.0,0.0,12.9,65.9,1.5,4.3
2026-10-04T19:40,325.1,0.0,1026.1,0.0,0.0,13.0,66.1,1.2,2.8
2026-10-04T19:50,293.2,0.0,1025.9,0.0,0.0,13.7,57.0,1.5,3.9
2026-10-04T20:00,305.3,0.0,1026.1,0.0,0.0,13.7,56.6,1.5,3.6
2026-10-04T20:10,307.2,0.0,1026.3,0.0,0.0,13.1,59.5,3.3,4.6
2026-10-04T20:20,297.4,0.0,1026.5,0.0,0.0,13.1,59.2,2.7,4.7
2026-10-04T20:30,327.3,0.0,1027.0,0.0,0.0,12.1,66.8,1.9,3.4
2026-10-04T20:40,26.9,0.0,1027.3,0.0,0.0,11.7,71.0,1.4,2.0
2026-10-04T20:50,358.2,0.0,1027.4,0.0,0.0,11.5,69.4,0.9,2.5
2026-10-04T21:00,308.1,0.0,1027.3,0.0,0.0,12.0,63.6,2.3,4.4
2026-10-04T21:10,324.1,0.0,1027.7,0.0,0.0,11.3,69.1,2.1,3.6
2026-10-04T21:20,347.4,0.0,1027.9,0.0,0.0,10.8,73.9,1.1,2.6
2026-10-04T21:30,306.8,0.0,1027.7,0.0,0.0,11.8,65.1,0.6,2.3
2026-10-04T21:40,299.4,0.0,1028.3,0.0,0.0,10.4,73.7,0.9,2.6
2026-10-04T21:50,267.3,0.0,1028.4,0.0,0.0,10.0,76.3,0.6,1.6
2026-10-04T22:00,98.4,0.0,1028.9,0.0,0.0,9.2,81.9,0.3,1.2
2026-10-04T22:10,0.4,0.0,1029.2,0.0,0.0,8.6,84.7,0.3,1.2
2026-10-04T22:20,304.7,0.0,1029.3,0.0,0.0,8.5,84.9,0.3,0.9
2026-10-04T22:30,14.9,0.0,1029.3,0.0,0.0,8.4,85.2,0.5,0.9
2026-10-04T22:40,352.6,0.0,1029.4,0.0,0.0,8.2,87.3,0.6,1.1
2026-10-04T22:50,17.4,0.0,1029.5,0.0,0.0,8.2,86.1,0.5,1.2
2026-10-04T23:00,47.3,0.0,1029.1,0.0,0.0,9.1,80.9,0.8,2.3
2026-10-04T23:10,22.6,0.0,1029.5,0.0,0.0,8.6,83.0,1.1,2.2
2026-10-04T23:20,226.1,0.0,1029.5,0.0,0.0,8.5,83.8,0.6,1.3
2026-10-04T23:30,310.6,0.0,1029.7,0.0,0.0,7.8,87.5,0.3,1.1
2026-10-04T23:40,29.0,0.0,1029.8,0.0,0.0,7.6,89.0,0.8,1.3
2026-10-04T23:50,353.0,0.0,1029.9,0.0,0.0,7.4,88.7,0.5,1.1
2026-10-05T00:00,20.4,0.0,1030.0,0.0,0.0,7.1,91.4,0.6,1.1
2026-10-05T00:10,38.3,0.0,1029.8,0.0,0.0,7.5,88.4,0.3,2.0
2026-10-05T00:20,217.7,0.0,1029.9,0.0,0.0,7.3,89.9,0.5,0.9
2026-10-05T00:30,223.6,0.0,1030.0,0.0,0.0,7.1,91.1,1.0,1.2
2026-10-05T00:40,194.4,0.0,1030.0,0.0,0.0,6.8,93.0,0.4,1.4
2026-10-05T00:50,175.1,0.0,1029.9,0.0,0.0,6.9,93.5,0.5,0.9
2026-10-05T01:10,219.2,0.0,1030.0,0.0,0.0,6.6,94.2,0.6,1.3
2026-10-05T01:20,229.6,0.0,1030.1,0.0,0.0,6.8,93.0,1.3,2.0
2026-10-05T01:30,231.0,0.0,1030.1,0.0,0.0,6.8,92.9,1.2,1.7
2026-10-05T01:40,205.8,0.0,1030.3,0.0,0.0,6.4,94.6,0.3,0.9
2026-10-05T01:50,110.4,0.0,1030.4,0.0,0.0,6.0,96.5,0.4,0.7
2026-10-05T02:00,73.8,0.0,1030.5,0.0,0.0,5.7,97.3,0.2,0.7
2026-10-05T02:10,45.1,0.0,1030.3,0.0,0.0,5.9,97.5,0.4,0.5
2026-10-05T02:20,358.6,0.0,1030.2,0.0,0.0,5.9,98.0,0.3,0.5
2026-10-05T02:30,303.1,0.0,1029.8,0.0,0.0,6.3,95.5,0.2,0.6
2026-10-05T02:40,207.6,0.0,1029.8,0.0,0.0,6.3,95.6,0.7,1.2
2026-10-05T02:50,178.7,0.0,1029.7,0.0,0.0,6.4,95.1,0.5,0.8
2026-10-05T03:00,249.6,0.0,1029.6,0.0,0.0,6.4,95.4,0.4,0.7
2026-10-05T03:10,88.6,0.0,1029.7,0.0,0.0,5.8,97.4,0.5,0.8
2026-10-05T03:20,28.8,0.0,1029.5,0.0,0.0,6.0,97.7,0.1,0.3
2026-10-05T03:30,79.6,0.0,1029.3,0.0,0.0,6.3,96.0,0.2,0.4
2026-10-05T03:40,188.1,0.0,1029.1,0.0,0.0,6.4,95.6,1.0,1.5
2026-10-05T03:50,209.5,0.0,1029.1,0.0,0.0,6.4,95.8,1.2,1.6
2026-10-05T04:00,217.7,0.0,1029.0,0.0,0.0,6.4,96.0,1.2,1.7
2026-10-05T04:10,213.2,0.0,1029.2,0.0,0.0,6.4,95.4,0.2,0.9
2026-10-05T04:20,192.0,0.0,1029.3,0.0,0.0,6.2,96.5,0.2,0.4
2026-10-05T04:30,51.2,0.0,1029.2,0.0,0.0,6.2,96.9,0.1,0.5
2026-10-05T04:40,22.9,0.0,1029.1,0.0,0.0,6.2,96.9,0.1,0.6
2026-10-05T04:50,160.5,0.0,1029.1,0.0,0.0,6.3,96.6,0.6,1.3
2026-10-05T05:00,201.9,0.0,1029.1,0.0,0.0,6.3,96.8,0.4,0.9
2026-10-05T05:10,278.7,0.0,1029.0,0.0,0.0,6.7,95.2,0.8,1.0
2026-10-05T05:20,148.3,0.0,1029.0,0.0,0.0,6.7,95.2,0.7,1.4
2026-10-05T05:30,193.4,0.0,1029.0,0.0,0.0,6.5,96.3,0.7,1.1
2026-10-05T05:40,220.8,0.0,1029.0,0.0,0.0,6.5,96.0,0.4,0.6
2026-10-05T05:50,205.8,0.0,1029.1,0.0,0.0,6.4,96.4,0.1,1.0
2026-10-05T06:00,27.1,0.0,1029.3,0.0,0.0,5.9,98.3,0.5,1.1
2026-10-05T06:10,261.2,0.0,1029.0,0.0,0.0,6.3,97.1,0.4,0.7
2026-10-05T06:20,76.1,0.0,1028.8,0.0,0.0,6.4,97.2,0.7,1.1
2026-10-05T06:30,130.3,0.0,1028.7,0.0,0.0,6.5,96.6,0.4,0.9
2026-10-05T06:40,261.6,0.0,1028.7,0.0,0.0,6.5,96.4,0.4,0.7
2026-10-05T06:50,13.7,0.0,1028.6,0.0,0.0,6.7,95.7,0.2,0.3
2026-10-05T07:00,112.7,0.0,1028.8,0.0,0.0,6.5,96.5,0.3,0.7
2026-10-05T07:10,153.3,0.0,1028.9,0.0,0.0,6.3,97.4,0.6,0.8
2026-10-05T07:20,214.4,0.0,1029.0,0.0,0.0,6.2,97.5,1.2,1.6
2026-10-05T07:30,200.6,0.0,1028.9,0.6,0.0,6.4,97.1,1.0,1.3
2026-10-05T07:40,209.6,0.0,1029.1,4.5,0.0,6.4,96.9,0.9,1.3
2026-10-05T07:50,233.7,0.0,1029.1,9.9,0.0,6.4,96.8,0.3,0.6
2026-10-05T08:00,111.5,0.0,1029.2,15.8,0.0,6.3,97.7,0.3,0.8
2026-10-05T08:10,199.1,0.0,1029.3,22.2,0.0,6.2,97.9,0.4,0.8
2026-10-05T08:20,191.7,0.0,1029.2,31.0,0.0,6.6,97.5,0.6,0.8
2026-10-05T08:30,172.0,0.0,1029.0,40.6,0.0,6.9,96.1,0.5,0.8
2026-10-05T08:40,53.9,0.0,1028.9,48.3,0.0,7.3,95.3,0.3,1.0
2026-10-05T08:50,33.1,0.0,1028.8,61.7,0.0,7.5,96.2,0.8,1.1
2026-10-05T09:00,0.2,0.0,1028.9,83.7,0.0,7.7,93.2,0.2,0.5
2026-10-05T09:10,188.9,0.0,1028.8,90.5,0.0,8.1,92.4,0.4,0.9
2026-10-05T09:20,196.5,0.0,1028.8,73.0,0.0,8.4,92.5,0.9,1.6
2026-10-05T09:30,190.4,0.0,1028.8,68.8,0.0,8.4,91.7,0.8,1.6
2026-10-05T09:40,216.6,0.0,1028.8,80.8,0.0,8.5,90.6,0.6,0.9
2026-10-05T09:50,185.5,0.0,1028.7,90.5,0.0,8.8,89.8,0.7,1.2
2026-10-05T10:00,201.4,0.0,1028.6,106.8,0.0,8.9,87.6,1.1,1.8
2026-10-05T10:10,59.1,0.0,1028.5,117.8,0.0,9.1,86.9,0.3,0.9
2026-10-05T10:20,67.8,0.0,1028.5,133.5,0.0,9.2,82.8,0.2,0.8
2026-10-05T10:30,206.5,0.0,1028.2,171.9,0.0,9.6,81.2,0.7,1.2
2026-10-05T10:40,353.7,0.0,1027.9,253.5,237.0,9.9,77.7,0.4,0.9
2026-10-05T10:50,96.0,0.0,1027.6,265.7,152.0,10.3,78.1,0.4,1.2
2026-10-05T11:00,184.1,0.0,1027.4,244.5,0.0,10.9,78.6,0.5,1.5
2026-10-05T11:10,199.9,0.0,1027.3,249.7,0.0,11.2,78.0,0.8,1.6
2026-10-05T11:20,52.1,0.0,1027.5,253.2,0.0,11.1,74.0,0.3,0.7
2026-10-05T11:30,351.3,0.0,1027.3,240.8,0.0,11.2,73.5,0.2,0.8
2026-10-05T11:40,51.1,0.0,1027.1,332.2,255.0,11.5,74.3,0.4,1.4
2026-10-05T11:50,146.3,0.0,1026.6,360.0,474.0,12.3,71.9,0.3,1.5
2026-10-05T12:00,98.4,0.0,1026.3,474.5,598.0,12.5,70.3,1.0,1.5
2026-10-05T12:10,127.6,0.0,1026.1,437.2,600.0,13.1,69.4,0.7,1.3
2026-10-05T12:20,62.9,0.0,1025.9,517.2,600.0,13.5,65.5,0.5,1.6
2026-10-05T12:30,207.4,0.0,1025.7,410.4,600.0,14.0,65.2,0.7,1.5
2026-10-05T12:40,208.0,0.0,1025.3,535.7,600.0,14.7,61.6,1.1,2.2
2026-10-05T12:50,162.3,0.0,1025.0,470.0,600.0,15.0,59.3,0.6,1.8
2026-10-05T13:00,214.4,0.0,1024.7,383.3,529.0,15.1,57.6,0.9,1.9
2026-10-05T13:10,212.3,0.0,1024.5,360.8,48.0,15.6,59.1,1.3,2.1
2026-10-05T13:20,216.2,0.0,1024.2,353.6,63.0,15.7,57.4,1.4,2.3
2026-10-05T13:30,184.7,0.0,1023.9,373.6,600.0,16.0,55.1,0.7,1.6
2026-10-05T13:40,286.6,0.0,1023.9,305.2,375.0,15.7,54.0,0.2,0.9
2026-10-05T13:50,127.4,0.0,1023.8,228.6,0.0,15.5,56.9,0.4,1.2
2026-10-05T14:00,118.1,0.0,1023.6,289.7,510.0,15.6,55.6,0.3,0.9
2026-10-05T14:10,43.7,0.0,1023.4,306.2,600.0,15.7,57.3,1.1,1.7
2026-10-05T14:20,44.1,0.0,1023.2,350.2,600.0,15.9,56.7,1.2,2.0
2026-10-05T14:30,47.5,0.0,1022.9,550.2,599.0,16.3,56.1,1.2,2.0
2026-10-05T14:40,44.6,0.0,1022.5,709.8,600.0,16.7,53.1,1.1,2.0
2026-10-05T14:50,40.3,0.0,1022.3,478.0,431.0,16.9,51.3,0.8,1.7
2026-10-05T15:00,358.4,0.0,1022.2,191.2,0.0,16.8,52.3,0.9,1.5
2026-10-05T15:10,16.9,0.0,1022.1,142.7,0.0,16.5,57.0,0.9,1.4
2026-10-05T15:20,51.1,0.0,1022.0,135.2,0.0,16.5,55.5,1.7,2.1
2026-10-05T15:30,29.9,0.0,1022.0,103.4,0.0,16.4,59.4,1.1,2.0
2026-10-05T15:40,62.7,0.0,1021.8,86.6,0.0,16.4,58.7,1.6,3.7
2026-10-05T15:50,70.9,0.0,1021.9,93.1,0.0,16.2,60.4,2.6,3.4
2026-10-05T16:00,26.0,0.0,1021.9,99.2,0.0,16.1,65.6,1.2,2.0
2026-10-05T16:10,9.6,0.0,1021.8,96.4,0.0,16.2,66.4,1.1,1.9
2026-10-05T16:20,320.4,0.0,1021.8,84.5,0.0,16.4,62.0,0.7,1.5
2026-10-05T16:30,33.8,0.0,1021.6,79.7,0.0,16.5,61.0,0.3,0.7
2026-10-05T16:40,36.7,0.0,1021.6,77.2,0.0,16.5,60.6,0.7,2.1
2026-10-05T16:50,41.2,0.0,1021.7,79.3,0.0,16.1,66.7,1.5,2.2
2026-10-05T17:00,7.7,0.0,1021.6,79.0,0.0,15.9,72.4,1.2,1.6
2026-10-05T17:10,13.9,0.0,1021.6,69.3,0.0,15.7,75.6,1.4,1.8
2026-10-05T17:20,39.0,0.0,1021.6,59.2,0.0,15.7,74.3,1.3,1.9
2026-10-05T17:30,37.6,0.0,1021.7,50.3,0.0,15.6,75.4,0.8,1.2
2026-10-05T17:40,78.0,0.0,1021.8,44.1,0.0,15.5,73.4,1.1,1.7
2026-10-05T17:50,339.7,0.0,1021.8,33.5,0.0,15.8,68.8,0.5,1.7
2026-10-05T18:00,354.2,0.0,1021.8,26.5,0.0,15.7,68.5,0.6,1.6
2026-10-05T18:10,292.7,0.0,1022.0,20.5,0.0,15.2,74.4,0.3,1.4
2026-10-05T18:20,180.4,0.0,1022.2,14.1,0.0,14.7,79.2,0.4,0.9
2026-10-05T18:30,239.1,0.0,1022.4,6.3,0.0,14.4,80.3,0.5,0.8
2026-10-05T18:40,358.8,0.0,1022.5,1.7,0.0,14.1,81.1,0.6,1.7
2026-10-05T18:50,46.6,0.0,1022.9,0.1,0.0,13.1,85.7,1.5,2.2
2026-10-05T19:00,344.5,0.0,1023.1,0.0,0.0,12.8,84.8,0.9,1.5
2026-10-05T19:10,40.1,0.0,1023.1,0.0,0.0,13.0,82.2,1.0,1.7
2026-10-05T19:20,27.6,0.0,1023.2,0.0,0.0,13.4,77.2,0.4,1.7
2026-10-05T19:30,17.4,0.0,1023.4,0.0,0.0,13.5,74.9,0.4,1.6
2026-10-05T19:40,337.3,0.0,1023.5,0.0,0.0,13.4,75.3,0.9,2.0
2026-10-05T19:50,43.9,0.0,1023.6,0.0,0.0,13.2,74.3,1.0,2.9
2026-10-05T20:00,30.9,0.0,1024.3,0.0,0.0,11.4,85.1,1.1,2.5
2026-10-05T20:10,25.8,0.0,1024.2,0.0,0.0,11.9,81.1,1.2,2.5
2026-10-05T20:20,26.0,0.0,1024.3,0.0,0.0,12.1,78.0,1.1,2.4
2026-10-05T20:30,35.3,0.0,1024.2,0.0,0.0,12.4,75.0,0.5,1.5
2026-10-05T20:40,40.0,0.0,1024.5,0.0,0.0,11.8,79.5,1.5,3.2
2026-10-05T20:50,48.1,0.0,1024.5,0.0,0.0,12.3,76.3,1.6,3.4
2026-10-05T21:00,68.9,0.0,1024.4,0.0,0.0,12.5,74.4,1.1,3.3
2026-10-05T21:10,257.5,0.0,1024.6,0.0,0.0,11.9,77.9,0.6,1.7
2026-10-05T21:20,46.1,0.0,1024.6,0.0,0.0,11.9,77.3,2.2,3.0
2026-10-05T21:30,34.6,0.0,1025.0,0.0,0.0,11.0,82.4,2.4,3.7
2026-10-05T21:40,41.1,0.0,1025.0,0.0,0.0,11.4,79.8,1.5,3.7
2026-10-05T21:50,64.2,0.0,1024.8,0.0,0.0,11.9,76.3,1.7,3.4
2026-10-05T22:00,75.0,0.0,1024.9,0.0,0.0,11.5,77.4,2.0,3.0
2026-10-05T22:10,44.3,0.0,1025.2,0.0,0.0,11.0,80.3,1.2,2.4
2026-10-05T22:20,51.9,0.0,1025.0,0.0,0.0,11.7,75.3,1.5,3.8
2026-10-05T22:30,56.8,0.0,1025.0,0.0,0.0,11.5,76.4,1.9,3.5
2026-10-05T22:40,30.9,0.0,1025.2,0.0,0.0,11.2,78.1,1.0,3.0
2026-10-05T22:50,57.8,0.0,1025.3,0.0,0.0,11.0,78.4,1.6,3.3
2026-10-05T23:00,60.6,0.0,1025.2,0.0,0.0,11.3,75.5,1.2,2.6
2026-10-05T23:10,62.9,0.0,1025.5,0.0,0.0,10.5,79.2,0.5,1.4
2026-10-05T23:20,27.4,0.0,1025.8,0.0,0.0,9.7,83.2,0.9,1.8
2026-10-05T23:30,334.4,0.0,1026.0,0.0,0.0,9.1,86.2,0.4,1.2
2026-10-05T23:40,358.1,0.0,1026.0,0.0,0.0,9.2,87.0,0.9,1.6
2026-10-05T23:50,339.7,0.0,1025.9,0.0,0.0,9.4,85.3,0.4,1.6
2026-10-06T00:00,26.5,0.0,1025.8,0.0,0.0,9.9,81.1,0.6,1.6
2026-10-06T00:10,29.2,0.0,1025.9,0.0,0.0,9.6,82.0,0.7,1.8
2026-10-06T00:20,20.1,0.0,1026.3,0.0,0.0,8.4,87.6,1.2,2.6
2026-10-06T00:30,38.3,0.0,1026.4,0.0,0.0,8.2,89.2,1.4,2.1
2026-10-06T00:40,15.3,0.0,1026.6,0.0,0.0,7.6,91.5,1.2,1.7
2026-10-06T00:50,26.6,0.0,1026.1,0.0,0.0,8.9,86.0,1.0,2.1
2026-10-06T01:10,353.7,0.0,1026.1,0.0,0.0,8.6,87.2,0.6,1.4
2026-10-06T01:20,357.2,0.0,1026.3,0.0,0.0,7.8,91.4,1.6,2.9
2026-10-06T01:30,10.3,0.0,1026.1,0.0,0.0,8.4,88.6,1.0,2.4
2026-10-06T01:40,209.4,0.0,1026.3,0.0,0.0,8.0,90.4,1.0,1.8
2026-10-06T01:50,193.5,0.0,1026.4,0.0,0.0,7.7,92.4,1.0,1.9
2026-10-06T02:00,257.3,0.0,1026.2,0.0,0.0,7.8,91.9,0.7,1.0
2026-10-06T02:10,63.4,0.0,1026.5,0.0,0.0,7.0,94.0,0.4,1.1
2026-10-06T02:20,38.5,0.0,1026.8,0.0,0.0,6.6,95.0,0.2,0.7
2026-10-06T02:30,215.5,0.0,1026.8,0.0,0.0,6.7,95.3,0.2,0.8
2026-10-06T02:40,242.5,0.0,1026.8,0.0,0.0,6.5,96.0,0.4,0.9
2026-10-06T02:50,194.5,0.0,1027.0,0.0,0.0,6.2,97.5,0.7,1.5
2026-10-06T03:00,278.3,0.0,1027.4,0.0,0.0,5.4,98.6,0.4,1.0
2026-10-06T03:10,129.1,0.0,1027.2,0.0,0.0,5.8,98.4,0.5,1.0
2026-10-06T03:20,349.3,0.0,1027.1,0.0,0.0,5.4,98.8,0.2,0.5
2026-10-06T03:30,345.1,0.0,1027.1,0.0,0.0,5.7,99.5,0.7,1.0
2026-10-06T03:40,172.7,0.0,1027.3,0.0,0.0,5.5,99.2,0.3,1.1
2026-10-06T03:50,154.3,0.0,1027.1,0.0,0.0,5.6,99.0,0.2,0.9
2026-10-06T04:00,10.1,0.0,1027.2,0.0,0.0,4.7,98.9,1.4,2.3
2026-10-06T04:10,323.0,0.0,1026.7,0.0,0.0,5.6,99.2,1.5,2.2
2026-10-06T04:20,177.9,0.0,1025.9,0.0,0.0,7.4,91.9,0.1,1.5
2026-10-06T04:30,189.9,0.0,1026.4,0.0,0.0,6.3,95.8,1.6,2.4
2026-10-06T04:40,215.8,0.0,1026.4,0.0,0.0,6.2,96.8,0.9,2.2
2026-10-06T04:50,189.1,0.0,1026.5,0.0,0.0,5.9,97.3,0.6,1.6
2026-10-06T05:00,206.6,0.0,1026.6,0.0,0.0,5.7,98.0,0.8,1.5
2026-10-06T05:10,121.6,0.0,1026.7,0.0,0.0,5.6,98.2,0.2,1.4
2026-10-06T05:20,39.8,0.0,1027.0,0.0,0.0,4.7,98.7,0.9,1.7
2026-10-06T05:30,297.0,0.0,1026.8,0.0,0.0,5.0,99.7,0.5,1.6
2026-10-06T05:40,182.9,0.0,1026.8,0.0,0.0,5.2,98.8,0.8,1.3
2026-10-06T05:50,161.8,0.0,1026.7,0.0,0.0,5.0,99.1,0.4,1.0
2026-10-06T06:00,279.3,0.0,1026.8,0.0,0.0,4.8,99.4,0.3,0.9
2026-10-06T06:10,219.8,0.0,1026.8,0.0,0.0,4.9,99.8,0.6,1.1
2026-10-06T06:20,134.5,0.0,1026.9,0.0,0.0,4.8,99.6,0.7,1.2
2026-10-06T06:30,143.3,0.0,1027.1,0.0,0.0,4.5,99.4,0.3,1.2
2026-10-06T06:40,215.2,0.0,1027.1,0.0,0.0,4.4,100.0,0.6,1.0
2026-10-06T06:50,240.4,0.0,1026.8,0.0,0.0,4.8,99.8,0.8,1.2
2026-10-06T07:00,71.5,0.0,1026.8,0.0,0.0,4.8,99.9,1.0,1.7
2026-10-06T07:10,18.1,0.0,1026.9,0.0,0.0,4.7,100.0,1.2,2.0
2026-10-06T07:20,340.5,0.0,1026.6,0.4,0.0,5.4,99.8,0.9,1.4
2026-10-06T07:30,317.7,0.0,1026.4,2.6,0.0,5.8,98.7,0.6,1.0
2026-10-06T07:40,343.9,0.0,1026.5,9.7,0.0,5.7,98.3,0.6,1.0
2026-10-06T07:50,139.8,0.0,1026.4,21.8,0.0,5.8,98.7,0.4,1.3
2026-10-06T08:00,194.0,0.0,1026.3,30.8,0.0,6.0,98.5,1.5,2.2
2026-10-06T08:10,185.5,0.0,1026.3,25.6,0.0,6.0,98.1,1.2,2.1
2026-10-06T08:20,234.3,0.0,1026.4,33.0,0.0,5.9,98.4,0.9,1.6
2026-10-06T08:30,220.7,0.0,1026.3,45.3,0.0,6.1,98.0,0.4,1.1
2026-10-06T08:40,208.7,0.0,1026.1,62.7,0.0,6.5,97.4,0.5,1.1
2026-10-06T08:50,191.2,0.0,1026.0,80.1,0.0,6.7,97.4,0.8,1.1
2026-10-06T09:10,213.7,0.0,1026.0,58.9,0.0,6.9,96.5,0.9,1.5
2026-10-06T09:20,158.2,0.0,1026.0,52.5,0.0,6.9,95.7,0.3,0.8
2026-10-06T09:30,162.4,0.0,1026.0,83.7,0.0,6.9,96.4,0.4,0.8
2026-10-06T09:40,232.6,0.0,1025.9,110.3,0.0,7.2,95.6,0.4,1.2
2026-10-06T09:50,201.1,0.0,1025.6,213.1,483.0,7.8,94.9,0.8,1.2
2026-10-06T10:00,89.7,0.0,1025.6,230.2,600.0,8.0,92.6,0.8,1.4
2026-10-06T10:10,73.5,0.0,1025.4,325.9,595.0,8.4,91.0,0.6,1.2
2026-10-06T10:20,56.5,0.0,1025.0,243.4,600.0,8.9,88.5,0.3,0.7
2026-10-06T10:30,191.2,0.0,1024.8,186.5,600.0,9.2,86.0,0.6,1.1
2026-10-06T10:40,156.7,0.0,1024.6,181.1,320.0,9.4,86.0,0.4,1.3
2026-10-06T10:50,26.6,0.0,1024.3,338.8,597.0,10.0,86.3,0.6,2.1
2026-10-06T11:00,32.2,0.0,1024.1,323.1,594.0,10.1,81.8,0.7,1.8
2026-10-06T11:40,111.6,0.0,1022.6,569.3,600.0,12.1,73.2,0.5,1.6
2026-10-06T11:50,94.7,0.0,1022.2,583.4,600.0,12.6,70.2,0.8,1.7
2026-10-06T12:00,192.8,0.0,1021.8,594.7,599.0,13.3,66.2,0.8,2.1
2026-10-06T12:10,236.4,0.0,1021.5,564.4,595.0,13.8,66.0,1.0,2.3
2026-10-06T12:20,166.5,0.0,1021.0,539.4,600.0,14.2,60.2,0.3,1.3
2026-10-06T12:30,358.5,0.0,1020.7,560.1,599.0,14.4,57.4,0.9,1.7
2026-10-06T12:40,46.6,0.0,1020.5,391.7,600.0,14.5,58.6,0.7,1.6
2026-10-06T12:50,358.1,0.0,1020.2,420.2,449.0,14.9,59.6,0.6,1.4
2026-10-06T13:00,78.7,0.0,1019.9,349.7,288.0,15.1,58.7,0.9,2.2
2026-10-06T13:10,57.4,0.0,1019.8,372.5,230.0,15.2,58.6,1.1,2.2
2026-10-06T13:20,2.0,0.0,1019.5,462.9,597.0,15.6,56.1,0.9,1.6
2026-10-06T13:30,322.9,0.0,1019.2,468.5,600.0,15.9,54.1,0.9,1.7
2026-10-06T13:40,335.1,0.0,1018.9,508.9,600.0,16.2,52.6,1.0,1.8
2026-10-06T13:50,357.0,0.0,1018.7,393.4,598.0,16.3,51.6,0.3,1.5
2026-10-06T14:00,46.4,0.0,1018.6,355.4,600.0,16.5,53.5,1.3,2.6
2026-10-06T14:10,20.5,0.0,1018.3,329.6,475.0,16.6,52.2,0.7,1.6
2026-10-06T14:20,10.7,0.0,1018.2,302.8,600.0,16.8,49.5,0.6,1.2
2026-10-06T14:30,101.0,0.0,1018.1,263.4,600.0,16.9,48.0,1.1,2.2
2026-10-06T14:40,105.0,0.0,1017.9,228.6,524.0,16.9,50.0,1.0,1.8
2026-10-06T14:50,173.0,0.0,1017.6,300.1,600.0,17.2,50.6,0.5,1.7
2026-10-06T15:00,10.0,0.0,1017.2,594.9,600.0,17.8,50.1,0.6,2.4
2026-10-06T15:10,35.6,0.0,1017.1,518.9,525.0,17.9,48.5,1.3,2.5
2026-10-06T15:20,41.1,0.0,1017.1,305.7,522.0,17.6,46.1,1.1,2.3
2026-10-06T15:30,281.4,0.0,1016.9,249.0,427.0,17.6,46.7,0.9,1.7
2026-10-06T15:40,259.7,0.0,1016.9,188.6,329.0,16.9,56.3,1.7,2.7
2026-10-06T15:50,270.6,0.0,1016.8,400.4,600.0,17.1,53.5,2.1,2.8
2026-10-06T16:00,288.3,0.0,1016.7,277.8,598.0,17.5,50.0,2.0,3.1
2026-10-06T16:20,252.7,0.0,1016.3,417.0,597.0,17.9,53.4,1.0,2.1
2026-10-06T16:30,254.7,0.0,1016.2,264.1,515.0,17.9,50.7,0.5,1.3
2026-10-06T16:40,255.7,0.0,1016.1,196.1,270.0,18.0,52.7,1.1,1.5
2026-10-06T16:50,270.7,0.0,1016.0,154.4,60.0,18.1,52.9,1.3,2.0
2026-10-06T17:00,263.2,0.0,1015.9,178.2,248.0,18.1,53.4,1.5,2.1
2026-10-06T17:10,281.0,0.0,1015.9,175.3,288.0,18.3,52.8,2.1,2.8
2026-10-06T17:20,280.5,0.0,1015.9,87.9,0.0,17.9,54.7,2.4,3.3
2026-10-06T17:30,280.6,0.0,1016.1,68.3,0.0,17.6,56.3,2.4,3.4
2026-10-06T17:40,270.7,0.0,1016.2,53.5,0.0,17.1,59.3,1.8,2.7
2026-10-06T17:50,263.6,0.0,1016.3,39.0,0.0,16.7,61.3,2.0,3.0
2026-10-06T18:00,271.0,0.0,1016.4,22.6,0.0,16.6,60.2,2.4,3.9
2026-10-06T18:10,263.8,0.0,1016.6,12.4,0.0,16.0,64.2,1.4,2.8
2026-10-06T18:20,259.7,0.0,1017.0,9.3,0.0,15.5,66.5,1.1,1.9
2026-10-06T18:30,214.9,0.0,1017.2,5.2,0.0,14.9,70.8,0.7,1.6
2026-10-06T18:40,285.3,0.0,1017.3,0.4,0.0,15.0,68.2,0.4,1.8
2026-10-06T18:50,291.5,0.0,1017.5,0.0,0.0,14.7,68.9,1.4,3.7
2026-10-06T19:00,322.5,0.0,1017.5,0.0,0.0,15.1,67.4,1.5,2.6
2026-10-06T19:10,310.0,0.0,1017.6,0.0,0.0,14.8,65.9,1.1,2.5
2026-10-06T19:20,315.4,0.0,1017.9,0.0,0.0,14.3,69.9,1.2,2.6
2026-10-06T19:30,47.0,0.0,1018.1,0.0,0.0,14.1,72.7,0.4,1.2
2026-10-06T19:40,162.8,0.0,1018.4,0.0,0.0,13.7,75.9,0.2,1.0
2026-10-06T19:50,66.1,0.0,1018.5,0.0,0.0,13.5,77.0,0.7,1.9
2026-10-06T20:00,344.7,0.0,1018.6,0.0,0.0,13.3,77.8,1.0,1.9
2026-10-06T20:10,349.4,0.0,1018.7,0.0,0.0,13.6,74.8,1.3,1.9
2026-10-06T20:20,344.9,0.0,1018.8,0.0,0.0,13.5,75.7,0.3,1.7
2026-10-06T20:30,68.6,0.0,1018.9,0.0,0.0,13.1,79.5,0.2,1.4
2026-10-06T20:40,116.2,0.0,1019.0,0.0,0.0,12.9,80.8,0.1,0.8
2026-10-06T20:50,83.1,0.0,1019.2,0.0,0.0,12.7,82.2,0.6,1.0
2026-10-06T21:00,341.5,0.0,1019.2,0.0,0.0,12.7,81.5,0.9,1.3
2026-10-06T21:10,36.6,0.0,1019.2,0.0,0.0,13.1,76.2,0.7,1.6
2026-10-06T21:20,19.5,0.0,1019.3,0.0,0.0,13.0,76.2,0.4,1.5
2026-10-06T21:30,26.5,0.0,1019.3,0.0,0.0,13.0,75.7,0.8,1.3
2026-10-06T21:40,96.3,0.0,1019.6,0.0,0.0,12.4,80.7,0.7,1.3
2026-10-06T21:50,257.9,0.0,1019.7,0.0,0.0,12.2,82.2,0.2,1.0
2026-10-06T22:00,26.3,0.0,1019.8,0.0,0.0,12.0,82.8,0.5,1.2
2026-10-06T22:10,23.2,0.0,1019.9,0.0,0.0,11.7,84.7,0.3,0.6
2026-10-06T22:20,94.9,0.0,1020.0,0.0,0.0,11.6,84.7,0.6,1.2
2026-10-06T22:30,330.7,0.0,1020.2,0.0,0.0,11.1,85.5,0.7,1.4
2026-10-06T22:40,25.4,0.0,1020.3,0.0,0.0,11.2,84.0,0.5,1.4
2026-10-06T22:50,58.5,0.0,1020.5,0.0,0.0,10.8,87.2,0.6,1.5
2026-10-06T23:00,66.0,0.0,1020.6,0.0,0.0,10.8,87.0,0.4,1.2
2026-10-06T23:10,47.0,0.0,1020.6,0.0,0.0,10.7,84.9,0.4,1.2
2026-10-06T23:20,18.1,0.0,1020.8,0.0,0.0,10.0,89.1,0.2,1.1
2026-10-06T23:30,21.6,0.0,1020.8,0.0,0.0,10.3,85.5,0.8,1.7
2026-10-06T23:40,347.2,0.0,1020.8,0.0,0.0,10.2,83.5,1.0,2.0
2026-10-06T23:50,44.0,0.0,1021.0,0.0,0.0,9.6,86.8,0.5,1.4
2026-10-07T00:00,5.2,0.0,1020.9,0.0,0.0,9.5,85.4,0.7,2.2
2026-10-07T00:10,325.4,0.0,1021.0,0.0,0.0,9.5,84.7,1.1,1.5
2026-10-07T00:20,295.2,0.0,1020.7,0.0,0.0,10.3,78.5,1.1,1.9
2026-10-07T00:30,214.1,0.0,1021.5,0.0,0.0,8.8,87.4,0.2,1.3
2026-10-07T00:40,358.7,0.0,1021.7,0.0,0.0,8.3,91.0,0.6,1.2
2026-10-07T00:50,314.7,0.0,1021.7,0.0,0.0,8.5,89.9,1.2,1.4
2026-10-07T01:10,303.2,0.0,1021.3,0.0,0.0,9.7,79.0,1.0,2.5
2026-10-07T01:20,282.8,0.0,1021.6,0.0,0.0,8.8,84.5,0.7,1.5
2026-10-07T01:30,222.3,0.0,1021.7,0.0,0.0,8.3,89.0,0.5,2.1
2026-10-07T01:40,243.8,0.0,1021.9,0.0,0.0,8.0,91.5,0.7,1.1
2026-10-07T01:50,96.7,0.0,1021.8,0.0,0.0,8.2,91.0,0.7,1.7
2026-10-07T02:00,350.1,0.0,1021.9,0.0,0.0,8.3,90.4,0.5,1.0
2026-10-07T02:10,302.0,0.0,1021.8,0.0,0.0,8.6,89.7,0.3,0.6
2026-10-07T02:20,307.1,0.0,1021.7,0.0,0.0,9.2,85.1,0.7,1.1
2026-10-07T02:30,322.4,0.0,1021.5,0.0,0.0,9.5,83.7,0.5,1.1
2026-10-07T02:40,33.3,0.0,1021.8,0.0,0.0,9.0,90.3,0.8,1.4
2026-10-07T02:50,19.5,0.0,1021.6,0.0,0.0,8.9,90.3,0.7,1.7
2026-10-07T03:00,70.2,0.0,1021.3,0.0,0.0,9.5,84.1,0.9,2.0
2026-10-07T03:10,200.9,0.0,1021.4,0.0,0.0,9.1,88.4,0.9,1.3
2026-10-07T03:20,209.9,0.0,1021.5,0.0,0.0,9.0,89.1,1.0,1.6
2026-10-07T03:30,224.2,0.0,1021.5,0.0,0.0,8.9,89.4,1.1,1.6
2026-10-07T03:40,200.4,0.0,1021.5,0.0,0.0,8.9,88.7,0.9,1.9
2026-10-07T03:50,198.4,0.0,1021.6,0.0,0.0,8.7,89.8,0.8,1.3
2026-10-07T04:00,240.0,0.0,1021.7,0.0,0.0,8.5,90.6,0.5,1.2
2026-10-07T04:10,178.8,0.0,1021.8,0.0,0.0,8.2,92.3,0.5,1.1
2026-10-07T04:20,211.9,0.0,1021.7,0.0,0.0,8.0,92.6,0.9,1.5
2026-10-07T04:30,135.5,0.0,1021.7,0.0,0.0,7.9,92.1,0.6,1.2
2026-10-07T04:40,219.3,0.0,1022.0,0.0,0.0,7.6,93.3,1.0,1.3
2026-10-07T04:50,185.3,0.0,1022.2,0.0,0.0,7.2,93.3,0.1,1.1
2026-10-07T05:00,115.9,0.0,1022.2,0.0,0.0,7.0,94.3,0.3,1.1
2026-10-07T05:10,273.2,0.0,1021.9,0.0,0.0,6.9,94.4,0.8,1.6
2026-10-07T05:20,124.7,0.0,1022.0,0.0,0.0,6.7,95.1,0.7,1.4
2026-10-07T05:30,199.5,0.0,1022.0,0.0,0.0,6.6,94.5,0.8,1.1
2026-10-07T05:40,71.8,0.0,1022.2,0.0,0.0,6.4,95.3,0.2,0.9
2026-10-07T05:50,351.2,0.0,1022.3,0.0,0.0,5.9,96.5,1.0,1.8
2026-10-07T06:00,276.9,0.0,1021.9,0.0,0.0,6.5,95.2,0.9,1.5
2026-10-07T06:10,87.4,0.0,1021.9,0.0,0.0,6.4,94.6,0.5,1.5
2026-10-07T06:20,318.8,0.0,1021.8,0.0,0.0,6.5,92.3,0.7,1.8
2026-10-07T06:30,20.1,0.0,1022.1,0.0,0.0,5.7,96.0,1.4,2.0
2026-10-07T06:40,317.7,0.0,1021.9,0.0,0.0,6.0,95.6,0.6,1.7
2026-10-07T06:50,294.5,0.0,1021.9,0.0,0.0,6.0,95.4,0.3,0.7
2026-10-07T07:00,216.0,0.0,1021.9,0.0,0.0,5.6,96.4,0.4,0.7
2026-10-07T07:10,172.8,0.0,1022.0,0.0,0.0,5.3,97.5,0.5,1.8
2026-10-07T07:20,203.5,0.0,1022.3,0.0,0.0,5.3,97.9,1.4,2.5
2026-10-07T07:30,223.9,0.0,1022.3,2.3,0.0,5.4,97.3,1.6,2.3
2026-10-07T07:40,208.8,0.0,1022.3,6.0,0.0,5.5,95.8,0.9,1.8
2026-10-07T07:50,211.8,0.0,1022.4,9.5,0.0,5.4,96.0,0.7,1.3
2026-10-07T08:00,162.7,0.0,1022.5,13.3,0.0,5.2,97.0,1.1,1.5
2026-10-07T08:10,174.6,0.0,1022.7,16.9,0.0,5.2,97.0,0.9,1.5
2026-10-07T08:20,238.3,0.0,1022.9,20.7,0.0,5.4,95.7,0.6,1.3
2026-10-07T08:30,351.6,0.0,1023.0,29.4,0.0,5.2,94.8,0.7,1.2
2026-10-07T08:40,236.7,0.0,1023.0,37.9,0.0,5.2,95.9,0.3,0.8
2026-10-07T08:50,155.1,0.0,1023.0,50.2,0.0,5.4,96.2,0.8,1.4
2026-10-07T09:00,141.8,0.0,1023.0,46.9,0.0,5.6,95.9,0.9,1.3
2026-10-07T09:10,156.2,0.0,1023.1,37.6,0.0,5.7,95.5,0.7,1.5
2026-10-07T09:20,8.3,0.0,1023.3,47.0,0.0,5.3,96.4,0.8,1.1
2026-10-07T09:30,332.8,0.0,1023.0,74.8,0.0,5.7,96.5,0.8,1.0
2026-10-07T09:40,31.0,0.0,1022.7,60.2,0.0,6.1,96.0,0.9,1.8
2026-10-07T09:50,30.6,0.0,1022.5,254.2,472.0,6.4,92.3,0.4,1.3
2026-10-07T10:00,95.6,0.0,1022.1,352.9,597.0,7.5,88.1,0.4,0.9
2026-10-07T10:10,74.3,0.0,1021.7,366.0,600.0,8.1,87.5,1.1,1.5
2026-10-07T10:20,67.9,0.0,1021.4,204.6,600.0,8.4,87.1,1.2,1.7
2026-10-07T10:30,78.5,0.0,1021.1,298.4,600.0,9.0,82.8,0.8,1.3
2026-10-07T10:40,71.2,0.0,1020.9,363.7,600.0,9.6,80.3,0.6,1.2
2026-10-07T10:50,355.2,0.0,1020.6,205.3,365.0,10.4,78.9,0.6,1.8
2026-10-07T11:00,51.5,0.0,1021.0,204.0,0.0,9.4,85.3,2.7,3.5
2026-10-07T11:10,39.8,0.0,1020.7,213.4,17.0,9.8,82.5,1.6,2.7
2026-10-07T11:20,0.3,0.0,1020.3,354.4,471.0,10.4,79.8,0.9,1.6
2026-10-07T11:30,62.3,0.0,1019.9,340.1,598.0,11.1,73.4,0.6,1.3
2026-10-07T11:40,247.8,0.0,1019.6,288.6,244.0,11.5,72.3,0.6,1.3
2026-10-07T11:50,128.8,0.0,1019.2,522.9,598.0,12.1,67.6,0.5,1.6
2026-10-07T12:00,99.9,0.0,1018.9,397.3,403.0,12.8,64.7,0.2,1.3
2026-10-07T12:10,313.1,0.0,1018.6,483.4,442.0,13.2,62.3,0.3,0.8
2026-10-07T12:20,50.4,0.0,1018.2,638.8,600.0,13.8,64.9,1.4,2.7
2026-10-07T12:30,58.1,0.0,1017.9,620.6,600.0,14.0,63.9,1.5,2.6
2026-10-07T12:40,37.5,0.0,1017.6,618.3,600.0,14.4,59.9,0.8,1.5
2026-10-07T12:50,37.9,0.0,1017.1,596.9,600.0,14.9,58.7,0.9,1.7
2026-10-07T13:00,181.9,0.0,1016.8,342.5,600.0,15.2,57.2,0.4,1.7
2026-10-07T13:10,195.5,0.0,1016.3,369.4,597.0,15.7,56.7,0.2,1.4
2026-10-07T13:20,62.0,0.0,1016.1,595.5,600.0,15.8,56.4,0.9,1.7
2026-10-07T13:30,20.1,0.0,1015.8,645.6,600.0,16.3,57.1,0.7,1.7
2026-10-07T13:40,268.5,0.0,1015.5,399.2,526.0,16.6,54.2,2.2,3.4
2026-10-07T13:50,269.1,0.0,1015.5,272.4,440.0,16.1,55.2,2.5,3.9
2026-10-07T14:00,268.8,0.0,1015.4,185.9,0.0,16.0,56.5,1.8,3.1
2026-10-07T14:10,284.0,0.0,1015.3,143.4,0.0,16.0,55.1,2.1,3.2
2026-10-07T14:20,291.0,0.0,1015.3,148.5,0.0,16.0,56.6,1.4,2.2
2026-10-07T14:30,283.1,0.0,1015.2,153.9,0.0,16.2,56.5,1.3,2.2
2026-10-07T14:40,297.3,0.0,1015.0,153.8,0.0,16.2,57.6,1.0,1.4
2026-10-07T14:50,340.6,0.0,1014.7,165.6,0.0,16.4,56.1,0.5,1.0
2026-10-07T15:00,354.8,0.0,1014.7,112.1,0.0,16.4,58.7,0.8,1.4
2026-10-07T15:10,8.6,0.0,1014.5,118.0,0.0,16.2,57.9,1.2,1.8
2026-10-07T15:20,300.9,0.0,1014.3,173.0,336.0,16.4,59.4,1.3,2.1
2026-10-07T15:30,285.3,0.0,1014.1,117.9,17.0,16.7,60.1,0.8,2.3
2026-10-07T15:50,237.0,0.0,1014.1,115.7,0.0,16.4,62.2,0.6,1.9
2026-10-07T16:00,282.5,0.0,1014.0,119.0,0.0,16.4,61.1,0.6,1.7
2026-10-07T16:10,282.4,0.0,1014.0,126.7,0.0,16.4,61.7,1.2,2.1
2026-10-07T16:20,289.0,0.0,1014.0,125.4,0.0,16.3,64.3,1.0,2.2
2026-10-07T16:30,355.8,0.0,1013.9,135.6,0.0,16.3,64.5,0.8,1.9
2026-10-07T16:40,316.1,0.0,1013.7,115.7,0.0,16.5,62.0,0.3,0.7
2026-10-07T17:00,297.3,0.0,1013.5,91.4,0.0,16.3,64.0,0.5,1.2
2026-10-07T17:10,294.3,0.0,1013.4,87.0,0.0,16.2,65.8,0.9,1.7
2026-10-07T17:20,304.1,0.0,1013.4,114.6,205.0,16.1,66.7,0.7,1.5
2026-10-07T17:30,303.6,0.0,1013.3,89.0,266.0,16.2,65.4,1.4,3.0
2026-10-07T17:40,33.4,0.0,1013.2,35.7,0.0,15.9,68.3,0.6,1.9
2026-10-07T17:50,336.3,0.0,1013.6,25.7,0.0,15.2,74.7,0.2,1.1
2026-10-07T18:10,92.5,0.0,1013.8,11.3,0.0,14.7,75.5,0.4,1.6
2026-10-07T18:20,296.2,0.0,1013.8,6.1,0.0,14.7,73.1,0.5,1.9
2026-10-07T18:30,354.0,0.0,1013.9,1.9,0.0,14.5,74.3,0.5,2.3
2026-10-07T18:40,5.1,0.0,1014.2,0.1,0.0,14.1,75.7,1.1,2.3
2026-10-07T18:50,311.2,0.0,1014.2,0.0,0.0,14.4,72.7,1.4,3.3
2026-10-07T19:00,73.8,0.0,1014.6,0.0,0.0,13.9,76.5,0.4,0.8
2026-10-07T19:10,17.7,0.0,1014.9,0.0,0.0,13.7,78.7,0.7,1.2
2026-10-07T19:20,12.2,0.0,1015.0,0.0,0.0,13.4,80.1,0.7,1.1
2026-10-07T19:30,40.7,0.0,1015.0,0.0,0.0,13.3,80.8,1.0,1.6
2026-10-07T19:40,2.2,0.0,1015.1,0.0,0.0,12.9,82.3,0.4,1.8
2026-10-07T19:50,228.1,0.0,1015.1,0.0,0.0,13.1,80.0,0.5,1.7
2026-10-07T20:00,251.9,0.0,1015.0,0.0,0.0,13.0,80.7,0.6,1.5
2026-10-07T20:10,114.2,0.0,1015.1,0.0,0.0,12.9,81.6,0.4,1.8
2026-10-07T20:20,77.7,0.0,1015.3,0.0,0.0,12.6,84.2,0.5,1.2
2026-10-07T20:30,337.1,0.0,1015.3,0.0,0.0,12.4,84.4,0.9,1.5
2026-10-07T20:40,347.9,0.0,1015.2,0.0,0.0,12.7,80.2,0.9,1.3
2026-10-07T20:50,139.7,0.0,1015.3,0.0,0.0,12.5,82.8,0.5,0.9
2026-10-07T21:00,235.6,0.0,1015.4,0.0,0.0,12.3,85.2,0.6,1.1
2026-10-07T21:10,108.6,0.0,1015.4,0.0,0.0,12.3,84.9,0.6,1.8
2026-10-07T21:20,343.4,0.0,1015.4,0.0,0.0,12.2,86.0,0.4,1.4
2026-10-07T21:30,319.3,0.0,1015.4,0.0,0.0,12.5,82.5,0.5,1.0
2026-10-07T21:40,189.3,0.0,1015.5,0.0,0.0,12.3,84.9,0.5,1.1
2026-10-07T21:50,227.1,0.0,1015.4,0.0,0.0,12.3,84.8,0.8,1.2
2026-10-07T22:00,261.7,0.0,1015.5,0.0,0.0,12.3,84.4,0.9,1.2
2026-10-07T22:10,288.4,0.0,1015.3,0.0,0.0,12.5,81.5,0.6,1.4
2026-10-07T22:20,55.5,0.0,1015.5,0.0,0.0,12.0,88.0,0.6,1.6
2026-10-07T22:30,264.9,0.0,1015.5,0.0,0.0,12.0,87.1,0.8,1.2
2026-10-07T22:40,244.8,0.0,1015.3,0.0,0.0,12.3,84.3,0.6,1.3
2026-10-07T22:50,151.3,0.0,1015.3,0.0,0.0,12.1,86.4,0.4,1.3
2026-10-07T23:00,286.1,0.0,1015.3,0.0,0.0,12.1,85.1,0.6,1.9
2026-10-07T23:10,247.1,0.0,1015.3,0.0,0.0,12.2,85.3,1.2,2.0
2026-10-07T23:20,204.5,0.0,1015.5,0.0,0.0,11.9,88.0,0.7,1.5
2026-10-07T23:30,142.3,0.0,1015.5,0.0,0.0,11.9,87.2,0.5,1.1
2026-10-07T23:40,34.8,0.0,1015.6,0.0,0.0,11.7,89.1,0.6,1.4
2026-10-07T23:50,318.1,0.0,1015.6,0.0,0.0,11.8,87.8,1.1,1.4
2026-10-08T00:00,324.9,0.0,1015.4,0.0,0.0,12.0,85.7,0.3,1.0
2026-10-08T00:10,117.7,0.0,1015.4,0.0,0.0,11.9,86.7,0.9,1.4
2026-10-08T00:20,38.9,0.0,1015.3,0.0,0.0,11.8,88.3,0.2,1.1
2026-10-08T00:30,340.8,0.0,1015.1,0.0,0.0,11.6,90.1,0.9,1.5
2026-10-08T00:40,358.2,0.0,1014.9,0.0,0.0,11.8,88.5,0.5,1.1
2026-10-08T00:50,122.5,0.0,1014.9,0.0,0.0,11.8,88.3,0.1,0.9
2026-10-08T01:10,230.4,0.0,1015.0,0.0,0.0,11.5,90.3,0.3,0.7
2026-10-08T01:20,266.5,0.0,1015.0,0.0,0.0,11.6,91.0,0.5,1.0
2026-10-08T01:30,51.0,0.0,1015.0,0.0,0.0,11.5,90.6,0.7,1.7
2026-10-08T01:40,355.1,0.0,1015.0,0.0,0.0,11.5,90.6,0.8,1.5
2026-10-08T01:50,284.9,0.0,1015.0,0.0,0.0,11.6,90.5,1.0,1.6
2026-10-08T02:00,102.8,0.1,1015.0,0.0,0.0,11.3,93.6,0.7,1.4
2026-10-08T02:10,343.5,0.1,1014.9,0.0,0.0,11.3,93.4,0.4,1.3
2026-10-08T02:20,1.3,0.1,1014.9,0.0,0.0,11.1,95.6,0.7,1.1
2026-10-08T02:30,31.9,0.1,1014.8,0.0,0.0,11.1,96.8,1.2,1.8
2026-10-08T02:40,279.8,0.0,1014.7,0.0,0.0,11.1,97.1,0.8,1.8
2026-10-08T02:50,76.8,0.0,1014.6,0.0,0.0,11.1,97.2,0.6,1.1
2026-10-08T03:00,29.1,0.0,1014.5,0.0,0.0,11.1,97.3,0.4,1.5
2026-10-08T03:10,28.1,0.0,1014.4,0.0,0.0,11.0,97.1,1.2,1.6
2026-10-08T03:20,320.0,0.0,1014.0,0.0,0.0,11.1,97.3,1.0,1.7
2026-10-08T03:30,26.6,0.0,1013.8,0.0,0.0,11.1,96.5,1.0,1.7
2026-10-08T03:40,351.9,0.0,1013.6,0.0,0.0,11.0,96.9,0.9,1.4
2026-10-08T03:50,60.8,0.0,1013.4,0.0,0.0,11.2,94.4,2.1,3.7
2026-10-08T04:00,79.1,0.0,1013.1,0.0,0.0,11.3,94.0,1.6,2.9
2026-10-08T04:10,28.9,0.1,1013.0,0.0,0.0,11.2,94.4,1.6,2.2
2026-10-08T04:20,24.7,0.0,1012.9,0.0,0.0,11.1,95.8,1.0,1.8
2026-10-08T04:30,68.6,0.0,1012.8,0.0,0.0,11.1,96.1,0.3,1.3
2026-10-08T04:40,308.8,0.0,1012.7,0.0,0.0,11.2,95.4,0.4,1.4
2026-10-08T04:50,319.4,0.0,1012.7,0.0,0.0,11.3,93.4,0.3,1.1
2026-10-08T05:00,198.2,0.0,1012.8,0.0,0.0,11.1,95.3,0.2,0.8
2026-10-08T05:10,161.7,0.0,1012.8,0.0,0.0,10.9,97.0,0.2,1.5
2026-10-08T05:20,174.8,0.0,1012.9,0.0,0.0,10.8,98.1,0.4,1.1
2026-10-08T05:30,201.9,0.0,1012.8,0.0,0.0,10.8,98.4,0.3,0.7
2026-10-08T05:40,199.8,0.0,1012.8,0.0,0.0,10.8,98.4,0.9,1.3
2026-10-08T05:50,201.4,0.0,1012.7,0.0,0.0,10.7,98.9,1.0,1.4
2026-10-08T06:00,195.3,0.0,1012.5,0.0,0.0,10.6,99.1,0.5,1.5
2026-10-08T06:10,209.0,0.0,1012.4,0.0,0.0,10.6,99.2,0.2,1.4
2026-10-08T06:20,109.3,0.0,1012.4,0.0,0.0,10.6,99.2,0.3,0.9
2026-10-08T06:30,242.4,0.0,1012.3,0.0,0.0,10.6,99.3,0.1,0.8
2026-10-08T06:40,176.3,0.0,1012.1,0.0,0.0,10.5,99.5,0.2,1.0
2026-10-08T06:50,156.1,0.0,1011.9,0.0,0.0,10.6,99.7,0.5,1.1
2026-10-08T07:00,208.2,0.1,1011.9,0.0,0.0,10.6,99.8,0.5,1.1
2026-10-08T07:10,127.4,0.0,1011.9,0.0,0.0,10.6,99.6,0.3,0.7
2026-10-08T07:20,194.9,0.1,1011.9,0.0,0.0,10.6,99.7,0.6,1.2
2026-10-08T07:30,91.5,0.0,1011.7,0.0,0.0,10.6,99.7,0.0,0.4
2026-10-08T07:40,241.5,0.0,1011.9,0.3,0.0,10.6,99.9,0.9,1.5
2026-10-08T07:50,100.3,0.0,1011.8,3.2,0.0,10.7,99.8,0.8,1.7
2026-10-08T08:00,67.4,0.0,1011.7,8.1,0.0,10.7,99.8,0.7,1.3
2026-10-08T08:10,289.5,0.0,1011.8,17.7,0.0,10.9,99.2,0.5,1.1
2026-10-08T08:20,99.4,0.0,1011.9,20.3,0.0,10.9,99.4,0.8,1.6
2026-10-08T08:30,241.2,0.1,1012.1,18.2,0.0,11.0,99.6,1.1,1.8
2026-10-08T08:40,30.1,0.0,1012.1,28.4,0.0,11.1,98.7,0.6,1.1
2026-10-08T08:50,15.8,0.1,1012.0,53.4,0.0,11.1,98.9,0.5,1.1
2026-10-08T09:00,191.1,0.0,1011.8,49.6,0.0,11.2,98.3,0.1,0.3
2026-10-08T09:20,38.4,0.0,1011.6,77.8,0.0,11.5,97.7,0.6,1.0
2026-10-08T09:40,247.8,0.0,1011.4,119.4,0.0,12.0,95.0,0.6,0.9
2026-10-08T09:50,114.2,0.0,1011.3,112.5,0.0,12.1,93.9,0.4,1.1
2026-10-08T10:00,214.7,0.0,1011.3,104.4,0.0,12.3,93.7,0.6,1.1
2026-10-08T10:10,152.3,0.0,1011.1,69.6,0.0,12.4,94.1,0.6,1.3
2026-10-08T10:20,188.4,0.0,1011.1,72.6,0.0,12.3,94.6,0.6,1.1
2026-10-08T10:30,179.2,0.0,1011.0,111.9,0.0,12.5,94.9,0.6,1.3
2026-10-08T10:40,185.4,0.0,1010.8,170.1,0.0,12.7,94.2,0.6,1.2
2026-10-08T10:50,293.5,0.0,1010.6,157.7,93.0,12.7,90.9,0.6,1.2
2026-10-08T11:00,30.2,0.0,1010.5,234.8,397.0,12.8,89.1,0.6,1.3
2026-10-08T11:10,20.4,0.0,1010.4,343.2,564.0,13.2,88.4,0.6,1.6
2026-10-08T11:20,85.0,0.0,1010.3,256.5,64.0,13.4,86.4,0.7,1.5
2026-10-08T11:30,181.7,0.0,1010.0,294.8,30.0,13.9,84.1,0.4,1.0
2026-10-08T11:40,292.5,0.0,1009.9,283.7,0.0,14.1,80.9,0.2,1.2
2026-10-08T11:50,334.3,0.0,1009.9,211.0,0.0,14.2,81.7,0.5,1.4
2026-10-08T12:10,52.0,0.0,1009.5,206.3,0.0,14.4,78.1,0.4,0.8
2026-10-08T12:20,78.4,0.0,1009.5,126.8,0.0,14.4,80.6,0.8,1.3
2026-10-08T12:30,100.6,0.0,1009.4,84.7,0.0,14.5,81.2,0.4,1.1
2026-10-08T12:40,169.2,0.2,1009.7,43.9,0.0,14.3,85.9,0.8,1.5
2026-10-08T12:50,213.2,0.3,1010.0,46.5,0.0,13.7,89.8,1.3,2.2
2026-10-08T13:00,213.2,0.6,1010.2,31.4,0.0,13.2,91.4,0.6,2.0
2026-10-08T13:10,140.4,0.3,1010.3,45.8,0.0,12.9,93.6,0.5,1.2
2026-10-08T13:20,186.0,0.6,1010.7,24.4,0.0,12.9,96.7,0.8,1.5
2026-10-08T13:30,255.0,0.5,1010.9,20.0,0.0,12.8,97.1,0.6,1.6
2026-10-08T13:50,53.7,0.1,1010.5,206.8,0.0,13.2,96.8,2.5,3.8
2026-10-08T14:00,253.9,0.0,1010.6,78.1,0.0,13.3,95.5,0.6,1.8
2026-10-08T14:10,221.0,0.3,1010.7,64.6,0.0,13.2,97.6,1.3,2.1
2026-10-08T14:20,323.6,0.3,1010.5,102.1,0.0,13.2,95.5,0.6,1.9
2026-10-08T14:30,59.8,0.0,1010.4,239.1,45.0,13.5,95.1,1.1,1.6
2026-10-08T14:40,123.8,0.0,1010.1,152.4,0.0,13.6,93.4,0.1,1.8
2026-10-08T14:50,339.0,0.0,1010.0,134.3,0.0,13.8,92.0,0.5,1.3
2026-10-08T15:00,55.8,0.0,1010.1,74.5,0.0,13.7,90.9,1.3,2.2
2026-10-08T15:10,64.8,0.2,1010.2,73.1,0.0,13.8,92.7,1.5,3.2
2026-10-08T15:20,253.3,0.2,1010.3,98.6,0.0,13.7,93.7,0.8,2.3
2026-10-08T15:40,70.9,0.1,1010.3,152.9,0.0,13.9,93.2,0.9,2.1
2026-10-08T15:50,10.9,0.0,1010.3,127.4,0.0,13.9,93.0,0.5,1.1
2026-10-08T16:00,21.7,0.0,1010.3,137.1,0.0,14.0,91.6,0.8,1.3
2026-10-08T16:10,290.7,0.0,1010.2,106.6,0.0,14.1,90.0,0.1,0.6
2026-10-08T16:20,102.9,0.0,1010.3,73.1,0.0,14.0,91.2,0.6,1.1
2026-10-08T16:30,66.3,0.0,1010.2,87.3,0.0,14.1,93.7,1.5,2.1
2026-10-08T16:40,54.4,0.0,1010.2,120.9,0.0,14.2,92.4,1.6,2.1
2026-10-08T16:50,48.7,0.0,1010.3,106.1,0.0,14.3,91.5,0.9,1.6
2026-10-08T17:00,12.5,0.0,1010.3,108.9,0.0,14.4,91.3,0.5,1.2
2026-10-08T17:10,67.5,0.0,1010.3,78.5,0.0,14.3,89.9,0.7,1.7
2026-10-08T17:20,318.7,0.0,1010.4,57.2,0.0,14.2,88.8,0.4,0.7
2026-10-08T17:30,59.5,0.0,1010.4,36.1,0.0,14.2,90.0,1.0,1.5
2026-10-08T17:40,62.3,0.0,1010.4,10.6,0.0,13.9,93.1,1.5,2.2
2026-10-08T17:50,43.6,0.0,1010.6,9.4,0.0,13.6,94.0,1.5,2.5
2026-10-08T18:00,356.9,0.0,1010.6,11.8,0.0,13.6,94.7,0.8,1.5
2026-10-08T18:10,316.1,0.0,1010.7,12.7,0.0,13.6,93.8,0.8,1.5
2026-10-08T18:20,23.1,0.0,1010.8,7.2,0.0,13.5,93.7,0.6,1.2
2026-10-08T18:30,51.8,0.0,1011.0,3.6,0.0,13.2,96.1,0.6,1.3
2026-10-08T18:40,68.3,0.0,1011.2,0.1,0.0,13.1,95.5,0.9,1.7
2026-10-08T18:50,56.5,0.0,1011.4,0.0,0.0,13.1,94.8,1.3,2.2
2026-10-08T19:00,31.4,0.0,1011.5,0.0,0.0,13.0,95.6,1.7,2.9
2026-10-08T19:10,32.6,0.0,1011.8,0.0,0.0,13.0,96.1,0.5,2.1
2026-10-08T19:20,16.4,0.0,1012.0,0.0,0.0,13.1,94.9,1.3,2.7
2026-10-08T19:30,325.2,0.0,1012.2,0.0,0.0,13.0,95.9,1.1,2.4
2026-10-08T19:40,14.2,0.1,1012.3,0.0,0.0,13.0,94.4,0.7,3.2
2026-10-08T19:50,81.7,0.1,1012.5,0.0,0.0,12.9,95.2,0.7,2.1
2026-10-08T20:00,319.1,0.2,1012.6,0.0,0.0,12.8,95.9,0.5,2.7
2026-10-08T20:10,292.3,0.1,1012.7,0.0,0.0,12.9,94.4,0.7,3.0
2026-10-08T20:20,81.0,0.0,1012.7,0.0,0.0,13.1,92.2,1.9,3.4
2026-10-08T20:30,60.8,0.0,1012.7,0.0,0.0,13.1,91.0,3.2,5.1
2026-10-08T20:40,79.2,0.0,1013.1,0.0,0.0,13.1,91.6,1.0,3.8
2026-10-08T20:50,154.3,0.0,1013.4,0.0,0.0,12.6,96.4,0.5,0.9
2026-10-08T21:00,225.1,0.1,1013.6,0.0,0.0,12.5,97.4,0.2,0.5
2026-10-08T21:10,235.8,0.0,1013.8,0.0,0.0,12.3,98.1,0.5,1.1
2026-10-08T21:20,282.6,0.0,1014.0,0.0,0.0,12.3,97.5,0.2,1.8
2026-10-08T21:30,299.9,0.0,1014.1,0.0,0.0,12.5,94.6,1.3,2.1
2026-10-08T21:40,359.8,0.0,1014.2,0.0,0.0,12.2,95.6,0.1,1.5
2026-10-08T21:50,309.3,0.0,1014.3,0.0,0.0,12.2,97.7,1.0,2.2
2026-10-08T22:00,19.8,0.0,1014.6,0.0,0.0,12.2,97.4,1.2,3.1
2026-10-08T22:10,288.5,0.0,1014.6,0.0,0.0,12.3,95.3,1.6,2.7
2026-10-08T22:20,114.4,0.0,1014.7,0.0,0.0,12.1,94.7,0.8,2.7
2026-10-08T22:30,358.3,0.0,1014.8,0.0,0.0,12.2,92.1,0.5,1.6
2026-10-08T22:40,248.4,0.0,1015.2,0.0,0.0,11.7,96.7,0.4,1.4
2026-10-08T22:50,316.7,0.0,1015.5,0.0,0.0,11.3,97.3,0.7,1.6
2026-10-08T23:00,264.0,0.0,1015.7,0.0,0.0,11.3,97.2,1.2,1.9
2026-10-08T23:10,288.2,0.0,1015.8,0.0,0.0,11.4,95.2,0.2,2.6
2026-10-08T23:20,161.2,0.0,1015.8,0.0,0.0,11.4,92.5,0.4,2.5
2026-10-08T23:30,265.7,0.0,1016.0,0.0,0.0,11.1,94.1,0.3,1.4
2026-10-08T23:40,133.6,0.0,1016.3,0.0,0.0,11.1,92.8,0.7,1.7
2026-10-08T23:50,89.8,0.0,1016.6,0.0,0.0,10.8,93.4,1.0,2.4
2026-10-09T00:00,330.6,0.0,1016.6,0.0,0.0,10.7,93.7,0.8,1.5
2026-10-09T00:10,359.1,0.0,1016.8,0.0,0.0,10.3,94.6,1.0,2.1
2026-10-09T00:20,52.4,0.0,1016.9,0.0,0.0,10.0,96.2,1.3,3.1
2026-10-09T00:30,53.5,0.0,1016.7,0.0,0.0,10.6,91.2,1.5,3.6
2026-10-09T00:40,71.7,0.0,1016.6,0.0,0.0,10.4,91.6,1.9,2.9
2026-10-09T00:50,85.2,0.0,1016.5,0.0,0.0,10.8,87.5,2.3,4.7
2026-10-09T01:10,49.6,0.0,1016.8,0.0,0.0,10.3,90.9,1.8,2.9
2026-10-09T01:20,77.5,0.0,1016.9,0.0,0.0,10.2,90.6,1.3,4.0
2026-10-09T01:30,49.8,0.0,1016.8,0.0,0.0,10.5,86.5,2.0,3.8
2026-10-09T01:40,19.4,0.0,1017.2,0.0,0.0,9.7,92.1,0.7,2.7
2026-10-09T01:50,179.5,0.0,1017.3,0.0,0.0,9.6,92.9,0.2,1.6
2026-10-09T02:00,61.1,0.0,1017.4,0.0,0.0,9.5,91.7,1.1,1.7
2026-10-09T02:10,276.5,0.0,1017.7,0.0,0.0,8.8,96.0,0.1,1.2
2026-10-09T02:20,245.6,0.0,1018.0,0.0,0.0,8.6,97.9,0.4,1.7
2026-10-09T02:30,233.2,0.0,1018.1,0.0,0.0,8.3,98.2,0.1,1.1
2026-10-09T02:40,102.8,0.0,1018.1,0.0,0.0,8.2,99.3,0.4,1.3
2026-10-09T02:50,78.5,0.0,1018.2,0.0,0.0,7.9,99.4,0.3,1.3
2026-10-09T03:00,10.0,0.0,1018.5,0.0,0.0,7.6,98.5,0.6,1.7
2026-10-09T03:10,335.5,0.0,1018.3,0.0,0.0,8.2,98.8,0.8,1.6
2026-10-09T03:20,337.4,0.0,1018.5,0.0,0.0,7.9,98.7,0.8,1.5
2026-10-09T03:30,58.4,0.0,1018.8,0.0,0.0,7.5,99.0,0.8,1.7
2026-10-09T03:40,7.0,0.0,1018.8,0.0,0.0,7.3,100.0,1.0,1.5
2026-10-09T03:50,10.4,0.0,1019.0,0.0,0.0,7.3,100.0,0.9,1.5
2026-10-09T04:00,358.9,0.0,1019.1,0.0,0.0,7.4,100.0,1.0,1.4
2026-10-09T04:10,13.2,0.0,1019.0,0.0,0.0,7.6,97.3,0.8,2.5
2026-10-09T04:20,2.3,0.0,1019.2,0.0,0.0,7.3,98.9,1.1,2.1
2026-10-09T04:30,353.0,0.0,1019.0,0.0,0.0,8.3,94.4,1.1,2.8
2026-10-09T04:40,16.1,0.0,1019.0,0.0,0.0,8.1,93.1,1.0,3.0
2026-10-09T04:50,33.7,0.0,1019.2,0.0,0.0,7.7,95.9,0.3,1.7
2026-10-09T05:00,196.2,0.0,1019.6,0.0,0.0,7.2,97.3,1.1,2.0
2026-10-09T05:10,236.1,0.0,1019.9,0.0,0.0,6.8,99.2,1.1,1.6
2026-10-09T05:20,180.9,0.0,1020.0,0.0,0.0,6.8,99.8,0.9,1.3
2026-10-09T05:30,145.2,0.0,1020.3,0.0,0.0,6.6,100.0,0.2,1.1
2026-10-09T05:40,22.9,0.0,1020.4,0.0,0.0,6.4,100.0,1.3,2.1
2026-10-09T05:50,321.9,0.0,1020.0,0.0,0.0,7.2,99.6,1.3,2.0
2026-10-09T06:00,350.4,0.0,1019.6,0.0,0.0,8.1,91.7,3.2,5.2
2026-10-09T06:10,339.3,0.0,1019.4,0.0,0.0,8.4,90.3,0.7,3.1
2026-10-09T06:20,13.7,0.0,1019.5,0.0,0.0,7.9,94.9,0.6,2.3
2026-10-09T06:30,312.6,0.0,1019.5,0.0,0.0,7.8,95.8,0.7,1.6
2026-10-09T06:40,219.1,0.0,1019.5,0.0,0.0,7.8,96.7,0.7,2.0
2026-10-09T06:50,191.2,0.0,1019.5,0.0,0.0,7.9,97.4,1.2,2.4
2026-10-09T07:00,255.1,0.0,1019.6,0.0,0.0,7.9,96.8,0.1,0.8
2026-10-09T07:10,249.0,0.0,1019.6,0.0,0.0,7.9,97.3,0.9,1.4
2026-10-09T07:20,198.9,0.0,1019.8,0.0,0.0,7.9,98.2,0.8,1.3
2026-10-09T07:30,61.5,0.0,1019.8,0.2,0.0,7.9,98.4,0.2,1.8
2026-10-09T07:40,49.8,0.0,1020.0,3.3,0.0,7.9,98.1,1.3,1.7
2026-10-09T07:50,3.8,0.0,1020.1,8.5,0.0,8.1,96.6,0.8,1.5
2026-10-09T08:00,358.2,0.0,1020.0,14.9,0.0,8.2,96.6,0.8,1.4
2026-10-09T08:20,214.8,0.0,1020.1,33.3,0.0,8.4,97.5,0.3,0.7
2026-10-09T08:30,185.9,0.0,1020.1,36.7,0.0,8.5,97.0,0.4,0.9
2026-10-09T08:40,58.1,0.0,1020.2,44.7,0.0,8.6,95.0,0.9,1.3
2026-10-09T08:50,344.3,0.0,1020.2,71.7,0.0,8.7,94.7,0.5,1.2
2026-10-09T09:00,63.4,0.0,1020.1,94.3,0.0,8.9,93.2,0.1,0.6
2026-10-09T09:10,186.3,0.0,1020.2,101.6,0.0,9.1,95.2,1.0,1.6
2026-10-09T09:20,224.4,0.0,1020.1,111.1,0.0,9.4,94.2,0.8,1.1
2026-10-09T09:30,317.1,0.0,1020.3,90.3,0.0,9.5,90.3,0.4,1.0
2026-10-09T09:40,29.7,0.0,1020.3,80.0,0.0,9.6,89.2,0.7,1.2
2026-10-09T09:50,287.1,0.0,1020.4,81.9,0.0,9.6,89.8,0.5,0.9
2026-10-09T10:00,221.5,0.0,1020.3,82.7,0.0,9.7,91.0,0.3,0.9
2026-10-09T10:10,44.4,0.0,1020.3,75.9,0.0,9.7,90.4,1.4,2.3
2026-10-09T10:20,30.1,0.0,1020.1,106.7,0.0,9.9,90.5,1.8,2.6
2026-10-09T10:30,11.9,0.0,1020.2,116.6,0.0,10.1,89.1,1.2,1.7
2026-10-09T10:40,29.6,0.0,1020.1,126.8,0.0,10.3,88.9,0.6,1.1
2026-10-09T10:50,344.6,0.0,1019.9,151.7,0.0,10.5,87.8,0.4,0.8
2026-10-09T11:00,5.3,0.0,1019.8,132.6,0.0,10.7,85.2,0.7,1.6
2026-10-09T11:10,345.7,0.0,1019.8,118.3,0.0,10.8,82.7,0.8,1.3
2026-10-09T11:20,360.0,0.0,1019.5,149.0,0.0,11.0,83.2,1.0,1.5
2026-10-09T11:30,351.1,0.0,1019.4,177.2,0.0,11.3,82.3,0.3,1.2
2026-10-09T11:40,233.6,0.0,1019.2,196.5,0.0,11.5,80.5,0.3,1.1
2026-10-09T11:50,155.5,0.0,1018.9,247.5,140.0,12.1,80.7,0.6,1.5
2026-10-09T12:00,187.6,0.0,1018.7,619.0,600.0,12.6,79.4,0.4,1.5
2026-10-09T12:10,215.4,0.0,1018.4,396.5,243.0,13.2,76.7,0.8,2.4
2026-10-09T12:20,302.0,0.0,1018.6,288.0,3.0,12.9,74.0,0.6,1.3
2026-10-09T12:30,232.0,0.0,1018.3,268.2,16.0,13.1,74.6,0.3,1.7
2026-10-09T12:40,191.3,0.0,1018.1,293.4,0.0,13.3,80.6,1.5,2.2
2026-10-09T12:50,194.0,0.0,1018.0,378.8,217.0,13.6,78.5,1.1,1.8
2026-10-09T13:00,196.4,0.0,1017.7,287.2,83.0,13.7,75.0,0.7,1.4
2026-10-09T13:20,249.9,0.0,1017.3,266.3,49.0,13.8,71.2,0.3,1.0
2026-10-09T13:30,146.0,0.0,1017.1,479.2,496.0,14.1,69.9,0.2,1.3
2026-10-09T13:40,160.2,0.0,1016.7,713.3,599.0,14.8,67.2,0.4,1.4
2026-10-09T13:50,341.5,0.0,1016.5,708.7,600.0,15.1,62.5,0.2,1.3
2026-10-09T14:00,290.0,0.0,1016.1,660.0,589.0,15.7,63.3,0.6,2.9
2026-10-09T14:10,299.7,0.0,1016.1,332.6,380.0,15.2,63.7,1.6,2.3
2026-10-09T14:30,284.8,0.0,1016.1,264.9,279.0,14.8,68.0,1.7,2.9
2026-10-09T14:40,273.9,0.0,1015.7,309.6,355.0,14.8,71.2,1.8,2.6
2026-10-09T14:50,278.6,0.0,1015.6,416.7,465.0,14.8,70.7,2.1,3.1
2026-10-09T15:00,276.6,0.0,1015.6,316.7,388.0,14.5,72.7,2.2,3.1
2026-10-09T15:10,278.0,0.0,1015.4,308.5,403.0,15.0,71.9,1.7,2.3
2026-10-09T15:20,272.3,0.0,1015.3,310.1,398.0,14.8,71.5,2.0,2.5
2026-10-09T15:30,273.3,0.0,1014.9,350.6,535.0,15.6,66.4,1.0,1.5
2026-10-09T15:50,241.0,0.0,1014.5,331.7,506.0,16.1,70.5,1.5,2.0
2026-10-09T16:00,242.2,0.0,1014.3,389.6,600.0,16.2,69.4,1.6,2.1
2026-10-09T16:10,241.4,0.0,1014.2,360.8,600.0,16.0,71.7,1.8,2.4
2026-10-09T16:20,244.1,0.0,1014.3,308.2,569.0,15.9,72.4,1.5,2.2
2026-10-09T16:30,264.0,0.0,1014.1,310.0,600.0,15.8,71.8,1.7,2.9
2026-10-09T16:40,261.4,0.0,1014.3,125.4,223.0,15.3,74.0,1.4,2.6
2026-10-09T16:50,256.8,0.0,1014.7,69.8,114.0,14.2,78.2,1.1,1.9
2026-10-09T17:00,228.8,0.0,1014.8,119.7,482.0,13.8,80.0,1.2,2.2
2026-10-09T17:10,224.9,0.0,1014.9,150.0,555.0,13.7,82.0,1.2,1.9
2026-10-09T17:20,255.8,0.0,1014.9,104.6,398.0,13.5,82.7,1.2,2.8
2026-10-09T17:30,291.8,0.0,1014.7,87.0,492.0,14.4,73.1,3.1,4.9
2026-10-09T17:40,277.7,0.0,1014.7,31.4,0.0,14.2,73.9,2.6,4.7
2026-10-09T17:50,275.2,0.0,1014.8,24.7,0.0,13.9,75.5,1.8,3.1
2026-10-09T18:00,259.8,0.0,1015.1,20.7,0.0,13.0,80.2,1.7,4.8
2026-10-09T18:10,297.7,0.0,1015.0,18.2,0.0,13.5,76.9,3.6,5.4
2026-10-09T18:20,299.9,0.0,1015.0,14.2,0.0,13.5,76.5,2.1,3.6
2026-10-09T18:30,17.3,0.0,1015.5,9.7,0.0,12.9,81.1,1.3,2.5
2026-10-09T18:40,293.9,0.0,1015.6,1.5,0.0,13.0,78.7,2.0,4.1
2026-10-09T18:50,298.0,0.0,1015.8,0.0,0.0,12.9,77.7,2.8,4.1
2026-10-09T19:00,320.9,0.0,1016.0,0.0,0.0,12.5,82.6,1.6,3.6
2026-10-09T19:10,299.0,0.0,1016.0,0.0,0.0,13.0,78.4,0.5,2.8
2026-10-09T19:20,58.5,0.0,1016.4,0.0,0.0,12.7,80.7,0.3,1.8
2026-10-09T19:30,300.1,0.0,1016.5,0.0,0.0,12.5,79.4,2.0,4.2
2026-10-09T19:40,309.2,0.0,1016.5,0.0,0.0,12.6,80.0,2.4,4.3
2026-10-09T19:50,290.8,0.0,1016.6,0.0,0.0,12.3,83.0,1.1,2.3
2026-10-09T20:00,281.2,0.0,1016.7,0.0,0.0,12.3,79.7,2.4,3.9
2026-10-09T20:10,243.2,0.0,1017.0,0.0,0.0,11.7,83.6,1.3,3.0
2026-10-09T20:20,285.1,0.0,1017.4,0.0,0.0,11.0,87.5,0.2,1.5
2026-10-09T20:30,317.1,0.0,1017.5,0.0,0.0,11.2,86.4,0.8,2.2
2026-10-09T20:40,48.5,0.0,1017.5,0.0,0.0,11.2,85.6,0.3,2.0
2026-10-09T20:50,271.7,0.0,1017.4,0.0,0.0,11.5,81.8,0.5,1.9
2026-10-09T21:00,337.4,0.0,1017.7,0.0,0.0,10.9,83.3,0.5,2.1
2026-10-09T21:10,255.0,0.0,1017.9,0.0,0.0,10.3,87.4,0.9,1.6
2026-10-09T21:20,289.2,0.0,1018.0,0.0,0.0,9.9,90.6,1.4,3.1
2026-10-09T21:30,310.2,0.0,1018.1,0.0,0.0,9.9,89.0,1.2,2.2
2026-10-09T21:40,280.4,0.0,1018.3,0.0,0.0,9.5,90.7,0.8,2.0
2026-10-09T21:50,144.6,0.0,1018.5,0.0,0.0,9.0,95.1,0.3,1.4
2026-10-09T22:00,267.0,0.0,1018.5,0.0,0.0,9.0,95.0,0.5,1.0
2026-10-09T22:10,74.8,0.0,1018.6,0.0,0.0,8.7,95.8,0.3,1.0
2026-10-09T22:20,306.9,0.0,1018.6,0.0,0.0,8.8,94.1,0.5,2.0
2026-10-09T22:30,221.9,0.0,1018.9,0.0,0.0,8.6,95.2,0.3,1.1
2026-10-09T22:40,272.1,0.0,1019.1,0.0,0.0,8.3,96.8,0.3,1.2
2026-10-09T22:50,14.4,0.0,1019.1,0.0,0.0,8.4,97.0,0.7,1.6
2026-10-09T23:00,11.3,0.0,1018.8,0.0,0.0,8.8,96.6,1.0,1.6
2026-10-09T23:10,31.6,0.0,1018.7,0.0,0.0,9.3,94.6,0.4,1.3
2026-10-09T23:20,312.6,0.0,1018.5,0.0,0.0,9.5,93.0,0.4,1.8
2026-10-09T23:30,27.0,0.0,1018.4,0.0,0.0,9.9,89.3,0.6,2.4
2026-10-09T23:40,349.0,0.0,1018.6,0.0,0.0,9.3,93.7,1.2,1.9
2026-10-09T23:50,337.6,0.0,1018.6,0.0,0.0,9.2,95.7,0.4,0.9
2026-10-10T00:00,258.0,0.0,1018.5,0.0,0.0,9.3,94.4,0.3,0.7
2026-10-10T00:10,266.3,0.0,1018.7,0.0,0.0,9.0,95.9,0.7,1.1
2026-10-10T00:20,185.7,0.0,1018.6,0.0,0.0,9.2,95.3,0.4,1.1
2026-10-10T00:30,26.5,0.0,1018.7,0.0,0.0,9.0,96.1,1.1,1.5
2026-10-10T00:40,337.2,0.0,1018.5,0.0,0.0,9.4,94.7,1.0,1.5
2026-10-10T00:50,349.2,0.0,1018.3,0.0,0.0,9.5,93.3,0.9,1.5
2026-10-10T01:10,70.8,0.0,1018.2,0.0,0.0,9.8,91.1,2.0,3.6
2026-10-10T01:20,303.0,0.0,1018.2,0.0,0.0,9.8,91.9,0.7,1.2
2026-10-10T01:30,250.5,0.0,1018.3,0.0,0.0,9.6,93.7,0.6,1.4
2026-10-10T01:40,173.8,0.0,1018.3,0.0,0.0,9.5,94.2,1.4,2.7
2026-10-10T01:50,235.7,0.0,1018.3,0.0,0.0,9.5,94.4,0.4,1.3
2026-10-10T02:00,31.9,0.0,1018.3,0.0,0.0,9.4,95.1,1.0,1.5
2026-10-10T02:10,348.9,0.0,1018.3,0.0,0.0,9.4,96.1,0.6,1.2
2026-10-10T02:20,65.0,0.0,1018.1,0.0,0.0,9.4,96.1,0.4,0.9
2026-10-10T02:30,299.6,0.0,1017.9,0.0,0.0,9.3,96.3,0.3,0.6
2026-10-10T02:40,151.6,0.0,1017.9,0.0,0.0,9.3,96.5,0.6,0.8
2026-10-10T02:50,180.3,0.0,1017.9,0.0,0.0,9.2,97.1,1.1,2.3
2026-10-10T03:00,206.7,0.0,1017.9,0.0,0.0,9.2,97.2,1.4,2.4
2026-10-10T03:10,304.2,0.0,1017.7,0.0,0.0,9.2,97.0,0.6,1.6
2026-10-10T03:20,29.3,0.0,1017.9,0.0,0.0,8.9,97.6,1.5,1.6
2026-10-10T03:30,29.0,0.0,1017.9,0.0,0.0,8.5,97.9,1.3,2.0
2026-10-10T03:40,197.9,0.0,1017.8,0.0,0.0,8.6,98.0,0.6,1.1
2026-10-10T03:50,270.8,0.0,1017.7,0.0,0.0,8.5,98.2,0.3,0.8
2026-10-10T04:00,22.3,0.0,1017.7,0.0,0.0,8.5,98.3,0.9,1.3
2026-10-10T04:10,4.7,0.0,1017.7,0.0,0.0,8.0,98.4,0.6,1.5
2026-10-10T04:20,45.8,0.0,1017.6,0.0,0.0,8.2,97.7,0.7,1.1
2026-10-10T04:30,76.5,0.0,1017.8,0.0,0.0,7.8,97.8,1.2,1.8
2026-10-10T04:40,274.2,0.0,1017.7,0.0,0.0,7.8,98.4,0.6,1.0
2026-10-10T04:50,36.5,0.0,1017.5,0.0,0.0,7.7,98.0,0.8,1.6
2026-10-10T05:00,341.7,0.0,1017.5,0.0,0.0,7.4,98.9,0.8,1.4
2026-10-10T05:10,28.7,0.0,1017.3,0.0,0.0,7.7,99.2,0.2,0.9
2026-10-10T05:20,186.3,0.0,1017.2,0.0,0.0,7.5,99.2,0.6,0.9
2026-10-10T05:30,211.0,0.0,1017.2,0.0,0.0,7.4,99.3,0.7,1.1
2026-10-10T05:40,204.7,0.0,1017.2,0.0,0.0,7.6,99.0,0.8,1.5
2026-10-10T05:50,205.4,0.0,1017.2,0.0,0.0,7.4,99.5,0.9,1.4
2026-10-10T06:00,226.1,0.0,1017.3,0.0,0.0,7.2,99.6,1.2,1.6
2026-10-10T06:10,121.8,0.0,1017.5,0.0,0.0,6.9,99.8,0.1,1.0
2026-10-10T06:20,54.6,0.0,1017.6,0.0,0.0,6.6,100.0,0.8,1.7
2026-10-10T06:30,332.9,0.0,1017.6,0.0,0.0,6.6,100.0,0.3,1.0
2026-10-10T06:40,309.3,0.0,1017.3,0.0,0.0,7.1,100.0,0.8,1.2
2026-10-10T06:50,43.7,0.0,1017.3,0.0,0.0,6.9,99.9,1.2,1.9
2026-10-10T07:00,7.5,0.0,1017.2,0.0,0.0,6.8,100.0,0.3,1.9
2026-10-10T07:10,235.2,0.0,1017.1,0.0,0.0,6.8,100.0,0.5,1.2
2026-10-10T07:20,195.3,0.0,1017.2,0.0,0.0,6.7,100.0,0.9,1.3
2026-10-10T07:30,248.8,0.0,1017.3,0.6,0.0,6.7,100.0,0.5,1.2
2026-10-10T07:40,261.2,0.0,1017.4,7.2,0.0,6.6,100.0,0.6,0.8
2026-10-10T07:50,188.9,0.0,1017.3,19.5,0.0,6.8,100.0,0.2,0.9
2026-10-10T08:00,173.7,0.0,1017.4,30.9,0.0,6.8,100.0,0.4,0.9
2026-10-10T08:10,65.4,0.0,1017.4,41.5,0.0,6.9,100.0,0.5,0.8
2026-10-10T08:20,328.8,0.0,1017.2,60.2,0.0,7.2,100.0,0.4,0.6
2026-10-10T08:30,355.3,0.0,1017.1,97.1,0.0,7.7,100.0,0.4,0.7
2026-10-10T08:40,108.6,0.0,1016.8,112.8,0.0,8.1,99.4,0.5,0.8
2026-10-10T08:50,184.3,0.0,1016.7,105.6,0.0,8.5,98.8,0.6,0.9
2026-10-10T09:00,227.6,0.0,1016.7,114.7,0.0,8.8,97.8,0.6,1.0
2026-10-10T09:10,224.5,0.0,1016.6,111.9,0.0,9.0,97.3,0.9,2.2
2026-10-10T09:20,302.9,0.0,1016.6,95.2,0.0,9.1,95.7,0.3,1.0
2026-10-10T09:30,46.8,0.0,1016.5,78.1,0.0,9.2,95.5,0.3,0.7
2026-10-10T09:40,16.4,0.0,1016.5,65.0,0.0,9.3,93.9,0.3,0.8
2026-10-10T09:50,63.0,0.0,1016.5,62.7,0.0,9.4,93.8,0.8,1.0
2026-10-10T10:00,51.7,0.0,1016.5,60.4,0.0,9.4,93.3,0.6,1.2
2026-10-10T10:10,62.3,0.0,1016.5,59.9,0.0,9.5,93.2,0.4,0.8
2026-10-10T10:20,239.9,0.0,1016.6,61.7,0.0,9.6,92.1,0.3,0.6
2026-10-10T10:30,285.0,0.0,1016.5,77.4,0.0,9.8,91.3,0.1,0.5
2026-10-10T10:40,322.0,0.0,1016.4,114.9,0.0,10.0,90.4,0.8,1.5
2026-10-10T10:50,347.0,0.0,1016.2,150.2,0.0,10.3,89.4,1.1,1.6
2026-10-10T11:00,352.9,0.0,1016.0,149.4,0.0,10.6,88.9,1.0,1.4
2026-10-10T11:10,346.3,0.0,1015.9,210.7,36.0,10.9,85.8,0.5,1.4
2026-10-10T11:20,64.2,0.0,1015.4,296.9,0.0,11.5,86.4,1.9,3.0
2026-10-10T11:30,32.0,0.0,1015.2,283.3,0.0,11.9,87.0,2.3,4.3
2026-10-10T11:40,29.0,0.0,1014.8,280.7,0.0,12.3,85.5,3.1,5.2
2026-10-10T11:50,42.8,0.0,1014.6,262.0,0.0,12.5,82.7,3.3,4.4
2026-10-10T12:00,34.9,0.0,1014.3,298.0,0.0,12.6,84.4,2.5,3.8
2026-10-10T12:10,38.1,0.0,1014.1,343.2,328.0,12.9,81.1,1.1,2.4
2026-10-10T12:20,40.6,0.0,1013.8,285.6,112.0,13.3,80.8,1.8,3.3
2026-10-10T12:30,35.6,0.0,1013.7,224.1,34.0,13.3,79.5,2.6,3.9
2026-10-10T12:40,37.5,0.0,1013.6,187.3,0.0,13.3,79.3,3.7,5.2
2026-10-10T12:50,58.7,0.0,1013.3,215.5,0.0,13.4,78.3,2.8,4.4
2026-10-10T13:00,345.5,0.0,1013.0,222.0,0.0,13.8,77.1,0.7,1.4
2026-10-10T13:10,54.4,0.0,1012.9,255.8,0.0,14.0,76.4,1.6,2.5
2026-10-10T13:20,46.3,0.0,1012.6,218.0,0.0,14.1,75.5,1.5,3.2
2026-10-10T13:30,45.5,0.0,1012.5,104.7,0.0,14.0,74.5,1.1,2.9
2026-10-10T13:40,282.7,0.0,1012.4,70.1,0.0,14.0,75.5,0.2,2.4
2026-10-10T13:50,253.3,0.0,1012.4,58.7,0.0,13.9,77.0,0.5,1.2
2026-10-10T14:00,349.9,0.0,1012.4,84.9,0.0,13.9,77.3,0.8,1.4
2026-10-10T14:10,30.9,0.0,1012.4,94.7,0.0,13.8,83.3,1.3,1.8
2026-10-10T14:20,57.6,0.0,1012.4,96.2,0.0,13.8,82.0,0.8,1.5
2026-10-10T14:30,73.6,0.0,1012.2,114.9,0.0,13.7,83.2,1.2,2.3
2026-10-10T14:40,91.3,0.0,1012.0,138.1,0.0,13.6,84.5,1.6,2.5
2026-10-10T14:50,29.7,0.0,1011.8,162.6,0.0,13.8,84.1,0.3,2.2
2026-10-10T15:00,48.6,0.0,1011.7,149.4,0.0,13.8,84.1,1.3,2.5
2026-10-10T15:10,55.6,0.0,1011.6,144.6,0.0,13.8,84.7,1.4,2.3
2026-10-10T15:20,41.4,0.0,1011.5,143.5,0.0,13.9,82.7,0.8,1.9
2026-10-10T15:30,86.3,0.0,1011.2,121.4,0.0,14.0,85.0,1.0,2.0
2026-10-10T15:40,122.9,0.0,1011.1,102.4,0.0,14.0,84.1,0.7,2.6
2026-10-10T15:50,121.9,0.0,1011.0,98.7,0.0,14.0,85.9,0.7,1.9
2026-10-10T16:00,89.8,0.0,1010.9,104.7,0.0,14.0,84.9,0.7,1.5
2026-10-10T16:10,185.2,0.0,1010.8,107.3,0.0,14.1,83.9,0.4,0.8
2026-10-10T16:20,72.3,0.0,1010.6,100.9,0.0,14.1,82.3,0.1,0.6
2026-10-10T16:30,35.4,0.0,1010.4,86.0,0.0,14.0,85.2,1.0,1.7
2026-10-10T16:40,2.6,0.0,1010.2,82.0,0.0,13.9,85.0,1.4,2.0
2026-10-10T16:50,266.2,0.0,1010.1,83.0,0.0,14.1,83.2,1.3,2.1
2026-10-10T17:00,56.8,0.0,1010.0,79.2,0.0,14.0,84.0,1.2,2.4
2026-10-10T17:10,22.5,0.0,1010.0,81.4,0.0,14.2,81.2,1.6,4.5
2026-10-10T17:20,340.0,0.0,1010.1,71.6,0.0,14.1,83.6,0.2,1.7
2026-10-10T17:30,172.4,0.0,1010.0,57.6,0.0,13.9,85.8,1.0,2.3
2026-10-10T17:40,197.8,0.0,1010.1,48.6,0.0,13.6,87.3,0.8,1.8
2026-10-10T17:50,214.3,0.0,1010.1,44.0,0.0,13.5,88.1,0.7,1.4
2026-10-10T18:00,184.6,0.0,1010.2,29.5,0.0,13.2,89.3,0.8,1.4
2026-10-10T18:10,275.8,0.0,1010.3,19.5,0.0,13.2,89.1,1.2,1.5
2026-10-10T18:20,353.5,0.0,1010.4,12.0,0.0,12.9,90.4,0.2,1.3
2026-10-10T18:30,26.2,0.0,1010.6,5.9,0.0,12.2,93.6,0.7,1.9
2026-10-10T18:40,289.0,0.0,1010.6,0.5,0.0,12.6,90.7,1.5,2.0
2026-10-10T18:50,278.6,0.0,1010.8,0.0,0.0,12.5,87.4,1.8,2.9
2026-10-10T19:00,298.2,0.0,1010.9,0.0,0.0,12.5,86.0,1.8,2.6
2026-10-10T19:10,348.4,0.0,1011.1,0.0,0.0,12.1,89.2,0.8,1.6
2026-10-10T19:20,312.2,0.0,1011.2,0.0,0.0,12.0,86.9,0.8,1.5
2026-10-10T19:30,213.8,0.0,1011.6,0.0,0.0,11.1,92.9,0.8,1.4
2026-10-10T19:40,201.6,0.0,1011.8,0.0,0.0,10.6,95.4,0.5,1.4
2026-10-10T19:50,169.7,0.0,1012.0,0.0,0.0,10.6,95.8,0.3,1.0
2026-10-10T20:00,315.9,0.0,1012.1,0.0,0.0,10.5,93.9,0.4,2.5
2026-10-10T20:10,313.2,0.0,1012.3,0.0,0.0,10.7,90.7,1.5,2.8
2026-10-10T20:20,288.8,0.0,1012.3,0.0,0.0,10.9,89.5,1.3,3.0
2026-10-10T20:30,284.8,0.0,1012.3,0.0,0.0,11.0,83.9,3.6,5.4
2026-10-10T20:40,302.3,0.0,1012.5,0.0,0.0,10.6,85.9,2.1,3.6
2026-10-10T20:50,347.6,0.0,1012.6,0.0,0.0,10.1,91.3,1.5,3.3
2026-10-10T21:00,336.6,0.0,1012.9,0.0,0.0,9.5,96.3,1.2,1.9
2026-10-10T21:10,330.0,0.0,1012.6,0.0,0.0,10.1,90.7,0.6,1.8
2026-10-10T21:20,267.1,0.0,1012.7,0.0,0.0,10.0,86.6,1.2,2.4
2026-10-10T21:30,302.6,0.0,1012.9,0.0,0.0,9.5,91.6,1.5,3.4
2026-10-10T21:40,332.5,0.0,1013.2,0.0,0.0,9.3,93.8,1.1,3.1
2026-10-10T21:50,102.5,0.0,1013.4,0.0,0.0,9.4,92.9,0.5,2.0
2026-10-10T22:00,296.1,0.0,1013.2,0.0,0.0,9.8,87.2,0.7,2.6
2026-10-10T22:10,350.3,0.0,1013.4,0.0,0.0,9.4,91.1,1.0,2.4
2026-10-10T22:20,278.3,0.0,1013.5,0.0,0.0,9.2,92.6,1.1,2.3
2026-10-10T22:30,297.3,0.0,1013.3,0.0,0.0,9.3,86.8,0.7,2.0
