datetime,DVENTO,TEMP,UMID,VVENTO,VVENTOMAX
2026-09-11T00:00,32.0,1.9,99.7,2.6,3.8
2026-09-11T00:10,37.0,1.8,99.7,2.5,3.3
2026-09-11T00:20,37.0,1.8,99.7,2.3,3.8
2026-09-11T00:30,32.0,1.8,99.7,1.8,2.8
2026-09-11T00:40,32.0,1.8,99.7,1.1,2.1
2026-09-11T00:50,21.0,1.8,99.7,2.4,3.6
2026-09-11T01:00,19.0,1.8,99.7,2.1,3.4
2026-09-11T01:10,19.0,1.8,99.7,1.8,2.9
2026-09-11T01:20,14.0,1.6,99.7,2.8,4.0
2026-09-11T01:30,12.0,1.6,99.7,1.9,3.6
2026-09-11T01:40,15.0,1.7,99.7,2.4,3.7
2026-09-11T01:50,27.0,1.8,99.7,1.1,1.7
2026-09-11T02:00,325.0,1.9,99.7,2.3,4.3
2026-09-11T02:10,324.0,1.9,99.7,3.4,3.7
2026-09-11T02:20,313.0,1.9,99.7,4.3,5.6
2026-09-11T02:30,313.0,2.0,99.7,4.1,5.0
2026-09-11T02:40,317.0,2.0,99.7,3.8,4.6
2026-09-11T02:50,321.0,2.0,99.7,3.7,4.6
2026-09-11T03:00,319.0,2.0,99.7,4.0,5.2
2026-09-11T03:10,315.0,2.1,99.7,4.0,5.0
2026-09-11T03:20,321.0,2.1,99.7,3.0,4.2
2026-09-11T03:30,313.0,2.2,99.8,4.1,4.7
2026-09-11T03:40,305.0,2.4,99.8,4.2,5.7
2026-09-11T03:50,312.0,2.6,99.8,4.5,6.0
2026-09-11T04:00,315.0,2.5,99.8,3.5,4.7
2026-09-11T04:10,324.0,2.5,99.8,3.1,4.0
2026-09-11T04:20,314.0,2.5,99.8,2.5,3.1
2026-09-11T04:30,298.0,2.5,99.8,2.0,2.9
2026-09-11T04:40,296.0,2.5,99.8,1.6,3.1
2026-09-11T04:50,302.0,2.5,99.8,1.3,2.9
2026-09-11T05:00,299.0,2.7,97.9,2.2,3.2
2026-09-11T05:10,297.0,2.7,97.7,2.8,3.7
2026-09-11T05:20,293.0,2.8,95.2,2.9,4.5
2026-09-11T05:30,286.0,3.1,89.0,3.8,4.5
2026-09-11T05:40,296.0,2.8,94.0,2.8,3.6
2026-09-11T05:50,296.0,2.7,94.3,3.3,4.6
2026-09-11T06:00,305.0,2.9,91.7,4.4,5.4
2026-09-11T06:10,315.0,2.9,93.7,3.2,4.5
2026-09-11T06:20,299.0,2.9,93.3,1.8,3.2
2026-09-11T06:30,294.0,2.9,92.8,1.9,3.3
2026-09-11T06:40,288.0,3.0,90.8,1.5,3.2
2026-09-11T06:50,293.0,2.9,94.3,0.5,1.8
2026-09-11T07:00,285.0,2.8,97.0,0.8,2.2
2026-09-11T07:10,291.0,2.6,99.7,0.7,2.0
2026-09-11T07:20,297.0,2.6,99.8,0.0,0.6
2026-09-11T07:30,300.0,2.5,99.8,0.1,1.1
2026-09-11T07:40,259.0,2.3,99.8,0.8,2.0
2026-09-11T07:50,293.0,2.0,99.7,1.1,3.5
2026-09-11T08:00,322.0,2.0,99.7,2.1,3.5
2026-09-11T08:10,351.0,2.0,99.7,1.8,3.2
2026-09-11T08:20,337.0,2.2,99.7,2.3,3.5
2026-09-11T08:30,347.0,2.3,99.7,1.7,3.0
2026-09-11T08:40,337.0,2.6,99.7,1.9,2.7
2026-09-11T08:50,336.0,2.9,99.7,1.7,2.5
2026-09-11T09:00,315.0,3.1,99.7,2.9,4.1
2026-09-11T09:10,302.0,3.1,99.3,2.8,4.1
2026-09-11T09:20,297.0,3.3,98.8,1.8,3.6
2026-09-11T09:30,327.0,3.1,99.2,0.9,2.3
2026-09-11T09:40,313.0,2.9,99.7,0.6,2.7
2026-09-11T09:50,310.0,2.8,98.8,2.9,3.9
2026-09-11T10:00,304.0,3.2,97.2,2.4,3.8
2026-09-11T10:10,309.0,3.9,97.6,1.2,2.5
2026-09-11T10:20,271.0,3.9,99.4,0.3,1.6
2026-09-11T10:30,235.0,3.3,99.7,0.9,2.3
2026-09-11T10:40,230.0,3.1,99.7,0.5,1.7
2026-09-11T10:50,244.0,3.2,99.7,0.6,2.3
2026-09-11T11:00,254.0,3.7,99.7,0.8,3.0
2026-09-11T11:10,251.0,3.3,99.7,1.8,3.2
2026-09-11T11:20,268.0,3.3,99.7,2.1,3.7
2026-09-11T11:30,281.0,3.0,99.7,2.8,4.1
2026-09-11T11:40,275.0,2.6,99.7,1.9,3.7
2026-09-11T11:50,274.0,3.0,99.7,2.2,3.8
2026-09-11T12:00,259.0,3.1,99.7,2.0,3.4
2026-09-11T12:10,235.0,3.8,98.4,1.5,2.7
2026-09-11T12:20,204.0,4.3,98.8,0.8,2.7
2026-09-11T12:30,191.0,4.7,99.2,0.6,2.2
2026-09-11T12:40,251.0,5.1,98.3,0.8,2.3
2026-09-11T12:50,268.0,4.0,96.4,2.7,4.7
2026-09-11T13:00,259.0,4.0,96.9,2.1,4.6
2026-09-11T13:10,261.0,4.0,98.9,1.1,3.3
2026-09-11T13:20,296.0,4.0,99.7,1.2,4.6
2026-09-11T13:30,276.0,2.9,99.7,3.3,5.7
2026-09-11T13:40,297.0,3.4,99.3,2.1,4.4
2026-09-11T13:50,302.0,3.8,97.0,1.4,4.0
2026-09-11T14:00,240.0,4.1,97.2,1.1,3.0
2026-09-11T14:10,230.0,4.0,98.5,0.5,2.5
2026-09-11T14:20,221.0,3.9,99.3,0.7,3.0
2026-09-11T14:30,259.0,3.0,99.7,1.8,3.8
2026-09-11T14:40,249.0,3.3,96.4,2.4,5.5
2026-09-11T14:50,268.0,3.8,91.3,1.2,2.7
2026-09-11T15:00,190.0,4.8,88.4,0.5,1.4
2026-09-11T15:10,252.0,4.3,83.3,1.5,3.4
2026-09-11T15:20,207.0,4.2,89.3,0.9,2.7
2026-09-11T15:30,216.0,5.0,91.5,0.5,2.7
2026-09-11T15:40,199.0,4.7,90.5,1.2,3.0
2026-09-11T15:50,219.0,4.7,87.9,1.5,3.1
2026-09-11T16:00,212.0,4.5,87.1,1.8,2.8
2026-09-11T16:10,216.0,4.2,88.6,1.6,2.8
2026-09-11T16:20,211.0,4.1,87.3,2.1,3.3
2026-09-11T16:30,225.0,4.2,88.9,1.6,3.1
2026-09-11T16:40,233.0,3.9,85.1,2.7,4.5
2026-09-11T16:50,242.0,3.8,71.4,3.2,6.2
2026-09-11T17:00,247.0,4.2,53.3,3.2,5.6
2026-09-11T17:10,248.0,4.5,39.2,2.9,4.7
2026-09-11T17:20,250.0,4.6,41.7,2.9,4.7
2026-09-11T17:30,253.0,4.2,48.3,3.8,6.3
2026-09-11T17:40,256.0,4.3,46.0,3.8,8.7
2026-09-11T17:50,258.0,4.0,49.9,4.4,7.5
2026-09-11T18:00,280.0,3.7,58.7,4.1,7.3
2026-09-11T18:10,297.0,3.5,61.6,3.8,7.3
2026-09-11T18:20,308.0,3.6,63.7,2.5,6.2
2026-09-11T18:30,293.0,3.5,62.6,2.6,6.5
2026-09-11T18:40,309.0,3.5,64.5,4.1,7.6
2026-09-11T18:50,311.0,3.6,63.6,5.2,7.1
2026-09-11T19:00,317.0,3.3,63.2,6.3,7.4
2026-09-11T19:10,308.0,3.1,66.4,6.1,7.7
2026-09-11T19:20,306.0,3.1,66.0,6.6,8.4
2026-09-11T19:30,303.0,2.9,65.3,6.4,8.6
2026-09-11T19:40,306.0,2.6,67.5,6.5,8.4
2026-09-11T19:50,301.0,2.6,64.0,6.8,8.7
2026-09-11T20:00,309.0,2.4,68.3,6.8,8.8
2026-09-11T20:10,301.0,2.3,69.8,6.7,7.6
2026-09-11T20:20,309.0,2.5,64.5,6.0,8.0
2026-09-11T20:30,332.0,2.8,53.9,4.2,6.9
2026-09-11T20:40,338.0,2.9,50.0,3.4,6.0
2026-09-11T20:50,318.0,2.7,54.4,3.9,6.0
2026-09-11T21:00,296.0,2.7,50.5,5.3,6.9
2026-09-11T21:10,283.0,2.6,49.2,6.3,7.3
2026-09-11T21:20,283.0,2.5,47.3,6.5,7.5
2026-09-11T21:30,284.0,2.4,48.5,5.8,7.1
2026-09-11T21:40,301.0,2.4,49.2,4.9,6.5
2026-09-11T21:50,309.0,2.5,50.9,4.1,5.6
2026-09-11T22:00,308.0,2.6,49.4,3.7,5.3
2026-09-11T22:10,298.0,2.6,49.4,2.5,5.2
2026-09-11T22:20,317.0,2.6,49.1,3.7,5.2
2026-09-11T22:30,327.0,2.5,49.7,3.2,4.8
2026-09-11T22:40,329.0,2.5,42.6,4.1,5.7
2026-09-11T22:50,324.0,2.5,37.1,4.4,6.3
2026-09-11T23:00,328.0,2.5,32.5,4.4,5.7
2026-09-11T23:10,328.0,2.5,28.7,4.5,6.1
2026-09-11T23:20,324.0,2.5,27.0,5.4,7.0
2026-09-11T23:30,327.0,2.5,22.5,5.6,7.8
2026-09-11T23:40,327.0,2.4,29.0,6.8,8.2
2026-09-11T23:50,325.0,2.4,29.8,7.0,8.1
2026-09-12T00:00,321.0,2.3,34.6,6.5,7.6
2026-09-12T00:10,315.0,2.2,32.4,5.5,7.3
2026-09-12T00:20,311.0,2.1,35.9,4.8,6.4
2026-09-12T00:30,310.0,1.8,41.7,4.0,6.3
2026-09-12T00:40,313.0,1.7,45.7,4.7,6.5
2026-09-12T00:50,312.0,1.7,47.3,5.2,6.7
2026-09-12T01:00,312.0,1.7,45.7,4.7,7.0
2026-09-12T01:10,313.0,1.4,52.2,4.1,6.0
2026-09-12T01:20,313.0,1.4,52.7,4.8,6.4
2026-09-12T01:30,302.0,1.4,55.3,5.2,6.2
2026-09-12T01:40,292.0,1.2,62.1,5.6,6.4
2026-09-12T01:50,292.0,1.4,57.3,6.2,6.9
2026-09-12T02:00,306.0,1.6,48.6,6.7,7.6
2026-09-12T02:10,306.0,1.6,44.6,6.3,7.0
2026-09-12T02:20,305.0,1.6,46.0,6.0,6.8
2026-09-12T02:30,310.0,1.6,44.8,5.9,7.0
2026-09-12T02:40,310.0,1.8,34.3,6.1,7.2
2026-09-12T02:50,309.0,1.8,32.5,6.0,7.4
2026-09-12T03:00,310.0,1.7,33.5,6.4,7.6
2026-09-12T03:10,310.0,1.8,26.6,5.8,7.3
2026-09-12T03:20,312.0,1.9,22.3,6.2,7.5
2026-09-12T03:30,312.0,2.1,15.9,5.4,6.9
2026-09-12T03:40,313.0,2.3,13.1,6.2,7.5
2026-09-12T03:50,319.0,2.6,12.5,6.7,7.6
2026-09-12T04:00,320.0,2.7,12.2,6.9,7.6
2026-09-12T04:10,317.0,2.6,13.0,7.0,8.1
2026-09-12T04:20,320.0,2.5,12.8,7.0,7.8
2026-09-12T04:30,316.0,2.4,13.1,6.6,7.4
2026-09-12T04:40,315.0,2.2,14.0,6.4,7.4
2026-09-12T04:50,316.0,2.2,14.2,6.3,7.5
2026-09-12T05:00,315.0,2.1,16.2,6.0,7.4
2026-09-12T05:10,317.0,2.3,16.4,6.3,7.4
2026-09-12T05:20,314.0,2.3,17.5,5.8,7.4
2026-09-12T05:30,318.0,2.5,16.3,6.2,7.4
2026-09-12T05:40,320.0,2.5,16.5,6.3,7.5
2026-09-12T05:50,326.0,2.3,17.2,5.9,7.9
2026-09-12T06:00,326.0,2.2,16.5,5.8,7.7
2026-09-12T06:10,325.0,2.0,18.0,5.7,7.6
2026-09-12T06:20,331.0,1.9,16.9,5.4,7.9
2026-09-12T06:30,328.0,1.9,16.7,5.2,8.1
2026-09-12T06:40,332.0,2.0,16.0,5.1,7.4
2026-09-12T06:50,328.0,2.1,15.6,6.7,7.8
2026-09-12T07:00,327.0,2.2,15.6,6.4,8.3
2026-09-12T07:10,327.0,2.4,15.7,6.2,8.6
2026-09-12T07:20,330.0,2.6,15.0,6.4,9.3
2026-09-12T07:30,322.0,2.8,14.4,7.5,9.4
2026-09-12T07:40,326.0,2.9,13.9,7.4,9.7
2026-09-12T07:50,329.0,2.9,13.8,7.1,10.2
2026-09-12T08:00,329.0,2.9,14.1,5.8,9.6
2026-09-12T08:10,330.0,2.9,14.6,5.3,9.0
2026-09-12T08:20,341.0,2.9,15.5,3.4,7.4
2026-09-12T08:30,333.0,2.9,15.7,3.4,7.3
2026-09-12T08:40,330.0,2.8,17.1,3.6,7.8
2026-09-12T08:50,321.0,2.8,17.9,2.0,5.9
2026-09-12T09:00,338.0,2.9,19.0,1.5,3.9
2026-09-12T09:10,338.0,2.9,20.5,1.5,3.6
2026-09-12T09:20,334.0,2.8,21.3,2.0,3.4
2026-09-12T09:30,0.0,2.8,21.5,1.5,3.6
2026-09-12T09:40,6.0,3.4,19.2,2.9,4.3
2026-09-12T09:50,3.0,3.4,21.2,2.3,4.3
2026-09-12T10:00,355.0,3.3,22.0,2.2,3.4
2026-09-12T10:10,350.0,3.2,23.1,3.0,4.2
2026-09-12T10:20,348.0,3.3,26.0,2.2,3.6
2026-09-12T10:30,355.0,3.5,32.3,2.0,4.7
2026-09-12T10:40,355.0,3.5,34.2,1.4,3.5
2026-09-12T10:50,7.0,4.0,33.7,0.3,2.0
2026-09-12T11:00,339.0,4.3,35.4,0.3,1.3
2026-09-12T11:10,298.0,4.3,38.6,0.3,2.3
2026-09-12T11:20,320.0,4.3,44.1,1.2,3.3
2026-09-12T11:30,287.0,4.7,43.2,0.5,2.1
2026-09-12T11:40,298.0,5.0,42.7,0.8,3.6
2026-09-12T11:50,271.0,5.0,43.0,0.8,2.5
2026-09-12T12:00,287.0,5.2,44.0,1.0,3.6
2026-09-12T12:10,233.0,5.5,44.1,1.0,2.4
2026-09-12T12:20,260.0,5.6,44.9,0.9,2.2
2026-09-12T12:30,308.0,5.2,45.1,1.1,3.5
2026-09-12T12:40,294.0,4.9,46.8,0.6,2.9
2026-09-12T12:50,257.0,4.8,48.7,0.6,2.9
2026-09-12T13:00,226.0,5.2,48.5,0.8,3.1
2026-09-12T13:10,256.0,4.8,50.2,0.9,2.5
2026-09-12T13:20,252.0,5.5,49.9,1.1,3.3
2026-09-12T13:30,238.0,5.3,50.9,1.0,3.5
2026-09-12T13:40,268.0,5.1,51.7,1.7,3.4
2026-09-12T13:50,242.0,4.7,54.2,1.9,3.7
2026-09-12T14:00,248.0,5.3,51.7,1.0,4.1
2026-09-12T14:10,278.0,5.5,52.3,0.9,3.1
2026-09-12T14:20,277.0,5.2,53.3,1.9,3.7
2026-09-12T14:30,291.0,5.0,55.7,3.1,5.5
2026-09-12T14:40,280.0,5.2,54.3,2.0,4.3
2026-09-12T14:50,235.0,5.4,53.5,1.4,4.7
2026-09-12T15:00,275.0,5.3,53.9,1.6,4.2
2026-09-12T15:10,267.0,5.4,55.4,1.9,4.4
2026-09-12T15:20,276.0,5.1,57.9,3.3,5.3
2026-09-12T15:30,301.0,5.5,55.4,2.1,5.9
2026-09-12T15:40,309.0,5.3,54.5,3.6,8.0
2026-09-12T15:50,315.0,5.2,55.6,4.5,8.6
2026-09-12T16:00,311.0,5.6,55.2,3.7,7.6
2026-09-12T16:10,318.0,5.5,53.3,4.0,8.4
2026-09-12T16:20,325.0,5.3,53.1,5.2,7.7
2026-09-12T16:30,310.0,5.3,54.4,4.5,8.5
2026-09-12T16:40,320.0,5.2,54.1,5.8,8.7
2026-09-12T16:50,306.0,5.1,54.8,5.3,10.2
2026-09-12T17:00,316.0,5.0,56.0,5.5,9.3
2026-09-12T17:10,322.0,5.2,52.4,4.8,8.9
2026-09-12T17:20,321.0,5.3,49.7,5.5,8.6
2026-09-12T17:30,331.0,5.1,51.8,4.1,7.0
2026-09-12T17:40,314.0,5.1,51.5,3.5,7.2
2026-09-12T17:50,306.0,5.4,52.0,3.1,6.5
2026-09-12T18:00,321.0,5.0,54.0,3.1,5.7
2026-09-12T18:10,316.0,5.3,52.1,3.1,7.3
2026-09-12T18:20,314.0,5.0,54.2,4.5,7.7
2026-09-12T18:30,320.0,4.6,56.9,5.4,8.1
2026-09-12T18:40,310.0,4.7,59.2,4.3,5.9
2026-09-12T18:50,322.0,4.7,57.6,4.6,7.3
2026-09-12T19:00,331.0,4.4,59.7,4.5,7.1
2026-09-12T19:10,340.0,4.3,59.7,3.0,7.5
2026-09-12T19:20,325.0,4.3,59.6,3.4,5.8
2026-09-12T19:30,323.0,4.1,62.6,2.0,5.6
2026-09-12T19:40,323.0,3.8,65.0,3.2,6.0
2026-09-12T19:50,320.0,3.7,66.5,2.5,4.9
2026-09-12T20:00,313.0,3.6,64.9,3.9,7.4
2026-09-12T20:10,322.0,3.7,60.5,5.0,7.7
2026-09-12T20:20,324.0,3.6,60.5,4.7,7.3
2026-09-12T20:30,336.0,3.5,63.1,3.7,7.4
2026-09-12T20:40,323.0,3.4,64.3,4.9,7.6
2026-09-12T20:50,317.0,3.5,64.4,3.5,6.5
2026-09-12T21:00,313.0,3.6,61.0,4.4,7.1
2026-09-12T21:10,310.0,3.6,62.8,3.7,6.1
2026-09-12T21:20,317.0,3.5,64.9,4.6,6.8
2026-09-12T21:30,322.0,3.4,66.5,5.0,6.4
2026-09-12T21:40,319.0,3.3,69.5,3.0,5.6
2026-09-12T21:50,320.0,3.2,72.9,4.4,5.6
2026-09-12T22:00,318.0,3.1,75.2,4.4,5.5
2026-09-12T22:10,317.0,3.1,76.5,4.5,5.7
2026-09-12T22:20,314.0,3.0,77.5,3.9,6.1
2026-09-12T22:30,314.0,3.0,78.0,5.6,7.7
2026-09-12T22:40,313.0,3.1,77.3,5.8,7.3
2026-09-12T22:50,312.0,3.2,74.9,6.2,8.4
2026-09-12T23:00,314.0,3.1,73.7,7.5,9.2
2026-09-12T23:10,312.0,3.2,71.5,8.4,10.8
2026-09-12T23:20,311.0,3.2,70.8,8.2,10.1
2026-09-12T23:30,313.0,3.1,71.5,8.2,10.3
2026-09-12T23:40,311.0,3.1,70.0,8.1,9.8
2026-09-12T23:50,311.0,3.1,69.8,8.4,10.3
2026-09-13T00:00,312.0,3.2,69.7,8.4,10.4
2026-09-13T00:10,311.0,3.4,63.2,7.8,10.3
2026-09-13T00:20,313.0,3.5,58.2,8.0,10.4
2026-09-13T00:30,318.0,3.6,54.0,7.9,9.7
2026-09-13T00:40,315.0,3.6,52.1,7.3,8.7
2026-09-13T00:50,312.0,3.4,56.8,7.1,9.4
2026-09-13T01:00,320.0,3.6,49.0,7.9,9.7
2026-09-13T01:10,319.0,3.7,44.9,7.5,9.7
2026-09-13T01:20,316.0,3.6,44.6,8.2,9.5
2026-09-13T01:30,319.0,3.5,46.0,8.5,11.5
2026-09-13T01:40,319.0,3.4,46.3,8.3,11.8
2026-09-13T01:50,320.0,3.3,45.2,8.6,11.4
2026-09-13T02:00,319.0,3.2,45.7,8.4,10.3
2026-09-13T02:10,318.0,3.2,43.2,8.2,10.3
2026-09-13T02:20,323.0,3.3,39.4,9.1,10.7
2026-09-13T02:30,321.0,3.3,38.2,8.3,10.7
2026-09-13T02:40,324.0,3.3,37.4,8.5,10.5
2026-09-13T02:50,323.0,3.2,39.2,7.6,10.4
2026-09-13T03:00,319.0,3.2,39.4,7.2,9.4
2026-09-13T03:10,319.0,3.3,37.4,7.6,9.4
2026-09-13T03:20,326.0,3.3,34.3,7.0,9.8
2026-09-13T03:30,329.0,3.4,33.5,6.5,9.0
2026-09-13T03:40,331.0,3.4,32.5,6.4,8.7
2026-09-13T03:50,328.0,3.5,32.0,6.9,8.6
2026-09-13T04:00,333.0,3.6,30.4,5.9,8.3
2026-09-13T04:10,330.0,3.9,27.9,5.2,7.9
2026-09-13T04:20,326.0,3.7,29.7,6.6,8.4
2026-09-13T04:30,330.0,3.6,30.0,5.4,7.5
2026-09-13T04:40,328.0,3.5,31.2,5.4,6.7
2026-09-13T04:50,327.0,3.6,30.6,5.4,6.4
2026-09-13T05:00,330.0,3.7,28.9,5.4,6.6
2026-09-13T05:10,326.0,3.9,27.4,5.7,7.0
2026-09-13T05:20,324.0,4.0,26.7,5.1,7.0
2026-09-13T05:30,323.0,4.0,26.8,6.3,7.0
2026-09-13T05:40,324.0,4.0,27.1,6.1,7.0
2026-09-13T05:50,319.0,4.0,25.9,6.8,8.3
2026-09-13T06:00,323.0,3.8,26.2,7.4,8.6
2026-09-13T06:10,320.0,3.9,21.7,8.1,9.6
2026-09-13T06:20,325.0,3.8,21.3,6.6,9.4
2026-09-13T06:30,323.0,4.0,19.4,6.1,8.8
2026-09-13T06:40,328.0,3.9,22.0,6.0,10.0
2026-09-13T06:50,323.0,4.2,20.9,7.8,9.8
2026-09-13T07:00,319.0,4.4,22.4,7.2,10.5
2026-09-13T07:10,319.0,4.5,22.9,8.0,11.1
2026-09-13T07:20,315.0,4.4,24.4,7.5,9.7
2026-09-13T07:30,313.0,4.5,24.9,7.2,8.9
2026-09-13T07:40,308.0,4.5,26.1,7.2,8.6
2026-09-13T07:50,313.0,4.5,26.1,7.6,9.4
2026-09-13T08:00,317.0,4.7,24.2,7.8,10.0
2026-09-13T08:10,316.0,4.8,23.9,8.5,10.5
2026-09-13T08:20,320.0,4.9,22.4,8.6,10.0
2026-09-13T08:30,318.0,5.0,21.3,8.6,10.2
2026-09-13T08:40,317.0,5.1,20.0,8.4,10.1
2026-09-13T08:50,319.0,5.0,20.8,8.5,9.9
2026-09-13T09:00,326.0,5.4,17.1,7.7,10.1
2026-09-13T09:10,327.0,5.5,15.8,6.5,9.6
2026-09-13T09:20,322.0,5.4,14.2,8.0,10.7
2026-09-13T09:30,321.0,5.4,11.6,9.5,11.0
2026-09-13T09:40,326.0,5.9,9.4,8.4,10.1
2026-09-13T09:50,317.0,6.0,9.2,9.1,10.5
2026-09-13T10:00,313.0,5.5,12.1,9.0,11.2
2026-09-13T10:10,312.0,5.7,10.8,8.9,11.3
2026-09-13T10:20,313.0,5.4,14.5,8.3,10.3
2026-09-13T10:30,313.0,5.8,12.4,8.0,9.9
2026-09-13T10:40,317.0,6.0,13.1,7.5,10.1
2026-09-13T10:50,320.0,6.0,14.1,7.8,10.7
2026-09-13T11:00,318.0,6.3,15.1,7.6,9.6
2026-09-13T11:10,328.0,6.5,15.5,4.7,8.6
2026-09-13T11:20,329.0,6.8,16.4,3.5,7.7
2026-09-13T11:30,326.0,6.9,18.2,3.6,7.4
2026-09-13T11:40,322.0,6.7,18.8,5.2,7.9
2026-09-13T11:50,320.0,6.8,17.7,5.3,8.4
2026-09-13T12:00,316.0,6.6,18.4,5.3,7.9
2026-09-13T12:10,320.0,6.8,20.6,4.6,7.4
2026-09-13T12:20,313.0,7.1,23.3,3.1,6.4
2026-09-13T12:30,306.0,7.7,24.4,1.6,5.3
2026-09-13T12:40,293.0,7.8,25.7,1.2,5.1
2026-09-13T12:50,302.0,7.7,27.1,2.2,6.0
2026-09-13T13:00,303.0,7.8,29.3,1.6,5.3
2026-09-13T13:10,288.0,8.3,29.9,0.9,3.7
2026-09-13T13:20,326.0,8.7,33.5,0.3,1.8
2026-09-13T13:30,308.0,8.5,33.4,0.6,2.8
2026-09-13T13:40,293.0,8.6,33.4,0.3,1.6
2026-09-13T13:50,208.0,8.9,33.4,0.1,1.3
2026-09-13T14:00,196.0,8.5,36.7,0.4,2.5
2026-09-13T14:10,272.0,8.0,38.3,0.8,3.2
2026-09-13T14:20,213.0,7.9,40.2,0.9,3.0
2026-09-13T14:30,240.0,7.6,40.4,0.9,3.5
2026-09-13T14:40,267.0,7.6,43.5,1.6,4.4
2026-09-13T14:50,265.0,7.6,45.2,1.3,3.7
2026-09-13T15:00,275.0,7.2,45.7,2.4,4.5
2026-09-13T15:10,270.0,7.0,47.8,3.2,5.3
2026-09-13T15:20,286.0,7.8,47.5,2.1,4.1
2026-09-13T15:30,284.0,7.8,46.7,2.6,4.6
2026-09-13T15:40,286.0,7.8,47.5,3.0,6.0
2026-09-13T15:50,300.0,8.0,49.7,2.8,5.6
2026-09-13T16:00,298.0,7.7,50.0,3.3,5.7
2026-09-13T16:10,316.0,7.6,49.3,3.5,5.4
2026-09-13T16:20,314.0,7.6,48.2,4.6,6.9
2026-09-13T16:30,321.0,7.5,47.8,4.7,7.4
2026-09-13T16:40,320.0,7.5,47.4,4.6,7.6
2026-09-13T16:50,305.0,7.7,46.8,4.3,6.6
2026-09-13T17:00,303.0,7.5,46.8,4.1,6.3
2026-09-13T17:10,297.0,7.6,48.6,3.1,5.8
2026-09-13T17:20,264.0,7.9,48.5,1.4,4.2
2026-09-13T17:30,292.0,7.5,49.9,2.1,4.9
2026-09-13T17:40,298.0,7.2,51.6,2.3,5.5
2026-09-13T17:50,307.0,7.4,52.9,3.2,5.1
2026-09-13T18:00,309.0,7.1,57.7,4.7,5.9
2026-09-13T18:10,312.0,6.8,59.7,3.9,6.0
2026-09-13T18:20,312.0,6.8,59.1,3.6,6.0
2026-09-13T18:30,317.0,6.5,59.1,2.6,5.0
2026-09-13T18:40,320.0,6.3,59.9,2.6,4.9
2026-09-13T18:50,318.0,6.2,60.0,2.0,5.5
2026-09-13T19:00,316.0,6.1,59.9,1.7,5.0
2026-09-13T19:10,317.0,6.0,59.5,2.6,6.7
2026-09-13T19:20,344.0,5.8,59.4,1.9,5.4
2026-09-13T19:30,339.0,5.7,57.3,1.6,4.2
2026-09-13T19:40,333.0,5.7,56.4,2.2,5.3
2026-09-13T19:50,333.0,5.6,56.9,1.9,4.5
2026-09-13T20:00,336.0,5.6,56.5,1.3,3.8
2026-09-13T20:10,332.0,5.5,57.9,1.2,3.6
2026-09-13T20:20,322.0,5.5,58.7,3.0,7.0
2026-09-13T20:30,319.0,5.7,58.0,5.3,9.4
2026-09-13T20:40,322.0,5.7,58.5,4.8,8.6
2026-09-13T20:50,315.0,5.9,57.8,7.0,10.2
2026-09-13T21:00,314.0,6.0,57.2,8.9,11.5
2026-09-13T21:10,319.0,5.9,59.0,9.0,10.9
2026-09-13T21:20,322.0,5.9,59.7,8.5,9.9
2026-09-13T21:30,316.0,5.8,58.3,8.6,9.7
2026-09-13T21:40,317.0,5.9,58.0,8.0,9.4
2026-09-13T21:50,312.0,5.8,58.6,7.0,9.3
2026-09-13T22:00,311.0,5.7,58.8,7.5,9.6
2026-09-13T22:10,312.0,5.7,59.8,6.6,8.4
2026-09-13T22:20,310.0,5.5,61.5,7.8,9.6
2026-09-13T22:30,311.0,5.5,62.8,8.4,10.0
2026-09-13T22:40,312.0,5.4,63.2,7.7,9.8
2026-09-13T22:50,310.0,5.3,63.9,6.8,9.0
2026-09-13T23:00,307.0,5.2,64.9,6.8,9.0
2026-09-13T23:10,306.0,5.1,65.9,5.6,8.6
2026-09-13T23:20,297.0,4.9,68.5,5.8,7.7
2026-09-13T23:30,297.0,4.5,73.9,6.0,8.2
2026-09-13T23:40,287.0,4.2,79.9,3.7,7.4
2026-09-13T23:50,287.0,3.9,84.1,5.4,8.6
2026-09-14T00:00,279.0,3.9,84.8,6.1,9.0
2026-09-14T00:10,276.0,3.8,86.6,7.2,9.2
2026-09-14T00:20,282.0,3.8,86.6,6.8,9.5
2026-09-14T00:30,289.0,3.7,87.5,6.1,8.6
2026-09-14T00:40,293.0,3.7,88.6,4.8,8.2
2026-09-14T00:50,302.0,3.5,90.4,3.6,7.2
2026-09-14T01:00,303.0,3.5,91.9,3.9,7.4
2026-09-14T01:10,311.0,3.8,90.6,6.2,9.6
2026-09-14T01:20,310.0,4.0,91.2,6.6,9.3
2026-09-14T01:30,309.0,3.9,91.6,5.8,8.4
2026-09-14T01:40,310.0,4.0,89.3,6.9,9.4
2026-09-14T01:50,304.0,4.0,90.1,5.6,7.8
2026-09-14T02:00,299.0,3.8,91.9,4.9,7.7
2026-09-14T02:10,301.0,3.6,93.5,4.6,7.6
2026-09-14T02:20,311.0,3.5,95.8,3.1,6.7
2026-09-14T02:30,289.0,3.5,95.9,5.6,8.0
2026-09-14T02:40,304.0,3.5,95.7,5.3,8.1
2026-09-14T02:50,300.0,3.5,96.9,4.4,7.5
2026-09-14T03:00,301.0,3.4,97.8,4.0,8.9
2026-09-14T03:10,303.0,3.3,99.1,4.0,6.8
2026-09-14T03:20,301.0,3.3,99.2,6.3,8.6
2026-09-14T03:30,310.0,3.4,98.0,6.3,8.3
2026-09-14T03:40,312.0,3.3,99.7,6.9,8.9
2026-09-14T03:50,315.0,3.2,99.8,6.7,8.4
2026-09-14T04:00,318.0,3.0,99.7,6.2,9.6
2026-09-14T04:10,323.0,3.3,99.8,6.9,11.4
2026-09-14T04:20,318.0,3.4,99.2,8.6,13.1
2026-09-14T04:30,314.0,3.4,98.8,9.4,13.1
2026-09-14T04:40,315.0,3.3,99.3,9.3,14.1
2026-09-14T04:50,323.0,3.2,99.7,9.1,14.0
2026-09-14T05:00,322.0,3.1,99.6,10.3,13.8
2026-09-14T05:10,324.0,3.1,99.5,9.2,14.6
2026-09-14T05:20,317.0,2.9,99.8,8.1,11.4
2026-09-14T05:30,326.0,2.9,99.6,8.4,13.5
2026-09-14T05:40,339.0,3.3,94.3,6.8,10.8
2026-09-14T05:50,334.0,3.1,94.7,7.6,12.4
2026-09-14T06:00,326.0,3.1,92.6,7.5,12.9
2026-09-14T06:10,336.0,2.9,93.7,6.9,12.3
2026-09-14T06:20,339.0,3.2,88.8,8.3,12.3
2026-09-14T06:30,338.0,3.1,93.4,7.1,12.3
2026-09-14T06:40,334.0,2.8,95.4,7.5,11.6
2026-09-14T06:50,338.0,3.0,87.9,6.9,13.4
2026-09-14T07:00,329.0,2.9,87.0,6.4,11.4
2026-09-14T07:10,320.0,2.8,88.8,9.4,13.1
2026-09-14T07:20,323.0,2.8,87.7,9.1,14.4
2026-09-14T07:30,322.0,2.8,89.0,10.5,14.0
2026-09-14T07:40,325.0,2.6,91.7,8.9,15.7
2026-09-14T07:50,327.0,2.4,95.1,8.6,13.2
2026-09-14T08:00,329.0,2.4,96.3,9.0,13.4
2026-09-14T08:10,330.0,2.5,95.6,8.3,15.5
2026-09-14T08:20,329.0,2.7,94.0,7.3,11.0
2026-09-14T08:30,324.0,2.8,96.9,6.3,10.2
2026-09-14T08:40,317.0,2.4,98.9,5.7,8.7
2026-09-14T08:50,330.0,3.0,92.2,5.5,8.1
2026-09-14T09:00,320.0,2.9,92.3,7.4,10.2
2026-09-14T09:10,327.0,2.7,90.9,6.1,9.0
2026-09-14T09:20,316.0,2.8,92.2,5.2,10.8
2026-09-14T09:30,320.0,2.9,90.9,5.4,8.4
2026-09-14T09:40,330.0,3.2,90.3,4.5,7.9
2026-09-14T09:50,323.0,3.1,91.9,4.6,7.6
2026-09-14T10:00,324.0,3.1,91.9,3.5,7.7
2026-09-14T10:10,317.0,3.2,92.8,3.0,6.3
2026-09-14T10:20,315.0,2.9,96.1,2.9,5.6
2026-09-14T10:30,335.0,3.1,94.3,4.0,7.0
2026-09-14T10:40,332.0,3.2,94.7,4.1,7.3
2026-09-14T10:50,333.0,3.7,92.6,1.0,4.1
2026-09-14T11:00,328.0,3.6,92.8,2.6,5.3
2026-09-14T11:10,338.0,3.5,93.1,1.8,4.9
2026-09-14T11:20,327.0,4.4,88.2,0.9,2.7
2026-09-14T11:30,351.0,4.6,85.0,1.1,3.1
2026-09-14T11:40,326.0,4.4,87.2,2.6,5.7
2026-09-14T11:50,332.0,4.6,88.0,0.9,4.3
2026-09-14T12:00,317.0,4.9,84.8,1.0,4.5
2026-09-14T12:10,343.0,4.6,87.2,1.3,4.3
2026-09-14T12:20,352.0,4.7,81.1,1.2,3.9
2026-09-14T12:30,332.0,4.6,82.6,1.0,3.8
2026-09-14T12:40,327.0,4.4,83.8,1.3,4.3
2026-09-14T12:50,14.0,5.6,78.0,0.3,2.1
2026-09-14T13:00,295.0,6.2,77.3,0.4,2.0
2026-09-14T13:10,15.0,5.7,74.8,1.1,2.9
2026-09-14T13:20,336.0,6.2,71.5,0.4,2.2
2026-09-14T13:30,28.0,5.9,75.5,0.2,2.5
2026-09-14T13:40,44.0,5.6,77.4,0.3,1.6
2026-09-14T13:50,186.0,6.4,76.5,0.3,1.4
2026-09-14T14:00,259.0,6.3,78.2,0.5,2.6
2026-09-14T14:10,289.0,5.4,79.9,1.3,3.5
2026-09-14T14:20,318.0,5.2,87.3,0.5,2.4
2026-09-14T14:30,274.0,5.1,94.3,0.4,2.3
2026-09-14T14:40,243.0,5.5,94.2,0.2,1.3
2026-09-14T14:50,27.0,5.5,87.7,0.4,1.7
2026-09-14T15:00,311.0,6.0,87.1,0.2,1.5
2026-09-14T15:10,281.0,5.7,89.5,0.3,1.7
2026-09-14T15:20,215.0,6.0,83.8,0.3,1.8
2026-09-14T15:30,197.0,6.7,78.6,0.1,1.3
2026-09-14T15:40,250.0,6.2,83.2,0.1,1.7
2026-09-14T15:50,238.0,5.8,89.5,0.8,2.2
2026-09-14T16:00,301.0,6.1,82.3,1.0,3.4
2026-09-14T16:10,320.0,6.2,81.2,0.6,2.3
2026-09-14T16:20,327.0,5.8,83.6,0.8,2.9
2026-09-14T16:30,254.0,5.5,86.2,1.0,3.1
2026-09-14T16:40,222.0,5.4,88.4,0.6,1.8
2026-09-14T16:50,183.0,5.1,90.3,0.4,1.7
2026-09-14T17:00,24.0,5.1,93.6,0.1,1.5
2026-09-14T17:10,35.0,5.1,91.5,0.3,1.5
2026-09-14T17:20,7.0,4.6,90.4,0.5,2.8
2026-09-14T17:30,332.0,4.7,90.7,0.7,2.6
2026-09-14T17:40,323.0,5.1,88.8,1.1,3.2
2026-09-14T17:50,350.0,5.0,91.6,0.6,2.2
2026-09-14T18:00,334.0,4.6,93.0,1.4,3.4
2026-09-14T18:10,9.0,4.6,93.2,0.7,2.5
2026-09-14T18:20,344.0,4.5,94.5,0.8,2.5
2026-09-14T18:30,327.0,5.1,88.7,1.7,3.3
2026-09-14T18:40,323.0,4.9,87.9,3.3,4.5
2026-09-14T18:50,332.0,4.8,87.5,2.7,4.4
2026-09-14T19:00,328.0,4.9,88.6,1.5,4.4
2026-09-14T19:10,328.0,5.0,88.7,0.7,2.8
2026-09-14T19:20,325.0,4.7,89.5,1.5,3.6
2026-09-14T19:30,320.0,4.3,89.6,3.2,4.5
2026-09-14T19:40,323.0,4.2,88.0,2.8,4.2
2026-09-14T19:50,306.0,4.3,85.9,2.0,3.9
2026-09-14T20:00,305.0,4.3,85.3,2.4,4.1
2026-09-14T20:10,311.0,4.2,86.2,3.0,4.6
2026-09-14T20:20,309.0,4.1,87.9,2.7,4.5
2026-09-14T20:30,315.0,4.0,87.4,1.9,4.3
2026-09-14T20:40,330.0,4.0,84.0,2.6,5.3
2026-09-14T20:50,327.0,4.0,79.6,2.3,4.7
2026-09-14T21:00,326.0,3.9,79.9,2.7,4.1
2026-09-14T21:10,349.0,4.0,73.3,1.9,3.4
2026-09-14T21:20,358.0,4.4,64.4,2.1,3.4
2026-09-14T21:30,349.0,4.7,57.8,1.5,3.5
2026-09-14T21:40,315.0,4.4,63.5,2.2,4.1
2026-09-14T21:50,319.0,4.4,62.9,3.6,5.5
2026-09-14T22:00,319.0,4.5,63.2,3.8,5.6
2026-09-14T22:10,310.0,4.5,62.3,3.9,5.5
2026-09-14T22:20,310.0,4.7,60.5,5.1,6.7
2026-09-14T22:30,311.0,4.8,57.2,4.5,6.7
2026-09-14T22:40,313.0,4.7,58.5,3.8,5.6
2026-09-14T22:50,306.0,4.7,62.4,4.1,6.0
2026-09-14T23:00,308.0,4.4,68.2,4.6,6.7
2026-09-14T23:10,308.0,4.4,72.5,5.3,7.3
2026-09-14T23:20,307.0,4.3,71.5,5.2,7.1
2026-09-14T23:30,306.0,4.3,72.0,6.0,8.2
2026-09-14T23:40,304.0,4.3,72.2,5.6,7.5
2026-09-14T23:50,310.0,4.1,71.9,5.1,7.9
2026-09-15T00:00,299.0,4.2,71.1,5.5,7.0
2026-09-15T00:10,299.0,4.0,74.3,4.5,8.1
2026-09-15T00:20,303.0,4.0,74.8,5.3,6.6
2026-09-15T00:30,294.0,4.0,86.8,6.0,7.2
2026-09-15T00:40,306.0,3.9,93.6,6.4,7.4
2026-09-15T00:50,310.0,4.1,83.2,5.6,7.3
2026-09-15T01:00,316.0,4.2,73.3,5.4,7.0
2026-09-15T01:10,318.0,4.3,68.8,4.6,6.4
2026-09-15T01:20,318.0,4.4,63.0,4.1,5.4
2026-09-15T01:30,320.0,4.6,55.0,5.0,6.1
2026-09-15T01:40,320.0,4.6,55.3,6.0,7.3
2026-09-15T01:50,323.0,4.5,53.0,6.0,7.4
2026-09-15T02:00,326.0,5.1,41.3,5.1,6.1
2026-09-15T02:10,307.0,4.9,43.6,5.1,6.9
2026-09-15T02:20,303.0,4.7,46.1,5.3,7.4
2026-09-15T02:30,300.0,4.8,44.0,5.3,7.0
2026-09-15T02:40,309.0,4.9,42.3,5.3,6.5
2026-09-15T02:50,317.0,4.8,44.9,5.4,6.7
2026-09-15T03:00,324.0,5.0,41.7,5.6,6.7
2026-09-15T03:10,321.0,5.0,41.8,5.5,6.7
2026-09-15T03:20,318.0,5.3,37.5,5.0,6.2
2026-09-15T03:30,305.0,5.0,42.7,5.4,6.7
2026-09-15T03:40,301.0,4.6,51.1,4.8,7.1
2026-09-15T03:50,308.0,4.5,51.3,4.3,7.1
2026-09-15T04:00,311.0,4.8,45.4,6.5,7.4
2026-09-15T04:10,294.0,4.6,50.7,6.4,7.6
2026-09-15T04:20,293.0,4.6,51.3,6.8,7.6
2026-09-15T04:30,282.0,4.6,54.8,6.0,7.8
2026-09-15T04:40,294.0,4.2,64.4,5.1,8.5
2026-09-15T04:50,302.0,4.3,62.2,5.3,8.4
2026-09-15T05:00,312.0,4.8,48.0,7.8,8.9
2026-09-15T05:10,311.0,4.8,45.5,7.7,9.8
2026-09-15T05:20,319.0,4.9,43.4,6.9,8.1
2026-09-15T05:30,326.0,5.1,40.9,6.6,7.7
2026-09-15T05:40,329.0,5.2,38.8,6.5,7.4
2026-09-15T05:50,325.0,5.3,38.3,6.3,7.1
2026-09-15T06:00,329.0,5.4,36.9,5.6,6.7
2026-09-15T06:10,324.0,5.6,35.8,5.2,6.5
2026-09-15T06:20,326.0,5.3,38.3,4.0,5.5
2026-09-15T06:30,345.0,5.4,35.5,2.7,4.8
2026-09-15T06:40,343.0,5.8,33.5,2.2,4.4
2026-09-15T06:50,349.0,5.9,33.6,2.2,4.4
2026-09-15T07:00,343.0,6.1,34.8,3.1,5.5
2026-09-15T07:10,342.0,6.2,35.1,2.3,4.7
2026-09-15T07:20,337.0,6.2,35.5,3.2,5.7
2026-09-15T07:30,334.0,6.3,35.6,3.9,5.6
2026-09-15T07:40,329.0,6.2,36.5,3.7,5.1
2026-09-15T07:50,333.0,6.4,35.9,3.7,4.9
2026-09-15T08:00,326.0,6.5,35.5,4.2,5.0
2026-09-15T08:10,324.0,6.6,34.5,4.5,5.1
2026-09-15T08:20,323.0,6.8,34.0,4.2,5.3
2026-09-15T08:30,323.0,6.8,33.6,3.8,4.4
2026-09-15T08:40,327.0,7.0,32.6,3.5,4.8
2026-09-15T08:50,330.0,7.1,32.1,4.4,5.1
2026-09-15T09:00,333.0,7.2,32.5,3.9,4.7
2026-09-15T09:10,333.0,7.2,33.0,3.3,4.1
2026-09-15T09:20,337.0,7.2,32.9,2.7,3.6
2026-09-15T09:30,332.0,7.4,32.4,2.0,4.5
2026-09-15T09:40,326.0,7.4,31.6,2.3,3.2
2026-09-15T09:50,332.0,7.6,31.6,1.4,2.5
2026-09-15T10:00,347.0,8.0,30.1,0.5,1.6
2026-09-15T10:10,14.0,8.1,27.7,1.0,1.4
2026-09-15T10:20,30.0,8.3,27.6,0.7,1.3
2026-09-15T10:30,79.0,9.1,28.7,0.2,1.0
2026-09-15T10:40,107.0,10.1,30.8,0.1,0.9
2026-09-15T10:50,66.0,10.6,27.7,0.2,1.0
2026-09-15T11:00,63.0,10.2,29.2,0.1,1.1
2026-09-15T11:10,51.0,10.0,32.2,0.3,1.3
2026-09-15T11:20,40.0,9.8,29.9,0.1,0.9
2026-09-15T11:30,58.0,10.0,34.2,0.1,0.7
2026-09-15T11:40,194.0,10.1,38.6,0.1,0.6
2026-09-15T11:50,76.0,10.3,29.8,0.1,1.0
2026-09-15T12:00,201.0,10.1,41.2,0.0,0.4
2026-09-15T12:10,191.0,9.7,47.3,0.0,1.1
2026-09-15T12:20,185.0,9.4,48.6,0.5,1.3
2026-09-15T12:30,175.0,9.5,48.3,0.1,1.0
2026-09-15T12:40,187.0,9.6,45.8,0.1,0.6
2026-09-15T12:50,182.0,9.5,46.0,0.3,0.9
2026-09-15T13:00,178.0,9.3,48.4,0.4,1.7
2026-09-15T13:10,189.0,9.5,51.1,0.5,1.2
2026-09-15T13:20,196.0,9.5,52.4,0.5,1.3
2026-09-15T13:30,181.0,9.5,55.2,0.7,1.9
2026-09-15T13:40,183.0,9.3,57.7,0.8,1.7
2026-09-15T13:50,184.0,9.2,57.7,0.9,2.0
2026-09-15T14:00,174.0,9.2,60.7,1.1,2.5
2026-09-15T14:10,189.0,9.1,66.4,1.3,2.6
2026-09-15T14:20,171.0,9.0,70.5,1.2,2.6
2026-09-15T14:30,183.0,9.3,69.0,1.2,2.4
2026-09-15T14:40,173.0,9.4,69.1,1.3,2.5
2026-09-15T14:50,192.0,9.4,69.4,1.4,2.4
2026-09-15T15:00,178.0,9.5,69.6,1.2,2.4
2026-09-15T15:10,176.0,9.5,69.0,1.2,2.2
2026-09-15T15:20,185.0,9.5,69.7,1.4,2.7
2026-09-15T15:30,185.0,9.7,69.3,1.3,2.8
2026-09-15T15:40,174.0,9.6,69.3,1.3,2.6
2026-09-15T15:50,197.0,9.5,67.3,1.5,2.6
2026-09-15T16:00,186.0,9.4,67.3,1.8,3.4
2026-09-15T16:10,176.0,9.6,65.5,1.5,2.7
2026-09-15T16:20,185.0,9.7,65.9,1.3,2.4
2026-09-15T16:30,201.0,9.9,66.1,1.1,2.5
2026-09-15T16:40,184.0,9.9,66.6,1.3,3.0
2026-09-15T16:50,190.0,9.7,66.6,1.1,2.3
2026-09-15T17:00,189.0,9.7,68.9,0.8,2.0
2026-09-15T17:10,199.0,9.8,68.0,0.9,2.2
2026-09-15T17:20,188.0,9.6,69.0,0.9,2.2
2026-09-15T17:30,194.0,9.7,69.1,1.0,2.3
2026-09-15T17:40,203.0,9.9,67.4,0.8,2.1
2026-09-15T17:50,222.0,9.9,66.2,0.9,2.2
2026-09-15T18:00,257.0,10.2,54.1,1.2,2.1
2026-09-15T18:10,279.0,10.5,33.8,0.9,2.6
2026-09-15T18:20,289.0,10.7,32.2,1.3,2.8
2026-09-15T18:30,301.0,10.5,30.0,1.4,2.4
2026-09-15T18:40,301.0,10.1,29.8,1.8,2.8
2026-09-15T18:50,316.0,9.8,37.1,1.9,2.7
2026-09-15T19:00,321.0,9.3,41.0,2.3,2.8
2026-09-15T19:10,347.0,8.9,39.7,1.2,2.7
2026-09-15T19:20,345.0,8.3,44.9,1.5,2.4
2026-09-15T19:30,340.0,8.0,47.6,1.8,2.6
2026-09-15T19:40,337.0,8.0,51.0,2.6,3.2
2026-09-15T19:50,341.0,8.0,51.2,2.6,3.3
2026-09-15T20:00,342.0,7.9,51.6,2.8,3.5
2026-09-15T20:10,347.0,7.9,51.4,2.4,3.7
2026-09-15T20:20,353.0,7.9,53.7,2.3,3.3
2026-09-15T20:30,3.0,7.8,57.3,1.2,2.5
2026-09-15T20:40,9.0,7.7,60.2,0.6,2.5
2026-09-15T20:50,1.0,7.7,61.0,1.7,3.3
2026-09-15T21:00,355.0,7.7,60.6,2.1,3.2
2026-09-15T21:10,1.0,7.7,61.1,1.7,3.0
2026-09-15T21:20,358.0,7.9,58.2,2.0,3.6
2026-09-15T21:30,2.0,7.9,57.4,1.7,3.2
2026-09-15T21:40,2.0,8.1,56.3,1.7,3.0
2026-09-15T21:50,355.0,8.1,57.7,2.0,3.0
2026-09-15T22:00,348.0,8.1,58.7,2.2,2.9
2026-09-15T22:10,355.0,8.1,58.8,1.7,2.5
2026-09-15T22:20,348.0,8.2,58.8,2.1,2.5
2026-09-15T22:30,349.0,8.2,58.6,2.1,2.4
2026-09-15T22:40,348.0,8.4,58.1,2.2,2.5
2026-09-15T22:50,334.0,8.4,57.8,2.3,2.6
2026-09-15T23:00,326.0,8.5,55.9,2.7,3.3
2026-09-15T23:10,321.0,8.6,56.1,2.5,3.0
2026-09-15T23:20,315.0,8.5,58.1,2.3,2.7
2026-09-15T23:30,318.0,8.6,59.3,2.8,3.2
2026-09-15T23:40,317.0,8.6,60.6,3.3,3.7
2026-09-15T23:50,320.0,8.6,60.7,3.6,4.0
2026-09-16T00:00,317.0,8.6,60.1,3.8,4.3
2026-09-16T00:10,315.0,8.6,60.1,3.5,4.0
2026-09-16T00:20,309.0,8.4,61.2,2.4,3.5
2026-09-16T00:30,308.0,8.4,61.6,2.6,3.1
2026-09-16T00:40,304.0,8.2,63.4,2.8,3.7
2026-09-16T00:50,308.0,8.4,62.3,2.4,3.3
2026-09-16T01:00,309.0,8.3,63.7,2.2,2.7
2026-09-16T01:10,302.0,8.3,63.4,2.2,2.9
2026-09-16T01:20,299.0,8.3,63.9,2.4,2.9
2026-09-16T01:30,293.0,8.3,64.0,2.3,3.3
2026-09-16T01:40,303.0,8.2,62.8,2.8,3.5
2026-09-16T01:50,300.0,8.2,60.8,3.2,3.9
2026-09-16T02:00,307.0,8.3,60.9,2.5,3.9
2026-09-16T02:10,285.0,8.2,62.0,1.8,3.1
2026-09-16T02:20,286.0,8.2,63.2,2.2,2.9
2026-09-16T02:30,291.0,7.9,65.3,2.4,3.2
2026-09-16T02:40,290.0,7.9,65.7,2.2,2.7
2026-09-16T02:50,297.0,7.7,67.3,1.5,2.7
2026-09-16T03:00,301.0,7.6,67.5,1.3,2.6
2026-09-16T03:10,301.0,7.6,67.0,0.6,2.1
2026-09-16T03:20,304.0,7.6,67.9,1.5,3.0
2026-09-16T03:30,318.0,7.7,65.1,2.8,3.6
2026-09-16T03:40,325.0,7.9,63.2,2.7,3.3
2026-09-16T03:50,314.0,7.9,62.9,1.9,2.8
2026-09-16T04:00,324.0,8.1,59.7,2.5,2.8
2026-09-16T04:10,328.0,8.1,55.7,2.3,2.7
2026-09-16T04:20,327.0,8.0,55.4,2.1,2.6
2026-09-16T04:30,317.0,8.0,52.9,2.4,2.9
2026-09-16T04:40,318.0,8.3,51.0,3.3,4.0
2026-09-16T04:50,324.0,8.7,47.2,3.3,3.7
2026-09-16T05:00,316.0,8.7,41.5,3.0,3.3
2026-09-16T05:10,313.0,8.8,29.8,3.2,3.8
2026-09-16T05:20,329.0,8.8,29.3,2.8,3.1
2026-09-16T05:30,342.0,8.8,29.3,2.0,2.7
2026-09-16T05:40,354.0,8.9,28.9,0.7,1.5
2026-09-16T05:50,338.0,8.8,31.3,0.5,1.1
2026-09-16T06:00,309.0,8.6,33.4,0.1,0.6
2026-09-16T06:10,123.0,8.4,32.1,0.0,0.4
2026-09-16T06:20,139.0,8.5,32.9,1.1,1.8
2026-09-16T06:30,131.0,8.6,33.0,1.5,1.7
2026-09-16T06:40,122.0,8.6,33.1,1.2,1.5
2026-09-16T06:50,145.0,8.5,34.3,0.9,1.2
2026-09-16T07:00,179.0,8.4,40.3,1.2,1.9
2026-09-16T07:10,183.0,8.5,46.6,1.0,1.7
2026-09-16T07:20,188.0,8.0,56.2,2.3,3.2
2026-09-16T07:30,195.0,7.9,55.2,2.9,3.7
2026-09-16T07:40,196.0,8.0,53.2,2.5,3.2
2026-09-16T07:50,199.0,8.1,50.6,2.3,3.0
2026-09-16T08:00,198.0,8.2,48.2,2.7,3.3
2026-09-16T08:10,203.0,8.2,49.1,3.0,3.8
2026-09-16T08:20,215.0,8.3,47.6,3.0,4.1
2026-09-16T08:30,214.0,8.4,44.2,3.5,4.1
2026-09-16T08:40,216.0,8.4,42.8,3.9,4.6
2026-09-16T08:50,215.0,8.5,41.0,4.1,4.9
2026-09-16T09:00,216.0,8.5,36.2,4.2,4.7
2026-09-16T09:10,213.0,8.3,26.3,4.3,5.0
2026-09-16T09:20,214.0,8.3,25.2,4.0,4.5
2026-09-16T09:30,207.0,8.3,22.0,3.7,4.5
2026-09-16T09:40,210.0,8.4,22.6,3.7,4.6
2026-09-16T09:50,204.0,8.5,21.6,3.8,5.1
2026-09-16T10:00,202.0,8.5,21.8,3.8,4.6
2026-09-16T10:10,202.0,8.4,22.9,3.9,4.5
2026-09-16T10:20,197.0,8.4,24.1,3.8,4.6
2026-09-16T10:30,197.0,8.5,24.1,3.7,4.8
2026-09-16T10:40,196.0,8.5,24.5,3.8,5.1
2026-09-16T10:50,198.0,8.7,26.1,3.6,4.9
2026-09-16T11:00,197.0,8.8,26.1,3.1,4.8
2026-09-16T11:10,191.0,8.9,28.9,2.9,4.0
2026-09-16T11:20,189.0,9.1,38.3,2.4,3.6
2026-09-16T11:30,186.0,9.0,45.2,2.1,3.7
2026-09-16T11:40,198.0,9.0,54.8,2.2,3.6
2026-09-16T11:50,187.0,8.9,69.8,1.1,2.4
2026-09-16T12:00,173.0,9.1,71.8,1.1,2.3
2026-09-16T12:10,178.0,9.4,74.5,0.7,1.9
2026-09-16T12:20,163.0,9.4,73.9,0.6,2.0
2026-09-16T12:30,176.0,9.2,74.0,1.1,2.5
2026-09-16T12:40,188.0,9.1,71.6,1.7,2.8
2026-09-16T12:50,183.0,9.4,75.1,0.9,1.8
2026-09-16T13:00,177.0,9.7,77.3,0.5,1.9
2026-09-16T13:10,181.0,9.6,80.1,0.5,2.0
2026-09-16T13:20,177.0,9.6,80.1,0.9,2.5
2026-09-16T13:30,185.0,9.6,80.4,0.7,1.5
2026-09-16T13:40,185.0,10.0,77.8,0.4,1.2
2026-09-16T13:50,173.0,10.3,76.3,0.3,1.2
2026-09-16T14:00,182.0,9.8,79.6,0.6,1.5
2026-09-16T14:10,175.0,9.7,78.7,0.7,2.9
2026-09-16T14:20,176.0,10.0,77.5,0.8,3.0
2026-09-16T14:30,176.0,9.5,79.3,1.3,3.2
2026-09-16T14:40,189.0,10.0,79.0,0.9,2.4
2026-09-16T14:50,177.0,10.3,76.7,0.7,1.9
2026-09-16T15:00,173.0,10.1,77.2,0.7,1.7
2026-09-16T15:10,171.0,10.0,78.7,0.9,3.1
2026-09-16T15:20,178.0,10.4,76.3,0.6,1.7
2026-09-16T15:30,188.0,10.1,77.6,0.7,2.3
2026-09-16T15:40,176.0,10.0,77.7,0.8,2.2
2026-09-16T15:50,172.0,10.0,78.1,0.7,1.7
2026-09-16T16:00,185.0,10.0,77.3,0.7,1.8
2026-09-16T16:10,182.0,10.0,76.4,0.9,1.9
2026-09-16T16:20,190.0,9.6,78.5,1.6,3.4
2026-09-16T16:30,189.0,9.6,78.7,1.4,3.6
2026-09-16T16:40,202.0,9.5,80.3,1.9,3.9
2026-09-16T16:50,190.0,9.5,80.6,1.2,2.7
2026-09-16T17:00,206.0,9.1,83.9,1.4,3.1
2026-09-16T17:10,204.0,8.6,88.7,1.6,3.4
2026-09-16T17:20,190.0,8.1,95.1,1.6,2.8
2026-09-16T17:30,192.0,7.9,95.7,1.8,3.1
2026-09-16T17:40,182.0,7.6,99.1,1.3,2.7
2026-09-16T17:50,193.0,7.8,91.8,0.4,1.2
2026-09-16T18:00,176.0,7.7,93.4,0.7,1.9
2026-09-16T18:10,173.0,7.4,97.5,1.8,2.9
2026-09-16T18:20,178.0,7.4,94.1,2.1,3.1
2026-09-16T18:30,185.0,7.5,93.4,2.0,3.3
2026-09-16T18:40,196.0,7.2,91.7,2.9,4.5
2026-09-16T18:50,194.0,7.1,97.0,1.7,2.9
2026-09-16T19:00,193.0,6.5,99.7,1.7,2.8
2026-09-16T19:10,178.0,6.5,99.7,1.3,2.5
2026-09-16T19:20,153.0,6.8,99.7,0.5,1.4
2026-09-16T19:30,167.0,6.8,99.7,0.6,1.8
2026-09-16T19:40,174.0,6.4,99.7,1.3,2.3
2026-09-16T19:50,172.0,6.1,99.8,2.0,3.3
2026-09-16T20:00,173.0,6.2,99.7,1.1,2.5
2026-09-16T20:10,192.0,6.1,99.7,1.0,2.3
2026-09-16T20:20,203.0,6.0,99.8,1.6,2.9
2026-09-16T20:30,199.0,6.0,98.1,2.2,3.5
2026-09-16T20:40,185.0,6.3,90.3,2.6,4.8
2026-09-16T20:50,208.0,6.6,90.4,1.5,3.7
2026-09-16T21:00,190.0,6.1,92.6,1.9,3.3
2026-09-16T21:10,176.0,5.5,99.0,1.7,3.1
2026-09-16T21:20,195.0,5.2,99.7,2.3,3.6
2026-09-16T21:30,190.0,5.0,99.7,3.3,4.9
2026-09-16T21:40,191.0,5.0,97.7,3.3,5.7
2026-09-16T21:50,183.0,5.7,86.5,2.6,3.6
2026-09-16T22:00,174.0,5.6,91.7,1.9,3.2
2026-09-16T22:10,190.0,4.7,99.6,2.6,3.6
2026-09-16T22:20,189.0,4.4,99.7,2.9,5.0
2026-09-16T22:30,220.0,4.0,99.7,3.5,5.0
2026-09-16T22:40,283.0,4.2,99.8,1.4,3.7
2026-09-16T22:50,260.0,4.8,99.8,1.2,3.2
2026-09-16T23:00,249.0,4.6,99.7,3.1,5.2
2026-09-16T23:10,256.0,4.7,99.7,2.2,6.5
2026-09-16T23:20,273.0,4.7,99.3,1.4,2.8
2026-09-16T23:30,221.0,4.8,99.8,1.0,2.5
2026-09-16T23:40,228.0,4.6,99.7,1.6,3.1
2026-09-16T23:50,224.0,4.7,99.7,0.4,2.0
2026-09-17T00:00,211.0,4.3,99.8,1.4,2.8
2026-09-17T00:10,259.0,3.8,99.7,3.7,7.8
2026-09-17T00:20,290.0,3.5,99.7,4.4,7.6
2026-09-17T00:30,289.0,3.4,99.7,4.5,6.1
2026-09-17T00:40,234.0,3.2,99.7,4.4,6.1
2026-09-17T00:50,217.0,3.4,99.7,3.6,5.6
2026-09-17T01:00,241.0,4.2,98.3,4.2,5.9
2026-09-17T01:10,234.0,4.4,97.2,3.4,5.1
2026-09-17T01:20,252.0,4.4,98.5,3.0,4.6
2026-09-17T01:30,246.0,4.1,99.8,2.4,4.0
2026-09-17T01:40,255.0,3.9,99.8,2.6,3.9
2026-09-17T01:50,270.0,3.9,99.8,3.6,5.1
2026-09-17T02:00,256.0,3.9,99.8,2.7,4.3
2026-09-17T02:10,248.0,4.0,99.8,2.5,4.9
2026-09-17T02:20,250.0,4.1,99.8,2.9,4.5
2026-09-17T02:30,246.0,4.0,99.8,1.9,4.0
2026-09-17T02:40,244.0,3.9,99.8,1.5,3.1
2026-09-17T02:50,238.0,3.9,99.8,1.0,2.5
2026-09-17T03:00,250.0,3.7,99.7,2.2,4.8
2026-09-17T03:10,256.0,3.5,99.8,4.5,6.7
2026-09-17T03:20,254.0,3.2,99.8,5.4,8.1
2026-09-17T03:30,252.0,3.4,99.3,8.0,13.8
2026-09-17T03:40,228.0,3.4,99.8,5.8,11.2
2026-09-17T03:50,245.0,3.2,99.7,2.1,5.8
2026-09-17T04:00,225.0,2.8,99.7,3.1,6.2
2026-09-17T04:10,225.0,2.4,99.7,3.7,6.1
2026-09-17T04:20,244.0,2.3,99.7,4.5,7.3
2026-09-17T04:30,249.0,2.3,99.7,5.4,8.8
2026-09-17T04:40,230.0,2.6,99.7,4.7,7.6
2026-09-17T04:50,249.0,2.8,99.7,5.5,10.5
2026-09-17T05:00,242.0,2.7,99.7,5.3,10.5
2026-09-17T05:10,233.0,2.7,99.7,3.3,7.6
2026-09-17T05:20,237.0,2.5,99.7,4.2,6.9
2026-09-17T05:30,253.0,2.6,99.7,2.4,7.1
2026-09-17T05:40,252.0,2.8,99.7,0.8,3.5
2026-09-17T05:50,309.0,2.9,99.7,1.1,4.7
2026-09-17T06:00,305.0,2.9,99.7,0.8,3.3
2026-09-17T06:10,278.0,3.0,99.7,0.9,2.5
2026-09-17T06:20,298.0,3.2,99.7,0.6,2.8
2026-09-17T06:30,308.0,3.0,99.7,1.5,3.1
2026-09-17T06:40,308.0,3.0,99.7,2.5,4.9
2026-09-17T06:50,298.0,2.8,99.7,2.5,4.5
2026-09-17T07:00,297.0,2.7,99.7,2.0,4.0
2026-09-17T07:10,273.0,2.5,99.7,2.5,5.9
2026-09-17T07:20,281.0,2.3,99.7,2.0,5.2
2026-09-17T07:30,277.0,2.3,99.7,2.8,4.2
2026-09-17T07:40,275.0,2.4,99.7,2.9,5.0
2026-09-17T07:50,282.0,2.3,99.7,3.1,5.6
2026-09-17T08:00,243.0,2.2,99.7,2.2,4.2
2026-09-17T08:10,258.0,2.2,99.7,2.9,4.5
2026-09-17T08:20,241.0,2.2,99.7,2.3,4.0
2026-09-17T08:30,247.0,2.1,99.7,2.8,5.5
2026-09-17T08:40,289.0,2.0,99.7,2.1,4.3
2026-09-17T08:50,207.0,2.1,99.4,1.5,3.5
2026-09-17T09:00,248.0,2.6,96.3,1.7,4.9
2026-09-17T09:10,245.0,2.8,97.5,1.0,3.9
2026-09-17T09:20,258.0,2.9,99.6,0.4,1.6
2026-09-17T09:30,236.0,3.2,99.7,0.2,1.2
2026-09-17T09:40,214.0,3.3,99.7,0.1,0.9
2026-09-17T09:50,301.0,3.1,99.7,0.3,2.1
2026-09-17T10:00,320.0,3.2,99.7,0.1,1.6
2026-09-17T10:10,18.0,3.0,99.7,0.0,0.7
2026-09-17T10:20,30.0,2.6,99.7,0.3,1.7
2026-09-17T10:30,21.0,2.9,98.9,0.4,1.5
2026-09-17T10:40,25.0,3.9,93.3,0.1,0.8
2026-09-17T10:50,107.0,3.7,98.2,0.0,0.8
2026-09-17T11:00,171.0,3.5,99.7,0.4,1.1
2026-09-17T11:10,186.0,3.7,99.7,0.3,1.1
2026-09-17T11:20,174.0,4.1,99.7,0.2,0.9
2026-09-17T11:30,184.0,3.7,99.7,0.3,1.2
2026-09-17T11:40,142.0,3.6,99.7,0.1,1.0
2026-09-17T11:50,189.0,3.7,99.7,0.5,2.2
2026-09-17T12:00,199.0,3.5,98.9,1.7,2.6
2026-09-17T12:10,202.0,4.5,98.9,0.9,2.7
2026-09-17T12:20,215.0,4.2,99.5,0.9,3.3
2026-09-17T12:30,234.0,3.9,99.4,1.6,3.9
2026-09-17T12:40,238.0,4.3,92.1,2.2,5.2
2026-09-17T12:50,223.0,4.4,94.4,1.9,3.8
2026-09-17T13:00,210.0,4.4,94.4,1.8,3.6
2026-09-17T13:10,220.0,4.5,95.0,1.8,3.8
2026-09-17T13:20,241.0,4.5,92.7,2.0,4.3
2026-09-17T13:30,243.0,4.3,90.2,2.6,4.5
2026-09-17T13:40,239.0,3.9,90.8,2.8,5.4
2026-09-17T13:50,234.0,4.3,90.7,2.3,4.2
2026-09-17T14:00,237.0,4.4,88.9,1.8,3.9
2026-09-17T14:10,238.0,4.2,90.5,1.7,3.5
2026-09-17T14:20,214.0,4.5,97.3,1.1,3.1
2026-09-17T14:30,236.0,4.0,88.8,2.6,5.3
2026-09-17T14:40,217.0,4.0,89.0,1.9,4.9
2026-09-17T14:50,247.0,4.0,84.5,3.7,5.8
2026-09-17T15:00,245.0,4.3,72.0,3.5,7.2
2026-09-17T15:10,244.0,4.6,75.7,2.7,5.5
2026-09-17T15:20,244.0,4.5,71.9,3.9,7.0
2026-09-17T15:30,251.0,4.5,72.5,4.0,6.8
2026-09-17T15:40,231.0,5.2,78.5,2.0,6.0
2026-09-17T15:50,231.0,5.0,79.4,2.2,5.7
2026-09-17T16:00,237.0,4.9,76.7,2.3,5.3
2026-09-17T16:10,218.0,5.5,74.5,1.7,4.8
2026-09-17T16:20,224.0,5.0,74.1,2.4,4.5
2026-09-17T16:30,231.0,5.2,74.3,2.8,5.8
2026-09-17T16:40,224.0,5.1,81.6,1.8,5.0
2026-09-17T16:50,207.0,5.1,87.1,1.2,2.9
2026-09-17T17:00,220.0,5.5,85.0,1.5,3.9
2026-09-17T17:10,227.0,5.1,86.0,2.0,3.5
2026-09-17T17:20,242.0,4.5,88.8,2.4,4.6
2026-09-17T17:30,238.0,5.1,82.3,1.8,3.9
2026-09-17T17:40,229.0,4.4,86.1,2.2,3.9
2026-09-17T17:50,235.0,3.8,99.1,2.3,4.5
2026-09-17T18:00,239.0,3.8,97.1,1.9,3.5
2026-09-17T18:10,238.0,4.0,95.4,2.0,4.1
2026-09-17T18:20,233.0,3.8,97.9,2.3,3.9
2026-09-17T18:30,242.0,3.4,99.6,2.9,5.6
2026-09-17T18:40,234.0,3.4,99.7,2.3,3.9
2026-09-17T18:50,230.0,3.1,99.7,2.2,4.5
2026-09-17T19:00,227.0,3.2,99.7,1.8,4.7
2026-09-17T19:10,236.0,3.1,99.7,2.2,4.1
2026-09-17T19:20,233.0,3.1,99.7,2.8,4.8
2026-09-17T19:30,232.0,3.0,99.8,2.9,5.0
2026-09-17T19:40,213.0,2.9,99.7,1.8,3.6
2026-09-17T19:50,230.0,2.9,99.7,2.8,6.3
2026-09-17T20:00,241.0,2.9,99.7,2.6,6.2
2026-09-17T20:10,239.0,3.0,99.3,3.6,5.5
2026-09-17T20:20,251.0,2.9,99.8,2.8,5.9
2026-09-17T20:30,238.0,2.9,99.8,3.5,6.4
2026-09-17T20:40,245.0,2.9,98.9,4.8,9.1
2026-09-17T20:50,239.0,3.0,98.2,3.7,5.3
2026-09-17T21:00,244.0,3.1,93.3,4.3,7.7
2026-09-17T21:10,244.0,3.0,95.0,4.1,6.1
2026-09-17T21:20,245.0,2.7,98.7,4.4,6.8
2026-09-17T21:30,247.0,3.1,91.2,3.9,7.7
2026-09-17T21:40,249.0,2.8,99.3,4.1,6.1
2026-09-17T21:50,245.0,2.9,99.6,3.0,4.8
2026-09-17T22:00,249.0,2.7,99.7,4.2,6.8
2026-09-17T22:10,253.0,2.9,99.2,2.8,5.4
2026-09-17T22:20,235.0,2.5,99.8,3.2,5.4
2026-09-17T22:30,231.0,2.8,99.3,2.7,4.2
2026-09-17T22:40,232.0,2.5,99.7,3.6,5.7
2026-09-17T22:50,243.0,2.3,99.7,3.6,5.4
2026-09-17T23:00,245.0,2.3,99.7,3.0,5.6
2026-09-17T23:10,235.0,2.4,99.8,2.5,4.4
2026-09-17T23:20,243.0,2.3,99.7,3.4,5.3
2026-09-17T23:30,235.0,2.4,99.8,3.0,5.1
2026-09-17T23:40,241.0,2.4,99.8,3.2,5.3
2026-09-17T23:50,237.0,2.3,99.8,2.7,4.8
2026-09-18T00:00,239.0,2.4,98.6,2.9,5.6
2026-09-18T00:10,237.0,2.7,97.9,2.1,3.6
2026-09-18T00:20,235.0,2.3,99.8,2.1,4.0
2026-09-18T00:30,239.0,2.1,99.7,3.0,5.6
2026-09-18T00:40,244.0,2.0,99.7,2.7,5.0
2026-09-18T00:50,236.0,2.1,99.7,3.0,4.8
2026-09-18T01:00,252.0,2.2,99.8,3.1,5.1
2026-09-18T01:10,251.0,2.3,99.8,2.0,4.8
2026-09-18T01:20,252.0,2.2,99.7,2.2,5.0
2026-09-18T01:30,240.0,2.4,99.8,1.9,4.1
2026-09-18T01:40,239.0,2.0,99.7,2.8,4.9
2026-09-18T01:50,231.0,1.8,99.7,3.1,5.9
2026-09-18T02:00,239.0,1.9,99.8,3.1,5.4
2026-09-18T02:10,244.0,1.9,99.8,3.8,8.1
2026-09-18T02:20,252.0,1.9,99.8,3.7,7.0
2026-09-18T02:30,242.0,2.0,99.8,2.9,5.4
2026-09-18T02:40,238.0,1.7,99.8,3.9,5.3
2026-09-18T02:50,259.0,1.8,99.8,3.1,5.0
2026-09-18T03:00,254.0,1.7,99.8,2.7,4.4
2026-09-18T03:10,255.0,1.9,99.8,2.8,4.4
2026-09-18T03:20,253.0,1.9,99.8,2.6,5.9
2026-09-18T03:30,245.0,1.7,99.8,2.0,5.0
2026-09-18T03:40,249.0,1.7,99.3,2.7,5.2
2026-09-18T03:50,253.0,1.8,99.8,2.2,3.9
2026-09-18T04:00,259.0,1.6,99.8,2.2,4.5
2026-09-18T04:10,259.0,1.6,99.8,2.4,4.8
2026-09-18T04:20,253.0,1.6,99.8,1.9,5.8
2026-09-18T04:30,253.0,1.5,99.8,3.1,5.0
2026-09-18T04:40,245.0,1.4,99.8,2.1,3.8
2026-09-18T04:50,284.0,1.4,99.8,1.5,4.7
2026-09-18T05:00,225.0,1.3,99.7,1.6,3.4
2026-09-18T05:10,255.0,1.2,99.7,2.9,5.7
2026-09-18T05:20,260.0,1.1,99.8,3.0,5.4
2026-09-18T05:30,244.0,1.3,99.8,2.5,4.8
2026-09-18T05:40,223.0,1.3,99.8,2.2,3.3
2026-09-18T05:50,245.0,1.2,99.8,1.3,2.3
2026-09-18T06:00,245.0,1.3,99.8,1.2,2.6
2026-09-18T06:10,250.0,1.2,99.8,1.8,3.4
2026-09-18T06:20,240.0,1.2,99.8,1.5,3.9
2026-09-18T06:30,241.0,1.1,99.8,1.6,3.4
2026-09-18T06:40,250.0,1.0,99.8,1.1,2.4
2026-09-18T06:50,239.0,1.1,99.8,1.5,2.7
2026-09-18T07:00,248.0,1.3,98.1,2.7,4.5
2026-09-18T07:10,245.0,2.0,86.9,2.9,4.4
2026-09-18T07:20,250.0,2.2,82.3,2.9,4.8
2026-09-18T07:30,248.0,2.7,75.3,1.9,4.0
2026-09-18T07:40,210.0,2.2,87.9,1.4,2.8
2026-09-18T07:50,199.0,2.2,89.5,1.6,2.3
2026-09-18T08:00,225.0,2.1,89.9,2.0,2.9
2026-09-18T08:10,235.0,2.5,82.0,2.1,3.4
2026-09-18T08:20,255.0,2.6,77.5,3.7,5.8
2026-09-18T08:30,251.0,2.9,73.3,3.4,5.9
2026-09-18T08:40,255.0,3.0,77.9,4.3,6.8
2026-09-18T08:50,254.0,3.4,80.2,4.0,7.0
2026-09-18T09:00,264.0,3.3,83.8,2.4,5.9
2026-09-18T09:10,263.0,3.3,84.3,2.9,5.2
2026-09-18T09:20,256.0,3.4,85.4,2.4,5.3
2026-09-18T09:30,213.0,3.4,87.4,1.6,3.3
2026-09-18T09:40,211.0,3.3,89.2,1.8,3.5
2026-09-18T09:50,187.0,3.1,93.5,2.0,3.0
2026-09-18T10:00,188.0,2.9,95.7,2.0,3.5
2026-09-18T10:10,212.0,2.9,96.9,2.4,3.7
2026-09-18T10:20,217.0,3.1,94.6,2.8,4.1
2026-09-18T10:30,211.0,3.2,91.9,2.7,3.8
2026-09-18T10:40,197.0,2.7,92.5,3.1,4.3
2026-09-18T10:50,208.0,3.0,88.9,3.5,4.8
2026-09-18T11:00,208.0,3.1,87.3,4.5,5.2
2026-09-18T11:10,210.0,3.1,88.1,4.2,5.9
2026-09-18T11:20,209.0,3.3,89.8,4.2,5.3
2026-09-18T11:30,214.0,3.4,92.3,4.0,5.4
2026-09-18T11:40,211.0,3.7,92.9,2.9,4.0
2026-09-18T11:50,199.0,3.6,95.0,3.1,4.9
2026-09-18T12:00,201.0,3.8,93.5,3.1,4.8
2026-09-18T12:10,211.0,4.3,87.5,2.6,4.9
2026-09-18T12:20,196.0,4.0,94.6,2.6,4.2
2026-09-18T12:30,198.0,3.5,97.7,2.4,4.2
2026-09-18T12:40,197.0,3.5,99.7,2.1,3.7
2026-09-18T12:50,203.0,3.7,98.6,1.7,3.0
2026-09-18T13:00,207.0,3.3,99.7,2.6,4.2
2026-09-18T13:10,196.0,3.2,99.7,2.6,4.9
2026-09-18T13:20,207.0,3.1,99.7,2.3,5.5
2026-09-18T13:30,203.0,3.2,99.7,2.2,4.4
2026-09-18T13:40,214.0,2.9,99.7,3.5,5.5
2026-09-18T13:50,214.0,3.0,99.7,3.3,6.1
2026-09-18T14:00,209.0,3.1,99.7,2.5,4.2
2026-09-18T14:10,202.0,3.1,99.7,3.6,4.6
2026-09-18T14:20,212.0,3.0,99.7,2.8,4.3
2026-09-18T14:30,212.0,3.0,99.7,2.9,6.2
2026-09-18T14:40,203.0,2.8,99.7,4.2,5.6
2026-09-18T14:50,212.0,2.6,99.7,4.1,5.6
2026-09-18T15:00,214.0,2.7,99.7,4.2,5.3
2026-09-18T15:10,210.0,2.8,99.7,3.8,6.1
2026-09-18T15:20,208.0,2.5,99.7,4.1,5.4
2026-09-18T15:30,214.0,2.2,99.7,3.9,5.5
2026-09-18T15:40,220.0,2.3,99.7,3.9,5.2
2026-09-18T15:50,232.0,2.3,99.7,2.9,4.7
2026-09-18T16:00,225.0,2.0,99.7,3.4,5.2
2026-09-18T16:10,206.0,2.1,99.7,3.9,6.6
2026-09-18T16:20,215.0,2.2,99.7,3.8,7.8
2026-09-18T16:30,219.0,2.2,99.7,6.1,7.4
2026-09-18T16:40,224.0,2.2,99.7,4.9,6.7
2026-09-18T16:50,225.0,2.4,99.7,3.2,5.1
2026-09-18T17:00,220.0,2.4,99.7,2.0,5.0
2026-09-18T17:10,233.0,2.6,99.7,1.8,4.8
2026-09-18T17:20,242.0,2.6,99.7,3.1,6.4
2026-09-18T17:30,250.0,2.5,99.7,3.2,5.9
2026-09-18T17:40,250.0,2.2,99.7,5.1,7.9
2026-09-18T17:50,268.0,2.1,99.7,5.1,7.3
2026-09-18T18:00,242.0,2.0,99.7,4.1,6.4
2026-09-18T18:10,258.0,1.8,99.7,3.5,6.2
2026-09-18T18:20,225.0,2.3,99.7,0.8,3.4
2026-09-18T18:30,228.0,2.2,99.7,1.0,2.2
2026-09-18T18:40,261.0,2.0,99.7,1.6,6.0
2026-09-18T18:50,252.0,2.3,99.7,3.0,6.1
2026-09-18T19:00,256.0,2.2,99.7,2.5,5.5
2026-09-18T19:10,251.0,2.2,99.7,2.4,5.9
2026-09-18T19:20,252.0,2.4,99.7,0.7,3.3
2026-09-18T19:30,230.0,2.3,99.7,0.7,1.9
2026-09-18T19:40,226.0,2.3,99.7,1.1,2.5
2026-09-18T19:50,222.0,2.5,99.8,2.5,3.0
2026-09-18T20:00,214.0,2.5,99.8,2.7,3.7
2026-09-18T20:10,220.0,2.6,99.7,3.7,4.3
2026-09-18T20:20,221.0,2.6,99.7,3.2,4.3
2026-09-18T20:30,227.0,2.6,99.7,2.6,3.8
2026-09-18T20:40,221.0,2.6,99.7,2.1,3.1
2026-09-18T20:50,207.0,2.5,99.7,1.8,2.8
2026-09-18T21:00,236.0,2.3,99.7,2.4,4.5
2026-09-18T21:10,266.0,2.4,99.7,3.6,5.5
2026-09-18T21:20,255.0,2.5,99.8,4.1,6.7
2026-09-18T21:30,258.0,2.5,99.8,4.6,6.4
2026-09-18T21:40,250.0,2.5,99.8,3.2,5.2
2026-09-18T21:50,250.0,2.5,99.8,2.9,4.9
2026-09-18T22:00,237.0,2.4,99.8,1.4,3.5
2026-09-18T22:10,249.0,2.3,99.8,1.9,3.2
2026-09-18T22:20,262.0,2.4,99.8,3.6,5.0
2026-09-18T22:30,256.0,2.5,99.5,4.6,5.5
2026-09-18T22:40,255.0,2.6,99.8,3.2,4.7
2026-09-18T22:50,250.0,2.7,99.7,1.4,3.4
2026-09-18T23:00,246.0,2.6,99.8,1.3,3.1
2026-09-18T23:10,220.0,2.5,99.8,0.6,1.6
2026-09-18T23:20,235.0,2.5,99.8,0.5,1.3
2026-09-18T23:30,245.0,2.4,99.8,0.8,2.2
2026-09-18T23:40,285.0,2.3,99.8,0.9,2.4
2026-09-18T23:50,325.0,2.3,99.8,0.1,0.8
2026-09-19T00:00,240.0,2.2,99.7,0.1,0.6
2026-09-19T00:10,223.0,2.2,99.7,0.1,0.7
2026-09-19T00:20,182.0,2.2,99.7,0.1,0.6
2026-09-19T00:30,185.0,2.1,99.7,0.1,0.6
2026-09-19T00:40,193.0,2.0,99.7,0.0,0.2
2026-09-19T00:50,157.0,2.2,99.7,0.0,0.7
2026-09-19T01:00,132.0,2.2,99.7,0.1,0.7
2026-09-19T01:10,190.0,2.0,99.7,0.1,0.9
2026-09-19T01:20,337.0,2.2,99.7,0.0,0.0
2026-09-19T01:30,288.0,2.1,99.7,0.0,0.4
2026-09-19T01:40,247.0,1.8,99.7,0.0,0.6
2026-09-19T01:50,312.0,1.5,99.7,0.1,0.5
2026-09-19T02:00,302.0,1.5,99.7,0.4,1.1
2026-09-19T02:10,302.0,1.6,99.7,1.3,1.9
2026-09-19T02:20,340.0,1.7,99.7,1.4,1.8
2026-09-19T02:30,334.0,1.8,99.8,0.3,1.2
2026-09-19T02:40,216.0,2.4,95.0,0.4,0.9
2026-09-19T02:50,192.0,2.5,94.1,0.2,0.8
2026-09-19T03:00,185.0,2.3,99.3,0.0,0.0
2026-09-19T03:10,153.0,2.1,99.8,0.0,0.3
2026-09-19T03:20,159.0,2.1,99.8,0.5,1.0
2026-09-19T03:30,195.0,2.3,95.1,0.5,0.8
2026-09-19T03:40,160.0,2.3,96.6,0.8,1.7
2026-09-19T03:50,184.0,2.4,95.8,1.4,2.2
2026-09-19T04:00,198.0,2.4,93.6,1.0,1.7
2026-09-19T04:10,190.0,2.3,97.4,0.9,1.2
2026-09-19T04:20,185.0,2.1,99.8,0.8,1.4
2026-09-19T04:30,185.0,2.0,99.8,1.2,1.8
2026-09-19T04:40,185.0,1.9,99.7,1.4,2.4
2026-09-19T04:50,187.0,1.7,99.7,1.4,2.2
2026-09-19T05:00,204.0,1.5,99.7,1.4,2.6
2026-09-19T05:10,221.0,1.6,99.7,1.6,2.8
2026-09-19T05:20,210.0,1.7,99.7,0.9,2.2
2026-09-19T05:30,223.0,1.5,99.7,0.9,2.3
2026-09-19T05:40,285.0,1.4,99.7,1.6,3.1
2026-09-19T05:50,293.0,1.6,99.8,1.0,2.5
2026-09-19T06:00,276.0,1.7,99.8,1.4,2.6
2026-09-19T06:10,251.0,1.7,99.8,0.8,1.8
2026-09-19T06:20,248.0,2.0,98.1,1.9,2.6
2026-09-19T06:30,234.0,2.3,92.0,2.6,3.0
2026-09-19T06:40,236.0,2.5,87.4,2.2,3.1
2026-09-19T06:50,228.0,2.4,87.9,1.9,2.7
2026-09-19T07:00,233.0,2.4,88.6,1.9,2.6
2026-09-19T07:10,221.0,2.4,89.8,1.4,2.4
2026-09-19T07:20,228.0,2.6,86.8,1.8,2.6
2026-09-19T07:30,224.0,2.7,86.2,2.1,2.5
2026-09-19T07:40,222.0,2.8,84.6,2.1,2.5
2026-09-19T07:50,223.0,2.8,85.9,1.8,2.5
2026-09-19T08:00,217.0,2.8,87.0,1.8,2.5
2026-09-19T08:10,218.0,2.8,85.4,2.3,2.8
2026-09-19T08:20,214.0,2.8,85.5,2.2,2.6
2026-09-19T08:30,210.0,2.9,87.0,1.8,2.4
2026-09-19T08:40,222.0,2.8,88.4,1.9,2.5
2026-09-19T08:50,219.0,2.9,89.0,1.9,2.6
2026-09-19T09:00,204.0,3.2,88.7,1.3,2.4
2026-09-19T09:10,197.0,3.2,88.2,1.9,2.7
2026-09-19T09:20,192.0,3.3,89.4,1.8,2.9
2026-09-19T09:30,192.0,3.3,89.1,1.8,2.8
2026-09-19T09:40,177.0,3.4,88.5,1.4,2.7
2026-09-19T09:50,179.0,3.6,88.1,1.3,2.5
2026-09-19T10:00,179.0,3.5,88.7,1.6,2.5
2026-09-19T10:10,181.0,3.8,88.7,1.2,2.2
2026-09-19T10:20,184.0,3.9,88.1,1.1,2.3
2026-09-19T10:30,187.0,3.7,87.3,1.5,2.6
2026-09-19T10:40,192.0,4.0,88.9,1.5,2.7
2026-09-19T10:50,196.0,4.3,87.4,1.0,2.8
2026-09-19T11:00,166.0,4.4,87.2,0.8,2.5
2026-09-19T11:10,167.0,4.5,86.7,0.9,2.3
2026-09-19T11:20,181.0,4.4,85.3,1.6,2.7
2026-09-19T11:30,188.0,4.4,88.8,1.4,2.8
2026-09-19T11:40,188.0,4.5,85.4,1.8,3.0
2026-09-19T11:50,189.0,4.5,86.2,2.3,3.5
2026-09-19T12:00,189.0,4.3,82.1,2.6,3.4
2026-09-19T12:10,190.0,4.5,78.9,2.7,4.0
2026-09-19T12:20,187.0,4.6,76.3,2.5,3.6
2026-09-19T12:30,186.0,4.8,76.3,2.7,4.0
2026-09-19T12:40,187.0,4.8,75.5,2.6,3.6
2026-09-19T12:50,183.0,5.1,72.3,2.6,3.8
2026-09-19T13:00,186.0,5.3,67.1,2.4,3.7
2026-09-19T13:10,179.0,5.3,64.7,2.4,3.8
2026-09-19T13:20,193.0,5.5,69.1,2.0,4.1
2026-09-19T13:30,185.0,5.9,75.6,1.2,2.9
2026-09-19T13:40,171.0,6.1,80.8,0.8,2.2
2026-09-19T13:50,187.0,5.6,80.5,1.7,3.9
2026-09-19T14:00,181.0,5.6,83.9,1.8,4.1
2026-09-19T14:10,163.0,6.2,81.7,1.2,4.1
2026-09-19T14:20,175.0,5.8,82.4,1.9,3.3
2026-09-19T14:30,168.0,6.4,82.0,0.9,2.8
2026-09-19T14:40,178.0,5.9,86.3,1.6,3.3
2026-09-19T14:50,185.0,5.8,84.2,2.1,3.1
2026-09-19T15:00,183.0,6.0,86.4,1.7,3.9
2026-09-19T15:10,190.0,5.8,92.0,1.3,3.2
2026-09-19T15:20,176.0,6.1,89.9,0.7,2.3
2026-09-19T15:30,182.0,6.0,91.5,0.8,2.4
2026-09-19T15:40,175.0,5.9,90.7,1.2,2.5
2026-09-19T15:50,177.0,6.1,92.1,0.5,1.8
2026-09-19T16:00,184.0,6.3,93.4,0.7,1.6
2026-09-19T16:10,190.0,5.8,96.0,0.7,2.5
2026-09-19T16:20,193.0,5.8,98.0,0.6,1.8
2026-09-19T16:30,164.0,6.1,94.2,0.4,1.7
2026-09-19T16:40,184.0,5.3,99.3,1.4,2.7
2026-09-19T16:50,193.0,5.0,99.7,1.0,2.3
2026-09-19T17:00,177.0,5.5,99.7,0.3,2.1
2026-09-19T17:10,205.0,5.1,99.4,0.9,2.1
2026-09-19T17:20,184.0,5.4,99.7,0.3,0.9
2026-09-19T17:30,188.0,5.2,99.7,0.4,1.2
2026-09-19T17:40,187.0,5.5,99.4,0.5,1.3
2026-09-19T17:50,199.0,5.1,99.7,0.5,1.8
2026-09-19T18:00,177.0,5.3,99.7,0.7,1.4
2026-09-19T18:10,199.0,5.2,99.7,0.5,1.9
2026-09-19T18:20,176.0,5.3,99.7,0.2,1.0
2026-09-19T18:30,170.0,5.1,99.7,0.1,1.0
2026-09-19T18:40,192.0,5.2,99.7,0.3,1.0
2026-09-19T18:50,196.0,5.4,99.7,0.5,1.3
2026-09-19T19:00,194.0,5.3,99.6,0.3,1.1
2026-09-19T19:10,228.0,5.2,98.6,0.0,1.0
2026-09-19T19:20,260.0,5.1,98.6,0.0,0.6
2026-09-19T19:30,240.0,5.0,97.8,0.0,0.7
2026-09-19T19:40,265.0,4.9,99.7,0.0,0.2
2026-09-19T19:50,307.0,4.8,98.8,0.0,0.7
2026-09-19T20:00,243.0,4.7,98.6,0.1,0.8
2026-09-19T20:10,304.0,4.4,98.4,0.1,0.6
2026-09-19T20:20,285.0,4.4,92.5,0.3,1.3
2026-09-19T20:30,321.0,4.5,88.7,2.1,3.1
2026-09-19T20:40,340.0,4.5,84.4,1.5,3.1
2026-09-19T20:50,358.0,4.4,87.3,1.0,2.3
2026-09-19T21:00,2.0,4.4,93.5,0.7,2.2
2026-09-19T21:10,9.0,4.2,97.5,0.5,2.0
2026-09-19T21:20,346.0,4.2,93.0,0.6,2.6
2026-09-19T21:30,337.0,4.1,91.1,1.5,2.4
2026-09-19T21:40,356.0,4.2,84.6,0.5,1.6
2026-09-19T21:50,341.0,4.3,77.6,0.9,2.5
2026-09-19T22:00,342.0,4.2,83.9,1.4,2.8
2026-09-19T22:10,349.0,4.2,79.3,1.2,2.3
2026-09-19T22:20,326.0,4.2,79.7,2.5,3.0
2026-09-19T22:30,325.0,4.2,80.3,2.6,3.8
2026-09-19T22:40,324.0,4.3,77.6,3.1,3.8
2026-09-19T22:50,323.0,4.3,76.4,2.6,3.2
2026-09-19T23:00,328.0,4.2,71.3,1.1,3.0
2026-09-19T23:10,343.0,4.1,65.7,1.2,2.5
2026-09-19T23:20,354.0,4.2,63.2,1.5,2.7
2026-09-19T23:30,343.0,4.1,77.6,1.5,2.9
2026-09-19T23:40,336.0,4.1,80.9,2.5,3.4
2026-09-19T23:50,327.0,4.1,82.2,3.2,3.7
2026-09-20T00:00,321.0,4.2,82.2,2.8,3.3
2026-09-20T00:10,327.0,4.2,84.0,3.6,3.9
2026-09-20T00:20,336.0,4.2,86.9,3.7,4.3
2026-09-20T00:30,338.0,4.3,86.5,4.0,4.4
2026-09-20T00:40,348.0,4.5,85.9,3.1,4.0
2026-09-20T00:50,354.0,4.5,86.5,2.2,3.5
2026-09-20T01:00,354.0,4.5,85.7,2.2,3.7
2026-09-20T01:10,0.0,4.5,84.6,1.6,3.5
2026-09-20T01:20,8.0,4.6,80.1,0.9,2.5
2026-09-20T01:30,0.0,4.5,82.1,1.6,3.4
2026-09-20T01:40,341.0,4.5,81.7,3.6,4.4
2026-09-20T01:50,334.0,4.4,82.7,3.9,4.6
2026-09-20T02:00,335.0,4.4,81.4,3.3,4.5
2026-09-20T02:10,333.0,4.4,81.5,3.0,4.2
2026-09-20T02:20,331.0,4.4,80.0,3.1,3.8
2026-09-20T02:30,323.0,4.6,76.5,3.6,4.2
2026-09-20T02:40,319.0,4.7,75.3,3.0,3.4
2026-09-20T02:50,315.0,4.7,74.6,3.3,3.9
2026-09-20T03:00,320.0,4.7,73.5,3.5,3.9
2026-09-20T03:10,315.0,4.6,75.7,3.5,4.0
2026-09-20T03:20,323.0,4.7,73.5,3.7,4.1
2026-09-20T03:30,327.0,4.5,73.1,3.5,3.9
2026-09-20T03:40,324.0,4.6,70.5,3.5,3.9
2026-09-20T03:50,328.0,4.5,70.7,3.5,4.1
2026-09-20T04:00,332.0,4.5,68.4,3.1,4.4
2026-09-20T04:10,330.0,4.4,66.9,2.4,4.2
2026-09-20T04:20,326.0,4.4,66.7,2.3,4.1
2026-09-20T04:30,319.0,4.5,66.4,3.4,4.4
2026-09-20T04:40,315.0,4.7,64.5,3.8,5.0
2026-09-20T04:50,321.0,4.8,58.7,4.4,5.1
2026-09-20T05:00,323.0,4.7,56.4,4.4,5.3
2026-09-20T05:10,320.0,4.7,56.0,3.3,5.2
2026-09-20T05:20,319.0,4.7,55.6,4.7,5.7
2026-09-20T05:30,314.0,4.7,53.0,4.6,5.7
2026-09-20T05:40,324.0,4.8,51.8,4.6,5.5
2026-09-20T05:50,327.0,4.8,49.3,3.5,4.7
2026-09-20T06:00,325.0,4.9,47.8,3.4,4.6
2026-09-20T06:10,322.0,5.0,46.6,3.3,4.3
2026-09-20T06:20,336.0,4.9,47.7,2.5,3.7
2026-09-20T06:30,343.0,4.9,45.5,2.5,3.8
2026-09-20T06:40,343.0,5.1,42.6,3.0,4.0
2026-09-20T06:50,334.0,5.2,40.3,3.5,4.1
2026-09-20T07:00,330.0,5.4,36.9,3.7,4.4
2026-09-20T07:10,332.0,5.6,35.8,3.7,4.8
2026-09-20T07:20,338.0,5.8,32.7,4.4,4.8
2026-09-20T07:30,339.0,5.7,32.7,3.9,4.8
2026-09-20T07:40,333.0,5.6,36.6,2.6,3.0
2026-09-20T07:50,352.0,5.7,35.1,2.4,3.0
2026-09-20T08:00,355.0,5.6,36.3,2.4,3.3
2026-09-20T08:10,11.0,6.3,30.5,2.5,3.3
2026-09-20T08:20,12.0,6.3,30.6,3.1,4.0
2026-09-20T08:30,17.0,6.5,31.0,2.8,3.2
2026-09-20T08:40,15.0,6.9,28.8,2.6,3.1
2026-09-20T08:50,19.0,7.3,27.6,2.5,2.9
2026-09-20T09:00,24.0,7.6,26.7,2.3,2.7
2026-09-20T09:10,19.0,7.8,26.7,2.4,2.8
2026-09-20T09:20,15.0,7.9,26.8,2.4,2.8
2026-09-20T09:30,23.0,7.8,27.6,2.3,2.6
2026-09-20T09:40,23.0,7.6,27.5,2.1,2.6
2026-09-20T09:50,17.0,7.5,27.3,2.0,2.4
2026-09-20T10:00,17.0,7.5,27.7,1.9,2.3
2026-09-20T10:10,21.0,7.5,28.1,1.6,2.1
2026-09-20T10:20,25.0,7.2,29.9,1.4,2.0
2026-09-20T10:30,20.0,7.4,29.6,1.1,1.5
2026-09-20T10:40,21.0,7.6,30.3,0.7,1.2
2026-09-20T10:50,356.0,8.9,28.9,0.0,0.4
2026-09-20T11:00,345.0,8.3,30.8,0.2,0.8
2026-09-20T11:10,257.0,8.5,33.0,0.1,0.7
2026-09-20T11:20,294.0,8.5,34.1,0.2,1.5
2026-09-20T11:30,39.0,9.6,34.1,0.0,0.5
2026-09-20T11:40,184.0,9.3,35.0,0.2,0.9
2026-09-20T11:50,206.0,9.4,37.2,0.0,0.7
2026-09-20T12:00,177.0,9.5,41.6,0.2,1.0
2026-09-20T12:10,117.0,9.4,45.8,0.1,1.4
2026-09-20T12:20,182.0,9.0,53.4,0.3,1.0
2026-09-20T12:30,182.0,8.5,58.9,1.1,2.2
2026-09-20T12:40,171.0,8.2,73.6,1.7,3.0
2026-09-20T12:50,173.0,8.5,70.1,1.3,3.1
2026-09-20T13:00,186.0,8.4,68.8,1.8,3.0
2026-09-20T13:10,174.0,8.4,70.0,1.5,2.9
2026-09-20T13:20,183.0,8.4,69.0,2.1,3.2
2026-09-20T13:30,182.0,8.4,70.1,2.0,2.9
2026-09-20T13:40,186.0,8.5,69.3,2.4,3.5
2026-09-20T13:50,178.0,8.6,68.2,2.1,3.1
2026-09-20T14:00,185.0,8.8,66.3,1.5,2.7
2026-09-20T14:10,194.0,9.3,63.1,1.1,2.6
2026-09-20T14:20,196.0,8.9,63.8,1.0,2.6
2026-09-20T14:30,184.0,9.4,61.6,1.0,2.4
2026-09-20T14:40,195.0,8.6,66.8,2.8,4.9
2026-09-20T14:50,188.0,8.8,67.4,2.5,4.7
2026-09-20T15:00,193.0,9.0,67.6,2.0,3.8
2026-09-20T15:10,201.0,9.0,68.7,2.5,4.4
2026-09-20T15:20,190.0,8.7,69.7,2.0,3.2
2026-09-20T15:30,194.0,8.7,70.4,2.2,3.5
2026-09-20T15:40,188.0,8.8,69.7,2.1,2.9
2026-09-20T15:50,192.0,8.6,72.5,2.0,3.2
2026-09-20T16:00,208.0,9.0,66.8,1.5,2.6
2026-09-20T16:10,196.0,9.4,66.9,1.1,2.5
2026-09-20T16:20,198.0,9.0,70.9,1.5,2.5
2026-09-20T16:30,193.0,9.3,68.9,1.1,2.5
2026-09-20T16:40,207.0,9.3,63.0,1.0,2.1
2026-09-20T16:50,200.0,8.9,72.2,1.7,4.0
2026-09-20T17:00,202.0,9.0,72.3,0.6,1.9
2026-09-20T17:10,197.0,8.7,75.3,1.2,2.5
2026-09-20T17:20,220.0,8.4,75.5,0.9,2.4
2026-09-20T17:30,242.0,8.7,70.3,0.9,2.5
2026-09-20T17:40,291.0,9.0,60.8,1.4,2.9
2026-09-20T17:50,241.0,8.7,62.0,1.6,3.3
2026-09-20T18:00,255.0,8.1,66.2,1.2,3.5
2026-09-20T18:10,288.0,7.7,70.2,3.1,5.7
2026-09-20T18:20,296.0,7.6,68.6,2.8,5.2
2026-09-20T18:30,292.0,7.6,68.5,3.5,5.6
2026-09-20T18:40,299.0,7.5,69.9,4.0,5.4
2026-09-20T18:50,310.0,7.5,71.3,4.4,5.9
2026-09-20T19:00,308.0,7.5,71.9,4.9,6.6
2026-09-20T19:10,312.0,7.6,70.4,6.4,7.6
2026-09-20T19:20,310.0,7.2,81.3,6.2,8.0
2026-09-20T19:30,308.0,7.0,87.0,5.6,7.0
2026-09-20T19:40,299.0,6.6,91.4,5.3,6.9
2026-09-20T19:50,320.0,7.0,82.1,6.2,7.5
2026-09-20T20:00,326.0,7.0,83.9,5.6,7.1
2026-09-20T20:10,314.0,6.7,91.8,6.2,7.6
2026-09-20T20:20,321.0,6.9,80.7,7.7,8.8
2026-09-20T20:30,317.0,6.9,77.3,6.1,8.7
2026-09-20T20:40,318.0,6.7,79.9,6.3,8.4
2026-09-20T20:50,312.0,6.6,81.4,6.6,9.3
2026-09-20T21:00,313.0,6.8,70.5,9.1,11.9
2026-09-20T21:10,316.0,6.9,64.2,8.0,11.1
2026-09-20T21:20,315.0,6.6,75.9,7.0,8.9
2026-09-20T21:30,319.0,6.0,89.6,6.8,9.1
2026-09-20T21:40,318.0,5.8,90.6,7.4,10.0
2026-09-20T21:50,320.0,5.7,88.3,9.0,12.5
2026-09-20T22:00,323.0,5.8,83.1,9.3,11.9
2026-09-20T22:10,320.0,5.7,83.4,8.7,10.8
2026-09-20T22:20,316.0,5.8,78.8,7.8,10.3
2026-09-20T22:30,320.0,5.7,77.6,7.4,9.7
2026-09-20T22:40,319.0,5.6,78.5,7.3,9.9
2026-09-20T22:50,322.0,5.6,77.2,6.9,8.4
2026-09-20T23:00,327.0,5.5,80.5,7.0,10.6
2026-09-20T23:10,323.0,5.4,78.4,6.5,9.4
2026-09-20T23:20,320.0,5.3,78.2,5.0,8.5
2026-09-20T23:30,321.0,5.2,76.6,5.1,7.8
2026-09-20T23:40,319.0,5.1,75.4,5.3,9.8
2026-09-20T23:50,316.0,5.2,68.5,7.5,11.0
2026-09-21T00:00,318.0,5.1,66.9,7.7,10.8
2026-09-21T00:10,321.0,5.1,65.6,8.0,11.1
2026-09-21T00:20,318.0,5.1,64.0,8.0,10.9
2026-09-21T00:30,318.0,4.9,67.8,7.3,10.4
2026-09-21T00:40,316.0,4.9,67.6,5.7,9.5
2026-09-21T00:50,314.0,4.8,68.8,4.8,8.5
2026-09-21T01:00,315.0,4.7,67.7,7.3,9.6
2026-09-21T01:10,323.0,4.6,67.7,8.2,10.1
2026-09-21T01:20,312.0,4.6,65.7,8.0,12.8
2026-09-21T01:30,317.0,4.6,64.5,8.1,12.3
2026-09-21T01:40,309.0,4.5,61.9,9.2,13.9
2026-09-21T01:50,306.0,4.3,63.1,6.3,11.7
2026-09-21T02:00,310.0,4.3,61.8,9.2,12.2
2026-09-21T02:10,304.0,4.2,63.3,9.6,12.4
2026-09-21T02:20,305.0,4.1,65.9,8.8,12.9
2026-09-21T02:30,303.0,4.0,67.0,8.2,11.4
2026-09-21T02:40,312.0,3.9,67.8,5.7,10.1
2026-09-21T02:50,305.0,3.7,68.6,6.7,12.2
2026-09-21T03:00,315.0,3.6,70.7,6.9,10.9
2026-09-21T03:10,314.0,3.4,71.8,7.4,11.1
2026-09-21T03:20,313.0,3.4,72.1,8.6,13.3
2026-09-21T03:30,313.0,3.3,72.6,8.3,13.7
2026-09-21T03:40,322.0,3.2,72.5,7.3,10.2
2026-09-21T03:50,305.0,3.2,69.9,6.3,9.5
2026-09-21T04:00,310.0,3.1,69.6,6.1,9.5
2026-09-21T04:10,302.0,3.0,69.5,5.9,7.8
2026-09-21T04:20,307.0,2.8,70.9,5.5,7.0
2026-09-21T04:30,306.0,2.7,72.3,5.7,7.4
2026-09-21T04:40,306.0,2.6,72.6,5.8,7.3
2026-09-21T04:50,303.0,2.6,71.3,6.2,8.0
2026-09-21T05:00,305.0,2.3,76.8,5.6,7.4
2026-09-21T05:10,304.0,2.2,77.8,5.8,7.2
2026-09-21T05:20,306.0,2.0,80.3,6.3,7.5
2026-09-21T05:30,308.0,1.9,81.6,6.3,7.9
2026-09-21T05:40,320.0,2.0,78.1,5.9,8.8
2026-09-21T05:50,323.0,2.2,70.6,7.4,11.6
2026-09-21T06:00,318.0,2.2,70.0,7.9,12.3
2026-09-21T06:10,312.0,2.2,70.0,9.0,12.4
2026-09-21T06:20,309.0,2.2,68.7,8.9,13.6
2026-09-21T06:30,305.0,2.2,68.9,8.0,13.4
2026-09-21T06:40,311.0,2.0,73.0,7.2,11.1
2026-09-21T06:50,298.0,2.0,71.8,7.1,13.2
2026-09-21T07:00,311.0,1.9,71.8,8.6,13.4
2026-09-21T07:10,301.0,1.9,71.6,9.1,14.8
2026-09-21T07:20,296.0,1.9,71.9,7.0,12.5
2026-09-21T07:30,305.0,2.0,70.4,8.8,13.4
2026-09-21T07:40,307.0,2.0,71.0,9.0,13.7
2026-09-21T07:50,310.0,2.2,67.7,9.8,14.7
2026-09-21T08:00,311.0,1.8,73.7,8.7,11.9
2026-09-21T08:10,310.0,1.7,76.2,7.6,11.3
2026-09-21T08:20,314.0,1.8,75.2,8.8,14.0
2026-09-21T08:30,315.0,2.0,71.6,8.3,12.7
2026-09-21T08:40,312.0,1.9,71.9,8.3,12.6
2026-09-21T08:50,311.0,2.0,71.1,8.5,12.5
2026-09-21T09:00,309.0,2.0,71.2,9.0,12.2
2026-09-21T09:10,312.0,2.0,69.6,8.5,11.5
2026-09-21T09:20,306.0,2.2,65.6,8.2,14.0
2026-09-21T09:30,303.0,2.3,64.2,8.7,11.5
2026-09-21T09:40,298.0,2.4,59.5,8.6,11.9
2026-09-21T09:50,301.0,2.5,57.8,8.2,10.7
2026-09-21T10:00,300.0,2.5,59.1,9.1,11.3
2026-09-21T10:10,306.0,2.8,53.3,8.9,11.0
2026-09-21T10:20,321.0,3.5,45.8,7.6,9.4
2026-09-21T10:30,330.0,4.3,41.1,5.6,8.8
2026-09-21T10:40,326.0,4.3,42.9,5.5,7.6
2026-09-21T10:50,323.0,4.3,40.4,6.7,9.3
2026-09-21T11:00,327.0,5.3,28.4,6.1,8.8
2026-09-21T11:10,322.0,5.2,31.0,5.2,9.1
2026-09-21T11:20,320.0,4.8,35.4,4.6,6.6
2026-09-21T11:30,307.0,4.4,38.9,4.9,7.1
2026-09-21T11:40,305.0,4.1,45.1,4.2,6.6
2026-09-21T11:50,321.0,3.6,44.3,4.5,7.6
2026-09-21T12:00,231.0,4.8,39.5,0.3,3.5
2026-09-21T12:10,190.0,5.7,41.5,1.4,2.6
2026-09-21T12:20,198.0,5.7,44.0,1.2,3.0
2026-09-21T12:30,217.0,5.3,47.4,1.3,5.1
2026-09-21T12:40,230.0,4.2,51.8,1.4,4.3
2026-09-21T12:50,262.0,3.6,58.1,3.4,6.5
2026-09-21T13:00,260.0,3.7,61.9,4.0,7.7
2026-09-21T13:10,281.0,3.5,57.0,5.8,9.5
2026-09-21T13:20,281.0,4.0,55.5,3.5,8.9
2026-09-21T13:30,306.0,3.9,55.4,2.5,8.5
2026-09-21T13:40,304.0,4.0,54.5,4.7,11.2
2026-09-21T13:50,304.0,3.9,55.2,4.5,12.3
2026-09-21T14:00,312.0,4.4,49.4,5.6,11.7
2026-09-21T14:10,317.0,4.5,43.5,6.6,14.0
2026-09-21T14:20,323.0,4.4,45.0,6.1,14.1
2026-09-21T14:30,313.0,4.9,42.2,6.7,13.2
2026-09-21T14:40,320.0,4.7,47.0,7.7,14.7
2026-09-21T14:50,319.0,4.6,43.4,7.5,13.7
2026-09-21T15:00,314.0,4.8,42.3,6.3,12.0
2026-09-21T15:10,315.0,5.0,39.5,6.9,13.4
2026-09-21T15:20,312.0,5.1,36.3,7.8,13.4
2026-09-21T15:30,318.0,4.9,37.1,6.4,11.8
2026-09-21T15:40,315.0,5.2,34.3,6.5,13.0
2026-09-21T15:50,312.0,4.7,37.6,6.6,11.8
2026-09-21T16:00,316.0,4.9,34.0,5.5,13.6
2026-09-21T16:10,320.0,4.9,31.7,8.5,14.4
2026-09-21T16:20,313.0,4.8,30.7,6.5,13.7
2026-09-21T16:30,319.0,4.8,27.8,8.0,14.5
2026-09-21T16:40,328.0,5.0,23.4,5.7,12.8
2026-09-21T16:50,307.0,4.9,22.4,6.1,14.1
2026-09-21T17:00,315.0,4.8,20.8,7.4,16.0
2026-09-21T17:10,318.0,4.8,23.8,7.9,14.4
2026-09-21T17:20,317.0,4.6,25.0,7.2,13.6
2026-09-21T17:30,319.0,4.6,20.4,6.8,16.1
2026-09-21T17:40,324.0,4.4,19.0,9.6,16.6
2026-09-21T17:50,330.0,4.2,24.3,3.8,12.0
2026-09-21T18:00,331.0,4.2,23.8,3.5,11.0
2026-09-21T18:10,318.0,4.1,28.1,4.2,9.6
2026-09-21T18:20,319.0,3.8,31.8,4.5,11.3
2026-09-21T18:30,310.0,3.4,37.6,3.7,9.1
2026-09-21T18:40,321.0,3.1,39.1,5.1,9.7
2026-09-21T18:50,307.0,3.0,38.2,5.5,10.5
2026-09-21T19:00,317.0,2.8,36.2,5.1,11.1
2026-09-21T19:10,298.0,2.2,42.2,4.9,9.8
2026-09-21T19:20,317.0,2.1,39.6,5.0,10.9
2026-09-21T19:30,318.0,2.2,34.7,7.1,12.7
2026-09-21T19:40,324.0,2.2,31.9,7.6,12.3
2026-09-21T19:50,321.0,2.0,32.7,6.1,9.6
2026-09-21T20:00,323.0,2.1,27.9,6.4,10.1
2026-09-21T20:10,319.0,2.1,26.1,6.8,9.2
2026-09-21T20:20,326.0,2.1,24.9,6.8,11.0
2026-09-21T20:30,333.0,2.3,22.4,6.8,9.9
2026-09-21T20:40,340.0,2.3,21.6,5.9,13.6
2026-09-21T20:50,337.0,2.2,21.4,5.6,10.6
2026-09-21T21:00,333.0,2.2,21.3,4.5,10.8
2026-09-21T21:10,327.0,2.1,22.4,4.5,8.5
2026-09-21T21:20,326.0,1.9,23.6,4.8,8.1
2026-09-21T21:30,334.0,1.8,22.8,4.7,7.5
2026-09-21T21:40,333.0,1.9,21.8,4.1,6.6
2026-09-21T21:50,321.0,2.0,20.6,2.9,8.1
2026-09-21T22:00,318.0,2.0,20.9,2.9,10.8
2026-09-21T22:10,324.0,1.8,22.2,1.6,4.3
2026-09-21T22:20,328.0,1.9,19.7,2.8,9.6
2026-09-21T22:30,331.0,1.9,19.3,3.9,8.4
2026-09-21T22:40,324.0,1.8,19.4,4.6,9.2
2026-09-21T22:50,325.0,1.7,18.5,6.1,10.3
2026-09-21T23:00,332.0,1.7,18.0,7.2,12.1
2026-09-21T23:10,330.0,1.5,18.8,4.9,10.7
2026-09-21T23:20,332.0,1.3,19.9,3.2,7.7
2026-09-21T23:30,331.0,1.2,19.5,4.3,8.9
2026-09-21T23:40,329.0,1.1,19.8,4.0,7.5
2026-09-21T23:50,330.0,1.1,19.0,4.9,9.8
2026-09-22T00:00,338.0,1.2,17.4,5.1,9.4
2026-09-22T00:10,336.0,1.3,16.6,6.3,9.9
2026-09-22T00:20,331.0,1.2,16.9,6.7,10.7
2026-09-22T00:30,332.0,1.0,16.8,6.5,10.0
2026-09-22T00:40,334.0,1.1,16.0,5.3,9.6
2026-09-22T00:50,326.0,0.9,17.1,5.9,8.8
2026-09-22T01:10,331.0,0.6,17.9,5.0,8.2
2026-09-22T01:20,331.0,0.7,17.3,5.0,10.0
2026-09-22T01:30,330.0,0.9,16.5,5.0,8.7
2026-09-22T01:40,330.0,0.9,16.8,3.8,8.3
2026-09-22T01:50,340.0,0.9,16.2,4.6,8.3
2026-09-22T02:00,328.0,0.8,15.8,6.9,9.1
2026-09-22T02:10,330.0,0.8,14.9,7.4,12.3
2026-09-22T02:20,330.0,1.0,12.2,8.6,12.3
2026-09-22T02:30,332.0,1.2,10.1,9.2,13.5
2026-09-22T02:40,327.0,1.1,10.5,7.4,12.6
2026-09-22T02:50,327.0,1.0,10.6,7.3,12.4
2026-09-22T03:00,325.0,0.9,10.0,8.5,13.9
2026-09-22T03:10,330.0,0.8,10.2,6.9,15.2
2026-09-22T03:20,331.0,0.9,9.3,7.0,15.8
2026-09-22T03:30,327.0,0.8,9.3,9.2,17.4
2026-09-22T03:40,326.0,0.8,8.7,8.5,17.4
2026-09-22T03:50,324.0,0.8,8.6,9.4,15.0
2026-09-22T04:00,322.0,0.3,10.6,10.7,15.2
2026-09-22T04:10,321.0,0.1,11.6,11.0,14.7
2026-09-22T04:20,315.0,0.0,11.1,11.2,15.6
2026-09-22T04:30,318.0,-0.3,13.3,10.9,13.1
2026-09-22T04:40,318.0,-0.2,12.1,10.6,14.2
2026-09-22T04:50,320.0,0.1,10.0,11.0,14.0
2026-09-22T05:00,316.0,0.2,9.5,10.8,14.6
2026-09-22T05:10,315.0,0.1,9.5,10.9,14.1
2026-09-22T05:20,314.0,-0.2,11.5,11.7,16.1
2026-09-22T05:30,312.0,-0.1,10.7,10.9,13.7
2026-09-22T05:40,322.0,0.0,9.9,10.8,13.5
2026-09-22T05:50,314.0,-0.3,11.1,11.1,14.4
2026-09-22T06:00,320.0,-0.5,11.8,11.3,13.5
2026-09-22T06:10,323.0,-0.5,12.0,10.9,13.5
2026-09-22T06:20,325.0,-0.6,12.3,9.4,12.5
2026-09-22T06:30,338.0,-0.5,12.1,5.8,11.6
2026-09-22T06:40,339.0,-0.5,12.2,5.8,10.2
2026-09-22T06:50,314.0,-0.6,12.5,3.4,7.9
2026-09-22T07:00,340.0,-0.4,11.9,4.2,8.3
2026-09-22T07:10,328.0,-0.4,12.7,5.3,9.5
2026-09-22T07:20,331.0,-0.2,11.9,5.6,9.9
2026-09-22T07:30,326.0,-0.2,12.2,5.4,10.7
2026-09-22T07:50,332.0,-0.1,12.4,4.2,9.5
2026-09-22T08:00,336.0,-0.1,12.4,4.4,9.7
2026-09-22T08:10,330.0,-0.2,13.2,4.7,10.3
2026-09-22T08:20,332.0,-0.3,13.2,5.2,9.6
2026-09-22T08:40,317.0,-0.5,14.3,6.6,10.2
2026-09-22T08:50,313.0,-0.5,14.7,5.9,8.7
2026-09-22T09:00,310.0,-0.3,14.1,6.8,10.9
2026-09-22T09:10,318.0,-0.2,14.2,6.4,11.3
2026-09-22T09:20,314.0,-0.5,15.5,6.5,9.9
2026-09-22T09:30,320.0,-0.4,15.5,5.7,10.8
2026-09-22T09:40,319.0,-0.4,15.5,6.2,9.6
2026-09-22T09:50,310.0,-0.5,16.0,5.2,9.1
2026-09-22T10:00,320.0,-0.3,16.1,5.0,8.7
2026-09-22T10:10,316.0,-0.1,16.3,4.5,9.1
2026-09-22T10:20,329.0,0.0,16.7,4.8,9.4
2026-09-22T10:30,310.0,0.2,17.6,4.7,8.6
2026-09-22T10:40,322.0,0.4,18.7,5.2,10.2
2026-09-22T11:00,326.0,0.6,21.0,6.1,11.4
2026-09-22T11:10,325.0,0.8,22.0,4.0,9.3
2026-09-22T11:20,323.0,0.8,22.3,6.5,12.6
2026-09-22T11:30,314.0,0.7,22.9,6.8,10.7
2026-09-22T11:40,326.0,0.7,23.6,4.9,9.9
2026-09-22T11:50,318.0,0.8,24.4,5.2,10.3
2026-09-22T12:00,324.0,0.7,24.7,6.2,10.2
2026-09-22T12:20,302.0,1.6,24.3,2.2,5.8
2026-09-22T12:30,323.0,1.3,24.0,5.1,7.7
2026-09-22T12:40,317.0,1.5,23.2,6.3,10.0
2026-09-22T12:50,340.0,1.4,23.4,4.1,8.7
2026-09-22T13:00,332.0,1.8,23.5,2.2,6.2
2026-09-22T13:10,331.0,1.8,23.0,2.6,6.0
2026-09-22T13:20,324.0,1.9,23.5,2.5,8.1
2026-09-22T13:30,316.0,2.1,22.8,4.5,8.1
2026-09-22T13:40,315.0,2.3,23.2,2.2,7.3
2026-09-22T13:50,320.0,2.2,22.8,2.8,7.0
2026-09-22T14:00,317.0,2.2,23.4,3.1,6.8
2026-09-22T14:20,316.0,2.5,22.9,2.9,9.0
2026-09-22T14:40,313.0,2.7,20.3,3.6,8.7
2026-09-22T14:50,320.0,2.6,21.0,4.5,9.8
2026-09-22T15:10,317.0,2.5,23.1,5.0,9.8
2026-09-22T15:20,319.0,2.8,22.7,3.6,7.7
2026-09-22T15:30,309.0,3.2,23.2,3.8,7.0
2026-09-22T15:40,322.0,2.5,25.0,5.8,9.2
2026-09-22T15:50,318.0,2.6,26.0,4.8,7.8
2026-09-22T16:00,316.0,2.7,26.5,4.7,7.2
2026-09-22T16:10,306.0,2.6,26.7,4.1,6.7
2026-09-22T16:20,306.0,2.5,26.5,5.2,8.9
2026-09-22T16:30,322.0,2.3,26.4,4.8,7.7
2026-09-22T16:40,309.0,2.8,26.1,4.3,7.2
2026-09-22T16:50,314.0,2.7,25.6,5.1,8.3
2026-09-22T17:10,321.0,2.3,24.8,5.7,9.3
2026-09-22T17:20,309.0,2.4,24.8,5.4,9.0
2026-09-22T17:30,314.0,2.0,25.9,5.4,9.5
2026-09-22T17:40,301.0,2.2,26.5,4.2,7.5
2026-09-22T17:50,309.0,1.7,28.6,4.9,7.4
2026-09-22T18:00,299.0,2.0,28.2,4.3,7.1
2026-09-22T18:10,297.0,1.5,29.1,2.6,5.7
2026-09-22T18:20,299.0,1.6,29.0,3.1,6.1
2026-09-22T18:40,299.0,1.4,30.1,1.2,5.5
2026-09-22T18:50,279.0,1.2,30.0,3.8,7.1
2026-09-22T19:00,288.0,0.8,30.9,3.0,6.1
2026-09-22T19:10,283.0,0.5,31.6,4.5,7.4
2026-09-22T19:20,288.0,0.2,32.2,5.5,7.3
2026-09-22T19:30,298.0,0.3,31.6,5.1,7.6
2026-09-22T19:40,296.0,0.2,32.0,5.3,7.6
2026-09-22T19:50,301.0,0.3,31.6,5.2,7.4
2026-09-22T20:00,306.0,0.4,30.9,5.9,8.4
2026-09-22T20:10,304.0,0.4,30.8,4.6,7.4
2026-09-22T20:20,291.0,0.2,31.6,1.9,4.7
2026-09-22T20:30,299.0,0.1,32.2,2.5,5.6
2026-09-22T20:40,305.0,0.2,31.2,4.0,6.3
2026-09-22T20:50,307.0,0.3,32.0,2.4,5.3
2026-09-22T21:00,311.0,0.5,30.0,3.5,6.3
2026-09-22T21:10,329.0,0.6,28.2,3.2,6.1
2026-09-22T21:30,339.0,0.3,30.2,2.5,4.7
2026-09-22T21:40,339.0,0.1,32.1,2.5,3.9
2026-09-22T21:50,339.0,0.0,31.0,3.0,4.0
2026-09-22T22:00,334.0,0.0,30.7,2.9,4.6
2026-09-22T22:10,324.0,0.1,30.4,2.6,4.4
2026-09-22T22:20,316.0,0.1,30.1,2.2,3.5
2026-09-22T22:30,292.0,0.0,30.8,2.4,3.4
2026-09-22T22:40,286.0,0.2,30.5,2.2,3.4
2026-09-22T22:50,299.0,0.3,28.1,2.9,4.3
2026-09-22T23:00,304.0,0.3,26.7,1.8,3.9
2026-09-22T23:10,318.0,0.3,28.7,1.3,2.5
2026-09-22T23:20,319.0,0.3,27.1,1.6,2.5
2026-09-22T23:30,311.0,0.3,25.0,2.3,3.2
2026-09-22T23:40,305.0,0.2,23.8,3.0,4.8
2026-09-22T23:50,307.0,0.1,21.8,3.7,4.9
2026-09-23T00:00,312.0,0.1,21.2,4.2,6.2
2026-09-23T00:10,313.0,0.0,19.5,6.1,7.8
2026-09-23T00:20,310.0,0.0,18.3,6.3,8.1
2026-09-23T00:30,315.0,-0.1,18.8,6.5,8.7
2026-09-23T00:40,308.0,-0.1,18.3,5.9,8.5
2026-09-23T00:50,304.0,-0.1,18.0,6.7,9.4
2026-09-23T01:10,302.0,-0.6,19.6,7.8,10.9
2026-09-23T01:20,304.0,-0.7,20.7,8.2,11.3
2026-09-23T01:30,307.0,-0.9,21.7,9.7,12.4
2026-09-23T01:40,308.0,-1.0,22.0,10.8,13.8
2026-09-23T01:50,307.0,-0.8,20.5,11.8,13.7
2026-09-23T02:00,310.0,-0.9,22.5,11.1,13.4
2026-09-23T02:10,305.0,-1.0,24.9,9.6,12.3
2026-09-23T02:20,306.0,-1.0,26.0,9.4,12.7
2026-09-23T02:30,303.0,-0.8,26.3,10.1,13.3
2026-09-23T02:40,304.0,-0.8,29.4,7.5,11.8
2026-09-23T02:50,303.0,-0.9,32.2,8.3,12.9
2026-09-23T03:00,302.0,-1.0,36.6,8.8,12.0
2026-09-23T03:10,304.0,-0.9,35.7,9.9,11.9
2026-09-23T03:20,305.0,-0.7,30.9,10.1,13.2
2026-09-23T03:30,307.0,-0.5,28.8,10.1,11.8
2026-09-23T03:40,306.0,-0.5,28.3,10.4,12.7
2026-09-23T03:50,308.0,-0.5,28.5,10.4,12.5
2026-09-23T04:00,309.0,-0.5,27.7,11.2,13.2
2026-09-23T04:10,307.0,-0.3,25.4,10.4,12.8
2026-09-23T04:20,313.0,-0.2,22.4,9.7,12.3
2026-09-23T04:30,309.0,-0.1,21.6,9.6,12.5
2026-09-23T04:40,315.0,0.0,19.4,9.7,12.4
2026-09-23T04:50,322.0,0.2,16.9,8.5,11.2
2026-09-23T05:00,328.0,0.5,14.0,4.8,9.4
2026-09-23T05:10,343.0,1.2,11.8,4.1,10.1
2026-09-23T05:20,334.0,1.2,12.9,3.1,9.5
2026-09-23T05:30,334.0,1.0,13.1,3.0,7.4
2026-09-23T05:40,329.0,0.8,13.0,4.3,8.8
2026-09-23T05:50,321.0,0.4,15.4,7.3,10.2
2026-09-23T06:00,322.0,0.5,15.2,7.3,10.3
2026-09-23T06:10,323.0,0.6,14.3,6.8,9.7
2026-09-23T06:20,322.0,0.6,14.0,6.9,10.0
2026-09-23T06:30,321.0,0.6,13.6,6.4,9.5
2026-09-23T06:40,327.0,0.7,12.8,4.5,8.0
2026-09-23T06:50,324.0,0.7,12.8,3.2,7.8
2026-09-23T07:00,322.0,0.8,12.3,3.0,8.1
2026-09-23T07:10,320.0,1.0,12.0,6.2,10.0
2026-09-23T07:20,317.0,1.1,10.9,9.4,11.4
2026-09-23T07:30,321.0,1.1,11.2,9.0,11.2
2026-09-23T07:40,321.0,1.4,11.8,5.5,9.5
2026-09-23T07:50,327.0,1.6,12.7,3.5,8.0
2026-09-23T08:00,351.0,2.3,11.5,2.3,5.6
2026-09-23T08:10,346.0,2.2,12.5,2.1,5.3
2026-09-23T08:30,338.0,2.1,13.6,2.4,4.5
2026-09-23T08:40,334.0,2.0,13.6,3.2,5.4
2026-09-23T09:00,330.0,2.2,13.9,3.0,5.1
2026-09-23T09:10,317.0,2.3,13.7,3.0,5.0
2026-09-23T09:30,318.0,2.8,12.6,4.2,6.0
2026-09-23T09:40,316.0,2.7,13.2,3.7,5.6
2026-09-23T09:50,323.0,2.9,13.2,3.3,5.4
2026-09-23T10:10,335.0,3.3,12.7,4.4,5.7
2026-09-23T10:20,337.0,3.4,12.0,4.7,6.2
2026-09-23T10:30,341.0,3.7,11.6,3.7,6.1
2026-09-23T10:50,333.0,3.8,12.7,4.1,5.3
2026-09-23T11:10,339.0,4.0,14.7,4.1,6.1
2026-09-23T11:30,314.0,4.4,15.0,3.5,4.3
2026-09-23T11:50,323.0,4.5,15.7,2.5,3.8
2026-09-23T12:00,335.0,5.0,15.5,1.5,3.9
2026-09-23T12:10,334.0,4.9,15.4,2.0,5.2
2026-09-23T12:20,312.0,5.2,17.2,1.9,4.4
2026-09-23T12:30,275.0,5.4,18.0,1.2,3.8
2026-09-23T12:40,294.0,4.1,16.4,3.7,5.9
2026-09-23T13:00,300.0,4.5,18.3,2.8,6.0
2026-09-23T13:10,295.0,5.7,19.5,2.0,6.4
2026-09-23T13:20,304.0,5.5,21.0,3.4,6.4
2026-09-23T13:30,298.0,5.8,22.6,2.6,6.0
2026-09-23T13:50,312.0,5.6,24.1,4.3,6.8
2026-09-23T14:10,318.0,5.5,30.1,6.4,8.3
2026-09-23T14:20,319.0,5.6,30.6,6.8,8.5
2026-09-23T14:30,320.0,5.6,30.4,7.3,10.0
2026-09-23T14:50,320.0,5.4,26.6,7.9,9.8
2026-09-23T15:10,325.0,5.2,31.6,7.7,10.5
2026-09-23T15:30,322.0,5.2,33.6,7.7,10.3
2026-09-23T15:40,324.0,5.1,34.8,7.2,10.9
2026-09-23T15:50,331.0,4.9,36.1,6.2,10.2
2026-09-23T16:00,324.0,5.1,35.6,5.7,9.1
2026-09-23T16:10,320.0,5.3,36.1,6.0,9.9
2026-09-23T16:20,323.0,5.2,36.3,6.6,10.1
2026-09-23T16:30,331.0,5.0,37.4,6.8,12.6
2026-09-23T16:40,322.0,5.1,36.4,7.4,10.3
2026-09-23T16:50,326.0,5.1,36.3,6.8,11.3
2026-09-23T17:00,327.0,5.1,36.9,6.8,11.6
2026-09-23T17:10,324.0,5.2,36.6,7.2,10.6
2026-09-23T17:20,321.0,5.3,36.8,6.7,10.3
2026-09-23T17:30,323.0,5.2,36.0,7.4,13.7
2026-09-23T17:40,329.0,5.0,36.8,8.4,12.3
2026-09-23T17:50,325.0,5.1,37.2,6.4,12.3
2026-09-23T18:00,324.0,5.1,37.8,6.5,12.6
2026-09-23T18:10,325.0,5.0,39.5,7.5,11.5
2026-09-23T18:30,323.0,4.9,40.8,6.6,12.5
2026-09-23T18:40,327.0,4.7,41.2,8.3,14.2
2026-09-23T19:00,337.0,4.3,42.1,7.0,12.0
2026-09-23T19:20,331.0,4.2,44.3,8.3,12.3
2026-09-23T19:30,331.0,4.3,45.2,6.6,11.7
2026-09-23T19:40,324.0,4.3,46.1,5.1,10.4
2026-09-23T19:50,319.0,4.2,46.2,5.6,10.2
2026-09-23T20:00,325.0,4.2,47.2,7.0,13.9
2026-09-23T20:10,326.0,4.1,48.5,7.4,12.8
2026-09-23T20:20,333.0,4.0,50.9,7.6,13.4
2026-09-23T20:30,330.0,4.0,52.7,7.6,12.5
2026-09-23T20:40,323.0,4.0,53.7,5.9,12.3
2026-09-23T20:50,319.0,4.0,54.1,5.9,10.8
2026-09-23T21:00,323.0,4.0,54.0,7.3,11.5
2026-09-23T21:10,320.0,4.0,54.3,6.6,11.0
2026-09-23T21:20,324.0,3.9,54.6,6.8,11.2
2026-09-23T21:30,318.0,3.9,55.1,7.5,15.0
2026-09-23T21:40,323.0,4.0,56.3,8.4,15.7
2026-09-23T21:50,326.0,3.8,57.5,7.1,14.4
2026-09-23T22:00,324.0,3.8,58.2,8.0,15.8
2026-09-23T22:10,325.0,3.8,59.3,8.4,13.3
2026-09-23T22:20,325.0,3.7,60.2,7.7,15.5
2026-09-23T22:30,322.0,3.7,60.9,9.6,15.7
2026-09-23T22:40,320.0,3.7,61.7,9.8,16.7
2026-09-23T22:50,321.0,3.6,62.6,9.6,15.7
2026-09-23T23:00,323.0,3.5,63.2,9.2,14.4
2026-09-23T23:10,322.0,3.5,63.2,11.5,16.6
2026-09-23T23:20,320.0,3.4,63.4,10.6,15.7
2026-09-23T23:30,323.0,3.3,63.4,8.7,12.8
2026-09-23T23:40,321.0,3.3,62.3,9.8,14.8
2026-09-23T23:50,318.0,3.3,61.4,9.4,13.8
2026-09-24T00:00,316.0,3.3,61.9,9.3,13.5
2026-09-24T00:10,318.0,3.3,60.6,9.0,10.9
2026-09-24T00:20,319.0,3.3,60.5,9.3,11.8
2026-09-24T00:30,313.0,3.0,60.1,8.3,10.7
2026-09-24T00:40,313.0,2.8,59.7,8.3,10.5
2026-09-24T00:50,313.0,2.7,60.0,7.3,10.7
2026-09-24T01:10,314.0,2.7,60.5,8.6,12.3
2026-09-24T01:20,317.0,2.7,62.2,8.9,12.5
2026-09-24T01:30,323.0,2.5,63.6,8.1,12.6
2026-09-24T01:40,314.0,2.4,63.4,9.2,12.2
2026-09-24T01:50,315.0,2.3,64.3,8.6,12.0
2026-09-24T02:00,314.0,2.2,64.3,9.1,10.9
2026-09-24T02:10,313.0,2.2,63.5,9.4,11.3
2026-09-24T02:20,312.0,2.1,63.3,8.7,10.7
2026-09-24T02:30,309.0,2.1,62.8,7.9,10.5
2026-09-24T02:40,303.0,2.0,62.2,8.4,10.0
2026-09-24T02:50,300.0,2.0,62.0,8.7,11.9
2026-09-24T03:00,298.0,2.0,61.2,7.8,11.2
2026-09-24T03:10,296.0,1.9,61.8,8.2,10.9
2026-09-24T03:20,296.0,1.9,61.3,9.8,11.2
2026-09-24T03:30,294.0,2.0,60.9,10.6,12.1
2026-09-24T03:40,300.0,1.9,60.0,11.1,13.6
2026-09-24T03:50,305.0,2.3,56.4,12.0,14.2
2026-09-24T04:00,304.0,2.1,57.6,11.4,13.3
2026-09-24T04:10,307.0,2.0,59.2,10.9,12.8
2026-09-24T04:20,309.0,2.1,57.1,11.6,14.1
2026-09-24T04:30,310.0,1.8,60.3,12.2,16.6
2026-09-24T04:40,310.0,1.7,63.8,12.9,17.4
2026-09-24T04:50,310.0,1.7,66.8,12.7,16.7
2026-09-24T05:00,314.0,1.6,68.5,11.6,16.2
2026-09-24T05:10,316.0,1.6,70.1,12.2,15.7
2026-09-24T05:20,320.0,1.6,71.6,11.7,15.9
2026-09-24T05:30,315.0,1.7,71.9,10.9,17.4
2026-09-24T05:40,317.0,1.6,73.7,10.3,15.0
2026-09-24T05:50,317.0,1.6,74.3,10.6,15.2
2026-09-24T06:00,318.0,1.7,74.5,11.0,15.5
2026-09-24T06:10,315.0,1.6,74.3,9.7,13.9
2026-09-24T06:20,318.0,1.7,74.1,11.6,14.7
2026-09-24T06:30,318.0,1.6,74.5,11.2,14.0
2026-09-24T06:40,318.0,1.6,74.9,10.8,14.9
2026-09-24T06:50,316.0,1.5,75.2,8.7,12.6
2026-09-24T07:00,307.0,1.4,74.6,7.7,12.6
2026-09-24T07:10,312.0,1.4,74.0,7.5,11.8
2026-09-24T07:20,302.0,1.4,72.5,5.7,10.2
2026-09-24T07:30,302.0,1.4,71.5,4.3,10.0
2026-09-24T07:40,307.0,1.5,70.2,5.2,9.4
2026-09-24T07:50,293.0,1.5,70.6,5.9,9.6
2026-09-24T08:00,296.0,1.6,69.6,6.7,10.2
2026-09-24T08:10,290.0,1.6,69.8,5.2,9.9
2026-09-24T08:20,290.0,1.7,69.1,5.9,11.1
2026-09-24T08:30,291.0,1.8,69.2,6.3,10.7
2026-09-24T08:50,289.0,1.7,70.1,6.2,11.1
2026-09-24T09:00,289.0,1.7,70.2,6.6,10.2
2026-09-24T09:10,294.0,1.8,69.5,6.7,11.4
2026-09-24T09:20,290.0,1.8,69.3,6.5,12.9
2026-09-24T09:30,291.0,1.9,69.1,6.7,12.0
2026-09-24T09:40,297.0,1.8,69.5,7.1,10.6
2026-09-24T09:50,294.0,1.9,68.4,5.5,10.5
2026-09-24T10:00,290.0,1.9,69.0,6.3,11.7
2026-09-24T10:10,293.0,2.0,67.9,7.0,10.8
2026-09-24T10:30,290.0,2.2,65.9,7.5,12.4
2026-09-24T10:40,291.0,2.2,65.7,6.9,11.8
2026-09-24T10:50,294.0,2.4,64.7,8.6,13.4
2026-09-24T11:00,288.0,2.5,63.3,8.4,14.9
2026-09-24T11:10,281.0,2.6,63.2,7.3,13.5
2026-09-24T11:20,275.0,2.6,63.7,8.3,15.8
2026-09-24T11:30,281.0,2.5,63.5,10.2,13.8
2026-09-24T11:40,284.0,2.7,63.1,9.1,13.7
2026-09-24T11:50,267.0,2.8,63.5,7.8,12.9
2026-09-24T12:00,282.0,3.0,62.8,7.9,13.7
2026-09-24T12:10,277.0,3.1,62.7,7.3,12.9
2026-09-24T12:30,254.0,3.3,62.6,8.7,13.3
2026-09-24T12:40,253.0,3.3,63.1,8.2,12.8
2026-09-24T12:50,253.0,3.3,61.9,9.8,13.5
2026-09-24T13:00,253.0,3.4,63.0,8.9,13.6
2026-09-24T13:10,250.0,3.5,64.0,7.6,12.1
2026-09-24T13:20,254.0,3.7,63.3,6.9,12.3
2026-09-24T13:30,263.0,3.8,63.7,6.6,12.4
2026-09-24T13:40,278.0,3.9,63.5,5.2,11.4
2026-09-24T14:00,287.0,4.0,62.5,4.0,11.8
2026-09-24T14:10,283.0,4.3,61.8,3.6,11.9
2026-09-24T14:20,277.0,4.2,61.9,3.8,9.4
2026-09-24T14:30,280.0,4.2,61.3,5.0,12.3
2026-09-24T14:40,288.0,4.4,60.8,4.7,12.4
2026-09-24T14:50,260.0,4.3,60.9,5.2,10.3
2026-09-24T15:00,276.0,4.2,62.0,5.1,9.7
2026-09-24T15:10,296.0,4.3,62.2,3.0,8.8
2026-09-24T15:20,285.0,4.4,62.1,4.1,10.6
2026-09-24T15:40,294.0,4.2,64.2,3.6,8.3
2026-09-24T15:50,300.0,3.8,64.6,6.0,13.0
2026-09-24T16:00,302.0,3.8,63.9,5.3,9.9
2026-09-24T16:10,316.0,3.9,63.1,4.3,8.7
2026-09-24T16:20,292.0,3.5,64.3,5.4,9.8
2026-09-24T16:30,316.0,3.4,65.3,5.8,9.2
2026-09-24T16:40,301.0,3.5,66.4,4.3,9.1
2026-09-24T16:50,312.0,3.2,67.0,4.5,9.5
2026-09-24T17:00,321.0,3.2,62.9,3.5,12.1
2026-09-24T17:10,316.0,3.3,53.7,5.2,18.2
2026-09-24T17:20,309.0,3.3,50.7,4.2,14.5
2026-09-24T17:30,313.0,3.0,49.0,7.5,18.2
2026-09-24T17:40,321.0,2.7,48.7,5.9,15.1
2026-09-24T17:50,318.0,2.6,47.9,6.0,18.6
2026-09-24T18:00,321.0,2.4,49.1,2.4,19.9
2026-09-24T18:10,332.0,2.3,49.5,1.6,14.3
2026-09-24T18:20,0.0,2.0,51.4,1.0,11.7
2026-09-24T18:30,322.0,1.6,52.3,4.6,17.9
2026-09-24T18:40,343.0,1.5,54.0,1.5,14.2
2026-09-24T18:50,317.0,1.1,58.0,0.9,10.9
2026-09-24T19:00,331.0,0.8,62.3,2.0,11.8
2026-09-24T19:10,289.0,0.6,63.4,1.4,12.8
2026-09-24T19:20,279.0,0.0,70.0,2.2,10.4
2026-09-24T19:30,282.0,-0.4,77.0,3.5,11.1
2026-09-24T19:40,306.0,-0.6,79.3,3.1,12.5
2026-09-24T19:50,304.0,-0.8,81.5,4.2,10.4
2026-09-24T20:00,294.0,-1.1,85.7,4.2,10.7
2026-09-24T20:10,291.0,-1.2,88.4,4.6,12.2
2026-09-24T20:20,298.0,-1.0,85.0,5.2,16.3
2026-09-24T20:30,300.0,-1.0,84.5,7.5,16.3
2026-09-24T20:40,309.0,-1.0,85.5,6.0,13.4
2026-09-24T20:50,300.0,-1.3,89.4,5.8,12.8
2026-09-24T21:00,311.0,-1.6,93.9,5.0,11.4
2026-09-24T21:10,319.0,-1.5,93.8,7.6,15.6
2026-09-24T21:30,315.0,-1.0,72.3,7.7,21.3
2026-09-24T21:40,319.0,-1.0,72.4,11.8,19.9
2026-09-24T21:50,318.0,-0.9,68.8,11.2,18.0
2026-09-24T22:00,316.0,-1.1,73.9,11.0,18.9
2026-09-24T22:10,317.0,-1.2,75.8,11.2,17.1
2026-09-24T22:20,323.0,-1.2,73.1,10.9,18.0
2026-09-24T22:30,317.0,-1.2,71.8,12.5,18.7
2026-09-24T22:40,316.0,-1.1,69.0,12.7,19.6
2026-09-24T22:50,316.0,-1.2,70.0,11.2,18.2
2026-09-24T23:00,317.0,-1.2,71.6,12.1,17.9
2026-09-24T23:10,327.0,-1.3,72.2,14.3,18.7
2026-09-24T23:20,326.0,-1.5,75.3,12.6,16.4
2026-09-24T23:30,320.0,-1.5,74.7,12.1,18.6
2026-09-24T23:40,317.0,-1.5,75.4,10.1,16.3
2026-09-24T23:50,322.0,-1.8,80.1,9.7,14.8
2026-09-25T00:00,323.0,-1.8,78.3,8.3,14.7
2026-09-25T00:10,322.0,-1.8,76.1,8.7,17.3
2026-09-25T00:20,326.0,-1.6,71.8,10.5,15.3
2026-09-25T00:30,325.0,-1.5,69.8,10.8,16.1
2026-09-25T00:40,328.0,-1.3,65.5,8.5,14.5
2026-09-25T00:50,321.0,-1.4,66.6,7.6,14.4
2026-09-25T01:10,321.0,-1.6,68.2,10.1,16.2
2026-09-25T01:20,318.0,-1.4,65.5,8.9,13.0
2026-09-25T01:30,310.0,-1.4,63.7,10.0,12.8
2026-09-25T01:40,313.0,-1.5,65.3,10.7,14.6
2026-09-25T01:50,318.0,-1.2,59.3,9.9,12.7
2026-09-25T02:00,309.0,-1.5,64.7,9.1,14.0
2026-09-25T02:10,313.0,-1.3,60.6,8.8,12.1
2026-09-25T02:20,311.0,-1.4,60.9,7.0,11.5
2026-09-25T02:30,311.0,-1.3,58.4,6.8,12.9
2026-09-25T02:40,311.0,-1.0,52.3,8.1,11.7
2026-09-25T02:50,320.0,-1.0,50.9,8.8,12.4
2026-09-25T03:00,319.0,-0.8,46.8,8.8,14.3
2026-09-25T03:10,303.0,-1.1,52.0,7.7,10.7
2026-09-25T03:20,312.0,-1.0,49.8,8.2,11.1
2026-09-25T03:30,312.0,-0.8,46.9,6.9,11.5
2026-09-25T03:40,306.0,-0.8,45.5,6.6,9.6
2026-09-25T03:50,307.0,-0.6,41.2,7.6,10.1
2026-09-25T04:00,309.0,-0.5,38.9,9.3,12.2
2026-09-25T04:10,300.0,-0.6,41.7,6.9,11.9
2026-09-25T04:20,308.0,-0.6,41.3,7.2,8.7
2026-09-25T04:30,310.0,-0.3,36.6,7.0,9.4
2026-09-25T04:40,306.0,-0.3,36.2,7.2,10.1
2026-09-25T04:50,303.0,-0.3,35.9,7.3,10.0
2026-09-25T05:00,304.0,-0.1,33.6,7.4,10.7
2026-09-25T05:10,287.0,-0.4,37.4,7.5,9.4
2026-09-25T05:20,295.0,-0.5,38.1,8.0,9.4
2026-09-25T05:30,282.0,-0.4,36.5,7.4,9.5
2026-09-25T05:40,295.0,-0.1,32.3,7.9,10.2
2026-09-25T05:50,295.0,-0.4,36.5,7.1,10.0
2026-09-25T06:00,305.0,-0.3,34.2,7.5,9.9
2026-09-25T06:10,311.0,-0.1,30.7,8.5,10.2
2026-09-25T06:20,313.0,0.0,28.4,8.0,10.7
2026-09-25T06:30,305.0,-0.2,33.6,7.7,9.5
2026-09-25T06:40,307.0,-0.8,41.3,7.0,8.7
2026-09-25T06:50,301.0,-1.0,42.9,7.0,9.0
2026-09-25T07:00,304.0,-0.9,41.0,7.6,10.3
2026-09-25T07:10,297.0,-0.9,41.7,8.3,10.3
2026-09-25T07:20,299.0,-0.8,41.7,7.3,10.2
2026-09-25T07:30,297.0,-0.7,40.2,8.1,11.8
2026-09-25T07:40,297.0,-0.7,38.0,7.4,11.7
2026-09-25T07:50,294.0,-0.6,36.2,8.6,12.3
2026-09-25T08:10,294.0,-0.5,34.9,9.5,11.6
2026-09-25T08:20,299.0,-0.4,33.0,10.4,12.2
2026-09-25T08:30,300.0,-0.4,32.4,10.2,12.3
2026-09-25T08:50,299.0,-0.4,30.5,10.3,11.6
2026-09-25T09:00,301.0,-0.3,30.7,9.9,11.8
2026-09-25T09:10,304.0,-0.4,30.3,9.3,11.1
2026-09-25T09:20,307.0,-0.2,29.3,9.5,11.4
2026-09-25T09:30,313.0,0.2,27.8,7.7,10.4
2026-09-25T09:50,313.0,0.7,26.2,7.1,10.0
2026-09-25T10:00,315.0,1.0,26.4,7.2,9.4
2026-09-25T10:10,315.0,1.2,26.3,7.6,9.6
2026-09-25T10:20,319.0,1.4,25.8,6.8,8.8
2026-09-25T10:40,323.0,1.7,27.4,6.0,8.4
2026-09-25T10:50,321.0,1.9,27.6,5.0,8.8
2026-09-25T11:00,325.0,2.3,27.2,2.3,8.5
2026-09-25T11:10,331.0,2.6,24.7,1.7,7.1
2026-09-25T11:20,344.0,3.0,23.1,1.2,8.1
2026-09-25T11:30,342.0,3.1,23.7,1.3,4.8
2026-09-25T11:40,327.0,3.2,24.3,1.4,4.5
2026-09-25T11:50,349.0,2.9,25.5,1.3,4.2
2026-09-25T12:10,336.0,3.1,25.1,1.7,5.3
2026-09-25T12:20,338.0,3.3,23.9,1.0,3.1
2026-09-25T12:30,355.0,3.0,24.0,1.6,4.5
2026-09-25T12:50,339.0,3.0,24.8,2.4,4.4
2026-09-25T13:00,335.0,3.3,25.9,2.2,4.3
2026-09-25T13:10,349.0,3.1,24.3,2.1,4.4
2026-09-25T13:20,353.0,3.6,23.9,1.3,4.8
2026-09-25T13:30,0.0,3.9,22.7,1.0,4.0
2026-09-25T13:40,9.0,3.8,21.7,1.6,6.3
2026-09-25T13:50,344.0,4.2,22.1,0.8,3.6
2026-09-25T14:00,349.0,4.4,21.9,1.0,3.4
2026-09-25T14:10,1.0,4.2,22.5,0.8,4.0
2026-09-25T14:20,354.0,4.6,22.9,0.6,3.0
2026-09-25T14:30,332.0,4.7,24.1,1.4,4.4
2026-09-25T14:40,335.0,4.6,24.4,1.5,5.1
2026-09-25T14:50,331.0,5.0,24.7,1.4,4.5
2026-09-25T15:00,315.0,5.2,25.0,1.0,4.4
2026-09-25T15:10,321.0,5.2,25.3,1.7,4.7
2026-09-25T15:20,324.0,5.1,25.5,1.1,4.2
2026-09-25T15:30,327.0,5.3,25.5,1.2,4.7
2026-09-25T15:40,339.0,4.9,25.1,1.8,5.4
2026-09-25T15:50,321.0,5.3,25.8,1.3,5.6
2026-09-25T16:00,339.0,5.2,27.5,1.1,3.4
2026-09-25T16:10,323.0,5.5,27.8,1.1,5.3
2026-09-25T16:30,326.0,5.4,29.5,1.2,3.9
2026-09-25T16:40,306.0,5.0,30.4,3.4,6.8
2026-09-25T16:50,321.0,4.7,31.2,3.6,6.3
2026-09-25T17:00,319.0,4.8,31.2,3.9,6.1
2026-09-25T17:10,320.0,4.9,31.1,4.8,6.8
2026-09-25T17:30,304.0,4.8,29.1,4.2,6.5
2026-09-25T17:40,308.0,4.7,28.7,4.2,6.9
2026-09-25T17:50,303.0,4.7,28.6,3.7,7.1
2026-09-25T18:10,318.0,4.5,27.2,5.7,8.4
2026-09-25T18:20,315.0,4.3,27.7,5.3,7.5
2026-09-25T18:30,316.0,4.3,28.3,5.9,8.2
2026-09-25T18:40,311.0,4.2,28.9,6.2,9.2
2026-09-25T18:50,314.0,4.0,29.3,7.3,11.3
2026-09-25T19:00,314.0,4.0,29.4,6.9,9.9
2026-09-25T19:10,319.0,3.7,30.3,7.7,10.5
2026-09-25T19:20,322.0,3.7,29.7,7.3,9.0
2026-09-25T19:30,324.0,3.8,28.1,8.0,9.7
2026-09-25T19:40,327.0,3.7,28.0,8.1,9.4
2026-09-25T19:50,324.0,3.7,27.8,8.0,9.8
2026-09-25T20:00,323.0,3.8,27.9,8.7,10.6
2026-09-25T20:10,326.0,3.7,28.3,8.6,9.6
2026-09-25T20:20,325.0,3.8,28.4,8.8,10.2
2026-09-25T20:30,323.0,3.7,29.3,7.9,9.2
2026-09-25T20:40,328.0,3.7,28.7,8.2,9.9
2026-09-25T20:50,330.0,3.6,28.0,7.7,9.3
2026-09-25T21:00,330.0,3.6,27.8,7.9,10.2
2026-09-25T21:10,332.0,3.7,26.8,6.6,9.5
2026-09-25T21:20,335.0,3.6,27.3,6.0,8.9
2026-09-25T21:30,338.0,3.5,28.8,5.8,9.3
2026-09-25T21:40,338.0,3.6,27.0,4.6,8.7
2026-09-25T21:50,336.0,3.7,24.2,4.8,9.7
2026-09-25T22:00,331.0,3.7,24.4,5.9,10.1
2026-09-25T22:10,337.0,3.6,24.9,5.5,10.8
2026-09-25T22:20,331.0,3.6,24.6,5.4,9.5
2026-09-25T22:30,330.0,3.5,26.1,6.4,11.7
2026-09-25T22:40,338.0,3.4,26.0,5.0,9.7
2026-09-25T22:50,340.0,3.3,27.9,4.2,7.6
2026-09-25T23:00,340.0,3.2,27.4,4.5,9.4
2026-09-25T23:10,333.0,3.2,27.7,4.3,8.0
2026-09-25T23:20,333.0,3.1,28.1,4.5,8.0
2026-09-25T23:30,336.0,3.1,26.7,4.3,7.8
2026-09-25T23:40,353.0,3.2,26.4,3.2,6.7
2026-09-25T23:50,344.0,3.2,26.7,3.5,8.2
2026-09-26T00:00,355.0,3.1,27.5,2.5,7.5
2026-09-26T00:10,4.0,3.0,28.4,2.2,5.6
2026-09-26T00:20,339.0,3.0,28.4,4.0,6.0
2026-09-26T00:30,333.0,3.4,24.9,6.1,8.5
2026-09-26T00:40,343.0,4.2,19.0,5.5,8.7
2026-09-26T00:50,335.0,4.1,19.5,5.8,7.8
2026-09-26T01:10,345.0,4.2,16.5,3.7,6.8
2026-09-26T01:30,350.0,4.6,12.8,3.1,7.4
2026-09-26T01:40,345.0,4.5,13.2,4.2,7.2
2026-09-26T01:50,344.0,4.4,14.0,3.7,8.6
2026-09-26T02:00,344.0,4.3,13.9,3.5,6.3
2026-09-26T02:10,335.0,4.2,14.2,3.4,6.9
2026-09-26T02:20,336.0,4.0,15.2,3.7,7.0
2026-09-26T02:30,331.0,4.1,14.5,4.8,7.4
2026-09-26T02:40,348.0,4.6,10.9,4.2,7.3
2026-09-26T02:50,353.0,4.8,9.8,3.4,5.9
2026-09-26T03:00,2.0,4.9,9.3,1.4,4.5
2026-09-26T03:10,351.0,5.2,9.4,1.8,5.1
2026-09-26T03:20,338.0,5.2,9.2,3.0,5.4
2026-09-26T03:30,333.0,5.2,8.6,4.5,5.9
2026-09-26T03:40,332.0,5.3,8.2,5.0,6.5
2026-09-26T03:50,327.0,5.3,8.3,5.5,6.8
2026-09-26T04:00,326.0,5.2,8.3,5.1,7.0
2026-09-26T04:10,323.0,5.0,7.8,5.3,7.9
2026-09-26T04:20,325.0,5.0,7.4,5.1,8.2
2026-09-26T04:30,327.0,5.2,7.0,5.6,7.8
2026-09-26T04:40,320.0,5.3,7.4,6.7,8.1
2026-09-26T04:50,318.0,5.4,9.0,7.1,8.3
2026-09-26T05:00,321.0,5.5,8.4,8.1,9.1
2026-09-26T05:10,328.0,5.3,7.3,5.0,9.4
2026-09-26T05:20,328.0,5.2,8.0,4.7,6.9
2026-09-26T05:30,333.0,5.4,11.6,4.3,6.9
2026-09-26T05:40,328.0,5.4,13.1,4.4,5.6
2026-09-26T05:50,326.0,5.3,12.8,4.6,5.5
2026-09-26T06:00,323.0,5.3,12.8,5.1,6.9
2026-09-26T06:10,338.0,5.3,13.3,3.9,6.5
2026-09-26T06:20,342.0,5.3,13.3,2.6,6.0
2026-09-26T06:30,344.0,5.2,13.1,2.3,4.6
2026-09-26T06:40,332.0,5.0,12.9,3.9,5.5
2026-09-26T06:50,342.0,5.3,18.1,4.3,5.6
2026-09-26T07:00,1.0,5.8,23.3,1.5,4.0
2026-09-26T07:10,13.0,5.9,24.4,1.0,3.0
2026-09-26T07:20,13.0,6.3,27.4,1.0,2.9
2026-09-26T07:30,18.0,6.1,25.0,0.9,2.3
2026-09-26T07:40,355.0,6.1,25.2,2.5,5.2
2026-09-26T07:50,12.0,6.3,27.5,1.1,3.3
2026-09-26T08:00,355.0,6.3,27.1,0.5,2.5
2026-09-26T08:10,1.0,6.3,27.2,0.8,2.6
2026-09-26T08:20,342.0,6.3,26.7,1.6,3.0
2026-09-26T08:30,337.0,6.5,28.1,1.7,3.2
2026-09-26T08:40,325.0,6.5,28.3,2.8,3.9
2026-09-26T08:50,319.0,6.7,29.2,2.7,3.5
2026-09-26T09:00,321.0,7.1,38.0,4.4,5.1
2026-09-26T09:10,339.0,7.6,42.3,3.5,5.0
2026-09-26T09:20,342.0,7.8,42.8,2.3,3.8
2026-09-26T09:30,331.0,7.8,43.7,3.2,4.7
2026-09-26T09:40,353.0,8.0,47.0,2.7,6.2
2026-09-26T09:50,3.0,8.1,46.7,1.5,4.0
2026-09-26T10:00,15.0,8.1,46.0,1.3,3.1
2026-09-26T10:10,6.0,8.0,46.5,1.7,4.6
2026-09-26T10:20,357.0,7.8,45.6,1.7,2.8
2026-09-26T10:30,1.0,7.7,45.2,1.6,3.1
2026-09-26T10:40,0.0,7.7,47.3,1.7,3.2
2026-09-26T10:50,0.0,7.6,50.0,2.3,3.6
2026-09-26T11:00,1.0,7.7,49.7,1.6,3.3
2026-09-26T11:10,9.0,7.8,45.3,1.1,2.1
2026-09-26T11:20,28.0,7.8,49.4,1.2,2.1
2026-09-26T11:30,24.0,8.1,45.2,0.9,2.4
2026-09-26T11:40,21.0,8.0,48.2,1.0,2.3
2026-09-26T11:50,18.0,8.0,50.7,1.9,4.0
2026-09-26T12:00,15.0,7.9,51.4,1.7,3.8
2026-09-26T12:20,15.0,8.4,47.0,0.8,2.1
2026-09-26T12:30,310.0,8.9,43.7,0.2,1.4
2026-09-26T12:40,333.0,9.3,42.2,0.1,1.3
2026-09-26T12:50,204.0,9.2,41.3,0.7,1.6
2026-09-26T13:00,221.0,9.6,41.5,0.4,2.0
2026-09-26T13:10,220.0,9.9,40.8,0.7,2.1
2026-09-26T13:20,265.0,9.5,43.9,0.6,1.9
2026-09-26T13:30,316.0,9.9,42.2,0.4,1.4
2026-09-26T13:40,196.0,9.9,41.1,0.2,1.1
2026-09-26T13:50,227.0,9.7,41.9,0.3,1.7
2026-09-26T14:00,300.0,9.6,43.4,0.3,1.3
2026-09-26T14:10,214.0,9.7,41.5,0.7,1.7
2026-09-26T14:20,235.0,10.0,42.1,0.7,1.8
2026-09-26T14:30,222.0,10.1,42.1,1.1,2.2
2026-09-26T14:40,212.0,9.9,42.8,0.9,1.7
2026-09-26T14:50,242.0,9.9,43.5,0.6,2.1
2026-09-26T15:00,203.0,9.8,44.5,0.7,2.7
2026-09-26T15:10,236.0,10.0,44.0,0.2,1.4
2026-09-26T15:20,184.0,9.8,44.7,0.7,1.9
2026-09-26T15:30,194.0,9.7,45.6,1.0,1.7
2026-09-26T15:40,200.0,10.0,46.1,0.4,1.6
2026-09-26T15:50,205.0,10.1,46.0,0.8,1.7
2026-09-26T16:00,238.0,10.3,46.9,0.7,1.7
2026-09-26T16:10,192.0,9.7,48.1,0.8,1.7
2026-09-26T16:40,231.0,9.9,52.7,0.7,2.3
2026-09-26T16:50,220.0,9.8,53.1,0.6,1.5
2026-09-26T17:00,239.0,9.9,52.8,0.5,1.5
2026-09-26T17:10,297.0,10.0,52.8,0.4,1.4
2026-09-26T17:20,271.0,10.0,52.8,0.3,1.3
2026-09-26T17:30,218.0,9.6,54.3,0.3,1.5
2026-09-26T17:40,294.0,9.3,55.7,0.3,1.3
2026-09-26T17:50,214.0,9.5,55.0,0.2,0.7
2026-09-26T18:00,204.0,9.4,55.2,0.2,0.9
2026-09-26T18:10,223.0,9.0,56.6,0.1,0.7
2026-09-26T18:20,238.0,9.2,56.0,0.0,0.6
2026-09-26T18:30,280.0,9.0,56.7,0.1,1.0
2026-09-26T18:40,334.0,8.6,58.7,0.2,1.0
2026-09-26T18:50,338.0,8.1,60.9,0.5,1.3
2026-09-26T19:00,352.0,7.7,62.8,0.3,1.6
2026-09-26T19:10,17.0,7.0,66.0,0.2,1.1
2026-09-26T19:20,347.0,6.9,66.6,0.2,1.5
2026-09-26T19:30,341.0,6.6,67.4,0.5,1.0
2026-09-26T19:40,327.0,6.8,67.9,0.9,2.3
2026-09-26T19:50,330.0,6.7,69.7,1.6,2.2
2026-09-26T20:00,337.0,6.5,70.9,1.4,2.0
2026-09-26T20:10,339.0,6.5,72.0,1.0,1.5
2026-09-26T20:20,335.0,6.4,72.2,0.8,1.1
2026-09-26T20:30,343.0,6.4,70.4,0.8,1.3
2026-09-26T20:40,345.0,6.4,66.8,1.0,1.5
2026-09-26T20:50,339.0,6.5,64.1,1.3,1.8
2026-09-26T21:00,335.0,6.5,63.9,1.0,1.4
2026-09-26T21:10,336.0,6.5,62.5,1.1,1.4
2026-09-26T21:20,335.0,6.4,63.2,1.4,1.9
2026-09-26T21:30,322.0,6.4,62.1,1.2,1.9
2026-09-26T21:40,315.0,6.4,61.2,1.1,2.1
2026-09-26T21:50,322.0,6.4,57.3,1.3,1.6
2026-09-26T22:00,307.0,6.4,56.4,1.2,1.8
2026-09-26T22:10,286.0,6.5,54.6,1.0,1.6
2026-09-26T22:20,307.0,6.4,57.0,0.1,0.7
2026-09-26T22:30,198.0,6.4,58.3,0.0,0.6
2026-09-26T22:40,212.0,6.4,58.8,0.5,1.0
2026-09-26T22:50,240.0,6.3,57.0,0.1,0.6
2026-09-26T23:00,260.0,6.4,54.2,0.7,1.3
2026-09-26T23:10,247.0,6.6,52.7,1.3,1.8
2026-09-26T23:20,251.0,6.6,55.5,1.2,1.9
2026-09-26T23:30,245.0,6.6,56.5,1.6,2.1
2026-09-26T23:40,252.0,6.4,58.8,1.2,2.7
2026-09-26T23:50,255.0,6.4,59.2,1.7,2.8
2026-09-27T00:00,253.0,6.5,58.9,1.7,2.6
2026-09-27T00:10,260.0,6.6,58.8,2.6,3.2
2026-09-27T00:20,260.0,6.5,59.3,2.0,3.3
2026-09-27T00:30,247.0,6.4,60.0,1.3,2.2
2026-09-27T00:40,244.0,6.3,61.2,1.4,2.1
2026-09-27T00:50,254.0,6.4,59.0,2.5,3.3
2026-09-27T01:10,244.0,6.2,57.0,2.5,3.2
2026-09-27T01:20,244.0,6.1,57.4,2.4,3.7
2026-09-27T01:30,246.0,6.2,59.1,3.1,4.5
2026-09-27T01:40,249.0,6.3,59.7,3.4,4.9
2026-09-27T01:50,246.0,6.2,58.6,2.7,4.0
2026-09-27T02:00,246.0,6.1,59.3,3.0,4.1
2026-09-27T02:10,246.0,6.2,61.8,3.7,4.9
2026-09-27T02:20,247.0,6.2,64.6,3.7,5.6
2026-09-27T02:30,250.0,6.2,65.3,3.7,5.4
2026-09-27T02:40,247.0,6.1,65.4,3.4,5.2
2026-09-27T02:50,247.0,6.2,67.1,3.8,5.4
2026-09-27T03:00,247.0,6.2,67.6,3.8,5.5
2026-09-27T03:10,246.0,6.2,66.0,3.8,5.5
2026-09-27T03:20,247.0,6.2,65.1,4.2,6.1
2026-09-27T03:30,249.0,6.2,65.4,4.4,6.0
2026-09-27T03:40,249.0,6.2,65.1,4.4,6.5
2026-09-27T03:50,245.0,6.1,64.7,4.6,6.2
2026-09-27T04:00,247.0,6.2,65.1,4.8,6.4
2026-09-27T04:10,248.0,6.2,65.7,4.8,6.7
2026-09-27T04:20,251.0,6.3,67.3,5.5,7.4
2026-09-27T04:30,254.0,6.4,67.9,5.7,8.4
2026-09-27T04:40,250.0,6.3,67.0,4.6,6.3
2026-09-27T04:50,254.0,6.4,66.6,5.4,7.3
2026-09-27T05:00,252.0,6.4,66.8,5.5,8.0
2026-09-27T05:10,251.0,6.3,66.2,5.0,8.1
2026-09-27T05:20,252.0,6.3,63.7,5.2,7.4
2026-09-27T05:30,254.0,6.2,62.2,4.7,7.6
2026-09-27T05:40,253.0,6.3,61.9,5.0,8.0
2026-09-27T05:50,254.0,6.3,60.5,5.3,7.7
2026-09-27T06:00,255.0,6.4,59.0,6.4,9.1
2026-09-27T06:10,256.0,6.4,58.1,6.8,8.3
2026-09-27T06:20,258.0,6.6,57.9,6.7,9.3
2026-09-27T06:30,264.0,6.7,59.9,5.4,9.1
2026-09-27T06:40,268.0,6.6,60.7,5.1,8.6
2026-09-27T06:50,267.0,6.7,60.1,5.0,8.6
2026-09-27T07:00,262.0,6.7,60.1,4.0,7.7
2026-09-27T07:10,259.0,6.7,60.0,4.2,7.7
2026-09-27T07:20,266.0,6.8,58.3,4.3,6.9
2026-09-27T07:30,254.0,6.8,58.4,4.4,7.4
2026-09-27T07:40,264.0,6.8,58.1,4.8,7.6
2026-09-27T07:50,260.0,6.8,58.1,4.8,7.7
2026-09-27T08:00,269.0,6.7,57.8,4.7,8.9
2026-09-27T08:10,264.0,6.6,58.4,4.9,7.4
2026-09-27T08:20,265.0,6.7,56.7,4.9,7.2
2026-09-27T08:30,270.0,6.7,56.0,4.8,7.4
2026-09-27T08:40,278.0,6.7,54.5,5.6,7.1
2026-09-27T08:50,286.0,6.7,53.5,4.7,6.5
2026-09-27T09:00,283.0,6.8,52.4,4.7,5.9
2026-09-27T09:10,280.0,6.8,52.4,4.1,5.5
2026-09-27T09:20,276.0,6.9,52.3,3.2,5.3
2026-09-27T09:30,278.0,7.0,52.0,2.7,4.8
2026-09-27T09:40,278.0,7.0,51.9,2.3,3.8
2026-09-27T09:50,285.0,7.3,50.6,1.9,4.1
2026-09-27T10:00,286.0,7.4,49.6,1.4,3.0
2026-09-27T10:10,299.0,7.6,48.3,1.5,3.5
2026-09-27T10:20,289.0,7.6,48.3,1.4,2.9
2026-09-27T10:30,274.0,7.7,49.7,1.0,2.5
2026-09-27T10:40,271.0,7.9,48.7,0.8,2.5
2026-09-27T10:50,290.0,7.8,47.9,1.1,2.5
2026-09-27T11:00,286.0,8.1,44.3,1.5,3.3
2026-09-27T11:10,290.0,8.2,42.5,1.5,3.0
2026-09-27T11:30,262.0,8.5,39.6,1.6,2.7
2026-09-27T11:40,259.0,8.8,37.8,1.4,2.6
2026-09-27T11:50,271.0,8.8,37.1,1.3,3.0
2026-09-27T12:00,266.0,8.9,36.7,1.2,2.6
2026-09-27T12:10,232.0,9.0,37.9,0.6,2.1
2026-09-27T12:20,248.0,9.1,37.3,1.2,3.1
2026-09-27T12:30,245.0,9.2,37.4,0.8,2.2
2026-09-27T12:40,215.0,9.4,43.0,0.8,1.9
2026-09-27T12:50,213.0,9.5,40.1,0.8,2.5
2026-09-27T13:00,238.0,9.7,39.7,0.9,2.1
2026-09-27T13:10,263.0,10.0,30.7,0.9,2.5
2026-09-27T13:20,220.0,10.0,31.1,0.9,2.5
2026-09-27T13:30,255.0,9.8,31.5,0.8,2.3
2026-09-27T13:40,250.0,10.0,30.6,0.8,2.0
2026-09-27T13:50,274.0,9.9,27.2,0.9,1.9
2026-09-27T14:00,263.0,10.3,30.4,0.8,1.9
2026-09-27T14:10,272.0,10.2,30.7,0.7,2.0
2026-09-27T14:20,261.0,10.2,31.5,1.0,2.5
2026-09-27T14:30,247.0,10.2,31.1,1.2,2.5
2026-09-27T14:40,222.0,10.1,32.3,1.1,2.0
2026-09-27T14:50,243.0,10.3,32.2,1.0,1.9
2026-09-27T15:00,214.0,10.1,33.4,0.9,2.0
2026-09-27T15:10,223.0,10.1,33.6,0.7,2.2
2026-09-27T15:20,227.0,10.4,33.0,0.6,1.7
2026-09-27T15:30,228.0,10.0,33.5,1.0,2.3
2026-09-27T15:40,256.0,9.8,32.8,1.1,2.1
2026-09-27T15:50,244.0,9.7,36.1,0.6,1.9
2026-09-27T16:10,204.0,9.8,38.5,0.8,1.9
2026-09-27T16:20,213.0,10.2,39.5,0.3,1.0
2026-09-27T16:30,235.0,9.9,37.5,0.7,2.0
2026-09-27T16:40,223.0,9.8,38.7,0.7,1.8
2026-09-27T16:50,251.0,10.1,39.0,0.6,1.7
2026-09-27T17:00,262.0,10.3,40.1,0.6,1.6
2026-09-27T17:10,297.0,10.3,40.7,0.4,1.3
2026-09-27T17:20,280.0,10.0,43.3,0.3,1.2
2026-09-27T17:30,296.0,9.8,45.3,0.5,1.2
2026-09-27T17:40,291.0,9.7,46.6,0.4,1.2
2026-09-27T17:50,316.0,9.6,46.0,0.3,0.9
2026-09-27T18:00,345.0,9.4,43.4,0.4,1.4
2026-09-27T18:10,354.0,8.7,43.7,0.6,1.3
2026-09-27T18:20,338.0,8.7,46.2,0.5,1.7
2026-09-27T18:30,341.0,8.4,47.0,0.9,2.0
2026-09-27T18:40,342.0,7.8,49.2,1.4,2.1
2026-09-27T18:50,354.0,7.6,51.2,1.2,3.1
2026-09-27T19:00,354.0,7.3,53.5,1.3,2.3
2026-09-27T19:10,0.0,7.0,55.6,1.2,2.5
2026-09-27T19:20,4.0,6.9,57.0,0.7,2.2
2026-09-27T19:40,21.0,7.0,58.2,0.7,2.4
2026-09-27T19:50,356.0,7.0,59.1,0.9,2.3
2026-09-27T20:00,347.0,7.1,58.3,2.3,2.6
2026-09-27T20:10,346.0,7.0,59.0,1.7,2.5
2026-09-27T20:20,340.0,7.0,58.5,1.7,2.4
2026-09-27T20:30,338.0,7.0,58.8,2.1,2.7
2026-09-27T20:40,342.0,7.1,58.1,2.9,3.2
2026-09-27T20:50,336.0,7.3,57.8,2.9,3.2
2026-09-27T21:00,342.0,7.3,57.4,3.2,3.5
2026-09-27T21:10,345.0,7.4,57.5,3.0,3.9
2026-09-27T21:20,344.0,7.6,54.5,3.2,4.4
2026-09-27T21:30,344.0,7.6,54.0,3.4,4.4
2026-09-27T21:40,340.0,7.8,53.7,3.6,4.3
2026-09-27T21:50,338.0,7.7,52.8,4.0,4.8
2026-09-27T22:00,337.0,7.7,52.3,4.1,4.5
2026-09-27T22:10,335.0,7.6,52.8,4.1,4.4
2026-09-27T22:30,325.0,7.6,52.5,3.8,4.2
2026-09-27T22:40,321.0,7.8,51.8,3.3,4.1
2026-09-27T22:50,318.0,7.9,51.1,3.4,4.0
2026-09-27T23:00,321.0,8.0,50.6,4.0,4.5
2026-09-27T23:10,320.0,8.0,50.4,4.0,4.5
2026-09-27T23:20,319.0,8.0,50.3,4.1,4.5
2026-09-27T23:30,318.0,7.9,50.1,4.0,4.5
2026-09-27T23:40,312.0,7.9,50.8,4.1,4.9
2026-09-27T23:50,311.0,7.9,51.7,4.0,5.0
2026-09-28T00:00,311.0,7.8,53.1,4.4,5.0
2026-09-28T00:10,311.0,7.8,53.2,4.4,5.2
2026-09-28T00:20,310.0,7.7,53.1,4.2,5.3
2026-09-28T00:30,309.0,7.5,53.2,3.8,4.8
2026-09-28T00:40,312.0,7.6,53.8,4.5,5.7
2026-09-28T00:50,312.0,7.8,53.3,4.6,5.4
2026-09-28T01:10,315.0,7.8,52.6,5.0,5.8
2026-09-28T01:20,309.0,7.7,53.5,4.7,5.7
2026-09-28T01:30,306.0,7.7,52.9,5.0,6.1
2026-09-28T01:40,301.0,7.6,53.0,4.8,6.5
2026-09-28T01:50,299.0,7.6,52.9,5.2,6.6
2026-09-28T02:00,301.0,7.6,52.5,5.8,7.4
2026-09-28T02:10,299.0,7.7,51.4,5.5,7.0
2026-09-28T02:20,301.0,7.7,51.0,6.5,7.3
2026-09-28T02:30,300.0,7.8,50.0,6.3,7.6
2026-09-28T02:40,304.0,7.8,48.3,6.4,7.9
2026-09-28T02:50,304.0,7.8,47.8,6.7,8.2
2026-09-28T03:00,299.0,7.8,48.6,6.9,8.1
2026-09-28T03:10,303.0,7.7,49.5,6.6,7.5
2026-09-28T03:20,301.0,7.6,50.5,6.6,7.7
2026-09-28T03:30,298.0,7.6,49.2,5.7,7.5
2026-09-28T03:40,305.0,7.9,43.0,6.4,7.9
2026-09-28T03:50,303.0,7.9,43.9,6.2,7.7
2026-09-28T04:00,303.0,7.7,45.6,5.9,7.6
2026-09-28T04:10,307.0,7.9,41.4,6.5,7.3
2026-09-28T04:20,313.0,7.9,40.2,6.3,7.2
2026-09-28T04:30,324.0,7.8,39.3,5.7,7.1
2026-09-28T04:40,336.0,7.7,39.1,4.3,5.8
2026-09-28T04:50,329.0,7.6,40.5,3.9,5.7
2026-09-28T05:00,330.0,7.5,40.2,4.0,5.8
2026-09-28T05:10,333.0,7.6,39.5,3.9,5.5
2026-09-28T05:20,331.0,7.5,39.7,3.5,4.8
2026-09-28T05:30,322.0,7.5,40.4,4.1,4.9
2026-09-28T05:40,314.0,7.6,40.0,4.4,5.5
2026-09-28T05:50,313.0,7.6,39.8,4.5,5.5
2026-09-28T06:00,314.0,7.6,40.5,5.0,6.3
2026-09-28T06:10,320.0,7.5,40.0,5.6,6.7
2026-09-28T06:20,318.0,7.5,36.6,6.1,7.1
2026-09-28T06:30,318.0,7.5,33.2,6.2,7.4
2026-09-28T06:40,315.0,7.5,29.4,6.2,7.3
2026-09-28T06:50,314.0,7.4,26.5,7.0,8.0
2026-09-28T07:00,312.0,7.3,26.9,6.0,7.4
2026-09-28T07:10,311.0,7.4,27.7,5.4,6.6
2026-09-28T07:20,311.0,7.5,27.6,5.7,6.7
2026-09-28T07:30,311.0,7.6,28.2,5.7,7.3
2026-09-28T07:40,312.0,7.7,29.1,5.4,6.7
2026-09-28T07:50,316.0,7.7,29.2,5.2,6.4
2026-09-28T08:00,317.0,8.0,28.5,5.0,5.7
2026-09-28T08:10,319.0,8.0,28.5,4.7,6.2
2026-09-28T08:20,320.0,8.1,28.5,4.8,5.7
2026-09-28T08:30,316.0,8.3,27.5,4.8,5.9
2026-09-28T08:40,314.0,8.5,26.3,5.0,6.0
2026-09-28T08:50,313.0,8.5,26.3,5.1,6.2
2026-09-28T09:10,320.0,8.7,25.9,4.2,6.2
2026-09-28T09:20,322.0,8.8,25.4,4.1,6.0
2026-09-28T09:30,323.0,8.8,24.9,4.0,6.0
2026-09-28T09:40,322.0,8.9,24.3,3.5,5.5
2026-09-28T09:50,316.0,9.1,24.5,1.6,4.3
2026-09-28T10:00,331.0,9.3,23.5,1.7,3.9
2026-09-28T10:10,333.0,9.1,22.9,2.5,4.3
2026-09-28T10:20,325.0,9.2,23.2,1.7,3.2
2026-09-28T10:30,338.0,9.4,23.5,1.3,3.1
2026-09-28T10:40,0.0,9.4,23.9,0.9,2.5
2026-09-28T10:50,12.0,9.4,25.8,0.8,2.1
2026-09-28T11:00,20.0,9.5,28.5,0.6,2.0
2026-09-28T11:10,21.0,9.3,29.9,0.9,2.3
2026-09-28T11:20,6.0,9.4,31.2,0.5,1.7
2026-09-28T11:30,31.0,9.3,34.0,0.7,2.4
2026-09-28T11:50,12.0,9.4,37.3,1.1,2.5
2026-09-28T12:00,177.0,10.2,35.3,0.1,1.3
2026-09-28T12:10,182.0,10.5,35.6,0.7,2.3
2026-09-28T12:20,55.0,10.3,38.0,0.0,1.8
2026-09-28T12:30,238.0,10.4,38.3,0.4,2.0
2026-09-28T12:40,204.0,10.9,37.2,1.1,2.6
2026-09-28T12:50,209.0,11.0,37.6,1.3,2.8
2026-09-28T13:00,189.0,10.6,37.8,0.9,2.7
2026-09-28T13:10,185.0,11.6,36.3,0.2,1.4
2026-09-28T13:20,187.0,11.6,37.6,0.3,1.1
2026-09-28T13:30,194.0,11.0,39.3,0.6,2.3
2026-09-28T13:40,193.0,11.2,38.7,0.4,1.8
2026-09-28T13:50,224.0,11.3,38.7,0.2,1.2
2026-09-28T14:00,205.0,11.6,38.7,0.2,1.0
2026-09-28T14:10,187.0,11.2,40.2,0.6,1.6
2026-09-28T14:20,182.0,11.3,40.2,0.6,1.4
2026-09-28T14:50,187.0,11.1,41.7,0.9,1.6
2026-09-28T15:00,197.0,11.2,41.4,0.7,1.6
2026-09-28T15:10,194.0,10.9,43.6,1.3,2.0
2026-09-28T15:40,204.0,11.2,44.8,1.0,2.3
2026-09-28T15:50,204.0,11.3,44.3,1.0,2.2
2026-09-28T16:00,201.0,11.2,45.0,0.8,1.8
2026-09-28T16:10,190.0,11.0,45.7,1.1,2.1
2026-09-28T16:20,192.0,10.9,46.2,0.9,2.4
2026-09-28T16:30,197.0,10.9,46.5,0.9,2.3
2026-09-28T16:40,205.0,10.9,48.0,1.1,3.0
2026-09-28T16:50,197.0,10.7,50.0,1.0,2.3
2026-09-28T17:00,189.0,10.6,51.1,1.3,2.5
2026-09-28T17:10,186.0,10.4,55.5,0.9,2.2
2026-09-28T17:20,173.0,10.2,61.0,0.9,2.5
2026-09-28T17:30,178.0,10.5,60.7,0.4,1.5
2026-09-28T17:40,188.0,10.5,60.9,0.7,1.8
2026-09-28T17:50,195.0,10.2,63.8,0.6,2.1
2026-09-28T18:00,210.0,10.2,62.9,0.7,2.4
2026-09-28T18:10,232.0,10.2,59.7,0.8,2.2
2026-09-28T18:20,250.0,10.0,57.2,0.8,2.2
2026-09-28T18:30,266.0,9.8,57.0,1.1,2.7
2026-09-28T18:40,272.0,9.6,54.6,1.7,3.7
2026-09-28T18:50,281.0,9.1,55.0,1.9,3.6
2026-09-28T19:00,284.0,8.9,54.6,1.8,3.7
2026-09-28T19:10,283.0,8.6,53.9,2.4,3.7
2026-09-28T19:20,283.0,8.4,54.0,2.5,3.4
2026-09-28T19:30,291.0,8.3,52.8,2.8,3.7
2026-09-28T19:40,304.0,8.4,51.5,3.2,3.8
2026-09-28T19:50,300.0,8.3,52.6,2.6,3.7
2026-09-28T20:00,295.0,8.1,54.1,3.0,3.7
2026-09-28T20:10,280.0,8.1,55.3,2.9,3.4
2026-09-28T20:20,283.0,7.9,59.4,2.3,3.4
2026-09-28T20:30,288.0,8.0,55.4,2.2,3.4
2026-09-28T20:40,275.0,8.0,52.1,1.9,3.0
2026-09-28T20:50,268.0,8.1,50.5,1.0,3.1
2026-09-28T21:00,283.0,8.1,50.5,1.2,3.3
2026-09-28T21:10,279.0,8.0,49.8,1.7,3.4
2026-09-28T21:20,292.0,8.0,49.9,1.8,3.7
2026-09-28T21:30,275.0,8.0,48.9,1.3,2.8
2026-09-28T21:40,273.0,7.9,48.6,1.9,2.9
2026-09-28T21:50,266.0,7.9,48.1,2.1,3.3
2026-09-28T22:00,272.0,7.9,48.8,2.3,4.2
2026-09-28T22:10,288.0,7.8,53.3,2.5,3.8
2026-09-28T22:20,286.0,7.8,53.3,2.4,3.7
2026-09-28T22:30,288.0,7.7,55.4,3.1,4.0
2026-09-28T22:40,294.0,7.6,56.1,2.2,3.5
2026-09-28T22:50,283.0,7.6,53.9,2.8,3.8
2026-09-28T23:00,289.0,7.7,54.4,2.4,3.4
2026-09-28T23:10,290.0,7.6,54.8,2.1,3.0
2026-09-28T23:20,296.0,7.5,56.5,2.2,3.2
2026-09-28T23:30,291.0,7.4,53.7,2.3,3.7
2026-09-28T23:40,287.0,7.5,55.0,3.3,3.9
2026-09-28T23:50,282.0,7.6,53.8,3.0,3.6
2026-09-29T00:00,276.0,7.6,53.2,3.6,4.1
2026-09-29T00:10,274.0,7.7,51.0,4.0,4.5
2026-09-29T00:20,273.0,7.8,51.1,4.4,4.9
2026-09-29T00:30,266.0,7.9,49.8,4.4,5.0
2026-09-29T00:40,260.0,7.8,48.2,4.6,5.2
2026-09-29T00:50,255.0,7.9,49.7,4.7,5.5
2026-09-29T01:10,253.0,7.9,47.4,4.2,5.0
2026-09-29T01:20,255.0,7.9,47.1,4.4,5.3
2026-09-29T01:30,254.0,7.9,46.5,4.3,5.5
2026-09-29T01:40,253.0,7.8,45.0,4.5,5.3
2026-09-29T01:50,254.0,7.8,47.0,4.2,4.9
2026-09-29T02:00,253.0,7.6,47.2,3.4,4.4
2026-09-29T02:10,253.0,7.3,48.4,3.3,4.0
2026-09-29T02:20,255.0,7.4,49.2,3.8,5.0
2026-09-29T02:30,249.0,7.3,54.6,3.9,5.6
2026-09-29T02:40,253.0,7.2,63.5,4.7,6.0
2026-09-29T02:50,260.0,7.7,58.7,5.3,6.0
2026-09-29T03:00,267.0,8.0,57.4,5.2,5.9
2026-09-29T03:10,267.0,8.0,57.2,5.0,6.0
2026-09-29T03:20,272.0,8.0,58.0,5.3,6.3
2026-09-29T03:30,273.0,8.0,56.6,4.4,6.4
2026-09-29T03:40,277.0,8.1,55.2,5.0,6.2
2026-09-29T04:00,276.0,8.0,56.3,5.2,6.2
2026-09-29T04:10,279.0,8.1,53.8,5.1,5.8
2026-09-29T04:20,284.0,8.1,53.1,4.9,5.6
2026-09-29T04:30,285.0,8.0,53.6,5.1,5.8
2026-09-29T04:40,293.0,7.9,52.4,4.9,5.7
2026-09-29T04:50,294.0,7.8,53.1,5.0,6.0
2026-09-29T05:00,290.0,8.0,51.8,4.6,6.1
2026-09-29T05:10,299.0,7.9,53.2,4.8,6.6
2026-09-29T05:20,300.0,7.9,52.6,4.5,5.8
2026-09-29T05:30,302.0,7.9,50.9,5.1,6.0
2026-09-29T05:40,305.0,8.0,49.8,5.0,6.2
2026-09-29T05:50,312.0,8.0,50.6,4.8,6.1
2026-09-29T06:00,313.0,7.9,50.4,4.4,5.4
2026-09-29T06:10,315.0,8.0,48.6,4.7,5.4
2026-09-29T06:20,317.0,8.1,47.1,4.8,5.3
2026-09-29T06:30,322.0,8.1,45.4,5.0,5.4
2026-09-29T06:40,330.0,7.9,43.5,3.7,4.9
2026-09-29T06:50,329.0,7.9,42.9,4.1,5.5
2026-09-29T07:00,331.0,7.8,42.6,3.3,5.6
2026-09-29T07:10,336.0,7.9,41.8,3.7,5.1
2026-09-29T07:20,338.0,8.1,41.2,3.6,5.1
2026-09-29T07:30,332.0,8.1,40.3,3.9,5.3
2026-09-29T07:40,330.0,8.2,39.4,3.8,5.3
2026-09-29T07:50,339.0,8.4,37.3,3.6,5.6
2026-09-29T08:00,339.0,8.5,35.9,3.7,5.1
2026-09-29T08:10,349.0,8.7,35.2,2.8,4.5
2026-09-29T08:20,343.0,8.8,35.4,2.8,4.3
2026-09-29T08:30,342.0,8.9,35.2,3.3,4.7
2026-09-29T08:40,343.0,8.9,35.3,3.1,4.5
2026-09-29T08:50,349.0,9.0,35.0,2.7,4.7
2026-09-29T09:00,354.0,9.2,34.1,2.2,3.9
2026-09-29T09:10,358.0,9.3,33.8,2.2,3.4
2026-09-29T09:20,346.0,9.3,34.1,2.4,3.5
2026-09-29T09:30,344.0,9.3,34.1,2.4,3.8
2026-09-29T09:40,336.0,9.4,34.3,2.4,4.0
2026-09-29T09:50,339.0,9.5,33.6,2.0,3.5
2026-09-29T10:00,338.0,9.5,33.5,2.4,3.9
2026-09-29T10:10,333.0,9.5,33.4,2.7,3.7
2026-09-29T10:20,330.0,9.6,33.2,2.3,3.4
2026-09-29T10:30,318.0,9.7,32.4,2.7,3.6
2026-09-29T10:40,315.0,9.8,32.0,2.7,3.7
2026-09-29T10:50,320.0,9.9,33.2,2.9,3.4
2026-09-29T11:00,319.0,10.0,33.7,2.1,3.3
2026-09-29T11:10,314.0,10.0,34.1,2.1,3.3
2026-09-29T11:20,305.0,10.4,33.6,2.0,2.9
2026-09-29T11:30,308.0,10.6,33.0,1.8,3.0
2026-09-29T11:40,308.0,10.5,33.2,2.0,3.3
2026-09-29T11:50,305.0,10.7,33.9,1.5,2.8
2026-09-29T12:00,299.0,11.0,35.0,1.2,2.6
2026-09-29T12:10,292.0,11.5,34.8,0.8,2.7
2026-09-29T12:20,290.0,11.4,34.6,0.7,2.5
2026-09-29T12:30,296.0,11.0,34.9,0.8,2.5
2026-09-29T12:40,298.0,11.1,35.9,0.7,2.0
2026-09-29T12:50,286.0,11.2,35.9,0.7,1.9
2026-09-29T13:00,301.0,11.3,35.4,0.7,2.0
2026-09-29T13:10,300.0,11.2,34.8,0.6,2.0
2026-09-29T13:20,276.0,11.4,37.9,0.5,2.3
2026-09-29T13:30,272.0,11.4,43.5,0.5,1.5
2026-09-29T13:40,286.0,11.5,44.7,0.5,2.0
2026-09-29T13:50,279.0,11.4,42.9,0.4,1.5
2026-09-29T14:00,266.0,11.5,46.2,0.5,1.6
2026-09-29T14:10,258.0,11.1,44.8,1.0,2.1
2026-09-29T14:20,232.0,10.9,60.2,0.8,2.3
2026-09-29T14:30,207.0,10.4,72.1,0.6,1.6
2026-09-29T14:40,188.0,9.8,80.9,1.0,2.2
2026-09-29T14:50,186.0,9.1,87.2,1.3,2.8
2026-09-29T15:00,186.0,8.3,90.5,2.2,3.6
2026-09-29T15:10,186.0,8.3,88.3,2.2,4.1
2026-09-29T15:20,193.0,8.5,83.4,1.7,3.5
2026-09-29T15:30,197.0,8.8,84.6,1.5,3.1
2026-09-29T15:40,192.0,8.2,86.6,2.1,3.4
2026-09-29T15:50,192.0,7.9,92.7,2.2,3.4
2026-09-29T16:00,184.0,8.0,90.3,1.9,2.8
2026-09-29T16:10,181.0,8.1,87.5,1.8,2.8
2026-09-29T16:20,184.0,7.9,89.5,1.9,2.8
2026-09-29T16:30,182.0,8.1,89.1,1.7,2.6
2026-09-29T16:40,190.0,8.0,87.5,1.4,2.8
2026-09-29T16:50,194.0,8.1,85.2,1.5,2.7
2026-09-29T17:00,201.0,8.5,84.6,0.9,2.0
2026-09-29T17:10,206.0,8.2,86.5,1.2,2.3
2026-09-29T17:20,210.0,8.1,88.6,1.0,2.6
2026-09-29T17:40,236.0,8.1,82.2,1.0,2.5
2026-09-29T17:50,247.0,8.1,78.4,1.0,2.5
2026-09-29T18:00,234.0,8.2,75.4,0.5,1.6
2026-09-29T18:10,246.0,8.2,73.0,0.6,2.5
2026-09-29T18:20,260.0,8.2,69.9,1.2,3.1
2026-09-29T18:30,268.0,8.5,56.2,1.5,2.7
2026-09-29T18:40,275.0,8.5,55.6,1.1,2.7
2026-09-29T18:50,268.0,7.9,62.6,1.4,2.5
2026-09-29T19:00,273.0,7.6,57.0,1.8,2.9
2026-09-29T19:10,271.0,7.6,56.7,1.4,2.7
2026-09-29T19:20,279.0,7.7,52.0,2.1,3.3
2026-09-29T19:30,276.0,7.6,49.1,2.5,4.5
2026-09-29T19:40,274.0,7.6,51.8,1.8,3.7
2026-09-29T19:50,267.0,7.3,54.6,2.1,3.4
2026-09-29T20:00,265.0,7.4,53.1,2.2,3.6
2026-09-29T20:10,274.0,7.5,52.1,1.6,3.5
2026-09-29T20:20,270.0,7.4,48.4,2.4,3.5
2026-09-29T20:30,249.0,7.4,49.6,1.6,2.7
2026-09-29T20:40,261.0,7.6,45.7,2.6,3.1
2026-09-29T20:50,263.0,7.6,45.8,2.4,2.9
2026-09-29T21:00,251.0,7.7,45.1,1.9,2.6
2026-09-29T21:10,253.0,7.7,44.6,2.3,2.7
2026-09-29T21:20,254.0,7.9,43.4,2.1,2.5
2026-09-29T21:30,258.0,7.9,43.2,2.1,2.6
2026-09-29T21:40,248.0,7.9,43.3,2.1,2.7
2026-09-29T21:50,249.0,8.0,42.7,2.3,2.8
2026-09-29T22:00,246.0,7.9,43.5,2.4,2.8
2026-09-29T22:10,238.0,7.9,43.8,2.0,2.8
2026-09-29T22:20,229.0,7.9,42.1,2.5,3.1
2026-09-29T22:30,233.0,7.8,42.3,2.2,2.7
2026-09-29T22:40,232.0,7.7,41.3,2.7,3.3
2026-09-29T22:50,238.0,7.7,41.1,3.0,3.7
2026-09-29T23:00,238.0,7.7,40.5,3.1,3.5
2026-09-29T23:10,232.0,7.8,39.9,3.1,3.5
2026-09-29T23:20,231.0,7.8,40.6,3.1,3.6
2026-09-29T23:30,238.0,7.6,42.2,3.1,3.6
2026-09-29T23:40,239.0,7.4,43.6,3.3,3.8
2026-09-29T23:50,242.0,7.3,44.0,3.5,4.2
2026-09-30T00:00,244.0,7.1,44.7,3.4,4.8
2026-09-30T00:10,244.0,7.4,40.9,4.0,4.6
2026-09-30T00:20,242.0,7.5,39.8,3.4,4.3
2026-09-30T00:30,246.0,7.5,38.9,3.4,4.1
2026-09-30T00:40,247.0,7.2,41.9,3.4,3.9
2026-09-30T00:50,246.0,7.0,44.2,3.1,3.7
2026-09-30T01:10,247.0,6.9,45.4,2.8,3.7
2026-09-30T01:20,252.0,6.6,46.8,3.3,3.9
2026-09-30T01:30,266.0,6.5,45.4,4.2,5.5
2026-09-30T01:40,274.0,6.4,46.0,3.9,5.7
2026-09-30T01:50,272.0,6.5,44.4,4.2,5.5
2026-09-30T02:00,272.0,6.4,44.4,4.2,5.8
2026-09-30T02:10,272.0,6.4,44.7,3.7,5.9
2026-09-30T02:20,276.0,6.8,40.7,4.6,5.3
2026-09-30T02:30,282.0,7.1,37.9,4.3,5.3
2026-09-30T02:40,276.0,7.1,37.2,4.2,5.0
2026-09-30T02:50,277.0,7.5,34.6,4.3,5.2
2026-09-30T03:00,282.0,7.4,35.2,4.0,5.0
2026-09-30T03:10,279.0,7.4,35.4,3.8,5.0
2026-09-30T03:20,273.0,7.5,34.6,3.7,5.4
2026-09-30T03:30,276.0,7.5,35.5,3.5,4.8
2026-09-30T03:40,274.0,7.4,35.9,3.7,5.2
2026-09-30T03:50,277.0,7.5,35.2,4.2,5.9
2026-09-30T04:00,270.0,7.5,36.6,3.6,5.2
2026-09-30T04:10,278.0,7.4,37.8,3.2,4.6
2026-09-30T04:20,284.0,7.5,39.8,3.2,4.7
2026-09-30T04:30,298.0,7.5,46.2,3.7,4.5
2026-09-30T04:40,303.0,7.5,46.3,4.0,4.8
2026-09-30T04:50,306.0,7.5,44.8,3.7,4.8
2026-09-30T05:00,312.0,7.4,46.1,4.1,5.1
2026-09-30T05:10,315.0,7.2,48.2,4.1,4.7
2026-09-30T05:20,319.0,7.3,48.9,4.2,4.9
2026-09-30T05:30,325.0,7.4,50.8,3.9,4.4
2026-09-30T05:40,327.0,7.3,52.8,3.6,4.1
2026-09-30T05:50,327.0,7.3,53.0,3.3,3.8
2026-09-30T06:00,326.0,7.4,52.2,3.3,3.8
2026-09-30T06:10,329.0,7.4,52.3,3.1,3.5
2026-09-30T06:20,333.0,7.4,52.5,2.9,3.3
2026-09-30T06:30,342.0,7.2,53.6,2.6,3.0
2026-09-30T06:40,355.0,7.1,54.1,1.7,2.7
2026-09-30T06:50,9.0,7.0,54.0,0.8,2.4
2026-09-30T07:00,16.0,7.0,55.4,0.8,2.2
2026-09-30T07:10,8.0,7.1,56.6,0.2,0.9
2026-09-30T07:20,355.0,7.3,55.7,0.2,0.8
2026-09-30T07:30,1.0,7.6,54.5,0.2,1.1
2026-09-30T07:40,5.0,7.8,53.9,0.2,1.4
2026-09-30T07:50,2.0,7.9,53.5,0.2,0.8
2026-09-30T08:00,319.0,8.1,52.8,0.1,0.9
2026-09-30T08:20,4.0,8.5,51.5,0.0,0.7
2026-09-30T08:40,19.0,8.8,48.8,0.0,0.5
2026-09-30T08:50,25.0,9.0,47.3,0.1,0.7
2026-09-30T09:00,29.0,9.3,46.5,0.2,0.7
2026-09-30T09:10,22.0,8.9,49.5,1.2,1.6
2026-09-30T09:20,28.0,9.0,51.3,0.9,1.4
2026-09-30T09:30,28.0,9.0,51.4,0.7,1.2
2026-09-30T09:40,35.0,9.3,50.5,0.3,1.5
2026-09-30T09:50,23.0,9.2,50.6,1.2,1.5
2026-09-30T10:00,23.0,9.2,50.4,1.2,1.5
2026-09-30T10:10,28.0,9.3,49.1,0.9,1.3
2026-09-30T10:20,27.0,9.3,48.3,1.0,1.1
2026-09-30T10:30,27.0,9.5,47.5,0.4,1.0
2026-09-30T10:40,29.0,9.7,46.2,0.3,1.2
2026-09-30T10:50,34.0,9.8,47.7,0.2,1.0
2026-09-30T11:00,27.0,9.6,47.9,0.5,1.1
2026-09-30T11:10,47.0,10.0,44.5,0.3,1.1
2026-09-30T11:20,12.0,10.3,45.9,0.1,0.8
2026-09-30T11:30,245.0,10.5,45.4,0.0,0.7
2026-09-30T11:40,210.0,10.8,44.0,0.1,0.7
2026-09-30T11:50,197.0,10.6,46.0,0.2,0.8
2026-09-30T12:00,14.0,11.1,45.3,0.0,0.0
2026-09-30T12:10,49.0,11.2,46.1,0.0,0.0
2026-09-30T12:20,38.0,10.6,48.9,0.0,0.5
2026-09-30T12:30,39.0,11.0,46.7,0.0,0.6
2026-09-30T12:40,25.0,11.0,47.4,0.0,0.5
2026-09-30T12:50,72.0,11.1,48.6,0.0,0.0
2026-09-30T13:00,24.0,10.7,47.4,0.1,0.7
2026-09-30T13:10,35.0,10.5,49.4,0.0,0.2
2026-09-30T13:20,15.0,11.2,45.3,0.0,0.2
2026-09-30T13:30,17.0,11.1,53.7,0.0,0.0
2026-09-30T13:40,126.0,10.8,60.3,0.0,0.4
2026-09-30T14:00,217.0,11.0,58.3,0.0,0.0
2026-09-30T14:10,202.0,9.0,74.9,0.3,1.1
2026-09-30T14:20,196.0,7.9,81.0,0.7,2.1
2026-09-30T14:30,190.0,7.0,89.3,0.7,1.8
2026-09-30T14:40,186.0,6.9,89.5,0.8,1.8
2026-09-30T14:50,181.0,5.6,96.8,1.2,2.3
2026-09-30T15:00,185.0,5.7,95.3,0.8,1.7
2026-09-30T15:10,190.0,5.7,96.5,0.7,1.5
2026-09-30T15:20,189.0,5.4,99.8,0.6,1.3
2026-09-30T15:30,181.0,5.1,99.8,0.7,1.6
2026-09-30T15:40,172.0,5.0,99.7,0.4,1.4
2026-09-30T15:50,170.0,4.9,99.8,0.5,1.5
2026-09-30T16:00,188.0,4.5,99.8,0.8,2.1
2026-09-30T16:10,162.0,4.5,99.7,0.7,1.7
2026-09-30T16:20,175.0,4.5,99.7,0.5,1.9
2026-09-30T16:30,176.0,4.6,99.7,0.4,1.6
2026-09-30T16:40,166.0,4.7,99.8,0.1,1.1
2026-09-30T16:50,170.0,4.5,99.7,0.5,1.7
2026-09-30T17:10,187.0,4.2,99.7,0.3,1.3
2026-09-30T17:20,176.0,4.4,99.7,0.1,0.8
2026-09-30T17:30,167.0,4.0,99.7,0.5,2.2
2026-09-30T17:40,142.0,3.9,99.7,0.2,0.9
2026-09-30T17:50,170.0,3.6,99.7,0.4,1.1
2026-09-30T18:00,171.0,3.5,99.7,0.3,1.5
2026-09-30T18:10,172.0,3.7,99.7,0.1,0.6
2026-09-30T18:20,174.0,3.6,99.7,0.1,0.7
2026-09-30T18:30,191.0,3.8,99.7,0.1,0.7
2026-09-30T18:40,182.0,3.9,99.7,0.1,0.9
2026-09-30T18:50,179.0,3.5,99.7,0.2,0.9
2026-09-30T19:00,185.0,3.3,99.7,0.4,1.2
2026-09-30T19:10,195.0,3.2,99.7,0.2,1.0
2026-09-30T19:20,194.0,3.2,99.7,0.3,0.9
2026-09-30T19:30,184.0,3.1,99.7,0.4,1.4
2026-09-30T19:40,178.0,2.9,99.7,0.7,1.3
2026-09-30T19:50,183.0,2.9,99.7,0.3,1.2
2026-09-30T20:00,187.0,2.7,99.7,0.4,1.0
2026-09-30T20:10,170.0,2.5,99.7,0.7,1.5
2026-09-30T20:20,173.0,2.5,99.7,0.5,1.3
2026-09-30T20:30,162.0,2.7,99.7,0.1,0.9
2026-09-30T20:40,158.0,2.5,99.7,0.3,1.6
2026-09-30T20:50,127.0,2.3,99.7,0.6,1.9
2026-09-30T21:00,149.0,2.4,99.7,0.2,0.8
2026-09-30T21:10,221.0,2.6,99.7,0.0,0.4
2026-09-30T21:20,146.0,2.6,99.7,0.0,0.6
2026-09-30T21:30,181.0,2.4,99.7,0.1,0.7
2026-09-30T21:40,161.0,2.2,99.7,0.4,1.4
2026-09-30T21:50,136.0,2.3,99.7,0.3,1.2
2026-09-30T22:00,143.0,2.3,99.7,0.2,0.9
2026-09-30T22:10,139.0,1.9,99.7,0.9,1.6
2026-09-30T22:20,122.0,2.2,99.7,0.3,1.3
2026-09-30T22:30,54.0,2.8,94.1,1.5,2.5
2026-09-30T22:40,49.0,5.1,70.1,2.4,2.8
2026-09-30T22:50,46.0,5.1,75.4,2.3,2.8
2026-09-30T23:00,81.0,3.6,94.3,0.5,1.7
2026-09-30T23:10,90.0,2.5,99.7,0.2,1.4
2026-09-30T23:30,21.0,4.8,84.9,1.6,2.1
2026-09-30T23:40,1.0,5.4,65.8,1.9,2.2
2026-09-30T23:50,6.0,5.4,66.1,1.4,1.8
2026-10-01T00:00,7.0,5.5,62.4,1.5,1.8
2026-10-01T00:10,347.0,5.5,61.5,1.3,2.3
2026-10-01T00:20,352.0,5.7,56.2,2.3,2.6
2026-10-01T00:30,353.0,5.4,65.5,1.0,2.1
2026-10-01T00:40,346.0,2.9,95.5,0.1,1.1
2026-10-01T00:50,1.0,4.3,70.8,0.9,1.6
2026-10-01T01:10,0.0,4.6,73.4,2.6,3.6
2026-10-01T01:20,358.0,4.6,73.4,2.5,3.6
2026-10-01T01:30,350.0,4.6,71.3,2.6,3.3
2026-10-01T01:40,339.0,4.8,70.7,2.9,3.3
2026-10-01T01:50,338.0,4.4,75.5,2.8,3.6
2026-10-01T02:00,252.0,2.7,97.4,0.2,2.3
2026-10-01T02:10,185.0,2.0,99.8,0.2,1.0
2026-10-01T02:20,189.0,1.7,99.7,0.8,1.4
2026-10-01T02:30,223.0,1.4,99.7,0.7,1.6
2026-10-01T02:40,227.0,1.3,99.7,0.3,1.3
2026-10-01T02:50,120.0,1.3,99.7,0.0,0.7
2026-10-01T03:00,191.0,1.4,99.7,0.1,1.0
2026-10-01T03:10,325.0,1.3,99.7,0.4,2.6
2026-10-01T03:20,303.0,1.3,99.7,0.1,2.1
2026-10-01T03:30,349.0,1.3,99.7,0.4,1.9
2026-10-01T03:40,12.0,1.4,98.2,0.6,2.0
2026-10-01T03:50,1.0,1.8,88.8,1.2,2.1
2026-10-01T04:00,340.0,1.7,88.7,1.0,2.0
2026-10-01T04:10,344.0,1.6,90.5,1.5,4.8
2026-10-01T04:20,6.0,3.0,67.9,4.3,6.1
2026-10-01T04:30,5.0,3.1,68.4,4.2,5.8
2026-10-01T04:40,356.0,2.0,85.4,2.7,4.2
2026-10-01T04:50,356.0,2.5,77.7,3.5,6.9
2026-10-01T05:00,356.0,3.4,69.5,4.8,6.7
2026-10-01T05:10,356.0,3.9,63.5,5.1,6.8
2026-10-01T05:20,357.0,4.4,58.1,3.1,5.4
2026-10-01T05:30,14.0,4.3,58.3,1.8,5.0
2026-10-01T05:40,14.0,4.3,56.5,2.1,4.1
2026-10-01T05:50,21.0,4.4,54.7,3.2,5.6
2026-10-01T06:00,15.0,4.4,53.7,2.7,6.1
2026-10-01T06:10,19.0,4.4,54.1,2.5,6.0
2026-10-01T06:20,21.0,4.3,53.3,1.9,6.0
2026-10-01T06:30,21.0,4.4,49.9,3.4,5.9
2026-10-01T06:40,18.0,4.4,50.3,4.3,6.0
2026-10-01T06:50,22.0,4.2,52.9,4.2,5.7
2026-10-01T07:00,21.0,4.2,53.6,5.0,6.2
2026-10-01T07:10,18.0,4.2,53.7,5.3,6.3
2026-10-01T07:20,13.0,4.2,56.5,5.3,6.4
2026-10-01T07:30,13.0,4.3,54.8,5.6,6.4
2026-10-01T07:40,15.0,4.4,54.3,5.2,5.9
2026-10-01T07:50,16.0,4.2,57.5,4.9,5.5
2026-10-01T08:00,19.0,4.2,54.4,4.6,5.9
2026-10-01T08:10,19.0,4.4,53.1,4.0,5.0
2026-10-01T08:20,21.0,4.4,54.2,3.4,4.7
2026-10-01T08:30,22.0,4.3,57.5,3.3,4.6
2026-10-01T08:40,23.0,4.2,62.6,3.5,4.0
2026-10-01T08:50,24.0,4.2,63.7,3.6,4.0
2026-10-01T09:00,24.0,4.3,65.7,3.2,4.1
2026-10-01T09:10,28.0,3.9,74.8,2.9,3.5
2026-10-01T09:20,29.0,4.2,60.8,2.7,3.1
2026-10-01T09:30,29.0,4.2,58.8,2.3,2.6
2026-10-01T09:40,34.0,4.0,60.6,2.0,2.6
2026-10-01T09:50,38.0,4.0,59.6,1.9,2.5
2026-10-01T10:10,37.0,5.1,33.9,2.1,2.8
2026-10-01T10:20,38.0,5.4,30.6,1.8,2.7
2026-10-01T10:30,30.0,5.3,29.8,2.3,2.7
2026-10-01T10:40,30.0,5.4,30.3,2.2,2.5
2026-10-01T10:50,34.0,5.4,32.6,2.2,2.9
2026-10-01T11:00,31.0,5.2,33.1,2.3,2.6
2026-10-01T11:10,37.0,5.2,32.2,2.2,2.6
2026-10-01T11:20,50.0,5.6,35.3,1.4,2.3
2026-10-01T11:30,54.0,5.6,40.7,1.1,2.2
2026-10-01T11:40,48.0,5.5,43.1,1.2,2.4
2026-10-01T11:50,66.0,6.3,43.1,0.8,2.3
2026-10-01T12:00,61.0,6.2,45.5,0.9,1.9
2026-10-01T12:10,54.0,6.1,52.8,0.3,1.7
2026-10-01T12:20,109.0,6.4,61.1,0.1,1.4
2026-10-01T12:30,153.0,6.4,68.4,0.3,1.4
2026-10-01T12:40,143.0,6.6,64.7,0.4,2.2
2026-10-01T12:50,157.0,6.6,67.9,0.4,1.8
2026-10-01T13:00,164.0,6.2,75.6,0.5,2.5
2026-10-01T13:10,164.0,5.9,80.0,0.6,1.8
2026-10-01T13:20,164.0,5.6,82.3,0.7,2.2
2026-10-01T13:30,174.0,5.7,83.6,0.9,1.7
2026-10-01T13:40,178.0,5.5,82.8,1.1,2.7
2026-10-01T13:50,177.0,5.5,83.1,0.8,1.8
2026-10-01T14:00,179.0,5.9,74.8,0.9,2.0
2026-10-01T14:10,148.0,6.5,64.6,0.7,2.3
2026-10-01T14:20,342.0,7.1,56.6,0.0,1.3
2026-10-01T14:30,262.0,7.0,64.4,0.0,1.0
2026-10-01T14:40,130.0,6.8,67.1,0.1,1.1
2026-10-01T14:50,41.0,6.3,68.6,0.4,2.7
2026-10-01T15:00,33.0,5.9,74.8,0.2,1.4
2026-10-01T15:10,43.0,6.3,73.4,0.2,1.6
2026-10-01T15:20,56.0,6.2,70.9,0.5,2.4
2026-10-01T15:30,57.0,5.8,71.9,0.6,2.4
2026-10-01T15:40,64.0,5.4,74.6,0.9,2.5
2026-10-01T15:50,64.0,5.7,75.2,0.6,1.7
2026-10-01T16:00,45.0,5.6,75.8,0.9,2.3
2026-10-01T16:10,35.0,5.1,80.4,0.8,2.0
2026-10-01T16:20,34.0,5.4,77.8,0.6,2.1
2026-10-01T16:30,37.0,5.2,79.9,0.8,1.9
2026-10-01T16:40,34.0,5.1,80.8,1.1,1.8
2026-10-01T16:50,31.0,5.3,80.3,1.1,2.0
2026-10-01T17:00,32.0,5.0,82.6,1.5,2.7
2026-10-01T17:10,24.0,5.9,77.7,0.7,1.8
2026-10-01T17:20,50.0,4.8,86.5,1.2,2.9
2026-10-01T17:30,42.0,4.5,90.2,1.4,3.1
2026-10-01T17:40,35.0,4.2,91.6,1.4,2.5
2026-10-01T17:50,48.0,4.0,98.1,0.7,1.8
2026-10-01T18:10,48.0,3.9,99.0,0.7,2.0
2026-10-01T18:20,50.0,3.6,99.7,1.0,1.9
2026-10-01T18:30,58.0,3.6,99.7,1.0,2.4
2026-10-01T18:40,48.0,3.5,99.7,2.0,3.5
2026-10-01T18:50,44.0,3.6,99.8,2.6,3.8
2026-10-01T19:00,53.0,3.5,99.8,2.7,3.5
2026-10-01T19:10,51.0,3.5,99.7,3.2,4.0
2026-10-01T19:20,41.0,3.6,98.2,3.0,3.7
2026-10-01T19:30,47.0,3.5,99.0,3.1,3.7
2026-10-01T19:40,48.0,3.5,99.4,3.1,3.6
2026-10-01T19:50,48.0,3.5,99.8,2.9,3.3
2026-10-01T20:00,46.0,3.4,99.8,2.5,3.1
2026-10-01T20:10,46.0,3.4,99.8,2.2,2.7
2026-10-01T20:20,50.0,3.3,99.8,1.8,3.0
2026-10-01T20:30,41.0,3.2,99.7,1.4,2.2
2026-10-01T20:40,39.0,3.2,99.7,1.8,2.2
2026-10-01T20:50,39.0,3.2,99.7,1.8,2.5
2026-10-01T21:00,35.0,3.2,99.7,1.7,2.4
2026-10-01T21:10,32.0,3.2,99.7,1.3,1.8
2026-10-01T21:20,32.0,3.2,99.7,1.4,1.8
2026-10-01T21:30,29.0,3.1,99.7,1.1,1.8
2026-10-01T21:40,30.0,3.1,99.7,1.1,1.6
2026-10-01T21:50,31.0,3.0,99.7,1.2,1.8
2026-10-01T22:00,32.0,3.0,99.7,1.4,2.1
2026-10-01T22:10,35.0,3.0,99.7,1.6,2.2
2026-10-01T22:20,35.0,3.0,99.7,1.7,2.1
2026-10-01T22:30,36.0,3.0,99.7,1.6,2.1
2026-10-01T22:40,36.0,2.9,99.7,1.6,2.0
2026-10-01T22:50,34.0,2.7,99.7,1.6,2.0
2026-10-01T23:00,36.0,2.6,99.7,1.6,2.1
2026-10-01T23:10,35.0,2.6,99.7,1.4,1.9
2026-10-01T23:20,35.0,2.6,99.7,1.5,1.9
2026-10-01T23:30,36.0,2.5,99.7,1.6,2.1
2026-10-01T23:40,33.0,2.6,99.7,1.5,1.8
2026-10-01T23:50,34.0,2.7,99.7,1.4,1.8
2026-10-02T00:00,34.0,2.7,99.7,1.3,1.7
2026-10-02T00:10,33.0,2.7,99.7,1.3,1.8
2026-10-02T00:20,33.0,2.3,99.7,1.7,2.3
2026-10-02T00:30,35.0,2.6,99.7,3.1,3.9
2026-10-02T00:40,40.0,2.9,99.8,3.4,3.8
2026-10-02T00:50,40.0,2.9,99.8,3.1,3.5
2026-10-02T01:10,47.0,2.8,99.0,3.6,4.1
2026-10-02T01:20,41.0,2.9,96.5,3.3,3.9
2026-10-02T01:30,35.0,2.9,97.3,2.7,3.3
2026-10-02T01:40,33.0,3.0,96.7,2.7,3.1
2026-10-02T01:50,32.0,3.2,90.8,3.3,3.5
2026-10-02T02:00,34.0,3.2,89.0,3.3,3.7
2026-10-02T02:10,33.0,3.4,82.9,3.2,3.4
2026-10-02T02:20,36.0,3.6,73.3,3.2,3.6
2026-10-02T02:30,38.0,3.7,72.9,2.9,3.4
2026-10-02T02:40,44.0,3.9,51.9,2.8,3.5
2026-10-02T02:50,41.0,3.9,53.9,2.7,3.2
2026-10-02T03:00,41.0,3.8,60.6,2.6,3.1
2026-10-02T03:10,39.0,3.8,56.9,2.5,2.9
2026-10-02T03:20,41.0,3.8,55.7,2.7,3.0
2026-10-02T03:30,43.0,3.6,66.4,2.4,2.9
2026-10-02T03:40,40.0,3.4,75.1,2.5,2.8
2026-10-02T03:50,43.0,3.4,75.7,2.9,3.1
2026-10-02T04:00,40.0,3.1,86.7,2.5,3.0
2026-10-02T04:10,39.0,3.0,92.8,2.2,2.5
2026-10-02T04:20,36.0,2.9,95.4,2.1,2.4
2026-10-02T04:30,36.0,3.1,83.1,2.4,2.7
2026-10-02T04:40,32.0,3.0,89.7,2.3,2.6
2026-10-02T04:50,32.0,2.8,94.1,2.3,2.6
2026-10-02T05:00,32.0,2.9,94.9,2.2,2.5
2026-10-02T05:10,32.0,2.9,88.2,2.5,2.9
2026-10-02T05:20,28.0,3.0,83.6,2.4,3.1
2026-10-02T05:30,25.0,3.1,89.2,2.8,3.4
2026-10-02T05:40,24.0,3.0,99.7,2.9,3.4
2026-10-02T05:50,26.0,2.8,99.7,2.7,3.3
2026-10-02T06:00,32.0,2.8,99.7,2.8,3.2
2026-10-02T06:10,34.0,3.0,95.7,2.8,3.1
2026-10-02T06:20,38.0,3.0,86.9,2.6,3.0
2026-10-02T06:30,36.0,3.2,77.5,2.7,2.9
2026-10-02T06:40,33.0,3.1,78.8,2.8,3.0
2026-10-02T06:50,35.0,3.0,78.2,3.1,3.6
2026-10-02T07:00,40.0,3.0,66.0,3.3,3.9
2026-10-02T07:10,42.0,3.4,54.7,4.0,4.6
2026-10-02T07:20,44.0,3.6,46.2,4.5,5.0
2026-10-02T07:30,44.0,3.7,38.1,4.8,5.3
2026-10-02T07:40,48.0,3.8,36.5,4.6,5.5
2026-10-02T07:50,51.0,3.8,35.1,2.8,5.0
2026-10-02T08:00,63.0,3.6,35.2,1.6,4.3
2026-10-02T08:10,62.0,3.7,32.8,1.3,4.7
2026-10-02T08:20,80.0,3.9,35.7,1.3,3.7
2026-10-02T08:40,83.0,4.8,28.7,1.2,4.2
2026-10-02T08:50,86.0,4.8,27.2,1.6,3.8
2026-10-02T09:00,87.0,4.8,28.2,1.0,3.2
2026-10-02T09:10,92.0,4.9,27.9,1.4,3.6
2026-10-02T09:20,111.0,4.9,28.5,1.6,3.9
2026-10-02T09:30,116.0,4.8,29.1,1.6,3.9
2026-10-02T09:40,96.0,5.0,32.6,1.7,5.0
2026-10-02T09:50,95.0,5.2,33.4,1.3,4.0
2026-10-02T10:10,111.0,4.7,36.2,2.6,4.8
2026-10-02T10:20,103.0,5.3,41.7,1.2,3.3
2026-10-02T10:30,123.0,5.5,43.4,0.7,2.8
2026-10-02T10:40,129.0,5.3,42.9,1.8,4.4
2026-10-02T10:50,135.0,5.1,44.5,2.0,4.9
2026-10-02T11:00,134.0,5.0,49.8,1.7,4.6
2026-10-02T11:10,129.0,4.6,51.6,3.0,5.2
2026-10-02T11:20,127.0,4.7,56.6,1.6,4.4
2026-10-02T11:30,147.0,5.1,57.7,1.1,3.4
2026-10-02T11:40,144.0,5.1,60.1,1.1,3.5
2026-10-02T11:50,139.0,5.3,61.8,1.4,3.2
2026-10-02T12:00,138.0,5.2,56.1,1.7,3.6
2026-10-02T12:10,141.0,5.0,59.8,1.4,3.9
2026-10-02T12:30,133.0,5.5,56.0,1.4,3.4
2026-10-02T12:40,157.0,5.7,57.3,1.1,3.2
2026-10-02T12:50,142.0,6.1,53.0,1.1,3.7
2026-10-02T13:00,153.0,5.9,50.6,1.4,3.5
2026-10-02T13:10,154.0,6.1,48.0,1.3,3.1
2026-10-02T13:20,163.0,6.0,49.8,1.3,3.3
2026-10-02T13:30,150.0,6.1,51.9,1.5,4.3
2026-10-02T13:40,152.0,5.9,54.8,1.7,4.1
2026-10-02T13:50,156.0,6.3,58.4,1.3,4.3
2026-10-02T14:00,147.0,5.8,63.4,1.7,3.5
2026-10-02T14:10,144.0,6.0,63.8,1.8,4.1
2026-10-02T14:20,146.0,5.9,64.3,1.7,3.9
2026-10-02T14:30,142.0,5.9,64.2,1.6,4.6
2026-10-02T14:40,148.0,6.1,62.5,2.1,3.9
2026-10-02T14:50,146.0,6.1,62.0,1.9,4.4
2026-10-02T15:00,163.0,6.1,61.8,1.1,2.7
2026-10-02T15:10,153.0,6.2,61.2,1.1,3.8
2026-10-02T15:20,170.0,6.2,60.6,0.8,2.4
2026-10-02T15:30,155.0,6.4,60.2,0.9,2.2
2026-10-02T15:40,183.0,6.7,59.9,0.6,1.5
2026-10-02T15:50,136.0,5.9,63.0,1.4,3.0
2026-10-02T16:00,167.0,6.0,62.3,1.0,2.5
2026-10-02T16:10,184.0,5.9,61.9,0.9,2.4
2026-10-02T16:20,188.0,6.5,59.2,0.7,1.7
2026-10-02T16:30,182.0,6.6,58.9,0.4,1.2
2026-10-02T16:40,191.0,6.0,61.1,0.3,1.0
2026-10-02T16:50,171.0,6.1,59.2,0.2,0.9
2026-10-02T17:00,175.0,5.9,59.3,0.3,1.2
2026-10-02T17:10,192.0,5.4,62.3,0.3,0.9
2026-10-02T17:20,191.0,5.3,64.0,0.3,0.9
2026-10-02T17:30,179.0,5.4,63.6,0.2,0.8
2026-10-02T17:40,191.0,6.0,60.7,0.2,0.8
2026-10-02T17:50,192.0,5.8,62.8,0.4,1.0
2026-10-02T18:00,185.0,5.6,64.7,0.5,1.3
2026-10-02T18:10,164.0,5.5,65.7,0.5,1.8
2026-10-02T18:20,188.0,5.1,69.2,1.0,1.8
2026-10-02T18:30,164.0,4.6,75.3,0.7,1.7
2026-10-02T18:40,178.0,4.4,78.2,0.7,1.6
2026-10-02T18:50,171.0,4.6,81.8,0.3,1.2
2026-10-02T19:00,160.0,4.6,83.3,0.1,0.5
2026-10-02T19:10,83.0,4.3,84.7,0.0,0.0
2026-10-02T19:20,67.0,4.1,79.6,0.1,0.6
2026-10-02T19:30,57.0,4.0,77.2,0.0,0.5
2026-10-02T19:40,47.0,3.8,73.3,0.6,1.0
2026-10-02T19:50,59.0,3.7,74.7,0.4,1.2
2026-10-02T20:00,40.0,3.7,74.2,0.8,1.4
2026-10-02T20:10,30.0,3.7,74.8,1.1,1.4
2026-10-02T20:20,31.0,3.7,75.3,1.3,1.9
2026-10-02T20:30,38.0,3.7,75.9,1.5,1.9
2026-10-02T20:40,48.0,3.6,75.3,1.0,1.7
2026-10-02T20:50,37.0,3.5,75.1,1.1,1.8
2026-10-02T21:00,44.0,3.5,73.4,1.2,1.8
2026-10-02T21:10,44.0,3.4,74.1,1.4,2.0
2026-10-02T21:20,46.0,3.4,77.1,1.5,2.2
2026-10-02T21:30,54.0,3.4,78.8,1.1,2.1
2026-10-02T21:40,49.0,3.3,79.6,1.6,2.3
2026-10-02T21:50,49.0,3.3,79.0,1.6,2.3
2026-10-02T22:00,59.0,3.3,77.8,1.1,2.7
2026-10-02T22:10,75.0,3.3,77.7,0.9,2.3
2026-10-02T22:20,79.0,3.3,76.2,1.1,2.5
2026-10-02T22:30,69.0,3.2,77.2,1.0,2.5
2026-10-02T22:40,89.0,3.4,74.6,1.1,2.6
2026-10-02T22:50,95.0,3.7,67.8,1.2,2.9
2026-10-02T23:00,92.0,3.7,68.0,0.9,2.8
2026-10-02T23:10,94.0,3.5,72.0,0.8,2.4
2026-10-02T23:20,110.0,3.4,71.7,1.1,2.9
2026-10-02T23:30,115.0,3.2,73.1,2.8,3.3
2026-10-02T23:40,116.0,3.1,72.9,2.8,3.8
2026-10-02T23:50,113.0,3.2,68.1,3.2,4.2
2026-10-03T00:00,116.0,3.1,64.5,3.1,4.2
2026-10-03T00:10,113.0,3.1,61.4,2.3,4.5
2026-10-03T00:20,119.0,3.2,52.1,2.5,3.8
2026-10-03T00:30,121.0,3.3,39.8,2.5,3.5
2026-10-03T00:40,121.0,3.4,28.6,3.3,4.1
2026-10-03T00:50,121.0,3.7,17.3,3.5,4.2
2026-10-03T01:10,127.0,3.6,18.3,3.1,3.7
2026-10-03T01:20,144.0,3.9,14.9,2.5,3.1
2026-10-03T01:30,147.0,3.8,15.2,1.9,2.7
2026-10-03T01:40,148.0,4.0,11.6,1.3,2.6
2026-10-03T01:50,145.0,4.0,9.4,1.8,2.7
2026-10-03T02:00,148.0,4.0,8.6,1.9,2.5
2026-10-03T02:10,154.0,3.9,9.4,1.5,2.5
2026-10-03T02:20,156.0,3.8,9.7,1.1,2.0
2026-10-03T02:30,168.0,4.0,11.6,1.4,2.0
2026-10-03T02:40,178.0,4.3,13.1,1.3,1.8
2026-10-03T02:50,194.0,4.3,14.9,0.8,1.3
2026-10-03T03:00,194.0,4.2,14.6,0.7,1.1
2026-10-03T03:10,184.0,4.1,14.2,0.3,1.2
2026-10-03T03:20,190.0,4.1,13.7,0.3,0.9
2026-10-03T03:30,236.0,3.9,13.7,0.2,0.8
2026-10-03T03:40,230.0,4.0,12.6,0.7,1.1
2026-10-03T03:50,252.0,4.0,12.0,0.6,0.8
2026-10-03T04:00,269.0,3.9,12.7,0.1,0.7
2026-10-03T04:10,212.0,3.7,12.1,0.0,0.0
2026-10-03T04:20,214.0,3.7,10.2,0.0,0.0
2026-10-03T04:30,123.0,3.6,8.9,0.0,0.0
2026-10-03T04:40,251.0,3.4,10.2,0.0,0.0
2026-10-03T04:50,0.0,3.1,9.9,0.0,0.0
2026-10-03T05:00,348.0,3.6,9.1,0.1,0.6
2026-10-03T05:10,355.0,3.7,9.3,0.0,0.3
2026-10-03T05:20,12.0,3.8,10.1,0.1,0.5
2026-10-03T05:30,0.0,3.9,11.6,0.9,1.3
2026-10-03T05:40,8.0,3.9,10.1,0.7,1.0
2026-10-03T05:50,18.0,3.8,13.6,0.7,0.9
2026-10-03T06:00,6.0,3.8,11.3,0.7,0.9
2026-10-03T06:10,3.0,3.9,11.4,0.9,1.0
2026-10-03T06:20,5.0,3.7,15.7,0.9,1.2
2026-10-03T06:30,16.0,3.7,13.3,0.6,0.9
2026-10-03T06:40,11.0,3.8,13.2,0.7,0.9
2026-10-03T06:50,22.0,3.7,16.0,0.7,1.0
2026-10-03T07:00,32.0,3.7,17.0,0.8,1.1
2026-10-03T07:10,39.0,3.7,16.5,0.9,1.1
2026-10-03T07:20,41.0,3.8,14.9,0.9,1.1
2026-10-03T07:30,43.0,4.0,14.4,1.1,1.3
2026-10-03T07:40,49.0,4.3,16.6,0.8,1.1
2026-10-03T07:50,73.0,4.7,16.3,0.6,1.1
2026-10-03T08:00,73.0,5.1,17.5,0.6,0.9
2026-10-03T08:10,84.0,5.3,17.4,0.5,1.4
2026-10-03T08:20,74.0,5.4,17.5,0.6,1.6
2026-10-03T08:30,127.0,5.3,17.9,0.5,1.8
2026-10-03T08:40,124.0,5.4,18.5,0.6,1.6
2026-10-03T08:50,83.0,5.6,18.4,0.1,0.8
2026-10-03T09:00,70.0,5.9,18.0,0.1,0.7
2026-10-03T09:10,125.0,6.0,17.7,0.4,2.1
2026-10-03T09:20,122.0,5.6,17.8,0.8,2.1
2026-10-03T09:30,127.0,5.6,17.8,1.1,2.4
2026-10-03T09:40,127.0,5.6,17.6,1.1,2.5
2026-10-03T09:50,139.0,5.7,17.7,0.8,2.0
2026-10-03T10:00,139.0,5.9,18.4,0.9,2.0
2026-10-03T10:10,145.0,5.8,21.4,0.9,2.7
2026-10-03T10:20,146.0,5.8,23.8,0.9,2.4
2026-10-03T10:30,146.0,5.9,26.6,1.0,2.3
2026-10-03T10:40,137.0,5.9,28.7,1.2,2.5
2026-10-03T10:50,136.0,5.9,32.5,1.0,2.2
2026-10-03T11:00,141.0,6.1,34.1,0.9,2.0
2026-10-03T11:10,137.0,6.1,35.9,0.9,2.3
2026-10-03T11:20,145.0,6.1,37.1,0.9,2.1
2026-10-03T11:30,144.0,6.2,38.6,0.9,2.5
2026-10-03T11:40,147.0,6.3,38.7,1.0,2.4
2026-10-03T11:50,145.0,6.2,40.3,0.9,2.6
2026-10-03T12:00,142.0,6.3,41.0,0.7,2.4
2026-10-03T12:10,163.0,6.3,42.3,0.7,2.1
2026-10-03T12:20,163.0,6.4,41.5,0.8,1.9
2026-10-03T12:30,167.0,6.5,41.4,0.7,1.7
2026-10-03T12:40,159.0,6.5,40.5,1.0,2.5
2026-10-03T12:50,164.0,6.6,41.0,0.6,1.7
2026-10-03T13:00,158.0,6.5,41.1,1.0,2.2
2026-10-03T13:10,153.0,6.7,39.5,0.9,2.6
2026-10-03T13:20,152.0,6.7,41.0,0.8,3.1
2026-10-03T13:30,181.0,6.5,42.8,1.0,2.2
2026-10-03T13:40,185.0,6.5,42.9,0.8,1.5
2026-10-03T13:50,177.0,6.9,41.9,0.9,2.6
2026-10-03T14:00,161.0,6.9,41.6,0.9,2.4
2026-10-03T14:10,162.0,6.9,41.9,0.8,1.9
2026-10-03T14:20,185.0,7.0,41.6,0.6,1.8
2026-10-03T14:30,189.0,7.3,40.9,0.6,1.6
2026-10-03T14:40,178.0,7.0,41.4,0.9,1.9
2026-10-03T14:50,175.0,6.8,41.9,1.2,2.3
2026-10-03T15:00,174.0,7.0,41.0,1.2,2.3
2026-10-03T15:10,183.0,6.9,41.9,1.2,2.2
2026-10-03T15:30,173.0,7.3,41.6,0.8,1.7
2026-10-03T15:40,175.0,7.6,41.1,0.5,2.1
2026-10-03T15:50,170.0,7.3,42.1,1.0,3.4
2026-10-03T16:00,184.0,7.4,42.3,0.7,2.0
2026-10-03T16:10,186.0,7.4,42.3,0.8,1.7
2026-10-03T16:20,172.0,7.4,42.3,0.9,1.9
2026-10-03T16:30,177.0,7.1,43.3,1.0,1.9
2026-10-03T16:40,177.0,7.4,43.1,0.8,1.9
2026-10-03T16:50,176.0,7.2,43.7,1.0,2.3
2026-10-03T17:00,182.0,6.9,45.1,1.0,2.2
2026-10-03T17:10,165.0,7.1,44.5,0.7,2.0
2026-10-03T17:20,164.0,7.3,44.9,0.4,1.8
2026-10-03T17:30,126.0,7.5,44.6,0.1,0.6
2026-10-03T17:40,178.0,6.9,46.7,0.6,1.2
2026-10-03T17:50,163.0,6.9,47.2,0.1,1.1
2026-10-03T18:00,136.0,7.1,47.1,0.0,0.5
2026-10-03T18:10,68.0,6.9,48.2,0.1,0.7
2026-10-03T18:20,160.0,6.2,50.2,0.5,1.6
2026-10-03T18:30,169.0,6.2,48.6,0.2,0.9
2026-10-03T18:40,126.0,5.6,51.0,0.1,1.2
2026-10-03T18:50,68.0,4.9,54.5,0.4,1.8
2026-10-03T19:00,70.0,4.6,56.5,0.4,1.2
2026-10-03T19:10,80.0,4.6,53.4,0.5,1.9
2026-10-03T19:20,63.0,4.2,55.0,0.6,1.8
2026-10-03T19:30,62.0,4.2,56.9,0.7,1.6
2026-10-03T19:40,53.0,4.0,57.5,1.0,2.4
2026-10-03T19:50,50.0,4.0,56.0,1.3,2.2
2026-10-03T20:00,48.0,3.9,55.7,1.3,2.1
2026-10-03T20:10,54.0,3.9,55.8,1.0,1.9
2026-10-03T20:20,72.0,3.9,57.7,0.4,1.4
2026-10-03T20:30,100.0,4.0,57.5,0.4,1.9
2026-10-03T20:40,89.0,4.4,56.8,1.1,2.5
2026-10-03T20:50,85.0,4.4,57.8,1.1,2.6
2026-10-03T21:00,82.0,4.2,54.2,1.2,3.0
2026-10-03T21:10,83.0,4.2,51.8,1.0,3.0
2026-10-03T21:20,92.0,4.1,54.1,1.4,2.8
2026-10-03T21:30,112.0,4.2,55.6,1.0,3.2
2026-10-03T21:40,102.0,4.2,54.8,0.6,2.0
2026-10-03T21:50,111.0,4.2,53.1,0.7,2.4
2026-10-03T22:00,110.0,4.1,53.8,1.6,3.8
2026-10-03T22:10,125.0,3.9,54.1,2.0,4.3
2026-10-03T22:20,131.0,3.8,53.2,1.6,3.1
2026-10-03T22:40,120.0,3.8,51.9,2.9,4.3
2026-10-03T22:50,127.0,3.7,51.8,2.6,4.7
2026-10-03T23:00,132.0,3.6,53.0,2.5,4.6
2026-10-03T23:10,136.0,3.7,51.3,3.5,4.8
2026-10-03T23:20,140.0,3.7,49.9,3.2,4.1
2026-10-03T23:30,139.0,3.7,45.4,3.8,4.5
2026-10-03T23:40,139.0,3.7,45.1,3.6,4.4
2026-10-03T23:50,136.0,3.8,39.1,3.6,4.4
2026-10-04T00:00,132.0,3.8,38.7,3.6,4.9
2026-10-04T00:10,140.0,3.9,40.7,3.3,4.5
2026-10-04T00:20,142.0,3.9,39.1,3.2,4.7
2026-10-04T00:30,138.0,3.9,36.7,3.8,4.7
2026-10-04T00:40,136.0,4.1,29.9,3.7,4.5
2026-10-04T00:50,142.0,4.1,25.6,2.2,3.8
2026-10-04T01:10,142.0,4.0,20.7,1.9,3.1
2026-10-04T01:20,142.0,4.0,21.5,1.7,3.0
2026-10-04T01:30,148.0,4.0,21.8,1.3,2.6
2026-10-04T01:40,143.0,4.0,21.5,1.6,2.7
2026-10-04T01:50,144.0,4.0,20.8,1.5,2.3
2026-10-04T02:00,153.0,4.2,23.2,1.9,2.6
2026-10-04T02:10,166.0,4.2,23.4,1.3,2.0
2026-10-04T02:20,179.0,4.1,24.2,1.4,1.9
2026-10-04T02:30,183.0,4.0,24.7,1.2,1.7
2026-10-04T02:40,197.0,3.9,26.4,1.5,2.3
2026-10-04T02:50,187.0,3.9,29.2,1.8,2.4
2026-10-04T03:00,186.0,3.9,31.7,2.1,2.9
2026-10-04T03:10,185.0,3.8,33.4,2.3,2.8
2026-10-04T03:20,181.0,3.9,31.7,2.5,3.2
2026-10-04T03:30,172.0,4.1,30.3,2.5,3.2
2026-10-04T03:40,167.0,4.4,28.6,2.0,2.6
2026-10-04T03:50,160.0,4.5,27.8,2.0,2.9
2026-10-04T04:00,162.0,5.0,21.7,2.8,3.3
2026-10-04T04:10,165.0,4.9,18.5,2.9,3.6
2026-10-04T04:20,176.0,5.1,14.6,3.2,3.8
2026-10-04T04:30,184.0,5.1,13.5,3.4,4.2
2026-10-04T04:40,181.0,5.2,9.9,4.2,4.9
2026-10-04T04:50,179.0,5.3,8.3,3.7,4.7
2026-10-04T05:00,177.0,5.2,8.7,3.4,4.6
2026-10-04T05:10,179.0,5.2,8.3,3.6,4.5
2026-10-04T05:20,182.0,5.2,8.0,3.5,4.1
2026-10-04T05:30,192.0,4.9,10.8,2.6,3.7
2026-10-04T05:40,192.0,4.7,12.5,2.2,2.9
2026-10-04T05:50,192.0,4.7,12.9,2.4,3.0
2026-10-04T06:00,199.0,4.5,14.7,2.0,2.7
2026-10-04T06:10,205.0,4.4,15.6,2.0,2.5
2026-10-04T06:20,201.0,4.3,18.2,2.0,2.5
2026-10-04T06:30,198.0,4.1,19.2,2.4,2.8
2026-10-04T06:40,195.0,4.4,14.4,2.6,2.9
2026-10-04T06:50,194.0,4.3,15.0,2.5,3.3
2026-10-04T07:00,194.0,4.5,12.8,3.1,3.4
2026-10-04T07:10,197.0,4.7,9.7,3.0,3.7
2026-10-04T07:20,200.0,4.7,11.1,2.7,3.5
2026-10-04T07:30,196.0,5.1,7.1,2.9,3.4
2026-10-04T07:40,191.0,5.0,11.8,2.5,3.2
2026-10-04T07:50,189.0,4.9,14.1,2.1,2.5
2026-10-04T08:00,194.0,4.8,14.9,1.9,2.3
2026-10-04T08:10,200.0,4.7,14.7,2.3,2.5
2026-10-04T08:20,193.0,4.9,13.7,2.3,2.9
2026-10-04T08:30,185.0,5.2,10.6,2.2,3.0
2026-10-04T08:40,181.0,5.1,14.3,1.8,2.5
2026-10-04T08:50,182.0,5.2,13.5,1.8,2.8
2026-10-04T09:00,176.0,5.4,15.1,1.5,2.8
2026-10-04T09:10,170.0,5.5,17.5,1.2,1.9
2026-10-04T09:20,164.0,5.6,16.4,1.1,1.9
2026-10-04T09:30,162.0,5.8,18.5,1.0,2.3
2026-10-04T09:40,168.0,5.7,15.9,1.8,3.2
2026-10-04T09:50,169.0,5.7,14.4,2.1,2.9
2026-10-04T10:00,163.0,5.9,16.5,2.0,3.1
2026-10-04T10:10,166.0,6.0,18.3,1.6,3.1
2026-10-04T10:20,160.0,6.0,30.4,1.1,2.7
2026-10-04T10:30,162.0,6.1,31.1,0.9,2.1
2026-10-04T10:40,162.0,6.1,35.7,0.5,1.8
2026-10-04T10:50,161.0,6.3,36.2,0.6,1.9
2026-10-04T11:00,151.0,6.4,34.9,0.6,1.7
2026-10-04T11:10,157.0,6.5,35.3,0.7,1.7
2026-10-04T11:20,159.0,6.6,36.2,0.6,1.4
2026-10-04T11:50,152.0,6.6,41.8,0.5,1.7
2026-10-04T12:00,153.0,6.6,42.0,0.6,2.5
2026-10-04T12:10,137.0,6.8,35.0,1.1,2.5
2026-10-04T12:20,157.0,6.7,30.7,0.7,2.5
2026-10-04T12:30,152.0,6.7,28.1,0.9,2.7
2026-10-04T12:40,171.0,6.9,25.9,1.0,2.7
2026-10-04T12:50,146.0,7.2,26.6,1.0,3.1
2026-10-04T13:00,146.0,7.3,28.6,0.3,2.1
2026-10-04T13:10,159.0,7.2,32.1,0.3,2.5
2026-10-04T13:20,152.0,7.0,34.9,0.8,2.5
2026-10-04T13:40,168.0,7.1,36.8,0.9,1.9
2026-10-04T13:50,172.0,7.2,36.9,1.0,1.9
2026-10-04T14:00,170.0,7.3,37.6,0.9,2.1
2026-10-04T14:10,182.0,7.1,39.6,1.4,2.5
2026-10-04T14:40,184.0,7.7,39.3,0.6,1.9
2026-10-04T14:50,191.0,7.4,40.2,1.0,1.9
2026-10-04T15:00,181.0,7.1,41.0,0.7,2.0
2026-10-04T15:10,178.0,7.3,40.5,0.7,1.7
2026-10-04T15:20,177.0,7.4,39.9,0.3,1.5
2026-10-04T15:40,185.0,7.5,39.3,0.6,1.6
2026-10-04T16:10,136.0,7.6,39.7,0.0,0.7
2026-10-04T16:20,162.0,7.3,39.7,0.3,1.4
2026-10-04T16:30,177.0,7.4,39.3,0.3,1.2
2026-10-04T16:40,174.0,7.2,39.5,0.7,1.9
2026-10-04T16:50,175.0,7.2,39.5,0.8,1.6
2026-10-04T17:00,158.0,7.4,38.5,0.1,1.1
2026-10-04T17:10,170.0,7.4,37.9,0.3,1.3
2026-10-04T17:20,167.0,7.2,38.6,0.4,1.2
2026-10-04T17:30,188.0,6.8,39.6,0.4,1.0
2026-10-04T17:40,171.0,6.7,39.8,0.5,1.0
2026-10-04T17:50,174.0,6.7,41.8,0.2,1.0
2026-10-04T18:00,166.0,6.8,43.6,0.1,0.8
2026-10-04T18:10,51.0,6.3,46.5,0.0,0.9
2026-10-04T18:20,67.0,6.0,46.7,0.0,0.0
2026-10-04T18:30,148.0,5.5,48.1,0.0,0.0
2026-10-04T18:40,113.0,5.4,50.9,0.0,0.0
2026-10-04T18:50,77.0,5.0,47.5,0.2,1.0
2026-10-04T19:00,69.0,4.6,48.2,0.0,0.8
2026-10-04T19:10,39.0,4.2,51.9,0.4,1.0
2026-10-04T19:20,27.0,4.1,56.9,0.4,0.9
2026-10-04T19:30,20.0,4.0,59.6,0.3,1.2
2026-10-04T19:40,29.0,3.9,56.2,1.3,2.0
2026-10-04T19:50,30.0,4.0,56.4,1.2,1.7
2026-10-04T20:00,29.0,4.0,56.5,1.2,1.7
2026-10-04T20:10,28.0,3.9,58.5,1.4,1.7
2026-10-04T20:20,26.0,3.8,61.7,1.5,1.9
2026-10-04T20:30,25.0,3.7,62.2,1.4,1.7
2026-10-04T20:40,23.0,3.7,60.6,1.5,1.8
2026-10-04T20:50,25.0,3.6,61.8,1.6,2.1
2026-10-04T21:00,26.0,3.6,62.7,1.6,1.9
2026-10-04T21:10,23.0,3.6,63.6,1.5,1.9
2026-10-04T21:20,27.0,3.6,61.0,1.2,1.6
2026-10-04T21:30,33.0,3.6,57.9,1.1,1.4
2026-10-04T21:40,35.0,3.5,58.3,1.2,1.5
2026-10-04T21:50,34.0,3.4,58.9,1.0,1.3
2026-10-04T22:00,39.0,3.4,59.0,1.0,1.2
2026-10-04T22:10,35.0,3.5,61.6,1.4,1.9
2026-10-04T22:20,38.0,3.6,66.0,1.5,1.9
2026-10-04T22:30,35.0,3.6,68.0,1.5,1.9
2026-10-04T22:40,31.0,3.5,68.7,1.2,1.6
2026-10-04T22:50,35.0,3.5,69.5,1.5,1.7
2026-10-04T23:00,29.0,3.5,66.4,1.3,1.6
2026-10-04T23:10,29.0,3.5,64.0,1.3,1.6
2026-10-04T23:20,29.0,3.6,58.1,1.4,1.9
2026-10-04T23:30,29.0,3.7,51.1,1.7,2.1
2026-10-04T23:40,30.0,3.6,54.6,1.7,2.0
2026-10-04T23:50,32.0,3.5,54.9,1.7,2.0
2026-10-05T00:00,31.0,3.5,52.3,1.8,2.1
2026-10-05T00:10,33.0,3.5,51.5,2.2,2.5
2026-10-05T00:20,43.0,3.7,52.0,2.6,3.1
2026-10-05T00:30,53.0,3.7,52.5,2.5,3.2
2026-10-05T00:40,64.0,3.6,53.1,1.0,2.5
2026-10-05T00:50,75.0,3.6,54.1,0.8,2.2
2026-10-05T01:10,63.0,3.7,52.6,0.5,1.6
2026-10-05T01:20,77.0,3.7,50.5,0.5,2.1
2026-10-05T01:30,87.0,3.8,50.6,0.8,2.3
2026-10-05T01:40,81.0,3.8,50.1,0.8,2.2
2026-10-05T01:50,88.0,3.8,50.8,0.9,2.2
2026-10-05T02:00,89.0,3.8,50.9,0.9,2.3
2026-10-05T02:10,94.0,3.9,51.8,1.2,2.3
2026-10-05T02:20,92.0,3.7,54.8,1.2,2.4
2026-10-05T02:30,92.0,3.8,53.3,1.3,2.8
2026-10-05T02:40,92.0,3.8,52.1,1.0,2.5
2026-10-05T02:50,111.0,3.8,51.3,0.7,1.9
2026-10-05T03:00,117.0,3.7,51.8,1.6,3.1
2026-10-05T03:10,114.0,3.8,50.5,2.3,3.3
2026-10-05T03:20,117.0,3.7,50.9,2.4,3.1
2026-10-05T03:30,115.0,3.6,50.9,2.5,2.8
2026-10-05T03:40,122.0,3.5,52.1,2.3,3.1
2026-10-05T03:50,127.0,3.5,52.3,2.4,3.3
2026-10-05T04:00,130.0,3.4,51.8,2.0,3.8
2026-10-05T04:10,137.0,3.4,50.2,1.9,3.4
2026-10-05T04:20,140.0,3.4,47.7,2.1,3.6
2026-10-05T04:30,136.0,3.4,46.0,1.7,3.0
2026-10-05T04:40,132.0,3.4,41.9,1.8,3.0
2026-10-05T04:50,137.0,3.5,30.7,2.0,2.9
2026-10-05T05:00,139.0,3.6,23.4,1.8,2.5
2026-10-05T05:10,144.0,3.6,18.8,1.7,2.7
2026-10-05T05:20,141.0,3.6,14.1,1.2,2.3
2026-10-05T05:30,138.0,3.6,13.1,1.6,2.7
2026-10-05T05:40,138.0,3.5,12.0,1.8,2.7
2026-10-05T05:50,140.0,3.5,12.3,0.9,2.2
2026-10-05T06:00,174.0,3.5,14.6,0.4,1.2
2026-10-05T06:10,234.0,3.6,21.8,0.5,0.9
2026-10-05T06:20,260.0,3.6,21.0,0.2,0.7
2026-10-05T06:30,252.0,3.4,22.9,0.0,0.3
2026-10-05T06:40,148.0,3.4,26.8,0.0,0.7
2026-10-05T06:50,311.0,3.3,42.6,0.0,0.4
2026-10-05T07:00,303.0,3.2,45.4,0.2,1.5
2026-10-05T07:10,294.0,3.1,41.0,0.4,1.4
2026-10-05T07:20,264.0,3.1,39.2,0.1,0.8
2026-10-05T07:30,259.0,3.1,47.5,0.5,1.7
2026-10-05T07:40,270.0,2.9,55.4,1.0,2.2
2026-10-05T07:50,276.0,2.8,55.0,1.2,2.5
2026-10-05T08:00,276.0,2.7,55.0,1.7,3.2
2026-10-05T08:30,274.0,2.6,59.2,1.7,3.2
2026-10-05T08:40,284.0,2.5,58.7,1.4,3.2
2026-10-05T08:50,299.0,2.6,53.0,0.8,2.2
2026-10-05T09:00,312.0,2.6,44.8,1.1,1.9
2026-10-05T09:10,312.0,2.6,51.2,0.2,1.0
2026-10-05T09:20,178.0,2.6,49.2,0.1,0.6
2026-10-05T09:30,346.0,2.3,35.9,0.7,1.3
2026-10-05T09:40,16.0,2.5,38.1,0.0,0.4
2026-10-05T09:50,185.0,2.6,37.7,0.2,0.7
2026-10-05T10:00,173.0,2.6,40.1,0.7,1.6
2026-10-05T10:10,151.0,2.6,47.3,0.6,1.5
2026-10-05T10:20,176.0,2.7,48.2,1.0,1.7
2026-10-05T10:30,178.0,2.8,44.6,1.2,1.9
2026-10-05T10:40,173.0,2.9,49.7,1.1,2.1
2026-10-05T10:50,177.0,2.8,53.9,1.1,2.4
2026-10-05T11:00,174.0,2.8,54.0,0.6,2.1
2026-10-05T11:10,169.0,2.9,53.8,0.4,1.1
2026-10-05T11:20,179.0,2.7,60.2,1.0,2.3
2026-10-05T11:30,190.0,2.4,66.3,1.9,2.7
2026-10-05T11:40,201.0,2.5,73.7,1.7,3.6
2026-10-05T11:50,183.0,2.5,81.1,1.5,3.4
2026-10-05T12:00,155.0,2.5,89.1,1.3,3.2
2026-10-05T12:10,129.0,2.7,86.7,1.5,4.0
2026-10-05T12:20,152.0,2.8,85.6,0.7,3.0
2026-10-05T12:30,139.0,2.9,86.6,0.7,2.7
2026-10-05T12:40,147.0,2.5,87.9,1.5,3.6
2026-10-05T12:50,159.0,2.2,80.0,2.0,4.8
2026-10-05T13:00,152.0,2.3,84.5,1.3,3.0
2026-10-05T13:10,159.0,2.1,89.0,1.3,2.9
2026-10-05T13:20,134.0,2.3,90.2,1.3,2.8
2026-10-05T13:30,144.0,2.8,88.8,0.6,2.9
2026-10-05T13:40,145.0,2.9,87.8,1.0,2.6
2026-10-05T13:50,150.0,2.9,88.7,0.7,2.7
2026-10-05T14:00,158.0,2.8,89.9,0.5,1.7
2026-10-05T14:10,194.0,2.7,92.0,0.5,2.5
2026-10-05T14:20,196.0,2.4,97.5,1.2,2.6
2026-10-05T14:30,181.0,2.6,95.0,0.7,1.8
2026-10-05T14:40,195.0,2.6,96.4,0.6,1.9
2026-10-05T14:50,172.0,2.7,93.3,0.2,1.1
2026-10-05T15:00,198.0,2.7,90.9,0.0,0.5
2026-10-05T15:10,28.0,2.7,92.2,0.0,0.4
2026-10-05T15:20,175.0,2.6,92.2,0.2,1.0
2026-10-05T15:30,178.0,2.5,94.5,0.8,2.3
2026-10-05T15:40,164.0,2.2,99.0,0.4,2.1
2026-10-05T15:50,134.0,2.3,99.4,0.3,2.1
2026-10-05T16:00,136.0,1.9,99.7,0.6,2.6
2026-10-05T16:10,164.0,1.4,99.7,0.7,2.0
2026-10-05T16:20,188.0,1.0,99.7,1.2,2.1
2026-10-05T16:30,168.0,0.9,99.7,0.5,1.8
2026-10-05T16:40,191.0,1.1,99.7,1.3,3.0
2026-10-05T16:50,197.0,1.0,99.7,3.2,4.2
2026-10-05T17:00,207.0,1.2,99.7,2.5,3.6
2026-10-05T17:10,214.0,1.4,99.7,1.4,3.3
2026-10-05T17:20,199.0,1.6,99.7,0.8,2.4
2026-10-05T17:30,211.0,1.4,99.7,0.9,2.2
2026-10-05T17:40,249.0,1.6,99.7,0.9,2.5
2026-10-05T17:50,246.0,1.7,99.7,0.8,2.2
2026-10-05T18:00,249.0,1.6,99.7,0.8,2.2
2026-10-05T18:10,240.0,1.6,99.7,0.6,1.7
2026-10-05T18:20,198.0,1.7,99.7,0.5,1.3
2026-10-05T18:30,245.0,1.7,99.7,0.0,0.5
2026-10-05T18:40,34.0,1.5,99.7,0.3,1.2
2026-10-05T18:50,33.0,1.4,99.7,0.0,0.3
2026-10-05T19:00,49.0,1.3,99.7,0.1,0.9
2026-10-05T19:10,93.0,1.3,99.7,0.2,1.6
2026-10-05T19:20,145.0,1.5,99.7,0.2,1.1
2026-10-05T19:30,181.0,1.5,99.7,0.1,0.8
2026-10-05T19:40,190.0,1.5,99.7,0.4,1.5
2026-10-05T19:50,177.0,1.4,99.7,0.6,1.5
2026-10-05T20:00,143.0,1.4,99.7,0.3,1.2
2026-10-05T20:10,161.0,1.5,99.7,0.3,1.4
2026-10-05T20:20,165.0,1.4,99.7,0.4,1.3
2026-10-05T20:30,184.0,1.4,99.7,0.1,0.7
2026-10-05T20:40,149.0,1.4,99.7,0.0,0.4
2026-10-05T21:10,258.0,1.4,99.7,0.0,0.5
2026-10-05T21:20,192.0,1.5,99.7,0.1,0.8
2026-10-05T21:30,202.0,1.5,99.7,0.6,2.2
2026-10-05T21:40,252.0,1.2,99.7,1.1,2.7
2026-10-05T21:50,233.0,1.2,99.7,0.7,2.5
2026-10-05T22:00,261.0,1.2,99.8,0.3,2.0
2026-10-05T22:10,245.0,1.2,99.8,0.2,2.0
2026-10-05T22:20,231.0,1.3,99.8,0.3,1.8
2026-10-05T22:30,283.0,1.1,99.8,0.0,0.7
2026-10-05T22:40,302.0,1.1,99.8,0.2,0.8
2026-10-05T22:50,217.0,1.2,99.8,0.1,0.6
2026-10-05T23:00,2.0,1.2,99.8,0.0,0.0
2026-10-05T23:10,230.0,1.1,99.8,0.0,0.4
2026-10-05T23:20,178.0,1.3,99.8,0.0,0.1
2026-10-05T23:30,42.0,1.3,99.8,0.0,0.0
2026-10-05T23:40,171.0,1.2,99.8,0.0,0.5
2026-10-05T23:50,174.0,1.3,99.8,0.0,0.6
2026-10-06T00:00,184.0,1.3,99.8,0.2,1.0
2026-10-06T00:10,173.0,1.2,99.8,0.4,1.0
2026-10-06T00:20,177.0,1.2,99.8,0.2,0.8
2026-10-06T00:30,182.0,1.2,99.8,0.3,1.0
2026-10-06T00:40,183.0,1.2,99.8,0.1,1.0
2026-10-06T00:50,160.0,1.1,99.8,0.0,0.8
2026-10-06T01:10,173.0,1.0,99.7,0.0,0.4
2026-10-06T01:20,174.0,1.0,99.7,0.0,0.4
2026-10-06T01:30,173.0,1.0,99.7,0.1,0.7
2026-10-06T01:40,196.0,0.9,99.7,0.1,0.7
2026-10-06T01:50,158.0,0.9,99.7,0.1,0.6
2026-10-06T02:00,148.0,0.9,99.7,0.2,1.0
2026-10-06T02:10,219.0,0.7,99.7,0.8,2.2
2026-10-06T02:20,213.0,0.4,99.7,0.8,2.0
2026-10-06T02:30,197.0,0.6,99.7,0.8,2.3
2026-10-06T02:40,231.0,0.7,99.7,1.0,2.7
2026-10-06T02:50,221.0,0.6,99.8,0.7,2.5
2026-10-06T03:00,242.0,0.6,99.8,1.5,4.0
2026-10-06T03:10,254.0,0.7,99.8,1.6,3.1
2026-10-06T03:20,279.0,0.7,99.8,1.7,2.5
2026-10-06T03:30,301.0,0.7,99.8,0.9,2.5
2026-10-06T03:40,280.0,0.6,99.8,0.5,1.0
2026-10-06T03:50,299.0,0.6,99.8,0.4,1.2
2026-10-06T04:00,284.0,0.6,99.8,0.7,1.6
2026-10-06T04:10,245.0,0.6,99.8,1.2,2.6
2026-10-06T04:20,243.0,0.7,99.7,0.7,2.4
2026-10-06T04:30,240.0,0.8,97.9,1.4,2.5
2026-10-06T04:40,224.0,1.0,95.3,0.5,1.8
2026-10-06T04:50,177.0,0.8,99.6,0.2,1.0
2026-10-06T05:00,163.0,0.8,99.8,0.3,0.9
2026-10-06T05:10,154.0,0.7,99.8,0.5,1.0
2026-10-06T05:20,153.0,0.8,99.8,0.6,1.3
2026-10-06T05:30,164.0,0.8,99.8,0.5,1.4
2026-10-06T05:40,209.0,0.8,98.5,0.7,1.1
2026-10-06T05:50,247.0,1.1,92.2,0.6,1.1
2026-10-06T06:00,218.0,1.0,98.6,0.2,0.6
2026-10-06T06:10,178.0,1.0,99.2,0.1,0.7
2026-10-06T06:20,181.0,0.9,99.8,0.1,1.1
2026-10-06T06:30,227.0,1.1,93.7,0.2,0.7
2026-10-06T06:40,262.0,1.3,90.9,0.3,0.8
2026-10-06T06:50,295.0,1.4,89.4,0.2,0.9
2026-10-06T07:00,25.0,1.2,92.4,0.0,0.0
2026-10-06T07:10,196.0,1.1,94.7,0.0,0.0
2026-10-06T07:20,196.0,1.2,92.8,0.0,0.0
2026-10-06T07:30,300.0,1.3,89.8,0.1,0.5
2026-10-06T07:40,140.0,1.2,96.5,0.0,0.7
2026-10-06T07:50,144.0,1.1,97.8,0.7,1.8
2026-10-06T08:00,137.0,1.2,96.4,0.2,0.8
2026-10-06T08:10,127.0,1.2,97.3,0.4,1.2
2026-10-06T08:20,122.0,1.1,97.1,0.2,1.1
2026-10-06T08:30,179.0,1.2,95.0,0.3,1.1
2026-10-06T08:40,158.0,1.4,92.5,0.4,1.5
2026-10-06T08:50,156.0,1.6,88.9,0.2,1.0
2026-10-06T09:10,138.0,1.6,78.7,1.8,3.5
2026-10-06T09:20,140.0,1.8,67.4,1.4,2.5
2026-10-06T09:30,156.0,1.9,64.9,0.4,2.3
2026-10-06T09:40,129.0,1.8,76.3,0.1,1.3
2026-10-06T09:50,158.0,1.7,80.5,0.5,1.2
2026-10-06T10:00,171.0,1.5,77.7,1.4,1.8
2026-10-06T10:10,148.0,2.0,73.1,0.4,1.7
2026-10-06T10:20,156.0,2.2,73.2,0.3,1.2
2026-10-06T10:30,177.0,2.1,70.9,1.1,2.1
2026-10-06T10:40,190.0,2.4,75.6,0.8,1.6
2026-10-06T10:50,182.0,2.5,81.7,0.5,1.0
2026-10-06T11:00,153.0,2.5,82.7,0.1,0.9
2026-10-06T11:40,177.0,2.3,86.1,0.8,1.7
2026-10-06T11:50,176.0,2.5,77.5,0.9,2.3
2026-10-06T12:00,177.0,3.4,72.4,0.2,1.0
2026-10-06T12:10,172.0,2.9,75.5,0.2,0.9
2026-10-06T12:20,179.0,2.4,76.4,0.5,1.4
2026-10-06T12:30,172.0,2.5,74.0,0.8,2.0
2026-10-06T12:40,172.0,2.4,80.4,0.5,1.7
2026-10-06T13:00,168.0,3.1,74.6,0.0,0.7
2026-10-06T13:10,157.0,3.5,74.0,0.0,0.7
2026-10-06T13:20,146.0,3.4,72.9,0.1,0.9
2026-10-06T13:30,184.0,3.0,74.9,0.6,1.7
2026-10-06T13:40,176.0,3.1,75.1,0.7,1.5
2026-10-06T13:50,173.0,3.3,73.5,0.4,1.6
2026-10-06T14:00,138.0,2.8,75.4,0.8,2.2
2026-10-06T14:10,146.0,2.6,76.1,0.8,2.1
2026-10-06T14:20,134.0,2.6,75.8,1.1,3.0
2026-10-06T14:30,153.0,2.6,75.4,0.3,1.9
2026-10-06T14:40,169.0,2.6,77.6,0.1,1.4
2026-10-06T14:50,182.0,2.4,78.3,0.4,1.5
2026-10-06T15:00,136.0,2.6,77.8,0.4,2.4
2026-10-06T15:10,130.0,2.6,77.2,0.5,2.0
2026-10-06T15:20,132.0,2.8,75.6,0.8,2.5
2026-10-06T15:30,142.0,2.5,74.0,0.9,2.3
2026-10-06T15:40,170.0,2.3,74.3,0.4,1.8
2026-10-06T15:50,199.0,2.2,81.1,0.3,2.2
2026-10-06T16:00,200.0,2.3,82.9,0.7,2.3
2026-10-06T16:20,193.0,1.8,90.7,1.7,2.5
2026-10-06T16:30,195.0,1.6,93.1,2.0,3.4
2026-10-06T16:40,201.0,1.5,93.4,1.9,2.7
2026-10-06T16:50,193.0,1.4,94.0,1.7,3.1
2026-10-06T17:00,194.0,1.4,93.9,2.4,3.4
2026-10-06T17:10,199.0,1.3,91.4,2.7,4.0
2026-10-06T17:20,192.0,1.3,93.3,2.8,4.5
2026-10-06T17:30,194.0,1.3,91.1,2.6,3.5
2026-10-06T17:40,198.0,1.0,97.0,2.9,4.0
2026-10-06T17:50,201.0,0.9,97.2,2.9,3.9
2026-10-06T18:00,196.0,0.8,98.4,2.8,3.8
2026-10-06T18:10,193.0,0.8,99.7,2.4,3.8
2026-10-06T18:20,196.0,0.7,99.7,2.5,3.9
2026-10-06T18:30,195.0,0.6,99.7,1.7,3.3
2026-10-06T18:40,200.0,0.5,99.7,2.1,3.8
2026-10-06T18:50,201.0,0.5,99.7,2.2,3.2
2026-10-06T19:00,199.0,0.5,99.7,2.2,3.8
2026-10-06T19:10,191.0,0.5,99.7,2.0,3.4
2026-10-06T19:20,193.0,0.2,99.7,2.6,3.6
2026-10-06T19:30,187.0,0.1,99.7,2.9,3.5
2026-10-06T19:40,189.0,0.0,99.7,2.8,3.6
2026-10-06T19:50,188.0,0.0,99.7,2.8,3.9
2026-10-06T20:00,186.0,0.0,99.7,2.5,3.1
2026-10-06T20:10,188.0,0.0,99.7,2.1,3.4
2026-10-06T20:20,185.0,0.0,99.7,2.4,3.1
2026-10-06T20:30,184.0,0.0,99.7,2.5,3.4
2026-10-06T20:40,163.0,0.4,96.6,2.3,3.5
2026-10-06T20:50,183.0,0.5,96.1,2.6,3.2
2026-10-06T21:00,182.0,0.5,96.1,2.5,3.5
2026-10-06T21:10,183.0,0.7,89.8,2.9,3.3
2026-10-06T21:20,192.0,0.5,94.3,3.0,3.9
2026-10-06T21:30,192.0,0.4,94.3,2.9,3.2
2026-10-06T21:40,191.0,0.4,89.7,3.0,3.3
2026-10-06T21:50,190.0,0.3,82.6,3.2,3.8
2026-10-06T22:00,189.0,0.2,83.9,3.1,3.6
2026-10-06T22:10,189.0,0.3,81.9,3.4,4.1
2026-10-06T22:20,188.0,0.4,79.3,3.5,4.0
2026-10-06T22:30,187.0,0.5,62.2,3.4,3.6
2026-10-06T22:40,193.0,0.3,66.5,3.5,4.5
2026-10-06T22:50,194.0,0.0,75.8,4.0,4.8
2026-10-06T23:00,189.0,0.0,72.4,4.2,4.8
2026-10-06T23:10,191.0,0.2,63.5,4.2,4.6
2026-10-06T23:20,196.0,0.2,67.5,3.1,4.9
2026-10-06T23:30,194.0,0.1,70.5,3.2,4.1
2026-10-06T23:40,200.0,0.0,73.7,2.4,3.9
2026-10-06T23:50,203.0,0.0,74.6,3.0,3.9
2026-10-07T00:00,201.0,-0.2,81.9,3.5,4.8
2026-10-07T00:10,207.0,-0.3,81.0,3.8,4.3
2026-10-07T00:20,212.0,-0.1,76.3,4.2,4.5
2026-10-07T00:30,210.0,-0.3,82.8,3.9,4.7
2026-10-07T00:40,208.0,-0.5,86.9,3.8,4.7
2026-10-07T00:50,213.0,-0.5,86.1,4.6,5.2
2026-10-07T01:10,218.0,-0.7,88.1,5.2,5.8
2026-10-07T01:20,219.0,-0.9,91.8,5.1,5.8
2026-10-07T01:30,219.0,-0.8,77.4,5.6,6.3
2026-10-07T01:40,220.0,-0.7,68.1,5.6,6.1
2026-10-07T01:50,218.0,-0.7,62.8,5.2,6.5
2026-10-07T02:00,220.0,-0.6,65.5,6.1,7.4
2026-10-07T02:10,222.0,-0.5,72.1,6.5,7.0
2026-10-07T02:20,224.0,-0.6,71.4,6.3,6.8
2026-10-07T02:30,222.0,-0.7,59.0,6.1,7.2
2026-10-07T02:40,222.0,-0.7,52.4,6.7,7.5
2026-10-07T02:50,224.0,-0.7,61.1,6.5,7.9
2026-10-07T03:00,226.0,-0.6,67.7,7.2,8.8
2026-10-07T03:10,224.0,-0.7,64.9,6.9,8.2
2026-10-07T03:20,221.0,-0.9,66.0,5.4,8.0
2026-10-07T03:30,221.0,-1.1,69.0,5.0,6.5
2026-10-07T03:40,227.0,-1.0,77.4,5.9,7.6
2026-10-07T03:50,224.0,-0.9,78.1,6.6,8.1
2026-10-07T04:00,223.0,-0.8,82.0,7.3,8.2
2026-10-07T04:10,224.0,-0.8,82.3,7.2,7.8
2026-10-07T04:20,224.0,-0.9,84.8,7.0,7.9
2026-10-07T04:30,223.0,-0.6,92.1,7.5,8.6
2026-10-07T04:40,225.0,-0.6,87.4,7.8,8.9
2026-10-07T04:50,227.0,-0.4,86.0,8.1,9.2
2026-10-07T05:00,232.0,-0.2,87.5,7.8,8.7
2026-10-07T05:10,231.0,-0.2,87.5,7.6,9.0
2026-10-07T05:20,238.0,-0.3,85.6,7.4,8.8
2026-10-07T05:30,244.0,0.1,80.8,7.0,8.7
2026-10-07T05:40,251.0,0.1,81.0,6.3,8.0
2026-10-07T05:50,252.0,0.2,80.4,5.8,6.7
2026-10-07T06:00,252.0,0.1,81.1,4.5,6.8
2026-10-07T06:10,248.0,0.2,80.7,5.0,6.5
2026-10-07T06:20,249.0,0.1,81.4,4.1,5.9
2026-10-07T06:30,254.0,0.2,80.2,4.2,6.9
2026-10-07T06:40,258.0,0.5,76.5,4.4,6.6
2026-10-07T06:50,245.0,0.1,80.6,3.0,4.3
2026-10-07T07:00,255.0,0.1,80.9,3.6,6.4
2026-10-07T07:10,231.0,-0.1,83.0,3.0,4.4
2026-10-07T07:20,242.0,0.2,80.5,3.8,5.2
2026-10-07T07:30,240.0,0.2,80.7,4.7,7.0
2026-10-07T07:40,242.0,0.2,82.5,4.0,5.6
2026-10-07T07:50,246.0,0.0,85.2,4.5,6.2
2026-10-07T08:00,246.0,-0.1,88.8,5.4,7.5
2026-10-07T08:10,242.0,0.0,89.9,6.1,8.2
2026-10-07T08:20,242.0,0.2,91.8,6.5,8.8
2026-10-07T08:30,240.0,0.2,92.6,6.5,7.6
2026-10-07T08:40,226.0,0.0,93.7,6.5,7.0
2026-10-07T08:50,219.0,-0.2,98.6,6.6,7.9
2026-10-07T09:00,225.0,0.3,92.2,7.0,8.2
2026-10-07T09:10,228.0,0.8,84.3,6.6,9.0
2026-10-07T09:20,232.0,0.8,83.2,6.2,7.8
2026-10-07T09:40,249.0,1.0,78.3,3.9,5.9
2026-10-07T09:50,236.0,0.6,88.1,3.3,5.3
2026-10-07T10:00,231.0,0.4,93.9,3.6,5.6
2026-10-07T10:10,224.0,0.6,92.4,5.0,7.1
2026-10-07T10:20,227.0,0.6,93.2,6.2,7.8
2026-10-07T10:30,232.0,0.6,94.3,6.9,8.6
2026-10-07T10:40,228.0,0.4,97.1,6.6,7.9
2026-10-07T10:50,224.0,0.4,98.0,5.9,6.8
2026-10-07T11:00,223.0,0.1,99.7,6.3,7.3
2026-10-07T11:10,224.0,0.5,98.7,6.5,7.3
2026-10-07T11:20,222.0,0.6,99.4,5.1,6.7
2026-10-07T11:30,218.0,0.4,99.7,5.5,6.8
2026-10-07T11:40,217.0,0.2,99.7,5.1,6.7
2026-10-07T11:50,219.0,0.2,99.7,5.0,6.0
2026-10-07T12:00,219.0,0.3,99.7,5.7,7.5
2026-10-07T12:10,218.0,0.4,99.7,6.2,7.4
2026-10-07T12:20,218.0,0.0,99.7,5.8,7.1
2026-10-07T12:30,211.0,0.0,99.7,6.3,7.8
2026-10-07T12:40,212.0,0.1,99.7,5.5,7.4
2026-10-07T12:50,210.0,0.2,99.7,5.1,7.2
2026-10-07T13:00,210.0,0.2,99.7,6.0,7.7
2026-10-07T13:10,211.0,0.3,99.7,5.3,7.6
2026-10-07T13:20,212.0,0.4,99.7,6.0,8.0
2026-10-07T13:30,215.0,0.5,99.7,5.5,7.2
2026-10-07T13:40,210.0,0.7,99.7,5.6,8.1
2026-10-07T13:50,210.0,0.6,99.7,6.1,7.8
2026-10-07T14:00,209.0,1.0,99.5,6.4,9.3
2026-10-07T14:10,210.0,0.9,99.7,5.9,8.4
2026-10-07T14:20,215.0,0.9,99.7,6.7,8.6
2026-10-07T14:30,211.0,0.8,99.7,6.3,8.8
2026-10-07T14:40,209.0,0.7,99.7,5.6,7.7
2026-10-07T14:50,215.0,0.7,99.6,5.5,7.1
2026-10-07T15:00,216.0,0.7,99.6,5.3,6.4
2026-10-07T15:10,216.0,0.6,99.7,6.4,7.4
2026-10-07T15:20,216.0,0.6,99.7,6.7,8.2
2026-10-07T15:30,215.0,0.6,99.7,6.3,7.5
2026-10-07T15:50,216.0,0.7,99.7,5.8,8.4
2026-10-07T16:00,213.0,0.8,99.7,5.4,7.3
2026-10-07T16:10,213.0,0.8,99.7,5.9,7.8
2026-10-07T16:20,218.0,0.9,99.7,5.4,7.4
2026-10-07T16:30,217.0,0.9,99.7,4.7,7.1
2026-10-07T16:40,217.0,0.9,99.7,4.3,6.4
2026-10-07T17:00,208.0,0.9,99.7,4.8,8.4
2026-10-07T17:10,204.0,0.9,99.7,4.4,8.1
2026-10-07T17:20,213.0,0.8,99.7,4.9,6.4
2026-10-07T17:30,214.0,0.7,99.7,4.7,6.2
2026-10-07T17:40,216.0,0.6,99.7,5.0,6.9
2026-10-07T17:50,210.0,0.7,99.7,4.9,7.3
2026-10-07T18:10,210.0,0.4,99.7,4.9,7.4
2026-10-07T18:20,212.0,0.3,99.7,4.9,6.1
2026-10-07T18:30,213.0,0.4,99.7,5.1,6.9
2026-10-07T18:40,212.0,0.4,99.7,5.2,7.9
2026-10-07T18:50,218.0,0.3,99.7,4.4,7.5
2026-10-07T19:00,203.0,0.2,99.7,4.0,7.0
2026-10-07T19:10,212.0,0.0,99.7,5.4,7.7
2026-10-07T19:20,212.0,-0.1,99.7,5.9,9.6
2026-10-07T19:30,210.0,-0.1,99.7,6.0,8.6
2026-10-07T19:40,206.0,0.0,99.7,4.9,9.4
2026-10-07T19:50,210.0,-0.2,99.7,5.4,7.7
2026-10-07T20:00,212.0,-0.2,99.7,6.0,7.5
2026-10-07T20:10,213.0,-0.3,99.7,7.0,9.0
2026-10-07T20:20,213.0,-0.3,99.7,7.5,9.2
2026-10-07T20:30,210.0,-0.1,99.7,6.6,9.4
2026-10-07T20:40,208.0,0.0,99.7,6.3,8.9
2026-10-07T20:50,213.0,0.0,99.7,6.0,8.5
2026-10-07T21:00,213.0,0.0,99.7,5.9,7.2
2026-10-07T21:10,208.0,0.1,99.7,5.8,7.4
2026-10-07T21:20,208.0,0.3,99.7,5.4,6.9
2026-10-07T21:30,208.0,0.3,99.7,4.4,6.1
2026-10-07T21:40,209.0,0.5,99.7,3.3,5.0
2026-10-07T21:50,199.0,0.5,99.7,3.5,5.7
2026-10-07T22:00,202.0,0.6,99.7,3.2,5.0
2026-10-07T22:10,196.0,0.8,99.7,4.0,6.7
2026-10-07T22:20,195.0,0.9,99.7,3.0,5.0
2026-10-07T22:30,206.0,0.8,99.7,2.3,4.3
2026-10-07T22:40,197.0,0.9,99.7,1.8,4.0
2026-10-07T22:50,199.0,1.0,99.7,1.8,5.3
2026-10-07T23:00,192.0,1.1,99.7,3.8,6.7
2026-10-07T23:10,199.0,1.1,99.7,4.5,6.7
2026-10-07T23:20,199.0,1.2,99.7,4.6,7.5
2026-10-07T23:30,197.0,1.2,99.7,5.1,7.2
2026-10-07T23:40,198.0,1.2,99.7,3.9,8.2
2026-10-07T23:50,190.0,1.3,99.7,2.5,5.5
2026-10-08T00:00,196.0,1.3,99.7,3.9,7.0
2026-10-08T00:10,198.0,1.2,99.7,4.1,7.3
2026-10-08T00:20,200.0,1.3,99.7,5.2,9.1
2026-10-08T00:30,193.0,1.3,99.7,4.6,9.2
2026-10-08T00:40,196.0,1.3,99.7,5.3,8.8
2026-10-08T00:50,198.0,1.4,99.7,6.0,10.1
2026-10-08T01:10,200.0,1.3,99.7,6.2,10.6
2026-10-08T01:20,205.0,1.3,99.7,6.5,11.6
2026-10-08T01:30,198.0,1.1,99.7,8.1,11.0
2026-10-08T01:40,202.0,1.1,99.7,7.8,11.6
2026-10-08T01:50,200.0,1.1,99.7,7.1,10.8
2026-10-08T02:00,201.0,1.1,99.7,7.9,10.6
2026-10-08T02:10,205.0,1.1,99.7,6.5,10.6
2026-10-08T02:20,201.0,1.1,99.7,5.3,8.4
2026-10-08T02:30,202.0,1.2,99.7,5.1,8.8
2026-10-08T02:40,207.0,1.3,99.7,6.5,8.6
2026-10-08T02:50,210.0,1.3,99.7,5.6,9.6
2026-10-08T03:00,197.0,1.3,99.7,4.4,9.7
2026-10-08T03:10,201.0,1.4,99.7,2.5,6.1
2026-10-08T03:20,190.0,1.5,99.7,3.5,8.2
2026-10-08T03:30,191.0,1.5,99.7,3.6,7.4
2026-10-08T03:40,195.0,1.7,99.7,3.7,7.6
2026-10-08T03:50,208.0,1.7,99.7,4.1,9.1
2026-10-08T04:00,215.0,1.7,99.7,3.6,8.4
2026-10-08T04:10,214.0,1.8,99.7,4.0,8.7
2026-10-08T04:20,212.0,1.9,99.7,2.8,8.2
2026-10-08T04:30,204.0,1.9,99.7,3.4,8.2
2026-10-08T04:40,213.0,2.0,99.7,2.6,8.8
2026-10-08T04:50,198.0,2.1,99.7,3.0,8.7
2026-10-08T05:00,186.0,2.1,99.7,5.1,7.8
2026-10-08T05:10,205.0,2.1,99.7,4.4,8.0
2026-10-08T05:20,209.0,2.2,99.7,5.0,8.8
2026-10-08T05:30,203.0,2.2,99.7,4.7,8.5
2026-10-08T05:40,194.0,2.2,99.7,4.5,8.3
2026-10-08T05:50,202.0,2.2,99.7,3.3,9.3
2026-10-08T06:00,209.0,2.2,99.7,3.4,9.2
2026-10-08T06:10,211.0,2.2,99.7,4.7,9.6
2026-10-08T06:20,218.0,2.2,99.7,3.9,7.7
2026-10-08T06:30,213.0,2.2,99.7,3.5,7.4
2026-10-08T06:40,211.0,2.0,99.7,5.3,10.2
2026-10-08T06:50,205.0,2.1,99.7,4.3,6.9
2026-10-08T07:00,219.0,2.1,99.7,5.5,9.1
2026-10-08T07:10,206.0,1.8,99.7,6.8,9.9
2026-10-08T07:20,205.0,1.8,99.7,7.8,10.8
2026-10-08T07:30,207.0,1.7,99.7,7.6,9.6
2026-10-08T07:40,208.0,1.9,99.7,5.1,7.4
2026-10-08T07:50,209.0,2.0,99.7,5.6,8.3
2026-10-08T08:00,211.0,2.1,99.7,6.7,9.1
2026-10-08T08:10,214.0,2.0,99.7,7.0,10.3
2026-10-08T08:20,212.0,2.0,99.7,6.2,12.1
2026-10-08T08:30,205.0,1.9,99.7,4.5,9.2
2026-10-08T08:40,199.0,1.9,99.7,3.5,8.3
2026-10-08T08:50,215.0,1.8,99.7,5.9,9.4
2026-10-08T09:00,215.0,1.6,99.7,7.1,9.3
2026-10-08T09:20,228.0,1.0,99.7,6.2,10.5
2026-10-08T09:40,212.0,1.2,99.7,7.2,8.7
2026-10-08T09:50,215.0,1.3,99.7,7.3,9.7
2026-10-08T10:00,210.0,1.4,99.7,6.9,9.1
2026-10-08T10:10,206.0,1.4,99.7,5.3,8.2
2026-10-08T10:20,208.0,1.3,99.7,5.6,9.4
2026-10-08T10:30,211.0,1.2,99.7,6.1,8.7
2026-10-08T10:40,208.0,1.3,99.7,5.3,9.1
2026-10-08T10:50,209.0,1.3,99.7,5.0,9.1
2026-10-08T11:00,221.0,1.4,99.7,5.5,10.6
2026-10-08T11:10,218.0,1.4,99.7,5.8,8.2
2026-10-08T11:20,214.0,1.4,99.7,5.4,8.1
2026-10-08T11:30,217.0,1.4,99.7,5.6,8.6
2026-10-08T11:40,215.0,1.4,99.7,5.4,7.4
2026-10-08T11:50,211.0,1.4,99.7,5.3,10.3
2026-10-08T12:10,214.0,0.9,99.7,6.2,10.0
2026-10-08T12:20,214.0,0.8,99.7,6.5,8.8
2026-10-08T12:30,212.0,0.7,99.7,6.5,8.4
2026-10-08T12:40,208.0,0.8,99.7,4.3,8.1
2026-10-08T12:50,214.0,0.8,99.7,4.6,7.7
2026-10-08T13:00,214.0,0.8,99.7,4.6,6.5
2026-10-08T13:10,218.0,0.8,99.7,5.5,9.0
2026-10-08T13:20,208.0,1.0,99.7,5.9,8.5
2026-10-08T13:30,207.0,1.0,99.7,6.6,9.7
2026-10-08T13:50,214.0,0.9,99.7,6.5,9.5
2026-10-08T14:00,216.0,0.8,99.7,6.5,9.6
2026-10-08T14:10,216.0,0.7,99.7,7.3,9.7
2026-10-08T14:20,218.0,1.0,99.7,7.8,10.2
2026-10-08T14:30,214.0,1.0,99.7,7.4,10.3
2026-10-08T14:40,212.0,0.9,99.7,6.9,9.2
2026-10-08T14:50,211.0,0.7,99.7,7.0,9.5
2026-10-08T15:00,210.0,0.7,99.7,7.8,10.4
2026-10-08T15:10,213.0,0.8,99.7,5.9,8.7
2026-10-08T15:20,218.0,0.9,99.7,4.5,6.7
2026-10-08T15:40,218.0,1.0,99.7,7.3,9.7
2026-10-08T15:50,220.0,1.0,99.7,6.3,10.3
2026-10-08T16:00,218.0,1.1,99.7,5.0,7.2
2026-10-08T16:10,213.0,1.2,99.7,4.9,6.9
2026-10-08T16:20,214.0,1.2,99.7,4.7,6.9
2026-10-08T16:30,212.0,1.2,99.7,5.1,7.0
2026-10-08T16:40,214.0,1.2,99.7,5.1,7.4
2026-10-08T16:50,214.0,1.2,99.7,4.9,6.5
2026-10-08T17:00,207.0,1.2,99.7,4.7,7.4
2026-10-08T17:10,213.0,1.2,99.7,4.6,6.4
2026-10-08T17:20,216.0,1.2,99.7,4.7,6.4
2026-10-08T17:30,215.0,1.2,99.7,4.5,5.8
2026-10-08T17:40,218.0,1.3,99.7,4.1,5.8
2026-10-08T17:50,224.0,1.3,99.7,3.9,6.2
2026-10-08T18:00,238.0,1.3,99.7,3.8,6.7
2026-10-08T18:10,209.0,1.4,99.7,2.9,5.0
2026-10-08T18:20,216.0,1.3,99.7,3.4,6.5
2026-10-08T18:40,245.0,1.2,99.7,3.5,5.7
2026-10-08T18:50,243.0,1.3,99.7,3.1,5.3
2026-10-08T19:00,249.0,1.2,99.7,4.1,6.6
2026-10-08T19:10,252.0,1.2,99.7,4.1,6.3
2026-10-08T19:20,247.0,1.4,99.7,3.4,5.7
2026-10-08T19:30,5.0,1.6,99.7,0.3,1.5
2026-10-08T19:40,229.0,1.7,99.7,0.7,3.2
2026-10-08T19:50,271.0,1.4,99.7,3.7,6.8
2026-10-08T20:00,280.0,1.3,99.7,4.5,6.9
2026-10-08T20:10,260.0,0.9,99.7,5.7,8.8
2026-10-08T20:20,263.0,0.8,99.7,5.1,7.4
2026-10-08T20:30,271.0,0.9,99.7,4.3,7.2
2026-10-08T20:40,264.0,1.0,99.7,4.1,7.2
2026-10-08T20:50,258.0,1.3,99.7,0.5,4.2
2026-10-08T21:00,265.0,1.2,99.7,2.2,6.6
2026-10-08T21:10,288.0,1.1,99.7,2.5,6.0
2026-10-08T21:20,346.0,1.3,99.7,1.1,3.9
2026-10-08T21:30,297.0,0.6,99.7,4.2,6.4
2026-10-08T21:40,308.0,0.5,99.7,5.3,6.9
2026-10-08T21:50,334.0,0.4,99.7,3.5,5.7
2026-10-08T22:00,339.0,0.1,99.7,3.7,5.1
2026-10-08T22:10,352.0,0.1,99.7,2.3,4.8
2026-10-08T22:20,355.0,0.0,99.7,2.9,4.9
2026-10-08T22:30,0.0,0.0,99.7,1.7,4.1
2026-10-08T22:40,8.0,0.1,99.7,1.9,5.8
2026-10-08T22:50,357.0,0.0,99.7,2.5,5.2
2026-10-08T23:00,326.0,0.0,99.7,1.6,4.0
2026-10-08T23:10,345.0,0.1,99.7,1.6,4.0
2026-10-08T23:20,334.0,0.1,99.7,1.9,4.4
2026-10-08T23:30,318.0,0.0,99.7,3.4,5.3
2026-10-08T23:40,318.0,0.0,99.7,3.3,5.2
2026-10-08T23:50,325.0,0.0,99.7,3.5,5.9
2026-10-09T00:00,346.0,-0.5,99.7,2.5,5.3
2026-10-09T00:10,350.0,-0.7,99.7,2.3,4.5
2026-10-09T00:20,350.0,-0.7,99.7,2.5,4.4
2026-10-09T00:30,347.0,-0.7,99.7,2.7,3.9
2026-10-09T00:40,3.0,-0.7,99.7,1.4,4.4
2026-10-09T00:50,355.0,-0.7,99.7,2.2,3.8
2026-10-09T01:20,17.0,-0.6,99.7,1.6,2.4
2026-10-09T01:30,25.0,-0.6,99.7,1.6,2.4
2026-10-09T01:40,28.0,-0.8,99.7,2.1,2.6
2026-10-09T01:50,31.0,-0.8,99.7,2.4,2.8
2026-10-09T02:00,31.0,-0.9,99.7,1.2,2.4
2026-10-09T02:10,29.0,-0.7,99.7,1.5,2.4
2026-10-09T02:20,38.0,-0.9,99.7,1.7,2.5
2026-10-09T02:30,34.0,-1.0,99.7,1.3,2.4
2026-10-09T02:40,70.0,-1.0,99.7,0.7,1.8
2026-10-09T02:50,109.0,-0.9,99.7,1.6,3.0
2026-10-09T03:00,133.0,-0.8,99.7,2.0,3.0
2026-10-09T03:10,144.0,-0.7,99.7,1.7,2.3
2026-10-09T03:20,155.0,-0.7,99.7,0.2,1.2
2026-10-09T03:30,148.0,-0.6,99.7,1.4,2.6
2026-10-09T03:40,155.0,-0.5,99.7,1.8,3.0
2026-10-09T03:50,141.0,-0.4,99.7,1.9,3.0
2026-10-09T04:00,157.0,-0.4,99.7,1.7,3.7
2026-10-09T04:10,183.0,-0.2,99.7,2.6,3.9
2026-10-09T04:20,179.0,-0.1,99.7,2.7,3.8
2026-10-09T04:30,169.0,-0.1,99.7,2.3,4.2
2026-10-09T04:40,187.0,0.0,99.7,2.0,4.3
2026-10-09T04:50,191.0,0.0,99.7,2.1,3.4
2026-10-09T05:00,189.0,0.0,99.7,2.4,3.5
2026-10-09T05:10,196.0,0.1,99.7,3.5,4.8
2026-10-09T05:20,194.0,0.3,99.7,3.5,5.2
2026-10-09T05:30,192.0,0.3,99.7,2.5,5.4
2026-10-09T05:40,198.0,0.4,99.7,1.3,3.3
2026-10-09T05:50,194.0,0.2,99.7,2.3,3.1
2026-10-09T06:00,198.0,0.3,99.7,3.0,4.1
2026-10-09T06:10,201.0,0.3,99.7,3.3,4.4
2026-10-09T06:20,199.0,0.4,99.7,3.8,6.9
2026-10-09T06:30,201.0,0.4,99.7,4.6,6.3
2026-10-09T06:40,207.0,0.4,99.7,5.0,6.2
2026-10-09T06:50,204.0,0.4,99.7,4.9,7.0
2026-10-09T07:00,200.0,0.5,99.7,4.6,5.8
2026-10-09T07:10,200.0,0.5,99.7,4.1,6.3
2026-10-09T07:20,202.0,0.4,99.7,4.4,6.9
2026-10-09T07:30,202.0,0.4,99.7,5.2,6.8
2026-10-09T07:40,204.0,0.3,99.7,5.1,6.4
2026-10-09T07:50,214.0,0.3,99.7,5.3,6.1
2026-10-09T08:00,215.0,0.2,99.7,4.8,5.8
2026-10-09T08:20,211.0,0.4,99.7,4.6,6.6
2026-10-09T08:30,212.0,0.4,99.7,4.8,6.4
2026-10-09T08:40,210.0,0.4,99.7,3.1,5.6
2026-10-09T08:50,208.0,0.2,99.7,4.4,7.4
2026-10-09T09:00,210.0,0.1,99.7,4.1,7.9
2026-10-09T09:10,219.0,0.0,99.7,4.5,8.2
2026-10-09T09:20,202.0,0.2,99.7,2.7,5.6
2026-10-09T09:30,204.0,0.1,99.7,5.0,8.1
2026-10-09T09:40,204.0,0.1,99.7,5.1,7.4
2026-10-09T09:50,207.0,0.0,99.7,4.8,7.0
2026-10-09T10:00,207.0,0.0,99.7,5.0,7.3
2026-10-09T10:10,207.0,0.0,99.7,5.4,8.0
2026-10-09T10:20,198.0,0.2,99.7,4.7,7.5
2026-10-09T10:30,203.0,0.0,99.7,5.9,8.8
2026-10-09T10:40,202.0,0.0,99.7,6.1,8.8
2026-10-09T10:50,210.0,0.0,99.7,5.7,7.8
2026-10-09T11:00,206.0,0.1,99.7,4.7,6.9
2026-10-09T11:10,204.0,0.3,99.7,4.4,7.3
2026-10-09T11:20,212.0,0.4,99.7,4.8,7.9
2026-10-09T11:30,210.0,0.4,99.7,4.2,7.7
2026-10-09T11:40,219.0,0.5,99.7,4.0,6.5
2026-10-09T11:50,206.0,0.4,99.7,4.6,7.8
2026-10-09T12:00,215.0,0.4,99.7,3.1,7.0
2026-10-09T12:10,219.0,0.4,99.7,4.9,9.0
2026-10-09T12:20,210.0,0.3,99.7,4.7,8.3
2026-10-09T12:30,216.0,0.4,99.7,4.1,7.5
2026-10-09T12:40,207.0,0.5,99.7,3.9,7.1
2026-10-09T12:50,210.0,0.4,99.7,5.8,8.6
2026-10-09T13:00,215.0,0.5,99.7,5.3,7.4
2026-10-09T13:20,215.0,0.6,99.7,4.5,8.6
2026-10-09T13:30,207.0,0.7,99.7,3.6,7.0
2026-10-09T13:40,207.0,0.7,99.7,3.5,7.6
2026-10-09T13:50,206.0,0.8,99.7,3.4,7.3
2026-10-09T14:00,209.0,0.8,99.7,3.6,6.5
2026-10-09T14:30,206.0,0.8,99.7,4.5,6.7
2026-10-09T14:40,208.0,0.8,99.7,4.2,6.1
2026-10-09T14:50,208.0,1.0,99.7,4.8,6.8
2026-10-09T15:00,201.0,1.0,99.7,3.6,5.2
2026-10-09T15:10,201.0,1.1,99.7,3.2,6.0
2026-10-09T15:20,204.0,1.0,99.7,4.1,7.7
2026-10-09T15:30,208.0,1.0,99.7,4.2,7.5
2026-10-09T15:50,204.0,1.1,99.7,4.0,6.5
2026-10-09T16:00,209.0,0.9,99.7,4.2,6.2
2026-10-09T16:10,211.0,1.0,99.7,4.5,6.8
2026-10-09T16:20,213.0,1.1,99.7,3.9,6.0
2026-10-09T16:30,214.0,1.1,99.7,4.0,6.9
2026-10-09T16:40,213.0,1.0,99.7,3.0,4.9
2026-10-09T16:50,206.0,1.1,99.7,3.5,5.8
2026-10-09T17:00,210.0,1.2,99.7,2.0,5.0
2026-10-09T17:10,219.0,1.3,99.7,1.4,5.6
2026-10-09T17:20,234.0,1.3,99.7,2.2,7.2
2026-10-09T17:30,218.0,1.1,99.7,2.4,5.1
2026-10-09T17:40,206.0,1.1,99.7,2.3,4.9
2026-10-09T17:50,205.0,1.1,99.7,2.7,4.8
2026-10-09T18:00,212.0,0.7,99.7,3.7,5.6
2026-10-09T18:10,234.0,0.6,99.7,3.6,6.1
2026-10-09T18:20,232.0,0.5,99.7,4.1,6.7
2026-10-09T18:30,246.0,0.5,99.7,4.1,6.0
2026-10-09T18:40,256.0,0.3,99.7,3.0,5.4
2026-10-09T18:50,257.0,0.1,99.7,4.6,6.2
2026-10-09T19:00,255.0,0.2,99.7,5.1,6.7
2026-10-09T19:10,256.0,0.6,99.7,5.0,7.4
2026-10-09T19:20,257.0,1.3,91.1,5.2,7.4
2026-10-09T19:30,253.0,1.2,89.6,3.6,5.7
2026-10-09T19:40,258.0,1.4,82.7,5.1,8.3
2026-10-09T19:50,258.0,1.6,82.4,4.9,6.6
2026-10-09T20:00,282.0,1.5,85.0,3.6,6.1
2026-10-09T20:10,284.0,1.5,85.6,3.7,7.2
2026-10-09T20:20,262.0,1.4,88.0,3.0,5.2
2026-10-09T20:30,248.0,1.3,90.4,1.8,3.7
2026-10-09T20:40,258.0,0.9,98.8,1.4,4.1
2026-10-09T20:50,254.0,0.5,99.7,3.1,5.9
2026-10-09T21:00,259.0,0.5,99.7,5.4,9.0
2026-10-09T21:10,257.0,0.6,99.7,4.0,7.5
2026-10-09T21:20,255.0,0.9,99.7,3.4,6.0
2026-10-09T21:30,255.0,1.0,97.2,4.1,6.9
2026-10-09T21:40,266.0,1.0,99.2,4.9,6.7
2026-10-09T21:50,261.0,1.0,99.0,5.1,7.5
2026-10-09T22:00,259.0,1.0,96.8,4.8,6.9
2026-10-09T22:10,256.0,1.1,95.2,5.0,7.7
2026-10-09T22:20,262.0,1.2,91.3,5.4,7.3
2026-10-09T22:30,267.0,1.3,86.5,5.4,6.6
2026-10-09T22:40,255.0,1.2,88.9,4.7,7.9
2026-10-09T22:50,263.0,1.2,84.8,2.9,6.1
2026-10-09T23:00,264.0,1.1,85.6,2.0,5.0
2026-10-09T23:10,245.0,1.1,85.7,2.3,4.6
2026-10-09T23:20,248.0,1.0,87.3,3.1,4.5
2026-10-09T23:30,248.0,1.0,85.6,1.8,3.5
2026-10-09T23:40,217.0,1.0,88.0,1.5,2.7
2026-10-09T23:50,217.0,0.8,94.6,1.2,2.1
2026-10-10T00:00,218.0,0.7,98.6,1.3,2.5
2026-10-10T00:10,204.0,0.6,99.8,1.6,2.5
2026-10-10T00:20,227.0,0.6,97.6,2.5,3.2
2026-10-10T00:30,239.0,0.7,95.6,2.8,4.0
2026-10-10T00:40,224.0,0.5,99.3,2.9,3.7
2026-10-10T00:50,228.0,0.2,99.8,1.9,3.4
2026-10-10T01:10,242.0,-0.3,99.7,2.3,4.5
2026-10-10T01:30,259.0,-0.4,99.7,3.3,5.6
2026-10-10T01:40,256.0,0.0,95.3,4.1,5.9
2026-10-10T01:50,262.0,0.7,84.5,2.8,5.8
2026-10-10T02:00,277.0,0.6,85.6,2.2,4.9
2026-10-10T02:10,269.0,0.1,95.8,1.2,3.9
2026-10-10T02:20,256.0,0.0,99.0,0.6,4.0
2026-10-10T02:30,267.0,-0.5,99.7,2.9,5.7
2026-10-10T02:40,261.0,-0.6,99.7,2.7,5.7
2026-10-10T02:50,245.0,-0.5,99.7,3.1,5.3
2026-10-10T03:00,245.0,-0.6,99.7,2.1,4.3
2026-10-10T03:10,240.0,-0.7,99.7,2.5,4.6
2026-10-10T03:20,235.0,-0.8,99.7,2.5,3.8
2026-10-10T03:30,244.0,-0.8,99.7,3.0,4.7
2026-10-10T03:40,237.0,-0.8,99.7,4.3,5.7
2026-10-10T03:50,228.0,-0.2,99.7,6.3,7.0
2026-10-10T04:00,227.0,0.5,97.1,6.4,6.9
2026-10-10T04:10,229.0,0.6,94.5,6.3,7.4
2026-10-10T04:20,231.0,0.7,93.0,6.1,7.0
2026-10-10T04:30,235.0,0.7,90.9,5.8,7.4
2026-10-10T04:40,236.0,0.8,87.6,5.4,7.0
2026-10-10T04:50,235.0,0.8,86.0,4.6,6.1
2026-10-10T05:00,232.0,0.8,85.4,4.3,5.3
2026-10-10T05:10,244.0,0.8,83.1,3.7,5.2
2026-10-10T05:20,236.0,0.8,80.6,2.7,4.3
2026-10-10T05:30,244.0,0.7,83.7,3.0,4.5
2026-10-10T05:40,246.0,0.7,77.6,2.8,4.4
2026-10-10T05:50,257.0,0.9,71.5,2.7,3.5
2026-10-10T06:00,262.0,1.0,68.4,3.2,4.4
2026-10-10T06:10,261.0,1.0,68.7,2.6,3.9
2026-10-10T06:20,266.0,1.0,68.7,2.4,3.2
2026-10-10T06:30,261.0,0.8,71.6,2.2,2.9
2026-10-10T06:40,243.0,0.6,74.3,1.9,2.8
2026-10-10T06:50,227.0,0.7,72.2,1.5,2.3
2026-10-10T07:00,269.0,0.9,68.7,1.2,2.4
2026-10-10T07:10,251.0,0.9,69.0,1.2,1.7
2026-10-10T07:20,229.0,0.9,67.2,1.4,1.8
2026-10-10T07:30,245.0,0.9,68.2,1.2,1.5
2026-10-10T07:40,238.0,0.9,69.4,0.7,1.5
2026-10-10T07:50,250.0,1.2,67.1,1.4,1.9
2026-10-10T08:00,264.0,1.3,65.8,1.7,2.6
2026-10-10T08:10,292.0,1.3,65.4,1.6,2.5
2026-10-10T08:20,313.0,1.4,64.3,1.6,2.3
2026-10-10T08:30,314.0,1.7,62.6,0.7,2.0
2026-10-10T08:40,172.0,2.8,58.9,0.1,1.1
2026-10-10T08:50,137.0,1.7,69.7,0.1,0.8
2026-10-10T09:00,182.0,1.5,68.1,0.1,0.7
2026-10-10T09:10,96.0,1.6,70.7,0.0,0.0
2026-10-10T09:20,129.0,1.5,76.1,0.1,1.5
2026-10-10T09:30,147.0,1.1,77.2,0.5,1.3
2026-10-10T09:40,155.0,1.1,75.5,1.0,1.9
2026-10-10T09:50,156.0,1.4,71.3,0.3,1.3
2026-10-10T10:00,136.0,1.8,73.1,0.2,0.9
2026-10-10T10:10,186.0,1.7,74.6,0.8,1.9
2026-10-10T10:20,191.0,1.3,81.8,1.3,2.2
2026-10-10T10:30,186.0,2.0,73.4,0.9,2.0
2026-10-10T10:40,182.0,2.9,71.4,0.3,1.6
2026-10-10T10:50,188.0,2.0,90.4,1.2,3.1
2026-10-10T11:00,195.0,1.7,92.5,1.9,2.9
2026-10-10T11:10,177.0,2.0,96.4,1.2,2.7
2026-10-10T11:20,193.0,1.0,99.7,1.3,2.5
2026-10-10T11:30,188.0,0.7,99.7,1.8,2.9
2026-10-10T11:40,206.0,1.3,95.4,2.0,3.2
2026-10-10T11:50,206.0,1.8,85.5,2.2,3.0
2026-10-10T12:00,196.0,1.3,86.4,2.1,3.2
2026-10-10T12:20,195.0,1.0,98.7,2.9,3.9
2026-10-10T12:30,196.0,1.4,97.1,3.0,3.7
2026-10-10T12:40,200.0,1.6,88.3,2.6,3.7
2026-10-10T12:50,198.0,1.5,94.9,2.7,4.0
2026-10-10T13:00,196.0,1.2,96.4,3.0,4.5
2026-10-10T13:10,194.0,1.3,97.7,3.1,3.9
2026-10-10T13:20,197.0,1.1,99.7,3.1,4.1
2026-10-10T13:30,198.0,1.1,99.4,1.5,3.1
2026-10-10T13:40,202.0,0.9,99.7,2.8,4.7
2026-10-10T13:50,237.0,0.7,99.7,2.5,5.6
2026-10-10T14:00,238.0,0.5,99.7,4.2,6.4
2026-10-10T14:10,243.0,0.5,99.7,2.9,5.6
2026-10-10T14:20,247.0,0.3,99.7,4.0,7.4
2026-10-10T14:30,251.0,0.4,99.7,3.8,6.8
2026-10-10T14:40,262.0,0.5,99.7,3.0,8.0
2026-10-10T14:50,271.0,0.3,99.7,4.1,6.8
2026-10-10T15:00,244.0,0.2,99.7,5.2,7.4
2026-10-10T15:10,250.0,0.1,99.7,4.9,6.6
2026-10-10T15:20,255.0,0.1,99.7,4.6,8.0
2026-10-10T15:30,251.0,0.2,99.7,4.8,7.1
2026-10-10T15:40,246.0,0.1,99.7,6.0,9.7
2026-10-10T15:50,257.0,0.0,99.7,7.7,11.0
2026-10-10T16:00,256.0,0.0,99.7,4.8,7.5
2026-10-10T16:10,277.0,0.1,99.7,4.8,9.6
2026-10-10T16:20,271.0,0.1,99.7,4.4,7.7
2026-10-10T16:30,296.0,0.1,99.7,2.6,6.1
2026-10-10T16:40,304.0,0.1,99.7,3.2,7.3
2026-10-10T16:50,295.0,0.2,99.7,4.2,7.8
2026-10-10T17:00,300.0,0.1,99.7,5.3,8.7
2026-10-10T17:10,311.0,0.0,99.7,5.0,9.9
2026-10-10T17:20,310.0,0.0,99.7,5.6,7.8
2026-10-10T17:30,305.0,-0.1,99.7,5.1,6.9
2026-10-10T17:40,300.0,-0.1,99.7,3.9,6.0
2026-10-10T17:50,309.0,0.0,99.7,3.7,6.2
2026-10-10T18:00,317.0,0.0,99.7,2.8,4.3
2026-10-10T18:10,328.0,0.1,99.7,3.0,5.3
2026-10-10T18:20,315.0,0.1,99.7,3.9,5.7
2026-10-10T18:30,327.0,0.2,99.5,3.3,5.4
2026-10-10T18:40,331.0,0.1,99.8,3.0,5.1
2026-10-10T18:50,329.0,0.0,99.7,2.8,4.4
2026-10-10T19:00,336.0,0.0,99.7,3.4,4.9
2026-10-10T19:10,347.0,0.0,99.8,2.3,4.2
2026-10-10T19:20,354.0,0.0,99.7,1.8,3.8
2026-10-10T19:30,345.0,0.0,99.7,1.9,4.0
2026-10-10T19:40,355.0,-0.1,99.7,1.4,3.4
2026-10-10T19:50,350.0,-0.1,99.8,1.3,3.5
2026-10-10T20:00,337.0,-0.1,99.8,2.2,4.3
2026-10-10T20:10,323.0,-0.2,99.8,2.5,4.0
2026-10-10T20:20,323.0,-0.3,99.7,2.4,3.9
2026-10-10T20:30,324.0,-0.3,99.7,2.7,4.5
2026-10-10T20:40,330.0,-0.4,99.7,1.9,4.3
2026-10-10T20:50,340.0,-0.5,99.7,1.1,3.0
2026-10-10T21:00,349.0,-0.5,99.7,0.9,2.6
2026-10-10T21:10,7.0,-0.5,99.7,0.5,2.2
2026-10-10T21:20,350.0,-0.6,99.7,1.1,3.0
2026-10-10T21:30,340.0,-0.6,99.5,2.1,3.5
2026-10-10T21:40,327.0,-0.6,98.6,2.8,4.7
2026-10-10T21:50,315.0,-0.6,96.1,4.1,7.2
2026-10-10T22:00,313.0,-0.5,86.1,5.1,7.3
2026-10-10T22:10,320.0,-0.5,84.8,4.9,7.0
2026-10-10T22:20,325.0,-0.6,84.0,5.1,6.6
2026-10-10T22:30,322.0,-0.6,83.3,5.0,6.4
