datetime,DVENTO,PREC,PRESS,RADSOL,SOLEGG,TEMP,UMID,VVENTO,VVENTOMAX
2026-08-20T21:50,62.0,0.0,1018.3,0.0,0.0,13.6,99.9,0.3,0.8
2026-08-20T21:55,,0.1,,,,,,,
2026-08-20T22:00,93.7,0.0,1018.2,0.0,0.0,13.7,99.9,0.4,2.3
2026-08-20T22:05,,0.1,,,,,,,
2026-08-20T22:10,357.9,0.0,1017.7,0.0,0.0,13.6,99.9,2.3,3.2
2026-08-20T22:15,,0.0,,,,,,,
2026-08-20T22:20,346.6,0.0,1017.6,0.0,0.0,13.5,99.9,1.6,3.0
2026-08-20T22:25,,0.0,,,,,,,
2026-08-20T22:30,73.2,0.1,1017.6,0.0,0.0,13.5,99.9,0.6,1.2
2026-08-20T22:35,,0.0,,,,,,,
2026-08-20T22:40,45.9,0.0,1017.4,0.0,0.0,13.5,99.9,0.1,0.6
2026-08-20T22:45,,0.0,,,,,,,
2026-08-20T22:50,111.6,0.1,1017.4,0.0,0.0,13.5,99.9,0.6,1.0
2026-08-20T22:55,,0.2,,,,,,,
2026-08-20T23:00,211.1,0.0,1017.6,0.0,0.0,13.5,99.9,0.2,0.7
2026-08-20T23:05,,0.1,,,,,,,
2026-08-20T23:10,6.2,0.1,1017.6,0.0,0.0,13.5,99.9,0.3,1.1
2026-08-20T23:15,,0.0,,,,,,,
2026-08-20T23:20,98.6,0.1,1017.4,0.0,0.0,13.5,99.9,0.3,0.9
2026-08-20T23:25,,0.1,,,,,,,
2026-08-20T23:30,351.6,0.0,1017.3,0.0,0.0,13.5,99.9,0.4,0.6
2026-08-20T23:35,,0.1,,,,,,,
2026-08-20T23:40,72.0,0.0,1017.3,0.0,0.0,13.5,99.9,0.3,0.6
2026-08-20T23:45,,0.0,,,,,,,
2026-08-20T23:50,329.6,0.0,1017.2,0.0,0.0,13.5,99.9,0.2,0.4
2026-08-20T23:55,,0.0,,,,,,,
2026-08-21T00:00,153.2,0.0,1017.1,0.0,0.0,13.5,99.9,0.3,0.9
2026-08-21T00:05,,0.0,,,,,,,
2026-08-21T00:10,111.0,0.0,1017.1,0.0,0.0,13.4,99.9,0.3,0.8
2026-08-21T00:15,,0.0,,,,,,,
2026-08-21T00:20,319.4,0.0,1017.1,0.0,0.0,13.4,99.9,0.4,0.8
2026-08-21T00:25,,0.0,,,,,,,
2026-08-21T00:30,324.0,0.0,1016.7,0.0,0.0,13.4,99.9,0.3,0.8
2026-08-21T00:35,,0.0,,,,,,,
2026-08-21T00:40,117.1,0.0,1016.5,0.0,0.0,13.4,99.9,0.2,0.7
2026-08-21T00:45,,0.0,,,,,,,
2026-08-21T00:50,21.2,0.0,1016.3,0.0,0.0,13.4,99.9,0.5,1.6
2026-08-21T00:55,,0.0,,,,,,,
2026-08-21T01:00,6.2,0.0,1016.1,0.0,0.0,13.3,99.9,0.7,1.1
2026-08-21T01:05,,0.0,,,,,,,
2026-08-21T01:10,306.1,0.0,1016.0,0.0,0.0,13.3,99.9,0.4,1.0
2026-08-21T01:15,,0.0,,,,,,,
2026-08-21T01:20,99.0,0.0,1015.8,0.0,0.0,13.3,99.9,0.4,0.6
2026-08-21T01:25,,0.0,,,,,,,
2026-08-21T01:30,45.1,0.0,1015.6,0.0,0.0,13.3,99.9,0.5,0.9
2026-08-21T01:35,,0.0,,,,,,,
2026-08-21T01:40,78.9,0.0,1015.3,0.0,0.0,13.3,99.9,0.6,1.1
2026-08-21T01:45,,0.0,,,,,,,
2026-08-21T01:50,335.8,0.0,1015.5,0.0,0.0,13.2,99.9,0.9,1.5
2026-08-21T01:55,,0.0,,,,,,,
2026-08-21T02:00,47.9,0.0,1015.8,0.0,0.0,13.3,99.9,0.6,0.9
2026-08-21T02:05,,0.0,,,,,,,
2026-08-21T02:10,330.1,0.0,1016.0,0.0,0.0,13.2,99.9,0.7,1.6
2026-08-21T02:15,,0.0,,,,,,,
2026-08-21T02:20,281.7,0.0,1016.2,0.0,0.0,13.0,99.9,0.0,0.8
2026-08-21T02:25,,0.0,,,,,,,
2026-08-21T02:30,196.8,0.0,1016.0,0.0,0.0,13.2,99.9,0.3,1.1
2026-08-21T02:35,,0.0,,,,,,,
2026-08-21T02:40,347.7,0.0,1016.3,0.0,0.0,12.8,99.9,0.8,1.6
2026-08-21T02:45,,0.0,,,,,,,
2026-08-21T02:50,3.2,0.0,1016.2,0.0,0.0,13.1,99.9,1.0,1.7
2026-08-21T02:55,,0.0,,,,,,,
2026-08-21T03:00,342.8,0.0,1016.0,0.0,0.0,13.1,99.9,1.1,1.7
2026-08-21T03:05,,0.0,,,,,,,
2026-08-21T03:10,287.7,0.0,1016.0,0.0,0.0,12.9,99.9,0.9,1.3
2026-08-21T03:15,,0.0,,,,,,,
2026-08-21T03:20,182.7,0.0,1015.9,0.0,0.0,13.0,99.9,1.0,2.7
2026-08-21T03:25,,0.0,,,,,,,
2026-08-21T03:30,149.3,0.0,1015.8,0.0,0.0,13.0,99.9,1.2,2.9
2026-08-21T03:35,,0.0,,,,,,,
2026-08-21T03:40,329.2,0.0,1015.6,0.0,0.0,12.8,99.9,0.8,1.5
2026-08-21T03:45,,0.0,,,,,,,
2026-08-21T03:50,285.7,0.0,1015.8,0.0,0.0,12.8,99.9,1.0,1.6
2026-08-21T03:55,,0.0,,,,,,,
2026-08-21T04:00,161.5,0.0,1016.1,0.0,0.0,12.9,99.9,0.2,0.8
2026-08-21T04:05,,0.0,,,,,,,
2026-08-21T04:10,323.8,0.0,1016.1,0.0,0.0,12.9,99.9,0.1,1.1
2026-08-21T04:15,,0.0,,,,,,,
2026-08-21T04:20,153.1,0.0,1016.3,0.0,0.0,12.8,99.9,0.1,1.0
2026-08-21T04:25,,0.0,,,,,,,
2026-08-21T04:30,315.6,0.0,1016.5,0.0,0.0,12.4,99.9,0.7,1.1
2026-08-21T04:35,,0.0,,,,,,,
2026-08-21T04:40,160.6,0.0,1016.5,0.0,0.0,12.6,99.9,0.2,0.8
2026-08-21T04:45,,0.0,,,,,,,
2026-08-21T04:50,7.8,0.0,1016.4,0.0,0.0,12.5,99.9,0.0,1.1
2026-08-21T04:55,,0.0,,,,,,,
2026-08-21T05:00,313.7,0.0,1016.5,0.0,0.0,12.4,99.9,0.5,1.3
2026-08-21T05:05,,0.0,,,,,,,
2026-08-21T05:10,330.1,0.0,1016.4,0.0,0.0,12.4,99.9,0.6,1.2
2026-08-21T05:15,,0.0,,,,,,,
2026-08-21T05:20,324.0,0.0,1016.2,0.0,0.0,12.5,99.9,0.8,1.5
2026-08-21T05:25,,0.0,,,,,,,
2026-08-21T05:30,332.1,0.0,1016.2,0.0,0.0,12.5,99.9,1.2,1.7
2026-08-21T05:35,,0.0,,,,,,,
2026-08-21T05:40,324.3,0.0,1016.2,0.0,0.0,12.5,99.9,0.7,1.1
2026-08-21T05:45,,0.0,,,,,,,
2026-08-21T05:50,172.8,0.0,1016.0,0.0,0.0,12.7,99.9,0.5,1.1
2026-08-21T05:55,,0.0,,,,,,,
2026-08-21T06:00,124.1,0.0,1016.0,0.0,0.0,12.7,99.9,0.7,0.8
2026-08-21T06:05,,0.0,,,,,,,
2026-08-21T06:10,163.9,0.0,1016.1,0.0,0.0,12.5,99.9,0.3,0.8
2026-08-21T06:15,,0.0,,,,,,,
2026-08-21T06:20,141.5,0.0,1015.8,0.0,0.0,12.5,99.9,0.1,0.5
2026-08-21T06:25,,0.0,,,,,,,
2026-08-21T06:30,98.2,0.0,1015.8,0.0,0.0,12.4,99.9,0.4,0.7
2026-08-21T06:35,,0.0,,,,,,,
2026-08-21T06:40,74.3,0.0,1015.7,0.4,0.0,12.5,99.9,0.2,0.5
2026-08-21T06:45,,0.0,,,,,,,
2026-08-21T06:50,194.6,0.0,1015.7,4.1,0.0,12.6,99.9,0.6,0.9
2026-08-21T06:55,,0.0,,,,,,,
2026-08-21T07:00,138.3,0.0,1015.6,10.4,0.0,12.6,99.9,0.6,1.0
2026-08-21T07:05,,0.0,,,,,,,
2026-08-21T07:10,168.2,0.0,1015.7,14.5,0.0,12.6,99.9,1.0,1.3
2026-08-21T07:15,,0.0,,,,,,,
2026-08-21T07:20,77.3,0.0,1015.4,15.1,0.0,12.5,99.9,0.3,1.2
2026-08-21T07:25,,0.0,,,,,,,
2026-08-21T07:30,148.7,0.0,1015.2,23.1,0.0,12.5,99.9,0.5,1.3
2026-08-21T07:35,,0.0,,,,,,,
2026-08-21T07:40,138.4,0.0,1015.1,40.9,0.0,12.6,99.9,0.7,0.9
2026-08-21T07:45,,0.0,,,,,,,
2026-08-21T07:50,171.0,0.0,1015.0,59.8,0.0,12.8,99.9,1.5,3.0
2026-08-21T07:55,,0.0,,,,,,,
2026-08-21T08:00,159.8,0.0,1014.7,77.3,0.0,12.8,99.9,1.2,2.3
2026-08-21T08:05,,0.0,,,,,,,
2026-08-21T08:10,170.7,0.0,1014.2,50.0,0.0,13.0,99.9,1.3,2.3
2026-08-21T08:15,,0.0,,,,,,,
2026-08-21T08:20,151.3,0.0,1014.2,65.5,0.0,13.0,99.9,1.1,1.6
2026-08-21T08:25,,0.0,,,,,,,
2026-08-21T08:30,146.2,0.0,1014.2,78.5,0.0,13.1,99.9,0.8,1.2
2026-08-21T08:35,,0.0,,,,,,,
2026-08-21T08:40,173.5,0.0,1014.3,103.7,0.0,13.4,99.9,1.2,1.7
2026-08-21T08:45,,0.0,,,,,,,
2026-08-21T08:50,161.0,0.0,1014.5,116.9,0.0,13.6,99.9,0.9,1.7
2026-08-21T08:55,,0.0,,,,,,,
2026-08-21T09:00,161.3,0.0,1014.4,104.2,0.0,13.7,99.9,1.1,1.9
2026-08-21T09:05,,0.0,,,,,,,
2026-08-21T09:10,160.3,0.0,1014.4,145.9,0.0,13.8,99.9,0.9,1.4
2026-08-21T09:15,,0.0,,,,,,,
2026-08-21T09:20,158.1,0.0,1014.1,175.0,0.0,14.0,100.0,0.5,1.2
2026-08-21T09:25,,0.0,,,,,,,
2026-08-21T09:30,55.2,0.0,1014.1,162.6,0.0,14.1,100.0,0.3,1.0
2026-08-21T09:35,,0.0,,,,,,,
2026-08-21T09:40,328.5,0.0,1014.2,111.0,0.0,14.1,100.0,0.3,0.9
2026-08-21T09:45,,0.0,,,,,,,
2026-08-21T09:50,349.5,0.0,1014.4,72.6,0.0,14.1,100.0,0.3,0.5
2026-08-21T09:55,,0.0,,,,,,,
2026-08-21T10:00,67.3,0.0,1014.4,52.0,0.0,14.1,100.0,0.2,0.9
2026-08-21T10:05,,0.0,,,,,,,
2026-08-21T10:10,131.8,0.0,1014.7,51.6,0.0,14.1,100.0,0.4,0.8
2026-08-21T10:15,,0.1,,,,,,,
2026-08-21T10:20,123.2,0.0,1015.1,45.5,0.0,14.0,99.9,0.7,1.2
2026-08-21T10:25,,0.1,,,,,,,
2026-08-21T10:30,20.8,0.0,1015.3,47.1,0.0,13.8,99.9,0.1,0.6
2026-08-21T10:35,,0.1,,,,,,,
2026-08-21T10:40,13.0,0.1,1015.4,47.5,0.0,13.8,99.9,0.5,0.9
2026-08-21T10:45,,0.1,,,,,,,
2026-08-21T10:50,296.6,0.2,1015.4,42.1,0.0,13.8,99.9,0.2,0.6
2026-08-21T10:55,,0.2,,,,,,,
2026-08-21T11:00,29.1,0.1,1015.3,55.4,0.0,13.8,99.9,0.7,1.4
2026-08-21T11:05,,0.2,,,,,,,
2026-08-21T11:10,2.0,0.1,1015.0,92.4,0.0,13.6,99.9,1.0,1.7
2026-08-21T11:15,,0.1,,,,,,,
2026-08-21T11:20,11.5,0.1,1014.9,133.7,0.0,13.6,99.9,1.3,1.9
2026-08-21T11:25,,0.0,,,,,,,
2026-08-21T11:30,62.6,0.1,1014.9,134.1,0.0,13.8,99.9,0.5,1.4
2026-08-21T11:35,,0.1,,,,,,,
2026-08-21T11:40,69.0,0.1,1014.8,144.6,0.0,13.7,99.9,0.4,0.8
2026-08-21T11:45,,0.1,,,,,,,
2026-08-21T11:50,200.6,0.2,1014.5,179.6,0.0,13.9,99.9,0.4,0.9
2026-08-21T11:55,,0.0,,,,,,,
2026-08-21T12:00,98.5,0.1,1014.4,165.7,0.0,14.0,100.0,0.6,1.3
2026-08-21T12:05,,0.0,,,,,,,
2026-08-21T12:10,95.2,0.1,1014.1,140.3,0.0,14.0,100.0,0.6,1.2
2026-08-21T12:15,,0.1,,,,,,,
2026-08-21T12:20,112.1,0.1,1013.7,129.7,0.0,14.1,100.0,0.5,1.1
2026-08-21T12:25,,0.1,,,,,,,
2026-08-21T12:30,12.3,0.1,1013.6,215.6,0.0,14.2,99.9,0.6,1.9
2026-08-21T12:35,,0.0,,,,,,,
2026-08-21T12:40,21.7,0.1,1013.4,239.5,0.0,14.2,100.0,0.7,1.2
2026-08-21T12:45,,0.1,,,,,,,
2026-08-21T12:50,25.3,0.1,1013.2,240.4,0.0,14.3,100.0,0.5,1.2
2026-08-21T12:55,,0.0,,,,,,,
2026-08-21T13:00,99.9,0.2,1013.0,183.8,0.0,14.3,100.0,0.7,1.3
2026-08-21T13:05,,0.1,,,,,,,
2026-08-21T13:10,131.4,0.1,1012.7,183.0,0.0,14.4,100.0,0.1,1.6
2026-08-21T13:15,,0.0,,,,,,,
2026-08-21T13:20,30.8,0.1,1012.5,171.7,0.0,14.4,100.0,0.6,1.4
2026-08-21T13:25,,0.0,,,,,,,
2026-08-21T13:30,19.0,0.0,1012.1,261.4,0.0,14.5,100.0,1.1,2.4
2026-08-21T13:35,,0.0,,,,,,,
2026-08-21T13:40,27.6,0.0,1011.7,228.5,0.0,14.7,99.9,1.3,2.8
2026-08-21T13:45,,0.0,,,,,,,
2026-08-21T13:50,52.3,0.0,1011.4,175.9,0.0,14.7,99.9,0.5,1.1
2026-08-21T13:55,,0.0,,,,,,,
2026-08-21T14:00,40.3,0.0,1011.2,335.1,113.0,14.9,100.0,0.8,2.1
2026-08-21T14:05,,0.0,,,,,,,
2026-08-21T14:10,8.1,0.0,1010.6,482.3,297.0,15.4,100.0,1.6,3.6
2026-08-21T14:15,,0.0,,,,,,,
2026-08-21T14:20,332.6,0.0,1010.1,168.4,0.0,15.6,100.0,1.7,3.6
2026-08-21T14:25,,0.0,,,,,,,
2026-08-21T14:30,320.4,0.0,1009.8,117.5,0.0,15.4,100.0,1.4,2.7
2026-08-21T14:35,,0.0,,,,,,,
2026-08-21T14:40,19.2,0.0,1009.7,115.5,0.0,15.5,100.0,0.9,3.0
2026-08-21T14:45,,0.0,,,,,,,
2026-08-21T14:50,37.9,0.0,1009.8,102.6,0.0,15.2,100.0,0.3,1.3
2026-08-21T14:55,,0.1,,,,,,,
2026-08-21T15:00,320.8,0.0,1009.9,144.3,0.0,15.2,100.0,0.1,1.2
2026-08-21T15:05,,0.0,,,,,,,
2026-08-21T15:10,357.9,0.0,1009.7,155.1,0.0,15.3,100.0,0.2,0.9
2026-08-21T15:15,,0.0,,,,,,,
2026-08-21T15:20,98.7,0.0,1009.7,98.6,0.0,15.3,100.0,0.3,1.7
2026-08-21T15:25,,0.0,,,,,,,
2026-08-21T15:30,3.9,0.0,1009.8,83.5,0.0,15.1,100.0,0.7,1.8
2026-08-21T15:35,,0.0,,,,,,,
2026-08-21T15:40,20.0,0.1,1009.8,95.3,0.0,15.1,100.0,0.5,0.9
2026-08-21T15:45,,0.0,,,,,,,
2026-08-21T15:50,180.3,0.0,1009.4,115.8,0.0,15.3,100.0,0.5,1.0
2026-08-21T15:55,,0.0,,,,,,,
2026-08-21T16:00,274.8,0.0,1009.4,93.6,0.0,15.2,100.0,0.4,2.0
2026-08-21T16:05,,0.0,,,,,,,
2026-08-21T16:10,70.4,0.1,1009.4,77.1,0.0,15.4,100.0,0.8,1.4
2026-08-21T16:15,,0.0,,,,,,,
2026-08-21T16:20,9.2,0.1,1009.4,57.5,0.0,15.1,99.9,1.1,1.9
2026-08-21T16:25,,0.1,,,,,,,
2026-08-21T16:30,3.0,0.1,1009.3,39.0,0.0,15.0,99.9,1.3,2.4
2026-08-21T16:35,,0.1,,,,,,,
2026-08-21T16:40,31.5,0.1,1009.3,36.1,0.0,14.9,99.9,1.0,1.7
2026-08-21T16:45,,0.1,,,,,,,
2026-08-21T16:50,28.6,0.1,1009.5,42.4,0.0,14.7,99.9,0.2,0.8
2026-08-21T16:55,,0.1,,,,,,,
2026-08-21T17:00,116.2,0.1,1009.3,71.2,0.0,14.9,99.9,0.6,1.0
2026-08-21T17:05,,0.1,,,,,,,
2026-08-21T17:10,171.9,0.0,1009.4,65.7,0.0,14.8,99.9,0.7,1.3
2026-08-21T17:15,,0.0,,,,,,,
2026-08-21T17:20,109.2,0.0,1009.5,72.8,0.0,14.9,99.9,0.7,1.0
2026-08-21T17:25,,0.0,,,,,,,
2026-08-21T17:30,97.5,0.0,1009.6,80.4,0.0,14.8,99.9,0.4,1.1
2026-08-21T17:35,,0.0,,,,,,,
2026-08-21T17:40,78.8,0.0,1009.5,92.4,0.0,15.0,99.9,0.4,1.2
2026-08-21T17:45,,0.0,,,,,,,
2026-08-21T17:50,3.4,0.0,1009.5,95.2,0.0,15.0,99.9,1.2,2.0
2026-08-21T17:55,,0.0,,,,,,,
2026-08-21T18:00,34.3,0.0,1009.7,53.4,0.0,15.0,99.9,0.7,1.2
2026-08-21T18:05,,0.0,,,,,,,
2026-08-21T18:10,0.2,0.0,1009.8,53.0,0.0,15.0,99.9,1.2,2.1
2026-08-21T18:15,,0.0,,,,,,,
2026-08-21T18:20,352.5,0.0,1009.9,36.6,0.0,14.8,99.9,1.0,1.8
2026-08-21T18:25,,0.0,,,,,,,
2026-08-21T18:30,27.8,0.0,1010.0,26.1,0.0,14.9,99.9,0.7,1.6
2026-08-21T18:35,,0.1,,,,,,,
2026-08-21T18:40,35.3,0.2,1010.0,24.5,0.0,14.9,99.9,0.5,1.3
2026-08-21T18:45,,0.0,,,,,,,
2026-08-21T18:50,18.9,0.1,1010.1,26.7,0.0,14.8,99.9,0.8,1.7
2026-08-21T18:55,,0.1,,,,,,,
2026-08-21T19:00,1.6,0.1,1010.2,16.2,0.0,14.7,99.9,1.0,2.3
2026-08-21T19:05,,0.1,,,,,,,
2026-08-21T19:10,22.8,0.2,1010.4,10.9,0.0,14.7,99.9,0.9,2.0
2026-08-21T19:15,,0.2,,,,,,,
2026-08-21T19:20,4.2,0.1,1010.5,16.0,0.0,14.6,99.9,1.3,2.2
2026-08-21T19:25,,0.0,,,,,,,
2026-08-21T19:30,357.4,0.1,1010.5,7.8,0.0,14.5,99.9,1.1,2.1
2026-08-21T19:35,,0.0,,,,,,,
2026-08-21T19:40,57.8,0.0,1010.7,2.9,0.0,14.5,99.9,0.5,1.0
2026-08-21T19:45,,0.1,,,,,,,
2026-08-21T19:50,13.1,0.0,1011.0,0.5,0.0,14.4,99.9,0.8,1.1
2026-08-21T19:55,,0.1,,,,,,,
2026-08-21T20:00,175.9,0.1,1011.0,0.6,0.0,14.4,99.9,0.2,0.9
2026-08-21T20:05,,0.0,,,,,,,
2026-08-21T20:10,192.7,0.1,1011.0,0.0,0.0,14.4,99.9,0.4,1.2
2026-08-21T20:15,,0.0,,,,,,,
2026-08-21T20:20,355.7,0.0,1011.4,0.0,0.0,14.3,99.9,1.1,1.9
2026-08-21T20:25,,0.0,,,,,,,
2026-08-21T20:30,21.6,0.0,1011.7,0.0,0.0,14.2,99.9,0.9,1.8
2026-08-21T20:35,,0.0,,,,,,,
2026-08-21T20:40,36.4,0.0,1011.9,0.0,0.0,14.2,99.9,0.8,1.2
2026-08-21T20:45,,0.1,,,,,,,
2026-08-21T20:50,40.9,0.0,1012.3,0.0,0.0,14.1,99.9,0.9,1.3
2026-08-21T20:55,,0.0,,,,,,,
2026-08-21T21:00,11.6,0.0,1012.5,0.0,0.0,14.0,99.9,0.4,1.2
2026-08-21T21:05,,0.0,,,,,,,
2026-08-21T21:10,95.7,0.0,1012.6,0.0,0.0,14.0,99.9,0.4,1.0
2026-08-21T21:15,,0.0,,,,,,,
2026-08-21T21:20,220.7,0.0,1012.7,0.0,0.0,13.9,99.9,0.1,1.2
2026-08-21T21:25,,0.0,,,,,,,
2026-08-21T21:30,43.4,0.0,1012.8,0.0,0.0,13.8,99.9,0.3,1.5
2026-08-21T21:35,,0.0,,,,,,,
2026-08-21T21:40,124.3,0.0,1013.1,0.0,0.0,13.7,99.9,0.5,1.0
2026-08-21T21:45,,0.0,,,,,,,
2026-08-21T21:50,105.4,0.0,1013.4,0.0,0.0,13.5,99.9,0.3,1.0
2026-08-21T21:55,,0.0,,,,,,,
2026-08-21T22:00,197.8,0.0,1013.5,0.0,0.0,13.5,99.9,0.9,1.8
2026-08-21T22:05,,0.0,,,,,,,
2026-08-21T22:10,45.9,0.0,1013.6,0.0,0.0,13.3,99.9,0.4,1.2
2026-08-21T22:15,,0.0,,,,,,,
2026-08-21T22:20,15.3,0.0,1013.6,0.0,0.0,13.2,99.9,0.5,1.4
2026-08-21T22:25,,0.0,,,,,,,
2026-08-21T22:30,356.7,0.0,1013.8,0.0,0.0,13.2,99.9,0.7,1.2
2026-08-21T22:35,,0.0,,,,,,,
2026-08-21T22:40,352.3,0.0,1013.8,0.0,0.0,13.0,99.9,0.2,1.7
2026-08-21T22:45,,0.0,,,,,,,
2026-08-21T22:50,63.3,0.0,1013.9,0.0,0.0,12.9,99.9,0.6,1.2
2026-08-21T22:55,,0.0,,,,,,,
2026-08-21T23:00,4.7,0.0,1014.5,0.0,0.0,12.6,99.9,0.1,1.1
2026-08-21T23:05,,0.0,,,,,,,
2026-08-21T23:10,270.0,0.0,1014.5,0.0,0.0,12.6,99.9,0.2,1.3
2026-08-21T23:15,,0.0,,,,,,,
2026-08-21T23:20,165.3,0.0,1014.6,0.0,0.0,12.4,99.9,0.5,1.1
2026-08-21T23:25,,0.0,,,,,,,
2026-08-21T23:30,258.0,0.0,1014.8,0.0,0.0,12.3,99.9,0.5,1.6
2026-08-21T23:35,,0.0,,,,,,,
2026-08-21T23:40,305.9,0.0,1015.0,0.0,0.0,12.3,99.9,0.8,2.1
2026-08-21T23:45,,0.0,,,,,,,
2026-08-21T23:50,327.0,0.0,1015.2,0.0,0.0,12.1,99.9,1.1,2.0
2026-08-21T23:55,,0.0,,,,,,,
2026-08-22T00:00,290.9,0.0,1015.3,0.0,0.0,11.9,99.9,1.6,2.0
2026-08-22T00:05,,0.0,,,,,,,
2026-08-22T00:10,302.9,0.0,1015.2,0.0,0.0,12.1,99.9,0.5,1.5
2026-08-22T00:15,,0.0,,,,,,,
2026-08-22T00:20,291.7,0.0,1015.2,0.0,0.0,12.2,99.9,0.9,2.1
2026-08-22T00:25,,0.0,,,,,,,
2026-08-22T00:30,115.1,0.0,1015.1,0.0,0.0,12.4,99.9,0.1,0.8
2026-08-22T00:35,,0.0,,,,,,,
2026-08-22T00:40,23.2,0.0,1015.2,0.0,0.0,12.4,99.9,0.6,1.0
2026-08-22T00:45,,0.0,,,,,,,
2026-08-22T00:50,11.7,0.0,1015.2,0.0,0.0,12.5,99.9,0.8,1.2
2026-08-22T00:55,,0.0,,,,,,,
2026-08-22T01:00,353.2,0.0,1015.3,0.0,0.0,12.4,99.9,1.3,2.0
2026-08-22T01:05,,0.0,,,,,,,
2026-08-22T01:10,345.2,0.0,1015.2,0.0,0.0,12.4,99.9,1.2,1.4
2026-08-22T01:15,,0.0,,,,,,,
2026-08-22T01:20,339.0,0.0,1015.4,0.0,0.0,12.3,99.9,0.7,2.1
2026-08-22T01:25,,0.0,,,,,,,
2026-08-22T01:30,7.6,0.0,1015.5,0.0,0.0,12.3,99.9,0.7,2.0
2026-08-22T01:35,,0.0,,,,,,,
2026-08-22T01:40,6.9,0.0,1015.4,0.0,0.0,12.4,99.9,0.7,1.6
2026-08-22T01:45,,0.0,,,,,,,
2026-08-22T01:50,18.2,0.0,1015.6,0.0,0.0,12.3,99.9,0.6,1.1
2026-08-22T01:55,,0.0,,,,,,,
2026-08-22T02:00,354.0,0.0,1015.9,0.0,0.0,12.1,99.9,1.0,1.3
2026-08-22T02:05,,0.0,,,,,,,
2026-08-22T02:10,55.6,0.0,1016.0,0.0,0.0,12.0,99.9,0.5,1.1
2026-08-22T02:15,,0.0,,,,,,,
2026-08-22T02:20,102.7,0.0,1016.0,0.0,0.0,11.9,99.9,0.6,1.1
2026-08-22T02:25,,0.0,,,,,,,
2026-08-22T02:30,87.0,0.0,1016.1,0.0,0.0,11.9,99.9,0.3,0.6
2026-08-22T02:35,,0.0,,,,,,,
2026-08-22T02:40,21.4,0.0,1016.1,0.0,0.0,11.9,99.9,0.9,2.3
2026-08-22T02:45,,0.0,,,,,,,
2026-08-22T02:50,19.6,0.0,1016.3,0.0,0.0,11.8,99.9,1.1,1.6
2026-08-22T02:55,,0.0,,,,,,,
2026-08-22T03:00,2.4,0.0,1016.4,0.0,0.0,11.6,99.9,1.3,1.7
2026-08-22T03:05,,0.0,,,,,,,
2026-08-22T03:10,37.5,0.0,1016.4,0.0,0.0,11.6,99.9,0.5,0.8
2026-08-22T03:15,,0.0,,,,,,,
2026-08-22T03:20,22.0,0.0,1016.6,0.0,0.0,11.5,99.9,0.7,1.3
2026-08-22T03:25,,0.0,,,,,,,
2026-08-22T03:30,88.6,0.0,1016.8,0.0,0.0,11.6,99.9,0.4,0.7
2026-08-22T03:35,,0.0,,,,,,,
2026-08-22T03:40,35.8,0.0,1016.8,0.0,0.0,11.5,99.9,0.5,1.0
2026-08-22T03:45,,0.0,,,,,,,
2026-08-22T03:50,63.1,0.0,1017.0,0.0,0.0,11.4,99.9,0.3,0.5
2026-08-22T03:55,,0.0,,,,,,,
2026-08-22T04:00,16.3,0.0,1017.1,0.0,0.0,11.3,99.9,0.4,0.6
2026-08-22T04:05,,0.0,,,,,,,
2026-08-22T04:10,31.1,0.0,1017.2,0.0,0.0,11.2,99.9,0.7,0.9
2026-08-22T04:15,,0.0,,,,,,,
2026-08-22T04:20,7.9,0.0,1017.3,0.0,0.0,11.2,99.9,0.7,1.3
2026-08-22T04:25,,0.0,,,,,,,
2026-08-22T04:30,96.9,0.0,1017.2,0.0,0.0,11.3,99.9,0.2,0.8
2026-08-22T04:35,,0.0,,,,,,,
2026-08-22T04:40,31.7,0.0,1017.3,0.0,0.0,11.1,99.9,0.6,1.2
2026-08-22T04:45,,0.0,,,,,,,
2026-08-22T04:50,13.5,0.0,1017.4,0.0,0.0,11.1,99.9,0.6,0.9
2026-08-22T04:55,,0.0,,,,,,,
2026-08-22T05:00,23.6,0.0,1017.4,0.0,0.0,11.0,99.9,0.7,1.0
2026-08-22T05:05,,0.0,,,,,,,
2026-08-22T05:10,10.3,0.0,1017.4,0.0,0.0,11.0,99.9,0.7,0.8
2026-08-22T05:15,,0.0,,,,,,,
2026-08-22T05:20,41.0,0.0,1017.5,0.0,0.0,11.0,100.0,0.4,0.7
2026-08-22T05:25,,0.0,,,,,,,
2026-08-22T05:30,28.7,0.0,1017.6,0.0,0.0,11.0,100.0,0.6,0.8
2026-08-22T05:35,,0.0,,,,,,,
2026-08-22T05:40,29.8,0.0,1017.6,0.0,0.0,11.0,99.9,0.5,0.9
2026-08-22T05:45,,0.0,,,,,,,
2026-08-22T05:50,9.6,0.0,1017.8,0.0,0.0,10.9,99.9,0.8,1.1
2026-08-22T05:55,,0.0,,,,,,,
2026-08-22T06:00,28.4,0.0,1017.8,0.0,0.0,10.8,100.0,0.5,0.8
2026-08-22T06:05,,0.0,,,,,,,
2026-08-22T06:10,78.5,0.0,1017.8,0.0,0.0,10.9,100.0,0.2,0.5
2026-08-22T06:15,,0.0,,,,,,,
2026-08-22T06:20,119.6,0.0,1017.8,0.0,0.0,11.0,99.9,0.3,0.6
2026-08-22T06:25,,0.0,,,,,,,
2026-08-22T06:30,64.5,0.0,1018.0,0.0,0.0,10.8,99.9,0.4,1.0
2026-08-22T06:35,,0.0,,,,,,,
2026-08-22T06:40,10.5,0.0,1018.0,0.3,0.0,10.9,99.9,0.8,1.2
2026-08-22T06:45,,0.0,,,,,,,
2026-08-22T06:50,27.2,0.0,1018.1,3.7,0.0,10.9,99.9,0.5,1.3
2026-08-22T06:55,,0.0,,,,,,,
2026-08-22T07:00,54.8,0.0,1018.1,9.5,0.0,11.0,99.9,0.5,0.9
2026-08-22T07:05,,0.0,,,,,,,
2026-08-22T07:10,15.1,0.0,1018.3,19.2,0.0,10.8,99.9,0.9,1.4
2026-08-22T07:15,,0.0,,,,,,,
2026-08-22T07:20,43.7,0.0,1018.4,28.6,0.0,10.8,100.0,0.5,0.8
2026-08-22T07:25,,0.0,,,,,,,
2026-08-22T07:30,115.7,0.0,1018.5,36.7,0.0,11.0,100.0,0.5,0.8
2026-08-22T07:35,,0.0,,,,,,,
2026-08-22T07:40,133.7,0.0,1018.5,45.5,0.0,11.0,100.0,0.7,0.9
2026-08-22T07:45,,0.0,,,,,,,
2026-08-22T07:50,153.0,0.0,1018.5,62.4,0.0,11.1,100.0,1.2,1.5
2026-08-22T07:55,,0.0,,,,,,,
2026-08-22T08:00,163.2,0.0,1018.5,42.6,0.0,11.2,100.0,1.0,1.4
2026-08-22T08:05,,0.0,,,,,,,
2026-08-22T08:10,171.7,0.0,1018.5,53.3,0.0,11.2,100.0,1.1,1.6
2026-08-22T08:15,,0.0,,,,,,,
2026-08-22T08:20,116.2,0.0,1018.5,104.4,0.0,11.5,100.0,0.4,1.2
2026-08-22T08:25,,0.0,,,,,,,
2026-08-22T08:30,16.7,0.0,1018.5,142.9,0.0,11.6,99.9,0.9,1.2
2026-08-22T08:35,,0.0,,,,,,,
2026-08-22T08:40,10.1,0.0,1018.5,168.6,0.0,11.9,100.0,0.7,1.0
2026-08-22T08:45,,0.0,,,,,,,
2026-08-22T08:50,101.8,0.0,1018.5,163.7,0.0,12.0,100.0,0.5,1.0
2026-08-22T08:55,,0.0,,,,,,,
2026-08-22T09:00,84.7,0.0,1018.2,168.7,0.0,12.4,100.0,0.3,1.0
2026-08-22T09:05,,0.0,,,,,,,
2026-08-22T09:10,23.6,0.0,1018.4,138.5,0.0,12.3,100.0,0.8,1.2
2026-08-22T09:15,,0.0,,,,,,,
2026-08-22T09:20,52.2,0.0,1018.4,191.3,0.0,12.6,100.0,0.6,1.3
2026-08-22T09:25,,0.0,,,,,,,
2026-08-22T09:30,57.4,0.0,1018.2,241.3,564.0,12.9,99.4,0.5,1.0
2026-08-22T09:35,,0.0,,,,,,,
2026-08-22T09:40,79.4,0.0,1018.2,461.6,600.0,13.2,97.5,0.3,1.4
2026-08-22T09:45,,0.0,,,,,,,
2026-08-22T09:50,127.2,0.0,1018.0,372.9,488.0,13.6,94.5,1.2,2.0
2026-08-22T09:55,,0.0,,,,,,,
2026-08-22T10:00,146.4,0.0,1018.0,371.6,421.0,13.5,95.7,0.8,1.7
2026-08-22T10:05,,0.0,,,,,,,
2026-08-22T10:10,118.3,0.0,1017.5,588.0,600.0,14.3,91.9,0.5,1.5
2026-08-22T10:15,,0.0,,,,,,,
2026-08-22T10:20,98.1,0.0,1017.2,617.9,600.0,14.7,91.1,1.1,1.9
2026-08-22T10:25,,0.0,,,,,,,
2026-08-22T10:30,90.3,0.0,1016.8,770.4,600.0,15.3,89.0,1.0,2.2
2026-08-22T10:35,,0.0,,,,,,,
2026-08-22T10:40,102.1,0.0,1016.8,762.9,600.0,15.4,87.6,1.2,2.2
2026-08-22T10:45,,0.0,,,,,,,
2026-08-22T10:50,71.0,0.0,1016.6,783.2,600.0,15.8,85.1,0.5,1.8
2026-08-22T10:55,,0.0,,,,,,,
2026-08-22T11:00,129.8,0.0,1016.4,822.7,595.0,16.3,84.6,1.5,2.5
2026-08-22T11:05,,0.0,,,,,,,
2026-08-22T11:10,128.5,0.0,1016.0,868.5,600.0,16.7,82.7,1.0,2.4
2026-08-22T11:15,,0.0,,,,,,,
2026-08-22T11:20,122.3,0.0,1015.9,897.3,600.0,16.8,80.7,0.5,2.0
2026-08-22T11:25,,0.0,,,,,,,
2026-08-22T11:30,142.6,0.0,1015.6,770.1,599.0,17.4,80.9,0.7,2.1
2026-08-22T11:35,,0.0,,,,,,,
2026-08-22T11:40,358.8,0.0,1015.7,510.3,455.0,16.9,81.0,1.7,3.9
2026-08-22T11:45,,0.0,,,,,,,
2026-08-22T11:50,348.9,0.0,1015.6,809.2,455.0,17.1,81.9,2.2,3.5
2026-08-22T11:55,,0.0,,,,,,,
2026-08-22T12:00,359.2,0.0,1015.6,794.7,547.0,17.1,78.9,1.5,3.4
2026-08-22T12:05,,0.0,,,,,,,
2026-08-22T12:10,0.6,0.0,1015.3,702.6,600.0,17.5,73.5,2.0,3.7
2026-08-22T12:15,,0.0,,,,,,,
2026-08-22T12:20,3.6,0.0,1015.2,560.7,366.0,17.6,76.0,2.0,3.2
2026-08-22T12:25,,0.0,,,,,,,
2026-08-22T12:30,1.4,0.0,1014.9,636.3,516.0,18.3,70.3,1.8,2.9
2026-08-22T12:35,,0.0,,,,,,,
2026-08-22T12:40,26.1,0.0,1014.8,519.1,275.0,18.3,67.5,1.3,2.4
2026-08-22T12:45,,0.0,,,,,,,
2026-08-22T12:50,23.8,0.0,1014.3,910.3,598.0,19.3,64.3,1.0,2.5
2026-08-22T12:55,,0.0,,,,,,,
2026-08-22T13:00,3.1,0.0,1014.2,944.5,600.0,19.6,60.2,1.4,2.9
2026-08-22T13:05,,0.0,,,,,,,
2026-08-22T13:10,8.8,0.0,1013.9,960.9,600.0,20.2,56.9,1.7,3.7
2026-08-22T13:15,,0.0,,,,,,,
2026-08-22T13:20,10.7,0.0,1013.9,934.4,599.0,20.2,57.8,1.7,3.3
2026-08-22T13:25,,0.0,,,,,,,
2026-08-22T13:30,357.2,0.0,1013.9,931.5,598.0,20.3,55.5,1.4,3.1
2026-08-22T13:35,,0.0,,,,,,,
2026-08-22T13:40,351.3,0.0,1014.0,843.4,600.0,20.2,55.4,2.4,3.7
2026-08-22T13:45,,0.0,,,,,,,
2026-08-22T13:50,1.7,0.0,1013.9,718.8,600.0,20.3,53.2,2.7,4.0
2026-08-22T13:55,,0.0,,,,,,,
2026-08-22T14:00,357.3,0.0,1013.8,918.9,599.0,20.6,54.2,2.6,4.0
2026-08-22T14:05,,0.0,,,,,,,
2026-08-22T14:10,358.0,0.0,1013.5,891.3,600.0,20.8,53.4,2.1,4.1
2026-08-22T14:15,,0.0,,,,,,,
2026-08-22T14:20,357.2,0.0,1013.7,643.5,580.0,20.7,53.5,3.0,4.7
2026-08-22T14:25,,0.0,,,,,,,
2026-08-22T14:30,345.9,0.0,1014.0,460.1,385.0,19.8,54.7,2.3,4.3
2026-08-22T14:35,,0.0,,,,,,,
2026-08-22T14:40,339.8,0.0,1014.2,196.4,153.0,19.3,54.9,2.7,4.4
2026-08-22T14:45,,0.0,,,,,,,
2026-08-22T14:50,344.7,0.0,1014.0,686.3,600.0,19.7,55.8,2.9,5.2
2026-08-22T14:55,,0.0,,,,,,,
2026-08-22T15:00,346.7,0.0,1013.7,814.4,600.0,20.5,55.1,2.6,4.5
2026-08-22T15:05,,0.0,,,,,,,
2026-08-22T15:10,346.9,0.0,1013.6,766.7,600.0,20.5,53.8,2.6,4.2
2026-08-22T15:15,,0.0,,,,,,,
2026-08-22T15:20,349.3,0.0,1013.5,454.8,290.0,20.4,52.7,2.7,4.0
2026-08-22T15:25,,0.0,,,,,,,
2026-08-22T15:30,340.5,0.0,1013.8,645.3,579.0,20.2,55.5,1.9,3.8
2026-08-22T15:35,,0.0,,,,,,,
2026-08-22T15:40,344.9,0.0,1013.6,452.8,406.0,20.5,52.8,2.0,3.1
2026-08-22T15:45,,0.0,,,,,,,
2026-08-22T15:50,340.0,0.0,1014.0,157.9,57.0,19.7,55.6,1.6,3.0
2026-08-22T15:55,,0.0,,,,,,,
2026-08-22T16:00,302.0,0.0,1013.8,417.6,339.0,19.7,60.9,1.4,2.1
2026-08-22T16:05,,0.0,,,,,,,
2026-08-22T16:10,342.2,0.0,1013.8,120.9,15.0,19.7,58.5,1.4,2.8
2026-08-22T16:15,,0.0,,,,,,,
2026-08-22T16:20,339.8,0.0,1013.9,165.7,80.0,19.4,59.1,0.9,2.2
2026-08-22T16:25,,0.0,,,,,,,
2026-08-22T16:30,305.9,0.0,1014.0,352.8,503.0,19.4,65.5,1.4,3.3
2026-08-22T16:35,,0.0,,,,,,,
2026-08-22T16:40,346.7,0.0,1013.6,331.8,301.0,20.2,56.7,2.6,4.6
2026-08-22T16:45,,0.0,,,,,,,
2026-08-22T16:50,349.7,0.0,1013.8,303.1,346.0,19.8,54.2,2.3,4.4
2026-08-22T16:55,,0.0,,,,,,,
2026-08-22T17:00,350.1,0.0,1013.5,537.6,594.0,20.5,53.9,2.6,4.4
2026-08-22T17:05,,0.0,,,,,,,
2026-08-22T17:10,352.1,0.0,1013.5,472.1,555.0,20.6,51.7,2.6,3.9
2026-08-22T17:15,,0.0,,,,,,,
2026-08-22T17:20,349.4,0.0,1013.6,456.2,567.0,20.6,51.4,2.6,4.4
2026-08-22T17:25,,0.0,,,,,,,
2026-08-22T17:30,336.7,0.0,1013.8,360.2,521.0,20.3,51.9,2.4,4.3
2026-08-22T17:35,,0.0,,,,,,,
2026-08-22T17:40,302.4,0.0,1014.2,392.9,600.0,19.3,62.5,3.3,4.7
2026-08-22T17:45,,0.0,,,,,,,
2026-08-22T17:50,304.5,0.0,1014.6,308.4,600.0,18.8,61.9,3.1,4.7
2026-08-22T17:55,,0.0,,,,,,,
2026-08-22T18:00,301.8,0.0,1015.0,301.7,584.0,18.4,63.7,3.4,4.7
2026-08-22T18:05,,0.0,,,,,,,
2026-08-22T18:10,294.0,0.0,1015.2,259.5,513.0,17.7,68.3,3.6,4.5
2026-08-22T18:15,,0.0,,,,,,,
2026-08-22T18:20,293.8,0.0,1015.3,288.5,600.0,17.6,69.1,3.1,4.3
2026-08-22T18:25,,0.0,,,,,,,
2026-08-22T18:30,292.5,0.0,1015.6,262.2,598.0,17.3,68.3,3.2,4.4
2026-08-22T18:35,,0.0,,,,,,,
2026-08-22T18:40,297.3,0.0,1015.8,229.1,600.0,17.1,67.3,3.6,4.8
2026-08-22T18:45,,0.0,,,,,,,
2026-08-22T18:50,293.5,0.0,1016.3,109.5,317.0,16.2,72.4,3.4,5.0
2026-08-22T18:55,,0.0,,,,,,,
2026-08-22T19:00,295.0,0.0,1016.7,32.8,0.0,15.6,75.4,2.9,4.8
2026-08-22T19:05,,0.0,,,,,,,
2026-08-22T19:10,294.9,0.0,1016.8,28.8,0.0,15.6,74.1,2.9,4.4
2026-08-22T19:15,,0.0,,,,,,,
2026-08-22T19:20,296.9,0.0,1016.9,24.7,0.0,15.3,74.9,2.2,4.1
2026-08-22T19:25,,0.0,,,,,,,
2026-08-22T19:30,293.3,0.0,1017.2,21.0,0.0,15.3,74.7,1.7,3.7
2026-08-22T19:35,,0.0,,,,,,,
2026-08-22T19:40,288.0,0.0,1017.5,16.5,0.0,15.1,74.7,1.2,2.7
2026-08-22T19:45,,0.0,,,,,,,
2026-08-22T19:50,294.8,0.0,1017.9,11.8,0.0,14.5,78.8,1.4,2.8
2026-08-22T19:55,,0.0,,,,,,,
2026-08-22T20:00,295.8,0.0,1018.3,3.5,0.0,14.1,80.1,1.2,2.0
2026-08-22T20:05,,0.0,,,,,,,
2026-08-22T20:10,289.7,0.0,1018.7,0.7,0.0,13.6,83.2,0.9,2.4
2026-08-22T20:15,,0.0,,,,,,,
2026-08-22T20:20,311.7,0.0,1018.9,0.0,0.0,13.7,82.7,1.1,2.5
2026-08-22T20:25,,0.0,,,,,,,
2026-08-22T20:30,307.4,0.0,1019.2,0.0,0.0,13.4,84.8,0.8,1.7
2026-08-22T20:35,,0.0,,,,,,,
2026-08-22T20:40,305.3,0.0,1019.4,0.0,0.0,13.2,86.4,0.6,1.3
2026-08-22T20:45,,0.0,,,,,,,
2026-08-22T20:50,308.3,0.0,1019.8,0.0,0.0,13.1,86.8,0.8,2.7
2026-08-22T20:55,,0.0,,,,,,,
2026-08-22T21:00,274.4,0.0,1020.0,0.0,0.0,12.9,87.8,0.6,2.0
2026-08-22T21:05,,0.0,,,,,,,
2026-08-22T21:10,303.6,0.0,1020.3,0.0,0.0,12.9,89.9,0.2,1.1
2026-08-22T21:15,,0.0,,,,,,,
2026-08-22T21:20,274.7,0.0,1020.3,0.0,0.0,13.0,89.9,0.3,1.2
2026-08-22T21:25,,0.0,,,,,,,
2026-08-22T21:30,12.3,0.0,1020.6,0.0,0.0,12.9,91.8,0.1,0.6
2026-08-22T21:35,,0.0,,,,,,,
2026-08-22T21:40,116.5,0.0,1020.8,0.0,0.0,12.6,97.8,0.4,1.0
2026-08-22T21:45,,0.0,,,,,,,
2026-08-22T21:50,166.5,0.0,1021.0,0.0,0.0,12.8,92.9,0.3,1.2
2026-08-22T21:55,,0.0,,,,,,,
2026-08-22T22:00,192.4,0.0,1021.2,0.0,0.0,12.7,94.1,0.5,1.7
2026-08-22T22:05,,0.0,,,,,,,
2026-08-22T22:10,104.3,0.0,1021.3,0.0,0.0,12.7,95.6,0.2,0.8
2026-08-22T22:15,,0.0,,,,,,,
2026-08-22T22:20,158.8,0.0,1021.4,0.0,0.0,12.5,95.9,0.4,0.8
2026-08-22T22:25,,0.0,,,,,,,
2026-08-22T22:30,327.0,0.0,1021.6,0.0,0.0,12.1,93.9,0.5,1.0
2026-08-22T22:35,,0.0,,,,,,,
2026-08-22T22:40,256.8,0.0,1021.8,0.0,0.0,11.9,94.5,0.1,1.3
2026-08-22T22:45,,0.0,,,,,,,
2026-08-22T22:50,308.4,0.0,1022.1,0.0,0.0,11.5,96.3,0.7,1.4
2026-08-22T22:55,,0.0,,,,,,,
2026-08-22T23:00,304.6,0.0,1022.3,0.0,0.0,11.4,94.7,0.5,1.6
2026-08-22T23:05,,0.0,,,,,,,
2026-08-22T23:10,193.8,0.0,1022.5,0.0,0.0,11.5,99.5,0.5,1.2
2026-08-22T23:15,,0.0,,,,,,,
2026-08-22T23:20,290.5,0.0,1022.7,0.0,0.0,11.4,97.2,0.7,1.4
2026-08-22T23:25,,0.0,,,,,,,
2026-08-22T23:30,32.0,0.0,1022.8,0.0,0.0,11.1,99.0,0.4,1.2
2026-08-22T23:35,,0.0,,,,,,,
2026-08-22T23:40,266.5,0.0,1022.9,0.0,0.0,11.3,99.4,0.3,0.9
2026-08-22T23:45,,0.0,,,,,,,
2026-08-22T23:50,282.7,0.0,1023.0,0.0,0.0,11.1,98.3,0.4,1.9
2026-08-22T23:55,,0.0,,,,,,,
2026-08-23T00:00,124.9,0.0,1023.1,0.0,0.0,11.1,100.0,0.2,0.7
2026-08-23T00:05,,0.0,,,,,,,
2026-08-23T00:10,280.7,0.0,1023.0,0.0,0.0,11.2,100.0,0.1,0.6
2026-08-23T00:15,,0.0,,,,,,,
2026-08-23T00:20,111.2,0.0,1023.1,0.0,0.0,11.2,100.0,0.1,1.2
2026-08-23T00:25,,0.0,,,,,,,
2026-08-23T00:30,177.2,0.0,1023.2,0.0,0.0,11.1,100.0,0.5,0.8
2026-08-23T00:35,,0.0,,,,,,,
2026-08-23T00:40,16.0,0.0,1023.2,0.0,0.0,11.1,100.0,0.2,1.1
2026-08-23T00:45,,0.0,,,,,,,
2026-08-23T00:50,120.3,0.0,1023.1,0.0,0.0,11.2,99.9,0.7,1.6
2026-08-23T00:55,,0.0,,,,,,,
2026-08-23T01:00,194.0,0.0,1023.3,0.0,0.0,11.1,100.0,0.2,1.2
2026-08-23T01:05,,0.0,,,,,,,
2026-08-23T01:10,84.8,0.0,1023.4,0.0,0.0,11.0,100.0,0.1,1.1
2026-08-23T01:15,,0.0,,,,,,,
2026-08-23T01:20,87.0,0.0,1023.4,0.0,0.0,10.9,100.0,0.1,0.8
2026-08-23T01:25,,0.0,,,,,,,
2026-08-23T01:30,76.4,0.0,1023.5,0.0,0.0,10.8,100.0,0.4,0.7
2026-08-23T01:35,,0.0,,,,,,,
2026-08-23T01:40,173.6,0.0,1023.5,0.0,0.0,10.8,100.0,0.4,0.7
2026-08-23T01:45,,0.0,,,,,,,
2026-08-23T01:50,143.3,0.0,1023.7,0.0,0.0,10.3,100.0,0.5,0.8
2026-08-23T01:55,,0.0,,,,,,,
2026-08-23T02:00,309.6,0.0,1023.9,0.0,0.0,10.1,100.0,0.1,1.5
2026-08-23T02:05,,0.0,,,,,,,
2026-08-23T02:10,181.2,0.0,1023.9,0.0,0.0,10.3,100.0,0.3,1.4
2026-08-23T02:15,,0.0,,,,,,,
2026-08-23T02:20,305.2,0.0,1024.2,0.0,0.0,9.7,100.0,0.2,1.1
2026-08-23T02:25,,0.0,,,,,,,
2026-08-23T02:30,183.9,0.0,1024.2,0.0,0.0,9.8,100.0,0.4,1.2
2026-08-23T02:35,,0.0,,,,,,,
2026-08-23T02:40,197.7,0.0,1024.2,0.0,0.0,9.8,100.0,0.6,1.8
2026-08-23T02:45,,0.0,,,,,,,
2026-08-23T02:50,182.7,0.0,1024.3,0.0,0.0,9.7,100.0,1.1,2.7
2026-08-23T02:55,,0.0,,,,,,,
2026-08-23T03:00,170.2,0.0,1024.3,0.0,0.0,9.9,100.0,0.7,2.3
2026-08-23T03:05,,0.0,,,,,,,
2026-08-23T03:10,185.4,0.0,1024.5,0.0,0.0,9.6,100.0,0.1,1.1
2026-08-23T03:15,,0.0,,,,,,,
2026-08-23T03:20,159.6,0.0,1024.7,0.0,0.0,9.4,100.0,0.6,1.2
2026-08-23T03:25,,0.0,,,,,,,
2026-08-23T03:30,95.1,0.0,1024.7,0.0,0.0,9.2,100.0,0.3,0.8
2026-08-23T03:35,,0.0,,,,,,,
2026-08-23T03:40,135.5,0.0,1024.9,0.0,0.0,9.0,100.0,0.3,0.9
2026-08-23T03:45,,0.0,,,,,,,
2026-08-23T03:50,162.4,0.0,1025.1,0.0,0.0,8.9,100.0,0.4,0.9
2026-08-23T03:55,,0.0,,,,,,,
2026-08-23T04:00,188.9,0.0,1025.2,0.0,0.0,8.7,100.0,0.2,0.8
2026-08-23T04:05,,0.0,,,,,,,
2026-08-23T04:10,178.3,0.0,1025.3,0.0,0.0,8.7,100.0,0.3,0.9
2026-08-23T04:15,,0.0,,,,,,,
2026-08-23T04:20,142.7,0.0,1025.4,0.0,0.0,8.6,100.0,0.4,1.0
2026-08-23T04:25,,0.0,,,,,,,
2026-08-23T04:30,174.1,0.0,1025.4,0.0,0.0,8.6,100.0,0.8,2.2
2026-08-23T04:35,,0.0,,,,,,,
2026-08-23T04:40,171.4,0.0,1025.4,0.0,0.0,8.6,100.0,0.6,1.8
2026-08-23T04:45,,0.0,,,,,,,
2026-08-23T04:50,121.0,0.0,1025.3,0.0,0.0,8.7,100.0,0.6,0.8
2026-08-23T04:55,,0.0,,,,,,,
2026-08-23T05:00,164.5,0.0,1025.2,0.0,0.0,8.7,100.0,0.9,1.5
2026-08-23T05:05,,0.0,,,,,,,
2026-08-23T05:10,176.0,0.0,1025.3,0.0,0.0,8.5,100.0,0.4,1.0
2026-08-23T05:15,,0.0,,,,,,,
2026-08-23T05:20,203.0,0.0,1025.3,0.0,0.0,8.6,100.0,0.5,1.8
2026-08-23T05:25,,0.0,,,,,,,
2026-08-23T05:30,154.9,0.0,1025.2,0.0,0.0,8.7,100.0,0.8,1.4
2026-08-23T05:35,,0.0,,,,,,,
2026-08-23T05:40,161.6,0.0,1025.2,0.0,0.0,8.6,100.0,0.6,1.2
2026-08-23T05:45,,0.0,,,,,,,
2026-08-23T05:50,121.1,0.0,1025.3,0.0,0.0,8.5,100.0,0.5,0.8
2026-08-23T05:55,,0.0,,,,,,,
2026-08-23T06:00,137.8,0.0,1025.4,0.0,0.0,8.4,100.0,0.4,0.7
2026-08-23T06:05,,0.0,,,,,,,
2026-08-23T06:10,160.8,0.0,1025.6,0.0,0.0,8.3,100.0,0.6,1.0
2026-08-23T06:15,,0.0,,,,,,,
2026-08-23T06:20,139.8,0.0,1025.6,0.0,0.0,8.2,100.0,0.6,0.9
2026-08-23T06:25,,0.0,,,,,,,
2026-08-23T06:30,116.2,0.0,1025.6,0.0,0.0,8.3,100.0,0.4,0.6
2026-08-23T06:35,,0.0,,,,,,,
2026-08-23T06:40,101.7,0.0,1025.6,3.0,0.0,8.4,100.0,0.3,0.6
2026-08-23T06:45,,0.0,,,,,,,
2026-08-23T06:50,75.1,0.0,1025.7,8.9,0.0,8.6,100.0,0.4,0.9
2026-08-23T06:55,,0.0,,,,,,,
2026-08-23T07:00,170.6,0.0,1025.6,18.9,0.0,8.8,100.0,0.5,1.2
2026-08-23T07:05,,0.0,,,,,,,
2026-08-23T07:10,143.6,0.0,1025.6,33.0,0.0,8.9,100.0,0.6,0.9
2026-08-23T07:15,,0.0,,,,,,,
2026-08-23T07:20,132.5,0.0,1025.6,48.5,0.0,9.1,100.0,0.3,0.8
2026-08-23T07:25,,0.0,,,,,,,
2026-08-23T07:30,121.6,0.0,1025.7,61.5,0.0,9.2,100.0,0.6,1.1
2026-08-23T07:35,,0.0,,,,,,,
2026-08-23T07:40,171.8,0.0,1025.4,77.1,0.0,9.5,100.0,1.0,1.8
2026-08-23T07:45,,0.0,,,,,,,
2026-08-23T07:50,126.8,0.0,1025.1,87.8,0.0,9.8,100.0,0.6,1.1
2026-08-23T07:55,,0.0,,,,,,,
2026-08-23T08:00,176.4,0.0,1025.2,96.6,0.0,9.9,100.0,1.2,1.7
2026-08-23T08:05,,0.0,,,,,,,
2026-08-23T08:10,174.0,0.0,1025.1,135.1,0.0,10.2,100.0,1.1,1.8
2026-08-23T08:15,,0.0,,,,,,,
2026-08-23T08:20,137.8,0.0,1025.0,142.3,0.0,10.4,100.0,1.0,1.7
2026-08-23T08:25,,0.0,,,,,,,
2026-08-23T08:30,123.9,0.0,1024.8,141.4,0.0,10.8,98.8,0.9,1.9
2026-08-23T08:35,,0.0,,,,,,,
2026-08-23T08:40,127.3,0.0,1024.7,208.9,252.0,11.2,97.0,0.5,1.3
2026-08-23T08:45,,0.0,,,,,,,
2026-08-23T08:50,92.3,0.0,1024.6,233.6,448.0,11.5,96.0,0.4,0.8
2026-08-23T08:55,,0.0,,,,,,,
2026-08-23T09:00,98.1,0.0,1023.8,409.9,600.0,12.6,94.0,0.5,1.2
2026-08-23T09:05,,0.0,,,,,,,
2026-08-23T09:10,13.6,0.0,1023.2,484.9,597.0,13.3,88.0,0.7,1.4
2026-08-23T09:15,,0.0,,,,,,,
2026-08-23T09:20,58.6,0.0,1022.8,498.7,600.0,13.8,86.9,0.6,1.3
2026-08-23T09:25,,0.0,,,,,,,
2026-08-23T09:30,12.5,0.0,1022.5,527.8,600.0,14.4,83.8,1.1,1.7
2026-08-23T09:35,,0.0,,,,,,,
2026-08-23T09:40,359.6,0.0,1022.3,612.4,599.0,14.7,82.9,1.2,2.0
2026-08-23T09:45,,0.0,,,,,,,
2026-08-23T09:50,354.2,0.0,1021.8,659.5,600.0,15.3,80.7,1.7,2.6
2026-08-23T09:55,,0.0,,,,,,,
2026-08-23T10:00,31.5,0.0,1021.1,731.3,600.0,16.6,76.7,0.9,2.3
2026-08-23T10:05,,0.0,,,,,,,
2026-08-23T10:10,353.9,0.0,1021.0,761.3,597.0,16.7,75.9,2.4,3.8
2026-08-23T10:15,,0.0,,,,,,,
2026-08-23T10:20,358.0,0.0,1020.7,814.5,600.0,17.3,75.8,3.0,4.7
2026-08-23T10:25,,0.0,,,,,,,
2026-08-23T10:30,8.2,0.0,1020.7,644.8,600.0,17.3,75.7,1.9,3.6
2026-08-23T10:35,,0.0,,,,,,,
2026-08-23T10:40,7.8,0.0,1020.5,680.8,600.0,17.8,74.1,2.2,3.9
2026-08-23T10:45,,0.0,,,,,,,
2026-08-23T10:50,3.4,0.0,1020.2,841.4,600.0,18.3,72.0,2.6,4.5
2026-08-23T10:55,,0.0,,,,,,,
2026-08-23T11:00,0.1,0.0,1020.0,726.3,600.0,18.6,71.6,2.3,3.4
2026-08-23T11:05,,0.0,,,,,,,
2026-08-23T11:10,2.3,0.0,1020.2,604.3,520.0,18.2,70.2,2.4,4.5
2026-08-23T11:15,,0.0,,,,,,,
2026-08-23T11:20,3.3,0.0,1019.7,855.8,598.0,18.9,68.4,2.0,3.0
2026-08-23T11:25,,0.0,,,,,,,
2026-08-23T11:30,354.5,0.0,1019.6,699.6,508.0,18.8,69.3,2.1,3.6
2026-08-23T11:35,,0.0,,,,,,,
2026-08-23T11:40,350.6,0.0,1019.7,376.9,420.0,18.7,68.9,2.2,3.3
2026-08-23T11:45,,0.0,,,,,,,
2026-08-23T11:50,0.4,0.0,1019.5,728.3,575.0,19.0,67.3,2.4,4.2
2026-08-23T11:55,,0.0,,,,,,,
2026-08-23T12:00,340.9,0.0,1018.9,797.8,595.0,19.6,67.4,1.0,3.0
2026-08-23T12:05,,0.0,,,,,,,
2026-08-23T12:10,39.2,0.0,1018.7,871.4,600.0,20.0,59.1,0.8,2.1
2026-08-23T12:15,,0.0,,,,,,,
2026-08-23T12:20,6.3,0.0,1018.6,860.7,599.0,20.2,59.7,1.6,3.5
2026-08-23T12:25,,0.0,,,,,,,
2026-08-23T12:30,357.1,0.0,1018.2,909.4,597.0,20.7,60.6,1.8,3.5
2026-08-23T12:35,,0.0,,,,,,,
2026-08-23T12:40,356.8,0.0,1018.0,904.9,600.0,21.0,58.0,2.4,4.8
2026-08-23T12:45,,0.0,,,,,,,
2026-08-23T12:50,336.2,0.0,1018.0,821.6,600.0,20.7,56.5,1.1,2.3
2026-08-23T12:55,,0.0,,,,,,,
2026-08-23T13:00,354.8,0.0,1017.7,770.9,598.0,20.7,58.4,1.9,3.9
2026-08-23T13:05,,0.0,,,,,,,
2026-08-23T13:10,45.6,0.0,1017.4,843.5,600.0,21.3,54.0,0.8,2.9
2026-08-23T13:15,,0.0,,,,,,,
2026-08-23T13:20,25.1,0.0,1017.0,935.8,597.0,21.9,54.1,0.5,2.3
2026-08-23T13:25,,0.0,,,,,,,
2026-08-23T13:30,8.3,0.0,1017.2,774.2,600.0,21.5,54.7,0.8,2.8
2026-08-23T13:35,,0.0,,,,,,,
2026-08-23T13:40,40.0,0.0,1016.7,969.4,600.0,22.3,54.2,0.6,2.2
2026-08-23T13:45,,0.0,,,,,,,
2026-08-23T13:50,21.5,0.0,1016.7,927.4,600.0,22.1,54.4,1.0,2.5
2026-08-23T13:55,,0.0,,,,,,,
2026-08-23T14:00,346.0,0.0,1016.9,592.2,436.0,21.6,56.2,1.7,2.8
2026-08-23T14:05,,0.0,,,,,,,
2026-08-23T14:10,350.4,0.0,1017.2,481.6,343.0,20.8,60.3,1.2,2.4
2026-08-23T14:15,,0.0,,,,,,,
2026-08-23T14:20,347.1,0.0,1017.2,483.2,237.0,21.1,58.6,1.9,3.8
2026-08-23T14:25,,0.0,,,,,,,
2026-08-23T14:30,343.3,0.0,1017.0,839.6,565.0,21.5,57.5,2.6,4.4
2026-08-23T14:35,,0.0,,,,,,,
2026-08-23T14:40,343.7,0.0,1017.2,442.5,297.0,20.9,58.5,2.0,3.3
2026-08-23T14:45,,0.0,,,,,,,
2026-08-23T14:50,334.9,0.0,1017.1,365.3,521.0,20.9,59.8,1.2,2.8
2026-08-23T14:55,,0.0,,,,,,,
2026-08-23T15:00,348.8,0.0,1017.0,277.5,225.0,21.0,56.9,0.3,1.3
2026-08-23T15:05,,0.0,,,,,,,
2026-08-23T15:10,149.4,0.0,1016.4,646.7,529.0,21.8,61.3,0.8,1.4
2026-08-23T15:15,,0.0,,,,,,,
2026-08-23T15:20,344.9,0.0,1016.6,359.3,290.0,21.7,55.1,1.8,4.3
2026-08-23T15:25,,0.0,,,,,,,
2026-08-23T15:30,337.7,0.0,1016.8,285.3,196.0,21.2,54.8,1.1,2.2
2026-08-23T15:35,,0.0,,,,,,,
2026-08-23T15:40,324.3,0.0,1016.7,261.5,238.0,21.3,51.9,0.9,1.5
2026-08-23T15:45,,0.0,,,,,,,
2026-08-23T15:50,346.8,0.0,1016.5,191.8,43.0,21.3,57.9,0.6,1.6
2026-08-23T15:55,,0.0,,,,,,,
2026-08-23T16:00,295.9,0.0,1016.7,192.0,43.0,20.9,60.5,0.8,2.0
2026-08-23T16:05,,0.0,,,,,,,
2026-08-23T16:10,311.9,0.0,1016.3,459.0,458.0,21.3,61.5,0.4,2.2
2026-08-23T16:15,,0.0,,,,,,,
2026-08-23T16:20,272.1,0.0,1016.0,560.0,572.0,21.9,59.0,0.7,1.8
2026-08-23T16:25,,0.0,,,,,,,
2026-08-23T16:30,344.7,0.0,1015.9,665.3,599.0,22.4,51.1,1.2,3.1
2026-08-23T16:35,,0.0,,,,,,,
2026-08-23T16:40,350.7,0.0,1015.8,442.7,472.0,22.4,51.2,1.7,2.7
2026-08-23T16:45,,0.0,,,,,,,
2026-08-23T16:50,349.3,0.0,1015.8,556.6,599.0,22.4,51.1,1.7,2.7
2026-08-23T16:55,,0.0,,,,,,,
2026-08-23T17:00,354.4,0.0,1015.7,539.4,587.0,22.5,51.4,2.0,3.0
2026-08-23T17:05,,0.0,,,,,,,
2026-08-23T17:10,347.2,0.0,1015.8,525.3,600.0,22.4,50.6,2.1,3.6
2026-08-23T17:15,,0.0,,,,,,,
2026-08-23T17:20,357.5,0.0,1015.7,458.6,600.0,22.6,50.4,1.7,2.7
2026-08-23T17:25,,0.0,,,,,,,
2026-08-23T17:30,326.1,0.0,1015.8,469.0,598.0,22.4,54.6,1.2,2.5
2026-08-23T17:35,,0.0,,,,,,,
2026-08-23T17:40,282.7,0.0,1015.7,439.2,600.0,22.2,58.4,0.8,1.5
2026-08-23T17:45,,0.0,,,,,,,
2026-08-23T17:50,289.0,0.0,1016.0,387.8,597.0,22.0,58.5,1.0,2.5
2026-08-23T17:55,,0.0,,,,,,,
2026-08-23T18:00,285.5,0.0,1016.4,285.5,476.0,21.0,63.0,2.0,3.1
2026-08-23T18:05,,0.0,,,,,,,
2026-08-23T18:10,285.8,0.0,1017.0,124.1,204.0,19.8,68.0,2.5,3.2
2026-08-23T18:15,,0.0,,,,,,,
2026-08-23T18:20,287.2,0.0,1017.2,295.3,599.0,19.6,69.0,2.3,3.2
2026-08-23T18:25,,0.0,,,,,,,
2026-08-23T18:30,290.0,0.0,1017.2,249.7,598.0,19.6,69.5,1.6,2.9
2026-08-23T18:35,,0.0,,,,,,,
2026-08-23T18:40,285.7,0.0,1017.3,186.2,566.0,19.2,70.5,1.6,3.7
2026-08-23T18:45,,0.0,,,,,,,
2026-08-23T18:50,286.0,0.0,1017.7,83.5,220.0,18.6,71.5,2.4,4.0
2026-08-23T18:55,,0.0,,,,,,,
2026-08-23T19:00,280.8,0.0,1017.9,51.1,0.0,18.2,74.0,1.2,4.0
2026-08-23T19:05,,0.0,,,,,,,
2026-08-23T19:10,273.2,0.0,1018.0,45.0,0.0,18.0,76.2,0.2,1.9
2026-08-23T19:15,,0.0,,,,,,,
2026-08-23T19:20,279.4,0.0,1018.2,37.1,0.0,17.6,78.5,0.7,2.2
2026-08-23T19:25,,0.0,,,,,,,
2026-08-23T19:30,145.7,0.0,1018.4,29.3,0.0,17.6,79.1,0.3,1.9
2026-08-23T19:35,,0.0,,,,,,,
2026-08-23T19:40,294.8,0.0,1018.4,19.0,0.0,17.5,78.6,0.5,2.2
2026-08-23T19:45,,0.0,,,,,,,
2026-08-23T19:50,316.0,0.0,1018.5,8.4,0.0,17.3,79.6,0.6,1.6
2026-08-23T19:55,,0.0,,,,,,,
2026-08-23T20:00,322.0,0.0,1018.8,1.1,0.0,16.9,82.9,0.8,1.9
2026-08-23T20:05,,0.0,,,,,,,
2026-08-23T20:10,22.1,0.0,1018.9,0.0,0.0,17.0,82.3,0.3,1.0
2026-08-23T20:15,,0.0,,,,,,,
2026-08-23T20:20,325.2,0.0,1019.2,0.0,0.0,16.8,83.5,0.7,1.6
2026-08-23T20:25,,0.0,,,,,,,
2026-08-23T20:30,301.5,0.0,1019.3,0.0,0.0,16.6,85.2,1.2,2.1
2026-08-23T20:35,,0.0,,,,,,,
2026-08-23T20:40,249.2,0.0,1019.6,0.0,0.0,16.4,86.4,0.5,1.7
2026-08-23T20:45,,0.0,,,,,,,
2026-08-23T20:50,314.5,0.0,1020.1,0.0,0.0,16.0,88.7,0.6,1.4
2026-08-23T20:55,,0.0,,,,,,,
2026-08-23T21:00,345.6,0.0,1020.3,0.0,0.0,16.1,89.5,0.3,0.8
2026-08-23T21:05,,0.0,,,,,,,
2026-08-23T21:10,343.1,0.0,1020.4,0.0,0.0,16.2,89.2,0.3,1.5
2026-08-23T21:15,,0.0,,,,,,,
2026-08-23T21:20,173.3,0.0,1020.7,0.0,0.0,15.9,92.8,0.5,1.4
2026-08-23T21:25,,0.0,,,,,,,
2026-08-23T21:30,352.4,0.0,1020.7,0.0,0.0,16.0,91.1,0.4,1.3
2026-08-23T21:35,,0.0,,,,,,,
2026-08-23T21:40,345.5,0.0,1020.7,0.0,0.0,16.2,89.5,0.6,1.2
2026-08-23T21:45,,0.0,,,,,,,
2026-08-23T21:50,299.7,0.0,1020.8,0.0,0.0,16.1,90.6,1.0,1.6
2026-08-23T21:55,,0.0,,,,,,,
2026-08-23T22:00,285.1,0.0,1020.9,0.0,0.0,15.9,92.9,0.2,1.1
2026-08-23T22:05,,0.0,,,,,,,
2026-08-23T22:10,264.8,0.0,1020.8,0.0,0.0,15.9,91.6,0.4,1.3
2026-08-23T22:15,,0.0,,,,,,,
2026-08-23T22:20,99.1,0.0,1021.0,0.0,0.0,15.6,94.4,0.2,0.7
2026-08-23T22:25,,0.0,,,,,,,
2026-08-23T22:30,345.6,0.0,1021.0,0.0,0.0,15.6,93.7,0.6,1.1
2026-08-23T22:35,,0.0,,,,,,,
2026-08-23T22:40,328.8,0.0,1021.1,0.0,0.0,15.4,94.5,0.3,1.0
2026-08-23T22:45,,0.0,,,,,,,
2026-08-23T22:50,187.1,0.0,1021.3,0.0,0.0,15.2,96.7,0.8,1.8
2026-08-23T22:55,,0.0,,,,,,,
2026-08-23T23:00,217.7,0.0,1021.4,0.0,0.0,15.2,96.8,0.2,1.0
2026-08-23T23:05,,0.0,,,,,,,
2026-08-23T23:10,273.9,0.0,1021.3,0.0,0.0,15.3,94.1,0.4,1.6
2026-08-23T23:15,,0.0,,,,,,,
2026-08-23T23:20,179.1,0.0,1021.5,0.0,0.0,15.0,98.1,0.7,1.0
2026-08-23T23:25,,0.0,,,,,,,
2026-08-23T23:30,41.0,0.0,1021.6,0.0,0.0,15.1,96.2,0.3,1.0
2026-08-23T23:35,,0.0,,,,,,,
2026-08-23T23:40,29.6,0.0,1021.6,0.0,0.0,15.2,95.1,0.5,0.9
2026-08-23T23:45,,0.0,,,,,,,
2026-08-23T23:50,153.4,0.0,1021.7,0.0,0.0,15.3,95.5,0.2,0.9
2026-08-23T23:55,,0.0,,,,,,,
2026-08-24T00:00,133.0,0.0,1021.8,0.0,0.0,15.1,97.6,0.6,1.1
2026-08-24T00:05,,0.0,,,,,,,
2026-08-24T00:10,197.7,0.0,1021.9,0.0,0.0,14.8,99.8,0.6,1.5
2026-08-24T00:15,,0.0,,,,,,,
2026-08-24T00:20,26.0,0.0,1021.7,0.0,0.0,15.2,98.0,0.3,1.6
2026-08-24T00:25,,0.0,,,,,,,
2026-08-24T00:30,320.5,0.0,1022.0,0.0,0.0,14.9,99.7,0.0,1.0
2026-08-24T00:35,,0.0,,,,,,,
2026-08-24T00:40,295.2,0.0,1021.8,0.0,0.0,15.1,97.5,0.9,1.5
2026-08-24T00:45,,0.0,,,,,,,
2026-08-24T00:50,166.0,0.0,1021.9,0.0,0.0,15.0,99.5,0.0,0.9
2026-08-24T00:55,,0.0,,,,,,,
2026-08-24T01:00,30.5,0.0,1021.9,0.0,0.0,15.0,99.5,0.4,0.9
2026-08-24T01:05,,0.0,,,,,,,
2026-08-24T01:10,62.6,0.0,1021.9,0.0,0.0,14.9,99.9,0.4,0.5
2026-08-24T01:15,,0.0,,,,,,,
2026-08-24T01:20,342.9,0.0,1021.9,0.0,0.0,14.6,99.9,0.4,0.9
2026-08-24T01:25,,0.0,,,,,,,
2026-08-24T01:30,310.8,0.0,1021.9,0.0,0.0,14.6,99.0,0.4,1.1
2026-08-24T01:35,,0.0,,,,,,,
2026-08-24T01:40,201.7,0.0,1021.8,0.0,0.0,14.8,99.4,0.6,1.0
2026-08-24T01:45,,0.0,,,,,,,
2026-08-24T01:50,105.8,0.0,1021.8,0.0,0.0,14.7,99.9,0.7,0.9
2026-08-24T01:55,,0.0,,,,,,,
2026-08-24T02:00,159.0,0.0,1021.7,0.0,0.0,14.5,100.0,0.5,1.0
2026-08-24T02:05,,0.0,,,,,,,
2026-08-24T02:10,118.6,0.0,1021.6,0.0,0.0,14.4,100.0,0.2,0.7
2026-08-24T02:15,,0.0,,,,,,,
2026-08-24T02:20,112.0,0.0,1021.8,0.0,0.0,14.0,100.0,0.4,1.1
2026-08-24T02:25,,0.0,,,,,,,
2026-08-24T02:30,351.0,0.0,1021.9,0.0,0.0,13.8,100.0,0.2,1.5
2026-08-24T02:35,,0.0,,,,,,,
2026-08-24T02:40,340.6,0.0,1022.0,0.0,0.0,13.6,100.0,0.2,0.7
2026-08-24T02:45,,0.0,,,,,,,
2026-08-24T02:50,184.3,0.0,1022.0,0.0,0.0,13.7,100.0,0.4,1.3
2026-08-24T02:55,,0.0,,,,,,,
2026-08-24T03:00,170.1,0.0,1021.9,0.0,0.0,13.8,100.0,0.7,2.6
2026-08-24T03:05,,0.0,,,,,,,
2026-08-24T03:10,155.3,0.0,1021.9,0.0,0.0,13.7,100.0,0.6,1.9
2026-08-24T03:15,,0.0,,,,,,,
2026-08-24T03:20,177.2,0.0,1021.9,0.0,0.0,13.8,100.0,1.5,3.1
2026-08-24T03:25,,0.0,,,,,,,
2026-08-24T03:30,249.0,0.0,1021.9,0.0,0.0,13.9,100.0,0.6,1.5
2026-08-24T03:35,,0.0,,,,,,,
2026-08-24T03:40,162.9,0.0,1022.0,0.0,0.0,13.7,100.0,0.2,1.0
2026-08-24T03:45,,0.0,,,,,,,
2026-08-24T03:50,179.9,0.0,1022.0,0.0,0.0,13.8,100.0,0.4,1.0
2026-08-24T03:55,,0.0,,,,,,,
2026-08-24T04:00,59.9,0.0,1022.2,0.0,0.0,13.5,100.0,0.5,0.8
2026-08-24T04:05,,0.0,,,,,,,
2026-08-24T04:10,81.7,0.0,1022.0,0.0,0.0,13.6,100.0,0.2,0.3
2026-08-24T04:15,,0.0,,,,,,,
2026-08-24T04:20,118.2,0.0,1022.0,0.0,0.0,13.6,100.0,0.2,0.8
2026-08-24T04:25,,0.0,,,,,,,
2026-08-24T04:30,72.6,0.0,1022.1,0.0,0.0,13.4,100.0,0.6,1.1
2026-08-24T04:35,,0.0,,,,,,,
2026-08-24T04:40,83.7,0.0,1022.1,0.0,0.0,13.4,100.0,0.3,0.8
2026-08-24T04:45,,0.0,,,,,,,
2026-08-24T04:50,9.0,0.0,1022.1,0.0,0.0,13.4,100.0,0.1,0.8
2026-08-24T04:55,,0.0,,,,,,,
2026-08-24T05:00,221.3,0.0,1022.1,0.0,0.0,13.4,99.9,1.0,1.7
2026-08-24T05:05,,0.0,,,,,,,
2026-08-24T05:10,214.7,0.0,1022.1,0.0,0.0,13.5,98.6,1.2,2.1
2026-08-24T05:15,,0.0,,,,,,,
2026-08-24T05:20,121.7,0.0,1022.4,0.0,0.0,13.0,100.0,0.4,1.2
2026-08-24T05:25,,0.0,,,,,,,
2026-08-24T05:30,185.5,0.0,1022.6,0.0,0.0,12.8,100.0,0.9,1.8
2026-08-24T05:35,,0.0,,,,,,,
2026-08-24T05:40,175.2,0.0,1022.8,0.0,0.0,12.6,100.0,1.7,3.1
2026-08-24T05:45,,0.0,,,,,,,
2026-08-24T05:50,180.1,0.0,1022.7,0.0,0.0,12.7,100.0,2.9,4.4
2026-08-24T05:55,,0.0,,,,,,,
2026-08-24T06:00,183.5,0.0,1022.7,0.0,0.0,12.7,100.0,3.1,5.0
2026-08-24T06:05,,0.0,,,,,,,
2026-08-24T06:10,193.1,0.0,1022.6,0.0,0.0,12.6,100.0,2.3,3.9
2026-08-24T06:15,,0.0,,,,,,,
2026-08-24T06:20,181.9,0.0,1022.9,0.0,0.0,12.4,100.0,0.9,1.9
2026-08-24T06:25,,0.0,,,,,,,
2026-08-24T06:30,180.0,0.0,1022.9,1.5,0.0,12.2,100.0,0.9,2.9
2026-08-24T06:35,,0.0,,,,,,,
2026-08-24T06:40,181.6,0.0,1022.9,8.2,0.0,12.2,100.0,2.8,3.9
2026-08-24T06:45,,0.0,,,,,,,
2026-08-24T06:50,178.2,0.0,1022.9,16.6,0.0,12.3,100.0,2.0,3.2
2026-08-24T06:55,,0.0,,,,,,,
2026-08-24T07:00,186.3,0.0,1022.9,25.4,0.0,12.4,100.0,1.6,2.5
2026-08-24T07:05,,0.0,,,,,,,
2026-08-24T07:10,142.9,0.0,1022.8,40.7,0.0,12.4,100.0,0.7,2.4
2026-08-24T07:15,,0.0,,,,,,,
2026-08-24T07:20,149.3,0.0,1022.9,64.5,0.0,12.5,100.0,1.1,1.7
2026-08-24T07:25,,0.0,,,,,,,
2026-08-24T07:30,164.1,0.0,1022.9,83.2,0.0,12.7,100.0,1.5,2.8
2026-08-24T07:35,,0.0,,,,,,,
2026-08-24T07:40,166.2,0.0,1022.8,81.1,0.0,12.8,99.9,2.8,4.8
2026-08-24T07:45,,0.0,,,,,,,
2026-08-24T07:50,171.4,0.0,1023.0,83.0,0.0,12.7,99.9,2.5,3.7
2026-08-24T07:55,,0.0,,,,,,,
2026-08-24T08:00,183.5,0.0,1022.8,102.6,0.0,12.8,99.8,2.3,3.1
2026-08-24T08:05,,0.0,,,,,,,
2026-08-24T08:10,183.0,0.0,1022.6,115.1,0.0,13.0,99.2,1.7,3.0
2026-08-24T08:15,,0.0,,,,,,,
2026-08-24T08:20,182.5,0.0,1022.4,150.4,0.0,13.3,98.7,1.1,1.6
2026-08-24T08:25,,0.0,,,,,,,
2026-08-24T08:30,157.2,0.0,1022.2,147.3,243.0,13.6,96.5,0.9,2.1
2026-08-24T08:35,,0.0,,,,,,,
2026-08-24T08:40,151.0,0.0,1022.0,194.5,600.0,13.8,95.4,0.9,2.4
2026-08-24T08:45,,0.0,,,,,,,
2026-08-24T08:50,146.5,0.0,1021.8,278.4,600.0,14.1,95.4,0.6,1.2
2026-08-24T08:55,,0.0,,,,,,,
2026-08-24T09:00,105.5,0.0,1021.4,382.0,600.0,14.8,92.8,0.5,1.1
2026-08-24T09:05,,0.0,,,,,,,
2026-08-24T09:10,37.5,0.0,1021.1,355.2,596.0,15.3,89.6,0.4,1.1
2026-08-24T09:15,,0.0,,,,,,,
2026-08-24T09:20,86.3,0.0,1020.8,405.7,600.0,16.0,89.2,0.5,1.2
2026-08-24T09:25,,0.0,,,,,,,
2026-08-24T09:30,81.1,0.0,1020.3,482.3,600.0,16.8,86.7,0.3,1.2
2026-08-24T09:35,,0.0,,,,,,,
2026-08-24T09:40,16.5,0.0,1020.0,509.7,600.0,17.2,84.9,0.4,1.1
2026-08-24T09:45,,0.0,,,,,,,
2026-08-24T09:50,5.0,0.0,1019.6,449.0,598.0,17.5,83.5,0.9,1.6
2026-08-24T09:55,,0.0,,,,,,,
2026-08-24T10:00,0.4,0.0,1019.6,536.4,600.0,17.6,82.8,1.3,2.0
2026-08-24T10:05,,0.0,,,,,,,
2026-08-24T10:10,10.0,0.0,1019.3,603.2,600.0,18.2,80.3,1.1,2.5
2026-08-24T10:15,,0.0,,,,,,,
2026-08-24T10:20,50.6,0.0,1018.8,629.9,596.0,18.9,79.8,0.7,1.6
2026-08-24T10:25,,0.0,,,,,,,
2026-08-24T10:30,355.7,0.0,1018.4,657.0,600.0,19.3,79.5,0.9,1.8
2026-08-24T10:35,,0.0,,,,,,,
2026-08-24T10:40,19.0,0.0,1017.9,675.1,599.0,20.0,75.1,1.1,2.6
2026-08-24T10:45,,0.0,,,,,,,
2026-08-24T10:50,7.1,0.0,1017.7,692.0,600.0,20.2,71.8,1.1,2.2
2026-08-24T10:55,,0.0,,,,,,,
2026-08-24T11:00,2.5,0.0,1017.4,719.3,600.0,20.8,69.3,2.4,4.1
2026-08-24T11:05,,0.0,,,,,,,
2026-08-24T11:10,359.3,0.0,1017.3,740.9,600.0,21.1,68.4,2.3,4.2
2026-08-24T11:15,,0.0,,,,,,,
2026-08-24T11:20,356.8,0.0,1017.1,758.8,600.0,21.4,68.2,2.7,4.0
2026-08-24T11:25,,0.0,,,,,,,
2026-08-24T11:30,356.4,0.0,1016.8,771.4,598.0,21.6,68.1,2.3,3.6
2026-08-24T11:35,,0.0,,,,,,,
2026-08-24T11:40,356.3,0.0,1016.6,788.8,600.0,21.8,65.5,3.1,5.1
2026-08-24T11:45,,0.0,,,,,,,
2026-08-24T11:50,1.3,0.0,1016.4,803.8,599.0,22.1,62.6,2.8,4.6
2026-08-24T11:55,,0.0,,,,,,,
2026-08-24T12:00,2.5,0.0,1016.3,811.5,600.0,22.1,60.5,2.6,4.2
2026-08-24T12:05,,0.0,,,,,,,
2026-08-24T12:10,5.8,0.0,1016.0,820.4,600.0,22.6,60.4,2.4,4.0
2026-08-24T12:15,,0.0,,,,,,,
2026-08-24T12:20,12.1,0.0,1015.6,837.2,599.0,22.9,60.0,1.6,2.9
2026-08-24T12:25,,0.0,,,,,,,
2026-08-24T12:30,9.4,0.0,1015.5,849.7,600.0,23.2,56.1,2.0,3.7
2026-08-24T12:35,,0.0,,,,,,,
2026-08-24T12:40,7.6,0.0,1015.6,850.4,600.0,23.0,56.1,1.9,2.7
2026-08-24T12:45,,0.0,,,,,,,
2026-08-24T12:50,350.6,0.0,1015.2,861.8,598.0,23.3,55.4,2.4,4.0
2026-08-24T12:55,,0.0,,,,,,,
2026-08-24T13:00,354.9,0.0,1015.0,870.7,599.0,23.5,55.6,2.9,4.9
2026-08-24T13:05,,0.0,,,,,,,
2026-08-24T13:10,359.0,0.0,1014.8,883.2,600.0,23.8,56.1,3.4,5.3
2026-08-24T13:15,,0.0,,,,,,,
2026-08-24T13:20,355.4,0.0,1014.8,875.9,598.0,23.8,55.6,3.0,4.9
2026-08-24T13:25,,0.0,,,,,,,
2026-08-24T13:30,354.7,0.0,1014.6,871.5,600.0,23.9,56.1,2.2,4.5
2026-08-24T13:35,,0.0,,,,,,,
2026-08-24T13:40,354.2,0.0,1014.5,865.6,598.0,23.9,54.0,2.5,4.2
2026-08-24T13:45,,0.0,,,,,,,
2026-08-24T13:50,353.1,0.0,1014.5,870.2,600.0,23.9,53.8,2.2,4.4
2026-08-24T13:55,,0.0,,,,,,,
2026-08-24T14:00,3.3,0.0,1014.2,862.3,599.0,24.3,53.2,2.0,3.7
2026-08-24T14:05,,0.0,,,,,,,
2026-08-24T14:10,353.8,0.0,1014.1,854.2,600.0,24.2,53.8,2.6,3.9
2026-08-24T14:15,,0.0,,,,,,,
2026-08-24T14:20,358.3,0.0,1014.1,837.7,599.0,24.3,52.6,2.0,3.3
2026-08-24T14:25,,0.0,,,,,,,
2026-08-24T14:30,354.9,0.0,1014.0,836.6,600.0,24.6,52.7,2.1,3.8
2026-08-24T14:35,,0.0,,,,,,,
2026-08-24T14:40,359.7,0.0,1013.8,828.7,600.0,24.6,50.8,1.8,3.1
2026-08-24T14:45,,0.0,,,,,,,
2026-08-24T14:50,354.6,0.0,1013.7,817.5,600.0,24.6,49.6,1.7,3.1
2026-08-24T14:55,,0.0,,,,,,,
2026-08-24T15:00,357.9,0.0,1013.4,801.8,600.0,24.9,50.4,2.2,4.1
2026-08-24T15:05,,0.0,,,,,,,
2026-08-24T15:10,296.3,0.0,1013.6,582.4,518.0,24.4,49.1,0.8,2.5
2026-08-24T15:15,,0.0,,,,,,,
2026-08-24T15:20,343.7,0.0,1013.4,487.5,338.0,24.5,47.1,1.3,2.6
2026-08-24T15:25,,0.0,,,,,,,
2026-08-24T15:30,338.4,0.0,1013.5,506.4,424.0,24.3,47.2,0.9,1.8
2026-08-24T15:35,,0.0,,,,,,,
2026-08-24T15:40,306.7,0.0,1013.5,276.5,227.0,24.1,50.5,1.1,2.5
2026-08-24T15:45,,0.0,,,,,,,
2026-08-24T15:50,311.4,0.0,1013.5,732.7,598.0,23.9,56.4,1.5,3.1
2026-08-24T15:55,,0.0,,,,,,,
2026-08-24T16:00,356.8,0.0,1013.1,512.4,558.0,24.6,48.2,1.3,2.2
2026-08-24T16:05,,0.0,,,,,,,
2026-08-24T16:10,347.6,0.0,1013.1,652.0,598.0,24.5,51.1,1.6,2.6
2026-08-24T16:15,,0.0,,,,,,,
2026-08-24T16:20,326.0,0.0,1012.9,585.8,600.0,24.5,49.6,0.9,2.0
2026-08-24T16:25,,0.0,,,,,,,
2026-08-24T16:30,131.1,0.0,1012.5,553.2,599.0,25.1,48.9,1.2,3.2
2026-08-24T16:35,,0.0,,,,,,,
2026-08-24T16:40,141.3,0.0,1012.7,233.2,262.0,24.8,47.4,1.8,3.3
2026-08-24T16:45,,0.0,,,,,,,
2026-08-24T16:50,145.4,0.0,1012.8,178.5,0.0,24.0,52.0,1.7,3.0
2026-08-24T16:55,,0.0,,,,,,,
2026-08-24T17:00,135.1,0.0,1012.9,239.2,196.0,23.8,56.2,0.7,2.0
2026-08-24T17:05,,0.0,,,,,,,
2026-08-24T17:10,163.5,0.0,1012.7,219.1,16.0,24.1,55.8,0.6,2.0
2026-08-24T17:15,,0.0,,,,,,,
2026-08-24T17:20,160.9,0.0,1012.9,205.7,207.0,23.9,53.4,1.4,3.4
2026-08-24T17:25,,0.0,,,,,,,
2026-08-24T17:30,139.0,0.0,1012.6,340.8,539.0,24.4,52.5,1.6,3.3
2026-08-24T17:35,,0.0,,,,,,,
2026-08-24T17:40,158.5,0.0,1012.4,433.5,600.0,24.3,52.5,2.8,6.4
2026-08-24T17:45,,0.0,,,,,,,
2026-08-24T17:50,141.4,0.0,1012.3,429.5,597.0,24.3,53.1,2.5,5.8
2026-08-24T17:55,,0.0,,,,,,,
2026-08-24T18:00,164.0,0.0,1012.5,391.3,600.0,23.8,55.6,2.6,5.1
2026-08-24T18:05,,0.0,,,,,,,
2026-08-24T18:10,150.7,0.0,1012.5,240.8,378.0,23.7,54.7,2.7,6.2
2026-08-24T18:15,,0.0,,,,,,,
2026-08-24T18:20,172.8,0.0,1012.7,140.7,206.0,23.0,57.3,1.7,4.3
2026-08-24T18:25,,0.0,,,,,,,
2026-08-24T18:30,161.6,0.0,1012.7,282.0,599.0,23.0,58.7,2.8,5.0
2026-08-24T18:35,,0.0,,,,,,,
2026-08-24T18:40,156.9,0.0,1012.8,189.8,510.0,22.7,59.6,3.3,4.9
2026-08-24T18:45,,0.0,,,,,,,
2026-08-24T18:50,151.1,0.0,1013.0,83.4,65.0,22.2,60.9,3.2,5.2
2026-08-24T18:55,,0.0,,,,,,,
2026-08-24T19:00,155.8,0.0,1013.1,66.4,0.0,21.9,62.9,3.2,5.4
2026-08-24T19:05,,0.0,,,,,,,
2026-08-24T19:10,150.2,0.0,1013.3,31.4,0.0,21.8,63.4,3.1,5.7
2026-08-24T19:15,,0.0,,,,,,,
2026-08-24T19:20,154.5,0.0,1013.3,24.5,0.0,21.7,63.7,2.9,5.1
2026-08-24T19:25,,0.0,,,,,,,
2026-08-24T19:30,153.9,0.0,1013.4,19.3,0.0,21.5,64.5,2.1,4.1
2026-08-24T19:35,,0.0,,,,,,,
2026-08-24T19:40,160.4,0.0,1013.6,7.0,0.0,21.3,65.5,1.5,4.2
2026-08-24T19:45,,0.0,,,,,,,
2026-08-24T19:50,156.7,0.0,1013.7,4.8,0.0,21.2,66.2,1.9,3.0
2026-08-24T19:55,,0.0,,,,,,,
2026-08-24T20:00,154.5,0.0,1013.6,0.6,0.0,21.0,66.9,1.9,5.0
2026-08-24T20:05,,0.0,,,,,,,
2026-08-24T20:10,159.7,0.0,1013.7,0.0,0.0,20.9,66.7,2.3,5.4
2026-08-24T20:15,,0.0,,,,,,,
2026-08-24T20:20,156.6,0.0,1014.3,0.0,0.0,20.2,70.6,3.0,6.0
2026-08-24T20:25,,0.0,,,,,,,
2026-08-24T20:30,161.7,0.0,1014.5,0.0,0.0,19.8,73.1,2.2,4.7
2026-08-24T20:35,,0.0,,,,,,,
2026-08-24T20:40,156.4,0.0,1014.7,0.0,0.0,19.7,73.6,3.2,4.6
2026-08-24T20:45,,0.0,,,,,,,
2026-08-24T20:50,153.4,0.0,1014.8,0.0,0.0,19.4,74.7,2.6,5.2
2026-08-24T20:55,,0.0,,,,,,,
2026-08-24T21:00,159.8,0.0,1015.1,0.0,0.0,18.9,77.8,1.6,3.1
2026-08-24T21:05,,0.0,,,,,,,
2026-08-24T21:10,181.5,0.0,1015.4,0.0,0.0,18.5,79.8,0.5,2.7
2026-08-24T21:15,,0.0,,,,,,,
2026-08-24T21:20,326.0,0.0,1015.9,0.0,0.0,18.3,80.6,0.2,1.7
2026-08-24T21:25,,0.0,,,,,,,
2026-08-24T21:30,319.0,0.0,1015.8,0.0,0.0,18.7,77.5,0.5,1.3
2026-08-24T21:35,,0.0,,,,,,,
2026-08-24T21:40,342.7,0.0,1016.0,0.0,0.0,18.5,79.3,1.4,2.3
2026-08-24T21:45,,0.0,,,,,,,
2026-08-24T21:50,5.5,0.0,1016.3,0.0,0.0,18.1,82.5,1.1,2.3
2026-08-24T21:55,,0.0,,,,,,,
2026-08-24T22:00,105.4,0.0,1016.6,0.0,0.0,17.9,85.2,0.6,1.2
2026-08-24T22:05,,0.0,,,,,,,
2026-08-24T22:10,84.4,0.0,1016.8,0.0,0.0,17.6,87.1,0.7,1.2
2026-08-24T22:15,,0.0,,,,,,,
2026-08-24T22:20,347.0,0.0,1017.0,0.0,0.0,17.3,88.4,0.6,2.4
2026-08-24T22:25,,0.0,,,,,,,
2026-08-24T22:30,16.7,0.0,1017.1,0.0,0.0,17.1,90.8,0.4,1.9
2026-08-24T22:35,,0.0,,,,,,,
2026-08-24T22:40,26.2,0.0,1017.1,0.0,0.0,17.2,89.1,0.8,1.9
2026-08-24T22:45,,0.0,,,,,,,
2026-08-24T22:50,356.7,0.0,1017.0,0.0,0.0,17.0,89.2,1.5,2.8
2026-08-24T22:55,,0.0,,,,,,,
2026-08-24T23:00,10.2,0.0,1017.3,0.0,0.0,16.7,90.7,0.5,2.0
2026-08-24T23:05,,0.0,,,,,,,
2026-08-24T23:10,353.3,0.0,1017.3,0.0,0.0,16.4,92.0,0.5,2.2
2026-08-24T23:15,,0.0,,,,,,,
2026-08-24T23:20,357.7,0.0,1017.6,0.0,0.0,16.3,91.5,1.5,2.8
2026-08-24T23:25,,0.0,,,,,,,
2026-08-24T23:30,2.3,0.0,1017.7,0.0,0.0,16.2,91.6,1.0,2.4
2026-08-24T23:35,,0.0,,,,,,,
2026-08-24T23:40,3.5,0.0,1017.8,0.0,0.0,15.9,92.9,0.8,2.7
2026-08-24T23:45,,0.0,,,,,,,
2026-08-24T23:50,142.4,0.0,1017.9,0.0,0.0,15.6,94.5,0.3,1.4
2026-08-24T23:55,,0.0,,,,,,,
2026-08-25T00:00,295.5,0.0,1018.1,0.0,0.0,15.3,95.1,0.7,1.3
2026-08-25T00:05,,0.0,,,,,,,
2026-08-25T00:10,99.0,0.0,1018.0,0.0,0.0,15.4,95.5,0.7,1.2
2026-08-25T00:15,,0.0,,,,,,,
2026-08-25T00:20,272.8,0.0,1017.7,0.0,0.0,15.2,95.8,0.3,1.7
2026-08-25T00:25,,0.0,,,,,,,
2026-08-25T00:30,294.2,0.0,1017.8,0.0,0.0,15.0,95.3,0.9,1.5
2026-08-25T00:35,,0.0,,,,,,,
2026-08-25T00:40,291.7,0.0,1017.9,0.0,0.0,14.7,96.9,0.8,1.6
2026-08-25T00:45,,0.0,,,,,,,
2026-08-25T00:50,290.6,0.0,1018.0,0.0,0.0,14.5,97.7,0.7,1.7
2026-08-25T00:55,,0.0,,,,,,,
2026-08-25T01:00,186.8,0.0,1018.0,0.0,0.0,14.4,99.2,0.7,1.9
2026-08-25T01:05,,0.0,,,,,,,
2026-08-25T01:10,217.9,0.0,1017.8,0.0,0.0,14.3,98.9,0.2,1.0
2026-08-25T01:15,,0.0,,,,,,,
2026-08-25T01:20,298.5,0.0,1018.1,0.0,0.0,13.7,99.9,0.9,1.6
2026-08-25T01:25,,0.0,,,,,,,
2026-08-25T01:30,226.5,0.0,1018.2,0.0,0.0,13.5,100.0,0.4,1.3
2026-08-25T01:35,,0.0,,,,,,,
2026-08-25T01:40,296.6,0.0,1017.8,0.0,0.0,13.4,100.0,1.0,1.8
2026-08-25T01:45,,0.0,,,,,,,
2026-08-25T01:50,300.5,0.0,1017.9,0.0,0.0,13.3,100.0,0.7,1.4
2026-08-25T01:55,,0.0,,,,,,,
2026-08-25T02:00,200.1,0.0,1017.8,0.0,0.0,13.4,100.0,0.7,1.3
2026-08-25T02:05,,0.0,,,,,,,
2026-08-25T02:10,305.7,0.0,1017.9,0.0,0.0,13.0,100.0,0.8,1.7
2026-08-25T02:15,,0.0,,,,,,,
2026-08-25T02:20,324.0,0.0,1017.7,0.0,0.0,13.1,100.0,0.8,1.4
2026-08-25T02:25,,0.0,,,,,,,
2026-08-25T02:30,190.2,0.0,1017.9,0.0,0.0,13.0,100.0,0.6,1.4
2026-08-25T02:35,,0.0,,,,,,,
2026-08-25T02:40,164.8,0.0,1018.0,0.0,0.0,12.7,100.0,1.1,1.4
2026-08-25T02:45,,0.0,,,,,,,
2026-08-25T02:50,168.8,0.0,1017.9,0.0,0.0,12.7,100.0,1.4,2.9
2026-08-25T02:55,,0.0,,,,,,,
2026-08-25T03:00,182.0,0.0,1017.5,0.0,0.0,12.9,100.0,0.2,1.5
2026-08-25T03:05,,0.0,,,,,,,
2026-08-25T03:10,148.3,0.0,1017.3,0.0,0.0,12.9,100.0,0.4,1.0
2026-08-25T03:15,,0.0,,,,,,,
2026-08-25T03:20,202.8,0.0,1017.1,0.0,0.0,12.9,100.0,0.3,0.6
2026-08-25T03:25,,0.0,,,,,,,
2026-08-25T03:30,142.1,0.0,1016.8,0.0,0.0,12.9,100.0,0.4,1.4
2026-08-25T03:35,,0.0,,,,,,,
2026-08-25T03:40,169.9,0.0,1016.8,0.0,0.0,12.6,100.0,0.7,1.3
2026-08-25T03:45,,0.0,,,,,,,
2026-08-25T03:50,144.6,0.0,1016.6,0.0,0.0,12.6,100.0,0.5,1.2
2026-08-25T03:55,,0.0,,,,,,,
2026-08-25T04:00,10.0,0.0,1016.4,0.0,0.0,12.6,100.0,0.2,0.9
2026-08-25T04:05,,0.0,,,,,,,
2026-08-25T04:10,115.7,0.0,1016.3,0.0,0.0,12.6,100.0,0.1,0.7
2026-08-25T04:15,,0.0,,,,,,,
2026-08-25T04:20,67.3,0.0,1016.0,0.0,0.0,12.8,100.0,0.2,1.3
2026-08-25T04:25,,0.0,,,,,,,
2026-08-25T04:30,258.3,0.0,1015.8,0.0,0.0,12.6,100.0,0.2,0.5
2026-08-25T04:35,,0.0,,,,,,,
2026-08-25T04:40,154.3,0.0,1015.7,0.0,0.0,12.5,100.0,0.4,1.4
2026-08-25T04:45,,0.0,,,,,,,
2026-08-25T04:50,163.3,0.0,1015.9,0.0,0.0,12.3,100.0,1.0,1.6
2026-08-25T04:55,,0.0,,,,,,,
2026-08-25T05:00,194.9,0.0,1015.8,0.0,0.0,12.5,100.0,0.7,1.4
2026-08-25T05:05,,0.0,,,,,,,
2026-08-25T05:10,110.3,0.0,1015.6,0.0,0.0,12.7,100.0,0.3,0.8
2026-08-25T05:15,,0.0,,,,,,,
2026-08-25T05:20,80.5,0.0,1015.3,0.0,0.0,12.7,100.0,0.4,1.0
2026-08-25T05:25,,0.0,,,,,,,
2026-08-25T05:30,207.6,0.0,1015.3,0.0,0.0,12.7,100.0,0.1,0.7
2026-08-25T05:35,,0.0,,,,,,,
2026-08-25T05:40,203.8,0.0,1015.1,0.0,0.0,12.8,100.0,0.5,1.2
2026-08-25T05:45,,0.0,,,,,,,
2026-08-25T05:50,161.8,0.0,1015.1,0.0,0.0,12.6,100.0,0.7,1.3
2026-08-25T05:55,,0.0,,,,,,,
2026-08-25T06:00,108.5,0.0,1015.1,0.0,0.0,12.7,100.0,0.2,0.7
2026-08-25T06:05,,0.0,,,,,,,
2026-08-25T06:10,143.4,0.0,1015.2,0.0,0.0,12.8,100.0,0.4,0.8
2026-08-25T06:15,,0.1,,,,,,,
2026-08-25T06:20,294.6,0.0,1015.3,0.0,0.0,12.8,100.0,0.2,0.5
2026-08-25T06:25,,0.1,,,,,,,
2026-08-25T06:30,97.6,0.0,1015.3,0.0,0.0,12.9,100.0,0.2,1.5
2026-08-25T06:35,,0.1,,,,,,,
2026-08-25T06:40,84.8,0.2,1015.4,0.0,0.0,12.8,100.0,0.1,0.6
2026-08-25T06:45,,0.1,,,,,,,
2026-08-25T06:50,353.1,0.1,1015.4,0.2,0.0,12.8,100.0,0.2,0.6
2026-08-25T06:55,,0.1,,,,,,,
2026-08-25T07:00,31.7,0.0,1015.2,4.0,0.0,12.8,100.0,0.4,0.9
2026-08-25T07:05,,0.0,,,,,,,
2026-08-25T07:10,136.7,0.1,1015.3,6.3,0.0,12.8,100.0,0.7,1.0
2026-08-25T07:15,,0.1,,,,,,,
2026-08-25T07:20,335.6,0.1,1015.3,7.0,0.0,12.8,99.9,0.1,0.9
2026-08-25T07:25,,0.1,,,,,,,
2026-08-25T07:30,2.2,0.0,1015.2,4.1,0.0,12.9,99.9,0.7,1.3
2026-08-25T07:35,,0.0,,,,,,,
2026-08-25T07:40,154.6,0.0,1015.1,5.8,0.0,12.9,99.9,0.8,1.5
2026-08-25T07:45,,0.0,,,,,,,
2026-08-25T07:50,148.8,0.1,1015.0,23.3,0.0,12.9,99.9,0.4,1.2
2026-08-25T07:55,,0.0,,,,,,,
2026-08-25T08:00,92.9,0.0,1015.0,33.1,0.0,12.9,99.9,0.4,0.8
2026-08-25T08:05,,0.0,,,,,,,
2026-08-25T08:10,199.2,0.0,1014.9,55.5,0.0,13.0,99.9,0.4,0.7
2026-08-25T08:15,,0.0,,,,,,,
2026-08-25T08:20,173.4,0.0,1014.7,84.8,0.0,13.2,99.9,0.7,1.6
2026-08-25T08:25,,0.0,,,,,,,
2026-08-25T08:30,137.7,0.0,1014.5,77.4,0.0,13.3,99.9,1.1,1.5
2026-08-25T08:35,,0.0,,,,,,,
2026-08-25T08:40,110.5,0.0,1014.4,79.7,0.0,13.3,99.9,0.8,1.1
2026-08-25T08:45,,0.0,,,,,,,
2026-08-25T08:50,2.9,0.0,1014.2,92.2,0.0,13.5,99.9,0.6,1.4
2026-08-25T08:55,,0.0,,,,,,,
2026-08-25T09:00,65.3,0.0,1014.2,89.5,0.0,13.7,99.9,0.6,1.3
2026-08-25T09:05,,0.0,,,,,,,
2026-08-25T09:10,76.8,0.0,1014.1,93.1,0.0,13.8,99.9,0.4,0.9
2026-08-25T09:15,,0.0,,,,,,,
2026-08-25T09:20,353.9,0.0,1014.0,128.7,0.0,13.9,99.9,0.4,0.7
2026-08-25T09:25,,0.0,,,,,,,
2026-08-25T09:30,50.1,0.0,1013.8,199.5,0.0,14.3,99.9,0.4,1.0
2026-08-25T09:35,,0.0,,,,,,,
2026-08-25T09:40,28.9,0.0,1013.6,246.3,3.0,14.6,100.0,0.9,1.3
2026-08-25T09:45,,0.0,,,,,,,
2026-08-25T09:50,11.8,0.0,1013.6,227.3,0.0,14.5,100.0,1.0,1.8
2026-08-25T09:55,,0.0,,,,,,,
2026-08-25T10:00,359.0,0.0,1013.4,224.1,0.0,14.9,100.0,0.9,1.5
2026-08-25T10:05,,0.0,,,,,,,
2026-08-25T10:10,112.4,0.0,1013.0,272.4,66.0,15.5,99.9,0.3,1.2
2026-08-25T10:15,,0.0,,,,,,,
2026-08-25T10:20,104.2,0.0,1012.9,276.8,449.0,15.5,100.0,0.9,1.5
2026-08-25T10:25,,0.0,,,,,,,
2026-08-25T10:30,352.8,0.0,1012.8,385.6,364.0,15.7,99.6,1.1,2.0
2026-08-25T10:35,,0.0,,,,,,,
2026-08-25T10:40,13.9,0.0,1012.4,414.7,334.0,16.3,98.4,1.6,2.8
2026-08-25T10:45,,0.0,,,,,,,
2026-08-25T10:50,0.5,0.0,1012.5,242.6,37.0,16.1,97.9,2.0,2.9
2026-08-25T10:55,,0.0,,,,,,,
2026-08-25T11:00,7.9,0.0,1012.6,207.8,0.0,16.0,97.0,1.9,3.3
2026-08-25T11:05,,0.0,,,,,,,
2026-08-25T11:10,9.2,0.0,1012.8,132.4,0.0,15.8,96.0,1.8,4.3
2026-08-25T11:15,,0.0,,,,,,,
2026-08-25T11:20,2.0,0.0,1012.8,159.3,0.0,15.7,96.8,1.8,3.5
2026-08-25T11:25,,0.0,,,,,,,
2026-08-25T11:30,1.9,0.0,1012.9,134.8,0.0,15.6,97.7,1.7,2.5
2026-08-25T11:35,,0.0,,,,,,,
2026-08-25T11:40,350.4,0.0,1012.8,177.1,0.0,15.7,99.7,1.6,2.4
2026-08-25T11:45,,0.0,,,,,,,
2026-08-25T11:50,12.8,0.0,1012.9,204.5,0.0,15.6,99.2,1.4,2.7
2026-08-25T11:55,,0.0,,,,,,,
2026-08-25T12:00,9.0,0.0,1013.0,222.8,0.0,15.7,99.0,1.6,3.2
2026-08-25T12:05,,0.0,,,,,,,
2026-08-25T12:10,1.0,0.0,1013.0,219.6,0.0,15.7,99.9,2.3,3.7
2026-08-25T12:15,,0.0,,,,,,,
2026-08-25T12:20,6.6,0.0,1013.1,205.0,0.0,15.6,100.0,1.7,3.3
2026-08-25T12:25,,0.0,,,,,,,
2026-08-25T12:30,14.9,0.0,1013.0,192.4,0.0,15.7,100.0,1.4,2.4
2026-08-25T12:35,,0.0,,,,,,,
2026-08-25T12:40,3.8,0.0,1013.1,97.5,0.0,15.6,100.0,1.5,2.6
2026-08-25T12:45,,0.0,,,,,,,
2026-08-25T12:50,358.7,0.0,1013.2,39.9,0.0,15.7,99.8,0.9,1.8
2026-08-25T12:55,,0.0,,,,,,,
2026-08-25T13:00,3.1,0.2,1013.3,61.9,0.0,15.6,99.8,1.0,2.7
2026-08-25T13:05,,0.1,,,,,,,
2026-08-25T13:10,4.4,0.1,1013.5,161.3,0.0,15.3,100.0,0.9,1.7
2026-08-25T13:15,,0.0,,,,,,,
2026-08-25T13:20,359.8,0.0,1013.4,317.8,0.0,15.4,100.0,1.0,1.6
2026-08-25T13:25,,0.0,,,,,,,
2026-08-25T13:30,58.8,0.0,1013.2,415.8,185.0,15.9,100.0,0.7,1.8
2026-08-25T13:35,,0.0,,,,,,,
2026-08-25T13:40,56.5,0.0,1012.8,543.2,465.0,16.5,100.0,0.8,1.6
2026-08-25T13:45,,0.0,,,,,,,
2026-08-25T13:50,13.6,0.0,1012.7,279.9,0.0,16.5,99.9,0.7,1.4
2026-08-25T13:55,,0.0,,,,,,,
2026-08-25T14:00,41.8,0.0,1012.7,186.2,0.0,16.8,99.6,0.4,1.8
2026-08-25T14:05,,0.0,,,,,,,
2026-08-25T14:10,47.2,0.0,1013.0,165.7,0.0,16.7,97.6,0.6,1.7
2026-08-25T14:15,,0.0,,,,,,,
2026-08-25T14:20,83.3,0.0,1012.9,304.7,208.0,17.0,97.4,0.7,1.4
2026-08-25T14:25,,0.0,,,,,,,
2026-08-25T14:30,29.9,0.0,1012.9,124.3,0.0,16.9,95.8,0.7,1.5
2026-08-25T14:35,,0.0,,,,,,,
2026-08-25T14:40,21.5,0.0,1013.0,88.3,0.0,16.7,95.5,0.9,1.5
2026-08-25T14:45,,0.0,,,,,,,
2026-08-25T14:50,53.9,0.0,1013.1,79.7,0.0,16.6,98.4,0.3,1.3
2026-08-25T14:55,,0.2,,,,,,,
2026-08-25T15:00,63.5,0.2,1013.3,100.1,0.0,16.2,99.2,0.3,1.2
2026-08-25T15:05,,0.0,,,,,,,
2026-08-25T15:10,105.6,0.1,1013.3,144.2,0.0,16.0,100.0,0.8,1.3
2026-08-25T15:15,,0.1,,,,,,,
2026-08-25T15:20,80.6,0.0,1013.2,292.6,0.0,16.2,100.0,0.4,1.0
2026-08-25T15:25,,0.0,,,,,,,
2026-08-25T15:30,20.9,0.0,1013.1,301.2,0.0,16.4,99.9,0.5,1.1
2026-08-25T15:35,,0.0,,,,,,,
2026-08-25T15:40,103.0,0.0,1013.0,216.1,0.0,16.7,99.8,0.6,1.3
2026-08-25T15:45,,0.0,,,,,,,
2026-08-25T15:50,102.5,0.0,1013.0,200.4,0.0,16.9,100.0,0.4,1.5
2026-08-25T15:55,,0.0,,,,,,,
2026-08-25T16:00,23.8,0.0,1013.1,184.0,0.0,17.0,97.5,0.4,1.1
2026-08-25T16:05,,0.0,,,,,,,
2026-08-25T16:10,31.4,0.0,1013.1,198.2,0.0,17.2,96.4,0.4,1.3
2026-08-25T16:15,,0.0,,,,,,,
2026-08-25T16:20,355.2,0.0,1012.9,353.3,250.0,17.5,95.1,1.0,4.2
2026-08-25T16:25,,0.0,,,,,,,
2026-08-25T16:30,349.2,0.0,1013.2,194.2,39.0,17.3,91.0,2.0,3.7
2026-08-25T16:35,,0.0,,,,,,,
2026-08-25T16:40,345.9,0.0,1013.3,138.4,0.0,17.3,89.9,1.3,2.6
2026-08-25T16:45,,0.0,,,,,,,
2026-08-25T16:50,354.2,0.0,1013.2,139.8,0.0,17.5,90.2,1.2,2.1
2026-08-25T16:55,,0.0,,,,,,,
2026-08-25T17:00,6.7,0.0,1013.3,113.7,0.0,17.6,87.6,0.9,1.7
2026-08-25T17:05,,0.0,,,,,,,
2026-08-25T17:10,176.2,0.0,1013.3,78.7,0.0,17.5,93.5,0.2,1.3
2026-08-25T17:15,,0.1,,,,,,,
2026-08-25T17:20,196.9,0.1,1013.5,125.8,0.0,17.1,97.7,0.7,1.1
2026-08-25T17:25,,0.1,,,,,,,
2026-08-25T17:30,170.9,0.0,1013.7,193.7,0.0,17.0,100.0,1.0,1.3
2026-08-25T17:35,,0.1,,,,,,,
2026-08-25T17:40,202.0,0.0,1013.9,194.7,0.0,16.9,99.6,0.8,1.3
2026-08-25T17:45,,0.0,,,,,,,
2026-08-25T17:50,152.2,0.0,1014.0,184.5,0.0,17.1,99.9,0.5,0.9
2026-08-25T17:55,,0.0,,,,,,,
2026-08-25T18:00,115.8,0.0,1014.0,187.9,0.0,17.2,99.7,0.9,1.2
2026-08-25T18:05,,0.0,,,,,,,
2026-08-25T18:10,121.4,0.0,1014.0,171.1,0.0,17.3,96.3,0.7,1.0
2026-08-25T18:15,,0.0,,,,,,,
2026-08-25T18:20,37.6,0.0,1013.9,217.2,322.0,17.5,94.9,0.2,0.7
2026-08-25T18:25,,0.0,,,,,,,
2026-08-25T18:30,143.6,0.0,1013.9,153.8,38.0,17.6,93.7,0.7,1.2
2026-08-25T18:35,,0.0,,,,,,,
2026-08-25T18:40,171.8,0.0,1014.1,191.9,454.0,17.4,93.9,0.9,1.2
2026-08-25T18:45,,0.0,,,,,,,
2026-08-25T18:50,186.5,0.0,1014.2,99.5,69.0,17.2,95.5,0.8,1.3
2026-08-25T18:55,,0.0,,,,,,,
2026-08-25T19:00,155.1,0.0,1014.1,57.6,0.0,17.3,95.8,0.3,0.8
2026-08-25T19:05,,0.0,,,,,,,
2026-08-25T19:10,273.2,0.0,1014.3,48.8,0.0,17.2,96.1,0.3,1.1
2026-08-25T19:15,,0.0,,,,,,,
2026-08-25T19:20,204.4,0.0,1014.6,31.3,0.0,16.7,100.0,0.7,1.2
2026-08-25T19:25,,0.0,,,,,,,
2026-08-25T19:30,276.4,0.0,1014.9,26.0,0.0,16.2,100.0,1.5,2.4
2026-08-25T19:35,,0.0,,,,,,,
2026-08-25T19:40,212.1,0.0,1015.0,21.7,0.0,16.2,100.0,0.3,1.4
2026-08-25T19:45,,0.0,,,,,,,
2026-08-25T19:50,282.2,0.0,1015.2,14.5,0.0,15.9,100.0,0.6,1.3
2026-08-25T19:55,,0.0,,,,,,,
2026-08-25T20:00,275.1,0.0,1015.5,4.8,0.0,15.6,100.0,0.6,1.4
2026-08-25T20:05,,0.0,,,,,,,
2026-08-25T20:10,297.4,0.0,1016.1,0.1,0.0,15.1,100.0,0.9,1.6
2026-08-25T20:15,,0.0,,,,,,,
2026-08-25T20:20,290.8,0.0,1016.5,0.0,0.0,14.7,100.0,0.9,1.7
2026-08-25T20:25,,0.0,,,,,,,
2026-08-25T20:30,271.6,0.0,1016.6,0.0,0.0,14.6,100.0,0.7,1.5
2026-08-25T20:35,,0.0,,,,,,,
2026-08-25T20:40,36.7,0.0,1016.9,0.0,0.0,14.6,100.0,0.3,1.0
2026-08-25T20:45,,0.0,,,,,,,
2026-08-25T20:50,201.1,0.0,1017.1,0.0,0.0,14.5,100.0,0.1,1.1
2026-08-25T20:55,,0.0,,,,,,,
2026-08-25T21:00,333.0,0.0,1017.3,0.0,0.0,14.1,100.0,0.2,0.8
2026-08-25T21:05,,0.0,,,,,,,
2026-08-25T21:10,2.0,0.0,1017.5,0.0,0.0,13.9,100.0,0.2,0.9
2026-08-25T21:15,,0.0,,,,,,,
2026-08-25T21:20,314.1,0.0,1017.8,0.0,0.0,13.7,100.0,0.7,1.4
2026-08-25T21:25,,0.0,,,,,,,
2026-08-25T21:30,309.1,0.0,1018.2,0.0,0.0,13.3,100.0,0.5,1.2
2026-08-25T21:35,,0.0,,,,,,,
2026-08-25T21:40,312.0,0.0,1018.4,0.0,0.0,13.1,100.0,0.6,1.4
2026-08-25T21:45,,0.0,,,,,,,
2026-08-25T21:50,318.0,0.0,1018.5,0.0,0.0,13.2,100.0,0.3,1.1
2026-08-25T21:55,,0.0,,,,,,,
2026-08-25T22:00,101.5,0.0,1018.6,0.0,0.0,12.9,100.0,0.2,1.5
2026-08-25T22:05,,0.0,,,,,,,
2026-08-25T22:10,175.2,0.0,1018.7,0.0,0.0,12.9,100.0,1.3,2.2
2026-08-25T22:15,,0.0,,,,,,,
2026-08-25T22:20,181.7,0.0,1019.0,0.0,0.0,12.6,100.0,0.7,1.8
2026-08-25T22:25,,0.0,,,,,,,
2026-08-25T22:30,172.4,0.0,1019.3,0.0,0.0,12.5,100.0,0.7,2.4
2026-08-25T22:35,,0.0,,,,,,,
2026-08-25T22:40,161.3,0.0,1019.4,0.0,0.0,12.5,100.0,0.7,2.2
2026-08-25T22:45,,0.0,,,,,,,
2026-08-25T22:50,194.5,0.0,1019.6,0.0,0.0,12.3,100.0,0.4,2.3
2026-08-25T22:55,,0.0,,,,,,,
2026-08-25T23:00,277.8,0.0,1019.8,0.0,0.0,12.1,100.0,0.4,1.5
2026-08-25T23:05,,0.0,,,,,,,
2026-08-25T23:10,184.8,0.0,1019.9,0.0,0.0,11.9,100.0,0.8,2.2
2026-08-25T23:15,,0.0,,,,,,,
2026-08-25T23:20,237.3,0.0,1019.9,0.0,0.0,11.9,100.0,0.6,1.8
2026-08-25T23:25,,0.0,,,,,,,
2026-08-25T23:30,158.6,0.0,1019.9,0.0,0.0,11.9,100.0,0.5,1.0
2026-08-25T23:35,,0.0,,,,,,,
2026-08-25T23:40,175.9,0.0,1020.2,0.0,0.0,11.7,100.0,0.7,1.5
2026-08-25T23:45,,0.0,,,,,,,
2026-08-25T23:50,199.3,0.0,1020.3,0.0,0.0,11.5,100.0,0.4,1.5
2026-08-25T23:55,,0.0,,,,,,,
2026-08-26T00:00,103.4,0.0,1020.5,0.0,0.0,11.4,100.0,0.3,0.8
2026-08-26T00:05,,0.0,,,,,,,
2026-08-26T00:10,54.5,0.0,1020.7,0.0,0.0,11.4,100.0,0.1,1.2
2026-08-26T00:15,,0.0,,,,,,,
2026-08-26T00:20,170.0,0.0,1020.7,0.0,0.0,11.4,100.0,1.0,1.5
2026-08-26T00:25,,0.0,,,,,,,
2026-08-26T00:30,192.7,0.0,1020.8,0.0,0.0,11.3,100.0,0.2,1.1
2026-08-26T00:35,,0.0,,,,,,,
2026-08-26T00:40,144.9,0.0,1020.9,0.0,0.0,11.3,100.0,0.7,1.5
2026-08-26T00:45,,0.0,,,,,,,
2026-08-26T00:50,198.7,0.0,1021.1,0.0,0.0,11.3,100.0,0.8,1.7
2026-08-26T00:55,,0.0,,,,,,,
2026-08-26T01:00,139.4,0.0,1020.9,0.0,0.0,11.6,100.0,0.5,1.0
2026-08-26T01:05,,0.0,,,,,,,
2026-08-26T01:10,155.5,0.0,1020.9,0.0,0.0,11.6,100.0,0.8,1.6
2026-08-26T01:15,,0.0,,,,,,,
2026-08-26T01:20,181.2,0.0,1021.0,0.0,0.0,11.7,100.0,1.7,4.2
2026-08-26T01:25,,0.0,,,,,,,
2026-08-26T01:30,176.6,0.0,1021.0,0.0,0.0,11.8,100.0,3.1,5.3
2026-08-26T01:35,,0.0,,,,,,,
2026-08-26T01:40,176.0,0.0,1021.0,0.0,0.0,11.9,100.0,3.4,5.3
2026-08-26T01:45,,0.0,,,,,,,
2026-08-26T01:50,170.1,0.0,1020.9,0.0,0.0,11.9,100.0,2.6,4.0
2026-08-26T01:55,,0.0,,,,,,,
2026-08-26T02:00,171.6,0.0,1021.0,0.0,0.0,11.9,100.0,1.7,2.4
2026-08-26T02:05,,0.0,,,,,,,
2026-08-26T02:10,176.4,0.0,1021.1,0.0,0.0,12.0,100.0,1.8,2.6
2026-08-26T02:15,,0.0,,,,,,,
2026-08-26T02:20,180.8,0.0,1021.0,0.0,0.0,12.1,100.0,1.3,2.3
2026-08-26T02:25,,0.0,,,,,,,
2026-08-26T02:30,118.2,0.0,1020.9,0.0,0.0,12.2,100.0,0.5,1.3
2026-08-26T02:35,,0.0,,,,,,,
2026-08-26T02:40,171.9,0.0,1021.0,0.0,0.0,12.1,100.0,1.1,2.0
2026-08-26T02:45,,0.0,,,,,,,
2026-08-26T02:50,168.2,0.0,1021.0,0.0,0.0,12.1,100.0,1.9,4.5
2026-08-26T02:55,,0.0,,,,,,,
2026-08-26T03:00,178.8,0.0,1021.0,0.0,0.0,12.1,100.0,1.5,2.7
2026-08-26T03:05,,0.0,,,,,,,
2026-08-26T03:10,166.4,0.0,1021.2,0.0,0.0,12.1,100.0,2.0,2.9
2026-08-26T03:15,,0.0,,,,,,,
2026-08-26T03:20,178.4,0.0,1021.2,0.0,0.0,12.0,100.0,2.0,2.7
2026-08-26T03:25,,0.0,,,,,,,
2026-08-26T03:30,174.6,0.0,1021.4,0.0,0.0,12.0,100.0,2.3,3.6
2026-08-26T03:35,,0.0,,,,,,,
2026-08-26T03:40,170.9,0.0,1021.7,0.0,0.0,11.9,100.0,2.7,4.4
2026-08-26T03:45,,0.0,,,,,,,
2026-08-26T03:50,177.6,0.0,1021.7,0.0,0.0,11.8,100.0,3.7,4.5
2026-08-26T03:55,,0.0,,,,,,,
2026-08-26T04:00,172.2,0.0,1021.7,0.0,0.0,11.8,100.0,3.1,4.9
2026-08-26T04:05,,0.0,,,,,,,
2026-08-26T04:10,181.4,0.0,1021.7,0.0,0.0,11.8,100.0,1.5,3.2
2026-08-26T04:15,,0.0,,,,,,,
2026-08-26T04:20,167.3,0.0,1021.8,0.0,0.0,11.7,100.0,2.2,3.8
2026-08-26T04:25,,0.0,,,,,,,
2026-08-26T04:30,174.5,0.0,1022.0,0.0,0.0,11.6,100.0,3.1,4.5
2026-08-26T04:35,,0.0,,,,,,,
2026-08-26T04:40,173.4,0.0,1022.1,0.0,0.0,11.5,100.0,3.2,4.4
2026-08-26T04:45,,0.0,,,,,,,
2026-08-26T04:50,175.1,0.0,1022.2,0.0,0.0,11.5,100.0,2.9,4.0
2026-08-26T04:55,,0.0,,,,,,,
2026-08-26T05:00,178.2,0.0,1022.2,0.0,0.0,11.7,100.0,2.3,3.5
2026-08-26T05:05,,0.0,,,,,,,
2026-08-26T05:10,176.6,0.0,1022.1,0.0,0.0,11.7,100.0,1.6,3.2
2026-08-26T05:15,,0.0,,,,,,,
2026-08-26T05:20,177.9,0.0,1022.0,0.0,0.0,11.6,100.0,2.5,3.7
2026-08-26T05:25,,0.0,,,,,,,
2026-08-26T05:30,180.9,0.0,1022.1,0.0,0.0,11.4,100.0,3.5,4.7
2026-08-26T05:35,,0.0,,,,,,,
2026-08-26T05:40,177.9,0.0,1022.2,0.0,0.0,11.5,100.0,3.0,3.8
2026-08-26T05:45,,0.0,,,,,,,
2026-08-26T05:50,174.3,0.0,1022.2,0.0,0.0,11.5,100.0,2.7,3.9
2026-08-26T05:55,,0.0,,,,,,,
2026-08-26T06:00,176.5,0.0,1022.3,0.0,0.0,11.6,100.0,2.9,3.9
2026-08-26T06:05,,0.0,,,,,,,
2026-08-26T06:10,171.9,0.0,1022.2,0.0,0.0,11.6,100.0,2.3,3.1
2026-08-26T06:15,,0.0,,,,,,,
2026-08-26T06:20,167.5,0.0,1022.3,0.0,0.0,11.6,100.0,2.1,3.3
2026-08-26T06:25,,0.0,,,,,,,
2026-08-26T06:30,170.6,0.0,1022.2,0.0,0.0,11.6,100.0,2.2,3.3
2026-08-26T06:35,,0.0,,,,,,,
2026-08-26T06:40,168.8,0.0,1022.3,0.0,0.0,11.6,100.0,2.6,4.4
2026-08-26T06:45,,0.0,,,,,,,
2026-08-26T06:50,172.7,0.0,1022.5,0.7,0.0,11.6,100.0,1.6,2.6
2026-08-26T06:55,,0.0,,,,,,,
2026-08-26T07:00,171.5,0.0,1022.5,5.4,0.0,11.6,100.0,1.8,2.3
2026-08-26T07:05,,0.0,,,,,,,
2026-08-26T07:10,172.3,0.0,1022.6,12.0,0.0,11.7,100.0,1.8,2.7
2026-08-26T07:15,,0.0,,,,,,,
2026-08-26T07:20,164.1,0.0,1022.7,18.8,0.0,11.7,100.0,2.0,2.7
2026-08-26T07:25,,0.0,,,,,,,
2026-08-26T07:30,175.8,0.0,1022.6,27.4,0.0,12.0,100.0,2.2,3.5
2026-08-26T07:35,,0.0,,,,,,,
2026-08-26T07:40,162.6,0.0,1022.8,37.2,0.0,12.0,100.0,2.0,3.6
2026-08-26T07:45,,0.0,,,,,,,
2026-08-26T07:50,163.2,0.0,1022.8,47.0,0.0,11.9,100.0,2.5,3.5
2026-08-26T07:55,,0.0,,,,,,,
2026-08-26T08:00,160.9,0.0,1022.9,62.2,0.0,11.9,99.8,2.6,3.9
2026-08-26T08:05,,0.0,,,,,,,
2026-08-26T08:10,157.9,0.0,1022.8,79.4,0.0,12.2,100.0,2.0,2.8
2026-08-26T08:15,,0.0,,,,,,,
2026-08-26T08:20,148.9,0.0,1022.7,121.0,0.0,12.4,100.0,2.3,3.3
2026-08-26T08:25,,0.0,,,,,,,
2026-08-26T08:30,155.7,0.0,1022.6,157.3,0.0,12.6,99.6,2.4,3.7
2026-08-26T08:35,,0.0,,,,,,,
2026-08-26T08:40,154.0,0.0,1022.5,214.6,350.0,12.6,98.8,2.4,3.5
2026-08-26T08:45,,0.0,,,,,,,
2026-08-26T08:50,146.2,0.0,1022.2,498.2,598.0,13.3,95.8,2.4,3.2
2026-08-26T08:55,,0.0,,,,,,,
2026-08-26T09:00,152.4,0.0,1021.8,560.0,600.0,14.1,92.9,1.6,2.7
2026-08-26T09:05,,0.0,,,,,,,
2026-08-26T09:10,81.6,0.0,1021.6,522.6,600.0,14.2,91.4,0.8,2.0
2026-08-26T09:15,,0.0,,,,,,,
2026-08-26T09:20,50.3,0.0,1021.3,505.9,600.0,14.4,92.4,0.8,1.7
2026-08-26T09:25,,0.0,,,,,,,
2026-08-26T09:30,123.8,0.0,1021.1,495.7,600.0,14.7,91.6,1.4,2.4
2026-08-26T09:35,,0.0,,,,,,,
2026-08-26T09:40,137.8,0.0,1021.0,507.2,597.0,14.9,90.6,1.7,2.3
2026-08-26T09:45,,0.0,,,,,,,
2026-08-26T09:50,112.5,0.0,1020.8,532.8,600.0,15.0,89.5,1.1,2.2
2026-08-26T09:55,,0.0,,,,,,,
2026-08-26T10:00,69.0,0.0,1020.7,559.7,598.0,15.4,88.0,0.9,2.0
2026-08-26T10:05,,0.0,,,,,,,
2026-08-26T10:10,27.7,0.0,1020.5,585.0,600.0,15.7,88.1,0.9,1.7
2026-08-26T10:15,,0.0,,,,,,,
2026-08-26T10:20,40.3,0.0,1020.0,608.4,599.0,16.4,86.5,0.4,2.0
2026-08-26T10:25,,0.0,,,,,,,
2026-08-26T10:30,141.3,0.0,1019.7,633.3,600.0,16.7,83.9,1.7,2.4
2026-08-26T10:35,,0.0,,,,,,,
2026-08-26T10:40,121.5,0.0,1019.3,655.8,599.0,17.4,81.3,1.3,2.0
2026-08-26T10:45,,0.0,,,,,,,
2026-08-26T10:50,143.7,0.0,1018.8,675.8,600.0,18.1,79.6,1.8,2.5
2026-08-26T10:55,,0.0,,,,,,,
2026-08-26T11:00,135.2,0.0,1018.6,696.7,600.0,18.3,76.4,1.3,2.2
2026-08-26T11:05,,0.0,,,,,,,
2026-08-26T11:10,349.2,0.0,1018.5,708.3,598.0,18.7,76.1,1.1,2.4
2026-08-26T11:15,,0.0,,,,,,,
2026-08-26T11:20,340.1,0.0,1018.2,730.9,600.0,19.1,74.7,0.8,2.0
2026-08-26T11:25,,0.0,,,,,,,
2026-08-26T11:30,355.2,0.0,1018.0,746.0,597.0,19.6,72.2,1.2,2.1
2026-08-26T11:35,,0.0,,,,,,,
2026-08-26T11:40,29.3,0.0,1017.6,745.8,600.0,20.3,66.3,0.8,2.0
2026-08-26T11:45,,0.0,,,,,,,
2026-08-26T11:50,4.7,0.0,1016.9,775.6,600.0,21.0,67.4,0.9,2.2
2026-08-26T11:55,,0.0,,,,,,,
2026-08-26T12:00,358.5,0.0,1016.8,785.5,600.0,20.9,66.5,1.3,2.6
2026-08-26T12:05,,0.0,,,,,,,
2026-08-26T12:10,13.9,0.0,1016.4,804.2,597.0,21.8,62.9,1.6,2.9
2026-08-26T12:15,,0.0,,,,,,,
2026-08-26T12:20,11.4,0.0,1016.1,818.1,600.0,22.2,61.2,1.4,2.4
2026-08-26T12:25,,0.0,,,,,,,
2026-08-26T12:30,353.4,0.0,1015.7,833.4,600.0,22.8,56.7,1.9,3.2
2026-08-26T12:35,,0.0,,,,,,,
2026-08-26T12:40,1.5,0.0,1015.5,854.0,600.0,23.1,54.0,2.2,4.6
2026-08-26T12:45,,0.0,,,,,,,
2026-08-26T12:50,357.0,0.0,1015.2,853.7,598.0,23.5,52.0,3.2,4.9
2026-08-26T12:55,,0.0,,,,,,,
2026-08-26T13:00,353.6,0.0,1015.0,862.2,600.0,23.8,51.5,3.6,5.6
2026-08-26T13:05,,0.0,,,,,,,
2026-08-26T13:10,354.0,0.0,1014.7,875.4,600.0,24.2,52.7,2.8,5.1
2026-08-26T13:15,,0.0,,,,,,,
2026-08-26T13:20,352.0,0.0,1014.4,874.6,594.0,24.4,52.5,3.7,5.5
2026-08-26T13:25,,0.0,,,,,,,
2026-08-26T13:30,348.1,0.0,1014.4,856.2,600.0,24.3,52.3,3.4,5.1
2026-08-26T13:35,,0.0,,,,,,,
2026-08-26T13:40,350.9,0.0,1014.4,828.9,600.0,24.3,52.6,3.6,6.9
2026-08-26T13:45,,0.0,,,,,,,
2026-08-26T13:50,351.1,0.0,1014.1,871.1,600.0,24.6,51.7,4.3,5.9
2026-08-26T13:55,,0.0,,,,,,,
2026-08-26T14:00,350.7,0.0,1013.9,864.1,596.0,24.7,51.3,4.1,6.0
2026-08-26T14:05,,0.0,,,,,,,
2026-08-26T14:10,348.3,0.0,1013.9,844.3,600.0,24.7,52.3,3.2,5.8
2026-08-26T14:15,,0.0,,,,,,,
2026-08-26T14:20,349.5,0.0,1013.8,839.2,597.0,24.9,51.9,3.4,5.6
2026-08-26T14:25,,0.0,,,,,,,
2026-08-26T14:30,348.7,0.0,1013.8,841.3,600.0,24.9,51.7,3.6,5.5
2026-08-26T14:35,,0.0,,,,,,,
2026-08-26T14:40,353.7,0.0,1013.7,656.6,520.0,25.1,52.3,2.9,4.8
2026-08-26T14:45,,0.0,,,,,,,
2026-08-26T14:50,343.8,0.0,1014.1,503.1,524.0,24.3,53.5,2.4,4.7
2026-08-26T14:55,,0.0,,,,,,,
2026-08-26T15:00,347.0,0.0,1013.9,558.2,487.0,24.7,52.9,2.8,4.8
2026-08-26T15:05,,0.0,,,,,,,
2026-08-26T15:10,312.8,0.0,1014.1,556.5,516.0,24.1,56.3,2.2,3.6
2026-08-26T15:15,,0.0,,,,,,,
2026-08-26T15:20,323.1,0.0,1014.0,413.1,374.0,24.1,57.1,2.0,4.1
2026-08-26T15:25,,0.0,,,,,,,
2026-08-26T15:30,340.5,0.0,1014.1,392.8,452.0,24.1,54.8,2.1,3.6
2026-08-26T15:35,,0.0,,,,,,,
2026-08-26T15:40,335.6,0.0,1014.2,224.6,541.0,24.0,53.7,2.2,3.8
2026-08-26T15:45,,0.0,,,,,,,
2026-08-26T15:50,338.5,0.0,1014.1,335.4,368.0,24.2,53.7,2.2,3.6
2026-08-26T15:55,,0.0,,,,,,,
2026-08-26T16:00,348.0,0.0,1014.2,339.8,600.0,24.0,55.2,2.7,4.2
2026-08-26T16:05,,0.0,,,,,,,
2026-08-26T16:10,345.9,0.0,1014.1,347.7,600.0,24.1,56.3,2.6,4.7
2026-08-26T16:15,,0.0,,,,,,,
2026-08-26T16:20,333.1,0.0,1014.0,464.5,600.0,24.3,56.4,2.2,5.8
2026-08-26T16:25,,0.0,,,,,,,
2026-08-26T16:30,344.2,0.0,1013.6,617.3,600.0,25.0,53.9,2.6,5.6
2026-08-26T16:35,,0.0,,,,,,,
2026-08-26T16:40,340.0,0.0,1013.4,452.4,536.0,24.9,53.6,2.5,4.9
2026-08-26T16:45,,0.0,,,,,,,
2026-08-26T16:50,345.8,0.0,1013.4,491.1,598.0,24.8,53.2,2.3,4.0
2026-08-26T16:55,,0.0,,,,,,,
2026-08-26T17:00,341.9,0.0,1013.3,327.8,599.0,24.7,53.6,2.3,4.0
2026-08-26T17:05,,0.0,,,,,,,
2026-08-26T17:10,329.8,0.0,1013.4,191.9,267.0,24.3,54.9,1.6,2.9
2026-08-26T17:15,,0.0,,,,,,,
2026-08-26T17:20,294.1,0.0,1013.9,179.0,0.0,23.2,68.2,2.7,3.5
2026-08-26T17:25,,0.0,,,,,,,
2026-08-26T17:30,308.5,0.0,1014.0,206.2,0.0,23.3,65.4,1.9,3.1
2026-08-26T17:35,,0.0,,,,,,,
2026-08-26T17:40,352.9,0.0,1013.7,204.3,0.0,23.8,60.0,1.8,3.7
2026-08-26T17:45,,0.0,,,,,,,
2026-08-26T17:50,349.6,0.0,1013.8,228.7,324.0,23.8,57.9,1.9,3.3
2026-08-26T17:55,,0.0,,,,,,,
2026-08-26T18:00,342.1,0.0,1013.7,210.1,397.0,23.9,56.9,1.5,2.6
2026-08-26T18:05,,0.0,,,,,,,
2026-08-26T18:10,327.2,0.0,1013.8,148.4,155.0,23.6,57.9,1.7,2.7
2026-08-26T18:15,,0.0,,,,,,,
2026-08-26T18:20,341.9,0.0,1013.8,207.4,600.0,23.6,58.1,2.0,3.8
2026-08-26T18:25,,0.0,,,,,,,
2026-08-26T18:30,294.7,0.0,1014.1,112.4,28.0,22.9,67.7,2.3,3.6
2026-08-26T18:35,,0.0,,,,,,,
2026-08-26T18:40,287.9,0.0,1014.7,72.7,0.0,22.1,73.3,2.9,3.6
2026-08-26T18:45,,0.0,,,,,,,
2026-08-26T18:50,287.2,0.0,1014.9,68.4,0.0,21.8,72.8,2.7,3.8
2026-08-26T18:55,,0.0,,,,,,,
2026-08-26T19:00,285.8,0.0,1015.0,66.3,0.0,21.6,73.8,1.3,2.7
2026-08-26T19:05,,0.0,,,,,,,
2026-08-26T19:10,285.5,0.0,1015.0,64.3,0.0,21.8,73.2,0.4,1.6
2026-08-26T19:15,,0.0,,,,,,,
2026-08-26T19:20,231.7,0.0,1015.2,49.8,0.0,21.0,78.2,0.7,2.2
2026-08-26T19:25,,0.0,,,,,,,
2026-08-26T19:30,287.9,0.0,1015.3,44.0,0.0,20.6,80.4,1.6,2.8
2026-08-26T19:35,,0.0,,,,,,,
2026-08-26T19:40,277.4,0.0,1015.7,23.3,0.0,20.3,81.2,1.4,2.6
2026-08-26T19:45,,0.0,,,,,,,
2026-08-26T19:50,243.6,0.0,1016.0,8.4,0.0,19.9,84.4,0.3,0.9
2026-08-26T19:55,,0.0,,,,,,,
2026-08-26T20:00,270.6,0.0,1016.4,1.1,0.0,19.4,85.5,0.7,1.8
2026-08-26T20:05,,0.0,,,,,,,
2026-08-26T20:10,287.1,0.0,1016.6,0.0,0.0,19.2,85.6,0.9,2.5
2026-08-26T20:15,,0.0,,,,,,,
2026-08-26T20:20,325.9,0.0,1016.8,0.0,0.0,19.2,85.2,1.0,2.1
2026-08-26T20:25,,0.0,,,,,,,
2026-08-26T20:30,337.9,0.0,1017.0,0.0,0.0,19.2,86.4,0.4,2.6
2026-08-26T20:35,,0.0,,,,,,,
2026-08-26T20:40,240.9,0.0,1017.2,0.0,0.0,19.1,87.2,0.3,1.6
2026-08-26T20:45,,0.0,,,,,,,
2026-08-26T20:50,298.7,0.0,1017.6,0.0,0.0,18.7,88.2,0.6,1.7
2026-08-26T20:55,,0.0,,,,,,,
2026-08-26T21:00,269.6,0.0,1017.8,0.0,0.0,18.5,89.0,0.2,1.4
2026-08-26T21:05,,0.0,,,,,,,
2026-08-26T21:10,266.3,0.0,1017.8,0.0,0.0,18.3,89.9,0.3,1.1
2026-08-26T21:15,,0.0,,,,,,,
2026-08-26T21:20,285.4,0.0,1018.0,0.0,0.0,18.1,90.9,0.2,1.4
2026-08-26T21:25,,0.0,,,,,,,
2026-08-26T21:30,63.3,0.0,1018.3,0.0,0.0,18.2,90.8,0.2,1.0
2026-08-26T21:35,,0.0,,,,,,,
2026-08-26T21:40,249.2,0.0,1018.3,0.0,0.0,18.5,89.4,0.1,1.6
2026-08-26T21:45,,0.0,,,,,,,
2026-08-26T21:50,179.1,0.0,1018.4,0.0,0.0,18.2,92.1,0.5,2.2
2026-08-26T21:55,,0.0,,,,,,,
2026-08-26T22:00,216.2,0.0,1018.7,0.0,0.0,17.7,94.1,0.2,1.5
2026-08-26T22:05,,0.0,,,,,,,
2026-08-26T22:10,145.1,0.0,1018.6,0.0,0.0,17.9,92.4,0.5,1.3
2026-08-26T22:15,,0.0,,,,,,,
2026-08-26T22:20,95.1,0.0,1018.7,0.0,0.0,17.6,94.3,0.3,1.0
2026-08-26T22:25,,0.0,,,,,,,
2026-08-26T22:30,6.6,0.0,1018.9,0.0,0.0,17.4,94.7,0.5,1.2
2026-08-26T22:35,,0.0,,,,,,,
2026-08-26T22:40,43.6,0.0,1019.2,0.0,0.0,17.2,94.8,0.4,0.9
2026-08-26T22:45,,0.0,,,,,,,
2026-08-26T22:50,292.1,0.0,1019.3,0.0,0.0,17.3,94.4,0.4,1.2
2026-08-26T22:55,,0.0,,,,,,,
2026-08-26T23:00,274.4,0.0,1019.6,0.0,0.0,16.9,95.9,0.4,1.0
2026-08-26T23:05,,0.0,,,,,,,
2026-08-26T23:10,163.6,0.0,1019.4,0.0,0.0,16.9,97.3,0.6,1.5
2026-08-26T23:15,,0.0,,,,,,,
2026-08-26T23:20,106.9,0.0,1019.3,0.0,0.0,16.9,96.8,0.2,1.4
2026-08-26T23:25,,0.0,,,,,,,
2026-08-26T23:30,337.9,0.0,1019.5,0.0,0.0,16.9,96.2,0.3,1.1
2026-08-26T23:35,,0.0,,,,,,,
2026-08-26T23:40,156.2,0.0,1019.7,0.0,0.0,16.6,98.1,0.6,1.3
2026-08-26T23:45,,0.0,,,,,,,
2026-08-26T23:50,164.3,0.0,1019.9,0.0,0.0,16.3,100.0,0.7,1.0
2026-08-26T23:55,,0.0,,,,,,,
2026-08-27T00:00,167.8,0.0,1019.9,0.0,0.0,16.4,98.3,0.9,1.6
2026-08-27T00:05,,0.0,,,,,,,
2026-08-27T00:10,190.1,0.0,1020.2,0.0,0.0,16.0,99.3,0.7,2.3
2026-08-27T00:15,,0.0,,,,,,,
2026-08-27T00:20,88.6,0.0,1020.3,0.0,0.0,16.0,99.2,0.3,0.9
2026-08-27T00:25,,0.0,,,,,,,
2026-08-27T00:30,190.0,0.0,1020.4,0.0,0.0,16.0,99.4,0.6,0.9
2026-08-27T00:35,,0.0,,,,,,,
2026-08-27T00:40,166.5,0.0,1020.6,0.0,0.0,15.7,100.0,0.9,2.5
2026-08-27T00:45,,0.0,,,,,,,
2026-08-27T00:50,157.1,0.0,1020.4,0.0,0.0,15.6,100.0,0.7,2.0
2026-08-27T00:55,,0.0,,,,,,,
2026-08-27T01:00,170.4,0.0,1020.6,0.0,0.0,15.2,100.0,1.0,2.3
2026-08-27T01:05,,0.0,,,,,,,
2026-08-27T01:10,121.4,0.0,1020.7,0.0,0.0,15.4,100.0,0.5,1.5
2026-08-27T01:15,,0.0,,,,,,,
2026-08-27T01:20,193.6,0.0,1020.8,0.0,0.0,15.3,100.0,1.0,2.1
2026-08-27T01:25,,0.0,,,,,,,
2026-08-27T01:30,145.4,0.0,1021.0,0.0,0.0,15.3,100.0,0.7,1.3
2026-08-27T01:35,,0.0,,,,,,,
2026-08-27T01:40,181.9,0.0,1021.2,0.0,0.0,15.1,100.0,1.6,2.8
2026-08-27T01:45,,0.0,,,,,,,
2026-08-27T01:50,205.8,0.0,1021.0,0.0,0.0,15.5,99.9,1.4,3.0
2026-08-27T01:55,,0.0,,,,,,,
2026-08-27T02:00,142.6,0.0,1021.4,0.0,0.0,15.1,100.0,0.3,1.3
2026-08-27T02:05,,0.0,,,,,,,
2026-08-27T02:10,223.5,0.0,1021.3,0.0,0.0,15.2,100.0,0.5,2.0
2026-08-27T02:15,,0.0,,,,,,,
2026-08-27T02:20,47.8,0.0,1021.2,0.0,0.0,15.1,100.0,0.2,1.4
2026-08-27T02:25,,0.0,,,,,,,
2026-08-27T02:30,213.8,0.0,1021.3,0.0,0.0,15.0,100.0,0.3,1.4
2026-08-27T02:35,,0.0,,,,,,,
2026-08-27T02:40,198.0,0.0,1021.5,0.0,0.0,14.4,100.0,1.0,2.4
2026-08-27T02:45,,0.0,,,,,,,
2026-08-27T02:50,173.3,0.0,1021.5,0.0,0.0,14.6,100.0,1.0,2.6
2026-08-27T02:55,,0.0,,,,,,,
2026-08-27T03:00,165.2,0.0,1021.5,0.0,0.0,14.6,100.0,1.2,2.0
2026-08-27T03:05,,0.0,,,,,,,
2026-08-27T03:10,188.5,0.0,1021.7,0.0,0.0,14.2,100.0,1.6,2.8
2026-08-27T03:15,,0.0,,,,,,,
2026-08-27T03:20,180.6,0.0,1021.7,0.0,0.0,14.2,100.0,1.3,2.6
2026-08-27T03:25,,0.0,,,,,,,
2026-08-27T03:30,127.6,0.0,1021.9,0.0,0.0,14.2,100.0,0.5,1.0
2026-08-27T03:35,,0.0,,,,,,,
2026-08-27T03:40,178.9,0.0,1022.2,0.0,0.0,13.9,100.0,0.9,2.1
2026-08-27T03:45,,0.0,,,,,,,
2026-08-27T03:50,183.5,0.0,1022.2,0.0,0.0,13.8,100.0,1.1,2.4
2026-08-27T03:55,,0.0,,,,,,,
2026-08-27T04:00,138.5,0.0,1022.3,0.0,0.0,13.6,100.0,0.6,1.0
2026-08-27T04:05,,0.0,,,,,,,
2026-08-27T04:10,146.7,0.0,1022.3,0.0,0.0,13.6,100.0,0.5,1.2
2026-08-27T04:15,,0.0,,,,,,,
2026-08-27T04:20,155.3,0.0,1022.3,0.0,0.0,13.5,100.0,0.9,1.4
2026-08-27T04:25,,0.0,,,,,,,
2026-08-27T04:30,129.7,0.0,1022.7,0.0,0.0,13.0,100.0,0.4,1.3
2026-08-27T04:35,,0.0,,,,,,,
2026-08-27T04:40,161.2,0.0,1022.7,0.0,0.0,13.0,100.0,0.7,2.3
2026-08-27T04:45,,0.0,,,,,,,
2026-08-27T04:50,169.5,0.0,1022.8,0.0,0.0,12.9,100.0,0.8,2.3
2026-08-27T04:55,,0.0,,,,,,,
2026-08-27T05:00,160.7,0.0,1022.7,0.0,0.0,13.0,100.0,1.4,1.9
2026-08-27T05:05,,0.0,,,,,,,
2026-08-27T05:10,164.9,0.0,1022.9,0.0,0.0,12.7,100.0,1.1,1.6
2026-08-27T05:15,,0.0,,,,,,,
2026-08-27T05:20,160.1,0.0,1023.0,0.0,0.0,12.5,100.0,0.3,1.2
2026-08-27T05:25,,0.0,,,,,,,
2026-08-27T05:30,130.5,0.0,1023.1,0.0,0.0,12.4,100.0,0.6,1.1
2026-08-27T05:35,,0.0,,,,,,,
2026-08-27T05:40,191.2,0.0,1023.1,0.0,0.0,12.5,100.0,1.7,3.2
2026-08-27T05:45,,0.0,,,,,,,
2026-08-27T05:50,162.7,0.0,1023.2,0.0,0.0,12.3,100.0,0.9,2.9
2026-08-27T05:55,,0.0,,,,,,,
2026-08-27T06:00,42.4,0.0,1023.4,0.0,0.0,12.3,100.0,0.0,1.4
2026-08-27T06:05,,0.0,,,,,,,
2026-08-27T06:10,175.0,0.0,1023.4,0.0,0.0,12.3,100.0,0.6,1.1
2026-08-27T06:15,,0.0,,,,,,,
2026-08-27T06:20,162.5,0.0,1023.6,0.0,0.0,11.9,100.0,1.0,1.3
2026-08-27T06:25,,0.0,,,,,,,
2026-08-27T06:30,137.5,0.0,1023.7,0.3,0.0,11.8,100.0,0.6,1.0
2026-08-27T06:35,,0.0,,,,,,,
2026-08-27T06:40,75.9,0.0,1023.7,1.9,0.0,11.7,100.0,0.2,0.7
2026-08-27T06:45,,0.0,,,,,,,
2026-08-27T06:50,187.5,0.0,1023.7,11.9,0.0,11.8,100.0,0.7,1.8
2026-08-27T06:55,,0.0,,,,,,,
2026-08-27T07:00,166.3,0.0,1023.6,26.4,0.0,11.9,100.0,0.8,1.3
2026-08-27T07:05,,0.0,,,,,,,
2026-08-27T07:10,143.1,0.0,1023.6,38.7,0.0,12.0,100.0,0.4,1.6
2026-08-27T07:15,,0.0,,,,,,,
2026-08-27T07:20,158.1,0.0,1023.5,46.1,0.0,12.1,100.0,0.5,2.0
2026-08-27T07:25,,0.0,,,,,,,
2026-08-27T07:30,121.5,0.0,1023.4,48.9,0.0,12.3,100.0,0.4,1.5
2026-08-27T07:35,,0.0,,,,,,,
2026-08-27T07:40,170.3,0.0,1023.2,60.4,0.0,12.4,100.0,1.1,2.2
2026-08-27T07:45,,0.0,,,,,,,
2026-08-27T07:50,152.7,0.0,1023.3,106.7,0.0,12.5,100.0,0.9,1.3
2026-08-27T07:55,,0.0,,,,,,,
2026-08-27T08:00,58.2,0.0,1023.1,128.2,0.0,12.8,100.0,0.2,0.8
2026-08-27T08:05,,0.0,,,,,,,
2026-08-27T08:10,136.5,0.0,1022.8,118.9,0.0,13.2,100.0,0.4,0.9
2026-08-27T08:15,,0.0,,,,,,,
2026-08-27T08:20,119.1,0.0,1022.6,173.6,0.0,13.5,100.0,0.8,1.4
2026-08-27T08:25,,0.0,,,,,,,
2026-08-27T08:30,158.9,0.0,1022.2,184.2,0.0,13.9,100.0,0.7,1.2
2026-08-27T08:35,,0.0,,,,,,,
2026-08-27T08:40,170.3,0.0,1022.0,158.5,0.0,14.3,100.0,0.9,1.3
2026-08-27T08:45,,0.0,,,,,,,
2026-08-27T08:50,127.0,0.0,1021.6,143.7,0.0,14.7,100.0,0.7,1.1
2026-08-27T08:55,,0.0,,,,,,,
2026-08-27T09:00,148.3,0.0,1021.6,162.5,0.0,14.8,99.9,0.5,1.1
2026-08-27T09:05,,0.0,,,,,,,
2026-08-27T09:10,160.0,0.0,1021.3,180.3,0.0,15.4,99.5,0.4,0.8
2026-08-27T09:15,,0.0,,,,,,,
2026-08-27T09:20,150.6,0.0,1021.1,292.0,593.0,15.8,96.2,0.5,1.3
2026-08-27T09:25,,0.0,,,,,,,
2026-08-27T09:30,140.4,0.0,1020.6,299.8,435.0,16.4,94.2,0.6,1.1
2026-08-27T09:35,,0.0,,,,,,,
2026-08-27T09:40,138.2,0.0,1020.5,239.6,143.0,16.6,92.2,0.5,1.0
2026-08-27T09:45,,0.0,,,,,,,
2026-08-27T09:50,137.3,0.0,1020.3,280.0,599.0,17.0,92.6,0.6,1.1
2026-08-27T09:55,,0.0,,,,,,,
2026-08-27T10:00,136.1,0.0,1020.3,397.5,597.0,17.4,88.9,0.6,1.0
2026-08-27T10:05,,0.0,,,,,,,
2026-08-27T10:10,206.9,0.0,1019.8,401.2,600.0,18.0,89.1,0.4,0.7
2026-08-27T10:15,,0.0,,,,,,,
2026-08-27T10:20,39.8,0.0,1019.3,496.8,597.0,18.9,88.7,0.3,1.5
2026-08-27T10:25,,0.0,,,,,,,
2026-08-27T10:30,117.9,0.0,1019.1,561.5,600.0,19.5,83.2,1.0,1.8
2026-08-27T10:35,,0.0,,,,,,,
2026-08-27T10:40,127.5,0.0,1018.8,575.9,598.0,20.1,80.5,0.9,2.0
2026-08-27T10:45,,0.0,,,,,,,
2026-08-27T10:50,143.7,0.0,1018.4,626.4,600.0,20.6,80.6,0.3,1.4
2026-08-27T10:55,,0.0,,,,,,,
2026-08-27T11:00,127.8,0.0,1018.1,660.4,600.0,21.3,78.7,0.6,1.7
2026-08-27T11:05,,0.0,,,,,,,
2026-08-27T11:10,58.7,0.0,1017.8,670.5,600.0,21.7,76.2,0.5,1.9
2026-08-27T11:15,,0.0,,,,,,,
2026-08-27T11:20,12.4,0.0,1017.7,681.0,600.0,21.7,76.6,1.5,3.0
2026-08-27T11:25,,0.0,,,,,,,
2026-08-27T11:30,6.8,0.0,1017.4,698.2,597.0,22.1,74.8,1.9,3.4
2026-08-27T11:35,,0.0,,,,,,,
2026-08-27T11:40,3.1,0.0,1017.2,712.4,600.0,22.5,72.8,2.4,4.0
2026-08-27T11:45,,0.0,,,,,,,
2026-08-27T11:50,5.1,0.0,1017.0,722.5,600.0,22.8,72.6,2.2,4.3
2026-08-27T11:55,,0.0,,,,,,,
2026-08-27T12:00,0.3,0.0,1016.9,738.8,600.0,23.0,70.6,2.5,4.3
2026-08-27T12:05,,0.0,,,,,,,
2026-08-27T12:10,5.0,0.0,1016.7,744.5,599.0,23.5,68.0,2.1,4.1
2026-08-27T12:15,,0.0,,,,,,,
2026-08-27T12:20,1.5,0.0,1016.4,723.5,600.0,23.9,64.6,2.9,4.7
2026-08-27T12:25,,0.0,,,,,,,
2026-08-27T12:30,350.5,0.0,1016.2,653.1,596.0,23.9,63.6,1.9,3.8
2026-08-27T12:35,,0.0,,,,,,,
2026-08-27T12:40,357.2,0.0,1015.8,780.5,600.0,24.3,63.1,2.6,4.1
2026-08-27T12:45,,0.0,,,,,,,
2026-08-27T12:50,354.2,0.0,1015.5,778.9,600.0,24.7,63.6,3.4,5.6
2026-08-27T12:55,,0.0,,,,,,,
2026-08-27T13:00,353.0,0.0,1015.5,815.2,600.0,24.7,64.0,3.7,6.1
2026-08-27T13:05,,0.0,,,,,,,
2026-08-27T13:10,354.1,0.0,1015.3,819.4,599.0,25.1,62.3,3.3,4.6
2026-08-27T13:15,,0.0,,,,,,,
2026-08-27T13:20,352.0,0.0,1015.3,769.9,599.0,25.2,59.5,3.2,5.3
2026-08-27T13:25,,0.0,,,,,,,
2026-08-27T13:30,354.6,0.0,1015.0,800.9,600.0,25.5,58.5,3.1,5.4
2026-08-27T13:35,,0.0,,,,,,,
2026-08-27T13:40,357.3,0.0,1014.7,756.8,600.0,25.7,57.0,3.7,5.8
2026-08-27T13:45,,0.0,,,,,,,
2026-08-27T13:50,352.5,0.0,1014.5,778.9,600.0,25.9,57.6,3.0,4.8
2026-08-27T13:55,,0.0,,,,,,,
2026-08-27T14:00,0.5,0.0,1014.3,794.5,600.0,26.1,55.7,2.5,5.1
2026-08-27T14:05,,0.0,,,,,,,
2026-08-27T14:10,2.7,0.0,1014.0,682.5,598.0,26.3,54.3,2.8,4.7
2026-08-27T14:15,,0.0,,,,,,,
2026-08-27T14:20,355.7,0.0,1014.2,510.0,600.0,26.0,55.9,3.6,5.7
2026-08-27T14:25,,0.0,,,,,,,
2026-08-27T14:30,351.1,0.0,1014.4,385.1,508.0,25.3,57.4,3.3,5.5
2026-08-27T14:35,,0.0,,,,,,,
2026-08-27T14:40,350.1,0.0,1014.5,354.5,191.0,25.0,58.5,3.4,5.8
2026-08-27T14:45,,0.0,,,,,,,
2026-08-27T14:50,351.2,0.0,1014.7,304.8,0.0,24.9,59.3,2.2,3.6
2026-08-27T14:55,,0.0,,,,,,,
2026-08-27T15:00,359.1,0.0,1014.7,349.2,173.0,25.1,59.4,3.0,4.6
2026-08-27T15:05,,0.0,,,,,,,
2026-08-27T15:10,350.3,0.0,1014.7,373.4,197.0,24.9,59.1,3.2,5.2
2026-08-27T15:15,,0.0,,,,,,,
2026-08-27T15:20,347.8,0.0,1014.7,381.9,238.0,25.1,59.8,3.1,5.3
2026-08-27T15:25,,0.0,,,,,,,
2026-08-27T15:30,346.9,0.0,1014.9,254.4,0.0,24.8,60.8,2.6,4.8
2026-08-27T15:35,,0.0,,,,,,,
2026-08-27T15:40,354.0,0.0,1014.9,306.9,0.0,24.9,61.4,2.9,4.9
2026-08-27T15:45,,0.0,,,,,,,
2026-08-27T15:50,350.6,0.0,1014.9,235.0,0.0,24.8,62.0,2.4,4.4
2026-08-27T15:55,,0.0,,,,,,,
2026-08-27T16:00,342.5,0.0,1015.0,190.6,0.0,24.5,63.7,2.6,4.7
2026-08-27T16:05,,0.0,,,,,,,
2026-08-27T16:10,341.3,0.0,1015.1,180.8,0.0,24.4,65.0,2.4,4.9
2026-08-27T16:15,,0.0,,,,,,,
2026-08-27T16:20,336.8,0.0,1015.1,205.6,0.0,24.3,65.4,2.3,3.7
2026-08-27T16:25,,0.0,,,,,,,
2026-08-27T16:30,346.0,0.0,1015.0,271.9,15.0,24.5,66.8,1.9,3.7
2026-08-27T16:35,,0.0,,,,,,,
2026-08-27T16:40,355.6,0.0,1014.9,287.5,169.0,24.8,65.1,2.6,4.4
2026-08-27T16:45,,0.0,,,,,,,
2026-08-27T16:50,2.5,0.0,1014.9,263.7,135.0,24.8,65.2,1.8,3.0
2026-08-27T16:55,,0.0,,,,,,,
2026-08-27T17:00,349.3,0.0,1014.9,325.6,558.0,24.9,65.5,1.8,3.7
2026-08-27T17:05,,0.0,,,,,,,
2026-08-27T17:10,335.5,0.0,1015.0,267.4,212.0,24.8,65.7,1.4,2.6
2026-08-27T17:15,,0.0,,,,,,,
2026-08-27T17:20,356.3,0.0,1014.9,350.9,600.0,25.1,64.2,2.0,3.3
2026-08-27T17:25,,0.0,,,,,,,
2026-08-27T17:30,350.6,0.0,1014.9,260.0,568.0,25.2,63.4,1.5,3.4
2026-08-27T17:35,,0.0,,,,,,,
2026-08-27T17:40,1.8,0.0,1015.1,244.9,535.0,24.9,65.7,2.4,4.6
2026-08-27T17:45,,0.0,,,,,,,
2026-08-27T17:50,3.4,0.0,1014.9,239.7,600.0,24.7,67.7,2.8,4.7
2026-08-27T17:55,,0.0,,,,,,,
2026-08-27T18:00,354.8,0.0,1015.0,261.4,598.0,24.5,66.8,2.7,4.5
2026-08-27T18:05,,0.0,,,,,,,
2026-08-27T18:10,2.7,0.0,1015.1,176.5,275.0,24.3,67.7,3.2,5.5
2026-08-27T18:15,,0.0,,,,,,,
2026-08-27T18:20,358.7,0.0,1015.3,98.4,0.0,23.9,68.6,3.1,5.5
2026-08-27T18:25,,0.0,,,,,,,
2026-08-27T18:30,0.8,0.0,1015.5,88.2,0.0,23.7,68.8,3.2,5.9
2026-08-27T18:35,,0.0,,,,,,,
2026-08-27T18:40,358.4,0.0,1015.6,121.3,0.0,23.5,70.1,2.5,4.7
2026-08-27T18:45,,0.0,,,,,,,
2026-08-27T18:50,359.8,0.0,1015.6,111.4,0.0,23.7,66.4,3.4,5.3
2026-08-27T18:55,,0.0,,,,,,,
2026-08-27T19:00,359.1,0.0,1015.8,78.1,0.0,23.4,68.7,2.6,4.0
2026-08-27T19:05,,0.0,,,,,,,
2026-08-27T19:10,3.1,0.0,1016.1,57.8,0.0,23.1,71.0,1.6,3.6
2026-08-27T19:15,,0.0,,,,,,,
2026-08-27T19:20,12.1,0.0,1016.3,40.3,0.0,22.8,73.7,1.3,3.0
2026-08-27T19:25,,0.0,,,,,,,
2026-08-27T19:30,307.6,0.0,1016.7,29.0,0.0,21.7,81.9,1.1,2.2
2026-08-27T19:35,,0.0,,,,,,,
2026-08-27T19:40,234.1,0.0,1017.4,19.0,0.0,20.7,86.6,0.1,1.1
2026-08-27T19:45,,0.0,,,,,,,
2026-08-27T19:50,318.5,0.0,1017.7,6.7,0.0,20.5,86.6,0.1,1.1
2026-08-27T19:55,,0.0,,,,,,,
2026-08-27T20:00,351.7,0.0,1018.1,0.5,0.0,20.2,87.8,0.6,1.6
2026-08-27T20:05,,0.0,,,,,,,
2026-08-27T20:10,307.8,0.0,1018.3,0.0,0.0,20.0,88.2,1.2,2.2
2026-08-27T20:15,,0.0,,,,,,,
2026-08-27T20:20,21.6,0.0,1018.5,0.0,0.0,19.8,89.5,0.4,1.2
2026-08-27T20:25,,0.0,,,,,,,
2026-08-27T20:30,310.5,0.0,1018.8,0.0,0.0,19.4,90.9,0.9,1.5
2026-08-27T20:35,,0.0,,,,,,,
2026-08-27T20:40,6.3,0.0,1019.0,0.0,0.0,19.2,91.8,0.5,1.3
2026-08-27T20:45,,0.0,,,,,,,
2026-08-27T20:50,320.0,0.0,1019.3,0.0,0.0,18.8,93.1,0.8,1.9
2026-08-27T20:55,,0.0,,,,,,,
2026-08-27T21:00,317.1,0.0,1019.3,0.0,0.0,19.0,91.2,1.5,1.9
2026-08-27T21:05,,0.0,,,,,,,
2026-08-27T21:10,273.9,0.0,1019.6,0.0,0.0,18.9,92.4,0.3,2.3
2026-08-27T21:15,,0.0,,,,,,,
2026-08-27T21:20,181.0,0.0,1019.9,0.0,0.0,18.5,95.3,0.7,2.3
2026-08-27T21:25,,0.0,,,,,,,
2026-08-27T21:30,156.3,0.0,1019.9,0.0,0.0,18.3,94.7,0.3,2.0
2026-08-27T21:35,,0.0,,,,,,,
2026-08-27T21:40,271.7,0.0,1020.2,0.0,0.0,17.9,97.6,0.3,0.9
2026-08-27T21:45,,0.0,,,,,,,
2026-08-27T21:50,172.8,0.0,1020.4,0.0,0.0,17.9,96.0,0.3,0.8
2026-08-27T21:55,,0.0,,,,,,,
2026-08-27T22:00,173.7,0.0,1020.7,0.0,0.0,17.5,98.6,0.8,1.9
2026-08-27T22:05,,0.0,,,,,,,
2026-08-27T22:10,118.2,0.0,1020.7,0.0,0.0,17.4,99.2,0.7,1.2
2026-08-27T22:15,,0.0,,,,,,,
2026-08-27T22:20,165.8,0.0,1020.8,0.0,0.0,17.3,99.9,0.4,1.1
2026-08-27T22:25,,0.0,,,,,,,
2026-08-27T22:30,143.0,0.0,1021.1,0.0,0.0,17.0,99.9,0.9,1.7
2026-08-27T22:35,,0.0,,,,,,,
2026-08-27T22:40,181.7,0.0,1021.2,0.0,0.0,16.9,99.8,1.0,2.8
2026-08-27T22:45,,0.0,,,,,,,
2026-08-27T22:50,111.8,0.0,1021.3,0.0,0.0,16.9,99.9,0.6,1.2
2026-08-27T22:55,,0.0,,,,,,,
2026-08-27T23:00,178.8,0.0,1021.5,0.0,0.0,16.8,99.9,0.7,1.2
2026-08-27T23:05,,0.0,,,,,,,
2026-08-27T23:10,150.9,0.0,1021.7,0.0,0.0,16.4,100.0,1.0,1.5
2026-08-27T23:15,,0.0,,,,,,,
2026-08-27T23:20,185.3,0.0,1021.8,0.0,0.0,16.5,100.0,1.0,2.1
2026-08-27T23:25,,0.0,,,,,,,
2026-08-27T23:30,130.4,0.0,1021.7,0.0,0.0,16.5,100.0,0.5,1.3
2026-08-27T23:35,,0.0,,,,,,,
2026-08-27T23:40,156.0,0.0,1021.9,0.0,0.0,16.3,100.0,0.6,1.2
2026-08-27T23:45,,0.0,,,,,,,
2026-08-27T23:50,165.7,0.0,1021.7,0.0,0.0,16.3,100.0,0.5,1.0
2026-08-27T23:55,,0.0,,,,,,,
2026-08-28T00:00,155.2,0.0,1021.8,0.0,0.0,16.0,100.0,0.6,1.6
2026-08-28T00:05,,0.0,,,,,,,
2026-08-28T00:10,34.7,0.0,1021.8,0.0,0.0,15.9,100.0,0.5,1.0
2026-08-28T00:15,,0.0,,,,,,,
2026-08-28T00:20,167.8,0.0,1021.8,0.0,0.0,16.1,100.0,0.6,1.2
2026-08-28T00:25,,0.0,,,,,,,
2026-08-28T00:30,89.4,0.0,1021.6,0.0,0.0,16.0,100.0,0.1,0.9
2026-08-28T00:35,,0.0,,,,,,,
2026-08-28T00:40,151.4,0.0,1021.9,0.0,0.0,15.8,100.0,0.7,1.1
2026-08-28T00:45,,0.0,,,,,,,
2026-08-28T00:50,220.5,0.0,1021.7,0.0,0.0,15.7,100.0,0.2,1.2
2026-08-28T00:55,,0.0,,,,,,,
2026-08-28T01:00,150.7,0.0,1021.9,0.0,0.0,15.4,100.0,0.8,1.7
2026-08-28T01:05,,0.0,,,,,,,
2026-08-28T01:10,133.1,0.0,1021.9,0.0,0.0,15.4,100.0,0.1,0.9
2026-08-28T01:15,,0.0,,,,,,,
2026-08-28T01:20,151.5,0.0,1021.9,0.0,0.0,15.3,100.0,0.5,1.0
2026-08-28T01:25,,0.0,,,,,,,
2026-08-28T01:30,104.3,0.0,1021.8,0.0,0.0,15.4,100.0,0.2,1.1
2026-08-28T01:35,,0.0,,,,,,,
2026-08-28T01:40,173.7,0.0,1021.9,0.0,0.0,15.3,100.0,0.4,1.3
2026-08-28T01:45,,0.0,,,,,,,
2026-08-28T01:50,134.6,0.0,1022.0,0.0,0.0,15.0,100.0,0.1,1.3
2026-08-28T01:55,,0.0,,,,,,,
2026-08-28T02:00,107.4,0.0,1022.0,0.0,0.0,15.0,100.0,0.3,1.1
2026-08-28T02:05,,0.0,,,,,,,
2026-08-28T02:10,88.5,0.0,1022.1,0.0,0.0,15.0,100.0,0.4,1.3
2026-08-28T02:15,,0.0,,,,,,,
2026-08-28T02:20,56.6,0.0,1022.1,0.0,0.0,15.0,100.0,0.4,0.7
2026-08-28T02:25,,0.0,,,,,,,
2026-08-28T02:30,130.3,0.0,1022.1,0.0,0.0,15.1,100.0,0.5,1.3
2026-08-28T02:35,,0.0,,,,,,,
2026-08-28T02:40,163.7,0.0,1022.1,0.0,0.0,14.7,100.0,1.0,1.5
2026-08-28T02:45,,0.0,,,,,,,
2026-08-28T02:50,32.9,0.0,1022.0,0.0,0.0,14.5,100.0,0.1,1.0
2026-08-28T02:55,,0.0,,,,,,,
2026-08-28T03:00,160.6,0.0,1021.8,0.0,0.0,14.6,100.0,0.2,1.6
2026-08-28T03:05,,0.0,,,,,,,
2026-08-28T03:10,174.3,0.0,1021.8,0.0,0.0,14.5,100.0,0.6,1.5
2026-08-28T03:15,,0.0,,,,,,,
2026-08-28T03:20,332.2,0.0,1021.9,0.0,0.0,14.5,100.0,0.1,1.5
2026-08-28T03:25,,0.0,,,,,,,
2026-08-28T03:30,179.2,0.0,1021.9,0.0,0.0,14.5,100.0,0.8,1.9
2026-08-28T03:35,,0.0,,,,,,,
2026-08-28T03:40,196.6,0.0,1022.1,0.0,0.0,14.4,100.0,0.2,1.4
2026-08-28T03:45,,0.0,,,,,,,
2026-08-28T03:50,137.0,0.0,1022.3,0.0,0.0,14.3,100.0,0.6,1.5
2026-08-28T03:55,,0.0,,,,,,,
2026-08-28T04:00,165.3,0.0,1022.1,0.0,0.0,14.3,100.0,0.7,1.3
2026-08-28T04:05,,0.0,,,,,,,
2026-08-28T04:10,98.1,0.0,1022.0,0.0,0.0,14.3,100.0,0.5,1.1
2026-08-28T04:15,,0.0,,,,,,,
2026-08-28T04:20,98.6,0.0,1022.0,0.0,0.0,14.3,100.0,0.2,0.7
2026-08-28T04:25,,0.0,,,,,,,
2026-08-28T04:30,157.6,0.0,1022.1,0.0,0.0,14.3,100.0,0.2,0.7
2026-08-28T04:35,,0.0,,,,,,,
2026-08-28T04:40,214.8,0.0,1021.8,0.0,0.0,14.3,100.0,0.8,2.3
2026-08-28T04:45,,0.0,,,,,,,
2026-08-28T04:50,138.7,0.0,1021.7,0.0,0.0,14.3,100.0,0.6,1.7
2026-08-28T04:55,,0.0,,,,,,,
2026-08-28T05:00,196.7,0.0,1021.8,0.0,0.0,14.1,100.0,1.3,2.3
2026-08-28T05:05,,0.0,,,,,,,
2026-08-28T05:10,173.7,0.0,1021.8,0.0,0.0,13.9,100.0,0.9,1.8
2026-08-28T05:15,,0.0,,,,,,,
2026-08-28T05:20,173.3,0.0,1021.8,0.0,0.0,14.0,100.0,0.8,2.0
2026-08-28T05:25,,0.0,,,,,,,
2026-08-28T05:30,219.3,0.0,1021.8,0.0,0.0,14.0,100.0,0.4,2.4
2026-08-28T05:35,,0.0,,,,,,,
2026-08-28T05:40,162.6,0.0,1021.8,0.0,0.0,13.9,100.0,1.0,1.5
2026-08-28T05:45,,0.0,,,,,,,
2026-08-28T05:50,168.3,0.0,1021.9,0.0,0.0,13.7,100.0,0.6,1.4
2026-08-28T05:55,,0.0,,,,,,,
2026-08-28T06:00,171.8,0.0,1022.0,0.0,0.0,13.5,100.0,1.2,1.8
2026-08-28T06:05,,0.0,,,,,,,
2026-08-28T06:10,148.3,0.0,1021.7,0.0,0.0,13.3,99.9,0.3,1.6
2026-08-28T06:15,,0.0,,,,,,,
2026-08-28T06:20,162.6,0.0,1021.7,0.0,0.0,13.4,99.9,0.1,1.5
2026-08-28T06:25,,0.0,,,,,,,
2026-08-28T06:30,62.0,0.0,1021.8,0.7,0.0,13.5,99.9,0.1,1.2
2026-08-28T06:35,,0.0,,,,,,,
2026-08-28T06:40,184.8,0.0,1021.9,9.3,0.0,13.7,99.9,0.5,1.8
2026-08-28T06:45,,0.0,,,,,,,
2026-08-28T06:50,146.2,0.0,1021.9,17.9,0.0,13.9,100.0,0.4,1.2
2026-08-28T06:55,,0.0,,,,,,,
2026-08-28T07:00,205.7,0.0,1021.8,10.2,0.0,13.9,100.0,0.6,1.6
2026-08-28T07:05,,0.0,,,,,,,
2026-08-28T07:10,151.3,0.0,1021.8,5.9,0.0,13.9,100.0,0.6,1.6
2026-08-28T07:15,,0.0,,,,,,,
2026-08-28T07:20,146.9,0.0,1022.0,6.1,0.0,13.9,100.0,0.8,1.6
2026-08-28T07:25,,0.0,,,,,,,
2026-08-28T07:30,196.9,0.0,1021.9,9.5,0.0,13.9,100.0,0.6,1.6
2026-08-28T07:35,,0.0,,,,,,,
2026-08-28T07:40,299.8,0.0,1021.5,13.8,0.0,14.4,100.0,0.4,1.8
2026-08-28T07:45,,0.0,,,,,,,
2026-08-28T07:50,7.2,0.0,1021.0,25.6,0.0,14.4,100.0,0.1,2.0
2026-08-28T07:55,,0.0,,,,,,,
2026-08-28T08:00,320.7,0.0,1021.2,38.3,0.0,14.6,100.0,0.2,1.8
2026-08-28T08:05,,0.0,,,,,,,
2026-08-28T08:10,183.1,0.0,1021.2,43.1,0.0,14.5,100.0,1.2,3.2
2026-08-28T08:15,,0.0,,,,,,,
2026-08-28T08:20,173.0,0.0,1021.2,43.9,0.0,14.4,100.0,0.5,1.9
2026-08-28T08:25,,0.0,,,,,,,
2026-08-28T08:30,9.3,0.0,1021.3,58.6,0.0,14.5,100.0,0.6,1.5
2026-08-28T08:35,,0.0,,,,,,,
2026-08-28T08:40,126.9,0.0,1021.2,158.7,557.0,14.9,100.0,0.7,1.2
2026-08-28T08:45,,0.0,,,,,,,
2026-08-28T08:50,231.3,0.0,1020.9,207.7,600.0,15.5,100.0,0.1,0.9
2026-08-28T08:55,,0.0,,,,,,,
2026-08-28T09:00,114.3,0.0,1020.5,317.3,598.0,16.2,100.0,0.7,1.6
2026-08-28T09:05,,0.0,,,,,,,
2026-08-28T09:10,156.4,0.0,1020.0,357.8,600.0,16.7,99.2,0.4,1.8
2026-08-28T09:15,,0.0,,,,,,,
2026-08-28T09:20,141.2,0.0,1019.5,372.5,600.0,17.4,96.8,0.8,1.6
2026-08-28T09:25,,0.0,,,,,,,
2026-08-28T09:30,137.9,0.0,1019.4,395.5,598.0,17.7,94.8,1.2,1.9
2026-08-28T09:35,,0.0,,,,,,,
2026-08-28T09:40,144.1,0.0,1019.3,428.7,599.0,18.3,92.9,0.8,1.8
2026-08-28T09:45,,0.0,,,,,,,
2026-08-28T09:50,171.0,0.0,1018.7,485.3,600.0,19.1,91.4,0.8,1.9
2026-08-28T09:55,,0.0,,,,,,,
2026-08-28T10:00,121.2,0.0,1018.3,501.4,598.0,19.7,87.7,1.4,2.1
2026-08-28T10:05,,0.0,,,,,,,
2026-08-28T10:10,142.7,0.0,1017.7,539.0,600.0,20.4,85.1,1.1,1.7
2026-08-28T10:15,,0.0,,,,,,,
2026-08-28T10:20,74.1,0.0,1017.1,545.8,600.0,21.0,82.8,0.3,2.0
2026-08-28T10:25,,0.0,,,,,,,
2026-08-28T10:30,351.6,0.0,1016.9,569.9,598.0,21.1,82.2,1.3,2.1
2026-08-28T10:35,,0.0,,,,,,,
2026-08-28T10:40,127.4,0.0,1016.3,580.8,599.0,21.7,80.6,0.6,1.9
2026-08-28T10:45,,0.0,,,,,,,
2026-08-28T10:50,117.9,0.0,1015.4,625.6,600.0,22.3,77.8,0.9,2.6
2026-08-28T10:55,,0.0,,,,,,,
2026-08-28T11:00,88.7,0.0,1015.1,650.6,600.0,22.9,76.9,0.6,2.5
2026-08-28T11:05,,0.0,,,,,,,
2026-08-28T11:10,6.5,0.0,1014.8,625.7,600.0,23.0,75.6,1.0,2.1
2026-08-28T11:15,,0.0,,,,,,,
2026-08-28T11:20,32.2,0.0,1014.2,691.1,600.0,23.7,73.8,1.0,2.2
2026-08-28T11:25,,0.0,,,,,,,
2026-08-28T11:30,9.3,0.0,1013.9,660.5,600.0,24.1,72.2,1.4,2.9
2026-08-28T11:35,,0.0,,,,,,,
2026-08-28T11:40,359.6,0.0,1013.7,756.7,597.0,24.3,71.3,2.1,3.9
2026-08-28T11:45,,0.0,,,,,,,
2026-08-28T11:50,357.9,0.0,1013.3,655.3,600.0,24.6,69.9,2.1,4.3
2026-08-28T11:55,,0.0,,,,,,,
2026-08-28T12:00,6.8,0.0,1012.9,748.2,600.0,25.0,66.8,2.5,4.6
2026-08-28T12:05,,0.0,,,,,,,
2026-08-28T12:10,355.1,0.0,1012.7,749.4,600.0,25.3,66.3,3.2,5.7
2026-08-28T12:15,,0.0,,,,,,,
2026-08-28T12:20,0.8,0.0,1012.5,763.4,597.0,25.6,64.9,2.5,4.9
2026-08-28T12:25,,0.0,,,,,,,
2026-08-28T12:30,13.1,0.0,1012.1,824.8,600.0,26.2,62.4,1.2,2.8
2026-08-28T12:35,,0.0,,,,,,,
2026-08-28T12:40,330.8,0.0,1011.7,798.5,600.0,26.7,59.5,1.2,2.2
2026-08-28T12:45,,0.0,,,,,,,
2026-08-28T12:50,334.9,0.0,1011.1,829.8,600.0,27.8,53.6,0.5,2.6
2026-08-28T12:55,,0.0,,,,,,,
2026-08-28T13:00,51.3,0.0,1010.7,831.3,598.0,28.6,46.3,1.4,5.1
2026-08-28T13:05,,0.0,,,,,,,
2026-08-28T13:10,116.7,0.0,1010.5,840.7,599.0,29.2,43.4,1.2,4.9
2026-08-28T13:15,,0.0,,,,,,,
2026-08-28T13:20,128.0,0.0,1010.3,841.3,600.0,29.6,41.5,2.0,7.4
2026-08-28T13:25,,0.0,,,,,,,
2026-08-28T13:30,144.8,0.0,1010.5,832.2,596.0,29.4,38.3,4.4,9.0
2026-08-28T13:35,,0.0,,,,,,,
2026-08-28T13:40,162.1,0.0,1010.5,817.3,597.0,29.3,38.1,4.1,8.6
2026-08-28T13:45,,0.0,,,,,,,
2026-08-28T13:50,155.7,0.0,1010.6,739.2,600.0,29.2,38.8,4.2,7.8
2026-08-28T13:55,,0.0,,,,,,,
2026-08-28T14:00,152.9,0.0,1010.5,776.8,599.0,29.1,39.2,4.5,10.0
2026-08-28T14:05,,0.0,,,,,,,
2026-08-28T14:10,134.0,0.0,1010.5,750.5,553.0,29.1,38.5,3.2,6.6
2026-08-28T14:15,,0.0,,,,,,,
2026-08-28T14:20,135.8,0.0,1010.4,711.5,600.0,29.2,38.4,3.0,6.6
2026-08-28T14:25,,0.0,,,,,,,
2026-08-28T14:30,147.6,0.0,1010.7,294.0,325.0,28.3,39.7,3.0,8.5
2026-08-28T14:35,,0.0,,,,,,,
2026-08-28T14:40,152.3,0.0,1010.6,453.2,373.0,28.3,38.4,2.8,8.1
2026-08-28T14:45,,0.0,,,,,,,
2026-08-28T14:50,167.3,0.0,1010.4,526.1,440.0,28.6,39.3,2.5,6.4
2026-08-28T14:55,,0.0,,,,,,,
2026-08-28T15:00,148.5,0.0,1009.9,653.8,588.0,29.0,37.7,2.6,7.0
2026-08-28T15:05,,0.0,,,,,,,
2026-08-28T15:10,169.2,0.0,1009.7,686.6,511.0,29.2,38.1,2.3,5.2
2026-08-28T15:15,,0.0,,,,,,,
2026-08-28T15:20,159.6,0.0,1009.6,640.6,512.0,29.2,36.2,1.6,4.8
2026-08-28T15:25,,0.0,,,,,,,
2026-08-28T15:30,146.9,0.0,1009.5,471.9,406.0,29.2,35.8,2.0,4.2
2026-08-28T15:35,,0.0,,,,,,,
2026-08-28T15:40,132.3,0.0,1009.4,522.7,429.0,29.3,35.7,1.4,4.3
2026-08-28T15:45,,0.0,,,,,,,
2026-08-28T15:50,168.9,0.0,1009.4,590.1,563.0,29.3,35.7,2.3,6.2
2026-08-28T15:55,,0.0,,,,,,,
2026-08-28T16:00,179.5,0.0,1009.2,592.4,599.0,29.3,37.6,1.4,4.4
2026-08-28T16:05,,0.0,,,,,,,
2026-08-28T16:10,156.9,0.0,1008.9,590.5,600.0,29.4,36.0,3.2,4.9
2026-08-28T16:15,,0.0,,,,,,,
2026-08-28T16:20,156.3,0.0,1008.8,555.8,598.0,29.1,36.4,1.5,5.5
2026-08-28T16:25,,0.0,,,,,,,
2026-08-28T16:30,149.4,0.0,1008.8,406.0,600.0,28.9,37.5,1.9,4.1
2026-08-28T16:35,,0.0,,,,,,,
2026-08-28T16:40,168.5,0.0,1008.9,393.3,599.0,28.6,40.0,1.1,3.5
2026-08-28T16:45,,0.0,,,,,,,
2026-08-28T16:50,133.0,0.0,1008.8,250.0,385.0,28.5,37.5,1.0,3.3
2026-08-28T16:55,,0.0,,,,,,,
2026-08-28T17:00,208.6,0.0,1009.4,193.2,0.0,28.0,38.8,0.7,2.1
2026-08-28T17:05,,0.0,,,,,,,
2026-08-28T17:10,187.2,0.0,1009.6,155.1,0.0,27.3,43.7,0.9,3.0
2026-08-28T17:15,,0.0,,,,,,,
2026-08-28T17:20,293.2,0.0,1009.7,148.5,0.0,27.1,43.9,0.5,1.6
2026-08-28T17:25,,0.0,,,,,,,
2026-08-28T17:30,170.8,0.0,1009.8,146.4,0.0,26.8,45.2,2.1,3.6
2026-08-28T17:35,,0.0,,,,,,,
2026-08-28T17:40,167.7,0.0,1010.3,95.5,0.0,26.1,47.4,2.1,3.4
2026-08-28T17:45,,0.0,,,,,,,
2026-08-28T17:50,184.0,0.0,1010.5,59.7,0.0,26.3,43.9,1.7,4.4
2026-08-28T17:55,,0.0,,,,,,,
2026-08-28T18:00,166.1,0.0,1011.1,31.0,0.0,25.8,46.1,2.7,9.9
2026-08-28T18:05,,0.0,,,,,,,
2026-08-28T18:10,159.5,0.0,1011.2,23.0,0.0,25.4,44.7,3.6,7.4
2026-08-28T18:15,,0.0,,,,,,,
2026-08-28T18:20,170.9,0.0,1011.2,30.6,0.0,24.8,43.8,4.4,8.6
2026-08-28T18:25,,0.0,,,,,,,
2026-08-28T18:30,171.1,0.0,1011.3,24.0,0.0,24.9,42.2,3.1,7.2
2026-08-28T18:35,,0.0,,,,,,,
2026-08-28T18:40,284.8,0.0,1012.4,22.5,0.0,22.5,59.0,2.3,3.4
2026-08-28T18:45,,0.0,,,,,,,
2026-08-28T18:50,273.9,0.0,1012.5,23.5,0.0,22.2,59.4,1.6,4.2
2026-08-28T18:55,,0.0,,,,,,,
2026-08-28T19:00,284.5,0.0,1012.8,14.0,0.0,21.7,60.9,1.8,3.7
2026-08-28T19:05,,0.0,,,,,,,
2026-08-28T19:10,266.7,0.0,1013.1,11.6,0.0,21.8,60.5,0.5,2.3
2026-08-28T19:15,,0.0,,,,,,,
2026-08-28T19:20,295.1,0.0,1013.2,2.6,0.0,22.0,57.8,1.6,3.7
2026-08-28T19:25,,0.0,,,,,,,
2026-08-28T19:30,277.0,0.0,1012.9,0.2,0.0,21.3,62.0,2.0,4.3
2026-08-28T19:35,,0.0,,,,,,,
2026-08-28T19:40,276.9,0.0,1013.6,5.7,0.0,20.5,67.0,1.2,3.6
2026-08-28T19:45,,0.0,,,,,,,
2026-08-28T19:50,258.5,0.0,1013.9,0.8,0.0,20.7,64.7,1.0,3.0
2026-08-28T19:55,,0.0,,,,,,,
2026-08-28T20:00,173.8,0.0,1013.8,0.0,0.0,20.7,65.0,0.2,3.2
2026-08-28T20:05,,0.0,,,,,,,
2026-08-28T20:10,183.4,0.0,1014.3,0.0,0.0,20.2,68.9,0.9,4.0
2026-08-28T20:15,,0.0,,,,,,,
2026-08-28T20:20,240.2,0.1,1014.8,0.0,0.0,19.7,72.2,0.7,3.5
2026-08-28T20:25,,0.0,,,,,,,
2026-08-28T20:30,213.8,0.1,1015.5,0.0,0.0,19.5,75.0,0.2,3.2
2026-08-28T20:35,,0.2,,,,,,,
2026-08-28T20:40,234.8,0.1,1015.5,0.0,0.0,19.3,74.7,0.7,5.1
2026-08-28T20:45,,0.0,,,,,,,
2026-08-28T20:50,124.3,0.0,1016.3,0.0,0.0,17.4,95.0,0.6,1.7
2026-08-28T20:55,,0.0,,,,,,,
2026-08-28T21:00,121.0,0.0,1016.8,0.0,0.0,16.6,99.8,0.6,3.0
2026-08-28T21:05,,0.0,,,,,,,
2026-08-28T21:10,213.0,0.0,1016.8,0.0,0.0,16.9,95.4,1.6,5.3
2026-08-28T21:15,,0.1,,,,,,,
2026-08-28T21:20,181.2,0.0,1016.1,0.0,0.0,17.1,92.1,2.9,5.0
2026-08-28T21:25,,0.0,,,,,,,
2026-08-28T21:30,194.6,0.0,1016.2,0.0,0.0,16.9,91.2,0.9,3.5
2026-08-28T21:35,,0.0,,,,,,,
2026-08-28T21:40,136.2,0.0,1016.2,0.0,0.0,16.5,94.9,0.2,3.1
2026-08-28T21:45,,0.0,,,,,,,
2026-08-28T21:50,209.6,0.0,1016.5,0.0,0.0,15.9,98.3,0.6,2.1
2026-08-28T21:55,,0.0,,,,,,,
2026-08-28T22:00,22.9,0.0,1016.2,0.0,0.0,16.2,96.7,0.5,3.0
2026-08-28T22:05,,0.0,,,,,,,
2026-08-28T22:10,254.6,0.0,1016.7,0.0,0.0,16.1,97.8,0.8,2.8
2026-08-28T22:15,,0.0,,,,,,,
2026-08-28T22:20,174.8,0.1,1016.9,0.0,0.0,16.0,99.6,1.3,3.0
2026-08-28T22:25,,0.0,,,,,,,
2026-08-28T22:30,258.8,0.0,1016.3,0.0,0.0,16.3,95.0,0.9,2.8
2026-08-28T22:35,,0.0,,,,,,,
2026-08-28T22:40,165.6,0.0,1016.6,0.0,0.0,16.2,94.6,0.3,2.4
2026-08-28T22:45,,0.0,,,,,,,
2026-08-28T22:50,272.1,0.0,1017.0,0.0,0.0,15.6,98.6,1.3,2.3
2026-08-28T22:55,,0.0,,,,,,,
2026-08-28T23:00,268.4,0.0,1017.0,0.0,0.0,15.3,97.2,1.3,2.4
2026-08-28T23:05,,0.0,,,,,,,
2026-08-28T23:10,275.9,0.0,1017.1,0.0,0.0,14.9,99.1,0.5,1.9
2026-08-28T23:15,,0.0,,,,,,,
2026-08-28T23:20,232.9,0.0,1017.1,0.0,0.0,14.6,99.0,0.8,3.1
2026-08-28T23:25,,0.0,,,,,,,
2026-08-28T23:30,260.4,0.0,1016.9,0.0,0.0,14.8,96.4,1.1,3.3
2026-08-28T23:35,,0.0,,,,,,,
2026-08-28T23:40,283.8,0.0,1016.9,0.0,0.0,14.6,99.2,0.8,1.8
2026-08-28T23:45,,0.0,,,,,,,
2026-08-28T23:50,173.9,0.0,1016.8,0.0,0.0,14.6,100.0,0.8,2.0
2026-08-28T23:55,,0.1,,,,,,,
2026-08-29T00:00,311.4,0.1,1016.7,0.0,0.0,14.8,99.9,0.5,2.2
2026-08-29T00:10,34.8,0.0,1016.8,0.0,0.0,14.9,100.0,0.7,1.7
2026-08-29T00:20,73.6,0.0,1017.0,0.0,0.0,14.8,100.0,0.5,1.3
2026-08-29T00:30,102.1,0.0,1017.3,0.0,0.0,14.6,100.0,0.2,1.5
2026-08-29T00:40,188.7,0.0,1017.2,0.0,0.0,14.4,100.0,1.2,1.7
2026-08-29T00:50,299.7,0.0,1017.1,0.0,0.0,14.4,100.0,0.5,2.4
2026-08-29T01:10,199.2,0.0,1017.0,0.0,0.0,14.1,100.0,0.9,1.5
2026-08-29T01:20,166.8,0.0,1016.8,0.0,0.0,13.9,100.0,0.6,2.5
2026-08-29T01:30,191.2,0.0,1016.5,0.0,0.0,14.0,100.0,0.7,2.7
2026-08-29T01:40,334.5,0.0,1017.4,0.0,0.0,14.2,100.0,2.3,4.2
2026-08-29T01:50,347.2,0.8,1018.2,0.0,0.0,14.0,100.0,2.5,7.9
2026-08-29T02:00,191.3,0.6,1017.8,0.0,0.0,13.3,98.7,3.0,9.7
2026-08-29T02:10,253.1,0.3,1018.2,0.0,0.0,13.6,97.6,0.3,4.8
2026-08-29T02:20,334.0,0.1,1018.8,0.0,0.0,12.6,100.0,1.5,3.4
2026-08-29T02:30,344.3,0.1,1018.8,0.0,0.0,12.6,100.0,0.8,1.7
2026-08-29T02:40,339.3,0.0,1019.0,0.0,0.0,12.5,100.0,1.1,2.7
2026-08-29T02:50,67.0,0.0,1019.1,0.0,0.0,12.3,100.0,0.4,1.3
2026-08-29T03:00,129.6,0.0,1019.2,0.0,0.0,12.2,100.0,0.5,1.4
2026-08-29T03:10,131.7,0.0,1019.3,0.0,0.0,12.2,100.0,0.4,1.1
2026-08-29T03:20,190.7,0.0,1019.4,0.0,0.0,12.1,100.0,1.7,2.9
2026-08-29T03:30,209.7,0.0,1019.2,0.0,0.0,12.2,99.9,1.4,2.4
2026-08-29T03:40,105.3,0.0,1019.1,0.0,0.0,12.2,100.0,0.6,1.5
2026-08-29T03:50,331.9,0.0,1019.1,0.0,0.0,12.0,100.0,0.6,2.3
2026-08-29T04:00,235.4,0.0,1019.3,0.0,0.0,11.8,100.0,0.4,2.1
2026-08-29T04:10,181.2,0.0,1019.6,0.0,0.0,11.7,100.0,1.1,2.0
2026-08-29T04:20,350.0,0.0,1019.5,0.0,0.0,11.7,100.0,0.8,1.3
2026-08-29T04:30,269.8,0.0,1019.7,0.0,0.0,11.6,99.9,0.7,2.0
2026-08-29T04:40,150.7,0.1,1019.4,0.0,0.0,11.7,99.9,1.0,2.0
2026-08-29T04:50,146.6,0.1,1019.2,0.0,0.0,11.8,99.9,0.6,1.8
2026-08-29T05:00,166.3,0.2,1019.4,0.0,0.0,11.7,99.9,1.1,2.0
2026-08-29T05:10,158.1,0.1,1019.4,0.0,0.0,11.8,99.9,0.8,1.3
2026-08-29T05:20,168.9,0.2,1019.5,0.0,0.0,11.8,99.9,1.6,2.5
2026-08-29T05:30,9.0,0.0,1019.4,0.0,0.0,11.9,99.9,0.3,1.3
2026-08-29T05:40,340.7,0.0,1019.2,0.0,0.0,11.9,99.9,0.6,1.2
2026-08-29T05:50,168.3,0.1,1019.3,0.0,0.0,11.9,99.9,0.6,1.4
2026-08-29T06:00,185.7,0.4,1019.3,0.0,0.0,11.9,99.9,1.1,2.1
2026-08-29T06:50,146.5,0.0,1019.4,7.1,0.0,12.0,99.9,0.4,1.5
2026-08-29T07:00,155.1,0.0,1019.4,26.3,0.0,12.0,99.9,0.9,1.5
2026-08-29T07:10,224.5,0.0,1019.6,23.5,0.0,12.0,99.9,0.7,1.7
2026-08-29T07:20,180.0,0.0,1019.8,46.5,0.0,12.1,99.9,0.5,1.1
2026-08-29T07:30,183.7,0.0,1019.7,77.5,0.0,12.3,99.9,0.5,1.0
2026-08-29T07:40,26.8,0.0,1019.6,61.2,0.0,12.5,99.9,0.2,1.0
2026-08-29T07:50,73.2,0.0,1019.6,57.2,0.0,12.4,99.9,0.4,1.2
2026-08-29T08:00,81.0,0.0,1019.6,80.9,0.0,12.5,99.9,0.2,0.9
2026-08-29T08:10,164.0,0.0,1019.6,87.8,0.0,12.6,99.9,0.5,1.1
2026-08-29T08:20,145.7,0.0,1019.7,86.2,0.0,12.6,99.9,0.7,1.1
2026-08-29T08:30,143.5,0.0,1019.7,75.3,0.0,12.6,99.9,0.7,1.2
2026-08-29T08:40,149.8,0.0,1019.8,82.8,89.0,12.5,99.9,1.6,2.9
2026-08-29T08:50,158.3,0.0,1019.8,67.3,0.0,12.5,99.9,1.4,2.5
2026-08-29T09:00,126.3,0.0,1019.6,177.5,425.0,12.7,99.9,0.7,1.5
2026-08-29T09:10,131.2,0.0,1019.3,396.3,599.0,13.3,99.9,0.4,1.3
2026-08-29T09:20,121.7,0.0,1018.9,422.2,597.0,14.0,100.0,1.0,1.7
2026-08-29T09:30,133.0,0.0,1018.9,199.5,600.0,14.1,100.0,1.0,1.3
2026-08-29T09:40,153.3,0.0,1018.8,285.2,600.0,14.1,100.0,0.8,1.2
2026-08-29T09:50,146.4,0.0,1018.4,487.6,600.0,14.9,100.0,1.0,1.8
2026-08-29T10:00,136.6,0.0,1018.0,551.4,598.0,15.5,98.7,1.3,1.7
2026-08-29T10:10,133.0,0.0,1017.5,564.7,600.0,16.5,94.8,0.9,1.9
2026-08-29T10:20,133.1,0.0,1017.2,604.8,600.0,16.6,95.4,1.5,2.2
2026-08-29T10:30,136.7,0.0,1017.0,631.0,600.0,17.0,88.4,1.3,2.0
2026-08-29T10:40,122.8,0.0,1016.4,647.5,600.0,17.8,86.4,0.9,1.6
2026-08-29T10:50,142.8,0.0,1016.4,669.1,599.0,17.9,85.4,1.4,1.9
2026-08-29T11:00,131.0,0.0,1016.0,700.5,597.0,18.6,83.8,1.1,1.9
2026-08-29T11:10,102.5,0.0,1015.6,726.8,600.0,19.1,83.0,1.2,2.0
2026-08-29T11:20,107.2,0.0,1015.4,789.2,599.0,19.5,81.0,0.7,2.4
2026-08-29T11:30,110.7,0.0,1015.1,783.7,599.0,20.0,72.4,0.6,1.8
2026-08-29T11:40,232.4,0.0,1015.0,777.4,600.0,20.0,76.5,0.5,2.2
2026-08-29T11:50,24.7,0.0,1014.7,796.9,600.0,20.4,70.7,0.8,2.3
2026-08-29T12:00,8.7,0.0,1014.5,798.1,597.0,20.7,67.5,1.5,2.8
2026-08-29T12:10,343.9,0.0,1014.2,810.7,600.0,21.0,68.3,1.2,2.7
2026-08-29T12:20,4.2,0.0,1014.1,823.5,598.0,21.0,68.0,1.2,2.4
2026-08-29T12:30,22.0,0.0,1014.0,832.0,600.0,21.2,67.9,0.7,2.2
2026-08-29T12:40,9.1,0.0,1013.6,853.9,600.0,21.5,67.4,1.3,2.4
2026-08-29T12:50,349.4,0.0,1013.4,867.0,597.0,21.7,66.6,1.2,2.7
2026-08-29T13:00,3.9,0.0,1013.1,708.7,550.0,21.9,66.3,1.5,3.0
2026-08-29T13:10,356.5,0.0,1013.0,614.0,559.0,22.2,63.3,1.8,3.2
2026-08-29T13:20,2.5,0.0,1013.0,741.0,487.0,22.2,61.4,2.2,3.7
2026-08-29T13:30,357.6,0.0,1013.0,356.8,401.0,21.9,62.7,2.3,4.6
2026-08-29T13:40,357.6,0.0,1012.7,665.6,498.0,22.2,62.8,2.7,4.5
2026-08-29T13:50,2.0,0.0,1012.8,445.0,332.0,22.0,61.9,2.3,3.9
2026-08-29T14:00,353.4,0.0,1012.6,493.8,468.0,22.0,62.4,2.4,3.1
2026-08-29T14:10,8.0,0.0,1012.2,770.5,597.0,22.9,60.5,1.2,3.2
2026-08-29T14:20,352.9,0.0,1011.9,869.9,600.0,23.3,59.3,2.2,4.2
2026-08-29T14:30,352.0,0.0,1011.8,936.8,600.0,23.4,60.4,1.9,3.2
2026-08-29T14:40,344.4,0.0,1011.9,734.4,550.0,23.2,60.7,2.0,2.8
2026-08-29T14:50,341.6,0.0,1012.1,770.3,600.0,22.8,60.6,2.0,2.7
2026-08-29T15:00,357.4,0.0,1011.9,587.2,540.0,23.3,60.4,1.3,2.5
2026-08-29T15:10,337.9,0.0,1011.8,681.4,600.0,23.4,61.0,1.3,2.6
2026-08-29T15:20,346.8,0.0,1011.7,607.6,502.0,23.3,59.2,1.9,3.2
2026-08-29T15:30,330.6,0.0,1011.7,701.0,598.0,23.1,60.9,0.9,1.6
2026-08-29T15:40,336.9,0.0,1011.4,729.4,600.0,23.4,59.3,1.1,2.0
2026-08-29T15:50,320.5,0.0,1011.2,467.8,407.0,23.6,58.7,0.6,1.5
2026-08-29T16:00,340.1,0.0,1011.3,467.7,416.0,23.3,59.8,1.2,1.9
2026-08-29T16:10,347.6,0.0,1011.3,474.1,494.0,23.0,61.9,1.5,2.2
2026-08-29T16:20,328.7,0.0,1011.3,320.2,230.0,22.7,63.2,0.6,1.2
2026-08-29T16:30,327.4,0.0,1011.2,179.4,34.0,22.8,60.5,0.8,1.4
2026-08-29T16:40,287.1,0.0,1011.1,295.8,330.0,22.7,65.9,0.8,1.5
2026-08-29T16:50,334.1,0.0,1010.8,392.9,412.0,23.3,60.4,0.6,1.2
2026-08-29T17:00,17.8,0.0,1010.7,423.6,523.0,23.7,56.0,1.0,1.8
2026-08-29T17:10,4.3,0.0,1010.5,467.8,600.0,24.0,57.8,1.3,2.6
2026-08-29T17:20,3.7,0.0,1010.5,528.2,599.0,24.3,56.6,1.1,2.9
2026-08-29T17:30,9.7,0.0,1010.5,470.2,543.0,24.6,52.9,0.9,3.6
2026-08-29T17:40,337.7,0.0,1010.6,382.9,557.0,24.4,53.2,0.9,4.1
2026-08-29T17:50,152.0,0.0,1010.7,285.4,598.0,24.0,56.1,1.2,2.8
2026-08-29T18:00,252.9,0.0,1011.2,156.6,339.0,22.7,64.2,0.8,2.1
2026-08-29T18:10,288.3,0.0,1011.7,108.4,100.0,21.4,72.4,1.6,2.4
2026-08-29T18:20,274.4,0.0,1012.1,130.4,242.0,21.0,73.3,1.7,2.9
2026-08-29T18:30,268.4,0.0,1012.2,121.1,137.0,21.2,72.6,0.4,2.1
2026-08-29T18:40,281.4,0.0,1012.3,84.4,0.0,20.9,76.3,0.8,1.3
2026-08-29T18:50,280.5,0.0,1012.4,76.3,0.0,20.7,78.0,1.0,2.0
2026-08-29T19:00,279.1,0.0,1012.6,64.7,0.0,20.1,82.3,1.7,2.4
2026-08-29T19:10,300.9,0.0,1012.8,46.2,0.0,20.0,81.6,1.0,2.9
2026-08-29T19:20,282.7,0.0,1013.1,42.1,0.0,19.7,82.6,1.2,2.1
2026-08-29T19:30,290.5,0.0,1013.3,41.0,0.0,19.5,82.9,2.0,2.7
2026-08-29T19:40,289.3,0.0,1013.3,30.5,0.0,19.4,83.4,0.8,1.6
2026-08-29T19:50,269.5,0.0,1013.4,10.5,0.0,19.1,85.9,0.5,2.3
2026-08-29T20:00,274.3,0.0,1013.9,0.7,0.0,18.5,85.3,1.2,3.3
2026-08-29T20:10,305.0,0.0,1014.1,0.0,0.0,18.5,85.2,0.5,1.9
2026-08-29T20:20,134.1,0.0,1014.4,0.0,0.0,18.4,88.0,0.3,1.2
2026-08-29T20:30,189.9,0.0,1014.6,0.0,0.0,18.1,89.8,0.3,1.5
2026-08-29T20:40,7.0,0.0,1014.9,0.0,0.0,17.9,89.0,0.1,1.5
2026-08-29T20:50,126.9,0.0,1015.1,0.0,0.0,17.8,91.5,0.6,1.5
2026-08-29T21:00,152.0,0.0,1015.5,0.0,0.0,17.5,93.6,0.8,2.3
2026-08-29T21:10,181.9,0.0,1015.7,0.0,0.0,17.4,92.9,0.5,1.8
2026-08-29T21:20,62.7,0.0,1015.6,0.0,0.0,17.6,91.0,0.3,0.9
2026-08-29T21:30,182.2,0.0,1015.7,0.0,0.0,17.4,93.4,0.7,1.2
2026-08-29T21:40,87.1,0.0,1015.8,0.0,0.0,17.5,90.9,0.2,0.8
2026-08-29T21:50,168.7,0.0,1016.0,0.0,0.0,17.2,93.7,0.2,1.0
2026-08-29T22:00,149.1,0.0,1016.2,0.0,0.0,17.0,95.9,0.7,1.1
2026-08-29T22:10,80.4,0.0,1016.3,0.0,0.0,17.0,94.6,0.4,1.0
2026-08-29T22:20,85.6,0.0,1016.3,0.0,0.0,17.1,94.0,0.2,0.7
2026-08-29T22:30,279.2,0.0,1016.2,0.0,0.0,17.3,93.1,0.1,0.9
2026-08-29T22:40,207.2,0.0,1016.5,0.0,0.0,16.9,97.6,0.2,0.9
2026-08-29T22:50,133.3,0.0,1016.7,0.0,0.0,16.6,99.6,0.7,1.2
2026-08-29T23:00,316.6,0.0,1016.8,0.0,0.0,16.5,99.5,0.2,0.7
2026-08-29T23:10,195.6,0.0,1016.7,0.0,0.0,16.8,99.1,0.7,1.7
2026-08-29T23:20,150.7,0.1,1017.1,0.0,0.0,16.3,100.0,0.8,1.4
2026-08-29T23:30,173.3,0.1,1017.4,0.0,0.0,16.1,100.0,1.2,2.2
2026-08-29T23:40,209.2,0.1,1017.6,0.0,0.0,15.8,100.0,0.5,1.3
2026-08-29T23:50,81.9,0.0,1017.6,0.0,0.0,15.8,99.9,0.4,1.6
2026-08-30T00:00,145.1,0.0,1017.8,0.0,0.0,15.8,99.9,0.4,1.5
2026-08-30T00:10,229.6,0.0,1017.8,0.0,0.0,15.8,99.9,0.2,1.4
2026-08-30T00:20,256.8,0.0,1017.9,0.0,0.0,15.8,99.9,0.1,1.2
2026-08-30T00:30,189.9,0.0,1017.9,0.0,0.0,15.7,99.9,0.2,1.0
2026-08-30T00:40,200.7,0.0,1017.9,0.0,0.0,15.6,99.9,0.2,0.9
2026-08-30T00:50,174.6,0.0,1018.0,0.0,0.0,15.6,99.9,0.4,0.9
2026-08-30T01:10,196.8,0.0,1018.2,0.0,0.0,15.5,99.9,0.6,1.0
2026-08-30T01:20,144.0,0.0,1018.2,0.0,0.0,15.6,99.9,0.6,1.2
2026-08-30T01:30,153.9,0.0,1018.3,0.0,0.0,15.6,99.9,0.5,1.0
2026-08-30T01:40,117.2,0.0,1018.4,0.0,0.0,15.5,99.9,0.2,0.6
2026-08-30T01:50,128.9,0.0,1018.5,0.0,0.0,15.5,99.9,0.6,1.0
2026-08-30T02:00,143.5,0.0,1018.6,0.0,0.0,15.4,99.9,0.2,0.7
2026-08-30T02:10,124.9,0.0,1018.6,0.0,0.0,15.4,99.9,0.4,0.8
2026-08-30T02:20,125.0,0.0,1018.6,0.0,0.0,15.4,99.9,0.5,0.8
2026-08-30T02:30,331.3,0.0,1018.7,0.0,0.0,15.2,99.9,0.4,1.0
2026-08-30T02:40,122.4,0.0,1018.7,0.0,0.0,15.3,99.9,0.4,1.5
2026-08-30T02:50,181.4,0.0,1018.9,0.0,0.0,15.1,99.9,0.7,1.3
2026-08-30T03:00,64.9,0.0,1018.9,0.0,0.0,15.1,99.9,0.5,0.9
2026-08-30T03:10,145.4,0.0,1019.0,0.0,0.0,15.0,99.9,0.6,0.9
2026-08-30T03:20,193.3,0.0,1019.0,0.0,0.0,14.8,99.9,1.0,1.8
2026-08-30T03:30,158.4,0.0,1019.1,0.0,0.0,14.6,99.9,0.6,1.7
2026-08-30T03:40,166.0,0.0,1019.3,0.0,0.0,14.5,99.9,0.8,1.7
2026-08-30T03:50,103.3,0.0,1019.2,0.0,0.0,14.5,99.9,0.4,0.9
2026-08-30T04:00,144.9,0.0,1019.3,0.0,0.0,14.5,99.9,0.8,1.4
2026-08-30T04:10,186.2,0.0,1019.4,0.0,0.0,14.4,99.9,1.0,1.4
2026-08-30T04:20,129.9,0.0,1019.5,0.0,0.0,14.4,99.9,0.7,1.4
2026-08-30T04:30,164.4,0.0,1019.6,0.0,0.0,14.2,99.9,1.1,1.6
2026-08-30T04:40,162.1,0.0,1019.8,0.0,0.0,14.1,99.9,0.5,1.1
2026-08-30T04:50,226.8,0.0,1019.7,0.0,0.0,14.1,99.9,0.1,0.7
2026-08-30T05:00,155.0,0.0,1019.7,0.0,0.0,14.0,99.9,0.6,0.8
2026-08-30T05:10,156.6,0.0,1019.7,0.0,0.0,13.9,99.9,0.6,1.0
2026-08-30T05:20,125.1,0.0,1019.8,0.0,0.0,13.8,99.9,0.3,0.7
2026-08-30T05:30,167.6,0.0,1019.8,0.0,0.0,13.7,99.9,0.5,1.2
2026-08-30T05:40,206.9,0.0,1019.9,0.0,0.0,13.6,99.9,0.3,0.8
2026-08-30T05:50,158.9,0.0,1020.1,0.0,0.0,13.3,99.9,0.4,1.2
2026-08-30T06:00,267.6,0.0,1020.2,0.0,0.0,12.9,99.9,0.5,1.0
2026-08-30T06:10,314.9,0.0,1020.5,0.0,0.0,12.8,99.9,0.9,1.7
2026-08-30T06:20,291.0,0.0,1020.5,0.0,0.0,12.7,99.9,0.5,1.4
2026-08-30T06:30,164.1,0.0,1020.4,0.0,0.0,13.0,99.9,0.7,1.4
2026-08-30T06:40,164.3,0.0,1020.5,0.6,0.0,12.9,99.9,0.8,1.2
2026-08-30T06:50,150.7,0.0,1020.5,5.4,0.0,13.0,99.9,0.4,0.9
2026-08-30T07:00,144.2,0.0,1020.5,14.7,0.0,13.0,99.9,0.6,1.1
2026-08-30T07:10,163.5,0.0,1020.5,25.9,0.0,13.1,99.9,0.7,1.5
2026-08-30T07:20,156.9,0.0,1020.6,39.4,0.0,13.2,99.9,0.6,0.8
2026-08-30T07:30,126.4,0.0,1020.6,45.4,0.0,13.1,99.9,0.5,0.8
2026-08-30T07:40,171.0,0.0,1020.6,54.7,0.0,13.2,99.9,0.5,1.1
2026-08-30T07:50,123.4,0.0,1020.8,63.0,0.0,13.2,99.9,0.4,0.5
2026-08-30T08:00,84.3,0.0,1020.9,61.1,0.0,13.3,99.9,0.2,0.4
2026-08-30T08:10,67.5,0.0,1020.9,61.3,0.0,13.3,99.9,0.2,0.5
2026-08-30T08:20,154.8,0.0,1020.8,58.4,0.0,13.3,99.9,0.8,1.1
2026-08-30T08:30,149.6,0.0,1020.7,60.9,0.0,13.3,99.9,0.6,0.9
2026-08-30T08:40,114.4,0.0,1020.6,71.6,18.0,13.3,99.9,0.5,0.9
2026-08-30T08:50,49.0,0.0,1020.4,112.2,111.0,13.5,99.9,0.4,0.8
2026-08-30T09:00,87.6,0.0,1020.3,137.3,139.0,13.8,99.9,0.3,0.5
2026-08-30T09:10,86.1,0.0,1020.3,77.8,0.0,13.8,99.9,0.1,0.4
2026-08-30T09:20,123.0,0.0,1020.1,318.2,448.0,14.3,99.9,0.3,0.6
2026-08-30T09:30,63.5,0.0,1019.5,450.2,600.0,15.4,99.9,0.3,1.1
2026-08-30T09:40,16.4,0.0,1018.8,478.7,595.0,16.6,100.0,0.4,0.8
2026-08-30T09:50,26.7,0.0,1018.3,506.8,600.0,17.2,100.0,0.5,1.0
2026-08-30T10:00,35.0,0.0,1018.0,532.8,600.0,17.9,98.9,0.5,1.4
2026-08-30T10:10,68.7,0.0,1017.8,557.3,597.0,18.3,95.1,0.6,1.8
2026-08-30T10:20,138.9,0.0,1017.3,583.5,600.0,19.0,92.9,1.3,1.8
2026-08-30T10:30,106.2,0.0,1017.2,608.4,600.0,19.2,89.6,0.9,1.8
2026-08-30T10:40,98.0,0.0,1016.7,632.5,600.0,19.9,82.2,0.8,1.7
2026-08-30T10:50,91.2,0.0,1016.4,658.4,596.0,20.2,82.6,0.2,2.4
2026-08-30T11:00,103.4,0.0,1016.1,681.1,600.0,20.5,80.0,1.0,2.0
2026-08-30T11:10,92.8,0.0,1015.9,700.6,600.0,21.0,76.2,0.9,1.7
2026-08-30T11:20,98.0,0.0,1015.4,718.9,597.0,21.8,74.2,0.7,1.9
2026-08-30T11:30,115.6,0.0,1015.0,738.4,600.0,22.3,73.4,0.9,1.8
2026-08-30T11:40,52.4,0.0,1014.9,756.3,600.0,22.4,69.1,0.3,2.0
2026-08-30T11:50,140.1,0.0,1014.6,770.8,600.0,22.8,69.4,0.8,2.8
2026-08-30T12:00,129.9,0.0,1014.4,787.7,598.0,23.0,65.5,1.2,2.3
2026-08-30T12:10,65.1,0.0,1014.0,810.7,600.0,23.3,63.3,0.3,2.3
2026-08-30T12:20,357.7,0.0,1013.8,818.9,597.0,23.5,59.4,1.4,2.6
2026-08-30T12:30,4.2,0.0,1013.7,850.7,600.0,23.6,58.5,1.8,3.5
2026-08-30T12:40,5.2,0.0,1013.2,871.2,600.0,24.2,57.9,1.7,3.1
2026-08-30T12:50,5.6,0.0,1013.0,816.6,542.0,24.4,55.9,1.7,3.1
2026-08-30T13:00,0.9,0.0,1012.8,848.6,543.0,24.6,55.2,2.9,4.6
2026-08-30T13:10,359.1,0.0,1012.8,912.5,600.0,24.7,54.7,3.3,5.8
2026-08-30T13:20,1.6,0.0,1012.6,954.9,600.0,24.9,55.2,3.7,5.6
2026-08-30T13:30,8.2,0.0,1012.4,932.5,598.0,25.0,54.9,2.7,5.9
2026-08-30T13:40,6.3,0.0,1012.5,908.5,600.0,24.7,55.0,2.9,4.2
2026-08-30T13:50,9.2,0.0,1012.6,544.3,445.0,24.5,56.5,2.3,3.6
2026-08-30T14:00,5.8,0.0,1012.6,830.3,600.0,24.6,55.2,2.4,4.1
2026-08-30T14:10,2.5,0.0,1012.4,856.5,600.0,24.8,52.0,1.7,3.1
2026-08-30T14:20,357.2,0.0,1012.4,825.8,599.0,25.0,50.7,1.2,3.1
2026-08-30T14:30,186.1,0.0,1012.2,844.6,600.0,25.1,54.7,0.8,2.9
2026-08-30T14:40,157.0,0.0,1012.0,829.7,600.0,25.5,56.2,2.8,4.0
2026-08-30T14:50,148.2,0.0,1011.9,820.1,597.0,25.6,54.2,2.6,3.7
2026-08-30T15:00,152.4,0.0,1012.0,364.9,369.0,25.1,52.9,2.2,3.9
2026-08-30T15:10,166.7,0.0,1011.9,637.0,532.0,25.0,55.0,2.2,3.1
2026-08-30T15:20,159.9,0.0,1011.7,678.3,595.0,25.4,51.3,2.1,4.1
2026-08-30T15:30,143.4,0.0,1011.9,206.4,0.0,24.8,51.9,1.5,2.8
2026-08-30T15:40,156.5,0.0,1012.0,283.7,110.0,24.5,55.9,1.5,2.7
2026-08-30T15:50,85.9,0.0,1011.7,626.9,540.0,25.2,51.4,1.3,2.7
2026-08-30T16:00,346.2,0.0,1011.8,557.4,536.0,24.9,54.9,2.1,4.6
2026-08-30T16:10,351.9,0.0,1011.5,691.0,600.0,25.2,54.3,2.5,4.2
2026-08-30T16:20,5.9,0.0,1011.5,415.5,347.0,24.9,54.5,1.9,3.6
2026-08-30T16:30,4.3,0.0,1011.5,494.5,519.0,24.9,53.1,1.5,3.1
2026-08-30T16:40,327.0,0.0,1011.8,218.4,193.0,24.3,54.6,0.8,2.6
2026-08-30T16:50,147.2,0.0,1011.8,177.2,138.0,24.3,56.5,1.2,3.0
2026-08-30T17:00,166.5,0.0,1011.9,149.0,33.0,23.8,62.9,0.8,1.4
2026-08-30T17:10,337.8,0.0,1012.2,120.3,0.0,23.5,64.4,0.6,2.8
2026-08-30T17:20,323.6,0.0,1012.3,109.4,0.0,23.5,58.8,0.3,1.9
2026-08-30T17:30,210.7,0.0,1012.5,124.2,0.0,23.2,67.7,0.5,1.7
2026-08-30T17:40,285.5,0.0,1012.3,166.4,149.0,23.2,67.9,0.2,1.5
2026-08-30T17:50,58.7,0.0,1012.3,96.9,32.0,23.3,66.3,0.3,1.3
2026-08-30T18:00,355.8,0.0,1012.4,97.5,50.0,23.1,66.6,0.7,3.2
2026-08-30T18:10,24.5,0.0,1012.4,157.8,429.0,23.1,67.1,0.8,2.5
2026-08-30T18:20,155.6,0.0,1012.5,129.2,185.0,22.7,72.2,0.5,1.6
2026-08-30T18:30,166.5,0.0,1012.6,87.6,39.0,22.5,74.2,0.9,1.6
2026-08-30T18:40,171.3,0.0,1012.7,49.2,0.0,22.3,70.4,1.2,2.8
2026-08-30T18:50,181.8,0.0,1012.9,36.6,0.0,22.1,67.9,1.4,2.1
2026-08-30T19:00,183.5,0.0,1013.0,42.2,0.0,22.1,66.5,1.4,2.6
2026-08-30T19:10,191.7,0.0,1012.9,46.6,0.0,22.4,63.7,1.3,2.1
2026-08-30T19:20,162.4,0.0,1013.0,25.7,0.0,22.1,67.6,1.1,2.0
2026-08-30T19:30,150.9,0.0,1013.1,22.1,0.0,22.1,67.0,0.6,4.0
2026-08-30T19:40,189.4,0.0,1013.4,11.5,0.0,21.8,68.7,0.7,2.2
2026-08-30T19:50,163.3,0.0,1013.6,2.4,0.0,21.7,67.7,1.1,2.6
2026-08-30T20:00,214.9,0.0,1013.9,0.0,0.0,21.3,69.9,0.8,3.5
2026-08-30T20:10,179.8,0.0,1014.0,0.0,0.0,21.3,69.1,1.4,4.3
2026-08-30T20:20,244.9,0.0,1014.8,0.0,0.0,20.0,78.3,0.8,1.7
2026-08-30T20:30,182.1,0.0,1014.9,0.0,0.0,20.4,74.0,1.3,3.1
2026-08-30T20:40,254.4,0.0,1015.1,0.0,0.0,20.2,75.5,0.6,2.1
2026-08-30T20:50,273.6,0.0,1015.5,0.0,0.0,19.6,78.6,0.8,2.3
2026-08-30T21:00,288.2,0.0,1015.9,0.0,0.0,18.8,82.5,0.8,2.0
2026-08-30T21:10,138.0,0.0,1016.3,0.0,0.0,18.5,84.0,0.3,1.2
2026-08-30T21:20,129.3,0.0,1016.5,0.0,0.0,18.3,84.5,0.3,1.9
2026-08-30T21:30,176.4,0.0,1016.7,0.0,0.0,18.3,84.8,1.6,3.7
2026-08-30T21:40,172.9,0.0,1016.7,0.0,0.0,18.2,84.0,1.7,2.9
2026-08-30T21:50,173.9,0.0,1016.9,0.0,0.0,17.8,86.0,1.6,3.1
2026-08-30T22:00,162.7,0.0,1017.1,0.0,0.0,17.4,88.2,1.0,2.5
2026-08-30T22:10,168.9,0.0,1017.2,0.0,0.0,17.2,88.9,1.0,2.7
2026-08-30T22:20,166.8,0.0,1017.3,0.0,0.0,17.1,89.3,1.1,2.6
2026-08-30T22:30,190.4,0.0,1017.5,0.0,0.0,16.9,89.6,0.3,1.2
2026-08-30T22:40,250.2,0.0,1017.7,0.0,0.0,16.6,91.3,0.3,1.1
2026-08-30T22:50,276.0,0.0,1017.8,0.0,0.0,16.4,92.4,0.5,1.2
2026-08-30T23:00,112.3,0.0,1018.0,0.0,0.0,16.2,95.0,0.7,1.1
2026-08-30T23:10,139.6,0.0,1018.3,0.0,0.0,15.9,96.0,0.8,1.6
2026-08-30T23:20,57.3,0.0,1018.4,0.0,0.0,15.9,96.2,0.1,0.7
2026-08-30T23:30,113.2,0.0,1018.5,0.0,0.0,15.7,96.0,0.2,1.3
2026-08-30T23:40,198.9,0.0,1018.7,0.0,0.0,15.6,96.3,0.6,1.4
2026-08-30T23:50,149.4,0.0,1018.9,0.0,0.0,15.4,97.4,0.9,2.0
2026-08-31T00:00,194.6,0.0,1019.0,0.0,0.0,15.2,98.7,0.8,2.1
2026-08-31T00:10,133.4,0.0,1019.0,0.0,0.0,15.2,98.4,0.4,1.0
2026-08-31T00:20,180.0,0.0,1019.0,0.0,0.0,15.3,96.5,0.7,2.2
2026-08-31T00:30,177.9,0.0,1019.1,0.0,0.0,15.1,97.5,1.4,3.0
2026-08-31T00:40,151.3,0.0,1019.2,0.0,0.0,14.9,98.3,0.6,1.9
2026-08-31T00:50,143.8,0.0,1019.3,0.0,0.0,14.7,100.0,0.5,1.8
2026-08-31T01:10,130.7,0.0,1019.3,0.0,0.0,14.7,99.6,0.6,1.3
2026-08-31T01:20,146.3,0.0,1019.4,0.0,0.0,14.5,99.9,0.1,1.2
2026-08-31T01:30,126.6,0.0,1019.5,0.0,0.0,14.3,100.0,0.5,1.1
2026-08-31T01:40,189.2,0.0,1019.5,0.0,0.0,14.3,100.0,1.3,2.2
2026-08-31T01:50,136.2,0.0,1019.5,0.0,0.0,14.0,100.0,0.7,1.4
2026-08-31T02:00,165.3,0.0,1019.6,0.0,0.0,13.8,100.0,1.1,2.4
2026-08-31T02:10,180.7,0.0,1019.6,0.0,0.0,13.9,100.0,1.4,2.3
2026-08-31T02:20,132.5,0.0,1019.6,0.0,0.0,13.8,100.0,0.5,1.1
2026-08-31T02:30,158.6,0.0,1019.7,0.0,0.0,13.5,100.0,0.6,1.0
2026-08-31T02:40,129.7,0.0,1019.7,0.0,0.0,13.5,100.0,0.2,0.9
2026-08-31T02:50,182.3,0.0,1019.7,0.0,0.0,13.5,100.0,0.6,1.4
2026-08-31T03:00,176.4,0.0,1019.8,0.0,0.0,13.5,100.0,1.1,2.0
2026-08-31T03:10,146.2,0.0,1020.0,0.0,0.0,13.1,100.0,0.6,1.6
2026-08-31T03:20,139.5,0.0,1020.1,0.0,0.0,12.9,100.0,0.5,1.0
2026-08-31T03:30,139.4,0.0,1020.1,0.0,0.0,12.8,100.0,0.8,1.4
2026-08-31T03:40,177.8,0.0,1020.2,0.0,0.0,12.7,100.0,0.9,1.9
2026-08-31T03:50,173.8,0.0,1020.2,0.0,0.0,12.7,100.0,1.0,2.1
2026-08-31T04:00,159.0,0.0,1020.2,0.0,0.0,12.7,100.0,1.1,2.1
2026-08-31T04:10,160.9,0.0,1020.3,0.0,0.0,12.6,100.0,1.3,2.8
2026-08-31T04:20,143.9,0.0,1020.3,0.0,0.0,12.5,100.0,0.6,1.1
2026-08-31T04:30,139.2,0.0,1020.4,0.0,0.0,12.4,100.0,0.8,1.5
2026-08-31T04:40,177.2,0.0,1020.4,0.0,0.0,12.3,100.0,0.3,1.7
2026-08-31T04:50,139.8,0.0,1020.4,0.0,0.0,12.4,100.0,0.9,1.5
2026-08-31T05:00,152.0,0.0,1020.6,0.0,0.0,12.3,100.0,1.0,1.7
2026-08-31T05:10,161.7,0.0,1020.5,0.0,0.0,12.3,100.0,0.8,1.1
2026-08-31T05:20,156.6,0.0,1020.3,0.0,0.0,12.2,100.0,0.8,1.3
2026-08-31T05:30,133.6,0.0,1020.2,0.0,0.0,12.3,100.0,0.5,1.4
2026-08-31T05:40,112.0,0.0,1020.2,0.0,0.0,12.3,100.0,0.5,1.1
2026-08-31T05:50,176.1,0.0,1020.2,0.0,0.0,12.3,100.0,0.7,1.5
2026-08-31T06:00,146.7,0.0,1020.2,0.0,0.0,12.4,100.0,0.4,1.2
2026-08-31T06:10,187.3,0.0,1020.2,0.0,0.0,12.3,100.0,0.9,1.7
2026-08-31T06:20,115.5,0.0,1020.3,0.0,0.0,12.2,100.0,0.5,1.0
2026-08-31T06:30,144.8,0.0,1020.6,0.0,0.0,12.0,100.0,0.9,1.3
2026-08-31T06:40,168.8,0.0,1020.6,0.9,0.0,11.9,100.0,0.8,1.7
2026-08-31T06:50,158.1,0.0,1020.4,5.0,0.0,11.9,100.0,0.8,1.7
2026-08-31T07:00,182.4,0.0,1020.4,10.9,0.0,12.0,100.0,0.8,2.4
2026-08-31T07:10,160.7,0.0,1020.4,15.8,0.0,12.0,100.0,0.8,1.9
2026-08-31T07:20,191.4,0.0,1020.3,21.0,0.0,12.1,100.0,1.0,1.8
2026-08-31T07:30,294.4,0.0,1020.1,25.2,0.0,12.5,100.0,0.8,2.1
2026-08-31T07:40,340.8,0.0,1020.3,30.0,0.0,12.5,100.0,1.1,2.0
2026-08-31T08:00,145.8,0.0,1020.5,38.3,0.0,12.2,100.0,0.4,0.9
2026-08-31T08:20,159.3,0.0,1020.5,50.1,0.0,12.3,100.0,0.7,1.0
2026-08-31T08:30,138.6,0.0,1020.4,55.9,0.0,12.2,100.0,0.8,1.2
2026-08-31T08:50,140.6,0.0,1019.5,326.5,600.0,13.6,100.0,1.0,1.6
2026-08-31T09:00,142.2,0.0,1019.0,325.8,598.0,14.6,98.1,1.1,1.5
2026-08-31T09:10,151.4,0.0,1018.8,369.9,599.0,15.0,96.1,1.3,1.7
2026-08-31T09:20,144.0,0.0,1018.4,419.6,600.0,15.8,92.9,1.4,2.1
2026-08-31T09:40,134.9,0.0,1017.5,476.9,600.0,17.4,88.0,0.8,1.5
2026-08-31T09:50,149.0,0.0,1017.0,506.5,600.0,18.3,84.0,0.4,1.4
2026-08-31T10:00,37.8,0.0,1016.7,541.7,597.0,18.8,83.4,0.6,1.9
2026-08-31T10:20,50.1,0.0,1015.8,599.7,600.0,20.3,77.6,0.6,1.4
2026-08-31T10:30,24.0,0.0,1015.6,633.5,597.0,20.6,76.4,0.9,2.1
2026-08-31T10:40,27.0,0.0,1015.5,667.2,600.0,20.9,75.0,1.1,2.6
2026-08-31T10:50,49.8,0.0,1015.3,698.0,600.0,21.3,73.9,0.7,2.5
2026-08-31T11:00,12.1,0.0,1015.0,729.6,600.0,21.7,71.9,1.3,2.7
2026-08-31T11:10,10.6,0.0,1014.5,666.0,600.0,22.4,67.7,1.4,3.3
2026-08-31T11:30,355.4,0.0,1014.4,795.6,600.0,22.4,68.4,2.5,4.4
2026-08-31T11:50,9.6,0.0,1013.9,828.0,600.0,23.1,64.1,1.3,2.8
2026-08-31T12:00,1.9,0.0,1013.6,883.6,600.0,23.5,61.2,1.7,3.8
2026-08-31T12:10,356.2,0.0,1013.4,903.2,600.0,23.9,60.2,2.7,5.0
2026-08-31T12:20,355.6,0.0,1013.3,891.7,600.0,23.9,61.2,3.3,6.0
2026-08-31T12:40,350.1,0.0,1014.1,439.5,280.0,22.2,66.4,2.9,5.4
2026-08-31T12:50,350.7,0.0,1013.6,861.5,573.0,23.1,64.5,3.0,5.7
2026-08-31T13:00,352.9,0.0,1013.4,651.1,428.0,23.0,63.8,2.0,4.2
2026-08-31T13:10,347.2,0.0,1012.9,880.2,600.0,23.6,59.7,1.9,3.0
2026-08-31T13:20,355.4,0.0,1012.6,888.4,597.0,24.2,58.3,2.1,3.9
2026-08-31T13:30,0.0,0.0,1012.4,896.6,600.0,24.6,56.1,1.8,3.3
2026-08-31T13:50,358.9,0.0,1011.8,690.5,540.0,25.0,56.1,2.6,4.3
2026-08-31T14:10,346.1,0.0,1012.7,169.7,0.0,23.0,60.5,2.6,4.6
2026-08-31T14:20,345.5,0.0,1012.8,163.5,0.0,22.7,62.7,2.0,4.0
2026-08-31T14:30,12.7,0.0,1012.7,200.1,28.0,22.8,63.8,1.8,3.2
2026-08-31T14:40,20.6,0.0,1012.8,150.4,0.0,22.7,64.6,1.2,2.1
2026-08-31T14:50,7.0,0.0,1012.9,171.0,0.0,22.5,65.6,0.9,2.0
2026-08-31T15:00,7.7,0.0,1012.9,154.6,0.0,22.5,65.8,1.1,1.7
2026-08-31T15:10,10.9,0.0,1012.6,523.3,509.0,22.9,66.1,0.9,2.1
2026-08-31T15:20,73.5,0.0,1012.1,372.7,263.0,23.8,60.2,0.7,1.7
2026-08-31T15:30,227.9,0.0,1012.4,126.7,0.0,23.1,63.8,0.6,1.7
2026-08-31T15:40,167.0,0.0,1012.5,323.0,167.0,22.7,69.4,2.0,3.4
2026-08-31T15:50,158.0,0.0,1012.1,450.1,365.0,23.2,66.8,2.7,3.6
2026-08-31T16:10,182.4,0.0,1011.2,619.4,600.0,24.5,62.9,1.4,2.1
2026-08-31T16:20,162.2,0.0,1011.1,595.0,600.0,24.8,57.5,2.5,4.0
2026-08-31T16:30,158.0,0.0,1011.1,571.4,600.0,25.0,56.9,2.6,4.2
2026-08-31T16:40,157.2,0.0,1011.1,418.6,491.0,24.9,56.9,2.7,4.2
2026-08-31T16:50,166.9,0.0,1011.6,158.5,121.0,23.9,58.2,3.3,4.5
2026-08-31T17:00,188.3,0.0,1011.7,177.6,188.0,23.2,62.0,2.3,4.0
2026-08-31T17:10,194.8,0.0,1011.4,255.1,246.0,23.5,59.7,2.1,2.9
2026-08-31T17:20,180.3,0.0,1011.4,162.8,223.0,23.1,62.3,1.7,3.3
2026-08-31T17:30,168.3,0.0,1011.3,253.7,396.0,23.3,65.4,1.8,3.1
2026-08-31T17:40,175.0,0.0,1011.4,177.4,128.0,22.9,68.0,1.8,2.8
2026-08-31T17:50,168.8,0.0,1011.5,150.7,6.0,22.6,69.8,2.4,3.4
2026-08-31T18:00,169.9,0.0,1011.4,191.8,285.0,22.2,71.8,2.5,3.7
2026-08-31T18:10,164.7,0.0,1011.6,209.0,455.0,22.4,71.4,2.2,4.5
2026-08-31T18:20,174.3,0.0,1011.8,96.7,114.0,22.1,72.6,1.9,3.4
2026-08-31T18:30,177.5,0.0,1011.7,83.8,0.0,21.8,73.5,2.0,4.1
2026-08-31T18:40,183.8,0.0,1011.8,99.9,0.0,21.7,72.3,2.1,3.1
2026-08-31T18:50,195.9,0.0,1011.6,65.3,0.0,22.2,65.1,1.8,3.3
2026-08-31T19:00,198.6,0.0,1011.5,14.6,0.0,22.5,61.1,1.4,4.7
2026-08-31T19:10,184.2,0.0,1011.7,13.6,0.0,21.5,67.9,1.2,3.0
2026-08-31T19:20,170.1,0.0,1011.9,7.3,0.0,20.8,73.4,1.4,2.9
2026-08-31T19:30,125.9,0.0,1012.0,2.7,0.0,21.3,67.9,0.7,2.1
2026-08-31T19:40,273.9,0.0,1012.3,0.2,0.0,21.1,68.0,0.3,3.5
2026-08-31T19:50,174.2,0.0,1012.6,0.0,0.0,20.8,71.8,1.2,4.2
2026-08-31T20:00,337.6,0.2,1013.1,0.0,0.0,20.9,69.7,2.0,6.6
2026-08-31T20:10,344.2,0.8,1014.9,0.0,0.0,18.9,74.7,3.3,8.9
2026-08-31T20:20,335.2,3.0,1017.3,0.1,0.0,16.1,85.3,5.0,10.7
2026-08-31T20:30,346.4,0.5,1019.5,0.0,0.0,13.7,92.7,1.8,5.1
2026-08-31T20:40,310.6,0.1,1020.2,0.0,0.0,12.9,99.6,0.7,2.9
2026-08-31T20:50,280.5,0.1,1021.0,0.0,0.0,12.3,100.0,1.4,3.2
2026-08-31T21:00,338.6,0.3,1021.0,0.0,0.0,12.4,100.0,1.4,3.8
2026-08-31T21:10,338.0,0.3,1021.5,0.0,0.0,12.1,100.0,1.7,4.0
2026-08-31T21:20,171.9,0.5,1021.7,0.0,0.0,12.0,100.0,2.1,3.3
2026-08-31T21:30,193.4,0.3,1022.0,0.0,0.0,12.0,100.0,1.5,2.3
2026-08-31T21:40,180.5,0.1,1022.0,0.0,0.0,12.1,100.0,1.1,2.3
2026-08-31T21:50,138.5,0.2,1021.8,0.0,0.0,12.1,100.0,0.6,1.7
2026-08-31T22:00,88.7,0.1,1021.6,0.0,0.0,12.2,100.0,0.5,0.9
2026-08-31T22:10,36.0,0.0,1022.1,0.0,0.0,12.2,99.9,0.5,1.1
2026-08-31T22:20,182.7,0.4,1022.3,0.0,0.0,12.1,99.9,1.0,2.6
2026-08-31T22:30,182.6,0.0,1022.7,0.0,0.0,12.0,99.9,2.3,3.4
2026-08-31T22:40,169.1,0.0,1022.8,0.0,0.0,12.1,99.9,2.3,4.1
2026-08-31T22:50,168.3,0.0,1022.8,0.0,0.0,12.1,99.9,2.1,4.0
2026-08-31T23:00,124.8,0.0,1023.1,0.0,0.0,12.1,99.9,0.5,1.8
2026-08-31T23:10,276.4,0.0,1023.0,0.0,0.0,12.1,99.9,0.8,2.4
2026-08-31T23:20,264.5,0.0,1023.1,0.0,0.0,12.0,100.0,1.2,1.7
2026-08-31T23:30,197.1,0.0,1023.2,0.0,0.0,11.8,100.0,0.6,1.6
2026-08-31T23:40,252.2,0.0,1023.2,0.0,0.0,11.8,99.9,0.6,1.8
2026-08-31T23:50,95.7,0.0,1023.4,0.0,0.0,11.4,99.9,0.2,1.1
2026-09-01T00:00,329.3,0.0,1023.6,0.0,0.0,11.4,99.9,0.3,0.6
2026-09-01T00:10,182.3,0.0,1023.5,0.0,0.0,11.5,99.9,0.2,0.7
2026-09-01T00:20,187.5,0.0,1023.7,0.0,0.0,11.1,99.9,0.6,1.2
2026-09-01T00:30,249.9,0.0,1023.9,0.0,0.0,10.9,99.9,0.3,1.3
2026-09-01T00:40,219.4,0.0,1023.8,0.0,0.0,11.2,99.9,0.5,1.5
2026-09-01T00:50,208.3,0.0,1023.9,0.0,0.0,11.3,99.9,1.2,2.0
2026-09-01T01:10,167.9,0.0,1023.9,0.0,0.0,11.4,99.9,0.8,1.1
2026-09-01T01:20,180.0,0.0,1024.0,0.0,0.0,11.3,99.9,1.6,2.7
2026-09-01T01:30,187.5,0.1,1024.3,0.0,0.0,10.9,99.9,1.3,1.9
2026-09-01T01:40,148.4,0.0,1024.5,0.0,0.0,10.7,99.9,0.5,1.0
2026-09-01T01:50,157.5,0.0,1024.7,0.0,0.0,10.6,99.9,0.9,1.9
2026-09-01T02:00,276.1,0.0,1024.8,0.0,0.0,10.4,99.9,0.2,0.7
2026-09-01T02:10,172.2,0.0,1024.8,0.0,0.0,10.4,99.9,0.6,1.3
2026-09-01T02:20,179.3,0.0,1024.7,0.0,0.0,10.6,99.9,0.6,1.1
2026-09-01T02:30,187.6,0.0,1024.7,0.0,0.0,10.7,99.9,0.4,1.1
2026-09-01T02:40,162.4,0.0,1024.8,0.0,0.0,10.8,99.9,0.3,0.9
2026-09-01T02:50,162.3,0.0,1025.2,0.0,0.0,10.4,99.9,0.1,1.3
2026-09-01T03:00,267.7,0.0,1025.2,0.0,0.0,10.4,99.9,0.7,1.3
2026-09-01T03:10,163.9,0.0,1025.3,0.0,0.0,10.3,99.9,0.7,1.1
2026-09-01T03:20,275.7,0.0,1025.4,0.0,0.0,10.1,99.9,0.4,1.1
2026-09-01T03:30,100.4,0.0,1025.6,0.0,0.0,9.9,99.9,0.5,1.2
2026-09-01T03:40,39.5,0.0,1025.7,0.0,0.0,9.8,99.9,0.2,0.8
2026-09-01T03:50,247.5,0.0,1025.7,0.0,0.0,9.7,99.9,0.3,2.1
2026-09-01T04:00,146.6,0.0,1025.8,0.0,0.0,9.6,99.9,0.5,0.9
2026-09-01T04:10,300.7,0.0,1025.6,0.0,0.0,9.9,99.9,0.5,0.9
2026-09-01T04:20,165.1,0.0,1025.7,0.0,0.0,9.8,99.9,0.7,1.1
2026-09-01T04:30,152.4,0.0,1025.7,0.0,0.0,10.0,99.9,0.6,1.0
2026-09-01T04:40,111.9,0.0,1025.7,0.0,0.0,9.8,99.9,0.5,0.7
2026-09-01T04:50,103.9,0.0,1025.8,0.0,0.0,9.7,99.9,0.7,1.5
2026-09-01T05:00,135.8,0.0,1025.8,0.0,0.0,9.7,99.9,0.6,1.1
2026-09-01T05:10,173.1,0.0,1025.5,0.0,0.0,10.2,99.9,0.9,1.8
2026-09-01T05:20,169.7,0.0,1025.4,0.0,0.0,9.9,100.0,1.1,2.1
2026-09-01T05:30,162.7,0.0,1025.5,0.0,0.0,10.0,100.0,0.8,1.5
2026-09-01T05:40,181.3,0.0,1025.3,0.0,0.0,10.1,99.9,0.9,1.4
2026-09-01T05:50,258.0,0.0,1025.3,0.0,0.0,10.1,99.9,0.8,1.4
2026-09-01T06:00,198.4,0.0,1025.3,0.0,0.0,10.1,100.0,0.6,1.3
2026-09-01T06:10,198.2,0.0,1025.3,0.0,0.0,10.1,100.0,0.9,1.4
2026-09-01T06:20,196.9,0.0,1025.5,0.0,0.0,10.0,99.9,0.6,1.1
2026-09-01T06:30,192.1,0.0,1025.7,0.0,0.0,10.0,100.0,0.7,1.3
2026-09-01T06:40,165.8,0.0,1025.9,0.0,0.0,9.6,99.9,1.0,1.5
2026-09-01T06:50,172.4,0.0,1026.1,1.4,0.0,9.7,100.0,1.2,2.4
2026-09-01T07:00,172.0,0.0,1026.1,4.9,0.0,9.6,99.9,2.3,3.3
2026-09-01T07:10,170.1,0.0,1026.2,8.9,0.0,9.4,100.0,1.6,3.0
2026-09-01T07:20,185.2,0.0,1026.3,11.5,0.0,9.4,99.9,1.5,2.4
2026-09-01T07:30,184.3,0.0,1026.4,16.2,0.0,9.4,100.0,1.3,2.2
2026-09-01T07:40,178.9,0.0,1026.5,17.3,0.0,9.3,100.0,1.1,1.3
2026-09-01T07:50,182.7,0.0,1026.6,24.4,0.0,9.3,100.0,1.5,2.3
2026-09-01T08:00,165.6,0.0,1026.8,34.5,0.0,9.1,100.0,1.2,2.3
2026-09-01T08:10,162.0,0.0,1026.8,61.7,0.0,9.2,100.0,0.4,0.6
2026-09-01T08:20,132.8,0.0,1026.7,94.0,0.0,9.4,99.9,0.8,1.4
2026-09-01T08:30,129.9,0.0,1026.5,158.1,0.0,9.5,99.9,0.8,1.5
2026-09-01T08:40,113.2,0.0,1026.6,172.9,0.0,9.6,99.9,0.7,1.3
2026-09-01T08:50,136.3,0.0,1026.5,186.2,90.0,9.7,99.9,0.8,1.5
2026-09-01T09:00,99.2,0.0,1026.3,301.9,600.0,9.9,99.9,0.7,1.5
2026-09-01T09:10,58.5,0.0,1025.7,423.4,600.0,10.8,99.9,0.5,1.2
2026-09-01T09:20,34.4,0.0,1025.4,518.4,600.0,11.2,100.0,0.9,1.8
2026-09-01T09:30,15.4,0.0,1025.1,580.1,599.0,11.5,100.0,0.9,2.0
2026-09-01T09:40,5.1,0.0,1024.9,540.4,600.0,12.0,100.0,1.0,1.9
2026-09-01T09:50,125.9,0.0,1024.5,551.0,597.0,12.6,100.0,1.1,2.1
2026-09-11T00:00,2.1,0.0,1018.7,0.0,0.0,11.4,98.3,0.4,1.2
2026-09-11T00:05,,0.0,,,,,,,
2026-09-11T00:10,20.0,0.0,1018.8,0.0,0.0,11.3,99.1,0.5,1.2
2026-09-11T00:15,,0.0,,,,,,,
2026-09-11T00:20,20.0,0.0,1018.7,0.0,0.0,11.3,99.2,0.8,1.4
2026-09-11T00:25,,0.0,,,,,,,
2026-09-11T00:30,10.7,0.0,1018.8,0.0,0.0,11.3,99.3,0.9,1.2
2026-09-11T00:35,,0.0,,,,,,,
2026-09-11T00:40,34.3,0.0,1018.9,0.0,0.0,11.2,99.2,0.5,0.9
2026-09-11T00:45,,0.0,,,,,,,
2026-09-11T00:50,97.7,0.0,1018.9,0.0,0.0,11.2,99.2,0.4,0.8
2026-09-11T00:55,,0.0,,,,,,,
2026-09-11T01:00,15.6,0.0,1018.9,0.0,0.0,11.1,99.0,0.1,0.5
2026-09-11T01:05,,0.0,,,,,,,
2026-09-11T01:10,106.6,0.0,1018.9,0.0,0.0,11.2,98.5,0.3,0.7
2026-09-11T01:15,,0.0,,,,,,,
2026-09-11T01:20,44.8,0.0,1018.8,0.0,0.0,11.2,98.5,0.4,0.8
2026-09-11T01:25,,0.0,,,,,,,
2026-09-11T01:30,12.8,0.0,1018.7,0.0,0.0,11.2,98.4,0.8,1.3
2026-09-11T01:35,,0.0,,,,,,,
2026-09-11T01:40,18.7,0.0,1018.6,0.0,0.0,11.0,98.3,0.9,1.3
2026-09-11T01:45,,0.0,,,,,,,
2026-09-11T01:50,13.1,0.0,1018.8,0.0,0.0,10.9,98.0,0.7,1.3
2026-09-11T01:55,,0.0,,,,,,,
2026-09-11T02:00,12.4,0.0,1018.8,0.0,0.0,10.9,98.2,1.0,1.8
2026-09-11T02:05,,0.0,,,,,,,
2026-09-11T02:10,357.9,0.0,1018.8,0.0,0.0,10.7,98.3,1.1,1.8
2026-09-11T02:15,,0.0,,,,,,,
2026-09-11T02:20,69.5,0.0,1018.6,0.0,0.0,10.8,98.3,0.6,1.0
2026-09-11T02:25,,0.0,,,,,,,
2026-09-11T02:30,24.3,0.0,1018.6,0.0,0.0,10.7,98.8,0.7,1.2
2026-09-11T02:35,,0.0,,,,,,,
2026-09-11T02:40,209.1,0.0,1018.6,0.0,0.0,10.7,98.7,0.1,0.6
2026-09-11T02:45,,0.0,,,,,,,
2026-09-11T02:50,133.1,0.0,1018.7,0.0,0.0,10.6,98.6,0.3,0.8
2026-09-11T02:55,,0.0,,,,,,,
2026-09-11T03:00,149.0,0.0,1018.7,0.0,0.0,10.5,99.1,0.5,0.6
2026-09-11T03:05,,0.0,,,,,,,
2026-09-11T03:10,51.9,0.0,1018.7,0.0,0.0,10.5,99.2,0.3,0.7
2026-09-11T03:15,,0.0,,,,,,,
2026-09-11T03:20,6.2,0.0,1018.7,0.0,0.0,10.5,99.1,0.3,0.8
2026-09-11T03:25,,0.0,,,,,,,
2026-09-11T03:30,343.1,0.0,1018.7,0.0,0.0,10.6,99.0,0.4,0.9
2026-09-11T03:35,,0.0,,,,,,,
2026-09-11T03:40,41.5,0.0,1018.5,0.0,0.0,10.5,98.9,0.3,1.1
2026-09-11T03:45,,0.0,,,,,,,
2026-09-11T03:50,299.6,0.0,1018.4,0.0,0.0,10.4,99.3,0.3,0.5
2026-09-11T03:55,,0.0,,,,,,,
2026-09-11T04:00,349.5,0.0,1018.4,0.0,0.0,10.3,99.3,0.3,0.8
2026-09-11T04:05,,0.0,,,,,,,
2026-09-11T04:10,302.1,0.0,1018.4,0.0,0.0,10.2,99.0,1.0,1.4
2026-09-11T04:15,,0.0,,,,,,,
2026-09-11T04:20,352.8,0.0,1018.2,0.0,0.0,10.2,98.6,0.6,1.3
2026-09-11T04:25,,0.0,,,,,,,
2026-09-11T04:30,219.0,0.0,1018.2,0.0,0.0,10.1,99.2,0.1,0.5
2026-09-11T04:35,,0.0,,,,,,,
2026-09-11T04:40,31.0,0.0,1018.3,0.0,0.0,10.2,99.6,0.4,0.8
2026-09-11T04:45,,0.0,,,,,,,
2026-09-11T04:50,15.1,0.0,1018.3,0.0,0.0,10.3,99.7,0.8,1.1
2026-09-11T04:55,,0.0,,,,,,,
2026-09-11T05:00,327.5,0.0,1018.4,0.0,0.0,10.3,99.8,0.8,1.3
2026-09-11T05:05,,0.0,,,,,,,
2026-09-11T05:10,296.7,0.0,1018.6,0.0,0.0,10.2,99.0,0.8,1.5
2026-09-11T05:15,,0.0,,,,,,,
2026-09-11T05:20,31.5,0.0,1018.5,0.0,0.0,10.4,98.3,0.6,1.4
2026-09-11T05:25,,0.0,,,,,,,
2026-09-11T05:30,32.3,0.0,1018.4,0.0,0.0,10.4,98.9,0.7,1.2
2026-09-11T05:35,,0.0,,,,,,,
2026-09-11T05:40,17.8,0.0,1018.6,0.0,0.0,10.4,98.6,0.5,0.8
2026-09-11T05:45,,0.0,,,,,,,
2026-09-11T05:50,25.3,0.0,1018.7,0.0,0.0,10.3,98.2,0.7,1.0
2026-09-11T05:55,,0.0,,,,,,,
2026-09-11T06:00,35.5,0.0,1018.8,0.0,0.0,10.3,97.7,0.6,0.9
2026-09-11T06:05,,0.0,,,,,,,
2026-09-11T06:10,17.1,0.0,1018.8,0.0,0.0,10.3,97.6,0.7,1.0
2026-09-11T06:15,,0.0,,,,,,,
2026-09-11T06:20,78.7,0.0,1018.8,0.0,0.0,10.4,98.2,0.3,0.7
2026-09-11T06:25,,0.0,,,,,,,
2026-09-11T06:30,13.2,0.0,1019.0,0.0,0.0,10.3,98.5,0.6,1.0
2026-09-11T06:35,,0.0,,,,,,,
2026-09-11T06:40,173.9,0.0,1019.0,0.0,0.0,10.3,97.6,0.0,0.9
2026-09-11T06:45,,0.0,,,,,,,
2026-09-11T06:50,162.5,0.0,1019.2,0.0,0.0,10.3,98.1,0.5,0.9
2026-09-11T06:55,,0.0,,,,,,,
2026-09-11T07:00,134.6,0.0,1019.2,0.1,0.0,10.3,98.4,0.4,0.7
2026-09-11T07:05,,0.0,,,,,,,
2026-09-11T07:10,150.2,0.0,1019.2,3.0,0.0,10.3,98.6,0.2,1.0
2026-09-11T07:15,,0.0,,,,,,,
2026-09-11T07:20,27.6,0.0,1019.3,4.0,0.0,10.4,98.3,0.6,1.0
2026-09-11T07:25,,0.0,,,,,,,
2026-09-11T07:30,314.3,0.0,1019.4,5.5,0.0,10.4,98.3,0.6,1.1
2026-09-11T07:35,,0.0,,,,,,,
2026-09-11T07:40,20.6,0.0,1019.4,10.6,0.0,10.5,97.8,0.6,1.1
2026-09-11T07:45,,0.0,,,,,,,
2026-09-11T07:50,348.9,0.0,1019.7,25.0,0.0,10.5,97.2,0.7,1.0
2026-09-11T07:55,,0.0,,,,,,,
2026-09-11T08:00,108.0,0.0,1019.8,42.8,0.0,10.5,97.3,0.5,1.0
2026-09-11T08:05,,0.0,,,,,,,
2026-09-11T08:10,37.4,0.0,1019.9,63.6,0.0,10.6,97.9,0.3,0.9
2026-09-11T08:15,,0.0,,,,,,,
2026-09-11T08:20,2.9,0.0,1019.9,73.5,0.0,10.7,97.6,1.0,2.0
2026-09-11T08:25,,0.0,,,,,,,
2026-09-11T08:30,56.4,0.0,1019.9,91.2,0.0,10.8,97.1,0.1,1.1
2026-09-11T08:35,,0.0,,,,,,,
2026-09-11T08:40,134.1,0.0,1019.9,115.1,0.0,10.9,97.5,0.7,1.0
2026-09-11T08:45,,0.0,,,,,,,
2026-09-11T08:50,152.3,0.0,1019.8,134.8,0.0,11.1,96.8,0.7,1.2
2026-09-11T08:55,,0.0,,,,,,,
2026-09-11T09:00,169.1,0.0,1019.6,160.8,0.0,11.3,95.8,0.5,1.2
2026-09-11T09:05,,0.0,,,,,,,
2026-09-11T09:10,80.4,0.0,1019.5,210.6,207.0,11.4,93.4,0.6,1.2
2026-09-11T09:15,,0.0,,,,,,,
2026-09-11T09:20,45.7,0.0,1019.4,299.3,600.0,11.7,93.7,1.0,1.8
2026-09-11T09:25,,0.0,,,,,,,
2026-09-11T09:30,88.0,0.0,1019.0,551.4,600.0,12.4,91.1,0.4,1.2
2026-09-11T09:35,,0.0,,,,,,,
2026-09-11T09:40,132.6,0.0,1018.7,403.4,600.0,13.0,87.8,1.2,1.9
2026-09-11T09:45,,0.0,,,,,,,
2026-09-11T09:50,178.6,0.0,1018.6,498.3,599.0,13.4,85.4,0.7,1.8
2026-09-11T09:55,,0.0,,,,,,,
2026-09-11T10:00,29.5,0.0,1018.5,416.7,583.0,13.6,79.4,0.2,1.6
2026-09-11T10:05,,0.0,,,,,,,
2026-09-11T10:10,88.4,0.0,1018.5,548.5,600.0,13.6,84.2,0.8,1.6
2026-09-11T10:15,,0.0,,,,,,,
2026-09-11T10:20,69.4,0.0,1018.2,586.3,600.0,14.0,79.1,0.6,1.4
2026-09-11T10:25,,0.0,,,,,,,
2026-09-11T10:30,100.5,0.0,1017.8,607.8,599.0,14.7,78.2,0.5,1.3
2026-09-11T10:35,,0.0,,,,,,,
2026-09-11T10:40,113.3,0.0,1017.6,639.1,600.0,15.2,78.2,0.9,2.3
2026-09-11T10:45,,0.0,,,,,,,
2026-09-11T10:50,83.3,0.0,1017.7,670.0,600.0,15.0,76.4,1.0,1.8
2026-09-11T10:55,,0.0,,,,,,,
2026-09-11T11:00,75.2,0.0,1017.2,702.4,599.0,15.9,76.7,0.4,1.9
2026-09-11T11:05,,0.0,,,,,,,
2026-09-11T11:10,136.6,0.0,1017.1,721.5,600.0,16.0,74.8,1.3,2.3
2026-09-11T11:15,,0.0,,,,,,,
2026-09-11T11:20,146.5,0.0,1017.1,672.7,600.0,15.8,71.2,0.9,1.6
2026-09-11T11:25,,0.0,,,,,,,
2026-09-11T11:30,18.1,0.0,1016.9,679.8,600.0,16.4,70.3,1.0,2.4
2026-09-11T11:35,,0.0,,,,,,,
2026-09-11T11:40,20.6,0.0,1016.7,763.7,600.0,16.7,69.1,1.0,2.0
2026-09-11T11:45,,0.0,,,,,,,
2026-09-11T11:50,43.6,0.0,1016.5,787.9,599.0,17.1,65.4,0.1,1.9
2026-09-11T11:55,,0.0,,,,,,,
2026-09-11T12:00,7.3,0.0,1016.5,724.2,480.0,17.2,60.6,0.7,1.8
2026-09-11T12:05,,0.0,,,,,,,
2026-09-11T12:10,146.1,0.0,1016.4,925.0,600.0,17.3,59.3,0.0,1.5
2026-09-11T12:15,,0.0,,,,,,,
2026-09-11T12:20,5.5,0.0,1016.1,555.7,395.0,17.7,56.0,0.5,1.8
2026-09-11T12:25,,0.0,,,,,,,
2026-09-11T12:30,358.7,0.0,1016.3,397.5,235.0,17.4,55.3,1.6,2.7
2026-09-11T12:35,,0.0,,,,,,,
2026-09-11T12:40,346.8,0.0,1016.4,655.0,600.0,17.5,58.1,1.2,2.6
2026-09-11T12:45,,0.0,,,,,,,
2026-09-11T12:50,358.6,0.0,1016.1,684.5,365.0,18.1,55.9,1.9,4.6
2026-09-11T12:55,,0.0,,,,,,,
2026-09-11T13:00,353.0,0.0,1016.6,224.0,0.0,17.4,58.6,2.8,4.8
2026-09-11T13:05,,0.0,,,,,,,
2026-09-11T13:10,346.7,0.0,1017.0,156.0,0.0,16.7,64.7,2.1,5.2
2026-09-11T13:15,,0.0,,,,,,,
2026-09-11T13:20,1.5,0.0,1017.1,171.0,0.0,16.6,63.7,0.9,2.4
2026-09-11T13:25,,0.0,,,,,,,
2026-09-11T13:30,335.3,0.0,1017.2,211.5,0.0,16.5,63.9,1.4,2.7
2026-09-11T13:35,,0.0,,,,,,,
2026-09-11T13:40,342.0,0.0,1016.8,767.2,549.0,17.2,63.8,1.1,2.6
2026-09-11T13:45,,0.0,,,,,,,
2026-09-11T13:50,140.9,0.0,1016.4,855.1,600.0,18.1,59.5,1.4,2.5
2026-09-11T13:55,,0.0,,,,,,,
2026-09-11T14:00,18.7,0.0,1016.4,369.7,598.0,18.1,54.9,0.8,1.9
2026-09-11T14:05,,0.0,,,,,,,
2026-09-11T14:10,15.8,0.0,1016.2,575.0,600.0,18.5,54.8,1.1,2.2
2026-09-11T14:15,,0.0,,,,,,,
2026-09-11T14:20,59.2,0.0,1016.1,623.5,600.0,18.8,52.3,0.7,2.3
2026-09-11T14:25,,0.0,,,,,,,
2026-09-11T14:30,135.2,0.0,1016.2,403.6,274.0,18.8,51.3,0.2,2.3
2026-09-11T14:35,,0.0,,,,,,,
2026-09-11T14:40,334.4,0.0,1016.5,681.5,493.0,18.4,51.9,0.6,1.9
2026-09-11T14:45,,0.0,,,,,,,
2026-09-11T14:50,341.4,0.0,1016.2,394.0,267.0,18.8,52.2,1.6,3.5
2026-09-11T14:55,,0.0,,,,,,,
2026-09-11T15:00,347.6,0.0,1016.3,798.6,599.0,18.6,51.1,1.9,3.4
2026-09-11T15:05,,0.0,,,,,,,
2026-09-11T15:10,331.8,0.0,1016.2,432.6,440.0,18.6,50.4,1.8,3.1
2026-09-11T15:15,,0.0,,,,,,,
2026-09-11T15:20,310.9,0.0,1016.4,526.3,599.0,18.4,50.8,1.6,3.6
2026-09-11T15:25,,0.0,,,,,,,
2026-09-11T15:30,334.6,0.0,1016.6,422.8,599.0,18.4,47.4,3.1,7.8
2026-09-11T15:35,,0.0,,,,,,,
2026-09-11T15:40,327.4,0.0,1016.7,562.3,600.0,18.5,46.3,2.3,4.4
2026-09-11T15:45,,0.0,,,,,,,
2026-09-11T15:50,336.8,0.0,1016.9,585.5,598.0,18.7,44.9,2.7,4.5
2026-09-11T15:55,,0.0,,,,,,,
2026-09-11T16:00,328.6,0.0,1016.9,509.1,600.0,18.7,45.4,1.8,3.8
2026-09-11T16:05,,0.0,,,,,,,
2026-09-11T16:10,343.4,0.0,1017.0,554.5,600.0,18.6,43.3,2.8,4.7
2026-09-11T16:15,,0.0,,,,,,,
2026-09-11T16:20,344.3,0.0,1017.1,368.3,600.0,18.4,43.9,2.6,4.3
2026-09-11T16:25,,0.0,,,,,,,
2026-09-11T16:30,342.6,0.0,1017.2,385.8,599.0,18.3,44.7,2.1,3.3
2026-09-11T16:35,,0.0,,,,,,,
2026-09-11T16:40,344.1,0.0,1017.4,270.9,600.0,18.1,45.1,2.2,3.3
2026-09-11T16:45,,0.0,,,,,,,
2026-09-11T16:50,336.6,0.0,1017.5,382.1,600.0,18.1,46.4,2.1,4.0
2026-09-11T16:55,,0.0,,,,,,,
2026-09-11T17:00,328.3,0.0,1017.6,494.3,599.0,18.3,45.5,2.2,4.5
2026-09-11T17:05,,0.0,,,,,,,
2026-09-11T17:10,335.7,0.0,1017.6,463.4,600.0,18.4,44.8,1.8,3.6
2026-09-11T17:15,,0.0,,,,,,,
2026-09-11T17:20,322.5,0.0,1017.6,421.1,600.0,18.3,49.0,1.6,2.5
2026-09-11T17:25,,0.0,,,,,,,
2026-09-11T17:30,300.6,0.0,1018.1,359.6,598.0,17.3,55.7,2.5,3.6
2026-09-11T17:35,,0.0,,,,,,,
2026-09-11T17:40,291.9,0.0,1018.6,320.3,600.0,16.6,59.5,3.1,4.1
2026-09-11T17:45,,0.0,,,,,,,
2026-09-11T17:50,284.7,0.0,1019.1,282.5,600.0,15.7,62.9,3.1,4.4
2026-09-11T17:55,,0.0,,,,,,,
2026-09-11T18:00,284.2,0.0,1019.4,249.9,600.0,15.2,64.1,2.9,4.4
2026-09-11T18:05,,0.0,,,,,,,
2026-09-11T18:10,283.8,0.0,1019.8,105.3,385.0,14.7,64.8,2.8,3.8
2026-09-11T18:15,,0.0,,,,,,,
2026-09-11T18:20,279.2,0.0,1020.1,34.5,0.0,14.4,65.3,2.1,2.9
2026-09-11T18:25,,0.0,,,,,,,
2026-09-11T18:30,282.7,0.0,1020.3,30.6,0.0,14.1,67.3,1.0,2.3
2026-09-11T18:35,,0.0,,,,,,,
2026-09-11T18:40,302.3,0.0,1020.5,24.3,0.0,13.9,67.6,0.6,1.7
2026-09-11T18:45,,0.0,,,,,,,
2026-09-11T18:50,285.6,0.0,1020.9,20.0,0.0,13.4,69.9,1.4,2.3
2026-09-11T18:55,,0.0,,,,,,,
2026-09-11T19:00,255.5,0.0,1021.1,16.1,0.0,13.2,70.0,0.9,2.7
2026-09-11T19:05,,0.0,,,,,,,
2026-09-11T19:10,276.1,0.0,1021.4,12.1,0.0,12.8,71.8,0.9,2.3
2026-09-11T19:15,,0.0,,,,,,,
2026-09-11T19:20,279.8,0.0,1022.0,8.4,0.0,11.9,77.4,0.9,2.2
2026-09-11T19:25,,0.0,,,,,,,
2026-09-11T19:30,294.3,0.0,1022.2,3.3,0.0,11.8,78.1,0.7,1.7
2026-09-11T19:35,,0.0,,,,,,,
2026-09-11T19:40,299.9,0.0,1022.7,0.1,0.0,11.5,78.9,1.1,2.4
2026-09-11T19:45,,0.0,,,,,,,
2026-09-11T19:50,279.8,0.0,1022.9,0.0,0.0,11.4,79.2,0.5,1.5
2026-09-11T19:55,,0.0,,,,,,,
2026-09-11T20:00,283.4,0.0,1023.4,0.0,0.0,11.1,81.4,0.4,1.7
2026-09-11T20:05,,0.0,,,,,,,
2026-09-11T20:10,197.2,0.0,1023.5,0.0,0.0,11.0,82.2,0.7,2.7
2026-09-11T20:15,,0.0,,,,,,,
2026-09-11T20:20,276.9,0.0,1024.0,0.0,0.0,10.7,82.3,1.0,1.7
2026-09-11T20:25,,0.0,,,,,,,
2026-09-11T20:30,223.2,0.0,1024.3,0.0,0.0,10.6,83.2,0.2,1.0
2026-09-11T20:35,,0.0,,,,,,,
2026-09-11T20:40,300.0,0.0,1024.7,0.0,0.0,10.1,84.3,0.2,0.9
2026-09-11T20:45,,0.0,,,,,,,
2026-09-11T20:50,294.5,0.0,1024.8,0.0,0.0,10.0,84.8,0.5,1.3
2026-09-11T20:55,,0.0,,,,,,,
2026-09-11T21:00,306.9,0.0,1025.3,0.0,0.0,9.7,86.1,0.3,0.9
2026-09-11T21:05,,0.0,,,,,,,
2026-09-11T21:10,277.3,0.0,1025.7,0.0,0.0,9.5,88.0,0.2,1.3
2026-09-11T21:15,,0.0,,,,,,,
2026-09-11T21:20,271.9,0.0,1025.8,0.0,0.0,9.5,88.0,0.2,1.1
2026-09-11T21:25,,0.0,,,,,,,
2026-09-11T21:30,175.6,0.0,1025.9,0.0,0.0,9.4,90.4,1.1,2.0
2026-09-11T21:35,,0.0,,,,,,,
2026-09-11T21:40,196.9,0.0,1026.0,0.0,0.0,9.4,88.8,0.8,1.6
2026-09-11T21:45,,0.0,,,,,,,
2026-09-11T21:50,83.5,0.0,1026.4,0.0,0.0,9.0,89.0,0.1,0.8
2026-09-11T21:55,,0.0,,,,,,,
2026-09-11T22:00,72.1,0.0,1026.4,0.0,0.0,9.1,87.9,0.1,0.9
2026-09-11T22:05,,0.0,,,,,,,
2026-09-11T22:10,130.6,0.0,1026.6,0.0,0.0,8.8,91.6,0.2,0.9
2026-09-11T22:15,,0.0,,,,,,,
2026-09-11T22:20,320.8,0.0,1026.8,0.0,0.0,8.8,89.7,0.1,0.8
2026-09-11T22:25,,0.0,,,,,,,
2026-09-11T22:30,167.5,0.0,1027.0,0.0,0.0,8.6,91.5,0.3,1.0
2026-09-11T22:35,,0.0,,,,,,,
2026-09-11T22:40,72.0,0.0,1027.3,0.0,0.0,8.5,93.9,0.2,0.7
2026-09-11T22:45,,0.0,,,,,,,
2026-09-11T22:50,177.7,0.0,1027.5,0.0,0.0,8.4,93.7,0.4,1.1
2026-09-11T22:55,,0.0,,,,,,,
2026-09-11T23:00,316.1,0.0,1027.8,0.0,0.0,8.0,91.2,0.4,1.4
2026-09-11T23:05,,0.0,,,,,,,
2026-09-11T23:10,180.5,0.0,1027.6,0.0,0.0,8.1,92.8,0.5,0.9
2026-09-11T23:15,,0.0,,,,,,,
2026-09-11T23:20,162.8,0.0,1027.8,0.0,0.0,8.0,91.8,0.4,1.1
2026-09-11T23:25,,0.0,,,,,,,
2026-09-11T23:30,229.7,0.0,1028.2,0.0,0.0,7.6,92.8,0.4,0.9
2026-09-11T23:35,,0.0,,,,,,,
2026-09-11T23:40,148.2,0.0,1028.4,0.0,0.0,7.3,95.0,0.6,1.0
2026-09-11T23:45,,0.0,,,,,,,
2026-09-11T23:50,145.4,0.0,1028.5,0.0,0.0,7.4,94.2,0.4,1.7
2026-09-11T23:55,,0.0,,,,,,,
2026-09-12T00:00,158.7,0.0,1028.6,0.0,0.0,7.4,95.8,0.6,1.2
2026-09-12T00:05,,0.0,,,,,,,
2026-09-12T00:10,165.8,0.0,1028.6,0.0,0.0,7.2,95.7,0.5,1.1
2026-09-12T00:15,,0.0,,,,,,,
2026-09-12T00:20,99.7,0.0,1028.9,0.0,0.0,7.0,95.9,0.2,0.9
2026-09-12T00:25,,0.0,,,,,,,
2026-09-12T00:30,198.7,0.0,1028.9,0.0,0.0,7.0,94.5,0.5,1.7
2026-09-12T00:35,,0.0,,,,,,,
2026-09-12T00:40,138.2,0.0,1029.1,0.0,0.0,7.0,95.2,0.4,0.7
2026-09-12T00:45,,0.0,,,,,,,
2026-09-12T00:50,156.0,0.0,1029.2,0.0,0.0,6.9,93.5,0.4,1.0
2026-09-12T00:55,,0.0,,,,,,,
2026-09-12T01:00,162.0,0.0,1029.3,0.0,0.0,6.7,96.0,0.5,1.3
2026-09-12T01:05,,0.0,,,,,,,
2026-09-12T01:10,97.6,0.0,1029.5,0.0,0.0,6.5,94.6,0.3,0.9
2026-09-12T01:15,,0.0,,,,,,,
2026-09-12T01:20,183.3,0.0,1029.5,0.0,0.0,6.6,95.6,1.1,1.6
2026-09-12T01:25,,0.0,,,,,,,
2026-09-12T01:30,145.8,0.0,1029.8,0.0,0.0,6.3,95.2,0.4,1.0
2026-09-12T01:35,,0.0,,,,,,,
2026-09-12T01:40,121.7,0.0,1029.9,0.0,0.0,6.1,97.1,0.4,0.8
2026-09-12T01:45,,0.0,,,,,,,
2026-09-12T01:50,129.1,0.0,1029.9,0.0,0.0,6.0,96.5,0.4,0.7
2026-09-12T01:55,,0.0,,,,,,,
2026-09-12T02:00,166.0,0.0,1029.8,0.0,0.0,6.0,97.3,0.4,0.8
2026-09-12T02:05,,0.0,,,,,,,
2026-09-12T02:10,128.4,0.0,1029.8,0.0,0.0,5.8,97.3,0.6,1.0
2026-09-12T02:15,,0.0,,,,,,,
2026-09-12T02:20,119.2,0.0,1030.0,0.0,0.0,5.6,98.2,0.6,1.0
2026-09-12T02:25,,0.0,,,,,,,
2026-09-12T02:30,145.2,0.0,1030.1,0.0,0.0,5.5,98.6,0.6,1.1
2026-09-12T02:35,,0.0,,,,,,,
2026-09-12T02:40,174.4,0.0,1030.0,0.0,0.0,5.6,98.1,0.6,1.2
2026-09-12T02:45,,0.0,,,,,,,
2026-09-12T02:50,160.4,0.0,1030.0,0.0,0.0,5.6,96.8,0.6,1.1
2026-09-12T02:55,,0.0,,,,,,,
2026-09-12T03:00,107.9,0.0,1030.4,0.0,0.0,5.3,97.9,0.6,1.0
2026-09-12T03:05,,0.0,,,,,,,
2026-09-12T03:10,157.3,0.0,1030.3,0.0,0.0,5.4,98.4,0.6,0.8
2026-09-12T03:15,,0.0,,,,,,,
2026-09-12T03:20,150.5,0.0,1030.4,0.0,0.0,5.3,98.2,0.4,0.8
2026-09-12T03:25,,0.0,,,,,,,
2026-09-12T03:30,168.8,0.0,1030.4,0.0,0.0,5.3,97.9,0.8,1.3
2026-09-12T03:35,,0.0,,,,,,,
2026-09-12T03:40,157.6,0.0,1030.5,0.0,0.0,5.1,97.4,0.5,1.1
2026-09-12T03:45,,0.0,,,,,,,
2026-09-12T03:50,145.5,0.0,1030.6,0.0,0.0,5.0,98.0,0.3,0.9
2026-09-12T03:55,,0.0,,,,,,,
2026-09-12T04:00,166.2,0.0,1030.5,0.0,0.0,5.0,98.2,0.8,1.0
2026-09-12T04:05,,0.0,,,,,,,
2026-09-12T04:10,149.9,0.0,1030.7,0.0,0.0,4.8,98.6,0.5,1.0
2026-09-12T04:15,,0.0,,,,,,,
2026-09-12T04:20,133.8,0.0,1030.9,0.0,0.0,4.7,98.3,0.4,0.9
2026-09-12T04:25,,0.0,,,,,,,
2026-09-12T04:30,142.3,0.0,1030.9,0.0,0.0,4.7,98.5,0.2,0.6
2026-09-12T04:35,,0.0,,,,,,,
2026-09-12T04:40,142.8,0.0,1030.9,0.0,0.0,4.7,98.3,0.7,1.1
2026-09-12T04:45,,0.0,,,,,,,
2026-09-12T04:50,143.7,0.0,1031.1,0.0,0.0,4.4,98.3,0.8,1.4
2026-09-12T04:55,,0.0,,,,,,,
2026-09-12T05:00,133.5,0.0,1031.2,0.0,0.0,4.3,98.8,0.3,0.8
2026-09-12T05:05,,0.0,,,,,,,
2026-09-12T05:10,162.2,0.0,1031.2,0.0,0.0,4.5,98.0,1.0,1.5
2026-09-12T05:15,,0.0,,,,,,,
2026-09-12T05:20,166.4,0.0,1031.2,0.0,0.0,4.5,98.1,1.0,1.3
2026-09-12T05:25,,0.0,,,,,,,
2026-09-12T05:30,158.5,0.0,1031.3,0.0,0.0,4.3,99.0,0.5,1.0
2026-09-12T05:35,,0.0,,,,,,,
2026-09-12T05:40,134.5,0.0,1031.2,0.0,0.0,4.1,98.9,0.9,1.2
2026-09-12T05:45,,0.0,,,,,,,
2026-09-12T05:50,130.2,0.0,1031.2,0.0,0.0,4.0,99.1,0.6,0.9
2026-09-12T05:55,,0.0,,,,,,,
2026-09-12T06:00,102.2,0.0,1031.2,0.0,0.0,4.0,99.2,0.1,0.8
2026-09-12T06:05,,0.0,,,,,,,
2026-09-12T06:10,152.9,0.0,1031.2,0.0,0.0,4.1,98.2,0.6,0.9
2026-09-12T06:15,,0.0,,,,,,,
2026-09-12T06:20,146.1,0.0,1031.3,0.0,0.0,3.9,99.1,0.4,0.9
2026-09-12T06:25,,0.0,,,,,,,
2026-09-12T06:30,122.8,0.0,1031.4,0.0,0.0,3.7,99.1,0.4,1.1
2026-09-12T06:35,,0.0,,,,,,,
2026-09-12T06:40,133.3,0.0,1031.4,0.0,0.0,3.7,99.3,0.7,1.3
2026-09-12T06:45,,0.0,,,,,,,
2026-09-12T06:50,132.4,0.0,1031.5,0.0,0.0,3.6,99.2,0.7,1.1
2026-09-12T06:55,,0.0,,,,,,,
2026-09-12T07:00,163.3,0.0,1031.5,2.2,0.0,3.8,99.2,0.9,1.1
2026-09-12T07:05,,0.0,,,,,,,
2026-09-12T07:10,162.9,0.0,1031.7,6.6,0.0,3.6,98.8,0.7,1.1
2026-09-12T07:15,,0.0,,,,,,,
2026-09-12T07:20,139.9,0.0,1031.8,11.1,0.0,3.5,99.0,0.5,0.9
2026-09-12T07:25,,0.0,,,,,,,
2026-09-12T07:30,167.0,0.0,1031.9,15.2,0.0,3.5,99.0,0.5,1.0
2026-09-12T07:35,,0.0,,,,,,,
2026-09-12T07:40,136.7,0.0,1031.8,18.7,0.0,3.6,98.8,0.7,0.9
2026-09-12T07:45,,0.0,,,,,,,
2026-09-12T07:50,152.1,0.0,1031.8,22.1,0.0,3.6,99.1,0.4,0.8
2026-09-12T07:55,,0.0,,,,,,,
2026-09-12T08:00,172.4,0.0,1031.9,25.3,0.0,3.7,98.8,1.0,2.0
2026-09-12T08:05,,0.0,,,,,,,
2026-09-12T08:10,158.1,0.0,1031.8,28.3,0.0,3.7,98.4,1.0,1.7
2026-09-12T08:15,,0.0,,,,,,,
2026-09-12T08:20,176.1,0.0,1031.8,31.8,0.0,3.8,98.1,1.0,1.8
2026-09-12T08:25,,0.0,,,,,,,
2026-09-12T08:30,158.8,0.0,1031.8,35.7,0.0,3.9,98.1,0.6,1.2
2026-09-12T08:35,,0.0,,,,,,,
2026-09-12T08:40,164.0,0.0,1031.8,146.8,301.0,4.0,98.2,1.2,1.4
2026-09-12T08:45,,0.0,,,,,,,
2026-09-12T08:50,124.3,0.0,1031.3,311.7,600.0,4.7,97.9,0.9,1.3
2026-09-12T08:55,,0.0,,,,,,,
2026-09-12T09:00,154.6,0.0,1031.1,338.8,600.0,5.4,96.3,1.3,1.7
2026-09-12T09:05,,0.0,,,,,,,
2026-09-12T09:10,144.7,0.0,1030.6,369.8,600.0,5.9,94.2,1.3,1.7
2026-09-12T09:15,,0.0,,,,,,,
2026-09-12T09:20,128.9,0.0,1030.2,400.5,600.0,6.8,92.1,1.2,1.8
2026-09-12T09:25,,0.0,,,,,,,
2026-09-12T09:30,141.5,0.0,1029.7,431.3,600.0,7.5,89.0,1.1,1.6
2026-09-12T09:35,,0.0,,,,,,,
2026-09-12T09:40,135.7,0.0,1029.2,464.1,599.0,8.3,86.4,1.0,1.6
2026-09-12T09:45,,0.0,,,,,,,
2026-09-12T09:50,136.2,0.0,1028.9,491.3,600.0,8.9,83.0,0.8,1.5
2026-09-12T09:55,,0.0,,,,,,,
2026-09-12T10:00,141.1,0.0,1028.3,511.0,600.0,9.8,81.1,1.2,1.7
2026-09-12T10:05,,0.0,,,,,,,
2026-09-12T10:10,140.1,0.0,1027.8,532.8,600.0,10.4,78.4,0.7,1.6
2026-09-12T10:15,,0.0,,,,,,,
2026-09-12T10:20,141.7,0.0,1027.3,550.9,599.0,11.3,77.7,1.2,1.9
2026-09-12T10:25,,0.0,,,,,,,
2026-09-12T10:30,110.8,0.0,1026.8,579.8,600.0,11.9,74.5,1.0,1.5
2026-09-12T10:35,,0.0,,,,,,,
2026-09-12T10:40,137.4,0.0,1026.2,604.6,599.0,12.5,69.0,1.3,1.8
2026-09-12T10:45,,0.0,,,,,,,
2026-09-12T10:50,138.2,0.0,1025.7,629.6,600.0,13.2,64.7,1.4,2.0
2026-09-12T10:55,,0.0,,,,,,,
2026-09-12T11:00,135.2,0.0,1025.4,649.8,600.0,13.8,62.0,1.5,2.2
2026-09-12T11:05,,0.0,,,,,,,
2026-09-12T11:10,132.1,0.0,1025.1,667.8,600.0,14.4,58.5,1.2,2.2
2026-09-12T11:15,,0.0,,,,,,,
2026-09-12T11:20,357.8,0.0,1024.8,683.3,600.0,14.6,55.6,0.9,1.9
2026-09-12T11:25,,0.0,,,,,,,
2026-09-12T11:30,7.2,0.0,1024.5,700.7,600.0,14.9,54.8,1.2,2.2
2026-09-12T11:35,,0.0,,,,,,,
2026-09-12T11:40,10.9,0.0,1024.1,719.2,598.0,15.6,54.1,1.1,2.1
2026-09-12T11:45,,0.0,,,,,,,
2026-09-12T11:50,2.1,0.0,1024.1,734.8,600.0,15.7,51.4,1.2,2.0
2026-09-12T11:55,,0.0,,,,,,,
2026-09-12T12:00,16.2,0.0,1023.6,746.3,600.0,16.3,47.7,1.1,2.0
2026-09-12T12:05,,0.0,,,,,,,
2026-09-12T12:10,14.8,0.0,1023.2,753.5,600.0,16.8,47.5,1.2,2.2
2026-09-12T12:15,,0.0,,,,,,,
2026-09-12T12:20,13.5,0.0,1022.9,762.5,600.0,17.3,44.4,1.6,2.6
2026-09-12T12:25,,0.0,,,,,,,
2026-09-12T12:30,5.6,0.0,1022.7,769.8,599.0,17.6,38.8,1.6,2.4
2026-09-12T12:35,,0.0,,,,,,,
2026-09-12T12:40,8.0,0.0,1022.4,777.6,600.0,18.0,34.7,1.4,2.5
2026-09-12T12:45,,0.0,,,,,,,
2026-09-12T12:50,0.3,0.0,1022.0,782.6,600.0,18.5,30.8,1.8,2.9
2026-09-12T12:55,,0.0,,,,,,,
2026-09-12T13:00,6.2,0.0,1021.6,784.6,600.0,18.9,31.3,1.6,2.7
2026-09-12T13:05,,0.0,,,,,,,
2026-09-12T13:10,4.2,0.0,1021.3,784.5,599.0,19.2,32.5,2.1,3.3
2026-09-12T13:15,,0.0,,,,,,,
2026-09-12T13:20,355.0,0.0,1021.3,783.1,600.0,19.2,33.5,2.0,2.7
2026-09-12T13:25,,0.0,,,,,,,
2026-09-12T13:30,0.5,0.0,1021.2,779.9,600.0,19.3,32.3,1.9,3.0
2026-09-12T13:35,,0.0,,,,,,,
2026-09-12T13:40,2.3,0.0,1021.0,777.3,599.0,19.8,32.6,1.8,3.0
2026-09-12T13:45,,0.0,,,,,,,
2026-09-12T13:50,356.1,0.0,1020.7,772.7,600.0,20.0,31.4,1.9,3.3
2026-09-12T13:55,,0.0,,,,,,,
2026-09-12T14:00,344.3,0.0,1020.7,764.6,600.0,20.0,30.9,1.8,3.7
2026-09-12T14:05,,0.0,,,,,,,
2026-09-12T14:10,342.6,0.0,1020.6,754.9,600.0,20.1,31.4,1.9,2.8
2026-09-12T14:15,,0.0,,,,,,,
2026-09-12T14:20,345.6,0.0,1020.2,746.2,599.0,20.4,32.9,1.8,2.9
2026-09-12T14:25,,0.0,,,,,,,
2026-09-12T14:30,355.6,0.0,1019.9,735.7,600.0,20.7,32.9,1.7,2.6
2026-09-12T14:35,,0.0,,,,,,,
2026-09-12T14:40,345.8,0.0,1020.0,723.8,600.0,20.4,31.5,1.2,2.3
2026-09-12T14:45,,0.0,,,,,,,
2026-09-12T14:50,356.2,0.0,1019.7,709.0,600.0,20.8,29.9,1.0,2.1
2026-09-12T14:55,,0.0,,,,,,,
2026-09-12T15:00,353.5,0.0,1019.5,693.5,600.0,21.0,29.7,1.2,2.5
2026-09-12T15:05,,0.0,,,,,,,
2026-09-12T15:10,344.6,0.0,1019.3,678.7,598.0,21.1,29.6,1.8,3.3
2026-09-12T15:15,,0.0,,,,,,,
2026-09-12T15:20,357.6,0.0,1019.2,661.9,600.0,21.3,30.6,1.9,3.3
2026-09-12T15:25,,0.0,,,,,,,
2026-09-12T15:30,2.1,0.0,1019.2,642.2,599.0,21.3,29.5,1.6,3.1
2026-09-12T15:35,,0.0,,,,,,,
2026-09-12T15:40,8.2,0.0,1019.0,622.1,600.0,21.5,29.8,1.9,4.1
2026-09-12T15:45,,0.0,,,,,,,
2026-09-12T15:50,350.9,0.0,1019.1,600.9,600.0,21.2,29.6,2.1,3.9
2026-09-12T15:55,,0.0,,,,,,,
2026-09-12T16:00,352.4,0.0,1019.0,577.6,599.0,21.0,29.5,1.3,3.6
2026-09-12T16:05,,0.0,,,,,,,
2026-09-12T16:10,16.5,0.0,1018.9,553.3,600.0,21.2,30.3,0.7,2.3
2026-09-12T16:15,,0.0,,,,,,,
2026-09-12T16:20,4.3,0.0,1018.9,527.1,600.0,21.2,29.3,0.6,1.8
2026-09-12T16:25,,0.0,,,,,,,
2026-09-12T16:30,348.3,0.0,1018.9,500.9,600.0,21.1,30.7,1.5,2.8
2026-09-12T16:35,,0.0,,,,,,,
2026-09-12T16:40,345.3,0.0,1019.0,473.8,600.0,21.0,31.3,1.5,2.7
2026-09-12T16:45,,0.0,,,,,,,
2026-09-12T16:50,344.7,0.0,1019.2,446.0,600.0,20.5,32.5,2.2,3.4
2026-09-12T16:55,,0.0,,,,,,,
2026-09-12T17:00,344.9,0.0,1019.3,417.1,600.0,20.3,32.4,2.4,3.7
2026-09-12T17:05,,0.0,,,,,,,
2026-09-12T17:10,306.8,0.0,1019.4,387.3,600.0,19.9,39.2,1.9,4.0
2026-09-12T17:15,,0.0,,,,,,,
2026-09-12T17:20,291.0,0.0,1020.1,357.4,600.0,18.4,46.4,2.6,3.9
2026-09-12T17:25,,0.0,,,,,,,
2026-09-12T17:30,287.6,0.0,1020.4,327.4,600.0,17.6,48.1,3.5,5.0
2026-09-12T17:35,,0.0,,,,,,,
2026-09-12T17:40,285.4,0.0,1020.7,297.4,600.0,16.9,50.0,3.6,4.8
2026-09-12T17:45,,0.0,,,,,,,
2026-09-12T17:50,285.2,0.0,1020.9,265.8,600.0,16.5,50.6,3.7,5.2
2026-09-12T17:55,,0.0,,,,,,,
2026-09-12T18:00,285.4,0.0,1021.4,225.7,600.0,16.0,52.3,4.0,5.5
2026-09-12T18:05,,0.0,,,,,,,
2026-09-12T18:10,279.1,0.0,1021.8,39.9,31.0,15.6,52.2,2.9,4.2
2026-09-12T18:15,,0.0,,,,,,,
2026-09-12T18:20,283.9,0.0,1022.1,31.8,0.0,15.2,54.5,2.7,4.1
2026-09-12T18:25,,0.0,,,,,,,
2026-09-12T18:30,278.8,0.0,1022.4,28.2,0.0,14.9,55.2,2.5,4.3
2026-09-12T18:35,,0.0,,,,,,,
2026-09-12T18:40,267.2,0.0,1022.5,24.4,0.0,15.0,54.0,2.5,3.6
2026-09-12T18:45,,0.0,,,,,,,
2026-09-12T18:50,273.0,0.0,1022.9,20.8,0.0,14.5,57.3,1.6,3.3
2026-09-12T18:55,,0.0,,,,,,,
2026-09-12T19:00,254.3,0.0,1023.2,16.4,0.0,14.4,57.2,1.4,3.2
2026-09-12T19:05,,0.0,,,,,,,
2026-09-12T19:10,124.4,0.0,1023.5,11.6,0.0,14.0,60.2,0.2,2.4
2026-09-12T19:15,,0.0,,,,,,,
2026-09-12T19:20,275.0,0.0,1023.8,7.0,0.0,13.5,62.8,0.4,2.4
2026-09-12T19:25,,0.0,,,,,,,
2026-09-12T19:30,178.1,0.0,1024.2,2.1,0.0,13.0,63.9,0.1,1.6
2026-09-12T19:35,,0.0,,,,,,,
2026-09-12T19:40,105.1,0.0,1024.6,0.0,0.0,12.6,68.4,0.3,1.4
2026-09-12T19:45,,0.0,,,,,,,
2026-09-12T19:50,326.8,0.0,1024.8,0.0,0.0,12.6,65.8,0.2,1.6
2026-09-12T19:55,,0.0,,,,,,,
2026-09-12T20:00,297.1,0.0,1025.1,0.0,0.0,12.3,66.4,0.8,1.6
2026-09-12T20:05,,0.0,,,,,,,
2026-09-12T20:10,252.1,0.0,1025.6,0.0,0.0,11.5,70.9,0.3,0.9
2026-09-12T20:15,,0.0,,,,,,,
2026-09-12T20:20,277.3,0.0,1026.0,0.0,0.0,11.0,72.4,0.2,1.1
2026-09-12T20:25,,0.0,,,,,,,
2026-09-12T20:30,120.9,0.0,1026.3,0.0,0.0,10.7,75.8,0.1,1.1
2026-09-12T20:35,,0.0,,,,,,,
2026-09-12T20:40,170.6,0.0,1026.5,0.0,0.0,10.6,73.4,0.3,2.0
2026-09-12T20:45,,0.0,,,,,,,
2026-09-12T20:50,180.2,0.0,1026.6,0.0,0.0,10.3,75.5,0.4,2.0
2026-09-12T20:55,,0.0,,,,,,,
2026-09-12T21:00,142.9,0.0,1027.0,0.0,0.0,10.1,77.3,0.5,1.6
2026-09-12T21:05,,0.0,,,,,,,
2026-09-12T21:10,182.0,0.0,1027.1,0.0,0.0,10.2,76.9,0.3,1.4
2026-09-12T21:15,,0.0,,,,,,,
2026-09-12T21:20,182.3,0.0,1027.3,0.0,0.0,10.0,76.6,0.7,1.4
2026-09-12T21:25,,0.0,,,,,,,
2026-09-12T21:30,156.6,0.0,1027.5,0.0,0.0,9.7,78.2,0.9,2.1
2026-09-12T21:35,,0.0,,,,,,,
2026-09-12T21:40,119.2,0.0,1027.8,0.0,0.0,9.3,82.4,0.3,1.1
2026-09-12T21:45,,0.0,,,,,,,
2026-09-12T21:50,142.5,0.0,1027.9,0.0,0.0,9.1,81.7,0.7,1.7
2026-09-12T21:55,,0.0,,,,,,,
2026-09-12T22:00,155.9,0.0,1028.3,0.0,0.0,9.0,81.2,0.7,1.7
2026-09-12T22:05,,0.0,,,,,,,
2026-09-12T22:10,184.8,0.0,1028.2,0.0,0.0,9.3,77.5,0.7,2.2
2026-09-12T22:15,,0.0,,,,,,,
2026-09-12T22:20,132.4,0.0,1028.5,0.0,0.0,8.8,82.6,0.6,1.5
2026-09-12T22:25,,0.0,,,,,,,
2026-09-12T22:30,147.2,0.0,1028.6,0.0,0.0,8.6,83.0,0.5,1.2
2026-09-12T22:35,,0.0,,,,,,,
2026-09-12T22:40,126.6,0.0,1028.6,0.0,0.0,8.7,82.0,0.5,1.8
2026-09-12T22:45,,0.0,,,,,,,
2026-09-12T22:50,122.0,0.0,1028.8,0.0,0.0,8.4,82.7,0.4,1.2
2026-09-12T22:55,,0.0,,,,,,,
2026-09-12T23:00,140.3,0.0,1028.9,0.0,0.0,8.3,83.9,0.4,1.4
2026-09-12T23:05,,0.0,,,,,,,
2026-09-12T23:10,131.6,0.0,1029.1,0.0,0.0,8.2,82.9,0.6,1.4
2026-09-12T23:15,,0.0,,,,,,,
2026-09-12T23:20,123.6,0.0,1029.4,0.0,0.0,7.9,86.2,0.6,1.4
2026-09-12T23:25,,0.0,,,,,,,
2026-09-12T23:30,131.3,0.0,1029.5,0.0,0.0,7.7,86.8,0.5,0.9
2026-09-12T23:35,,0.0,,,,,,,
2026-09-12T23:40,147.3,0.0,1029.5,0.0,0.0,7.7,86.5,0.6,1.3
2026-09-12T23:45,,0.0,,,,,,,
2026-09-12T23:50,129.9,0.0,1029.6,0.0,0.0,7.4,87.6,0.5,0.8
2026-09-12T23:55,,0.0,,,,,,,
2026-09-13T00:00,99.2,0.0,1029.8,0.0,0.0,7.0,89.0,0.4,0.8
2026-09-13T00:05,,0.0,,,,,,,
2026-09-13T00:10,129.8,0.0,1029.8,0.0,0.0,7.1,88.8,0.3,0.7
2026-09-13T00:15,,0.0,,,,,,,
2026-09-13T00:20,174.8,0.0,1029.7,0.0,0.0,7.3,86.6,1.0,1.8
2026-09-13T00:25,,0.0,,,,,,,
2026-09-13T00:30,118.3,0.0,1029.9,0.0,0.0,7.0,89.1,0.5,0.8
2026-09-13T00:35,,0.0,,,,,,,
2026-09-13T00:40,146.9,0.0,1030.2,0.0,0.0,6.7,90.8,0.8,1.5
2026-09-13T00:45,,0.0,,,,,,,
2026-09-13T00:50,182.6,0.0,1030.0,0.0,0.0,7.0,88.3,1.1,2.0
2026-09-13T00:55,,0.0,,,,,,,
2026-09-13T01:00,171.6,0.0,1030.1,0.0,0.0,6.9,88.0,1.2,2.8
2026-09-13T01:05,,0.0,,,,,,,
2026-09-13T01:10,167.5,0.0,1030.2,0.0,0.0,6.8,88.3,0.8,1.6
2026-09-13T01:15,,0.0,,,,,,,
2026-09-13T01:20,142.8,0.0,1030.4,0.0,0.0,6.5,90.8,0.8,1.3
2026-09-13T01:25,,0.0,,,,,,,
2026-09-13T01:30,163.3,0.0,1030.3,0.0,0.0,6.8,88.5,0.9,2.0
2026-09-13T01:35,,0.0,,,,,,,
2026-09-13T01:40,127.1,0.0,1030.5,0.0,0.0,6.5,90.2,0.5,1.5
2026-09-13T01:45,,0.0,,,,,,,
2026-09-13T01:50,165.4,0.0,1030.5,0.0,0.0,6.4,90.4,1.2,1.4
2026-09-13T01:55,,0.0,,,,,,,
2026-09-13T02:00,163.3,0.0,1030.5,0.0,0.0,6.4,90.9,0.9,1.4
2026-09-13T02:05,,0.0,,,,,,,
2026-09-13T02:10,150.7,0.0,1030.7,0.0,0.0,6.1,92.3,0.8,1.5
2026-09-13T02:15,,0.0,,,,,,,
2026-09-13T02:20,150.2,0.0,1030.7,0.0,0.0,6.0,92.2,0.5,1.1
2026-09-13T02:25,,0.0,,,,,,,
2026-09-13T02:30,115.6,0.0,1030.9,0.0,0.0,5.7,93.8,0.4,1.2
2026-09-13T02:35,,0.0,,,,,,,
2026-09-13T02:40,150.9,0.0,1031.0,0.0,0.0,5.9,93.0,0.6,1.2
2026-09-13T02:45,,0.0,,,,,,,
2026-09-13T02:50,154.0,0.0,1030.8,0.0,0.0,5.8,93.2,0.8,1.4
2026-09-13T02:55,,0.0,,,,,,,
2026-09-13T03:00,148.5,0.0,1031.1,0.0,0.0,5.5,94.2,0.5,1.2
2026-09-13T03:05,,0.0,,,,,,,
2026-09-13T03:10,152.2,0.0,1031.0,0.0,0.0,5.5,94.1,0.9,1.6
2026-09-13T03:15,,0.0,,,,,,,
2026-09-13T03:20,163.3,0.0,1030.9,0.0,0.0,5.6,92.9,0.9,1.6
2026-09-13T03:25,,0.0,,,,,,,
2026-09-13T03:30,123.7,0.0,1031.0,0.0,0.0,5.5,93.4,0.7,1.3
2026-09-13T03:35,,0.0,,,,,,,
2026-09-13T03:40,139.5,0.0,1030.9,0.0,0.0,5.6,93.9,0.6,1.1
2026-09-13T03:45,,0.0,,,,,,,
2026-09-13T03:50,133.4,0.0,1031.1,0.0,0.0,5.3,94.4,0.9,1.4
2026-09-13T03:55,,0.0,,,,,,,
2026-09-13T04:00,145.4,0.0,1031.1,0.0,0.0,5.2,94.6,0.7,1.1
2026-09-13T04:05,,0.0,,,,,,,
2026-09-13T04:10,179.3,0.0,1031.1,0.0,0.0,5.3,94.8,0.9,2.0
2026-09-13T04:15,,0.0,,,,,,,
2026-09-13T04:20,154.8,0.0,1031.2,0.0,0.0,5.2,94.2,1.0,1.9
2026-09-13T04:25,,0.0,,,,,,,
2026-09-13T04:30,148.8,0.0,1031.3,0.0,0.0,5.0,95.7,0.8,1.3
2026-09-13T04:35,,0.0,,,,,,,
2026-09-13T04:40,160.2,0.0,1031.2,0.0,0.0,5.1,95.3,0.6,1.2
2026-09-13T04:45,,0.0,,,,,,,
2026-09-13T04:50,150.6,0.0,1031.2,0.0,0.0,5.1,94.9,1.1,1.5
2026-09-13T04:55,,0.0,,,,,,,
2026-09-13T05:00,137.3,0.0,1031.1,0.0,0.0,4.9,95.6,0.8,1.2
2026-09-13T05:05,,0.0,,,,,,,
2026-09-13T05:10,165.0,0.0,1031.1,0.0,0.0,5.0,95.5,0.9,1.4
2026-09-13T05:15,,0.0,,,,,,,
2026-09-13T05:20,167.0,0.0,1031.0,0.0,0.0,5.2,94.3,0.7,1.1
2026-09-13T05:25,,0.0,,,,,,,
2026-09-13T05:30,155.2,0.0,1031.0,0.0,0.0,5.1,94.8,0.5,1.3
2026-09-13T05:35,,0.0,,,,,,,
2026-09-13T05:40,150.3,0.0,1031.1,0.0,0.0,5.0,95.8,0.9,1.3
2026-09-13T05:45,,0.0,,,,,,,
2026-09-13T05:50,156.1,0.0,1031.2,0.0,0.0,5.1,95.0,0.6,1.1
2026-09-13T05:55,,0.0,,,,,,,
2026-09-13T06:00,155.2,0.0,1031.2,0.0,0.0,5.0,95.2,0.9,1.1
2026-09-13T06:05,,0.0,,,,,,,
2026-09-13T06:10,134.6,0.0,1031.2,0.0,0.0,4.8,95.8,0.4,2.2
2026-09-13T06:15,,0.0,,,,,,,
2026-09-13T06:20,110.4,0.0,1031.2,0.0,0.0,4.8,96.6,0.3,0.7
2026-09-13T06:25,,0.0,,,,,,,
2026-09-13T06:30,109.4,0.0,1031.4,0.0,0.0,4.7,96.4,0.5,1.0
2026-09-13T06:35,,0.0,,,,,,,
2026-09-13T06:40,141.8,0.0,1031.5,0.0,0.0,4.6,96.9,0.5,0.8
2026-09-13T06:45,,0.0,,,,,,,
2026-09-13T06:50,157.1,0.0,1031.5,0.0,0.0,4.7,96.7,0.4,1.0
2026-09-13T06:55,,0.0,,,,,,,
2026-09-13T07:00,166.4,0.0,1031.5,2.6,0.0,4.8,96.6,0.8,1.2
2026-09-13T07:05,,0.0,,,,,,,
2026-09-13T07:10,138.0,0.0,1031.5,13.6,0.0,4.8,96.7,0.7,1.1
2026-09-13T07:15,,0.0,,,,,,,
2026-09-13T07:20,126.0,0.0,1031.5,17.5,0.0,4.9,96.7,0.6,1.1
2026-09-13T07:25,,0.0,,,,,,,
2026-09-13T07:30,159.0,0.0,1031.5,31.2,0.0,5.0,95.9,1.1,1.5
2026-09-13T07:35,,0.0,,,,,,,
2026-09-13T07:40,163.0,0.0,1031.4,36.4,0.0,5.1,96.0,1.1,1.6
2026-09-13T07:45,,0.0,,,,,,,
2026-09-13T07:50,130.6,0.0,1031.4,32.8,0.0,5.2,95.8,0.5,1.0
2026-09-13T07:55,,0.0,,,,,,,
2026-09-13T08:00,153.5,0.0,1031.4,38.5,0.0,5.2,95.5,0.6,1.1
2026-09-13T08:05,,0.0,,,,,,,
2026-09-13T08:10,98.4,0.0,1031.3,43.5,0.0,5.2,96.1,0.5,1.1
2026-09-13T08:15,,0.0,,,,,,,
2026-09-13T08:20,200.2,0.0,1031.1,45.6,0.0,5.6,94.6,0.4,1.1
2026-09-13T08:25,,0.0,,,,,,,
2026-09-13T08:30,145.2,0.0,1031.1,57.3,0.0,5.7,94.2,0.7,1.0
2026-09-13T08:35,,0.0,,,,,,,
2026-09-13T08:40,154.2,0.0,1031.1,151.5,288.0,5.7,95.5,0.7,1.0
2026-09-13T08:45,,0.0,,,,,,,
2026-09-13T08:50,121.3,0.0,1030.4,218.3,600.0,6.7,93.1,0.4,1.0
2026-09-13T08:55,,0.0,,,,,,,
2026-09-13T09:00,143.9,0.0,1030.2,174.2,600.0,6.9,93.3,0.5,0.8
2026-09-13T09:05,,0.0,,,,,,,
2026-09-13T09:10,158.0,0.0,1029.9,254.7,599.0,7.2,91.6,0.9,1.3
2026-09-13T09:15,,0.0,,,,,,,
2026-09-13T09:20,143.8,0.0,1029.5,396.0,600.0,8.0,89.1,1.0,1.5
2026-09-13T09:25,,0.0,,,,,,,
2026-09-13T09:30,134.9,0.0,1028.6,438.9,600.0,9.3,83.1,0.9,1.6
2026-09-13T09:35,,0.0,,,,,,,
2026-09-13T09:40,116.1,0.0,1028.1,475.0,599.0,10.2,78.3,0.6,1.7
2026-09-13T09:45,,0.0,,,,,,,
2026-09-13T09:50,147.6,0.0,1027.6,523.0,600.0,10.8,75.4,1.3,1.9
2026-09-13T09:55,,0.0,,,,,,,
2026-09-13T10:00,138.6,0.0,1027.2,511.4,600.0,11.7,71.8,0.6,1.6
2026-09-13T10:05,,0.0,,,,,,,
2026-09-13T10:10,128.8,0.0,1026.6,573.2,600.0,12.8,68.8,0.7,1.8
2026-09-13T10:15,,0.0,,,,,,,
2026-09-13T10:20,43.0,0.0,1026.2,592.7,600.0,13.5,66.7,0.6,1.6
2026-09-13T10:25,,0.0,,,,,,,
2026-09-13T10:30,4.0,0.0,1026.2,376.3,600.0,13.4,63.5,1.5,2.4
2026-09-13T10:35,,0.0,,,,,,,
2026-09-13T10:40,8.8,0.0,1026.0,333.1,599.0,13.4,62.0,1.3,2.3
2026-09-13T10:45,,0.0,,,,,,,
2026-09-13T10:50,8.7,0.0,1025.6,589.0,600.0,14.1,61.2,1.5,3.2
2026-09-13T10:55,,0.0,,,,,,,
2026-09-13T11:00,14.6,0.0,1025.1,785.3,600.0,14.8,58.2,1.3,2.4
2026-09-13T11:05,,0.0,,,,,,,
2026-09-13T11:10,3.2,0.0,1024.8,787.7,600.0,15.1,56.4,1.7,2.6
2026-09-13T11:15,,0.0,,,,,,,
2026-09-13T11:20,13.3,0.0,1024.3,825.7,600.0,16.1,54.3,1.8,2.9
2026-09-13T11:25,,0.0,,,,,,,
2026-09-13T11:30,6.9,0.0,1024.2,718.8,600.0,16.4,53.5,2.2,3.1
2026-09-13T11:35,,0.0,,,,,,,
2026-09-13T11:40,9.2,0.0,1023.9,732.8,599.0,16.7,53.3,1.9,3.6
2026-09-13T11:45,,0.0,,,,,,,
2026-09-13T11:50,17.2,0.0,1023.5,740.1,600.0,17.1,50.2,1.7,2.5
2026-09-13T11:55,,0.0,,,,,,,
2026-09-13T12:00,17.6,0.0,1023.1,740.9,599.0,17.7,49.1,1.4,2.1
2026-09-13T12:05,,0.0,,,,,,,
2026-09-13T12:10,11.0,0.0,1022.9,737.0,600.0,17.8,47.6,1.4,2.3
2026-09-13T12:15,,0.0,,,,,,,
2026-09-13T12:20,14.7,0.0,1022.4,729.9,600.0,18.5,47.2,1.4,2.7
2026-09-13T12:25,,0.0,,,,,,,
2026-09-13T12:30,3.6,0.0,1022.1,710.8,600.0,18.9,44.0,1.6,2.9
2026-09-13T12:35,,0.0,,,,,,,
2026-09-13T12:40,10.7,0.0,1021.7,676.2,599.0,19.4,45.1,1.4,2.2
2026-09-13T12:45,,0.0,,,,,,,
2026-09-13T12:50,21.3,0.0,1021.4,765.6,599.0,19.7,44.3,1.5,2.6
2026-09-13T12:55,,0.0,,,,,,,
2026-09-13T13:00,9.9,0.0,1021.2,750.5,600.0,20.2,41.3,1.6,3.3
2026-09-13T13:05,,0.0,,,,,,,
2026-09-13T13:10,358.8,0.0,1021.1,772.3,599.0,20.2,40.7,2.0,3.3
2026-09-13T13:15,,0.0,,,,,,,
2026-09-13T13:20,359.7,0.0,1020.9,783.9,600.0,20.5,39.8,1.8,3.1
2026-09-13T13:25,,0.0,,,,,,,
2026-09-13T13:30,5.3,0.0,1020.5,733.2,600.0,21.0,39.4,1.6,2.7
2026-09-13T13:35,,0.0,,,,,,,
2026-09-13T13:40,9.2,0.0,1020.3,746.8,600.0,21.1,37.6,1.7,2.9
2026-09-13T13:45,,0.0,,,,,,,
2026-09-13T13:50,346.4,0.0,1020.3,758.3,599.0,21.1,34.9,1.8,2.8
2026-09-13T13:55,,0.0,,,,,,,
2026-09-13T14:00,2.5,0.0,1020.1,741.2,600.0,21.4,34.1,1.5,2.6
2026-09-13T14:05,,0.0,,,,,,,
2026-09-13T14:10,2.5,0.0,1019.9,702.3,600.0,21.5,33.2,1.6,2.6
2026-09-13T14:15,,0.0,,,,,,,
2026-09-13T14:20,356.7,0.0,1019.5,749.5,600.0,22.0,34.3,1.7,2.9
2026-09-13T14:25,,0.0,,,,,,,
2026-09-13T14:30,346.6,0.0,1019.4,721.6,599.0,22.0,32.5,1.9,2.7
2026-09-13T14:35,,0.0,,,,,,,
2026-09-13T14:40,2.3,0.0,1019.2,633.5,600.0,22.2,31.9,1.5,2.6
2026-09-13T14:45,,0.0,,,,,,,
2026-09-13T14:50,7.7,0.0,1019.1,592.1,600.0,22.3,31.9,1.3,2.2
2026-09-13T14:55,,0.0,,,,,,,
2026-09-13T15:00,348.8,0.0,1019.1,594.5,600.0,22.2,30.9,1.6,2.5
2026-09-13T15:05,,0.0,,,,,,,
2026-09-13T15:10,352.9,0.0,1019.1,620.2,600.0,22.3,28.5,1.7,3.2
2026-09-13T15:15,,0.0,,,,,,,
2026-09-13T15:20,1.0,0.0,1018.8,654.0,600.0,22.7,29.2,1.3,2.7
2026-09-13T15:25,,0.0,,,,,,,
2026-09-13T15:30,2.2,0.0,1018.5,637.8,600.0,22.8,28.6,1.6,3.3
2026-09-13T15:35,,0.0,,,,,,,
2026-09-13T15:40,9.7,0.0,1018.3,613.4,600.0,23.0,27.1,1.5,2.9
2026-09-13T15:45,,0.0,,,,,,,
2026-09-13T15:50,1.6,0.0,1018.2,583.2,600.0,22.9,27.0,1.6,3.3
2026-09-13T15:55,,0.0,,,,,,,
2026-09-13T16:00,356.6,0.0,1018.1,571.0,599.0,22.8,28.7,1.5,3.1
2026-09-13T16:05,,0.0,,,,,,,
2026-09-13T16:10,353.0,0.0,1018.2,539.1,600.0,22.6,28.6,1.8,3.1
2026-09-13T16:15,,0.0,,,,,,,
2026-09-13T16:20,358.9,0.0,1018.2,536.0,599.0,22.7,28.6,1.8,2.8
2026-09-13T16:25,,0.0,,,,,,,
2026-09-13T16:30,358.8,0.0,1018.0,503.7,600.0,22.7,29.3,2.2,4.4
2026-09-13T16:35,,0.0,,,,,,,
2026-09-13T16:40,310.5,0.0,1018.5,400.2,599.0,21.5,36.7,1.9,4.0
2026-09-13T16:45,,0.0,,,,,,,
2026-09-13T16:50,287.6,0.0,1019.2,377.9,600.0,19.9,42.5,3.2,4.4
2026-09-13T16:55,,0.0,,,,,,,
2026-09-13T17:00,285.6,0.0,1019.5,358.6,600.0,19.2,43.8,3.5,4.4
2026-09-13T17:05,,0.0,,,,,,,
2026-09-13T17:10,283.0,0.0,1019.6,335.4,600.0,18.9,45.1,3.3,4.8
2026-09-13T17:15,,0.0,,,,,,,
2026-09-13T17:20,277.8,0.0,1019.9,313.3,600.0,18.5,46.9,3.1,4.4
2026-09-13T17:25,,0.0,,,,,,,
2026-09-13T17:30,280.0,0.0,1020.2,265.7,600.0,18.0,48.9,3.0,4.2
2026-09-13T17:35,,0.0,,,,,,,
2026-09-13T17:40,279.5,0.0,1020.3,256.3,600.0,17.8,49.2,3.4,4.6
2026-09-13T17:45,,0.0,,,,,,,
2026-09-13T17:50,278.0,0.0,1020.5,106.8,262.0,17.5,49.5,3.0,4.4
2026-09-13T17:55,,0.0,,,,,,,
2026-09-13T18:00,278.2,0.0,1020.8,61.9,0.0,16.8,53.0,2.9,4.4
2026-09-13T18:05,,0.0,,,,,,,
2026-09-13T18:10,269.7,0.0,1020.9,55.0,0.0,17.0,51.6,1.6,3.4
2026-09-13T18:15,,0.0,,,,,,,
2026-09-13T18:20,291.7,0.0,1021.2,50.0,0.0,16.7,53.9,0.8,2.1
2026-09-13T18:25,,0.0,,,,,,,
2026-09-13T18:30,272.3,0.0,1021.4,43.9,0.0,16.7,54.2,0.3,1.5
2026-09-13T18:35,,0.0,,,,,,,
2026-09-13T18:40,275.4,0.0,1021.5,36.1,0.0,16.4,55.4,0.7,1.8
2026-09-13T18:45,,0.0,,,,,,,
2026-09-13T18:50,198.3,0.0,1021.6,29.6,0.0,16.4,55.9,0.5,1.8
2026-09-13T18:55,,0.0,,,,,,,
2026-09-13T19:00,175.4,0.0,1021.6,19.7,0.0,16.2,56.6,0.3,1.1
2026-09-13T19:05,,0.0,,,,,,,
2026-09-13T19:10,164.7,0.0,1021.9,11.5,0.0,15.4,63.2,0.4,1.4
2026-09-13T19:15,,0.0,,,,,,,
2026-09-13T19:20,170.6,0.0,1021.9,4.4,0.0,15.3,62.8,0.7,1.5
2026-09-13T19:25,,0.0,,,,,,,
2026-09-13T19:30,260.4,0.0,1022.2,0.2,0.0,14.8,64.1,0.1,1.6
2026-09-13T19:35,,0.0,,,,,,,
2026-09-13T19:40,165.3,0.0,1022.5,0.0,0.0,14.6,65.2,0.2,2.2
2026-09-13T19:45,,0.0,,,,,,,
2026-09-13T19:50,253.6,0.0,1022.6,0.0,0.0,14.4,63.3,0.6,1.7
2026-09-13T19:55,,0.0,,,,,,,
2026-09-13T20:00,172.7,0.0,1022.8,0.0,0.0,14.1,66.0,0.4,1.7
2026-09-13T20:05,,0.0,,,,,,,
2026-09-13T20:10,158.5,0.0,1023.2,0.0,0.0,13.6,67.6,0.7,1.8
2026-09-13T20:15,,0.0,,,,,,,
2026-09-13T20:20,158.3,0.0,1023.4,0.0,0.0,13.6,66.7,0.6,1.8
2026-09-13T20:25,,0.0,,,,,,,
2026-09-13T20:30,179.3,0.0,1023.5,0.0,0.0,13.6,67.1,1.9,4.4
2026-09-13T20:35,,0.0,,,,,,,
2026-09-13T20:40,171.1,0.0,1023.8,0.0,0.0,13.1,69.4,1.5,2.5
2026-09-13T20:45,,0.0,,,,,,,
2026-09-13T20:50,88.9,0.0,1023.9,0.0,0.0,13.1,68.7,0.3,1.1
2026-09-13T20:55,,0.0,,,,,,,
2026-09-13T21:00,118.6,0.0,1024.2,0.0,0.0,13.0,69.1,0.3,1.8
2026-09-13T21:05,,0.0,,,,,,,
2026-09-13T21:10,161.4,0.0,1024.5,0.0,0.0,12.7,68.3,0.2,1.5
2026-09-13T21:15,,0.0,,,,,,,
2026-09-13T21:20,213.2,0.0,1024.4,0.0,0.0,12.8,70.0,0.4,1.2
2026-09-13T21:25,,0.0,,,,,,,
2026-09-13T21:30,167.7,0.0,1024.6,0.0,0.0,12.2,75.2,1.3,2.1
2026-09-13T21:35,,0.0,,,,,,,
2026-09-13T21:40,136.7,0.0,1024.6,0.0,0.0,12.1,74.7,0.9,2.0
2026-09-13T21:45,,0.0,,,,,,,
2026-09-13T21:50,176.9,0.0,1024.7,0.0,0.0,12.2,73.7,1.2,2.4
2026-09-13T21:55,,0.0,,,,,,,
2026-09-13T22:00,165.9,0.0,1024.6,0.0,0.0,12.3,73.0,0.6,1.2
2026-09-13T22:05,,0.0,,,,,,,
2026-09-13T22:10,66.5,0.0,1024.8,0.0,0.0,12.2,73.4,0.4,0.8
2026-09-13T22:15,,0.0,,,,,,,
2026-09-13T22:20,160.5,0.0,1024.8,0.0,0.0,12.1,74.0,0.7,1.3
2026-09-13T22:25,,0.0,,,,,,,
2026-09-13T22:30,175.6,0.0,1024.8,0.0,0.0,12.1,74.7,0.6,1.5
2026-09-13T22:35,,0.0,,,,,,,
2026-09-13T22:40,102.3,0.0,1025.0,0.0,0.0,11.9,76.3,0.6,1.5
2026-09-13T22:45,,0.0,,,,,,,
2026-09-13T22:50,189.1,0.0,1024.9,0.0,0.0,12.2,74.2,0.6,1.1
2026-09-13T22:55,,0.0,,,,,,,
2026-09-13T23:00,133.3,0.0,1025.0,0.0,0.0,12.1,75.0,0.5,1.1
2026-09-13T23:05,,0.0,,,,,,,
2026-09-13T23:10,54.4,0.0,1025.2,0.0,0.0,12.0,75.9,0.2,0.6
2026-09-13T23:15,,0.0,,,,,,,
2026-09-13T23:20,156.3,0.0,1025.5,0.0,0.0,11.9,77.9,0.9,1.8
2026-09-13T23:25,,0.0,,,,,,,
2026-09-13T23:30,123.1,0.0,1025.7,0.0,0.0,11.9,78.2,0.4,1.2
2026-09-13T23:35,,0.0,,,,,,,
2026-09-13T23:40,194.4,0.0,1025.7,0.0,0.0,12.0,77.0,0.4,1.1
2026-09-13T23:45,,0.0,,,,,,,
2026-09-13T23:50,158.2,0.0,1025.8,0.0,0.0,11.7,81.1,0.6,1.5
2026-09-13T23:55,,0.0,,,,,,,
2026-09-14T00:00,136.9,0.0,1025.8,0.0,0.0,11.8,80.8,0.2,1.1
2026-09-14T00:05,,0.0,,,,,,,
2026-09-14T00:10,9.6,0.0,1025.8,0.0,0.0,11.7,81.9,0.4,1.1
2026-09-14T00:15,,0.0,,,,,,,
2026-09-14T00:20,182.3,0.0,1025.7,0.0,0.0,11.6,83.1,0.6,1.3
2026-09-14T00:25,,0.0,,,,,,,
2026-09-14T00:30,149.8,0.0,1025.6,0.0,0.0,11.8,82.0,0.7,1.3
2026-09-14T00:35,,0.0,,,,,,,
2026-09-14T00:40,175.0,0.1,1025.9,0.0,0.0,11.5,85.8,0.9,1.5
2026-09-14T00:45,,0.0,,,,,,,
2026-09-14T00:50,149.6,0.0,1026.0,0.0,0.0,11.2,89.0,0.8,1.4
2026-09-14T00:55,,0.0,,,,,,,
2026-09-14T01:00,132.4,0.0,1025.9,0.0,0.0,11.0,91.2,0.6,1.1
2026-09-14T01:05,,0.0,,,,,,,
2026-09-14T01:10,139.6,0.0,1025.9,0.0,0.0,11.1,90.7,0.6,1.1
2026-09-14T01:15,,0.0,,,,,,,
2026-09-14T01:20,156.8,0.0,1025.8,0.0,0.0,11.1,90.4,0.6,1.1
2026-09-14T01:25,,0.0,,,,,,,
2026-09-14T01:30,154.3,0.0,1025.8,0.0,0.0,11.2,89.8,0.8,1.4
2026-09-14T01:35,,0.0,,,,,,,
2026-09-14T01:40,180.7,0.0,1025.6,0.0,0.0,11.3,89.5,1.4,2.2
2026-09-14T01:45,,0.0,,,,,,,
2026-09-14T01:50,165.0,0.0,1025.5,0.0,0.0,11.2,90.4,1.2,2.3
2026-09-14T01:55,,0.0,,,,,,,
2026-09-14T02:00,134.5,0.0,1025.3,0.0,0.0,11.2,91.3,0.6,1.8
2026-09-14T02:05,,0.0,,,,,,,
2026-09-14T02:10,96.3,0.0,1025.3,0.0,0.0,11.3,90.1,0.2,1.1
2026-09-14T02:15,,0.0,,,,,,,
2026-09-14T02:20,243.2,0.0,1025.2,0.0,0.0,11.5,88.7,0.4,1.0
2026-09-14T02:25,,0.0,,,,,,,
2026-09-14T02:30,166.5,0.0,1025.3,0.0,0.0,11.2,92.2,0.7,1.3
2026-09-14T02:35,,0.0,,,,,,,
2026-09-14T02:40,108.6,0.0,1025.5,0.0,0.0,11.1,93.2,0.4,0.7
2026-09-14T02:45,,0.0,,,,,,,
2026-09-14T02:50,13.9,0.0,1025.3,0.0,0.0,11.4,90.8,0.5,1.2
2026-09-14T02:55,,0.0,,,,,,,
2026-09-14T03:00,46.5,0.0,1025.7,0.0,0.0,11.2,93.4,0.2,0.8
2026-09-14T03:05,,0.0,,,,,,,
2026-09-14T03:10,188.2,0.0,1025.8,0.0,0.0,11.2,92.9,0.2,0.8
2026-09-14T03:15,,0.0,,,,,,,
2026-09-14T03:20,194.0,0.0,1025.9,0.0,0.0,11.4,91.5,0.4,1.5
2026-09-14T03:25,,0.0,,,,,,,
2026-09-14T03:30,164.8,0.0,1026.0,0.0,0.0,11.2,92.6,0.8,1.7
2026-09-14T03:35,,0.0,,,,,,,
2026-09-14T03:40,164.3,0.0,1026.0,0.0,0.0,11.1,92.9,1.4,1.9
2026-09-14T03:45,,0.0,,,,,,,
2026-09-14T03:50,148.3,0.0,1025.8,0.0,0.0,11.2,92.3,1.2,2.4
2026-09-14T03:55,,0.0,,,,,,,
2026-09-14T04:00,92.1,0.0,1025.7,0.0,0.0,11.1,93.1,0.3,1.2
2026-09-14T04:05,,0.0,,,,,,,
2026-09-14T04:10,4.6,0.0,1025.5,0.0,0.0,11.1,92.0,0.9,1.6
2026-09-14T04:15,,0.0,,,,,,,
2026-09-14T04:20,339.0,0.0,1025.5,0.0,0.0,11.2,90.2,0.8,1.3
2026-09-14T04:25,,0.0,,,,,,,
2026-09-14T04:30,180.3,0.0,1025.6,0.0,0.0,11.0,91.3,0.3,1.1
2026-09-14T04:35,,0.0,,,,,,,
2026-09-14T04:40,164.0,0.0,1025.6,0.0,0.0,10.9,91.8,0.6,1.0
2026-09-14T04:45,,0.0,,,,,,,
2026-09-14T04:50,165.0,0.0,1025.9,0.0,0.0,10.6,94.2,0.6,0.9
2026-09-14T04:55,,0.0,,,,,,,
2026-09-14T05:00,179.2,0.0,1025.9,0.0,0.0,10.7,92.7,0.5,1.5
2026-09-14T05:05,,0.0,,,,,,,
2026-09-14T05:10,152.2,0.0,1025.8,0.0,0.0,10.5,94.4,0.7,0.9
2026-09-14T05:15,,0.0,,,,,,,
2026-09-14T05:20,175.9,0.0,1026.0,0.0,0.0,10.2,94.9,0.6,1.4
2026-09-14T05:25,,0.0,,,,,,,
2026-09-14T05:30,23.9,0.0,1026.2,0.0,0.0,10.1,93.3,0.4,1.3
2026-09-14T05:35,,0.0,,,,,,,
2026-09-14T05:40,272.6,0.0,1026.4,0.0,0.0,9.9,93.3,0.4,1.1
2026-09-14T05:45,,0.0,,,,,,,
2026-09-14T05:50,193.6,0.0,1026.5,0.0,0.0,9.7,92.9,0.3,1.1
2026-09-14T05:55,,0.0,,,,,,,
2026-09-14T06:00,164.7,0.0,1026.5,0.0,0.0,9.6,96.0,0.9,1.5
2026-09-14T06:05,,0.0,,,,,,,
2026-09-14T06:10,186.7,0.0,1026.4,0.0,0.0,9.8,94.5,0.9,1.8
2026-09-14T06:15,,0.0,,,,,,,
2026-09-14T06:20,176.3,0.0,1026.4,0.0,0.0,9.7,93.6,1.7,2.6
2026-09-14T06:25,,0.0,,,,,,,
2026-09-14T06:30,169.5,0.0,1026.6,0.0,0.0,9.4,94.5,1.6,3.0
2026-09-14T06:35,,0.0,,,,,,,
2026-09-14T06:40,17.3,0.0,1026.7,0.0,0.0,9.5,93.2,0.4,1.6
2026-09-14T06:45,,0.0,,,,,,,
2026-09-14T06:50,17.9,0.0,1026.9,0.0,0.0,9.3,93.2,0.1,1.5
2026-09-14T06:55,,0.0,,,,,,,
2026-09-14T07:00,157.1,0.0,1027.1,1.1,0.0,9.1,95.3,0.7,1.1
2026-09-14T07:05,,0.0,,,,,,,
2026-09-14T07:10,131.9,0.0,1027.2,5.6,0.0,9.0,96.1,0.7,1.3
2026-09-14T07:15,,0.0,,,,,,,
2026-09-14T07:20,284.5,0.0,1027.3,11.6,0.0,9.1,95.2,0.6,1.8
2026-09-14T07:25,,0.0,,,,,,,
2026-09-14T07:30,161.1,0.0,1027.5,16.4,0.0,9.2,94.0,0.4,2.1
2026-09-14T07:35,,0.0,,,,,,,
2026-09-14T07:40,247.5,0.0,1027.7,21.4,0.0,9.0,96.2,0.2,0.9
2026-09-14T07:45,,0.0,,,,,,,
2026-09-14T07:50,161.4,0.0,1028.0,40.8,0.0,8.9,95.5,1.2,2.1
2026-09-14T07:55,,0.0,,,,,,,
2026-09-14T08:00,150.9,0.0,1028.2,57.3,0.0,8.9,95.9,0.7,1.7
2026-09-14T08:05,,0.0,,,,,,,
2026-09-14T08:10,150.2,0.0,1028.1,70.6,0.0,9.3,95.3,1.0,1.7
2026-09-14T08:15,,0.0,,,,,,,
2026-09-14T08:20,164.8,0.0,1027.8,60.9,0.0,9.6,94.3,1.2,2.2
2026-09-14T08:25,,0.0,,,,,,,
2026-09-14T08:30,136.8,0.0,1027.4,77.6,0.0,10.2,92.3,0.9,1.7
2026-09-14T08:35,,0.0,,,,,,,
2026-09-14T08:40,171.6,0.0,1027.3,105.0,0.0,10.5,90.9,0.1,1.1
2026-09-14T08:45,,0.0,,,,,,,
2026-09-14T08:50,146.3,0.0,1027.1,125.1,37.0,10.8,89.5,1.0,1.7
2026-09-14T08:55,,0.0,,,,,,,
2026-09-14T09:00,66.4,0.0,1027.0,248.4,586.0,11.1,88.4,0.2,0.8
2026-09-14T09:05,,0.0,,,,,,,
2026-09-14T09:10,108.0,0.0,1026.5,324.5,578.0,12.1,85.1,0.7,1.9
2026-09-14T09:15,,0.0,,,,,,,
2026-09-14T09:20,173.7,0.0,1026.7,99.9,176.0,11.7,83.3,0.8,1.3
2026-09-14T09:25,,0.0,,,,,,,
2026-09-14T09:30,140.4,0.0,1026.3,300.3,600.0,12.5,81.0,0.7,1.1
2026-09-14T09:35,,0.0,,,,,,,
2026-09-14T09:40,152.5,0.0,1026.3,161.9,599.0,12.5,81.3,0.7,1.1
2026-09-14T09:45,,0.0,,,,,,,
2026-09-14T09:50,102.4,0.0,1026.3,140.3,600.0,12.4,81.1,0.2,0.8
2026-09-14T09:55,,0.0,,,,,,,
2026-09-14T10:00,185.7,0.0,1026.1,292.3,600.0,12.8,80.1,0.3,0.6
2026-09-14T10:05,,0.0,,,,,,,
2026-09-14T10:10,156.5,0.0,1025.9,240.2,600.0,13.2,80.4,0.4,1.3
2026-09-14T10:15,,0.0,,,,,,,
2026-09-14T10:20,260.4,0.0,1025.6,539.4,600.0,13.9,77.4,0.5,1.8
2026-09-14T10:25,,0.0,,,,,,,
2026-09-14T10:30,120.6,0.0,1024.9,614.5,599.0,15.1,74.3,1.0,1.8
2026-09-14T10:35,,0.0,,,,,,,
2026-09-14T10:40,116.9,0.0,1024.5,625.8,600.0,15.9,69.4,0.1,1.1
2026-09-14T10:45,,0.0,,,,,,,
2026-09-14T10:50,130.0,0.0,1024.1,638.2,600.0,16.4,68.1,1.0,1.9
2026-09-14T10:55,,0.0,,,,,,,
2026-09-14T11:00,103.4,0.0,1023.7,534.4,600.0,17.2,65.3,1.1,2.0
2026-09-14T11:05,,0.0,,,,,,,
2026-09-14T11:10,130.6,0.0,1023.7,586.2,600.0,17.1,63.8,1.1,2.1
2026-09-14T11:15,,0.0,,,,,,,
2026-09-14T11:20,203.6,0.0,1023.2,690.7,600.0,17.8,63.7,0.8,1.7
2026-09-14T11:25,,0.0,,,,,,,
2026-09-14T11:30,125.8,0.0,1022.6,719.7,600.0,18.5,59.8,1.0,2.4
2026-09-14T11:35,,0.0,,,,,,,
2026-09-14T11:40,132.9,0.0,1022.3,747.1,600.0,19.0,56.1,1.6,2.6
2026-09-14T11:45,,0.0,,,,,,,
2026-09-14T11:50,128.1,0.0,1022.1,780.9,600.0,19.5,51.9,1.5,2.2
2026-09-14T11:55,,0.0,,,,,,,
2026-09-14T12:00,40.6,0.0,1022.0,791.1,600.0,19.9,48.1,0.6,1.4
2026-09-14T12:05,,0.0,,,,,,,
2026-09-14T12:10,72.4,0.0,1021.7,659.6,590.0,20.3,48.8,0.4,1.7
2026-09-14T12:15,,0.0,,,,,,,
2026-09-14T12:20,15.8,0.0,1021.6,703.9,600.0,20.4,46.4,1.5,4.0
2026-09-14T12:25,,0.0,,,,,,,
2026-09-14T12:30,18.5,0.0,1021.4,871.1,600.0,20.6,45.2,0.9,2.7
2026-09-14T12:35,,0.0,,,,,,,
2026-09-14T12:40,54.3,0.0,1021.0,874.1,600.0,21.3,45.6,0.6,2.5
2026-09-14T12:45,,0.0,,,,,,,
2026-09-14T12:50,345.1,0.0,1021.1,764.1,504.0,21.3,44.3,1.1,2.5
2026-09-14T12:55,,0.0,,,,,,,
2026-09-14T13:00,353.9,0.0,1021.3,739.4,547.0,20.9,47.0,3.4,6.0
2026-09-14T13:05,,0.0,,,,,,,
2026-09-14T13:10,341.7,0.0,1021.4,825.2,600.0,20.8,48.1,3.2,5.8
2026-09-14T13:15,,0.0,,,,,,,
2026-09-14T13:20,347.7,0.0,1021.2,812.5,600.0,21.0,45.7,2.6,3.7
2026-09-14T13:25,,0.0,,,,,,,
2026-09-14T13:30,352.1,0.0,1021.1,828.7,599.0,21.2,41.3,2.5,4.3
2026-09-14T13:35,,0.0,,,,,,,
2026-09-14T13:40,354.7,0.0,1020.9,726.5,600.0,21.5,41.0,3.4,6.0
2026-09-14T13:45,,0.0,,,,,,,
2026-09-14T13:50,356.4,0.0,1020.9,864.8,600.0,21.7,42.4,3.0,5.9
2026-09-14T13:55,,0.0,,,,,,,
2026-09-14T14:00,355.2,0.0,1020.9,790.4,600.0,21.7,43.3,3.7,6.0
2026-09-14T14:05,,0.0,,,,,,,
2026-09-14T14:10,356.5,0.0,1021.0,821.8,600.0,21.5,43.3,2.9,6.1
2026-09-14T14:15,,0.0,,,,,,,
2026-09-14T14:20,1.7,0.0,1021.1,736.8,599.0,21.5,41.4,2.2,4.6
2026-09-14T14:25,,0.0,,,,,,,
2026-09-14T14:30,359.7,0.0,1021.3,783.8,600.0,21.0,40.8,2.3,4.1
2026-09-14T14:35,,0.0,,,,,,,
2026-09-14T14:40,354.1,0.0,1021.1,754.5,599.0,21.4,41.7,3.1,5.2
2026-09-14T14:45,,0.0,,,,,,,
2026-09-14T14:50,5.9,0.0,1021.0,668.1,600.0,21.6,42.1,2.3,6.3
2026-09-14T14:55,,0.0,,,,,,,
2026-09-14T15:00,359.9,0.0,1021.5,311.9,599.0,20.7,43.4,3.0,5.0
2026-09-14T15:05,,0.0,,,,,,,
2026-09-14T15:10,351.6,0.0,1021.8,203.7,366.0,20.0,43.4,2.3,4.6
2026-09-14T15:15,,0.0,,,,,,,
2026-09-14T15:20,348.9,0.0,1021.9,399.7,427.0,19.8,45.0,1.8,4.2
2026-09-14T15:25,,0.0,,,,,,,
2026-09-14T15:30,353.8,0.0,1021.5,696.6,600.0,20.7,42.0,2.1,4.0
2026-09-14T15:35,,0.0,,,,,,,
2026-09-14T15:40,346.8,0.0,1021.4,611.5,519.0,20.9,41.0,2.1,3.4
2026-09-14T15:45,,0.0,,,,,,,
2026-09-14T15:50,347.1,0.0,1021.3,674.5,600.0,21.1,40.2,2.4,4.4
2026-09-14T15:55,,0.0,,,,,,,
2026-09-14T16:00,349.6,0.0,1021.1,620.8,600.0,21.1,40.3,2.9,4.8
2026-09-14T16:05,,0.0,,,,,,,
2026-09-14T16:10,347.8,0.0,1021.2,516.6,569.0,20.9,41.5,2.4,4.5
2026-09-14T16:15,,0.0,,,,,,,
2026-09-14T16:20,333.9,0.0,1021.7,112.4,57.0,19.8,44.2,1.9,3.1
2026-09-14T16:25,,0.0,,,,,,,
2026-09-14T16:30,299.2,0.0,1022.5,87.0,8.0,18.4,52.2,2.7,4.6
2026-09-14T16:35,,0.0,,,,,,,
2026-09-14T16:40,290.3,0.0,1022.7,256.2,397.0,17.9,54.9,2.5,3.6
2026-09-14T16:45,,0.0,,,,,,,
2026-09-14T16:50,284.2,0.0,1022.5,90.6,45.0,18.3,51.4,1.7,2.8
2026-09-14T16:55,,0.0,,,,,,,
2026-09-14T17:00,274.0,0.0,1023.1,56.3,0.0,17.0,58.0,2.3,3.4
2026-09-14T17:05,,0.0,,,,,,,
2026-09-14T17:10,273.5,0.0,1023.3,137.8,171.0,16.6,58.5,1.9,3.4
2026-09-14T17:15,,0.0,,,,,,,
2026-09-14T17:20,276.0,0.0,1023.2,160.2,379.0,16.8,60.9,0.9,2.5
2026-09-14T17:25,,0.0,,,,,,,
2026-09-14T17:30,279.0,0.0,1023.1,340.2,599.0,17.2,59.2,1.3,2.5
2026-09-14T17:35,,0.0,,,,,,,
2026-09-14T17:40,279.0,0.0,1023.1,170.6,356.0,17.4,55.4,1.6,3.2
2026-09-14T17:45,,0.0,,,,,,,
2026-09-14T17:50,278.3,0.0,1023.3,260.5,600.0,16.6,58.5,2.6,3.8
2026-09-14T17:55,,0.0,,,,,,,
2026-09-14T18:00,268.1,0.0,1023.5,129.4,383.0,16.2,58.9,2.0,3.8
2026-09-14T18:05,,0.0,,,,,,,
2026-09-14T18:10,281.2,0.0,1023.9,32.8,0.0,15.5,61.5,2.2,3.7
2026-09-14T18:15,,0.0,,,,,,,
2026-09-14T18:20,277.9,0.0,1024.1,29.8,0.0,15.3,62.1,1.7,3.6
2026-09-14T18:25,,0.0,,,,,,,
2026-09-14T18:30,284.1,0.0,1024.2,23.8,0.0,15.1,63.0,0.9,2.7
2026-09-14T18:35,,0.0,,,,,,,
2026-09-14T18:40,289.6,0.0,1024.4,20.0,0.0,14.7,63.4,0.8,1.5
2026-09-14T18:45,,0.0,,,,,,,
2026-09-14T18:50,280.7,0.0,1024.7,16.2,0.0,14.5,63.5,1.0,2.1
2026-09-14T18:55,,0.0,,,,,,,
2026-09-14T19:00,285.6,0.0,1025.0,12.9,0.0,14.2,65.1,1.1,2.4
2026-09-14T19:05,,0.0,,,,,,,
2026-09-14T19:10,308.3,0.0,1025.3,8.3,0.0,13.8,66.2,1.1,2.5
2026-09-14T19:15,,0.0,,,,,,,
2026-09-14T19:20,289.6,0.0,1025.5,4.0,0.0,13.6,66.8,1.1,2.1
2026-09-14T19:25,,0.0,,,,,,,
2026-09-14T19:30,327.2,0.0,1025.7,0.6,0.0,13.1,69.9,0.4,1.9
2026-09-14T19:35,,0.0,,,,,,,
2026-09-14T19:40,285.3,0.0,1026.0,0.0,0.0,12.9,69.9,0.8,2.0
2026-09-14T19:45,,0.0,,,,,,,
2026-09-14T19:50,269.2,0.0,1026.5,0.0,0.0,12.5,70.8,0.8,1.6
2026-09-14T19:55,,0.0,,,,,,,
2026-09-14T20:00,288.4,0.0,1026.8,0.0,0.0,12.3,73.3,0.2,1.6
2026-09-14T20:05,,0.0,,,,,,,
2026-09-14T20:10,277.2,0.0,1027.0,0.0,0.0,12.0,75.5,0.2,1.5
2026-09-14T20:15,,0.0,,,,,,,
2026-09-14T20:20,179.2,0.0,1027.4,0.0,0.0,11.7,77.4,0.5,2.0
2026-09-14T20:25,,0.0,,,,,,,
2026-09-14T20:30,198.9,0.0,1027.8,0.0,0.0,11.4,77.5,0.2,1.2
2026-09-14T20:35,,0.0,,,,,,,
2026-09-14T20:40,139.5,0.0,1027.9,0.0,0.0,11.2,80.3,0.8,1.7
2026-09-14T20:45,,0.0,,,,,,,
2026-09-14T20:50,185.8,0.0,1028.0,0.0,0.0,11.1,79.6,1.4,3.0
2026-09-14T20:55,,0.0,,,,,,,
2026-09-14T21:00,174.8,0.0,1028.2,0.0,0.0,10.9,80.5,1.7,3.4
2026-09-14T21:05,,0.0,,,,,,,
2026-09-14T21:10,179.7,0.0,1028.1,0.0,0.0,11.0,79.3,2.3,3.8
2026-09-14T21:15,,0.0,,,,,,,
2026-09-14T21:20,173.7,0.0,1028.3,0.0,0.0,10.8,78.7,1.2,3.3
2026-09-14T21:25,,0.0,,,,,,,
2026-09-14T21:30,153.8,0.0,1028.4,0.0,0.0,10.6,79.9,0.7,3.0
2026-09-14T21:35,,0.0,,,,,,,
2026-09-14T21:40,60.7,0.0,1028.9,0.0,0.0,10.2,81.1,0.3,0.9
2026-09-14T21:45,,0.0,,,,,,,
2026-09-14T21:50,118.2,0.0,1029.0,0.0,0.0,9.9,84.0,0.6,1.1
2026-09-14T21:55,,0.0,,,,,,,
2026-09-14T22:00,89.1,0.0,1029.1,0.0,0.0,9.6,85.1,0.1,0.7
2026-09-14T22:05,,0.0,,,,,,,
2026-09-14T22:10,85.7,0.0,1029.2,0.0,0.0,9.5,84.6,0.5,1.1
2026-09-14T22:15,,0.0,,,,,,,
2026-09-14T22:20,141.3,0.0,1029.4,0.0,0.0,9.4,85.1,0.8,1.2
2026-09-14T22:25,,0.0,,,,,,,
2026-09-14T22:30,156.4,0.0,1029.5,0.0,0.0,9.3,85.0,0.3,0.9
2026-09-14T22:35,,0.0,,,,,,,
2026-09-14T22:40,96.4,0.0,1029.6,0.0,0.0,9.2,83.7,0.4,0.9
2026-09-14T22:45,,0.0,,,,,,,
2026-09-14T22:50,150.1,0.0,1029.6,0.0,0.0,9.2,84.2,0.7,1.3
2026-09-14T22:55,,0.0,,,,,,,
2026-09-14T23:00,123.8,0.0,1029.6,0.0,0.0,9.1,84.9,0.4,1.0
2026-09-14T23:05,,0.0,,,,,,,
2026-09-14T23:10,155.8,0.0,1029.9,0.0,0.0,8.6,88.0,0.9,1.4
2026-09-14T23:15,,0.0,,,,,,,
2026-09-14T23:20,140.1,0.0,1030.0,0.0,0.0,8.3,88.9,0.6,1.5
2026-09-14T23:25,,0.0,,,,,,,
2026-09-14T23:30,156.2,0.0,1030.0,0.0,0.0,8.5,87.6,0.6,1.2
2026-09-14T23:35,,0.0,,,,,,,
2026-09-14T23:40,171.0,0.0,1030.1,0.0,0.0,8.4,86.6,0.5,1.4
2026-09-14T23:45,,0.0,,,,,,,
2026-09-14T23:50,152.1,0.0,1030.3,0.0,0.0,8.1,88.3,0.7,1.9
2026-09-14T23:55,,0.0,,,,,,,
2026-09-15T00:00,160.9,0.0,1030.4,0.0,0.0,8.0,89.3,0.6,1.4
2026-09-15T00:05,,0.0,,,,,,,
2026-09-15T00:10,143.4,0.0,1030.4,0.0,0.0,7.9,88.6,0.6,1.1
2026-09-15T00:15,,0.0,,,,,,,
2026-09-15T00:20,137.2,0.0,1030.5,0.0,0.0,7.8,89.9,0.7,1.1
2026-09-15T00:25,,0.0,,,,,,,
2026-09-15T00:30,108.5,0.0,1030.5,0.0,0.0,7.7,90.1,0.4,0.9
2026-09-15T00:35,,0.0,,,,,,,
2026-09-15T00:40,136.1,0.0,1030.6,0.0,0.0,7.6,89.8,0.6,1.3
2026-09-15T00:45,,0.0,,,,,,,
2026-09-15T00:50,145.7,0.0,1030.5,0.0,0.0,7.5,90.6,0.9,1.4
2026-09-15T00:55,,0.0,,,,,,,
2026-09-15T01:00,158.0,0.0,1030.4,0.0,0.0,7.6,89.5,0.5,1.3
2026-09-15T01:05,,0.0,,,,,,,
2026-09-15T01:10,98.7,0.0,1030.6,0.0,0.0,7.2,90.7,0.4,0.8
2026-09-15T01:15,,0.0,,,,,,,
2026-09-15T01:20,121.1,0.0,1030.5,0.0,0.0,7.1,91.7,0.7,1.1
2026-09-15T01:25,,0.0,,,,,,,
2026-09-15T01:30,153.2,0.0,1030.6,0.0,0.0,7.2,91.4,0.5,0.9
2026-09-15T01:35,,0.0,,,,,,,
2026-09-15T01:40,170.1,0.0,1030.5,0.0,0.0,7.3,89.5,0.9,1.6
2026-09-15T01:45,,0.0,,,,,,,
2026-09-15T01:50,152.6,0.0,1030.7,0.0,0.0,7.1,91.4,1.0,1.3
2026-09-15T01:55,,0.0,,,,,,,
2026-09-15T02:00,142.5,0.0,1030.8,0.0,0.0,6.8,92.5,0.7,1.0
2026-09-15T02:05,,0.0,,,,,,,
2026-09-15T02:10,170.8,0.0,1030.8,0.0,0.0,6.7,92.6,0.6,1.2
2026-09-15T02:15,,0.0,,,,,,,
2026-09-15T02:20,179.5,0.0,1030.8,0.0,0.0,6.7,92.1,0.2,1.0
2026-09-15T02:25,,0.0,,,,,,,
2026-09-15T02:30,172.2,0.0,1030.7,0.0,0.0,6.6,92.4,0.6,1.2
2026-09-15T02:35,,0.0,,,,,,,
2026-09-15T02:40,135.1,0.0,1030.8,0.0,0.0,6.6,92.9,0.7,1.4
2026-09-15T02:45,,0.0,,,,,,,
2026-09-15T02:50,139.1,0.0,1030.7,0.0,0.0,6.7,91.7,0.5,0.9
2026-09-15T02:55,,0.0,,,,,,,
2026-09-15T03:00,157.6,0.0,1030.7,0.0,0.0,6.5,93.1,1.1,1.6
2026-09-15T03:05,,0.0,,,,,,,
2026-09-15T03:10,175.5,0.0,1030.6,0.0,0.0,6.5,92.8,0.8,1.4
2026-09-15T03:15,,0.0,,,,,,,
2026-09-15T03:20,169.8,0.0,1030.7,0.0,0.0,6.4,92.4,0.6,1.1
2026-09-15T03:25,,0.0,,,,,,,
2026-09-15T03:30,148.2,0.0,1030.8,0.0,0.0,6.1,93.6,0.6,1.1
2026-09-15T03:35,,0.0,,,,,,,
2026-09-15T03:40,114.9,0.0,1030.9,0.0,0.0,5.9,95.1,0.5,1.1
2026-09-15T03:45,,0.0,,,,,,,
2026-09-15T03:50,126.2,0.0,1031.0,0.0,0.0,5.8,95.2,0.6,1.0
2026-09-15T03:55,,0.0,,,,,,,
2026-09-15T04:00,120.9,0.0,1030.9,0.0,0.0,5.9,95.0,0.6,0.9
2026-09-15T04:05,,0.0,,,,,,,
2026-09-15T04:10,146.9,0.0,1031.0,0.0,0.0,5.8,95.2,0.8,1.4
2026-09-15T04:15,,0.0,,,,,,,
2026-09-15T04:20,150.0,0.0,1030.9,0.0,0.0,5.9,94.3,0.7,1.3
2026-09-15T04:25,,0.0,,,,,,,
2026-09-15T04:30,136.5,0.0,1031.0,0.0,0.0,5.7,95.4,0.6,1.0
2026-09-15T04:35,,0.0,,,,,,,
2026-09-15T04:40,133.4,0.0,1030.9,0.0,0.0,5.8,95.1,0.7,1.2
2026-09-15T04:45,,0.0,,,,,,,
2026-09-15T04:50,158.9,0.0,1030.8,0.0,0.0,5.8,94.8,1.1,1.7
2026-09-15T04:55,,0.0,,,,,,,
2026-09-15T05:00,144.4,0.0,1030.9,0.0,0.0,5.6,95.4,0.8,1.4
2026-09-15T05:05,,0.0,,,,,,,
2026-09-15T05:10,153.3,0.0,1030.7,0.0,0.0,5.6,95.6,0.8,1.2
2026-09-15T05:15,,0.0,,,,,,,
2026-09-15T05:20,153.1,0.0,1030.8,0.0,0.0,5.5,95.7,0.7,1.0
2026-09-15T05:25,,0.0,,,,,,,
2026-09-15T05:30,128.5,0.0,1030.9,0.0,0.0,5.3,96.1,0.6,1.0
2026-09-15T05:35,,0.0,,,,,,,
2026-09-15T05:40,131.9,0.0,1030.9,0.0,0.0,5.3,95.9,0.6,0.9
2026-09-15T05:45,,0.0,,,,,,,
2026-09-15T05:50,155.4,0.0,1030.9,0.0,0.0,5.4,96.1,0.6,1.1
2026-09-15T05:55,,0.0,,,,,,,
2026-09-15T06:00,159.1,0.0,1030.8,0.0,0.0,5.5,95.3,0.7,1.1
2026-09-15T06:05,,0.0,,,,,,,
2026-09-15T06:10,169.8,0.0,1030.8,0.0,0.0,5.3,95.6,0.9,1.6
2026-09-15T06:15,,0.0,,,,,,,
2026-09-15T06:20,171.0,0.0,1031.0,0.0,0.0,5.2,96.4,0.6,1.2
2026-09-15T06:25,,0.0,,,,,,,
2026-09-15T06:30,163.3,0.0,1030.9,0.0,0.0,5.1,95.8,1.0,1.3
2026-09-15T06:35,,0.0,,,,,,,
2026-09-15T06:40,161.8,0.0,1030.9,0.0,0.0,5.1,97.0,0.6,0.9
2026-09-15T06:45,,0.0,,,,,,,
2026-09-15T06:50,130.1,0.0,1030.8,0.0,0.0,5.1,95.5,0.5,1.1
2026-09-15T06:55,,0.0,,,,,,,
2026-09-15T07:00,117.7,0.0,1031.0,1.1,0.0,4.8,97.2,0.7,1.0
2026-09-15T07:05,,0.0,,,,,,,
2026-09-15T07:10,129.6,0.0,1030.9,4.6,0.0,5.0,97.2,0.3,0.9
2026-09-15T07:15,,0.0,,,,,,,
2026-09-15T07:20,160.9,0.0,1030.9,8.3,0.0,5.1,96.7,0.5,0.9
2026-09-15T07:25,,0.0,,,,,,,
2026-09-15T07:30,165.0,0.0,1030.9,12.0,0.0,5.0,96.4,0.9,1.6
2026-09-15T07:35,,0.0,,,,,,,
2026-09-15T07:40,136.3,0.0,1030.9,15.3,0.0,5.0,97.0,0.4,0.7
2026-09-15T07:45,,0.0,,,,,,,
2026-09-15T07:50,143.1,0.0,1031.0,18.1,0.0,4.9,97.2,0.7,0.9
2026-09-15T07:55,,0.0,,,,,,,
2026-09-15T08:00,157.6,0.0,1030.9,20.6,0.0,5.0,97.1,0.8,1.5
2026-09-15T08:05,,0.0,,,,,,,
2026-09-15T08:10,170.8,0.0,1030.9,23.0,0.0,5.0,97.0,1.1,1.6
2026-09-15T08:15,,0.0,,,,,,,
2026-09-15T08:20,145.9,0.0,1030.8,25.5,0.0,5.1,96.5,0.5,1.1
2026-09-15T08:25,,0.0,,,,,,,
2026-09-15T08:30,132.9,0.0,1030.7,28.4,0.0,5.1,96.7,0.5,1.1
2026-09-15T08:35,,0.0,,,,,,,
2026-09-15T08:40,139.4,0.0,1030.7,38.3,65.0,5.1,96.7,0.8,1.3
2026-09-15T08:45,,0.0,,,,,,,
2026-09-15T08:50,123.0,0.0,1030.4,259.5,599.0,5.7,96.2,0.7,1.1
2026-09-15T08:55,,0.0,,,,,,,
2026-09-15T09:00,144.6,0.0,1029.8,326.8,600.0,6.7,94.6,1.0,1.4
2026-09-15T09:05,,0.0,,,,,,,
2026-09-15T09:10,140.7,0.0,1029.2,356.9,599.0,7.6,90.8,1.1,1.4
2026-09-15T09:15,,0.0,,,,,,,
2026-09-15T09:20,144.0,0.0,1028.9,387.3,600.0,8.1,88.0,1.1,1.6
2026-09-15T09:25,,0.0,,,,,,,
2026-09-15T09:30,136.9,0.0,1028.5,415.9,599.0,8.9,83.8,1.2,1.6
2026-09-15T09:35,,0.0,,,,,,,
2026-09-15T09:40,147.4,0.0,1027.9,444.2,600.0,9.9,81.2,1.0,1.4
2026-09-15T09:45,,0.0,,,,,,,
2026-09-15T09:50,138.8,0.0,1027.3,471.1,600.0,10.7,77.8,0.8,1.4
2026-09-15T09:55,,0.0,,,,,,,
2026-09-15T10:00,147.3,0.0,1026.6,496.4,600.0,11.8,75.0,0.6,1.2
2026-09-15T10:05,,0.0,,,,,,,
2026-09-15T10:10,136.5,0.0,1026.1,521.4,599.0,12.4,71.4,1.2,1.8
2026-09-15T10:15,,0.0,,,,,,,
2026-09-15T10:20,72.7,0.0,1025.6,545.6,600.0,13.3,70.3,0.4,1.6
2026-09-15T10:25,,0.0,,,,,,,
2026-09-15T10:30,353.5,0.0,1025.1,569.2,600.0,13.7,64.3,0.9,1.6
2026-09-15T10:35,,0.0,,,,,,,
2026-09-15T10:40,11.7,0.0,1024.7,591.7,600.0,14.3,61.1,1.0,1.9
2026-09-15T10:45,,0.0,,,,,,,
2026-09-15T10:50,16.7,0.0,1024.2,612.1,599.0,15.1,59.3,0.9,2.0
2026-09-15T10:55,,0.0,,,,,,,
2026-09-15T11:00,16.5,0.0,1023.8,631.6,600.0,15.6,57.8,1.0,2.4
2026-09-15T11:05,,0.0,,,,,,,
2026-09-15T11:10,32.6,0.0,1023.5,649.8,598.0,15.9,56.5,0.8,1.9
2026-09-15T11:15,,0.0,,,,,,,
2026-09-15T11:20,4.3,0.0,1023.1,667.0,600.0,16.3,56.2,1.7,2.5
2026-09-15T11:25,,0.0,,,,,,,
2026-09-15T11:30,11.3,0.0,1022.6,682.0,600.0,17.1,55.3,0.9,2.0
2026-09-15T11:35,,0.0,,,,,,,
2026-09-15T11:40,11.2,0.0,1022.3,696.4,600.0,17.6,53.9,1.6,2.6
2026-09-15T11:45,,0.0,,,,,,,
2026-09-15T11:50,4.3,0.0,1022.0,709.6,599.0,18.0,52.8,2.2,3.5
2026-09-15T11:55,,0.0,,,,,,,
2026-09-15T12:00,1.8,0.0,1021.6,721.6,600.0,18.5,52.9,2.3,4.2
2026-09-15T12:05,,0.0,,,,,,,
2026-09-15T12:10,6.4,0.0,1021.3,731.1,600.0,18.9,52.1,1.4,2.5
2026-09-15T12:15,,0.0,,,,,,,
2026-09-15T12:20,62.9,0.0,1021.0,739.4,600.0,19.3,51.4,0.5,1.6
2026-09-15T12:25,,0.0,,,,,,,
2026-09-15T12:30,9.8,0.0,1020.6,746.2,599.0,19.8,50.8,0.7,2.3
2026-09-15T12:35,,0.0,,,,,,,
2026-09-15T12:40,20.7,0.0,1020.2,751.5,600.0,20.0,49.4,1.3,2.7
2026-09-15T12:45,,0.0,,,,,,,
2026-09-15T12:50,10.3,0.0,1019.8,754.7,600.0,20.4,48.6,1.6,3.2
2026-09-15T12:55,,0.0,,,,,,,
2026-09-15T13:00,0.9,0.0,1019.7,756.7,600.0,20.6,47.6,2.6,3.8
2026-09-15T13:05,,0.0,,,,,,,
2026-09-15T13:10,1.8,0.0,1019.4,757.1,600.0,20.9,47.1,2.0,3.2
2026-09-15T13:15,,0.0,,,,,,,
2026-09-15T13:20,354.1,0.0,1019.2,757.4,599.0,20.8,46.7,2.1,3.0
2026-09-15T13:25,,0.0,,,,,,,
2026-09-15T13:30,7.4,0.0,1018.9,755.3,600.0,21.0,45.8,1.9,2.8
2026-09-15T13:35,,0.0,,,,,,,
2026-09-15T13:40,5.2,0.0,1018.6,751.9,600.0,21.3,45.3,1.9,3.2
2026-09-15T13:45,,0.0,,,,,,,
2026-09-15T13:50,2.5,0.0,1018.4,744.7,600.0,21.4,45.1,1.8,3.2
2026-09-15T13:55,,0.0,,,,,,,
2026-09-15T14:00,10.3,0.0,1017.9,738.1,600.0,22.0,44.9,1.6,2.7
2026-09-15T14:05,,0.0,,,,,,,
2026-09-15T14:10,358.9,0.0,1017.8,731.0,600.0,22.0,44.5,2.3,3.4
2026-09-15T14:15,,0.0,,,,,,,
2026-09-15T14:20,0.1,0.0,1017.6,722.5,598.0,22.2,43.7,2.2,3.6
2026-09-15T14:25,,0.0,,,,,,,
2026-09-15T14:30,3.1,0.0,1017.5,712.7,600.0,22.3,42.3,2.4,3.8
2026-09-15T14:35,,0.0,,,,,,,
2026-09-15T14:40,2.3,0.0,1017.2,701.9,599.0,22.5,41.3,2.1,3.0
2026-09-15T14:45,,0.0,,,,,,,
2026-09-15T14:50,353.8,0.0,1017.0,689.0,600.0,22.6,39.7,2.4,4.2
2026-09-15T14:55,,0.0,,,,,,,
2026-09-15T15:00,350.8,0.0,1016.8,673.8,600.0,22.8,39.0,1.9,4.0
2026-09-15T15:05,,0.0,,,,,,,
2026-09-15T15:10,347.9,0.0,1016.8,655.4,599.0,22.8,37.0,2.5,4.5
2026-09-15T15:15,,0.0,,,,,,,
2026-09-15T15:20,339.3,0.0,1016.7,637.3,600.0,22.9,37.5,2.3,3.9
2026-09-15T15:25,,0.0,,,,,,,
2026-09-15T15:30,340.4,0.0,1016.5,617.2,600.0,22.9,38.2,1.9,3.5
2026-09-15T15:35,,0.0,,,,,,,
2026-09-15T15:40,349.4,0.0,1016.3,596.4,600.0,23.0,38.0,1.9,3.3
2026-09-15T15:45,,0.0,,,,,,,
2026-09-15T15:50,343.4,0.0,1016.1,574.2,600.0,23.0,37.7,2.1,3.4
2026-09-15T15:55,,0.0,,,,,,,
2026-09-15T16:00,347.4,0.0,1016.1,552.0,599.0,23.1,37.1,2.1,2.9
2026-09-15T16:05,,0.0,,,,,,,
2026-09-15T16:10,336.4,0.0,1016.0,527.4,600.0,23.0,37.7,1.9,3.2
2026-09-15T16:15,,0.0,,,,,,,
2026-09-15T16:20,302.0,0.0,1016.0,502.5,599.0,22.5,45.0,1.9,3.1
2026-09-15T16:25,,0.0,,,,,,,
2026-09-15T16:30,287.1,0.0,1016.4,477.8,600.0,21.4,51.5,2.7,3.8
2026-09-15T16:35,,0.0,,,,,,,
2026-09-15T16:40,286.1,0.0,1016.4,450.5,599.0,21.0,51.7,2.9,4.2
2026-09-15T16:45,,0.0,,,,,,,
2026-09-15T16:50,283.5,0.0,1016.6,423.5,600.0,20.7,50.8,3.1,4.1
2026-09-15T16:55,,0.0,,,,,,,
2026-09-15T17:00,289.1,0.0,1016.7,395.5,600.0,20.4,52.2,3.6,5.0
2026-09-15T17:05,,0.0,,,,,,,
2026-09-15T17:10,285.8,0.0,1016.7,367.4,600.0,20.0,52.6,3.9,5.1
2026-09-15T17:15,,0.0,,,,,,,
2026-09-15T17:20,287.8,0.0,1016.8,337.6,599.0,19.8,54.0,3.4,5.2
2026-09-15T17:25,,0.0,,,,,,,
2026-09-15T17:30,283.8,0.0,1016.9,306.7,600.0,19.6,54.1,3.5,4.9
2026-09-15T17:35,,0.0,,,,,,,
2026-09-15T17:40,279.0,0.0,1017.2,276.4,600.0,18.9,56.6,3.4,4.3
2026-09-15T17:45,,0.0,,,,,,,
2026-09-15T17:50,281.6,0.0,1017.5,235.4,600.0,18.3,59.0,3.0,4.6
2026-09-15T17:55,,0.0,,,,,,,
2026-09-15T18:00,282.3,0.0,1017.8,63.7,181.0,17.7,61.6,2.4,3.7
2026-09-15T18:05,,0.0,,,,,,,
2026-09-15T18:10,283.4,0.0,1018.0,27.6,0.0,17.4,62.5,1.6,2.9
2026-09-15T18:15,,0.0,,,,,,,
2026-09-15T18:20,289.7,0.0,1018.1,24.6,0.0,17.3,62.9,1.2,2.4
2026-09-15T18:25,,0.0,,,,,,,
2026-09-15T18:30,285.8,0.0,1018.3,21.7,0.0,17.0,64.2,1.0,2.2
2026-09-15T18:35,,0.0,,,,,,,
2026-09-15T18:40,295.6,0.0,1018.4,18.6,0.0,16.7,66.4,1.0,2.1
2026-09-15T18:45,,0.0,,,,,,,
2026-09-15T18:50,310.2,0.0,1018.8,15.5,0.0,16.1,69.2,0.2,1.6
2026-09-15T18:55,,0.0,,,,,,,
2026-09-15T19:00,295.0,0.0,1018.9,11.2,0.0,15.9,69.5,0.9,2.0
2026-09-15T19:05,,0.0,,,,,,,
2026-09-15T19:10,246.2,0.0,1019.1,7.0,0.0,15.5,71.3,0.2,1.3
2026-09-15T19:15,,0.0,,,,,,,
2026-09-15T19:20,262.5,0.0,1019.2,2.9,0.0,15.4,70.8,0.6,1.9
2026-09-15T19:25,,0.0,,,,,,,
2026-09-15T19:30,209.0,0.0,1019.4,0.1,0.0,15.3,70.9,0.3,1.2
2026-09-15T19:35,,0.0,,,,,,,
2026-09-15T19:40,275.4,0.0,1019.8,0.0,0.0,14.8,72.7,0.6,1.5
2026-09-15T19:45,,0.0,,,,,,,
2026-09-15T19:50,279.3,0.0,1020.1,0.0,0.0,14.2,75.3,0.7,1.4
2026-09-15T19:55,,0.0,,,,,,,
2026-09-15T20:00,159.3,0.0,1020.1,0.0,0.0,14.2,75.7,0.4,1.0
2026-09-15T20:05,,0.0,,,,,,,
2026-09-15T20:10,302.1,0.0,1020.5,0.0,0.0,13.8,76.3,0.1,0.9
2026-09-15T20:15,,0.0,,,,,,,
2026-09-15T20:20,358.0,0.0,1020.7,0.0,0.0,13.7,77.3,0.2,1.2
2026-09-15T20:25,,0.0,,,,,,,
2026-09-15T20:30,276.3,0.0,1021.0,0.0,0.0,13.4,77.5,0.4,1.1
2026-09-15T20:35,,0.0,,,,,,,
2026-09-15T20:40,179.6,0.0,1021.1,0.0,0.0,13.4,77.6,0.4,1.8
2026-09-15T20:45,,0.0,,,,,,,
2026-09-15T20:50,96.7,0.0,1021.2,0.0,0.0,13.0,81.1,0.5,1.0
2026-09-15T20:55,,0.0,,,,,,,
2026-09-15T21:00,266.0,0.0,1021.3,0.0,0.0,13.0,79.7,0.4,1.5
2026-09-15T21:05,,0.0,,,,,,,
2026-09-15T21:10,153.2,0.0,1022.0,0.0,0.0,12.2,84.0,0.6,1.2
2026-09-15T21:15,,0.0,,,,,,,
2026-09-15T21:20,36.5,0.0,1021.7,0.0,0.0,12.8,80.2,0.2,1.1
2026-09-15T21:25,,0.0,,,,,,,
2026-09-15T21:30,96.1,0.0,1021.9,0.0,0.0,12.4,80.7,0.4,1.0
2026-09-15T21:35,,0.0,,,,,,,
2026-09-15T21:40,154.6,0.0,1022.2,0.0,0.0,12.1,85.0,0.7,1.0
2026-09-15T21:45,,0.0,,,,,,,
2026-09-15T21:50,78.0,0.0,1022.3,0.0,0.0,12.1,82.4,0.2,0.7
2026-09-15T21:55,,0.0,,,,,,,
2026-09-15T22:00,91.9,0.0,1022.5,0.0,0.0,11.9,84.4,0.4,0.9
2026-09-15T22:05,,0.0,,,,,,,
2026-09-15T22:10,122.6,0.0,1022.7,0.0,0.0,11.8,84.4,0.2,0.8
2026-09-15T22:15,,0.0,,,,,,,
2026-09-15T22:20,142.4,0.0,1022.7,0.0,0.0,11.8,82.8,0.2,0.4
2026-09-15T22:25,,0.0,,,,,,,
2026-09-15T22:30,85.3,0.0,1022.9,0.0,0.0,11.5,84.9,0.3,0.7
2026-09-15T22:35,,0.0,,,,,,,
2026-09-15T22:40,151.1,0.0,1023.0,0.0,0.0,11.5,86.3,0.5,1.0
2026-09-15T22:45,,0.0,,,,,,,
2026-09-15T22:50,153.7,0.0,1023.1,0.0,0.0,11.3,86.0,0.2,0.7
2026-09-15T22:55,,0.0,,,,,,,
2026-09-15T23:00,88.7,0.0,1023.3,0.0,0.0,11.0,87.6,0.4,0.8
2026-09-15T23:05,,0.0,,,,,,,
2026-09-15T23:10,146.8,0.0,1023.4,0.0,0.0,10.9,88.5,0.4,1.0
2026-09-15T23:15,,0.0,,,,,,,
2026-09-15T23:20,131.8,0.0,1023.5,0.0,0.0,10.9,87.5,0.6,1.1
2026-09-15T23:25,,0.0,,,,,,,
2026-09-15T23:30,122.4,0.0,1023.6,0.0,0.0,10.6,90.2,0.3,1.0
2026-09-15T23:35,,0.0,,,,,,,
2026-09-15T23:40,110.0,0.0,1023.7,0.0,0.0,10.4,91.2,0.4,0.8
2026-09-15T23:45,,0.0,,,,,,,
2026-09-15T23:50,174.4,0.0,1023.5,0.0,0.0,10.9,87.9,0.6,1.0
2026-09-15T23:55,,0.0,,,,,,,
2026-09-16T00:00,159.0,0.0,1023.7,0.0,0.0,10.6,88.8,0.4,1.3
2026-09-16T00:05,,0.0,,,,,,,
2026-09-16T00:10,162.9,0.0,1023.7,0.0,0.0,10.5,89.0,0.6,1.1
2026-09-16T00:15,,0.0,,,,,,,
2026-09-16T00:20,113.3,0.0,1023.8,0.0,0.0,10.3,90.2,0.4,1.0
2026-09-16T00:25,,0.0,,,,,,,
2026-09-16T00:30,144.9,0.0,1024.0,0.0,0.0,9.9,92.3,0.6,1.1
2026-09-16T00:35,,0.0,,,,,,,
2026-09-16T00:40,136.1,0.0,1024.0,0.0,0.0,9.9,92.0,0.6,1.0
2026-09-16T00:45,,0.0,,,,,,,
2026-09-16T00:50,169.7,0.0,1024.0,0.0,0.0,9.8,93.1,0.6,1.2
2026-09-16T00:55,,0.0,,,,,,,
2026-09-16T01:00,146.5,0.0,1024.0,0.0,0.0,10.0,91.7,0.6,1.1
2026-09-16T01:05,,0.0,,,,,,,
2026-09-16T01:10,124.0,0.0,1024.2,0.0,0.0,9.6,93.8,0.4,0.8
2026-09-16T01:15,,0.0,,,,,,,
2026-09-16T01:20,87.4,0.0,1024.2,0.0,0.0,9.4,94.5,0.4,1.1
2026-09-16T01:25,,0.0,,,,,,,
2026-09-16T01:30,102.9,0.0,1024.0,0.0,0.0,9.6,93.2,0.5,0.9
2026-09-16T01:35,,0.0,,,,,,,
2026-09-16T01:40,157.8,0.0,1023.9,0.0,0.0,9.7,93.1,0.5,0.7
2026-09-16T01:45,,0.0,,,,,,,
2026-09-16T01:50,151.5,0.0,1024.0,0.0,0.0,9.5,94.0,0.5,0.8
2026-09-16T01:55,,0.0,,,,,,,
2026-09-16T02:00,155.8,0.0,1024.2,0.0,0.0,9.4,94.5,0.6,1.0
2026-09-16T02:05,,0.0,,,,,,,
2026-09-16T02:10,139.4,0.0,1024.2,0.0,0.0,9.3,93.6,0.3,0.8
2026-09-16T02:15,,0.0,,,,,,,
2026-09-16T02:20,131.3,0.0,1024.4,0.0,0.0,8.9,95.4,0.7,1.1
2026-09-16T02:25,,0.0,,,,,,,
2026-09-16T02:30,146.4,0.0,1024.1,0.0,0.0,9.2,94.6,0.6,1.0
2026-09-16T02:35,,0.0,,,,,,,
2026-09-16T02:40,175.5,0.0,1024.0,0.0,0.0,9.2,94.0,0.6,1.0
2026-09-16T02:45,,0.0,,,,,,,
2026-09-16T02:50,171.3,0.0,1024.0,0.0,0.0,9.2,93.7,0.5,1.1
2026-09-16T02:55,,0.0,,,,,,,
2026-09-16T03:00,118.1,0.0,1024.1,0.0,0.0,8.7,95.8,0.7,1.1
2026-09-16T03:05,,0.0,,,,,,,
2026-09-16T03:10,138.8,0.0,1024.1,0.0,0.0,8.7,96.8,0.6,0.9
2026-09-16T03:15,,0.0,,,,,,,
2026-09-16T03:20,159.8,0.0,1024.1,0.0,0.0,8.8,96.2,0.6,1.0
2026-09-16T03:25,,0.0,,,,,,,
2026-09-16T03:30,166.0,0.0,1024.1,0.0,0.0,8.8,95.6,0.5,0.9
2026-09-16T03:35,,0.0,,,,,,,
2026-09-16T03:40,150.8,0.0,1024.2,0.0,0.0,8.5,96.1,0.4,1.0
2026-09-16T03:45,,0.0,,,,,,,
2026-09-16T03:50,103.8,0.0,1024.0,0.0,0.0,8.5,95.8,0.3,0.9
2026-09-16T03:55,,0.0,,,,,,,
2026-09-16T04:00,148.4,0.0,1024.1,0.0,0.0,8.3,97.0,0.7,1.0
2026-09-16T04:05,,0.0,,,,,,,
2026-09-16T04:10,150.6,0.0,1024.2,0.0,0.0,8.2,97.0,0.6,1.3
2026-09-16T04:15,,0.0,,,,,,,
2026-09-16T04:20,130.9,0.0,1024.0,0.0,0.0,8.2,96.9,0.6,1.2
2026-09-16T04:25,,0.0,,,,,,,
2026-09-16T04:30,137.4,0.0,1024.0,0.0,0.0,8.1,97.3,0.9,1.5
2026-09-16T04:35,,0.0,,,,,,,
2026-09-16T04:40,182.1,0.0,1023.9,0.0,0.0,8.3,96.9,0.9,1.4
2026-09-16T04:45,,0.0,,,,,,,
2026-09-16T04:50,176.3,0.0,1023.8,0.0,0.0,8.3,95.7,0.9,1.4
2026-09-16T04:55,,0.0,,,,,,,
2026-09-16T05:00,145.8,0.0,1023.9,0.0,0.0,8.0,97.4,0.6,1.3
2026-09-16T05:05,,0.0,,,,,,,
2026-09-16T05:10,135.9,0.0,1023.9,0.0,0.0,7.8,97.7,0.4,0.8
2026-09-16T05:15,,0.0,,,,,,,
2026-09-16T05:20,149.7,0.0,1023.7,0.0,0.0,8.0,97.5,0.8,1.3
2026-09-16T05:25,,0.0,,,,,,,
2026-09-16T05:30,134.7,0.0,1023.7,0.0,0.0,7.9,97.6,0.5,1.1
2026-09-16T05:35,,0.0,,,,,,,
2026-09-16T05:40,157.5,0.0,1023.6,0.0,0.0,7.9,97.6,0.6,1.0
2026-09-16T05:45,,0.0,,,,,,,
2026-09-16T05:50,140.9,0.0,1023.7,0.0,0.0,7.8,97.6,0.7,1.1
2026-09-16T05:55,,0.0,,,,,,,
2026-09-16T06:00,140.7,0.0,1023.7,0.0,0.0,7.7,98.1,0.6,0.9
2026-09-16T06:05,,0.0,,,,,,,
2026-09-16T06:10,116.0,0.0,1023.6,0.0,0.0,7.6,98.0,0.6,0.9
2026-09-16T06:15,,0.0,,,,,,,
2026-09-16T06:20,157.0,0.0,1023.5,0.0,0.0,7.8,97.6,0.8,1.1
2026-09-16T06:25,,0.0,,,,,,,
2026-09-16T06:30,182.0,0.0,1023.3,0.0,0.0,8.1,96.5,1.0,1.5
2026-09-16T06:35,,0.0,,,,,,,
2026-09-16T06:40,149.2,0.0,1023.3,0.0,0.0,7.8,97.4,0.7,1.7
2026-09-16T06:45,,0.0,,,,,,,
2026-09-16T06:50,90.9,0.0,1023.3,0.0,0.0,7.8,97.7,0.5,0.9
2026-09-16T06:55,,0.0,,,,,,,
2026-09-16T07:00,155.6,0.0,1023.4,0.6,0.0,7.9,97.3,0.5,0.9
2026-09-16T07:05,,0.0,,,,,,,
2026-09-16T07:10,119.4,0.0,1023.3,3.7,0.0,8.2,96.6,0.7,1.4
2026-09-16T07:15,,0.0,,,,,,,
2026-09-16T07:20,152.8,0.0,1023.3,8.4,0.0,8.3,96.4,0.4,0.9
2026-09-16T07:25,,0.0,,,,,,,
2026-09-16T07:30,146.2,0.0,1023.2,17.7,0.0,8.5,96.2,0.7,1.1
2026-09-16T07:35,,0.0,,,,,,,
2026-09-16T07:40,166.3,0.0,1023.2,31.3,0.0,8.6,96.7,1.0,1.5
2026-09-16T07:45,,0.0,,,,,,,
2026-09-16T07:50,144.8,0.0,1023.0,38.3,0.0,8.8,96.0,0.8,1.4
2026-09-16T07:55,,0.0,,,,,,,
2026-09-16T08:00,147.3,0.0,1022.8,45.0,0.0,9.1,95.3,0.6,1.4
2026-09-16T08:05,,0.0,,,,,,,
2026-09-16T08:10,146.6,0.0,1022.5,55.2,0.0,9.4,94.8,0.5,0.9
2026-09-16T08:15,,0.0,,,,,,,
2026-09-16T08:20,127.5,0.0,1022.4,72.8,0.0,9.6,93.9,0.7,1.3
2026-09-16T08:25,,0.0,,,,,,,
2026-09-16T08:30,105.1,0.0,1022.2,76.8,0.0,9.9,92.1,0.5,0.8
2026-09-16T08:35,,0.0,,,,,,,
2026-09-16T08:40,120.4,0.0,1022.0,84.2,0.0,10.3,91.3,0.3,1.1
2026-09-16T08:45,,0.0,,,,,,,
2026-09-16T08:50,143.4,0.0,1022.0,103.1,0.0,10.3,91.9,0.7,1.0
2026-09-16T08:55,,0.0,,,,,,,
2026-09-16T09:00,153.9,0.0,1021.8,129.0,0.0,10.7,91.1,0.7,0.9
2026-09-16T09:05,,0.0,,,,,,,
2026-09-16T09:10,133.3,0.0,1021.6,148.2,0.0,11.1,88.8,0.7,1.0
2026-09-16T09:15,,0.0,,,,,,,
2026-09-16T09:20,144.1,0.0,1021.3,172.1,0.0,11.4,88.4,0.6,1.0
2026-09-16T09:25,,0.0,,,,,,,
2026-09-16T09:30,101.9,0.0,1021.1,186.2,451.0,11.9,85.0,0.7,1.1
2026-09-16T09:35,,0.0,,,,,,,
2026-09-16T09:40,105.6,0.0,1020.7,321.4,600.0,12.5,84.1,0.3,0.8
2026-09-16T09:45,,0.0,,,,,,,
2026-09-16T09:50,112.4,0.0,1020.0,445.3,599.0,13.5,81.0,0.4,1.1
2026-09-16T09:55,,0.0,,,,,,,
2026-09-16T10:00,147.1,0.0,1019.3,471.2,600.0,14.4,79.3,0.8,1.7
2026-09-16T10:05,,0.0,,,,,,,
2026-09-16T10:10,139.6,0.0,1019.0,496.3,600.0,15.0,75.8,1.3,2.1
2026-09-16T10:15,,0.0,,,,,,,
2026-09-16T10:20,133.0,0.0,1018.6,522.4,600.0,15.5,73.9,1.5,2.0
2026-09-16T10:25,,0.0,,,,,,,
2026-09-16T10:30,130.8,0.0,1018.2,546.2,600.0,15.9,72.7,1.5,2.2
2026-09-16T10:35,,0.0,,,,,,,
2026-09-16T10:40,132.8,0.0,1017.8,569.3,600.0,16.5,71.3,1.7,3.0
2026-09-16T10:45,,0.0,,,,,,,
2026-09-16T10:50,133.4,0.0,1017.7,591.0,600.0,16.7,69.0,1.6,2.2
2026-09-16T10:55,,0.0,,,,,,,
2026-09-16T11:00,132.1,0.0,1017.1,610.7,600.0,17.3,68.2,1.3,1.9
2026-09-16T11:05,,0.0,,,,,,,
2026-09-16T11:10,136.7,0.0,1016.6,628.8,600.0,17.9,67.5,0.7,1.7
2026-09-16T11:15,,0.0,,,,,,,
2026-09-16T11:20,127.0,0.0,1016.4,646.0,600.0,18.0,65.9,0.4,1.4
2026-09-16T11:25,,0.0,,,,,,,
2026-09-16T11:30,139.9,0.0,1016.0,662.4,599.0,18.6,64.0,0.7,1.9
2026-09-16T11:35,,0.0,,,,,,,
2026-09-16T11:40,356.8,0.0,1015.7,677.6,600.0,18.8,64.0,0.8,2.1
2026-09-16T11:45,,0.0,,,,,,,
2026-09-16T11:50,16.0,0.0,1015.5,691.4,600.0,19.0,62.0,1.2,1.9
2026-09-16T11:55,,0.0,,,,,,,
2026-09-16T12:00,7.0,0.0,1015.1,703.8,600.0,19.3,60.9,1.6,2.7
2026-09-16T12:05,,0.0,,,,,,,
2026-09-16T12:10,10.6,0.0,1014.7,713.0,599.0,19.8,59.4,1.5,2.7
2026-09-16T12:15,,0.0,,,,,,,
2026-09-16T12:20,5.2,0.0,1014.5,721.2,600.0,20.0,58.6,1.8,3.3
2026-09-16T12:25,,0.0,,,,,,,
2026-09-16T12:30,4.3,0.0,1014.1,728.2,600.0,20.4,57.8,2.2,3.2
2026-09-16T12:35,,0.0,,,,,,,
2026-09-16T12:40,354.2,0.0,1013.9,734.4,599.0,20.7,57.8,2.3,3.5
2026-09-16T12:45,,0.0,,,,,,,
2026-09-16T12:50,354.6,0.0,1013.6,738.5,600.0,21.0,57.3,2.4,3.7
2026-09-16T12:55,,0.0,,,,,,,
2026-09-16T13:00,356.9,0.0,1013.3,741.7,599.0,21.2,55.4,2.6,4.2
2026-09-16T13:05,,0.0,,,,,,,
2026-09-16T13:10,359.4,0.0,1013.1,748.6,600.0,21.6,54.5,2.5,3.9
2026-09-16T13:15,,0.0,,,,,,,
2026-09-16T13:20,355.0,0.0,1012.8,746.4,600.0,21.7,53.3,2.5,3.8
2026-09-16T13:25,,0.0,,,,,,,
2026-09-16T13:30,356.8,0.0,1012.6,745.9,598.0,22.0,52.8,2.5,3.7
2026-09-16T13:35,,0.0,,,,,,,
2026-09-16T13:40,0.4,0.0,1012.5,740.1,600.0,22.0,51.9,2.3,3.4
2026-09-16T13:45,,0.0,,,,,,,
2026-09-16T13:50,358.6,0.0,1012.2,737.6,599.0,22.4,51.1,2.4,4.2
2026-09-16T13:55,,0.0,,,,,,,
2026-09-16T14:00,356.8,0.0,1011.9,743.9,600.0,22.6,50.5,2.4,4.0
2026-09-16T14:05,,0.0,,,,,,,
2026-09-16T14:10,353.5,0.0,1011.7,731.6,599.0,22.8,49.4,2.0,4.1
2026-09-16T14:15,,0.0,,,,,,,
2026-09-16T14:20,359.6,0.0,1011.4,724.8,600.0,23.1,47.6,2.4,3.7
2026-09-16T14:25,,0.0,,,,,,,
2026-09-16T14:30,352.5,0.0,1011.2,721.4,600.0,23.3,46.4,2.6,4.2
2026-09-16T14:35,,0.0,,,,,,,
2026-09-16T14:40,349.0,0.0,1011.1,714.0,600.0,23.3,45.2,2.5,4.1
2026-09-16T14:45,,0.0,,,,,,,
2026-09-16T14:50,345.7,0.0,1010.9,698.1,600.0,23.3,45.9,2.7,3.9
2026-09-16T14:55,,0.0,,,,,,,
2026-09-16T15:00,344.1,0.0,1010.7,678.1,599.0,23.5,47.0,2.4,3.8
2026-09-16T15:05,,0.0,,,,,,,
2026-09-16T15:10,345.2,0.0,1010.5,676.7,600.0,23.5,45.8,2.0,3.6
2026-09-16T15:15,,0.0,,,,,,,
2026-09-16T15:20,337.8,0.0,1010.2,679.4,600.0,23.7,45.2,2.0,3.3
2026-09-16T15:25,,0.0,,,,,,,
2026-09-16T15:30,321.5,0.0,1010.1,652.6,599.0,23.7,46.5,1.7,3.2
2026-09-16T15:35,,0.0,,,,,,,
2026-09-16T15:40,350.0,0.0,1010.1,619.6,600.0,23.8,44.4,2.0,3.1
2026-09-16T15:45,,0.0,,,,,,,
2026-09-16T15:50,338.8,0.0,1009.9,589.1,600.0,23.8,43.6,1.8,3.2
2026-09-16T15:55,,0.0,,,,,,,
2026-09-16T16:00,347.2,0.0,1009.8,562.2,599.0,23.7,42.4,2.1,3.3
2026-09-16T16:05,,0.0,,,,,,,
2026-09-16T16:10,342.3,0.0,1009.7,539.9,600.0,23.7,41.2,2.2,3.2
2026-09-16T16:15,,0.0,,,,,,,
2026-09-16T16:20,339.1,0.0,1009.4,521.6,600.0,23.8,41.0,2.0,3.4
2026-09-16T16:25,,0.0,,,,,,,
2026-09-16T16:30,296.9,0.0,1009.6,497.1,599.0,23.4,47.5,2.1,3.1
2026-09-16T16:35,,0.0,,,,,,,
2026-09-16T16:40,284.8,0.0,1010.3,315.5,451.0,21.7,53.2,3.4,5.2
2026-09-16T16:45,,0.0,,,,,,,
2026-09-16T16:50,286.0,0.0,1010.8,183.2,214.0,20.5,58.4,3.8,4.7
2026-09-16T16:55,,0.0,,,,,,,
2026-09-16T17:00,291.1,0.0,1011.0,88.7,0.0,20.2,58.3,3.4,4.7
2026-09-16T17:05,,0.0,,,,,,,
2026-09-16T17:10,287.1,0.0,1011.0,83.4,0.0,20.2,57.3,2.1,3.8
2026-09-16T17:15,,0.0,,,,,,,
2026-09-16T17:20,289.2,0.0,1010.7,130.9,0.0,20.8,54.3,1.2,2.8
2026-09-16T17:25,,0.0,,,,,,,
2026-09-16T17:30,300.6,0.0,1010.6,186.7,197.0,20.9,56.3,0.9,2.6
2026-09-16T17:35,,0.0,,,,,,,
2026-09-16T17:40,313.1,0.0,1010.5,141.6,80.0,21.2,56.2,1.1,2.4
2026-09-16T17:45,,0.0,,,,,,,
2026-09-16T17:50,323.4,0.0,1010.4,170.6,349.0,21.4,53.4,1.4,2.3
2026-09-16T17:55,,0.0,,,,,,,
2026-09-16T18:00,245.5,0.0,1010.9,64.5,0.0,19.9,62.5,0.8,2.0
2026-09-16T18:05,,0.0,,,,,,,
2026-09-16T18:10,289.0,0.0,1011.4,42.9,0.0,18.9,66.2,1.6,2.7
2026-09-16T18:15,,0.0,,,,,,,
2026-09-16T18:20,276.4,0.0,1011.7,41.0,0.0,18.2,67.5,1.4,2.6
2026-09-16T18:25,,0.0,,,,,,,
2026-09-16T18:30,280.4,0.0,1011.7,34.4,0.0,18.1,65.9,2.0,3.4
2026-09-16T18:35,,0.0,,,,,,,
2026-09-16T18:40,280.0,0.0,1012.0,32.5,0.0,17.4,68.8,1.7,4.2
2026-09-16T18:45,,0.0,,,,,,,
2026-09-16T18:50,284.7,0.0,1012.2,25.4,0.0,17.3,68.4,1.4,2.7
2026-09-16T18:55,,0.0,,,,,,,
2026-09-16T19:00,283.1,0.0,1012.3,13.5,0.0,17.2,67.7,2.2,3.5
2026-09-16T19:05,,0.0,,,,,,,
2026-09-16T19:10,263.5,0.0,1012.5,4.3,0.0,17.0,69.4,0.8,3.9
2026-09-16T19:15,,0.0,,,,,,,
2026-09-16T19:20,282.1,0.0,1012.8,0.9,0.0,16.4,70.7,1.2,2.6
2026-09-16T19:25,,0.0,,,,,,,
2026-09-16T19:30,289.8,0.0,1013.1,0.0,0.0,16.2,70.4,2.6,3.8
2026-09-16T19:35,,0.0,,,,,,,
2026-09-16T19:40,287.0,0.0,1013.5,0.0,0.0,15.9,73.0,1.5,3.2
2026-09-16T19:45,,0.0,,,,,,,
2026-09-16T19:50,283.0,0.0,1013.5,0.0,0.0,16.3,70.8,1.6,2.6
2026-09-16T19:55,,0.0,,,,,,,
2026-09-16T20:00,242.8,0.0,1013.7,0.0,0.0,16.2,73.2,0.5,3.4
2026-09-16T20:05,,0.0,,,,,,,
2026-09-16T20:10,181.2,0.0,1014.1,0.0,0.0,16.1,75.1,0.7,1.6
2026-09-16T20:15,,0.0,,,,,,,
2026-09-16T20:20,188.3,0.0,1014.1,0.0,0.0,16.0,76.2,0.9,2.7
2026-09-16T20:25,,0.0,,,,,,,
2026-09-16T20:30,186.8,0.0,1013.4,0.0,0.0,17.7,64.6,2.4,6.0
2026-09-16T20:35,,0.0,,,,,,,
2026-09-16T20:40,152.9,0.0,1013.9,0.0,0.0,16.9,69.5,1.3,2.2
2026-09-16T20:45,,0.0,,,,,,,
2026-09-16T20:50,178.3,0.0,1014.0,0.0,0.0,16.7,71.3,1.1,1.6
2026-09-16T20:55,,0.0,,,,,,,
2026-09-16T21:00,175.4,0.0,1014.2,0.0,0.0,16.6,71.1,0.6,1.5
2026-09-16T21:05,,0.0,,,,,,,
2026-09-16T21:10,167.3,0.0,1014.4,0.0,0.0,16.6,69.8,0.3,1.0
2026-09-16T21:15,,0.0,,,,,,,
2026-09-16T21:20,176.4,0.0,1014.6,0.0,0.0,16.4,70.8,0.9,1.7
2026-09-16T21:25,,0.0,,,,,,,
2026-09-16T21:30,250.1,0.0,1014.9,0.0,0.0,16.0,73.3,1.0,1.8
2026-09-16T21:35,,0.0,,,,,,,
2026-09-16T21:40,248.5,0.0,1015.1,0.0,0.0,15.8,75.5,0.4,1.4
2026-09-16T21:45,,0.0,,,,,,,
2026-09-16T21:50,184.0,0.1,1014.9,0.0,0.0,16.2,73.6,0.8,1.9
2026-09-16T21:55,,0.0,,,,,,,
2026-09-16T22:00,259.3,0.0,1015.3,0.0,0.0,15.2,83.9,0.8,1.9
2026-09-16T22:05,,0.0,,,,,,,
2026-09-16T22:10,306.4,0.0,1015.6,0.0,0.0,14.7,87.5,0.2,1.5
2026-09-16T22:15,,0.0,,,,,,,
2026-09-16T22:20,266.9,0.0,1015.4,0.0,0.0,15.1,84.4,0.5,1.3
2026-09-16T22:25,,0.0,,,,,,,
2026-09-16T22:30,243.6,0.0,1015.6,0.0,0.0,14.9,86.5,0.7,2.2
2026-09-16T22:35,,0.0,,,,,,,
2026-09-16T22:40,258.5,0.0,1015.6,0.0,0.0,15.3,83.2,1.1,2.5
2026-09-16T22:45,,0.0,,,,,,,
2026-09-16T22:50,204.1,0.0,1015.6,0.0,0.0,15.4,82.1,0.7,2.5
2026-09-16T22:55,,0.0,,,,,,,
2026-09-16T23:00,184.5,0.0,1015.6,0.0,0.0,15.3,82.3,1.5,3.2
2026-09-16T23:05,,0.0,,,,,,,
2026-09-16T23:10,208.3,0.0,1015.6,0.0,0.0,15.7,78.4,0.9,2.4
2026-09-16T23:15,,0.0,,,,,,,
2026-09-16T23:20,359.4,0.0,1015.6,0.0,0.0,15.9,72.8,2.1,5.4
2026-09-16T23:25,,0.0,,,,,,,
2026-09-16T23:30,2.2,0.0,1015.5,0.0,0.0,16.3,61.5,1.8,5.1
2026-09-16T23:35,,0.0,,,,,,,
2026-09-16T23:40,320.1,0.0,1015.4,0.0,0.0,16.4,57.8,1.9,4.3
2026-09-16T23:45,,0.0,,,,,,,
2026-09-16T23:50,287.9,0.0,1015.7,0.0,0.0,16.2,58.1,1.8,3.7
2026-09-16T23:55,,0.0,,,,,,,
2026-09-17T00:00,289.2,0.0,1016.2,0.0,0.0,15.9,59.3,3.5,6.5
2026-09-17T00:05,,0.1,,,,,,,
2026-09-17T00:10,326.1,0.0,1016.9,0.0,0.0,14.7,68.5,2.9,7.4
2026-09-17T00:15,,0.0,,,,,,,
2026-09-17T00:20,52.9,0.0,1017.8,0.0,0.0,13.5,79.7,0.3,3.1
2026-09-17T00:25,,0.0,,,,,,,
2026-09-17T00:30,179.2,0.0,1018.3,0.0,0.0,12.4,90.7,1.6,2.5
2026-09-17T00:35,,0.0,,,,,,,
2026-09-17T00:40,205.7,0.0,1018.2,0.0,0.0,12.2,92.5,1.7,2.6
2026-09-17T00:45,,0.0,,,,,,,
2026-09-17T00:50,119.0,0.0,1018.1,0.0,0.0,12.1,94.3,0.4,1.8
2026-09-17T00:55,,0.0,,,,,,,
2026-09-17T01:00,10.0,0.0,1018.0,0.0,0.0,12.1,95.1,0.8,1.6
2026-09-17T01:05,,0.0,,,,,,,
2026-09-17T01:10,339.9,0.0,1018.0,0.0,0.0,11.9,96.7,0.3,1.5
2026-09-17T01:15,,0.0,,,,,,,
2026-09-17T01:20,356.4,0.0,1018.0,0.0,0.0,12.0,96.3,0.5,1.6
2026-09-17T01:25,,0.0,,,,,,,
2026-09-17T01:30,244.5,0.0,1018.0,0.0,0.0,12.0,95.0,0.2,1.4
2026-09-17T01:35,,0.0,,,,,,,
2026-09-17T01:40,178.1,0.0,1018.2,0.0,0.0,11.8,97.4,1.8,2.3
2026-09-17T01:45,,0.0,,,,,,,
2026-09-17T01:50,278.4,0.0,1018.1,0.0,0.0,11.7,96.6,0.5,1.4
2026-09-17T01:55,,0.0,,,,,,,
2026-09-17T02:00,59.6,0.0,1018.1,0.0,0.0,11.8,96.6,0.2,1.1
2026-09-17T02:05,,0.0,,,,,,,
2026-09-17T02:10,182.5,0.0,1018.0,0.0,0.0,11.7,97.6,0.2,0.7
2026-09-17T02:15,,0.0,,,,,,,
2026-09-17T02:20,73.6,0.0,1018.1,0.0,0.0,11.7,97.5,0.3,1.0
2026-09-17T02:25,,0.0,,,,,,,
2026-09-17T02:30,164.5,0.0,1018.1,0.0,0.0,11.6,98.3,0.7,0.9
2026-09-17T02:35,,0.0,,,,,,,
2026-09-17T02:40,180.1,0.0,1017.9,0.0,0.0,11.6,98.3,0.5,1.0
2026-09-17T02:45,,0.0,,,,,,,
2026-09-17T02:50,21.6,0.0,1017.8,0.0,0.0,11.6,98.1,0.4,1.3
2026-09-17T02:55,,0.0,,,,,,,
2026-09-17T03:00,359.0,0.0,1017.6,0.0,0.0,11.7,98.4,0.6,1.1
2026-09-17T03:05,,0.0,,,,,,,
2026-09-17T03:10,24.3,0.0,1017.6,0.0,0.0,11.7,98.5,0.5,1.4
2026-09-17T03:15,,0.0,,,,,,,
2026-09-17T03:20,152.0,0.0,1017.6,0.0,0.0,11.6,98.9,0.6,1.3
2026-09-17T03:25,,0.0,,,,,,,
2026-09-17T03:30,196.3,0.0,1017.5,0.0,0.0,11.6,98.8,1.2,1.6
2026-09-17T03:35,,0.0,,,,,,,
2026-09-17T03:40,187.6,0.0,1017.5,0.0,0.0,11.6,97.4,0.8,1.4
2026-09-17T03:45,,0.0,,,,,,,
2026-09-17T03:50,134.2,0.0,1017.6,0.0,0.0,11.6,97.8,0.6,1.0
2026-09-17T03:55,,0.0,,,,,,,
2026-09-17T04:00,174.9,0.0,1017.9,0.0,0.0,11.6,98.2,0.5,0.9
2026-09-17T04:05,,0.0,,,,,,,
2026-09-17T04:10,152.7,0.0,1018.0,0.0,0.0,11.6,98.8,0.5,0.9
2026-09-17T04:15,,0.0,,,,,,,
2026-09-17T04:20,242.6,0.0,1018.0,0.0,0.0,11.6,98.6,0.2,0.6
2026-09-17T04:25,,0.0,,,,,,,
2026-09-17T04:30,172.3,0.0,1018.0,0.0,0.0,11.6,97.5,0.1,0.9
2026-09-17T04:35,,0.0,,,,,,,
2026-09-17T04:40,347.9,0.0,1017.7,0.0,0.0,11.6,98.5,0.9,1.6
2026-09-17T04:45,,0.0,,,,,,,
2026-09-17T04:50,19.3,0.0,1017.7,0.0,0.0,11.7,97.9,0.7,1.3
2026-09-17T04:55,,0.0,,,,,,,
2026-09-17T05:00,32.5,0.0,1017.7,0.0,0.0,11.7,98.4,0.9,1.3
2026-09-17T05:05,,0.0,,,,,,,
2026-09-17T05:10,357.2,0.0,1017.7,0.0,0.0,11.6,98.8,1.0,1.8
2026-09-17T05:15,,0.0,,,,,,,
2026-09-17T05:20,13.9,0.0,1017.7,0.0,0.0,11.7,98.2,0.7,1.5
2026-09-17T05:25,,0.0,,,,,,,
2026-09-17T05:30,55.1,0.0,1017.7,0.0,0.0,11.7,98.3,0.4,1.1
2026-09-17T05:35,,0.0,,,,,,,
2026-09-17T05:40,329.6,0.0,1017.7,0.0,0.0,11.7,98.6,0.5,1.3
2026-09-17T05:45,,0.0,,,,,,,
2026-09-17T05:50,344.6,0.0,1017.6,0.0,0.0,11.8,96.6,1.1,2.7
2026-09-17T05:55,,0.0,,,,,,,
2026-09-17T06:00,337.3,0.0,1017.7,0.0,0.0,11.8,94.0,1.4,2.6
2026-09-17T06:05,,0.0,,,,,,,
2026-09-17T06:10,333.7,0.0,1017.9,0.0,0.0,11.8,92.8,1.8,2.9
2026-09-17T06:15,,0.0,,,,,,,
2026-09-17T06:20,349.1,0.0,1018.2,0.0,0.0,11.7,92.7,1.5,2.6
2026-09-17T06:25,,0.0,,,,,,,
2026-09-17T06:30,1.5,0.0,1018.6,0.0,0.0,11.4,94.8,1.2,2.1
2026-09-17T06:35,,0.0,,,,,,,
2026-09-17T06:40,319.0,0.0,1018.5,0.0,0.0,11.3,95.6,0.1,1.4
2026-09-17T06:45,,0.0,,,,,,,
2026-09-17T06:50,150.9,0.0,1018.5,0.0,0.0,11.2,97.9,1.0,1.9
2026-09-17T06:55,,0.0,,,,,,,
2026-09-17T07:00,164.0,0.0,1018.7,0.0,0.0,10.9,96.6,1.1,3.0
2026-09-17T07:05,,0.0,,,,,,,
2026-09-17T07:10,44.7,0.0,1018.9,0.4,0.0,10.7,95.4,0.4,1.3
2026-09-17T07:15,,0.0,,,,,,,
2026-09-17T07:20,214.3,0.0,1018.8,10.3,0.0,10.7,95.4,0.7,1.5
2026-09-17T07:25,,0.0,,,,,,,
2026-09-17T07:30,102.5,0.0,1018.7,25.6,0.0,10.6,96.9,0.6,1.7
2026-09-17T07:35,,0.0,,,,,,,
2026-09-17T07:40,345.6,0.0,1018.8,45.3,0.0,10.5,97.6,0.5,1.2
2026-09-17T07:45,,0.0,,,,,,,
2026-09-17T07:50,90.7,0.0,1019.1,62.8,0.0,10.6,97.5,0.8,1.8
2026-09-17T07:55,,0.0,,,,,,,
2026-09-17T08:00,197.0,0.0,1018.6,131.0,0.0,10.8,97.1,1.1,1.8
2026-09-17T08:05,,0.0,,,,,,,
2026-09-17T08:10,274.4,0.0,1018.6,82.1,0.0,11.2,94.6,1.0,1.6
2026-09-17T08:15,,0.0,,,,,,,
2026-09-17T08:20,55.1,0.0,1018.8,33.1,0.0,11.2,94.7,0.3,1.2
2026-09-17T08:25,,0.0,,,,,,,
2026-09-17T08:30,276.5,0.0,1018.9,37.8,0.0,11.1,95.5,0.5,1.3
2026-09-17T08:35,,0.0,,,,,,,
2026-09-17T08:40,124.7,0.0,1018.5,34.0,0.0,11.2,95.7,0.2,0.9
2026-09-17T08:45,,0.0,,,,,,,
2026-09-17T08:50,21.8,0.0,1018.3,32.1,0.0,11.2,97.3,0.7,1.4
2026-09-17T08:55,,0.0,,,,,,,
2026-09-17T09:00,22.8,0.0,1018.3,75.5,0.0,11.1,96.3,1.2,3.0
2026-09-17T09:05,,0.0,,,,,,,
2026-09-17T09:10,17.0,0.0,1018.1,165.2,245.0,11.2,94.3,0.4,1.2
2026-09-17T09:15,,0.0,,,,,,,
2026-09-17T09:20,27.2,0.0,1017.9,202.9,0.0,11.5,93.1,0.7,1.9
2026-09-17T09:25,,0.0,,,,,,,
2026-09-17T09:30,104.6,0.0,1018.1,158.7,0.0,11.5,91.9,0.9,1.5
2026-09-17T09:35,,0.0,,,,,,,
2026-09-17T09:40,186.9,0.0,1018.2,133.5,0.0,11.6,88.6,0.6,1.2
2026-09-17T09:45,,0.0,,,,,,,
2026-09-17T09:50,11.8,0.0,1018.5,195.8,6.0,11.9,84.5,0.3,1.3
2026-09-17T09:55,,0.0,,,,,,,
2026-09-17T10:00,77.8,0.0,1018.5,237.1,151.0,12.0,88.3,0.8,1.4
2026-09-17T10:05,,0.0,,,,,,,
2026-09-17T10:10,358.5,0.0,1018.4,266.8,165.0,12.0,85.9,0.5,1.3
2026-09-17T10:15,,0.0,,,,,,,
2026-09-17T10:20,51.9,0.0,1018.1,248.4,26.0,12.2,87.1,0.7,1.6
2026-09-17T10:25,,0.0,,,,,,,
2026-09-17T10:30,47.4,0.0,1017.8,464.4,600.0,12.9,85.8,0.6,1.7
2026-09-17T10:35,,0.0,,,,,,,
2026-09-17T10:40,14.2,0.0,1017.4,663.0,600.0,13.3,80.9,1.2,2.5
2026-09-17T10:45,,0.0,,,,,,,
2026-09-17T10:50,26.2,0.0,1017.0,609.6,600.0,14.2,74.5,1.2,3.4
2026-09-17T10:55,,0.0,,,,,,,
2026-09-17T11:00,15.2,0.0,1017.2,355.7,228.0,13.9,72.7,1.3,2.7
2026-09-17T11:05,,0.0,,,,,,,
2026-09-17T11:10,8.9,0.0,1017.4,367.1,423.0,13.7,74.3,1.4,2.3
2026-09-17T11:15,,0.0,,,,,,,
2026-09-17T11:20,21.8,0.0,1017.3,370.1,456.0,13.9,73.9,1.4,3.1
2026-09-17T11:25,,0.0,,,,,,,
2026-09-17T11:30,21.4,0.0,1017.4,293.5,337.0,13.7,73.0,1.0,2.1
2026-09-17T11:35,,0.0,,,,,,,
2026-09-17T11:40,159.9,0.0,1017.2,357.5,599.0,13.8,74.6,0.6,1.5
2026-09-17T11:45,,0.0,,,,,,,
2026-09-17T11:50,297.8,0.0,1016.9,680.4,600.0,14.3,72.6,0.2,1.8
2026-09-17T11:55,,0.0,,,,,,,
2026-09-17T12:00,2.9,0.0,1016.3,701.6,600.0,15.1,69.9,1.3,2.5
2026-09-17T12:05,,0.0,,,,,,,
2026-09-17T12:10,356.8,0.0,1016.1,605.4,600.0,15.2,66.0,0.9,1.7
2026-09-17T12:15,,0.0,,,,,,,
2026-09-17T12:20,11.3,0.0,1015.5,821.8,600.0,16.1,64.9,1.1,2.6
2026-09-17T12:25,,0.0,,,,,,,
2026-09-17T12:30,358.0,0.0,1015.5,573.1,599.0,15.9,65.0,1.2,2.8
2026-09-17T12:35,,0.0,,,,,,,
2026-09-17T12:40,14.2,0.0,1015.5,708.7,600.0,16.1,59.9,0.8,2.3
2026-09-17T12:45,,0.0,,,,,,,
2026-09-17T12:50,56.3,0.0,1015.3,721.5,599.0,16.5,56.2,0.8,1.7
2026-09-17T12:55,,0.0,,,,,,,
2026-09-17T13:00,97.8,0.0,1014.8,827.1,600.0,17.2,56.9,0.8,2.8
2026-09-17T13:05,,0.0,,,,,,,
2026-09-17T13:10,148.2,0.0,1014.5,796.3,599.0,17.6,55.7,0.5,2.3
2026-09-17T13:15,,0.0,,,,,,,
2026-09-17T13:20,335.7,0.0,1014.5,784.7,600.0,17.5,54.9,0.6,2.5
2026-09-17T13:25,,0.0,,,,,,,
2026-09-17T13:30,352.9,0.0,1014.4,779.8,600.0,17.5,55.2,1.5,2.7
2026-09-17T13:35,,0.0,,,,,,,
2026-09-17T13:40,342.0,0.0,1014.2,773.5,600.0,17.6,54.8,1.5,2.6
2026-09-17T13:45,,0.0,,,,,,,
2026-09-17T13:50,357.4,0.0,1013.9,769.4,600.0,18.0,53.5,1.3,2.6
2026-09-17T13:55,,0.0,,,,,,,
2026-09-17T14:00,3.3,0.0,1013.6,765.0,600.0,18.2,53.1,1.3,2.9
2026-09-17T14:05,,0.0,,,,,,,
2026-09-17T14:10,1.3,0.0,1013.5,748.7,600.0,18.1,52.8,1.4,2.8
2026-09-17T14:15,,0.0,,,,,,,
2026-09-17T14:20,12.9,0.0,1013.0,751.0,600.0,18.6,52.7,1.3,2.4
2026-09-17T14:25,,0.0,,,,,,,
2026-09-17T14:30,2.5,0.0,1013.1,747.2,600.0,18.5,51.8,1.9,3.3
2026-09-17T14:35,,0.0,,,,,,,
2026-09-17T14:40,4.9,0.0,1012.8,729.2,599.0,18.8,51.2,1.6,3.0
2026-09-17T14:45,,0.0,,,,,,,
2026-09-17T14:50,353.4,0.0,1012.6,715.5,600.0,18.8,51.1,1.8,2.8
2026-09-17T14:55,,0.0,,,,,,,
2026-09-17T15:00,352.5,0.0,1012.5,652.0,563.0,18.7,52.5,2.2,3.1
2026-09-17T15:05,,0.0,,,,,,,
2026-09-17T15:10,344.8,0.0,1012.9,218.5,242.0,17.7,55.0,2.2,3.5
2026-09-17T15:15,,0.0,,,,,,,
2026-09-17T15:20,324.6,0.0,1013.0,215.6,184.0,17.5,57.7,1.6,2.6
2026-09-17T15:25,,0.0,,,,,,,
2026-09-17T15:30,288.9,0.0,1013.3,189.3,187.0,16.8,65.0,1.8,2.4
2026-09-17T15:35,,0.0,,,,,,,
2026-09-17T15:40,284.7,0.0,1013.5,128.3,48.0,16.3,68.2,1.7,2.8
2026-09-17T15:45,,0.0,,,,,,,
2026-09-17T15:50,287.7,0.0,1013.6,107.1,27.0,16.1,69.3,1.7,2.3
2026-09-17T15:55,,0.0,,,,,,,
2026-09-17T16:00,285.6,0.0,1013.7,104.7,0.0,15.9,71.5,1.8,2.6
2026-09-17T16:05,,0.0,,,,,,,
2026-09-17T16:10,286.2,0.0,1013.8,103.4,37.0,15.5,72.3,1.8,2.6
2026-09-17T16:15,,0.0,,,,,,,
2026-09-17T16:20,291.3,0.0,1013.9,104.6,13.0,15.4,74.2,2.4,2.9
2026-09-17T16:25,,0.0,,,,,,,
2026-09-17T16:30,286.7,0.0,1013.8,108.4,70.0,15.6,71.0,2.4,3.0
2026-09-17T16:35,,0.0,,,,,,,
2026-09-17T16:40,287.4,0.0,1013.8,102.3,20.0,15.6,70.8,2.2,2.9
2026-09-17T16:45,,0.0,,,,,,,
2026-09-17T16:50,286.0,0.0,1013.5,223.8,335.0,16.0,69.1,1.8,2.9
2026-09-17T16:55,,0.0,,,,,,,
2026-09-17T17:00,285.8,0.0,1013.4,326.3,513.0,16.1,67.7,2.2,3.0
2026-09-17T17:05,,0.0,,,,,,,
2026-09-17T17:10,287.8,0.0,1013.5,128.1,186.0,15.9,68.3,2.4,3.0
2026-09-17T17:15,,0.0,,,,,,,
2026-09-17T17:20,285.1,0.0,1013.6,223.2,376.0,15.6,69.1,2.2,3.1
2026-09-17T17:25,,0.0,,,,,,,
2026-09-17T17:30,286.0,0.0,1013.6,89.3,155.0,15.4,68.7,2.8,3.7
2026-09-17T17:35,,0.0,,,,,,,
2026-09-17T17:40,288.3,0.0,1013.7,234.3,528.0,15.2,70.3,2.7,3.8
2026-09-17T17:45,,0.0,,,,,,,
2026-09-17T17:50,287.5,0.0,1013.7,87.7,217.0,15.0,69.7,1.3,2.6
2026-09-17T17:55,,0.0,,,,,,,
2026-09-17T18:00,291.1,0.0,1013.8,37.1,0.0,14.6,70.2,2.0,3.2
2026-09-17T18:05,,0.0,,,,,,,
2026-09-17T18:10,279.1,0.0,1014.2,34.4,0.0,14.1,73.8,2.3,3.5
2026-09-17T18:15,,0.0,,,,,,,
2026-09-17T18:20,265.7,0.0,1014.4,31.8,0.0,14.0,73.9,1.6,3.2
2026-09-17T18:25,,0.0,,,,,,,
2026-09-17T18:30,292.1,0.0,1014.5,27.0,0.0,14.1,73.9,0.9,2.9
2026-09-17T18:35,,0.0,,,,,,,
2026-09-17T18:40,274.1,0.0,1014.8,24.9,0.0,13.6,76.5,0.9,2.2
2026-09-17T18:45,,0.0,,,,,,,
2026-09-17T18:50,292.1,0.0,1014.9,24.0,0.0,13.4,77.5,1.0,2.6
2026-09-17T18:55,,0.0,,,,,,,
2026-09-17T19:00,293.4,0.0,1014.9,20.2,0.0,13.4,77.6,1.4,2.3
2026-09-17T19:05,,0.0,,,,,,,
2026-09-17T19:10,292.3,0.0,1014.9,7.3,0.0,13.3,78.7,1.4,2.4
2026-09-17T19:15,,0.0,,,,,,,
2026-09-17T19:20,281.6,0.0,1015.0,0.9,0.0,13.4,79.0,0.9,2.1
2026-09-17T19:25,,0.0,,,,,,,
2026-09-17T19:30,272.0,0.0,1015.3,0.0,0.0,12.9,81.6,0.9,2.8
2026-09-17T19:35,,0.0,,,,,,,
2026-09-17T19:40,294.2,0.0,1015.4,0.0,0.0,12.8,82.7,0.4,1.1
2026-09-17T19:45,,0.0,,,,,,,
2026-09-17T19:50,291.7,0.0,1015.5,0.0,0.0,12.8,82.1,0.8,1.4
2026-09-17T19:55,,0.0,,,,,,,
2026-09-17T20:00,181.9,0.0,1015.8,0.0,0.0,12.5,84.7,0.1,1.0
2026-09-17T20:05,,0.0,,,,,,,
2026-09-17T20:10,344.2,0.0,1015.9,0.0,0.0,12.7,84.0,0.5,1.4
2026-09-17T20:15,,0.0,,,,,,,
2026-09-17T20:20,225.6,0.0,1016.1,0.0,0.0,12.5,85.1,0.2,1.1
2026-09-17T20:25,,0.0,,,,,,,
2026-09-17T20:30,145.6,0.0,1016.2,0.0,0.0,12.5,85.8,0.6,0.9
2026-09-17T20:35,,0.0,,,,,,,
2026-09-17T20:40,282.0,0.0,1016.3,0.0,0.0,12.5,86.6,0.3,1.3
2026-09-17T20:45,,0.0,,,,,,,
2026-09-17T20:50,238.0,0.0,1016.4,0.0,0.0,12.6,85.2,0.3,1.0
2026-09-17T20:55,,0.0,,,,,,,
2026-09-17T21:00,116.8,0.0,1016.6,0.0,0.0,12.4,87.6,0.1,0.7
2026-09-17T21:05,,0.0,,,,,,,
2026-09-17T21:10,150.1,0.0,1016.7,0.0,0.0,12.3,88.7,0.4,0.7
2026-09-17T21:15,,0.0,,,,,,,
2026-09-17T21:20,47.6,0.0,1016.9,0.0,0.0,12.3,87.2,0.4,0.9
2026-09-17T21:25,,0.0,,,,,,,
2026-09-17T21:30,47.5,0.0,1016.9,0.0,0.0,12.4,86.7,0.3,1.3
2026-09-17T21:35,,0.0,,,,,,,
2026-09-17T21:40,161.9,0.0,1017.1,0.0,0.0,12.4,87.2,0.4,1.4
2026-09-17T21:45,,0.0,,,,,,,
2026-09-17T21:50,227.5,0.0,1017.2,0.0,0.0,12.2,87.0,0.7,1.6
2026-09-17T21:55,,0.0,,,,,,,
2026-09-17T22:00,350.6,0.0,1017.2,0.0,0.0,12.2,86.9,0.4,1.3
2026-09-17T22:05,,0.0,,,,,,,
2026-09-17T22:10,229.6,0.0,1017.2,0.0,0.0,12.3,88.4,0.4,0.9
2026-09-17T22:15,,0.0,,,,,,,
2026-09-17T22:20,227.1,0.0,1017.1,0.0,0.0,12.3,87.7,0.4,1.2
2026-09-17T22:25,,0.0,,,,,,,
2026-09-17T22:30,147.7,0.0,1017.2,0.0,0.0,12.3,88.0,0.4,1.4
2026-09-17T22:35,,0.0,,,,,,,
2026-09-17T22:40,24.5,0.0,1017.2,0.0,0.0,12.1,89.8,0.1,1.0
2026-09-17T22:45,,0.0,,,,,,,
2026-09-17T22:50,69.9,0.0,1017.2,0.0,0.0,12.2,88.8,0.5,1.4
2026-09-17T22:55,,0.0,,,,,,,
2026-09-17T23:00,304.8,0.0,1017.2,0.0,0.0,12.2,89.9,0.7,1.4
2026-09-17T23:05,,0.0,,,,,,,
2026-09-17T23:10,57.3,0.0,1017.2,0.0,0.0,12.3,89.7,0.4,1.0
2026-09-17T23:15,,0.0,,,,,,,
2026-09-17T23:20,52.7,0.0,1017.3,0.0,0.0,12.2,90.1,0.2,0.7
2026-09-17T23:25,,0.0,,,,,,,
2026-09-17T23:30,134.4,0.0,1017.3,0.0,0.0,12.0,91.8,0.4,0.8
2026-09-17T23:35,,0.0,,,,,,,
2026-09-17T23:40,94.5,0.0,1017.3,0.0,0.0,12.0,91.6,0.4,1.1
2026-09-17T23:45,,0.0,,,,,,,
2026-09-17T23:50,313.5,0.0,1017.2,0.0,0.0,12.1,91.4,0.2,0.7
2026-09-17T23:55,,0.0,,,,,,,
2026-09-18T00:00,177.5,0.0,1017.3,0.0,0.0,11.9,92.3,0.6,1.6
2026-09-18T00:05,,0.0,,,,,,,
2026-09-18T00:10,156.8,0.0,1017.4,0.0,0.0,11.7,93.3,0.8,1.2
2026-09-18T00:15,,0.0,,,,,,,
2026-09-18T00:20,170.9,0.0,1017.4,0.0,0.0,11.7,93.1,0.6,1.1
2026-09-18T00:25,,0.0,,,,,,,
2026-09-18T00:30,274.2,0.0,1017.4,0.0,0.0,11.8,91.5,0.4,0.8
2026-09-18T00:35,,0.0,,,,,,,
2026-09-18T00:40,40.2,0.0,1017.5,0.0,0.0,11.6,92.4,0.4,1.0
2026-09-18T00:45,,0.0,,,,,,,
2026-09-18T00:50,247.2,0.0,1017.5,0.0,0.0,11.5,92.7,0.4,0.9
2026-09-18T00:55,,0.0,,,,,,,
2026-09-18T01:00,132.3,0.0,1017.6,0.0,0.0,11.3,93.1,0.4,0.8
2026-09-18T01:05,,0.0,,,,,,,
2026-09-18T01:10,171.9,0.0,1017.7,0.0,0.0,11.2,94.4,0.3,0.9
2026-09-18T01:15,,0.0,,,,,,,
2026-09-18T01:20,149.2,0.0,1017.7,0.0,0.0,11.2,93.9,0.6,1.4
2026-09-18T01:25,,0.0,,,,,,,
2026-09-18T01:30,161.3,0.0,1017.7,0.0,0.0,11.1,94.4,0.5,0.8
2026-09-18T01:35,,0.0,,,,,,,
2026-09-18T01:40,156.8,0.0,1017.7,0.0,0.0,11.1,93.9,0.5,0.9
2026-09-18T01:45,,0.0,,,,,,,
2026-09-18T01:50,127.4,0.0,1017.8,0.0,0.0,11.0,94.4,0.8,1.7
2026-09-18T01:55,,0.0,,,,,,,
2026-09-18T02:00,191.2,0.0,1018.0,0.0,0.0,10.6,95.6,0.9,1.9
2026-09-18T02:05,,0.0,,,,,,,
2026-09-18T02:10,265.8,0.0,1017.9,0.0,0.0,10.9,92.4,0.3,1.6
2026-09-18T02:15,,0.0,,,,,,,
2026-09-18T02:20,180.7,0.0,1018.1,0.0,0.0,10.5,95.7,0.9,1.8
2026-09-18T02:25,,0.0,,,,,,,
2026-09-18T02:30,254.4,0.0,1018.1,0.0,0.0,10.4,94.7,0.3,1.2
2026-09-18T02:35,,0.0,,,,,,,
2026-09-18T02:40,203.2,0.0,1018.2,0.0,0.0,10.2,95.9,0.9,1.5
2026-09-18T02:45,,0.0,,,,,,,
2026-09-18T02:50,328.1,0.0,1018.1,0.0,0.0,10.4,93.4,0.3,1.6
2026-09-18T02:55,,0.0,,,,,,,
2026-09-18T03:00,239.1,0.0,1018.2,0.0,0.0,10.3,95.0,0.5,1.2
2026-09-18T03:05,,0.0,,,,,,,
2026-09-18T03:10,286.1,0.0,1018.2,0.0,0.0,10.2,93.7,1.0,1.9
2026-09-18T03:15,,0.0,,,,,,,
2026-09-18T03:20,248.3,0.0,1018.3,0.0,0.0,10.0,95.5,0.4,1.3
2026-09-18T03:25,,0.0,,,,,,,
2026-09-18T03:30,281.5,0.0,1018.3,0.0,0.0,10.0,95.4,0.8,1.5
2026-09-18T03:35,,0.0,,,,,,,
2026-09-18T03:40,183.5,0.0,1018.4,0.0,0.0,9.7,95.6,0.3,1.1
2026-09-18T03:45,,0.0,,,,,,,
2026-09-18T03:50,231.6,0.0,1018.4,0.0,0.0,9.8,96.6,0.6,1.4
2026-09-18T03:55,,0.0,,,,,,,
2026-09-18T04:00,118.5,0.0,1018.3,0.0,0.0,9.9,96.0,0.5,1.3
2026-09-18T04:05,,0.0,,,,,,,
2026-09-18T04:10,177.9,0.0,1018.4,0.0,0.0,9.8,96.9,1.3,2.2
2026-09-18T04:15,,0.0,,,,,,,
2026-09-18T04:20,272.5,0.0,1018.3,0.0,0.0,10.0,95.8,0.1,1.1
2026-09-18T04:25,,0.0,,,,,,,
2026-09-18T04:30,167.0,0.0,1018.2,0.0,0.0,9.8,96.4,0.5,1.4
2026-09-18T04:35,,0.0,,,,,,,
2026-09-18T04:40,125.5,0.0,1018.3,0.0,0.0,9.7,96.4,0.1,1.2
2026-09-18T04:45,,0.0,,,,,,,
2026-09-18T04:50,297.1,0.0,1018.3,0.0,0.0,9.8,96.5,0.1,0.8
2026-09-18T04:55,,0.0,,,,,,,
2026-09-18T05:00,156.1,0.0,1018.3,0.0,0.0,9.6,96.2,0.8,1.4
2026-09-18T05:05,,0.0,,,,,,,
2026-09-18T05:10,186.2,0.0,1018.3,0.0,0.0,9.4,97.2,1.5,2.3
2026-09-18T05:15,,0.0,,,,,,,
2026-09-18T05:20,147.3,0.0,1018.3,0.0,0.0,9.4,96.7,1.0,1.6
2026-09-18T05:25,,0.0,,,,,,,
2026-09-18T05:30,189.1,0.0,1018.3,0.0,0.0,9.3,96.7,1.6,2.7
2026-09-18T05:35,,0.0,,,,,,,
2026-09-18T05:40,126.0,0.0,1018.4,0.0,0.0,9.5,96.3,0.5,1.4
2026-09-18T05:45,,0.0,,,,,,,
2026-09-18T05:50,183.2,0.0,1018.6,0.0,0.0,9.4,96.9,0.6,1.2
2026-09-18T05:55,,0.0,,,,,,,
2026-09-18T06:00,125.7,0.0,1018.7,0.0,0.0,9.3,96.8,0.3,1.3
2026-09-18T06:05,,0.0,,,,,,,
2026-09-18T06:10,207.3,0.0,1018.7,0.0,0.0,9.2,97.6,0.8,1.7
2026-09-18T06:15,,0.0,,,,,,,
2026-09-18T06:20,175.8,0.0,1018.7,0.0,0.0,9.2,96.7,0.8,1.4
2026-09-18T06:25,,0.0,,,,,,,
2026-09-18T06:30,148.2,0.0,1018.9,0.0,0.0,8.9,97.5,0.7,1.2
2026-09-18T06:35,,0.0,,,,,,,
2026-09-18T06:40,128.7,0.0,1018.9,0.0,0.0,8.9,97.5,0.4,0.9
2026-09-18T06:45,,0.0,,,,,,,
2026-09-18T06:50,156.6,0.0,1019.0,0.0,0.0,8.9,97.5,0.5,0.9
2026-09-18T06:55,,0.0,,,,,,,
2026-09-18T07:00,161.9,0.0,1018.9,2.0,0.0,8.8,97.0,0.2,1.0
2026-09-18T07:05,,0.0,,,,,,,
2026-09-18T07:10,95.6,0.0,1019.2,10.8,0.0,8.5,97.8,0.3,1.0
2026-09-18T07:15,,0.0,,,,,,,
2026-09-18T07:20,224.8,0.0,1019.2,23.1,0.0,8.6,97.5,0.5,1.6
2026-09-18T07:25,,0.0,,,,,,,
2026-09-18T07:30,156.1,0.0,1019.2,31.6,0.0,8.7,97.1,0.5,1.4
2026-09-18T07:35,,0.0,,,,,,,
2026-09-18T07:40,161.1,0.0,1019.4,39.7,0.0,8.4,98.1,0.8,1.6
2026-09-18T07:45,,0.0,,,,,,,
2026-09-18T07:50,148.2,0.0,1019.4,48.7,0.0,8.6,97.8,0.4,1.1
2026-09-18T07:55,,0.0,,,,,,,
2026-09-18T08:00,163.9,0.0,1019.3,59.7,0.0,8.9,96.7,0.4,1.1
2026-09-18T08:05,,0.0,,,,,,,
2026-09-18T08:10,138.1,0.0,1019.6,68.5,0.0,8.8,97.6,0.4,0.7
2026-09-18T08:15,,0.0,,,,,,,
2026-09-18T08:20,164.4,0.0,1019.4,78.8,0.0,8.9,97.5,0.5,1.0
2026-09-18T08:25,,0.0,,,,,,,
2026-09-18T08:30,162.2,0.0,1019.5,98.9,0.0,9.1,97.4,1.3,1.6
2026-09-18T08:35,,0.0,,,,,,,
2026-09-18T08:40,165.0,0.0,1019.2,108.3,0.0,9.4,96.5,1.6,2.3
2026-09-18T08:45,,0.0,,,,,,,
2026-09-18T08:50,131.5,0.0,1019.2,126.4,0.0,9.6,95.9,0.9,1.5
2026-09-18T08:55,,0.0,,,,,,,
2026-09-18T09:00,111.3,0.0,1019.0,260.5,446.0,10.0,94.7,0.7,1.4
2026-09-18T09:05,,0.0,,,,,,,
2026-09-18T09:10,26.8,0.0,1018.6,383.5,600.0,10.9,91.2,0.9,1.7
2026-09-18T09:15,,0.0,,,,,,,
2026-09-18T09:20,349.3,0.0,1018.4,347.7,600.0,11.2,88.7,0.7,1.4
2026-09-18T09:25,,0.0,,,,,,,
2026-09-18T09:30,39.1,0.0,1017.9,402.5,599.0,12.2,84.6,0.5,1.1
2026-09-18T09:35,,0.0,,,,,,,
2026-09-18T09:40,0.9,0.0,1017.7,385.0,600.0,12.6,82.3,1.2,1.8
2026-09-18T09:45,,0.0,,,,,,,
2026-09-18T09:50,55.6,0.0,1017.3,452.2,600.0,13.6,81.4,0.5,1.5
2026-09-18T09:55,,0.0,,,,,,,
2026-09-18T10:00,110.0,0.0,1017.0,548.4,600.0,14.1,77.9,0.8,1.6
2026-09-18T10:05,,0.0,,,,,,,
2026-09-18T10:10,7.0,0.0,1016.6,588.3,600.0,14.9,74.8,0.6,1.6
2026-09-18T10:15,,0.0,,,,,,,
2026-09-18T10:20,145.5,0.0,1016.7,294.1,468.0,14.8,73.5,0.6,2.1
2026-09-18T10:25,,0.0,,,,,,,
2026-09-18T10:30,337.8,0.0,1016.7,367.8,529.0,14.8,73.9,0.4,1.4
2026-09-18T10:35,,0.0,,,,,,,
2026-09-18T10:40,1.2,0.0,1016.4,636.1,600.0,15.4,71.1,1.2,1.9
2026-09-18T10:45,,0.0,,,,,,,
2026-09-18T10:50,5.6,0.0,1016.0,645.1,600.0,15.8,68.5,1.2,2.4
2026-09-18T10:55,,0.0,,,,,,,
2026-09-18T11:00,4.6,0.0,1015.5,672.0,600.0,16.5,67.5,2.0,3.1
2026-09-18T11:05,,0.0,,,,,,,
2026-09-18T11:10,8.3,0.0,1015.3,682.2,600.0,17.0,64.0,2.0,3.2
2026-09-18T11:15,,0.0,,,,,,,
2026-09-18T11:20,358.3,0.0,1015.1,715.4,599.0,17.4,63.1,2.6,4.0
2026-09-18T11:25,,0.0,,,,,,,
2026-09-18T11:30,358.6,0.0,1014.8,761.4,600.0,17.7,60.7,2.7,3.9
2026-09-18T11:35,,0.0,,,,,,,
2026-09-18T11:40,358.1,0.0,1014.5,822.3,600.0,18.2,59.8,2.7,4.5
2026-09-18T11:45,,0.0,,,,,,,
2026-09-18T11:50,1.5,0.0,1014.6,743.8,594.0,18.1,60.3,2.7,4.2
2026-09-18T11:55,,0.0,,,,,,,
2026-09-18T12:00,345.0,0.0,1015.0,187.3,0.0,17.1,62.2,2.4,4.8
2026-09-18T12:05,,0.0,,,,,,,
2026-09-18T12:10,341.8,0.0,1015.1,193.1,0.0,16.8,63.9,1.4,2.3
2026-09-18T12:15,,0.0,,,,,,,
2026-09-18T12:20,345.2,0.0,1014.9,262.7,64.0,17.0,64.1,1.4,2.4
2026-09-18T12:25,,0.0,,,,,,,
2026-09-18T12:30,352.0,0.0,1014.9,292.4,91.0,17.0,63.1,1.5,2.7
2026-09-18T12:35,,0.0,,,,,,,
2026-09-18T12:40,352.1,0.0,1014.9,275.2,0.0,17.1,63.7,1.5,3.2
2026-09-18T12:45,,0.0,,,,,,,
2026-09-18T12:50,352.7,0.0,1014.6,680.6,429.0,17.7,62.6,1.9,2.9
2026-09-18T12:55,,0.0,,,,,,,
2026-09-18T13:00,352.9,0.0,1014.3,408.1,322.0,18.1,60.9,2.3,3.2
2026-09-18T13:05,,0.0,,,,,,,
2026-09-18T13:10,338.3,0.0,1014.5,238.8,0.0,17.5,60.8,1.6,2.8
2026-09-18T13:15,,0.0,,,,,,,
2026-09-18T13:20,305.6,0.0,1014.4,200.4,0.0,17.5,60.8,0.9,2.4
2026-09-18T13:25,,0.0,,,,,,,
2026-09-18T13:30,291.5,0.0,1014.3,260.2,0.0,17.6,60.6,0.8,1.6
2026-09-18T13:35,,0.0,,,,,,,
2026-09-18T13:40,120.6,0.0,1014.0,421.8,329.0,18.2,59.2,0.2,1.7
2026-09-18T13:45,,0.0,,,,,,,
2026-09-18T13:50,359.9,0.0,1014.2,257.5,0.0,18.2,56.7,1.3,3.7
2026-09-18T13:55,,0.0,,,,,,,
2026-09-18T14:00,320.1,0.0,1014.4,173.8,0.0,17.9,58.5,1.6,3.1
2026-09-18T14:05,,0.0,,,,,,,
2026-09-18T14:10,343.0,0.0,1014.6,149.2,0.0,17.5,59.5,2.5,4.7
2026-09-18T14:15,,0.0,,,,,,,
2026-09-18T14:20,348.6,0.0,1014.6,144.8,0.0,17.4,59.1,2.7,4.3
2026-09-18T14:25,,0.0,,,,,,,
2026-09-18T14:30,353.1,0.0,1014.9,120.7,0.0,17.1,60.4,2.2,3.8
2026-09-18T14:35,,0.0,,,,,,,
2026-09-18T14:40,348.6,0.0,1015.0,123.5,0.0,17.0,63.3,1.4,3.0
2026-09-18T14:45,,0.0,,,,,,,
2026-09-18T14:50,3.7,0.0,1015.0,127.2,0.0,17.0,65.0,1.6,3.2
2026-09-18T14:55,,0.0,,,,,,,
2026-09-18T15:00,3.7,0.0,1015.0,146.1,0.0,16.9,66.5,1.3,2.3
2026-09-18T15:05,,0.0,,,,,,,
2026-09-18T15:10,355.8,0.0,1014.9,155.2,0.0,17.0,67.5,1.4,2.0
2026-09-18T15:15,,0.0,,,,,,,
2026-09-18T15:20,355.2,0.0,1014.9,70.1,0.0,16.9,67.0,1.3,2.3
2026-09-18T15:25,,0.0,,,,,,,
2026-09-18T15:30,204.0,0.0,1015.1,33.9,0.0,16.6,67.7,0.1,2.4
2026-09-18T15:35,,0.0,,,,,,,
2026-09-18T15:40,162.2,0.0,1015.5,23.2,0.0,16.1,74.2,1.9,3.9
2026-09-18T15:45,,0.0,,,,,,,
2026-09-18T15:50,163.6,0.0,1016.3,18.6,0.0,14.8,84.7,2.5,4.5
2026-09-18T15:55,,0.0,,,,,,,
2026-09-18T16:00,163.8,0.0,1017.0,32.7,0.0,13.9,89.3,0.2,1.7
2026-09-18T16:05,,0.0,,,,,,,
2026-09-18T16:10,168.5,0.0,1017.1,59.3,0.0,13.7,94.6,1.7,2.5
2026-09-18T16:15,,0.0,,,,,,,
2026-09-18T16:20,170.3,0.0,1017.3,71.7,0.0,13.6,95.5,2.1,2.9
2026-09-18T16:25,,0.0,,,,,,,
2026-09-18T16:30,174.4,0.0,1017.6,73.9,0.0,13.6,93.5,1.7,2.7
2026-09-18T16:35,,0.0,,,,,,,
2026-09-18T16:40,180.5,0.0,1017.7,101.3,0.0,13.6,94.2,1.7,3.3
2026-09-18T16:45,,0.0,,,,,,,
2026-09-18T16:50,192.9,0.0,1017.6,113.8,0.0,13.7,89.1,2.2,3.6
2026-09-18T16:55,,0.0,,,,,,,
2026-09-18T17:00,189.6,0.0,1017.7,67.1,0.0,13.6,88.1,2.3,3.9
2026-09-18T17:05,,0.0,,,,,,,
2026-09-18T17:10,215.9,0.0,1017.7,43.5,0.0,13.7,85.9,1.7,2.8
2026-09-18T17:15,,0.0,,,,,,,
2026-09-18T17:20,160.1,0.0,1018.1,33.8,0.0,13.4,89.8,0.9,2.0
2026-09-18T17:25,,0.0,,,,,,,
2026-09-18T17:30,222.2,0.0,1018.4,26.3,0.0,13.1,93.2,0.4,2.5
2026-09-18T17:35,,0.0,,,,,,,
2026-09-18T17:40,205.0,0.0,1018.2,27.5,0.0,13.1,93.1,2.0,5.1
2026-09-18T17:45,,0.0,,,,,,,
2026-09-18T17:50,175.0,0.0,1018.0,36.1,0.0,13.1,93.2,1.0,4.7
2026-09-18T17:55,,0.0,,,,,,,
2026-09-18T18:00,349.9,0.0,1018.3,47.4,0.0,13.2,93.1,1.6,3.3
2026-09-18T18:05,,0.0,,,,,,,
2026-09-18T18:10,19.6,0.0,1018.6,46.5,0.0,13.1,95.5,0.9,2.4
2026-09-18T18:15,,0.0,,,,,,,
2026-09-18T18:20,15.6,0.0,1018.6,41.3,0.0,13.0,96.5,0.8,1.3
2026-09-18T18:25,,0.0,,,,,,,
2026-09-18T18:30,26.7,0.0,1018.8,31.6,0.0,13.0,96.2,0.7,1.1
2026-09-18T18:35,,0.0,,,,,,,
2026-09-18T18:40,6.7,0.0,1018.9,27.8,0.0,12.9,95.5,0.8,1.5
2026-09-18T18:45,,0.0,,,,,,,
2026-09-18T18:50,291.0,0.0,1019.1,15.5,0.0,12.7,94.6,1.0,2.1
2026-09-18T18:55,,0.0,,,,,,,
2026-09-18T19:00,64.7,0.0,1019.3,11.1,0.0,12.6,96.1,0.2,0.8
2026-09-18T19:05,,0.0,,,,,,,
2026-09-18T19:10,176.5,0.0,1019.4,10.6,0.0,12.5,97.6,0.8,1.6
2026-09-18T19:15,,0.0,,,,,,,
2026-09-18T19:20,223.8,0.0,1019.4,3.4,0.0,12.6,96.6,0.7,1.7
2026-09-18T19:25,,0.0,,,,,,,
2026-09-18T19:30,301.2,0.0,1019.7,0.0,0.0,12.3,96.1,0.6,1.3
2026-09-18T19:35,,0.0,,,,,,,
2026-09-18T19:40,337.9,0.0,1019.8,0.0,0.0,12.2,95.8,0.4,1.0
2026-09-18T19:45,,0.0,,,,,,,
2026-09-18T19:50,302.1,0.0,1019.9,0.0,0.0,12.2,95.0,0.8,1.7
2026-09-18T19:55,,0.0,,,,,,,
2026-09-18T20:00,309.1,0.0,1020.1,0.0,0.0,12.2,94.7,0.7,1.3
2026-09-18T20:05,,0.0,,,,,,,
2026-09-18T20:10,307.2,0.0,1020.3,0.0,0.0,12.1,95.6,0.7,1.5
2026-09-18T20:15,,0.0,,,,,,,
2026-09-18T20:20,162.7,0.0,1020.4,0.0,0.0,11.9,97.2,0.4,0.7
2026-09-18T20:25,,0.0,,,,,,,
2026-09-18T20:30,126.1,0.0,1020.6,0.0,0.0,11.9,98.2,0.0,0.3
2026-09-18T20:35,,0.0,,,,,,,
2026-09-18T20:40,88.3,0.0,1020.8,0.0,0.0,12.0,98.0,0.2,0.4
2026-09-18T20:45,,0.0,,,,,,,
2026-09-18T20:50,178.1,0.0,1020.9,0.0,0.0,12.0,97.6,0.3,0.9
2026-09-18T20:55,,0.0,,,,,,,
2026-09-18T21:00,175.7,0.0,1021.0,0.0,0.0,11.9,98.6,0.9,1.3
2026-09-18T21:05,,0.0,,,,,,,
2026-09-18T21:10,135.3,0.0,1021.0,0.0,0.0,11.9,98.8,0.6,1.2
2026-09-18T21:15,,0.0,,,,,,,
2026-09-18T21:20,131.7,0.0,1021.1,0.0,0.0,11.9,98.8,0.7,1.3
2026-09-18T21:25,,0.0,,,,,,,
2026-09-18T21:30,37.3,0.0,1021.2,0.0,0.0,11.9,98.7,0.3,0.7
2026-09-18T21:35,,0.0,,,,,,,
2026-09-18T21:40,76.9,0.0,1021.3,0.0,0.0,12.0,98.0,0.1,0.6
2026-09-18T21:45,,0.0,,,,,,,
2026-09-18T21:50,114.4,0.0,1021.4,0.0,0.0,12.0,98.1,0.3,0.8
2026-09-18T21:55,,0.0,,,,,,,
2026-09-18T22:00,340.1,0.0,1021.5,0.0,0.0,11.9,98.5,0.3,0.9
2026-09-18T22:05,,0.0,,,,,,,
2026-09-18T22:10,29.3,0.0,1021.6,0.0,0.0,11.9,98.3,0.2,0.7
2026-09-18T22:15,,0.0,,,,,,,
2026-09-18T22:20,22.5,0.0,1021.6,0.0,0.0,12.0,98.2,0.6,1.3
2026-09-18T22:25,,0.0,,,,,,,
2026-09-18T22:30,36.8,0.0,1021.7,0.0,0.0,12.0,98.6,0.4,0.7
2026-09-18T22:35,,0.0,,,,,,,
2026-09-18T22:40,156.2,0.0,1021.8,0.0,0.0,11.9,99.0,0.6,1.1
2026-09-18T22:45,,0.0,,,,,,,
2026-09-18T22:50,169.9,0.0,1021.9,0.0,0.0,11.9,99.2,0.3,0.6
2026-09-18T22:55,,0.0,,,,,,,
2026-09-18T23:00,134.2,0.0,1022.1,0.0,0.0,11.8,99.2,0.7,1.1
2026-09-18T23:05,,0.0,,,,,,,
2026-09-18T23:10,187.6,0.0,1022.3,0.0,0.0,11.7,99.3,0.2,0.8
2026-09-18T23:15,,0.0,,,,,,,
2026-09-18T23:20,334.8,0.0,1022.6,0.0,0.0,11.5,98.3,0.8,1.3
2026-09-18T23:25,,0.0,,,,,,,
2026-09-18T23:30,311.0,0.0,1022.6,0.0,0.0,11.6,97.6,0.8,1.1
2026-09-18T23:35,,0.0,,,,,,,
2026-09-18T23:40,293.3,0.0,1022.6,0.0,0.0,11.6,96.7,0.6,1.2
2026-09-18T23:45,,0.0,,,,,,,
2026-09-18T23:50,357.0,0.0,1022.6,0.0,0.0,11.6,97.1,0.5,0.9
2026-09-18T23:55,,0.0,,,,,,,
2026-09-19T00:00,87.3,0.0,1022.8,0.0,0.0,11.6,98.4,0.3,0.7
2026-09-19T00:10,153.5,0.0,1022.9,0.0,0.0,11.5,98.9,0.6,0.8
2026-09-19T00:20,175.6,0.0,1023.0,0.0,0.0,11.5,98.9,0.8,1.1
2026-09-19T00:30,109.9,0.0,1023.1,0.0,0.0,11.6,98.8,0.3,0.6
2026-09-19T00:40,16.3,0.0,1023.1,0.0,0.0,11.6,98.5,0.5,0.8
2026-09-19T00:50,52.2,0.0,1023.1,0.0,0.0,11.6,98.4,0.2,0.5
2026-09-19T01:10,149.5,0.0,1023.3,0.0,0.0,11.6,99.0,0.6,0.8
2026-09-19T01:20,118.5,0.0,1023.5,0.0,0.0,11.6,99.2,0.4,0.7
2026-09-19T01:30,175.4,0.0,1023.5,0.0,0.0,11.6,99.1,0.3,0.5
2026-09-19T01:40,141.8,0.0,1023.3,0.0,0.0,11.7,98.8,0.7,1.0
2026-09-19T01:50,98.9,0.0,1023.4,0.0,0.0,11.6,99.1,0.5,0.9
2026-09-19T02:00,113.2,0.0,1023.4,0.0,0.0,11.5,98.7,0.4,0.8
2026-09-19T02:10,109.6,0.0,1023.3,0.0,0.0,11.5,98.5,0.4,0.7
2026-09-19T02:20,170.6,0.0,1023.1,0.0,0.0,11.6,97.4,0.7,1.2
2026-09-19T02:30,155.3,0.0,1023.1,0.0,0.0,11.6,98.6,0.6,0.9
2026-09-19T02:40,136.3,0.0,1023.3,0.0,0.0,11.5,99.1,0.3,0.8
2026-09-19T02:50,54.3,0.0,1023.5,0.0,0.0,11.5,99.0,0.1,1.2
2026-09-19T03:00,359.1,0.0,1023.3,0.0,0.0,11.6,98.8,0.7,1.2
2026-09-19T03:10,105.8,0.0,1023.4,0.0,0.0,11.6,98.9,0.5,0.8
2026-09-19T03:20,58.8,0.0,1023.4,0.0,0.0,11.5,99.3,0.3,0.7
2026-09-19T03:30,217.7,0.0,1023.4,0.0,0.0,11.4,98.9,0.0,0.5
2026-09-19T03:40,48.3,0.0,1023.6,0.0,0.0,11.5,98.6,0.4,0.8
2026-09-19T03:50,36.8,0.0,1023.7,0.0,0.0,11.4,98.5,0.3,0.9
2026-09-19T04:00,176.2,0.0,1023.9,0.0,0.0,11.4,98.5,0.8,1.6
2026-09-19T04:10,156.9,0.0,1023.9,0.0,0.0,11.4,99.0,0.9,1.5
2026-09-19T04:20,31.2,0.0,1023.9,0.0,0.0,11.4,98.9,0.4,1.3
2026-09-19T04:30,35.4,0.0,1024.1,0.0,0.0,11.4,98.8,0.5,1.2
2026-09-19T04:40,25.1,0.0,1024.1,0.0,0.0,11.3,98.8,0.6,1.1
2026-09-19T04:50,98.5,0.0,1024.3,0.0,0.0,11.4,98.7,0.3,0.5
2026-09-19T05:00,119.8,0.0,1024.4,0.0,0.0,11.2,99.0,0.5,0.8
2026-09-19T05:10,75.0,0.0,1024.4,0.0,0.0,11.2,99.2,0.4,0.8
2026-09-19T05:20,11.7,0.0,1024.6,0.0,0.0,11.2,98.8,0.8,1.4
2026-09-19T05:30,57.8,0.0,1024.6,0.0,0.0,11.3,98.6,0.4,0.9
2026-09-19T05:40,111.2,0.0,1024.8,0.0,0.0,11.1,99.0,0.6,0.9
2026-09-19T05:50,6.7,0.0,1024.8,0.0,0.0,11.0,99.0,0.8,1.5
2026-09-19T06:00,32.0,0.0,1024.8,0.0,0.0,11.0,98.6,0.6,1.3
2026-09-19T06:10,53.9,0.0,1024.8,0.0,0.0,10.9,98.9,0.4,0.9
2026-09-19T06:20,86.1,0.0,1024.9,0.0,0.0,10.9,98.6,0.3,1.0
2026-09-19T06:30,79.1,0.0,1024.9,0.0,0.0,10.9,98.8,0.2,0.9
2026-09-19T06:40,12.9,0.0,1024.9,0.0,0.0,10.9,98.5,0.6,0.8
2026-09-19T06:50,47.4,0.0,1024.9,0.0,0.0,10.9,98.5,0.3,0.6
2026-09-19T07:00,134.8,0.0,1025.0,0.0,0.0,10.9,98.8,0.3,0.7
2026-09-19T07:10,63.2,0.0,1025.3,0.1,0.0,10.9,98.9,0.5,1.0
2026-09-19T07:20,10.1,0.0,1025.4,1.7,0.0,10.8,98.2,0.9,1.5
2026-09-19T07:30,17.7,0.0,1025.5,4.4,0.0,10.8,97.7,0.7,1.2
2026-09-19T07:40,36.8,0.0,1025.5,7.9,0.0,10.8,97.7,0.5,0.9
2026-09-19T07:50,38.4,0.0,1025.6,12.8,0.0,10.8,97.4,0.5,1.0
2026-09-19T08:00,85.2,0.0,1025.7,17.1,0.0,10.8,98.2,0.5,1.0
2026-09-19T08:10,9.3,0.0,1025.8,24.3,0.0,10.8,97.9,0.8,1.1
2026-09-19T08:20,0.0,0.0,1026.0,31.5,0.0,10.8,97.4,0.4,1.0
2026-09-19T08:30,67.4,0.0,1026.0,40.7,0.0,11.0,97.2,0.2,0.7
2026-09-19T08:40,30.0,0.0,1026.1,47.2,0.0,11.0,97.5,0.5,0.8
2026-09-19T08:50,13.6,0.0,1026.1,55.5,0.0,11.0,96.6,0.5,1.3
2026-09-19T09:00,12.6,0.0,1026.2,65.7,0.0,11.1,96.6,0.9,1.3
2026-09-19T09:10,20.8,0.0,1026.2,74.3,0.0,11.2,95.9,0.7,1.4
2026-09-19T09:20,19.6,0.0,1026.3,82.6,0.0,11.3,95.5,0.7,1.3
2026-09-19T09:30,26.2,0.0,1026.3,89.0,0.0,11.3,94.6,0.7,1.2
2026-09-19T09:40,34.4,0.0,1026.3,100.7,0.0,11.6,94.4,0.4,0.8
2026-09-19T09:50,2.8,0.0,1026.4,111.2,0.0,11.5,92.6,0.5,0.9
2026-09-19T10:00,21.3,0.0,1026.2,127.2,0.0,11.8,92.2,0.5,0.9
2026-09-19T10:10,22.5,0.0,1026.3,149.8,0.0,12.0,92.5,0.2,0.6
2026-09-19T10:20,65.1,0.0,1026.3,163.0,0.0,12.3,90.2,0.3,1.0
2026-09-19T10:30,89.8,0.0,1026.4,173.7,0.0,12.4,90.6,0.6,1.5
2026-09-19T10:40,143.9,0.0,1026.2,200.6,0.0,12.8,88.6,0.7,1.1
2026-09-19T10:50,153.3,0.0,1026.3,203.6,0.0,12.8,86.0,0.6,1.3
2026-09-19T11:00,142.7,0.0,1026.2,218.1,0.0,13.0,84.3,0.5,1.1
2026-09-19T11:10,134.3,0.0,1026.0,264.5,0.0,13.4,81.6,0.5,1.4
2026-09-19T11:20,142.8,0.0,1025.9,297.2,0.0,13.7,77.3,1.2,2.4
2026-09-19T11:30,151.1,0.0,1025.6,332.3,573.0,14.0,74.4,1.5,2.1
2026-09-19T11:40,161.4,0.0,1025.0,809.1,599.0,15.0,73.5,1.4,2.3
2026-09-19T11:50,129.0,0.0,1024.7,789.5,600.0,15.3,70.7,1.0,2.2
2026-09-19T12:00,17.8,0.0,1024.6,735.5,600.0,15.5,69.5,0.7,2.1
2026-09-19T12:10,63.3,0.0,1024.4,723.8,599.0,15.7,69.3,0.8,2.1
2026-09-19T12:20,359.3,0.0,1024.4,724.4,600.0,15.6,69.2,0.8,2.3
2026-09-19T12:30,340.2,0.0,1024.4,732.1,600.0,15.8,68.9,0.7,2.0
2026-09-19T12:40,322.2,0.0,1024.0,738.9,599.0,16.3,67.8,0.3,1.3
2026-09-19T12:50,59.0,0.0,1023.7,743.6,600.0,16.6,66.6,0.3,2.0
2026-09-19T13:00,4.0,0.0,1023.2,747.8,600.0,17.2,65.3,1.1,2.2
2026-09-19T13:20,7.6,0.0,1023.0,753.7,599.0,17.5,62.6,1.5,3.3
2026-09-19T13:30,26.8,0.0,1022.7,754.7,600.0,17.9,61.7,0.9,1.8
2026-09-19T13:40,5.9,0.0,1022.1,745.8,600.0,18.6,59.4,0.8,2.0
2026-09-19T13:50,16.2,0.0,1021.8,738.8,600.0,18.9,56.2,1.1,2.1
2026-09-19T14:00,29.9,0.0,1021.5,733.7,600.0,19.4,54.4,1.1,2.1
2026-09-19T14:10,14.4,0.0,1021.4,727.2,599.0,19.6,52.4,1.3,2.5
2026-09-19T14:20,0.4,0.0,1021.1,717.1,600.0,19.9,50.8,1.7,2.6
2026-09-19T14:30,329.6,0.0,1021.1,706.1,599.0,19.7,50.0,1.2,2.0
2026-09-19T14:40,334.9,0.0,1020.8,689.4,600.0,19.8,47.8,1.4,2.5
2026-09-19T14:50,340.2,0.0,1020.8,676.7,600.0,19.8,48.2,1.7,2.2
2026-09-19T15:00,339.1,0.0,1020.7,669.4,600.0,20.0,48.4,1.4,2.2
2026-09-19T15:10,345.0,0.0,1020.7,653.0,600.0,19.9,48.6,1.7,2.3
2026-09-19T15:20,300.7,0.0,1020.8,526.7,600.0,19.7,53.3,1.4,2.3
2026-09-19T15:30,283.0,0.0,1021.2,506.6,561.0,18.8,60.8,2.2,3.3
2026-09-19T15:40,267.3,0.0,1020.8,587.7,600.0,19.6,55.4,1.0,1.9
2026-09-19T15:50,279.1,0.0,1020.7,550.0,599.0,19.8,53.7,1.1,2.3
2026-09-19T16:00,279.7,0.0,1021.6,281.4,346.0,17.9,62.7,2.5,3.3
2026-09-19T16:10,284.2,0.0,1022.0,77.1,0.0,17.0,63.8,2.4,3.2
2026-09-19T16:20,285.4,0.0,1022.0,211.2,300.0,17.0,63.9,2.2,3.1
2026-09-19T16:30,284.2,0.0,1022.2,184.3,293.0,16.9,65.5,2.4,3.1
2026-09-19T16:40,278.9,0.0,1021.8,383.6,600.0,17.8,61.7,2.1,2.7
2026-09-19T16:50,277.6,0.0,1021.7,249.9,334.0,18.0,61.7,1.5,2.6
2026-09-19T17:00,282.5,0.0,1022.5,140.2,223.0,16.4,66.7,2.9,3.7
2026-09-19T17:10,280.7,0.0,1022.4,347.8,599.0,16.5,67.6,3.3,4.3
2026-09-19T17:20,279.1,0.0,1022.4,314.8,600.0,16.8,64.8,2.9,4.0
2026-09-19T17:30,279.8,0.0,1022.6,270.8,600.0,16.6,65.3,3.1,4.3
2026-09-19T17:40,278.5,0.0,1022.9,108.9,271.0,15.9,69.4,2.0,3.1
2026-09-19T17:50,282.5,0.0,1023.0,75.2,0.0,15.6,71.3,1.9,2.9
2026-09-19T18:00,271.2,0.0,1023.0,76.2,0.0,15.8,70.6,0.7,2.2
2026-09-19T18:10,274.5,0.0,1023.1,72.6,0.0,15.7,71.4,0.8,1.9
2026-09-19T18:20,277.1,0.0,1023.2,61.5,0.0,15.6,71.4,1.3,2.3
2026-09-19T18:30,262.0,0.0,1023.3,49.7,0.0,15.4,72.7,0.9,1.6
2026-09-19T18:40,281.2,0.0,1023.8,38.5,0.0,14.9,74.6,1.6,2.4
2026-09-19T18:50,281.3,0.0,1024.0,26.9,0.0,14.7,75.5,0.9,1.9
2026-09-19T19:00,270.9,0.0,1024.3,17.2,0.0,14.3,77.3,0.7,2.4
2026-09-19T19:10,292.6,0.0,1024.5,8.7,0.0,13.9,78.6,0.6,1.9
2026-09-19T19:20,300.1,0.0,1024.9,1.7,0.0,13.5,79.6,0.5,1.3
2026-09-19T19:30,281.3,0.0,1025.1,0.0,0.0,13.3,79.8,0.8,2.2
2026-09-19T19:40,297.5,0.0,1025.4,0.0,0.0,13.0,80.6,0.5,1.6
2026-09-19T19:50,280.1,0.0,1025.7,0.0,0.0,12.8,82.3,0.5,1.9
2026-09-19T20:00,294.6,0.0,1026.1,0.0,0.0,12.5,82.0,0.4,1.7
2026-09-19T20:10,321.5,0.0,1026.3,0.0,0.0,12.5,82.9,0.3,1.4
2026-09-19T20:20,267.6,0.0,1026.7,0.0,0.0,12.1,84.5,0.4,1.5
2026-09-19T20:30,281.3,0.0,1026.9,0.0,0.0,12.0,83.9,1.0,2.4
