datetime,DVENTO,PREC,RADSOL,TEMP,UMID,VVENTO
2026-09-11T00:00,163,0,0,9.3,100,1.6
2026-09-11T00:15,213,0,0,9.1,100,0.5
2026-09-11T00:30,,0,0,9.2,100,
2026-09-11T00:45,258,0,0,8.8,100,1.3
2026-09-11T01:00,249,0,0,9.1,100,1.2
2026-09-11T01:15,250,0,0,8.8,100,1.8
2026-09-11T01:30,252,0,0,8.8,100,1.9
2026-09-11T01:45,245,0,0,9,100,2.1
2026-09-11T02:00,254,0,0,8.9,100,1.6
2026-09-11T02:15,248,0,0,8.8,100,2.3
2026-09-11T02:30,264,0,0,9,100,2.4
2026-09-11T02:45,262,0,0,9.2,100,2.1
2026-09-11T03:00,265,0,0,9,100,1.7
2026-09-11T03:15,256,0,0,9,100,1.6
2026-09-11T03:30,255,0,0,8.9,100,1
2026-09-11T03:45,251,0,0,8.6,100,1.6
2026-09-11T04:00,251,0,0,8.9,100,1.7
2026-09-11T04:15,249,0,0,8.8,100,1.6
2026-09-11T04:30,250,0,0,8.7,100,2.1
2026-09-11T04:45,251,0.2,0,8.7,100,2.3
2026-09-11T05:00,252,0,0,8.7,100,2.6
2026-09-11T05:15,248,0,0,8.9,100,2.2
2026-09-11T05:30,261,0,0,9.1,100,2
2026-09-11T05:45,252,0,0,9,100,1.6
2026-09-11T06:00,264,0,0,9,100,2
2026-09-11T06:15,270,0,0,8.9,100,1.8
2026-09-11T06:30,234,0,0,8.8,100,1.2
2026-09-11T06:45,252,0,0,8.8,100,0.3
2026-09-11T07:00,256,0,0,8.6,100,2.5
2026-09-11T07:15,260,0,3,8.8,100,2.6
2026-09-11T07:30,246,0,23,8.9,100,2.1
2026-09-11T07:45,247,0,94,9,100,2.6
2026-09-11T08:00,256,0,142,9.1,100,1.9
2026-09-11T08:15,247,0,138,9.1,100,2.2
2026-09-11T08:30,246,0,167,9.1,100,1.6
2026-09-11T08:45,258,0,297,9.6,100,1.6
2026-09-11T09:00,244,0,334,9.8,100,2.3
2026-09-11T09:15,242,0,377,10,100,2.4
2026-09-11T09:30,258,0,425,10.4,100,2.5
2026-09-11T09:45,247,0,468,10.4,100,2.6
2026-09-11T10:00,254,0,495,10.6,100,2.1
2026-09-11T10:15,257,0,529,11.5,96,1.6
2026-09-11T10:30,258,0,569,12.4,90,2
2026-09-11T10:45,258,0,602,12.3,88,3.1
2026-09-11T11:00,236,0,631,12.1,87,2.9
2026-09-11T11:15,236,0,653,12.3,85,2.6
2026-09-11T11:30,234,0,675,12.6,83,2.8
2026-09-11T11:45,241,0,693,13.2,81,2.3
2026-09-11T12:00,249,0,714,13.4,78,2.2
2026-09-11T12:15,240,0,725,14.1,78,1.7
2026-09-11T12:30,248,0,739,14.6,76,1.5
2026-09-11T12:45,261,0,718,15.3,74,1.2
2026-09-11T13:00,184,0,780,15.7,73,1.5
2026-09-11T13:15,213,0,570,15.4,74,0.7
2026-09-11T13:30,255,0,541,15.1,76,1.5
2026-09-11T13:45,221,0,660,15.4,74,1.6
2026-09-11T14:00,249,0,816,16.3,71,1.4
2026-09-11T14:15,199,0,558,16.5,69,1.1
2026-09-11T14:30,246,0,368,16,73,1.2
2026-09-11T14:45,227,0,344,15.3,73,1.4
2026-09-11T15:00,216,0,343,14.7,76,2.2
2026-09-11T15:15,227,0,443,15.3,72,1
2026-09-11T15:30,355,0,506,15.5,76,1.2
2026-09-11T15:45,10,0,505,15,85,1.5
2026-09-11T16:00,39,0,366,14.8,86,1.1
2026-09-11T16:15,19,0,400,15.1,86,0.7
2026-09-11T16:30,248,0,344,15.8,74,1.5
2026-09-11T16:45,238,0,250,15.5,72,1.2
2026-09-11T17:00,117,0,357,15.5,79,1.1
2026-09-11T17:15,25,0,423,15.6,83,1.2
2026-09-11T17:30,23,0,335,15.2,84,1.5
2026-09-11T17:45,54,0,283,15.1,85,1.2
2026-09-11T18:00,359,0,193,15.1,85,0.7
2026-09-11T18:15,19,0,161,13.9,88,1.7
2026-09-11T18:30,10,0,129,14,91,0.9
2026-09-11T18:45,16,0,100,13.6,91,1
2026-09-11T19:00,16,0,61,13.2,93,1.2
2026-09-11T19:15,20,0,20,12.8,97,1.2
2026-09-11T19:30,28,0,0,12.6,99,1.4
2026-09-11T19:45,17,0,0,12.5,100,1.1
2026-09-11T20:00,27,0,0,12.4,100,1.3
2026-09-11T20:15,25,0,0,12.4,100,0.6
2026-09-11T20:30,20,0,0,12.5,100,0.5
2026-09-11T20:45,24,0,0,12.3,100,1
2026-09-11T21:00,29,0,0,12.2,100,1.1
2026-09-11T21:15,97,0,0,12.1,100,0.4
2026-09-11T21:30,78,0,0,11.9,100,0.9
2026-09-11T21:45,51,0,0,11.5,100,1
2026-09-11T22:00,62,0,0,11.4,100,0.7
2026-09-11T22:15,43,0,0,11,100,0.6
2026-09-11T22:30,30,0,0,11.3,100,0.9
2026-09-11T22:45,23,0,0,11.4,100,1.3
2026-09-11T23:00,25,0,0,11.5,100,0.7
2026-09-11T23:15,43,0,0,11.4,100,0.7
2026-09-11T23:30,64,0,0,11.1,100,0.7
2026-09-11T23:45,55,0,0,10.9,100,0.6
2026-09-12T00:00,35,0,0,10.9,100,1
2026-09-12T00:15,25,0,0,11,100,0.7
2026-09-12T00:30,28,0,0,11.2,100,0.4
2026-09-12T00:45,98,0,0,11,100,0.9
2026-09-12T01:00,67,0,0,11,100,0.6
2026-09-12T01:15,33,0,0,11,100,0.4
2026-09-12T01:30,,0,0,10.9,100,
2026-09-12T01:45,236,0,0,11.1,100,0.7
2026-09-12T02:00,268,0,0,11.1,100,1.1
2026-09-12T02:15,258,0,0,11.2,100,1.3
2026-09-12T02:30,61,0,0,11.1,100,0.6
2026-09-12T02:45,28,0,0,11.2,100,0.5
2026-09-12T03:00,45,0,0,11.3,100,0.2
2026-09-12T03:15,67,0,0,11.2,100,0.4
2026-09-12T03:30,133,0,0,11.1,100,1.1
2026-09-12T03:45,148,0,0,10.7,100,1
2026-09-12T04:00,177,0,0,10.6,100,0.3
2026-09-12T04:15,181,0,0,10.4,100,0.1
2026-09-12T04:30,239,0,0,10.6,100,0.3
2026-09-12T04:45,262,0,0,10.7,100,0.5
2026-09-12T05:00,139,0,0,10.5,100,0.5
2026-09-12T05:15,119,0,0,10.1,100,0.3
2026-09-12T05:30,234,0,0,9.9,100,0.4
2026-09-12T05:45,271,0,0,9.9,100,0.5
2026-09-12T06:00,196,0,0,10.1,100,0.2
2026-09-12T06:15,236,0.2,0,9.7,100,0.3
2026-09-12T06:30,235,0,0,9.6,100,0.9
2026-09-12T06:45,237,0,0,9.7,100,0.8
2026-09-12T07:00,259,0,0,9.6,100,0.9
2026-09-12T07:15,224,0,18,10,100,0.7
2026-09-12T07:30,274,0,28,10.1,100,1.4
2026-09-12T07:45,258,0,32,10,100,0.4
2026-09-12T08:00,259,0,41,10.2,100,0.5
2026-09-12T08:15,245,0,94,10.3,100,1
2026-09-12T08:30,246,0,214,10.3,100,1.2
2026-09-12T08:45,248,0,270,10.6,100,1.2
2026-09-12T09:00,254,0,327,10.8,100,1.5
2026-09-12T09:15,255,0,380,11.1,97,1.5
2026-09-12T09:30,248,0,424,11.4,91,1.2
2026-09-12T09:45,246,0,461,12.2,89,0.9
2026-09-12T10:00,80,0,505,12.5,83,1.2
2026-09-12T10:15,54,0,554,12.9,81,0.6
2026-09-12T10:30,21,0,587,13.1,76,0.8
2026-09-12T10:45,88,0,611,13.5,74,1.2
2026-09-12T11:00,97,0,643,14.2,70,1
2026-09-12T11:15,322,0,673,14.1,67,1
2026-09-12T11:30,239,0,694,14.1,69,1.1
2026-09-12T11:45,259,0,716,14.3,69,1.5
2026-09-12T12:00,256,0,740,14.1,67,2.3
2026-09-12T12:15,262,0,746,14.5,64,2.5
2026-09-12T12:30,239,0,755,14.8,60,2.3
2026-09-12T12:45,236,0,759,15.2,61,2
2026-09-12T13:00,250,0,770,15.4,61,2.5
2026-09-12T13:15,248,0,771,15.4,62,2.4
2026-09-12T13:30,249,0,766,15.7,59,2.6
2026-09-12T13:45,243,0,759,16,59,3.1
2026-09-12T14:00,257,0,753,16,55,3.1
2026-09-12T14:15,246,0,737,15.8,57,3.1
2026-09-12T14:30,242,0,717,16,59,2.9
2026-09-12T14:45,219,0,697,16.2,59,3.5
2026-09-12T15:00,231,0,672,16.5,57,2.6
2026-09-12T15:15,263,0,649,16.4,54,3
2026-09-12T15:30,238,0,615,16.6,59,2.6
2026-09-12T15:45,255,0,584,16.4,60,3.4
2026-09-12T16:00,257,0,546,16.2,63,3.3
2026-09-12T16:15,258,0,507,16.2,64,3.6
2026-09-12T16:30,237,0,465,16.4,63,2.9
2026-09-12T16:45,257,0,423,16.3,61,3.7
2026-09-12T17:00,260,0,379,16.3,61,3.1
2026-09-12T17:15,247,0,336,16.3,63,2.6
2026-09-12T17:30,259,0,292,16,64,2.7
2026-09-12T17:45,237,0,247,16.3,64,2.1
2026-09-12T18:00,45,0,207,15.4,72,1.4
2026-09-12T18:15,2,0,164,14.1,81,1.3
2026-09-12T18:30,349,0,120,13.8,84,1.4
2026-09-12T18:45,358,0,77,13.4,86,1
2026-09-12T19:00,346,0,43,13,88,0.7
2026-09-12T19:15,23,0,25,12.9,88,0.5
2026-09-12T19:30,20,0,1,11.8,91,0.7
2026-09-12T19:45,23,0,0,11.3,94,0.8
2026-09-12T20:00,24,0,0,11.1,96,0.7
2026-09-12T20:15,19,0,0,10.8,98,0.9
2026-09-12T20:30,47,0,0,10.9,99,0.6
2026-09-12T20:45,56,0,0,10.8,100,0.7
2026-09-12T21:00,64,0,0,10.8,100,0.7
2026-09-12T21:15,59,0,0,10.8,100,0.7
2026-09-12T21:30,33,0,0,10.8,100,0.7
2026-09-12T21:45,43,0,0,10.7,100,0.6
2026-09-12T22:00,32,0,0,10.8,100,0.6
2026-09-12T22:15,42,0,0,10.7,100,0.2
2026-09-12T22:30,118,0,0,10.7,100,0.3
2026-09-12T22:45,317,0,0,10.3,100,0.3
2026-09-12T23:00,344,0,0,10.5,100,0.3
2026-09-12T23:15,108,0,0,10.9,100,0.5
2026-09-12T23:30,104,0,0,10.8,100,0.8
2026-09-12T23:45,71,0,0,10.9,100,0.3
2026-09-13T00:00,49,0,0,10.8,100,0.5
2026-09-13T00:15,43,0,0,10.8,100,0.6
2026-09-13T00:30,123,0,0,10.8,100,1
2026-09-13T00:45,114,0,0,10.7,100,0.4
2026-09-13T01:00,,0.2,0,10.8,100,
2026-09-13T01:15,116,0,0,11.1,100,0.5
2026-09-13T01:30,113,0,0,11.4,100,0.4
2026-09-13T01:45,88,0,0,11.4,100,0.2
2026-09-13T02:00,242,0,0,11.4,100,0.8
2026-09-13T02:15,259,0,0,11.3,99,0.6
2026-09-13T02:30,259,0,0,11.2,99,1.1
2026-09-13T02:45,272,0,0,10.9,98,0.5
2026-09-13T03:00,261,0,0,10.5,99,0.7
2026-09-13T03:15,263,0,0,10.4,100,0.6
2026-09-13T03:30,270,0,0,10.4,100,0.6
2026-09-13T03:45,271,0,0,10.5,100,0.5
2026-09-13T04:00,269,0,0,10.4,100,0.3
2026-09-13T04:15,55,0,0,10.5,100,0.4
2026-09-13T04:30,329,0,0,10.2,100,0.2
2026-09-13T04:45,235,0,0,10.1,100,1
2026-09-13T05:00,229,0,0,10.5,100,0.7
2026-09-13T05:15,229,0,0,10.4,100,0.4
2026-09-13T05:30,248,0,0,10.4,100,0.7
2026-09-13T05:45,259,0,0,10.5,100,0.7
2026-09-13T06:00,283,0,0,10.3,100,0.7
2026-09-13T06:15,29,0,0,10.4,100,0.3
2026-09-13T06:30,181,0,0,10.3,100,0.5
2026-09-13T06:45,203,0,0,10.2,100,1
2026-09-13T07:00,258,0,0,10,100,0.7
2026-09-13T07:15,258,0,15,10.1,100,0.9
2026-09-13T07:30,240,0,47,10.4,100,0.8
2026-09-13T07:45,238,0,96,10.9,100,1.2
2026-09-13T08:00,257,0,98,11.3,100,1.3
2026-09-13T08:15,252,0,122,11.3,100,1.2
2026-09-13T08:30,251,0,148,11.3,99,1
2026-09-13T08:45,260,0,183,11.5,98,1.1
2026-09-13T09:00,222,0,341,11.9,98,1.6
2026-09-13T09:15,254,0,339,11.9,97,2
2026-09-13T09:30,265,0,431,12.2,94,2.4
2026-09-13T09:45,268,0,459,12.4,90,2.7
2026-09-13T10:00,256,0,500,12.8,88,2.3
2026-09-13T10:15,268,0,524,13.2,86,2.2
2026-09-13T10:30,269,0,578,13.5,83,2.1
2026-09-13T10:45,254,0,594,13.8,81,2
2026-09-13T11:00,247,0,643,14.2,77,2
2026-09-13T11:15,266,0,657,14.3,75,2.1
2026-09-13T11:30,250,0,681,14.6,73,1.9
2026-09-13T11:45,259,0,701,14.8,69,2.2
2026-09-13T12:00,263,0,720,14.9,67,2.6
2026-09-13T12:15,256,0,732,15,68,3.3
2026-09-13T12:30,261,0,742,15.3,66,3.3
2026-09-13T12:45,243,0,751,15.5,68,3.5
2026-09-13T13:00,256,0,755,15.7,69,3
2026-09-13T13:15,228,0,739,15.9,70,3.4
2026-09-13T13:30,236,0,643,15.9,71,2.9
2026-09-13T13:45,255,0,678,16.3,71,3.3
2026-09-13T14:00,227,0,719,16.5,71,3.1
2026-09-13T14:15,250,0,670,16.6,71,3.1
2026-09-13T14:30,246,0,659,16.6,71,2.9
2026-09-13T14:45,254,0,622,16.7,71,2.8
2026-09-13T15:00,249,0,641,16.9,71,3.1
2026-09-13T15:15,229,0,593,16.8,71,3
2026-09-13T15:30,253,0,599,17,72,3.3
2026-09-13T15:45,248,0,540,16.7,71,3.3
2026-09-13T16:00,259,0,546,16.7,71,3.3
2026-09-13T16:15,257,0,492,17,70,3.2
2026-09-13T16:30,256,0,445,16.9,69,3.3
2026-09-13T16:45,252,0,413,16.9,69,3.1
2026-09-13T17:00,246,0,373,17.2,68,2.9
2026-09-13T17:15,256,0,329,16.8,67,3.2
2026-09-13T17:30,251,0,282,16.9,67,2.9
2026-09-13T17:45,253,0,121,16.1,68,2.9
2026-09-13T18:00,247,0,87,15.6,71,1.7
2026-09-13T18:15,288,0,82,15.3,75,0.8
2026-09-13T18:30,192,0,67,15,77,0.3
2026-09-13T18:45,213,0,56,14.6,78,1.4
2026-09-13T19:00,222,0,34,14.3,79,1.1
2026-09-13T19:15,236,0,22,13.9,81,1
2026-09-13T19:30,240,0,0,13.6,83,1.3
2026-09-13T19:45,248,0,0,13.3,84,0.8
2026-09-13T20:00,248,0,0,12.8,87,0.9
2026-09-13T20:15,273,0,0,12.5,88,1.1
2026-09-13T20:30,284,0,0,12.5,89,0.9
2026-09-13T20:45,220,0,0,12.9,88,1
2026-09-13T21:00,251,0,0,12.9,86,0.6
2026-09-13T21:15,318,0,0,12.3,88,0.2
2026-09-13T21:30,233,0,0,12.5,88,0.4
2026-09-13T21:45,261,0,0,12.3,88,0.9
2026-09-13T22:00,249,0,0,12.1,89,0.9
2026-09-13T22:15,239,0,0,12.1,89,0.3
2026-09-13T22:30,,0,0,12.1,88,
2026-09-13T22:45,254,0,0,12.2,89,0.5
2026-09-13T23:00,269,0,0,12.5,88,1.1
2026-09-13T23:15,193,0,0,12.8,87,0.7
2026-09-13T23:30,259,0,0,12.7,87,0.4
2026-09-13T23:45,198,0,0,12.7,87,1.5
2026-09-14T00:00,39,0,0,12.4,88,0.9
2026-09-14T00:15,24,0,0,12.5,88,0.5
2026-09-14T00:30,224,0,0,12.3,89,1.2
2026-09-14T00:45,247,0,0,12.4,89,1.5
2026-09-14T01:00,267,0,0,12.4,89,1.8
2026-09-14T01:15,242,0,0,12.2,89,1.4
2026-09-14T01:30,258,0,0,12.4,89,1.1
2026-09-14T01:45,20,0,0,12.3,89,0.1
2026-09-14T02:00,231,0,0,12.2,89,1.1
2026-09-14T02:15,270,0,0,12.2,90,0.8
2026-09-14T02:30,,0,0,12.4,90,
2026-09-14T02:45,81,0,0,12.7,89,1
2026-09-14T03:00,51,0,0,12.4,89,0.5
2026-09-14T03:15,94,0,0,12,89,0.7
2026-09-14T03:30,263,0,0,11.5,91,0.9
2026-09-14T03:45,258,0,0,11.6,93,1.2
2026-09-14T04:00,178,0,0,11.7,93,0.9
2026-09-14T04:15,226,0,0,11.7,92,0.7
2026-09-14T04:30,19,0,0,11.7,93,0.5
2026-09-14T04:45,67,0,0,11.4,93,0.2
2026-09-14T05:00,107,0,0,11.2,95,0.4
2026-09-14T05:15,158,0,0,11.1,95,0.5
2026-09-14T05:30,230,0,0,11.4,94,1.2
2026-09-14T05:45,67,0,0,12.4,90,0.9
2026-09-14T06:00,229,0,0,12.1,88,1.4
2026-09-14T06:15,237,0,0,11.8,90,1.2
2026-09-14T06:30,157,0,0,11.8,92,0.5
2026-09-14T06:45,302,0,0,11.9,89,0.5
2026-09-14T07:00,247,0,0,12.2,90,2.1
2026-09-14T07:15,230,0,0,12.5,87,0.8
2026-09-14T07:30,97,0,15,12.4,85,1.4
2026-09-14T07:45,86,0,29,12,87,1
2026-09-14T08:00,176,0,37,11.9,88,0.9
2026-09-14T08:15,90,0,71,12.6,86,1.3
2026-09-14T08:30,105,0,227,14,83,1
2026-09-14T08:45,102,0,271,15,78,0.8
2026-09-14T09:00,85,0,313,16.1,71,2.1
2026-09-14T09:15,27,0,360,16,65,2.7
2026-09-14T09:30,15,0,403,16.5,60,2.8
2026-09-14T09:45,13,0,445,16.9,57,2.8
2026-09-14T10:00,17,0,487,17,59,2.5
2026-09-14T10:15,25,0,527,17.2,58,2.8
2026-09-14T10:30,18,0,563,17.5,56,3.1
2026-09-14T10:45,10,0,595,17.9,55,2.8
2026-09-14T11:00,44,0,626,18.2,54,2.5
2026-09-14T11:15,18,0,655,18.2,50,2.7
2026-09-14T11:30,19,0,677,18.4,48,2.5
2026-09-14T11:45,10,0,704,18.4,46,3
2026-09-14T12:00,28,0,716,18.9,46,2.3
2026-09-14T12:15,33,0,733,19,45,2.3
2026-09-14T12:30,106,0,743,19.4,47,1.6
2026-09-14T12:45,64,0,755,19.4,45,2.4
2026-09-14T13:00,38,0,763,19.4,45,1.5
2026-09-14T13:15,77,0,760,19.9,45,1.5
2026-09-14T13:30,46,0,767,19.8,46,1.8
2026-09-14T13:45,10,0,760,19.6,45,1.8
2026-09-14T14:00,84,0,746,20.2,46,1.4
2026-09-14T14:15,77,0,664,20.2,45,1.3
2026-09-14T14:30,93,0,615,20,44,1.9
2026-09-14T14:45,149,0,691,20.5,46,1.6
2026-09-14T15:00,86,0,663,20.4,44,1.4
2026-09-14T15:15,78,0,539,20.3,45,1.1
2026-09-14T15:30,221,0,597,20.2,53,1.4
2026-09-14T15:45,227,0,565,20,52,1.3
2026-09-14T16:00,228,0,435,19.6,53,0.9
2026-09-14T16:15,359,0,363,18.4,65,1.3
2026-09-14T16:30,58,0,343,18.2,68,1.3
2026-09-14T16:45,15,0,398,17.8,71,1.6
2026-09-14T17:00,12,0,354,17.8,72,1.4
2026-09-14T17:15,9,0,296,17.5,74,1.7
2026-09-14T17:30,11,0,282,17.3,75,1.7
2026-09-14T17:45,4,0,239,17.5,75,1.1
2026-09-14T18:00,11,0,145,16.8,77,1.3
2026-09-14T18:15,17,0,72,16.1,80,1.3
2026-09-14T18:30,10,0,58,15.9,82,0.8
2026-09-14T18:45,7,0,65,15.6,83,0.9
2026-09-14T19:00,13,0,37,15.3,84,0.9
2026-09-14T19:15,15,0,12,14.5,87,1
2026-09-14T19:30,17,0,0,13.9,90,1.1
2026-09-14T19:45,19,0,0,13.7,92,1.2
2026-09-14T20:00,31,0,0,13.5,93,1.4
2026-09-14T20:15,42,0,0,13.5,94,1.1
2026-09-14T20:30,52,0,0,13.4,95,0.7
2026-09-14T20:45,35,0,0,13.1,96,1.1
2026-09-14T21:00,60,0,0,13.4,96,0.8
2026-09-14T21:15,59,0,0,13.2,96,0.6
2026-09-14T21:30,56,0,0,13.5,96,0.6
2026-09-14T21:45,40,0,0,13.7,96,0.8
2026-09-14T22:00,57,0,0,13.8,94,0.5
2026-09-14T22:15,96,0,0,13.9,93,0.6
2026-09-14T22:30,111,0,0,14.1,90,0.9
2026-09-14T22:45,42,0,0,13.8,87,0.5
2026-09-14T23:00,122,0,0,13.6,86,0.5
2026-09-14T23:15,129,0,0,13.2,86,0.3
2026-09-14T23:30,253,0,0,12.9,87,1.1
2026-09-14T23:45,254,0,0,12.7,87,1.1
2026-09-15T00:00,263,0,0,12.6,87,0.9
2026-09-15T00:15,235,0,0,12.8,89,0.5
2026-09-15T00:30,39,0,0,13.2,87,0.5
2026-09-15T00:45,120,0,0,13.2,85,1
2026-09-15T01:00,91,0,0,12.8,84,0.1
2026-09-15T01:15,118,0,0,13.2,82,0.5
2026-09-15T01:30,146,0,0,12.8,78,1
2026-09-15T01:45,159,0,0,12.8,79,1.3
2026-09-15T02:00,164,0,0,12.9,80,2.8
2026-09-15T02:15,171,0,0,13.4,82,3.6
2026-09-15T02:30,196,0,0,13.3,80,1.4
2026-09-15T02:45,199,0,0,13,82,1.4
2026-09-15T03:00,183,0,0,12.9,84,1.6
2026-09-15T03:15,179,0,0,12.3,87,1.3
2026-09-15T03:30,184,0,0,12.2,88,1.3
2026-09-15T03:45,189,0,0,12,89,0.9
2026-09-15T04:00,214,0,0,11.7,89,0.4
2026-09-15T04:15,225,0,0,11.9,91,0.4
2026-09-15T04:30,329,0,0,11.8,91,0.1
2026-09-15T04:45,,0,0,11.3,93,
2026-09-15T05:00,32,0,0,11.3,95,0.2
2026-09-15T05:15,50,0,0,11.4,96,0.5
2026-09-15T05:30,41,0,0,11.4,96,0.5
2026-09-15T05:45,64,0,0,11.9,95,0.6
2026-09-15T06:00,116,0,0,12,95,0.4
2026-09-15T06:15,113,0,0,12.1,95,0.6
2026-09-15T06:30,197,0,0,12.1,95,0.1
2026-09-15T06:45,185,0,0,12.2,95,0.3
2026-09-15T07:00,149,0,0,12.3,95,0.4
2026-09-15T07:15,134,0,0,12.3,96,0.2
2026-09-15T07:30,330,0,15,12.4,95,0.2
2026-09-15T07:45,236,0,34,12.5,95,0.8
2026-09-15T08:00,248,0,41,12.6,95,0.7
2026-09-15T08:15,240,0,42,12.8,94,0.9
2026-09-15T08:30,246,0,66,12.7,94,0.8
2026-09-15T08:45,258,0,112,12.8,94,1.3
2026-09-15T09:00,242,0,92,12.9,94,0.8
2026-09-15T09:15,240,0,76,12.9,94,0.9
2026-09-15T09:30,234,0,90,13,94,1.3
2026-09-15T09:45,220,0,151,13.1,94,1.5
2026-09-15T10:00,227,0,239,13.4,94,1.5
2026-09-15T10:15,259,0,280,13.6,92,1.5
2026-09-15T10:30,257,0,416,14.1,91,2
2026-09-15T10:45,249,0,674,14.7,88,2.7
2026-09-15T11:00,228,0,770,15.1,84,2.6
2026-09-15T11:15,262,0,551,15.4,82,1.4
2026-09-15T11:30,229,0,772,15.7,80,2
2026-09-15T11:45,242,0,555,15.8,75,1
2026-09-15T12:00,258,0,519,15.3,77,2.3
2026-09-15T12:15,253,0,779,15.9,74,2.8
2026-09-15T12:30,220,0,814,16,75,3.7
2026-09-15T12:45,217,0,803,16.3,75,3.2
2026-09-15T13:00,218,0,773,16.1,76,3.5
2026-09-15T13:15,222,0,758,16.5,75,3.3
2026-09-15T13:30,239,0,763,16.7,72,3.4
2026-09-15T13:45,254,0,726,16.5,70,3.6
2026-09-15T14:00,243,0,717,16.8,71,3.4
2026-09-15T14:15,279,0,710,16.9,70,3
2026-09-15T14:30,229,0,702,17.1,71,3.1
2026-09-15T14:45,247,0,679,17.5,70,2.7
2026-09-15T15:00,262,0,661,17.2,70,3.5
2026-09-15T15:15,255,0,630,17.5,72,3
2026-09-15T15:30,255,0,601,17.6,72,3.2
2026-09-15T15:45,247,0,566,17.5,72,3.1
2026-09-15T16:00,243,0,526,17.7,72,2.6
2026-09-15T16:15,243,0,488,17.8,71,2.8
2026-09-15T16:30,247,0,444,17.9,71,2.7
2026-09-15T16:45,243,0,402,17.8,70,2.6
2026-09-15T17:00,259,0,358,17.7,71,2.6
2026-09-15T17:15,247,0,314,18,70,2.2
2026-09-15T17:30,239,0,272,17.9,71,2.2
2026-09-15T17:45,246,0,230,17.7,72,1.9
2026-09-15T18:00,244,0,187,17.4,73,2.4
2026-09-15T18:15,250,0,142,17.3,74,2
2026-09-15T18:30,31,0,100,16.6,78,1.1
2026-09-15T18:45,32,0,61,15.4,83,1
2026-09-15T19:00,29,0,34,14.7,86,1
2026-09-15T19:15,53,0,15,14,89,0.7
2026-09-15T19:30,45,0,0,13.3,92,0.5
2026-09-15T19:45,39,0,0,13.4,95,1
2026-09-15T20:00,32,0,0,13,96,0.6
2026-09-15T20:15,33,0,0,12.7,97,0.7
2026-09-15T20:30,35,0,0,12.6,98,0.7
2026-09-15T20:45,61,0,0,12.5,99,0.6
2026-09-15T21:00,60,0,0,12.5,99,0.4
2026-09-15T21:15,38,0,0,12.4,100,0.5
2026-09-15T21:30,56,0,0,12.6,100,0.7
2026-09-15T21:45,64,0,0,12.7,100,0.8
2026-09-15T22:00,63,0,0,12.5,100,0.1
2026-09-15T22:15,344,0,0,12.2,100,0.1
2026-09-15T22:30,,0,0,12.2,100,
2026-09-15T22:45,305,0,0,12.2,100,0.1
2026-09-15T23:00,265,0,0,12.4,100,0.4
2026-09-15T23:15,332,0,0,12.3,100,0.1
2026-09-15T23:30,328,0,0,12.1,100,0.1
2026-09-15T23:45,324,0,0,12.2,100,0.1
2026-09-16T00:00,249,0,0,12.4,100,0.5
2026-09-16T00:15,315,0,0,12.1,100,0.5
2026-09-16T00:30,302,0,0,12.2,100,0.6
2026-09-16T00:45,305,0,0,12.3,100,0.3
2026-09-16T01:00,,0,0,12.6,100,
2026-09-16T01:15,336,0,0,12.6,100,0.1
2026-09-16T01:30,331,0.2,0,12.8,100,0.2
2026-09-16T01:45,,0,0,12.9,100,
2026-09-16T02:00,,0,0,12.9,100,
2026-09-16T02:15,,0,0,13,99,
2026-09-16T02:30,,0,0,12.9,98,
2026-09-16T02:45,333,0,0,12.7,97,0.2
2026-09-16T03:00,240,0,0,12.2,96,0.5
2026-09-16T03:15,256,0,0,12,97,0.6
2026-09-16T03:30,27,0,0,11.8,98,0.2
2026-09-16T03:45,169,0,0,11.9,99,0
2026-09-16T04:00,,0,0,11.8,99,
2026-09-16T04:15,337,0,0,11.6,99,0.3
2026-09-16T04:30,183,0,0,11.7,100,0.5
2026-09-16T04:45,237,0,0,11.4,100,0.7
2026-09-16T05:00,252,0,0,11.4,100,1.1
2026-09-16T05:15,250,0,0,11.4,100,0.8
2026-09-16T05:30,248,0,0,11.3,100,1
2026-09-16T05:45,253,0,0,11.2,100,1.1
2026-09-16T06:00,245,0,0,11.3,100,0.8
2026-09-16T06:15,246,0,0,11.3,100,0.7
2026-09-16T06:30,256,0,0,11.3,100,0.6
2026-09-16T06:45,265,0,0,11.4,100,0.6
2026-09-16T07:00,252,0.2,0,11.5,100,0.8
2026-09-16T07:15,262,0,6,11.6,100,0.7
2026-09-16T07:30,260,0,22,11.7,100,0.7
2026-09-16T07:45,248,0,35,11.8,100,0.9
2026-09-16T08:00,246,0,44,11.9,100,1.2
2026-09-16T08:15,248,0,137,12.4,100,1.5
2026-09-16T08:30,258,0,251,12.9,100,1.8
2026-09-16T08:45,264,0,286,12.9,99,1.8
2026-09-16T09:00,248,0,167,12.8,97,2
2026-09-16T09:15,235,0,322,13.1,98,1.7
2026-09-16T09:30,225,0,465,13.7,97,2.2
2026-09-16T09:45,213,0,476,14,94,2.1
2026-09-16T10:00,221,0,587,14.8,91,2.4
2026-09-16T10:15,216,0,489,14.7,88,2.7
2026-09-16T10:30,225,0,462,14.8,87,2.5
2026-09-16T10:45,223,0,727,15.5,84,2.8
2026-09-16T11:00,227,0,617,15.5,79,2.4
2026-09-16T11:15,235,0,636,15.8,77,2.5
2026-09-16T11:30,224,0,736,15.9,74,2.8
2026-09-16T11:45,237,0,745,16,69,2.8
2026-09-16T12:00,230,0,723,16.3,70,2.5
2026-09-16T12:15,256,0,728,16.3,66,2.3
2026-09-16T12:30,253,0,730,16.5,68,2.4
2026-09-16T12:45,254,0,737,16.6,68,2.1
2026-09-16T13:00,243,0,738,16.6,68,2.6
2026-09-16T13:15,250,0,752,16.9,70,2.9
2026-09-16T13:30,252,0,724,16.9,71,3
2026-09-16T13:45,225,0,729,17.3,70,3.1
2026-09-16T14:00,219,0,735,17.6,70,2.7
2026-09-16T14:15,244,0,767,17.7,70,2.7
2026-09-16T14:30,246,0,384,17.1,70,2.6
2026-09-16T14:45,250,0,232,16.4,74,2.4
2026-09-16T15:00,254,0,325,16.4,75,2.4
2026-09-16T15:15,249,0,242,16.3,74,2.5
2026-09-16T15:30,252,0,168,16,75,2.7
2026-09-16T15:45,263,0,227,16.1,77,3.2
2026-09-16T16:00,247,0,258,16.3,77,2.4
2026-09-16T16:15,261,0,270,16.3,77,2.4
2026-09-16T16:30,237,0,158,15.8,80,1.8
2026-09-16T16:45,215,0,111,15.8,82,1.8
2026-09-16T17:00,176,0,78,15.4,84,1.7
2026-09-16T17:15,203,0,64,15.3,84,2.2
2026-09-16T17:30,165,0,55,15.2,85,2
2026-09-16T17:45,29,0,41,15.1,86,0.5
2026-09-16T18:00,25,0,31,14.9,88,0.7
2026-09-16T18:15,16,0,33,14.6,89,0.8
2026-09-16T18:30,17,0,39,14.5,90,1
2026-09-16T18:45,24,0,27,14.4,91,1.4
2026-09-16T19:00,137,0,21,14.4,91,1.3
2026-09-16T19:15,152,0,10,14.7,88,1.8
2026-09-16T19:30,163,0,0,14.5,89,0.8
2026-09-16T19:45,34,0,0,14,91,0.5
2026-09-16T20:00,10,0,0,13.5,93,0.5
2026-09-16T20:15,161,0,0,13.2,95,0.5
2026-09-16T20:30,150,0,0,13.3,94,0.9
2026-09-16T20:45,60,0,0,13.2,94,0.3
2026-09-16T21:00,83,0,0,13.4,95,0.3
2026-09-16T21:15,159,0,0,13.4,95,0.2
2026-09-16T21:30,199,0,0,13.6,94,0.9
2026-09-16T21:45,187,0,0,14,92,0.8
2026-09-16T22:00,185,0,0,13.9,92,1.3
2026-09-16T22:15,173,0,0,13.9,92,1.7
2026-09-16T22:30,49,0,0,13.7,92,0.5
2026-09-16T22:45,27,0,0,13.5,94,0.6
2026-09-16T23:00,167,0,0,13.7,93,0.9
2026-09-16T23:15,40,0,0,13.7,92,0.9
2026-09-16T23:30,12,0,0,13.3,96,0.9
2026-09-16T23:45,2,0,0,13.3,98,0.7
2026-09-17T00:00,33,0,0,13.2,99,0.4
2026-09-17T00:15,42,0,0,13.2,99,0.4
2026-09-17T00:30,337,0,0,13.3,99,0.2
2026-09-17T00:45,221,0,0,13.1,99,1.2
2026-09-17T01:00,240,0,0,13.2,98,1.3
2026-09-17T01:15,251,0,0,13,98,1.2
2026-09-17T01:30,,0,0,12.9,99,
2026-09-17T01:45,37,0,0,12.9,99,0.6
2026-09-17T02:00,37,0,0,12.8,99,0.5
2026-09-17T02:15,31,0,0,12.9,100,0.8
2026-09-17T02:30,38,0,0,13,100,0.5
2026-09-17T02:45,23,0,0,12.9,100,0.7
2026-09-17T03:00,23,0,0,13,100,0.4
2026-09-17T03:15,118,0,0,12.7,100,0.8
2026-09-17T03:30,359,2.2,0,11.7,100,2.2
2026-09-17T03:45,88,7,0,11.6,100,1.5
2026-09-17T04:00,85,2,0,11.4,100,0.6
2026-09-17T04:15,245,0.2,0,11.1,100,1.5
2026-09-17T04:30,233,0,0,11.3,100,0.9
2026-09-17T04:45,173,0,0,11.2,100,1.2
2026-09-17T05:00,42,0,0,11.2,100,0.8
2026-09-17T05:15,101,0,0,10.8,100,0.6
2026-09-17T05:30,256,0,0,10.7,100,0.5
2026-09-17T05:45,249,0,0,10.7,100,0.9
2026-09-17T06:00,230,0,0,10.8,100,0.3
2026-09-17T06:15,233,0.2,0,10.9,100,1.8
2026-09-17T06:30,223,0,0,11,100,2.1
2026-09-17T06:45,188,0.2,0,11,100,0.8
2026-09-17T07:00,237,0.2,0,10.9,100,0.7
2026-09-17T07:15,219,0,0,11,100,2.5
2026-09-17T07:30,74,0,18,10.8,100,1.5
2026-09-17T07:45,251,0.2,17,10.8,100,1.8
2026-09-17T08:00,75,0.8,0,10.6,100,1.7
2026-09-17T08:15,84,0,2,10.6,100,1.7
2026-09-17T08:30,239,0,36,10.6,100,2.3
2026-09-17T08:45,223,0,28,10.7,100,2.1
2026-09-17T09:00,190,0,27,10.8,100,1.6
2026-09-17T09:15,255,0,24,10.8,100,1.3
2026-09-17T09:30,40,0,28,10.8,100,1.5
2026-09-17T09:45,330,0,31,10.7,100,1.2
2026-09-17T10:00,111,0,51,10.7,100,0.8
2026-09-17T10:15,28,0,290,11.3,100,0.7
2026-09-17T10:30,246,0,326,11.7,100,2
2026-09-17T10:45,266,0,146,11.3,100,1.3
2026-09-17T11:00,195,0,110,11.3,100,0.7
2026-09-17T11:15,29,0,91,11.6,100,1.2
2026-09-17T11:30,132,0,182,11.6,100,0.5
2026-09-17T11:45,92,0,227,11.7,100,0.8
2026-09-17T12:00,358,0,236,12,100,0.8
2026-09-17T12:15,17,0,208,12,99,0.7
2026-09-17T12:30,10,0,196,12,99,0.6
2026-09-17T12:45,9,0,245,12.2,99,0.9
2026-09-17T13:00,14,0,397,12.3,99,1.5
2026-09-17T13:15,0,0,197,12.2,97,1.2
2026-09-17T13:30,10,0,378,12.4,98,1.2
2026-09-17T13:45,15,0,490,13.1,98,1.2
2026-09-17T14:00,71,0,453,13.2,94,0.6
2026-09-17T14:15,13,0,636,13.8,92,1.3
2026-09-17T14:30,15,0,480,13.9,89,1.3
2026-09-17T14:45,123,0,216,13.6,87,0.6
2026-09-17T15:00,16,0,460,13.6,92,1.4
2026-09-17T15:15,16,0,521,14.1,90,1.3
2026-09-17T15:30,17,0,430,14.9,87,0.9
2026-09-17T15:45,22,0,327,14.1,87,1
2026-09-17T16:00,18,0,228,13.9,88,1.1
2026-09-17T16:15,30,0,263,14,88,1.1
2026-09-17T16:30,16,0,286,13.7,91,1.1
2026-09-17T16:45,16,0,162,13.6,89,1.4
2026-09-17T17:00,32,0,131,13.2,91,1.2
2026-09-17T17:15,49,0,138,13,93,1.5
2026-09-17T17:30,58,0,82,12.5,95,1.3
2026-09-17T17:45,45,0,83,12.4,97,0.8
2026-09-17T18:00,22,0,112,12.4,98,1.2
2026-09-17T18:15,27,0,128,12.3,98,1.3
2026-09-17T18:30,41,0,58,11.8,98,1.4
2026-09-17T18:45,32,0,20,11.7,99,1.1
2026-09-17T19:00,29,0,0,11.6,100,1.1
2026-09-17T19:15,30,0,0,11.6,100,1
2026-09-17T19:30,57,0,0,11.5,100,0.7
2026-09-17T19:45,31,0,0,11.6,100,0.6
2026-09-17T20:00,29,0,0,11.6,100,0.5
2026-09-17T20:15,21,0,0,11.6,100,0.6
2026-09-17T20:30,50,0,0,11.5,100,0.5
2026-09-17T20:45,326,0,0,11.6,100,0.2
2026-09-17T21:00,134,0,0,11.5,100,0.5
2026-09-17T21:15,68,0,0,11.5,100,0.3
2026-09-17T21:30,49,0,0,11.5,100,0.5
2026-09-17T21:45,31,0,0,11.5,100,0.2
2026-09-17T22:00,156,0,0,11.5,100,0.3
2026-09-17T22:15,170,0,0,11.3,100,0.8
2026-09-17T22:30,153,0,0,11,100,2.4
2026-09-17T22:45,118,0,0,11.3,100,1
2026-09-17T23:00,76,0,0,11.3,100,0.5
2026-09-17T23:15,96,0,0,11.3,100,0.6
2026-09-17T23:30,31,0,0,11.3,100,0.5
2026-09-17T23:45,78,0,0,11.2,100,0.5
2026-09-18T00:00,134,0,0,11.1,100,0.6
2026-09-18T00:15,37,0,0,11.2,100,0.7
2026-09-18T00:30,110,0,0,11.2,100,0.3
2026-09-18T00:45,97,0,0,11.1,100,0.7
2026-09-18T01:00,102,0,0,11.1,100,0.5
2026-09-18T01:15,349,0,0,11.1,100,0.6
2026-09-18T01:30,30,0,0,10.9,100,1
2026-09-18T01:45,51,0,0,10.7,100,1
2026-09-18T02:00,40,0,0,10.6,100,0.6
2026-09-18T02:15,23,0,0,10.5,100,1
2026-09-18T02:30,32,0,0,10.5,100,0.6
2026-09-18T02:45,19,0,0,10.5,100,0.5
2026-09-18T03:00,25,0,0,10.3,100,0.5
2026-09-18T03:15,24,0,0,10.1,100,0.4
2026-09-18T03:30,321,0,0,9.9,100,0.1
2026-09-18T03:45,165,0,0,9.7,100,0.4
2026-09-18T04:00,34,0,0,9.7,100,0.3
2026-09-18T04:15,300,0,0,9.7,100,0.2
2026-09-18T04:30,229,0,0,9.7,100,0.5
2026-09-18T04:45,222,0,0,9.8,100,0.5
2026-09-18T05:00,278,0,0,9.7,100,0.6
2026-09-18T05:15,273,0,0,9.7,100,0.3
2026-09-18T05:30,4,0,0,9.7,100,0.6
2026-09-18T05:45,214,0,0,9.4,100,0.4
2026-09-18T06:00,265,0,0,9.4,100,0.8
2026-09-18T06:15,260,0,0,9.6,100,0.8
2026-09-18T06:30,251,0,0,9.8,100,0.7
2026-09-18T06:45,279,0,0,9.7,100,0.5
2026-09-18T07:00,,0,0,9.9,100,
2026-09-18T07:15,204,0,0,10.1,100,0.3
2026-09-18T07:30,189,0.2,0,10.5,100,0.3
2026-09-18T07:45,104,0,19,10.7,100,0.5
2026-09-18T08:00,,0,46,10.9,100,
2026-09-18T08:15,326,0,126,11.1,100,0.1
2026-09-18T08:30,206,0,134,11.5,100,0.5
2026-09-18T08:45,230,0,128,11.6,100,0.1
2026-09-18T09:00,256,0,177,11.7,100,0.4
2026-09-18T09:15,175,0,239,12,100,0.6
2026-09-18T09:30,107,0,211,12.4,98,0.5
2026-09-18T09:45,55,0,139,12.5,94,0.5
2026-09-18T10:00,18,0,71,12.3,90,0.2
2026-09-18T10:15,252,0,45,12.2,91,0.2
2026-09-18T10:30,220,0,27,11.8,94,0.8
2026-09-18T10:45,14,0,52,11.4,98,0.5
2026-09-18T11:00,76,0,211,11.2,99,0.9
2026-09-18T11:15,19,0,166,11.5,99,0.8
2026-09-18T11:30,27,0,115,11.6,97,0.5
2026-09-18T11:45,50,0,152,12.2,97,0.4
2026-09-18T12:00,41,0,161,12.6,96,0.4
2026-09-18T12:15,42,0,435,13.3,95,0.6
2026-09-18T12:30,25,0,488,13.7,88,1.2
2026-09-18T12:45,11,0,394,13.6,87,1.1
2026-09-18T13:00,8,0,522,14.2,86,0.9
2026-09-18T13:15,82,0,546,14.2,83,1.2
2026-09-18T13:30,118,0,581,14.8,79,1.4
2026-09-18T13:45,144,0,444,14.3,80,0.9
2026-09-18T14:00,334,0,321,14.5,81,0.9
2026-09-18T14:15,17,0,510,14.7,81,1.1
2026-09-18T14:30,151,0,772,16.1,77,1
2026-09-18T14:45,116,0,465,15.5,76,1
2026-09-18T15:00,219,0,264,14.6,80,1.5
2026-09-18T15:15,224,0,254,14,84,2.5
2026-09-18T15:30,223,0,304,14.3,86,2.1
2026-09-18T15:45,244,0,438,14.9,85,1.7
2026-09-18T16:00,255,0,232,14.6,82,2.3
2026-09-18T16:15,254,0,417,14.8,85,1.9
2026-09-18T16:30,338,0,241,14.7,83,1.3
2026-09-18T16:45,0,0,262,14.1,89,1.4
2026-09-18T17:00,358,0,395,14.1,89,1.3
2026-09-18T17:15,359,0,126,13.8,90,1.1
2026-09-18T17:30,13,0,121,13.2,92,1.3
2026-09-18T17:45,21,0,91,13.1,94,0.9
2026-09-18T18:00,19,0,81,13,96,1.4
2026-09-18T18:15,15,0,51,12.8,96,1.5
2026-09-18T18:30,16,0,33,12.5,98,1.4
2026-09-18T18:45,25,0,32,12.5,99,1.3
2026-09-18T19:00,328,0,0,12.6,99,0.5
2026-09-18T19:15,350,0,0,12.4,99,0.9
2026-09-18T19:30,341,0,0,12.4,99,0.6
2026-09-18T19:45,155,0,0,12.2,100,0.5
2026-09-18T20:00,320,0,0,12,100,0.3
2026-09-18T20:15,123,0,0,12,100,0.2
2026-09-18T20:30,355,0,0,11.5,100,0.5
2026-09-18T20:45,148,0,0,11.3,100,0.2
2026-09-18T21:00,139,0,0,10.9,100,0.6
2026-09-18T21:15,39,0,0,10.9,100,0.4
2026-09-18T21:30,,0,0,11,100,
2026-09-18T21:45,10,0,0,11,100,0.1
2026-09-18T22:00,170,0,0,11,100,0.3
2026-09-18T22:15,211,0,0,10.8,100,0.7
2026-09-18T22:30,346,0,0,10.8,100,0.3
2026-09-18T22:45,5,0,0,10.9,100,0.5
2026-09-18T23:00,107,0,0,11.3,100,0.2
2026-09-18T23:15,113,0,0,11.2,100,0.1
2026-09-18T23:30,54,0,0,11.2,100,0.3
2026-09-18T23:45,128,0,0,11.1,100,0.7
2026-09-19T00:00,77,0,0,11.3,100,0.7
2026-09-19T00:15,113,0,0,11.4,100,0.9
2026-09-19T00:30,37,0,0,11.2,100,0.6
2026-09-19T00:45,81,0,0,11.2,100,0.6
2026-09-19T01:00,156,0,0,10.8,100,0.7
2026-09-19T01:15,290,0,0,10.5,100,0.5
2026-09-19T01:30,250,0,0,10.5,100,0.3
2026-09-19T01:45,224,0,0,10.6,100,0.7
2026-09-19T02:00,251,0,0,10.3,100,0.8
2026-09-19T02:15,256,0,0,10.3,100,0.9
2026-09-19T02:30,248,0,0,10.4,100,0.7
2026-09-19T02:45,234,0,0,10.2,100,0.5
2026-09-19T03:00,75,0,0,10.4,100,0.5
2026-09-19T03:15,113,0.2,0,10.3,100,0.3
2026-09-19T03:30,153,0,0,10.1,100,0.9
2026-09-19T03:45,122,0,0,10.2,100,1.1
2026-09-19T04:00,111,0,0,10.6,100,0.8
2026-09-19T04:15,44,0,0,10.5,100,0.3
2026-09-19T04:30,133,0,0,10.2,100,0.2
2026-09-19T04:45,216,0,0,9.8,100,0.3
2026-09-19T05:00,197,0,0,10,100,0.2
2026-09-19T05:15,173,0,0,10.1,100,0.6
2026-09-19T05:30,4,0,0,10.1,100,0.3
2026-09-19T05:45,94,0,0,10.3,100,0.4
2026-09-19T06:00,128,0,0,10.3,100,0.2
2026-09-19T06:15,79,0,0,10,100,0.8
2026-09-19T06:30,133,0,0,10.1,100,0.4
2026-09-19T06:45,156,0,0,9.8,100,1.4
2026-09-19T07:00,150,0,0,9.7,100,0.7
2026-09-19T07:15,152,0,0,9.9,100,0.6
2026-09-19T07:30,168,0,18,9.9,100,1.4
2026-09-19T07:45,240,0,29,10.1,100,0.5
2026-09-19T08:00,233,0,39,10,100,1.3
2026-09-19T08:15,258,0,121,10.4,100,1.3
2026-09-19T08:30,200,0,216,11.2,100,0.5
2026-09-19T08:45,265,0,252,11.2,100,0.8
2026-09-19T09:00,140,0,289,11.9,99,0.7
2026-09-19T09:15,113,0,342,12.3,97,1
2026-09-19T09:30,98,0,385,12.4,94,1.2
2026-09-19T09:45,92,0,430,12.3,94,1.2
2026-09-19T10:00,98,0,467,13,93,1.2
2026-09-19T10:15,113,0,463,13,91,1.4
2026-09-19T10:30,104,0,550,13.6,90,1.3
2026-09-19T10:45,121,0,579,14.3,87,1.3
2026-09-19T11:00,35,0,611,15,83,0.7
2026-09-19T11:15,65,0.2,639,15.2,77,1.2
2026-09-19T11:30,112,0,645,15.7,73,1.2
2026-09-19T11:45,102,0,278,14.6,73,1.3
2026-09-19T12:00,100,0,216,14.2,77,0.4
2026-09-19T12:15,77,0,107,14.1,78,0.6
2026-09-19T12:30,22,0,203,13.9,83,0.7
2026-09-19T12:45,83,0,624,15.4,81,1.3
2026-09-19T13:00,92,0,608,15.5,76,1.3
2026-09-19T13:15,112,0,707,16.1,74,0.6
2026-09-19T13:30,129,0,538,16.3,71,0.8
2026-09-19T13:45,132,0,821,16.6,71,1
2026-09-19T14:00,226,0,406,15.6,74,1.9
2026-09-19T14:15,207,0,549,15.7,77,1.1
2026-09-19T14:30,220,0,352,16,75,1.9
2026-09-19T14:45,201,0,479,15.7,77,1.3
2026-09-19T15:00,170,0,646,16.6,73,1.6
2026-09-19T15:15,197,0,435,16.9,69,0.8
2026-09-19T15:30,181,0,610,17,71,1.9
2026-09-19T15:45,181,0,348,16.1,74,2.6
2026-09-19T16:00,182,0,446,16.3,77,1.6
2026-09-19T16:15,185,0,478,17.2,72,1.5
2026-09-19T16:30,221,0,394,16.7,75,2.2
2026-09-19T16:45,312,0,436,16.8,75,1.4
2026-09-19T17:00,275,0,383,17.2,73,1.5
2026-09-19T17:15,255,0,329,17.3,71,1.8
2026-09-19T17:30,0,0,273,16.8,74,1.1
2026-09-19T17:45,355,0,259,16.3,77,1.2
2026-09-19T18:00,1,0,207,16,78,1.2
2026-09-19T18:15,6,0,129,15.6,81,1.2
2026-09-19T18:30,318,0,69,15.5,82,0.2
2026-09-19T18:45,47,0,40,14.5,85,0.5
2026-09-19T19:00,178,0,34,14.3,86,3.6
2026-09-19T19:15,181,0,3,14,86,3.3
2026-09-19T19:30,165,0,0,13.8,88,2.8
2026-09-19T19:45,163,0,0,13.6,89,2.3
2026-09-19T20:00,130,0,0,13.3,90,1
2026-09-19T20:15,164,0,0,12.9,92,0.6
2026-09-19T20:30,11,0,0,12.5,93,0.7
2026-09-19T20:45,84,0,0,12.4,95,0.6
2026-09-19T21:00,46,0,0,12.6,96,0.4
2026-09-19T21:15,39,0,0,12.2,96,0.6
2026-09-19T21:30,46,0,0,12.4,96,0.6
2026-09-19T21:45,41,0,0,12.3,97,0.4
2026-09-19T22:00,107,0,0,12.3,97,0.7
2026-09-19T22:15,125,0,0,12.1,97,1.1
2026-09-19T22:30,113,0,0,12.3,98,1
2026-09-19T22:45,115,0,0,12.5,97,1.1
2026-09-19T23:00,126,0,0,12.5,96,0.5
2026-09-19T23:15,160,0,0,12.1,96,2.1
2026-09-19T23:30,168,0,0,11.9,97,1.3
2026-09-19T23:45,309,0,0,11.9,97,0.4
2026-09-20T00:00,161,0,0,12.1,97,0.9
2026-09-20T00:15,138,0,0,12,96,0.2
2026-09-20T00:30,248,0,0,11.8,97,0.5
2026-09-20T00:45,261,0,0,11.7,97,0.6
2026-09-20T01:00,27,0,0,11.9,98,0.4
2026-09-20T01:15,343,0,0,11.8,98,0.1
2026-09-20T01:30,169,0,0,11.8,98,0.4
2026-09-20T01:45,176,0,0,11.5,98,1.3
2026-09-20T02:00,199,0,0,11.5,98,0.2
2026-09-20T02:15,161,0,0,11.5,99,0.2
2026-09-20T02:30,,0,0,11.5,100,
2026-09-20T02:45,265,0,0,11.4,100,0.6
2026-09-20T03:00,260,0,0,11.4,100,0.7
2026-09-20T03:15,259,0,0,11.4,100,0.8
2026-09-20T03:30,241,0,0,11.2,100,0.6
2026-09-20T03:45,331,0,0,11.1,100,0.4
2026-09-20T04:00,321,0,0,10.9,100,0.3
2026-09-20T04:15,,0,0,10.9,100,
2026-09-20T04:30,265,0,0,11,100,0.1
2026-09-20T04:45,256,0.2,0,11,100,0.1
2026-09-20T05:00,,0,0,11.2,100,
2026-09-20T05:15,334,0,0,11,100,0.3
2026-09-20T05:30,112,0,0,11,100,0.4
2026-09-20T05:45,160,0,0,11,100,1
2026-09-20T06:00,199,0,0,11.1,100,0.3
2026-09-20T06:15,241,0,0,11.2,100,0.2
2026-09-20T06:30,229,0,0,11,100,0.5
2026-09-20T06:45,234,0,0,11,100,0.5
2026-09-20T07:00,,0,0,10.8,100,
2026-09-20T07:15,251,0,0,10.8,100,0.1
2026-09-20T07:30,43,0,10,11,100,0.2
2026-09-20T07:45,162,0,23,11,100,0.2
2026-09-20T08:00,252,0,30,11.1,100,1
2026-09-20T08:15,262,0,114,11.6,100,1.4
2026-09-20T08:30,252,0,170,11.8,100,1.5
2026-09-20T08:45,249,0,238,12,100,1.5
2026-09-20T09:00,241,0,279,12.2,99,1.2
2026-09-20T09:15,237,0,329,12.8,98,0.8
2026-09-20T09:30,233,0,378,13.1,95,0.9
2026-09-20T09:45,241,0,415,13.8,93,1.5
2026-09-20T10:00,251,0,443,13.8,91,1.8
2026-09-20T10:15,254,0,480,14.3,89,1.6
2026-09-20T10:30,249,0,525,14.7,87,1.3
2026-09-20T10:45,207,0,565,15.1,86,1.1
2026-09-20T11:00,238,0,589,16,82,0.9
2026-09-20T11:15,249,0,595,15.9,80,1.6
2026-09-20T11:30,253,0,635,16,77,2
2026-09-20T11:45,242,0,629,16.2,74,2.3
2026-09-20T12:00,240,0,665,15.8,73,2.1
2026-09-20T12:15,249,0,693,16.4,72,2.2
2026-09-20T12:30,258,0,694,17,67,2.7
2026-09-20T12:45,250,0,702,17.1,71,2.5
2026-09-20T13:00,238,0,702,17.9,73,2.1
2026-09-20T13:15,264,0,704,17.4,69,2.7
2026-09-20T13:30,261,0,699,17.8,62,2.9
2026-09-20T13:45,260,0,691,18.1,61,2.9
2026-09-20T14:00,260,0,681,18.3,62,3.2
2026-09-20T14:15,249,0,668,18.4,63,3.1
2026-09-20T14:30,262,0,654,18.6,63,3.3
2026-09-20T14:45,259,0,613,18.6,64,3.2
2026-09-20T15:00,226,0,574,18.6,64,3.2
2026-09-20T15:15,233,0,560,18.7,61,3.2
2026-09-20T15:30,247,0,527,18.9,61,2.6
2026-09-20T15:45,255,0,411,18.7,63,2.8
2026-09-20T16:00,264,0,399,18.3,65,3.2
2026-09-20T16:15,226,0,440,18.8,67,2.7
2026-09-20T16:30,255,0,325,18.3,67,2.9
2026-09-20T16:45,256,0,288,18.2,70,2.7
2026-09-20T17:00,243,0,327,18.3,71,2.1
2026-09-20T17:15,257,0,327,18.5,70,2.2
2026-09-20T17:30,264,0,207,17.8,72,2.5
2026-09-20T17:45,254,0,142,17.4,76,2.1
2026-09-20T18:00,221,0,183,17.3,79,1.9
2026-09-20T18:15,231,0,176,17.6,78,1.8
2026-09-20T18:30,250,0,80,17.3,77,1.3
2026-09-20T18:45,249,0,33,16.5,81,0.5
2026-09-20T19:00,,0,21,16,85,
2026-09-20T19:15,12,0,1,15.4,88,0.3
2026-09-20T19:30,53,0,0,15,91,0.7
2026-09-20T19:45,44,0,0,14.7,94,0.6
2026-09-20T20:00,39,0,0,14.3,95,0.6
2026-09-20T20:15,46,0,0,14.3,96,0.7
2026-09-20T20:30,169,0,0,13.9,97,0.3
2026-09-20T20:45,336,0,0,13.7,97,0.4
2026-09-20T21:00,259,0,0,13.8,97,0.8
2026-09-20T21:15,276,0,0,13.6,97,0.6
2026-09-20T21:30,310,0,0,13.7,97,0.8
2026-09-20T21:45,269,0,0,13.8,97,0.3
2026-09-20T22:00,287,0,0,13.7,97,0.4
2026-09-20T22:15,256,0,0,13.5,97,0.3
2026-09-20T22:30,157,0,0,13.4,96,1.8
2026-09-20T22:45,250,0,0,13.2,97,0.2
2026-09-20T23:00,163,0,0,13.4,98,0.3
2026-09-20T23:15,328,0,0,13.3,98,0.2
2026-09-20T23:30,129,0,0,13.4,98,0.1
2026-09-20T23:45,128,0,0,13.3,98,0.7
2026-09-21T00:00,99,0,0,13.4,98,0.7
2026-09-21T00:15,162,0,0,13.5,97,1.7
2026-09-21T00:30,134,0.2,0,13.3,96,1.2
2026-09-21T00:45,142,0,0,13.5,95,1.1
2026-09-21T01:00,161,0,0,13.1,95,1.4
2026-09-21T01:15,244,0,0,12.8,96,1.2
2026-09-21T01:30,246,0,0,13.1,96,2.1
2026-09-21T01:45,254,0,0,13.1,95,1.7
2026-09-21T02:00,278,0,0,13.1,95,0.8
2026-09-21T02:15,257,0,0,13.1,95,0.5
2026-09-21T02:30,244,0,0,13.4,96,1.2
2026-09-21T02:45,190,0,0,13.7,91,0.7
2026-09-21T03:00,74,0,0,13.7,83,1.1
2026-09-21T03:15,66,0,0,14.3,74,1.4
2026-09-21T03:30,17,0,0,15.2,61,3
2026-09-21T03:45,13,0,0,16.3,49,2.8
2026-09-21T04:00,36,0,0,16,48,1.8
2026-09-21T04:15,27,0,0,15.9,47,1.4
2026-09-21T04:30,26,0,0,15.5,47,1.9
2026-09-21T04:45,59,0,0,15.9,44,1.5
2026-09-21T05:00,10,0,0,15.6,43,2.5
2026-09-21T05:15,1,0,0,16,41,3
2026-09-21T05:30,9,0,0,16.2,40,4.5
2026-09-21T05:45,352,0,0,16.2,41,3.8
2026-09-21T06:00,9,0,0,16.4,38,3.6
2026-09-21T06:15,358,0,0,16.1,41,3.8
2026-09-21T06:30,319,0,0,14.7,54,2.8
2026-09-21T06:45,318,0,0,13.9,59,2.3
2026-09-21T07:00,347,0,0,14.8,51,3.3
2026-09-21T07:15,341,0,0,15.1,48,4
2026-09-21T07:30,279,0,17,12.6,69,2.2
2026-09-21T07:45,233,0,22,12.3,72,1.1
2026-09-21T08:00,40,0,28,13.3,61,2.3
2026-09-21T08:15,9,0,35,15.5,44,3.3
2026-09-21T08:30,7,0,65,15.8,42,5
2026-09-21T08:45,9,0,73,15.6,43,4.4
2026-09-21T09:00,15,0,75,15.5,43,4.3
2026-09-21T09:15,5,0,76,15.4,43,3.7
2026-09-21T09:30,317,0,83,14.7,48,3.4
2026-09-21T09:45,265,0,103,13.4,58,2
2026-09-21T10:00,258,0,113,13.2,64,0.8
2026-09-21T10:15,205,0,110,13.5,63,1.1
2026-09-21T10:30,221,0,114,13.4,64,1.6
2026-09-21T10:45,230,0,160,14,60,1.3
2026-09-21T11:00,233,0,197,14.1,63,1.4
2026-09-21T11:15,221,0,240,14.6,61,1.2
2026-09-21T11:30,143,0,289,15.8,54,0.7
2026-09-21T11:45,72,0,300,16.3,54,0.4
2026-09-21T12:00,251,0,377,15.4,60,2.1
2026-09-21T12:15,257,0,352,14.9,60,1.6
2026-09-21T12:30,243,0,336,15.1,57,1.1
2026-09-21T12:45,248,0,339,15.4,59,1.7
2026-09-21T13:00,255,0,358,15.4,59,1.5
2026-09-21T13:15,248,0,489,15.7,59,2
2026-09-21T13:30,252,0,437,16.1,60,2
2026-09-21T13:45,253,0,458,16.3,57,1.6
2026-09-21T14:00,258,0,446,16.6,50,1.9
2026-09-21T14:15,238,0,389,17,50,1.9
2026-09-21T14:30,260,0,304,16.3,52,2
2026-09-21T14:45,248,0,376,16.5,54,2
2026-09-21T15:00,247,0,472,17.1,53,1.7
2026-09-21T15:15,259,0,586,18.1,49,1.4
2026-09-21T15:30,236,0,566,19,44,1.2
2026-09-21T15:45,258,0,520,18.9,45,1.5
2026-09-21T16:00,257,0,493,18.8,46,1.3
2026-09-21T16:15,237,0,456,18.9,44,1.5
2026-09-21T16:30,228,0,377,18.6,45,2.1
2026-09-21T16:45,257,0,342,18.5,44,1.9
2026-09-21T17:00,238,0,311,18.3,44,1.8
2026-09-21T17:15,235,0,248,18.2,45,2.1
2026-09-21T17:30,229,0,197,17.8,47,2
2026-09-21T17:45,242,0,168,17.7,48,1.7
2026-09-21T18:00,227,0,150,17.4,47,2.2
2026-09-21T18:15,230,0,104,17.1,47,2.3
2026-09-21T18:30,232,0,68,16.5,47,1.6
2026-09-21T18:45,244,0,42,15.7,53,1.6
2026-09-21T19:00,359,0,20,15.8,50,1.7
2026-09-21T19:15,304,0,0,15.3,50,1.1
2026-09-21T19:30,272,0,0,15,52,1.1
2026-09-21T19:45,230,0,0,14.4,54,0.9
2026-09-21T20:00,182,0,0,14.4,56,0.4
2026-09-21T20:15,68,0,0,14.7,55,1.3
2026-09-21T20:30,50,0,0,14.3,56,0.9
2026-09-21T20:45,84,0,0,14.4,57,1.2
2026-09-21T21:00,73,0,0,13.9,60,1
2026-09-21T21:15,104,0,0,14.3,52,1.3
2026-09-21T21:30,93,0,0,14.1,48,1.2
2026-09-21T21:45,67,0,0,14.5,42,1.6
2026-09-21T22:00,71,0,0,14.5,40,2.1
2026-09-21T22:15,92,0,0,14,40,1.5
2026-09-21T22:30,50,0,0,13.3,48,0.8
2026-09-21T22:45,42,0,0,12.8,55,0.7
2026-09-21T23:00,33,0,0,12.9,53,0.9
2026-09-21T23:15,356,0,0,12.8,44,0.5
2026-09-21T23:30,85,0,0,12.6,46,0.8
2026-09-21T23:45,112,0,0,11.9,49,0.3
2026-09-22T00:00,81,0,0,11.2,50,0.7
2026-09-22T00:15,141,0,0,11,48,1.1
2026-09-22T00:30,101,0,0,11.4,44,1
2026-09-22T00:45,94,0,0,11.6,40,1
2026-09-22T01:00,104,0,0,11.3,37,0.9
2026-09-22T01:15,96,0,0,11.4,34,0.6
2026-09-22T01:30,117,0,0,11.1,34,1
2026-09-22T01:45,104,0,0,11.4,32,0.8
2026-09-22T02:00,108,0,0,11.4,31,0.8
2026-09-22T02:15,110,0,0,11.2,30,1.2
2026-09-22T02:30,100,0,0,11.1,31,0.5
2026-09-22T02:45,55,0,0,11,30,0.7
2026-09-22T03:00,54,0,0,10.4,34,0.8
2026-09-22T03:15,49,0,0,9.9,55,0.7
2026-09-22T03:30,56,0,0,9.7,69,0.7
2026-09-22T03:45,61,0,0,9.5,72,0.8
2026-09-22T04:00,45,0,0,9.2,77,1
2026-09-22T04:15,43,0,0,8.9,86,1
2026-09-22T04:30,39,0,0,8.7,91,0.9
2026-09-22T04:45,38,0,0,8.6,95,0.8
2026-09-22T05:00,46,0,0,8.5,97,0.7
2026-09-22T05:15,35,0,0,8.4,98,0.9
2026-09-22T05:30,44,0,0,8.6,99,1.4
2026-09-22T05:45,43,0,0,8.6,100,1.1
2026-09-22T06:00,27,0,0,8.5,100,0.5
2026-09-22T06:15,54,0,0,8.6,100,0.8
2026-09-22T06:30,5,0,0,8,99,0.5
2026-09-22T06:45,34,0,0,7.8,90,0.6
2026-09-22T07:00,4,0,0,7.6,79,0.4
2026-09-22T07:15,36,0,0,8.2,74,0.9
2026-09-22T07:30,22,0,0,8.3,79,0.7
2026-09-22T07:45,18,0,8,8.4,76,0.4
2026-09-22T08:00,43,0,21,8.4,78,0.6
2026-09-22T08:15,89,0,122,9.5,76,0.4
2026-09-22T08:30,57,0,200,10.2,79,0.8
2026-09-22T08:45,63,0,246,10.5,74,0.9
2026-09-22T09:00,46,0,292,10.3,73,1.2
2026-09-22T09:15,56,0,335,10.8,76,0.7
2026-09-22T09:30,264,0,378,11.1,60,1.6
2026-09-22T09:45,235,0,422,11.3,46,1.4
2026-09-22T10:00,249,0,462,11.7,42,2
2026-09-22T10:15,261,0,501,12.1,40,1.8
2026-09-22T10:30,255,0,537,12.2,38,2.3
2026-09-22T10:45,255,0,570,12.3,38,2.2
2026-09-22T11:00,257,0,601,12.2,36,2.8
2026-09-22T11:15,259,0,626,12.3,36,3
2026-09-22T11:30,259,0,649,12.5,36,2.6
2026-09-22T11:45,251,0,670,12.7,35,2.8
2026-09-22T12:00,247,0,687,13,32,2.8
2026-09-22T12:15,257,0,702,13.2,31,3.2
2026-09-22T12:30,240,0,714,13.7,28,3.2
2026-09-22T12:45,238,0,722,14.1,29,3
2026-09-22T13:00,239,0,725,14.2,30,3.1
2026-09-22T13:15,242,0,725,14.4,31,3
2026-09-22T13:30,243,0,722,14.6,31,3
2026-09-22T13:45,247,0,714,14.7,32,3.6
2026-09-22T14:00,227,0,702,15.1,32,3.2
2026-09-22T14:15,224,0,687,15.2,30,3.1
2026-09-22T14:30,232,0,670,15.2,31,3.2
2026-09-22T14:45,223,0,650,15.4,32,3.1
2026-09-22T15:00,232,0,623,15.7,29,2.5
2026-09-22T15:15,226,0,597,15.8,32,3.2
2026-09-22T15:30,242,0,562,15.8,34,2.6
2026-09-22T15:45,242,0,530,15.6,36,2.2
2026-09-22T16:00,229,0,493,15.5,37,2.9
2026-09-22T16:15,228,0,449,15.7,40,1.5
2026-09-22T16:30,138,0,411,15.3,46,1.4
2026-09-22T16:45,20,0,372,13.9,56,1.6
2026-09-22T17:00,20,0,329,13.1,63,2.2
2026-09-22T17:15,2,0,285,12.7,67,1.8
2026-09-22T17:30,11,0,238,12.5,69,1.8
2026-09-22T17:45,14,0,193,12.3,71,1.5
2026-09-22T18:00,6,0,147,12,74,1.6
2026-09-22T18:15,15,0,104,11.5,76,1.7
2026-09-22T18:30,17,0,63,11,78,1.4
2026-09-22T18:45,12,0,35,10.5,81,1.2
2026-09-22T19:00,23,0,21,10,84,1.1
2026-09-22T19:15,26,0,0,9.4,87,1.4
2026-09-22T19:30,23,0,0,9,90,1.7
2026-09-22T19:45,28,0,0,8.6,92,1.4
2026-09-22T20:00,22,0,0,8.4,94,1.4
2026-09-22T20:15,18,0,0,8.3,95,1.5
2026-09-22T20:30,26,0,0,8.4,97,1.5
2026-09-22T20:45,27,0,0,8.2,96,1.3
2026-09-22T21:00,27,0,0,7.8,96,1
2026-09-22T21:15,32,0,0,7.6,96,1.2
2026-09-22T21:30,35,0,0,7.5,96,1.1
2026-09-22T21:45,41,0,0,7.3,96,1.2
2026-09-22T22:00,30,0,0,7,95,1.1
2026-09-22T22:15,30,0,0,6.9,95,1.2
2026-09-22T22:30,34,0,0,6.9,95,1.4
2026-09-22T22:45,36,0,0,6.9,95,1.3
2026-09-22T23:00,42,0,0,7,94,1.2
2026-09-22T23:15,35,0,0,7,93,1.2
2026-09-22T23:30,66,0,0,7,93,0.7
2026-09-22T23:45,67,0,0,7.2,92,0.7
2026-09-23T00:00,23,0,0,7.6,93,0.9
2026-09-23T00:15,77,0,0,8.1,92,0.3
2026-09-23T00:30,54,0,0,8.2,92,0.7
2026-09-23T00:45,41,0,0,8.6,91,0.9
2026-09-23T01:00,50,0,0,8.4,90,1.1
2026-09-23T01:15,49,0,0,8.1,91,0.6
2026-09-23T01:30,70,0,0,7.8,90,0.6
2026-09-23T01:45,38,0,0,7.5,90,0.7
2026-09-23T02:00,25,0,0,7.6,90,0.2
2026-09-23T02:15,180,0,0,8.1,89,0.3
2026-09-23T02:30,174,0,0,8.4,79,3.9
2026-09-23T02:45,175,0,0,8.2,74,3.5
2026-09-23T03:00,177,0,0,8,72,3.3
2026-09-23T03:15,227,0,0,8,74,0.5
2026-09-23T03:30,199,0,0,8,77,0.5
2026-09-23T03:45,197,0,0,8.3,80,1.5
2026-09-23T04:00,213,0,0,8.1,76,0.9
2026-09-23T04:15,224,0,0,8.1,78,0.9
2026-09-23T04:30,230,0,0,8,79,0.6
2026-09-23T04:45,230,0,0,7.9,81,0.9
2026-09-23T05:00,232,0,0,8,80,1
2026-09-23T05:15,243,0,0,8,81,1.2
2026-09-23T05:30,251,0,0,8,81,1.3
2026-09-23T05:45,246,0,0,8,81,1.1
2026-09-23T06:00,242,0,0,8,81,0.9
2026-09-23T06:15,242,0,0,8.2,79,0.9
2026-09-23T06:30,220,0,0,8.3,79,0.7
2026-09-23T06:45,208,0,0,8.3,78,0.5
2026-09-23T07:00,208,0,0,8.2,80,0.6
2026-09-23T07:15,218,0,0,8.3,80,1.1
2026-09-23T07:30,193,0,0,8.2,80,0.3
2026-09-23T07:45,208,0,0,8.2,82,0.6
2026-09-23T08:00,223,0,16,8.1,84,0.9
2026-09-23T08:15,218,0,27,8.2,85,1.1
2026-09-23T08:30,214,0,31,8.2,86,1.5
2026-09-23T08:45,233,0,42,8.3,87,0.9
2026-09-23T09:00,243,0,50,8.5,87,1.4
2026-09-23T09:15,235,0,69,8.6,87,1.6
2026-09-23T09:30,250,0,78,8.6,88,2
2026-09-23T09:45,263,0,81,8.4,88,2.8
2026-09-23T10:00,260,0,65,8.5,89,2.7
2026-09-23T10:15,257,0,94,8.5,89,2.1
2026-09-23T10:30,263,0,173,8.6,89,2.9
2026-09-23T10:45,256,0,198,8.9,88,2.3
2026-09-23T11:00,256,0,321,9.3,86,2.5
2026-09-23T11:15,256,0,285,9.5,85,2.4
2026-09-23T11:30,224,0,477,10.1,84,3
2026-09-23T11:45,260,0,478,9.9,81,3.2
2026-09-23T12:00,233,0,644,10.6,81,3.2
2026-09-23T12:15,246,0,468,10.5,80,3.2
2026-09-23T12:30,219,0,689,11.1,78,3.7
2026-09-23T12:45,255,0,444,10.5,79,3
2026-09-23T13:00,229,0,456,10.6,79,3.8
2026-09-23T13:15,239,0,449,10.8,80,4.2
2026-09-23T13:30,258,0,443,10.5,78,4.1
2026-09-23T13:45,247,0,433,10.6,78,3.7
2026-09-23T14:00,229,0,561,11.1,76,3.3
2026-09-23T14:15,253,0,683,11.5,74,3.7
2026-09-23T14:30,242,0,679,12.1,73,3.3
2026-09-23T14:45,250,0,635,11.4,71,3.5
2026-09-23T15:00,257,0,617,11.5,71,3.5
2026-09-23T15:15,251,0,585,11.6,72,3.1
2026-09-23T15:30,253,0,535,11.8,72,3.2
2026-09-23T15:45,258,0,518,11.9,72,3.7
2026-09-23T16:00,248,0,478,11.8,71,3.4
2026-09-23T16:15,254,0,438,12.2,71,3.3
2026-09-23T16:30,226,0,398,12.5,72,3.2
2026-09-23T16:45,245,0,357,12.4,70,2.8
2026-09-23T17:00,240,0,316,12.1,70,3.2
2026-09-23T17:15,266,0,274,12.1,70,3.1
2026-09-23T17:30,243,0,231,12,70,3.2
2026-09-23T17:45,227,0,186,11.9,71,3.2
2026-09-23T18:00,240,0,140,11.8,71,2.7
2026-09-23T18:15,240,0,96,11.7,73,2.5
2026-09-23T18:30,259,0,59,11.2,74,3.5
2026-09-23T18:45,245,0,34,11,75,2.3
2026-09-23T19:00,231,0,15,10.4,78,1.7
2026-09-23T19:15,231,0,0,9.7,81,1.3
2026-09-23T19:30,20,0,0,9.3,85,0.6
2026-09-23T19:45,146,0,0,8.6,86,0.2
2026-09-23T20:00,348,0,0,8.2,89,0.3
2026-09-23T20:15,15,0,0,8.2,90,0.3
2026-09-23T20:30,229,0,0,8.2,90,0.7
2026-09-23T20:45,255,0,0,7.9,90,0.9
2026-09-23T21:00,255,0,0,7.9,91,0.7
2026-09-23T21:15,258,0,0,7.9,91,0.9
2026-09-23T21:30,259,0,0,8.1,91,0.7
2026-09-23T21:45,261,0,0,8,91,0.6
2026-09-23T22:00,259,0,0,7.9,90,0.7
2026-09-23T22:15,248,0,0,7.8,91,0.4
2026-09-23T22:30,,0,0,7.7,91,
2026-09-23T22:45,259,0,0,7.7,93,0.8
2026-09-23T23:00,250,0,0,7.5,93,0.9
2026-09-23T23:15,253,0,0,7.6,94,1
2026-09-23T23:30,242,0,0,7.7,93,0.7
2026-09-23T23:45,250,0,0,7.7,94,1.1
2026-09-24T00:00,251,0,0,8,93,1.8
2026-09-24T00:15,248,0,0,8,92,1.6
2026-09-24T00:30,261,0,0,8.1,92,2.1
2026-09-24T00:45,271,0,0,7.9,92,1.2
2026-09-24T01:00,270,0,0,7.9,93,1
2026-09-24T01:15,225,0,0,7.5,92,0.5
2026-09-24T01:30,245,0,0,7.3,94,0.9
2026-09-24T01:45,249,0,0,7.4,95,2
2026-09-24T02:00,256,0,0,7.6,95,1.4
2026-09-24T02:15,238,0,0,7,94,0.7
2026-09-24T02:30,237,0,0,7.2,96,1.1
2026-09-24T02:45,245,0,0,7,96,1.3
2026-09-24T03:00,246,0,0,7.3,97,0.8
2026-09-24T03:15,248,0,0,6.9,96,0.9
2026-09-24T03:30,250,0,0,6.8,97,1.1
2026-09-24T03:45,254,0,0,7.1,98,1.1
2026-09-24T04:00,209,0,0,7.1,97,0.1
2026-09-24T04:15,282,0,0,7.1,98,0.2
2026-09-24T04:30,146,0,0,7,99,0.4
2026-09-24T04:45,252,0,0,7.1,99,0.4
2026-09-24T05:00,257,0,0,6.9,99,1.3
2026-09-24T05:15,252,0,0,7.1,99,1.5
2026-09-24T05:30,246,0,0,7.4,98,1.5
2026-09-24T05:45,12,0,0,7.7,97,0.4
2026-09-24T06:00,69,0,0,7.8,96,1
2026-09-24T06:15,156,0,0,6.8,93,1.2
2026-09-24T06:30,244,0,0,7.2,96,0.7
2026-09-24T06:45,235,0,0,7.5,95,1.7
2026-09-24T07:00,33,0,0,8.1,92,0.9
2026-09-24T07:15,55,0,0,8.1,91,0.6
2026-09-24T07:30,52,0,10,8.2,88,0.4
2026-09-24T07:45,148,0,36,8.3,86,0.3
2026-09-24T08:00,245,0,51,9.1,82,0.5
2026-09-24T08:15,254,0,84,9.2,84,0.7
2026-09-24T08:30,,0,218,10.4,85,
2026-09-24T08:45,30,0,168,10.5,83,0.3
2026-09-24T09:00,199,0.2,224,10.8,80,0.5
2026-09-24T09:15,229,0,187,10.9,78,0.9
2026-09-24T09:30,258,0,216,10.6,78,1.5
2026-09-24T09:45,258,0,302,10.1,84,1.7
2026-09-24T10:00,220,0,337,11.3,79,0.5
2026-09-24T10:15,257,0,417,12.2,71,1.5
2026-09-24T10:30,259,0,469,11.4,76,3.1
2026-09-24T10:45,258,0,480,11.2,78,2.9
2026-09-24T11:00,258,0,464,11.5,74,3.1
2026-09-24T11:15,258,0,449,12.1,69,3.2
2026-09-24T11:30,256,0,371,12.3,70,1.8
2026-09-24T11:45,254,0,329,12.1,72,2.4
2026-09-24T12:00,256,0,359,12,70,2.7
2026-09-24T12:15,243,0,429,12.4,66,2.7
2026-09-24T12:30,260,0,499,12.5,67,2.9
2026-09-24T12:45,256,0,526,12.8,67,2.5
2026-09-24T13:00,250,0,512,13.2,67,2
2026-09-24T13:15,249,0,520,13.1,71,2.7
2026-09-24T13:30,231,0,474,13.3,70,2.3
2026-09-24T13:45,243,0,494,13.3,69,1.8
2026-09-24T14:00,250,0,541,13.5,71,2.4
2026-09-24T14:15,237,0,590,14.1,70,2.3
2026-09-24T14:30,227,0,573,14.2,64,2.3
2026-09-24T14:45,227,0,551,14.1,66,2.4
2026-09-24T15:00,222,0,565,14.5,67,2.5
2026-09-24T15:15,246,0,509,14.1,71,2
2026-09-24T15:30,187,0,486,14.2,73,1.3
2026-09-24T15:45,21,0,482,13.2,77,1.3
2026-09-24T16:00,28,0,425,12.8,78,1.7
2026-09-24T16:15,32,0,380,12.3,81,1.8
2026-09-24T16:30,26,0,296,12,83,1.7
2026-09-24T16:45,24,0,309,11.9,84,1.8
2026-09-24T17:00,24,0,245,11.6,86,1.8
2026-09-24T17:15,17,0,190,11.1,88,1.5
2026-09-24T17:30,13,0,195,11.1,89,1.3
2026-09-24T17:45,24,0,177,10.9,89,1.4
2026-09-24T18:00,44,0,104,10.6,90,0.8
2026-09-24T18:15,28,0,84,10.3,92,0.6
2026-09-24T18:30,293,0,59,10.3,94,0.5
2026-09-24T18:45,240,0,40,10.6,95,1
2026-09-24T19:00,265,0,20,11,95,1.8
2026-09-24T19:15,256,0,0,10.8,95,1.4
2026-09-24T19:30,258,0,0,10.5,96,1.2
2026-09-24T19:45,251,0,0,10.3,97,1.1
2026-09-24T20:00,185,0,0,10.2,97,0.7
2026-09-24T20:15,3,0,0,11.2,89,1.5
2026-09-24T20:30,35,0,0,10.6,89,1.2
2026-09-24T20:45,14,0,0,11.8,69,1.3
2026-09-24T21:00,310,0,0,12,66,2.5
2026-09-24T21:15,322,0,0,12,67,3.2
2026-09-24T21:30,34,0,0,12.5,54,2.2
2026-09-24T21:45,18,0,0,11.8,59,1.9
2026-09-24T22:00,310,0,0,11.8,66,1.6
2026-09-24T22:15,51,0,0,11.3,59,0.9
2026-09-24T22:30,14,0,0,10.6,63,2
2026-09-24T22:45,21,0,0,11.6,54,1.9
2026-09-24T23:00,65,0,0,11.2,56,1.1
2026-09-24T23:15,67,0,0,10.4,60,0.9
2026-09-24T23:30,268,0,0,9.7,76,1.4
2026-09-24T23:45,241,0,0,9.7,83,1
2026-09-25T00:00,225,0,0,9.6,83,1
2026-09-25T00:15,233,0,0,9.1,83,1.3
2026-09-25T00:30,265,0,0,9,85,1.1
2026-09-25T00:45,263,0,0,8.7,85,1.4
2026-09-25T01:00,241,0,0,8.6,83,1.4
2026-09-25T01:15,197,0,0,8.7,77,0.6
2026-09-25T01:30,257,0,0,8.5,76,0.6
2026-09-25T01:45,333,0,0,8.6,72,0.2
2026-09-25T02:00,269,0,0,8.6,71,1.5
2026-09-25T02:15,256,0,0,8.6,71,1.7
2026-09-25T02:30,256,0,0,8.6,72,1.7
2026-09-25T02:45,247,0,0,8.4,72,1.4
2026-09-25T03:00,33,0,0,8,73,1
2026-09-25T03:15,42,0,0,7.9,71,1
2026-09-25T03:30,103,0,0,8.2,70,0.9
2026-09-25T03:45,29,0,0,7.8,71,0.4
2026-09-25T04:00,123,0,0,8,76,0.6
2026-09-25T04:15,332,0,0,7.5,80,0.4
2026-09-25T04:30,37,0,0,7.6,78,0.8
2026-09-25T04:45,33,0,0,7.3,80,0.9
2026-09-25T05:00,12,0,0,7.2,84,0.9
2026-09-25T05:15,33,0,0,7.4,86,0.8
2026-09-25T05:30,48,0,0,7.3,87,0.6
2026-09-25T05:45,22,0,0,6.8,89,0.8
2026-09-25T06:00,18,0,0,6.6,92,0.9
2026-09-25T06:15,35,0,0,6.6,94,0.7
2026-09-25T06:30,54,0,0,6.8,96,0.5
2026-09-25T06:45,43,0,0,6.8,96,0.6
2026-09-25T07:00,46,0,0,6.8,97,0.7
2026-09-25T07:15,62,0,0,6.9,97,0.8
2026-09-25T07:30,32,0,2,7,96,1
2026-09-25T07:45,24,0,22,6.8,96,0.9
2026-09-25T08:00,28,0,31,7.1,97,0.9
2026-09-25T08:15,348,0,110,7.8,98,0.3
2026-09-25T08:30,159,0,178,8.5,95,1.6
2026-09-25T08:45,236,0,230,8.7,91,1
2026-09-25T09:00,20,0,269,9.2,89,0.5
2026-09-25T09:15,69,0,307,9.1,91,0.8
2026-09-25T09:30,225,0,375,9.5,86,0.9
2026-09-25T09:45,233,0,477,10.1,83,1
2026-09-25T10:00,261,0,536,10.5,80,1.3
2026-09-25T10:15,254,0,649,10.6,78,2.4
2026-09-25T10:30,245,0,538,10.5,78,2.6
2026-09-25T10:45,260,0,331,10,78,3.2
2026-09-25T11:00,249,0,623,10.6,78,2.5
2026-09-25T11:15,280,0,447,10.4,76,2.7
2026-09-25T11:30,252,0,643,10.8,75,2.7
2026-09-25T11:45,233,0,652,11.1,72,3.9
2026-09-25T12:00,245,0,665,11.1,72,3.7
2026-09-25T12:15,220,0,692,11.6,72,4.2
2026-09-25T12:30,244,0,721,11.6,71,4
2026-09-25T12:45,252,0,711,11.7,70,3.6
2026-09-25T13:00,239,0,701,11.9,70,4
2026-09-25T13:15,241,0,707,12.1,69,3.6
2026-09-25T13:30,251,0,694,12,69,4.1
2026-09-25T13:45,256,0,670,12.2,68,3.7
2026-09-25T14:00,260,0,658,12.4,68,3.5
2026-09-25T14:15,245,0,648,12.9,68,3.3
2026-09-25T14:30,230,0,629,12.8,70,3.1
2026-09-25T14:45,258,0,612,12.7,69,3.2
2026-09-25T15:00,249,0,588,13,71,2.8
2026-09-25T15:15,234,0,549,13.2,69,2.7
2026-09-25T15:30,260,0,528,13.2,70,2.5
2026-09-25T15:45,260,0,488,13.4,69,2.4
2026-09-25T16:00,3,0,456,12.5,71,1.6
2026-09-25T16:15,352,0,415,12.1,75,1.6
2026-09-25T16:30,355,0,382,12,76,1.9
2026-09-25T16:45,352,0,339,11.7,78,1.9
2026-09-25T17:00,10,0,297,11.5,79,1.6
2026-09-25T17:15,19,0,255,11.1,80,1.8
2026-09-25T17:30,17,0,163,10.9,81,1.4
2026-09-25T17:45,17,0,114,10.2,85,1.5
2026-09-25T18:00,10,0,68,9.8,87,1
2026-09-25T18:15,12,0,52,9.7,89,1.1
2026-09-25T18:30,27,0,40,9.6,90,0.7
2026-09-25T18:45,14,0,33,9.6,90,0.7
2026-09-25T19:00,15,0,17,9.1,90,1.1
2026-09-25T19:15,27,0,0,8.5,92,0.7
2026-09-25T19:30,54,0,0,8.1,94,0.5
2026-09-25T19:45,16,0,0,8,96,0.7
2026-09-25T20:00,78,0,0,8,96,0.5
2026-09-25T20:15,65,0,0,8.3,96,0.7
2026-09-25T20:30,98,0,0,8,96,0.6
2026-09-25T20:45,54,0,0,8,97,0.5
2026-09-25T21:00,41,0,0,7.7,97,0.8
2026-09-25T21:15,31,0,0,7.6,98,0.7
2026-09-25T21:30,68,0,0,7.8,99,0.5
2026-09-25T21:45,63,0,0,7.6,99,0.5
2026-09-25T22:00,37,0,0,7.3,99,0.9
2026-09-25T22:15,42,0,0,7.4,100,0.7
2026-09-25T22:30,35,0,0,7.5,100,0.5
2026-09-25T22:45,86,0,0,7.5,100,0.3
2026-09-25T23:00,27,0,0,7.3,100,0.2
2026-09-25T23:15,41,0,0,7.2,100,0.6
2026-09-25T23:30,270,0,0,7.2,100,0.4
2026-09-25T23:45,280,0,0,7.4,100,0.8
2026-09-26T00:00,233,0,0,7.4,100,0.5
2026-09-26T00:15,259,0,0,7.4,100,0.5
2026-09-26T00:30,342,0,0,7.5,100,0.4
2026-09-26T00:45,317,0,0,7.5,99,0.6
2026-09-26T01:00,330,0,0,7.4,99,0.2
2026-09-26T01:15,138,0,0,7.4,99,0.4
2026-09-26T01:30,253,0,0,7.2,99,0.1
2026-09-26T01:45,256,0,0,7.2,99,0.9
2026-09-26T02:00,243,0,0,7.2,100,0.5
2026-09-26T02:15,183,0,0,7.3,100,0.3
2026-09-26T02:30,201,0,0,8,100,0.3
2026-09-26T02:45,42,0,0,8.2,99,0.1
2026-09-26T03:00,,0,0,8.3,98,
2026-09-26T03:15,88,0,0,8.4,97,0.2
2026-09-26T03:30,258,0,0,8.3,97,0.6
2026-09-26T03:45,257,0,0,8.1,98,0.8
2026-09-26T04:00,242,0,0,8,98,1.2
2026-09-26T04:15,243,0,0,8,98,1.3
2026-09-26T04:30,253,0,0,7.9,98,1.4
2026-09-26T04:45,251,0,0,7.9,98,1.4
2026-09-26T05:00,262,0,0,7.9,98,0.8
2026-09-26T05:15,258,0,0,7.8,98,0.8
2026-09-26T05:30,212,0,0,7.7,99,0.3
2026-09-26T05:45,165,0,0,7.9,99,1
2026-09-26T06:00,252,0,0,7.9,99,0.7
2026-09-26T06:15,240,0,0,7.7,99,0.8
2026-09-26T06:30,238,0,0,7.6,99,0.3
2026-09-26T06:45,252,0,0,7.4,99,0.4
2026-09-26T07:00,226,0,0,7.8,99,1.3
2026-09-26T07:15,245,0,0,7.5,97,1.1
2026-09-26T07:30,253,0,4,7.2,98,1
2026-09-26T07:45,260,0,23,7.4,99,1.1
2026-09-26T08:00,220,0,43,7.6,100,0.8
2026-09-26T08:15,267,0,56,7.8,99,0.5
2026-09-26T08:30,255,0,81,8.1,99,0.5
2026-09-26T08:45,262,0,87,8.3,98,0.9
2026-09-26T09:00,268,0,104,8.5,97,0.8
2026-09-26T09:15,258,0,148,8.7,96,0.7
2026-09-26T09:30,260,0,167,8.8,95,1.2
2026-09-26T09:45,255,0,175,8.9,93,0.9
2026-09-26T10:00,250,0,394,9.5,90,0.9
2026-09-26T10:15,245,0,466,10.6,88,0.9
2026-09-26T10:30,121,0,487,11.6,85,1.2
2026-09-26T10:45,109,0,510,12.1,81,1.2
2026-09-26T11:00,88,0,546,12.2,79,1.3
2026-09-26T11:15,65,0,580,12.3,78,0.8
2026-09-26T11:30,238,0,602,12.2,74,1.3
2026-09-26T11:45,227,0,619,12.2,77,1.4
2026-09-26T12:00,252,0,635,12.5,76,1.4
2026-09-26T12:15,249,0,651,12.4,76,1.7
2026-09-26T12:30,220,0,657,13.1,75,1
2026-09-26T12:45,327,0,663,13.8,72,0.8
2026-09-26T13:00,320,0,665,14,69,1.2
2026-09-26T13:15,298,0,665,13.5,71,1.5
2026-09-26T13:30,252,0,657,13.7,73,1.6
2026-09-26T13:45,267,0,646,14,72,1.8
2026-09-26T14:00,271,0,637,14.4,71,1.5
2026-09-26T14:15,271,0,625,14.2,71,1.8
2026-09-26T14:30,259,0,607,14.7,70,1.7
2026-09-26T14:45,244,0,588,14.9,69,1.7
2026-09-26T15:00,243,0,567,14.8,69,1.8
2026-09-26T15:15,263,0,542,14.8,70,1.5
2026-09-26T15:30,251,0,509,15.2,70,1.8
2026-09-26T15:45,285,0,475,15.2,69,1.2
2026-09-26T16:00,305,0,440,15.1,70,1
2026-09-26T16:15,350,0,404,14.8,71,1.1
2026-09-26T16:30,354,0,365,14.9,72,0.9
2026-09-26T16:45,359,0,323,14.6,72,0.8
2026-09-26T17:00,353,0,286,14.2,74,1
2026-09-26T17:15,18,0,246,14,75,1.4
2026-09-26T17:30,14,0,169,13.8,75,1.2
2026-09-26T17:45,13,0,170,13.6,78,1
2026-09-26T18:00,27,0,148,13.7,78,1.2
2026-09-26T18:15,27,0,90,13.4,79,1.2
2026-09-26T18:30,16,0,44,12.6,81,1
2026-09-26T18:45,21,0,28,11.9,84,0.8
2026-09-26T19:00,27,0,14,11.3,86,1
2026-09-26T19:15,30,0,0,10.9,89,0.6
2026-09-26T19:30,170,0,0,10.7,90,0.5
2026-09-26T19:45,237,0,0,10.7,92,0.1
2026-09-26T20:00,,0,0,10.5,93,
2026-09-26T20:15,,0,0,10.6,94,
2026-09-26T20:30,,0,0,11.1,92,
2026-09-26T20:45,88,0,0,11.1,90,0.5
2026-09-26T21:00,75,0,0,11.5,90,0.5
2026-09-26T21:15,67,0,0,11.4,90,0.6
2026-09-26T21:30,88,0,0,11.3,90,0.6
2026-09-26T21:45,91,0,0,11.1,91,0.5
2026-09-26T22:00,40,0,0,10.9,91,0.3
2026-09-26T22:15,53,0,0,11.2,91,0.5
2026-09-26T22:30,113,0,0,10.8,91,1.1
2026-09-26T22:45,101,0,0,10.7,91,0.1
2026-09-26T23:00,145,0,0,10.2,91,0.7
2026-09-26T23:15,168,0,0,10.1,92,0.2
2026-09-26T23:30,49,0,0,10.3,93,0.6
2026-09-26T23:45,125,0,0,10.2,90,0.9
2026-09-27T00:00,140,0,0,9.9,89,0.6
2026-09-27T00:15,156,0,0,10,90,1
2026-09-27T00:30,169,0,0,10.2,89,1.5
2026-09-27T00:45,188,0,0,10.1,89,1.1
2026-09-27T01:00,143,0,0,10.3,88,0.5
2026-09-27T01:15,134,0,0,9.9,89,1
2026-09-27T01:30,145,0,0,10,87,1.4
2026-09-27T01:45,101,0,0,10.3,87,0.8
2026-09-27T02:00,66,0,0,10.3,86,0.8
2026-09-27T02:15,100,0,0,9.9,88,0.8
2026-09-27T02:30,109,0,0,9.9,89,1.2
2026-09-27T02:45,111,0,0,9.8,90,1.2
2026-09-27T03:00,96,0,0,9.9,91,0.7
2026-09-27T03:15,128,0,0,9.9,91,1
2026-09-27T03:30,68,0,0,10,91,0.8
2026-09-27T03:45,93,0,0,10,91,1
2026-09-27T04:00,121,0,0,9.8,91,1.7
2026-09-27T04:15,118,0,0,9.8,90,1.4
2026-09-27T04:30,89,0,0,10,91,0.8
2026-09-27T04:45,101,0,0,10,92,0.9
2026-09-27T05:00,101,0,0,9.8,90,0.3
2026-09-27T05:15,77,0,0,9.4,90,0.4
2026-09-27T05:30,124,0,0,9.1,89,0.2
2026-09-27T05:45,153,0,0,9.3,89,1.2
2026-09-27T06:00,345,0,0,9.3,89,0.3
2026-09-27T06:15,275,0,0,9.1,89,0.3
2026-09-27T06:30,251,0,0,9,90,0.7
2026-09-27T06:45,249,0,0,9.2,89,0.6
2026-09-27T07:00,280,0,0,9,89,0.7
2026-09-27T07:15,234,0,0,8.6,90,0.6
2026-09-27T07:30,234,0,0,9.3,89,0.6
2026-09-27T07:45,272,0,13,9.1,90,0.7
2026-09-27T08:00,249,0,20,9.8,92,0.4
2026-09-27T08:15,239,0,107,11,87,0.7
2026-09-27T08:30,262,0,173,11.3,86,0.6
2026-09-27T08:45,242,0,215,11.8,85,0.4
2026-09-27T09:00,258,0,257,11.7,83,0.5
2026-09-27T09:15,266,0,296,12.4,81,0
2026-09-27T09:30,220,0,336,13,73,0.2
2026-09-27T09:45,238,0,377,13.1,71,0.7
2026-09-27T10:00,110,0,416,13.7,73,0.5
2026-09-27T10:15,182,0,456,14.3,66,0.8
2026-09-27T10:30,221,0,493,14.1,63,1.5
2026-09-27T10:45,250,0,526,14,61,1.4
2026-09-27T11:00,236,0,555,14.3,64,1.5
2026-09-27T11:15,232,0,580,14.7,58,1.9
2026-09-27T11:30,220,0,603,14.9,54,1.9
2026-09-27T11:45,236,0,622,15,54,1.7
2026-09-27T12:00,235,0,644,14.9,55,2.3
2026-09-27T12:15,228,0,657,15.1,57,2.4
2026-09-27T12:30,224,0,667,15.2,57,2.5
2026-09-27T12:45,231,0,672,15.5,57,2.5
2026-09-27T13:00,217,0,671,15.9,60,2.8
2026-09-27T13:15,216,0,668,16.3,60,2.5
2026-09-27T13:30,246,0,663,16.5,57,2.4
2026-09-27T13:45,250,0,654,16.6,55,2
2026-09-27T14:00,236,0,645,16.7,58,2.3
2026-09-27T14:15,258,0,630,16.7,58,2.4
2026-09-27T14:30,262,0,613,16.7,54,2.3
2026-09-27T14:45,262,0,594,16.7,57,2.4
2026-09-27T15:00,237,0,569,17.1,60,2.2
2026-09-27T15:15,239,0,545,17.2,58,2
2026-09-27T15:30,246,0,515,17.3,53,2.4
2026-09-27T15:45,244,0,482,17.3,54,2.5
2026-09-27T16:00,253,0,445,17.2,52,2.3
2026-09-27T16:15,260,0,406,17.2,57,2.2
2026-09-27T16:30,222,0,367,17.1,60,2.2
2026-09-27T16:45,236,0,325,17.1,63,1.6
2026-09-27T17:00,230,0,285,16.5,67,1.7
2026-09-27T17:15,232,0,240,16.8,68,1
2026-09-27T17:30,10,0,198,15.8,69,1
2026-09-27T17:45,7,0,155,15,74,0.9
2026-09-27T18:00,27,0,113,14.8,76,0.8
2026-09-27T18:15,354,0,72,14.7,76,0.6
2026-09-27T18:30,259,0,38,15.3,72,0.7
2026-09-27T18:45,234,0,24,14.5,72,1
2026-09-27T19:00,259,0,6,13.9,74,0.4
2026-09-27T19:15,48,0,0,12.3,82,0.7
2026-09-27T19:30,39,0,0,11.6,86,0.8
2026-09-27T19:45,36,0,0,11,88,0.8
2026-09-27T20:00,43,0,0,10.6,91,0.6
2026-09-27T20:15,58,0,0,10.7,93,0.6
2026-09-27T20:30,44,0,0,10.8,94,0.6
2026-09-27T20:45,37,0,0,11.1,93,0.7
2026-09-27T21:00,30,0,0,11,90,0.9
2026-09-27T21:15,29,0,0,10.7,90,0.3
2026-09-27T21:30,333,0,0,10.3,89,0.2
2026-09-27T21:45,259,0,0,10.8,87,0.8
2026-09-27T22:00,268,0,0,10.8,86,0.8
2026-09-27T22:15,267,0,0,10.7,86,0.7
2026-09-27T22:30,,0,0,10.7,87,
2026-09-27T22:45,244,0,0,10.6,87,0.1
2026-09-27T23:00,240,0,0,10.7,86,0.5
2026-09-27T23:15,250,0,0,10.5,86,0.5
2026-09-27T23:30,275,0,0,10.3,87,0.7
2026-09-27T23:45,267,0,0,10.1,88,0.7
2026-09-28T00:00,327,0,0,10.1,89,0.1
2026-09-28T00:15,320,0,0,10.1,89,0.5
2026-09-28T00:30,249,0,0,9.9,90,0.3
2026-09-28T00:45,263,0,0,10.1,89,0.8
2026-09-28T01:00,264,0,0,10.2,89,0.5
2026-09-28T01:15,262,0,0,9.9,89,0.4
2026-09-28T01:30,303,0,0,9.9,88,0.6
2026-09-28T01:45,13,0,0,10.1,85,0.3
2026-09-28T02:00,113,0,0,10.2,86,0.1
2026-09-28T02:15,131,0,0,10.4,85,0.9
2026-09-28T02:30,150,0,0,10.2,85,1.1
2026-09-28T02:45,141,0,0,10,86,0.8
2026-09-28T03:00,,0,0,9.9,88,
2026-09-28T03:15,344,0,0,9.5,88,0.1
2026-09-28T03:30,,0,0,9.5,89,
2026-09-28T03:45,102,0,0,10.1,86,0.4
2026-09-28T04:00,,0,0,9.8,86,
2026-09-28T04:15,252,0,0,9.5,85,0.3
2026-09-28T04:30,244,0,0,9.6,84,1
2026-09-28T04:45,259,0,0,9.9,83,1.2
2026-09-28T05:00,250,0,0,9.7,83,1.1
2026-09-28T05:15,266,0,0,9.6,84,0.9
2026-09-28T05:30,251,0,0,9.7,84,0.9
2026-09-28T05:45,259,0,0,9.7,83,0.8
2026-09-28T06:00,256,0,0,9.7,83,1.1
2026-09-28T06:15,249,0,0,10,82,1.5
2026-09-28T06:30,248,0,0,10.3,81,1.6
2026-09-28T06:45,256,0,0,10.2,82,2.1
2026-09-28T07:00,256,0,0,10.1,83,1.3
2026-09-28T07:15,262,0,0,10.1,85,1.9
2026-09-28T07:30,251,0,1,10.3,85,1.8
2026-09-28T07:45,259,0,27,10.4,85,2.1
2026-09-28T08:00,268,0,55,10.7,85,2.2
2026-09-28T08:15,266,0,115,11.3,83,1.9
2026-09-28T08:30,261,0,101,11.2,82,1.7
2026-09-28T08:45,255,0,107,11,84,1.8
2026-09-28T09:00,245,0,135,11.1,83,2.2
2026-09-28T09:15,242,0,222,11.1,83,2
2026-09-28T09:30,252,0,373,11.7,81,2.1
2026-09-28T09:45,252,0,388,12.1,80,2.3
2026-09-28T10:00,250,0,451,12.6,80,1.7
2026-09-28T10:15,228,0,468,13.3,78,1.7
2026-09-28T10:30,254,0,498,13.7,76,1.6
2026-09-28T10:45,240,0,529,14.6,73,1.3
2026-09-28T11:00,251,0,555,15,70,1.3
2026-09-28T11:15,243,0,544,14.9,69,0.9
2026-09-28T11:30,21,0,596,14.6,71,1.4
2026-09-28T11:45,31,0,611,14.7,71,1.1
2026-09-28T12:00,30,0,628,14.8,70,1.3
2026-09-28T12:15,29,0,638,15.3,70,1
2026-09-28T12:30,25,0,650,15.4,69,1.3
2026-09-28T12:45,32,0,656,15.4,70,1.3
2026-09-28T13:00,30,0,658,15.4,71,1.6
2026-09-28T13:15,23,0,655,15.4,72,1.8
2026-09-28T13:30,24,0,649,15.4,72,1.7
2026-09-28T13:45,31,0,641,15.3,73,1.7
2026-09-28T14:00,24,0,626,15.6,73,1.8
2026-09-28T14:15,17,0,609,16,73,1.5
2026-09-28T14:30,19,0,594,16,73,1.9
2026-09-28T14:45,19,0,573,15.8,72,2
2026-09-28T15:00,17,0,550,15.8,73,2.2
2026-09-28T15:15,20,0,523,15.7,74,2.3
2026-09-28T15:30,13,0,490,15.8,74,1.4
2026-09-28T15:45,18,0,459,15.8,74,2.1
2026-09-28T16:00,13,0,424,15.6,75,2
2026-09-28T16:15,16,0,386,15.6,75,1.9
2026-09-28T16:30,18,0,350,15.5,76,1.9
2026-09-28T16:45,21,0,311,15.2,76,2.1
2026-09-28T17:00,16,0,271,15.1,77,1.7
2026-09-28T17:15,12,0,229,14.8,78,1.8
2026-09-28T17:30,15,0,186,14.7,79,1.5
2026-09-28T17:45,23,0,145,14.3,80,1.7
2026-09-28T18:00,18,0,104,14,82,1.6
2026-09-28T18:15,21,0,66,13.6,83,1.3
2026-09-28T18:30,26,0,38,13.2,85,1.2
2026-09-28T18:45,27,0,23,12.6,87,1.2
2026-09-28T19:00,35,0,2,12.1,90,1.4
2026-09-28T19:15,36,0,0,11.6,92,1.3
2026-09-28T19:30,28,0,0,11.3,94,1.4
2026-09-28T19:45,39,0,0,11.3,95,1.2
2026-09-28T20:00,71,0,0,11.2,96,0.8
2026-09-28T20:15,64,0,0,11.3,97,1.1
2026-09-28T20:30,33,0,0,11.3,97,1.1
2026-09-28T20:45,47,0,0,11.2,97,0.8
2026-09-28T21:00,55,0,0,11.3,98,0.7
2026-09-28T21:15,58,0,0,11.3,98,0.8
2026-09-28T21:30,48,0,0,11.3,98,1.2
2026-09-28T21:45,37,0,0,11.2,97,0.5
2026-09-28T22:00,47,0,0,11.2,98,0.4
2026-09-28T22:15,51,0,0,11.5,97,1
2026-09-28T22:30,72,0,0,11.2,95,1.3
2026-09-28T22:45,45,0,0,10.6,96,0.8
2026-09-28T23:00,61,0,0,10.4,98,0.8
2026-09-28T23:15,71,0,0,10.9,99,0.8
2026-09-28T23:30,146,0,0,11.4,98,1
2026-09-28T23:45,155,0,0,11.7,92,1.4
2026-09-29T00:00,117,0,0,11.5,90,0.7
2026-09-29T00:15,78,0,0,11.5,89,0.6
2026-09-29T00:30,61,0,0,11.2,91,0.7
2026-09-29T00:45,36,0,0,11.2,93,0.5
2026-09-29T01:00,49,0,0,11.2,92,0.5
2026-09-29T01:15,60,0,0,11.1,91,0.7
2026-09-29T01:30,64,0,0,10.6,92,0.6
2026-09-29T01:45,70,0,0,10.4,93,0.6
2026-09-29T02:00,64,0,0,10.5,94,0.8
2026-09-29T02:15,57,0,0,10.8,91,0.9
2026-09-29T02:30,52,0,0,10.8,90,0.7
2026-09-29T02:45,54,0,0,10.9,89,0.7
2026-09-29T03:00,81,0,0,10.5,90,0.5
2026-09-29T03:15,57,0,0,10.5,91,0.7
2026-09-29T03:30,54,0,0,10.4,91,0.5
2026-09-29T03:45,58,0,0,10.5,91,0.8
2026-09-29T04:00,73,0,0,10.4,90,0.8
2026-09-29T04:15,82,0,0,10.2,91,0.7
2026-09-29T04:30,72,0,0,10.1,91,0.8
2026-09-29T04:45,84,0,0,9.9,90,0.8
2026-09-29T05:00,60,0,0,10,90,0.8
2026-09-29T05:15,61,0.2,0,10.2,88,0.8
2026-09-29T05:30,57,0,0,9.9,86,0.4
2026-09-29T05:45,64,0,0,9.9,86,0.6
2026-09-29T06:00,36,0,0,10.1,83,0.7
2026-09-29T06:15,39,0,0,10.4,76,0.7
2026-09-29T06:30,33,0,0,10.1,75,0.3
2026-09-29T06:45,84,0,0,10,77,0.4
2026-09-29T07:00,69,0,0,10,81,0.5
2026-09-29T07:15,82,0,0,10.1,83,0.4
2026-09-29T07:30,105,0,0,10.1,83,0.7
2026-09-29T07:45,111,0,9,10.4,83,0.6
2026-09-29T08:00,89,0,22,10.7,82,0.7
2026-09-29T08:15,99,0,76,11.4,82,0.7
2026-09-29T08:30,82,0,156,12.6,80,0.4
2026-09-29T08:45,96,0,198,13.2,78,0.5
2026-09-29T09:00,111,0,238,13.6,74,0.4
2026-09-29T09:15,,0,275,13.8,71,
2026-09-29T09:30,157,0,313,13.6,68,0.4
2026-09-29T09:45,235,0,357,13.7,69,1.1
2026-09-29T10:00,217,0,218,13.7,73,1.4
2026-09-29T10:15,235,0,433,13.8,73,1.2
2026-09-29T10:30,206,0,468,14.5,71,1.2
2026-09-29T10:45,248,0,503,14.4,70,1.2
2026-09-29T11:00,239,0,531,14.9,67,0.8
2026-09-29T11:15,270,0,561,14.4,65,1
2026-09-29T11:30,262,0,575,14.9,63,1.1
2026-09-29T11:45,200,0,598,15,64,1
2026-09-29T12:00,314,0,600,14.9,63,1.3
2026-09-29T12:15,320,0,617,15,62,1.2
2026-09-29T12:30,183,0,651,15.4,65,1.7
2026-09-29T12:45,235,0,602,15.3,66,1.1
2026-09-29T13:00,357,0,373,14.5,67,1.4
2026-09-29T13:15,24,0,363,14.5,68,1.1
2026-09-29T13:30,353,0,339,14.8,70,0.6
2026-09-29T13:45,328,0,278,14.6,71,1.1
2026-09-29T14:00,56,0,284,14.9,73,0.6
2026-09-29T14:15,106,0,318,15.1,71,0.8
2026-09-29T14:30,24,0,298,14.9,71,0.9
2026-09-29T14:45,26,0,292,15.3,70,0.8
2026-09-29T15:00,342,0,315,15,71,0.7
2026-09-29T15:15,55,0,264,15.2,71,0.6
2026-09-29T15:30,11,0,204,14.6,72,0.8
2026-09-29T15:45,26,0,205,14.4,73,1.1
2026-09-29T16:00,17,0,174,14.2,74,0.9
2026-09-29T16:15,17,0,175,14.3,75,1.1
2026-09-29T16:30,13,0,139,14.2,75,0.9
2026-09-29T16:45,20,0,116,14.1,76,1.1
2026-09-29T17:00,27,0,115,13.9,76,1.2
2026-09-29T17:15,18,0,127,13.8,76,1.3
2026-09-29T17:30,20,0,114,13.6,76,1.3
2026-09-29T17:45,18,0,93,13.5,77,1.5
2026-09-29T18:00,19,0,68,13.1,78,1.6
2026-09-29T18:15,11,0,37,12.8,80,1.1
2026-09-29T18:30,18,0,15,12.6,80,1.5
2026-09-29T18:45,23,0,0,12.4,81,1.7
2026-09-29T19:00,22,0,0,12.3,82,1.6
2026-09-29T19:15,32,0,0,12.1,84,1.2
2026-09-29T19:30,32,0,0,12,84,1
2026-09-29T19:45,15,0,0,11.9,84,0.9
2026-09-29T20:00,45,0,0,11.8,84,0.7
2026-09-29T20:15,24,0,0,11.7,85,0.2
2026-09-29T20:30,41,0,0,11.2,85,0.4
2026-09-29T20:45,49,0,0,10.8,86,0.4
2026-09-29T21:00,40,0,0,10.8,86,0.9
2026-09-29T21:15,49,0,0,10.9,85,0.5
2026-09-29T21:30,73,0,0,10.9,86,0.4
2026-09-29T21:45,135,0,0,11.2,87,0.3
2026-09-29T22:00,160,0,0,11.3,87,0.9
2026-09-29T22:15,138,0,0,11.4,88,0.3
2026-09-29T22:30,257,0,0,11.6,87,0.4
2026-09-29T22:45,253,0,0,11.8,87,0.4
2026-09-29T23:00,,0,0,12,86,
2026-09-29T23:15,59,0,0,12.1,86,0.4
2026-09-29T23:30,37,0,0,11.7,86,1.2
2026-09-29T23:45,40,0,0,11.4,86,1.2
2026-09-30T00:00,34,0,0,11.2,86,1
2026-09-30T00:15,39,0,0,11.1,87,0.8
2026-09-30T00:30,57,0,0,11.3,86,0.6
2026-09-30T00:45,50,0,0,11.2,86,0.5
2026-09-30T01:00,37,0,0,11.3,85,0.4
2026-09-30T01:15,82,0,0,11.3,85,0.6
2026-09-30T01:30,119,0,0,11.4,85,0.5
2026-09-30T01:45,124,0,0,11.3,84,0.4
2026-09-30T02:00,57,0,0,11.1,84,0.5
2026-09-30T02:15,44,0,0,11,85,0.8
2026-09-30T02:30,54,0,0,10.6,86,0.8
2026-09-30T02:45,25,0,0,10.6,87,0.6
2026-09-30T03:00,12,0,0,10.9,85,0.7
2026-09-30T03:15,23,0,0,10.8,84,0.6
2026-09-30T03:30,51,0,0,10.8,84,0.7
2026-09-30T03:45,31,0,0,10.8,84,0.6
2026-09-30T04:00,45,0,0,10.4,85,0.6
2026-09-30T04:15,43,0,0,10.4,84,0.2
2026-09-30T04:30,142,0,0,10.1,83,1.4
2026-09-30T04:45,131,0,0,10.4,82,1.2
2026-09-30T05:00,92,0,0,10.3,82,0.4
2026-09-30T05:15,120,0,0,10.5,80,0.6
2026-09-30T05:30,164,0,0,10.5,75,1
2026-09-30T05:45,177,0,0,10.5,73,1.5
2026-09-30T06:00,175,0,0,9.8,76,0.9
2026-09-30T06:15,335,0,0,9.4,78,0.3
2026-09-30T06:30,,0,0,9.3,80,
2026-09-30T06:45,266,0,0,9.7,78,0.4
2026-09-30T07:00,237,0,0,9.8,78,0.4
2026-09-30T07:15,248,0,0,9.5,79,0.5
2026-09-30T07:30,240,0,0,10.3,80,0.8
2026-09-30T07:45,232,0,13,10.4,80,0.6
2026-09-30T08:00,,0,30,10.4,81,
2026-09-30T08:15,98,0,69,10.8,81,0.3
2026-09-30T08:30,129,0,144,12.2,76,0.6
2026-09-30T08:45,116,0,176,12.5,73,0.7
2026-09-30T09:00,35,0,217,12.3,72,1
2026-09-30T09:15,29,0,263,12,70,0.9
2026-09-30T09:30,25,0,315,12.3,68,1.1
2026-09-30T09:45,18,0,361,12.6,70,0.9
2026-09-30T10:00,19,0,399,13,69,0.9
2026-09-30T10:15,31,0,435,13.5,67,0.9
2026-09-30T10:30,106,0,468,14.8,66,0.6
2026-09-30T10:45,187,0,502,14.6,66,0.7
2026-09-30T11:00,6,0,529,14,64,1.3
2026-09-30T11:15,339,0,552,14.5,64,1.1
2026-09-30T11:30,318,0,575,14.9,62,0.7
2026-09-30T11:45,342,0,599,14.8,60,0.9
2026-09-30T12:00,30,0,621,15.1,59,1.2
2026-09-30T12:15,30,0,635,15.2,56,1
2026-09-30T12:30,22,0,649,15.7,55,0.7
2026-09-30T12:45,39,0,648,15.7,54,0.8
2026-09-30T13:00,64,0,324,15.1,54,1.2
2026-09-30T13:15,50,0,250,14.5,58,1.1
2026-09-30T13:30,63,0,392,15,62,1
2026-09-30T13:45,289,0,301,14.6,64,1
2026-09-30T14:00,259,0,446,15.3,64,0.8
2026-09-30T14:15,152,0,462,15.7,62,1.4
2026-09-30T14:30,5,0,240,14.8,63,1.2
2026-09-30T14:45,3,0,239,14.5,63,1.2
2026-09-30T15:00,8,0,316,14.7,64,0.6
2026-09-30T15:15,32,0,382,15.2,62,1
2026-09-30T15:30,4,0,301,15,61,1.3
2026-09-30T15:45,9,0,325,14.8,61,1.7
2026-09-30T16:00,5,0,279,14.6,62,1.2
2026-09-30T16:15,13,0,245,14.4,63,1.3
2026-09-30T16:30,27,0,183,14.1,64,1.4
2026-09-30T16:45,16,0,307,14.2,64,1.3
2026-09-30T17:00,0,0,319,14.7,62,1.2
2026-09-30T17:15,24,0,225,14.4,63,1.3
2026-09-30T17:30,11,0,183,14.1,62,1.4
2026-09-30T17:45,11,0,147,13.8,63,1.3
2026-09-30T18:00,15,0,96,13.5,65,1.1
2026-09-30T18:15,13,0,36,12.8,67,1.2
2026-09-30T18:30,12,0,18,12.4,69,1
2026-09-30T18:45,14,0,0,12.2,71,0.8
2026-09-30T19:00,14,0,0,11.9,73,0.1
2026-09-30T19:15,26,0,0,11.4,74,0.3
2026-09-30T19:30,44,0,0,11.3,75,0.3
2026-09-30T19:45,33,0,0,11.4,74,0.4
2026-09-30T20:00,68,0,0,11.1,75,0.5
2026-09-30T20:15,68,0,0,10.8,77,0.4
2026-09-30T20:30,59,0,0,10.7,77,0.8
2026-09-30T20:45,47,0,0,10.7,76,0.9
2026-09-30T21:00,66,0,0,10.7,76,0.7
2026-09-30T21:15,66,0,0,11,75,0.6
2026-09-30T21:30,138,0,0,10.6,75,1.1
2026-09-30T21:45,107,0,0,10.7,76,0.8
2026-09-30T22:00,74,0,0,10.6,77,0.7
2026-09-30T22:15,74,0,0,10.5,79,0.7
2026-09-30T22:30,62,0,0,10.6,78,0.7
2026-09-30T22:45,59,0,0,10.8,77,0.6
2026-09-30T23:00,44,0,0,11,76,0.4
2026-09-30T23:15,34,0,0,11.2,75,0.6
2026-09-30T23:30,329,0,0,11.4,73,0.3
2026-09-30T23:45,253,0,0,11.5,74,0.5
2026-10-01T00:00,263,0,0,11.6,77,0.6
2026-10-01T00:15,258,0,0,11.5,78,0.9
2026-10-01T00:30,286,0,0,11.3,79,0.5
2026-10-01T00:45,287,0,0,11.3,79,0.4
2026-10-01T01:00,314,0,0,11.1,80,0.3
2026-10-01T01:15,257,0,0,11.2,79,0.5
2026-10-01T01:30,245,0,0,11.2,79,0.5
2026-10-01T01:45,237,0,0,11.3,79,0.9
2026-10-01T02:00,242,0,0,11.2,79,0.9
2026-10-01T02:15,234,0,0,11.2,80,0.4
2026-10-01T02:30,337,0,0,11.1,81,0.2
2026-10-01T02:45,120,0,0,11.3,80,0.2
2026-10-01T03:00,88,0,0,11.4,79,0.4
2026-10-01T03:15,48,0,0,11.2,79,0.4
2026-10-01T03:30,75,0,0,10.9,80,0.4
2026-10-01T03:45,107,0,0,10.6,80,0.2
2026-10-01T04:00,138,0,0,10.4,78,1.3
2026-10-01T04:15,114,0,0,10.8,78,0.4
2026-10-01T04:30,122,0,0,11,76,0.7
2026-10-01T04:45,167,0,0,11,74,0.7
2026-10-01T05:00,148,0,0,10.9,75,0.3
2026-10-01T05:15,265,0,0,10.8,77,0.8
2026-10-01T05:30,245,0,0,10.7,77,0.6
2026-10-01T05:45,46,0,0,10.6,78,0.2
2026-10-01T06:00,81,0,0,10.7,78,0.5
2026-10-01T06:15,,0,0,10.4,78,
2026-10-01T06:30,,0,0,10.1,80,
2026-10-01T06:45,,0,0,10.2,79,
2026-10-01T07:00,,0,0,10.5,78,
2026-10-01T07:15,228,0,0,10.6,78,0.4
2026-10-01T07:30,246,0,0,10.7,78,0.9
2026-10-01T07:45,252,0,0,10.9,78,0.9
2026-10-01T08:00,244,0,11,11.1,78,1
2026-10-01T08:15,247,0,27,11.1,77,1
2026-10-01T08:30,243,0,35,11.2,78,0.8
2026-10-01T08:45,215,0,48,11.3,78,0.3
2026-10-01T09:00,,0,62,11.6,78,
2026-10-01T09:15,,0,95,11.9,77,
2026-10-01T09:30,,0,125,12.4,72,
2026-10-01T09:45,,0,173,12.7,72,
2026-10-01T10:00,255,0,292,12.7,71,0.9
2026-10-01T10:15,238,0,391,13.4,71,1.7
2026-10-01T10:30,265,0,496,13.7,70,1.5
2026-10-01T10:45,225,0,518,14.2,68,1.8
2026-10-01T11:00,235,0,442,14.2,62,1.1
2026-10-01T11:15,205,0,541,14,66,1.4
2026-10-01T11:30,216,0,510,14.3,63,1.6
2026-10-01T11:45,263,0,420,13.9,63,1.9
2026-10-01T12:00,263,0,429,13.8,64,2.3
2026-10-01T12:15,264,0,569,14.3,63,2.7
2026-10-01T12:30,244,0,363,14.3,62,2.3
2026-10-01T12:45,253,0,307,14,63,2.4
2026-10-01T13:00,232,0,356,14.3,63,2
2026-10-01T13:15,233,0,452,14.6,60,2.2
2026-10-01T13:30,264,0,511,14.7,56,2.8
2026-10-01T13:45,260,0,582,14.8,54,3.5
2026-10-01T14:00,237,0,604,15,53,3.2
2026-10-01T14:15,258,0,618,15.3,53,3.2
2026-10-01T14:30,244,0,579,15.1,55,3.2
2026-10-01T14:45,264,0,580,15.7,57,2.7
2026-10-01T15:00,247,0,566,15.6,55,2.2
2026-10-01T15:15,229,0,535,16.1,56,2
2026-10-01T15:30,261,0,509,16.1,56,2.1
2026-10-01T15:45,253,0,450,16,59,2.3
2026-10-01T16:00,233,0,412,16,60,1.6
2026-10-01T16:15,260,0,372,15.7,62,2.1
2026-10-01T16:30,255,0,354,16.1,61,1.8
2026-10-01T16:45,246,0,166,15.3,63,1.5
2026-10-01T17:00,25,0,177,14.5,68,0.8
2026-10-01T17:15,8,0,222,15,69,0.6
2026-10-01T17:30,359,0,193,15.4,67,0.5
2026-10-01T17:45,7,0,144,14.9,69,0.7
2026-10-01T18:00,315,0,77,14.3,71,0.4
2026-10-01T18:15,9,0,65,13.8,73,0.3
2026-10-01T18:30,22,0,45,12.8,76,0.6
2026-10-01T18:45,48,0,27,12.2,80,0.6
2026-10-01T19:00,40,0,6,11.8,82,0.8
2026-10-01T19:15,80,0,0,11.7,83,0.8
2026-10-01T19:30,67,0,0,11.3,85,0.8
2026-10-01T19:45,76,0,0,11.1,86,0.7
2026-10-01T20:00,48,0,0,11.2,87,0.8
2026-10-01T20:15,46,0,0,11.4,86,0.6
2026-10-01T20:30,71,0,0,11.4,85,0.6
2026-10-01T20:45,140,0,0,11.4,85,0.6
2026-10-01T21:00,250,0,0,11.1,85,0.5
2026-10-01T21:15,264,0,0,11.2,86,0.9
2026-10-01T21:30,258,0,0,11.5,85,1.2
2026-10-01T21:45,253,0,0,11.8,84,1.4
2026-10-01T22:00,254,0,0,11.9,83,1.4
2026-10-01T22:15,258,0,0,12,83,1.4
2026-10-01T22:30,255,0,0,12,82,1.2
2026-10-01T22:45,231,0,0,11.9,83,0.7
2026-10-01T23:00,68,0,0,12.1,81,0.6
2026-10-01T23:15,68,0,0,12.2,80,0.6
2026-10-01T23:30,33,0,0,11.7,81,0.2
2026-10-01T23:45,341,0,0,11,82,0.1
2026-10-02T00:00,118,0,0,10.9,83,0.3
2026-10-02T00:15,163,0,0,11,82,1.2
2026-10-02T00:30,160,0,0,11.2,80,2.2
2026-10-02T00:45,151,0,0,11.1,80,2.1
2026-10-02T01:00,6,0,0,11,81,0.3
2026-10-02T01:15,214,0,0,10.9,81,0.5
2026-10-02T01:30,236,0,0,10.8,80,1.1
2026-10-02T01:45,249,0,0,10.7,81,1.1
2026-10-02T02:00,253,0,0,10.7,82,0.9
2026-10-02T02:15,259,0,0,10.5,82,0.8
2026-10-02T02:30,279,0,0,10.6,82,0.6
2026-10-02T02:45,272,0,0,10.5,83,0.9
2026-10-02T03:00,270,0,0,10.8,83,0.8
2026-10-02T03:15,239,0,0,11,82,0.3
2026-10-02T03:30,337,0,0,10.9,82,0.3
2026-10-02T03:45,,0,0,10.9,82,
2026-10-02T04:00,,0,0,10.8,81,
2026-10-02T04:15,,0,0,10.7,82,
2026-10-02T04:30,,0,0,10.6,84,
2026-10-02T04:45,188,0,0,10.6,84,0.3
2026-10-02T05:00,129,0,0,10.2,85,0.5
2026-10-02T05:15,174,0,0,9.8,86,0.5
2026-10-02T05:30,150,0,0,9.8,87,1
2026-10-02T05:45,156,0,0,10.2,85,1.7
2026-10-02T06:00,173,0,0,10.1,84,0.8
2026-10-02T06:15,231,0,0,10.3,85,0.2
2026-10-02T06:30,,0,0,9.9,86,
2026-10-02T06:45,,0,0,9.7,87,
2026-10-02T07:00,252,0,0,9.6,87,0.5
2026-10-02T07:15,260,0,0,9.7,86,0.7
2026-10-02T07:30,253,0,0,9.7,86,0.2
2026-10-02T07:45,32,0,14,9.8,87,0.2
2026-10-02T08:00,214,0,26,10,86,0.2
2026-10-02T08:15,255,0,56,10.1,87,0.2
2026-10-02T08:30,258,0,87,10.8,85,0.5
2026-10-02T08:45,237,0,135,11.2,84,0.5
2026-10-02T09:00,220,0,203,11.5,83,0.7
2026-10-02T09:15,239,0,213,11.7,81,0.7
2026-10-02T09:30,199,0,263,12.2,80,0.6
2026-10-02T09:45,245,0,332,12.9,77,0.5
2026-10-02T10:00,238,0,392,13.7,74,0.4
2026-10-02T10:15,115,0,455,15.2,72,0.7
2026-10-02T10:30,98,0,438,15.1,69,1.1
2026-10-02T10:45,77,0,461,15.3,70,1.1
2026-10-02T11:00,100,0,508,15.4,69,1.1
2026-10-02T11:15,90,0,535,15.5,67,0.8
2026-10-02T11:30,114,0,547,15.3,67,1.1
2026-10-02T11:45,98,0,572,15.1,67,1.1
2026-10-02T12:00,17,0,589,14.6,67,1.1
2026-10-02T12:15,84,0,613,15.2,65,1.1
2026-10-02T12:30,22,0,620,15.4,65,1.1
2026-10-02T12:45,36,0,617,15.8,63,1
2026-10-02T13:00,31,0,627,15.3,63,1.3
2026-10-02T13:15,22,0,609,15.9,63,0.9
2026-10-02T13:30,15,0,614,16.3,62,1.4
2026-10-02T13:45,10,0,617,15.9,61,1.3
2026-10-02T14:00,21,0,600,15.6,61,1.4
2026-10-02T14:15,19,0,594,15.8,60,1.3
2026-10-02T14:30,16,0,590,15.7,60,1.7
2026-10-02T14:45,6,0,560,15.7,59,1.6
2026-10-02T15:00,10,0,533,15.8,58,1.6
2026-10-02T15:15,20,0,504,15.7,59,1.8
2026-10-02T15:30,23,0,480,15.8,59,1.5
2026-10-02T15:45,22,0,404,15.9,59,1.6
2026-10-02T16:00,23,0,402,15.8,59,1.4
2026-10-02T16:15,14,0,366,15.4,59,1.7
2026-10-02T16:30,23,0,313,15,60,2.1
2026-10-02T16:45,19,0,280,15.1,61,1.8
2026-10-02T17:00,22,0,243,14.9,61,1.7
2026-10-02T17:15,22,0,206,14.5,61,1.7
2026-10-02T17:30,16,0,168,14.2,62,1.5
2026-10-02T17:45,14,0,127,13.8,64,1.4
2026-10-02T18:00,9,0,87,13,65,1.1
2026-10-02T18:15,17,0,52,12.4,67,1.2
2026-10-02T18:30,21,0,33,11.9,70,0.9
2026-10-02T18:45,30,0,10,11.1,74,0.9
2026-10-02T19:00,47,0,0,10.9,75,0.8
2026-10-02T19:15,47,0,0,10.8,75,0.9
2026-10-02T19:30,48,0,0,10.8,75,0.9
2026-10-02T19:45,51,0,0,10.7,76,1.1
2026-10-02T20:00,45,0,0,10.7,76,0.8
2026-10-02T20:15,49,0,0,10.4,76,0.7
2026-10-02T20:30,32,0,0,10.9,74,0.8
2026-10-02T20:45,71,0,0,11.1,74,0.5
2026-10-02T21:00,,0,0,10.7,76,
2026-10-02T21:15,120,0,0,10.4,79,0.3
2026-10-02T21:30,125,0,0,10.5,80,0.3
2026-10-02T21:45,258,0,0,10.4,82,0.6
2026-10-02T22:00,248,0,0,10.8,81,0.8
2026-10-02T22:15,254,0,0,10.8,80,1
2026-10-02T22:30,258,0,0,10.5,81,1.3
2026-10-02T22:45,256,0,0,10.8,80,1.2
2026-10-02T23:00,271,0,0,10.2,81,0.6
2026-10-02T23:15,329,0,0,10,82,0.6
2026-10-02T23:30,63,0,0,10.4,80,0.7
2026-10-02T23:45,57,0,0,10.4,75,0.9
2026-10-03T00:00,46,0,0,10.5,70,0.5
2026-10-03T00:15,48,0,0,10.5,70,0.6
2026-10-03T00:30,51,0,0,10.9,67,0.6
2026-10-03T00:45,48,0,0,11,66,0.8
2026-10-03T01:00,66,0,0,10.8,66,0.6
2026-10-03T01:15,88,0,0,10.3,67,0.2
2026-10-03T01:30,82,0,0,10.2,68,0.9
2026-10-03T01:45,100,0,0,10,70,1
2026-10-03T02:00,83,0,0,10.3,70,0.8
2026-10-03T02:15,76,0,0,10.4,70,0.7
2026-10-03T02:30,93,0,0,10.2,69,0.5
2026-10-03T02:45,59,0,0,10.3,70,0.5
2026-10-03T03:00,101,0,0,10.1,69,1
2026-10-03T03:15,85,0,0,9.7,71,0.8
2026-10-03T03:30,74,0,0,9.5,73,0.6
2026-10-03T03:45,86,0,0,9.5,74,0.8
2026-10-03T04:00,70,0,0,9.7,75,1.1
2026-10-03T04:15,67,0,0,9.5,75,0.7
2026-10-03T04:30,109,0,0,9.4,77,0.9
2026-10-03T04:45,85,0,0,9.5,79,0.7
2026-10-03T05:00,103,0,0,9.2,81,0.9
2026-10-03T05:15,86,0,0,9.2,82,0.7
2026-10-03T05:30,113,0,0,9,81,0.8
2026-10-03T05:45,113,0,0,9.4,80,1
2026-10-03T06:00,100,0,0,9.5,77,0.9
2026-10-03T06:15,88,0,0,9.3,78,0.5
2026-10-03T06:30,147,0,0,8.7,78,2.1
2026-10-03T06:45,146,0,0,8.8,80,1.9
2026-10-03T07:00,147,0,0,8.8,81,1.6
2026-10-03T07:15,145,0,0,9,80,1.5
2026-10-03T07:30,131,0,0,9.5,81,0.9
2026-10-03T07:45,68,0,0,9.7,81,0.6
2026-10-03T08:00,145,0,13,9.7,79,1.9
2026-10-03T08:15,119,0,28,10.1,79,1.1
2026-10-03T08:30,131,0,141,11.2,77,0.9
2026-10-03T08:45,153,0,195,11.1,76,1
2026-10-03T09:00,146,0,238,11.6,74,0.7
2026-10-03T09:15,108,0,278,12.1,73,0.6
2026-10-03T09:30,67,0,320,12,73,0.7
2026-10-03T09:45,53,0,360,12.2,73,0.9
2026-10-03T10:00,95,0,399,12.9,70,0.7
2026-10-03T10:15,81,0,439,13.4,69,1
2026-10-03T10:30,73,0,473,14.2,68,0.9
2026-10-03T10:45,95,0,504,14.7,65,1.1
2026-10-03T11:00,99,0,533,14.8,63,1.3
2026-10-03T11:15,86,0,558,14.8,62,1.2
2026-10-03T11:30,28,0,582,14.4,63,1.2
2026-10-03T11:45,15,0,603,14,64,1.1
2026-10-03T12:00,24,0,617,14,61,1.4
2026-10-03T12:15,28,0,633,14.1,60,1.4
2026-10-03T12:30,61,0,641,14.4,59,1.7
2026-10-03T12:45,27,0,647,14.5,58,1.3
2026-10-03T13:00,327,0,648,14.8,58,1.3
2026-10-03T13:15,349,0,645,14.9,55,1
2026-10-03T13:30,20,0,643,15.3,54,1.6
2026-10-03T13:45,353,0,631,15.1,53,1.1
2026-10-03T14:00,45,0,621,15.4,52,1.2
2026-10-03T14:15,268,0,610,15.5,49,1.9
2026-10-03T14:30,257,0,589,15.7,49,1.8
2026-10-03T14:45,258,0,564,16.3,48,1.3
2026-10-03T15:00,335,0,543,15.6,51,1
2026-10-03T15:15,18,0,517,15.6,51,1.1
2026-10-03T15:30,3,0,484,15.6,53,1.4
2026-10-03T15:45,19,0,453,15.3,53,1.6
2026-10-03T16:00,13,0,416,15.1,54,1.6
2026-10-03T16:15,22,0,372,15.1,54,1.6
2026-10-03T16:30,16,0,330,14.9,53,1.7
2026-10-03T16:45,6,0,287,14.9,54,1.1
2026-10-03T17:00,16,0,249,14.6,54,1.6
2026-10-03T17:15,13,0,210,14.1,54,1.4
2026-10-03T17:30,359,0,166,14,55,0.9
2026-10-03T17:45,13,0,124,13.4,56,0.9
2026-10-03T18:00,13,0,84,13,58,0.7
2026-10-03T18:15,19,0,48,12.3,61,0.7
2026-10-03T18:30,41,0,23,11.5,64,0.8
2026-10-03T18:45,45,0,2,11.2,65,0.3
2026-10-03T19:00,54,0,0,10.5,67,0.7
2026-10-03T19:15,63,0,0,10.2,67,0.6
2026-10-03T19:30,56,0,0,10.2,68,0.8
2026-10-03T19:45,50,0,0,10.5,67,0.8
2026-10-03T20:00,64,0,0,10.6,66,0.7
2026-10-03T20:15,54,0,0,10.6,67,0.7
2026-10-03T20:30,105,0,0,10.8,68,0.5
2026-10-03T20:45,133,0,0,10.2,73,0.2
2026-10-03T21:00,256,0,0,9.9,73,0.8
2026-10-03T21:15,259,0,0,10,75,0.9
2026-10-03T21:30,258,0,0,9.8,76,0.9
2026-10-03T21:45,266,0,0,9.7,77,0.6
2026-10-03T22:00,,0,0,9.7,79,
2026-10-03T22:15,332,0,0,9.6,78,0.5
2026-10-03T22:30,,0,0,9.5,75,
2026-10-03T22:45,177,0,0,9.8,77,0.2
2026-10-03T23:00,270,0,0,9.9,76,0.6
2026-10-03T23:15,256,0,0,9.8,76,0.5
2026-10-03T23:30,339,0,0,9.5,77,0.1
2026-10-03T23:45,353,0,0,9.3,78,0
2026-10-04T00:00,234,0,0,9.3,75,0.4
2026-10-04T00:15,261,0,0,9.5,76,0.7
2026-10-04T00:30,262,0,0,9.4,76,0.6
2026-10-04T00:45,273,0,0,9.2,77,0.3
2026-10-04T01:00,25,0,0,9.9,75,0.5
2026-10-04T01:15,99,0,0,10,72,0.7
2026-10-04T01:30,86,0,0,9.7,71,0.9
2026-10-04T01:45,79,0,0,9.6,72,1
2026-10-04T02:00,88,0,0,9.6,73,0.8
2026-10-04T02:15,98,0,0,9.7,73,0.9
2026-10-04T02:30,84,0,0,9.5,73,1
2026-10-04T02:45,103,0,0,9.6,74,1
2026-10-04T03:00,105,0,0,9.4,75,0.9
2026-10-04T03:15,113,0,0,9.2,75,1.2
2026-10-04T03:30,108,0,0,9.3,76,1.2
2026-10-04T03:45,121,0,0,9.2,77,1.3
2026-10-04T04:00,140,0,0,8.9,77,1.4
2026-10-04T04:15,132,0,0,8.6,78,1.3
2026-10-04T04:30,154,0,0,8.8,77,1.3
2026-10-04T04:45,150,0,0,8.3,77,1.1
2026-10-04T05:00,149,0,0,8.1,79,0.1
2026-10-04T05:15,230,0,0,8.5,79,0.4
2026-10-04T05:30,204,0,0,9.2,76,0.6
2026-10-04T05:45,235,0,0,9.5,75,0.8
2026-10-04T06:00,243,0,0,8.8,74,1
2026-10-04T06:15,254,0,0,8.5,75,1.1
2026-10-04T06:30,227,0,0,8.7,75,0.7
2026-10-04T06:45,206,0,0,9,76,0.6
2026-10-04T07:00,249,0,0,8.7,75,0.5
2026-10-04T07:15,239,0,0,8.6,75,1
2026-10-04T07:30,246,0,0,8.6,75,1.2
2026-10-04T07:45,231,0,5,8.3,76,1
2026-10-04T08:00,252,0,19,8.6,77,0.8
2026-10-04T08:15,252,0,23,9.3,75,1.7
2026-10-04T08:30,249,0,138,9.7,74,1.7
2026-10-04T08:45,251,0,190,9.7,74,1.9
2026-10-04T09:00,248,0,234,9.8,75,1.6
2026-10-04T09:15,242,0,274,10.1,76,1.3
2026-10-04T09:30,255,0,314,10.4,75,1.4
2026-10-04T09:45,251,0,354,11,73,1.6
2026-10-04T10:00,253,0,383,10.9,73,1.7
2026-10-04T10:15,255,0,420,11.1,73,1.8
2026-10-04T10:30,249,0,464,11.7,73,1.5
2026-10-04T10:45,251,0,496,12.4,69,1.4
2026-10-04T11:00,261,0,516,12.5,69,2.4
2026-10-04T11:15,238,0,542,12.5,70,2.3
2026-10-04T11:30,248,0,544,12.6,69,1.9
2026-10-04T11:45,246,0,587,13.2,67,1.9
2026-10-04T12:00,248,0,605,13.8,65,1.8
2026-10-04T12:15,251,0,620,13.9,63,1.7
2026-10-04T12:30,266,0,613,14,63,1.8
2026-10-04T12:45,250,0,623,14.6,63,1.7
2026-10-04T13:00,258,0,618,14.8,61,1.7
2026-10-04T13:15,246,0,628,15.1,61,1.8
2026-10-04T13:30,259,0,625,14.7,62,2.8
2026-10-04T13:45,255,0,613,15.2,62,2.5
2026-10-04T14:00,240,0,600,15.6,59,2.4
2026-10-04T14:15,260,0,588,15.6,57,2.3
2026-10-04T14:30,272,0,569,15.8,57,2.1
2026-10-04T14:45,262,0,551,15.4,58,2.5
2026-10-04T15:00,247,0,524,15.8,60,1.6
2026-10-04T15:15,300,0,499,15.8,56,1.4
2026-10-04T15:30,328,0,470,15.2,54,1.1
2026-10-04T15:45,254,0,436,15.5,59,2
2026-10-04T16:00,254,0,405,15.9,59,1.9
2026-10-04T16:15,312,0,362,15.7,56,1.4
2026-10-04T16:30,355,0,325,15.1,54,1
2026-10-04T16:45,13,0,269,15.1,55,0.8
2026-10-04T17:00,6,0,233,14.8,57,1.1
2026-10-04T17:15,8,0,186,14.6,57,1.2
2026-10-04T17:30,358,0,130,14.4,59,0.6
2026-10-04T17:45,26,0,120,14.8,60,0.4
2026-10-04T18:00,223,0,76,14.2,69,1.3
2026-10-04T18:15,301,0,56,13.9,71,0.4
2026-10-04T18:30,15,0,37,12.8,70,0.6
2026-10-04T18:45,68,0,15,11.6,71,0.4
2026-10-04T19:00,43,0,0,11.3,73,0.4
2026-10-04T19:15,75,0,0,11.1,77,0.1
2026-10-04T19:30,,0,0,10.5,81,
2026-10-04T19:45,341,0,0,10.3,83,0.2
2026-10-04T20:00,330,0,0,10.3,85,0.2
2026-10-04T20:15,268,0,0,10.8,84,0.4
2026-10-04T20:30,138,0,0,10.8,81,1
2026-10-04T20:45,182,0,0,10.6,81,0.1
2026-10-04T21:00,168,0,0,10.8,80,0.1
2026-10-04T21:15,200,0,0,10.7,80,0.4
2026-10-04T21:30,244,0,0,10.5,81,0.6
2026-10-04T21:45,239,0,0,10.3,83,0.2
2026-10-04T22:00,55,0,0,10.6,83,0.5
2026-10-04T22:15,339,0,0,10.5,80,0.3
2026-10-04T22:30,,0,0,9.9,83,
2026-10-04T22:45,76,0,0,10,83,0.4
2026-10-04T23:00,89,0,0,10.7,81,0.3
2026-10-04T23:15,100,0,0,10.6,81,0.4
2026-10-04T23:30,160,0,0,10,82,0.1
2026-10-04T23:45,323,0,0,9.8,84,0.2
2026-10-05T00:00,,0,0,9.6,86,
2026-10-05T00:15,264,0,0,9.9,85,0.2
2026-10-05T00:30,252,0,0,9.8,85,0.6
2026-10-05T00:45,251,0,0,9.7,86,0.7
2026-10-05T01:00,279,0,0,9.4,86,0.6
2026-10-05T01:15,275,0,0,9.2,87,0.6
2026-10-05T01:30,259,0,0,9,88,0.4
2026-10-05T01:45,266,0,0,9.3,87,0.7
2026-10-05T02:00,,0,0,9.4,87,
2026-10-05T02:15,347,0,0,9.4,86,0.4
2026-10-05T02:30,,0,0,9.6,84,
2026-10-05T02:45,,0,0,9.4,85,
2026-10-05T03:00,191,0,0,9.5,86,0.4
2026-10-05T03:15,190,0,0,9.9,84,0.2
2026-10-05T03:30,338,0,0,9.5,86,0.3
2026-10-05T03:45,337,0,0,9.6,85,0.4
2026-10-05T04:00,338,0,0,9.7,85,0.4
2026-10-05T04:15,,0,0,9.8,84,
2026-10-05T04:30,,0,0,9.7,83,
2026-10-05T04:45,255,0,0,9.6,84,0.4
2026-10-05T05:00,253,0,0,9.5,85,1.1
2026-10-05T05:15,247,0,0,9.4,85,0.8
2026-10-05T05:30,259,0,0,9.3,85,0.9
2026-10-05T05:45,266,0,0,9.6,86,0.9
2026-10-05T06:00,,0,0,10,85,
2026-10-05T06:15,259,0,0,9.9,85,0.4
2026-10-05T06:30,81,0,0,10.2,83,0.3
2026-10-05T06:45,85,0,0,10.1,83,0
2026-10-05T07:00,75,0,0,10.2,83,0.5
2026-10-05T07:15,82,0,0,10.5,82,0.5
2026-10-05T07:30,114,0,0,10.4,83,0.7
2026-10-05T07:45,29,0,0,10.2,83,0.5
2026-10-05T08:00,125,0,8,10,85,0.6
2026-10-05T08:15,132,0,23,9.8,86,0.8
2026-10-05T08:30,47,0,37,10.1,85,0.5
2026-10-05T08:45,59,0,71,10,86,0.4
2026-10-05T09:00,137,0,124,10.6,87,0.6
2026-10-05T09:15,131,0,117,11.3,83,1
2026-10-05T09:30,148,0,125,11.4,80,0.9
2026-10-05T09:45,164,0,194,11.7,80,1.3
2026-10-05T10:00,163,0,233,12.3,77,1
2026-10-05T10:15,186,0,154,12.4,76,0.7
2026-10-05T10:30,247,0,247,11.6,82,2
2026-10-05T10:45,258,0,390,11.8,81,1.7
2026-10-05T11:00,256,0,208,11.9,79,1.1
2026-10-05T11:15,264,0,130,11.8,78,0.5
2026-10-05T11:30,188,0,189,12,79,0.5
2026-10-05T11:45,109,0,600,13.5,73,1.5
2026-10-05T12:00,259,0,299,13.1,73,2.4
2026-10-05T12:15,250,0,131,11.2,78,2.5
2026-10-05T12:30,261,0,114,10.2,83,2.1
2026-10-05T12:45,251,0,121,10.3,84,1.2
2026-10-05T13:00,243,0,211,11.2,82,1.4
2026-10-05T13:15,247,0,203,12.4,78,0.6
2026-10-05T13:30,255,0,226,12.3,77,2.1
2026-10-05T13:45,249,0,389,12.1,79,1.9
2026-10-05T14:00,244,0,617,13.5,75,1.9
2026-10-05T14:15,254,0,322,13.2,73,2.2
2026-10-05T14:30,258,0,181,12.1,78,1.3
2026-10-05T14:45,243,0,166,12,78,1.4
2026-10-05T15:00,250,0,219,12.1,77,1.4
2026-10-05T15:15,253,0,309,12.7,75,1.1
2026-10-05T15:30,261,0,492,13.9,72,1.3
2026-10-05T15:45,252,0,494,14.5,68,1.7
2026-10-05T16:00,260,0,374,14.3,67,1.8
2026-10-05T16:15,253,0,258,13.5,71,1.1
2026-10-05T16:30,111,0,291,14.4,70,0.9
2026-10-05T16:45,89,0,281,13.7,71,1.1
2026-10-05T17:00,82,0,233,14.3,69,0.7
2026-10-05T17:15,57,0,190,14.5,68,0.7
2026-10-05T17:30,22,0,150,14.5,68,0.5
2026-10-05T17:45,24,0,128,13,72,1.5
2026-10-05T18:00,20,0,79,12.1,77,1.4
2026-10-05T18:15,20,0,67,11.7,78,1.8
2026-10-05T18:30,24,0,44,11.3,79,1.7
2026-10-05T18:45,37,0,10,10.8,82,1.5
2026-10-05T19:00,65,0,0,10.2,84,0.5
2026-10-05T19:15,102,0,0,10.2,86,0.8
2026-10-05T19:30,53,0,0,10.7,85,0.8
2026-10-05T19:45,55,0,0,11,83,0.9
2026-10-05T20:00,85,0,0,10.7,83,0.4
2026-10-05T20:15,115,0,0,10.2,85,0.2
2026-10-05T20:30,64,0,0,10.3,86,0.6
2026-10-05T20:45,68,0,0,10.1,86,0.3
2026-10-05T21:00,36,0,0,9.9,87,0.2
2026-10-05T21:15,61,0,0,10.3,87,0.5
2026-10-05T21:30,160,0,0,10.6,85,1
2026-10-05T21:45,160,0,0,10.4,85,0.6
2026-10-05T22:00,260,0,0,10.6,85,0.5
2026-10-05T22:15,256,0,0,10.5,84,0.7
2026-10-05T22:30,238,0,0,10.3,84,0.7
2026-10-05T22:45,265,0,0,10,85,0.9
2026-10-05T23:00,262,0,0,10,85,0.6
2026-10-05T23:15,263,0,0,9.4,87,0.2
2026-10-05T23:30,77,0,0,9.7,87,0.3
2026-10-05T23:45,130,0,0,9.7,82,0.8
2026-10-06T00:00,163,0,0,9.5,82,0.3
2026-10-06T00:15,181,0,0,9.5,81,0.1
2026-10-06T00:30,,0,0,9.7,81,
2026-10-06T00:45,337,0,0,9.5,77,0.2
2026-10-06T01:00,104,0,0,9.6,76,0.3
2026-10-06T01:15,95,0,0,9.9,71,0.7
2026-10-06T01:30,71,0,0,9.6,73,0.8
2026-10-06T01:45,79,0,0,9.4,74,0.6
2026-10-06T02:00,122,0,0,9.4,69,0.5
2026-10-06T02:15,111,0,0,9.5,72,0.8
2026-10-06T02:30,93,0,0,9.7,73,0.9
2026-10-06T02:45,99,0,0,9.4,72,0.8
2026-10-06T03:00,113,0,0,9.2,73,0.7
2026-10-06T03:15,53,0,0,9.3,72,0.7
2026-10-06T03:30,86,0,0,9,74,0.5
2026-10-06T03:45,104,0,0,8.7,81,0.9
2026-10-06T04:00,111,0,0,8.7,86,1.1
2026-10-06T04:15,101,0,0,8.7,86,1.1
2026-10-06T04:30,119,0,0,8.9,83,1
2026-10-06T04:45,194,0,0,8.7,80,0.7
2026-10-06T05:00,142,0,0,9.1,78,0.5
2026-10-06T05:15,345,0,0,8.6,78,0.1
2026-10-06T05:30,111,0,0,9.1,71,1.2
2026-10-06T05:45,88,0,0,9.1,70,0.8
2026-10-06T06:00,111,0,0,8.7,75,1
2026-10-06T06:15,138,0,0,8.6,77,1.3
2026-10-06T06:30,93,0,0,8.8,79,0.8
2026-10-06T06:45,55,0,0,8.9,77,0.8
2026-10-06T07:00,214,0,0,8.5,78,1.3
2026-10-06T07:15,236,0,0,8.9,67,0.9
2026-10-06T07:30,211,0,0,8.6,73,0.2
2026-10-06T07:45,201,0,0,8.4,76,0.8
2026-10-06T08:00,59,0,9,8.6,78,0.8
2026-10-06T08:15,35,0,32,9.1,70,0.6
2026-10-06T08:30,150,0,111,9.5,72,1.4
2026-10-06T08:45,100,0,166,11,74,0.7
2026-10-06T09:00,59,0,169,11.1,72,0.7
2026-10-06T09:15,44,0,187,10.9,72,0.3
2026-10-06T09:30,144,0,294,11.7,71,0.7
2026-10-06T09:45,245,0,330,12.4,67,0.6
2026-10-06T10:00,22,0,380,12.3,69,0.8
2026-10-06T10:15,101,0,416,13.4,66,1.1
2026-10-06T10:30,253,0,452,13,65,1.2
2026-10-06T10:45,128,0,479,13.7,68,0.5
2026-10-06T11:00,87,0,518,13.6,67,1.2
2026-10-06T11:15,358,0,487,13.5,58,1.1
2026-10-06T11:30,16,0,422,13,55,1.3
2026-10-06T11:45,77,0,628,13.6,59,1
2026-10-06T12:00,6,0,514,13.2,55,1
2026-10-06T12:15,17,0,716,14.1,49,1
2026-10-06T12:30,24,0,711,13.8,46,1.4
2026-10-06T12:45,2,0,740,14.1,46,1.3
2026-10-06T13:00,53,0,751,13.8,47,1.4
2026-10-06T13:15,51,0,664,14.5,46,1.1
2026-10-06T13:30,282,0,593,14,44,1.2
2026-10-06T13:45,271,0,611,14.7,46,1.9
2026-10-06T14:00,284,0,589,14.6,47,1.7
2026-10-06T14:15,336,0,575,14.2,48,1.3
2026-10-06T14:30,338,0,556,14.6,49,1
2026-10-06T14:45,9,0,536,14.6,49,1.5
2026-10-06T15:00,3,0,508,15.4,50,1
2026-10-06T15:15,348,0,486,14.8,50,0.8
2026-10-06T15:30,356,0,455,14.9,50,1
2026-10-06T15:45,4,0,424,14.5,49,1.2
2026-10-06T16:00,9,0,387,14.7,48,1
2026-10-06T16:15,12,0,355,14.1,49,1.3
2026-10-06T16:30,18,0,313,14.2,51,0.9
2026-10-06T16:45,150,0,271,14.4,48,0.6
2026-10-06T17:00,19,0,223,13.2,50,1.5
2026-10-06T17:15,1,0,187,13.2,52,1.1
2026-10-06T17:30,11,0,143,12.6,54,1.2
2026-10-06T17:45,10,0,69,11.7,57,0.8
2026-10-06T18:00,19,0,39,10.6,62,0.8
2026-10-06T18:15,10,0,21,10.2,65,0.3
2026-10-06T18:30,57,0,5,9.8,67,0.6
2026-10-06T18:45,41,0,0,9.5,69,0.4
2026-10-06T19:00,68,0,0,9,71,0.5
2026-10-06T19:15,96,0,0,8.9,72,0.4
2026-10-06T19:30,60,0,0,8.7,73,0.7
2026-10-06T19:45,49,0,0,8.7,74,0.5
2026-10-06T20:00,71,0,0,8.5,74,0.7
2026-10-06T20:15,139,0,0,9,72,0.9
2026-10-06T20:30,163,0,0,8.9,67,2.5
2026-10-06T20:45,90,0,0,8.8,68,1.1
2026-10-06T21:00,45,0,0,9,69,0.7
2026-10-06T21:15,41,0,0,8.7,72,0.8
2026-10-06T21:30,56,0,0,8.1,73,0.9
2026-10-06T21:45,61,0,0,8,76,0.7
2026-10-06T22:00,84,0,0,8.2,75,0.8
2026-10-06T22:15,81,0,0,8.3,73,0.5
2026-10-06T22:30,49,0,0,8.2,75,0.5
2026-10-06T22:45,98,0,0,7.8,77,0.9
2026-10-06T23:00,55,0,0,7.7,77,0.5
2026-10-06T23:15,76,0,0,8.4,73,0.7
2026-10-06T23:30,71,0,0,8.5,71,0.4
2026-10-06T23:45,74,0,0,8.3,67,0.8
2026-10-07T00:00,56,0,0,8.6,58,0.7
2026-10-07T00:15,35,0,0,8.9,55,0.3
2026-10-07T00:30,83,0,0,9.2,56,0.5
2026-10-07T00:45,30,0,0,9,55,0.6
2026-10-07T01:00,153,0,0,8.5,56,1.5
2026-10-07T01:15,178,0,0,7.4,58,1.9
2026-10-07T01:30,181,0,0,8.1,57,0.3
2026-10-07T01:45,254,0,0,8.4,53,0.4
2026-10-07T02:00,258,0,0,8,53,0.7
2026-10-07T02:15,242,0,0,7.8,53,1
2026-10-07T02:30,229,0,0,7.8,54,0.5
2026-10-07T02:45,230,0,0,8,54,0.6
2026-10-07T03:00,187,0,0,7.9,56,0.6
2026-10-07T03:15,196,0,0,8.5,53,0.3
2026-10-07T03:30,218,0,0,8.3,54,0.3
2026-10-07T03:45,333,0,0,7.9,57,0.1
2026-10-07T04:00,61,0,0,8.5,55,0.8
2026-10-07T04:15,95,0,0,8.4,53,0.8
2026-10-07T04:30,149,0,0,8.5,53,1
2026-10-07T04:45,225,0,0,8.2,53,0.3
2026-10-07T05:00,146,0,0,7.9,54,0.5
2026-10-07T05:15,64,0,0,7.8,56,0.7
2026-10-07T05:30,80,0,0,8,56,0.4
2026-10-07T05:45,119,0,0,7.4,58,0.8
2026-10-07T06:00,146,0,0,7.3,57,1.2
2026-10-07T06:15,121,0,0,7.7,57,0.9
2026-10-07T06:30,168,0,0,8,53,1
2026-10-07T06:45,215,0,0,7.1,64,1.1
2026-10-07T07:00,256,0,0,7.2,65,0.7
2026-10-07T07:15,195,0,0,7.5,60,0.9
2026-10-07T07:30,66,0,0,7.4,61,0.7
2026-10-07T07:45,68,0,9,7.3,66,0.7
2026-10-07T08:00,144,0,32,7.6,69,0.2
2026-10-07T08:15,64,0,40,8.2,68,0.6
2026-10-07T08:30,43,0,60,8.3,68,0.9
2026-10-07T08:45,32,0,71,8.5,67,0.6
2026-10-07T09:00,77,0,143,8.9,68,0.5
2026-10-07T09:15,85,0,143,8.9,66,0.4
2026-10-07T09:30,90,0,193,9.1,67,1
2026-10-07T09:45,226,0,313,10,62,1.6
2026-10-07T10:00,229,0,318,10.1,59,1.4
2026-10-07T10:15,232,0,372,10.6,58,1.4
2026-10-07T10:30,231,0,420,11,58,1.2
2026-10-07T10:45,249,0,447,12.1,53,0.7
2026-10-07T11:00,31,0,448,12.2,61,1.4
2026-10-07T11:15,24,0,519,11.9,65,1.2
2026-10-07T11:30,109,0,536,12.3,65,1.3
2026-10-07T11:45,210,0,562,12.2,61,1.3
2026-10-07T12:00,250,0,567,12.4,58,1.3
2026-10-07T12:15,246,0,511,12.8,61,1.4
2026-10-07T12:30,359,0,453,12.2,68,1.3
2026-10-07T12:45,358,0,606,12.9,66,0.9
2026-10-07T13:00,255,0,612,13.3,60,1.6
2026-10-07T13:15,315,0,649,14.2,62,0.8
2026-10-07T13:30,329,0,653,14.4,64,1.4
2026-10-07T13:45,344,0,419,13.4,67,1.4
2026-10-07T14:00,238,0,302,12.9,66,1.2
2026-10-07T14:15,351,0,295,12.7,71,1.1
2026-10-07T14:30,20,0,258,12.5,76,0.9
2026-10-07T14:45,18,0,246,12.4,78,1.2
2026-10-07T15:00,15,0,212,12.4,79,1
2026-10-07T15:15,20,0,257,12.3,80,1.2
2026-10-07T15:30,353,0,290,12.5,80,1.2
2026-10-07T15:45,359,0,234,12.4,81,1
2026-10-07T16:00,357,0,250,12.5,83,1.1
2026-10-07T16:15,5,0,194,12.3,83,1.4
2026-10-07T16:30,5,0,134,11.7,85,1.3
2026-10-07T16:45,12,0,118,11.5,87,1.4
2026-10-07T17:00,13,0,68,11.2,89,1.3
2026-10-07T17:15,15,0,73,11,90,1.7
2026-10-07T17:30,14,0,86,10.9,92,1.3
2026-10-07T17:45,21,0,62,10.6,93,1.7
2026-10-07T18:00,18,0,38,10.5,95,1.4
2026-10-07T18:15,14,0,21,10.4,96,1.4
2026-10-07T18:30,19,0,4,10.3,97,1.5
2026-10-07T18:45,22,0,0,10.2,98,1.1
2026-10-07T19:00,19,0,0,10.1,99,1.2
2026-10-07T19:15,22,0,0,10.1,99,1.1
2026-10-07T19:30,30,0,0,10.1,99,1.2
2026-10-07T19:45,42,0,0,10.1,100,1.3
2026-10-07T20:00,19,0,0,10,100,1.3
2026-10-07T20:15,25,0,0,10.1,100,1.5
2026-10-07T20:30,33,0,0,10.1,100,1.3
2026-10-07T20:45,69,0,0,10,100,0.7
2026-10-07T21:00,20,0,0,10.1,100,1.1
2026-10-07T21:15,14,0,0,10.1,100,1
2026-10-07T21:30,30,0.2,0,10,100,1.1
2026-10-07T21:45,19,0,0,9.9,100,1.5
2026-10-07T22:00,24,0,0,9.9,100,1.2
2026-10-07T22:15,25,0.2,0,9.9,100,0.9
2026-10-07T22:30,7,0,0,9.8,100,1
2026-10-07T22:45,21,0.2,0,9.7,100,1.2
2026-10-07T23:00,19,0.2,0,9.6,100,1.2
2026-10-07T23:15,25,0.2,0,9.6,100,1.5
2026-10-07T23:30,9,0.2,0,9.4,100,1
2026-10-07T23:45,7,0.4,0,9.4,100,1.2
2026-10-08T00:00,9,0.4,0,9.5,100,1.1
2026-10-08T00:15,20,0.4,0,9.4,100,1.5
2026-10-08T00:30,19,0.4,0,9.2,100,1.1
2026-10-08T00:45,18,0.2,0,9.2,100,1
2026-10-08T01:00,5,0,0,9.3,100,0.8
2026-10-08T01:15,30,0,0,9.3,100,1.1
2026-10-08T01:30,63,0,0,9.3,100,0.9
2026-10-08T01:45,29,0,0,9.3,100,1
2026-10-08T02:00,41,0,0,9.2,100,1.6
2026-10-08T02:15,37,0,0,9.2,100,1
2026-10-08T02:30,30,0,0,9.2,100,1.7
2026-10-08T02:45,43,0.2,0,9.2,100,1.2
2026-10-08T03:00,41,0,0,9.3,100,1.1
2026-10-08T03:15,42,0,0,9.3,100,1.1
2026-10-08T03:30,25,0,0,9.2,100,0.6
2026-10-08T03:45,330,0,0,9.2,100,0.7
2026-10-08T04:00,278,0,0,9.2,100,0.8
2026-10-08T04:15,229,0,0,9.2,100,0.5
2026-10-08T04:30,145,0.2,0,9.2,100,1.6
2026-10-08T04:45,110,0,0,9.2,100,0.9
2026-10-08T05:00,72,0,0,9.2,100,0.4
2026-10-08T05:15,239,0.4,0,9.2,100,0.6
2026-10-08T05:30,233,1.6,0,9.2,100,1.2
2026-10-08T05:45,270,0.2,0,9.3,100,0.7
2026-10-08T06:00,219,0,0,9.4,100,1.4
2026-10-08T06:15,231,0,0,9.7,100,1.6
2026-10-08T06:30,226,0.2,0,9.9,100,0.6
2026-10-08T06:45,131,0,0,9.9,100,0.8
2026-10-08T07:00,51,0,0,9.6,100,0.7
2026-10-08T07:15,45,0,0,9.6,100,0.6
2026-10-08T07:30,222,0,0,9.7,100,1.8
2026-10-08T07:45,212,0,0,9.8,100,2.2
2026-10-08T08:00,243,0,8,9.9,100,1.4
2026-10-08T08:15,170,0,22,10.1,100,0.8
2026-10-08T08:30,38,0,33,9.7,100,0.8
2026-10-08T08:45,30,0,48,9.7,100,0.9
2026-10-08T09:00,38,0,29,9.8,100,1
2026-10-08T09:15,15,0.2,53,9.8,100,0.9
2026-10-08T09:30,23,0,38,9.9,100,1
2026-10-08T09:45,40,0,41,9.9,100,1
2026-10-08T10:00,44,0.2,23,9.9,100,0.6
2026-10-08T10:15,15,1.8,34,9.9,100,0.9
2026-10-08T10:30,39,2,69,10.1,100,1.1
2026-10-08T10:45,18,0.4,78,10.2,100,1.6
2026-10-08T11:00,9,0.2,60,10.1,100,1.4
2026-10-08T11:15,290,0,108,10.3,100,1.3
2026-10-08T11:30,205,0.2,123,10.6,100,0.8
2026-10-08T11:45,179,0,156,10.8,100,1.7
2026-10-08T12:00,24,0,134,10.7,100,0.6
2026-10-08T12:15,262,0,115,11,100,1.6
2026-10-08T12:30,245,0,268,11.3,100,1.6
2026-10-08T12:45,255,0.2,147,11.5,100,1
2026-10-08T13:00,357,0.4,84,11.1,100,0.8
2026-10-08T13:15,271,0,160,11.1,100,2.3
2026-10-08T13:30,232,0,250,11.4,100,2
2026-10-08T13:45,252,0,361,11.9,100,1.9
2026-10-08T14:00,260,0,354,12.5,94,2.1
2026-10-08T14:15,237,0,257,12.5,91,2.1
2026-10-08T14:30,235,0,233,12.5,92,1.7
2026-10-08T14:45,229,0,275,12.4,95,1.7
2026-10-08T15:00,228,0,200,12.3,95,2.2
2026-10-08T15:15,233,0,158,12.2,95,1.7
2026-10-08T15:30,229,0,160,12,95,2.2
2026-10-08T15:45,240,0,311,12.4,94,1.9
2026-10-08T16:00,243,0,246,12.9,87,2
2026-10-08T16:15,230,0,242,12.9,88,1.8
2026-10-08T16:30,233,0,304,13.1,89,2
2026-10-08T16:45,255,0,188,12.8,87,2.1
2026-10-08T17:00,225,0,70,11.9,94,2
2026-10-08T17:15,227,0,58,11.6,98,1.8
2026-10-08T17:30,229,0,82,11.5,100,1
2026-10-08T17:45,235,0,70,11.6,100,1.3
2026-10-08T18:00,227,0,23,11.4,99,0.7
2026-10-08T18:15,336,0,3,11.3,100,0.7
2026-10-08T18:30,56,0,23,11.2,100,0.4
2026-10-08T18:45,141,0,3,11,100,0.5
2026-10-08T19:00,12,0,0,10.7,100,0.2
2026-10-08T19:15,107,0,0,10.2,100,0.8
2026-10-08T19:30,18,0,0,10,100,0.6
2026-10-08T19:45,43,0,0,10.2,100,0.6
2026-10-08T20:00,203,0,0,10,100,0.6
2026-10-08T20:15,260,0,0,9.7,100,0.6
2026-10-08T20:30,216,0,0,9.9,100,0.7
2026-10-08T20:45,244,0,0,10,100,0.7
2026-10-08T21:00,269,0,0,10.1,100,0.4
2026-10-08T21:15,,0,0,10.1,100,
2026-10-08T21:30,,0,0,10.2,100,
2026-10-08T21:45,115,0,0,10.1,100,0.2
2026-10-08T22:00,108,0,0,10.1,100,0.9
2026-10-08T22:15,137,0,0,10.1,100,1.1
2026-10-08T22:30,248,0,0,9.9,100,1.1
2026-10-08T22:45,223,0,0,9.9,100,0.3
2026-10-08T23:00,215,0,0,10,100,0.6
2026-10-08T23:15,271,0,0,10,100,1
2026-10-08T23:30,338,0,0,10.1,100,1.1
2026-10-08T23:45,286,0,0,10.3,100,1.3
2026-10-09T00:00,280,0,0,10.7,99,1.9
2026-10-09T00:15,259,0,0,10.8,92,1.3
2026-10-09T00:30,214,0,0,10.3,98,1.7
2026-10-09T00:45,276,0,0,10.1,100,1.7
2026-10-09T01:00,267,0,0,9.7,100,1.7
2026-10-09T01:15,258,0,0,9.6,100,1.5
2026-10-09T01:30,255,0,0,9.5,100,1.3
2026-10-09T01:45,222,0,0,9.4,100,1
2026-10-09T02:00,57,0,0,9.2,100,0.6
2026-10-09T02:15,227,0,0,8.9,100,1.4
2026-10-09T02:30,247,0.2,0,9.1,100,0.9
2026-10-09T02:45,131,0,0,8.9,100,0.7
2026-10-09T03:00,139,0,0,8.2,100,1.5
2026-10-09T03:15,153,0,0,8.1,100,0.9
2026-10-09T03:30,151,0,0,8.3,100,0.8
2026-10-09T03:45,134,0,0,8.6,100,1.6
2026-10-09T04:00,111,0,0,8.7,100,0.5
2026-10-09T04:15,138,0,0,8.8,99,1.6
2026-10-09T04:30,122,0,0,8.9,97,1.1
2026-10-09T04:45,123,0,0,8.4,97,1.9
2026-10-09T05:00,89,0,0,8.5,96,0.6
2026-10-09T05:15,121,0,0,8.2,97,1.4
2026-10-09T05:30,138,0,0,8.1,97,1.3
2026-10-09T05:45,77,0,0,8.3,97,0.9
2026-10-09T06:00,123,0,0,8.1,97,1.5
2026-10-09T06:15,132,0,0,8.4,96,1.4
2026-10-09T06:30,168,0,0,8.5,94,1
2026-10-09T06:45,147,0,0,8.4,93,0.7
2026-10-09T07:00,204,0,0,8.3,95,0.8
2026-10-09T07:15,230,0,0,8.3,95,1.1
2026-10-09T07:30,247,0,0,8.2,96,0.5
2026-10-09T07:45,83,0,3,8.2,97,0.2
2026-10-09T08:00,94,0,28,8.4,97,0.5
2026-10-09T08:15,58,0,27,8.5,95,0.6
2026-10-09T08:30,53,0,115,9,95,0.7
2026-10-09T08:45,40,0,166,9.3,93,0.8
2026-10-09T09:00,120,0,206,10.1,92,0.4
2026-10-09T09:15,202,0,244,9.7,90,1
2026-10-09T09:30,239,0,212,9.9,88,0.7
2026-10-09T09:45,252,0,206,9.6,86,1.2
2026-10-09T10:00,225,0,377,10.2,87,1.1
2026-10-09T10:15,26,0,436,12,83,0.5
2026-10-09T10:30,90,0,357,12.1,84,0.9
2026-10-09T10:45,106,0,297,12,80,1.3
2026-10-09T11:00,146,0,317,11.1,83,1.4
2026-10-09T11:15,150,0,490,12.7,78,0.5
2026-10-09T11:30,111,0,346,13.3,74,0.9
2026-10-09T11:45,342,0,427,12.7,76,0.8
2026-10-09T12:00,100,0,444,12.7,76,1.2
2026-10-09T12:15,26,0,488,13.3,73,0.8
2026-10-09T12:30,26,0,185,12.5,75,0.4
2026-10-09T12:45,4,0,257,12.1,78,0.5
2026-10-09T13:00,44,0,336,12.3,79,1.1
2026-10-09T13:15,6,0,291,12.3,81,0.8
2026-10-09T13:30,59,0,209,12.2,81,0.6
2026-10-09T13:45,13,0,169,12.1,82,0.5
2026-10-09T14:00,85,0,179,12.2,84,0.4
2026-10-09T14:15,55,0,193,12.6,85,0.5
2026-10-09T14:30,11,0,346,12.5,88,1.2
2026-10-09T14:45,17,0,269,12.6,88,1.2
2026-10-09T15:00,17,0,260,12.3,91,1.5
2026-10-09T15:15,17,0,226,12.2,92,1.8
2026-10-09T15:30,15,0,146,11.9,94,1.3
2026-10-09T15:45,10,0,108,11.6,95,1
2026-10-09T16:00,12,0,126,11.7,96,0.6
2026-10-09T16:15,291,0,129,11.5,91,1.1
2026-10-09T16:30,228,0,104,11.5,86,0.7
2026-10-09T16:45,17,0,74,11.8,89,0.5
2026-10-09T17:00,16,0,84,11.6,96,1.1
2026-10-09T17:15,27,0,102,11.3,97,1.6
2026-10-09T17:30,20,0,65,11.2,98,1.5
2026-10-09T17:45,17,0,32,11.1,99,1.2
2026-10-09T18:00,12,0,35,11.2,100,1
2026-10-09T18:15,18,0,26,11,100,1.3
2026-10-09T18:30,19,0,3,10.9,100,0.7
2026-10-09T18:45,354,0,0,10.6,100,0.8
2026-10-09T19:00,40,0,0,10.8,100,0.8
2026-10-09T19:15,42,0,0,10.5,100,0.5
2026-10-09T19:30,63,0,0,10.5,100,0.5
2026-10-09T19:45,129,0,0,10,100,0.5
2026-10-09T20:00,78,0,0,9.8,100,0.3
2026-10-09T20:15,,0,0,9.8,100,
2026-10-09T20:30,203,0,0,9.3,100,0.4
2026-10-09T20:45,293,0,0,9.4,100,0.2
2026-10-09T21:00,291,0,0,9.2,100,0.5
2026-10-09T21:15,203,0,0,9.2,100,0.5
2026-10-09T21:30,159,0,0,9,100,0.3
2026-10-09T21:45,32,0,0,9.2,100,0.6
2026-10-09T22:00,28,0,0,9,100,0.3
2026-10-09T22:15,315,0,0,8.8,100,0.2
2026-10-09T22:30,193,0,0,9.2,100,0.3
2026-10-09T22:45,185,0,0,9.6,100,0.9
2026-10-09T23:00,158,0,0,9.5,100,0.2
2026-10-09T23:15,16,0,0,9.1,99,0.3
2026-10-09T23:30,,0,0,9,100,
2026-10-09T23:45,205,0,0,9.1,100,0.2
2026-10-10T00:00,244,0,0,8.8,100,0.3
2026-10-10T00:15,322,0,0,8.8,100,0.3
2026-10-10T00:30,158,0,0,8.5,100,1
2026-10-10T00:45,97,0,0,8.7,100,0.6
2026-10-10T01:00,233,0,0,8.5,100,0.5
2026-10-10T01:15,233,0,0,8.3,100,0.8
2026-10-10T01:30,254,0,0,8.7,100,0.7
2026-10-10T01:45,234,0,0,8.9,100,0.4
2026-10-10T02:00,257,0,0,9.1,100,0.9
2026-10-10T02:15,271,0,0,8.8,100,0.4
2026-10-10T02:30,258,0,0,8.7,100,0.5
2026-10-10T02:45,266,0,0,8.7,100,0.8
2026-10-10T03:00,237,0,0,8.4,100,0.3
2026-10-10T03:15,250,0,0,8.5,100,0.6
2026-10-10T03:30,236,0,0,8.6,100,0.4
2026-10-10T03:45,38,0,0,8.5,100,0.6
2026-10-10T04:00,9,0,0,8.5,100,0.2
2026-10-10T04:15,110,0,0,8.4,100,0.4
2026-10-10T04:30,,0,0,8.7,100,
2026-10-10T04:45,42,0,0,9,100,0.2
2026-10-10T05:00,84,0,0,9,100,0.3
2026-10-10T05:15,65,0,0,9.1,100,0.3
2026-10-10T05:30,337,0,0,9.2,100,0.3
2026-10-10T05:45,115,0,0,9.2,100,0.5
2026-10-10T06:00,52,0,0,9.2,100,0.4
2026-10-10T06:15,97,0,0,9.1,100,0.3
2026-10-10T06:30,129,0,0,9.1,100,0.8
2026-10-10T06:45,143,0,0,9,100,1.3
2026-10-10T07:00,152,0,0,9.1,100,0.5
2026-10-10T07:15,152,0,0,9.1,100,0.4
2026-10-10T07:30,70,0,0,9.2,100,0.5
2026-10-10T07:45,24,0,0,9.1,100,0.4
2026-10-10T08:00,87,0,18,9.1,100,0.4
2026-10-10T08:15,328,0,26,9.4,100,0.3
2026-10-10T08:30,113,0,37,9.3,100,0.7
2026-10-10T08:45,108,0,31,9.3,100,0.8
2026-10-10T09:00,101,0,39,9.3,100,0.7
2026-10-10T09:15,38,0,64,9.4,100,0.3
2026-10-10T09:30,110,0,91,9.5,100,0.4
2026-10-10T09:45,81,0,158,10,100,0.6
2026-10-10T10:00,62,0,286,10.3,100,0.7
2026-10-10T10:15,93,0,370,11.2,98,1.1
2026-10-10T10:30,168,0,269,10.7,95,1.1
2026-10-10T10:45,263,0,263,10.4,97,0.8
2026-10-10T11:00,227,0,161,10.3,97,0.2
2026-10-10T11:15,256,0,259,11.1,95,0.4
2026-10-10T11:30,259,0,334,11.3,90,2
2026-10-10T11:45,243,0,212,10.9,91,1.4
2026-10-10T12:00,226,0,326,11.1,90,1.5
2026-10-10T12:15,208,0,433,11.9,88,2
2026-10-10T12:30,238,0,486,12.2,82,1.6
2026-10-10T12:45,214,0,423,12.6,79,2.3
2026-10-10T13:00,240,0,436,12.7,78,2.7
2026-10-10T13:15,237,0,446,12.6,79,2.4
2026-10-10T13:30,217,0,431,12.5,81,2.5
2026-10-10T13:45,223,0,388,12.4,83,2.2
2026-10-10T14:00,219,0,428,12.2,83,2.8
2026-10-10T14:15,219,0,415,12.6,81,2.5
2026-10-10T14:30,234,0,466,12.8,78,2.5
2026-10-10T14:45,247,0,449,12.9,74,2.7
2026-10-10T15:00,213,0,451,13.1,76,2.3
2026-10-10T15:15,212,0,455,13.3,77,2.4
2026-10-10T15:30,212,0,371,12.8,80,2.6
2026-10-10T15:45,209,0,265,12.2,84,2.7
2026-10-10T16:00,218,0,233,11.9,86,1.6
2026-10-10T16:15,222,0,191,12.1,84,0.5
2026-10-10T16:30,244,0,159,11.8,83,2.3
2026-10-10T16:45,232,0,141,11.4,90,1.9
2026-10-10T17:00,256,0,96,11,92,3.1
2026-10-10T17:15,235,0,86,10.6,97,1.9
2026-10-10T17:30,233,0,59,10.7,97,1.6
2026-10-10T17:45,228,0,43,10.5,98,1.2
2026-10-10T18:00,251,0,40,10.4,98,1.3
2026-10-10T18:15,247,0,16,10.2,99,1.6
2026-10-10T18:30,249,0,7,10,100,1.8
2026-10-10T18:45,252,0,0,9.8,100,2
2026-10-10T19:00,261,0,0,9.6,100,0.9
2026-10-10T19:15,271,0,0,9.4,100,0.5
2026-10-10T19:30,330,0,0,9.2,100,0.3
2026-10-10T19:45,231,0,0,9,100,0.2
2026-10-10T20:00,243,0,0,8.8,100,0.2
2026-10-10T20:15,238,0,0,8.8,100,0.9
2026-10-10T20:30,258,0,0,8.6,100,1
2026-10-10T20:45,263,0,0,8.5,100,1
2026-10-10T21:00,245,0,0,8.3,100,1.7
2026-10-10T21:15,246,0,0,8.4,100,1.4
2026-10-10T21:30,255,0,0,8.5,100,1.4
2026-10-10T21:45,267,0,0,8.4,100,1.2
2026-10-10T22:00,248,0,0,8.3,100,1.4
2026-10-10T22:15,251,0,0,8.1,100,1.3
2026-10-10T22:30,249,,,,,
2026-10-10T22:45,246,,,,,
