datetime,DVENTO,PREC,RADSOL,TEMP,UMID,VVENTO
2026-09-11T00:00,354,0,0,8.9,97,1.2
2026-09-11T00:15,350,0,0,8.9,98,1.2
2026-09-11T00:30,335,0,0,9.1,97,1
2026-09-11T00:45,333,0,0,9.2,95,1.4
2026-09-11T01:00,329,0,0,9.3,93,1.7
2026-09-11T01:15,19,0,0,9.1,93,0.9
2026-09-11T01:30,14,0,0,8.9,94,1.3
2026-09-11T01:45,20,0,0,8.9,95,1
2026-09-11T02:00,355,0,0,8.9,95,0.9
2026-09-11T02:15,347,0,0,8.6,94,0.8
2026-09-11T02:30,30,0,0,8.7,94,0.9
2026-09-11T02:45,24,0,0,8.2,95,1.4
2026-09-11T03:00,339,0,0,7.9,96,1.1
2026-09-11T03:15,11,0,0,7.9,96,0.6
2026-09-11T03:30,5,0,0,7.6,97,1.1
2026-09-11T03:45,356,0,0,7.9,98,0.9
2026-09-11T04:00,9,0,0,7.9,97,1.3
2026-09-11T04:15,339,0,0,8.1,96,1.1
2026-09-11T04:30,17,0,0,8,95,1.4
2026-09-11T04:45,8,0,0,7.9,96,0.5
2026-09-11T05:00,318,0,0,8.2,96,0.9
2026-09-11T05:15,329,0,0,8.3,94,1.4
2026-09-11T05:30,343,0,0,8.3,93,0.7
2026-09-11T05:45,354,0,0,8,93,1.1
2026-09-11T06:00,336,0,0,8.1,94,1.1
2026-09-11T06:15,17,0,0,8.2,93,1.1
2026-09-11T06:30,6,0,0,7.9,94,1.1
2026-09-11T06:45,34,0,0,8.2,93,0.7
2026-09-11T07:00,325,0,0,8,94,1
2026-09-11T07:15,8,0,10,8.2,94,0.5
2026-09-11T07:30,20,0,24,8,94,1
2026-09-11T07:45,342,0,21,7.8,94,0.4
2026-09-11T08:00,19,0,23,7.7,94,0.6
2026-09-11T08:15,332,0,26,7.9,94,0.8
2026-09-11T08:30,341,0,50,8.8,93,0.3
2026-09-11T08:45,123,0,163,11,88,1
2026-09-11T09:00,108,0,325,11.1,87,1.7
2026-09-11T09:15,117,0,370,11.8,84,1.3
2026-09-11T09:30,146,0,412,11.6,86,1.2
2026-09-11T09:45,130,0,458,11.7,83,1.4
2026-09-11T10:00,126,0,499,11.7,80,1.4
2026-09-11T10:15,122,0,539,12.2,80,1.3
2026-09-11T10:30,137,0,575,13,81,1.6
2026-09-11T10:45,128,0,612,12.9,81,1.8
2026-09-11T11:00,142,0,649,13,77,1.3
2026-09-11T11:15,161,0,675,13.6,76,1
2026-09-11T11:30,138,0,705,13.7,76,1.5
2026-09-11T11:45,131,0,724,14,75,1.9
2026-09-11T12:00,128,0,754,14.7,75,2.4
2026-09-11T12:15,116,0,796,14.4,74,2.4
2026-09-11T12:30,129,0,853,14.7,73,3.1
2026-09-11T12:45,118,0,656,13.7,76,3.1
2026-09-11T13:00,139,0,817,14.5,75,2.9
2026-09-11T13:15,118,0,801,14.4,75,2.9
2026-09-11T13:30,112,0,686,14.2,76,2.3
2026-09-11T13:45,131,0,705,14.6,76,2.8
2026-09-11T14:00,132,0,364,14.3,72,1.6
2026-09-11T14:15,116,0,432,14.4,73,1.5
2026-09-11T14:30,136,0,604,15.1,72,2.1
2026-09-11T14:45,137,0,682,15.2,70,2.5
2026-09-11T15:00,127,0,686,15.3,70,2.8
2026-09-11T15:15,135,0,602,15.5,67,3.1
2026-09-11T15:30,130,0,562,15.7,67,2.9
2026-09-11T15:45,128,0,715,16.2,65,3.8
2026-09-11T16:00,136,0,670,16.1,63,3.6
2026-09-11T16:15,129,0,632,15.9,62,4.4
2026-09-11T16:30,133,0,412,15.4,63,3.7
2026-09-11T16:45,133,0,367,15.2,66,3.5
2026-09-11T17:00,132,0,121,14.5,67,2.5
2026-09-11T17:15,130,0,102,14.3,69,2.9
2026-09-11T17:30,113,0,215,14.3,70,2.3
2026-09-11T17:45,117,0,137,14.3,70,2.5
2026-09-11T18:00,121,0,113,14.1,69,2.8
2026-09-11T18:15,79,0,83,14,70,2.7
2026-09-11T18:30,78,0,79,14,70,1.4
2026-09-11T18:45,76,0,51,13.7,73,1.7
2026-09-11T19:00,36,0,31,13.4,74,1.2
2026-09-11T19:15,43,0,20,12.7,78,1.3
2026-09-11T19:30,9,0,2,12.2,81,1.2
2026-09-11T19:45,35,0,0,12.2,82,1.1
2026-09-11T20:00,356,0,0,12.2,83,0.5
2026-09-11T20:15,27,0,0,12.2,84,0.7
2026-09-11T20:30,349,0,0,11.7,84,1
2026-09-11T20:45,352,0,0,11.5,86,1.1
2026-09-11T21:00,20,0,0,11.7,86,0.4
2026-09-11T21:15,354,0,0,11.3,86,0.6
2026-09-11T21:30,23,0,0,11.1,87,0.8
2026-09-11T21:45,358,0,0,10.9,88,1
2026-09-11T22:00,350,0,0,10.7,90,0.7
2026-09-11T22:15,1,0,0,10.8,90,0.6
2026-09-11T22:30,37,0,0,10.8,90,0.7
2026-09-11T22:45,0,0,0,10.8,90,0.8
2026-09-11T23:00,180,0,0,10.9,89,0.1
2026-09-11T23:15,12,0,0,10.6,89,0.8
2026-09-11T23:30,358,0,0,10.2,90,0.7
2026-09-11T23:45,14,0,0,10.1,91,0.5
2026-09-12T00:00,38,0,0,10,92,0.9
2026-09-12T00:15,29,0,0,10,92,0.7
2026-09-12T00:30,15,0,0,10.4,92,0.4
2026-09-12T00:45,352,0,0,10.3,92,0.3
2026-09-12T01:00,327,0,0,10.2,90,0.4
2026-09-12T01:15,331,0,0,10,90,0.5
2026-09-12T01:30,77,0,0,10,91,0.6
2026-09-12T01:45,62,0,0,9.5,91,0.8
2026-09-12T02:00,353,0,0,9.3,91,0.5
2026-09-12T02:15,20,0,0,9.3,91,0.3
2026-09-12T02:30,357,0,0,9.5,93,0.6
2026-09-12T02:45,352,0,0,9.6,93,0.1
2026-09-12T03:00,307,0,0,9.8,92,0.9
2026-09-12T03:15,318,0,0,9.7,91,1
2026-09-12T03:30,356,0,0,9.4,91,0.6
2026-09-12T03:45,341,0,0,9.2,93,0.6
2026-09-12T04:00,12,0,0,9.5,94,0.4
2026-09-12T04:15,317,0,0,9.6,94,0.9
2026-09-12T04:30,30,0,0,9.6,93,0.8
2026-09-12T04:45,30,0,0,9.1,92,1.3
2026-09-12T05:00,315,0,0,8.9,93,0.4
2026-09-12T05:15,332,0,0,8.8,94,0.6
2026-09-12T05:30,354,0,0,8.6,93,0.5
2026-09-12T05:45,349,0,0,8.5,94,0.8
2026-09-12T06:00,358,0,0,8.5,95,0.5
2026-09-12T06:15,336,0,0,8.8,94,0
2026-09-12T06:30,355,0,0,9.1,92,0.1
2026-09-12T06:45,355,0,0,9.2,91,0.3
2026-09-12T07:00,89,0,0,9.3,90,0.2
2026-09-12T07:15,276,0,0,9.3,90,0.2
2026-09-12T07:30,48,0,5,9.4,89,0.2
2026-09-12T07:45,,0,25,9.3,90,
2026-09-12T08:00,,0,49,9.3,90,
2026-09-12T08:15,,0,85,9.5,91,
2026-09-12T08:30,94,0,87,9.9,89,0
2026-09-12T08:45,131,0,170,11.5,84,0.8
2026-09-12T09:00,121,0,325,11.5,79,1.7
2026-09-12T09:15,138,0,374,12.1,80,1.2
2026-09-12T09:30,174,0,407,12.3,78,1.4
2026-09-12T09:45,199,0,437,12.2,75,0.6
2026-09-12T10:00,146,0,488,12.7,75,1.7
2026-09-12T10:15,124,0,528,12.8,74,1.5
2026-09-12T10:30,135,0,565,13.3,72,1.5
2026-09-12T10:45,117,0,599,13.4,68,1.8
2026-09-12T11:00,155,0,629,13.9,67,1.6
2026-09-12T11:15,131,0,657,14.4,63,1.6
2026-09-12T11:30,161,0,686,14.9,62,1.5
2026-09-12T11:45,133,0,709,14.9,60,1.9
2026-09-12T12:00,165,0,731,15.2,61,1.6
2026-09-12T12:15,177,0,746,15.5,58,1.3
2026-09-12T12:30,161,0,755,15.6,58,1.7
2026-09-12T12:45,141,0,767,16.4,58,1.8
2026-09-12T13:00,141,0,776,16.7,54,2.3
2026-09-12T13:15,153,0,780,16.8,57,2
2026-09-12T13:30,153,0,777,16.9,58,2.2
2026-09-12T13:45,127,0,776,16.6,57,3.1
2026-09-12T14:00,118,0,765,16.3,56,2.8
2026-09-12T14:15,122,0,759,16.3,54,2.7
2026-09-12T14:30,126,0,746,16.5,52,2.4
2026-09-12T14:45,125,0,728,16.8,52,3.4
2026-09-12T15:00,122,0,706,16.8,51,2.3
2026-09-12T15:15,125,0,683,16.8,51,3.4
2026-09-12T15:30,117,0,656,16.8,50,3.3
2026-09-12T15:45,117,0,626,16.5,48,3.5
2026-09-12T16:00,116,0,592,16.4,49,3.1
2026-09-12T16:15,107,0,557,16.3,50,3.3
2026-09-12T16:30,112,0,517,16.3,51,2.7
2026-09-12T16:45,107,0,479,16.2,51,3
2026-09-12T17:00,114,0,441,16,51,2.6
2026-09-12T17:15,118,0,397,16,49,2.4
2026-09-12T17:30,70,0,353,15.6,49,1.7
2026-09-12T17:45,74,0,307,15.4,48,1.7
2026-09-12T18:00,89,0,261,15.2,47,1.9
2026-09-12T18:15,92,0,188,15,47,1.2
2026-09-12T18:30,49,0,27,14.2,50,1.8
2026-09-12T18:45,22,0,22,13.7,52,1.5
2026-09-12T19:00,29,0,17,12.8,58,1.6
2026-09-12T19:15,18,0,0,12.2,62,1.7
2026-09-12T19:30,15,0,0,11.9,66,1.1
2026-09-12T19:45,355,0,0,11.5,68,0.7
2026-09-12T20:00,16,0,0,11.2,70,1.2
2026-09-12T20:15,8,0,0,11.1,71,1.3
2026-09-12T20:30,352,0,0,11,71,0.7
2026-09-12T20:45,6,0,0,10.8,72,0.6
2026-09-12T21:00,8,0,0,10.7,73,0.8
2026-09-12T21:15,11,0,0,10.6,74,0.9
2026-09-12T21:30,6,0,0,10.5,75,1.2
2026-09-12T21:45,22,0,0,10.5,75,1
2026-09-12T22:00,351,0,0,10.4,75,0.8
2026-09-12T22:15,358,0,0,10.5,75,0.9
2026-09-12T22:30,4,0,0,10.4,75,0.6
2026-09-12T22:45,350,0,0,10.4,75,0.7
2026-09-12T23:00,24,0,0,10.3,76,0.7
2026-09-12T23:15,21,0,0,10.3,76,0.9
2026-09-12T23:30,316,0,0,10.7,75,0.7
2026-09-12T23:45,354,0,0,10.6,75,0.6
2026-09-13T00:00,35,0,0,10.7,74,0.8
2026-09-13T00:15,330,0,0,10.7,74,0.9
2026-09-13T00:30,357,0,0,10.4,74,0.7
2026-09-13T00:45,17,0,0,10,76,0.6
2026-09-13T01:00,323,0,0,10.2,76,0.2
2026-09-13T01:15,13,0,0,9.9,77,0.7
2026-09-13T01:30,351,0,0,9.9,77,0.5
2026-09-13T01:45,341,0,0,9.9,77,0.3
2026-09-13T02:00,355,0,0,9.6,78,0.7
2026-09-13T02:15,353,0,0,9.4,79,0.4
2026-09-13T02:30,39,0,0,9.3,79,0.7
2026-09-13T02:45,4,0,0,8.9,81,1
2026-09-13T03:00,339,0,0,9.2,81,0.5
2026-09-13T03:15,355,0,0,9.1,80,0.6
2026-09-13T03:30,340,0,0,9,81,0.6
2026-09-13T03:45,38,0,0,9,81,0.9
2026-09-13T04:00,9,0,0,8.8,82,0.3
2026-09-13T04:15,339,0,0,9,82,0.3
2026-09-13T04:30,341,0,0,9,82,0.8
2026-09-13T04:45,355,0,0,9,83,0.4
2026-09-13T05:00,36,0,0,9.1,83,0.7
2026-09-13T05:15,33,0,0,9.3,81,0.7
2026-09-13T05:30,328,0,0,9.3,81,0.8
2026-09-13T05:45,318,0,0,9.3,81,0.6
2026-09-13T06:00,10,0,0,9,81,1
2026-09-13T06:15,34,0,0,8.8,82,0.7
2026-09-13T06:30,348,0,0,8.7,82,0.6
2026-09-13T06:45,5,0,0,8.7,83,0.5
2026-09-13T07:00,31,0,0,8.9,82,0.3
2026-09-13T07:15,22,0,3,8.9,83,0.6
2026-09-13T07:30,50,0,32,9.2,82,0.3
2026-09-13T07:45,308,0,55,9.4,82,1
2026-09-13T08:00,329,0,66,9.7,81,0.6
2026-09-13T08:15,303,0,63,9.9,80,0.8
2026-09-13T08:30,67,0,93,10,80,1.5
2026-09-13T08:45,90,0,154,11.1,78,1.2
2026-09-13T09:00,146,0,305,11.9,74,1
2026-09-13T09:15,232,0,207,11.5,74,0.7
2026-09-13T09:30,155,0,137,11.8,75,0.1
2026-09-13T09:45,112,0,321,12,74,0.4
2026-09-13T10:00,128,0,439,13,71,1
2026-09-13T10:15,140,0,450,13.6,70,1
2026-09-13T10:30,155,0,554,14.3,69,1.3
2026-09-13T10:45,138,0,592,14.9,67,2
2026-09-13T11:00,149,0,620,15,65,1.9
2026-09-13T11:15,135,0,648,15,63,2.1
2026-09-13T11:30,133,0,672,15.2,59,1.6
2026-09-13T11:45,142,0,693,15.7,60,1.6
2026-09-13T12:00,158,0,706,15.9,60,1.2
2026-09-13T12:15,134,0,732,16.4,58,1.7
2026-09-13T12:30,137,0,674,16.3,55,1.7
2026-09-13T12:45,138,0,698,16,56,1.5
2026-09-13T13:00,145,0,749,17,55,1.7
2026-09-13T13:15,135,0,733,16.7,55,2.3
2026-09-13T13:30,138,0,752,17,54,2.3
2026-09-13T13:45,126,0,727,16.8,55,2.6
2026-09-13T14:00,129,0,707,16.8,56,2.5
2026-09-13T14:15,128,0,712,16.9,56,2.6
2026-09-13T14:30,127,0,726,17,55,3
2026-09-13T14:45,114,0,646,16.8,55,2.7
2026-09-13T15:00,132,0,690,17.2,55,2.9
2026-09-13T15:15,126,0,673,17.2,54,2.5
2026-09-13T15:30,119,0,634,17.4,55,2.7
2026-09-13T15:45,120,0,630,17.6,55,3
2026-09-13T16:00,124,0,577,17.5,54,2.6
2026-09-13T16:15,111,0,550,17.1,55,2.3
2026-09-13T16:30,120,0,527,17,56,2.6
2026-09-13T16:45,101,0,456,16.4,56,2.2
2026-09-13T17:00,99,0,357,15.8,58,2.4
2026-09-13T17:15,97,0,291,15.6,60,2
2026-09-13T17:30,87,0,212,15.3,61,1.8
2026-09-13T17:45,85,0,165,15.2,63,1.8
2026-09-13T18:00,88,0,164,15.2,64,1.1
2026-09-13T18:15,73,0,125,15,65,1
2026-09-13T18:30,50,0,86,14.9,66,0.8
2026-09-13T18:45,18,0,60,14.8,68,0.9
2026-09-13T19:00,12,0,37,14.3,71,0.9
2026-09-13T19:15,345,0,16,13.8,72,0.8
2026-09-13T19:30,5,0,0,13.4,74,1.2
2026-09-13T19:45,25,0,0,13.1,76,0.9
2026-09-13T20:00,11,0,0,12.8,78,1.1
2026-09-13T20:15,33,0,0,12.7,80,1.2
2026-09-13T20:30,4,0,0,12.5,81,0.8
2026-09-13T20:45,339,0,0,12.5,81,0.9
2026-09-13T21:00,31,0,0,12.5,81,1
2026-09-13T21:15,53,0,0,12.5,81,0.7
2026-09-13T21:30,326,0,0,12.5,81,0.7
2026-09-13T21:45,15,0,0,12.6,82,0.1
2026-09-13T22:00,30,0,0,12.5,83,0.9
2026-09-13T22:15,345,0,0,12.4,83,0.7
2026-09-13T22:30,10,0,0,12.4,84,0.7
2026-09-13T22:45,327,0,0,12.5,83,0.7
2026-09-13T23:00,347,0,0,12.7,81,0.2
2026-09-13T23:15,13,0,0,12.8,81,0.4
2026-09-13T23:30,349,0,0,12.7,80,0.7
2026-09-13T23:45,124,0,0,12.6,80,0.4
2026-09-14T00:00,94,0,0,12.2,80,0.6
2026-09-14T00:15,61,0,0,12,82,0.5
2026-09-14T00:30,346,0,0,12,83,0.4
2026-09-14T00:45,318,0,0,12.2,83,0.4
2026-09-14T01:00,66,0,0,12.2,82,0.6
2026-09-14T01:15,344,0,0,12.1,81,1.1
2026-09-14T01:30,11,0,0,12.3,80,0.7
2026-09-14T01:45,80,0,0,12.4,79,0.7
2026-09-14T02:00,63,0,0,12.2,79,1.4
2026-09-14T02:15,67,0,0,12,80,0.9
2026-09-14T02:30,327,0,0,12,79,1.3
2026-09-14T02:45,73,0,0,11.9,80,0.7
2026-09-14T03:00,111,0,0,11.9,78,0.6
2026-09-14T03:15,283,0,0,12.1,77,1.2
2026-09-14T03:30,309,0,0,12.8,73,0.5
2026-09-14T03:45,347,0,0,13.1,71,0.5
2026-09-14T04:00,64,0,0,13.2,70,0.9
2026-09-14T04:15,291,0,0,13,71,0.7
2026-09-14T04:30,281,0,0,14,66,1.3
2026-09-14T04:45,241,0,0,12.3,73,0.7
2026-09-14T05:00,3,0,0,11.5,79,0.6
2026-09-14T05:15,278,0,0,11.8,78,0.7
2026-09-14T05:30,63,0,0,11.8,79,1
2026-09-14T05:45,44,0,0,11.4,81,0.8
2026-09-14T06:00,285,0,0,11.6,79,1.2
2026-09-14T06:15,299,0,0,11.9,78,0.5
2026-09-14T06:30,,0,0,12.4,75,
2026-09-14T06:45,4,0,0,12.4,74,0.9
2026-09-14T07:00,322,0,0,12.4,76,1.1
2026-09-14T07:15,328,0,0,12.5,77,0.8
2026-09-14T07:30,311,0,10,12.7,73,1.1
2026-09-14T07:45,63,0,31,12.5,75,0.3
2026-09-14T08:00,120,0,54,12.5,75,0.1
2026-09-14T08:15,323,0,67,12.8,75,0.5
2026-09-14T08:30,310,0,92,13.3,71,0.8
2026-09-14T08:45,82,0,127,13.6,71,0.4
2026-09-14T09:00,129,0,156,13.6,72,0.6
2026-09-14T09:15,13,0,259,14.4,68,1
2026-09-14T09:30,129,0,492,15.6,70,2.5
2026-09-14T09:45,129,0,558,16,66,2.9
2026-09-14T10:00,102,0,572,17,57,4.1
2026-09-14T10:15,95,0,587,18,45,3.9
2026-09-14T10:30,86,0,618,18.2,42,4.3
2026-09-14T10:45,80,0,640,18.5,40,4.2
2026-09-14T11:00,127,0,665,18.1,51,6.1
2026-09-14T11:15,125,0,681,17.3,59,5.7
2026-09-14T11:30,129,0,698,17.1,61,3.2
2026-09-14T11:45,124,0,742,17.7,60,4.6
2026-09-14T12:00,135,0,752,18,58,4
2026-09-14T12:15,125,0,773,18.2,54,5
2026-09-14T12:30,131,0,783,18.5,53,5.3
2026-09-14T12:45,124,0,794,18.8,51,4.7
2026-09-14T13:00,131,0,802,19,50,4.8
2026-09-14T13:15,133,0,794,19.4,49,4.2
2026-09-14T13:30,139,0,797,19.3,47,5
2026-09-14T13:45,139,0,813,19.9,46,4.4
2026-09-14T14:00,135,0,815,20.3,44,4.7
2026-09-14T14:15,126,0,492,19.2,45,4.5
2026-09-14T14:30,133,0,801,19.5,45,4.9
2026-09-14T14:45,134,0,721,19.7,45,4.6
2026-09-14T15:00,135,0,606,19.2,46,3.8
2026-09-14T15:15,134,0,692,19.6,46,4.3
2026-09-14T15:30,135,0,519,19,45,4.5
2026-09-14T15:45,138,0,424,18.7,46,4.7
2026-09-14T16:00,130,0,222,18.2,47,2.7
2026-09-14T16:15,134,0,449,18.4,49,5.1
2026-09-14T16:30,127,0,288,18,48,4.9
2026-09-14T16:45,133,0,322,17.8,49,4.3
2026-09-14T17:00,124,0,441,18.2,47,4.9
2026-09-14T17:15,118,0,291,17.6,48,5.1
2026-09-14T17:30,138,0,291,17.6,48,3.9
2026-09-14T17:45,138,0,203,17.4,50,3.2
2026-09-14T18:00,155,0,131,17.4,51,2.2
2026-09-14T18:15,162,0,53,17,52,2.1
2026-09-14T18:30,174,0,39,16.9,52,1.5
2026-09-14T18:45,244,0,27,16.6,53,1.2
2026-09-14T19:00,340,0,21,16.2,55,0.8
2026-09-14T19:15,323,0,3,15.2,59,1.4
2026-09-14T19:30,314,0,0,15,61,1.3
2026-09-14T19:45,315,0,0,14.7,62,1.4
2026-09-14T20:00,308,0,0,14.8,61,0.9
2026-09-14T20:15,324,0,0,14.4,63,0.7
2026-09-14T20:30,327,0,0,14.1,64,1.3
2026-09-14T20:45,331,0,0,13.9,65,1
2026-09-14T21:00,59,0,0,13.8,66,0.7
2026-09-14T21:15,24,0,0,12.9,69,0.9
2026-09-14T21:30,315,0,0,13.1,70,0.1
2026-09-14T21:45,348,0,0,13.1,70,0.5
2026-09-14T22:00,337,0,0,13,70,0.8
2026-09-14T22:15,323,0,0,13.1,70,0.9
2026-09-14T22:30,35,0,0,12.7,71,1
2026-09-14T22:45,11,0,0,12.2,72,0.9
2026-09-14T23:00,10,0,0,12.2,73,1
2026-09-14T23:15,10,0,0,12.2,73,0.7
2026-09-14T23:30,18,0,0,12.3,72,0.9
2026-09-14T23:45,27,0,0,12.2,73,1.2
2026-09-15T00:00,7,0,0,11.9,73,1
2026-09-15T00:15,1,0,0,11.6,75,1.1
2026-09-15T00:30,15,0,0,11.5,75,0.9
2026-09-15T00:45,355,0,0,11.6,74,0.7
2026-09-15T01:00,333,0,0,11.7,73,0.7
2026-09-15T01:15,333,0,0,11.9,72,0.6
2026-09-15T01:30,323,0,0,11.9,71,0.4
2026-09-15T01:45,6,0,0,11.4,72,0.5
2026-09-15T02:00,17,0,0,11.1,74,1
2026-09-15T02:15,9,0,0,11,75,1.1
2026-09-15T02:30,353,0,0,11.1,76,0.6
2026-09-15T02:45,337,0,0,11.5,74,0.6
2026-09-15T03:00,357,0,0,11.2,75,0.6
2026-09-15T03:15,12,0,0,11.1,75,0.7
2026-09-15T03:30,14,0,0,10.9,76,1.1
2026-09-15T03:45,9,0,0,10.7,77,0.9
2026-09-15T04:00,1,0,0,10.6,78,0.9
2026-09-15T04:15,340,0,0,11.1,77,0.7
2026-09-15T04:30,46,0,0,11.1,76,1
2026-09-15T04:45,18,0,0,10.4,77,0.9
2026-09-15T05:00,347,0,0,10.3,79,0.6
2026-09-15T05:15,338,0,0,10.6,77,0.7
2026-09-15T05:30,2,0,0,10.4,78,0.8
2026-09-15T05:45,18,0,0,10.4,79,0.6
2026-09-15T06:00,19,0,0,10,79,0.8
2026-09-15T06:15,14,0,0,10.2,80,0.7
2026-09-15T06:30,324,0,0,10.5,78,0.3
2026-09-15T06:45,348,0,0,10.1,78,0.4
2026-09-15T07:00,3,0,0,9.8,80,0.9
2026-09-15T07:15,355,0,0,9.8,81,0.5
2026-09-15T07:30,2,0,0,9.7,82,0.6
2026-09-15T07:45,38,0,16,9.9,82,0.5
2026-09-15T08:00,33,0,21,9.9,82,0.8
2026-09-15T08:15,27,0,24,9.8,82,0.9
2026-09-15T08:30,54,0,29,10.2,82,0.7
2026-09-15T08:45,86,0,125,12.8,76,0.6
2026-09-15T09:00,133,0,308,13.3,73,0.8
2026-09-15T09:15,141,0,352,13.7,70,0.7
2026-09-15T09:30,144,0,393,14.4,68,1.4
2026-09-15T09:45,167,0,435,14.6,68,1.2
2026-09-15T10:00,175,0,475,14.6,67,1
2026-09-15T10:15,168,0,514,14.9,66,0.9
2026-09-15T10:30,135,0,551,15,66,1.7
2026-09-15T10:45,124,0,584,15.2,65,1.4
2026-09-15T11:00,129,0,614,15.6,64,1.2
2026-09-15T11:15,135,0,641,16.1,64,1.4
2026-09-15T11:30,151,0,668,16.3,62,1.5
2026-09-15T11:45,134,0,679,16.5,62,1.9
2026-09-15T12:00,130,0,709,16.7,61,1.7
2026-09-15T12:15,143,0,720,17,60,1.6
2026-09-15T12:30,147,0,732,17.1,60,2.2
2026-09-15T12:45,146,0,741,17.4,60,2.1
2026-09-15T13:00,129,0,746,17.4,58,1.8
2026-09-15T13:15,136,0,749,17.5,59,2
2026-09-15T13:30,144,0,748,17.6,59,1.7
2026-09-15T13:45,143,0,747,17.7,60,1.7
2026-09-15T14:00,123,0,737,17.7,59,2.3
2026-09-15T14:15,135,0,725,18.1,59,2.3
2026-09-15T14:30,122,0,711,17.9,60,2.6
2026-09-15T14:45,130,0,695,18.2,61,3.2
2026-09-15T15:00,122,0,675,18,61,3
2026-09-15T15:15,126,0,652,18.1,61,2.6
2026-09-15T15:30,118,0,628,17.9,62,3
2026-09-15T15:45,113,0,597,17.8,62,2.2
2026-09-15T16:00,111,0,562,17.8,62,2.3
2026-09-15T16:15,112,0,527,17.6,63,3.1
2026-09-15T16:30,109,0,489,17.4,65,2.8
2026-09-15T16:45,103,0,450,17.2,65,2.4
2026-09-15T17:00,100,0,410,17,65,1.6
2026-09-15T17:15,60,0,364,16.8,66,1
2026-09-15T17:30,73,0,319,16.6,66,1.2
2026-09-15T17:45,106,0,273,16.7,67,1.4
2026-09-15T18:00,35,0,225,16.6,67,1.1
2026-09-15T18:15,50,0,127,16,68,1.2
2026-09-15T18:30,50,0,26,15.4,72,1.3
2026-09-15T18:45,51,0,21,14.9,76,1.3
2026-09-15T19:00,23,0,8,14.5,79,1.2
2026-09-15T19:15,30,0,0,14.2,80,1.1
2026-09-15T19:30,18,0,0,13.8,82,1.2
2026-09-15T19:45,7,0,0,13.6,83,1.2
2026-09-15T20:00,8,0,0,13.3,84,1.2
2026-09-15T20:15,6,0,0,13.2,85,0.9
2026-09-15T20:30,357,0,0,13,86,0.6
2026-09-15T20:45,2,0,0,12.9,87,0.7
2026-09-15T21:00,5,0,0,12.8,88,0.2
2026-09-15T21:15,330,0,0,13,88,0.7
2026-09-15T21:30,341,0,0,12.8,88,0.5
2026-09-15T21:45,358,0,0,12.6,89,0.6
2026-09-15T22:00,13,0,0,12.6,89,0.5
2026-09-15T22:15,357,0,0,12.6,90,0.3
2026-09-15T22:30,310,0,0,12.8,89,0.2
2026-09-15T22:45,323,0,0,12.6,89,0.6
2026-09-15T23:00,4,0,0,12.3,90,0.9
2026-09-15T23:15,9,0,0,12.1,91,0.8
2026-09-15T23:30,330,0,0,12.2,91,0.6
2026-09-15T23:45,352,0,0,12,91,0.7
2026-09-16T00:00,341,0,0,12,92,0.5
2026-09-16T00:15,349,0,0,12,92,0.5
2026-09-16T00:30,353,0,0,11.9,92,0.7
2026-09-16T00:45,9,0,0,11.9,93,0.6
2026-09-16T01:00,339,0,0,11.9,93,0.2
2026-09-16T01:15,349,0,0,12,93,0.3
2026-09-16T01:30,321,0,0,12.1,93,0.4
2026-09-16T01:45,322,0,0,12,92,0.4
2026-09-16T02:00,120,0,0,11.8,92,0.3
2026-09-16T02:15,65,0,0,11.2,92,0.5
2026-09-16T02:30,0,0,0,11.1,94,0.7
2026-09-16T02:45,356,0,0,11.3,96,0.1
2026-09-16T03:00,,0,0,11.5,95,
2026-09-16T03:15,80,0,0,11.6,95,0.5
2026-09-16T03:30,,0,0,11.6,94,
2026-09-16T03:45,,0,0,11.7,94,
2026-09-16T04:00,,0,0,11.7,93,
2026-09-16T04:15,,0,0,11.6,93,
2026-09-16T04:30,,0,0,11.6,94,
2026-09-16T04:45,,0,0,11.7,95,
2026-09-16T05:00,70,0,0,11.7,95,0.1
2026-09-16T05:15,60,0,0,11.6,95,0.9
2026-09-16T05:30,,0,0,11.7,95,
2026-09-16T05:45,142,0,0,11.8,93,0.2
2026-09-16T06:00,144,0,0,11.9,93,0.1
2026-09-16T06:15,126,0,0,11.9,92,0.4
2026-09-16T06:30,270,0,0,11.7,91,2.2
2026-09-16T06:45,283,0,0,11.6,92,1.8
2026-09-16T07:00,91,0,0,11.7,93,0.7
2026-09-16T07:15,,0,0,11.7,93,
2026-09-16T07:30,261,0,0,11.6,93,0.1
2026-09-16T07:45,50,0,0,11.6,93,0.6
2026-09-16T08:00,75,0,16,11.6,93,0.5
2026-09-16T08:15,266,0,35,11.6,93,0.1
2026-09-16T08:30,226,0,45,11.7,92,0.3
2026-09-16T08:45,226,0,61,11.9,91,0
2026-09-16T09:00,126,0,110,12.2,90,0.4
2026-09-16T09:15,128,0,136,12.4,90,0.9
2026-09-16T09:30,102,0,127,12.4,89,0.7
2026-09-16T09:45,117,0,123,12.6,89,0.7
2026-09-16T10:00,196,0,133,12.9,88,0.7
2026-09-16T10:15,242,0,164,12.9,86,0.8
2026-09-16T10:30,148,0,189,13.6,86,0.7
2026-09-16T10:45,133,0,277,14.2,84,0.6
2026-09-16T11:00,129,0,394,14.7,82,1.7
2026-09-16T11:15,134,0,392,14.8,80,1.7
2026-09-16T11:30,169,0,433,15.1,78,0.8
2026-09-16T11:45,216,0,626,15.6,76,0.8
2026-09-16T12:00,125,0,712,16.7,73,2.4
2026-09-16T12:15,164,0,743,17.9,69,1.8
2026-09-16T12:30,140,0,744,17.8,65,1.8
2026-09-16T12:45,123,0,649,17.9,64,2
2026-09-16T13:00,164,0,550,17.6,64,1.3
2026-09-16T13:15,130,0,436,17.5,65,1.3
2026-09-16T13:30,152,0,497,17.7,65,0.9
2026-09-16T13:45,132,0,503,18.5,65,1.5
2026-09-16T14:00,149,0,600,18.4,64,1.8
2026-09-16T14:15,118,0,771,18.5,61,2.6
2026-09-16T14:30,127,0,727,18.9,54,2.9
2026-09-16T14:45,126,0,720,19,49,3.6
2026-09-16T15:00,133,0,702,19.2,46,3.6
2026-09-16T15:15,131,0,659,19,51,3.6
2026-09-16T15:30,130,0,631,18.8,53,3.5
2026-09-16T15:45,120,0,518,18.6,53,2.7
2026-09-16T16:00,119,0,385,17.8,54,1.9
2026-09-16T16:15,116,0,560,17.9,55,3.5
2026-09-16T16:30,116,0,517,17.8,60,3
2026-09-16T16:45,128,0,448,17.5,61,2.7
2026-09-16T17:00,109,0,387,17.5,62,2
2026-09-16T17:15,111,0,369,17.1,65,3.1
2026-09-16T17:30,98,0,305,16.7,66,2.4
2026-09-16T17:45,95,0,249,16.2,69,3.5
2026-09-16T18:00,88,0,224,16.1,70,2.7
2026-09-16T18:15,119,0,132,15.9,71,2.7
2026-09-16T18:30,75,0,56,15.4,74,2
2026-09-16T18:45,41,0,38,15.1,76,1.5
2026-09-16T19:00,29,0,14,15.1,77,1.4
2026-09-16T19:15,79,0,0,15.1,77,1.1
2026-09-16T19:30,100,0,0,14.8,78,1.3
2026-09-16T19:45,135,0,0,14.6,80,1.7
2026-09-16T20:00,115,0,0,14.2,82,2.3
2026-09-16T20:15,124,0,0,13.8,84,2.4
2026-09-16T20:30,93,0,0,13.3,87,1.5
2026-09-16T20:45,98,0,0,13.1,89,2
2026-09-16T21:00,84,0,0,12.9,90,1.2
2026-09-16T21:15,40,0,0,12.8,91,1.3
2026-09-16T21:30,45,0.8,0,12.8,93,1.1
2026-09-16T21:45,288,1.2,0,12.4,90,2
2026-09-16T22:00,301,0.8,0,11.7,82,4.1
2026-09-16T22:15,300,0.2,0,11.5,81,4.1
2026-09-16T22:30,300,0.4,0,11.2,82,1.6
2026-09-16T22:45,313,0.4,0,10.6,89,1.1
2026-09-16T23:00,309,0,0,10.2,91,2.6
2026-09-16T23:15,330,0,0,10.3,90,1.9
2026-09-16T23:30,352,0,0,10.1,91,1.4
2026-09-16T23:45,32,0,0,10.1,92,1
2026-09-17T00:00,20,0,0,9.9,93,1.4
2026-09-17T00:15,43,0,0,10,95,1
2026-09-17T00:30,97,0,0,10,95,0.4
2026-09-17T00:45,86,0,0,9.4,96,0.8
2026-09-17T01:00,95,0,0,9.6,97,0.7
2026-09-17T01:15,34,0,0,9.7,97,0.7
2026-09-17T01:30,320,0.8,0,10,97,1.4
2026-09-17T01:45,40,1.2,0,10,96,1.7
2026-09-17T02:00,89,0.4,0,9.7,97,1.4
2026-09-17T02:15,352,1,0,9.6,99,1.3
2026-09-17T02:30,298,1,0,9.9,98,1.9
2026-09-17T02:45,41,0.6,0,9.8,98,1.7
2026-09-17T03:00,2,0.6,0,9.7,99,1.1
2026-09-17T03:15,2,0.4,0,9.7,99,1.1
2026-09-17T03:30,27,0.2,0,9.8,99,1.1
2026-09-17T03:45,336,0,0,9.9,98,0.8
2026-09-17T04:00,357,0,0,10,97,0.8
2026-09-17T04:15,123,0.2,0,9.9,97,1.4
2026-09-17T04:30,180,0.2,0,9.5,99,0.9
2026-09-17T04:45,306,0,0,9.4,100,1.7
2026-09-17T05:00,112,0.2,0,9.4,100,1.1
2026-09-17T05:15,203,0,0,9.4,100,0.7
2026-09-17T05:30,295,0,0,9.4,100,1
2026-09-17T05:45,348,0.4,0,9.4,100,1.2
2026-09-17T06:00,126,0.2,0,9.4,100,1
2026-09-17T06:15,330,0,0,9.4,100,0.8
2026-09-17T06:30,292,0,0,9.4,100,1
2026-09-17T06:45,286,0,0,9.5,100,1.7
2026-09-17T07:00,344,0,0,9.5,100,1.7
2026-09-17T07:15,301,0,0,9.7,100,2.5
2026-09-17T07:30,21,0,0,9.5,99,1.1
2026-09-17T07:45,93,0,13,9.5,99,0.7
2026-09-17T08:00,314,0,49,9.5,100,0.5
2026-09-17T08:15,103,0,76,9.6,100,1.3
2026-09-17T08:30,73,0,136,9.9,100,1.1
2026-09-17T08:45,91,0,92,10.1,99,0.9
2026-09-17T09:00,153,0,154,10.5,97,0.2
2026-09-17T09:15,150,0,182,10.9,98,1.1
2026-09-17T09:30,144,0,253,11.1,94,0.9
2026-09-17T09:45,154,0,198,11.3,93,0.4
2026-09-17T10:00,138,0,374,11.9,94,1.3
2026-09-17T10:15,148,0,527,13.1,94,1.3
2026-09-17T10:30,140,0,517,13,89,2
2026-09-17T10:45,140,0,613,13.1,85,1.2
2026-09-17T11:00,138,0,636,13.5,82,1.2
2026-09-17T11:15,166,0,605,13.7,82,1.7
2026-09-17T11:30,125,0,750,14,78,1.9
2026-09-17T11:45,125,0,741,14.3,76,1.7
2026-09-17T12:00,151,0,785,14.7,78,3
2026-09-17T12:15,126,0,780,14.2,79,3.3
2026-09-17T12:30,117,0,823,13.9,78,2.3
2026-09-17T12:45,127,0,838,14.3,77,3.3
2026-09-17T13:00,153,0,835,15.3,73,2.2
2026-09-17T13:15,142,0,798,15,69,2.6
2026-09-17T13:30,124,0,890,15.2,72,3.6
2026-09-17T13:45,138,0,882,15.6,72,4
2026-09-17T14:00,124,0,954,15.6,70,3.6
2026-09-17T14:15,130,0,974,16.2,69,4.2
2026-09-17T14:30,134,0,814,15.9,66,4.4
2026-09-17T14:45,128,0,875,16.3,66,4.7
2026-09-17T15:00,136,0,656,15.8,64,3.8
2026-09-17T15:15,130,0,776,16.1,64,4
2026-09-17T15:30,111,0,767,16,64,2.9
2026-09-17T15:45,100,0,690,15.6,65,3.5
2026-09-17T16:00,130,0,664,15.9,65,3.8
2026-09-17T16:15,127,0,612,15.7,64,3.7
2026-09-17T16:30,105,0,357,14.7,66,2.7
2026-09-17T16:45,107,0,403,14.6,67,1.6
2026-09-17T17:00,76,0,232,14.3,69,1.6
2026-09-17T17:15,86,0,195,13.8,72,1.2
2026-09-17T17:30,85,0,173,13.6,73,2.3
2026-09-17T17:45,114,0,114,13.4,72,2.3
2026-09-17T18:00,94,0,84,13.1,72,1.7
2026-09-17T18:15,69,0,63,12.9,74,0.9
2026-09-17T18:30,115,0,61,12.7,77,1
2026-09-17T18:45,93,0,44,12.4,79,1.2
2026-09-17T19:00,110,0,25,12.1,82,1.3
2026-09-17T19:15,6,0,0,11.8,84,0.7
2026-09-17T19:30,40,0,0,11.5,85,1.2
2026-09-17T19:45,34,0,0,11.1,87,1.3
2026-09-17T20:00,50,0,0,11,89,1.1
2026-09-17T20:15,38,0,0,11,90,1
2026-09-17T20:30,19,0,0,11.1,90,0.5
2026-09-17T20:45,44,0,0,11.1,90,0.6
2026-09-17T21:00,19,0,0,10.9,91,0.9
2026-09-17T21:15,26,0,0,10.7,92,0.8
2026-09-17T21:30,354,0,0,10.4,92,0.8
2026-09-17T21:45,357,0,0,10.2,93,0.8
2026-09-17T22:00,19,0,0,10.3,94,0.6
2026-09-17T22:15,13,0,0,10.5,95,0.6
2026-09-17T22:30,332,0,0,10.4,95,0.7
2026-09-17T22:45,24,0,0,10.3,95,0.7
2026-09-17T23:00,72,0,0,10.4,95,0.4
2026-09-17T23:15,358,0,0,10.5,95,0.1
2026-09-17T23:30,12,0,0,10.3,95,0.4
2026-09-17T23:45,1,0,0,10.1,95,0.3
2026-09-18T00:00,83,0,0,9.9,95,0.5
2026-09-18T00:15,314,0,0,9.9,96,0.7
2026-09-18T00:30,94,0,0,10,95,0.5
2026-09-18T00:45,,0,0,9.9,95,
2026-09-18T01:00,,0,0,9.7,95,
2026-09-18T01:15,,0,0,10,96,
2026-09-18T01:30,,0,0,9.9,95,
2026-09-18T01:45,95,0,0,9.8,95,0.2
2026-09-18T02:00,348,0,0,9.7,95,0.8
2026-09-18T02:15,316,0,0,9.9,95,0.8
2026-09-18T02:30,312,0,0,9.9,94,0.2
2026-09-18T02:45,339,0,0,9.7,94,0.3
2026-09-18T03:00,334,0,0,9.6,94,0.5
2026-09-18T03:15,32,0,0,9.4,94,0.9
2026-09-18T03:30,292,0,0,9.3,94,0.1
2026-09-18T03:45,336,0,0,9,94,0.6
2026-09-18T04:00,22,0,0,8.9,94,0.7
2026-09-18T04:15,12,0,0,8.7,95,1.1
2026-09-18T04:30,322,0,0,8.6,95,0.8
2026-09-18T04:45,342,0,0,8.6,95,0.3
2026-09-18T05:00,351,0,0,8.7,95,0.6
2026-09-18T05:15,3,0,0,8.7,95,0.8
2026-09-18T05:30,318,0,0,9.1,95,0.7
2026-09-18T05:45,319,0,0,9.2,93,1.2
2026-09-18T06:00,0,0,0,9.1,93,0.9
2026-09-18T06:15,19,0,0,8.9,93,0.8
2026-09-18T06:30,44,0,0,8.7,93,1.3
2026-09-18T06:45,316,0,0,8.7,94,0.9
2026-09-18T07:00,309,0,0,8.7,93,1.4
2026-09-18T07:15,10,0,0,8.6,92,0.9
2026-09-18T07:30,285,0,20,8.4,93,0.6
2026-09-18T07:45,287,0,29,8.4,94,0.9
2026-09-18T08:00,140,0,42,8.6,92,0.1
2026-09-18T08:15,16,0,61,8.5,93,0.5
2026-09-18T08:30,104,0,117,9,95,1.1
2026-09-18T08:45,55,0,114,9.3,95,0.6
2026-09-18T09:00,200,0,262,10.3,93,1
2026-09-18T09:15,252,0,359,10.4,90,0.9
2026-09-18T09:30,142,0,424,12,86,1.8
2026-09-18T09:45,138,0,493,12.2,83,1.3
2026-09-18T10:00,141,0,496,12.7,80,1.7
2026-09-18T10:15,139,0,470,13,77,2.8
2026-09-18T10:30,135,0,183,11.6,79,1.4
2026-09-18T10:45,136,0,232,11.3,83,0.9
2026-09-18T11:00,115,0,383,11.9,80,1.2
2026-09-18T11:15,137,0,325,12.1,78,1.5
2026-09-18T11:30,104,0,231,11.5,82,1.2
2026-09-18T11:45,129,0,205,11.5,83,0.3
2026-09-18T12:00,123,0,167,11.6,83,0.7
2026-09-18T12:15,141,0,170,11.6,85,0.7
2026-09-18T12:30,133,0,159,11.6,84,0.9
2026-09-18T12:45,127,0,138,11.6,83,0.5
2026-09-18T13:00,119,0,163,12.1,82,1
2026-09-18T13:15,134,0,152,11.8,84,1.1
2026-09-18T13:30,125,0,197,11.7,86,1.2
2026-09-18T13:45,134,0,202,11.9,84,1.1
2026-09-18T14:00,123,0,153,11.7,83,0.6
2026-09-18T14:15,116,0.2,173,11.6,85,0.4
2026-09-18T14:30,133,0,181,11.4,90,0.9
2026-09-18T14:45,135,0,415,11.6,91,0.7
2026-09-18T15:00,141,0,451,12.4,86,1.3
2026-09-18T15:15,129,0,285,12.3,86,1.2
2026-09-18T15:30,144,0,243,12.3,85,1
2026-09-18T15:45,135,0,189,12.2,87,0.9
2026-09-18T16:00,166,0,140,12.4,85,0.6
2026-09-18T16:15,145,0,49,12.1,88,0.6
2026-09-18T16:30,92,0.2,19,11.7,89,0.6
2026-09-18T16:45,176,0.8,18,11,94,1
2026-09-18T17:00,287,1.8,21,10.8,96,2
2026-09-18T17:15,304,1.2,131,10.4,91,2.8
2026-09-18T17:30,116,0,166,10.8,93,1.6
2026-09-18T17:45,82,0,95,10.2,96,0.6
2026-09-18T18:00,267,0,107,10.1,96,0.5
2026-09-18T18:15,214,0,69,10.4,94,0.5
2026-09-18T18:30,288,0,48,10.2,95,0.3
2026-09-18T18:45,320,0,31,10.3,95,0.1
2026-09-18T19:00,16,0,20,10.3,96,1
2026-09-18T19:15,40,0,2,10.2,95,0.8
2026-09-18T19:30,338,0,0,9.9,95,1
2026-09-18T19:45,356,0,0,9.7,95,0.9
2026-09-18T20:00,7,0,0,9.6,96,1.2
2026-09-18T20:15,19,0,0,9.5,96,0.7
2026-09-18T20:30,22,0,0,9.5,97,0.9
2026-09-18T20:45,357,0,0,9.4,97,0.4
2026-09-18T21:00,309,0,0,9.3,96,1.8
2026-09-18T21:15,325,0,0,9.5,95,1.3
2026-09-18T21:30,355,0,0,9.5,96,1.1
2026-09-18T21:45,350,0,0,9.5,96,0.4
2026-09-18T22:00,70,0,0,9.5,96,0.6
2026-09-18T22:15,331,0,0,9.4,96,0.7
2026-09-18T22:30,326,0,0,9.4,96,0.4
2026-09-18T22:45,308,0,0,9.4,95,0.6
2026-09-18T23:00,5,0,0,9.4,95,0.5
2026-09-18T23:15,355,0,0,9.4,96,0.4
2026-09-18T23:30,335,0,0,9.4,95,0.9
2026-09-18T23:45,337,0,0,9.5,95,0.7
2026-09-19T00:00,8,0,0,9.4,95,0.7
2026-09-19T00:15,346,0,0,9.3,95,0.6
2026-09-19T00:30,340,0,0,9.2,94,0.5
2026-09-19T00:45,325,0,0,8.9,94,1.2
2026-09-19T01:00,337,0,0,8.9,94,1
2026-09-19T01:15,24,0,0,8.7,94,0.4
2026-09-19T01:30,1,0,0,8.5,95,0.8
2026-09-19T01:45,25,0,0,8.6,95,0.5
2026-09-19T02:00,11,0,0,8.7,95,1
2026-09-19T02:15,342,0,0,8.8,96,0.6
2026-09-19T02:30,325,0,0,8.9,95,1.1
2026-09-19T02:45,351,0,0,8.5,94,1.2
2026-09-19T03:00,39,0,0,8.4,94,0.8
2026-09-19T03:15,16,0,0,8.4,95,0.7
2026-09-19T03:30,2,0,0,8.3,95,1
2026-09-19T03:45,3,0,0,8.4,95,1
2026-09-19T04:00,27,0,0,8.4,94,0.9
2026-09-19T04:15,34,0,0,8.4,94,0.8
2026-09-19T04:30,327,0,0,8.2,93,1.1
2026-09-19T04:45,312,0,0,8.4,92,0.7
2026-09-19T05:00,349,0,0,8.1,93,0.5
2026-09-19T05:15,348,0,0,8,94,0.6
2026-09-19T05:30,327,0,0,8.4,94,1.3
2026-09-19T05:45,331,0,0,8.6,92,1.4
2026-09-19T06:00,8,0,0,8.3,93,1.1
2026-09-19T06:15,20,0,0,8,94,0.7
2026-09-19T06:30,13,0,0,7.9,94,0.5
2026-09-19T06:45,16,0,0,7.8,94,0.9
2026-09-19T07:00,14,0,0,7.9,93,0.9
2026-09-19T07:15,351,0,0,7.8,94,0.9
2026-09-19T07:30,330,0,0,8.3,92,1
2026-09-19T07:45,4,0,18,8.2,91,0.3
2026-09-19T08:00,351,0,24,8,93,0.7
2026-09-19T08:15,337,0,31,8.4,93,0.8
2026-09-19T08:30,51,0,38,8.6,92,0.6
2026-09-19T08:45,93,0,90,10.2,87,0.6
2026-09-19T09:00,144,0,291,11.4,82,0.5
2026-09-19T09:15,168,0,328,11.9,82,0.4
2026-09-19T09:30,145,0,353,12.1,83,0.8
2026-09-19T09:45,166,0,424,12.3,80,1.1
2026-09-19T10:00,150,0,470,12.8,78,0.8
2026-09-19T10:15,178,0,504,13.1,77,1.3
2026-09-19T10:30,136,0,532,13.6,75,1.3
2026-09-19T10:45,144,0,527,13.8,72,1.4
2026-09-19T11:00,140,0,574,13.9,71,1.6
2026-09-19T11:15,135,0,647,14.2,70,1.5
2026-09-19T11:30,144,0,668,14.2,67,1.1
2026-09-19T11:45,142,0,692,14.5,68,1.6
2026-09-19T12:00,134,0,711,14.7,67,1.8
2026-09-19T12:15,151,0,733,15,65,1.7
2026-09-19T12:30,136,0,747,15,62,1.6
2026-09-19T12:45,130,0,761,15,60,1.6
2026-09-19T13:00,128,0,784,15.4,61,2.5
2026-09-19T13:15,139,0,784,16,60,2.2
2026-09-19T13:30,127,0,775,16,62,2.9
2026-09-19T13:45,136,0,772,16.2,62,3
2026-09-19T14:00,129,0,756,16.1,58,2.4
2026-09-19T14:15,133,0,753,16.5,59,2.7
2026-09-19T14:30,130,0,740,16.6,58,3.1
2026-09-19T14:45,129,0,717,16.5,62,3.4
2026-09-19T15:00,131,0,695,16.7,61,3.1
2026-09-19T15:15,120,0,675,16.6,60,2.6
2026-09-19T15:30,128,0,654,16.9,60,2.5
2026-09-19T15:45,126,0,531,16.6,59,2.8
2026-09-19T16:00,125,0,575,16.6,59,3.1
2026-09-19T16:15,121,0,513,16.5,59,3
2026-09-19T16:30,119,0,489,16.4,60,2.8
2026-09-19T16:45,117,0,433,16,60,2.9
2026-09-19T17:00,100,0,196,15.5,60,1.9
2026-09-19T17:15,102,0,85,14.9,63,2.1
2026-09-19T17:30,107,0,75,14.9,63,1.3
2026-09-19T17:45,3,0,62,14.8,64,0.8
2026-09-19T18:00,24,0,52,14.6,66,1.4
2026-09-19T18:15,37,0,50,14.2,69,1.3
2026-09-19T18:30,353,0,31,13.6,72,0.9
2026-09-19T18:45,28,0,24,13.3,74,0.5
2026-09-19T19:00,4,0,10,12.8,76,0.8
2026-09-19T19:15,10,0,0,12.4,78,0.8
2026-09-19T19:30,8,0,0,12.2,80,1.2
2026-09-19T19:45,23,0,0,11.9,82,1
2026-09-19T20:00,350,0,0,11.6,83,0.7
2026-09-19T20:15,317,0,0,11.6,83,1.7
2026-09-19T20:30,317,0,0,11.8,82,1.7
2026-09-19T20:45,352,0,0,11.9,81,1
2026-09-19T21:00,332,0,0,11.7,82,0.6
2026-09-19T21:15,50,0,0,11.5,82,0.7
2026-09-19T21:30,343,0,0,11.5,83,0.3
2026-09-19T21:45,333,0,0,11.4,84,0.8
2026-09-19T22:00,339,0,0,11.3,84,0.7
2026-09-19T22:15,2,0,0,11.3,84,0.7
2026-09-19T22:30,354,0,0,11.1,84,0.6
2026-09-19T22:45,357,0,0,10.9,85,0.9
2026-09-19T23:00,5,0,0,10.6,86,1
2026-09-19T23:15,10,0,0,10.5,88,0.8
2026-09-19T23:30,356,0,0,10.6,88,0.9
2026-09-19T23:45,342,0,0,10.8,88,0.8
2026-09-20T00:00,335,0,0,11,86,1.1
2026-09-20T00:15,70,0,0,11,86,0.9
2026-09-20T00:30,8,0,0,10.4,86,1.3
2026-09-20T00:45,12,0,0,10.5,87,0.5
2026-09-20T01:00,347,0,0,10.6,86,0.4
2026-09-20T01:15,326,0,0,10.6,86,0.8
2026-09-20T01:30,6,0,0,10.5,85,0.5
2026-09-20T01:45,2,0,0,10.2,87,0.4
2026-09-20T02:00,24,0,0,10.1,88,0.5
2026-09-20T02:15,357,0,0,10.1,88,0.3
2026-09-20T02:30,11,0,0,9.9,88,0.5
2026-09-20T02:45,353,0,0,10,88,0.4
2026-09-20T03:00,331,0,0,10,88,0.8
2026-09-20T03:15,28,0,0,10.4,87,0.4
2026-09-20T03:30,43,0,0,10.2,87,0.8
2026-09-20T03:45,335,0,0,10.2,87,0.5
2026-09-20T04:00,350,0,0,10,88,0.8
2026-09-20T04:15,341,0,0,10.2,87,0.2
2026-09-20T04:30,58,0,0,10.1,87,1.1
2026-09-20T04:45,10,0,0,9.9,88,0.7
2026-09-20T05:00,324,0,0,10.1,87,0.9
2026-09-20T05:15,337,0,0,10,87,0.8
2026-09-20T05:30,0,0,0,9.6,87,0.8
2026-09-20T05:45,325,0,0,9.8,88,0.5
2026-09-20T06:00,19,0,0,9.6,88,0.7
2026-09-20T06:15,54,0,0,9.4,88,0.8
2026-09-20T06:30,327,0,0,9.5,88,0.6
2026-09-20T06:45,1,0,0,9.6,85,0.6
2026-09-20T07:00,332,0,0,9.2,87,0.8
2026-09-20T07:15,322,0,0,9.7,86,0.8
2026-09-20T07:30,2,0,1,9.6,87,0.9
2026-09-20T07:45,30,0,20,9.6,87,0.9
2026-09-20T08:00,22,0,30,9.5,87,0.7
2026-09-20T08:15,38,0,35,9.8,87,1
2026-09-20T08:30,13,0,38,9.8,87,0.8
2026-09-20T08:45,71,0,76,12,82,0.8
2026-09-20T09:00,152,0,252,13.3,78,0.6
2026-09-20T09:15,138,0,338,13.9,74,0.6
2026-09-20T09:30,168,0,381,14.1,72,0.8
2026-09-20T09:45,123,0,403,14.5,69,0.9
2026-09-20T10:00,132,0,394,14.5,65,1.4
2026-09-20T10:15,134,0,462,14.1,66,1.3
2026-09-20T10:30,152,0,516,15,67,1.2
2026-09-20T10:45,156,0,558,15.4,67,1
2026-09-20T11:00,148,0,588,16.2,65,1.7
2026-09-20T11:15,127,0,619,15.6,63,1.6
2026-09-20T11:30,137,0,637,16.1,64,1.6
2026-09-20T11:45,133,0,656,16.6,63,1.9
2026-09-20T12:00,164,0,678,16.9,60,1.5
2026-09-20T12:15,151,0,697,17.5,58,1.5
2026-09-20T12:30,146,0,709,17.3,58,1.7
2026-09-20T12:45,140,0,714,17.2,59,2.2
2026-09-20T13:00,151,0,724,17.7,56,1.2
2026-09-20T13:15,140,0,723,18.4,55,1.6
2026-09-20T13:30,140,0,724,18.3,53,1.7
2026-09-20T13:45,147,0,723,18.2,50,1.8
2026-09-20T14:00,159,0,683,18.8,50,1
2026-09-20T14:15,157,0,684,19.1,48,1.7
2026-09-20T14:30,130,0,598,18.6,51,2
2026-09-20T14:45,120,0,603,18.5,51,2.2
2026-09-20T15:00,114,0,513,18.4,52,1.7
2026-09-20T15:15,131,0,593,18.6,52,1.8
2026-09-20T15:30,137,0,574,18.8,52,1.9
2026-09-20T15:45,119,0,484,18.2,52,2.3
2026-09-20T16:00,118,0,350,18.1,52,1.3
2026-09-20T16:15,117,0,473,18.2,52,1.4
2026-09-20T16:30,98,0,341,17.5,53,1.7
2026-09-20T16:45,96,0,402,17.4,54,1.9
2026-09-20T17:00,53,0,295,17.1,56,1.3
2026-09-20T17:15,35,0,355,17.6,55,1.1
2026-09-20T17:30,62,0,364,17.6,54,1
2026-09-20T17:45,70,0,254,17.8,54,0.8
2026-09-20T18:00,65,0,130,17.4,55,0.6
2026-09-20T18:15,68,0,97,16.8,60,0.5
2026-09-20T18:30,50,0,78,15.8,67,1.1
2026-09-20T18:45,59,0,51,15.7,69,1.3
2026-09-20T19:00,47,0,23,15.3,71,0.8
2026-09-20T19:15,11,0,2,14.8,73,1.1
2026-09-20T19:30,58,0,0,14.4,76,1.2
2026-09-20T19:45,332,0,0,14.1,77,1.1
2026-09-20T20:00,11,0,0,13.9,79,0.8
2026-09-20T20:15,348,0,0,13.9,79,0.9
2026-09-20T20:30,349,0,0,13.6,80,0.8
2026-09-20T20:45,338,0,0,13.4,80,0.9
2026-09-20T21:00,2,0,0,13.3,81,0.9
2026-09-20T21:15,320,0,0,13,81,1.3
2026-09-20T21:30,9,0,0,12.9,81,1
2026-09-20T21:45,357,0,0,12.9,81,0.9
2026-09-20T22:00,35,0,0,13.4,77,1.1
2026-09-20T22:15,324,0,0,13.4,71,1.4
2026-09-20T22:30,321,0,0,13.2,73,0.2
2026-09-20T22:45,323,0,0,12.9,70,1
2026-09-20T23:00,337,0,0,12.9,69,0.6
2026-09-20T23:15,350,0,0,13,68,0.5
2026-09-20T23:30,349,0,0,13.4,62,0.8
2026-09-20T23:45,7,0,0,13.5,59,1.1
2026-09-21T00:00,345,0,0,13.9,55,1.7
2026-09-21T00:15,315,0,0,14.8,48,2.2
2026-09-21T00:30,309,0,0,14.9,46,1.7
2026-09-21T00:45,283,0,0,14.5,47,0.7
2026-09-21T01:00,313,0,0,14.7,44,2.2
2026-09-21T01:15,303,0,0,15.3,42,3.3
2026-09-21T01:30,328,0,0,14.2,44,2.2
2026-09-21T01:45,306,0,0,14.7,43,2
2026-09-21T02:00,14,0,0,14.2,44,1.4
2026-09-21T02:15,331,0,0,14.2,44,2.2
2026-09-21T02:30,329,0,0,14.8,42,2.8
2026-09-21T02:45,299,0,0,14.8,40,3.3
2026-09-21T03:00,317,0,0,14.1,42,2.2
2026-09-21T03:15,9,0,0,13.8,43,1.8
2026-09-21T03:30,300,0,0,13.5,44,2.5
2026-09-21T03:45,281,0,0,13.6,44,3.2
2026-09-21T04:00,286,0,0,13.6,44,3.9
2026-09-21T04:15,278,0,0,13.4,44,3.5
2026-09-21T04:30,295,0,0,13.4,45,3.8
2026-09-21T04:45,287,0,0,13.4,44,4.2
2026-09-21T05:00,279,0,0,13.5,43,6
2026-09-21T05:15,285,0,0,13.5,43,6.3
2026-09-21T05:30,294,0,0,13.7,41,5.3
2026-09-21T05:45,285,0,0,13.9,39,4.1
2026-09-21T06:00,285,0,0,13.1,41,3.8
2026-09-21T06:15,284,0,0,12.8,41,4.2
2026-09-21T06:30,307,0,0,12.5,41,3.8
2026-09-21T06:45,305,0,0,12.9,40,4.1
2026-09-21T07:00,289,0,0,13.4,38,3.7
2026-09-21T07:15,292,0,0,13.4,38,3.2
2026-09-21T07:30,312,0,8,13.8,36,1.7
2026-09-21T07:45,317,0,27,13,39,1.6
2026-09-21T08:00,338,0,40,12.8,41,1.1
2026-09-21T08:15,313,0,60,12.8,42,1
2026-09-21T08:30,340,0,62,12.8,44,1.1
2026-09-21T08:45,337,0,71,12.8,45,0.1
2026-09-21T09:00,319,0,85,12.9,47,0.9
2026-09-21T09:15,38,0,106,13.2,46,1
2026-09-21T09:30,41,0,110,13.5,46,0.7
2026-09-21T09:45,34,0,109,13.4,48,0.6
2026-09-21T10:00,290,0,143,13.6,49,0.3
2026-09-21T10:15,266,0,193,13.7,52,0.9
2026-09-21T10:30,53,0,206,13.5,52,0.8
2026-09-21T10:45,114,0,223,14.2,52,0.4
2026-09-21T11:00,119,0,243,14.3,54,0.4
2026-09-21T11:15,175,0,240,14.4,51,0.4
2026-09-21T11:30,248,0,240,14.2,50,0.7
2026-09-21T11:45,122,0,242,14.3,59,0.5
2026-09-21T12:00,189,0,425,14.6,54,0.7
2026-09-21T12:15,142,0,552,15.4,49,1.1
2026-09-21T12:30,131,0,570,15.1,46,1.3
2026-09-21T12:45,144,0,498,15,42,1.1
2026-09-21T13:00,142,0,556,15.5,42,1
2026-09-21T13:15,145,0,594,15.8,43,1.4
2026-09-21T13:30,137,0,610,15.5,42,1.5
2026-09-21T13:45,142,0,677,16.2,42,1.7
2026-09-21T14:00,141,0,625,16.4,42,1.5
2026-09-21T14:15,126,0,672,16.3,41,2
2026-09-21T14:30,138,0,668,17.2,38,1.1
2026-09-21T14:45,159,0,677,18,38,1
2026-09-21T15:00,177,0,639,18.7,39,1.1
2026-09-21T15:15,160,0,621,19.2,38,1.1
2026-09-21T15:30,125,0,519,18.8,37,0.7
2026-09-21T15:45,133,0,552,18.7,39,1.5
2026-09-21T16:00,123,0,492,17,39,2.6
2026-09-21T16:15,30,0,451,16.8,39,1.8
2026-09-21T16:30,100,0,418,16.3,41,2.5
2026-09-21T16:45,118,0,378,16.9,42,2.7
2026-09-21T17:00,121,0,320,16.4,43,1.4
2026-09-21T17:15,87,0,325,16.5,43,1.4
2026-09-21T17:30,8,0,278,16.8,42,0.9
2026-09-21T17:45,79,0,235,16.3,42,2.5
2026-09-21T18:00,69,0,162,15.9,44,1.5
2026-09-21T18:15,53,0,73,15.5,47,1.7
2026-09-21T18:30,37,0,49,15,49,1.6
2026-09-21T18:45,14,0,33,14.1,54,0.9
2026-09-21T19:00,359,0,14,13.8,55,1.1
2026-09-21T19:15,18,0,0,13.9,53,1.3
2026-09-21T19:30,17,0,0,13.7,40,0.8
2026-09-21T19:45,12,0,0,13.8,36,1.2
2026-09-21T20:00,352,0,0,13.9,34,1.4
2026-09-21T20:15,356,0,0,13.6,34,1.1
2026-09-21T20:30,295,0,0,13.5,29,1.2
2026-09-21T20:45,6,0,0,13.9,23,1.9
2026-09-21T21:00,52,0,0,14.8,14,3
2026-09-21T21:15,35,0,0,14.7,13,2.4
2026-09-21T21:30,357,0,0,14.5,13,2.5
2026-09-21T21:45,348,0,0,14.1,14,2.2
2026-09-21T22:00,30,0,0,13.8,16,1.9
2026-09-21T22:15,307,0,0,13.2,16,1.3
2026-09-21T22:30,333,0,0,13.1,16,0.9
2026-09-21T22:45,27,0,0,13.1,15,1.3
2026-09-21T23:00,330,0,0,12.6,14,1.3
2026-09-21T23:15,350,0,0,12.9,13,1.8
2026-09-21T23:30,27,0,0,12.5,14,1.3
2026-09-21T23:45,350,0,0,12.4,13,1.3
2026-09-22T00:00,301,0,0,12,16,0.9
2026-09-22T00:15,311,0,0,11.7,18,1.5
2026-09-22T00:30,63,0,0,11.4,17,0.8
2026-09-22T00:45,299,0,0,10.8,21,0.8
2026-09-22T01:00,351,0,0,11.2,19,0.9
2026-09-22T01:15,32,0,0,11.1,21,1.5
2026-09-22T01:30,351,0,0,10.6,22,1.7
2026-09-22T01:45,357,0,0,11,17,1
2026-09-22T02:00,346,0,0,10.8,17,1.6
2026-09-22T02:15,339,0,0,10.9,20,1.3
2026-09-22T02:30,28,0,0,11.1,19,0.7
2026-09-22T02:45,53,0,0,10.4,18,1.3
2026-09-22T03:00,23,0,0,10.2,21,0.5
2026-09-22T03:15,35,0,0,9.8,24,0.5
2026-09-22T03:30,279,0,0,9.3,26,0.8
2026-09-22T03:45,280,0,0,9.1,25,0.9
2026-09-22T04:00,317,0,0,9.7,23,1.3
2026-09-22T04:15,320,0,0,10,20,0.8
2026-09-22T04:30,331,0,0,10.6,18,2.1
2026-09-22T04:45,313,0,0,10.1,20,2.2
2026-09-22T05:00,310,0,0,10.6,18,1.6
2026-09-22T05:15,324,0,0,10.4,19,1.7
2026-09-22T05:30,316,0,0,10.5,19,1.9
2026-09-22T05:45,336,0,0,10.6,18,2
2026-09-22T06:00,41,0,0,10.6,17,0.8
2026-09-22T06:15,54,0,0,9.8,21,0.6
2026-09-22T06:30,260,0,0,9.6,21,1
2026-09-22T06:45,306,0,0,9.2,22,1.3
2026-09-22T07:00,310,0,0,9.3,22,1.2
2026-09-22T07:15,311,0,0,9.2,22,1
2026-09-22T07:30,284,0,3,9.5,21,0.9
2026-09-22T07:45,287,0,22,9.7,21,1.2
2026-09-22T08:00,108,0,35,9.1,25,0.2
2026-09-22T08:15,285,0,47,9.2,25,0.6
2026-09-22T08:30,279,0,58,9.6,26,1.2
2026-09-22T08:45,147,0,159,11,26,1
2026-09-22T09:00,151,0,300,11.5,30,0.9
2026-09-22T09:15,153,0,374,11.8,33,1
2026-09-22T09:30,101,0,419,12.4,34,0.9
2026-09-22T09:45,128,0,453,12.1,33,0.8
2026-09-22T10:00,117,0,495,12.4,37,1.3
2026-09-22T10:15,101,0,532,11.9,38,2
2026-09-22T10:30,100,0,556,11.6,38,1.9
2026-09-22T10:45,130,0,575,12.5,38,1.4
2026-09-22T11:00,108,0,602,12.7,38,2.1
2026-09-22T11:15,125,0,628,13.1,37,1.6
2026-09-22T11:30,139,0,651,13.2,35,2.4
2026-09-22T11:45,121,0,671,13.1,33,2
2026-09-22T12:00,129,0,692,13.3,35,3.1
2026-09-22T12:15,150,0,707,14.3,34,1.8
2026-09-22T12:30,143,0,721,14.3,34,3
2026-09-22T12:45,141,0,731,14.7,35,3.3
2026-09-22T13:00,144,0,736,15,34,3.5
2026-09-22T13:15,131,0,742,14.9,33,4.9
2026-09-22T13:30,131,0,742,14.9,33,5.1
2026-09-22T13:45,122,0,736,15.2,33,4.9
2026-09-22T14:00,143,0,730,15.1,31,4.7
2026-09-22T14:15,139,0,719,15.6,31,4.8
2026-09-22T14:30,135,0,706,15.5,31,5.3
2026-09-22T14:45,140,0,687,15.8,31,4.5
2026-09-22T15:00,131,0,667,15.5,30,4.9
2026-09-22T15:15,125,0,643,15.6,31,5.2
2026-09-22T15:30,123,0,616,15.5,31,6
2026-09-22T15:45,125,0,585,15.4,30,5.3
2026-09-22T16:00,131,0,553,15.4,30,4.8
2026-09-22T16:15,110,0,518,15.1,30,4.2
2026-09-22T16:30,107,0,478,15,30,3.2
2026-09-22T16:45,107,0,440,14.5,29,4.5
2026-09-22T17:00,108,0,397,14.2,29,4.1
2026-09-22T17:15,108,0,352,14.1,29,3.7
2026-09-22T17:30,110,0,307,13.9,30,4.3
2026-09-22T17:45,115,0,260,13.7,30,4.7
2026-09-22T18:00,68,0,211,13.4,30,2.9
2026-09-22T18:15,62,0,31,12.9,32,3
2026-09-22T18:30,7,0,19,11.7,37,1.8
2026-09-22T18:45,7,0,8,11.2,39,1.8
2026-09-22T19:00,30,0,0,11.2,39,1.1
2026-09-22T19:15,24,0,0,10.7,40,1.4
2026-09-22T19:30,33,0,0,10.4,41,1.4
2026-09-22T19:45,1,0,0,9.9,43,1.6
2026-09-22T20:00,18,0,0,9.9,43,0.5
2026-09-22T20:15,330,0,0,9.7,44,0.9
2026-09-22T20:30,335,0,0,10.2,42,1.4
2026-09-22T20:45,32,0,0,9.7,43,1
2026-09-22T21:00,359,0,0,9.7,43,0.3
2026-09-22T21:15,31,0,0,9.5,44,0.9
2026-09-22T21:30,42,0,0,9.1,46,1.2
2026-09-22T21:45,45,0,0,9.2,48,1
2026-09-22T22:00,333,0,0,9,50,0.9
2026-09-22T22:15,333,0,0,9.3,51,0.4
2026-09-22T22:30,1,0,0,8.6,54,0.8
2026-09-22T22:45,29,0,0,7.9,56,0.8
2026-09-22T23:00,356,0,0,7.7,57,1.2
2026-09-22T23:15,11,0,0,7.5,57,0.9
2026-09-22T23:30,3,0,0,7.6,57,0.8
2026-09-22T23:45,12,0,0,7.5,57,0.7
2026-09-23T00:00,27,0,0,7.5,56,0.6
2026-09-23T00:15,20,0,0,7.2,56,0.7
2026-09-23T00:30,3,0,0,7,58,0.5
2026-09-23T00:45,355,0,0,7.5,56,0.1
2026-09-23T01:00,327,0,0,7.3,56,0.8
2026-09-23T01:15,6,0,0,7,58,0.9
2026-09-23T01:30,9,0,0,6.6,60,0.8
2026-09-23T01:45,22,0,0,6.5,61,0.8
2026-09-23T02:00,329,0,0,6.8,60,0.7
2026-09-23T02:15,324,0,0,7,58,0.5
2026-09-23T02:30,355,0,0,6.6,60,0.6
2026-09-23T02:45,5,0,0,6.7,61,0.7
2026-09-23T03:00,12,0,0,6.5,63,0.6
2026-09-23T03:15,344,0,0,6.3,65,0.4
2026-09-23T03:30,13,0,0,6.7,63,0.4
2026-09-23T03:45,352,0,0,6.5,63,0.4
2026-09-23T04:00,321,0,0,6.5,64,0.6
2026-09-23T04:15,1,0,0,6.2,65,0.6
2026-09-23T04:30,9,0,0,5.9,66,0.5
2026-09-23T04:45,8,0,0,5.9,67,0.2
2026-09-23T05:00,20,0,0,5.5,68,1
2026-09-23T05:15,7,0,0,5.3,70,1
2026-09-23T05:30,338,0,0,5.8,69,0.2
2026-09-23T05:45,330,0,0,5.9,69,0.6
2026-09-23T06:00,355,0,0,5.6,70,0.5
2026-09-23T06:15,36,0,0,5.5,71,0.5
2026-09-23T06:30,13,0,0,5.3,73,0.6
2026-09-23T06:45,7,0,0,5.1,74,0.7
2026-09-23T07:00,2,0,0,5.1,74,0.7
2026-09-23T07:15,353,0,0,5.3,74,0.5
2026-09-23T07:30,358,0,0,5,76,0.8
2026-09-23T07:45,11,0,6,5.4,77,0.1
2026-09-23T08:00,301,0,19,5.6,76,0.3
2026-09-23T08:15,323,0,30,5.6,76,1.1
2026-09-23T08:30,338,0,41,5.6,76,0.3
2026-09-23T08:45,206,0,116,6.9,74,0.4
2026-09-23T09:00,149,0,236,8.5,71,1.1
2026-09-23T09:15,142,0,321,9,67,0.9
2026-09-23T09:30,138,0,363,9,67,0.9
2026-09-23T09:45,130,0,404,9.8,68,1.2
2026-09-23T10:00,147,0,444,10.1,66,1.2
2026-09-23T10:15,143,0,482,10.6,64,1
2026-09-23T10:30,150,0,518,10.8,65,1.7
2026-09-23T10:45,147,0,552,10.8,64,1.9
2026-09-23T11:00,166,0,583,11.2,65,1.6
2026-09-23T11:15,150,0,612,11.6,61,1.8
2026-09-23T11:30,156,0,637,12.1,60,2
2026-09-23T11:45,137,0,660,12,59,2.3
2026-09-23T12:00,133,0,679,12.3,60,2.2
2026-09-23T12:15,127,0,694,12.3,59,2.4
2026-09-23T12:30,135,0,708,12.7,60,2.3
2026-09-23T12:45,131,0,715,12.8,59,2.5
2026-09-23T13:00,123,0,721,12.9,59,3.1
2026-09-23T13:15,129,0,724,12.7,59,2.8
2026-09-23T13:30,128,0,723,13.3,61,3.7
2026-09-23T13:45,127,0,717,13.2,61,3.6
2026-09-23T14:00,127,0,707,13.3,61,3.2
2026-09-23T14:15,126,0,695,13.4,61,3
2026-09-23T14:30,137,0,681,13.7,60,3
2026-09-23T14:45,132,0,662,13.5,60,3
2026-09-23T15:00,128,0,640,13.4,61,2.6
2026-09-23T15:15,128,0,616,13.7,62,2.9
2026-09-23T15:30,123,0,589,13.5,62,2.8
2026-09-23T15:45,138,0,559,13.5,62,2.1
2026-09-23T16:00,127,0,525,13.3,62,2.3
2026-09-23T16:15,120,0,489,13.1,63,1.9
2026-09-23T16:30,128,0,450,12.9,63,1.9
2026-09-23T16:45,111,0,411,12.4,63,1.7
2026-09-23T17:00,98,0,369,11.9,65,1.6
2026-09-23T17:15,61,0,326,11.7,66,1.6
2026-09-23T17:30,69,0,281,11.5,66,1.5
2026-09-23T17:45,54,0,237,11.2,68,1.7
2026-09-23T18:00,75,0,185,11,68,1.5
2026-09-23T18:15,59,0,26,10.4,71,1.6
2026-09-23T18:30,37,0,19,10.2,74,1.3
2026-09-23T18:45,28,0,15,9.8,76,1.2
2026-09-23T19:00,344,0,5,9.6,78,1
2026-09-23T19:15,21,0,0,9.3,79,0.8
2026-09-23T19:30,52,0,0,9.3,80,1.1
2026-09-23T19:45,346,0,0,9.1,81,1.1
2026-09-23T20:00,344,0,0,8.9,82,0.2
2026-09-23T20:15,344,0,0,8.8,83,0.5
2026-09-23T20:30,349,0,0,8.8,84,0.6
2026-09-23T20:45,324,0,0,8.7,84,1.1
2026-09-23T21:00,11,0,0,8.8,84,0.4
2026-09-23T21:15,31,0,0,8.8,84,0.7
2026-09-23T21:30,37,0,0,8.8,85,0.8
2026-09-23T21:45,62,0,0,8.8,85,0.6
2026-09-23T22:00,38,0,0,8.8,85,0.1
2026-09-23T22:15,76,0,0,8.8,85,0.4
2026-09-23T22:30,325,0,0,8.9,85,0.5
2026-09-23T22:45,69,0,0,8.8,85,0.9
2026-09-23T23:00,87,0,0,8.5,86,0.5
2026-09-23T23:15,302,0,0,8.2,86,0.8
2026-09-23T23:30,301,0,0,8,87,0.8
2026-09-23T23:45,296,0,0,8.1,87,0.1
2026-09-24T00:00,341,0,0,7.8,87,0.7
2026-09-24T00:15,358,0,0,7.8,87,0.2
2026-09-24T00:30,83,0,0,7.9,84,0.2
2026-09-24T00:45,57,0,0,8,85,0.8
2026-09-24T01:00,78,0,0,7.6,86,0.4
2026-09-24T01:15,266,0,0,7.3,88,0.9
2026-09-24T01:30,338,0,0,7.4,88,0.8
2026-09-24T01:45,50,0,0,8.3,81,0.7
2026-09-24T02:00,316,0,0,7.7,80,0.9
2026-09-24T02:15,304,0,0,8.3,75,0.8
2026-09-24T02:30,328,0,0,8.7,70,0.7
2026-09-24T02:45,81,0,0,9.5,63,0.5
2026-09-24T03:00,57,0,0,8.9,64,0.6
2026-09-24T03:15,322,0,0,8.7,65,1
2026-09-24T03:30,287,0,0,8.5,67,0.2
2026-09-24T03:45,83,0,0,9.4,60,0.3
2026-09-24T04:00,91,0,0,9.7,58,0.6
2026-09-24T04:15,28,0,0,9.5,58,1.1
2026-09-24T04:30,19,0,0,10,54,0.4
2026-09-24T04:45,291,0,0,10.2,52,1
2026-09-24T05:00,112,0,0,10.7,49,0.3
2026-09-24T05:15,46,0,0,10.2,50,1.4
2026-09-24T05:30,315,0,0,10.7,49,0.4
2026-09-24T05:45,354,0,0,10.5,49,0.4
2026-09-24T06:00,44,0,0,10.1,50,0.9
2026-09-24T06:15,341,0,0,10.1,51,0.8
2026-09-24T06:30,314,0,0,10.2,50,0.5
2026-09-24T06:45,331,0,0,10.7,48,1.1
2026-09-24T07:00,352,0,0,10.6,48,0.2
2026-09-24T07:15,293,0,0,10.3,49,0.4
2026-09-24T07:30,50,0,0,9.8,51,0.5
2026-09-24T07:45,322,0,21,9.5,54,1.1
2026-09-24T08:00,302,0,30,10.1,53,1.6
2026-09-24T08:15,332,0,50,11.3,50,1
2026-09-24T08:30,317,0,68,11.3,50,0.7
2026-09-24T08:45,101,0,95,12.1,50,0.6
2026-09-24T09:00,348,0,154,12.6,50,0.9
2026-09-24T09:15,326,0,243,12.4,53,1.3
2026-09-24T09:30,245,0,325,12.8,46,0.7
2026-09-24T09:45,98,0,348,14.3,47,0.4
2026-09-24T10:00,160,0,346,12.9,59,0.7
2026-09-24T10:15,329,0,375,12.7,61,1.1
2026-09-24T10:30,144,0,371,13,61,0.6
2026-09-24T10:45,155,0,406,12.8,63,1.9
2026-09-24T11:00,320,0,428,13.2,61,0.8
2026-09-24T11:15,102,0,471,13.7,61,1.3
2026-09-24T11:30,223,0,441,14.2,58,1.1
2026-09-24T11:45,109,0,481,14.4,53,1.9
2026-09-24T12:00,241,0,543,14.7,57,1.8
2026-09-24T12:15,274,0,578,15.1,54,1.3
2026-09-24T12:30,100,0,582,14.6,54,2.3
2026-09-24T12:45,234,0,592,14.5,55,1.4
2026-09-24T13:00,182,0,571,14.1,60,1.6
2026-09-24T13:15,12,0,629,14.8,58,1.4
2026-09-24T13:30,126,0,671,15,57,1.6
2026-09-24T13:45,187,0,666,14.6,57,1.2
2026-09-24T14:00,81,0,689,15.2,56,2.6
2026-09-24T14:15,121,0,695,15.6,55,3
2026-09-24T14:30,21,0,669,15.3,56,1.8
2026-09-24T14:45,152,0,683,15.6,54,1.5
2026-09-24T15:00,89,0,640,15.4,55,2.3
2026-09-24T15:15,150,0,633,15.4,56,1.8
2026-09-24T15:30,111,0,550,15.5,57,2.4
2026-09-24T15:45,85,0,533,14.8,58,1.8
2026-09-24T16:00,96,0,531,14.6,59,2.2
2026-09-24T16:15,106,0,484,16.3,53,1.6
2026-09-24T16:30,146,0,390,16.9,42,2.3
2026-09-24T16:45,112,0,253,14.4,56,1.5
2026-09-24T17:00,72,0,196,14.3,52,2
2026-09-24T17:15,144,0,200,15.3,45,2
2026-09-24T17:30,301,0,202,16.2,34,3.6
2026-09-24T17:45,132,0,159,15.8,34,2.9
2026-09-24T18:00,121,0,108,16.5,21,3.7
2026-09-24T18:15,26,0,66,16.3,20,6
2026-09-24T18:30,119,0,40,15.9,20,5.9
2026-09-24T18:45,281,0,28,15.8,20,4.2
2026-09-24T19:00,355,0,3,15.6,20,3.1
2026-09-24T19:15,232,0,0,15.4,20,3.4
2026-09-24T19:30,303,0,0,15.2,21,3.5
2026-09-24T19:45,88,0,0,14.9,22,4
2026-09-24T20:00,332,0,0,14.5,23,4.6
2026-09-24T20:15,8,0,0,14,25,4.4
2026-09-24T20:30,352,0,0,13.9,26,4.7
2026-09-24T20:45,311,0,0,13.6,28,3.3
2026-09-24T21:00,350,0,0,13.2,30,3.5
2026-09-24T21:15,353,0,0,13.2,30,3.9
2026-09-24T21:30,292,0,0,13,31,3.8
2026-09-24T21:45,305,0,0,13.2,30,6.6
2026-09-24T22:00,283,0,0,13.3,29,5.3
2026-09-24T22:15,285,0,0,13.3,29,3.8
2026-09-24T22:30,334,0,0,12.7,31,2.3
2026-09-24T22:45,40,0,0,11.6,39,2
2026-09-24T23:00,99,0,0,10.6,49,2.6
2026-09-24T23:15,70,0,0,10.3,50,3.7
2026-09-24T23:30,76,0,0,10.3,52,1.2
2026-09-24T23:45,11,0,0,9.6,53,1.5
2026-09-25T00:00,35,0,0,9.7,51,0.5
2026-09-25T00:15,54,0,0,9.3,53,1.3
2026-09-25T00:30,356,0,0,8.9,53,0.9
2026-09-25T00:45,336,0,0,8.4,55,1
2026-09-25T01:00,340,0,0,8.4,54,0.6
2026-09-25T01:15,305,0,0,8.3,50,0.5
2026-09-25T01:30,2,0,0,8.5,51,1.1
2026-09-25T01:45,4,0,0,7.8,56,1.3
2026-09-25T02:00,19,0,0,8,56,0.5
2026-09-25T02:15,351,0,0,7.6,57,1.2
2026-09-25T02:30,3,0,0,7.9,56,0.9
2026-09-25T02:45,44,0,0,7.5,58,0.8
2026-09-25T03:00,22,0,0,7.3,59,1.1
2026-09-25T03:15,4,0,0,6.9,63,1.8
2026-09-25T03:30,1,0,0,6.6,65,1.4
2026-09-25T03:45,358,0,0,6.8,64,1.2
2026-09-25T04:00,8,0,0,6.6,65,0.9
2026-09-25T04:15,13,0,0,6.6,66,1.2
2026-09-25T04:30,9,0,0,6.4,66,0.9
2026-09-25T04:45,16,0,0,6.3,65,0.6
2026-09-25T05:00,356,0,0,6.2,66,0.7
2026-09-25T05:15,13,0,0,5.8,67,1.1
2026-09-25T05:30,327,0,0,6.1,68,0.6
2026-09-25T05:45,313,0,0,6.4,67,0.7
2026-09-25T06:00,335,0,0,6.4,67,1
2026-09-25T06:15,359,0,0,6,69,0.6
2026-09-25T06:30,7,0,0,5.7,69,0.7
2026-09-25T06:45,17,0,0,5.7,70,0.5
2026-09-25T07:00,352,0,0,5.9,70,0.8
2026-09-25T07:15,18,0,0,5.6,70,1.2
2026-09-25T07:30,9,0,0,5.4,72,1
2026-09-25T07:45,9,0,2,5.8,71,0.6
2026-09-25T08:00,1,0,17,5.7,71,0.6
2026-09-25T08:15,347,0,22,6,71,0.4
2026-09-25T08:30,28,0,27,6.1,71,0.9
2026-09-25T08:45,25,0,86,7.8,65,0.4
2026-09-25T09:00,154,0,185,9.5,60,0.8
2026-09-25T09:15,141,0,322,9.9,59,0.9
2026-09-25T09:30,166,0,362,10,56,0.8
2026-09-25T09:45,153,0,400,10.5,56,1.2
2026-09-25T10:00,140,0,447,11.1,55,1.4
2026-09-25T10:15,147,0,485,11.2,52,1.2
2026-09-25T10:30,130,0,524,10.8,51,2.3
2026-09-25T10:45,158,0,556,11.4,52,1.5
2026-09-25T11:00,134,0,578,11.6,50,1.2
2026-09-25T11:15,145,0,613,11.9,51,1.4
2026-09-25T11:30,147,0,635,12.3,48,1.5
2026-09-25T11:45,149,0,660,12.3,47,1.8
2026-09-25T12:00,146,0,676,12.6,46,2
2026-09-25T12:15,153,0,692,13,49,2.1
2026-09-25T12:30,142,0,702,13,49,2.6
2026-09-25T12:45,125,0,717,12.5,50,3.2
2026-09-25T13:00,148,0,726,13.3,51,2.5
2026-09-25T13:15,142,0,717,13.5,50,2.9
2026-09-25T13:30,141,0,723,13.2,51,2.7
2026-09-25T13:45,139,0,711,13.6,50,2.7
2026-09-25T14:00,151,0,705,13.9,49,2.2
2026-09-25T14:15,152,0,690,13.9,46,2.1
2026-09-25T14:30,140,0,675,14.3,45,1.6
2026-09-25T14:45,136,0,656,14.6,44,1.4
2026-09-25T15:00,145,0,628,14.8,44,1.8
2026-09-25T15:15,127,0,599,14.6,43,1.8
2026-09-25T15:30,131,0,572,14.8,45,2
2026-09-25T15:45,124,0,544,14,45,2.2
2026-09-25T16:00,123,0,509,14.1,47,2.8
2026-09-25T16:15,100,0,478,13.9,47,1.8
2026-09-25T16:30,107,0,445,13.4,48,1.7
2026-09-25T16:45,108,0,401,13.3,50,2
2026-09-25T17:00,107,0,354,13,50,1.7
2026-09-25T17:15,83,0,318,12.7,50,1.7
2026-09-25T17:30,27,0,268,12.9,50,1.5
2026-09-25T17:45,49,0,226,12.3,52,2
2026-09-25T18:00,34,0,161,12.2,53,1.5
2026-09-25T18:15,48,0,24,11.6,57,1.3
2026-09-25T18:30,11,0,19,11,61,1.2
2026-09-25T18:45,4,0,3,10.7,65,1.2
2026-09-25T19:00,5,0,0,10.1,67,1
2026-09-25T19:15,352,0,0,9.7,69,1
2026-09-25T19:30,24,0,0,9.5,70,0.8
2026-09-25T19:45,18,0,0,9.4,71,0.9
2026-09-25T20:00,333,0,0,9.4,72,0.5
2026-09-25T20:15,25,0,0,9,74,0.8
2026-09-25T20:30,342,0,0,8.9,78,0.5
2026-09-25T20:45,39,0,0,8.8,79,0.7
2026-09-25T21:00,9,0,0,8.5,81,0.6
2026-09-25T21:15,359,0,0,8.4,83,0.8
2026-09-25T21:30,323,0,0,8.5,83,1.2
2026-09-25T21:45,14,0,0,8.5,83,0.8
2026-09-25T22:00,16,0,0,8,84,1
2026-09-25T22:15,1,0,0,8,86,0.5
2026-09-25T22:30,21,0,0,8.1,85,0.5
2026-09-25T22:45,1,0,0,7.8,84,0.5
2026-09-25T23:00,30,0,0,7.8,84,0.8
2026-09-25T23:15,16,0,0,7.6,84,1.4
2026-09-25T23:30,290,0,0,7.6,84,0.8
2026-09-25T23:45,20,0,0,7.6,83,0.5
2026-09-26T00:00,31,0,0,7.4,84,1.1
2026-09-26T00:15,53,0,0,7.2,83,0.6
2026-09-26T00:30,353,0,0,7.3,84,0.3
2026-09-26T00:45,42,0,0,7,84,0.6
2026-09-26T01:00,327,0,0,7.1,85,0.6
2026-09-26T01:15,323,0,0,7,85,1
2026-09-26T01:30,314,0,0,7.2,85,0.9
2026-09-26T01:45,28,0,0,7.2,84,1.1
2026-09-26T02:00,325,0,0,7.2,83,0.4
2026-09-26T02:15,7,0,0,7.1,82,0.3
2026-09-26T02:30,316,0,0,7.1,83,0.3
2026-09-26T02:45,338,0,0,7.1,83,0.6
2026-09-26T03:00,323,0,0,7.1,82,0.4
2026-09-26T03:15,26,0,0,6.9,83,0.3
2026-09-26T03:30,28,0,0,6.5,83,0.9
2026-09-26T03:45,15,0,0,6.4,84,0.5
2026-09-26T04:00,347,0,0,6.5,84,0.2
2026-09-26T04:15,324,0,0,6.7,83,0.6
2026-09-26T04:30,328,0,0,6.7,82,0.8
2026-09-26T04:45,329,0,0,6.9,81,0.2
2026-09-26T05:00,325,0,0,6.7,82,0
2026-09-26T05:15,2,0,0,6.7,81,0.2
2026-09-26T05:30,20,0,0,6.6,81,0.6
2026-09-26T05:45,16,0,0,6.3,80,0.9
2026-09-26T06:00,,0,0,6.5,80,
2026-09-26T06:15,327,0,0,6.7,78,0.4
2026-09-26T06:30,19,0,0,6.4,79,0.4
2026-09-26T06:45,83,0,0,6,81,0.1
2026-09-26T07:00,,0,0,5.8,81,
2026-09-26T07:15,15,0,0,5.9,81,0.3
2026-09-26T07:30,355,0,0,5.5,83,0.6
2026-09-26T07:45,330,0,0,5.8,83,0.5
2026-09-26T08:00,332,0,16,5.8,84,0.6
2026-09-26T08:15,40,0,20,6.1,83,0.5
2026-09-26T08:30,14,0,25,6.1,83,0.3
2026-09-26T08:45,118,0,52,7.6,81,0.6
2026-09-26T09:00,135,0,206,9.5,75,1.2
2026-09-26T09:15,144,0,305,9.9,73,1.1
2026-09-26T09:30,167,0,348,9.8,71,0.8
2026-09-26T09:45,148,0,389,10.5,71,1
2026-09-26T10:00,137,0,428,10.8,68,1.3
2026-09-26T10:15,138,0,465,11.2,66,1.2
2026-09-26T10:30,134,0,499,11.7,66,1.4
2026-09-26T10:45,158,0,531,11.9,66,1.3
2026-09-26T11:00,144,0,561,12.5,64,2
2026-09-26T11:15,158,0,587,12.8,63,1.6
2026-09-26T11:30,149,0,611,12.9,63,1.7
2026-09-26T11:45,154,0,633,13.3,61,1.4
2026-09-26T12:00,156,0,651,13.8,57,1.4
2026-09-26T12:15,147,0,667,14.5,57,1.7
2026-09-26T12:30,137,0,679,14.2,56,1.9
2026-09-26T12:45,139,0,689,14.6,57,2.2
2026-09-26T13:00,147,0,694,15.2,53,1.8
2026-09-26T13:15,143,0,696,15.3,54,1.7
2026-09-26T13:30,143,0,694,15.2,56,1.9
2026-09-26T13:45,131,0,691,15.2,56,1.8
2026-09-26T14:00,139,0,683,15.6,57,1.8
2026-09-26T14:15,129,0,672,15.5,57,2
2026-09-26T14:30,127,0,656,15.2,58,2.1
2026-09-26T14:45,149,0,635,15.7,57,1.6
2026-09-26T15:00,127,0,612,15.7,56,1.4
2026-09-26T15:15,128,0,589,15.9,56,1.5
2026-09-26T15:30,134,0,563,16,56,1.4
2026-09-26T15:45,129,0,533,15.6,57,1.4
2026-09-26T16:00,141,0,477,15.3,59,1.8
2026-09-26T16:15,134,0,443,14.9,59,1.5
2026-09-26T16:30,123,0,370,14.6,58,1
2026-09-26T16:45,123,0,310,14.8,58,1
2026-09-26T17:00,91,0,292,14.4,56,1.1
2026-09-26T17:15,73,0,287,14,58,1.1
2026-09-26T17:30,66,0,263,14.1,59,1
2026-09-26T17:45,61,0,212,13.8,60,1.4
2026-09-26T18:00,46,0,146,13.5,61,1.3
2026-09-26T18:15,37,0,31,13.1,64,1.1
2026-09-26T18:30,61,0,26,12.1,71,1.1
2026-09-26T18:45,67,0,20,12,75,1
2026-09-26T19:00,347,0,3,11.7,76,0.7
2026-09-26T19:15,4,0,0,11.3,78,1
2026-09-26T19:30,16,0,0,11.1,79,1
2026-09-26T19:45,15,0,0,10.9,79,1
2026-09-26T20:00,8,0,0,10.9,80,0.4
2026-09-26T20:15,17,0,0,10.9,81,0.6
2026-09-26T20:30,3,0,0,10.5,82,0.7
2026-09-26T20:45,335,0,0,10.6,82,0.7
2026-09-26T21:00,314,0,0,10.8,81,0.3
2026-09-26T21:15,55,0,0,10.6,81,0.5
2026-09-26T21:30,51,0,0,10.4,83,0.4
2026-09-26T21:45,180,0,0,10.4,83,0.2
2026-09-26T22:00,324,0,0,10.4,83,0.5
2026-09-26T22:15,326,0,0,10.3,83,0.6
2026-09-26T22:30,329,0,0,10.2,83,0.3
2026-09-26T22:45,5,0,0,9.8,83,0.5
2026-09-26T23:00,5,0,0,9.8,85,0.2
2026-09-26T23:15,28,0,0,9.8,85,0.1
2026-09-26T23:30,7,0,0,9.3,86,0.8
2026-09-26T23:45,15,0,0,9.6,87,0.1
2026-09-27T00:00,5,0,0,9.6,86,0.8
2026-09-27T00:15,2,0,0,9.3,88,0.6
2026-09-27T00:30,357,0,0,9.4,88,0.4
2026-09-27T00:45,336,0,0,9.7,87,0.5
2026-09-27T01:00,6,0,0,9.7,86,0.4
2026-09-27T01:15,335,0,0,9.9,86,0.8
2026-09-27T01:30,46,0,0,9.9,84,0.6
2026-09-27T01:45,5,0,0,9.4,86,0.9
2026-09-27T02:00,356,0,0,9.6,88,0.1
2026-09-27T02:15,4,0,0,9.2,88,0.3
2026-09-27T02:30,17,0,0,9.6,89,0.4
2026-09-27T02:45,2,0,0,9.2,88,0.3
2026-09-27T03:00,359,0,0,9,89,0.8
2026-09-27T03:15,344,0,0,9.3,88,0.4
2026-09-27T03:30,339,0,0,9.3,87,0.5
2026-09-27T03:45,295,0,0,9.4,88,0.2
2026-09-27T04:00,9,0,0,9.1,88,0.3
2026-09-27T04:15,5,0,0,9.2,89,0.2
2026-09-27T04:30,27,0,0,9.2,88,0.4
2026-09-27T04:45,1,0,0,9,89,0.4
2026-09-27T05:00,16,0,0,8.8,89,0.6
2026-09-27T05:15,1,0,0,8.7,90,0.5
2026-09-27T05:30,358,0,0,9,88,0.4
2026-09-27T05:45,358,0,0,8.9,88,0.8
2026-09-27T06:00,12,0,0,8.8,88,0.5
2026-09-27T06:15,14,0,0,8.8,88,0.5
2026-09-27T06:30,34,0,0,8.7,89,0.5
2026-09-27T06:45,67,0,0,8.8,88,0.2
2026-09-27T07:00,6,0,0,8.4,88,0.4
2026-09-27T07:15,356,0,0,8.3,88,0.5
2026-09-27T07:30,22,0,0,8.4,87,0.2
2026-09-27T07:45,85,0,0,8.6,86,0.4
2026-09-27T08:00,347,0,16,8.4,86,0.7
2026-09-27T08:15,59,0,20,8.7,87,0.4
2026-09-27T08:30,327,0,25,8.9,87,0.6
2026-09-27T08:45,135,0,47,10.2,85,0.6
2026-09-27T09:00,135,0,204,12,80,0.8
2026-09-27T09:15,128,0,299,12.5,78,0.6
2026-09-27T09:30,136,0,342,12.8,76,1
2026-09-27T09:45,134,0,383,13.1,74,1.2
2026-09-27T10:00,128,0,422,13.3,72,1.3
2026-09-27T10:15,144,0,460,13.6,72,1.6
2026-09-27T10:30,148,0,495,13.8,70,1.5
2026-09-27T10:45,136,0,528,13.9,68,1.8
2026-09-27T11:00,157,0,559,14.5,69,1.7
2026-09-27T11:15,119,0,590,14,67,1.6
2026-09-27T11:30,142,0,599,14.6,65,1.3
2026-09-27T11:45,155,0,619,14.9,63,1.1
2026-09-27T12:00,148,0,649,14.9,63,1.6
2026-09-27T12:15,129,0,664,15.1,63,2
2026-09-27T12:30,148,0,674,15.4,63,1.7
2026-09-27T12:45,145,0,682,16,61,1.7
2026-09-27T13:00,137,0,688,16.1,59,1.5
2026-09-27T13:15,129,0,689,16.1,59,1.7
2026-09-27T13:30,141,0,686,16.1,59,2
2026-09-27T13:45,127,0,680,16.3,59,2.4
2026-09-27T14:00,141,0,668,16.6,58,1.7
2026-09-27T14:15,139,0,656,16.6,59,2.4
2026-09-27T14:30,122,0,643,16,59,2.6
2026-09-27T14:45,130,0,626,16.2,59,3.1
2026-09-27T15:00,123,0,606,16.1,58,2.7
2026-09-27T15:15,121,0,581,16.2,58,2.9
2026-09-27T15:30,127,0,555,16.1,59,2.5
2026-09-27T15:45,128,0,523,16.2,59,2.1
2026-09-27T16:00,115,0,492,16.1,59,2.1
2026-09-27T16:15,123,0,457,16,58,1.9
2026-09-27T16:30,120,0,420,15.8,56,1.6
2026-09-27T16:45,101,0,381,15.4,57,1.5
2026-09-27T17:00,67,0,339,14.9,60,1.5
2026-09-27T17:15,60,0,296,14.9,61,1.6
2026-09-27T17:30,54,0,251,14.7,61,1.6
2026-09-27T17:45,53,0,205,14.9,62,1.1
2026-09-27T18:00,51,0,132,14.7,62,1.3
2026-09-27T18:15,37,0,22,13.9,66,0.9
2026-09-27T18:30,56,0,17,13.3,69,1
2026-09-27T18:45,40,0,0,12.9,72,1
2026-09-27T19:00,10,0,0,12.4,74,1.2
2026-09-27T19:15,12,0,0,12,76,1.1
2026-09-27T19:30,355,0,0,11.6,78,1
2026-09-27T19:45,4,0,0,11.5,79,0.8
2026-09-27T20:00,5,0,0,11.4,79,0.7
2026-09-27T20:15,12,0,0,11.3,80,0.8
2026-09-27T20:30,4,0,0,11.2,81,0.7
2026-09-27T20:45,346,0,0,11.3,81,0.9
2026-09-27T21:00,347,0,0,11.5,80,0.4
2026-09-27T21:15,354,0,0,11.2,81,0.5
2026-09-27T21:30,6,0,0,11.1,81,0.8
2026-09-27T21:45,358,0,0,10.9,82,0.8
2026-09-27T22:00,0,0,0,10.9,82,0.5
2026-09-27T22:15,321,0,0,11.2,82,0.1
2026-09-27T22:30,17,0,0,11.4,81,0.4
2026-09-27T22:45,22,0,0,11.1,81,0.7
2026-09-27T23:00,349,0,0,11,81,0.6
2026-09-27T23:15,343,0,0,11.1,80,0.6
2026-09-27T23:30,23,0,0,10.8,81,0.7
2026-09-27T23:45,28,0,0,10.8,82,0.6
2026-09-28T00:00,26,0,0,10.6,82,0.2
2026-09-28T00:15,180,0,0,11.1,81,0.1
2026-09-28T00:30,,0,0,10.8,81,
2026-09-28T00:45,339,0,0,10.9,81,0.3
2026-09-28T01:00,180,0,0,10.7,81,0.1
2026-09-28T01:15,334,0,0,10.7,82,0.2
2026-09-28T01:30,23,0,0,10.7,82,0.2
2026-09-28T01:45,24,0,0,10.6,82,0.5
2026-09-28T02:00,12,0,0,10.4,83,0.5
2026-09-28T02:15,325,0,0,10.1,83,0.5
2026-09-28T02:30,3,0,0,10.4,83,0.3
2026-09-28T02:45,52,0,0,10.3,82,0
2026-09-28T03:00,61,0,0,10.2,83,0.7
2026-09-28T03:15,6,0,0,10,83,0.5
2026-09-28T03:30,324,0,0,10.2,83,0.1
2026-09-28T03:45,349,0,0,10.4,82,0.1
2026-09-28T04:00,,0,0,10.5,81,
2026-09-28T04:15,322,0,0,10.6,80,0.6
2026-09-28T04:30,18,0,0,10.5,79,0.1
2026-09-28T04:45,359,0,0,10.3,79,0.1
2026-09-28T05:00,39,0,0,10.1,80,0.5
2026-09-28T05:15,352,0,0,10.2,81,0.3
2026-09-28T05:30,21,0,0,10.2,80,0.3
2026-09-28T05:45,18,0,0,10.3,81,0.4
2026-09-28T06:00,19,0,0,9.9,81,0.5
2026-09-28T06:15,312,0,0,10.4,82,0.4
2026-09-28T06:30,18,0,0,10.2,81,0.2
2026-09-28T06:45,337,0,0,10,80,0.3
2026-09-28T07:00,359,0,0,10.3,79,0.1
2026-09-28T07:15,317,0,0,10.6,79,0.5
2026-09-28T07:30,43,0,0,10.5,78,0.3
2026-09-28T07:45,357,0,0,10.1,80,0.6
2026-09-28T08:00,350,0,15,10.4,78,0.4
2026-09-28T08:15,18,0,19,10.7,77,0.4
2026-09-28T08:30,340,0,23,11.2,74,0.4
2026-09-28T08:45,352,0,52,12.1,73,0.1
2026-09-28T09:00,137,0,185,14.4,67,0.3
2026-09-28T09:15,130,0,296,16,66,0.6
2026-09-28T09:30,126,0,338,16.5,62,0.9
2026-09-28T09:45,125,0,379,16.8,59,0.8
2026-09-28T10:00,118,0,419,16.3,59,1.4
2026-09-28T10:15,139,0,456,16.5,59,1
2026-09-28T10:30,164,0,489,16.8,58,0.7
2026-09-28T10:45,130,0,523,16.4,58,1.3
2026-09-28T11:00,148,0,553,16.6,58,1.3
2026-09-28T11:15,134,0,581,16.6,57,1.3
2026-09-28T11:30,133,0,605,16.8,56,1.4
2026-09-28T11:45,130,0,625,16.9,56,1.7
2026-09-28T12:00,139,0,643,17.2,55,1.5
2026-09-28T12:15,117,0,658,17.3,53,1.7
2026-09-28T12:30,133,0,667,17.4,52,1.7
2026-09-28T12:45,132,0,678,17.3,53,1.7
2026-09-28T13:00,133,0,684,17.1,56,1.7
2026-09-28T13:15,126,0,685,17.3,57,1.7
2026-09-28T13:30,131,0,683,17.5,56,1.8
2026-09-28T13:45,129,0,679,17.3,56,1.6
2026-09-28T14:00,134,0,672,17.3,57,1.8
2026-09-28T14:15,145,0,660,17.4,55,1.4
2026-09-28T14:30,134,0,642,17.6,56,1.4
2026-09-28T14:45,126,0,621,17.8,54,1
2026-09-28T15:00,146,0,600,18.4,53,1.1
2026-09-28T15:15,149,0,577,18.1,54,1.1
2026-09-28T15:30,149,0,550,18.3,55,0.9
2026-09-28T15:45,123,0,521,17.7,57,1.3
2026-09-28T16:00,141,0,489,17.8,57,1.2
2026-09-28T16:15,135,0,457,17.2,58,1.3
2026-09-28T16:30,123,0,422,16.9,59,1.3
2026-09-28T16:45,121,0,386,16.8,60,1.3
2026-09-28T17:00,127,0,344,16.9,61,1
2026-09-28T17:15,110,0,301,16.4,60,0.9
2026-09-28T17:30,64,0,254,15.8,62,1.4
2026-09-28T17:45,47,0,203,15.4,65,1.6
2026-09-28T18:00,74,0,122,14.8,69,0.9
2026-09-28T18:15,90,0,22,14.4,72,0.8
2026-09-28T18:30,47,0,14,14.1,74,0.9
2026-09-28T18:45,51,0,0,13.7,75,1.1
2026-09-28T19:00,54,0,0,13.4,77,1
2026-09-28T19:15,17,0,0,12.9,80,1
2026-09-28T19:30,6,0,0,12.6,81,0.9
2026-09-28T19:45,6,0,0,12.3,83,0.8
2026-09-28T20:00,8,0,0,12,84,0.8
2026-09-28T20:15,6,0,0,11.9,85,0.8
2026-09-28T20:30,350,0,0,12,85,0.7
2026-09-28T20:45,1,0,0,11.8,86,0.8
2026-09-28T21:00,346,0,0,11.9,86,0.7
2026-09-28T21:15,4,0,0,11.8,87,0.5
2026-09-28T21:30,346,0,0,12,87,0.3
2026-09-28T21:45,71,0,0,11.9,87,0
2026-09-28T22:00,19,0,0,11.9,86,0.2
2026-09-28T22:15,1,0,0,11.5,86,0.6
2026-09-28T22:30,357,0,0,11.4,86,0.2
2026-09-28T22:45,321,0,0,11.5,87,0.3
2026-09-28T23:00,15,0,0,11.4,87,0.1
2026-09-28T23:15,8,0,0,11.1,88,0.3
2026-09-28T23:30,345,0,0,10.9,89,0.2
2026-09-28T23:45,340,0,0,11.1,89,0.2
2026-09-29T00:00,17,0,0,10.8,90,0.5
2026-09-29T00:15,2,0,0,10.6,91,0.3
2026-09-29T00:30,6,0,0,10.7,90,0.4
2026-09-29T00:45,27,0,0,10.7,91,0.4
2026-09-29T01:00,9,0,0,10.4,91,0.2
2026-09-29T01:15,15,0,0,10.2,91,0.4
2026-09-29T01:30,8,0,0,10,91,0.3
2026-09-29T01:45,12,0,0,9.9,91,0.4
2026-09-29T02:00,5,0,0,9.7,92,0.7
2026-09-29T02:15,346,0,0,9.8,93,0.5
2026-09-29T02:30,341,0,0,9.8,93,0.7
2026-09-29T02:45,348,0,0,9.9,93,0.4
2026-09-29T03:00,14,0,0,9.8,93,0.6
2026-09-29T03:15,7,0,0,9.7,94,0.5
2026-09-29T03:30,,0,0,9.7,95,
2026-09-29T03:45,48,0,0,9.9,95,0.3
2026-09-29T04:00,53,0,0,10.1,95,0.6
2026-09-29T04:15,69,0,0,10.5,94,0.3
2026-09-29T04:30,284,0,0,10.6,93,0.2
2026-09-29T04:45,284,0,0,10.8,92,0.4
2026-09-29T05:00,,0,0,10.9,90,
2026-09-29T05:15,,0,0,11,90,
2026-09-29T05:30,,0,0,11,90,
2026-09-29T05:45,4,0,0,11.1,88,0.4
2026-09-29T06:00,7,0,0,11.1,90,0.7
2026-09-29T06:15,72,0,0,11,90,0.4
2026-09-29T06:30,,0,0,11,90,
2026-09-29T06:45,,0,0,10.9,89,
2026-09-29T07:00,91,0,0,10.8,90,0.4
2026-09-29T07:15,66,0,0,10.7,90,0.3
2026-09-29T07:30,,0,0,10.7,90,
2026-09-29T07:45,351,0,0,10.7,90,0.3
2026-09-29T08:00,1,0,0,10.6,90,0.6
2026-09-29T08:15,5,0,13,10.6,90,0.3
2026-09-29T08:30,91,0,26,10.5,90,0.7
2026-09-29T08:45,93,0,37,10.6,90,0.4
2026-09-29T09:00,142,0,45,10.8,90,0.1
2026-09-29T09:15,165,0,59,10.8,88,0.4
2026-09-29T09:30,197,0,76,10.8,87,0.4
2026-09-29T09:45,334,0,86,10.8,87,0.6
2026-09-29T10:00,261,0,113,11,88,0.7
2026-09-29T10:15,122,0,137,11.3,87,0.7
2026-09-29T10:30,241,0,153,11.3,85,0.6
2026-09-29T10:45,157,0,165,11.9,86,0.4
2026-09-29T11:00,115,0,201,12,84,1.1
2026-09-29T11:15,160,0,250,12.2,82,0.4
2026-09-29T11:30,138,0,319,12.7,81,1.4
2026-09-29T11:45,159,0,537,13.5,79,1.2
2026-09-29T12:00,200,0,684,14.6,73,1.3
2026-09-29T12:15,158,0,662,15.3,69,2
2026-09-29T12:30,145,0,665,15.4,65,1.4
2026-09-29T12:45,157,0,675,15.6,67,2.3
2026-09-29T13:00,153,0,678,16,67,2.2
2026-09-29T13:15,152,0,680,16.3,67,2.1
2026-09-29T13:30,129,0,677,15.5,68,3.3
2026-09-29T13:45,135,0,676,15.5,69,3.5
2026-09-29T14:00,125,0,626,15.4,69,3.5
2026-09-29T14:15,131,0,594,15.5,69,3.4
2026-09-29T14:30,133,0,614,15.6,69,3.3
2026-09-29T14:45,134,0,527,15.5,69,3.2
2026-09-29T15:00,131,0,601,15.6,69,3.1
2026-09-29T15:15,131,0,543,15.7,69,3.7
2026-09-29T15:30,124,0,542,15.7,69,3.7
2026-09-29T15:45,114,0,521,15.2,70,3.4
2026-09-29T16:00,120,0,482,15.2,71,3.8
2026-09-29T16:15,123,0,461,15.1,72,4.1
2026-09-29T16:30,122,0,456,14.8,73,4
2026-09-29T16:45,118,0,417,14.7,73,3.3
2026-09-29T17:00,114,0,352,14.2,74,3
2026-09-29T17:15,117,0,169,13.7,76,3.3
2026-09-29T17:30,114,0,90,13.2,78,2.5
2026-09-29T17:45,121,0,73,13,79,2.7
2026-09-29T18:00,116,0,63,12.8,80,2.4
2026-09-29T18:15,112,0,38,12.5,81,1.8
2026-09-29T18:30,85,0,6,12.3,83,1.1
2026-09-29T18:45,81,0,0,12.1,84,1.2
2026-09-29T19:00,73,0,0,12,85,1.1
2026-09-29T19:15,82,0,0,12,85,1.5
2026-09-29T19:30,90,0,0,11.9,86,1.4
2026-09-29T19:45,65,0,0,11.9,87,1.3
2026-09-29T20:00,82,0,0,11.9,86,1.2
2026-09-29T20:15,98,0,0,11.8,87,0.8
2026-09-29T20:30,85,0,0,11.8,87,0.2
2026-09-29T20:45,97,0,0,11.8,87,0.7
2026-09-29T21:00,86,0,0,11.8,87,0.9
2026-09-29T21:15,62,0,0,11.8,87,0.7
2026-09-29T21:30,,0,0,11.7,89,
2026-09-29T21:45,113,0,0,11.5,90,0.3
2026-09-29T22:00,82,0,0,11.5,91,0.2
2026-09-29T22:15,,0,0,11.5,91,
2026-09-29T22:30,85,0,0,11.4,91,0.5
2026-09-29T22:45,,0,0,11.3,91,
2026-09-29T23:00,,0,0,11.3,91,
2026-09-29T23:15,,0,0,11.3,92,
2026-09-29T23:30,,0,0,11.2,92,
2026-09-29T23:45,,0,0,11.1,92,
2026-09-30T00:00,,0,0,11.1,92,
2026-09-30T00:15,,0,0,11,92,
2026-09-30T00:30,,0,0,10.9,92,
2026-09-30T00:45,,0,0,10.9,93,
2026-09-30T01:00,359,0,0,10.5,93,0.4
2026-09-30T01:15,6,0,0,10.1,93,0.7
2026-09-30T01:30,352,0,0,10.1,95,0.4
2026-09-30T01:45,358,0,0,10.3,95,0.3
2026-09-30T02:00,351,0,0,10.5,95,0.2
2026-09-30T02:15,341,0,0,10.5,95,0.4
2026-09-30T02:30,19,0,0,10.6,94,0.5
2026-09-30T02:45,14,0,0,10.5,93,0.6
2026-09-30T03:00,318,0,0,10.3,92,0.4
2026-09-30T03:15,335,0,0,10.1,92,0.5
2026-09-30T03:30,338,0,0,9.8,93,0.9
2026-09-30T03:45,357,0,0,9.5,93,0.8
2026-09-30T04:00,3,0,0,9.3,94,0.9
2026-09-30T04:15,354,0,0,9.2,93,0.9
2026-09-30T04:30,11,0,0,9.2,94,0.3
2026-09-30T04:45,359,0,0,9.1,94,0.5
2026-09-30T05:00,354,0,0,9,95,0.3
2026-09-30T05:15,21,0,0,8.9,95,0.7
2026-09-30T05:30,15,0,0,8.7,95,1
2026-09-30T05:45,13,0,0,8.9,97,0.3
2026-09-30T06:00,358,0,0,8.9,95,0.3
2026-09-30T06:15,359,0,0,8.7,96,0.4
2026-09-30T06:30,330,0,0,9.3,96,0.6
2026-09-30T06:45,348,0,0,9.2,94,0.4
2026-09-30T07:00,337,0,0,9,93,0.8
2026-09-30T07:15,24,0,0,8.8,92,0.6
2026-09-30T07:30,18,0,0,8.6,93,0.7
2026-09-30T07:45,10,0,0,8.4,93,0.8
2026-09-30T08:00,355,0,18,8.4,94,0.7
2026-09-30T08:15,341,0,44,8.9,94,0.3
2026-09-30T08:30,,0,85,9.7,94,
2026-09-30T08:45,109,0,124,10.1,91,0.6
2026-09-30T09:00,143,0,187,11.5,88,1.4
2026-09-30T09:15,151,0,251,11.9,84,0.8
2026-09-30T09:30,124,0,299,12.3,81,0.7
2026-09-30T09:45,136,0,403,12.7,78,1.3
2026-09-30T10:00,130,0,282,12.6,76,1.3
2026-09-30T10:15,120,0,159,11.7,78,0.8
2026-09-30T10:30,135,0,336,12.6,80,1
2026-09-30T10:45,127,0,423,13,75,1.2
2026-09-30T11:00,138,0,617,14.3,72,2.1
2026-09-30T11:15,139,0,619,14.8,67,2.2
2026-09-30T11:30,160,0,644,15,64,1.5
2026-09-30T11:45,147,0,655,15.6,64,2.1
2026-09-30T12:00,138,0,667,15.5,64,2.6
2026-09-30T12:15,144,0,684,15.5,64,2.6
2026-09-30T12:30,135,0,663,14.8,65,1.8
2026-09-30T12:45,133,0,678,15,67,2.4
2026-09-30T13:00,127,0,703,15,66,2.6
2026-09-30T13:15,131,0,722,15.4,65,3.1
2026-09-30T13:30,133,0,764,15.6,65,3.6
2026-09-30T13:45,117,0,753,15.6,65,3.1
2026-09-30T14:00,123,0,773,15.7,67,3.8
2026-09-30T14:15,113,0,807,15.8,65,3.1
2026-09-30T14:30,117,0,579,15.5,66,3.2
2026-09-30T14:45,121,0,475,15.5,68,3.7
2026-09-30T15:00,130,0,650,16,68,4
2026-09-30T15:15,114,0,537,15.7,66,3.5
2026-09-30T15:30,124,0,617,15.8,67,4.3
2026-09-30T15:45,120,0,567,15.4,67,4.4
2026-09-30T16:00,118,0,502,15.3,68,3.8
2026-09-30T16:15,128,0,346,14.6,69,4.3
2026-09-30T16:30,129,0,289,14.2,70,4.6
2026-09-30T16:45,120,0,165,13.7,72,4.4
2026-09-30T17:00,123,0,74,13.3,74,3.5
2026-09-30T17:15,134,0,47,13,75,4.2
2026-09-30T17:30,142,0,35,12.9,76,2.6
2026-09-30T17:45,135,0,23,12.6,78,2.4
2026-09-30T18:00,116,0,18,12.3,79,2.6
2026-09-30T18:15,112,0,5,12.1,81,2.2
2026-09-30T18:30,117,0,0,12.1,81,1.7
2026-09-30T18:45,102,0,0,11.8,82,1.6
2026-09-30T19:00,88,0,0,11.7,83,1
2026-09-30T19:15,61,0,0,11.7,83,0.8
2026-09-30T19:30,93,0,0,11.7,83,0.2
2026-09-30T19:45,133,0,0,11.7,83,0.2
2026-09-30T20:00,,0,0,11.8,83,
2026-09-30T20:15,,0,0,11.7,84,
2026-09-30T20:30,,0,0,11.7,84,
2026-09-30T20:45,156,0,0,11.7,84,0.4
2026-09-30T21:00,120,0,0,11.5,85,0.3
2026-09-30T21:15,76,0,0,11.4,86,0.3
2026-09-30T21:30,111,0,0,11.3,86,0.5
2026-09-30T21:45,122,0,0,11.4,86,0.3
2026-09-30T22:00,114,0,0,11.3,86,0.1
2026-09-30T22:15,,0,0,11.2,86,
2026-09-30T22:30,,0,0,11.2,86,
2026-09-30T22:45,154,0,0,11.2,87,0.1
2026-09-30T23:00,135,0,0,11.1,88,0.1
2026-09-30T23:15,116,0,0,11,89,0.2
2026-09-30T23:30,93,0,0,10.8,90,0.6
2026-09-30T23:45,95,0,0,10.7,91,0.7
2026-10-01T00:00,,0,0,10.7,91,
2026-10-01T00:15,93,0,0,10.7,91,0.4
2026-10-01T00:30,,0,0,10.7,91,
2026-10-01T00:45,83,0,0,10.7,91,0
2026-10-01T01:00,54,0,0,10.7,92,0.1
2026-10-01T01:15,,0,0,10.7,92,
2026-10-01T01:30,,0,0,10.6,91,
2026-10-01T01:45,138,0,0,10.6,92,0
2026-10-01T02:00,109,0,0,10.6,92,0.1
2026-10-01T02:15,82,0,0,10.5,93,0.8
2026-10-01T02:30,172,0,0,10.5,93,0
2026-10-01T02:45,,0,0,10.4,93,
2026-10-01T03:00,,0,0,10.4,93,
2026-10-01T03:15,,0,0,10.4,93,
2026-10-01T03:30,,0,0,10.4,93,
2026-10-01T03:45,,0,0,10.3,94,
2026-10-01T04:00,,0,0,10,96,
2026-10-01T04:15,,0,0,10,97,
2026-10-01T04:30,,0,0,10.1,96,
2026-10-01T04:45,106,0,0,9.9,97,0.3
2026-10-01T05:00,,0,0,9.7,98,
2026-10-01T05:15,,0,0,9.8,98,
2026-10-01T05:30,,0,0,9.8,97,
2026-10-01T05:45,298,0,0,9.6,96,0.6
2026-10-01T06:00,,0,0,9.6,96,
2026-10-01T06:15,40,0,0,9.4,97,0.5
2026-10-01T06:30,,0,0,9.2,97,
2026-10-01T06:45,,0,0,9.1,96,
2026-10-01T07:00,301,0,0,9.1,97,0.6
2026-10-01T07:15,314,0,0,9.2,97,0.4
2026-10-01T07:30,316,0,0,9.3,96,0.4
2026-10-01T07:45,,0,23,9.4,96,
2026-10-01T08:00,,0,45,9.6,95,
2026-10-01T08:15,,0,59,9.7,95,
2026-10-01T08:30,240,0,76,10,95,0.1
2026-10-01T08:45,85,0,84,10.1,93,0.8
2026-10-01T09:00,101,0,110,10.2,94,0.9
2026-10-01T09:15,124,0,180,10.7,93,0.6
2026-10-01T09:30,155,0,312,11.9,89,1
2026-10-01T09:45,158,0,254,12.5,84,1.2
2026-10-01T10:00,161,0,230,11.7,84,0.9
2026-10-01T10:15,147,0,367,12.1,83,0.9
2026-10-01T10:30,145,0,357,12.5,81,1.3
2026-10-01T10:45,142,0,273,12.1,80,0.9
2026-10-01T11:00,132,0,301,12.3,81,1
2026-10-01T11:15,149,0,348,12.7,80,0.7
2026-10-01T11:30,142,0,344,12.9,78,0.9
2026-10-01T11:45,137,0,396,13.4,79,1.7
2026-10-01T12:00,146,0,443,14.2,76,1.9
2026-10-01T12:15,160,0,477,14.6,71,1.4
2026-10-01T12:30,173,0,652,15,69,1.3
2026-10-01T12:45,145,0,653,15.1,64,1.8
2026-10-01T13:00,140,0,733,15.3,68,2.3
2026-10-01T13:15,119,0,786,15.4,68,2.9
2026-10-01T13:30,136,0,752,16.1,65,2.8
2026-10-01T13:45,129,0,717,15.8,64,3.2
2026-10-01T14:00,138,0,723,16.4,62,3.5
2026-10-01T14:15,129,0,653,16,61,3.5
2026-10-01T14:30,132,0,613,16.1,61,3.9
2026-10-01T14:45,129,0,638,16.1,61,3.9
2026-10-01T15:00,127,0,613,16.2,60,4.2
2026-10-01T15:15,129,0,570,15.9,62,4.2
2026-10-01T15:30,119,0,537,15.5,63,2.6
2026-10-01T15:45,128,0,533,16.1,60,2.6
2026-10-01T16:00,108,0,439,15.2,61,2.2
2026-10-01T16:15,107,0,432,15.3,62,2.6
2026-10-01T16:30,102,0,182,14.4,64,2
2026-10-01T16:45,70,0,192,14.2,66,1.7
2026-10-01T17:00,72,0,220,14.2,66,1.6
2026-10-01T17:15,97,0,256,14.4,65,1.8
2026-10-01T17:30,142,0,243,15,64,1.6
2026-10-01T17:45,122,0,107,14.6,62,0.6
2026-10-01T18:00,60,0,66,14.1,64,0.3
2026-10-01T18:15,11,0,42,13.6,68,0.9
2026-10-01T18:30,11,0,24,12.8,71,0.9
2026-10-01T18:45,18,0,1,12.4,73,1
2026-10-01T19:00,340,0,0,11.7,75,0.6
2026-10-01T19:15,356,0,0,11.4,78,0.9
2026-10-01T19:30,294,0,0,11.5,80,0.2
2026-10-01T19:45,348,0,0,11.4,80,0.1
2026-10-01T20:00,51,0,0,11.3,81,0.3
2026-10-01T20:15,321,0,0,11.2,81,0.3
2026-10-01T20:30,8,0,0,10.8,83,0.6
2026-10-01T20:45,24,0,0,10.7,84,0.7
2026-10-01T21:00,1,0,0,10.6,85,0.4
2026-10-01T21:15,1,0,0,10.4,86,0.4
2026-10-01T21:30,6,0,0,10.3,86,0.6
2026-10-01T21:45,49,0,0,10.3,87,0.7
2026-10-01T22:00,43,0,0,10.2,87,0.2
2026-10-01T22:15,336,0,0,10.1,87,0.2
2026-10-01T22:30,334,0,0,10.3,87,0.3
2026-10-01T22:45,356,0,0,10.1,88,0.5
2026-10-01T23:00,18,0,0,10.2,88,0.6
2026-10-01T23:15,16,0,0,10.2,88,0.1
2026-10-01T23:30,352,0,0,10.1,87,0.8
2026-10-01T23:45,42,0,0,10.1,87,0.3
2026-10-02T00:00,,0,0,10,87,
2026-10-02T00:15,5,0,0,10.1,87,0.1
2026-10-02T00:30,7,0,0,10.1,88,0.5
2026-10-02T00:45,12,0,0,10.1,88,0.3
2026-10-02T01:00,358,0,0,10.2,87,0.1
2026-10-02T01:15,357,0,0,10.2,87,0.2
2026-10-02T01:30,,0,0,10.2,87,
2026-10-02T01:45,,0,0,10.2,87,
2026-10-02T02:00,327,0,0,10.3,87,0.5
2026-10-02T02:15,322,0,0,10.5,87,1.2
2026-10-02T02:30,,0,0,10.9,86,
2026-10-02T02:45,351,0,0,10.8,86,0.2
2026-10-02T03:00,7,0,0,10.8,86,0.7
2026-10-02T03:15,20,0,0,10.9,86,0.2
2026-10-02T03:30,308,0,0,10.9,86,0.4
2026-10-02T03:45,329,0,0,11,85,0.3
2026-10-02T04:00,1,0,0,11,84,0.5
2026-10-02T04:15,358,0,0,10.9,85,0.5
2026-10-02T04:30,71,0,0,10.7,84,0.3
2026-10-02T04:45,281,0,0,10.4,86,0.4
2026-10-02T05:00,,0,0,10,88,
2026-10-02T05:15,,0,0,10,89,
2026-10-02T05:30,268,0,0,10,89,0.1
2026-10-02T05:45,45,0,0,9.8,90,0.1
2026-10-02T06:00,332,0,0,9.8,91,0.3
2026-10-02T06:15,25,0,0,9.9,92,0.4
2026-10-02T06:30,285,0,0,9.8,92,0.1
2026-10-02T06:45,,0,0,9.9,91,
2026-10-02T07:00,331,0,0,9.8,91,0.2
2026-10-02T07:15,54,0,0,9.7,90,0.1
2026-10-02T07:30,350,0,0,9.5,91,0.4
2026-10-02T07:45,335,0,5,9.8,91,0.1
2026-10-02T08:00,,0,44,10.2,90,
2026-10-02T08:15,59,0,57,10.5,89,0.8
2026-10-02T08:30,46,0,66,10.5,90,1.1
2026-10-02T08:45,350,0,95,10.8,89,0.8
2026-10-02T09:00,135,0,148,11.4,90,0.3
2026-10-02T09:15,181,0,262,12.1,87,0.5
2026-10-02T09:30,135,0,252,12.9,84,1.2
2026-10-02T09:45,137,0,147,12.4,82,1
2026-10-02T10:00,144,0,172,12.3,82,1
2026-10-02T10:15,190,0,245,12.6,81,0.5
2026-10-02T10:30,136,0,507,13.9,78,1.8
2026-10-02T10:45,138,0,465,14.1,73,1.7
2026-10-02T11:00,133,0,548,14.3,71,1.5
2026-10-02T11:15,134,0,579,14.7,70,1.3
2026-10-02T11:30,142,0,630,15.2,68,2.1
2026-10-02T11:45,124,0,609,15.3,66,2.1
2026-10-02T12:00,135,0,674,15.8,65,1.9
2026-10-02T12:15,138,0,687,16.4,62,1.8
2026-10-02T12:30,131,0,673,16.3,60,2.4
2026-10-02T12:45,125,0,726,16.2,60,2.1
2026-10-02T13:00,150,0,726,16.4,59,1.8
2026-10-02T13:15,145,0,503,16.5,58,1.6
2026-10-02T13:30,137,0,569,16.3,62,1.6
2026-10-02T13:45,117,0,676,16.4,60,1.8
2026-10-02T14:00,123,0,683,16.7,59,1.7
2026-10-02T14:15,131,0,549,16.8,59,2
2026-10-02T14:30,136,0,610,17.1,58,3.2
2026-10-02T14:45,136,0,638,17.9,49,3.5
2026-10-02T15:00,146,0,549,18.4,43,2.9
2026-10-02T15:15,141,0,581,18.4,44,2.8
2026-10-02T15:30,137,0,488,17.9,48,3
2026-10-02T15:45,123,0,517,17.5,49,3.4
2026-10-02T16:00,111,0,476,16.8,52,3.1
2026-10-02T16:15,123,0,438,16.7,54,2.8
2026-10-02T16:30,112,0,389,16.5,55,2
2026-10-02T16:45,84,0,327,16.2,55,1.6
2026-10-02T17:00,83,0,223,15.5,58,2.1
2026-10-02T17:15,93,0,199,15.2,62,1.9
2026-10-02T17:30,76,0,92,14.7,64,1.6
2026-10-02T17:45,82,0,79,14.4,67,1.5
2026-10-02T18:00,116,0,52,14.3,68,1.7
2026-10-02T18:15,109,0,33,13.9,69,1.3
2026-10-02T18:30,273,0,18,13.5,71,0.8
2026-10-02T18:45,275,0,0,13.2,73,0.7
2026-10-02T19:00,18,0,0,12.8,74,0.9
2026-10-02T19:15,43,0,0,12.5,76,0.7
2026-10-02T19:30,353,0,0,12.1,78,0.5
2026-10-02T19:45,10,0,0,11.9,79,0.4
2026-10-02T20:00,324,0,0,11.8,79,1.1
2026-10-02T20:15,347,0,0,11.7,80,0.5
2026-10-02T20:30,344,0,0,11.3,82,0.3
2026-10-02T20:45,2,0,0,11,83,0.5
2026-10-02T21:00,3,0,0,10.7,84,0.7
2026-10-02T21:15,5,0,0,10.7,85,0.5
2026-10-02T21:30,21,0,0,10.5,85,0.7
2026-10-02T21:45,3,0,0,10.4,86,1
2026-10-02T22:00,8,0,0,10.2,86,0.8
2026-10-02T22:15,359,0,0,10.3,87,0.6
2026-10-02T22:30,351,0,0,10.6,86,0.7
2026-10-02T22:45,344,0,0,10.5,86,0.9
2026-10-02T23:00,356,0,0,10.4,86,0.7
2026-10-02T23:15,355,0,0,10.2,87,0.6
2026-10-02T23:30,357,0,0,10.2,87,0.3
2026-10-02T23:45,347,0,0,10.3,87,0.2
2026-10-03T00:00,4,0,0,10.1,87,0.5
2026-10-03T00:15,15,0,0,9.9,88,0.6
2026-10-03T00:30,,0,0,10.1,88,
2026-10-03T00:45,60,0,0,9.9,87,0.1
2026-10-03T01:00,349,0,0,9.6,88,0.4
2026-10-03T01:15,11,0,0,9.4,88,0.2
2026-10-03T01:30,355,0,0,9.3,89,0.4
2026-10-03T01:45,26,0,0,9.3,89,0.1
2026-10-03T02:00,345,0,0,9.2,89,0.5
2026-10-03T02:15,342,0,0,9.1,89,0.2
2026-10-03T02:30,347,0,0,8.8,89,0.5
2026-10-03T02:45,331,0,0,9.1,89,0.5
2026-10-03T03:00,359,0,0,9.2,88,0.2
2026-10-03T03:15,17,0,0,8.9,88,0.7
2026-10-03T03:30,358,0,0,8.6,89,0.3
2026-10-03T03:45,359,0,0,9,89,0.2
2026-10-03T04:00,3,0,0,8.6,89,0.5
2026-10-03T04:15,8,0,0,8.6,90,0.6
2026-10-03T04:30,1,0,0,8.4,90,0.5
2026-10-03T04:45,345,0,0,8.9,90,0.1
2026-10-03T05:00,10,0,0,8.7,90,0.7
2026-10-03T05:15,11,0,0,8.4,91,0.9
2026-10-03T05:30,39,0,0,8.5,91,0.5
2026-10-03T05:45,1,0,0,8.5,91,0.4
2026-10-03T06:00,329,0,0,8.7,91,1.1
2026-10-03T06:15,332,0,0,9,89,0.2
2026-10-03T06:30,32,0,0,8.7,88,0.3
2026-10-03T06:45,349,0,0,8.5,88,0.5
2026-10-03T07:00,357,0,0,8.5,87,0.4
2026-10-03T07:15,3,0,0,8.3,88,0.4
2026-10-03T07:30,302,0,0,8.7,87,0.2
2026-10-03T07:45,37,0,0,8.5,87,0.6
2026-10-03T08:00,47,0,17,8.3,88,1
2026-10-03T08:15,335,0,25,8.5,88,0.1
2026-10-03T08:30,312,0,33,8.9,87,0.5
2026-10-03T08:45,317,0,51,9.5,87,0.4
2026-10-03T09:00,177,0,71,10.8,84,0.5
2026-10-03T09:15,150,0,256,11.5,81,0.7
2026-10-03T09:30,109,0,301,12.2,78,0.8
2026-10-03T09:45,117,0,345,12.6,77,1
2026-10-03T10:00,138,0,386,13.3,74,1.3
2026-10-03T10:15,143,0,426,13.8,71,1.3
2026-10-03T10:30,136,0,460,14.1,69,1.7
2026-10-03T10:45,156,0,495,13.9,68,1.5
2026-10-03T11:00,130,0,521,14.1,66,1.6
2026-10-03T11:15,137,0,547,14.4,64,1.8
2026-10-03T11:30,156,0,569,14.8,63,1.4
2026-10-03T11:45,155,0,591,15.9,61,1.5
2026-10-03T12:00,146,0,617,15.4,59,1.6
2026-10-03T12:15,167,0,642,15.9,58,1.7
2026-10-03T12:30,134,0,657,15.6,57,2.1
2026-10-03T12:45,148,0,665,15.9,57,1.7
2026-10-03T13:00,142,0,672,15.9,57,1.8
2026-10-03T13:15,148,0,678,15.7,58,2
2026-10-03T13:30,127,0,675,15.5,59,2.5
2026-10-03T13:45,118,0,670,15,61,2.6
2026-10-03T14:00,131,0,656,15.5,61,2.9
2026-10-03T14:15,136,0,643,15.8,61,2.4
2026-10-03T14:30,132,0,632,16.1,60,3.1
2026-10-03T14:45,129,0,613,16.1,57,3.2
2026-10-03T15:00,127,0,587,16.1,56,2.7
2026-10-03T15:15,128,0,557,16.1,55,2.7
2026-10-03T15:30,117,0,518,15.8,54,2
2026-10-03T15:45,121,0,490,16,53,1.9
2026-10-03T16:00,112,0,459,15.6,52,2.3
2026-10-03T16:15,105,0,423,15.3,51,2.4
2026-10-03T16:30,79,0,391,15,52,2.2
2026-10-03T16:45,64,0,354,14.8,52,1.6
2026-10-03T17:00,91,0,311,14.6,52,1.8
2026-10-03T17:15,79,0,262,14.3,51,1.7
2026-10-03T17:30,92,0,216,14.1,51,2
2026-10-03T17:45,73,0,159,13.9,51,1.7
2026-10-03T18:00,29,0,63,13.5,55,1.3
2026-10-03T18:15,40,0,20,12.7,58,1.3
2026-10-03T18:30,3,0,2,12,62,1.3
2026-10-03T18:45,33,0,0,12.1,62,1.1
2026-10-03T19:00,21,0,0,11.7,63,1.3
2026-10-03T19:15,5,0,0,11.1,65,1.2
2026-10-03T19:30,8,0,0,10.8,68,1.2
2026-10-03T19:45,5,0,0,10.8,68,0.5
2026-10-03T20:00,339,0,0,10.7,69,0.4
2026-10-03T20:15,337,0,0,10.8,69,0.3
2026-10-03T20:30,339,0,0,10.5,70,0.3
2026-10-03T20:45,17,0,0,10.4,71,0.6
2026-10-03T21:00,4,0,0,10.2,72,0.4
2026-10-03T21:15,0,0,0,10.1,73,0.2
2026-10-03T21:30,341,0,0,10.3,72,0.6
2026-10-03T21:45,356,0,0,9.8,74,0.6
2026-10-03T22:00,336,0,0,10.1,73,0.7
2026-10-03T22:15,8,0,0,9.7,74,0.7
2026-10-03T22:30,33,0,0,9.4,77,0.8
2026-10-03T22:45,325,0,0,9.7,75,0.9
2026-10-03T23:00,339,0,0,9.8,74,0.6
2026-10-03T23:15,351,0,0,9.6,75,0.4
2026-10-03T23:30,44,0,0,9.7,74,0.4
2026-10-03T23:45,3,0,0,9.3,74,0.4
2026-10-04T00:00,4,0,0,9,76,0.7
2026-10-04T00:15,16,0,0,9.1,76,0.7
2026-10-04T00:30,5,0,0,9,77,0.6
2026-10-04T00:45,359,0,0,8.8,77,0.6
2026-10-04T01:00,34,0,0,9.2,76,0.6
2026-10-04T01:15,10,0,0,8.6,78,0.4
2026-10-04T01:30,9,0,0,9,78,0.3
2026-10-04T01:45,24,0,0,9,77,0.2
2026-10-04T02:00,7,0,0,8.6,78,0.5
2026-10-04T02:15,0,0,0,8.9,77,0.2
2026-10-04T02:30,18,0,0,8.4,77,0.6
2026-10-04T02:45,337,0,0,8.7,77,0.9
2026-10-04T03:00,349,0,0,8.9,75,0.4
2026-10-04T03:15,42,0,0,8.4,76,1
2026-10-04T03:30,333,0,0,8.3,76,0.4
2026-10-04T03:45,8,0,0,8,76,0.5
2026-10-04T04:00,355,0,0,8.2,77,0.3
2026-10-04T04:15,340,0,0,8.6,75,0.1
2026-10-04T04:30,23,0,0,8.1,76,0.8
2026-10-04T04:45,18,0,0,8.3,77,0.7
2026-10-04T05:00,352,0,0,8.3,77,0.2
2026-10-04T05:15,55,0,0,8.2,76,0.5
2026-10-04T05:30,358,0,0,8.3,76,0.3
2026-10-04T05:45,352,0,0,8.3,76,0.2
2026-10-04T06:00,25,0,0,8.3,76,0.3
2026-10-04T06:15,322,0,0,8.8,74,0.7
2026-10-04T06:30,19,0,0,8.5,73,0.7
2026-10-04T06:45,6,0,0,8,75,0.7
2026-10-04T07:00,29,0,0,8,74,0.4
2026-10-04T07:15,353,0,0,8.1,74,0.3
2026-10-04T07:30,358,0,0,7.6,74,0.5
2026-10-04T07:45,341,0,0,8.1,72,0.7
2026-10-04T08:00,312,0,11,8.5,68,0.3
2026-10-04T08:15,331,0,22,8.3,68,0.4
2026-10-04T08:30,316,0,28,8.5,68,0.5
2026-10-04T08:45,314,0,59,9.2,65,0.7
2026-10-04T09:00,244,0,71,10.4,63,0.2
2026-10-04T09:15,147,0,279,11.6,65,0.6
2026-10-04T09:30,131,0,326,12.4,62,0.6
2026-10-04T09:45,170,0,321,12.7,59,0.6
2026-10-04T10:00,139,0,367,13.2,56,1.1
2026-10-04T10:15,136,0,436,13.9,53,1.2
2026-10-04T10:30,130,0,482,13.9,51,1.5
2026-10-04T10:45,132,0,508,14.4,52,1.2
2026-10-04T11:00,150,0,536,15.1,49,1.5
2026-10-04T11:15,140,0,552,14.7,48,1.6
2026-10-04T11:30,147,0,577,14.5,46,1.6
2026-10-04T11:45,142,0,596,14.8,46,1.6
2026-10-04T12:00,134,0,618,14.5,47,1.9
2026-10-04T12:15,131,0,631,14.7,46,1.7
2026-10-04T12:30,135,0,654,14.6,48,1.5
2026-10-04T12:45,136,0,655,15.6,46,2
2026-10-04T13:00,135,0,665,15.4,44,2
2026-10-04T13:15,131,0,666,15.6,45,2.5
2026-10-04T13:30,124,0,664,15.6,44,1.4
2026-10-04T13:45,137,0,660,15.5,42,1.8
2026-10-04T14:00,94,0,650,15,44,1.7
2026-10-04T14:15,130,0,637,15.3,49,1.8
2026-10-04T14:30,128,0,620,15.2,48,1.6
2026-10-04T14:45,121,0,597,15.5,47,1.6
2026-10-04T15:00,127,0,577,15.8,45,2
2026-10-04T15:15,123,0,551,15.8,46,1.3
2026-10-04T15:30,112,0,525,15.8,44,2.4
2026-10-04T15:45,113,0,496,15.6,41,2
2026-10-04T16:00,103,0,461,15.4,42,1.7
2026-10-04T16:15,100,0,425,15,42,1.9
2026-10-04T16:30,98,0,376,14.9,41,1.8
2026-10-04T16:45,75,0,287,14.7,41,1.4
2026-10-04T17:00,76,0,227,14.4,39,1.4
2026-10-04T17:15,71,0,171,14.2,39,1.1
2026-10-04T17:30,77,0,172,14.2,40,1
2026-10-04T17:45,31,0,78,13.7,43,1.2
2026-10-04T18:00,31,0,63,13.3,46,1.1
2026-10-04T18:15,40,0,41,12.8,47,1.1
2026-10-04T18:30,28,0,28,12.3,48,1
2026-10-04T18:45,357,0,7,11.6,51,1.1
2026-10-04T19:00,1,0,0,11.3,53,0.4
2026-10-04T19:15,354,0,0,11.1,54,0.7
2026-10-04T19:30,21,0,0,11.1,56,0.4
2026-10-04T19:45,23,0,0,10.3,58,0.9
2026-10-04T20:00,61,0,0,10.5,57,0.7
2026-10-04T20:15,333,0,0,10.5,57,0.3
2026-10-04T20:30,324,0,0,10.6,57,0.7
2026-10-04T20:45,322,0,0,10.7,55,0.7
2026-10-04T21:00,356,0,0,10.1,57,0.6
2026-10-04T21:15,42,0,0,10.1,57,0.6
2026-10-04T21:30,333,0,0,10.2,57,0.2
2026-10-04T21:45,326,0,0,10.4,55,0.7
2026-10-04T22:00,18,0,0,9.9,57,0.8
2026-10-04T22:15,36,0,0,9.9,57,0.7
2026-10-04T22:30,353,0,0,10.2,55,0.7
2026-10-04T22:45,324,0,0,10.5,54,1
2026-10-04T23:00,63,0,0,10.4,54,0.6
2026-10-04T23:15,0,0,0,10.3,54,0.7
2026-10-04T23:30,30,0,0,10.2,54,0.5
2026-10-04T23:45,340,0,0,10.2,54,0.2
2026-10-05T00:00,70,0,0,9.9,55,0.6
2026-10-05T00:15,341,0,0,9.9,55,0
2026-10-05T00:30,299,0,0,10.2,54,0.2
2026-10-05T00:45,329,0,0,10,54,0.6
2026-10-05T01:00,10,0,0,9.8,56,0.1
2026-10-05T01:15,83,0,0,9.6,56,0.3
2026-10-05T01:30,180,0,0,9.5,57,0.1
2026-10-05T01:45,22,0,0,9.5,57,0.2
2026-10-05T02:00,,0,0,9.5,57,
2026-10-05T02:15,35,0,0,9.2,58,0.5
2026-10-05T02:30,15,0,0,9.3,58,0.3
2026-10-05T02:45,342,0,0,9.4,58,0.4
2026-10-05T03:00,346,0,0,9.4,58,0.3
2026-10-05T03:15,1,0,0,9.4,59,0.3
2026-10-05T03:30,350,0,0,9.6,58,0.1
2026-10-05T03:45,30,0,0,9.5,58,0.5
2026-10-05T04:00,,0,0,9.6,58,
2026-10-05T04:15,353,0,0,9.6,59,0.2
2026-10-05T04:30,347,0,0,9.8,58,0.5
2026-10-05T04:45,6,0,0,9.7,59,0.4
2026-10-05T05:00,311,0,0,9.7,59,1.1
2026-10-05T05:15,312,0,0,10,58,0.7
2026-10-05T05:30,60,0,0,10,56,1
2026-10-05T05:45,7,0,0,9.9,58,0.5
2026-10-05T06:00,,0,0,9.9,57,
2026-10-05T06:15,95,0,0,9.9,58,0.3
2026-10-05T06:30,,0,0,9.8,58,
2026-10-05T06:45,306,0,0,9.6,60,0
2026-10-05T07:00,,0,0,9.5,60,
2026-10-05T07:15,128,0,0,9.4,61,0.2
2026-10-05T07:30,315,0,0,9.1,63,0.1
2026-10-05T07:45,322,0,3,9,63,0.1
2026-10-05T08:00,332,0,19,9.2,64,0.7
2026-10-05T08:15,298,0,17,9.6,63,0.7
2026-10-05T08:30,314,0,21,9.7,64,1
2026-10-05T08:45,286,0,43,10,65,1
2026-10-05T09:00,43,0,33,10.2,66,1.2
2026-10-05T09:15,15,0,46,10.1,68,1.2
2026-10-05T09:30,285,0,87,9.9,68,0.9
2026-10-05T09:45,265,0,70,10.2,69,1.2
2026-10-05T10:00,19,0,96,10.6,66,1.1
2026-10-05T10:15,108,0,142,10.4,67,1
2026-10-05T10:30,155,0,274,10.6,69,0.9
2026-10-05T10:45,127,0,522,11.9,67,1.4
2026-10-05T11:00,141,0,281,11.6,64,1.1
2026-10-05T11:15,215,0,328,11.8,63,0.8
2026-10-05T11:30,129,0,170,11.9,66,0.7
2026-10-05T11:45,133,0,367,10.5,71,2.3
2026-10-05T12:00,161,0,206,10.4,70,0.4
2026-10-05T12:15,74,0,264,10.5,68,1
2026-10-05T12:30,124,0,457,11.8,68,1.1
2026-10-05T12:45,109,0,855,13.3,63,2.1
2026-10-05T13:00,139,0,685,14,59,2.5
2026-10-05T13:15,147,0,346,13.6,58,1.5
2026-10-05T13:30,158,0,391,13.8,59,1.3
2026-10-05T13:45,234,0,184,12.9,62,0.9
2026-10-05T14:00,264,0,204,12.8,63,0.9
2026-10-05T14:15,288,0,636,14,57,1.3
2026-10-05T14:30,151,0,597,14.1,58,4.1
2026-10-05T14:45,139,0,544,13.3,64,3.7
2026-10-05T15:00,141,0,655,14.1,59,4
2026-10-05T15:15,140,0,631,15.3,56,3.5
2026-10-05T15:30,127,0,508,14.6,52,3.1
2026-10-05T15:45,132,0,473,13.9,57,1.9
2026-10-05T16:00,105,0,446,13.1,59,1.8
2026-10-05T16:15,132,0,428,13.8,56,1.7
2026-10-05T16:30,89,0,368,12.2,62,1.9
2026-10-05T16:45,126,0,337,12.6,60,1.3
2026-10-05T17:00,46,0,298,13.3,54,1
2026-10-05T17:15,128,0,258,13.3,54,0.6
2026-10-05T17:30,45,0,214,12.9,55,1.2
2026-10-05T17:45,51,0,171,12.8,57,1.1
2026-10-05T18:00,232,0,72,12.4,61,0.3
2026-10-05T18:15,244,0,29,11.3,65,0.6
2026-10-05T18:30,2,0,17,10.9,69,0.8
2026-10-05T18:45,332,0,0,10.4,71,0.9
2026-10-05T19:00,25,0,0,10.1,72,1.1
2026-10-05T19:15,49,0,0,9.8,74,0.7
2026-10-05T19:30,355,0,0,9.8,76,0.6
2026-10-05T19:45,2,0,0,9.7,77,0.7
2026-10-05T20:00,331,0,0,10,76,0.3
2026-10-05T20:15,333,0,0,10,74,0.2
2026-10-05T20:30,3,0,0,9.6,74,0.2
2026-10-05T20:45,344,0,0,9.3,74,0.3
2026-10-05T21:00,341,0,0,8.9,75,0.5
2026-10-05T21:15,328,0,0,9,74,0.8
2026-10-05T21:30,31,0,0,8.8,76,0.4
2026-10-05T21:45,17,0,0,8.4,78,0.9
2026-10-05T22:00,345,0,0,8.7,78,1
2026-10-05T22:15,17,0,0,8.5,78,0.6
2026-10-05T22:30,320,0,0,8.7,78,0.7
2026-10-05T22:45,320,0,0,8.9,77,1.3
2026-10-05T23:00,322,0,0,9,77,0.5
2026-10-05T23:15,347,0,0,8.6,77,0.7
2026-10-05T23:30,13,0,0,8.5,78,0.4
2026-10-05T23:45,3,0,0,8.3,79,0.4
2026-10-06T00:00,14,0,0,8.4,79,0.5
2026-10-06T00:15,22,0,0,8.4,79,0.6
2026-10-06T00:30,351,0,0,8.3,80,0.5
2026-10-06T00:45,344,0,0,8.8,78,0.1
2026-10-06T01:00,328,0,0,8.6,77,0.6
2026-10-06T01:15,338,0,0,8.3,77,0.8
2026-10-06T01:30,62,0,0,8.4,77,0.6
2026-10-06T01:45,26,0,0,7.9,77,0.9
2026-10-06T02:00,3,0,0,7.9,78,0.3
2026-10-06T02:15,5,0,0,7.7,79,0.7
2026-10-06T02:30,358,0,0,7.7,80,1.1
2026-10-06T02:45,345,0,0,7.9,80,0.7
2026-10-06T03:00,342,0,0,8,79,0.7
2026-10-06T03:15,2,0,0,8.2,78,0.6
2026-10-06T03:30,14,0,0,8,78,0.6
2026-10-06T03:45,16,0,0,7.6,79,0.8
2026-10-06T04:00,24,0,0,7.6,79,0.7
2026-10-06T04:15,331,0,0,7.9,79,0.4
2026-10-06T04:30,4,0,0,7.8,78,0.3
2026-10-06T04:45,319,0,0,8,78,1
2026-10-06T05:00,324,0,0,8.1,77,0.8
2026-10-06T05:15,42,0,0,8.3,75,0.2
2026-10-06T05:30,11,0,0,8.1,75,0.5
2026-10-06T05:45,86,0,0,7.7,75,0.4
2026-10-06T06:00,0,0,0,7.2,77,0.3
2026-10-06T06:15,330,0,0,7.3,77,0.8
2026-10-06T06:30,16,0,0,7.3,77,0.6
2026-10-06T06:45,21,0,0,7.4,77,1
2026-10-06T07:00,71,0,0,7.5,77,0.7
2026-10-06T07:15,126,0,0,7.4,77,0.2
2026-10-06T07:30,323,0,0,7.1,77,1.1
2026-10-06T07:45,171,0,0,7.3,77,0.1
2026-10-06T08:00,331,0,5,7.2,78,0.7
2026-10-06T08:15,323,0,19,7.6,76,0.9
2026-10-06T08:30,352,0,24,7.6,76,0.6
2026-10-06T08:45,11,0,44,7.6,78,0.8
2026-10-06T09:00,142,0,110,9.6,74,0.9
2026-10-06T09:15,185,0,240,10.1,72,0.7
2026-10-06T09:30,161,0,281,10.5,70,0.6
2026-10-06T09:45,128,0,338,11,69,1.2
2026-10-06T10:00,143,0,380,11.6,66,1.3
2026-10-06T10:15,147,0,402,12.5,64,1
2026-10-06T10:30,154,0,456,12.6,61,1.2
2026-10-06T10:45,147,0,429,13.1,60,1.7
2026-10-06T11:00,143,0,379,12.3,60,1.7
2026-10-06T11:15,159,0,611,13.3,60,1.6
2026-10-06T11:30,143,0,489,13.3,59,2.3
2026-10-06T11:45,138,0,389,12.1,61,1.6
2026-10-06T12:00,145,0,338,12,64,1.5
2026-10-06T12:15,149,0,339,11.8,65,1.1
2026-10-06T12:30,130,0,442,12.1,66,1.3
2026-10-06T12:45,143,0,361,12.5,65,1.3
2026-10-06T13:00,180,0,280,12.4,66,0.7
2026-10-06T13:15,144,0,205,12.5,67,1.2
2026-10-06T13:30,140,0,258,12.1,70,2.8
2026-10-06T13:45,126,0,257,11.3,76,1.4
2026-10-06T14:00,116,0,169,10.7,76,1.1
2026-10-06T14:15,117,0,127,10.2,78,1.1
2026-10-06T14:30,118,0,108,10.2,80,1.1
2026-10-06T14:45,124,0,103,10.4,81,1.8
2026-10-06T15:00,213,0,110,10.2,83,0.8
2026-10-06T15:15,250,0,152,10.3,82,1.1
2026-10-06T15:30,271,0,148,10.4,81,1.4
2026-10-06T15:45,300,0,82,10.5,79,1
2026-10-06T16:00,84,0,67,10.3,82,1.2
2026-10-06T16:15,85,0,104,10.6,79,1
2026-10-06T16:30,52,0,106,10.8,74,0.8
2026-10-06T16:45,307,0,83,10.7,67,2.2
2026-10-06T17:00,286,0,59,10.4,66,2.5
2026-10-06T17:15,215,0,63,10.6,66,1.1
2026-10-06T17:30,276,0,122,10.8,64,1.6
2026-10-06T17:45,318,0,109,11.2,61,1.1
2026-10-06T18:00,315,0,65,10.9,62,1.2
2026-10-06T18:15,292,0,22,10.4,66,0.8
2026-10-06T18:30,27,0,0,9.8,70,1.2
2026-10-06T18:45,0,0,0,8.9,72,1.4
2026-10-06T19:00,350,0,0,8.8,72,0.6
2026-10-06T19:15,23,0,0,8.6,74,0.2
2026-10-06T19:30,323,0,0,8.6,74,1.6
2026-10-06T19:45,288,0,0,9.5,69,4.7
2026-10-06T20:00,274,0,0,9.5,71,4.8
2026-10-06T20:15,345,0.2,0,8.8,76,2
2026-10-06T20:30,358,0,0,8.5,79,1.6
2026-10-06T20:45,338,0,0,8.5,80,1.8
2026-10-06T21:00,30,0,0,8.6,79,0.8
2026-10-06T21:15,59,0,0,8.4,80,0.3
2026-10-06T21:30,336,0,0,8.6,79,0.4
2026-10-06T21:45,359,0,0,8.4,79,0.4
2026-10-06T22:00,324,0,0,8.4,80,0.8
2026-10-06T22:15,341,0,0,8.4,79,0.5
2026-10-06T22:30,9,0,0,8.3,80,0.4
2026-10-06T22:45,34,0,0,8.2,78,0.2
2026-10-06T23:00,80,0,0,7.8,79,1
2026-10-06T23:15,43,0,0,7.2,82,1
2026-10-06T23:30,43,0,0,7,84,0.7
2026-10-06T23:45,5,0,0,6.8,84,0.7
2026-10-07T00:00,19,0,0,6.9,84,0.4
2026-10-07T00:15,12,0,0,6.6,84,0.6
2026-10-07T00:30,343,0,0,6.6,85,0.8
2026-10-07T00:45,353,0,0,6.6,85,0.6
2026-10-07T01:00,335,0,0,6.8,85,0.8
2026-10-07T01:15,29,0,0,6.7,85,0.3
2026-10-07T01:30,50,0,0,6.8,86,0.2
2026-10-07T01:45,304,0,0,6.5,86,1
2026-10-07T02:00,42,0,0,6.9,86,0.8
2026-10-07T02:15,35,0,0,6.7,86,0.5
2026-10-07T02:30,337,0,0,6.7,85,0.2
2026-10-07T02:45,320,0,0,6.6,85,1
2026-10-07T03:00,317,0,0,6.8,85,0.7
2026-10-07T03:15,50,0,0,6.8,85,1.1
2026-10-07T03:30,,0,0,6.8,85,
2026-10-07T03:45,301,0,0,6.4,86,0.9
2026-10-07T04:00,349,0,0,6.9,86,0.7
2026-10-07T04:15,75,0,0,6.8,84,1.3
2026-10-07T04:30,319,0,0,6.5,86,1.1
2026-10-07T04:45,347,0,0,6.7,86,0.5
2026-10-07T05:00,8,0,0,6.7,86,0.5
2026-10-07T05:15,321,0,0,6.8,85,1.1
2026-10-07T05:30,340,0,0,6.8,86,0.1
2026-10-07T05:45,307,0,0,6.9,86,0.7
2026-10-07T06:00,16,0,0,6.6,86,0.8
2026-10-07T06:15,308,0,0,6.4,86,1.6
2026-10-07T06:30,341,0,0,6.8,85,0.7
2026-10-07T06:45,320,0,0,6,86,0.7
2026-10-07T07:00,305,0,0,5.8,88,1
2026-10-07T07:15,300,0,0,5.9,88,0.3
2026-10-07T07:30,96,0,0,6.1,89,0.5
2026-10-07T07:45,,0,0,5.9,89,
2026-10-07T08:00,87,0,20,6,89,0.2
2026-10-07T08:15,332,0,36,5.9,90,0.3
2026-10-07T08:30,92,0,64,6.3,90,0.2
2026-10-07T08:45,32,0,96,6.8,89,0.4
2026-10-07T09:00,8,0,61,6.9,88,0.2
2026-10-07T09:15,104,0,100,7.1,88,0.8
2026-10-07T09:30,93,0,174,7.5,89,0.8
2026-10-07T09:45,166,0,142,7.9,87,0.4
2026-10-07T10:00,164,0,150,7.7,85,0.2
2026-10-07T10:15,138,0,175,7.7,83,0.4
2026-10-07T10:30,124,0,235,8.1,82,0.3
2026-10-07T10:45,124,0,482,9.3,81,1.6
2026-10-07T11:00,183,0,420,9.7,76,1.1
2026-10-07T11:15,128,0,549,10.1,74,1.3
2026-10-07T11:30,151,0,650,11.3,70,1.7
2026-10-07T11:45,140,0,482,10.9,69,1.5
2026-10-07T12:00,148,0,368,10.3,70,1.4
2026-10-07T12:15,162,0,248,9.8,73,0.6
2026-10-07T12:30,145,0,293,10,74,0.7
2026-10-07T12:45,119,0,573,11.1,73,1.4
2026-10-07T13:00,150,0,437,11.6,68,1.8
2026-10-07T13:15,157,0,207,10.7,70,1.5
2026-10-07T13:30,134,0,128,10,72,0.7
2026-10-07T13:45,133,0,130,9.6,74,1
2026-10-07T14:00,129,0,234,10,75,1.5
2026-10-07T14:15,139,0,204,10.2,75,0.8
2026-10-07T14:30,166,0,163,10.2,74,0.9
2026-10-07T14:45,163,0,142,10,74,0.7
2026-10-07T15:00,118,0,195,9.9,75,0.6
2026-10-07T15:15,121,0,337,10.3,75,1.6
2026-10-07T15:30,144,0,252,10.7,73,0.9
2026-10-07T15:45,114,0,224,10.4,72,0.8
2026-10-07T16:00,149,0,322,10.8,72,0.7
2026-10-07T16:15,134,0,296,11.2,70,1.3
2026-10-07T16:30,173,0,150,10.4,71,0.7
2026-10-07T16:45,135,0,119,10.2,72,1.2
2026-10-07T17:00,118,0,51,9.7,72,1
2026-10-07T17:15,113,0,43,9.3,72,0.1
2026-10-07T17:30,19,0,37,9.5,73,0.2
2026-10-07T17:45,268,0,17,9.4,74,0
2026-10-07T18:00,97,0,17,9.4,75,0.2
2026-10-07T18:15,92,0,3,9.1,77,0.7
2026-10-07T18:30,36,0,0,9,78,0.3
2026-10-07T18:45,19,0,0,9.1,80,0.2
2026-10-07T19:00,259,0,0,9.1,81,0.2
2026-10-07T19:15,77,0,0,9,80,0.3
2026-10-07T19:30,57,0,0,9,80,0.5
2026-10-07T19:45,14,0,0,9,81,0.6
2026-10-07T20:00,268,0,0,8.9,82,0.4
2026-10-07T20:15,313,0,0,8.9,83,0.7
2026-10-07T20:30,,0,0,9,83,
2026-10-07T20:45,110,0,0,8.9,84,0.1
2026-10-07T21:00,7,0,0,8.7,84,0.2
2026-10-07T21:15,17,0,0,8.6,87,0.6
2026-10-07T21:30,,0,0,8.5,86,
2026-10-07T21:45,,0,0,8.5,87,
2026-10-07T22:00,,0.2,0,8.4,88,
2026-10-07T22:15,353,0,0,8.4,87,0.4
2026-10-07T22:30,351,0,0,8.4,87,0.1
2026-10-07T22:45,,0,0,8.3,87,
2026-10-07T23:00,,0,0,8.3,86,
2026-10-07T23:15,31,0,0,8.3,86,0.5
2026-10-07T23:30,,0,0,8.3,87,
2026-10-07T23:45,,0,0,8.2,87,
2026-10-08T00:00,,0,0,8.2,87,
2026-10-08T00:15,,0,0,8.2,88,
2026-10-08T00:30,,0,0,8,90,
2026-10-08T00:45,,0,0,7.9,91,
2026-10-08T01:00,,0,0,7.7,93,
2026-10-08T01:15,,0,0,7.6,94,
2026-10-08T01:30,79,0,0,7.3,95,0.3
2026-10-08T01:45,103,0,0,7.3,95,0.3
2026-10-08T02:00,,0,0,7.3,96,
2026-10-08T02:15,,0,0,7.3,96,
2026-10-08T02:30,,0,0,7.3,96,
2026-10-08T02:45,283,0,0,7.3,97,0.3
2026-10-08T03:00,98,0.2,0,7.2,97,0.4
2026-10-08T03:15,30,0,0,7.1,98,0.3
2026-10-08T03:30,296,0,0,7.2,98,0.6
2026-10-08T03:45,78,0,0,7.2,99,0
2026-10-08T04:00,120,0,0,7.3,99,0.1
2026-10-08T04:15,143,0,0,7.3,99,0.1
2026-10-08T04:30,357,0.2,0,7.3,99,0.4
2026-10-08T04:45,26,0,0,7.4,98,0.9
2026-10-08T05:00,298,0.2,0,7.3,99,0.2
2026-10-08T05:15,327,0,0,7.5,99,0.5
2026-10-08T05:30,356,0,0,7.6,99,0.6
2026-10-08T05:45,51,0.2,0,7.8,99,0.6
2026-10-08T06:00,31,0,0,7.9,98,0.7
2026-10-08T06:15,33,0,0,7.8,98,0.6
2026-10-08T06:30,151,0,0,7.8,98,0.1
2026-10-08T06:45,336,0,0,7.8,99,0.2
2026-10-08T07:00,146,0,0,7.8,98,0.2
2026-10-08T07:15,86,0,0,7.6,98,0.7
2026-10-08T07:30,,0,0,7.5,99,
2026-10-08T07:45,142,0.2,0,7.6,100,0.2
2026-10-08T08:00,284,0.2,0,7.7,100,0.2
2026-10-08T08:15,243,0,20,7.8,100,0.5
2026-10-08T08:30,301,0,44,7.8,100,0.3
2026-10-08T08:45,72,0,29,8,100,1.1
2026-10-08T09:00,101,0,13,7.9,99,0.6
2026-10-08T09:15,161,0,20,7.9,100,0
2026-10-08T09:30,160,0,25,7.9,99,0.4
2026-10-08T09:45,350,0.2,49,7.9,99,0.3
2026-10-08T10:00,259,0,49,8.1,100,0.6
2026-10-08T10:15,254,0,83,8.3,100,0.6
2026-10-08T10:30,88,0.2,105,8.2,100,1
2026-10-08T10:45,95,0.2,36,8.4,100,0
2026-10-08T11:00,88,0.2,65,8.2,100,0.8
2026-10-08T11:15,135,0.6,80,8.3,100,0.7
2026-10-08T11:30,166,0.2,147,8.5,100,0.1
2026-10-08T11:45,271,0,216,9,100,0.1
2026-10-08T12:00,165,0,162,9.4,100,0.7
2026-10-08T12:15,87,0,71,8.8,99,0.6
2026-10-08T12:30,190,0.6,85,8.8,97,0.3
2026-10-08T12:45,249,1.2,25,8.8,99,1.4
2026-10-08T13:00,2,1,68,8.5,99,2.6
2026-10-08T13:15,318,0.2,269,9.6,98,3.1
2026-10-08T13:30,137,0,450,10,98,1.1
2026-10-08T13:45,170,0,330,10.6,95,1
2026-10-08T14:00,152,0.2,168,10.1,94,1
2026-10-08T14:15,77,0,343,10.5,95,0.8
2026-10-08T14:30,140,0,233,10.8,94,1.1
2026-10-08T14:45,178,0,257,10.3,95,0.3
2026-10-08T15:00,159,0,294,11.3,89,0.6
2026-10-08T15:15,215,0,230,10.8,88,0.9
2026-10-08T15:30,131,0,259,10.2,93,0.8
2026-10-08T15:45,122,0,493,10.9,86,1
2026-10-08T16:00,119,0,297,11.4,84,1.6
2026-10-08T16:15,132,0,154,10.4,91,1.2
2026-10-08T16:30,298,0,263,10.6,85,0.8
2026-10-08T16:45,123,0,268,10.9,88,0.9
2026-10-08T17:00,73,0,130,10.2,90,0.5
2026-10-08T17:15,82,0,111,10,93,1.1
2026-10-08T17:30,137,0,76,9.9,95,0.9
2026-10-08T17:45,131,0,43,9.6,97,1.2
2026-10-08T18:00,132,0,20,9.3,99,0.8
2026-10-08T18:15,131,0,8,9.2,99,0.7
2026-10-08T18:30,156,0.2,0,9,100,0.1
2026-10-08T18:45,58,0,0,8.9,100,0.1
2026-10-08T19:00,84,0,0,8.8,100,0.5
2026-10-08T19:15,104,0,0,8.8,100,0.4
2026-10-08T19:30,105,0,0,9,100,0.9
2026-10-08T19:45,76,0,0,8.9,100,0.8
2026-10-08T20:00,,0,0,8.8,100,
2026-10-08T20:15,124,0,0,8.9,100,0.3
2026-10-08T20:30,92,0,0,8.9,100,0.8
2026-10-08T20:45,56,0.2,0,8.8,100,0.7
2026-10-08T21:00,89,0,0,8.8,100,0.5
2026-10-08T21:15,354,0,0,8.8,100,0.4
2026-10-08T21:30,261,0,0,8.9,100,0.5
2026-10-08T21:45,307,0.2,0,9.1,100,1
2026-10-08T22:00,356,0,0,9.2,99,0.9
2026-10-08T22:15,78,0,0,8.8,96,0.9
2026-10-08T22:30,21,0,0,8.3,97,0.4
2026-10-08T22:45,348,0,0,8.5,97,0.8
2026-10-08T23:00,317,0,0,8.5,98,1.1
2026-10-08T23:15,301,0,0,8.4,98,0.6
2026-10-08T23:30,25,0,0,8,98,1.1
2026-10-08T23:45,1,0,0,7.7,97,1.2
2026-10-09T00:00,4,0,0,7.7,97,0.8
2026-10-09T00:15,353,0,0,7.4,98,0.7
2026-10-09T00:30,353,0,0,7.5,99,0.5
2026-10-09T00:45,38,0,0,7.6,99,0.6
2026-10-09T01:00,6,0,0,7.5,99,0.5
2026-10-09T01:15,335,0,0,7.4,99,0.2
2026-10-09T01:30,3,0,0,7.1,98,0.5
2026-10-09T01:45,1,0,0,7,98,0.5
2026-10-09T02:00,354,0,0,7,97,0.7
2026-10-09T02:15,13,0,0,7,97,0.7
2026-10-09T02:30,317,0,0,7.2,97,1.7
2026-10-09T02:45,325,0,0,7.4,96,1
2026-10-09T03:00,66,0,0,7.2,96,0.6
2026-10-09T03:15,1,0,0,6.7,96,0.8
2026-10-09T03:30,27,0,0,6.8,97,1
2026-10-09T03:45,335,0,0,6.7,97,1
2026-10-09T04:00,314,0,0,6.9,96,1.1
2026-10-09T04:15,1,0,0,6.8,96,0.6
2026-10-09T04:30,6,0,0,6.7,97,0.9
2026-10-09T04:45,321,0,0,7,98,1
2026-10-09T05:00,77,0,0,7.4,97,0.1
2026-10-09T05:15,15,0,0,7.4,96,1
2026-10-09T05:30,331,0,0,7.5,97,0.6
2026-10-09T05:45,350,0,0,7.5,96,0.5
2026-10-09T06:00,6,0,0,7.5,95,0.7
2026-10-09T06:15,17,0,0,7.6,94,0.6
2026-10-09T06:30,327,0,0,7.6,96,1.3
2026-10-09T06:45,324,0,0,7.9,93,0.7
2026-10-09T07:00,94,0,0,7.7,93,0.4
2026-10-09T07:15,84,0,0,7.4,94,0.3
2026-10-09T07:30,,0,0,7.5,95,
2026-10-09T07:45,316,0,3,7.5,95,0.6
2026-10-09T08:00,150,0,26,7.4,95,0.1
2026-10-09T08:15,134,0,45,7.3,95,0.5
2026-10-09T08:30,356,0,70,7.3,97,0.1
2026-10-09T08:45,117,0,111,7.8,97,0.4
2026-10-09T09:00,144,0,260,8.7,98,1.1
2026-10-09T09:15,158,0,266,9.1,92,1
2026-10-09T09:30,150,0,172,9,92,1
2026-10-09T09:45,216,0,315,9,93,0.5
2026-10-09T10:00,149,0,494,10.2,90,1.8
2026-10-09T10:15,179,0,460,10.8,87,1.2
2026-10-09T10:30,164,0,480,10.9,84,1.3
2026-10-09T10:45,154,0,409,11.2,82,1.7
2026-10-09T11:00,119,0,139,10,83,0.5
2026-10-09T11:15,128,0,181,9.8,85,0.9
2026-10-09T11:30,172,0,165,9.9,86,0.7
2026-10-09T11:45,137,0,250,10.3,84,0.8
2026-10-09T12:00,224,0,558,11.3,79,0.5
2026-10-09T12:15,150,0,661,12.2,63,1.5
2026-10-09T12:30,155,0,622,12.8,60,1.5
2026-10-09T12:45,150,0,661,12.7,62,1.9
2026-10-09T13:00,131,0,689,12.4,61,1.8
2026-10-09T13:15,140,0,689,13,62,2.1
2026-10-09T13:30,125,0,695,12.7,64,1.9
2026-10-09T13:45,133,0,679,12.6,64,1.2
2026-10-09T14:00,143,0,694,13.7,63,1.7
2026-10-09T14:15,145,0,744,13.8,60,2.1
2026-10-09T14:30,136,0,669,14.1,60,1.5
2026-10-09T14:45,124,0,666,13.8,59,1.5
2026-10-09T15:00,124,0,549,13.4,62,1.6
2026-10-09T15:15,121,0,636,13.4,61,1.2
2026-10-09T15:30,113,0,549,13.2,62,2.5
2026-10-09T15:45,125,0,489,13.5,63,2
2026-10-09T16:00,124,0,448,13.7,61,1
2026-10-09T16:15,138,0,366,13.2,61,1.4
2026-10-09T16:30,114,0,288,12.2,63,1.6
2026-10-09T16:45,115,0,306,12.6,63,1.3
2026-10-09T17:00,63,0,263,11.8,65,1.5
2026-10-09T17:15,94,0,229,11.6,66,1.7
2026-10-09T17:30,61,0,184,11.3,69,1.2
2026-10-09T17:45,61,0,134,10.9,71,1.1
2026-10-09T18:00,46,0,35,10.2,76,1.6
2026-10-09T18:15,78,0,26,9.9,80,1.4
2026-10-09T18:30,24,0,11,9.6,82,0.8
2026-10-09T18:45,345,0,0,9.2,83,0.5
2026-10-09T19:00,336,0,0,9.1,84,0.5
2026-10-09T19:15,335,0,0,8.8,85,0.9
2026-10-09T19:30,344,0,0,8.7,86,0.8
2026-10-09T19:45,34,0,0,8.7,86,0.6
2026-10-09T20:00,21,0,0,8.5,86,1.1
2026-10-09T20:15,111,0,0,8.4,87,0.3
2026-10-09T20:30,337,0,0,8.4,87,1.5
2026-10-09T20:45,67,0,0,8.2,88,1.1
2026-10-09T21:00,338,0,0,8,88,0.9
2026-10-09T21:15,304,0,0,8.1,89,1.7
2026-10-09T21:30,320,0,0,8.4,88,1.7
2026-10-09T21:45,13,0,0,8.4,88,0.7
2026-10-09T22:00,27,0,0,8,89,0.4
2026-10-09T22:15,36,0,0,7.8,89,0.3
2026-10-09T22:30,323,0,0,7.8,90,0.9
2026-10-09T22:45,318,0,0,7.7,90,1.5
2026-10-09T23:00,19,0,0,7.6,91,0.9
2026-10-09T23:15,20,0,0,7.4,91,0.7
2026-10-09T23:30,42,0,0,7.5,92,0.6
2026-10-09T23:45,339,0,0,7.5,91,0.6
2026-10-10T00:00,67,0,0,7.2,90,0.7
2026-10-10T00:15,56,0,0,6.8,90,0.4
2026-10-10T00:30,2,0,0,6.9,92,1.2
2026-10-10T00:45,345,0,0,7.3,92,0.4
2026-10-10T01:00,320,0,0,7.3,91,0.9
2026-10-10T01:15,326,0,0,7.5,91,1.3
2026-10-10T01:30,315,0,0,7.4,90,0.4
2026-10-10T01:45,25,0,0,7,91,0.5
2026-10-10T02:00,6,0,0,6.5,91,1.1
2026-10-10T02:15,13,0,0,6.4,93,0.9
2026-10-10T02:30,325,0,0,6.8,93,0.9
2026-10-10T02:45,339,0,0,6.7,92,0.8
2026-10-10T03:00,10,0,0,6.9,92,0.6
2026-10-10T03:15,349,0,0,7.1,92,0.1
2026-10-10T03:30,348,0,0,7,91,0.4
2026-10-10T03:45,355,0,0,6.9,91,0.6
2026-10-10T04:00,14,0,0,6.8,91,0.9
2026-10-10T04:15,15,0,0,6.6,92,0.7
2026-10-10T04:30,319,0,0,7,92,0.9
2026-10-10T04:45,324,0,0,7.1,91,0.9
2026-10-10T05:00,344,0,0,7.1,90,0.6
2026-10-10T05:15,350,0,0,7,90,0.2
2026-10-10T05:30,35,0,0,6.5,91,0.6
2026-10-10T05:45,330,0,0,6.8,92,0.7
2026-10-10T06:00,345,0,0,6.9,91,0.6
2026-10-10T06:15,16,0,0,6.5,91,0.7
2026-10-10T06:30,22,0,0,6.4,92,0.7
2026-10-10T06:45,353,0,0,6.6,92,0.3
2026-10-10T07:00,49,0,0,6.5,91,0.6
2026-10-10T07:15,40,0,0,6.4,91,0.9
2026-10-10T07:30,329,0,0,6.5,91,0.6
2026-10-10T07:45,316,0,3,6.6,91,0.9
2026-10-10T08:00,314,0,23,6.9,91,1.6
2026-10-10T08:15,324,0,42,7.4,89,1.4
2026-10-10T08:30,52,0,66,7.5,88,0.4
2026-10-10T08:45,129,0,105,7.8,89,0
2026-10-10T09:00,57,0,118,8.1,87,1.2
2026-10-10T09:15,72,0,117,8.4,84,0.5
2026-10-10T09:30,164,0,130,8.2,85,0.4
2026-10-10T09:45,177,0,108,8.1,83,0.1
2026-10-10T10:00,351,0,76,8.4,82,0.3
2026-10-10T10:15,249,0.2,110,8.5,84,0.1
2026-10-10T10:30,89,0,159,8.4,88,0.8
2026-10-10T10:45,197,0,232,8.7,88,0.5
2026-10-10T11:00,146,0,381,9.2,86,1.1
2026-10-10T11:15,151,0,410,9.9,82,0.6
2026-10-10T11:30,143,0,412,10.2,78,1
2026-10-10T11:45,130,0,373,10.4,77,1
2026-10-10T12:00,199,0,471,11,77,1.2
2026-10-10T12:15,162,0,327,11.4,75,1.1
2026-10-10T12:30,209,0,314,11.3,74,1.1
2026-10-10T12:45,170,0,354,12,69,1.5
2026-10-10T13:00,137,0,280,11.7,67,0.4
2026-10-10T13:15,100,0,178,12,59,0.2
2026-10-10T13:30,145,0,106,11.7,66,0.7
2026-10-10T13:45,276,0.2,105,10.9,76,1
2026-10-10T14:00,354,0.2,133,10.4,85,1.2
2026-10-10T14:15,29,0,145,10.6,80,1
2026-10-10T14:30,249,0,110,10.6,82,0.7
2026-10-10T14:45,170,0,148,10.6,85,0.3
2026-10-10T15:00,74,0,181,9.9,90,1.3
2026-10-10T15:15,122,0,173,10.1,88,0.8
2026-10-10T15:30,267,0,147,10.1,85,1.2
2026-10-10T15:45,89,0,162,10.5,84,0.8
2026-10-10T16:00,83,0,190,10.5,81,1.5
2026-10-10T16:15,168,0,160,10.5,87,0.8
2026-10-10T16:30,125,0,143,10.3,87,0.9
2026-10-10T16:45,117,0,113,10,86,0.9
2026-10-10T17:00,138,0,101,9.8,87,0.3
2026-10-10T17:15,103,0,86,9.7,87,0.7
2026-10-10T17:30,,0,69,9.6,87,
2026-10-10T17:45,106,0,54,9.3,87,0.7
2026-10-10T18:00,287,0,38,9.2,88,0.4
2026-10-10T18:15,309,0,35,9.2,89,0.1
2026-10-10T18:30,15,0,24,9.1,90,0.5
2026-10-10T18:45,284,0,1,8.9,90,0.6
2026-10-10T19:00,329,0,0,8.5,91,0.9
2026-10-10T19:15,341,0,0,8.3,92,0.7
2026-10-10T19:30,353,0,0,8,93,1
2026-10-10T19:45,324,0,0,7.9,93,0.9
2026-10-10T20:00,1,0,0,7.8,92,0.7
2026-10-10T20:15,54,0,0,7.9,93,0.8
2026-10-10T20:30,37,0,0,7.8,94,1.1
2026-10-10T20:45,356,0,0,7.8,94,1.2
2026-10-10T21:00,18,0,0,7.6,94,0.9
2026-10-10T21:15,0,0,0,7.4,94,1.4
2026-10-10T21:30,45,0,0,7.5,93,1.1
2026-10-10T21:45,309,0,0,7,93,0.5
2026-10-10T22:00,354,0,0,7,93,1.9
2026-10-10T22:15,22,0,0,6.8,93,1
2026-10-10T22:30,9,,,,,
2026-10-10T22:45,347,,,,,
